group,background,mode,ecmp_id,candidate_id,src,dst,sport,dport,size_bytes,src_tor,dst_tor,dst_tor_has_top8_moe_hotspot,ecmp_fct_us,candidate_fct_us,paired_delta_us,candidate_tail_rank,in_candidate_top1pct,dst_host_cnp_ecmp_ecn,dst_host_cnp_ecmp_ooo,dst_host_cnp_candidate_ecn,dst_host_cnp_candidate_ooo,src_tor_aggregate_uplink_ecmp_bytes,src_tor_aggregate_uplink_candidate_bytes,src_tor_common_uplink_ports,src_tor_max_port_delta_bytes
original,192,dualtrack,20260926-183537-ws12-o-b192-f,20260926-183537-ws12-o-b192-h,28,924,10000,101,8388608,1280,1380,0,631.855,545.921,-85.934,147,0,4,0,11,0,13773484,13996380,8,110436
original,192,dualtrack,20260926-183537-ws12-o-b192-f,20260926-183537-ws12-o-b192-h,36,128,10002,101,8388608,1281,1284,1,518.503,631.651,113.148,125,0,6,0,14,0,77335956,77835908,8,268292
original,192,dualtrack,20260926-183537-ws12-o-b192-f,20260926-183537-ws12-o-b192-h,36,628,10000,100,8388608,1281,1347,0,618.664,667.043,48.379,113,0,3,0,10,0,77335956,77835908,8,268292
original,192,dualtrack,20260926-183537-ws12-o-b192-f,20260926-183537-ws12-o-b192-h,36,1208,10001,100,8388608,1281,1413,0,380.988,229.586,-151.402,191,0,2,0,6,0,77335956,77835908,8,268292
original,192,dualtrack,20260926-183537-ws12-o-b192-f,20260926-183537-ws12-o-b192-h,56,564,10004,100,8388608,1281,1345,1,620.31,555.624,-64.686,145,0,0,0,0,0,77335956,77835908,8,268292
original,192,dualtrack,20260926-183537-ws12-o-b192-f,20260926-183537-ws12-o-b192-h,56,576,10002,103,8388608,1281,1346,1,1109.243,1092.825,-16.418,32,0,401,0,373,0,77335956,77835908,8,268292
original,192,dualtrack,20260926-183537-ws12-o-b192-f,20260926-183537-ws12-o-b192-h,56,680,10001,103,8388608,1281,1349,0,1198.486,889.524,-308.962,66,0,248,0,222,0,77335956,77835908,8,268292
original,192,dualtrack,20260926-183537-ws12-o-b192-f,20260926-183537-ws12-o-b192-h,56,788,10003,102,8388608,1281,1376,0,810.349,800.376,-9.973,83,0,44,0,41,0,77335956,77835908,8,268292
original,192,dualtrack,20260926-183537-ws12-o-b192-f,20260926-183537-ws12-o-b192-h,56,828,10000,100,8388608,1281,1377,0,725.572,1173.295,447.723,20,0,150,0,253,0,77335956,77835908,8,268292
original,192,dualtrack,20260926-183537-ws12-o-b192-f,20260926-183537-ws12-o-b192-h,112,336,10003,100,8388608,1283,1314,0,996.13,993.754,-2.376,52,0,0,0,2,0,57750404,58188816,8,344584
original,192,dualtrack,20260926-183537-ws12-o-b192-f,20260926-183537-ws12-o-b192-h,112,656,10004,101,8388608,1283,1348,1,996.97,998.532,1.562,50,0,2,0,15,0,57750404,58188816,8,344584
original,192,dualtrack,20260926-183537-ws12-o-b192-f,20260926-183537-ws12-o-b192-h,112,720,10000,100,8388608,1283,1350,0,996.648,998.474,1.826,51,0,1,0,16,0,57750404,58188816,8,344584
original,192,dualtrack,20260926-183537-ws12-o-b192-f,20260926-183537-ws12-o-b192-h,112,956,10002,100,8388608,1283,1381,0,996.729,1028.261,31.532,42,0,2,0,16,0,57750404,58188816,8,344584
original,192,dualtrack,20260926-183537-ws12-o-b192-f,20260926-183537-ws12-o-b192-h,112,1016,10001,101,8388608,1283,1383,0,996.082,993.161,-2.921,53,0,1,0,2,0,57750404,58188816,8,344584
original,192,dualtrack,20260926-183537-ws12-o-b192-f,20260926-183537-ws12-o-b192-h,112,1144,10005,104,8388608,1283,1411,0,1045.605,991.028,-54.577,54,0,31,0,37,0,57750404,58188816,8,344584
original,192,dualtrack,20260926-183537-ws12-o-b192-f,20260926-183537-ws12-o-b192-h,128,356,10001,101,8388608,1284,1315,0,696.302,698.358,2.056,107,0,0,0,2,0,49925260,50154064,8,119332
original,192,dualtrack,20260926-183537-ws12-o-b192-f,20260926-183537-ws12-o-b192-h,128,416,10002,101,8388608,1284,1317,1,694.727,695.422,0.695,109,0,0,0,1,0,49925260,50154064,8,119332
original,192,dualtrack,20260926-183537-ws12-o-b192-f,20260926-183537-ws12-o-b192-h,128,976,10000,100,8388608,1284,1382,0,695.13,697.277,2.147,108,0,0,0,7,0,49925260,50154064,8,119332
original,192,dualtrack,20260926-183537-ws12-o-b192-f,20260926-183537-ws12-o-b192-h,128,1248,10003,102,8388608,1284,1415,0,693.58,695.058,1.478,110,0,0,0,1,0,49925260,50154064,8,119332
original,192,dualtrack,20260926-183537-ws12-o-b192-f,20260926-183537-ws12-o-b192-h,140,452,10000,100,8388608,1284,1318,0,521.007,522.767,1.76,151,0,1,0,1,0,49925260,50154064,8,119332
original,192,dualtrack,20260926-183537-ws12-o-b192-f,20260926-183537-ws12-o-b192-h,168,992,10000,103,8388608,1285,1383,0,579.297,584.192,4.895,140,0,4,0,9,0,92825224,93093396,8,186220
original,192,dualtrack,20260926-183537-ws12-o-b192-f,20260926-183537-ws12-o-b192-h,176,128,10004,102,8388608,1285,1284,1,809.941,754.539,-55.402,98,0,6,0,14,0,92825224,93093396,8,186220
original,192,dualtrack,20260926-183537-ws12-o-b192-f,20260926-183537-ws12-o-b192-h,176,308,10001,100,8388608,1285,1313,0,810.363,751.263,-59.1,100,0,2,0,0,0,92825224,93093396,8,186220
original,192,dualtrack,20260926-183537-ws12-o-b192-f,20260926-183537-ws12-o-b192-h,176,856,10000,100,8388608,1285,1378,0,1062.14,1501.486,439.346,3,0,350,0,602,0,92825224,93093396,8,186220
original,192,dualtrack,20260926-183537-ws12-o-b192-f,20260926-183537-ws12-o-b192-h,176,976,10003,102,8388608,1285,1382,0,813.395,758.299,-55.096,96,0,0,0,7,0,92825224,93093396,8,186220
original,192,dualtrack,20260926-183537-ws12-o-b192-f,20260926-183537-ws12-o-b192-h,176,1040,10002,101,8388608,1285,1408,1,811.097,751.271,-59.826,99,0,3,0,10,0,92825224,93093396,8,186220
original,192,dualtrack,20260926-183537-ws12-o-b192-f,20260926-183537-ws12-o-b192-h,188,36,10001,100,8388608,1285,1281,0,600.656,560.194,-40.462,144,0,7,0,7,0,92825224,93093396,8,186220
original,192,dualtrack,20260926-183537-ws12-o-b192-f,20260926-183537-ws12-o-b192-h,188,740,10000,101,8388608,1285,1351,0,654.225,648.032,-6.193,121,0,2,0,3,0,92825224,93093396,8,186220
original,192,dualtrack,20260926-183537-ws12-o-b192-f,20260926-183537-ws12-o-b192-h,188,748,10003,103,8388608,1285,1351,0,823.202,817.364,-5.838,80,0,82,0,34,0,92825224,93093396,8,186220
original,192,dualtrack,20260926-183537-ws12-o-b192-f,20260926-183537-ws12-o-b192-h,188,924,10002,102,8388608,1285,1380,0,653.583,608.599,-44.984,135,0,4,0,11,0,92825224,93093396,8,186220
original,192,dualtrack,20260926-183537-ws12-o-b192-f,20260926-183537-ws12-o-b192-h,192,416,10000,103,8388608,1286,1317,1,566.101,609.643,43.542,134,0,0,0,1,0,13284184,13509780,8,105376
original,192,dualtrack,20260926-183537-ws12-o-b192-f,20260926-183537-ws12-o-b192-h,248,188,10002,100,8388608,1287,1285,0,636.949,598.321,-38.628,137,0,0,0,0,0,39651576,40098372,8,197064
original,192,dualtrack,20260926-183537-ws12-o-b192-f,20260926-183537-ws12-o-b192-h,248,380,10001,101,8388608,1287,1315,0,638.38,597.85,-40.53,138,0,0,0,2,0,39651576,40098372,8,197064
original,192,dualtrack,20260926-183537-ws12-o-b192-f,20260926-183537-ws12-o-b192-h,248,748,10000,102,8388608,1287,1351,0,846.981,851.449,4.468,73,0,82,0,34,0,39651576,40098372,8,197064
original,192,dualtrack,20260926-183537-ws12-o-b192-f,20260926-183537-ws12-o-b192-h,248,1000,10003,102,8388608,1287,1383,0,639.85,602.678,-37.172,136,0,0,0,9,0,39651576,40098372,8,197064
original,192,dualtrack,20260926-183537-ws12-o-b192-f,20260926-183537-ws12-o-b192-h,284,1124,10000,100,8388608,1312,1411,0,388.432,515.59,127.158,155,0,2,0,7,0,22648908,22897144,8,72380
original,192,dualtrack,20260926-183537-ws12-o-b192-f,20260926-183537-ws12-o-b192-h,284,1268,10001,100,8388608,1312,1415,0,329.132,504.617,175.485,159,0,6,0,7,0,22648908,22897144,8,72380
original,192,dualtrack,20260926-183537-ws12-o-b192-f,20260926-183537-ws12-o-b192-h,308,388,10005,102,8388608,1313,1316,1,933.332,1015.794,82.462,47,0,3,0,3,0,57763888,58089932,8,159280
original,192,dualtrack,20260926-183537-ws12-o-b192-f,20260926-183537-ws12-o-b192-h,308,576,10000,100,8388608,1313,1346,1,1443.874,1032.231,-411.643,36,0,401,0,373,0,57763888,58089932,8,159280
original,192,dualtrack,20260926-183537-ws12-o-b192-f,20260926-183537-ws12-o-b192-h,308,648,10001,100,8388608,1313,1348,1,938.801,1021.132,82.331,45,0,4,0,19,0,57763888,58089932,8,159280
original,192,dualtrack,20260926-183537-ws12-o-b192-f,20260926-183537-ws12-o-b192-h,308,844,10003,100,8388608,1313,1378,0,940.691,1021.865,81.174,43,0,18,0,17,0,57763888,58089932,8,159280
original,192,dualtrack,20260926-183537-ws12-o-b192-f,20260926-183537-ws12-o-b192-h,308,1040,10002,100,8388608,1313,1408,1,940.396,1021.541,81.145,44,0,3,0,10,0,57763888,58089932,8,159280
original,192,dualtrack,20260926-183537-ws12-o-b192-f,20260926-183537-ws12-o-b192-h,308,1268,10004,101,8388608,1313,1415,0,939.768,1019.215,79.447,46,0,6,0,7,0,57763888,58089932,8,159280
original,192,dualtrack,20260926-183537-ws12-o-b192-f,20260926-183537-ws12-o-b192-h,332,192,10000,100,8388608,1314,1286,0,346.524,345.908,-0.616,188,0,0,0,0,0,87013008,87155464,8,89748
original,192,dualtrack,20260926-183537-ws12-o-b192-f,20260926-183537-ws12-o-b192-h,332,576,10001,106,8388608,1314,1346,1,751.386,1401.567,650.181,10,0,401,0,373,0,87013008,87155464,8,89748
original,192,dualtrack,20260926-183537-ws12-o-b192-f,20260926-183537-ws12-o-b192-h,336,400,10001,102,8388608,1314,1316,1,934.119,626.234,-307.885,128,0,72,0,45,0,87013008,87155464,8,89748
original,192,dualtrack,20260926-183537-ws12-o-b192-f,20260926-183537-ws12-o-b192-h,336,680,10000,101,8388608,1314,1349,0,1117.168,785.627,-331.541,87,0,248,0,222,0,87013008,87155464,8,89748
original,192,dualtrack,20260926-183537-ws12-o-b192-f,20260926-183537-ws12-o-b192-h,340,656,10004,100,8388608,1314,1348,1,798.834,777.753,-21.081,89,0,2,0,15,0,87013008,87155464,8,89748
original,192,dualtrack,20260926-183537-ws12-o-b192-f,20260926-183537-ws12-o-b192-h,340,680,10000,100,8388608,1314,1349,0,1115.795,1062.156,-53.639,34,0,248,0,222,0,87013008,87155464,8,89748
original,192,dualtrack,20260926-183537-ws12-o-b192-f,20260926-183537-ws12-o-b192-h,340,748,10002,100,8388608,1314,1351,0,814.541,797.566,-16.975,85,0,82,0,34,0,87013008,87155464,8,89748
original,192,dualtrack,20260926-183537-ws12-o-b192-f,20260926-183537-ws12-o-b192-h,340,772,10003,103,8388608,1314,1376,0,799.239,778.033,-21.206,88,0,2,0,1,0,87013008,87155464,8,89748
original,192,dualtrack,20260926-183537-ws12-o-b192-f,20260926-183537-ws12-o-b192-h,340,924,10001,100,8388608,1314,1380,0,799.365,843.23,43.865,74,0,4,0,11,0,87013008,87155464,8,89748
original,192,dualtrack,20260926-183537-ws12-o-b192-f,20260926-183537-ws12-o-b192-h,356,332,10002,103,8388608,1315,1314,0,871.204,1081.515,210.311,33,0,125,0,124,0,95822616,96234936,8,146092
original,192,dualtrack,20260926-183537-ws12-o-b192-f,20260926-183537-ws12-o-b192-h,356,436,10001,100,8388608,1315,1317,1,604.368,718.702,114.334,103,0,1,0,11,0,95822616,96234936,8,146092
original,192,dualtrack,20260926-183537-ws12-o-b192-f,20260926-183537-ws12-o-b192-h,356,788,10004,104,8388608,1315,1376,0,779.653,699.644,-80.009,106,0,44,0,41,0,95822616,96234936,8,146092
original,192,dualtrack,20260926-183537-ws12-o-b192-f,20260926-183537-ws12-o-b192-h,356,856,10000,102,8388608,1315,1378,0,1306.843,1395.815,88.972,11,0,350,0,602,0,95822616,96234936,8,146092
original,192,dualtrack,20260926-183537-ws12-o-b192-f,20260926-183537-ws12-o-b192-h,356,1040,10003,103,8388608,1315,1408,1,605.332,721.647,116.315,102,0,3,0,10,0,95822616,96234936,8,146092
original,192,dualtrack,20260926-183537-ws12-o-b192-f,20260926-183537-ws12-o-b192-h,372,56,10003,102,8388608,1315,1281,0,556.128,651.77,95.642,119,0,0,0,6,0,95822616,96234936,8,146092
original,192,dualtrack,20260926-183537-ws12-o-b192-f,20260926-183537-ws12-o-b192-h,372,284,10000,100,8388608,1315,1312,0,627.802,567.443,-60.359,142,0,4,0,2,0,95822616,96234936,8,146092
original,192,dualtrack,20260926-183537-ws12-o-b192-f,20260926-183537-ws12-o-b192-h,372,308,10001,101,8388608,1315,1313,0,517.644,386.911,-130.733,177,0,2,0,0,0,95822616,96234936,8,146092
original,192,dualtrack,20260926-183537-ws12-o-b192-f,20260926-183537-ws12-o-b192-h,372,332,10002,104,8388608,1315,1314,0,962.251,914.629,-47.622,64,0,125,0,124,0,95822616,96234936,8,146092
original,192,dualtrack,20260926-183537-ws12-o-b192-f,20260926-183537-ws12-o-b192-h,380,356,10001,103,8388608,1315,1315,0,517.677,509.55,-8.127,157,0,0,0,2,0,95822616,96234936,8,146092
original,192,dualtrack,20260926-183537-ws12-o-b192-f,20260926-183537-ws12-o-b192-h,380,400,10000,104,8388608,1315,1316,1,720.731,825.543,104.812,77,0,72,0,45,0,95822616,96234936,8,146092
original,192,dualtrack,20260926-183537-ws12-o-b192-f,20260926-183537-ws12-o-b192-h,388,628,10000,101,8388608,1316,1347,0,353.422,350.079,-3.343,187,0,3,0,10,0,68923344,69232128,8,107684
original,192,dualtrack,20260926-183537-ws12-o-b192-f,20260926-183537-ws12-o-b192-h,388,1044,10001,101,8388608,1316,1408,1,361.585,362.061,0.476,183,0,1,0,1,0,68923344,69232128,8,107684
original,192,dualtrack,20260926-183537-ws12-o-b192-f,20260926-183537-ws12-o-b192-h,400,332,10000,102,8388608,1316,1314,0,401.457,736.478,335.021,101,0,125,0,124,0,68923344,69232128,8,107684
original,192,dualtrack,20260926-183537-ws12-o-b192-f,20260926-183537-ws12-o-b192-h,400,740,10001,103,8388608,1316,1351,0,645.114,651.116,6.002,120,0,2,0,3,0,68923344,69232128,8,107684
original,192,dualtrack,20260926-183537-ws12-o-b192-f,20260926-183537-ws12-o-b192-h,404,112,10001,101,8388608,1316,1283,0,377.559,367.483,-10.076,179,0,0,0,0,0,68923344,69232128,8,107684
original,192,dualtrack,20260926-183537-ws12-o-b192-f,20260926-183537-ws12-o-b192-h,404,332,10000,100,8388608,1316,1314,0,1061.613,888.704,-172.909,67,0,125,0,124,0,68923344,69232128,8,107684
original,192,dualtrack,20260926-183537-ws12-o-b192-f,20260926-183537-ws12-o-b192-h,404,764,10002,102,8388608,1316,1351,0,380.831,435.682,54.851,167,0,0,0,0,0,68923344,69232128,8,107684
original,192,dualtrack,20260926-183537-ws12-o-b192-f,20260926-183537-ws12-o-b192-h,416,36,10003,102,8388608,1317,1281,0,880.01,890.384,10.374,65,0,7,0,7,0,76786780,77268220,8,323988
original,192,dualtrack,20260926-183537-ws12-o-b192-f,20260926-183537-ws12-o-b192-h,416,128,10001,100,8388608,1317,1284,1,836.046,816.028,-20.018,82,0,6,0,14,0,76786780,77268220,8,323988
original,192,dualtrack,20260926-183537-ws12-o-b192-f,20260926-183537-ws12-o-b192-h,416,372,10004,102,8388608,1317,1315,0,836.504,820.744,-15.76,78,0,0,0,8,0,76786780,77268220,8,323988
original,192,dualtrack,20260926-183537-ws12-o-b192-f,20260926-183537-ws12-o-b192-h,416,772,10002,102,8388608,1317,1376,0,836.408,816.699,-19.709,81,0,2,0,1,0,76786780,77268220,8,323988
original,192,dualtrack,20260926-183537-ws12-o-b192-f,20260926-183537-ws12-o-b192-h,416,776,10000,100,8388608,1317,1376,0,837.807,820.129,-17.678,79,0,0,0,2,0,76786780,77268220,8,323988
original,192,dualtrack,20260926-183537-ws12-o-b192-f,20260926-183537-ws12-o-b192-h,436,112,10000,100,8388608,1317,1283,0,402.608,365.168,-37.44,180,0,0,0,0,0,76786780,77268220,8,323988
original,192,dualtrack,20260926-183537-ws12-o-b192-f,20260926-183537-ws12-o-b192-h,436,332,10001,101,8388608,1317,1314,0,1000.042,715.284,-284.758,104,0,125,0,124,0,76786780,77268220,8,323988
original,192,dualtrack,20260926-183537-ws12-o-b192-f,20260926-183537-ws12-o-b192-h,436,612,10002,101,8388608,1317,1347,0,407.939,526.595,118.656,150,0,1,0,5,0,76786780,77268220,8,323988
original,192,dualtrack,20260926-183537-ws12-o-b192-f,20260926-183537-ws12-o-b192-h,452,36,10001,103,8388608,1318,1281,0,420.116,364.798,-55.318,181,0,7,0,7,0,23076792,23348952,8,120508
original,192,dualtrack,20260926-183537-ws12-o-b192-f,20260926-183537-ws12-o-b192-h,452,400,10000,103,8388608,1318,1316,1,881.003,755.695,-125.308,97,0,72,0,45,0,23076792,23348952,8,120508
original,192,dualtrack,20260926-183537-ws12-o-b192-f,20260926-183537-ws12-o-b192-h,540,176,10000,100,8388608,1344,1285,0,356.358,430.299,73.941,170,0,1,0,7,0,30878084,31113836,8,95284
original,192,dualtrack,20260926-183537-ws12-o-b192-f,20260926-183537-ws12-o-b192-h,540,924,10002,103,8388608,1344,1380,0,668.37,633.795,-34.575,124,0,4,0,11,0,30878084,31113836,8,95284
original,192,dualtrack,20260926-183537-ws12-o-b192-f,20260926-183537-ws12-o-b192-h,540,1144,10001,102,8388608,1344,1411,0,670.21,684.862,14.652,111,0,31,0,37,0,30878084,31113836,8,95284
original,192,dualtrack,20260926-183537-ws12-o-b192-f,20260926-183537-ws12-o-b192-h,564,1016,10000,102,8388608,1345,1383,0,413.547,421.613,8.066,171,0,1,0,2,0,14287084,14597160,8,107056
original,192,dualtrack,20260926-183537-ws12-o-b192-f,20260926-183537-ws12-o-b192-h,576,656,10001,102,8388608,1346,1348,1,295.386,363.709,68.323,182,0,2,0,15,0,60749832,61070640,8,127264
original,192,dualtrack,20260926-183537-ws12-o-b192-f,20260926-183537-ws12-o-b192-h,576,740,10000,100,8388608,1346,1351,0,567.271,569.918,2.647,141,0,2,0,3,0,60749832,61070640,8,127264
original,192,dualtrack,20260926-183537-ws12-o-b192-f,20260926-183537-ws12-o-b192-h,584,340,10003,103,8388608,1346,1314,0,711.78,830.262,118.482,76,0,6,0,23,0,60749832,61070640,8,127264
original,192,dualtrack,20260926-183537-ws12-o-b192-f,20260926-183537-ws12-o-b192-h,584,388,10000,100,8388608,1346,1316,1,667.875,615.131,-52.744,133,0,3,0,3,0,60749832,61070640,8,127264
original,192,dualtrack,20260926-183537-ws12-o-b192-f,20260926-183537-ws12-o-b192-h,584,404,10001,100,8388608,1346,1316,1,671.165,619.668,-51.497,131,0,0,0,1,0,60749832,61070640,8,127264
original,192,dualtrack,20260926-183537-ws12-o-b192-f,20260926-183537-ws12-o-b192-h,584,844,10002,102,8388608,1346,1378,0,686.194,631.1,-55.094,126,0,18,0,17,0,60749832,61070640,8,127264
original,192,dualtrack,20260926-183537-ws12-o-b192-f,20260926-183537-ws12-o-b192-h,612,28,10000,100,8388608,1347,1280,0,341.818,351.151,9.333,186,0,0,0,0,0,94738164,94968724,8,60672
original,192,dualtrack,20260926-183537-ws12-o-b192-f,20260926-183537-ws12-o-b192-h,612,56,10001,101,8388608,1347,1281,0,522.606,478.751,-43.855,162,0,0,0,6,0,94738164,94968724,8,60672
original,192,dualtrack,20260926-183537-ws12-o-b192-f,20260926-183537-ws12-o-b192-h,612,680,10002,104,8388608,1347,1349,0,1045.033,1101.413,56.38,31,0,248,0,222,0,94738164,94968724,8,60672
original,192,dualtrack,20260926-183537-ws12-o-b192-f,20260926-183537-ws12-o-b192-h,620,56,10000,100,8388608,1347,1281,0,522.95,475.266,-47.684,163,0,0,0,6,0,94738164,94968724,8,60672
original,192,dualtrack,20260926-183537-ws12-o-b192-f,20260926-183537-ws12-o-b192-h,620,564,10001,102,8388608,1347,1345,1,391.547,433.75,42.203,169,0,0,0,0,0,94738164,94968724,8,60672
original,192,dualtrack,20260926-183537-ws12-o-b192-f,20260926-183537-ws12-o-b192-h,628,856,10000,105,8388608,1347,1378,0,514.753,1307.922,793.169,12,0,350,0,602,0,94738164,94968724,8,60672
original,192,dualtrack,20260926-183537-ws12-o-b192-f,20260926-183537-ws12-o-b192-h,636,380,10001,100,8388608,1347,1315,0,694.312,663.885,-30.427,114,0,0,0,2,0,94738164,94968724,8,60672
original,192,dualtrack,20260926-183537-ws12-o-b192-f,20260926-183537-ws12-o-b192-h,636,952,10000,100,8388608,1347,1381,0,692.884,663.242,-29.642,115,0,0,0,0,0,94738164,94968724,8,60672
original,192,dualtrack,20260926-183537-ws12-o-b192-f,20260926-183537-ws12-o-b192-h,636,1144,10003,103,8388608,1347,1411,0,706.517,835.141,128.624,75,0,31,0,37,0,94738164,94968724,8,60672
original,192,dualtrack,20260926-183537-ws12-o-b192-f,20260926-183537-ws12-o-b192-h,636,1248,10002,101,8388608,1347,1415,0,693.681,662.891,-30.79,116,0,0,0,1,0,94738164,94968724,8,60672
original,192,dualtrack,20260926-183537-ws12-o-b192-f,20260926-183537-ws12-o-b192-h,648,380,10005,102,8388608,1348,1315,0,1040.239,985.543,-54.696,56,0,0,0,2,0,121244360,121455864,8,97832
original,192,dualtrack,20260926-183537-ws12-o-b192-f,20260926-183537-ws12-o-b192-h,648,636,10001,100,8388608,1348,1347,0,1039.745,985.099,-54.646,59,0,3,0,4,0,121244360,121455864,8,97832
original,192,dualtrack,20260926-183537-ws12-o-b192-f,20260926-183537-ws12-o-b192-h,648,764,10004,101,8388608,1348,1351,0,1039.81,985.101,-54.709,58,0,0,0,0,0,121244360,121455864,8,97832
original,192,dualtrack,20260926-183537-ws12-o-b192-f,20260926-183537-ws12-o-b192-h,648,772,10002,101,8388608,1348,1376,0,1040.861,985.989,-54.872,55,0,2,0,1,0,121244360,121455864,8,97832
original,192,dualtrack,20260926-183537-ws12-o-b192-f,20260926-183537-ws12-o-b192-h,648,828,10003,101,8388608,1348,1377,0,1042.469,1245.761,203.292,14,0,150,0,253,0,121244360,121455864,8,97832
original,192,dualtrack,20260926-183537-ws12-o-b192-f,20260926-183537-ws12-o-b192-h,648,1144,10000,100,8388608,1348,1411,0,1040.178,985.483,-54.695,57,0,31,0,37,0,121244360,121455864,8,97832
original,192,dualtrack,20260926-183537-ws12-o-b192-f,20260926-183537-ws12-o-b192-h,656,356,10000,100,8388608,1348,1315,0,1154.751,1127.291,-27.46,27,0,0,0,2,0,121244360,121455864,8,97832
original,192,dualtrack,20260926-183537-ws12-o-b192-f,20260926-183537-ws12-o-b192-h,656,612,10003,100,8388608,1348,1347,0,1154.369,1126.909,-27.46,29,0,1,0,5,0,121244360,121455864,8,97832
original,192,dualtrack,20260926-183537-ws12-o-b192-f,20260926-183537-ws12-o-b192-h,656,636,10004,102,8388608,1348,1347,0,1154.382,1126.922,-27.46,28,0,3,0,4,0,121244360,121455864,8,97832
original,192,dualtrack,20260926-183537-ws12-o-b192-f,20260926-183537-ws12-o-b192-h,656,776,10005,102,8388608,1348,1376,0,1155.283,1127.603,-27.68,25,0,0,0,2,0,121244360,121455864,8,97832
original,192,dualtrack,20260926-183537-ws12-o-b192-f,20260926-183537-ws12-o-b192-h,656,788,10001,101,8388608,1348,1376,0,1191.324,1174.73,-16.594,19,0,44,0,41,0,121244360,121455864,8,97832
original,192,dualtrack,20260926-183537-ws12-o-b192-f,20260926-183537-ws12-o-b192-h,656,856,10006,106,8388608,1348,1378,0,1256.24,1498.615,242.375,4,0,350,0,602,0,121244360,121455864,8,97832
original,192,dualtrack,20260926-183537-ws12-o-b192-f,20260926-183537-ws12-o-b192-h,656,1044,10002,102,8388608,1348,1408,1,1154.784,1127.324,-27.46,26,0,1,0,1,0,121244360,121455864,8,97832
original,192,dualtrack,20260926-183537-ws12-o-b192-f,20260926-183537-ws12-o-b192-h,680,748,10001,104,8388608,1349,1351,0,925.342,561.353,-363.989,143,0,82,0,34,0,24597008,24864448,8,139160
original,192,dualtrack,20260926-183537-ws12-o-b192-f,20260926-183537-ws12-o-b192-h,680,976,10000,103,8388608,1349,1382,0,619.563,638.315,18.752,123,0,0,0,7,0,24597008,24864448,8,139160
original,192,dualtrack,20260926-183537-ws12-o-b192-f,20260926-183537-ws12-o-b192-h,720,1144,10000,101,8388608,1350,1411,0,779.408,800.072,20.664,84,0,31,0,37,0,13807996,14035364,8,144484
original,192,dualtrack,20260926-183537-ws12-o-b192-f,20260926-183537-ws12-o-b192-h,740,720,10001,101,8388608,1351,1350,0,399.606,389.44,-10.166,175,0,1,0,16,0,79249944,79654068,8,224164
original,192,dualtrack,20260926-183537-ws12-o-b192-f,20260926-183537-ws12-o-b192-h,740,856,10000,101,8388608,1351,1378,0,1306.41,1548.835,242.425,2,1,350,0,602,0,79249944,79654068,8,224164
original,192,dualtrack,20260926-183537-ws12-o-b192-f,20260926-183537-ws12-o-b192-h,740,1124,10002,102,8388608,1351,1411,0,403.535,392.306,-11.229,174,0,2,0,7,0,79249944,79654068,8,224164
original,192,dualtrack,20260926-183537-ws12-o-b192-f,20260926-183537-ws12-o-b192-h,748,340,10001,101,8388608,1351,1314,0,706.789,541.14,-165.649,148,0,6,0,23,0,79249944,79654068,8,224164
original,192,dualtrack,20260926-183537-ws12-o-b192-f,20260926-183537-ws12-o-b192-h,748,576,10000,104,8388608,1351,1346,1,1420.118,1296.241,-123.877,13,0,401,0,373,0,79249944,79654068,8,224164
original,192,dualtrack,20260926-183537-ws12-o-b192-f,20260926-183537-ws12-o-b192-h,764,140,10001,100,8388608,1351,1284,1,406.405,370.529,-35.876,178,0,0,0,0,0,79249944,79654068,8,224164
original,192,dualtrack,20260926-183537-ws12-o-b192-f,20260926-183537-ws12-o-b192-h,764,340,10000,100,8388608,1351,1314,0,705.599,549.2,-156.399,146,0,6,0,23,0,79249944,79654068,8,224164
original,192,dualtrack,20260926-183537-ws12-o-b192-f,20260926-183537-ws12-o-b192-h,764,648,10002,103,8388608,1351,1348,1,578.004,659.435,81.431,118,0,4,0,19,0,79249944,79654068,8,224164
original,192,dualtrack,20260926-183537-ws12-o-b192-f,20260926-183537-ws12-o-b192-h,772,176,10004,101,8388608,1376,1285,0,1369.46,1166.526,-202.934,22,0,1,0,7,0,149094648,149488884,8,209396
original,192,dualtrack,20260926-183537-ws12-o-b192-f,20260926-183537-ws12-o-b192-h,772,400,10001,101,8388608,1376,1316,1,1368.913,1163.473,-205.44,23,0,72,0,45,0,149094648,149488884,8,209396
original,192,dualtrack,20260926-183537-ws12-o-b192-f,20260926-183537-ws12-o-b192-h,772,416,10005,102,8388608,1376,1317,1,1368.986,1163.4,-205.586,24,0,0,0,1,0,149094648,149488884,8,209396
original,192,dualtrack,20260926-183537-ws12-o-b192-f,20260926-183537-ws12-o-b192-h,772,576,10003,102,8388608,1376,1346,1,1397.063,1496.648,99.585,5,0,401,0,373,0,149094648,149488884,8,209396
original,192,dualtrack,20260926-183537-ws12-o-b192-f,20260926-183537-ws12-o-b192-h,772,680,10000,102,8388608,1376,1349,0,1368.9,1452.058,83.158,6,0,248,0,222,0,149094648,149488884,8,209396
original,192,dualtrack,20260926-183537-ws12-o-b192-f,20260926-183537-ws12-o-b192-h,772,828,10007,105,8388608,1376,1377,0,1368.591,1449.084,80.493,7,0,150,0,253,0,149094648,149488884,8,209396
original,192,dualtrack,20260926-183537-ws12-o-b192-f,20260926-183537-ws12-o-b192-h,772,1124,10002,101,8388608,1376,1411,0,1369.179,1231.592,-137.587,15,0,2,0,7,0,149094648,149488884,8,209396
original,192,dualtrack,20260926-183537-ws12-o-b192-f,20260926-183537-ws12-o-b192-h,772,1208,10006,101,8388608,1376,1413,0,1369.635,1166.539,-203.096,21,0,2,0,6,0,149094648,149488884,8,209396
original,192,dualtrack,20260926-183537-ws12-o-b192-f,20260926-183537-ws12-o-b192-h,776,636,10002,103,8388608,1376,1347,0,689.594,624.628,-64.966,129,0,3,0,4,0,149094648,149488884,8,209396
original,192,dualtrack,20260926-183537-ws12-o-b192-f,20260926-183537-ws12-o-b192-h,776,908,10003,102,8388608,1376,1380,0,691.782,773.773,81.991,90,0,12,0,15,0,149094648,149488884,8,209396
original,192,dualtrack,20260926-183537-ws12-o-b192-f,20260926-183537-ws12-o-b192-h,776,1040,10001,102,8388608,1376,1408,1,690.487,629.667,-60.82,127,0,3,0,10,0,149094648,149488884,8,209396
original,192,dualtrack,20260926-183537-ws12-o-b192-f,20260926-183537-ws12-o-b192-h,776,1248,10000,100,8388608,1376,1415,0,686.848,624.548,-62.3,130,0,0,0,1,0,149094648,149488884,8,209396
original,192,dualtrack,20260926-183537-ws12-o-b192-f,20260926-183537-ws12-o-b192-h,788,380,10003,103,8388608,1376,1315,0,876.406,878.003,1.597,68,0,0,0,2,0,149094648,149488884,8,209396
original,192,dualtrack,20260926-183537-ws12-o-b192-f,20260926-183537-ws12-o-b192-h,788,584,10004,101,8388608,1376,1346,1,874.661,876.579,1.918,70,0,3,0,8,0,149094648,149488884,8,209396
original,192,dualtrack,20260926-183537-ws12-o-b192-f,20260926-183537-ws12-o-b192-h,788,740,10001,102,8388608,1376,1351,0,873.148,870.599,-2.549,71,0,2,0,3,0,149094648,149488884,8,209396
original,192,dualtrack,20260926-183537-ws12-o-b192-f,20260926-183537-ws12-o-b192-h,788,776,10002,101,8388608,1376,1376,0,872.658,870.116,-2.542,72,0,0,0,2,0,149094648,149488884,8,209396
original,192,dualtrack,20260926-183537-ws12-o-b192-f,20260926-183537-ws12-o-b192-h,788,992,10000,100,8388608,1376,1383,0,875.509,876.918,1.409,69,0,4,0,9,0,149094648,149488884,8,209396
original,192,dualtrack,20260926-183537-ws12-o-b192-f,20260926-183537-ws12-o-b192-h,828,540,10000,100,8388608,1377,1344,0,210.961,208.662,-2.299,192,0,0,0,0,0,24613748,24903748,8,134096
original,192,dualtrack,20260926-183537-ws12-o-b192-f,20260926-183537-ws12-o-b192-h,828,844,10001,103,8388608,1377,1378,0,705.153,682.346,-22.807,112,0,18,0,17,0,24613748,24903748,8,134096
original,192,dualtrack,20260926-183537-ws12-o-b192-f,20260926-183537-ws12-o-b192-h,844,416,10000,100,8388608,1378,1317,1,576.673,616.64,39.967,132,0,0,0,1,0,88100684,88362964,8,95556
original,192,dualtrack,20260926-183537-ws12-o-b192-f,20260926-183537-ws12-o-b192-h,844,992,10002,102,8388608,1378,1383,0,521.521,516.764,-4.757,154,0,4,0,9,0,88100684,88362964,8,95556
original,192,dualtrack,20260926-183537-ws12-o-b192-f,20260926-183537-ws12-o-b192-h,844,1180,10001,100,8388608,1378,1412,0,495.415,470.228,-25.187,164,0,0,0,0,0,88100684,88362964,8,95556
original,192,dualtrack,20260926-183537-ws12-o-b192-f,20260926-183537-ws12-o-b192-h,856,372,10004,100,8388608,1378,1315,0,928.997,937.392,8.395,62,0,0,0,8,0,88100684,88362964,8,95556
original,192,dualtrack,20260926-183537-ws12-o-b192-f,20260926-183537-ws12-o-b192-h,856,400,10000,100,8388608,1378,1316,1,933.701,1007.297,73.596,49,0,72,0,45,0,88100684,88362964,8,95556
original,192,dualtrack,20260926-183537-ws12-o-b192-f,20260926-183537-ws12-o-b192-h,856,576,10001,101,8388608,1378,1346,1,1405.355,1196.658,-208.697,18,0,401,0,373,0,88100684,88362964,8,95556
original,192,dualtrack,20260926-183537-ws12-o-b192-f,20260926-183537-ws12-o-b192-h,856,748,10002,101,8388608,1378,1351,0,933.512,1010.777,77.265,48,0,82,0,34,0,88100684,88362964,8,95556
original,192,dualtrack,20260926-183537-ws12-o-b192-f,20260926-183537-ws12-o-b192-h,856,788,10005,103,8388608,1378,1376,0,992.634,937.7,-54.934,61,0,44,0,41,0,88100684,88362964,8,95556
original,192,dualtrack,20260926-183537-ws12-o-b192-f,20260926-183537-ws12-o-b192-h,856,992,10003,101,8388608,1378,1383,0,928.56,937.31,8.75,63,0,4,0,9,0,88100684,88362964,8,95556
original,192,dualtrack,20260926-183537-ws12-o-b192-f,20260926-183537-ws12-o-b192-h,908,436,10000,101,8388608,1380,1317,1,279.053,237.446,-41.607,190,0,1,0,11,0,42187004,42542324,8,162600
original,192,dualtrack,20260926-183537-ws12-o-b192-f,20260926-183537-ws12-o-b192-h,924,248,10002,100,8388608,1380,1287,0,380.364,505.527,125.163,158,0,2,0,3,0,42187004,42542324,8,162600
original,192,dualtrack,20260926-183537-ws12-o-b192-f,20260926-183537-ws12-o-b192-h,924,648,10001,101,8388608,1380,1348,1,650.693,467.211,-183.482,165,0,4,0,19,0,42187004,42542324,8,162600
original,192,dualtrack,20260926-183537-ws12-o-b192-f,20260926-183537-ws12-o-b192-h,924,856,10000,103,8388608,1380,1378,0,1411.002,1417.258,6.256,9,0,350,0,602,0,42187004,42542324,8,162600
original,192,dualtrack,20260926-183537-ws12-o-b192-f,20260926-183537-ws12-o-b192-h,932,576,10002,105,8388608,1381,1346,1,1155.868,1432.418,276.55,8,0,401,0,373,0,57170772,57519424,8,180048
original,192,dualtrack,20260926-183537-ws12-o-b192-f,20260926-183537-ws12-o-b192-h,932,620,10000,100,8388608,1381,1347,0,590.92,511.631,-79.289,156,0,0,0,2,0,57170772,57519424,8,180048
original,192,dualtrack,20260926-183537-ws12-o-b192-f,20260926-183537-ws12-o-b192-h,932,648,10001,102,8388608,1381,1348,1,658.091,704.413,46.322,105,0,4,0,19,0,57170772,57519424,8,180048
original,192,dualtrack,20260926-183537-ws12-o-b192-f,20260926-183537-ws12-o-b192-h,952,452,10001,101,8388608,1381,1318,0,517.028,518.718,1.69,153,0,1,0,1,0,57170772,57519424,8,180048
original,192,dualtrack,20260926-183537-ws12-o-b192-f,20260926-183537-ws12-o-b192-h,952,788,10000,100,8388608,1381,1376,0,595.215,764.332,169.117,93,0,44,0,41,0,57170772,57519424,8,180048
original,192,dualtrack,20260926-183537-ws12-o-b192-f,20260926-183537-ws12-o-b192-h,956,452,10001,102,8388608,1381,1318,0,511.639,518.852,7.213,152,0,1,0,1,0,57170772,57519424,8,180048
original,192,dualtrack,20260926-183537-ws12-o-b192-f,20260926-183537-ws12-o-b192-h,956,932,10000,100,8388608,1381,1381,0,253.289,248.234,-5.055,189,0,0,0,0,0,57170772,57519424,8,180048
original,192,dualtrack,20260926-183537-ws12-o-b192-f,20260926-183537-ws12-o-b192-h,976,908,10000,100,8388608,1382,1380,0,350.214,485.195,134.981,161,0,12,0,15,0,14828732,15132596,8,174184
original,192,dualtrack,20260926-183537-ws12-o-b192-f,20260926-183537-ws12-o-b192-h,992,388,10001,101,8388608,1383,1316,1,395.075,416.995,21.92,173,0,3,0,3,0,104645708,104944168,8,80700
original,192,dualtrack,20260926-183537-ws12-o-b192-f,20260926-183537-ws12-o-b192-h,992,636,10000,101,8388608,1383,1347,0,595.88,535.133,-60.747,149,0,3,0,4,0,104645708,104944168,8,80700
original,192,dualtrack,20260926-183537-ws12-o-b192-f,20260926-183537-ws12-o-b192-h,992,828,10002,102,8388608,1383,1377,0,1061.817,983.803,-78.014,60,0,150,0,253,0,104645708,104944168,8,80700
original,192,dualtrack,20260926-183537-ws12-o-b192-f,20260926-183537-ws12-o-b192-h,1000,36,10000,101,8388608,1383,1281,0,1030.938,1030.758,-0.18,39,0,7,0,7,0,104645708,104944168,8,80700
original,192,dualtrack,20260926-183537-ws12-o-b192-f,20260926-183537-ws12-o-b192-h,1000,140,10005,101,8388608,1383,1284,1,1031.003,1030.83,-0.173,38,0,0,0,0,0,104645708,104944168,8,80700
original,192,dualtrack,20260926-183537-ws12-o-b192-f,20260926-183537-ws12-o-b192-h,1000,584,10003,100,8388608,1383,1346,1,1033.065,1033.124,0.059,35,0,3,0,8,0,104645708,104944168,8,80700
original,192,dualtrack,20260926-183537-ws12-o-b192-f,20260926-183537-ws12-o-b192-h,1000,772,10001,100,8388608,1383,1376,0,1030.517,1030.339,-0.178,41,0,2,0,1,0,104645708,104944168,8,80700
original,192,dualtrack,20260926-183537-ws12-o-b192-f,20260926-183537-ws12-o-b192-h,1000,952,10002,101,8388608,1383,1381,0,1030.529,1030.349,-0.18,40,0,0,0,0,0,104645708,104944168,8,80700
original,192,dualtrack,20260926-183537-ws12-o-b192-f,20260926-183537-ws12-o-b192-h,1000,1180,10004,101,8388608,1383,1412,0,1030.99,1030.866,-0.124,37,0,0,0,0,0,104645708,104944168,8,80700
original,192,dualtrack,20260926-183537-ws12-o-b192-f,20260926-183537-ws12-o-b192-h,1016,356,10001,102,8388608,1383,1315,0,594.726,589.345,-5.381,139,0,0,0,2,0,104645708,104944168,8,80700
original,192,dualtrack,20260926-183537-ws12-o-b192-f,20260926-183537-ws12-o-b192-h,1016,856,10000,104,8388608,1383,1378,0,1337.81,1665.072,327.262,1,1,350,0,602,0,104645708,104944168,8,80700
original,192,dualtrack,20260926-183537-ws12-o-b192-f,20260926-183537-ws12-o-b192-h,1124,680,10001,105,8388608,1411,1349,0,1245.139,1125.277,-119.862,30,0,248,0,222,0,42582520,42759756,8,78308
original,192,dualtrack,20260926-183537-ws12-o-b192-f,20260926-183537-ws12-o-b192-h,1124,844,10000,101,8388608,1411,1378,0,681.676,661.152,-20.524,117,0,18,0,17,0,42582520,42759756,8,78308
original,192,dualtrack,20260926-183537-ws12-o-b192-f,20260926-183537-ws12-o-b192-h,1144,564,10001,101,8388608,1411,1345,1,467.551,495.643,28.092,160,0,0,0,0,0,42582520,42759756,8,78308
original,192,dualtrack,20260926-183537-ws12-o-b192-f,20260926-183537-ws12-o-b192-h,1144,1016,10000,100,8388608,1411,1383,0,412.128,419.299,7.171,172,0,1,0,2,0,42582520,42759756,8,78308
original,192,dualtrack,20260926-183537-ws12-o-b192-f,20260926-183537-ws12-o-b192-h,1180,176,10000,102,8388608,1412,1285,0,463.507,435.744,-27.763,166,0,1,0,7,0,31351788,31594552,8,156248
original,192,dualtrack,20260926-183537-ws12-o-b192-f,20260926-183537-ws12-o-b192-h,1180,764,10001,100,8388608,1412,1351,0,464.4,433.932,-30.468,168,0,0,0,0,0,31351788,31594552,8,156248
original,192,dualtrack,20260926-183537-ws12-o-b192-f,20260926-183537-ws12-o-b192-h,1180,828,10002,104,8388608,1412,1377,0,1064.985,1201.11,136.125,17,0,150,0,253,0,31351788,31594552,8,156248
original,192,dualtrack,20260926-183537-ws12-o-b192-f,20260926-183537-ws12-o-b192-h,1208,284,10004,101,8388608,1413,1312,0,790.624,763.472,-27.152,94,0,4,0,2,0,48999004,49359120,8,219644
original,192,dualtrack,20260926-183537-ws12-o-b192-f,20260926-183537-ws12-o-b192-h,1208,828,10002,103,8388608,1413,1377,0,1044.177,1225.488,181.311,16,0,150,0,253,0,48999004,49359120,8,219644
original,192,dualtrack,20260926-183537-ws12-o-b192-f,20260926-183537-ws12-o-b192-h,1208,908,10003,101,8388608,1413,1380,0,797.177,767.737,-29.44,92,0,12,0,15,0,48999004,49359120,8,219644
original,192,dualtrack,20260926-183537-ws12-o-b192-f,20260926-183537-ws12-o-b192-h,1208,1000,10001,101,8388608,1413,1383,0,795.721,771.272,-24.449,91,0,0,0,9,0,48999004,49359120,8,219644
original,192,dualtrack,20260926-183537-ws12-o-b192-f,20260926-183537-ws12-o-b192-h,1208,1044,10000,100,8388608,1413,1408,1,793.728,763.256,-30.472,95,0,1,0,1,0,48999004,49359120,8,219644
original,192,dualtrack,20260926-183537-ws12-o-b192-f,20260926-183537-ws12-o-b192-h,1248,28,10000,101,8388608,1415,1280,0,353.121,353.502,0.381,185,0,0,0,0,0,49936552,50137864,8,131040
original,192,dualtrack,20260926-183537-ws12-o-b192-f,20260926-183537-ws12-o-b192-h,1248,372,10001,101,8388608,1415,1315,0,353.793,353.664,-0.129,184,0,0,0,8,0,49936552,50137864,8,131040
original,192,dualtrack,20260926-183537-ws12-o-b192-f,20260926-183537-ws12-o-b192-h,1268,340,10001,102,8388608,1415,1314,0,707.77,789.145,81.375,86,0,6,0,23,0,49936552,50137864,8,131040
original,192,dualtrack,20260926-183537-ws12-o-b192-f,20260926-183537-ws12-o-b192-h,1268,976,10002,101,8388608,1415,1382,0,624.42,645.087,20.667,122,0,0,0,7,0,49936552,50137864,8,131040
original,192,dualtrack,20260926-183537-ws12-o-b192-f,20260926-183537-ws12-o-b192-h,1268,1000,10000,100,8388608,1415,1383,0,369.696,388.09,18.394,176,0,0,0,9,0,49936552,50137864,8,131040
original,192,packet-rr,20260926-183537-ws12-o-b192-f,20260926-183537-ws12-o-b192-r,28,924,10000,101,8388608,1280,1380,0,631.855,748.948,117.093,95,0,4,0,7,0,13773484,14880032,8,249512
original,192,packet-rr,20260926-183537-ws12-o-b192-f,20260926-183537-ws12-o-b192-r,36,128,10002,101,8388608,1281,1284,1,518.503,631.046,112.543,134,0,6,0,7,0,77335956,78406388,8,214288
original,192,packet-rr,20260926-183537-ws12-o-b192-f,20260926-183537-ws12-o-b192-r,36,628,10000,100,8388608,1281,1347,0,618.664,651.338,32.674,117,0,3,0,7,0,77335956,78406388,8,214288
original,192,packet-rr,20260926-183537-ws12-o-b192-f,20260926-183537-ws12-o-b192-r,36,1208,10001,100,8388608,1281,1413,0,380.988,476.853,95.865,163,0,2,0,6,0,77335956,78406388,8,214288
original,192,packet-rr,20260926-183537-ws12-o-b192-f,20260926-183537-ws12-o-b192-r,56,564,10004,100,8388608,1281,1345,1,620.31,603.445,-16.865,141,0,0,0,0,0,77335956,78406388,8,214288
original,192,packet-rr,20260926-183537-ws12-o-b192-f,20260926-183537-ws12-o-b192-r,56,576,10002,103,8388608,1281,1346,1,1109.243,1309.156,199.913,16,0,401,0,263,0,77335956,78406388,8,214288
original,192,packet-rr,20260926-183537-ws12-o-b192-f,20260926-183537-ws12-o-b192-r,56,680,10001,103,8388608,1281,1349,0,1198.486,863.605,-334.881,72,0,248,0,234,0,77335956,78406388,8,214288
original,192,packet-rr,20260926-183537-ws12-o-b192-f,20260926-183537-ws12-o-b192-r,56,788,10003,102,8388608,1281,1376,0,810.349,813.01,2.661,79,0,44,0,17,0,77335956,78406388,8,214288
original,192,packet-rr,20260926-183537-ws12-o-b192-f,20260926-183537-ws12-o-b192-r,56,828,10000,100,8388608,1281,1377,0,725.572,745.197,19.625,96,0,150,0,87,0,77335956,78406388,8,214288
original,192,packet-rr,20260926-183537-ws12-o-b192-f,20260926-183537-ws12-o-b192-r,112,336,10003,100,8388608,1283,1314,0,996.13,1021.773,25.643,52,0,0,0,0,0,57750404,58896604,8,254900
original,192,packet-rr,20260926-183537-ws12-o-b192-f,20260926-183537-ws12-o-b192-r,112,656,10004,101,8388608,1283,1348,1,996.97,1025.141,28.171,46,0,2,0,8,0,57750404,58896604,8,254900
original,192,packet-rr,20260926-183537-ws12-o-b192-f,20260926-183537-ws12-o-b192-r,112,720,10000,100,8388608,1283,1350,0,996.648,1024.939,28.291,47,0,1,0,3,0,57750404,58896604,8,254900
original,192,packet-rr,20260926-183537-ws12-o-b192-f,20260926-183537-ws12-o-b192-r,112,956,10002,100,8388608,1283,1381,0,996.729,1024.719,27.99,49,0,2,0,1,0,57750404,58896604,8,254900
original,192,packet-rr,20260926-183537-ws12-o-b192-f,20260926-183537-ws12-o-b192-r,112,1016,10001,101,8388608,1283,1383,0,996.082,1025.527,29.445,45,0,1,0,2,0,57750404,58896604,8,254900
original,192,packet-rr,20260926-183537-ws12-o-b192-f,20260926-183537-ws12-o-b192-r,112,1144,10005,104,8388608,1283,1411,0,1045.605,1024.515,-21.09,50,0,31,0,54,0,57750404,58896604,8,254900
original,192,packet-rr,20260926-183537-ws12-o-b192-f,20260926-183537-ws12-o-b192-r,128,356,10001,101,8388608,1284,1315,0,696.302,700.602,4.3,104,0,0,0,0,0,49925260,50886284,8,241700
original,192,packet-rr,20260926-183537-ws12-o-b192-f,20260926-183537-ws12-o-b192-r,128,416,10002,101,8388608,1284,1317,1,694.727,696.291,1.564,106,0,0,0,1,0,49925260,50886284,8,241700
original,192,packet-rr,20260926-183537-ws12-o-b192-f,20260926-183537-ws12-o-b192-r,128,976,10000,100,8388608,1284,1382,0,695.13,698.534,3.404,105,0,0,0,2,0,49925260,50886284,8,241700
original,192,packet-rr,20260926-183537-ws12-o-b192-f,20260926-183537-ws12-o-b192-r,128,1248,10003,102,8388608,1284,1415,0,693.58,701.177,7.597,102,0,0,0,2,0,49925260,50886284,8,241700
original,192,packet-rr,20260926-183537-ws12-o-b192-f,20260926-183537-ws12-o-b192-r,140,452,10000,100,8388608,1284,1318,0,521.007,484.015,-36.992,160,0,1,0,4,0,49925260,50886284,8,241700
original,192,packet-rr,20260926-183537-ws12-o-b192-f,20260926-183537-ws12-o-b192-r,168,992,10000,103,8388608,1285,1383,0,579.297,520.749,-58.548,153,0,4,0,8,0,92825224,93610640,8,161888
original,192,packet-rr,20260926-183537-ws12-o-b192-f,20260926-183537-ws12-o-b192-r,176,128,10004,102,8388608,1285,1284,1,809.941,750.575,-59.366,94,0,6,0,7,0,92825224,93610640,8,161888
original,192,packet-rr,20260926-183537-ws12-o-b192-f,20260926-183537-ws12-o-b192-r,176,308,10001,100,8388608,1285,1313,0,810.363,751.462,-58.901,93,0,2,0,0,0,92825224,93610640,8,161888
original,192,packet-rr,20260926-183537-ws12-o-b192-f,20260926-183537-ws12-o-b192-r,176,856,10000,100,8388608,1285,1378,0,1062.14,1700.928,638.788,1,1,350,0,595,0,92825224,93610640,8,161888
original,192,packet-rr,20260926-183537-ws12-o-b192-f,20260926-183537-ws12-o-b192-r,176,976,10003,102,8388608,1285,1382,0,813.395,754.946,-58.449,91,0,0,0,2,0,92825224,93610640,8,161888
original,192,packet-rr,20260926-183537-ws12-o-b192-f,20260926-183537-ws12-o-b192-r,176,1040,10002,101,8388608,1285,1408,1,811.097,751.956,-59.141,92,0,3,0,5,0,92825224,93610640,8,161888
original,192,packet-rr,20260926-183537-ws12-o-b192-f,20260926-183537-ws12-o-b192-r,188,36,10001,100,8388608,1285,1281,0,600.656,557.62,-43.036,148,0,7,0,3,0,92825224,93610640,8,161888
original,192,packet-rr,20260926-183537-ws12-o-b192-f,20260926-183537-ws12-o-b192-r,188,740,10000,101,8388608,1285,1351,0,654.225,660.743,6.518,115,0,2,0,0,0,92825224,93610640,8,161888
original,192,packet-rr,20260926-183537-ws12-o-b192-f,20260926-183537-ws12-o-b192-r,188,748,10003,103,8388608,1285,1351,0,823.202,807.031,-16.171,82,0,82,0,56,0,92825224,93610640,8,161888
original,192,packet-rr,20260926-183537-ws12-o-b192-f,20260926-183537-ws12-o-b192-r,188,924,10002,102,8388608,1285,1380,0,653.583,618.489,-35.094,139,0,4,0,7,0,92825224,93610640,8,161888
original,192,packet-rr,20260926-183537-ws12-o-b192-f,20260926-183537-ws12-o-b192-r,192,416,10000,103,8388608,1286,1317,1,566.101,568.972,2.871,146,0,0,0,1,0,13284184,14332052,8,268744
original,192,packet-rr,20260926-183537-ws12-o-b192-f,20260926-183537-ws12-o-b192-r,248,188,10002,100,8388608,1287,1285,0,636.949,640.995,4.046,124,0,0,0,1,0,39651576,40876156,8,366356
original,192,packet-rr,20260926-183537-ws12-o-b192-f,20260926-183537-ws12-o-b192-r,248,380,10001,101,8388608,1287,1315,0,638.38,640.521,2.141,125,0,0,0,1,0,39651576,40876156,8,366356
original,192,packet-rr,20260926-183537-ws12-o-b192-f,20260926-183537-ws12-o-b192-r,248,748,10000,102,8388608,1287,1351,0,846.981,795.158,-51.823,87,0,82,0,56,0,39651576,40876156,8,366356
original,192,packet-rr,20260926-183537-ws12-o-b192-f,20260926-183537-ws12-o-b192-r,248,1000,10003,102,8388608,1287,1383,0,639.85,643.404,3.554,122,0,0,0,1,0,39651576,40876156,8,366356
original,192,packet-rr,20260926-183537-ws12-o-b192-f,20260926-183537-ws12-o-b192-r,284,1124,10000,100,8388608,1312,1411,0,388.432,368.138,-20.294,180,0,2,0,4,0,22648908,23776204,8,241880
original,192,packet-rr,20260926-183537-ws12-o-b192-f,20260926-183537-ws12-o-b192-r,284,1268,10001,100,8388608,1312,1415,0,329.132,383.91,54.778,176,0,6,0,1,0,22648908,23776204,8,241880
original,192,packet-rr,20260926-183537-ws12-o-b192-f,20260926-183537-ws12-o-b192-r,308,388,10005,102,8388608,1313,1316,1,933.332,990.433,57.101,61,0,3,0,1,0,57763888,58929924,8,321052
original,192,packet-rr,20260926-183537-ws12-o-b192-f,20260926-183537-ws12-o-b192-r,308,576,10000,100,8388608,1313,1346,1,1443.874,1128.648,-315.226,30,0,401,0,263,0,57763888,58929924,8,321052
original,192,packet-rr,20260926-183537-ws12-o-b192-f,20260926-183537-ws12-o-b192-r,308,648,10001,100,8388608,1313,1348,1,938.801,996.301,57.5,58,0,4,0,14,0,57763888,58929924,8,321052
original,192,packet-rr,20260926-183537-ws12-o-b192-f,20260926-183537-ws12-o-b192-r,308,844,10003,100,8388608,1313,1378,0,940.691,996.454,55.763,57,0,18,0,7,0,57763888,58929924,8,321052
original,192,packet-rr,20260926-183537-ws12-o-b192-f,20260926-183537-ws12-o-b192-r,308,1040,10002,100,8388608,1313,1408,1,940.396,995.587,55.191,59,0,3,0,5,0,57763888,58929924,8,321052
original,192,packet-rr,20260926-183537-ws12-o-b192-f,20260926-183537-ws12-o-b192-r,308,1268,10004,101,8388608,1313,1415,0,939.768,994.274,54.506,60,0,6,0,1,0,57763888,58929924,8,321052
original,192,packet-rr,20260926-183537-ws12-o-b192-f,20260926-183537-ws12-o-b192-r,332,192,10000,100,8388608,1314,1286,0,346.524,350.074,3.55,187,0,0,0,0,0,87013008,87839596,8,168472
original,192,packet-rr,20260926-183537-ws12-o-b192-f,20260926-183537-ws12-o-b192-r,332,576,10001,106,8388608,1314,1346,1,751.386,680.993,-70.393,109,0,401,0,263,0,87013008,87839596,8,168472
original,192,packet-rr,20260926-183537-ws12-o-b192-f,20260926-183537-ws12-o-b192-r,336,400,10001,102,8388608,1314,1316,1,934.119,949.622,15.503,63,0,72,0,116,0,87013008,87839596,8,168472
original,192,packet-rr,20260926-183537-ws12-o-b192-f,20260926-183537-ws12-o-b192-r,336,680,10000,101,8388608,1314,1349,0,1117.168,882.222,-234.946,65,0,248,0,234,0,87013008,87839596,8,168472
original,192,packet-rr,20260926-183537-ws12-o-b192-f,20260926-183537-ws12-o-b192-r,340,656,10004,100,8388608,1314,1348,1,798.834,724.093,-74.741,99,0,2,0,8,0,87013008,87839596,8,168472
original,192,packet-rr,20260926-183537-ws12-o-b192-f,20260926-183537-ws12-o-b192-r,340,680,10000,100,8388608,1314,1349,0,1115.795,1287.188,171.393,17,0,248,0,234,0,87013008,87839596,8,168472
original,192,packet-rr,20260926-183537-ws12-o-b192-f,20260926-183537-ws12-o-b192-r,340,748,10002,100,8388608,1314,1351,0,814.541,875.413,60.872,66,0,82,0,56,0,87013008,87839596,8,168472
original,192,packet-rr,20260926-183537-ws12-o-b192-f,20260926-183537-ws12-o-b192-r,340,772,10003,103,8388608,1314,1376,0,799.239,726.767,-72.472,98,0,2,0,0,0,87013008,87839596,8,168472
original,192,packet-rr,20260926-183537-ws12-o-b192-f,20260926-183537-ws12-o-b192-r,340,924,10001,100,8388608,1314,1380,0,799.365,735.171,-64.194,97,0,4,0,7,0,87013008,87839596,8,168472
original,192,packet-rr,20260926-183537-ws12-o-b192-f,20260926-183537-ws12-o-b192-r,356,332,10002,103,8388608,1315,1314,0,871.204,1178.029,306.825,21,0,125,0,181,0,95822616,96661368,8,214000
original,192,packet-rr,20260926-183537-ws12-o-b192-f,20260926-183537-ws12-o-b192-r,356,436,10001,100,8388608,1315,1317,1,604.368,680.863,76.495,110,0,1,0,2,0,95822616,96661368,8,214000
original,192,packet-rr,20260926-183537-ws12-o-b192-f,20260926-183537-ws12-o-b192-r,356,788,10004,104,8388608,1315,1376,0,779.653,632.086,-147.567,133,0,44,0,17,0,95822616,96661368,8,214000
original,192,packet-rr,20260926-183537-ws12-o-b192-f,20260926-183537-ws12-o-b192-r,356,856,10000,102,8388608,1315,1378,0,1306.843,1465.974,159.131,6,0,350,0,595,0,95822616,96661368,8,214000
original,192,packet-rr,20260926-183537-ws12-o-b192-f,20260926-183537-ws12-o-b192-r,356,1040,10003,103,8388608,1315,1408,1,605.332,618.827,13.495,138,0,3,0,5,0,95822616,96661368,8,214000
original,192,packet-rr,20260926-183537-ws12-o-b192-f,20260926-183537-ws12-o-b192-r,372,56,10003,102,8388608,1315,1281,0,556.128,554.635,-1.493,149,0,0,0,1,0,95822616,96661368,8,214000
original,192,packet-rr,20260926-183537-ws12-o-b192-f,20260926-183537-ws12-o-b192-r,372,284,10000,100,8388608,1315,1312,0,627.802,616.693,-11.109,140,0,4,0,7,0,95822616,96661368,8,214000
original,192,packet-rr,20260926-183537-ws12-o-b192-f,20260926-183537-ws12-o-b192-r,372,308,10001,101,8388608,1315,1313,0,517.644,504.854,-12.79,157,0,2,0,0,0,95822616,96661368,8,214000
original,192,packet-rr,20260926-183537-ws12-o-b192-f,20260926-183537-ws12-o-b192-r,372,332,10002,104,8388608,1315,1314,0,962.251,1141.232,178.981,29,0,125,0,181,0,95822616,96661368,8,214000
original,192,packet-rr,20260926-183537-ws12-o-b192-f,20260926-183537-ws12-o-b192-r,380,356,10001,103,8388608,1315,1315,0,517.677,515.884,-1.793,154,0,0,0,0,0,95822616,96661368,8,214000
original,192,packet-rr,20260926-183537-ws12-o-b192-f,20260926-183537-ws12-o-b192-r,380,400,10000,104,8388608,1315,1316,1,720.731,810.151,89.42,80,0,72,0,116,0,95822616,96661368,8,214000
original,192,packet-rr,20260926-183537-ws12-o-b192-f,20260926-183537-ws12-o-b192-r,388,628,10000,101,8388608,1316,1347,0,353.422,350.633,-2.789,186,0,3,0,7,0,68923344,69659580,8,286240
original,192,packet-rr,20260926-183537-ws12-o-b192-f,20260926-183537-ws12-o-b192-r,388,1044,10001,101,8388608,1316,1408,1,361.585,365.146,3.561,182,0,1,0,4,0,68923344,69659580,8,286240
original,192,packet-rr,20260926-183537-ws12-o-b192-f,20260926-183537-ws12-o-b192-r,400,332,10000,102,8388608,1316,1314,0,401.457,841.85,440.393,76,0,125,0,181,0,68923344,69659580,8,286240
original,192,packet-rr,20260926-183537-ws12-o-b192-f,20260926-183537-ws12-o-b192-r,400,740,10001,103,8388608,1316,1351,0,645.114,664.144,19.03,114,0,2,0,0,0,68923344,69659580,8,286240
original,192,packet-rr,20260926-183537-ws12-o-b192-f,20260926-183537-ws12-o-b192-r,404,112,10001,101,8388608,1316,1283,0,377.559,364.623,-12.936,183,0,0,0,0,0,68923344,69659580,8,286240
original,192,packet-rr,20260926-183537-ws12-o-b192-f,20260926-183537-ws12-o-b192-r,404,332,10000,100,8388608,1316,1314,0,1061.613,1091.462,29.849,31,0,125,0,181,0,68923344,69659580,8,286240
original,192,packet-rr,20260926-183537-ws12-o-b192-f,20260926-183537-ws12-o-b192-r,404,764,10002,102,8388608,1316,1351,0,380.831,420.854,40.023,172,0,0,0,1,0,68923344,69659580,8,286240
original,192,packet-rr,20260926-183537-ws12-o-b192-f,20260926-183537-ws12-o-b192-r,416,36,10003,102,8388608,1317,1281,0,880.01,872.037,-7.973,67,0,7,0,3,0,76786780,77774788,8,278924
original,192,packet-rr,20260926-183537-ws12-o-b192-f,20260926-183537-ws12-o-b192-r,416,128,10001,100,8388608,1317,1284,1,836.046,869.272,33.226,71,0,6,0,7,0,76786780,77774788,8,278924
original,192,packet-rr,20260926-183537-ws12-o-b192-f,20260926-183537-ws12-o-b192-r,416,372,10004,102,8388608,1317,1315,0,836.504,869.548,33.044,70,0,0,0,3,0,76786780,77774788,8,278924
original,192,packet-rr,20260926-183537-ws12-o-b192-f,20260926-183537-ws12-o-b192-r,416,772,10002,102,8388608,1317,1376,0,836.408,870.291,33.883,68,0,2,0,0,0,76786780,77774788,8,278924
original,192,packet-rr,20260926-183537-ws12-o-b192-f,20260926-183537-ws12-o-b192-r,416,776,10000,100,8388608,1317,1376,0,837.807,870.044,32.237,69,0,0,0,0,0,76786780,77774788,8,278924
original,192,packet-rr,20260926-183537-ws12-o-b192-f,20260926-183537-ws12-o-b192-r,436,112,10000,100,8388608,1317,1283,0,402.608,373.868,-28.74,178,0,0,0,0,0,76786780,77774788,8,278924
original,192,packet-rr,20260926-183537-ws12-o-b192-f,20260926-183537-ws12-o-b192-r,436,332,10001,101,8388608,1317,1314,0,1000.042,773.87,-226.172,88,0,125,0,181,0,76786780,77774788,8,278924
original,192,packet-rr,20260926-183537-ws12-o-b192-f,20260926-183537-ws12-o-b192-r,436,612,10002,101,8388608,1317,1347,0,407.939,502.467,94.528,158,0,1,0,4,0,76786780,77774788,8,278924
original,192,packet-rr,20260926-183537-ws12-o-b192-f,20260926-183537-ws12-o-b192-r,452,36,10001,103,8388608,1318,1281,0,420.116,548.22,128.104,150,0,7,0,3,0,23076792,24202268,8,234336
original,192,packet-rr,20260926-183537-ws12-o-b192-f,20260926-183537-ws12-o-b192-r,452,400,10000,103,8388608,1318,1316,1,881.003,860.078,-20.925,73,0,72,0,116,0,23076792,24202268,8,234336
original,192,packet-rr,20260926-183537-ws12-o-b192-f,20260926-183537-ws12-o-b192-r,540,176,10000,100,8388608,1344,1285,0,356.358,369.8,13.442,179,0,1,0,5,0,30878084,31992748,8,271764
original,192,packet-rr,20260926-183537-ws12-o-b192-f,20260926-183537-ws12-o-b192-r,540,924,10002,103,8388608,1344,1380,0,668.37,641.247,-27.123,123,0,4,0,7,0,30878084,31992748,8,271764
original,192,packet-rr,20260926-183537-ws12-o-b192-f,20260926-183537-ws12-o-b192-r,540,1144,10001,102,8388608,1344,1411,0,670.21,719.804,49.594,100,0,31,0,54,0,30878084,31992748,8,271764
original,192,packet-rr,20260926-183537-ws12-o-b192-f,20260926-183537-ws12-o-b192-r,564,1016,10000,102,8388608,1345,1383,0,413.547,421.327,7.78,170,0,1,0,2,0,14287084,15401620,8,246056
original,192,packet-rr,20260926-183537-ws12-o-b192-f,20260926-183537-ws12-o-b192-r,576,656,10001,102,8388608,1346,1348,1,295.386,367.845,72.459,181,0,2,0,8,0,60749832,61802340,8,269392
original,192,packet-rr,20260926-183537-ws12-o-b192-f,20260926-183537-ws12-o-b192-r,576,740,10000,100,8388608,1346,1351,0,567.271,585.118,17.847,144,0,2,0,0,0,60749832,61802340,8,269392
original,192,packet-rr,20260926-183537-ws12-o-b192-f,20260926-183537-ws12-o-b192-r,584,340,10003,103,8388608,1346,1314,0,711.78,693.74,-18.04,107,0,6,0,12,0,60749832,61802340,8,269392
original,192,packet-rr,20260926-183537-ws12-o-b192-f,20260926-183537-ws12-o-b192-r,584,388,10000,100,8388608,1346,1316,1,667.875,678.371,10.496,112,0,3,0,1,0,60749832,61802340,8,269392
original,192,packet-rr,20260926-183537-ws12-o-b192-f,20260926-183537-ws12-o-b192-r,584,404,10001,100,8388608,1346,1316,1,671.165,678.855,7.69,111,0,0,0,1,0,60749832,61802340,8,269392
original,192,packet-rr,20260926-183537-ws12-o-b192-f,20260926-183537-ws12-o-b192-r,584,844,10002,102,8388608,1346,1378,0,686.194,684.511,-1.683,108,0,18,0,7,0,60749832,61802340,8,269392
original,192,packet-rr,20260926-183537-ws12-o-b192-f,20260926-183537-ws12-o-b192-r,612,28,10000,100,8388608,1347,1280,0,341.818,334.897,-6.921,188,0,0,0,0,0,94738164,95247268,8,170848
original,192,packet-rr,20260926-183537-ws12-o-b192-f,20260926-183537-ws12-o-b192-r,612,56,10001,101,8388608,1347,1281,0,522.606,524.07,1.464,152,0,0,0,1,0,94738164,95247268,8,170848
original,192,packet-rr,20260926-183537-ws12-o-b192-f,20260926-183537-ws12-o-b192-r,612,680,10002,104,8388608,1347,1349,0,1045.033,1228.578,183.545,18,0,248,0,234,0,94738164,95247268,8,170848
original,192,packet-rr,20260926-183537-ws12-o-b192-f,20260926-183537-ws12-o-b192-r,620,56,10000,100,8388608,1347,1281,0,522.95,524.173,1.223,151,0,0,0,1,0,94738164,95247268,8,170848
original,192,packet-rr,20260926-183537-ws12-o-b192-f,20260926-183537-ws12-o-b192-r,620,564,10001,102,8388608,1347,1345,1,391.547,400.45,8.903,173,0,0,0,0,0,94738164,95247268,8,170848
original,192,packet-rr,20260926-183537-ws12-o-b192-f,20260926-183537-ws12-o-b192-r,628,856,10000,105,8388608,1347,1378,0,514.753,1485.449,970.696,5,0,350,0,595,0,94738164,95247268,8,170848
original,192,packet-rr,20260926-183537-ws12-o-b192-f,20260926-183537-ws12-o-b192-r,636,380,10001,100,8388608,1347,1315,0,694.312,638.718,-55.594,129,0,0,0,1,0,94738164,95247268,8,170848
original,192,packet-rr,20260926-183537-ws12-o-b192-f,20260926-183537-ws12-o-b192-r,636,952,10000,100,8388608,1347,1381,0,692.884,639.708,-53.176,127,0,0,0,0,0,94738164,95247268,8,170848
original,192,packet-rr,20260926-183537-ws12-o-b192-f,20260926-183537-ws12-o-b192-r,636,1144,10003,103,8388608,1347,1411,0,706.517,954.734,248.217,62,0,31,0,54,0,94738164,95247268,8,170848
original,192,packet-rr,20260926-183537-ws12-o-b192-f,20260926-183537-ws12-o-b192-r,636,1248,10002,101,8388608,1347,1415,0,693.681,640.199,-53.482,126,0,0,0,2,0,94738164,95247268,8,170848
original,192,packet-rr,20260926-183537-ws12-o-b192-f,20260926-183537-ws12-o-b192-r,648,380,10005,102,8388608,1348,1315,0,1040.239,1039.32,-0.919,37,0,0,0,1,0,121244360,122169104,8,206872
original,192,packet-rr,20260926-183537-ws12-o-b192-f,20260926-183537-ws12-o-b192-r,648,636,10001,100,8388608,1348,1347,0,1039.745,1039.371,-0.374,36,0,3,0,7,0,121244360,122169104,8,206872
original,192,packet-rr,20260926-183537-ws12-o-b192-f,20260926-183537-ws12-o-b192-r,648,764,10004,101,8388608,1348,1351,0,1039.81,1039.185,-0.625,38,0,0,0,1,0,121244360,122169104,8,206872
original,192,packet-rr,20260926-183537-ws12-o-b192-f,20260926-183537-ws12-o-b192-r,648,772,10002,101,8388608,1348,1376,0,1040.861,1040.881,0.02,33,0,2,0,0,0,121244360,122169104,8,206872
original,192,packet-rr,20260926-183537-ws12-o-b192-f,20260926-183537-ws12-o-b192-r,648,828,10003,101,8388608,1348,1377,0,1042.469,1040.319,-2.15,34,0,150,0,87,0,121244360,122169104,8,206872
original,192,packet-rr,20260926-183537-ws12-o-b192-f,20260926-183537-ws12-o-b192-r,648,1144,10000,100,8388608,1348,1411,0,1040.178,1039.798,-0.38,35,0,31,0,54,0,121244360,122169104,8,206872
original,192,packet-rr,20260926-183537-ws12-o-b192-f,20260926-183537-ws12-o-b192-r,656,356,10000,100,8388608,1348,1315,0,1154.751,1142.677,-12.074,26,0,0,0,0,0,121244360,122169104,8,206872
original,192,packet-rr,20260926-183537-ws12-o-b192-f,20260926-183537-ws12-o-b192-r,656,612,10003,100,8388608,1348,1347,0,1154.369,1141.743,-12.626,28,0,1,0,4,0,121244360,122169104,8,206872
original,192,packet-rr,20260926-183537-ws12-o-b192-f,20260926-183537-ws12-o-b192-r,656,636,10004,102,8388608,1348,1347,0,1154.382,1141.756,-12.626,27,0,3,0,7,0,121244360,122169104,8,206872
original,192,packet-rr,20260926-183537-ws12-o-b192-f,20260926-183537-ws12-o-b192-r,656,776,10005,102,8388608,1348,1376,0,1155.283,1144.178,-11.105,24,0,0,0,0,0,121244360,122169104,8,206872
original,192,packet-rr,20260926-183537-ws12-o-b192-f,20260926-183537-ws12-o-b192-r,656,788,10001,101,8388608,1348,1376,0,1191.324,1143.25,-48.074,25,0,44,0,17,0,121244360,122169104,8,206872
original,192,packet-rr,20260926-183537-ws12-o-b192-f,20260926-183537-ws12-o-b192-r,656,856,10006,106,8388608,1348,1378,0,1256.24,1498.992,242.752,3,0,350,0,595,0,121244360,122169104,8,206872
original,192,packet-rr,20260926-183537-ws12-o-b192-f,20260926-183537-ws12-o-b192-r,656,1044,10002,102,8388608,1348,1408,1,1154.784,1144.891,-9.893,23,0,1,0,4,0,121244360,122169104,8,206872
original,192,packet-rr,20260926-183537-ws12-o-b192-f,20260926-183537-ws12-o-b192-r,680,748,10001,104,8388608,1349,1351,0,925.342,647.892,-277.45,120,0,82,0,56,0,24597008,25697168,8,319264
original,192,packet-rr,20260926-183537-ws12-o-b192-f,20260926-183537-ws12-o-b192-r,680,976,10000,103,8388608,1349,1382,0,619.563,648.052,28.489,119,0,0,0,2,0,24597008,25697168,8,319264
original,192,packet-rr,20260926-183537-ws12-o-b192-f,20260926-183537-ws12-o-b192-r,720,1144,10000,101,8388608,1350,1411,0,779.408,675.212,-104.196,113,0,31,0,54,0,13807996,14879920,8,256196
original,192,packet-rr,20260926-183537-ws12-o-b192-f,20260926-183537-ws12-o-b192-r,740,720,10001,101,8388608,1351,1350,0,399.606,438.191,38.585,168,0,1,0,3,0,79249944,80060472,8,205956
original,192,packet-rr,20260926-183537-ws12-o-b192-f,20260926-183537-ws12-o-b192-r,740,856,10000,101,8388608,1351,1378,0,1306.41,1168.533,-137.877,22,0,350,0,595,0,79249944,80060472,8,205956
original,192,packet-rr,20260926-183537-ws12-o-b192-f,20260926-183537-ws12-o-b192-r,740,1124,10002,102,8388608,1351,1411,0,403.535,442.443,38.908,167,0,2,0,4,0,79249944,80060472,8,205956
original,192,packet-rr,20260926-183537-ws12-o-b192-f,20260926-183537-ws12-o-b192-r,748,340,10001,101,8388608,1351,1314,0,706.789,630.248,-76.541,135,0,6,0,12,0,79249944,80060472,8,205956
original,192,packet-rr,20260926-183537-ws12-o-b192-f,20260926-183537-ws12-o-b192-r,748,576,10000,104,8388608,1351,1346,1,1420.118,1329.53,-90.588,15,0,401,0,263,0,79249944,80060472,8,205956
original,192,packet-rr,20260926-183537-ws12-o-b192-f,20260926-183537-ws12-o-b192-r,764,140,10001,100,8388608,1351,1284,1,406.405,296.041,-110.364,189,0,0,0,0,0,79249944,80060472,8,205956
original,192,packet-rr,20260926-183537-ws12-o-b192-f,20260926-183537-ws12-o-b192-r,764,340,10000,100,8388608,1351,1314,0,705.599,714.812,9.213,101,0,6,0,12,0,79249944,80060472,8,205956
original,192,packet-rr,20260926-183537-ws12-o-b192-f,20260926-183537-ws12-o-b192-r,764,648,10002,103,8388608,1351,1348,1,578.004,634.642,56.638,130,0,4,0,14,0,79249944,80060472,8,205956
original,192,packet-rr,20260926-183537-ws12-o-b192-f,20260926-183537-ws12-o-b192-r,772,176,10004,101,8388608,1376,1285,0,1369.46,1374.63,5.17,9,0,1,0,5,0,149094648,149988852,8,223436
original,192,packet-rr,20260926-183537-ws12-o-b192-f,20260926-183537-ws12-o-b192-r,772,400,10001,101,8388608,1376,1316,1,1368.913,1371.26,2.347,13,0,72,0,116,0,149094648,149988852,8,223436
original,192,packet-rr,20260926-183537-ws12-o-b192-f,20260926-183537-ws12-o-b192-r,772,416,10005,102,8388608,1376,1317,1,1368.986,1371.333,2.347,12,0,0,0,1,0,149094648,149988852,8,223436
original,192,packet-rr,20260926-183537-ws12-o-b192-f,20260926-183537-ws12-o-b192-r,772,576,10003,102,8388608,1376,1346,1,1397.063,1373.119,-23.944,11,0,401,0,263,0,149094648,149988852,8,223436
original,192,packet-rr,20260926-183537-ws12-o-b192-f,20260926-183537-ws12-o-b192-r,772,680,10000,102,8388608,1376,1349,0,1368.9,1374.452,5.552,10,0,248,0,234,0,149094648,149988852,8,223436
original,192,packet-rr,20260926-183537-ws12-o-b192-f,20260926-183537-ws12-o-b192-r,772,828,10007,105,8388608,1376,1377,0,1368.591,1370.938,2.347,14,0,150,0,87,0,149094648,149988852,8,223436
original,192,packet-rr,20260926-183537-ws12-o-b192-f,20260926-183537-ws12-o-b192-r,772,1124,10002,101,8388608,1376,1411,0,1369.179,1376.013,6.834,8,0,2,0,4,0,149094648,149988852,8,223436
original,192,packet-rr,20260926-183537-ws12-o-b192-f,20260926-183537-ws12-o-b192-r,772,1208,10006,101,8388608,1376,1413,0,1369.635,1376.339,6.704,7,0,2,0,6,0,149094648,149988852,8,223436
original,192,packet-rr,20260926-183537-ws12-o-b192-f,20260926-183537-ws12-o-b192-r,776,636,10002,103,8388608,1376,1347,0,689.594,629.192,-60.402,136,0,3,0,7,0,149094648,149988852,8,223436
original,192,packet-rr,20260926-183537-ws12-o-b192-f,20260926-183537-ws12-o-b192-r,776,908,10003,102,8388608,1376,1380,0,691.782,767.633,75.851,89,0,12,0,13,0,149094648,149988852,8,223436
original,192,packet-rr,20260926-183537-ws12-o-b192-f,20260926-183537-ws12-o-b192-r,776,1040,10001,102,8388608,1376,1408,1,690.487,633.317,-57.17,131,0,3,0,5,0,149094648,149988852,8,223436
original,192,packet-rr,20260926-183537-ws12-o-b192-f,20260926-183537-ws12-o-b192-r,776,1248,10000,100,8388608,1376,1415,0,686.848,632.658,-54.19,132,0,0,0,2,0,149094648,149988852,8,223436
original,192,packet-rr,20260926-183537-ws12-o-b192-f,20260926-183537-ws12-o-b192-r,788,380,10003,103,8388608,1376,1315,0,876.406,844.347,-32.059,74,0,0,0,1,0,149094648,149988852,8,223436
original,192,packet-rr,20260926-183537-ws12-o-b192-f,20260926-183537-ws12-o-b192-r,788,584,10004,101,8388608,1376,1346,1,874.661,842.652,-32.009,75,0,3,0,2,0,149094648,149988852,8,223436
original,192,packet-rr,20260926-183537-ws12-o-b192-f,20260926-183537-ws12-o-b192-r,788,740,10001,102,8388608,1376,1351,0,873.148,840.162,-32.986,77,0,2,0,0,0,149094648,149988852,8,223436
original,192,packet-rr,20260926-183537-ws12-o-b192-f,20260926-183537-ws12-o-b192-r,788,776,10002,101,8388608,1376,1376,0,872.658,836.269,-36.389,78,0,0,0,0,0,149094648,149988852,8,223436
original,192,packet-rr,20260926-183537-ws12-o-b192-f,20260926-183537-ws12-o-b192-r,788,992,10000,100,8388608,1376,1383,0,875.509,894.086,18.577,64,0,4,0,8,0,149094648,149988852,8,223436
original,192,packet-rr,20260926-183537-ws12-o-b192-f,20260926-183537-ws12-o-b192-r,828,540,10000,100,8388608,1377,1344,0,210.961,215.12,4.159,192,0,0,0,0,0,24613748,25801864,8,296816
original,192,packet-rr,20260926-183537-ws12-o-b192-f,20260926-183537-ws12-o-b192-r,828,844,10001,103,8388608,1377,1378,0,705.153,623.258,-81.895,137,0,18,0,7,0,24613748,25801864,8,296816
original,192,packet-rr,20260926-183537-ws12-o-b192-f,20260926-183537-ws12-o-b192-r,844,416,10000,100,8388608,1378,1317,1,576.673,580.412,3.739,145,0,0,0,1,0,88100684,89032796,8,221792
original,192,packet-rr,20260926-183537-ws12-o-b192-f,20260926-183537-ws12-o-b192-r,844,992,10002,102,8388608,1378,1383,0,521.521,513.147,-8.374,156,0,4,0,8,0,88100684,89032796,8,221792
original,192,packet-rr,20260926-183537-ws12-o-b192-f,20260926-183537-ws12-o-b192-r,844,1180,10001,100,8388608,1378,1412,0,495.415,514.661,19.246,155,0,0,0,0,0,88100684,89032796,8,221792
original,192,packet-rr,20260926-183537-ws12-o-b192-f,20260926-183537-ws12-o-b192-r,856,372,10004,100,8388608,1378,1315,0,928.997,1009.103,80.106,56,0,0,0,3,0,88100684,89032796,8,221792
original,192,packet-rr,20260926-183537-ws12-o-b192-f,20260926-183537-ws12-o-b192-r,856,400,10000,100,8388608,1378,1316,1,933.701,1017.027,83.326,54,0,72,0,116,0,88100684,89032796,8,221792
original,192,packet-rr,20260926-183537-ws12-o-b192-f,20260926-183537-ws12-o-b192-r,856,576,10001,101,8388608,1378,1346,1,1405.355,1023.808,-381.547,51,0,401,0,263,0,88100684,89032796,8,221792
original,192,packet-rr,20260926-183537-ws12-o-b192-f,20260926-183537-ws12-o-b192-r,856,748,10002,101,8388608,1378,1351,0,933.512,1017.544,84.032,53,0,82,0,56,0,88100684,89032796,8,221792
original,192,packet-rr,20260926-183537-ws12-o-b192-f,20260926-183537-ws12-o-b192-r,856,788,10005,103,8388608,1378,1376,0,992.634,1065.604,72.97,32,0,44,0,17,0,88100684,89032796,8,221792
original,192,packet-rr,20260926-183537-ws12-o-b192-f,20260926-183537-ws12-o-b192-r,856,992,10003,101,8388608,1378,1383,0,928.56,1014.819,86.259,55,0,4,0,8,0,88100684,89032796,8,221792
original,192,packet-rr,20260926-183537-ws12-o-b192-f,20260926-183537-ws12-o-b192-r,908,436,10000,101,8388608,1380,1317,1,279.053,230.303,-48.75,191,0,1,0,2,0,42187004,43136624,8,226620
original,192,packet-rr,20260926-183537-ws12-o-b192-f,20260926-183537-ws12-o-b192-r,924,248,10002,100,8388608,1380,1287,0,380.364,390.215,9.851,175,0,2,0,1,0,42187004,43136624,8,226620
original,192,packet-rr,20260926-183537-ws12-o-b192-f,20260926-183537-ws12-o-b192-r,924,648,10001,101,8388608,1380,1348,1,650.693,644.657,-6.036,121,0,4,0,14,0,42187004,43136624,8,226620
original,192,packet-rr,20260926-183537-ws12-o-b192-f,20260926-183537-ws12-o-b192-r,924,856,10000,103,8388608,1380,1378,0,1411.002,1485.718,74.716,4,0,350,0,595,0,42187004,43136624,8,226620
original,192,packet-rr,20260926-183537-ws12-o-b192-f,20260926-183537-ws12-o-b192-r,932,576,10002,105,8388608,1381,1346,1,1155.868,1215.45,59.582,19,0,401,0,263,0,57170772,58022508,8,251476
original,192,packet-rr,20260926-183537-ws12-o-b192-f,20260926-183537-ws12-o-b192-r,932,620,10000,100,8388608,1381,1347,0,590.92,432.803,-158.117,169,0,0,0,3,0,57170772,58022508,8,251476
original,192,packet-rr,20260926-183537-ws12-o-b192-f,20260926-183537-ws12-o-b192-r,932,648,10001,102,8388608,1381,1348,1,658.091,651.765,-6.326,116,0,4,0,14,0,57170772,58022508,8,251476
original,192,packet-rr,20260926-183537-ws12-o-b192-f,20260926-183537-ws12-o-b192-r,952,452,10001,101,8388608,1381,1318,0,517.028,560.135,43.107,147,0,1,0,4,0,57170772,58022508,8,251476
original,192,packet-rr,20260926-183537-ws12-o-b192-f,20260926-183537-ws12-o-b192-r,952,788,10000,100,8388608,1381,1376,0,595.215,700.865,105.65,103,0,44,0,17,0,57170772,58022508,8,251476
original,192,packet-rr,20260926-183537-ws12-o-b192-f,20260926-183537-ws12-o-b192-r,956,452,10001,102,8388608,1381,1318,0,511.639,488.342,-23.297,159,0,1,0,4,0,57170772,58022508,8,251476
original,192,packet-rr,20260926-183537-ws12-o-b192-f,20260926-183537-ws12-o-b192-r,956,932,10000,100,8388608,1381,1381,0,253.289,260.886,7.597,190,0,0,0,0,0,57170772,58022508,8,251476
original,192,packet-rr,20260926-183537-ws12-o-b192-f,20260926-183537-ws12-o-b192-r,976,908,10000,100,8388608,1382,1380,0,350.214,476.986,126.772,162,0,12,0,13,0,14828732,15990128,8,265892
original,192,packet-rr,20260926-183537-ws12-o-b192-f,20260926-183537-ws12-o-b192-r,992,388,10001,101,8388608,1383,1316,1,395.075,374.301,-20.774,177,0,3,0,1,0,104645708,105461792,8,236328
original,192,packet-rr,20260926-183537-ws12-o-b192-f,20260926-183537-ws12-o-b192-r,992,636,10000,101,8388608,1383,1347,0,595.88,585.477,-10.403,143,0,3,0,7,0,104645708,105461792,8,236328
original,192,packet-rr,20260926-183537-ws12-o-b192-f,20260926-183537-ws12-o-b192-r,992,828,10002,102,8388608,1383,1377,0,1061.817,1181.553,119.736,20,0,150,0,87,0,104645708,105461792,8,236328
original,192,packet-rr,20260926-183537-ws12-o-b192-f,20260926-183537-ws12-o-b192-r,1000,36,10000,101,8388608,1383,1281,0,1030.938,1028.811,-2.127,42,0,7,0,3,0,104645708,105461792,8,236328
original,192,packet-rr,20260926-183537-ws12-o-b192-f,20260926-183537-ws12-o-b192-r,1000,140,10005,101,8388608,1383,1284,1,1031.003,1030.21,-0.793,41,0,0,0,0,0,104645708,105461792,8,236328
original,192,packet-rr,20260926-183537-ws12-o-b192-f,20260926-183537-ws12-o-b192-r,1000,584,10003,100,8388608,1383,1346,1,1033.065,1032.668,-0.397,39,0,3,0,2,0,104645708,105461792,8,236328
original,192,packet-rr,20260926-183537-ws12-o-b192-f,20260926-183537-ws12-o-b192-r,1000,772,10001,100,8388608,1383,1376,0,1030.517,1028.487,-2.03,43,0,2,0,0,0,104645708,105461792,8,236328
original,192,packet-rr,20260926-183537-ws12-o-b192-f,20260926-183537-ws12-o-b192-r,1000,952,10002,101,8388608,1383,1381,0,1030.529,1026.923,-3.606,44,0,0,0,0,0,104645708,105461792,8,236328
original,192,packet-rr,20260926-183537-ws12-o-b192-f,20260926-183537-ws12-o-b192-r,1000,1180,10004,101,8388608,1383,1412,0,1030.99,1031.618,0.628,40,0,0,0,0,0,104645708,105461792,8,236328
original,192,packet-rr,20260926-183537-ws12-o-b192-f,20260926-183537-ws12-o-b192-r,1016,356,10001,102,8388608,1383,1315,0,594.726,592.51,-2.216,142,0,0,0,0,0,104645708,105461792,8,236328
original,192,packet-rr,20260926-183537-ws12-o-b192-f,20260926-183537-ws12-o-b192-r,1016,856,10000,104,8388608,1383,1378,0,1337.81,1517.749,179.939,2,1,350,0,595,0,104645708,105461792,8,236328
original,192,packet-rr,20260926-183537-ws12-o-b192-f,20260926-183537-ws12-o-b192-r,1124,680,10001,105,8388608,1411,1349,0,1245.139,799.564,-445.575,86,0,248,0,234,0,42582520,43532808,8,238828
original,192,packet-rr,20260926-183537-ws12-o-b192-f,20260926-183537-ws12-o-b192-r,1124,844,10000,101,8388608,1411,1378,0,681.676,477.463,-204.213,161,0,18,0,7,0,42582520,43532808,8,238828
original,192,packet-rr,20260926-183537-ws12-o-b192-f,20260926-183537-ws12-o-b192-r,1144,564,10001,101,8388608,1411,1345,1,467.551,471.033,3.482,164,0,0,0,0,0,42582520,43532808,8,238828
original,192,packet-rr,20260926-183537-ws12-o-b192-f,20260926-183537-ws12-o-b192-r,1144,1016,10000,100,8388608,1411,1383,0,412.128,421.135,9.007,171,0,1,0,2,0,42582520,43532808,8,238828
original,192,packet-rr,20260926-183537-ws12-o-b192-f,20260926-183537-ws12-o-b192-r,1180,176,10000,102,8388608,1412,1285,0,463.507,468.546,5.039,165,0,1,0,5,0,31351788,32575960,8,270512
original,192,packet-rr,20260926-183537-ws12-o-b192-f,20260926-183537-ws12-o-b192-r,1180,764,10001,100,8388608,1412,1351,0,464.4,460.129,-4.271,166,0,0,0,1,0,31351788,32575960,8,270512
original,192,packet-rr,20260926-183537-ws12-o-b192-f,20260926-183537-ws12-o-b192-r,1180,828,10002,104,8388608,1412,1377,0,1064.985,761.25,-303.735,90,0,150,0,87,0,31351788,32575960,8,270512
original,192,packet-rr,20260926-183537-ws12-o-b192-f,20260926-183537-ws12-o-b192-r,1208,284,10004,101,8388608,1413,1312,0,790.624,803.806,13.182,85,0,4,0,7,0,48999004,50287400,8,258572
original,192,packet-rr,20260926-183537-ws12-o-b192-f,20260926-183537-ws12-o-b192-r,1208,828,10002,103,8388608,1413,1377,0,1044.177,1024.877,-19.3,48,0,150,0,87,0,48999004,50287400,8,258572
original,192,packet-rr,20260926-183537-ws12-o-b192-f,20260926-183537-ws12-o-b192-r,1208,908,10003,101,8388608,1413,1380,0,797.177,807.94,10.763,81,0,12,0,13,0,48999004,50287400,8,258572
original,192,packet-rr,20260926-183537-ws12-o-b192-f,20260926-183537-ws12-o-b192-r,1208,1000,10001,101,8388608,1413,1383,0,795.721,806.892,11.171,83,0,0,0,1,0,48999004,50287400,8,258572
original,192,packet-rr,20260926-183537-ws12-o-b192-f,20260926-183537-ws12-o-b192-r,1208,1044,10000,100,8388608,1413,1408,1,793.728,806.061,12.333,84,0,1,0,4,0,48999004,50287400,8,258572
original,192,packet-rr,20260926-183537-ws12-o-b192-f,20260926-183537-ws12-o-b192-r,1248,28,10000,101,8388608,1415,1280,0,353.121,355.735,2.614,185,0,0,0,0,0,49936552,50943332,8,229244
original,192,packet-rr,20260926-183537-ws12-o-b192-f,20260926-183537-ws12-o-b192-r,1248,372,10001,101,8388608,1415,1315,0,353.793,358.371,4.578,184,0,0,0,3,0,49936552,50943332,8,229244
original,192,packet-rr,20260926-183537-ws12-o-b192-f,20260926-183537-ws12-o-b192-r,1268,340,10001,102,8388608,1415,1314,0,707.77,639.014,-68.756,128,0,6,0,12,0,49936552,50943332,8,229244
original,192,packet-rr,20260926-183537-ws12-o-b192-f,20260926-183537-ws12-o-b192-r,1268,976,10002,101,8388608,1415,1382,0,624.42,651.018,26.598,118,0,0,0,2,0,49936552,50943332,8,229244
original,192,packet-rr,20260926-183537-ws12-o-b192-f,20260926-183537-ws12-o-b192-r,1268,1000,10000,100,8388608,1415,1383,0,369.696,397.137,27.441,174,0,0,0,1,0,49936552,50943332,8,229244
original,192,packet-random,20260926-183537-ws12-o-b192-f,20260926-183537-ws12-o-b192-s,28,924,10000,101,8388608,1280,1380,0,631.855,644.878,13.023,122,0,4,0,6,0,13773484,13991196,8,77944
original,192,packet-random,20260926-183537-ws12-o-b192-f,20260926-183537-ws12-o-b192-s,36,128,10002,101,8388608,1281,1284,1,518.503,536.382,17.879,150,0,6,0,9,0,77335956,77824472,8,174224
original,192,packet-random,20260926-183537-ws12-o-b192-f,20260926-183537-ws12-o-b192-s,36,628,10000,100,8388608,1281,1347,0,618.664,611.073,-7.591,139,0,3,0,4,0,77335956,77824472,8,174224
original,192,packet-random,20260926-183537-ws12-o-b192-f,20260926-183537-ws12-o-b192-s,36,1208,10001,100,8388608,1281,1413,0,380.988,396.36,15.372,177,0,2,0,3,0,77335956,77824472,8,174224
original,192,packet-random,20260926-183537-ws12-o-b192-f,20260926-183537-ws12-o-b192-s,56,564,10004,100,8388608,1281,1345,1,620.31,544.414,-75.896,149,0,0,0,0,0,77335956,77824472,8,174224
original,192,packet-random,20260926-183537-ws12-o-b192-f,20260926-183537-ws12-o-b192-s,56,576,10002,103,8388608,1281,1346,1,1109.243,1393.235,283.992,11,0,401,0,426,0,77335956,77824472,8,174224
original,192,packet-random,20260926-183537-ws12-o-b192-f,20260926-183537-ws12-o-b192-s,56,680,10001,103,8388608,1281,1349,0,1198.486,1146.642,-51.844,21,0,248,0,180,0,77335956,77824472,8,174224
original,192,packet-random,20260926-183537-ws12-o-b192-f,20260926-183537-ws12-o-b192-s,56,788,10003,102,8388608,1281,1376,0,810.349,711.344,-99.005,97,0,44,0,28,0,77335956,77824472,8,174224
original,192,packet-random,20260926-183537-ws12-o-b192-f,20260926-183537-ws12-o-b192-s,56,828,10000,100,8388608,1281,1377,0,725.572,766.12,40.548,86,0,150,0,199,0,77335956,77824472,8,174224
original,192,packet-random,20260926-183537-ws12-o-b192-f,20260926-183537-ws12-o-b192-s,112,336,10003,100,8388608,1283,1314,0,996.13,1023.368,27.238,42,0,0,0,0,0,57750404,58076772,8,193324
original,192,packet-random,20260926-183537-ws12-o-b192-f,20260926-183537-ws12-o-b192-s,112,656,10004,101,8388608,1283,1348,1,996.97,1024.05,27.08,39,0,2,0,0,0,57750404,58076772,8,193324
original,192,packet-random,20260926-183537-ws12-o-b192-f,20260926-183537-ws12-o-b192-s,112,720,10000,100,8388608,1283,1350,0,996.648,1023.849,27.201,40,0,1,0,3,0,57750404,58076772,8,193324
original,192,packet-random,20260926-183537-ws12-o-b192-f,20260926-183537-ws12-o-b192-s,112,956,10002,100,8388608,1283,1381,0,996.729,1023.728,26.999,41,0,2,0,5,0,57750404,58076772,8,193324
original,192,packet-random,20260926-183537-ws12-o-b192-f,20260926-183537-ws12-o-b192-s,112,1016,10001,101,8388608,1283,1383,0,996.082,1023.015,26.933,43,0,1,0,1,0,57750404,58076772,8,193324
original,192,packet-random,20260926-183537-ws12-o-b192-f,20260926-183537-ws12-o-b192-s,112,1144,10005,104,8388608,1283,1411,0,1045.605,1022.301,-23.304,44,0,31,0,41,0,57750404,58076772,8,193324
original,192,packet-random,20260926-183537-ws12-o-b192-f,20260926-183537-ws12-o-b192-s,128,356,10001,101,8388608,1284,1315,0,696.302,696.568,0.266,100,0,0,0,0,0,49925260,50201736,8,118548
original,192,packet-random,20260926-183537-ws12-o-b192-f,20260926-183537-ws12-o-b192-s,128,416,10002,101,8388608,1284,1317,1,694.727,694.814,0.087,102,0,0,0,0,0,49925260,50201736,8,118548
original,192,packet-random,20260926-183537-ws12-o-b192-f,20260926-183537-ws12-o-b192-s,128,976,10000,100,8388608,1284,1382,0,695.13,695.116,-0.014,101,0,0,0,1,0,49925260,50201736,8,118548
original,192,packet-random,20260926-183537-ws12-o-b192-f,20260926-183537-ws12-o-b192-s,128,1248,10003,102,8388608,1284,1415,0,693.58,693.407,-0.173,103,0,0,0,0,0,49925260,50201736,8,118548
original,192,packet-random,20260926-183537-ws12-o-b192-f,20260926-183537-ws12-o-b192-s,140,452,10000,100,8388608,1284,1318,0,521.007,523.141,2.134,153,0,1,0,0,0,49925260,50201736,8,118548
original,192,packet-random,20260926-183537-ws12-o-b192-f,20260926-183537-ws12-o-b192-s,168,992,10000,103,8388608,1285,1383,0,579.297,568.361,-10.936,147,0,4,0,6,0,92825224,93126816,8,75764
original,192,packet-random,20260926-183537-ws12-o-b192-f,20260926-183537-ws12-o-b192-s,176,128,10004,102,8388608,1285,1284,1,809.941,809.521,-0.42,79,0,6,0,9,0,92825224,93126816,8,75764
original,192,packet-random,20260926-183537-ws12-o-b192-f,20260926-183537-ws12-o-b192-s,176,308,10001,100,8388608,1285,1313,0,810.363,808.303,-2.06,81,0,2,0,0,0,92825224,93126816,8,75764
original,192,packet-random,20260926-183537-ws12-o-b192-f,20260926-183537-ws12-o-b192-s,176,856,10000,100,8388608,1285,1378,0,1062.14,1132.824,70.684,23,0,350,0,467,0,92825224,93126816,8,75764
original,192,packet-random,20260926-183537-ws12-o-b192-f,20260926-183537-ws12-o-b192-s,176,976,10003,102,8388608,1285,1382,0,813.395,811.961,-1.434,78,0,0,0,1,0,92825224,93126816,8,75764
original,192,packet-random,20260926-183537-ws12-o-b192-f,20260926-183537-ws12-o-b192-s,176,1040,10002,101,8388608,1285,1408,1,811.097,809.459,-1.638,80,0,3,0,0,0,92825224,93126816,8,75764
original,192,packet-random,20260926-183537-ws12-o-b192-f,20260926-183537-ws12-o-b192-s,188,36,10001,100,8388608,1285,1281,0,600.656,647.815,47.159,121,0,7,0,0,0,92825224,93126816,8,75764
original,192,packet-random,20260926-183537-ws12-o-b192-f,20260926-183537-ws12-o-b192-s,188,740,10000,101,8388608,1285,1351,0,654.225,672.325,18.1,115,0,2,0,2,0,92825224,93126816,8,75764
original,192,packet-random,20260926-183537-ws12-o-b192-f,20260926-183537-ws12-o-b192-s,188,748,10003,103,8388608,1285,1351,0,823.202,709.267,-113.935,98,0,82,0,62,0,92825224,93126816,8,75764
original,192,packet-random,20260926-183537-ws12-o-b192-f,20260926-183537-ws12-o-b192-s,188,924,10002,102,8388608,1285,1380,0,653.583,665.943,12.36,117,0,4,0,6,0,92825224,93126816,8,75764
original,192,packet-random,20260926-183537-ws12-o-b192-f,20260926-183537-ws12-o-b192-s,192,416,10000,103,8388608,1286,1317,1,566.101,590.348,24.247,142,0,0,0,0,0,13284184,13508252,8,116600
original,192,packet-random,20260926-183537-ws12-o-b192-f,20260926-183537-ws12-o-b192-s,248,188,10002,100,8388608,1287,1285,0,636.949,611.499,-25.45,138,0,0,0,0,0,39651576,40043556,8,184248
original,192,packet-random,20260926-183537-ws12-o-b192-f,20260926-183537-ws12-o-b192-s,248,380,10001,101,8388608,1287,1315,0,638.38,611.501,-26.879,137,0,0,0,0,0,39651576,40043556,8,184248
original,192,packet-random,20260926-183537-ws12-o-b192-f,20260926-183537-ws12-o-b192-s,248,748,10000,102,8388608,1287,1351,0,846.981,836.794,-10.187,77,0,82,0,62,0,39651576,40043556,8,184248
original,192,packet-random,20260926-183537-ws12-o-b192-f,20260926-183537-ws12-o-b192-s,248,1000,10003,102,8388608,1287,1383,0,639.85,613.228,-26.622,135,0,0,0,0,0,39651576,40043556,8,184248
original,192,packet-random,20260926-183537-ws12-o-b192-f,20260926-183537-ws12-o-b192-s,284,1124,10000,100,8388608,1312,1411,0,388.432,416.056,27.624,173,0,2,0,4,0,22648908,23041836,8,98792
original,192,packet-random,20260926-183537-ws12-o-b192-f,20260926-183537-ws12-o-b192-s,284,1268,10001,100,8388608,1312,1415,0,329.132,368.144,39.012,179,0,6,0,1,0,22648908,23041836,8,98792
original,192,packet-random,20260926-183537-ws12-o-b192-f,20260926-183537-ws12-o-b192-s,308,388,10005,102,8388608,1313,1316,1,933.332,938.767,5.435,62,0,3,0,0,0,57763888,58086784,8,175996
original,192,packet-random,20260926-183537-ws12-o-b192-f,20260926-183537-ws12-o-b192-s,308,576,10000,100,8388608,1313,1346,1,1443.874,1406.041,-37.833,10,0,401,0,426,0,57763888,58086784,8,175996
original,192,packet-random,20260926-183537-ws12-o-b192-f,20260926-183537-ws12-o-b192-s,308,648,10001,100,8388608,1313,1348,1,938.801,940.701,1.9,60,0,4,0,9,0,57763888,58086784,8,175996
original,192,packet-random,20260926-183537-ws12-o-b192-f,20260926-183537-ws12-o-b192-s,308,844,10003,100,8388608,1313,1378,0,940.691,941.47,0.779,58,0,18,0,14,0,57763888,58086784,8,175996
original,192,packet-random,20260926-183537-ws12-o-b192-f,20260926-183537-ws12-o-b192-s,308,1040,10002,100,8388608,1313,1408,1,940.396,941.176,0.78,59,0,3,0,0,0,57763888,58086784,8,175996
original,192,packet-random,20260926-183537-ws12-o-b192-f,20260926-183537-ws12-o-b192-s,308,1268,10004,101,8388608,1313,1415,0,939.768,939.182,-0.586,61,0,6,0,1,0,57763888,58086784,8,175996
original,192,packet-random,20260926-183537-ws12-o-b192-f,20260926-183537-ws12-o-b192-s,332,192,10000,100,8388608,1314,1286,0,346.524,348.55,2.026,184,0,0,0,0,0,87013008,87182176,8,62172
original,192,packet-random,20260926-183537-ws12-o-b192-f,20260926-183537-ws12-o-b192-s,332,576,10001,106,8388608,1314,1346,1,751.386,1428.51,677.124,6,0,401,0,426,0,87013008,87182176,8,62172
original,192,packet-random,20260926-183537-ws12-o-b192-f,20260926-183537-ws12-o-b192-s,336,400,10001,102,8388608,1314,1316,1,934.119,631.475,-302.644,128,0,72,0,54,0,87013008,87182176,8,62172
original,192,packet-random,20260926-183537-ws12-o-b192-f,20260926-183537-ws12-o-b192-s,336,680,10000,101,8388608,1314,1349,0,1117.168,667.746,-449.422,116,0,248,0,180,0,87013008,87182176,8,62172
original,192,packet-random,20260926-183537-ws12-o-b192-f,20260926-183537-ws12-o-b192-s,340,656,10004,100,8388608,1314,1348,1,798.834,736.14,-62.694,94,0,2,0,0,0,87013008,87182176,8,62172
original,192,packet-random,20260926-183537-ws12-o-b192-f,20260926-183537-ws12-o-b192-s,340,680,10000,100,8388608,1314,1349,0,1115.795,1019.052,-96.743,45,0,248,0,180,0,87013008,87182176,8,62172
original,192,packet-random,20260926-183537-ws12-o-b192-f,20260926-183537-ws12-o-b192-s,340,748,10002,100,8388608,1314,1351,0,814.541,926.174,111.633,63,0,82,0,62,0,87013008,87182176,8,62172
original,192,packet-random,20260926-183537-ws12-o-b192-f,20260926-183537-ws12-o-b192-s,340,772,10003,103,8388608,1314,1376,0,799.239,736.393,-62.846,93,0,2,0,2,0,87013008,87182176,8,62172
original,192,packet-random,20260926-183537-ws12-o-b192-f,20260926-183537-ws12-o-b192-s,340,924,10001,100,8388608,1314,1380,0,799.365,760.438,-38.927,90,0,4,0,6,0,87013008,87182176,8,62172
original,192,packet-random,20260926-183537-ws12-o-b192-f,20260926-183537-ws12-o-b192-s,356,332,10002,103,8388608,1315,1314,0,871.204,1148.615,277.411,20,0,125,0,91,0,95822616,96240176,8,133620
original,192,packet-random,20260926-183537-ws12-o-b192-f,20260926-183537-ws12-o-b192-s,356,436,10001,100,8388608,1315,1317,1,604.368,530.099,-74.269,152,0,1,0,3,0,95822616,96240176,8,133620
original,192,packet-random,20260926-183537-ws12-o-b192-f,20260926-183537-ws12-o-b192-s,356,788,10004,104,8388608,1315,1376,0,779.653,804.001,24.348,83,0,44,0,28,0,95822616,96240176,8,133620
original,192,packet-random,20260926-183537-ws12-o-b192-f,20260926-183537-ws12-o-b192-s,356,856,10000,102,8388608,1315,1378,0,1306.843,1518.11,211.267,4,0,350,0,467,0,95822616,96240176,8,133620
original,192,packet-random,20260926-183537-ws12-o-b192-f,20260926-183537-ws12-o-b192-s,356,1040,10003,103,8388608,1315,1408,1,605.332,532.224,-73.108,151,0,3,0,0,0,95822616,96240176,8,133620
original,192,packet-random,20260926-183537-ws12-o-b192-f,20260926-183537-ws12-o-b192-s,372,56,10003,102,8388608,1315,1281,0,556.128,583.786,27.658,144,0,0,0,2,0,95822616,96240176,8,133620
original,192,packet-random,20260926-183537-ws12-o-b192-f,20260926-183537-ws12-o-b192-s,372,284,10000,100,8388608,1315,1312,0,627.802,583.882,-43.92,143,0,4,0,1,0,95822616,96240176,8,133620
original,192,packet-random,20260926-183537-ws12-o-b192-f,20260926-183537-ws12-o-b192-s,372,308,10001,101,8388608,1315,1313,0,517.644,578.866,61.222,146,0,2,0,0,0,95822616,96240176,8,133620
original,192,packet-random,20260926-183537-ws12-o-b192-f,20260926-183537-ws12-o-b192-s,372,332,10002,104,8388608,1315,1314,0,962.251,1067.098,104.847,31,0,125,0,91,0,95822616,96240176,8,133620
original,192,packet-random,20260926-183537-ws12-o-b192-f,20260926-183537-ws12-o-b192-s,380,356,10001,103,8388608,1315,1315,0,517.677,519.782,2.105,155,0,0,0,0,0,95822616,96240176,8,133620
original,192,packet-random,20260926-183537-ws12-o-b192-f,20260926-183537-ws12-o-b192-s,380,400,10000,104,8388608,1315,1316,1,720.731,807.291,86.56,82,0,72,0,54,0,95822616,96240176,8,133620
original,192,packet-random,20260926-183537-ws12-o-b192-f,20260926-183537-ws12-o-b192-s,388,628,10000,101,8388608,1316,1347,0,353.422,351.888,-1.534,182,0,3,0,4,0,68923344,69228736,8,122684
original,192,packet-random,20260926-183537-ws12-o-b192-f,20260926-183537-ws12-o-b192-s,388,1044,10001,101,8388608,1316,1408,1,361.585,362.419,0.834,180,0,1,0,1,0,68923344,69228736,8,122684
original,192,packet-random,20260926-183537-ws12-o-b192-f,20260926-183537-ws12-o-b192-s,400,332,10000,102,8388608,1316,1314,0,401.457,642.643,241.186,123,0,125,0,91,0,68923344,69228736,8,122684
original,192,packet-random,20260926-183537-ws12-o-b192-f,20260926-183537-ws12-o-b192-s,400,740,10001,103,8388608,1316,1351,0,645.114,637.31,-7.804,125,0,2,0,2,0,68923344,69228736,8,122684
original,192,packet-random,20260926-183537-ws12-o-b192-f,20260926-183537-ws12-o-b192-s,404,112,10001,101,8388608,1316,1283,0,377.559,427.045,49.486,171,0,0,0,0,0,68923344,69228736,8,122684
original,192,packet-random,20260926-183537-ws12-o-b192-f,20260926-183537-ws12-o-b192-s,404,332,10000,100,8388608,1316,1314,0,1061.613,910.626,-150.987,64,0,125,0,91,0,68923344,69228736,8,122684
original,192,packet-random,20260926-183537-ws12-o-b192-f,20260926-183537-ws12-o-b192-s,404,764,10002,102,8388608,1316,1351,0,380.831,435.922,55.091,167,0,0,0,0,0,68923344,69228736,8,122684
original,192,packet-random,20260926-183537-ws12-o-b192-f,20260926-183537-ws12-o-b192-s,416,36,10003,102,8388608,1317,1281,0,880.01,871.241,-8.769,72,0,7,0,0,0,76786780,77198940,8,119156
original,192,packet-random,20260926-183537-ws12-o-b192-f,20260926-183537-ws12-o-b192-s,416,128,10001,100,8388608,1317,1284,1,836.046,868.123,32.077,76,0,6,0,9,0,76786780,77198940,8,119156
original,192,packet-random,20260926-183537-ws12-o-b192-f,20260926-183537-ws12-o-b192-s,416,372,10004,102,8388608,1317,1315,0,836.504,869.048,32.544,75,0,0,0,2,0,76786780,77198940,8,119156
original,192,packet-random,20260926-183537-ws12-o-b192-f,20260926-183537-ws12-o-b192-s,416,772,10002,102,8388608,1317,1376,0,836.408,869.451,33.043,74,0,2,0,2,0,76786780,77198940,8,119156
original,192,packet-random,20260926-183537-ws12-o-b192-f,20260926-183537-ws12-o-b192-s,416,776,10000,100,8388608,1317,1376,0,837.807,869.96,32.153,73,0,0,0,1,0,76786780,77198940,8,119156
original,192,packet-random,20260926-183537-ws12-o-b192-f,20260926-183537-ws12-o-b192-s,436,112,10000,100,8388608,1317,1283,0,402.608,488.733,86.125,163,0,0,0,0,0,76786780,77198940,8,119156
original,192,packet-random,20260926-183537-ws12-o-b192-f,20260926-183537-ws12-o-b192-s,436,332,10001,101,8388608,1317,1314,0,1000.042,612.915,-387.127,136,0,125,0,91,0,76786780,77198940,8,119156
original,192,packet-random,20260926-183537-ws12-o-b192-f,20260926-183537-ws12-o-b192-s,436,612,10002,101,8388608,1317,1347,0,407.939,491.922,83.983,162,0,1,0,2,0,76786780,77198940,8,119156
original,192,packet-random,20260926-183537-ws12-o-b192-f,20260926-183537-ws12-o-b192-s,452,36,10001,103,8388608,1318,1281,0,420.116,493.549,73.433,161,0,7,0,0,0,23076792,23476552,8,156252
original,192,packet-random,20260926-183537-ws12-o-b192-f,20260926-183537-ws12-o-b192-s,452,400,10000,103,8388608,1318,1316,1,881.003,635.462,-245.541,126,0,72,0,54,0,23076792,23476552,8,156252
original,192,packet-random,20260926-183537-ws12-o-b192-f,20260926-183537-ws12-o-b192-s,540,176,10000,100,8388608,1344,1285,0,356.358,423.65,67.292,172,0,1,0,1,0,30878084,31107196,8,103764
original,192,packet-random,20260926-183537-ws12-o-b192-f,20260926-183537-ws12-o-b192-s,540,924,10002,103,8388608,1344,1380,0,668.37,672.468,4.098,114,0,4,0,6,0,30878084,31107196,8,103764
original,192,packet-random,20260926-183537-ws12-o-b192-f,20260926-183537-ws12-o-b192-s,540,1144,10001,102,8388608,1344,1411,0,670.21,718.316,48.106,96,0,31,0,41,0,30878084,31107196,8,103764
original,192,packet-random,20260926-183537-ws12-o-b192-f,20260926-183537-ws12-o-b192-s,564,1016,10000,102,8388608,1345,1383,0,413.547,414.979,1.432,174,0,1,0,1,0,14287084,14466392,8,174792
original,192,packet-random,20260926-183537-ws12-o-b192-f,20260926-183537-ws12-o-b192-s,576,656,10001,102,8388608,1346,1348,1,295.386,328.701,33.315,188,0,2,0,0,0,60749832,61085312,8,135896
original,192,packet-random,20260926-183537-ws12-o-b192-f,20260926-183537-ws12-o-b192-s,576,740,10000,100,8388608,1346,1351,0,567.271,565.504,-1.767,148,0,2,0,2,0,60749832,61085312,8,135896
original,192,packet-random,20260926-183537-ws12-o-b192-f,20260926-183537-ws12-o-b192-s,584,340,10003,103,8388608,1346,1314,0,711.78,696.942,-14.838,99,0,6,0,12,0,60749832,61085312,8,135896
original,192,packet-random,20260926-183537-ws12-o-b192-f,20260926-183537-ws12-o-b192-s,584,388,10000,100,8388608,1346,1316,1,667.875,673.098,5.223,113,0,3,0,0,0,60749832,61085312,8,135896
original,192,packet-random,20260926-183537-ws12-o-b192-f,20260926-183537-ws12-o-b192-s,584,404,10001,100,8388608,1346,1316,1,671.165,676.064,4.899,112,0,0,0,0,0,60749832,61085312,8,135896
original,192,packet-random,20260926-183537-ws12-o-b192-f,20260926-183537-ws12-o-b192-s,584,844,10002,102,8388608,1346,1378,0,686.194,682.847,-3.347,111,0,18,0,14,0,60749832,61085312,8,135896
original,192,packet-random,20260926-183537-ws12-o-b192-f,20260926-183537-ws12-o-b192-s,612,28,10000,100,8388608,1347,1280,0,341.818,337.945,-3.873,185,0,0,0,0,0,94738164,94917760,8,88848
original,192,packet-random,20260926-183537-ws12-o-b192-f,20260926-183537-ws12-o-b192-s,612,56,10001,101,8388608,1347,1281,0,522.606,514.915,-7.691,159,0,0,0,2,0,94738164,94917760,8,88848
original,192,packet-random,20260926-183537-ws12-o-b192-f,20260926-183537-ws12-o-b192-s,612,680,10002,104,8388608,1347,1349,0,1045.033,1003.613,-41.42,47,0,248,0,180,0,94738164,94917760,8,88848
original,192,packet-random,20260926-183537-ws12-o-b192-f,20260926-183537-ws12-o-b192-s,620,56,10000,100,8388608,1347,1281,0,522.95,515.136,-7.814,158,0,0,0,2,0,94738164,94917760,8,88848
original,192,packet-random,20260926-183537-ws12-o-b192-f,20260926-183537-ws12-o-b192-s,620,564,10001,102,8388608,1347,1345,1,391.547,433.555,42.008,170,0,0,0,0,0,94738164,94917760,8,88848
original,192,packet-random,20260926-183537-ws12-o-b192-f,20260926-183537-ws12-o-b192-s,628,856,10000,105,8388608,1347,1378,0,514.753,1016.019,501.266,46,0,350,0,467,0,94738164,94917760,8,88848
original,192,packet-random,20260926-183537-ws12-o-b192-f,20260926-183537-ws12-o-b192-s,636,380,10001,100,8388608,1347,1315,0,694.312,692.896,-1.416,104,0,0,0,0,0,94738164,94917760,8,88848
original,192,packet-random,20260926-183537-ws12-o-b192-f,20260926-183537-ws12-o-b192-s,636,952,10000,100,8388608,1347,1381,0,692.884,692.628,-0.256,105,0,0,0,0,0,94738164,94917760,8,88848
original,192,packet-random,20260926-183537-ws12-o-b192-f,20260926-183537-ws12-o-b192-s,636,1144,10003,103,8388608,1347,1411,0,706.517,721.209,14.692,95,0,31,0,41,0,94738164,94917760,8,88848
original,192,packet-random,20260926-183537-ws12-o-b192-f,20260926-183537-ws12-o-b192-s,636,1248,10002,101,8388608,1347,1415,0,693.681,692.438,-1.243,106,0,0,0,0,0,94738164,94917760,8,88848
original,192,packet-random,20260926-183537-ws12-o-b192-f,20260926-183537-ws12-o-b192-s,648,380,10005,102,8388608,1348,1315,0,1040.239,987.626,-52.613,49,0,0,0,0,0,121244360,121545940,8,104004
original,192,packet-random,20260926-183537-ws12-o-b192-f,20260926-183537-ws12-o-b192-s,648,636,10001,100,8388608,1348,1347,0,1039.745,987.17,-52.575,51,0,3,0,1,0,121244360,121545940,8,104004
original,192,packet-random,20260926-183537-ws12-o-b192-f,20260926-183537-ws12-o-b192-s,648,764,10004,101,8388608,1348,1351,0,1039.81,987.191,-52.619,50,0,0,0,0,0,121244360,121545940,8,104004
original,192,packet-random,20260926-183537-ws12-o-b192-f,20260926-183537-ws12-o-b192-s,648,772,10002,101,8388608,1348,1376,0,1040.861,988.769,-52.092,48,0,2,0,2,0,121244360,121545940,8,104004
original,192,packet-random,20260926-183537-ws12-o-b192-f,20260926-183537-ws12-o-b192-s,648,828,10003,101,8388608,1348,1377,0,1042.469,1116.516,74.047,24,0,150,0,199,0,121244360,121545940,8,104004
original,192,packet-random,20260926-183537-ws12-o-b192-f,20260926-183537-ws12-o-b192-s,648,1144,10000,100,8388608,1348,1411,0,1040.178,1051.246,11.068,32,0,31,0,41,0,121244360,121545940,8,104004
original,192,packet-random,20260926-183537-ws12-o-b192-f,20260926-183537-ws12-o-b192-s,656,356,10000,100,8388608,1348,1315,0,1154.751,1105.374,-49.377,27,0,0,0,0,0,121244360,121545940,8,104004
original,192,packet-random,20260926-183537-ws12-o-b192-f,20260926-183537-ws12-o-b192-s,656,612,10003,100,8388608,1348,1347,0,1154.369,1104.989,-49.38,29,0,1,0,2,0,121244360,121545940,8,104004
original,192,packet-random,20260926-183537-ws12-o-b192-f,20260926-183537-ws12-o-b192-s,656,636,10004,102,8388608,1348,1347,0,1154.382,1105.002,-49.38,28,0,3,0,1,0,121244360,121545940,8,104004
original,192,packet-random,20260926-183537-ws12-o-b192-f,20260926-183537-ws12-o-b192-s,656,776,10005,102,8388608,1348,1376,0,1155.283,1106.058,-49.225,25,0,0,0,1,0,121244360,121545940,8,104004
original,192,packet-random,20260926-183537-ws12-o-b192-f,20260926-183537-ws12-o-b192-s,656,788,10001,101,8388608,1348,1376,0,1191.324,1140.169,-51.155,22,0,44,0,28,0,121244360,121545940,8,104004
original,192,packet-random,20260926-183537-ws12-o-b192-f,20260926-183537-ws12-o-b192-s,656,856,10006,106,8388608,1348,1378,0,1256.24,1491.936,235.696,5,0,350,0,467,0,121244360,121545940,8,104004
original,192,packet-random,20260926-183537-ws12-o-b192-f,20260926-183537-ws12-o-b192-s,656,1044,10002,102,8388608,1348,1408,1,1154.784,1105.404,-49.38,26,0,1,0,1,0,121244360,121545940,8,104004
original,192,packet-random,20260926-183537-ws12-o-b192-f,20260926-183537-ws12-o-b192-s,680,748,10001,104,8388608,1349,1351,0,925.342,786.441,-138.901,84,0,82,0,62,0,24597008,25001264,8,168560
original,192,packet-random,20260926-183537-ws12-o-b192-f,20260926-183537-ws12-o-b192-s,680,976,10000,103,8388608,1349,1382,0,619.563,621.383,1.82,131,0,0,0,1,0,24597008,25001264,8,168560
original,192,packet-random,20260926-183537-ws12-o-b192-f,20260926-183537-ws12-o-b192-s,720,1144,10000,101,8388608,1350,1411,0,779.408,777.198,-2.21,85,0,31,0,41,0,13807996,14020392,8,150480
original,192,packet-random,20260926-183537-ws12-o-b192-f,20260926-183537-ws12-o-b192-s,740,720,10001,101,8388608,1351,1350,0,399.606,336.665,-62.941,186,0,1,0,3,0,79249944,79648500,8,106308
original,192,packet-random,20260926-183537-ws12-o-b192-f,20260926-183537-ws12-o-b192-s,740,856,10000,101,8388608,1351,1378,0,1306.41,1547.955,241.545,2,1,350,0,467,0,79249944,79648500,8,106308
original,192,packet-random,20260926-183537-ws12-o-b192-f,20260926-183537-ws12-o-b192-s,740,1124,10002,102,8388608,1351,1411,0,403.535,414.475,10.94,175,0,2,0,4,0,79249944,79648500,8,106308
original,192,packet-random,20260926-183537-ws12-o-b192-f,20260926-183537-ws12-o-b192-s,748,340,10001,101,8388608,1351,1314,0,706.789,631.473,-75.316,129,0,6,0,12,0,79249944,79648500,8,106308
original,192,packet-random,20260926-183537-ws12-o-b192-f,20260926-183537-ws12-o-b192-s,748,576,10000,104,8388608,1351,1346,1,1420.118,902.516,-517.602,65,0,401,0,426,0,79249944,79648500,8,106308
original,192,packet-random,20260926-183537-ws12-o-b192-f,20260926-183537-ws12-o-b192-s,764,140,10001,100,8388608,1351,1284,1,406.405,442.912,36.507,166,0,0,0,0,0,79249944,79648500,8,106308
original,192,packet-random,20260926-183537-ws12-o-b192-f,20260926-183537-ws12-o-b192-s,764,340,10000,100,8388608,1351,1314,0,705.599,638.971,-66.628,124,0,6,0,12,0,79249944,79648500,8,106308
original,192,packet-random,20260926-183537-ws12-o-b192-f,20260926-183537-ws12-o-b192-s,764,648,10002,103,8388608,1351,1348,1,578.004,580.748,2.744,145,0,4,0,9,0,79249944,79648500,8,106308
original,192,packet-random,20260926-183537-ws12-o-b192-f,20260926-183537-ws12-o-b192-s,772,176,10004,101,8388608,1376,1285,0,1369.46,1258.373,-111.087,17,0,1,0,1,0,149094648,149440208,8,165056
original,192,packet-random,20260926-183537-ws12-o-b192-f,20260926-183537-ws12-o-b192-s,772,400,10001,101,8388608,1376,1316,1,1368.913,1333.836,-35.077,13,0,72,0,54,0,149094648,149440208,8,165056
original,192,packet-random,20260926-183537-ws12-o-b192-f,20260926-183537-ws12-o-b192-s,772,416,10005,102,8388608,1376,1317,1,1368.986,1258.386,-110.6,16,0,0,0,0,0,149094648,149440208,8,165056
original,192,packet-random,20260926-183537-ws12-o-b192-f,20260926-183537-ws12-o-b192-s,772,576,10003,102,8388608,1376,1346,1,1397.063,1423.912,26.849,8,0,401,0,426,0,149094648,149440208,8,165056
original,192,packet-random,20260926-183537-ws12-o-b192-f,20260926-183537-ws12-o-b192-s,772,680,10000,102,8388608,1376,1349,0,1368.9,1424.622,55.722,7,0,248,0,180,0,149094648,149440208,8,165056
original,192,packet-random,20260926-183537-ws12-o-b192-f,20260926-183537-ws12-o-b192-s,772,828,10007,105,8388608,1376,1377,0,1368.591,1333.204,-35.387,14,0,150,0,199,0,149094648,149440208,8,165056
original,192,packet-random,20260926-183537-ws12-o-b192-f,20260926-183537-ws12-o-b192-s,772,1124,10002,101,8388608,1376,1411,0,1369.179,1258.34,-110.839,18,0,2,0,4,0,149094648,149440208,8,165056
original,192,packet-random,20260926-183537-ws12-o-b192-f,20260926-183537-ws12-o-b192-s,772,1208,10006,101,8388608,1376,1413,0,1369.635,1258.899,-110.736,15,0,2,0,3,0,149094648,149440208,8,165056
original,192,packet-random,20260926-183537-ws12-o-b192-f,20260926-183537-ws12-o-b192-s,776,636,10002,103,8388608,1376,1347,0,689.594,686.858,-2.736,110,0,3,0,1,0,149094648,149440208,8,165056
original,192,packet-random,20260926-183537-ws12-o-b192-f,20260926-183537-ws12-o-b192-s,776,908,10003,102,8388608,1376,1380,0,691.782,691.561,-0.221,107,0,12,0,8,0,149094648,149440208,8,165056
original,192,packet-random,20260926-183537-ws12-o-b192-f,20260926-183537-ws12-o-b192-s,776,1040,10001,102,8388608,1376,1408,1,690.487,690.166,-0.321,108,0,3,0,0,0,149094648,149440208,8,165056
original,192,packet-random,20260926-183537-ws12-o-b192-f,20260926-183537-ws12-o-b192-s,776,1248,10000,100,8388608,1376,1415,0,686.848,687.054,0.206,109,0,0,0,0,0,149094648,149440208,8,165056
original,192,packet-random,20260926-183537-ws12-o-b192-f,20260926-183537-ws12-o-b192-s,788,380,10003,103,8388608,1376,1315,0,876.406,877.666,1.26,67,0,0,0,0,0,149094648,149440208,8,165056
original,192,packet-random,20260926-183537-ws12-o-b192-f,20260926-183537-ws12-o-b192-s,788,584,10004,101,8388608,1376,1346,1,874.661,876.484,1.823,69,0,3,0,1,0,149094648,149440208,8,165056
original,192,packet-random,20260926-183537-ws12-o-b192-f,20260926-183537-ws12-o-b192-s,788,740,10001,102,8388608,1376,1351,0,873.148,874.05,0.902,70,0,2,0,2,0,149094648,149440208,8,165056
original,192,packet-random,20260926-183537-ws12-o-b192-f,20260926-183537-ws12-o-b192-s,788,776,10002,101,8388608,1376,1376,0,872.658,873.562,0.904,71,0,0,0,1,0,149094648,149440208,8,165056
original,192,packet-random,20260926-183537-ws12-o-b192-f,20260926-183537-ws12-o-b192-s,788,992,10000,100,8388608,1376,1383,0,875.509,876.749,1.24,68,0,4,0,6,0,149094648,149440208,8,165056
original,192,packet-random,20260926-183537-ws12-o-b192-f,20260926-183537-ws12-o-b192-s,828,540,10000,100,8388608,1377,1344,0,210.961,244.015,33.054,192,0,0,0,0,0,24613748,24805632,8,106396
original,192,packet-random,20260926-183537-ws12-o-b192-f,20260926-183537-ws12-o-b192-s,828,844,10001,103,8388608,1377,1378,0,705.153,620.351,-84.802,132,0,18,0,14,0,24613748,24805632,8,106396
original,192,packet-random,20260926-183537-ws12-o-b192-f,20260926-183537-ws12-o-b192-s,844,416,10000,100,8388608,1378,1317,1,576.673,600.587,23.914,140,0,0,0,0,0,88100684,88417616,8,119812
original,192,packet-random,20260926-183537-ws12-o-b192-f,20260926-183537-ws12-o-b192-s,844,992,10002,102,8388608,1378,1383,0,521.521,515.138,-6.383,157,0,4,0,6,0,88100684,88417616,8,119812
original,192,packet-random,20260926-183537-ws12-o-b192-f,20260926-183537-ws12-o-b192-s,844,1180,10001,100,8388608,1378,1412,0,495.415,483.105,-12.31,164,0,0,0,0,0,88100684,88417616,8,119812
original,192,packet-random,20260926-183537-ws12-o-b192-f,20260926-183537-ws12-o-b192-s,856,372,10004,100,8388608,1378,1315,0,928.997,983.885,54.888,57,0,0,0,2,0,88100684,88417616,8,119812
original,192,packet-random,20260926-183537-ws12-o-b192-f,20260926-183537-ws12-o-b192-s,856,400,10000,100,8388608,1378,1316,1,933.701,985.741,52.04,54,0,72,0,54,0,88100684,88417616,8,119812
original,192,packet-random,20260926-183537-ws12-o-b192-f,20260926-183537-ws12-o-b192-s,856,576,10001,101,8388608,1378,1346,1,1405.355,1355.027,-50.328,12,0,401,0,426,0,88100684,88417616,8,119812
original,192,packet-random,20260926-183537-ws12-o-b192-f,20260926-183537-ws12-o-b192-s,856,748,10002,101,8388608,1378,1351,0,933.512,985.933,52.421,52,0,82,0,62,0,88100684,88417616,8,119812
original,192,packet-random,20260926-183537-ws12-o-b192-f,20260926-183537-ws12-o-b192-s,856,788,10005,103,8388608,1378,1376,0,992.634,984.163,-8.471,55,0,44,0,28,0,88100684,88417616,8,119812
original,192,packet-random,20260926-183537-ws12-o-b192-f,20260926-183537-ws12-o-b192-s,856,992,10003,101,8388608,1378,1383,0,928.56,984.064,55.504,56,0,4,0,6,0,88100684,88417616,8,119812
original,192,packet-random,20260926-183537-ws12-o-b192-f,20260926-183537-ws12-o-b192-s,908,436,10000,101,8388608,1380,1317,1,279.053,292.072,13.019,189,0,1,0,3,0,42187004,42498104,8,103580
original,192,packet-random,20260926-183537-ws12-o-b192-f,20260926-183537-ws12-o-b192-s,924,248,10002,100,8388608,1380,1287,0,380.364,275.81,-104.554,190,0,2,0,0,0,42187004,42498104,8,103580
original,192,packet-random,20260926-183537-ws12-o-b192-f,20260926-183537-ws12-o-b192-s,924,648,10001,101,8388608,1380,1348,1,650.693,649.815,-0.878,119,0,4,0,9,0,42187004,42498104,8,103580
original,192,packet-random,20260926-183537-ws12-o-b192-f,20260926-183537-ws12-o-b192-s,924,856,10000,103,8388608,1380,1378,0,1411.002,1529.596,118.594,3,0,350,0,467,0,42187004,42498104,8,103580
original,192,packet-random,20260926-183537-ws12-o-b192-f,20260926-183537-ws12-o-b192-s,932,576,10002,105,8388608,1381,1346,1,1155.868,1571.325,415.457,1,1,401,0,426,0,57170772,57503620,8,100348
original,192,packet-random,20260926-183537-ws12-o-b192-f,20260926-183537-ws12-o-b192-s,932,620,10000,100,8388608,1381,1347,0,590.92,618.669,27.749,133,0,0,0,3,0,57170772,57503620,8,100348
original,192,packet-random,20260926-183537-ws12-o-b192-f,20260926-183537-ws12-o-b192-s,932,648,10001,102,8388608,1381,1348,1,658.091,657.118,-0.973,118,0,4,0,9,0,57170772,57503620,8,100348
original,192,packet-random,20260926-183537-ws12-o-b192-f,20260926-183537-ws12-o-b192-s,952,452,10001,101,8388608,1381,1318,0,517.028,520.931,3.903,154,0,1,0,0,0,57170772,57503620,8,100348
original,192,packet-random,20260926-183537-ws12-o-b192-f,20260926-183537-ws12-o-b192-s,952,788,10000,100,8388608,1381,1376,0,595.215,634.104,38.889,127,0,44,0,28,0,57170772,57503620,8,100348
original,192,packet-random,20260926-183537-ws12-o-b192-f,20260926-183537-ws12-o-b192-s,956,452,10001,102,8388608,1381,1318,0,511.639,519.618,7.979,156,0,1,0,0,0,57170772,57503620,8,100348
original,192,packet-random,20260926-183537-ws12-o-b192-f,20260926-183537-ws12-o-b192-s,956,932,10000,100,8388608,1381,1381,0,253.289,250.434,-2.855,191,0,0,0,0,0,57170772,57503620,8,100348
original,192,packet-random,20260926-183537-ws12-o-b192-f,20260926-183537-ws12-o-b192-s,976,908,10000,100,8388608,1382,1380,0,350.214,483.076,132.862,165,0,12,0,8,0,14828732,15084416,8,160660
original,192,packet-random,20260926-183537-ws12-o-b192-f,20260926-183537-ws12-o-b192-s,992,388,10001,101,8388608,1383,1316,1,395.075,333.878,-61.197,187,0,3,0,0,0,104645708,104914880,8,83940
original,192,packet-random,20260926-183537-ws12-o-b192-f,20260926-183537-ws12-o-b192-s,992,636,10000,101,8388608,1383,1347,0,595.88,618.174,22.294,134,0,3,0,1,0,104645708,104914880,8,83940
original,192,packet-random,20260926-183537-ws12-o-b192-f,20260926-183537-ws12-o-b192-s,992,828,10002,102,8388608,1383,1377,0,1061.817,1073.027,11.21,30,0,150,0,199,0,104645708,104914880,8,83940
original,192,packet-random,20260926-183537-ws12-o-b192-f,20260926-183537-ws12-o-b192-s,1000,36,10000,101,8388608,1383,1281,0,1030.938,1031.138,0.2,36,0,7,0,0,0,104645708,104914880,8,83940
original,192,packet-random,20260926-183537-ws12-o-b192-f,20260926-183537-ws12-o-b192-s,1000,140,10005,101,8388608,1383,1284,1,1031.003,1031.203,0.2,35,0,0,0,0,0,104645708,104914880,8,83940
original,192,packet-random,20260926-183537-ws12-o-b192-f,20260926-183537-ws12-o-b192-s,1000,584,10003,100,8388608,1383,1346,1,1033.065,1032.767,-0.298,33,0,3,0,1,0,104645708,104914880,8,83940
original,192,packet-random,20260926-183537-ws12-o-b192-f,20260926-183537-ws12-o-b192-s,1000,772,10001,100,8388608,1383,1376,0,1030.517,1030.719,0.202,38,0,2,0,2,0,104645708,104914880,8,83940
original,192,packet-random,20260926-183537-ws12-o-b192-f,20260926-183537-ws12-o-b192-s,1000,952,10002,101,8388608,1383,1381,0,1030.529,1030.729,0.2,37,0,0,0,0,0,104645708,104914880,8,83940
original,192,packet-random,20260926-183537-ws12-o-b192-f,20260926-183537-ws12-o-b192-s,1000,1180,10004,101,8388608,1383,1412,0,1030.99,1031.207,0.217,34,0,0,0,0,0,104645708,104914880,8,83940
original,192,packet-random,20260926-183537-ws12-o-b192-f,20260926-183537-ws12-o-b192-s,1016,356,10001,102,8388608,1383,1315,0,594.726,595.115,0.389,141,0,0,0,0,0,104645708,104914880,8,83940
original,192,packet-random,20260926-183537-ws12-o-b192-f,20260926-183537-ws12-o-b192-s,1016,856,10000,104,8388608,1383,1378,0,1337.81,1410.549,72.739,9,0,350,0,467,0,104645708,104914880,8,83940
original,192,packet-random,20260926-183537-ws12-o-b192-f,20260926-183537-ws12-o-b192-s,1124,680,10001,105,8388608,1411,1349,0,1245.139,985.876,-259.263,53,0,248,0,180,0,42582520,42749516,8,93040
original,192,packet-random,20260926-183537-ws12-o-b192-f,20260926-183537-ws12-o-b192-s,1124,844,10000,101,8388608,1411,1378,0,681.676,648.883,-32.793,120,0,18,0,14,0,42582520,42749516,8,93040
original,192,packet-random,20260926-183537-ws12-o-b192-f,20260926-183537-ws12-o-b192-s,1144,564,10001,101,8388608,1411,1345,1,467.551,496.677,29.126,160,0,0,0,0,0,42582520,42749516,8,93040
original,192,packet-random,20260926-183537-ws12-o-b192-f,20260926-183537-ws12-o-b192-s,1144,1016,10000,100,8388608,1411,1383,0,412.128,413.537,1.409,176,0,1,0,1,0,42582520,42749516,8,93040
original,192,packet-random,20260926-183537-ws12-o-b192-f,20260926-183537-ws12-o-b192-s,1180,176,10000,102,8388608,1412,1285,0,463.507,434.306,-29.201,169,0,1,0,1,0,31351788,31687024,8,76780
original,192,packet-random,20260926-183537-ws12-o-b192-f,20260926-183537-ws12-o-b192-s,1180,764,10001,100,8388608,1412,1351,0,464.4,435.168,-29.232,168,0,0,0,0,0,31351788,31687024,8,76780
original,192,packet-random,20260926-183537-ws12-o-b192-f,20260926-183537-ws12-o-b192-s,1180,828,10002,104,8388608,1412,1377,0,1064.985,894.182,-170.803,66,0,150,0,199,0,31351788,31687024,8,76780
original,192,packet-random,20260926-183537-ws12-o-b192-f,20260926-183537-ws12-o-b192-s,1208,284,10004,101,8388608,1413,1312,0,790.624,761.114,-29.51,89,0,4,0,1,0,48999004,49365268,8,146824
original,192,packet-random,20260926-183537-ws12-o-b192-f,20260926-183537-ws12-o-b192-s,1208,828,10002,103,8388608,1413,1377,0,1044.177,1208.617,164.44,19,0,150,0,199,0,48999004,49365268,8,146824
original,192,packet-random,20260926-183537-ws12-o-b192-f,20260926-183537-ws12-o-b192-s,1208,908,10003,101,8388608,1413,1380,0,797.177,764.208,-32.969,87,0,12,0,8,0,48999004,49365268,8,146824
original,192,packet-random,20260926-183537-ws12-o-b192-f,20260926-183537-ws12-o-b192-s,1208,1000,10001,101,8388608,1413,1383,0,795.721,763.116,-32.605,88,0,0,0,0,0,48999004,49365268,8,146824
original,192,packet-random,20260926-183537-ws12-o-b192-f,20260926-183537-ws12-o-b192-s,1208,1044,10000,100,8388608,1413,1408,1,793.728,760.391,-33.337,91,0,1,0,1,0,48999004,49365268,8,146824
original,192,packet-random,20260926-183537-ws12-o-b192-f,20260926-183537-ws12-o-b192-s,1248,28,10000,101,8388608,1415,1280,0,353.121,352.754,-0.367,181,0,0,0,0,0,49936552,50177572,8,114092
original,192,packet-random,20260926-183537-ws12-o-b192-f,20260926-183537-ws12-o-b192-s,1248,372,10001,101,8388608,1415,1315,0,353.793,351.774,-2.019,183,0,0,0,2,0,49936552,50177572,8,114092
original,192,packet-random,20260926-183537-ws12-o-b192-f,20260926-183537-ws12-o-b192-s,1268,340,10001,102,8388608,1415,1314,0,707.77,738.068,30.298,92,0,6,0,12,0,49936552,50177572,8,114092
original,192,packet-random,20260926-183537-ws12-o-b192-f,20260926-183537-ws12-o-b192-s,1268,976,10002,101,8388608,1415,1382,0,624.42,625.951,1.531,130,0,0,0,1,0,49936552,50177572,8,114092
original,192,packet-random,20260926-183537-ws12-o-b192-f,20260926-183537-ws12-o-b192-s,1268,1000,10000,100,8388608,1415,1383,0,369.696,385.544,15.848,178,0,0,0,0,0,49936552,50177572,8,114092
original,192,packet-adaptive,20260926-183537-ws12-o-b192-f,20260926-183537-ws12-o-b192-a,28,924,10000,101,8388608,1280,1380,0,631.855,616.307,-15.548,129,0,4,0,6,0,13773484,14025144,8,77556
original,192,packet-adaptive,20260926-183537-ws12-o-b192-f,20260926-183537-ws12-o-b192-a,36,128,10002,101,8388608,1281,1284,1,518.503,503.22,-15.283,159,0,6,0,0,0,77335956,77559996,8,226352
original,192,packet-adaptive,20260926-183537-ws12-o-b192-f,20260926-183537-ws12-o-b192-a,36,628,10000,100,8388608,1281,1347,0,618.664,592.3,-26.364,141,0,3,0,2,0,77335956,77559996,8,226352
original,192,packet-adaptive,20260926-183537-ws12-o-b192-f,20260926-183537-ws12-o-b192-a,36,1208,10001,100,8388608,1281,1413,0,380.988,507.35,126.362,158,0,2,0,1,0,77335956,77559996,8,226352
original,192,packet-adaptive,20260926-183537-ws12-o-b192-f,20260926-183537-ws12-o-b192-a,56,564,10004,100,8388608,1281,1345,1,620.31,533.151,-87.159,151,0,0,0,0,0,77335956,77559996,8,226352
original,192,packet-adaptive,20260926-183537-ws12-o-b192-f,20260926-183537-ws12-o-b192-a,56,576,10002,103,8388608,1281,1346,1,1109.243,1263.118,153.875,12,0,401,0,273,0,77335956,77559996,8,226352
original,192,packet-adaptive,20260926-183537-ws12-o-b192-f,20260926-183537-ws12-o-b192-a,56,680,10001,103,8388608,1281,1349,0,1198.486,1039.928,-158.558,35,0,248,0,231,0,77335956,77559996,8,226352
original,192,packet-adaptive,20260926-183537-ws12-o-b192-f,20260926-183537-ws12-o-b192-a,56,788,10003,102,8388608,1281,1376,0,810.349,1095.477,285.128,30,0,44,0,62,0,77335956,77559996,8,226352
original,192,packet-adaptive,20260926-183537-ws12-o-b192-f,20260926-183537-ws12-o-b192-a,56,828,10000,100,8388608,1281,1377,0,725.572,1023.208,297.636,49,0,150,0,232,0,77335956,77559996,8,226352
original,192,packet-adaptive,20260926-183537-ws12-o-b192-f,20260926-183537-ws12-o-b192-a,112,336,10003,100,8388608,1283,1314,0,996.13,1023.788,27.658,46,0,0,0,0,0,57750404,58009804,8,132480
original,192,packet-adaptive,20260926-183537-ws12-o-b192-f,20260926-183537-ws12-o-b192-a,112,656,10004,101,8388608,1283,1348,1,996.97,1023.812,26.842,45,0,2,0,0,0,57750404,58009804,8,132480
original,192,packet-adaptive,20260926-183537-ws12-o-b192-f,20260926-183537-ws12-o-b192-a,112,720,10000,100,8388608,1283,1350,0,996.648,1023.742,27.094,48,0,1,0,0,0,57750404,58009804,8,132480
original,192,packet-adaptive,20260926-183537-ws12-o-b192-f,20260926-183537-ws12-o-b192-a,112,956,10002,100,8388608,1283,1381,0,996.729,1023.775,27.046,47,0,2,0,0,0,57750404,58009804,8,132480
original,192,packet-adaptive,20260926-183537-ws12-o-b192-f,20260926-183537-ws12-o-b192-a,112,1016,10001,101,8388608,1283,1383,0,996.082,1024.004,27.922,43,0,1,0,2,0,57750404,58009804,8,132480
original,192,packet-adaptive,20260926-183537-ws12-o-b192-f,20260926-183537-ws12-o-b192-a,112,1144,10005,104,8388608,1283,1411,0,1045.605,1023.822,-21.783,44,0,31,0,24,0,57750404,58009804,8,132480
original,192,packet-adaptive,20260926-183537-ws12-o-b192-f,20260926-183537-ws12-o-b192-a,128,356,10001,101,8388608,1284,1315,0,696.302,694.855,-1.447,105,0,0,0,0,0,49925260,50151416,8,96516
original,192,packet-adaptive,20260926-183537-ws12-o-b192-f,20260926-183537-ws12-o-b192-a,128,416,10002,101,8388608,1284,1317,1,694.727,690.976,-3.751,109,0,0,0,1,0,49925260,50151416,8,96516
original,192,packet-adaptive,20260926-183537-ws12-o-b192-f,20260926-183537-ws12-o-b192-a,128,976,10000,100,8388608,1284,1382,0,695.13,693.748,-1.382,106,0,0,0,3,0,49925260,50151416,8,96516
original,192,packet-adaptive,20260926-183537-ws12-o-b192-f,20260926-183537-ws12-o-b192-a,128,1248,10003,102,8388608,1284,1415,0,693.58,690.379,-3.201,110,0,0,0,0,0,49925260,50151416,8,96516
original,192,packet-adaptive,20260926-183537-ws12-o-b192-f,20260926-183537-ws12-o-b192-a,140,452,10000,100,8388608,1284,1318,0,521.007,522.494,1.487,152,0,1,0,0,0,49925260,50151416,8,96516
original,192,packet-adaptive,20260926-183537-ws12-o-b192-f,20260926-183537-ws12-o-b192-a,168,992,10000,103,8388608,1285,1383,0,579.297,566.214,-13.083,147,0,4,0,2,0,92825224,93007004,8,130560
original,192,packet-adaptive,20260926-183537-ws12-o-b192-f,20260926-183537-ws12-o-b192-a,176,128,10004,102,8388608,1285,1284,1,809.941,795.891,-14.05,90,0,6,0,0,0,92825224,93007004,8,130560
original,192,packet-adaptive,20260926-183537-ws12-o-b192-f,20260926-183537-ws12-o-b192-a,176,308,10001,100,8388608,1285,1313,0,810.363,796.523,-13.84,88,0,2,0,0,0,92825224,93007004,8,130560
original,192,packet-adaptive,20260926-183537-ws12-o-b192-f,20260926-183537-ws12-o-b192-a,176,856,10000,100,8388608,1285,1378,0,1062.14,1269.884,207.744,11,0,350,0,608,0,92825224,93007004,8,130560
original,192,packet-adaptive,20260926-183537-ws12-o-b192-f,20260926-183537-ws12-o-b192-a,176,976,10003,102,8388608,1285,1382,0,813.395,799.392,-14.003,87,0,0,0,3,0,92825224,93007004,8,130560
original,192,packet-adaptive,20260926-183537-ws12-o-b192-f,20260926-183537-ws12-o-b192-a,176,1040,10002,101,8388608,1285,1408,1,811.097,796.279,-14.818,89,0,3,0,7,0,92825224,93007004,8,130560
original,192,packet-adaptive,20260926-183537-ws12-o-b192-f,20260926-183537-ws12-o-b192-a,188,36,10001,100,8388608,1285,1281,0,600.656,576.808,-23.848,144,0,7,0,4,0,92825224,93007004,8,130560
original,192,packet-adaptive,20260926-183537-ws12-o-b192-f,20260926-183537-ws12-o-b192-a,188,740,10000,101,8388608,1285,1351,0,654.225,637.598,-16.627,119,0,2,0,2,0,92825224,93007004,8,130560
original,192,packet-adaptive,20260926-183537-ws12-o-b192-f,20260926-183537-ws12-o-b192-a,188,748,10003,103,8388608,1285,1351,0,823.202,837.389,14.187,84,0,82,0,32,0,92825224,93007004,8,130560
original,192,packet-adaptive,20260926-183537-ws12-o-b192-f,20260926-183537-ws12-o-b192-a,188,924,10002,102,8388608,1285,1380,0,653.583,637.595,-15.988,120,0,4,0,6,0,92825224,93007004,8,130560
original,192,packet-adaptive,20260926-183537-ws12-o-b192-f,20260926-183537-ws12-o-b192-a,192,416,10000,103,8388608,1286,1317,1,566.101,594.27,28.169,140,0,0,0,1,0,13284184,13495080,8,129096
original,192,packet-adaptive,20260926-183537-ws12-o-b192-f,20260926-183537-ws12-o-b192-a,248,188,10002,100,8388608,1287,1285,0,636.949,616.997,-19.952,128,0,0,0,0,0,39651576,39871976,8,211256
original,192,packet-adaptive,20260926-183537-ws12-o-b192-f,20260926-183537-ws12-o-b192-a,248,380,10001,101,8388608,1287,1315,0,638.38,615.893,-22.487,130,0,0,0,0,0,39651576,39871976,8,211256
original,192,packet-adaptive,20260926-183537-ws12-o-b192-f,20260926-183537-ws12-o-b192-a,248,748,10000,102,8388608,1287,1351,0,846.981,812.526,-34.455,85,0,82,0,32,0,39651576,39871976,8,211256
original,192,packet-adaptive,20260926-183537-ws12-o-b192-f,20260926-183537-ws12-o-b192-a,248,1000,10003,102,8388608,1287,1383,0,639.85,618.652,-21.198,127,0,0,0,0,0,39651576,39871976,8,211256
original,192,packet-adaptive,20260926-183537-ws12-o-b192-f,20260926-183537-ws12-o-b192-a,284,1124,10000,100,8388608,1312,1411,0,388.432,404.566,16.134,176,0,2,0,0,0,22648908,22874420,8,151676
original,192,packet-adaptive,20260926-183537-ws12-o-b192-f,20260926-183537-ws12-o-b192-a,284,1268,10001,100,8388608,1312,1415,0,329.132,395.515,66.383,177,0,6,0,0,0,22648908,22874420,8,151676
original,192,packet-adaptive,20260926-183537-ws12-o-b192-f,20260926-183537-ws12-o-b192-a,308,388,10005,102,8388608,1313,1316,1,933.332,1017.907,84.575,54,0,3,0,0,0,57763888,57974264,8,219700
original,192,packet-adaptive,20260926-183537-ws12-o-b192-f,20260926-183537-ws12-o-b192-a,308,576,10000,100,8388608,1313,1346,1,1443.874,1028.617,-415.257,42,0,401,0,273,0,57763888,57974264,8,219700
original,192,packet-adaptive,20260926-183537-ws12-o-b192-f,20260926-183537-ws12-o-b192-a,308,648,10001,100,8388608,1313,1348,1,938.801,1022.438,83.637,51,0,4,0,2,0,57763888,57974264,8,219700
original,192,packet-adaptive,20260926-183537-ws12-o-b192-f,20260926-183537-ws12-o-b192-a,308,844,10003,100,8388608,1313,1378,0,940.691,1022.669,81.978,50,0,18,0,4,0,57763888,57974264,8,219700
original,192,packet-adaptive,20260926-183537-ws12-o-b192-f,20260926-183537-ws12-o-b192-a,308,1040,10002,100,8388608,1313,1408,1,940.396,1021.668,81.272,52,0,3,0,7,0,57763888,57974264,8,219700
original,192,packet-adaptive,20260926-183537-ws12-o-b192-f,20260926-183537-ws12-o-b192-a,308,1268,10004,101,8388608,1313,1415,0,939.768,1018.322,78.554,53,0,6,0,0,0,57763888,57974264,8,219700
original,192,packet-adaptive,20260926-183537-ws12-o-b192-f,20260926-183537-ws12-o-b192-a,332,192,10000,100,8388608,1314,1286,0,346.524,348.588,2.064,184,0,0,0,0,0,87013008,87180600,8,77736
original,192,packet-adaptive,20260926-183537-ws12-o-b192-f,20260926-183537-ws12-o-b192-a,332,576,10001,106,8388608,1314,1346,1,751.386,701.51,-49.876,101,0,401,0,273,0,87013008,87180600,8,77736
original,192,packet-adaptive,20260926-183537-ws12-o-b192-f,20260926-183537-ws12-o-b192-a,336,400,10001,102,8388608,1314,1316,1,934.119,806.702,-127.417,86,0,72,0,63,0,87013008,87180600,8,77736
original,192,packet-adaptive,20260926-183537-ws12-o-b192-f,20260926-183537-ws12-o-b192-a,336,680,10000,101,8388608,1314,1349,0,1117.168,1089.846,-27.322,31,0,248,0,231,0,87013008,87180600,8,77736
original,192,packet-adaptive,20260926-183537-ws12-o-b192-f,20260926-183537-ws12-o-b192-a,340,656,10004,100,8388608,1314,1348,1,798.834,864.178,65.344,83,0,2,0,0,0,87013008,87180600,8,77736
original,192,packet-adaptive,20260926-183537-ws12-o-b192-f,20260926-183537-ws12-o-b192-a,340,680,10000,100,8388608,1314,1349,0,1115.795,889.525,-226.27,67,0,248,0,231,0,87013008,87180600,8,77736
original,192,packet-adaptive,20260926-183537-ws12-o-b192-f,20260926-183537-ws12-o-b192-a,340,748,10002,100,8388608,1314,1351,0,814.541,867.746,53.205,79,0,82,0,32,0,87013008,87180600,8,77736
original,192,packet-adaptive,20260926-183537-ws12-o-b192-f,20260926-183537-ws12-o-b192-a,340,772,10003,103,8388608,1314,1376,0,799.239,866.806,67.567,80,0,2,0,1,0,87013008,87180600,8,77736
original,192,packet-adaptive,20260926-183537-ws12-o-b192-f,20260926-183537-ws12-o-b192-a,340,924,10001,100,8388608,1314,1380,0,799.365,868.556,69.191,76,0,4,0,6,0,87013008,87180600,8,77736
original,192,packet-adaptive,20260926-183537-ws12-o-b192-f,20260926-183537-ws12-o-b192-a,356,332,10002,103,8388608,1315,1314,0,871.204,865.732,-5.472,81,0,125,0,129,0,95822616,95993848,8,160836
original,192,packet-adaptive,20260926-183537-ws12-o-b192-f,20260926-183537-ws12-o-b192-a,356,436,10001,100,8388608,1315,1317,1,604.368,607.543,3.175,136,0,1,0,0,0,95822616,95993848,8,160836
original,192,packet-adaptive,20260926-183537-ws12-o-b192-f,20260926-183537-ws12-o-b192-a,356,788,10004,104,8388608,1315,1376,0,779.653,865.694,86.041,82,0,44,0,62,0,95822616,95993848,8,160836
original,192,packet-adaptive,20260926-183537-ws12-o-b192-f,20260926-183537-ws12-o-b192-a,356,856,10000,102,8388608,1315,1378,0,1306.843,1530.852,224.009,3,0,350,0,608,0,95822616,95993848,8,160836
original,192,packet-adaptive,20260926-183537-ws12-o-b192-f,20260926-183537-ws12-o-b192-a,356,1040,10003,103,8388608,1315,1408,1,605.332,614.85,9.518,131,0,3,0,7,0,95822616,95993848,8,160836
original,192,packet-adaptive,20260926-183537-ws12-o-b192-f,20260926-183537-ws12-o-b192-a,372,56,10003,102,8388608,1315,1281,0,556.128,610.476,54.348,134,0,0,0,4,0,95822616,95993848,8,160836
original,192,packet-adaptive,20260926-183537-ws12-o-b192-f,20260926-183537-ws12-o-b192-a,372,284,10000,100,8388608,1315,1312,0,627.802,611.094,-16.708,133,0,4,0,1,0,95822616,95993848,8,160836
original,192,packet-adaptive,20260926-183537-ws12-o-b192-f,20260926-183537-ws12-o-b192-a,372,308,10001,101,8388608,1315,1313,0,517.644,610.085,92.441,135,0,2,0,0,0,95822616,95993848,8,160836
original,192,packet-adaptive,20260926-183537-ws12-o-b192-f,20260926-183537-ws12-o-b192-a,372,332,10002,104,8388608,1315,1314,0,962.251,944.025,-18.226,65,0,125,0,129,0,95822616,95993848,8,160836
original,192,packet-adaptive,20260926-183537-ws12-o-b192-f,20260926-183537-ws12-o-b192-a,380,356,10001,103,8388608,1315,1315,0,517.677,521.091,3.414,153,0,0,0,0,0,95822616,95993848,8,160836
original,192,packet-adaptive,20260926-183537-ws12-o-b192-f,20260926-183537-ws12-o-b192-a,380,400,10000,104,8388608,1315,1316,1,720.731,567.6,-153.131,146,0,72,0,63,0,95822616,95993848,8,160836
original,192,packet-adaptive,20260926-183537-ws12-o-b192-f,20260926-183537-ws12-o-b192-a,388,628,10000,101,8388608,1316,1347,0,353.422,353.83,0.408,181,0,3,0,2,0,68923344,69061344,8,144900
original,192,packet-adaptive,20260926-183537-ws12-o-b192-f,20260926-183537-ws12-o-b192-a,388,1044,10001,101,8388608,1316,1408,1,361.585,361.614,0.029,180,0,1,0,5,0,68923344,69061344,8,144900
original,192,packet-adaptive,20260926-183537-ws12-o-b192-f,20260926-183537-ws12-o-b192-a,400,332,10000,102,8388608,1316,1314,0,401.457,433.304,31.847,166,0,125,0,129,0,68923344,69061344,8,144900
original,192,packet-adaptive,20260926-183537-ws12-o-b192-f,20260926-183537-ws12-o-b192-a,400,740,10001,103,8388608,1316,1351,0,645.114,650.373,5.259,116,0,2,0,2,0,68923344,69061344,8,144900
original,192,packet-adaptive,20260926-183537-ws12-o-b192-f,20260926-183537-ws12-o-b192-a,404,112,10001,101,8388608,1316,1283,0,377.559,326.834,-50.725,187,0,0,0,0,0,68923344,69061344,8,144900
original,192,packet-adaptive,20260926-183537-ws12-o-b192-f,20260926-183537-ws12-o-b192-a,404,332,10000,100,8388608,1316,1314,0,1061.613,1086.092,24.479,32,0,125,0,129,0,68923344,69061344,8,144900
original,192,packet-adaptive,20260926-183537-ws12-o-b192-f,20260926-183537-ws12-o-b192-a,404,764,10002,102,8388608,1316,1351,0,380.831,428.98,48.149,167,0,0,0,0,0,68923344,69061344,8,144900
original,192,packet-adaptive,20260926-183537-ws12-o-b192-f,20260926-183537-ws12-o-b192-a,416,36,10003,102,8388608,1317,1281,0,880.01,870.759,-9.251,73,0,7,0,4,0,76786780,76979148,8,133460
original,192,packet-adaptive,20260926-183537-ws12-o-b192-f,20260926-183537-ws12-o-b192-a,416,128,10001,100,8388608,1317,1284,1,836.046,870.025,33.979,74,0,6,0,0,0,76786780,76979148,8,133460
original,192,packet-adaptive,20260926-183537-ws12-o-b192-f,20260926-183537-ws12-o-b192-a,416,372,10004,102,8388608,1317,1315,0,836.504,867.951,31.447,78,0,0,0,0,0,76786780,76979148,8,133460
original,192,packet-adaptive,20260926-183537-ws12-o-b192-f,20260926-183537-ws12-o-b192-a,416,772,10002,102,8388608,1317,1376,0,836.408,868.328,31.92,77,0,2,0,1,0,76786780,76979148,8,133460
original,192,packet-adaptive,20260926-183537-ws12-o-b192-f,20260926-183537-ws12-o-b192-a,416,776,10000,100,8388608,1317,1376,0,837.807,869.909,32.102,75,0,0,0,1,0,76786780,76979148,8,133460
original,192,packet-adaptive,20260926-183537-ws12-o-b192-f,20260926-183537-ws12-o-b192-a,436,112,10000,100,8388608,1317,1283,0,402.608,405.66,3.052,175,0,0,0,0,0,76786780,76979148,8,133460
original,192,packet-adaptive,20260926-183537-ws12-o-b192-f,20260926-183537-ws12-o-b192-a,436,332,10001,101,8388608,1317,1314,0,1000.042,915.299,-84.743,66,0,125,0,129,0,76786780,76979148,8,133460
original,192,packet-adaptive,20260926-183537-ws12-o-b192-f,20260926-183537-ws12-o-b192-a,436,612,10002,101,8388608,1317,1347,0,407.939,406.244,-1.695,174,0,1,0,0,0,76786780,76979148,8,133460
original,192,packet-adaptive,20260926-183537-ws12-o-b192-f,20260926-183537-ws12-o-b192-a,452,36,10001,103,8388608,1318,1281,0,420.116,520.208,100.092,155,0,7,0,4,0,23076792,23320228,8,132124
original,192,packet-adaptive,20260926-183537-ws12-o-b192-f,20260926-183537-ws12-o-b192-a,452,400,10000,103,8388608,1318,1316,1,881.003,711.831,-169.172,99,0,72,0,63,0,23076792,23320228,8,132124
original,192,packet-adaptive,20260926-183537-ws12-o-b192-f,20260926-183537-ws12-o-b192-a,540,176,10000,100,8388608,1344,1285,0,356.358,423.14,66.782,170,0,1,0,0,0,30878084,31107552,8,145956
original,192,packet-adaptive,20260926-183537-ws12-o-b192-f,20260926-183537-ws12-o-b192-a,540,924,10002,103,8388608,1344,1380,0,668.37,655.556,-12.814,114,0,4,0,6,0,30878084,31107552,8,145956
original,192,packet-adaptive,20260926-183537-ws12-o-b192-f,20260926-183537-ws12-o-b192-a,540,1144,10001,102,8388608,1344,1411,0,670.21,772.893,102.683,96,0,31,0,24,0,30878084,31107552,8,145956
original,192,packet-adaptive,20260926-183537-ws12-o-b192-f,20260926-183537-ws12-o-b192-a,564,1016,10000,102,8388608,1345,1383,0,413.547,416.315,2.768,171,0,1,0,2,0,14287084,14491764,8,170984
original,192,packet-adaptive,20260926-183537-ws12-o-b192-f,20260926-183537-ws12-o-b192-a,576,656,10001,102,8388608,1346,1348,1,295.386,284.99,-10.396,188,0,2,0,0,0,60749832,60963748,8,189316
original,192,packet-adaptive,20260926-183537-ws12-o-b192-f,20260926-183537-ws12-o-b192-a,576,740,10000,100,8388608,1346,1351,0,567.271,569.995,2.724,145,0,2,0,2,0,60749832,60963748,8,189316
original,192,packet-adaptive,20260926-183537-ws12-o-b192-f,20260926-183537-ws12-o-b192-a,584,340,10003,103,8388608,1346,1314,0,711.78,760.831,49.051,98,0,6,0,17,0,60749832,60963748,8,189316
original,192,packet-adaptive,20260926-183537-ws12-o-b192-f,20260926-183537-ws12-o-b192-a,584,388,10000,100,8388608,1346,1316,1,667.875,627.924,-39.951,124,0,3,0,0,0,60749832,60963748,8,189316
original,192,packet-adaptive,20260926-183537-ws12-o-b192-f,20260926-183537-ws12-o-b192-a,584,404,10001,100,8388608,1346,1316,1,671.165,629.934,-41.231,123,0,0,0,0,0,60749832,60963748,8,189316
original,192,packet-adaptive,20260926-183537-ws12-o-b192-f,20260926-183537-ws12-o-b192-a,584,844,10002,102,8388608,1346,1378,0,686.194,652.809,-33.385,115,0,18,0,4,0,60749832,60963748,8,189316
original,192,packet-adaptive,20260926-183537-ws12-o-b192-f,20260926-183537-ws12-o-b192-a,612,28,10000,100,8388608,1347,1280,0,341.818,339.885,-1.933,186,0,0,0,0,0,94738164,94867756,8,102712
original,192,packet-adaptive,20260926-183537-ws12-o-b192-f,20260926-183537-ws12-o-b192-a,612,56,10001,101,8388608,1347,1281,0,522.606,497.854,-24.752,162,0,0,0,4,0,94738164,94867756,8,102712
original,192,packet-adaptive,20260926-183537-ws12-o-b192-f,20260926-183537-ws12-o-b192-a,612,680,10002,104,8388608,1347,1349,0,1045.033,1222.345,177.312,19,0,248,0,231,0,94738164,94867756,8,102712
original,192,packet-adaptive,20260926-183537-ws12-o-b192-f,20260926-183537-ws12-o-b192-a,620,56,10000,100,8388608,1347,1281,0,522.95,498.497,-24.453,161,0,0,0,4,0,94738164,94867756,8,102712
original,192,packet-adaptive,20260926-183537-ws12-o-b192-f,20260926-183537-ws12-o-b192-a,620,564,10001,102,8388608,1347,1345,1,391.547,435.804,44.257,165,0,0,0,0,0,94738164,94867756,8,102712
original,192,packet-adaptive,20260926-183537-ws12-o-b192-f,20260926-183537-ws12-o-b192-a,628,856,10000,105,8388608,1347,1378,0,514.753,1496.76,982.007,5,0,350,0,608,0,94738164,94867756,8,102712
original,192,packet-adaptive,20260926-183537-ws12-o-b192-f,20260926-183537-ws12-o-b192-a,636,380,10001,100,8388608,1347,1315,0,694.312,695.331,1.019,103,0,0,0,0,0,94738164,94867756,8,102712
original,192,packet-adaptive,20260926-183537-ws12-o-b192-f,20260926-183537-ws12-o-b192-a,636,952,10000,100,8388608,1347,1381,0,692.884,695.243,2.359,104,0,0,0,0,0,94738164,94867756,8,102712
original,192,packet-adaptive,20260926-183537-ws12-o-b192-f,20260926-183537-ws12-o-b192-a,636,1144,10003,103,8388608,1347,1411,0,706.517,704.131,-2.386,100,0,31,0,24,0,94738164,94867756,8,102712
original,192,packet-adaptive,20260926-183537-ws12-o-b192-f,20260926-183537-ws12-o-b192-a,636,1248,10002,101,8388608,1347,1415,0,693.681,695.447,1.766,102,0,0,0,0,0,94738164,94867756,8,102712
original,192,packet-adaptive,20260926-183537-ws12-o-b192-f,20260926-183537-ws12-o-b192-a,648,380,10005,102,8388608,1348,1315,0,1040.239,1014.219,-26.02,62,0,0,0,0,0,121244360,121441748,8,110016
original,192,packet-adaptive,20260926-183537-ws12-o-b192-f,20260926-183537-ws12-o-b192-a,648,636,10001,100,8388608,1348,1347,0,1039.745,1013.739,-26.006,64,0,3,0,1,0,121244360,121441748,8,110016
original,192,packet-adaptive,20260926-183537-ws12-o-b192-f,20260926-183537-ws12-o-b192-a,648,764,10004,101,8388608,1348,1351,0,1039.81,1013.771,-26.039,63,0,0,0,0,0,121244360,121441748,8,110016
original,192,packet-adaptive,20260926-183537-ws12-o-b192-f,20260926-183537-ws12-o-b192-a,648,772,10002,101,8388608,1348,1376,0,1040.861,1014.72,-26.141,58,0,2,0,1,0,121244360,121441748,8,110016
original,192,packet-adaptive,20260926-183537-ws12-o-b192-f,20260926-183537-ws12-o-b192-a,648,828,10003,101,8388608,1348,1377,0,1042.469,1014.29,-28.179,61,0,150,0,232,0,121244360,121441748,8,110016
original,192,packet-adaptive,20260926-183537-ws12-o-b192-f,20260926-183537-ws12-o-b192-a,648,1144,10000,100,8388608,1348,1411,0,1040.178,1048.479,8.301,34,0,31,0,24,0,121244360,121441748,8,110016
original,192,packet-adaptive,20260926-183537-ws12-o-b192-f,20260926-183537-ws12-o-b192-a,656,356,10000,100,8388608,1348,1315,0,1154.751,1121.511,-33.24,27,0,0,0,0,0,121244360,121441748,8,110016
original,192,packet-adaptive,20260926-183537-ws12-o-b192-f,20260926-183537-ws12-o-b192-a,656,612,10003,100,8388608,1348,1347,0,1154.369,1121.129,-33.24,29,0,1,0,0,0,121244360,121441748,8,110016
original,192,packet-adaptive,20260926-183537-ws12-o-b192-f,20260926-183537-ws12-o-b192-a,656,636,10004,102,8388608,1348,1347,0,1154.382,1121.142,-33.24,28,0,3,0,1,0,121244360,121441748,8,110016
original,192,packet-adaptive,20260926-183537-ws12-o-b192-f,20260926-183537-ws12-o-b192-a,656,776,10005,102,8388608,1348,1376,0,1155.283,1121.683,-33.6,25,0,0,0,1,0,121244360,121441748,8,110016
original,192,packet-adaptive,20260926-183537-ws12-o-b192-f,20260926-183537-ws12-o-b192-a,656,788,10001,101,8388608,1348,1376,0,1191.324,1121.524,-69.8,26,0,44,0,62,0,121244360,121441748,8,110016
original,192,packet-adaptive,20260926-183537-ws12-o-b192-f,20260926-183537-ws12-o-b192-a,656,856,10006,106,8388608,1348,1378,0,1256.24,1706.348,450.108,1,1,350,0,608,0,121244360,121441748,8,110016
original,192,packet-adaptive,20260926-183537-ws12-o-b192-f,20260926-183537-ws12-o-b192-a,656,1044,10002,102,8388608,1348,1408,1,1154.784,1121.718,-33.066,24,0,1,0,5,0,121244360,121441748,8,110016
original,192,packet-adaptive,20260926-183537-ws12-o-b192-f,20260926-183537-ws12-o-b192-a,680,748,10001,104,8388608,1349,1351,0,925.342,659.562,-265.78,113,0,82,0,32,0,24597008,24816108,8,196792
original,192,packet-adaptive,20260926-183537-ws12-o-b192-f,20260926-183537-ws12-o-b192-a,680,976,10000,103,8388608,1349,1382,0,619.563,621.817,2.254,126,0,0,0,3,0,24597008,24816108,8,196792
original,192,packet-adaptive,20260926-183537-ws12-o-b192-f,20260926-183537-ws12-o-b192-a,720,1144,10000,101,8388608,1350,1411,0,779.408,647.099,-132.309,117,0,31,0,24,0,13807996,14019484,8,173200
original,192,packet-adaptive,20260926-183537-ws12-o-b192-f,20260926-183537-ws12-o-b192-a,740,720,10001,101,8388608,1351,1350,0,399.606,362.22,-37.386,179,0,1,0,0,0,79249944,79399716,8,204308
original,192,packet-adaptive,20260926-183537-ws12-o-b192-f,20260926-183537-ws12-o-b192-a,740,856,10000,101,8388608,1351,1378,0,1306.41,1499.166,192.756,4,0,350,0,608,0,79249944,79399716,8,204308
original,192,packet-adaptive,20260926-183537-ws12-o-b192-f,20260926-183537-ws12-o-b192-a,740,1124,10002,102,8388608,1351,1411,0,403.535,409.662,6.127,173,0,2,0,0,0,79249944,79399716,8,204308
original,192,packet-adaptive,20260926-183537-ws12-o-b192-f,20260926-183537-ws12-o-b192-a,748,340,10001,101,8388608,1351,1314,0,706.789,583.01,-123.779,143,0,6,0,17,0,79249944,79399716,8,204308
original,192,packet-adaptive,20260926-183537-ws12-o-b192-f,20260926-183537-ws12-o-b192-a,748,576,10000,104,8388608,1351,1346,1,1420.118,1282.809,-137.309,10,0,401,0,273,0,79249944,79399716,8,204308
original,192,packet-adaptive,20260926-183537-ws12-o-b192-f,20260926-183537-ws12-o-b192-a,764,140,10001,100,8388608,1351,1284,1,406.405,469.774,63.369,164,0,0,0,0,0,79249944,79399716,8,204308
original,192,packet-adaptive,20260926-183537-ws12-o-b192-f,20260926-183537-ws12-o-b192-a,764,340,10000,100,8388608,1351,1314,0,705.599,592.041,-113.558,142,0,6,0,17,0,79249944,79399716,8,204308
original,192,packet-adaptive,20260926-183537-ws12-o-b192-f,20260926-183537-ws12-o-b192-a,764,648,10002,103,8388608,1351,1348,1,578.004,565.069,-12.935,148,0,4,0,2,0,79249944,79399716,8,204308
original,192,packet-adaptive,20260926-183537-ws12-o-b192-f,20260926-183537-ws12-o-b192-a,772,176,10004,101,8388608,1376,1285,0,1369.46,1251.026,-118.434,15,0,1,0,0,0,149094648,149260060,8,159524
original,192,packet-adaptive,20260926-183537-ws12-o-b192-f,20260926-183537-ws12-o-b192-a,772,400,10001,101,8388608,1376,1316,1,1368.913,1330.991,-37.922,9,0,72,0,63,0,149094648,149260060,8,159524
original,192,packet-adaptive,20260926-183537-ws12-o-b192-f,20260926-183537-ws12-o-b192-a,772,416,10005,102,8388608,1376,1317,1,1368.986,1251.039,-117.947,14,0,0,0,1,0,149094648,149260060,8,159524
original,192,packet-adaptive,20260926-183537-ws12-o-b192-f,20260926-183537-ws12-o-b192-a,772,576,10003,102,8388608,1376,1346,1,1397.063,1478.289,81.226,6,0,401,0,273,0,149094648,149260060,8,159524
original,192,packet-adaptive,20260926-183537-ws12-o-b192-f,20260926-183537-ws12-o-b192-a,772,680,10000,102,8388608,1376,1349,0,1368.9,1250.96,-117.94,17,0,248,0,231,0,149094648,149260060,8,159524
original,192,packet-adaptive,20260926-183537-ws12-o-b192-f,20260926-183537-ws12-o-b192-a,772,828,10007,105,8388608,1376,1377,0,1368.591,1381.903,13.312,7,0,150,0,232,0,149094648,149260060,8,159524
original,192,packet-adaptive,20260926-183537-ws12-o-b192-f,20260926-183537-ws12-o-b192-a,772,1124,10002,101,8388608,1376,1411,0,1369.179,1250.993,-118.186,16,0,2,0,0,0,149094648,149260060,8,159524
original,192,packet-adaptive,20260926-183537-ws12-o-b192-f,20260926-183537-ws12-o-b192-a,772,1208,10006,101,8388608,1376,1413,0,1369.635,1251.212,-118.423,13,0,2,0,1,0,149094648,149260060,8,159524
original,192,packet-adaptive,20260926-183537-ws12-o-b192-f,20260926-183537-ws12-o-b192-a,776,636,10002,103,8388608,1376,1347,0,689.594,688.541,-1.053,111,0,3,0,1,0,149094648,149260060,8,159524
original,192,packet-adaptive,20260926-183537-ws12-o-b192-f,20260926-183537-ws12-o-b192-a,776,908,10003,102,8388608,1376,1380,0,691.782,690.981,-0.801,108,0,12,0,14,0,149094648,149260060,8,159524
original,192,packet-adaptive,20260926-183537-ws12-o-b192-f,20260926-183537-ws12-o-b192-a,776,1040,10001,102,8388608,1376,1408,1,690.487,691.213,0.726,107,0,3,0,7,0,149094648,149260060,8,159524
original,192,packet-adaptive,20260926-183537-ws12-o-b192-f,20260926-183537-ws12-o-b192-a,776,1248,10000,100,8388608,1376,1415,0,686.848,687.372,0.524,112,0,0,0,0,0,149094648,149260060,8,159524
original,192,packet-adaptive,20260926-183537-ws12-o-b192-f,20260926-183537-ws12-o-b192-a,788,380,10003,103,8388608,1376,1315,0,876.406,876.524,0.118,68,0,0,0,0,0,149094648,149260060,8,159524
original,192,packet-adaptive,20260926-183537-ws12-o-b192-f,20260926-183537-ws12-o-b192-a,788,584,10004,101,8388608,1376,1346,1,874.661,876.239,1.578,69,0,3,0,4,0,149094648,149260060,8,159524
original,192,packet-adaptive,20260926-183537-ws12-o-b192-f,20260926-183537-ws12-o-b192-a,788,740,10001,102,8388608,1376,1351,0,873.148,876.193,3.045,70,0,2,0,2,0,149094648,149260060,8,159524
original,192,packet-adaptive,20260926-183537-ws12-o-b192-f,20260926-183537-ws12-o-b192-a,788,776,10002,101,8388608,1376,1376,0,872.658,875.7,3.042,72,0,0,0,1,0,149094648,149260060,8,159524
original,192,packet-adaptive,20260926-183537-ws12-o-b192-f,20260926-183537-ws12-o-b192-a,788,992,10000,100,8388608,1376,1383,0,875.509,875.774,0.265,71,0,4,0,2,0,149094648,149260060,8,159524
original,192,packet-adaptive,20260926-183537-ws12-o-b192-f,20260926-183537-ws12-o-b192-a,828,540,10000,100,8388608,1377,1344,0,210.961,260.107,49.146,191,0,0,0,0,0,24613748,24823228,8,149936
original,192,packet-adaptive,20260926-183537-ws12-o-b192-f,20260926-183537-ws12-o-b192-a,828,844,10001,103,8388608,1377,1378,0,705.153,561.036,-144.117,149,0,18,0,4,0,24613748,24823228,8,149936
original,192,packet-adaptive,20260926-183537-ws12-o-b192-f,20260926-183537-ws12-o-b192-a,844,416,10000,100,8388608,1378,1317,1,576.673,601.045,24.372,137,0,0,0,1,0,88100684,88302624,8,181768
original,192,packet-adaptive,20260926-183537-ws12-o-b192-f,20260926-183537-ws12-o-b192-a,844,992,10002,102,8388608,1378,1383,0,521.521,515.043,-6.478,157,0,4,0,2,0,88100684,88302624,8,181768
original,192,packet-adaptive,20260926-183537-ws12-o-b192-f,20260926-183537-ws12-o-b192-a,844,1180,10001,100,8388608,1378,1412,0,495.415,484.112,-11.303,163,0,0,0,0,0,88100684,88302624,8,181768
original,192,packet-adaptive,20260926-183537-ws12-o-b192-f,20260926-183537-ws12-o-b192-a,856,372,10004,100,8388608,1378,1315,0,928.997,1014.645,85.648,60,0,0,0,0,0,88100684,88302624,8,181768
original,192,packet-adaptive,20260926-183537-ws12-o-b192-f,20260926-183537-ws12-o-b192-a,856,400,10000,100,8388608,1378,1316,1,933.701,1014.687,80.986,59,0,72,0,63,0,88100684,88302624,8,181768
original,192,packet-adaptive,20260926-183537-ws12-o-b192-f,20260926-183537-ws12-o-b192-a,856,576,10001,101,8388608,1378,1346,1,1405.355,1132.761,-272.594,23,0,401,0,273,0,88100684,88302624,8,181768
original,192,packet-adaptive,20260926-183537-ws12-o-b192-f,20260926-183537-ws12-o-b192-a,856,748,10002,101,8388608,1378,1351,0,933.512,1015.524,82.012,55,0,82,0,32,0,88100684,88302624,8,181768
original,192,packet-adaptive,20260926-183537-ws12-o-b192-f,20260926-183537-ws12-o-b192-a,856,788,10005,103,8388608,1378,1376,0,992.634,1015.003,22.369,57,0,44,0,62,0,88100684,88302624,8,181768
original,192,packet-adaptive,20260926-183537-ws12-o-b192-f,20260926-183537-ws12-o-b192-a,856,992,10003,101,8388608,1378,1383,0,928.56,1015.303,86.743,56,0,4,0,2,0,88100684,88302624,8,181768
original,192,packet-adaptive,20260926-183537-ws12-o-b192-f,20260926-183537-ws12-o-b192-a,908,436,10000,101,8388608,1380,1317,1,279.053,277.13,-1.923,189,0,1,0,0,0,42187004,42374340,8,108680
original,192,packet-adaptive,20260926-183537-ws12-o-b192-f,20260926-183537-ws12-o-b192-a,924,248,10002,100,8388608,1380,1287,0,380.364,270.469,-109.895,190,0,2,0,0,0,42187004,42374340,8,108680
original,192,packet-adaptive,20260926-183537-ws12-o-b192-f,20260926-183537-ws12-o-b192-a,924,648,10001,101,8388608,1380,1348,1,650.693,634.603,-16.09,122,0,4,0,2,0,42187004,42374340,8,108680
original,192,packet-adaptive,20260926-183537-ws12-o-b192-f,20260926-183537-ws12-o-b192-a,924,856,10000,103,8388608,1380,1378,0,1411.002,1614.425,203.423,2,1,350,0,608,0,42187004,42374340,8,108680
original,192,packet-adaptive,20260926-183537-ws12-o-b192-f,20260926-183537-ws12-o-b192-a,932,576,10002,105,8388608,1381,1346,1,1155.868,1232.563,76.695,18,0,401,0,273,0,57170772,57336008,8,148496
original,192,packet-adaptive,20260926-183537-ws12-o-b192-f,20260926-183537-ws12-o-b192-a,932,620,10000,100,8388608,1381,1347,0,590.92,636.19,45.27,121,0,0,0,3,0,57170772,57336008,8,148496
original,192,packet-adaptive,20260926-183537-ws12-o-b192-f,20260926-183537-ws12-o-b192-a,932,648,10001,102,8388608,1381,1348,1,658.091,640.465,-17.626,118,0,4,0,2,0,57170772,57336008,8,148496
original,192,packet-adaptive,20260926-183537-ws12-o-b192-f,20260926-183537-ws12-o-b192-a,952,452,10001,101,8388608,1381,1318,0,517.028,520.166,3.138,156,0,1,0,0,0,57170772,57336008,8,148496
original,192,packet-adaptive,20260926-183537-ws12-o-b192-f,20260926-183537-ws12-o-b192-a,952,788,10000,100,8388608,1381,1376,0,595.215,776.417,181.202,95,0,44,0,62,0,57170772,57336008,8,148496
original,192,packet-adaptive,20260926-183537-ws12-o-b192-f,20260926-183537-ws12-o-b192-a,956,452,10001,102,8388608,1381,1318,0,511.639,520.75,9.111,154,0,1,0,0,0,57170772,57336008,8,148496
original,192,packet-adaptive,20260926-183537-ws12-o-b192-f,20260926-183537-ws12-o-b192-a,956,932,10000,100,8388608,1381,1381,0,253.289,249.492,-3.797,192,0,0,0,0,0,57170772,57336008,8,148496
original,192,packet-adaptive,20260926-183537-ws12-o-b192-f,20260926-183537-ws12-o-b192-a,976,908,10000,100,8388608,1382,1380,0,350.214,551.951,201.737,150,0,12,0,14,0,14828732,15044612,8,151284
original,192,packet-adaptive,20260926-183537-ws12-o-b192-f,20260926-183537-ws12-o-b192-a,992,388,10001,101,8388608,1383,1316,1,395.075,344.459,-50.616,185,0,3,0,0,0,104645708,104812712,8,149100
original,192,packet-adaptive,20260926-183537-ws12-o-b192-f,20260926-183537-ws12-o-b192-a,992,636,10000,101,8388608,1383,1347,0,595.88,598.634,2.754,138,0,3,0,1,0,104645708,104812712,8,149100
original,192,packet-adaptive,20260926-183537-ws12-o-b192-f,20260926-183537-ws12-o-b192-a,992,828,10002,102,8388608,1383,1377,0,1061.817,1170.34,108.523,21,0,150,0,232,0,104645708,104812712,8,149100
original,192,packet-adaptive,20260926-183537-ws12-o-b192-f,20260926-183537-ws12-o-b192-a,1000,36,10000,101,8388608,1383,1281,0,1030.938,1031.198,0.26,39,0,7,0,4,0,104645708,104812712,8,149100
original,192,packet-adaptive,20260926-183537-ws12-o-b192-f,20260926-183537-ws12-o-b192-a,1000,140,10005,101,8388608,1383,1284,1,1031.003,1031.263,0.26,37,0,0,0,0,0,104645708,104812712,8,149100
original,192,packet-adaptive,20260926-183537-ws12-o-b192-f,20260926-183537-ws12-o-b192-a,1000,584,10003,100,8388608,1383,1346,1,1033.065,1033.277,0.212,36,0,3,0,4,0,104645708,104812712,8,149100
original,192,packet-adaptive,20260926-183537-ws12-o-b192-f,20260926-183537-ws12-o-b192-a,1000,772,10001,100,8388608,1383,1376,0,1030.517,1030.798,0.281,40,0,2,0,1,0,104645708,104812712,8,149100
original,192,packet-adaptive,20260926-183537-ws12-o-b192-f,20260926-183537-ws12-o-b192-a,1000,952,10002,101,8388608,1383,1381,0,1030.529,1030.79,0.261,41,0,0,0,0,0,104645708,104812712,8,149100
original,192,packet-adaptive,20260926-183537-ws12-o-b192-f,20260926-183537-ws12-o-b192-a,1000,1180,10004,101,8388608,1383,1412,0,1030.99,1031.25,0.26,38,0,0,0,0,0,104645708,104812712,8,149100
original,192,packet-adaptive,20260926-183537-ws12-o-b192-f,20260926-183537-ws12-o-b192-a,1016,356,10001,102,8388608,1383,1315,0,594.726,595.478,0.752,139,0,0,0,0,0,104645708,104812712,8,149100
original,192,packet-adaptive,20260926-183537-ws12-o-b192-f,20260926-183537-ws12-o-b192-a,1016,856,10000,104,8388608,1383,1378,0,1337.81,1371.228,33.418,8,0,350,0,608,0,104645708,104812712,8,149100
original,192,packet-adaptive,20260926-183537-ws12-o-b192-f,20260926-183537-ws12-o-b192-a,1124,680,10001,105,8388608,1411,1349,0,1245.139,1184.007,-61.132,20,0,248,0,231,0,42582520,42751956,8,111784
original,192,packet-adaptive,20260926-183537-ws12-o-b192-f,20260926-183537-ws12-o-b192-a,1124,844,10000,101,8388608,1411,1378,0,681.676,614.704,-66.972,132,0,18,0,4,0,42582520,42751956,8,111784
original,192,packet-adaptive,20260926-183537-ws12-o-b192-f,20260926-183537-ws12-o-b192-a,1144,564,10001,101,8388608,1411,1345,1,467.551,501.733,34.182,160,0,0,0,0,0,42582520,42751956,8,111784
original,192,packet-adaptive,20260926-183537-ws12-o-b192-f,20260926-183537-ws12-o-b192-a,1144,1016,10000,100,8388608,1411,1383,0,412.128,415.031,2.903,172,0,1,0,2,0,42582520,42751956,8,111784
original,192,packet-adaptive,20260926-183537-ws12-o-b192-f,20260926-183537-ws12-o-b192-a,1180,176,10000,102,8388608,1412,1285,0,463.507,425.356,-38.151,169,0,1,0,0,0,31351788,31552492,8,109412
original,192,packet-adaptive,20260926-183537-ws12-o-b192-f,20260926-183537-ws12-o-b192-a,1180,764,10001,100,8388608,1412,1351,0,464.4,427.965,-36.435,168,0,0,0,0,0,31351788,31552492,8,109412
original,192,packet-adaptive,20260926-183537-ws12-o-b192-f,20260926-183537-ws12-o-b192-a,1180,828,10002,104,8388608,1412,1377,0,1064.985,1083.9,18.915,33,0,150,0,232,0,31351788,31552492,8,109412
original,192,packet-adaptive,20260926-183537-ws12-o-b192-f,20260926-183537-ws12-o-b192-a,1208,284,10004,101,8388608,1413,1312,0,790.624,778.343,-12.281,94,0,4,0,1,0,48999004,49229964,8,82084
original,192,packet-adaptive,20260926-183537-ws12-o-b192-f,20260926-183537-ws12-o-b192-a,1208,828,10002,103,8388608,1413,1377,0,1044.177,1145.199,101.022,22,0,150,0,232,0,48999004,49229964,8,82084
original,192,packet-adaptive,20260926-183537-ws12-o-b192-f,20260926-183537-ws12-o-b192-a,1208,908,10003,101,8388608,1413,1380,0,797.177,784.162,-13.015,91,0,12,0,14,0,48999004,49229964,8,82084
original,192,packet-adaptive,20260926-183537-ws12-o-b192-f,20260926-183537-ws12-o-b192-a,1208,1000,10001,101,8388608,1413,1383,0,795.721,783.366,-12.355,92,0,0,0,0,0,48999004,49229964,8,82084
original,192,packet-adaptive,20260926-183537-ws12-o-b192-f,20260926-183537-ws12-o-b192-a,1208,1044,10000,100,8388608,1413,1408,1,793.728,781.362,-12.366,93,0,1,0,5,0,48999004,49229964,8,82084
original,192,packet-adaptive,20260926-183537-ws12-o-b192-f,20260926-183537-ws12-o-b192-a,1248,28,10000,101,8388608,1415,1280,0,353.121,352.248,-0.873,182,0,0,0,0,0,49936552,50152072,8,109540
original,192,packet-adaptive,20260926-183537-ws12-o-b192-f,20260926-183537-ws12-o-b192-a,1248,372,10001,101,8388608,1415,1315,0,353.793,350.673,-3.12,183,0,0,0,0,0,49936552,50152072,8,109540
original,192,packet-adaptive,20260926-183537-ws12-o-b192-f,20260926-183537-ws12-o-b192-a,1268,340,10001,102,8388608,1415,1314,0,707.77,767.997,60.227,97,0,6,0,17,0,49936552,50152072,8,109540
original,192,packet-adaptive,20260926-183537-ws12-o-b192-f,20260926-183537-ws12-o-b192-a,1268,976,10002,101,8388608,1415,1382,0,624.42,626.323,1.903,125,0,0,0,3,0,49936552,50152072,8,109540
original,192,packet-adaptive,20260926-183537-ws12-o-b192-f,20260926-183537-ws12-o-b192-a,1268,1000,10000,100,8388608,1415,1383,0,369.696,378.405,8.709,178,0,0,0,0,0,49936552,50152072,8,109540
original,192,packet-drill,20260926-183537-ws12-o-b192-f,20260926-183537-ws12-o-b192-d,28,924,10000,101,8388608,1280,1380,0,631.855,664.787,32.932,120,0,4,0,11,0,13773484,13994872,8,107228
original,192,packet-drill,20260926-183537-ws12-o-b192-f,20260926-183537-ws12-o-b192-d,36,128,10002,101,8388608,1281,1284,1,518.503,514.381,-4.122,158,0,6,0,0,0,77335956,77513680,8,217224
original,192,packet-drill,20260926-183537-ws12-o-b192-f,20260926-183537-ws12-o-b192-d,36,628,10000,100,8388608,1281,1347,0,618.664,567.868,-50.796,148,0,3,0,2,0,77335956,77513680,8,217224
original,192,packet-drill,20260926-183537-ws12-o-b192-f,20260926-183537-ws12-o-b192-d,36,1208,10001,100,8388608,1281,1413,0,380.988,518.048,137.06,157,0,2,0,2,0,77335956,77513680,8,217224
original,192,packet-drill,20260926-183537-ws12-o-b192-f,20260926-183537-ws12-o-b192-d,56,564,10004,100,8388608,1281,1345,1,620.31,600.589,-19.721,140,0,0,0,0,0,77335956,77513680,8,217224
original,192,packet-drill,20260926-183537-ws12-o-b192-f,20260926-183537-ws12-o-b192-d,56,576,10002,103,8388608,1281,1346,1,1109.243,1442.91,333.667,3,0,401,0,546,0,77335956,77513680,8,217224
original,192,packet-drill,20260926-183537-ws12-o-b192-f,20260926-183537-ws12-o-b192-d,56,680,10001,103,8388608,1281,1349,0,1198.486,1098.237,-100.249,31,0,248,0,236,0,77335956,77513680,8,217224
original,192,packet-drill,20260926-183537-ws12-o-b192-f,20260926-183537-ws12-o-b192-d,56,788,10003,102,8388608,1281,1376,0,810.349,844.903,34.554,77,0,44,0,33,0,77335956,77513680,8,217224
original,192,packet-drill,20260926-183537-ws12-o-b192-f,20260926-183537-ws12-o-b192-d,56,828,10000,100,8388608,1281,1377,0,725.572,583.167,-142.405,145,0,150,0,154,0,77335956,77513680,8,217224
original,192,packet-drill,20260926-183537-ws12-o-b192-f,20260926-183537-ws12-o-b192-d,112,336,10003,100,8388608,1283,1314,0,996.13,1023.888,27.758,42,0,0,0,0,0,57750404,57967424,8,138348
original,192,packet-drill,20260926-183537-ws12-o-b192-f,20260926-183537-ws12-o-b192-d,112,656,10004,101,8388608,1283,1348,1,996.97,1023.912,26.942,41,0,2,0,0,0,57750404,57967424,8,138348
original,192,packet-drill,20260926-183537-ws12-o-b192-f,20260926-183537-ws12-o-b192-d,112,720,10000,100,8388608,1283,1350,0,996.648,1023.842,27.194,44,0,1,0,0,0,57750404,57967424,8,138348
original,192,packet-drill,20260926-183537-ws12-o-b192-f,20260926-183537-ws12-o-b192-d,112,956,10002,100,8388608,1283,1381,0,996.729,1023.875,27.146,43,0,2,0,0,0,57750404,57967424,8,138348
original,192,packet-drill,20260926-183537-ws12-o-b192-f,20260926-183537-ws12-o-b192-d,112,1016,10001,101,8388608,1283,1383,0,996.082,1024.014,27.932,39,0,1,0,0,0,57750404,57967424,8,138348
original,192,packet-drill,20260926-183537-ws12-o-b192-f,20260926-183537-ws12-o-b192-d,112,1144,10005,104,8388608,1283,1411,0,1045.605,1023.914,-21.691,40,0,31,0,44,0,57750404,57967424,8,138348
original,192,packet-drill,20260926-183537-ws12-o-b192-f,20260926-183537-ws12-o-b192-d,128,356,10001,101,8388608,1284,1315,0,696.302,695.299,-1.003,99,0,0,0,0,0,49925260,50106208,8,129508
original,192,packet-drill,20260926-183537-ws12-o-b192-f,20260926-183537-ws12-o-b192-d,128,416,10002,101,8388608,1284,1317,1,694.727,690.977,-3.75,104,0,0,0,0,0,49925260,50106208,8,129508
original,192,packet-drill,20260926-183537-ws12-o-b192-f,20260926-183537-ws12-o-b192-d,128,976,10000,100,8388608,1284,1382,0,695.13,693.722,-1.408,100,0,0,0,4,0,49925260,50106208,8,129508
original,192,packet-drill,20260926-183537-ws12-o-b192-f,20260926-183537-ws12-o-b192-d,128,1248,10003,102,8388608,1284,1415,0,693.58,690.3,-3.28,107,0,0,0,0,0,49925260,50106208,8,129508
original,192,packet-drill,20260926-183537-ws12-o-b192-f,20260926-183537-ws12-o-b192-d,140,452,10000,100,8388608,1284,1318,0,521.007,520.228,-0.779,154,0,1,0,0,0,49925260,50106208,8,129508
original,192,packet-drill,20260926-183537-ws12-o-b192-f,20260926-183537-ws12-o-b192-d,168,992,10000,103,8388608,1285,1383,0,579.297,614.862,35.565,139,0,4,0,0,0,92825224,92959476,8,184876
original,192,packet-drill,20260926-183537-ws12-o-b192-f,20260926-183537-ws12-o-b192-d,176,128,10004,102,8388608,1285,1284,1,809.941,761.694,-48.247,90,0,6,0,0,0,92825224,92959476,8,184876
original,192,packet-drill,20260926-183537-ws12-o-b192-f,20260926-183537-ws12-o-b192-d,176,308,10001,100,8388608,1285,1313,0,810.363,762.043,-48.32,88,0,2,0,0,0,92825224,92959476,8,184876
original,192,packet-drill,20260926-183537-ws12-o-b192-f,20260926-183537-ws12-o-b192-d,176,856,10000,100,8388608,1285,1378,0,1062.14,1276.337,214.197,17,0,350,0,390,0,92825224,92959476,8,184876
original,192,packet-drill,20260926-183537-ws12-o-b192-f,20260926-183537-ws12-o-b192-d,176,976,10003,102,8388608,1285,1382,0,813.395,763.995,-49.4,86,0,0,0,4,0,92825224,92959476,8,184876
original,192,packet-drill,20260926-183537-ws12-o-b192-f,20260926-183537-ws12-o-b192-d,176,1040,10002,101,8388608,1285,1408,1,811.097,762.056,-49.041,87,0,3,0,3,0,92825224,92959476,8,184876
original,192,packet-drill,20260926-183537-ws12-o-b192-f,20260926-183537-ws12-o-b192-d,188,36,10001,100,8388608,1285,1281,0,600.656,651.53,50.874,126,0,7,0,2,0,92825224,92959476,8,184876
original,192,packet-drill,20260926-183537-ws12-o-b192-f,20260926-183537-ws12-o-b192-d,188,740,10000,101,8388608,1285,1351,0,654.225,672.362,18.137,117,0,2,0,0,0,92825224,92959476,8,184876
original,192,packet-drill,20260926-183537-ws12-o-b192-f,20260926-183537-ws12-o-b192-d,188,748,10003,103,8388608,1285,1351,0,823.202,713.728,-109.474,96,0,82,0,76,0,92825224,92959476,8,184876
original,192,packet-drill,20260926-183537-ws12-o-b192-f,20260926-183537-ws12-o-b192-d,188,924,10002,102,8388608,1285,1380,0,653.583,661.209,7.626,121,0,4,0,11,0,92825224,92959476,8,184876
original,192,packet-drill,20260926-183537-ws12-o-b192-f,20260926-183537-ws12-o-b192-d,192,416,10000,103,8388608,1286,1317,1,566.101,576.409,10.308,146,0,0,0,0,0,13284184,13477968,8,107444
original,192,packet-drill,20260926-183537-ws12-o-b192-f,20260926-183537-ws12-o-b192-d,248,188,10002,100,8388608,1287,1285,0,636.949,672.738,35.789,116,0,0,0,1,0,39651576,39855096,8,206820
original,192,packet-drill,20260926-183537-ws12-o-b192-f,20260926-183537-ws12-o-b192-d,248,380,10001,101,8388608,1287,1315,0,638.38,671.816,33.436,118,0,0,0,0,0,39651576,39855096,8,206820
original,192,packet-drill,20260926-183537-ws12-o-b192-f,20260926-183537-ws12-o-b192-d,248,748,10000,102,8388608,1287,1351,0,846.981,702.323,-144.658,98,0,82,0,76,0,39651576,39855096,8,206820
original,192,packet-drill,20260926-183537-ws12-o-b192-f,20260926-183537-ws12-o-b192-d,248,1000,10003,102,8388608,1287,1383,0,639.85,674.189,34.339,115,0,0,0,0,0,39651576,39855096,8,206820
original,192,packet-drill,20260926-183537-ws12-o-b192-f,20260926-183537-ws12-o-b192-d,284,1124,10000,100,8388608,1312,1411,0,388.432,367.95,-20.482,178,0,2,0,0,0,22648908,22864016,8,150328
original,192,packet-drill,20260926-183537-ws12-o-b192-f,20260926-183537-ws12-o-b192-d,284,1268,10001,100,8388608,1312,1415,0,329.132,332.812,3.68,187,0,6,0,0,0,22648908,22864016,8,150328
original,192,packet-drill,20260926-183537-ws12-o-b192-f,20260926-183537-ws12-o-b192-d,308,388,10005,102,8388608,1313,1316,1,933.332,970.827,37.495,54,0,3,0,0,0,57763888,57953576,8,229556
original,192,packet-drill,20260926-183537-ws12-o-b192-f,20260926-183537-ws12-o-b192-d,308,576,10000,100,8388608,1313,1346,1,1443.874,1286.587,-157.287,16,0,401,0,546,0,57763888,57953576,8,229556
original,192,packet-drill,20260926-183537-ws12-o-b192-f,20260926-183537-ws12-o-b192-d,308,648,10001,100,8388608,1313,1348,1,938.801,973.456,34.655,51,0,4,0,0,0,57763888,57953576,8,229556
original,192,packet-drill,20260926-183537-ws12-o-b192-f,20260926-183537-ws12-o-b192-d,308,844,10003,100,8388608,1313,1378,0,940.691,973.809,33.118,50,0,18,0,10,0,57763888,57953576,8,229556
original,192,packet-drill,20260926-183537-ws12-o-b192-f,20260926-183537-ws12-o-b192-d,308,1040,10002,100,8388608,1313,1408,1,940.396,972.408,32.012,52,0,3,0,3,0,57763888,57953576,8,229556
original,192,packet-drill,20260926-183537-ws12-o-b192-f,20260926-183537-ws12-o-b192-d,308,1268,10004,101,8388608,1313,1415,0,939.768,971.242,31.474,53,0,6,0,0,0,57763888,57953576,8,229556
original,192,packet-drill,20260926-183537-ws12-o-b192-f,20260926-183537-ws12-o-b192-d,332,192,10000,100,8388608,1314,1286,0,346.524,347.018,0.494,182,0,0,0,0,0,87013008,87158196,8,145540
original,192,packet-drill,20260926-183537-ws12-o-b192-f,20260926-183537-ws12-o-b192-d,332,576,10001,106,8388608,1314,1346,1,751.386,1245.368,493.982,18,0,401,0,546,0,87013008,87158196,8,145540
original,192,packet-drill,20260926-183537-ws12-o-b192-f,20260926-183537-ws12-o-b192-d,336,400,10001,102,8388608,1314,1316,1,934.119,390.286,-543.833,174,0,72,0,60,0,87013008,87158196,8,145540
original,192,packet-drill,20260926-183537-ws12-o-b192-f,20260926-183537-ws12-o-b192-d,336,680,10000,101,8388608,1314,1349,0,1117.168,1131.911,14.743,23,0,248,0,236,0,87013008,87158196,8,145540
original,192,packet-drill,20260926-183537-ws12-o-b192-f,20260926-183537-ws12-o-b192-d,340,656,10004,100,8388608,1314,1348,1,798.834,686.54,-112.294,113,0,2,0,0,0,87013008,87158196,8,145540
original,192,packet-drill,20260926-183537-ws12-o-b192-f,20260926-183537-ws12-o-b192-d,340,680,10000,100,8388608,1314,1349,0,1115.795,1156.735,40.94,21,0,248,0,236,0,87013008,87158196,8,145540
original,192,packet-drill,20260926-183537-ws12-o-b192-f,20260926-183537-ws12-o-b192-d,340,748,10002,100,8388608,1314,1351,0,814.541,995.938,181.397,48,0,82,0,76,0,87013008,87158196,8,145540
original,192,packet-drill,20260926-183537-ws12-o-b192-f,20260926-183537-ws12-o-b192-d,340,772,10003,103,8388608,1314,1376,0,799.239,686.898,-112.341,112,0,2,0,2,0,87013008,87158196,8,145540
original,192,packet-drill,20260926-183537-ws12-o-b192-f,20260926-183537-ws12-o-b192-d,340,924,10001,100,8388608,1314,1380,0,799.365,689.871,-109.494,108,0,4,0,11,0,87013008,87158196,8,145540
original,192,packet-drill,20260926-183537-ws12-o-b192-f,20260926-183537-ws12-o-b192-d,356,332,10002,103,8388608,1315,1314,0,871.204,904.298,33.094,65,0,125,0,131,0,95822616,95942196,8,221020
original,192,packet-drill,20260926-183537-ws12-o-b192-f,20260926-183537-ws12-o-b192-d,356,436,10001,100,8388608,1315,1317,1,604.368,680.707,76.339,114,0,1,0,0,0,95822616,95942196,8,221020
original,192,packet-drill,20260926-183537-ws12-o-b192-f,20260926-183537-ws12-o-b192-d,356,788,10004,104,8388608,1315,1376,0,779.653,800.491,20.838,82,0,44,0,33,0,95822616,95942196,8,221020
original,192,packet-drill,20260926-183537-ws12-o-b192-f,20260926-183537-ws12-o-b192-d,356,856,10000,102,8388608,1315,1378,0,1306.843,1196.526,-110.317,20,0,350,0,390,0,95822616,95942196,8,221020
original,192,packet-drill,20260926-183537-ws12-o-b192-f,20260926-183537-ws12-o-b192-d,356,1040,10003,103,8388608,1315,1408,1,605.332,687.507,82.175,110,0,3,0,3,0,95822616,95942196,8,221020
original,192,packet-drill,20260926-183537-ws12-o-b192-f,20260926-183537-ws12-o-b192-d,372,56,10003,102,8388608,1315,1281,0,556.128,651.376,95.248,127,0,0,0,10,0,95822616,95942196,8,221020
original,192,packet-drill,20260926-183537-ws12-o-b192-f,20260926-183537-ws12-o-b192-d,372,284,10000,100,8388608,1315,1312,0,627.802,651.289,23.487,128,0,4,0,0,0,95822616,95942196,8,221020
original,192,packet-drill,20260926-183537-ws12-o-b192-f,20260926-183537-ws12-o-b192-d,372,308,10001,101,8388608,1315,1313,0,517.644,651.531,133.887,125,0,2,0,0,0,95822616,95942196,8,221020
original,192,packet-drill,20260926-183537-ws12-o-b192-f,20260926-183537-ws12-o-b192-d,372,332,10002,104,8388608,1315,1314,0,962.251,834.325,-127.926,78,0,125,0,131,0,95822616,95942196,8,221020
original,192,packet-drill,20260926-183537-ws12-o-b192-f,20260926-183537-ws12-o-b192-d,380,356,10001,103,8388608,1315,1315,0,517.677,523.671,5.994,153,0,0,0,0,0,95822616,95942196,8,221020
original,192,packet-drill,20260926-183537-ws12-o-b192-f,20260926-183537-ws12-o-b192-d,380,400,10000,104,8388608,1315,1316,1,720.731,778.909,58.178,84,0,72,0,60,0,95822616,95942196,8,221020
original,192,packet-drill,20260926-183537-ws12-o-b192-f,20260926-183537-ws12-o-b192-d,388,628,10000,101,8388608,1316,1347,0,353.422,352.353,-1.069,181,0,3,0,2,0,68923344,69032896,8,191228
original,192,packet-drill,20260926-183537-ws12-o-b192-f,20260926-183537-ws12-o-b192-d,388,1044,10001,101,8388608,1316,1408,1,361.585,362.398,0.813,180,0,1,0,9,0,68923344,69032896,8,191228
original,192,packet-drill,20260926-183537-ws12-o-b192-f,20260926-183537-ws12-o-b192-d,400,332,10000,102,8388608,1316,1314,0,401.457,449.534,48.077,163,0,125,0,131,0,68923344,69032896,8,191228
original,192,packet-drill,20260926-183537-ws12-o-b192-f,20260926-183537-ws12-o-b192-d,400,740,10001,103,8388608,1316,1351,0,645.114,654.038,8.924,122,0,2,0,0,0,68923344,69032896,8,191228
original,192,packet-drill,20260926-183537-ws12-o-b192-f,20260926-183537-ws12-o-b192-d,404,112,10001,101,8388608,1316,1283,0,377.559,343.1,-34.459,185,0,0,0,0,0,68923344,69032896,8,191228
original,192,packet-drill,20260926-183537-ws12-o-b192-f,20260926-183537-ws12-o-b192-d,404,332,10000,100,8388608,1316,1314,0,1061.613,1013.227,-48.386,47,0,125,0,131,0,68923344,69032896,8,191228
original,192,packet-drill,20260926-183537-ws12-o-b192-f,20260926-183537-ws12-o-b192-d,404,764,10002,102,8388608,1316,1351,0,380.831,439.094,58.263,164,0,0,0,0,0,68923344,69032896,8,191228
original,192,packet-drill,20260926-183537-ws12-o-b192-f,20260926-183537-ws12-o-b192-d,416,36,10003,102,8388608,1317,1281,0,880.01,870.296,-9.714,71,0,7,0,2,0,76786780,76935624,8,173600
original,192,packet-drill,20260926-183537-ws12-o-b192-f,20260926-183537-ws12-o-b192-d,416,128,10001,100,8388608,1317,1284,1,836.046,869.333,33.287,72,0,6,0,0,0,76786780,76935624,8,173600
original,192,packet-drill,20260926-183537-ws12-o-b192-f,20260926-183537-ws12-o-b192-d,416,372,10004,102,8388608,1317,1315,0,836.504,868.24,31.736,75,0,0,0,0,0,76786780,76935624,8,173600
original,192,packet-drill,20260926-183537-ws12-o-b192-f,20260926-183537-ws12-o-b192-d,416,772,10002,102,8388608,1317,1376,0,836.408,868.638,32.23,73,0,2,0,2,0,76786780,76935624,8,173600
original,192,packet-drill,20260926-183537-ws12-o-b192-f,20260926-183537-ws12-o-b192-d,416,776,10000,100,8388608,1317,1376,0,837.807,868.603,30.796,74,0,0,0,2,0,76786780,76935624,8,173600
original,192,packet-drill,20260926-183537-ws12-o-b192-f,20260926-183537-ws12-o-b192-d,436,112,10000,100,8388608,1317,1283,0,402.608,384.35,-18.258,176,0,0,0,0,0,76786780,76935624,8,173600
original,192,packet-drill,20260926-183537-ws12-o-b192-f,20260926-183537-ws12-o-b192-d,436,332,10001,101,8388608,1317,1314,0,1000.042,1117.629,117.587,24,0,125,0,131,0,76786780,76935624,8,173600
original,192,packet-drill,20260926-183537-ws12-o-b192-f,20260926-183537-ws12-o-b192-d,436,612,10002,101,8388608,1317,1347,0,407.939,386.51,-21.429,175,0,1,0,0,0,76786780,76935624,8,173600
original,192,packet-drill,20260926-183537-ws12-o-b192-f,20260926-183537-ws12-o-b192-d,452,36,10001,103,8388608,1318,1281,0,420.116,493.508,73.392,159,0,7,0,2,0,23076792,23293292,8,139188
original,192,packet-drill,20260926-183537-ws12-o-b192-f,20260926-183537-ws12-o-b192-d,452,400,10000,103,8388608,1318,1316,1,881.003,809.253,-71.75,79,0,72,0,60,0,23076792,23293292,8,139188
original,192,packet-drill,20260926-183537-ws12-o-b192-f,20260926-183537-ws12-o-b192-d,540,176,10000,100,8388608,1344,1285,0,356.358,411.841,55.483,173,0,1,0,0,0,30878084,31088528,8,144784
original,192,packet-drill,20260926-183537-ws12-o-b192-f,20260926-183537-ws12-o-b192-d,540,924,10002,103,8388608,1344,1380,0,668.37,734.404,66.034,94,0,4,0,11,0,30878084,31088528,8,144784
original,192,packet-drill,20260926-183537-ws12-o-b192-f,20260926-183537-ws12-o-b192-d,540,1144,10001,102,8388608,1344,1411,0,670.21,803.436,133.226,80,0,31,0,44,0,30878084,31088528,8,144784
original,192,packet-drill,20260926-183537-ws12-o-b192-f,20260926-183537-ws12-o-b192-d,564,1016,10000,102,8388608,1345,1383,0,413.547,414.042,0.495,170,0,1,0,0,0,14287084,14463304,8,186464
original,192,packet-drill,20260926-183537-ws12-o-b192-f,20260926-183537-ws12-o-b192-d,576,656,10001,102,8388608,1346,1348,1,295.386,317.187,21.801,188,0,2,0,0,0,60749832,60934748,8,222016
original,192,packet-drill,20260926-183537-ws12-o-b192-f,20260926-183537-ws12-o-b192-d,576,740,10000,100,8388608,1346,1351,0,567.271,570.937,3.666,147,0,2,0,0,0,60749832,60934748,8,222016
original,192,packet-drill,20260926-183537-ws12-o-b192-f,20260926-183537-ws12-o-b192-d,584,340,10003,103,8388608,1346,1314,0,711.78,744.12,32.34,92,0,6,0,18,0,60749832,60934748,8,222016
original,192,packet-drill,20260926-183537-ws12-o-b192-f,20260926-183537-ws12-o-b192-d,584,388,10000,100,8388608,1346,1316,1,667.875,628.099,-39.776,137,0,3,0,0,0,60749832,60934748,8,222016
original,192,packet-drill,20260926-183537-ws12-o-b192-f,20260926-183537-ws12-o-b192-d,584,404,10001,100,8388608,1346,1316,1,671.165,628.574,-42.591,136,0,0,0,0,0,60749832,60934748,8,222016
original,192,packet-drill,20260926-183537-ws12-o-b192-f,20260926-183537-ws12-o-b192-d,584,844,10002,102,8388608,1346,1378,0,686.194,651.214,-34.98,129,0,18,0,10,0,60749832,60934748,8,222016
original,192,packet-drill,20260926-183537-ws12-o-b192-f,20260926-183537-ws12-o-b192-d,612,28,10000,100,8388608,1347,1280,0,341.818,345.026,3.208,184,0,0,0,0,0,94738164,94819544,8,234672
original,192,packet-drill,20260926-183537-ws12-o-b192-f,20260926-183537-ws12-o-b192-d,612,56,10001,101,8388608,1347,1281,0,522.606,593.135,70.529,142,0,0,0,10,0,94738164,94819544,8,234672
original,192,packet-drill,20260926-183537-ws12-o-b192-f,20260926-183537-ws12-o-b192-d,612,680,10002,104,8388608,1347,1349,0,1045.033,1288.684,243.651,15,0,248,0,236,0,94738164,94819544,8,234672
original,192,packet-drill,20260926-183537-ws12-o-b192-f,20260926-183537-ws12-o-b192-d,620,56,10000,100,8388608,1347,1281,0,522.95,585.719,62.769,143,0,0,0,10,0,94738164,94819544,8,234672
original,192,packet-drill,20260926-183537-ws12-o-b192-f,20260926-183537-ws12-o-b192-d,620,564,10001,102,8388608,1347,1345,1,391.547,431.398,39.851,169,0,0,0,0,0,94738164,94819544,8,234672
original,192,packet-drill,20260926-183537-ws12-o-b192-f,20260926-183537-ws12-o-b192-d,628,856,10000,105,8388608,1347,1378,0,514.753,1017.781,503.028,45,0,350,0,390,0,94738164,94819544,8,234672
original,192,packet-drill,20260926-183537-ws12-o-b192-f,20260926-183537-ws12-o-b192-d,636,380,10001,100,8388608,1347,1315,0,694.312,693.196,-1.116,101,0,0,0,0,0,94738164,94819544,8,234672
original,192,packet-drill,20260926-183537-ws12-o-b192-f,20260926-183537-ws12-o-b192-d,636,952,10000,100,8388608,1347,1381,0,692.884,693.046,0.162,103,0,0,0,0,0,94738164,94819544,8,234672
original,192,packet-drill,20260926-183537-ws12-o-b192-f,20260926-183537-ws12-o-b192-d,636,1144,10003,103,8388608,1347,1411,0,706.517,722.031,15.514,95,0,31,0,44,0,94738164,94819544,8,234672
original,192,packet-drill,20260926-183537-ws12-o-b192-f,20260926-183537-ws12-o-b192-d,636,1248,10002,101,8388608,1347,1415,0,693.681,693.106,-0.575,102,0,0,0,0,0,94738164,94819544,8,234672
original,192,packet-drill,20260926-183537-ws12-o-b192-f,20260926-183537-ws12-o-b192-d,648,380,10005,102,8388608,1348,1315,0,1040.239,968.962,-71.277,58,0,0,0,0,0,121244360,121428900,8,113848
original,192,packet-drill,20260926-183537-ws12-o-b192-f,20260926-183537-ws12-o-b192-d,648,636,10001,100,8388608,1348,1347,0,1039.745,968.47,-71.275,61,0,3,0,4,0,121244360,121428900,8,113848
original,192,packet-drill,20260926-183537-ws12-o-b192-f,20260926-183537-ws12-o-b192-d,648,764,10004,101,8388608,1348,1351,0,1039.81,968.526,-71.284,60,0,0,0,0,0,121244360,121428900,8,113848
original,192,packet-drill,20260926-183537-ws12-o-b192-f,20260926-183537-ws12-o-b192-d,648,772,10002,101,8388608,1348,1376,0,1040.861,969.548,-71.313,57,0,2,0,2,0,121244360,121428900,8,113848
original,192,packet-drill,20260926-183537-ws12-o-b192-f,20260926-183537-ws12-o-b192-d,648,828,10003,101,8388608,1348,1377,0,1042.469,1225.898,183.429,19,0,150,0,154,0,121244360,121428900,8,113848
original,192,packet-drill,20260926-183537-ws12-o-b192-f,20260926-183537-ws12-o-b192-d,648,1144,10000,100,8388608,1348,1411,0,1040.178,968.881,-71.297,59,0,31,0,44,0,121244360,121428900,8,113848
original,192,packet-drill,20260926-183537-ws12-o-b192-f,20260926-183537-ws12-o-b192-d,656,356,10000,100,8388608,1348,1315,0,1154.751,1108.238,-46.513,28,0,0,0,0,0,121244360,121428900,8,113848
original,192,packet-drill,20260926-183537-ws12-o-b192-f,20260926-183537-ws12-o-b192-d,656,612,10003,100,8388608,1348,1347,0,1154.369,1107.849,-46.52,30,0,1,0,0,0,121244360,121428900,8,113848
original,192,packet-drill,20260926-183537-ws12-o-b192-f,20260926-183537-ws12-o-b192-d,656,636,10004,102,8388608,1348,1347,0,1154.382,1107.862,-46.52,29,0,3,0,4,0,121244360,121428900,8,113848
original,192,packet-drill,20260926-183537-ws12-o-b192-f,20260926-183537-ws12-o-b192-d,656,776,10005,102,8388608,1348,1376,0,1155.283,1108.718,-46.565,26,0,0,0,2,0,121244360,121428900,8,113848
original,192,packet-drill,20260926-183537-ws12-o-b192-f,20260926-183537-ws12-o-b192-d,656,788,10001,101,8388608,1348,1376,0,1191.324,1108.244,-83.08,27,0,44,0,33,0,121244360,121428900,8,113848
original,192,packet-drill,20260926-183537-ws12-o-b192-f,20260926-183537-ws12-o-b192-d,656,856,10006,106,8388608,1348,1378,0,1256.24,1600.278,344.038,2,1,350,0,390,0,121244360,121428900,8,113848
original,192,packet-drill,20260926-183537-ws12-o-b192-f,20260926-183537-ws12-o-b192-d,656,1044,10002,102,8388608,1348,1408,1,1154.784,1108.855,-45.929,25,0,1,0,9,0,121244360,121428900,8,113848
original,192,packet-drill,20260926-183537-ws12-o-b192-f,20260926-183537-ws12-o-b192-d,680,748,10001,104,8388608,1349,1351,0,925.342,743.732,-181.61,93,0,82,0,76,0,24597008,24798488,8,209612
original,192,packet-drill,20260926-183537-ws12-o-b192-f,20260926-183537-ws12-o-b192-d,680,976,10000,103,8388608,1349,1382,0,619.563,639.569,20.006,134,0,0,0,4,0,24597008,24798488,8,209612
original,192,packet-drill,20260926-183537-ws12-o-b192-f,20260926-183537-ws12-o-b192-d,720,1144,10000,101,8388608,1350,1411,0,779.408,865.783,86.375,76,0,31,0,44,0,13807996,14008048,8,158284
original,192,packet-drill,20260926-183537-ws12-o-b192-f,20260926-183537-ws12-o-b192-d,740,720,10001,101,8388608,1351,1350,0,399.606,434.797,35.191,168,0,1,0,0,0,79249944,79371080,8,202392
original,192,packet-drill,20260926-183537-ws12-o-b192-f,20260926-183537-ws12-o-b192-d,740,856,10000,101,8388608,1351,1378,0,1306.41,960.802,-345.608,62,0,350,0,390,0,79249944,79371080,8,202392
original,192,packet-drill,20260926-183537-ws12-o-b192-f,20260926-183537-ws12-o-b192-d,740,1124,10002,102,8388608,1351,1411,0,403.535,435.728,32.193,167,0,2,0,0,0,79249944,79371080,8,202392
original,192,packet-drill,20260926-183537-ws12-o-b192-f,20260926-183537-ws12-o-b192-d,748,340,10001,101,8388608,1351,1314,0,706.789,653.81,-52.979,123,0,6,0,18,0,79249944,79371080,8,202392
original,192,packet-drill,20260926-183537-ws12-o-b192-f,20260926-183537-ws12-o-b192-d,748,576,10000,104,8388608,1351,1346,1,1420.118,1391.441,-28.677,5,0,401,0,546,0,79249944,79371080,8,202392
original,192,packet-drill,20260926-183537-ws12-o-b192-f,20260926-183537-ws12-o-b192-d,764,140,10001,100,8388608,1351,1284,1,406.405,438.688,32.283,165,0,0,0,0,0,79249944,79371080,8,202392
original,192,packet-drill,20260926-183537-ws12-o-b192-f,20260926-183537-ws12-o-b192-d,764,340,10000,100,8388608,1351,1314,0,705.599,653.33,-52.269,124,0,6,0,18,0,79249944,79371080,8,202392
original,192,packet-drill,20260926-183537-ws12-o-b192-f,20260926-183537-ws12-o-b192-d,764,648,10002,103,8388608,1351,1348,1,578.004,567.449,-10.555,149,0,4,0,0,0,79249944,79371080,8,202392
original,192,packet-drill,20260926-183537-ws12-o-b192-f,20260926-183537-ws12-o-b192-d,772,176,10004,101,8388608,1376,1285,0,1369.46,1335.239,-34.221,11,0,1,0,0,0,149094648,149203584,8,200216
original,192,packet-drill,20260926-183537-ws12-o-b192-f,20260926-183537-ws12-o-b192-d,772,400,10001,101,8388608,1376,1316,1,1368.913,1335.2,-33.713,14,0,72,0,60,0,149094648,149203584,8,200216
original,192,packet-drill,20260926-183537-ws12-o-b192-f,20260926-183537-ws12-o-b192-d,772,416,10005,102,8388608,1376,1317,1,1368.986,1335.252,-33.734,10,0,0,0,0,0,149094648,149203584,8,200216
original,192,packet-drill,20260926-183537-ws12-o-b192-f,20260926-183537-ws12-o-b192-d,772,576,10003,102,8388608,1376,1346,1,1397.063,1335.226,-61.837,12,0,401,0,546,0,149094648,149203584,8,200216
original,192,packet-drill,20260926-183537-ws12-o-b192-f,20260926-183537-ws12-o-b192-d,772,680,10000,102,8388608,1376,1349,0,1368.9,1423.759,54.859,4,0,248,0,236,0,149094648,149203584,8,200216
original,192,packet-drill,20260926-183537-ws12-o-b192-f,20260926-183537-ws12-o-b192-d,772,828,10007,105,8388608,1376,1377,0,1368.591,1380.757,12.166,6,0,150,0,154,0,149094648,149203584,8,200216
original,192,packet-drill,20260926-183537-ws12-o-b192-f,20260926-183537-ws12-o-b192-d,772,1124,10002,101,8388608,1376,1411,0,1369.179,1335.213,-33.966,13,0,2,0,0,0,149094648,149203584,8,200216
original,192,packet-drill,20260926-183537-ws12-o-b192-f,20260926-183537-ws12-o-b192-d,772,1208,10006,101,8388608,1376,1413,0,1369.635,1335.265,-34.37,9,0,2,0,2,0,149094648,149203584,8,200216
original,192,packet-drill,20260926-183537-ws12-o-b192-f,20260926-183537-ws12-o-b192-d,776,636,10002,103,8388608,1376,1347,0,689.594,689.026,-0.568,109,0,3,0,4,0,149094648,149203584,8,200216
original,192,packet-drill,20260926-183537-ws12-o-b192-f,20260926-183537-ws12-o-b192-d,776,908,10003,102,8388608,1376,1380,0,691.782,690.683,-1.099,106,0,12,0,7,0,149094648,149203584,8,200216
original,192,packet-drill,20260926-183537-ws12-o-b192-f,20260926-183537-ws12-o-b192-d,776,1040,10001,102,8388608,1376,1408,1,690.487,690.705,0.218,105,0,3,0,3,0,149094648,149203584,8,200216
original,192,packet-drill,20260926-183537-ws12-o-b192-f,20260926-183537-ws12-o-b192-d,776,1248,10000,100,8388608,1376,1415,0,686.848,687.209,0.361,111,0,0,0,0,0,149094648,149203584,8,200216
original,192,packet-drill,20260926-183537-ws12-o-b192-f,20260926-183537-ws12-o-b192-d,788,380,10003,103,8388608,1376,1315,0,876.406,879.023,2.617,67,0,0,0,0,0,149094648,149203584,8,200216
original,192,packet-drill,20260926-183537-ws12-o-b192-f,20260926-183537-ws12-o-b192-d,788,584,10004,101,8388608,1376,1346,1,874.661,879.039,4.378,66,0,3,0,4,0,149094648,149203584,8,200216
original,192,packet-drill,20260926-183537-ws12-o-b192-f,20260926-183537-ws12-o-b192-d,788,740,10001,102,8388608,1376,1351,0,873.148,879.011,5.863,68,0,2,0,0,0,149094648,149203584,8,200216
original,192,packet-drill,20260926-183537-ws12-o-b192-f,20260926-183537-ws12-o-b192-d,788,776,10002,101,8388608,1376,1376,0,872.658,878.514,5.856,70,0,0,0,2,0,149094648,149203584,8,200216
original,192,packet-drill,20260926-183537-ws12-o-b192-f,20260926-183537-ws12-o-b192-d,788,992,10000,100,8388608,1376,1383,0,875.509,878.57,3.061,69,0,4,0,0,0,149094648,149203584,8,200216
original,192,packet-drill,20260926-183537-ws12-o-b192-f,20260926-183537-ws12-o-b192-d,828,540,10000,100,8388608,1377,1344,0,210.961,261.481,50.52,191,0,0,0,0,0,24613748,24795484,8,150772
original,192,packet-drill,20260926-183537-ws12-o-b192-f,20260926-183537-ws12-o-b192-d,828,844,10001,103,8388608,1377,1378,0,705.153,564.189,-140.964,150,0,18,0,10,0,24613748,24795484,8,150772
original,192,packet-drill,20260926-183537-ws12-o-b192-f,20260926-183537-ws12-o-b192-d,844,416,10000,100,8388608,1378,1317,1,576.673,585.045,8.372,144,0,0,0,0,0,88100684,88285960,8,215268
original,192,packet-drill,20260926-183537-ws12-o-b192-f,20260926-183537-ws12-o-b192-d,844,992,10002,102,8388608,1378,1383,0,521.521,563.26,41.739,151,0,4,0,0,0,88100684,88285960,8,215268
original,192,packet-drill,20260926-183537-ws12-o-b192-f,20260926-183537-ws12-o-b192-d,844,1180,10001,100,8388608,1378,1412,0,495.415,452.912,-42.503,162,0,0,0,0,0,88100684,88285960,8,215268
original,192,packet-drill,20260926-183537-ws12-o-b192-f,20260926-183537-ws12-o-b192-d,856,372,10004,100,8388608,1378,1315,0,928.997,668.082,-260.915,119,0,0,0,0,0,88100684,88285960,8,215268
original,192,packet-drill,20260926-183537-ws12-o-b192-f,20260926-183537-ws12-o-b192-d,856,400,10000,100,8388608,1378,1316,1,933.701,970.479,36.778,56,0,72,0,60,0,88100684,88285960,8,215268
original,192,packet-drill,20260926-183537-ws12-o-b192-f,20260926-183537-ws12-o-b192-d,856,576,10001,101,8388608,1378,1346,1,1405.355,1620.967,215.612,1,1,401,0,546,0,88100684,88285960,8,215268
original,192,packet-drill,20260926-183537-ws12-o-b192-f,20260926-183537-ws12-o-b192-d,856,748,10002,101,8388608,1378,1351,0,933.512,970.522,37.01,55,0,82,0,76,0,88100684,88285960,8,215268
original,192,packet-drill,20260926-183537-ws12-o-b192-f,20260926-183537-ws12-o-b192-d,856,788,10005,103,8388608,1378,1376,0,992.634,920.034,-72.6,64,0,44,0,33,0,88100684,88285960,8,215268
original,192,packet-drill,20260926-183537-ws12-o-b192-f,20260926-183537-ws12-o-b192-d,856,992,10003,101,8388608,1378,1383,0,928.56,757.564,-170.996,91,0,4,0,0,0,88100684,88285960,8,215268
original,192,packet-drill,20260926-183537-ws12-o-b192-f,20260926-183537-ws12-o-b192-d,908,436,10000,101,8388608,1380,1317,1,279.053,266.313,-12.74,190,0,1,0,0,0,42187004,42361640,8,140832
original,192,packet-drill,20260926-183537-ws12-o-b192-f,20260926-183537-ws12-o-b192-d,924,248,10002,100,8388608,1380,1287,0,380.364,292.568,-87.796,189,0,2,0,0,0,42187004,42361640,8,140832
original,192,packet-drill,20260926-183537-ws12-o-b192-f,20260926-183537-ws12-o-b192-d,924,648,10001,101,8388608,1380,1348,1,650.693,639.629,-11.064,133,0,4,0,0,0,42187004,42361640,8,140832
original,192,packet-drill,20260926-183537-ws12-o-b192-f,20260926-183537-ws12-o-b192-d,924,856,10000,103,8388608,1380,1378,0,1411.002,1371.012,-39.99,7,0,350,0,390,0,42187004,42361640,8,140832
original,192,packet-drill,20260926-183537-ws12-o-b192-f,20260926-183537-ws12-o-b192-d,932,576,10002,105,8388608,1381,1346,1,1155.868,1156.125,0.257,22,0,401,0,546,0,57170772,57286540,8,173496
original,192,packet-drill,20260926-183537-ws12-o-b192-f,20260926-183537-ws12-o-b192-d,932,620,10000,100,8388608,1381,1347,0,590.92,640.289,49.369,132,0,0,0,5,0,57170772,57286540,8,173496
original,192,packet-drill,20260926-183537-ws12-o-b192-f,20260926-183537-ws12-o-b192-d,932,648,10001,102,8388608,1381,1348,1,658.091,644.111,-13.98,130,0,4,0,0,0,57170772,57286540,8,173496
original,192,packet-drill,20260926-183537-ws12-o-b192-f,20260926-183537-ws12-o-b192-d,952,452,10001,101,8388608,1381,1318,0,517.028,518.241,1.213,156,0,1,0,0,0,57170772,57286540,8,173496
original,192,packet-drill,20260926-183537-ws12-o-b192-f,20260926-183537-ws12-o-b192-d,952,788,10000,100,8388608,1381,1376,0,595.215,553.13,-42.085,152,0,44,0,33,0,57170772,57286540,8,173496
original,192,packet-drill,20260926-183537-ws12-o-b192-f,20260926-183537-ws12-o-b192-d,956,452,10001,102,8388608,1381,1318,0,511.639,518.293,6.654,155,0,1,0,0,0,57170772,57286540,8,173496
original,192,packet-drill,20260926-183537-ws12-o-b192-f,20260926-183537-ws12-o-b192-d,956,932,10000,100,8388608,1381,1381,0,253.289,250.541,-2.748,192,0,0,0,0,0,57170772,57286540,8,173496
original,192,packet-drill,20260926-183537-ws12-o-b192-f,20260926-183537-ws12-o-b192-d,976,908,10000,100,8388608,1382,1380,0,350.214,476.635,126.421,161,0,12,0,7,0,14828732,15029888,8,151320
original,192,packet-drill,20260926-183537-ws12-o-b192-f,20260926-183537-ws12-o-b192-d,992,388,10001,101,8388608,1383,1316,1,395.075,336.994,-58.081,186,0,3,0,0,0,104645708,104781624,8,198472
original,192,packet-drill,20260926-183537-ws12-o-b192-f,20260926-183537-ws12-o-b192-d,992,636,10000,101,8388608,1383,1347,0,595.88,630.883,35.003,135,0,3,0,4,0,104645708,104781624,8,198472
original,192,packet-drill,20260926-183537-ws12-o-b192-f,20260926-183537-ws12-o-b192-d,992,828,10002,102,8388608,1383,1377,0,1061.817,950.601,-111.216,63,0,150,0,154,0,104645708,104781624,8,198472
original,192,packet-drill,20260926-183537-ws12-o-b192-f,20260926-183537-ws12-o-b192-d,1000,36,10000,101,8388608,1383,1281,0,1030.938,1031.358,0.42,36,0,7,0,2,0,104645708,104781624,8,198472
original,192,packet-drill,20260926-183537-ws12-o-b192-f,20260926-183537-ws12-o-b192-d,1000,140,10005,101,8388608,1383,1284,1,1031.003,1031.423,0.42,34,0,0,0,0,0,104645708,104781624,8,198472
original,192,packet-drill,20260926-183537-ws12-o-b192-f,20260926-183537-ws12-o-b192-d,1000,584,10003,100,8388608,1383,1346,1,1033.065,1032.811,-0.254,33,0,3,0,4,0,104645708,104781624,8,198472
original,192,packet-drill,20260926-183537-ws12-o-b192-f,20260926-183537-ws12-o-b192-d,1000,772,10001,100,8388608,1383,1376,0,1030.517,1030.939,0.422,38,0,2,0,2,0,104645708,104781624,8,198472
original,192,packet-drill,20260926-183537-ws12-o-b192-f,20260926-183537-ws12-o-b192-d,1000,952,10002,101,8388608,1383,1381,0,1030.529,1030.949,0.42,37,0,0,0,0,0,104645708,104781624,8,198472
original,192,packet-drill,20260926-183537-ws12-o-b192-f,20260926-183537-ws12-o-b192-d,1000,1180,10004,101,8388608,1383,1412,0,1030.99,1031.41,0.42,35,0,0,0,0,0,104645708,104781624,8,198472
original,192,packet-drill,20260926-183537-ws12-o-b192-f,20260926-183537-ws12-o-b192-d,1016,356,10001,102,8388608,1383,1315,0,594.726,599.029,4.303,141,0,0,0,0,0,104645708,104781624,8,198472
original,192,packet-drill,20260926-183537-ws12-o-b192-f,20260926-183537-ws12-o-b192-d,1016,856,10000,104,8388608,1383,1378,0,1337.81,1353.249,15.439,8,0,350,0,390,0,104645708,104781624,8,198472
original,192,packet-drill,20260926-183537-ws12-o-b192-f,20260926-183537-ws12-o-b192-d,1124,680,10001,105,8388608,1411,1349,0,1245.139,975.545,-269.594,49,0,248,0,236,0,42582520,42756684,8,173408
original,192,packet-drill,20260926-183537-ws12-o-b192-f,20260926-183537-ws12-o-b192-d,1124,844,10000,101,8388608,1411,1378,0,681.676,618.732,-62.944,138,0,18,0,10,0,42582520,42756684,8,173408
original,192,packet-drill,20260926-183537-ws12-o-b192-f,20260926-183537-ws12-o-b192-d,1144,564,10001,101,8388608,1411,1345,1,467.551,483.072,15.521,160,0,0,0,0,0,42582520,42756684,8,173408
original,192,packet-drill,20260926-183537-ws12-o-b192-f,20260926-183537-ws12-o-b192-d,1144,1016,10000,100,8388608,1411,1383,0,412.128,413.074,0.946,171,0,1,0,0,0,42582520,42756684,8,173408
original,192,packet-drill,20260926-183537-ws12-o-b192-f,20260926-183537-ws12-o-b192-d,1180,176,10000,102,8388608,1412,1285,0,463.507,413.014,-50.493,172,0,1,0,0,0,31351788,31552320,8,128528
original,192,packet-drill,20260926-183537-ws12-o-b192-f,20260926-183537-ws12-o-b192-d,1180,764,10001,100,8388608,1412,1351,0,464.4,437.149,-27.251,166,0,0,0,0,0,31351788,31552320,8,128528
original,192,packet-drill,20260926-183537-ws12-o-b192-f,20260926-183537-ws12-o-b192-d,1180,828,10002,104,8388608,1412,1377,0,1064.985,1086.104,21.119,32,0,150,0,154,0,31351788,31552320,8,128528
original,192,packet-drill,20260926-183537-ws12-o-b192-f,20260926-183537-ws12-o-b192-d,1208,284,10004,101,8388608,1413,1312,0,790.624,761.892,-28.732,89,0,4,0,0,0,48999004,49233472,8,92560
original,192,packet-drill,20260926-183537-ws12-o-b192-f,20260926-183537-ws12-o-b192-d,1208,828,10002,103,8388608,1413,1377,0,1044.177,1015.827,-28.35,46,0,150,0,154,0,48999004,49233472,8,92560
original,192,packet-drill,20260926-183537-ws12-o-b192-f,20260926-183537-ws12-o-b192-d,1208,908,10003,101,8388608,1413,1380,0,797.177,797.973,0.796,83,0,12,0,7,0,48999004,49233472,8,92560
original,192,packet-drill,20260926-183537-ws12-o-b192-f,20260926-183537-ws12-o-b192-d,1208,1000,10001,101,8388608,1413,1383,0,795.721,770.552,-25.169,85,0,0,0,0,0,48999004,49233472,8,92560
original,192,packet-drill,20260926-183537-ws12-o-b192-f,20260926-183537-ws12-o-b192-d,1208,1044,10000,100,8388608,1413,1408,1,793.728,801.363,7.635,81,0,1,0,9,0,48999004,49233472,8,92560
original,192,packet-drill,20260926-183537-ws12-o-b192-f,20260926-183537-ws12-o-b192-d,1248,28,10000,101,8388608,1415,1280,0,353.121,346.813,-6.308,183,0,0,0,0,0,49936552,50129044,8,112444
original,192,packet-drill,20260926-183537-ws12-o-b192-f,20260926-183537-ws12-o-b192-d,1248,372,10001,101,8388608,1415,1315,0,353.793,374.651,20.858,177,0,0,0,0,0,49936552,50129044,8,112444
original,192,packet-drill,20260926-183537-ws12-o-b192-f,20260926-183537-ws12-o-b192-d,1268,340,10001,102,8388608,1415,1314,0,707.77,712.489,4.719,97,0,6,0,18,0,49936552,50129044,8,112444
original,192,packet-drill,20260926-183537-ws12-o-b192-f,20260926-183537-ws12-o-b192-d,1268,976,10002,101,8388608,1415,1382,0,624.42,643.627,19.207,131,0,0,0,4,0,49936552,50129044,8,112444
original,192,packet-drill,20260926-183537-ws12-o-b192-f,20260926-183537-ws12-o-b192-d,1268,1000,10000,100,8388608,1415,1383,0,369.696,367.312,-2.384,179,0,0,0,0,0,49936552,50129044,8,112444
20261103,128,dualtrack,20260926-183537-ws12-03-b128-f,20260926-183537-ws12-03-b128-h,28,924,10000,101,8388608,1280,1380,0,456.127,283.649,-172.478,120,0,3,0,13,0,13773484,13998056,8,105284
20261103,128,dualtrack,20260926-183537-ws12-03-b128-f,20260926-183537-ws12-03-b128-h,36,628,10001,100,8388608,1281,1347,0,352.55,355.711,3.161,103,0,0,0,1,0,49452096,49727316,8,196696
20261103,128,dualtrack,20260926-183537-ws12-03-b128-f,20260926-183537-ws12-03-b128-h,36,1208,10000,100,8388608,1281,1413,0,353.028,355.284,2.256,104,0,0,0,0,0,49452096,49727316,8,196696
20261103,128,dualtrack,20260926-183537-ws12-03-b128-f,20260926-183537-ws12-03-b128-h,56,576,10001,103,8388608,1281,1346,1,1185.761,1243.086,57.325,4,0,278,0,367,0,49452096,49727316,8,196696
20261103,128,dualtrack,20260926-183537-ws12-03-b128-f,20260926-183537-ws12-03-b128-h,56,680,10000,101,8388608,1281,1349,0,768.574,873.022,104.448,20,0,65,0,64,0,49452096,49727316,8,196696
20261103,128,dualtrack,20260926-183537-ws12-03-b128-f,20260926-183537-ws12-03-b128-h,56,828,10002,100,8388608,1281,1377,0,395.79,379.605,-16.185,96,0,0,0,3,0,49452096,49727316,8,196696
20261103,128,dualtrack,20260926-183537-ws12-03-b128-f,20260926-183537-ws12-03-b128-h,112,336,10003,100,8388608,1283,1314,0,687.336,687.601,0.265,39,0,0,0,0,0,40167844,40390980,8,80400
20261103,128,dualtrack,20260926-183537-ws12-03-b128-f,20260926-183537-ws12-03-b128-h,112,720,10002,100,8388608,1283,1350,0,687.268,685.912,-1.356,43,0,0,0,0,0,40167844,40390980,8,80400
20261103,128,dualtrack,20260926-183537-ws12-03-b128-f,20260926-183537-ws12-03-b128-h,112,956,10001,100,8388608,1283,1381,0,686.355,686.445,0.09,41,0,0,0,0,0,40167844,40390980,8,80400
20261103,128,dualtrack,20260926-183537-ws12-03-b128-f,20260926-183537-ws12-03-b128-h,112,1016,10000,100,8388608,1283,1383,0,688.599,689.333,0.734,36,0,0,0,2,0,40167844,40390980,8,80400
20261103,128,dualtrack,20260926-183537-ws12-03-b128-f,20260926-183537-ws12-03-b128-h,128,356,10000,100,8388608,1284,1315,0,515.885,544.015,28.13,61,0,3,0,7,0,39623960,39923184,8,163916
20261103,128,dualtrack,20260926-183537-ws12-03-b128-f,20260926-183537-ws12-03-b128-h,128,416,10001,101,8388608,1284,1317,1,515.146,435.819,-79.327,90,0,0,0,4,0,39623960,39923184,8,163916
20261103,128,dualtrack,20260926-183537-ws12-03-b128-f,20260926-183537-ws12-03-b128-h,128,976,10002,101,8388608,1284,1382,0,512.607,479.412,-33.195,84,0,0,0,2,0,39623960,39923184,8,163916
20261103,128,dualtrack,20260926-183537-ws12-03-b128-f,20260926-183537-ws12-03-b128-h,140,452,10000,100,8388608,1284,1318,0,351.03,353.865,2.835,105,0,2,0,4,0,39623960,39923184,8,163916
20261103,128,dualtrack,20260926-183537-ws12-03-b128-f,20260926-183537-ws12-03-b128-h,176,308,10000,101,8388608,1285,1313,0,364.571,394.771,30.2,95,0,0,0,2,0,57660104,58017528,8,201820
20261103,128,dualtrack,20260926-183537-ws12-03-b128-f,20260926-183537-ws12-03-b128-h,176,856,10002,105,8388608,1285,1378,0,1167.174,990.237,-176.937,16,0,222,0,266,0,57660104,58017528,8,201820
20261103,128,dualtrack,20260926-183537-ws12-03-b128-f,20260926-183537-ws12-03-b128-h,176,1040,10001,103,8388608,1285,1408,1,636.65,601.072,-35.578,55,0,0,0,6,0,57660104,58017528,8,201820
20261103,128,dualtrack,20260926-183537-ws12-03-b128-f,20260926-183537-ws12-03-b128-h,188,36,10001,101,8388608,1285,1281,0,426.079,326.855,-99.224,117,0,0,0,0,0,57660104,58017528,8,201820
20261103,128,dualtrack,20260926-183537-ws12-03-b128-f,20260926-183537-ws12-03-b128-h,188,740,10002,103,8388608,1285,1351,0,688.28,683.663,-4.617,44,0,1,0,4,0,57660104,58017528,8,201820
20261103,128,dualtrack,20260926-183537-ws12-03-b128-f,20260926-183537-ws12-03-b128-h,188,924,10000,102,8388608,1285,1380,0,462.2,499.308,37.108,80,0,3,0,13,0,57660104,58017528,8,201820
20261103,128,dualtrack,20260926-183537-ws12-03-b128-f,20260926-183537-ws12-03-b128-h,248,188,10001,100,8388608,1287,1285,0,504.214,505.338,1.124,78,0,0,0,0,0,30356956,30664364,8,126156
20261103,128,dualtrack,20260926-183537-ws12-03-b128-f,20260926-183537-ws12-03-b128-h,248,380,10002,101,8388608,1287,1315,0,505.568,504.801,-0.767,79,0,0,0,0,0,30356956,30664364,8,126156
20261103,128,dualtrack,20260926-183537-ws12-03-b128-f,20260926-183537-ws12-03-b128-h,248,748,10000,100,8388608,1287,1351,0,505.624,507.191,1.567,77,0,7,0,6,0,30356956,30664364,8,126156
20261103,128,dualtrack,20260926-183537-ws12-03-b128-f,20260926-183537-ws12-03-b128-h,284,1124,10001,100,8388608,1312,1411,0,371.933,365.839,-6.094,98,0,1,0,9,0,22145568,22422648,8,196520
20261103,128,dualtrack,20260926-183537-ws12-03-b128-f,20260926-183537-ws12-03-b128-h,284,1268,10000,100,8388608,1312,1415,0,331.292,352.417,21.125,106,0,0,0,4,0,22145568,22422648,8,196520
20261103,128,dualtrack,20260926-183537-ws12-03-b128-f,20260926-183537-ws12-03-b128-h,308,576,10001,102,8388608,1313,1346,1,1256.446,1205.894,-50.552,6,0,278,0,367,0,40181328,40583632,8,310304
20261103,128,dualtrack,20260926-183537-ws12-03-b128-f,20260926-183537-ws12-03-b128-h,308,648,10003,103,8388608,1313,1348,1,708.381,723.161,14.78,34,0,7,0,14,0,40181328,40583632,8,310304
20261103,128,dualtrack,20260926-183537-ws12-03-b128-f,20260926-183537-ws12-03-b128-h,308,844,10002,101,8388608,1313,1378,0,537.129,602.817,65.688,52,0,9,0,8,0,40181328,40583632,8,310304
20261103,128,dualtrack,20260926-183537-ws12-03-b128-f,20260926-183537-ws12-03-b128-h,308,1040,10000,102,8388608,1313,1408,1,640.676,601.505,-39.171,54,0,0,0,6,0,40181328,40583632,8,310304
20261103,128,dualtrack,20260926-183537-ws12-03-b128-f,20260926-183537-ws12-03-b128-h,332,192,10000,100,8388608,1314,1286,0,575.602,672.372,96.77,48,0,7,0,5,0,59632488,59934368,8,198076
20261103,128,dualtrack,20260926-183537-ws12-03-b128-f,20260926-183537-ws12-03-b128-h,336,400,10001,101,8388608,1314,1316,1,746.238,973.418,227.18,17,0,147,0,135,0,59632488,59934368,8,198076
20261103,128,dualtrack,20260926-183537-ws12-03-b128-f,20260926-183537-ws12-03-b128-h,336,680,10000,100,8388608,1314,1349,0,744.02,428.417,-315.603,91,0,65,0,64,0,59632488,59934368,8,198076
20261103,128,dualtrack,20260926-183537-ws12-03-b128-f,20260926-183537-ws12-03-b128-h,340,680,10002,103,8388608,1314,1349,0,561.385,936.727,375.342,19,0,65,0,64,0,59632488,59934368,8,198076
20261103,128,dualtrack,20260926-183537-ws12-03-b128-f,20260926-183537-ws12-03-b128-h,340,748,10001,102,8388608,1314,1351,0,639.837,601.673,-38.164,53,0,7,0,6,0,59632488,59934368,8,198076
20261103,128,dualtrack,20260926-183537-ws12-03-b128-f,20260926-183537-ws12-03-b128-h,340,924,10000,100,8388608,1314,1380,0,615.465,675.162,59.697,47,0,3,0,13,0,59632488,59934368,8,198076
20261103,128,dualtrack,20260926-183537-ws12-03-b128-f,20260926-183537-ws12-03-b128-h,356,332,10003,103,8388608,1315,1314,0,726.669,711.741,-14.928,35,0,39,0,12,0,66932076,67105288,8,113160
20261103,128,dualtrack,20260926-183537-ws12-03-b128-f,20260926-183537-ws12-03-b128-h,356,436,10002,100,8388608,1315,1317,1,403.16,407.116,3.956,94,0,0,0,2,0,66932076,67105288,8,113160
20261103,128,dualtrack,20260926-183537-ws12-03-b128-f,20260926-183537-ws12-03-b128-h,356,856,10000,101,8388608,1315,1378,0,1055.347,1251.324,195.977,2,1,222,0,266,0,66932076,67105288,8,113160
20261103,128,dualtrack,20260926-183537-ws12-03-b128-f,20260926-183537-ws12-03-b128-h,356,1040,10001,100,8388608,1315,1408,1,688.962,743.925,54.963,32,0,0,0,6,0,66932076,67105288,8,113160
20261103,128,dualtrack,20260926-183537-ws12-03-b128-f,20260926-183537-ws12-03-b128-h,372,284,10001,100,8388608,1315,1312,0,344.663,352.232,7.569,107,0,0,0,4,0,66932076,67105288,8,113160
20261103,128,dualtrack,20260926-183537-ws12-03-b128-f,20260926-183537-ws12-03-b128-h,372,308,10000,100,8388608,1315,1313,0,344.66,351.502,6.842,109,0,0,0,2,0,66932076,67105288,8,113160
20261103,128,dualtrack,20260926-183537-ws12-03-b128-f,20260926-183537-ws12-03-b128-h,380,400,10000,103,8388608,1315,1316,1,879.801,825.389,-54.412,27,0,147,0,135,0,66932076,67105288,8,113160
20261103,128,dualtrack,20260926-183537-ws12-03-b128-f,20260926-183537-ws12-03-b128-h,388,628,10000,101,8388608,1316,1347,0,334.222,326.583,-7.639,118,0,0,0,1,0,59628724,59872108,8,137112
20261103,128,dualtrack,20260926-183537-ws12-03-b128-f,20260926-183537-ws12-03-b128-h,388,1044,10001,101,8388608,1316,1408,1,431.585,558.175,126.59,60,0,2,0,10,0,59628724,59872108,8,137112
20261103,128,dualtrack,20260926-183537-ws12-03-b128-f,20260926-183537-ws12-03-b128-h,400,332,10000,100,8388608,1316,1314,0,654.32,329.801,-324.519,116,0,39,0,12,0,59628724,59872108,8,137112
20261103,128,dualtrack,20260926-183537-ws12-03-b128-f,20260926-183537-ws12-03-b128-h,400,740,10001,102,8388608,1316,1351,0,684.421,676.326,-8.095,46,0,1,0,4,0,59628724,59872108,8,137112
20261103,128,dualtrack,20260926-183537-ws12-03-b128-f,20260926-183537-ws12-03-b128-h,404,112,10001,101,8388608,1316,1283,0,360.565,251.012,-109.553,125,0,2,0,3,0,59628724,59872108,8,137112
20261103,128,dualtrack,20260926-183537-ws12-03-b128-f,20260926-183537-ws12-03-b128-h,404,332,10000,102,8388608,1316,1314,0,649.559,658.569,9.01,50,0,39,0,12,0,59628724,59872108,8,137112
20261103,128,dualtrack,20260926-183537-ws12-03-b128-f,20260926-183537-ws12-03-b128-h,416,128,10002,100,8388608,1317,1284,1,467.417,523.998,56.581,68,0,0,0,0,0,49406260,49738796,8,154660
20261103,128,dualtrack,20260926-183537-ws12-03-b128-f,20260926-183537-ws12-03-b128-h,416,772,10000,100,8388608,1317,1376,0,580.841,528.896,-51.945,65,0,2,0,5,0,49406260,49738796,8,154660
20261103,128,dualtrack,20260926-183537-ws12-03-b128-f,20260926-183537-ws12-03-b128-h,416,776,10001,101,8388608,1317,1376,0,466.887,526.48,59.593,66,0,0,0,0,0,49406260,49738796,8,154660
20261103,128,dualtrack,20260926-183537-ws12-03-b128-f,20260926-183537-ws12-03-b128-h,436,112,10001,100,8388608,1317,1283,0,362.596,492.853,130.257,82,0,2,0,3,0,49406260,49738796,8,154660
20261103,128,dualtrack,20260926-183537-ws12-03-b128-f,20260926-183537-ws12-03-b128-h,436,332,10000,101,8388608,1317,1314,0,718.53,580.615,-137.915,58,0,39,0,12,0,49406260,49738796,8,154660
20261103,128,dualtrack,20260926-183537-ws12-03-b128-f,20260926-183537-ws12-03-b128-h,452,400,10000,102,8388608,1318,1316,1,911.833,737.443,-174.39,33,0,147,0,135,0,13782172,14049376,8,292612
20261103,128,dualtrack,20260926-183537-ws12-03-b128-f,20260926-183537-ws12-03-b128-h,540,176,10000,100,8388608,1344,1285,0,451.712,407.199,-44.513,93,0,0,0,3,0,22086804,22319264,8,96456
20261103,128,dualtrack,20260926-183537-ws12-03-b128-f,20260926-183537-ws12-03-b128-h,540,1144,10001,101,8388608,1344,1411,0,463.641,494.872,31.231,81,0,1,0,3,0,22086804,22319264,8,96456
20261103,128,dualtrack,20260926-183537-ws12-03-b128-f,20260926-183537-ws12-03-b128-h,576,740,10000,101,8388608,1346,1351,0,597.413,589.898,-7.515,57,0,1,0,4,0,42160592,42366856,8,84472
20261103,128,dualtrack,20260926-183537-ws12-03-b128-f,20260926-183537-ws12-03-b128-h,584,388,10001,101,8388608,1346,1316,1,500.892,508.913,8.021,75,0,0,0,0,0,42160592,42366856,8,84472
20261103,128,dualtrack,20260926-183537-ws12-03-b128-f,20260926-183537-ws12-03-b128-h,584,404,10002,100,8388608,1346,1316,1,502.484,507.928,5.444,76,0,0,0,0,0,42160592,42366856,8,84472
20261103,128,dualtrack,20260926-183537-ws12-03-b128-f,20260926-183537-ws12-03-b128-h,584,844,10000,100,8388608,1346,1378,0,527.915,511.682,-16.233,74,0,9,0,8,0,42160592,42366856,8,84472
20261103,128,dualtrack,20260926-183537-ws12-03-b128-f,20260926-183537-ws12-03-b128-h,612,28,10000,100,8388608,1347,1280,0,362.472,362.557,0.085,99,0,0,0,0,0,66350964,66457816,8,63036
20261103,128,dualtrack,20260926-183537-ws12-03-b128-f,20260926-183537-ws12-03-b128-h,612,56,10001,101,8388608,1347,1281,0,436.841,419.556,-17.285,92,0,6,0,3,0,66350964,66457816,8,63036
20261103,128,dualtrack,20260926-183537-ws12-03-b128-f,20260926-183537-ws12-03-b128-h,612,680,10002,104,8388608,1347,1349,0,867.434,824.14,-43.294,28,0,65,0,64,0,66350964,66457816,8,63036
20261103,128,dualtrack,20260926-183537-ws12-03-b128-f,20260926-183537-ws12-03-b128-h,620,56,10000,100,8388608,1347,1281,0,480.424,351.817,-128.607,108,0,6,0,3,0,66350964,66457816,8,63036
20261103,128,dualtrack,20260926-183537-ws12-03-b128-f,20260926-183537-ws12-03-b128-h,628,856,10000,100,8388608,1347,1378,0,1078.586,1179.036,100.45,7,0,222,0,266,0,66350964,66457816,8,63036
20261103,128,dualtrack,20260926-183537-ws12-03-b128-f,20260926-183537-ws12-03-b128-h,636,380,10000,100,8388608,1347,1315,0,352.176,351.479,-0.697,110,0,0,0,0,0,66350964,66457816,8,63036
20261103,128,dualtrack,20260926-183537-ws12-03-b128-f,20260926-183537-ws12-03-b128-h,636,952,10001,101,8388608,1347,1381,0,349.655,348.667,-0.988,111,0,0,0,1,0,66350964,66457816,8,63036
20261103,128,dualtrack,20260926-183537-ws12-03-b128-f,20260926-183537-ws12-03-b128-h,648,636,10000,100,8388608,1348,1347,0,872.392,872.492,0.1,25,0,3,0,3,0,66986660,67203900,8,123644
20261103,128,dualtrack,20260926-183537-ws12-03-b128-f,20260926-183537-ws12-03-b128-h,648,764,10002,101,8388608,1348,1351,0,872.418,872.518,0.1,24,0,0,0,0,0,66986660,67203900,8,123644
20261103,128,dualtrack,20260926-183537-ws12-03-b128-f,20260926-183537-ws12-03-b128-h,648,772,10001,101,8388608,1348,1376,0,872.833,872.952,0.119,23,0,2,0,5,0,66986660,67203900,8,123644
20261103,128,dualtrack,20260926-183537-ws12-03-b128-f,20260926-183537-ws12-03-b128-h,648,828,10003,101,8388608,1348,1377,0,873.027,872.959,-0.068,22,0,0,0,3,0,66986660,67203900,8,123644
20261103,128,dualtrack,20260926-183537-ws12-03-b128-f,20260926-183537-ws12-03-b128-h,648,1144,10004,102,8388608,1348,1411,0,872.879,872.972,0.093,21,0,1,0,3,0,66986660,67203900,8,123644
20261103,128,dualtrack,20260926-183537-ws12-03-b128-f,20260926-183537-ws12-03-b128-h,656,356,10000,101,8388608,1348,1315,0,320.399,339.711,19.312,115,0,3,0,7,0,66986660,67203900,8,123644
20261103,128,dualtrack,20260926-183537-ws12-03-b128-f,20260926-183537-ws12-03-b128-h,656,788,10001,101,8388608,1348,1376,0,360.242,346.976,-13.266,112,0,0,0,7,0,66986660,67203900,8,123644
20261103,128,dualtrack,20260926-183537-ws12-03-b128-f,20260926-183537-ws12-03-b128-h,720,1144,10000,100,8388608,1350,1411,0,359.735,317.796,-41.939,119,0,1,0,3,0,13807996,14009968,8,157448
20261103,128,dualtrack,20260926-183537-ws12-03-b128-f,20260926-183537-ws12-03-b128-h,740,720,10000,101,8388608,1351,1350,0,294.053,236.421,-57.632,126,0,0,0,0,0,68948644,69197260,8,112292
20261103,128,dualtrack,20260926-183537-ws12-03-b128-f,20260926-183537-ws12-03-b128-h,740,856,10001,104,8388608,1351,1378,0,701.622,1246.577,544.955,3,0,222,0,266,0,68948644,69197260,8,112292
20261103,128,dualtrack,20260926-183537-ws12-03-b128-f,20260926-183537-ws12-03-b128-h,748,340,10000,102,8388608,1351,1314,0,525.212,519.588,-5.624,70,0,0,0,0,0,68948644,69197260,8,112292
20261103,128,dualtrack,20260926-183537-ws12-03-b128-f,20260926-183537-ws12-03-b128-h,748,576,10001,105,8388608,1351,1346,1,1085.24,1120.41,35.17,10,0,278,0,367,0,68948644,69197260,8,112292
20261103,128,dualtrack,20260926-183537-ws12-03-b128-f,20260926-183537-ws12-03-b128-h,764,140,10000,100,8388608,1351,1284,1,448.413,482.645,34.232,83,0,0,0,0,0,68948644,69197260,8,112292
20261103,128,dualtrack,20260926-183537-ws12-03-b128-f,20260926-183537-ws12-03-b128-h,764,340,10002,100,8388608,1351,1314,0,527.586,525.719,-1.867,67,0,0,0,0,0,68948644,69197260,8,112292
20261103,128,dualtrack,20260926-183537-ws12-03-b128-f,20260926-183537-ws12-03-b128-h,764,648,10001,100,8388608,1351,1348,1,611.785,564.87,-46.915,59,0,7,0,14,0,68948644,69197260,8,112292
20261103,128,dualtrack,20260926-183537-ws12-03-b128-f,20260926-183537-ws12-03-b128-h,772,176,10001,101,8388608,1376,1285,0,818.437,994.124,175.687,14,0,0,0,3,0,93830268,93995488,8,114864
20261103,128,dualtrack,20260926-183537-ws12-03-b128-f,20260926-183537-ws12-03-b128-h,772,400,10003,104,8388608,1376,1316,1,1150.02,994.5,-155.52,12,0,147,0,135,0,93830268,93995488,8,114864
20261103,128,dualtrack,20260926-183537-ws12-03-b128-f,20260926-183537-ws12-03-b128-h,772,416,10004,102,8388608,1376,1317,1,818.476,994.177,175.701,13,0,0,0,4,0,93830268,93995488,8,114864
20261103,128,dualtrack,20260926-183537-ws12-03-b128-f,20260926-183537-ws12-03-b128-h,772,576,10002,104,8388608,1376,1346,1,1235.211,1175.912,-59.299,8,0,278,0,367,0,93830268,93995488,8,114864
20261103,128,dualtrack,20260926-183537-ws12-03-b128-f,20260926-183537-ws12-03-b128-h,772,680,10000,102,8388608,1376,1349,0,1000.125,994.111,-6.014,15,0,65,0,64,0,93830268,93995488,8,114864
20261103,128,dualtrack,20260926-183537-ws12-03-b128-f,20260926-183537-ws12-03-b128-h,772,1124,10005,101,8388608,1376,1411,0,819.638,995.522,175.884,11,0,1,0,9,0,93830268,93995488,8,114864
20261103,128,dualtrack,20260926-183537-ws12-03-b128-f,20260926-183537-ws12-03-b128-h,776,1040,10000,101,8388608,1376,1408,1,637.703,594.879,-42.824,56,0,0,0,6,0,93830268,93995488,8,114864
20261103,128,dualtrack,20260926-183537-ws12-03-b128-f,20260926-183537-ws12-03-b128-h,776,1248,10001,100,8388608,1376,1415,0,251.072,258.893,7.821,123,0,0,0,0,0,93830268,93995488,8,114864
20261103,128,dualtrack,20260926-183537-ws12-03-b128-f,20260926-183537-ws12-03-b128-h,788,740,10000,100,8388608,1376,1351,0,687.52,681.902,-5.618,45,0,1,0,4,0,93830268,93995488,8,114864
20261103,128,dualtrack,20260926-183537-ws12-03-b128-f,20260926-183537-ws12-03-b128-h,788,776,10002,100,8388608,1376,1376,0,454.121,457.58,3.459,87,0,0,0,0,0,93830268,93995488,8,114864
20261103,128,dualtrack,20260926-183537-ws12-03-b128-f,20260926-183537-ws12-03-b128-h,788,992,10001,101,8388608,1376,1383,0,458.457,457.639,-0.818,86,0,4,0,3,0,93830268,93995488,8,114864
20261103,128,dualtrack,20260926-183537-ws12-03-b128-f,20260926-183537-ws12-03-b128-h,828,540,10000,100,8388608,1377,1344,0,187.769,189.717,1.948,127,0,0,0,0,0,13809108,13995812,8,195680
20261103,128,dualtrack,20260926-183537-ws12-03-b128-f,20260926-183537-ws12-03-b128-h,844,416,10000,100,8388608,1378,1317,1,531.321,533.943,2.622,62,0,0,0,4,0,78302724,78524652,8,189972
20261103,128,dualtrack,20260926-183537-ws12-03-b128-f,20260926-183537-ws12-03-b128-h,844,992,10001,102,8388608,1378,1383,0,531.46,533.024,1.564,63,0,4,0,3,0,78302724,78524652,8,189972
20261103,128,dualtrack,20260926-183537-ws12-03-b128-f,20260926-183537-ws12-03-b128-h,844,1180,10002,100,8388608,1378,1412,0,526.981,532.271,5.29,64,0,0,0,0,0,78302724,78524652,8,189972
20261103,128,dualtrack,20260926-183537-ws12-03-b128-f,20260926-183537-ws12-03-b128-h,856,372,10004,100,8388608,1378,1315,0,656.374,749.99,93.616,30,0,0,0,0,0,78302724,78524652,8,189972
20261103,128,dualtrack,20260926-183537-ws12-03-b128-f,20260926-183537-ws12-03-b128-h,856,400,10001,100,8388608,1378,1316,1,1165.409,941.421,-223.988,18,0,147,0,135,0,78302724,78524652,8,189972
20261103,128,dualtrack,20260926-183537-ws12-03-b128-f,20260926-183537-ws12-03-b128-h,856,576,10002,101,8388608,1378,1346,1,1239.828,1168.385,-71.443,9,0,278,0,367,0,78302724,78524652,8,189972
20261103,128,dualtrack,20260926-183537-ws12-03-b128-f,20260926-183537-ws12-03-b128-h,856,748,10003,101,8388608,1378,1351,0,661.061,750.2,89.139,29,0,7,0,6,0,78302724,78524652,8,189972
20261103,128,dualtrack,20260926-183537-ws12-03-b128-f,20260926-183537-ws12-03-b128-h,856,992,10000,100,8388608,1378,1383,0,660.732,749.47,88.738,31,0,4,0,3,0,78302724,78524652,8,189972
20261103,128,dualtrack,20260926-183537-ws12-03-b128-f,20260926-183537-ws12-03-b128-h,924,648,10000,101,8388608,1380,1348,1,696.779,642.497,-54.282,51,0,7,0,14,0,23094424,23263748,8,217580
20261103,128,dualtrack,20260926-183537-ws12-03-b128-f,20260926-183537-ws12-03-b128-h,924,856,10001,102,8388608,1380,1378,0,964.896,862.075,-102.821,26,0,222,0,266,0,23094424,23263748,8,217580
20261103,128,dualtrack,20260926-183537-ws12-03-b128-f,20260926-183537-ws12-03-b128-h,932,576,10001,100,8388608,1381,1346,1,846.532,1228.19,381.658,5,0,278,0,367,0,48379492,48649840,8,239248
20261103,128,dualtrack,20260926-183537-ws12-03-b128-f,20260926-183537-ws12-03-b128-h,932,620,10002,100,8388608,1381,1347,0,326.19,281.186,-45.004,121,0,0,0,0,0,48379492,48649840,8,239248
20261103,128,dualtrack,20260926-183537-ws12-03-b128-f,20260926-183537-ws12-03-b128-h,932,648,10000,102,8388608,1381,1348,1,698.984,666.268,-32.716,49,0,7,0,14,0,48379492,48649840,8,239248
20261103,128,dualtrack,20260926-183537-ws12-03-b128-f,20260926-183537-ws12-03-b128-h,952,452,10001,101,8388608,1381,1318,0,353.451,356.847,3.396,102,0,2,0,4,0,48379492,48649840,8,239248
20261103,128,dualtrack,20260926-183537-ws12-03-b128-f,20260926-183537-ws12-03-b128-h,952,788,10000,100,8388608,1381,1376,0,353.414,475.69,122.276,85,0,0,0,7,0,48379492,48649840,8,239248
20261103,128,dualtrack,20260926-183537-ws12-03-b128-f,20260926-183537-ws12-03-b128-h,956,932,10000,100,8388608,1381,1381,0,176.12,176.103,-0.017,128,0,0,0,0,0,48379492,48649840,8,239248
20261103,128,dualtrack,20260926-183537-ws12-03-b128-f,20260926-183537-ws12-03-b128-h,976,908,10000,100,8388608,1382,1380,0,548.61,339.882,-208.728,114,0,6,0,3,0,13822052,14117308,8,126100
20261103,128,dualtrack,20260926-183537-ws12-03-b128-f,20260926-183537-ws12-03-b128-h,992,388,10000,100,8388608,1383,1316,1,358.127,360.185,2.058,101,0,0,0,0,0,67970568,68255700,8,133008
20261103,128,dualtrack,20260926-183537-ws12-03-b128-f,20260926-183537-ws12-03-b128-h,992,636,10001,101,8388608,1383,1347,0,359.085,361.214,2.129,100,0,3,0,3,0,67970568,68255700,8,133008
20261103,128,dualtrack,20260926-183537-ws12-03-b128-f,20260926-183537-ws12-03-b128-h,1000,36,10000,100,8388608,1383,1281,0,687.964,686.582,-1.382,40,0,0,0,0,0,67970568,68255700,8,133008
20261103,128,dualtrack,20260926-183537-ws12-03-b128-f,20260926-183537-ws12-03-b128-h,1000,584,10001,100,8388608,1383,1346,1,687.975,687.943,-0.032,38,0,0,0,0,0,67970568,68255700,8,133008
20261103,128,dualtrack,20260926-183537-ws12-03-b128-f,20260926-183537-ws12-03-b128-h,1000,772,10003,102,8388608,1383,1376,0,687.587,686.235,-1.352,42,0,2,0,5,0,67970568,68255700,8,133008
20261103,128,dualtrack,20260926-183537-ws12-03-b128-f,20260926-183537-ws12-03-b128-h,1000,952,10002,100,8388608,1383,1381,0,688.014,688.096,0.082,37,0,0,0,1,0,67970568,68255700,8,133008
20261103,128,dualtrack,20260926-183537-ws12-03-b128-f,20260926-183537-ws12-03-b128-h,1016,856,10000,103,8388608,1383,1378,0,1140.103,1276.094,135.991,1,1,222,0,266,0,67970568,68255700,8,133008
20261103,128,dualtrack,20260926-183537-ws12-03-b128-f,20260926-183537-ws12-03-b128-h,1124,844,10000,102,8388608,1411,1378,0,526.084,457.379,-68.705,88,0,9,0,8,0,23489940,23613372,8,106612
20261103,128,dualtrack,20260926-183537-ws12-03-b128-f,20260926-183537-ws12-03-b128-h,1144,1016,10000,101,8388608,1411,1383,0,258.148,253.391,-4.757,124,0,0,0,2,0,23489940,23613372,8,106612
20261103,128,dualtrack,20260926-183537-ws12-03-b128-f,20260926-183537-ws12-03-b128-h,1180,176,10001,102,8388608,1412,1285,0,452.521,436.23,-16.291,89,0,0,0,3,0,22057168,22345816,8,141156
20261103,128,dualtrack,20260926-183537-ws12-03-b128-f,20260926-183537-ws12-03-b128-h,1180,764,10000,100,8388608,1412,1351,0,278.215,271.899,-6.316,122,0,0,0,0,0,22057168,22345816,8,141156
20261103,128,dualtrack,20260926-183537-ws12-03-b128-f,20260926-183537-ws12-03-b128-h,1208,1000,10001,100,8388608,1413,1383,0,395.21,375.069,-20.141,97,0,0,0,3,0,22121824,22345232,8,154240
20261103,128,dualtrack,20260926-183537-ws12-03-b128-f,20260926-183537-ws12-03-b128-h,1208,1044,10000,100,8388608,1413,1408,1,366.548,513.027,146.479,73,0,2,0,10,0,22121824,22345232,8,154240
20261103,128,dualtrack,20260926-183537-ws12-03-b128-f,20260926-183537-ws12-03-b128-h,1248,28,10000,101,8388608,1415,1280,0,339.591,343.388,3.797,113,0,0,0,0,0,39635252,39902020,8,178352
20261103,128,dualtrack,20260926-183537-ws12-03-b128-f,20260926-183537-ws12-03-b128-h,1268,340,10002,101,8388608,1415,1314,0,526.986,522.7,-4.286,69,0,0,0,0,0,39635252,39902020,8,178352
20261103,128,dualtrack,20260926-183537-ws12-03-b128-f,20260926-183537-ws12-03-b128-h,1268,976,10000,100,8388608,1415,1382,0,508.662,513.194,4.532,72,0,0,0,2,0,39635252,39902020,8,178352
20261103,128,dualtrack,20260926-183537-ws12-03-b128-f,20260926-183537-ws12-03-b128-h,1268,1000,10001,101,8388608,1415,1383,0,510.083,515.502,5.419,71,0,0,0,3,0,39635252,39902020,8,178352
20261103,128,packet-rr,20260926-183537-ws12-03-b128-f,20260926-183537-ws12-03-b128-r,28,924,10000,101,8388608,1280,1380,0,456.127,543.643,87.516,58,0,3,0,11,0,13773484,14613248,8,208820
20261103,128,packet-rr,20260926-183537-ws12-03-b128-f,20260926-183537-ws12-03-b128-r,36,628,10001,100,8388608,1281,1347,0,352.55,355.387,2.837,108,0,0,0,0,0,49452096,50140840,8,193456
20261103,128,packet-rr,20260926-183537-ws12-03-b128-f,20260926-183537-ws12-03-b128-r,36,1208,10000,100,8388608,1281,1413,0,353.028,355.36,2.332,109,0,0,0,0,0,49452096,50140840,8,193456
20261103,128,packet-rr,20260926-183537-ws12-03-b128-f,20260926-183537-ws12-03-b128-r,56,576,10001,103,8388608,1281,1346,1,1185.761,1021.262,-164.499,11,0,278,0,240,0,49452096,50140840,8,193456
20261103,128,packet-rr,20260926-183537-ws12-03-b128-f,20260926-183537-ws12-03-b128-r,56,680,10000,101,8388608,1281,1349,0,768.574,832.596,64.022,26,0,65,0,44,0,49452096,50140840,8,193456
20261103,128,packet-rr,20260926-183537-ws12-03-b128-f,20260926-183537-ws12-03-b128-r,56,828,10002,100,8388608,1281,1377,0,395.79,407.177,11.387,95,0,0,0,1,0,49452096,50140840,8,193456
20261103,128,packet-rr,20260926-183537-ws12-03-b128-f,20260926-183537-ws12-03-b128-r,112,336,10003,100,8388608,1283,1314,0,687.336,689.793,2.457,42,0,0,0,0,0,40167844,40934196,8,199636
20261103,128,packet-rr,20260926-183537-ws12-03-b128-f,20260926-183537-ws12-03-b128-r,112,720,10002,100,8388608,1283,1350,0,687.268,690.026,2.758,41,0,0,0,0,0,40167844,40934196,8,199636
20261103,128,packet-rr,20260926-183537-ws12-03-b128-f,20260926-183537-ws12-03-b128-r,112,956,10001,100,8388608,1283,1381,0,686.355,690.754,4.399,40,0,0,0,0,0,40167844,40934196,8,199636
20261103,128,packet-rr,20260926-183537-ws12-03-b128-f,20260926-183537-ws12-03-b128-r,112,1016,10000,100,8388608,1283,1383,0,688.599,691.098,2.499,39,0,0,0,0,0,40167844,40934196,8,199636
20261103,128,packet-rr,20260926-183537-ws12-03-b128-f,20260926-183537-ws12-03-b128-r,128,356,10000,100,8388608,1284,1315,0,515.885,518.182,2.297,72,0,3,0,2,0,39623960,40272896,8,181248
20261103,128,packet-rr,20260926-183537-ws12-03-b128-f,20260926-183537-ws12-03-b128-r,128,416,10001,101,8388608,1284,1317,1,515.146,517.435,2.289,74,0,0,0,0,0,39623960,40272896,8,181248
20261103,128,packet-rr,20260926-183537-ws12-03-b128-f,20260926-183537-ws12-03-b128-r,128,976,10002,101,8388608,1284,1382,0,512.607,518.051,5.444,73,0,0,0,1,0,39623960,40272896,8,181248
20261103,128,packet-rr,20260926-183537-ws12-03-b128-f,20260926-183537-ws12-03-b128-r,140,452,10000,100,8388608,1284,1318,0,351.03,336.788,-14.242,116,0,2,0,0,0,39623960,40272896,8,181248
20261103,128,packet-rr,20260926-183537-ws12-03-b128-f,20260926-183537-ws12-03-b128-r,176,308,10000,101,8388608,1285,1313,0,364.571,397.558,32.987,98,0,0,0,0,0,57660104,58263472,8,209196
20261103,128,packet-rr,20260926-183537-ws12-03-b128-f,20260926-183537-ws12-03-b128-r,176,856,10002,105,8388608,1285,1378,0,1167.174,1183.993,16.819,4,0,222,0,288,0,57660104,58263472,8,209196
20261103,128,packet-rr,20260926-183537-ws12-03-b128-f,20260926-183537-ws12-03-b128-r,176,1040,10001,103,8388608,1285,1408,1,636.65,637.781,1.131,50,0,0,0,0,0,57660104,58263472,8,209196
20261103,128,packet-rr,20260926-183537-ws12-03-b128-f,20260926-183537-ws12-03-b128-r,188,36,10001,101,8388608,1285,1281,0,426.079,318.963,-107.116,119,0,0,0,1,0,57660104,58263472,8,209196
20261103,128,packet-rr,20260926-183537-ws12-03-b128-f,20260926-183537-ws12-03-b128-r,188,740,10002,103,8388608,1285,1351,0,688.28,698.344,10.064,37,0,1,0,3,0,57660104,58263472,8,209196
20261103,128,packet-rr,20260926-183537-ws12-03-b128-f,20260926-183537-ws12-03-b128-r,188,924,10000,102,8388608,1285,1380,0,462.2,500.588,38.388,81,0,3,0,11,0,57660104,58263472,8,209196
20261103,128,packet-rr,20260926-183537-ws12-03-b128-f,20260926-183537-ws12-03-b128-r,248,188,10001,100,8388608,1287,1285,0,504.214,505.316,1.102,80,0,0,0,1,0,30356956,31244384,8,220104
20261103,128,packet-rr,20260926-183537-ws12-03-b128-f,20260926-183537-ws12-03-b128-r,248,380,10002,101,8388608,1287,1315,0,505.568,507.88,2.312,78,0,0,0,0,0,30356956,31244384,8,220104
20261103,128,packet-rr,20260926-183537-ws12-03-b128-f,20260926-183537-ws12-03-b128-r,248,748,10000,100,8388608,1287,1351,0,505.624,509.487,3.863,76,0,7,0,6,0,30356956,31244384,8,220104
20261103,128,packet-rr,20260926-183537-ws12-03-b128-f,20260926-183537-ws12-03-b128-r,284,1124,10001,100,8388608,1312,1411,0,371.933,493.515,121.582,83,0,1,0,2,0,22145568,22973804,8,201128
20261103,128,packet-rr,20260926-183537-ws12-03-b128-f,20260926-183537-ws12-03-b128-r,284,1268,10000,100,8388608,1312,1415,0,331.292,240.499,-90.793,125,0,0,0,0,0,22145568,22973804,8,201128
20261103,128,packet-rr,20260926-183537-ws12-03-b128-f,20260926-183537-ws12-03-b128-r,308,576,10001,102,8388608,1313,1346,1,1256.446,1031.683,-224.763,10,0,278,0,240,0,40181328,41131088,8,290240
20261103,128,packet-rr,20260926-183537-ws12-03-b128-f,20260926-183537-ws12-03-b128-r,308,648,10003,103,8388608,1313,1348,1,708.381,710.901,2.52,33,0,7,0,8,0,40181328,41131088,8,290240
20261103,128,packet-rr,20260926-183537-ws12-03-b128-f,20260926-183537-ws12-03-b128-r,308,844,10002,101,8388608,1313,1378,0,537.129,542.88,5.751,59,0,9,0,1,0,40181328,41131088,8,290240
20261103,128,packet-rr,20260926-183537-ws12-03-b128-f,20260926-183537-ws12-03-b128-r,308,1040,10000,102,8388608,1313,1408,1,640.676,641.534,0.858,48,0,0,0,0,0,40181328,41131088,8,290240
20261103,128,packet-rr,20260926-183537-ws12-03-b128-f,20260926-183537-ws12-03-b128-r,332,192,10000,100,8388608,1314,1286,0,575.602,588.326,12.724,56,0,7,0,4,0,59632488,60288128,8,157868
20261103,128,packet-rr,20260926-183537-ws12-03-b128-f,20260926-183537-ws12-03-b128-r,336,400,10001,101,8388608,1314,1316,1,746.238,474.612,-271.626,84,0,147,0,59,0,59632488,60288128,8,157868
20261103,128,packet-rr,20260926-183537-ws12-03-b128-f,20260926-183537-ws12-03-b128-r,336,680,10000,100,8388608,1314,1349,0,744.02,693.953,-50.067,38,0,65,0,44,0,59632488,60288128,8,157868
20261103,128,packet-rr,20260926-183537-ws12-03-b128-f,20260926-183537-ws12-03-b128-r,340,680,10002,103,8388608,1314,1349,0,561.385,701.034,139.649,35,0,65,0,44,0,59632488,60288128,8,157868
20261103,128,packet-rr,20260926-183537-ws12-03-b128-f,20260926-183537-ws12-03-b128-r,340,748,10001,102,8388608,1314,1351,0,639.837,420.876,-218.961,93,0,7,0,6,0,59632488,60288128,8,157868
20261103,128,packet-rr,20260926-183537-ws12-03-b128-f,20260926-183537-ws12-03-b128-r,340,924,10000,100,8388608,1314,1380,0,615.465,603.874,-11.591,55,0,3,0,11,0,59632488,60288128,8,157868
20261103,128,packet-rr,20260926-183537-ws12-03-b128-f,20260926-183537-ws12-03-b128-r,356,332,10003,103,8388608,1315,1314,0,726.669,564.186,-162.483,57,0,39,0,35,0,66932076,67504804,8,258840
20261103,128,packet-rr,20260926-183537-ws12-03-b128-f,20260926-183537-ws12-03-b128-r,356,436,10002,100,8388608,1315,1317,1,403.16,431.963,28.803,92,0,0,0,0,0,66932076,67504804,8,258840
20261103,128,packet-rr,20260926-183537-ws12-03-b128-f,20260926-183537-ws12-03-b128-r,356,856,10000,101,8388608,1315,1378,0,1055.347,1359.473,304.126,1,1,222,0,288,0,66932076,67504804,8,258840
20261103,128,packet-rr,20260926-183537-ws12-03-b128-f,20260926-183537-ws12-03-b128-r,356,1040,10001,100,8388608,1315,1408,1,688.962,682.413,-6.549,47,0,0,0,0,0,66932076,67504804,8,258840
20261103,128,packet-rr,20260926-183537-ws12-03-b128-f,20260926-183537-ws12-03-b128-r,372,284,10001,100,8388608,1315,1312,0,344.663,372.182,27.519,101,0,0,0,1,0,66932076,67504804,8,258840
20261103,128,packet-rr,20260926-183537-ws12-03-b128-f,20260926-183537-ws12-03-b128-r,372,308,10000,100,8388608,1315,1313,0,344.66,313.062,-31.598,120,0,0,0,0,0,66932076,67504804,8,258840
20261103,128,packet-rr,20260926-183537-ws12-03-b128-f,20260926-183537-ws12-03-b128-r,380,400,10000,103,8388608,1315,1316,1,879.801,855.202,-24.599,25,0,147,0,59,0,66932076,67504804,8,258840
20261103,128,packet-rr,20260926-183537-ws12-03-b128-f,20260926-183537-ws12-03-b128-r,388,628,10000,101,8388608,1316,1347,0,334.222,333.123,-1.099,118,0,0,0,0,0,59628724,60308892,8,202688
20261103,128,packet-rr,20260926-183537-ws12-03-b128-f,20260926-183537-ws12-03-b128-r,388,1044,10001,101,8388608,1316,1408,1,431.585,439.385,7.8,89,0,2,0,1,0,59628724,60308892,8,202688
20261103,128,packet-rr,20260926-183537-ws12-03-b128-f,20260926-183537-ws12-03-b128-r,400,332,10000,100,8388608,1316,1314,0,654.32,736.505,82.185,31,0,39,0,35,0,59628724,60308892,8,202688
20261103,128,packet-rr,20260926-183537-ws12-03-b128-f,20260926-183537-ws12-03-b128-r,400,740,10001,102,8388608,1316,1351,0,684.421,634.639,-49.782,51,0,1,0,3,0,59628724,60308892,8,202688
20261103,128,packet-rr,20260926-183537-ws12-03-b128-f,20260926-183537-ws12-03-b128-r,404,112,10001,101,8388608,1316,1283,0,360.565,362.194,1.629,103,0,2,0,2,0,59628724,60308892,8,202688
20261103,128,packet-rr,20260926-183537-ws12-03-b128-f,20260926-183537-ws12-03-b128-r,404,332,10000,102,8388608,1316,1314,0,649.559,729.534,79.975,32,0,39,0,35,0,59628724,60308892,8,202688
20261103,128,packet-rr,20260926-183537-ws12-03-b128-f,20260926-183537-ws12-03-b128-r,416,128,10002,100,8388608,1317,1284,1,467.417,527.92,60.503,68,0,0,0,0,0,49406260,50203744,8,228476
20261103,128,packet-rr,20260926-183537-ws12-03-b128-f,20260926-183537-ws12-03-b128-r,416,772,10000,100,8388608,1317,1376,0,580.841,529.53,-51.311,66,0,2,0,3,0,49406260,50203744,8,228476
20261103,128,packet-rr,20260926-183537-ws12-03-b128-f,20260926-183537-ws12-03-b128-r,416,776,10001,101,8388608,1317,1376,0,466.887,527.413,60.526,69,0,0,0,0,0,49406260,50203744,8,228476
20261103,128,packet-rr,20260926-183537-ws12-03-b128-f,20260926-183537-ws12-03-b128-r,436,112,10001,100,8388608,1317,1283,0,362.596,359.914,-2.682,104,0,2,0,2,0,49406260,50203744,8,228476
20261103,128,packet-rr,20260926-183537-ws12-03-b128-f,20260926-183537-ws12-03-b128-r,436,332,10000,101,8388608,1317,1314,0,718.53,609.196,-109.334,54,0,39,0,35,0,49406260,50203744,8,228476
20261103,128,packet-rr,20260926-183537-ws12-03-b128-f,20260926-183537-ws12-03-b128-r,452,400,10000,102,8388608,1318,1316,1,911.833,981.444,69.611,17,0,147,0,59,0,13782172,14525664,8,252000
20261103,128,packet-rr,20260926-183537-ws12-03-b128-f,20260926-183537-ws12-03-b128-r,540,176,10000,100,8388608,1344,1285,0,451.712,434.256,-17.456,90,0,0,0,1,0,22086804,22879664,8,197916
20261103,128,packet-rr,20260926-183537-ws12-03-b128-f,20260926-183537-ws12-03-b128-r,540,1144,10001,101,8388608,1344,1411,0,463.641,451.234,-12.407,87,0,1,0,2,0,22086804,22879664,8,197916
20261103,128,packet-rr,20260926-183537-ws12-03-b128-f,20260926-183537-ws12-03-b128-r,576,740,10000,101,8388608,1346,1351,0,597.413,537.629,-59.784,60,0,1,0,3,0,42160592,42821336,8,123468
20261103,128,packet-rr,20260926-183537-ws12-03-b128-f,20260926-183537-ws12-03-b128-r,584,388,10001,101,8388608,1346,1316,1,500.892,506.671,5.779,79,0,0,0,2,0,42160592,42821336,8,123468
20261103,128,packet-rr,20260926-183537-ws12-03-b128-f,20260926-183537-ws12-03-b128-r,584,404,10002,100,8388608,1346,1316,1,502.484,498.803,-3.681,82,0,0,0,0,0,42160592,42821336,8,123468
20261103,128,packet-rr,20260926-183537-ws12-03-b128-f,20260926-183537-ws12-03-b128-r,584,844,10000,100,8388608,1346,1378,0,527.915,528.304,0.389,67,0,9,0,1,0,42160592,42821336,8,123468
20261103,128,packet-rr,20260926-183537-ws12-03-b128-f,20260926-183537-ws12-03-b128-r,612,28,10000,100,8388608,1347,1280,0,362.472,393.859,31.387,100,0,0,0,1,0,66350964,66740572,8,154388
20261103,128,packet-rr,20260926-183537-ws12-03-b128-f,20260926-183537-ws12-03-b128-r,612,56,10001,101,8388608,1347,1281,0,436.841,395.747,-41.094,99,0,6,0,3,0,66350964,66740572,8,154388
20261103,128,packet-rr,20260926-183537-ws12-03-b128-f,20260926-183537-ws12-03-b128-r,612,680,10002,104,8388608,1347,1349,0,867.434,783.198,-84.236,27,0,65,0,44,0,66350964,66740572,8,154388
20261103,128,packet-rr,20260926-183537-ws12-03-b128-f,20260926-183537-ws12-03-b128-r,620,56,10000,100,8388608,1347,1281,0,480.424,348.299,-132.125,113,0,6,0,3,0,66350964,66740572,8,154388
20261103,128,packet-rr,20260926-183537-ws12-03-b128-f,20260926-183537-ws12-03-b128-r,628,856,10000,100,8388608,1347,1378,0,1078.586,1096.272,17.686,9,0,222,0,288,0,66350964,66740572,8,154388
20261103,128,packet-rr,20260926-183537-ws12-03-b128-f,20260926-183537-ws12-03-b128-r,636,380,10000,100,8388608,1347,1315,0,352.176,352.46,0.284,111,0,0,0,0,0,66350964,66740572,8,154388
20261103,128,packet-rr,20260926-183537-ws12-03-b128-f,20260926-183537-ws12-03-b128-r,636,952,10001,101,8388608,1347,1381,0,349.655,352.134,2.479,112,0,0,0,0,0,66350964,66740572,8,154388
20261103,128,packet-rr,20260926-183537-ws12-03-b128-f,20260926-183537-ws12-03-b128-r,648,636,10000,100,8388608,1348,1347,0,872.392,872.018,-0.374,23,0,3,0,4,0,66986660,67602320,8,136896
20261103,128,packet-rr,20260926-183537-ws12-03-b128-f,20260926-183537-ws12-03-b128-r,648,764,10002,101,8388608,1348,1351,0,872.418,870.772,-1.646,24,0,0,0,0,0,66986660,67602320,8,136896
20261103,128,packet-rr,20260926-183537-ws12-03-b128-f,20260926-183537-ws12-03-b128-r,648,772,10001,101,8388608,1348,1376,0,872.833,872.852,0.019,21,0,2,0,3,0,66986660,67602320,8,136896
20261103,128,packet-rr,20260926-183537-ws12-03-b128-f,20260926-183537-ws12-03-b128-r,648,828,10003,101,8388608,1348,1377,0,873.027,872.413,-0.614,22,0,0,0,1,0,66986660,67602320,8,136896
20261103,128,packet-rr,20260926-183537-ws12-03-b128-f,20260926-183537-ws12-03-b128-r,648,1144,10004,102,8388608,1348,1411,0,872.879,873.008,0.129,20,0,1,0,2,0,66986660,67602320,8,136896
20261103,128,packet-rr,20260926-183537-ws12-03-b128-f,20260926-183537-ws12-03-b128-r,656,356,10000,101,8388608,1348,1315,0,320.399,277.512,-42.887,122,0,3,0,2,0,66986660,67602320,8,136896
20261103,128,packet-rr,20260926-183537-ws12-03-b128-f,20260926-183537-ws12-03-b128-r,656,788,10001,101,8388608,1348,1376,0,360.242,398.879,38.637,97,0,0,0,1,0,66986660,67602320,8,136896
20261103,128,packet-rr,20260926-183537-ws12-03-b128-f,20260926-183537-ws12-03-b128-r,720,1144,10000,100,8388608,1350,1411,0,359.735,412.611,52.876,94,0,1,0,2,0,13807996,14560564,8,154204
20261103,128,packet-rr,20260926-183537-ws12-03-b128-f,20260926-183537-ws12-03-b128-r,740,720,10000,101,8388608,1351,1350,0,294.053,235.932,-58.121,127,0,0,0,0,0,68948644,69398332,8,115576
20261103,128,packet-rr,20260926-183537-ws12-03-b128-f,20260926-183537-ws12-03-b128-r,740,856,10001,104,8388608,1351,1378,0,701.622,1211.966,510.344,2,1,222,0,288,0,68948644,69398332,8,115576
20261103,128,packet-rr,20260926-183537-ws12-03-b128-f,20260926-183537-ws12-03-b128-r,748,340,10000,102,8388608,1351,1314,0,525.212,526.222,1.01,70,0,0,0,3,0,68948644,69398332,8,115576
20261103,128,packet-rr,20260926-183537-ws12-03-b128-f,20260926-183537-ws12-03-b128-r,748,576,10001,105,8388608,1351,1346,1,1085.24,1110.392,25.152,8,0,278,0,240,0,68948644,69398332,8,115576
20261103,128,packet-rr,20260926-183537-ws12-03-b128-f,20260926-183537-ws12-03-b128-r,764,140,10000,100,8388608,1351,1284,1,448.413,449.218,0.805,88,0,0,0,0,0,68948644,69398332,8,115576
20261103,128,packet-rr,20260926-183537-ws12-03-b128-f,20260926-183537-ws12-03-b128-r,764,340,10002,100,8388608,1351,1314,0,527.586,530.226,2.64,64,0,0,0,3,0,68948644,69398332,8,115576
20261103,128,packet-rr,20260926-183537-ws12-03-b128-f,20260926-183537-ws12-03-b128-r,764,648,10001,100,8388608,1351,1348,1,611.785,614.907,3.122,53,0,7,0,8,0,68948644,69398332,8,115576
20261103,128,packet-rr,20260926-183537-ws12-03-b128-f,20260926-183537-ws12-03-b128-r,772,176,10001,101,8388608,1376,1285,0,818.437,995.111,176.674,16,0,0,0,1,0,93830268,94337044,8,133184
20261103,128,packet-rr,20260926-183537-ws12-03-b128-f,20260926-183537-ws12-03-b128-r,772,400,10003,104,8388608,1376,1316,1,1150.02,995.144,-154.876,15,0,147,0,59,0,93830268,94337044,8,133184
20261103,128,packet-rr,20260926-183537-ws12-03-b128-f,20260926-183537-ws12-03-b128-r,772,416,10004,102,8388608,1376,1317,1,818.476,995.157,176.681,14,0,0,0,0,0,93830268,94337044,8,133184
20261103,128,packet-rr,20260926-183537-ws12-03-b128-f,20260926-183537-ws12-03-b128-r,772,576,10002,104,8388608,1376,1346,1,1235.211,1145.077,-90.134,7,0,278,0,240,0,93830268,94337044,8,133184
20261103,128,packet-rr,20260926-183537-ws12-03-b128-f,20260926-183537-ws12-03-b128-r,772,680,10000,102,8388608,1376,1349,0,1000.125,995.345,-4.78,13,0,65,0,44,0,93830268,94337044,8,133184
20261103,128,packet-rr,20260926-183537-ws12-03-b128-f,20260926-183537-ws12-03-b128-r,772,1124,10005,101,8388608,1376,1411,0,819.638,995.678,176.04,12,0,1,0,2,0,93830268,94337044,8,133184
20261103,128,packet-rr,20260926-183537-ws12-03-b128-f,20260926-183537-ws12-03-b128-r,776,1040,10000,101,8388608,1376,1408,1,637.703,633.668,-4.035,52,0,0,0,0,0,93830268,94337044,8,133184
20261103,128,packet-rr,20260926-183537-ws12-03-b128-f,20260926-183537-ws12-03-b128-r,776,1248,10001,100,8388608,1376,1415,0,251.072,251.64,0.568,124,0,0,0,0,0,93830268,94337044,8,133184
20261103,128,packet-rr,20260926-183537-ws12-03-b128-f,20260926-183537-ws12-03-b128-r,788,740,10000,100,8388608,1376,1351,0,687.52,639.567,-47.953,49,0,1,0,3,0,93830268,94337044,8,133184
20261103,128,packet-rr,20260926-183537-ws12-03-b128-f,20260926-183537-ws12-03-b128-r,788,776,10002,100,8388608,1376,1376,0,454.121,468.37,14.249,86,0,0,0,0,0,93830268,94337044,8,133184
20261103,128,packet-rr,20260926-183537-ws12-03-b128-f,20260926-183537-ws12-03-b128-r,788,992,10001,101,8388608,1376,1383,0,458.457,470.995,12.538,85,0,4,0,1,0,93830268,94337044,8,133184
20261103,128,packet-rr,20260926-183537-ws12-03-b128-f,20260926-183537-ws12-03-b128-r,828,540,10000,100,8388608,1377,1344,0,187.769,339.045,151.276,115,0,0,0,1,0,13809108,14587472,8,274212
20261103,128,packet-rr,20260926-183537-ws12-03-b128-f,20260926-183537-ws12-03-b128-r,844,416,10000,100,8388608,1378,1317,1,531.321,534.088,2.767,61,0,0,0,0,0,78302724,78887016,8,303796
20261103,128,packet-rr,20260926-183537-ws12-03-b128-f,20260926-183537-ws12-03-b128-r,844,992,10001,102,8388608,1378,1383,0,531.46,533.488,2.028,62,0,4,0,1,0,78302724,78887016,8,303796
20261103,128,packet-rr,20260926-183537-ws12-03-b128-f,20260926-183537-ws12-03-b128-r,844,1180,10002,100,8388608,1378,1412,0,526.981,533.015,6.034,63,0,0,0,0,0,78302724,78887016,8,303796
20261103,128,packet-rr,20260926-183537-ws12-03-b128-f,20260926-183537-ws12-03-b128-r,856,372,10004,100,8388608,1378,1315,0,656.374,755.319,98.945,30,0,0,0,0,0,78302724,78887016,8,303796
20261103,128,packet-rr,20260926-183537-ws12-03-b128-f,20260926-183537-ws12-03-b128-r,856,400,10001,100,8388608,1378,1316,1,1165.409,892.406,-273.003,18,0,147,0,59,0,78302724,78887016,8,303796
20261103,128,packet-rr,20260926-183537-ws12-03-b128-f,20260926-183537-ws12-03-b128-r,856,576,10002,101,8388608,1378,1346,1,1239.828,1153.886,-85.942,6,0,278,0,240,0,78302724,78887016,8,303796
20261103,128,packet-rr,20260926-183537-ws12-03-b128-f,20260926-183537-ws12-03-b128-r,856,748,10003,101,8388608,1378,1351,0,661.061,758.736,97.675,28,0,7,0,6,0,78302724,78887016,8,303796
20261103,128,packet-rr,20260926-183537-ws12-03-b128-f,20260926-183537-ws12-03-b128-r,856,992,10000,100,8388608,1378,1383,0,660.732,758.528,97.796,29,0,4,0,1,0,78302724,78887016,8,303796
20261103,128,packet-rr,20260926-183537-ws12-03-b128-f,20260926-183537-ws12-03-b128-r,924,648,10000,101,8388608,1380,1348,1,696.779,699.859,3.08,36,0,7,0,8,0,23094424,23747640,8,203288
20261103,128,packet-rr,20260926-183537-ws12-03-b128-f,20260926-183537-ws12-03-b128-r,924,856,10001,102,8388608,1380,1378,0,964.896,890.583,-74.313,19,0,222,0,288,0,23094424,23747640,8,203288
20261103,128,packet-rr,20260926-183537-ws12-03-b128-f,20260926-183537-ws12-03-b128-r,932,576,10001,100,8388608,1381,1346,1,846.532,1186.914,340.382,3,0,278,0,240,0,48379492,48984360,8,166036
20261103,128,packet-rr,20260926-183537-ws12-03-b128-f,20260926-183537-ws12-03-b128-r,932,620,10002,100,8388608,1381,1347,0,326.19,260.258,-65.932,123,0,0,0,0,0,48379492,48984360,8,166036
20261103,128,packet-rr,20260926-183537-ws12-03-b128-f,20260926-183537-ws12-03-b128-r,932,648,10000,102,8388608,1381,1348,1,698.984,702.022,3.038,34,0,7,0,8,0,48379492,48984360,8,166036
20261103,128,packet-rr,20260926-183537-ws12-03-b128-f,20260926-183537-ws12-03-b128-r,952,452,10001,101,8388608,1381,1318,0,353.451,356.404,2.953,107,0,2,0,0,0,48379492,48984360,8,166036
20261103,128,packet-rr,20260926-183537-ws12-03-b128-f,20260926-183537-ws12-03-b128-r,952,788,10000,100,8388608,1381,1376,0,353.414,353.44,0.026,110,0,0,0,1,0,48379492,48984360,8,166036
20261103,128,packet-rr,20260926-183537-ws12-03-b128-f,20260926-183537-ws12-03-b128-r,956,932,10000,100,8388608,1381,1381,0,176.12,176.034,-0.086,128,0,0,0,0,0,48379492,48984360,8,166036
20261103,128,packet-rr,20260926-183537-ws12-03-b128-f,20260926-183537-ws12-03-b128-r,976,908,10000,100,8388608,1382,1380,0,548.61,336.727,-211.883,117,0,6,0,2,0,13822052,14730348,8,318576
20261103,128,packet-rr,20260926-183537-ws12-03-b128-f,20260926-183537-ws12-03-b128-r,992,388,10000,100,8388608,1383,1316,1,358.127,358.63,0.503,106,0,0,0,2,0,67970568,68571636,8,187620
20261103,128,packet-rr,20260926-183537-ws12-03-b128-f,20260926-183537-ws12-03-b128-r,992,636,10001,101,8388608,1383,1347,0,359.085,359.108,0.023,105,0,3,0,4,0,67970568,68571636,8,187620
20261103,128,packet-rr,20260926-183537-ws12-03-b128-f,20260926-183537-ws12-03-b128-r,1000,36,10000,100,8388608,1383,1281,0,687.964,689.369,1.405,43,0,0,0,1,0,67970568,68571636,8,187620
20261103,128,packet-rr,20260926-183537-ws12-03-b128-f,20260926-183537-ws12-03-b128-r,1000,584,10001,100,8388608,1383,1346,1,687.975,689.247,1.272,44,0,0,0,0,0,67970568,68571636,8,187620
20261103,128,packet-rr,20260926-183537-ws12-03-b128-f,20260926-183537-ws12-03-b128-r,1000,772,10003,102,8388608,1383,1376,0,687.587,687.843,0.256,46,0,2,0,3,0,67970568,68571636,8,187620
20261103,128,packet-rr,20260926-183537-ws12-03-b128-f,20260926-183537-ws12-03-b128-r,1000,952,10002,100,8388608,1383,1381,0,688.014,688.131,0.117,45,0,0,0,0,0,67970568,68571636,8,187620
20261103,128,packet-rr,20260926-183537-ws12-03-b128-f,20260926-183537-ws12-03-b128-r,1016,856,10000,103,8388608,1383,1378,0,1140.103,1154.503,14.4,5,0,222,0,288,0,67970568,68571636,8,187620
20261103,128,packet-rr,20260926-183537-ws12-03-b128-f,20260926-183537-ws12-03-b128-r,1124,844,10000,102,8388608,1411,1378,0,526.084,523.253,-2.831,71,0,9,0,1,0,23489940,24079080,8,195108
20261103,128,packet-rr,20260926-183537-ws12-03-b128-f,20260926-183537-ws12-03-b128-r,1144,1016,10000,101,8388608,1411,1383,0,258.148,238.89,-19.258,126,0,0,0,0,0,23489940,24079080,8,195108
20261103,128,packet-rr,20260926-183537-ws12-03-b128-f,20260926-183537-ws12-03-b128-r,1180,176,10001,102,8388608,1412,1285,0,452.521,432.202,-20.319,91,0,0,0,1,0,22057168,22753452,8,137720
20261103,128,packet-rr,20260926-183537-ws12-03-b128-f,20260926-183537-ws12-03-b128-r,1180,764,10000,100,8388608,1412,1351,0,278.215,292.212,13.997,121,0,0,0,0,0,22057168,22753452,8,137720
20261103,128,packet-rr,20260926-183537-ws12-03-b128-f,20260926-183537-ws12-03-b128-r,1208,1000,10001,100,8388608,1413,1383,0,395.21,399.684,4.474,96,0,0,0,0,0,22121824,23031376,8,264200
20261103,128,packet-rr,20260926-183537-ws12-03-b128-f,20260926-183537-ws12-03-b128-r,1208,1044,10000,100,8388608,1413,1408,1,366.548,367.85,1.302,102,0,2,0,1,0,22121824,23031376,8,264200
20261103,128,packet-rr,20260926-183537-ws12-03-b128-f,20260926-183537-ws12-03-b128-r,1248,28,10000,101,8388608,1415,1280,0,339.591,344.838,5.247,114,0,0,0,1,0,39635252,40301968,8,242684
20261103,128,packet-rr,20260926-183537-ws12-03-b128-f,20260926-183537-ws12-03-b128-r,1268,340,10002,101,8388608,1415,1314,0,526.986,529.806,2.82,65,0,0,0,3,0,39635252,40301968,8,242684
20261103,128,packet-rr,20260926-183537-ws12-03-b128-f,20260926-183537-ws12-03-b128-r,1268,976,10000,100,8388608,1415,1382,0,508.662,511.75,3.088,75,0,0,0,1,0,39635252,40301968,8,242684
20261103,128,packet-rr,20260926-183537-ws12-03-b128-f,20260926-183537-ws12-03-b128-r,1268,1000,10001,101,8388608,1415,1383,0,510.083,509.287,-0.796,77,0,0,0,0,0,39635252,40301968,8,242684
20261103,128,packet-random,20260926-183537-ws12-03-b128-f,20260926-183537-ws12-03-b128-s,28,924,10000,101,8388608,1280,1380,0,456.127,456.456,0.329,87,0,3,0,7,0,13773484,13946460,8,112712
20261103,128,packet-random,20260926-183537-ws12-03-b128-f,20260926-183537-ws12-03-b128-s,36,628,10001,100,8388608,1281,1347,0,352.55,353.104,0.554,111,0,0,0,0,0,49452096,49615832,8,57228
20261103,128,packet-random,20260926-183537-ws12-03-b128-f,20260926-183537-ws12-03-b128-s,36,1208,10000,100,8388608,1281,1413,0,353.028,353.305,0.277,110,0,0,0,0,0,49452096,49615832,8,57228
20261103,128,packet-random,20260926-183537-ws12-03-b128-f,20260926-183537-ws12-03-b128-s,56,576,10001,103,8388608,1281,1346,1,1185.761,1266.135,80.374,3,0,278,0,312,0,49452096,49615832,8,57228
20261103,128,packet-random,20260926-183537-ws12-03-b128-f,20260926-183537-ws12-03-b128-s,56,680,10000,101,8388608,1281,1349,0,768.574,707.356,-61.218,34,0,65,0,67,0,49452096,49615832,8,57228
20261103,128,packet-random,20260926-183537-ws12-03-b128-f,20260926-183537-ws12-03-b128-s,56,828,10002,100,8388608,1281,1377,0,395.79,396.117,0.327,95,0,0,0,0,0,49452096,49615832,8,57228
20261103,128,packet-random,20260926-183537-ws12-03-b128-f,20260926-183537-ws12-03-b128-s,112,336,10003,100,8388608,1283,1314,0,687.336,688.284,0.948,41,0,0,0,0,0,40167844,40381096,8,113072
20261103,128,packet-random,20260926-183537-ws12-03-b128-f,20260926-183537-ws12-03-b128-s,112,720,10002,100,8388608,1283,1350,0,687.268,688.554,1.286,39,0,0,0,0,0,40167844,40381096,8,113072
20261103,128,packet-random,20260926-183537-ws12-03-b128-f,20260926-183537-ws12-03-b128-s,112,956,10001,100,8388608,1283,1381,0,686.355,686.373,0.018,46,0,0,0,0,0,40167844,40381096,8,113072
20261103,128,packet-random,20260926-183537-ws12-03-b128-f,20260926-183537-ws12-03-b128-s,112,1016,10000,100,8388608,1283,1383,0,688.599,689.29,0.691,38,0,0,0,0,0,40167844,40381096,8,113072
20261103,128,packet-random,20260926-183537-ws12-03-b128-f,20260926-183537-ws12-03-b128-s,128,356,10000,100,8388608,1284,1315,0,515.885,515.497,-0.388,71,0,3,0,1,0,39623960,39937464,8,138164
20261103,128,packet-random,20260926-183537-ws12-03-b128-f,20260926-183537-ws12-03-b128-s,128,416,10001,101,8388608,1284,1317,1,515.146,514.575,-0.571,72,0,0,0,0,0,39623960,39937464,8,138164
20261103,128,packet-random,20260926-183537-ws12-03-b128-f,20260926-183537-ws12-03-b128-s,128,976,10002,101,8388608,1284,1382,0,512.607,512.329,-0.278,74,0,0,0,0,0,39623960,39937464,8,138164
20261103,128,packet-random,20260926-183537-ws12-03-b128-f,20260926-183537-ws12-03-b128-s,140,452,10000,100,8388608,1284,1318,0,351.03,341.095,-9.935,116,0,2,0,0,0,39623960,39937464,8,138164
20261103,128,packet-random,20260926-183537-ws12-03-b128-f,20260926-183537-ws12-03-b128-s,176,308,10000,101,8388608,1285,1313,0,364.571,393.965,29.394,97,0,0,0,0,0,57660104,58012200,8,135084
20261103,128,packet-random,20260926-183537-ws12-03-b128-f,20260926-183537-ws12-03-b128-s,176,856,10002,105,8388608,1285,1378,0,1167.174,1208.091,40.917,4,0,222,0,263,0,57660104,58012200,8,135084
20261103,128,packet-random,20260926-183537-ws12-03-b128-f,20260926-183537-ws12-03-b128-s,176,1040,10001,103,8388608,1285,1408,1,636.65,626.899,-9.751,56,0,0,0,2,0,57660104,58012200,8,135084
20261103,128,packet-random,20260926-183537-ws12-03-b128-f,20260926-183537-ws12-03-b128-s,188,36,10001,101,8388608,1285,1281,0,426.079,431.541,5.462,93,0,0,0,0,0,57660104,58012200,8,135084
20261103,128,packet-random,20260926-183537-ws12-03-b128-f,20260926-183537-ws12-03-b128-s,188,740,10002,103,8388608,1285,1351,0,688.28,683.463,-4.817,48,0,1,0,0,0,57660104,58012200,8,135084
20261103,128,packet-random,20260926-183537-ws12-03-b128-f,20260926-183537-ws12-03-b128-s,188,924,10000,102,8388608,1285,1380,0,462.2,463.134,0.934,84,0,3,0,7,0,57660104,58012200,8,135084
20261103,128,packet-random,20260926-183537-ws12-03-b128-f,20260926-183537-ws12-03-b128-s,248,188,10001,100,8388608,1287,1285,0,504.214,504.336,0.122,82,0,0,0,0,0,30356956,30624436,8,176160
20261103,128,packet-random,20260926-183537-ws12-03-b128-f,20260926-183537-ws12-03-b128-s,248,380,10002,101,8388608,1287,1315,0,505.568,505.673,0.105,81,0,0,0,0,0,30356956,30624436,8,176160
20261103,128,packet-random,20260926-183537-ws12-03-b128-f,20260926-183537-ws12-03-b128-s,248,748,10000,100,8388608,1287,1351,0,505.624,506.214,0.59,79,0,7,0,4,0,30356956,30624436,8,176160
20261103,128,packet-random,20260926-183537-ws12-03-b128-f,20260926-183537-ws12-03-b128-s,284,1124,10001,100,8388608,1312,1411,0,371.933,354.488,-17.445,108,0,1,0,0,0,22145568,22361688,8,54384
20261103,128,packet-random,20260926-183537-ws12-03-b128-f,20260926-183537-ws12-03-b128-s,284,1268,10000,100,8388608,1312,1415,0,331.292,346.092,14.8,115,0,0,0,0,0,22145568,22361688,8,54384
20261103,128,packet-random,20260926-183537-ws12-03-b128-f,20260926-183537-ws12-03-b128-s,308,576,10001,102,8388608,1313,1346,1,1256.446,932.926,-323.52,17,0,278,0,312,0,40181328,40530912,8,143136
20261103,128,packet-random,20260926-183537-ws12-03-b128-f,20260926-183537-ws12-03-b128-s,308,648,10003,103,8388608,1313,1348,1,708.381,705.961,-2.42,35,0,7,0,5,0,40181328,40530912,8,143136
20261103,128,packet-random,20260926-183537-ws12-03-b128-f,20260926-183537-ws12-03-b128-s,308,844,10002,101,8388608,1313,1378,0,537.129,589.493,52.364,60,0,9,0,2,0,40181328,40530912,8,143136
20261103,128,packet-random,20260926-183537-ws12-03-b128-f,20260926-183537-ws12-03-b128-s,308,1040,10000,102,8388608,1313,1408,1,640.676,647.132,6.456,53,0,0,0,2,0,40181328,40530912,8,143136
20261103,128,packet-random,20260926-183537-ws12-03-b128-f,20260926-183537-ws12-03-b128-s,332,192,10000,100,8388608,1314,1286,0,575.602,667.322,91.72,52,0,7,0,3,0,59632488,59911560,8,72528
20261103,128,packet-random,20260926-183537-ws12-03-b128-f,20260926-183537-ws12-03-b128-s,336,400,10001,101,8388608,1314,1316,1,746.238,1040.007,293.769,13,0,147,0,156,0,59632488,59911560,8,72528
20261103,128,packet-random,20260926-183537-ws12-03-b128-f,20260926-183537-ws12-03-b128-s,336,680,10000,100,8388608,1314,1349,0,744.02,946.968,202.948,15,0,65,0,67,0,59632488,59911560,8,72528
20261103,128,packet-random,20260926-183537-ws12-03-b128-f,20260926-183537-ws12-03-b128-s,340,680,10002,103,8388608,1314,1349,0,561.385,718.092,156.707,33,0,65,0,67,0,59632488,59911560,8,72528
20261103,128,packet-random,20260926-183537-ws12-03-b128-f,20260926-183537-ws12-03-b128-s,340,748,10001,102,8388608,1314,1351,0,639.837,668.088,28.251,51,0,7,0,4,0,59632488,59911560,8,72528
20261103,128,packet-random,20260926-183537-ws12-03-b128-f,20260926-183537-ws12-03-b128-s,340,924,10000,100,8388608,1314,1380,0,615.465,632.177,16.712,54,0,3,0,7,0,59632488,59911560,8,72528
20261103,128,packet-random,20260926-183537-ws12-03-b128-f,20260926-183537-ws12-03-b128-s,356,332,10003,103,8388608,1315,1314,0,726.669,686.329,-40.34,47,0,39,0,46,0,66932076,67084960,8,130416
20261103,128,packet-random,20260926-183537-ws12-03-b128-f,20260926-183537-ws12-03-b128-s,356,436,10002,100,8388608,1315,1317,1,403.16,505.691,102.531,80,0,0,0,0,0,66932076,67084960,8,130416
20261103,128,packet-random,20260926-183537-ws12-03-b128-f,20260926-183537-ws12-03-b128-s,356,856,10000,101,8388608,1315,1378,0,1055.347,1055.165,-0.182,11,0,222,0,263,0,66932076,67084960,8,130416
20261103,128,packet-random,20260926-183537-ws12-03-b128-f,20260926-183537-ws12-03-b128-s,356,1040,10001,100,8388608,1315,1408,1,688.962,687.836,-1.126,45,0,0,0,2,0,66932076,67084960,8,130416
20261103,128,packet-random,20260926-183537-ws12-03-b128-f,20260926-183537-ws12-03-b128-s,372,284,10001,100,8388608,1315,1312,0,344.663,367.585,22.922,100,0,0,0,1,0,66932076,67084960,8,130416
20261103,128,packet-random,20260926-183537-ws12-03-b128-f,20260926-183537-ws12-03-b128-s,372,308,10000,100,8388608,1315,1313,0,344.66,307.958,-36.702,120,0,0,0,0,0,66932076,67084960,8,130416
20261103,128,packet-random,20260926-183537-ws12-03-b128-f,20260926-183537-ws12-03-b128-s,380,400,10000,103,8388608,1315,1316,1,879.801,1045.592,165.791,12,0,147,0,156,0,66932076,67084960,8,130416
20261103,128,packet-random,20260926-183537-ws12-03-b128-f,20260926-183537-ws12-03-b128-s,388,628,10000,101,8388608,1316,1347,0,334.222,332.91,-1.312,118,0,0,0,0,0,59628724,59892432,8,145564
20261103,128,packet-random,20260926-183537-ws12-03-b128-f,20260926-183537-ws12-03-b128-s,388,1044,10001,101,8388608,1316,1408,1,431.585,434.513,2.928,92,0,2,0,3,0,59628724,59892432,8,145564
20261103,128,packet-random,20260926-183537-ws12-03-b128-f,20260926-183537-ws12-03-b128-s,400,332,10000,100,8388608,1316,1314,0,654.32,627.458,-26.862,55,0,39,0,46,0,59628724,59892432,8,145564
20261103,128,packet-random,20260926-183537-ws12-03-b128-f,20260926-183537-ws12-03-b128-s,400,740,10001,102,8388608,1316,1351,0,684.421,679.059,-5.362,50,0,1,0,0,0,59628724,59892432,8,145564
20261103,128,packet-random,20260926-183537-ws12-03-b128-f,20260926-183537-ws12-03-b128-s,404,112,10001,101,8388608,1316,1283,0,360.565,361.014,0.449,102,0,2,0,0,0,59628724,59892432,8,145564
20261103,128,packet-random,20260926-183537-ws12-03-b128-f,20260926-183537-ws12-03-b128-s,404,332,10000,102,8388608,1316,1314,0,649.559,578.212,-71.347,61,0,39,0,46,0,59628724,59892432,8,145564
20261103,128,packet-random,20260926-183537-ws12-03-b128-f,20260926-183537-ws12-03-b128-s,416,128,10002,100,8388608,1317,1284,1,467.417,524.886,57.469,70,0,0,0,0,0,49406260,49764360,8,146672
20261103,128,packet-random,20260926-183537-ws12-03-b128-f,20260926-183537-ws12-03-b128-s,416,772,10000,100,8388608,1317,1376,0,580.841,528.492,-52.349,65,0,2,0,2,0,49406260,49764360,8,146672
20261103,128,packet-random,20260926-183537-ws12-03-b128-f,20260926-183537-ws12-03-b128-s,416,776,10001,101,8388608,1317,1376,0,466.887,525.682,58.795,68,0,0,0,0,0,49406260,49764360,8,146672
20261103,128,packet-random,20260926-183537-ws12-03-b128-f,20260926-183537-ws12-03-b128-s,436,112,10001,100,8388608,1317,1283,0,362.596,360.929,-1.667,103,0,2,0,0,0,49406260,49764360,8,146672
20261103,128,packet-random,20260926-183537-ws12-03-b128-f,20260926-183537-ws12-03-b128-s,436,332,10000,101,8388608,1317,1314,0,718.53,834.267,115.737,27,0,39,0,46,0,49406260,49764360,8,146672
20261103,128,packet-random,20260926-183537-ws12-03-b128-f,20260926-183537-ws12-03-b128-s,452,400,10000,102,8388608,1318,1316,1,911.833,776.197,-135.636,32,0,147,0,156,0,13782172,14018980,8,177816
20261103,128,packet-random,20260926-183537-ws12-03-b128-f,20260926-183537-ws12-03-b128-s,540,176,10000,100,8388608,1344,1285,0,451.712,437.92,-13.792,90,0,0,0,0,0,22086804,22370648,8,98876
20261103,128,packet-random,20260926-183537-ws12-03-b128-f,20260926-183537-ws12-03-b128-s,540,1144,10001,101,8388608,1344,1411,0,463.641,455.878,-7.763,88,0,1,0,1,0,22086804,22370648,8,98876
20261103,128,packet-random,20260926-183537-ws12-03-b128-f,20260926-183537-ws12-03-b128-s,576,740,10000,101,8388608,1346,1351,0,597.413,589.494,-7.919,59,0,1,0,0,0,42160592,42311692,8,89504
20261103,128,packet-random,20260926-183537-ws12-03-b128-f,20260926-183537-ws12-03-b128-s,584,388,10001,101,8388608,1346,1316,1,500.892,508.03,7.138,77,0,0,0,0,0,42160592,42311692,8,89504
20261103,128,packet-random,20260926-183537-ws12-03-b128-f,20260926-183537-ws12-03-b128-s,584,404,10002,100,8388608,1346,1316,1,502.484,506.525,4.041,78,0,0,0,0,0,42160592,42311692,8,89504
20261103,128,packet-random,20260926-183537-ws12-03-b128-f,20260926-183537-ws12-03-b128-s,584,844,10000,100,8388608,1346,1378,0,527.915,512.063,-15.852,75,0,9,0,2,0,42160592,42311692,8,89504
20261103,128,packet-random,20260926-183537-ws12-03-b128-f,20260926-183537-ws12-03-b128-s,612,28,10000,100,8388608,1347,1280,0,362.472,359.266,-3.206,104,0,0,0,0,0,66350964,66432180,8,87080
20261103,128,packet-random,20260926-183537-ws12-03-b128-f,20260926-183537-ws12-03-b128-s,612,56,10001,101,8388608,1347,1281,0,436.841,416.221,-20.62,94,0,6,0,3,0,66350964,66432180,8,87080
20261103,128,packet-random,20260926-183537-ws12-03-b128-f,20260926-183537-ws12-03-b128-s,612,680,10002,104,8388608,1347,1349,0,867.434,1029.573,162.139,14,0,65,0,67,0,66350964,66432180,8,87080
20261103,128,packet-random,20260926-183537-ws12-03-b128-f,20260926-183537-ws12-03-b128-s,620,56,10000,100,8388608,1347,1281,0,480.424,348.465,-131.959,114,0,6,0,3,0,66350964,66432180,8,87080
20261103,128,packet-random,20260926-183537-ws12-03-b128-f,20260926-183537-ws12-03-b128-s,628,856,10000,100,8388608,1347,1378,0,1078.586,944.248,-134.338,16,0,222,0,263,0,66350964,66432180,8,87080
20261103,128,packet-random,20260926-183537-ws12-03-b128-f,20260926-183537-ws12-03-b128-s,636,380,10000,100,8388608,1347,1315,0,352.176,351.224,-0.952,112,0,0,0,0,0,66350964,66432180,8,87080
20261103,128,packet-random,20260926-183537-ws12-03-b128-f,20260926-183537-ws12-03-b128-s,636,952,10001,101,8388608,1347,1381,0,349.655,350.184,0.529,113,0,0,0,0,0,66350964,66432180,8,87080
20261103,128,packet-random,20260926-183537-ws12-03-b128-f,20260926-183537-ws12-03-b128-s,648,636,10000,100,8388608,1348,1347,0,872.392,872.492,0.1,26,0,3,0,0,0,66986660,67167124,8,109332
20261103,128,packet-random,20260926-183537-ws12-03-b128-f,20260926-183537-ws12-03-b128-s,648,764,10002,101,8388608,1348,1351,0,872.418,872.518,0.1,25,0,0,0,0,0,66986660,67167124,8,109332
20261103,128,packet-random,20260926-183537-ws12-03-b128-f,20260926-183537-ws12-03-b128-s,648,772,10001,101,8388608,1348,1376,0,872.833,872.952,0.119,24,0,2,0,2,0,66986660,67167124,8,109332
20261103,128,packet-random,20260926-183537-ws12-03-b128-f,20260926-183537-ws12-03-b128-s,648,828,10003,101,8388608,1348,1377,0,873.027,872.959,-0.068,23,0,0,0,0,0,66986660,67167124,8,109332
20261103,128,packet-random,20260926-183537-ws12-03-b128-f,20260926-183537-ws12-03-b128-s,648,1144,10004,102,8388608,1348,1411,0,872.879,872.972,0.093,22,0,1,0,1,0,66986660,67167124,8,109332
20261103,128,packet-random,20260926-183537-ws12-03-b128-f,20260926-183537-ws12-03-b128-s,656,356,10000,101,8388608,1348,1315,0,320.399,320.927,0.528,119,0,3,0,1,0,66986660,67167124,8,109332
20261103,128,packet-random,20260926-183537-ws12-03-b128-f,20260926-183537-ws12-03-b128-s,656,788,10001,101,8388608,1348,1376,0,360.242,361.741,1.499,101,0,0,0,1,0,66986660,67167124,8,109332
20261103,128,packet-random,20260926-183537-ws12-03-b128-f,20260926-183537-ws12-03-b128-s,720,1144,10000,100,8388608,1350,1411,0,359.735,371.377,11.642,98,0,1,0,1,0,13807996,14008052,8,102628
20261103,128,packet-random,20260926-183537-ws12-03-b128-f,20260926-183537-ws12-03-b128-s,740,720,10000,101,8388608,1351,1350,0,294.053,235.164,-58.889,125,0,0,0,0,0,68948644,69122936,8,62704
20261103,128,packet-random,20260926-183537-ws12-03-b128-f,20260926-183537-ws12-03-b128-s,740,856,10001,104,8388608,1351,1378,0,701.622,1273.244,571.622,2,1,222,0,263,0,68948644,69122936,8,62704
20261103,128,packet-random,20260926-183537-ws12-03-b128-f,20260926-183537-ws12-03-b128-s,748,340,10000,102,8388608,1351,1314,0,525.212,525.622,0.41,69,0,0,0,0,0,68948644,69122936,8,62704
20261103,128,packet-random,20260926-183537-ws12-03-b128-f,20260926-183537-ws12-03-b128-s,748,576,10001,105,8388608,1351,1346,1,1085.24,1149.762,64.522,8,0,278,0,312,0,68948644,69122936,8,62704
20261103,128,packet-random,20260926-183537-ws12-03-b128-f,20260926-183537-ws12-03-b128-s,764,140,10000,100,8388608,1351,1284,1,448.413,445.663,-2.75,89,0,0,0,0,0,68948644,69122936,8,62704
20261103,128,packet-random,20260926-183537-ws12-03-b128-f,20260926-183537-ws12-03-b128-s,764,340,10002,100,8388608,1351,1314,0,527.586,527.342,-0.244,66,0,0,0,0,0,68948644,69122936,8,62704
20261103,128,packet-random,20260926-183537-ws12-03-b128-f,20260926-183537-ws12-03-b128-s,764,648,10001,100,8388608,1351,1348,1,611.785,617.764,5.979,58,0,7,0,5,0,68948644,69122936,8,62704
20261103,128,packet-random,20260926-183537-ws12-03-b128-f,20260926-183537-ws12-03-b128-s,772,176,10001,101,8388608,1376,1285,0,818.437,903.104,84.667,21,0,0,0,0,0,93830268,93957036,8,119332
20261103,128,packet-random,20260926-183537-ws12-03-b128-f,20260926-183537-ws12-03-b128-s,772,400,10003,104,8388608,1376,1316,1,1150.02,1141.52,-8.5,9,0,147,0,156,0,93830268,93957036,8,119332
20261103,128,packet-random,20260926-183537-ws12-03-b128-f,20260926-183537-ws12-03-b128-s,772,416,10004,102,8388608,1376,1317,1,818.476,903.137,84.661,19,0,0,0,0,0,93830268,93957036,8,119332
20261103,128,packet-random,20260926-183537-ws12-03-b128-f,20260926-183537-ws12-03-b128-s,772,576,10002,104,8388608,1376,1346,1,1235.211,1301.355,66.144,1,1,278,0,312,0,93830268,93957036,8,119332
20261103,128,packet-random,20260926-183537-ws12-03-b128-f,20260926-183537-ws12-03-b128-s,772,680,10000,102,8388608,1376,1349,0,1000.125,903.105,-97.02,20,0,65,0,67,0,93830268,93957036,8,119332
20261103,128,packet-random,20260926-183537-ws12-03-b128-f,20260926-183537-ws12-03-b128-s,772,1124,10005,101,8388608,1376,1411,0,819.638,903.545,83.907,18,0,1,0,0,0,93830268,93957036,8,119332
20261103,128,packet-random,20260926-183537-ws12-03-b128-f,20260926-183537-ws12-03-b128-s,776,1040,10000,101,8388608,1376,1408,1,637.703,622.226,-15.477,57,0,0,0,2,0,93830268,93957036,8,119332
20261103,128,packet-random,20260926-183537-ws12-03-b128-f,20260926-183537-ws12-03-b128-s,776,1248,10001,100,8388608,1376,1415,0,251.072,253.371,2.299,123,0,0,0,0,0,93830268,93957036,8,119332
20261103,128,packet-random,20260926-183537-ws12-03-b128-f,20260926-183537-ws12-03-b128-s,788,740,10000,100,8388608,1376,1351,0,687.52,682.488,-5.032,49,0,1,0,0,0,93830268,93957036,8,119332
20261103,128,packet-random,20260926-183537-ws12-03-b128-f,20260926-183537-ws12-03-b128-s,788,776,10002,100,8388608,1376,1376,0,454.121,458.519,4.398,86,0,0,0,0,0,93830268,93957036,8,119332
20261103,128,packet-random,20260926-183537-ws12-03-b128-f,20260926-183537-ws12-03-b128-s,788,992,10001,101,8388608,1376,1383,0,458.457,458.575,0.118,85,0,4,0,0,0,93830268,93957036,8,119332
20261103,128,packet-random,20260926-183537-ws12-03-b128-f,20260926-183537-ws12-03-b128-s,828,540,10000,100,8388608,1377,1344,0,187.769,189.157,1.388,126,0,0,0,0,0,13809108,14036056,8,150024
20261103,128,packet-random,20260926-183537-ws12-03-b128-f,20260926-183537-ws12-03-b128-s,844,416,10000,100,8388608,1378,1317,1,531.321,531.945,0.624,62,0,0,0,0,0,78302724,78493680,8,175600
20261103,128,packet-random,20260926-183537-ws12-03-b128-f,20260926-183537-ws12-03-b128-s,844,992,10001,102,8388608,1378,1383,0,531.46,531.041,-0.419,63,0,4,0,0,0,78302724,78493680,8,175600
20261103,128,packet-random,20260926-183537-ws12-03-b128-f,20260926-183537-ws12-03-b128-s,844,1180,10002,100,8388608,1378,1412,0,526.981,529.287,2.306,64,0,0,0,0,0,78302724,78493680,8,175600
20261103,128,packet-random,20260926-183537-ws12-03-b128-f,20260926-183537-ws12-03-b128-s,856,372,10004,100,8388608,1378,1315,0,656.374,801.253,144.879,30,0,0,0,0,0,78302724,78493680,8,175600
20261103,128,packet-random,20260926-183537-ws12-03-b128-f,20260926-183537-ws12-03-b128-s,856,400,10001,100,8388608,1378,1316,1,1165.409,813.18,-352.229,28,0,147,0,156,0,78302724,78493680,8,175600
20261103,128,packet-random,20260926-183537-ws12-03-b128-f,20260926-183537-ws12-03-b128-s,856,576,10002,101,8388608,1378,1346,1,1239.828,1136.803,-103.025,10,0,278,0,312,0,78302724,78493680,8,175600
20261103,128,packet-random,20260926-183537-ws12-03-b128-f,20260926-183537-ws12-03-b128-s,856,748,10003,101,8388608,1378,1351,0,661.061,801.254,140.193,29,0,7,0,4,0,78302724,78493680,8,175600
20261103,128,packet-random,20260926-183537-ws12-03-b128-f,20260926-183537-ws12-03-b128-s,856,992,10000,100,8388608,1378,1383,0,660.732,800.826,140.094,31,0,4,0,0,0,78302724,78493680,8,175600
20261103,128,packet-random,20260926-183537-ws12-03-b128-f,20260926-183537-ws12-03-b128-s,924,648,10000,101,8388608,1380,1348,1,696.779,697.798,1.019,37,0,7,0,5,0,23094424,23189904,8,192964
20261103,128,packet-random,20260926-183537-ws12-03-b128-f,20260926-183537-ws12-03-b128-s,924,856,10001,102,8388608,1380,1378,0,964.896,1188.826,223.93,5,0,222,0,263,0,23094424,23189904,8,192964
20261103,128,packet-random,20260926-183537-ws12-03-b128-f,20260926-183537-ws12-03-b128-s,932,576,10001,100,8388608,1381,1346,1,846.532,1180.476,333.944,6,0,278,0,312,0,48379492,48625704,8,95520
20261103,128,packet-random,20260926-183537-ws12-03-b128-f,20260926-183537-ws12-03-b128-s,932,620,10002,100,8388608,1381,1347,0,326.19,256.977,-69.213,122,0,0,0,0,0,48379492,48625704,8,95520
20261103,128,packet-random,20260926-183537-ws12-03-b128-f,20260926-183537-ws12-03-b128-s,932,648,10000,102,8388608,1381,1348,1,698.984,703.258,4.274,36,0,7,0,5,0,48379492,48625704,8,95520
20261103,128,packet-random,20260926-183537-ws12-03-b128-f,20260926-183537-ws12-03-b128-s,952,452,10001,101,8388608,1381,1318,0,353.451,354.486,1.035,109,0,2,0,0,0,48379492,48625704,8,95520
20261103,128,packet-random,20260926-183537-ws12-03-b128-f,20260926-183537-ws12-03-b128-s,952,788,10000,100,8388608,1381,1376,0,353.414,354.698,1.284,107,0,0,0,1,0,48379492,48625704,8,95520
20261103,128,packet-random,20260926-183537-ws12-03-b128-f,20260926-183537-ws12-03-b128-s,956,932,10000,100,8388608,1381,1381,0,176.12,176.103,-0.017,128,0,0,0,0,0,48379492,48625704,8,95520
20261103,128,packet-random,20260926-183537-ws12-03-b128-f,20260926-183537-ws12-03-b128-s,976,908,10000,100,8388608,1382,1380,0,548.61,182.722,-365.888,127,0,6,0,0,0,13822052,14059452,8,147564
20261103,128,packet-random,20260926-183537-ws12-03-b128-f,20260926-183537-ws12-03-b128-s,992,388,10000,100,8388608,1383,1316,1,358.127,357.894,-0.233,105,0,0,0,0,0,67970568,68178860,8,139156
20261103,128,packet-random,20260926-183537-ws12-03-b128-f,20260926-183537-ws12-03-b128-s,992,636,10001,101,8388608,1383,1347,0,359.085,357.485,-1.6,106,0,3,0,0,0,67970568,68178860,8,139156
20261103,128,packet-random,20260926-183537-ws12-03-b128-f,20260926-183537-ws12-03-b128-s,1000,36,10000,100,8388608,1383,1281,0,687.964,688.262,0.298,42,0,0,0,0,0,67970568,68178860,8,139156
20261103,128,packet-random,20260926-183537-ws12-03-b128-f,20260926-183537-ws12-03-b128-s,1000,584,10001,100,8388608,1383,1346,1,687.975,688.482,0.507,40,0,0,0,0,0,67970568,68178860,8,139156
20261103,128,packet-random,20260926-183537-ws12-03-b128-f,20260926-183537-ws12-03-b128-s,1000,772,10003,102,8388608,1383,1376,0,687.587,687.889,0.302,43,0,2,0,2,0,67970568,68178860,8,139156
20261103,128,packet-random,20260926-183537-ws12-03-b128-f,20260926-183537-ws12-03-b128-s,1000,952,10002,100,8388608,1383,1381,0,688.014,687.867,-0.147,44,0,0,0,0,0,67970568,68178860,8,139156
20261103,128,packet-random,20260926-183537-ws12-03-b128-f,20260926-183537-ws12-03-b128-s,1016,856,10000,103,8388608,1383,1378,0,1140.103,1160.747,20.644,7,0,222,0,263,0,67970568,68178860,8,139156
20261103,128,packet-random,20260926-183537-ws12-03-b128-f,20260926-183537-ws12-03-b128-s,1124,844,10000,102,8388608,1411,1378,0,526.084,474.723,-51.361,83,0,9,0,2,0,23489940,23627772,8,122116
20261103,128,packet-random,20260926-183537-ws12-03-b128-f,20260926-183537-ws12-03-b128-s,1144,1016,10000,101,8388608,1411,1383,0,258.148,237.298,-20.85,124,0,0,0,0,0,23489940,23627772,8,122116
20261103,128,packet-random,20260926-183537-ws12-03-b128-f,20260926-183537-ws12-03-b128-s,1180,176,10001,102,8388608,1412,1285,0,452.521,437.716,-14.805,91,0,0,0,0,0,22057168,22379188,8,125884
20261103,128,packet-random,20260926-183537-ws12-03-b128-f,20260926-183537-ws12-03-b128-s,1180,764,10000,100,8388608,1412,1351,0,278.215,289.185,10.97,121,0,0,0,0,0,22057168,22379188,8,125884
20261103,128,packet-random,20260926-183537-ws12-03-b128-f,20260926-183537-ws12-03-b128-s,1208,1000,10001,100,8388608,1413,1383,0,395.21,395.024,-0.186,96,0,0,0,0,0,22121824,22293268,8,100616
20261103,128,packet-random,20260926-183537-ws12-03-b128-f,20260926-183537-ws12-03-b128-s,1208,1044,10000,100,8388608,1413,1408,1,366.548,369.759,3.211,99,0,2,0,3,0,22121824,22293268,8,100616
20261103,128,packet-random,20260926-183537-ws12-03-b128-f,20260926-183537-ws12-03-b128-s,1248,28,10000,101,8388608,1415,1280,0,339.591,340.715,1.124,117,0,0,0,0,0,39635252,39882340,8,127620
20261103,128,packet-random,20260926-183537-ws12-03-b128-f,20260926-183537-ws12-03-b128-s,1268,340,10002,101,8388608,1415,1314,0,526.986,526.574,-0.412,67,0,0,0,0,0,39635252,39882340,8,127620
20261103,128,packet-random,20260926-183537-ws12-03-b128-f,20260926-183537-ws12-03-b128-s,1268,976,10000,100,8388608,1415,1382,0,508.662,511.289,2.627,76,0,0,0,0,0,39635252,39882340,8,127620
20261103,128,packet-random,20260926-183537-ws12-03-b128-f,20260926-183537-ws12-03-b128-s,1268,1000,10001,101,8388608,1415,1383,0,510.083,512.723,2.64,73,0,0,0,0,0,39635252,39882340,8,127620
20261103,128,packet-adaptive,20260926-183537-ws12-03-b128-f,20260926-183537-ws12-03-b128-a,28,924,10000,101,8388608,1280,1380,0,456.127,443.549,-12.578,90,0,3,0,0,0,13773484,13921332,8,117832
20261103,128,packet-adaptive,20260926-183537-ws12-03-b128-f,20260926-183537-ws12-03-b128-a,36,628,10001,100,8388608,1281,1347,0,352.55,351.765,-0.785,107,0,0,0,0,0,49452096,49602900,8,102348
20261103,128,packet-adaptive,20260926-183537-ws12-03-b128-f,20260926-183537-ws12-03-b128-a,36,1208,10000,100,8388608,1281,1413,0,353.028,351.349,-1.679,109,0,0,0,0,0,49452096,49602900,8,102348
20261103,128,packet-adaptive,20260926-183537-ws12-03-b128-f,20260926-183537-ws12-03-b128-a,56,576,10001,103,8388608,1281,1346,1,1185.761,1387.787,202.026,1,1,278,0,309,0,49452096,49602900,8,102348
20261103,128,packet-adaptive,20260926-183537-ws12-03-b128-f,20260926-183537-ws12-03-b128-a,56,680,10000,101,8388608,1281,1349,0,768.574,886.746,118.172,21,0,65,0,32,0,49452096,49602900,8,102348
20261103,128,packet-adaptive,20260926-183537-ws12-03-b128-f,20260926-183537-ws12-03-b128-a,56,828,10002,100,8388608,1281,1377,0,395.79,380.284,-15.506,97,0,0,0,3,0,49452096,49602900,8,102348
20261103,128,packet-adaptive,20260926-183537-ws12-03-b128-f,20260926-183537-ws12-03-b128-a,112,336,10003,100,8388608,1283,1314,0,687.336,629.703,-57.633,52,0,0,0,0,0,40167844,40340740,8,152964
20261103,128,packet-adaptive,20260926-183537-ws12-03-b128-f,20260926-183537-ws12-03-b128-a,112,720,10002,100,8388608,1283,1350,0,687.268,629.635,-57.633,53,0,0,0,0,0,40167844,40340740,8,152964
20261103,128,packet-adaptive,20260926-183537-ws12-03-b128-f,20260926-183537-ws12-03-b128-a,112,956,10001,100,8388608,1283,1381,0,686.355,628.842,-57.513,54,0,0,0,0,0,40167844,40340740,8,152964
20261103,128,packet-adaptive,20260926-183537-ws12-03-b128-f,20260926-183537-ws12-03-b128-a,112,1016,10000,100,8388608,1283,1383,0,688.599,706.066,17.467,34,0,0,0,4,0,40167844,40340740,8,152964
20261103,128,packet-adaptive,20260926-183537-ws12-03-b128-f,20260926-183537-ws12-03-b128-a,128,356,10000,100,8388608,1284,1315,0,515.885,515.11,-0.775,72,0,3,0,1,0,39623960,39761304,8,107980
20261103,128,packet-adaptive,20260926-183537-ws12-03-b128-f,20260926-183537-ws12-03-b128-a,128,416,10001,101,8388608,1284,1317,1,515.146,514.803,-0.343,73,0,0,0,0,0,39623960,39761304,8,107980
20261103,128,packet-adaptive,20260926-183537-ws12-03-b128-f,20260926-183537-ws12-03-b128-a,128,976,10002,101,8388608,1284,1382,0,512.607,513.765,1.158,74,0,0,0,0,0,39623960,39761304,8,107980
20261103,128,packet-adaptive,20260926-183537-ws12-03-b128-f,20260926-183537-ws12-03-b128-a,140,452,10000,100,8388608,1284,1318,0,351.03,334.957,-16.073,117,0,2,0,0,0,39623960,39761304,8,107980
20261103,128,packet-adaptive,20260926-183537-ws12-03-b128-f,20260926-183537-ws12-03-b128-a,176,308,10000,101,8388608,1285,1313,0,364.571,363.668,-0.903,99,0,0,0,3,0,57660104,57781172,8,132624
20261103,128,packet-adaptive,20260926-183537-ws12-03-b128-f,20260926-183537-ws12-03-b128-a,176,856,10002,105,8388608,1285,1378,0,1167.174,955.008,-212.166,19,0,222,0,254,0,57660104,57781172,8,132624
20261103,128,packet-adaptive,20260926-183537-ws12-03-b128-f,20260926-183537-ws12-03-b128-a,176,1040,10001,103,8388608,1285,1408,1,636.65,655.772,19.122,48,0,0,0,5,0,57660104,57781172,8,132624
20261103,128,packet-adaptive,20260926-183537-ws12-03-b128-f,20260926-183537-ws12-03-b128-a,188,36,10001,101,8388608,1285,1281,0,426.079,438.912,12.833,93,0,0,0,0,0,57660104,57781172,8,132624
20261103,128,packet-adaptive,20260926-183537-ws12-03-b128-f,20260926-183537-ws12-03-b128-a,188,740,10002,103,8388608,1285,1351,0,688.28,683.449,-4.831,44,0,1,0,0,0,57660104,57781172,8,132624
20261103,128,packet-adaptive,20260926-183537-ws12-03-b128-f,20260926-183537-ws12-03-b128-a,188,924,10000,102,8388608,1285,1380,0,462.2,451.768,-10.432,88,0,3,0,0,0,57660104,57781172,8,132624
20261103,128,packet-adaptive,20260926-183537-ws12-03-b128-f,20260926-183537-ws12-03-b128-a,248,188,10001,100,8388608,1287,1285,0,504.214,501.671,-2.543,79,0,0,0,0,0,30356956,30499196,8,195272
20261103,128,packet-adaptive,20260926-183537-ws12-03-b128-f,20260926-183537-ws12-03-b128-a,248,380,10002,101,8388608,1287,1315,0,505.568,504.707,-0.861,76,0,0,0,1,0,30356956,30499196,8,195272
20261103,128,packet-adaptive,20260926-183537-ws12-03-b128-f,20260926-183537-ws12-03-b128-a,248,748,10000,100,8388608,1287,1351,0,505.624,502.102,-3.522,77,0,7,0,0,0,30356956,30499196,8,195272
20261103,128,packet-adaptive,20260926-183537-ws12-03-b128-f,20260926-183537-ws12-03-b128-a,284,1124,10001,100,8388608,1312,1411,0,371.933,493.955,122.022,82,0,1,0,4,0,22145568,22305920,8,95376
20261103,128,packet-adaptive,20260926-183537-ws12-03-b128-f,20260926-183537-ws12-03-b128-a,284,1268,10000,100,8388608,1312,1415,0,331.292,235.717,-95.575,125,0,0,0,0,0,22145568,22305920,8,95376
20261103,128,packet-adaptive,20260926-183537-ws12-03-b128-f,20260926-183537-ws12-03-b128-a,308,576,10001,102,8388608,1313,1346,1,1256.446,1183.129,-73.317,8,0,278,0,309,0,40181328,40338308,8,214348
20261103,128,packet-adaptive,20260926-183537-ws12-03-b128-f,20260926-183537-ws12-03-b128-a,308,648,10003,103,8388608,1313,1348,1,708.381,705.82,-2.561,35,0,7,0,1,0,40181328,40338308,8,214348
20261103,128,packet-adaptive,20260926-183537-ws12-03-b128-f,20260926-183537-ws12-03-b128-a,308,844,10002,101,8388608,1313,1378,0,537.129,535.499,-1.63,60,0,9,0,0,0,40181328,40338308,8,214348
20261103,128,packet-adaptive,20260926-183537-ws12-03-b128-f,20260926-183537-ws12-03-b128-a,308,1040,10000,102,8388608,1313,1408,1,640.676,659.648,18.972,47,0,0,0,5,0,40181328,40338308,8,214348
20261103,128,packet-adaptive,20260926-183537-ws12-03-b128-f,20260926-183537-ws12-03-b128-a,332,192,10000,100,8388608,1314,1286,0,575.602,453.681,-121.921,87,0,7,0,0,0,59632488,59738868,8,108128
20261103,128,packet-adaptive,20260926-183537-ws12-03-b128-f,20260926-183537-ws12-03-b128-a,336,400,10001,101,8388608,1314,1316,1,746.238,779.54,33.302,27,0,147,0,152,0,59632488,59738868,8,108128
20261103,128,packet-adaptive,20260926-183537-ws12-03-b128-f,20260926-183537-ws12-03-b128-a,336,680,10000,100,8388608,1314,1349,0,744.02,741.382,-2.638,28,0,65,0,32,0,59632488,59738868,8,108128
20261103,128,packet-adaptive,20260926-183537-ws12-03-b128-f,20260926-183537-ws12-03-b128-a,340,680,10002,103,8388608,1314,1349,0,561.385,625.802,64.417,55,0,65,0,32,0,59632488,59738868,8,108128
20261103,128,packet-adaptive,20260926-183537-ws12-03-b128-f,20260926-183537-ws12-03-b128-a,340,748,10001,102,8388608,1314,1351,0,639.837,461.694,-178.143,84,0,7,0,0,0,59632488,59738868,8,108128
20261103,128,packet-adaptive,20260926-183537-ws12-03-b128-f,20260926-183537-ws12-03-b128-a,340,924,10000,100,8388608,1314,1380,0,615.465,540.603,-74.862,59,0,3,0,0,0,59632488,59738868,8,108128
20261103,128,packet-adaptive,20260926-183537-ws12-03-b128-f,20260926-183537-ws12-03-b128-a,356,332,10003,103,8388608,1315,1314,0,726.669,727.095,0.426,30,0,39,0,40,0,66932076,67063012,8,138228
20261103,128,packet-adaptive,20260926-183537-ws12-03-b128-f,20260926-183537-ws12-03-b128-a,356,436,10002,100,8388608,1315,1317,1,403.16,439.24,36.08,92,0,0,0,0,0,66932076,67063012,8,138228
20261103,128,packet-adaptive,20260926-183537-ws12-03-b128-f,20260926-183537-ws12-03-b128-a,356,856,10000,101,8388608,1315,1378,0,1055.347,1233.712,178.365,5,0,222,0,254,0,66932076,67063012,8,138228
20261103,128,packet-adaptive,20260926-183537-ws12-03-b128-f,20260926-183537-ws12-03-b128-a,356,1040,10001,100,8388608,1315,1408,1,688.962,680.079,-8.883,46,0,0,0,5,0,66932076,67063012,8,138228
20261103,128,packet-adaptive,20260926-183537-ws12-03-b128-f,20260926-183537-ws12-03-b128-a,372,284,10001,100,8388608,1315,1312,0,344.663,349.137,4.474,113,0,0,0,1,0,66932076,67063012,8,138228
20261103,128,packet-adaptive,20260926-183537-ws12-03-b128-f,20260926-183537-ws12-03-b128-a,372,308,10000,100,8388608,1315,1313,0,344.66,350.392,5.732,110,0,0,0,3,0,66932076,67063012,8,138228
20261103,128,packet-adaptive,20260926-183537-ws12-03-b128-f,20260926-183537-ws12-03-b128-a,380,400,10000,103,8388608,1315,1316,1,879.801,902.223,22.422,20,0,147,0,152,0,66932076,67063012,8,138228
20261103,128,packet-adaptive,20260926-183537-ws12-03-b128-f,20260926-183537-ws12-03-b128-a,388,628,10000,101,8388608,1316,1347,0,334.222,347.547,13.325,115,0,0,0,0,0,59628724,59726540,8,192816
20261103,128,packet-adaptive,20260926-183537-ws12-03-b128-f,20260926-183537-ws12-03-b128-a,388,1044,10001,101,8388608,1316,1408,1,431.585,379.175,-52.41,98,0,2,0,10,0,59628724,59726540,8,192816
20261103,128,packet-adaptive,20260926-183537-ws12-03-b128-f,20260926-183537-ws12-03-b128-a,400,332,10000,100,8388608,1316,1314,0,654.32,728.663,74.343,29,0,39,0,40,0,59628724,59726540,8,192816
20261103,128,packet-adaptive,20260926-183537-ws12-03-b128-f,20260926-183537-ws12-03-b128-a,400,740,10001,102,8388608,1316,1351,0,684.421,682.412,-2.009,45,0,1,0,0,0,59628724,59726540,8,192816
20261103,128,packet-adaptive,20260926-183537-ws12-03-b128-f,20260926-183537-ws12-03-b128-a,404,112,10001,101,8388608,1316,1283,0,360.565,359.429,-1.136,103,0,2,0,0,0,59628724,59726540,8,192816
20261103,128,packet-adaptive,20260926-183537-ws12-03-b128-f,20260926-183537-ws12-03-b128-a,404,332,10000,102,8388608,1316,1314,0,649.559,700.493,50.934,38,0,39,0,40,0,59628724,59726540,8,192816
20261103,128,packet-adaptive,20260926-183537-ws12-03-b128-f,20260926-183537-ws12-03-b128-a,416,128,10002,100,8388608,1317,1284,1,467.417,524.084,56.667,70,0,0,0,0,0,49406260,49529804,8,191292
20261103,128,packet-adaptive,20260926-183537-ws12-03-b128-f,20260926-183537-ws12-03-b128-a,416,772,10000,100,8388608,1317,1376,0,580.841,522.092,-58.749,71,0,2,0,0,0,49406260,49529804,8,191292
20261103,128,packet-adaptive,20260926-183537-ws12-03-b128-f,20260926-183537-ws12-03-b128-a,416,776,10001,101,8388608,1317,1376,0,466.887,525.207,58.32,69,0,0,0,0,0,49406260,49529804,8,191292
20261103,128,packet-adaptive,20260926-183537-ws12-03-b128-f,20260926-183537-ws12-03-b128-a,436,112,10001,100,8388608,1317,1283,0,362.596,358.193,-4.403,104,0,2,0,0,0,49406260,49529804,8,191292
20261103,128,packet-adaptive,20260926-183537-ws12-03-b128-f,20260926-183537-ws12-03-b128-a,436,332,10000,101,8388608,1317,1314,0,718.53,635.7,-82.83,51,0,39,0,40,0,49406260,49529804,8,191292
20261103,128,packet-adaptive,20260926-183537-ws12-03-b128-f,20260926-183537-ws12-03-b128-a,452,400,10000,102,8388608,1318,1316,1,911.833,1026.697,114.864,18,0,147,0,152,0,13782172,13913388,8,115588
20261103,128,packet-adaptive,20260926-183537-ws12-03-b128-f,20260926-183537-ws12-03-b128-a,540,176,10000,100,8388608,1344,1285,0,451.712,422.716,-28.996,95,0,0,0,0,0,22086804,22257724,8,150648
20261103,128,packet-adaptive,20260926-183537-ws12-03-b128-f,20260926-183537-ws12-03-b128-a,540,1144,10001,101,8388608,1344,1411,0,463.641,450.399,-13.242,89,0,1,0,7,0,22086804,22257724,8,150648
20261103,128,packet-adaptive,20260926-183537-ws12-03-b128-f,20260926-183537-ws12-03-b128-a,576,740,10000,101,8388608,1346,1351,0,597.413,591.328,-6.085,57,0,1,0,0,0,42160592,42301656,8,125320
20261103,128,packet-adaptive,20260926-183537-ws12-03-b128-f,20260926-183537-ws12-03-b128-a,584,388,10001,101,8388608,1346,1316,1,500.892,500.834,-0.058,80,0,0,0,0,0,42160592,42301656,8,125320
20261103,128,packet-adaptive,20260926-183537-ws12-03-b128-f,20260926-183537-ws12-03-b128-a,584,404,10002,100,8388608,1346,1316,1,502.484,499.217,-3.267,81,0,0,0,0,0,42160592,42301656,8,125320
20261103,128,packet-adaptive,20260926-183537-ws12-03-b128-f,20260926-183537-ws12-03-b128-a,584,844,10000,100,8388608,1346,1378,0,527.915,529.2,1.285,64,0,9,0,0,0,42160592,42301656,8,125320
20261103,128,packet-adaptive,20260926-183537-ws12-03-b128-f,20260926-183537-ws12-03-b128-a,612,28,10000,100,8388608,1347,1280,0,362.472,362.263,-0.209,100,0,0,0,0,0,66350964,66435468,8,101776
20261103,128,packet-adaptive,20260926-183537-ws12-03-b128-f,20260926-183537-ws12-03-b128-a,612,56,10001,101,8388608,1347,1281,0,436.841,473.004,36.163,83,0,6,0,4,0,66350964,66435468,8,101776
20261103,128,packet-adaptive,20260926-183537-ws12-03-b128-f,20260926-183537-ws12-03-b128-a,612,680,10002,104,8388608,1347,1349,0,867.434,639.833,-227.601,50,0,65,0,32,0,66350964,66435468,8,101776
20261103,128,packet-adaptive,20260926-183537-ws12-03-b128-f,20260926-183537-ws12-03-b128-a,620,56,10000,100,8388608,1347,1281,0,480.424,251.97,-228.454,121,0,6,0,4,0,66350964,66435468,8,101776
20261103,128,packet-adaptive,20260926-183537-ws12-03-b128-f,20260926-183537-ws12-03-b128-a,628,856,10000,100,8388608,1347,1378,0,1078.586,1371.16,292.574,2,1,222,0,254,0,66350964,66435468,8,101776
20261103,128,packet-adaptive,20260926-183537-ws12-03-b128-f,20260926-183537-ws12-03-b128-a,636,380,10000,100,8388608,1347,1315,0,352.176,350.07,-2.106,112,0,0,0,1,0,66350964,66435468,8,101776
20261103,128,packet-adaptive,20260926-183537-ws12-03-b128-f,20260926-183537-ws12-03-b128-a,636,952,10001,101,8388608,1347,1381,0,349.655,350.235,0.58,111,0,0,0,0,0,66350964,66435468,8,101776
20261103,128,packet-adaptive,20260926-183537-ws12-03-b128-f,20260926-183537-ws12-03-b128-a,648,636,10000,100,8388608,1348,1347,0,872.392,872.492,0.1,26,0,3,0,0,0,66986660,67123568,8,191312
20261103,128,packet-adaptive,20260926-183537-ws12-03-b128-f,20260926-183537-ws12-03-b128-a,648,764,10002,101,8388608,1348,1351,0,872.418,872.518,0.1,25,0,0,0,0,0,66986660,67123568,8,191312
20261103,128,packet-adaptive,20260926-183537-ws12-03-b128-f,20260926-183537-ws12-03-b128-a,648,772,10001,101,8388608,1348,1376,0,872.833,872.952,0.119,24,0,2,0,0,0,66986660,67123568,8,191312
20261103,128,packet-adaptive,20260926-183537-ws12-03-b128-f,20260926-183537-ws12-03-b128-a,648,828,10003,101,8388608,1348,1377,0,873.027,872.959,-0.068,23,0,0,0,3,0,66986660,67123568,8,191312
20261103,128,packet-adaptive,20260926-183537-ws12-03-b128-f,20260926-183537-ws12-03-b128-a,648,1144,10004,102,8388608,1348,1411,0,872.879,872.972,0.093,22,0,1,0,7,0,66986660,67123568,8,191312
20261103,128,packet-adaptive,20260926-183537-ws12-03-b128-f,20260926-183537-ws12-03-b128-a,656,356,10000,101,8388608,1348,1315,0,320.399,319.056,-1.343,118,0,3,0,1,0,66986660,67123568,8,191312
20261103,128,packet-adaptive,20260926-183537-ws12-03-b128-f,20260926-183537-ws12-03-b128-a,656,788,10001,101,8388608,1348,1376,0,360.242,359.782,-0.46,101,0,0,0,0,0,66986660,67123568,8,191312
20261103,128,packet-adaptive,20260926-183537-ws12-03-b128-f,20260926-183537-ws12-03-b128-a,720,1144,10000,100,8388608,1350,1411,0,359.735,408.363,48.628,96,0,1,0,7,0,13807996,13974820,8,139636
20261103,128,packet-adaptive,20260926-183537-ws12-03-b128-f,20260926-183537-ws12-03-b128-a,740,720,10000,101,8388608,1351,1350,0,294.053,249.805,-44.248,122,0,0,0,0,0,68948644,69049620,8,114152
20261103,128,packet-adaptive,20260926-183537-ws12-03-b128-f,20260926-183537-ws12-03-b128-a,740,856,10001,104,8388608,1351,1378,0,701.622,1045.31,343.688,11,0,222,0,254,0,68948644,69049620,8,114152
20261103,128,packet-adaptive,20260926-183537-ws12-03-b128-f,20260926-183537-ws12-03-b128-a,748,340,10000,102,8388608,1351,1314,0,525.212,527.716,2.504,66,0,0,0,0,0,68948644,69049620,8,114152
20261103,128,packet-adaptive,20260926-183537-ws12-03-b128-f,20260926-183537-ws12-03-b128-a,748,576,10001,105,8388608,1351,1346,1,1085.24,1190.417,105.177,7,0,278,0,309,0,68948644,69049620,8,114152
20261103,128,packet-adaptive,20260926-183537-ws12-03-b128-f,20260926-183537-ws12-03-b128-a,764,140,10000,100,8388608,1351,1284,1,448.413,441.145,-7.268,91,0,0,0,0,0,68948644,69049620,8,114152
20261103,128,packet-adaptive,20260926-183537-ws12-03-b128-f,20260926-183537-ws12-03-b128-a,764,340,10002,100,8388608,1351,1314,0,527.586,527.58,-0.006,67,0,0,0,0,0,68948644,69049620,8,114152
20261103,128,packet-adaptive,20260926-183537-ws12-03-b128-f,20260926-183537-ws12-03-b128-a,764,648,10001,100,8388608,1351,1348,1,611.785,619.854,8.069,56,0,7,0,1,0,68948644,69049620,8,114152
20261103,128,packet-adaptive,20260926-183537-ws12-03-b128-f,20260926-183537-ws12-03-b128-a,772,176,10001,101,8388608,1376,1285,0,818.437,1031.644,213.207,16,0,0,0,0,0,93830268,93936236,8,188716
20261103,128,packet-adaptive,20260926-183537-ws12-03-b128-f,20260926-183537-ws12-03-b128-a,772,400,10003,104,8388608,1376,1316,1,1150.02,1031.677,-118.343,15,0,147,0,152,0,93830268,93936236,8,188716
20261103,128,packet-adaptive,20260926-183537-ws12-03-b128-f,20260926-183537-ws12-03-b128-a,772,416,10004,102,8388608,1376,1317,1,818.476,1031.69,213.214,14,0,0,0,0,0,93830268,93936236,8,188716
20261103,128,packet-adaptive,20260926-183537-ws12-03-b128-f,20260926-183537-ws12-03-b128-a,772,576,10002,104,8388608,1376,1346,1,1235.211,1033.649,-201.562,12,0,278,0,309,0,93830268,93936236,8,188716
20261103,128,packet-adaptive,20260926-183537-ws12-03-b128-f,20260926-183537-ws12-03-b128-a,772,680,10000,102,8388608,1376,1349,0,1000.125,1031.632,31.507,17,0,65,0,32,0,93830268,93936236,8,188716
20261103,128,packet-adaptive,20260926-183537-ws12-03-b128-f,20260926-183537-ws12-03-b128-a,772,1124,10005,101,8388608,1376,1411,0,819.638,1032.054,212.416,13,0,1,0,4,0,93830268,93936236,8,188716
20261103,128,packet-adaptive,20260926-183537-ws12-03-b128-f,20260926-183537-ws12-03-b128-a,776,1040,10000,101,8388608,1376,1408,1,637.703,654.599,16.896,49,0,0,0,5,0,93830268,93936236,8,188716
20261103,128,packet-adaptive,20260926-183537-ws12-03-b128-f,20260926-183537-ws12-03-b128-a,776,1248,10001,100,8388608,1376,1415,0,251.072,243.218,-7.854,124,0,0,0,0,0,93830268,93936236,8,188716
20261103,128,packet-adaptive,20260926-183537-ws12-03-b128-f,20260926-183537-ws12-03-b128-a,788,740,10000,100,8388608,1376,1351,0,687.52,684.6,-2.92,43,0,1,0,0,0,93830268,93936236,8,188716
20261103,128,packet-adaptive,20260926-183537-ws12-03-b128-f,20260926-183537-ws12-03-b128-a,788,776,10002,100,8388608,1376,1376,0,454.121,457.394,3.273,86,0,0,0,0,0,93830268,93936236,8,188716
20261103,128,packet-adaptive,20260926-183537-ws12-03-b128-f,20260926-183537-ws12-03-b128-a,788,992,10001,101,8388608,1376,1383,0,458.457,457.455,-1.002,85,0,4,0,3,0,93830268,93936236,8,188716
20261103,128,packet-adaptive,20260926-183537-ws12-03-b128-f,20260926-183537-ws12-03-b128-a,828,540,10000,100,8388608,1377,1344,0,187.769,189.115,1.346,126,0,0,0,0,0,13809108,13942728,8,119592
20261103,128,packet-adaptive,20260926-183537-ws12-03-b128-f,20260926-183537-ws12-03-b128-a,844,416,10000,100,8388608,1378,1317,1,531.321,532.251,0.93,61,0,0,0,0,0,78302724,78444484,8,268936
20261103,128,packet-adaptive,20260926-183537-ws12-03-b128-f,20260926-183537-ws12-03-b128-a,844,992,10001,102,8388608,1378,1383,0,531.46,531.701,0.241,62,0,4,0,3,0,78302724,78444484,8,268936
20261103,128,packet-adaptive,20260926-183537-ws12-03-b128-f,20260926-183537-ws12-03-b128-a,844,1180,10002,100,8388608,1378,1412,0,526.981,528.984,2.003,65,0,0,0,0,0,78302724,78444484,8,268936
20261103,128,packet-adaptive,20260926-183537-ws12-03-b128-f,20260926-183537-ws12-03-b128-a,856,372,10004,100,8388608,1378,1315,0,656.374,714.912,58.538,31,0,0,0,0,0,78302724,78444484,8,268936
20261103,128,packet-adaptive,20260926-183537-ws12-03-b128-f,20260926-183537-ws12-03-b128-a,856,400,10001,100,8388608,1378,1316,1,1165.409,1104.801,-60.608,10,0,147,0,152,0,78302724,78444484,8,268936
20261103,128,packet-adaptive,20260926-183537-ws12-03-b128-f,20260926-183537-ws12-03-b128-a,856,576,10002,101,8388608,1378,1346,1,1239.828,1191.184,-48.644,6,0,278,0,309,0,78302724,78444484,8,268936
20261103,128,packet-adaptive,20260926-183537-ws12-03-b128-f,20260926-183537-ws12-03-b128-a,856,748,10003,101,8388608,1378,1351,0,661.061,714.891,53.83,32,0,7,0,0,0,78302724,78444484,8,268936
20261103,128,packet-adaptive,20260926-183537-ws12-03-b128-f,20260926-183537-ws12-03-b128-a,856,992,10000,100,8388608,1378,1383,0,660.732,714.41,53.678,33,0,4,0,3,0,78302724,78444484,8,268936
20261103,128,packet-adaptive,20260926-183537-ws12-03-b128-f,20260926-183537-ws12-03-b128-a,924,648,10000,101,8388608,1380,1348,1,696.779,703.475,6.696,37,0,7,0,1,0,23094424,23235668,8,199824
20261103,128,packet-adaptive,20260926-183537-ws12-03-b128-f,20260926-183537-ws12-03-b128-a,924,856,10001,102,8388608,1380,1378,0,964.896,1138.697,173.801,9,0,222,0,254,0,23094424,23235668,8,199824
20261103,128,packet-adaptive,20260926-183537-ws12-03-b128-f,20260926-183537-ws12-03-b128-a,932,576,10001,100,8388608,1381,1346,1,846.532,1267.969,421.437,3,0,278,0,309,0,48379492,48494692,8,132360
20261103,128,packet-adaptive,20260926-183537-ws12-03-b128-f,20260926-183537-ws12-03-b128-a,932,620,10002,100,8388608,1381,1347,0,326.19,255.955,-70.235,120,0,0,0,0,0,48379492,48494692,8,132360
20261103,128,packet-adaptive,20260926-183537-ws12-03-b128-f,20260926-183537-ws12-03-b128-a,932,648,10000,102,8388608,1381,1348,1,698.984,704.145,5.161,36,0,7,0,1,0,48379492,48494692,8,132360
20261103,128,packet-adaptive,20260926-183537-ws12-03-b128-f,20260926-183537-ws12-03-b128-a,952,452,10001,101,8388608,1381,1318,0,353.451,351.506,-1.945,108,0,2,0,0,0,48379492,48494692,8,132360
20261103,128,packet-adaptive,20260926-183537-ws12-03-b128-f,20260926-183537-ws12-03-b128-a,952,788,10000,100,8388608,1381,1376,0,353.414,348.667,-4.747,114,0,0,0,0,0,48379492,48494692,8,132360
20261103,128,packet-adaptive,20260926-183537-ws12-03-b128-f,20260926-183537-ws12-03-b128-a,956,932,10000,100,8388608,1381,1381,0,176.12,176.149,0.029,128,0,0,0,0,0,48379492,48494692,8,132360
20261103,128,packet-adaptive,20260926-183537-ws12-03-b128-f,20260926-183537-ws12-03-b128-a,976,908,10000,100,8388608,1382,1380,0,548.61,181.755,-366.855,127,0,6,0,0,0,13822052,13972912,8,141100
20261103,128,packet-adaptive,20260926-183537-ws12-03-b128-f,20260926-183537-ws12-03-b128-a,992,388,10000,100,8388608,1383,1316,1,358.127,356.266,-1.861,105,0,0,0,0,0,67970568,68098468,8,191436
20261103,128,packet-adaptive,20260926-183537-ws12-03-b128-f,20260926-183537-ws12-03-b128-a,992,636,10001,101,8388608,1383,1347,0,359.085,352.847,-6.238,106,0,3,0,0,0,67970568,68098468,8,191436
20261103,128,packet-adaptive,20260926-183537-ws12-03-b128-f,20260926-183537-ws12-03-b128-a,1000,36,10000,100,8388608,1383,1281,0,687.964,688.399,0.435,39,0,0,0,0,0,67970568,68098468,8,191436
20261103,128,packet-adaptive,20260926-183537-ws12-03-b128-f,20260926-183537-ws12-03-b128-a,1000,584,10001,100,8388608,1383,1346,1,687.975,688.395,0.42,40,0,0,0,0,0,67970568,68098468,8,191436
20261103,128,packet-adaptive,20260926-183537-ws12-03-b128-f,20260926-183537-ws12-03-b128-a,1000,772,10003,102,8388608,1383,1376,0,687.587,688.029,0.442,41,0,2,0,0,0,67970568,68098468,8,191436
20261103,128,packet-adaptive,20260926-183537-ws12-03-b128-f,20260926-183537-ws12-03-b128-a,1000,952,10002,100,8388608,1383,1381,0,688.014,687.98,-0.034,42,0,0,0,0,0,67970568,68098468,8,191436
20261103,128,packet-adaptive,20260926-183537-ws12-03-b128-f,20260926-183537-ws12-03-b128-a,1016,856,10000,103,8388608,1383,1378,0,1140.103,1250.162,110.059,4,0,222,0,254,0,67970568,68098468,8,191436
20261103,128,packet-adaptive,20260926-183537-ws12-03-b128-f,20260926-183537-ws12-03-b128-a,1124,844,10000,102,8388608,1411,1378,0,526.084,526.655,0.571,68,0,9,0,0,0,23489940,23634516,8,86692
20261103,128,packet-adaptive,20260926-183537-ws12-03-b128-f,20260926-183537-ws12-03-b128-a,1144,1016,10000,101,8388608,1411,1383,0,258.148,245.304,-12.844,123,0,0,0,4,0,23489940,23634516,8,86692
20261103,128,packet-adaptive,20260926-183537-ws12-03-b128-f,20260926-183537-ws12-03-b128-a,1180,176,10001,102,8388608,1412,1285,0,452.521,423.568,-28.953,94,0,0,0,0,0,22057168,22232184,8,141764
20261103,128,packet-adaptive,20260926-183537-ws12-03-b128-f,20260926-183537-ws12-03-b128-a,1180,764,10000,100,8388608,1412,1351,0,278.215,288.782,10.567,119,0,0,0,0,0,22057168,22232184,8,141764
20261103,128,packet-adaptive,20260926-183537-ws12-03-b128-f,20260926-183537-ws12-03-b128-a,1208,1000,10001,100,8388608,1413,1383,0,395.21,359.621,-35.589,102,0,0,0,3,0,22121824,22288360,8,117348
20261103,128,packet-adaptive,20260926-183537-ws12-03-b128-f,20260926-183537-ws12-03-b128-a,1208,1044,10000,100,8388608,1413,1408,1,366.548,560.436,193.888,58,0,2,0,10,0,22121824,22288360,8,117348
20261103,128,packet-adaptive,20260926-183537-ws12-03-b128-f,20260926-183537-ws12-03-b128-a,1248,28,10000,101,8388608,1415,1280,0,339.591,338.047,-1.544,116,0,0,0,0,0,39635252,39774472,8,149660
20261103,128,packet-adaptive,20260926-183537-ws12-03-b128-f,20260926-183537-ws12-03-b128-a,1268,340,10002,101,8388608,1415,1314,0,526.986,529.429,2.443,63,0,0,0,0,0,39635252,39774472,8,149660
20261103,128,packet-adaptive,20260926-183537-ws12-03-b128-f,20260926-183537-ws12-03-b128-a,1268,976,10000,100,8388608,1415,1382,0,508.662,502.009,-6.653,78,0,0,0,0,0,39635252,39774472,8,149660
20261103,128,packet-adaptive,20260926-183537-ws12-03-b128-f,20260926-183537-ws12-03-b128-a,1268,1000,10001,101,8388608,1415,1383,0,510.083,511.003,0.92,75,0,0,0,3,0,39635252,39774472,8,149660
20261103,128,packet-drill,20260926-183537-ws12-03-b128-f,20260926-183537-ws12-03-b128-d,28,924,10000,101,8388608,1280,1380,0,456.127,450.726,-5.401,88,0,3,0,0,0,13773484,13924148,8,120164
20261103,128,packet-drill,20260926-183537-ws12-03-b128-f,20260926-183537-ws12-03-b128-d,36,628,10001,100,8388608,1281,1347,0,352.55,351.054,-1.496,107,0,0,0,0,0,49452096,49575252,8,127000
20261103,128,packet-drill,20260926-183537-ws12-03-b128-f,20260926-183537-ws12-03-b128-d,36,1208,10000,100,8388608,1281,1413,0,353.028,350.852,-2.176,108,0,0,0,0,0,49452096,49575252,8,127000
20261103,128,packet-drill,20260926-183537-ws12-03-b128-f,20260926-183537-ws12-03-b128-d,56,576,10001,103,8388608,1281,1346,1,1185.761,1089.777,-95.984,9,0,278,0,270,0,49452096,49575252,8,127000
20261103,128,packet-drill,20260926-183537-ws12-03-b128-f,20260926-183537-ws12-03-b128-d,56,680,10000,101,8388608,1281,1349,0,768.574,907.397,138.823,16,0,65,0,69,0,49452096,49575252,8,127000
20261103,128,packet-drill,20260926-183537-ws12-03-b128-f,20260926-183537-ws12-03-b128-d,56,828,10002,100,8388608,1281,1377,0,395.79,373.069,-22.721,98,0,0,0,0,0,49452096,49575252,8,127000
20261103,128,packet-drill,20260926-183537-ws12-03-b128-f,20260926-183537-ws12-03-b128-d,112,336,10003,100,8388608,1283,1314,0,687.336,686.235,-1.101,43,0,0,0,0,0,40167844,40302428,8,170716
20261103,128,packet-drill,20260926-183537-ws12-03-b128-f,20260926-183537-ws12-03-b128-d,112,720,10002,100,8388608,1283,1350,0,687.268,686.523,-0.745,42,0,0,0,1,0,40167844,40302428,8,170716
20261103,128,packet-drill,20260926-183537-ws12-03-b128-f,20260926-183537-ws12-03-b128-d,112,956,10001,100,8388608,1283,1381,0,686.355,686.202,-0.153,44,0,0,0,0,0,40167844,40302428,8,170716
20261103,128,packet-drill,20260926-183537-ws12-03-b128-f,20260926-183537-ws12-03-b128-d,112,1016,10000,100,8388608,1283,1383,0,688.599,688.927,0.328,34,0,0,0,5,0,40167844,40302428,8,170716
20261103,128,packet-drill,20260926-183537-ws12-03-b128-f,20260926-183537-ws12-03-b128-d,128,356,10000,100,8388608,1284,1315,0,515.885,515.116,-0.769,76,0,3,0,0,0,39623960,39748972,8,108036
20261103,128,packet-drill,20260926-183537-ws12-03-b128-f,20260926-183537-ws12-03-b128-d,128,416,10001,101,8388608,1284,1317,1,515.146,515.612,0.466,74,0,0,0,0,0,39623960,39748972,8,108036
20261103,128,packet-drill,20260926-183537-ws12-03-b128-f,20260926-183537-ws12-03-b128-d,128,976,10002,101,8388608,1284,1382,0,512.607,515.204,2.597,75,0,0,0,0,0,39623960,39748972,8,108036
20261103,128,packet-drill,20260926-183537-ws12-03-b128-f,20260926-183537-ws12-03-b128-d,140,452,10000,100,8388608,1284,1318,0,351.03,341.346,-9.684,116,0,2,0,0,0,39623960,39748972,8,108036
20261103,128,packet-drill,20260926-183537-ws12-03-b128-f,20260926-183537-ws12-03-b128-d,176,308,10000,101,8388608,1285,1313,0,364.571,366.122,1.551,100,0,0,0,0,0,57660104,57737512,8,150444
20261103,128,packet-drill,20260926-183537-ws12-03-b128-f,20260926-183537-ws12-03-b128-d,176,856,10002,105,8388608,1285,1378,0,1167.174,1062.48,-104.694,11,0,222,0,310,0,57660104,57737512,8,150444
20261103,128,packet-drill,20260926-183537-ws12-03-b128-f,20260926-183537-ws12-03-b128-d,176,1040,10001,103,8388608,1285,1408,1,636.65,648.03,11.38,51,0,0,0,3,0,57660104,57737512,8,150444
20261103,128,packet-drill,20260926-183537-ws12-03-b128-f,20260926-183537-ws12-03-b128-d,188,36,10001,101,8388608,1285,1281,0,426.079,437.408,11.329,95,0,0,0,0,0,57660104,57737512,8,150444
20261103,128,packet-drill,20260926-183537-ws12-03-b128-f,20260926-183537-ws12-03-b128-d,188,740,10002,103,8388608,1285,1351,0,688.28,681.726,-6.554,48,0,1,0,0,0,57660104,57737512,8,150444
20261103,128,packet-drill,20260926-183537-ws12-03-b128-f,20260926-183537-ws12-03-b128-d,188,924,10000,102,8388608,1285,1380,0,462.2,456.881,-5.319,87,0,3,0,0,0,57660104,57737512,8,150444
20261103,128,packet-drill,20260926-183537-ws12-03-b128-f,20260926-183537-ws12-03-b128-d,248,188,10001,100,8388608,1287,1285,0,504.214,502.429,-1.785,80,0,0,0,0,0,30356956,30502520,8,220456
20261103,128,packet-drill,20260926-183537-ws12-03-b128-f,20260926-183537-ws12-03-b128-d,248,380,10002,101,8388608,1287,1315,0,505.568,504.333,-1.235,78,0,0,0,0,0,30356956,30502520,8,220456
20261103,128,packet-drill,20260926-183537-ws12-03-b128-f,20260926-183537-ws12-03-b128-d,248,748,10000,100,8388608,1287,1351,0,505.624,502.849,-2.775,79,0,7,0,0,0,30356956,30502520,8,220456
20261103,128,packet-drill,20260926-183537-ws12-03-b128-f,20260926-183537-ws12-03-b128-d,284,1124,10001,100,8388608,1312,1411,0,371.933,536.514,164.581,60,0,1,0,10,0,22145568,22311988,8,88932
20261103,128,packet-drill,20260926-183537-ws12-03-b128-f,20260926-183537-ws12-03-b128-d,284,1268,10000,100,8388608,1312,1415,0,331.292,236.066,-95.226,125,0,0,0,0,0,22145568,22311988,8,88932
20261103,128,packet-drill,20260926-183537-ws12-03-b128-f,20260926-183537-ws12-03-b128-d,308,576,10001,102,8388608,1313,1346,1,1256.446,1088.544,-167.902,10,0,278,0,270,0,40181328,40354436,8,220304
20261103,128,packet-drill,20260926-183537-ws12-03-b128-f,20260926-183537-ws12-03-b128-d,308,648,10003,103,8388608,1313,1348,1,708.381,705.241,-3.14,30,0,7,0,0,0,40181328,40354436,8,220304
20261103,128,packet-drill,20260926-183537-ws12-03-b128-f,20260926-183537-ws12-03-b128-d,308,844,10002,101,8388608,1313,1378,0,537.129,534.926,-2.203,61,0,9,0,0,0,40181328,40354436,8,220304
20261103,128,packet-drill,20260926-183537-ws12-03-b128-f,20260926-183537-ws12-03-b128-d,308,1040,10000,102,8388608,1313,1408,1,640.676,652.316,11.64,49,0,0,0,3,0,40181328,40354436,8,220304
20261103,128,packet-drill,20260926-183537-ws12-03-b128-f,20260926-183537-ws12-03-b128-d,332,192,10000,100,8388608,1314,1286,0,575.602,443.089,-132.513,92,0,7,0,0,0,59632488,59708980,8,200364
20261103,128,packet-drill,20260926-183537-ws12-03-b128-f,20260926-183537-ws12-03-b128-d,336,400,10001,101,8388608,1314,1316,1,746.238,756.656,10.418,29,0,147,0,67,0,59632488,59708980,8,200364
20261103,128,packet-drill,20260926-183537-ws12-03-b128-f,20260926-183537-ws12-03-b128-d,336,680,10000,100,8388608,1314,1349,0,744.02,759.588,15.568,28,0,65,0,69,0,59632488,59708980,8,200364
20261103,128,packet-drill,20260926-183537-ws12-03-b128-f,20260926-183537-ws12-03-b128-d,340,680,10002,103,8388608,1314,1349,0,561.385,1010.402,449.017,13,0,65,0,69,0,59632488,59708980,8,200364
20261103,128,packet-drill,20260926-183537-ws12-03-b128-f,20260926-183537-ws12-03-b128-d,340,748,10001,102,8388608,1314,1351,0,639.837,461.374,-178.463,85,0,7,0,0,0,59632488,59708980,8,200364
20261103,128,packet-drill,20260926-183537-ws12-03-b128-f,20260926-183537-ws12-03-b128-d,340,924,10000,100,8388608,1314,1380,0,615.465,530.129,-85.336,64,0,3,0,0,0,59632488,59708980,8,200364
20261103,128,packet-drill,20260926-183537-ws12-03-b128-f,20260926-183537-ws12-03-b128-d,356,332,10003,103,8388608,1315,1314,0,726.669,697.16,-29.509,33,0,39,0,39,0,66932076,67031920,8,156276
20261103,128,packet-drill,20260926-183537-ws12-03-b128-f,20260926-183537-ws12-03-b128-d,356,436,10002,100,8388608,1315,1317,1,403.16,412.24,9.08,96,0,0,0,0,0,66932076,67031920,8,156276
20261103,128,packet-drill,20260926-183537-ws12-03-b128-f,20260926-183537-ws12-03-b128-d,356,856,10000,101,8388608,1315,1378,0,1055.347,1454.724,399.377,1,1,222,0,310,0,66932076,67031920,8,156276
20261103,128,packet-drill,20260926-183537-ws12-03-b128-f,20260926-183537-ws12-03-b128-d,356,1040,10001,100,8388608,1315,1408,1,688.962,682.673,-6.289,46,0,0,0,3,0,66932076,67031920,8,156276
20261103,128,packet-drill,20260926-183537-ws12-03-b128-f,20260926-183537-ws12-03-b128-d,372,284,10001,100,8388608,1315,1312,0,344.663,343.951,-0.712,115,0,0,0,0,0,66932076,67031920,8,156276
20261103,128,packet-drill,20260926-183537-ws12-03-b128-f,20260926-183537-ws12-03-b128-d,372,308,10000,100,8388608,1315,1313,0,344.66,344.955,0.295,113,0,0,0,0,0,66932076,67031920,8,156276
20261103,128,packet-drill,20260926-183537-ws12-03-b128-f,20260926-183537-ws12-03-b128-d,380,400,10000,103,8388608,1315,1316,1,879.801,839.991,-39.81,26,0,147,0,67,0,66932076,67031920,8,156276
20261103,128,packet-drill,20260926-183537-ws12-03-b128-f,20260926-183537-ws12-03-b128-d,388,628,10000,101,8388608,1316,1347,0,334.222,331.307,-2.915,117,0,0,0,0,0,59628724,59709408,8,248724
20261103,128,packet-drill,20260926-183537-ws12-03-b128-f,20260926-183537-ws12-03-b128-d,388,1044,10001,101,8388608,1316,1408,1,431.585,556.797,125.212,58,0,2,0,13,0,59628724,59709408,8,248724
20261103,128,packet-drill,20260926-183537-ws12-03-b128-f,20260926-183537-ws12-03-b128-d,400,332,10000,100,8388608,1316,1314,0,654.32,627.352,-26.968,52,0,39,0,39,0,59628724,59709408,8,248724
20261103,128,packet-drill,20260926-183537-ws12-03-b128-f,20260926-183537-ws12-03-b128-d,400,740,10001,102,8388608,1316,1351,0,684.421,682.059,-2.362,47,0,1,0,0,0,59628724,59709408,8,248724
20261103,128,packet-drill,20260926-183537-ws12-03-b128-f,20260926-183537-ws12-03-b128-d,404,112,10001,101,8388608,1316,1283,0,360.565,357.693,-2.872,102,0,2,0,0,0,59628724,59709408,8,248724
20261103,128,packet-drill,20260926-183537-ws12-03-b128-f,20260926-183537-ws12-03-b128-d,404,332,10000,102,8388608,1316,1314,0,649.559,797.428,147.869,27,0,39,0,39,0,59628724,59709408,8,248724
20261103,128,packet-drill,20260926-183537-ws12-03-b128-f,20260926-183537-ws12-03-b128-d,416,128,10002,100,8388608,1317,1284,1,467.417,525.608,58.191,68,0,0,0,0,0,49406260,49511600,8,230692
20261103,128,packet-drill,20260926-183537-ws12-03-b128-f,20260926-183537-ws12-03-b128-d,416,772,10000,100,8388608,1317,1376,0,580.841,521.557,-59.284,73,0,2,0,0,0,49406260,49511600,8,230692
20261103,128,packet-drill,20260926-183537-ws12-03-b128-f,20260926-183537-ws12-03-b128-d,416,776,10001,101,8388608,1317,1376,0,466.887,525.929,59.042,67,0,0,0,0,0,49406260,49511600,8,230692
20261103,128,packet-drill,20260926-183537-ws12-03-b128-f,20260926-183537-ws12-03-b128-d,436,112,10001,100,8388608,1317,1283,0,362.596,357.221,-5.375,103,0,2,0,0,0,49406260,49511600,8,230692
20261103,128,packet-drill,20260926-183537-ws12-03-b128-f,20260926-183537-ws12-03-b128-d,436,332,10000,101,8388608,1317,1314,0,718.53,584.006,-134.524,55,0,39,0,39,0,49406260,49511600,8,230692
20261103,128,packet-drill,20260926-183537-ws12-03-b128-f,20260926-183537-ws12-03-b128-d,452,400,10000,102,8388608,1318,1316,1,911.833,445.188,-466.645,90,0,147,0,67,0,13782172,13944708,8,141516
20261103,128,packet-drill,20260926-183537-ws12-03-b128-f,20260926-183537-ws12-03-b128-d,540,176,10000,100,8388608,1344,1285,0,451.712,438.284,-13.428,94,0,0,0,0,0,22086804,22263104,8,143132
20261103,128,packet-drill,20260926-183537-ws12-03-b128-f,20260926-183537-ws12-03-b128-d,540,1144,10001,101,8388608,1344,1411,0,463.641,541.471,77.83,59,0,1,0,2,0,22086804,22263104,8,143132
20261103,128,packet-drill,20260926-183537-ws12-03-b128-f,20260926-183537-ws12-03-b128-d,576,740,10000,101,8388608,1346,1351,0,597.413,590.478,-6.935,54,0,1,0,0,0,42160592,42297520,8,149540
20261103,128,packet-drill,20260926-183537-ws12-03-b128-f,20260926-183537-ws12-03-b128-d,584,388,10001,101,8388608,1346,1316,1,500.892,501.101,0.209,81,0,0,0,0,0,42160592,42297520,8,149540
20261103,128,packet-drill,20260926-183537-ws12-03-b128-f,20260926-183537-ws12-03-b128-d,584,404,10002,100,8388608,1346,1316,1,502.484,498.878,-3.606,82,0,0,0,0,0,42160592,42297520,8,149540
20261103,128,packet-drill,20260926-183537-ws12-03-b128-f,20260926-183537-ws12-03-b128-d,584,844,10000,100,8388608,1346,1378,0,527.915,529.304,1.389,66,0,9,0,0,0,42160592,42297520,8,149540
20261103,128,packet-drill,20260926-183537-ws12-03-b128-f,20260926-183537-ws12-03-b128-d,612,28,10000,100,8388608,1347,1280,0,362.472,465.129,102.657,84,0,0,0,0,0,66350964,66399924,8,144632
20261103,128,packet-drill,20260926-183537-ws12-03-b128-f,20260926-183537-ws12-03-b128-d,612,56,10001,101,8388608,1347,1281,0,436.841,479.276,42.435,83,0,6,0,3,0,66350964,66399924,8,144632
20261103,128,packet-drill,20260926-183537-ws12-03-b128-f,20260926-183537-ws12-03-b128-d,612,680,10002,104,8388608,1347,1349,0,867.434,574.202,-293.232,56,0,65,0,69,0,66350964,66399924,8,144632
20261103,128,packet-drill,20260926-183537-ws12-03-b128-f,20260926-183537-ws12-03-b128-d,620,56,10000,100,8388608,1347,1281,0,480.424,344.146,-136.278,114,0,6,0,3,0,66350964,66399924,8,144632
20261103,128,packet-drill,20260926-183537-ws12-03-b128-f,20260926-183537-ws12-03-b128-d,628,856,10000,100,8388608,1347,1378,0,1078.586,1116.676,38.09,8,0,222,0,310,0,66350964,66399924,8,144632
20261103,128,packet-drill,20260926-183537-ws12-03-b128-f,20260926-183537-ws12-03-b128-d,636,380,10000,100,8388608,1347,1315,0,352.176,349.908,-2.268,110,0,0,0,0,0,66350964,66399924,8,144632
20261103,128,packet-drill,20260926-183537-ws12-03-b128-f,20260926-183537-ws12-03-b128-d,636,952,10001,101,8388608,1347,1381,0,349.655,350.336,0.681,109,0,0,0,0,0,66350964,66399924,8,144632
20261103,128,packet-drill,20260926-183537-ws12-03-b128-f,20260926-183537-ws12-03-b128-d,648,636,10000,100,8388608,1348,1347,0,872.392,872.492,0.1,25,0,3,0,0,0,66986660,67110760,8,241144
20261103,128,packet-drill,20260926-183537-ws12-03-b128-f,20260926-183537-ws12-03-b128-d,648,764,10002,101,8388608,1348,1351,0,872.418,872.518,0.1,24,0,0,0,0,0,66986660,67110760,8,241144
20261103,128,packet-drill,20260926-183537-ws12-03-b128-f,20260926-183537-ws12-03-b128-d,648,772,10001,101,8388608,1348,1376,0,872.833,872.952,0.119,23,0,2,0,0,0,66986660,67110760,8,241144
20261103,128,packet-drill,20260926-183537-ws12-03-b128-f,20260926-183537-ws12-03-b128-d,648,828,10003,101,8388608,1348,1377,0,873.027,872.959,-0.068,22,0,0,0,0,0,66986660,67110760,8,241144
20261103,128,packet-drill,20260926-183537-ws12-03-b128-f,20260926-183537-ws12-03-b128-d,648,1144,10004,102,8388608,1348,1411,0,872.879,872.972,0.093,21,0,1,0,2,0,66986660,67110760,8,241144
20261103,128,packet-drill,20260926-183537-ws12-03-b128-f,20260926-183537-ws12-03-b128-d,656,356,10000,101,8388608,1348,1315,0,320.399,317.903,-2.496,119,0,3,0,0,0,66986660,67110760,8,241144
20261103,128,packet-drill,20260926-183537-ws12-03-b128-f,20260926-183537-ws12-03-b128-d,656,788,10001,101,8388608,1348,1376,0,360.242,359.848,-0.394,101,0,0,0,0,0,66986660,67110760,8,241144
20261103,128,packet-drill,20260926-183537-ws12-03-b128-f,20260926-183537-ws12-03-b128-d,720,1144,10000,100,8388608,1350,1411,0,359.735,318.903,-40.832,118,0,1,0,2,0,13807996,13985440,8,135260
20261103,128,packet-drill,20260926-183537-ws12-03-b128-f,20260926-183537-ws12-03-b128-d,740,720,10000,101,8388608,1351,1350,0,294.053,345.022,50.969,112,0,0,0,1,0,68948644,69038392,8,158672
20261103,128,packet-drill,20260926-183537-ws12-03-b128-f,20260926-183537-ws12-03-b128-d,740,856,10001,104,8388608,1351,1378,0,701.622,1221.357,519.735,5,0,222,0,310,0,68948644,69038392,8,158672
20261103,128,packet-drill,20260926-183537-ws12-03-b128-f,20260926-183537-ws12-03-b128-d,748,340,10000,102,8388608,1351,1314,0,525.212,523.736,-1.476,72,0,0,0,0,0,68948644,69038392,8,158672
20261103,128,packet-drill,20260926-183537-ws12-03-b128-f,20260926-183537-ws12-03-b128-d,748,576,10001,105,8388608,1351,1346,1,1085.24,1133.867,48.627,7,0,278,0,270,0,68948644,69038392,8,158672
20261103,128,packet-drill,20260926-183537-ws12-03-b128-f,20260926-183537-ws12-03-b128-d,764,140,10000,100,8388608,1351,1284,1,448.413,444.108,-4.305,91,0,0,0,0,0,68948644,69038392,8,158672
20261103,128,packet-drill,20260926-183537-ws12-03-b128-f,20260926-183537-ws12-03-b128-d,764,340,10002,100,8388608,1351,1314,0,527.586,524.47,-3.116,71,0,0,0,0,0,68948644,69038392,8,158672
20261103,128,packet-drill,20260926-183537-ws12-03-b128-f,20260926-183537-ws12-03-b128-d,764,648,10001,100,8388608,1351,1348,1,611.785,618.729,6.944,53,0,7,0,0,0,68948644,69038392,8,158672
20261103,128,packet-drill,20260926-183537-ws12-03-b128-f,20260926-183537-ws12-03-b128-d,772,176,10001,101,8388608,1376,1285,0,818.437,884.522,66.085,20,0,0,0,0,0,93830268,93931104,8,192640
20261103,128,packet-drill,20260926-183537-ws12-03-b128-f,20260926-183537-ws12-03-b128-d,772,400,10003,104,8388608,1376,1316,1,1150.02,1046.563,-103.457,12,0,147,0,67,0,93830268,93931104,8,192640
20261103,128,packet-drill,20260926-183537-ws12-03-b128-f,20260926-183537-ws12-03-b128-d,772,416,10004,102,8388608,1376,1317,1,818.476,884.559,66.083,19,0,0,0,0,0,93830268,93931104,8,192640
20261103,128,packet-drill,20260926-183537-ws12-03-b128-f,20260926-183537-ws12-03-b128-d,772,576,10002,104,8388608,1376,1346,1,1235.211,1359.293,124.082,2,1,278,0,270,0,93830268,93931104,8,192640
20261103,128,packet-drill,20260926-183537-ws12-03-b128-f,20260926-183537-ws12-03-b128-d,772,680,10000,102,8388608,1376,1349,0,1000.125,884.586,-115.539,18,0,65,0,69,0,93830268,93931104,8,192640
20261103,128,packet-drill,20260926-183537-ws12-03-b128-f,20260926-183537-ws12-03-b128-d,772,1124,10005,101,8388608,1376,1411,0,819.638,885.2,65.562,17,0,1,0,10,0,93830268,93931104,8,192640
20261103,128,packet-drill,20260926-183537-ws12-03-b128-f,20260926-183537-ws12-03-b128-d,776,1040,10000,101,8388608,1376,1408,1,637.703,650.623,12.92,50,0,0,0,3,0,93830268,93931104,8,192640
20261103,128,packet-drill,20260926-183537-ws12-03-b128-f,20260926-183537-ws12-03-b128-d,776,1248,10001,100,8388608,1376,1415,0,251.072,241.374,-9.698,124,0,0,0,0,0,93830268,93931104,8,192640
20261103,128,packet-drill,20260926-183537-ws12-03-b128-f,20260926-183537-ws12-03-b128-d,788,740,10000,100,8388608,1376,1351,0,687.52,683.708,-3.812,45,0,1,0,0,0,93830268,93931104,8,192640
20261103,128,packet-drill,20260926-183537-ws12-03-b128-f,20260926-183537-ws12-03-b128-d,788,776,10002,100,8388608,1376,1376,0,454.121,450.523,-3.598,89,0,0,0,0,0,93830268,93931104,8,192640
20261103,128,packet-drill,20260926-183537-ws12-03-b128-f,20260926-183537-ws12-03-b128-d,788,992,10001,101,8388608,1376,1383,0,458.457,460.855,2.398,86,0,4,0,3,0,93830268,93931104,8,192640
20261103,128,packet-drill,20260926-183537-ws12-03-b128-f,20260926-183537-ws12-03-b128-d,828,540,10000,100,8388608,1377,1344,0,187.769,187.788,0.019,126,0,0,0,0,0,13809108,13950612,8,129060
20261103,128,packet-drill,20260926-183537-ws12-03-b128-f,20260926-183537-ws12-03-b128-d,844,416,10000,100,8388608,1378,1317,1,531.321,532.325,1.004,63,0,0,0,0,0,78302724,78421208,8,322684
20261103,128,packet-drill,20260926-183537-ws12-03-b128-f,20260926-183537-ws12-03-b128-d,844,992,10001,102,8388608,1378,1383,0,531.46,534.817,3.357,62,0,4,0,3,0,78302724,78421208,8,322684
20261103,128,packet-drill,20260926-183537-ws12-03-b128-f,20260926-183537-ws12-03-b128-d,844,1180,10002,100,8388608,1378,1412,0,526.981,529.941,2.96,65,0,0,0,0,0,78302724,78421208,8,322684
20261103,128,packet-drill,20260926-183537-ws12-03-b128-f,20260926-183537-ws12-03-b128-d,856,372,10004,100,8388608,1378,1315,0,656.374,687.054,30.68,39,0,0,0,0,0,78302724,78421208,8,322684
20261103,128,packet-drill,20260926-183537-ws12-03-b128-f,20260926-183537-ws12-03-b128-d,856,400,10001,100,8388608,1378,1316,1,1165.409,913.157,-252.252,15,0,147,0,67,0,78302724,78421208,8,322684
20261103,128,packet-drill,20260926-183537-ws12-03-b128-f,20260926-183537-ws12-03-b128-d,856,576,10002,101,8388608,1378,1346,1,1239.828,1277.918,38.09,4,0,278,0,270,0,78302724,78421208,8,322684
20261103,128,packet-drill,20260926-183537-ws12-03-b128-f,20260926-183537-ws12-03-b128-d,856,748,10003,101,8388608,1378,1351,0,661.061,687.033,25.972,40,0,7,0,0,0,78302724,78421208,8,322684
20261103,128,packet-drill,20260926-183537-ws12-03-b128-f,20260926-183537-ws12-03-b128-d,856,992,10000,100,8388608,1378,1383,0,660.732,686.553,25.821,41,0,4,0,3,0,78302724,78421208,8,322684
20261103,128,packet-drill,20260926-183537-ws12-03-b128-f,20260926-183537-ws12-03-b128-d,924,648,10000,101,8388608,1380,1348,1,696.779,703.541,6.762,32,0,7,0,0,0,23094424,23197548,8,207576
20261103,128,packet-drill,20260926-183537-ws12-03-b128-f,20260926-183537-ws12-03-b128-d,924,856,10001,102,8388608,1380,1378,0,964.896,1172.513,207.617,6,0,222,0,310,0,23094424,23197548,8,207576
20261103,128,packet-drill,20260926-183537-ws12-03-b128-f,20260926-183537-ws12-03-b128-d,932,576,10001,100,8388608,1381,1346,1,846.532,931.757,85.225,14,0,278,0,270,0,48379492,48449240,8,151816
20261103,128,packet-drill,20260926-183537-ws12-03-b128-f,20260926-183537-ws12-03-b128-d,932,620,10002,100,8388608,1381,1347,0,326.19,274.261,-51.929,122,0,0,0,0,0,48379492,48449240,8,151816
20261103,128,packet-drill,20260926-183537-ws12-03-b128-f,20260926-183537-ws12-03-b128-d,932,648,10000,102,8388608,1381,1348,1,698.984,704.318,5.334,31,0,7,0,0,0,48379492,48449240,8,151816
20261103,128,packet-drill,20260926-183537-ws12-03-b128-f,20260926-183537-ws12-03-b128-d,952,452,10001,101,8388608,1381,1318,0,353.451,351.893,-1.558,106,0,2,0,0,0,48379492,48449240,8,151816
20261103,128,packet-drill,20260926-183537-ws12-03-b128-f,20260926-183537-ws12-03-b128-d,952,788,10000,100,8388608,1381,1376,0,353.414,348.331,-5.083,111,0,0,0,0,0,48379492,48449240,8,151816
20261103,128,packet-drill,20260926-183537-ws12-03-b128-f,20260926-183537-ws12-03-b128-d,956,932,10000,100,8388608,1381,1381,0,176.12,176.148,0.028,128,0,0,0,0,0,48379492,48449240,8,151816
20261103,128,packet-drill,20260926-183537-ws12-03-b128-f,20260926-183537-ws12-03-b128-d,976,908,10000,100,8388608,1382,1380,0,548.61,182.71,-365.9,127,0,6,0,0,0,13822052,13996204,8,167660
20261103,128,packet-drill,20260926-183537-ws12-03-b128-f,20260926-183537-ws12-03-b128-d,992,388,10000,100,8388608,1383,1316,1,358.127,356.297,-1.83,104,0,0,0,0,0,67970568,68067412,8,261360
20261103,128,packet-drill,20260926-183537-ws12-03-b128-f,20260926-183537-ws12-03-b128-d,992,636,10001,101,8388608,1383,1347,0,359.085,354.691,-4.394,105,0,3,0,0,0,67970568,68067412,8,261360
20261103,128,packet-drill,20260926-183537-ws12-03-b128-f,20260926-183537-ws12-03-b128-d,1000,36,10000,100,8388608,1383,1281,0,687.964,688.362,0.398,36,0,0,0,0,0,67970568,68067412,8,261360
20261103,128,packet-drill,20260926-183537-ws12-03-b128-f,20260926-183537-ws12-03-b128-d,1000,584,10001,100,8388608,1383,1346,1,687.975,688.436,0.461,35,0,0,0,0,0,67970568,68067412,8,261360
20261103,128,packet-drill,20260926-183537-ws12-03-b128-f,20260926-183537-ws12-03-b128-d,1000,772,10003,102,8388608,1383,1376,0,687.587,687.99,0.403,37,0,2,0,0,0,67970568,68067412,8,261360
20261103,128,packet-drill,20260926-183537-ws12-03-b128-f,20260926-183537-ws12-03-b128-d,1000,952,10002,100,8388608,1383,1381,0,688.014,687.967,-0.047,38,0,0,0,0,0,67970568,68067412,8,261360
20261103,128,packet-drill,20260926-183537-ws12-03-b128-f,20260926-183537-ws12-03-b128-d,1016,856,10000,103,8388608,1383,1378,0,1140.103,1300.283,160.18,3,0,222,0,310,0,67970568,68067412,8,261360
20261103,128,packet-drill,20260926-183537-ws12-03-b128-f,20260926-183537-ws12-03-b128-d,1124,844,10000,102,8388608,1411,1378,0,526.084,525.429,-0.655,69,0,9,0,0,0,23489940,23600836,8,115680
20261103,128,packet-drill,20260926-183537-ws12-03-b128-f,20260926-183537-ws12-03-b128-d,1144,1016,10000,101,8388608,1411,1383,0,258.148,259.454,1.306,123,0,0,0,5,0,23489940,23600836,8,115680
20261103,128,packet-drill,20260926-183537-ws12-03-b128-f,20260926-183537-ws12-03-b128-d,1180,176,10001,102,8388608,1412,1285,0,452.521,439.823,-12.698,93,0,0,0,0,0,22057168,22206840,8,159476
20261103,128,packet-drill,20260926-183537-ws12-03-b128-f,20260926-183537-ws12-03-b128-d,1180,764,10000,100,8388608,1412,1351,0,278.215,281.567,3.352,120,0,0,0,0,0,22057168,22206840,8,159476
20261103,128,packet-drill,20260926-183537-ws12-03-b128-f,20260926-183537-ws12-03-b128-d,1208,1000,10001,100,8388608,1413,1383,0,395.21,370.494,-24.716,99,0,0,0,5,0,22121824,22264720,8,142776
20261103,128,packet-drill,20260926-183537-ws12-03-b128-f,20260926-183537-ws12-03-b128-d,1208,1044,10000,100,8388608,1413,1408,1,366.548,510.842,144.294,77,0,2,0,13,0,22121824,22264720,8,142776
20261103,128,packet-drill,20260926-183537-ws12-03-b128-f,20260926-183537-ws12-03-b128-d,1248,28,10000,101,8388608,1415,1280,0,339.591,275.223,-64.368,121,0,0,0,0,0,39635252,39781416,8,157772
20261103,128,packet-drill,20260926-183537-ws12-03-b128-f,20260926-183537-ws12-03-b128-d,1268,340,10002,101,8388608,1415,1314,0,526.986,524.659,-2.327,70,0,0,0,0,0,39635252,39781416,8,157772
20261103,128,packet-drill,20260926-183537-ws12-03-b128-f,20260926-183537-ws12-03-b128-d,1268,976,10000,100,8388608,1415,1382,0,508.662,408.163,-100.499,97,0,0,0,0,0,39635252,39781416,8,157772
20261103,128,packet-drill,20260926-183537-ws12-03-b128-f,20260926-183537-ws12-03-b128-d,1268,1000,10001,101,8388608,1415,1383,0,510.083,560.642,50.559,57,0,0,0,5,0,39635252,39781416,8,157772
