stage,evidence_role,experiment_id,source_sha,seed,mode,trace_sha256,topology_sha256,metadata,trace_snapshot,topology_snapshot,fct_raw,fct_sha256,analysis_script
WS-10,preregistered_formal,20260926-053459-ws10-20261001-b0-p,aa778ac523bc0319999395dd3cf8085b41e73a98,1,dualtrack,ac283ff8e177f85fa43747cc6ba837af3823906d80dbc96a8cbb2afc575c5ee5,74a6f7154ca10c3cd6dfd45046c4f8abf0ce27faa8ad11446b6a52920b83afba,results/20260926-053459-ws10-20261001-b0-p/metadata.json,results/20260926-053459-ws10-20261001-b0-p/config/traffic_trace.txt,results/20260926-053459-ws10-20261001-b0-p/config/topology.txt,results/20260926-053459-ws10-20261001-b0-p/raw/436175561/436175561_out_fct.txt,4c73e773d6a7150ee4183cef57d7b0d554d18d0bdee44af35fb71272b3c480be,scripts/verify_ws10_formal.py
WS-10,preregistered_formal,20260926-052600-ws10-20261001-b0-f,aa778ac523bc0319999395dd3cf8085b41e73a98,1,fecmp,ac283ff8e177f85fa43747cc6ba837af3823906d80dbc96a8cbb2afc575c5ee5,74a6f7154ca10c3cd6dfd45046c4f8abf0ce27faa8ad11446b6a52920b83afba,results/20260926-052600-ws10-20261001-b0-f/metadata.json,results/20260926-052600-ws10-20261001-b0-f/config/traffic_trace.txt,results/20260926-052600-ws10-20261001-b0-f/config/topology.txt,results/20260926-052600-ws10-20261001-b0-f/raw/448459322/448459322_out_fct.txt,fbe21f297ce8ffb1ae2a422c51bf181e7849946204d366b5d542f8e4a3399adc,scripts/verify_ws10_formal.py
WS-10,preregistered_formal,20260926-054357-ws10-20261001-b2-p,aa778ac523bc0319999395dd3cf8085b41e73a98,1,dualtrack,b3a181c5a7ffab43327954526df4c8de60bcb37d2f04a60290d6e42d4fd43050,74a6f7154ca10c3cd6dfd45046c4f8abf0ce27faa8ad11446b6a52920b83afba,results/20260926-054357-ws10-20261001-b2-p/metadata.json,results/20260926-054357-ws10-20261001-b2-p/config/traffic_trace.txt,results/20260926-054357-ws10-20261001-b2-p/config/topology.txt,results/20260926-054357-ws10-20261001-b2-p/raw/228700365/228700365_out_fct.txt,6c600981460182c74f90f92a5e19044dc31eddc50207de6f1bb99cf039e65f3e,scripts/verify_ws10_formal.py
WS-10,preregistered_formal,20260926-055256-ws10-20261001-b2-f,aa778ac523bc0319999395dd3cf8085b41e73a98,1,fecmp,b3a181c5a7ffab43327954526df4c8de60bcb37d2f04a60290d6e42d4fd43050,74a6f7154ca10c3cd6dfd45046c4f8abf0ce27faa8ad11446b6a52920b83afba,results/20260926-055256-ws10-20261001-b2-f/metadata.json,results/20260926-055256-ws10-20261001-b2-f/config/traffic_trace.txt,results/20260926-055256-ws10-20261001-b2-f/config/topology.txt,results/20260926-055256-ws10-20261001-b2-f/raw/50786711/50786711_out_fct.txt,8aacbb8291d9618ef3bb7ecf0ebef1da522b6952f11e33cc8d136bca1e2908f0,scripts/verify_ws10_formal.py
WS-10,preregistered_formal,20260926-061037-ws10-20261001-b4-p,aa778ac523bc0319999395dd3cf8085b41e73a98,1,dualtrack,5b87dba832e2ae14666c18baf140274a799ed59469486f980cd30130d9fd5ae2,74a6f7154ca10c3cd6dfd45046c4f8abf0ce27faa8ad11446b6a52920b83afba,results/20260926-061037-ws10-20261001-b4-p/metadata.json,results/20260926-061037-ws10-20261001-b4-p/config/traffic_trace.txt,results/20260926-061037-ws10-20261001-b4-p/config/topology.txt,results/20260926-061037-ws10-20261001-b4-p/raw/647888845/647888845_out_fct.txt,bd2fe4c85d5b25dc0bcc657ca93ed7ceb981eaddd7409934748669145aad2931,scripts/verify_ws10_formal.py
WS-10,preregistered_formal,20260926-060154-ws10-20261001-b4-f,aa778ac523bc0319999395dd3cf8085b41e73a98,1,fecmp,5b87dba832e2ae14666c18baf140274a799ed59469486f980cd30130d9fd5ae2,74a6f7154ca10c3cd6dfd45046c4f8abf0ce27faa8ad11446b6a52920b83afba,results/20260926-060154-ws10-20261001-b4-f/metadata.json,results/20260926-060154-ws10-20261001-b4-f/config/traffic_trace.txt,results/20260926-060154-ws10-20261001-b4-f/config/topology.txt,results/20260926-060154-ws10-20261001-b4-f/raw/979204405/979204405_out_fct.txt,e33575ca19c1821ff958886995cf66b2da287a0c368394981f9d505e6bc40593,scripts/verify_ws10_formal.py
WS-10,preregistered_formal,20260926-062834-ws10-20261002-b0-p,aa778ac523bc0319999395dd3cf8085b41e73a98,1,dualtrack,2ebd1d1f2ff87e4501977118f0ff5c1411e4f6cb6bfe8fb697cb9d836be03cf4,74a6f7154ca10c3cd6dfd45046c4f8abf0ce27faa8ad11446b6a52920b83afba,results/20260926-062834-ws10-20261002-b0-p/metadata.json,results/20260926-062834-ws10-20261002-b0-p/config/traffic_trace.txt,results/20260926-062834-ws10-20261002-b0-p/config/topology.txt,results/20260926-062834-ws10-20261002-b0-p/raw/344039684/344039684_out_fct.txt,b727681c2f4a0d8b321d176a5a0def00b7e74e647d9e915cb27b66728addaa48,scripts/verify_ws10_formal.py
WS-10,preregistered_formal,20260926-061936-ws10-20261002-b0-f,aa778ac523bc0319999395dd3cf8085b41e73a98,1,fecmp,2ebd1d1f2ff87e4501977118f0ff5c1411e4f6cb6bfe8fb697cb9d836be03cf4,74a6f7154ca10c3cd6dfd45046c4f8abf0ce27faa8ad11446b6a52920b83afba,results/20260926-061936-ws10-20261002-b0-f/metadata.json,results/20260926-061936-ws10-20261002-b0-f/config/traffic_trace.txt,results/20260926-061936-ws10-20261002-b0-f/config/topology.txt,results/20260926-061936-ws10-20261002-b0-f/raw/597589640/597589640_out_fct.txt,fa422b47f734ce8093cc6d141e1365dbf604efe4c222a06dc161c508b4ea623f,scripts/verify_ws10_formal.py
WS-10,preregistered_formal,20260926-063734-ws10-20261002-b2-p,aa778ac523bc0319999395dd3cf8085b41e73a98,1,dualtrack,2886c7107628337a2666ee1c0509924f010de7a7357059ffafc0041f639a107f,74a6f7154ca10c3cd6dfd45046c4f8abf0ce27faa8ad11446b6a52920b83afba,results/20260926-063734-ws10-20261002-b2-p/metadata.json,results/20260926-063734-ws10-20261002-b2-p/config/traffic_trace.txt,results/20260926-063734-ws10-20261002-b2-p/config/topology.txt,results/20260926-063734-ws10-20261002-b2-p/raw/879653787/879653787_out_fct.txt,4107482baf134a803ecc52a0b0842313f4be10404c506ddf5b9d53661fc8fea9,scripts/verify_ws10_formal.py
WS-10,preregistered_formal,20260926-064616-ws10-20261002-b2-f,aa778ac523bc0319999395dd3cf8085b41e73a98,1,fecmp,2886c7107628337a2666ee1c0509924f010de7a7357059ffafc0041f639a107f,74a6f7154ca10c3cd6dfd45046c4f8abf0ce27faa8ad11446b6a52920b83afba,results/20260926-064616-ws10-20261002-b2-f/metadata.json,results/20260926-064616-ws10-20261002-b2-f/config/traffic_trace.txt,results/20260926-064616-ws10-20261002-b2-f/config/topology.txt,results/20260926-064616-ws10-20261002-b2-f/raw/952952269/952952269_out_fct.txt,e3ae7448e5f1204b22bb271b5ca99441a46c343313dac5d5a5fdac64601a36f8,scripts/verify_ws10_formal.py
WS-10,preregistered_formal,20260926-071440-ws10-20261002-b4-p,aa778ac523bc0319999395dd3cf8085b41e73a98,1,dualtrack,4f3ea3b38f58ebb28eb7204d7fdb64325461f0703fb33ae6e8c21b90b34edef6,74a6f7154ca10c3cd6dfd45046c4f8abf0ce27faa8ad11446b6a52920b83afba,results/20260926-071440-ws10-20261002-b4-p/metadata.json,results/20260926-071440-ws10-20261002-b4-p/config/traffic_trace.txt,results/20260926-071440-ws10-20261002-b4-p/config/topology.txt,results/20260926-071440-ws10-20261002-b4-p/raw/203893476/203893476_out_fct.txt,de0eb2ee4286721916eb712f58377bb870d7d0103fcb0ad36d2d9213fcee4c80,scripts/verify_ws10_formal.py
WS-10,preregistered_formal,20260926-065516-ws10-20261002-b4-f,aa778ac523bc0319999395dd3cf8085b41e73a98,1,fecmp,4f3ea3b38f58ebb28eb7204d7fdb64325461f0703fb33ae6e8c21b90b34edef6,74a6f7154ca10c3cd6dfd45046c4f8abf0ce27faa8ad11446b6a52920b83afba,results/20260926-065516-ws10-20261002-b4-f/metadata.json,results/20260926-065516-ws10-20261002-b4-f/config/traffic_trace.txt,results/20260926-065516-ws10-20261002-b4-f/config/topology.txt,results/20260926-065516-ws10-20261002-b4-f/raw/268433416/268433416_out_fct.txt,d74e8e702246d1fdb48640cb45eafac16c22a0d84639ed7ccf11a91c5d9da11e,scripts/verify_ws10_formal.py
WS-10,preregistered_formal,20260926-073238-ws10-20261003-b0-p,aa778ac523bc0319999395dd3cf8085b41e73a98,1,dualtrack,6e6db09cf82f50f0269d4664ae919c0b5ef4da00a7e5d3b6bb55d246a84b5eed,74a6f7154ca10c3cd6dfd45046c4f8abf0ce27faa8ad11446b6a52920b83afba,results/20260926-073238-ws10-20261003-b0-p/metadata.json,results/20260926-073238-ws10-20261003-b0-p/config/traffic_trace.txt,results/20260926-073238-ws10-20261003-b0-p/config/topology.txt,results/20260926-073238-ws10-20261003-b0-p/raw/962778718/962778718_out_fct.txt,69fa7de2aa2672ecc6c5a54ce3577dfcfd537ce0288c277ed47f7840b85348eb,scripts/verify_ws10_formal.py
WS-10,preregistered_formal,20260926-072339-ws10-20261003-b0-f,aa778ac523bc0319999395dd3cf8085b41e73a98,1,fecmp,6e6db09cf82f50f0269d4664ae919c0b5ef4da00a7e5d3b6bb55d246a84b5eed,74a6f7154ca10c3cd6dfd45046c4f8abf0ce27faa8ad11446b6a52920b83afba,results/20260926-072339-ws10-20261003-b0-f/metadata.json,results/20260926-072339-ws10-20261003-b0-f/config/traffic_trace.txt,results/20260926-072339-ws10-20261003-b0-f/config/topology.txt,results/20260926-072339-ws10-20261003-b0-f/raw/504575676/504575676_out_fct.txt,5f70c402f41b23ff7568862737595973da3bb19788f3c2f6cbd551f4f3c52a34,scripts/verify_ws10_formal.py
WS-10,preregistered_formal,20260926-074138-ws10-20261003-b2-p,aa778ac523bc0319999395dd3cf8085b41e73a98,1,dualtrack,0ec7f43068c20e6deded6e5ed5b48af72dc5a71760558fea90351dff19b086f6,74a6f7154ca10c3cd6dfd45046c4f8abf0ce27faa8ad11446b6a52920b83afba,results/20260926-074138-ws10-20261003-b2-p/metadata.json,results/20260926-074138-ws10-20261003-b2-p/config/traffic_trace.txt,results/20260926-074138-ws10-20261003-b2-p/config/topology.txt,results/20260926-074138-ws10-20261003-b2-p/raw/786426625/786426625_out_fct.txt,ed6c55f024e3f50e1bbc602f09432511e66449d78463d31ad3d9ccd2a3a0aaf5,scripts/verify_ws10_formal.py
WS-10,preregistered_formal,20260926-075038-ws10-20261003-b2-f,aa778ac523bc0319999395dd3cf8085b41e73a98,1,fecmp,0ec7f43068c20e6deded6e5ed5b48af72dc5a71760558fea90351dff19b086f6,74a6f7154ca10c3cd6dfd45046c4f8abf0ce27faa8ad11446b6a52920b83afba,results/20260926-075038-ws10-20261003-b2-f/metadata.json,results/20260926-075038-ws10-20261003-b2-f/config/traffic_trace.txt,results/20260926-075038-ws10-20261003-b2-f/config/topology.txt,results/20260926-075038-ws10-20261003-b2-f/raw/667622990/667622990_out_fct.txt,c0dbecb64c9f3d487ba0c54d51b1d983ddd30ee234486375d9e543d5583fc6c4,scripts/verify_ws10_formal.py
WS-10,preregistered_formal,20260926-080840-ws10-20261003-b4-p,aa778ac523bc0319999395dd3cf8085b41e73a98,1,dualtrack,2ed25a515a063cbf5309f5049a824615b4157c3afe659d29f254445916ef483c,74a6f7154ca10c3cd6dfd45046c4f8abf0ce27faa8ad11446b6a52920b83afba,results/20260926-080840-ws10-20261003-b4-p/metadata.json,results/20260926-080840-ws10-20261003-b4-p/config/traffic_trace.txt,results/20260926-080840-ws10-20261003-b4-p/config/topology.txt,results/20260926-080840-ws10-20261003-b4-p/raw/651100956/651100956_out_fct.txt,af60ec5645863fc2e80ccf5bd06c4bd6afe85d3f3540400d03aee47506546842,scripts/verify_ws10_formal.py
WS-10,preregistered_formal,20260926-075939-ws10-20261003-b4-f,aa778ac523bc0319999395dd3cf8085b41e73a98,1,fecmp,2ed25a515a063cbf5309f5049a824615b4157c3afe659d29f254445916ef483c,74a6f7154ca10c3cd6dfd45046c4f8abf0ce27faa8ad11446b6a52920b83afba,results/20260926-075939-ws10-20261003-b4-f/metadata.json,results/20260926-075939-ws10-20261003-b4-f/config/traffic_trace.txt,results/20260926-075939-ws10-20261003-b4-f/config/topology.txt,results/20260926-075939-ws10-20261003-b4-f/raw/612145839/612145839_out_fct.txt,064ff1f62c0ed0166cc82e41b40837104dd23588fd901db09f56de32d8b395de,scripts/verify_ws10_formal.py
WS-10,preregistered_formal,20260926-082657-ws10-20261004-b0-p,aa778ac523bc0319999395dd3cf8085b41e73a98,1,dualtrack,4df7f3c829f95c3a7e2790019b278a3e5404702f938793ce66ec74ceb2f116e5,74a6f7154ca10c3cd6dfd45046c4f8abf0ce27faa8ad11446b6a52920b83afba,results/20260926-082657-ws10-20261004-b0-p/metadata.json,results/20260926-082657-ws10-20261004-b0-p/config/traffic_trace.txt,results/20260926-082657-ws10-20261004-b0-p/config/topology.txt,results/20260926-082657-ws10-20261004-b0-p/raw/803945914/803945914_out_fct.txt,53615cfb87562fc38f79c5ddd01f9f8ffaf4f71f8c4de5a8e9e53b78bb26f2d9,scripts/verify_ws10_formal.py
WS-10,preregistered_formal,20260926-081741-ws10-20261004-b0-f,aa778ac523bc0319999395dd3cf8085b41e73a98,1,fecmp,4df7f3c829f95c3a7e2790019b278a3e5404702f938793ce66ec74ceb2f116e5,74a6f7154ca10c3cd6dfd45046c4f8abf0ce27faa8ad11446b6a52920b83afba,results/20260926-081741-ws10-20261004-b0-f/metadata.json,results/20260926-081741-ws10-20261004-b0-f/config/traffic_trace.txt,results/20260926-081741-ws10-20261004-b0-f/config/topology.txt,results/20260926-081741-ws10-20261004-b0-f/raw/483867163/483867163_out_fct.txt,72881ec3d636d91be95c1f7734ecdc84a5e6e48217b42683269db05dc043de60,scripts/verify_ws10_formal.py
WS-10,preregistered_formal,20260926-083558-ws10-20261004-b2-p,aa778ac523bc0319999395dd3cf8085b41e73a98,1,dualtrack,2bc150cb0435dc606c19c9860eb670dd8f43ca6bc02ac600451d63141d6225d6,74a6f7154ca10c3cd6dfd45046c4f8abf0ce27faa8ad11446b6a52920b83afba,results/20260926-083558-ws10-20261004-b2-p/metadata.json,results/20260926-083558-ws10-20261004-b2-p/config/traffic_trace.txt,results/20260926-083558-ws10-20261004-b2-p/config/topology.txt,results/20260926-083558-ws10-20261004-b2-p/raw/281852542/281852542_out_fct.txt,f9c09cce674e135d4c6c6b8a9407845c759db183bd6db3e65463c5024c2d3e1f,scripts/verify_ws10_formal.py
WS-10,preregistered_formal,20260926-084459-ws10-20261004-b2-f,aa778ac523bc0319999395dd3cf8085b41e73a98,1,fecmp,2bc150cb0435dc606c19c9860eb670dd8f43ca6bc02ac600451d63141d6225d6,74a6f7154ca10c3cd6dfd45046c4f8abf0ce27faa8ad11446b6a52920b83afba,results/20260926-084459-ws10-20261004-b2-f/metadata.json,results/20260926-084459-ws10-20261004-b2-f/config/traffic_trace.txt,results/20260926-084459-ws10-20261004-b2-f/config/topology.txt,results/20260926-084459-ws10-20261004-b2-f/raw/897955158/897955158_out_fct.txt,6e53e62630a63a8a59e4d4dd4b234a601f064fcb768ed889db7dd3e96539fd61,scripts/verify_ws10_formal.py
WS-10,preregistered_formal,20260926-090300-ws10-20261004-b4-p,aa778ac523bc0319999395dd3cf8085b41e73a98,1,dualtrack,52425698a4d6b716dd6be47dfa3202d8be7c762b7f8cfa31236fbc138c524246,74a6f7154ca10c3cd6dfd45046c4f8abf0ce27faa8ad11446b6a52920b83afba,results/20260926-090300-ws10-20261004-b4-p/metadata.json,results/20260926-090300-ws10-20261004-b4-p/config/traffic_trace.txt,results/20260926-090300-ws10-20261004-b4-p/config/topology.txt,results/20260926-090300-ws10-20261004-b4-p/raw/314496360/314496360_out_fct.txt,1d16686faf16738189d9cff600c380ecb14c2cb2a71ccab3d21ee4c09659e9a8,scripts/verify_ws10_formal.py
WS-10,preregistered_formal,20260926-085359-ws10-20261004-b4-f,aa778ac523bc0319999395dd3cf8085b41e73a98,1,fecmp,52425698a4d6b716dd6be47dfa3202d8be7c762b7f8cfa31236fbc138c524246,74a6f7154ca10c3cd6dfd45046c4f8abf0ce27faa8ad11446b6a52920b83afba,results/20260926-085359-ws10-20261004-b4-f/metadata.json,results/20260926-085359-ws10-20261004-b4-f/config/traffic_trace.txt,results/20260926-085359-ws10-20261004-b4-f/config/topology.txt,results/20260926-085359-ws10-20261004-b4-f/raw/347264718/347264718_out_fct.txt,4b23980030aa01f6343e14d7c17a7f011b3375da195104289951d7dca4ce39c4,scripts/verify_ws10_formal.py
WS-10,preregistered_formal,20260926-092101-ws10-20261005-b0-p,aa778ac523bc0319999395dd3cf8085b41e73a98,1,dualtrack,4188ab77d91359fb60461c5593a0b46be1501c978ae5071a0944be7a70f18567,74a6f7154ca10c3cd6dfd45046c4f8abf0ce27faa8ad11446b6a52920b83afba,results/20260926-092101-ws10-20261005-b0-p/metadata.json,results/20260926-092101-ws10-20261005-b0-p/config/traffic_trace.txt,results/20260926-092101-ws10-20261005-b0-p/config/topology.txt,results/20260926-092101-ws10-20261005-b0-p/raw/799574351/799574351_out_fct.txt,66289bb08789dfa421653283ef1d43f6f5420197cd6a3cf9949605644cfffe57,scripts/verify_ws10_formal.py
WS-10,preregistered_formal,20260926-091200-ws10-20261005-b0-f,aa778ac523bc0319999395dd3cf8085b41e73a98,1,fecmp,4188ab77d91359fb60461c5593a0b46be1501c978ae5071a0944be7a70f18567,74a6f7154ca10c3cd6dfd45046c4f8abf0ce27faa8ad11446b6a52920b83afba,results/20260926-091200-ws10-20261005-b0-f/metadata.json,results/20260926-091200-ws10-20261005-b0-f/config/traffic_trace.txt,results/20260926-091200-ws10-20261005-b0-f/config/topology.txt,results/20260926-091200-ws10-20261005-b0-f/raw/314788973/314788973_out_fct.txt,ff911492b0e289d127632881b0b2880162cdf1fdab69d1c7044cb34e545d3a68,scripts/verify_ws10_formal.py
WS-10,preregistered_formal,20260926-093002-ws10-20261005-b2-p,aa778ac523bc0319999395dd3cf8085b41e73a98,1,dualtrack,d7335a3d83e00744a411f151f34525415770270dcfddf9c96892d0b57e9ba931,74a6f7154ca10c3cd6dfd45046c4f8abf0ce27faa8ad11446b6a52920b83afba,results/20260926-093002-ws10-20261005-b2-p/metadata.json,results/20260926-093002-ws10-20261005-b2-p/config/traffic_trace.txt,results/20260926-093002-ws10-20261005-b2-p/config/topology.txt,results/20260926-093002-ws10-20261005-b2-p/raw/937482106/937482106_out_fct.txt,843bb79e018935f5274ffb1c91a28776ddcc97f3dcc980a5e1c8b73da0da2ba2,scripts/verify_ws10_formal.py
WS-10,preregistered_formal,20260926-093903-ws10-20261005-b2-f,aa778ac523bc0319999395dd3cf8085b41e73a98,1,fecmp,d7335a3d83e00744a411f151f34525415770270dcfddf9c96892d0b57e9ba931,74a6f7154ca10c3cd6dfd45046c4f8abf0ce27faa8ad11446b6a52920b83afba,results/20260926-093903-ws10-20261005-b2-f/metadata.json,results/20260926-093903-ws10-20261005-b2-f/config/traffic_trace.txt,results/20260926-093903-ws10-20261005-b2-f/config/topology.txt,results/20260926-093903-ws10-20261005-b2-f/raw/900024827/900024827_out_fct.txt,e1e6a92fca68e3d79aced1a941048b73cbafb17b7c1c1d31bfbe0390745cbb5f,scripts/verify_ws10_formal.py
WS-10,preregistered_formal,20260926-095705-ws10-20261005-b4-p,aa778ac523bc0319999395dd3cf8085b41e73a98,1,dualtrack,6ff5cfe802bd26202ec0b3e30b69be6279e8f1f14c0245a43dc777d9f5b3d576,74a6f7154ca10c3cd6dfd45046c4f8abf0ce27faa8ad11446b6a52920b83afba,results/20260926-095705-ws10-20261005-b4-p/metadata.json,results/20260926-095705-ws10-20261005-b4-p/config/traffic_trace.txt,results/20260926-095705-ws10-20261005-b4-p/config/topology.txt,results/20260926-095705-ws10-20261005-b4-p/raw/104760201/104760201_out_fct.txt,50678937a5dceb32b2c068787e2f22689ce8dc11e9b144956393030cc9f62f29,scripts/verify_ws10_formal.py
WS-10,preregistered_formal,20260926-094804-ws10-20261005-b4-f,aa778ac523bc0319999395dd3cf8085b41e73a98,1,fecmp,6ff5cfe802bd26202ec0b3e30b69be6279e8f1f14c0245a43dc777d9f5b3d576,74a6f7154ca10c3cd6dfd45046c4f8abf0ce27faa8ad11446b6a52920b83afba,results/20260926-094804-ws10-20261005-b4-f/metadata.json,results/20260926-094804-ws10-20261005-b4-f/config/traffic_trace.txt,results/20260926-094804-ws10-20261005-b4-f/config/topology.txt,results/20260926-094804-ws10-20261005-b4-f/raw/49892843/49892843_out_fct.txt,cb087f4666523252351ecd9905b731a13caa21e7b033ff2ad18cb929bb471d67,scripts/verify_ws10_formal.py
WS-11,preregistered_formal,20260926-144756-ws11-o-b0-f,208fcee4c541da9b24ed26792b32ae681a30977f,1,fecmp,9e00baa5c79ab45b107b82b4c18d43cbb9a1073101bf14123aedd2d90d2e89fd,74a6f7154ca10c3cd6dfd45046c4f8abf0ce27faa8ad11446b6a52920b83afba,results/20260926-144756-ws11-o-b0-f/metadata.json,results/20260926-144756-ws11-o-b0-f/config/traffic_trace.txt,results/20260926-144756-ws11-o-b0-f/config/topology.txt,results/20260926-144756-ws11-o-b0-f/raw/190392761/190392761_out_fct.txt,4c72ea2f069e1a8653f0916795e07fd38b956e517cf666f58afe7c4fd91bc3f9,scripts/verify_ws11_formal.py
WS-11,preregistered_formal,20260926-144756-ws11-o-b0-p,208fcee4c541da9b24ed26792b32ae681a30977f,1,dualtrack,9e00baa5c79ab45b107b82b4c18d43cbb9a1073101bf14123aedd2d90d2e89fd,74a6f7154ca10c3cd6dfd45046c4f8abf0ce27faa8ad11446b6a52920b83afba,results/20260926-144756-ws11-o-b0-p/metadata.json,results/20260926-144756-ws11-o-b0-p/config/traffic_trace.txt,results/20260926-144756-ws11-o-b0-p/config/topology.txt,results/20260926-144756-ws11-o-b0-p/raw/872577288/872577288_out_fct.txt,e1403482dcdf203f98ec87317f2f502c36fb96aea218581c169dbe1df4075127,scripts/verify_ws11_formal.py
WS-11,preregistered_formal,20260926-144756-ws11-o-b64-p,208fcee4c541da9b24ed26792b32ae681a30977f,1,dualtrack,83d0b2ff46d683d243bcd1d4b2fc4c2fefa330324062d13dcfb878af5abdd7dc,74a6f7154ca10c3cd6dfd45046c4f8abf0ce27faa8ad11446b6a52920b83afba,results/20260926-144756-ws11-o-b64-p/metadata.json,results/20260926-144756-ws11-o-b64-p/config/traffic_trace.txt,results/20260926-144756-ws11-o-b64-p/config/topology.txt,results/20260926-144756-ws11-o-b64-p/raw/826395894/826395894_out_fct.txt,d42948e566f6596827003c9364cdc52c3bd165b18c95ea27f1a99672542f7187,scripts/verify_ws11_formal.py
WS-11,preregistered_formal,20260926-144756-ws11-o-b64-f,208fcee4c541da9b24ed26792b32ae681a30977f,1,fecmp,83d0b2ff46d683d243bcd1d4b2fc4c2fefa330324062d13dcfb878af5abdd7dc,74a6f7154ca10c3cd6dfd45046c4f8abf0ce27faa8ad11446b6a52920b83afba,results/20260926-144756-ws11-o-b64-f/metadata.json,results/20260926-144756-ws11-o-b64-f/config/traffic_trace.txt,results/20260926-144756-ws11-o-b64-f/config/topology.txt,results/20260926-144756-ws11-o-b64-f/raw/47975115/47975115_out_fct.txt,b95164a76881edd9bab36ac03b56197184b9404d728e4804bfc9a61035815d16,scripts/verify_ws11_formal.py
WS-11,preregistered_formal,20260926-144756-ws11-o-b128-f,208fcee4c541da9b24ed26792b32ae681a30977f,1,fecmp,d1dd382fb7cefc368cbfe10ad5a7db21566aa417e16248172559a7bd9283f5c5,74a6f7154ca10c3cd6dfd45046c4f8abf0ce27faa8ad11446b6a52920b83afba,results/20260926-144756-ws11-o-b128-f/metadata.json,results/20260926-144756-ws11-o-b128-f/config/traffic_trace.txt,results/20260926-144756-ws11-o-b128-f/config/topology.txt,results/20260926-144756-ws11-o-b128-f/raw/262874959/262874959_out_fct.txt,d5beffd0ccdf9b977f514f8db9f312b6aab3c46e171bada9e79b038e1364ad00,scripts/verify_ws11_formal.py
WS-11,preregistered_formal,20260926-144756-ws11-o-b128-p,208fcee4c541da9b24ed26792b32ae681a30977f,1,dualtrack,d1dd382fb7cefc368cbfe10ad5a7db21566aa417e16248172559a7bd9283f5c5,74a6f7154ca10c3cd6dfd45046c4f8abf0ce27faa8ad11446b6a52920b83afba,results/20260926-144756-ws11-o-b128-p/metadata.json,results/20260926-144756-ws11-o-b128-p/config/traffic_trace.txt,results/20260926-144756-ws11-o-b128-p/config/topology.txt,results/20260926-144756-ws11-o-b128-p/raw/187801530/187801530_out_fct.txt,bd3922a3d670f90866c4ea0c1e1364d039ac144594f23802203b01bff2a2c2f1,scripts/verify_ws11_formal.py
WS-11,preregistered_formal,20260926-144756-ws11-o-b192-p,208fcee4c541da9b24ed26792b32ae681a30977f,1,dualtrack,bf1a1960651b2d5bd27cd1304433d489363727a7c02d08c5c05df2b2415d9c8a,74a6f7154ca10c3cd6dfd45046c4f8abf0ce27faa8ad11446b6a52920b83afba,results/20260926-144756-ws11-o-b192-p/metadata.json,results/20260926-144756-ws11-o-b192-p/config/traffic_trace.txt,results/20260926-144756-ws11-o-b192-p/config/topology.txt,results/20260926-144756-ws11-o-b192-p/raw/120195426/120195426_out_fct.txt,e76888a283e7587ea90d4953b8bb7e95d030e26aaaaead34ccac014173d3e311,scripts/verify_ws11_formal.py
WS-11,preregistered_formal,20260926-144756-ws11-o-b192-f,208fcee4c541da9b24ed26792b32ae681a30977f,1,fecmp,bf1a1960651b2d5bd27cd1304433d489363727a7c02d08c5c05df2b2415d9c8a,74a6f7154ca10c3cd6dfd45046c4f8abf0ce27faa8ad11446b6a52920b83afba,results/20260926-144756-ws11-o-b192-f/metadata.json,results/20260926-144756-ws11-o-b192-f/config/traffic_trace.txt,results/20260926-144756-ws11-o-b192-f/config/topology.txt,results/20260926-144756-ws11-o-b192-f/raw/828440857/828440857_out_fct.txt,9d600f055044d50a20ed0d036552922c9de916665af5a44a6791e77a755038e1,scripts/verify_ws11_formal.py
WS-11,preregistered_formal,20260926-144756-ws11-01-b0-f,208fcee4c541da9b24ed26792b32ae681a30977f,1,fecmp,c03bd3ff4fa7e97ae54b38e8d5625da988d9025296b1ecd68a0e567b48fccb16,74a6f7154ca10c3cd6dfd45046c4f8abf0ce27faa8ad11446b6a52920b83afba,results/20260926-144756-ws11-01-b0-f/metadata.json,results/20260926-144756-ws11-01-b0-f/config/traffic_trace.txt,results/20260926-144756-ws11-01-b0-f/config/topology.txt,results/20260926-144756-ws11-01-b0-f/raw/588169669/588169669_out_fct.txt,6868d9a77e8740c417d5e20dd4fcb65c739b05b3b76e26ca11fcf513c878b6e3,scripts/verify_ws11_formal.py
WS-11,preregistered_formal,20260926-144756-ws11-01-b0-p,208fcee4c541da9b24ed26792b32ae681a30977f,1,dualtrack,c03bd3ff4fa7e97ae54b38e8d5625da988d9025296b1ecd68a0e567b48fccb16,74a6f7154ca10c3cd6dfd45046c4f8abf0ce27faa8ad11446b6a52920b83afba,results/20260926-144756-ws11-01-b0-p/metadata.json,results/20260926-144756-ws11-01-b0-p/config/traffic_trace.txt,results/20260926-144756-ws11-01-b0-p/config/topology.txt,results/20260926-144756-ws11-01-b0-p/raw/600811555/600811555_out_fct.txt,9abb742537bea3e853fa85de179ba7d973c3455f13d03de662e27ec05147ba9a,scripts/verify_ws11_formal.py
WS-11,preregistered_formal,20260926-144756-ws11-01-b64-p,208fcee4c541da9b24ed26792b32ae681a30977f,1,dualtrack,06906b5c3e1df3b5d358a89350723ba3904b7d5b6bd89bf760064a21999f9c26,74a6f7154ca10c3cd6dfd45046c4f8abf0ce27faa8ad11446b6a52920b83afba,results/20260926-144756-ws11-01-b64-p/metadata.json,results/20260926-144756-ws11-01-b64-p/config/traffic_trace.txt,results/20260926-144756-ws11-01-b64-p/config/topology.txt,results/20260926-144756-ws11-01-b64-p/raw/149549629/149549629_out_fct.txt,fccebdd58f9265ab4a0ef02bf1e46a8963986716c43dc0f29117eb7ae3a867ba,scripts/verify_ws11_formal.py
WS-11,preregistered_formal,20260926-144756-ws11-01-b64-f,208fcee4c541da9b24ed26792b32ae681a30977f,1,fecmp,06906b5c3e1df3b5d358a89350723ba3904b7d5b6bd89bf760064a21999f9c26,74a6f7154ca10c3cd6dfd45046c4f8abf0ce27faa8ad11446b6a52920b83afba,results/20260926-144756-ws11-01-b64-f/metadata.json,results/20260926-144756-ws11-01-b64-f/config/traffic_trace.txt,results/20260926-144756-ws11-01-b64-f/config/topology.txt,results/20260926-144756-ws11-01-b64-f/raw/366005710/366005710_out_fct.txt,17d178e8aa071e66594a02e288be9476d64690bd04adfb6f7eaac1379e669839,scripts/verify_ws11_formal.py
WS-11,preregistered_formal,20260926-144756-ws11-01-b128-f,208fcee4c541da9b24ed26792b32ae681a30977f,1,fecmp,214f0c46a548483c709ae02a38db8acfde8b3978ba0661702aa5a8fdb292bc77,74a6f7154ca10c3cd6dfd45046c4f8abf0ce27faa8ad11446b6a52920b83afba,results/20260926-144756-ws11-01-b128-f/metadata.json,results/20260926-144756-ws11-01-b128-f/config/traffic_trace.txt,results/20260926-144756-ws11-01-b128-f/config/topology.txt,results/20260926-144756-ws11-01-b128-f/raw/466981725/466981725_out_fct.txt,48e6755cc8a8e758a7e947f06533099d6656c76888c0bc6c13f8d261badcd218,scripts/verify_ws11_formal.py
WS-11,preregistered_formal,20260926-144756-ws11-01-b128-p,208fcee4c541da9b24ed26792b32ae681a30977f,1,dualtrack,214f0c46a548483c709ae02a38db8acfde8b3978ba0661702aa5a8fdb292bc77,74a6f7154ca10c3cd6dfd45046c4f8abf0ce27faa8ad11446b6a52920b83afba,results/20260926-144756-ws11-01-b128-p/metadata.json,results/20260926-144756-ws11-01-b128-p/config/traffic_trace.txt,results/20260926-144756-ws11-01-b128-p/config/topology.txt,results/20260926-144756-ws11-01-b128-p/raw/715083398/715083398_out_fct.txt,b8fb278a72a7e0be5fb8dcc5e7ea82fdfaf94de022b8e0911bb7e1df83882213,scripts/verify_ws11_formal.py
WS-11,preregistered_formal,20260926-144756-ws11-01-b192-p,208fcee4c541da9b24ed26792b32ae681a30977f,1,dualtrack,c0a9dcec3ad8a9bfb882f1dc75a5eb986ca030ea092ae99af0f1070d7757c0f7,74a6f7154ca10c3cd6dfd45046c4f8abf0ce27faa8ad11446b6a52920b83afba,results/20260926-144756-ws11-01-b192-p/metadata.json,results/20260926-144756-ws11-01-b192-p/config/traffic_trace.txt,results/20260926-144756-ws11-01-b192-p/config/topology.txt,results/20260926-144756-ws11-01-b192-p/raw/972505087/972505087_out_fct.txt,9b430506c01decbb55e245a723790a2429ac0af858c6c903e7f301fe1ef21ae9,scripts/verify_ws11_formal.py
WS-11,preregistered_formal,20260926-144756-ws11-01-b192-f,208fcee4c541da9b24ed26792b32ae681a30977f,1,fecmp,c0a9dcec3ad8a9bfb882f1dc75a5eb986ca030ea092ae99af0f1070d7757c0f7,74a6f7154ca10c3cd6dfd45046c4f8abf0ce27faa8ad11446b6a52920b83afba,results/20260926-144756-ws11-01-b192-f/metadata.json,results/20260926-144756-ws11-01-b192-f/config/traffic_trace.txt,results/20260926-144756-ws11-01-b192-f/config/topology.txt,results/20260926-144756-ws11-01-b192-f/raw/295382383/295382383_out_fct.txt,4730a34cbe2c0eff0f928f94864bbbb0fa53b5011510dae7692842a01d76768e,scripts/verify_ws11_formal.py
WS-11,preregistered_formal,20260926-144756-ws11-02-b0-f,208fcee4c541da9b24ed26792b32ae681a30977f,1,fecmp,ba3bbd3410b854b12270784820cc0d8d58f314eb11e446d97059a88e56375658,74a6f7154ca10c3cd6dfd45046c4f8abf0ce27faa8ad11446b6a52920b83afba,results/20260926-144756-ws11-02-b0-f/metadata.json,results/20260926-144756-ws11-02-b0-f/config/traffic_trace.txt,results/20260926-144756-ws11-02-b0-f/config/topology.txt,results/20260926-144756-ws11-02-b0-f/raw/475387923/475387923_out_fct.txt,87237ae9710fdc2021972ec401b5cc467a923fa82353e4dd6ced874f3f2e82bb,scripts/verify_ws11_formal.py
WS-11,preregistered_formal,20260926-144756-ws11-02-b0-p,208fcee4c541da9b24ed26792b32ae681a30977f,1,dualtrack,ba3bbd3410b854b12270784820cc0d8d58f314eb11e446d97059a88e56375658,74a6f7154ca10c3cd6dfd45046c4f8abf0ce27faa8ad11446b6a52920b83afba,results/20260926-144756-ws11-02-b0-p/metadata.json,results/20260926-144756-ws11-02-b0-p/config/traffic_trace.txt,results/20260926-144756-ws11-02-b0-p/config/topology.txt,results/20260926-144756-ws11-02-b0-p/raw/976141384/976141384_out_fct.txt,d12fda69defb58ca767099dd72ab8c86ac85f052f7dc4ba8d6bb646db386f6eb,scripts/verify_ws11_formal.py
WS-11,preregistered_formal,20260926-144756-ws11-02-b64-p,208fcee4c541da9b24ed26792b32ae681a30977f,1,dualtrack,4962629a5fc9bda748a67a268204e25ec8147dab662626e7ccfdaee1381893f9,74a6f7154ca10c3cd6dfd45046c4f8abf0ce27faa8ad11446b6a52920b83afba,results/20260926-144756-ws11-02-b64-p/metadata.json,results/20260926-144756-ws11-02-b64-p/config/traffic_trace.txt,results/20260926-144756-ws11-02-b64-p/config/topology.txt,results/20260926-144756-ws11-02-b64-p/raw/339638741/339638741_out_fct.txt,eeb4e9dbb4896dc096dbdcf0f1c92f258f1583c270c7c2cf0f9bceede5f94262,scripts/verify_ws11_formal.py
WS-11,preregistered_formal,20260926-144756-ws11-02-b64-f,208fcee4c541da9b24ed26792b32ae681a30977f,1,fecmp,4962629a5fc9bda748a67a268204e25ec8147dab662626e7ccfdaee1381893f9,74a6f7154ca10c3cd6dfd45046c4f8abf0ce27faa8ad11446b6a52920b83afba,results/20260926-144756-ws11-02-b64-f/metadata.json,results/20260926-144756-ws11-02-b64-f/config/traffic_trace.txt,results/20260926-144756-ws11-02-b64-f/config/topology.txt,results/20260926-144756-ws11-02-b64-f/raw/62965203/62965203_out_fct.txt,6c4a480a54778074b8be4da73bcff72f7758a4dc290b08ba9b75a1c029261299,scripts/verify_ws11_formal.py
WS-11,preregistered_formal,20260926-144756-ws11-02-b128-f,208fcee4c541da9b24ed26792b32ae681a30977f,1,fecmp,41b9dfd0f2f63de824f08f64e414fb944302edced18d378644f7892df64a82ec,74a6f7154ca10c3cd6dfd45046c4f8abf0ce27faa8ad11446b6a52920b83afba,results/20260926-144756-ws11-02-b128-f/metadata.json,results/20260926-144756-ws11-02-b128-f/config/traffic_trace.txt,results/20260926-144756-ws11-02-b128-f/config/topology.txt,results/20260926-144756-ws11-02-b128-f/raw/303044127/303044127_out_fct.txt,bfdf5bcc67fe2da608ae9217d0b5282a689fc5f03d28ce1fb9ce7d4f71a05781,scripts/verify_ws11_formal.py
WS-11,preregistered_formal,20260926-144756-ws11-02-b128-p,208fcee4c541da9b24ed26792b32ae681a30977f,1,dualtrack,41b9dfd0f2f63de824f08f64e414fb944302edced18d378644f7892df64a82ec,74a6f7154ca10c3cd6dfd45046c4f8abf0ce27faa8ad11446b6a52920b83afba,results/20260926-144756-ws11-02-b128-p/metadata.json,results/20260926-144756-ws11-02-b128-p/config/traffic_trace.txt,results/20260926-144756-ws11-02-b128-p/config/topology.txt,results/20260926-144756-ws11-02-b128-p/raw/468074072/468074072_out_fct.txt,a32a5e50446f0fedd48aceb8adac85dd15a7ca03474a43701ef9054e1cb8d846,scripts/verify_ws11_formal.py
WS-11,preregistered_formal,20260926-144756-ws11-02-b192-p,208fcee4c541da9b24ed26792b32ae681a30977f,1,dualtrack,be70b8e10c9c4de836783ebc69be3077bb93b178fafb518ef49af9508a65cccb,74a6f7154ca10c3cd6dfd45046c4f8abf0ce27faa8ad11446b6a52920b83afba,results/20260926-144756-ws11-02-b192-p/metadata.json,results/20260926-144756-ws11-02-b192-p/config/traffic_trace.txt,results/20260926-144756-ws11-02-b192-p/config/topology.txt,results/20260926-144756-ws11-02-b192-p/raw/743242016/743242016_out_fct.txt,03c86a7e62bb45baa95376cb10fc00584014ff73f6b464548f6fd55034e81c02,scripts/verify_ws11_formal.py
WS-11,preregistered_formal,20260927-002500-ws11-02-b192-f-r,208fcee4c541da9b24ed26792b32ae681a30977f,1,fecmp,be70b8e10c9c4de836783ebc69be3077bb93b178fafb518ef49af9508a65cccb,74a6f7154ca10c3cd6dfd45046c4f8abf0ce27faa8ad11446b6a52920b83afba,results/20260927-002500-ws11-02-b192-f-r/metadata.json,results/20260927-002500-ws11-02-b192-f-r/config/traffic_trace.txt,results/20260927-002500-ws11-02-b192-f-r/config/topology.txt,results/20260927-002500-ws11-02-b192-f-r/raw/381610881/381610881_out_fct.txt,33d2258be60ca4b202ff9bc98af0a22ebf28ec5d1525b94e284a0ead3fab734d,scripts/verify_ws11_formal.py
WS-11,preregistered_formal,20260926-144756-ws11-03-b0-f,208fcee4c541da9b24ed26792b32ae681a30977f,1,fecmp,6d250ad2dc74723cda532ead92859384cfcac7d65171eb2317aed4d3fed66eba,74a6f7154ca10c3cd6dfd45046c4f8abf0ce27faa8ad11446b6a52920b83afba,results/20260926-144756-ws11-03-b0-f/metadata.json,results/20260926-144756-ws11-03-b0-f/config/traffic_trace.txt,results/20260926-144756-ws11-03-b0-f/config/topology.txt,results/20260926-144756-ws11-03-b0-f/raw/220619796/220619796_out_fct.txt,7a942799e01b2cbbe6236a22ce3f0450d2952ef39e8ede85f9c950394e75f112,scripts/verify_ws11_formal.py
WS-11,preregistered_formal,20260926-144756-ws11-03-b0-p,208fcee4c541da9b24ed26792b32ae681a30977f,1,dualtrack,6d250ad2dc74723cda532ead92859384cfcac7d65171eb2317aed4d3fed66eba,74a6f7154ca10c3cd6dfd45046c4f8abf0ce27faa8ad11446b6a52920b83afba,results/20260926-144756-ws11-03-b0-p/metadata.json,results/20260926-144756-ws11-03-b0-p/config/traffic_trace.txt,results/20260926-144756-ws11-03-b0-p/config/topology.txt,results/20260926-144756-ws11-03-b0-p/raw/56708718/56708718_out_fct.txt,54f4e18aefd5ef80caeda596adfc8b09d8a27bf9f771ba7d2b11face45e01eb1,scripts/verify_ws11_formal.py
WS-11,preregistered_formal,20260926-144756-ws11-03-b64-p,208fcee4c541da9b24ed26792b32ae681a30977f,1,dualtrack,abced9265ead03c3357568a4fc1949e9701bb89eb7e820d2eaf6ff699d924765,74a6f7154ca10c3cd6dfd45046c4f8abf0ce27faa8ad11446b6a52920b83afba,results/20260926-144756-ws11-03-b64-p/metadata.json,results/20260926-144756-ws11-03-b64-p/config/traffic_trace.txt,results/20260926-144756-ws11-03-b64-p/config/topology.txt,results/20260926-144756-ws11-03-b64-p/raw/51930206/51930206_out_fct.txt,52318bb49ef6176774947c6f951e38610f8c386860e4cbc0be5702a944887788,scripts/verify_ws11_formal.py
WS-11,preregistered_formal,20260926-144756-ws11-03-b64-f,208fcee4c541da9b24ed26792b32ae681a30977f,1,fecmp,abced9265ead03c3357568a4fc1949e9701bb89eb7e820d2eaf6ff699d924765,74a6f7154ca10c3cd6dfd45046c4f8abf0ce27faa8ad11446b6a52920b83afba,results/20260926-144756-ws11-03-b64-f/metadata.json,results/20260926-144756-ws11-03-b64-f/config/traffic_trace.txt,results/20260926-144756-ws11-03-b64-f/config/topology.txt,results/20260926-144756-ws11-03-b64-f/raw/654983961/654983961_out_fct.txt,e0d710ca210f7990d9a3d7cb9b564b29b286fa80cd17e599015d29752be03be0,scripts/verify_ws11_formal.py
WS-11,preregistered_formal,20260926-144756-ws11-03-b128-f,208fcee4c541da9b24ed26792b32ae681a30977f,1,fecmp,d4c7c089380d072cf22ca83c52a28609b05d721ae82b4c76c9793c99e03a1d2d,74a6f7154ca10c3cd6dfd45046c4f8abf0ce27faa8ad11446b6a52920b83afba,results/20260926-144756-ws11-03-b128-f/metadata.json,results/20260926-144756-ws11-03-b128-f/config/traffic_trace.txt,results/20260926-144756-ws11-03-b128-f/config/topology.txt,results/20260926-144756-ws11-03-b128-f/raw/34942526/34942526_out_fct.txt,e5cc01afd6ba4c070c135d41d017673675e13ec472d69002c09d33b3137ba059,scripts/verify_ws11_formal.py
WS-11,preregistered_formal,20260926-144756-ws11-03-b128-p,208fcee4c541da9b24ed26792b32ae681a30977f,1,dualtrack,d4c7c089380d072cf22ca83c52a28609b05d721ae82b4c76c9793c99e03a1d2d,74a6f7154ca10c3cd6dfd45046c4f8abf0ce27faa8ad11446b6a52920b83afba,results/20260926-144756-ws11-03-b128-p/metadata.json,results/20260926-144756-ws11-03-b128-p/config/traffic_trace.txt,results/20260926-144756-ws11-03-b128-p/config/topology.txt,results/20260926-144756-ws11-03-b128-p/raw/465867646/465867646_out_fct.txt,552589319cbe8465d73e36e87c974bb327e443218d1d785f01e4e475f8cb48bb,scripts/verify_ws11_formal.py
WS-11,preregistered_formal,20260926-144756-ws11-03-b192-p,208fcee4c541da9b24ed26792b32ae681a30977f,1,dualtrack,ab0504b9bb8644068da1528fe433d4bce21fd3b5b656397a82c05bfd91c9b87c,74a6f7154ca10c3cd6dfd45046c4f8abf0ce27faa8ad11446b6a52920b83afba,results/20260926-144756-ws11-03-b192-p/metadata.json,results/20260926-144756-ws11-03-b192-p/config/traffic_trace.txt,results/20260926-144756-ws11-03-b192-p/config/topology.txt,results/20260926-144756-ws11-03-b192-p/raw/775628591/775628591_out_fct.txt,821300c3ab30239aac9a7a8b1813345506d430763a0999aa624de0fd6722cce6,scripts/verify_ws11_formal.py
WS-11,preregistered_formal,20260926-144756-ws11-03-b192-f,208fcee4c541da9b24ed26792b32ae681a30977f,1,fecmp,ab0504b9bb8644068da1528fe433d4bce21fd3b5b656397a82c05bfd91c9b87c,74a6f7154ca10c3cd6dfd45046c4f8abf0ce27faa8ad11446b6a52920b83afba,results/20260926-144756-ws11-03-b192-f/metadata.json,results/20260926-144756-ws11-03-b192-f/config/traffic_trace.txt,results/20260926-144756-ws11-03-b192-f/config/topology.txt,results/20260926-144756-ws11-03-b192-f/raw/518940468/518940468_out_fct.txt,002605a355dcd2447d672d1178e68d3c1506fa735382ad832ab1818a8d5bb559,scripts/verify_ws11_formal.py
WS-11,preregistered_formal,20260926-144756-ws11-04-b0-f,208fcee4c541da9b24ed26792b32ae681a30977f,1,fecmp,3c2f5aaaf5ddc74b59ac90577fd2c23a9893ae78d149d66cfdf00a15ab9b2f64,74a6f7154ca10c3cd6dfd45046c4f8abf0ce27faa8ad11446b6a52920b83afba,results/20260926-144756-ws11-04-b0-f/metadata.json,results/20260926-144756-ws11-04-b0-f/config/traffic_trace.txt,results/20260926-144756-ws11-04-b0-f/config/topology.txt,results/20260926-144756-ws11-04-b0-f/raw/581001522/581001522_out_fct.txt,2a8aa317f0099a882b033509312f743e6bb04e5dadb6355d35e95fcb6fec261a,scripts/verify_ws11_formal.py
WS-11,preregistered_formal,20260926-144756-ws11-04-b0-p,208fcee4c541da9b24ed26792b32ae681a30977f,1,dualtrack,3c2f5aaaf5ddc74b59ac90577fd2c23a9893ae78d149d66cfdf00a15ab9b2f64,74a6f7154ca10c3cd6dfd45046c4f8abf0ce27faa8ad11446b6a52920b83afba,results/20260926-144756-ws11-04-b0-p/metadata.json,results/20260926-144756-ws11-04-b0-p/config/traffic_trace.txt,results/20260926-144756-ws11-04-b0-p/config/topology.txt,results/20260926-144756-ws11-04-b0-p/raw/499426734/499426734_out_fct.txt,280e99b9d53f281d7d6fc454708d93a4053b18b9a00f56b8c37f75ebf74e7951,scripts/verify_ws11_formal.py
WS-11,preregistered_formal,20260926-144756-ws11-04-b64-p,208fcee4c541da9b24ed26792b32ae681a30977f,1,dualtrack,172842d35cdbd9d455ae60d824e0b7eca61f79f5ccc21ccfbb172e8588452782,74a6f7154ca10c3cd6dfd45046c4f8abf0ce27faa8ad11446b6a52920b83afba,results/20260926-144756-ws11-04-b64-p/metadata.json,results/20260926-144756-ws11-04-b64-p/config/traffic_trace.txt,results/20260926-144756-ws11-04-b64-p/config/topology.txt,results/20260926-144756-ws11-04-b64-p/raw/46250530/46250530_out_fct.txt,e9d5cc7ef67da5aa0e251e0df0ec912b4955f6b9ec1ca874d723da97ff6c5afe,scripts/verify_ws11_formal.py
WS-11,preregistered_formal,20260926-144756-ws11-04-b64-f,208fcee4c541da9b24ed26792b32ae681a30977f,1,fecmp,172842d35cdbd9d455ae60d824e0b7eca61f79f5ccc21ccfbb172e8588452782,74a6f7154ca10c3cd6dfd45046c4f8abf0ce27faa8ad11446b6a52920b83afba,results/20260926-144756-ws11-04-b64-f/metadata.json,results/20260926-144756-ws11-04-b64-f/config/traffic_trace.txt,results/20260926-144756-ws11-04-b64-f/config/topology.txt,results/20260926-144756-ws11-04-b64-f/raw/131206091/131206091_out_fct.txt,53e8c52eceef02c3b7fc4268280a406422831f137bc7368fb9e1f14781c4d497,scripts/verify_ws11_formal.py
WS-11,preregistered_formal,20260926-144756-ws11-04-b128-f,208fcee4c541da9b24ed26792b32ae681a30977f,1,fecmp,c77974bd1ce3acf792c5125afdf36a8e0899fa74ddb673ec6fa919fd88c54028,74a6f7154ca10c3cd6dfd45046c4f8abf0ce27faa8ad11446b6a52920b83afba,results/20260926-144756-ws11-04-b128-f/metadata.json,results/20260926-144756-ws11-04-b128-f/config/traffic_trace.txt,results/20260926-144756-ws11-04-b128-f/config/topology.txt,results/20260926-144756-ws11-04-b128-f/raw/957611779/957611779_out_fct.txt,faa491ce9ec7f515ec2a3e553e5f41217342e3c84e545d0ecc33ea0f1035d8c1,scripts/verify_ws11_formal.py
WS-11,preregistered_formal,20260926-144756-ws11-04-b128-p,208fcee4c541da9b24ed26792b32ae681a30977f,1,dualtrack,c77974bd1ce3acf792c5125afdf36a8e0899fa74ddb673ec6fa919fd88c54028,74a6f7154ca10c3cd6dfd45046c4f8abf0ce27faa8ad11446b6a52920b83afba,results/20260926-144756-ws11-04-b128-p/metadata.json,results/20260926-144756-ws11-04-b128-p/config/traffic_trace.txt,results/20260926-144756-ws11-04-b128-p/config/topology.txt,results/20260926-144756-ws11-04-b128-p/raw/804419174/804419174_out_fct.txt,37bf1b11e03641605d29c1d00e169d8503dc0a33dcb58659faaa4c359060597e,scripts/verify_ws11_formal.py
WS-11,preregistered_formal,20260926-144756-ws11-04-b192-p,208fcee4c541da9b24ed26792b32ae681a30977f,1,dualtrack,0ab9bddc85b402066633da50264c6cff32705ba93cac32598775c5f12610200c,74a6f7154ca10c3cd6dfd45046c4f8abf0ce27faa8ad11446b6a52920b83afba,results/20260926-144756-ws11-04-b192-p/metadata.json,results/20260926-144756-ws11-04-b192-p/config/traffic_trace.txt,results/20260926-144756-ws11-04-b192-p/config/topology.txt,results/20260926-144756-ws11-04-b192-p/raw/347382837/347382837_out_fct.txt,4a3dacd7da80a40f1b290d6cf16c61f077dc2ae098a36a369295dbf082904a39,scripts/verify_ws11_formal.py
WS-11,preregistered_formal,20260926-144756-ws11-04-b192-f,208fcee4c541da9b24ed26792b32ae681a30977f,1,fecmp,0ab9bddc85b402066633da50264c6cff32705ba93cac32598775c5f12610200c,74a6f7154ca10c3cd6dfd45046c4f8abf0ce27faa8ad11446b6a52920b83afba,results/20260926-144756-ws11-04-b192-f/metadata.json,results/20260926-144756-ws11-04-b192-f/config/traffic_trace.txt,results/20260926-144756-ws11-04-b192-f/config/topology.txt,results/20260926-144756-ws11-04-b192-f/raw/389037515/389037515_out_fct.txt,e9b4cb57c793360f9ea205ea75d4d2aaae916cec779d11ee1bb53fbf07a04939,scripts/verify_ws11_formal.py
WS-12,preregistered_formal,20260926-183537-ws12-o-b0-f,adae7956e3fc874d9237e62a6ea8e32b26d5def1,1,fecmp,9e00baa5c79ab45b107b82b4c18d43cbb9a1073101bf14123aedd2d90d2e89fd,74a6f7154ca10c3cd6dfd45046c4f8abf0ce27faa8ad11446b6a52920b83afba,results/20260926-183537-ws12-o-b0-f/metadata.json,results/20260926-183537-ws12-o-b0-f/config/traffic_trace.txt,results/20260926-183537-ws12-o-b0-f/config/topology.txt,results/20260926-183537-ws12-o-b0-f/raw/259628033/259628033_out_fct.txt,4c72ea2f069e1a8653f0916795e07fd38b956e517cf666f58afe7c4fd91bc3f9,scripts/verify_ws12_formal.py
WS-12,preregistered_formal,20260926-183537-ws12-o-b0-h,adae7956e3fc874d9237e62a6ea8e32b26d5def1,1,dualtrack,9e00baa5c79ab45b107b82b4c18d43cbb9a1073101bf14123aedd2d90d2e89fd,74a6f7154ca10c3cd6dfd45046c4f8abf0ce27faa8ad11446b6a52920b83afba,results/20260926-183537-ws12-o-b0-h/metadata.json,results/20260926-183537-ws12-o-b0-h/config/traffic_trace.txt,results/20260926-183537-ws12-o-b0-h/config/topology.txt,results/20260926-183537-ws12-o-b0-h/raw/976769872/976769872_out_fct.txt,e1403482dcdf203f98ec87317f2f502c36fb96aea218581c169dbe1df4075127,scripts/verify_ws12_formal.py
WS-12,preregistered_formal,20260926-183537-ws12-o-b0-r,adae7956e3fc874d9237e62a6ea8e32b26d5def1,1,packet-rr,9e00baa5c79ab45b107b82b4c18d43cbb9a1073101bf14123aedd2d90d2e89fd,74a6f7154ca10c3cd6dfd45046c4f8abf0ce27faa8ad11446b6a52920b83afba,results/20260926-183537-ws12-o-b0-r/metadata.json,results/20260926-183537-ws12-o-b0-r/config/traffic_trace.txt,results/20260926-183537-ws12-o-b0-r/config/topology.txt,results/20260926-183537-ws12-o-b0-r/raw/943960924/943960924_out_fct.txt,c123854ed401d2a7b2d21f077f3885c751066bdc3693b8124e4184aa4250c349,scripts/verify_ws12_formal.py
WS-12,preregistered_formal,20260926-183537-ws12-o-b0-s,adae7956e3fc874d9237e62a6ea8e32b26d5def1,1,packet-random,9e00baa5c79ab45b107b82b4c18d43cbb9a1073101bf14123aedd2d90d2e89fd,74a6f7154ca10c3cd6dfd45046c4f8abf0ce27faa8ad11446b6a52920b83afba,results/20260926-183537-ws12-o-b0-s/metadata.json,results/20260926-183537-ws12-o-b0-s/config/traffic_trace.txt,results/20260926-183537-ws12-o-b0-s/config/topology.txt,results/20260926-183537-ws12-o-b0-s/raw/263310832/263310832_out_fct.txt,9049f24dccb456030b497599537ca5055190bc7c162337a7b0cba928b1d07dc0,scripts/verify_ws12_formal.py
WS-12,preregistered_formal,20260926-183537-ws12-o-b0-a,adae7956e3fc874d9237e62a6ea8e32b26d5def1,1,packet-adaptive,9e00baa5c79ab45b107b82b4c18d43cbb9a1073101bf14123aedd2d90d2e89fd,74a6f7154ca10c3cd6dfd45046c4f8abf0ce27faa8ad11446b6a52920b83afba,results/20260926-183537-ws12-o-b0-a/metadata.json,results/20260926-183537-ws12-o-b0-a/config/traffic_trace.txt,results/20260926-183537-ws12-o-b0-a/config/topology.txt,results/20260926-183537-ws12-o-b0-a/raw/96775355/96775355_out_fct.txt,328adc2542a687215e5fe3ec50fbdd78ba83b18bd5ac598e923ad1cf6e8fe87f,scripts/verify_ws12_formal.py
WS-12,preregistered_formal,20260926-183537-ws12-o-b0-d,adae7956e3fc874d9237e62a6ea8e32b26d5def1,1,packet-drill,9e00baa5c79ab45b107b82b4c18d43cbb9a1073101bf14123aedd2d90d2e89fd,74a6f7154ca10c3cd6dfd45046c4f8abf0ce27faa8ad11446b6a52920b83afba,results/20260926-183537-ws12-o-b0-d/metadata.json,results/20260926-183537-ws12-o-b0-d/config/traffic_trace.txt,results/20260926-183537-ws12-o-b0-d/config/topology.txt,results/20260926-183537-ws12-o-b0-d/raw/807459773/807459773_out_fct.txt,f89be896dbcfe65c7d3945542b474ea044fe31f275fd2ceb08f9ac283587b026,scripts/verify_ws12_formal.py
WS-12,preregistered_formal,20260926-183537-ws12-o-b64-d,adae7956e3fc874d9237e62a6ea8e32b26d5def1,1,packet-drill,83d0b2ff46d683d243bcd1d4b2fc4c2fefa330324062d13dcfb878af5abdd7dc,74a6f7154ca10c3cd6dfd45046c4f8abf0ce27faa8ad11446b6a52920b83afba,results/20260926-183537-ws12-o-b64-d/metadata.json,results/20260926-183537-ws12-o-b64-d/config/traffic_trace.txt,results/20260926-183537-ws12-o-b64-d/config/topology.txt,results/20260926-183537-ws12-o-b64-d/raw/732534537/732534537_out_fct.txt,cc9f4265deeecdba14694936a81ce72461c595571eb7989db7eb2ce32254f139,scripts/verify_ws12_formal.py
WS-12,preregistered_formal,20260926-183537-ws12-o-b64-a,adae7956e3fc874d9237e62a6ea8e32b26d5def1,1,packet-adaptive,83d0b2ff46d683d243bcd1d4b2fc4c2fefa330324062d13dcfb878af5abdd7dc,74a6f7154ca10c3cd6dfd45046c4f8abf0ce27faa8ad11446b6a52920b83afba,results/20260926-183537-ws12-o-b64-a/metadata.json,results/20260926-183537-ws12-o-b64-a/config/traffic_trace.txt,results/20260926-183537-ws12-o-b64-a/config/topology.txt,results/20260926-183537-ws12-o-b64-a/raw/110836125/110836125_out_fct.txt,61d1f4e71fa4cdaec685a8175123d6fa57427f870dda4a502424e1a3163681c0,scripts/verify_ws12_formal.py
WS-12,preregistered_formal,20260926-183537-ws12-o-b64-s,adae7956e3fc874d9237e62a6ea8e32b26d5def1,1,packet-random,83d0b2ff46d683d243bcd1d4b2fc4c2fefa330324062d13dcfb878af5abdd7dc,74a6f7154ca10c3cd6dfd45046c4f8abf0ce27faa8ad11446b6a52920b83afba,results/20260926-183537-ws12-o-b64-s/metadata.json,results/20260926-183537-ws12-o-b64-s/config/traffic_trace.txt,results/20260926-183537-ws12-o-b64-s/config/topology.txt,results/20260926-183537-ws12-o-b64-s/raw/833344895/833344895_out_fct.txt,c7208483ad5e8274a8cb346608626d1f2a18223a916ff3dca768c4e95e78c539,scripts/verify_ws12_formal.py
WS-12,preregistered_formal,20260926-183537-ws12-o-b64-r,adae7956e3fc874d9237e62a6ea8e32b26d5def1,1,packet-rr,83d0b2ff46d683d243bcd1d4b2fc4c2fefa330324062d13dcfb878af5abdd7dc,74a6f7154ca10c3cd6dfd45046c4f8abf0ce27faa8ad11446b6a52920b83afba,results/20260926-183537-ws12-o-b64-r/metadata.json,results/20260926-183537-ws12-o-b64-r/config/traffic_trace.txt,results/20260926-183537-ws12-o-b64-r/config/topology.txt,results/20260926-183537-ws12-o-b64-r/raw/513467286/513467286_out_fct.txt,4d7d91e5c4d016f721701b771a760d0e4bd6850c5b5f77f2c70077c94b833601,scripts/verify_ws12_formal.py
WS-12,preregistered_formal,20260926-183537-ws12-o-b64-h,adae7956e3fc874d9237e62a6ea8e32b26d5def1,1,dualtrack,83d0b2ff46d683d243bcd1d4b2fc4c2fefa330324062d13dcfb878af5abdd7dc,74a6f7154ca10c3cd6dfd45046c4f8abf0ce27faa8ad11446b6a52920b83afba,results/20260926-183537-ws12-o-b64-h/metadata.json,results/20260926-183537-ws12-o-b64-h/config/traffic_trace.txt,results/20260926-183537-ws12-o-b64-h/config/topology.txt,results/20260926-183537-ws12-o-b64-h/raw/619657257/619657257_out_fct.txt,d42948e566f6596827003c9364cdc52c3bd165b18c95ea27f1a99672542f7187,scripts/verify_ws12_formal.py
WS-12,preregistered_formal,20260926-183537-ws12-o-b64-f,adae7956e3fc874d9237e62a6ea8e32b26d5def1,1,fecmp,83d0b2ff46d683d243bcd1d4b2fc4c2fefa330324062d13dcfb878af5abdd7dc,74a6f7154ca10c3cd6dfd45046c4f8abf0ce27faa8ad11446b6a52920b83afba,results/20260926-183537-ws12-o-b64-f/metadata.json,results/20260926-183537-ws12-o-b64-f/config/traffic_trace.txt,results/20260926-183537-ws12-o-b64-f/config/topology.txt,results/20260926-183537-ws12-o-b64-f/raw/825528293/825528293_out_fct.txt,b95164a76881edd9bab36ac03b56197184b9404d728e4804bfc9a61035815d16,scripts/verify_ws12_formal.py
WS-12,preregistered_formal,20260926-183537-ws12-o-b128-f,adae7956e3fc874d9237e62a6ea8e32b26d5def1,1,fecmp,d1dd382fb7cefc368cbfe10ad5a7db21566aa417e16248172559a7bd9283f5c5,74a6f7154ca10c3cd6dfd45046c4f8abf0ce27faa8ad11446b6a52920b83afba,results/20260926-183537-ws12-o-b128-f/metadata.json,results/20260926-183537-ws12-o-b128-f/config/traffic_trace.txt,results/20260926-183537-ws12-o-b128-f/config/topology.txt,results/20260926-183537-ws12-o-b128-f/raw/48036689/48036689_out_fct.txt,d5beffd0ccdf9b977f514f8db9f312b6aab3c46e171bada9e79b038e1364ad00,scripts/verify_ws12_formal.py
WS-12,preregistered_formal,20260926-183537-ws12-o-b128-h,adae7956e3fc874d9237e62a6ea8e32b26d5def1,1,dualtrack,d1dd382fb7cefc368cbfe10ad5a7db21566aa417e16248172559a7bd9283f5c5,74a6f7154ca10c3cd6dfd45046c4f8abf0ce27faa8ad11446b6a52920b83afba,results/20260926-183537-ws12-o-b128-h/metadata.json,results/20260926-183537-ws12-o-b128-h/config/traffic_trace.txt,results/20260926-183537-ws12-o-b128-h/config/topology.txt,results/20260926-183537-ws12-o-b128-h/raw/359126612/359126612_out_fct.txt,bd3922a3d670f90866c4ea0c1e1364d039ac144594f23802203b01bff2a2c2f1,scripts/verify_ws12_formal.py
WS-12,preregistered_formal,20260926-183537-ws12-o-b128-r,adae7956e3fc874d9237e62a6ea8e32b26d5def1,1,packet-rr,d1dd382fb7cefc368cbfe10ad5a7db21566aa417e16248172559a7bd9283f5c5,74a6f7154ca10c3cd6dfd45046c4f8abf0ce27faa8ad11446b6a52920b83afba,results/20260926-183537-ws12-o-b128-r/metadata.json,results/20260926-183537-ws12-o-b128-r/config/traffic_trace.txt,results/20260926-183537-ws12-o-b128-r/config/topology.txt,results/20260926-183537-ws12-o-b128-r/raw/213206646/213206646_out_fct.txt,2a773ce858533b9a8d492b5c7e7611af0528e8b48965ebe5faa02eb6138d8745,scripts/verify_ws12_formal.py
WS-12,preregistered_formal,20260926-183537-ws12-o-b128-s,adae7956e3fc874d9237e62a6ea8e32b26d5def1,1,packet-random,d1dd382fb7cefc368cbfe10ad5a7db21566aa417e16248172559a7bd9283f5c5,74a6f7154ca10c3cd6dfd45046c4f8abf0ce27faa8ad11446b6a52920b83afba,results/20260926-183537-ws12-o-b128-s/metadata.json,results/20260926-183537-ws12-o-b128-s/config/traffic_trace.txt,results/20260926-183537-ws12-o-b128-s/config/topology.txt,results/20260926-183537-ws12-o-b128-s/raw/126828662/126828662_out_fct.txt,01bd48f07b771f14e2bf41d92e4f01436fdb223928fe8575b14bb4d31aae016d,scripts/verify_ws12_formal.py
WS-12,preregistered_formal,20260926-183537-ws12-o-b128-a,adae7956e3fc874d9237e62a6ea8e32b26d5def1,1,packet-adaptive,d1dd382fb7cefc368cbfe10ad5a7db21566aa417e16248172559a7bd9283f5c5,74a6f7154ca10c3cd6dfd45046c4f8abf0ce27faa8ad11446b6a52920b83afba,results/20260926-183537-ws12-o-b128-a/metadata.json,results/20260926-183537-ws12-o-b128-a/config/traffic_trace.txt,results/20260926-183537-ws12-o-b128-a/config/topology.txt,results/20260926-183537-ws12-o-b128-a/raw/280371407/280371407_out_fct.txt,cf0692b66fc918c45eff1b04329c18b2557b024ee81ce1bad30ed75790a86c99,scripts/verify_ws12_formal.py
WS-12,preregistered_formal,20260926-183537-ws12-o-b128-d,adae7956e3fc874d9237e62a6ea8e32b26d5def1,1,packet-drill,d1dd382fb7cefc368cbfe10ad5a7db21566aa417e16248172559a7bd9283f5c5,74a6f7154ca10c3cd6dfd45046c4f8abf0ce27faa8ad11446b6a52920b83afba,results/20260926-183537-ws12-o-b128-d/metadata.json,results/20260926-183537-ws12-o-b128-d/config/traffic_trace.txt,results/20260926-183537-ws12-o-b128-d/config/topology.txt,results/20260926-183537-ws12-o-b128-d/raw/72332498/72332498_out_fct.txt,ab23a90202cbde04493eb5bd520f21c0f71f0dbd758963273acb444007be4b5d,scripts/verify_ws12_formal.py
WS-12,preregistered_formal,20260926-183537-ws12-o-b192-d,adae7956e3fc874d9237e62a6ea8e32b26d5def1,1,packet-drill,bf1a1960651b2d5bd27cd1304433d489363727a7c02d08c5c05df2b2415d9c8a,74a6f7154ca10c3cd6dfd45046c4f8abf0ce27faa8ad11446b6a52920b83afba,results/20260926-183537-ws12-o-b192-d/metadata.json,results/20260926-183537-ws12-o-b192-d/config/traffic_trace.txt,results/20260926-183537-ws12-o-b192-d/config/topology.txt,results/20260926-183537-ws12-o-b192-d/raw/405442627/405442627_out_fct.txt,fd1c232d4743b77ff84075d2a7e96b85a2c6a8b645bbff52da927567c0cd1618,scripts/verify_ws12_formal.py
WS-12,preregistered_formal,20260926-183537-ws12-o-b192-a,adae7956e3fc874d9237e62a6ea8e32b26d5def1,1,packet-adaptive,bf1a1960651b2d5bd27cd1304433d489363727a7c02d08c5c05df2b2415d9c8a,74a6f7154ca10c3cd6dfd45046c4f8abf0ce27faa8ad11446b6a52920b83afba,results/20260926-183537-ws12-o-b192-a/metadata.json,results/20260926-183537-ws12-o-b192-a/config/traffic_trace.txt,results/20260926-183537-ws12-o-b192-a/config/topology.txt,results/20260926-183537-ws12-o-b192-a/raw/241128789/241128789_out_fct.txt,b2f93b2e7f1641acf7a0807a64a3eaccb3198e8c4407260089cf27bcb19dd1b3,scripts/verify_ws12_formal.py
WS-12,preregistered_formal,20260926-183537-ws12-o-b192-s,adae7956e3fc874d9237e62a6ea8e32b26d5def1,1,packet-random,bf1a1960651b2d5bd27cd1304433d489363727a7c02d08c5c05df2b2415d9c8a,74a6f7154ca10c3cd6dfd45046c4f8abf0ce27faa8ad11446b6a52920b83afba,results/20260926-183537-ws12-o-b192-s/metadata.json,results/20260926-183537-ws12-o-b192-s/config/traffic_trace.txt,results/20260926-183537-ws12-o-b192-s/config/topology.txt,results/20260926-183537-ws12-o-b192-s/raw/205864098/205864098_out_fct.txt,eb96ca5f33cba1bfa3ac7aba9cb97030ad4609396e62651b40c524b0bd1fcf7c,scripts/verify_ws12_formal.py
WS-12,preregistered_formal,20260926-183537-ws12-o-b192-r,adae7956e3fc874d9237e62a6ea8e32b26d5def1,1,packet-rr,bf1a1960651b2d5bd27cd1304433d489363727a7c02d08c5c05df2b2415d9c8a,74a6f7154ca10c3cd6dfd45046c4f8abf0ce27faa8ad11446b6a52920b83afba,results/20260926-183537-ws12-o-b192-r/metadata.json,results/20260926-183537-ws12-o-b192-r/config/traffic_trace.txt,results/20260926-183537-ws12-o-b192-r/config/topology.txt,results/20260926-183537-ws12-o-b192-r/raw/761447605/761447605_out_fct.txt,fecb2edf3372e91bb57bee81d8a5450e5cf587451ee005b3e7de137522559a7e,scripts/verify_ws12_formal.py
WS-12,preregistered_formal,20260926-183537-ws12-o-b192-h,adae7956e3fc874d9237e62a6ea8e32b26d5def1,1,dualtrack,bf1a1960651b2d5bd27cd1304433d489363727a7c02d08c5c05df2b2415d9c8a,74a6f7154ca10c3cd6dfd45046c4f8abf0ce27faa8ad11446b6a52920b83afba,results/20260926-183537-ws12-o-b192-h/metadata.json,results/20260926-183537-ws12-o-b192-h/config/traffic_trace.txt,results/20260926-183537-ws12-o-b192-h/config/topology.txt,results/20260926-183537-ws12-o-b192-h/raw/230980086/230980086_out_fct.txt,e76888a283e7587ea90d4953b8bb7e95d030e26aaaaead34ccac014173d3e311,scripts/verify_ws12_formal.py
WS-12,preregistered_formal,20260926-183537-ws12-o-b192-f,adae7956e3fc874d9237e62a6ea8e32b26d5def1,1,fecmp,bf1a1960651b2d5bd27cd1304433d489363727a7c02d08c5c05df2b2415d9c8a,74a6f7154ca10c3cd6dfd45046c4f8abf0ce27faa8ad11446b6a52920b83afba,results/20260926-183537-ws12-o-b192-f/metadata.json,results/20260926-183537-ws12-o-b192-f/config/traffic_trace.txt,results/20260926-183537-ws12-o-b192-f/config/topology.txt,results/20260926-183537-ws12-o-b192-f/raw/967608511/967608511_out_fct.txt,9d600f055044d50a20ed0d036552922c9de916665af5a44a6791e77a755038e1,scripts/verify_ws12_formal.py
WS-12,preregistered_formal,20260926-183537-ws12-01-b0-f,adae7956e3fc874d9237e62a6ea8e32b26d5def1,1,fecmp,c03bd3ff4fa7e97ae54b38e8d5625da988d9025296b1ecd68a0e567b48fccb16,74a6f7154ca10c3cd6dfd45046c4f8abf0ce27faa8ad11446b6a52920b83afba,results/20260926-183537-ws12-01-b0-f/metadata.json,results/20260926-183537-ws12-01-b0-f/config/traffic_trace.txt,results/20260926-183537-ws12-01-b0-f/config/topology.txt,results/20260926-183537-ws12-01-b0-f/raw/85491764/85491764_out_fct.txt,6868d9a77e8740c417d5e20dd4fcb65c739b05b3b76e26ca11fcf513c878b6e3,scripts/verify_ws12_formal.py
WS-12,preregistered_formal,20260926-183537-ws12-01-b0-h,adae7956e3fc874d9237e62a6ea8e32b26d5def1,1,dualtrack,c03bd3ff4fa7e97ae54b38e8d5625da988d9025296b1ecd68a0e567b48fccb16,74a6f7154ca10c3cd6dfd45046c4f8abf0ce27faa8ad11446b6a52920b83afba,results/20260926-183537-ws12-01-b0-h/metadata.json,results/20260926-183537-ws12-01-b0-h/config/traffic_trace.txt,results/20260926-183537-ws12-01-b0-h/config/topology.txt,results/20260926-183537-ws12-01-b0-h/raw/264244944/264244944_out_fct.txt,9abb742537bea3e853fa85de179ba7d973c3455f13d03de662e27ec05147ba9a,scripts/verify_ws12_formal.py
WS-12,preregistered_formal,20260926-183537-ws12-01-b0-r,adae7956e3fc874d9237e62a6ea8e32b26d5def1,1,packet-rr,c03bd3ff4fa7e97ae54b38e8d5625da988d9025296b1ecd68a0e567b48fccb16,74a6f7154ca10c3cd6dfd45046c4f8abf0ce27faa8ad11446b6a52920b83afba,results/20260926-183537-ws12-01-b0-r/metadata.json,results/20260926-183537-ws12-01-b0-r/config/traffic_trace.txt,results/20260926-183537-ws12-01-b0-r/config/topology.txt,results/20260926-183537-ws12-01-b0-r/raw/179652582/179652582_out_fct.txt,279edb1c6f28e40cbe7b0841c1865caba6ea6394a801dd35952e8c0a18e44064,scripts/verify_ws12_formal.py
WS-12,preregistered_formal,20260926-183537-ws12-01-b0-s,adae7956e3fc874d9237e62a6ea8e32b26d5def1,1,packet-random,c03bd3ff4fa7e97ae54b38e8d5625da988d9025296b1ecd68a0e567b48fccb16,74a6f7154ca10c3cd6dfd45046c4f8abf0ce27faa8ad11446b6a52920b83afba,results/20260926-183537-ws12-01-b0-s/metadata.json,results/20260926-183537-ws12-01-b0-s/config/traffic_trace.txt,results/20260926-183537-ws12-01-b0-s/config/topology.txt,results/20260926-183537-ws12-01-b0-s/raw/821842946/821842946_out_fct.txt,cf45fc252a53582fa9c456dbda2e2d39703eaeb9ee3f27aef90f094656e82ace,scripts/verify_ws12_formal.py
WS-12,preregistered_formal,20260926-183537-ws12-01-b0-a,adae7956e3fc874d9237e62a6ea8e32b26d5def1,1,packet-adaptive,c03bd3ff4fa7e97ae54b38e8d5625da988d9025296b1ecd68a0e567b48fccb16,74a6f7154ca10c3cd6dfd45046c4f8abf0ce27faa8ad11446b6a52920b83afba,results/20260926-183537-ws12-01-b0-a/metadata.json,results/20260926-183537-ws12-01-b0-a/config/traffic_trace.txt,results/20260926-183537-ws12-01-b0-a/config/topology.txt,results/20260926-183537-ws12-01-b0-a/raw/540992406/540992406_out_fct.txt,79cd81363040ec1245c41941260bcf3737c9e6f3a5f31b31bffdcb15b11527b5,scripts/verify_ws12_formal.py
WS-12,preregistered_formal,20260926-183537-ws12-01-b0-d,adae7956e3fc874d9237e62a6ea8e32b26d5def1,1,packet-drill,c03bd3ff4fa7e97ae54b38e8d5625da988d9025296b1ecd68a0e567b48fccb16,74a6f7154ca10c3cd6dfd45046c4f8abf0ce27faa8ad11446b6a52920b83afba,results/20260926-183537-ws12-01-b0-d/metadata.json,results/20260926-183537-ws12-01-b0-d/config/traffic_trace.txt,results/20260926-183537-ws12-01-b0-d/config/topology.txt,results/20260926-183537-ws12-01-b0-d/raw/938272599/938272599_out_fct.txt,71b1068275d71572dfc8783fd949850ece4abf180d1103cb485b858f8d0dfc2b,scripts/verify_ws12_formal.py
WS-12,preregistered_formal,20260926-183537-ws12-01-b64-d,adae7956e3fc874d9237e62a6ea8e32b26d5def1,1,packet-drill,06906b5c3e1df3b5d358a89350723ba3904b7d5b6bd89bf760064a21999f9c26,74a6f7154ca10c3cd6dfd45046c4f8abf0ce27faa8ad11446b6a52920b83afba,results/20260926-183537-ws12-01-b64-d/metadata.json,results/20260926-183537-ws12-01-b64-d/config/traffic_trace.txt,results/20260926-183537-ws12-01-b64-d/config/topology.txt,results/20260926-183537-ws12-01-b64-d/raw/228394936/228394936_out_fct.txt,9b902b373533c7b9f2916c5faeff2b6369ceb66177335abef6e7ab7a2e967996,scripts/verify_ws12_formal.py
WS-12,preregistered_formal,20260926-183537-ws12-01-b64-a,adae7956e3fc874d9237e62a6ea8e32b26d5def1,1,packet-adaptive,06906b5c3e1df3b5d358a89350723ba3904b7d5b6bd89bf760064a21999f9c26,74a6f7154ca10c3cd6dfd45046c4f8abf0ce27faa8ad11446b6a52920b83afba,results/20260926-183537-ws12-01-b64-a/metadata.json,results/20260926-183537-ws12-01-b64-a/config/traffic_trace.txt,results/20260926-183537-ws12-01-b64-a/config/topology.txt,results/20260926-183537-ws12-01-b64-a/raw/157521841/157521841_out_fct.txt,cc95e24556e1a011e838f6edb7cdf3e04f62690e50bcabb62a087cc4715192b1,scripts/verify_ws12_formal.py
WS-12,preregistered_formal,20260926-183537-ws12-01-b64-s,adae7956e3fc874d9237e62a6ea8e32b26d5def1,1,packet-random,06906b5c3e1df3b5d358a89350723ba3904b7d5b6bd89bf760064a21999f9c26,74a6f7154ca10c3cd6dfd45046c4f8abf0ce27faa8ad11446b6a52920b83afba,results/20260926-183537-ws12-01-b64-s/metadata.json,results/20260926-183537-ws12-01-b64-s/config/traffic_trace.txt,results/20260926-183537-ws12-01-b64-s/config/topology.txt,results/20260926-183537-ws12-01-b64-s/raw/757516377/757516377_out_fct.txt,f8507ce950755ad3459d3e124bda783a8fad5331cc91893d30765a5a8789ac6f,scripts/verify_ws12_formal.py
WS-12,preregistered_formal,20260926-183537-ws12-01-b64-r,adae7956e3fc874d9237e62a6ea8e32b26d5def1,1,packet-rr,06906b5c3e1df3b5d358a89350723ba3904b7d5b6bd89bf760064a21999f9c26,74a6f7154ca10c3cd6dfd45046c4f8abf0ce27faa8ad11446b6a52920b83afba,results/20260926-183537-ws12-01-b64-r/metadata.json,results/20260926-183537-ws12-01-b64-r/config/traffic_trace.txt,results/20260926-183537-ws12-01-b64-r/config/topology.txt,results/20260926-183537-ws12-01-b64-r/raw/618087706/618087706_out_fct.txt,3b16eaac5c528e6ef0fde5458a5a80993b6eba2662ef20affbdcbc23d830a98b,scripts/verify_ws12_formal.py
WS-12,preregistered_formal,20260926-183537-ws12-01-b64-h,adae7956e3fc874d9237e62a6ea8e32b26d5def1,1,dualtrack,06906b5c3e1df3b5d358a89350723ba3904b7d5b6bd89bf760064a21999f9c26,74a6f7154ca10c3cd6dfd45046c4f8abf0ce27faa8ad11446b6a52920b83afba,results/20260926-183537-ws12-01-b64-h/metadata.json,results/20260926-183537-ws12-01-b64-h/config/traffic_trace.txt,results/20260926-183537-ws12-01-b64-h/config/topology.txt,results/20260926-183537-ws12-01-b64-h/raw/264100046/264100046_out_fct.txt,fccebdd58f9265ab4a0ef02bf1e46a8963986716c43dc0f29117eb7ae3a867ba,scripts/verify_ws12_formal.py
WS-12,preregistered_formal,20260926-183537-ws12-01-b64-f,adae7956e3fc874d9237e62a6ea8e32b26d5def1,1,fecmp,06906b5c3e1df3b5d358a89350723ba3904b7d5b6bd89bf760064a21999f9c26,74a6f7154ca10c3cd6dfd45046c4f8abf0ce27faa8ad11446b6a52920b83afba,results/20260926-183537-ws12-01-b64-f/metadata.json,results/20260926-183537-ws12-01-b64-f/config/traffic_trace.txt,results/20260926-183537-ws12-01-b64-f/config/topology.txt,results/20260926-183537-ws12-01-b64-f/raw/943645893/943645893_out_fct.txt,17d178e8aa071e66594a02e288be9476d64690bd04adfb6f7eaac1379e669839,scripts/verify_ws12_formal.py
WS-12,preregistered_formal,20260926-183537-ws12-01-b128-f,adae7956e3fc874d9237e62a6ea8e32b26d5def1,1,fecmp,214f0c46a548483c709ae02a38db8acfde8b3978ba0661702aa5a8fdb292bc77,74a6f7154ca10c3cd6dfd45046c4f8abf0ce27faa8ad11446b6a52920b83afba,results/20260926-183537-ws12-01-b128-f/metadata.json,results/20260926-183537-ws12-01-b128-f/config/traffic_trace.txt,results/20260926-183537-ws12-01-b128-f/config/topology.txt,results/20260926-183537-ws12-01-b128-f/raw/221214414/221214414_out_fct.txt,48e6755cc8a8e758a7e947f06533099d6656c76888c0bc6c13f8d261badcd218,scripts/verify_ws12_formal.py
WS-12,preregistered_formal,20260926-183537-ws12-01-b128-h,adae7956e3fc874d9237e62a6ea8e32b26d5def1,1,dualtrack,214f0c46a548483c709ae02a38db8acfde8b3978ba0661702aa5a8fdb292bc77,74a6f7154ca10c3cd6dfd45046c4f8abf0ce27faa8ad11446b6a52920b83afba,results/20260926-183537-ws12-01-b128-h/metadata.json,results/20260926-183537-ws12-01-b128-h/config/traffic_trace.txt,results/20260926-183537-ws12-01-b128-h/config/topology.txt,results/20260926-183537-ws12-01-b128-h/raw/590741706/590741706_out_fct.txt,b8fb278a72a7e0be5fb8dcc5e7ea82fdfaf94de022b8e0911bb7e1df83882213,scripts/verify_ws12_formal.py
WS-12,preregistered_formal,20260926-183537-ws12-01-b128-r,adae7956e3fc874d9237e62a6ea8e32b26d5def1,1,packet-rr,214f0c46a548483c709ae02a38db8acfde8b3978ba0661702aa5a8fdb292bc77,74a6f7154ca10c3cd6dfd45046c4f8abf0ce27faa8ad11446b6a52920b83afba,results/20260926-183537-ws12-01-b128-r/metadata.json,results/20260926-183537-ws12-01-b128-r/config/traffic_trace.txt,results/20260926-183537-ws12-01-b128-r/config/topology.txt,results/20260926-183537-ws12-01-b128-r/raw/689708607/689708607_out_fct.txt,6dd4b09b92f27ab119d47fc9ca9247149effba5e0c2d068174bd21b905dd1e53,scripts/verify_ws12_formal.py
WS-12,preregistered_formal,20260926-183537-ws12-01-b128-s,adae7956e3fc874d9237e62a6ea8e32b26d5def1,1,packet-random,214f0c46a548483c709ae02a38db8acfde8b3978ba0661702aa5a8fdb292bc77,74a6f7154ca10c3cd6dfd45046c4f8abf0ce27faa8ad11446b6a52920b83afba,results/20260926-183537-ws12-01-b128-s/metadata.json,results/20260926-183537-ws12-01-b128-s/config/traffic_trace.txt,results/20260926-183537-ws12-01-b128-s/config/topology.txt,results/20260926-183537-ws12-01-b128-s/raw/933048984/933048984_out_fct.txt,1b8fd9dc4f553b7357183e455a626779f409025ce78e063bd92abc77fe0677c8,scripts/verify_ws12_formal.py
WS-12,preregistered_formal,20260926-183537-ws12-01-b128-a,adae7956e3fc874d9237e62a6ea8e32b26d5def1,1,packet-adaptive,214f0c46a548483c709ae02a38db8acfde8b3978ba0661702aa5a8fdb292bc77,74a6f7154ca10c3cd6dfd45046c4f8abf0ce27faa8ad11446b6a52920b83afba,results/20260926-183537-ws12-01-b128-a/metadata.json,results/20260926-183537-ws12-01-b128-a/config/traffic_trace.txt,results/20260926-183537-ws12-01-b128-a/config/topology.txt,results/20260926-183537-ws12-01-b128-a/raw/161852777/161852777_out_fct.txt,b143655579dcb72b5f820691eac00ac81260ac35e1a8427bbd8eae2e8d95465a,scripts/verify_ws12_formal.py
WS-12,preregistered_formal,20260926-183537-ws12-01-b128-d,adae7956e3fc874d9237e62a6ea8e32b26d5def1,1,packet-drill,214f0c46a548483c709ae02a38db8acfde8b3978ba0661702aa5a8fdb292bc77,74a6f7154ca10c3cd6dfd45046c4f8abf0ce27faa8ad11446b6a52920b83afba,results/20260926-183537-ws12-01-b128-d/metadata.json,results/20260926-183537-ws12-01-b128-d/config/traffic_trace.txt,results/20260926-183537-ws12-01-b128-d/config/topology.txt,results/20260926-183537-ws12-01-b128-d/raw/94469077/94469077_out_fct.txt,31c364c58f94eee9a797acfdaa667959d193081f7511ddb167afe5c0b5881f3d,scripts/verify_ws12_formal.py
WS-12,preregistered_formal,20260926-183537-ws12-01-b192-d,adae7956e3fc874d9237e62a6ea8e32b26d5def1,1,packet-drill,c0a9dcec3ad8a9bfb882f1dc75a5eb986ca030ea092ae99af0f1070d7757c0f7,74a6f7154ca10c3cd6dfd45046c4f8abf0ce27faa8ad11446b6a52920b83afba,results/20260926-183537-ws12-01-b192-d/metadata.json,results/20260926-183537-ws12-01-b192-d/config/traffic_trace.txt,results/20260926-183537-ws12-01-b192-d/config/topology.txt,results/20260926-183537-ws12-01-b192-d/raw/230813038/230813038_out_fct.txt,be1dfded0d37a9585214c0b82f521b0f87496934adb33f8eeeee4fc0b0e3fe4d,scripts/verify_ws12_formal.py
WS-12,preregistered_formal,20260926-183537-ws12-01-b192-a,adae7956e3fc874d9237e62a6ea8e32b26d5def1,1,packet-adaptive,c0a9dcec3ad8a9bfb882f1dc75a5eb986ca030ea092ae99af0f1070d7757c0f7,74a6f7154ca10c3cd6dfd45046c4f8abf0ce27faa8ad11446b6a52920b83afba,results/20260926-183537-ws12-01-b192-a/metadata.json,results/20260926-183537-ws12-01-b192-a/config/traffic_trace.txt,results/20260926-183537-ws12-01-b192-a/config/topology.txt,results/20260926-183537-ws12-01-b192-a/raw/367293404/367293404_out_fct.txt,9be48173b8ab9a34e2199bfaa783600e8517c409e52cd255d22b2edf26858612,scripts/verify_ws12_formal.py
WS-12,preregistered_formal,20260926-183537-ws12-01-b192-s,adae7956e3fc874d9237e62a6ea8e32b26d5def1,1,packet-random,c0a9dcec3ad8a9bfb882f1dc75a5eb986ca030ea092ae99af0f1070d7757c0f7,74a6f7154ca10c3cd6dfd45046c4f8abf0ce27faa8ad11446b6a52920b83afba,results/20260926-183537-ws12-01-b192-s/metadata.json,results/20260926-183537-ws12-01-b192-s/config/traffic_trace.txt,results/20260926-183537-ws12-01-b192-s/config/topology.txt,results/20260926-183537-ws12-01-b192-s/raw/225460469/225460469_out_fct.txt,442a3dda031f08e16105235453ec16fbb85b092fa886bf36a241d104a4ae4179,scripts/verify_ws12_formal.py
WS-12,preregistered_formal,20260926-183537-ws12-01-b192-r,adae7956e3fc874d9237e62a6ea8e32b26d5def1,1,packet-rr,c0a9dcec3ad8a9bfb882f1dc75a5eb986ca030ea092ae99af0f1070d7757c0f7,74a6f7154ca10c3cd6dfd45046c4f8abf0ce27faa8ad11446b6a52920b83afba,results/20260926-183537-ws12-01-b192-r/metadata.json,results/20260926-183537-ws12-01-b192-r/config/traffic_trace.txt,results/20260926-183537-ws12-01-b192-r/config/topology.txt,results/20260926-183537-ws12-01-b192-r/raw/918265017/918265017_out_fct.txt,08a87851747ac9b78cba9f39ae456fedc19a80a1b180d54bc9ab56be3574f713,scripts/verify_ws12_formal.py
WS-12,preregistered_formal,20260926-183537-ws12-01-b192-h,adae7956e3fc874d9237e62a6ea8e32b26d5def1,1,dualtrack,c0a9dcec3ad8a9bfb882f1dc75a5eb986ca030ea092ae99af0f1070d7757c0f7,74a6f7154ca10c3cd6dfd45046c4f8abf0ce27faa8ad11446b6a52920b83afba,results/20260926-183537-ws12-01-b192-h/metadata.json,results/20260926-183537-ws12-01-b192-h/config/traffic_trace.txt,results/20260926-183537-ws12-01-b192-h/config/topology.txt,results/20260926-183537-ws12-01-b192-h/raw/628939530/628939530_out_fct.txt,9b430506c01decbb55e245a723790a2429ac0af858c6c903e7f301fe1ef21ae9,scripts/verify_ws12_formal.py
WS-12,preregistered_formal,20260926-183537-ws12-01-b192-f,adae7956e3fc874d9237e62a6ea8e32b26d5def1,1,fecmp,c0a9dcec3ad8a9bfb882f1dc75a5eb986ca030ea092ae99af0f1070d7757c0f7,74a6f7154ca10c3cd6dfd45046c4f8abf0ce27faa8ad11446b6a52920b83afba,results/20260926-183537-ws12-01-b192-f/metadata.json,results/20260926-183537-ws12-01-b192-f/config/traffic_trace.txt,results/20260926-183537-ws12-01-b192-f/config/topology.txt,results/20260926-183537-ws12-01-b192-f/raw/853330636/853330636_out_fct.txt,4730a34cbe2c0eff0f928f94864bbbb0fa53b5011510dae7692842a01d76768e,scripts/verify_ws12_formal.py
WS-12,preregistered_formal,20260926-183537-ws12-02-b0-f,adae7956e3fc874d9237e62a6ea8e32b26d5def1,1,fecmp,ba3bbd3410b854b12270784820cc0d8d58f314eb11e446d97059a88e56375658,74a6f7154ca10c3cd6dfd45046c4f8abf0ce27faa8ad11446b6a52920b83afba,results/20260926-183537-ws12-02-b0-f/metadata.json,results/20260926-183537-ws12-02-b0-f/config/traffic_trace.txt,results/20260926-183537-ws12-02-b0-f/config/topology.txt,results/20260926-183537-ws12-02-b0-f/raw/995042878/995042878_out_fct.txt,87237ae9710fdc2021972ec401b5cc467a923fa82353e4dd6ced874f3f2e82bb,scripts/verify_ws12_formal.py
WS-12,preregistered_formal,20260926-183537-ws12-02-b0-h,adae7956e3fc874d9237e62a6ea8e32b26d5def1,1,dualtrack,ba3bbd3410b854b12270784820cc0d8d58f314eb11e446d97059a88e56375658,74a6f7154ca10c3cd6dfd45046c4f8abf0ce27faa8ad11446b6a52920b83afba,results/20260926-183537-ws12-02-b0-h/metadata.json,results/20260926-183537-ws12-02-b0-h/config/traffic_trace.txt,results/20260926-183537-ws12-02-b0-h/config/topology.txt,results/20260926-183537-ws12-02-b0-h/raw/302388678/302388678_out_fct.txt,d12fda69defb58ca767099dd72ab8c86ac85f052f7dc4ba8d6bb646db386f6eb,scripts/verify_ws12_formal.py
WS-12,preregistered_formal,20260926-183537-ws12-02-b0-r,adae7956e3fc874d9237e62a6ea8e32b26d5def1,1,packet-rr,ba3bbd3410b854b12270784820cc0d8d58f314eb11e446d97059a88e56375658,74a6f7154ca10c3cd6dfd45046c4f8abf0ce27faa8ad11446b6a52920b83afba,results/20260926-183537-ws12-02-b0-r/metadata.json,results/20260926-183537-ws12-02-b0-r/config/traffic_trace.txt,results/20260926-183537-ws12-02-b0-r/config/topology.txt,results/20260926-183537-ws12-02-b0-r/raw/769241884/769241884_out_fct.txt,617f0e6075457a5a46d39622d29de94d47cc1c410b3f02979cfee0145c80dc15,scripts/verify_ws12_formal.py
WS-12,preregistered_formal,20260926-183537-ws12-02-b0-s,adae7956e3fc874d9237e62a6ea8e32b26d5def1,1,packet-random,ba3bbd3410b854b12270784820cc0d8d58f314eb11e446d97059a88e56375658,74a6f7154ca10c3cd6dfd45046c4f8abf0ce27faa8ad11446b6a52920b83afba,results/20260926-183537-ws12-02-b0-s/metadata.json,results/20260926-183537-ws12-02-b0-s/config/traffic_trace.txt,results/20260926-183537-ws12-02-b0-s/config/topology.txt,results/20260926-183537-ws12-02-b0-s/raw/370666896/370666896_out_fct.txt,64ab0c6ba91ec0ba6b1f422e32dbfae87d7a5de92a19f2194e2b3f8a9c3a435f,scripts/verify_ws12_formal.py
WS-12,preregistered_formal,20260926-183537-ws12-02-b0-a,adae7956e3fc874d9237e62a6ea8e32b26d5def1,1,packet-adaptive,ba3bbd3410b854b12270784820cc0d8d58f314eb11e446d97059a88e56375658,74a6f7154ca10c3cd6dfd45046c4f8abf0ce27faa8ad11446b6a52920b83afba,results/20260926-183537-ws12-02-b0-a/metadata.json,results/20260926-183537-ws12-02-b0-a/config/traffic_trace.txt,results/20260926-183537-ws12-02-b0-a/config/topology.txt,results/20260926-183537-ws12-02-b0-a/raw/369297938/369297938_out_fct.txt,3386acdb0101b3d37692d3c328fc8da84791af9718008c2fd31231a4857f6066,scripts/verify_ws12_formal.py
WS-12,preregistered_formal,20260926-183537-ws12-02-b0-d,adae7956e3fc874d9237e62a6ea8e32b26d5def1,1,packet-drill,ba3bbd3410b854b12270784820cc0d8d58f314eb11e446d97059a88e56375658,74a6f7154ca10c3cd6dfd45046c4f8abf0ce27faa8ad11446b6a52920b83afba,results/20260926-183537-ws12-02-b0-d/metadata.json,results/20260926-183537-ws12-02-b0-d/config/traffic_trace.txt,results/20260926-183537-ws12-02-b0-d/config/topology.txt,results/20260926-183537-ws12-02-b0-d/raw/19314852/19314852_out_fct.txt,e1d838bcd1ceabde7a35456ee370a0e008ecc95b4fbbb2a4db231d77668b164a,scripts/verify_ws12_formal.py
WS-12,preregistered_formal,20260926-183537-ws12-02-b64-d,adae7956e3fc874d9237e62a6ea8e32b26d5def1,1,packet-drill,4962629a5fc9bda748a67a268204e25ec8147dab662626e7ccfdaee1381893f9,74a6f7154ca10c3cd6dfd45046c4f8abf0ce27faa8ad11446b6a52920b83afba,results/20260926-183537-ws12-02-b64-d/metadata.json,results/20260926-183537-ws12-02-b64-d/config/traffic_trace.txt,results/20260926-183537-ws12-02-b64-d/config/topology.txt,results/20260926-183537-ws12-02-b64-d/raw/605155263/605155263_out_fct.txt,8e66ae0480321e84bad2caacec1f8d25d07bc9d30fe6680de4cb6b017c27adfa,scripts/verify_ws12_formal.py
WS-12,preregistered_formal,20260926-183537-ws12-02-b64-a,adae7956e3fc874d9237e62a6ea8e32b26d5def1,1,packet-adaptive,4962629a5fc9bda748a67a268204e25ec8147dab662626e7ccfdaee1381893f9,74a6f7154ca10c3cd6dfd45046c4f8abf0ce27faa8ad11446b6a52920b83afba,results/20260926-183537-ws12-02-b64-a/metadata.json,results/20260926-183537-ws12-02-b64-a/config/traffic_trace.txt,results/20260926-183537-ws12-02-b64-a/config/topology.txt,results/20260926-183537-ws12-02-b64-a/raw/413989601/413989601_out_fct.txt,6c4129cee68de16f61bd88fa6cb23994be3e54c02c235d5aca9c17237ed3ebad,scripts/verify_ws12_formal.py
WS-12,preregistered_formal,20260926-183537-ws12-02-b64-s,adae7956e3fc874d9237e62a6ea8e32b26d5def1,1,packet-random,4962629a5fc9bda748a67a268204e25ec8147dab662626e7ccfdaee1381893f9,74a6f7154ca10c3cd6dfd45046c4f8abf0ce27faa8ad11446b6a52920b83afba,results/20260926-183537-ws12-02-b64-s/metadata.json,results/20260926-183537-ws12-02-b64-s/config/traffic_trace.txt,results/20260926-183537-ws12-02-b64-s/config/topology.txt,results/20260926-183537-ws12-02-b64-s/raw/199315402/199315402_out_fct.txt,b799d9be80243c7482aab061b821cf0c0e201d10f10ef8a948b670f59d8a1264,scripts/verify_ws12_formal.py
WS-12,preregistered_formal,20260926-183537-ws12-02-b64-r,adae7956e3fc874d9237e62a6ea8e32b26d5def1,1,packet-rr,4962629a5fc9bda748a67a268204e25ec8147dab662626e7ccfdaee1381893f9,74a6f7154ca10c3cd6dfd45046c4f8abf0ce27faa8ad11446b6a52920b83afba,results/20260926-183537-ws12-02-b64-r/metadata.json,results/20260926-183537-ws12-02-b64-r/config/traffic_trace.txt,results/20260926-183537-ws12-02-b64-r/config/topology.txt,results/20260926-183537-ws12-02-b64-r/raw/188408274/188408274_out_fct.txt,b51c074c714d2137e3f9303c53e619f278451b647d06899ec82bf2ff851a4d39,scripts/verify_ws12_formal.py
WS-12,preregistered_formal,20260926-183537-ws12-02-b64-h,adae7956e3fc874d9237e62a6ea8e32b26d5def1,1,dualtrack,4962629a5fc9bda748a67a268204e25ec8147dab662626e7ccfdaee1381893f9,74a6f7154ca10c3cd6dfd45046c4f8abf0ce27faa8ad11446b6a52920b83afba,results/20260926-183537-ws12-02-b64-h/metadata.json,results/20260926-183537-ws12-02-b64-h/config/traffic_trace.txt,results/20260926-183537-ws12-02-b64-h/config/topology.txt,results/20260926-183537-ws12-02-b64-h/raw/168184064/168184064_out_fct.txt,eeb4e9dbb4896dc096dbdcf0f1c92f258f1583c270c7c2cf0f9bceede5f94262,scripts/verify_ws12_formal.py
WS-12,preregistered_formal,20260926-183537-ws12-02-b64-f,adae7956e3fc874d9237e62a6ea8e32b26d5def1,1,fecmp,4962629a5fc9bda748a67a268204e25ec8147dab662626e7ccfdaee1381893f9,74a6f7154ca10c3cd6dfd45046c4f8abf0ce27faa8ad11446b6a52920b83afba,results/20260926-183537-ws12-02-b64-f/metadata.json,results/20260926-183537-ws12-02-b64-f/config/traffic_trace.txt,results/20260926-183537-ws12-02-b64-f/config/topology.txt,results/20260926-183537-ws12-02-b64-f/raw/82918651/82918651_out_fct.txt,6c4a480a54778074b8be4da73bcff72f7758a4dc290b08ba9b75a1c029261299,scripts/verify_ws12_formal.py
WS-12,preregistered_formal,20260926-183537-ws12-02-b128-f,adae7956e3fc874d9237e62a6ea8e32b26d5def1,1,fecmp,41b9dfd0f2f63de824f08f64e414fb944302edced18d378644f7892df64a82ec,74a6f7154ca10c3cd6dfd45046c4f8abf0ce27faa8ad11446b6a52920b83afba,results/20260926-183537-ws12-02-b128-f/metadata.json,results/20260926-183537-ws12-02-b128-f/config/traffic_trace.txt,results/20260926-183537-ws12-02-b128-f/config/topology.txt,results/20260926-183537-ws12-02-b128-f/raw/770933717/770933717_out_fct.txt,bfdf5bcc67fe2da608ae9217d0b5282a689fc5f03d28ce1fb9ce7d4f71a05781,scripts/verify_ws12_formal.py
WS-12,preregistered_formal,20260926-183537-ws12-02-b128-h,adae7956e3fc874d9237e62a6ea8e32b26d5def1,1,dualtrack,41b9dfd0f2f63de824f08f64e414fb944302edced18d378644f7892df64a82ec,74a6f7154ca10c3cd6dfd45046c4f8abf0ce27faa8ad11446b6a52920b83afba,results/20260926-183537-ws12-02-b128-h/metadata.json,results/20260926-183537-ws12-02-b128-h/config/traffic_trace.txt,results/20260926-183537-ws12-02-b128-h/config/topology.txt,results/20260926-183537-ws12-02-b128-h/raw/991780137/991780137_out_fct.txt,a32a5e50446f0fedd48aceb8adac85dd15a7ca03474a43701ef9054e1cb8d846,scripts/verify_ws12_formal.py
WS-12,preregistered_formal,20260926-183537-ws12-02-b128-r,adae7956e3fc874d9237e62a6ea8e32b26d5def1,1,packet-rr,41b9dfd0f2f63de824f08f64e414fb944302edced18d378644f7892df64a82ec,74a6f7154ca10c3cd6dfd45046c4f8abf0ce27faa8ad11446b6a52920b83afba,results/20260926-183537-ws12-02-b128-r/metadata.json,results/20260926-183537-ws12-02-b128-r/config/traffic_trace.txt,results/20260926-183537-ws12-02-b128-r/config/topology.txt,results/20260926-183537-ws12-02-b128-r/raw/300571746/300571746_out_fct.txt,7649b24d2f4c7cac5a58d8cef1815080a80d4a6899aab96f16985383a814eae3,scripts/verify_ws12_formal.py
WS-12,preregistered_formal,20260926-183537-ws12-02-b128-s,adae7956e3fc874d9237e62a6ea8e32b26d5def1,1,packet-random,41b9dfd0f2f63de824f08f64e414fb944302edced18d378644f7892df64a82ec,74a6f7154ca10c3cd6dfd45046c4f8abf0ce27faa8ad11446b6a52920b83afba,results/20260926-183537-ws12-02-b128-s/metadata.json,results/20260926-183537-ws12-02-b128-s/config/traffic_trace.txt,results/20260926-183537-ws12-02-b128-s/config/topology.txt,results/20260926-183537-ws12-02-b128-s/raw/43428332/43428332_out_fct.txt,d492eb1cbd1e7b9aa60807201028c44c410a741dca41791b33c6151eecb15e82,scripts/verify_ws12_formal.py
WS-12,preregistered_formal,20260926-183537-ws12-02-b128-a,adae7956e3fc874d9237e62a6ea8e32b26d5def1,1,packet-adaptive,41b9dfd0f2f63de824f08f64e414fb944302edced18d378644f7892df64a82ec,74a6f7154ca10c3cd6dfd45046c4f8abf0ce27faa8ad11446b6a52920b83afba,results/20260926-183537-ws12-02-b128-a/metadata.json,results/20260926-183537-ws12-02-b128-a/config/traffic_trace.txt,results/20260926-183537-ws12-02-b128-a/config/topology.txt,results/20260926-183537-ws12-02-b128-a/raw/545838132/545838132_out_fct.txt,8c0de3f60fea5eb7ecbd40e75e730d28ee5cef4e4d97a1f0902aeed7f528a8cb,scripts/verify_ws12_formal.py
WS-12,preregistered_formal,20260926-183537-ws12-02-b128-d,adae7956e3fc874d9237e62a6ea8e32b26d5def1,1,packet-drill,41b9dfd0f2f63de824f08f64e414fb944302edced18d378644f7892df64a82ec,74a6f7154ca10c3cd6dfd45046c4f8abf0ce27faa8ad11446b6a52920b83afba,results/20260926-183537-ws12-02-b128-d/metadata.json,results/20260926-183537-ws12-02-b128-d/config/traffic_trace.txt,results/20260926-183537-ws12-02-b128-d/config/topology.txt,results/20260926-183537-ws12-02-b128-d/raw/397139117/397139117_out_fct.txt,8cebfaa1209d230bff39a43d7bf62eb701d6a12cf41c2fd1b4430197cb3a887f,scripts/verify_ws12_formal.py
WS-12,preregistered_formal,20260926-183537-ws12-02-b192-d,adae7956e3fc874d9237e62a6ea8e32b26d5def1,1,packet-drill,be70b8e10c9c4de836783ebc69be3077bb93b178fafb518ef49af9508a65cccb,74a6f7154ca10c3cd6dfd45046c4f8abf0ce27faa8ad11446b6a52920b83afba,results/20260926-183537-ws12-02-b192-d/metadata.json,results/20260926-183537-ws12-02-b192-d/config/traffic_trace.txt,results/20260926-183537-ws12-02-b192-d/config/topology.txt,results/20260926-183537-ws12-02-b192-d/raw/942392602/942392602_out_fct.txt,089e970ba68fcd8e0e504507838b26874f4a28a5d278f12739848b94e4de9b64,scripts/verify_ws12_formal.py
WS-12,preregistered_formal,20260926-183537-ws12-02-b192-a,adae7956e3fc874d9237e62a6ea8e32b26d5def1,1,packet-adaptive,be70b8e10c9c4de836783ebc69be3077bb93b178fafb518ef49af9508a65cccb,74a6f7154ca10c3cd6dfd45046c4f8abf0ce27faa8ad11446b6a52920b83afba,results/20260926-183537-ws12-02-b192-a/metadata.json,results/20260926-183537-ws12-02-b192-a/config/traffic_trace.txt,results/20260926-183537-ws12-02-b192-a/config/topology.txt,results/20260926-183537-ws12-02-b192-a/raw/632023804/632023804_out_fct.txt,ed023af30a9282ce7a5affd2832a5698f90d122b8b2c15fae73229f2c3fd1a0e,scripts/verify_ws12_formal.py
WS-12,preregistered_formal,20260926-183537-ws12-02-b192-s,adae7956e3fc874d9237e62a6ea8e32b26d5def1,1,packet-random,be70b8e10c9c4de836783ebc69be3077bb93b178fafb518ef49af9508a65cccb,74a6f7154ca10c3cd6dfd45046c4f8abf0ce27faa8ad11446b6a52920b83afba,results/20260926-183537-ws12-02-b192-s/metadata.json,results/20260926-183537-ws12-02-b192-s/config/traffic_trace.txt,results/20260926-183537-ws12-02-b192-s/config/topology.txt,results/20260926-183537-ws12-02-b192-s/raw/260510444/260510444_out_fct.txt,03e711325f9bf3272e86aea78ebe11eb90689401a69cbd85c19dd688d130d373,scripts/verify_ws12_formal.py
WS-12,preregistered_formal,20260926-183537-ws12-02-b192-r,adae7956e3fc874d9237e62a6ea8e32b26d5def1,1,packet-rr,be70b8e10c9c4de836783ebc69be3077bb93b178fafb518ef49af9508a65cccb,74a6f7154ca10c3cd6dfd45046c4f8abf0ce27faa8ad11446b6a52920b83afba,results/20260926-183537-ws12-02-b192-r/metadata.json,results/20260926-183537-ws12-02-b192-r/config/traffic_trace.txt,results/20260926-183537-ws12-02-b192-r/config/topology.txt,results/20260926-183537-ws12-02-b192-r/raw/720545097/720545097_out_fct.txt,bcac8be90302aeb818dec43e4c2b8e22a0f2c1d415848b7f4dcc5e0b38b26833,scripts/verify_ws12_formal.py
WS-12,preregistered_formal,20260926-183537-ws12-02-b192-h,adae7956e3fc874d9237e62a6ea8e32b26d5def1,1,dualtrack,be70b8e10c9c4de836783ebc69be3077bb93b178fafb518ef49af9508a65cccb,74a6f7154ca10c3cd6dfd45046c4f8abf0ce27faa8ad11446b6a52920b83afba,results/20260926-183537-ws12-02-b192-h/metadata.json,results/20260926-183537-ws12-02-b192-h/config/traffic_trace.txt,results/20260926-183537-ws12-02-b192-h/config/topology.txt,results/20260926-183537-ws12-02-b192-h/raw/688457165/688457165_out_fct.txt,03c86a7e62bb45baa95376cb10fc00584014ff73f6b464548f6fd55034e81c02,scripts/verify_ws12_formal.py
WS-12,preregistered_formal,20260926-183537-ws12-02-b192-f,adae7956e3fc874d9237e62a6ea8e32b26d5def1,1,fecmp,be70b8e10c9c4de836783ebc69be3077bb93b178fafb518ef49af9508a65cccb,74a6f7154ca10c3cd6dfd45046c4f8abf0ce27faa8ad11446b6a52920b83afba,results/20260926-183537-ws12-02-b192-f/metadata.json,results/20260926-183537-ws12-02-b192-f/config/traffic_trace.txt,results/20260926-183537-ws12-02-b192-f/config/topology.txt,results/20260926-183537-ws12-02-b192-f/raw/428484630/428484630_out_fct.txt,33d2258be60ca4b202ff9bc98af0a22ebf28ec5d1525b94e284a0ead3fab734d,scripts/verify_ws12_formal.py
WS-12,preregistered_formal,20260926-183537-ws12-03-b0-f,adae7956e3fc874d9237e62a6ea8e32b26d5def1,1,fecmp,6d250ad2dc74723cda532ead92859384cfcac7d65171eb2317aed4d3fed66eba,74a6f7154ca10c3cd6dfd45046c4f8abf0ce27faa8ad11446b6a52920b83afba,results/20260926-183537-ws12-03-b0-f/metadata.json,results/20260926-183537-ws12-03-b0-f/config/traffic_trace.txt,results/20260926-183537-ws12-03-b0-f/config/topology.txt,results/20260926-183537-ws12-03-b0-f/raw/836530268/836530268_out_fct.txt,7a942799e01b2cbbe6236a22ce3f0450d2952ef39e8ede85f9c950394e75f112,scripts/verify_ws12_formal.py
WS-12,preregistered_formal,20260926-183537-ws12-03-b0-h,adae7956e3fc874d9237e62a6ea8e32b26d5def1,1,dualtrack,6d250ad2dc74723cda532ead92859384cfcac7d65171eb2317aed4d3fed66eba,74a6f7154ca10c3cd6dfd45046c4f8abf0ce27faa8ad11446b6a52920b83afba,results/20260926-183537-ws12-03-b0-h/metadata.json,results/20260926-183537-ws12-03-b0-h/config/traffic_trace.txt,results/20260926-183537-ws12-03-b0-h/config/topology.txt,results/20260926-183537-ws12-03-b0-h/raw/902464452/902464452_out_fct.txt,54f4e18aefd5ef80caeda596adfc8b09d8a27bf9f771ba7d2b11face45e01eb1,scripts/verify_ws12_formal.py
WS-12,preregistered_formal,20260926-183537-ws12-03-b0-r,adae7956e3fc874d9237e62a6ea8e32b26d5def1,1,packet-rr,6d250ad2dc74723cda532ead92859384cfcac7d65171eb2317aed4d3fed66eba,74a6f7154ca10c3cd6dfd45046c4f8abf0ce27faa8ad11446b6a52920b83afba,results/20260926-183537-ws12-03-b0-r/metadata.json,results/20260926-183537-ws12-03-b0-r/config/traffic_trace.txt,results/20260926-183537-ws12-03-b0-r/config/topology.txt,results/20260926-183537-ws12-03-b0-r/raw/257022322/257022322_out_fct.txt,930da40ef4fe8e7a1d3a69ce8802ac1477fdda34cb335bcc816848d7448bbf88,scripts/verify_ws12_formal.py
WS-12,preregistered_formal,20260926-183537-ws12-03-b0-s,adae7956e3fc874d9237e62a6ea8e32b26d5def1,1,packet-random,6d250ad2dc74723cda532ead92859384cfcac7d65171eb2317aed4d3fed66eba,74a6f7154ca10c3cd6dfd45046c4f8abf0ce27faa8ad11446b6a52920b83afba,results/20260926-183537-ws12-03-b0-s/metadata.json,results/20260926-183537-ws12-03-b0-s/config/traffic_trace.txt,results/20260926-183537-ws12-03-b0-s/config/topology.txt,results/20260926-183537-ws12-03-b0-s/raw/747679344/747679344_out_fct.txt,ac66803ef833d45f473c35cad6a10251a61b524136c015f458c86811e7052506,scripts/verify_ws12_formal.py
WS-12,preregistered_formal,20260926-183537-ws12-03-b0-a,adae7956e3fc874d9237e62a6ea8e32b26d5def1,1,packet-adaptive,6d250ad2dc74723cda532ead92859384cfcac7d65171eb2317aed4d3fed66eba,74a6f7154ca10c3cd6dfd45046c4f8abf0ce27faa8ad11446b6a52920b83afba,results/20260926-183537-ws12-03-b0-a/metadata.json,results/20260926-183537-ws12-03-b0-a/config/traffic_trace.txt,results/20260926-183537-ws12-03-b0-a/config/topology.txt,results/20260926-183537-ws12-03-b0-a/raw/147157296/147157296_out_fct.txt,e6afb06ca7ff71430328c0cdae035da92d491aff8defb48f8014907bd5b2918c,scripts/verify_ws12_formal.py
WS-12,preregistered_formal,20260926-183537-ws12-03-b0-d,adae7956e3fc874d9237e62a6ea8e32b26d5def1,1,packet-drill,6d250ad2dc74723cda532ead92859384cfcac7d65171eb2317aed4d3fed66eba,74a6f7154ca10c3cd6dfd45046c4f8abf0ce27faa8ad11446b6a52920b83afba,results/20260926-183537-ws12-03-b0-d/metadata.json,results/20260926-183537-ws12-03-b0-d/config/traffic_trace.txt,results/20260926-183537-ws12-03-b0-d/config/topology.txt,results/20260926-183537-ws12-03-b0-d/raw/926203604/926203604_out_fct.txt,3eb39b5eca1a510a111e09300a974cf5c5f3841d0b90edb251d3756684dd64b1,scripts/verify_ws12_formal.py
WS-12,preregistered_formal,20260926-183537-ws12-03-b64-d,adae7956e3fc874d9237e62a6ea8e32b26d5def1,1,packet-drill,abced9265ead03c3357568a4fc1949e9701bb89eb7e820d2eaf6ff699d924765,74a6f7154ca10c3cd6dfd45046c4f8abf0ce27faa8ad11446b6a52920b83afba,results/20260926-183537-ws12-03-b64-d/metadata.json,results/20260926-183537-ws12-03-b64-d/config/traffic_trace.txt,results/20260926-183537-ws12-03-b64-d/config/topology.txt,results/20260926-183537-ws12-03-b64-d/raw/28125473/28125473_out_fct.txt,72d3ec34a89f9b5c55c59f021d08632798b24b014b00dc3c129f99e72f187f9c,scripts/verify_ws12_formal.py
WS-12,preregistered_formal,20260926-183537-ws12-03-b64-a,adae7956e3fc874d9237e62a6ea8e32b26d5def1,1,packet-adaptive,abced9265ead03c3357568a4fc1949e9701bb89eb7e820d2eaf6ff699d924765,74a6f7154ca10c3cd6dfd45046c4f8abf0ce27faa8ad11446b6a52920b83afba,results/20260926-183537-ws12-03-b64-a/metadata.json,results/20260926-183537-ws12-03-b64-a/config/traffic_trace.txt,results/20260926-183537-ws12-03-b64-a/config/topology.txt,results/20260926-183537-ws12-03-b64-a/raw/874684822/874684822_out_fct.txt,2004fa2cf203518a5c46609c712fde8eecd6da25b06c1f886e6a67fdfff815a1,scripts/verify_ws12_formal.py
WS-12,preregistered_formal,20260926-183537-ws12-03-b64-s,adae7956e3fc874d9237e62a6ea8e32b26d5def1,1,packet-random,abced9265ead03c3357568a4fc1949e9701bb89eb7e820d2eaf6ff699d924765,74a6f7154ca10c3cd6dfd45046c4f8abf0ce27faa8ad11446b6a52920b83afba,results/20260926-183537-ws12-03-b64-s/metadata.json,results/20260926-183537-ws12-03-b64-s/config/traffic_trace.txt,results/20260926-183537-ws12-03-b64-s/config/topology.txt,results/20260926-183537-ws12-03-b64-s/raw/940817619/940817619_out_fct.txt,4138ff727bc8e295d672e654a32d516fef58d9dbf1535f129eeab2c777e73ff3,scripts/verify_ws12_formal.py
WS-12,preregistered_formal,20260926-183537-ws12-03-b64-r,adae7956e3fc874d9237e62a6ea8e32b26d5def1,1,packet-rr,abced9265ead03c3357568a4fc1949e9701bb89eb7e820d2eaf6ff699d924765,74a6f7154ca10c3cd6dfd45046c4f8abf0ce27faa8ad11446b6a52920b83afba,results/20260926-183537-ws12-03-b64-r/metadata.json,results/20260926-183537-ws12-03-b64-r/config/traffic_trace.txt,results/20260926-183537-ws12-03-b64-r/config/topology.txt,results/20260926-183537-ws12-03-b64-r/raw/328246604/328246604_out_fct.txt,3ec7be2a9fe2c5a7ffa8e452444c74328f1325647036e1bd8eadc4e8e836df36,scripts/verify_ws12_formal.py
WS-12,preregistered_formal,20260926-183537-ws12-03-b64-h,adae7956e3fc874d9237e62a6ea8e32b26d5def1,1,dualtrack,abced9265ead03c3357568a4fc1949e9701bb89eb7e820d2eaf6ff699d924765,74a6f7154ca10c3cd6dfd45046c4f8abf0ce27faa8ad11446b6a52920b83afba,results/20260926-183537-ws12-03-b64-h/metadata.json,results/20260926-183537-ws12-03-b64-h/config/traffic_trace.txt,results/20260926-183537-ws12-03-b64-h/config/topology.txt,results/20260926-183537-ws12-03-b64-h/raw/178475905/178475905_out_fct.txt,52318bb49ef6176774947c6f951e38610f8c386860e4cbc0be5702a944887788,scripts/verify_ws12_formal.py
WS-12,preregistered_formal,20260926-183537-ws12-03-b64-f,adae7956e3fc874d9237e62a6ea8e32b26d5def1,1,fecmp,abced9265ead03c3357568a4fc1949e9701bb89eb7e820d2eaf6ff699d924765,74a6f7154ca10c3cd6dfd45046c4f8abf0ce27faa8ad11446b6a52920b83afba,results/20260926-183537-ws12-03-b64-f/metadata.json,results/20260926-183537-ws12-03-b64-f/config/traffic_trace.txt,results/20260926-183537-ws12-03-b64-f/config/topology.txt,results/20260926-183537-ws12-03-b64-f/raw/860650947/860650947_out_fct.txt,e0d710ca210f7990d9a3d7cb9b564b29b286fa80cd17e599015d29752be03be0,scripts/verify_ws12_formal.py
WS-12,preregistered_formal,20260926-183537-ws12-03-b128-f,adae7956e3fc874d9237e62a6ea8e32b26d5def1,1,fecmp,d4c7c089380d072cf22ca83c52a28609b05d721ae82b4c76c9793c99e03a1d2d,74a6f7154ca10c3cd6dfd45046c4f8abf0ce27faa8ad11446b6a52920b83afba,results/20260926-183537-ws12-03-b128-f/metadata.json,results/20260926-183537-ws12-03-b128-f/config/traffic_trace.txt,results/20260926-183537-ws12-03-b128-f/config/topology.txt,results/20260926-183537-ws12-03-b128-f/raw/86695796/86695796_out_fct.txt,e5cc01afd6ba4c070c135d41d017673675e13ec472d69002c09d33b3137ba059,scripts/verify_ws12_formal.py
WS-12,preregistered_formal,20260926-183537-ws12-03-b128-h,adae7956e3fc874d9237e62a6ea8e32b26d5def1,1,dualtrack,d4c7c089380d072cf22ca83c52a28609b05d721ae82b4c76c9793c99e03a1d2d,74a6f7154ca10c3cd6dfd45046c4f8abf0ce27faa8ad11446b6a52920b83afba,results/20260926-183537-ws12-03-b128-h/metadata.json,results/20260926-183537-ws12-03-b128-h/config/traffic_trace.txt,results/20260926-183537-ws12-03-b128-h/config/topology.txt,results/20260926-183537-ws12-03-b128-h/raw/715169699/715169699_out_fct.txt,552589319cbe8465d73e36e87c974bb327e443218d1d785f01e4e475f8cb48bb,scripts/verify_ws12_formal.py
WS-12,preregistered_formal,20260926-183537-ws12-03-b128-r,adae7956e3fc874d9237e62a6ea8e32b26d5def1,1,packet-rr,d4c7c089380d072cf22ca83c52a28609b05d721ae82b4c76c9793c99e03a1d2d,74a6f7154ca10c3cd6dfd45046c4f8abf0ce27faa8ad11446b6a52920b83afba,results/20260926-183537-ws12-03-b128-r/metadata.json,results/20260926-183537-ws12-03-b128-r/config/traffic_trace.txt,results/20260926-183537-ws12-03-b128-r/config/topology.txt,results/20260926-183537-ws12-03-b128-r/raw/694205741/694205741_out_fct.txt,d20451638a82a6b77093cc16abc7b39be8dfe7ab8520803bde0796cde4b7b9d6,scripts/verify_ws12_formal.py
WS-12,preregistered_formal,20260926-183537-ws12-03-b128-s,adae7956e3fc874d9237e62a6ea8e32b26d5def1,1,packet-random,d4c7c089380d072cf22ca83c52a28609b05d721ae82b4c76c9793c99e03a1d2d,74a6f7154ca10c3cd6dfd45046c4f8abf0ce27faa8ad11446b6a52920b83afba,results/20260926-183537-ws12-03-b128-s/metadata.json,results/20260926-183537-ws12-03-b128-s/config/traffic_trace.txt,results/20260926-183537-ws12-03-b128-s/config/topology.txt,results/20260926-183537-ws12-03-b128-s/raw/619534666/619534666_out_fct.txt,b082523b3d9fc54aaa4bf2d18d7c9bd7c396d1a328e4186695bf5815329b978b,scripts/verify_ws12_formal.py
WS-12,preregistered_formal,20260926-183537-ws12-03-b128-a,adae7956e3fc874d9237e62a6ea8e32b26d5def1,1,packet-adaptive,d4c7c089380d072cf22ca83c52a28609b05d721ae82b4c76c9793c99e03a1d2d,74a6f7154ca10c3cd6dfd45046c4f8abf0ce27faa8ad11446b6a52920b83afba,results/20260926-183537-ws12-03-b128-a/metadata.json,results/20260926-183537-ws12-03-b128-a/config/traffic_trace.txt,results/20260926-183537-ws12-03-b128-a/config/topology.txt,results/20260926-183537-ws12-03-b128-a/raw/684400233/684400233_out_fct.txt,94f7dd72ea0f48c4df8c879cdbbcde41a97527e052b3c9e759c7c67ec789c39b,scripts/verify_ws12_formal.py
WS-12,preregistered_formal,20260926-183537-ws12-03-b128-d,adae7956e3fc874d9237e62a6ea8e32b26d5def1,1,packet-drill,d4c7c089380d072cf22ca83c52a28609b05d721ae82b4c76c9793c99e03a1d2d,74a6f7154ca10c3cd6dfd45046c4f8abf0ce27faa8ad11446b6a52920b83afba,results/20260926-183537-ws12-03-b128-d/metadata.json,results/20260926-183537-ws12-03-b128-d/config/traffic_trace.txt,results/20260926-183537-ws12-03-b128-d/config/topology.txt,results/20260926-183537-ws12-03-b128-d/raw/246020110/246020110_out_fct.txt,bf9c26d28a3adbdb98937e690734271e41d62797856eebd2ee206b45e940db0e,scripts/verify_ws12_formal.py
WS-12,preregistered_formal,20260926-183537-ws12-03-b192-d,adae7956e3fc874d9237e62a6ea8e32b26d5def1,1,packet-drill,ab0504b9bb8644068da1528fe433d4bce21fd3b5b656397a82c05bfd91c9b87c,74a6f7154ca10c3cd6dfd45046c4f8abf0ce27faa8ad11446b6a52920b83afba,results/20260926-183537-ws12-03-b192-d/metadata.json,results/20260926-183537-ws12-03-b192-d/config/traffic_trace.txt,results/20260926-183537-ws12-03-b192-d/config/topology.txt,results/20260926-183537-ws12-03-b192-d/raw/322235640/322235640_out_fct.txt,755535b1668dfd20a35d02b77757c7e58e2efc3d6548bb76a002e0438fa6fc51,scripts/verify_ws12_formal.py
WS-12,preregistered_formal,20260926-183537-ws12-03-b192-a,adae7956e3fc874d9237e62a6ea8e32b26d5def1,1,packet-adaptive,ab0504b9bb8644068da1528fe433d4bce21fd3b5b656397a82c05bfd91c9b87c,74a6f7154ca10c3cd6dfd45046c4f8abf0ce27faa8ad11446b6a52920b83afba,results/20260926-183537-ws12-03-b192-a/metadata.json,results/20260926-183537-ws12-03-b192-a/config/traffic_trace.txt,results/20260926-183537-ws12-03-b192-a/config/topology.txt,results/20260926-183537-ws12-03-b192-a/raw/36109392/36109392_out_fct.txt,c72ee231a2d146010c3ff1636c4c7b584b624fd1694dd8f3276d63c49ae81b47,scripts/verify_ws12_formal.py
WS-12,preregistered_formal,20260926-183537-ws12-03-b192-s,adae7956e3fc874d9237e62a6ea8e32b26d5def1,1,packet-random,ab0504b9bb8644068da1528fe433d4bce21fd3b5b656397a82c05bfd91c9b87c,74a6f7154ca10c3cd6dfd45046c4f8abf0ce27faa8ad11446b6a52920b83afba,results/20260926-183537-ws12-03-b192-s/metadata.json,results/20260926-183537-ws12-03-b192-s/config/traffic_trace.txt,results/20260926-183537-ws12-03-b192-s/config/topology.txt,results/20260926-183537-ws12-03-b192-s/raw/514822863/514822863_out_fct.txt,a30870cae97ebc9be53049fe912d94ed69c26632eb451d1fadbe22534e7111ee,scripts/verify_ws12_formal.py
WS-12,preregistered_formal,20260926-183537-ws12-03-b192-r,adae7956e3fc874d9237e62a6ea8e32b26d5def1,1,packet-rr,ab0504b9bb8644068da1528fe433d4bce21fd3b5b656397a82c05bfd91c9b87c,74a6f7154ca10c3cd6dfd45046c4f8abf0ce27faa8ad11446b6a52920b83afba,results/20260926-183537-ws12-03-b192-r/metadata.json,results/20260926-183537-ws12-03-b192-r/config/traffic_trace.txt,results/20260926-183537-ws12-03-b192-r/config/topology.txt,results/20260926-183537-ws12-03-b192-r/raw/577404933/577404933_out_fct.txt,202d2ffd1d956c16d1d567d69377c35d04ae122403b5e46d6c5f843e711fdeae,scripts/verify_ws12_formal.py
WS-12,preregistered_formal,20260926-183537-ws12-03-b192-h,adae7956e3fc874d9237e62a6ea8e32b26d5def1,1,dualtrack,ab0504b9bb8644068da1528fe433d4bce21fd3b5b656397a82c05bfd91c9b87c,74a6f7154ca10c3cd6dfd45046c4f8abf0ce27faa8ad11446b6a52920b83afba,results/20260926-183537-ws12-03-b192-h/metadata.json,results/20260926-183537-ws12-03-b192-h/config/traffic_trace.txt,results/20260926-183537-ws12-03-b192-h/config/topology.txt,results/20260926-183537-ws12-03-b192-h/raw/355831588/355831588_out_fct.txt,821300c3ab30239aac9a7a8b1813345506d430763a0999aa624de0fd6722cce6,scripts/verify_ws12_formal.py
WS-12,preregistered_formal,20260926-183537-ws12-03-b192-f,adae7956e3fc874d9237e62a6ea8e32b26d5def1,1,fecmp,ab0504b9bb8644068da1528fe433d4bce21fd3b5b656397a82c05bfd91c9b87c,74a6f7154ca10c3cd6dfd45046c4f8abf0ce27faa8ad11446b6a52920b83afba,results/20260926-183537-ws12-03-b192-f/metadata.json,results/20260926-183537-ws12-03-b192-f/config/traffic_trace.txt,results/20260926-183537-ws12-03-b192-f/config/topology.txt,results/20260926-183537-ws12-03-b192-f/raw/280688027/280688027_out_fct.txt,002605a355dcd2447d672d1178e68d3c1506fa735382ad832ab1818a8d5bb559,scripts/verify_ws12_formal.py
WS-12,preregistered_formal,20260926-183537-ws12-04-b0-f,adae7956e3fc874d9237e62a6ea8e32b26d5def1,1,fecmp,3c2f5aaaf5ddc74b59ac90577fd2c23a9893ae78d149d66cfdf00a15ab9b2f64,74a6f7154ca10c3cd6dfd45046c4f8abf0ce27faa8ad11446b6a52920b83afba,results/20260926-183537-ws12-04-b0-f/metadata.json,results/20260926-183537-ws12-04-b0-f/config/traffic_trace.txt,results/20260926-183537-ws12-04-b0-f/config/topology.txt,results/20260926-183537-ws12-04-b0-f/raw/706534723/706534723_out_fct.txt,2a8aa317f0099a882b033509312f743e6bb04e5dadb6355d35e95fcb6fec261a,scripts/verify_ws12_formal.py
WS-12,preregistered_formal,20260926-183537-ws12-04-b0-h,adae7956e3fc874d9237e62a6ea8e32b26d5def1,1,dualtrack,3c2f5aaaf5ddc74b59ac90577fd2c23a9893ae78d149d66cfdf00a15ab9b2f64,74a6f7154ca10c3cd6dfd45046c4f8abf0ce27faa8ad11446b6a52920b83afba,results/20260926-183537-ws12-04-b0-h/metadata.json,results/20260926-183537-ws12-04-b0-h/config/traffic_trace.txt,results/20260926-183537-ws12-04-b0-h/config/topology.txt,results/20260926-183537-ws12-04-b0-h/raw/100333584/100333584_out_fct.txt,280e99b9d53f281d7d6fc454708d93a4053b18b9a00f56b8c37f75ebf74e7951,scripts/verify_ws12_formal.py
WS-12,preregistered_formal,20260926-183537-ws12-04-b0-r,adae7956e3fc874d9237e62a6ea8e32b26d5def1,1,packet-rr,3c2f5aaaf5ddc74b59ac90577fd2c23a9893ae78d149d66cfdf00a15ab9b2f64,74a6f7154ca10c3cd6dfd45046c4f8abf0ce27faa8ad11446b6a52920b83afba,results/20260926-183537-ws12-04-b0-r/metadata.json,results/20260926-183537-ws12-04-b0-r/config/traffic_trace.txt,results/20260926-183537-ws12-04-b0-r/config/topology.txt,results/20260926-183537-ws12-04-b0-r/raw/571314755/571314755_out_fct.txt,77b7c10d1d979a3f557f62361665224627e4c49f3bfbda32c85cfbab633faff8,scripts/verify_ws12_formal.py
WS-12,preregistered_formal,20260926-183537-ws12-04-b0-s,adae7956e3fc874d9237e62a6ea8e32b26d5def1,1,packet-random,3c2f5aaaf5ddc74b59ac90577fd2c23a9893ae78d149d66cfdf00a15ab9b2f64,74a6f7154ca10c3cd6dfd45046c4f8abf0ce27faa8ad11446b6a52920b83afba,results/20260926-183537-ws12-04-b0-s/metadata.json,results/20260926-183537-ws12-04-b0-s/config/traffic_trace.txt,results/20260926-183537-ws12-04-b0-s/config/topology.txt,results/20260926-183537-ws12-04-b0-s/raw/503738726/503738726_out_fct.txt,f7033892c3815c42cd5e98d7788a379dbffd1d06eabc401acd204375146e8687,scripts/verify_ws12_formal.py
WS-12,preregistered_formal,20260926-183537-ws12-04-b0-a,adae7956e3fc874d9237e62a6ea8e32b26d5def1,1,packet-adaptive,3c2f5aaaf5ddc74b59ac90577fd2c23a9893ae78d149d66cfdf00a15ab9b2f64,74a6f7154ca10c3cd6dfd45046c4f8abf0ce27faa8ad11446b6a52920b83afba,results/20260926-183537-ws12-04-b0-a/metadata.json,results/20260926-183537-ws12-04-b0-a/config/traffic_trace.txt,results/20260926-183537-ws12-04-b0-a/config/topology.txt,results/20260926-183537-ws12-04-b0-a/raw/182838033/182838033_out_fct.txt,892535e7f80b9b4e46a04fcddd43f67af18f7eb1a8ada56756799bce52a324eb,scripts/verify_ws12_formal.py
WS-12,preregistered_formal,20260926-183537-ws12-04-b0-d,adae7956e3fc874d9237e62a6ea8e32b26d5def1,1,packet-drill,3c2f5aaaf5ddc74b59ac90577fd2c23a9893ae78d149d66cfdf00a15ab9b2f64,74a6f7154ca10c3cd6dfd45046c4f8abf0ce27faa8ad11446b6a52920b83afba,results/20260926-183537-ws12-04-b0-d/metadata.json,results/20260926-183537-ws12-04-b0-d/config/traffic_trace.txt,results/20260926-183537-ws12-04-b0-d/config/topology.txt,results/20260926-183537-ws12-04-b0-d/raw/855575557/855575557_out_fct.txt,dd8f42790fa060ce4825b7072b826cd5f48d34c1c210edb3b0e3b5170c6dcf4f,scripts/verify_ws12_formal.py
WS-12,preregistered_formal,20260926-183537-ws12-04-b64-d,adae7956e3fc874d9237e62a6ea8e32b26d5def1,1,packet-drill,172842d35cdbd9d455ae60d824e0b7eca61f79f5ccc21ccfbb172e8588452782,74a6f7154ca10c3cd6dfd45046c4f8abf0ce27faa8ad11446b6a52920b83afba,results/20260926-183537-ws12-04-b64-d/metadata.json,results/20260926-183537-ws12-04-b64-d/config/traffic_trace.txt,results/20260926-183537-ws12-04-b64-d/config/topology.txt,results/20260926-183537-ws12-04-b64-d/raw/447629288/447629288_out_fct.txt,503d56e2fa0920025a47e546f9481a4f53b5dfb441b1bec2209909942877e919,scripts/verify_ws12_formal.py
WS-12,preregistered_formal,20260926-183537-ws12-04-b64-a,adae7956e3fc874d9237e62a6ea8e32b26d5def1,1,packet-adaptive,172842d35cdbd9d455ae60d824e0b7eca61f79f5ccc21ccfbb172e8588452782,74a6f7154ca10c3cd6dfd45046c4f8abf0ce27faa8ad11446b6a52920b83afba,results/20260926-183537-ws12-04-b64-a/metadata.json,results/20260926-183537-ws12-04-b64-a/config/traffic_trace.txt,results/20260926-183537-ws12-04-b64-a/config/topology.txt,results/20260926-183537-ws12-04-b64-a/raw/270085759/270085759_out_fct.txt,80a480f354e666d14baeeebe6151821d0e658ed70e7175953247445160c3b1d0,scripts/verify_ws12_formal.py
WS-12,preregistered_formal,20260926-183537-ws12-04-b64-s,adae7956e3fc874d9237e62a6ea8e32b26d5def1,1,packet-random,172842d35cdbd9d455ae60d824e0b7eca61f79f5ccc21ccfbb172e8588452782,74a6f7154ca10c3cd6dfd45046c4f8abf0ce27faa8ad11446b6a52920b83afba,results/20260926-183537-ws12-04-b64-s/metadata.json,results/20260926-183537-ws12-04-b64-s/config/traffic_trace.txt,results/20260926-183537-ws12-04-b64-s/config/topology.txt,results/20260926-183537-ws12-04-b64-s/raw/440227712/440227712_out_fct.txt,ffb39a604c63b7158b72fd1277a66c53591ef8c1df0ce09b67fdca3fb76fc6c1,scripts/verify_ws12_formal.py
WS-12,preregistered_formal,20260926-183537-ws12-04-b64-r,adae7956e3fc874d9237e62a6ea8e32b26d5def1,1,packet-rr,172842d35cdbd9d455ae60d824e0b7eca61f79f5ccc21ccfbb172e8588452782,74a6f7154ca10c3cd6dfd45046c4f8abf0ce27faa8ad11446b6a52920b83afba,results/20260926-183537-ws12-04-b64-r/metadata.json,results/20260926-183537-ws12-04-b64-r/config/traffic_trace.txt,results/20260926-183537-ws12-04-b64-r/config/topology.txt,results/20260926-183537-ws12-04-b64-r/raw/309361961/309361961_out_fct.txt,94b04adf598437ce42171d8603aedf5b9fd0d9e69e3bc0ca93ef9dc2c555f668,scripts/verify_ws12_formal.py
WS-12,preregistered_formal,20260926-183537-ws12-04-b64-h,adae7956e3fc874d9237e62a6ea8e32b26d5def1,1,dualtrack,172842d35cdbd9d455ae60d824e0b7eca61f79f5ccc21ccfbb172e8588452782,74a6f7154ca10c3cd6dfd45046c4f8abf0ce27faa8ad11446b6a52920b83afba,results/20260926-183537-ws12-04-b64-h/metadata.json,results/20260926-183537-ws12-04-b64-h/config/traffic_trace.txt,results/20260926-183537-ws12-04-b64-h/config/topology.txt,results/20260926-183537-ws12-04-b64-h/raw/735192188/735192188_out_fct.txt,e9d5cc7ef67da5aa0e251e0df0ec912b4955f6b9ec1ca874d723da97ff6c5afe,scripts/verify_ws12_formal.py
WS-12,preregistered_formal,20260926-183537-ws12-04-b64-f,adae7956e3fc874d9237e62a6ea8e32b26d5def1,1,fecmp,172842d35cdbd9d455ae60d824e0b7eca61f79f5ccc21ccfbb172e8588452782,74a6f7154ca10c3cd6dfd45046c4f8abf0ce27faa8ad11446b6a52920b83afba,results/20260926-183537-ws12-04-b64-f/metadata.json,results/20260926-183537-ws12-04-b64-f/config/traffic_trace.txt,results/20260926-183537-ws12-04-b64-f/config/topology.txt,results/20260926-183537-ws12-04-b64-f/raw/544837329/544837329_out_fct.txt,53e8c52eceef02c3b7fc4268280a406422831f137bc7368fb9e1f14781c4d497,scripts/verify_ws12_formal.py
WS-12,preregistered_formal,20260926-183537-ws12-04-b128-f,adae7956e3fc874d9237e62a6ea8e32b26d5def1,1,fecmp,c77974bd1ce3acf792c5125afdf36a8e0899fa74ddb673ec6fa919fd88c54028,74a6f7154ca10c3cd6dfd45046c4f8abf0ce27faa8ad11446b6a52920b83afba,results/20260926-183537-ws12-04-b128-f/metadata.json,results/20260926-183537-ws12-04-b128-f/config/traffic_trace.txt,results/20260926-183537-ws12-04-b128-f/config/topology.txt,results/20260926-183537-ws12-04-b128-f/raw/824610917/824610917_out_fct.txt,faa491ce9ec7f515ec2a3e553e5f41217342e3c84e545d0ecc33ea0f1035d8c1,scripts/verify_ws12_formal.py
WS-12,preregistered_formal,20260926-183537-ws12-04-b128-h,adae7956e3fc874d9237e62a6ea8e32b26d5def1,1,dualtrack,c77974bd1ce3acf792c5125afdf36a8e0899fa74ddb673ec6fa919fd88c54028,74a6f7154ca10c3cd6dfd45046c4f8abf0ce27faa8ad11446b6a52920b83afba,results/20260926-183537-ws12-04-b128-h/metadata.json,results/20260926-183537-ws12-04-b128-h/config/traffic_trace.txt,results/20260926-183537-ws12-04-b128-h/config/topology.txt,results/20260926-183537-ws12-04-b128-h/raw/794684429/794684429_out_fct.txt,37bf1b11e03641605d29c1d00e169d8503dc0a33dcb58659faaa4c359060597e,scripts/verify_ws12_formal.py
WS-12,preregistered_formal,20260926-183537-ws12-04-b128-r,adae7956e3fc874d9237e62a6ea8e32b26d5def1,1,packet-rr,c77974bd1ce3acf792c5125afdf36a8e0899fa74ddb673ec6fa919fd88c54028,74a6f7154ca10c3cd6dfd45046c4f8abf0ce27faa8ad11446b6a52920b83afba,results/20260926-183537-ws12-04-b128-r/metadata.json,results/20260926-183537-ws12-04-b128-r/config/traffic_trace.txt,results/20260926-183537-ws12-04-b128-r/config/topology.txt,results/20260926-183537-ws12-04-b128-r/raw/567335746/567335746_out_fct.txt,1e090b78a0dbdabd41261e7a3f26a71ac693b8ac39e7cacd0448ec4e0ac8bf72,scripts/verify_ws12_formal.py
WS-12,preregistered_formal,20260926-183537-ws12-04-b128-s,adae7956e3fc874d9237e62a6ea8e32b26d5def1,1,packet-random,c77974bd1ce3acf792c5125afdf36a8e0899fa74ddb673ec6fa919fd88c54028,74a6f7154ca10c3cd6dfd45046c4f8abf0ce27faa8ad11446b6a52920b83afba,results/20260926-183537-ws12-04-b128-s/metadata.json,results/20260926-183537-ws12-04-b128-s/config/traffic_trace.txt,results/20260926-183537-ws12-04-b128-s/config/topology.txt,results/20260926-183537-ws12-04-b128-s/raw/822688913/822688913_out_fct.txt,a785efc36cf9e329c932270824195b737f36f259a45b49c5d6a969cf8979271d,scripts/verify_ws12_formal.py
WS-12,preregistered_formal,20260926-183537-ws12-04-b128-a,adae7956e3fc874d9237e62a6ea8e32b26d5def1,1,packet-adaptive,c77974bd1ce3acf792c5125afdf36a8e0899fa74ddb673ec6fa919fd88c54028,74a6f7154ca10c3cd6dfd45046c4f8abf0ce27faa8ad11446b6a52920b83afba,results/20260926-183537-ws12-04-b128-a/metadata.json,results/20260926-183537-ws12-04-b128-a/config/traffic_trace.txt,results/20260926-183537-ws12-04-b128-a/config/topology.txt,results/20260926-183537-ws12-04-b128-a/raw/535919359/535919359_out_fct.txt,362faaefe98b88160277d278fb421d6767aba7289b777b9b364ae8134bb93ea3,scripts/verify_ws12_formal.py
WS-12,preregistered_formal,20260926-183537-ws12-04-b128-d,adae7956e3fc874d9237e62a6ea8e32b26d5def1,1,packet-drill,c77974bd1ce3acf792c5125afdf36a8e0899fa74ddb673ec6fa919fd88c54028,74a6f7154ca10c3cd6dfd45046c4f8abf0ce27faa8ad11446b6a52920b83afba,results/20260926-183537-ws12-04-b128-d/metadata.json,results/20260926-183537-ws12-04-b128-d/config/traffic_trace.txt,results/20260926-183537-ws12-04-b128-d/config/topology.txt,results/20260926-183537-ws12-04-b128-d/raw/800442619/800442619_out_fct.txt,4e7e17bbe10edc27266b37d0ccb797f65b6ee69a80c28d265afabd36ae06019a,scripts/verify_ws12_formal.py
WS-12,preregistered_formal,20260926-183537-ws12-04-b192-d,adae7956e3fc874d9237e62a6ea8e32b26d5def1,1,packet-drill,0ab9bddc85b402066633da50264c6cff32705ba93cac32598775c5f12610200c,74a6f7154ca10c3cd6dfd45046c4f8abf0ce27faa8ad11446b6a52920b83afba,results/20260926-183537-ws12-04-b192-d/metadata.json,results/20260926-183537-ws12-04-b192-d/config/traffic_trace.txt,results/20260926-183537-ws12-04-b192-d/config/topology.txt,results/20260926-183537-ws12-04-b192-d/raw/656016358/656016358_out_fct.txt,63bd677c9b2345001126f7dd9744c5f73abfb4c0b5fde2b7b0f28c1135954502,scripts/verify_ws12_formal.py
WS-12,preregistered_formal,20260926-183537-ws12-04-b192-a,adae7956e3fc874d9237e62a6ea8e32b26d5def1,1,packet-adaptive,0ab9bddc85b402066633da50264c6cff32705ba93cac32598775c5f12610200c,74a6f7154ca10c3cd6dfd45046c4f8abf0ce27faa8ad11446b6a52920b83afba,results/20260926-183537-ws12-04-b192-a/metadata.json,results/20260926-183537-ws12-04-b192-a/config/traffic_trace.txt,results/20260926-183537-ws12-04-b192-a/config/topology.txt,results/20260926-183537-ws12-04-b192-a/raw/517053797/517053797_out_fct.txt,bf8b78d48375470b8a44d271dce1a8e8c02c3759b60b04200b3000726ad3fd31,scripts/verify_ws12_formal.py
WS-12,preregistered_formal,20260926-183537-ws12-04-b192-s,adae7956e3fc874d9237e62a6ea8e32b26d5def1,1,packet-random,0ab9bddc85b402066633da50264c6cff32705ba93cac32598775c5f12610200c,74a6f7154ca10c3cd6dfd45046c4f8abf0ce27faa8ad11446b6a52920b83afba,results/20260926-183537-ws12-04-b192-s/metadata.json,results/20260926-183537-ws12-04-b192-s/config/traffic_trace.txt,results/20260926-183537-ws12-04-b192-s/config/topology.txt,results/20260926-183537-ws12-04-b192-s/raw/844700182/844700182_out_fct.txt,8cb12387a6b899caae8f9f14c7af183ca252d3cb77fd375780a82fab32531c7b,scripts/verify_ws12_formal.py
WS-12,preregistered_formal,20260926-183537-ws12-04-b192-r,adae7956e3fc874d9237e62a6ea8e32b26d5def1,1,packet-rr,0ab9bddc85b402066633da50264c6cff32705ba93cac32598775c5f12610200c,74a6f7154ca10c3cd6dfd45046c4f8abf0ce27faa8ad11446b6a52920b83afba,results/20260926-183537-ws12-04-b192-r/metadata.json,results/20260926-183537-ws12-04-b192-r/config/traffic_trace.txt,results/20260926-183537-ws12-04-b192-r/config/topology.txt,results/20260926-183537-ws12-04-b192-r/raw/723942906/723942906_out_fct.txt,61d065101782b6f1683b6b9f004d8b3c3842864e20269f2db6b69d356ef7f9b0,scripts/verify_ws12_formal.py
WS-12,preregistered_formal,20260926-183537-ws12-04-b192-h,adae7956e3fc874d9237e62a6ea8e32b26d5def1,1,dualtrack,0ab9bddc85b402066633da50264c6cff32705ba93cac32598775c5f12610200c,74a6f7154ca10c3cd6dfd45046c4f8abf0ce27faa8ad11446b6a52920b83afba,results/20260926-183537-ws12-04-b192-h/metadata.json,results/20260926-183537-ws12-04-b192-h/config/traffic_trace.txt,results/20260926-183537-ws12-04-b192-h/config/topology.txt,results/20260926-183537-ws12-04-b192-h/raw/942196014/942196014_out_fct.txt,4a3dacd7da80a40f1b290d6cf16c61f077dc2ae098a36a369295dbf082904a39,scripts/verify_ws12_formal.py
WS-12,preregistered_formal,20260926-183537-ws12-04-b192-f,adae7956e3fc874d9237e62a6ea8e32b26d5def1,1,fecmp,0ab9bddc85b402066633da50264c6cff32705ba93cac32598775c5f12610200c,74a6f7154ca10c3cd6dfd45046c4f8abf0ce27faa8ad11446b6a52920b83afba,results/20260926-183537-ws12-04-b192-f/metadata.json,results/20260926-183537-ws12-04-b192-f/config/traffic_trace.txt,results/20260926-183537-ws12-04-b192-f/config/topology.txt,results/20260926-183537-ws12-04-b192-f/raw/344982466/344982466_out_fct.txt,e9b4cb57c793360f9ea205ea75d4d2aaae916cec779d11ee1bb53fbf07a04939,scripts/verify_ws12_formal.py
WS-13,feedback_diagnostic,20260927-160000-ws13-feedback-o-f,a985798ef78a95f502cf8eb56982c6e3a3b1168d,1,fecmp,bf1a1960651b2d5bd27cd1304433d489363727a7c02d08c5c05df2b2415d9c8a,74a6f7154ca10c3cd6dfd45046c4f8abf0ce27faa8ad11446b6a52920b83afba,results/20260927-160000-ws13-feedback-o-f/metadata.json,results/20260927-160000-ws13-feedback-o-f/config/traffic_trace.txt,results/20260927-160000-ws13-feedback-o-f/config/topology.txt,results/20260927-160000-ws13-feedback-o-f/raw/505758057/505758057_out_fct.txt,9d600f055044d50a20ed0d036552922c9de916665af5a44a6791e77a755038e1,scripts/analyze_ws13_feedback_probe.py
WS-13,feedback_diagnostic,20260927-160000-ws13-feedback-o-a,a985798ef78a95f502cf8eb56982c6e3a3b1168d,1,packet-adaptive,bf1a1960651b2d5bd27cd1304433d489363727a7c02d08c5c05df2b2415d9c8a,74a6f7154ca10c3cd6dfd45046c4f8abf0ce27faa8ad11446b6a52920b83afba,results/20260927-160000-ws13-feedback-o-a/metadata.json,results/20260927-160000-ws13-feedback-o-a/config/traffic_trace.txt,results/20260927-160000-ws13-feedback-o-a/config/topology.txt,results/20260927-160000-ws13-feedback-o-a/raw/407268762/407268762_out_fct.txt,b2f93b2e7f1641acf7a0807a64a3eaccb3198e8c4407260089cf27bcb19dd1b3,scripts/analyze_ws13_feedback_probe.py
WS-13,feedback_diagnostic,20260927-160000-ws13-feedback-03-f,a985798ef78a95f502cf8eb56982c6e3a3b1168d,1,fecmp,d4c7c089380d072cf22ca83c52a28609b05d721ae82b4c76c9793c99e03a1d2d,74a6f7154ca10c3cd6dfd45046c4f8abf0ce27faa8ad11446b6a52920b83afba,results/20260927-160000-ws13-feedback-03-f/metadata.json,results/20260927-160000-ws13-feedback-03-f/config/traffic_trace.txt,results/20260927-160000-ws13-feedback-03-f/config/topology.txt,results/20260927-160000-ws13-feedback-03-f/raw/447583670/447583670_out_fct.txt,e5cc01afd6ba4c070c135d41d017673675e13ec472d69002c09d33b3137ba059,scripts/analyze_ws13_feedback_probe.py
WS-13,feedback_diagnostic,20260927-160000-ws13-feedback-03-d,a985798ef78a95f502cf8eb56982c6e3a3b1168d,1,packet-drill,d4c7c089380d072cf22ca83c52a28609b05d721ae82b4c76c9793c99e03a1d2d,74a6f7154ca10c3cd6dfd45046c4f8abf0ce27faa8ad11446b6a52920b83afba,results/20260927-160000-ws13-feedback-03-d/metadata.json,results/20260927-160000-ws13-feedback-03-d/config/traffic_trace.txt,results/20260927-160000-ws13-feedback-03-d/config/topology.txt,results/20260927-160000-ws13-feedback-03-d/raw/79366409/79366409_out_fct.txt,bf9c26d28a3adbdb98937e690734271e41d62797856eebd2ee206b45e940db0e,scripts/analyze_ws13_feedback_probe.py
WS-13,calibration_only,20260927-153000-ws13-cal-1-p,6a1de1d9c8c9ea3ac41921230e05d87ccda93b9d,1,fecmp,d9be7e1af10994bfe5d8700b987f6abcd4366145b05c64fab11ee93daea61013,74a6f7154ca10c3cd6dfd45046c4f8abf0ce27faa8ad11446b6a52920b83afba,results/20260927-153000-ws13-cal-1-p/metadata.json,results/20260927-153000-ws13-cal-1-p/config/traffic_trace.txt,results/20260927-153000-ws13-cal-1-p/config/topology.txt,results/20260927-153000-ws13-cal-1-p/raw/985142778/985142778_out_fct.txt,0c6b74abc89fee01c9525d1948cb4b705383365c1a852ff6920042c070daea4e,scripts/analyze_ws13_calibration.py
WS-13,calibration_only,20260927-153000-ws13-cal-1-l,6a1de1d9c8c9ea3ac41921230e05d87ccda93b9d,1,packet-drill,d9be7e1af10994bfe5d8700b987f6abcd4366145b05c64fab11ee93daea61013,74a6f7154ca10c3cd6dfd45046c4f8abf0ce27faa8ad11446b6a52920b83afba,results/20260927-153000-ws13-cal-1-l/metadata.json,results/20260927-153000-ws13-cal-1-l/config/traffic_trace.txt,results/20260927-153000-ws13-cal-1-l/config/topology.txt,results/20260927-153000-ws13-cal-1-l/raw/573317195/573317195_out_fct.txt,b4c01e1b9c073af6de085eb604570ecdfde2e4dcb09d4d7bef94b18a123857ff,scripts/analyze_ws13_calibration.py
WS-13,calibration_only,20260927-153000-ws13-cal-2-l,6a1de1d9c8c9ea3ac41921230e05d87ccda93b9d,1,packet-drill,02feb1e8d5a50d79426c547f7a181766fbe15e9116fc8c3052d0811e681170fd,74a6f7154ca10c3cd6dfd45046c4f8abf0ce27faa8ad11446b6a52920b83afba,results/20260927-153000-ws13-cal-2-l/metadata.json,results/20260927-153000-ws13-cal-2-l/config/traffic_trace.txt,results/20260927-153000-ws13-cal-2-l/config/topology.txt,results/20260927-153000-ws13-cal-2-l/raw/357380252/357380252_out_fct.txt,03a85132ce434f46762c16b1aa536758b71494e9a75184b3a15b61a346b41394,scripts/analyze_ws13_calibration.py
WS-13,calibration_only,20260927-153000-ws13-cal-2-p,6a1de1d9c8c9ea3ac41921230e05d87ccda93b9d,1,fecmp,02feb1e8d5a50d79426c547f7a181766fbe15e9116fc8c3052d0811e681170fd,74a6f7154ca10c3cd6dfd45046c4f8abf0ce27faa8ad11446b6a52920b83afba,results/20260927-153000-ws13-cal-2-p/metadata.json,results/20260927-153000-ws13-cal-2-p/config/traffic_trace.txt,results/20260927-153000-ws13-cal-2-p/config/topology.txt,results/20260927-153000-ws13-cal-2-p/raw/994130795/994130795_out_fct.txt,0b7424d8f363dddf366aa3575e0c95f8e4de3a26e018376f6c2fdb7a5a58c55c,scripts/analyze_ws13_calibration.py
WS-13,calibration_only,20260927-153000-ws13-cal-3-p,6a1de1d9c8c9ea3ac41921230e05d87ccda93b9d,1,fecmp,4dc0ac150b72f42b9c793670861de8dc2253f0e7fbab8ea1690fcaf1d43f4ff1,74a6f7154ca10c3cd6dfd45046c4f8abf0ce27faa8ad11446b6a52920b83afba,results/20260927-153000-ws13-cal-3-p/metadata.json,results/20260927-153000-ws13-cal-3-p/config/traffic_trace.txt,results/20260927-153000-ws13-cal-3-p/config/topology.txt,results/20260927-153000-ws13-cal-3-p/raw/318819019/318819019_out_fct.txt,40e232dd67887b3c4d018d9611e9b4ac0dd1061a2aef336c9957f70eef1fd34d,scripts/analyze_ws13_calibration.py
WS-13,calibration_only,20260927-153000-ws13-cal-3-l,6a1de1d9c8c9ea3ac41921230e05d87ccda93b9d,1,packet-drill,4dc0ac150b72f42b9c793670861de8dc2253f0e7fbab8ea1690fcaf1d43f4ff1,74a6f7154ca10c3cd6dfd45046c4f8abf0ce27faa8ad11446b6a52920b83afba,results/20260927-153000-ws13-cal-3-l/metadata.json,results/20260927-153000-ws13-cal-3-l/config/traffic_trace.txt,results/20260927-153000-ws13-cal-3-l/config/topology.txt,results/20260927-153000-ws13-cal-3-l/raw/215893634/215893634_out_fct.txt,8a149c41425085a0ed2392d08989a60dfbda407e5dc3e9742c7acc7f41b3b86c,scripts/analyze_ws13_calibration.py
WS-13,ordinary_technical_pilot,20260927-214400-irnpfc-00,babd1b90d7c027cd09ac8c7d67380511a92883a6,1,fecmp,cbfa0e5a95b7c3b6b56dfd563e855dff8b83f4f54db2747909039285184f58e1,74a6f7154ca10c3cd6dfd45046c4f8abf0ce27faa8ad11446b6a52920b83afba,results/20260927-214400-irnpfc-00/metadata.json,results/20260927-214400-irnpfc-00/config/traffic_trace.txt,results/20260927-214400-irnpfc-00/config/topology.txt,results/20260927-214400-irnpfc-00/raw/94246959/94246959_out_fct.txt,76d57388d616dd97a7323fcd1dadf8c5302d37a1251076e977854858540e570f,scripts/analyze_irn_pfc_factorial.py
WS-13,ordinary_technical_pilot,20260927-214400-irnpfc-01,babd1b90d7c027cd09ac8c7d67380511a92883a6,1,fecmp,cbfa0e5a95b7c3b6b56dfd563e855dff8b83f4f54db2747909039285184f58e1,74a6f7154ca10c3cd6dfd45046c4f8abf0ce27faa8ad11446b6a52920b83afba,results/20260927-214400-irnpfc-01/metadata.json,results/20260927-214400-irnpfc-01/config/traffic_trace.txt,results/20260927-214400-irnpfc-01/config/topology.txt,results/20260927-214400-irnpfc-01/raw/651465705/651465705_out_fct.txt,76d57388d616dd97a7323fcd1dadf8c5302d37a1251076e977854858540e570f,scripts/analyze_irn_pfc_factorial.py
WS-13,ordinary_technical_pilot,20260927-214400-irnpfc-10,babd1b90d7c027cd09ac8c7d67380511a92883a6,1,fecmp,cbfa0e5a95b7c3b6b56dfd563e855dff8b83f4f54db2747909039285184f58e1,74a6f7154ca10c3cd6dfd45046c4f8abf0ce27faa8ad11446b6a52920b83afba,results/20260927-214400-irnpfc-10/metadata.json,results/20260927-214400-irnpfc-10/config/traffic_trace.txt,results/20260927-214400-irnpfc-10/config/topology.txt,results/20260927-214400-irnpfc-10/raw/920067062/920067062_out_fct.txt,6a44289812f2cac62ad972d1241f4647bb082fdc5a16283b74b759aaab579e52,scripts/analyze_irn_pfc_factorial.py
WS-13,ordinary_technical_pilot,20260927-214400-irnpfc-11,babd1b90d7c027cd09ac8c7d67380511a92883a6,1,fecmp,cbfa0e5a95b7c3b6b56dfd563e855dff8b83f4f54db2747909039285184f58e1,74a6f7154ca10c3cd6dfd45046c4f8abf0ce27faa8ad11446b6a52920b83afba,results/20260927-214400-irnpfc-11/metadata.json,results/20260927-214400-irnpfc-11/config/traffic_trace.txt,results/20260927-214400-irnpfc-11/config/topology.txt,results/20260927-214400-irnpfc-11/raw/501320297/501320297_out_fct.txt,6a44289812f2cac62ad972d1241f4647bb082fdc5a16283b74b759aaab579e52,scripts/analyze_irn_pfc_factorial.py
WS-13,stress_technical_pilot,20260927-215700-irnpfcstress-00,babd1b90d7c027cd09ac8c7d67380511a92883a6,1,fecmp,bc2db1513cbde20f12eea6efa4e2265cf74954be4fa45f2a147ff0ce84b33985,dcca23ca6992b9b81e5b71127a3698264441390455f3dd29b459e33db29915ad,results/20260927-215700-irnpfcstress-00/metadata.json,results/20260927-215700-irnpfcstress-00/config/traffic_trace.txt,results/20260927-215700-irnpfcstress-00/config/topology.txt,results/20260927-215700-irnpfcstress-00/raw/434022189/434022189_out_fct.txt,f26389084dcc1ff709c2d277cb9389696161c44dba4f3cc4afefaf35ee0e69d4,scripts/analyze_irn_pfc_factorial.py
WS-13,stress_technical_pilot,20260927-215700-irnpfcstress-01,babd1b90d7c027cd09ac8c7d67380511a92883a6,1,fecmp,bc2db1513cbde20f12eea6efa4e2265cf74954be4fa45f2a147ff0ce84b33985,dcca23ca6992b9b81e5b71127a3698264441390455f3dd29b459e33db29915ad,results/20260927-215700-irnpfcstress-01/metadata.json,results/20260927-215700-irnpfcstress-01/config/traffic_trace.txt,results/20260927-215700-irnpfcstress-01/config/topology.txt,results/20260927-215700-irnpfcstress-01/raw/676299056/676299056_out_fct.txt,5ffa429724017c2859ecb47198bb1beb5deb2f1978518d125537a99b955760cc,scripts/analyze_irn_pfc_factorial.py
WS-13,stress_technical_pilot,20260927-215700-irnpfcstress-10,babd1b90d7c027cd09ac8c7d67380511a92883a6,1,fecmp,bc2db1513cbde20f12eea6efa4e2265cf74954be4fa45f2a147ff0ce84b33985,dcca23ca6992b9b81e5b71127a3698264441390455f3dd29b459e33db29915ad,results/20260927-215700-irnpfcstress-10/metadata.json,results/20260927-215700-irnpfcstress-10/config/traffic_trace.txt,results/20260927-215700-irnpfcstress-10/config/topology.txt,results/20260927-215700-irnpfcstress-10/raw/893102410/893102410_out_fct.txt,280e30e70a6fbcf241acaeae82f019ad269db9403aba208509a1f8693c91e2d1,scripts/analyze_irn_pfc_factorial.py
WS-13,stress_technical_pilot,20260927-215700-irnpfcstress-11,babd1b90d7c027cd09ac8c7d67380511a92883a6,1,fecmp,bc2db1513cbde20f12eea6efa4e2265cf74954be4fa45f2a147ff0ce84b33985,dcca23ca6992b9b81e5b71127a3698264441390455f3dd29b459e33db29915ad,results/20260927-215700-irnpfcstress-11/metadata.json,results/20260927-215700-irnpfcstress-11/config/traffic_trace.txt,results/20260927-215700-irnpfcstress-11/config/topology.txt,results/20260927-215700-irnpfcstress-11/raw/785946125/785946125_out_fct.txt,c413060eff18204cb714570d7f78379aca5edf2dc02998b6b5681a04ef30c35f,scripts/analyze_irn_pfc_factorial.py
WS-13,drop_diagnostic_incomplete_13_of_16,20260927-223000-irnpfcdrop-11,7af917af2743529882c3d8524d08114e4677b3ed,1,fecmp,bc2db1513cbde20f12eea6efa4e2265cf74954be4fa45f2a147ff0ce84b33985,dcca23ca6992b9b81e5b71127a3698264441390455f3dd29b459e33db29915ad,results/20260927-223000-irnpfcdrop-11/metadata.json,results/20260927-223000-irnpfcdrop-11/config/traffic_trace.txt,results/20260927-223000-irnpfcdrop-11/config/topology.txt,results/20260927-223000-irnpfcdrop-11/raw/476166245/476166245_out_fct.txt,c413060eff18204cb714570d7f78379aca5edf2dc02998b6b5681a04ef30c35f,scripts/analyze_irn_pfc_drop_probe.py
WS-14,single_input_stop_pilot,20260927-233000-ws14-0-q,73401ce3ac0a5c27bf0e3e0636c9337056d9355e,1,shortq2,9e00baa5c79ab45b107b82b4c18d43cbb9a1073101bf14123aedd2d90d2e89fd,74a6f7154ca10c3cd6dfd45046c4f8abf0ce27faa8ad11446b6a52920b83afba,results/20260927-233000-ws14-0-q/metadata.json,results/20260927-233000-ws14-0-q/config/traffic_trace.txt,results/20260927-233000-ws14-0-q/config/topology.txt,results/20260927-233000-ws14-0-q/raw/285032022/285032022_out_fct.txt,ebebc9c3687932ee8b6a854b5d2ba4c7100c3118af0a9a4b3a46847bcd2b8600,scripts/run_ws14_small.py; scripts/analyze_ws14_small.py
WS-14,single_input_stop_pilot,20260927-233000-ws14-0-g,73401ce3ac0a5c27bf0e3e0636c9337056d9355e,1,guardhash,9e00baa5c79ab45b107b82b4c18d43cbb9a1073101bf14123aedd2d90d2e89fd,74a6f7154ca10c3cd6dfd45046c4f8abf0ce27faa8ad11446b6a52920b83afba,results/20260927-233000-ws14-0-g/metadata.json,results/20260927-233000-ws14-0-g/config/traffic_trace.txt,results/20260927-233000-ws14-0-g/config/topology.txt,results/20260927-233000-ws14-0-g/raw/75725143/75725143_out_fct.txt,ebebc9c3687932ee8b6a854b5d2ba4c7100c3118af0a9a4b3a46847bcd2b8600,scripts/run_ws14_small.py; scripts/analyze_ws14_small.py
WS-14,single_input_stop_pilot,20260927-233000-ws14-192-f,73401ce3ac0a5c27bf0e3e0636c9337056d9355e,1,fecmp,bf1a1960651b2d5bd27cd1304433d489363727a7c02d08c5c05df2b2415d9c8a,74a6f7154ca10c3cd6dfd45046c4f8abf0ce27faa8ad11446b6a52920b83afba,results/20260927-233000-ws14-192-f/metadata.json,results/20260927-233000-ws14-192-f/config/traffic_trace.txt,results/20260927-233000-ws14-192-f/config/topology.txt,results/20260927-233000-ws14-192-f/raw/751133296/751133296_out_fct.txt,9d600f055044d50a20ed0d036552922c9de916665af5a44a6791e77a755038e1,scripts/run_ws14_small.py; scripts/analyze_ws14_small.py
WS-14,single_input_stop_pilot,20260927-233000-ws14-192-h,73401ce3ac0a5c27bf0e3e0636c9337056d9355e,1,dualtrack,bf1a1960651b2d5bd27cd1304433d489363727a7c02d08c5c05df2b2415d9c8a,74a6f7154ca10c3cd6dfd45046c4f8abf0ce27faa8ad11446b6a52920b83afba,results/20260927-233000-ws14-192-h/metadata.json,results/20260927-233000-ws14-192-h/config/traffic_trace.txt,results/20260927-233000-ws14-192-h/config/topology.txt,results/20260927-233000-ws14-192-h/raw/993155742/993155742_out_fct.txt,e76888a283e7587ea90d4953b8bb7e95d030e26aaaaead34ccac014173d3e311,scripts/run_ws14_small.py; scripts/analyze_ws14_small.py
WS-14,single_input_stop_pilot,20260927-233000-ws14-192-q,73401ce3ac0a5c27bf0e3e0636c9337056d9355e,1,shortq2,bf1a1960651b2d5bd27cd1304433d489363727a7c02d08c5c05df2b2415d9c8a,74a6f7154ca10c3cd6dfd45046c4f8abf0ce27faa8ad11446b6a52920b83afba,results/20260927-233000-ws14-192-q/metadata.json,results/20260927-233000-ws14-192-q/config/traffic_trace.txt,results/20260927-233000-ws14-192-q/config/topology.txt,results/20260927-233000-ws14-192-q/raw/503986904/503986904_out_fct.txt,07eee6e895bbc0c1d8bb478a7344726059c6618cd1e6fc7ea3a7762d723caa70,scripts/run_ws14_small.py; scripts/analyze_ws14_small.py
WS-14,single_input_stop_pilot,20260927-233000-ws14-192-d,73401ce3ac0a5c27bf0e3e0636c9337056d9355e,1,packet-drill,bf1a1960651b2d5bd27cd1304433d489363727a7c02d08c5c05df2b2415d9c8a,74a6f7154ca10c3cd6dfd45046c4f8abf0ce27faa8ad11446b6a52920b83afba,results/20260927-233000-ws14-192-d/metadata.json,results/20260927-233000-ws14-192-d/config/traffic_trace.txt,results/20260927-233000-ws14-192-d/config/topology.txt,results/20260927-233000-ws14-192-d/raw/480131608/480131608_out_fct.txt,fd1c232d4743b77ff84075d2a7e96b85a2c6a8b645bbff52da927567c0cd1618,scripts/run_ws14_small.py; scripts/analyze_ws14_small.py
WS-14,single_input_stop_pilot,20260927-233000-ws14-192-g,73401ce3ac0a5c27bf0e3e0636c9337056d9355e,1,guardhash,bf1a1960651b2d5bd27cd1304433d489363727a7c02d08c5c05df2b2415d9c8a,74a6f7154ca10c3cd6dfd45046c4f8abf0ce27faa8ad11446b6a52920b83afba,results/20260927-233000-ws14-192-g/metadata.json,results/20260927-233000-ws14-192-g/config/traffic_trace.txt,results/20260927-233000-ws14-192-g/config/topology.txt,results/20260927-233000-ws14-192-g/raw/271583887/271583887_out_fct.txt,635129dd0af1e8c62bb48d43ec7597559e66a38cc5e421798e4eed510d422f2b,scripts/run_ws14_small.py; scripts/analyze_ws14_small.py
