seed,background_flows,metric,baseline,baseline_id,classreserve_id,baseline_value_us,classreserve_value_us,change_pct
20262521,0,moe_batch_us,fecmp,20261004-070000-ws25-formal-s21-b000-fecmp,20261004-070000-ws25-formal-s21-b000-classreserve,15.66,15.637,-0.14687100893997496
20262521,0,moe_batch_us,drill,20261004-070000-ws25-formal-s21-b000-drill,20261004-070000-ws25-formal-s21-b000-classreserve,15.643,15.637,-0.038355814102153385
20262521,0,moe_batch_us,conga,20261004-070000-ws25-formal-s21-b000-conga,20261004-070000-ws25-formal-s21-b000-classreserve,16.147,15.637,-3.1584814516628312
20262521,0,moe_batch_us,letflow,20261004-070000-ws25-formal-s21-b000-letflow,20261004-070000-ws25-formal-s21-b000-classreserve,15.661,15.637,-0.15324691909839316
20262521,0,moe_batch_us,conweave,20261004-070000-ws25-formal-s21-b000-conweave,20261004-070000-ws25-formal-s21-b000-classreserve,15.658,15.637,-0.13411674543364338
20262521,64,moe_batch_us,fecmp,20261004-070000-ws25-formal-s21-b064-fecmp,20261004-070000-ws25-formal-s21-b064-classreserve,15.99,15.707,-1.7698561601000584
20262521,64,background_p99_fct_us,fecmp,20261004-070000-ws25-formal-s21-b064-fecmp,20261004-070000-ws25-formal-s21-b064-classreserve,678.81507,678.96205,0.02165243620768642
20262521,64,moe_batch_us,drill,20261004-070000-ws25-formal-s21-b064-drill,20261004-070000-ws25-formal-s21-b064-classreserve,15.687,15.707,0.12749410339771838
20262521,64,background_p99_fct_us,drill,20261004-070000-ws25-formal-s21-b064-drill,20261004-070000-ws25-formal-s21-b064-classreserve,893.63242,678.96205,-24.02222269420351
20262521,64,moe_batch_us,conga,20261004-070000-ws25-formal-s21-b064-conga,20261004-070000-ws25-formal-s21-b064-classreserve,17.096,15.707,-8.124707533926056
20262521,64,background_p99_fct_us,conga,20261004-070000-ws25-formal-s21-b064-conga,20261004-070000-ws25-formal-s21-b064-classreserve,682.40005,678.96205,-0.5038100451487337
20262521,64,moe_batch_us,letflow,20261004-070000-ws25-formal-s21-b064-letflow,20261004-070000-ws25-formal-s21-b064-classreserve,16.576,15.707,-5.2425193050193
20262521,64,background_p99_fct_us,letflow,20261004-070000-ws25-formal-s21-b064-letflow,20261004-070000-ws25-formal-s21-b064-classreserve,679.19968,678.96205,-0.0349867656003533
20262521,64,moe_batch_us,conweave,20261004-070000-ws25-formal-s21-b064-conweave,20261004-070000-ws25-formal-s21-b064-classreserve,16.758,15.707,-6.2716314596013785
20262521,64,background_p99_fct_us,conweave,20261004-070000-ws25-formal-s21-b064-conweave,20261004-070000-ws25-formal-s21-b064-classreserve,679.58323,678.96205,-0.0914060224823321
20262521,128,moe_batch_us,fecmp,20261004-070000-ws25-formal-s21-b128-fecmp,20261004-070000-ws25-formal-s21-b128-classreserve,17.223,16.669,-3.216628926435572
20262521,128,background_p99_fct_us,fecmp,20261004-070000-ws25-formal-s21-b128-fecmp,20261004-070000-ws25-formal-s21-b128-classreserve,946.6882400000004,894.4361100000001,-5.519465415562818
20262521,128,moe_batch_us,drill,20261004-070000-ws25-formal-s21-b128-drill,20261004-070000-ws25-formal-s21-b128-classreserve,15.681,16.669,6.300618582998552
20262521,128,background_p99_fct_us,drill,20261004-070000-ws25-formal-s21-b128-drill,20261004-070000-ws25-formal-s21-b128-classreserve,1147.1319600000002,894.4361100000001,-22.02849007885719
20262521,128,moe_batch_us,conga,20261004-070000-ws25-formal-s21-b128-conga,20261004-070000-ws25-formal-s21-b128-classreserve,17.553,16.669,-5.036176152224692
20262521,128,background_p99_fct_us,conga,20261004-070000-ws25-formal-s21-b128-conga,20261004-070000-ws25-formal-s21-b128-classreserve,949.2038300000002,894.4361100000001,-5.769858724653487
20262521,128,moe_batch_us,letflow,20261004-070000-ws25-formal-s21-b128-letflow,20261004-070000-ws25-formal-s21-b128-classreserve,18.362,16.669,-9.220128526304316
20262521,128,background_p99_fct_us,letflow,20261004-070000-ws25-formal-s21-b128-letflow,20261004-070000-ws25-formal-s21-b128-classreserve,993.0455600000006,894.4361100000001,-9.930002607332577
20262521,128,moe_batch_us,conweave,20261004-070000-ws25-formal-s21-b128-conweave,20261004-070000-ws25-formal-s21-b128-classreserve,17.734,16.669,-6.005413330325937
20262521,128,background_p99_fct_us,conweave,20261004-070000-ws25-formal-s21-b128-conweave,20261004-070000-ws25-formal-s21-b128-classreserve,1026.40956,894.4361100000001,-12.857776772850782
20262521,192,moe_batch_us,fecmp,20261004-070000-ws25-formal-s21-b192-fecmp,20261004-070000-ws25-formal-s21-b192-classreserve,18.462,17.999,-2.5078539703174085
20262521,192,background_p99_fct_us,fecmp,20261004-070000-ws25-formal-s21-b192-fecmp,20261004-070000-ws25-formal-s21-b192-classreserve,1518.29229,1518.87217,0.03819290948252618
20262521,192,moe_batch_us,drill,20261004-070000-ws25-formal-s21-b192-drill,20261004-070000-ws25-formal-s21-b192-classreserve,15.71,17.999,14.570337364735831
20262521,192,background_p99_fct_us,drill,20261004-070000-ws25-formal-s21-b192-drill,20261004-070000-ws25-formal-s21-b192-classreserve,1507.63718,1518.87217,0.7452051560575157
20262521,192,moe_batch_us,conga,20261004-070000-ws25-formal-s21-b192-conga,20261004-070000-ws25-formal-s21-b192-classreserve,19.596,17.999,-8.149622371912645
20262521,192,background_p99_fct_us,conga,20261004-070000-ws25-formal-s21-b192-conga,20261004-070000-ws25-formal-s21-b192-classreserve,1518.37409,1518.87217,0.03280351023378092
20262521,192,moe_batch_us,letflow,20261004-070000-ws25-formal-s21-b192-letflow,20261004-070000-ws25-formal-s21-b192-classreserve,17.335,17.999,3.830400922988164
20262521,192,background_p99_fct_us,letflow,20261004-070000-ws25-formal-s21-b192-letflow,20261004-070000-ws25-formal-s21-b192-classreserve,1518.62149,1518.87217,0.016507075769101043
20262521,192,moe_batch_us,conweave,20261004-070000-ws25-formal-s21-b192-conweave,20261004-070000-ws25-formal-s21-b192-classreserve,18.008,17.999,-0.04997778764993521
20262521,192,background_p99_fct_us,conweave,20261004-070000-ws25-formal-s21-b192-conweave,20261004-070000-ws25-formal-s21-b192-classreserve,1518.63217,1518.87217,0.01580369524241121
20262522,0,moe_batch_us,fecmp,20261004-070000-ws25-formal-s22-b000-fecmp,20261004-070000-ws25-formal-s22-b000-classreserve,15.651,15.656,0.0319468404574863
20262522,0,moe_batch_us,drill,20261004-070000-ws25-formal-s22-b000-drill,20261004-070000-ws25-formal-s22-b000-classreserve,15.707,15.656,-0.32469599541605776
20262522,0,moe_batch_us,conga,20261004-070000-ws25-formal-s22-b000-conga,20261004-070000-ws25-formal-s22-b000-classreserve,16.516,15.656,-5.207071930249441
20262522,0,moe_batch_us,letflow,20261004-070000-ws25-formal-s22-b000-letflow,20261004-070000-ws25-formal-s22-b000-classreserve,15.686,15.656,-0.191253346933562
20262522,0,moe_batch_us,conweave,20261004-070000-ws25-formal-s22-b000-conweave,20261004-070000-ws25-formal-s22-b000-classreserve,15.738,15.656,-0.5210318973185801
20262522,64,moe_batch_us,fecmp,20261004-070000-ws25-formal-s22-b064-fecmp,20261004-070000-ws25-formal-s22-b064-classreserve,15.739,15.737,-0.012707287629454278
20262522,64,background_p99_fct_us,fecmp,20261004-070000-ws25-formal-s22-b064-fecmp,20261004-070000-ws25-formal-s22-b064-classreserve,538.4164599999999,529.3886299999999,-1.6767373716620737
20262522,64,moe_batch_us,drill,20261004-070000-ws25-formal-s22-b064-drill,20261004-070000-ws25-formal-s22-b064-classreserve,15.757,15.737,-0.12692771466649155
20262522,64,background_p99_fct_us,drill,20261004-070000-ws25-formal-s22-b064-drill,20261004-070000-ws25-formal-s22-b064-classreserve,751.7265199999999,529.3886299999999,-29.576965037764
20262522,64,moe_batch_us,conga,20261004-070000-ws25-formal-s22-b064-conga,20261004-070000-ws25-formal-s22-b064-classreserve,17.012,15.737,-7.494709616741124
20262522,64,background_p99_fct_us,conga,20261004-070000-ws25-formal-s22-b064-conga,20261004-070000-ws25-formal-s22-b064-classreserve,576.2532999999999,529.3886299999999,-8.132651040783623
20262522,64,moe_batch_us,letflow,20261004-070000-ws25-formal-s22-b064-letflow,20261004-070000-ws25-formal-s22-b064-classreserve,16.285,15.737,-3.3650598710469715
20262522,64,background_p99_fct_us,letflow,20261004-070000-ws25-formal-s22-b064-letflow,20261004-070000-ws25-formal-s22-b064-classreserve,525.3511,529.3886299999999,0.7685393634847104
20262522,64,moe_batch_us,conweave,20261004-070000-ws25-formal-s22-b064-conweave,20261004-070000-ws25-formal-s22-b064-classreserve,16.786,15.737,-6.249255331824144
20262522,64,background_p99_fct_us,conweave,20261004-070000-ws25-formal-s22-b064-conweave,20261004-070000-ws25-formal-s22-b064-classreserve,553.38001,529.3886299999999,-4.3354258495893365
20262522,128,moe_batch_us,fecmp,20261004-070000-ws25-formal-s22-b128-fecmp,20261004-070000-ws25-formal-s22-b128-classreserve,16.441,16.654,1.2955416337205872
20262522,128,background_p99_fct_us,fecmp,20261004-070000-ws25-formal-s22-b128-fecmp,20261004-070000-ws25-formal-s22-b128-classreserve,1238.84388,1287.7211000000002,3.9453897935872506
20262522,128,moe_batch_us,drill,20261004-070000-ws25-formal-s22-b128-drill,20261004-070000-ws25-formal-s22-b128-classreserve,15.713,16.654,5.988671800420042
20262522,128,background_p99_fct_us,drill,20261004-070000-ws25-formal-s22-b128-drill,20261004-070000-ws25-formal-s22-b128-classreserve,1435.0668000000003,1287.7211000000002,-10.267515073165933
20262522,128,moe_batch_us,conga,20261004-070000-ws25-formal-s22-b128-conga,20261004-070000-ws25-formal-s22-b128-classreserve,17.866,16.654,-6.783835217732004
20262522,128,background_p99_fct_us,conga,20261004-070000-ws25-formal-s22-b128-conga,20261004-070000-ws25-formal-s22-b128-classreserve,1226.9843500000004,1287.7211000000002,4.950083511660086
20262522,128,moe_batch_us,letflow,20261004-070000-ws25-formal-s22-b128-letflow,20261004-070000-ws25-formal-s22-b128-classreserve,17.972,16.654,-7.333630091253063
20262522,128,background_p99_fct_us,letflow,20261004-070000-ws25-formal-s22-b128-letflow,20261004-070000-ws25-formal-s22-b128-classreserve,1227.6110500000004,1287.7211000000002,4.896506104274612
20262522,128,moe_batch_us,conweave,20261004-070000-ws25-formal-s22-b128-conweave,20261004-070000-ws25-formal-s22-b128-classreserve,18.371,16.654,-9.346252245386744
20262522,128,background_p99_fct_us,conweave,20261004-070000-ws25-formal-s22-b128-conweave,20261004-070000-ws25-formal-s22-b128-classreserve,1097.4100600000002,1287.7211000000002,17.34183482881504
20262522,192,moe_batch_us,fecmp,20261004-070000-ws25-formal-s22-b192-fecmp,20261004-070000-ws25-formal-s22-b192-classreserve,17.851,17.58,-1.5181222340485134
20262522,192,background_p99_fct_us,fecmp,20261004-070000-ws25-formal-s22-b192-fecmp,20261004-070000-ws25-formal-s22-b192-classreserve,1600.6923100000001,1589.3071800000002,-0.7112628660032705
20262522,192,moe_batch_us,drill,20261004-070000-ws25-formal-s22-b192-drill,20261004-070000-ws25-formal-s22-b192-classreserve,15.717,17.58,11.853407138766926
20262522,192,background_p99_fct_us,drill,20261004-070000-ws25-formal-s22-b192-drill,20261004-070000-ws25-formal-s22-b192-classreserve,1662.79706,1589.3071800000002,-4.419654194000067
20262522,192,moe_batch_us,conga,20261004-070000-ws25-formal-s22-b192-conga,20261004-070000-ws25-formal-s22-b192-classreserve,21.628,17.58,-18.716478638801558
20262522,192,background_p99_fct_us,conga,20261004-070000-ws25-formal-s22-b192-conga,20261004-070000-ws25-formal-s22-b192-classreserve,1520.4607,1589.3071800000002,4.528001282769112
20262522,192,moe_batch_us,letflow,20261004-070000-ws25-formal-s22-b192-letflow,20261004-070000-ws25-formal-s22-b192-classreserve,17.708,17.58,-0.7228371357578478
20262522,192,background_p99_fct_us,letflow,20261004-070000-ws25-formal-s22-b192-letflow,20261004-070000-ws25-formal-s22-b192-classreserve,1546.1032400000001,1589.3071800000002,2.7943761375210707
20262522,192,moe_batch_us,conweave,20261004-070000-ws25-formal-s22-b192-conweave,20261004-070000-ws25-formal-s22-b192-classreserve,20.651,17.58,-14.87095055929496
20262522,192,background_p99_fct_us,conweave,20261004-070000-ws25-formal-s22-b192-conweave,20261004-070000-ws25-formal-s22-b192-classreserve,1511.9395100000002,1589.3071800000002,5.117114109942134
20262523,0,moe_batch_us,fecmp,20261004-070000-ws25-formal-s23-b000-fecmp,20261004-070000-ws25-formal-s23-b000-classreserve,15.231,15.187,-0.28888451185082875
20262523,0,moe_batch_us,drill,20261004-070000-ws25-formal-s23-b000-drill,20261004-070000-ws25-formal-s23-b000-classreserve,15.204,15.187,-0.11181268087345764
20262523,0,moe_batch_us,conga,20261004-070000-ws25-formal-s23-b000-conga,20261004-070000-ws25-formal-s23-b000-classreserve,18.743,15.187,-18.97241636877768
20262523,0,moe_batch_us,letflow,20261004-070000-ws25-formal-s23-b000-letflow,20261004-070000-ws25-formal-s23-b000-classreserve,15.204,15.187,-0.11181268087345764
20262523,0,moe_batch_us,conweave,20261004-070000-ws25-formal-s23-b000-conweave,20261004-070000-ws25-formal-s23-b000-classreserve,16.408,15.187,-7.441491955143842
20262523,64,moe_batch_us,fecmp,20261004-070000-ws25-formal-s23-b064-fecmp,20261004-070000-ws25-formal-s23-b064-classreserve,16.122,15.599,-3.2440143902741525
20262523,64,background_p99_fct_us,fecmp,20261004-070000-ws25-formal-s23-b064-fecmp,20261004-070000-ws25-formal-s23-b064-classreserve,931.6368,923.6324899999997,-0.8591663618268686
20262523,64,moe_batch_us,drill,20261004-070000-ws25-formal-s23-b064-drill,20261004-070000-ws25-formal-s23-b064-classreserve,15.253,15.599,2.268406215170793
20262523,64,background_p99_fct_us,drill,20261004-070000-ws25-formal-s23-b064-drill,20261004-070000-ws25-formal-s23-b064-classreserve,1152.3442699999998,923.6324899999997,-19.847521782704757
20262523,64,moe_batch_us,conga,20261004-070000-ws25-formal-s23-b064-conga,20261004-070000-ws25-formal-s23-b064-classreserve,16.228,15.599,-3.8760167611535667
20262523,64,background_p99_fct_us,conga,20261004-070000-ws25-formal-s23-b064-conga,20261004-070000-ws25-formal-s23-b064-classreserve,1073.0882199999999,923.6324899999997,-13.927627497392535
20262523,64,moe_batch_us,letflow,20261004-070000-ws25-formal-s23-b064-letflow,20261004-070000-ws25-formal-s23-b064-classreserve,16.303,15.599,-4.318223639820895
20262523,64,background_p99_fct_us,letflow,20261004-070000-ws25-formal-s23-b064-letflow,20261004-070000-ws25-formal-s23-b064-classreserve,873.519,923.6324899999997,5.736966225119278
20262523,64,moe_batch_us,conweave,20261004-070000-ws25-formal-s23-b064-conweave,20261004-070000-ws25-formal-s23-b064-classreserve,17.992,15.599,-13.300355713650514
20262523,64,background_p99_fct_us,conweave,20261004-070000-ws25-formal-s23-b064-conweave,20261004-070000-ws25-formal-s23-b064-classreserve,905.6915499999998,923.6324899999997,1.9809106091361883
20262523,128,moe_batch_us,fecmp,20261004-070000-ws25-formal-s23-b128-fecmp,20261004-070000-ws25-formal-s23-b128-classreserve,17.092,16.495,-3.4928621577345997
20262523,128,background_p99_fct_us,fecmp,20261004-070000-ws25-formal-s23-b128-fecmp,20261004-070000-ws25-formal-s23-b128-classreserve,1084.1966,1015.6276399999999,-6.32440278820281
20262523,128,moe_batch_us,drill,20261004-070000-ws25-formal-s23-b128-drill,20261004-070000-ws25-formal-s23-b128-classreserve,15.209,16.495,8.455519758038022
20262523,128,background_p99_fct_us,drill,20261004-070000-ws25-formal-s23-b128-drill,20261004-070000-ws25-formal-s23-b128-classreserve,1172.70631,1015.6276399999999,-13.394544623879456
20262523,128,moe_batch_us,conga,20261004-070000-ws25-formal-s23-b128-conga,20261004-070000-ws25-formal-s23-b128-classreserve,19.154,16.495,-13.882217813511533
20262523,128,background_p99_fct_us,conga,20261004-070000-ws25-formal-s23-b128-conga,20261004-070000-ws25-formal-s23-b128-classreserve,1015.57376,1015.6276399999999,0.005305375357456121
20262523,128,moe_batch_us,letflow,20261004-070000-ws25-formal-s23-b128-letflow,20261004-070000-ws25-formal-s23-b128-classreserve,17.363,16.495,-4.999136093992962
20262523,128,background_p99_fct_us,letflow,20261004-070000-ws25-formal-s23-b128-letflow,20261004-070000-ws25-formal-s23-b128-classreserve,1015.60209,1015.6276399999999,0.0025157490567861984
20262523,128,moe_batch_us,conweave,20261004-070000-ws25-formal-s23-b128-conweave,20261004-070000-ws25-formal-s23-b128-classreserve,17.591,16.495,-6.230458757319079
20262523,128,background_p99_fct_us,conweave,20261004-070000-ws25-formal-s23-b128-conweave,20261004-070000-ws25-formal-s23-b128-classreserve,1017.04809,1015.6276399999999,-0.1396639956326995
20262523,192,moe_batch_us,fecmp,20261004-070000-ws25-formal-s23-b192-fecmp,20261004-070000-ws25-formal-s23-b192-classreserve,17.864,17.309,-3.1068069861173275
20262523,192,background_p99_fct_us,fecmp,20261004-070000-ws25-formal-s23-b192-fecmp,20261004-070000-ws25-formal-s23-b192-classreserve,1823.0784500000002,1731.05299,-5.047805814390505
20262523,192,moe_batch_us,drill,20261004-070000-ws25-formal-s23-b192-drill,20261004-070000-ws25-formal-s23-b192-classreserve,15.21,17.309,13.800131492439194
20262523,192,background_p99_fct_us,drill,20261004-070000-ws25-formal-s23-b192-drill,20261004-070000-ws25-formal-s23-b192-classreserve,1901.83255,1731.05299,-8.979736938459704
20262523,192,moe_batch_us,conga,20261004-070000-ws25-formal-s23-b192-conga,20261004-070000-ws25-formal-s23-b192-classreserve,18.109,17.309,-4.417692859903921
20262523,192,background_p99_fct_us,conga,20261004-070000-ws25-formal-s23-b192-conga,20261004-070000-ws25-formal-s23-b192-classreserve,1616.5983900000006,1731.05299,7.079964987469722
20262523,192,moe_batch_us,letflow,20261004-070000-ws25-formal-s23-b192-letflow,20261004-070000-ws25-formal-s23-b192-classreserve,19.779,17.309,-12.487992315081641
20262523,192,background_p99_fct_us,letflow,20261004-070000-ws25-formal-s23-b192-letflow,20261004-070000-ws25-formal-s23-b192-classreserve,1846.35056,1731.05299,-6.24461965662686
20262523,192,moe_batch_us,conweave,20261004-070000-ws25-formal-s23-b192-conweave,20261004-070000-ws25-formal-s23-b192-classreserve,18.16,17.309,-4.686123348017612
20262523,192,background_p99_fct_us,conweave,20261004-070000-ws25-formal-s23-b192-conweave,20261004-070000-ws25-formal-s23-b192-classreserve,1733.0735900000002,1731.05299,-0.11659054824095794
20262524,0,moe_batch_us,fecmp,20261004-070000-ws25-formal-s24-b000-fecmp,20261004-070000-ws25-formal-s24-b000-classreserve,15.493,15.53,0.238817530497637
20262524,0,moe_batch_us,drill,20261004-070000-ws25-formal-s24-b000-drill,20261004-070000-ws25-formal-s24-b000-classreserve,15.528,15.53,0.01287995878411774
20262524,0,moe_batch_us,conga,20261004-070000-ws25-formal-s24-b000-conga,20261004-070000-ws25-formal-s24-b000-classreserve,16.19,15.53,-4.076590487955545
20262524,0,moe_batch_us,letflow,20261004-070000-ws25-formal-s24-b000-letflow,20261004-070000-ws25-formal-s24-b000-classreserve,15.5,15.53,0.1935483870967758
20262524,0,moe_batch_us,conweave,20261004-070000-ws25-formal-s24-b000-conweave,20261004-070000-ws25-formal-s24-b000-classreserve,15.472,15.53,0.37487073422957096
20262524,64,moe_batch_us,fecmp,20261004-070000-ws25-formal-s24-b064-fecmp,20261004-070000-ws25-formal-s24-b064-classreserve,18.012,15.941,-11.497890295358648
20262524,64,background_p99_fct_us,fecmp,20261004-070000-ws25-formal-s24-b064-fecmp,20261004-070000-ws25-formal-s24-b064-classreserve,736.5707299999999,704.6489199999999,-4.3338417751137115
20262524,64,moe_batch_us,drill,20261004-070000-ws25-formal-s24-b064-drill,20261004-070000-ws25-formal-s24-b064-classreserve,15.593,15.941,2.2317706663246284
20262524,64,background_p99_fct_us,drill,20261004-070000-ws25-formal-s24-b064-drill,20261004-070000-ws25-formal-s24-b064-classreserve,913.15231,704.6489199999999,-22.833363910561665
20262524,64,moe_batch_us,conga,20261004-070000-ws25-formal-s24-b064-conga,20261004-070000-ws25-formal-s24-b064-classreserve,16.103,15.941,-1.0060237222877744
20262524,64,background_p99_fct_us,conga,20261004-070000-ws25-formal-s24-b064-conga,20261004-070000-ws25-formal-s24-b064-classreserve,773.38522,704.6489199999999,-8.88771833524309
20262524,64,moe_batch_us,letflow,20261004-070000-ws25-formal-s24-b064-letflow,20261004-070000-ws25-formal-s24-b064-classreserve,16.345,15.941,-2.471703884980103
20262524,64,background_p99_fct_us,letflow,20261004-070000-ws25-formal-s24-b064-letflow,20261004-070000-ws25-formal-s24-b064-classreserve,716.1732199999998,704.6489199999999,-1.6091498087571487
20262524,64,moe_batch_us,conweave,20261004-070000-ws25-formal-s24-b064-conweave,20261004-070000-ws25-formal-s24-b064-classreserve,15.93,15.941,0.06905210295040654
20262524,64,background_p99_fct_us,conweave,20261004-070000-ws25-formal-s24-b064-conweave,20261004-070000-ws25-formal-s24-b064-classreserve,707.1999199999999,704.6489199999999,-0.36071836659710144
20262524,128,moe_batch_us,fecmp,20261004-070000-ws25-formal-s24-b128-fecmp,20261004-070000-ws25-formal-s24-b128-classreserve,18.317,16.433,-10.285527105967141
20262524,128,background_p99_fct_us,fecmp,20261004-070000-ws25-formal-s24-b128-fecmp,20261004-070000-ws25-formal-s24-b128-classreserve,1114.9720399999999,1219.08973,9.338143582506353
20262524,128,moe_batch_us,drill,20261004-070000-ws25-formal-s24-b128-drill,20261004-070000-ws25-formal-s24-b128-classreserve,15.617,16.433,5.225075238522114
20262524,128,background_p99_fct_us,drill,20261004-070000-ws25-formal-s24-b128-drill,20261004-070000-ws25-formal-s24-b128-classreserve,1369.0191200000006,1219.08973,-10.951592115090447
20262524,128,moe_batch_us,conga,20261004-070000-ws25-formal-s24-b128-conga,20261004-070000-ws25-formal-s24-b128-classreserve,18.649,16.433,-11.882674674245274
20262524,128,background_p99_fct_us,conga,20261004-070000-ws25-formal-s24-b128-conga,20261004-070000-ws25-formal-s24-b128-classreserve,1244.6016200000001,1219.08973,-2.0498036954186394
20262524,128,moe_batch_us,letflow,20261004-070000-ws25-formal-s24-b128-letflow,20261004-070000-ws25-formal-s24-b128-classreserve,17.141,16.433,-4.130447465142051
20262524,128,background_p99_fct_us,letflow,20261004-070000-ws25-formal-s24-b128-letflow,20261004-070000-ws25-formal-s24-b128-classreserve,1171.5341200000003,1219.08973,4.059259494721301
20262524,128,moe_batch_us,conweave,20261004-070000-ws25-formal-s24-b128-conweave,20261004-070000-ws25-formal-s24-b128-classreserve,17.319,16.433,-5.115768808822674
20262524,128,background_p99_fct_us,conweave,20261004-070000-ws25-formal-s24-b128-conweave,20261004-070000-ws25-formal-s24-b128-classreserve,1097.0803799999999,1219.08973,11.121277184813017
20262524,192,moe_batch_us,fecmp,20261004-070000-ws25-formal-s24-b192-fecmp,20261004-070000-ws25-formal-s24-b192-classreserve,19.671,17.733,-9.852066493823386
20262524,192,background_p99_fct_us,fecmp,20261004-070000-ws25-formal-s24-b192-fecmp,20261004-070000-ws25-formal-s24-b192-classreserve,1300.2713400000005,1467.6892500000001,12.8756133315989
20262524,192,moe_batch_us,drill,20261004-070000-ws25-formal-s24-b192-drill,20261004-070000-ws25-formal-s24-b192-classreserve,15.648,17.733,13.324386503067487
20262524,192,background_p99_fct_us,drill,20261004-070000-ws25-formal-s24-b192-drill,20261004-070000-ws25-formal-s24-b192-classreserve,1623.94822,1467.6892500000001,-9.622164553990508
20262524,192,moe_batch_us,conga,20261004-070000-ws25-formal-s24-b192-conga,20261004-070000-ws25-formal-s24-b192-classreserve,19.123,17.733,-7.268733985253362
20262524,192,background_p99_fct_us,conga,20261004-070000-ws25-formal-s24-b192-conga,20261004-070000-ws25-formal-s24-b192-classreserve,1509.8764800000004,1467.6892500000001,-2.794084851232348
20262524,192,moe_batch_us,letflow,20261004-070000-ws25-formal-s24-b192-letflow,20261004-070000-ws25-formal-s24-b192-classreserve,17.883,17.733,-0.8387854386847748
20262524,192,background_p99_fct_us,letflow,20261004-070000-ws25-formal-s24-b192-letflow,20261004-070000-ws25-formal-s24-b192-classreserve,1539.00531,1467.6892500000001,-4.633906038959667
20262524,192,moe_batch_us,conweave,20261004-070000-ws25-formal-s24-b192-conweave,20261004-070000-ws25-formal-s24-b192-classreserve,18.812,17.733,-5.7357006166276925
20262524,192,background_p99_fct_us,conweave,20261004-070000-ws25-formal-s24-b192-conweave,20261004-070000-ws25-formal-s24-b192-classreserve,1519.5207800000003,1467.6892500000001,-3.41104450049049
20262525,0,moe_batch_us,fecmp,20261004-070000-ws25-formal-s25-b000-fecmp,20261004-070000-ws25-formal-s25-b000-classreserve,16.409,16.408,-0.006094216588448109
20262525,0,moe_batch_us,drill,20261004-070000-ws25-formal-s25-b000-drill,20261004-070000-ws25-formal-s25-b000-classreserve,16.414,16.408,-0.036554161082003045
20262525,0,moe_batch_us,conga,20261004-070000-ws25-formal-s25-b000-conga,20261004-070000-ws25-formal-s25-b000-classreserve,17.551,16.408,-6.512449433080725
20262525,0,moe_batch_us,letflow,20261004-070000-ws25-formal-s25-b000-letflow,20261004-070000-ws25-formal-s25-b000-classreserve,16.409,16.408,-0.006094216588448109
20262525,0,moe_batch_us,conweave,20261004-070000-ws25-formal-s25-b000-conweave,20261004-070000-ws25-formal-s25-b000-classreserve,16.41,16.408,-0.012187690432652332
20262525,64,moe_batch_us,fecmp,20261004-070000-ws25-formal-s25-b064-fecmp,20261004-070000-ws25-formal-s25-b064-classreserve,16.967,16.421,-3.218011433960033
20262525,64,background_p99_fct_us,fecmp,20261004-070000-ws25-formal-s25-b064-fecmp,20261004-070000-ws25-formal-s25-b064-classreserve,687.5088099999999,686.41358,-0.1593041404080231
20262525,64,moe_batch_us,drill,20261004-070000-ws25-formal-s25-b064-drill,20261004-070000-ws25-formal-s25-b064-classreserve,16.436,16.421,-0.09126308104161485
20262525,64,background_p99_fct_us,drill,20261004-070000-ws25-formal-s25-b064-drill,20261004-070000-ws25-formal-s25-b064-classreserve,916.99101,686.41358,-25.145004420490448
20262525,64,moe_batch_us,conga,20261004-070000-ws25-formal-s25-b064-conga,20261004-070000-ws25-formal-s25-b064-classreserve,17.659,16.421,-7.010589501104247
20262525,64,background_p99_fct_us,conga,20261004-070000-ws25-formal-s25-b064-conga,20261004-070000-ws25-formal-s25-b064-classreserve,690.04878,686.41358,-0.5268033370046554
20262525,64,moe_batch_us,letflow,20261004-070000-ws25-formal-s25-b064-letflow,20261004-070000-ws25-formal-s25-b064-classreserve,16.541,16.421,-0.7254700441327699
20262525,64,background_p99_fct_us,letflow,20261004-070000-ws25-formal-s25-b064-letflow,20261004-070000-ws25-formal-s25-b064-classreserve,684.9284299999999,686.41358,0.21683287405664942
20262525,64,moe_batch_us,conweave,20261004-070000-ws25-formal-s25-b064-conweave,20261004-070000-ws25-formal-s25-b064-classreserve,16.636,16.421,-1.2923779754748677
20262525,64,background_p99_fct_us,conweave,20261004-070000-ws25-formal-s25-b064-conweave,20261004-070000-ws25-formal-s25-b064-classreserve,687.3363099999999,686.41358,-0.1342472362619529
20262525,128,moe_batch_us,fecmp,20261004-070000-ws25-formal-s25-b128-fecmp,20261004-070000-ws25-formal-s25-b128-classreserve,17.016,16.492,-3.079454630935574
20262525,128,background_p99_fct_us,fecmp,20261004-070000-ws25-formal-s25-b128-fecmp,20261004-070000-ws25-formal-s25-b128-classreserve,921.10256,1028.3789400000005,11.646518494096947
20262525,128,moe_batch_us,drill,20261004-070000-ws25-formal-s25-b128-drill,20261004-070000-ws25-formal-s25-b128-classreserve,16.447,16.492,0.27360612877729285
20262525,128,background_p99_fct_us,drill,20261004-070000-ws25-formal-s25-b128-drill,20261004-070000-ws25-formal-s25-b128-classreserve,1222.1886100000002,1028.3789400000005,-15.857590916347974
20262525,128,moe_batch_us,conga,20261004-070000-ws25-formal-s25-b128-conga,20261004-070000-ws25-formal-s25-b128-classreserve,17.622,16.492,-6.412438996708659
20262525,128,background_p99_fct_us,conga,20261004-070000-ws25-formal-s25-b128-conga,20261004-070000-ws25-formal-s25-b128-classreserve,1060.53343,1028.3789400000005,-3.0319166836635603
20262525,128,moe_batch_us,letflow,20261004-070000-ws25-formal-s25-b128-letflow,20261004-070000-ws25-formal-s25-b128-classreserve,18.989,16.492,-13.149718257938803
20262525,128,background_p99_fct_us,letflow,20261004-070000-ws25-formal-s25-b128-letflow,20261004-070000-ws25-formal-s25-b128-classreserve,1020.6708100000003,1028.3789400000005,0.7552023555959408
20262525,128,moe_batch_us,conweave,20261004-070000-ws25-formal-s25-b128-conweave,20261004-070000-ws25-formal-s25-b128-classreserve,17.342,16.492,-4.901395456118085
20262525,128,background_p99_fct_us,conweave,20261004-070000-ws25-formal-s25-b128-conweave,20261004-070000-ws25-formal-s25-b128-classreserve,1007.7458500000005,1028.3789400000005,2.0474497612666953
20262525,192,moe_batch_us,fecmp,20261004-070000-ws25-formal-s25-b192-fecmp,20261004-070000-ws25-formal-s25-b192-classreserve,17.414,17.033,-2.1878947972895357
20262525,192,background_p99_fct_us,fecmp,20261004-070000-ws25-formal-s25-b192-fecmp,20261004-070000-ws25-formal-s25-b192-classreserve,1456.5013900000001,1406.7937800000002,-3.4128089640889314
20262525,192,moe_batch_us,drill,20261004-070000-ws25-formal-s25-b192-drill,20261004-070000-ws25-formal-s25-b192-classreserve,17.212,17.033,-1.039972112479659
20262525,192,background_p99_fct_us,drill,20261004-070000-ws25-formal-s25-b192-drill,20261004-070000-ws25-formal-s25-b192-classreserve,1678.2775500000005,1406.7937800000002,-16.17633328885322
20262525,192,moe_batch_us,conga,20261004-070000-ws25-formal-s25-b192-conga,20261004-070000-ws25-formal-s25-b192-classreserve,18.654,17.033,-8.689825238554727
20262525,192,background_p99_fct_us,conga,20261004-070000-ws25-formal-s25-b192-conga,20261004-070000-ws25-formal-s25-b192-classreserve,1537.20548,1406.7937800000002,-8.483686904368826
20262525,192,moe_batch_us,letflow,20261004-070000-ws25-formal-s25-b192-letflow,20261004-070000-ws25-formal-s25-b192-classreserve,18.441,17.033,-7.635160783037787
20262525,192,background_p99_fct_us,letflow,20261004-070000-ws25-formal-s25-b192-letflow,20261004-070000-ws25-formal-s25-b192-classreserve,1450.6810500000006,1406.7937800000002,-3.025287329699411
20262525,192,moe_batch_us,conweave,20261004-070000-ws25-formal-s25-b192-conweave,20261004-070000-ws25-formal-s25-b192-classreserve,17.489,17.033,-2.6073531934358685
20262525,192,background_p99_fct_us,conweave,20261004-070000-ws25-formal-s25-b192-conweave,20261004-070000-ws25-formal-s25-b192-classreserve,1463.69395,1406.7937800000002,-3.8874363045635296
20262526,0,moe_batch_us,fecmp,20261004-070000-ws25-formal-s26-b000-fecmp,20261004-070000-ws25-formal-s26-b000-classreserve,15.896,15.88,-0.10065425264217387
20262526,0,moe_batch_us,drill,20261004-070000-ws25-formal-s26-b000-drill,20261004-070000-ws25-formal-s26-b000-classreserve,15.884,15.88,-0.025182573659021656
20262526,0,moe_batch_us,conga,20261004-070000-ws25-formal-s26-b000-conga,20261004-070000-ws25-formal-s26-b000-classreserve,16.104,15.88,-1.3909587680079438
20262526,0,moe_batch_us,letflow,20261004-070000-ws25-formal-s26-b000-letflow,20261004-070000-ws25-formal-s26-b000-classreserve,15.895,15.88,-0.09436929852153497
20262526,0,moe_batch_us,conweave,20261004-070000-ws25-formal-s26-b000-conweave,20261004-070000-ws25-formal-s26-b000-classreserve,15.901,15.88,-0.13206716558706866
20262526,64,moe_batch_us,fecmp,20261004-070000-ws25-formal-s26-b064-fecmp,20261004-070000-ws25-formal-s26-b064-classreserve,16.629,15.931,-4.1974863190811345
20262526,64,background_p99_fct_us,fecmp,20261004-070000-ws25-formal-s26-b064-fecmp,20261004-070000-ws25-formal-s26-b064-classreserve,680.71777,680.30381,-0.060812280543220965
20262526,64,moe_batch_us,drill,20261004-070000-ws25-formal-s26-b064-drill,20261004-070000-ws25-formal-s26-b064-classreserve,15.934,15.931,-0.018827664114473563
20262526,64,background_p99_fct_us,drill,20261004-070000-ws25-formal-s26-b064-drill,20261004-070000-ws25-formal-s26-b064-classreserve,925.67181,680.30381,-26.507018724055133
20262526,64,moe_batch_us,conga,20261004-070000-ws25-formal-s26-b064-conga,20261004-070000-ws25-formal-s26-b064-classreserve,16.165,15.931,-1.4475719146303745
20262526,64,background_p99_fct_us,conga,20261004-070000-ws25-formal-s26-b064-conga,20261004-070000-ws25-formal-s26-b064-classreserve,682.95381,680.30381,-0.3880203845703645
20262526,64,moe_batch_us,letflow,20261004-070000-ws25-formal-s26-b064-letflow,20261004-070000-ws25-formal-s26-b064-classreserve,16.081,15.931,-0.9327778123251029
20262526,64,background_p99_fct_us,letflow,20261004-070000-ws25-formal-s26-b064-letflow,20261004-070000-ws25-formal-s26-b064-classreserve,680.48861,680.30381,-0.02715695711644761
20262526,64,moe_batch_us,conweave,20261004-070000-ws25-formal-s26-b064-conweave,20261004-070000-ws25-formal-s26-b064-classreserve,16.197,15.931,-1.6422794344631675
20262526,64,background_p99_fct_us,conweave,20261004-070000-ws25-formal-s26-b064-conweave,20261004-070000-ws25-formal-s26-b064-classreserve,681.99784,680.30381,-0.2483922822981377
20262526,128,moe_batch_us,fecmp,20261004-070000-ws25-formal-s26-b128-fecmp,20261004-070000-ws25-formal-s26-b128-classreserve,16.826,16.919,0.5527160347081894
20262526,128,background_p99_fct_us,fecmp,20261004-070000-ws25-formal-s26-b128-fecmp,20261004-070000-ws25-formal-s26-b128-classreserve,1599.3698000000002,1585.9076000000002,-0.8417190320837542
20262526,128,moe_batch_us,drill,20261004-070000-ws25-formal-s26-b128-drill,20261004-070000-ws25-formal-s26-b128-classreserve,16.021,16.919,5.605143249485045
20262526,128,background_p99_fct_us,drill,20261004-070000-ws25-formal-s26-b128-drill,20261004-070000-ws25-formal-s26-b128-classreserve,1757.5123900000003,1585.9076000000002,-9.764072843890448
20262526,128,moe_batch_us,conga,20261004-070000-ws25-formal-s26-b128-conga,20261004-070000-ws25-formal-s26-b128-classreserve,17.997,16.919,-5.989887203422795
20262526,128,background_p99_fct_us,conga,20261004-070000-ws25-formal-s26-b128-conga,20261004-070000-ws25-formal-s26-b128-classreserve,1585.39261,1585.9076000000002,0.032483436389929565
20262526,128,moe_batch_us,letflow,20261004-070000-ws25-formal-s26-b128-letflow,20261004-070000-ws25-formal-s26-b128-classreserve,17.444,16.919,-3.0096308186195797
20262526,128,background_p99_fct_us,letflow,20261004-070000-ws25-formal-s26-b128-letflow,20261004-070000-ws25-formal-s26-b128-classreserve,1552.37849,1585.9076000000002,2.1598540701243563
20262526,128,moe_batch_us,conweave,20261004-070000-ws25-formal-s26-b128-conweave,20261004-070000-ws25-formal-s26-b128-classreserve,16.557,16.919,2.186386422661113
20262526,128,background_p99_fct_us,conweave,20261004-070000-ws25-formal-s26-b128-conweave,20261004-070000-ws25-formal-s26-b128-classreserve,1601.89821,1585.9076000000002,-0.9982288450150589
20262526,192,moe_batch_us,fecmp,20261004-070000-ws25-formal-s26-b192-fecmp,20261004-070000-ws25-formal-s26-b192-classreserve,17.732,18.53,4.500338371306123
20262526,192,background_p99_fct_us,fecmp,20261004-070000-ws25-formal-s26-b192-fecmp,20261004-070000-ws25-formal-s26-b192-classreserve,2133.4202800000003,2173.35273,1.871757307941202
20262526,192,moe_batch_us,drill,20261004-070000-ws25-formal-s26-b192-drill,20261004-070000-ws25-formal-s26-b192-classreserve,15.931,18.53,16.314104575983947
20262526,192,background_p99_fct_us,drill,20261004-070000-ws25-formal-s26-b192-drill,20261004-070000-ws25-formal-s26-b192-classreserve,2211.5942,2173.35273,-1.7291359328035827
20262526,192,moe_batch_us,conga,20261004-070000-ws25-formal-s26-b192-conga,20261004-070000-ws25-formal-s26-b192-classreserve,19.212,18.53,-3.5498646679158807
20262526,192,background_p99_fct_us,conga,20261004-070000-ws25-formal-s26-b192-conga,20261004-070000-ws25-formal-s26-b192-classreserve,2165.86229,2173.35273,0.3458410091252917
20262526,192,moe_batch_us,letflow,20261004-070000-ws25-formal-s26-b192-letflow,20261004-070000-ws25-formal-s26-b192-classreserve,17.509,18.53,5.831286766805643
20262526,192,background_p99_fct_us,letflow,20261004-070000-ws25-formal-s26-b192-letflow,20261004-070000-ws25-formal-s26-b192-classreserve,2144.3139499999997,2173.35273,1.3542224075910214
20262526,192,moe_batch_us,conweave,20261004-070000-ws25-formal-s26-b192-conweave,20261004-070000-ws25-formal-s26-b192-classreserve,17.991,18.53,2.9959424156522863
20262526,192,background_p99_fct_us,conweave,20261004-070000-ws25-formal-s26-b192-conweave,20261004-070000-ws25-formal-s26-b192-classreserve,2074.30431,2173.35273,4.775018762796668
20262527,0,moe_batch_us,fecmp,20261004-070000-ws25-formal-s27-b000-fecmp,20261004-070000-ws25-formal-s27-b000-classreserve,15.489,15.59,0.6520756666021033
20262527,0,moe_batch_us,drill,20261004-070000-ws25-formal-s27-b000-drill,20261004-070000-ws25-formal-s27-b000-classreserve,15.585,15.59,0.03208213025345241
20262527,0,moe_batch_us,conga,20261004-070000-ws25-formal-s27-b000-conga,20261004-070000-ws25-formal-s27-b000-classreserve,16.777,15.59,-7.0751624247481715
20262527,0,moe_batch_us,letflow,20261004-070000-ws25-formal-s27-b000-letflow,20261004-070000-ws25-formal-s27-b000-classreserve,15.515,15.59,0.48340315823396374
20262527,0,moe_batch_us,conweave,20261004-070000-ws25-formal-s27-b000-conweave,20261004-070000-ws25-formal-s27-b000-classreserve,15.495,15.59,0.61310100032268
20262527,64,moe_batch_us,fecmp,20261004-070000-ws25-formal-s27-b064-fecmp,20261004-070000-ws25-formal-s27-b064-classreserve,17.122,15.892,-7.183740217264345
20262527,64,background_p99_fct_us,fecmp,20261004-070000-ws25-formal-s27-b064-fecmp,20261004-070000-ws25-formal-s27-b064-classreserve,715.92778,734.87951,2.6471566727023665
20262527,64,moe_batch_us,drill,20261004-070000-ws25-formal-s27-b064-drill,20261004-070000-ws25-formal-s27-b064-classreserve,15.648,15.892,1.5593047034764718
20262527,64,background_p99_fct_us,drill,20261004-070000-ws25-formal-s27-b064-drill,20261004-070000-ws25-formal-s27-b064-classreserve,931.63149,734.87951,-21.119077887760106
20262527,64,moe_batch_us,conga,20261004-070000-ws25-formal-s27-b064-conga,20261004-070000-ws25-formal-s27-b064-classreserve,17.669,15.892,-10.057162261588093
20262527,64,background_p99_fct_us,conga,20261004-070000-ws25-formal-s27-b064-conga,20261004-070000-ws25-formal-s27-b064-classreserve,705.32421,734.87951,4.190314125187911
20262527,64,moe_batch_us,letflow,20261004-070000-ws25-formal-s27-b064-letflow,20261004-070000-ws25-formal-s27-b064-classreserve,16.105,15.892,-1.3225706302390616
20262527,64,background_p99_fct_us,letflow,20261004-070000-ws25-formal-s27-b064-letflow,20261004-070000-ws25-formal-s27-b064-classreserve,741.3332399999998,734.87951,-0.8705572139190543
20262527,64,moe_batch_us,conweave,20261004-070000-ws25-formal-s27-b064-conweave,20261004-070000-ws25-formal-s27-b064-classreserve,16.52,15.892,-3.801452784503634
20262527,64,background_p99_fct_us,conweave,20261004-070000-ws25-formal-s27-b064-conweave,20261004-070000-ws25-formal-s27-b064-classreserve,706.0142999999999,734.87951,4.088473845359797
20262527,128,moe_batch_us,fecmp,20261004-070000-ws25-formal-s27-b128-fecmp,20261004-070000-ws25-formal-s27-b128-classreserve,17.275,16.956,-1.846599131693194
20262527,128,background_p99_fct_us,fecmp,20261004-070000-ws25-formal-s27-b128-fecmp,20261004-070000-ws25-formal-s27-b128-classreserve,1162.0238800000002,1233.6735800000004,6.165940410794324
20262527,128,moe_batch_us,drill,20261004-070000-ws25-formal-s27-b128-drill,20261004-070000-ws25-formal-s27-b128-classreserve,15.537,16.956,9.133037265881438
20262527,128,background_p99_fct_us,drill,20261004-070000-ws25-formal-s27-b128-drill,20261004-070000-ws25-formal-s27-b128-classreserve,1430.49558,1233.6735800000004,-13.759007909692366
20262527,128,moe_batch_us,conga,20261004-070000-ws25-formal-s27-b128-conga,20261004-070000-ws25-formal-s27-b128-classreserve,18.126,16.956,-6.454816285998022
20262527,128,background_p99_fct_us,conga,20261004-070000-ws25-formal-s27-b128-conga,20261004-070000-ws25-formal-s27-b128-classreserve,1230.4245000000008,1233.6735800000004,0.2640617120351241
20262527,128,moe_batch_us,letflow,20261004-070000-ws25-formal-s27-b128-letflow,20261004-070000-ws25-formal-s27-b128-classreserve,16.691,16.956,1.5876819843029244
20262527,128,background_p99_fct_us,letflow,20261004-070000-ws25-formal-s27-b128-letflow,20261004-070000-ws25-formal-s27-b128-classreserve,1203.0106400000004,1233.6735800000004,2.548850274507952
20262527,128,moe_batch_us,conweave,20261004-070000-ws25-formal-s27-b128-conweave,20261004-070000-ws25-formal-s27-b128-classreserve,18.5,16.956,-8.345945945945953
20262527,128,background_p99_fct_us,conweave,20261004-070000-ws25-formal-s27-b128-conweave,20261004-070000-ws25-formal-s27-b128-classreserve,1144.0987400000001,1233.6735800000004,7.82929277590152
20262527,192,moe_batch_us,fecmp,20261004-070000-ws25-formal-s27-b192-fecmp,20261004-070000-ws25-formal-s27-b192-classreserve,17.972,17.619,-1.9641664811929749
20262527,192,background_p99_fct_us,fecmp,20261004-070000-ws25-formal-s27-b192-fecmp,20261004-070000-ws25-formal-s27-b192-classreserve,1628.4867700000002,1558.25816,-4.312507248677255
20262527,192,moe_batch_us,drill,20261004-070000-ws25-formal-s27-b192-drill,20261004-070000-ws25-formal-s27-b192-classreserve,15.625,17.619,12.761599999999994
20262527,192,background_p99_fct_us,drill,20261004-070000-ws25-formal-s27-b192-drill,20261004-070000-ws25-formal-s27-b192-classreserve,1596.1864600000001,1558.25816,-2.3761822913846764
20262527,192,moe_batch_us,conga,20261004-070000-ws25-formal-s27-b192-conga,20261004-070000-ws25-formal-s27-b192-classreserve,19.237,17.619,-8.410874876539998
20262527,192,background_p99_fct_us,conga,20261004-070000-ws25-formal-s27-b192-conga,20261004-070000-ws25-formal-s27-b192-classreserve,1604.46665,1558.25816,-2.8799906810153986
20262527,192,moe_batch_us,letflow,20261004-070000-ws25-formal-s27-b192-letflow,20261004-070000-ws25-formal-s27-b192-classreserve,18.354,17.619,-4.004576659038895
20262527,192,background_p99_fct_us,letflow,20261004-070000-ws25-formal-s27-b192-letflow,20261004-070000-ws25-formal-s27-b192-classreserve,1620.89553,1558.25816,-3.8643681126074747
20262527,192,moe_batch_us,conweave,20261004-070000-ws25-formal-s27-b192-conweave,20261004-070000-ws25-formal-s27-b192-classreserve,18.575,17.619,-5.146702557200533
20262527,192,background_p99_fct_us,conweave,20261004-070000-ws25-formal-s27-b192-conweave,20261004-070000-ws25-formal-s27-b192-classreserve,1550.8578000000002,1558.25816,0.47717850082709123
20262528,0,moe_batch_us,fecmp,20261004-070000-ws25-formal-s28-b000-fecmp,20261004-070000-ws25-formal-s28-b000-classreserve,15.271,15.665,2.5800536965490117
20262528,0,moe_batch_us,drill,20261004-070000-ws25-formal-s28-b000-drill,20261004-070000-ws25-formal-s28-b000-classreserve,15.379,15.665,1.8596787827557026
20262528,0,moe_batch_us,conga,20261004-070000-ws25-formal-s28-b000-conga,20261004-070000-ws25-formal-s28-b000-classreserve,15.352,15.665,2.038822303282961
20262528,0,moe_batch_us,letflow,20261004-070000-ws25-formal-s28-b000-letflow,20261004-070000-ws25-formal-s28-b000-classreserve,15.27,15.665,2.5867714472822545
20262528,0,moe_batch_us,conweave,20261004-070000-ws25-formal-s28-b000-conweave,20261004-070000-ws25-formal-s28-b000-classreserve,15.248,15.665,2.7347848898216176
20262528,64,moe_batch_us,fecmp,20261004-070000-ws25-formal-s28-b064-fecmp,20261004-070000-ws25-formal-s28-b064-classreserve,17.43,15.601,-10.493402180149157
20262528,64,background_p99_fct_us,fecmp,20261004-070000-ws25-formal-s28-b064-fecmp,20261004-070000-ws25-formal-s28-b064-classreserve,671.39521,672.77461,0.2054527615709345
20262528,64,moe_batch_us,drill,20261004-070000-ws25-formal-s28-b064-drill,20261004-070000-ws25-formal-s28-b064-classreserve,15.525,15.601,0.48953301127214743
20262528,64,background_p99_fct_us,drill,20261004-070000-ws25-formal-s28-b064-drill,20261004-070000-ws25-formal-s28-b064-classreserve,793.12435,672.77461,-15.17413253041594
20262528,64,moe_batch_us,conga,20261004-070000-ws25-formal-s28-b064-conga,20261004-070000-ws25-formal-s28-b064-classreserve,17.343,15.601,-10.044398316323589
20262528,64,background_p99_fct_us,conga,20261004-070000-ws25-formal-s28-b064-conga,20261004-070000-ws25-formal-s28-b064-classreserve,671.34221,672.77461,0.21336361376711466
20262528,64,moe_batch_us,letflow,20261004-070000-ws25-formal-s28-b064-letflow,20261004-070000-ws25-formal-s28-b064-classreserve,16.513,15.601,-5.522921334705999
20262528,64,background_p99_fct_us,letflow,20261004-070000-ws25-formal-s28-b064-letflow,20261004-070000-ws25-formal-s28-b064-classreserve,671.77783,672.77461,0.14837941287821899
20262528,64,moe_batch_us,conweave,20261004-070000-ws25-formal-s28-b064-conweave,20261004-070000-ws25-formal-s28-b064-classreserve,16.297,15.601,-4.2707246732527455
20262528,64,background_p99_fct_us,conweave,20261004-070000-ws25-formal-s28-b064-conweave,20261004-070000-ws25-formal-s28-b064-classreserve,643.7575599999998,672.77461,4.507449978529232
20262528,128,moe_batch_us,fecmp,20261004-070000-ws25-formal-s28-b128-fecmp,20261004-070000-ws25-formal-s28-b128-classreserve,18.472,16.283,-11.850368124729316
20262528,128,background_p99_fct_us,fecmp,20261004-070000-ws25-formal-s28-b128-fecmp,20261004-070000-ws25-formal-s28-b128-classreserve,1132.1604600000003,1149.88707,1.5657330057260443
20262528,128,moe_batch_us,drill,20261004-070000-ws25-formal-s28-b128-drill,20261004-070000-ws25-formal-s28-b128-classreserve,15.436,16.283,5.487172842705368
20262528,128,background_p99_fct_us,drill,20261004-070000-ws25-formal-s28-b128-drill,20261004-070000-ws25-formal-s28-b128-classreserve,1396.33293,1149.88707,-17.649505694891833
20262528,128,moe_batch_us,conga,20261004-070000-ws25-formal-s28-b128-conga,20261004-070000-ws25-formal-s28-b128-classreserve,18.499,16.283,-11.979025893291517
20262528,128,background_p99_fct_us,conga,20261004-070000-ws25-formal-s28-b128-conga,20261004-070000-ws25-formal-s28-b128-classreserve,1127.41387,1149.88707,1.9933407418519566
20262528,128,moe_batch_us,letflow,20261004-070000-ws25-formal-s28-b128-letflow,20261004-070000-ws25-formal-s28-b128-classreserve,17.103,16.283,-4.79448050049699
20262528,128,background_p99_fct_us,letflow,20261004-070000-ws25-formal-s28-b128-letflow,20261004-070000-ws25-formal-s28-b128-classreserve,1141.9794100000004,1149.88707,0.6924520644377985
20262528,128,moe_batch_us,conweave,20261004-070000-ws25-formal-s28-b128-conweave,20261004-070000-ws25-formal-s28-b128-classreserve,18.314,16.283,-11.089876597138792
20262528,128,background_p99_fct_us,conweave,20261004-070000-ws25-formal-s28-b128-conweave,20261004-070000-ws25-formal-s28-b128-classreserve,1166.64265,1149.88707,-1.4362221370871397
20262528,192,moe_batch_us,fecmp,20261004-070000-ws25-formal-s28-b192-fecmp,20261004-070000-ws25-formal-s28-b192-classreserve,19.197,17.212,-10.340157316247323
20262528,192,background_p99_fct_us,fecmp,20261004-070000-ws25-formal-s28-b192-fecmp,20261004-070000-ws25-formal-s28-b192-classreserve,1537.6946400000002,1579.6833400000003,2.7306266737068263
20262528,192,moe_batch_us,drill,20261004-070000-ws25-formal-s28-b192-drill,20261004-070000-ws25-formal-s28-b192-classreserve,15.426,17.212,11.577855568520668
20262528,192,background_p99_fct_us,drill,20261004-070000-ws25-formal-s28-b192-drill,20261004-070000-ws25-formal-s28-b192-classreserve,1686.27323,1579.6833400000003,-6.321033157835265
20262528,192,moe_batch_us,conga,20261004-070000-ws25-formal-s28-b192-conga,20261004-070000-ws25-formal-s28-b192-classreserve,19.945,17.212,-13.70268237653548
20262528,192,background_p99_fct_us,conga,20261004-070000-ws25-formal-s28-b192-conga,20261004-070000-ws25-formal-s28-b192-classreserve,1626.0454000000002,1579.6833400000003,-2.8512155933653416
20262528,192,moe_batch_us,letflow,20261004-070000-ws25-formal-s28-b192-letflow,20261004-070000-ws25-formal-s28-b192-classreserve,17.302,17.212,-0.5201710784880298
20262528,192,background_p99_fct_us,letflow,20261004-070000-ws25-formal-s28-b192-letflow,20261004-070000-ws25-formal-s28-b192-classreserve,1515.37688,1579.6833400000003,4.243595164260405
20262528,192,moe_batch_us,conweave,20261004-070000-ws25-formal-s28-b192-conweave,20261004-070000-ws25-formal-s28-b192-classreserve,17.619,17.212,-2.310006243260121
20262528,192,background_p99_fct_us,conweave,20261004-070000-ws25-formal-s28-b192-conweave,20261004-070000-ws25-formal-s28-b192-classreserve,1552.9084300000002,1579.6833400000003,1.7241782891216584
20262529,0,moe_batch_us,fecmp,20261004-070000-ws25-formal-s29-b000-fecmp,20261004-070000-ws25-formal-s29-b000-classreserve,15.478,14.846,-4.0832148856441375
20262529,0,moe_batch_us,drill,20261004-070000-ws25-formal-s29-b000-drill,20261004-070000-ws25-formal-s29-b000-classreserve,14.807,14.846,0.26338893766462146
20262529,0,moe_batch_us,conga,20261004-070000-ws25-formal-s29-b000-conga,20261004-070000-ws25-formal-s29-b000-classreserve,15.51,14.846,-4.281108961960022
20262529,0,moe_batch_us,letflow,20261004-070000-ws25-formal-s29-b000-letflow,20261004-070000-ws25-formal-s29-b000-classreserve,15.087,14.846,-1.597401736594417
20262529,0,moe_batch_us,conweave,20261004-070000-ws25-formal-s29-b000-conweave,20261004-070000-ws25-formal-s29-b000-classreserve,14.776,14.846,0.4737412019491183
20262529,64,moe_batch_us,fecmp,20261004-070000-ws25-formal-s29-b064-fecmp,20261004-070000-ws25-formal-s29-b064-classreserve,16.395,16.077,-1.9396157365050182
20262529,64,background_p99_fct_us,fecmp,20261004-070000-ws25-formal-s29-b064-fecmp,20261004-070000-ws25-formal-s29-b064-classreserve,696.1472299999999,696.21686,0.010002194507063855
20262529,64,moe_batch_us,drill,20261004-070000-ws25-formal-s29-b064-drill,20261004-070000-ws25-formal-s29-b064-classreserve,14.852,16.077,8.24804740102345
20262529,64,background_p99_fct_us,drill,20261004-070000-ws25-formal-s29-b064-drill,20261004-070000-ws25-formal-s29-b064-classreserve,851.42029,696.21686,-18.22876807410827
20262529,64,moe_batch_us,conga,20261004-070000-ws25-formal-s29-b064-conga,20261004-070000-ws25-formal-s29-b064-classreserve,16.424,16.077,-2.1127618119824554
20262529,64,background_p99_fct_us,conga,20261004-070000-ws25-formal-s29-b064-conga,20261004-070000-ws25-formal-s29-b064-classreserve,697.2172099999999,696.21686,-0.1434775254615328
20262529,64,moe_batch_us,letflow,20261004-070000-ws25-formal-s29-b064-letflow,20261004-070000-ws25-formal-s29-b064-classreserve,16.588,16.077,-3.0805401495056617
20262529,64,background_p99_fct_us,letflow,20261004-070000-ws25-formal-s29-b064-letflow,20261004-070000-ws25-formal-s29-b064-classreserve,696.74042,696.21686,-0.07514419789222959
20262529,64,moe_batch_us,conweave,20261004-070000-ws25-formal-s29-b064-conweave,20261004-070000-ws25-formal-s29-b064-classreserve,17.239,16.077,-6.7405301931666495
20262529,64,background_p99_fct_us,conweave,20261004-070000-ws25-formal-s29-b064-conweave,20261004-070000-ws25-formal-s29-b064-classreserve,797.93001,696.21686,-12.747126781207296
20262529,128,moe_batch_us,fecmp,20261004-070000-ws25-formal-s29-b128-fecmp,20261004-070000-ws25-formal-s29-b128-classreserve,16.725,17.386,3.9521674140508
20262529,128,background_p99_fct_us,fecmp,20261004-070000-ws25-formal-s29-b128-fecmp,20261004-070000-ws25-formal-s29-b128-classreserve,910.4844200000001,1031.3723900000002,13.277324393974821
20262529,128,moe_batch_us,drill,20261004-070000-ws25-formal-s29-b128-drill,20261004-070000-ws25-formal-s29-b128-classreserve,14.823,17.386,17.290696889968295
20262529,128,background_p99_fct_us,drill,20261004-070000-ws25-formal-s29-b128-drill,20261004-070000-ws25-formal-s29-b128-classreserve,1229.3839900000003,1031.3723900000002,-16.10657057604923
20262529,128,moe_batch_us,conga,20261004-070000-ws25-formal-s29-b128-conga,20261004-070000-ws25-formal-s29-b128-classreserve,18.015,17.386,-3.4915348320843864
20262529,128,background_p99_fct_us,conga,20261004-070000-ws25-formal-s29-b128-conga,20261004-070000-ws25-formal-s29-b128-classreserve,993.1913700000005,1031.3723900000002,3.84427625463557
20262529,128,moe_batch_us,letflow,20261004-070000-ws25-formal-s29-b128-letflow,20261004-070000-ws25-formal-s29-b128-classreserve,16.766,17.386,3.697960157461533
20262529,128,background_p99_fct_us,letflow,20261004-070000-ws25-formal-s29-b128-letflow,20261004-070000-ws25-formal-s29-b128-classreserve,960.4150700000001,1031.3723900000002,7.388193106965724
20262529,128,moe_batch_us,conweave,20261004-070000-ws25-formal-s29-b128-conweave,20261004-070000-ws25-formal-s29-b128-classreserve,18.237,17.386,-4.66633766518616
20262529,128,background_p99_fct_us,conweave,20261004-070000-ws25-formal-s29-b128-conweave,20261004-070000-ws25-formal-s29-b128-classreserve,961.0229900000002,1031.3723900000002,7.320261922141946
20262529,192,moe_batch_us,fecmp,20261004-070000-ws25-formal-s29-b192-fecmp,20261004-070000-ws25-formal-s29-b192-classreserve,18.616,17.782,-4.480017189514395
20262529,192,background_p99_fct_us,fecmp,20261004-070000-ws25-formal-s29-b192-fecmp,20261004-070000-ws25-formal-s29-b192-classreserve,1528.48448,1478.1595800000002,-3.292470460674868
20262529,192,moe_batch_us,drill,20261004-070000-ws25-formal-s29-b192-drill,20261004-070000-ws25-formal-s29-b192-classreserve,14.875,17.782,19.54285714285715
20262529,192,background_p99_fct_us,drill,20261004-070000-ws25-formal-s29-b192-drill,20261004-070000-ws25-formal-s29-b192-classreserve,1580.22128,1478.1595800000002,-6.458696721259171
20262529,192,moe_batch_us,conga,20261004-070000-ws25-formal-s29-b192-conga,20261004-070000-ws25-formal-s29-b192-classreserve,18.323,17.782,-2.9525732685695583
20262529,192,background_p99_fct_us,conga,20261004-070000-ws25-formal-s29-b192-conga,20261004-070000-ws25-formal-s29-b192-classreserve,1305.31823,1478.1595800000002,13.241318938754132
20262529,192,moe_batch_us,letflow,20261004-070000-ws25-formal-s29-b192-letflow,20261004-070000-ws25-formal-s29-b192-classreserve,17.753,17.782,0.16335267278768661
20262529,192,background_p99_fct_us,letflow,20261004-070000-ws25-formal-s29-b192-letflow,20261004-070000-ws25-formal-s29-b192-classreserve,1495.48204,1478.1595800000002,-1.1583194940943509
20262529,192,moe_batch_us,conweave,20261004-070000-ws25-formal-s29-b192-conweave,20261004-070000-ws25-formal-s29-b192-classreserve,18.225,17.782,-2.430727023319623
20262529,192,background_p99_fct_us,conweave,20261004-070000-ws25-formal-s29-b192-conweave,20261004-070000-ws25-formal-s29-b192-classreserve,1493.7178800000002,1478.1595800000002,-1.041582229704574
20262530,0,moe_batch_us,fecmp,20261004-070000-ws25-formal-s30-b000-fecmp,20261004-070000-ws25-formal-s30-b000-classreserve,15.288,15.317,0.1896912611198287
20262530,0,moe_batch_us,drill,20261004-070000-ws25-formal-s30-b000-drill,20261004-070000-ws25-formal-s30-b000-classreserve,15.301,15.317,0.10456832886740486
20262530,0,moe_batch_us,conga,20261004-070000-ws25-formal-s30-b000-conga,20261004-070000-ws25-formal-s30-b000-classreserve,15.242,15.317,0.49206140926387754
20262530,0,moe_batch_us,letflow,20261004-070000-ws25-formal-s30-b000-letflow,20261004-070000-ws25-formal-s30-b000-classreserve,15.327,15.317,-0.06524434005349411
20262530,0,moe_batch_us,conweave,20261004-070000-ws25-formal-s30-b000-conweave,20261004-070000-ws25-formal-s30-b000-classreserve,15.873,15.317,-3.5028035028034976
20262530,64,moe_batch_us,fecmp,20261004-070000-ws25-formal-s30-b064-fecmp,20261004-070000-ws25-formal-s30-b064-classreserve,15.25,15.47,1.442622950819672
20262530,64,background_p99_fct_us,fecmp,20261004-070000-ws25-formal-s30-b064-fecmp,20261004-070000-ws25-formal-s30-b064-classreserve,688.5461799999999,688.75412,0.03019986255679008
20262530,64,moe_batch_us,drill,20261004-070000-ws25-formal-s30-b064-drill,20261004-070000-ws25-formal-s30-b064-classreserve,15.397,15.47,0.47411833474053644
20262530,64,background_p99_fct_us,drill,20261004-070000-ws25-formal-s30-b064-drill,20261004-070000-ws25-formal-s30-b064-classreserve,879.38475,688.75412,-21.677727524840527
20262530,64,moe_batch_us,conga,20261004-070000-ws25-formal-s30-b064-conga,20261004-070000-ws25-formal-s30-b064-classreserve,17.66,15.47,-12.400906002265
20262530,64,background_p99_fct_us,conga,20261004-070000-ws25-formal-s30-b064-conga,20261004-070000-ws25-formal-s30-b064-classreserve,688.69881,688.75412,0.008031086913007357
20262530,64,moe_batch_us,letflow,20261004-070000-ws25-formal-s30-b064-letflow,20261004-070000-ws25-formal-s30-b064-classreserve,16.226,15.47,-4.659188955996541
20262530,64,background_p99_fct_us,letflow,20261004-070000-ws25-formal-s30-b064-letflow,20261004-070000-ws25-formal-s30-b064-classreserve,689.20608,688.75412,-0.06557690262977145
20262530,64,moe_batch_us,conweave,20261004-070000-ws25-formal-s30-b064-conweave,20261004-070000-ws25-formal-s30-b064-classreserve,16.595,15.47,-6.779150346489892
20262530,64,background_p99_fct_us,conweave,20261004-070000-ws25-formal-s30-b064-conweave,20261004-070000-ws25-formal-s30-b064-classreserve,702.8937399999999,688.75412,-2.011629809080373
20262530,128,moe_batch_us,fecmp,20261004-070000-ws25-formal-s30-b128-fecmp,20261004-070000-ws25-formal-s30-b128-classreserve,17.384,17.014,-2.1283939254486905
20262530,128,background_p99_fct_us,fecmp,20261004-070000-ws25-formal-s30-b128-fecmp,20261004-070000-ws25-formal-s30-b128-classreserve,1230.6183,1285.59821,4.4676655629125595
20262530,128,moe_batch_us,drill,20261004-070000-ws25-formal-s30-b128-drill,20261004-070000-ws25-formal-s30-b128-classreserve,15.456,17.014,10.08022774327122
20262530,128,background_p99_fct_us,drill,20261004-070000-ws25-formal-s30-b128-drill,20261004-070000-ws25-formal-s30-b128-classreserve,1432.92146,1285.59821,-10.28132065242431
20262530,128,moe_batch_us,conga,20261004-070000-ws25-formal-s30-b128-conga,20261004-070000-ws25-formal-s30-b128-classreserve,17.6,17.014,-3.3295454545454684
20262530,128,background_p99_fct_us,conga,20261004-070000-ws25-formal-s30-b128-conga,20261004-070000-ws25-formal-s30-b128-classreserve,1247.5004600000002,1285.59821,3.053926729614176
20262530,128,moe_batch_us,letflow,20261004-070000-ws25-formal-s30-b128-letflow,20261004-070000-ws25-formal-s30-b128-classreserve,16.329,17.014,4.194990507685703
20262530,128,background_p99_fct_us,letflow,20261004-070000-ws25-formal-s30-b128-letflow,20261004-070000-ws25-formal-s30-b128-classreserve,1197.69809,1285.59821,7.339088267227689
20262530,128,moe_batch_us,conweave,20261004-070000-ws25-formal-s30-b128-conweave,20261004-070000-ws25-formal-s30-b128-classreserve,17.871,17.014,-4.795478708522182
20262530,128,background_p99_fct_us,conweave,20261004-070000-ws25-formal-s30-b128-conweave,20261004-070000-ws25-formal-s30-b128-classreserve,1191.72349,1285.59821,7.877223264265765
20262530,192,moe_batch_us,fecmp,20261004-070000-ws25-formal-s30-b192-fecmp,20261004-070000-ws25-formal-s30-b192-classreserve,18.415,17.108,-7.097474884604937
20262530,192,background_p99_fct_us,fecmp,20261004-070000-ws25-formal-s30-b192-fecmp,20261004-070000-ws25-formal-s30-b192-classreserve,1475.43523,1576.7283,6.865301027141668
20262530,192,moe_batch_us,drill,20261004-070000-ws25-formal-s30-b192-drill,20261004-070000-ws25-formal-s30-b192-classreserve,15.408,17.108,11.033229491173424
20262530,192,background_p99_fct_us,drill,20261004-070000-ws25-formal-s30-b192-drill,20261004-070000-ws25-formal-s30-b192-classreserve,1520.34155,1576.7283,3.708821218495273
20262530,192,moe_batch_us,conga,20261004-070000-ws25-formal-s30-b192-conga,20261004-070000-ws25-formal-s30-b192-classreserve,18.99,17.108,-9.910479199578715
20262530,192,background_p99_fct_us,conga,20261004-070000-ws25-formal-s30-b192-conga,20261004-070000-ws25-formal-s30-b192-classreserve,1517.3223400000004,1576.7283,3.9151839021891455
20262530,192,moe_batch_us,letflow,20261004-070000-ws25-formal-s30-b192-letflow,20261004-070000-ws25-formal-s30-b192-classreserve,18.072,17.108,-5.3342186808322145
20262530,192,background_p99_fct_us,letflow,20261004-070000-ws25-formal-s30-b192-letflow,20261004-070000-ws25-formal-s30-b192-classreserve,1489.4773700000003,1576.7283,5.857821794231066
20262530,192,moe_batch_us,conweave,20261004-070000-ws25-formal-s30-b192-conweave,20261004-070000-ws25-formal-s30-b192-classreserve,17.449,17.108,-1.9542667201558839
20262530,192,background_p99_fct_us,conweave,20261004-070000-ws25-formal-s30-b192-conweave,20261004-070000-ws25-formal-s30-b192-classreserve,1454.9852800000006,1576.7283,8.367302520063946
20262531,0,moe_batch_us,fecmp,20261004-070000-ws25-formal-s31-b000-fecmp,20261004-070000-ws25-formal-s31-b000-classreserve,15.759,15.765,0.03807348181992243
20262531,0,moe_batch_us,drill,20261004-070000-ws25-formal-s31-b000-drill,20261004-070000-ws25-formal-s31-b000-classreserve,15.847,15.765,-0.5174480974316831
20262531,0,moe_batch_us,conga,20261004-070000-ws25-formal-s31-b000-conga,20261004-070000-ws25-formal-s31-b000-classreserve,17.844,15.765,-11.650975117686624
20262531,0,moe_batch_us,letflow,20261004-070000-ws25-formal-s31-b000-letflow,20261004-070000-ws25-formal-s31-b000-classreserve,15.669,15.765,0.6126747080222206
20262531,0,moe_batch_us,conweave,20261004-070000-ws25-formal-s31-b000-conweave,20261004-070000-ws25-formal-s31-b000-classreserve,15.696,15.765,0.43960244648317826
20262531,64,moe_batch_us,fecmp,20261004-070000-ws25-formal-s31-b064-fecmp,20261004-070000-ws25-formal-s31-b064-classreserve,15.975,15.904,-0.4444444444444473
20262531,64,background_p99_fct_us,fecmp,20261004-070000-ws25-formal-s31-b064-fecmp,20261004-070000-ws25-formal-s31-b064-classreserve,957.7315899999996,1025.2844299999997,7.053420885908146
20262531,64,moe_batch_us,drill,20261004-070000-ws25-formal-s31-b064-drill,20261004-070000-ws25-formal-s31-b064-classreserve,15.88,15.904,0.15113350125943725
20262531,64,background_p99_fct_us,drill,20261004-070000-ws25-formal-s31-b064-drill,20261004-070000-ws25-formal-s31-b064-classreserve,1173.92818,1025.2844299999997,-12.662082104545814
20262531,64,moe_batch_us,conga,20261004-070000-ws25-formal-s31-b064-conga,20261004-070000-ws25-formal-s31-b064-classreserve,16.962,15.904,-6.237471996226862
20262531,64,background_p99_fct_us,conga,20261004-070000-ws25-formal-s31-b064-conga,20261004-070000-ws25-formal-s31-b064-classreserve,876.8620199999998,1025.2844299999997,16.926541076553868
20262531,64,moe_batch_us,letflow,20261004-070000-ws25-formal-s31-b064-letflow,20261004-070000-ws25-formal-s31-b064-classreserve,15.993,15.904,-0.5564934658913279
20262531,64,background_p99_fct_us,letflow,20261004-070000-ws25-formal-s31-b064-letflow,20261004-070000-ws25-formal-s31-b064-classreserve,883.4120899999998,1025.2844299999997,16.059587774036466
20262531,64,moe_batch_us,conweave,20261004-070000-ws25-formal-s31-b064-conweave,20261004-070000-ws25-formal-s31-b064-classreserve,17.695,15.904,-10.121503249505515
20262531,64,background_p99_fct_us,conweave,20261004-070000-ws25-formal-s31-b064-conweave,20261004-070000-ws25-formal-s31-b064-classreserve,865.8221199999997,1025.2844299999997,18.41744468251747
20262531,128,moe_batch_us,fecmp,20261004-070000-ws25-formal-s31-b128-fecmp,20261004-070000-ws25-formal-s31-b128-classreserve,17.45,16.497,-5.461318051575925
20262531,128,background_p99_fct_us,fecmp,20261004-070000-ws25-formal-s31-b128-fecmp,20261004-070000-ws25-formal-s31-b128-classreserve,1009.3317500000004,1023.35596,1.3894549537354361
20262531,128,moe_batch_us,drill,20261004-070000-ws25-formal-s31-b128-drill,20261004-070000-ws25-formal-s31-b128-classreserve,15.978,16.497,3.2482162974089457
20262531,128,background_p99_fct_us,drill,20261004-070000-ws25-formal-s31-b128-drill,20261004-070000-ws25-formal-s31-b128-classreserve,1193.83932,1023.35596,-14.28026009396307
20262531,128,moe_batch_us,conga,20261004-070000-ws25-formal-s31-b128-conga,20261004-070000-ws25-formal-s31-b128-classreserve,17.471,16.497,-5.574952778890729
20262531,128,background_p99_fct_us,conga,20261004-070000-ws25-formal-s31-b128-conga,20261004-070000-ws25-formal-s31-b128-classreserve,957.4640300000002,1023.35596,6.8819222378515565
20262531,128,moe_batch_us,letflow,20261004-070000-ws25-formal-s31-b128-letflow,20261004-070000-ws25-formal-s31-b128-classreserve,17.078,16.497,-3.4020377093336385
20262531,128,background_p99_fct_us,letflow,20261004-070000-ws25-formal-s31-b128-letflow,20261004-070000-ws25-formal-s31-b128-classreserve,953.32458,1023.35596,7.3460164008358975
20262531,128,moe_batch_us,conweave,20261004-070000-ws25-formal-s31-b128-conweave,20261004-070000-ws25-formal-s31-b128-classreserve,18.999,16.497,-13.169114163903362
20262531,128,background_p99_fct_us,conweave,20261004-070000-ws25-formal-s31-b128-conweave,20261004-070000-ws25-formal-s31-b128-classreserve,936.0081600000001,1023.35596,9.331948559080928
20262531,192,moe_batch_us,fecmp,20261004-070000-ws25-formal-s31-b192-fecmp,20261004-070000-ws25-formal-s31-b192-classreserve,18.271,17.35,-5.0407749986317025
20262531,192,background_p99_fct_us,fecmp,20261004-070000-ws25-formal-s31-b192-fecmp,20261004-070000-ws25-formal-s31-b192-classreserve,1791.1325900000002,1747.2999500000005,-2.447202415093097
20262531,192,moe_batch_us,drill,20261004-070000-ws25-formal-s31-b192-drill,20261004-070000-ws25-formal-s31-b192-classreserve,15.872,17.35,9.311995967741948
20262531,192,background_p99_fct_us,drill,20261004-070000-ws25-formal-s31-b192-drill,20261004-070000-ws25-formal-s31-b192-classreserve,1949.3263100000001,1747.2999500000005,-10.363906697591307
20262531,192,moe_batch_us,conga,20261004-070000-ws25-formal-s31-b192-conga,20261004-070000-ws25-formal-s31-b192-classreserve,17.353,17.35,-0.017288076989574463
20262531,192,background_p99_fct_us,conga,20261004-070000-ws25-formal-s31-b192-conga,20261004-070000-ws25-formal-s31-b192-classreserve,1905.7425400000002,1747.2999500000005,-8.31395567210247
20262531,192,moe_batch_us,letflow,20261004-070000-ws25-formal-s31-b192-letflow,20261004-070000-ws25-formal-s31-b192-classreserve,18.82,17.35,-7.8108395324123165
20262531,192,background_p99_fct_us,letflow,20261004-070000-ws25-formal-s31-b192-letflow,20261004-070000-ws25-formal-s31-b192-classreserve,1759.4060400000005,1747.2999500000005,-0.6880782334929392
20262531,192,moe_batch_us,conweave,20261004-070000-ws25-formal-s31-b192-conweave,20261004-070000-ws25-formal-s31-b192-classreserve,18.083,17.35,-4.053530940662487
20262531,192,background_p99_fct_us,conweave,20261004-070000-ws25-formal-s31-b192-conweave,20261004-070000-ws25-formal-s31-b192-classreserve,1746.5971600000003,1747.2999500000005,0.04023766991583244
20262532,0,moe_batch_us,fecmp,20261004-070000-ws25-formal-s32-b000-fecmp,20261004-070000-ws25-formal-s32-b000-classreserve,15.458,15.458,0.0
20262532,0,moe_batch_us,drill,20261004-070000-ws25-formal-s32-b000-drill,20261004-070000-ws25-formal-s32-b000-classreserve,15.461,15.458,-0.019403660824013347
20262532,0,moe_batch_us,conga,20261004-070000-ws25-formal-s32-b000-conga,20261004-070000-ws25-formal-s32-b000-classreserve,15.93,15.458,-2.962962962962956
20262532,0,moe_batch_us,letflow,20261004-070000-ws25-formal-s32-b000-letflow,20261004-070000-ws25-formal-s32-b000-classreserve,15.458,15.458,0.0
20262532,0,moe_batch_us,conweave,20261004-070000-ws25-formal-s32-b000-conweave,20261004-070000-ws25-formal-s32-b000-classreserve,15.458,15.458,0.0
20262532,64,moe_batch_us,fecmp,20261004-070000-ws25-formal-s32-b064-fecmp,20261004-070000-ws25-formal-s32-b064-classreserve,16.735,16.189,-3.2626232446967385
20262532,64,background_p99_fct_us,fecmp,20261004-070000-ws25-formal-s32-b064-fecmp,20261004-070000-ws25-formal-s32-b064-classreserve,670.93564,671.00287,0.010020335184468543
20262532,64,moe_batch_us,drill,20261004-070000-ws25-formal-s32-b064-drill,20261004-070000-ws25-formal-s32-b064-classreserve,15.473,16.189,4.6274154979641935
20262532,64,background_p99_fct_us,drill,20261004-070000-ws25-formal-s32-b064-drill,20261004-070000-ws25-formal-s32-b064-classreserve,765.4114899999998,671.00287,-12.334361481821999
20262532,64,moe_batch_us,conga,20261004-070000-ws25-formal-s32-b064-conga,20261004-070000-ws25-formal-s32-b064-classreserve,16.809,16.189,-3.68850020822179
20262532,64,background_p99_fct_us,conga,20261004-070000-ws25-formal-s32-b064-conga,20261004-070000-ws25-formal-s32-b064-classreserve,671.09261,671.00287,-0.013372222948482282
20262532,64,moe_batch_us,letflow,20261004-070000-ws25-formal-s32-b064-letflow,20261004-070000-ws25-formal-s32-b064-classreserve,15.805,16.189,2.4296108826320717
20262532,64,background_p99_fct_us,letflow,20261004-070000-ws25-formal-s32-b064-letflow,20261004-070000-ws25-formal-s32-b064-classreserve,671.2438099999999,671.00287,-0.035894558193383386
20262532,64,moe_batch_us,conweave,20261004-070000-ws25-formal-s32-b064-conweave,20261004-070000-ws25-formal-s32-b064-classreserve,16.28,16.189,-0.5589680589680679
20262532,64,background_p99_fct_us,conweave,20261004-070000-ws25-formal-s32-b064-conweave,20261004-070000-ws25-formal-s32-b064-classreserve,670.9384299999999,671.00287,0.00960445804245591
20262532,128,moe_batch_us,fecmp,20261004-070000-ws25-formal-s32-b128-fecmp,20261004-070000-ws25-formal-s32-b128-classreserve,19.075,16.493,-13.536041939711673
20262532,128,background_p99_fct_us,fecmp,20261004-070000-ws25-formal-s32-b128-fecmp,20261004-070000-ws25-formal-s32-b128-classreserve,1128.46263,1235.1436800000001,9.453662634800786
20262532,128,moe_batch_us,drill,20261004-070000-ws25-formal-s32-b128-drill,20261004-070000-ws25-formal-s32-b128-classreserve,15.513,16.493,6.317282279378578
20262532,128,background_p99_fct_us,drill,20261004-070000-ws25-formal-s32-b128-drill,20261004-070000-ws25-formal-s32-b128-classreserve,1440.8004600000002,1235.1436800000001,-14.273786392322496
20262532,128,moe_batch_us,conga,20261004-070000-ws25-formal-s32-b128-conga,20261004-070000-ws25-formal-s32-b128-classreserve,18.477,16.493,-10.737673864804897
20262532,128,background_p99_fct_us,conga,20261004-070000-ws25-formal-s32-b128-conga,20261004-070000-ws25-formal-s32-b128-classreserve,1161.4298400000007,1235.1436800000001,6.346818159932877
20262532,128,moe_batch_us,letflow,20261004-070000-ws25-formal-s32-b128-letflow,20261004-070000-ws25-formal-s32-b128-classreserve,18.447,16.493,-10.59250826692687
20262532,128,background_p99_fct_us,letflow,20261004-070000-ws25-formal-s32-b128-letflow,20261004-070000-ws25-formal-s32-b128-classreserve,1096.8673400000002,1235.1436800000001,12.606478008543842
20262532,128,moe_batch_us,conweave,20261004-070000-ws25-formal-s32-b128-conweave,20261004-070000-ws25-formal-s32-b128-classreserve,18.857,16.493,-12.536458609534929
20262532,128,background_p99_fct_us,conweave,20261004-070000-ws25-formal-s32-b128-conweave,20261004-070000-ws25-formal-s32-b128-classreserve,1267.0802300000005,1235.1436800000001,-2.5204836476692805
20262532,192,moe_batch_us,fecmp,20261004-070000-ws25-formal-s32-b192-fecmp,20261004-070000-ws25-formal-s32-b192-classreserve,21.349,16.591,-22.286758161974795
20262532,192,background_p99_fct_us,fecmp,20261004-070000-ws25-formal-s32-b192-fecmp,20261004-070000-ws25-formal-s32-b192-classreserve,1456.40707,1594.3956300000002,9.47458734871427
20262532,192,moe_batch_us,drill,20261004-070000-ws25-formal-s32-b192-drill,20261004-070000-ws25-formal-s32-b192-classreserve,15.918,16.591,4.227918080160831
20262532,192,background_p99_fct_us,drill,20261004-070000-ws25-formal-s32-b192-drill,20261004-070000-ws25-formal-s32-b192-classreserve,1686.39702,1594.3956300000002,-5.455500034031124
20262532,192,moe_batch_us,conga,20261004-070000-ws25-formal-s32-b192-conga,20261004-070000-ws25-formal-s32-b192-classreserve,18.847,16.591,-11.97007481296758
20262532,192,background_p99_fct_us,conga,20261004-070000-ws25-formal-s32-b192-conga,20261004-070000-ws25-formal-s32-b192-classreserve,1306.9925200000002,1594.3956300000002,21.989652243763413
20262532,192,moe_batch_us,letflow,20261004-070000-ws25-formal-s32-b192-letflow,20261004-070000-ws25-formal-s32-b192-classreserve,17.519,16.591,-5.297105999200857
20262532,192,background_p99_fct_us,letflow,20261004-070000-ws25-formal-s32-b192-letflow,20261004-070000-ws25-formal-s32-b192-classreserve,1529.2503299999998,1594.3956300000002,4.259950037087812
20262532,192,moe_batch_us,conweave,20261004-070000-ws25-formal-s32-b192-conweave,20261004-070000-ws25-formal-s32-b192-classreserve,18.533,16.591,-10.47860573031889
20262532,192,background_p99_fct_us,conweave,20261004-070000-ws25-formal-s32-b192-conweave,20261004-070000-ws25-formal-s32-b192-classreserve,1503.0409200000001,1594.3956300000002,6.077992207956662
20262533,0,moe_batch_us,fecmp,20261004-070000-ws25-formal-s33-b000-fecmp,20261004-070000-ws25-formal-s33-b000-classreserve,16.049,15.492,-3.470621222506065
20262533,0,moe_batch_us,drill,20261004-070000-ws25-formal-s33-b000-drill,20261004-070000-ws25-formal-s33-b000-classreserve,15.461,15.492,0.20050449518143054
20262533,0,moe_batch_us,conga,20261004-070000-ws25-formal-s33-b000-conga,20261004-070000-ws25-formal-s33-b000-classreserve,16.755,15.492,-7.5380483437779695
20262533,0,moe_batch_us,letflow,20261004-070000-ws25-formal-s33-b000-letflow,20261004-070000-ws25-formal-s33-b000-classreserve,15.535,15.492,-0.2767943353717328
20262533,0,moe_batch_us,conweave,20261004-070000-ws25-formal-s33-b000-conweave,20261004-070000-ws25-formal-s33-b000-classreserve,15.409,15.492,0.5386462457005692
20262533,64,moe_batch_us,fecmp,20261004-070000-ws25-formal-s33-b064-fecmp,20261004-070000-ws25-formal-s33-b064-classreserve,15.994,15.48,-3.213705139427281
20262533,64,background_p99_fct_us,fecmp,20261004-070000-ws25-formal-s33-b064-fecmp,20261004-070000-ws25-formal-s33-b064-classreserve,839.06768,839.40781,0.04053665849697019
20262533,64,moe_batch_us,drill,20261004-070000-ws25-formal-s33-b064-drill,20261004-070000-ws25-formal-s33-b064-classreserve,15.507,15.48,-0.17411491584444772
20262533,64,background_p99_fct_us,drill,20261004-070000-ws25-formal-s33-b064-drill,20261004-070000-ws25-formal-s33-b064-classreserve,922.94818,839.40781,-9.0514691734914
20262533,64,moe_batch_us,conga,20261004-070000-ws25-formal-s33-b064-conga,20261004-070000-ws25-formal-s33-b064-classreserve,16.317,15.48,-5.129619415333697
20262533,64,background_p99_fct_us,conga,20261004-070000-ws25-formal-s33-b064-conga,20261004-070000-ws25-formal-s33-b064-classreserve,839.1366099999999,839.40781,0.03231893314725731
20262533,64,moe_batch_us,letflow,20261004-070000-ws25-formal-s33-b064-letflow,20261004-070000-ws25-formal-s33-b064-classreserve,15.488,15.48,-0.05165289256198191
20262533,64,background_p99_fct_us,letflow,20261004-070000-ws25-formal-s33-b064-letflow,20261004-070000-ws25-formal-s33-b064-classreserve,839.23486,839.40781,0.02060805720105474
20262533,64,moe_batch_us,conweave,20261004-070000-ws25-formal-s33-b064-conweave,20261004-070000-ws25-formal-s33-b064-classreserve,17.223,15.48,-10.120188120536488
20262533,64,background_p99_fct_us,conweave,20261004-070000-ws25-formal-s33-b064-conweave,20261004-070000-ws25-formal-s33-b064-classreserve,821.3617199999999,839.40781,2.1970941134193733
20262533,128,moe_batch_us,fecmp,20261004-070000-ws25-formal-s33-b128-fecmp,20261004-070000-ws25-formal-s33-b128-classreserve,17.868,17.844,-0.1343183344526433
20262533,128,background_p99_fct_us,fecmp,20261004-070000-ws25-formal-s33-b128-fecmp,20261004-070000-ws25-formal-s33-b128-classreserve,1218.3993300000002,1238.9002200000002,1.6826084433253952
20262533,128,moe_batch_us,drill,20261004-070000-ws25-formal-s33-b128-drill,20261004-070000-ws25-formal-s33-b128-classreserve,15.498,17.844,15.137437088656625
20262533,128,background_p99_fct_us,drill,20261004-070000-ws25-formal-s33-b128-drill,20261004-070000-ws25-formal-s33-b128-classreserve,1407.2696500000002,1238.9002200000002,-11.96426214407451
20262533,128,moe_batch_us,conga,20261004-070000-ws25-formal-s33-b128-conga,20261004-070000-ws25-formal-s33-b128-classreserve,17.135,17.844,4.137729792821698
20262533,128,background_p99_fct_us,conga,20261004-070000-ws25-formal-s33-b128-conga,20261004-070000-ws25-formal-s33-b128-classreserve,1215.97899,1238.9002200000002,1.8850021413610252
20262533,128,moe_batch_us,letflow,20261004-070000-ws25-formal-s33-b128-letflow,20261004-070000-ws25-formal-s33-b128-classreserve,17.334,17.844,2.9421945309795916
20262533,128,background_p99_fct_us,letflow,20261004-070000-ws25-formal-s33-b128-letflow,20261004-070000-ws25-formal-s33-b128-classreserve,1218.4350000000002,1238.9002200000002,1.6796316586440874
20262533,128,moe_batch_us,conweave,20261004-070000-ws25-formal-s33-b128-conweave,20261004-070000-ws25-formal-s33-b128-classreserve,17.693,17.844,0.8534448652009363
20262533,128,background_p99_fct_us,conweave,20261004-070000-ws25-formal-s33-b128-conweave,20261004-070000-ws25-formal-s33-b128-classreserve,1244.4132000000002,1238.9002200000002,-0.44301844435593596
20262533,192,moe_batch_us,fecmp,20261004-070000-ws25-formal-s33-b192-fecmp,20261004-070000-ws25-formal-s33-b192-classreserve,18.768,18.635,-0.7086530264279522
20262533,192,background_p99_fct_us,fecmp,20261004-070000-ws25-formal-s33-b192-fecmp,20261004-070000-ws25-formal-s33-b192-classreserve,1922.28331,1880.93737,-2.1508765011334363
20262533,192,moe_batch_us,drill,20261004-070000-ws25-formal-s33-b192-drill,20261004-070000-ws25-formal-s33-b192-classreserve,15.535,18.635,19.95494045703252
20262533,192,background_p99_fct_us,drill,20261004-070000-ws25-formal-s33-b192-drill,20261004-070000-ws25-formal-s33-b192-classreserve,2016.8445,1880.93737,-6.738602306722196
20262533,192,moe_batch_us,conga,20261004-070000-ws25-formal-s33-b192-conga,20261004-070000-ws25-formal-s33-b192-classreserve,18.558,18.635,0.4149154003664224
20262533,192,background_p99_fct_us,conga,20261004-070000-ws25-formal-s33-b192-conga,20261004-070000-ws25-formal-s33-b192-classreserve,1777.1277100000002,1880.93737,5.841429370318019
20262533,192,moe_batch_us,letflow,20261004-070000-ws25-formal-s33-b192-letflow,20261004-070000-ws25-formal-s33-b192-classreserve,19.559,18.635,-4.724167902244492
20262533,192,background_p99_fct_us,letflow,20261004-070000-ws25-formal-s33-b192-letflow,20261004-070000-ws25-formal-s33-b192-classreserve,1870.7820300000005,1880.93737,0.5428392959279993
20262533,192,moe_batch_us,conweave,20261004-070000-ws25-formal-s33-b192-conweave,20261004-070000-ws25-formal-s33-b192-classreserve,18.031,18.635,3.3497864788420095
20262533,192,background_p99_fct_us,conweave,20261004-070000-ws25-formal-s33-b192-conweave,20261004-070000-ws25-formal-s33-b192-classreserve,1804.1031700000003,1880.93737,4.258858433245805
20262534,0,moe_batch_us,fecmp,20261004-070000-ws25-formal-s34-b000-fecmp,20261004-070000-ws25-formal-s34-b000-classreserve,16.1,16.13,0.18633540372670065
20262534,0,moe_batch_us,drill,20261004-070000-ws25-formal-s34-b000-drill,20261004-070000-ws25-formal-s34-b000-classreserve,16.12,16.13,0.06203473945407545
20262534,0,moe_batch_us,conga,20261004-070000-ws25-formal-s34-b000-conga,20261004-070000-ws25-formal-s34-b000-classreserve,16.925,16.13,-4.697193500738561
20262534,0,moe_batch_us,letflow,20261004-070000-ws25-formal-s34-b000-letflow,20261004-070000-ws25-formal-s34-b000-classreserve,16.128,16.13,0.012400793650790831
20262534,0,moe_batch_us,conweave,20261004-070000-ws25-formal-s34-b000-conweave,20261004-070000-ws25-formal-s34-b000-classreserve,16.193,16.13,-0.38905699993826426
20262534,64,moe_batch_us,fecmp,20261004-070000-ws25-formal-s34-b064-fecmp,20261004-070000-ws25-formal-s34-b064-classreserve,16.635,16.151,-2.9095281033964637
20262534,64,background_p99_fct_us,fecmp,20261004-070000-ws25-formal-s34-b064-fecmp,20261004-070000-ws25-formal-s34-b064-classreserve,674.1992799999998,701.1231299999998,3.993455762812448
20262534,64,moe_batch_us,drill,20261004-070000-ws25-formal-s34-b064-drill,20261004-070000-ws25-formal-s34-b064-classreserve,16.168,16.151,-0.10514596734290116
20262534,64,background_p99_fct_us,drill,20261004-070000-ws25-formal-s34-b064-drill,20261004-070000-ws25-formal-s34-b064-classreserve,930.8716499999999,701.1231299999998,-24.6810094603268
20262534,64,moe_batch_us,conga,20261004-070000-ws25-formal-s34-b064-conga,20261004-070000-ws25-formal-s34-b064-classreserve,16.651,16.151,-3.0028226532941016
20262534,64,background_p99_fct_us,conga,20261004-070000-ws25-formal-s34-b064-conga,20261004-070000-ws25-formal-s34-b064-classreserve,696.6742099999997,701.1231299999998,0.6385940424004088
20262534,64,moe_batch_us,letflow,20261004-070000-ws25-formal-s34-b064-letflow,20261004-070000-ws25-formal-s34-b064-classreserve,17.498,16.151,-7.698022631157853
20262534,64,background_p99_fct_us,letflow,20261004-070000-ws25-formal-s34-b064-letflow,20261004-070000-ws25-formal-s34-b064-classreserve,686.1224,701.1231299999998,2.1863052423299223
20262534,64,moe_batch_us,conweave,20261004-070000-ws25-formal-s34-b064-conweave,20261004-070000-ws25-formal-s34-b064-classreserve,16.949,16.151,-4.708242374181381
20262534,64,background_p99_fct_us,conweave,20261004-070000-ws25-formal-s34-b064-conweave,20261004-070000-ws25-formal-s34-b064-classreserve,688.8201799999996,701.1231299999998,1.7860902391100497
20262534,128,moe_batch_us,fecmp,20261004-070000-ws25-formal-s34-b128-fecmp,20261004-070000-ws25-formal-s34-b128-classreserve,17.836,16.783,-5.903790087463545
20262534,128,background_p99_fct_us,fecmp,20261004-070000-ws25-formal-s34-b128-fecmp,20261004-070000-ws25-formal-s34-b128-classreserve,1568.58249,1636.27133,4.315287237459864
20262534,128,moe_batch_us,drill,20261004-070000-ws25-formal-s34-b128-drill,20261004-070000-ws25-formal-s34-b128-classreserve,16.157,16.783,3.87448164882096
20262534,128,background_p99_fct_us,drill,20261004-070000-ws25-formal-s34-b128-drill,20261004-070000-ws25-formal-s34-b128-classreserve,1812.4000700000001,1636.27133,-9.717983513430351
20262534,128,moe_batch_us,conga,20261004-070000-ws25-formal-s34-b128-conga,20261004-070000-ws25-formal-s34-b128-classreserve,18.669,16.783,-10.102308639991431
20262534,128,background_p99_fct_us,conga,20261004-070000-ws25-formal-s34-b128-conga,20261004-070000-ws25-formal-s34-b128-classreserve,1604.3406500000003,1636.27133,1.9902680892614377
20262534,128,moe_batch_us,letflow,20261004-070000-ws25-formal-s34-b128-letflow,20261004-070000-ws25-formal-s34-b128-classreserve,17.929,16.783,-6.391879078587747
20262534,128,background_p99_fct_us,letflow,20261004-070000-ws25-formal-s34-b128-letflow,20261004-070000-ws25-formal-s34-b128-classreserve,1510.0769800000003,1636.27133,8.356815690283526
20262534,128,moe_batch_us,conweave,20261004-070000-ws25-formal-s34-b128-conweave,20261004-070000-ws25-formal-s34-b128-classreserve,17.159,16.783,-2.1912698875225733
20262534,128,background_p99_fct_us,conweave,20261004-070000-ws25-formal-s34-b128-conweave,20261004-070000-ws25-formal-s34-b128-classreserve,1533.7921000000001,1636.27133,6.681428988974436
20262534,192,moe_batch_us,fecmp,20261004-070000-ws25-formal-s34-b192-fecmp,20261004-070000-ws25-formal-s34-b192-classreserve,17.266,16.998,-1.5521834819877012
20262534,192,background_p99_fct_us,fecmp,20261004-070000-ws25-formal-s34-b192-fecmp,20261004-070000-ws25-formal-s34-b192-classreserve,2308.3653400000003,2336.75608,1.2299067009903908
20262534,192,moe_batch_us,drill,20261004-070000-ws25-formal-s34-b192-drill,20261004-070000-ws25-formal-s34-b192-classreserve,16.149,16.998,5.257291473156234
20262534,192,background_p99_fct_us,drill,20261004-070000-ws25-formal-s34-b192-drill,20261004-070000-ws25-formal-s34-b192-classreserve,2379.7341100000003,2336.75608,-1.8060013435702738
20262534,192,moe_batch_us,conga,20261004-070000-ws25-formal-s34-b192-conga,20261004-070000-ws25-formal-s34-b192-classreserve,19.311,16.998,-11.977629330433427
20262534,192,background_p99_fct_us,conga,20261004-070000-ws25-formal-s34-b192-conga,20261004-070000-ws25-formal-s34-b192-classreserve,2334.4550300000005,2336.75608,0.09856904375662445
20262534,192,moe_batch_us,letflow,20261004-070000-ws25-formal-s34-b192-letflow,20261004-070000-ws25-formal-s34-b192-classreserve,18.581,16.998,-8.519455357623373
20262534,192,background_p99_fct_us,letflow,20261004-070000-ws25-formal-s34-b192-letflow,20261004-070000-ws25-formal-s34-b192-classreserve,2304.25227,2336.75608,1.4106011925508533
20262534,192,moe_batch_us,conweave,20261004-070000-ws25-formal-s34-b192-conweave,20261004-070000-ws25-formal-s34-b192-classreserve,18.794,16.998,-9.556241353623495
20262534,192,background_p99_fct_us,conweave,20261004-070000-ws25-formal-s34-b192-conweave,20261004-070000-ws25-formal-s34-b192-classreserve,2350.3246400000003,2336.75608,-0.5773057801921389
20262535,0,moe_batch_us,fecmp,20261004-070000-ws25-formal-s35-b000-fecmp,20261004-070000-ws25-formal-s35-b000-classreserve,15.477,15.477,0.0
20262535,0,moe_batch_us,drill,20261004-070000-ws25-formal-s35-b000-drill,20261004-070000-ws25-formal-s35-b000-classreserve,15.477,15.477,0.0
20262535,0,moe_batch_us,conga,20261004-070000-ws25-formal-s35-b000-conga,20261004-070000-ws25-formal-s35-b000-classreserve,17.641,15.477,-12.266878294881234
20262535,0,moe_batch_us,letflow,20261004-070000-ws25-formal-s35-b000-letflow,20261004-070000-ws25-formal-s35-b000-classreserve,15.477,15.477,0.0
20262535,0,moe_batch_us,conweave,20261004-070000-ws25-formal-s35-b000-conweave,20261004-070000-ws25-formal-s35-b000-classreserve,15.86,15.477,-2.414880201765446
20262535,64,moe_batch_us,fecmp,20261004-070000-ws25-formal-s35-b064-fecmp,20261004-070000-ws25-formal-s35-b064-classreserve,16.963,16.264,-4.120733360844198
20262535,64,background_p99_fct_us,fecmp,20261004-070000-ws25-formal-s35-b064-fecmp,20261004-070000-ws25-formal-s35-b064-classreserve,839.4254,839.40781,-0.002095481027841739
20262535,64,moe_batch_us,drill,20261004-070000-ws25-formal-s35-b064-drill,20261004-070000-ws25-formal-s35-b064-classreserve,15.499,16.264,4.9358023098264425
20262535,64,background_p99_fct_us,drill,20261004-070000-ws25-formal-s35-b064-drill,20261004-070000-ws25-formal-s35-b064-classreserve,919.9814100000001,839.40781,-8.758176972293386
20262535,64,moe_batch_us,conga,20261004-070000-ws25-formal-s35-b064-conga,20261004-070000-ws25-formal-s35-b064-classreserve,18.173,16.264,-10.504594728443294
20262535,64,background_p99_fct_us,conga,20261004-070000-ws25-formal-s35-b064-conga,20261004-070000-ws25-formal-s35-b064-classreserve,839.40781,839.40781,0.0
20262535,64,moe_batch_us,letflow,20261004-070000-ws25-formal-s35-b064-letflow,20261004-070000-ws25-formal-s35-b064-classreserve,16.992,16.264,-4.284369114877595
20262535,64,background_p99_fct_us,letflow,20261004-070000-ws25-formal-s35-b064-letflow,20261004-070000-ws25-formal-s35-b064-classreserve,839.15334,839.40781,0.030324612662568917
20262535,64,moe_batch_us,conweave,20261004-070000-ws25-formal-s35-b064-conweave,20261004-070000-ws25-formal-s35-b064-classreserve,16.332,16.264,-0.41636051922606665
20262535,64,background_p99_fct_us,conweave,20261004-070000-ws25-formal-s35-b064-conweave,20261004-070000-ws25-formal-s35-b064-classreserve,839.40781,839.40781,0.0
20262535,128,moe_batch_us,fecmp,20261004-070000-ws25-formal-s35-b128-fecmp,20261004-070000-ws25-formal-s35-b128-classreserve,16.906,17.421,3.046255767183248
20262535,128,background_p99_fct_us,fecmp,20261004-070000-ws25-formal-s35-b128-fecmp,20261004-070000-ws25-formal-s35-b128-classreserve,1169.51934,1278.1535700000002,9.288792949760039
20262535,128,moe_batch_us,drill,20261004-070000-ws25-formal-s35-b128-drill,20261004-070000-ws25-formal-s35-b128-classreserve,15.482,17.421,12.524221676785952
20262535,128,background_p99_fct_us,drill,20261004-070000-ws25-formal-s35-b128-drill,20261004-070000-ws25-formal-s35-b128-classreserve,1317.5995,1278.1535700000002,-2.9937723868292188
20262535,128,moe_batch_us,conga,20261004-070000-ws25-formal-s35-b128-conga,20261004-070000-ws25-formal-s35-b128-classreserve,18.27,17.421,-4.646962233169127
20262535,128,background_p99_fct_us,conga,20261004-070000-ws25-formal-s35-b128-conga,20261004-070000-ws25-formal-s35-b128-classreserve,1228.0524500000008,1278.1535700000002,4.079721513523249
20262535,128,moe_batch_us,letflow,20261004-070000-ws25-formal-s35-b128-letflow,20261004-070000-ws25-formal-s35-b128-classreserve,16.882,17.421,3.1927496742091943
20262535,128,background_p99_fct_us,letflow,20261004-070000-ws25-formal-s35-b128-letflow,20261004-070000-ws25-formal-s35-b128-classreserve,1205.85623,1278.1535700000002,5.99551905122222
20262535,128,moe_batch_us,conweave,20261004-070000-ws25-formal-s35-b128-conweave,20261004-070000-ws25-formal-s35-b128-classreserve,18.982,17.421,-8.223580233905803
20262535,128,background_p99_fct_us,conweave,20261004-070000-ws25-formal-s35-b128-conweave,20261004-070000-ws25-formal-s35-b128-classreserve,1116.7483800000005,1278.1535700000002,14.45313849481471
20262535,192,moe_batch_us,fecmp,20261004-070000-ws25-formal-s35-b192-fecmp,20261004-070000-ws25-formal-s35-b192-classreserve,18.113,17.856,-1.4188704245569395
20262535,192,background_p99_fct_us,fecmp,20261004-070000-ws25-formal-s35-b192-fecmp,20261004-070000-ws25-formal-s35-b192-classreserve,1537.4002600000001,1535.56997,-0.11905097505318096
20262535,192,moe_batch_us,drill,20261004-070000-ws25-formal-s35-b192-drill,20261004-070000-ws25-formal-s35-b192-classreserve,15.498,17.856,15.214866434378639
20262535,192,background_p99_fct_us,drill,20261004-070000-ws25-formal-s35-b192-drill,20261004-070000-ws25-formal-s35-b192-classreserve,1551.7034700000004,1535.56997,-1.0397282929321738
20262535,192,moe_batch_us,conga,20261004-070000-ws25-formal-s35-b192-conga,20261004-070000-ws25-formal-s35-b192-classreserve,18.515,17.856,-3.5592762624898633
20262535,192,background_p99_fct_us,conga,20261004-070000-ws25-formal-s35-b192-conga,20261004-070000-ws25-formal-s35-b192-classreserve,1518.77059,1535.56997,1.1061170206094095
20262535,192,moe_batch_us,letflow,20261004-070000-ws25-formal-s35-b192-letflow,20261004-070000-ws25-formal-s35-b192-classreserve,17.873,17.856,-0.095115537402779
20262535,192,background_p99_fct_us,letflow,20261004-070000-ws25-formal-s35-b192-letflow,20261004-070000-ws25-formal-s35-b192-classreserve,1535.62417,1535.56997,-0.0035295094371945446
20262535,192,moe_batch_us,conweave,20261004-070000-ws25-formal-s35-b192-conweave,20261004-070000-ws25-formal-s35-b192-classreserve,18.753,17.856,-4.783234682450798
20262535,192,background_p99_fct_us,conweave,20261004-070000-ws25-formal-s35-b192-conweave,20261004-070000-ws25-formal-s35-b192-classreserve,1525.1853200000003,1535.56997,0.6808779145605515
20262536,0,moe_batch_us,fecmp,20261004-070000-ws25-formal-s36-b000-fecmp,20261004-070000-ws25-formal-s36-b000-classreserve,15.458,15.517,0.3816793893129722
20262536,0,moe_batch_us,drill,20261004-070000-ws25-formal-s36-b000-drill,20261004-070000-ws25-formal-s36-b000-classreserve,15.541,15.517,-0.15443021684576896
20262536,0,moe_batch_us,conga,20261004-070000-ws25-formal-s36-b000-conga,20261004-070000-ws25-formal-s36-b000-classreserve,16.086,15.517,-3.5372373492477904
20262536,0,moe_batch_us,letflow,20261004-070000-ws25-formal-s36-b000-letflow,20261004-070000-ws25-formal-s36-b000-classreserve,15.719,15.517,-1.2850690247471208
20262536,0,moe_batch_us,conweave,20261004-070000-ws25-formal-s36-b000-conweave,20261004-070000-ws25-formal-s36-b000-classreserve,15.503,15.517,0.09030510223826393
20262536,64,moe_batch_us,fecmp,20261004-070000-ws25-formal-s36-b064-fecmp,20261004-070000-ws25-formal-s36-b064-classreserve,15.866,15.499,-2.313122400100842
20262536,64,background_p99_fct_us,fecmp,20261004-070000-ws25-formal-s36-b064-fecmp,20261004-070000-ws25-formal-s36-b064-classreserve,950.1918099999998,852.2716399999999,-10.30530562034626
20262536,64,moe_batch_us,drill,20261004-070000-ws25-formal-s36-b064-drill,20261004-070000-ws25-formal-s36-b064-classreserve,15.567,15.499,-0.4368214813387228
20262536,64,background_p99_fct_us,drill,20261004-070000-ws25-formal-s36-b064-drill,20261004-070000-ws25-formal-s36-b064-classreserve,1146.55512,852.2716399999999,-25.666753814679232
20262536,64,moe_batch_us,conga,20261004-070000-ws25-formal-s36-b064-conga,20261004-070000-ws25-formal-s36-b064-classreserve,17.093,15.499,-9.325454864564442
20262536,64,background_p99_fct_us,conga,20261004-070000-ws25-formal-s36-b064-conga,20261004-070000-ws25-formal-s36-b064-classreserve,950.6706599999999,852.2716399999999,-10.350484572648956
20262536,64,moe_batch_us,letflow,20261004-070000-ws25-formal-s36-b064-letflow,20261004-070000-ws25-formal-s36-b064-classreserve,16.197,15.499,-4.309440019756739
20262536,64,background_p99_fct_us,letflow,20261004-070000-ws25-formal-s36-b064-letflow,20261004-070000-ws25-formal-s36-b064-classreserve,859.3251799999998,852.2716399999999,-0.8208231486944051
20262536,64,moe_batch_us,conweave,20261004-070000-ws25-formal-s36-b064-conweave,20261004-070000-ws25-formal-s36-b064-classreserve,18.622,15.499,-16.770486521318862
20262536,64,background_p99_fct_us,conweave,20261004-070000-ws25-formal-s36-b064-conweave,20261004-070000-ws25-formal-s36-b064-classreserve,987.7261299999996,852.2716399999999,-13.71377003056502
20262536,128,moe_batch_us,fecmp,20261004-070000-ws25-formal-s36-b128-fecmp,20261004-070000-ws25-formal-s36-b128-classreserve,16.777,16.79,0.077487035822843
20262536,128,background_p99_fct_us,fecmp,20261004-070000-ws25-formal-s36-b128-fecmp,20261004-070000-ws25-formal-s36-b128-classreserve,1275.22949,1209.32787,-5.167824341954319
20262536,128,moe_batch_us,drill,20261004-070000-ws25-formal-s36-b128-drill,20261004-070000-ws25-formal-s36-b128-classreserve,15.564,16.79,7.877152402981236
20262536,128,background_p99_fct_us,drill,20261004-070000-ws25-formal-s36-b128-drill,20261004-070000-ws25-formal-s36-b128-classreserve,1520.0528900000004,1209.32787,-20.441724235003445
20262536,128,moe_batch_us,conga,20261004-070000-ws25-formal-s36-b128-conga,20261004-070000-ws25-formal-s36-b128-classreserve,17.265,16.79,-2.7512308137851216
20262536,128,background_p99_fct_us,conga,20261004-070000-ws25-formal-s36-b128-conga,20261004-070000-ws25-formal-s36-b128-classreserve,1267.8747800000003,1209.32787,-4.6177202136633895
20262536,128,moe_batch_us,letflow,20261004-070000-ws25-formal-s36-b128-letflow,20261004-070000-ws25-formal-s36-b128-classreserve,17.147,16.79,-2.0819968507610587
20262536,128,background_p99_fct_us,letflow,20261004-070000-ws25-formal-s36-b128-letflow,20261004-070000-ws25-formal-s36-b128-classreserve,1211.7328300000001,1209.32787,-0.19847279370982518
20262536,128,moe_batch_us,conweave,20261004-070000-ws25-formal-s36-b128-conweave,20261004-070000-ws25-formal-s36-b128-classreserve,18.611,16.79,-9.78453602708077
20262536,128,background_p99_fct_us,conweave,20261004-070000-ws25-formal-s36-b128-conweave,20261004-070000-ws25-formal-s36-b128-classreserve,1179.47045,1209.32787,2.5314258614957286
20262536,192,moe_batch_us,fecmp,20261004-070000-ws25-formal-s36-b192-fecmp,20261004-070000-ws25-formal-s36-b192-classreserve,16.767,16.102,-3.966123933917809
20262536,192,background_p99_fct_us,fecmp,20261004-070000-ws25-formal-s36-b192-fecmp,20261004-070000-ws25-formal-s36-b192-classreserve,1853.56972,1871.1167500000001,0.9466614506413062
20262536,192,moe_batch_us,drill,20261004-070000-ws25-formal-s36-b192-drill,20261004-070000-ws25-formal-s36-b192-classreserve,15.522,16.102,3.7366318773353946
20262536,192,background_p99_fct_us,drill,20261004-070000-ws25-formal-s36-b192-drill,20261004-070000-ws25-formal-s36-b192-classreserve,2014.57824,1871.1167500000001,-7.121167455874033
20262536,192,moe_batch_us,conga,20261004-070000-ws25-formal-s36-b192-conga,20261004-070000-ws25-formal-s36-b192-classreserve,18.248,16.102,-11.760192897851818
20262536,192,background_p99_fct_us,conga,20261004-070000-ws25-formal-s36-b192-conga,20261004-070000-ws25-formal-s36-b192-classreserve,1935.5357000000001,1871.1167500000001,-3.328223292393939
20262536,192,moe_batch_us,letflow,20261004-070000-ws25-formal-s36-b192-letflow,20261004-070000-ws25-formal-s36-b192-classreserve,18.386,16.102,-12.422495376917219
20262536,192,background_p99_fct_us,letflow,20261004-070000-ws25-formal-s36-b192-letflow,20261004-070000-ws25-formal-s36-b192-classreserve,1930.55913,1871.1167500000001,-3.0790240545494174
20262536,192,moe_batch_us,conweave,20261004-070000-ws25-formal-s36-b192-conweave,20261004-070000-ws25-formal-s36-b192-classreserve,19.644,16.102,-18.030950926491542
20262536,192,background_p99_fct_us,conweave,20261004-070000-ws25-formal-s36-b192-conweave,20261004-070000-ws25-formal-s36-b192-classreserve,1912.0028,1871.1167500000001,-2.138388604870234
20262537,0,moe_batch_us,fecmp,20261004-070000-ws25-formal-s37-b000-fecmp,20261004-070000-ws25-formal-s37-b000-classreserve,15.166,15.278,0.738493999736245
20262537,0,moe_batch_us,drill,20261004-070000-ws25-formal-s37-b000-drill,20261004-070000-ws25-formal-s37-b000-classreserve,15.356,15.278,-0.5079447772857515
20262537,0,moe_batch_us,conga,20261004-070000-ws25-formal-s37-b000-conga,20261004-070000-ws25-formal-s37-b000-classreserve,15.876,15.278,-3.7666918619299494
20262537,0,moe_batch_us,letflow,20261004-070000-ws25-formal-s37-b000-letflow,20261004-070000-ws25-formal-s37-b000-classreserve,15.183,15.278,0.6256997958242749
20262537,0,moe_batch_us,conweave,20261004-070000-ws25-formal-s37-b000-conweave,20261004-070000-ws25-formal-s37-b000-classreserve,15.237,15.278,0.2690818402572681
20262537,64,moe_batch_us,fecmp,20261004-070000-ws25-formal-s37-b064-fecmp,20261004-070000-ws25-formal-s37-b064-classreserve,16.049,15.965,-0.5233970963922974
20262537,64,background_p99_fct_us,fecmp,20261004-070000-ws25-formal-s37-b064-fecmp,20261004-070000-ws25-formal-s37-b064-classreserve,890.6304099999999,875.2039899999997,-1.7320787418431127
20262537,64,moe_batch_us,drill,20261004-070000-ws25-formal-s37-b064-drill,20261004-070000-ws25-formal-s37-b064-classreserve,15.31,15.965,4.278249510124099
20262537,64,background_p99_fct_us,drill,20261004-070000-ws25-formal-s37-b064-drill,20261004-070000-ws25-formal-s37-b064-classreserve,1173.6229799999999,875.2039899999997,-25.42715975108123
20262537,64,moe_batch_us,conga,20261004-070000-ws25-formal-s37-b064-conga,20261004-070000-ws25-formal-s37-b064-classreserve,17.436,15.965,-8.436568020188117
20262537,64,background_p99_fct_us,conga,20261004-070000-ws25-formal-s37-b064-conga,20261004-070000-ws25-formal-s37-b064-classreserve,892.85762,875.2039899999997,-1.9772055033814073
20262537,64,moe_batch_us,letflow,20261004-070000-ws25-formal-s37-b064-letflow,20261004-070000-ws25-formal-s37-b064-classreserve,17.046,15.965,-6.341663733427194
20262537,64,background_p99_fct_us,letflow,20261004-070000-ws25-formal-s37-b064-letflow,20261004-070000-ws25-formal-s37-b064-classreserve,915.87716,875.2039899999997,-4.4408979474933385
20262537,64,moe_batch_us,conweave,20261004-070000-ws25-formal-s37-b064-conweave,20261004-070000-ws25-formal-s37-b064-classreserve,16.477,15.965,-3.1073617770225215
20262537,64,background_p99_fct_us,conweave,20261004-070000-ws25-formal-s37-b064-conweave,20261004-070000-ws25-formal-s37-b064-classreserve,952.87325,875.2039899999997,-8.151058915758236
20262537,128,moe_batch_us,fecmp,20261004-070000-ws25-formal-s37-b128-fecmp,20261004-070000-ws25-formal-s37-b128-classreserve,17.993,16.83,-6.463624742955599
20262537,128,background_p99_fct_us,fecmp,20261004-070000-ws25-formal-s37-b128-fecmp,20261004-070000-ws25-formal-s37-b128-classreserve,1534.6282600000004,1489.4836500000001,-2.9417293540521805
20262537,128,moe_batch_us,drill,20261004-070000-ws25-formal-s37-b128-drill,20261004-070000-ws25-formal-s37-b128-classreserve,15.985,16.83,5.286205817954315
20262537,128,background_p99_fct_us,drill,20261004-070000-ws25-formal-s37-b128-drill,20261004-070000-ws25-formal-s37-b128-classreserve,1734.5937000000008,1489.4836500000001,-14.130689509595273
20262537,128,moe_batch_us,conga,20261004-070000-ws25-formal-s37-b128-conga,20261004-070000-ws25-formal-s37-b128-classreserve,18.267,16.83,-7.8666447692560375
20262537,128,background_p99_fct_us,conga,20261004-070000-ws25-formal-s37-b128-conga,20261004-070000-ws25-formal-s37-b128-classreserve,1576.9167700000005,1489.4836500000001,-5.544561492614497
20262537,128,moe_batch_us,letflow,20261004-070000-ws25-formal-s37-b128-letflow,20261004-070000-ws25-formal-s37-b128-classreserve,17.242,16.83,-2.3895139774968266
20262537,128,background_p99_fct_us,letflow,20261004-070000-ws25-formal-s37-b128-letflow,20261004-070000-ws25-formal-s37-b128-classreserve,1557.1467300000006,1489.4836500000001,-4.345324605344059
20262537,128,moe_batch_us,conweave,20261004-070000-ws25-formal-s37-b128-conweave,20261004-070000-ws25-formal-s37-b128-classreserve,17.972,16.83,-6.354328956154031
20262537,128,background_p99_fct_us,conweave,20261004-070000-ws25-formal-s37-b128-conweave,20261004-070000-ws25-formal-s37-b128-classreserve,1564.64721,1489.4836500000001,-4.803866297757942
20262537,192,moe_batch_us,fecmp,20261004-070000-ws25-formal-s37-b192-fecmp,20261004-070000-ws25-formal-s37-b192-classreserve,18.071,16.624,-8.007304521055847
20262537,192,background_p99_fct_us,fecmp,20261004-070000-ws25-formal-s37-b192-fecmp,20261004-070000-ws25-formal-s37-b192-classreserve,2116.3930600000003,2030.5316000000003,-4.056971345388938
20262537,192,moe_batch_us,drill,20261004-070000-ws25-formal-s37-b192-drill,20261004-070000-ws25-formal-s37-b192-classreserve,15.76,16.624,5.48223350253807
20262537,192,background_p99_fct_us,drill,20261004-070000-ws25-formal-s37-b192-drill,20261004-070000-ws25-formal-s37-b192-classreserve,2143.47287,2030.5316000000003,-5.269078586471676
20262537,192,moe_batch_us,conga,20261004-070000-ws25-formal-s37-b192-conga,20261004-070000-ws25-formal-s37-b192-classreserve,19.01,16.624,-12.551288795370874
20262537,192,background_p99_fct_us,conga,20261004-070000-ws25-formal-s37-b192-conga,20261004-070000-ws25-formal-s37-b192-classreserve,2101.51995,2030.5316000000003,-3.377952705136089
20262537,192,moe_batch_us,letflow,20261004-070000-ws25-formal-s37-b192-letflow,20261004-070000-ws25-formal-s37-b192-classreserve,17.75,16.624,-6.3436619718309935
20262537,192,background_p99_fct_us,letflow,20261004-070000-ws25-formal-s37-b192-letflow,20261004-070000-ws25-formal-s37-b192-classreserve,2149.9766799999998,2030.5316000000003,-5.555645375651219
20262537,192,moe_batch_us,conweave,20261004-070000-ws25-formal-s37-b192-conweave,20261004-070000-ws25-formal-s37-b192-classreserve,18.282,16.624,-9.069029646646987
20262537,192,background_p99_fct_us,conweave,20261004-070000-ws25-formal-s37-b192-conweave,20261004-070000-ws25-formal-s37-b192-classreserve,2098.58641,2030.5316000000003,-3.2428881496473494
20262538,0,moe_batch_us,fecmp,20261004-070000-ws25-formal-s38-b000-fecmp,20261004-070000-ws25-formal-s38-b000-classreserve,15.579,14.937,-4.12093202387831
20262538,0,moe_batch_us,drill,20261004-070000-ws25-formal-s38-b000-drill,20261004-070000-ws25-formal-s38-b000-classreserve,14.943,14.937,-0.04015257980325426
20262538,0,moe_batch_us,conga,20261004-070000-ws25-formal-s38-b000-conga,20261004-070000-ws25-formal-s38-b000-classreserve,15.524,14.937,-3.7812419479515524
20262538,0,moe_batch_us,letflow,20261004-070000-ws25-formal-s38-b000-letflow,20261004-070000-ws25-formal-s38-b000-classreserve,15.204,14.937,-1.756116811365438
20262538,0,moe_batch_us,conweave,20261004-070000-ws25-formal-s38-b000-conweave,20261004-070000-ws25-formal-s38-b000-classreserve,15.272,14.937,-2.1935568360398117
20262538,64,moe_batch_us,fecmp,20261004-070000-ws25-formal-s38-b064-fecmp,20261004-070000-ws25-formal-s38-b064-classreserve,16.581,15.26,-7.966950123635486
20262538,64,background_p99_fct_us,fecmp,20261004-070000-ws25-formal-s38-b064-fecmp,20261004-070000-ws25-formal-s38-b064-classreserve,847.30969,847.77081,0.05442166016063066
20262538,64,moe_batch_us,drill,20261004-070000-ws25-formal-s38-b064-drill,20261004-070000-ws25-formal-s38-b064-classreserve,14.943,15.26,2.1213946329385003
20262538,64,background_p99_fct_us,drill,20261004-070000-ws25-formal-s38-b064-drill,20261004-070000-ws25-formal-s38-b064-classreserve,946.8008199999999,847.77081,-10.459434329598484
20262538,64,moe_batch_us,conga,20261004-070000-ws25-formal-s38-b064-conga,20261004-070000-ws25-formal-s38-b064-classreserve,16.533,15.26,-7.699752011129268
20262538,64,background_p99_fct_us,conga,20261004-070000-ws25-formal-s38-b064-conga,20261004-070000-ws25-formal-s38-b064-classreserve,847.77081,847.77081,0.0
20262538,64,moe_batch_us,letflow,20261004-070000-ws25-formal-s38-b064-letflow,20261004-070000-ws25-formal-s38-b064-classreserve,16.327,15.26,-6.535187113370499
20262538,64,background_p99_fct_us,letflow,20261004-070000-ws25-formal-s38-b064-letflow,20261004-070000-ws25-formal-s38-b064-classreserve,847.77081,847.77081,0.0
20262538,64,moe_batch_us,conweave,20261004-070000-ws25-formal-s38-b064-conweave,20261004-070000-ws25-formal-s38-b064-classreserve,16.917,15.26,-9.794880889046532
20262538,64,background_p99_fct_us,conweave,20261004-070000-ws25-formal-s38-b064-conweave,20261004-070000-ws25-formal-s38-b064-classreserve,847.77081,847.77081,0.0
20262538,128,moe_batch_us,fecmp,20261004-070000-ws25-formal-s38-b128-fecmp,20261004-070000-ws25-formal-s38-b128-classreserve,16.623,16.108,-3.0981170667148006
20262538,128,background_p99_fct_us,fecmp,20261004-070000-ws25-formal-s38-b128-fecmp,20261004-070000-ws25-formal-s38-b128-classreserve,1187.79141,1291.1028000000003,8.697772111350787
20262538,128,moe_batch_us,drill,20261004-070000-ws25-formal-s38-b128-drill,20261004-070000-ws25-formal-s38-b128-classreserve,15.035,16.108,7.1366810774858624
20262538,128,background_p99_fct_us,drill,20261004-070000-ws25-formal-s38-b128-drill,20261004-070000-ws25-formal-s38-b128-classreserve,1435.1962,1291.1028000000003,-10.039979202843464
20262538,128,moe_batch_us,conga,20261004-070000-ws25-formal-s38-b128-conga,20261004-070000-ws25-formal-s38-b128-classreserve,18.987,16.108,-15.163006267446132
20262538,128,background_p99_fct_us,conga,20261004-070000-ws25-formal-s38-b128-conga,20261004-070000-ws25-formal-s38-b128-classreserve,1194.1721900000002,1291.1028000000003,8.116970970492975
20262538,128,moe_batch_us,letflow,20261004-070000-ws25-formal-s38-b128-letflow,20261004-070000-ws25-formal-s38-b128-classreserve,18.825,16.108,-14.43293492695883
20262538,128,background_p99_fct_us,letflow,20261004-070000-ws25-formal-s38-b128-letflow,20261004-070000-ws25-formal-s38-b128-classreserve,1232.7833100000005,1291.1028000000003,4.730717030878684
20262538,128,moe_batch_us,conweave,20261004-070000-ws25-formal-s38-b128-conweave,20261004-070000-ws25-formal-s38-b128-classreserve,17.539,16.108,-8.158960031928853
20262538,128,background_p99_fct_us,conweave,20261004-070000-ws25-formal-s38-b128-conweave,20261004-070000-ws25-formal-s38-b128-classreserve,1143.43338,1291.1028000000003,12.914562630662441
20262538,192,moe_batch_us,fecmp,20261004-070000-ws25-formal-s38-b192-fecmp,20261004-070000-ws25-formal-s38-b192-classreserve,17.669,16.137,-8.67055294583734
20262538,192,background_p99_fct_us,fecmp,20261004-070000-ws25-formal-s38-b192-fecmp,20261004-070000-ws25-formal-s38-b192-classreserve,1392.75786,1377.8329700000002,-1.071606948245818
20262538,192,moe_batch_us,drill,20261004-070000-ws25-formal-s38-b192-drill,20261004-070000-ws25-formal-s38-b192-classreserve,15.028,16.137,7.379558158104871
20262538,192,background_p99_fct_us,drill,20261004-070000-ws25-formal-s38-b192-drill,20261004-070000-ws25-formal-s38-b192-classreserve,1523.46691,1377.8329700000002,-9.559376645732332
20262538,192,moe_batch_us,conga,20261004-070000-ws25-formal-s38-b192-conga,20261004-070000-ws25-formal-s38-b192-classreserve,19.996,16.137,-19.29885977195438
20262538,192,background_p99_fct_us,conga,20261004-070000-ws25-formal-s38-b192-conga,20261004-070000-ws25-formal-s38-b192-classreserve,1393.03117,1377.8329700000002,-1.0910165061130517
20262538,192,moe_batch_us,letflow,20261004-070000-ws25-formal-s38-b192-letflow,20261004-070000-ws25-formal-s38-b192-classreserve,17.188,16.137,-6.114731207819402
20262538,192,background_p99_fct_us,letflow,20261004-070000-ws25-formal-s38-b192-letflow,20261004-070000-ws25-formal-s38-b192-classreserve,1392.9136,1377.8329700000002,-1.0826680132924205
20262538,192,moe_batch_us,conweave,20261004-070000-ws25-formal-s38-b192-conweave,20261004-070000-ws25-formal-s38-b192-classreserve,17.68,16.137,-8.727375565610851
20262538,192,background_p99_fct_us,conweave,20261004-070000-ws25-formal-s38-b192-conweave,20261004-070000-ws25-formal-s38-b192-classreserve,1721.89814,1377.8329700000002,-19.981737711848613
20262539,0,moe_batch_us,fecmp,20261004-070000-ws25-formal-s39-b000-fecmp,20261004-070000-ws25-formal-s39-b000-classreserve,15.903,15.9,-0.018864365214110723
20262539,0,moe_batch_us,drill,20261004-070000-ws25-formal-s39-b000-drill,20261004-070000-ws25-formal-s39-b000-classreserve,15.882,15.9,0.11333585190782536
20262539,0,moe_batch_us,conga,20261004-070000-ws25-formal-s39-b000-conga,20261004-070000-ws25-formal-s39-b000-classreserve,15.867,15.9,0.20797882397427525
20262539,0,moe_batch_us,letflow,20261004-070000-ws25-formal-s39-b000-letflow,20261004-070000-ws25-formal-s39-b000-classreserve,15.926,15.9,-0.16325505462765344
20262539,0,moe_batch_us,conweave,20261004-070000-ws25-formal-s39-b000-conweave,20261004-070000-ws25-formal-s39-b000-classreserve,15.903,15.9,-0.018864365214110723
20262539,64,moe_batch_us,fecmp,20261004-070000-ws25-formal-s39-b064-fecmp,20261004-070000-ws25-formal-s39-b064-classreserve,16.584,15.927,-3.9616497829233044
20262539,64,background_p99_fct_us,fecmp,20261004-070000-ws25-formal-s39-b064-fecmp,20261004-070000-ws25-formal-s39-b064-classreserve,672.05586,671.63481,-0.06265104213213357
20262539,64,moe_batch_us,drill,20261004-070000-ws25-formal-s39-b064-drill,20261004-070000-ws25-formal-s39-b064-classreserve,15.902,15.927,0.15721292919130825
20262539,64,background_p99_fct_us,drill,20261004-070000-ws25-formal-s39-b064-drill,20261004-070000-ws25-formal-s39-b064-classreserve,828.79847,671.63481,-18.96283182086472
20262539,64,moe_batch_us,conga,20261004-070000-ws25-formal-s39-b064-conga,20261004-070000-ws25-formal-s39-b064-classreserve,18.747,15.927,-15.042406785085616
20262539,64,background_p99_fct_us,conga,20261004-070000-ws25-formal-s39-b064-conga,20261004-070000-ws25-formal-s39-b064-classreserve,671.29181,671.63481,0.051095513886867394
20262539,64,moe_batch_us,letflow,20261004-070000-ws25-formal-s39-b064-letflow,20261004-070000-ws25-formal-s39-b064-classreserve,17.659,15.927,-9.808029899767822
20262539,64,background_p99_fct_us,letflow,20261004-070000-ws25-formal-s39-b064-letflow,20261004-070000-ws25-formal-s39-b064-classreserve,671.59736,671.63481,0.005576257774464466
20262539,64,moe_batch_us,conweave,20261004-070000-ws25-formal-s39-b064-conweave,20261004-070000-ws25-formal-s39-b064-classreserve,17.944,15.927,-11.240526081141322
20262539,64,background_p99_fct_us,conweave,20261004-070000-ws25-formal-s39-b064-conweave,20261004-070000-ws25-formal-s39-b064-classreserve,672.22041,671.63481,-0.0871142844353634
20262539,128,moe_batch_us,fecmp,20261004-070000-ws25-formal-s39-b128-fecmp,20261004-070000-ws25-formal-s39-b128-classreserve,17.44,16.981,-2.631880733944947
20262539,128,background_p99_fct_us,fecmp,20261004-070000-ws25-formal-s39-b128-fecmp,20261004-070000-ws25-formal-s39-b128-classreserve,1253.2516400000002,1087.66641,-13.212448698650824
20262539,128,moe_batch_us,drill,20261004-070000-ws25-formal-s39-b128-drill,20261004-070000-ws25-formal-s39-b128-classreserve,15.922,16.981,6.6511744755684
20262539,128,background_p99_fct_us,drill,20261004-070000-ws25-formal-s39-b128-drill,20261004-070000-ws25-formal-s39-b128-classreserve,1438.3258400000009,1087.66641,-24.379693407997216
20262539,128,moe_batch_us,conga,20261004-070000-ws25-formal-s39-b128-conga,20261004-070000-ws25-formal-s39-b128-classreserve,18.923,16.981,-10.262643344078615
20262539,128,background_p99_fct_us,conga,20261004-070000-ws25-formal-s39-b128-conga,20261004-070000-ws25-formal-s39-b128-classreserve,1102.82426,1087.66641,-1.3744574316854496
20262539,128,moe_batch_us,letflow,20261004-070000-ws25-formal-s39-b128-letflow,20261004-070000-ws25-formal-s39-b128-classreserve,18.221,16.981,-6.8053345041435565
20262539,128,background_p99_fct_us,letflow,20261004-070000-ws25-formal-s39-b128-letflow,20261004-070000-ws25-formal-s39-b128-classreserve,1205.7293100000002,1087.66641,-9.791824667511829
20262539,128,moe_batch_us,conweave,20261004-070000-ws25-formal-s39-b128-conweave,20261004-070000-ws25-formal-s39-b128-classreserve,16.989,16.981,-0.047089293071977956
20262539,128,background_p99_fct_us,conweave,20261004-070000-ws25-formal-s39-b128-conweave,20261004-070000-ws25-formal-s39-b128-classreserve,1108.7387000000003,1087.66641,-1.900564127508153
20262539,192,moe_batch_us,fecmp,20261004-070000-ws25-formal-s39-b192-fecmp,20261004-070000-ws25-formal-s39-b192-classreserve,18.553,17.354,-6.4625667008031185
20262539,192,background_p99_fct_us,fecmp,20261004-070000-ws25-formal-s39-b192-fecmp,20261004-070000-ws25-formal-s39-b192-classreserve,1902.27936,1819.2076000000002,-4.366959014894622
20262539,192,moe_batch_us,drill,20261004-070000-ws25-formal-s39-b192-drill,20261004-070000-ws25-formal-s39-b192-classreserve,15.929,17.354,8.94594764266432
20262539,192,background_p99_fct_us,drill,20261004-070000-ws25-formal-s39-b192-drill,20261004-070000-ws25-formal-s39-b192-classreserve,1886.8914300000004,1819.2076000000002,-3.587054820636937
20262539,192,moe_batch_us,conga,20261004-070000-ws25-formal-s39-b192-conga,20261004-070000-ws25-formal-s39-b192-classreserve,18.783,17.354,-7.6079433530320095
20262539,192,background_p99_fct_us,conga,20261004-070000-ws25-formal-s39-b192-conga,20261004-070000-ws25-formal-s39-b192-classreserve,1791.47361,1819.2076000000002,1.5481104407672586
20262539,192,moe_batch_us,letflow,20261004-070000-ws25-formal-s39-b192-letflow,20261004-070000-ws25-formal-s39-b192-classreserve,18.186,17.354,-4.574947762014736
20262539,192,background_p99_fct_us,letflow,20261004-070000-ws25-formal-s39-b192-letflow,20261004-070000-ws25-formal-s39-b192-classreserve,1762.4229300000006,1819.2076000000002,3.2219661372653308
20262539,192,moe_batch_us,conweave,20261004-070000-ws25-formal-s39-b192-conweave,20261004-070000-ws25-formal-s39-b192-classreserve,18.108,17.354,-4.1639054561519835
20262539,192,background_p99_fct_us,conweave,20261004-070000-ws25-formal-s39-b192-conweave,20261004-070000-ws25-formal-s39-b192-classreserve,1714.3887499999998,1819.2076000000002,6.114065435858729
20262540,0,moe_batch_us,fecmp,20261004-070000-ws25-formal-s40-b000-fecmp,20261004-070000-ws25-formal-s40-b000-classreserve,16.361,16.375,0.08556934172727626
20262540,0,moe_batch_us,drill,20261004-070000-ws25-formal-s40-b000-drill,20261004-070000-ws25-formal-s40-b000-classreserve,16.455,16.375,-0.48617441507139425
20262540,0,moe_batch_us,conga,20261004-070000-ws25-formal-s40-b000-conga,20261004-070000-ws25-formal-s40-b000-classreserve,16.508,16.375,-0.8056699781923915
20262540,0,moe_batch_us,letflow,20261004-070000-ws25-formal-s40-b000-letflow,20261004-070000-ws25-formal-s40-b000-classreserve,16.373,16.375,0.012215232394785502
20262540,0,moe_batch_us,conweave,20261004-070000-ws25-formal-s40-b000-conweave,20261004-070000-ws25-formal-s40-b000-classreserve,16.408,16.375,-0.2011214041930831
20262540,64,moe_batch_us,fecmp,20261004-070000-ws25-formal-s40-b064-fecmp,20261004-070000-ws25-formal-s40-b064-classreserve,16.379,17.28,5.500946333720003
20262540,64,background_p99_fct_us,fecmp,20261004-070000-ws25-formal-s40-b064-fecmp,20261004-070000-ws25-formal-s40-b064-classreserve,690.43065,683.0392199999999,-1.0705535740628158
20262540,64,moe_batch_us,drill,20261004-070000-ws25-formal-s40-b064-drill,20261004-070000-ws25-formal-s40-b064-classreserve,16.417,17.28,5.256746055917638
20262540,64,background_p99_fct_us,drill,20261004-070000-ws25-formal-s40-b064-drill,20261004-070000-ws25-formal-s40-b064-classreserve,900.57736,683.0392199999999,-24.155408481510143
20262540,64,moe_batch_us,conga,20261004-070000-ws25-formal-s40-b064-conga,20261004-070000-ws25-formal-s40-b064-classreserve,17.242,17.28,0.22039206588562177
20262540,64,background_p99_fct_us,conga,20261004-070000-ws25-formal-s40-b064-conga,20261004-070000-ws25-formal-s40-b064-classreserve,689.12924,683.0392199999999,-0.8837268318494407
20262540,64,moe_batch_us,letflow,20261004-070000-ws25-formal-s40-b064-letflow,20261004-070000-ws25-formal-s40-b064-classreserve,17.685,17.28,-2.290076335877844
20262540,64,background_p99_fct_us,letflow,20261004-070000-ws25-formal-s40-b064-letflow,20261004-070000-ws25-formal-s40-b064-classreserve,683.3926799999999,683.0392199999999,-0.05172136172135744
20262540,64,moe_batch_us,conweave,20261004-070000-ws25-formal-s40-b064-conweave,20261004-070000-ws25-formal-s40-b064-classreserve,17.44,17.28,-0.9174311926605561
20262540,64,background_p99_fct_us,conweave,20261004-070000-ws25-formal-s40-b064-conweave,20261004-070000-ws25-formal-s40-b064-classreserve,692.57361,683.0392199999999,-1.3766608866312646
20262540,128,moe_batch_us,fecmp,20261004-070000-ws25-formal-s40-b128-fecmp,20261004-070000-ws25-formal-s40-b128-classreserve,16.976,17.209,1.3725259189443895
20262540,128,background_p99_fct_us,fecmp,20261004-070000-ws25-formal-s40-b128-fecmp,20261004-070000-ws25-formal-s40-b128-classreserve,1320.9421600000003,1214.04553,-8.092453495465701
20262540,128,moe_batch_us,drill,20261004-070000-ws25-formal-s40-b128-drill,20261004-070000-ws25-formal-s40-b128-classreserve,16.493,17.209,4.3412356757412285
20262540,128,background_p99_fct_us,drill,20261004-070000-ws25-formal-s40-b128-drill,20261004-070000-ws25-formal-s40-b128-classreserve,1484.06783,1214.04553,-18.194741139291448
20262540,128,moe_batch_us,conga,20261004-070000-ws25-formal-s40-b128-conga,20261004-070000-ws25-formal-s40-b128-classreserve,19.159,17.209,-10.177984237173131
20262540,128,background_p99_fct_us,conga,20261004-070000-ws25-formal-s40-b128-conga,20261004-070000-ws25-formal-s40-b128-classreserve,1161.76246,1214.04553,4.500323585942012
20262540,128,moe_batch_us,letflow,20261004-070000-ws25-formal-s40-b128-letflow,20261004-070000-ws25-formal-s40-b128-classreserve,18.115,17.209,-5.0013800717637285
20262540,128,background_p99_fct_us,letflow,20261004-070000-ws25-formal-s40-b128-letflow,20261004-070000-ws25-formal-s40-b128-classreserve,1338.4687000000004,1214.04553,-9.29593422692665
20262540,128,moe_batch_us,conweave,20261004-070000-ws25-formal-s40-b128-conweave,20261004-070000-ws25-formal-s40-b128-classreserve,18.376,17.209,-6.350674793208544
20262540,128,background_p99_fct_us,conweave,20261004-070000-ws25-formal-s40-b128-conweave,20261004-070000-ws25-formal-s40-b128-classreserve,1271.8677400000001,1214.04553,-4.546243935709859
20262540,192,moe_batch_us,fecmp,20261004-070000-ws25-formal-s40-b192-fecmp,20261004-070000-ws25-formal-s40-b192-classreserve,17.277,18.167,5.1513572958268306
20262540,192,background_p99_fct_us,fecmp,20261004-070000-ws25-formal-s40-b192-fecmp,20261004-070000-ws25-formal-s40-b192-classreserve,2114.20128,2116.6836700000003,0.11741502682280913
20262540,192,moe_batch_us,drill,20261004-070000-ws25-formal-s40-b192-drill,20261004-070000-ws25-formal-s40-b192-classreserve,16.462,18.167,10.35718624711457
20262540,192,background_p99_fct_us,drill,20261004-070000-ws25-formal-s40-b192-drill,20261004-070000-ws25-formal-s40-b192-classreserve,2184.63114,2116.6836700000003,-3.110249083055716
20262540,192,moe_batch_us,conga,20261004-070000-ws25-formal-s40-b192-conga,20261004-070000-ws25-formal-s40-b192-classreserve,22.287,18.167,-18.48611298066136
20262540,192,background_p99_fct_us,conga,20261004-070000-ws25-formal-s40-b192-conga,20261004-070000-ws25-formal-s40-b192-classreserve,2116.93809,2116.6836700000003,-0.012018301394900455
20262540,192,moe_batch_us,letflow,20261004-070000-ws25-formal-s40-b192-letflow,20261004-070000-ws25-formal-s40-b192-classreserve,19.368,18.167,-6.200950020652607
20262540,192,background_p99_fct_us,letflow,20261004-070000-ws25-formal-s40-b192-letflow,20261004-070000-ws25-formal-s40-b192-classreserve,2048.45481,2116.6836700000003,3.3307476282574244
20262540,192,moe_batch_us,conweave,20261004-070000-ws25-formal-s40-b192-conweave,20261004-070000-ws25-formal-s40-b192-classreserve,18.573,18.167,-2.1859688795563437
20262540,192,background_p99_fct_us,conweave,20261004-070000-ws25-formal-s40-b192-conweave,20261004-070000-ws25-formal-s40-b192-classreserve,2037.5732400000002,2116.6836700000003,3.8825809274958933
20262541,0,moe_batch_us,fecmp,20261004-070000-ws25-formal-s41-b000-fecmp,20261004-070000-ws25-formal-s41-b000-classreserve,15.07,15.071,0.006635700066359718
20262541,0,moe_batch_us,drill,20261004-070000-ws25-formal-s41-b000-drill,20261004-070000-ws25-formal-s41-b000-classreserve,15.279,15.071,-1.3613456378035238
20262541,0,moe_batch_us,conga,20261004-070000-ws25-formal-s41-b000-conga,20261004-070000-ws25-formal-s41-b000-classreserve,15.899,15.071,-5.207874709101201
20262541,0,moe_batch_us,letflow,20261004-070000-ws25-formal-s41-b000-letflow,20261004-070000-ws25-formal-s41-b000-classreserve,15.352,15.071,-1.8303804064617069
20262541,0,moe_batch_us,conweave,20261004-070000-ws25-formal-s41-b000-conweave,20261004-070000-ws25-formal-s41-b000-classreserve,15.239,15.071,-1.1024345429490157
20262541,64,moe_batch_us,fecmp,20261004-070000-ws25-formal-s41-b064-fecmp,20261004-070000-ws25-formal-s41-b064-classreserve,15.748,15.649,-0.6286512573025149
20262541,64,background_p99_fct_us,fecmp,20261004-070000-ws25-formal-s41-b064-fecmp,20261004-070000-ws25-formal-s41-b064-classreserve,866.48663,950.4975599999997,9.695582954349756
20262541,64,moe_batch_us,drill,20261004-070000-ws25-formal-s41-b064-drill,20261004-070000-ws25-formal-s41-b064-classreserve,15.087,15.649,3.725061311062494
20262541,64,background_p99_fct_us,drill,20261004-070000-ws25-formal-s41-b064-drill,20261004-070000-ws25-formal-s41-b064-classreserve,1134.9640499999998,950.4975599999997,-16.253068984872264
20262541,64,moe_batch_us,conga,20261004-070000-ws25-formal-s41-b064-conga,20261004-070000-ws25-formal-s41-b064-classreserve,16.963,15.649,-7.746271296350892
20262541,64,background_p99_fct_us,conga,20261004-070000-ws25-formal-s41-b064-conga,20261004-070000-ws25-formal-s41-b064-classreserve,876.6110499999995,950.4975599999997,8.428653734173231
20262541,64,moe_batch_us,letflow,20261004-070000-ws25-formal-s41-b064-letflow,20261004-070000-ws25-formal-s41-b064-classreserve,16.757,15.649,-6.61216208151818
20262541,64,background_p99_fct_us,letflow,20261004-070000-ws25-formal-s41-b064-letflow,20261004-070000-ws25-formal-s41-b064-classreserve,879.3387899999999,950.4975599999997,8.09230421871867
20262541,64,moe_batch_us,conweave,20261004-070000-ws25-formal-s41-b064-conweave,20261004-070000-ws25-formal-s41-b064-classreserve,15.596,15.649,0.33983072582712825
20262541,64,background_p99_fct_us,conweave,20261004-070000-ws25-formal-s41-b064-conweave,20261004-070000-ws25-formal-s41-b064-classreserve,905.84647,950.4975599999997,4.929211679767298
20262541,128,moe_batch_us,fecmp,20261004-070000-ws25-formal-s41-b128-fecmp,20261004-070000-ws25-formal-s41-b128-classreserve,18.681,16.397,-12.226326213800132
20262541,128,background_p99_fct_us,fecmp,20261004-070000-ws25-formal-s41-b128-fecmp,20261004-070000-ws25-formal-s41-b128-classreserve,1271.68018,1247.3963,-1.909590192716537
20262541,128,moe_batch_us,drill,20261004-070000-ws25-formal-s41-b128-drill,20261004-070000-ws25-formal-s41-b128-classreserve,15.373,16.397,6.6610290769530955
20262541,128,background_p99_fct_us,drill,20261004-070000-ws25-formal-s41-b128-drill,20261004-070000-ws25-formal-s41-b128-classreserve,1510.81199,1247.3963,-17.435371955182845
20262541,128,moe_batch_us,conga,20261004-070000-ws25-formal-s41-b128-conga,20261004-070000-ws25-formal-s41-b128-classreserve,18.802,16.397,-12.791192426337627
20262541,128,background_p99_fct_us,conga,20261004-070000-ws25-formal-s41-b128-conga,20261004-070000-ws25-formal-s41-b128-classreserve,1189.3742000000002,1247.3963,4.878372172525669
20262541,128,moe_batch_us,letflow,20261004-070000-ws25-formal-s41-b128-letflow,20261004-070000-ws25-formal-s41-b128-classreserve,18.892,16.397,-13.206648316747838
20262541,128,background_p99_fct_us,letflow,20261004-070000-ws25-formal-s41-b128-letflow,20261004-070000-ws25-formal-s41-b128-classreserve,1254.23743,1247.3963,-0.5454413842520878
20262541,128,moe_batch_us,conweave,20261004-070000-ws25-formal-s41-b128-conweave,20261004-070000-ws25-formal-s41-b128-classreserve,16.61,16.397,-1.2823600240818855
20262541,128,background_p99_fct_us,conweave,20261004-070000-ws25-formal-s41-b128-conweave,20261004-070000-ws25-formal-s41-b128-classreserve,1258.7709100000004,1247.3963,-0.9036282861033307
20262541,192,moe_batch_us,fecmp,20261004-070000-ws25-formal-s41-b192-fecmp,20261004-070000-ws25-formal-s41-b192-classreserve,18.622,16.527,-11.25013424981205
20262541,192,background_p99_fct_us,fecmp,20261004-070000-ws25-formal-s41-b192-fecmp,20261004-070000-ws25-formal-s41-b192-classreserve,1801.9940600000002,1757.08145,-2.4923839094120215
20262541,192,moe_batch_us,drill,20261004-070000-ws25-formal-s41-b192-drill,20261004-070000-ws25-formal-s41-b192-classreserve,15.172,16.527,8.930925388874233
20262541,192,background_p99_fct_us,drill,20261004-070000-ws25-formal-s41-b192-drill,20261004-070000-ws25-formal-s41-b192-classreserve,1896.2843200000002,1757.08145,-7.340822709539685
20262541,192,moe_batch_us,conga,20261004-070000-ws25-formal-s41-b192-conga,20261004-070000-ws25-formal-s41-b192-classreserve,17.892,16.527,-7.629107981220651
20262541,192,background_p99_fct_us,conga,20261004-070000-ws25-formal-s41-b192-conga,20261004-070000-ws25-formal-s41-b192-classreserve,1763.2147400000001,1757.08145,-0.3478470240102616
20262541,192,moe_batch_us,letflow,20261004-070000-ws25-formal-s41-b192-letflow,20261004-070000-ws25-formal-s41-b192-classreserve,18.958,16.527,-12.82308260365016
20262541,192,background_p99_fct_us,letflow,20261004-070000-ws25-formal-s41-b192-letflow,20261004-070000-ws25-formal-s41-b192-classreserve,1678.60648,1757.08145,4.6750069736416044
20262541,192,moe_batch_us,conweave,20261004-070000-ws25-formal-s41-b192-conweave,20261004-070000-ws25-formal-s41-b192-classreserve,18.644,16.527,-11.35485947221625
20262541,192,background_p99_fct_us,conweave,20261004-070000-ws25-formal-s41-b192-conweave,20261004-070000-ws25-formal-s41-b192-classreserve,1802.6579400000003,1757.08145,-2.5282938592332327
20262542,0,moe_batch_us,fecmp,20261004-070000-ws25-formal-s42-b000-fecmp,20261004-070000-ws25-formal-s42-b000-classreserve,15.227,16.117,5.844880803835295
20262542,0,moe_batch_us,drill,20261004-070000-ws25-formal-s42-b000-drill,20261004-070000-ws25-formal-s42-b000-classreserve,15.213,16.117,5.942286202589897
20262542,0,moe_batch_us,conga,20261004-070000-ws25-formal-s42-b000-conga,20261004-070000-ws25-formal-s42-b000-classreserve,16.441,16.117,-1.9706830484763627
20262542,0,moe_batch_us,letflow,20261004-070000-ws25-formal-s42-b000-letflow,20261004-070000-ws25-formal-s42-b000-classreserve,15.236,16.117,5.782357574166452
20262542,0,moe_batch_us,conweave,20261004-070000-ws25-formal-s42-b000-conweave,20261004-070000-ws25-formal-s42-b000-classreserve,15.247,16.117,5.706040532563783
20262542,64,moe_batch_us,fecmp,20261004-070000-ws25-formal-s42-b064-fecmp,20261004-070000-ws25-formal-s42-b064-classreserve,16.329,15.435,-5.474921918059894
20262542,64,background_p99_fct_us,fecmp,20261004-070000-ws25-formal-s42-b064-fecmp,20261004-070000-ws25-formal-s42-b064-classreserve,708.9342399999999,702.5812099999999,-0.896138124179191
20262542,64,moe_batch_us,drill,20261004-070000-ws25-formal-s42-b064-drill,20261004-070000-ws25-formal-s42-b064-classreserve,15.329,15.435,0.6914997716745974
20262542,64,background_p99_fct_us,drill,20261004-070000-ws25-formal-s42-b064-drill,20261004-070000-ws25-formal-s42-b064-classreserve,921.9604199999999,702.5812099999999,-23.794862039739183
20262542,64,moe_batch_us,conga,20261004-070000-ws25-formal-s42-b064-conga,20261004-070000-ws25-formal-s42-b064-classreserve,16.687,15.435,-7.502846527236773
20262542,64,background_p99_fct_us,conga,20261004-070000-ws25-formal-s42-b064-conga,20261004-070000-ws25-formal-s42-b064-classreserve,713.5272099999997,702.5812099999999,-1.5340690371148935
20262542,64,moe_batch_us,letflow,20261004-070000-ws25-formal-s42-b064-letflow,20261004-070000-ws25-formal-s42-b064-classreserve,18.052,15.435,-14.497008641701747
20262542,64,background_p99_fct_us,letflow,20261004-070000-ws25-formal-s42-b064-letflow,20261004-070000-ws25-formal-s42-b064-classreserve,701.6302299999999,702.5812099999999,0.13553862979935882
20262542,64,moe_batch_us,conweave,20261004-070000-ws25-formal-s42-b064-conweave,20261004-070000-ws25-formal-s42-b064-classreserve,17.835,15.435,-13.45668629100084
20262542,64,background_p99_fct_us,conweave,20261004-070000-ws25-formal-s42-b064-conweave,20261004-070000-ws25-formal-s42-b064-classreserve,695.3842599999999,702.5812099999999,1.0349601528225616
20262542,128,moe_batch_us,fecmp,20261004-070000-ws25-formal-s42-b128-fecmp,20261004-070000-ws25-formal-s42-b128-classreserve,16.443,17.079,3.8679073161831834
20262542,128,background_p99_fct_us,fecmp,20261004-070000-ws25-formal-s42-b128-fecmp,20261004-070000-ws25-formal-s42-b128-classreserve,1184.1181,1238.36992,4.581622390536899
20262542,128,moe_batch_us,drill,20261004-070000-ws25-formal-s42-b128-drill,20261004-070000-ws25-formal-s42-b128-classreserve,15.29,17.079,11.700457815565745
20262542,128,background_p99_fct_us,drill,20261004-070000-ws25-formal-s42-b128-drill,20261004-070000-ws25-formal-s42-b128-classreserve,1463.71056,1238.36992,-15.395163918199772
20262542,128,moe_batch_us,conga,20261004-070000-ws25-formal-s42-b128-conga,20261004-070000-ws25-formal-s42-b128-classreserve,18.409,17.079,-7.22472703568906
20262542,128,background_p99_fct_us,conga,20261004-070000-ws25-formal-s42-b128-conga,20261004-070000-ws25-formal-s42-b128-classreserve,1327.1156900000003,1238.36992,-6.687116328192921
20262542,128,moe_batch_us,letflow,20261004-070000-ws25-formal-s42-b128-letflow,20261004-070000-ws25-formal-s42-b128-classreserve,18.049,17.079,-5.374258961715328
20262542,128,background_p99_fct_us,letflow,20261004-070000-ws25-formal-s42-b128-letflow,20261004-070000-ws25-formal-s42-b128-classreserve,1236.88712,1238.36992,0.11988159436893131
20262542,128,moe_batch_us,conweave,20261004-070000-ws25-formal-s42-b128-conweave,20261004-070000-ws25-formal-s42-b128-classreserve,21.047,17.079,-18.853043189053075
20262542,128,background_p99_fct_us,conweave,20261004-070000-ws25-formal-s42-b128-conweave,20261004-070000-ws25-formal-s42-b128-classreserve,1238.15379,1238.36992,0.01745582832646253
20262542,192,moe_batch_us,fecmp,20261004-070000-ws25-formal-s42-b192-fecmp,20261004-070000-ws25-formal-s42-b192-classreserve,17.546,18.287,4.2231847714578885
20262542,192,background_p99_fct_us,fecmp,20261004-070000-ws25-formal-s42-b192-fecmp,20261004-070000-ws25-formal-s42-b192-classreserve,1733.1800500000002,1803.3444800000002,4.048305887204284
20262542,192,moe_batch_us,drill,20261004-070000-ws25-formal-s42-b192-drill,20261004-070000-ws25-formal-s42-b192-classreserve,15.657,18.287,16.797598518234658
20262542,192,background_p99_fct_us,drill,20261004-070000-ws25-formal-s42-b192-drill,20261004-070000-ws25-formal-s42-b192-classreserve,1883.2079,1803.3444800000002,-4.240818021207316
20262542,192,moe_batch_us,conga,20261004-070000-ws25-formal-s42-b192-conga,20261004-070000-ws25-formal-s42-b192-classreserve,18.796,18.287,-2.708022983613534
20262542,192,background_p99_fct_us,conga,20261004-070000-ws25-formal-s42-b192-conga,20261004-070000-ws25-formal-s42-b192-classreserve,1706.5423100000005,1803.3444800000002,5.672415470320202
20262542,192,moe_batch_us,letflow,20261004-070000-ws25-formal-s42-b192-letflow,20261004-070000-ws25-formal-s42-b192-classreserve,18.632,18.287,-1.8516530699871359
20262542,192,background_p99_fct_us,letflow,20261004-070000-ws25-formal-s42-b192-letflow,20261004-070000-ws25-formal-s42-b192-classreserve,1770.1269900000007,1803.3444800000002,1.8765597150744329
20262542,192,moe_batch_us,conweave,20261004-070000-ws25-formal-s42-b192-conweave,20261004-070000-ws25-formal-s42-b192-classreserve,18.539,18.287,-1.3592966179405752
20262542,192,background_p99_fct_us,conweave,20261004-070000-ws25-formal-s42-b192-conweave,20261004-070000-ws25-formal-s42-b192-classreserve,1802.2931000000003,1803.3444800000002,0.05833568357997976
20262543,0,moe_batch_us,fecmp,20261004-070000-ws25-formal-s43-b000-fecmp,20261004-070000-ws25-formal-s43-b000-classreserve,15.203,15.307,0.6840755114122299
20262543,0,moe_batch_us,drill,20261004-070000-ws25-formal-s43-b000-drill,20261004-070000-ws25-formal-s43-b000-classreserve,15.232,15.307,0.49238445378152473
20262543,0,moe_batch_us,conga,20261004-070000-ws25-formal-s43-b000-conga,20261004-070000-ws25-formal-s43-b000-classreserve,15.69,15.307,-2.441045251752705
20262543,0,moe_batch_us,letflow,20261004-070000-ws25-formal-s43-b000-letflow,20261004-070000-ws25-formal-s43-b000-classreserve,15.197,15.307,0.7238270711324768
20262543,0,moe_batch_us,conweave,20261004-070000-ws25-formal-s43-b000-conweave,20261004-070000-ws25-formal-s43-b000-classreserve,15.223,15.307,0.5517966235301763
20262543,64,moe_batch_us,fecmp,20261004-070000-ws25-formal-s43-b064-fecmp,20261004-070000-ws25-formal-s43-b064-classreserve,17.238,18.502,7.33263719689059
20262543,64,background_p99_fct_us,fecmp,20261004-070000-ws25-formal-s43-b064-fecmp,20261004-070000-ws25-formal-s43-b064-classreserve,674.96413,983.06574,45.64710868413113
20262543,64,moe_batch_us,drill,20261004-070000-ws25-formal-s43-b064-drill,20261004-070000-ws25-formal-s43-b064-classreserve,15.382,18.502,20.283448186191656
20262543,64,background_p99_fct_us,drill,20261004-070000-ws25-formal-s43-b064-drill,20261004-070000-ws25-formal-s43-b064-classreserve,887.81566,983.06574,10.728587508807852
20262543,64,moe_batch_us,conga,20261004-070000-ws25-formal-s43-b064-conga,20261004-070000-ws25-formal-s43-b064-classreserve,17.924,18.502,3.2247266235215344
20262543,64,background_p99_fct_us,conga,20261004-070000-ws25-formal-s43-b064-conga,20261004-070000-ws25-formal-s43-b064-classreserve,681.46239,983.06574,44.25825319574863
20262543,64,moe_batch_us,letflow,20261004-070000-ws25-formal-s43-b064-letflow,20261004-070000-ws25-formal-s43-b064-classreserve,16.933,18.502,9.265930431701408
20262543,64,background_p99_fct_us,letflow,20261004-070000-ws25-formal-s43-b064-letflow,20261004-070000-ws25-formal-s43-b064-classreserve,680.05301,983.06574,44.557222090672035
20262543,64,moe_batch_us,conweave,20261004-070000-ws25-formal-s43-b064-conweave,20261004-070000-ws25-formal-s43-b064-classreserve,17.803,18.502,3.926304555412008
20262543,64,background_p99_fct_us,conweave,20261004-070000-ws25-formal-s43-b064-conweave,20261004-070000-ws25-formal-s43-b064-classreserve,680.50193,983.06574,44.46185920442576
20262543,128,moe_batch_us,fecmp,20261004-070000-ws25-formal-s43-b128-fecmp,20261004-070000-ws25-formal-s43-b128-classreserve,18.081,17.169,-5.043968807035004
20262543,128,background_p99_fct_us,fecmp,20261004-070000-ws25-formal-s43-b128-fecmp,20261004-070000-ws25-formal-s43-b128-classreserve,1048.4959600000002,932.66056,-11.047767890302618
20262543,128,moe_batch_us,drill,20261004-070000-ws25-formal-s43-b128-drill,20261004-070000-ws25-formal-s43-b128-classreserve,15.324,17.169,12.039937353171503
20262543,128,background_p99_fct_us,drill,20261004-070000-ws25-formal-s43-b128-drill,20261004-070000-ws25-formal-s43-b128-classreserve,1236.37005,932.66056,-24.564610732846525
20262543,128,moe_batch_us,conga,20261004-070000-ws25-formal-s43-b128-conga,20261004-070000-ws25-formal-s43-b128-classreserve,17.182,17.169,-0.07566057502036427
20262543,128,background_p99_fct_us,conga,20261004-070000-ws25-formal-s43-b128-conga,20261004-070000-ws25-formal-s43-b128-classreserve,957.75903,932.66056,-2.6205412023105668
20262543,128,moe_batch_us,letflow,20261004-070000-ws25-formal-s43-b128-letflow,20261004-070000-ws25-formal-s43-b128-classreserve,17.313,17.169,-0.8317449315543124
20262543,128,background_p99_fct_us,letflow,20261004-070000-ws25-formal-s43-b128-letflow,20261004-070000-ws25-formal-s43-b128-classreserve,991.79805,932.66056,-5.962654393200307
20262543,128,moe_batch_us,conweave,20261004-070000-ws25-formal-s43-b128-conweave,20261004-070000-ws25-formal-s43-b128-classreserve,18.328,17.169,-6.323657791357484
20262543,128,background_p99_fct_us,conweave,20261004-070000-ws25-formal-s43-b128-conweave,20261004-070000-ws25-formal-s43-b128-classreserve,952.9828200000001,932.66056,-2.13248964970848
20262543,192,moe_batch_us,fecmp,20261004-070000-ws25-formal-s43-b192-fecmp,20261004-070000-ws25-formal-s43-b192-classreserve,17.338,18.211,5.0351828353904615
20262543,192,background_p99_fct_us,fecmp,20261004-070000-ws25-formal-s43-b192-fecmp,20261004-070000-ws25-formal-s43-b192-classreserve,1367.87717,1367.73717,-0.010234837094313942
20262543,192,moe_batch_us,drill,20261004-070000-ws25-formal-s43-b192-drill,20261004-070000-ws25-formal-s43-b192-classreserve,15.338,18.211,18.73125570478549
20262543,192,background_p99_fct_us,drill,20261004-070000-ws25-formal-s43-b192-drill,20261004-070000-ws25-formal-s43-b192-classreserve,1522.9066200000002,1367.73717,-10.189032470027614
20262543,192,moe_batch_us,conga,20261004-070000-ws25-formal-s43-b192-conga,20261004-070000-ws25-formal-s43-b192-classreserve,17.556,18.211,3.730918204602407
20262543,192,background_p99_fct_us,conga,20261004-070000-ws25-formal-s43-b192-conga,20261004-070000-ws25-formal-s43-b192-classreserve,1367.69209,1367.73717,0.0032960635167667007
20262543,192,moe_batch_us,letflow,20261004-070000-ws25-formal-s43-b192-letflow,20261004-070000-ws25-formal-s43-b192-classreserve,17.878,18.211,1.8626244546369852
20262543,192,background_p99_fct_us,letflow,20261004-070000-ws25-formal-s43-b192-letflow,20261004-070000-ws25-formal-s43-b192-classreserve,1348.3318900000002,1367.73717,1.439206484984945
20262543,192,moe_batch_us,conweave,20261004-070000-ws25-formal-s43-b192-conweave,20261004-070000-ws25-formal-s43-b192-classreserve,19.006,18.211,-4.182889613806173
20262543,192,background_p99_fct_us,conweave,20261004-070000-ws25-formal-s43-b192-conweave,20261004-070000-ws25-formal-s43-b192-classreserve,1367.87717,1367.73717,-0.010234837094313942
20262544,0,moe_batch_us,fecmp,20261004-070000-ws25-formal-s44-b000-fecmp,20261004-070000-ws25-formal-s44-b000-classreserve,15.43,15.41,-0.12961762799740262
20262544,0,moe_batch_us,drill,20261004-070000-ws25-formal-s44-b000-drill,20261004-070000-ws25-formal-s44-b000-classreserve,15.413,15.41,-0.019464088756249165
20262544,0,moe_batch_us,conga,20261004-070000-ws25-formal-s44-b000-conga,20261004-070000-ws25-formal-s44-b000-classreserve,15.651,15.41,-1.5398377100504734
20262544,0,moe_batch_us,letflow,20261004-070000-ws25-formal-s44-b000-letflow,20261004-070000-ws25-formal-s44-b000-classreserve,15.41,15.41,0.0
20262544,0,moe_batch_us,conweave,20261004-070000-ws25-formal-s44-b000-conweave,20261004-070000-ws25-formal-s44-b000-classreserve,15.678,15.41,-1.7094017094017144
20262544,64,moe_batch_us,fecmp,20261004-070000-ws25-formal-s44-b064-fecmp,20261004-070000-ws25-formal-s44-b064-classreserve,15.43,15.426,-0.025923525599480524
20262544,64,background_p99_fct_us,fecmp,20261004-070000-ws25-formal-s44-b064-fecmp,20261004-070000-ws25-formal-s44-b064-classreserve,698.34273,696.7360100000001,-0.2300761404074314
20262544,64,moe_batch_us,drill,20261004-070000-ws25-formal-s44-b064-drill,20261004-070000-ws25-formal-s44-b064-classreserve,15.405,15.426,0.13631937682572204
20262544,64,background_p99_fct_us,drill,20261004-070000-ws25-formal-s44-b064-drill,20261004-070000-ws25-formal-s44-b064-classreserve,839.65395,696.7360100000001,-17.021052541943014
20262544,64,moe_batch_us,conga,20261004-070000-ws25-formal-s44-b064-conga,20261004-070000-ws25-formal-s44-b064-classreserve,17.865,15.426,-13.652392947103264
20262544,64,background_p99_fct_us,conga,20261004-070000-ws25-formal-s44-b064-conga,20261004-070000-ws25-formal-s44-b064-classreserve,697.86953,696.7360100000001,-0.16242577606160324
20262544,64,moe_batch_us,letflow,20261004-070000-ws25-formal-s44-b064-letflow,20261004-070000-ws25-formal-s44-b064-classreserve,16.51,15.426,-6.5657177468201215
20262544,64,background_p99_fct_us,letflow,20261004-070000-ws25-formal-s44-b064-letflow,20261004-070000-ws25-formal-s44-b064-classreserve,696.80181,696.7360100000001,-0.00944314424211612
20262544,64,moe_batch_us,conweave,20261004-070000-ws25-formal-s44-b064-conweave,20261004-070000-ws25-formal-s44-b064-classreserve,16.834,15.426,-8.364025187121305
20262544,64,background_p99_fct_us,conweave,20261004-070000-ws25-formal-s44-b064-conweave,20261004-070000-ws25-formal-s44-b064-classreserve,696.89057,696.7360100000001,-0.022178517927129437
20262544,128,moe_batch_us,fecmp,20261004-070000-ws25-formal-s44-b128-fecmp,20261004-070000-ws25-formal-s44-b128-classreserve,16.006,16.252,1.5369236536298736
20262544,128,background_p99_fct_us,fecmp,20261004-070000-ws25-formal-s44-b128-fecmp,20261004-070000-ws25-formal-s44-b128-classreserve,1018.1413600000001,934.7289000000001,-8.192620718207543
20262544,128,moe_batch_us,drill,20261004-070000-ws25-formal-s44-b128-drill,20261004-070000-ws25-formal-s44-b128-classreserve,15.437,16.252,5.279523223424243
20262544,128,background_p99_fct_us,drill,20261004-070000-ws25-formal-s44-b128-drill,20261004-070000-ws25-formal-s44-b128-classreserve,1154.52533,934.7289000000001,-19.03781790564958
20262544,128,moe_batch_us,conga,20261004-070000-ws25-formal-s44-b128-conga,20261004-070000-ws25-formal-s44-b128-classreserve,17.797,16.252,-8.68123841096815
20262544,128,background_p99_fct_us,conga,20261004-070000-ws25-formal-s44-b128-conga,20261004-070000-ws25-formal-s44-b128-classreserve,926.8106,934.7289000000001,0.8543601033479842
20262544,128,moe_batch_us,letflow,20261004-070000-ws25-formal-s44-b128-letflow,20261004-070000-ws25-formal-s44-b128-classreserve,17.442,16.252,-6.822612085769986
20262544,128,background_p99_fct_us,letflow,20261004-070000-ws25-formal-s44-b128-letflow,20261004-070000-ws25-formal-s44-b128-classreserve,928.9626099999999,934.7289000000001,0.6207235832667246
20262544,128,moe_batch_us,conweave,20261004-070000-ws25-formal-s44-b128-conweave,20261004-070000-ws25-formal-s44-b128-classreserve,17.139,16.252,-5.175331116167802
20262544,128,background_p99_fct_us,conweave,20261004-070000-ws25-formal-s44-b128-conweave,20261004-070000-ws25-formal-s44-b128-classreserve,929.21162,934.7289000000001,0.5937592558302285
20262544,192,moe_batch_us,fecmp,20261004-070000-ws25-formal-s44-b192-fecmp,20261004-070000-ws25-formal-s44-b192-classreserve,17.452,16.63,-4.710061884024775
20262544,192,background_p99_fct_us,fecmp,20261004-070000-ws25-formal-s44-b192-fecmp,20261004-070000-ws25-formal-s44-b192-classreserve,1813.8719900000003,1824.0709700000002,0.5622767238387061
20262544,192,moe_batch_us,drill,20261004-070000-ws25-formal-s44-b192-drill,20261004-070000-ws25-formal-s44-b192-classreserve,15.426,16.63,7.805004537793336
20262544,192,background_p99_fct_us,drill,20261004-070000-ws25-formal-s44-b192-drill,20261004-070000-ws25-formal-s44-b192-classreserve,1933.61709,1824.0709700000002,-5.665347113786612
20262544,192,moe_batch_us,conga,20261004-070000-ws25-formal-s44-b192-conga,20261004-070000-ws25-formal-s44-b192-classreserve,18.421,16.63,-9.722599207426308
20262544,192,background_p99_fct_us,conga,20261004-070000-ws25-formal-s44-b192-conga,20261004-070000-ws25-formal-s44-b192-classreserve,1715.20278,1824.0709700000002,6.347248924118465
20262544,192,moe_batch_us,letflow,20261004-070000-ws25-formal-s44-b192-letflow,20261004-070000-ws25-formal-s44-b192-classreserve,19.285,16.63,-13.767176562094896
20262544,192,background_p99_fct_us,letflow,20261004-070000-ws25-formal-s44-b192-letflow,20261004-070000-ws25-formal-s44-b192-classreserve,1885.0782400000003,1824.0709700000002,-3.2363256179754107
20262544,192,moe_batch_us,conweave,20261004-070000-ws25-formal-s44-b192-conweave,20261004-070000-ws25-formal-s44-b192-classreserve,17.767,16.63,-6.399504699724212
20262544,192,background_p99_fct_us,conweave,20261004-070000-ws25-formal-s44-b192-conweave,20261004-070000-ws25-formal-s44-b192-classreserve,1888.6265600000002,1824.0709700000002,-3.4181235913573027
