id,seed,background_flows,mode,source_sha,trace_sha256,topology_sha256,fct_sha256,raw_directory,raw_fct_path,moe_completed,moe_mean_fct_us,moe_p50_fct_us,moe_p90_fct_us,moe_p95_fct_us,moe_p99_fct_us,moe_p50_slowdown,moe_p90_slowdown,moe_p99_slowdown,moe_batch_us,background_completed,background_mean_fct_us,background_p50_fct_us,background_p90_fct_us,background_p95_fct_us,background_p99_fct_us,background_p50_slowdown,background_p90_slowdown,background_p99_slowdown,background_batch_us
20261004-070000-ws25-formal-s21-b000-fecmp,20262521,0,fecmp,ce699dffe2845dc83e2171a1c309c6d96b96d2b3,c334616137cc78c9ee40d38067d780cdcee1674ea900c623d3a1ce7c36093939,74a6f7154ca10c3cd6dfd45046c4f8abf0ce27faa8ad11446b6a52920b83afba,610ca1c35d22d97ff3a95713f494f0c1c0250fe2bddb3f38ce8b22e7ca541782,325152318,results/20261004-070000-ws25-formal-s21-b000-fecmp/raw/325152318/325152318_out_fct.txt,16384,12.283587463378906,12.103,13.555,14.112,15.06868,16.093264248704664,35.32740963855422,44.403614457831324,15.66,0,,,,,,,,,
20261004-070000-ws25-formal-s21-b000-drill,20262521,0,drill,ce699dffe2845dc83e2171a1c309c6d96b96d2b3,c334616137cc78c9ee40d38067d780cdcee1674ea900c623d3a1ce7c36093939,74a6f7154ca10c3cd6dfd45046c4f8abf0ce27faa8ad11446b6a52920b83afba,510bfaa84f1ac55a95c5b5e71e6cad1636fdf2dcc2638da71c18c382b83ffc48,732492766,results/20261004-070000-ws25-formal-s21-b000-drill/raw/732492766/732492766_out_fct.txt,16384,12.274423645019532,12.128499999999999,13.388,13.94185,14.839680000000001,16.16580310880829,35.16566265060241,44.44579365079365,15.643,0,,,,,,,,,
20261004-070000-ws25-formal-s21-b000-conga,20262521,0,conga,ce699dffe2845dc83e2171a1c309c6d96b96d2b3,c334616137cc78c9ee40d38067d780cdcee1674ea900c623d3a1ce7c36093939,74a6f7154ca10c3cd6dfd45046c4f8abf0ce27faa8ad11446b6a52920b83afba,889875e5688e789bb0760a12dcdb18e2939dd640cf5f6cfe81d715296774eefb,190414765,results/20261004-070000-ws25-formal-s21-b000-conga/raw/190414765/190414765_out_fct.txt,16384,12.337573608398438,12.144,13.657,14.20085,15.441680000000002,16.164507772020727,35.81927710843374,44.83797619047619,16.147,0,,,,,,,,,
20261004-070000-ws25-formal-s21-b000-letflow,20262521,0,letflow,ce699dffe2845dc83e2171a1c309c6d96b96d2b3,c334616137cc78c9ee40d38067d780cdcee1674ea900c623d3a1ce7c36093939,74a6f7154ca10c3cd6dfd45046c4f8abf0ce27faa8ad11446b6a52920b83afba,9216f15870293bb4e2fee9427cfdbf2152a1a365dd9c5d9158f76131258ec07b,488349131,results/20261004-070000-ws25-formal-s21-b000-letflow/raw/488349131/488349131_out_fct.txt,16384,12.276069885253905,12.101,13.543,14.022,14.922680000000001,16.127590673575128,35.399698795180726,44.31484126984127,15.661,0,,,,,,,,,
20261004-070000-ws25-formal-s21-b000-conweave,20262521,0,conweave,ce699dffe2845dc83e2171a1c309c6d96b96d2b3,c334616137cc78c9ee40d38067d780cdcee1674ea900c623d3a1ce7c36093939,74a6f7154ca10c3cd6dfd45046c4f8abf0ce27faa8ad11446b6a52920b83afba,1d2143ae88c3eb379e251102b373a5fcbaa0dc8c9155405c8bd9a73558ccd382,903385963,results/20261004-070000-ws25-formal-s21-b000-conweave/raw/903385963/903385963_out_fct.txt,16384,12.320230102539062,12.155,13.6097,14.03885,15.034,16.177461139896373,35.59548192771085,44.52261904761905,15.658,0,,,,,,,,,
20261004-070000-ws25-formal-s21-b000-classreserve,20262521,0,classreserve,ce699dffe2845dc83e2171a1c309c6d96b96d2b3,c334616137cc78c9ee40d38067d780cdcee1674ea900c623d3a1ce7c36093939,74a6f7154ca10c3cd6dfd45046c4f8abf0ce27faa8ad11446b6a52920b83afba,e37b615059421f1fdf61ca00f9b7a2674bba049cfd58cab93896e46a496edc6a,26073186,results/20261004-070000-ws25-formal-s21-b000-classreserve/raw/26073186/26073186_out_fct.txt,16384,12.267336242675782,12.131499999999999,13.405700000000001,13.924,14.963,16.13018134715026,35.1355421686747,44.445119047619045,15.637,0,,,,,,,,,
20261004-070000-ws25-formal-s21-b064-fecmp,20262521,64,fecmp,ce699dffe2845dc83e2171a1c309c6d96b96d2b3,d01f2a003edf44cfdfcb4a356de8995f2abf84a54c9f6bfa70aba63f31357970,74a6f7154ca10c3cd6dfd45046c4f8abf0ce27faa8ad11446b6a52920b83afba,e120a35f2b421b72a27c6de3b24d3d712c14515733c66e45b8375d4302344ea8,452078843,results/20261004-070000-ws25-formal-s21-b064-fecmp/raw/452078843/452078843_out_fct.txt,16384,12.351313110351562,12.137,13.742,14.229,15.04734,16.27461139896373,35.800301204819284,44.359410499139415,15.99,64,380.73096875,350.3625,509.9442,646.5711500000002,678.81507,1.9883817191883018,2.890430494544424,3.8476126966132917,680.082
20261004-070000-ws25-formal-s21-b064-drill,20262521,64,drill,ce699dffe2845dc83e2171a1c309c6d96b96d2b3,d01f2a003edf44cfdfcb4a356de8995f2abf84a54c9f6bfa70aba63f31357970,74a6f7154ca10c3cd6dfd45046c4f8abf0ce27faa8ad11446b6a52920b83afba,cffe3184bbd6c0935ca678ccf95c15f4836c6032d125f6b78c03491a8267dda8,555807501,results/20261004-070000-ws25-formal-s21-b064-drill/raw/555807501/555807501_out_fct.txt,16384,12.31388153076172,12.195,13.437700000000001,13.97385,14.97568,16.229274611398964,35.33855421686747,44.294404761904765,15.687,64,614.15521875,577.2735,705.2673,823.4967500000001,893.63242,3.2737565537763924,3.997547399744934,5.065225563270512,894.052
20261004-070000-ws25-formal-s21-b064-conga,20262521,64,conga,ce699dffe2845dc83e2171a1c309c6d96b96d2b3,d01f2a003edf44cfdfcb4a356de8995f2abf84a54c9f6bfa70aba63f31357970,74a6f7154ca10c3cd6dfd45046c4f8abf0ce27faa8ad11446b6a52920b83afba,cd0f5c89dc8cbd0c4586f97561af52b96124ff851d1a91b94fda4525e28cbc49,190458364,results/20261004-070000-ws25-formal-s21-b064-conga/raw/190458364/190458364_out_fct.txt,16384,12.45326007080078,12.1675,14.002,14.610850000000001,15.662170000000001,16.349093264248705,36.31837349397591,44.710992063492064,17.096,64,381.566390625,348.688,511.39140000000003,653.9971000000002,682.40005,1.9764092390534223,2.8986334136318552,3.867932832648434,683.26
20261004-070000-ws25-formal-s21-b064-letflow,20262521,64,letflow,ce699dffe2845dc83e2171a1c309c6d96b96d2b3,d01f2a003edf44cfdfcb4a356de8995f2abf84a54c9f6bfa70aba63f31357970,74a6f7154ca10c3cd6dfd45046c4f8abf0ce27faa8ad11446b6a52920b83afba,29e4e4284e520b14f326796c8eb43748bb78ca11687332b9bba447c9d99c69bd,813122844,results/20261004-070000-ws25-formal-s21-b064-letflow/raw/813122844/813122844_out_fct.txt,16384,12.37896417236328,12.149,13.756,14.2957,15.409170000000001,16.316062176165804,35.84457831325302,44.374761904761904,16.576,64,393.17046875,349.6565,516.6170999999999,652.7862000000002,679.19968,1.9818988238628312,2.928253365452742,3.8497927164517503,680.563
20261004-070000-ws25-formal-s21-b064-conweave,20262521,64,conweave,ce699dffe2845dc83e2171a1c309c6d96b96d2b3,d01f2a003edf44cfdfcb4a356de8995f2abf84a54c9f6bfa70aba63f31357970,74a6f7154ca10c3cd6dfd45046c4f8abf0ce27faa8ad11446b6a52920b83afba,8a57899679aa542cd31aba330683c6cf10ce86824d0871b070fcc1a19fbec2c6,887193017,results/20261004-070000-ws25-formal-s21-b064-conweave/raw/887193017/887193017_out_fct.txt,16384,12.403720092773437,12.17,13.9007,14.364,15.47,16.313471502590673,36.03524096385543,44.248849206349206,16.758,64,389.038875,350.7905,509.4023,653.2559500000002,679.58323,1.9883264843417883,2.8873589343913846,3.8519667280714187,680.137
20261004-070000-ws25-formal-s21-b064-classreserve,20262521,64,classreserve,ce699dffe2845dc83e2171a1c309c6d96b96d2b3,d01f2a003edf44cfdfcb4a356de8995f2abf84a54c9f6bfa70aba63f31357970,74a6f7154ca10c3cd6dfd45046c4f8abf0ce27faa8ad11446b6a52920b83afba,f12157871725da06c9c800928cec09037938f34db835c73990e075a99e56640e,128352933,results/20261004-070000-ws25-formal-s21-b064-classreserve/raw/128352933/128352933_out_fct.txt,16384,12.325516418457031,12.185,13.575,13.991,15.02,16.275906735751295,35.484939759036145,44.093293650793655,15.707,64,377.66890625,347.87149999999997,509.9679,648.4546500000001,678.96205,1.9742422247661113,2.8905648292475554,3.8484457984979454,680.074
20261004-070000-ws25-formal-s21-b128-fecmp,20262521,128,fecmp,ce699dffe2845dc83e2171a1c309c6d96b96d2b3,258c2f9135f753a7e32e11ebe7d6e569b4c72d9763035811c0cf24f2ab181233,74a6f7154ca10c3cd6dfd45046c4f8abf0ce27faa8ad11446b6a52920b83afba,9936a0869038d2e2eab86a41da711c6808105fbedb0c5315009ddd08af266866,836677910,results/20261004-070000-ws25-formal-s21-b128-fecmp/raw/836677910/836677910_out_fct.txt,16384,12.447099975585937,12.2105,13.928700000000001,14.66885,15.33817,16.427461139896373,36.108734939759046,44.22821428571429,17.223,128,560.1546953124999,533.3705,839.5663,847.69015,946.6882400000004,3.0232138302394786,4.75877171602664,5.365952897831942,1019.507
20261004-070000-ws25-formal-s21-b128-drill,20262521,128,drill,ce699dffe2845dc83e2171a1c309c6d96b96d2b3,258c2f9135f753a7e32e11ebe7d6e569b4c72d9763035811c0cf24f2ab181233,74a6f7154ca10c3cd6dfd45046c4f8abf0ce27faa8ad11446b6a52920b83afba,47dc3ef0874de6c2cec787a64bcd5d6382ffaf6d2262407cc2af233239396bca,869282931,results/20261004-070000-ws25-formal-s21-b128-drill/raw/869282931/869282931_out_fct.txt,16384,12.338730163574219,12.222,13.445,13.959400000000002,15.025680000000001,16.318652849740932,35.41867469879518,44.52845238095238,15.681,128,754.017875,709.348,961.2368,1027.50575,1147.1319600000002,4.020677341646593,5.448416040810542,6.5020941476548115,1265.308
20261004-070000-ws25-formal-s21-b128-conga,20262521,128,conga,ce699dffe2845dc83e2171a1c309c6d96b96d2b3,258c2f9135f753a7e32e11ebe7d6e569b4c72d9763035811c0cf24f2ab181233,74a6f7154ca10c3cd6dfd45046c4f8abf0ce27faa8ad11446b6a52920b83afba,2a744b2edebe6707cd2355850b654f228140306822f1fb4d9029e9a35b352885,840974679,results/20261004-070000-ws25-formal-s21-b128-conga/raw/840974679/840974679_out_fct.txt,16384,12.54901806640625,12.262,14.2177,14.83,16.08217,16.498704663212436,36.78343373493977,44.91668674698795,17.553,128,569.92903125,544.1235,839.0409,845.26045,949.2038300000002,3.084163242170894,4.755793680034008,5.38021159132776,1027.332
20261004-070000-ws25-formal-s21-b128-letflow,20262521,128,letflow,ce699dffe2845dc83e2171a1c309c6d96b96d2b3,258c2f9135f753a7e32e11ebe7d6e569b4c72d9763035811c0cf24f2ab181233,74a6f7154ca10c3cd6dfd45046c4f8abf0ce27faa8ad11446b6a52920b83afba,c7b1298e37ef67a3404176558bde269fb4b54ef9af4c1fd687095164a20c4b3c,485108044,results/20261004-070000-ws25-formal-s21-b128-letflow/raw/485108044/485108044_out_fct.txt,16384,12.469728088378906,12.23,13.9067,14.57385,15.616210000000002,16.523963730569946,36.242168674698796,44.32589261809141,18.362,128,565.387234375,536.3240000000001,837.1299,847.35045,993.0455600000006,3.0399546549525294,4.74496188181947,5.628712257333148,1040.704
20261004-070000-ws25-formal-s21-b128-conweave,20262521,128,conweave,ce699dffe2845dc83e2171a1c309c6d96b96d2b3,258c2f9135f753a7e32e11ebe7d6e569b4c72d9763035811c0cf24f2ab181233,74a6f7154ca10c3cd6dfd45046c4f8abf0ce27faa8ad11446b6a52920b83afba,3ed11cf5e5553e6018d51978c3d2e4caf70520b57e796570daea6e28d69eabcb,59315942,results/20261004-070000-ws25-formal-s21-b128-conweave/raw/59315942/59315942_out_fct.txt,16384,12.484350219726563,12.2305,13.965,14.487,15.409510000000001,16.514248704663213,36.126506024096386,43.90611111111111,17.734,128,568.38259375,558.129,804.8346,847.5802,1026.40956,3.163548249964574,4.5643038118180534,5.817823777809268,1036.383
20261004-070000-ws25-formal-s21-b128-classreserve,20262521,128,classreserve,ce699dffe2845dc83e2171a1c309c6d96b96d2b3,258c2f9135f753a7e32e11ebe7d6e569b4c72d9763035811c0cf24f2ab181233,74a6f7154ca10c3cd6dfd45046c4f8abf0ce27faa8ad11446b6a52920b83afba,802ae1e79d47a1b63a30dd0db9f58384fc749591e09f0f7f58526dba950c7aa4,715122763,results/20261004-070000-ws25-formal-s21-b128-classreserve/raw/715122763/715122763_out_fct.txt,16384,12.374974548339845,12.195,13.611,14.224,15.46951,16.332901554404145,35.65963855421687,44.232976190476194,16.669,128,555.7377421875,521.5730000000001,838.4879,847.77445,894.4361100000001,2.9563440555476834,4.752659203627603,5.069780983420718,965.232
20261004-070000-ws25-formal-s21-b192-fecmp,20262521,192,fecmp,ce699dffe2845dc83e2171a1c309c6d96b96d2b3,f2a3e21ae7393825f22ce9ef9f358c41422f5236e113b86ef6ea9333f0dd2553,74a6f7154ca10c3cd6dfd45046c4f8abf0ce27faa8ad11446b6a52920b83afba,a67b0077bf0939c444ac039882e21ad4577ea7ce391c67090531a3d8d91403c8,211289610,results/20261004-070000-ws25-formal-s21-b192-fecmp/raw/211289610/211289610_out_fct.txt,16384,12.510025268554687,12.228,14.161700000000002,14.81185,15.79751,16.48316062176166,36.18072289156626,44.648253968253975,18.462,192,794.435703125,703.635,1200.1532,1342.66845,1518.29229,3.9882953096216527,6.817393253698921,8.60807374238345,1519.088
20261004-070000-ws25-formal-s21-b192-drill,20262521,192,drill,ce699dffe2845dc83e2171a1c309c6d96b96d2b3,f2a3e21ae7393825f22ce9ef9f358c41422f5236e113b86ef6ea9333f0dd2553,74a6f7154ca10c3cd6dfd45046c4f8abf0ce27faa8ad11446b6a52920b83afba,5671545b99a99d0493617649ccb42aaae94a1e07e10bef6313840af892c51cb4,730921791,results/20261004-070000-ws25-formal-s21-b192-drill/raw/730921791/730921791_out_fct.txt,16384,12.365296691894532,12.275,13.459700000000002,13.982,14.91017,16.38860103626943,35.538253012048195,44.42198412698413,15.71,192,934.4933645833333,885.1685,1265.5523,1467.6073499999993,1507.63718,5.0172509564970955,7.173316140002834,8.546528387992025,1671.542
20261004-070000-ws25-formal-s21-b192-conga,20262521,192,conga,ce699dffe2845dc83e2171a1c309c6d96b96d2b3,f2a3e21ae7393825f22ce9ef9f358c41422f5236e113b86ef6ea9333f0dd2553,74a6f7154ca10c3cd6dfd45046c4f8abf0ce27faa8ad11446b6a52920b83afba,0ef42d54c0dcc81b4c039d47cb645174a92585cfb1644b520574d305a8857364,144469312,results/20261004-070000-ws25-formal-s21-b192-conga/raw/144469312/144469312_out_fct.txt,16384,12.64919219970703,12.2975,14.381100000000002,15.154,16.63168,16.712435233160623,36.92500000000001,45.92168674698795,19.596,192,794.6189791666667,701.0155,1243.3136000000002,1364.0049499999989,1518.37409,3.973447640640499,7.04726427660479,8.608556383732465,1519.023
20261004-070000-ws25-formal-s21-b192-letflow,20262521,192,letflow,ce699dffe2845dc83e2171a1c309c6d96b96d2b3,f2a3e21ae7393825f22ce9ef9f358c41422f5236e113b86ef6ea9333f0dd2553,74a6f7154ca10c3cd6dfd45046c4f8abf0ce27faa8ad11446b6a52920b83afba,1be85a3c182fc09474634592198e15c7a77ab50c28ff3c8377fc2d2575ffb54b,327357852,results/20261004-070000-ws25-formal-s21-b192-letflow/raw/327357852/327357852_out_fct.txt,16384,12.524974304199219,12.220500000000001,14.1964,14.84955,15.841339999999999,16.575129533678755,36.09759036144579,44.175357142857145,17.335,192,788.5355416666666,698.6400000000001,1200.5329000000002,1342.71485,1518.62149,3.9599829956071986,6.817420424331884,8.609133002692362,1518.94
20261004-070000-ws25-formal-s21-b192-conweave,20262521,192,conweave,ce699dffe2845dc83e2171a1c309c6d96b96d2b3,f2a3e21ae7393825f22ce9ef9f358c41422f5236e113b86ef6ea9333f0dd2553,74a6f7154ca10c3cd6dfd45046c4f8abf0ce27faa8ad11446b6a52920b83afba,34b7645f68756bf6846c2328a5107b3e6e68277ec6c871c04fab5a7f00520039,304101416,results/20261004-070000-ws25-formal-s21-b192-conweave/raw/304101416/304101416_out_fct.txt,16384,12.617757873535156,12.346,14.321,15.036850000000001,16.069679999999998,16.673575129533678,36.51114457831326,44.74443679479825,18.008,192,796.6612656249999,702.104,1213.3512,1342.71485,1518.63217,3.979617401161967,6.879067599518153,8.608025563270512,1518.943
20261004-070000-ws25-formal-s21-b192-classreserve,20262521,192,classreserve,ce699dffe2845dc83e2171a1c309c6d96b96d2b3,f2a3e21ae7393825f22ce9ef9f358c41422f5236e113b86ef6ea9333f0dd2553,74a6f7154ca10c3cd6dfd45046c4f8abf0ce27faa8ad11446b6a52920b83afba,b2d559e59ae490ebc56fac3e167f775ede0a9dce82b4b4099de144cf22f76816,851773385,results/20261004-070000-ws25-formal-s21-b192-classreserve/raw/851773385/851773385_out_fct.txt,16384,12.414006958007812,12.199,13.722700000000001,14.498700000000001,16.26319,16.322538860103627,35.55722891566265,44.99,17.999,192,796.2103177083334,703.6655000000001,1249.3311000000003,1439.6473999999996,1518.87217,3.988468187615134,7.083071634232988,8.609240017004392,1518.897
20261004-070000-ws25-formal-s22-b000-fecmp,20262522,0,fecmp,ce699dffe2845dc83e2171a1c309c6d96b96d2b3,a0a81205b440f1e36f5debd6d1150ea050a81b08eaaec23f42cf74d5e0b310cc,74a6f7154ca10c3cd6dfd45046c4f8abf0ce27faa8ad11446b6a52920b83afba,9e2737412f4cb566462fe13d65e9137b9fd0f3f58b551574e7a2d4384dbd519d,627371921,results/20261004-070000-ws25-formal-s22-b000-fecmp/raw/627371921/627371921_out_fct.txt,16384,12.203222900390625,12.052,13.1967,13.764850000000001,14.85487,16.1139896373057,35.08132530120482,44.58940476190477,15.651,0,,,,,,,,,
20261004-070000-ws25-formal-s22-b000-drill,20262522,0,drill,ce699dffe2845dc83e2171a1c309c6d96b96d2b3,a0a81205b440f1e36f5debd6d1150ea050a81b08eaaec23f42cf74d5e0b310cc,74a6f7154ca10c3cd6dfd45046c4f8abf0ce27faa8ad11446b6a52920b83afba,c99c0df7c2e9cad9205c58c1a7528b691048fa19162205b38fd99850d3fd58dc,233646256,results/20261004-070000-ws25-formal-s22-b000-drill/raw/233646256/233646256_out_fct.txt,16384,12.219084838867188,12.0565,13.245,13.86985,14.97968,16.14313471502591,35.12861445783133,44.85253968253968,15.707,0,,,,,,,,,
20261004-070000-ws25-formal-s22-b000-conga,20262522,0,conga,ce699dffe2845dc83e2171a1c309c6d96b96d2b3,a0a81205b440f1e36f5debd6d1150ea050a81b08eaaec23f42cf74d5e0b310cc,74a6f7154ca10c3cd6dfd45046c4f8abf0ce27faa8ad11446b6a52920b83afba,8551a8a6d27287d98f2e5ce6f353aa63b2a5778b587e85f73525b1bd3c25c64c,360809448,results/20261004-070000-ws25-formal-s22-b000-conga/raw/360809448/360809448_out_fct.txt,16384,12.307878356933594,12.089,13.5587,14.43685,15.88234,16.144430051813472,35.49698795180723,44.91572289156627,16.516,0,,,,,,,,,
20261004-070000-ws25-formal-s22-b000-letflow,20262522,0,letflow,ce699dffe2845dc83e2171a1c309c6d96b96d2b3,a0a81205b440f1e36f5debd6d1150ea050a81b08eaaec23f42cf74d5e0b310cc,74a6f7154ca10c3cd6dfd45046c4f8abf0ce27faa8ad11446b6a52920b83afba,8063e82aa77736b0cd2679e742f3aed354d663376af4e069323be58a755e1fa6,444750379,results/20261004-070000-ws25-formal-s22-b000-letflow/raw/444750379/444750379_out_fct.txt,16384,12.203882934570313,12.056,13.257,13.8427,14.627210000000002,16.123056994818654,35.10150602409639,44.55361111111112,15.686,0,,,,,,,,,
20261004-070000-ws25-formal-s22-b000-conweave,20262522,0,conweave,ce699dffe2845dc83e2171a1c309c6d96b96d2b3,a0a81205b440f1e36f5debd6d1150ea050a81b08eaaec23f42cf74d5e0b310cc,74a6f7154ca10c3cd6dfd45046c4f8abf0ce27faa8ad11446b6a52920b83afba,5a47adb1d7642fe002b29f4f9b5365a1688400bbc6d0f71215b0c8f38d2c406d,224358692,results/20261004-070000-ws25-formal-s22-b000-conweave/raw/224358692/224358692_out_fct.txt,16384,12.243749633789063,12.062,13.3597,13.94985,15.168339999999999,16.0919689119171,35.252108433734946,44.4756746031746,15.738,0,,,,,,,,,
20261004-070000-ws25-formal-s22-b000-classreserve,20262522,0,classreserve,ce699dffe2845dc83e2171a1c309c6d96b96d2b3,a0a81205b440f1e36f5debd6d1150ea050a81b08eaaec23f42cf74d5e0b310cc,74a6f7154ca10c3cd6dfd45046c4f8abf0ce27faa8ad11446b6a52920b83afba,7b738026c795d1320f29786363c03284ed785880884c7cc8fe97c294fd7d9565,261191815,results/20261004-070000-ws25-formal-s22-b000-classreserve/raw/261191815/261191815_out_fct.txt,16384,12.211451232910155,12.049,13.2797,13.894,14.803510000000001,16.08678756476684,35.061445783132534,44.82539682539682,15.656,0,,,,,,,,,
20261004-070000-ws25-formal-s22-b064-fecmp,20262522,64,fecmp,ce699dffe2845dc83e2171a1c309c6d96b96d2b3,57339c55553bbebfb542b4fe60504956027ceb3df3b63f8b207f94c19410cc5c,74a6f7154ca10c3cd6dfd45046c4f8abf0ce27faa8ad11446b6a52920b83afba,f284673913e106ef4a79ba781f7a266732ff2dfef01f2f8e99b5f040a71e0be7,5569215,results/20261004-070000-ws25-formal-s22-b064-fecmp/raw/5569215/5569215_out_fct.txt,16384,12.291914428710937,12.106,13.646,14.2087,14.848,16.23316062176166,35.31234939759037,44.08797619047619,15.739,64,387.84084375,358.62300000000005,516.8388,518.9435,538.4164599999999,2.032722119880969,2.929509990080771,3.0518149922063196,561.196
20261004-070000-ws25-formal-s22-b064-drill,20262522,64,drill,ce699dffe2845dc83e2171a1c309c6d96b96d2b3,57339c55553bbebfb542b4fe60504956027ceb3df3b63f8b207f94c19410cc5c,74a6f7154ca10c3cd6dfd45046c4f8abf0ce27faa8ad11446b6a52920b83afba,d1fb73de09680039d8024d04da5547a1f3b74f0976f8dac46691e08b9f795bbd,197274433,results/20261004-070000-ws25-formal-s22-b064-drill/raw/197274433/197274433_out_fct.txt,16384,12.264510437011719,12.119,13.3017,13.873,14.894,16.204663212435232,35.29126506024097,44.588730158730165,15.757,64,621.020390625,585.4939999999999,713.1529999999999,716.18005,751.7265199999999,3.3186566529686834,4.042244579849795,4.260884341788295,752.858
20261004-070000-ws25-formal-s22-b064-conga,20262522,64,conga,ce699dffe2845dc83e2171a1c309c6d96b96d2b3,57339c55553bbebfb542b4fe60504956027ceb3df3b63f8b207f94c19410cc5c,74a6f7154ca10c3cd6dfd45046c4f8abf0ce27faa8ad11446b6a52920b83afba,cbd7c7a1450083b401fb98ecb52ade80c647cf72ee462b2bd86934818b467cec,414866847,results/20261004-070000-ws25-formal-s22-b064-conga/raw/414866847/414866847_out_fct.txt,16384,12.404003356933593,12.147,13.973700000000001,14.754850000000001,15.69068,16.239637305699482,35.65572289156627,44.99964285714287,17.012,64,413.044609375,414.73900000000003,520.6133,523.5450500000001,576.2532999999999,2.3539460032866932,2.9509043502904917,3.269552406078059,624.253
20261004-070000-ws25-formal-s22-b064-letflow,20262522,64,letflow,ce699dffe2845dc83e2171a1c309c6d96b96d2b3,57339c55553bbebfb542b4fe60504956027ceb3df3b63f8b207f94c19410cc5c,74a6f7154ca10c3cd6dfd45046c4f8abf0ce27faa8ad11446b6a52920b83afba,5170e75adb971aab8f7159cd2c153f5a5aa851f54c55c0faac35eb39541780a6,516757317,results/20261004-070000-ws25-formal-s22-b064-letflow/raw/516757317/516757317_out_fct.txt,16384,12.300623413085937,12.113,13.69,14.155,14.976,16.2059585492228,35.309337349397595,44.40948412698413,16.285,64,390.17075,356.2835,518.5951,524.1252999999999,525.3511,2.019461527561287,2.9394649284398473,2.9777588210287655,526.504
20261004-070000-ws25-formal-s22-b064-conweave,20262522,64,conweave,ce699dffe2845dc83e2171a1c309c6d96b96d2b3,57339c55553bbebfb542b4fe60504956027ceb3df3b63f8b207f94c19410cc5c,74a6f7154ca10c3cd6dfd45046c4f8abf0ce27faa8ad11446b6a52920b83afba,d673cb65c1b99b9cffb3df6e57d4316a02192a374f883a2f379d9ffa5e8f004f,491406590,results/20261004-070000-ws25-formal-s22-b064-conweave/raw/491406590/491406590_out_fct.txt,16384,12.354420227050781,12.129,13.877,14.34385,15.00434,16.264248704663213,35.31746987951808,44.04035714285714,16.786,64,392.490875,363.2455,523.1342,525.9248,553.38001,2.0589230551225732,2.96519314156157,3.1366303528411503,553.678
20261004-070000-ws25-formal-s22-b064-classreserve,20262522,64,classreserve,ce699dffe2845dc83e2171a1c309c6d96b96d2b3,57339c55553bbebfb542b4fe60504956027ceb3df3b63f8b207f94c19410cc5c,74a6f7154ca10c3cd6dfd45046c4f8abf0ce27faa8ad11446b6a52920b83afba,1a05ae23cfbed24cf8913b5d8b855176c2b65c0fe199c1fb91014ab5de00eb8d,729178251,results/20261004-070000-ws25-formal-s22-b064-classreserve/raw/729178251/729178251_out_fct.txt,16384,12.309381591796875,12.106,13.634,14.31385,15.13885,16.173575129533678,35.066265060240966,44.33095238095239,15.737,64,384.7036875,350.2375,518.4595,520.63615,529.3886299999999,1.9851920079353833,2.9386963298852202,3.0006440697180103,538.964
20261004-070000-ws25-formal-s22-b128-fecmp,20262522,128,fecmp,ce699dffe2845dc83e2171a1c309c6d96b96d2b3,a12bcc8f4a731ff1231eef39f26d2ca55709a27175b11b2889cd4f8909fe74c1,74a6f7154ca10c3cd6dfd45046c4f8abf0ce27faa8ad11446b6a52920b83afba,82e8875cbcf082bc9d073b40d846d50ca3c029148cabddcdf84bb24d88d54dba,729027441,results/20261004-070000-ws25-formal-s22-b128-fecmp/raw/729027441/729027441_out_fct.txt,16384,12.413991760253905,12.161,14.013,14.459,15.444,16.35686528497409,35.60451807228916,44.08476190476191,16.441,128,600.820328125,562.2405,868.4204000000001,953.6560000000002,1238.84388,3.1903081047544903,4.922320532804307,7.021929318407256,1309.251
20261004-070000-ws25-formal-s22-b128-drill,20262522,128,drill,ce699dffe2845dc83e2171a1c309c6d96b96d2b3,a12bcc8f4a731ff1231eef39f26d2ca55709a27175b11b2889cd4f8909fe74c1,74a6f7154ca10c3cd6dfd45046c4f8abf0ce27faa8ad11446b6a52920b83afba,8c16f45df1100625f81424dfb5136842798629f519d0f35daffcf747b9359bc8,149612564,results/20261004-070000-ws25-formal-s22-b128-drill/raw/149612564/149612564_out_fct.txt,16384,12.3298515625,12.21,13.385,13.991850000000001,14.90751,16.330310880829014,35.41475903614458,44.45702380952381,15.713,128,820.9617734375,797.8315,1136.0165,1249.24325,1435.0668000000003,4.527848676138467,6.439090264985121,8.134146521184642,1506.253
20261004-070000-ws25-formal-s22-b128-conga,20262522,128,conga,ce699dffe2845dc83e2171a1c309c6d96b96d2b3,a12bcc8f4a731ff1231eef39f26d2ca55709a27175b11b2889cd4f8909fe74c1,74a6f7154ca10c3cd6dfd45046c4f8abf0ce27faa8ad11446b6a52920b83afba,ac985208ad6a621f3afac3d2b4e0f7165a493a5e303666b5914455c11ebedf1f,285328885,results/20261004-070000-ws25-formal-s22-b128-conga/raw/285328885/285328885_out_fct.txt,16384,12.606248901367188,12.246,14.551100000000002,15.128,16.35117,16.582901554404145,36.19578313253012,45.29694444444444,17.866,128,598.2442109375,592.969,856.0333,956.8274,1226.9843500000004,3.365192717317341,4.856007225196149,6.964679892305515,1258.931
20261004-070000-ws25-formal-s22-b128-letflow,20262522,128,letflow,ce699dffe2845dc83e2171a1c309c6d96b96d2b3,a12bcc8f4a731ff1231eef39f26d2ca55709a27175b11b2889cd4f8909fe74c1,74a6f7154ca10c3cd6dfd45046c4f8abf0ce27faa8ad11446b6a52920b83afba,ab0f671af4670a776bd07bd1cbd11dc42d04d8bc2f6f89462c4779ede23ac184,717190589,results/20261004-070000-ws25-formal-s22-b128-letflow/raw/717190589/717190589_out_fct.txt,16384,12.485368774414063,12.163,14.2207,14.864,15.94,16.403497409326427,35.49698795180723,44.88305555555556,17.972,128,608.3361953125,591.799,870.7695999999999,996.5836000000004,1227.6110500000004,3.359970889025472,4.935636105994048,6.958260167209865,1288.366
20261004-070000-ws25-formal-s22-b128-conweave,20262522,128,conweave,ce699dffe2845dc83e2171a1c309c6d96b96d2b3,a12bcc8f4a731ff1231eef39f26d2ca55709a27175b11b2889cd4f8909fe74c1,74a6f7154ca10c3cd6dfd45046c4f8abf0ce27faa8ad11446b6a52920b83afba,f359fc0da7576ee6cb88885bf7db4821036a35f66b7289fcc523cb55ab51abf2,637130498,results/20261004-070000-ws25-formal-s22-b128-conweave/raw/637130498/637130498_out_fct.txt,16384,12.520171508789062,12.182,14.167,14.71185,15.673,16.617875647668395,35.740060240963864,44.06484126984127,18.371,128,603.0252109375,575.175,884.2543,1025.7606,1097.4100600000002,3.264239230425413,5.012069151197392,6.231656861737137,1130.718
20261004-070000-ws25-formal-s22-b128-classreserve,20262522,128,classreserve,ce699dffe2845dc83e2171a1c309c6d96b96d2b3,a12bcc8f4a731ff1231eef39f26d2ca55709a27175b11b2889cd4f8909fe74c1,74a6f7154ca10c3cd6dfd45046c4f8abf0ce27faa8ad11446b6a52920b83afba,d4d7d4e4f805ee8ad275961e5f0aa69ed4a93db714fd2a18d00cfd00fd8c5e5f,174140633,results/20261004-070000-ws25-formal-s22-b128-classreserve/raw/174140633/174140633_out_fct.txt,16384,12.373484497070313,12.157499999999999,13.7897,14.36485,15.308,16.280440414507773,35.20512048192772,44.23015873015873,16.654,128,604.4804375,546.8395,873.2332,941.3726,1287.7211000000002,3.1007623636105994,4.953570951225928,7.298971801048606,1332.522
20261004-070000-ws25-formal-s22-b192-fecmp,20262522,192,fecmp,ce699dffe2845dc83e2171a1c309c6d96b96d2b3,b75d1938804a101ad2bffe08e54ac98734ed9f98bc7b6a549d88004655bd6769,74a6f7154ca10c3cd6dfd45046c4f8abf0ce27faa8ad11446b6a52920b83afba,4caf752445434f06ab52d298d2407d2799a087f5a9bdbcc39b18381ca8a20492,973946087,results/20261004-070000-ws25-formal-s22-b192-fecmp/raw/973946087/973946087_out_fct.txt,16384,12.478966064453125,12.18,14.1187,14.69785,15.80668,16.36917098445596,35.66475903614458,44.28706349206349,17.851,192,820.897109375,762.5485000000001,1329.018,1392.4421499999999,1600.6923100000001,4.322224741391526,7.550039492002159,9.072933597846111,1634.956
20261004-070000-ws25-formal-s22-b192-drill,20262522,192,drill,ce699dffe2845dc83e2171a1c309c6d96b96d2b3,b75d1938804a101ad2bffe08e54ac98734ed9f98bc7b6a549d88004655bd6769,74a6f7154ca10c3cd6dfd45046c4f8abf0ce27faa8ad11446b6a52920b83afba,425a232447f180000963cd8c1fb78a2cc026e62bcfd8133df97679db17cf4d26,605524695,results/20261004-070000-ws25-formal-s22-b192-drill/raw/605524695/605524695_out_fct.txt,16384,12.366723999023437,12.266,13.423,14.052400000000002,14.87317,16.378238341968913,35.674698795180724,44.38162698412698,15.717,192,981.39603125,912.7605,1452.2317,1560.16515,1662.79706,5.173646025223183,8.231439421850645,9.446299135544812,1757.96
20261004-070000-ws25-formal-s22-b192-conga,20262522,192,conga,ce699dffe2845dc83e2171a1c309c6d96b96d2b3,b75d1938804a101ad2bffe08e54ac98734ed9f98bc7b6a549d88004655bd6769,74a6f7154ca10c3cd6dfd45046c4f8abf0ce27faa8ad11446b6a52920b83afba,574dbdab67668f1c48d91a284169d02697f6fc346c104a15da446a6dd5e94407,241391843,results/20261004-070000-ws25-formal-s22-b192-conga/raw/241391843/241391843_out_fct.txt,16384,12.727767944335938,12.349,14.708,15.499,17.20534,16.737046632124354,36.74638554216868,46.252620481927714,21.628,192,801.2093645833334,721.165,1307.3279,1410.3973999999994,1520.4607,4.087657644891596,7.410105710641917,8.622572889800947,1617.019
20261004-070000-ws25-formal-s22-b192-letflow,20262522,192,letflow,ce699dffe2845dc83e2171a1c309c6d96b96d2b3,b75d1938804a101ad2bffe08e54ac98734ed9f98bc7b6a549d88004655bd6769,74a6f7154ca10c3cd6dfd45046c4f8abf0ce27faa8ad11446b6a52920b83afba,b7477632b65a837a579eed95ad64412b65687b50c61727ac657a04996be169e0,896788330,results/20261004-070000-ws25-formal-s22-b192-letflow/raw/896788330/896788330_out_fct.txt,16384,12.576213256835938,12.234,14.417,15.004850000000001,15.939680000000001,16.615284974093264,35.997289156626515,44.32984939759036,17.708,192,824.1676979166666,751.316,1348.0337000000002,1434.47275,1546.1032400000001,4.258557460677341,7.658119760623929,8.78344601645535,1630.19
20261004-070000-ws25-formal-s22-b192-conweave,20262522,192,conweave,ce699dffe2845dc83e2171a1c309c6d96b96d2b3,b75d1938804a101ad2bffe08e54ac98734ed9f98bc7b6a549d88004655bd6769,74a6f7154ca10c3cd6dfd45046c4f8abf0ce27faa8ad11446b6a52920b83afba,a39d79c5b829318abaa766457d02955a5f0d39c429015db5948ac293b3a4b9f8,528862095,results/20261004-070000-ws25-formal-s22-b192-conweave/raw/528862095/528862095_out_fct.txt,16384,12.64459796142578,12.273,14.412700000000001,15.222850000000001,16.58502,16.68458549222798,36.228012048192774,45.151686746987956,20.651,192,810.9339479166666,751.519,1323.7515,1383.6788999999997,1511.9395100000002,4.265015735054035,7.520100679722788,8.589364769511315,1579.09
20261004-070000-ws25-formal-s22-b192-classreserve,20262522,192,classreserve,ce699dffe2845dc83e2171a1c309c6d96b96d2b3,b75d1938804a101ad2bffe08e54ac98734ed9f98bc7b6a549d88004655bd6769,74a6f7154ca10c3cd6dfd45046c4f8abf0ce27faa8ad11446b6a52920b83afba,44881fca7881ebdc8607ca653f6f4d3f52550f9eb28ad1ed31890b4fb6be54cb,617948380,results/20261004-070000-ws25-formal-s22-b192-classreserve/raw/617948380/617948380_out_fct.txt,16384,12.440742004394531,12.167,13.998,14.50285,15.546339999999999,16.321891191709845,35.33855421686747,44.33670634920635,17.58,192,817.3990104166667,742.326,1314.2379,1448.1219999999998,1589.3071800000002,4.211653416717465,7.450851994520174,9.010511009911948,1663.805
20261004-070000-ws25-formal-s23-b000-fecmp,20262523,0,fecmp,ce699dffe2845dc83e2171a1c309c6d96b96d2b3,9e6a8fd74e95364ab4d49fa1fe4f6ddbbe55cd02a5551015e2c9df6118eb19c7,74a6f7154ca10c3cd6dfd45046c4f8abf0ce27faa8ad11446b6a52920b83afba,6b5a42be9af7272bfd9bf9f93581bfcd1eb2ea0d21a0cb97edf30c58ce638d88,789193511,results/20261004-070000-ws25-formal-s23-b000-fecmp/raw/789193511/789193511_out_fct.txt,16384,12.270226745605468,12.093499999999999,13.5427,13.90185,14.54668,16.199481865284973,35.32831325301205,44.177976190476194,15.231,0,,,,,,,,,
20261004-070000-ws25-formal-s23-b000-drill,20262523,0,drill,ce699dffe2845dc83e2171a1c309c6d96b96d2b3,9e6a8fd74e95364ab4d49fa1fe4f6ddbbe55cd02a5551015e2c9df6118eb19c7,74a6f7154ca10c3cd6dfd45046c4f8abf0ce27faa8ad11446b6a52920b83afba,8814dd476a0892727db6880df28a40a56d9c00308df234289e4bbb6d119e1960,758792398,results/20261004-070000-ws25-formal-s23-b000-drill/raw/758792398/758792398_out_fct.txt,16384,12.255595153808594,12.082,13.524,13.80385,14.500680000000001,16.125647668393782,35.00120481927711,44.32226190476191,15.204,0,,,,,,,,,
20261004-070000-ws25-formal-s23-b000-conga,20262523,0,conga,ce699dffe2845dc83e2171a1c309c6d96b96d2b3,9e6a8fd74e95364ab4d49fa1fe4f6ddbbe55cd02a5551015e2c9df6118eb19c7,74a6f7154ca10c3cd6dfd45046c4f8abf0ce27faa8ad11446b6a52920b83afba,ce3f401fa0086205d64b4659f4583f1143f284a5a3ea1787adcc6934edc838f2,963977658,results/20261004-070000-ws25-formal-s23-b000-conga/raw/963977658/963977658_out_fct.txt,16384,12.32130975341797,12.113,13.5547,14.078850000000001,15.66234,16.186528497409327,35.58433734939759,45.22795180722892,18.743,0,,,,,,,,,
20261004-070000-ws25-formal-s23-b000-letflow,20262523,0,letflow,ce699dffe2845dc83e2171a1c309c6d96b96d2b3,9e6a8fd74e95364ab4d49fa1fe4f6ddbbe55cd02a5551015e2c9df6118eb19c7,74a6f7154ca10c3cd6dfd45046c4f8abf0ce27faa8ad11446b6a52920b83afba,3ac626f3f8030f3b538751e7f98421d80ee2c7043d1c7cf8957125fa3c37f7f1,668665229,results/20261004-070000-ws25-formal-s23-b000-letflow/raw/668665229/668665229_out_fct.txt,16384,12.259487976074219,12.0855,13.524700000000001,13.826,14.59117,16.17098445595855,35.2289156626506,44.14420634920635,15.204,0,,,,,,,,,
20261004-070000-ws25-formal-s23-b000-conweave,20262523,0,conweave,ce699dffe2845dc83e2171a1c309c6d96b96d2b3,9e6a8fd74e95364ab4d49fa1fe4f6ddbbe55cd02a5551015e2c9df6118eb19c7,74a6f7154ca10c3cd6dfd45046c4f8abf0ce27faa8ad11446b6a52920b83afba,8672bfe732a9356f115cd296f991750f1f976f113cfa39a097eac72783d09221,356666657,results/20261004-070000-ws25-formal-s23-b000-conweave/raw/356666657/356666657_out_fct.txt,16384,12.337677856445312,12.134,13.628,14.05985,15.06387,16.25518134715026,35.49518072289157,44.26269841269841,16.408,0,,,,,,,,,
20261004-070000-ws25-formal-s23-b000-classreserve,20262523,0,classreserve,ce699dffe2845dc83e2171a1c309c6d96b96d2b3,9e6a8fd74e95364ab4d49fa1fe4f6ddbbe55cd02a5551015e2c9df6118eb19c7,74a6f7154ca10c3cd6dfd45046c4f8abf0ce27faa8ad11446b6a52920b83afba,73ca9076f5bac5c53643c42ad8ae0856b650f5e8c59455849f4d2e9af8da911e,146261242,results/20261004-070000-ws25-formal-s23-b000-classreserve/raw/146261242/146261242_out_fct.txt,16384,12.254447937011719,12.076,13.542,13.84085,14.41517,16.082253886010363,34.93283132530121,44.22559523809524,15.187,0,,,,,,,,,
20261004-070000-ws25-formal-s23-b064-fecmp,20262523,64,fecmp,ce699dffe2845dc83e2171a1c309c6d96b96d2b3,0d71b11c757b2e2d5ec95cd10fe35cc8917e41779b3c1d405a3c19ae95728bf7,74a6f7154ca10c3cd6dfd45046c4f8abf0ce27faa8ad11446b6a52920b83afba,ae1a5589d0592ded8554545f1754ad6980555217677e24eef1d629dbb45f51d0,630968497,results/20261004-070000-ws25-formal-s23-b064-fecmp/raw/630968497/630968497_out_fct.txt,16384,12.34893292236328,12.186,13.619,14.073550000000001,15.192,16.394430051813472,35.66385542168675,44.18194444444445,16.122,64,450.10134375,450.0095,649.6313000000001,671.63705,931.6368,2.553903049283176,3.6821952671106715,5.286520012761631,948.546
20261004-070000-ws25-formal-s23-b064-drill,20262523,64,drill,ce699dffe2845dc83e2171a1c309c6d96b96d2b3,0d71b11c757b2e2d5ec95cd10fe35cc8917e41779b3c1d405a3c19ae95728bf7,74a6f7154ca10c3cd6dfd45046c4f8abf0ce27faa8ad11446b6a52920b83afba,807f1e214436dc843f136f4832f4ba933b1c3b263f8a82a0aa4e9767761215e2,50629380,results/20261004-070000-ws25-formal-s23-b064-drill/raw/50629380/50629380_out_fct.txt,16384,12.302353149414062,12.1555,13.537,13.83685,14.53234,16.21113989637306,35.28524096385543,44.45634920634921,15.253,64,672.12990625,653.9929999999999,829.7728,1110.5084000000002,1152.3442699999998,3.7069179538047328,4.7032608757262295,6.534456103795092,1161.965
20261004-070000-ws25-formal-s23-b064-conga,20262523,64,conga,ce699dffe2845dc83e2171a1c309c6d96b96d2b3,0d71b11c757b2e2d5ec95cd10fe35cc8917e41779b3c1d405a3c19ae95728bf7,74a6f7154ca10c3cd6dfd45046c4f8abf0ce27faa8ad11446b6a52920b83afba,ce28b8a72ca362fd8d01b5225fa815a84536d92327168302724eb0e82d509034,734559399,results/20261004-070000-ws25-formal-s23-b064-conga/raw/734559399/734559399_out_fct.txt,16384,12.433042785644531,12.232,13.8437,14.357,15.185,16.48380829015544,36.529216867469884,43.98876984126984,16.228,64,449.148375,474.40999999999997,670.5542,846.3224000000001,1073.0882199999999,2.6923793781634253,3.8007890038259884,6.093524014217017,1106.671
20261004-070000-ws25-formal-s23-b064-letflow,20262523,64,letflow,ce699dffe2845dc83e2171a1c309c6d96b96d2b3,0d71b11c757b2e2d5ec95cd10fe35cc8917e41779b3c1d405a3c19ae95728bf7,74a6f7154ca10c3cd6dfd45046c4f8abf0ce27faa8ad11446b6a52920b83afba,faa90999c397c879d95ebe5fb9730e9b628f03e4243cc6eda3994d96f531bfef,352818517,results/20261004-070000-ws25-formal-s23-b064-letflow/raw/352818517/352818517_out_fct.txt,16384,12.339758117675782,12.18,13.623,14.011,14.748,16.373056994818654,35.60451807228916,44.16337301587301,16.303,64,431.569234375,418.4335,671.6261,772.72945,873.519,2.37481750792838,3.806864673373955,4.951220065183506,884.292
20261004-070000-ws25-formal-s23-b064-conweave,20262523,64,conweave,ce699dffe2845dc83e2171a1c309c6d96b96d2b3,0d71b11c757b2e2d5ec95cd10fe35cc8917e41779b3c1d405a3c19ae95728bf7,74a6f7154ca10c3cd6dfd45046c4f8abf0ce27faa8ad11446b6a52920b83afba,816a7d171d228f79f65218407a319115a760e115177c5a00ec5e68eef8ca104e,996602631,results/20261004-070000-ws25-formal-s23-b064-conweave/raw/996602631/996602631_out_fct.txt,16384,12.401399597167968,12.2065,13.745,14.126850000000001,15.081,16.48380829015544,35.582530120481934,44.11246031746032,17.992,64,455.633875,460.57349999999997,675.1494,721.04105,905.6915499999998,2.6138127444768466,3.8268351990930993,5.142813107288155,958.243
20261004-070000-ws25-formal-s23-b064-classreserve,20262523,64,classreserve,ce699dffe2845dc83e2171a1c309c6d96b96d2b3,0d71b11c757b2e2d5ec95cd10fe35cc8917e41779b3c1d405a3c19ae95728bf7,74a6f7154ca10c3cd6dfd45046c4f8abf0ce27faa8ad11446b6a52920b83afba,adfa2142b6455c92bcd1d6918c476604370c655123fa2ddb1c76707f9cda4749,436220860,results/20261004-070000-ws25-formal-s23-b064-classreserve/raw/436220860/436220860_out_fct.txt,16384,12.319595703125,12.1385,13.591,13.939,14.66551,16.403497409326427,35.231024096385546,44.10736230636833,15.599,64,448.220078125,461.8775,670.8731,756.7758000000001,923.6324899999997,2.6211930042748235,3.802596570780785,5.24148733751093,1002.872
20261004-070000-ws25-formal-s23-b128-fecmp,20262523,128,fecmp,ce699dffe2845dc83e2171a1c309c6d96b96d2b3,27d89e9b69442d7f4c27a2edbf0d9a74259d2b6efc16d99365bad8c01f429bd5,74a6f7154ca10c3cd6dfd45046c4f8abf0ce27faa8ad11446b6a52920b83afba,157572fc2546af2346c91c74d8bc5161438be648464c64b4ee5e9591b9e333f9,695279772,results/20261004-070000-ws25-formal-s23-b128-fecmp/raw/695279772/695279772_out_fct.txt,16384,12.44484423828125,12.269,13.832,14.366,15.399339999999999,16.474093264248705,35.94277108433735,44.12997513864984,17.092,128,599.35234375,524.6495,964.2128,1015.53445,1084.1966,2.9737820603655942,5.4687941369492625,6.145368286807425,1086.824
20261004-070000-ws25-formal-s23-b128-drill,20262523,128,drill,ce699dffe2845dc83e2171a1c309c6d96b96d2b3,27d89e9b69442d7f4c27a2edbf0d9a74259d2b6efc16d99365bad8c01f429bd5,74a6f7154ca10c3cd6dfd45046c4f8abf0ce27faa8ad11446b6a52920b83afba,0dad18528ec2a3c409df61cb2dd9ddd9b780b3d1d3faca5e0c5af00d5e2a0bf6,406107231,results/20261004-070000-ws25-formal-s23-b128-drill/raw/406107231/406107231_out_fct.txt,16384,12.344073425292969,12.248,13.5317,13.801,14.50717,16.319948186528496,35.550301204819284,44.26130952380952,15.209,128,782.7860625,716.55,1066.3893,1129.5578500000001,1172.70631,4.061499220631997,6.044434178829531,6.65150724331196,1221.083
20261004-070000-ws25-formal-s23-b128-conga,20262523,128,conga,ce699dffe2845dc83e2171a1c309c6d96b96d2b3,27d89e9b69442d7f4c27a2edbf0d9a74259d2b6efc16d99365bad8c01f429bd5,74a6f7154ca10c3cd6dfd45046c4f8abf0ce27faa8ad11446b6a52920b83afba,77a81144c94e37a2f13224239617d7f8598a0a413a1f62c008c2539b88012092,26278282,results/20261004-070000-ws25-formal-s23-b128-conga/raw/26278282/26278282_out_fct.txt,16384,12.595390197753906,12.2745,14.4147,15.1247,16.46404,16.537564766839377,36.550301204819284,45.57674603174603,19.154,128,599.648171875,530.5995,986.1913999999999,1015.5349,1015.57376,3.0075074394218504,5.601317257743238,5.756427547116338,1015.578
20261004-070000-ws25-formal-s23-b128-letflow,20262523,128,letflow,ce699dffe2845dc83e2171a1c309c6d96b96d2b3,27d89e9b69442d7f4c27a2edbf0d9a74259d2b6efc16d99365bad8c01f429bd5,74a6f7154ca10c3cd6dfd45046c4f8abf0ce27faa8ad11446b6a52920b83afba,6aba56e027585b5bf964f59bf6a63d866aec73761d71505b640f427292c9ac77,79326648,results/20261004-070000-ws25-formal-s23-b128-letflow/raw/79326648/79326648_out_fct.txt,16384,12.488458435058593,12.297,13.848700000000001,14.3687,15.83985,16.560880829015545,36.04216867469879,43.992738095238096,17.363,128,584.94740625,526.8065,1001.2842999999999,1015.5074,1015.60209,2.986008218789854,5.675725095649709,5.765102730370493,1123.091
20261004-070000-ws25-formal-s23-b128-conweave,20262523,128,conweave,ce699dffe2845dc83e2171a1c309c6d96b96d2b3,27d89e9b69442d7f4c27a2edbf0d9a74259d2b6efc16d99365bad8c01f429bd5,74a6f7154ca10c3cd6dfd45046c4f8abf0ce27faa8ad11446b6a52920b83afba,7591c9f04363044c63316e5a6824d2a780a896ad53392d390e7027a1328d1118,383414763,results/20261004-070000-ws25-formal-s23-b128-conweave/raw/383414763/383414763_out_fct.txt,16384,12.547479431152343,12.306,14.039,14.746,15.799,16.658678756476682,36.153614457831324,44.492063492063494,17.591,128,594.289890625,525.114,1013.1972,1015.53445,1017.04809,2.976414907184356,5.74293439138444,5.765386135506472,1031.615
20261004-070000-ws25-formal-s23-b128-classreserve,20262523,128,classreserve,ce699dffe2845dc83e2171a1c309c6d96b96d2b3,27d89e9b69442d7f4c27a2edbf0d9a74259d2b6efc16d99365bad8c01f429bd5,74a6f7154ca10c3cd6dfd45046c4f8abf0ce27faa8ad11446b6a52920b83afba,8548f61c2661f7d82e52410ceb0b4ed1ca63292ecbf529ccd5c5ca6c79aec146,453618827,results/20261004-070000-ws25-formal-s23-b128-classreserve/raw/453618827/453618827_out_fct.txt,16384,12.384125610351562,12.2005,13.714400000000001,14.174,14.85834,16.425518134715027,35.44006024096387,44.03924603174603,16.495,128,600.4613515625,525.678,984.5130999999999,1015.38945,1015.6276399999999,2.9796117330310334,5.580349156865522,5.765156294207817,1036.695
20261004-070000-ws25-formal-s23-b192-fecmp,20262523,192,fecmp,ce699dffe2845dc83e2171a1c309c6d96b96d2b3,b290dc7ca5a0227bf4d166338bbf7e888a6d75df9264cdde07c7b54de9a46fee,74a6f7154ca10c3cd6dfd45046c4f8abf0ce27faa8ad11446b6a52920b83afba,a24dff1d8bf7c7caf481635208ac7b985bc53f09fd7502aa236fcddd9b02a1a0,339262026,results/20261004-070000-ws25-formal-s23-b192-fecmp/raw/339262026/339262026_out_fct.txt,16384,12.528934143066406,12.294,14.1597,14.75985,15.86517,16.53886010362694,36.01626506024097,44.53724086823485,17.864,192,826.0107083333334,735.692,1361.5934,1532.9975999999997,1823.0784500000002,4.169998582967267,7.722359653633027,10.333447357233952,1887.538
20261004-070000-ws25-formal-s23-b192-drill,20262523,192,drill,ce699dffe2845dc83e2171a1c309c6d96b96d2b3,b290dc7ca5a0227bf4d166338bbf7e888a6d75df9264cdde07c7b54de9a46fee,74a6f7154ca10c3cd6dfd45046c4f8abf0ce27faa8ad11446b6a52920b83afba,fd0ff162f3c94b153718018f9ebbd53b8661584025461fc10ef4f1230982814d,612873086,results/20261004-070000-ws25-formal-s23-b192-drill/raw/612873086/612873086_out_fct.txt,16384,12.42315985107422,12.299,13.642,13.92885,14.604339999999999,16.531088082901555,35.700903614457836,44.136944444444445,15.21,192,993.33859375,881.6375,1533.6112,1688.0184499999998,1901.83255,4.99723678616976,8.693149309051709,10.779835907609467,2085.241
20261004-070000-ws25-formal-s23-b192-conga,20262523,192,conga,ce699dffe2845dc83e2171a1c309c6d96b96d2b3,b290dc7ca5a0227bf4d166338bbf7e888a6d75df9264cdde07c7b54de9a46fee,74a6f7154ca10c3cd6dfd45046c4f8abf0ce27faa8ad11446b6a52920b83afba,5acfca026b5c1c447c7bf7245b1b4fbb6e7d8e31d5a1ecab5e9c314765f340cd,963653753,results/20261004-070000-ws25-formal-s23-b192-conga/raw/963653753/963653753_out_fct.txt,16384,12.659861328125,12.375,14.4387,15.118,16.12417,16.67681347150259,37.153614457831324,45.2386507936508,18.109,192,822.7777395833333,762.1455,1386.3065000000001,1503.0365,1616.5983900000006,4.321292333852911,7.857766756412073,9.163091341930002,1846.822
20261004-070000-ws25-formal-s23-b192-letflow,20262523,192,letflow,ce699dffe2845dc83e2171a1c309c6d96b96d2b3,b290dc7ca5a0227bf4d166338bbf7e888a6d75df9264cdde07c7b54de9a46fee,74a6f7154ca10c3cd6dfd45046c4f8abf0ce27faa8ad11446b6a52920b83afba,813921f02d66842409f42033696f2be3a85ac0140f48c58b2b7b92432a37dbd7,635183371,results/20261004-070000-ws25-formal-s23-b192-letflow/raw/635183371/635183371_out_fct.txt,16384,12.558341003417969,12.279499999999999,14.2147,14.804,15.84351,16.588082901554404,36.027409638554225,44.534444444444446,19.779,192,823.5228489583333,733.727,1359.3267,1498.0950999999995,1846.35056,4.158860705682301,7.705017429502622,10.471629790736067,2023.143
20261004-070000-ws25-formal-s23-b192-conweave,20262523,192,conweave,ce699dffe2845dc83e2171a1c309c6d96b96d2b3,b290dc7ca5a0227bf4d166338bbf7e888a6d75df9264cdde07c7b54de9a46fee,74a6f7154ca10c3cd6dfd45046c4f8abf0ce27faa8ad11446b6a52920b83afba,f988dcfb1e3f774a2fcc805b173d1c96d040a371760211ac186a0438e6e37119,383078655,results/20261004-070000-ws25-formal-s23-b192-conweave/raw/383078655/383078655_out_fct.txt,16384,12.627197448730469,12.313500000000001,14.432,14.985850000000001,15.90151,16.685233160621763,36.11385542168675,44.675357142857145,18.16,192,814.3925833333334,699.448,1359.4597,1530.9680499999993,1733.0735900000002,3.964562845401729,7.7056692645600116,9.823288026073403,1814.337
20261004-070000-ws25-formal-s23-b192-classreserve,20262523,192,classreserve,ce699dffe2845dc83e2171a1c309c6d96b96d2b3,b290dc7ca5a0227bf4d166338bbf7e888a6d75df9264cdde07c7b54de9a46fee,74a6f7154ca10c3cd6dfd45046c4f8abf0ce27faa8ad11446b6a52920b83afba,6d1bd0dac5523e2cc4bd8a8cdba020e87250bc46fa7bf42ab2e448b5cc5f3ab9,759343785,results/20261004-070000-ws25-formal-s23-b192-classreserve/raw/759343785/759343785_out_fct.txt,16384,12.472419860839844,12.241,13.88,14.4297,16.18485,16.53821243523316,35.424698795180724,44.52364457831326,17.309,192,829.3602239583333,734.033,1373.4275,1558.8937999999998,1731.05299,4.1605951537480514,7.784766898115346,9.838186736153915,1786.5
20261004-070000-ws25-formal-s24-b000-fecmp,20262524,0,fecmp,ce699dffe2845dc83e2171a1c309c6d96b96d2b3,962d40d5be1d831c6192da3b8b20981af287cadaa4c2efefe02477e3584c4a0c,74a6f7154ca10c3cd6dfd45046c4f8abf0ce27faa8ad11446b6a52920b83afba,b1be8ff1aab06daee1fa8a10223c51c3c35358762106e841ce5ca27d53fb1d38,778086415,results/20261004-070000-ws25-formal-s24-b000-fecmp/raw/778086415/778086415_out_fct.txt,16384,12.308838256835937,12.097,13.671,14.04085,14.591339999999999,16.253886010362695,35.3222891566265,44.064166666666665,15.493,0,,,,,,,,,
20261004-070000-ws25-formal-s24-b000-drill,20262524,0,drill,ce699dffe2845dc83e2171a1c309c6d96b96d2b3,962d40d5be1d831c6192da3b8b20981af287cadaa4c2efefe02477e3584c4a0c,74a6f7154ca10c3cd6dfd45046c4f8abf0ce27faa8ad11446b6a52920b83afba,5747b6e4a3f0b3a337e3ec265e54e2fcbc8e3d2cf068b38db2a795dba25e4c63,880916442,results/20261004-070000-ws25-formal-s24-b000-drill/raw/880916442/880916442_out_fct.txt,16384,12.29953106689453,12.137,13.625,13.96185,14.592170000000001,16.2279792746114,35.44277108433735,44.16277777777778,15.528,0,,,,,,,,,
20261004-070000-ws25-formal-s24-b000-conga,20262524,0,conga,ce699dffe2845dc83e2171a1c309c6d96b96d2b3,962d40d5be1d831c6192da3b8b20981af287cadaa4c2efefe02477e3584c4a0c,74a6f7154ca10c3cd6dfd45046c4f8abf0ce27faa8ad11446b6a52920b83afba,20428a12a5742fff68f6469b7bef2e3761a1e38226bd7bdf98747d252eef649f,976139645,results/20261004-070000-ws25-formal-s24-b000-conga/raw/976139645/976139645_out_fct.txt,16384,12.368971862792968,12.152,13.786700000000002,14.26185,15.096,16.318652849740932,36.080421686746995,44.803253012048195,16.19,0,,,,,,,,,
20261004-070000-ws25-formal-s24-b000-letflow,20262524,0,letflow,ce699dffe2845dc83e2171a1c309c6d96b96d2b3,962d40d5be1d831c6192da3b8b20981af287cadaa4c2efefe02477e3584c4a0c,74a6f7154ca10c3cd6dfd45046c4f8abf0ce27faa8ad11446b6a52920b83afba,a947313eaef84913e5ddbe85098e010d43413ef80c1dd12571d0ecaf5d3b9809,577748396,results/20261004-070000-ws25-formal-s24-b000-letflow/raw/577748396/577748396_out_fct.txt,16384,12.29709619140625,12.104,13.604,13.92285,14.508,16.24481865284974,35.41867469879518,44.01063492063492,15.5,0,,,,,,,,,
20261004-070000-ws25-formal-s24-b000-conweave,20262524,0,conweave,ce699dffe2845dc83e2171a1c309c6d96b96d2b3,962d40d5be1d831c6192da3b8b20981af287cadaa4c2efefe02477e3584c4a0c,74a6f7154ca10c3cd6dfd45046c4f8abf0ce27faa8ad11446b6a52920b83afba,56a6b989c916ed79ac584cec3248c635643a9be007767ffc8b6e9a315509c192,157561913,results/20261004-070000-ws25-formal-s24-b000-conweave/raw/157561913/157561913_out_fct.txt,16384,12.334440063476562,12.148,13.633700000000001,13.987,14.562339999999999,16.440414507772022,35.60451807228916,43.891666666666666,15.472,0,,,,,,,,,
20261004-070000-ws25-formal-s24-b000-classreserve,20262524,0,classreserve,ce699dffe2845dc83e2171a1c309c6d96b96d2b3,962d40d5be1d831c6192da3b8b20981af287cadaa4c2efefe02477e3584c4a0c,74a6f7154ca10c3cd6dfd45046c4f8abf0ce27faa8ad11446b6a52920b83afba,ee2ed8af12a14e9daa6f433fde5a74512462da919f2d58984565127453a844d6,323961228,results/20261004-070000-ws25-formal-s24-b000-classreserve/raw/323961228/323961228_out_fct.txt,16384,12.30341064453125,12.143,13.614,13.959,14.620339999999999,16.235751295336787,35.399698795180726,44.11507936507937,15.53,0,,,,,,,,,
20261004-070000-ws25-formal-s24-b064-fecmp,20262524,64,fecmp,ce699dffe2845dc83e2171a1c309c6d96b96d2b3,b47f2dc0cb0123b4eaecee680c73858dd545943701e66d0b2bae4db30165d2e2,74a6f7154ca10c3cd6dfd45046c4f8abf0ce27faa8ad11446b6a52920b83afba,3688d2d84632450528ce978e941d99bd353cfab1e3311ea995b9fdc5382109f8,947857984,results/20261004-070000-ws25-formal-s24-b064-fecmp/raw/947857984/947857984_out_fct.txt,16384,12.38190057373047,12.173,13.735700000000001,14.11,15.537170000000001,16.400259067357513,35.82740963855422,44.62293650793651,18.012,64,438.2285625,416.5385,634.9920999999999,681.86805,736.5707299999999,2.3643109316295132,3.5992183647442255,4.181402450074033,765.758
20261004-070000-ws25-formal-s24-b064-drill,20262524,64,drill,ce699dffe2845dc83e2171a1c309c6d96b96d2b3,b47f2dc0cb0123b4eaecee680c73858dd545943701e66d0b2bae4db30165d2e2,74a6f7154ca10c3cd6dfd45046c4f8abf0ce27faa8ad11446b6a52920b83afba,63cdace0fd30eafc072dfb59be98ffec7163c135ece052e109254bc63bb8c377,760972778,results/20261004-070000-ws25-formal-s24-b064-drill/raw/760972778/760972778_out_fct.txt,16384,12.343923461914063,12.18,13.664,14.048,14.647,16.33678756476684,35.51415662650603,44.04761904761905,15.593,64,659.593484375,637.4765,862.5715000000001,888.6701,913.15231,3.6133002692362197,4.892740738089543,5.175866855604364,913.759
20261004-070000-ws25-formal-s24-b064-conga,20262524,64,conga,ce699dffe2845dc83e2171a1c309c6d96b96d2b3,b47f2dc0cb0123b4eaecee680c73858dd545943701e66d0b2bae4db30165d2e2,74a6f7154ca10c3cd6dfd45046c4f8abf0ce27faa8ad11446b6a52920b83afba,84fc421258e4a86c2d225c684bc0cdf29d73e1bbdfd64554b0e23d232c579b58,491593773,results/20261004-070000-ws25-formal-s24-b064-conga/raw/491593773/491593773_out_fct.txt,16384,12.476081665039063,12.31,13.837,14.31685,15.112680000000001,16.568652849740932,36.779216867469884,44.30301587301588,16.103,64,437.420671875,470.34299999999996,638.3482,681.82205,773.38522,2.669166873365082,3.6209440917760856,4.383648689244722,780.13
20261004-070000-ws25-formal-s24-b064-letflow,20262524,64,letflow,ce699dffe2845dc83e2171a1c309c6d96b96d2b3,b47f2dc0cb0123b4eaecee680c73858dd545943701e66d0b2bae4db30165d2e2,74a6f7154ca10c3cd6dfd45046c4f8abf0ce27faa8ad11446b6a52920b83afba,dcffcc6364a8a3cf924a7d52a7fbadbfaf7c65996e5892b1334780a29ce71c7c,654340433,results/20261004-070000-ws25-formal-s24-b064-letflow/raw/654340433/654340433_out_fct.txt,16384,12.375782043457031,12.195,13.677,14.047,14.759,16.44300518134715,35.92530120481929,43.80428571428572,16.345,64,441.57665625,490.0235,637.4646,679.1693,716.1732199999998,2.778162134592955,3.613232818478107,4.059363582258749,774.704
20261004-070000-ws25-formal-s24-b064-conweave,20262524,64,conweave,ce699dffe2845dc83e2171a1c309c6d96b96d2b3,b47f2dc0cb0123b4eaecee680c73858dd545943701e66d0b2bae4db30165d2e2,74a6f7154ca10c3cd6dfd45046c4f8abf0ce27faa8ad11446b6a52920b83afba,dbb3db7d033d75b95dbcdf95b7cc4cfbbf1efe9016f6d8448c88d7aa9b6593cb,816847136,results/20261004-070000-ws25-formal-s24-b064-conweave/raw/816847136/816847136_out_fct.txt,16384,12.454400817871093,12.28,13.775,14.299,15.12017,16.607512953367877,36.360542168674705,43.99147590361446,15.93,64,440.94259375,411.8145,657.7205,682.30805,707.1999199999999,2.337406634192406,3.7313525603408566,4.014726427069461,724.22
20261004-070000-ws25-formal-s24-b064-classreserve,20262524,64,classreserve,ce699dffe2845dc83e2171a1c309c6d96b96d2b3,b47f2dc0cb0123b4eaecee680c73858dd545943701e66d0b2bae4db30165d2e2,74a6f7154ca10c3cd6dfd45046c4f8abf0ce27faa8ad11446b6a52920b83afba,a3a0c82c84ecc099e7f3672f188d30a9b85cde904ab1d3b4ad9e1877292cea85,681830561,results/20261004-070000-ws25-formal-s24-b064-classreserve/raw/681830561/681830561_out_fct.txt,16384,12.367959228515625,12.194500000000001,13.681700000000001,13.985,14.683,16.43717616580311,35.524096385542165,43.946468253968256,15.941,64,430.09715625,367.036,660.7647000000001,678.53635,704.6489199999999,2.080408105427235,3.7461816635964293,3.9940423409380745,745.735
20261004-070000-ws25-formal-s24-b128-fecmp,20262524,128,fecmp,ce699dffe2845dc83e2171a1c309c6d96b96d2b3,16ef934839184ee24cd5e267ed3f5b2b2dbdd66a034c621b7b9552bc8a333e51,74a6f7154ca10c3cd6dfd45046c4f8abf0ce27faa8ad11446b6a52920b83afba,0784cbc9746b679b7f52887571b5b0c65cd6111d0ca563d1d1e1214991547256,985442512,results/20261004-070000-ws25-formal-s24-b128-fecmp/raw/985442512/985442512_out_fct.txt,16384,12.487505554199219,12.216,13.991700000000002,14.551,16.35802,16.5220207253886,36.015060240963855,44.83619047619048,18.317,128,589.0517109375,533.738,872.2543,979.7784499999999,1114.9720399999999,3.025296868357659,4.9440515799914975,6.319807510273487,1221.288
20261004-070000-ws25-formal-s24-b128-drill,20262524,128,drill,ce699dffe2845dc83e2171a1c309c6d96b96d2b3,16ef934839184ee24cd5e267ed3f5b2b2dbdd66a034c621b7b9552bc8a333e51,74a6f7154ca10c3cd6dfd45046c4f8abf0ce27faa8ad11446b6a52920b83afba,d9d57525a3f326c03cebed692457242a35a5e21d659fefc7375c03fc799459b9,377394809,results/20261004-070000-ws25-formal-s24-b128-drill/raw/377394809/377394809_out_fct.txt,16384,12.39950146484375,12.2425,13.709,14.097,14.724,16.46761658031088,35.795180722891565,44.023809523809526,15.617,128,775.9871171875,732.6855,1054.8749,1112.18795,1369.0191200000006,4.15817126766423,5.979169052005101,7.759779623069297,1460.107
20261004-070000-ws25-formal-s24-b128-conga,20262524,128,conga,ce699dffe2845dc83e2171a1c309c6d96b96d2b3,16ef934839184ee24cd5e267ed3f5b2b2dbdd66a034c621b7b9552bc8a333e51,74a6f7154ca10c3cd6dfd45046c4f8abf0ce27faa8ad11446b6a52920b83afba,4fbad0eea750df7ead95b9ef03c49a3ad8563fdb03b15ff89f7cc0d8e367ea2f,891864326,results/20261004-070000-ws25-formal-s24-b128-conga/raw/891864326/891864326_out_fct.txt,16384,12.63117657470703,12.351,14.323400000000001,14.935,16.234530000000003,16.735751295336787,37.07259036144579,45.53896825396826,18.649,128,588.199203125,536.467,880.7052999999999,964.3314499999999,1244.6016200000001,3.040765197676066,4.991952954513248,7.054564942610175,1313.304
20261004-070000-ws25-formal-s24-b128-letflow,20262524,128,letflow,ce699dffe2845dc83e2171a1c309c6d96b96d2b3,16ef934839184ee24cd5e267ed3f5b2b2dbdd66a034c621b7b9552bc8a333e51,74a6f7154ca10c3cd6dfd45046c4f8abf0ce27faa8ad11446b6a52920b83afba,38a07dae05722c247a54db27d0084f7c139d4b4e397592953778a98ed83e935a,93798426,results/20261004-070000-ws25-formal-s24-b128-letflow/raw/93798426/93798426_out_fct.txt,16384,12.480603942871094,12.276,13.941,14.40485,15.53968,16.566062176165804,36.15572289156627,44.68123493975904,17.141,128,589.3886015625,551.218,892.6755999999999,1006.34545,1171.5341200000003,3.1243757970809125,5.059802182230409,6.64040878560295,1223.475
20261004-070000-ws25-formal-s24-b128-conweave,20262524,128,conweave,ce699dffe2845dc83e2171a1c309c6d96b96d2b3,16ef934839184ee24cd5e267ed3f5b2b2dbdd66a034c621b7b9552bc8a333e51,74a6f7154ca10c3cd6dfd45046c4f8abf0ce27faa8ad11446b6a52920b83afba,96d359a0ac5d951ca5779654d29ac56d8d9b57f3f9ba0143e536767caeb7c3a2,471306319,results/20261004-070000-ws25-formal-s24-b128-conweave/raw/471306319/471306319_out_fct.txt,16384,12.603509704589843,12.404,14.247,14.738,15.87068,16.742875647668395,36.600602409638554,44.269831229680634,17.319,128,589.6455,535.8525,865.4933,1004.7323,1097.0803799999999,3.037282131217231,4.9057293467479095,6.218395238770015,1109.343
20261004-070000-ws25-formal-s24-b128-classreserve,20262524,128,classreserve,ce699dffe2845dc83e2171a1c309c6d96b96d2b3,16ef934839184ee24cd5e267ed3f5b2b2dbdd66a034c621b7b9552bc8a333e51,74a6f7154ca10c3cd6dfd45046c4f8abf0ce27faa8ad11446b6a52920b83afba,0d1746407a21b5a9bc323e4d0966eb62d477efbe93d13dd471e0233f97247997,607174881,results/20261004-070000-ws25-formal-s24-b128-classreserve/raw/607174881/607174881_out_fct.txt,16384,12.417132873535156,12.199,13.8537,14.25785,15.56217,16.443652849740932,35.55632530120482,44.576071428571424,16.433,128,582.3367421875,534.861,886.0114999999998,984.9094000000007,1219.08973,3.031662179396344,5.026568144671562,6.909960209720844,1248.385
20261004-070000-ws25-formal-s24-b192-fecmp,20262524,192,fecmp,ce699dffe2845dc83e2171a1c309c6d96b96d2b3,d72f0f360d89dd3504c4cba730d903e1d939400ff2abd3566cf0428f4e59e2e3,74a6f7154ca10c3cd6dfd45046c4f8abf0ce27faa8ad11446b6a52920b83afba,48453a24b8c32fdd0d44bea7bfefbf40fcfb4cf96ac05a1c5e9cba544e70b834,20430820,results/20261004-070000-ws25-formal-s24-b192-fecmp/raw/20430820/20430820_out_fct.txt,16384,12.582449157714844,12.326,14.125,14.974250000000001,16.765400000000003,16.724093264248705,36.44397590361446,45.372261904761906,19.671,192,718.6949427083333,689.0955,1138.7915000000005,1159.85045,1300.2713400000005,3.9075193893272937,6.457278163525579,7.370108204619529,1436.128
20261004-070000-ws25-formal-s24-b192-drill,20262524,192,drill,ce699dffe2845dc83e2171a1c309c6d96b96d2b3,d72f0f360d89dd3504c4cba730d903e1d939400ff2abd3566cf0428f4e59e2e3,74a6f7154ca10c3cd6dfd45046c4f8abf0ce27faa8ad11446b6a52920b83afba,50f57c45bd69c45c81439b8802806edc78bdce8abf4a78d1ee96124c035d4edd,460602005,results/20261004-070000-ws25-formal-s24-b192-drill/raw/460602005/460602005_out_fct.txt,16384,12.430392456054687,12.3025,13.683,14.02185,14.67151,16.550518134715027,35.99307228915663,44.04035714285714,15.648,192,881.60884375,846.0935,1169.3837999999998,1217.747,1623.94822,4.7957687402579,6.628220490293326,9.20475114071135,1726.241
20261004-070000-ws25-formal-s24-b192-conga,20262524,192,conga,ce699dffe2845dc83e2171a1c309c6d96b96d2b3,d72f0f360d89dd3504c4cba730d903e1d939400ff2abd3566cf0428f4e59e2e3,74a6f7154ca10c3cd6dfd45046c4f8abf0ce27faa8ad11446b6a52920b83afba,a546d993e8969d6c6b5e7799868029329bcfb09aaba47452221cb35a84a91d96,125969653,results/20261004-070000-ws25-formal-s24-b192-conga/raw/125969653/125969653_out_fct.txt,16384,12.734568054199219,12.427,14.572,15.4037,17.079510000000003,16.889248704663213,37.24819277108434,45.75519841269841,19.123,192,729.1996927083334,689.797,1109.2005000000001,1189.3706,1509.8764800000004,3.909859713759388,6.289506589202212,8.558177582542159,1588.714
20261004-070000-ws25-formal-s24-b192-letflow,20262524,192,letflow,ce699dffe2845dc83e2171a1c309c6d96b96d2b3,d72f0f360d89dd3504c4cba730d903e1d939400ff2abd3566cf0428f4e59e2e3,74a6f7154ca10c3cd6dfd45046c4f8abf0ce27faa8ad11446b6a52920b83afba,6d18067d9fd9e8e6bbe4de4e3c27bb0cfc840e5d30d4fd4bf9627e23cbcb6457,480440725,results/20261004-070000-ws25-formal-s24-b192-letflow/raw/480440725/480440725_out_fct.txt,16384,12.598843322753906,12.3605,14.205,14.866,16.11917,16.729274611398964,36.46596385542169,44.40924698795181,17.883,192,733.8186979166667,689.479,1141.3373,1159.86115,1539.00531,3.9080572481224314,6.475633271928581,8.723283604931275,1581.074
20261004-070000-ws25-formal-s24-b192-conweave,20262524,192,conweave,ce699dffe2845dc83e2171a1c309c6d96b96d2b3,d72f0f360d89dd3504c4cba730d903e1d939400ff2abd3566cf0428f4e59e2e3,74a6f7154ca10c3cd6dfd45046c4f8abf0ce27faa8ad11446b6a52920b83afba,88369debbe8ff9059a5a709551c7e3c8ff91bc17ef7b6b801f0e94fbeccd81e3,628751946,results/20261004-070000-ws25-formal-s24-b192-conweave/raw/628751946/628751946_out_fct.txt,16384,12.680256591796875,12.4285,14.422,14.97185,16.39817,16.89378238341969,36.57951807228916,44.84861111111111,18.812,192,726.2085572916667,685.0195,1122.8068,1175.9868999999999,1519.5207800000003,3.882780218223041,6.367800135683592,8.612842737707242,1724.415
20261004-070000-ws25-formal-s24-b192-classreserve,20262524,192,classreserve,ce699dffe2845dc83e2171a1c309c6d96b96d2b3,d72f0f360d89dd3504c4cba730d903e1d939400ff2abd3566cf0428f4e59e2e3,74a6f7154ca10c3cd6dfd45046c4f8abf0ce27faa8ad11446b6a52920b83afba,aadffa71291fbaf6fab0fce7635b54bad0f3729fdb59c5841c817c3ba99acb8e,792786041,results/20261004-070000-ws25-formal-s24-b192-classreserve/raw/792786041/792786041_out_fct.txt,16384,12.538194091796875,12.276,14.065700000000001,14.72755,16.36017,16.6139896373057,35.8855421686747,44.6330421686747,17.733,192,720.9849375,687.711,1131.3429000000003,1215.3433499999999,1467.6892500000001,3.900907365308748,6.412599688252801,8.319054839166785,1546.174
20261004-070000-ws25-formal-s25-b000-fecmp,20262525,0,fecmp,ce699dffe2845dc83e2171a1c309c6d96b96d2b3,504fb8e48a442e88472b4f23c7c0c1b60b753ec6aa2679d2ebadca6a1bc058cc,74a6f7154ca10c3cd6dfd45046c4f8abf0ce27faa8ad11446b6a52920b83afba,7f243f59cbe5040826e05109a9bee9f94e921796c5324efd9d165e877c6e9541,746070188,results/20261004-070000-ws25-formal-s25-b000-fecmp/raw/746070188/746070188_out_fct.txt,16384,12.291865478515625,12.119,13.462,13.815850000000001,14.936830000000015,16.243523316062177,35.41475903614458,44.822539682539684,16.409,0,,,,,,,,,
20261004-070000-ws25-formal-s25-b000-drill,20262525,0,drill,ce699dffe2845dc83e2171a1c309c6d96b96d2b3,504fb8e48a442e88472b4f23c7c0c1b60b753ec6aa2679d2ebadca6a1bc058cc,74a6f7154ca10c3cd6dfd45046c4f8abf0ce27faa8ad11446b6a52920b83afba,5eb7648786a133377e37f1e51c39b53e967c1fc93d9a1ee0ebb4d3dd0621bd4b,86972661,results/20261004-070000-ws25-formal-s25-b000-drill/raw/86972661/86972661_out_fct.txt,16384,12.309314697265625,12.136,13.537,13.89085,15.094010000000011,16.252590673575128,35.142771084337355,45.16042073054121,16.414,0,,,,,,,,,
20261004-070000-ws25-formal-s25-b000-conga,20262525,0,conga,ce699dffe2845dc83e2171a1c309c6d96b96d2b3,504fb8e48a442e88472b4f23c7c0c1b60b753ec6aa2679d2ebadca6a1bc058cc,74a6f7154ca10c3cd6dfd45046c4f8abf0ce27faa8ad11446b6a52920b83afba,ba7015932543f072529da5cf4753a3fcc3620b60397f709a6d444275544f2c57,29643356,results/20261004-070000-ws25-formal-s25-b000-conga/raw/29643356/29643356_out_fct.txt,16384,12.373735900878906,12.165,13.645,14.2157,15.96038,16.310880829015545,36.138855421686756,45.40940476190476,17.551,0,,,,,,,,,
20261004-070000-ws25-formal-s25-b000-letflow,20262525,0,letflow,ce699dffe2845dc83e2171a1c309c6d96b96d2b3,504fb8e48a442e88472b4f23c7c0c1b60b753ec6aa2679d2ebadca6a1bc058cc,74a6f7154ca10c3cd6dfd45046c4f8abf0ce27faa8ad11446b6a52920b83afba,8d5883b976d88ffd9365ec8661cdbd92d3531c5e8ec917c953cc785b3505f377,588886624,results/20261004-070000-ws25-formal-s25-b000-letflow/raw/588886624/588886624_out_fct.txt,16384,12.305376220703126,12.147,13.4817,13.8377,15.05968,16.33419689119171,35.51445783132531,44.850634920634924,16.409,0,,,,,,,,,
20261004-070000-ws25-formal-s25-b000-conweave,20262525,0,conweave,ce699dffe2845dc83e2171a1c309c6d96b96d2b3,504fb8e48a442e88472b4f23c7c0c1b60b753ec6aa2679d2ebadca6a1bc058cc,74a6f7154ca10c3cd6dfd45046c4f8abf0ce27faa8ad11446b6a52920b83afba,75a6b615afb8790f9834d024370122f6ae3e5b2984d85e2e76a78bb442ad209d,241337004,results/20261004-070000-ws25-formal-s25-b000-conweave/raw/241337004/241337004_out_fct.txt,16384,12.32775048828125,12.158,13.487,13.956,15.239680000000002,16.314119170984455,35.56927710843374,44.710406865557474,16.41,0,,,,,,,,,
20261004-070000-ws25-formal-s25-b000-classreserve,20262525,0,classreserve,ce699dffe2845dc83e2171a1c309c6d96b96d2b3,504fb8e48a442e88472b4f23c7c0c1b60b753ec6aa2679d2ebadca6a1bc058cc,74a6f7154ca10c3cd6dfd45046c4f8abf0ce27faa8ad11446b6a52920b83afba,b8170e17dce4d5db91b583fd14df71b43ef3542bcc2e6d844228124678788391,766053989,results/20261004-070000-ws25-formal-s25-b000-classreserve/raw/766053989/766053989_out_fct.txt,16384,12.313277709960937,12.149,13.549700000000001,13.902,15.102680000000001,16.29663212435233,35.23704819277109,45.129920634920644,16.408,0,,,,,,,,,
20261004-070000-ws25-formal-s25-b064-fecmp,20262525,64,fecmp,ce699dffe2845dc83e2171a1c309c6d96b96d2b3,8976f794c58beea65c6d0370bd90bda4d49ea6b3ded840a34083910221ed8701,74a6f7154ca10c3cd6dfd45046c4f8abf0ce27faa8ad11446b6a52920b83afba,fae21ee3ba2e6b56913b679b72321c4f3ddb2de930dcc4c1206542279a6cedbc,499657526,results/20261004-070000-ws25-formal-s25-b064-fecmp/raw/499657526/499657526_out_fct.txt,16384,12.376136474609375,12.169,13.684,14.247,15.790400000000002,16.316709844559586,35.79246987951808,44.55472891566265,16.967,64,426.136078125,354.1595,680.0058,685.2240499999999,687.5088099999999,2.0099269386908674,3.854361910160125,3.9030197766438035,689.092
20261004-070000-ws25-formal-s25-b064-drill,20262525,64,drill,ce699dffe2845dc83e2171a1c309c6d96b96d2b3,8976f794c58beea65c6d0370bd90bda4d49ea6b3ded840a34083910221ed8701,74a6f7154ca10c3cd6dfd45046c4f8abf0ce27faa8ad11446b6a52920b83afba,30ea299919e01ef1ccb6afbd4ea85a478d7e0ee258f5592eb845523aa6f3f94e,784031140,results/20261004-070000-ws25-formal-s25-b064-drill/raw/784031140/784031140_out_fct.txt,16384,12.364481689453125,12.208,13.579,13.928700000000001,15.06499000000001,16.381476683937823,35.45692771084338,45.01269841269841,16.436,64,630.72371875,580.723,729.5047,894.8291500000003,916.99101,3.2951784499230428,4.134928156440414,5.197625109820037,920.124
20261004-070000-ws25-formal-s25-b064-conga,20262525,64,conga,ce699dffe2845dc83e2171a1c309c6d96b96d2b3,8976f794c58beea65c6d0370bd90bda4d49ea6b3ded840a34083910221ed8701,74a6f7154ca10c3cd6dfd45046c4f8abf0ce27faa8ad11446b6a52920b83afba,d84c4a7259901b1238bea309911da695900edf318a0d9b85518aa6df64269b0a,961111939,results/20261004-070000-ws25-formal-s25-b064-conga/raw/961111939/961111939_out_fct.txt,16384,12.441389343261719,12.212,13.796,14.341,15.68785,16.474093264248705,36.020180722891574,44.717103174603174,17.659,64,415.449765625,355.1405,680.0112,687.62585,690.04878,2.015602672653292,3.8546073402295593,3.912912431953029,692.691
20261004-070000-ws25-formal-s25-b064-letflow,20262525,64,letflow,ce699dffe2845dc83e2171a1c309c6d96b96d2b3,8976f794c58beea65c6d0370bd90bda4d49ea6b3ded840a34083910221ed8701,74a6f7154ca10c3cd6dfd45046c4f8abf0ce27faa8ad11446b6a52920b83afba,e4bebaa3ab5153e48e46c66f23be1d8f9b836281c5ceecc8c20add1f4fc008d0,225695916,results/20261004-070000-ws25-formal-s25-b064-letflow/raw/225695916/225695916_out_fct.txt,16384,12.383346618652343,12.183,13.632,14.208,15.391780000000002,16.39313471502591,35.71295180722892,44.15718253968254,16.541,64,406.1673125,354.0165,655.2959,679.32965,684.9284299999999,2.0067592461385857,3.714302961598413,3.885252581288795,693.206
20261004-070000-ws25-formal-s25-b064-conweave,20262525,64,conweave,ce699dffe2845dc83e2171a1c309c6d96b96d2b3,8976f794c58beea65c6d0370bd90bda4d49ea6b3ded840a34083910221ed8701,74a6f7154ca10c3cd6dfd45046c4f8abf0ce27faa8ad11446b6a52920b83afba,1913620d0c4d6b18068a289bea35f9fd31306db0a405c0ff7df26b2398d5838d,128170986,results/20261004-070000-ws25-formal-s25-b064-conweave/raw/128170986/128170986_out_fct.txt,16384,12.451444274902343,12.241,13.82,14.29885,15.78234,16.47862694300518,35.967168674698804,44.551587301587304,16.636,64,424.09403125,368.774,680.8487,684.38025,687.3363099999999,2.0902593169902226,3.8645176036924003,3.895912200651835,689.266
20261004-070000-ws25-formal-s25-b064-classreserve,20262525,64,classreserve,ce699dffe2845dc83e2171a1c309c6d96b96d2b3,8976f794c58beea65c6d0370bd90bda4d49ea6b3ded840a34083910221ed8701,74a6f7154ca10c3cd6dfd45046c4f8abf0ce27faa8ad11446b6a52920b83afba,7eae5346d6071093d036aa53338d556ef285d3c120b4c7ab2f9ddd70e1b73d6c,269713706,results/20261004-070000-ws25-formal-s25-b064-classreserve/raw/269713706/269713706_out_fct.txt,16384,12.38769024658203,12.196,13.693700000000002,14.15485,14.84551,16.401554404145077,35.51415662650603,44.270515873015874,16.421,64,410.989609375,353.387,680.9983,684.1678999999999,686.41358,2.006648214737439,3.861473937007645,3.890682046195267,688.577
20261004-070000-ws25-formal-s25-b128-fecmp,20262525,128,fecmp,ce699dffe2845dc83e2171a1c309c6d96b96d2b3,1a1f3a31c67fe772b6f8b052325cd0407570879cd175f7afabc03255bd0a3409,74a6f7154ca10c3cd6dfd45046c4f8abf0ce27faa8ad11446b6a52920b83afba,daa2717705f5cb067f29ced42d7dc8859d90abf8f9844151a23d4d5611f35cbc,297060409,results/20261004-070000-ws25-formal-s25-b128-fecmp/raw/297060409/297060409_out_fct.txt,16384,12.469882263183594,12.269,13.9017,14.371400000000001,15.81553,16.501295336787564,36.05331325301206,44.76295324153758,17.016,128,582.5835390625,612.4085,855.1664,856.29595,921.10256,3.4755984679749212,4.8497310471871895,5.230508563705292,1074.764
20261004-070000-ws25-formal-s25-b128-drill,20262525,128,drill,ce699dffe2845dc83e2171a1c309c6d96b96d2b3,1a1f3a31c67fe772b6f8b052325cd0407570879cd175f7afabc03255bd0a3409,74a6f7154ca10c3cd6dfd45046c4f8abf0ce27faa8ad11446b6a52920b83afba,5fb9eafb428e22519ada2bc3c9996cb7a78a6401ea2934b93d1747e21ff5b5c1,246606990,results/20261004-070000-ws25-formal-s25-b128-drill/raw/246606990/246606990_out_fct.txt,16384,12.408676208496093,12.236,13.617,14.053700000000001,15.152190000000001,16.45077720207254,35.70391566265061,44.56035714285715,16.447,128,766.5708359375,744.579,944.9249,1112.3767,1222.1886100000002,4.220371262576165,5.360023021803764,6.927525067309056,1243.374
20261004-070000-ws25-formal-s25-b128-conga,20262525,128,conga,ce699dffe2845dc83e2171a1c309c6d96b96d2b3,1a1f3a31c67fe772b6f8b052325cd0407570879cd175f7afabc03255bd0a3409,74a6f7154ca10c3cd6dfd45046c4f8abf0ce27faa8ad11446b6a52920b83afba,69af32032e3fb18ce0103fdfc86367e9900e13c4cd329f5de0dfbfb6c4a60170,120761375,results/20261004-070000-ws25-formal-s25-b128-conga/raw/120761375/120761375_out_fct.txt,16384,12.597482055664063,12.319,14.276,15.022250000000001,15.98134,16.61722797927461,36.5093373493976,44.71590361445783,17.622,128,589.0723203125,594.5575,855.139,897.3584500000001,1060.53343,3.37429630382731,4.8495065892022104,6.011242340938076,1106.992
20261004-070000-ws25-formal-s25-b128-letflow,20262525,128,letflow,ce699dffe2845dc83e2171a1c309c6d96b96d2b3,1a1f3a31c67fe772b6f8b052325cd0407570879cd175f7afabc03255bd0a3409,74a6f7154ca10c3cd6dfd45046c4f8abf0ce27faa8ad11446b6a52920b83afba,fd636bce459c96ff2939d6039174164f46d843c69a342c221e7711a5bb914dd1,550980143,results/20261004-070000-ws25-formal-s25-b128-letflow/raw/550980143/550980143_out_fct.txt,16384,12.476119323730469,12.253,13.908,14.66,15.69317,16.511658031088082,35.74096385542169,44.48698795180723,18.989,128,583.8863515625,575.8705,854.8248,856.0022,1020.6708100000003,3.272270363951473,4.84772679608899,5.785295791412783,1099.447
20261004-070000-ws25-formal-s25-b128-conweave,20262525,128,conweave,ce699dffe2845dc83e2171a1c309c6d96b96d2b3,1a1f3a31c67fe772b6f8b052325cd0407570879cd175f7afabc03255bd0a3409,74a6f7154ca10c3cd6dfd45046c4f8abf0ce27faa8ad11446b6a52920b83afba,7eec2bde6f812547439f92b052f73f185cb7eadaffa4b588a58971edff8d482f,840787178,results/20261004-070000-ws25-formal-s25-b128-conweave/raw/840787178/840787178_out_fct.txt,16384,12.558128967285157,12.323,14.107700000000001,14.75785,15.852,16.673575129533678,36.20993975903615,44.425357142857145,17.342,128,582.3486953125,596.0945,853.5187,855.4822,1007.7458500000005,3.387189249083729,4.841281564404138,5.712035425818338,1091.883
20261004-070000-ws25-formal-s25-b128-classreserve,20262525,128,classreserve,ce699dffe2845dc83e2171a1c309c6d96b96d2b3,1a1f3a31c67fe772b6f8b052325cd0407570879cd175f7afabc03255bd0a3409,74a6f7154ca10c3cd6dfd45046c4f8abf0ce27faa8ad11446b6a52920b83afba,af91b97f3bed3176dc4b43e79199a30f0b60de6a67b904def7da72b39de4118b,562077529,results/20261004-070000-ws25-formal-s25-b128-classreserve/raw/562077529/562077529_out_fct.txt,16384,12.444849670410155,12.257,13.7477,14.24585,15.65651,16.5,35.69789156626506,44.148809523809526,16.492,128,582.8865546875,599.671,855.5332000000001,856.15645,1028.3789400000005,3.4075120038639657,4.851862264418308,5.828986481507726,1126.659
20261004-070000-ws25-formal-s25-b192-fecmp,20262525,192,fecmp,ce699dffe2845dc83e2171a1c309c6d96b96d2b3,925d4683adc298d3d1b05ce708127d344f243ffb86c518cd57b94f0a2a0bad2f,74a6f7154ca10c3cd6dfd45046c4f8abf0ce27faa8ad11446b6a52920b83afba,6867000d04d5dc0baf86f0045a137836ab96a06be405b5ef9aea62afad42a733,814918303,results/20261004-070000-ws25-formal-s25-b192-fecmp/raw/814918303/814918303_out_fct.txt,16384,12.558264343261719,12.309,14.166,14.9077,15.957210000000002,16.56800518134715,36.131626506024105,45.067035762096005,17.414,192,806.257640625,805.7745,1201.0190000000002,1312.63785,1456.5013900000001,4.5729278409707685,6.807532946011054,8.274400587669406,1485.927
20261004-070000-ws25-formal-s25-b192-drill,20262525,192,drill,ce699dffe2845dc83e2171a1c309c6d96b96d2b3,925d4683adc298d3d1b05ce708127d344f243ffb86c518cd57b94f0a2a0bad2f,74a6f7154ca10c3cd6dfd45046c4f8abf0ce27faa8ad11446b6a52920b83afba,8010a078657055d95f8ed7c149b99d87484e3a44327bb45701b727e6cbd701d8,472969454,results/20261004-070000-ws25-formal-s25-b192-drill/raw/472969454/472969454_out_fct.txt,16384,12.465680236816405,12.328,13.668700000000001,14.014850000000001,15.37589,16.55116580310881,35.95391566265061,44.504642857142855,17.212,192,969.2994114583333,893.9014999999999,1357.7753,1479.1958,1678.2775500000005,5.066750743942185,7.697231907908662,9.512696896698316,1801.882
20261004-070000-ws25-formal-s25-b192-conga,20262525,192,conga,ce699dffe2845dc83e2171a1c309c6d96b96d2b3,925d4683adc298d3d1b05ce708127d344f243ffb86c518cd57b94f0a2a0bad2f,74a6f7154ca10c3cd6dfd45046c4f8abf0ce27faa8ad11446b6a52920b83afba,f8e51d883bf4ec114fd1ded34e2ac22cdad22ed1b0babcb54ed984208e73b398,785779408,results/20261004-070000-ws25-formal-s25-b192-conga/raw/785779408/785779408_out_fct.txt,16384,12.681315612792968,12.401,14.383,15.4684,16.73451,16.751295336787564,36.63975903614458,46.25153614457831,18.654,192,805.6365416666666,755.162,1226.5895,1334.4542,1537.20548,4.280357092248831,6.952469888054414,8.715077446393561,1597.973
20261004-070000-ws25-formal-s25-b192-letflow,20262525,192,letflow,ce699dffe2845dc83e2171a1c309c6d96b96d2b3,925d4683adc298d3d1b05ce708127d344f243ffb86c518cd57b94f0a2a0bad2f,74a6f7154ca10c3cd6dfd45046c4f8abf0ce27faa8ad11446b6a52920b83afba,71803da86f8958802747d723b9957ecfc3d5798570e698eefa166bed2b7d2ce5,359453085,results/20261004-070000-ws25-formal-s25-b192-letflow/raw/359453085/359453085_out_fct.txt,16384,12.542176818847656,12.297,14.043700000000001,14.733400000000001,16.14451,16.63860103626943,35.97500000000001,44.38326878944349,18.441,192,828.8726510416667,789.7964999999999,1256.4766,1359.39385,1450.6810500000006,4.476669973076378,7.123650137214882,8.222650134618112,1714.432
20261004-070000-ws25-formal-s25-b192-conweave,20262525,192,conweave,ce699dffe2845dc83e2171a1c309c6d96b96d2b3,925d4683adc298d3d1b05ce708127d344f243ffb86c518cd57b94f0a2a0bad2f,74a6f7154ca10c3cd6dfd45046c4f8abf0ce27faa8ad11446b6a52920b83afba,8845ddce7668c54daf58b858b8ec2ccbfda98b139e226529e3f51c85c6c51018,868948515,results/20261004-070000-ws25-formal-s25-b192-conweave/raw/868948515/868948515_out_fct.txt,16384,12.626082214355469,12.363,14.299,14.948,16.033,16.726036269430054,36.153614457831324,44.90746031746032,17.489,192,803.8963020833334,755.74,1226.4007,1358.82085,1463.69395,4.28898266506822,6.963300382906424,8.296408955646875,1494.657
20261004-070000-ws25-formal-s25-b192-classreserve,20262525,192,classreserve,ce699dffe2845dc83e2171a1c309c6d96b96d2b3,925d4683adc298d3d1b05ce708127d344f243ffb86c518cd57b94f0a2a0bad2f,74a6f7154ca10c3cd6dfd45046c4f8abf0ce27faa8ad11446b6a52920b83afba,163a2977a33aeff827edbf96fbb15883aec8602b990259824bb6c36acc3adebd,212388227,results/20261004-070000-ws25-formal-s25-b192-classreserve/raw/212388227/212388227_out_fct.txt,16384,12.502854736328125,12.27,13.908,14.55785,16.10453,16.558290155440414,35.832530120481934,44.590515873015875,17.033,192,788.7008645833333,773.0575,1190.1008000000002,1293.66985,1406.7937800000002,4.381791129375088,6.746129119502277,7.975750201219897,1474.158
20261004-070000-ws25-formal-s26-b000-fecmp,20262526,0,fecmp,ce699dffe2845dc83e2171a1c309c6d96b96d2b3,0b7de52b514487faa33f1a93b167bc83aa907ae8c3063c3a8a61f489afe36611,74a6f7154ca10c3cd6dfd45046c4f8abf0ce27faa8ad11446b6a52920b83afba,19757fe4280f52e583789780f8009de8c50cfb32e4a454a80dfeed29bb39ff99,236847069,results/20261004-070000-ws25-formal-s26-b000-fecmp/raw/236847069/236847069_out_fct.txt,16384,12.268307739257812,12.101,13.524700000000001,14.03185,14.74934,16.107512953367877,35.247289156626515,44.23331038439473,15.896,0,,,,,,,,,
20261004-070000-ws25-formal-s26-b000-drill,20262526,0,drill,ce699dffe2845dc83e2171a1c309c6d96b96d2b3,0b7de52b514487faa33f1a93b167bc83aa907ae8c3063c3a8a61f489afe36611,74a6f7154ca10c3cd6dfd45046c4f8abf0ce27faa8ad11446b6a52920b83afba,4e5dc09476cd7fad6784c0cf0169a7d963b566c2467528646db3027fe72dc06c,757492659,results/20261004-070000-ws25-formal-s26-b000-drill/raw/757492659/757492659_out_fct.txt,16384,12.266013732910157,12.115,13.456,14.124,14.84634,16.120466321243523,35.07138554216868,44.27448412698413,15.884,0,,,,,,,,,
20261004-070000-ws25-formal-s26-b000-conga,20262526,0,conga,ce699dffe2845dc83e2171a1c309c6d96b96d2b3,0b7de52b514487faa33f1a93b167bc83aa907ae8c3063c3a8a61f489afe36611,74a6f7154ca10c3cd6dfd45046c4f8abf0ce27faa8ad11446b6a52920b83afba,dfdfc23b3fdf3ab704e5bf393b9ff29bbd601f348a5f9aa6278567f718dbff57,722734917,results/20261004-070000-ws25-formal-s26-b000-conga/raw/722734917/722734917_out_fct.txt,16384,12.352385986328125,12.106,13.862400000000001,14.309,15.44,16.145725388601036,35.86656626506024,45.092619047619046,16.104,0,,,,,,,,,
20261004-070000-ws25-formal-s26-b000-letflow,20262526,0,letflow,ce699dffe2845dc83e2171a1c309c6d96b96d2b3,0b7de52b514487faa33f1a93b167bc83aa907ae8c3063c3a8a61f489afe36611,74a6f7154ca10c3cd6dfd45046c4f8abf0ce27faa8ad11446b6a52920b83afba,4d96d071e715aeeba001f9ac1839211c8b66df0848a8668d824fb9614d85da3e,572130410,results/20261004-070000-ws25-formal-s26-b000-letflow/raw/572130410/572130410_out_fct.txt,16384,12.295990661621094,12.1,13.605,14.100850000000001,14.67153,16.129533678756477,35.4237951807229,44.269246031746036,15.895,0,,,,,,,,,
20261004-070000-ws25-formal-s26-b000-conweave,20262526,0,conweave,ce699dffe2845dc83e2171a1c309c6d96b96d2b3,0b7de52b514487faa33f1a93b167bc83aa907ae8c3063c3a8a61f489afe36611,74a6f7154ca10c3cd6dfd45046c4f8abf0ce27faa8ad11446b6a52920b83afba,ebae7dbb68f0abb04f6702e5c121018f1a131cdb2d76b27d27b2f90018de7da4,847801253,results/20261004-070000-ws25-formal-s26-b000-conweave/raw/847801253/847801253_out_fct.txt,16384,12.309351867675781,12.152,13.626,14.141,14.897170000000001,16.199481865284973,35.53012048192771,43.97956349206349,15.901,0,,,,,,,,,
20261004-070000-ws25-formal-s26-b000-classreserve,20262526,0,classreserve,ce699dffe2845dc83e2171a1c309c6d96b96d2b3,0b7de52b514487faa33f1a93b167bc83aa907ae8c3063c3a8a61f489afe36611,74a6f7154ca10c3cd6dfd45046c4f8abf0ce27faa8ad11446b6a52920b83afba,c0a06e5d60e8c282a374f95542acfb4aab6a7734387f066aedaa39675e611ae8,358714608,results/20261004-070000-ws25-formal-s26-b000-classreserve/raw/358714608/358714608_out_fct.txt,16384,12.277786010742188,12.1005,13.588,14.13855,14.832680000000002,16.132124352331605,35.11746987951807,44.24476190476191,15.88,0,,,,,,,,,
20261004-070000-ws25-formal-s26-b064-fecmp,20262526,64,fecmp,ce699dffe2845dc83e2171a1c309c6d96b96d2b3,190949e676c3a20454c25f2eabda9b05a40a135947c360595ff8dcefc7e67c7f,74a6f7154ca10c3cd6dfd45046c4f8abf0ce27faa8ad11446b6a52920b83afba,9c56fceeddce302abffd0f136f1aa619959fd5eeb0d7604087b66ca363b21adc,557526456,results/20261004-070000-ws25-formal-s26-b064-fecmp/raw/557526456/557526456_out_fct.txt,16384,12.342357727050782,12.14,13.6957,14.262,15.10834,16.253886010362695,35.54216867469879,44.067035762096005,16.629,64,427.75134375,358.212,674.6971,677.8764,680.71777,2.0303925180671674,3.8242715034717305,3.85839744934108,680.731
20261004-070000-ws25-formal-s26-b064-drill,20262526,64,drill,ce699dffe2845dc83e2171a1c309c6d96b96d2b3,190949e676c3a20454c25f2eabda9b05a40a135947c360595ff8dcefc7e67c7f,74a6f7154ca10c3cd6dfd45046c4f8abf0ce27faa8ad11446b6a52920b83afba,0d036a4753a3398e54ee01dc3457cb5d8ed765f68d48968bd49439fc0a85b92f,612254681,results/20261004-070000-ws25-formal-s26-b064-drill/raw/612254681/612254681_out_fct.txt,16384,12.304749938964843,12.168,13.421800000000003,14.05985,14.929170000000001,16.20336787564767,35.36144578313253,44.486825396825395,15.934,64,636.77578125,578.932,832.6853,892.9441499999999,925.67181,3.281567267915114,4.719769307070994,5.246829020830381,925.743
20261004-070000-ws25-formal-s26-b064-conga,20262526,64,conga,ce699dffe2845dc83e2171a1c309c6d96b96d2b3,190949e676c3a20454c25f2eabda9b05a40a135947c360595ff8dcefc7e67c7f,74a6f7154ca10c3cd6dfd45046c4f8abf0ce27faa8ad11446b6a52920b83afba,7a9c353cc537e928034c4df58c4cee59c791fce83a6352670fed88ab993a339e,820073032,results/20261004-070000-ws25-formal-s26-b064-conga/raw/820073032/820073032_out_fct.txt,16384,12.434056457519532,12.193,13.9367,14.454,15.22085,16.35103626943005,36.13283132530121,44.22797619047619,16.165,64,429.4504375,359.6205,678.4486,682.27605,682.95381,2.0409178090859825,3.845535496669973,3.871071616834349,683.151
20261004-070000-ws25-formal-s26-b064-letflow,20262526,64,letflow,ce699dffe2845dc83e2171a1c309c6d96b96d2b3,190949e676c3a20454c25f2eabda9b05a40a135947c360595ff8dcefc7e67c7f,74a6f7154ca10c3cd6dfd45046c4f8abf0ce27faa8ad11446b6a52920b83afba,b57bd2d7a8549734be2939ebe67a01c4cb85d3cf43b9987441d0dc969374b6fa,92376357,results/20261004-070000-ws25-formal-s26-b064-letflow/raw/92376357/92376357_out_fct.txt,16384,12.351220642089844,12.112,13.835400000000002,14.414,15.38268,16.224740932642487,35.34457831325302,44.33401606425703,16.081,64,431.42203125,376.5585,675.5708,679.64765,680.48861,2.13438288224458,3.8292237494686128,3.8570985404562843,680.711
20261004-070000-ws25-formal-s26-b064-conweave,20262526,64,conweave,ce699dffe2845dc83e2171a1c309c6d96b96d2b3,190949e676c3a20454c25f2eabda9b05a40a135947c360595ff8dcefc7e67c7f,74a6f7154ca10c3cd6dfd45046c4f8abf0ce27faa8ad11446b6a52920b83afba,c742fb82e9b18ec163ce076caa21680fd16547c973502a988e84caf6644feec1,399223438,results/20261004-070000-ws25-formal-s26-b064-conweave/raw/399223438/399223438_out_fct.txt,16384,12.425274597167968,12.189,13.94,14.52785,15.26034,16.317357512953368,35.91686746987952,44.14519793459553,16.197,64,440.344609375,399.62699999999995,665.0621000000001,678.2760499999999,681.99784,2.265138160691512,3.7696590619243304,3.8656530537055405,684.916
20261004-070000-ws25-formal-s26-b064-classreserve,20262526,64,classreserve,ce699dffe2845dc83e2171a1c309c6d96b96d2b3,190949e676c3a20454c25f2eabda9b05a40a135947c360595ff8dcefc7e67c7f,74a6f7154ca10c3cd6dfd45046c4f8abf0ce27faa8ad11446b6a52920b83afba,1988bf373261f7b22e122554a29906ac2d5be4f590366251d26b958977f5ab29,97931814,results/20261004-070000-ws25-formal-s26-b064-classreserve/raw/97931814/97931814_out_fct.txt,16384,12.297800842285156,12.132,13.6217,14.156,14.83151,16.121761658031087,35.149698795180726,44.203809523809525,15.931,64,423.04075,358.49,677.9142,679.30985,680.30381,2.0319682584667706,3.842506447498937,3.856051069859714,680.501
20261004-070000-ws25-formal-s26-b128-fecmp,20262526,128,fecmp,ce699dffe2845dc83e2171a1c309c6d96b96d2b3,22cbe23908d194bac572c8072a3b320fe683d2b4062a43ded3c98bbfa83c0916,74a6f7154ca10c3cd6dfd45046c4f8abf0ce27faa8ad11446b6a52920b83afba,b72613cfbce241e656c3c6d5f89bcf672eb77d1f7d36d69b3f01f1aedfe6e6e7,136427427,results/20261004-070000-ws25-formal-s26-b128-fecmp/raw/136427427/136427427_out_fct.txt,16384,12.393833679199219,12.191,13.767700000000001,14.334700000000002,15.239680000000002,16.400906735751295,35.788253012048195,44.11972222222222,16.826,128,718.42646875,668.3589999999999,1220.4272999999998,1418.55545,1599.3698000000002,3.791860335543544,6.926734458899727,9.065437438004817,1621.568
20261004-070000-ws25-formal-s26-b128-drill,20262526,128,drill,ce699dffe2845dc83e2171a1c309c6d96b96d2b3,22cbe23908d194bac572c8072a3b320fe683d2b4062a43ded3c98bbfa83c0916,74a6f7154ca10c3cd6dfd45046c4f8abf0ce27faa8ad11446b6a52920b83afba,571045f65bff90265c0e244f35ae5bb166b749e5384857f2c1432c79c9ca9786,964780247,results/20261004-070000-ws25-formal-s26-b128-drill/raw/964780247/964780247_out_fct.txt,16384,12.354892028808594,12.238,13.4587,14.076,14.92117,16.261658031088082,35.56536144578314,44.448571428571434,16.021,128,864.83940625,714.533,1443.6201999999998,1639.6543,1757.5123900000003,4.054247830977099,8.182628312314014,9.980179742277672,1827.565
20261004-070000-ws25-formal-s26-b128-conga,20262526,128,conga,ce699dffe2845dc83e2171a1c309c6d96b96d2b3,22cbe23908d194bac572c8072a3b320fe683d2b4062a43ded3c98bbfa83c0916,74a6f7154ca10c3cd6dfd45046c4f8abf0ce27faa8ad11446b6a52920b83afba,e03d411e5e291c1aac3a5a15945ccd7614d674e7d7d13da5046843e47818c831,196817271,results/20261004-070000-ws25-formal-s26-b128-conga/raw/196817271/196817271_out_fct.txt,16384,12.580995971679688,12.182,14.3277,14.964,17.09468,16.41580310880829,36.26204819277108,46.07208691910499,17.997,128,706.6670234375,673.9625,1199.9269,1429.9504500000003,1585.39261,3.8201076944877426,6.806589451178677,8.986212894997875,1609.283
20261004-070000-ws25-formal-s26-b128-letflow,20262526,128,letflow,ce699dffe2845dc83e2171a1c309c6d96b96d2b3,22cbe23908d194bac572c8072a3b320fe683d2b4062a43ded3c98bbfa83c0916,74a6f7154ca10c3cd6dfd45046c4f8abf0ce27faa8ad11446b6a52920b83afba,824a4e14291b39b79626266b8bbd2b71e4b8bb32a75a0c3d198c30db698bf452,141186278,results/20261004-070000-ws25-formal-s26-b128-letflow/raw/141186278/141186278_out_fct.txt,16384,12.442080200195312,12.201,13.957,14.512,15.38534,16.41321243523316,35.749096385542174,44.11507936507937,17.444,128,700.5314765625,614.8375,1214.9807999999998,1405.20165,1552.37849,3.484979453025365,6.894861935062973,8.804988639083687,1626.606
20261004-070000-ws25-formal-s26-b128-conweave,20262526,128,conweave,ce699dffe2845dc83e2171a1c309c6d96b96d2b3,22cbe23908d194bac572c8072a3b320fe683d2b4062a43ded3c98bbfa83c0916,74a6f7154ca10c3cd6dfd45046c4f8abf0ce27faa8ad11446b6a52920b83afba,a7fc395ca90a02c38125ac84850f70963d4c645d275c53a8048941645b1a4cca,908600878,results/20261004-070000-ws25-formal-s26-b128-conweave/raw/908600878/908600878_out_fct.txt,16384,12.482643920898438,12.238,14.040700000000001,14.47,15.180530000000001,16.492227979274613,36.131626506024105,43.92081373111493,16.557,128,710.86909375,666.3610000000001,1251.4488000000001,1496.86055,1601.89821,3.7826013030683563,7.093375655377638,9.07976879693921,1612.68
20261004-070000-ws25-formal-s26-b128-classreserve,20262526,128,classreserve,ce699dffe2845dc83e2171a1c309c6d96b96d2b3,22cbe23908d194bac572c8072a3b320fe683d2b4062a43ded3c98bbfa83c0916,74a6f7154ca10c3cd6dfd45046c4f8abf0ce27faa8ad11446b6a52920b83afba,964fc60796dc516927dd46886f1a86b92d5aab434771c53eab12b57fa7a71e55,382124908,results/20261004-070000-ws25-formal-s26-b128-classreserve/raw/382124908/382124908_out_fct.txt,16384,12.331138854980468,12.136,13.600700000000002,14.09385,15.51785,16.185233160621763,35.29819277108434,44.17198412698413,16.919,128,705.1895546875,670.232,1186.184,1394.5101500000003,1585.9076000000002,3.800195550517217,6.733135885081153,9.005614800284281,1734.3
20261004-070000-ws25-formal-s26-b192-fecmp,20262526,192,fecmp,ce699dffe2845dc83e2171a1c309c6d96b96d2b3,6710ce30cdc89b2d5095c0408a3f8b3180ab2f6fbbcd1b8c77a7d43f5304f2cd,74a6f7154ca10c3cd6dfd45046c4f8abf0ce27faa8ad11446b6a52920b83afba,a9a029429cb8bfffcd378c9699c3ff65150a709dfe30ffa779b56b3207072e8e,731903248,results/20261004-070000-ws25-formal-s26-b192-fecmp/raw/731903248/731903248_out_fct.txt,16384,12.482301452636719,12.2305,14.1157,14.54785,15.477170000000001,16.451424870466322,35.81927710843374,44.055840026773765,17.732,192,901.1680729166667,785.0795,1527.3009000000002,1965.1586,2133.4202800000003,4.455484977892949,8.675884308321733,12.122739324374239,2227.212
20261004-070000-ws25-formal-s26-b192-drill,20262526,192,drill,ce699dffe2845dc83e2171a1c309c6d96b96d2b3,6710ce30cdc89b2d5095c0408a3f8b3180ab2f6fbbcd1b8c77a7d43f5304f2cd,74a6f7154ca10c3cd6dfd45046c4f8abf0ce27faa8ad11446b6a52920b83afba,b5d7ad7009092a091acf92fe0fb8b3a7fd1bd220015e09594022047bfb618055,800919828,results/20261004-070000-ws25-formal-s26-b192-drill/raw/800919828/800919828_out_fct.txt,16384,12.393211608886718,12.271,13.5907,14.155,14.912680000000002,16.327720207253886,35.54126506024097,44.25396825396825,15.931,192,1072.871625,988.7339999999999,1811.136,2063.38665,2211.5942,5.610401020263568,10.265755986963299,12.535605498087005,2375.437
20261004-070000-ws25-formal-s26-b192-conga,20262526,192,conga,ce699dffe2845dc83e2171a1c309c6d96b96d2b3,6710ce30cdc89b2d5095c0408a3f8b3180ab2f6fbbcd1b8c77a7d43f5304f2cd,74a6f7154ca10c3cd6dfd45046c4f8abf0ce27faa8ad11446b6a52920b83afba,143d64ff253ad324d797354f1a99721303a35af1deab9dcadab342d0089023e9,599975828,results/20261004-070000-ws25-formal-s26-b192-conga/raw/599975828/599975828_out_fct.txt,16384,12.604838500976562,12.316500000000001,14.271700000000001,14.88885,16.27085,16.621113989637305,36.41204819277109,44.7434126984127,19.212,192,909.4864635416667,783.9694999999999,1580.238,1910.13915,2165.86229,4.449195478286674,8.956995890605073,12.279206023106955,2223.603
20261004-070000-ws25-formal-s26-b192-letflow,20262526,192,letflow,ce699dffe2845dc83e2171a1c309c6d96b96d2b3,6710ce30cdc89b2d5095c0408a3f8b3180ab2f6fbbcd1b8c77a7d43f5304f2cd,74a6f7154ca10c3cd6dfd45046c4f8abf0ce27faa8ad11446b6a52920b83afba,1f7880fdbb54babeec166c6e25975d7a72c45b614d6f14f021afdb72c5034152,588175820,results/20261004-070000-ws25-formal-s26-b192-letflow/raw/588175820/588175820_out_fct.txt,16384,12.479029113769531,12.187,14.0264,14.726700000000001,15.629190000000001,16.4889896373057,35.49698795180723,44.343690476190474,17.509,192,901.5814635416667,746.0505,1527.2847000000002,1962.1861,2144.3139499999997,4.228711917245288,8.675884308321733,12.154252231826556,2228.735
20261004-070000-ws25-formal-s26-b192-conweave,20262526,192,conweave,ce699dffe2845dc83e2171a1c309c6d96b96d2b3,6710ce30cdc89b2d5095c0408a3f8b3180ab2f6fbbcd1b8c77a7d43f5304f2cd,74a6f7154ca10c3cd6dfd45046c4f8abf0ce27faa8ad11446b6a52920b83afba,ebc892fdec31830b074058a0bd12133b619b23d0cbdfa08a9f6ef51aa76ac22a,716137142,results/20261004-070000-ws25-formal-s26-b192-conweave/raw/716137142/716137142_out_fct.txt,16384,12.606215759277344,12.323,14.392700000000001,14.922550000000001,15.720170000000001,16.696243523316063,36.35150602409639,44.491150793650796,17.991,192,920.2571770833333,814.1134999999999,1532.6222,1932.9774499999996,2074.30431,4.61450191299419,8.688921726130502,11.784139556805933,2143.176
20261004-070000-ws25-formal-s26-b192-classreserve,20262526,192,classreserve,ce699dffe2845dc83e2171a1c309c6d96b96d2b3,6710ce30cdc89b2d5095c0408a3f8b3180ab2f6fbbcd1b8c77a7d43f5304f2cd,74a6f7154ca10c3cd6dfd45046c4f8abf0ce27faa8ad11446b6a52920b83afba,ea8ef1da8a596c300277ab915b991ac8b871dc512b84fb148df62758d4a181da,150248651,results/20261004-070000-ws25-formal-s26-b192-classreserve/raw/150248651/150248651_out_fct.txt,16384,12.415899108886718,12.161,13.799400000000002,14.435,15.94668,16.316062176165804,35.32259036144579,44.34742063492064,18.53,192,915.6534583333333,808.0045,1569.0364000000002,1984.9191499999997,2173.35273,4.585605823525038,8.915341648435948,12.318847839025082,2259.222
20261004-070000-ws25-formal-s27-b000-fecmp,20262527,0,fecmp,ce699dffe2845dc83e2171a1c309c6d96b96d2b3,28675e578e270a82a362bece894bcd6208d5c36435024def4a244562cebdcabb,74a6f7154ca10c3cd6dfd45046c4f8abf0ce27faa8ad11446b6a52920b83afba,07e385a301c871f7d2b8c3dbac9ea12b778e8054aa97a739cb2930406d4d5870,57857218,results/20261004-070000-ws25-formal-s27-b000-fecmp/raw/57857218/57857218_out_fct.txt,16384,12.275575256347656,12.068,13.5587,13.969,14.598,16.21113989637306,35.14668674698796,43.99603174603175,15.489,0,,,,,,,,,
20261004-070000-ws25-formal-s27-b000-drill,20262527,0,drill,ce699dffe2845dc83e2171a1c309c6d96b96d2b3,28675e578e270a82a362bece894bcd6208d5c36435024def4a244562cebdcabb,74a6f7154ca10c3cd6dfd45046c4f8abf0ce27faa8ad11446b6a52920b83afba,2f4ec7fea96889d4edb098c851ca37e3db82df5108862d083d0095e53c8b547d,392920714,results/20261004-070000-ws25-formal-s27-b000-drill/raw/392920714/392920714_out_fct.txt,16384,12.268954833984376,12.058499999999999,13.5317,13.96885,14.58534,16.164507772020727,34.984939759036145,44.05825396825397,15.585,0,,,,,,,,,
20261004-070000-ws25-formal-s27-b000-conga,20262527,0,conga,ce699dffe2845dc83e2171a1c309c6d96b96d2b3,28675e578e270a82a362bece894bcd6208d5c36435024def4a244562cebdcabb,74a6f7154ca10c3cd6dfd45046c4f8abf0ce27faa8ad11446b6a52920b83afba,68924489acb9ec42128a4e0cb5894df7b3d627ac89f71f4035b995f72dc8fa74,249603169,results/20261004-070000-ws25-formal-s27-b000-conga/raw/249603169/249603169_out_fct.txt,16384,12.376485046386719,12.117,13.774,14.19585,15.42151,16.257772020725387,35.9789156626506,44.417182539682535,16.777,0,,,,,,,,,
20261004-070000-ws25-formal-s27-b000-letflow,20262527,0,letflow,ce699dffe2845dc83e2171a1c309c6d96b96d2b3,28675e578e270a82a362bece894bcd6208d5c36435024def4a244562cebdcabb,74a6f7154ca10c3cd6dfd45046c4f8abf0ce27faa8ad11446b6a52920b83afba,0980e0c45a54cc7e6c56e1d0cc501fa8b024920e7c4266b80f6bdf62f7b16a7e,663597504,results/20261004-070000-ws25-formal-s27-b000-letflow/raw/663597504/663597504_out_fct.txt,16384,12.283834106445312,12.045,13.668700000000001,14.051,14.85934,16.169689119170986,35.1144578313253,44.023809523809526,15.515,0,,,,,,,,,
20261004-070000-ws25-formal-s27-b000-conweave,20262527,0,conweave,ce699dffe2845dc83e2171a1c309c6d96b96d2b3,28675e578e270a82a362bece894bcd6208d5c36435024def4a244562cebdcabb,74a6f7154ca10c3cd6dfd45046c4f8abf0ce27faa8ad11446b6a52920b83afba,5cdf3ad485ff565fc6340caef5f1856dfe73eec194870acde21cfe0935df1ec2,855198752,results/20261004-070000-ws25-formal-s27-b000-conweave/raw/855198752/855198752_out_fct.txt,16384,12.313775268554688,12.128,13.665,14.01085,14.592170000000001,16.25518134715026,35.43885542168675,43.92527777777778,15.495,0,,,,,,,,,
20261004-070000-ws25-formal-s27-b000-classreserve,20262527,0,classreserve,ce699dffe2845dc83e2171a1c309c6d96b96d2b3,28675e578e270a82a362bece894bcd6208d5c36435024def4a244562cebdcabb,74a6f7154ca10c3cd6dfd45046c4f8abf0ce27faa8ad11446b6a52920b83afba,b962d0ced9961f1c8fe09fa95a038978fce37d676a1c3050df359e02c9e4e8bd,661580182,results/20261004-070000-ws25-formal-s27-b000-classreserve/raw/661580182/661580182_out_fct.txt,16384,12.268469055175782,12.037,13.559700000000001,13.98185,14.559339999999999,16.16321243523316,34.98403614457832,44.045,15.59,0,,,,,,,,,
20261004-070000-ws25-formal-s27-b064-fecmp,20262527,64,fecmp,ce699dffe2845dc83e2171a1c309c6d96b96d2b3,8dea0f8f445ff3c3dcf523f3d558df4fbc6d2fb6e5e478c84fc01e2ea5260763,74a6f7154ca10c3cd6dfd45046c4f8abf0ce27faa8ad11446b6a52920b83afba,17cf64d4a5d3a6877b688a447726ed2c68bb37ebc1fd31c880b23ef5a168f254,585116447,results/20261004-070000-ws25-formal-s27-b064-fecmp/raw/585116447/585116447_out_fct.txt,16384,12.363892211914063,12.167,13.705,14.124,15.14085,16.352331606217618,35.40060240963855,43.79761904761905,17.122,64,441.30818750000003,451.932,672.1861,690.76405,715.92778,2.561609749185206,3.8100388266968968,4.057972396202352,724.933
20261004-070000-ws25-formal-s27-b064-drill,20262527,64,drill,ce699dffe2845dc83e2171a1c309c6d96b96d2b3,8dea0f8f445ff3c3dcf523f3d558df4fbc6d2fb6e5e478c84fc01e2ea5260763,74a6f7154ca10c3cd6dfd45046c4f8abf0ce27faa8ad11446b6a52920b83afba,cf4a32f88fe21daa448078455296f495eeca657b21a2ea63f515adbfa46dbef7,307829175,results/20261004-070000-ws25-formal-s27-b064-drill/raw/307829175/307829175_out_fct.txt,16384,12.310188842773437,12.098500000000001,13.5317,13.969,14.59651,16.202720207253886,35.18885542168675,44.11507936507937,15.648,64,653.146890625,584.03,901.7605,918.38705,931.63149,3.3103585092815644,5.111296584951113,5.280609267394077,940.626
20261004-070000-ws25-formal-s27-b064-conga,20262527,64,conga,ce699dffe2845dc83e2171a1c309c6d96b96d2b3,8dea0f8f445ff3c3dcf523f3d558df4fbc6d2fb6e5e478c84fc01e2ea5260763,74a6f7154ca10c3cd6dfd45046c4f8abf0ce27faa8ad11446b6a52920b83afba,f889ab7fbc4dcdb57927ac31b228e8356381ded8239a0b617cfb21b7aec04d92,985579089,results/20261004-070000-ws25-formal-s27-b064-conga/raw/985579089/985579089_out_fct.txt,16384,12.46089910888672,12.227,13.899,14.29185,15.35968,16.446891191709845,36.538253012048195,44.05126984126984,17.669,64,431.176875,358.65049999999997,671.2616,685.52875,705.32421,2.0328779934816494,3.8047986396485762,4.001631191324988,717.315
20261004-070000-ws25-formal-s27-b064-letflow,20262527,64,letflow,ce699dffe2845dc83e2171a1c309c6d96b96d2b3,8dea0f8f445ff3c3dcf523f3d558df4fbc6d2fb6e5e478c84fc01e2ea5260763,74a6f7154ca10c3cd6dfd45046c4f8abf0ce27faa8ad11446b6a52920b83afba,a696a13f97c1fb625bffff846ae90f96bced43a4a6b0c58658e6376eb122eb96,731310965,results/20261004-070000-ws25-formal-s27-b064-letflow/raw/731310965/731310965_out_fct.txt,16384,12.38439111328125,12.163,13.754700000000001,14.196,15.40517,16.373056994818654,35.499096385542174,43.94579365079365,16.105,64,437.949890625,372.881,683.7924,689.0381500000001,741.3332399999998,2.11353833073544,3.875824854754145,4.2095727572430075,777.906
20261004-070000-ws25-formal-s27-b064-conweave,20262527,64,conweave,ce699dffe2845dc83e2171a1c309c6d96b96d2b3,8dea0f8f445ff3c3dcf523f3d558df4fbc6d2fb6e5e478c84fc01e2ea5260763,74a6f7154ca10c3cd6dfd45046c4f8abf0ce27faa8ad11446b6a52920b83afba,f67bef429b7dbcacbb45188e89fb34d0bcb8cb20c0fd440b486e0fd1db21fd1d,935797009,results/20261004-070000-ws25-formal-s27-b064-conweave/raw/935797009/935797009_out_fct.txt,16384,12.413445983886719,12.202,13.808,14.25755,15.141530000000001,16.441709844559586,35.82560240963856,43.88293650793651,16.52,64,433.579046875,367.8485,668.9301,681.8101,706.0142999999999,2.0876000716612664,3.791583392376364,4.0017814935525005,712.434
20261004-070000-ws25-formal-s27-b064-classreserve,20262527,64,classreserve,ce699dffe2845dc83e2171a1c309c6d96b96d2b3,8dea0f8f445ff3c3dcf523f3d558df4fbc6d2fb6e5e478c84fc01e2ea5260763,74a6f7154ca10c3cd6dfd45046c4f8abf0ce27faa8ad11446b6a52920b83afba,4f6d74a64bc8018a0d43db9ae6f9c9e7f09d582ed26bca62b22b220ea8e49461,444038579,results/20261004-070000-ws25-formal-s27-b064-classreserve/raw/444038579/444038579_out_fct.txt,16384,12.31290643310547,12.101,13.625,14.04885,14.934,16.239637305699482,35.07740963855422,43.91142857142857,15.892,64,429.72540625,370.2045,676.1128,689.38905,734.87951,2.0983675782910582,3.832295876434746,4.1653932832648435,736.469
20261004-070000-ws25-formal-s27-b128-fecmp,20262527,128,fecmp,ce699dffe2845dc83e2171a1c309c6d96b96d2b3,a62c8058d35a5d3a01e2e4692ff6cd6a26e9892254fa05071a78f9ce4a882f6b,74a6f7154ca10c3cd6dfd45046c4f8abf0ce27faa8ad11446b6a52920b83afba,fc59eec442bd70930e20f45c82bfd4adf36501ee6ac83bf2c059771bfc936dc9,55976955,results/20261004-070000-ws25-formal-s27-b128-fecmp/raw/55976955/55976955_out_fct.txt,16384,12.436300537109375,12.246,13.858,14.487,15.380680000000002,16.46761658031088,35.786144578313255,43.89623015873016,17.275,128,600.8130546875,566.6545,849.5939,917.8624500000004,1162.0238800000002,3.2118719002408955,4.8156094657786594,6.586503500070853,1176.711
20261004-070000-ws25-formal-s27-b128-drill,20262527,128,drill,ce699dffe2845dc83e2171a1c309c6d96b96d2b3,a62c8058d35a5d3a01e2e4692ff6cd6a26e9892254fa05071a78f9ce4a882f6b,74a6f7154ca10c3cd6dfd45046c4f8abf0ce27faa8ad11446b6a52920b83afba,117fc494be12da02ac1bb87ba87a429355874a492eac08f18c93d679a53b541a,488178608,results/20261004-070000-ws25-formal-s27-b128-drill/raw/488178608/488178608_out_fct.txt,16384,12.346011779785156,12.151499999999999,13.536700000000002,13.998850000000001,14.70551,16.309585492227978,35.27710843373494,44.163452380952386,15.537,128,772.8567109375,734.2635,934.6054,982.94615,1430.49558,4.161901657928299,5.297465778659487,8.113645122029379,1456.102
20261004-070000-ws25-formal-s27-b128-conga,20262527,128,conga,ce699dffe2845dc83e2171a1c309c6d96b96d2b3,a62c8058d35a5d3a01e2e4692ff6cd6a26e9892254fa05071a78f9ce4a882f6b,74a6f7154ca10c3cd6dfd45046c4f8abf0ce27faa8ad11446b6a52920b83afba,310d72ecce62145c107829b77203e39e8ceb7a5922874bffd2230191d2aa786c,612358984,results/20261004-070000-ws25-formal-s27-b128-conga/raw/612358984/612358984_out_fct.txt,16384,12.559425231933593,12.296,14.196,14.769,15.79351,16.598445595854923,36.43885542168675,44.09689759036145,18.126,128,615.922046875,553.3589999999999,855.9989,935.8150500000004,1230.4245000000008,3.1443532119214703,4.854979140744315,6.978442410554136,1301.919
20261004-070000-ws25-formal-s27-b128-letflow,20262527,128,letflow,ce699dffe2845dc83e2171a1c309c6d96b96d2b3,a62c8058d35a5d3a01e2e4692ff6cd6a26e9892254fa05071a78f9ce4a882f6b,74a6f7154ca10c3cd6dfd45046c4f8abf0ce27faa8ad11446b6a52920b83afba,5a8634b7862a076376f8dbe7d5fff0164ff0010284522abf4431f0020292e1a2,58626294,results/20261004-070000-ws25-formal-s27-b128-letflow/raw/58626294/58626294_out_fct.txt,16384,12.439622680664062,12.180499999999999,13.9907,14.462,15.34768,16.44559585492228,35.330421686746995,43.97797619047619,16.691,128,602.619171875,534.546,856.1764999999999,864.54895,1203.0106400000004,3.029876718152189,4.862543966815354,6.8188218223040975,1290.361
20261004-070000-ws25-formal-s27-b128-conweave,20262527,128,conweave,ce699dffe2845dc83e2171a1c309c6d96b96d2b3,a62c8058d35a5d3a01e2e4692ff6cd6a26e9892254fa05071a78f9ce4a882f6b,74a6f7154ca10c3cd6dfd45046c4f8abf0ce27faa8ad11446b6a52920b83afba,5f6cb2f3d4d060c91262406be497dfd92b32f3f533940e32094f51903db19f0b,626825034,results/20261004-070000-ws25-formal-s27-b128-conweave/raw/626825034/626825034_out_fct.txt,16384,12.532594543457032,12.306,13.987,14.574,16.21017,16.639896373056995,36.07650602409639,43.932539682539684,18.5,128,597.2326640625,557.2615000000001,855.8775,864.5612000000001,1144.0987400000001,3.1601109422654114,4.862543966815354,6.4990329486988285,1171.941
20261004-070000-ws25-formal-s27-b128-classreserve,20262527,128,classreserve,ce699dffe2845dc83e2171a1c309c6d96b96d2b3,a62c8058d35a5d3a01e2e4692ff6cd6a26e9892254fa05071a78f9ce4a882f6b,74a6f7154ca10c3cd6dfd45046c4f8abf0ce27faa8ad11446b6a52920b83afba,79225997476d702338fc88a84a8f993c92843ce547933787e6ed0c431957ee4d,690769942,results/20261004-070000-ws25-formal-s27-b128-classreserve/raw/690769942/690769942_out_fct.txt,16384,12.366985961914063,12.123,13.758,14.3327,15.368,16.313471502590673,35.16084337349398,43.888888888888886,16.956,128,594.28809375,531.8109999999999,856.1849,909.0872500000004,1233.6735800000004,3.0143743800481793,4.852968116763497,6.992623381040104,1296.297
20261004-070000-ws25-formal-s27-b192-fecmp,20262527,192,fecmp,ce699dffe2845dc83e2171a1c309c6d96b96d2b3,b52a74f776840e3ff19af49e239251dff3409f6d6197373e8175b3aff98d19d3,74a6f7154ca10c3cd6dfd45046c4f8abf0ce27faa8ad11446b6a52920b83afba,1f4f2b1b83be6d3ef1fcb433184916a60bc99c956b6f2bf5c195a3613ebbe722,923956260,results/20261004-070000-ws25-formal-s27-b192-fecmp/raw/923956260/923956260_out_fct.txt,16384,12.496065124511718,12.289,14.004,14.522,15.355170000000001,16.571891191709845,35.90963855421687,43.80623015873016,17.972,192,815.76546875,785.6885,1208.2164,1397.5155999999997,1628.4867700000002,4.4533852912002265,6.848511832223324,9.230476236361062,1685.42
20261004-070000-ws25-formal-s27-b192-drill,20262527,192,drill,ce699dffe2845dc83e2171a1c309c6d96b96d2b3,b52a74f776840e3ff19af49e239251dff3409f6d6197373e8175b3aff98d19d3,74a6f7154ca10c3cd6dfd45046c4f8abf0ce27faa8ad11446b6a52920b83afba,37f53d87e2a385570da9e3dea4bfeccc0bf3173d199db83ccfc341790890d045,485048029,results/20261004-070000-ws25-formal-s27-b192-drill/raw/485048029/485048029_out_fct.txt,16384,12.372953796386719,12.203,13.519,13.95785,14.64451,16.39896373056995,35.51927710843374,43.97289682539682,15.625,192,943.7798541666666,915.4135,1302.7850000000003,1417.3107499999999,1596.1864600000001,5.1960521468045915,7.384355958622646,9.047393850077938,1734.569
20261004-070000-ws25-formal-s27-b192-conga,20262527,192,conga,ce699dffe2845dc83e2171a1c309c6d96b96d2b3,b52a74f776840e3ff19af49e239251dff3409f6d6197373e8175b3aff98d19d3,74a6f7154ca10c3cd6dfd45046c4f8abf0ce27faa8ad11446b6a52920b83afba,6a064d640302f2432f2cfcc3118ec847a3072f4eb959ab088a96411fa327ce3e,165111469,results/20261004-070000-ws25-formal-s27-b192-conga/raw/165111469/165111469_out_fct.txt,16384,12.65908642578125,12.338,14.440700000000001,15.097700000000001,17.03502,16.692357512953368,36.7671686746988,45.635026295658825,19.237,192,808.3536302083334,786.7075,1199.6279,1293.3488999999995,1604.46665,4.466885517002687,6.802326200935242,9.118769933111794,1636.097
20261004-070000-ws25-formal-s27-b192-letflow,20262527,192,letflow,ce699dffe2845dc83e2171a1c309c6d96b96d2b3,b52a74f776840e3ff19af49e239251dff3409f6d6197373e8175b3aff98d19d3,74a6f7154ca10c3cd6dfd45046c4f8abf0ce27faa8ad11446b6a52920b83afba,79be5513658d80e89fbf2511785ff49e3fad5ebcfe8d65e5125b14dff9a7c545,299013311,results/20261004-070000-ws25-formal-s27-b192-letflow/raw/299013311/299013311_out_fct.txt,16384,12.509696533203124,12.235,14.087,14.638,15.84502,16.53821243523316,35.8222891566265,43.80690476190476,18.354,192,810.5080520833334,792.2560000000001,1205.1434,1327.6220499999997,1620.89553,4.490610741108119,6.830991639506873,9.187448094090973,1633.855
20261004-070000-ws25-formal-s27-b192-conweave,20262527,192,conweave,ce699dffe2845dc83e2171a1c309c6d96b96d2b3,b52a74f776840e3ff19af49e239251dff3409f6d6197373e8175b3aff98d19d3,74a6f7154ca10c3cd6dfd45046c4f8abf0ce27faa8ad11446b6a52920b83afba,c3a4d5e7d4c067282512ed965c801b546f7c0549ed5ab19c368bb22de3be5da2,596123561,results/20261004-070000-ws25-formal-s27-b192-conweave/raw/596123561/596123561_out_fct.txt,16384,12.58383966064453,12.336,14.164,14.8377,15.685,16.634715025906736,36.13765060240964,44.148102409638554,18.575,192,815.0981666666667,783.73,1199.5796,1381.2206999999996,1550.8578000000002,4.448880789476017,6.802874309196542,8.79046507014312,1601.798
20261004-070000-ws25-formal-s27-b192-classreserve,20262527,192,classreserve,ce699dffe2845dc83e2171a1c309c6d96b96d2b3,b52a74f776840e3ff19af49e239251dff3409f6d6197373e8175b3aff98d19d3,74a6f7154ca10c3cd6dfd45046c4f8abf0ce27faa8ad11446b6a52920b83afba,726203361099baa08fabfa3eaf324d894356ed3e1acc85ff11d01f8e7e378b78,546269679,results/20261004-070000-ws25-formal-s27-b192-classreserve/raw/546269679/546269679_out_fct.txt,16384,12.434761413574218,12.208,13.899,14.363850000000001,15.48717,16.409326424870468,35.39156626506024,43.94444444444444,17.619,192,818.953875,784.1605,1208.1643000000001,1404.2089999999994,1558.25816,4.452123760547774,6.85018846535355,8.856134298913398,1619.763
20261004-070000-ws25-formal-s28-b000-fecmp,20262528,0,fecmp,ce699dffe2845dc83e2171a1c309c6d96b96d2b3,13d98a382b4ec86f1f137a681acd215bf0a729ace0000564d42c10edb40fb673,74a6f7154ca10c3cd6dfd45046c4f8abf0ce27faa8ad11446b6a52920b83afba,56c8c4821f35921cae5ef88e2475fc11d56f3d5c0c692d08a2e1fdf5d95edf75,928402382,results/20261004-070000-ws25-formal-s28-b000-fecmp/raw/928402382/928402382_out_fct.txt,16384,12.23662158203125,12.057,13.4307,13.879,14.71651,16.03238341968912,34.95180722891566,44.105198412698414,15.271,0,,,,,,,,,
20261004-070000-ws25-formal-s28-b000-drill,20262528,0,drill,ce699dffe2845dc83e2171a1c309c6d96b96d2b3,13d98a382b4ec86f1f137a681acd215bf0a729ace0000564d42c10edb40fb673,74a6f7154ca10c3cd6dfd45046c4f8abf0ce27faa8ad11446b6a52920b83afba,62d42e8360bef1a45262dd9706b28903188165b5c3a91d5bd220811197cebfa6,661598306,results/20261004-070000-ws25-formal-s28-b000-drill/raw/661598306/661598306_out_fct.txt,16384,12.241993041992188,12.092500000000001,13.379700000000001,13.807,14.794,16.07318652849741,34.897891566265066,44.26587301587302,15.379,0,,,,,,,,,
20261004-070000-ws25-formal-s28-b000-conga,20262528,0,conga,ce699dffe2845dc83e2171a1c309c6d96b96d2b3,13d98a382b4ec86f1f137a681acd215bf0a729ace0000564d42c10edb40fb673,74a6f7154ca10c3cd6dfd45046c4f8abf0ce27faa8ad11446b6a52920b83afba,7e3a2cff375409f17ede55a2846ed232f77d36085b16500f1daaf4fb56cb02b2,664982666,results/20261004-070000-ws25-formal-s28-b000-conga/raw/664982666/664982666_out_fct.txt,16384,12.271486083984374,12.092500000000001,13.4847,13.988550000000002,14.73417,16.075129533678755,35.29939759036145,43.95305555555555,15.352,0,,,,,,,,,
20261004-070000-ws25-formal-s28-b000-letflow,20262528,0,letflow,ce699dffe2845dc83e2171a1c309c6d96b96d2b3,13d98a382b4ec86f1f137a681acd215bf0a729ace0000564d42c10edb40fb673,74a6f7154ca10c3cd6dfd45046c4f8abf0ce27faa8ad11446b6a52920b83afba,b151961a9de81768fcebf77030a073f103d77bd25490b6eafc1cc80b6b5b8cb7,520433097,results/20261004-070000-ws25-formal-s28-b000-letflow/raw/520433097/520433097_out_fct.txt,16384,12.234550109863282,12.069,13.403,13.844,14.662170000000001,16.025906735751295,34.894578313253014,44.251349206349204,15.27,0,,,,,,,,,
20261004-070000-ws25-formal-s28-b000-conweave,20262528,0,conweave,ce699dffe2845dc83e2171a1c309c6d96b96d2b3,13d98a382b4ec86f1f137a681acd215bf0a729ace0000564d42c10edb40fb673,74a6f7154ca10c3cd6dfd45046c4f8abf0ce27faa8ad11446b6a52920b83afba,c775fcdd1f79b385e3154da139f29c816f4af617a9dd97234741b1375052a2d3,259710094,results/20261004-070000-ws25-formal-s28-b000-conweave/raw/259710094/259710094_out_fct.txt,16384,12.269355102539063,12.089,13.452,13.87585,14.70719,16.0919689119171,35.03915662650602,43.962341269841275,15.248,0,,,,,,,,,
20261004-070000-ws25-formal-s28-b000-classreserve,20262528,0,classreserve,ce699dffe2845dc83e2171a1c309c6d96b96d2b3,13d98a382b4ec86f1f137a681acd215bf0a729ace0000564d42c10edb40fb673,74a6f7154ca10c3cd6dfd45046c4f8abf0ce27faa8ad11446b6a52920b83afba,058c45a28d1bb9cc667167b241a72153bd5230252b8f47fcdf1e3a2057fd0536,869013570,results/20261004-070000-ws25-formal-s28-b000-classreserve/raw/869013570/869013570_out_fct.txt,16384,12.24955010986328,12.074,13.39,13.904,15.00351,16.055699481865286,34.84849397590362,44.22753968253968,15.665,0,,,,,,,,,
20261004-070000-ws25-formal-s28-b064-fecmp,20262528,64,fecmp,ce699dffe2845dc83e2171a1c309c6d96b96d2b3,28b64d698f0a25c7dcd407f9225749ebe72c1bbb77c2eb242e8c3d5ea70c7053,74a6f7154ca10c3cd6dfd45046c4f8abf0ce27faa8ad11446b6a52920b83afba,2a79f4ccb2ac3600cd696819be1d4ba32b3d1dde70e9a404ea2e2ac4b972c0bc,960947654,results/20261004-070000-ws25-formal-s28-b064-fecmp/raw/960947654/960947654_out_fct.txt,16384,12.333234130859376,12.069500000000001,13.669400000000001,14.334550000000002,15.51985,16.17616580310881,34.924698795180724,44.27517307324537,17.43,64,399.432828125,364.416,545.4258000000001,654.3231000000001,671.39521,2.065557602380615,3.091544849086014,3.8055559586226444,671.731
20261004-070000-ws25-formal-s28-b064-drill,20262528,64,drill,ce699dffe2845dc83e2171a1c309c6d96b96d2b3,28b64d698f0a25c7dcd407f9225749ebe72c1bbb77c2eb242e8c3d5ea70c7053,74a6f7154ca10c3cd6dfd45046c4f8abf0ce27faa8ad11446b6a52920b83afba,f108a9b7f598f4aa9e8924e9762c4940b38f365dcac77fc6e3fc4f9238032d34,401754570,results/20261004-070000-ws25-formal-s28-b064-drill/raw/401754570/401754570_out_fct.txt,16384,12.27519140625,12.119,13.378,13.85885,14.849680000000001,16.128238341968913,35.03313253012048,44.277857142857144,15.525,64,622.22496875,583.7625,716.9157,732.92435,793.12435,3.3115081315886137,4.063572056114496,4.495532662604506,793.6
20261004-070000-ws25-formal-s28-b064-conga,20262528,64,conga,ce699dffe2845dc83e2171a1c309c6d96b96d2b3,28b64d698f0a25c7dcd407f9225749ebe72c1bbb77c2eb242e8c3d5ea70c7053,74a6f7154ca10c3cd6dfd45046c4f8abf0ce27faa8ad11446b6a52920b83afba,0c28f2a49908cbd70322dc8acfe2c1d6e9eb3d792301a348297ddcb2af656839,768724389,results/20261004-070000-ws25-formal-s28-b064-conga/raw/768724389/768724389_out_fct.txt,16384,12.390686767578124,12.141,13.847700000000001,14.364,15.595170000000001,16.319948186528496,35.713855421686745,44.29761904761905,17.343,64,406.374015625,398.418,526.5,651.2934000000002,671.34221,2.258285390392518,2.984270936658637,3.8052555476831516,671.678
20261004-070000-ws25-formal-s28-b064-letflow,20262528,64,letflow,ce699dffe2845dc83e2171a1c309c6d96b96d2b3,28b64d698f0a25c7dcd407f9225749ebe72c1bbb77c2eb242e8c3d5ea70c7053,74a6f7154ca10c3cd6dfd45046c4f8abf0ce27faa8ad11446b6a52920b83afba,299726ae329e49788e2b2f0c99db98d134c1139d49e9e66a43beb3931663a8e5,877932760,results/20261004-070000-ws25-formal-s28-b064-letflow/raw/877932760/877932760_out_fct.txt,16384,12.347433044433593,12.072,13.766,14.354550000000001,15.221,16.231865284974095,34.9027108433735,44.21186746987952,16.513,64,410.738859375,452.1,530.6199,653.6114000000001,671.77783,2.568968946217007,3.007623069292901,3.807724698880544,672.382
20261004-070000-ws25-formal-s28-b064-conweave,20262528,64,conweave,ce699dffe2845dc83e2171a1c309c6d96b96d2b3,28b64d698f0a25c7dcd407f9225749ebe72c1bbb77c2eb242e8c3d5ea70c7053,74a6f7154ca10c3cd6dfd45046c4f8abf0ce27faa8ad11446b6a52920b83afba,c3f7964ef8ad2a888b2114f15781238b4d1c72b42879239275adff1736a4b570,45718111,results/20261004-070000-ws25-formal-s28-b064-conweave/raw/45718111/45718111_out_fct.txt,16384,12.377620483398438,12.098,13.86,14.4747,15.136,16.24417098445596,35.13855421686747,43.92130952380952,16.297,64,395.51228125,356.399,526.2672,599.91115,643.7575599999998,2.023706565900503,2.9829513957772424,3.6489021397194263,692.89
20261004-070000-ws25-formal-s28-b064-classreserve,20262528,64,classreserve,ce699dffe2845dc83e2171a1c309c6d96b96d2b3,28b64d698f0a25c7dcd407f9225749ebe72c1bbb77c2eb242e8c3d5ea70c7053,74a6f7154ca10c3cd6dfd45046c4f8abf0ce27faa8ad11446b6a52920b83afba,3bfe0a0a61dcf892254efcaaa00a0fc5df285eb4fa1c34041ac7e22a26676274,437493323,results/20261004-070000-ws25-formal-s28-b064-classreserve/raw/437493323/437493323_out_fct.txt,16384,12.3056728515625,12.102,13.548,14.11,14.96917,16.173575129533678,34.95391566265061,43.99670634920635,15.601,64,396.034390625,356.3085,523.6395,650.4602000000002,672.77461,2.0196032308346323,2.9680572481224314,3.8133745784327617,673.123
20261004-070000-ws25-formal-s28-b128-fecmp,20262528,128,fecmp,ce699dffe2845dc83e2171a1c309c6d96b96d2b3,f8ef07166e9450e648c62739f8f6041a2cc91e99a769c7aaf3f748428d15e3ea,74a6f7154ca10c3cd6dfd45046c4f8abf0ce27faa8ad11446b6a52920b83afba,8c9c0465829116a6d6b4d10606bb5dd06b70df67bc2dcb881a5c7b3a639fd718,697231532,results/20261004-070000-ws25-formal-s28-b128-fecmp/raw/697231532/697231532_out_fct.txt,16384,12.45628564453125,12.151499999999999,14.077,14.685,16.194,16.306347150259068,35.110542168674705,45.006349206349206,18.472,128,622.3520859375,572.7945,1014.6949,1030.4854500000001,1132.1604600000003,3.251474315358325,5.75142355108403,6.417233725379058,1251.249
20261004-070000-ws25-formal-s28-b128-drill,20262528,128,drill,ce699dffe2845dc83e2171a1c309c6d96b96d2b3,f8ef07166e9450e648c62739f8f6041a2cc91e99a769c7aaf3f748428d15e3ea,74a6f7154ca10c3cd6dfd45046c4f8abf0ce27faa8ad11446b6a52920b83afba,3d09a7393054254858809ccab7996d7aaf03822a4a73d1dfce413b559d65556c,556574445,results/20261004-070000-ws25-formal-s28-b128-drill/raw/556574445/556574445_out_fct.txt,16384,12.3347568359375,12.191,13.4267,13.86985,14.79668,16.270725388601036,35.25120481927711,44.117182539682545,15.436,128,810.618734375,795.519,1093.0839,1133.6652500000002,1396.33293,4.50910585234519,6.195742666855605,7.914597874450901,1532.774
20261004-070000-ws25-formal-s28-b128-conga,20262528,128,conga,ce699dffe2845dc83e2171a1c309c6d96b96d2b3,f8ef07166e9450e648c62739f8f6041a2cc91e99a769c7aaf3f748428d15e3ea,74a6f7154ca10c3cd6dfd45046c4f8abf0ce27faa8ad11446b6a52920b83afba,7e0b1b2a07faed4c41cf3657673e3d41e0209fb9a4e1fc42b59ebcc1713f2f6f,9526418,results/20261004-070000-ws25-formal-s28-b128-conga/raw/9526418/9526418_out_fct.txt,16384,12.511696533203125,12.229,14.005700000000001,14.55385,16.17902,16.526554404145077,35.852409638554214,44.795119047619046,18.499,128,621.8690390625,590.258,1015.5429,1031.0174499999998,1127.41387,3.345659628737424,5.756230126115913,6.390329431769875,1225.236
20261004-070000-ws25-formal-s28-b128-letflow,20262528,128,letflow,ce699dffe2845dc83e2171a1c309c6d96b96d2b3,f8ef07166e9450e648c62739f8f6041a2cc91e99a769c7aaf3f748428d15e3ea,74a6f7154ca10c3cd6dfd45046c4f8abf0ce27faa8ad11446b6a52920b83afba,4a452b120be8925adf5f49d4c32e76de875fda3a6e272cb2a6af5018fc052dee,785356887,results/20261004-070000-ws25-formal-s28-b128-letflow/raw/785356887/785356887_out_fct.txt,16384,12.418011169433594,12.125,13.981,14.45085,15.42734,16.425518134715027,34.855421686746986,44.00396825396825,17.103,128,626.3566484375,608.535,1014.8538,1030.99325,1141.9794100000004,3.4494494673835856,5.752324217089415,6.472888819611735,1188.583
20261004-070000-ws25-formal-s28-b128-conweave,20262528,128,conweave,ce699dffe2845dc83e2171a1c309c6d96b96d2b3,f8ef07166e9450e648c62739f8f6041a2cc91e99a769c7aaf3f748428d15e3ea,74a6f7154ca10c3cd6dfd45046c4f8abf0ce27faa8ad11446b6a52920b83afba,b252b495e6d66531dc3f328a84756dded3ff9ef2bc2fcaf86ef876105d5ad7ad,10012950,results/20261004-070000-ws25-formal-s28-b128-conweave/raw/10012950/10012950_out_fct.txt,16384,12.49917547607422,12.216,14.1277,14.7887,16.06334,16.4559585492228,35.450903614457836,44.64036813922356,18.314,128,630.68190625,601.52,1014.9204,1031.8682,1166.64265,3.41374124336516,5.752701714609607,6.612683293184072,1196.982
20261004-070000-ws25-formal-s28-b128-classreserve,20262528,128,classreserve,ce699dffe2845dc83e2171a1c309c6d96b96d2b3,f8ef07166e9450e648c62739f8f6041a2cc91e99a769c7aaf3f748428d15e3ea,74a6f7154ca10c3cd6dfd45046c4f8abf0ce27faa8ad11446b6a52920b83afba,ba07dd8e9be4dbf94ccadfe9260186023b8f67a01d42861db1313e5e378db10f,986612673,results/20261004-070000-ws25-formal-s28-b128-classreserve/raw/986612673/986612673_out_fct.txt,16384,12.367115112304688,12.135,13.753,14.219850000000001,14.925680000000002,16.257772020725387,35.06927710843374,43.89420634920635,16.283,128,620.172109375,574.858,996.6842999999999,1032.2978,1149.88707,3.258370412356525,5.649337112087289,6.517710471871901,1219.188
20261004-070000-ws25-formal-s28-b192-fecmp,20262528,192,fecmp,ce699dffe2845dc83e2171a1c309c6d96b96d2b3,accec0283de8ab914deafc56bfc483323b78c0179cc061e9832562315ce2e352,74a6f7154ca10c3cd6dfd45046c4f8abf0ce27faa8ad11446b6a52920b83afba,ee6c5e57384ec079bdda1e42e6674df86ae87106f406a67de77e6b1835531ae1,424674093,results/20261004-070000-ws25-formal-s28-b192-fecmp/raw/424674093/424674093_out_fct.txt,16384,12.555308959960938,12.189499999999999,14.278,15.05385,15.977680000000001,16.523316062176164,35.4289156626506,44.96955440810863,19.197,192,811.9369895833333,724.6405,1326.614,1357.3381,1537.6946400000002,4.107357233952104,7.51942185064475,8.735612627245239,1602.411
20261004-070000-ws25-formal-s28-b192-drill,20262528,192,drill,ce699dffe2845dc83e2171a1c309c6d96b96d2b3,accec0283de8ab914deafc56bfc483323b78c0179cc061e9832562315ce2e352,74a6f7154ca10c3cd6dfd45046c4f8abf0ce27faa8ad11446b6a52920b83afba,b26a6d1a7ee348047eef827e61240f82876bb93ef6e6d18861ad1b1bba0ff1ef,949608989,results/20261004-070000-ws25-formal-s28-b192-drill/raw/949608989/949608989_out_fct.txt,16384,12.375735473632812,12.233,13.4417,13.8337,14.741,16.34261658031088,35.339457831325305,44.10654761904762,15.426,192,982.202328125,935.9475,1446.5359,1581.7731499999998,1686.27323,5.305072977185773,8.199154881677767,9.558017457843276,1735.487
20261004-070000-ws25-formal-s28-b192-conga,20262528,192,conga,ce699dffe2845dc83e2171a1c309c6d96b96d2b3,accec0283de8ab914deafc56bfc483323b78c0179cc061e9832562315ce2e352,74a6f7154ca10c3cd6dfd45046c4f8abf0ce27faa8ad11446b6a52920b83afba,4dc3320955002b7499eece093548bf000b983903680180fb6dc568ccd1fb2e34,118419272,results/20261004-070000-ws25-formal-s28-b192-conga/raw/118419272/118419272_out_fct.txt,16384,12.652847106933594,12.237,14.5397,15.5927,17.86319,16.497409326424872,35.99096385542169,46.16371438133486,19.945,192,821.55609375,725.71,1310.366,1414.0404999999998,1626.0454000000002,4.11341929998583,7.4273260592319685,9.21663823154315,1722.999
20261004-070000-ws25-formal-s28-b192-letflow,20262528,192,letflow,ce699dffe2845dc83e2171a1c309c6d96b96d2b3,accec0283de8ab914deafc56bfc483323b78c0179cc061e9832562315ce2e352,74a6f7154ca10c3cd6dfd45046c4f8abf0ce27faa8ad11446b6a52920b83afba,e5d23b943b010b31b402cc53da2b21db2d3d6b6129df849a4eb08231c17c9eb6,608421349,results/20261004-070000-ws25-formal-s28-b192-letflow/raw/608421349/608421349_out_fct.txt,16384,12.510052307128905,12.229,14.097700000000001,14.75285,15.69617,16.503886010362695,35.605421686746986,44.00452380952381,17.302,192,818.25115625,725.662,1376.2507,1448.5458499999997,1515.37688,4.113147229701006,7.80076916536772,8.589354569930565,1569.836
20261004-070000-ws25-formal-s28-b192-conweave,20262528,192,conweave,ce699dffe2845dc83e2171a1c309c6d96b96d2b3,accec0283de8ab914deafc56bfc483323b78c0179cc061e9832562315ce2e352,74a6f7154ca10c3cd6dfd45046c4f8abf0ce27faa8ad11446b6a52920b83afba,2d1bcd8950c26512b3b22ce0671e3d10a1345515595a19d9040653429b47ef22,191294305,results/20261004-070000-ws25-formal-s28-b192-conweave/raw/191294305/191294305_out_fct.txt,16384,12.592709411621094,12.261,14.361,15.020700000000001,15.91,16.64119170984456,35.70783132530121,44.52710843373494,17.619,192,834.09084375,750.9635000000001,1376.1141,1470.366,1552.9084300000002,4.2619031194483785,7.79999489868216,8.80208830947995,1608.405
20261004-070000-ws25-formal-s28-b192-classreserve,20262528,192,classreserve,ce699dffe2845dc83e2171a1c309c6d96b96d2b3,accec0283de8ab914deafc56bfc483323b78c0179cc061e9832562315ce2e352,74a6f7154ca10c3cd6dfd45046c4f8abf0ce27faa8ad11446b6a52920b83afba,56c6f8c626a396432fb570b9a88a38b660fd8c160d28fac9c915cdfd5e2cbf56,578063477,results/20261004-070000-ws25-formal-s28-b192-classreserve/raw/578063477/578063477_out_fct.txt,16384,12.45709521484375,12.188,13.993,14.542,16.21885,16.246113989637305,34.993975903614455,44.25769841269842,17.212,192,810.6888385416667,730.9939999999999,1372.0778,1385.7324499999997,1579.6833400000003,4.148536369205755,7.777116621793963,8.953852005101318,1641.515
20261004-070000-ws25-formal-s29-b000-fecmp,20262529,0,fecmp,ce699dffe2845dc83e2171a1c309c6d96b96d2b3,bcc96cfeed65784688e51ed9a6849eccc067872b480ba1ade4624efa3765ddf3,74a6f7154ca10c3cd6dfd45046c4f8abf0ce27faa8ad11446b6a52920b83afba,a9d891bb7943317b7384775bd0b5cf1d235f2699e2e705aa4026e774dccb7478,972339315,results/20261004-070000-ws25-formal-s29-b000-fecmp/raw/972339315/972339315_out_fct.txt,16384,12.268946594238281,12.12,13.476,13.83385,14.52134,16.142487046632123,35.394578313253014,44.262441193344806,15.478,0,,,,,,,,,
20261004-070000-ws25-formal-s29-b000-drill,20262529,0,drill,ce699dffe2845dc83e2171a1c309c6d96b96d2b3,bcc96cfeed65784688e51ed9a6849eccc067872b480ba1ade4624efa3765ddf3,74a6f7154ca10c3cd6dfd45046c4f8abf0ce27faa8ad11446b6a52920b83afba,c4dfec26d2722d53276b3b96d80e8fd0cfc3772f5db2c73da4438eb8109af9d2,462207929,results/20261004-070000-ws25-formal-s29-b000-drill/raw/462207929/462207929_out_fct.txt,16384,12.273741088867187,12.142,13.501,13.89,14.45934,16.18782383419689,35.21084337349398,44.39031746031746,14.807,0,,,,,,,,,
20261004-070000-ws25-formal-s29-b000-conga,20262529,0,conga,ce699dffe2845dc83e2171a1c309c6d96b96d2b3,bcc96cfeed65784688e51ed9a6849eccc067872b480ba1ade4624efa3765ddf3,74a6f7154ca10c3cd6dfd45046c4f8abf0ce27faa8ad11446b6a52920b83afba,b7d7f96ba9ff824522228b3698ad7a0e5525f0dc314e5e90eeb666f71231dc93,833768003,results/20261004-070000-ws25-formal-s29-b000-conga/raw/833768003/833768003_out_fct.txt,16384,12.332775146484375,12.179,13.567,13.97085,14.64,16.262953367875646,36.07439759036145,44.21825396825397,15.51,0,,,,,,,,,
20261004-070000-ws25-formal-s29-b000-letflow,20262529,0,letflow,ce699dffe2845dc83e2171a1c309c6d96b96d2b3,bcc96cfeed65784688e51ed9a6849eccc067872b480ba1ade4624efa3765ddf3,74a6f7154ca10c3cd6dfd45046c4f8abf0ce27faa8ad11446b6a52920b83afba,56ab6596cf5b37ba8c8744666dcc1456180ee8a8554544a73e6a8841a1ea167c,725530743,results/20261004-070000-ws25-formal-s29-b000-letflow/raw/725530743/725530743_out_fct.txt,16384,12.289934020996094,12.121500000000001,13.568700000000002,13.97,14.537170000000001,16.174222797927463,35.44909638554218,44.14496031746032,15.087,0,,,,,,,,,
20261004-070000-ws25-formal-s29-b000-conweave,20262529,0,conweave,ce699dffe2845dc83e2171a1c309c6d96b96d2b3,bcc96cfeed65784688e51ed9a6849eccc067872b480ba1ade4624efa3765ddf3,74a6f7154ca10c3cd6dfd45046c4f8abf0ce27faa8ad11446b6a52920b83afba,89b6e5201106f587f70e5d3ed0d71f4bc145c37e14005a047dde50bd0c59f07f,919828418,results/20261004-070000-ws25-formal-s29-b000-conweave/raw/919828418/919828418_out_fct.txt,16384,12.305678100585938,12.174,13.54,13.937850000000001,14.48868,16.27720207253886,35.72289156626506,43.96496031746032,14.776,0,,,,,,,,,
20261004-070000-ws25-formal-s29-b000-classreserve,20262529,0,classreserve,ce699dffe2845dc83e2171a1c309c6d96b96d2b3,bcc96cfeed65784688e51ed9a6849eccc067872b480ba1ade4624efa3765ddf3,74a6f7154ca10c3cd6dfd45046c4f8abf0ce27faa8ad11446b6a52920b83afba,fe4b3f7bf649a26f2dabd7d1f990830cacd3d84d656bab5ac50022bfc3586945,349852205,results/20261004-070000-ws25-formal-s29-b000-classreserve/raw/349852205/349852205_out_fct.txt,16384,12.25974609375,12.13,13.47,13.867,14.426,16.16580310880829,35.17168674698795,44.23496031746032,14.846,0,,,,,,,,,
20261004-070000-ws25-formal-s29-b064-fecmp,20262529,64,fecmp,ce699dffe2845dc83e2171a1c309c6d96b96d2b3,473829e62b45278b6b10e53f8203a87a3a50e52616be74f1cf1c815cfa0a650d,74a6f7154ca10c3cd6dfd45046c4f8abf0ce27faa8ad11446b6a52920b83afba,ef4759c7b1da586d12e1554ec7af7b1717271fa39a85a843e6d3857584bcee48,895858270,results/20261004-070000-ws25-formal-s29-b064-fecmp/raw/895858270/895858270_out_fct.txt,16384,12.324169189453125,12.145,13.5797,14.023,14.88453,16.32383419689119,35.674698795180724,44.080714285714286,16.395,64,392.969046875,350.401,523.825,674.2836500000002,696.1472299999999,1.9898052630174718,2.969108686410656,3.9458536488592886,697.016
20261004-070000-ws25-formal-s29-b064-drill,20262529,64,drill,ce699dffe2845dc83e2171a1c309c6d96b96d2b3,473829e62b45278b6b10e53f8203a87a3a50e52616be74f1cf1c815cfa0a650d,74a6f7154ca10c3cd6dfd45046c4f8abf0ce27faa8ad11446b6a52920b83afba,53f3169bb28b5a19291b27aad7ecdd98af1e4f436f9b59454b44e46cad4e185d,860299542,results/20261004-070000-ws25-formal-s29-b064-drill/raw/860299542/860299542_out_fct.txt,16384,12.298434204101563,12.207,13.442,13.897,14.47451,16.238341968911918,35.49096385542169,44.340674603174605,14.852,64,612.044921875,576.4285,714.2166000000001,834.4231500000002,851.42029,3.2734873175570356,4.0490628974881595,4.825961683434887,851.683
20261004-070000-ws25-formal-s29-b064-conga,20262529,64,conga,ce699dffe2845dc83e2171a1c309c6d96b96d2b3,473829e62b45278b6b10e53f8203a87a3a50e52616be74f1cf1c815cfa0a650d,74a6f7154ca10c3cd6dfd45046c4f8abf0ce27faa8ad11446b6a52920b83afba,4c58d3b2a0ca0c1a5071b3cd929ae6bbfb0ad9c9ba6d70111ab132f05b5b26e7,49501230,results/20261004-070000-ws25-formal-s29-b064-conga/raw/49501230/49501230_out_fct.txt,16384,12.42739111328125,12.218,13.847,14.283,15.482,16.4080310880829,36.28222891566266,44.43718253968254,16.424,64,387.405671875,347.48249999999996,520.3456,669.9190000000002,697.2172099999999,1.9695763072126966,2.949386991639507,3.9519184355958625,697.616
20261004-070000-ws25-formal-s29-b064-letflow,20262529,64,letflow,ce699dffe2845dc83e2171a1c309c6d96b96d2b3,473829e62b45278b6b10e53f8203a87a3a50e52616be74f1cf1c815cfa0a650d,74a6f7154ca10c3cd6dfd45046c4f8abf0ce27faa8ad11446b6a52920b83afba,dc80dc89a25d21f8f12d95b9bfbdd10a03c4bf4f59098d68f0d518d4ab71cebd,244205456,results/20261004-070000-ws25-formal-s29-b064-letflow/raw/244205456/244205456_out_fct.txt,16384,12.334034118652344,12.183,13.61,13.99585,14.605170000000001,16.354922279792746,35.73403614457832,44.060753012048195,16.588,64,398.94596875,349.9655,528.2447000000001,675.2722000000001,696.74042,1.9886098247009687,2.994160124698881,3.949215927447924,696.845
20261004-070000-ws25-formal-s29-b064-conweave,20262529,64,conweave,ce699dffe2845dc83e2171a1c309c6d96b96d2b3,473829e62b45278b6b10e53f8203a87a3a50e52616be74f1cf1c815cfa0a650d,74a6f7154ca10c3cd6dfd45046c4f8abf0ce27faa8ad11446b6a52920b83afba,b876d9c894e8238e94eae624ee286186b7b08eb8e2ec3ad2e2450f13a1abdb81,975699982,results/20261004-070000-ws25-formal-s29-b064-conweave/raw/975699982/975699982_out_fct.txt,16384,12.446166137695313,12.225,13.864,14.30085,15.209060000000001,16.473445595854923,36.0171686746988,43.98083333333333,17.239,64,397.39914062500003,349.7985,516.1846,677.4274500000002,797.93001,1.9851825125237217,2.928497107177013,4.52277177270795,798.039
20261004-070000-ws25-formal-s29-b064-classreserve,20262529,64,classreserve,ce699dffe2845dc83e2171a1c309c6d96b96d2b3,473829e62b45278b6b10e53f8203a87a3a50e52616be74f1cf1c815cfa0a650d,74a6f7154ca10c3cd6dfd45046c4f8abf0ce27faa8ad11446b6a52920b83afba,10cc7a09ab4268816b7ec0348e622619421b6320622bf84dff4a29d7b81ecb08,499529180,results/20261004-070000-ws25-formal-s29-b064-classreserve/raw/499529180/499529180_out_fct.txt,16384,12.344461669921875,12.189,13.684,14.153,15.04817,16.335492227979273,35.431927710843375,44.255992063492066,16.077,64,385.5948125,348.4865,611.3404000000002,694.3944,696.21686,1.978606131204364,3.465157432336688,3.9462483208162107,697.4
20261004-070000-ws25-formal-s29-b128-fecmp,20262529,128,fecmp,ce699dffe2845dc83e2171a1c309c6d96b96d2b3,ef6935357e1b0b6ada4e2bf085ca0462d2a9fc27d27c42442c32e8a15a6741bb,74a6f7154ca10c3cd6dfd45046c4f8abf0ce27faa8ad11446b6a52920b83afba,38d3a13f5e44166e814af3406fbf23c3c1ac4711440a6da507f00174ee42d164,366134787,results/20261004-070000-ws25-formal-s29-b128-fecmp/raw/366134787/366134787_out_fct.txt,16384,12.42749267578125,12.189,13.903,14.44,15.293190000000001,16.401554404145077,35.73403614457832,44.091944444444444,16.725,128,606.675984375,659.5125,865.9665,877.7183,910.4844200000001,3.742858282526937,4.908411506305796,5.1607449057673245,965.797
20261004-070000-ws25-formal-s29-b128-drill,20262529,128,drill,ce699dffe2845dc83e2171a1c309c6d96b96d2b3,ef6935357e1b0b6ada4e2bf085ca0462d2a9fc27d27c42442c32e8a15a6741bb,74a6f7154ca10c3cd6dfd45046c4f8abf0ce27faa8ad11446b6a52920b83afba,d8eae69b8cfa9a6c8c3b21aa2e9ee47bf4282bcd1670711f76a38c2828fa2ad7,747783749,results/20261004-070000-ws25-formal-s29-b128-drill/raw/747783749/747783749_out_fct.txt,16384,12.342417724609374,12.261,13.479,13.935,14.454170000000001,16.32901554404145,35.60361445783133,44.17924603174603,14.823,128,807.202921875,828.6865,989.9599999999999,1054.6735,1229.3839900000003,4.700111276343248,5.611222899248973,6.985731681677417,1292.132
20261004-070000-ws25-formal-s29-b128-conga,20262529,128,conga,ce699dffe2845dc83e2171a1c309c6d96b96d2b3,ef6935357e1b0b6ada4e2bf085ca0462d2a9fc27d27c42442c32e8a15a6741bb,74a6f7154ca10c3cd6dfd45046c4f8abf0ce27faa8ad11446b6a52920b83afba,41a4427a7b73dcb4b39b52dc761fbbb9f6ccd92778d8dea64bb8a82728ed3ac0,891313271,results/20261004-070000-ws25-formal-s29-b128-conga/raw/891313271/891313271_out_fct.txt,16384,12.563701965332031,12.269,14.229,14.91485,16.164170000000002,16.553108808290155,36.19397590361446,44.817801204819276,18.015,128,608.745984375,659.983,871.1099,876.6473,993.1913700000005,3.747822257578771,4.937564970950829,5.629538727504608,1049.194
20261004-070000-ws25-formal-s29-b128-letflow,20262529,128,letflow,ce699dffe2845dc83e2171a1c309c6d96b96d2b3,ef6935357e1b0b6ada4e2bf085ca0462d2a9fc27d27c42442c32e8a15a6741bb,74a6f7154ca10c3cd6dfd45046c4f8abf0ce27faa8ad11446b6a52920b83afba,df9f56d3d9123565446e8eb932d3f502479ad69bf04ee5114c29e65be0630cf9,451223256,results/20261004-070000-ws25-formal-s29-b128-letflow/raw/451223256/451223256_out_fct.txt,16384,12.453212707519532,12.259,13.878,14.39785,15.29734,16.510362694300518,36.00903614457831,43.98615079365079,16.766,128,618.1959609375,653.0025,872.4784,878.9875,960.4150700000001,3.70130367011478,4.945321808133768,5.447367971091389,978.499
20261004-070000-ws25-formal-s29-b128-conweave,20262529,128,conweave,ce699dffe2845dc83e2171a1c309c6d96b96d2b3,ef6935357e1b0b6ada4e2bf085ca0462d2a9fc27d27c42442c32e8a15a6741bb,74a6f7154ca10c3cd6dfd45046c4f8abf0ce27faa8ad11446b6a52920b83afba,d62c33c16c01e8e37aacfbd478305eb0d11267a8ba9b534ac3263529b49a1d87,613931785,results/20261004-070000-ws25-formal-s29-b128-conweave/raw/613931785/613931785_out_fct.txt,16384,12.50453515625,12.249500000000001,14.008,14.597,15.545,16.510362694300518,36.26024096385542,44.2456746031746,18.237,128,615.4396796875,667.6134999999999,872.2693,880.075,961.0229900000002,3.7841207311888905,4.944136601955505,5.447204137735582,1047.518
20261004-070000-ws25-formal-s29-b128-classreserve,20262529,128,classreserve,ce699dffe2845dc83e2171a1c309c6d96b96d2b3,ef6935357e1b0b6ada4e2bf085ca0462d2a9fc27d27c42442c32e8a15a6741bb,74a6f7154ca10c3cd6dfd45046c4f8abf0ce27faa8ad11446b6a52920b83afba,4c3dc949667a93ee3d47dd0194fa789da9c89dc3dd35b65c27d5487ce2fecec3,855980350,results/20261004-070000-ws25-formal-s29-b128-classreserve/raw/855980350/855980350_out_fct.txt,16384,12.401375732421876,12.2025,13.8077,14.43985,15.69768,16.325129533678755,35.60843373493976,44.2884126984127,17.386,128,601.57503125,602.3019999999999,872.2711,879.1384,1031.3723900000002,3.4151027348731757,4.9441468045911865,5.84977875776502,1061.551
20261004-070000-ws25-formal-s29-b192-fecmp,20262529,192,fecmp,ce699dffe2845dc83e2171a1c309c6d96b96d2b3,beea7b7957d4f6b394efafafc20eb6776e62e00ace42d5e98c74930831585072,74a6f7154ca10c3cd6dfd45046c4f8abf0ce27faa8ad11446b6a52920b83afba,445f6a58b44bf73704e28a4c544990a7f9b9d5e8c08427e7f748b4ccbccf08f1,981241831,results/20261004-070000-ws25-formal-s29-b192-fecmp/raw/981241831/981241831_out_fct.txt,16384,12.516427551269532,12.246,14.079,14.738850000000001,15.869,16.537564766839377,35.93885542168675,44.28242063492063,18.616,192,769.5277083333333,712.8045,1074.6091000000001,1227.1798,1528.48448,4.040269236219357,6.0910250814793825,8.663650162958763,1553.351
20261004-070000-ws25-formal-s29-b192-drill,20262529,192,drill,ce699dffe2845dc83e2171a1c309c6d96b96d2b3,beea7b7957d4f6b394efafafc20eb6776e62e00ace42d5e98c74930831585072,74a6f7154ca10c3cd6dfd45046c4f8abf0ce27faa8ad11446b6a52920b83afba,dce7ce5bd8bf534d7545f1053313d0fdc9bc9d5873c8d9acbf3f40fbb9174d1f,289716475,results/20261004-070000-ws25-formal-s29-b192-drill/raw/289716475/289716475_out_fct.txt,16384,12.410914672851563,12.342500000000001,13.549,13.91485,14.474,16.443652849740932,35.91265060240964,44.182539682539684,14.875,192,943.3081041666667,922.525,1299.9522000000002,1423.2845499999999,1580.22128,5.228992489726513,7.368299277313307,8.95690111945586,1708.079
20261004-070000-ws25-formal-s29-b192-conga,20262529,192,conga,ce699dffe2845dc83e2171a1c309c6d96b96d2b3,beea7b7957d4f6b394efafafc20eb6776e62e00ace42d5e98c74930831585072,74a6f7154ca10c3cd6dfd45046c4f8abf0ce27faa8ad11446b6a52920b83afba,ceb38946491728fdfc1d9c57a26ac3ff67d7dcd666d03ae2aa82d2c10f706b15,354663856,results/20261004-070000-ws25-formal-s29-b192-conga/raw/354663856/354663856_out_fct.txt,16384,12.624974426269532,12.388,14.214400000000001,14.84885,15.935170000000001,16.736398963730572,37.02620481927711,44.68610585197935,18.323,192,764.0400260416667,762.1215,1072.8522,1182.6731499999999,1305.31823,4.319804449482783,6.094774195030737,7.398714637948137,1402.592
20261004-070000-ws25-formal-s29-b192-letflow,20262529,192,letflow,ce699dffe2845dc83e2171a1c309c6d96b96d2b3,beea7b7957d4f6b394efafafc20eb6776e62e00ace42d5e98c74930831585072,74a6f7154ca10c3cd6dfd45046c4f8abf0ce27faa8ad11446b6a52920b83afba,7a9612365917fa569bdc114c62e454c85a3c7ee63d3340e187165cea7f52cdb2,606928356,results/20261004-070000-ws25-formal-s29-b192-letflow/raw/606928356/606928356_out_fct.txt,16384,12.527995056152344,12.29,14.046700000000001,14.626,15.73451,16.604922279792746,36.015060240963855,44.15515873015873,17.753,192,774.187140625,738.6220000000001,1067.0307,1207.7412499999996,1495.48204,4.186606206603372,6.0480697180104865,8.476588011903075,1548.989
20261004-070000-ws25-formal-s29-b192-conweave,20262529,192,conweave,ce699dffe2845dc83e2171a1c309c6d96b96d2b3,beea7b7957d4f6b394efafafc20eb6776e62e00ace42d5e98c74930831585072,74a6f7154ca10c3cd6dfd45046c4f8abf0ce27faa8ad11446b6a52920b83afba,264812f67db15b85ab90ef319032591421f1d0587543f674b4f33d7318658232,828884694,results/20261004-070000-ws25-formal-s29-b192-conweave/raw/828884694/828884694_out_fct.txt,16384,12.640373107910156,12.358,14.3567,15.08685,16.5604,16.70077720207254,36.29427710843374,45.20535570854848,18.225,192,765.7114479166667,726.1045,1142.2899,1236.7656499999998,1493.7178800000002,4.120794798228522,6.476247147707806,8.466588522034858,1614.211
20261004-070000-ws25-formal-s29-b192-classreserve,20262529,192,classreserve,ce699dffe2845dc83e2171a1c309c6d96b96d2b3,beea7b7957d4f6b394efafafc20eb6776e62e00ace42d5e98c74930831585072,74a6f7154ca10c3cd6dfd45046c4f8abf0ce27faa8ad11446b6a52920b83afba,be8cad0436d627fc9a5bf745c291ce52d55bd812ccf952bfc2fed9eef3767aef,808951788,results/20261004-070000-ws25-formal-s29-b192-classreserve/raw/808951788/808951788_out_fct.txt,16384,12.473629577636718,12.24,13.971,14.514850000000001,16.52002,16.39637305699482,35.80421686746988,44.670722891566264,17.782,192,760.75109375,711.922,1068.5395,1227.3857999999998,1478.1595800000002,4.035267110670256,6.0702776935419145,8.378402040527137,1621.233
20261004-070000-ws25-formal-s30-b000-fecmp,20262530,0,fecmp,ce699dffe2845dc83e2171a1c309c6d96b96d2b3,55faec4c215a8baefdef8ddf8c9956614031e01e42e7293333240074ec410044,74a6f7154ca10c3cd6dfd45046c4f8abf0ce27faa8ad11446b6a52920b83afba,5f52c0fbeb7a97bad2bab57bd666ab3495cbec3f6cb77cacff27bc871d44ce5f,253733624,results/20261004-070000-ws25-formal-s30-b000-fecmp/raw/253733624/253733624_out_fct.txt,16384,12.264526611328124,12.066,13.503,13.981,14.84617,16.23316062176166,35.21084337349398,44.99873015873016,15.288,0,,,,,,,,,
20261004-070000-ws25-formal-s30-b000-drill,20262530,0,drill,ce699dffe2845dc83e2171a1c309c6d96b96d2b3,55faec4c215a8baefdef8ddf8c9956614031e01e42e7293333240074ec410044,74a6f7154ca10c3cd6dfd45046c4f8abf0ce27faa8ad11446b6a52920b83afba,fc0b3f538582049808ce185f0fd2757d9e892023338efa81d451168bd9dbf31e,833794682,results/20261004-070000-ws25-formal-s30-b000-drill/raw/833794682/833794682_out_fct.txt,16384,12.269010131835937,12.09,13.464,14.009,14.80551,16.251295336787564,35.22500000000001,45.034603174603184,15.301,0,,,,,,,,,
20261004-070000-ws25-formal-s30-b000-conga,20262530,0,conga,ce699dffe2845dc83e2171a1c309c6d96b96d2b3,55faec4c215a8baefdef8ddf8c9956614031e01e42e7293333240074ec410044,74a6f7154ca10c3cd6dfd45046c4f8abf0ce27faa8ad11446b6a52920b83afba,b4eb1cfc9182d37cef3d3484e24a3dbdba397141be5f0ad4273b73a671ee9136,973463940,results/20261004-070000-ws25-formal-s30-b000-conga/raw/973463940/973463940_out_fct.txt,16384,12.292609497070313,12.124,13.553400000000002,13.972,14.79751,16.234455958549223,35.99307228915663,44.61710317460318,15.242,0,,,,,,,,,
20261004-070000-ws25-formal-s30-b000-letflow,20262530,0,letflow,ce699dffe2845dc83e2171a1c309c6d96b96d2b3,55faec4c215a8baefdef8ddf8c9956614031e01e42e7293333240074ec410044,74a6f7154ca10c3cd6dfd45046c4f8abf0ce27faa8ad11446b6a52920b83afba,94817f6ebc706ac1bc198dad91247a0160106f9ed9ca800f19b98b4488b4829c,283995601,results/20261004-070000-ws25-formal-s30-b000-letflow/raw/283995601/283995601_out_fct.txt,16384,12.269382934570313,12.083,13.525,14.02185,14.974,16.190414507772022,35.33343373493977,44.63707448842991,15.327,0,,,,,,,,,
20261004-070000-ws25-formal-s30-b000-conweave,20262530,0,conweave,ce699dffe2845dc83e2171a1c309c6d96b96d2b3,55faec4c215a8baefdef8ddf8c9956614031e01e42e7293333240074ec410044,74a6f7154ca10c3cd6dfd45046c4f8abf0ce27faa8ad11446b6a52920b83afba,92e26d5f3e37be5a5672157fc6ee0c6255b498459ac435aa8450cf8b2078737a,868651460,results/20261004-070000-ws25-formal-s30-b000-conweave/raw/868651460/868651460_out_fct.txt,16384,12.303486755371093,12.11,13.5714,14.11285,15.114680000000002,16.246113989637305,35.37560240963856,45.075873493975905,15.873,0,,,,,,,,,
20261004-070000-ws25-formal-s30-b000-classreserve,20262530,0,classreserve,ce699dffe2845dc83e2171a1c309c6d96b96d2b3,55faec4c215a8baefdef8ddf8c9956614031e01e42e7293333240074ec410044,74a6f7154ca10c3cd6dfd45046c4f8abf0ce27faa8ad11446b6a52920b83afba,ca17fe256d313adeb38e886de573ff1b4e55a2cc70cb4809d0886b6adc8ec2b1,6972074,results/20261004-070000-ws25-formal-s30-b000-classreserve/raw/6972074/6972074_out_fct.txt,16384,12.266225280761718,12.08,13.522,13.999,14.80617,16.212435233160623,35.174698795180724,45.093293650793655,15.317,0,,,,,,,,,
20261004-070000-ws25-formal-s30-b064-fecmp,20262530,64,fecmp,ce699dffe2845dc83e2171a1c309c6d96b96d2b3,6c641b9341f0f4db34b5a4a79ab8562c9a31dba8152425cb7a0d61b7c02366df,74a6f7154ca10c3cd6dfd45046c4f8abf0ce27faa8ad11446b6a52920b83afba,aade1861e03de151377ab7ddd0fd3c8544c8d5d04e396bba2fccdd862b04840e,823903566,results/20261004-070000-ws25-formal-s30-b064-fecmp/raw/823903566/823903566_out_fct.txt,16384,12.321241760253907,12.143,13.6197,14.053,14.69885,16.34715025906736,35.3644578313253,44.295674603174604,15.25,64,415.175515625,358.097,598.2270000000001,687.48805,688.5461799999999,2.030945160833215,3.3997562621249378,3.9027699022247413,688.933
20261004-070000-ws25-formal-s30-b064-drill,20262530,64,drill,ce699dffe2845dc83e2171a1c309c6d96b96d2b3,6c641b9341f0f4db34b5a4a79ab8562c9a31dba8152425cb7a0d61b7c02366df,74a6f7154ca10c3cd6dfd45046c4f8abf0ce27faa8ad11446b6a52920b83afba,be0595b18cae6520747f6f8bd0540e7329df8eaf20cb91b1b43008c716a8ab73,120227137,results/20261004-070000-ws25-formal-s30-b064-drill/raw/120227137/120227137_out_fct.txt,16384,12.306214721679687,12.145,13.495,14.00085,14.855170000000001,16.309585492227978,35.48614457831326,44.870396825396824,15.397,64,639.68115625,582.932,763.4434000000001,861.67605,879.38475,3.3102465683255264,4.3349883939193505,4.9844679042085875,880.944
20261004-070000-ws25-formal-s30-b064-conga,20262530,64,conga,ce699dffe2845dc83e2171a1c309c6d96b96d2b3,6c641b9341f0f4db34b5a4a79ab8562c9a31dba8152425cb7a0d61b7c02366df,74a6f7154ca10c3cd6dfd45046c4f8abf0ce27faa8ad11446b6a52920b83afba,d1c76d4fdf577e7ed67ca1caab2d504f462a7a32324023edf9d12845014169d2,483122205,results/20261004-070000-ws25-formal-s30-b064-conga/raw/483122205/483122205_out_fct.txt,16384,12.438195434570313,12.218,13.969400000000002,14.496,15.38034,16.455310880829018,36.3222891566265,44.97284805890228,17.66,64,421.266421875,362.56100000000004,595.7352000000001,687.73015,688.69881,2.0576078705549756,3.3855934725322037,3.903635029049171,688.833
20261004-070000-ws25-formal-s30-b064-letflow,20262530,64,letflow,ce699dffe2845dc83e2171a1c309c6d96b96d2b3,6c641b9341f0f4db34b5a4a79ab8562c9a31dba8152425cb7a0d61b7c02366df,74a6f7154ca10c3cd6dfd45046c4f8abf0ce27faa8ad11446b6a52920b83afba,22a0588f761f3e56b6d4b5f82fffdce3033cf2d331d893a729faa083633d2f20,876049525,results/20261004-070000-ws25-formal-s30-b064-letflow/raw/876049525/876049525_out_fct.txt,16384,12.351354675292969,12.156,13.714,14.22785,15.07051,16.308290155440414,35.53915662650602,44.54432539682539,16.226,64,419.32646875,360.8935,605.0926000000001,688.0120499999999,689.20608,2.045591611166218,3.43878246239692,3.9065103018279723,689.826
20261004-070000-ws25-formal-s30-b064-conweave,20262530,64,conweave,ce699dffe2845dc83e2171a1c309c6d96b96d2b3,6c641b9341f0f4db34b5a4a79ab8562c9a31dba8152425cb7a0d61b7c02366df,74a6f7154ca10c3cd6dfd45046c4f8abf0ce27faa8ad11446b6a52920b83afba,e8a86801af57c154529c6de7b1d607c215e73eac89c08307c3775f7df8ffc18c,781401973,results/20261004-070000-ws25-formal-s30-b064-conweave/raw/781401973/781401973_out_fct.txt,16384,12.4160869140625,12.163499999999999,13.839,14.372,15.67617,16.378886010362695,35.76807228915663,45.1595634920635,16.595,64,415.8130625,365.916,621.8812000000001,685.25905,702.8937399999999,2.074059798781352,3.5341666873992947,3.984093750885645,721.228
20261004-070000-ws25-formal-s30-b064-classreserve,20262530,64,classreserve,ce699dffe2845dc83e2171a1c309c6d96b96d2b3,6c641b9341f0f4db34b5a4a79ab8562c9a31dba8152425cb7a0d61b7c02366df,74a6f7154ca10c3cd6dfd45046c4f8abf0ce27faa8ad11446b6a52920b83afba,67ebc38671f1e0eb5de332c50b0c47564d412288b49b3a6a2aaaa91e1921cb1e,960468980,results/20261004-070000-ws25-formal-s30-b064-classreserve/raw/960468980/960468980_out_fct.txt,16384,12.32932958984375,12.121,13.701,14.152700000000001,14.832680000000002,16.367875647668395,35.30120481927711,44.50506024096386,15.47,64,415.39503125,355.95349999999996,596.8278,687.55475,688.75412,2.0191441122289926,3.391807026527265,3.903948533371121,689.495
20261004-070000-ws25-formal-s30-b128-fecmp,20262530,128,fecmp,ce699dffe2845dc83e2171a1c309c6d96b96d2b3,1d8e05af203adbcb0a3621278be8ef08683cdc170eccb05b9dcc8ca23104081d,74a6f7154ca10c3cd6dfd45046c4f8abf0ce27faa8ad11446b6a52920b83afba,b6c7a5b61371778ffa9919ad12d637be886d7bc57a3ebe3741b65d2d5982dd82,735722886,results/20261004-070000-ws25-formal-s30-b128-fecmp/raw/735722886/735722886_out_fct.txt,16384,12.412927612304687,12.171,13.857700000000001,14.34685,15.166170000000001,16.457253886010363,35.58644578313253,44.51273187990056,17.384,128,631.0007109375,612.869,1015.586,1191.67045,1230.6183,3.4770482223804056,5.756474422559161,6.975305653960607,1275.86
20261004-070000-ws25-formal-s30-b128-drill,20262530,128,drill,ce699dffe2845dc83e2171a1c309c6d96b96d2b3,1d8e05af203adbcb0a3621278be8ef08683cdc170eccb05b9dcc8ca23104081d,74a6f7154ca10c3cd6dfd45046c4f8abf0ce27faa8ad11446b6a52920b83afba,973757a8b1b7e99a4dace5bd42daf25579e4fd82f968e1e85aa6ff0747bd9feb,554667946,results/20261004-070000-ws25-formal-s30-b128-drill/raw/554667946/554667946_out_fct.txt,16384,12.359719787597657,12.219,13.48,13.979,14.82951,16.431347150259068,35.674698795180724,44.949603174603176,15.456,128,807.4806953125,777.174,1062.9370000000001,1196.9809,1432.92146,4.4103726796089,6.024866090406689,8.127092418874875,1439.313
20261004-070000-ws25-formal-s30-b128-conga,20262530,128,conga,ce699dffe2845dc83e2171a1c309c6d96b96d2b3,1d8e05af203adbcb0a3621278be8ef08683cdc170eccb05b9dcc8ca23104081d,74a6f7154ca10c3cd6dfd45046c4f8abf0ce27faa8ad11446b6a52920b83afba,ec0ea09252ddd3943c007436194d80cb4a6350ee78a3334c6ec0b2fcfdebbc48,332140021,results/20261004-070000-ws25-formal-s30-b128-conga/raw/332140021/332140021_out_fct.txt,16384,12.590300537109375,12.228,14.462,15.025,16.45717,16.566709844559586,36.499096385542174,45.62719353604896,17.6,128,625.6984140625,610.7874999999999,1015.0829,1191.5395,1247.5004600000002,3.4620235227433755,5.753622785886353,7.074919167579004,1356.746
20261004-070000-ws25-formal-s30-b128-letflow,20262530,128,letflow,ce699dffe2845dc83e2171a1c309c6d96b96d2b3,1d8e05af203adbcb0a3621278be8ef08683cdc170eccb05b9dcc8ca23104081d,74a6f7154ca10c3cd6dfd45046c4f8abf0ce27faa8ad11446b6a52920b83afba,1e63cfdcac9292cbf43a69c8a963d3a58cd309b352ea4668d00e1ac2cc3086d3,844663932,results/20261004-070000-ws25-formal-s30-b128-letflow/raw/844663932/844663932_out_fct.txt,16384,12.469535766601563,12.202,14.124,14.56485,15.31434,16.39119170984456,35.76445783132531,44.80357047236566,16.329,128,628.385359375,603.727,1015.4639,1191.67045,1197.69809,3.4263082243107137,5.7557823437721405,6.803372171960678,1268.401
20261004-070000-ws25-formal-s30-b128-conweave,20262530,128,conweave,ce699dffe2845dc83e2171a1c309c6d96b96d2b3,1d8e05af203adbcb0a3621278be8ef08683cdc170eccb05b9dcc8ca23104081d,74a6f7154ca10c3cd6dfd45046c4f8abf0ce27faa8ad11446b6a52920b83afba,89dac71f10f9721ce8d7aac592269b4b29027d8a5720f91afea9cb6919529749,828735283,results/20261004-070000-ws25-formal-s30-b128-conweave/raw/828735283/828735283_out_fct.txt,16384,12.510233764648438,12.214,14.122,14.64,15.89817,16.53886010362694,35.84548192771085,44.34150602409639,17.871,128,619.5546171875,595.3505,1015.5489,1191.3025499999999,1191.72349,3.3745245855179253,5.7562641349015164,6.76935369491718,1240.492
20261004-070000-ws25-formal-s30-b128-classreserve,20262530,128,classreserve,ce699dffe2845dc83e2171a1c309c6d96b96d2b3,1d8e05af203adbcb0a3621278be8ef08683cdc170eccb05b9dcc8ca23104081d,74a6f7154ca10c3cd6dfd45046c4f8abf0ce27faa8ad11446b6a52920b83afba,544237f04e58fcd3701fcf45ba13175feb47fd86f93a9d997eb5e734342f5499,110604919,results/20261004-070000-ws25-formal-s30-b128-classreserve/raw/110604919/110604919_out_fct.txt,16384,12.394054504394532,12.173,13.827,14.312700000000001,15.16717,16.419689119170986,35.429819277108436,44.56424603174604,17.014,128,629.3695,607.081,1015.5689,1191.6789,1285.59821,3.443847340696737,5.756377497520193,7.286938982570498,1302.193
20261004-070000-ws25-formal-s30-b192-fecmp,20262530,192,fecmp,ce699dffe2845dc83e2171a1c309c6d96b96d2b3,e0e77954780e6577761a0142812fb08727d64b71bda1d6c86a0d3d15f4d32ead,74a6f7154ca10c3cd6dfd45046c4f8abf0ce27faa8ad11446b6a52920b83afba,ee9e59fa21fe23c0afa8ba7f3042b0baf07c58c574684d24f3832edd527b381a,207681393,results/20261004-070000-ws25-formal-s30-b192-fecmp/raw/207681393/207681393_out_fct.txt,16384,12.494339477539063,12.199,14.1767,14.794800000000002,15.66751,16.468911917098445,35.66777108433735,44.75,18.415,192,809.1116197916666,777.7764999999999,1208.3385,1376.20585,1475.43523,4.412027773841576,6.8493886920787865,8.364845663042225,1637.271
20261004-070000-ws25-formal-s30-b192-drill,20262530,192,drill,ce699dffe2845dc83e2171a1c309c6d96b96d2b3,e0e77954780e6577761a0142812fb08727d64b71bda1d6c86a0d3d15f4d32ead,74a6f7154ca10c3cd6dfd45046c4f8abf0ce27faa8ad11446b6a52920b83afba,c5f159b16515d2a8c63470d7fec381cf1b401586c4af47baf5ee25e404722368,120353487,results/20261004-070000-ws25-formal-s30-b192-drill/raw/120353487/120353487_out_fct.txt,16384,12.3963515625,12.276,13.543700000000001,14.03185,14.86436,16.474093264248705,35.82349397590362,44.67785714285714,15.408,192,953.55859375,965.408,1240.9262,1381.7982999999997,1520.34155,5.477160266402153,7.034664574921241,8.621886928653073,1587.125
20261004-070000-ws25-formal-s30-b192-conga,20262530,192,conga,ce699dffe2845dc83e2171a1c309c6d96b96d2b3,e0e77954780e6577761a0142812fb08727d64b71bda1d6c86a0d3d15f4d32ead,74a6f7154ca10c3cd6dfd45046c4f8abf0ce27faa8ad11446b6a52920b83afba,2633999cd58614c8b478eae8875389d767d368adadc9afbae9e0886732147d5d,2006636,results/20261004-070000-ws25-formal-s30-b192-conga/raw/2006636/2006636_out_fct.txt,16384,12.677832580566406,12.358,14.509100000000002,15.11985,16.418250000000004,16.810233160621763,36.922891566265065,45.10638888888889,18.99,192,812.79090625,800.4735000000001,1191.1959,1376.10585,1517.3223400000004,4.537188607056823,6.751854329035001,8.60246414318945,1644.582
20261004-070000-ws25-formal-s30-b192-letflow,20262530,192,letflow,ce699dffe2845dc83e2171a1c309c6d96b96d2b3,e0e77954780e6577761a0142812fb08727d64b71bda1d6c86a0d3d15f4d32ead,74a6f7154ca10c3cd6dfd45046c4f8abf0ce27faa8ad11446b6a52920b83afba,6e01d5d9d7e17d0517cbe9d55c79daf885c597cffd749b9e5f85b49703a76aee,619084757,results/20261004-070000-ws25-formal-s30-b192-letflow/raw/619084757/619084757_out_fct.txt,16384,12.542730041503907,12.225,14.174,14.87185,16.161170000000002,16.5330310880829,36.05331325301206,45.389066265060244,18.072,192,810.9673802083333,756.8575000000001,1208.4777000000001,1375.98035,1489.4773700000003,4.289967408247131,6.84988351990931,8.442552756128668,1731.474
20261004-070000-ws25-formal-s30-b192-conweave,20262530,192,conweave,ce699dffe2845dc83e2171a1c309c6d96b96d2b3,e0e77954780e6577761a0142812fb08727d64b71bda1d6c86a0d3d15f4d32ead,74a6f7154ca10c3cd6dfd45046c4f8abf0ce27faa8ad11446b6a52920b83afba,b8178b017fa327ca52c39add0983e09b10c229cd7c7674791d17dd36cd83eada,652175273,results/20261004-070000-ws25-formal-s30-b192-conweave/raw/652175273/652175273_out_fct.txt,16384,12.562519775390625,12.3415,14.2207,14.684,15.88651,16.64896373056995,36.23403614457832,44.54103174603175,17.449,192,800.2326041666666,732.644,1208.4633999999999,1356.62085,1454.9852800000006,4.15272211988097,6.8498098342071705,8.249051719525562,1674.242
20261004-070000-ws25-formal-s30-b192-classreserve,20262530,192,classreserve,ce699dffe2845dc83e2171a1c309c6d96b96d2b3,e0e77954780e6577761a0142812fb08727d64b71bda1d6c86a0d3d15f4d32ead,74a6f7154ca10c3cd6dfd45046c4f8abf0ce27faa8ad11446b6a52920b83afba,1d7f76c09e37cb71cb90e1da9678cd9ff9b5a226db94c3c92d8c21f82ad264c7,346590196,results/20261004-070000-ws25-formal-s30-b192-classreserve/raw/346590196/346590196_out_fct.txt,16384,12.442521423339844,12.196,13.9807,14.626,15.76117,16.43199481865285,35.49307228915663,44.68555555555555,17.108,192,812.6996197916667,787.5895,1207.7757,1356.82525,1576.7283,4.464160408105427,6.845915828255633,8.937102451466629,1585.024
20261004-070000-ws25-formal-s31-b000-fecmp,20262531,0,fecmp,ce699dffe2845dc83e2171a1c309c6d96b96d2b3,19a28cf5aa1f5ec04b3a654915539f95e1a6b2f95fe8b95e8bf7f46017bf896c,74a6f7154ca10c3cd6dfd45046c4f8abf0ce27faa8ad11446b6a52920b83afba,558e6180c75322788e1838310511e80e83f6dd11125213d3ee04af66168a9354,523436126,results/20261004-070000-ws25-formal-s31-b000-fecmp/raw/523436126/523436126_out_fct.txt,16384,12.218498046875,12.042,13.4707,13.841,14.880510000000001,16.090673575129532,35.050301204819284,44.60226190476191,15.759,0,,,,,,,,,
20261004-070000-ws25-formal-s31-b000-drill,20262531,0,drill,ce699dffe2845dc83e2171a1c309c6d96b96d2b3,19a28cf5aa1f5ec04b3a654915539f95e1a6b2f95fe8b95e8bf7f46017bf896c,74a6f7154ca10c3cd6dfd45046c4f8abf0ce27faa8ad11446b6a52920b83afba,df887c0daa54fa13f660438c62bed8d05f6e42ebfcefadcb274f9be7e373811f,631976864,results/20261004-070000-ws25-formal-s31-b000-drill/raw/631976864/631976864_out_fct.txt,16384,12.240347961425782,12.052,13.559700000000001,13.879,14.99568,16.088082901554404,35.00301204819277,44.833690476190476,15.847,0,,,,,,,,,
20261004-070000-ws25-formal-s31-b000-conga,20262531,0,conga,ce699dffe2845dc83e2171a1c309c6d96b96d2b3,19a28cf5aa1f5ec04b3a654915539f95e1a6b2f95fe8b95e8bf7f46017bf896c,74a6f7154ca10c3cd6dfd45046c4f8abf0ce27faa8ad11446b6a52920b83afba,a491009d6e19cc6b228442b1088703cfd01b72cc9b3e732b6f8330f24929b74a,372826901,results/20261004-070000-ws25-formal-s31-b000-conga/raw/372826901/372826901_out_fct.txt,16384,12.27286767578125,12.0835,13.554,13.95585,15.18668,16.0809585492228,35.62560240963856,44.74805555555556,17.844,0,,,,,,,,,
20261004-070000-ws25-formal-s31-b000-letflow,20262531,0,letflow,ce699dffe2845dc83e2171a1c309c6d96b96d2b3,19a28cf5aa1f5ec04b3a654915539f95e1a6b2f95fe8b95e8bf7f46017bf896c,74a6f7154ca10c3cd6dfd45046c4f8abf0ce27faa8ad11446b6a52920b83afba,c9be7380f462268bcc64a90a08fb4fc0f93b42ae51771d4d71c970d342ca6c41,108972808,results/20261004-070000-ws25-formal-s31-b000-letflow/raw/108972808/108972808_out_fct.txt,16384,12.233386901855468,12.075,13.4967,13.819,14.76934,16.07318652849741,35.16566265060241,44.64353174603175,15.669,0,,,,,,,,,
20261004-070000-ws25-formal-s31-b000-conweave,20262531,0,conweave,ce699dffe2845dc83e2171a1c309c6d96b96d2b3,19a28cf5aa1f5ec04b3a654915539f95e1a6b2f95fe8b95e8bf7f46017bf896c,74a6f7154ca10c3cd6dfd45046c4f8abf0ce27faa8ad11446b6a52920b83afba,5f4cf652d910d1d18cd65447f13233f7ace8c52a7cbae59557fb6e8dae12ff49,987583975,results/20261004-070000-ws25-formal-s31-b000-conweave/raw/987583975/987583975_out_fct.txt,16384,12.262202880859375,12.081,13.5607,13.859,14.64117,16.148316062176164,35.40873493975904,44.39892857142858,15.696,0,,,,,,,,,
20261004-070000-ws25-formal-s31-b000-classreserve,20262531,0,classreserve,ce699dffe2845dc83e2171a1c309c6d96b96d2b3,19a28cf5aa1f5ec04b3a654915539f95e1a6b2f95fe8b95e8bf7f46017bf896c,74a6f7154ca10c3cd6dfd45046c4f8abf0ce27faa8ad11446b6a52920b83afba,812e5f3f9a3a7a18c1f809dfe76891cbe9cccc18fa7a2336a31a5957d55ac048,98343601,results/20261004-070000-ws25-formal-s31-b000-classreserve/raw/98343601/98343601_out_fct.txt,16384,12.244516479492187,12.086,13.528,13.84685,14.95268,16.127590673575128,35.05120481927711,45.03781746031746,15.765,0,,,,,,,,,
20261004-070000-ws25-formal-s31-b064-fecmp,20262531,64,fecmp,ce699dffe2845dc83e2171a1c309c6d96b96d2b3,1f9c70da26eabef8297b4a2002113b5a9dbba5e662647108b473b4996e93b74a,74a6f7154ca10c3cd6dfd45046c4f8abf0ce27faa8ad11446b6a52920b83afba,729c4739e406f12d01e54fbde03857a6fb9071c95d0f39315446d68fcc3cc8d2,934895106,results/20261004-070000-ws25-formal-s31-b064-fecmp/raw/934895106/934895106_out_fct.txt,16384,12.337306884765624,12.082,13.7787,14.312850000000001,15.230170000000001,16.31541450777202,35.394578313253014,44.196720214190094,15.975,64,428.42396875000003,356.2015,680.0468,732.1843500000001,957.7315899999996,2.018996740824713,3.8571750035425816,5.42854805157999,1039.636
20261004-070000-ws25-formal-s31-b064-drill,20262531,64,drill,ce699dffe2845dc83e2171a1c309c6d96b96d2b3,1f9c70da26eabef8297b4a2002113b5a9dbba5e662647108b473b4996e93b74a,74a6f7154ca10c3cd6dfd45046c4f8abf0ce27faa8ad11446b6a52920b83afba,61073a69a0b5dc9f85e7cd3c13c5ee8303b2f87998eddfb34cc98d31c7961007,202604872,results/20261004-070000-ws25-formal-s31-b064-drill/raw/202604872/202604872_out_fct.txt,16384,12.297936767578125,12.128,13.633700000000001,13.943,14.96817,16.212435233160623,35.18283132530121,44.703809523809525,15.88,64,658.363546875,582.028,910.7653,1073.7176000000002,1173.92818,3.2990109111520476,5.162336970384016,6.664427782007923,1179.985
20261004-070000-ws25-formal-s31-b064-conga,20262531,64,conga,ce699dffe2845dc83e2171a1c309c6d96b96d2b3,1f9c70da26eabef8297b4a2002113b5a9dbba5e662647108b473b4996e93b74a,74a6f7154ca10c3cd6dfd45046c4f8abf0ce27faa8ad11446b6a52920b83afba,93e0d09eb4061dbf79f2c5a822ff1f4567b1474187726a83d59c3fc31d28d694,688593146,results/20261004-070000-ws25-formal-s31-b064-conga/raw/688593146/688593146_out_fct.txt,16384,12.432224853515624,12.185,13.924,14.428,15.43834,16.43717616580311,36.66566265060241,44.49702380952381,16.962,64,423.92109375,357.8535,679.836,742.4212000000001,876.8620199999998,2.0283604931273915,3.8571415460780076,4.970168740257899,921.747
20261004-070000-ws25-formal-s31-b064-letflow,20262531,64,letflow,ce699dffe2845dc83e2171a1c309c6d96b96d2b3,1f9c70da26eabef8297b4a2002113b5a9dbba5e662647108b473b4996e93b74a,74a6f7154ca10c3cd6dfd45046c4f8abf0ce27faa8ad11446b6a52920b83afba,259066402b82424e6d88e02b25a4f42e6d78a29b370393ecd73b3ceb1e066103,671677611,results/20261004-070000-ws25-formal-s31-b064-letflow/raw/671677611/671677611_out_fct.txt,16384,12.367844604492188,12.104,13.8787,14.44985,15.25451,16.28497409326425,35.3855421686747,44.520515873015874,15.993,64,426.016765625,356.36199999999997,679.7495,717.7613500000001,883.4120899999998,2.019906475839592,3.856860989088848,5.012202567580215,935.864
20261004-070000-ws25-formal-s31-b064-conweave,20262531,64,conweave,ce699dffe2845dc83e2171a1c309c6d96b96d2b3,1f9c70da26eabef8297b4a2002113b5a9dbba5e662647108b473b4996e93b74a,74a6f7154ca10c3cd6dfd45046c4f8abf0ce27faa8ad11446b6a52920b83afba,46c0953638c85a4143afa4d62248ffd88186d92d8823be8981c21bafe627dd28,956990712,results/20261004-070000-ws25-formal-s31-b064-conweave/raw/956990712/956990712_out_fct.txt,16384,12.40860986328125,12.122,13.945,14.6574,15.787510000000001,16.24676165803109,35.73795180722892,44.97289682539682,17.695,64,434.224421875,359.54449999999997,681.4867,698.60505,865.8221199999997,2.037945302536489,3.8627558452600255,4.915014142036601,924.775
20261004-070000-ws25-formal-s31-b064-classreserve,20262531,64,classreserve,ce699dffe2845dc83e2171a1c309c6d96b96d2b3,1f9c70da26eabef8297b4a2002113b5a9dbba5e662647108b473b4996e93b74a,74a6f7154ca10c3cd6dfd45046c4f8abf0ce27faa8ad11446b6a52920b83afba,031c3b6d75d0d62e43c4c90f5336d5d2147342c0f65d3af4eb5bd5066db2dd63,765270390,results/20261004-070000-ws25-formal-s31-b064-classreserve/raw/765270390/765270390_out_fct.txt,16384,12.313876770019531,12.116,13.617,14.07285,15.15168,16.20077720207254,35.24518072289157,44.39884920634921,15.904,64,426.853734375,355.48,679.6003999999999,757.98135,1025.2844299999997,2.014907184355959,3.852694912852487,5.811446393651693,1067.645
20261004-070000-ws25-formal-s31-b128-fecmp,20262531,128,fecmp,ce699dffe2845dc83e2171a1c309c6d96b96d2b3,b848b27a63e029c801e6c7db3ce1a0a69777e013cd71d07ccf8803ce390a3be7,74a6f7154ca10c3cd6dfd45046c4f8abf0ce27faa8ad11446b6a52920b83afba,ab77a6e82e3ad5f177d598e594d13c3134c5bec2f58fc9fa2af1b4ae1ea16ebf,37652172,results/20261004-070000-ws25-formal-s31-b128-fecmp/raw/37652172/37652172_out_fct.txt,16384,12.450807250976563,12.164,14.0647,14.61985,15.79917,16.452072538860104,35.736445783132545,44.71194301013578,17.45,128,598.0918125000001,595.2764999999999,846.5015,872.87715,1009.3317500000004,3.37815728881366,4.7980813376789,5.721024514666291,1125.396
20261004-070000-ws25-formal-s31-b128-drill,20262531,128,drill,ce699dffe2845dc83e2171a1c309c6d96b96d2b3,b848b27a63e029c801e6c7db3ce1a0a69777e013cd71d07ccf8803ce390a3be7,74a6f7154ca10c3cd6dfd45046c4f8abf0ce27faa8ad11446b6a52920b83afba,55f295286e50abee7025abb68ac0cdb07a44334c49503f32d6595a414406c817,546771919,results/20261004-070000-ws25-formal-s31-b128-drill/raw/546771919/546771919_out_fct.txt,16384,12.324595886230469,12.21,13.571,13.927,15.07451,16.28497409326425,35.40963855421687,44.87477194492255,15.978,128,775.720984375,741.204,1040.3026,1144.6437,1193.83932,4.206515441705271,5.906862680984947,6.766837579708092,1225.202
20261004-070000-ws25-formal-s31-b128-conga,20262531,128,conga,ce699dffe2845dc83e2171a1c309c6d96b96d2b3,b848b27a63e029c801e6c7db3ce1a0a69777e013cd71d07ccf8803ce390a3be7,74a6f7154ca10c3cd6dfd45046c4f8abf0ce27faa8ad11446b6a52920b83afba,6705dc04c9ea3c19bc40e5e9d5b8ae08d40d24d8478c74580f311a87524efee1,658540210,results/20261004-070000-ws25-formal-s31-b128-conga/raw/658540210/658540210_out_fct.txt,16384,12.5463740234375,12.22,14.274,15.036850000000001,16.44451,16.487694300518136,36.286144578313255,45.49198795180723,17.471,128,592.9906015625,612.0215000000001,867.1614999999999,878.6088,957.4640300000002,3.4690179963157153,4.920704078131796,5.4312892163808995,967.109
20261004-070000-ws25-formal-s31-b128-letflow,20262531,128,letflow,ce699dffe2845dc83e2171a1c309c6d96b96d2b3,b848b27a63e029c801e6c7db3ce1a0a69777e013cd71d07ccf8803ce390a3be7,74a6f7154ca10c3cd6dfd45046c4f8abf0ce27faa8ad11446b6a52920b83afba,4c63fe8274f66b50aef44cbd651aeacc337a843c9cecc0dca6ab55c285a2082d,158844258,results/20261004-070000-ws25-formal-s31-b128-letflow/raw/158844258/158844258_out_fct.txt,16384,12.488734191894531,12.177,14.065,14.82755,16.193,16.559585492227978,35.93102409638555,45.027936507936516,17.078,128,586.0265703125,614.371,837.17,875.1479,953.32458,3.486640263459467,4.745189173869917,5.403568541873318,1055.571
20261004-070000-ws25-formal-s31-b128-conweave,20262531,128,conweave,ce699dffe2845dc83e2171a1c309c6d96b96d2b3,b848b27a63e029c801e6c7db3ce1a0a69777e013cd71d07ccf8803ce390a3be7,74a6f7154ca10c3cd6dfd45046c4f8abf0ce27faa8ad11446b6a52920b83afba,9cab43496cdbe685d3fdd4a5dc7f0360cfe4fe55e4aa647be3b9656c170bdb04,750584656,results/20261004-070000-ws25-formal-s31-b128-conweave/raw/750584656/750584656_out_fct.txt,16384,12.53194268798828,12.2405,14.116700000000002,14.78,16.27817,16.59779792746114,36.20722891566266,45.02512048192771,18.999,128,589.4255703125,594.688,871.4144,883.6999,936.0081600000001,3.3707694487742668,4.939971092532238,5.305416806008219,946.019
20261004-070000-ws25-formal-s31-b128-classreserve,20262531,128,classreserve,ce699dffe2845dc83e2171a1c309c6d96b96d2b3,b848b27a63e029c801e6c7db3ce1a0a69777e013cd71d07ccf8803ce390a3be7,74a6f7154ca10c3cd6dfd45046c4f8abf0ce27faa8ad11446b6a52920b83afba,0ed4a14af15d00e26c36a97a951c9b007845af6d6265836a096017b62afcfc77,264310977,results/20261004-070000-ws25-formal-s31-b128-classreserve/raw/264310977/264310977_out_fct.txt,16384,12.363541870117187,12.177,13.7347,14.204,15.314020000000001,16.316709844559586,35.52319277108434,44.81240963855422,16.497,128,584.8659921875,610.1875,818.9930999999999,872.41575,1023.35596,3.462960317257835,4.64216012469888,5.804403177581869,1068.916
20261004-070000-ws25-formal-s31-b192-fecmp,20262531,192,fecmp,ce699dffe2845dc83e2171a1c309c6d96b96d2b3,d07b5a1fe979e40efb123aeed5530ba4296513195a2ef8a47cf23d044ae2dfad,74a6f7154ca10c3cd6dfd45046c4f8abf0ce27faa8ad11446b6a52920b83afba,4689cd6d16c95b3278c07b7b1f113d3612fa1f9d4cfa8a84c41a040ca56b9bc8,43951675,results/20261004-070000-ws25-formal-s31-b192-fecmp/raw/43951675/43951675_out_fct.txt,16384,12.538374572753906,12.238,14.226700000000001,14.892,16.02034,16.617875647668395,35.94277108433735,44.92305555555556,18.271,192,795.6189322916666,733.113,1361.6934000000003,1551.2148,1791.1325900000002,4.155380473288933,7.718256482924757,10.175460993853221,1894.906
20261004-070000-ws25-formal-s31-b192-drill,20262531,192,drill,ce699dffe2845dc83e2171a1c309c6d96b96d2b3,d07b5a1fe979e40efb123aeed5530ba4296513195a2ef8a47cf23d044ae2dfad,74a6f7154ca10c3cd6dfd45046c4f8abf0ce27faa8ad11446b6a52920b83afba,7585e331806761f145b660ec8b83eb33f06d4b991eb73046fa551c90d173c284,629463988,results/20261004-070000-ws25-formal-s31-b192-drill/raw/629463988/629463988_out_fct.txt,16384,12.389055419921876,12.276,13.637,14.00885,14.94085,16.406735751295336,35.78524096385543,44.431269841269845,15.872,192,963.0506354166666,911.904,1473.0231,1656.4195,1949.3263100000001,5.168791271078362,8.349287799348165,11.051566363671329,2023.773
20261004-070000-ws25-formal-s31-b192-conga,20262531,192,conga,ce699dffe2845dc83e2171a1c309c6d96b96d2b3,d07b5a1fe979e40efb123aeed5530ba4296513195a2ef8a47cf23d044ae2dfad,74a6f7154ca10c3cd6dfd45046c4f8abf0ce27faa8ad11446b6a52920b83afba,1787f0080601807b962cda29fb3bb0459666d410f12fdad6fba04780c7553460,999269715,results/20261004-070000-ws25-formal-s31-b192-conga/raw/999269715/999269715_out_fct.txt,16384,12.647924194335937,12.303,14.524,15.183,16.278,16.740932642487046,36.86656626506024,45.840421686746986,17.353,192,792.847171875,727.0105,1252.2786000000006,1550.5726,1905.7425400000002,4.120790704265269,7.09807907042653,10.826563386095716,1937.166
20261004-070000-ws25-formal-s31-b192-letflow,20262531,192,letflow,ce699dffe2845dc83e2171a1c309c6d96b96d2b3,d07b5a1fe979e40efb123aeed5530ba4296513195a2ef8a47cf23d044ae2dfad,74a6f7154ca10c3cd6dfd45046c4f8abf0ce27faa8ad11446b6a52920b83afba,70ef8ba10617fac4a6baa847855813ceaecf1fe8abd303fe26bd752f1a924df1,569819478,results/20261004-070000-ws25-formal-s31-b192-letflow/raw/569819478/569819478_out_fct.txt,16384,12.553900207519531,12.249500000000001,14.3247,14.80885,15.93334,16.645077720207254,36.004216867469886,44.41924698795181,18.82,192,800.1483177083334,741.274,1368.4226000000003,1541.8109,1759.4060400000005,4.201638089839875,7.756398469604649,9.972543800481795,2039.645
20261004-070000-ws25-formal-s31-b192-conweave,20262531,192,conweave,ce699dffe2845dc83e2171a1c309c6d96b96d2b3,d07b5a1fe979e40efb123aeed5530ba4296513195a2ef8a47cf23d044ae2dfad,74a6f7154ca10c3cd6dfd45046c4f8abf0ce27faa8ad11446b6a52920b83afba,292ace5a4c653ab80c278a5c1c777e036fd86a6c847a1f36ba7de6d29638e16f,922556326,results/20261004-070000-ws25-formal-s31-b192-conweave/raw/922556326/922556326_out_fct.txt,16384,12.63433251953125,12.304,14.421700000000001,15.1247,15.862,16.759715025906736,36.420783132530126,44.85093373493976,18.083,192,782.4039166666666,718.2695,1269.6184000000007,1520.1903999999993,1746.5971600000003,4.071245571772708,7.196363327192862,9.922391020306607,1835.093
20261004-070000-ws25-formal-s31-b192-classreserve,20262531,192,classreserve,ce699dffe2845dc83e2171a1c309c6d96b96d2b3,d07b5a1fe979e40efb123aeed5530ba4296513195a2ef8a47cf23d044ae2dfad,74a6f7154ca10c3cd6dfd45046c4f8abf0ce27faa8ad11446b6a52920b83afba,64793cfe8141a7f5bf4aaed112799fad18d66c3878246cf61f5e366f3244ffb9,612152614,results/20261004-070000-ws25-formal-s31-b192-classreserve/raw/612152614/612152614_out_fct.txt,16384,12.409231018066405,12.2105,13.724,14.328700000000001,15.533190000000001,16.3860103626943,35.6355421686747,44.43257936507937,17.35,192,784.493921875,713.7475,1342.2395999999999,1543.08425,1747.2999500000005,4.047130508714751,7.617590176427117,9.906271223918877,1859.78
20261004-070000-ws25-formal-s32-b000-fecmp,20262532,0,fecmp,ce699dffe2845dc83e2171a1c309c6d96b96d2b3,4e692d87907c71a1daa6dcc206ad0970141fc0d0ce38768e6408527bd85e6cde,74a6f7154ca10c3cd6dfd45046c4f8abf0ce27faa8ad11446b6a52920b83afba,1e4ddcdf70a53b88c77116187b7fb2f04a698fa8ab4057f1375630940b00f2dd,821940249,results/20261004-070000-ws25-formal-s32-b000-fecmp/raw/821940249/821940249_out_fct.txt,16384,12.23297528076172,12.135,13.3747,13.804,14.43685,16.10880829015544,35.121686746987955,44.557658730158735,15.458,0,,,,,,,,,
20261004-070000-ws25-formal-s32-b000-drill,20262532,0,drill,ce699dffe2845dc83e2171a1c309c6d96b96d2b3,4e692d87907c71a1daa6dcc206ad0970141fc0d0ce38768e6408527bd85e6cde,74a6f7154ca10c3cd6dfd45046c4f8abf0ce27faa8ad11446b6a52920b83afba,01469f3ed613ed13cc9d4c012453376940c6b5e9eae077d8cea09008adde83f6,647747937,results/20261004-070000-ws25-formal-s32-b000-drill/raw/647747937/647747937_out_fct.txt,16384,12.24207794189453,12.151,13.32,13.764850000000001,14.293,16.173575129533678,35.119578313253015,44.93879518072289,15.461,0,,,,,,,,,
20261004-070000-ws25-formal-s32-b000-conga,20262532,0,conga,ce699dffe2845dc83e2171a1c309c6d96b96d2b3,4e692d87907c71a1daa6dcc206ad0970141fc0d0ce38768e6408527bd85e6cde,74a6f7154ca10c3cd6dfd45046c4f8abf0ce27faa8ad11446b6a52920b83afba,f40c8e0cff7008d09da9e95a8793b2bbfe426aafa8512710d34885d361e0bd4a,340895141,results/20261004-070000-ws25-formal-s32-b000-conga/raw/340895141/340895141_out_fct.txt,16384,12.307249389648437,12.136,13.614700000000001,13.975,14.992680000000002,16.13082901554404,35.81234939759037,44.369518072289154,15.93,0,,,,,,,,,
20261004-070000-ws25-formal-s32-b000-letflow,20262532,0,letflow,ce699dffe2845dc83e2171a1c309c6d96b96d2b3,4e692d87907c71a1daa6dcc206ad0970141fc0d0ce38768e6408527bd85e6cde,74a6f7154ca10c3cd6dfd45046c4f8abf0ce27faa8ad11446b6a52920b83afba,3da1bbd418dc88618189812b2ab4e1d4288461963e5d7383a69506172ef21746,328472316,results/20261004-070000-ws25-formal-s32-b000-letflow/raw/328472316/328472316_out_fct.txt,16384,12.249199523925782,12.127,13.4017,13.75585,14.787680000000002,16.0919689119171,35.233132530120486,44.59861111111111,15.458,0,,,,,,,,,
20261004-070000-ws25-formal-s32-b000-conweave,20262532,0,conweave,ce699dffe2845dc83e2171a1c309c6d96b96d2b3,4e692d87907c71a1daa6dcc206ad0970141fc0d0ce38768e6408527bd85e6cde,74a6f7154ca10c3cd6dfd45046c4f8abf0ce27faa8ad11446b6a52920b83afba,c4e5c3c3a65f95cb98d79bdb15bfa957b5a25961539a6460de586abe8feeb081,219654287,results/20261004-070000-ws25-formal-s32-b000-conweave/raw/219654287/219654287_out_fct.txt,16384,12.291334350585938,12.185,13.4417,13.751850000000001,14.52668,16.23316062176166,35.58644578313253,44.34793650793651,15.458,0,,,,,,,,,
20261004-070000-ws25-formal-s32-b000-classreserve,20262532,0,classreserve,ce699dffe2845dc83e2171a1c309c6d96b96d2b3,4e692d87907c71a1daa6dcc206ad0970141fc0d0ce38768e6408527bd85e6cde,74a6f7154ca10c3cd6dfd45046c4f8abf0ce27faa8ad11446b6a52920b83afba,b03a29270113d91d220c5425214a39dabca070f808a426ec47554eab1a70473c,117786360,results/20261004-070000-ws25-formal-s32-b000-classreserve/raw/117786360/117786360_out_fct.txt,16384,12.258251953125,12.151,13.376,13.825,14.29234,16.16062176165803,35.14367469879519,44.83504016064257,15.458,0,,,,,,,,,
20261004-070000-ws25-formal-s32-b064-fecmp,20262532,64,fecmp,ce699dffe2845dc83e2171a1c309c6d96b96d2b3,cccce843967f285c7e7d014509eb9e5f7ffdc88dd80d0767c3a4a1c2e23f55de,74a6f7154ca10c3cd6dfd45046c4f8abf0ce27faa8ad11446b6a52920b83afba,d356438321427710af88abe773fb06484cc88c5ede33410d805f38ef7350dfba,94079920,results/20261004-070000-ws25-formal-s32-b064-fecmp/raw/94079920/94079920_out_fct.txt,16384,12.289673889160156,12.13,13.499,13.872,15.150170000000001,16.185233160621763,35.41777108433735,44.27817603748327,16.735,64,430.130609375,483.07849999999996,552.2692000000001,596.7878000000001,670.93564,2.7381521893155734,3.1303341363185493,3.8029510556893866,671.737
20261004-070000-ws25-formal-s32-b064-drill,20262532,64,drill,ce699dffe2845dc83e2171a1c309c6d96b96d2b3,cccce843967f285c7e7d014509eb9e5f7ffdc88dd80d0767c3a4a1c2e23f55de,74a6f7154ca10c3cd6dfd45046c4f8abf0ce27faa8ad11446b6a52920b83afba,02f2d6fd4be22c95ca8b95d3d8735ea835b2813163d8691f85b400df0db27af3,835584542,results/20261004-070000-ws25-formal-s32-b064-drill/raw/835584542/835584542_out_fct.txt,16384,12.275887634277344,12.198,13.346400000000001,13.75585,14.364680000000002,16.208549222797927,35.231024096385546,44.92130952380952,15.473,64,616.321546875,601.4155,710.3855,718.1063,765.4114899999998,3.4139987197203303,4.026558027490435,4.338452543573756,793.054
20261004-070000-ws25-formal-s32-b064-conga,20262532,64,conga,ce699dffe2845dc83e2171a1c309c6d96b96d2b3,cccce843967f285c7e7d014509eb9e5f7ffdc88dd80d0767c3a4a1c2e23f55de,74a6f7154ca10c3cd6dfd45046c4f8abf0ce27faa8ad11446b6a52920b83afba,b35558c72aa2a055c8e9f54cad179b32771eba8df103a7ebc8f2f868d6481eea,562486386,results/20261004-070000-ws25-formal-s32-b064-conga/raw/562486386/562486386_out_fct.txt,16384,12.386710632324219,12.175,13.717400000000001,14.474400000000001,15.766680000000001,16.26878238341969,35.80843373493976,45.588845859629,16.809,64,414.013515625,442.3645,551.3480000000001,591.4197499999999,671.09261,2.5074507581125123,3.131639580743108,3.803840782202069,671.378
20261004-070000-ws25-formal-s32-b064-letflow,20262532,64,letflow,ce699dffe2845dc83e2171a1c309c6d96b96d2b3,cccce843967f285c7e7d014509eb9e5f7ffdc88dd80d0767c3a4a1c2e23f55de,74a6f7154ca10c3cd6dfd45046c4f8abf0ce27faa8ad11446b6a52920b83afba,19667e6545de435bde3dfdec32d2ede5c5dd002c310dc474b7102d74b0f64c40,711036731,results/20261004-070000-ws25-formal-s32-b064-letflow/raw/711036731/711036731_out_fct.txt,16384,12.313611694335938,12.151,13.601,14.051400000000001,14.77968,16.215673575129536,35.59849397590362,44.04035714285714,15.805,64,418.2078125,433.2125,531.5732,555.65185,671.2438099999999,2.462181041091411,3.0130264985121156,3.804697803599263,671.378
20261004-070000-ws25-formal-s32-b064-conweave,20262532,64,conweave,ce699dffe2845dc83e2171a1c309c6d96b96d2b3,cccce843967f285c7e7d014509eb9e5f7ffdc88dd80d0767c3a4a1c2e23f55de,74a6f7154ca10c3cd6dfd45046c4f8abf0ce27faa8ad11446b6a52920b83afba,df7de12cf87fa85dcf858fa66046e76dc5d3775e69f11929a0d1312fd07f40d1,537490766,results/20261004-070000-ws25-formal-s32-b064-conweave/raw/537490766/537490766_out_fct.txt,16384,12.336951965332032,12.129,13.621,14.21785,15.21136,16.237046632124354,35.26204819277108,44.07345238095238,16.28,64,409.41565625,381.66949999999997,530.4879999999999,561.7334,670.9384299999999,2.1633526994473575,3.006875442822729,3.802966869774692,671.404
20261004-070000-ws25-formal-s32-b064-classreserve,20262532,64,classreserve,ce699dffe2845dc83e2171a1c309c6d96b96d2b3,cccce843967f285c7e7d014509eb9e5f7ffdc88dd80d0767c3a4a1c2e23f55de,74a6f7154ca10c3cd6dfd45046c4f8abf0ce27faa8ad11446b6a52920b83afba,4ca27b66ddc4728825c6dc849c0529ea8a27f34582db39b991d673a75529e6d3,740472054,results/20261004-070000-ws25-formal-s32-b064-classreserve/raw/740472054/740472054_out_fct.txt,16384,12.28610125732422,12.135,13.504,14.06085,14.90785,16.13860103626943,35.05421686746988,44.401468253968254,16.189,64,412.15603125,433.409,529.3373,557.7103500000001,671.00287,2.4614288205962165,3.000353124557177,3.8033321241320674,671.476
20261004-070000-ws25-formal-s32-b128-fecmp,20262532,128,fecmp,ce699dffe2845dc83e2171a1c309c6d96b96d2b3,e48c2c36a317551e378e468810ae7df736ab4c7a71d33e6a633e020c20a87d0a,74a6f7154ca10c3cd6dfd45046c4f8abf0ce27faa8ad11446b6a52920b83afba,09f376ed753df1f3c1b5a34a2062917c92ac9a78f41c52687445e6356bd8159b,193381747,results/20261004-070000-ws25-formal-s32-b128-fecmp/raw/193381747/193381747_out_fct.txt,16384,12.374890747070312,12.161,13.758,14.238850000000001,15.563170000000001,16.268134715025905,35.589457831325305,44.03706349206349,19.075,128,651.1209921875,630.672,1006.9479,1034.7825500000001,1128.46263,3.577074073434536,5.707512540739691,6.396273940768032,1163.372
20261004-070000-ws25-formal-s32-b128-drill,20262532,128,drill,ce699dffe2845dc83e2171a1c309c6d96b96d2b3,e48c2c36a317551e378e468810ae7df736ab4c7a71d33e6a633e020c20a87d0a,74a6f7154ca10c3cd6dfd45046c4f8abf0ce27faa8ad11446b6a52920b83afba,08b851d9d1b21634347ae4398b48541e368bd7b244318a95efab1b7b9b9e22c0,312638544,results/20261004-070000-ws25-formal-s32-b128-drill/raw/312638544/312638544_out_fct.txt,16384,12.330954467773438,12.266,13.472,13.86485,14.37317,16.297927461139896,35.36144578313253,44.4766537578887,15.513,128,804.2620625,811.2775,1016.1944,1105.23075,1440.8004600000002,4.603531245571773,5.761322374946862,8.166645656794673,1481.629
20261004-070000-ws25-formal-s32-b128-conga,20262532,128,conga,ce699dffe2845dc83e2171a1c309c6d96b96d2b3,e48c2c36a317551e378e468810ae7df736ab4c7a71d33e6a633e020c20a87d0a,74a6f7154ca10c3cd6dfd45046c4f8abf0ce27faa8ad11446b6a52920b83afba,23a051022cc92874b509dc7ed5f874d64fe764a545dd7f2b8ef1693dd9dc42ca,844688884,results/20261004-070000-ws25-formal-s32-b128-conga/raw/844688884/844688884_out_fct.txt,16384,12.581882568359376,12.197,14.399700000000001,15.466,16.981340000000003,16.477331606217618,36.19277108433735,47.00102409638554,18.477,128,642.207390625,643.0944999999999,1004.1679,1014.9123,1161.4298400000007,3.645143828822446,5.691755136743659,6.5839365611519565,1418.268
20261004-070000-ws25-formal-s32-b128-letflow,20262532,128,letflow,ce699dffe2845dc83e2171a1c309c6d96b96d2b3,e48c2c36a317551e378e468810ae7df736ab4c7a71d33e6a633e020c20a87d0a,74a6f7154ca10c3cd6dfd45046c4f8abf0ce27faa8ad11446b6a52920b83afba,a3f79a0585a73a2301facb909ce6af28565c9e53198e117418e2cd5ce381d27b,731775195,results/20261004-070000-ws25-formal-s32-b128-letflow/raw/731775195/731775195_out_fct.txt,16384,12.425062927246094,12.173,13.7664,14.328,16.66068,16.378238341968913,35.6277108433735,45.16265060240964,18.447,128,630.1730078125,646.6075000000001,988.5029000000001,1006.21845,1096.8673400000002,3.6650559727929712,5.60311690520051,6.217187700155875,1194.898
20261004-070000-ws25-formal-s32-b128-conweave,20262532,128,conweave,ce699dffe2845dc83e2171a1c309c6d96b96d2b3,e48c2c36a317551e378e468810ae7df736ab4c7a71d33e6a633e020c20a87d0a,74a6f7154ca10c3cd6dfd45046c4f8abf0ce27faa8ad11446b6a52920b83afba,deafd6fd47b23cd387e09f5b56d476b1f399ab603b99f54d56b21d19fcaacf7c,997358263,results/20261004-070000-ws25-formal-s32-b128-conweave/raw/997358263/997358263_out_fct.txt,16384,12.46150732421875,12.199,13.891100000000002,14.59585,16.17434,16.32836787564767,35.97289156626506,44.43373015873016,18.857,128,643.2482578125,669.4135,943.4229,1007.11145,1267.0802300000005,3.794323366869775,5.350799620423484,7.181976647300555,1362.656
20261004-070000-ws25-formal-s32-b128-classreserve,20262532,128,classreserve,ce699dffe2845dc83e2171a1c309c6d96b96d2b3,e48c2c36a317551e378e468810ae7df736ab4c7a71d33e6a633e020c20a87d0a,74a6f7154ca10c3cd6dfd45046c4f8abf0ce27faa8ad11446b6a52920b83afba,8387a03fa561f9db3dc382973cf6509366b8564b4e16d18ac6549aa2a69d5208,206376629,results/20261004-070000-ws25-formal-s32-b128-classreserve/raw/206376629/206376629_out_fct.txt,16384,12.349827392578124,12.163,13.645700000000001,14.337,15.395190000000001,16.221502590673577,35.25512048192772,44.574801587301586,16.493,128,636.619546875,640.9145,962.3289,1007.19845,1235.1436800000001,3.632787303386708,5.462474126752521,7.013823082305753,1276.639
20261004-070000-ws25-formal-s32-b192-fecmp,20262532,192,fecmp,ce699dffe2845dc83e2171a1c309c6d96b96d2b3,f9450883ab6c261a00f87c5d7823dba445381003b86c1ca00f77544c093b1b5c,74a6f7154ca10c3cd6dfd45046c4f8abf0ce27faa8ad11446b6a52920b83afba,7836df7c7d7a6e8e57eb0ef115c70c54f8ceaa33d7e56250b419ce8126252b5e,900519942,results/20261004-070000-ws25-formal-s32-b192-fecmp/raw/900519942/900519942_out_fct.txt,16384,12.489734497070312,12.1965,13.977,14.844700000000001,15.887680000000001,16.40414507772021,35.73795180722892,44.23480158730158,21.349,192,787.41546875,759.842,1182.7326,1257.7010999999998,1456.40707,4.3081649426101745,6.703883236502763,8.2635772747807,1567.676
20261004-070000-ws25-formal-s32-b192-drill,20262532,192,drill,ce699dffe2845dc83e2171a1c309c6d96b96d2b3,f9450883ab6c261a00f87c5d7823dba445381003b86c1ca00f77544c093b1b5c,74a6f7154ca10c3cd6dfd45046c4f8abf0ce27faa8ad11446b6a52920b83afba,00e3a9451f7d6ceadb465fb51b77272608eb7253633a65802d229f0ec9de61cd,744295064,results/20261004-070000-ws25-formal-s32-b192-drill/raw/744295064/744295064_out_fct.txt,16384,12.368876953125,12.293,13.4457,13.801,14.35317,16.343264248704664,35.49096385542169,44.25944444444445,15.918,192,948.3610729166667,920.9915000000001,1267.3090000000002,1388.4178,1686.39702,5.22065183505739,7.183273345614285,9.559823040952246,1690.361
20261004-070000-ws25-formal-s32-b192-conga,20262532,192,conga,ce699dffe2845dc83e2171a1c309c6d96b96d2b3,f9450883ab6c261a00f87c5d7823dba445381003b86c1ca00f77544c093b1b5c,74a6f7154ca10c3cd6dfd45046c4f8abf0ce27faa8ad11446b6a52920b83afba,1260bb70925a41362178a704c9dc58e436e335966847cfa01a1156acbd75349e,988355969,results/20261004-070000-ws25-formal-s32-b192-conga/raw/988355969/988355969_out_fct.txt,16384,12.697720275878906,12.271,14.854700000000001,15.604,16.44604,16.623056994818654,36.44879518072289,46.613493975903616,18.847,192,777.48978125,794.017,1167.8709000000001,1193.7817499999996,1306.9925200000002,4.506224463291253,6.620196041238829,7.408204732889332,1511.936
20261004-070000-ws25-formal-s32-b192-letflow,20262532,192,letflow,ce699dffe2845dc83e2171a1c309c6d96b96d2b3,f9450883ab6c261a00f87c5d7823dba445381003b86c1ca00f77544c093b1b5c,74a6f7154ca10c3cd6dfd45046c4f8abf0ce27faa8ad11446b6a52920b83afba,463ebf108d92c1fe110f390caf62e822cfb50e6a7a8690beaf974f98033ccdd3,463155811,results/20261004-070000-ws25-formal-s32-b192-letflow/raw/463155811/463155811_out_fct.txt,16384,12.541431701660157,12.282,14.243,14.77385,15.59617,16.52979274611399,35.9277108433735,44.822349397590365,17.519,192,791.9970729166666,784.6545,1179.8239,1267.8216,1529.2503299999998,4.4530834127016465,6.687396344055548,8.667991101034433,1594.869
20261004-070000-ws25-formal-s32-b192-conweave,20262532,192,conweave,ce699dffe2845dc83e2171a1c309c6d96b96d2b3,f9450883ab6c261a00f87c5d7823dba445381003b86c1ca00f77544c093b1b5c,74a6f7154ca10c3cd6dfd45046c4f8abf0ce27faa8ad11446b6a52920b83afba,c5cc67931270f07692a3f6f2d9ae979567864c8648bf28ba98a5582001cfdb27,950913276,results/20261004-070000-ws25-formal-s32-b192-conweave/raw/950913276/950913276_out_fct.txt,16384,12.610066528320312,12.281,14.318700000000002,14.982,16.771,16.629533678756477,36.09939759036145,44.93920634920635,18.533,192,772.6054270833333,760.7175,1183.2447000000002,1223.4464,1503.0409200000001,4.3118463936516935,6.706785886353975,8.519432733456142,1566.149
20261004-070000-ws25-formal-s32-b192-classreserve,20262532,192,classreserve,ce699dffe2845dc83e2171a1c309c6d96b96d2b3,f9450883ab6c261a00f87c5d7823dba445381003b86c1ca00f77544c093b1b5c,74a6f7154ca10c3cd6dfd45046c4f8abf0ce27faa8ad11446b6a52920b83afba,422efbecdea68253f323f22320025d3b57340600084702154f19b8576513304d,754296344,results/20261004-070000-ws25-formal-s32-b192-classreserve/raw/754296344/754296344_out_fct.txt,16384,12.447086486816406,12.216,13.881,14.55785,15.66734,16.352331606217618,35.68584337349398,44.711666666666666,16.591,192,786.77215625,749.0375,1183.2977,1231.3994999999998,1594.3956300000002,4.245642624344622,6.7070862972934675,9.057787137896192,1719.361
20261004-070000-ws25-formal-s33-b000-fecmp,20262533,0,fecmp,ce699dffe2845dc83e2171a1c309c6d96b96d2b3,b570cf7d7930c20263a0261ceb760f84fddbc9cbca8fd92724e60bf3df6d1709,74a6f7154ca10c3cd6dfd45046c4f8abf0ce27faa8ad11446b6a52920b83afba,00d211cc6660b87897a4179fd7de6c6b5c05ef46b8e3289e6d17191eb254a830,89150526,results/20261004-070000-ws25-formal-s33-b000-fecmp/raw/89150526/89150526_out_fct.txt,16384,12.275989135742188,12.105,13.506,13.933,15.10802,16.18782383419689,35.2289156626506,44.10190476190476,16.049,0,,,,,,,,,
20261004-070000-ws25-formal-s33-b000-drill,20262533,0,drill,ce699dffe2845dc83e2171a1c309c6d96b96d2b3,b570cf7d7930c20263a0261ceb760f84fddbc9cbca8fd92724e60bf3df6d1709,74a6f7154ca10c3cd6dfd45046c4f8abf0ce27faa8ad11446b6a52920b83afba,0d0e1fe446022177f9db8aff7a80fefd36eee6440a6067b244db7943cfaef1c2,660847272,results/20261004-070000-ws25-formal-s33-b000-drill/raw/660847272/660847272_out_fct.txt,16384,12.257142944335937,12.138,13.444,13.827,14.710680000000002,16.221502590673577,35.24698795180723,44.373690476190475,15.461,0,,,,,,,,,
20261004-070000-ws25-formal-s33-b000-conga,20262533,0,conga,ce699dffe2845dc83e2171a1c309c6d96b96d2b3,b570cf7d7930c20263a0261ceb760f84fddbc9cbca8fd92724e60bf3df6d1709,74a6f7154ca10c3cd6dfd45046c4f8abf0ce27faa8ad11446b6a52920b83afba,4a36a2859faf25cee829c3364a2e56d21061381867332bd79527e19360d69c34,779846568,results/20261004-070000-ws25-formal-s33-b000-conga/raw/779846568/779846568_out_fct.txt,16384,12.324066955566407,12.131,13.6127,14.178,15.245080000000002,16.194300518134714,35.90873493975904,44.41337301587301,16.755,0,,,,,,,,,
20261004-070000-ws25-formal-s33-b000-letflow,20262533,0,letflow,ce699dffe2845dc83e2171a1c309c6d96b96d2b3,b570cf7d7930c20263a0261ceb760f84fddbc9cbca8fd92724e60bf3df6d1709,74a6f7154ca10c3cd6dfd45046c4f8abf0ce27faa8ad11446b6a52920b83afba,6495fae71f10180dfa2fae3aa2f8cece450caf196adba07fd20b748d563825ed,587461517,results/20261004-070000-ws25-formal-s33-b000-letflow/raw/587461517/587461517_out_fct.txt,16384,12.273178405761719,12.113,13.47,13.89185,15.15451,16.248704663212436,35.34246987951808,44.559645725760184,15.535,0,,,,,,,,,
20261004-070000-ws25-formal-s33-b000-conweave,20262533,0,conweave,ce699dffe2845dc83e2171a1c309c6d96b96d2b3,b570cf7d7930c20263a0261ceb760f84fddbc9cbca8fd92724e60bf3df6d1709,74a6f7154ca10c3cd6dfd45046c4f8abf0ce27faa8ad11446b6a52920b83afba,85e1570fc7edb7a8c7bfb07f3f36337dbb26558fe6787a992cb28849ca2c6514,24863753,results/20261004-070000-ws25-formal-s33-b000-conweave/raw/24863753/24863753_out_fct.txt,16384,12.29184033203125,12.163,13.4527,13.856,14.55951,16.310880829015545,35.48403614457832,43.92460317460318,15.409,0,,,,,,,,,
20261004-070000-ws25-formal-s33-b000-classreserve,20262533,0,classreserve,ce699dffe2845dc83e2171a1c309c6d96b96d2b3,b570cf7d7930c20263a0261ceb760f84fddbc9cbca8fd92724e60bf3df6d1709,74a6f7154ca10c3cd6dfd45046c4f8abf0ce27faa8ad11446b6a52920b83afba,d562afd68f5a870c8a294835005540f67704ea3e1c752ea4de7032f12bb2af1e,101975882,results/20261004-070000-ws25-formal-s33-b000-classreserve/raw/101975882/101975882_out_fct.txt,16384,12.27141961669922,12.139,13.4947,13.9207,15.012170000000001,16.22279792746114,35.243975903614455,44.21765873015873,15.492,0,,,,,,,,,
20261004-070000-ws25-formal-s33-b064-fecmp,20262533,64,fecmp,ce699dffe2845dc83e2171a1c309c6d96b96d2b3,1df6cd4620ab58fe2545cf3b81c080be76c2c11eef7aa472d6a20d563f001b3d,74a6f7154ca10c3cd6dfd45046c4f8abf0ce27faa8ad11446b6a52920b83afba,db0402b506c6a7205ca9ca68b38e8753c294cf99719ea2d7332fe391532212bb,39806489,results/20261004-070000-ws25-formal-s33-b064-fecmp/raw/39806489/39806489_out_fct.txt,16384,12.354435485839844,12.145,13.774700000000001,14.34085,15.09151,16.278497409326423,35.596385542168676,44.01325396825397,15.994,64,429.78459375,383.2385,533.1143999999999,838.46475,839.06768,2.174997832660975,3.021762221907326,4.763959485183396,839.486
20261004-070000-ws25-formal-s33-b064-drill,20262533,64,drill,ce699dffe2845dc83e2171a1c309c6d96b96d2b3,1df6cd4620ab58fe2545cf3b81c080be76c2c11eef7aa472d6a20d563f001b3d,74a6f7154ca10c3cd6dfd45046c4f8abf0ce27faa8ad11446b6a52920b83afba,f9ab69811a2a73126e69a8e1060342c296d95199419a062318033c5e712b72ac,584999813,results/20261004-070000-ws25-formal-s33-b064-drill/raw/584999813/584999813_out_fct.txt,16384,12.282495727539063,12.153,13.462,13.809,14.84617,16.25518134715026,35.32831325301205,44.282500000000006,15.507,64,637.173828125,590.7025000000001,738.5847,899.4700500000001,922.94818,3.348179112937509,4.186394785319542,5.234508262345987,923.083
20261004-070000-ws25-formal-s33-b064-conga,20262533,64,conga,ce699dffe2845dc83e2171a1c309c6d96b96d2b3,1df6cd4620ab58fe2545cf3b81c080be76c2c11eef7aa472d6a20d563f001b3d,74a6f7154ca10c3cd6dfd45046c4f8abf0ce27faa8ad11446b6a52920b83afba,fcddb33c11800bbda9924c418e0ae4c538e99f7de073137b55b708318b6b0fc6,862476628,results/20261004-070000-ws25-formal-s33-b064-conga/raw/862476628/862476628_out_fct.txt,16384,12.442879150390626,12.183,14.0287,14.49285,15.24,16.4080310880829,36.41987951807229,44.39156626506024,16.317,64,432.036828125,367.8595,531.5328000000001,838.96295,839.1366099999999,2.08507581125124,3.0127975060223893,4.766403898059494,839.17
20261004-070000-ws25-formal-s33-b064-letflow,20262533,64,letflow,ce699dffe2845dc83e2171a1c309c6d96b96d2b3,1df6cd4620ab58fe2545cf3b81c080be76c2c11eef7aa472d6a20d563f001b3d,74a6f7154ca10c3cd6dfd45046c4f8abf0ce27faa8ad11446b6a52920b83afba,7e42c1fc76febfcfd6a40903f94424baaaddaf17174d0cccaeb4443ee718df58,398760112,results/20261004-070000-ws25-formal-s33-b064-letflow/raw/398760112/398760112_out_fct.txt,16384,12.330883117675782,12.155,13.676400000000001,14.133,14.82934,16.322538860103627,35.55632530120482,44.05623015873016,15.488,64,426.82021875,359.0935,529.9867,836.64705,839.23486,2.0353889754853336,3.006278563126634,4.756893070709934,839.536
20261004-070000-ws25-formal-s33-b064-conweave,20262533,64,conweave,ce699dffe2845dc83e2171a1c309c6d96b96d2b3,1df6cd4620ab58fe2545cf3b81c080be76c2c11eef7aa472d6a20d563f001b3d,74a6f7154ca10c3cd6dfd45046c4f8abf0ce27faa8ad11446b6a52920b83afba,705eb96852d75426808a683ed60dc73d0b2e52091c22c31adc8807bcb65d771e,82982213,results/20261004-070000-ws25-formal-s33-b064-conweave/raw/82982213/82982213_out_fct.txt,16384,12.409302917480469,12.191,13.862,14.322700000000001,15.37302,16.405440414507773,35.99307228915663,44.1989897685982,17.223,64,432.130015625,376.70050000000003,557.2284000000001,804.2130500000001,821.3617199999999,2.135187756837183,3.1599706083810646,4.661330347662501,849.873
20261004-070000-ws25-formal-s33-b064-classreserve,20262533,64,classreserve,ce699dffe2845dc83e2171a1c309c6d96b96d2b3,1df6cd4620ab58fe2545cf3b81c080be76c2c11eef7aa472d6a20d563f001b3d,74a6f7154ca10c3cd6dfd45046c4f8abf0ce27faa8ad11446b6a52920b83afba,9338d6241d82ee8d3e3a6ab92bab27343e6b03d7bbabda7dcbe43483d9bcd0bf,951347018,results/20261004-070000-ws25-formal-s33-b064-classreserve/raw/951347018/951347018_out_fct.txt,16384,12.317323120117187,12.161,13.569,14.07285,15.006,16.27979274611399,35.25301204819277,44.10055555555555,15.48,64,424.7275625,367.371,529.3586,838.96005,839.40781,2.0823069292900667,3.001368171583182,4.767189305906753,839.416
20261004-070000-ws25-formal-s33-b128-fecmp,20262533,128,fecmp,ce699dffe2845dc83e2171a1c309c6d96b96d2b3,d2f9f4846ed432a2eedfda0e113ca9f46e65a354bbe4db431e0dfaa63c5f2435,74a6f7154ca10c3cd6dfd45046c4f8abf0ce27faa8ad11446b6a52920b83afba,c334f5e2b70a9ae2d20ed209016bcd4edacee12ec67a5f51c9cf23b10c5e5ff3,356236652,results/20261004-070000-ws25-formal-s33-b128-fecmp/raw/356236652/356236652_out_fct.txt,16384,12.412626953125,12.204,13.864700000000001,14.28985,15.33017,16.374352331606218,35.93975903614458,44.0959126984127,17.868,128,654.492203125,640.981,1015.0159,1146.0988,1218.3993300000002,3.6331642340938073,5.760797411685056,6.918704392350159,1255.193
20261004-070000-ws25-formal-s33-b128-drill,20262533,128,drill,ce699dffe2845dc83e2171a1c309c6d96b96d2b3,d2f9f4846ed432a2eedfda0e113ca9f46e65a354bbe4db431e0dfaa63c5f2435,74a6f7154ca10c3cd6dfd45046c4f8abf0ce27faa8ad11446b6a52920b83afba,ea5f30265499d52d448583fe9d6d06fa44e9cf2ad2602a6f753eb49a15049d00,564780297,results/20261004-070000-ws25-formal-s33-b128-drill/raw/564780297/564780297_out_fct.txt,16384,12.337889282226563,12.213,13.5097,13.864,14.72051,16.360103626943005,35.51415662650603,44.193849206349206,15.498,128,836.4238984375,808.374,1192.8792999999998,1307.92155,1407.2696500000002,4.581969675499504,6.761396060649,7.996531806688071,1497.671
20261004-070000-ws25-formal-s33-b128-conga,20262533,128,conga,ce699dffe2845dc83e2171a1c309c6d96b96d2b3,d2f9f4846ed432a2eedfda0e113ca9f46e65a354bbe4db431e0dfaa63c5f2435,74a6f7154ca10c3cd6dfd45046c4f8abf0ce27faa8ad11446b6a52920b83afba,8cc954542448c3fb28cc37251385249989f3950311c3e20b3458a9adb9da9c93,429995888,results/20261004-070000-ws25-formal-s33-b128-conga/raw/429995888/429995888_out_fct.txt,16384,12.56294805908203,12.248,14.299,15.03185,16.17,16.476036269430054,36.57831325301205,46.129066265060246,17.135,128,647.51525,665.1365000000001,1014.8019,1114.6042000000004,1215.97899,3.770080770865807,5.7543471730196964,6.892328128099759,1294.319
20261004-070000-ws25-formal-s33-b128-letflow,20262533,128,letflow,ce699dffe2845dc83e2171a1c309c6d96b96d2b3,d2f9f4846ed432a2eedfda0e113ca9f46e65a354bbe4db431e0dfaa63c5f2435,74a6f7154ca10c3cd6dfd45046c4f8abf0ce27faa8ad11446b6a52920b83afba,8b6e350a1643e50c015b9d9de76158ce4eca040acaf06c9b3d314a0e894323a3,501809766,results/20261004-070000-ws25-formal-s33-b128-letflow/raw/501809766/501809766_out_fct.txt,16384,12.428244079589843,12.195,14.005700000000001,14.5797,15.76834,16.411269430051814,35.85753012048193,44.17527777777778,17.334,128,650.4558515625,654.1085,1015.5169,1075.9457000000002,1218.4350000000002,3.7121870589977797,5.756377497520193,6.906249114354542,1276.226
20261004-070000-ws25-formal-s33-b128-conweave,20262533,128,conweave,ce699dffe2845dc83e2171a1c309c6d96b96d2b3,d2f9f4846ed432a2eedfda0e113ca9f46e65a354bbe4db431e0dfaa63c5f2435,74a6f7154ca10c3cd6dfd45046c4f8abf0ce27faa8ad11446b6a52920b83afba,8883b47ab0cfe32acd06cb4eb1246ab5066bc05e9619f254362032297ab172e0,774702410,results/20261004-070000-ws25-formal-s33-b128-conweave/raw/774702410/774702410_out_fct.txt,16384,12.510738403320312,12.304,14.065,14.54085,15.772170000000001,16.63082901554404,36.20783132530121,44.05829365079365,17.693,128,662.3839453125,632.7975,1063.6598,1196.89805,1244.4132000000002,3.5892428286868863,6.033534989345118,7.053496953379624,1378.224
20261004-070000-ws25-formal-s33-b128-classreserve,20262533,128,classreserve,ce699dffe2845dc83e2171a1c309c6d96b96d2b3,d2f9f4846ed432a2eedfda0e113ca9f46e65a354bbe4db431e0dfaa63c5f2435,74a6f7154ca10c3cd6dfd45046c4f8abf0ce27faa8ad11446b6a52920b83afba,f92d21632c3b06467ba93081352fa11e0e9971dcb5ccf9b0806da4ecac8de923,607283680,results/20261004-070000-ws25-formal-s33-b128-classreserve/raw/607283680/607283680_out_fct.txt,16384,12.36856689453125,12.156500000000001,13.8137,14.24385,15.16351,16.2720207253886,35.14668674698796,44.121746031746035,17.844,128,647.6698515625,637.0654999999999,1014.4716,1106.1987500000002,1238.9002200000002,3.6109706674224173,5.751996032308346,7.042159995684997,1264.223
20261004-070000-ws25-formal-s33-b192-fecmp,20262533,192,fecmp,ce699dffe2845dc83e2171a1c309c6d96b96d2b3,30fc5e26e7a9cfe1ede42a02042eb3bd4bee46a909325ecf36077667a3ee0bfa,74a6f7154ca10c3cd6dfd45046c4f8abf0ce27faa8ad11446b6a52920b83afba,ff33acfed3e64a85dc7f5291eb61109d29b9fcbb185ca641ceeeb4c28b8526ad,202481547,results/20261004-070000-ws25-formal-s33-b192-fecmp/raw/202481547/202481547_out_fct.txt,16384,12.515314208984375,12.271,14.051,14.6387,15.82417,16.571243523316063,36.369578313253015,44.369518072289154,18.768,192,828.5906197916667,702.159,1257.7327000000002,1684.771,1922.28331,3.9799291483633272,7.145051109218738,10.895753492985689,2012.946
20261004-070000-ws25-formal-s33-b192-drill,20262533,192,drill,ce699dffe2845dc83e2171a1c309c6d96b96d2b3,30fc5e26e7a9cfe1ede42a02042eb3bd4bee46a909325ecf36077667a3ee0bfa,74a6f7154ca10c3cd6dfd45046c4f8abf0ce27faa8ad11446b6a52920b83afba,a17f304ee7e0089ca851f4070ca17b4b872de419c8a3afdd8fd876a2eb919367,770207906,results/20261004-070000-ws25-formal-s33-b192-drill/raw/770207906/770207906_out_fct.txt,16384,12.39071484375,12.293,13.531,13.891,14.75936,16.488341968911918,35.75120481927711,44.18059523809524,15.535,192,975.4651354166666,898.2090000000001,1460.7608,1806.0625499999999,2016.8445,5.091166217939635,8.298438877748243,11.45771544915499,2109.533
20261004-070000-ws25-formal-s33-b192-conga,20262533,192,conga,ce699dffe2845dc83e2171a1c309c6d96b96d2b3,30fc5e26e7a9cfe1ede42a02042eb3bd4bee46a909325ecf36077667a3ee0bfa,74a6f7154ca10c3cd6dfd45046c4f8abf0ce27faa8ad11446b6a52920b83afba,05b1fe8e66848d91dfff3f1edef737007909fa7a6f78f82a45fdb18cc5faaca0,578887691,results/20261004-070000-ws25-formal-s33-b192-conga/raw/578887691/578887691_out_fct.txt,16384,12.695009948730469,12.334,14.751,15.569550000000001,16.79436,16.672279792746114,37.02138554216868,46.99619430101358,18.558,192,813.8928020833333,703.767,1209.0428,1642.5801999999999,1777.1277100000002,3.994026023342958,6.8699582350768535,10.098177174190983,1845.38
20261004-070000-ws25-formal-s33-b192-letflow,20262533,192,letflow,ce699dffe2845dc83e2171a1c309c6d96b96d2b3,30fc5e26e7a9cfe1ede42a02042eb3bd4bee46a909325ecf36077667a3ee0bfa,74a6f7154ca10c3cd6dfd45046c4f8abf0ce27faa8ad11446b6a52920b83afba,6ab516503ccbbbd4f0a2dd7dcd655964c67eae31c88cc59597be6ab9f90c69f0,988706610,results/20261004-070000-ws25-formal-s33-b192-letflow/raw/988706610/988706610_out_fct.txt,16384,12.552712829589844,12.274,14.23,14.756,16.422510000000003,16.623056994818654,36.06927710843374,44.20052591317651,19.559,192,809.3714166666666,701.7905000000001,1208.1717,1625.0984499999986,1870.7820300000005,3.98015587360068,6.861646519036766,10.603837494686129,2088.216
20261004-070000-ws25-formal-s33-b192-conweave,20262533,192,conweave,ce699dffe2845dc83e2171a1c309c6d96b96d2b3,30fc5e26e7a9cfe1ede42a02042eb3bd4bee46a909325ecf36077667a3ee0bfa,74a6f7154ca10c3cd6dfd45046c4f8abf0ce27faa8ad11446b6a52920b83afba,94fc539789bbfc2b2f5ad59a1708446c0d07c5696ade4d15add07e2254b96eab,986701008,results/20261004-070000-ws25-formal-s33-b192-conweave/raw/986701008/986701008_out_fct.txt,16384,12.605466247558594,12.3635,14.274400000000002,14.908,15.79419,16.787564766839377,36.355421686746986,44.97289682539682,18.031,192,809.7588072916667,702.2094999999999,1208.5047000000002,1595.6237499999997,1804.1031700000003,3.9816862689528127,6.864550387817143,10.228250198206434,1848.875
20261004-070000-ws25-formal-s33-b192-classreserve,20262533,192,classreserve,ce699dffe2845dc83e2171a1c309c6d96b96d2b3,30fc5e26e7a9cfe1ede42a02042eb3bd4bee46a909325ecf36077667a3ee0bfa,74a6f7154ca10c3cd6dfd45046c4f8abf0ce27faa8ad11446b6a52920b83afba,e894819561754e052083e48007217b61bdaea268cc3ebc4bb1c9ee9aff4cb4ce,260857889,results/20261004-070000-ws25-formal-s33-b192-classreserve/raw/260857889/260857889_out_fct.txt,16384,12.427596496582032,12.215,13.819,14.444,15.438080000000001,16.484455958549223,35.66566265060241,44.24940476190476,18.635,192,822.281875,696.077,1208.5167000000001,1678.75685,1880.93737,3.9498102167387437,6.850030891313589,10.688055061510925,1941.774
20261004-070000-ws25-formal-s34-b000-fecmp,20262534,0,fecmp,ce699dffe2845dc83e2171a1c309c6d96b96d2b3,f83e1fbd3f80d1fe8a091214d0242677f55661dbcb1f80282d5bb05121c826eb,74a6f7154ca10c3cd6dfd45046c4f8abf0ce27faa8ad11446b6a52920b83afba,6372addb6622775235d6661283a6c31165dee91eb1b6722ff7b8d482646bbf14,440174662,results/20261004-070000-ws25-formal-s34-b000-fecmp/raw/440174662/440174662_out_fct.txt,16384,12.320355163574218,12.146,13.6,14.08585,15.19585,16.13018134715026,35.394578313253014,44.76325396825397,16.1,0,,,,,,,,,
20261004-070000-ws25-formal-s34-b000-drill,20262534,0,drill,ce699dffe2845dc83e2171a1c309c6d96b96d2b3,f83e1fbd3f80d1fe8a091214d0242677f55661dbcb1f80282d5bb05121c826eb,74a6f7154ca10c3cd6dfd45046c4f8abf0ce27faa8ad11446b6a52920b83afba,e3c7c348f5edaa5535db76a416b2005dcb845b91074e08376a18ba7d0a5cdd06,132211314,results/20261004-070000-ws25-formal-s34-b000-drill/raw/132211314/132211314_out_fct.txt,16384,12.319843933105469,12.143,13.61,14.122,15.421339999999999,16.137305699481864,35.12951807228916,45.18808471983171,16.12,0,,,,,,,,,
20261004-070000-ws25-formal-s34-b000-conga,20262534,0,conga,ce699dffe2845dc83e2171a1c309c6d96b96d2b3,f83e1fbd3f80d1fe8a091214d0242677f55661dbcb1f80282d5bb05121c826eb,74a6f7154ca10c3cd6dfd45046c4f8abf0ce27faa8ad11446b6a52920b83afba,8cc537b1b693fad21dc9570ccfee5c0a01d60c629768fb6622004405cc8b5ede,418428293,results/20261004-070000-ws25-formal-s34-b000-conga/raw/418428293/418428293_out_fct.txt,16384,12.427720825195312,12.14,13.9617,14.45785,16.15504,16.240284974093264,35.924698795180724,44.941904761904766,16.925,0,,,,,,,,,
20261004-070000-ws25-formal-s34-b000-letflow,20262534,0,letflow,ce699dffe2845dc83e2171a1c309c6d96b96d2b3,f83e1fbd3f80d1fe8a091214d0242677f55661dbcb1f80282d5bb05121c826eb,74a6f7154ca10c3cd6dfd45046c4f8abf0ce27faa8ad11446b6a52920b83afba,67002f5cef4ac15f37c37e67b587ffc750b97e3161793dd16693cad992141307,866615216,results/20261004-070000-ws25-formal-s34-b000-letflow/raw/866615216/866615216_out_fct.txt,16384,12.339575622558593,12.115,13.71,14.235,15.33817,16.14378238341969,35.32740963855422,44.775396825396825,16.128,0,,,,,,,,,
20261004-070000-ws25-formal-s34-b000-conweave,20262534,0,conweave,ce699dffe2845dc83e2171a1c309c6d96b96d2b3,f83e1fbd3f80d1fe8a091214d0242677f55661dbcb1f80282d5bb05121c826eb,74a6f7154ca10c3cd6dfd45046c4f8abf0ce27faa8ad11446b6a52920b83afba,a287b5e59fd4fcac42dd36ab31c6d21d848414c5d4ec95c47ccc98b84d159469,893300684,results/20261004-070000-ws25-formal-s34-b000-conweave/raw/893300684/893300684_out_fct.txt,16384,12.388287963867187,12.157,13.83,14.206850000000001,15.153680000000001,16.251295336787564,35.44487951807229,44.340515873015875,16.193,0,,,,,,,,,
20261004-070000-ws25-formal-s34-b000-classreserve,20262534,0,classreserve,ce699dffe2845dc83e2171a1c309c6d96b96d2b3,f83e1fbd3f80d1fe8a091214d0242677f55661dbcb1f80282d5bb05121c826eb,74a6f7154ca10c3cd6dfd45046c4f8abf0ce27faa8ad11446b6a52920b83afba,7aca98e84facbd491a8b315ac0e638f3bdd978c18929508b1ac99f64d4e86894,876248688,results/20261004-070000-ws25-formal-s34-b000-classreserve/raw/876248688/876248688_out_fct.txt,16384,12.323043701171875,12.145,13.638,14.09585,15.41351,16.17098445595855,35.0210843373494,44.94071428571429,16.13,0,,,,,,,,,
20261004-070000-ws25-formal-s34-b064-fecmp,20262534,64,fecmp,ce699dffe2845dc83e2171a1c309c6d96b96d2b3,3a4727cea3925c3455187037bab97b0a34221be37d1f4a2c5328cbb6f2f48005,74a6f7154ca10c3cd6dfd45046c4f8abf0ce27faa8ad11446b6a52920b83afba,ac507375b90861909d30b47f12dcd6be4ad27a95b568cef5e77352db67751284,879193974,results/20261004-070000-ws25-formal-s34-b064-fecmp/raw/879193974/879193974_out_fct.txt,16384,12.380436462402344,12.175,13.722700000000001,14.31485,15.355,16.251943005181346,35.55120481927711,44.506349206349206,16.635,64,415.54721875,355.524,555.3773000000001,588.47745,674.1992799999998,2.015369428992897,3.155821802994574,3.821449794530252,728.218
20261004-070000-ws25-formal-s34-b064-drill,20262534,64,drill,ce699dffe2845dc83e2171a1c309c6d96b96d2b3,3a4727cea3925c3455187037bab97b0a34221be37d1f4a2c5328cbb6f2f48005,74a6f7154ca10c3cd6dfd45046c4f8abf0ce27faa8ad11446b6a52920b83afba,ffbd86f14915fdcf01305ca182a61c465578c1f64fe7fbab2b8c0bbf480bb382,814826751,results/20261004-070000-ws25-formal-s34-b064-drill/raw/814826751/814826751_out_fct.txt,16384,12.367849792480468,12.198,13.646700000000001,14.103,15.492680000000002,16.213730569948186,35.31536144578314,44.98580130043985,16.168,64,611.330609375,582.832,711.2781,844.4573000000001,930.8716499999999,3.3035680884228427,4.0316174011619665,5.281230447211496,939.846
20261004-070000-ws25-formal-s34-b064-conga,20262534,64,conga,ce699dffe2845dc83e2171a1c309c6d96b96d2b3,3a4727cea3925c3455187037bab97b0a34221be37d1f4a2c5328cbb6f2f48005,74a6f7154ca10c3cd6dfd45046c4f8abf0ce27faa8ad11446b6a52920b83afba,f759dd0600c71083c8632eba0b3dc1ad3f929554506e1063c95d01e1985016ad,760124513,results/20261004-070000-ws25-formal-s34-b064-conga/raw/760124513/760124513_out_fct.txt,16384,12.509991577148437,12.197,14.226,14.759,15.54568,16.476036269430054,35.91987951807229,44.54035714285714,16.651,64,415.092375,360.411,528.7103,559.8354,696.6742099999997,2.045430189570572,2.9967992064616693,3.9545920656352695,786.029
20261004-070000-ws25-formal-s34-b064-letflow,20262534,64,letflow,ce699dffe2845dc83e2171a1c309c6d96b96d2b3,3a4727cea3925c3455187037bab97b0a34221be37d1f4a2c5328cbb6f2f48005,74a6f7154ca10c3cd6dfd45046c4f8abf0ce27faa8ad11446b6a52920b83afba,874dbdbd4cb96c5e91d80a24bed6adf10f55fca3e3519973c6088a72825c231e,954628277,results/20261004-070000-ws25-formal-s34-b064-letflow/raw/954628277/954628277_out_fct.txt,16384,12.412953735351563,12.1755,13.888,14.373,15.271,16.362046632124354,35.59939759036145,44.19623015873015,17.498,64,421.508125,390.153,619.9627,673.87235,686.1224,2.2141337992365075,3.5202475414027137,3.889031599829956,687.332
20261004-070000-ws25-formal-s34-b064-conweave,20262534,64,conweave,ce699dffe2845dc83e2171a1c309c6d96b96d2b3,3a4727cea3925c3455187037bab97b0a34221be37d1f4a2c5328cbb6f2f48005,74a6f7154ca10c3cd6dfd45046c4f8abf0ce27faa8ad11446b6a52920b83afba,b21f88cff6d261c5152f580faaaa25271db1b21c45d62a329fe8b5d4e0e1598c,37024088,results/20261004-070000-ws25-formal-s34-b064-conweave/raw/37024088/37024088_out_fct.txt,16384,12.463962829589844,12.244,13.888,14.421,15.39868,16.51878238341969,35.745783132530136,43.91269841269841,16.949,64,415.505234375,362.1725,532.1941,578.2541,688.8201799999996,2.0528411506305795,3.016545841008927,3.904322970100607,789.188
20261004-070000-ws25-formal-s34-b064-classreserve,20262534,64,classreserve,ce699dffe2845dc83e2171a1c309c6d96b96d2b3,3a4727cea3925c3455187037bab97b0a34221be37d1f4a2c5328cbb6f2f48005,74a6f7154ca10c3cd6dfd45046c4f8abf0ce27faa8ad11446b6a52920b83afba,c299ad0e789983b4883f20d94b6ac7e3a57e53b8308822884fb9b4bbeeb97256,707562727,results/20261004-070000-ws25-formal-s34-b064-classreserve/raw/707562727/707562727_out_fct.txt,16384,12.387733825683593,12.1615,13.745700000000001,14.3727,15.539,16.21761658031088,35.23403614457832,44.82809523809524,16.151,64,411.650234375,354.5085,554.5846,612.48535,701.1231299999998,2.0119155678939347,3.1434581266827264,3.9740577015729053,750.294
20261004-070000-ws25-formal-s34-b128-fecmp,20262534,128,fecmp,ce699dffe2845dc83e2171a1c309c6d96b96d2b3,b19736116bb0f8e4298a51ca2930cd264fb1fc97884537bd8fd581a968acd03b,74a6f7154ca10c3cd6dfd45046c4f8abf0ce27faa8ad11446b6a52920b83afba,d16a31a0abf636218e181b57ebdc5d747e89648d236b0995fec939cabdb364fa,927178279,results/20261004-070000-ws25-formal-s34-b128-fecmp/raw/927178279/927178279_out_fct.txt,16384,12.450233459472656,12.229,13.814,14.44885,15.534,16.417098445595855,35.49096385542169,44.59923886020272,17.836,128,701.291875,620.251,1300.1614,1476.1205000000004,1568.58249,3.5156638798356243,7.369485050304661,8.914235883321442,1613.04
20261004-070000-ws25-formal-s34-b128-drill,20262534,128,drill,ce699dffe2845dc83e2171a1c309c6d96b96d2b3,b19736116bb0f8e4298a51ca2930cd264fb1fc97884537bd8fd581a968acd03b,74a6f7154ca10c3cd6dfd45046c4f8abf0ce27faa8ad11446b6a52920b83afba,176f29707ed270aa5dd8d3ca3ce9834569164b39e5bef51672a8721413f46a34,870759802,results/20261004-070000-ws25-formal-s34-b128-drill/raw/870759802/870759802_out_fct.txt,16384,12.406046264648438,12.25,13.686,14.14785,15.46368,16.252590673575128,35.54457831325302,44.8777380952381,16.157,128,883.25096875,779.7115,1522.9328999999998,1620.2747000000002,1812.4000700000001,4.419506872608757,8.638685009292562,10.272920901232819,1904.345
20261004-070000-ws25-formal-s34-b128-conga,20262534,128,conga,ce699dffe2845dc83e2171a1c309c6d96b96d2b3,b19736116bb0f8e4298a51ca2930cd264fb1fc97884537bd8fd581a968acd03b,74a6f7154ca10c3cd6dfd45046c4f8abf0ce27faa8ad11446b6a52920b83afba,6817de122270c06ef663973a3787e69189de5bebaba129c5e5da2b11f76624b8,148685100,results/20261004-070000-ws25-formal-s34-b128-conga/raw/148685100/148685100_out_fct.txt,16384,12.594398559570312,12.32,14.224,14.902,16.13387,16.629533678756477,36.70993975903615,44.70702380952381,18.669,128,699.218328125,643.0450000000001,1203.0299,1314.6519,1604.3406500000003,3.649332398747431,6.818930990505881,9.093612866657223,1641.397
20261004-070000-ws25-formal-s34-b128-letflow,20262534,128,letflow,ce699dffe2845dc83e2171a1c309c6d96b96d2b3,b19736116bb0f8e4298a51ca2930cd264fb1fc97884537bd8fd581a968acd03b,74a6f7154ca10c3cd6dfd45046c4f8abf0ce27faa8ad11446b6a52920b83afba,4dd463186deba2bd36f71c2550aff914156ef00c87dedb2e8104f685b9e3e1c6,330053630,results/20261004-070000-ws25-formal-s34-b128-letflow/raw/330053630/330053630_out_fct.txt,16384,12.50601092529297,12.233,13.969700000000001,14.783850000000001,15.66651,16.5,35.538253012048195,44.53165662650602,17.929,128,690.8604765625,605.358,1194.5548,1427.9724,1510.0769800000003,3.435540928401986,6.776105198365076,8.583590954343977,1540.244
20261004-070000-ws25-formal-s34-b128-conweave,20262534,128,conweave,ce699dffe2845dc83e2171a1c309c6d96b96d2b3,b19736116bb0f8e4298a51ca2930cd264fb1fc97884537bd8fd581a968acd03b,74a6f7154ca10c3cd6dfd45046c4f8abf0ce27faa8ad11446b6a52920b83afba,9572514d5f231180d703a07fc36704726fcb91baa7673790bf756a2754d41533,276602331,results/20261004-070000-ws25-formal-s34-b128-conweave/raw/276602331/276602331_out_fct.txt,16384,12.530722595214844,12.311499999999999,14.031,14.46185,15.676400000000001,16.65284974093264,36.07138554216868,44.05428571428572,17.159,128,702.5685859375,652.0550000000001,1352.8083,1448.14125,1533.7921000000001,3.695933116054981,7.6812527765731184,8.69373444806575,1622.408
20261004-070000-ws25-formal-s34-b128-classreserve,20262534,128,classreserve,ce699dffe2845dc83e2171a1c309c6d96b96d2b3,b19736116bb0f8e4298a51ca2930cd264fb1fc97884537bd8fd581a968acd03b,74a6f7154ca10c3cd6dfd45046c4f8abf0ce27faa8ad11446b6a52920b83afba,3725feff96b5c3a4bd36159fd34485c9e6b1702dc95b3f6db0ad4f38b25c1d91,603082011,results/20261004-070000-ws25-formal-s34-b128-classreserve/raw/603082011/603082011_out_fct.txt,16384,12.44257958984375,12.199,13.871,14.44185,15.95268,16.360751295336787,35.286144578313255,45.172380952380955,16.783,128,709.43203125,669.2629999999999,1325.822,1469.38145,1636.27133,3.793470313164234,7.514932690945161,9.297788618348154,1685.478
20261004-070000-ws25-formal-s34-b192-fecmp,20262534,192,fecmp,ce699dffe2845dc83e2171a1c309c6d96b96d2b3,85c28b7c410644d0bf6bdf80811be51243c705501c0d307304495906b91ec7c4,74a6f7154ca10c3cd6dfd45046c4f8abf0ce27faa8ad11446b6a52920b83afba,dc7f1c1eb61328dcc8c3ae025bba7325a3611c828e1e6558e3768d8c56fa5c64,296702584,results/20261004-070000-ws25-formal-s34-b192-fecmp/raw/296702584/296702584_out_fct.txt,16384,12.520522033691407,12.272,14.0447,14.607,15.698680000000001,16.541450777202073,35.6777108433735,44.48876984126984,17.266,192,903.9754739583333,725.1655000000001,1668.8281,1908.7351499999997,2308.3653400000003,4.111803600849388,9.480422410738441,13.11383247347933,2350.38
20261004-070000-ws25-formal-s34-b192-drill,20262534,192,drill,ce699dffe2845dc83e2171a1c309c6d96b96d2b3,85c28b7c410644d0bf6bdf80811be51243c705501c0d307304495906b91ec7c4,74a6f7154ca10c3cd6dfd45046c4f8abf0ce27faa8ad11446b6a52920b83afba,a667cc9dbe9678e8f2df020e269fe5211481ccb5664ef63742ca5c564ebb8cab,541922679,results/20261004-070000-ws25-formal-s34-b192-drill/raw/541922679/541922679_out_fct.txt,16384,12.44866552734375,12.276,13.784100000000002,14.190850000000001,15.40817,16.343264248704664,35.575301204819276,44.761084337349395,16.149,192,1046.884609375,873.877,1890.2873,2044.1156999999996,2379.7341100000003,4.9532492560578145,10.714395918945728,13.51925095907696,2470.488
20261004-070000-ws25-formal-s34-b192-conga,20262534,192,conga,ce699dffe2845dc83e2171a1c309c6d96b96d2b3,85c28b7c410644d0bf6bdf80811be51243c705501c0d307304495906b91ec7c4,74a6f7154ca10c3cd6dfd45046c4f8abf0ce27faa8ad11446b6a52920b83afba,f5dea368d217f4c5af333fc79b74475921103132ed2d7ecb0b1dcd62d0607eaf,363041451,results/20261004-070000-ws25-formal-s34-b192-conga/raw/363041451/363041451_out_fct.txt,16384,12.668851257324219,12.302,14.5517,15.171,16.152,16.66321243523316,36.51566265060242,45.29171686746988,19.311,192,911.6213229166667,728.2235000000001,1650.7664000000002,1947.0736999999995,2334.4550300000005,4.129250389684001,9.377869745837424,13.26204866000788,2382.497
20261004-070000-ws25-formal-s34-b192-letflow,20262534,192,letflow,ce699dffe2845dc83e2171a1c309c6d96b96d2b3,85c28b7c410644d0bf6bdf80811be51243c705501c0d307304495906b91ec7c4,74a6f7154ca10c3cd6dfd45046c4f8abf0ce27faa8ad11446b6a52920b83afba,4a532d03ea7db6fb613d60d2b0912e2e7e63a01f9cf699f5bfb3fd362210628c,378020506,results/20261004-070000-ws25-formal-s34-b192-letflow/raw/378020506/378020506_out_fct.txt,16384,12.56251025390625,12.2995,14.1287,14.83085,15.989680000000002,16.616580310880828,35.9027108433735,44.54266542359916,18.581,192,910.2005572916667,726.7875,1670.3008000000002,2004.4545499999983,2304.25227,4.120833215247272,9.467483633271929,13.078033582407592,2393.68
20261004-070000-ws25-formal-s34-b192-conweave,20262534,192,conweave,ce699dffe2845dc83e2171a1c309c6d96b96d2b3,85c28b7c410644d0bf6bdf80811be51243c705501c0d307304495906b91ec7c4,74a6f7154ca10c3cd6dfd45046c4f8abf0ce27faa8ad11446b6a52920b83afba,04769a26ba8ecf4e9601d58c0cb33185caf178e7d24f0aadfa9800715f512f97,618057043,results/20261004-070000-ws25-formal-s34-b192-conweave/raw/618057043/618057043_out_fct.txt,16384,12.629217468261718,12.274,14.522,15.292,16.26651,16.615932642487046,35.763253012048196,45.30472891566265,18.794,192,903.58725,719.975,1644.9265000000003,1998.9400999999987,2350.3246400000003,4.086007228875917,9.334092241950508,13.324972876920954,2435.337
20261004-070000-ws25-formal-s34-b192-classreserve,20262534,192,classreserve,ce699dffe2845dc83e2171a1c309c6d96b96d2b3,85c28b7c410644d0bf6bdf80811be51243c705501c0d307304495906b91ec7c4,74a6f7154ca10c3cd6dfd45046c4f8abf0ce27faa8ad11446b6a52920b83afba,bf7477af37d4f57f1c8341ab9ebe180780dfc7e6340e72a226765f5781933f18,492085708,results/20261004-070000-ws25-formal-s34-b192-classreserve/raw/492085708/492085708_out_fct.txt,16384,12.451955139160157,12.197,13.8374,14.5637,15.93102,16.352331606217618,35.39367469879519,44.8177380952381,16.998,192,908.2189322916666,732.4105,1746.0077,2023.933399999999,2336.75608,4.161618887973407,9.917393226583535,13.245039421850645,2357.939
20261004-070000-ws25-formal-s35-b000-fecmp,20262535,0,fecmp,ce699dffe2845dc83e2171a1c309c6d96b96d2b3,a3a72e7257faece31af7f71b2c80d9d990824a0d4a9fbde30c37e1ef3157ade7,74a6f7154ca10c3cd6dfd45046c4f8abf0ce27faa8ad11446b6a52920b83afba,9a4a27acdb915ebafe8fe48b592e3a842fce25e1e41271d6198867e95d88eefc,124813081,results/20261004-070000-ws25-formal-s35-b000-fecmp/raw/124813081/124813081_out_fct.txt,16384,12.29723876953125,12.117,13.563,14.08885,14.887680000000001,16.191062176165804,35.20993975903615,44.72397590361446,15.477,0,,,,,,,,,
20261004-070000-ws25-formal-s35-b000-drill,20262535,0,drill,ce699dffe2845dc83e2171a1c309c6d96b96d2b3,a3a72e7257faece31af7f71b2c80d9d990824a0d4a9fbde30c37e1ef3157ade7,74a6f7154ca10c3cd6dfd45046c4f8abf0ce27faa8ad11446b6a52920b83afba,e96db72bf453c13596e74377ac65edb22875f74786fac213f9b9f6ade31f2077,835019414,results/20261004-070000-ws25-formal-s35-b000-drill/raw/835019414/835019414_out_fct.txt,16384,12.30813641357422,12.128,13.617,14.08985,14.689680000000001,16.20984455958549,35.21084337349398,44.67130952380952,15.477,0,,,,,,,,,
20261004-070000-ws25-formal-s35-b000-conga,20262535,0,conga,ce699dffe2845dc83e2171a1c309c6d96b96d2b3,a3a72e7257faece31af7f71b2c80d9d990824a0d4a9fbde30c37e1ef3157ade7,74a6f7154ca10c3cd6dfd45046c4f8abf0ce27faa8ad11446b6a52920b83afba,fae65ccf085960c079a02be7f3c877430e42205ec6fea28ca8cfcb338386dd67,996569545,results/20261004-070000-ws25-formal-s35-b000-conga/raw/996569545/996569545_out_fct.txt,16384,12.352186401367188,12.1465,13.6647,14.06,15.474870000000001,16.208549222797927,35.58343373493977,44.68194444444445,17.641,0,,,,,,,,,
20261004-070000-ws25-formal-s35-b000-letflow,20262535,0,letflow,ce699dffe2845dc83e2171a1c309c6d96b96d2b3,a3a72e7257faece31af7f71b2c80d9d990824a0d4a9fbde30c37e1ef3157ade7,74a6f7154ca10c3cd6dfd45046c4f8abf0ce27faa8ad11446b6a52920b83afba,22ad44bcd66e48bacae80b1c62f1ae21ff063e36693875cd5e24b507b67f5c12,2705279,results/20261004-070000-ws25-formal-s35-b000-letflow/raw/2705279/2705279_out_fct.txt,16384,12.3098095703125,12.12,13.574,14.053,14.94951,16.19300518134715,35.28012048192771,44.42595238095238,15.477,0,,,,,,,,,
20261004-070000-ws25-formal-s35-b000-conweave,20262535,0,conweave,ce699dffe2845dc83e2171a1c309c6d96b96d2b3,a3a72e7257faece31af7f71b2c80d9d990824a0d4a9fbde30c37e1ef3157ade7,74a6f7154ca10c3cd6dfd45046c4f8abf0ce27faa8ad11446b6a52920b83afba,9c5c37e08c99eb935e2972588108f8f1179baa122fa1be02ea2b686301248407,445552181,results/20261004-070000-ws25-formal-s35-b000-conweave/raw/445552181/445552181_out_fct.txt,16384,12.333914184570313,12.155,13.616700000000002,14.055,14.899080000000001,16.224093264248705,35.550301204819284,44.46765873015873,15.86,0,,,,,,,,,
20261004-070000-ws25-formal-s35-b000-classreserve,20262535,0,classreserve,ce699dffe2845dc83e2171a1c309c6d96b96d2b3,a3a72e7257faece31af7f71b2c80d9d990824a0d4a9fbde30c37e1ef3157ade7,74a6f7154ca10c3cd6dfd45046c4f8abf0ce27faa8ad11446b6a52920b83afba,cefb308acd5a0127ad293bafc1533850be94a9424de73d007c0e1cbb5f222630,42628210,results/20261004-070000-ws25-formal-s35-b000-classreserve/raw/42628210/42628210_out_fct.txt,16384,12.299390991210938,12.107,13.5777,14.07985,14.67451,16.17940414507772,35.144578313253014,44.650198412698415,15.477,0,,,,,,,,,
20261004-070000-ws25-formal-s35-b064-fecmp,20262535,64,fecmp,ce699dffe2845dc83e2171a1c309c6d96b96d2b3,a8c057f61815faf1037d945dbb1a0d47ea24af45f8e97344863d6debcb395960,74a6f7154ca10c3cd6dfd45046c4f8abf0ce27faa8ad11446b6a52920b83afba,544435e70d870d4d33c773c07415d21b5956bc1b14797fd6f156617a7f69b856,884680162,results/20261004-070000-ws25-formal-s35-b064-fecmp/raw/884680162/884680162_out_fct.txt,16384,12.36521307373047,12.1675,13.733,14.25685,15.375,16.303108808290155,35.40873493975904,44.486825396825395,16.963,64,487.82778125,471.266,687.0891,838.91765,839.4254,2.6711973926597703,3.894510982003684,4.761208405807079,839.438
20261004-070000-ws25-formal-s35-b064-drill,20262535,64,drill,ce699dffe2845dc83e2171a1c309c6d96b96d2b3,a8c057f61815faf1037d945dbb1a0d47ea24af45f8e97344863d6debcb395960,74a6f7154ca10c3cd6dfd45046c4f8abf0ce27faa8ad11446b6a52920b83afba,647c9a99863bcf05fead0f19527b51640bd6b506aaa1433454b968371526a21f,81758949,results/20261004-070000-ws25-formal-s35-b064-drill/raw/81758949/81758949_out_fct.txt,16384,12.327584533691406,12.161,13.549,14.07485,14.714170000000001,16.251295336787564,35.28313253012048,44.68718253968254,15.499,64,683.12546875,676.021,840.7988,904.0585000000001,919.9814100000001,3.831775542015021,4.7662159358115455,5.214575088564546,920.166
20261004-070000-ws25-formal-s35-b064-conga,20262535,64,conga,ce699dffe2845dc83e2171a1c309c6d96b96d2b3,a8c057f61815faf1037d945dbb1a0d47ea24af45f8e97344863d6debcb395960,74a6f7154ca10c3cd6dfd45046c4f8abf0ce27faa8ad11446b6a52920b83afba,67fbb759e10bb9aea9f7fdd2883d67097021fa4bb068562e0fa768ddf508cb00,427538478,results/20261004-070000-ws25-formal-s35-b064-conga/raw/427538478/427538478_out_fct.txt,16384,12.435754821777344,12.203,13.913,14.459550000000002,15.44551,16.36139896373057,35.828614457831335,44.5006746031746,18.173,64,491.936625,501.08050000000003,689.5291,839.2935,839.40781,2.840189882386283,3.908341221482216,4.7620258973585035,839.416
20261004-070000-ws25-formal-s35-b064-letflow,20262535,64,letflow,ce699dffe2845dc83e2171a1c309c6d96b96d2b3,a8c057f61815faf1037d945dbb1a0d47ea24af45f8e97344863d6debcb395960,74a6f7154ca10c3cd6dfd45046c4f8abf0ce27faa8ad11446b6a52920b83afba,49cac67565cb6027a11bb0f2770e86032e36da8a7b2f2c4cb3912bf922157793,425497474,results/20261004-070000-ws25-formal-s35-b064-letflow/raw/425497474/425497474_out_fct.txt,16384,12.391997924804688,12.153500000000001,13.831,14.21885,14.92334,16.378238341968913,35.50512048192772,44.04329365079366,16.992,64,494.769859375,504.5565,688.2126999999999,838.61455,839.15334,2.8598923055122576,3.9008796939209294,4.760981679652992,839.52
20261004-070000-ws25-formal-s35-b064-conweave,20262535,64,conweave,ce699dffe2845dc83e2171a1c309c6d96b96d2b3,a8c057f61815faf1037d945dbb1a0d47ea24af45f8e97344863d6debcb395960,74a6f7154ca10c3cd6dfd45046c4f8abf0ce27faa8ad11446b6a52920b83afba,67d1e4757b08b8cc9c9d4ab80c7ba29c86c5fbdf35ef6b4714fb5af6cc0031f2,297899198,results/20261004-070000-ws25-formal-s35-b064-conweave/raw/297899198/297899198_out_fct.txt,16384,12.416337890625,12.215,13.788,14.251,15.237,16.42616580310881,35.779216867469884,44.21590361445783,16.332,64,489.1756875,498.9815,688.7381,839.2935,839.40781,2.8282924755561853,3.903857729913561,4.7620258973585035,839.416
20261004-070000-ws25-formal-s35-b064-classreserve,20262535,64,classreserve,ce699dffe2845dc83e2171a1c309c6d96b96d2b3,a8c057f61815faf1037d945dbb1a0d47ea24af45f8e97344863d6debcb395960,74a6f7154ca10c3cd6dfd45046c4f8abf0ce27faa8ad11446b6a52920b83afba,34ea152b2198fca929827793f356c9c4335a6f47db731c2aeae02d0003bf2e82,367953749,results/20261004-070000-ws25-formal-s35-b064-classreserve/raw/367953749/367953749_out_fct.txt,16384,12.372346496582031,12.141,13.72,14.241,15.775,16.226036269430054,35.29216867469879,44.782168674698795,16.264,64,482.63778125,471.26800000000003,680.2251,839.2935,839.40781,2.671208728921638,3.8598059394425586,4.7620258973585035,839.416
20261004-070000-ws25-formal-s35-b128-fecmp,20262535,128,fecmp,ce699dffe2845dc83e2171a1c309c6d96b96d2b3,db10ebbd4b9b3fe87468fef9ce70783b60d18c5866e4b5684a599d3d48f347ea,74a6f7154ca10c3cd6dfd45046c4f8abf0ce27faa8ad11446b6a52920b83afba,ac986b4db2fe6122d95f0f7e1972cc4fadad0a4f3d8f0c9c6445ea3d8ebd6152,316448134,results/20261004-070000-ws25-formal-s35-b128-fecmp/raw/316448134/316448134_out_fct.txt,16384,12.477856201171875,12.217,14.040700000000001,14.632,15.56536,16.439119170984455,35.674698795180724,44.4124689233123,16.906,128,633.1538046875,654.2,1001.5994,1019.0957000000001,1169.51934,3.708091256908035,5.6774618109678325,6.628988748760097,1189.505
20261004-070000-ws25-formal-s35-b128-drill,20262535,128,drill,ce699dffe2845dc83e2171a1c309c6d96b96d2b3,db10ebbd4b9b3fe87468fef9ce70783b60d18c5866e4b5684a599d3d48f347ea,74a6f7154ca10c3cd6dfd45046c4f8abf0ce27faa8ad11446b6a52920b83afba,8fc8eb53b3c0e3e324cef47aed5f26436861c73e5b57a8b02dae7d943185e35f,176070954,results/20261004-070000-ws25-formal-s35-b128-drill/raw/176070954/176070954_out_fct.txt,16384,12.390641357421876,12.247,13.599400000000001,14.073,14.662,16.357512953367877,35.59246987951808,44.38095238095238,15.482,128,821.5443125,821.6405,1108.466,1156.7326,1317.5995,4.657165934533088,6.282930423692787,7.468326484341789,1507.763
20261004-070000-ws25-formal-s35-b128-conga,20262535,128,conga,ce699dffe2845dc83e2171a1c309c6d96b96d2b3,db10ebbd4b9b3fe87468fef9ce70783b60d18c5866e4b5684a599d3d48f347ea,74a6f7154ca10c3cd6dfd45046c4f8abf0ce27faa8ad11446b6a52920b83afba,2f809aba7630831d91995abae8a248dce810626dcd505cc3f765787ab0f9012e,332167444,results/20261004-070000-ws25-formal-s35-b128-conga/raw/332167444/332167444_out_fct.txt,16384,12.562762268066406,12.275,14.138,14.71155,16.464679999999998,16.555699481865286,36.35451807228916,44.96143096194301,18.27,128,624.221203125,626.043,1015.2689,1030.23,1228.0524500000008,3.5484936942043364,5.754830097775258,6.9607620802040575,1297.971
20261004-070000-ws25-formal-s35-b128-letflow,20262535,128,letflow,ce699dffe2845dc83e2171a1c309c6d96b96d2b3,db10ebbd4b9b3fe87468fef9ce70783b60d18c5866e4b5684a599d3d48f347ea,74a6f7154ca10c3cd6dfd45046c4f8abf0ce27faa8ad11446b6a52920b83afba,60c3bbb05b67a586918d614c22bd6e724c5b75385569d7d1f5201ec9531e49cf,775420861,results/20261004-070000-ws25-formal-s35-b128-letflow/raw/775420861/775420861_out_fct.txt,16384,12.470441040039063,12.226,13.981,14.479,15.404190000000002,16.544689119170982,35.700903614457836,44.05623015873016,16.882,128,629.238625,632.7660000000001,1005.6539,1015.51365,1205.85623,3.586600538472439,5.700177979311322,6.840556553776392,1207.116
20261004-070000-ws25-formal-s35-b128-conweave,20262535,128,conweave,ce699dffe2845dc83e2171a1c309c6d96b96d2b3,db10ebbd4b9b3fe87468fef9ce70783b60d18c5866e4b5684a599d3d48f347ea,74a6f7154ca10c3cd6dfd45046c4f8abf0ce27faa8ad11446b6a52920b83afba,a041098b2204f70dfbe44091e6e156e81ee577c87520c15e73bcd5c3a62c756b,622660010,results/20261004-070000-ws25-formal-s35-b128-conweave/raw/622660010/622660010_out_fct.txt,16384,12.554323669433593,12.265,14.165,14.803,16.281,16.510362694300518,35.968975903614464,45.113493975903616,18.982,128,635.0560625,675.8395,1015.1425,1032.29945,1116.7483800000005,3.8355312919996543,5.7556514099475695,6.32987603797648,1277.45
20261004-070000-ws25-formal-s35-b128-classreserve,20262535,128,classreserve,ce699dffe2845dc83e2171a1c309c6d96b96d2b3,db10ebbd4b9b3fe87468fef9ce70783b60d18c5866e4b5684a599d3d48f347ea,74a6f7154ca10c3cd6dfd45046c4f8abf0ce27faa8ad11446b6a52920b83afba,288fc85307773ca97c85f6d539d5f287a1251dbd9245971ad0f03c6e9bebf6e9,61759211,results/20261004-070000-ws25-formal-s35-b128-classreserve/raw/61759211/61759211_out_fct.txt,16384,12.438042541503906,12.223,13.88,14.453950000000003,15.457510000000001,16.371761658031087,35.51204819277108,44.3922619047619,17.421,128,631.5971953125,621.0005,1015.2453,1032.1195,1278.1535700000002,3.519912143970526,5.7551713192574745,7.250449569871296,1403.519
20261004-070000-ws25-formal-s35-b192-fecmp,20262535,192,fecmp,ce699dffe2845dc83e2171a1c309c6d96b96d2b3,42e526cca09cff5faa32b5c84249ac2f721dc57b9aa8bb57441878d45cdeba6f,74a6f7154ca10c3cd6dfd45046c4f8abf0ce27faa8ad11446b6a52920b83afba,21a3fbd9a018b84cf087496b703213d8b85bbfb9658afa9b4b56515e85e43d77,171353617,results/20261004-070000-ws25-formal-s35-b192-fecmp/raw/171353617/171353617_out_fct.txt,16384,12.563327819824218,12.264,14.1967,14.875,16.006,16.59715025906736,35.71686746987952,44.69129518072289,18.113,192,829.3357239583333,729.1235,1356.0444000000002,1535.1547,1537.4002600000001,4.13276746492844,7.688354258183365,8.731844095919246,1689.516
20261004-070000-ws25-formal-s35-b192-drill,20262535,192,drill,ce699dffe2845dc83e2171a1c309c6d96b96d2b3,42e526cca09cff5faa32b5c84249ac2f721dc57b9aa8bb57441878d45cdeba6f,74a6f7154ca10c3cd6dfd45046c4f8abf0ce27faa8ad11446b6a52920b83afba,8bf0b2891ca4a12ad6e3dda65f40fc8c085c1fc7241147c1b2ab3a0af783fb92,94736631,results/20261004-070000-ws25-formal-s35-b192-drill/raw/94736631/94736631_out_fct.txt,16384,12.43598651123047,12.292,13.677,14.108,14.746170000000001,16.416450777202073,35.814457831325306,44.43059523809524,15.498,192,969.65196875,908.925,1362.7139,1467.62445,1551.7034700000004,5.151905909026498,7.741446409037472,8.79525843842993,1775.338
20261004-070000-ws25-formal-s35-b192-conga,20262535,192,conga,ce699dffe2845dc83e2171a1c309c6d96b96d2b3,42e526cca09cff5faa32b5c84249ac2f721dc57b9aa8bb57441878d45cdeba6f,74a6f7154ca10c3cd6dfd45046c4f8abf0ce27faa8ad11446b6a52920b83afba,684ba79a0ed30f73097629cc15def2d8da3cac7bfd2df85c3e72c887feda2fbd,728616878,results/20261004-070000-ws25-formal-s35-b192-conga/raw/728616878/728616878_out_fct.txt,16384,12.671614685058593,12.336,14.566400000000002,15.40785,16.589,16.61917098445596,36.437048192771094,45.82589261809141,18.515,192,831.7032135416666,716.1904999999999,1349.8011000000001,1432.022949999999,1518.77059,4.059461527561286,7.6527181286613475,8.626291843054805,1595.085
20261004-070000-ws25-formal-s35-b192-letflow,20262535,192,letflow,ce699dffe2845dc83e2171a1c309c6d96b96d2b3,42e526cca09cff5faa32b5c84249ac2f721dc57b9aa8bb57441878d45cdeba6f,74a6f7154ca10c3cd6dfd45046c4f8abf0ce27faa8ad11446b6a52920b83afba,6084f42c2178ea7b7e9dea1be8010cf39e9714c298e857a87e5f04e2c6ff92eb,348900563,results/20261004-070000-ws25-formal-s35-b192-letflow/raw/348900563/348900563_out_fct.txt,16384,12.542508178710937,12.279,14.134,14.616,16.08617,16.568652849740932,36.00120481927711,45.67853174603175,17.873,192,822.4917291666667,731.707,1321.8225000000002,1359.5117,1535.62417,4.147411081195975,7.494064413129817,8.723321192147058,1535.662
20261004-070000-ws25-formal-s35-b192-conweave,20262535,192,conweave,ce699dffe2845dc83e2171a1c309c6d96b96d2b3,42e526cca09cff5faa32b5c84249ac2f721dc57b9aa8bb57441878d45cdeba6f,74a6f7154ca10c3cd6dfd45046c4f8abf0ce27faa8ad11446b6a52920b83afba,92521bceec0068884c4cd334a2b69d9ffeaf5fac4343b9f91eca69affa458749,313184430,results/20261004-070000-ws25-formal-s35-b192-conweave/raw/313184430/313184430_out_fct.txt,16384,12.659682678222657,12.338,14.3137,15.049250000000002,16.754,16.75,36.36355421686748,45.6752108433735,18.753,192,829.9044375,753.6205,1356.2483,1473.084799999999,1525.1853200000003,4.272217656227859,7.691400898013947,8.66238623613323,1598.636
20261004-070000-ws25-formal-s35-b192-classreserve,20262535,192,classreserve,ce699dffe2845dc83e2171a1c309c6d96b96d2b3,42e526cca09cff5faa32b5c84249ac2f721dc57b9aa8bb57441878d45cdeba6f,74a6f7154ca10c3cd6dfd45046c4f8abf0ce27faa8ad11446b6a52920b83afba,f536b4012e542b28fe67944fcb9ed5627b3fe7bab366a8e464e8e333aec41b2f,862625572,results/20261004-070000-ws25-formal-s35-b192-classreserve/raw/862625572/862625572_out_fct.txt,16384,12.510748107910157,12.23,14.006400000000001,14.66685,16.15934,16.47215025906736,35.37078313253013,44.72761904761905,17.856,192,828.138875,736.311,1357.4115000000002,1532.62265,1535.56997,4.173507156015304,7.696103159982996,8.722961275108673,1635.473
20261004-070000-ws25-formal-s36-b000-fecmp,20262536,0,fecmp,ce699dffe2845dc83e2171a1c309c6d96b96d2b3,a5aacaa276006834078f750cf4afe83c368be4f50fbff75e918c53b317a9246d,74a6f7154ca10c3cd6dfd45046c4f8abf0ce27faa8ad11446b6a52920b83afba,91366150b2016af209f74176b5a3e5d32d22ea029bb652a9df5ccfde3c7150e2,340813879,results/20261004-070000-ws25-formal-s36-b000-fecmp/raw/340813879/340813879_out_fct.txt,16384,12.240930236816407,12.09,13.408,13.809700000000001,14.733,16.156735751295336,35.24307228915663,44.314166666666665,15.458,0,,,,,,,,,
20261004-070000-ws25-formal-s36-b000-drill,20262536,0,drill,ce699dffe2845dc83e2171a1c309c6d96b96d2b3,a5aacaa276006834078f750cf4afe83c368be4f50fbff75e918c53b317a9246d,74a6f7154ca10c3cd6dfd45046c4f8abf0ce27faa8ad11446b6a52920b83afba,a547c2d7bef55242f4c0473de429aa45826f0e678a4c2f2fdfba5b04e5ed5829,802422080,results/20261004-070000-ws25-formal-s36-b000-drill/raw/802422080/802422080_out_fct.txt,16384,12.245269592285156,12.097,13.422,13.898,14.85134,16.151554404145077,35.1527108433735,44.79103174603175,15.541,0,,,,,,,,,
20261004-070000-ws25-formal-s36-b000-conga,20262536,0,conga,ce699dffe2845dc83e2171a1c309c6d96b96d2b3,a5aacaa276006834078f750cf4afe83c368be4f50fbff75e918c53b317a9246d,74a6f7154ca10c3cd6dfd45046c4f8abf0ce27faa8ad11446b6a52920b83afba,707fa0cb4592cad7b56b14212b12a903fbee7cbaa0cfc69d72084fde4042c02a,108480947,results/20261004-070000-ws25-formal-s36-b000-conga/raw/108480947/108480947_out_fct.txt,16384,12.301185363769532,12.08,13.74,14.21685,14.93051,16.14183937823834,35.78012048192771,44.38634920634921,16.086,0,,,,,,,,,
20261004-070000-ws25-formal-s36-b000-letflow,20262536,0,letflow,ce699dffe2845dc83e2171a1c309c6d96b96d2b3,a5aacaa276006834078f750cf4afe83c368be4f50fbff75e918c53b317a9246d,74a6f7154ca10c3cd6dfd45046c4f8abf0ce27faa8ad11446b6a52920b83afba,3ecea0e5968644462fd428a9f71709c7f6c8b07a92ef3f20af9bae830c5219d0,144410391,results/20261004-070000-ws25-formal-s36-b000-letflow/raw/144410391/144410391_out_fct.txt,16384,12.247385498046874,12.059,13.47,13.9367,14.849680000000001,16.15738341968912,35.21295180722892,44.40551587301588,15.719,0,,,,,,,,,
20261004-070000-ws25-formal-s36-b000-conweave,20262536,0,conweave,ce699dffe2845dc83e2171a1c309c6d96b96d2b3,a5aacaa276006834078f750cf4afe83c368be4f50fbff75e918c53b317a9246d,74a6f7154ca10c3cd6dfd45046c4f8abf0ce27faa8ad11446b6a52920b83afba,11fd526dd8ef6d652c8fddeb9b8c445e4e1a881cfbdb76a83f4837f238d62217,427818701,results/20261004-070000-ws25-formal-s36-b000-conweave/raw/427818701/427818701_out_fct.txt,16384,12.28366943359375,12.1125,13.4787,13.992,14.800170000000001,16.234455958549223,35.49096385542169,44.191825396825394,15.503,0,,,,,,,,,
20261004-070000-ws25-formal-s36-b000-classreserve,20262536,0,classreserve,ce699dffe2845dc83e2171a1c309c6d96b96d2b3,a5aacaa276006834078f750cf4afe83c368be4f50fbff75e918c53b317a9246d,74a6f7154ca10c3cd6dfd45046c4f8abf0ce27faa8ad11446b6a52920b83afba,47be640e63d040d555627a9babb6917349b92f0caa8ccaae12a1c31b543a42cb,498846061,results/20261004-070000-ws25-formal-s36-b000-classreserve/raw/498846061/498846061_out_fct.txt,16384,12.250997131347656,12.102,13.459,13.872,14.83051,16.159326424870468,35.144578313253014,44.42305555555556,15.517,0,,,,,,,,,
20261004-070000-ws25-formal-s36-b064-fecmp,20262536,64,fecmp,ce699dffe2845dc83e2171a1c309c6d96b96d2b3,df06b41d5778dd2f804f762454b0e5a12cf6761d6eb642665e804c02871ece57,74a6f7154ca10c3cd6dfd45046c4f8abf0ce27faa8ad11446b6a52920b83afba,364199c3e3edf63db4184eeeb569d5ff6851ad5461569ff49895d3ae31f57259,181329457,results/20261004-070000-ws25-formal-s36-b064-fecmp/raw/181329457/181329457_out_fct.txt,16384,12.325437622070313,12.135,13.7077,14.1,14.793339999999999,16.26878238341969,35.45210843373495,44.09134920634921,15.866,64,443.190421875,360.942,679.6598,735.9870500000001,950.1918099999998,2.0458665155165088,3.8524007368570214,5.394026689806099,1001.356
20261004-070000-ws25-formal-s36-b064-drill,20262536,64,drill,ce699dffe2845dc83e2171a1c309c6d96b96d2b3,df06b41d5778dd2f804f762454b0e5a12cf6761d6eb642665e804c02871ece57,74a6f7154ca10c3cd6dfd45046c4f8abf0ce27faa8ad11446b6a52920b83afba,e04281dc043fad6f77b0a460d94e20d4d35fbfba2445f00f94f23180882718f6,525004465,results/20261004-070000-ws25-formal-s36-b064-drill/raw/525004465/525004465_out_fct.txt,16384,12.268408569335937,12.129,13.453,13.959700000000002,14.89217,16.191062176165804,35.15572289156627,44.8063888888889,15.567,64,677.64084375,585.7760000000001,873.0802000000001,1040.5445000000002,1146.55512,3.320255065892022,4.948732889329744,6.498824543006943,1161.156
20261004-070000-ws25-formal-s36-b064-conga,20262536,64,conga,ce699dffe2845dc83e2171a1c309c6d96b96d2b3,df06b41d5778dd2f804f762454b0e5a12cf6761d6eb642665e804c02871ece57,74a6f7154ca10c3cd6dfd45046c4f8abf0ce27faa8ad11446b6a52920b83afba,7c60d022e4ba55a55223894e7cb494024e405ede245502cacad041d13c0feefc,705087491,results/20261004-070000-ws25-formal-s36-b064-conga/raw/705087491/705087491_out_fct.txt,16384,12.443585754394531,12.209,13.928,14.639,15.66734,16.348445595854923,36.00301204819277,44.713855421686745,17.093,64,454.19428125,366.3035,679.9171,844.5662000000002,950.6706599999999,2.076256199518209,3.8538591469462946,5.393658638111688,978.906
20261004-070000-ws25-formal-s36-b064-letflow,20262536,64,letflow,ce699dffe2845dc83e2171a1c309c6d96b96d2b3,df06b41d5778dd2f804f762454b0e5a12cf6761d6eb642665e804c02871ece57,74a6f7154ca10c3cd6dfd45046c4f8abf0ce27faa8ad11446b6a52920b83afba,6b980d2167223ad0e646729275e3f8d3a0e96987fc7e72a7f60c4fb4863b5b88,381165279,results/20261004-070000-ws25-formal-s36-b064-letflow/raw/381165279/381165279_out_fct.txt,16384,12.333066528320312,12.147,13.664,14.2157,15.18351,16.258419689119172,35.433734939759034,44.07210317460317,16.197,64,440.6905,358.0625,679.0591000000001,719.2500000000001,859.3251799999998,2.0295451324925606,3.848995890605073,4.878253390718334,894.866
20261004-070000-ws25-formal-s36-b064-conweave,20262536,64,conweave,ce699dffe2845dc83e2171a1c309c6d96b96d2b3,df06b41d5778dd2f804f762454b0e5a12cf6761d6eb642665e804c02871ece57,74a6f7154ca10c3cd6dfd45046c4f8abf0ce27faa8ad11446b6a52920b83afba,6faa05253d5e2996ae94e050fddca65e3d445b4889b5fb6faf2dc91628074cd3,488524995,results/20261004-070000-ws25-formal-s36-b064-conweave/raw/488524995/488524995_out_fct.txt,16384,12.3768603515625,12.152,13.8244,14.4784,15.182,16.275906735751295,35.59367469879519,44.20834337349398,18.622,64,445.91821875,369.305,679.6673000000001,719.71105,987.7261299999996,2.0932690945160832,3.852443247839025,5.606898051762972,1079.548
20261004-070000-ws25-formal-s36-b064-classreserve,20262536,64,classreserve,ce699dffe2845dc83e2171a1c309c6d96b96d2b3,df06b41d5778dd2f804f762454b0e5a12cf6761d6eb642665e804c02871ece57,74a6f7154ca10c3cd6dfd45046c4f8abf0ce27faa8ad11446b6a52920b83afba,5523704266dfabdfbd52bd9194033c072c693bc3cd82bb9f466b9e03719528de,14809560,results/20261004-070000-ws25-formal-s36-b064-classreserve/raw/14809560/14809560_out_fct.txt,16384,12.304037231445312,12.097,13.662700000000001,14.12285,15.01202,16.230569948186528,35.07289156626507,44.13230158730158,15.499,64,431.356203125,360.466,677.8041000000001,705.41155,852.2716399999999,2.043168485192008,3.8418823862831233,4.830787246705398,874.115
20261004-070000-ws25-formal-s36-b128-fecmp,20262536,128,fecmp,ce699dffe2845dc83e2171a1c309c6d96b96d2b3,9c9fe57a0ffa5831eacfc62bb53236383f7fd4bdb0f6c9dd1b9816bba6dd0a14,74a6f7154ca10c3cd6dfd45046c4f8abf0ce27faa8ad11446b6a52920b83afba,dea2d67782bdb175889307803f34de5d4b1825b04bbf4322a1c9da7ab6dad334,105978109,results/20261004-070000-ws25-formal-s36-b128-fecmp/raw/105978109/105978109_out_fct.txt,16384,12.390910095214844,12.158,13.842400000000001,14.33585,15.27751,16.357512953367877,35.37891566265061,44.08797619047619,16.777,128,642.543046875,606.8565,1004.5221999999998,1105.91305,1275.22949,3.439742100042511,5.702473610296688,7.228167719994333,1348.271
20261004-070000-ws25-formal-s36-b128-drill,20262536,128,drill,ce699dffe2845dc83e2171a1c309c6d96b96d2b3,9c9fe57a0ffa5831eacfc62bb53236383f7fd4bdb0f6c9dd1b9816bba6dd0a14,74a6f7154ca10c3cd6dfd45046c4f8abf0ce27faa8ad11446b6a52920b83afba,6d6c3bb3b2dca56a1e3112936b080d88332ccdbb97644727c385db3f1d05bc24,776307892,results/20261004-070000-ws25-formal-s36-b128-drill/raw/776307892/776307892_out_fct.txt,16384,12.315731201171875,12.189499999999999,13.514,13.91685,14.90651,16.273316062176164,35.37259036144579,44.633650793650794,15.564,128,824.8098125,786.1675,1187.0225,1300.2493500000005,1520.0528900000004,4.456100325917529,6.733112708952593,8.61585880685844,1570.797
20261004-070000-ws25-formal-s36-b128-conga,20262536,128,conga,ce699dffe2845dc83e2171a1c309c6d96b96d2b3,9c9fe57a0ffa5831eacfc62bb53236383f7fd4bdb0f6c9dd1b9816bba6dd0a14,74a6f7154ca10c3cd6dfd45046c4f8abf0ce27faa8ad11446b6a52920b83afba,d0315229056796446d61f5067a348269bc93374e71c20d6c02587616cb0d9b85,740795517,results/20261004-070000-ws25-formal-s36-b128-conga/raw/740795517/740795517_out_fct.txt,16384,12.456785095214844,12.175,14.063,14.639700000000001,15.40536,16.372409326424872,35.94487951807229,44.43047332185887,17.265,128,646.28278125,640.6134999999999,997.3538,1079.64595,1267.8747800000003,3.631081195975627,5.653131925747484,7.186480260734025,1354.086
20261004-070000-ws25-formal-s36-b128-letflow,20262536,128,letflow,ce699dffe2845dc83e2171a1c309c6d96b96d2b3,9c9fe57a0ffa5831eacfc62bb53236383f7fd4bdb0f6c9dd1b9816bba6dd0a14,74a6f7154ca10c3cd6dfd45046c4f8abf0ce27faa8ad11446b6a52920b83afba,cf8a872f0b064cf1da873ea7400d3a87a7a46d4ec2340ab02b5341f3a933039b,542870914,results/20261004-070000-ws25-formal-s36-b128-letflow/raw/542870914/542870914_out_fct.txt,16384,12.394614868164062,12.2,13.851,14.259,15.01934,16.395077720207254,35.80331325301206,43.96091891375024,17.147,128,636.27,633.6365000000001,986.8454,1121.9250500000003,1211.7328300000001,3.591534646450333,5.598946059405167,6.872808065073789,1276.137
20261004-070000-ws25-formal-s36-b128-conweave,20262536,128,conweave,ce699dffe2845dc83e2171a1c309c6d96b96d2b3,9c9fe57a0ffa5831eacfc62bb53236383f7fd4bdb0f6c9dd1b9816bba6dd0a14,74a6f7154ca10c3cd6dfd45046c4f8abf0ce27faa8ad11446b6a52920b83afba,d523d67a7c9bab8e4d8ac61cc5979bd9933d8854efc241471852cb5fa5e5a886,960683230,results/20261004-070000-ws25-formal-s36-b128-conweave/raw/960683230/960683230_out_fct.txt,16384,12.469515502929687,12.229,13.875,14.55485,15.91985,16.43199481865285,36.11746987951807,44.25539682539683,18.611,128,630.335578125,601.6895,971.0022,1090.71155,1179.47045,3.414738518690256,5.50501123675112,6.685392943176987,1197.687
20261004-070000-ws25-formal-s36-b128-classreserve,20262536,128,classreserve,ce699dffe2845dc83e2171a1c309c6d96b96d2b3,9c9fe57a0ffa5831eacfc62bb53236383f7fd4bdb0f6c9dd1b9816bba6dd0a14,74a6f7154ca10c3cd6dfd45046c4f8abf0ce27faa8ad11446b6a52920b83afba,fdcfe9e1be4c7f28ec4636e7b715f1a583a8a61b4d05c0a4c89e0146e89dc5dc,422304302,results/20261004-070000-ws25-formal-s36-b128-classreserve/raw/422304302/422304302_out_fct.txt,16384,12.365318908691407,12.122,13.7887,14.378,15.3,16.242227979274613,35.3222891566265,44.15087301587302,16.79,128,633.1311796875,619.9,997.2053999999999,1096.4387500000003,1209.32787,3.5136743658778515,5.656454636294012,6.867187848332158,1244.244
20261004-070000-ws25-formal-s36-b192-fecmp,20262536,192,fecmp,ce699dffe2845dc83e2171a1c309c6d96b96d2b3,13819d480c23d776eddbb351a61574864a6056b2f6c7d394129b74a42fe8cbb0,74a6f7154ca10c3cd6dfd45046c4f8abf0ce27faa8ad11446b6a52920b83afba,13a6750b02566e841bd12980f8db874f63f403ede9c726a41c92f5ed933bacc2,435481995,results/20261004-070000-ws25-formal-s36-b192-fecmp/raw/435481995/435481995_out_fct.txt,16384,12.46359197998047,12.219,13.98,14.47,15.39534,16.523316062176164,35.671084337349406,44.07691671447695,16.767,192,931.5419375,762.6315,1543.4270000000001,1741.1591999999998,1853.56972,4.322695196259033,8.748346322800058,10.50627586793255,1906.548
20261004-070000-ws25-formal-s36-b192-drill,20262536,192,drill,ce699dffe2845dc83e2171a1c309c6d96b96d2b3,13819d480c23d776eddbb351a61574864a6056b2f6c7d394129b74a42fe8cbb0,74a6f7154ca10c3cd6dfd45046c4f8abf0ce27faa8ad11446b6a52920b83afba,85264867501fbb7efc65f58cec16e7f13b7338c6d8e9365f13c80f9cc4b8f00f,479096342,results/20261004-070000-ws25-formal-s36-b192-drill/raw/479096342/479096342_out_fct.txt,16384,12.356271484375,12.217,13.524,13.95,14.87934,16.378886010362695,35.515060240963855,44.324126984126984,15.522,192,1087.4983802083334,956.4145,1710.5646000000002,1820.6938499999999,2014.57824,5.421082613008361,9.695704123565255,11.421475751771052,2071.602
20261004-070000-ws25-formal-s36-b192-conga,20262536,192,conga,ce699dffe2845dc83e2171a1c309c6d96b96d2b3,13819d480c23d776eddbb351a61574864a6056b2f6c7d394129b74a42fe8cbb0,74a6f7154ca10c3cd6dfd45046c4f8abf0ce27faa8ad11446b6a52920b83afba,31833a146ffe7f6a7a7e7f034b1fbe0ba9841d08b5639fab04653c3a01cbe0cc,369663801,results/20261004-070000-ws25-formal-s36-b192-conga/raw/369663801/369663801_out_fct.txt,16384,12.568057739257812,12.262,14.336,14.87085,16.082340000000002,16.484455958549223,36.481024096385546,45.26624689233123,18.248,192,937.7194739583333,765.393,1541.3483,1697.38205,1935.5357000000001,4.343789814812217,8.741894856171179,10.973397426562753,2021.391
20261004-070000-ws25-formal-s36-b192-letflow,20262536,192,letflow,ce699dffe2845dc83e2171a1c309c6d96b96d2b3,13819d480c23d776eddbb351a61574864a6056b2f6c7d394129b74a42fe8cbb0,74a6f7154ca10c3cd6dfd45046c4f8abf0ce27faa8ad11446b6a52920b83afba,a4e306d3e6c7869a0d04ccfe530b7ae36cbb03a4f0c0c269fa2b736a0553e3b5,396203945,results/20261004-070000-ws25-formal-s36-b192-letflow/raw/396203945/396203945_out_fct.txt,16384,12.485769226074218,12.216,14.1197,14.71,15.85302,16.41062176165803,35.388855421686756,44.413333333333334,18.386,192,930.89584375,760.288,1559.2167000000002,1666.9612999999997,1930.55913,4.312946011052855,8.837844409805866,10.951555643946929,1971.41
20261004-070000-ws25-formal-s36-b192-conweave,20262536,192,conweave,ce699dffe2845dc83e2171a1c309c6d96b96d2b3,13819d480c23d776eddbb351a61574864a6056b2f6c7d394129b74a42fe8cbb0,74a6f7154ca10c3cd6dfd45046c4f8abf0ce27faa8ad11446b6a52920b83afba,d26fe4b82cce4270b3652dd979c54f482f856d21a1558f19d8d23ec8174840a1,788298633,results/20261004-070000-ws25-formal-s36-b192-conweave/raw/788298633/788298633_out_fct.txt,16384,12.573157775878906,12.275,14.171700000000001,14.95,16.39151,16.556347150259068,36.23795180722892,44.31916666666667,19.644,192,928.1180677083333,814.3215,1522.2763,1650.8207999999995,1912.0028,4.615680884228426,8.630600858266012,10.864578231099243,2068.384
20261004-070000-ws25-formal-s36-b192-classreserve,20262536,192,classreserve,ce699dffe2845dc83e2171a1c309c6d96b96d2b3,13819d480c23d776eddbb351a61574864a6056b2f6c7d394129b74a42fe8cbb0,74a6f7154ca10c3cd6dfd45046c4f8abf0ce27faa8ad11446b6a52920b83afba,33203f09a21b0bef3879a0e61d06ff60c0e98def9e6e62dd15f59d24399a6c80,968094058,results/20261004-070000-ws25-formal-s36-b192-classreserve/raw/968094058/968094058_out_fct.txt,16384,12.407619567871095,12.167,13.94,14.48185,15.393680000000002,16.26683937823834,35.463855421686745,44.30626506024097,16.102,192,930.4810729166667,767.0005,1551.7398,1646.56185,1871.1167500000001,4.347459260308913,8.795464361626752,10.608150676642692,2066.779
20261004-070000-ws25-formal-s37-b000-fecmp,20262537,0,fecmp,ce699dffe2845dc83e2171a1c309c6d96b96d2b3,d0137f83387b13caa7fb60a98157b3aad1241aaff571229ec8bbeaa0223d392d,74a6f7154ca10c3cd6dfd45046c4f8abf0ce27faa8ad11446b6a52920b83afba,e400c6aeda45e96d784ac4b38cb0b3f89cdd7f60624007e61e5ea8e1b0d49670,415234821,results/20261004-070000-ws25-formal-s37-b000-fecmp/raw/415234821/415234821_out_fct.txt,16384,12.242092651367187,12.078,13.395,13.82185,14.57151,16.208549222797927,35.44578313253012,44.11777777777778,15.166,0,,,,,,,,,
20261004-070000-ws25-formal-s37-b000-drill,20262537,0,drill,ce699dffe2845dc83e2171a1c309c6d96b96d2b3,d0137f83387b13caa7fb60a98157b3aad1241aaff571229ec8bbeaa0223d392d,74a6f7154ca10c3cd6dfd45046c4f8abf0ce27faa8ad11446b6a52920b83afba,f6fc7560d219dd7baf01198f4cd897a82c7eb11862cfb2af42a390b2713d707b,865572140,results/20261004-070000-ws25-formal-s37-b000-drill/raw/865572140/865572140_out_fct.txt,16384,12.246154296875,12.091,13.357,13.88785,14.57417,16.175518134715027,35.18584337349398,44.38769841269841,15.356,0,,,,,,,,,
20261004-070000-ws25-formal-s37-b000-conga,20262537,0,conga,ce699dffe2845dc83e2171a1c309c6d96b96d2b3,d0137f83387b13caa7fb60a98157b3aad1241aaff571229ec8bbeaa0223d392d,74a6f7154ca10c3cd6dfd45046c4f8abf0ce27faa8ad11446b6a52920b83afba,3493ec6986fdbc22ed92279adb472c0b62e6a707f762f0c11abd2671bcf15d72,817447389,results/20261004-070000-ws25-formal-s37-b000-conga/raw/817447389/817447389_out_fct.txt,16384,12.335796020507813,12.14,13.69,14.08285,15.070680000000001,16.27461139896373,35.98614457831326,44.29246031746032,15.876,0,,,,,,,,,
20261004-070000-ws25-formal-s37-b000-letflow,20262537,0,letflow,ce699dffe2845dc83e2171a1c309c6d96b96d2b3,d0137f83387b13caa7fb60a98157b3aad1241aaff571229ec8bbeaa0223d392d,74a6f7154ca10c3cd6dfd45046c4f8abf0ce27faa8ad11446b6a52920b83afba,ea29c6addcfb9f2960e58a2dad511f72429b2ed7fe2d269c66650578402b1ac0,89529681,results/20261004-070000-ws25-formal-s37-b000-letflow/raw/89529681/89529681_out_fct.txt,16384,12.250822021484375,12.072,13.494,13.924850000000001,14.65134,16.145725388601036,35.32831325301205,44.24738095238095,15.183,0,,,,,,,,,
20261004-070000-ws25-formal-s37-b000-conweave,20262537,0,conweave,ce699dffe2845dc83e2171a1c309c6d96b96d2b3,d0137f83387b13caa7fb60a98157b3aad1241aaff571229ec8bbeaa0223d392d,74a6f7154ca10c3cd6dfd45046c4f8abf0ce27faa8ad11446b6a52920b83afba,16b5701bfdeb92f32346a6bee7683ead803a042673599db797f1282573673601,484578603,results/20261004-070000-ws25-formal-s37-b000-conweave/raw/484578603/484578603_out_fct.txt,16384,12.3072861328125,12.111,13.620700000000001,14.083,14.817,16.28562176165803,35.446084337349404,44.02777777777778,15.237,0,,,,,,,,,
20261004-070000-ws25-formal-s37-b000-classreserve,20262537,0,classreserve,ce699dffe2845dc83e2171a1c309c6d96b96d2b3,d0137f83387b13caa7fb60a98157b3aad1241aaff571229ec8bbeaa0223d392d,74a6f7154ca10c3cd6dfd45046c4f8abf0ce27faa8ad11446b6a52920b83afba,ae86a0b3ee44ccc1e793d4e58b5dc721fad4702fd1a44968b64a682065f10ac8,818168806,results/20261004-070000-ws25-formal-s37-b000-classreserve/raw/818168806/818168806_out_fct.txt,16384,12.249488647460938,12.096,13.4177,13.901,14.65717,16.147668393782382,35.096385542168676,44.30293650793651,15.278,0,,,,,,,,,
20261004-070000-ws25-formal-s37-b064-fecmp,20262537,64,fecmp,ce699dffe2845dc83e2171a1c309c6d96b96d2b3,c83315e3cfd2550d226f92e1d3a2294deeea2a610a12fafb0f821a579e187b7c,74a6f7154ca10c3cd6dfd45046c4f8abf0ce27faa8ad11446b6a52920b83afba,fe107374304c66f48f13211093cc957900cf851e6dbb0feb636732028bf0527a,552548917,results/20261004-070000-ws25-formal-s37-b064-fecmp/raw/552548917/552548917_out_fct.txt,16384,12.315047180175782,12.128,13.616,14.128,14.953339999999999,16.308290155440414,35.6277108433735,43.929920634920634,16.049,64,415.563515625,353.0855,574.6508000000001,732.2088000000002,890.6304099999999,2.0013348448349157,3.2571959756270377,5.04820977752586,936.301
20261004-070000-ws25-formal-s37-b064-drill,20262537,64,drill,ce699dffe2845dc83e2171a1c309c6d96b96d2b3,c83315e3cfd2550d226f92e1d3a2294deeea2a610a12fafb0f821a579e187b7c,74a6f7154ca10c3cd6dfd45046c4f8abf0ce27faa8ad11446b6a52920b83afba,be48d9021359687cb96a9a1b303858373313ea80d330f231abf0fd8572a75c46,669783518,results/20261004-070000-ws25-formal-s37-b064-drill/raw/669783518/669783518_out_fct.txt,16384,12.297259216308595,12.14,13.443700000000002,13.975,14.598680000000002,16.27720207253886,35.33433734939759,44.452460317460314,15.31,64,630.74784375,575.374,774.7601,1027.4839000000002,1173.6229799999999,3.2641462377780925,4.391441689103019,6.6625539569327605,1206.606
20261004-070000-ws25-formal-s37-b064-conga,20262537,64,conga,ce699dffe2845dc83e2171a1c309c6d96b96d2b3,c83315e3cfd2550d226f92e1d3a2294deeea2a610a12fafb0f821a579e187b7c,74a6f7154ca10c3cd6dfd45046c4f8abf0ce27faa8ad11446b6a52920b83afba,2ebc5d245a2bccc0a613b382dfa2068e8fcb96a592b34a491ada6ed7e9b25d66,732856427,results/20261004-070000-ws25-formal-s37-b064-conga/raw/732856427/732856427_out_fct.txt,16384,12.411349487304687,12.222,13.824,14.407,15.36951,16.351683937823836,36.29638554216868,44.74619430101358,17.436,64,390.115046875,348.3875,571.5901000000001,756.3936000000003,892.85762,1.9747059657078079,3.2422278817715044,5.06877425049136,898.796
20261004-070000-ws25-formal-s37-b064-letflow,20262537,64,letflow,ce699dffe2845dc83e2171a1c309c6d96b96d2b3,c83315e3cfd2550d226f92e1d3a2294deeea2a610a12fafb0f821a579e187b7c,74a6f7154ca10c3cd6dfd45046c4f8abf0ce27faa8ad11446b6a52920b83afba,68226aba822d5676c02dad9d66a5debbb89b3db10aae60a5061e08f2eb952407,23847182,results/20261004-070000-ws25-formal-s37-b064-letflow/raw/23847182/23847182_out_fct.txt,16384,12.357176086425781,12.173,13.695,14.116,14.96234,16.33484455958549,35.76024096385542,44.01392857142857,17.046,64,393.29340625000003,350.2635,580.7546000000001,697.99005,915.87716,1.9853393793396628,3.2917931132209155,5.196245073429869,940.868
20261004-070000-ws25-formal-s37-b064-conweave,20262537,64,conweave,ce699dffe2845dc83e2171a1c309c6d96b96d2b3,c83315e3cfd2550d226f92e1d3a2294deeea2a610a12fafb0f821a579e187b7c,74a6f7154ca10c3cd6dfd45046c4f8abf0ce27faa8ad11446b6a52920b83afba,a577cda3a8f415f479e7b58e4f7ffcf62e32159fc86f749dbea66d1483ffbe88,909473598,results/20261004-070000-ws25-formal-s37-b064-conweave/raw/909473598/909473598_out_fct.txt,16384,12.411516174316406,12.231,13.752,14.3177,15.51336,16.413860103626945,35.91987951807229,44.69277777777778,16.477,64,411.8096875,352.15049999999997,629.783,800.6559000000002,952.87325,1.9960351424117897,3.56969250389684,5.409448207020394,966.119
20261004-070000-ws25-formal-s37-b064-classreserve,20262537,64,classreserve,ce699dffe2845dc83e2171a1c309c6d96b96d2b3,c83315e3cfd2550d226f92e1d3a2294deeea2a610a12fafb0f821a579e187b7c,74a6f7154ca10c3cd6dfd45046c4f8abf0ce27faa8ad11446b6a52920b83afba,200d3a9adac0d9f6893ca22d8d02673976e52ea7369d1eaea4b8dcb3ebfcafff,93189473,results/20261004-070000-ws25-formal-s37-b064-classreserve/raw/93189473/93189473_out_fct.txt,16384,12.301783508300781,12.131,13.5197,14.01285,14.967170000000001,16.295336787564768,35.15572289156627,44.20634920634921,15.965,64,404.603046875,348.374,562.2773000000001,704.9127000000002,875.2039899999997,1.9746294459402012,3.1894385574272617,4.968275403093312,934.189
20261004-070000-ws25-formal-s37-b128-fecmp,20262537,128,fecmp,ce699dffe2845dc83e2171a1c309c6d96b96d2b3,b36b07108b8a34f00dcc2253378dac3ddc905d5526bd15e209b37032b12b4733,74a6f7154ca10c3cd6dfd45046c4f8abf0ce27faa8ad11446b6a52920b83afba,53dbaf84e7084534bdacbe9252eb3e29eb527bd9b64dcfb10d0f88430ff98fd4,953737693,results/20261004-070000-ws25-formal-s37-b128-fecmp/raw/953737693/953737693_out_fct.txt,16384,12.428356384277343,12.186,13.967400000000001,14.56385,15.78217,16.373056994818654,35.90873493975904,44.3740873015873,17.993,128,653.204765625,641.2795,926.9482999999999,1213.9840500000003,1534.6282600000004,3.634856171177554,5.254064333286099,8.69847391242738,1725.099
20261004-070000-ws25-formal-s37-b128-drill,20262537,128,drill,ce699dffe2845dc83e2171a1c309c6d96b96d2b3,b36b07108b8a34f00dcc2253378dac3ddc905d5526bd15e209b37032b12b4733,74a6f7154ca10c3cd6dfd45046c4f8abf0ce27faa8ad11446b6a52920b83afba,63ea050c0ac1c74812877b32609a9c82bb2e16cbe8d40852ce2a27e69fbf6539,166599674,results/20261004-070000-ws25-formal-s37-b128-drill/raw/166599674/166599674_out_fct.txt,16384,12.341778686523437,12.221,13.417,13.902,14.87517,16.387305699481864,35.552409638554224,44.55825396825397,15.985,128,845.0594765625,792.2505,1238.5154999999997,1469.4659000000004,1734.5937000000008,4.490579566387984,7.032070791987392,9.83809191010147,1787.043
20261004-070000-ws25-formal-s37-b128-conga,20262537,128,conga,ce699dffe2845dc83e2171a1c309c6d96b96d2b3,b36b07108b8a34f00dcc2253378dac3ddc905d5526bd15e209b37032b12b4733,74a6f7154ca10c3cd6dfd45046c4f8abf0ce27faa8ad11446b6a52920b83afba,463f441795a712654fb6124258be128e5b70ed3c51bb02650b34fa5f378cdcb0,304652019,results/20261004-070000-ws25-formal-s37-b128-conga/raw/304652019/304652019_out_fct.txt,16384,12.561207458496094,12.204,14.31,14.8727,16.46517,16.4779792746114,36.37951807228916,45.006024096385545,18.267,128,654.1021015625,646.356,993.7741,1272.3422000000003,1576.9167700000005,3.6636304378631146,5.6328417174436725,8.954864010083307,1661.184
20261004-070000-ws25-formal-s37-b128-letflow,20262537,128,letflow,ce699dffe2845dc83e2171a1c309c6d96b96d2b3,b36b07108b8a34f00dcc2253378dac3ddc905d5526bd15e209b37032b12b4733,74a6f7154ca10c3cd6dfd45046c4f8abf0ce27faa8ad11446b6a52920b83afba,7d10098c5a7e1fdee94b1d5a2d7a0e4817d8327e2c00bd26f1b9df2bdcae5fa9,215745503,results/20261004-070000-ws25-formal-s37-b128-letflow/raw/215745503/215745503_out_fct.txt,16384,12.430937927246093,12.208,13.853,14.4627,15.83768,16.384715025906736,35.740060240963864,44.312222222222225,17.242,128,654.61740625,615.2715000000001,945.7509999999999,1327.0248000000004,1557.1467300000006,3.4961587635309828,5.360640498795521,8.831740080384574,1621.595
20261004-070000-ws25-formal-s37-b128-conweave,20262537,128,conweave,ce699dffe2845dc83e2171a1c309c6d96b96d2b3,b36b07108b8a34f00dcc2253378dac3ddc905d5526bd15e209b37032b12b4733,74a6f7154ca10c3cd6dfd45046c4f8abf0ce27faa8ad11446b6a52920b83afba,3d4bc43343fc3d0a15f15409a98bd777dbca1d3260b862fdccac593871a614b3,383767008,results/20261004-070000-ws25-formal-s37-b128-conweave/raw/383767008/383767008_out_fct.txt,16384,12.486313415527343,12.27,13.956,14.469850000000001,15.611170000000001,16.588082901554404,35.70512048192772,43.98547619047619,17.972,128,650.9969765625,631.69,921.1667999999999,1265.5952500000003,1564.64721,3.589453646617609,5.221294034292192,8.86862525152331,1595.554
20261004-070000-ws25-formal-s37-b128-classreserve,20262537,128,classreserve,ce699dffe2845dc83e2171a1c309c6d96b96d2b3,b36b07108b8a34f00dcc2253378dac3ddc905d5526bd15e209b37032b12b4733,74a6f7154ca10c3cd6dfd45046c4f8abf0ce27faa8ad11446b6a52920b83afba,14ec9fd1694e0610ba8d806ba2e09ea44801d3089b0aaa7177d3b25ffce51722,205985675,results/20261004-070000-ws25-formal-s37-b128-classreserve/raw/205985675/205985675_out_fct.txt,16384,12.377510192871094,12.179,13.7407,14.14985,15.22634,16.349093264248705,35.41987951807229,44.375039682539686,16.83,128,652.223375,642.5260000000001,940.412,1323.9407500000007,1489.4836500000001,3.6419214963865665,5.330378347739832,8.442588351990931,1527.011
20261004-070000-ws25-formal-s37-b192-fecmp,20262537,192,fecmp,ce699dffe2845dc83e2171a1c309c6d96b96d2b3,0210f97ae68f31d7cf455ee298be3f264c79a48c487d98f76fc7f8eb7a2b897c,74a6f7154ca10c3cd6dfd45046c4f8abf0ce27faa8ad11446b6a52920b83afba,11bac30d82edeb2830042045dd228193d4b9591e98e2ac20dd5f640d8419e2da,908832458,results/20261004-070000-ws25-formal-s37-b192-fecmp/raw/908832458/908832458_out_fct.txt,16384,12.510036743164063,12.2355,14.237400000000001,14.890250000000002,15.855,16.44559585492228,36.02319277108434,44.88095238095238,18.071,192,824.4211770833333,744.7625,1183.3803,1513.6884499999999,2116.3930600000003,4.221411364602522,6.720376168423446,11.998782173666214,2301.409
20261004-070000-ws25-formal-s37-b192-drill,20262537,192,drill,ce699dffe2845dc83e2171a1c309c6d96b96d2b3,0210f97ae68f31d7cf455ee298be3f264c79a48c487d98f76fc7f8eb7a2b897c,74a6f7154ca10c3cd6dfd45046c4f8abf0ce27faa8ad11446b6a52920b83afba,4daa6b564f794519c92e843e35c9b62460b0920c15808472561d85465c3977e9,742600750,results/20261004-070000-ws25-formal-s37-b192-drill/raw/742600750/742600750_out_fct.txt,16384,12.352203857421875,12.217,13.443700000000002,13.92885,14.684339999999999,16.352331606217618,35.5210843373494,44.46563492063492,15.76,192,975.7203958333333,902.231,1388.9595000000002,1721.679949999999,2143.47287,5.113963440555477,7.87280430777951,12.177107997575813,2240.396
20261004-070000-ws25-formal-s37-b192-conga,20262537,192,conga,ce699dffe2845dc83e2171a1c309c6d96b96d2b3,0210f97ae68f31d7cf455ee298be3f264c79a48c487d98f76fc7f8eb7a2b897c,74a6f7154ca10c3cd6dfd45046c4f8abf0ce27faa8ad11446b6a52920b83afba,ae37e7ca98f745344e4d3f56d6114e3bf685fa232f789aedd52792010061407c,484786282,results/20261004-070000-ws25-formal-s37-b192-conga/raw/484786282/484786282_out_fct.txt,16384,12.658460693359375,12.348,14.482,15.1227,16.99519,16.68782383419689,37.04126506024097,45.167857142857144,19.01,192,825.2666614583334,782.5535,1203.4558000000002,1576.5009999999988,2101.51995,4.441149394676766,6.8227606600874005,11.914626221779073,2149.757
20261004-070000-ws25-formal-s37-b192-letflow,20262537,192,letflow,ce699dffe2845dc83e2171a1c309c6d96b96d2b3,0210f97ae68f31d7cf455ee298be3f264c79a48c487d98f76fc7f8eb7a2b897c,74a6f7154ca10c3cd6dfd45046c4f8abf0ce27faa8ad11446b6a52920b83afba,1d8c84e4b0601a1cdecafe80d9f1bf7fec88da2491bbacb606aea841a8cbfbce,959538369,results/20261004-070000-ws25-formal-s37-b192-letflow/raw/959538369/959538369_out_fct.txt,16384,12.512944458007812,12.217,14.216700000000001,14.853,15.894530000000001,16.446891191709845,35.9237951807229,44.52599206349207,17.75,192,822.917625,727.3355,1233.5859,1539.27025,2149.9766799999998,4.122632846818762,6.992126399319825,12.214066056992463,2166.128
20261004-070000-ws25-formal-s37-b192-conweave,20262537,192,conweave,ce699dffe2845dc83e2171a1c309c6d96b96d2b3,0210f97ae68f31d7cf455ee298be3f264c79a48c487d98f76fc7f8eb7a2b897c,74a6f7154ca10c3cd6dfd45046c4f8abf0ce27faa8ad11446b6a52920b83afba,e724348a181c92c53e18b86107df7b5a6abec06a20ab5fff8f161e56db8fa025,606015412,results/20261004-070000-ws25-formal-s37-b192-conweave/raw/606015412/606015412_out_fct.txt,16384,12.6037919921875,12.347,14.202,14.82385,16.40617,16.65284974093264,36.2460843373494,44.265060240963855,18.282,192,820.7266041666667,754.6275,1183.9601,1539.4268,2098.58641,4.277327476264702,6.717622795742012,11.92210726229457,2199.0
20261004-070000-ws25-formal-s37-b192-classreserve,20262537,192,classreserve,ce699dffe2845dc83e2171a1c309c6d96b96d2b3,0210f97ae68f31d7cf455ee298be3f264c79a48c487d98f76fc7f8eb7a2b897c,74a6f7154ca10c3cd6dfd45046c4f8abf0ce27faa8ad11446b6a52920b83afba,4030871d4b24ae4a4153976371fb1b19d7d0167bec59df9b455f20bba270fc61,659430274,results/20261004-070000-ws25-formal-s37-b192-classreserve/raw/659430274/659430274_out_fct.txt,16384,12.424342712402344,12.162,13.951,14.52,15.247,16.405440414507773,35.265060240963855,44.18261904761905,16.624,192,821.962640625,708.917,1286.4195000000002,1561.9193,2030.5316000000003,4.018234377214114,7.3080593414997335,11.511946907264763,2133.611
20261004-070000-ws25-formal-s38-b000-fecmp,20262538,0,fecmp,ce699dffe2845dc83e2171a1c309c6d96b96d2b3,76ebb71800a4e2b8b8e0bf7bcc7a68ec9c8a7d51945dfb1f0f778eca0983cb74,74a6f7154ca10c3cd6dfd45046c4f8abf0ce27faa8ad11446b6a52920b83afba,18292804dfdd974de05ad402aafdcd06fc610ace4a5876f4b8e8fb3055167fa9,743722062,results/20261004-070000-ws25-formal-s38-b000-fecmp/raw/743722062/743722062_out_fct.txt,16384,12.262724853515625,12.0705,13.533700000000001,14.01885,14.62234,16.09585492227979,35.29728915662651,44.13956349206349,15.579,0,,,,,,,,,
20261004-070000-ws25-formal-s38-b000-drill,20262538,0,drill,ce699dffe2845dc83e2171a1c309c6d96b96d2b3,76ebb71800a4e2b8b8e0bf7bcc7a68ec9c8a7d51945dfb1f0f778eca0983cb74,74a6f7154ca10c3cd6dfd45046c4f8abf0ce27faa8ad11446b6a52920b83afba,abafcdb2c9a684fcb72bf0f46be4117c501fb96bb2fbf34b43ebd4a6322f6083,497290703,results/20261004-070000-ws25-formal-s38-b000-drill/raw/497290703/497290703_out_fct.txt,16384,12.273754272460938,12.101,13.5267,13.97685,14.589,16.132124352331605,35.2710843373494,44.095238095238095,14.943,0,,,,,,,,,
20261004-070000-ws25-formal-s38-b000-conga,20262538,0,conga,ce699dffe2845dc83e2171a1c309c6d96b96d2b3,76ebb71800a4e2b8b8e0bf7bcc7a68ec9c8a7d51945dfb1f0f778eca0983cb74,74a6f7154ca10c3cd6dfd45046c4f8abf0ce27faa8ad11446b6a52920b83afba,0d6d8629c7b3093da20282b8ff65d13f9bdaed28264bd303cb574987d1253ab9,600452452,results/20261004-070000-ws25-formal-s38-b000-conga/raw/600452452/600452452_out_fct.txt,16384,12.319300109863281,12.118,13.661700000000002,14.119,14.771170000000001,16.242227979274613,35.9277108433735,43.95043650793651,15.524,0,,,,,,,,,
20261004-070000-ws25-formal-s38-b000-letflow,20262538,0,letflow,ce699dffe2845dc83e2171a1c309c6d96b96d2b3,76ebb71800a4e2b8b8e0bf7bcc7a68ec9c8a7d51945dfb1f0f778eca0983cb74,74a6f7154ca10c3cd6dfd45046c4f8abf0ce27faa8ad11446b6a52920b83afba,522dd67f71aee06e929fe67a590471ae3dd55f993a2532f1a81c15f6f28092e4,142131633,results/20261004-070000-ws25-formal-s38-b000-letflow/raw/142131633/142131633_out_fct.txt,16384,12.28101171875,12.083,13.594,14.02985,14.62551,16.128886010362695,35.35753012048193,44.08350401606426,15.204,0,,,,,,,,,
20261004-070000-ws25-formal-s38-b000-conweave,20262538,0,conweave,ce699dffe2845dc83e2171a1c309c6d96b96d2b3,76ebb71800a4e2b8b8e0bf7bcc7a68ec9c8a7d51945dfb1f0f778eca0983cb74,74a6f7154ca10c3cd6dfd45046c4f8abf0ce27faa8ad11446b6a52920b83afba,c155c6f4c2d3135b6fda20ac5182bbee846fa0f4d7d8e2995b83525157516e2b,579109037,results/20261004-070000-ws25-formal-s38-b000-conweave/raw/579109037/579109037_out_fct.txt,16384,12.34462530517578,12.138,13.7757,14.102,14.661,16.2720207253886,35.774096385542165,43.96626075731498,15.272,0,,,,,,,,,
20261004-070000-ws25-formal-s38-b000-classreserve,20262538,0,classreserve,ce699dffe2845dc83e2171a1c309c6d96b96d2b3,76ebb71800a4e2b8b8e0bf7bcc7a68ec9c8a7d51945dfb1f0f778eca0983cb74,74a6f7154ca10c3cd6dfd45046c4f8abf0ce27faa8ad11446b6a52920b83afba,5b5112c9c5c75edf31bda8af6c187c39b9078f18a544c69b50536109d9ca568b,895555347,results/20261004-070000-ws25-formal-s38-b000-classreserve/raw/895555347/895555347_out_fct.txt,16384,12.275867736816407,12.094,13.632,13.988,14.605,16.121761658031087,35.12951807228916,44.12107142857143,14.937,0,,,,,,,,,
20261004-070000-ws25-formal-s38-b064-fecmp,20262538,64,fecmp,ce699dffe2845dc83e2171a1c309c6d96b96d2b3,3d4fe1dbdab3a59cb10ff53adf8200da69f3223c51e5d7a5c0f6bc8a2a7515cd,74a6f7154ca10c3cd6dfd45046c4f8abf0ce27faa8ad11446b6a52920b83afba,973a04a51f3344342e2beec83c6e449791420c7c859dc6f115bc6f5a805cf0cb,738300442,results/20261004-070000-ws25-formal-s38-b064-fecmp/raw/738300442/738300442_out_fct.txt,16384,12.331021118164063,12.11,13.6517,14.021,14.894,16.324481865284973,35.36355421686748,43.95373015873016,16.581,64,461.72284375,419.8355,687.3341,846.50275,847.30969,2.3827362032868713,3.895899674082471,4.810825271425581,847.963
20261004-070000-ws25-formal-s38-b064-drill,20262538,64,drill,ce699dffe2845dc83e2171a1c309c6d96b96d2b3,3d4fe1dbdab3a59cb10ff53adf8200da69f3223c51e5d7a5c0f6bc8a2a7515cd,74a6f7154ca10c3cd6dfd45046c4f8abf0ce27faa8ad11446b6a52920b83afba,0c10cf3e5ea148407ce8f22d74a6bf21e549f3986a499b768f9b5fa9408c5468,685618125,results/20261004-070000-ws25-formal-s38-b064-drill/raw/685618125/685618125_out_fct.txt,16384,12.312899597167968,12.159,13.563,13.965,14.606,16.216321243523318,35.37560240963856,44.15873015873016,14.943,64,648.0480625,595.112,849.3587,869.8042,946.8008199999999,3.377344963778019,4.816721553067876,5.36659101601247,948.178
20261004-070000-ws25-formal-s38-b064-conga,20262538,64,conga,ce699dffe2845dc83e2171a1c309c6d96b96d2b3,3d4fe1dbdab3a59cb10ff53adf8200da69f3223c51e5d7a5c0f6bc8a2a7515cd,74a6f7154ca10c3cd6dfd45046c4f8abf0ce27faa8ad11446b6a52920b83afba,127dbb716c6afa4a56c1a6a1ddded7edf05a212efa3a811096df7c3757b98b7b,587632043,results/20261004-070000-ws25-formal-s38-b064-conga/raw/587632043/587632043_out_fct.txt,16384,12.407067687988281,12.199,13.771,14.20485,15.053170000000001,16.45336787564767,36.03945783132531,43.8177691719258,16.533,64,460.446546875,453.9715,685.2031,847.3557500000001,847.77081,2.576243403507702,3.883820887062491,4.815673091049799,847.779
20261004-070000-ws25-formal-s38-b064-letflow,20262538,64,letflow,ce699dffe2845dc83e2171a1c309c6d96b96d2b3,3d4fe1dbdab3a59cb10ff53adf8200da69f3223c51e5d7a5c0f6bc8a2a7515cd,74a6f7154ca10c3cd6dfd45046c4f8abf0ce27faa8ad11446b6a52920b83afba,57df95204cd716dd319ad81a27c8d38725a741f7acde2a69fd140966121cc432,618866761,results/20261004-070000-ws25-formal-s38-b064-letflow/raw/618866761/618866761_out_fct.txt,16384,12.3715283203125,12.113,13.799,14.408,15.436,16.33937823834197,35.28222891566266,44.46892857142857,16.327,64,458.596140625,427.628,687.5931,847.3557500000001,847.77081,2.4299116401966074,3.8973677199943317,4.815673091049799,847.779
20261004-070000-ws25-formal-s38-b064-conweave,20262538,64,conweave,ce699dffe2845dc83e2171a1c309c6d96b96d2b3,3d4fe1dbdab3a59cb10ff53adf8200da69f3223c51e5d7a5c0f6bc8a2a7515cd,74a6f7154ca10c3cd6dfd45046c4f8abf0ce27faa8ad11446b6a52920b83afba,09a375be4455502ad32cc947b71a26a5ebc4346bc71915cf5b610cdeacb82c88,441813775,results/20261004-070000-ws25-formal-s38-b064-conweave/raw/441813775/441813775_out_fct.txt,16384,12.421945617675782,12.189,13.879700000000001,14.484,15.655339999999999,16.394430051813472,35.79819277108434,44.47964285714286,16.917,64,450.870359375,371.67650000000003,686.9579,847.3557500000001,847.77081,2.1067110670256484,3.8937673232251666,4.815673091049799,847.779
20261004-070000-ws25-formal-s38-b064-classreserve,20262538,64,classreserve,ce699dffe2845dc83e2171a1c309c6d96b96d2b3,3d4fe1dbdab3a59cb10ff53adf8200da69f3223c51e5d7a5c0f6bc8a2a7515cd,74a6f7154ca10c3cd6dfd45046c4f8abf0ce27faa8ad11446b6a52920b83afba,5d4479795c5c5753b5d0b1cd40f0d16d9e7c8fc88fa8da62d0a4c5da5ba0f08b,258560247,results/20261004-070000-ws25-formal-s38-b064-classreserve/raw/258560247/258560247_out_fct.txt,16384,12.311486022949218,12.111,13.721,14.07585,14.607,16.172927461139896,35.19879518072289,43.973571428571425,15.26,64,455.414234375,387.832,687.4621000000001,847.3557500000001,847.77081,2.2012257716017407,3.896625194842001,4.815673091049799,847.779
20261004-070000-ws25-formal-s38-b128-fecmp,20262538,128,fecmp,ce699dffe2845dc83e2171a1c309c6d96b96d2b3,1247577acb6cc02804cdcb24a7fa989f7f9edc64d092ca69b07a282bc07263f5,74a6f7154ca10c3cd6dfd45046c4f8abf0ce27faa8ad11446b6a52920b83afba,f6bbd0a949fa87503848d25d971bf21501ed8046ff3087e4540f38598a8ce00d,30353427,results/20261004-070000-ws25-formal-s38-b128-fecmp/raw/30353427/30353427_out_fct.txt,16384,12.409891540527344,12.153,13.903,14.389700000000001,15.30217,16.433937823834196,35.42198795180724,44.04365079365079,16.623,128,635.504375,633.172,1010.8595,1032.33845,1187.79141,3.5889017996315715,5.734340645208013,6.732557233952105,1229.712
20261004-070000-ws25-formal-s38-b128-drill,20262538,128,drill,ce699dffe2845dc83e2171a1c309c6d96b96d2b3,1247577acb6cc02804cdcb24a7fa989f7f9edc64d092ca69b07a282bc07263f5,74a6f7154ca10c3cd6dfd45046c4f8abf0ce27faa8ad11446b6a52920b83afba,ac476aaad7ba86bce46e84435ebbf08d409b0a391604c6963b907c981a848288,271237366,results/20261004-070000-ws25-formal-s38-b128-drill/raw/271237366/271237366_out_fct.txt,16384,12.366620239257813,12.222,13.618,14.0547,14.62,16.321891191709845,35.596385542168676,44.24146825396826,15.035,128,805.4704453125,814.447,1074.775,1169.5442000000005,1435.1962,4.616392234660621,6.091965424401304,8.134879977327477,1468.612
20261004-070000-ws25-formal-s38-b128-conga,20262538,128,conga,ce699dffe2845dc83e2171a1c309c6d96b96d2b3,1247577acb6cc02804cdcb24a7fa989f7f9edc64d092ca69b07a282bc07263f5,74a6f7154ca10c3cd6dfd45046c4f8abf0ce27faa8ad11446b6a52920b83afba,705b0343ee473476c31ec27bfea37d4c670903b8df0f1b145cd3dfff60466f79,38440965,results/20261004-070000-ws25-formal-s38-b128-conga/raw/38440965/38440965_out_fct.txt,16384,12.572795593261718,12.235,14.379,15.05885,16.426679999999998,16.548575129533678,36.228012048192774,45.169186746987954,18.987,128,659.908546875,630.194,1032.2639,1040.2281,1194.1721900000002,3.5720221057106416,5.851006943460393,6.768724330452035,1245.28
20261004-070000-ws25-formal-s38-b128-letflow,20262538,128,letflow,ce699dffe2845dc83e2171a1c309c6d96b96d2b3,1247577acb6cc02804cdcb24a7fa989f7f9edc64d092ca69b07a282bc07263f5,74a6f7154ca10c3cd6dfd45046c4f8abf0ce27faa8ad11446b6a52920b83afba,6ab7e0e5df8dfbea773d6c802ba89f1fd163f71addca8096ef410335c83916d6,368797372,results/20261004-070000-ws25-formal-s38-b128-letflow/raw/368797372/368797372_out_fct.txt,16384,12.426917907714843,12.1685,13.908,14.41385,15.44317,16.487046632124354,35.56536144578314,44.164047619047615,18.825,128,657.2244375,639.5015000000001,1030.5246,1040.5393000000001,1232.7833100000005,3.624778234377214,5.841148363327193,6.987577214113649,1363.569
20261004-070000-ws25-formal-s38-b128-conweave,20262538,128,conweave,ce699dffe2845dc83e2171a1c309c6d96b96d2b3,1247577acb6cc02804cdcb24a7fa989f7f9edc64d092ca69b07a282bc07263f5,74a6f7154ca10c3cd6dfd45046c4f8abf0ce27faa8ad11446b6a52920b83afba,62c6981332d79136fcc97d45364ca95729ea7286de60cfa0c5cebbd1786f94f2,821590206,results/20261004-070000-ws25-formal-s38-b128-conweave/raw/821590206/821590206_out_fct.txt,16384,12.519887512207031,12.262,14.117,14.569,15.70934,16.56800518134715,36.15963855421687,44.06019841269841,17.539,128,642.6498359375,631.5695,1004.3459,1032.33845,1143.43338,3.5798186198101174,5.702468392192516,6.481130111945586,1191.325
20261004-070000-ws25-formal-s38-b128-classreserve,20262538,128,classreserve,ce699dffe2845dc83e2171a1c309c6d96b96d2b3,1247577acb6cc02804cdcb24a7fa989f7f9edc64d092ca69b07a282bc07263f5,74a6f7154ca10c3cd6dfd45046c4f8abf0ce27faa8ad11446b6a52920b83afba,061fd40dddce9dc858ce53079487e687d37007f40c03145b29d67d6cd57cf70a,766950525,results/20261004-070000-ws25-formal-s38-b128-classreserve/raw/766950525/766950525_out_fct.txt,16384,12.371911743164063,12.174,13.7667,14.18185,15.17451,16.319948186528496,35.46596385542169,44.01722222222222,16.108,128,644.3162890625,619.597,1032.2599,1040.72745,1291.1028000000003,3.511956922204903,5.850984270936658,7.318139719427521,1318.243
20261004-070000-ws25-formal-s38-b192-fecmp,20262538,192,fecmp,ce699dffe2845dc83e2171a1c309c6d96b96d2b3,16fb3627df9980dadb413de0d9826e32e531993121eae964d68ef03152aeea27,74a6f7154ca10c3cd6dfd45046c4f8abf0ce27faa8ad11446b6a52920b83afba,886088675a6a5264e9ffb005676789a9e7cb06cfabba15111bce15e1a1da2e1a,584633803,results/20261004-070000-ws25-formal-s38-b192-fecmp/raw/584633803/584633803_out_fct.txt,16384,12.47508740234375,12.206,14.081,14.671,15.547170000000001,16.50323834196891,35.50301204819277,44.27515873015873,17.669,192,808.8029635416667,832.5875,1236.3523,1362.8979499999994,1392.75786,4.7192149638656655,7.009548056869356,7.911278290763418,1417.392
20261004-070000-ws25-formal-s38-b192-drill,20262538,192,drill,ce699dffe2845dc83e2171a1c309c6d96b96d2b3,16fb3627df9980dadb413de0d9826e32e531993121eae964d68ef03152aeea27,74a6f7154ca10c3cd6dfd45046c4f8abf0ce27faa8ad11446b6a52920b83afba,12d0d7bdf4f300bd13f6416059bce769140d37bdf797d2de8170be642d320a1f,214691911,results/20261004-070000-ws25-formal-s38-b192-drill/raw/214691911/214691911_out_fct.txt,16384,12.369419738769531,12.241,13.564,13.997,14.636,16.352331606217618,35.704819277108435,44.113214285714285,15.028,192,969.1583385416667,947.8355,1358.1750000000002,1414.1525499999998,1523.46691,5.37245571772708,7.698313731047188,8.635209919229135,1542.313
20261004-070000-ws25-formal-s38-b192-conga,20262538,192,conga,ce699dffe2845dc83e2171a1c309c6d96b96d2b3,16fb3627df9980dadb413de0d9826e32e531993121eae964d68ef03152aeea27,74a6f7154ca10c3cd6dfd45046c4f8abf0ce27faa8ad11446b6a52920b83afba,ba637ab63ecca207c141ace80df05911d822b074628fc5c44877ab235d1013e3,493923232,results/20261004-070000-ws25-formal-s38-b192-conga/raw/493923232/493923232_out_fct.txt,16384,12.644138977050781,12.28,14.455,15.19985,16.623510000000003,16.67681347150259,36.962048192771086,45.77563253012048,19.996,192,819.009421875,812.4635000000001,1267.7337000000002,1339.85995,1393.03117,4.6115518546516,7.189037267960892,7.912970821376822,1393.056
20261004-070000-ws25-formal-s38-b192-letflow,20262538,192,letflow,ce699dffe2845dc83e2171a1c309c6d96b96d2b3,16fb3627df9980dadb413de0d9826e32e531993121eae964d68ef03152aeea27,74a6f7154ca10c3cd6dfd45046c4f8abf0ce27faa8ad11446b6a52920b83afba,5c0811b35d700e1528d318b0cf61c6638eb2579c6afdbc925952bf8f0a7ffae8,942501321,results/20261004-070000-ws25-formal-s38-b192-letflow/raw/942501321/942501321_out_fct.txt,16384,12.534207641601563,12.3,14.1317,14.67585,15.599,16.628238341968913,36.126506024096386,44.24317460317461,17.188,192,819.5396145833333,792.2405,1275.2183000000002,1361.9317,1392.9136,4.496141544471632,7.2291421962615985,7.912052049890616,1456.71
20261004-070000-ws25-formal-s38-b192-conweave,20262538,192,conweave,ce699dffe2845dc83e2171a1c309c6d96b96d2b3,16fb3627df9980dadb413de0d9826e32e531993121eae964d68ef03152aeea27,74a6f7154ca10c3cd6dfd45046c4f8abf0ce27faa8ad11446b6a52920b83afba,6ef4e0b026debf01b86ac481eb126ee0d192cc37e8676c37ef7af2d0754f617d,214712206,results/20261004-070000-ws25-formal-s38-b192-conweave/raw/214712206/214712206_out_fct.txt,16384,12.582280639648438,12.34,14.193700000000002,14.6917,15.81351,16.69300518134715,36.37469879518073,44.31015777395296,17.68,192,834.74503125,837.0935,1299.7509000000002,1393.03585,1721.89814,4.744755561853479,7.367158282556328,9.762185953713052,1766.169
20261004-070000-ws25-formal-s38-b192-classreserve,20262538,192,classreserve,ce699dffe2845dc83e2171a1c309c6d96b96d2b3,16fb3627df9980dadb413de0d9826e32e531993121eae964d68ef03152aeea27,74a6f7154ca10c3cd6dfd45046c4f8abf0ce27faa8ad11446b6a52920b83afba,8bd4c526688ba74a0a80d4881be772644f6f5f96aceb9c77e6225be5273e4622,827794790,results/20261004-070000-ws25-formal-s38-b192-classreserve/raw/827794790/827794790_out_fct.txt,16384,12.3890634765625,12.177,13.764,14.26285,15.17034,16.38277202072539,35.43674698795181,43.96031746031746,16.137,192,825.3810052083334,800.2615000000001,1295.2729,1362.4028999999998,1377.8329700000002,4.5359869632988525,7.341776392234661,7.824970192244404,1436.517
20261004-070000-ws25-formal-s39-b000-fecmp,20262539,0,fecmp,ce699dffe2845dc83e2171a1c309c6d96b96d2b3,8d397ec5d2e026a4cdf10997006f4091be7184c4bbebe69f37354ca8f288f66c,74a6f7154ca10c3cd6dfd45046c4f8abf0ce27faa8ad11446b6a52920b83afba,9e280f14462fb1e4df3d7206018a5c661ea581d2ba81b298340dbfb5bd119ec4,643759109,results/20261004-070000-ws25-formal-s39-b000-fecmp/raw/643759109/643759109_out_fct.txt,16384,12.272753295898438,12.096,13.541,14.24985,15.091339999999999,16.147668393782382,35.25903614457831,44.23047619047619,15.903,0,,,,,,,,,
20261004-070000-ws25-formal-s39-b000-drill,20262539,0,drill,ce699dffe2845dc83e2171a1c309c6d96b96d2b3,8d397ec5d2e026a4cdf10997006f4091be7184c4bbebe69f37354ca8f288f66c,74a6f7154ca10c3cd6dfd45046c4f8abf0ce27faa8ad11446b6a52920b83afba,0b362a979926a055c825dd3c06366c53d630889b24e5fbbc3aeea51b6ce5f8bb,164529867,results/20261004-070000-ws25-formal-s39-b000-drill/raw/164529867/164529867_out_fct.txt,16384,12.239675109863281,12.1,13.345,13.834850000000001,15.145700000000001,16.133419689119172,35.05120481927711,44.65083333333334,15.882,0,,,,,,,,,
20261004-070000-ws25-formal-s39-b000-conga,20262539,0,conga,ce699dffe2845dc83e2171a1c309c6d96b96d2b3,8d397ec5d2e026a4cdf10997006f4091be7184c4bbebe69f37354ca8f288f66c,74a6f7154ca10c3cd6dfd45046c4f8abf0ce27faa8ad11446b6a52920b83afba,0f0c31d01735f2d41d058ef19b776913df0f4c46354dda9313d41a5270e2a7d4,23974820,results/20261004-070000-ws25-formal-s39-b000-conga/raw/23974820/23974820_out_fct.txt,16384,12.294919677734375,12.105,13.512,14.21385,15.25868,16.161917098445596,35.63253012048193,44.56166666666667,15.867,0,,,,,,,,,
20261004-070000-ws25-formal-s39-b000-letflow,20262539,0,letflow,ce699dffe2845dc83e2171a1c309c6d96b96d2b3,8d397ec5d2e026a4cdf10997006f4091be7184c4bbebe69f37354ca8f288f66c,74a6f7154ca10c3cd6dfd45046c4f8abf0ce27faa8ad11446b6a52920b83afba,41c1d0198ce7a9580ef83313a5ef33cca554141e929b417d4fe570eed8098d97,669562155,results/20261004-070000-ws25-formal-s39-b000-letflow/raw/669562155/669562155_out_fct.txt,16384,12.27236962890625,12.116,13.4627,14.144400000000001,14.96434,16.14378238341969,35.221987951807236,44.20305555555555,15.926,0,,,,,,,,,
20261004-070000-ws25-formal-s39-b000-conweave,20262539,0,conweave,ce699dffe2845dc83e2171a1c309c6d96b96d2b3,8d397ec5d2e026a4cdf10997006f4091be7184c4bbebe69f37354ca8f288f66c,74a6f7154ca10c3cd6dfd45046c4f8abf0ce27faa8ad11446b6a52920b83afba,c7353995036389d48dd562870d569b266db694a04471d35de8b4268155c3f316,223837540,results/20261004-070000-ws25-formal-s39-b000-conweave/raw/223837540/223837540_out_fct.txt,16384,12.272914245605469,12.126,13.5,13.998850000000001,14.98168,16.139896373056995,35.35451807228916,44.1038492063492,15.903,0,,,,,,,,,
20261004-070000-ws25-formal-s39-b000-classreserve,20262539,0,classreserve,ce699dffe2845dc83e2171a1c309c6d96b96d2b3,8d397ec5d2e026a4cdf10997006f4091be7184c4bbebe69f37354ca8f288f66c,74a6f7154ca10c3cd6dfd45046c4f8abf0ce27faa8ad11446b6a52920b83afba,18ae695173ca40f44728d4fea0e3852429fb80e4edbff948f23afb25aee1ce00,686815492,results/20261004-070000-ws25-formal-s39-b000-classreserve/raw/686815492/686815492_out_fct.txt,16384,12.25077020263672,12.09,13.445,13.92685,15.053680000000002,16.156735751295336,34.99698795180723,44.48884920634921,15.9,0,,,,,,,,,
20261004-070000-ws25-formal-s39-b064-fecmp,20262539,64,fecmp,ce699dffe2845dc83e2171a1c309c6d96b96d2b3,56e8668455a5407b316d738e00bb10b325196cc53013bd24fb9f62acb24bcb52,74a6f7154ca10c3cd6dfd45046c4f8abf0ce27faa8ad11446b6a52920b83afba,cf66ea505ce05dacc4ccb267a81acc7be61975ecf609460e1435092a4f91e843,769498073,results/20261004-070000-ws25-formal-s39-b064-fecmp/raw/769498073/769498073_out_fct.txt,16384,12.349227661132813,12.123,13.926,14.469,15.218,16.180051813471504,35.40060240963855,44.168015873015875,16.584,64,395.895125,372.414,535.3522,569.68805,672.05586,2.110891313589344,3.0344463653110387,3.8093006093240755,672.294
20261004-070000-ws25-formal-s39-b064-drill,20262539,64,drill,ce699dffe2845dc83e2171a1c309c6d96b96d2b3,56e8668455a5407b316d738e00bb10b325196cc53013bd24fb9f62acb24bcb52,74a6f7154ca10c3cd6dfd45046c4f8abf0ce27faa8ad11446b6a52920b83afba,925fd885099f887b069a3a60bd8ca2f6569be462e7a5da68894ffeb60c0ad37b,759226454,results/20261004-070000-ws25-formal-s39-b064-drill/raw/759226454/759226454_out_fct.txt,16384,12.273955200195312,12.129,13.353,13.88,15.08768,16.223445595854923,35.3222891566265,44.75277777777778,15.902,64,624.49428125,623.328,734.2381,823.0422000000001,828.79847,3.5375837599425046,4.161757687402579,4.697738245713476,828.881
20261004-070000-ws25-formal-s39-b064-conga,20262539,64,conga,ce699dffe2845dc83e2171a1c309c6d96b96d2b3,56e8668455a5407b316d738e00bb10b325196cc53013bd24fb9f62acb24bcb52,74a6f7154ca10c3cd6dfd45046c4f8abf0ce27faa8ad11446b6a52920b83afba,ad44090b851cbdd2553175167ff3d7be8abc838861d9dcae21da2bf077514ed0,661903217,results/20261004-070000-ws25-formal-s39-b064-conga/raw/661903217/661903217_out_fct.txt,16384,12.396630798339844,12.14,13.8617,14.50585,16.08768,16.189119170984455,35.81746987951808,44.984880952380955,18.747,64,412.34734375,434.22749999999996,528.5295,658.9364500000001,671.29181,2.464510146776884,2.998009660534202,3.8049698738840867,671.678
20261004-070000-ws25-formal-s39-b064-letflow,20262539,64,letflow,ce699dffe2845dc83e2171a1c309c6d96b96d2b3,56e8668455a5407b316d738e00bb10b325196cc53013bd24fb9f62acb24bcb52,74a6f7154ca10c3cd6dfd45046c4f8abf0ce27faa8ad11446b6a52920b83afba,560a7ef15b753c94506489df8e0bf6f253b4d04b7f2fab4008820daecb9f3a76,945614264,results/20261004-070000-ws25-formal-s39-b064-letflow/raw/945614264/945614264_out_fct.txt,16384,12.342774047851563,12.131,13.6447,14.242700000000001,16.50817,16.19818652849741,35.28524096385543,44.976865079365076,17.659,64,406.035125,368.2975,529.8348,658.2869000000002,671.59736,2.087558452600255,3.0054201334170316,3.806701771290917,671.678
20261004-070000-ws25-formal-s39-b064-conweave,20262539,64,conweave,ce699dffe2845dc83e2171a1c309c6d96b96d2b3,56e8668455a5407b316d738e00bb10b325196cc53013bd24fb9f62acb24bcb52,74a6f7154ca10c3cd6dfd45046c4f8abf0ce27faa8ad11446b6a52920b83afba,95426e102828b501e5de56e4c83d55cf29dc8e224dc55c74f4b007a779957d8a,549601209,results/20261004-070000-ws25-formal-s39-b064-conweave/raw/549601209/549601209_out_fct.txt,16384,12.355421264648438,12.164,13.642,14.38385,15.182170000000001,16.300518134715027,35.411746987951815,44.04702380952381,17.944,64,404.668984375,368.913,530.2935,651.1698000000001,672.22041,2.091047187190024,3.013288064323664,3.8102333002692363,672.342
20261004-070000-ws25-formal-s39-b064-classreserve,20262539,64,classreserve,ce699dffe2845dc83e2171a1c309c6d96b96d2b3,56e8668455a5407b316d738e00bb10b325196cc53013bd24fb9f62acb24bcb52,74a6f7154ca10c3cd6dfd45046c4f8abf0ce27faa8ad11446b6a52920b83afba,d20032af21eade1638fd45e726dacde107eef292943464857835d3cc2a2b8784,976580756,results/20261004-070000-ws25-formal-s39-b064-classreserve/raw/976580756/976580756_out_fct.txt,16384,12.309634155273438,12.142,13.539,14.227,15.48717,16.238341968911918,35.12560240963856,44.441825396825394,15.927,64,391.52384375,353.9895,518.8480000000001,653.8403000000002,671.63481,2.0064588351990933,2.9408983987530113,3.8069140427943884,671.643
20261004-070000-ws25-formal-s39-b128-fecmp,20262539,128,fecmp,ce699dffe2845dc83e2171a1c309c6d96b96d2b3,ba05103c349020290a253befcdbd06886dc279fe954fae9d5682b17b12d96862,74a6f7154ca10c3cd6dfd45046c4f8abf0ce27faa8ad11446b6a52920b83afba,540de9aa4e57d2c180b18e5841ada66975b77fa126e2d9084ab0b67d143f2b3d,249294721,results/20261004-070000-ws25-formal-s39-b128-fecmp/raw/249294721/249294721_out_fct.txt,16384,12.459772277832032,12.191,14.130700000000001,14.61985,15.54317,16.389896373056995,35.575301204819276,44.12376984126985,17.44,128,616.61596875,644.5754999999999,977.4184,1006.84385,1253.2516400000002,3.65353833073544,5.540135468329319,7.103594388550377,1354.38
20261004-070000-ws25-formal-s39-b128-drill,20262539,128,drill,ce699dffe2845dc83e2171a1c309c6d96b96d2b3,ba05103c349020290a253befcdbd06886dc279fe954fae9d5682b17b12d96862,74a6f7154ca10c3cd6dfd45046c4f8abf0ce27faa8ad11446b6a52920b83afba,a2d7d5c32ae87d96a1248d8640047c5ee49f933d296026c3340963b195fd9866,388484126,results/20261004-070000-ws25-formal-s39-b128-drill/raw/388484126/388484126_out_fct.txt,16384,12.321646606445313,12.1975,13.4367,13.926,15.03434,16.2940414507772,35.30331325301206,44.580039682539685,15.922,128,800.2899765625,821.395,1096.0521999999999,1192.7288000000003,1438.3258400000009,4.655774408388833,6.21836946073794,8.16807496696352,1570.511
20261004-070000-ws25-formal-s39-b128-conga,20262539,128,conga,ce699dffe2845dc83e2171a1c309c6d96b96d2b3,ba05103c349020290a253befcdbd06886dc279fe954fae9d5682b17b12d96862,74a6f7154ca10c3cd6dfd45046c4f8abf0ce27faa8ad11446b6a52920b83afba,1298eb1fd1b1f899bf019b92c7b61b32f5f60b8218431df7196a21a9d16bc641,301503505,results/20261004-070000-ws25-formal-s39-b128-conga/raw/301503505/301503505_out_fct.txt,16384,12.52236944580078,12.161,14.248700000000001,15.118100000000002,16.20717,16.365284974093264,35.86656626506024,45.99518072289157,18.923,128,617.0341328125,628.4485,1007.1409,1040.44145,1102.82426,3.5621283831656507,5.708680175712058,6.262404451591604,1186.016
20261004-070000-ws25-formal-s39-b128-letflow,20262539,128,letflow,ce699dffe2845dc83e2171a1c309c6d96b96d2b3,ba05103c349020290a253befcdbd06886dc279fe954fae9d5682b17b12d96862,74a6f7154ca10c3cd6dfd45046c4f8abf0ce27faa8ad11446b6a52920b83afba,d616af75d6048e60ef268b344260a366407eaf7ae33c4501e98248773489bd81,142057608,results/20261004-070000-ws25-formal-s39-b128-letflow/raw/142057608/142057608_out_fct.txt,16384,12.432757629394532,12.1335,14.071,14.84085,16.04755,16.260362694300518,35.49698795180723,45.05896825396825,18.221,128,626.8257265625,606.557,1014.4039,1090.3722,1205.7293100000002,3.442387616857845,5.749774124982287,6.8388036285732605,1230.117
20261004-070000-ws25-formal-s39-b128-conweave,20262539,128,conweave,ce699dffe2845dc83e2171a1c309c6d96b96d2b3,ba05103c349020290a253befcdbd06886dc279fe954fae9d5682b17b12d96862,74a6f7154ca10c3cd6dfd45046c4f8abf0ce27faa8ad11446b6a52920b83afba,a5d52cf9c992f8c6d3d52b912f07579c2b04545753677f01aaf5719df2e90be4,949773531,results/20261004-070000-ws25-formal-s39-b128-conweave/raw/949773531/949773531_out_fct.txt,16384,12.464790832519531,12.187,14.082,14.691,15.67751,16.395077720207254,35.566265060240966,44.50666666666667,16.989,128,613.4826484375,627.941,1003.0815,1040.28845,1108.7387000000003,3.559251806716735,5.685996882527986,6.284476122998443,1216.372
20261004-070000-ws25-formal-s39-b128-classreserve,20262539,128,classreserve,ce699dffe2845dc83e2171a1c309c6d96b96d2b3,ba05103c349020290a253befcdbd06886dc279fe954fae9d5682b17b12d96862,74a6f7154ca10c3cd6dfd45046c4f8abf0ce27faa8ad11446b6a52920b83afba,86f150319ad5e3b2f0e8ef46afec4593fadb16331a3fc6579e0110c8eec7e809,689387607,results/20261004-070000-ws25-formal-s39-b128-classreserve/raw/689387607/689387607_out_fct.txt,16384,12.364842468261719,12.1745,13.688,14.37255,15.594,16.286917098445596,35.2593373493976,44.55599206349207,16.981,128,608.138828125,642.3145,950.7159,1007.15845,1087.66641,3.6407226866940627,5.388782202068868,6.165035624202919,1370.048
20261004-070000-ws25-formal-s39-b192-fecmp,20262539,192,fecmp,ce699dffe2845dc83e2171a1c309c6d96b96d2b3,272ea34bd279c0c7728e03278f3dd37f621822176829c281ac49fe9e969c2c2f,74a6f7154ca10c3cd6dfd45046c4f8abf0ce27faa8ad11446b6a52920b83afba,7f6f4b45c5a8e0ee82691552259dbc8e4cbb0c055d156bb7b21963bf95cc82f7,832421179,results/20261004-070000-ws25-formal-s39-b192-fecmp/raw/832421179/832421179_out_fct.txt,16384,12.560563354492187,12.256499999999999,14.3167,14.87285,15.97534,16.510362694300518,36.036144578313255,44.3531746031746,18.553,192,805.6241458333334,801.887,1124.4343,1524.1126499999993,1902.27936,4.555625295759938,6.373440838883377,10.782368485192007,1988.154
20261004-070000-ws25-formal-s39-b192-drill,20262539,192,drill,ce699dffe2845dc83e2171a1c309c6d96b96d2b3,272ea34bd279c0c7728e03278f3dd37f621822176829c281ac49fe9e969c2c2f,74a6f7154ca10c3cd6dfd45046c4f8abf0ce27faa8ad11446b6a52920b83afba,5141fa883371f2c39f394ca82a513d938cbde03efa34438dbb05b9bd0c0f2eb5,115348819,results/20261004-070000-ws25-formal-s39-b192-drill/raw/115348819/115348819_out_fct.txt,16384,12.362194458007812,12.239,13.457,13.98,15.12068,16.365284974093264,35.61355421686748,44.48480158730158,15.929,192,961.62728125,961.4784999999999,1347.3312,1660.5113999999999,1886.8914300000004,5.4497860280572485,7.636849652826981,10.695147683151484,2009.189
20261004-070000-ws25-formal-s39-b192-conga,20262539,192,conga,ce699dffe2845dc83e2171a1c309c6d96b96d2b3,272ea34bd279c0c7728e03278f3dd37f621822176829c281ac49fe9e969c2c2f,74a6f7154ca10c3cd6dfd45046c4f8abf0ce27faa8ad11446b6a52920b83afba,fd94eb9c5563b2e8b252d094aa1d5afd8125f7a6a467080773e19af2f9c71389,800635144,results/20261004-070000-ws25-formal-s39-b192-conga/raw/800635144/800635144_out_fct.txt,16384,12.625252624511718,12.299,14.493,15.242,16.31017,16.560880829015545,36.46686746987952,45.55274096385542,18.783,192,805.9311822916667,802.5364999999999,1219.1720000000003,1500.4957999999997,1791.47361,4.554532343547692,6.910426526852771,10.154306985971377,2073.503
20261004-070000-ws25-formal-s39-b192-letflow,20262539,192,letflow,ce699dffe2845dc83e2171a1c309c6d96b96d2b3,272ea34bd279c0c7728e03278f3dd37f621822176829c281ac49fe9e969c2c2f,74a6f7154ca10c3cd6dfd45046c4f8abf0ce27faa8ad11446b6a52920b83afba,d3963aa9f3e3098de2abbeab48f4e9cced16c383d335de6cfd142ed40bd17818,225806743,results/20261004-070000-ws25-formal-s39-b192-letflow/raw/225806743/225806743_out_fct.txt,16384,12.576426391601563,12.218,14.297,14.95885,16.05434,16.670336787564768,35.65481927710844,44.60253968253968,18.186,192,790.6809322916666,790.8895,1121.5161,1482.25415,1762.4229300000006,4.490530036953204,6.357175570355675,9.98964392801474,1960.28
20261004-070000-ws25-formal-s39-b192-conweave,20262539,192,conweave,ce699dffe2845dc83e2171a1c309c6d96b96d2b3,272ea34bd279c0c7728e03278f3dd37f621822176829c281ac49fe9e969c2c2f,74a6f7154ca10c3cd6dfd45046c4f8abf0ce27faa8ad11446b6a52920b83afba,d0c3cbc79a59d57bdd703a6704f9e3fa582f25f48841e720a00aa6c620b65081,620457075,results/20261004-070000-ws25-formal-s39-b192-conweave/raw/620457075/620457075_out_fct.txt,16384,12.553056335449218,12.285,14.133700000000001,14.729,15.858170000000001,16.588082901554404,35.8737951807229,44.234206349206346,18.108,192,800.913765625,788.331,1158.3093999999999,1539.8908,1714.3887499999998,4.473961119000357,6.566321099617401,9.71737990647584,1811.97
20261004-070000-ws25-formal-s39-b192-classreserve,20262539,192,classreserve,ce699dffe2845dc83e2171a1c309c6d96b96d2b3,272ea34bd279c0c7728e03278f3dd37f621822176829c281ac49fe9e969c2c2f,74a6f7154ca10c3cd6dfd45046c4f8abf0ce27faa8ad11446b6a52920b83afba,23a14a4bcb648e717e0c6f7d7db669d9e30a49a4d9d6226335f168b42790bd30,276422198,results/20261004-070000-ws25-formal-s39-b192-classreserve/raw/276422198/276422198_out_fct.txt,16384,12.454997680664063,12.186,14.197700000000001,14.78785,15.88804,16.354922279792746,35.346385542168676,44.575515873015874,17.354,192,797.6100729166667,776.4245000000001,1128.4063,1557.17595,1819.2076000000002,4.406761096490162,6.39595465495253,10.311506872608756,1873.027
20261004-070000-ws25-formal-s40-b000-fecmp,20262540,0,fecmp,ce699dffe2845dc83e2171a1c309c6d96b96d2b3,611f6abe6d3be8b0bb0d607f7d4310a048098b8116ed58d22d82af526a8bbfb9,74a6f7154ca10c3cd6dfd45046c4f8abf0ce27faa8ad11446b6a52920b83afba,f557f712e94cba706eed5ab107225b12d307721cb42e6890da9088532f5005b7,281990115,results/20261004-070000-ws25-formal-s40-b000-fecmp/raw/281990115/281990115_out_fct.txt,16384,12.295429748535156,12.135,13.616,13.927850000000001,14.597339999999999,16.221502590673577,35.300301204819284,44.20313492063492,16.361,0,,,,,,,,,
20261004-070000-ws25-formal-s40-b000-drill,20262540,0,drill,ce699dffe2845dc83e2171a1c309c6d96b96d2b3,611f6abe6d3be8b0bb0d607f7d4310a048098b8116ed58d22d82af526a8bbfb9,74a6f7154ca10c3cd6dfd45046c4f8abf0ce27faa8ad11446b6a52920b83afba,c8fbfc4184bb5b28d96ba69f16c2a52c264f0d9df58060d15fea1aa7fcc407eb,698357920,results/20261004-070000-ws25-formal-s40-b000-drill/raw/698357920/698357920_out_fct.txt,16384,12.296060180664062,12.194,13.610700000000001,13.929,14.70351,16.275906735751295,35.09246987951808,44.46503968253969,16.455,0,,,,,,,,,
20261004-070000-ws25-formal-s40-b000-conga,20262540,0,conga,ce699dffe2845dc83e2171a1c309c6d96b96d2b3,611f6abe6d3be8b0bb0d607f7d4310a048098b8116ed58d22d82af526a8bbfb9,74a6f7154ca10c3cd6dfd45046c4f8abf0ce27faa8ad11446b6a52920b83afba,90e57222604a3bb1ad5249c51419029deac957dd9e3729df113c3392bad7af68,461164100,results/20261004-070000-ws25-formal-s40-b000-conga/raw/461164100/461164100_out_fct.txt,16384,12.379614501953125,12.182,13.739,14.21,15.423680000000001,16.27979274611399,36.12861445783133,44.87843899407152,16.508,0,,,,,,,,,
20261004-070000-ws25-formal-s40-b000-letflow,20262540,0,letflow,ce699dffe2845dc83e2171a1c309c6d96b96d2b3,611f6abe6d3be8b0bb0d607f7d4310a048098b8116ed58d22d82af526a8bbfb9,74a6f7154ca10c3cd6dfd45046c4f8abf0ce27faa8ad11446b6a52920b83afba,aa22ddd46c9f20bef14429d935038e7fcfa7219dc64b53998057a654e412c4f9,284346955,results/20261004-070000-ws25-formal-s40-b000-letflow/raw/284346955/284346955_out_fct.txt,16384,12.314812927246093,12.164,13.603,13.91985,14.74417,16.262305699481864,35.475903614457835,44.12968253968254,16.373,0,,,,,,,,,
20261004-070000-ws25-formal-s40-b000-conweave,20262540,0,conweave,ce699dffe2845dc83e2171a1c309c6d96b96d2b3,611f6abe6d3be8b0bb0d607f7d4310a048098b8116ed58d22d82af526a8bbfb9,74a6f7154ca10c3cd6dfd45046c4f8abf0ce27faa8ad11446b6a52920b83afba,a925dbff23b0c55f45c4d2ad9aa3a4a270be57887fd4859c481d93fc4e96ece6,3699060,results/20261004-070000-ws25-formal-s40-b000-conweave/raw/3699060/3699060_out_fct.txt,16384,12.355022766113281,12.1985,13.699,14.03585,14.722,16.362694300518136,35.70903614457832,44.0893253968254,16.408,0,,,,,,,,,
20261004-070000-ws25-formal-s40-b000-classreserve,20262540,0,classreserve,ce699dffe2845dc83e2171a1c309c6d96b96d2b3,611f6abe6d3be8b0bb0d607f7d4310a048098b8116ed58d22d82af526a8bbfb9,74a6f7154ca10c3cd6dfd45046c4f8abf0ce27faa8ad11446b6a52920b83afba,0ef4ef73e26f141011810a83d95f4606597f01877c3d32857e8201fceb5256ed,97490807,results/20261004-070000-ws25-formal-s40-b000-classreserve/raw/97490807/97490807_out_fct.txt,16384,12.294371948242187,12.158,13.5957,13.918,14.694170000000002,16.27720207253886,34.990060240963864,44.43920634920635,16.375,0,,,,,,,,,
20261004-070000-ws25-formal-s40-b064-fecmp,20262540,64,fecmp,ce699dffe2845dc83e2171a1c309c6d96b96d2b3,f5b0e85f28fd2b45356ea17cab1addcc8036bd6dccd085574d36b3443ca89123,74a6f7154ca10c3cd6dfd45046c4f8abf0ce27faa8ad11446b6a52920b83afba,02e5c902f3fcadc60849b25dea46cbf0d81af88c6f64f50281d60a3397e2c755,628084256,results/20261004-070000-ws25-formal-s40-b064-fecmp/raw/628084256/628084256_out_fct.txt,16384,12.35821875,12.18,13.6927,14.113850000000001,14.701,16.378886010362695,35.57469879518073,44.05630952380953,16.379,64,415.25559375,357.303,648.7685000000001,671.59205,690.43065,2.0277642933429023,3.679869620604534,3.9134513249256058,691.152
20261004-070000-ws25-formal-s40-b064-drill,20262540,64,drill,ce699dffe2845dc83e2171a1c309c6d96b96d2b3,f5b0e85f28fd2b45356ea17cab1addcc8036bd6dccd085574d36b3443ca89123,74a6f7154ca10c3cd6dfd45046c4f8abf0ce27faa8ad11446b6a52920b83afba,86e4b9079db0e4f56445b2e3ec434b236143ee2448465a59a510743e9653ab88,196290890,results/20261004-070000-ws25-formal-s40-b064-drill/raw/196290890/196290890_out_fct.txt,16384,12.33048046875,12.212,13.6127,14.02685,14.74034,16.318652849740932,35.16265060240964,44.41674603174603,16.417,64,614.19571875,580.6054999999999,829.0591,845.3507500000001,900.57736,3.2913164234093806,4.699215530678758,5.104590392518067,901.099
20261004-070000-ws25-formal-s40-b064-conga,20262540,64,conga,ce699dffe2845dc83e2171a1c309c6d96b96d2b3,f5b0e85f28fd2b45356ea17cab1addcc8036bd6dccd085574d36b3443ca89123,74a6f7154ca10c3cd6dfd45046c4f8abf0ce27faa8ad11446b6a52920b83afba,3e67ae36710d2eb1959cdf5af0def7ce0248b2f793afecc3fe70da7c620e7811,50265066,results/20261004-070000-ws25-formal-s40-b064-conga/raw/50265066/50265066_out_fct.txt,16384,12.486076232910156,12.199,14.005700000000001,14.592,16.054,16.365284974093264,36.172891566265065,45.793055555555554,17.242,64,412.908265625,368.052,651.8471000000002,671.6048,689.12924,2.086166926456001,3.6973345871706416,3.906074762647017,689.981
20261004-070000-ws25-formal-s40-b064-letflow,20262540,64,letflow,ce699dffe2845dc83e2171a1c309c6d96b96d2b3,f5b0e85f28fd2b45356ea17cab1addcc8036bd6dccd085574d36b3443ca89123,74a6f7154ca10c3cd6dfd45046c4f8abf0ce27faa8ad11446b6a52920b83afba,9a125ba69ae4cada167f50eb6c6d3f4033e3d2abc9e814ece0c10b84277dc53c,390503763,results/20261004-070000-ws25-formal-s40-b064-letflow/raw/390503763/390503763_out_fct.txt,16384,12.404079711914063,12.243,13.731,14.15455,15.268680000000002,16.487046632124354,35.84548192771085,44.367981927710844,17.685,64,410.888671875,357.44100000000003,649.3420000000002,672.11405,683.3926799999999,2.028048745926031,3.6831033133616824,3.8735591894572763,691.497
20261004-070000-ws25-formal-s40-b064-conweave,20262540,64,conweave,ce699dffe2845dc83e2171a1c309c6d96b96d2b3,f5b0e85f28fd2b45356ea17cab1addcc8036bd6dccd085574d36b3443ca89123,74a6f7154ca10c3cd6dfd45046c4f8abf0ce27faa8ad11446b6a52920b83afba,26e6445b8129af5e6bd4e8c9a12c74eb2949c945a73eb7fa5586420748866885,176361358,results/20261004-070000-ws25-formal-s40-b064-conweave/raw/176361358/176361358_out_fct.txt,16384,12.474277404785155,12.2455,13.905400000000002,14.55885,15.72,16.514248704663213,35.90060240963855,44.21563492063492,17.44,64,407.048125,357.0085,671.4831,682.41955,692.57361,2.0260930093391343,3.806054130650418,3.9267861888582756,692.796
20261004-070000-ws25-formal-s40-b064-classreserve,20262540,64,classreserve,ce699dffe2845dc83e2171a1c309c6d96b96d2b3,f5b0e85f28fd2b45356ea17cab1addcc8036bd6dccd085574d36b3443ca89123,74a6f7154ca10c3cd6dfd45046c4f8abf0ce27faa8ad11446b6a52920b83afba,7ddd3c7cb212e3d2793d67b7ac3528abcf706b9395ae6a53b0be88230bb9c6c9,187935547,results/20261004-070000-ws25-formal-s40-b064-classreserve/raw/187935547/187935547_out_fct.txt,16384,12.3686142578125,12.198,13.7407,14.190700000000001,15.28968,16.298575129533678,35.31927710843374,44.31880952380952,17.28,64,414.62059375,353.88800000000003,615.9875000000003,671.19205,683.0392199999999,2.0083856744959663,3.493871738387472,3.8715557318974065,702.384
20261004-070000-ws25-formal-s40-b128-fecmp,20262540,128,fecmp,ce699dffe2845dc83e2171a1c309c6d96b96d2b3,f1507c0699561b9b5b79059b617b2d2c0c6c654a7a52e05401661a0f1ded9aa2,74a6f7154ca10c3cd6dfd45046c4f8abf0ce27faa8ad11446b6a52920b83afba,79febbdf3bc104a24a8d0f0c5dce4e07aead71dbe96723f9cf011f0df4a1431a,266981314,results/20261004-070000-ws25-formal-s40-b128-fecmp/raw/266981314/266981314_out_fct.txt,16384,12.457043212890625,12.239,13.926,14.393,15.248339999999999,16.525259067357513,35.84849397590362,44.052261904761906,16.976,128,618.743515625,564.1759999999999,962.7276999999999,1161.57105,1320.9421600000003,3.2058186777282156,5.466321460476219,7.5011340593236335,1392.342
20261004-070000-ws25-formal-s40-b128-drill,20262540,128,drill,ce699dffe2845dc83e2171a1c309c6d96b96d2b3,f1507c0699561b9b5b79059b617b2d2c0c6c654a7a52e05401661a0f1ded9aa2,74a6f7154ca10c3cd6dfd45046c4f8abf0ce27faa8ad11446b6a52920b83afba,eaad19cc5801298d249bd800ddaa3b7b9e5ed020d8d94dc53d2a3cd62da2d14c,210588074,results/20261004-070000-ws25-formal-s40-b128-drill/raw/210588074/210588074_out_fct.txt,16384,12.38393389892578,12.27,13.684,14.08985,14.784,16.431347150259068,35.401807228915665,44.46698412698413,16.493,128,798.29353125,727.7545,1106.6349,1408.08975,1484.06783,4.125007793680034,6.288234224507771,8.411890775116905,1492.232
20261004-070000-ws25-formal-s40-b128-conga,20262540,128,conga,ce699dffe2845dc83e2171a1c309c6d96b96d2b3,f1507c0699561b9b5b79059b617b2d2c0c6c654a7a52e05401661a0f1ded9aa2,74a6f7154ca10c3cd6dfd45046c4f8abf0ce27faa8ad11446b6a52920b83afba,1599f2f90a0618aba9d6f0ac617866516d2fab7f954bd9843c8aac94a671de3d,24148165,results/20261004-070000-ws25-formal-s40-b128-conga/raw/24148165/24148165_out_fct.txt,16384,12.639718017578126,12.315,14.3077,15.276,17.06417,16.663860103626945,36.696084337349404,46.68486039395679,19.159,128,607.199890625,565.0985000000001,855.9146,1055.4236,1161.76246,3.2117874816421565,4.851436020972084,6.589444933870847,1294.574
20261004-070000-ws25-formal-s40-b128-letflow,20262540,128,letflow,ce699dffe2845dc83e2171a1c309c6d96b96d2b3,f1507c0699561b9b5b79059b617b2d2c0c6c654a7a52e05401661a0f1ded9aa2,74a6f7154ca10c3cd6dfd45046c4f8abf0ce27faa8ad11446b6a52920b83afba,4f34e892058dd5d93dcc7bbe13c0ec0ff916f30ce5718bddedea63bb038c8678,607452536,results/20261004-070000-ws25-formal-s40-b128-letflow/raw/607452536/607452536_out_fct.txt,16384,12.45396600341797,12.224,13.876700000000001,14.371,15.91517,16.498704663212436,35.51626506024097,44.105198412698414,18.115,128,609.4528828125,564.9635000000001,899.3009,1168.0602000000001,1338.4687000000004,3.206268087624486,5.106193520726628,7.586615842425962,1369.695
20261004-070000-ws25-formal-s40-b128-conweave,20262540,128,conweave,ce699dffe2845dc83e2171a1c309c6d96b96d2b3,f1507c0699561b9b5b79059b617b2d2c0c6c654a7a52e05401661a0f1ded9aa2,74a6f7154ca10c3cd6dfd45046c4f8abf0ce27faa8ad11446b6a52920b83afba,1cb3d1536189011711cd772635cdefb31babafe1b3dcc59a2ffbea08469acbe2,555060713,results/20261004-070000-ws25-formal-s40-b128-conweave/raw/555060713/555060713_out_fct.txt,16384,12.503902893066407,12.329,13.8687,14.39885,15.875700000000002,16.571243523316063,36.18102409638555,44.17730158730159,18.376,128,612.0019609375,608.6605,872.6677999999999,1138.0947500000002,1271.8677400000001,3.459382462789243,4.956404238997642,7.2271371991931135,1313.116
20261004-070000-ws25-formal-s40-b128-classreserve,20262540,128,classreserve,ce699dffe2845dc83e2171a1c309c6d96b96d2b3,f1507c0699561b9b5b79059b617b2d2c0c6c654a7a52e05401661a0f1ded9aa2,74a6f7154ca10c3cd6dfd45046c4f8abf0ce27faa8ad11446b6a52920b83afba,7fc0b26dd1503785ad0efb6938d14d68ea0f900f01460573c666fe86fbc35edf,514759666,results/20261004-070000-ws25-formal-s40-b128-classreserve/raw/514759666/514759666_out_fct.txt,16384,12.404734375,12.2285,13.793,14.306,15.905339999999999,16.357512953367877,35.23704819277109,44.28358720596673,17.209,128,611.882640625,555.98,949.9855,1128.3280000000002,1214.04553,3.151367436587785,5.388708568189455,6.881369023664447,1245.861
20261004-070000-ws25-formal-s40-b192-fecmp,20262540,192,fecmp,ce699dffe2845dc83e2171a1c309c6d96b96d2b3,fba8a857a16cb6541561bd6c6b82c363ec70a4d3355be7fc8aa74e361bc1cf30,74a6f7154ca10c3cd6dfd45046c4f8abf0ce27faa8ad11446b6a52920b83afba,f2f08470aa95afacebe0a7e6fca8702dd7bce73deae07991583baa4c21b18900,403594404,results/20261004-070000-ws25-formal-s40-b192-fecmp/raw/403594404/403594404_out_fct.txt,16384,12.511533386230468,12.29,14.004,14.49385,15.679190000000002,16.64637305699482,35.90963855421687,44.01624689233123,17.277,192,893.2928177083334,756.1975,1790.3801000000003,1895.2404499999998,2114.20128,4.287377244562316,10.171016590314236,12.010757678502696,2218.593
20261004-070000-ws25-formal-s40-b192-drill,20262540,192,drill,ce699dffe2845dc83e2171a1c309c6d96b96d2b3,fba8a857a16cb6541561bd6c6b82c363ec70a4d3355be7fc8aa74e361bc1cf30,74a6f7154ca10c3cd6dfd45046c4f8abf0ce27faa8ad11446b6a52920b83afba,c950519af1e2956f5d4e81e92dc664e720dab611bfef625bffa7be9effdbd62e,736742978,results/20261004-070000-ws25-formal-s40-b192-drill/raw/736742978/736742978_out_fct.txt,16384,12.432389770507813,12.316500000000001,13.7287,14.10385,15.03436,16.496113989637305,35.65572289156627,44.399523809523814,16.462,192,1067.1245625,905.3834999999999,1910.3988,1977.2731499999998,2184.63114,5.138226894724083,10.82839053422134,12.410930283088614,2281.301
20261004-070000-ws25-formal-s40-b192-conga,20262540,192,conga,ce699dffe2845dc83e2171a1c309c6d96b96d2b3,fba8a857a16cb6541561bd6c6b82c363ec70a4d3355be7fc8aa74e361bc1cf30,74a6f7154ca10c3cd6dfd45046c4f8abf0ce27faa8ad11446b6a52920b83afba,e28f7119f481d35c6e1b0c3f177b26171e75ddd6edbac0efb2a4dc10c1825298,181790353,results/20261004-070000-ws25-formal-s40-b192-conga/raw/181790353/181790353_out_fct.txt,16384,12.685677368164063,12.363,14.450700000000001,15.110850000000001,16.99434,16.71761658031088,36.84246987951808,45.941415662650606,22.287,192,897.0234947916666,740.1125,1634.5856999999999,1863.7748999999992,2116.93809,4.196525435737565,9.2858965439527,11.999082272920505,2228.032
20261004-070000-ws25-formal-s40-b192-letflow,20262540,192,letflow,ce699dffe2845dc83e2171a1c309c6d96b96d2b3,fba8a857a16cb6541561bd6c6b82c363ec70a4d3355be7fc8aa74e361bc1cf30,74a6f7154ca10c3cd6dfd45046c4f8abf0ce27faa8ad11446b6a52920b83afba,c2577f241264eeb9917a4356770919881d591d405743f1e38a2a22a97fca272a,143027686,results/20261004-070000-ws25-formal-s40-b192-letflow/raw/143027686/143027686_out_fct.txt,16384,12.58157080078125,12.291,14.258,14.96885,16.38768,16.58937823834197,35.978012048192774,44.68527108433735,19.368,192,893.715484375,761.134,1754.9185,1900.9770999999994,2048.45481,4.318868737641401,9.947107836191016,11.610910075102735,2187.431
20261004-070000-ws25-formal-s40-b192-conweave,20262540,192,conweave,ce699dffe2845dc83e2171a1c309c6d96b96d2b3,fba8a857a16cb6541561bd6c6b82c363ec70a4d3355be7fc8aa74e361bc1cf30,74a6f7154ca10c3cd6dfd45046c4f8abf0ce27faa8ad11446b6a52920b83afba,27d32285593d51517d8c7266fe1ad12dd8b80f5683ba20cf3826ac2e3d8d3c4e,254469020,results/20261004-070000-ws25-formal-s40-b192-conweave/raw/254469020/254469020_out_fct.txt,16384,12.658927978515624,12.363,14.435,15.099250000000001,16.49,16.756476683937823,36.09246987951808,45.175357142857145,18.573,192,885.7949166666667,730.5605,1694.0997000000002,1805.5448999999999,2037.5732400000002,4.14238628312314,9.62614370542944,11.549231911577158,2120.426
20261004-070000-ws25-formal-s40-b192-classreserve,20262540,192,classreserve,ce699dffe2845dc83e2171a1c309c6d96b96d2b3,fba8a857a16cb6541561bd6c6b82c363ec70a4d3355be7fc8aa74e361bc1cf30,74a6f7154ca10c3cd6dfd45046c4f8abf0ce27faa8ad11446b6a52920b83afba,f8e2c55d81e7aebc262eed87d46b444bf470aa0144b2d7f853ed00547d3ff0f7,453323958,results/20261004-070000-ws25-formal-s40-b192-classreserve/raw/453323958/453323958_out_fct.txt,16384,12.452648498535156,12.251,13.950700000000001,14.4257,15.612,16.432642487046632,35.534337349397596,44.47035714285715,18.167,192,890.9697916666667,729.8675000000001,1780.3720000000003,1903.5439499999998,2116.6836700000003,4.1421620113328075,10.0938726793613,11.997640187048322,2196.451
20261004-070000-ws25-formal-s41-b000-fecmp,20262541,0,fecmp,ce699dffe2845dc83e2171a1c309c6d96b96d2b3,ed7b545b0c9f634f5bb72f2aac3fba7d4cf8caf4ba385d4b58588f4ceaee4c8f,74a6f7154ca10c3cd6dfd45046c4f8abf0ce27faa8ad11446b6a52920b83afba,c6f945af81bfec0eb0004e778468c4a858a9ce5b62d1c054458bfa64107a1d6f,997988915,results/20261004-070000-ws25-formal-s41-b000-fecmp/raw/997988915/997988915_out_fct.txt,16384,12.228059265136718,12.094,13.3427,13.69,14.39968,16.080310880829014,35.147590361445786,44.22289682539682,15.07,0,,,,,,,,,
20261004-070000-ws25-formal-s41-b000-drill,20262541,0,drill,ce699dffe2845dc83e2171a1c309c6d96b96d2b3,ed7b545b0c9f634f5bb72f2aac3fba7d4cf8caf4ba385d4b58588f4ceaee4c8f,74a6f7154ca10c3cd6dfd45046c4f8abf0ce27faa8ad11446b6a52920b83afba,0e8e5b572ebb9003d1174cbbb53b18dfa693252effba65d82791d0ba645298dc,428448257,results/20261004-070000-ws25-formal-s41-b000-drill/raw/428448257/428448257_out_fct.txt,16384,12.240707397460938,12.128,13.3107,13.695,14.49151,16.093264248704664,35.09548192771085,44.53357142857143,15.279,0,,,,,,,,,
20261004-070000-ws25-formal-s41-b000-conga,20262541,0,conga,ce699dffe2845dc83e2171a1c309c6d96b96d2b3,ed7b545b0c9f634f5bb72f2aac3fba7d4cf8caf4ba385d4b58588f4ceaee4c8f,74a6f7154ca10c3cd6dfd45046c4f8abf0ce27faa8ad11446b6a52920b83afba,f7f9de458f0f6c88009232fc24e34d71b6db0ff48292c8a5b0b42c04a16aa4fd,891752678,results/20261004-070000-ws25-formal-s41-b000-conga/raw/891752678/891752678_out_fct.txt,16384,12.282994567871095,12.08,13.5197,13.959700000000002,14.736680000000002,16.118523316062177,35.77138554216868,44.257936507936506,15.899,0,,,,,,,,,
20261004-070000-ws25-formal-s41-b000-letflow,20262541,0,letflow,ce699dffe2845dc83e2171a1c309c6d96b96d2b3,ed7b545b0c9f634f5bb72f2aac3fba7d4cf8caf4ba385d4b58588f4ceaee4c8f,74a6f7154ca10c3cd6dfd45046c4f8abf0ce27faa8ad11446b6a52920b83afba,1d0160c280698c0e3312c7481896f23e291175d01052765fdebdb7fabfc4f16f,856474404,results/20261004-070000-ws25-formal-s41-b000-letflow/raw/856474404/856474404_out_fct.txt,16384,12.232816162109375,12.092,13.3857,13.735850000000001,14.71851,16.05116580310881,35.11746987951807,44.283769841269844,15.352,0,,,,,,,,,
20261004-070000-ws25-formal-s41-b000-conweave,20262541,0,conweave,ce699dffe2845dc83e2171a1c309c6d96b96d2b3,ed7b545b0c9f634f5bb72f2aac3fba7d4cf8caf4ba385d4b58588f4ceaee4c8f,74a6f7154ca10c3cd6dfd45046c4f8abf0ce27faa8ad11446b6a52920b83afba,19d283836f1057609c10d45a287953fae7438fe25e04fdf1de119ac671c03766,42968861,results/20261004-070000-ws25-formal-s41-b000-conweave/raw/42968861/42968861_out_fct.txt,16384,12.27008203125,12.11,13.49,13.883,14.73734,16.128238341968913,35.32831325301205,44.1134126984127,15.239,0,,,,,,,,,
20261004-070000-ws25-formal-s41-b000-classreserve,20262541,0,classreserve,ce699dffe2845dc83e2171a1c309c6d96b96d2b3,ed7b545b0c9f634f5bb72f2aac3fba7d4cf8caf4ba385d4b58588f4ceaee4c8f,74a6f7154ca10c3cd6dfd45046c4f8abf0ce27faa8ad11446b6a52920b83afba,0d7a0ceb7d1d6d21ee9476209a260a92f44438bcece1dae2598e8f91076bc40d,179632955,results/20261004-070000-ws25-formal-s41-b000-classreserve/raw/179632955/179632955_out_fct.txt,16384,12.248514770507812,12.127,13.431,13.780700000000001,14.51068,16.0919689119171,35.04728915662651,44.33401606425703,15.071,0,,,,,,,,,
20261004-070000-ws25-formal-s41-b064-fecmp,20262541,64,fecmp,ce699dffe2845dc83e2171a1c309c6d96b96d2b3,76711596aa8653dfbc07f1460c34fde3c5c02e3908d5e1771b220537ce86e656,74a6f7154ca10c3cd6dfd45046c4f8abf0ce27faa8ad11446b6a52920b83afba,6259851432b5f66714fb7e50e5d48170da2f72a616612734604dcf881240217c,283557678,results/20261004-070000-ws25-formal-s41-b064-fecmp/raw/283557678/283557678_out_fct.txt,16384,12.311171752929688,12.126,13.638,14.017850000000001,14.82134,16.25,35.46987951807229,44.00801587301587,15.748,64,445.76846875,391.5925,679.0043,712.67505,866.48663,2.2224597663977836,3.8550931837899265,4.911359671248405,877.826
20261004-070000-ws25-formal-s41-b064-drill,20262541,64,drill,ce699dffe2845dc83e2171a1c309c6d96b96d2b3,76711596aa8653dfbc07f1460c34fde3c5c02e3908d5e1771b220537ce86e656,74a6f7154ca10c3cd6dfd45046c4f8abf0ce27faa8ad11446b6a52920b83afba,cce978db1563fb9211c4181d01872d4ad3df95a8ea0cababafd0b148a6dc72bd,340469108,results/20261004-070000-ws25-formal-s41-b064-drill/raw/340469108/340469108_out_fct.txt,16384,12.285564819335937,12.186,13.34,13.68,14.50734,16.167098445595855,35.376506024096386,44.33400793650794,15.087,64,657.262484375,583.4635000000001,831.7632,1021.2044999999999,1134.9640499999998,3.307147513107553,4.7183318690661755,6.433124840583816,1185.972
20261004-070000-ws25-formal-s41-b064-conga,20262541,64,conga,ce699dffe2845dc83e2171a1c309c6d96b96d2b3,76711596aa8653dfbc07f1460c34fde3c5c02e3908d5e1771b220537ce86e656,74a6f7154ca10c3cd6dfd45046c4f8abf0ce27faa8ad11446b6a52920b83afba,51277d4d5c48d407994e398206d8ab950e648089b47c0f89436cd36cef522be5,88323042,results/20261004-070000-ws25-formal-s41-b064-conga/raw/88323042/88323042_out_fct.txt,16384,12.431753784179687,12.194,13.944,14.385,15.21868,16.387953367875646,36.243975903614455,44.26624689233123,16.963,64,442.91809375,393.79949999999997,678.5272,732.5010500000001,876.6110499999995,2.2321071276746496,3.8488575414603257,4.968746209437435,991.816
20261004-070000-ws25-formal-s41-b064-letflow,20262541,64,letflow,ce699dffe2845dc83e2171a1c309c6d96b96d2b3,76711596aa8653dfbc07f1460c34fde3c5c02e3908d5e1771b220537ce86e656,74a6f7154ca10c3cd6dfd45046c4f8abf0ce27faa8ad11446b6a52920b83afba,6c0715a80a7f6e43b6cdc3ca674938fe396d90341dcdb8bea279c8c18230e622,520219094,results/20261004-070000-ws25-formal-s41-b064-letflow/raw/520219094/520219094_out_fct.txt,16384,12.325592346191407,12.1145,13.68,14.06,14.84034,16.308290155440414,35.30331325301206,43.96496031746032,16.757,64,437.084984375,366.24,679.4736,702.97905,879.3387899999999,2.0758962732039112,3.856176987545423,4.984207396910868,905.211
20261004-070000-ws25-formal-s41-b064-conweave,20262541,64,conweave,ce699dffe2845dc83e2171a1c309c6d96b96d2b3,76711596aa8653dfbc07f1460c34fde3c5c02e3908d5e1771b220537ce86e656,74a6f7154ca10c3cd6dfd45046c4f8abf0ce27faa8ad11446b6a52920b83afba,a97989c374e271ff89f05fd148a3793ee53a361049407c0fabd9aef59fa2a540,872782118,results/20261004-070000-ws25-formal-s41-b064-conweave/raw/872782118/872782118_out_fct.txt,16384,12.35814239501953,12.204,13.563,13.959,14.83051,16.374352331606218,35.71807228915663,43.917341269841266,15.596,64,434.85965625,367.454,678.2141,757.5012500000001,905.84647,2.082777384157574,3.8516885923840505,5.134456397902791,933.019
20261004-070000-ws25-formal-s41-b064-classreserve,20262541,64,classreserve,ce699dffe2845dc83e2171a1c309c6d96b96d2b3,76711596aa8653dfbc07f1460c34fde3c5c02e3908d5e1771b220537ce86e656,74a6f7154ca10c3cd6dfd45046c4f8abf0ce27faa8ad11446b6a52920b83afba,9a844b5384e3964f82bed8006906580a8af364db504925a01b578916bdd646d5,408187015,results/20261004-070000-ws25-formal-s41-b064-classreserve/raw/408187015/408187015_out_fct.txt,16384,12.327168029785156,12.1335,13.6727,14.21485,15.018170000000001,16.2059585492228,35.1566265060241,44.13956349206349,15.649,64,446.91228125,409.6945,679.7607,707.9050500000001,950.4975599999997,2.3252770156473357,3.858929331695485,5.387544622360775,1026.783
20261004-070000-ws25-formal-s41-b128-fecmp,20262541,128,fecmp,ce699dffe2845dc83e2171a1c309c6d96b96d2b3,bbf438da9e82e82fada312d4025f035205403226cad6af953b7731043e815285,74a6f7154ca10c3cd6dfd45046c4f8abf0ce27faa8ad11446b6a52920b83afba,b54c9cca53d9f56bb96d3952646fb2bde67e7604c3be38a67c5d5e8518c385c7,141707426,results/20261004-070000-ws25-formal-s41-b128-fecmp/raw/141707426/141707426_out_fct.txt,16384,12.403442138671876,12.19,13.798,14.234,15.04434,16.367875647668395,35.75512048192772,43.892936507936504,18.681,128,638.794015625,618.1859999999999,1014.8225,1191.7502500000003,1271.68018,3.5039591894572766,5.753837608048746,7.208049766189599,1278.99
20261004-070000-ws25-formal-s41-b128-drill,20262541,128,drill,ce699dffe2845dc83e2171a1c309c6d96b96d2b3,bbf438da9e82e82fada312d4025f035205403226cad6af953b7731043e815285,74a6f7154ca10c3cd6dfd45046c4f8abf0ce27faa8ad11446b6a52920b83afba,6b5d1d89edd2d5f560ea00638e7575def27890e457b461903d69bdc75d4215e7,727776670,results/20261004-070000-ws25-formal-s41-b128-drill/raw/727776670/727776670_out_fct.txt,16384,12.367502014160156,12.266,13.458,13.834,14.50417,16.335492227979273,35.522289156626506,44.2506746031746,15.373,128,835.9645546875,798.0645,1186.8023,1315.5249500000002,1510.81199,4.529439903932452,6.726950828964149,8.579151933223857,1532.566
20261004-070000-ws25-formal-s41-b128-conga,20262541,128,conga,ce699dffe2845dc83e2171a1c309c6d96b96d2b3,bbf438da9e82e82fada312d4025f035205403226cad6af953b7731043e815285,74a6f7154ca10c3cd6dfd45046c4f8abf0ce27faa8ad11446b6a52920b83afba,5434abc52d85990b212731bffa1889f500e76d7e29663a96a0be5bd50aa1cf4b,929349007,results/20261004-070000-ws25-formal-s41-b128-conga/raw/929349007/929349007_out_fct.txt,16384,12.579905700683593,12.247,14.2347,14.931,16.147679999999998,16.550518134715027,36.45903614457832,45.29018072289156,18.802,128,630.733078125,634.884,1014.2496,1041.68685,1189.3742000000002,3.6031455194141193,5.749139294317699,6.753954370470235,1303.394
20261004-070000-ws25-formal-s41-b128-letflow,20262541,128,letflow,ce699dffe2845dc83e2171a1c309c6d96b96d2b3,bbf438da9e82e82fada312d4025f035205403226cad6af953b7731043e815285,74a6f7154ca10c3cd6dfd45046c4f8abf0ce27faa8ad11446b6a52920b83afba,468a96f9a1427151e4e3b935547143983aafbbc078a140482ffe5f6db6f2748d,235238371,results/20261004-070000-ws25-formal-s41-b128-letflow/raw/235238371/235238371_out_fct.txt,16384,12.458663757324219,12.174,14.0807,14.668,15.55651,16.362694300518136,35.65572289156627,44.13275674125072,18.892,128,634.7594296875,602.9085,1013.3699,1112.1651,1254.23743,3.425908458107225,5.744454584100892,7.10918197534363,1279.369
20261004-070000-ws25-formal-s41-b128-conweave,20262541,128,conweave,ce699dffe2845dc83e2171a1c309c6d96b96d2b3,bbf438da9e82e82fada312d4025f035205403226cad6af953b7731043e815285,74a6f7154ca10c3cd6dfd45046c4f8abf0ce27faa8ad11446b6a52920b83afba,4309c231f6a9fab00f5c5776d7793437c5c37f1e08483d39059669b9725c4b06,511456830,results/20261004-070000-ws25-formal-s41-b128-conweave/raw/511456830/511456830_out_fct.txt,16384,12.50700506591797,12.2965,14.036,14.459850000000001,15.28617,16.54922279792746,36.40481927710844,44.02210078408874,16.61,128,634.6235078125,603.46,988.0565,1096.0213,1258.7709100000004,3.4267920561411485,5.602079070426527,7.139471701668703,1286.891
20261004-070000-ws25-formal-s41-b128-classreserve,20262541,128,classreserve,ce699dffe2845dc83e2171a1c309c6d96b96d2b3,bbf438da9e82e82fada312d4025f035205403226cad6af953b7731043e815285,74a6f7154ca10c3cd6dfd45046c4f8abf0ce27faa8ad11446b6a52920b83afba,4a6dea6a2b12672fd5cb5b0aa81c55f4436c22d22cece8ee590e9d8329460b9d,759159962,results/20261004-070000-ws25-formal-s41-b128-classreserve/raw/759159962/759159962_out_fct.txt,16384,12.41423828125,12.205,13.892,14.371,15.16085,16.33484455958549,35.45391566265061,44.12519841269842,16.397,128,630.804234375,630.354,1015.2569,1053.43625,1247.3963,3.574898682159558,5.754704832081622,7.08349228992518,1366.052
20261004-070000-ws25-formal-s41-b192-fecmp,20262541,192,fecmp,ce699dffe2845dc83e2171a1c309c6d96b96d2b3,5dd598861b1943b82097199f88982a3d89bf69331e0246895d245c7a8082e56e,74a6f7154ca10c3cd6dfd45046c4f8abf0ce27faa8ad11446b6a52920b83afba,9cad8b508f17edc70983531b4196671c0642265dc1de272f105e2d6f04bc8f95,776696377,results/20261004-070000-ws25-formal-s41-b192-fecmp/raw/776696377/776696377_out_fct.txt,16384,12.491164978027344,12.2395,13.933,14.504850000000001,16.428510000000003,16.509715025906736,35.92500000000001,44.38361445783133,18.622,192,831.9026302083333,752.546,1359.4831000000001,1491.0554499999994,1801.9940600000002,4.265529261725946,7.7057707241037265,10.213938274054131,1885.852
20261004-070000-ws25-formal-s41-b192-drill,20262541,192,drill,ce699dffe2845dc83e2171a1c309c6d96b96d2b3,5dd598861b1943b82097199f88982a3d89bf69331e0246895d245c7a8082e56e,74a6f7154ca10c3cd6dfd45046c4f8abf0ce27faa8ad11446b6a52920b83afba,e8f1d28deae4b60e268abf67406984f31a1c3e28cb4f078327f60adbcf08b16e,590865341,results/20261004-070000-ws25-formal-s41-b192-drill/raw/590865341/590865341_out_fct.txt,16384,12.386811279296875,12.307500000000001,13.494,13.828850000000001,14.517339999999999,16.383419689119172,35.57439759036145,44.17924603174603,15.172,192,997.4446302083334,927.1890000000001,1497.2600000000002,1742.9810499999987,1896.2843200000002,5.26008221591953,8.486665721978177,10.748387813518493,1960.227
20261004-070000-ws25-formal-s41-b192-conga,20262541,192,conga,ce699dffe2845dc83e2171a1c309c6d96b96d2b3,5dd598861b1943b82097199f88982a3d89bf69331e0246895d245c7a8082e56e,74a6f7154ca10c3cd6dfd45046c4f8abf0ce27faa8ad11446b6a52920b83afba,3c36d211bf897fef5ef81bcb83e46b33eada566ea00a64f7ae82f059ffb1b7cc,577528749,results/20261004-070000-ws25-formal-s41-b192-conga/raw/577528749/577528749_out_fct.txt,16384,12.598035095214843,12.252500000000001,14.4097,14.963,16.06504,16.563471502590673,36.56054216867471,45.04170634920635,17.892,192,828.68028125,778.2445,1332.5419000000002,1430.8505,1763.2147400000001,4.411191724528837,7.553021964007369,9.99413201076945,1855.451
20261004-070000-ws25-formal-s41-b192-letflow,20262541,192,letflow,ce699dffe2845dc83e2171a1c309c6d96b96d2b3,5dd598861b1943b82097199f88982a3d89bf69331e0246895d245c7a8082e56e,74a6f7154ca10c3cd6dfd45046c4f8abf0ce27faa8ad11446b6a52920b83afba,bffc326b1f6d02f67124108a2c179e5db1f4dcde5e49aeef1e73ed28248741fd,246149621,results/20261004-070000-ws25-formal-s41-b192-letflow/raw/246149621/246149621_out_fct.txt,16384,12.534720031738281,12.213,14.216700000000001,14.687,15.809339999999999,16.537564766839377,35.79939759036145,44.41771084337349,18.958,192,832.9015729166666,762.094,1391.7663000000002,1525.14215,1678.60648,4.319648575882104,7.890367505790774,9.514561315006377,1753.911
20261004-070000-ws25-formal-s41-b192-conweave,20262541,192,conweave,ce699dffe2845dc83e2171a1c309c6d96b96d2b3,5dd598861b1943b82097199f88982a3d89bf69331e0246895d245c7a8082e56e,74a6f7154ca10c3cd6dfd45046c4f8abf0ce27faa8ad11446b6a52920b83afba,02d897e1729a987999ba15cb9b2ecf463a99ce5202af470508074f891e8d030e,55821412,results/20261004-070000-ws25-formal-s41-b192-conweave/raw/55821412/55821412_out_fct.txt,16384,12.609653747558594,12.344,14.262,14.79185,16.13904,16.704663212435232,36.64578313253013,44.13406626506024,18.644,192,834.51621875,773.533,1271.6691,1475.4838499999998,1802.6579400000003,4.389965494606766,7.22422700262905,10.217701232818479,2006.612
20261004-070000-ws25-formal-s41-b192-classreserve,20262541,192,classreserve,ce699dffe2845dc83e2171a1c309c6d96b96d2b3,5dd598861b1943b82097199f88982a3d89bf69331e0246895d245c7a8082e56e,74a6f7154ca10c3cd6dfd45046c4f8abf0ce27faa8ad11446b6a52920b83afba,3bf5d76dd04fb3f45ce5d890728ef118fd39ce5cf1528e112d816ba3e80caa5c,186635435,results/20261004-070000-ws25-formal-s41-b192-classreserve/raw/186635435/186635435_out_fct.txt,16384,12.486807922363282,12.229,14.0584,14.76355,15.55617,16.439119170984455,35.51807228915663,44.35157773952955,16.527,192,836.1734427083334,777.8040000000001,1359.4992,1503.3885999999993,1757.08145,4.4142958932553915,7.7058903216664305,9.959367719994333,1973.0
20261004-070000-ws25-formal-s42-b000-fecmp,20262542,0,fecmp,ce699dffe2845dc83e2171a1c309c6d96b96d2b3,74df5eef42b910a02c63a5af2427179722f1b5d4c6c3ad4b1ae648aa876558bd,74a6f7154ca10c3cd6dfd45046c4f8abf0ce27faa8ad11446b6a52920b83afba,d4cb59e5b4caa5dbcc34d2e2c7681bafec4bc505dddd7cd65a004f07cebe5c73,251904230,results/20261004-070000-ws25-formal-s42-b000-fecmp/raw/251904230/251904230_out_fct.txt,16384,12.265134033203125,12.118,13.485,13.908,14.51885,16.10686528497409,35.29939759036145,44.077420634920635,15.227,0,,,,,,,,,
20261004-070000-ws25-formal-s42-b000-drill,20262542,0,drill,ce699dffe2845dc83e2171a1c309c6d96b96d2b3,74df5eef42b910a02c63a5af2427179722f1b5d4c6c3ad4b1ae648aa876558bd,74a6f7154ca10c3cd6dfd45046c4f8abf0ce27faa8ad11446b6a52920b83afba,29d487b35cab509ccb2e9726e764b49bc81b020896513315d9b06110f3b3f372,659714541,results/20261004-070000-ws25-formal-s42-b000-drill/raw/659714541/659714541_out_fct.txt,16384,12.273957092285157,12.15,13.502,13.916,14.694510000000001,16.1139896373057,35.196084337349404,44.08400793650794,15.213,0,,,,,,,,,
20261004-070000-ws25-formal-s42-b000-conga,20262542,0,conga,ce699dffe2845dc83e2171a1c309c6d96b96d2b3,74df5eef42b910a02c63a5af2427179722f1b5d4c6c3ad4b1ae648aa876558bd,74a6f7154ca10c3cd6dfd45046c4f8abf0ce27faa8ad11446b6a52920b83afba,114aa03e6bb7c043326a0d01100561da79f4c3306fd8e5997a697491b6759677,310149740,results/20261004-070000-ws25-formal-s42-b000-conga/raw/310149740/310149740_out_fct.txt,16384,12.31786474609375,12.122,13.586,13.986,15.271510000000001,16.145725388601036,35.5855421686747,44.53595238095239,16.441,0,,,,,,,,,
20261004-070000-ws25-formal-s42-b000-letflow,20262542,0,letflow,ce699dffe2845dc83e2171a1c309c6d96b96d2b3,74df5eef42b910a02c63a5af2427179722f1b5d4c6c3ad4b1ae648aa876558bd,74a6f7154ca10c3cd6dfd45046c4f8abf0ce27faa8ad11446b6a52920b83afba,62903fbd17328279b13526962bd0cf53d2c96089561e662e9f3fb812eb4fe37f,148902419,results/20261004-070000-ws25-formal-s42-b000-letflow/raw/148902419/148902419_out_fct.txt,16384,12.295505249023437,12.098,13.671700000000001,14.02185,14.589170000000001,16.134715025906736,35.24698795180723,44.004642857142855,15.236,0,,,,,,,,,
20261004-070000-ws25-formal-s42-b000-conweave,20262542,0,conweave,ce699dffe2845dc83e2171a1c309c6d96b96d2b3,74df5eef42b910a02c63a5af2427179722f1b5d4c6c3ad4b1ae648aa876558bd,74a6f7154ca10c3cd6dfd45046c4f8abf0ce27faa8ad11446b6a52920b83afba,80db0da8c62bb552dd19ac6c01ab0ed7169ca71d0673e8a13cceac6a58e66603,727152124,results/20261004-070000-ws25-formal-s42-b000-conweave/raw/727152124/727152124_out_fct.txt,16384,12.305749328613281,12.16,13.4997,13.85985,14.76317,16.18782383419689,35.559337349397595,43.97027777777778,15.247,0,,,,,,,,,
20261004-070000-ws25-formal-s42-b000-classreserve,20262542,0,classreserve,ce699dffe2845dc83e2171a1c309c6d96b96d2b3,74df5eef42b910a02c63a5af2427179722f1b5d4c6c3ad4b1ae648aa876558bd,74a6f7154ca10c3cd6dfd45046c4f8abf0ce27faa8ad11446b6a52920b83afba,8fffdc1289e3cc110a9516e25602dc4417e792c075f9f16e3783691c568ff65b,135047924,results/20261004-070000-ws25-formal-s42-b000-classreserve/raw/135047924/135047924_out_fct.txt,16384,12.28565771484375,12.138,13.534,13.94,14.93017,16.10880829015544,35.24096385542169,44.34316360680818,16.117,0,,,,,,,,,
20261004-070000-ws25-formal-s42-b064-fecmp,20262542,64,fecmp,ce699dffe2845dc83e2171a1c309c6d96b96d2b3,da76052135768cf5374209c11c7a34b33bb6747360166dc78077f540557af7f9,74a6f7154ca10c3cd6dfd45046c4f8abf0ce27faa8ad11446b6a52920b83afba,2f378b5a153dd3d904c8e847a18a03f1c18a27e1f61d01ff455d55326316fe54,169164768,results/20261004-070000-ws25-formal-s42-b064-fecmp/raw/169164768/169164768_out_fct.txt,16384,12.34731085205078,12.166,13.603,14.08685,15.101,16.326424870466322,35.68795180722892,44.32433734939759,16.329,64,435.2480625,423.8625,672.301,679.1748,708.9342399999999,2.405354139396107,3.8106900949411933,4.02463854314944,713.314
20261004-070000-ws25-formal-s42-b064-drill,20262542,64,drill,ce699dffe2845dc83e2171a1c309c6d96b96d2b3,da76052135768cf5374209c11c7a34b33bb6747360166dc78077f540557af7f9,74a6f7154ca10c3cd6dfd45046c4f8abf0ce27faa8ad11446b6a52920b83afba,9e74af6260105360afab3a21d6ca97c3d6eb6992455e6e4f59d2ca8c5da134f2,624948714,results/20261004-070000-ws25-formal-s42-b064-drill/raw/624948714/624948714_out_fct.txt,16384,12.310270263671875,12.162,13.4977,13.956,14.631170000000001,16.191062176165804,35.29427710843374,44.28579365079365,15.329,64,661.0715625,591.5405000000001,834.1918000000001,903.69465,921.9604199999999,3.352929006660054,4.733697200311377,5.225792376363893,946.698
20261004-070000-ws25-formal-s42-b064-conga,20262542,64,conga,ce699dffe2845dc83e2171a1c309c6d96b96d2b3,da76052135768cf5374209c11c7a34b33bb6747360166dc78077f540557af7f9,74a6f7154ca10c3cd6dfd45046c4f8abf0ce27faa8ad11446b6a52920b83afba,97a4e952f235e2e1038a7e7bf745f23a93ab2b3264a2ce3dbdc5dfb3bc701b57,786935222,results/20261004-070000-ws25-formal-s42-b064-conga/raw/786935222/786935222_out_fct.txt,16384,12.422799011230468,12.159,13.9427,14.49085,15.336,16.325129533678755,35.8222891566265,44.71590361445783,16.687,64,444.018703125,442.00800000000004,673.1604000000001,679.82405,713.5272099999997,2.505359217797931,3.821461312870581,4.044365651126539,770.5
20261004-070000-ws25-formal-s42-b064-letflow,20262542,64,letflow,ce699dffe2845dc83e2171a1c309c6d96b96d2b3,da76052135768cf5374209c11c7a34b33bb6747360166dc78077f540557af7f9,74a6f7154ca10c3cd6dfd45046c4f8abf0ce27faa8ad11446b6a52920b83afba,5e273361a66ad916c71fe2d7b0304a6f17d03ea5ab6919bd58c95b009eb1c1df,662339021,results/20261004-070000-ws25-formal-s42-b064-letflow/raw/662339021/662339021_out_fct.txt,16384,12.383145751953125,12.148,13.725700000000002,14.234,15.089170000000001,16.35103626943005,35.40602409638555,44.59542168674699,18.052,64,434.818265625,403.368,671.5605,679.9251,701.6302299999999,2.2894073817891964,3.8099192291341932,3.976932010769448,738.346
20261004-070000-ws25-formal-s42-b064-conweave,20262542,64,conweave,ce699dffe2845dc83e2171a1c309c6d96b96d2b3,da76052135768cf5374209c11c7a34b33bb6747360166dc78077f540557af7f9,74a6f7154ca10c3cd6dfd45046c4f8abf0ce27faa8ad11446b6a52920b83afba,2f8d1771af89e3e38e4280ae1e94397857c5769f0464bbeec2b80d06e5a7d741,524559875,results/20261004-070000-ws25-formal-s42-b064-conweave/raw/524559875/524559875_out_fct.txt,16384,12.3978173828125,12.178,13.763,14.184550000000002,15.304170000000001,16.32383419689119,35.90873493975904,44.326071428571424,17.835,64,434.884515625,376.941,676.4240000000001,679.2118,695.3842599999999,2.1365509423267675,3.8346582649969094,3.9453017731485147,719.512
20261004-070000-ws25-formal-s42-b064-classreserve,20262542,64,classreserve,ce699dffe2845dc83e2171a1c309c6d96b96d2b3,da76052135768cf5374209c11c7a34b33bb6747360166dc78077f540557af7f9,74a6f7154ca10c3cd6dfd45046c4f8abf0ce27faa8ad11446b6a52920b83afba,e81dfd4f97f7a79636cd83a2292367ee0bb908c96b723e3fb8b3532d66af6e95,844936933,results/20261004-070000-ws25-formal-s42-b064-classreserve/raw/844936933/844936933_out_fct.txt,16384,12.338541870117188,12.151,13.592,14.1317,14.844339999999999,16.22538860103627,35.270180722891574,43.93329365079366,15.435,64,435.13196875,433.6355,672.0293,679.3008,702.5812099999999,2.4609217182556375,3.8091500637664732,3.9860308060766365,707.264
20261004-070000-ws25-formal-s42-b128-fecmp,20262542,128,fecmp,ce699dffe2845dc83e2171a1c309c6d96b96d2b3,bef1be4c558114b9e93bcbbdc07b8eb9a94249586af6e351b91db0df500ae6a9,74a6f7154ca10c3cd6dfd45046c4f8abf0ce27faa8ad11446b6a52920b83afba,9755bb8ea1ce32a4cea3fe6ea61738b140b0aa0be7af184836bb213540351bfe,674797374,results/20261004-070000-ws25-formal-s42-b128-fecmp/raw/674797374/674797374_out_fct.txt,16384,12.42449530029297,12.184,13.8557,14.393,15.27451,16.397668393782382,35.74307228915663,44.062222222222225,16.443,128,637.18696875,627.539,983.1921999999998,1107.57585,1184.1181,3.556973218081338,5.582418676176593,6.711736431911577,1202.021
20261004-070000-ws25-formal-s42-b128-drill,20262542,128,drill,ce699dffe2845dc83e2171a1c309c6d96b96d2b3,bef1be4c558114b9e93bcbbdc07b8eb9a94249586af6e351b91db0df500ae6a9,74a6f7154ca10c3cd6dfd45046c4f8abf0ce27faa8ad11446b6a52920b83afba,c61810b636fce33c82e6d12601779f5ac1b4dc3e7421051401aa2ce373b906e8,980293175,results/20261004-070000-ws25-formal-s42-b128-drill/raw/980293175/980293175_out_fct.txt,16384,12.349067016601563,12.209,13.536,14.018,14.737700000000002,16.251295336787564,35.50512048192772,44.12242063492064,15.29,128,827.995078125,763.047,1275.067,1402.77925,1463.71056,4.325050304662038,7.227246705398895,8.296503103301687,1611.648
20261004-070000-ws25-formal-s42-b128-conga,20262542,128,conga,ce699dffe2845dc83e2171a1c309c6d96b96d2b3,bef1be4c558114b9e93bcbbdc07b8eb9a94249586af6e351b91db0df500ae6a9,74a6f7154ca10c3cd6dfd45046c4f8abf0ce27faa8ad11446b6a52920b83afba,6a9ac2b672e95586ff2b8df29af77128912aa649cc9aabc0c82f0f990ca24e59,719961877,results/20261004-070000-ws25-formal-s42-b128-conga/raw/719961877/719961877_out_fct.txt,16384,12.55889013671875,12.291,14.017,14.778400000000001,16.538510000000002,16.59520725388601,36.559337349397595,45.17572289156627,18.409,128,650.5064296875,594.062,1084.1706,1220.9087,1327.1156900000003,3.3710953663029617,6.145220915403145,7.522265495252942,1347.881
20261004-070000-ws25-formal-s42-b128-letflow,20262542,128,letflow,ce699dffe2845dc83e2171a1c309c6d96b96d2b3,bef1be4c558114b9e93bcbbdc07b8eb9a94249586af6e351b91db0df500ae6a9,74a6f7154ca10c3cd6dfd45046c4f8abf0ce27faa8ad11446b6a52920b83afba,87bdbfd04e656549655cac59c8d441f1405bb3707861ad92930c4925a01ccc96,125903146,results/20261004-070000-ws25-formal-s42-b128-letflow/raw/125903146/125903146_out_fct.txt,16384,12.439243041992187,12.178,13.881,14.566400000000002,15.99934,16.3639896373057,35.490060240963864,44.54274096385542,18.049,128,636.982453125,577.877,1055.7358,1142.55015,1236.88712,3.275482499645742,5.9885762580511575,7.010838146521186,1389.338
20261004-070000-ws25-formal-s42-b128-conweave,20262542,128,conweave,ce699dffe2845dc83e2171a1c309c6d96b96d2b3,bef1be4c558114b9e93bcbbdc07b8eb9a94249586af6e351b91db0df500ae6a9,74a6f7154ca10c3cd6dfd45046c4f8abf0ce27faa8ad11446b6a52920b83afba,5d13d3f5b5928bebaa2e03f7827c77e7bd2f8041b33dec7c682dee02071876b9,587538337,results/20261004-070000-ws25-formal-s42-b128-conweave/raw/587538337/587538337_out_fct.txt,16384,12.533913024902343,12.246,14.057400000000001,14.6247,15.86734,16.54339378238342,35.8644578313253,44.29432539682539,21.047,128,640.379921875,640.6585,1064.503,1167.30855,1238.15379,3.631336261867649,6.044128116265721,7.0226896590457075,1349.729
20261004-070000-ws25-formal-s42-b128-classreserve,20262542,128,classreserve,ce699dffe2845dc83e2171a1c309c6d96b96d2b3,bef1be4c558114b9e93bcbbdc07b8eb9a94249586af6e351b91db0df500ae6a9,74a6f7154ca10c3cd6dfd45046c4f8abf0ce27faa8ad11446b6a52920b83afba,00e5732600dcb75880c0b875b748a434169269d015ec18dcce0fe379cb2659c0,738991695,results/20261004-070000-ws25-formal-s42-b128-classreserve/raw/738991695/738991695_out_fct.txt,16384,12.409791320800782,12.188500000000001,13.801,14.26185,15.35251,16.39378238341969,35.41777108433735,44.14785714285715,17.079,128,644.2162734375,601.1805,1056.0391,1170.5996,1238.36992,3.407569788862123,5.996235255148767,7.01924285106986,1301.125
20261004-070000-ws25-formal-s42-b192-fecmp,20262542,192,fecmp,ce699dffe2845dc83e2171a1c309c6d96b96d2b3,2a2d5b971bbe902891f5df2c505a7bd055a97b28e59307941f4498f0610687d2,74a6f7154ca10c3cd6dfd45046c4f8abf0ce27faa8ad11446b6a52920b83afba,09f9cd188f60a5b160bb6948c186e5960615b21f85ac432404e68b598158960b,613529789,results/20261004-070000-ws25-formal-s42-b192-fecmp/raw/613529789/613529789_out_fct.txt,16384,12.495969360351562,12.244499999999999,14.043700000000001,14.616850000000001,15.64517,16.457253886010363,35.96415662650603,44.16305555555556,17.546,192,829.6968229166666,763.8015,1307.1756,1376.22505,1733.1800500000002,4.333493219357258,7.409242454300696,9.823891455292618,1801.46
20261004-070000-ws25-formal-s42-b192-drill,20262542,192,drill,ce699dffe2845dc83e2171a1c309c6d96b96d2b3,2a2d5b971bbe902891f5df2c505a7bd055a97b28e59307941f4498f0610687d2,74a6f7154ca10c3cd6dfd45046c4f8abf0ce27faa8ad11446b6a52920b83afba,42becdb97712f5a5d3ba333c17552b8cf43d70dcc1f322d788fd689d445a100c,423634008,results/20261004-070000-ws25-formal-s42-b192-drill/raw/423634008/423634008_out_fct.txt,16384,12.386165954589844,12.27,13.5477,14.011,14.671339999999999,16.34585492227979,35.683734939759034,44.18785714285714,15.657,192,988.1652291666667,926.549,1428.9551000000001,1586.0125999999996,1883.2079,5.253373954938359,8.108590052430213,10.702959239245349,1954.368
20261004-070000-ws25-formal-s42-b192-conga,20262542,192,conga,ce699dffe2845dc83e2171a1c309c6d96b96d2b3,2a2d5b971bbe902891f5df2c505a7bd055a97b28e59307941f4498f0610687d2,74a6f7154ca10c3cd6dfd45046c4f8abf0ce27faa8ad11446b6a52920b83afba,14a06a078abb8228d4b16d7b75a4b43f07c9d055c85bf65108deaca5b52d9854,26017264,results/20261004-070000-ws25-formal-s42-b192-conga/raw/26017264/26017264_out_fct.txt,16384,12.648123901367187,12.306,14.475,15.1797,16.5317,16.757772020725387,36.4789156626506,46.40559093516925,18.796,192,830.7004635416666,776.5775,1356.8317000000002,1488.7524999999994,1706.5423100000005,4.408278221246401,7.690699730763781,9.698768057539015,1932.626
20261004-070000-ws25-formal-s42-b192-letflow,20262542,192,letflow,ce699dffe2845dc83e2171a1c309c6d96b96d2b3,2a2d5b971bbe902891f5df2c505a7bd055a97b28e59307941f4498f0610687d2,74a6f7154ca10c3cd6dfd45046c4f8abf0ce27faa8ad11446b6a52920b83afba,b36f2512f5f4609d1c9d85ebc9134329847e71f799c4f143d325300fd85aab93,897150509,results/20261004-070000-ws25-formal-s42-b192-letflow/raw/897150509/897150509_out_fct.txt,16384,12.539936767578125,12.251,14.201,14.799850000000001,15.963,16.520725388601036,35.94789156626506,44.63162698412698,18.632,192,833.9966458333333,789.8420000000001,1352.5778,1447.5252499999988,1770.1269900000007,4.481458858489528,7.666588068584384,10.036203128832929,1987.001
20261004-070000-ws25-formal-s42-b192-conweave,20262542,192,conweave,ce699dffe2845dc83e2171a1c309c6d96b96d2b3,2a2d5b971bbe902891f5df2c505a7bd055a97b28e59307941f4498f0610687d2,74a6f7154ca10c3cd6dfd45046c4f8abf0ce27faa8ad11446b6a52920b83afba,fc0144485c2522944c91c0a60e0b3a8b262c879473a1d8b5f74829a73f393e25,305149651,results/20261004-070000-ws25-formal-s42-b192-conweave/raw/305149651/305149651_out_fct.txt,16384,12.6074111328125,12.304,14.298,14.972850000000001,16.554360000000003,16.626943005181346,36.01927710843374,45.085361445783136,18.539,192,818.6951354166666,766.385,1362.1531000000002,1421.972249999999,1802.2931000000003,4.343970525719143,7.738273549962185,10.215633271928583,1955.408
20261004-070000-ws25-formal-s42-b192-classreserve,20262542,192,classreserve,ce699dffe2845dc83e2171a1c309c6d96b96d2b3,2a2d5b971bbe902891f5df2c505a7bd055a97b28e59307941f4498f0610687d2,74a6f7154ca10c3cd6dfd45046c4f8abf0ce27faa8ad11446b6a52920b83afba,dd0a3971f6d4cdf4e233b0c8b6da2cfec6f335f67c6e110bc7a9a7e6cd64777e,718145468,results/20261004-070000-ws25-formal-s42-b192-classreserve/raw/718145468/718145468_out_fct.txt,16384,12.454814758300781,12.19,13.992700000000001,14.639850000000001,15.662170000000001,16.338082901554404,35.23192771084337,44.21904235991585,18.287,192,844.0578802083334,788.962,1376.2187000000001,1468.1601499999995,1803.3444800000002,4.471939917812101,7.8005877851778385,10.221592631429786,1940.468
20261004-070000-ws25-formal-s43-b000-fecmp,20262543,0,fecmp,ce699dffe2845dc83e2171a1c309c6d96b96d2b3,10cecec3d8314c0663d083c7280344fba9f1263fe2d3a78bac625ae5c805fb86,74a6f7154ca10c3cd6dfd45046c4f8abf0ce27faa8ad11446b6a52920b83afba,19a2a5ff24aebc99bdb8b1fd48f9a6ce0bdb6b47f5baef57bd5ec713b122a5a3,282561156,results/20261004-070000-ws25-formal-s43-b000-fecmp/raw/282561156/282561156_out_fct.txt,16384,12.242940246582032,12.075,13.395,13.74585,14.58234,16.11917098445596,35.1277108433735,44.31019841269841,15.203,0,,,,,,,,,
20261004-070000-ws25-formal-s43-b000-drill,20262543,0,drill,ce699dffe2845dc83e2171a1c309c6d96b96d2b3,10cecec3d8314c0663d083c7280344fba9f1263fe2d3a78bac625ae5c805fb86,74a6f7154ca10c3cd6dfd45046c4f8abf0ce27faa8ad11446b6a52920b83afba,868ff1ada2742950a0013a928a5db8ce2215ab6ab6e71115c32220f071c1e54e,290088480,results/20261004-070000-ws25-formal-s43-b000-drill/raw/290088480/290088480_out_fct.txt,16384,12.253735290527343,12.1,13.428,13.772,14.596,16.117875647668395,35.11746987951807,44.51325396825397,15.232,0,,,,,,,,,
20261004-070000-ws25-formal-s43-b000-conga,20262543,0,conga,ce699dffe2845dc83e2171a1c309c6d96b96d2b3,10cecec3d8314c0663d083c7280344fba9f1263fe2d3a78bac625ae5c805fb86,74a6f7154ca10c3cd6dfd45046c4f8abf0ce27faa8ad11446b6a52920b83afba,4c0bbc5d916e149ceeb4eccb76cf0bef51711f77c5621a8139829915e7f89e14,361789576,results/20261004-070000-ws25-formal-s43-b000-conga/raw/361789576/361789576_out_fct.txt,16384,12.30024365234375,12.118,13.526,13.897,14.57417,16.16321243523316,35.6777108433735,44.03265873015874,15.69,0,,,,,,,,,
20261004-070000-ws25-formal-s43-b000-letflow,20262543,0,letflow,ce699dffe2845dc83e2171a1c309c6d96b96d2b3,10cecec3d8314c0663d083c7280344fba9f1263fe2d3a78bac625ae5c805fb86,74a6f7154ca10c3cd6dfd45046c4f8abf0ce27faa8ad11446b6a52920b83afba,d024d50c954fc77d28c56137574864e79eb834c6b12234b3cba2e54096433d28,110089812,results/20261004-070000-ws25-formal-s43-b000-letflow/raw/110089812/110089812_out_fct.txt,16384,12.245119873046875,12.095,13.38,13.793,14.51504,16.123056994818654,35.08734939759036,44.23047619047619,15.197,0,,,,,,,,,
20261004-070000-ws25-formal-s43-b000-conweave,20262543,0,conweave,ce699dffe2845dc83e2171a1c309c6d96b96d2b3,10cecec3d8314c0663d083c7280344fba9f1263fe2d3a78bac625ae5c805fb86,74a6f7154ca10c3cd6dfd45046c4f8abf0ce27faa8ad11446b6a52920b83afba,04fe203da7c22e112670ae1344f08383bf4c5f38efb9828e23247a5de55b3a8a,834426138,results/20261004-070000-ws25-formal-s43-b000-conweave/raw/834426138/834426138_out_fct.txt,16384,12.28120135498047,12.119,13.466,13.89485,14.630680000000002,16.164507772020727,35.2460843373494,44.01722222222222,15.223,0,,,,,,,,,
20261004-070000-ws25-formal-s43-b000-classreserve,20262543,0,classreserve,ce699dffe2845dc83e2171a1c309c6d96b96d2b3,10cecec3d8314c0663d083c7280344fba9f1263fe2d3a78bac625ae5c805fb86,74a6f7154ca10c3cd6dfd45046c4f8abf0ce27faa8ad11446b6a52920b83afba,72e3fb075d116260cf4a833154637066b7b76b2a5a2424a806acd0234311eeb0,25471264,results/20261004-070000-ws25-formal-s43-b000-classreserve/raw/25471264/25471264_out_fct.txt,16384,12.257842529296875,12.094,13.4307,13.79155,14.66634,16.134715025906736,35.14367469879519,44.50293650793652,15.307,0,,,,,,,,,
20261004-070000-ws25-formal-s43-b064-fecmp,20262543,64,fecmp,ce699dffe2845dc83e2171a1c309c6d96b96d2b3,035228c6e0e5c235e31200d70ab413c1a587f8301437d8e6f180756a264d12aa,74a6f7154ca10c3cd6dfd45046c4f8abf0ce27faa8ad11446b6a52920b83afba,2447c24415711a30e025a04df23319ad36871061ea40d312775a92617e793cb8,175062475,results/20261004-070000-ws25-formal-s43-b064-fecmp/raw/175062475/175062475_out_fct.txt,16384,12.305867492675782,12.106,13.559,14.11785,14.88134,16.202072538860104,35.225903614457835,44.13634920634921,17.238,64,400.772125,356.1915,625.5716000000002,668.9428,674.96413,2.0214581641648266,3.548315214637825,3.825785064474989,681.169
20261004-070000-ws25-formal-s43-b064-drill,20262543,64,drill,ce699dffe2845dc83e2171a1c309c6d96b96d2b3,035228c6e0e5c235e31200d70ab413c1a587f8301437d8e6f180756a264d12aa,74a6f7154ca10c3cd6dfd45046c4f8abf0ce27faa8ad11446b6a52920b83afba,4559f64706c95d62d76713cfe8fd837191c55bd71d57c467b51a005bf2e22c46,809485428,results/20261004-070000-ws25-formal-s43-b064-drill/raw/809485428/809485428_out_fct.txt,16384,12.298226623535156,12.138,13.4777,13.801,14.622,16.20077720207254,35.31536144578314,44.51027777777779,15.382,64,604.91784375,578.8050000000001,752.3813000000002,827.2328,887.81566,3.280742525152331,4.272250903245137,5.032255405979877,896.332
20261004-070000-ws25-formal-s43-b064-conga,20262543,64,conga,ce699dffe2845dc83e2171a1c309c6d96b96d2b3,035228c6e0e5c235e31200d70ab413c1a587f8301437d8e6f180756a264d12aa,74a6f7154ca10c3cd6dfd45046c4f8abf0ce27faa8ad11446b6a52920b83afba,293cca55155175945863c124b84aa13d0b0f211acf7176d916ea83e1bc177e45,154059961,results/20261004-070000-ws25-formal-s43-b064-conga/raw/154059961/154059961_out_fct.txt,16384,12.410705078125,12.137,13.831,14.55855,15.614,16.29663212435233,35.69487951807229,44.892198795180725,17.924,64,381.23878125,354.228,597.8361,676.29205,681.46239,2.0078106844268104,3.3886132917670397,3.868320936151964,682.374
20261004-070000-ws25-formal-s43-b064-letflow,20262543,64,letflow,ce699dffe2845dc83e2171a1c309c6d96b96d2b3,035228c6e0e5c235e31200d70ab413c1a587f8301437d8e6f180756a264d12aa,74a6f7154ca10c3cd6dfd45046c4f8abf0ce27faa8ad11446b6a52920b83afba,7b81ecaa9744bcb2e26698781a123bc0250d085fa65d67d5861281429f423419,614435169,results/20261004-070000-ws25-formal-s43-b064-letflow/raw/614435169/614435169_out_fct.txt,16384,12.321259948730468,12.135,13.5507,14.052850000000001,15.170530000000001,16.275906735751295,35.37048192771084,44.149523809523814,16.933,64,384.368453125,354.491,620.4511000000005,675.40135,680.05301,2.0093014028624063,3.516798072835485,3.8546295026215103,683.564
20261004-070000-ws25-formal-s43-b064-conweave,20262543,64,conweave,ce699dffe2845dc83e2171a1c309c6d96b96d2b3,035228c6e0e5c235e31200d70ab413c1a587f8301437d8e6f180756a264d12aa,74a6f7154ca10c3cd6dfd45046c4f8abf0ce27faa8ad11446b6a52920b83afba,5a01c21e33d4c7c7e1dd452406fe16fbe1474c80c7baa93ca44acf9f7727b0e4,321029189,results/20261004-070000-ws25-formal-s43-b064-conweave/raw/321029189/321029189_out_fct.txt,16384,12.352866577148438,12.1235,13.678700000000001,14.133,15.16017,16.261658031088082,35.38463855421687,44.21091891375024,17.803,64,395.343375,356.10850000000005,619.1089000000004,671.2058000000001,680.50193,2.019711437671682,3.5091903074961053,3.8571740399603227,686.039
20261004-070000-ws25-formal-s43-b064-classreserve,20262543,64,classreserve,ce699dffe2845dc83e2171a1c309c6d96b96d2b3,035228c6e0e5c235e31200d70ab413c1a587f8301437d8e6f180756a264d12aa,74a6f7154ca10c3cd6dfd45046c4f8abf0ce27faa8ad11446b6a52920b83afba,02bbd3324a22a9a1cb128efb0bf4f8a9319bb068f7f21ed2797902ed35a2980c,909297660,results/20261004-070000-ws25-formal-s43-b064-classreserve/raw/909297660/909297660_out_fct.txt,16384,12.310921020507813,12.123,13.5487,14.008700000000001,15.04838,16.185233160621763,35.153614457831324,44.41075396825397,18.502,64,395.7870625,347.15549999999996,518.5905,912.3334000000002,983.06574,1.9677228283973358,2.9394388550375514,5.572145330877143,997.431
20261004-070000-ws25-formal-s43-b128-fecmp,20262543,128,fecmp,ce699dffe2845dc83e2171a1c309c6d96b96d2b3,502d4690ede4e96069534d392a35b9f3527f1429ced3717066c0b270b4b2d7da,74a6f7154ca10c3cd6dfd45046c4f8abf0ce27faa8ad11446b6a52920b83afba,3035e72db82a364c21ce93e800a122e5e6d3d097dc7810202ec6192b307db000,905095594,results/20261004-070000-ws25-formal-s43-b128-fecmp/raw/905095594/905095594_out_fct.txt,16384,12.402795043945313,12.151,13.908700000000001,14.491,15.32785,16.354274611398964,35.35481927710844,44.07420634920635,18.081,128,591.5337734375,611.5605,864.5349,957.62825,1048.4959600000002,3.4707738454930426,4.900297010060932,5.943012384866091,1112.212
20261004-070000-ws25-formal-s43-b128-drill,20262543,128,drill,ce699dffe2845dc83e2171a1c309c6d96b96d2b3,502d4690ede4e96069534d392a35b9f3527f1429ced3717066c0b270b4b2d7da,74a6f7154ca10c3cd6dfd45046c4f8abf0ce27faa8ad11446b6a52920b83afba,7930aa484a8d926a5af57cecdd74d028d00605ff37c045a0a0c62eee7fb6e4f2,249913843,results/20261004-070000-ws25-formal-s43-b128-drill/raw/249913843/249913843_out_fct.txt,16384,12.345213745117187,12.2,13.516,13.83,14.62051,16.27914507772021,35.55120481927711,44.30757936507937,15.324,128,779.0449921875,783.0989999999999,1006.6689,1128.5582,1236.37005,4.443057956638798,5.705931132209154,7.007907326059232,1261.171
20261004-070000-ws25-formal-s43-b128-conga,20262543,128,conga,ce699dffe2845dc83e2171a1c309c6d96b96d2b3,502d4690ede4e96069534d392a35b9f3527f1429ced3717066c0b270b4b2d7da,74a6f7154ca10c3cd6dfd45046c4f8abf0ce27faa8ad11446b6a52920b83afba,130c6c9d6769bdbf330fcc56db5d2169e1804971c8e15e1342002e87c8deceb7,750176093,results/20261004-070000-ws25-formal-s43-b128-conga/raw/750176093/750176093_out_fct.txt,16384,12.539216979980468,12.259,14.120700000000001,14.583,15.848170000000001,16.691062176165804,36.37048192771084,44.457103174603176,17.182,128,579.9419921875,616.7045,849.5767,857.71925,957.75903,3.495561853478815,4.817801743854905,5.438666311898926,1070.17
20261004-070000-ws25-formal-s43-b128-letflow,20262543,128,letflow,ce699dffe2845dc83e2171a1c309c6d96b96d2b3,502d4690ede4e96069534d392a35b9f3527f1429ced3717066c0b270b4b2d7da,74a6f7154ca10c3cd6dfd45046c4f8abf0ce27faa8ad11446b6a52920b83afba,bfb77cb5c21453e938c13ac8a10bbdbab49649df1ed89024ee6ac9953f5e1ee1,814541222,results/20261004-070000-ws25-formal-s43-b128-letflow/raw/814541222/814541222_out_fct.txt,16384,12.426043212890624,12.161,13.974,14.547,15.423680000000001,16.39378238341969,35.450903614457836,44.25863549435839,17.313,128,580.0211640625,612.662,847.7504,856.29925,991.79805,3.4726484341788293,4.808246465412804,5.625400706695003,1093.159
20261004-070000-ws25-formal-s43-b128-conweave,20262543,128,conweave,ce699dffe2845dc83e2171a1c309c6d96b96d2b3,502d4690ede4e96069534d392a35b9f3527f1429ced3717066c0b270b4b2d7da,74a6f7154ca10c3cd6dfd45046c4f8abf0ce27faa8ad11446b6a52920b83afba,dbe5be7b4f8b5faa61cd212a0bd8f37aa4b48ca1192150fee0c507db60fbe754,170349497,results/20261004-070000-ws25-formal-s43-b128-conweave/raw/170349497/170349497_out_fct.txt,16384,12.493023376464844,12.168,14.088700000000001,14.70885,16.14268,16.3860103626943,35.61746987951807,44.74392474660547,18.328,128,576.567328125,619.0915,832.9734,849.0686000000001,952.9828200000001,3.5090916820178544,4.721402295593028,5.401631401445374,973.26
20261004-070000-ws25-formal-s43-b128-classreserve,20262543,128,classreserve,ce699dffe2845dc83e2171a1c309c6d96b96d2b3,502d4690ede4e96069534d392a35b9f3527f1429ced3717066c0b270b4b2d7da,74a6f7154ca10c3cd6dfd45046c4f8abf0ce27faa8ad11446b6a52920b83afba,7977ffa8885804df93f9f102ec8024866faae75546fe773a345b014bcf2d8a32,661873080,results/20261004-070000-ws25-formal-s43-b128-classreserve/raw/661873080/661873080_out_fct.txt,16384,12.395294372558594,12.146,13.765,14.345,15.46868,16.308290155440414,35.35451807228916,44.20043650793651,17.169,128,570.5563046875,602.571,847.4838,864.41945,932.66056,3.423990681023951,4.8051177554201505,5.286442170894148,968.269
20261004-070000-ws25-formal-s43-b192-fecmp,20262543,192,fecmp,ce699dffe2845dc83e2171a1c309c6d96b96d2b3,6ae698084037c856c78f020e9f21684e93f8a055a75623f52324db13dd63e1ff,74a6f7154ca10c3cd6dfd45046c4f8abf0ce27faa8ad11446b6a52920b83afba,bbe4d23f0de0cbc59853dd8c983362d4517439d16716093454d94802098a70c8,839787082,results/20261004-070000-ws25-formal-s43-b192-fecmp/raw/839787082/839787082_out_fct.txt,16384,12.4857158203125,12.1995,14.081,14.65085,15.780630000000002,16.484455958549223,35.59367469879519,44.29421686746988,17.338,192,782.8049635416667,741.5405,1200.0159999999998,1307.4464999999998,1367.87717,4.203148646733739,6.802187331727363,7.753380586651552,1367.902
20261004-070000-ws25-formal-s43-b192-drill,20262543,192,drill,ce699dffe2845dc83e2171a1c309c6d96b96d2b3,6ae698084037c856c78f020e9f21684e93f8a055a75623f52324db13dd63e1ff,74a6f7154ca10c3cd6dfd45046c4f8abf0ce27faa8ad11446b6a52920b83afba,0d8f7dea8559da8568cc3886c88d19f678ad8dd5d748392e229e45bf8ed3df1f,140720617,results/20261004-070000-ws25-formal-s43-b192-drill/raw/140720617/140720617_out_fct.txt,16384,12.375514343261719,12.232,13.5297,13.852,14.60334,16.35103626943005,35.54126506024097,44.184563492063496,15.338,192,936.3003802083333,925.8415,1300.9945,1395.3552499999998,1522.9066200000002,5.247790845968542,7.389004886969346,8.632034122148223,1583.67
20261004-070000-ws25-formal-s43-b192-conga,20262543,192,conga,ce699dffe2845dc83e2171a1c309c6d96b96d2b3,6ae698084037c856c78f020e9f21684e93f8a055a75623f52324db13dd63e1ff,74a6f7154ca10c3cd6dfd45046c4f8abf0ce27faa8ad11446b6a52920b83afba,96527020223e6c95d4f09495c3b23ca6e153d46c31235429359efca249bd9d5e,990519702,results/20261004-070000-ws25-formal-s43-b192-conga/raw/990519702/990519702_out_fct.txt,16384,12.63421435546875,12.346,14.482,14.988550000000002,16.106,16.64961139896373,36.7671686746988,44.958403614457836,17.556,192,777.5536770833334,756.2745,1200.0757,1317.2324999999996,1367.69209,4.28666288791271,6.802407255207596,7.752856851353266,1367.937
20261004-070000-ws25-formal-s43-b192-letflow,20262543,192,letflow,ce699dffe2845dc83e2171a1c309c6d96b96d2b3,6ae698084037c856c78f020e9f21684e93f8a055a75623f52324db13dd63e1ff,74a6f7154ca10c3cd6dfd45046c4f8abf0ce27faa8ad11446b6a52920b83afba,1e80caef90ef804518eb36b6b3fa6dd69b5281f3b5d664d3c2451d77a011b43e,403513440,results/20261004-070000-ws25-formal-s43-b192-letflow/raw/403513440/403513440_out_fct.txt,16384,12.522720031738281,12.236,14.0877,14.756400000000001,15.630680000000002,16.53238341968912,35.7671686746988,44.46496031746032,17.878,192,782.20696875,741.4965,1200.1004,1305.8622499999994,1348.3318900000002,4.213407392675512,6.815588793116196,7.644432828729924,1387.739
20261004-070000-ws25-formal-s43-b192-conweave,20262543,192,conweave,ce699dffe2845dc83e2171a1c309c6d96b96d2b3,6ae698084037c856c78f020e9f21684e93f8a055a75623f52324db13dd63e1ff,74a6f7154ca10c3cd6dfd45046c4f8abf0ce27faa8ad11446b6a52920b83afba,1b90b5bc2bf2aee74e13446b3ffd0f08711abbcda0765fcea0652b6a122c0968,525357717,results/20261004-070000-ws25-formal-s43-b192-conweave/raw/525357717/525357717_out_fct.txt,16384,12.596752746582032,12.27,14.409,14.93585,16.513,16.628886010362695,36.05632530120482,44.657929814496086,19.006,192,778.1770625,778.5985000000001,1190.0528,1254.4893499999996,1367.87717,4.41319824287941,6.7605573942724275,7.753380586651552,1367.902
20261004-070000-ws25-formal-s43-b192-classreserve,20262543,192,classreserve,ce699dffe2845dc83e2171a1c309c6d96b96d2b3,6ae698084037c856c78f020e9f21684e93f8a055a75623f52324db13dd63e1ff,74a6f7154ca10c3cd6dfd45046c4f8abf0ce27faa8ad11446b6a52920b83afba,356bfc6d4dd33a64886bd176eeb22ca818986434cebf6b4ce83415a264fe73fa,27978736,results/20261004-070000-ws25-formal-s43-b192-classreserve/raw/27978736/27978736_out_fct.txt,16384,12.468206604003907,12.185500000000001,13.911700000000002,14.484,16.34834,16.34520725388601,35.309337349397595,44.73361111111112,18.211,192,774.4863333333333,748.2750000000001,1200.0474,1300.3593999999998,1367.73717,4.241320674507581,6.802736573614851,7.754561545197163,1367.943
20261004-070000-ws25-formal-s44-b000-fecmp,20262544,0,fecmp,ce699dffe2845dc83e2171a1c309c6d96b96d2b3,a40d9d25f2dfa5b8437c1779dc410771bec3f48540d189df43fa603ccd7f71fd,74a6f7154ca10c3cd6dfd45046c4f8abf0ce27faa8ad11446b6a52920b83afba,490234ba2f4189c80bb1b5ce91f03cf86603d79d894e92d536b590783aaae3d6,304738662,results/20261004-070000-ws25-formal-s44-b000-fecmp/raw/304738662/304738662_out_fct.txt,16384,12.256144226074218,12.061,13.405,13.92085,14.77234,16.10362694300518,35.249096385542174,44.31019841269841,15.43,0,,,,,,,,,
20261004-070000-ws25-formal-s44-b000-drill,20262544,0,drill,ce699dffe2845dc83e2171a1c309c6d96b96d2b3,a40d9d25f2dfa5b8437c1779dc410771bec3f48540d189df43fa603ccd7f71fd,74a6f7154ca10c3cd6dfd45046c4f8abf0ce27faa8ad11446b6a52920b83afba,8e84c12b7ad9a6670dae6031d3419a2d51016a2e8acb8de53a9cdd9d57e5fd20,27573046,results/20261004-070000-ws25-formal-s44-b000-drill/raw/27573046/27573046_out_fct.txt,16384,12.278324157714843,12.112,13.466,13.946,14.85368,16.11917098445596,35.068674698795185,44.5563888888889,15.413,0,,,,,,,,,
20261004-070000-ws25-formal-s44-b000-conga,20262544,0,conga,ce699dffe2845dc83e2171a1c309c6d96b96d2b3,a40d9d25f2dfa5b8437c1779dc410771bec3f48540d189df43fa603ccd7f71fd,74a6f7154ca10c3cd6dfd45046c4f8abf0ce27faa8ad11446b6a52920b83afba,f7fc3d3641159d76a7ccc24a22dcfa04ccc7b43387d10a4c08246d8c474f8885,603764721,results/20261004-070000-ws25-formal-s44-b000-conga/raw/603764721/603764721_out_fct.txt,16384,12.3490107421875,12.127500000000001,13.71,14.27685,15.001339999999999,16.230569948186528,35.93072289156626,44.08730158730159,15.651,0,,,,,,,,,
20261004-070000-ws25-formal-s44-b000-letflow,20262544,0,letflow,ce699dffe2845dc83e2171a1c309c6d96b96d2b3,a40d9d25f2dfa5b8437c1779dc410771bec3f48540d189df43fa603ccd7f71fd,74a6f7154ca10c3cd6dfd45046c4f8abf0ce27faa8ad11446b6a52920b83afba,a75c3a14358691c4836a0a71ec617e8ee6d0bfef8b6005bd3e32509c6a16bd3d,713502387,results/20261004-070000-ws25-formal-s44-b000-letflow/raw/713502387/713502387_out_fct.txt,16384,12.264982177734375,12.082,13.423,13.86885,14.69017,16.183937823834196,35.274096385542165,44.067460317460316,15.41,0,,,,,,,,,
20261004-070000-ws25-formal-s44-b000-conweave,20262544,0,conweave,ce699dffe2845dc83e2171a1c309c6d96b96d2b3,a40d9d25f2dfa5b8437c1779dc410771bec3f48540d189df43fa603ccd7f71fd,74a6f7154ca10c3cd6dfd45046c4f8abf0ce27faa8ad11446b6a52920b83afba,93e7c9e202de7b2d4ede7b765b379807a9cf537107ec8cad733e39d5c8e1478c,146081614,results/20261004-070000-ws25-formal-s44-b000-conweave/raw/146081614/146081614_out_fct.txt,16384,12.346533447265625,12.124,13.597700000000001,14.171850000000001,15.158,16.310880829015545,35.54759036144579,44.269246031746036,15.678,0,,,,,,,,,
20261004-070000-ws25-formal-s44-b000-classreserve,20262544,0,classreserve,ce699dffe2845dc83e2171a1c309c6d96b96d2b3,a40d9d25f2dfa5b8437c1779dc410771bec3f48540d189df43fa603ccd7f71fd,74a6f7154ca10c3cd6dfd45046c4f8abf0ce27faa8ad11446b6a52920b83afba,1a3aa96233ad86d9502278142cf24f578557047ddc60b8f040b84423dfc6aa68,615255778,results/20261004-070000-ws25-formal-s44-b000-classreserve/raw/615255778/615255778_out_fct.txt,16384,12.275382751464845,12.09,13.467,13.951,14.851,16.077720207253886,35.05120481927711,44.48015873015873,15.41,0,,,,,,,,,
20261004-070000-ws25-formal-s44-b064-fecmp,20262544,64,fecmp,ce699dffe2845dc83e2171a1c309c6d96b96d2b3,3c392c4839891b4134816b613e44d11f42c2ebe0d7aebe77dbafd318d4ea44e6,74a6f7154ca10c3cd6dfd45046c4f8abf0ce27faa8ad11446b6a52920b83afba,6b252dabeb7e6ca451e8a185d5a409b4f702c508a32f32a564bfc603c096d6f0,409729877,results/20261004-070000-ws25-formal-s44-b064-fecmp/raw/409729877/409729877_out_fct.txt,16384,12.31754638671875,12.159,13.537700000000001,13.972,14.69751,16.292746113989637,35.610542168674705,43.918015873015875,15.43,64,414.16975,347.697,679.5046,693.6998000000001,698.34273,1.9732538728379858,3.85312471957018,3.9582980303245003,698.55
20261004-070000-ws25-formal-s44-b064-drill,20262544,64,drill,ce699dffe2845dc83e2171a1c309c6d96b96d2b3,3c392c4839891b4134816b613e44d11f42c2ebe0d7aebe77dbafd318d4ea44e6,74a6f7154ca10c3cd6dfd45046c4f8abf0ce27faa8ad11446b6a52920b83afba,ae0880203182a4c3420a004e911c0919ba1aa00d217f3f5cedb82501dfe0511e,449558107,results/20261004-070000-ws25-formal-s44-b064-drill/raw/449558107/449558107_out_fct.txt,16384,12.315312377929688,12.142,13.473,13.94985,14.84417,16.172279792746114,35.30722891566265,44.45769841269841,15.405,64,617.75721875,574.973,798.4392,833.2096500000001,839.65395,3.260365594445232,4.525657928298144,4.759268527702989,839.802
20261004-070000-ws25-formal-s44-b064-conga,20262544,64,conga,ce699dffe2845dc83e2171a1c309c6d96b96d2b3,3c392c4839891b4134816b613e44d11f42c2ebe0d7aebe77dbafd318d4ea44e6,74a6f7154ca10c3cd6dfd45046c4f8abf0ce27faa8ad11446b6a52920b83afba,233c5af2a61f525bfc27762baa82b00f6cf864f87fdadf7c00a40a05eff54b3d,772643083,results/20261004-070000-ws25-formal-s44-b064-conga/raw/772643083/772643083_out_fct.txt,16384,12.43046795654297,12.21,13.853,14.402,15.691170000000001,16.389896373056995,36.13765060240964,44.69976190476191,17.865,64,413.20184375,347.5725,669.4434000000001,696.68205,697.86953,1.974387021621161,3.798813660195551,3.9556158707666147,699.614
20261004-070000-ws25-formal-s44-b064-letflow,20262544,64,letflow,ce699dffe2845dc83e2171a1c309c6d96b96d2b3,3c392c4839891b4134816b613e44d11f42c2ebe0d7aebe77dbafd318d4ea44e6,74a6f7154ca10c3cd6dfd45046c4f8abf0ce27faa8ad11446b6a52920b83afba,8f955955dcb67e241b249c354c867be884ca865301484e9811331e68b39d9bf4,862790671,results/20261004-070000-ws25-formal-s44-b064-letflow/raw/862790671/862790671_out_fct.txt,16384,12.374941284179688,12.129,13.8534,14.353,15.10017,16.29663212435233,35.58132530120482,44.21750000000001,16.51,64,419.6075625,352.6835,680.1643,694.38375,696.80181,1.9990562561995182,3.8568417174436727,3.9495638940059514,696.81
20261004-070000-ws25-formal-s44-b064-conweave,20262544,64,conweave,ce699dffe2845dc83e2171a1c309c6d96b96d2b3,3c392c4839891b4134816b613e44d11f42c2ebe0d7aebe77dbafd318d4ea44e6,74a6f7154ca10c3cd6dfd45046c4f8abf0ce27faa8ad11446b6a52920b83afba,9400b455d928e6c6385be6ab2ffe4f2ee83e1b6f785595d33b0bc48d94f07c86,773571642,results/20261004-070000-ws25-formal-s44-b064-conweave/raw/773571642/773571642_out_fct.txt,16384,12.414804321289063,12.187,13.9107,14.463,15.259170000000001,16.35686528497409,35.725903614457835,44.12412124689233,16.834,64,410.15771875,350.32950000000005,681.2902,694.35415,696.89057,1.985713475981295,3.86330962165226,3.950066997307638,697.055
20261004-070000-ws25-formal-s44-b064-classreserve,20262544,64,classreserve,ce699dffe2845dc83e2171a1c309c6d96b96d2b3,3c392c4839891b4134816b613e44d11f42c2ebe0d7aebe77dbafd318d4ea44e6,74a6f7154ca10c3cd6dfd45046c4f8abf0ce27faa8ad11446b6a52920b83afba,5fe9598da1f46b45f8684a3af337558f2c3d08576b6f22593d283abb6cb2e6a1,133114618,results/20261004-070000-ws25-formal-s44-b064-classreserve/raw/133114618/133114618_out_fct.txt,16384,12.315051330566407,12.136,13.5667,14.042,14.706,16.26878238341969,35.147590361445786,43.92081373111493,15.426,64,403.921890625,344.17600000000004,680.0021,693.3474000000001,696.7360100000001,1.9508346322800056,3.854414623777809,3.9491909309905058,696.845
20261004-070000-ws25-formal-s44-b128-fecmp,20262544,128,fecmp,ce699dffe2845dc83e2171a1c309c6d96b96d2b3,791cfc75cdbc3a28bfc52bcc5207946841f3cdba791df40b578f8c177fb69f84,74a6f7154ca10c3cd6dfd45046c4f8abf0ce27faa8ad11446b6a52920b83afba,4897cafe4fd0fef6ab43c9b60d597fe6c15af3de6318b9048055d1675a8dce00,371228099,results/20261004-070000-ws25-formal-s44-b128-fecmp/raw/371228099/371228099_out_fct.txt,16384,12.408232238769532,12.194,13.7577,14.326,15.042,16.406735751295336,35.78524096385543,44.02920013386881,16.006,128,601.6648203125,640.6975,847.5236,874.9124500000001,1018.1413600000001,3.6315573189740684,4.803874734306362,5.775545414333084,1115.18
20261004-070000-ws25-formal-s44-b128-drill,20262544,128,drill,ce699dffe2845dc83e2171a1c309c6d96b96d2b3,791cfc75cdbc3a28bfc52bcc5207946841f3cdba791df40b578f8c177fb69f84,74a6f7154ca10c3cd6dfd45046c4f8abf0ce27faa8ad11446b6a52920b83afba,204ddc32e890a82e8bb9df137a57c4dc662c5dc568b4adea0b04a2b022b3d0a1,388743896,results/20261004-070000-ws25-formal-s44-b128-drill/raw/388743896/388743896_out_fct.txt,16384,12.351198303222656,12.178,13.566400000000002,13.9364,14.832170000000001,16.235103626943005,35.381626506024105,44.224920634920636,15.437,128,788.5482265625,803.8795,959.9869,1065.1864500000001,1154.52533,4.558225875017714,5.441331443956355,6.544000736857022,1259.029
20261004-070000-ws25-formal-s44-b128-conga,20262544,128,conga,ce699dffe2845dc83e2171a1c309c6d96b96d2b3,791cfc75cdbc3a28bfc52bcc5207946841f3cdba791df40b578f8c177fb69f84,74a6f7154ca10c3cd6dfd45046c4f8abf0ce27faa8ad11446b6a52920b83afba,453fe6226870dceeda21d31c5d25d17179bcd2d4c9d6b5f017d6e94cdb1c7b26,967374306,results/20261004-070000-ws25-formal-s44-b128-conga/raw/967374306/967374306_out_fct.txt,16384,12.59640576171875,12.266,14.31,15.02285,16.13468,16.627590673575128,36.43493975903615,45.1777108433735,17.797,128,588.66975,631.7415000000001,821.2133,847.76245,926.8106,3.5807935383307354,4.656786519604191,5.256799319312181,993.155
20261004-070000-ws25-formal-s44-b128-letflow,20262544,128,letflow,ce699dffe2845dc83e2171a1c309c6d96b96d2b3,791cfc75cdbc3a28bfc52bcc5207946841f3cdba791df40b578f8c177fb69f84,74a6f7154ca10c3cd6dfd45046c4f8abf0ce27faa8ad11446b6a52920b83afba,d261bf9ae970c16fa0b8e273865467c3c74a74796ce3a9994cb5034d23f8fde5,607682414,results/20261004-070000-ws25-formal-s44-b128-letflow/raw/607682414/607682414_out_fct.txt,16384,12.483284729003906,12.199,14.123700000000001,14.78185,15.71817,16.487046632124354,35.6448795180723,44.12968253968254,17.442,128,601.66809375,633.41,827.1717,854.8599000000002,928.9626099999999,3.5903633970118247,4.696682842714451,5.275103082012981,1069.924
20261004-070000-ws25-formal-s44-b128-conweave,20262544,128,conweave,ce699dffe2845dc83e2171a1c309c6d96b96d2b3,791cfc75cdbc3a28bfc52bcc5207946841f3cdba791df40b578f8c177fb69f84,74a6f7154ca10c3cd6dfd45046c4f8abf0ce27faa8ad11446b6a52920b83afba,93e3648d1eb2c6dc29af46136f203f627b3840cfc3dd3adb50b5cfbdec57d186,549580362,results/20261004-070000-ws25-formal-s44-b128-conweave/raw/549580362/549580362_out_fct.txt,16384,12.507563354492188,12.2805,14.067,14.46085,15.19836,16.582901554404145,35.96807228915663,43.91269841269841,17.139,128,597.431,640.129,803.7156,846.72345,929.21162,3.628334986538189,4.555565254357376,5.2710751636574935,1105.957
20261004-070000-ws25-formal-s44-b128-classreserve,20262544,128,classreserve,ce699dffe2845dc83e2171a1c309c6d96b96d2b3,791cfc75cdbc3a28bfc52bcc5207946841f3cdba791df40b578f8c177fb69f84,74a6f7154ca10c3cd6dfd45046c4f8abf0ce27faa8ad11446b6a52920b83afba,db15a8854bd8b06ab4a0f304f490c6f79efe46b57e801071cad503b568ad03fe,155952695,results/20261004-070000-ws25-formal-s44-b128-classreserve/raw/155952695/155952695_out_fct.txt,16384,12.39507489013672,12.169,13.785,14.376700000000001,15.29387,16.314766839378237,35.30632530120482,44.044404761904765,16.252,128,589.0219453125,644.721,774.8148999999999,846.93445,934.7289000000001,3.6543630437863115,4.392401870483208,5.3016936739181055,1007.054
20261004-070000-ws25-formal-s44-b192-fecmp,20262544,192,fecmp,ce699dffe2845dc83e2171a1c309c6d96b96d2b3,97cc7003ccf1ffed595e029e1e49757f7f34f11d7c3dbcc385b4ada0c7b818df,74a6f7154ca10c3cd6dfd45046c4f8abf0ce27faa8ad11446b6a52920b83afba,0bf41e727b9b079c87e132265969c2f47943792a195a809f346ef4b64973e5c3,945317449,results/20261004-070000-ws25-formal-s44-b192-fecmp/raw/945317449/945317449_out_fct.txt,16384,12.49273223876953,12.273,14.043,14.565850000000001,15.36968,16.480569948186528,35.941867469879526,44.184307228915664,17.452,192,786.097828125,696.8765000000001,1264.17,1555.455149999999,1813.8719900000003,3.953060593953435,7.184579119709107,10.304563985516225,2003.233
20261004-070000-ws25-formal-s44-b192-drill,20262544,192,drill,ce699dffe2845dc83e2171a1c309c6d96b96d2b3,97cc7003ccf1ffed595e029e1e49757f7f34f11d7c3dbcc385b4ada0c7b818df,74a6f7154ca10c3cd6dfd45046c4f8abf0ce27faa8ad11446b6a52920b83afba,345fe063da47ef0634bc35bf7e966cb01617371a008069159857fb581efee527,234950744,results/20261004-070000-ws25-formal-s44-b192-drill/raw/234950744/234950744_out_fct.txt,16384,12.377351684570312,12.244,13.497,13.95585,14.832,16.29598445595855,35.54819277108434,44.0959126984127,15.426,192,959.5356927083333,877.527,1411.5011000000002,1747.9426499999997,1933.61709,4.97810967833357,8.018626887978112,10.989445809346519,2001.715
20261004-070000-ws25-formal-s44-b192-conga,20262544,192,conga,ce699dffe2845dc83e2171a1c309c6d96b96d2b3,97cc7003ccf1ffed595e029e1e49757f7f34f11d7c3dbcc385b4ada0c7b818df,74a6f7154ca10c3cd6dfd45046c4f8abf0ce27faa8ad11446b6a52920b83afba,203431fa483ab1140fbbb7a5e3e41662f0e0e7e2dd86082c12645b31947ca18c,979986608,results/20261004-070000-ws25-formal-s44-b192-conga/raw/979986608/979986608_out_fct.txt,16384,12.6186279296875,12.374,14.264,14.850850000000001,16.01451,16.724093264248705,36.81837349397591,44.9459868043603,18.421,192,773.6312604166667,696.9615,1171.4377,1532.4768499999996,1715.20278,3.950469037834774,6.6398622644183085,9.748057838329194,2055.649
20261004-070000-ws25-formal-s44-b192-letflow,20262544,192,letflow,ce699dffe2845dc83e2171a1c309c6d96b96d2b3,97cc7003ccf1ffed595e029e1e49757f7f34f11d7c3dbcc385b4ada0c7b818df,74a6f7154ca10c3cd6dfd45046c4f8abf0ce27faa8ad11446b6a52920b83afba,8ddb1873602cf13c326e9f208a155a625547c63bbca9634eb73c3d1acdc81c26,254058379,results/20261004-070000-ws25-formal-s44-b192-letflow/raw/254058379/254058379_out_fct.txt,16384,12.55247705078125,12.2515,14.207,14.85985,15.871,16.6139896373057,35.717168674698804,44.4860919869956,19.285,192,771.3621510416667,693.7165,1160.1975,1456.1733,1885.0782400000003,3.932075952954513,6.578078746443568,10.713544728819686,2004.656
20261004-070000-ws25-formal-s44-b192-conweave,20262544,192,conweave,ce699dffe2845dc83e2171a1c309c6d96b96d2b3,97cc7003ccf1ffed595e029e1e49757f7f34f11d7c3dbcc385b4ada0c7b818df,74a6f7154ca10c3cd6dfd45046c4f8abf0ce27faa8ad11446b6a52920b83afba,2aeebcf558ebc0f125225f8d75058b46cf2b876bb21c835d51eb313fb6bd5a9a,786719168,results/20261004-070000-ws25-formal-s44-b192-conweave/raw/786719168/786719168_out_fct.txt,16384,12.62490887451172,12.389,14.216,14.713700000000001,15.880510000000001,16.75,36.6789156626506,44.4277108433735,17.767,192,778.2813020833333,705.8585,1228.7824,1505.0065,1888.6265600000002,4.000898398753011,6.9648995323791985,10.704982627178689,1973.769
20261004-070000-ws25-formal-s44-b192-classreserve,20262544,192,classreserve,ce699dffe2845dc83e2171a1c309c6d96b96d2b3,97cc7003ccf1ffed595e029e1e49757f7f34f11d7c3dbcc385b4ada0c7b818df,74a6f7154ca10c3cd6dfd45046c4f8abf0ce27faa8ad11446b6a52920b83afba,a2aa1fc2dcee66d7be9006176f79ffaa46bdad76bcbdace635b93ffeab1ec4a9,152802211,results/20261004-070000-ws25-formal-s44-b192-classreserve/raw/152802211/152802211_out_fct.txt,16384,12.45294873046875,12.201,14.013,14.632,15.43785,16.409326424870468,35.3855421686747,43.95305555555555,16.63,192,778.1839895833333,701.2525,1157.3556999999998,1521.8127499999998,1824.0709700000002,3.974790987671815,6.56004364460819,10.368750856740908,1846.923
