seed,background_flows,class,figure,mode,id,trace_sha256,fct_sha256,cdf_sample_count
20262521,0,moe,docs/research/figures/ws25-v1fix-formal-cdf/seed20262521-b000-moe-fct-cdf.svg,fecmp,20261004-070000-ws25-formal-s21-b000-fecmp,c334616137cc78c9ee40d38067d780cdcee1674ea900c623d3a1ce7c36093939,610ca1c35d22d97ff3a95713f494f0c1c0250fe2bddb3f38ce8b22e7ca541782,16384
20262521,0,moe,docs/research/figures/ws25-v1fix-formal-cdf/seed20262521-b000-moe-fct-cdf.svg,drill,20261004-070000-ws25-formal-s21-b000-drill,c334616137cc78c9ee40d38067d780cdcee1674ea900c623d3a1ce7c36093939,510bfaa84f1ac55a95c5b5e71e6cad1636fdf2dcc2638da71c18c382b83ffc48,16384
20262521,0,moe,docs/research/figures/ws25-v1fix-formal-cdf/seed20262521-b000-moe-fct-cdf.svg,conga,20261004-070000-ws25-formal-s21-b000-conga,c334616137cc78c9ee40d38067d780cdcee1674ea900c623d3a1ce7c36093939,889875e5688e789bb0760a12dcdb18e2939dd640cf5f6cfe81d715296774eefb,16384
20262521,0,moe,docs/research/figures/ws25-v1fix-formal-cdf/seed20262521-b000-moe-fct-cdf.svg,letflow,20261004-070000-ws25-formal-s21-b000-letflow,c334616137cc78c9ee40d38067d780cdcee1674ea900c623d3a1ce7c36093939,9216f15870293bb4e2fee9427cfdbf2152a1a365dd9c5d9158f76131258ec07b,16384
20262521,0,moe,docs/research/figures/ws25-v1fix-formal-cdf/seed20262521-b000-moe-fct-cdf.svg,conweave,20261004-070000-ws25-formal-s21-b000-conweave,c334616137cc78c9ee40d38067d780cdcee1674ea900c623d3a1ce7c36093939,1d2143ae88c3eb379e251102b373a5fcbaa0dc8c9155405c8bd9a73558ccd382,16384
20262521,0,moe,docs/research/figures/ws25-v1fix-formal-cdf/seed20262521-b000-moe-fct-cdf.svg,classreserve,20261004-070000-ws25-formal-s21-b000-classreserve,c334616137cc78c9ee40d38067d780cdcee1674ea900c623d3a1ce7c36093939,e37b615059421f1fdf61ca00f9b7a2674bba049cfd58cab93896e46a496edc6a,16384
20262521,64,moe,docs/research/figures/ws25-v1fix-formal-cdf/seed20262521-b064-moe-fct-cdf.svg,fecmp,20261004-070000-ws25-formal-s21-b064-fecmp,d01f2a003edf44cfdfcb4a356de8995f2abf84a54c9f6bfa70aba63f31357970,e120a35f2b421b72a27c6de3b24d3d712c14515733c66e45b8375d4302344ea8,16384
20262521,64,moe,docs/research/figures/ws25-v1fix-formal-cdf/seed20262521-b064-moe-fct-cdf.svg,drill,20261004-070000-ws25-formal-s21-b064-drill,d01f2a003edf44cfdfcb4a356de8995f2abf84a54c9f6bfa70aba63f31357970,cffe3184bbd6c0935ca678ccf95c15f4836c6032d125f6b78c03491a8267dda8,16384
20262521,64,moe,docs/research/figures/ws25-v1fix-formal-cdf/seed20262521-b064-moe-fct-cdf.svg,conga,20261004-070000-ws25-formal-s21-b064-conga,d01f2a003edf44cfdfcb4a356de8995f2abf84a54c9f6bfa70aba63f31357970,cd0f5c89dc8cbd0c4586f97561af52b96124ff851d1a91b94fda4525e28cbc49,16384
20262521,64,moe,docs/research/figures/ws25-v1fix-formal-cdf/seed20262521-b064-moe-fct-cdf.svg,letflow,20261004-070000-ws25-formal-s21-b064-letflow,d01f2a003edf44cfdfcb4a356de8995f2abf84a54c9f6bfa70aba63f31357970,29e4e4284e520b14f326796c8eb43748bb78ca11687332b9bba447c9d99c69bd,16384
20262521,64,moe,docs/research/figures/ws25-v1fix-formal-cdf/seed20262521-b064-moe-fct-cdf.svg,conweave,20261004-070000-ws25-formal-s21-b064-conweave,d01f2a003edf44cfdfcb4a356de8995f2abf84a54c9f6bfa70aba63f31357970,8a57899679aa542cd31aba330683c6cf10ce86824d0871b070fcc1a19fbec2c6,16384
20262521,64,moe,docs/research/figures/ws25-v1fix-formal-cdf/seed20262521-b064-moe-fct-cdf.svg,classreserve,20261004-070000-ws25-formal-s21-b064-classreserve,d01f2a003edf44cfdfcb4a356de8995f2abf84a54c9f6bfa70aba63f31357970,f12157871725da06c9c800928cec09037938f34db835c73990e075a99e56640e,16384
20262521,64,background,docs/research/figures/ws25-v1fix-formal-cdf/seed20262521-b064-background-fct-cdf.svg,fecmp,20261004-070000-ws25-formal-s21-b064-fecmp,d01f2a003edf44cfdfcb4a356de8995f2abf84a54c9f6bfa70aba63f31357970,e120a35f2b421b72a27c6de3b24d3d712c14515733c66e45b8375d4302344ea8,64
20262521,64,background,docs/research/figures/ws25-v1fix-formal-cdf/seed20262521-b064-background-fct-cdf.svg,drill,20261004-070000-ws25-formal-s21-b064-drill,d01f2a003edf44cfdfcb4a356de8995f2abf84a54c9f6bfa70aba63f31357970,cffe3184bbd6c0935ca678ccf95c15f4836c6032d125f6b78c03491a8267dda8,64
20262521,64,background,docs/research/figures/ws25-v1fix-formal-cdf/seed20262521-b064-background-fct-cdf.svg,conga,20261004-070000-ws25-formal-s21-b064-conga,d01f2a003edf44cfdfcb4a356de8995f2abf84a54c9f6bfa70aba63f31357970,cd0f5c89dc8cbd0c4586f97561af52b96124ff851d1a91b94fda4525e28cbc49,64
20262521,64,background,docs/research/figures/ws25-v1fix-formal-cdf/seed20262521-b064-background-fct-cdf.svg,letflow,20261004-070000-ws25-formal-s21-b064-letflow,d01f2a003edf44cfdfcb4a356de8995f2abf84a54c9f6bfa70aba63f31357970,29e4e4284e520b14f326796c8eb43748bb78ca11687332b9bba447c9d99c69bd,64
20262521,64,background,docs/research/figures/ws25-v1fix-formal-cdf/seed20262521-b064-background-fct-cdf.svg,conweave,20261004-070000-ws25-formal-s21-b064-conweave,d01f2a003edf44cfdfcb4a356de8995f2abf84a54c9f6bfa70aba63f31357970,8a57899679aa542cd31aba330683c6cf10ce86824d0871b070fcc1a19fbec2c6,64
20262521,64,background,docs/research/figures/ws25-v1fix-formal-cdf/seed20262521-b064-background-fct-cdf.svg,classreserve,20261004-070000-ws25-formal-s21-b064-classreserve,d01f2a003edf44cfdfcb4a356de8995f2abf84a54c9f6bfa70aba63f31357970,f12157871725da06c9c800928cec09037938f34db835c73990e075a99e56640e,64
20262521,128,moe,docs/research/figures/ws25-v1fix-formal-cdf/seed20262521-b128-moe-fct-cdf.svg,fecmp,20261004-070000-ws25-formal-s21-b128-fecmp,258c2f9135f753a7e32e11ebe7d6e569b4c72d9763035811c0cf24f2ab181233,9936a0869038d2e2eab86a41da711c6808105fbedb0c5315009ddd08af266866,16384
20262521,128,moe,docs/research/figures/ws25-v1fix-formal-cdf/seed20262521-b128-moe-fct-cdf.svg,drill,20261004-070000-ws25-formal-s21-b128-drill,258c2f9135f753a7e32e11ebe7d6e569b4c72d9763035811c0cf24f2ab181233,47dc3ef0874de6c2cec787a64bcd5d6382ffaf6d2262407cc2af233239396bca,16384
20262521,128,moe,docs/research/figures/ws25-v1fix-formal-cdf/seed20262521-b128-moe-fct-cdf.svg,conga,20261004-070000-ws25-formal-s21-b128-conga,258c2f9135f753a7e32e11ebe7d6e569b4c72d9763035811c0cf24f2ab181233,2a744b2edebe6707cd2355850b654f228140306822f1fb4d9029e9a35b352885,16384
20262521,128,moe,docs/research/figures/ws25-v1fix-formal-cdf/seed20262521-b128-moe-fct-cdf.svg,letflow,20261004-070000-ws25-formal-s21-b128-letflow,258c2f9135f753a7e32e11ebe7d6e569b4c72d9763035811c0cf24f2ab181233,c7b1298e37ef67a3404176558bde269fb4b54ef9af4c1fd687095164a20c4b3c,16384
20262521,128,moe,docs/research/figures/ws25-v1fix-formal-cdf/seed20262521-b128-moe-fct-cdf.svg,conweave,20261004-070000-ws25-formal-s21-b128-conweave,258c2f9135f753a7e32e11ebe7d6e569b4c72d9763035811c0cf24f2ab181233,3ed11cf5e5553e6018d51978c3d2e4caf70520b57e796570daea6e28d69eabcb,16384
20262521,128,moe,docs/research/figures/ws25-v1fix-formal-cdf/seed20262521-b128-moe-fct-cdf.svg,classreserve,20261004-070000-ws25-formal-s21-b128-classreserve,258c2f9135f753a7e32e11ebe7d6e569b4c72d9763035811c0cf24f2ab181233,802ae1e79d47a1b63a30dd0db9f58384fc749591e09f0f7f58526dba950c7aa4,16384
20262521,128,background,docs/research/figures/ws25-v1fix-formal-cdf/seed20262521-b128-background-fct-cdf.svg,fecmp,20261004-070000-ws25-formal-s21-b128-fecmp,258c2f9135f753a7e32e11ebe7d6e569b4c72d9763035811c0cf24f2ab181233,9936a0869038d2e2eab86a41da711c6808105fbedb0c5315009ddd08af266866,128
20262521,128,background,docs/research/figures/ws25-v1fix-formal-cdf/seed20262521-b128-background-fct-cdf.svg,drill,20261004-070000-ws25-formal-s21-b128-drill,258c2f9135f753a7e32e11ebe7d6e569b4c72d9763035811c0cf24f2ab181233,47dc3ef0874de6c2cec787a64bcd5d6382ffaf6d2262407cc2af233239396bca,128
20262521,128,background,docs/research/figures/ws25-v1fix-formal-cdf/seed20262521-b128-background-fct-cdf.svg,conga,20261004-070000-ws25-formal-s21-b128-conga,258c2f9135f753a7e32e11ebe7d6e569b4c72d9763035811c0cf24f2ab181233,2a744b2edebe6707cd2355850b654f228140306822f1fb4d9029e9a35b352885,128
20262521,128,background,docs/research/figures/ws25-v1fix-formal-cdf/seed20262521-b128-background-fct-cdf.svg,letflow,20261004-070000-ws25-formal-s21-b128-letflow,258c2f9135f753a7e32e11ebe7d6e569b4c72d9763035811c0cf24f2ab181233,c7b1298e37ef67a3404176558bde269fb4b54ef9af4c1fd687095164a20c4b3c,128
20262521,128,background,docs/research/figures/ws25-v1fix-formal-cdf/seed20262521-b128-background-fct-cdf.svg,conweave,20261004-070000-ws25-formal-s21-b128-conweave,258c2f9135f753a7e32e11ebe7d6e569b4c72d9763035811c0cf24f2ab181233,3ed11cf5e5553e6018d51978c3d2e4caf70520b57e796570daea6e28d69eabcb,128
20262521,128,background,docs/research/figures/ws25-v1fix-formal-cdf/seed20262521-b128-background-fct-cdf.svg,classreserve,20261004-070000-ws25-formal-s21-b128-classreserve,258c2f9135f753a7e32e11ebe7d6e569b4c72d9763035811c0cf24f2ab181233,802ae1e79d47a1b63a30dd0db9f58384fc749591e09f0f7f58526dba950c7aa4,128
20262521,192,moe,docs/research/figures/ws25-v1fix-formal-cdf/seed20262521-b192-moe-fct-cdf.svg,fecmp,20261004-070000-ws25-formal-s21-b192-fecmp,f2a3e21ae7393825f22ce9ef9f358c41422f5236e113b86ef6ea9333f0dd2553,a67b0077bf0939c444ac039882e21ad4577ea7ce391c67090531a3d8d91403c8,16384
20262521,192,moe,docs/research/figures/ws25-v1fix-formal-cdf/seed20262521-b192-moe-fct-cdf.svg,drill,20261004-070000-ws25-formal-s21-b192-drill,f2a3e21ae7393825f22ce9ef9f358c41422f5236e113b86ef6ea9333f0dd2553,5671545b99a99d0493617649ccb42aaae94a1e07e10bef6313840af892c51cb4,16384
20262521,192,moe,docs/research/figures/ws25-v1fix-formal-cdf/seed20262521-b192-moe-fct-cdf.svg,conga,20261004-070000-ws25-formal-s21-b192-conga,f2a3e21ae7393825f22ce9ef9f358c41422f5236e113b86ef6ea9333f0dd2553,0ef42d54c0dcc81b4c039d47cb645174a92585cfb1644b520574d305a8857364,16384
20262521,192,moe,docs/research/figures/ws25-v1fix-formal-cdf/seed20262521-b192-moe-fct-cdf.svg,letflow,20261004-070000-ws25-formal-s21-b192-letflow,f2a3e21ae7393825f22ce9ef9f358c41422f5236e113b86ef6ea9333f0dd2553,1be85a3c182fc09474634592198e15c7a77ab50c28ff3c8377fc2d2575ffb54b,16384
20262521,192,moe,docs/research/figures/ws25-v1fix-formal-cdf/seed20262521-b192-moe-fct-cdf.svg,conweave,20261004-070000-ws25-formal-s21-b192-conweave,f2a3e21ae7393825f22ce9ef9f358c41422f5236e113b86ef6ea9333f0dd2553,34b7645f68756bf6846c2328a5107b3e6e68277ec6c871c04fab5a7f00520039,16384
20262521,192,moe,docs/research/figures/ws25-v1fix-formal-cdf/seed20262521-b192-moe-fct-cdf.svg,classreserve,20261004-070000-ws25-formal-s21-b192-classreserve,f2a3e21ae7393825f22ce9ef9f358c41422f5236e113b86ef6ea9333f0dd2553,b2d559e59ae490ebc56fac3e167f775ede0a9dce82b4b4099de144cf22f76816,16384
20262521,192,background,docs/research/figures/ws25-v1fix-formal-cdf/seed20262521-b192-background-fct-cdf.svg,fecmp,20261004-070000-ws25-formal-s21-b192-fecmp,f2a3e21ae7393825f22ce9ef9f358c41422f5236e113b86ef6ea9333f0dd2553,a67b0077bf0939c444ac039882e21ad4577ea7ce391c67090531a3d8d91403c8,192
20262521,192,background,docs/research/figures/ws25-v1fix-formal-cdf/seed20262521-b192-background-fct-cdf.svg,drill,20261004-070000-ws25-formal-s21-b192-drill,f2a3e21ae7393825f22ce9ef9f358c41422f5236e113b86ef6ea9333f0dd2553,5671545b99a99d0493617649ccb42aaae94a1e07e10bef6313840af892c51cb4,192
20262521,192,background,docs/research/figures/ws25-v1fix-formal-cdf/seed20262521-b192-background-fct-cdf.svg,conga,20261004-070000-ws25-formal-s21-b192-conga,f2a3e21ae7393825f22ce9ef9f358c41422f5236e113b86ef6ea9333f0dd2553,0ef42d54c0dcc81b4c039d47cb645174a92585cfb1644b520574d305a8857364,192
20262521,192,background,docs/research/figures/ws25-v1fix-formal-cdf/seed20262521-b192-background-fct-cdf.svg,letflow,20261004-070000-ws25-formal-s21-b192-letflow,f2a3e21ae7393825f22ce9ef9f358c41422f5236e113b86ef6ea9333f0dd2553,1be85a3c182fc09474634592198e15c7a77ab50c28ff3c8377fc2d2575ffb54b,192
20262521,192,background,docs/research/figures/ws25-v1fix-formal-cdf/seed20262521-b192-background-fct-cdf.svg,conweave,20261004-070000-ws25-formal-s21-b192-conweave,f2a3e21ae7393825f22ce9ef9f358c41422f5236e113b86ef6ea9333f0dd2553,34b7645f68756bf6846c2328a5107b3e6e68277ec6c871c04fab5a7f00520039,192
20262521,192,background,docs/research/figures/ws25-v1fix-formal-cdf/seed20262521-b192-background-fct-cdf.svg,classreserve,20261004-070000-ws25-formal-s21-b192-classreserve,f2a3e21ae7393825f22ce9ef9f358c41422f5236e113b86ef6ea9333f0dd2553,b2d559e59ae490ebc56fac3e167f775ede0a9dce82b4b4099de144cf22f76816,192
20262522,0,moe,docs/research/figures/ws25-v1fix-formal-cdf/seed20262522-b000-moe-fct-cdf.svg,fecmp,20261004-070000-ws25-formal-s22-b000-fecmp,a0a81205b440f1e36f5debd6d1150ea050a81b08eaaec23f42cf74d5e0b310cc,9e2737412f4cb566462fe13d65e9137b9fd0f3f58b551574e7a2d4384dbd519d,16384
20262522,0,moe,docs/research/figures/ws25-v1fix-formal-cdf/seed20262522-b000-moe-fct-cdf.svg,drill,20261004-070000-ws25-formal-s22-b000-drill,a0a81205b440f1e36f5debd6d1150ea050a81b08eaaec23f42cf74d5e0b310cc,c99c0df7c2e9cad9205c58c1a7528b691048fa19162205b38fd99850d3fd58dc,16384
20262522,0,moe,docs/research/figures/ws25-v1fix-formal-cdf/seed20262522-b000-moe-fct-cdf.svg,conga,20261004-070000-ws25-formal-s22-b000-conga,a0a81205b440f1e36f5debd6d1150ea050a81b08eaaec23f42cf74d5e0b310cc,8551a8a6d27287d98f2e5ce6f353aa63b2a5778b587e85f73525b1bd3c25c64c,16384
20262522,0,moe,docs/research/figures/ws25-v1fix-formal-cdf/seed20262522-b000-moe-fct-cdf.svg,letflow,20261004-070000-ws25-formal-s22-b000-letflow,a0a81205b440f1e36f5debd6d1150ea050a81b08eaaec23f42cf74d5e0b310cc,8063e82aa77736b0cd2679e742f3aed354d663376af4e069323be58a755e1fa6,16384
20262522,0,moe,docs/research/figures/ws25-v1fix-formal-cdf/seed20262522-b000-moe-fct-cdf.svg,conweave,20261004-070000-ws25-formal-s22-b000-conweave,a0a81205b440f1e36f5debd6d1150ea050a81b08eaaec23f42cf74d5e0b310cc,5a47adb1d7642fe002b29f4f9b5365a1688400bbc6d0f71215b0c8f38d2c406d,16384
20262522,0,moe,docs/research/figures/ws25-v1fix-formal-cdf/seed20262522-b000-moe-fct-cdf.svg,classreserve,20261004-070000-ws25-formal-s22-b000-classreserve,a0a81205b440f1e36f5debd6d1150ea050a81b08eaaec23f42cf74d5e0b310cc,7b738026c795d1320f29786363c03284ed785880884c7cc8fe97c294fd7d9565,16384
20262522,64,moe,docs/research/figures/ws25-v1fix-formal-cdf/seed20262522-b064-moe-fct-cdf.svg,fecmp,20261004-070000-ws25-formal-s22-b064-fecmp,57339c55553bbebfb542b4fe60504956027ceb3df3b63f8b207f94c19410cc5c,f284673913e106ef4a79ba781f7a266732ff2dfef01f2f8e99b5f040a71e0be7,16384
20262522,64,moe,docs/research/figures/ws25-v1fix-formal-cdf/seed20262522-b064-moe-fct-cdf.svg,drill,20261004-070000-ws25-formal-s22-b064-drill,57339c55553bbebfb542b4fe60504956027ceb3df3b63f8b207f94c19410cc5c,d1fb73de09680039d8024d04da5547a1f3b74f0976f8dac46691e08b9f795bbd,16384
20262522,64,moe,docs/research/figures/ws25-v1fix-formal-cdf/seed20262522-b064-moe-fct-cdf.svg,conga,20261004-070000-ws25-formal-s22-b064-conga,57339c55553bbebfb542b4fe60504956027ceb3df3b63f8b207f94c19410cc5c,cbd7c7a1450083b401fb98ecb52ade80c647cf72ee462b2bd86934818b467cec,16384
20262522,64,moe,docs/research/figures/ws25-v1fix-formal-cdf/seed20262522-b064-moe-fct-cdf.svg,letflow,20261004-070000-ws25-formal-s22-b064-letflow,57339c55553bbebfb542b4fe60504956027ceb3df3b63f8b207f94c19410cc5c,5170e75adb971aab8f7159cd2c153f5a5aa851f54c55c0faac35eb39541780a6,16384
20262522,64,moe,docs/research/figures/ws25-v1fix-formal-cdf/seed20262522-b064-moe-fct-cdf.svg,conweave,20261004-070000-ws25-formal-s22-b064-conweave,57339c55553bbebfb542b4fe60504956027ceb3df3b63f8b207f94c19410cc5c,d673cb65c1b99b9cffb3df6e57d4316a02192a374f883a2f379d9ffa5e8f004f,16384
20262522,64,moe,docs/research/figures/ws25-v1fix-formal-cdf/seed20262522-b064-moe-fct-cdf.svg,classreserve,20261004-070000-ws25-formal-s22-b064-classreserve,57339c55553bbebfb542b4fe60504956027ceb3df3b63f8b207f94c19410cc5c,1a05ae23cfbed24cf8913b5d8b855176c2b65c0fe199c1fb91014ab5de00eb8d,16384
20262522,64,background,docs/research/figures/ws25-v1fix-formal-cdf/seed20262522-b064-background-fct-cdf.svg,fecmp,20261004-070000-ws25-formal-s22-b064-fecmp,57339c55553bbebfb542b4fe60504956027ceb3df3b63f8b207f94c19410cc5c,f284673913e106ef4a79ba781f7a266732ff2dfef01f2f8e99b5f040a71e0be7,64
20262522,64,background,docs/research/figures/ws25-v1fix-formal-cdf/seed20262522-b064-background-fct-cdf.svg,drill,20261004-070000-ws25-formal-s22-b064-drill,57339c55553bbebfb542b4fe60504956027ceb3df3b63f8b207f94c19410cc5c,d1fb73de09680039d8024d04da5547a1f3b74f0976f8dac46691e08b9f795bbd,64
20262522,64,background,docs/research/figures/ws25-v1fix-formal-cdf/seed20262522-b064-background-fct-cdf.svg,conga,20261004-070000-ws25-formal-s22-b064-conga,57339c55553bbebfb542b4fe60504956027ceb3df3b63f8b207f94c19410cc5c,cbd7c7a1450083b401fb98ecb52ade80c647cf72ee462b2bd86934818b467cec,64
20262522,64,background,docs/research/figures/ws25-v1fix-formal-cdf/seed20262522-b064-background-fct-cdf.svg,letflow,20261004-070000-ws25-formal-s22-b064-letflow,57339c55553bbebfb542b4fe60504956027ceb3df3b63f8b207f94c19410cc5c,5170e75adb971aab8f7159cd2c153f5a5aa851f54c55c0faac35eb39541780a6,64
20262522,64,background,docs/research/figures/ws25-v1fix-formal-cdf/seed20262522-b064-background-fct-cdf.svg,conweave,20261004-070000-ws25-formal-s22-b064-conweave,57339c55553bbebfb542b4fe60504956027ceb3df3b63f8b207f94c19410cc5c,d673cb65c1b99b9cffb3df6e57d4316a02192a374f883a2f379d9ffa5e8f004f,64
20262522,64,background,docs/research/figures/ws25-v1fix-formal-cdf/seed20262522-b064-background-fct-cdf.svg,classreserve,20261004-070000-ws25-formal-s22-b064-classreserve,57339c55553bbebfb542b4fe60504956027ceb3df3b63f8b207f94c19410cc5c,1a05ae23cfbed24cf8913b5d8b855176c2b65c0fe199c1fb91014ab5de00eb8d,64
20262522,128,moe,docs/research/figures/ws25-v1fix-formal-cdf/seed20262522-b128-moe-fct-cdf.svg,fecmp,20261004-070000-ws25-formal-s22-b128-fecmp,a12bcc8f4a731ff1231eef39f26d2ca55709a27175b11b2889cd4f8909fe74c1,82e8875cbcf082bc9d073b40d846d50ca3c029148cabddcdf84bb24d88d54dba,16384
20262522,128,moe,docs/research/figures/ws25-v1fix-formal-cdf/seed20262522-b128-moe-fct-cdf.svg,drill,20261004-070000-ws25-formal-s22-b128-drill,a12bcc8f4a731ff1231eef39f26d2ca55709a27175b11b2889cd4f8909fe74c1,8c16f45df1100625f81424dfb5136842798629f519d0f35daffcf747b9359bc8,16384
20262522,128,moe,docs/research/figures/ws25-v1fix-formal-cdf/seed20262522-b128-moe-fct-cdf.svg,conga,20261004-070000-ws25-formal-s22-b128-conga,a12bcc8f4a731ff1231eef39f26d2ca55709a27175b11b2889cd4f8909fe74c1,ac985208ad6a621f3afac3d2b4e0f7165a493a5e303666b5914455c11ebedf1f,16384
20262522,128,moe,docs/research/figures/ws25-v1fix-formal-cdf/seed20262522-b128-moe-fct-cdf.svg,letflow,20261004-070000-ws25-formal-s22-b128-letflow,a12bcc8f4a731ff1231eef39f26d2ca55709a27175b11b2889cd4f8909fe74c1,ab0f671af4670a776bd07bd1cbd11dc42d04d8bc2f6f89462c4779ede23ac184,16384
20262522,128,moe,docs/research/figures/ws25-v1fix-formal-cdf/seed20262522-b128-moe-fct-cdf.svg,conweave,20261004-070000-ws25-formal-s22-b128-conweave,a12bcc8f4a731ff1231eef39f26d2ca55709a27175b11b2889cd4f8909fe74c1,f359fc0da7576ee6cb88885bf7db4821036a35f66b7289fcc523cb55ab51abf2,16384
20262522,128,moe,docs/research/figures/ws25-v1fix-formal-cdf/seed20262522-b128-moe-fct-cdf.svg,classreserve,20261004-070000-ws25-formal-s22-b128-classreserve,a12bcc8f4a731ff1231eef39f26d2ca55709a27175b11b2889cd4f8909fe74c1,d4d7d4e4f805ee8ad275961e5f0aa69ed4a93db714fd2a18d00cfd00fd8c5e5f,16384
20262522,128,background,docs/research/figures/ws25-v1fix-formal-cdf/seed20262522-b128-background-fct-cdf.svg,fecmp,20261004-070000-ws25-formal-s22-b128-fecmp,a12bcc8f4a731ff1231eef39f26d2ca55709a27175b11b2889cd4f8909fe74c1,82e8875cbcf082bc9d073b40d846d50ca3c029148cabddcdf84bb24d88d54dba,128
20262522,128,background,docs/research/figures/ws25-v1fix-formal-cdf/seed20262522-b128-background-fct-cdf.svg,drill,20261004-070000-ws25-formal-s22-b128-drill,a12bcc8f4a731ff1231eef39f26d2ca55709a27175b11b2889cd4f8909fe74c1,8c16f45df1100625f81424dfb5136842798629f519d0f35daffcf747b9359bc8,128
20262522,128,background,docs/research/figures/ws25-v1fix-formal-cdf/seed20262522-b128-background-fct-cdf.svg,conga,20261004-070000-ws25-formal-s22-b128-conga,a12bcc8f4a731ff1231eef39f26d2ca55709a27175b11b2889cd4f8909fe74c1,ac985208ad6a621f3afac3d2b4e0f7165a493a5e303666b5914455c11ebedf1f,128
20262522,128,background,docs/research/figures/ws25-v1fix-formal-cdf/seed20262522-b128-background-fct-cdf.svg,letflow,20261004-070000-ws25-formal-s22-b128-letflow,a12bcc8f4a731ff1231eef39f26d2ca55709a27175b11b2889cd4f8909fe74c1,ab0f671af4670a776bd07bd1cbd11dc42d04d8bc2f6f89462c4779ede23ac184,128
20262522,128,background,docs/research/figures/ws25-v1fix-formal-cdf/seed20262522-b128-background-fct-cdf.svg,conweave,20261004-070000-ws25-formal-s22-b128-conweave,a12bcc8f4a731ff1231eef39f26d2ca55709a27175b11b2889cd4f8909fe74c1,f359fc0da7576ee6cb88885bf7db4821036a35f66b7289fcc523cb55ab51abf2,128
20262522,128,background,docs/research/figures/ws25-v1fix-formal-cdf/seed20262522-b128-background-fct-cdf.svg,classreserve,20261004-070000-ws25-formal-s22-b128-classreserve,a12bcc8f4a731ff1231eef39f26d2ca55709a27175b11b2889cd4f8909fe74c1,d4d7d4e4f805ee8ad275961e5f0aa69ed4a93db714fd2a18d00cfd00fd8c5e5f,128
20262522,192,moe,docs/research/figures/ws25-v1fix-formal-cdf/seed20262522-b192-moe-fct-cdf.svg,fecmp,20261004-070000-ws25-formal-s22-b192-fecmp,b75d1938804a101ad2bffe08e54ac98734ed9f98bc7b6a549d88004655bd6769,4caf752445434f06ab52d298d2407d2799a087f5a9bdbcc39b18381ca8a20492,16384
20262522,192,moe,docs/research/figures/ws25-v1fix-formal-cdf/seed20262522-b192-moe-fct-cdf.svg,drill,20261004-070000-ws25-formal-s22-b192-drill,b75d1938804a101ad2bffe08e54ac98734ed9f98bc7b6a549d88004655bd6769,425a232447f180000963cd8c1fb78a2cc026e62bcfd8133df97679db17cf4d26,16384
20262522,192,moe,docs/research/figures/ws25-v1fix-formal-cdf/seed20262522-b192-moe-fct-cdf.svg,conga,20261004-070000-ws25-formal-s22-b192-conga,b75d1938804a101ad2bffe08e54ac98734ed9f98bc7b6a549d88004655bd6769,574dbdab67668f1c48d91a284169d02697f6fc346c104a15da446a6dd5e94407,16384
20262522,192,moe,docs/research/figures/ws25-v1fix-formal-cdf/seed20262522-b192-moe-fct-cdf.svg,letflow,20261004-070000-ws25-formal-s22-b192-letflow,b75d1938804a101ad2bffe08e54ac98734ed9f98bc7b6a549d88004655bd6769,b7477632b65a837a579eed95ad64412b65687b50c61727ac657a04996be169e0,16384
20262522,192,moe,docs/research/figures/ws25-v1fix-formal-cdf/seed20262522-b192-moe-fct-cdf.svg,conweave,20261004-070000-ws25-formal-s22-b192-conweave,b75d1938804a101ad2bffe08e54ac98734ed9f98bc7b6a549d88004655bd6769,a39d79c5b829318abaa766457d02955a5f0d39c429015db5948ac293b3a4b9f8,16384
20262522,192,moe,docs/research/figures/ws25-v1fix-formal-cdf/seed20262522-b192-moe-fct-cdf.svg,classreserve,20261004-070000-ws25-formal-s22-b192-classreserve,b75d1938804a101ad2bffe08e54ac98734ed9f98bc7b6a549d88004655bd6769,44881fca7881ebdc8607ca653f6f4d3f52550f9eb28ad1ed31890b4fb6be54cb,16384
20262522,192,background,docs/research/figures/ws25-v1fix-formal-cdf/seed20262522-b192-background-fct-cdf.svg,fecmp,20261004-070000-ws25-formal-s22-b192-fecmp,b75d1938804a101ad2bffe08e54ac98734ed9f98bc7b6a549d88004655bd6769,4caf752445434f06ab52d298d2407d2799a087f5a9bdbcc39b18381ca8a20492,192
20262522,192,background,docs/research/figures/ws25-v1fix-formal-cdf/seed20262522-b192-background-fct-cdf.svg,drill,20261004-070000-ws25-formal-s22-b192-drill,b75d1938804a101ad2bffe08e54ac98734ed9f98bc7b6a549d88004655bd6769,425a232447f180000963cd8c1fb78a2cc026e62bcfd8133df97679db17cf4d26,192
20262522,192,background,docs/research/figures/ws25-v1fix-formal-cdf/seed20262522-b192-background-fct-cdf.svg,conga,20261004-070000-ws25-formal-s22-b192-conga,b75d1938804a101ad2bffe08e54ac98734ed9f98bc7b6a549d88004655bd6769,574dbdab67668f1c48d91a284169d02697f6fc346c104a15da446a6dd5e94407,192
20262522,192,background,docs/research/figures/ws25-v1fix-formal-cdf/seed20262522-b192-background-fct-cdf.svg,letflow,20261004-070000-ws25-formal-s22-b192-letflow,b75d1938804a101ad2bffe08e54ac98734ed9f98bc7b6a549d88004655bd6769,b7477632b65a837a579eed95ad64412b65687b50c61727ac657a04996be169e0,192
20262522,192,background,docs/research/figures/ws25-v1fix-formal-cdf/seed20262522-b192-background-fct-cdf.svg,conweave,20261004-070000-ws25-formal-s22-b192-conweave,b75d1938804a101ad2bffe08e54ac98734ed9f98bc7b6a549d88004655bd6769,a39d79c5b829318abaa766457d02955a5f0d39c429015db5948ac293b3a4b9f8,192
20262522,192,background,docs/research/figures/ws25-v1fix-formal-cdf/seed20262522-b192-background-fct-cdf.svg,classreserve,20261004-070000-ws25-formal-s22-b192-classreserve,b75d1938804a101ad2bffe08e54ac98734ed9f98bc7b6a549d88004655bd6769,44881fca7881ebdc8607ca653f6f4d3f52550f9eb28ad1ed31890b4fb6be54cb,192
20262523,0,moe,docs/research/figures/ws25-v1fix-formal-cdf/seed20262523-b000-moe-fct-cdf.svg,fecmp,20261004-070000-ws25-formal-s23-b000-fecmp,9e6a8fd74e95364ab4d49fa1fe4f6ddbbe55cd02a5551015e2c9df6118eb19c7,6b5a42be9af7272bfd9bf9f93581bfcd1eb2ea0d21a0cb97edf30c58ce638d88,16384
20262523,0,moe,docs/research/figures/ws25-v1fix-formal-cdf/seed20262523-b000-moe-fct-cdf.svg,drill,20261004-070000-ws25-formal-s23-b000-drill,9e6a8fd74e95364ab4d49fa1fe4f6ddbbe55cd02a5551015e2c9df6118eb19c7,8814dd476a0892727db6880df28a40a56d9c00308df234289e4bbb6d119e1960,16384
20262523,0,moe,docs/research/figures/ws25-v1fix-formal-cdf/seed20262523-b000-moe-fct-cdf.svg,conga,20261004-070000-ws25-formal-s23-b000-conga,9e6a8fd74e95364ab4d49fa1fe4f6ddbbe55cd02a5551015e2c9df6118eb19c7,ce3f401fa0086205d64b4659f4583f1143f284a5a3ea1787adcc6934edc838f2,16384
20262523,0,moe,docs/research/figures/ws25-v1fix-formal-cdf/seed20262523-b000-moe-fct-cdf.svg,letflow,20261004-070000-ws25-formal-s23-b000-letflow,9e6a8fd74e95364ab4d49fa1fe4f6ddbbe55cd02a5551015e2c9df6118eb19c7,3ac626f3f8030f3b538751e7f98421d80ee2c7043d1c7cf8957125fa3c37f7f1,16384
20262523,0,moe,docs/research/figures/ws25-v1fix-formal-cdf/seed20262523-b000-moe-fct-cdf.svg,conweave,20261004-070000-ws25-formal-s23-b000-conweave,9e6a8fd74e95364ab4d49fa1fe4f6ddbbe55cd02a5551015e2c9df6118eb19c7,8672bfe732a9356f115cd296f991750f1f976f113cfa39a097eac72783d09221,16384
20262523,0,moe,docs/research/figures/ws25-v1fix-formal-cdf/seed20262523-b000-moe-fct-cdf.svg,classreserve,20261004-070000-ws25-formal-s23-b000-classreserve,9e6a8fd74e95364ab4d49fa1fe4f6ddbbe55cd02a5551015e2c9df6118eb19c7,73ca9076f5bac5c53643c42ad8ae0856b650f5e8c59455849f4d2e9af8da911e,16384
20262523,64,moe,docs/research/figures/ws25-v1fix-formal-cdf/seed20262523-b064-moe-fct-cdf.svg,fecmp,20261004-070000-ws25-formal-s23-b064-fecmp,0d71b11c757b2e2d5ec95cd10fe35cc8917e41779b3c1d405a3c19ae95728bf7,ae1a5589d0592ded8554545f1754ad6980555217677e24eef1d629dbb45f51d0,16384
20262523,64,moe,docs/research/figures/ws25-v1fix-formal-cdf/seed20262523-b064-moe-fct-cdf.svg,drill,20261004-070000-ws25-formal-s23-b064-drill,0d71b11c757b2e2d5ec95cd10fe35cc8917e41779b3c1d405a3c19ae95728bf7,807f1e214436dc843f136f4832f4ba933b1c3b263f8a82a0aa4e9767761215e2,16384
20262523,64,moe,docs/research/figures/ws25-v1fix-formal-cdf/seed20262523-b064-moe-fct-cdf.svg,conga,20261004-070000-ws25-formal-s23-b064-conga,0d71b11c757b2e2d5ec95cd10fe35cc8917e41779b3c1d405a3c19ae95728bf7,ce28b8a72ca362fd8d01b5225fa815a84536d92327168302724eb0e82d509034,16384
20262523,64,moe,docs/research/figures/ws25-v1fix-formal-cdf/seed20262523-b064-moe-fct-cdf.svg,letflow,20261004-070000-ws25-formal-s23-b064-letflow,0d71b11c757b2e2d5ec95cd10fe35cc8917e41779b3c1d405a3c19ae95728bf7,faa90999c397c879d95ebe5fb9730e9b628f03e4243cc6eda3994d96f531bfef,16384
20262523,64,moe,docs/research/figures/ws25-v1fix-formal-cdf/seed20262523-b064-moe-fct-cdf.svg,conweave,20261004-070000-ws25-formal-s23-b064-conweave,0d71b11c757b2e2d5ec95cd10fe35cc8917e41779b3c1d405a3c19ae95728bf7,816a7d171d228f79f65218407a319115a760e115177c5a00ec5e68eef8ca104e,16384
20262523,64,moe,docs/research/figures/ws25-v1fix-formal-cdf/seed20262523-b064-moe-fct-cdf.svg,classreserve,20261004-070000-ws25-formal-s23-b064-classreserve,0d71b11c757b2e2d5ec95cd10fe35cc8917e41779b3c1d405a3c19ae95728bf7,adfa2142b6455c92bcd1d6918c476604370c655123fa2ddb1c76707f9cda4749,16384
20262523,64,background,docs/research/figures/ws25-v1fix-formal-cdf/seed20262523-b064-background-fct-cdf.svg,fecmp,20261004-070000-ws25-formal-s23-b064-fecmp,0d71b11c757b2e2d5ec95cd10fe35cc8917e41779b3c1d405a3c19ae95728bf7,ae1a5589d0592ded8554545f1754ad6980555217677e24eef1d629dbb45f51d0,64
20262523,64,background,docs/research/figures/ws25-v1fix-formal-cdf/seed20262523-b064-background-fct-cdf.svg,drill,20261004-070000-ws25-formal-s23-b064-drill,0d71b11c757b2e2d5ec95cd10fe35cc8917e41779b3c1d405a3c19ae95728bf7,807f1e214436dc843f136f4832f4ba933b1c3b263f8a82a0aa4e9767761215e2,64
20262523,64,background,docs/research/figures/ws25-v1fix-formal-cdf/seed20262523-b064-background-fct-cdf.svg,conga,20261004-070000-ws25-formal-s23-b064-conga,0d71b11c757b2e2d5ec95cd10fe35cc8917e41779b3c1d405a3c19ae95728bf7,ce28b8a72ca362fd8d01b5225fa815a84536d92327168302724eb0e82d509034,64
20262523,64,background,docs/research/figures/ws25-v1fix-formal-cdf/seed20262523-b064-background-fct-cdf.svg,letflow,20261004-070000-ws25-formal-s23-b064-letflow,0d71b11c757b2e2d5ec95cd10fe35cc8917e41779b3c1d405a3c19ae95728bf7,faa90999c397c879d95ebe5fb9730e9b628f03e4243cc6eda3994d96f531bfef,64
20262523,64,background,docs/research/figures/ws25-v1fix-formal-cdf/seed20262523-b064-background-fct-cdf.svg,conweave,20261004-070000-ws25-formal-s23-b064-conweave,0d71b11c757b2e2d5ec95cd10fe35cc8917e41779b3c1d405a3c19ae95728bf7,816a7d171d228f79f65218407a319115a760e115177c5a00ec5e68eef8ca104e,64
20262523,64,background,docs/research/figures/ws25-v1fix-formal-cdf/seed20262523-b064-background-fct-cdf.svg,classreserve,20261004-070000-ws25-formal-s23-b064-classreserve,0d71b11c757b2e2d5ec95cd10fe35cc8917e41779b3c1d405a3c19ae95728bf7,adfa2142b6455c92bcd1d6918c476604370c655123fa2ddb1c76707f9cda4749,64
20262523,128,moe,docs/research/figures/ws25-v1fix-formal-cdf/seed20262523-b128-moe-fct-cdf.svg,fecmp,20261004-070000-ws25-formal-s23-b128-fecmp,27d89e9b69442d7f4c27a2edbf0d9a74259d2b6efc16d99365bad8c01f429bd5,157572fc2546af2346c91c74d8bc5161438be648464c64b4ee5e9591b9e333f9,16384
20262523,128,moe,docs/research/figures/ws25-v1fix-formal-cdf/seed20262523-b128-moe-fct-cdf.svg,drill,20261004-070000-ws25-formal-s23-b128-drill,27d89e9b69442d7f4c27a2edbf0d9a74259d2b6efc16d99365bad8c01f429bd5,0dad18528ec2a3c409df61cb2dd9ddd9b780b3d1d3faca5e0c5af00d5e2a0bf6,16384
20262523,128,moe,docs/research/figures/ws25-v1fix-formal-cdf/seed20262523-b128-moe-fct-cdf.svg,conga,20261004-070000-ws25-formal-s23-b128-conga,27d89e9b69442d7f4c27a2edbf0d9a74259d2b6efc16d99365bad8c01f429bd5,77a81144c94e37a2f13224239617d7f8598a0a413a1f62c008c2539b88012092,16384
20262523,128,moe,docs/research/figures/ws25-v1fix-formal-cdf/seed20262523-b128-moe-fct-cdf.svg,letflow,20261004-070000-ws25-formal-s23-b128-letflow,27d89e9b69442d7f4c27a2edbf0d9a74259d2b6efc16d99365bad8c01f429bd5,6aba56e027585b5bf964f59bf6a63d866aec73761d71505b640f427292c9ac77,16384
20262523,128,moe,docs/research/figures/ws25-v1fix-formal-cdf/seed20262523-b128-moe-fct-cdf.svg,conweave,20261004-070000-ws25-formal-s23-b128-conweave,27d89e9b69442d7f4c27a2edbf0d9a74259d2b6efc16d99365bad8c01f429bd5,7591c9f04363044c63316e5a6824d2a780a896ad53392d390e7027a1328d1118,16384
20262523,128,moe,docs/research/figures/ws25-v1fix-formal-cdf/seed20262523-b128-moe-fct-cdf.svg,classreserve,20261004-070000-ws25-formal-s23-b128-classreserve,27d89e9b69442d7f4c27a2edbf0d9a74259d2b6efc16d99365bad8c01f429bd5,8548f61c2661f7d82e52410ceb0b4ed1ca63292ecbf529ccd5c5ca6c79aec146,16384
20262523,128,background,docs/research/figures/ws25-v1fix-formal-cdf/seed20262523-b128-background-fct-cdf.svg,fecmp,20261004-070000-ws25-formal-s23-b128-fecmp,27d89e9b69442d7f4c27a2edbf0d9a74259d2b6efc16d99365bad8c01f429bd5,157572fc2546af2346c91c74d8bc5161438be648464c64b4ee5e9591b9e333f9,128
20262523,128,background,docs/research/figures/ws25-v1fix-formal-cdf/seed20262523-b128-background-fct-cdf.svg,drill,20261004-070000-ws25-formal-s23-b128-drill,27d89e9b69442d7f4c27a2edbf0d9a74259d2b6efc16d99365bad8c01f429bd5,0dad18528ec2a3c409df61cb2dd9ddd9b780b3d1d3faca5e0c5af00d5e2a0bf6,128
20262523,128,background,docs/research/figures/ws25-v1fix-formal-cdf/seed20262523-b128-background-fct-cdf.svg,conga,20261004-070000-ws25-formal-s23-b128-conga,27d89e9b69442d7f4c27a2edbf0d9a74259d2b6efc16d99365bad8c01f429bd5,77a81144c94e37a2f13224239617d7f8598a0a413a1f62c008c2539b88012092,128
20262523,128,background,docs/research/figures/ws25-v1fix-formal-cdf/seed20262523-b128-background-fct-cdf.svg,letflow,20261004-070000-ws25-formal-s23-b128-letflow,27d89e9b69442d7f4c27a2edbf0d9a74259d2b6efc16d99365bad8c01f429bd5,6aba56e027585b5bf964f59bf6a63d866aec73761d71505b640f427292c9ac77,128
20262523,128,background,docs/research/figures/ws25-v1fix-formal-cdf/seed20262523-b128-background-fct-cdf.svg,conweave,20261004-070000-ws25-formal-s23-b128-conweave,27d89e9b69442d7f4c27a2edbf0d9a74259d2b6efc16d99365bad8c01f429bd5,7591c9f04363044c63316e5a6824d2a780a896ad53392d390e7027a1328d1118,128
20262523,128,background,docs/research/figures/ws25-v1fix-formal-cdf/seed20262523-b128-background-fct-cdf.svg,classreserve,20261004-070000-ws25-formal-s23-b128-classreserve,27d89e9b69442d7f4c27a2edbf0d9a74259d2b6efc16d99365bad8c01f429bd5,8548f61c2661f7d82e52410ceb0b4ed1ca63292ecbf529ccd5c5ca6c79aec146,128
20262523,192,moe,docs/research/figures/ws25-v1fix-formal-cdf/seed20262523-b192-moe-fct-cdf.svg,fecmp,20261004-070000-ws25-formal-s23-b192-fecmp,b290dc7ca5a0227bf4d166338bbf7e888a6d75df9264cdde07c7b54de9a46fee,a24dff1d8bf7c7caf481635208ac7b985bc53f09fd7502aa236fcddd9b02a1a0,16384
20262523,192,moe,docs/research/figures/ws25-v1fix-formal-cdf/seed20262523-b192-moe-fct-cdf.svg,drill,20261004-070000-ws25-formal-s23-b192-drill,b290dc7ca5a0227bf4d166338bbf7e888a6d75df9264cdde07c7b54de9a46fee,fd0ff162f3c94b153718018f9ebbd53b8661584025461fc10ef4f1230982814d,16384
20262523,192,moe,docs/research/figures/ws25-v1fix-formal-cdf/seed20262523-b192-moe-fct-cdf.svg,conga,20261004-070000-ws25-formal-s23-b192-conga,b290dc7ca5a0227bf4d166338bbf7e888a6d75df9264cdde07c7b54de9a46fee,5acfca026b5c1c447c7bf7245b1b4fbb6e7d8e31d5a1ecab5e9c314765f340cd,16384
20262523,192,moe,docs/research/figures/ws25-v1fix-formal-cdf/seed20262523-b192-moe-fct-cdf.svg,letflow,20261004-070000-ws25-formal-s23-b192-letflow,b290dc7ca5a0227bf4d166338bbf7e888a6d75df9264cdde07c7b54de9a46fee,813921f02d66842409f42033696f2be3a85ac0140f48c58b2b7b92432a37dbd7,16384
20262523,192,moe,docs/research/figures/ws25-v1fix-formal-cdf/seed20262523-b192-moe-fct-cdf.svg,conweave,20261004-070000-ws25-formal-s23-b192-conweave,b290dc7ca5a0227bf4d166338bbf7e888a6d75df9264cdde07c7b54de9a46fee,f988dcfb1e3f774a2fcc805b173d1c96d040a371760211ac186a0438e6e37119,16384
20262523,192,moe,docs/research/figures/ws25-v1fix-formal-cdf/seed20262523-b192-moe-fct-cdf.svg,classreserve,20261004-070000-ws25-formal-s23-b192-classreserve,b290dc7ca5a0227bf4d166338bbf7e888a6d75df9264cdde07c7b54de9a46fee,6d1bd0dac5523e2cc4bd8a8cdba020e87250bc46fa7bf42ab2e448b5cc5f3ab9,16384
20262523,192,background,docs/research/figures/ws25-v1fix-formal-cdf/seed20262523-b192-background-fct-cdf.svg,fecmp,20261004-070000-ws25-formal-s23-b192-fecmp,b290dc7ca5a0227bf4d166338bbf7e888a6d75df9264cdde07c7b54de9a46fee,a24dff1d8bf7c7caf481635208ac7b985bc53f09fd7502aa236fcddd9b02a1a0,192
20262523,192,background,docs/research/figures/ws25-v1fix-formal-cdf/seed20262523-b192-background-fct-cdf.svg,drill,20261004-070000-ws25-formal-s23-b192-drill,b290dc7ca5a0227bf4d166338bbf7e888a6d75df9264cdde07c7b54de9a46fee,fd0ff162f3c94b153718018f9ebbd53b8661584025461fc10ef4f1230982814d,192
20262523,192,background,docs/research/figures/ws25-v1fix-formal-cdf/seed20262523-b192-background-fct-cdf.svg,conga,20261004-070000-ws25-formal-s23-b192-conga,b290dc7ca5a0227bf4d166338bbf7e888a6d75df9264cdde07c7b54de9a46fee,5acfca026b5c1c447c7bf7245b1b4fbb6e7d8e31d5a1ecab5e9c314765f340cd,192
20262523,192,background,docs/research/figures/ws25-v1fix-formal-cdf/seed20262523-b192-background-fct-cdf.svg,letflow,20261004-070000-ws25-formal-s23-b192-letflow,b290dc7ca5a0227bf4d166338bbf7e888a6d75df9264cdde07c7b54de9a46fee,813921f02d66842409f42033696f2be3a85ac0140f48c58b2b7b92432a37dbd7,192
20262523,192,background,docs/research/figures/ws25-v1fix-formal-cdf/seed20262523-b192-background-fct-cdf.svg,conweave,20261004-070000-ws25-formal-s23-b192-conweave,b290dc7ca5a0227bf4d166338bbf7e888a6d75df9264cdde07c7b54de9a46fee,f988dcfb1e3f774a2fcc805b173d1c96d040a371760211ac186a0438e6e37119,192
20262523,192,background,docs/research/figures/ws25-v1fix-formal-cdf/seed20262523-b192-background-fct-cdf.svg,classreserve,20261004-070000-ws25-formal-s23-b192-classreserve,b290dc7ca5a0227bf4d166338bbf7e888a6d75df9264cdde07c7b54de9a46fee,6d1bd0dac5523e2cc4bd8a8cdba020e87250bc46fa7bf42ab2e448b5cc5f3ab9,192
20262524,0,moe,docs/research/figures/ws25-v1fix-formal-cdf/seed20262524-b000-moe-fct-cdf.svg,fecmp,20261004-070000-ws25-formal-s24-b000-fecmp,962d40d5be1d831c6192da3b8b20981af287cadaa4c2efefe02477e3584c4a0c,b1be8ff1aab06daee1fa8a10223c51c3c35358762106e841ce5ca27d53fb1d38,16384
20262524,0,moe,docs/research/figures/ws25-v1fix-formal-cdf/seed20262524-b000-moe-fct-cdf.svg,drill,20261004-070000-ws25-formal-s24-b000-drill,962d40d5be1d831c6192da3b8b20981af287cadaa4c2efefe02477e3584c4a0c,5747b6e4a3f0b3a337e3ec265e54e2fcbc8e3d2cf068b38db2a795dba25e4c63,16384
20262524,0,moe,docs/research/figures/ws25-v1fix-formal-cdf/seed20262524-b000-moe-fct-cdf.svg,conga,20261004-070000-ws25-formal-s24-b000-conga,962d40d5be1d831c6192da3b8b20981af287cadaa4c2efefe02477e3584c4a0c,20428a12a5742fff68f6469b7bef2e3761a1e38226bd7bdf98747d252eef649f,16384
20262524,0,moe,docs/research/figures/ws25-v1fix-formal-cdf/seed20262524-b000-moe-fct-cdf.svg,letflow,20261004-070000-ws25-formal-s24-b000-letflow,962d40d5be1d831c6192da3b8b20981af287cadaa4c2efefe02477e3584c4a0c,a947313eaef84913e5ddbe85098e010d43413ef80c1dd12571d0ecaf5d3b9809,16384
20262524,0,moe,docs/research/figures/ws25-v1fix-formal-cdf/seed20262524-b000-moe-fct-cdf.svg,conweave,20261004-070000-ws25-formal-s24-b000-conweave,962d40d5be1d831c6192da3b8b20981af287cadaa4c2efefe02477e3584c4a0c,56a6b989c916ed79ac584cec3248c635643a9be007767ffc8b6e9a315509c192,16384
20262524,0,moe,docs/research/figures/ws25-v1fix-formal-cdf/seed20262524-b000-moe-fct-cdf.svg,classreserve,20261004-070000-ws25-formal-s24-b000-classreserve,962d40d5be1d831c6192da3b8b20981af287cadaa4c2efefe02477e3584c4a0c,ee2ed8af12a14e9daa6f433fde5a74512462da919f2d58984565127453a844d6,16384
20262524,64,moe,docs/research/figures/ws25-v1fix-formal-cdf/seed20262524-b064-moe-fct-cdf.svg,fecmp,20261004-070000-ws25-formal-s24-b064-fecmp,b47f2dc0cb0123b4eaecee680c73858dd545943701e66d0b2bae4db30165d2e2,3688d2d84632450528ce978e941d99bd353cfab1e3311ea995b9fdc5382109f8,16384
20262524,64,moe,docs/research/figures/ws25-v1fix-formal-cdf/seed20262524-b064-moe-fct-cdf.svg,drill,20261004-070000-ws25-formal-s24-b064-drill,b47f2dc0cb0123b4eaecee680c73858dd545943701e66d0b2bae4db30165d2e2,63cdace0fd30eafc072dfb59be98ffec7163c135ece052e109254bc63bb8c377,16384
20262524,64,moe,docs/research/figures/ws25-v1fix-formal-cdf/seed20262524-b064-moe-fct-cdf.svg,conga,20261004-070000-ws25-formal-s24-b064-conga,b47f2dc0cb0123b4eaecee680c73858dd545943701e66d0b2bae4db30165d2e2,84fc421258e4a86c2d225c684bc0cdf29d73e1bbdfd64554b0e23d232c579b58,16384
20262524,64,moe,docs/research/figures/ws25-v1fix-formal-cdf/seed20262524-b064-moe-fct-cdf.svg,letflow,20261004-070000-ws25-formal-s24-b064-letflow,b47f2dc0cb0123b4eaecee680c73858dd545943701e66d0b2bae4db30165d2e2,dcffcc6364a8a3cf924a7d52a7fbadbfaf7c65996e5892b1334780a29ce71c7c,16384
20262524,64,moe,docs/research/figures/ws25-v1fix-formal-cdf/seed20262524-b064-moe-fct-cdf.svg,conweave,20261004-070000-ws25-formal-s24-b064-conweave,b47f2dc0cb0123b4eaecee680c73858dd545943701e66d0b2bae4db30165d2e2,dbb3db7d033d75b95dbcdf95b7cc4cfbbf1efe9016f6d8448c88d7aa9b6593cb,16384
20262524,64,moe,docs/research/figures/ws25-v1fix-formal-cdf/seed20262524-b064-moe-fct-cdf.svg,classreserve,20261004-070000-ws25-formal-s24-b064-classreserve,b47f2dc0cb0123b4eaecee680c73858dd545943701e66d0b2bae4db30165d2e2,a3a0c82c84ecc099e7f3672f188d30a9b85cde904ab1d3b4ad9e1877292cea85,16384
20262524,64,background,docs/research/figures/ws25-v1fix-formal-cdf/seed20262524-b064-background-fct-cdf.svg,fecmp,20261004-070000-ws25-formal-s24-b064-fecmp,b47f2dc0cb0123b4eaecee680c73858dd545943701e66d0b2bae4db30165d2e2,3688d2d84632450528ce978e941d99bd353cfab1e3311ea995b9fdc5382109f8,64
20262524,64,background,docs/research/figures/ws25-v1fix-formal-cdf/seed20262524-b064-background-fct-cdf.svg,drill,20261004-070000-ws25-formal-s24-b064-drill,b47f2dc0cb0123b4eaecee680c73858dd545943701e66d0b2bae4db30165d2e2,63cdace0fd30eafc072dfb59be98ffec7163c135ece052e109254bc63bb8c377,64
20262524,64,background,docs/research/figures/ws25-v1fix-formal-cdf/seed20262524-b064-background-fct-cdf.svg,conga,20261004-070000-ws25-formal-s24-b064-conga,b47f2dc0cb0123b4eaecee680c73858dd545943701e66d0b2bae4db30165d2e2,84fc421258e4a86c2d225c684bc0cdf29d73e1bbdfd64554b0e23d232c579b58,64
20262524,64,background,docs/research/figures/ws25-v1fix-formal-cdf/seed20262524-b064-background-fct-cdf.svg,letflow,20261004-070000-ws25-formal-s24-b064-letflow,b47f2dc0cb0123b4eaecee680c73858dd545943701e66d0b2bae4db30165d2e2,dcffcc6364a8a3cf924a7d52a7fbadbfaf7c65996e5892b1334780a29ce71c7c,64
20262524,64,background,docs/research/figures/ws25-v1fix-formal-cdf/seed20262524-b064-background-fct-cdf.svg,conweave,20261004-070000-ws25-formal-s24-b064-conweave,b47f2dc0cb0123b4eaecee680c73858dd545943701e66d0b2bae4db30165d2e2,dbb3db7d033d75b95dbcdf95b7cc4cfbbf1efe9016f6d8448c88d7aa9b6593cb,64
20262524,64,background,docs/research/figures/ws25-v1fix-formal-cdf/seed20262524-b064-background-fct-cdf.svg,classreserve,20261004-070000-ws25-formal-s24-b064-classreserve,b47f2dc0cb0123b4eaecee680c73858dd545943701e66d0b2bae4db30165d2e2,a3a0c82c84ecc099e7f3672f188d30a9b85cde904ab1d3b4ad9e1877292cea85,64
20262524,128,moe,docs/research/figures/ws25-v1fix-formal-cdf/seed20262524-b128-moe-fct-cdf.svg,fecmp,20261004-070000-ws25-formal-s24-b128-fecmp,16ef934839184ee24cd5e267ed3f5b2b2dbdd66a034c621b7b9552bc8a333e51,0784cbc9746b679b7f52887571b5b0c65cd6111d0ca563d1d1e1214991547256,16384
20262524,128,moe,docs/research/figures/ws25-v1fix-formal-cdf/seed20262524-b128-moe-fct-cdf.svg,drill,20261004-070000-ws25-formal-s24-b128-drill,16ef934839184ee24cd5e267ed3f5b2b2dbdd66a034c621b7b9552bc8a333e51,d9d57525a3f326c03cebed692457242a35a5e21d659fefc7375c03fc799459b9,16384
20262524,128,moe,docs/research/figures/ws25-v1fix-formal-cdf/seed20262524-b128-moe-fct-cdf.svg,conga,20261004-070000-ws25-formal-s24-b128-conga,16ef934839184ee24cd5e267ed3f5b2b2dbdd66a034c621b7b9552bc8a333e51,4fbad0eea750df7ead95b9ef03c49a3ad8563fdb03b15ff89f7cc0d8e367ea2f,16384
20262524,128,moe,docs/research/figures/ws25-v1fix-formal-cdf/seed20262524-b128-moe-fct-cdf.svg,letflow,20261004-070000-ws25-formal-s24-b128-letflow,16ef934839184ee24cd5e267ed3f5b2b2dbdd66a034c621b7b9552bc8a333e51,38a07dae05722c247a54db27d0084f7c139d4b4e397592953778a98ed83e935a,16384
20262524,128,moe,docs/research/figures/ws25-v1fix-formal-cdf/seed20262524-b128-moe-fct-cdf.svg,conweave,20261004-070000-ws25-formal-s24-b128-conweave,16ef934839184ee24cd5e267ed3f5b2b2dbdd66a034c621b7b9552bc8a333e51,96d359a0ac5d951ca5779654d29ac56d8d9b57f3f9ba0143e536767caeb7c3a2,16384
20262524,128,moe,docs/research/figures/ws25-v1fix-formal-cdf/seed20262524-b128-moe-fct-cdf.svg,classreserve,20261004-070000-ws25-formal-s24-b128-classreserve,16ef934839184ee24cd5e267ed3f5b2b2dbdd66a034c621b7b9552bc8a333e51,0d1746407a21b5a9bc323e4d0966eb62d477efbe93d13dd471e0233f97247997,16384
20262524,128,background,docs/research/figures/ws25-v1fix-formal-cdf/seed20262524-b128-background-fct-cdf.svg,fecmp,20261004-070000-ws25-formal-s24-b128-fecmp,16ef934839184ee24cd5e267ed3f5b2b2dbdd66a034c621b7b9552bc8a333e51,0784cbc9746b679b7f52887571b5b0c65cd6111d0ca563d1d1e1214991547256,128
20262524,128,background,docs/research/figures/ws25-v1fix-formal-cdf/seed20262524-b128-background-fct-cdf.svg,drill,20261004-070000-ws25-formal-s24-b128-drill,16ef934839184ee24cd5e267ed3f5b2b2dbdd66a034c621b7b9552bc8a333e51,d9d57525a3f326c03cebed692457242a35a5e21d659fefc7375c03fc799459b9,128
20262524,128,background,docs/research/figures/ws25-v1fix-formal-cdf/seed20262524-b128-background-fct-cdf.svg,conga,20261004-070000-ws25-formal-s24-b128-conga,16ef934839184ee24cd5e267ed3f5b2b2dbdd66a034c621b7b9552bc8a333e51,4fbad0eea750df7ead95b9ef03c49a3ad8563fdb03b15ff89f7cc0d8e367ea2f,128
20262524,128,background,docs/research/figures/ws25-v1fix-formal-cdf/seed20262524-b128-background-fct-cdf.svg,letflow,20261004-070000-ws25-formal-s24-b128-letflow,16ef934839184ee24cd5e267ed3f5b2b2dbdd66a034c621b7b9552bc8a333e51,38a07dae05722c247a54db27d0084f7c139d4b4e397592953778a98ed83e935a,128
20262524,128,background,docs/research/figures/ws25-v1fix-formal-cdf/seed20262524-b128-background-fct-cdf.svg,conweave,20261004-070000-ws25-formal-s24-b128-conweave,16ef934839184ee24cd5e267ed3f5b2b2dbdd66a034c621b7b9552bc8a333e51,96d359a0ac5d951ca5779654d29ac56d8d9b57f3f9ba0143e536767caeb7c3a2,128
20262524,128,background,docs/research/figures/ws25-v1fix-formal-cdf/seed20262524-b128-background-fct-cdf.svg,classreserve,20261004-070000-ws25-formal-s24-b128-classreserve,16ef934839184ee24cd5e267ed3f5b2b2dbdd66a034c621b7b9552bc8a333e51,0d1746407a21b5a9bc323e4d0966eb62d477efbe93d13dd471e0233f97247997,128
20262524,192,moe,docs/research/figures/ws25-v1fix-formal-cdf/seed20262524-b192-moe-fct-cdf.svg,fecmp,20261004-070000-ws25-formal-s24-b192-fecmp,d72f0f360d89dd3504c4cba730d903e1d939400ff2abd3566cf0428f4e59e2e3,48453a24b8c32fdd0d44bea7bfefbf40fcfb4cf96ac05a1c5e9cba544e70b834,16384
20262524,192,moe,docs/research/figures/ws25-v1fix-formal-cdf/seed20262524-b192-moe-fct-cdf.svg,drill,20261004-070000-ws25-formal-s24-b192-drill,d72f0f360d89dd3504c4cba730d903e1d939400ff2abd3566cf0428f4e59e2e3,50f57c45bd69c45c81439b8802806edc78bdce8abf4a78d1ee96124c035d4edd,16384
20262524,192,moe,docs/research/figures/ws25-v1fix-formal-cdf/seed20262524-b192-moe-fct-cdf.svg,conga,20261004-070000-ws25-formal-s24-b192-conga,d72f0f360d89dd3504c4cba730d903e1d939400ff2abd3566cf0428f4e59e2e3,a546d993e8969d6c6b5e7799868029329bcfb09aaba47452221cb35a84a91d96,16384
20262524,192,moe,docs/research/figures/ws25-v1fix-formal-cdf/seed20262524-b192-moe-fct-cdf.svg,letflow,20261004-070000-ws25-formal-s24-b192-letflow,d72f0f360d89dd3504c4cba730d903e1d939400ff2abd3566cf0428f4e59e2e3,6d18067d9fd9e8e6bbe4de4e3c27bb0cfc840e5d30d4fd4bf9627e23cbcb6457,16384
20262524,192,moe,docs/research/figures/ws25-v1fix-formal-cdf/seed20262524-b192-moe-fct-cdf.svg,conweave,20261004-070000-ws25-formal-s24-b192-conweave,d72f0f360d89dd3504c4cba730d903e1d939400ff2abd3566cf0428f4e59e2e3,88369debbe8ff9059a5a709551c7e3c8ff91bc17ef7b6b801f0e94fbeccd81e3,16384
20262524,192,moe,docs/research/figures/ws25-v1fix-formal-cdf/seed20262524-b192-moe-fct-cdf.svg,classreserve,20261004-070000-ws25-formal-s24-b192-classreserve,d72f0f360d89dd3504c4cba730d903e1d939400ff2abd3566cf0428f4e59e2e3,aadffa71291fbaf6fab0fce7635b54bad0f3729fdb59c5841c817c3ba99acb8e,16384
20262524,192,background,docs/research/figures/ws25-v1fix-formal-cdf/seed20262524-b192-background-fct-cdf.svg,fecmp,20261004-070000-ws25-formal-s24-b192-fecmp,d72f0f360d89dd3504c4cba730d903e1d939400ff2abd3566cf0428f4e59e2e3,48453a24b8c32fdd0d44bea7bfefbf40fcfb4cf96ac05a1c5e9cba544e70b834,192
20262524,192,background,docs/research/figures/ws25-v1fix-formal-cdf/seed20262524-b192-background-fct-cdf.svg,drill,20261004-070000-ws25-formal-s24-b192-drill,d72f0f360d89dd3504c4cba730d903e1d939400ff2abd3566cf0428f4e59e2e3,50f57c45bd69c45c81439b8802806edc78bdce8abf4a78d1ee96124c035d4edd,192
20262524,192,background,docs/research/figures/ws25-v1fix-formal-cdf/seed20262524-b192-background-fct-cdf.svg,conga,20261004-070000-ws25-formal-s24-b192-conga,d72f0f360d89dd3504c4cba730d903e1d939400ff2abd3566cf0428f4e59e2e3,a546d993e8969d6c6b5e7799868029329bcfb09aaba47452221cb35a84a91d96,192
20262524,192,background,docs/research/figures/ws25-v1fix-formal-cdf/seed20262524-b192-background-fct-cdf.svg,letflow,20261004-070000-ws25-formal-s24-b192-letflow,d72f0f360d89dd3504c4cba730d903e1d939400ff2abd3566cf0428f4e59e2e3,6d18067d9fd9e8e6bbe4de4e3c27bb0cfc840e5d30d4fd4bf9627e23cbcb6457,192
20262524,192,background,docs/research/figures/ws25-v1fix-formal-cdf/seed20262524-b192-background-fct-cdf.svg,conweave,20261004-070000-ws25-formal-s24-b192-conweave,d72f0f360d89dd3504c4cba730d903e1d939400ff2abd3566cf0428f4e59e2e3,88369debbe8ff9059a5a709551c7e3c8ff91bc17ef7b6b801f0e94fbeccd81e3,192
20262524,192,background,docs/research/figures/ws25-v1fix-formal-cdf/seed20262524-b192-background-fct-cdf.svg,classreserve,20261004-070000-ws25-formal-s24-b192-classreserve,d72f0f360d89dd3504c4cba730d903e1d939400ff2abd3566cf0428f4e59e2e3,aadffa71291fbaf6fab0fce7635b54bad0f3729fdb59c5841c817c3ba99acb8e,192
20262525,0,moe,docs/research/figures/ws25-v1fix-formal-cdf/seed20262525-b000-moe-fct-cdf.svg,fecmp,20261004-070000-ws25-formal-s25-b000-fecmp,504fb8e48a442e88472b4f23c7c0c1b60b753ec6aa2679d2ebadca6a1bc058cc,7f243f59cbe5040826e05109a9bee9f94e921796c5324efd9d165e877c6e9541,16384
20262525,0,moe,docs/research/figures/ws25-v1fix-formal-cdf/seed20262525-b000-moe-fct-cdf.svg,drill,20261004-070000-ws25-formal-s25-b000-drill,504fb8e48a442e88472b4f23c7c0c1b60b753ec6aa2679d2ebadca6a1bc058cc,5eb7648786a133377e37f1e51c39b53e967c1fc93d9a1ee0ebb4d3dd0621bd4b,16384
20262525,0,moe,docs/research/figures/ws25-v1fix-formal-cdf/seed20262525-b000-moe-fct-cdf.svg,conga,20261004-070000-ws25-formal-s25-b000-conga,504fb8e48a442e88472b4f23c7c0c1b60b753ec6aa2679d2ebadca6a1bc058cc,ba7015932543f072529da5cf4753a3fcc3620b60397f709a6d444275544f2c57,16384
20262525,0,moe,docs/research/figures/ws25-v1fix-formal-cdf/seed20262525-b000-moe-fct-cdf.svg,letflow,20261004-070000-ws25-formal-s25-b000-letflow,504fb8e48a442e88472b4f23c7c0c1b60b753ec6aa2679d2ebadca6a1bc058cc,8d5883b976d88ffd9365ec8661cdbd92d3531c5e8ec917c953cc785b3505f377,16384
20262525,0,moe,docs/research/figures/ws25-v1fix-formal-cdf/seed20262525-b000-moe-fct-cdf.svg,conweave,20261004-070000-ws25-formal-s25-b000-conweave,504fb8e48a442e88472b4f23c7c0c1b60b753ec6aa2679d2ebadca6a1bc058cc,75a6b615afb8790f9834d024370122f6ae3e5b2984d85e2e76a78bb442ad209d,16384
20262525,0,moe,docs/research/figures/ws25-v1fix-formal-cdf/seed20262525-b000-moe-fct-cdf.svg,classreserve,20261004-070000-ws25-formal-s25-b000-classreserve,504fb8e48a442e88472b4f23c7c0c1b60b753ec6aa2679d2ebadca6a1bc058cc,b8170e17dce4d5db91b583fd14df71b43ef3542bcc2e6d844228124678788391,16384
20262525,64,moe,docs/research/figures/ws25-v1fix-formal-cdf/seed20262525-b064-moe-fct-cdf.svg,fecmp,20261004-070000-ws25-formal-s25-b064-fecmp,8976f794c58beea65c6d0370bd90bda4d49ea6b3ded840a34083910221ed8701,fae21ee3ba2e6b56913b679b72321c4f3ddb2de930dcc4c1206542279a6cedbc,16384
20262525,64,moe,docs/research/figures/ws25-v1fix-formal-cdf/seed20262525-b064-moe-fct-cdf.svg,drill,20261004-070000-ws25-formal-s25-b064-drill,8976f794c58beea65c6d0370bd90bda4d49ea6b3ded840a34083910221ed8701,30ea299919e01ef1ccb6afbd4ea85a478d7e0ee258f5592eb845523aa6f3f94e,16384
20262525,64,moe,docs/research/figures/ws25-v1fix-formal-cdf/seed20262525-b064-moe-fct-cdf.svg,conga,20261004-070000-ws25-formal-s25-b064-conga,8976f794c58beea65c6d0370bd90bda4d49ea6b3ded840a34083910221ed8701,d84c4a7259901b1238bea309911da695900edf318a0d9b85518aa6df64269b0a,16384
20262525,64,moe,docs/research/figures/ws25-v1fix-formal-cdf/seed20262525-b064-moe-fct-cdf.svg,letflow,20261004-070000-ws25-formal-s25-b064-letflow,8976f794c58beea65c6d0370bd90bda4d49ea6b3ded840a34083910221ed8701,e4bebaa3ab5153e48e46c66f23be1d8f9b836281c5ceecc8c20add1f4fc008d0,16384
20262525,64,moe,docs/research/figures/ws25-v1fix-formal-cdf/seed20262525-b064-moe-fct-cdf.svg,conweave,20261004-070000-ws25-formal-s25-b064-conweave,8976f794c58beea65c6d0370bd90bda4d49ea6b3ded840a34083910221ed8701,1913620d0c4d6b18068a289bea35f9fd31306db0a405c0ff7df26b2398d5838d,16384
20262525,64,moe,docs/research/figures/ws25-v1fix-formal-cdf/seed20262525-b064-moe-fct-cdf.svg,classreserve,20261004-070000-ws25-formal-s25-b064-classreserve,8976f794c58beea65c6d0370bd90bda4d49ea6b3ded840a34083910221ed8701,7eae5346d6071093d036aa53338d556ef285d3c120b4c7ab2f9ddd70e1b73d6c,16384
20262525,64,background,docs/research/figures/ws25-v1fix-formal-cdf/seed20262525-b064-background-fct-cdf.svg,fecmp,20261004-070000-ws25-formal-s25-b064-fecmp,8976f794c58beea65c6d0370bd90bda4d49ea6b3ded840a34083910221ed8701,fae21ee3ba2e6b56913b679b72321c4f3ddb2de930dcc4c1206542279a6cedbc,64
20262525,64,background,docs/research/figures/ws25-v1fix-formal-cdf/seed20262525-b064-background-fct-cdf.svg,drill,20261004-070000-ws25-formal-s25-b064-drill,8976f794c58beea65c6d0370bd90bda4d49ea6b3ded840a34083910221ed8701,30ea299919e01ef1ccb6afbd4ea85a478d7e0ee258f5592eb845523aa6f3f94e,64
20262525,64,background,docs/research/figures/ws25-v1fix-formal-cdf/seed20262525-b064-background-fct-cdf.svg,conga,20261004-070000-ws25-formal-s25-b064-conga,8976f794c58beea65c6d0370bd90bda4d49ea6b3ded840a34083910221ed8701,d84c4a7259901b1238bea309911da695900edf318a0d9b85518aa6df64269b0a,64
20262525,64,background,docs/research/figures/ws25-v1fix-formal-cdf/seed20262525-b064-background-fct-cdf.svg,letflow,20261004-070000-ws25-formal-s25-b064-letflow,8976f794c58beea65c6d0370bd90bda4d49ea6b3ded840a34083910221ed8701,e4bebaa3ab5153e48e46c66f23be1d8f9b836281c5ceecc8c20add1f4fc008d0,64
20262525,64,background,docs/research/figures/ws25-v1fix-formal-cdf/seed20262525-b064-background-fct-cdf.svg,conweave,20261004-070000-ws25-formal-s25-b064-conweave,8976f794c58beea65c6d0370bd90bda4d49ea6b3ded840a34083910221ed8701,1913620d0c4d6b18068a289bea35f9fd31306db0a405c0ff7df26b2398d5838d,64
20262525,64,background,docs/research/figures/ws25-v1fix-formal-cdf/seed20262525-b064-background-fct-cdf.svg,classreserve,20261004-070000-ws25-formal-s25-b064-classreserve,8976f794c58beea65c6d0370bd90bda4d49ea6b3ded840a34083910221ed8701,7eae5346d6071093d036aa53338d556ef285d3c120b4c7ab2f9ddd70e1b73d6c,64
20262525,128,moe,docs/research/figures/ws25-v1fix-formal-cdf/seed20262525-b128-moe-fct-cdf.svg,fecmp,20261004-070000-ws25-formal-s25-b128-fecmp,1a1f3a31c67fe772b6f8b052325cd0407570879cd175f7afabc03255bd0a3409,daa2717705f5cb067f29ced42d7dc8859d90abf8f9844151a23d4d5611f35cbc,16384
20262525,128,moe,docs/research/figures/ws25-v1fix-formal-cdf/seed20262525-b128-moe-fct-cdf.svg,drill,20261004-070000-ws25-formal-s25-b128-drill,1a1f3a31c67fe772b6f8b052325cd0407570879cd175f7afabc03255bd0a3409,5fb9eafb428e22519ada2bc3c9996cb7a78a6401ea2934b93d1747e21ff5b5c1,16384
20262525,128,moe,docs/research/figures/ws25-v1fix-formal-cdf/seed20262525-b128-moe-fct-cdf.svg,conga,20261004-070000-ws25-formal-s25-b128-conga,1a1f3a31c67fe772b6f8b052325cd0407570879cd175f7afabc03255bd0a3409,69af32032e3fb18ce0103fdfc86367e9900e13c4cd329f5de0dfbfb6c4a60170,16384
20262525,128,moe,docs/research/figures/ws25-v1fix-formal-cdf/seed20262525-b128-moe-fct-cdf.svg,letflow,20261004-070000-ws25-formal-s25-b128-letflow,1a1f3a31c67fe772b6f8b052325cd0407570879cd175f7afabc03255bd0a3409,fd636bce459c96ff2939d6039174164f46d843c69a342c221e7711a5bb914dd1,16384
20262525,128,moe,docs/research/figures/ws25-v1fix-formal-cdf/seed20262525-b128-moe-fct-cdf.svg,conweave,20261004-070000-ws25-formal-s25-b128-conweave,1a1f3a31c67fe772b6f8b052325cd0407570879cd175f7afabc03255bd0a3409,7eec2bde6f812547439f92b052f73f185cb7eadaffa4b588a58971edff8d482f,16384
20262525,128,moe,docs/research/figures/ws25-v1fix-formal-cdf/seed20262525-b128-moe-fct-cdf.svg,classreserve,20261004-070000-ws25-formal-s25-b128-classreserve,1a1f3a31c67fe772b6f8b052325cd0407570879cd175f7afabc03255bd0a3409,af91b97f3bed3176dc4b43e79199a30f0b60de6a67b904def7da72b39de4118b,16384
20262525,128,background,docs/research/figures/ws25-v1fix-formal-cdf/seed20262525-b128-background-fct-cdf.svg,fecmp,20261004-070000-ws25-formal-s25-b128-fecmp,1a1f3a31c67fe772b6f8b052325cd0407570879cd175f7afabc03255bd0a3409,daa2717705f5cb067f29ced42d7dc8859d90abf8f9844151a23d4d5611f35cbc,128
20262525,128,background,docs/research/figures/ws25-v1fix-formal-cdf/seed20262525-b128-background-fct-cdf.svg,drill,20261004-070000-ws25-formal-s25-b128-drill,1a1f3a31c67fe772b6f8b052325cd0407570879cd175f7afabc03255bd0a3409,5fb9eafb428e22519ada2bc3c9996cb7a78a6401ea2934b93d1747e21ff5b5c1,128
20262525,128,background,docs/research/figures/ws25-v1fix-formal-cdf/seed20262525-b128-background-fct-cdf.svg,conga,20261004-070000-ws25-formal-s25-b128-conga,1a1f3a31c67fe772b6f8b052325cd0407570879cd175f7afabc03255bd0a3409,69af32032e3fb18ce0103fdfc86367e9900e13c4cd329f5de0dfbfb6c4a60170,128
20262525,128,background,docs/research/figures/ws25-v1fix-formal-cdf/seed20262525-b128-background-fct-cdf.svg,letflow,20261004-070000-ws25-formal-s25-b128-letflow,1a1f3a31c67fe772b6f8b052325cd0407570879cd175f7afabc03255bd0a3409,fd636bce459c96ff2939d6039174164f46d843c69a342c221e7711a5bb914dd1,128
20262525,128,background,docs/research/figures/ws25-v1fix-formal-cdf/seed20262525-b128-background-fct-cdf.svg,conweave,20261004-070000-ws25-formal-s25-b128-conweave,1a1f3a31c67fe772b6f8b052325cd0407570879cd175f7afabc03255bd0a3409,7eec2bde6f812547439f92b052f73f185cb7eadaffa4b588a58971edff8d482f,128
20262525,128,background,docs/research/figures/ws25-v1fix-formal-cdf/seed20262525-b128-background-fct-cdf.svg,classreserve,20261004-070000-ws25-formal-s25-b128-classreserve,1a1f3a31c67fe772b6f8b052325cd0407570879cd175f7afabc03255bd0a3409,af91b97f3bed3176dc4b43e79199a30f0b60de6a67b904def7da72b39de4118b,128
20262525,192,moe,docs/research/figures/ws25-v1fix-formal-cdf/seed20262525-b192-moe-fct-cdf.svg,fecmp,20261004-070000-ws25-formal-s25-b192-fecmp,925d4683adc298d3d1b05ce708127d344f243ffb86c518cd57b94f0a2a0bad2f,6867000d04d5dc0baf86f0045a137836ab96a06be405b5ef9aea62afad42a733,16384
20262525,192,moe,docs/research/figures/ws25-v1fix-formal-cdf/seed20262525-b192-moe-fct-cdf.svg,drill,20261004-070000-ws25-formal-s25-b192-drill,925d4683adc298d3d1b05ce708127d344f243ffb86c518cd57b94f0a2a0bad2f,8010a078657055d95f8ed7c149b99d87484e3a44327bb45701b727e6cbd701d8,16384
20262525,192,moe,docs/research/figures/ws25-v1fix-formal-cdf/seed20262525-b192-moe-fct-cdf.svg,conga,20261004-070000-ws25-formal-s25-b192-conga,925d4683adc298d3d1b05ce708127d344f243ffb86c518cd57b94f0a2a0bad2f,f8e51d883bf4ec114fd1ded34e2ac22cdad22ed1b0babcb54ed984208e73b398,16384
20262525,192,moe,docs/research/figures/ws25-v1fix-formal-cdf/seed20262525-b192-moe-fct-cdf.svg,letflow,20261004-070000-ws25-formal-s25-b192-letflow,925d4683adc298d3d1b05ce708127d344f243ffb86c518cd57b94f0a2a0bad2f,71803da86f8958802747d723b9957ecfc3d5798570e698eefa166bed2b7d2ce5,16384
20262525,192,moe,docs/research/figures/ws25-v1fix-formal-cdf/seed20262525-b192-moe-fct-cdf.svg,conweave,20261004-070000-ws25-formal-s25-b192-conweave,925d4683adc298d3d1b05ce708127d344f243ffb86c518cd57b94f0a2a0bad2f,8845ddce7668c54daf58b858b8ec2ccbfda98b139e226529e3f51c85c6c51018,16384
20262525,192,moe,docs/research/figures/ws25-v1fix-formal-cdf/seed20262525-b192-moe-fct-cdf.svg,classreserve,20261004-070000-ws25-formal-s25-b192-classreserve,925d4683adc298d3d1b05ce708127d344f243ffb86c518cd57b94f0a2a0bad2f,163a2977a33aeff827edbf96fbb15883aec8602b990259824bb6c36acc3adebd,16384
20262525,192,background,docs/research/figures/ws25-v1fix-formal-cdf/seed20262525-b192-background-fct-cdf.svg,fecmp,20261004-070000-ws25-formal-s25-b192-fecmp,925d4683adc298d3d1b05ce708127d344f243ffb86c518cd57b94f0a2a0bad2f,6867000d04d5dc0baf86f0045a137836ab96a06be405b5ef9aea62afad42a733,192
20262525,192,background,docs/research/figures/ws25-v1fix-formal-cdf/seed20262525-b192-background-fct-cdf.svg,drill,20261004-070000-ws25-formal-s25-b192-drill,925d4683adc298d3d1b05ce708127d344f243ffb86c518cd57b94f0a2a0bad2f,8010a078657055d95f8ed7c149b99d87484e3a44327bb45701b727e6cbd701d8,192
20262525,192,background,docs/research/figures/ws25-v1fix-formal-cdf/seed20262525-b192-background-fct-cdf.svg,conga,20261004-070000-ws25-formal-s25-b192-conga,925d4683adc298d3d1b05ce708127d344f243ffb86c518cd57b94f0a2a0bad2f,f8e51d883bf4ec114fd1ded34e2ac22cdad22ed1b0babcb54ed984208e73b398,192
20262525,192,background,docs/research/figures/ws25-v1fix-formal-cdf/seed20262525-b192-background-fct-cdf.svg,letflow,20261004-070000-ws25-formal-s25-b192-letflow,925d4683adc298d3d1b05ce708127d344f243ffb86c518cd57b94f0a2a0bad2f,71803da86f8958802747d723b9957ecfc3d5798570e698eefa166bed2b7d2ce5,192
20262525,192,background,docs/research/figures/ws25-v1fix-formal-cdf/seed20262525-b192-background-fct-cdf.svg,conweave,20261004-070000-ws25-formal-s25-b192-conweave,925d4683adc298d3d1b05ce708127d344f243ffb86c518cd57b94f0a2a0bad2f,8845ddce7668c54daf58b858b8ec2ccbfda98b139e226529e3f51c85c6c51018,192
20262525,192,background,docs/research/figures/ws25-v1fix-formal-cdf/seed20262525-b192-background-fct-cdf.svg,classreserve,20261004-070000-ws25-formal-s25-b192-classreserve,925d4683adc298d3d1b05ce708127d344f243ffb86c518cd57b94f0a2a0bad2f,163a2977a33aeff827edbf96fbb15883aec8602b990259824bb6c36acc3adebd,192
20262526,0,moe,docs/research/figures/ws25-v1fix-formal-cdf/seed20262526-b000-moe-fct-cdf.svg,fecmp,20261004-070000-ws25-formal-s26-b000-fecmp,0b7de52b514487faa33f1a93b167bc83aa907ae8c3063c3a8a61f489afe36611,19757fe4280f52e583789780f8009de8c50cfb32e4a454a80dfeed29bb39ff99,16384
20262526,0,moe,docs/research/figures/ws25-v1fix-formal-cdf/seed20262526-b000-moe-fct-cdf.svg,drill,20261004-070000-ws25-formal-s26-b000-drill,0b7de52b514487faa33f1a93b167bc83aa907ae8c3063c3a8a61f489afe36611,4e5dc09476cd7fad6784c0cf0169a7d963b566c2467528646db3027fe72dc06c,16384
20262526,0,moe,docs/research/figures/ws25-v1fix-formal-cdf/seed20262526-b000-moe-fct-cdf.svg,conga,20261004-070000-ws25-formal-s26-b000-conga,0b7de52b514487faa33f1a93b167bc83aa907ae8c3063c3a8a61f489afe36611,dfdfc23b3fdf3ab704e5bf393b9ff29bbd601f348a5f9aa6278567f718dbff57,16384
20262526,0,moe,docs/research/figures/ws25-v1fix-formal-cdf/seed20262526-b000-moe-fct-cdf.svg,letflow,20261004-070000-ws25-formal-s26-b000-letflow,0b7de52b514487faa33f1a93b167bc83aa907ae8c3063c3a8a61f489afe36611,4d96d071e715aeeba001f9ac1839211c8b66df0848a8668d824fb9614d85da3e,16384
20262526,0,moe,docs/research/figures/ws25-v1fix-formal-cdf/seed20262526-b000-moe-fct-cdf.svg,conweave,20261004-070000-ws25-formal-s26-b000-conweave,0b7de52b514487faa33f1a93b167bc83aa907ae8c3063c3a8a61f489afe36611,ebae7dbb68f0abb04f6702e5c121018f1a131cdb2d76b27d27b2f90018de7da4,16384
20262526,0,moe,docs/research/figures/ws25-v1fix-formal-cdf/seed20262526-b000-moe-fct-cdf.svg,classreserve,20261004-070000-ws25-formal-s26-b000-classreserve,0b7de52b514487faa33f1a93b167bc83aa907ae8c3063c3a8a61f489afe36611,c0a06e5d60e8c282a374f95542acfb4aab6a7734387f066aedaa39675e611ae8,16384
20262526,64,moe,docs/research/figures/ws25-v1fix-formal-cdf/seed20262526-b064-moe-fct-cdf.svg,fecmp,20261004-070000-ws25-formal-s26-b064-fecmp,190949e676c3a20454c25f2eabda9b05a40a135947c360595ff8dcefc7e67c7f,9c56fceeddce302abffd0f136f1aa619959fd5eeb0d7604087b66ca363b21adc,16384
20262526,64,moe,docs/research/figures/ws25-v1fix-formal-cdf/seed20262526-b064-moe-fct-cdf.svg,drill,20261004-070000-ws25-formal-s26-b064-drill,190949e676c3a20454c25f2eabda9b05a40a135947c360595ff8dcefc7e67c7f,0d036a4753a3398e54ee01dc3457cb5d8ed765f68d48968bd49439fc0a85b92f,16384
20262526,64,moe,docs/research/figures/ws25-v1fix-formal-cdf/seed20262526-b064-moe-fct-cdf.svg,conga,20261004-070000-ws25-formal-s26-b064-conga,190949e676c3a20454c25f2eabda9b05a40a135947c360595ff8dcefc7e67c7f,7a9c353cc537e928034c4df58c4cee59c791fce83a6352670fed88ab993a339e,16384
20262526,64,moe,docs/research/figures/ws25-v1fix-formal-cdf/seed20262526-b064-moe-fct-cdf.svg,letflow,20261004-070000-ws25-formal-s26-b064-letflow,190949e676c3a20454c25f2eabda9b05a40a135947c360595ff8dcefc7e67c7f,b57bd2d7a8549734be2939ebe67a01c4cb85d3cf43b9987441d0dc969374b6fa,16384
20262526,64,moe,docs/research/figures/ws25-v1fix-formal-cdf/seed20262526-b064-moe-fct-cdf.svg,conweave,20261004-070000-ws25-formal-s26-b064-conweave,190949e676c3a20454c25f2eabda9b05a40a135947c360595ff8dcefc7e67c7f,c742fb82e9b18ec163ce076caa21680fd16547c973502a988e84caf6644feec1,16384
20262526,64,moe,docs/research/figures/ws25-v1fix-formal-cdf/seed20262526-b064-moe-fct-cdf.svg,classreserve,20261004-070000-ws25-formal-s26-b064-classreserve,190949e676c3a20454c25f2eabda9b05a40a135947c360595ff8dcefc7e67c7f,1988bf373261f7b22e122554a29906ac2d5be4f590366251d26b958977f5ab29,16384
20262526,64,background,docs/research/figures/ws25-v1fix-formal-cdf/seed20262526-b064-background-fct-cdf.svg,fecmp,20261004-070000-ws25-formal-s26-b064-fecmp,190949e676c3a20454c25f2eabda9b05a40a135947c360595ff8dcefc7e67c7f,9c56fceeddce302abffd0f136f1aa619959fd5eeb0d7604087b66ca363b21adc,64
20262526,64,background,docs/research/figures/ws25-v1fix-formal-cdf/seed20262526-b064-background-fct-cdf.svg,drill,20261004-070000-ws25-formal-s26-b064-drill,190949e676c3a20454c25f2eabda9b05a40a135947c360595ff8dcefc7e67c7f,0d036a4753a3398e54ee01dc3457cb5d8ed765f68d48968bd49439fc0a85b92f,64
20262526,64,background,docs/research/figures/ws25-v1fix-formal-cdf/seed20262526-b064-background-fct-cdf.svg,conga,20261004-070000-ws25-formal-s26-b064-conga,190949e676c3a20454c25f2eabda9b05a40a135947c360595ff8dcefc7e67c7f,7a9c353cc537e928034c4df58c4cee59c791fce83a6352670fed88ab993a339e,64
20262526,64,background,docs/research/figures/ws25-v1fix-formal-cdf/seed20262526-b064-background-fct-cdf.svg,letflow,20261004-070000-ws25-formal-s26-b064-letflow,190949e676c3a20454c25f2eabda9b05a40a135947c360595ff8dcefc7e67c7f,b57bd2d7a8549734be2939ebe67a01c4cb85d3cf43b9987441d0dc969374b6fa,64
20262526,64,background,docs/research/figures/ws25-v1fix-formal-cdf/seed20262526-b064-background-fct-cdf.svg,conweave,20261004-070000-ws25-formal-s26-b064-conweave,190949e676c3a20454c25f2eabda9b05a40a135947c360595ff8dcefc7e67c7f,c742fb82e9b18ec163ce076caa21680fd16547c973502a988e84caf6644feec1,64
20262526,64,background,docs/research/figures/ws25-v1fix-formal-cdf/seed20262526-b064-background-fct-cdf.svg,classreserve,20261004-070000-ws25-formal-s26-b064-classreserve,190949e676c3a20454c25f2eabda9b05a40a135947c360595ff8dcefc7e67c7f,1988bf373261f7b22e122554a29906ac2d5be4f590366251d26b958977f5ab29,64
20262526,128,moe,docs/research/figures/ws25-v1fix-formal-cdf/seed20262526-b128-moe-fct-cdf.svg,fecmp,20261004-070000-ws25-formal-s26-b128-fecmp,22cbe23908d194bac572c8072a3b320fe683d2b4062a43ded3c98bbfa83c0916,b72613cfbce241e656c3c6d5f89bcf672eb77d1f7d36d69b3f01f1aedfe6e6e7,16384
20262526,128,moe,docs/research/figures/ws25-v1fix-formal-cdf/seed20262526-b128-moe-fct-cdf.svg,drill,20261004-070000-ws25-formal-s26-b128-drill,22cbe23908d194bac572c8072a3b320fe683d2b4062a43ded3c98bbfa83c0916,571045f65bff90265c0e244f35ae5bb166b749e5384857f2c1432c79c9ca9786,16384
20262526,128,moe,docs/research/figures/ws25-v1fix-formal-cdf/seed20262526-b128-moe-fct-cdf.svg,conga,20261004-070000-ws25-formal-s26-b128-conga,22cbe23908d194bac572c8072a3b320fe683d2b4062a43ded3c98bbfa83c0916,e03d411e5e291c1aac3a5a15945ccd7614d674e7d7d13da5046843e47818c831,16384
20262526,128,moe,docs/research/figures/ws25-v1fix-formal-cdf/seed20262526-b128-moe-fct-cdf.svg,letflow,20261004-070000-ws25-formal-s26-b128-letflow,22cbe23908d194bac572c8072a3b320fe683d2b4062a43ded3c98bbfa83c0916,824a4e14291b39b79626266b8bbd2b71e4b8bb32a75a0c3d198c30db698bf452,16384
20262526,128,moe,docs/research/figures/ws25-v1fix-formal-cdf/seed20262526-b128-moe-fct-cdf.svg,conweave,20261004-070000-ws25-formal-s26-b128-conweave,22cbe23908d194bac572c8072a3b320fe683d2b4062a43ded3c98bbfa83c0916,a7fc395ca90a02c38125ac84850f70963d4c645d275c53a8048941645b1a4cca,16384
20262526,128,moe,docs/research/figures/ws25-v1fix-formal-cdf/seed20262526-b128-moe-fct-cdf.svg,classreserve,20261004-070000-ws25-formal-s26-b128-classreserve,22cbe23908d194bac572c8072a3b320fe683d2b4062a43ded3c98bbfa83c0916,964fc60796dc516927dd46886f1a86b92d5aab434771c53eab12b57fa7a71e55,16384
20262526,128,background,docs/research/figures/ws25-v1fix-formal-cdf/seed20262526-b128-background-fct-cdf.svg,fecmp,20261004-070000-ws25-formal-s26-b128-fecmp,22cbe23908d194bac572c8072a3b320fe683d2b4062a43ded3c98bbfa83c0916,b72613cfbce241e656c3c6d5f89bcf672eb77d1f7d36d69b3f01f1aedfe6e6e7,128
20262526,128,background,docs/research/figures/ws25-v1fix-formal-cdf/seed20262526-b128-background-fct-cdf.svg,drill,20261004-070000-ws25-formal-s26-b128-drill,22cbe23908d194bac572c8072a3b320fe683d2b4062a43ded3c98bbfa83c0916,571045f65bff90265c0e244f35ae5bb166b749e5384857f2c1432c79c9ca9786,128
20262526,128,background,docs/research/figures/ws25-v1fix-formal-cdf/seed20262526-b128-background-fct-cdf.svg,conga,20261004-070000-ws25-formal-s26-b128-conga,22cbe23908d194bac572c8072a3b320fe683d2b4062a43ded3c98bbfa83c0916,e03d411e5e291c1aac3a5a15945ccd7614d674e7d7d13da5046843e47818c831,128
20262526,128,background,docs/research/figures/ws25-v1fix-formal-cdf/seed20262526-b128-background-fct-cdf.svg,letflow,20261004-070000-ws25-formal-s26-b128-letflow,22cbe23908d194bac572c8072a3b320fe683d2b4062a43ded3c98bbfa83c0916,824a4e14291b39b79626266b8bbd2b71e4b8bb32a75a0c3d198c30db698bf452,128
20262526,128,background,docs/research/figures/ws25-v1fix-formal-cdf/seed20262526-b128-background-fct-cdf.svg,conweave,20261004-070000-ws25-formal-s26-b128-conweave,22cbe23908d194bac572c8072a3b320fe683d2b4062a43ded3c98bbfa83c0916,a7fc395ca90a02c38125ac84850f70963d4c645d275c53a8048941645b1a4cca,128
20262526,128,background,docs/research/figures/ws25-v1fix-formal-cdf/seed20262526-b128-background-fct-cdf.svg,classreserve,20261004-070000-ws25-formal-s26-b128-classreserve,22cbe23908d194bac572c8072a3b320fe683d2b4062a43ded3c98bbfa83c0916,964fc60796dc516927dd46886f1a86b92d5aab434771c53eab12b57fa7a71e55,128
20262526,192,moe,docs/research/figures/ws25-v1fix-formal-cdf/seed20262526-b192-moe-fct-cdf.svg,fecmp,20261004-070000-ws25-formal-s26-b192-fecmp,6710ce30cdc89b2d5095c0408a3f8b3180ab2f6fbbcd1b8c77a7d43f5304f2cd,a9a029429cb8bfffcd378c9699c3ff65150a709dfe30ffa779b56b3207072e8e,16384
20262526,192,moe,docs/research/figures/ws25-v1fix-formal-cdf/seed20262526-b192-moe-fct-cdf.svg,drill,20261004-070000-ws25-formal-s26-b192-drill,6710ce30cdc89b2d5095c0408a3f8b3180ab2f6fbbcd1b8c77a7d43f5304f2cd,b5d7ad7009092a091acf92fe0fb8b3a7fd1bd220015e09594022047bfb618055,16384
20262526,192,moe,docs/research/figures/ws25-v1fix-formal-cdf/seed20262526-b192-moe-fct-cdf.svg,conga,20261004-070000-ws25-formal-s26-b192-conga,6710ce30cdc89b2d5095c0408a3f8b3180ab2f6fbbcd1b8c77a7d43f5304f2cd,143d64ff253ad324d797354f1a99721303a35af1deab9dcadab342d0089023e9,16384
20262526,192,moe,docs/research/figures/ws25-v1fix-formal-cdf/seed20262526-b192-moe-fct-cdf.svg,letflow,20261004-070000-ws25-formal-s26-b192-letflow,6710ce30cdc89b2d5095c0408a3f8b3180ab2f6fbbcd1b8c77a7d43f5304f2cd,1f7880fdbb54babeec166c6e25975d7a72c45b614d6f14f021afdb72c5034152,16384
20262526,192,moe,docs/research/figures/ws25-v1fix-formal-cdf/seed20262526-b192-moe-fct-cdf.svg,conweave,20261004-070000-ws25-formal-s26-b192-conweave,6710ce30cdc89b2d5095c0408a3f8b3180ab2f6fbbcd1b8c77a7d43f5304f2cd,ebc892fdec31830b074058a0bd12133b619b23d0cbdfa08a9f6ef51aa76ac22a,16384
20262526,192,moe,docs/research/figures/ws25-v1fix-formal-cdf/seed20262526-b192-moe-fct-cdf.svg,classreserve,20261004-070000-ws25-formal-s26-b192-classreserve,6710ce30cdc89b2d5095c0408a3f8b3180ab2f6fbbcd1b8c77a7d43f5304f2cd,ea8ef1da8a596c300277ab915b991ac8b871dc512b84fb148df62758d4a181da,16384
20262526,192,background,docs/research/figures/ws25-v1fix-formal-cdf/seed20262526-b192-background-fct-cdf.svg,fecmp,20261004-070000-ws25-formal-s26-b192-fecmp,6710ce30cdc89b2d5095c0408a3f8b3180ab2f6fbbcd1b8c77a7d43f5304f2cd,a9a029429cb8bfffcd378c9699c3ff65150a709dfe30ffa779b56b3207072e8e,192
20262526,192,background,docs/research/figures/ws25-v1fix-formal-cdf/seed20262526-b192-background-fct-cdf.svg,drill,20261004-070000-ws25-formal-s26-b192-drill,6710ce30cdc89b2d5095c0408a3f8b3180ab2f6fbbcd1b8c77a7d43f5304f2cd,b5d7ad7009092a091acf92fe0fb8b3a7fd1bd220015e09594022047bfb618055,192
20262526,192,background,docs/research/figures/ws25-v1fix-formal-cdf/seed20262526-b192-background-fct-cdf.svg,conga,20261004-070000-ws25-formal-s26-b192-conga,6710ce30cdc89b2d5095c0408a3f8b3180ab2f6fbbcd1b8c77a7d43f5304f2cd,143d64ff253ad324d797354f1a99721303a35af1deab9dcadab342d0089023e9,192
20262526,192,background,docs/research/figures/ws25-v1fix-formal-cdf/seed20262526-b192-background-fct-cdf.svg,letflow,20261004-070000-ws25-formal-s26-b192-letflow,6710ce30cdc89b2d5095c0408a3f8b3180ab2f6fbbcd1b8c77a7d43f5304f2cd,1f7880fdbb54babeec166c6e25975d7a72c45b614d6f14f021afdb72c5034152,192
20262526,192,background,docs/research/figures/ws25-v1fix-formal-cdf/seed20262526-b192-background-fct-cdf.svg,conweave,20261004-070000-ws25-formal-s26-b192-conweave,6710ce30cdc89b2d5095c0408a3f8b3180ab2f6fbbcd1b8c77a7d43f5304f2cd,ebc892fdec31830b074058a0bd12133b619b23d0cbdfa08a9f6ef51aa76ac22a,192
20262526,192,background,docs/research/figures/ws25-v1fix-formal-cdf/seed20262526-b192-background-fct-cdf.svg,classreserve,20261004-070000-ws25-formal-s26-b192-classreserve,6710ce30cdc89b2d5095c0408a3f8b3180ab2f6fbbcd1b8c77a7d43f5304f2cd,ea8ef1da8a596c300277ab915b991ac8b871dc512b84fb148df62758d4a181da,192
20262527,0,moe,docs/research/figures/ws25-v1fix-formal-cdf/seed20262527-b000-moe-fct-cdf.svg,fecmp,20261004-070000-ws25-formal-s27-b000-fecmp,28675e578e270a82a362bece894bcd6208d5c36435024def4a244562cebdcabb,07e385a301c871f7d2b8c3dbac9ea12b778e8054aa97a739cb2930406d4d5870,16384
20262527,0,moe,docs/research/figures/ws25-v1fix-formal-cdf/seed20262527-b000-moe-fct-cdf.svg,drill,20261004-070000-ws25-formal-s27-b000-drill,28675e578e270a82a362bece894bcd6208d5c36435024def4a244562cebdcabb,2f4ec7fea96889d4edb098c851ca37e3db82df5108862d083d0095e53c8b547d,16384
20262527,0,moe,docs/research/figures/ws25-v1fix-formal-cdf/seed20262527-b000-moe-fct-cdf.svg,conga,20261004-070000-ws25-formal-s27-b000-conga,28675e578e270a82a362bece894bcd6208d5c36435024def4a244562cebdcabb,68924489acb9ec42128a4e0cb5894df7b3d627ac89f71f4035b995f72dc8fa74,16384
20262527,0,moe,docs/research/figures/ws25-v1fix-formal-cdf/seed20262527-b000-moe-fct-cdf.svg,letflow,20261004-070000-ws25-formal-s27-b000-letflow,28675e578e270a82a362bece894bcd6208d5c36435024def4a244562cebdcabb,0980e0c45a54cc7e6c56e1d0cc501fa8b024920e7c4266b80f6bdf62f7b16a7e,16384
20262527,0,moe,docs/research/figures/ws25-v1fix-formal-cdf/seed20262527-b000-moe-fct-cdf.svg,conweave,20261004-070000-ws25-formal-s27-b000-conweave,28675e578e270a82a362bece894bcd6208d5c36435024def4a244562cebdcabb,5cdf3ad485ff565fc6340caef5f1856dfe73eec194870acde21cfe0935df1ec2,16384
20262527,0,moe,docs/research/figures/ws25-v1fix-formal-cdf/seed20262527-b000-moe-fct-cdf.svg,classreserve,20261004-070000-ws25-formal-s27-b000-classreserve,28675e578e270a82a362bece894bcd6208d5c36435024def4a244562cebdcabb,b962d0ced9961f1c8fe09fa95a038978fce37d676a1c3050df359e02c9e4e8bd,16384
20262527,64,moe,docs/research/figures/ws25-v1fix-formal-cdf/seed20262527-b064-moe-fct-cdf.svg,fecmp,20261004-070000-ws25-formal-s27-b064-fecmp,8dea0f8f445ff3c3dcf523f3d558df4fbc6d2fb6e5e478c84fc01e2ea5260763,17cf64d4a5d3a6877b688a447726ed2c68bb37ebc1fd31c880b23ef5a168f254,16384
20262527,64,moe,docs/research/figures/ws25-v1fix-formal-cdf/seed20262527-b064-moe-fct-cdf.svg,drill,20261004-070000-ws25-formal-s27-b064-drill,8dea0f8f445ff3c3dcf523f3d558df4fbc6d2fb6e5e478c84fc01e2ea5260763,cf4a32f88fe21daa448078455296f495eeca657b21a2ea63f515adbfa46dbef7,16384
20262527,64,moe,docs/research/figures/ws25-v1fix-formal-cdf/seed20262527-b064-moe-fct-cdf.svg,conga,20261004-070000-ws25-formal-s27-b064-conga,8dea0f8f445ff3c3dcf523f3d558df4fbc6d2fb6e5e478c84fc01e2ea5260763,f889ab7fbc4dcdb57927ac31b228e8356381ded8239a0b617cfb21b7aec04d92,16384
20262527,64,moe,docs/research/figures/ws25-v1fix-formal-cdf/seed20262527-b064-moe-fct-cdf.svg,letflow,20261004-070000-ws25-formal-s27-b064-letflow,8dea0f8f445ff3c3dcf523f3d558df4fbc6d2fb6e5e478c84fc01e2ea5260763,a696a13f97c1fb625bffff846ae90f96bced43a4a6b0c58658e6376eb122eb96,16384
20262527,64,moe,docs/research/figures/ws25-v1fix-formal-cdf/seed20262527-b064-moe-fct-cdf.svg,conweave,20261004-070000-ws25-formal-s27-b064-conweave,8dea0f8f445ff3c3dcf523f3d558df4fbc6d2fb6e5e478c84fc01e2ea5260763,f67bef429b7dbcacbb45188e89fb34d0bcb8cb20c0fd440b486e0fd1db21fd1d,16384
20262527,64,moe,docs/research/figures/ws25-v1fix-formal-cdf/seed20262527-b064-moe-fct-cdf.svg,classreserve,20261004-070000-ws25-formal-s27-b064-classreserve,8dea0f8f445ff3c3dcf523f3d558df4fbc6d2fb6e5e478c84fc01e2ea5260763,4f6d74a64bc8018a0d43db9ae6f9c9e7f09d582ed26bca62b22b220ea8e49461,16384
20262527,64,background,docs/research/figures/ws25-v1fix-formal-cdf/seed20262527-b064-background-fct-cdf.svg,fecmp,20261004-070000-ws25-formal-s27-b064-fecmp,8dea0f8f445ff3c3dcf523f3d558df4fbc6d2fb6e5e478c84fc01e2ea5260763,17cf64d4a5d3a6877b688a447726ed2c68bb37ebc1fd31c880b23ef5a168f254,64
20262527,64,background,docs/research/figures/ws25-v1fix-formal-cdf/seed20262527-b064-background-fct-cdf.svg,drill,20261004-070000-ws25-formal-s27-b064-drill,8dea0f8f445ff3c3dcf523f3d558df4fbc6d2fb6e5e478c84fc01e2ea5260763,cf4a32f88fe21daa448078455296f495eeca657b21a2ea63f515adbfa46dbef7,64
20262527,64,background,docs/research/figures/ws25-v1fix-formal-cdf/seed20262527-b064-background-fct-cdf.svg,conga,20261004-070000-ws25-formal-s27-b064-conga,8dea0f8f445ff3c3dcf523f3d558df4fbc6d2fb6e5e478c84fc01e2ea5260763,f889ab7fbc4dcdb57927ac31b228e8356381ded8239a0b617cfb21b7aec04d92,64
20262527,64,background,docs/research/figures/ws25-v1fix-formal-cdf/seed20262527-b064-background-fct-cdf.svg,letflow,20261004-070000-ws25-formal-s27-b064-letflow,8dea0f8f445ff3c3dcf523f3d558df4fbc6d2fb6e5e478c84fc01e2ea5260763,a696a13f97c1fb625bffff846ae90f96bced43a4a6b0c58658e6376eb122eb96,64
20262527,64,background,docs/research/figures/ws25-v1fix-formal-cdf/seed20262527-b064-background-fct-cdf.svg,conweave,20261004-070000-ws25-formal-s27-b064-conweave,8dea0f8f445ff3c3dcf523f3d558df4fbc6d2fb6e5e478c84fc01e2ea5260763,f67bef429b7dbcacbb45188e89fb34d0bcb8cb20c0fd440b486e0fd1db21fd1d,64
20262527,64,background,docs/research/figures/ws25-v1fix-formal-cdf/seed20262527-b064-background-fct-cdf.svg,classreserve,20261004-070000-ws25-formal-s27-b064-classreserve,8dea0f8f445ff3c3dcf523f3d558df4fbc6d2fb6e5e478c84fc01e2ea5260763,4f6d74a64bc8018a0d43db9ae6f9c9e7f09d582ed26bca62b22b220ea8e49461,64
20262527,128,moe,docs/research/figures/ws25-v1fix-formal-cdf/seed20262527-b128-moe-fct-cdf.svg,fecmp,20261004-070000-ws25-formal-s27-b128-fecmp,a62c8058d35a5d3a01e2e4692ff6cd6a26e9892254fa05071a78f9ce4a882f6b,fc59eec442bd70930e20f45c82bfd4adf36501ee6ac83bf2c059771bfc936dc9,16384
20262527,128,moe,docs/research/figures/ws25-v1fix-formal-cdf/seed20262527-b128-moe-fct-cdf.svg,drill,20261004-070000-ws25-formal-s27-b128-drill,a62c8058d35a5d3a01e2e4692ff6cd6a26e9892254fa05071a78f9ce4a882f6b,117fc494be12da02ac1bb87ba87a429355874a492eac08f18c93d679a53b541a,16384
20262527,128,moe,docs/research/figures/ws25-v1fix-formal-cdf/seed20262527-b128-moe-fct-cdf.svg,conga,20261004-070000-ws25-formal-s27-b128-conga,a62c8058d35a5d3a01e2e4692ff6cd6a26e9892254fa05071a78f9ce4a882f6b,310d72ecce62145c107829b77203e39e8ceb7a5922874bffd2230191d2aa786c,16384
20262527,128,moe,docs/research/figures/ws25-v1fix-formal-cdf/seed20262527-b128-moe-fct-cdf.svg,letflow,20261004-070000-ws25-formal-s27-b128-letflow,a62c8058d35a5d3a01e2e4692ff6cd6a26e9892254fa05071a78f9ce4a882f6b,5a8634b7862a076376f8dbe7d5fff0164ff0010284522abf4431f0020292e1a2,16384
20262527,128,moe,docs/research/figures/ws25-v1fix-formal-cdf/seed20262527-b128-moe-fct-cdf.svg,conweave,20261004-070000-ws25-formal-s27-b128-conweave,a62c8058d35a5d3a01e2e4692ff6cd6a26e9892254fa05071a78f9ce4a882f6b,5f6cb2f3d4d060c91262406be497dfd92b32f3f533940e32094f51903db19f0b,16384
20262527,128,moe,docs/research/figures/ws25-v1fix-formal-cdf/seed20262527-b128-moe-fct-cdf.svg,classreserve,20261004-070000-ws25-formal-s27-b128-classreserve,a62c8058d35a5d3a01e2e4692ff6cd6a26e9892254fa05071a78f9ce4a882f6b,79225997476d702338fc88a84a8f993c92843ce547933787e6ed0c431957ee4d,16384
20262527,128,background,docs/research/figures/ws25-v1fix-formal-cdf/seed20262527-b128-background-fct-cdf.svg,fecmp,20261004-070000-ws25-formal-s27-b128-fecmp,a62c8058d35a5d3a01e2e4692ff6cd6a26e9892254fa05071a78f9ce4a882f6b,fc59eec442bd70930e20f45c82bfd4adf36501ee6ac83bf2c059771bfc936dc9,128
20262527,128,background,docs/research/figures/ws25-v1fix-formal-cdf/seed20262527-b128-background-fct-cdf.svg,drill,20261004-070000-ws25-formal-s27-b128-drill,a62c8058d35a5d3a01e2e4692ff6cd6a26e9892254fa05071a78f9ce4a882f6b,117fc494be12da02ac1bb87ba87a429355874a492eac08f18c93d679a53b541a,128
20262527,128,background,docs/research/figures/ws25-v1fix-formal-cdf/seed20262527-b128-background-fct-cdf.svg,conga,20261004-070000-ws25-formal-s27-b128-conga,a62c8058d35a5d3a01e2e4692ff6cd6a26e9892254fa05071a78f9ce4a882f6b,310d72ecce62145c107829b77203e39e8ceb7a5922874bffd2230191d2aa786c,128
20262527,128,background,docs/research/figures/ws25-v1fix-formal-cdf/seed20262527-b128-background-fct-cdf.svg,letflow,20261004-070000-ws25-formal-s27-b128-letflow,a62c8058d35a5d3a01e2e4692ff6cd6a26e9892254fa05071a78f9ce4a882f6b,5a8634b7862a076376f8dbe7d5fff0164ff0010284522abf4431f0020292e1a2,128
20262527,128,background,docs/research/figures/ws25-v1fix-formal-cdf/seed20262527-b128-background-fct-cdf.svg,conweave,20261004-070000-ws25-formal-s27-b128-conweave,a62c8058d35a5d3a01e2e4692ff6cd6a26e9892254fa05071a78f9ce4a882f6b,5f6cb2f3d4d060c91262406be497dfd92b32f3f533940e32094f51903db19f0b,128
20262527,128,background,docs/research/figures/ws25-v1fix-formal-cdf/seed20262527-b128-background-fct-cdf.svg,classreserve,20261004-070000-ws25-formal-s27-b128-classreserve,a62c8058d35a5d3a01e2e4692ff6cd6a26e9892254fa05071a78f9ce4a882f6b,79225997476d702338fc88a84a8f993c92843ce547933787e6ed0c431957ee4d,128
20262527,192,moe,docs/research/figures/ws25-v1fix-formal-cdf/seed20262527-b192-moe-fct-cdf.svg,fecmp,20261004-070000-ws25-formal-s27-b192-fecmp,b52a74f776840e3ff19af49e239251dff3409f6d6197373e8175b3aff98d19d3,1f4f2b1b83be6d3ef1fcb433184916a60bc99c956b6f2bf5c195a3613ebbe722,16384
20262527,192,moe,docs/research/figures/ws25-v1fix-formal-cdf/seed20262527-b192-moe-fct-cdf.svg,drill,20261004-070000-ws25-formal-s27-b192-drill,b52a74f776840e3ff19af49e239251dff3409f6d6197373e8175b3aff98d19d3,37f53d87e2a385570da9e3dea4bfeccc0bf3173d199db83ccfc341790890d045,16384
20262527,192,moe,docs/research/figures/ws25-v1fix-formal-cdf/seed20262527-b192-moe-fct-cdf.svg,conga,20261004-070000-ws25-formal-s27-b192-conga,b52a74f776840e3ff19af49e239251dff3409f6d6197373e8175b3aff98d19d3,6a064d640302f2432f2cfcc3118ec847a3072f4eb959ab088a96411fa327ce3e,16384
20262527,192,moe,docs/research/figures/ws25-v1fix-formal-cdf/seed20262527-b192-moe-fct-cdf.svg,letflow,20261004-070000-ws25-formal-s27-b192-letflow,b52a74f776840e3ff19af49e239251dff3409f6d6197373e8175b3aff98d19d3,79be5513658d80e89fbf2511785ff49e3fad5ebcfe8d65e5125b14dff9a7c545,16384
20262527,192,moe,docs/research/figures/ws25-v1fix-formal-cdf/seed20262527-b192-moe-fct-cdf.svg,conweave,20261004-070000-ws25-formal-s27-b192-conweave,b52a74f776840e3ff19af49e239251dff3409f6d6197373e8175b3aff98d19d3,c3a4d5e7d4c067282512ed965c801b546f7c0549ed5ab19c368bb22de3be5da2,16384
20262527,192,moe,docs/research/figures/ws25-v1fix-formal-cdf/seed20262527-b192-moe-fct-cdf.svg,classreserve,20261004-070000-ws25-formal-s27-b192-classreserve,b52a74f776840e3ff19af49e239251dff3409f6d6197373e8175b3aff98d19d3,726203361099baa08fabfa3eaf324d894356ed3e1acc85ff11d01f8e7e378b78,16384
20262527,192,background,docs/research/figures/ws25-v1fix-formal-cdf/seed20262527-b192-background-fct-cdf.svg,fecmp,20261004-070000-ws25-formal-s27-b192-fecmp,b52a74f776840e3ff19af49e239251dff3409f6d6197373e8175b3aff98d19d3,1f4f2b1b83be6d3ef1fcb433184916a60bc99c956b6f2bf5c195a3613ebbe722,192
20262527,192,background,docs/research/figures/ws25-v1fix-formal-cdf/seed20262527-b192-background-fct-cdf.svg,drill,20261004-070000-ws25-formal-s27-b192-drill,b52a74f776840e3ff19af49e239251dff3409f6d6197373e8175b3aff98d19d3,37f53d87e2a385570da9e3dea4bfeccc0bf3173d199db83ccfc341790890d045,192
20262527,192,background,docs/research/figures/ws25-v1fix-formal-cdf/seed20262527-b192-background-fct-cdf.svg,conga,20261004-070000-ws25-formal-s27-b192-conga,b52a74f776840e3ff19af49e239251dff3409f6d6197373e8175b3aff98d19d3,6a064d640302f2432f2cfcc3118ec847a3072f4eb959ab088a96411fa327ce3e,192
20262527,192,background,docs/research/figures/ws25-v1fix-formal-cdf/seed20262527-b192-background-fct-cdf.svg,letflow,20261004-070000-ws25-formal-s27-b192-letflow,b52a74f776840e3ff19af49e239251dff3409f6d6197373e8175b3aff98d19d3,79be5513658d80e89fbf2511785ff49e3fad5ebcfe8d65e5125b14dff9a7c545,192
20262527,192,background,docs/research/figures/ws25-v1fix-formal-cdf/seed20262527-b192-background-fct-cdf.svg,conweave,20261004-070000-ws25-formal-s27-b192-conweave,b52a74f776840e3ff19af49e239251dff3409f6d6197373e8175b3aff98d19d3,c3a4d5e7d4c067282512ed965c801b546f7c0549ed5ab19c368bb22de3be5da2,192
20262527,192,background,docs/research/figures/ws25-v1fix-formal-cdf/seed20262527-b192-background-fct-cdf.svg,classreserve,20261004-070000-ws25-formal-s27-b192-classreserve,b52a74f776840e3ff19af49e239251dff3409f6d6197373e8175b3aff98d19d3,726203361099baa08fabfa3eaf324d894356ed3e1acc85ff11d01f8e7e378b78,192
20262528,0,moe,docs/research/figures/ws25-v1fix-formal-cdf/seed20262528-b000-moe-fct-cdf.svg,fecmp,20261004-070000-ws25-formal-s28-b000-fecmp,13d98a382b4ec86f1f137a681acd215bf0a729ace0000564d42c10edb40fb673,56c8c4821f35921cae5ef88e2475fc11d56f3d5c0c692d08a2e1fdf5d95edf75,16384
20262528,0,moe,docs/research/figures/ws25-v1fix-formal-cdf/seed20262528-b000-moe-fct-cdf.svg,drill,20261004-070000-ws25-formal-s28-b000-drill,13d98a382b4ec86f1f137a681acd215bf0a729ace0000564d42c10edb40fb673,62d42e8360bef1a45262dd9706b28903188165b5c3a91d5bd220811197cebfa6,16384
20262528,0,moe,docs/research/figures/ws25-v1fix-formal-cdf/seed20262528-b000-moe-fct-cdf.svg,conga,20261004-070000-ws25-formal-s28-b000-conga,13d98a382b4ec86f1f137a681acd215bf0a729ace0000564d42c10edb40fb673,7e3a2cff375409f17ede55a2846ed232f77d36085b16500f1daaf4fb56cb02b2,16384
20262528,0,moe,docs/research/figures/ws25-v1fix-formal-cdf/seed20262528-b000-moe-fct-cdf.svg,letflow,20261004-070000-ws25-formal-s28-b000-letflow,13d98a382b4ec86f1f137a681acd215bf0a729ace0000564d42c10edb40fb673,b151961a9de81768fcebf77030a073f103d77bd25490b6eafc1cc80b6b5b8cb7,16384
20262528,0,moe,docs/research/figures/ws25-v1fix-formal-cdf/seed20262528-b000-moe-fct-cdf.svg,conweave,20261004-070000-ws25-formal-s28-b000-conweave,13d98a382b4ec86f1f137a681acd215bf0a729ace0000564d42c10edb40fb673,c775fcdd1f79b385e3154da139f29c816f4af617a9dd97234741b1375052a2d3,16384
20262528,0,moe,docs/research/figures/ws25-v1fix-formal-cdf/seed20262528-b000-moe-fct-cdf.svg,classreserve,20261004-070000-ws25-formal-s28-b000-classreserve,13d98a382b4ec86f1f137a681acd215bf0a729ace0000564d42c10edb40fb673,058c45a28d1bb9cc667167b241a72153bd5230252b8f47fcdf1e3a2057fd0536,16384
20262528,64,moe,docs/research/figures/ws25-v1fix-formal-cdf/seed20262528-b064-moe-fct-cdf.svg,fecmp,20261004-070000-ws25-formal-s28-b064-fecmp,28b64d698f0a25c7dcd407f9225749ebe72c1bbb77c2eb242e8c3d5ea70c7053,2a79f4ccb2ac3600cd696819be1d4ba32b3d1dde70e9a404ea2e2ac4b972c0bc,16384
20262528,64,moe,docs/research/figures/ws25-v1fix-formal-cdf/seed20262528-b064-moe-fct-cdf.svg,drill,20261004-070000-ws25-formal-s28-b064-drill,28b64d698f0a25c7dcd407f9225749ebe72c1bbb77c2eb242e8c3d5ea70c7053,f108a9b7f598f4aa9e8924e9762c4940b38f365dcac77fc6e3fc4f9238032d34,16384
20262528,64,moe,docs/research/figures/ws25-v1fix-formal-cdf/seed20262528-b064-moe-fct-cdf.svg,conga,20261004-070000-ws25-formal-s28-b064-conga,28b64d698f0a25c7dcd407f9225749ebe72c1bbb77c2eb242e8c3d5ea70c7053,0c28f2a49908cbd70322dc8acfe2c1d6e9eb3d792301a348297ddcb2af656839,16384
20262528,64,moe,docs/research/figures/ws25-v1fix-formal-cdf/seed20262528-b064-moe-fct-cdf.svg,letflow,20261004-070000-ws25-formal-s28-b064-letflow,28b64d698f0a25c7dcd407f9225749ebe72c1bbb77c2eb242e8c3d5ea70c7053,299726ae329e49788e2b2f0c99db98d134c1139d49e9e66a43beb3931663a8e5,16384
20262528,64,moe,docs/research/figures/ws25-v1fix-formal-cdf/seed20262528-b064-moe-fct-cdf.svg,conweave,20261004-070000-ws25-formal-s28-b064-conweave,28b64d698f0a25c7dcd407f9225749ebe72c1bbb77c2eb242e8c3d5ea70c7053,c3f7964ef8ad2a888b2114f15781238b4d1c72b42879239275adff1736a4b570,16384
20262528,64,moe,docs/research/figures/ws25-v1fix-formal-cdf/seed20262528-b064-moe-fct-cdf.svg,classreserve,20261004-070000-ws25-formal-s28-b064-classreserve,28b64d698f0a25c7dcd407f9225749ebe72c1bbb77c2eb242e8c3d5ea70c7053,3bfe0a0a61dcf892254efcaaa00a0fc5df285eb4fa1c34041ac7e22a26676274,16384
20262528,64,background,docs/research/figures/ws25-v1fix-formal-cdf/seed20262528-b064-background-fct-cdf.svg,fecmp,20261004-070000-ws25-formal-s28-b064-fecmp,28b64d698f0a25c7dcd407f9225749ebe72c1bbb77c2eb242e8c3d5ea70c7053,2a79f4ccb2ac3600cd696819be1d4ba32b3d1dde70e9a404ea2e2ac4b972c0bc,64
20262528,64,background,docs/research/figures/ws25-v1fix-formal-cdf/seed20262528-b064-background-fct-cdf.svg,drill,20261004-070000-ws25-formal-s28-b064-drill,28b64d698f0a25c7dcd407f9225749ebe72c1bbb77c2eb242e8c3d5ea70c7053,f108a9b7f598f4aa9e8924e9762c4940b38f365dcac77fc6e3fc4f9238032d34,64
20262528,64,background,docs/research/figures/ws25-v1fix-formal-cdf/seed20262528-b064-background-fct-cdf.svg,conga,20261004-070000-ws25-formal-s28-b064-conga,28b64d698f0a25c7dcd407f9225749ebe72c1bbb77c2eb242e8c3d5ea70c7053,0c28f2a49908cbd70322dc8acfe2c1d6e9eb3d792301a348297ddcb2af656839,64
20262528,64,background,docs/research/figures/ws25-v1fix-formal-cdf/seed20262528-b064-background-fct-cdf.svg,letflow,20261004-070000-ws25-formal-s28-b064-letflow,28b64d698f0a25c7dcd407f9225749ebe72c1bbb77c2eb242e8c3d5ea70c7053,299726ae329e49788e2b2f0c99db98d134c1139d49e9e66a43beb3931663a8e5,64
20262528,64,background,docs/research/figures/ws25-v1fix-formal-cdf/seed20262528-b064-background-fct-cdf.svg,conweave,20261004-070000-ws25-formal-s28-b064-conweave,28b64d698f0a25c7dcd407f9225749ebe72c1bbb77c2eb242e8c3d5ea70c7053,c3f7964ef8ad2a888b2114f15781238b4d1c72b42879239275adff1736a4b570,64
20262528,64,background,docs/research/figures/ws25-v1fix-formal-cdf/seed20262528-b064-background-fct-cdf.svg,classreserve,20261004-070000-ws25-formal-s28-b064-classreserve,28b64d698f0a25c7dcd407f9225749ebe72c1bbb77c2eb242e8c3d5ea70c7053,3bfe0a0a61dcf892254efcaaa00a0fc5df285eb4fa1c34041ac7e22a26676274,64
20262528,128,moe,docs/research/figures/ws25-v1fix-formal-cdf/seed20262528-b128-moe-fct-cdf.svg,fecmp,20261004-070000-ws25-formal-s28-b128-fecmp,f8ef07166e9450e648c62739f8f6041a2cc91e99a769c7aaf3f748428d15e3ea,8c9c0465829116a6d6b4d10606bb5dd06b70df67bc2dcb881a5c7b3a639fd718,16384
20262528,128,moe,docs/research/figures/ws25-v1fix-formal-cdf/seed20262528-b128-moe-fct-cdf.svg,drill,20261004-070000-ws25-formal-s28-b128-drill,f8ef07166e9450e648c62739f8f6041a2cc91e99a769c7aaf3f748428d15e3ea,3d09a7393054254858809ccab7996d7aaf03822a4a73d1dfce413b559d65556c,16384
20262528,128,moe,docs/research/figures/ws25-v1fix-formal-cdf/seed20262528-b128-moe-fct-cdf.svg,conga,20261004-070000-ws25-formal-s28-b128-conga,f8ef07166e9450e648c62739f8f6041a2cc91e99a769c7aaf3f748428d15e3ea,7e0b1b2a07faed4c41cf3657673e3d41e0209fb9a4e1fc42b59ebcc1713f2f6f,16384
20262528,128,moe,docs/research/figures/ws25-v1fix-formal-cdf/seed20262528-b128-moe-fct-cdf.svg,letflow,20261004-070000-ws25-formal-s28-b128-letflow,f8ef07166e9450e648c62739f8f6041a2cc91e99a769c7aaf3f748428d15e3ea,4a452b120be8925adf5f49d4c32e76de875fda3a6e272cb2a6af5018fc052dee,16384
20262528,128,moe,docs/research/figures/ws25-v1fix-formal-cdf/seed20262528-b128-moe-fct-cdf.svg,conweave,20261004-070000-ws25-formal-s28-b128-conweave,f8ef07166e9450e648c62739f8f6041a2cc91e99a769c7aaf3f748428d15e3ea,b252b495e6d66531dc3f328a84756dded3ff9ef2bc2fcaf86ef876105d5ad7ad,16384
20262528,128,moe,docs/research/figures/ws25-v1fix-formal-cdf/seed20262528-b128-moe-fct-cdf.svg,classreserve,20261004-070000-ws25-formal-s28-b128-classreserve,f8ef07166e9450e648c62739f8f6041a2cc91e99a769c7aaf3f748428d15e3ea,ba07dd8e9be4dbf94ccadfe9260186023b8f67a01d42861db1313e5e378db10f,16384
20262528,128,background,docs/research/figures/ws25-v1fix-formal-cdf/seed20262528-b128-background-fct-cdf.svg,fecmp,20261004-070000-ws25-formal-s28-b128-fecmp,f8ef07166e9450e648c62739f8f6041a2cc91e99a769c7aaf3f748428d15e3ea,8c9c0465829116a6d6b4d10606bb5dd06b70df67bc2dcb881a5c7b3a639fd718,128
20262528,128,background,docs/research/figures/ws25-v1fix-formal-cdf/seed20262528-b128-background-fct-cdf.svg,drill,20261004-070000-ws25-formal-s28-b128-drill,f8ef07166e9450e648c62739f8f6041a2cc91e99a769c7aaf3f748428d15e3ea,3d09a7393054254858809ccab7996d7aaf03822a4a73d1dfce413b559d65556c,128
20262528,128,background,docs/research/figures/ws25-v1fix-formal-cdf/seed20262528-b128-background-fct-cdf.svg,conga,20261004-070000-ws25-formal-s28-b128-conga,f8ef07166e9450e648c62739f8f6041a2cc91e99a769c7aaf3f748428d15e3ea,7e0b1b2a07faed4c41cf3657673e3d41e0209fb9a4e1fc42b59ebcc1713f2f6f,128
20262528,128,background,docs/research/figures/ws25-v1fix-formal-cdf/seed20262528-b128-background-fct-cdf.svg,letflow,20261004-070000-ws25-formal-s28-b128-letflow,f8ef07166e9450e648c62739f8f6041a2cc91e99a769c7aaf3f748428d15e3ea,4a452b120be8925adf5f49d4c32e76de875fda3a6e272cb2a6af5018fc052dee,128
20262528,128,background,docs/research/figures/ws25-v1fix-formal-cdf/seed20262528-b128-background-fct-cdf.svg,conweave,20261004-070000-ws25-formal-s28-b128-conweave,f8ef07166e9450e648c62739f8f6041a2cc91e99a769c7aaf3f748428d15e3ea,b252b495e6d66531dc3f328a84756dded3ff9ef2bc2fcaf86ef876105d5ad7ad,128
20262528,128,background,docs/research/figures/ws25-v1fix-formal-cdf/seed20262528-b128-background-fct-cdf.svg,classreserve,20261004-070000-ws25-formal-s28-b128-classreserve,f8ef07166e9450e648c62739f8f6041a2cc91e99a769c7aaf3f748428d15e3ea,ba07dd8e9be4dbf94ccadfe9260186023b8f67a01d42861db1313e5e378db10f,128
20262528,192,moe,docs/research/figures/ws25-v1fix-formal-cdf/seed20262528-b192-moe-fct-cdf.svg,fecmp,20261004-070000-ws25-formal-s28-b192-fecmp,accec0283de8ab914deafc56bfc483323b78c0179cc061e9832562315ce2e352,ee6c5e57384ec079bdda1e42e6674df86ae87106f406a67de77e6b1835531ae1,16384
20262528,192,moe,docs/research/figures/ws25-v1fix-formal-cdf/seed20262528-b192-moe-fct-cdf.svg,drill,20261004-070000-ws25-formal-s28-b192-drill,accec0283de8ab914deafc56bfc483323b78c0179cc061e9832562315ce2e352,b26a6d1a7ee348047eef827e61240f82876bb93ef6e6d18861ad1b1bba0ff1ef,16384
20262528,192,moe,docs/research/figures/ws25-v1fix-formal-cdf/seed20262528-b192-moe-fct-cdf.svg,conga,20261004-070000-ws25-formal-s28-b192-conga,accec0283de8ab914deafc56bfc483323b78c0179cc061e9832562315ce2e352,4dc3320955002b7499eece093548bf000b983903680180fb6dc568ccd1fb2e34,16384
20262528,192,moe,docs/research/figures/ws25-v1fix-formal-cdf/seed20262528-b192-moe-fct-cdf.svg,letflow,20261004-070000-ws25-formal-s28-b192-letflow,accec0283de8ab914deafc56bfc483323b78c0179cc061e9832562315ce2e352,e5d23b943b010b31b402cc53da2b21db2d3d6b6129df849a4eb08231c17c9eb6,16384
20262528,192,moe,docs/research/figures/ws25-v1fix-formal-cdf/seed20262528-b192-moe-fct-cdf.svg,conweave,20261004-070000-ws25-formal-s28-b192-conweave,accec0283de8ab914deafc56bfc483323b78c0179cc061e9832562315ce2e352,2d1bcd8950c26512b3b22ce0671e3d10a1345515595a19d9040653429b47ef22,16384
20262528,192,moe,docs/research/figures/ws25-v1fix-formal-cdf/seed20262528-b192-moe-fct-cdf.svg,classreserve,20261004-070000-ws25-formal-s28-b192-classreserve,accec0283de8ab914deafc56bfc483323b78c0179cc061e9832562315ce2e352,56c6f8c626a396432fb570b9a88a38b660fd8c160d28fac9c915cdfd5e2cbf56,16384
20262528,192,background,docs/research/figures/ws25-v1fix-formal-cdf/seed20262528-b192-background-fct-cdf.svg,fecmp,20261004-070000-ws25-formal-s28-b192-fecmp,accec0283de8ab914deafc56bfc483323b78c0179cc061e9832562315ce2e352,ee6c5e57384ec079bdda1e42e6674df86ae87106f406a67de77e6b1835531ae1,192
20262528,192,background,docs/research/figures/ws25-v1fix-formal-cdf/seed20262528-b192-background-fct-cdf.svg,drill,20261004-070000-ws25-formal-s28-b192-drill,accec0283de8ab914deafc56bfc483323b78c0179cc061e9832562315ce2e352,b26a6d1a7ee348047eef827e61240f82876bb93ef6e6d18861ad1b1bba0ff1ef,192
20262528,192,background,docs/research/figures/ws25-v1fix-formal-cdf/seed20262528-b192-background-fct-cdf.svg,conga,20261004-070000-ws25-formal-s28-b192-conga,accec0283de8ab914deafc56bfc483323b78c0179cc061e9832562315ce2e352,4dc3320955002b7499eece093548bf000b983903680180fb6dc568ccd1fb2e34,192
20262528,192,background,docs/research/figures/ws25-v1fix-formal-cdf/seed20262528-b192-background-fct-cdf.svg,letflow,20261004-070000-ws25-formal-s28-b192-letflow,accec0283de8ab914deafc56bfc483323b78c0179cc061e9832562315ce2e352,e5d23b943b010b31b402cc53da2b21db2d3d6b6129df849a4eb08231c17c9eb6,192
20262528,192,background,docs/research/figures/ws25-v1fix-formal-cdf/seed20262528-b192-background-fct-cdf.svg,conweave,20261004-070000-ws25-formal-s28-b192-conweave,accec0283de8ab914deafc56bfc483323b78c0179cc061e9832562315ce2e352,2d1bcd8950c26512b3b22ce0671e3d10a1345515595a19d9040653429b47ef22,192
20262528,192,background,docs/research/figures/ws25-v1fix-formal-cdf/seed20262528-b192-background-fct-cdf.svg,classreserve,20261004-070000-ws25-formal-s28-b192-classreserve,accec0283de8ab914deafc56bfc483323b78c0179cc061e9832562315ce2e352,56c6f8c626a396432fb570b9a88a38b660fd8c160d28fac9c915cdfd5e2cbf56,192
20262529,0,moe,docs/research/figures/ws25-v1fix-formal-cdf/seed20262529-b000-moe-fct-cdf.svg,fecmp,20261004-070000-ws25-formal-s29-b000-fecmp,bcc96cfeed65784688e51ed9a6849eccc067872b480ba1ade4624efa3765ddf3,a9d891bb7943317b7384775bd0b5cf1d235f2699e2e705aa4026e774dccb7478,16384
20262529,0,moe,docs/research/figures/ws25-v1fix-formal-cdf/seed20262529-b000-moe-fct-cdf.svg,drill,20261004-070000-ws25-formal-s29-b000-drill,bcc96cfeed65784688e51ed9a6849eccc067872b480ba1ade4624efa3765ddf3,c4dfec26d2722d53276b3b96d80e8fd0cfc3772f5db2c73da4438eb8109af9d2,16384
20262529,0,moe,docs/research/figures/ws25-v1fix-formal-cdf/seed20262529-b000-moe-fct-cdf.svg,conga,20261004-070000-ws25-formal-s29-b000-conga,bcc96cfeed65784688e51ed9a6849eccc067872b480ba1ade4624efa3765ddf3,b7d7f96ba9ff824522228b3698ad7a0e5525f0dc314e5e90eeb666f71231dc93,16384
20262529,0,moe,docs/research/figures/ws25-v1fix-formal-cdf/seed20262529-b000-moe-fct-cdf.svg,letflow,20261004-070000-ws25-formal-s29-b000-letflow,bcc96cfeed65784688e51ed9a6849eccc067872b480ba1ade4624efa3765ddf3,56ab6596cf5b37ba8c8744666dcc1456180ee8a8554544a73e6a8841a1ea167c,16384
20262529,0,moe,docs/research/figures/ws25-v1fix-formal-cdf/seed20262529-b000-moe-fct-cdf.svg,conweave,20261004-070000-ws25-formal-s29-b000-conweave,bcc96cfeed65784688e51ed9a6849eccc067872b480ba1ade4624efa3765ddf3,89b6e5201106f587f70e5d3ed0d71f4bc145c37e14005a047dde50bd0c59f07f,16384
20262529,0,moe,docs/research/figures/ws25-v1fix-formal-cdf/seed20262529-b000-moe-fct-cdf.svg,classreserve,20261004-070000-ws25-formal-s29-b000-classreserve,bcc96cfeed65784688e51ed9a6849eccc067872b480ba1ade4624efa3765ddf3,fe4b3f7bf649a26f2dabd7d1f990830cacd3d84d656bab5ac50022bfc3586945,16384
20262529,64,moe,docs/research/figures/ws25-v1fix-formal-cdf/seed20262529-b064-moe-fct-cdf.svg,fecmp,20261004-070000-ws25-formal-s29-b064-fecmp,473829e62b45278b6b10e53f8203a87a3a50e52616be74f1cf1c815cfa0a650d,ef4759c7b1da586d12e1554ec7af7b1717271fa39a85a843e6d3857584bcee48,16384
20262529,64,moe,docs/research/figures/ws25-v1fix-formal-cdf/seed20262529-b064-moe-fct-cdf.svg,drill,20261004-070000-ws25-formal-s29-b064-drill,473829e62b45278b6b10e53f8203a87a3a50e52616be74f1cf1c815cfa0a650d,53f3169bb28b5a19291b27aad7ecdd98af1e4f436f9b59454b44e46cad4e185d,16384
20262529,64,moe,docs/research/figures/ws25-v1fix-formal-cdf/seed20262529-b064-moe-fct-cdf.svg,conga,20261004-070000-ws25-formal-s29-b064-conga,473829e62b45278b6b10e53f8203a87a3a50e52616be74f1cf1c815cfa0a650d,4c58d3b2a0ca0c1a5071b3cd929ae6bbfb0ad9c9ba6d70111ab132f05b5b26e7,16384
20262529,64,moe,docs/research/figures/ws25-v1fix-formal-cdf/seed20262529-b064-moe-fct-cdf.svg,letflow,20261004-070000-ws25-formal-s29-b064-letflow,473829e62b45278b6b10e53f8203a87a3a50e52616be74f1cf1c815cfa0a650d,dc80dc89a25d21f8f12d95b9bfbdd10a03c4bf4f59098d68f0d518d4ab71cebd,16384
20262529,64,moe,docs/research/figures/ws25-v1fix-formal-cdf/seed20262529-b064-moe-fct-cdf.svg,conweave,20261004-070000-ws25-formal-s29-b064-conweave,473829e62b45278b6b10e53f8203a87a3a50e52616be74f1cf1c815cfa0a650d,b876d9c894e8238e94eae624ee286186b7b08eb8e2ec3ad2e2450f13a1abdb81,16384
20262529,64,moe,docs/research/figures/ws25-v1fix-formal-cdf/seed20262529-b064-moe-fct-cdf.svg,classreserve,20261004-070000-ws25-formal-s29-b064-classreserve,473829e62b45278b6b10e53f8203a87a3a50e52616be74f1cf1c815cfa0a650d,10cc7a09ab4268816b7ec0348e622619421b6320622bf84dff4a29d7b81ecb08,16384
20262529,64,background,docs/research/figures/ws25-v1fix-formal-cdf/seed20262529-b064-background-fct-cdf.svg,fecmp,20261004-070000-ws25-formal-s29-b064-fecmp,473829e62b45278b6b10e53f8203a87a3a50e52616be74f1cf1c815cfa0a650d,ef4759c7b1da586d12e1554ec7af7b1717271fa39a85a843e6d3857584bcee48,64
20262529,64,background,docs/research/figures/ws25-v1fix-formal-cdf/seed20262529-b064-background-fct-cdf.svg,drill,20261004-070000-ws25-formal-s29-b064-drill,473829e62b45278b6b10e53f8203a87a3a50e52616be74f1cf1c815cfa0a650d,53f3169bb28b5a19291b27aad7ecdd98af1e4f436f9b59454b44e46cad4e185d,64
20262529,64,background,docs/research/figures/ws25-v1fix-formal-cdf/seed20262529-b064-background-fct-cdf.svg,conga,20261004-070000-ws25-formal-s29-b064-conga,473829e62b45278b6b10e53f8203a87a3a50e52616be74f1cf1c815cfa0a650d,4c58d3b2a0ca0c1a5071b3cd929ae6bbfb0ad9c9ba6d70111ab132f05b5b26e7,64
20262529,64,background,docs/research/figures/ws25-v1fix-formal-cdf/seed20262529-b064-background-fct-cdf.svg,letflow,20261004-070000-ws25-formal-s29-b064-letflow,473829e62b45278b6b10e53f8203a87a3a50e52616be74f1cf1c815cfa0a650d,dc80dc89a25d21f8f12d95b9bfbdd10a03c4bf4f59098d68f0d518d4ab71cebd,64
20262529,64,background,docs/research/figures/ws25-v1fix-formal-cdf/seed20262529-b064-background-fct-cdf.svg,conweave,20261004-070000-ws25-formal-s29-b064-conweave,473829e62b45278b6b10e53f8203a87a3a50e52616be74f1cf1c815cfa0a650d,b876d9c894e8238e94eae624ee286186b7b08eb8e2ec3ad2e2450f13a1abdb81,64
20262529,64,background,docs/research/figures/ws25-v1fix-formal-cdf/seed20262529-b064-background-fct-cdf.svg,classreserve,20261004-070000-ws25-formal-s29-b064-classreserve,473829e62b45278b6b10e53f8203a87a3a50e52616be74f1cf1c815cfa0a650d,10cc7a09ab4268816b7ec0348e622619421b6320622bf84dff4a29d7b81ecb08,64
20262529,128,moe,docs/research/figures/ws25-v1fix-formal-cdf/seed20262529-b128-moe-fct-cdf.svg,fecmp,20261004-070000-ws25-formal-s29-b128-fecmp,ef6935357e1b0b6ada4e2bf085ca0462d2a9fc27d27c42442c32e8a15a6741bb,38d3a13f5e44166e814af3406fbf23c3c1ac4711440a6da507f00174ee42d164,16384
20262529,128,moe,docs/research/figures/ws25-v1fix-formal-cdf/seed20262529-b128-moe-fct-cdf.svg,drill,20261004-070000-ws25-formal-s29-b128-drill,ef6935357e1b0b6ada4e2bf085ca0462d2a9fc27d27c42442c32e8a15a6741bb,d8eae69b8cfa9a6c8c3b21aa2e9ee47bf4282bcd1670711f76a38c2828fa2ad7,16384
20262529,128,moe,docs/research/figures/ws25-v1fix-formal-cdf/seed20262529-b128-moe-fct-cdf.svg,conga,20261004-070000-ws25-formal-s29-b128-conga,ef6935357e1b0b6ada4e2bf085ca0462d2a9fc27d27c42442c32e8a15a6741bb,41a4427a7b73dcb4b39b52dc761fbbb9f6ccd92778d8dea64bb8a82728ed3ac0,16384
20262529,128,moe,docs/research/figures/ws25-v1fix-formal-cdf/seed20262529-b128-moe-fct-cdf.svg,letflow,20261004-070000-ws25-formal-s29-b128-letflow,ef6935357e1b0b6ada4e2bf085ca0462d2a9fc27d27c42442c32e8a15a6741bb,df9f56d3d9123565446e8eb932d3f502479ad69bf04ee5114c29e65be0630cf9,16384
20262529,128,moe,docs/research/figures/ws25-v1fix-formal-cdf/seed20262529-b128-moe-fct-cdf.svg,conweave,20261004-070000-ws25-formal-s29-b128-conweave,ef6935357e1b0b6ada4e2bf085ca0462d2a9fc27d27c42442c32e8a15a6741bb,d62c33c16c01e8e37aacfbd478305eb0d11267a8ba9b534ac3263529b49a1d87,16384
20262529,128,moe,docs/research/figures/ws25-v1fix-formal-cdf/seed20262529-b128-moe-fct-cdf.svg,classreserve,20261004-070000-ws25-formal-s29-b128-classreserve,ef6935357e1b0b6ada4e2bf085ca0462d2a9fc27d27c42442c32e8a15a6741bb,4c3dc949667a93ee3d47dd0194fa789da9c89dc3dd35b65c27d5487ce2fecec3,16384
20262529,128,background,docs/research/figures/ws25-v1fix-formal-cdf/seed20262529-b128-background-fct-cdf.svg,fecmp,20261004-070000-ws25-formal-s29-b128-fecmp,ef6935357e1b0b6ada4e2bf085ca0462d2a9fc27d27c42442c32e8a15a6741bb,38d3a13f5e44166e814af3406fbf23c3c1ac4711440a6da507f00174ee42d164,128
20262529,128,background,docs/research/figures/ws25-v1fix-formal-cdf/seed20262529-b128-background-fct-cdf.svg,drill,20261004-070000-ws25-formal-s29-b128-drill,ef6935357e1b0b6ada4e2bf085ca0462d2a9fc27d27c42442c32e8a15a6741bb,d8eae69b8cfa9a6c8c3b21aa2e9ee47bf4282bcd1670711f76a38c2828fa2ad7,128
20262529,128,background,docs/research/figures/ws25-v1fix-formal-cdf/seed20262529-b128-background-fct-cdf.svg,conga,20261004-070000-ws25-formal-s29-b128-conga,ef6935357e1b0b6ada4e2bf085ca0462d2a9fc27d27c42442c32e8a15a6741bb,41a4427a7b73dcb4b39b52dc761fbbb9f6ccd92778d8dea64bb8a82728ed3ac0,128
20262529,128,background,docs/research/figures/ws25-v1fix-formal-cdf/seed20262529-b128-background-fct-cdf.svg,letflow,20261004-070000-ws25-formal-s29-b128-letflow,ef6935357e1b0b6ada4e2bf085ca0462d2a9fc27d27c42442c32e8a15a6741bb,df9f56d3d9123565446e8eb932d3f502479ad69bf04ee5114c29e65be0630cf9,128
20262529,128,background,docs/research/figures/ws25-v1fix-formal-cdf/seed20262529-b128-background-fct-cdf.svg,conweave,20261004-070000-ws25-formal-s29-b128-conweave,ef6935357e1b0b6ada4e2bf085ca0462d2a9fc27d27c42442c32e8a15a6741bb,d62c33c16c01e8e37aacfbd478305eb0d11267a8ba9b534ac3263529b49a1d87,128
20262529,128,background,docs/research/figures/ws25-v1fix-formal-cdf/seed20262529-b128-background-fct-cdf.svg,classreserve,20261004-070000-ws25-formal-s29-b128-classreserve,ef6935357e1b0b6ada4e2bf085ca0462d2a9fc27d27c42442c32e8a15a6741bb,4c3dc949667a93ee3d47dd0194fa789da9c89dc3dd35b65c27d5487ce2fecec3,128
20262529,192,moe,docs/research/figures/ws25-v1fix-formal-cdf/seed20262529-b192-moe-fct-cdf.svg,fecmp,20261004-070000-ws25-formal-s29-b192-fecmp,beea7b7957d4f6b394efafafc20eb6776e62e00ace42d5e98c74930831585072,445f6a58b44bf73704e28a4c544990a7f9b9d5e8c08427e7f748b4ccbccf08f1,16384
20262529,192,moe,docs/research/figures/ws25-v1fix-formal-cdf/seed20262529-b192-moe-fct-cdf.svg,drill,20261004-070000-ws25-formal-s29-b192-drill,beea7b7957d4f6b394efafafc20eb6776e62e00ace42d5e98c74930831585072,dce7ce5bd8bf534d7545f1053313d0fdc9bc9d5873c8d9acbf3f40fbb9174d1f,16384
20262529,192,moe,docs/research/figures/ws25-v1fix-formal-cdf/seed20262529-b192-moe-fct-cdf.svg,conga,20261004-070000-ws25-formal-s29-b192-conga,beea7b7957d4f6b394efafafc20eb6776e62e00ace42d5e98c74930831585072,ceb38946491728fdfc1d9c57a26ac3ff67d7dcd666d03ae2aa82d2c10f706b15,16384
20262529,192,moe,docs/research/figures/ws25-v1fix-formal-cdf/seed20262529-b192-moe-fct-cdf.svg,letflow,20261004-070000-ws25-formal-s29-b192-letflow,beea7b7957d4f6b394efafafc20eb6776e62e00ace42d5e98c74930831585072,7a9612365917fa569bdc114c62e454c85a3c7ee63d3340e187165cea7f52cdb2,16384
20262529,192,moe,docs/research/figures/ws25-v1fix-formal-cdf/seed20262529-b192-moe-fct-cdf.svg,conweave,20261004-070000-ws25-formal-s29-b192-conweave,beea7b7957d4f6b394efafafc20eb6776e62e00ace42d5e98c74930831585072,264812f67db15b85ab90ef319032591421f1d0587543f674b4f33d7318658232,16384
20262529,192,moe,docs/research/figures/ws25-v1fix-formal-cdf/seed20262529-b192-moe-fct-cdf.svg,classreserve,20261004-070000-ws25-formal-s29-b192-classreserve,beea7b7957d4f6b394efafafc20eb6776e62e00ace42d5e98c74930831585072,be8cad0436d627fc9a5bf745c291ce52d55bd812ccf952bfc2fed9eef3767aef,16384
20262529,192,background,docs/research/figures/ws25-v1fix-formal-cdf/seed20262529-b192-background-fct-cdf.svg,fecmp,20261004-070000-ws25-formal-s29-b192-fecmp,beea7b7957d4f6b394efafafc20eb6776e62e00ace42d5e98c74930831585072,445f6a58b44bf73704e28a4c544990a7f9b9d5e8c08427e7f748b4ccbccf08f1,192
20262529,192,background,docs/research/figures/ws25-v1fix-formal-cdf/seed20262529-b192-background-fct-cdf.svg,drill,20261004-070000-ws25-formal-s29-b192-drill,beea7b7957d4f6b394efafafc20eb6776e62e00ace42d5e98c74930831585072,dce7ce5bd8bf534d7545f1053313d0fdc9bc9d5873c8d9acbf3f40fbb9174d1f,192
20262529,192,background,docs/research/figures/ws25-v1fix-formal-cdf/seed20262529-b192-background-fct-cdf.svg,conga,20261004-070000-ws25-formal-s29-b192-conga,beea7b7957d4f6b394efafafc20eb6776e62e00ace42d5e98c74930831585072,ceb38946491728fdfc1d9c57a26ac3ff67d7dcd666d03ae2aa82d2c10f706b15,192
20262529,192,background,docs/research/figures/ws25-v1fix-formal-cdf/seed20262529-b192-background-fct-cdf.svg,letflow,20261004-070000-ws25-formal-s29-b192-letflow,beea7b7957d4f6b394efafafc20eb6776e62e00ace42d5e98c74930831585072,7a9612365917fa569bdc114c62e454c85a3c7ee63d3340e187165cea7f52cdb2,192
20262529,192,background,docs/research/figures/ws25-v1fix-formal-cdf/seed20262529-b192-background-fct-cdf.svg,conweave,20261004-070000-ws25-formal-s29-b192-conweave,beea7b7957d4f6b394efafafc20eb6776e62e00ace42d5e98c74930831585072,264812f67db15b85ab90ef319032591421f1d0587543f674b4f33d7318658232,192
20262529,192,background,docs/research/figures/ws25-v1fix-formal-cdf/seed20262529-b192-background-fct-cdf.svg,classreserve,20261004-070000-ws25-formal-s29-b192-classreserve,beea7b7957d4f6b394efafafc20eb6776e62e00ace42d5e98c74930831585072,be8cad0436d627fc9a5bf745c291ce52d55bd812ccf952bfc2fed9eef3767aef,192
20262530,0,moe,docs/research/figures/ws25-v1fix-formal-cdf/seed20262530-b000-moe-fct-cdf.svg,fecmp,20261004-070000-ws25-formal-s30-b000-fecmp,55faec4c215a8baefdef8ddf8c9956614031e01e42e7293333240074ec410044,5f52c0fbeb7a97bad2bab57bd666ab3495cbec3f6cb77cacff27bc871d44ce5f,16384
20262530,0,moe,docs/research/figures/ws25-v1fix-formal-cdf/seed20262530-b000-moe-fct-cdf.svg,drill,20261004-070000-ws25-formal-s30-b000-drill,55faec4c215a8baefdef8ddf8c9956614031e01e42e7293333240074ec410044,fc0b3f538582049808ce185f0fd2757d9e892023338efa81d451168bd9dbf31e,16384
20262530,0,moe,docs/research/figures/ws25-v1fix-formal-cdf/seed20262530-b000-moe-fct-cdf.svg,conga,20261004-070000-ws25-formal-s30-b000-conga,55faec4c215a8baefdef8ddf8c9956614031e01e42e7293333240074ec410044,b4eb1cfc9182d37cef3d3484e24a3dbdba397141be5f0ad4273b73a671ee9136,16384
20262530,0,moe,docs/research/figures/ws25-v1fix-formal-cdf/seed20262530-b000-moe-fct-cdf.svg,letflow,20261004-070000-ws25-formal-s30-b000-letflow,55faec4c215a8baefdef8ddf8c9956614031e01e42e7293333240074ec410044,94817f6ebc706ac1bc198dad91247a0160106f9ed9ca800f19b98b4488b4829c,16384
20262530,0,moe,docs/research/figures/ws25-v1fix-formal-cdf/seed20262530-b000-moe-fct-cdf.svg,conweave,20261004-070000-ws25-formal-s30-b000-conweave,55faec4c215a8baefdef8ddf8c9956614031e01e42e7293333240074ec410044,92e26d5f3e37be5a5672157fc6ee0c6255b498459ac435aa8450cf8b2078737a,16384
20262530,0,moe,docs/research/figures/ws25-v1fix-formal-cdf/seed20262530-b000-moe-fct-cdf.svg,classreserve,20261004-070000-ws25-formal-s30-b000-classreserve,55faec4c215a8baefdef8ddf8c9956614031e01e42e7293333240074ec410044,ca17fe256d313adeb38e886de573ff1b4e55a2cc70cb4809d0886b6adc8ec2b1,16384
20262530,64,moe,docs/research/figures/ws25-v1fix-formal-cdf/seed20262530-b064-moe-fct-cdf.svg,fecmp,20261004-070000-ws25-formal-s30-b064-fecmp,6c641b9341f0f4db34b5a4a79ab8562c9a31dba8152425cb7a0d61b7c02366df,aade1861e03de151377ab7ddd0fd3c8544c8d5d04e396bba2fccdd862b04840e,16384
20262530,64,moe,docs/research/figures/ws25-v1fix-formal-cdf/seed20262530-b064-moe-fct-cdf.svg,drill,20261004-070000-ws25-formal-s30-b064-drill,6c641b9341f0f4db34b5a4a79ab8562c9a31dba8152425cb7a0d61b7c02366df,be0595b18cae6520747f6f8bd0540e7329df8eaf20cb91b1b43008c716a8ab73,16384
20262530,64,moe,docs/research/figures/ws25-v1fix-formal-cdf/seed20262530-b064-moe-fct-cdf.svg,conga,20261004-070000-ws25-formal-s30-b064-conga,6c641b9341f0f4db34b5a4a79ab8562c9a31dba8152425cb7a0d61b7c02366df,d1c76d4fdf577e7ed67ca1caab2d504f462a7a32324023edf9d12845014169d2,16384
20262530,64,moe,docs/research/figures/ws25-v1fix-formal-cdf/seed20262530-b064-moe-fct-cdf.svg,letflow,20261004-070000-ws25-formal-s30-b064-letflow,6c641b9341f0f4db34b5a4a79ab8562c9a31dba8152425cb7a0d61b7c02366df,22a0588f761f3e56b6d4b5f82fffdce3033cf2d331d893a729faa083633d2f20,16384
20262530,64,moe,docs/research/figures/ws25-v1fix-formal-cdf/seed20262530-b064-moe-fct-cdf.svg,conweave,20261004-070000-ws25-formal-s30-b064-conweave,6c641b9341f0f4db34b5a4a79ab8562c9a31dba8152425cb7a0d61b7c02366df,e8a86801af57c154529c6de7b1d607c215e73eac89c08307c3775f7df8ffc18c,16384
20262530,64,moe,docs/research/figures/ws25-v1fix-formal-cdf/seed20262530-b064-moe-fct-cdf.svg,classreserve,20261004-070000-ws25-formal-s30-b064-classreserve,6c641b9341f0f4db34b5a4a79ab8562c9a31dba8152425cb7a0d61b7c02366df,67ebc38671f1e0eb5de332c50b0c47564d412288b49b3a6a2aaaa91e1921cb1e,16384
20262530,64,background,docs/research/figures/ws25-v1fix-formal-cdf/seed20262530-b064-background-fct-cdf.svg,fecmp,20261004-070000-ws25-formal-s30-b064-fecmp,6c641b9341f0f4db34b5a4a79ab8562c9a31dba8152425cb7a0d61b7c02366df,aade1861e03de151377ab7ddd0fd3c8544c8d5d04e396bba2fccdd862b04840e,64
20262530,64,background,docs/research/figures/ws25-v1fix-formal-cdf/seed20262530-b064-background-fct-cdf.svg,drill,20261004-070000-ws25-formal-s30-b064-drill,6c641b9341f0f4db34b5a4a79ab8562c9a31dba8152425cb7a0d61b7c02366df,be0595b18cae6520747f6f8bd0540e7329df8eaf20cb91b1b43008c716a8ab73,64
20262530,64,background,docs/research/figures/ws25-v1fix-formal-cdf/seed20262530-b064-background-fct-cdf.svg,conga,20261004-070000-ws25-formal-s30-b064-conga,6c641b9341f0f4db34b5a4a79ab8562c9a31dba8152425cb7a0d61b7c02366df,d1c76d4fdf577e7ed67ca1caab2d504f462a7a32324023edf9d12845014169d2,64
20262530,64,background,docs/research/figures/ws25-v1fix-formal-cdf/seed20262530-b064-background-fct-cdf.svg,letflow,20261004-070000-ws25-formal-s30-b064-letflow,6c641b9341f0f4db34b5a4a79ab8562c9a31dba8152425cb7a0d61b7c02366df,22a0588f761f3e56b6d4b5f82fffdce3033cf2d331d893a729faa083633d2f20,64
20262530,64,background,docs/research/figures/ws25-v1fix-formal-cdf/seed20262530-b064-background-fct-cdf.svg,conweave,20261004-070000-ws25-formal-s30-b064-conweave,6c641b9341f0f4db34b5a4a79ab8562c9a31dba8152425cb7a0d61b7c02366df,e8a86801af57c154529c6de7b1d607c215e73eac89c08307c3775f7df8ffc18c,64
20262530,64,background,docs/research/figures/ws25-v1fix-formal-cdf/seed20262530-b064-background-fct-cdf.svg,classreserve,20261004-070000-ws25-formal-s30-b064-classreserve,6c641b9341f0f4db34b5a4a79ab8562c9a31dba8152425cb7a0d61b7c02366df,67ebc38671f1e0eb5de332c50b0c47564d412288b49b3a6a2aaaa91e1921cb1e,64
20262530,128,moe,docs/research/figures/ws25-v1fix-formal-cdf/seed20262530-b128-moe-fct-cdf.svg,fecmp,20261004-070000-ws25-formal-s30-b128-fecmp,1d8e05af203adbcb0a3621278be8ef08683cdc170eccb05b9dcc8ca23104081d,b6c7a5b61371778ffa9919ad12d637be886d7bc57a3ebe3741b65d2d5982dd82,16384
20262530,128,moe,docs/research/figures/ws25-v1fix-formal-cdf/seed20262530-b128-moe-fct-cdf.svg,drill,20261004-070000-ws25-formal-s30-b128-drill,1d8e05af203adbcb0a3621278be8ef08683cdc170eccb05b9dcc8ca23104081d,973757a8b1b7e99a4dace5bd42daf25579e4fd82f968e1e85aa6ff0747bd9feb,16384
20262530,128,moe,docs/research/figures/ws25-v1fix-formal-cdf/seed20262530-b128-moe-fct-cdf.svg,conga,20261004-070000-ws25-formal-s30-b128-conga,1d8e05af203adbcb0a3621278be8ef08683cdc170eccb05b9dcc8ca23104081d,ec0ea09252ddd3943c007436194d80cb4a6350ee78a3334c6ec0b2fcfdebbc48,16384
20262530,128,moe,docs/research/figures/ws25-v1fix-formal-cdf/seed20262530-b128-moe-fct-cdf.svg,letflow,20261004-070000-ws25-formal-s30-b128-letflow,1d8e05af203adbcb0a3621278be8ef08683cdc170eccb05b9dcc8ca23104081d,1e63cfdcac9292cbf43a69c8a963d3a58cd309b352ea4668d00e1ac2cc3086d3,16384
20262530,128,moe,docs/research/figures/ws25-v1fix-formal-cdf/seed20262530-b128-moe-fct-cdf.svg,conweave,20261004-070000-ws25-formal-s30-b128-conweave,1d8e05af203adbcb0a3621278be8ef08683cdc170eccb05b9dcc8ca23104081d,89dac71f10f9721ce8d7aac592269b4b29027d8a5720f91afea9cb6919529749,16384
20262530,128,moe,docs/research/figures/ws25-v1fix-formal-cdf/seed20262530-b128-moe-fct-cdf.svg,classreserve,20261004-070000-ws25-formal-s30-b128-classreserve,1d8e05af203adbcb0a3621278be8ef08683cdc170eccb05b9dcc8ca23104081d,544237f04e58fcd3701fcf45ba13175feb47fd86f93a9d997eb5e734342f5499,16384
20262530,128,background,docs/research/figures/ws25-v1fix-formal-cdf/seed20262530-b128-background-fct-cdf.svg,fecmp,20261004-070000-ws25-formal-s30-b128-fecmp,1d8e05af203adbcb0a3621278be8ef08683cdc170eccb05b9dcc8ca23104081d,b6c7a5b61371778ffa9919ad12d637be886d7bc57a3ebe3741b65d2d5982dd82,128
20262530,128,background,docs/research/figures/ws25-v1fix-formal-cdf/seed20262530-b128-background-fct-cdf.svg,drill,20261004-070000-ws25-formal-s30-b128-drill,1d8e05af203adbcb0a3621278be8ef08683cdc170eccb05b9dcc8ca23104081d,973757a8b1b7e99a4dace5bd42daf25579e4fd82f968e1e85aa6ff0747bd9feb,128
20262530,128,background,docs/research/figures/ws25-v1fix-formal-cdf/seed20262530-b128-background-fct-cdf.svg,conga,20261004-070000-ws25-formal-s30-b128-conga,1d8e05af203adbcb0a3621278be8ef08683cdc170eccb05b9dcc8ca23104081d,ec0ea09252ddd3943c007436194d80cb4a6350ee78a3334c6ec0b2fcfdebbc48,128
20262530,128,background,docs/research/figures/ws25-v1fix-formal-cdf/seed20262530-b128-background-fct-cdf.svg,letflow,20261004-070000-ws25-formal-s30-b128-letflow,1d8e05af203adbcb0a3621278be8ef08683cdc170eccb05b9dcc8ca23104081d,1e63cfdcac9292cbf43a69c8a963d3a58cd309b352ea4668d00e1ac2cc3086d3,128
20262530,128,background,docs/research/figures/ws25-v1fix-formal-cdf/seed20262530-b128-background-fct-cdf.svg,conweave,20261004-070000-ws25-formal-s30-b128-conweave,1d8e05af203adbcb0a3621278be8ef08683cdc170eccb05b9dcc8ca23104081d,89dac71f10f9721ce8d7aac592269b4b29027d8a5720f91afea9cb6919529749,128
20262530,128,background,docs/research/figures/ws25-v1fix-formal-cdf/seed20262530-b128-background-fct-cdf.svg,classreserve,20261004-070000-ws25-formal-s30-b128-classreserve,1d8e05af203adbcb0a3621278be8ef08683cdc170eccb05b9dcc8ca23104081d,544237f04e58fcd3701fcf45ba13175feb47fd86f93a9d997eb5e734342f5499,128
20262530,192,moe,docs/research/figures/ws25-v1fix-formal-cdf/seed20262530-b192-moe-fct-cdf.svg,fecmp,20261004-070000-ws25-formal-s30-b192-fecmp,e0e77954780e6577761a0142812fb08727d64b71bda1d6c86a0d3d15f4d32ead,ee9e59fa21fe23c0afa8ba7f3042b0baf07c58c574684d24f3832edd527b381a,16384
20262530,192,moe,docs/research/figures/ws25-v1fix-formal-cdf/seed20262530-b192-moe-fct-cdf.svg,drill,20261004-070000-ws25-formal-s30-b192-drill,e0e77954780e6577761a0142812fb08727d64b71bda1d6c86a0d3d15f4d32ead,c5f159b16515d2a8c63470d7fec381cf1b401586c4af47baf5ee25e404722368,16384
20262530,192,moe,docs/research/figures/ws25-v1fix-formal-cdf/seed20262530-b192-moe-fct-cdf.svg,conga,20261004-070000-ws25-formal-s30-b192-conga,e0e77954780e6577761a0142812fb08727d64b71bda1d6c86a0d3d15f4d32ead,2633999cd58614c8b478eae8875389d767d368adadc9afbae9e0886732147d5d,16384
20262530,192,moe,docs/research/figures/ws25-v1fix-formal-cdf/seed20262530-b192-moe-fct-cdf.svg,letflow,20261004-070000-ws25-formal-s30-b192-letflow,e0e77954780e6577761a0142812fb08727d64b71bda1d6c86a0d3d15f4d32ead,6e01d5d9d7e17d0517cbe9d55c79daf885c597cffd749b9e5f85b49703a76aee,16384
20262530,192,moe,docs/research/figures/ws25-v1fix-formal-cdf/seed20262530-b192-moe-fct-cdf.svg,conweave,20261004-070000-ws25-formal-s30-b192-conweave,e0e77954780e6577761a0142812fb08727d64b71bda1d6c86a0d3d15f4d32ead,b8178b017fa327ca52c39add0983e09b10c229cd7c7674791d17dd36cd83eada,16384
20262530,192,moe,docs/research/figures/ws25-v1fix-formal-cdf/seed20262530-b192-moe-fct-cdf.svg,classreserve,20261004-070000-ws25-formal-s30-b192-classreserve,e0e77954780e6577761a0142812fb08727d64b71bda1d6c86a0d3d15f4d32ead,1d7f76c09e37cb71cb90e1da9678cd9ff9b5a226db94c3c92d8c21f82ad264c7,16384
20262530,192,background,docs/research/figures/ws25-v1fix-formal-cdf/seed20262530-b192-background-fct-cdf.svg,fecmp,20261004-070000-ws25-formal-s30-b192-fecmp,e0e77954780e6577761a0142812fb08727d64b71bda1d6c86a0d3d15f4d32ead,ee9e59fa21fe23c0afa8ba7f3042b0baf07c58c574684d24f3832edd527b381a,192
20262530,192,background,docs/research/figures/ws25-v1fix-formal-cdf/seed20262530-b192-background-fct-cdf.svg,drill,20261004-070000-ws25-formal-s30-b192-drill,e0e77954780e6577761a0142812fb08727d64b71bda1d6c86a0d3d15f4d32ead,c5f159b16515d2a8c63470d7fec381cf1b401586c4af47baf5ee25e404722368,192
20262530,192,background,docs/research/figures/ws25-v1fix-formal-cdf/seed20262530-b192-background-fct-cdf.svg,conga,20261004-070000-ws25-formal-s30-b192-conga,e0e77954780e6577761a0142812fb08727d64b71bda1d6c86a0d3d15f4d32ead,2633999cd58614c8b478eae8875389d767d368adadc9afbae9e0886732147d5d,192
20262530,192,background,docs/research/figures/ws25-v1fix-formal-cdf/seed20262530-b192-background-fct-cdf.svg,letflow,20261004-070000-ws25-formal-s30-b192-letflow,e0e77954780e6577761a0142812fb08727d64b71bda1d6c86a0d3d15f4d32ead,6e01d5d9d7e17d0517cbe9d55c79daf885c597cffd749b9e5f85b49703a76aee,192
20262530,192,background,docs/research/figures/ws25-v1fix-formal-cdf/seed20262530-b192-background-fct-cdf.svg,conweave,20261004-070000-ws25-formal-s30-b192-conweave,e0e77954780e6577761a0142812fb08727d64b71bda1d6c86a0d3d15f4d32ead,b8178b017fa327ca52c39add0983e09b10c229cd7c7674791d17dd36cd83eada,192
20262530,192,background,docs/research/figures/ws25-v1fix-formal-cdf/seed20262530-b192-background-fct-cdf.svg,classreserve,20261004-070000-ws25-formal-s30-b192-classreserve,e0e77954780e6577761a0142812fb08727d64b71bda1d6c86a0d3d15f4d32ead,1d7f76c09e37cb71cb90e1da9678cd9ff9b5a226db94c3c92d8c21f82ad264c7,192
20262531,0,moe,docs/research/figures/ws25-v1fix-formal-cdf/seed20262531-b000-moe-fct-cdf.svg,fecmp,20261004-070000-ws25-formal-s31-b000-fecmp,19a28cf5aa1f5ec04b3a654915539f95e1a6b2f95fe8b95e8bf7f46017bf896c,558e6180c75322788e1838310511e80e83f6dd11125213d3ee04af66168a9354,16384
20262531,0,moe,docs/research/figures/ws25-v1fix-formal-cdf/seed20262531-b000-moe-fct-cdf.svg,drill,20261004-070000-ws25-formal-s31-b000-drill,19a28cf5aa1f5ec04b3a654915539f95e1a6b2f95fe8b95e8bf7f46017bf896c,df887c0daa54fa13f660438c62bed8d05f6e42ebfcefadcb274f9be7e373811f,16384
20262531,0,moe,docs/research/figures/ws25-v1fix-formal-cdf/seed20262531-b000-moe-fct-cdf.svg,conga,20261004-070000-ws25-formal-s31-b000-conga,19a28cf5aa1f5ec04b3a654915539f95e1a6b2f95fe8b95e8bf7f46017bf896c,a491009d6e19cc6b228442b1088703cfd01b72cc9b3e732b6f8330f24929b74a,16384
20262531,0,moe,docs/research/figures/ws25-v1fix-formal-cdf/seed20262531-b000-moe-fct-cdf.svg,letflow,20261004-070000-ws25-formal-s31-b000-letflow,19a28cf5aa1f5ec04b3a654915539f95e1a6b2f95fe8b95e8bf7f46017bf896c,c9be7380f462268bcc64a90a08fb4fc0f93b42ae51771d4d71c970d342ca6c41,16384
20262531,0,moe,docs/research/figures/ws25-v1fix-formal-cdf/seed20262531-b000-moe-fct-cdf.svg,conweave,20261004-070000-ws25-formal-s31-b000-conweave,19a28cf5aa1f5ec04b3a654915539f95e1a6b2f95fe8b95e8bf7f46017bf896c,5f4cf652d910d1d18cd65447f13233f7ace8c52a7cbae59557fb6e8dae12ff49,16384
20262531,0,moe,docs/research/figures/ws25-v1fix-formal-cdf/seed20262531-b000-moe-fct-cdf.svg,classreserve,20261004-070000-ws25-formal-s31-b000-classreserve,19a28cf5aa1f5ec04b3a654915539f95e1a6b2f95fe8b95e8bf7f46017bf896c,812e5f3f9a3a7a18c1f809dfe76891cbe9cccc18fa7a2336a31a5957d55ac048,16384
20262531,64,moe,docs/research/figures/ws25-v1fix-formal-cdf/seed20262531-b064-moe-fct-cdf.svg,fecmp,20261004-070000-ws25-formal-s31-b064-fecmp,1f9c70da26eabef8297b4a2002113b5a9dbba5e662647108b473b4996e93b74a,729c4739e406f12d01e54fbde03857a6fb9071c95d0f39315446d68fcc3cc8d2,16384
20262531,64,moe,docs/research/figures/ws25-v1fix-formal-cdf/seed20262531-b064-moe-fct-cdf.svg,drill,20261004-070000-ws25-formal-s31-b064-drill,1f9c70da26eabef8297b4a2002113b5a9dbba5e662647108b473b4996e93b74a,61073a69a0b5dc9f85e7cd3c13c5ee8303b2f87998eddfb34cc98d31c7961007,16384
20262531,64,moe,docs/research/figures/ws25-v1fix-formal-cdf/seed20262531-b064-moe-fct-cdf.svg,conga,20261004-070000-ws25-formal-s31-b064-conga,1f9c70da26eabef8297b4a2002113b5a9dbba5e662647108b473b4996e93b74a,93e0d09eb4061dbf79f2c5a822ff1f4567b1474187726a83d59c3fc31d28d694,16384
20262531,64,moe,docs/research/figures/ws25-v1fix-formal-cdf/seed20262531-b064-moe-fct-cdf.svg,letflow,20261004-070000-ws25-formal-s31-b064-letflow,1f9c70da26eabef8297b4a2002113b5a9dbba5e662647108b473b4996e93b74a,259066402b82424e6d88e02b25a4f42e6d78a29b370393ecd73b3ceb1e066103,16384
20262531,64,moe,docs/research/figures/ws25-v1fix-formal-cdf/seed20262531-b064-moe-fct-cdf.svg,conweave,20261004-070000-ws25-formal-s31-b064-conweave,1f9c70da26eabef8297b4a2002113b5a9dbba5e662647108b473b4996e93b74a,46c0953638c85a4143afa4d62248ffd88186d92d8823be8981c21bafe627dd28,16384
20262531,64,moe,docs/research/figures/ws25-v1fix-formal-cdf/seed20262531-b064-moe-fct-cdf.svg,classreserve,20261004-070000-ws25-formal-s31-b064-classreserve,1f9c70da26eabef8297b4a2002113b5a9dbba5e662647108b473b4996e93b74a,031c3b6d75d0d62e43c4c90f5336d5d2147342c0f65d3af4eb5bd5066db2dd63,16384
20262531,64,background,docs/research/figures/ws25-v1fix-formal-cdf/seed20262531-b064-background-fct-cdf.svg,fecmp,20261004-070000-ws25-formal-s31-b064-fecmp,1f9c70da26eabef8297b4a2002113b5a9dbba5e662647108b473b4996e93b74a,729c4739e406f12d01e54fbde03857a6fb9071c95d0f39315446d68fcc3cc8d2,64
20262531,64,background,docs/research/figures/ws25-v1fix-formal-cdf/seed20262531-b064-background-fct-cdf.svg,drill,20261004-070000-ws25-formal-s31-b064-drill,1f9c70da26eabef8297b4a2002113b5a9dbba5e662647108b473b4996e93b74a,61073a69a0b5dc9f85e7cd3c13c5ee8303b2f87998eddfb34cc98d31c7961007,64
20262531,64,background,docs/research/figures/ws25-v1fix-formal-cdf/seed20262531-b064-background-fct-cdf.svg,conga,20261004-070000-ws25-formal-s31-b064-conga,1f9c70da26eabef8297b4a2002113b5a9dbba5e662647108b473b4996e93b74a,93e0d09eb4061dbf79f2c5a822ff1f4567b1474187726a83d59c3fc31d28d694,64
20262531,64,background,docs/research/figures/ws25-v1fix-formal-cdf/seed20262531-b064-background-fct-cdf.svg,letflow,20261004-070000-ws25-formal-s31-b064-letflow,1f9c70da26eabef8297b4a2002113b5a9dbba5e662647108b473b4996e93b74a,259066402b82424e6d88e02b25a4f42e6d78a29b370393ecd73b3ceb1e066103,64
20262531,64,background,docs/research/figures/ws25-v1fix-formal-cdf/seed20262531-b064-background-fct-cdf.svg,conweave,20261004-070000-ws25-formal-s31-b064-conweave,1f9c70da26eabef8297b4a2002113b5a9dbba5e662647108b473b4996e93b74a,46c0953638c85a4143afa4d62248ffd88186d92d8823be8981c21bafe627dd28,64
20262531,64,background,docs/research/figures/ws25-v1fix-formal-cdf/seed20262531-b064-background-fct-cdf.svg,classreserve,20261004-070000-ws25-formal-s31-b064-classreserve,1f9c70da26eabef8297b4a2002113b5a9dbba5e662647108b473b4996e93b74a,031c3b6d75d0d62e43c4c90f5336d5d2147342c0f65d3af4eb5bd5066db2dd63,64
20262531,128,moe,docs/research/figures/ws25-v1fix-formal-cdf/seed20262531-b128-moe-fct-cdf.svg,fecmp,20261004-070000-ws25-formal-s31-b128-fecmp,b848b27a63e029c801e6c7db3ce1a0a69777e013cd71d07ccf8803ce390a3be7,ab77a6e82e3ad5f177d598e594d13c3134c5bec2f58fc9fa2af1b4ae1ea16ebf,16384
20262531,128,moe,docs/research/figures/ws25-v1fix-formal-cdf/seed20262531-b128-moe-fct-cdf.svg,drill,20261004-070000-ws25-formal-s31-b128-drill,b848b27a63e029c801e6c7db3ce1a0a69777e013cd71d07ccf8803ce390a3be7,55f295286e50abee7025abb68ac0cdb07a44334c49503f32d6595a414406c817,16384
20262531,128,moe,docs/research/figures/ws25-v1fix-formal-cdf/seed20262531-b128-moe-fct-cdf.svg,conga,20261004-070000-ws25-formal-s31-b128-conga,b848b27a63e029c801e6c7db3ce1a0a69777e013cd71d07ccf8803ce390a3be7,6705dc04c9ea3c19bc40e5e9d5b8ae08d40d24d8478c74580f311a87524efee1,16384
20262531,128,moe,docs/research/figures/ws25-v1fix-formal-cdf/seed20262531-b128-moe-fct-cdf.svg,letflow,20261004-070000-ws25-formal-s31-b128-letflow,b848b27a63e029c801e6c7db3ce1a0a69777e013cd71d07ccf8803ce390a3be7,4c63fe8274f66b50aef44cbd651aeacc337a843c9cecc0dca6ab55c285a2082d,16384
20262531,128,moe,docs/research/figures/ws25-v1fix-formal-cdf/seed20262531-b128-moe-fct-cdf.svg,conweave,20261004-070000-ws25-formal-s31-b128-conweave,b848b27a63e029c801e6c7db3ce1a0a69777e013cd71d07ccf8803ce390a3be7,9cab43496cdbe685d3fdd4a5dc7f0360cfe4fe55e4aa647be3b9656c170bdb04,16384
20262531,128,moe,docs/research/figures/ws25-v1fix-formal-cdf/seed20262531-b128-moe-fct-cdf.svg,classreserve,20261004-070000-ws25-formal-s31-b128-classreserve,b848b27a63e029c801e6c7db3ce1a0a69777e013cd71d07ccf8803ce390a3be7,0ed4a14af15d00e26c36a97a951c9b007845af6d6265836a096017b62afcfc77,16384
20262531,128,background,docs/research/figures/ws25-v1fix-formal-cdf/seed20262531-b128-background-fct-cdf.svg,fecmp,20261004-070000-ws25-formal-s31-b128-fecmp,b848b27a63e029c801e6c7db3ce1a0a69777e013cd71d07ccf8803ce390a3be7,ab77a6e82e3ad5f177d598e594d13c3134c5bec2f58fc9fa2af1b4ae1ea16ebf,128
20262531,128,background,docs/research/figures/ws25-v1fix-formal-cdf/seed20262531-b128-background-fct-cdf.svg,drill,20261004-070000-ws25-formal-s31-b128-drill,b848b27a63e029c801e6c7db3ce1a0a69777e013cd71d07ccf8803ce390a3be7,55f295286e50abee7025abb68ac0cdb07a44334c49503f32d6595a414406c817,128
20262531,128,background,docs/research/figures/ws25-v1fix-formal-cdf/seed20262531-b128-background-fct-cdf.svg,conga,20261004-070000-ws25-formal-s31-b128-conga,b848b27a63e029c801e6c7db3ce1a0a69777e013cd71d07ccf8803ce390a3be7,6705dc04c9ea3c19bc40e5e9d5b8ae08d40d24d8478c74580f311a87524efee1,128
20262531,128,background,docs/research/figures/ws25-v1fix-formal-cdf/seed20262531-b128-background-fct-cdf.svg,letflow,20261004-070000-ws25-formal-s31-b128-letflow,b848b27a63e029c801e6c7db3ce1a0a69777e013cd71d07ccf8803ce390a3be7,4c63fe8274f66b50aef44cbd651aeacc337a843c9cecc0dca6ab55c285a2082d,128
20262531,128,background,docs/research/figures/ws25-v1fix-formal-cdf/seed20262531-b128-background-fct-cdf.svg,conweave,20261004-070000-ws25-formal-s31-b128-conweave,b848b27a63e029c801e6c7db3ce1a0a69777e013cd71d07ccf8803ce390a3be7,9cab43496cdbe685d3fdd4a5dc7f0360cfe4fe55e4aa647be3b9656c170bdb04,128
20262531,128,background,docs/research/figures/ws25-v1fix-formal-cdf/seed20262531-b128-background-fct-cdf.svg,classreserve,20261004-070000-ws25-formal-s31-b128-classreserve,b848b27a63e029c801e6c7db3ce1a0a69777e013cd71d07ccf8803ce390a3be7,0ed4a14af15d00e26c36a97a951c9b007845af6d6265836a096017b62afcfc77,128
20262531,192,moe,docs/research/figures/ws25-v1fix-formal-cdf/seed20262531-b192-moe-fct-cdf.svg,fecmp,20261004-070000-ws25-formal-s31-b192-fecmp,d07b5a1fe979e40efb123aeed5530ba4296513195a2ef8a47cf23d044ae2dfad,4689cd6d16c95b3278c07b7b1f113d3612fa1f9d4cfa8a84c41a040ca56b9bc8,16384
20262531,192,moe,docs/research/figures/ws25-v1fix-formal-cdf/seed20262531-b192-moe-fct-cdf.svg,drill,20261004-070000-ws25-formal-s31-b192-drill,d07b5a1fe979e40efb123aeed5530ba4296513195a2ef8a47cf23d044ae2dfad,7585e331806761f145b660ec8b83eb33f06d4b991eb73046fa551c90d173c284,16384
20262531,192,moe,docs/research/figures/ws25-v1fix-formal-cdf/seed20262531-b192-moe-fct-cdf.svg,conga,20261004-070000-ws25-formal-s31-b192-conga,d07b5a1fe979e40efb123aeed5530ba4296513195a2ef8a47cf23d044ae2dfad,1787f0080601807b962cda29fb3bb0459666d410f12fdad6fba04780c7553460,16384
20262531,192,moe,docs/research/figures/ws25-v1fix-formal-cdf/seed20262531-b192-moe-fct-cdf.svg,letflow,20261004-070000-ws25-formal-s31-b192-letflow,d07b5a1fe979e40efb123aeed5530ba4296513195a2ef8a47cf23d044ae2dfad,70ef8ba10617fac4a6baa847855813ceaecf1fe8abd303fe26bd752f1a924df1,16384
20262531,192,moe,docs/research/figures/ws25-v1fix-formal-cdf/seed20262531-b192-moe-fct-cdf.svg,conweave,20261004-070000-ws25-formal-s31-b192-conweave,d07b5a1fe979e40efb123aeed5530ba4296513195a2ef8a47cf23d044ae2dfad,292ace5a4c653ab80c278a5c1c777e036fd86a6c847a1f36ba7de6d29638e16f,16384
20262531,192,moe,docs/research/figures/ws25-v1fix-formal-cdf/seed20262531-b192-moe-fct-cdf.svg,classreserve,20261004-070000-ws25-formal-s31-b192-classreserve,d07b5a1fe979e40efb123aeed5530ba4296513195a2ef8a47cf23d044ae2dfad,64793cfe8141a7f5bf4aaed112799fad18d66c3878246cf61f5e366f3244ffb9,16384
20262531,192,background,docs/research/figures/ws25-v1fix-formal-cdf/seed20262531-b192-background-fct-cdf.svg,fecmp,20261004-070000-ws25-formal-s31-b192-fecmp,d07b5a1fe979e40efb123aeed5530ba4296513195a2ef8a47cf23d044ae2dfad,4689cd6d16c95b3278c07b7b1f113d3612fa1f9d4cfa8a84c41a040ca56b9bc8,192
20262531,192,background,docs/research/figures/ws25-v1fix-formal-cdf/seed20262531-b192-background-fct-cdf.svg,drill,20261004-070000-ws25-formal-s31-b192-drill,d07b5a1fe979e40efb123aeed5530ba4296513195a2ef8a47cf23d044ae2dfad,7585e331806761f145b660ec8b83eb33f06d4b991eb73046fa551c90d173c284,192
20262531,192,background,docs/research/figures/ws25-v1fix-formal-cdf/seed20262531-b192-background-fct-cdf.svg,conga,20261004-070000-ws25-formal-s31-b192-conga,d07b5a1fe979e40efb123aeed5530ba4296513195a2ef8a47cf23d044ae2dfad,1787f0080601807b962cda29fb3bb0459666d410f12fdad6fba04780c7553460,192
20262531,192,background,docs/research/figures/ws25-v1fix-formal-cdf/seed20262531-b192-background-fct-cdf.svg,letflow,20261004-070000-ws25-formal-s31-b192-letflow,d07b5a1fe979e40efb123aeed5530ba4296513195a2ef8a47cf23d044ae2dfad,70ef8ba10617fac4a6baa847855813ceaecf1fe8abd303fe26bd752f1a924df1,192
20262531,192,background,docs/research/figures/ws25-v1fix-formal-cdf/seed20262531-b192-background-fct-cdf.svg,conweave,20261004-070000-ws25-formal-s31-b192-conweave,d07b5a1fe979e40efb123aeed5530ba4296513195a2ef8a47cf23d044ae2dfad,292ace5a4c653ab80c278a5c1c777e036fd86a6c847a1f36ba7de6d29638e16f,192
20262531,192,background,docs/research/figures/ws25-v1fix-formal-cdf/seed20262531-b192-background-fct-cdf.svg,classreserve,20261004-070000-ws25-formal-s31-b192-classreserve,d07b5a1fe979e40efb123aeed5530ba4296513195a2ef8a47cf23d044ae2dfad,64793cfe8141a7f5bf4aaed112799fad18d66c3878246cf61f5e366f3244ffb9,192
20262532,0,moe,docs/research/figures/ws25-v1fix-formal-cdf/seed20262532-b000-moe-fct-cdf.svg,fecmp,20261004-070000-ws25-formal-s32-b000-fecmp,4e692d87907c71a1daa6dcc206ad0970141fc0d0ce38768e6408527bd85e6cde,1e4ddcdf70a53b88c77116187b7fb2f04a698fa8ab4057f1375630940b00f2dd,16384
20262532,0,moe,docs/research/figures/ws25-v1fix-formal-cdf/seed20262532-b000-moe-fct-cdf.svg,drill,20261004-070000-ws25-formal-s32-b000-drill,4e692d87907c71a1daa6dcc206ad0970141fc0d0ce38768e6408527bd85e6cde,01469f3ed613ed13cc9d4c012453376940c6b5e9eae077d8cea09008adde83f6,16384
20262532,0,moe,docs/research/figures/ws25-v1fix-formal-cdf/seed20262532-b000-moe-fct-cdf.svg,conga,20261004-070000-ws25-formal-s32-b000-conga,4e692d87907c71a1daa6dcc206ad0970141fc0d0ce38768e6408527bd85e6cde,f40c8e0cff7008d09da9e95a8793b2bbfe426aafa8512710d34885d361e0bd4a,16384
20262532,0,moe,docs/research/figures/ws25-v1fix-formal-cdf/seed20262532-b000-moe-fct-cdf.svg,letflow,20261004-070000-ws25-formal-s32-b000-letflow,4e692d87907c71a1daa6dcc206ad0970141fc0d0ce38768e6408527bd85e6cde,3da1bbd418dc88618189812b2ab4e1d4288461963e5d7383a69506172ef21746,16384
20262532,0,moe,docs/research/figures/ws25-v1fix-formal-cdf/seed20262532-b000-moe-fct-cdf.svg,conweave,20261004-070000-ws25-formal-s32-b000-conweave,4e692d87907c71a1daa6dcc206ad0970141fc0d0ce38768e6408527bd85e6cde,c4e5c3c3a65f95cb98d79bdb15bfa957b5a25961539a6460de586abe8feeb081,16384
20262532,0,moe,docs/research/figures/ws25-v1fix-formal-cdf/seed20262532-b000-moe-fct-cdf.svg,classreserve,20261004-070000-ws25-formal-s32-b000-classreserve,4e692d87907c71a1daa6dcc206ad0970141fc0d0ce38768e6408527bd85e6cde,b03a29270113d91d220c5425214a39dabca070f808a426ec47554eab1a70473c,16384
20262532,64,moe,docs/research/figures/ws25-v1fix-formal-cdf/seed20262532-b064-moe-fct-cdf.svg,fecmp,20261004-070000-ws25-formal-s32-b064-fecmp,cccce843967f285c7e7d014509eb9e5f7ffdc88dd80d0767c3a4a1c2e23f55de,d356438321427710af88abe773fb06484cc88c5ede33410d805f38ef7350dfba,16384
20262532,64,moe,docs/research/figures/ws25-v1fix-formal-cdf/seed20262532-b064-moe-fct-cdf.svg,drill,20261004-070000-ws25-formal-s32-b064-drill,cccce843967f285c7e7d014509eb9e5f7ffdc88dd80d0767c3a4a1c2e23f55de,02f2d6fd4be22c95ca8b95d3d8735ea835b2813163d8691f85b400df0db27af3,16384
20262532,64,moe,docs/research/figures/ws25-v1fix-formal-cdf/seed20262532-b064-moe-fct-cdf.svg,conga,20261004-070000-ws25-formal-s32-b064-conga,cccce843967f285c7e7d014509eb9e5f7ffdc88dd80d0767c3a4a1c2e23f55de,b35558c72aa2a055c8e9f54cad179b32771eba8df103a7ebc8f2f868d6481eea,16384
20262532,64,moe,docs/research/figures/ws25-v1fix-formal-cdf/seed20262532-b064-moe-fct-cdf.svg,letflow,20261004-070000-ws25-formal-s32-b064-letflow,cccce843967f285c7e7d014509eb9e5f7ffdc88dd80d0767c3a4a1c2e23f55de,19667e6545de435bde3dfdec32d2ede5c5dd002c310dc474b7102d74b0f64c40,16384
20262532,64,moe,docs/research/figures/ws25-v1fix-formal-cdf/seed20262532-b064-moe-fct-cdf.svg,conweave,20261004-070000-ws25-formal-s32-b064-conweave,cccce843967f285c7e7d014509eb9e5f7ffdc88dd80d0767c3a4a1c2e23f55de,df7de12cf87fa85dcf858fa66046e76dc5d3775e69f11929a0d1312fd07f40d1,16384
20262532,64,moe,docs/research/figures/ws25-v1fix-formal-cdf/seed20262532-b064-moe-fct-cdf.svg,classreserve,20261004-070000-ws25-formal-s32-b064-classreserve,cccce843967f285c7e7d014509eb9e5f7ffdc88dd80d0767c3a4a1c2e23f55de,4ca27b66ddc4728825c6dc849c0529ea8a27f34582db39b991d673a75529e6d3,16384
20262532,64,background,docs/research/figures/ws25-v1fix-formal-cdf/seed20262532-b064-background-fct-cdf.svg,fecmp,20261004-070000-ws25-formal-s32-b064-fecmp,cccce843967f285c7e7d014509eb9e5f7ffdc88dd80d0767c3a4a1c2e23f55de,d356438321427710af88abe773fb06484cc88c5ede33410d805f38ef7350dfba,64
20262532,64,background,docs/research/figures/ws25-v1fix-formal-cdf/seed20262532-b064-background-fct-cdf.svg,drill,20261004-070000-ws25-formal-s32-b064-drill,cccce843967f285c7e7d014509eb9e5f7ffdc88dd80d0767c3a4a1c2e23f55de,02f2d6fd4be22c95ca8b95d3d8735ea835b2813163d8691f85b400df0db27af3,64
20262532,64,background,docs/research/figures/ws25-v1fix-formal-cdf/seed20262532-b064-background-fct-cdf.svg,conga,20261004-070000-ws25-formal-s32-b064-conga,cccce843967f285c7e7d014509eb9e5f7ffdc88dd80d0767c3a4a1c2e23f55de,b35558c72aa2a055c8e9f54cad179b32771eba8df103a7ebc8f2f868d6481eea,64
20262532,64,background,docs/research/figures/ws25-v1fix-formal-cdf/seed20262532-b064-background-fct-cdf.svg,letflow,20261004-070000-ws25-formal-s32-b064-letflow,cccce843967f285c7e7d014509eb9e5f7ffdc88dd80d0767c3a4a1c2e23f55de,19667e6545de435bde3dfdec32d2ede5c5dd002c310dc474b7102d74b0f64c40,64
20262532,64,background,docs/research/figures/ws25-v1fix-formal-cdf/seed20262532-b064-background-fct-cdf.svg,conweave,20261004-070000-ws25-formal-s32-b064-conweave,cccce843967f285c7e7d014509eb9e5f7ffdc88dd80d0767c3a4a1c2e23f55de,df7de12cf87fa85dcf858fa66046e76dc5d3775e69f11929a0d1312fd07f40d1,64
20262532,64,background,docs/research/figures/ws25-v1fix-formal-cdf/seed20262532-b064-background-fct-cdf.svg,classreserve,20261004-070000-ws25-formal-s32-b064-classreserve,cccce843967f285c7e7d014509eb9e5f7ffdc88dd80d0767c3a4a1c2e23f55de,4ca27b66ddc4728825c6dc849c0529ea8a27f34582db39b991d673a75529e6d3,64
20262532,128,moe,docs/research/figures/ws25-v1fix-formal-cdf/seed20262532-b128-moe-fct-cdf.svg,fecmp,20261004-070000-ws25-formal-s32-b128-fecmp,e48c2c36a317551e378e468810ae7df736ab4c7a71d33e6a633e020c20a87d0a,09f376ed753df1f3c1b5a34a2062917c92ac9a78f41c52687445e6356bd8159b,16384
20262532,128,moe,docs/research/figures/ws25-v1fix-formal-cdf/seed20262532-b128-moe-fct-cdf.svg,drill,20261004-070000-ws25-formal-s32-b128-drill,e48c2c36a317551e378e468810ae7df736ab4c7a71d33e6a633e020c20a87d0a,08b851d9d1b21634347ae4398b48541e368bd7b244318a95efab1b7b9b9e22c0,16384
20262532,128,moe,docs/research/figures/ws25-v1fix-formal-cdf/seed20262532-b128-moe-fct-cdf.svg,conga,20261004-070000-ws25-formal-s32-b128-conga,e48c2c36a317551e378e468810ae7df736ab4c7a71d33e6a633e020c20a87d0a,23a051022cc92874b509dc7ed5f874d64fe764a545dd7f2b8ef1693dd9dc42ca,16384
20262532,128,moe,docs/research/figures/ws25-v1fix-formal-cdf/seed20262532-b128-moe-fct-cdf.svg,letflow,20261004-070000-ws25-formal-s32-b128-letflow,e48c2c36a317551e378e468810ae7df736ab4c7a71d33e6a633e020c20a87d0a,a3f79a0585a73a2301facb909ce6af28565c9e53198e117418e2cd5ce381d27b,16384
20262532,128,moe,docs/research/figures/ws25-v1fix-formal-cdf/seed20262532-b128-moe-fct-cdf.svg,conweave,20261004-070000-ws25-formal-s32-b128-conweave,e48c2c36a317551e378e468810ae7df736ab4c7a71d33e6a633e020c20a87d0a,deafd6fd47b23cd387e09f5b56d476b1f399ab603b99f54d56b21d19fcaacf7c,16384
20262532,128,moe,docs/research/figures/ws25-v1fix-formal-cdf/seed20262532-b128-moe-fct-cdf.svg,classreserve,20261004-070000-ws25-formal-s32-b128-classreserve,e48c2c36a317551e378e468810ae7df736ab4c7a71d33e6a633e020c20a87d0a,8387a03fa561f9db3dc382973cf6509366b8564b4e16d18ac6549aa2a69d5208,16384
20262532,128,background,docs/research/figures/ws25-v1fix-formal-cdf/seed20262532-b128-background-fct-cdf.svg,fecmp,20261004-070000-ws25-formal-s32-b128-fecmp,e48c2c36a317551e378e468810ae7df736ab4c7a71d33e6a633e020c20a87d0a,09f376ed753df1f3c1b5a34a2062917c92ac9a78f41c52687445e6356bd8159b,128
20262532,128,background,docs/research/figures/ws25-v1fix-formal-cdf/seed20262532-b128-background-fct-cdf.svg,drill,20261004-070000-ws25-formal-s32-b128-drill,e48c2c36a317551e378e468810ae7df736ab4c7a71d33e6a633e020c20a87d0a,08b851d9d1b21634347ae4398b48541e368bd7b244318a95efab1b7b9b9e22c0,128
20262532,128,background,docs/research/figures/ws25-v1fix-formal-cdf/seed20262532-b128-background-fct-cdf.svg,conga,20261004-070000-ws25-formal-s32-b128-conga,e48c2c36a317551e378e468810ae7df736ab4c7a71d33e6a633e020c20a87d0a,23a051022cc92874b509dc7ed5f874d64fe764a545dd7f2b8ef1693dd9dc42ca,128
20262532,128,background,docs/research/figures/ws25-v1fix-formal-cdf/seed20262532-b128-background-fct-cdf.svg,letflow,20261004-070000-ws25-formal-s32-b128-letflow,e48c2c36a317551e378e468810ae7df736ab4c7a71d33e6a633e020c20a87d0a,a3f79a0585a73a2301facb909ce6af28565c9e53198e117418e2cd5ce381d27b,128
20262532,128,background,docs/research/figures/ws25-v1fix-formal-cdf/seed20262532-b128-background-fct-cdf.svg,conweave,20261004-070000-ws25-formal-s32-b128-conweave,e48c2c36a317551e378e468810ae7df736ab4c7a71d33e6a633e020c20a87d0a,deafd6fd47b23cd387e09f5b56d476b1f399ab603b99f54d56b21d19fcaacf7c,128
20262532,128,background,docs/research/figures/ws25-v1fix-formal-cdf/seed20262532-b128-background-fct-cdf.svg,classreserve,20261004-070000-ws25-formal-s32-b128-classreserve,e48c2c36a317551e378e468810ae7df736ab4c7a71d33e6a633e020c20a87d0a,8387a03fa561f9db3dc382973cf6509366b8564b4e16d18ac6549aa2a69d5208,128
20262532,192,moe,docs/research/figures/ws25-v1fix-formal-cdf/seed20262532-b192-moe-fct-cdf.svg,fecmp,20261004-070000-ws25-formal-s32-b192-fecmp,f9450883ab6c261a00f87c5d7823dba445381003b86c1ca00f77544c093b1b5c,7836df7c7d7a6e8e57eb0ef115c70c54f8ceaa33d7e56250b419ce8126252b5e,16384
20262532,192,moe,docs/research/figures/ws25-v1fix-formal-cdf/seed20262532-b192-moe-fct-cdf.svg,drill,20261004-070000-ws25-formal-s32-b192-drill,f9450883ab6c261a00f87c5d7823dba445381003b86c1ca00f77544c093b1b5c,00e3a9451f7d6ceadb465fb51b77272608eb7253633a65802d229f0ec9de61cd,16384
20262532,192,moe,docs/research/figures/ws25-v1fix-formal-cdf/seed20262532-b192-moe-fct-cdf.svg,conga,20261004-070000-ws25-formal-s32-b192-conga,f9450883ab6c261a00f87c5d7823dba445381003b86c1ca00f77544c093b1b5c,1260bb70925a41362178a704c9dc58e436e335966847cfa01a1156acbd75349e,16384
20262532,192,moe,docs/research/figures/ws25-v1fix-formal-cdf/seed20262532-b192-moe-fct-cdf.svg,letflow,20261004-070000-ws25-formal-s32-b192-letflow,f9450883ab6c261a00f87c5d7823dba445381003b86c1ca00f77544c093b1b5c,463ebf108d92c1fe110f390caf62e822cfb50e6a7a8690beaf974f98033ccdd3,16384
20262532,192,moe,docs/research/figures/ws25-v1fix-formal-cdf/seed20262532-b192-moe-fct-cdf.svg,conweave,20261004-070000-ws25-formal-s32-b192-conweave,f9450883ab6c261a00f87c5d7823dba445381003b86c1ca00f77544c093b1b5c,c5cc67931270f07692a3f6f2d9ae979567864c8648bf28ba98a5582001cfdb27,16384
20262532,192,moe,docs/research/figures/ws25-v1fix-formal-cdf/seed20262532-b192-moe-fct-cdf.svg,classreserve,20261004-070000-ws25-formal-s32-b192-classreserve,f9450883ab6c261a00f87c5d7823dba445381003b86c1ca00f77544c093b1b5c,422efbecdea68253f323f22320025d3b57340600084702154f19b8576513304d,16384
20262532,192,background,docs/research/figures/ws25-v1fix-formal-cdf/seed20262532-b192-background-fct-cdf.svg,fecmp,20261004-070000-ws25-formal-s32-b192-fecmp,f9450883ab6c261a00f87c5d7823dba445381003b86c1ca00f77544c093b1b5c,7836df7c7d7a6e8e57eb0ef115c70c54f8ceaa33d7e56250b419ce8126252b5e,192
20262532,192,background,docs/research/figures/ws25-v1fix-formal-cdf/seed20262532-b192-background-fct-cdf.svg,drill,20261004-070000-ws25-formal-s32-b192-drill,f9450883ab6c261a00f87c5d7823dba445381003b86c1ca00f77544c093b1b5c,00e3a9451f7d6ceadb465fb51b77272608eb7253633a65802d229f0ec9de61cd,192
20262532,192,background,docs/research/figures/ws25-v1fix-formal-cdf/seed20262532-b192-background-fct-cdf.svg,conga,20261004-070000-ws25-formal-s32-b192-conga,f9450883ab6c261a00f87c5d7823dba445381003b86c1ca00f77544c093b1b5c,1260bb70925a41362178a704c9dc58e436e335966847cfa01a1156acbd75349e,192
20262532,192,background,docs/research/figures/ws25-v1fix-formal-cdf/seed20262532-b192-background-fct-cdf.svg,letflow,20261004-070000-ws25-formal-s32-b192-letflow,f9450883ab6c261a00f87c5d7823dba445381003b86c1ca00f77544c093b1b5c,463ebf108d92c1fe110f390caf62e822cfb50e6a7a8690beaf974f98033ccdd3,192
20262532,192,background,docs/research/figures/ws25-v1fix-formal-cdf/seed20262532-b192-background-fct-cdf.svg,conweave,20261004-070000-ws25-formal-s32-b192-conweave,f9450883ab6c261a00f87c5d7823dba445381003b86c1ca00f77544c093b1b5c,c5cc67931270f07692a3f6f2d9ae979567864c8648bf28ba98a5582001cfdb27,192
20262532,192,background,docs/research/figures/ws25-v1fix-formal-cdf/seed20262532-b192-background-fct-cdf.svg,classreserve,20261004-070000-ws25-formal-s32-b192-classreserve,f9450883ab6c261a00f87c5d7823dba445381003b86c1ca00f77544c093b1b5c,422efbecdea68253f323f22320025d3b57340600084702154f19b8576513304d,192
20262533,0,moe,docs/research/figures/ws25-v1fix-formal-cdf/seed20262533-b000-moe-fct-cdf.svg,fecmp,20261004-070000-ws25-formal-s33-b000-fecmp,b570cf7d7930c20263a0261ceb760f84fddbc9cbca8fd92724e60bf3df6d1709,00d211cc6660b87897a4179fd7de6c6b5c05ef46b8e3289e6d17191eb254a830,16384
20262533,0,moe,docs/research/figures/ws25-v1fix-formal-cdf/seed20262533-b000-moe-fct-cdf.svg,drill,20261004-070000-ws25-formal-s33-b000-drill,b570cf7d7930c20263a0261ceb760f84fddbc9cbca8fd92724e60bf3df6d1709,0d0e1fe446022177f9db8aff7a80fefd36eee6440a6067b244db7943cfaef1c2,16384
20262533,0,moe,docs/research/figures/ws25-v1fix-formal-cdf/seed20262533-b000-moe-fct-cdf.svg,conga,20261004-070000-ws25-formal-s33-b000-conga,b570cf7d7930c20263a0261ceb760f84fddbc9cbca8fd92724e60bf3df6d1709,4a36a2859faf25cee829c3364a2e56d21061381867332bd79527e19360d69c34,16384
20262533,0,moe,docs/research/figures/ws25-v1fix-formal-cdf/seed20262533-b000-moe-fct-cdf.svg,letflow,20261004-070000-ws25-formal-s33-b000-letflow,b570cf7d7930c20263a0261ceb760f84fddbc9cbca8fd92724e60bf3df6d1709,6495fae71f10180dfa2fae3aa2f8cece450caf196adba07fd20b748d563825ed,16384
20262533,0,moe,docs/research/figures/ws25-v1fix-formal-cdf/seed20262533-b000-moe-fct-cdf.svg,conweave,20261004-070000-ws25-formal-s33-b000-conweave,b570cf7d7930c20263a0261ceb760f84fddbc9cbca8fd92724e60bf3df6d1709,85e1570fc7edb7a8c7bfb07f3f36337dbb26558fe6787a992cb28849ca2c6514,16384
20262533,0,moe,docs/research/figures/ws25-v1fix-formal-cdf/seed20262533-b000-moe-fct-cdf.svg,classreserve,20261004-070000-ws25-formal-s33-b000-classreserve,b570cf7d7930c20263a0261ceb760f84fddbc9cbca8fd92724e60bf3df6d1709,d562afd68f5a870c8a294835005540f67704ea3e1c752ea4de7032f12bb2af1e,16384
20262533,64,moe,docs/research/figures/ws25-v1fix-formal-cdf/seed20262533-b064-moe-fct-cdf.svg,fecmp,20261004-070000-ws25-formal-s33-b064-fecmp,1df6cd4620ab58fe2545cf3b81c080be76c2c11eef7aa472d6a20d563f001b3d,db0402b506c6a7205ca9ca68b38e8753c294cf99719ea2d7332fe391532212bb,16384
20262533,64,moe,docs/research/figures/ws25-v1fix-formal-cdf/seed20262533-b064-moe-fct-cdf.svg,drill,20261004-070000-ws25-formal-s33-b064-drill,1df6cd4620ab58fe2545cf3b81c080be76c2c11eef7aa472d6a20d563f001b3d,f9ab69811a2a73126e69a8e1060342c296d95199419a062318033c5e712b72ac,16384
20262533,64,moe,docs/research/figures/ws25-v1fix-formal-cdf/seed20262533-b064-moe-fct-cdf.svg,conga,20261004-070000-ws25-formal-s33-b064-conga,1df6cd4620ab58fe2545cf3b81c080be76c2c11eef7aa472d6a20d563f001b3d,fcddb33c11800bbda9924c418e0ae4c538e99f7de073137b55b708318b6b0fc6,16384
20262533,64,moe,docs/research/figures/ws25-v1fix-formal-cdf/seed20262533-b064-moe-fct-cdf.svg,letflow,20261004-070000-ws25-formal-s33-b064-letflow,1df6cd4620ab58fe2545cf3b81c080be76c2c11eef7aa472d6a20d563f001b3d,7e42c1fc76febfcfd6a40903f94424baaaddaf17174d0cccaeb4443ee718df58,16384
20262533,64,moe,docs/research/figures/ws25-v1fix-formal-cdf/seed20262533-b064-moe-fct-cdf.svg,conweave,20261004-070000-ws25-formal-s33-b064-conweave,1df6cd4620ab58fe2545cf3b81c080be76c2c11eef7aa472d6a20d563f001b3d,705eb96852d75426808a683ed60dc73d0b2e52091c22c31adc8807bcb65d771e,16384
20262533,64,moe,docs/research/figures/ws25-v1fix-formal-cdf/seed20262533-b064-moe-fct-cdf.svg,classreserve,20261004-070000-ws25-formal-s33-b064-classreserve,1df6cd4620ab58fe2545cf3b81c080be76c2c11eef7aa472d6a20d563f001b3d,9338d6241d82ee8d3e3a6ab92bab27343e6b03d7bbabda7dcbe43483d9bcd0bf,16384
20262533,64,background,docs/research/figures/ws25-v1fix-formal-cdf/seed20262533-b064-background-fct-cdf.svg,fecmp,20261004-070000-ws25-formal-s33-b064-fecmp,1df6cd4620ab58fe2545cf3b81c080be76c2c11eef7aa472d6a20d563f001b3d,db0402b506c6a7205ca9ca68b38e8753c294cf99719ea2d7332fe391532212bb,64
20262533,64,background,docs/research/figures/ws25-v1fix-formal-cdf/seed20262533-b064-background-fct-cdf.svg,drill,20261004-070000-ws25-formal-s33-b064-drill,1df6cd4620ab58fe2545cf3b81c080be76c2c11eef7aa472d6a20d563f001b3d,f9ab69811a2a73126e69a8e1060342c296d95199419a062318033c5e712b72ac,64
20262533,64,background,docs/research/figures/ws25-v1fix-formal-cdf/seed20262533-b064-background-fct-cdf.svg,conga,20261004-070000-ws25-formal-s33-b064-conga,1df6cd4620ab58fe2545cf3b81c080be76c2c11eef7aa472d6a20d563f001b3d,fcddb33c11800bbda9924c418e0ae4c538e99f7de073137b55b708318b6b0fc6,64
20262533,64,background,docs/research/figures/ws25-v1fix-formal-cdf/seed20262533-b064-background-fct-cdf.svg,letflow,20261004-070000-ws25-formal-s33-b064-letflow,1df6cd4620ab58fe2545cf3b81c080be76c2c11eef7aa472d6a20d563f001b3d,7e42c1fc76febfcfd6a40903f94424baaaddaf17174d0cccaeb4443ee718df58,64
20262533,64,background,docs/research/figures/ws25-v1fix-formal-cdf/seed20262533-b064-background-fct-cdf.svg,conweave,20261004-070000-ws25-formal-s33-b064-conweave,1df6cd4620ab58fe2545cf3b81c080be76c2c11eef7aa472d6a20d563f001b3d,705eb96852d75426808a683ed60dc73d0b2e52091c22c31adc8807bcb65d771e,64
20262533,64,background,docs/research/figures/ws25-v1fix-formal-cdf/seed20262533-b064-background-fct-cdf.svg,classreserve,20261004-070000-ws25-formal-s33-b064-classreserve,1df6cd4620ab58fe2545cf3b81c080be76c2c11eef7aa472d6a20d563f001b3d,9338d6241d82ee8d3e3a6ab92bab27343e6b03d7bbabda7dcbe43483d9bcd0bf,64
20262533,128,moe,docs/research/figures/ws25-v1fix-formal-cdf/seed20262533-b128-moe-fct-cdf.svg,fecmp,20261004-070000-ws25-formal-s33-b128-fecmp,d2f9f4846ed432a2eedfda0e113ca9f46e65a354bbe4db431e0dfaa63c5f2435,c334f5e2b70a9ae2d20ed209016bcd4edacee12ec67a5f51c9cf23b10c5e5ff3,16384
20262533,128,moe,docs/research/figures/ws25-v1fix-formal-cdf/seed20262533-b128-moe-fct-cdf.svg,drill,20261004-070000-ws25-formal-s33-b128-drill,d2f9f4846ed432a2eedfda0e113ca9f46e65a354bbe4db431e0dfaa63c5f2435,ea5f30265499d52d448583fe9d6d06fa44e9cf2ad2602a6f753eb49a15049d00,16384
20262533,128,moe,docs/research/figures/ws25-v1fix-formal-cdf/seed20262533-b128-moe-fct-cdf.svg,conga,20261004-070000-ws25-formal-s33-b128-conga,d2f9f4846ed432a2eedfda0e113ca9f46e65a354bbe4db431e0dfaa63c5f2435,8cc954542448c3fb28cc37251385249989f3950311c3e20b3458a9adb9da9c93,16384
20262533,128,moe,docs/research/figures/ws25-v1fix-formal-cdf/seed20262533-b128-moe-fct-cdf.svg,letflow,20261004-070000-ws25-formal-s33-b128-letflow,d2f9f4846ed432a2eedfda0e113ca9f46e65a354bbe4db431e0dfaa63c5f2435,8b6e350a1643e50c015b9d9de76158ce4eca040acaf06c9b3d314a0e894323a3,16384
20262533,128,moe,docs/research/figures/ws25-v1fix-formal-cdf/seed20262533-b128-moe-fct-cdf.svg,conweave,20261004-070000-ws25-formal-s33-b128-conweave,d2f9f4846ed432a2eedfda0e113ca9f46e65a354bbe4db431e0dfaa63c5f2435,8883b47ab0cfe32acd06cb4eb1246ab5066bc05e9619f254362032297ab172e0,16384
20262533,128,moe,docs/research/figures/ws25-v1fix-formal-cdf/seed20262533-b128-moe-fct-cdf.svg,classreserve,20261004-070000-ws25-formal-s33-b128-classreserve,d2f9f4846ed432a2eedfda0e113ca9f46e65a354bbe4db431e0dfaa63c5f2435,f92d21632c3b06467ba93081352fa11e0e9971dcb5ccf9b0806da4ecac8de923,16384
20262533,128,background,docs/research/figures/ws25-v1fix-formal-cdf/seed20262533-b128-background-fct-cdf.svg,fecmp,20261004-070000-ws25-formal-s33-b128-fecmp,d2f9f4846ed432a2eedfda0e113ca9f46e65a354bbe4db431e0dfaa63c5f2435,c334f5e2b70a9ae2d20ed209016bcd4edacee12ec67a5f51c9cf23b10c5e5ff3,128
20262533,128,background,docs/research/figures/ws25-v1fix-formal-cdf/seed20262533-b128-background-fct-cdf.svg,drill,20261004-070000-ws25-formal-s33-b128-drill,d2f9f4846ed432a2eedfda0e113ca9f46e65a354bbe4db431e0dfaa63c5f2435,ea5f30265499d52d448583fe9d6d06fa44e9cf2ad2602a6f753eb49a15049d00,128
20262533,128,background,docs/research/figures/ws25-v1fix-formal-cdf/seed20262533-b128-background-fct-cdf.svg,conga,20261004-070000-ws25-formal-s33-b128-conga,d2f9f4846ed432a2eedfda0e113ca9f46e65a354bbe4db431e0dfaa63c5f2435,8cc954542448c3fb28cc37251385249989f3950311c3e20b3458a9adb9da9c93,128
20262533,128,background,docs/research/figures/ws25-v1fix-formal-cdf/seed20262533-b128-background-fct-cdf.svg,letflow,20261004-070000-ws25-formal-s33-b128-letflow,d2f9f4846ed432a2eedfda0e113ca9f46e65a354bbe4db431e0dfaa63c5f2435,8b6e350a1643e50c015b9d9de76158ce4eca040acaf06c9b3d314a0e894323a3,128
20262533,128,background,docs/research/figures/ws25-v1fix-formal-cdf/seed20262533-b128-background-fct-cdf.svg,conweave,20261004-070000-ws25-formal-s33-b128-conweave,d2f9f4846ed432a2eedfda0e113ca9f46e65a354bbe4db431e0dfaa63c5f2435,8883b47ab0cfe32acd06cb4eb1246ab5066bc05e9619f254362032297ab172e0,128
20262533,128,background,docs/research/figures/ws25-v1fix-formal-cdf/seed20262533-b128-background-fct-cdf.svg,classreserve,20261004-070000-ws25-formal-s33-b128-classreserve,d2f9f4846ed432a2eedfda0e113ca9f46e65a354bbe4db431e0dfaa63c5f2435,f92d21632c3b06467ba93081352fa11e0e9971dcb5ccf9b0806da4ecac8de923,128
20262533,192,moe,docs/research/figures/ws25-v1fix-formal-cdf/seed20262533-b192-moe-fct-cdf.svg,fecmp,20261004-070000-ws25-formal-s33-b192-fecmp,30fc5e26e7a9cfe1ede42a02042eb3bd4bee46a909325ecf36077667a3ee0bfa,ff33acfed3e64a85dc7f5291eb61109d29b9fcbb185ca641ceeeb4c28b8526ad,16384
20262533,192,moe,docs/research/figures/ws25-v1fix-formal-cdf/seed20262533-b192-moe-fct-cdf.svg,drill,20261004-070000-ws25-formal-s33-b192-drill,30fc5e26e7a9cfe1ede42a02042eb3bd4bee46a909325ecf36077667a3ee0bfa,a17f304ee7e0089ca851f4070ca17b4b872de419c8a3afdd8fd876a2eb919367,16384
20262533,192,moe,docs/research/figures/ws25-v1fix-formal-cdf/seed20262533-b192-moe-fct-cdf.svg,conga,20261004-070000-ws25-formal-s33-b192-conga,30fc5e26e7a9cfe1ede42a02042eb3bd4bee46a909325ecf36077667a3ee0bfa,05b1fe8e66848d91dfff3f1edef737007909fa7a6f78f82a45fdb18cc5faaca0,16384
20262533,192,moe,docs/research/figures/ws25-v1fix-formal-cdf/seed20262533-b192-moe-fct-cdf.svg,letflow,20261004-070000-ws25-formal-s33-b192-letflow,30fc5e26e7a9cfe1ede42a02042eb3bd4bee46a909325ecf36077667a3ee0bfa,6ab516503ccbbbd4f0a2dd7dcd655964c67eae31c88cc59597be6ab9f90c69f0,16384
20262533,192,moe,docs/research/figures/ws25-v1fix-formal-cdf/seed20262533-b192-moe-fct-cdf.svg,conweave,20261004-070000-ws25-formal-s33-b192-conweave,30fc5e26e7a9cfe1ede42a02042eb3bd4bee46a909325ecf36077667a3ee0bfa,94fc539789bbfc2b2f5ad59a1708446c0d07c5696ade4d15add07e2254b96eab,16384
20262533,192,moe,docs/research/figures/ws25-v1fix-formal-cdf/seed20262533-b192-moe-fct-cdf.svg,classreserve,20261004-070000-ws25-formal-s33-b192-classreserve,30fc5e26e7a9cfe1ede42a02042eb3bd4bee46a909325ecf36077667a3ee0bfa,e894819561754e052083e48007217b61bdaea268cc3ebc4bb1c9ee9aff4cb4ce,16384
20262533,192,background,docs/research/figures/ws25-v1fix-formal-cdf/seed20262533-b192-background-fct-cdf.svg,fecmp,20261004-070000-ws25-formal-s33-b192-fecmp,30fc5e26e7a9cfe1ede42a02042eb3bd4bee46a909325ecf36077667a3ee0bfa,ff33acfed3e64a85dc7f5291eb61109d29b9fcbb185ca641ceeeb4c28b8526ad,192
20262533,192,background,docs/research/figures/ws25-v1fix-formal-cdf/seed20262533-b192-background-fct-cdf.svg,drill,20261004-070000-ws25-formal-s33-b192-drill,30fc5e26e7a9cfe1ede42a02042eb3bd4bee46a909325ecf36077667a3ee0bfa,a17f304ee7e0089ca851f4070ca17b4b872de419c8a3afdd8fd876a2eb919367,192
20262533,192,background,docs/research/figures/ws25-v1fix-formal-cdf/seed20262533-b192-background-fct-cdf.svg,conga,20261004-070000-ws25-formal-s33-b192-conga,30fc5e26e7a9cfe1ede42a02042eb3bd4bee46a909325ecf36077667a3ee0bfa,05b1fe8e66848d91dfff3f1edef737007909fa7a6f78f82a45fdb18cc5faaca0,192
20262533,192,background,docs/research/figures/ws25-v1fix-formal-cdf/seed20262533-b192-background-fct-cdf.svg,letflow,20261004-070000-ws25-formal-s33-b192-letflow,30fc5e26e7a9cfe1ede42a02042eb3bd4bee46a909325ecf36077667a3ee0bfa,6ab516503ccbbbd4f0a2dd7dcd655964c67eae31c88cc59597be6ab9f90c69f0,192
20262533,192,background,docs/research/figures/ws25-v1fix-formal-cdf/seed20262533-b192-background-fct-cdf.svg,conweave,20261004-070000-ws25-formal-s33-b192-conweave,30fc5e26e7a9cfe1ede42a02042eb3bd4bee46a909325ecf36077667a3ee0bfa,94fc539789bbfc2b2f5ad59a1708446c0d07c5696ade4d15add07e2254b96eab,192
20262533,192,background,docs/research/figures/ws25-v1fix-formal-cdf/seed20262533-b192-background-fct-cdf.svg,classreserve,20261004-070000-ws25-formal-s33-b192-classreserve,30fc5e26e7a9cfe1ede42a02042eb3bd4bee46a909325ecf36077667a3ee0bfa,e894819561754e052083e48007217b61bdaea268cc3ebc4bb1c9ee9aff4cb4ce,192
20262534,0,moe,docs/research/figures/ws25-v1fix-formal-cdf/seed20262534-b000-moe-fct-cdf.svg,fecmp,20261004-070000-ws25-formal-s34-b000-fecmp,f83e1fbd3f80d1fe8a091214d0242677f55661dbcb1f80282d5bb05121c826eb,6372addb6622775235d6661283a6c31165dee91eb1b6722ff7b8d482646bbf14,16384
20262534,0,moe,docs/research/figures/ws25-v1fix-formal-cdf/seed20262534-b000-moe-fct-cdf.svg,drill,20261004-070000-ws25-formal-s34-b000-drill,f83e1fbd3f80d1fe8a091214d0242677f55661dbcb1f80282d5bb05121c826eb,e3c7c348f5edaa5535db76a416b2005dcb845b91074e08376a18ba7d0a5cdd06,16384
20262534,0,moe,docs/research/figures/ws25-v1fix-formal-cdf/seed20262534-b000-moe-fct-cdf.svg,conga,20261004-070000-ws25-formal-s34-b000-conga,f83e1fbd3f80d1fe8a091214d0242677f55661dbcb1f80282d5bb05121c826eb,8cc537b1b693fad21dc9570ccfee5c0a01d60c629768fb6622004405cc8b5ede,16384
20262534,0,moe,docs/research/figures/ws25-v1fix-formal-cdf/seed20262534-b000-moe-fct-cdf.svg,letflow,20261004-070000-ws25-formal-s34-b000-letflow,f83e1fbd3f80d1fe8a091214d0242677f55661dbcb1f80282d5bb05121c826eb,67002f5cef4ac15f37c37e67b587ffc750b97e3161793dd16693cad992141307,16384
20262534,0,moe,docs/research/figures/ws25-v1fix-formal-cdf/seed20262534-b000-moe-fct-cdf.svg,conweave,20261004-070000-ws25-formal-s34-b000-conweave,f83e1fbd3f80d1fe8a091214d0242677f55661dbcb1f80282d5bb05121c826eb,a287b5e59fd4fcac42dd36ab31c6d21d848414c5d4ec95c47ccc98b84d159469,16384
20262534,0,moe,docs/research/figures/ws25-v1fix-formal-cdf/seed20262534-b000-moe-fct-cdf.svg,classreserve,20261004-070000-ws25-formal-s34-b000-classreserve,f83e1fbd3f80d1fe8a091214d0242677f55661dbcb1f80282d5bb05121c826eb,7aca98e84facbd491a8b315ac0e638f3bdd978c18929508b1ac99f64d4e86894,16384
20262534,64,moe,docs/research/figures/ws25-v1fix-formal-cdf/seed20262534-b064-moe-fct-cdf.svg,fecmp,20261004-070000-ws25-formal-s34-b064-fecmp,3a4727cea3925c3455187037bab97b0a34221be37d1f4a2c5328cbb6f2f48005,ac507375b90861909d30b47f12dcd6be4ad27a95b568cef5e77352db67751284,16384
20262534,64,moe,docs/research/figures/ws25-v1fix-formal-cdf/seed20262534-b064-moe-fct-cdf.svg,drill,20261004-070000-ws25-formal-s34-b064-drill,3a4727cea3925c3455187037bab97b0a34221be37d1f4a2c5328cbb6f2f48005,ffbd86f14915fdcf01305ca182a61c465578c1f64fe7fbab2b8c0bbf480bb382,16384
20262534,64,moe,docs/research/figures/ws25-v1fix-formal-cdf/seed20262534-b064-moe-fct-cdf.svg,conga,20261004-070000-ws25-formal-s34-b064-conga,3a4727cea3925c3455187037bab97b0a34221be37d1f4a2c5328cbb6f2f48005,f759dd0600c71083c8632eba0b3dc1ad3f929554506e1063c95d01e1985016ad,16384
20262534,64,moe,docs/research/figures/ws25-v1fix-formal-cdf/seed20262534-b064-moe-fct-cdf.svg,letflow,20261004-070000-ws25-formal-s34-b064-letflow,3a4727cea3925c3455187037bab97b0a34221be37d1f4a2c5328cbb6f2f48005,874dbdbd4cb96c5e91d80a24bed6adf10f55fca3e3519973c6088a72825c231e,16384
20262534,64,moe,docs/research/figures/ws25-v1fix-formal-cdf/seed20262534-b064-moe-fct-cdf.svg,conweave,20261004-070000-ws25-formal-s34-b064-conweave,3a4727cea3925c3455187037bab97b0a34221be37d1f4a2c5328cbb6f2f48005,b21f88cff6d261c5152f580faaaa25271db1b21c45d62a329fe8b5d4e0e1598c,16384
20262534,64,moe,docs/research/figures/ws25-v1fix-formal-cdf/seed20262534-b064-moe-fct-cdf.svg,classreserve,20261004-070000-ws25-formal-s34-b064-classreserve,3a4727cea3925c3455187037bab97b0a34221be37d1f4a2c5328cbb6f2f48005,c299ad0e789983b4883f20d94b6ac7e3a57e53b8308822884fb9b4bbeeb97256,16384
20262534,64,background,docs/research/figures/ws25-v1fix-formal-cdf/seed20262534-b064-background-fct-cdf.svg,fecmp,20261004-070000-ws25-formal-s34-b064-fecmp,3a4727cea3925c3455187037bab97b0a34221be37d1f4a2c5328cbb6f2f48005,ac507375b90861909d30b47f12dcd6be4ad27a95b568cef5e77352db67751284,64
20262534,64,background,docs/research/figures/ws25-v1fix-formal-cdf/seed20262534-b064-background-fct-cdf.svg,drill,20261004-070000-ws25-formal-s34-b064-drill,3a4727cea3925c3455187037bab97b0a34221be37d1f4a2c5328cbb6f2f48005,ffbd86f14915fdcf01305ca182a61c465578c1f64fe7fbab2b8c0bbf480bb382,64
20262534,64,background,docs/research/figures/ws25-v1fix-formal-cdf/seed20262534-b064-background-fct-cdf.svg,conga,20261004-070000-ws25-formal-s34-b064-conga,3a4727cea3925c3455187037bab97b0a34221be37d1f4a2c5328cbb6f2f48005,f759dd0600c71083c8632eba0b3dc1ad3f929554506e1063c95d01e1985016ad,64
20262534,64,background,docs/research/figures/ws25-v1fix-formal-cdf/seed20262534-b064-background-fct-cdf.svg,letflow,20261004-070000-ws25-formal-s34-b064-letflow,3a4727cea3925c3455187037bab97b0a34221be37d1f4a2c5328cbb6f2f48005,874dbdbd4cb96c5e91d80a24bed6adf10f55fca3e3519973c6088a72825c231e,64
20262534,64,background,docs/research/figures/ws25-v1fix-formal-cdf/seed20262534-b064-background-fct-cdf.svg,conweave,20261004-070000-ws25-formal-s34-b064-conweave,3a4727cea3925c3455187037bab97b0a34221be37d1f4a2c5328cbb6f2f48005,b21f88cff6d261c5152f580faaaa25271db1b21c45d62a329fe8b5d4e0e1598c,64
20262534,64,background,docs/research/figures/ws25-v1fix-formal-cdf/seed20262534-b064-background-fct-cdf.svg,classreserve,20261004-070000-ws25-formal-s34-b064-classreserve,3a4727cea3925c3455187037bab97b0a34221be37d1f4a2c5328cbb6f2f48005,c299ad0e789983b4883f20d94b6ac7e3a57e53b8308822884fb9b4bbeeb97256,64
20262534,128,moe,docs/research/figures/ws25-v1fix-formal-cdf/seed20262534-b128-moe-fct-cdf.svg,fecmp,20261004-070000-ws25-formal-s34-b128-fecmp,b19736116bb0f8e4298a51ca2930cd264fb1fc97884537bd8fd581a968acd03b,d16a31a0abf636218e181b57ebdc5d747e89648d236b0995fec939cabdb364fa,16384
20262534,128,moe,docs/research/figures/ws25-v1fix-formal-cdf/seed20262534-b128-moe-fct-cdf.svg,drill,20261004-070000-ws25-formal-s34-b128-drill,b19736116bb0f8e4298a51ca2930cd264fb1fc97884537bd8fd581a968acd03b,176f29707ed270aa5dd8d3ca3ce9834569164b39e5bef51672a8721413f46a34,16384
20262534,128,moe,docs/research/figures/ws25-v1fix-formal-cdf/seed20262534-b128-moe-fct-cdf.svg,conga,20261004-070000-ws25-formal-s34-b128-conga,b19736116bb0f8e4298a51ca2930cd264fb1fc97884537bd8fd581a968acd03b,6817de122270c06ef663973a3787e69189de5bebaba129c5e5da2b11f76624b8,16384
20262534,128,moe,docs/research/figures/ws25-v1fix-formal-cdf/seed20262534-b128-moe-fct-cdf.svg,letflow,20261004-070000-ws25-formal-s34-b128-letflow,b19736116bb0f8e4298a51ca2930cd264fb1fc97884537bd8fd581a968acd03b,4dd463186deba2bd36f71c2550aff914156ef00c87dedb2e8104f685b9e3e1c6,16384
20262534,128,moe,docs/research/figures/ws25-v1fix-formal-cdf/seed20262534-b128-moe-fct-cdf.svg,conweave,20261004-070000-ws25-formal-s34-b128-conweave,b19736116bb0f8e4298a51ca2930cd264fb1fc97884537bd8fd581a968acd03b,9572514d5f231180d703a07fc36704726fcb91baa7673790bf756a2754d41533,16384
20262534,128,moe,docs/research/figures/ws25-v1fix-formal-cdf/seed20262534-b128-moe-fct-cdf.svg,classreserve,20261004-070000-ws25-formal-s34-b128-classreserve,b19736116bb0f8e4298a51ca2930cd264fb1fc97884537bd8fd581a968acd03b,3725feff96b5c3a4bd36159fd34485c9e6b1702dc95b3f6db0ad4f38b25c1d91,16384
20262534,128,background,docs/research/figures/ws25-v1fix-formal-cdf/seed20262534-b128-background-fct-cdf.svg,fecmp,20261004-070000-ws25-formal-s34-b128-fecmp,b19736116bb0f8e4298a51ca2930cd264fb1fc97884537bd8fd581a968acd03b,d16a31a0abf636218e181b57ebdc5d747e89648d236b0995fec939cabdb364fa,128
20262534,128,background,docs/research/figures/ws25-v1fix-formal-cdf/seed20262534-b128-background-fct-cdf.svg,drill,20261004-070000-ws25-formal-s34-b128-drill,b19736116bb0f8e4298a51ca2930cd264fb1fc97884537bd8fd581a968acd03b,176f29707ed270aa5dd8d3ca3ce9834569164b39e5bef51672a8721413f46a34,128
20262534,128,background,docs/research/figures/ws25-v1fix-formal-cdf/seed20262534-b128-background-fct-cdf.svg,conga,20261004-070000-ws25-formal-s34-b128-conga,b19736116bb0f8e4298a51ca2930cd264fb1fc97884537bd8fd581a968acd03b,6817de122270c06ef663973a3787e69189de5bebaba129c5e5da2b11f76624b8,128
20262534,128,background,docs/research/figures/ws25-v1fix-formal-cdf/seed20262534-b128-background-fct-cdf.svg,letflow,20261004-070000-ws25-formal-s34-b128-letflow,b19736116bb0f8e4298a51ca2930cd264fb1fc97884537bd8fd581a968acd03b,4dd463186deba2bd36f71c2550aff914156ef00c87dedb2e8104f685b9e3e1c6,128
20262534,128,background,docs/research/figures/ws25-v1fix-formal-cdf/seed20262534-b128-background-fct-cdf.svg,conweave,20261004-070000-ws25-formal-s34-b128-conweave,b19736116bb0f8e4298a51ca2930cd264fb1fc97884537bd8fd581a968acd03b,9572514d5f231180d703a07fc36704726fcb91baa7673790bf756a2754d41533,128
20262534,128,background,docs/research/figures/ws25-v1fix-formal-cdf/seed20262534-b128-background-fct-cdf.svg,classreserve,20261004-070000-ws25-formal-s34-b128-classreserve,b19736116bb0f8e4298a51ca2930cd264fb1fc97884537bd8fd581a968acd03b,3725feff96b5c3a4bd36159fd34485c9e6b1702dc95b3f6db0ad4f38b25c1d91,128
20262534,192,moe,docs/research/figures/ws25-v1fix-formal-cdf/seed20262534-b192-moe-fct-cdf.svg,fecmp,20261004-070000-ws25-formal-s34-b192-fecmp,85c28b7c410644d0bf6bdf80811be51243c705501c0d307304495906b91ec7c4,dc7f1c1eb61328dcc8c3ae025bba7325a3611c828e1e6558e3768d8c56fa5c64,16384
20262534,192,moe,docs/research/figures/ws25-v1fix-formal-cdf/seed20262534-b192-moe-fct-cdf.svg,drill,20261004-070000-ws25-formal-s34-b192-drill,85c28b7c410644d0bf6bdf80811be51243c705501c0d307304495906b91ec7c4,a667cc9dbe9678e8f2df020e269fe5211481ccb5664ef63742ca5c564ebb8cab,16384
20262534,192,moe,docs/research/figures/ws25-v1fix-formal-cdf/seed20262534-b192-moe-fct-cdf.svg,conga,20261004-070000-ws25-formal-s34-b192-conga,85c28b7c410644d0bf6bdf80811be51243c705501c0d307304495906b91ec7c4,f5dea368d217f4c5af333fc79b74475921103132ed2d7ecb0b1dcd62d0607eaf,16384
20262534,192,moe,docs/research/figures/ws25-v1fix-formal-cdf/seed20262534-b192-moe-fct-cdf.svg,letflow,20261004-070000-ws25-formal-s34-b192-letflow,85c28b7c410644d0bf6bdf80811be51243c705501c0d307304495906b91ec7c4,4a532d03ea7db6fb613d60d2b0912e2e7e63a01f9cf699f5bfb3fd362210628c,16384
20262534,192,moe,docs/research/figures/ws25-v1fix-formal-cdf/seed20262534-b192-moe-fct-cdf.svg,conweave,20261004-070000-ws25-formal-s34-b192-conweave,85c28b7c410644d0bf6bdf80811be51243c705501c0d307304495906b91ec7c4,04769a26ba8ecf4e9601d58c0cb33185caf178e7d24f0aadfa9800715f512f97,16384
20262534,192,moe,docs/research/figures/ws25-v1fix-formal-cdf/seed20262534-b192-moe-fct-cdf.svg,classreserve,20261004-070000-ws25-formal-s34-b192-classreserve,85c28b7c410644d0bf6bdf80811be51243c705501c0d307304495906b91ec7c4,bf7477af37d4f57f1c8341ab9ebe180780dfc7e6340e72a226765f5781933f18,16384
20262534,192,background,docs/research/figures/ws25-v1fix-formal-cdf/seed20262534-b192-background-fct-cdf.svg,fecmp,20261004-070000-ws25-formal-s34-b192-fecmp,85c28b7c410644d0bf6bdf80811be51243c705501c0d307304495906b91ec7c4,dc7f1c1eb61328dcc8c3ae025bba7325a3611c828e1e6558e3768d8c56fa5c64,192
20262534,192,background,docs/research/figures/ws25-v1fix-formal-cdf/seed20262534-b192-background-fct-cdf.svg,drill,20261004-070000-ws25-formal-s34-b192-drill,85c28b7c410644d0bf6bdf80811be51243c705501c0d307304495906b91ec7c4,a667cc9dbe9678e8f2df020e269fe5211481ccb5664ef63742ca5c564ebb8cab,192
20262534,192,background,docs/research/figures/ws25-v1fix-formal-cdf/seed20262534-b192-background-fct-cdf.svg,conga,20261004-070000-ws25-formal-s34-b192-conga,85c28b7c410644d0bf6bdf80811be51243c705501c0d307304495906b91ec7c4,f5dea368d217f4c5af333fc79b74475921103132ed2d7ecb0b1dcd62d0607eaf,192
20262534,192,background,docs/research/figures/ws25-v1fix-formal-cdf/seed20262534-b192-background-fct-cdf.svg,letflow,20261004-070000-ws25-formal-s34-b192-letflow,85c28b7c410644d0bf6bdf80811be51243c705501c0d307304495906b91ec7c4,4a532d03ea7db6fb613d60d2b0912e2e7e63a01f9cf699f5bfb3fd362210628c,192
20262534,192,background,docs/research/figures/ws25-v1fix-formal-cdf/seed20262534-b192-background-fct-cdf.svg,conweave,20261004-070000-ws25-formal-s34-b192-conweave,85c28b7c410644d0bf6bdf80811be51243c705501c0d307304495906b91ec7c4,04769a26ba8ecf4e9601d58c0cb33185caf178e7d24f0aadfa9800715f512f97,192
20262534,192,background,docs/research/figures/ws25-v1fix-formal-cdf/seed20262534-b192-background-fct-cdf.svg,classreserve,20261004-070000-ws25-formal-s34-b192-classreserve,85c28b7c410644d0bf6bdf80811be51243c705501c0d307304495906b91ec7c4,bf7477af37d4f57f1c8341ab9ebe180780dfc7e6340e72a226765f5781933f18,192
20262535,0,moe,docs/research/figures/ws25-v1fix-formal-cdf/seed20262535-b000-moe-fct-cdf.svg,fecmp,20261004-070000-ws25-formal-s35-b000-fecmp,a3a72e7257faece31af7f71b2c80d9d990824a0d4a9fbde30c37e1ef3157ade7,9a4a27acdb915ebafe8fe48b592e3a842fce25e1e41271d6198867e95d88eefc,16384
20262535,0,moe,docs/research/figures/ws25-v1fix-formal-cdf/seed20262535-b000-moe-fct-cdf.svg,drill,20261004-070000-ws25-formal-s35-b000-drill,a3a72e7257faece31af7f71b2c80d9d990824a0d4a9fbde30c37e1ef3157ade7,e96db72bf453c13596e74377ac65edb22875f74786fac213f9b9f6ade31f2077,16384
20262535,0,moe,docs/research/figures/ws25-v1fix-formal-cdf/seed20262535-b000-moe-fct-cdf.svg,conga,20261004-070000-ws25-formal-s35-b000-conga,a3a72e7257faece31af7f71b2c80d9d990824a0d4a9fbde30c37e1ef3157ade7,fae65ccf085960c079a02be7f3c877430e42205ec6fea28ca8cfcb338386dd67,16384
20262535,0,moe,docs/research/figures/ws25-v1fix-formal-cdf/seed20262535-b000-moe-fct-cdf.svg,letflow,20261004-070000-ws25-formal-s35-b000-letflow,a3a72e7257faece31af7f71b2c80d9d990824a0d4a9fbde30c37e1ef3157ade7,22ad44bcd66e48bacae80b1c62f1ae21ff063e36693875cd5e24b507b67f5c12,16384
20262535,0,moe,docs/research/figures/ws25-v1fix-formal-cdf/seed20262535-b000-moe-fct-cdf.svg,conweave,20261004-070000-ws25-formal-s35-b000-conweave,a3a72e7257faece31af7f71b2c80d9d990824a0d4a9fbde30c37e1ef3157ade7,9c5c37e08c99eb935e2972588108f8f1179baa122fa1be02ea2b686301248407,16384
20262535,0,moe,docs/research/figures/ws25-v1fix-formal-cdf/seed20262535-b000-moe-fct-cdf.svg,classreserve,20261004-070000-ws25-formal-s35-b000-classreserve,a3a72e7257faece31af7f71b2c80d9d990824a0d4a9fbde30c37e1ef3157ade7,cefb308acd5a0127ad293bafc1533850be94a9424de73d007c0e1cbb5f222630,16384
20262535,64,moe,docs/research/figures/ws25-v1fix-formal-cdf/seed20262535-b064-moe-fct-cdf.svg,fecmp,20261004-070000-ws25-formal-s35-b064-fecmp,a8c057f61815faf1037d945dbb1a0d47ea24af45f8e97344863d6debcb395960,544435e70d870d4d33c773c07415d21b5956bc1b14797fd6f156617a7f69b856,16384
20262535,64,moe,docs/research/figures/ws25-v1fix-formal-cdf/seed20262535-b064-moe-fct-cdf.svg,drill,20261004-070000-ws25-formal-s35-b064-drill,a8c057f61815faf1037d945dbb1a0d47ea24af45f8e97344863d6debcb395960,647c9a99863bcf05fead0f19527b51640bd6b506aaa1433454b968371526a21f,16384
20262535,64,moe,docs/research/figures/ws25-v1fix-formal-cdf/seed20262535-b064-moe-fct-cdf.svg,conga,20261004-070000-ws25-formal-s35-b064-conga,a8c057f61815faf1037d945dbb1a0d47ea24af45f8e97344863d6debcb395960,67fbb759e10bb9aea9f7fdd2883d67097021fa4bb068562e0fa768ddf508cb00,16384
20262535,64,moe,docs/research/figures/ws25-v1fix-formal-cdf/seed20262535-b064-moe-fct-cdf.svg,letflow,20261004-070000-ws25-formal-s35-b064-letflow,a8c057f61815faf1037d945dbb1a0d47ea24af45f8e97344863d6debcb395960,49cac67565cb6027a11bb0f2770e86032e36da8a7b2f2c4cb3912bf922157793,16384
20262535,64,moe,docs/research/figures/ws25-v1fix-formal-cdf/seed20262535-b064-moe-fct-cdf.svg,conweave,20261004-070000-ws25-formal-s35-b064-conweave,a8c057f61815faf1037d945dbb1a0d47ea24af45f8e97344863d6debcb395960,67d1e4757b08b8cc9c9d4ab80c7ba29c86c5fbdf35ef6b4714fb5af6cc0031f2,16384
20262535,64,moe,docs/research/figures/ws25-v1fix-formal-cdf/seed20262535-b064-moe-fct-cdf.svg,classreserve,20261004-070000-ws25-formal-s35-b064-classreserve,a8c057f61815faf1037d945dbb1a0d47ea24af45f8e97344863d6debcb395960,34ea152b2198fca929827793f356c9c4335a6f47db731c2aeae02d0003bf2e82,16384
20262535,64,background,docs/research/figures/ws25-v1fix-formal-cdf/seed20262535-b064-background-fct-cdf.svg,fecmp,20261004-070000-ws25-formal-s35-b064-fecmp,a8c057f61815faf1037d945dbb1a0d47ea24af45f8e97344863d6debcb395960,544435e70d870d4d33c773c07415d21b5956bc1b14797fd6f156617a7f69b856,64
20262535,64,background,docs/research/figures/ws25-v1fix-formal-cdf/seed20262535-b064-background-fct-cdf.svg,drill,20261004-070000-ws25-formal-s35-b064-drill,a8c057f61815faf1037d945dbb1a0d47ea24af45f8e97344863d6debcb395960,647c9a99863bcf05fead0f19527b51640bd6b506aaa1433454b968371526a21f,64
20262535,64,background,docs/research/figures/ws25-v1fix-formal-cdf/seed20262535-b064-background-fct-cdf.svg,conga,20261004-070000-ws25-formal-s35-b064-conga,a8c057f61815faf1037d945dbb1a0d47ea24af45f8e97344863d6debcb395960,67fbb759e10bb9aea9f7fdd2883d67097021fa4bb068562e0fa768ddf508cb00,64
20262535,64,background,docs/research/figures/ws25-v1fix-formal-cdf/seed20262535-b064-background-fct-cdf.svg,letflow,20261004-070000-ws25-formal-s35-b064-letflow,a8c057f61815faf1037d945dbb1a0d47ea24af45f8e97344863d6debcb395960,49cac67565cb6027a11bb0f2770e86032e36da8a7b2f2c4cb3912bf922157793,64
20262535,64,background,docs/research/figures/ws25-v1fix-formal-cdf/seed20262535-b064-background-fct-cdf.svg,conweave,20261004-070000-ws25-formal-s35-b064-conweave,a8c057f61815faf1037d945dbb1a0d47ea24af45f8e97344863d6debcb395960,67d1e4757b08b8cc9c9d4ab80c7ba29c86c5fbdf35ef6b4714fb5af6cc0031f2,64
20262535,64,background,docs/research/figures/ws25-v1fix-formal-cdf/seed20262535-b064-background-fct-cdf.svg,classreserve,20261004-070000-ws25-formal-s35-b064-classreserve,a8c057f61815faf1037d945dbb1a0d47ea24af45f8e97344863d6debcb395960,34ea152b2198fca929827793f356c9c4335a6f47db731c2aeae02d0003bf2e82,64
20262535,128,moe,docs/research/figures/ws25-v1fix-formal-cdf/seed20262535-b128-moe-fct-cdf.svg,fecmp,20261004-070000-ws25-formal-s35-b128-fecmp,db10ebbd4b9b3fe87468fef9ce70783b60d18c5866e4b5684a599d3d48f347ea,ac986b4db2fe6122d95f0f7e1972cc4fadad0a4f3d8f0c9c6445ea3d8ebd6152,16384
20262535,128,moe,docs/research/figures/ws25-v1fix-formal-cdf/seed20262535-b128-moe-fct-cdf.svg,drill,20261004-070000-ws25-formal-s35-b128-drill,db10ebbd4b9b3fe87468fef9ce70783b60d18c5866e4b5684a599d3d48f347ea,8fc8eb53b3c0e3e324cef47aed5f26436861c73e5b57a8b02dae7d943185e35f,16384
20262535,128,moe,docs/research/figures/ws25-v1fix-formal-cdf/seed20262535-b128-moe-fct-cdf.svg,conga,20261004-070000-ws25-formal-s35-b128-conga,db10ebbd4b9b3fe87468fef9ce70783b60d18c5866e4b5684a599d3d48f347ea,2f809aba7630831d91995abae8a248dce810626dcd505cc3f765787ab0f9012e,16384
20262535,128,moe,docs/research/figures/ws25-v1fix-formal-cdf/seed20262535-b128-moe-fct-cdf.svg,letflow,20261004-070000-ws25-formal-s35-b128-letflow,db10ebbd4b9b3fe87468fef9ce70783b60d18c5866e4b5684a599d3d48f347ea,60c3bbb05b67a586918d614c22bd6e724c5b75385569d7d1f5201ec9531e49cf,16384
20262535,128,moe,docs/research/figures/ws25-v1fix-formal-cdf/seed20262535-b128-moe-fct-cdf.svg,conweave,20261004-070000-ws25-formal-s35-b128-conweave,db10ebbd4b9b3fe87468fef9ce70783b60d18c5866e4b5684a599d3d48f347ea,a041098b2204f70dfbe44091e6e156e81ee577c87520c15e73bcd5c3a62c756b,16384
20262535,128,moe,docs/research/figures/ws25-v1fix-formal-cdf/seed20262535-b128-moe-fct-cdf.svg,classreserve,20261004-070000-ws25-formal-s35-b128-classreserve,db10ebbd4b9b3fe87468fef9ce70783b60d18c5866e4b5684a599d3d48f347ea,288fc85307773ca97c85f6d539d5f287a1251dbd9245971ad0f03c6e9bebf6e9,16384
20262535,128,background,docs/research/figures/ws25-v1fix-formal-cdf/seed20262535-b128-background-fct-cdf.svg,fecmp,20261004-070000-ws25-formal-s35-b128-fecmp,db10ebbd4b9b3fe87468fef9ce70783b60d18c5866e4b5684a599d3d48f347ea,ac986b4db2fe6122d95f0f7e1972cc4fadad0a4f3d8f0c9c6445ea3d8ebd6152,128
20262535,128,background,docs/research/figures/ws25-v1fix-formal-cdf/seed20262535-b128-background-fct-cdf.svg,drill,20261004-070000-ws25-formal-s35-b128-drill,db10ebbd4b9b3fe87468fef9ce70783b60d18c5866e4b5684a599d3d48f347ea,8fc8eb53b3c0e3e324cef47aed5f26436861c73e5b57a8b02dae7d943185e35f,128
20262535,128,background,docs/research/figures/ws25-v1fix-formal-cdf/seed20262535-b128-background-fct-cdf.svg,conga,20261004-070000-ws25-formal-s35-b128-conga,db10ebbd4b9b3fe87468fef9ce70783b60d18c5866e4b5684a599d3d48f347ea,2f809aba7630831d91995abae8a248dce810626dcd505cc3f765787ab0f9012e,128
20262535,128,background,docs/research/figures/ws25-v1fix-formal-cdf/seed20262535-b128-background-fct-cdf.svg,letflow,20261004-070000-ws25-formal-s35-b128-letflow,db10ebbd4b9b3fe87468fef9ce70783b60d18c5866e4b5684a599d3d48f347ea,60c3bbb05b67a586918d614c22bd6e724c5b75385569d7d1f5201ec9531e49cf,128
20262535,128,background,docs/research/figures/ws25-v1fix-formal-cdf/seed20262535-b128-background-fct-cdf.svg,conweave,20261004-070000-ws25-formal-s35-b128-conweave,db10ebbd4b9b3fe87468fef9ce70783b60d18c5866e4b5684a599d3d48f347ea,a041098b2204f70dfbe44091e6e156e81ee577c87520c15e73bcd5c3a62c756b,128
20262535,128,background,docs/research/figures/ws25-v1fix-formal-cdf/seed20262535-b128-background-fct-cdf.svg,classreserve,20261004-070000-ws25-formal-s35-b128-classreserve,db10ebbd4b9b3fe87468fef9ce70783b60d18c5866e4b5684a599d3d48f347ea,288fc85307773ca97c85f6d539d5f287a1251dbd9245971ad0f03c6e9bebf6e9,128
20262535,192,moe,docs/research/figures/ws25-v1fix-formal-cdf/seed20262535-b192-moe-fct-cdf.svg,fecmp,20261004-070000-ws25-formal-s35-b192-fecmp,42e526cca09cff5faa32b5c84249ac2f721dc57b9aa8bb57441878d45cdeba6f,21a3fbd9a018b84cf087496b703213d8b85bbfb9658afa9b4b56515e85e43d77,16384
20262535,192,moe,docs/research/figures/ws25-v1fix-formal-cdf/seed20262535-b192-moe-fct-cdf.svg,drill,20261004-070000-ws25-formal-s35-b192-drill,42e526cca09cff5faa32b5c84249ac2f721dc57b9aa8bb57441878d45cdeba6f,8bf0b2891ca4a12ad6e3dda65f40fc8c085c1fc7241147c1b2ab3a0af783fb92,16384
20262535,192,moe,docs/research/figures/ws25-v1fix-formal-cdf/seed20262535-b192-moe-fct-cdf.svg,conga,20261004-070000-ws25-formal-s35-b192-conga,42e526cca09cff5faa32b5c84249ac2f721dc57b9aa8bb57441878d45cdeba6f,684ba79a0ed30f73097629cc15def2d8da3cac7bfd2df85c3e72c887feda2fbd,16384
20262535,192,moe,docs/research/figures/ws25-v1fix-formal-cdf/seed20262535-b192-moe-fct-cdf.svg,letflow,20261004-070000-ws25-formal-s35-b192-letflow,42e526cca09cff5faa32b5c84249ac2f721dc57b9aa8bb57441878d45cdeba6f,6084f42c2178ea7b7e9dea1be8010cf39e9714c298e857a87e5f04e2c6ff92eb,16384
20262535,192,moe,docs/research/figures/ws25-v1fix-formal-cdf/seed20262535-b192-moe-fct-cdf.svg,conweave,20261004-070000-ws25-formal-s35-b192-conweave,42e526cca09cff5faa32b5c84249ac2f721dc57b9aa8bb57441878d45cdeba6f,92521bceec0068884c4cd334a2b69d9ffeaf5fac4343b9f91eca69affa458749,16384
20262535,192,moe,docs/research/figures/ws25-v1fix-formal-cdf/seed20262535-b192-moe-fct-cdf.svg,classreserve,20261004-070000-ws25-formal-s35-b192-classreserve,42e526cca09cff5faa32b5c84249ac2f721dc57b9aa8bb57441878d45cdeba6f,f536b4012e542b28fe67944fcb9ed5627b3fe7bab366a8e464e8e333aec41b2f,16384
20262535,192,background,docs/research/figures/ws25-v1fix-formal-cdf/seed20262535-b192-background-fct-cdf.svg,fecmp,20261004-070000-ws25-formal-s35-b192-fecmp,42e526cca09cff5faa32b5c84249ac2f721dc57b9aa8bb57441878d45cdeba6f,21a3fbd9a018b84cf087496b703213d8b85bbfb9658afa9b4b56515e85e43d77,192
20262535,192,background,docs/research/figures/ws25-v1fix-formal-cdf/seed20262535-b192-background-fct-cdf.svg,drill,20261004-070000-ws25-formal-s35-b192-drill,42e526cca09cff5faa32b5c84249ac2f721dc57b9aa8bb57441878d45cdeba6f,8bf0b2891ca4a12ad6e3dda65f40fc8c085c1fc7241147c1b2ab3a0af783fb92,192
20262535,192,background,docs/research/figures/ws25-v1fix-formal-cdf/seed20262535-b192-background-fct-cdf.svg,conga,20261004-070000-ws25-formal-s35-b192-conga,42e526cca09cff5faa32b5c84249ac2f721dc57b9aa8bb57441878d45cdeba6f,684ba79a0ed30f73097629cc15def2d8da3cac7bfd2df85c3e72c887feda2fbd,192
20262535,192,background,docs/research/figures/ws25-v1fix-formal-cdf/seed20262535-b192-background-fct-cdf.svg,letflow,20261004-070000-ws25-formal-s35-b192-letflow,42e526cca09cff5faa32b5c84249ac2f721dc57b9aa8bb57441878d45cdeba6f,6084f42c2178ea7b7e9dea1be8010cf39e9714c298e857a87e5f04e2c6ff92eb,192
20262535,192,background,docs/research/figures/ws25-v1fix-formal-cdf/seed20262535-b192-background-fct-cdf.svg,conweave,20261004-070000-ws25-formal-s35-b192-conweave,42e526cca09cff5faa32b5c84249ac2f721dc57b9aa8bb57441878d45cdeba6f,92521bceec0068884c4cd334a2b69d9ffeaf5fac4343b9f91eca69affa458749,192
20262535,192,background,docs/research/figures/ws25-v1fix-formal-cdf/seed20262535-b192-background-fct-cdf.svg,classreserve,20261004-070000-ws25-formal-s35-b192-classreserve,42e526cca09cff5faa32b5c84249ac2f721dc57b9aa8bb57441878d45cdeba6f,f536b4012e542b28fe67944fcb9ed5627b3fe7bab366a8e464e8e333aec41b2f,192
20262536,0,moe,docs/research/figures/ws25-v1fix-formal-cdf/seed20262536-b000-moe-fct-cdf.svg,fecmp,20261004-070000-ws25-formal-s36-b000-fecmp,a5aacaa276006834078f750cf4afe83c368be4f50fbff75e918c53b317a9246d,91366150b2016af209f74176b5a3e5d32d22ea029bb652a9df5ccfde3c7150e2,16384
20262536,0,moe,docs/research/figures/ws25-v1fix-formal-cdf/seed20262536-b000-moe-fct-cdf.svg,drill,20261004-070000-ws25-formal-s36-b000-drill,a5aacaa276006834078f750cf4afe83c368be4f50fbff75e918c53b317a9246d,a547c2d7bef55242f4c0473de429aa45826f0e678a4c2f2fdfba5b04e5ed5829,16384
20262536,0,moe,docs/research/figures/ws25-v1fix-formal-cdf/seed20262536-b000-moe-fct-cdf.svg,conga,20261004-070000-ws25-formal-s36-b000-conga,a5aacaa276006834078f750cf4afe83c368be4f50fbff75e918c53b317a9246d,707fa0cb4592cad7b56b14212b12a903fbee7cbaa0cfc69d72084fde4042c02a,16384
20262536,0,moe,docs/research/figures/ws25-v1fix-formal-cdf/seed20262536-b000-moe-fct-cdf.svg,letflow,20261004-070000-ws25-formal-s36-b000-letflow,a5aacaa276006834078f750cf4afe83c368be4f50fbff75e918c53b317a9246d,3ecea0e5968644462fd428a9f71709c7f6c8b07a92ef3f20af9bae830c5219d0,16384
20262536,0,moe,docs/research/figures/ws25-v1fix-formal-cdf/seed20262536-b000-moe-fct-cdf.svg,conweave,20261004-070000-ws25-formal-s36-b000-conweave,a5aacaa276006834078f750cf4afe83c368be4f50fbff75e918c53b317a9246d,11fd526dd8ef6d652c8fddeb9b8c445e4e1a881cfbdb76a83f4837f238d62217,16384
20262536,0,moe,docs/research/figures/ws25-v1fix-formal-cdf/seed20262536-b000-moe-fct-cdf.svg,classreserve,20261004-070000-ws25-formal-s36-b000-classreserve,a5aacaa276006834078f750cf4afe83c368be4f50fbff75e918c53b317a9246d,47be640e63d040d555627a9babb6917349b92f0caa8ccaae12a1c31b543a42cb,16384
20262536,64,moe,docs/research/figures/ws25-v1fix-formal-cdf/seed20262536-b064-moe-fct-cdf.svg,fecmp,20261004-070000-ws25-formal-s36-b064-fecmp,df06b41d5778dd2f804f762454b0e5a12cf6761d6eb642665e804c02871ece57,364199c3e3edf63db4184eeeb569d5ff6851ad5461569ff49895d3ae31f57259,16384
20262536,64,moe,docs/research/figures/ws25-v1fix-formal-cdf/seed20262536-b064-moe-fct-cdf.svg,drill,20261004-070000-ws25-formal-s36-b064-drill,df06b41d5778dd2f804f762454b0e5a12cf6761d6eb642665e804c02871ece57,e04281dc043fad6f77b0a460d94e20d4d35fbfba2445f00f94f23180882718f6,16384
20262536,64,moe,docs/research/figures/ws25-v1fix-formal-cdf/seed20262536-b064-moe-fct-cdf.svg,conga,20261004-070000-ws25-formal-s36-b064-conga,df06b41d5778dd2f804f762454b0e5a12cf6761d6eb642665e804c02871ece57,7c60d022e4ba55a55223894e7cb494024e405ede245502cacad041d13c0feefc,16384
20262536,64,moe,docs/research/figures/ws25-v1fix-formal-cdf/seed20262536-b064-moe-fct-cdf.svg,letflow,20261004-070000-ws25-formal-s36-b064-letflow,df06b41d5778dd2f804f762454b0e5a12cf6761d6eb642665e804c02871ece57,6b980d2167223ad0e646729275e3f8d3a0e96987fc7e72a7f60c4fb4863b5b88,16384
20262536,64,moe,docs/research/figures/ws25-v1fix-formal-cdf/seed20262536-b064-moe-fct-cdf.svg,conweave,20261004-070000-ws25-formal-s36-b064-conweave,df06b41d5778dd2f804f762454b0e5a12cf6761d6eb642665e804c02871ece57,6faa05253d5e2996ae94e050fddca65e3d445b4889b5fb6faf2dc91628074cd3,16384
20262536,64,moe,docs/research/figures/ws25-v1fix-formal-cdf/seed20262536-b064-moe-fct-cdf.svg,classreserve,20261004-070000-ws25-formal-s36-b064-classreserve,df06b41d5778dd2f804f762454b0e5a12cf6761d6eb642665e804c02871ece57,5523704266dfabdfbd52bd9194033c072c693bc3cd82bb9f466b9e03719528de,16384
20262536,64,background,docs/research/figures/ws25-v1fix-formal-cdf/seed20262536-b064-background-fct-cdf.svg,fecmp,20261004-070000-ws25-formal-s36-b064-fecmp,df06b41d5778dd2f804f762454b0e5a12cf6761d6eb642665e804c02871ece57,364199c3e3edf63db4184eeeb569d5ff6851ad5461569ff49895d3ae31f57259,64
20262536,64,background,docs/research/figures/ws25-v1fix-formal-cdf/seed20262536-b064-background-fct-cdf.svg,drill,20261004-070000-ws25-formal-s36-b064-drill,df06b41d5778dd2f804f762454b0e5a12cf6761d6eb642665e804c02871ece57,e04281dc043fad6f77b0a460d94e20d4d35fbfba2445f00f94f23180882718f6,64
20262536,64,background,docs/research/figures/ws25-v1fix-formal-cdf/seed20262536-b064-background-fct-cdf.svg,conga,20261004-070000-ws25-formal-s36-b064-conga,df06b41d5778dd2f804f762454b0e5a12cf6761d6eb642665e804c02871ece57,7c60d022e4ba55a55223894e7cb494024e405ede245502cacad041d13c0feefc,64
20262536,64,background,docs/research/figures/ws25-v1fix-formal-cdf/seed20262536-b064-background-fct-cdf.svg,letflow,20261004-070000-ws25-formal-s36-b064-letflow,df06b41d5778dd2f804f762454b0e5a12cf6761d6eb642665e804c02871ece57,6b980d2167223ad0e646729275e3f8d3a0e96987fc7e72a7f60c4fb4863b5b88,64
20262536,64,background,docs/research/figures/ws25-v1fix-formal-cdf/seed20262536-b064-background-fct-cdf.svg,conweave,20261004-070000-ws25-formal-s36-b064-conweave,df06b41d5778dd2f804f762454b0e5a12cf6761d6eb642665e804c02871ece57,6faa05253d5e2996ae94e050fddca65e3d445b4889b5fb6faf2dc91628074cd3,64
20262536,64,background,docs/research/figures/ws25-v1fix-formal-cdf/seed20262536-b064-background-fct-cdf.svg,classreserve,20261004-070000-ws25-formal-s36-b064-classreserve,df06b41d5778dd2f804f762454b0e5a12cf6761d6eb642665e804c02871ece57,5523704266dfabdfbd52bd9194033c072c693bc3cd82bb9f466b9e03719528de,64
20262536,128,moe,docs/research/figures/ws25-v1fix-formal-cdf/seed20262536-b128-moe-fct-cdf.svg,fecmp,20261004-070000-ws25-formal-s36-b128-fecmp,9c9fe57a0ffa5831eacfc62bb53236383f7fd4bdb0f6c9dd1b9816bba6dd0a14,dea2d67782bdb175889307803f34de5d4b1825b04bbf4322a1c9da7ab6dad334,16384
20262536,128,moe,docs/research/figures/ws25-v1fix-formal-cdf/seed20262536-b128-moe-fct-cdf.svg,drill,20261004-070000-ws25-formal-s36-b128-drill,9c9fe57a0ffa5831eacfc62bb53236383f7fd4bdb0f6c9dd1b9816bba6dd0a14,6d6c3bb3b2dca56a1e3112936b080d88332ccdbb97644727c385db3f1d05bc24,16384
20262536,128,moe,docs/research/figures/ws25-v1fix-formal-cdf/seed20262536-b128-moe-fct-cdf.svg,conga,20261004-070000-ws25-formal-s36-b128-conga,9c9fe57a0ffa5831eacfc62bb53236383f7fd4bdb0f6c9dd1b9816bba6dd0a14,d0315229056796446d61f5067a348269bc93374e71c20d6c02587616cb0d9b85,16384
20262536,128,moe,docs/research/figures/ws25-v1fix-formal-cdf/seed20262536-b128-moe-fct-cdf.svg,letflow,20261004-070000-ws25-formal-s36-b128-letflow,9c9fe57a0ffa5831eacfc62bb53236383f7fd4bdb0f6c9dd1b9816bba6dd0a14,cf8a872f0b064cf1da873ea7400d3a87a7a46d4ec2340ab02b5341f3a933039b,16384
20262536,128,moe,docs/research/figures/ws25-v1fix-formal-cdf/seed20262536-b128-moe-fct-cdf.svg,conweave,20261004-070000-ws25-formal-s36-b128-conweave,9c9fe57a0ffa5831eacfc62bb53236383f7fd4bdb0f6c9dd1b9816bba6dd0a14,d523d67a7c9bab8e4d8ac61cc5979bd9933d8854efc241471852cb5fa5e5a886,16384
20262536,128,moe,docs/research/figures/ws25-v1fix-formal-cdf/seed20262536-b128-moe-fct-cdf.svg,classreserve,20261004-070000-ws25-formal-s36-b128-classreserve,9c9fe57a0ffa5831eacfc62bb53236383f7fd4bdb0f6c9dd1b9816bba6dd0a14,fdcfe9e1be4c7f28ec4636e7b715f1a583a8a61b4d05c0a4c89e0146e89dc5dc,16384
20262536,128,background,docs/research/figures/ws25-v1fix-formal-cdf/seed20262536-b128-background-fct-cdf.svg,fecmp,20261004-070000-ws25-formal-s36-b128-fecmp,9c9fe57a0ffa5831eacfc62bb53236383f7fd4bdb0f6c9dd1b9816bba6dd0a14,dea2d67782bdb175889307803f34de5d4b1825b04bbf4322a1c9da7ab6dad334,128
20262536,128,background,docs/research/figures/ws25-v1fix-formal-cdf/seed20262536-b128-background-fct-cdf.svg,drill,20261004-070000-ws25-formal-s36-b128-drill,9c9fe57a0ffa5831eacfc62bb53236383f7fd4bdb0f6c9dd1b9816bba6dd0a14,6d6c3bb3b2dca56a1e3112936b080d88332ccdbb97644727c385db3f1d05bc24,128
20262536,128,background,docs/research/figures/ws25-v1fix-formal-cdf/seed20262536-b128-background-fct-cdf.svg,conga,20261004-070000-ws25-formal-s36-b128-conga,9c9fe57a0ffa5831eacfc62bb53236383f7fd4bdb0f6c9dd1b9816bba6dd0a14,d0315229056796446d61f5067a348269bc93374e71c20d6c02587616cb0d9b85,128
20262536,128,background,docs/research/figures/ws25-v1fix-formal-cdf/seed20262536-b128-background-fct-cdf.svg,letflow,20261004-070000-ws25-formal-s36-b128-letflow,9c9fe57a0ffa5831eacfc62bb53236383f7fd4bdb0f6c9dd1b9816bba6dd0a14,cf8a872f0b064cf1da873ea7400d3a87a7a46d4ec2340ab02b5341f3a933039b,128
20262536,128,background,docs/research/figures/ws25-v1fix-formal-cdf/seed20262536-b128-background-fct-cdf.svg,conweave,20261004-070000-ws25-formal-s36-b128-conweave,9c9fe57a0ffa5831eacfc62bb53236383f7fd4bdb0f6c9dd1b9816bba6dd0a14,d523d67a7c9bab8e4d8ac61cc5979bd9933d8854efc241471852cb5fa5e5a886,128
20262536,128,background,docs/research/figures/ws25-v1fix-formal-cdf/seed20262536-b128-background-fct-cdf.svg,classreserve,20261004-070000-ws25-formal-s36-b128-classreserve,9c9fe57a0ffa5831eacfc62bb53236383f7fd4bdb0f6c9dd1b9816bba6dd0a14,fdcfe9e1be4c7f28ec4636e7b715f1a583a8a61b4d05c0a4c89e0146e89dc5dc,128
20262536,192,moe,docs/research/figures/ws25-v1fix-formal-cdf/seed20262536-b192-moe-fct-cdf.svg,fecmp,20261004-070000-ws25-formal-s36-b192-fecmp,13819d480c23d776eddbb351a61574864a6056b2f6c7d394129b74a42fe8cbb0,13a6750b02566e841bd12980f8db874f63f403ede9c726a41c92f5ed933bacc2,16384
20262536,192,moe,docs/research/figures/ws25-v1fix-formal-cdf/seed20262536-b192-moe-fct-cdf.svg,drill,20261004-070000-ws25-formal-s36-b192-drill,13819d480c23d776eddbb351a61574864a6056b2f6c7d394129b74a42fe8cbb0,85264867501fbb7efc65f58cec16e7f13b7338c6d8e9365f13c80f9cc4b8f00f,16384
20262536,192,moe,docs/research/figures/ws25-v1fix-formal-cdf/seed20262536-b192-moe-fct-cdf.svg,conga,20261004-070000-ws25-formal-s36-b192-conga,13819d480c23d776eddbb351a61574864a6056b2f6c7d394129b74a42fe8cbb0,31833a146ffe7f6a7a7e7f034b1fbe0ba9841d08b5639fab04653c3a01cbe0cc,16384
20262536,192,moe,docs/research/figures/ws25-v1fix-formal-cdf/seed20262536-b192-moe-fct-cdf.svg,letflow,20261004-070000-ws25-formal-s36-b192-letflow,13819d480c23d776eddbb351a61574864a6056b2f6c7d394129b74a42fe8cbb0,a4e306d3e6c7869a0d04ccfe530b7ae36cbb03a4f0c0c269fa2b736a0553e3b5,16384
20262536,192,moe,docs/research/figures/ws25-v1fix-formal-cdf/seed20262536-b192-moe-fct-cdf.svg,conweave,20261004-070000-ws25-formal-s36-b192-conweave,13819d480c23d776eddbb351a61574864a6056b2f6c7d394129b74a42fe8cbb0,d26fe4b82cce4270b3652dd979c54f482f856d21a1558f19d8d23ec8174840a1,16384
20262536,192,moe,docs/research/figures/ws25-v1fix-formal-cdf/seed20262536-b192-moe-fct-cdf.svg,classreserve,20261004-070000-ws25-formal-s36-b192-classreserve,13819d480c23d776eddbb351a61574864a6056b2f6c7d394129b74a42fe8cbb0,33203f09a21b0bef3879a0e61d06ff60c0e98def9e6e62dd15f59d24399a6c80,16384
20262536,192,background,docs/research/figures/ws25-v1fix-formal-cdf/seed20262536-b192-background-fct-cdf.svg,fecmp,20261004-070000-ws25-formal-s36-b192-fecmp,13819d480c23d776eddbb351a61574864a6056b2f6c7d394129b74a42fe8cbb0,13a6750b02566e841bd12980f8db874f63f403ede9c726a41c92f5ed933bacc2,192
20262536,192,background,docs/research/figures/ws25-v1fix-formal-cdf/seed20262536-b192-background-fct-cdf.svg,drill,20261004-070000-ws25-formal-s36-b192-drill,13819d480c23d776eddbb351a61574864a6056b2f6c7d394129b74a42fe8cbb0,85264867501fbb7efc65f58cec16e7f13b7338c6d8e9365f13c80f9cc4b8f00f,192
20262536,192,background,docs/research/figures/ws25-v1fix-formal-cdf/seed20262536-b192-background-fct-cdf.svg,conga,20261004-070000-ws25-formal-s36-b192-conga,13819d480c23d776eddbb351a61574864a6056b2f6c7d394129b74a42fe8cbb0,31833a146ffe7f6a7a7e7f034b1fbe0ba9841d08b5639fab04653c3a01cbe0cc,192
20262536,192,background,docs/research/figures/ws25-v1fix-formal-cdf/seed20262536-b192-background-fct-cdf.svg,letflow,20261004-070000-ws25-formal-s36-b192-letflow,13819d480c23d776eddbb351a61574864a6056b2f6c7d394129b74a42fe8cbb0,a4e306d3e6c7869a0d04ccfe530b7ae36cbb03a4f0c0c269fa2b736a0553e3b5,192
20262536,192,background,docs/research/figures/ws25-v1fix-formal-cdf/seed20262536-b192-background-fct-cdf.svg,conweave,20261004-070000-ws25-formal-s36-b192-conweave,13819d480c23d776eddbb351a61574864a6056b2f6c7d394129b74a42fe8cbb0,d26fe4b82cce4270b3652dd979c54f482f856d21a1558f19d8d23ec8174840a1,192
20262536,192,background,docs/research/figures/ws25-v1fix-formal-cdf/seed20262536-b192-background-fct-cdf.svg,classreserve,20261004-070000-ws25-formal-s36-b192-classreserve,13819d480c23d776eddbb351a61574864a6056b2f6c7d394129b74a42fe8cbb0,33203f09a21b0bef3879a0e61d06ff60c0e98def9e6e62dd15f59d24399a6c80,192
20262537,0,moe,docs/research/figures/ws25-v1fix-formal-cdf/seed20262537-b000-moe-fct-cdf.svg,fecmp,20261004-070000-ws25-formal-s37-b000-fecmp,d0137f83387b13caa7fb60a98157b3aad1241aaff571229ec8bbeaa0223d392d,e400c6aeda45e96d784ac4b38cb0b3f89cdd7f60624007e61e5ea8e1b0d49670,16384
20262537,0,moe,docs/research/figures/ws25-v1fix-formal-cdf/seed20262537-b000-moe-fct-cdf.svg,drill,20261004-070000-ws25-formal-s37-b000-drill,d0137f83387b13caa7fb60a98157b3aad1241aaff571229ec8bbeaa0223d392d,f6fc7560d219dd7baf01198f4cd897a82c7eb11862cfb2af42a390b2713d707b,16384
20262537,0,moe,docs/research/figures/ws25-v1fix-formal-cdf/seed20262537-b000-moe-fct-cdf.svg,conga,20261004-070000-ws25-formal-s37-b000-conga,d0137f83387b13caa7fb60a98157b3aad1241aaff571229ec8bbeaa0223d392d,3493ec6986fdbc22ed92279adb472c0b62e6a707f762f0c11abd2671bcf15d72,16384
20262537,0,moe,docs/research/figures/ws25-v1fix-formal-cdf/seed20262537-b000-moe-fct-cdf.svg,letflow,20261004-070000-ws25-formal-s37-b000-letflow,d0137f83387b13caa7fb60a98157b3aad1241aaff571229ec8bbeaa0223d392d,ea29c6addcfb9f2960e58a2dad511f72429b2ed7fe2d269c66650578402b1ac0,16384
20262537,0,moe,docs/research/figures/ws25-v1fix-formal-cdf/seed20262537-b000-moe-fct-cdf.svg,conweave,20261004-070000-ws25-formal-s37-b000-conweave,d0137f83387b13caa7fb60a98157b3aad1241aaff571229ec8bbeaa0223d392d,16b5701bfdeb92f32346a6bee7683ead803a042673599db797f1282573673601,16384
20262537,0,moe,docs/research/figures/ws25-v1fix-formal-cdf/seed20262537-b000-moe-fct-cdf.svg,classreserve,20261004-070000-ws25-formal-s37-b000-classreserve,d0137f83387b13caa7fb60a98157b3aad1241aaff571229ec8bbeaa0223d392d,ae86a0b3ee44ccc1e793d4e58b5dc721fad4702fd1a44968b64a682065f10ac8,16384
20262537,64,moe,docs/research/figures/ws25-v1fix-formal-cdf/seed20262537-b064-moe-fct-cdf.svg,fecmp,20261004-070000-ws25-formal-s37-b064-fecmp,c83315e3cfd2550d226f92e1d3a2294deeea2a610a12fafb0f821a579e187b7c,fe107374304c66f48f13211093cc957900cf851e6dbb0feb636732028bf0527a,16384
20262537,64,moe,docs/research/figures/ws25-v1fix-formal-cdf/seed20262537-b064-moe-fct-cdf.svg,drill,20261004-070000-ws25-formal-s37-b064-drill,c83315e3cfd2550d226f92e1d3a2294deeea2a610a12fafb0f821a579e187b7c,be48d9021359687cb96a9a1b303858373313ea80d330f231abf0fd8572a75c46,16384
20262537,64,moe,docs/research/figures/ws25-v1fix-formal-cdf/seed20262537-b064-moe-fct-cdf.svg,conga,20261004-070000-ws25-formal-s37-b064-conga,c83315e3cfd2550d226f92e1d3a2294deeea2a610a12fafb0f821a579e187b7c,2ebc5d245a2bccc0a613b382dfa2068e8fcb96a592b34a491ada6ed7e9b25d66,16384
20262537,64,moe,docs/research/figures/ws25-v1fix-formal-cdf/seed20262537-b064-moe-fct-cdf.svg,letflow,20261004-070000-ws25-formal-s37-b064-letflow,c83315e3cfd2550d226f92e1d3a2294deeea2a610a12fafb0f821a579e187b7c,68226aba822d5676c02dad9d66a5debbb89b3db10aae60a5061e08f2eb952407,16384
20262537,64,moe,docs/research/figures/ws25-v1fix-formal-cdf/seed20262537-b064-moe-fct-cdf.svg,conweave,20261004-070000-ws25-formal-s37-b064-conweave,c83315e3cfd2550d226f92e1d3a2294deeea2a610a12fafb0f821a579e187b7c,a577cda3a8f415f479e7b58e4f7ffcf62e32159fc86f749dbea66d1483ffbe88,16384
20262537,64,moe,docs/research/figures/ws25-v1fix-formal-cdf/seed20262537-b064-moe-fct-cdf.svg,classreserve,20261004-070000-ws25-formal-s37-b064-classreserve,c83315e3cfd2550d226f92e1d3a2294deeea2a610a12fafb0f821a579e187b7c,200d3a9adac0d9f6893ca22d8d02673976e52ea7369d1eaea4b8dcb3ebfcafff,16384
20262537,64,background,docs/research/figures/ws25-v1fix-formal-cdf/seed20262537-b064-background-fct-cdf.svg,fecmp,20261004-070000-ws25-formal-s37-b064-fecmp,c83315e3cfd2550d226f92e1d3a2294deeea2a610a12fafb0f821a579e187b7c,fe107374304c66f48f13211093cc957900cf851e6dbb0feb636732028bf0527a,64
20262537,64,background,docs/research/figures/ws25-v1fix-formal-cdf/seed20262537-b064-background-fct-cdf.svg,drill,20261004-070000-ws25-formal-s37-b064-drill,c83315e3cfd2550d226f92e1d3a2294deeea2a610a12fafb0f821a579e187b7c,be48d9021359687cb96a9a1b303858373313ea80d330f231abf0fd8572a75c46,64
20262537,64,background,docs/research/figures/ws25-v1fix-formal-cdf/seed20262537-b064-background-fct-cdf.svg,conga,20261004-070000-ws25-formal-s37-b064-conga,c83315e3cfd2550d226f92e1d3a2294deeea2a610a12fafb0f821a579e187b7c,2ebc5d245a2bccc0a613b382dfa2068e8fcb96a592b34a491ada6ed7e9b25d66,64
20262537,64,background,docs/research/figures/ws25-v1fix-formal-cdf/seed20262537-b064-background-fct-cdf.svg,letflow,20261004-070000-ws25-formal-s37-b064-letflow,c83315e3cfd2550d226f92e1d3a2294deeea2a610a12fafb0f821a579e187b7c,68226aba822d5676c02dad9d66a5debbb89b3db10aae60a5061e08f2eb952407,64
20262537,64,background,docs/research/figures/ws25-v1fix-formal-cdf/seed20262537-b064-background-fct-cdf.svg,conweave,20261004-070000-ws25-formal-s37-b064-conweave,c83315e3cfd2550d226f92e1d3a2294deeea2a610a12fafb0f821a579e187b7c,a577cda3a8f415f479e7b58e4f7ffcf62e32159fc86f749dbea66d1483ffbe88,64
20262537,64,background,docs/research/figures/ws25-v1fix-formal-cdf/seed20262537-b064-background-fct-cdf.svg,classreserve,20261004-070000-ws25-formal-s37-b064-classreserve,c83315e3cfd2550d226f92e1d3a2294deeea2a610a12fafb0f821a579e187b7c,200d3a9adac0d9f6893ca22d8d02673976e52ea7369d1eaea4b8dcb3ebfcafff,64
20262537,128,moe,docs/research/figures/ws25-v1fix-formal-cdf/seed20262537-b128-moe-fct-cdf.svg,fecmp,20261004-070000-ws25-formal-s37-b128-fecmp,b36b07108b8a34f00dcc2253378dac3ddc905d5526bd15e209b37032b12b4733,53dbaf84e7084534bdacbe9252eb3e29eb527bd9b64dcfb10d0f88430ff98fd4,16384
20262537,128,moe,docs/research/figures/ws25-v1fix-formal-cdf/seed20262537-b128-moe-fct-cdf.svg,drill,20261004-070000-ws25-formal-s37-b128-drill,b36b07108b8a34f00dcc2253378dac3ddc905d5526bd15e209b37032b12b4733,63ea050c0ac1c74812877b32609a9c82bb2e16cbe8d40852ce2a27e69fbf6539,16384
20262537,128,moe,docs/research/figures/ws25-v1fix-formal-cdf/seed20262537-b128-moe-fct-cdf.svg,conga,20261004-070000-ws25-formal-s37-b128-conga,b36b07108b8a34f00dcc2253378dac3ddc905d5526bd15e209b37032b12b4733,463f441795a712654fb6124258be128e5b70ed3c51bb02650b34fa5f378cdcb0,16384
20262537,128,moe,docs/research/figures/ws25-v1fix-formal-cdf/seed20262537-b128-moe-fct-cdf.svg,letflow,20261004-070000-ws25-formal-s37-b128-letflow,b36b07108b8a34f00dcc2253378dac3ddc905d5526bd15e209b37032b12b4733,7d10098c5a7e1fdee94b1d5a2d7a0e4817d8327e2c00bd26f1b9df2bdcae5fa9,16384
20262537,128,moe,docs/research/figures/ws25-v1fix-formal-cdf/seed20262537-b128-moe-fct-cdf.svg,conweave,20261004-070000-ws25-formal-s37-b128-conweave,b36b07108b8a34f00dcc2253378dac3ddc905d5526bd15e209b37032b12b4733,3d4bc43343fc3d0a15f15409a98bd777dbca1d3260b862fdccac593871a614b3,16384
20262537,128,moe,docs/research/figures/ws25-v1fix-formal-cdf/seed20262537-b128-moe-fct-cdf.svg,classreserve,20261004-070000-ws25-formal-s37-b128-classreserve,b36b07108b8a34f00dcc2253378dac3ddc905d5526bd15e209b37032b12b4733,14ec9fd1694e0610ba8d806ba2e09ea44801d3089b0aaa7177d3b25ffce51722,16384
20262537,128,background,docs/research/figures/ws25-v1fix-formal-cdf/seed20262537-b128-background-fct-cdf.svg,fecmp,20261004-070000-ws25-formal-s37-b128-fecmp,b36b07108b8a34f00dcc2253378dac3ddc905d5526bd15e209b37032b12b4733,53dbaf84e7084534bdacbe9252eb3e29eb527bd9b64dcfb10d0f88430ff98fd4,128
20262537,128,background,docs/research/figures/ws25-v1fix-formal-cdf/seed20262537-b128-background-fct-cdf.svg,drill,20261004-070000-ws25-formal-s37-b128-drill,b36b07108b8a34f00dcc2253378dac3ddc905d5526bd15e209b37032b12b4733,63ea050c0ac1c74812877b32609a9c82bb2e16cbe8d40852ce2a27e69fbf6539,128
20262537,128,background,docs/research/figures/ws25-v1fix-formal-cdf/seed20262537-b128-background-fct-cdf.svg,conga,20261004-070000-ws25-formal-s37-b128-conga,b36b07108b8a34f00dcc2253378dac3ddc905d5526bd15e209b37032b12b4733,463f441795a712654fb6124258be128e5b70ed3c51bb02650b34fa5f378cdcb0,128
20262537,128,background,docs/research/figures/ws25-v1fix-formal-cdf/seed20262537-b128-background-fct-cdf.svg,letflow,20261004-070000-ws25-formal-s37-b128-letflow,b36b07108b8a34f00dcc2253378dac3ddc905d5526bd15e209b37032b12b4733,7d10098c5a7e1fdee94b1d5a2d7a0e4817d8327e2c00bd26f1b9df2bdcae5fa9,128
20262537,128,background,docs/research/figures/ws25-v1fix-formal-cdf/seed20262537-b128-background-fct-cdf.svg,conweave,20261004-070000-ws25-formal-s37-b128-conweave,b36b07108b8a34f00dcc2253378dac3ddc905d5526bd15e209b37032b12b4733,3d4bc43343fc3d0a15f15409a98bd777dbca1d3260b862fdccac593871a614b3,128
20262537,128,background,docs/research/figures/ws25-v1fix-formal-cdf/seed20262537-b128-background-fct-cdf.svg,classreserve,20261004-070000-ws25-formal-s37-b128-classreserve,b36b07108b8a34f00dcc2253378dac3ddc905d5526bd15e209b37032b12b4733,14ec9fd1694e0610ba8d806ba2e09ea44801d3089b0aaa7177d3b25ffce51722,128
20262537,192,moe,docs/research/figures/ws25-v1fix-formal-cdf/seed20262537-b192-moe-fct-cdf.svg,fecmp,20261004-070000-ws25-formal-s37-b192-fecmp,0210f97ae68f31d7cf455ee298be3f264c79a48c487d98f76fc7f8eb7a2b897c,11bac30d82edeb2830042045dd228193d4b9591e98e2ac20dd5f640d8419e2da,16384
20262537,192,moe,docs/research/figures/ws25-v1fix-formal-cdf/seed20262537-b192-moe-fct-cdf.svg,drill,20261004-070000-ws25-formal-s37-b192-drill,0210f97ae68f31d7cf455ee298be3f264c79a48c487d98f76fc7f8eb7a2b897c,4daa6b564f794519c92e843e35c9b62460b0920c15808472561d85465c3977e9,16384
20262537,192,moe,docs/research/figures/ws25-v1fix-formal-cdf/seed20262537-b192-moe-fct-cdf.svg,conga,20261004-070000-ws25-formal-s37-b192-conga,0210f97ae68f31d7cf455ee298be3f264c79a48c487d98f76fc7f8eb7a2b897c,ae37e7ca98f745344e4d3f56d6114e3bf685fa232f789aedd52792010061407c,16384
20262537,192,moe,docs/research/figures/ws25-v1fix-formal-cdf/seed20262537-b192-moe-fct-cdf.svg,letflow,20261004-070000-ws25-formal-s37-b192-letflow,0210f97ae68f31d7cf455ee298be3f264c79a48c487d98f76fc7f8eb7a2b897c,1d8c84e4b0601a1cdecafe80d9f1bf7fec88da2491bbacb606aea841a8cbfbce,16384
20262537,192,moe,docs/research/figures/ws25-v1fix-formal-cdf/seed20262537-b192-moe-fct-cdf.svg,conweave,20261004-070000-ws25-formal-s37-b192-conweave,0210f97ae68f31d7cf455ee298be3f264c79a48c487d98f76fc7f8eb7a2b897c,e724348a181c92c53e18b86107df7b5a6abec06a20ab5fff8f161e56db8fa025,16384
20262537,192,moe,docs/research/figures/ws25-v1fix-formal-cdf/seed20262537-b192-moe-fct-cdf.svg,classreserve,20261004-070000-ws25-formal-s37-b192-classreserve,0210f97ae68f31d7cf455ee298be3f264c79a48c487d98f76fc7f8eb7a2b897c,4030871d4b24ae4a4153976371fb1b19d7d0167bec59df9b455f20bba270fc61,16384
20262537,192,background,docs/research/figures/ws25-v1fix-formal-cdf/seed20262537-b192-background-fct-cdf.svg,fecmp,20261004-070000-ws25-formal-s37-b192-fecmp,0210f97ae68f31d7cf455ee298be3f264c79a48c487d98f76fc7f8eb7a2b897c,11bac30d82edeb2830042045dd228193d4b9591e98e2ac20dd5f640d8419e2da,192
20262537,192,background,docs/research/figures/ws25-v1fix-formal-cdf/seed20262537-b192-background-fct-cdf.svg,drill,20261004-070000-ws25-formal-s37-b192-drill,0210f97ae68f31d7cf455ee298be3f264c79a48c487d98f76fc7f8eb7a2b897c,4daa6b564f794519c92e843e35c9b62460b0920c15808472561d85465c3977e9,192
20262537,192,background,docs/research/figures/ws25-v1fix-formal-cdf/seed20262537-b192-background-fct-cdf.svg,conga,20261004-070000-ws25-formal-s37-b192-conga,0210f97ae68f31d7cf455ee298be3f264c79a48c487d98f76fc7f8eb7a2b897c,ae37e7ca98f745344e4d3f56d6114e3bf685fa232f789aedd52792010061407c,192
20262537,192,background,docs/research/figures/ws25-v1fix-formal-cdf/seed20262537-b192-background-fct-cdf.svg,letflow,20261004-070000-ws25-formal-s37-b192-letflow,0210f97ae68f31d7cf455ee298be3f264c79a48c487d98f76fc7f8eb7a2b897c,1d8c84e4b0601a1cdecafe80d9f1bf7fec88da2491bbacb606aea841a8cbfbce,192
20262537,192,background,docs/research/figures/ws25-v1fix-formal-cdf/seed20262537-b192-background-fct-cdf.svg,conweave,20261004-070000-ws25-formal-s37-b192-conweave,0210f97ae68f31d7cf455ee298be3f264c79a48c487d98f76fc7f8eb7a2b897c,e724348a181c92c53e18b86107df7b5a6abec06a20ab5fff8f161e56db8fa025,192
20262537,192,background,docs/research/figures/ws25-v1fix-formal-cdf/seed20262537-b192-background-fct-cdf.svg,classreserve,20261004-070000-ws25-formal-s37-b192-classreserve,0210f97ae68f31d7cf455ee298be3f264c79a48c487d98f76fc7f8eb7a2b897c,4030871d4b24ae4a4153976371fb1b19d7d0167bec59df9b455f20bba270fc61,192
20262538,0,moe,docs/research/figures/ws25-v1fix-formal-cdf/seed20262538-b000-moe-fct-cdf.svg,fecmp,20261004-070000-ws25-formal-s38-b000-fecmp,76ebb71800a4e2b8b8e0bf7bcc7a68ec9c8a7d51945dfb1f0f778eca0983cb74,18292804dfdd974de05ad402aafdcd06fc610ace4a5876f4b8e8fb3055167fa9,16384
20262538,0,moe,docs/research/figures/ws25-v1fix-formal-cdf/seed20262538-b000-moe-fct-cdf.svg,drill,20261004-070000-ws25-formal-s38-b000-drill,76ebb71800a4e2b8b8e0bf7bcc7a68ec9c8a7d51945dfb1f0f778eca0983cb74,abafcdb2c9a684fcb72bf0f46be4117c501fb96bb2fbf34b43ebd4a6322f6083,16384
20262538,0,moe,docs/research/figures/ws25-v1fix-formal-cdf/seed20262538-b000-moe-fct-cdf.svg,conga,20261004-070000-ws25-formal-s38-b000-conga,76ebb71800a4e2b8b8e0bf7bcc7a68ec9c8a7d51945dfb1f0f778eca0983cb74,0d6d8629c7b3093da20282b8ff65d13f9bdaed28264bd303cb574987d1253ab9,16384
20262538,0,moe,docs/research/figures/ws25-v1fix-formal-cdf/seed20262538-b000-moe-fct-cdf.svg,letflow,20261004-070000-ws25-formal-s38-b000-letflow,76ebb71800a4e2b8b8e0bf7bcc7a68ec9c8a7d51945dfb1f0f778eca0983cb74,522dd67f71aee06e929fe67a590471ae3dd55f993a2532f1a81c15f6f28092e4,16384
20262538,0,moe,docs/research/figures/ws25-v1fix-formal-cdf/seed20262538-b000-moe-fct-cdf.svg,conweave,20261004-070000-ws25-formal-s38-b000-conweave,76ebb71800a4e2b8b8e0bf7bcc7a68ec9c8a7d51945dfb1f0f778eca0983cb74,c155c6f4c2d3135b6fda20ac5182bbee846fa0f4d7d8e2995b83525157516e2b,16384
20262538,0,moe,docs/research/figures/ws25-v1fix-formal-cdf/seed20262538-b000-moe-fct-cdf.svg,classreserve,20261004-070000-ws25-formal-s38-b000-classreserve,76ebb71800a4e2b8b8e0bf7bcc7a68ec9c8a7d51945dfb1f0f778eca0983cb74,5b5112c9c5c75edf31bda8af6c187c39b9078f18a544c69b50536109d9ca568b,16384
20262538,64,moe,docs/research/figures/ws25-v1fix-formal-cdf/seed20262538-b064-moe-fct-cdf.svg,fecmp,20261004-070000-ws25-formal-s38-b064-fecmp,3d4fe1dbdab3a59cb10ff53adf8200da69f3223c51e5d7a5c0f6bc8a2a7515cd,973a04a51f3344342e2beec83c6e449791420c7c859dc6f115bc6f5a805cf0cb,16384
20262538,64,moe,docs/research/figures/ws25-v1fix-formal-cdf/seed20262538-b064-moe-fct-cdf.svg,drill,20261004-070000-ws25-formal-s38-b064-drill,3d4fe1dbdab3a59cb10ff53adf8200da69f3223c51e5d7a5c0f6bc8a2a7515cd,0c10cf3e5ea148407ce8f22d74a6bf21e549f3986a499b768f9b5fa9408c5468,16384
20262538,64,moe,docs/research/figures/ws25-v1fix-formal-cdf/seed20262538-b064-moe-fct-cdf.svg,conga,20261004-070000-ws25-formal-s38-b064-conga,3d4fe1dbdab3a59cb10ff53adf8200da69f3223c51e5d7a5c0f6bc8a2a7515cd,127dbb716c6afa4a56c1a6a1ddded7edf05a212efa3a811096df7c3757b98b7b,16384
20262538,64,moe,docs/research/figures/ws25-v1fix-formal-cdf/seed20262538-b064-moe-fct-cdf.svg,letflow,20261004-070000-ws25-formal-s38-b064-letflow,3d4fe1dbdab3a59cb10ff53adf8200da69f3223c51e5d7a5c0f6bc8a2a7515cd,57df95204cd716dd319ad81a27c8d38725a741f7acde2a69fd140966121cc432,16384
20262538,64,moe,docs/research/figures/ws25-v1fix-formal-cdf/seed20262538-b064-moe-fct-cdf.svg,conweave,20261004-070000-ws25-formal-s38-b064-conweave,3d4fe1dbdab3a59cb10ff53adf8200da69f3223c51e5d7a5c0f6bc8a2a7515cd,09a375be4455502ad32cc947b71a26a5ebc4346bc71915cf5b610cdeacb82c88,16384
20262538,64,moe,docs/research/figures/ws25-v1fix-formal-cdf/seed20262538-b064-moe-fct-cdf.svg,classreserve,20261004-070000-ws25-formal-s38-b064-classreserve,3d4fe1dbdab3a59cb10ff53adf8200da69f3223c51e5d7a5c0f6bc8a2a7515cd,5d4479795c5c5753b5d0b1cd40f0d16d9e7c8fc88fa8da62d0a4c5da5ba0f08b,16384
20262538,64,background,docs/research/figures/ws25-v1fix-formal-cdf/seed20262538-b064-background-fct-cdf.svg,fecmp,20261004-070000-ws25-formal-s38-b064-fecmp,3d4fe1dbdab3a59cb10ff53adf8200da69f3223c51e5d7a5c0f6bc8a2a7515cd,973a04a51f3344342e2beec83c6e449791420c7c859dc6f115bc6f5a805cf0cb,64
20262538,64,background,docs/research/figures/ws25-v1fix-formal-cdf/seed20262538-b064-background-fct-cdf.svg,drill,20261004-070000-ws25-formal-s38-b064-drill,3d4fe1dbdab3a59cb10ff53adf8200da69f3223c51e5d7a5c0f6bc8a2a7515cd,0c10cf3e5ea148407ce8f22d74a6bf21e549f3986a499b768f9b5fa9408c5468,64
20262538,64,background,docs/research/figures/ws25-v1fix-formal-cdf/seed20262538-b064-background-fct-cdf.svg,conga,20261004-070000-ws25-formal-s38-b064-conga,3d4fe1dbdab3a59cb10ff53adf8200da69f3223c51e5d7a5c0f6bc8a2a7515cd,127dbb716c6afa4a56c1a6a1ddded7edf05a212efa3a811096df7c3757b98b7b,64
20262538,64,background,docs/research/figures/ws25-v1fix-formal-cdf/seed20262538-b064-background-fct-cdf.svg,letflow,20261004-070000-ws25-formal-s38-b064-letflow,3d4fe1dbdab3a59cb10ff53adf8200da69f3223c51e5d7a5c0f6bc8a2a7515cd,57df95204cd716dd319ad81a27c8d38725a741f7acde2a69fd140966121cc432,64
20262538,64,background,docs/research/figures/ws25-v1fix-formal-cdf/seed20262538-b064-background-fct-cdf.svg,conweave,20261004-070000-ws25-formal-s38-b064-conweave,3d4fe1dbdab3a59cb10ff53adf8200da69f3223c51e5d7a5c0f6bc8a2a7515cd,09a375be4455502ad32cc947b71a26a5ebc4346bc71915cf5b610cdeacb82c88,64
20262538,64,background,docs/research/figures/ws25-v1fix-formal-cdf/seed20262538-b064-background-fct-cdf.svg,classreserve,20261004-070000-ws25-formal-s38-b064-classreserve,3d4fe1dbdab3a59cb10ff53adf8200da69f3223c51e5d7a5c0f6bc8a2a7515cd,5d4479795c5c5753b5d0b1cd40f0d16d9e7c8fc88fa8da62d0a4c5da5ba0f08b,64
20262538,128,moe,docs/research/figures/ws25-v1fix-formal-cdf/seed20262538-b128-moe-fct-cdf.svg,fecmp,20261004-070000-ws25-formal-s38-b128-fecmp,1247577acb6cc02804cdcb24a7fa989f7f9edc64d092ca69b07a282bc07263f5,f6bbd0a949fa87503848d25d971bf21501ed8046ff3087e4540f38598a8ce00d,16384
20262538,128,moe,docs/research/figures/ws25-v1fix-formal-cdf/seed20262538-b128-moe-fct-cdf.svg,drill,20261004-070000-ws25-formal-s38-b128-drill,1247577acb6cc02804cdcb24a7fa989f7f9edc64d092ca69b07a282bc07263f5,ac476aaad7ba86bce46e84435ebbf08d409b0a391604c6963b907c981a848288,16384
20262538,128,moe,docs/research/figures/ws25-v1fix-formal-cdf/seed20262538-b128-moe-fct-cdf.svg,conga,20261004-070000-ws25-formal-s38-b128-conga,1247577acb6cc02804cdcb24a7fa989f7f9edc64d092ca69b07a282bc07263f5,705b0343ee473476c31ec27bfea37d4c670903b8df0f1b145cd3dfff60466f79,16384
20262538,128,moe,docs/research/figures/ws25-v1fix-formal-cdf/seed20262538-b128-moe-fct-cdf.svg,letflow,20261004-070000-ws25-formal-s38-b128-letflow,1247577acb6cc02804cdcb24a7fa989f7f9edc64d092ca69b07a282bc07263f5,6ab7e0e5df8dfbea773d6c802ba89f1fd163f71addca8096ef410335c83916d6,16384
20262538,128,moe,docs/research/figures/ws25-v1fix-formal-cdf/seed20262538-b128-moe-fct-cdf.svg,conweave,20261004-070000-ws25-formal-s38-b128-conweave,1247577acb6cc02804cdcb24a7fa989f7f9edc64d092ca69b07a282bc07263f5,62c6981332d79136fcc97d45364ca95729ea7286de60cfa0c5cebbd1786f94f2,16384
20262538,128,moe,docs/research/figures/ws25-v1fix-formal-cdf/seed20262538-b128-moe-fct-cdf.svg,classreserve,20261004-070000-ws25-formal-s38-b128-classreserve,1247577acb6cc02804cdcb24a7fa989f7f9edc64d092ca69b07a282bc07263f5,061fd40dddce9dc858ce53079487e687d37007f40c03145b29d67d6cd57cf70a,16384
20262538,128,background,docs/research/figures/ws25-v1fix-formal-cdf/seed20262538-b128-background-fct-cdf.svg,fecmp,20261004-070000-ws25-formal-s38-b128-fecmp,1247577acb6cc02804cdcb24a7fa989f7f9edc64d092ca69b07a282bc07263f5,f6bbd0a949fa87503848d25d971bf21501ed8046ff3087e4540f38598a8ce00d,128
20262538,128,background,docs/research/figures/ws25-v1fix-formal-cdf/seed20262538-b128-background-fct-cdf.svg,drill,20261004-070000-ws25-formal-s38-b128-drill,1247577acb6cc02804cdcb24a7fa989f7f9edc64d092ca69b07a282bc07263f5,ac476aaad7ba86bce46e84435ebbf08d409b0a391604c6963b907c981a848288,128
20262538,128,background,docs/research/figures/ws25-v1fix-formal-cdf/seed20262538-b128-background-fct-cdf.svg,conga,20261004-070000-ws25-formal-s38-b128-conga,1247577acb6cc02804cdcb24a7fa989f7f9edc64d092ca69b07a282bc07263f5,705b0343ee473476c31ec27bfea37d4c670903b8df0f1b145cd3dfff60466f79,128
20262538,128,background,docs/research/figures/ws25-v1fix-formal-cdf/seed20262538-b128-background-fct-cdf.svg,letflow,20261004-070000-ws25-formal-s38-b128-letflow,1247577acb6cc02804cdcb24a7fa989f7f9edc64d092ca69b07a282bc07263f5,6ab7e0e5df8dfbea773d6c802ba89f1fd163f71addca8096ef410335c83916d6,128
20262538,128,background,docs/research/figures/ws25-v1fix-formal-cdf/seed20262538-b128-background-fct-cdf.svg,conweave,20261004-070000-ws25-formal-s38-b128-conweave,1247577acb6cc02804cdcb24a7fa989f7f9edc64d092ca69b07a282bc07263f5,62c6981332d79136fcc97d45364ca95729ea7286de60cfa0c5cebbd1786f94f2,128
20262538,128,background,docs/research/figures/ws25-v1fix-formal-cdf/seed20262538-b128-background-fct-cdf.svg,classreserve,20261004-070000-ws25-formal-s38-b128-classreserve,1247577acb6cc02804cdcb24a7fa989f7f9edc64d092ca69b07a282bc07263f5,061fd40dddce9dc858ce53079487e687d37007f40c03145b29d67d6cd57cf70a,128
20262538,192,moe,docs/research/figures/ws25-v1fix-formal-cdf/seed20262538-b192-moe-fct-cdf.svg,fecmp,20261004-070000-ws25-formal-s38-b192-fecmp,16fb3627df9980dadb413de0d9826e32e531993121eae964d68ef03152aeea27,886088675a6a5264e9ffb005676789a9e7cb06cfabba15111bce15e1a1da2e1a,16384
20262538,192,moe,docs/research/figures/ws25-v1fix-formal-cdf/seed20262538-b192-moe-fct-cdf.svg,drill,20261004-070000-ws25-formal-s38-b192-drill,16fb3627df9980dadb413de0d9826e32e531993121eae964d68ef03152aeea27,12d0d7bdf4f300bd13f6416059bce769140d37bdf797d2de8170be642d320a1f,16384
20262538,192,moe,docs/research/figures/ws25-v1fix-formal-cdf/seed20262538-b192-moe-fct-cdf.svg,conga,20261004-070000-ws25-formal-s38-b192-conga,16fb3627df9980dadb413de0d9826e32e531993121eae964d68ef03152aeea27,ba637ab63ecca207c141ace80df05911d822b074628fc5c44877ab235d1013e3,16384
20262538,192,moe,docs/research/figures/ws25-v1fix-formal-cdf/seed20262538-b192-moe-fct-cdf.svg,letflow,20261004-070000-ws25-formal-s38-b192-letflow,16fb3627df9980dadb413de0d9826e32e531993121eae964d68ef03152aeea27,5c0811b35d700e1528d318b0cf61c6638eb2579c6afdbc925952bf8f0a7ffae8,16384
20262538,192,moe,docs/research/figures/ws25-v1fix-formal-cdf/seed20262538-b192-moe-fct-cdf.svg,conweave,20261004-070000-ws25-formal-s38-b192-conweave,16fb3627df9980dadb413de0d9826e32e531993121eae964d68ef03152aeea27,6ef4e0b026debf01b86ac481eb126ee0d192cc37e8676c37ef7af2d0754f617d,16384
20262538,192,moe,docs/research/figures/ws25-v1fix-formal-cdf/seed20262538-b192-moe-fct-cdf.svg,classreserve,20261004-070000-ws25-formal-s38-b192-classreserve,16fb3627df9980dadb413de0d9826e32e531993121eae964d68ef03152aeea27,8bd4c526688ba74a0a80d4881be772644f6f5f96aceb9c77e6225be5273e4622,16384
20262538,192,background,docs/research/figures/ws25-v1fix-formal-cdf/seed20262538-b192-background-fct-cdf.svg,fecmp,20261004-070000-ws25-formal-s38-b192-fecmp,16fb3627df9980dadb413de0d9826e32e531993121eae964d68ef03152aeea27,886088675a6a5264e9ffb005676789a9e7cb06cfabba15111bce15e1a1da2e1a,192
20262538,192,background,docs/research/figures/ws25-v1fix-formal-cdf/seed20262538-b192-background-fct-cdf.svg,drill,20261004-070000-ws25-formal-s38-b192-drill,16fb3627df9980dadb413de0d9826e32e531993121eae964d68ef03152aeea27,12d0d7bdf4f300bd13f6416059bce769140d37bdf797d2de8170be642d320a1f,192
20262538,192,background,docs/research/figures/ws25-v1fix-formal-cdf/seed20262538-b192-background-fct-cdf.svg,conga,20261004-070000-ws25-formal-s38-b192-conga,16fb3627df9980dadb413de0d9826e32e531993121eae964d68ef03152aeea27,ba637ab63ecca207c141ace80df05911d822b074628fc5c44877ab235d1013e3,192
20262538,192,background,docs/research/figures/ws25-v1fix-formal-cdf/seed20262538-b192-background-fct-cdf.svg,letflow,20261004-070000-ws25-formal-s38-b192-letflow,16fb3627df9980dadb413de0d9826e32e531993121eae964d68ef03152aeea27,5c0811b35d700e1528d318b0cf61c6638eb2579c6afdbc925952bf8f0a7ffae8,192
20262538,192,background,docs/research/figures/ws25-v1fix-formal-cdf/seed20262538-b192-background-fct-cdf.svg,conweave,20261004-070000-ws25-formal-s38-b192-conweave,16fb3627df9980dadb413de0d9826e32e531993121eae964d68ef03152aeea27,6ef4e0b026debf01b86ac481eb126ee0d192cc37e8676c37ef7af2d0754f617d,192
20262538,192,background,docs/research/figures/ws25-v1fix-formal-cdf/seed20262538-b192-background-fct-cdf.svg,classreserve,20261004-070000-ws25-formal-s38-b192-classreserve,16fb3627df9980dadb413de0d9826e32e531993121eae964d68ef03152aeea27,8bd4c526688ba74a0a80d4881be772644f6f5f96aceb9c77e6225be5273e4622,192
20262539,0,moe,docs/research/figures/ws25-v1fix-formal-cdf/seed20262539-b000-moe-fct-cdf.svg,fecmp,20261004-070000-ws25-formal-s39-b000-fecmp,8d397ec5d2e026a4cdf10997006f4091be7184c4bbebe69f37354ca8f288f66c,9e280f14462fb1e4df3d7206018a5c661ea581d2ba81b298340dbfb5bd119ec4,16384
20262539,0,moe,docs/research/figures/ws25-v1fix-formal-cdf/seed20262539-b000-moe-fct-cdf.svg,drill,20261004-070000-ws25-formal-s39-b000-drill,8d397ec5d2e026a4cdf10997006f4091be7184c4bbebe69f37354ca8f288f66c,0b362a979926a055c825dd3c06366c53d630889b24e5fbbc3aeea51b6ce5f8bb,16384
20262539,0,moe,docs/research/figures/ws25-v1fix-formal-cdf/seed20262539-b000-moe-fct-cdf.svg,conga,20261004-070000-ws25-formal-s39-b000-conga,8d397ec5d2e026a4cdf10997006f4091be7184c4bbebe69f37354ca8f288f66c,0f0c31d01735f2d41d058ef19b776913df0f4c46354dda9313d41a5270e2a7d4,16384
20262539,0,moe,docs/research/figures/ws25-v1fix-formal-cdf/seed20262539-b000-moe-fct-cdf.svg,letflow,20261004-070000-ws25-formal-s39-b000-letflow,8d397ec5d2e026a4cdf10997006f4091be7184c4bbebe69f37354ca8f288f66c,41c1d0198ce7a9580ef83313a5ef33cca554141e929b417d4fe570eed8098d97,16384
20262539,0,moe,docs/research/figures/ws25-v1fix-formal-cdf/seed20262539-b000-moe-fct-cdf.svg,conweave,20261004-070000-ws25-formal-s39-b000-conweave,8d397ec5d2e026a4cdf10997006f4091be7184c4bbebe69f37354ca8f288f66c,c7353995036389d48dd562870d569b266db694a04471d35de8b4268155c3f316,16384
20262539,0,moe,docs/research/figures/ws25-v1fix-formal-cdf/seed20262539-b000-moe-fct-cdf.svg,classreserve,20261004-070000-ws25-formal-s39-b000-classreserve,8d397ec5d2e026a4cdf10997006f4091be7184c4bbebe69f37354ca8f288f66c,18ae695173ca40f44728d4fea0e3852429fb80e4edbff948f23afb25aee1ce00,16384
20262539,64,moe,docs/research/figures/ws25-v1fix-formal-cdf/seed20262539-b064-moe-fct-cdf.svg,fecmp,20261004-070000-ws25-formal-s39-b064-fecmp,56e8668455a5407b316d738e00bb10b325196cc53013bd24fb9f62acb24bcb52,cf66ea505ce05dacc4ccb267a81acc7be61975ecf609460e1435092a4f91e843,16384
20262539,64,moe,docs/research/figures/ws25-v1fix-formal-cdf/seed20262539-b064-moe-fct-cdf.svg,drill,20261004-070000-ws25-formal-s39-b064-drill,56e8668455a5407b316d738e00bb10b325196cc53013bd24fb9f62acb24bcb52,925fd885099f887b069a3a60bd8ca2f6569be462e7a5da68894ffeb60c0ad37b,16384
20262539,64,moe,docs/research/figures/ws25-v1fix-formal-cdf/seed20262539-b064-moe-fct-cdf.svg,conga,20261004-070000-ws25-formal-s39-b064-conga,56e8668455a5407b316d738e00bb10b325196cc53013bd24fb9f62acb24bcb52,ad44090b851cbdd2553175167ff3d7be8abc838861d9dcae21da2bf077514ed0,16384
20262539,64,moe,docs/research/figures/ws25-v1fix-formal-cdf/seed20262539-b064-moe-fct-cdf.svg,letflow,20261004-070000-ws25-formal-s39-b064-letflow,56e8668455a5407b316d738e00bb10b325196cc53013bd24fb9f62acb24bcb52,560a7ef15b753c94506489df8e0bf6f253b4d04b7f2fab4008820daecb9f3a76,16384
20262539,64,moe,docs/research/figures/ws25-v1fix-formal-cdf/seed20262539-b064-moe-fct-cdf.svg,conweave,20261004-070000-ws25-formal-s39-b064-conweave,56e8668455a5407b316d738e00bb10b325196cc53013bd24fb9f62acb24bcb52,95426e102828b501e5de56e4c83d55cf29dc8e224dc55c74f4b007a779957d8a,16384
20262539,64,moe,docs/research/figures/ws25-v1fix-formal-cdf/seed20262539-b064-moe-fct-cdf.svg,classreserve,20261004-070000-ws25-formal-s39-b064-classreserve,56e8668455a5407b316d738e00bb10b325196cc53013bd24fb9f62acb24bcb52,d20032af21eade1638fd45e726dacde107eef292943464857835d3cc2a2b8784,16384
20262539,64,background,docs/research/figures/ws25-v1fix-formal-cdf/seed20262539-b064-background-fct-cdf.svg,fecmp,20261004-070000-ws25-formal-s39-b064-fecmp,56e8668455a5407b316d738e00bb10b325196cc53013bd24fb9f62acb24bcb52,cf66ea505ce05dacc4ccb267a81acc7be61975ecf609460e1435092a4f91e843,64
20262539,64,background,docs/research/figures/ws25-v1fix-formal-cdf/seed20262539-b064-background-fct-cdf.svg,drill,20261004-070000-ws25-formal-s39-b064-drill,56e8668455a5407b316d738e00bb10b325196cc53013bd24fb9f62acb24bcb52,925fd885099f887b069a3a60bd8ca2f6569be462e7a5da68894ffeb60c0ad37b,64
20262539,64,background,docs/research/figures/ws25-v1fix-formal-cdf/seed20262539-b064-background-fct-cdf.svg,conga,20261004-070000-ws25-formal-s39-b064-conga,56e8668455a5407b316d738e00bb10b325196cc53013bd24fb9f62acb24bcb52,ad44090b851cbdd2553175167ff3d7be8abc838861d9dcae21da2bf077514ed0,64
20262539,64,background,docs/research/figures/ws25-v1fix-formal-cdf/seed20262539-b064-background-fct-cdf.svg,letflow,20261004-070000-ws25-formal-s39-b064-letflow,56e8668455a5407b316d738e00bb10b325196cc53013bd24fb9f62acb24bcb52,560a7ef15b753c94506489df8e0bf6f253b4d04b7f2fab4008820daecb9f3a76,64
20262539,64,background,docs/research/figures/ws25-v1fix-formal-cdf/seed20262539-b064-background-fct-cdf.svg,conweave,20261004-070000-ws25-formal-s39-b064-conweave,56e8668455a5407b316d738e00bb10b325196cc53013bd24fb9f62acb24bcb52,95426e102828b501e5de56e4c83d55cf29dc8e224dc55c74f4b007a779957d8a,64
20262539,64,background,docs/research/figures/ws25-v1fix-formal-cdf/seed20262539-b064-background-fct-cdf.svg,classreserve,20261004-070000-ws25-formal-s39-b064-classreserve,56e8668455a5407b316d738e00bb10b325196cc53013bd24fb9f62acb24bcb52,d20032af21eade1638fd45e726dacde107eef292943464857835d3cc2a2b8784,64
20262539,128,moe,docs/research/figures/ws25-v1fix-formal-cdf/seed20262539-b128-moe-fct-cdf.svg,fecmp,20261004-070000-ws25-formal-s39-b128-fecmp,ba05103c349020290a253befcdbd06886dc279fe954fae9d5682b17b12d96862,540de9aa4e57d2c180b18e5841ada66975b77fa126e2d9084ab0b67d143f2b3d,16384
20262539,128,moe,docs/research/figures/ws25-v1fix-formal-cdf/seed20262539-b128-moe-fct-cdf.svg,drill,20261004-070000-ws25-formal-s39-b128-drill,ba05103c349020290a253befcdbd06886dc279fe954fae9d5682b17b12d96862,a2d7d5c32ae87d96a1248d8640047c5ee49f933d296026c3340963b195fd9866,16384
20262539,128,moe,docs/research/figures/ws25-v1fix-formal-cdf/seed20262539-b128-moe-fct-cdf.svg,conga,20261004-070000-ws25-formal-s39-b128-conga,ba05103c349020290a253befcdbd06886dc279fe954fae9d5682b17b12d96862,1298eb1fd1b1f899bf019b92c7b61b32f5f60b8218431df7196a21a9d16bc641,16384
20262539,128,moe,docs/research/figures/ws25-v1fix-formal-cdf/seed20262539-b128-moe-fct-cdf.svg,letflow,20261004-070000-ws25-formal-s39-b128-letflow,ba05103c349020290a253befcdbd06886dc279fe954fae9d5682b17b12d96862,d616af75d6048e60ef268b344260a366407eaf7ae33c4501e98248773489bd81,16384
20262539,128,moe,docs/research/figures/ws25-v1fix-formal-cdf/seed20262539-b128-moe-fct-cdf.svg,conweave,20261004-070000-ws25-formal-s39-b128-conweave,ba05103c349020290a253befcdbd06886dc279fe954fae9d5682b17b12d96862,a5d52cf9c992f8c6d3d52b912f07579c2b04545753677f01aaf5719df2e90be4,16384
20262539,128,moe,docs/research/figures/ws25-v1fix-formal-cdf/seed20262539-b128-moe-fct-cdf.svg,classreserve,20261004-070000-ws25-formal-s39-b128-classreserve,ba05103c349020290a253befcdbd06886dc279fe954fae9d5682b17b12d96862,86f150319ad5e3b2f0e8ef46afec4593fadb16331a3fc6579e0110c8eec7e809,16384
20262539,128,background,docs/research/figures/ws25-v1fix-formal-cdf/seed20262539-b128-background-fct-cdf.svg,fecmp,20261004-070000-ws25-formal-s39-b128-fecmp,ba05103c349020290a253befcdbd06886dc279fe954fae9d5682b17b12d96862,540de9aa4e57d2c180b18e5841ada66975b77fa126e2d9084ab0b67d143f2b3d,128
20262539,128,background,docs/research/figures/ws25-v1fix-formal-cdf/seed20262539-b128-background-fct-cdf.svg,drill,20261004-070000-ws25-formal-s39-b128-drill,ba05103c349020290a253befcdbd06886dc279fe954fae9d5682b17b12d96862,a2d7d5c32ae87d96a1248d8640047c5ee49f933d296026c3340963b195fd9866,128
20262539,128,background,docs/research/figures/ws25-v1fix-formal-cdf/seed20262539-b128-background-fct-cdf.svg,conga,20261004-070000-ws25-formal-s39-b128-conga,ba05103c349020290a253befcdbd06886dc279fe954fae9d5682b17b12d96862,1298eb1fd1b1f899bf019b92c7b61b32f5f60b8218431df7196a21a9d16bc641,128
20262539,128,background,docs/research/figures/ws25-v1fix-formal-cdf/seed20262539-b128-background-fct-cdf.svg,letflow,20261004-070000-ws25-formal-s39-b128-letflow,ba05103c349020290a253befcdbd06886dc279fe954fae9d5682b17b12d96862,d616af75d6048e60ef268b344260a366407eaf7ae33c4501e98248773489bd81,128
20262539,128,background,docs/research/figures/ws25-v1fix-formal-cdf/seed20262539-b128-background-fct-cdf.svg,conweave,20261004-070000-ws25-formal-s39-b128-conweave,ba05103c349020290a253befcdbd06886dc279fe954fae9d5682b17b12d96862,a5d52cf9c992f8c6d3d52b912f07579c2b04545753677f01aaf5719df2e90be4,128
20262539,128,background,docs/research/figures/ws25-v1fix-formal-cdf/seed20262539-b128-background-fct-cdf.svg,classreserve,20261004-070000-ws25-formal-s39-b128-classreserve,ba05103c349020290a253befcdbd06886dc279fe954fae9d5682b17b12d96862,86f150319ad5e3b2f0e8ef46afec4593fadb16331a3fc6579e0110c8eec7e809,128
20262539,192,moe,docs/research/figures/ws25-v1fix-formal-cdf/seed20262539-b192-moe-fct-cdf.svg,fecmp,20261004-070000-ws25-formal-s39-b192-fecmp,272ea34bd279c0c7728e03278f3dd37f621822176829c281ac49fe9e969c2c2f,7f6f4b45c5a8e0ee82691552259dbc8e4cbb0c055d156bb7b21963bf95cc82f7,16384
20262539,192,moe,docs/research/figures/ws25-v1fix-formal-cdf/seed20262539-b192-moe-fct-cdf.svg,drill,20261004-070000-ws25-formal-s39-b192-drill,272ea34bd279c0c7728e03278f3dd37f621822176829c281ac49fe9e969c2c2f,5141fa883371f2c39f394ca82a513d938cbde03efa34438dbb05b9bd0c0f2eb5,16384
20262539,192,moe,docs/research/figures/ws25-v1fix-formal-cdf/seed20262539-b192-moe-fct-cdf.svg,conga,20261004-070000-ws25-formal-s39-b192-conga,272ea34bd279c0c7728e03278f3dd37f621822176829c281ac49fe9e969c2c2f,fd94eb9c5563b2e8b252d094aa1d5afd8125f7a6a467080773e19af2f9c71389,16384
20262539,192,moe,docs/research/figures/ws25-v1fix-formal-cdf/seed20262539-b192-moe-fct-cdf.svg,letflow,20261004-070000-ws25-formal-s39-b192-letflow,272ea34bd279c0c7728e03278f3dd37f621822176829c281ac49fe9e969c2c2f,d3963aa9f3e3098de2abbeab48f4e9cced16c383d335de6cfd142ed40bd17818,16384
20262539,192,moe,docs/research/figures/ws25-v1fix-formal-cdf/seed20262539-b192-moe-fct-cdf.svg,conweave,20261004-070000-ws25-formal-s39-b192-conweave,272ea34bd279c0c7728e03278f3dd37f621822176829c281ac49fe9e969c2c2f,d0c3cbc79a59d57bdd703a6704f9e3fa582f25f48841e720a00aa6c620b65081,16384
20262539,192,moe,docs/research/figures/ws25-v1fix-formal-cdf/seed20262539-b192-moe-fct-cdf.svg,classreserve,20261004-070000-ws25-formal-s39-b192-classreserve,272ea34bd279c0c7728e03278f3dd37f621822176829c281ac49fe9e969c2c2f,23a14a4bcb648e717e0c6f7d7db669d9e30a49a4d9d6226335f168b42790bd30,16384
20262539,192,background,docs/research/figures/ws25-v1fix-formal-cdf/seed20262539-b192-background-fct-cdf.svg,fecmp,20261004-070000-ws25-formal-s39-b192-fecmp,272ea34bd279c0c7728e03278f3dd37f621822176829c281ac49fe9e969c2c2f,7f6f4b45c5a8e0ee82691552259dbc8e4cbb0c055d156bb7b21963bf95cc82f7,192
20262539,192,background,docs/research/figures/ws25-v1fix-formal-cdf/seed20262539-b192-background-fct-cdf.svg,drill,20261004-070000-ws25-formal-s39-b192-drill,272ea34bd279c0c7728e03278f3dd37f621822176829c281ac49fe9e969c2c2f,5141fa883371f2c39f394ca82a513d938cbde03efa34438dbb05b9bd0c0f2eb5,192
20262539,192,background,docs/research/figures/ws25-v1fix-formal-cdf/seed20262539-b192-background-fct-cdf.svg,conga,20261004-070000-ws25-formal-s39-b192-conga,272ea34bd279c0c7728e03278f3dd37f621822176829c281ac49fe9e969c2c2f,fd94eb9c5563b2e8b252d094aa1d5afd8125f7a6a467080773e19af2f9c71389,192
20262539,192,background,docs/research/figures/ws25-v1fix-formal-cdf/seed20262539-b192-background-fct-cdf.svg,letflow,20261004-070000-ws25-formal-s39-b192-letflow,272ea34bd279c0c7728e03278f3dd37f621822176829c281ac49fe9e969c2c2f,d3963aa9f3e3098de2abbeab48f4e9cced16c383d335de6cfd142ed40bd17818,192
20262539,192,background,docs/research/figures/ws25-v1fix-formal-cdf/seed20262539-b192-background-fct-cdf.svg,conweave,20261004-070000-ws25-formal-s39-b192-conweave,272ea34bd279c0c7728e03278f3dd37f621822176829c281ac49fe9e969c2c2f,d0c3cbc79a59d57bdd703a6704f9e3fa582f25f48841e720a00aa6c620b65081,192
20262539,192,background,docs/research/figures/ws25-v1fix-formal-cdf/seed20262539-b192-background-fct-cdf.svg,classreserve,20261004-070000-ws25-formal-s39-b192-classreserve,272ea34bd279c0c7728e03278f3dd37f621822176829c281ac49fe9e969c2c2f,23a14a4bcb648e717e0c6f7d7db669d9e30a49a4d9d6226335f168b42790bd30,192
20262540,0,moe,docs/research/figures/ws25-v1fix-formal-cdf/seed20262540-b000-moe-fct-cdf.svg,fecmp,20261004-070000-ws25-formal-s40-b000-fecmp,611f6abe6d3be8b0bb0d607f7d4310a048098b8116ed58d22d82af526a8bbfb9,f557f712e94cba706eed5ab107225b12d307721cb42e6890da9088532f5005b7,16384
20262540,0,moe,docs/research/figures/ws25-v1fix-formal-cdf/seed20262540-b000-moe-fct-cdf.svg,drill,20261004-070000-ws25-formal-s40-b000-drill,611f6abe6d3be8b0bb0d607f7d4310a048098b8116ed58d22d82af526a8bbfb9,c8fbfc4184bb5b28d96ba69f16c2a52c264f0d9df58060d15fea1aa7fcc407eb,16384
20262540,0,moe,docs/research/figures/ws25-v1fix-formal-cdf/seed20262540-b000-moe-fct-cdf.svg,conga,20261004-070000-ws25-formal-s40-b000-conga,611f6abe6d3be8b0bb0d607f7d4310a048098b8116ed58d22d82af526a8bbfb9,90e57222604a3bb1ad5249c51419029deac957dd9e3729df113c3392bad7af68,16384
20262540,0,moe,docs/research/figures/ws25-v1fix-formal-cdf/seed20262540-b000-moe-fct-cdf.svg,letflow,20261004-070000-ws25-formal-s40-b000-letflow,611f6abe6d3be8b0bb0d607f7d4310a048098b8116ed58d22d82af526a8bbfb9,aa22ddd46c9f20bef14429d935038e7fcfa7219dc64b53998057a654e412c4f9,16384
20262540,0,moe,docs/research/figures/ws25-v1fix-formal-cdf/seed20262540-b000-moe-fct-cdf.svg,conweave,20261004-070000-ws25-formal-s40-b000-conweave,611f6abe6d3be8b0bb0d607f7d4310a048098b8116ed58d22d82af526a8bbfb9,a925dbff23b0c55f45c4d2ad9aa3a4a270be57887fd4859c481d93fc4e96ece6,16384
20262540,0,moe,docs/research/figures/ws25-v1fix-formal-cdf/seed20262540-b000-moe-fct-cdf.svg,classreserve,20261004-070000-ws25-formal-s40-b000-classreserve,611f6abe6d3be8b0bb0d607f7d4310a048098b8116ed58d22d82af526a8bbfb9,0ef4ef73e26f141011810a83d95f4606597f01877c3d32857e8201fceb5256ed,16384
20262540,64,moe,docs/research/figures/ws25-v1fix-formal-cdf/seed20262540-b064-moe-fct-cdf.svg,fecmp,20261004-070000-ws25-formal-s40-b064-fecmp,f5b0e85f28fd2b45356ea17cab1addcc8036bd6dccd085574d36b3443ca89123,02e5c902f3fcadc60849b25dea46cbf0d81af88c6f64f50281d60a3397e2c755,16384
20262540,64,moe,docs/research/figures/ws25-v1fix-formal-cdf/seed20262540-b064-moe-fct-cdf.svg,drill,20261004-070000-ws25-formal-s40-b064-drill,f5b0e85f28fd2b45356ea17cab1addcc8036bd6dccd085574d36b3443ca89123,86e4b9079db0e4f56445b2e3ec434b236143ee2448465a59a510743e9653ab88,16384
20262540,64,moe,docs/research/figures/ws25-v1fix-formal-cdf/seed20262540-b064-moe-fct-cdf.svg,conga,20261004-070000-ws25-formal-s40-b064-conga,f5b0e85f28fd2b45356ea17cab1addcc8036bd6dccd085574d36b3443ca89123,3e67ae36710d2eb1959cdf5af0def7ce0248b2f793afecc3fe70da7c620e7811,16384
20262540,64,moe,docs/research/figures/ws25-v1fix-formal-cdf/seed20262540-b064-moe-fct-cdf.svg,letflow,20261004-070000-ws25-formal-s40-b064-letflow,f5b0e85f28fd2b45356ea17cab1addcc8036bd6dccd085574d36b3443ca89123,9a125ba69ae4cada167f50eb6c6d3f4033e3d2abc9e814ece0c10b84277dc53c,16384
20262540,64,moe,docs/research/figures/ws25-v1fix-formal-cdf/seed20262540-b064-moe-fct-cdf.svg,conweave,20261004-070000-ws25-formal-s40-b064-conweave,f5b0e85f28fd2b45356ea17cab1addcc8036bd6dccd085574d36b3443ca89123,26e6445b8129af5e6bd4e8c9a12c74eb2949c945a73eb7fa5586420748866885,16384
20262540,64,moe,docs/research/figures/ws25-v1fix-formal-cdf/seed20262540-b064-moe-fct-cdf.svg,classreserve,20261004-070000-ws25-formal-s40-b064-classreserve,f5b0e85f28fd2b45356ea17cab1addcc8036bd6dccd085574d36b3443ca89123,7ddd3c7cb212e3d2793d67b7ac3528abcf706b9395ae6a53b0be88230bb9c6c9,16384
20262540,64,background,docs/research/figures/ws25-v1fix-formal-cdf/seed20262540-b064-background-fct-cdf.svg,fecmp,20261004-070000-ws25-formal-s40-b064-fecmp,f5b0e85f28fd2b45356ea17cab1addcc8036bd6dccd085574d36b3443ca89123,02e5c902f3fcadc60849b25dea46cbf0d81af88c6f64f50281d60a3397e2c755,64
20262540,64,background,docs/research/figures/ws25-v1fix-formal-cdf/seed20262540-b064-background-fct-cdf.svg,drill,20261004-070000-ws25-formal-s40-b064-drill,f5b0e85f28fd2b45356ea17cab1addcc8036bd6dccd085574d36b3443ca89123,86e4b9079db0e4f56445b2e3ec434b236143ee2448465a59a510743e9653ab88,64
20262540,64,background,docs/research/figures/ws25-v1fix-formal-cdf/seed20262540-b064-background-fct-cdf.svg,conga,20261004-070000-ws25-formal-s40-b064-conga,f5b0e85f28fd2b45356ea17cab1addcc8036bd6dccd085574d36b3443ca89123,3e67ae36710d2eb1959cdf5af0def7ce0248b2f793afecc3fe70da7c620e7811,64
20262540,64,background,docs/research/figures/ws25-v1fix-formal-cdf/seed20262540-b064-background-fct-cdf.svg,letflow,20261004-070000-ws25-formal-s40-b064-letflow,f5b0e85f28fd2b45356ea17cab1addcc8036bd6dccd085574d36b3443ca89123,9a125ba69ae4cada167f50eb6c6d3f4033e3d2abc9e814ece0c10b84277dc53c,64
20262540,64,background,docs/research/figures/ws25-v1fix-formal-cdf/seed20262540-b064-background-fct-cdf.svg,conweave,20261004-070000-ws25-formal-s40-b064-conweave,f5b0e85f28fd2b45356ea17cab1addcc8036bd6dccd085574d36b3443ca89123,26e6445b8129af5e6bd4e8c9a12c74eb2949c945a73eb7fa5586420748866885,64
20262540,64,background,docs/research/figures/ws25-v1fix-formal-cdf/seed20262540-b064-background-fct-cdf.svg,classreserve,20261004-070000-ws25-formal-s40-b064-classreserve,f5b0e85f28fd2b45356ea17cab1addcc8036bd6dccd085574d36b3443ca89123,7ddd3c7cb212e3d2793d67b7ac3528abcf706b9395ae6a53b0be88230bb9c6c9,64
20262540,128,moe,docs/research/figures/ws25-v1fix-formal-cdf/seed20262540-b128-moe-fct-cdf.svg,fecmp,20261004-070000-ws25-formal-s40-b128-fecmp,f1507c0699561b9b5b79059b617b2d2c0c6c654a7a52e05401661a0f1ded9aa2,79febbdf3bc104a24a8d0f0c5dce4e07aead71dbe96723f9cf011f0df4a1431a,16384
20262540,128,moe,docs/research/figures/ws25-v1fix-formal-cdf/seed20262540-b128-moe-fct-cdf.svg,drill,20261004-070000-ws25-formal-s40-b128-drill,f1507c0699561b9b5b79059b617b2d2c0c6c654a7a52e05401661a0f1ded9aa2,eaad19cc5801298d249bd800ddaa3b7b9e5ed020d8d94dc53d2a3cd62da2d14c,16384
20262540,128,moe,docs/research/figures/ws25-v1fix-formal-cdf/seed20262540-b128-moe-fct-cdf.svg,conga,20261004-070000-ws25-formal-s40-b128-conga,f1507c0699561b9b5b79059b617b2d2c0c6c654a7a52e05401661a0f1ded9aa2,1599f2f90a0618aba9d6f0ac617866516d2fab7f954bd9843c8aac94a671de3d,16384
20262540,128,moe,docs/research/figures/ws25-v1fix-formal-cdf/seed20262540-b128-moe-fct-cdf.svg,letflow,20261004-070000-ws25-formal-s40-b128-letflow,f1507c0699561b9b5b79059b617b2d2c0c6c654a7a52e05401661a0f1ded9aa2,4f34e892058dd5d93dcc7bbe13c0ec0ff916f30ce5718bddedea63bb038c8678,16384
20262540,128,moe,docs/research/figures/ws25-v1fix-formal-cdf/seed20262540-b128-moe-fct-cdf.svg,conweave,20261004-070000-ws25-formal-s40-b128-conweave,f1507c0699561b9b5b79059b617b2d2c0c6c654a7a52e05401661a0f1ded9aa2,1cb3d1536189011711cd772635cdefb31babafe1b3dcc59a2ffbea08469acbe2,16384
20262540,128,moe,docs/research/figures/ws25-v1fix-formal-cdf/seed20262540-b128-moe-fct-cdf.svg,classreserve,20261004-070000-ws25-formal-s40-b128-classreserve,f1507c0699561b9b5b79059b617b2d2c0c6c654a7a52e05401661a0f1ded9aa2,7fc0b26dd1503785ad0efb6938d14d68ea0f900f01460573c666fe86fbc35edf,16384
20262540,128,background,docs/research/figures/ws25-v1fix-formal-cdf/seed20262540-b128-background-fct-cdf.svg,fecmp,20261004-070000-ws25-formal-s40-b128-fecmp,f1507c0699561b9b5b79059b617b2d2c0c6c654a7a52e05401661a0f1ded9aa2,79febbdf3bc104a24a8d0f0c5dce4e07aead71dbe96723f9cf011f0df4a1431a,128
20262540,128,background,docs/research/figures/ws25-v1fix-formal-cdf/seed20262540-b128-background-fct-cdf.svg,drill,20261004-070000-ws25-formal-s40-b128-drill,f1507c0699561b9b5b79059b617b2d2c0c6c654a7a52e05401661a0f1ded9aa2,eaad19cc5801298d249bd800ddaa3b7b9e5ed020d8d94dc53d2a3cd62da2d14c,128
20262540,128,background,docs/research/figures/ws25-v1fix-formal-cdf/seed20262540-b128-background-fct-cdf.svg,conga,20261004-070000-ws25-formal-s40-b128-conga,f1507c0699561b9b5b79059b617b2d2c0c6c654a7a52e05401661a0f1ded9aa2,1599f2f90a0618aba9d6f0ac617866516d2fab7f954bd9843c8aac94a671de3d,128
20262540,128,background,docs/research/figures/ws25-v1fix-formal-cdf/seed20262540-b128-background-fct-cdf.svg,letflow,20261004-070000-ws25-formal-s40-b128-letflow,f1507c0699561b9b5b79059b617b2d2c0c6c654a7a52e05401661a0f1ded9aa2,4f34e892058dd5d93dcc7bbe13c0ec0ff916f30ce5718bddedea63bb038c8678,128
20262540,128,background,docs/research/figures/ws25-v1fix-formal-cdf/seed20262540-b128-background-fct-cdf.svg,conweave,20261004-070000-ws25-formal-s40-b128-conweave,f1507c0699561b9b5b79059b617b2d2c0c6c654a7a52e05401661a0f1ded9aa2,1cb3d1536189011711cd772635cdefb31babafe1b3dcc59a2ffbea08469acbe2,128
20262540,128,background,docs/research/figures/ws25-v1fix-formal-cdf/seed20262540-b128-background-fct-cdf.svg,classreserve,20261004-070000-ws25-formal-s40-b128-classreserve,f1507c0699561b9b5b79059b617b2d2c0c6c654a7a52e05401661a0f1ded9aa2,7fc0b26dd1503785ad0efb6938d14d68ea0f900f01460573c666fe86fbc35edf,128
20262540,192,moe,docs/research/figures/ws25-v1fix-formal-cdf/seed20262540-b192-moe-fct-cdf.svg,fecmp,20261004-070000-ws25-formal-s40-b192-fecmp,fba8a857a16cb6541561bd6c6b82c363ec70a4d3355be7fc8aa74e361bc1cf30,f2f08470aa95afacebe0a7e6fca8702dd7bce73deae07991583baa4c21b18900,16384
20262540,192,moe,docs/research/figures/ws25-v1fix-formal-cdf/seed20262540-b192-moe-fct-cdf.svg,drill,20261004-070000-ws25-formal-s40-b192-drill,fba8a857a16cb6541561bd6c6b82c363ec70a4d3355be7fc8aa74e361bc1cf30,c950519af1e2956f5d4e81e92dc664e720dab611bfef625bffa7be9effdbd62e,16384
20262540,192,moe,docs/research/figures/ws25-v1fix-formal-cdf/seed20262540-b192-moe-fct-cdf.svg,conga,20261004-070000-ws25-formal-s40-b192-conga,fba8a857a16cb6541561bd6c6b82c363ec70a4d3355be7fc8aa74e361bc1cf30,e28f7119f481d35c6e1b0c3f177b26171e75ddd6edbac0efb2a4dc10c1825298,16384
20262540,192,moe,docs/research/figures/ws25-v1fix-formal-cdf/seed20262540-b192-moe-fct-cdf.svg,letflow,20261004-070000-ws25-formal-s40-b192-letflow,fba8a857a16cb6541561bd6c6b82c363ec70a4d3355be7fc8aa74e361bc1cf30,c2577f241264eeb9917a4356770919881d591d405743f1e38a2a22a97fca272a,16384
20262540,192,moe,docs/research/figures/ws25-v1fix-formal-cdf/seed20262540-b192-moe-fct-cdf.svg,conweave,20261004-070000-ws25-formal-s40-b192-conweave,fba8a857a16cb6541561bd6c6b82c363ec70a4d3355be7fc8aa74e361bc1cf30,27d32285593d51517d8c7266fe1ad12dd8b80f5683ba20cf3826ac2e3d8d3c4e,16384
20262540,192,moe,docs/research/figures/ws25-v1fix-formal-cdf/seed20262540-b192-moe-fct-cdf.svg,classreserve,20261004-070000-ws25-formal-s40-b192-classreserve,fba8a857a16cb6541561bd6c6b82c363ec70a4d3355be7fc8aa74e361bc1cf30,f8e2c55d81e7aebc262eed87d46b444bf470aa0144b2d7f853ed00547d3ff0f7,16384
20262540,192,background,docs/research/figures/ws25-v1fix-formal-cdf/seed20262540-b192-background-fct-cdf.svg,fecmp,20261004-070000-ws25-formal-s40-b192-fecmp,fba8a857a16cb6541561bd6c6b82c363ec70a4d3355be7fc8aa74e361bc1cf30,f2f08470aa95afacebe0a7e6fca8702dd7bce73deae07991583baa4c21b18900,192
20262540,192,background,docs/research/figures/ws25-v1fix-formal-cdf/seed20262540-b192-background-fct-cdf.svg,drill,20261004-070000-ws25-formal-s40-b192-drill,fba8a857a16cb6541561bd6c6b82c363ec70a4d3355be7fc8aa74e361bc1cf30,c950519af1e2956f5d4e81e92dc664e720dab611bfef625bffa7be9effdbd62e,192
20262540,192,background,docs/research/figures/ws25-v1fix-formal-cdf/seed20262540-b192-background-fct-cdf.svg,conga,20261004-070000-ws25-formal-s40-b192-conga,fba8a857a16cb6541561bd6c6b82c363ec70a4d3355be7fc8aa74e361bc1cf30,e28f7119f481d35c6e1b0c3f177b26171e75ddd6edbac0efb2a4dc10c1825298,192
20262540,192,background,docs/research/figures/ws25-v1fix-formal-cdf/seed20262540-b192-background-fct-cdf.svg,letflow,20261004-070000-ws25-formal-s40-b192-letflow,fba8a857a16cb6541561bd6c6b82c363ec70a4d3355be7fc8aa74e361bc1cf30,c2577f241264eeb9917a4356770919881d591d405743f1e38a2a22a97fca272a,192
20262540,192,background,docs/research/figures/ws25-v1fix-formal-cdf/seed20262540-b192-background-fct-cdf.svg,conweave,20261004-070000-ws25-formal-s40-b192-conweave,fba8a857a16cb6541561bd6c6b82c363ec70a4d3355be7fc8aa74e361bc1cf30,27d32285593d51517d8c7266fe1ad12dd8b80f5683ba20cf3826ac2e3d8d3c4e,192
20262540,192,background,docs/research/figures/ws25-v1fix-formal-cdf/seed20262540-b192-background-fct-cdf.svg,classreserve,20261004-070000-ws25-formal-s40-b192-classreserve,fba8a857a16cb6541561bd6c6b82c363ec70a4d3355be7fc8aa74e361bc1cf30,f8e2c55d81e7aebc262eed87d46b444bf470aa0144b2d7f853ed00547d3ff0f7,192
20262541,0,moe,docs/research/figures/ws25-v1fix-formal-cdf/seed20262541-b000-moe-fct-cdf.svg,fecmp,20261004-070000-ws25-formal-s41-b000-fecmp,ed7b545b0c9f634f5bb72f2aac3fba7d4cf8caf4ba385d4b58588f4ceaee4c8f,c6f945af81bfec0eb0004e778468c4a858a9ce5b62d1c054458bfa64107a1d6f,16384
20262541,0,moe,docs/research/figures/ws25-v1fix-formal-cdf/seed20262541-b000-moe-fct-cdf.svg,drill,20261004-070000-ws25-formal-s41-b000-drill,ed7b545b0c9f634f5bb72f2aac3fba7d4cf8caf4ba385d4b58588f4ceaee4c8f,0e8e5b572ebb9003d1174cbbb53b18dfa693252effba65d82791d0ba645298dc,16384
20262541,0,moe,docs/research/figures/ws25-v1fix-formal-cdf/seed20262541-b000-moe-fct-cdf.svg,conga,20261004-070000-ws25-formal-s41-b000-conga,ed7b545b0c9f634f5bb72f2aac3fba7d4cf8caf4ba385d4b58588f4ceaee4c8f,f7f9de458f0f6c88009232fc24e34d71b6db0ff48292c8a5b0b42c04a16aa4fd,16384
20262541,0,moe,docs/research/figures/ws25-v1fix-formal-cdf/seed20262541-b000-moe-fct-cdf.svg,letflow,20261004-070000-ws25-formal-s41-b000-letflow,ed7b545b0c9f634f5bb72f2aac3fba7d4cf8caf4ba385d4b58588f4ceaee4c8f,1d0160c280698c0e3312c7481896f23e291175d01052765fdebdb7fabfc4f16f,16384
20262541,0,moe,docs/research/figures/ws25-v1fix-formal-cdf/seed20262541-b000-moe-fct-cdf.svg,conweave,20261004-070000-ws25-formal-s41-b000-conweave,ed7b545b0c9f634f5bb72f2aac3fba7d4cf8caf4ba385d4b58588f4ceaee4c8f,19d283836f1057609c10d45a287953fae7438fe25e04fdf1de119ac671c03766,16384
20262541,0,moe,docs/research/figures/ws25-v1fix-formal-cdf/seed20262541-b000-moe-fct-cdf.svg,classreserve,20261004-070000-ws25-formal-s41-b000-classreserve,ed7b545b0c9f634f5bb72f2aac3fba7d4cf8caf4ba385d4b58588f4ceaee4c8f,0d7a0ceb7d1d6d21ee9476209a260a92f44438bcece1dae2598e8f91076bc40d,16384
20262541,64,moe,docs/research/figures/ws25-v1fix-formal-cdf/seed20262541-b064-moe-fct-cdf.svg,fecmp,20261004-070000-ws25-formal-s41-b064-fecmp,76711596aa8653dfbc07f1460c34fde3c5c02e3908d5e1771b220537ce86e656,6259851432b5f66714fb7e50e5d48170da2f72a616612734604dcf881240217c,16384
20262541,64,moe,docs/research/figures/ws25-v1fix-formal-cdf/seed20262541-b064-moe-fct-cdf.svg,drill,20261004-070000-ws25-formal-s41-b064-drill,76711596aa8653dfbc07f1460c34fde3c5c02e3908d5e1771b220537ce86e656,cce978db1563fb9211c4181d01872d4ad3df95a8ea0cababafd0b148a6dc72bd,16384
20262541,64,moe,docs/research/figures/ws25-v1fix-formal-cdf/seed20262541-b064-moe-fct-cdf.svg,conga,20261004-070000-ws25-formal-s41-b064-conga,76711596aa8653dfbc07f1460c34fde3c5c02e3908d5e1771b220537ce86e656,51277d4d5c48d407994e398206d8ab950e648089b47c0f89436cd36cef522be5,16384
20262541,64,moe,docs/research/figures/ws25-v1fix-formal-cdf/seed20262541-b064-moe-fct-cdf.svg,letflow,20261004-070000-ws25-formal-s41-b064-letflow,76711596aa8653dfbc07f1460c34fde3c5c02e3908d5e1771b220537ce86e656,6c0715a80a7f6e43b6cdc3ca674938fe396d90341dcdb8bea279c8c18230e622,16384
20262541,64,moe,docs/research/figures/ws25-v1fix-formal-cdf/seed20262541-b064-moe-fct-cdf.svg,conweave,20261004-070000-ws25-formal-s41-b064-conweave,76711596aa8653dfbc07f1460c34fde3c5c02e3908d5e1771b220537ce86e656,a97989c374e271ff89f05fd148a3793ee53a361049407c0fabd9aef59fa2a540,16384
20262541,64,moe,docs/research/figures/ws25-v1fix-formal-cdf/seed20262541-b064-moe-fct-cdf.svg,classreserve,20261004-070000-ws25-formal-s41-b064-classreserve,76711596aa8653dfbc07f1460c34fde3c5c02e3908d5e1771b220537ce86e656,9a844b5384e3964f82bed8006906580a8af364db504925a01b578916bdd646d5,16384
20262541,64,background,docs/research/figures/ws25-v1fix-formal-cdf/seed20262541-b064-background-fct-cdf.svg,fecmp,20261004-070000-ws25-formal-s41-b064-fecmp,76711596aa8653dfbc07f1460c34fde3c5c02e3908d5e1771b220537ce86e656,6259851432b5f66714fb7e50e5d48170da2f72a616612734604dcf881240217c,64
20262541,64,background,docs/research/figures/ws25-v1fix-formal-cdf/seed20262541-b064-background-fct-cdf.svg,drill,20261004-070000-ws25-formal-s41-b064-drill,76711596aa8653dfbc07f1460c34fde3c5c02e3908d5e1771b220537ce86e656,cce978db1563fb9211c4181d01872d4ad3df95a8ea0cababafd0b148a6dc72bd,64
20262541,64,background,docs/research/figures/ws25-v1fix-formal-cdf/seed20262541-b064-background-fct-cdf.svg,conga,20261004-070000-ws25-formal-s41-b064-conga,76711596aa8653dfbc07f1460c34fde3c5c02e3908d5e1771b220537ce86e656,51277d4d5c48d407994e398206d8ab950e648089b47c0f89436cd36cef522be5,64
20262541,64,background,docs/research/figures/ws25-v1fix-formal-cdf/seed20262541-b064-background-fct-cdf.svg,letflow,20261004-070000-ws25-formal-s41-b064-letflow,76711596aa8653dfbc07f1460c34fde3c5c02e3908d5e1771b220537ce86e656,6c0715a80a7f6e43b6cdc3ca674938fe396d90341dcdb8bea279c8c18230e622,64
20262541,64,background,docs/research/figures/ws25-v1fix-formal-cdf/seed20262541-b064-background-fct-cdf.svg,conweave,20261004-070000-ws25-formal-s41-b064-conweave,76711596aa8653dfbc07f1460c34fde3c5c02e3908d5e1771b220537ce86e656,a97989c374e271ff89f05fd148a3793ee53a361049407c0fabd9aef59fa2a540,64
20262541,64,background,docs/research/figures/ws25-v1fix-formal-cdf/seed20262541-b064-background-fct-cdf.svg,classreserve,20261004-070000-ws25-formal-s41-b064-classreserve,76711596aa8653dfbc07f1460c34fde3c5c02e3908d5e1771b220537ce86e656,9a844b5384e3964f82bed8006906580a8af364db504925a01b578916bdd646d5,64
20262541,128,moe,docs/research/figures/ws25-v1fix-formal-cdf/seed20262541-b128-moe-fct-cdf.svg,fecmp,20261004-070000-ws25-formal-s41-b128-fecmp,bbf438da9e82e82fada312d4025f035205403226cad6af953b7731043e815285,b54c9cca53d9f56bb96d3952646fb2bde67e7604c3be38a67c5d5e8518c385c7,16384
20262541,128,moe,docs/research/figures/ws25-v1fix-formal-cdf/seed20262541-b128-moe-fct-cdf.svg,drill,20261004-070000-ws25-formal-s41-b128-drill,bbf438da9e82e82fada312d4025f035205403226cad6af953b7731043e815285,6b5d1d89edd2d5f560ea00638e7575def27890e457b461903d69bdc75d4215e7,16384
20262541,128,moe,docs/research/figures/ws25-v1fix-formal-cdf/seed20262541-b128-moe-fct-cdf.svg,conga,20261004-070000-ws25-formal-s41-b128-conga,bbf438da9e82e82fada312d4025f035205403226cad6af953b7731043e815285,5434abc52d85990b212731bffa1889f500e76d7e29663a96a0be5bd50aa1cf4b,16384
20262541,128,moe,docs/research/figures/ws25-v1fix-formal-cdf/seed20262541-b128-moe-fct-cdf.svg,letflow,20261004-070000-ws25-formal-s41-b128-letflow,bbf438da9e82e82fada312d4025f035205403226cad6af953b7731043e815285,468a96f9a1427151e4e3b935547143983aafbbc078a140482ffe5f6db6f2748d,16384
20262541,128,moe,docs/research/figures/ws25-v1fix-formal-cdf/seed20262541-b128-moe-fct-cdf.svg,conweave,20261004-070000-ws25-formal-s41-b128-conweave,bbf438da9e82e82fada312d4025f035205403226cad6af953b7731043e815285,4309c231f6a9fab00f5c5776d7793437c5c37f1e08483d39059669b9725c4b06,16384
20262541,128,moe,docs/research/figures/ws25-v1fix-formal-cdf/seed20262541-b128-moe-fct-cdf.svg,classreserve,20261004-070000-ws25-formal-s41-b128-classreserve,bbf438da9e82e82fada312d4025f035205403226cad6af953b7731043e815285,4a6dea6a2b12672fd5cb5b0aa81c55f4436c22d22cece8ee590e9d8329460b9d,16384
20262541,128,background,docs/research/figures/ws25-v1fix-formal-cdf/seed20262541-b128-background-fct-cdf.svg,fecmp,20261004-070000-ws25-formal-s41-b128-fecmp,bbf438da9e82e82fada312d4025f035205403226cad6af953b7731043e815285,b54c9cca53d9f56bb96d3952646fb2bde67e7604c3be38a67c5d5e8518c385c7,128
20262541,128,background,docs/research/figures/ws25-v1fix-formal-cdf/seed20262541-b128-background-fct-cdf.svg,drill,20261004-070000-ws25-formal-s41-b128-drill,bbf438da9e82e82fada312d4025f035205403226cad6af953b7731043e815285,6b5d1d89edd2d5f560ea00638e7575def27890e457b461903d69bdc75d4215e7,128
20262541,128,background,docs/research/figures/ws25-v1fix-formal-cdf/seed20262541-b128-background-fct-cdf.svg,conga,20261004-070000-ws25-formal-s41-b128-conga,bbf438da9e82e82fada312d4025f035205403226cad6af953b7731043e815285,5434abc52d85990b212731bffa1889f500e76d7e29663a96a0be5bd50aa1cf4b,128
20262541,128,background,docs/research/figures/ws25-v1fix-formal-cdf/seed20262541-b128-background-fct-cdf.svg,letflow,20261004-070000-ws25-formal-s41-b128-letflow,bbf438da9e82e82fada312d4025f035205403226cad6af953b7731043e815285,468a96f9a1427151e4e3b935547143983aafbbc078a140482ffe5f6db6f2748d,128
20262541,128,background,docs/research/figures/ws25-v1fix-formal-cdf/seed20262541-b128-background-fct-cdf.svg,conweave,20261004-070000-ws25-formal-s41-b128-conweave,bbf438da9e82e82fada312d4025f035205403226cad6af953b7731043e815285,4309c231f6a9fab00f5c5776d7793437c5c37f1e08483d39059669b9725c4b06,128
20262541,128,background,docs/research/figures/ws25-v1fix-formal-cdf/seed20262541-b128-background-fct-cdf.svg,classreserve,20261004-070000-ws25-formal-s41-b128-classreserve,bbf438da9e82e82fada312d4025f035205403226cad6af953b7731043e815285,4a6dea6a2b12672fd5cb5b0aa81c55f4436c22d22cece8ee590e9d8329460b9d,128
20262541,192,moe,docs/research/figures/ws25-v1fix-formal-cdf/seed20262541-b192-moe-fct-cdf.svg,fecmp,20261004-070000-ws25-formal-s41-b192-fecmp,5dd598861b1943b82097199f88982a3d89bf69331e0246895d245c7a8082e56e,9cad8b508f17edc70983531b4196671c0642265dc1de272f105e2d6f04bc8f95,16384
20262541,192,moe,docs/research/figures/ws25-v1fix-formal-cdf/seed20262541-b192-moe-fct-cdf.svg,drill,20261004-070000-ws25-formal-s41-b192-drill,5dd598861b1943b82097199f88982a3d89bf69331e0246895d245c7a8082e56e,e8f1d28deae4b60e268abf67406984f31a1c3e28cb4f078327f60adbcf08b16e,16384
20262541,192,moe,docs/research/figures/ws25-v1fix-formal-cdf/seed20262541-b192-moe-fct-cdf.svg,conga,20261004-070000-ws25-formal-s41-b192-conga,5dd598861b1943b82097199f88982a3d89bf69331e0246895d245c7a8082e56e,3c36d211bf897fef5ef81bcb83e46b33eada566ea00a64f7ae82f059ffb1b7cc,16384
20262541,192,moe,docs/research/figures/ws25-v1fix-formal-cdf/seed20262541-b192-moe-fct-cdf.svg,letflow,20261004-070000-ws25-formal-s41-b192-letflow,5dd598861b1943b82097199f88982a3d89bf69331e0246895d245c7a8082e56e,bffc326b1f6d02f67124108a2c179e5db1f4dcde5e49aeef1e73ed28248741fd,16384
20262541,192,moe,docs/research/figures/ws25-v1fix-formal-cdf/seed20262541-b192-moe-fct-cdf.svg,conweave,20261004-070000-ws25-formal-s41-b192-conweave,5dd598861b1943b82097199f88982a3d89bf69331e0246895d245c7a8082e56e,02d897e1729a987999ba15cb9b2ecf463a99ce5202af470508074f891e8d030e,16384
20262541,192,moe,docs/research/figures/ws25-v1fix-formal-cdf/seed20262541-b192-moe-fct-cdf.svg,classreserve,20261004-070000-ws25-formal-s41-b192-classreserve,5dd598861b1943b82097199f88982a3d89bf69331e0246895d245c7a8082e56e,3bf5d76dd04fb3f45ce5d890728ef118fd39ce5cf1528e112d816ba3e80caa5c,16384
20262541,192,background,docs/research/figures/ws25-v1fix-formal-cdf/seed20262541-b192-background-fct-cdf.svg,fecmp,20261004-070000-ws25-formal-s41-b192-fecmp,5dd598861b1943b82097199f88982a3d89bf69331e0246895d245c7a8082e56e,9cad8b508f17edc70983531b4196671c0642265dc1de272f105e2d6f04bc8f95,192
20262541,192,background,docs/research/figures/ws25-v1fix-formal-cdf/seed20262541-b192-background-fct-cdf.svg,drill,20261004-070000-ws25-formal-s41-b192-drill,5dd598861b1943b82097199f88982a3d89bf69331e0246895d245c7a8082e56e,e8f1d28deae4b60e268abf67406984f31a1c3e28cb4f078327f60adbcf08b16e,192
20262541,192,background,docs/research/figures/ws25-v1fix-formal-cdf/seed20262541-b192-background-fct-cdf.svg,conga,20261004-070000-ws25-formal-s41-b192-conga,5dd598861b1943b82097199f88982a3d89bf69331e0246895d245c7a8082e56e,3c36d211bf897fef5ef81bcb83e46b33eada566ea00a64f7ae82f059ffb1b7cc,192
20262541,192,background,docs/research/figures/ws25-v1fix-formal-cdf/seed20262541-b192-background-fct-cdf.svg,letflow,20261004-070000-ws25-formal-s41-b192-letflow,5dd598861b1943b82097199f88982a3d89bf69331e0246895d245c7a8082e56e,bffc326b1f6d02f67124108a2c179e5db1f4dcde5e49aeef1e73ed28248741fd,192
20262541,192,background,docs/research/figures/ws25-v1fix-formal-cdf/seed20262541-b192-background-fct-cdf.svg,conweave,20261004-070000-ws25-formal-s41-b192-conweave,5dd598861b1943b82097199f88982a3d89bf69331e0246895d245c7a8082e56e,02d897e1729a987999ba15cb9b2ecf463a99ce5202af470508074f891e8d030e,192
20262541,192,background,docs/research/figures/ws25-v1fix-formal-cdf/seed20262541-b192-background-fct-cdf.svg,classreserve,20261004-070000-ws25-formal-s41-b192-classreserve,5dd598861b1943b82097199f88982a3d89bf69331e0246895d245c7a8082e56e,3bf5d76dd04fb3f45ce5d890728ef118fd39ce5cf1528e112d816ba3e80caa5c,192
20262542,0,moe,docs/research/figures/ws25-v1fix-formal-cdf/seed20262542-b000-moe-fct-cdf.svg,fecmp,20261004-070000-ws25-formal-s42-b000-fecmp,74df5eef42b910a02c63a5af2427179722f1b5d4c6c3ad4b1ae648aa876558bd,d4cb59e5b4caa5dbcc34d2e2c7681bafec4bc505dddd7cd65a004f07cebe5c73,16384
20262542,0,moe,docs/research/figures/ws25-v1fix-formal-cdf/seed20262542-b000-moe-fct-cdf.svg,drill,20261004-070000-ws25-formal-s42-b000-drill,74df5eef42b910a02c63a5af2427179722f1b5d4c6c3ad4b1ae648aa876558bd,29d487b35cab509ccb2e9726e764b49bc81b020896513315d9b06110f3b3f372,16384
20262542,0,moe,docs/research/figures/ws25-v1fix-formal-cdf/seed20262542-b000-moe-fct-cdf.svg,conga,20261004-070000-ws25-formal-s42-b000-conga,74df5eef42b910a02c63a5af2427179722f1b5d4c6c3ad4b1ae648aa876558bd,114aa03e6bb7c043326a0d01100561da79f4c3306fd8e5997a697491b6759677,16384
20262542,0,moe,docs/research/figures/ws25-v1fix-formal-cdf/seed20262542-b000-moe-fct-cdf.svg,letflow,20261004-070000-ws25-formal-s42-b000-letflow,74df5eef42b910a02c63a5af2427179722f1b5d4c6c3ad4b1ae648aa876558bd,62903fbd17328279b13526962bd0cf53d2c96089561e662e9f3fb812eb4fe37f,16384
20262542,0,moe,docs/research/figures/ws25-v1fix-formal-cdf/seed20262542-b000-moe-fct-cdf.svg,conweave,20261004-070000-ws25-formal-s42-b000-conweave,74df5eef42b910a02c63a5af2427179722f1b5d4c6c3ad4b1ae648aa876558bd,80db0da8c62bb552dd19ac6c01ab0ed7169ca71d0673e8a13cceac6a58e66603,16384
20262542,0,moe,docs/research/figures/ws25-v1fix-formal-cdf/seed20262542-b000-moe-fct-cdf.svg,classreserve,20261004-070000-ws25-formal-s42-b000-classreserve,74df5eef42b910a02c63a5af2427179722f1b5d4c6c3ad4b1ae648aa876558bd,8fffdc1289e3cc110a9516e25602dc4417e792c075f9f16e3783691c568ff65b,16384
20262542,64,moe,docs/research/figures/ws25-v1fix-formal-cdf/seed20262542-b064-moe-fct-cdf.svg,fecmp,20261004-070000-ws25-formal-s42-b064-fecmp,da76052135768cf5374209c11c7a34b33bb6747360166dc78077f540557af7f9,2f378b5a153dd3d904c8e847a18a03f1c18a27e1f61d01ff455d55326316fe54,16384
20262542,64,moe,docs/research/figures/ws25-v1fix-formal-cdf/seed20262542-b064-moe-fct-cdf.svg,drill,20261004-070000-ws25-formal-s42-b064-drill,da76052135768cf5374209c11c7a34b33bb6747360166dc78077f540557af7f9,9e74af6260105360afab3a21d6ca97c3d6eb6992455e6e4f59d2ca8c5da134f2,16384
20262542,64,moe,docs/research/figures/ws25-v1fix-formal-cdf/seed20262542-b064-moe-fct-cdf.svg,conga,20261004-070000-ws25-formal-s42-b064-conga,da76052135768cf5374209c11c7a34b33bb6747360166dc78077f540557af7f9,97a4e952f235e2e1038a7e7bf745f23a93ab2b3264a2ce3dbdc5dfb3bc701b57,16384
20262542,64,moe,docs/research/figures/ws25-v1fix-formal-cdf/seed20262542-b064-moe-fct-cdf.svg,letflow,20261004-070000-ws25-formal-s42-b064-letflow,da76052135768cf5374209c11c7a34b33bb6747360166dc78077f540557af7f9,5e273361a66ad916c71fe2d7b0304a6f17d03ea5ab6919bd58c95b009eb1c1df,16384
20262542,64,moe,docs/research/figures/ws25-v1fix-formal-cdf/seed20262542-b064-moe-fct-cdf.svg,conweave,20261004-070000-ws25-formal-s42-b064-conweave,da76052135768cf5374209c11c7a34b33bb6747360166dc78077f540557af7f9,2f8d1771af89e3e38e4280ae1e94397857c5769f0464bbeec2b80d06e5a7d741,16384
20262542,64,moe,docs/research/figures/ws25-v1fix-formal-cdf/seed20262542-b064-moe-fct-cdf.svg,classreserve,20261004-070000-ws25-formal-s42-b064-classreserve,da76052135768cf5374209c11c7a34b33bb6747360166dc78077f540557af7f9,e81dfd4f97f7a79636cd83a2292367ee0bb908c96b723e3fb8b3532d66af6e95,16384
20262542,64,background,docs/research/figures/ws25-v1fix-formal-cdf/seed20262542-b064-background-fct-cdf.svg,fecmp,20261004-070000-ws25-formal-s42-b064-fecmp,da76052135768cf5374209c11c7a34b33bb6747360166dc78077f540557af7f9,2f378b5a153dd3d904c8e847a18a03f1c18a27e1f61d01ff455d55326316fe54,64
20262542,64,background,docs/research/figures/ws25-v1fix-formal-cdf/seed20262542-b064-background-fct-cdf.svg,drill,20261004-070000-ws25-formal-s42-b064-drill,da76052135768cf5374209c11c7a34b33bb6747360166dc78077f540557af7f9,9e74af6260105360afab3a21d6ca97c3d6eb6992455e6e4f59d2ca8c5da134f2,64
20262542,64,background,docs/research/figures/ws25-v1fix-formal-cdf/seed20262542-b064-background-fct-cdf.svg,conga,20261004-070000-ws25-formal-s42-b064-conga,da76052135768cf5374209c11c7a34b33bb6747360166dc78077f540557af7f9,97a4e952f235e2e1038a7e7bf745f23a93ab2b3264a2ce3dbdc5dfb3bc701b57,64
20262542,64,background,docs/research/figures/ws25-v1fix-formal-cdf/seed20262542-b064-background-fct-cdf.svg,letflow,20261004-070000-ws25-formal-s42-b064-letflow,da76052135768cf5374209c11c7a34b33bb6747360166dc78077f540557af7f9,5e273361a66ad916c71fe2d7b0304a6f17d03ea5ab6919bd58c95b009eb1c1df,64
20262542,64,background,docs/research/figures/ws25-v1fix-formal-cdf/seed20262542-b064-background-fct-cdf.svg,conweave,20261004-070000-ws25-formal-s42-b064-conweave,da76052135768cf5374209c11c7a34b33bb6747360166dc78077f540557af7f9,2f8d1771af89e3e38e4280ae1e94397857c5769f0464bbeec2b80d06e5a7d741,64
20262542,64,background,docs/research/figures/ws25-v1fix-formal-cdf/seed20262542-b064-background-fct-cdf.svg,classreserve,20261004-070000-ws25-formal-s42-b064-classreserve,da76052135768cf5374209c11c7a34b33bb6747360166dc78077f540557af7f9,e81dfd4f97f7a79636cd83a2292367ee0bb908c96b723e3fb8b3532d66af6e95,64
20262542,128,moe,docs/research/figures/ws25-v1fix-formal-cdf/seed20262542-b128-moe-fct-cdf.svg,fecmp,20261004-070000-ws25-formal-s42-b128-fecmp,bef1be4c558114b9e93bcbbdc07b8eb9a94249586af6e351b91db0df500ae6a9,9755bb8ea1ce32a4cea3fe6ea61738b140b0aa0be7af184836bb213540351bfe,16384
20262542,128,moe,docs/research/figures/ws25-v1fix-formal-cdf/seed20262542-b128-moe-fct-cdf.svg,drill,20261004-070000-ws25-formal-s42-b128-drill,bef1be4c558114b9e93bcbbdc07b8eb9a94249586af6e351b91db0df500ae6a9,c61810b636fce33c82e6d12601779f5ac1b4dc3e7421051401aa2ce373b906e8,16384
20262542,128,moe,docs/research/figures/ws25-v1fix-formal-cdf/seed20262542-b128-moe-fct-cdf.svg,conga,20261004-070000-ws25-formal-s42-b128-conga,bef1be4c558114b9e93bcbbdc07b8eb9a94249586af6e351b91db0df500ae6a9,6a9ac2b672e95586ff2b8df29af77128912aa649cc9aabc0c82f0f990ca24e59,16384
20262542,128,moe,docs/research/figures/ws25-v1fix-formal-cdf/seed20262542-b128-moe-fct-cdf.svg,letflow,20261004-070000-ws25-formal-s42-b128-letflow,bef1be4c558114b9e93bcbbdc07b8eb9a94249586af6e351b91db0df500ae6a9,87bdbfd04e656549655cac59c8d441f1405bb3707861ad92930c4925a01ccc96,16384
20262542,128,moe,docs/research/figures/ws25-v1fix-formal-cdf/seed20262542-b128-moe-fct-cdf.svg,conweave,20261004-070000-ws25-formal-s42-b128-conweave,bef1be4c558114b9e93bcbbdc07b8eb9a94249586af6e351b91db0df500ae6a9,5d13d3f5b5928bebaa2e03f7827c77e7bd2f8041b33dec7c682dee02071876b9,16384
20262542,128,moe,docs/research/figures/ws25-v1fix-formal-cdf/seed20262542-b128-moe-fct-cdf.svg,classreserve,20261004-070000-ws25-formal-s42-b128-classreserve,bef1be4c558114b9e93bcbbdc07b8eb9a94249586af6e351b91db0df500ae6a9,00e5732600dcb75880c0b875b748a434169269d015ec18dcce0fe379cb2659c0,16384
20262542,128,background,docs/research/figures/ws25-v1fix-formal-cdf/seed20262542-b128-background-fct-cdf.svg,fecmp,20261004-070000-ws25-formal-s42-b128-fecmp,bef1be4c558114b9e93bcbbdc07b8eb9a94249586af6e351b91db0df500ae6a9,9755bb8ea1ce32a4cea3fe6ea61738b140b0aa0be7af184836bb213540351bfe,128
20262542,128,background,docs/research/figures/ws25-v1fix-formal-cdf/seed20262542-b128-background-fct-cdf.svg,drill,20261004-070000-ws25-formal-s42-b128-drill,bef1be4c558114b9e93bcbbdc07b8eb9a94249586af6e351b91db0df500ae6a9,c61810b636fce33c82e6d12601779f5ac1b4dc3e7421051401aa2ce373b906e8,128
20262542,128,background,docs/research/figures/ws25-v1fix-formal-cdf/seed20262542-b128-background-fct-cdf.svg,conga,20261004-070000-ws25-formal-s42-b128-conga,bef1be4c558114b9e93bcbbdc07b8eb9a94249586af6e351b91db0df500ae6a9,6a9ac2b672e95586ff2b8df29af77128912aa649cc9aabc0c82f0f990ca24e59,128
20262542,128,background,docs/research/figures/ws25-v1fix-formal-cdf/seed20262542-b128-background-fct-cdf.svg,letflow,20261004-070000-ws25-formal-s42-b128-letflow,bef1be4c558114b9e93bcbbdc07b8eb9a94249586af6e351b91db0df500ae6a9,87bdbfd04e656549655cac59c8d441f1405bb3707861ad92930c4925a01ccc96,128
20262542,128,background,docs/research/figures/ws25-v1fix-formal-cdf/seed20262542-b128-background-fct-cdf.svg,conweave,20261004-070000-ws25-formal-s42-b128-conweave,bef1be4c558114b9e93bcbbdc07b8eb9a94249586af6e351b91db0df500ae6a9,5d13d3f5b5928bebaa2e03f7827c77e7bd2f8041b33dec7c682dee02071876b9,128
20262542,128,background,docs/research/figures/ws25-v1fix-formal-cdf/seed20262542-b128-background-fct-cdf.svg,classreserve,20261004-070000-ws25-formal-s42-b128-classreserve,bef1be4c558114b9e93bcbbdc07b8eb9a94249586af6e351b91db0df500ae6a9,00e5732600dcb75880c0b875b748a434169269d015ec18dcce0fe379cb2659c0,128
20262542,192,moe,docs/research/figures/ws25-v1fix-formal-cdf/seed20262542-b192-moe-fct-cdf.svg,fecmp,20261004-070000-ws25-formal-s42-b192-fecmp,2a2d5b971bbe902891f5df2c505a7bd055a97b28e59307941f4498f0610687d2,09f9cd188f60a5b160bb6948c186e5960615b21f85ac432404e68b598158960b,16384
20262542,192,moe,docs/research/figures/ws25-v1fix-formal-cdf/seed20262542-b192-moe-fct-cdf.svg,drill,20261004-070000-ws25-formal-s42-b192-drill,2a2d5b971bbe902891f5df2c505a7bd055a97b28e59307941f4498f0610687d2,42becdb97712f5a5d3ba333c17552b8cf43d70dcc1f322d788fd689d445a100c,16384
20262542,192,moe,docs/research/figures/ws25-v1fix-formal-cdf/seed20262542-b192-moe-fct-cdf.svg,conga,20261004-070000-ws25-formal-s42-b192-conga,2a2d5b971bbe902891f5df2c505a7bd055a97b28e59307941f4498f0610687d2,14a06a078abb8228d4b16d7b75a4b43f07c9d055c85bf65108deaca5b52d9854,16384
20262542,192,moe,docs/research/figures/ws25-v1fix-formal-cdf/seed20262542-b192-moe-fct-cdf.svg,letflow,20261004-070000-ws25-formal-s42-b192-letflow,2a2d5b971bbe902891f5df2c505a7bd055a97b28e59307941f4498f0610687d2,b36f2512f5f4609d1c9d85ebc9134329847e71f799c4f143d325300fd85aab93,16384
20262542,192,moe,docs/research/figures/ws25-v1fix-formal-cdf/seed20262542-b192-moe-fct-cdf.svg,conweave,20261004-070000-ws25-formal-s42-b192-conweave,2a2d5b971bbe902891f5df2c505a7bd055a97b28e59307941f4498f0610687d2,fc0144485c2522944c91c0a60e0b3a8b262c879473a1d8b5f74829a73f393e25,16384
20262542,192,moe,docs/research/figures/ws25-v1fix-formal-cdf/seed20262542-b192-moe-fct-cdf.svg,classreserve,20261004-070000-ws25-formal-s42-b192-classreserve,2a2d5b971bbe902891f5df2c505a7bd055a97b28e59307941f4498f0610687d2,dd0a3971f6d4cdf4e233b0c8b6da2cfec6f335f67c6e110bc7a9a7e6cd64777e,16384
20262542,192,background,docs/research/figures/ws25-v1fix-formal-cdf/seed20262542-b192-background-fct-cdf.svg,fecmp,20261004-070000-ws25-formal-s42-b192-fecmp,2a2d5b971bbe902891f5df2c505a7bd055a97b28e59307941f4498f0610687d2,09f9cd188f60a5b160bb6948c186e5960615b21f85ac432404e68b598158960b,192
20262542,192,background,docs/research/figures/ws25-v1fix-formal-cdf/seed20262542-b192-background-fct-cdf.svg,drill,20261004-070000-ws25-formal-s42-b192-drill,2a2d5b971bbe902891f5df2c505a7bd055a97b28e59307941f4498f0610687d2,42becdb97712f5a5d3ba333c17552b8cf43d70dcc1f322d788fd689d445a100c,192
20262542,192,background,docs/research/figures/ws25-v1fix-formal-cdf/seed20262542-b192-background-fct-cdf.svg,conga,20261004-070000-ws25-formal-s42-b192-conga,2a2d5b971bbe902891f5df2c505a7bd055a97b28e59307941f4498f0610687d2,14a06a078abb8228d4b16d7b75a4b43f07c9d055c85bf65108deaca5b52d9854,192
20262542,192,background,docs/research/figures/ws25-v1fix-formal-cdf/seed20262542-b192-background-fct-cdf.svg,letflow,20261004-070000-ws25-formal-s42-b192-letflow,2a2d5b971bbe902891f5df2c505a7bd055a97b28e59307941f4498f0610687d2,b36f2512f5f4609d1c9d85ebc9134329847e71f799c4f143d325300fd85aab93,192
20262542,192,background,docs/research/figures/ws25-v1fix-formal-cdf/seed20262542-b192-background-fct-cdf.svg,conweave,20261004-070000-ws25-formal-s42-b192-conweave,2a2d5b971bbe902891f5df2c505a7bd055a97b28e59307941f4498f0610687d2,fc0144485c2522944c91c0a60e0b3a8b262c879473a1d8b5f74829a73f393e25,192
20262542,192,background,docs/research/figures/ws25-v1fix-formal-cdf/seed20262542-b192-background-fct-cdf.svg,classreserve,20261004-070000-ws25-formal-s42-b192-classreserve,2a2d5b971bbe902891f5df2c505a7bd055a97b28e59307941f4498f0610687d2,dd0a3971f6d4cdf4e233b0c8b6da2cfec6f335f67c6e110bc7a9a7e6cd64777e,192
20262543,0,moe,docs/research/figures/ws25-v1fix-formal-cdf/seed20262543-b000-moe-fct-cdf.svg,fecmp,20261004-070000-ws25-formal-s43-b000-fecmp,10cecec3d8314c0663d083c7280344fba9f1263fe2d3a78bac625ae5c805fb86,19a2a5ff24aebc99bdb8b1fd48f9a6ce0bdb6b47f5baef57bd5ec713b122a5a3,16384
20262543,0,moe,docs/research/figures/ws25-v1fix-formal-cdf/seed20262543-b000-moe-fct-cdf.svg,drill,20261004-070000-ws25-formal-s43-b000-drill,10cecec3d8314c0663d083c7280344fba9f1263fe2d3a78bac625ae5c805fb86,868ff1ada2742950a0013a928a5db8ce2215ab6ab6e71115c32220f071c1e54e,16384
20262543,0,moe,docs/research/figures/ws25-v1fix-formal-cdf/seed20262543-b000-moe-fct-cdf.svg,conga,20261004-070000-ws25-formal-s43-b000-conga,10cecec3d8314c0663d083c7280344fba9f1263fe2d3a78bac625ae5c805fb86,4c0bbc5d916e149ceeb4eccb76cf0bef51711f77c5621a8139829915e7f89e14,16384
20262543,0,moe,docs/research/figures/ws25-v1fix-formal-cdf/seed20262543-b000-moe-fct-cdf.svg,letflow,20261004-070000-ws25-formal-s43-b000-letflow,10cecec3d8314c0663d083c7280344fba9f1263fe2d3a78bac625ae5c805fb86,d024d50c954fc77d28c56137574864e79eb834c6b12234b3cba2e54096433d28,16384
20262543,0,moe,docs/research/figures/ws25-v1fix-formal-cdf/seed20262543-b000-moe-fct-cdf.svg,conweave,20261004-070000-ws25-formal-s43-b000-conweave,10cecec3d8314c0663d083c7280344fba9f1263fe2d3a78bac625ae5c805fb86,04fe203da7c22e112670ae1344f08383bf4c5f38efb9828e23247a5de55b3a8a,16384
20262543,0,moe,docs/research/figures/ws25-v1fix-formal-cdf/seed20262543-b000-moe-fct-cdf.svg,classreserve,20261004-070000-ws25-formal-s43-b000-classreserve,10cecec3d8314c0663d083c7280344fba9f1263fe2d3a78bac625ae5c805fb86,72e3fb075d116260cf4a833154637066b7b76b2a5a2424a806acd0234311eeb0,16384
20262543,64,moe,docs/research/figures/ws25-v1fix-formal-cdf/seed20262543-b064-moe-fct-cdf.svg,fecmp,20261004-070000-ws25-formal-s43-b064-fecmp,035228c6e0e5c235e31200d70ab413c1a587f8301437d8e6f180756a264d12aa,2447c24415711a30e025a04df23319ad36871061ea40d312775a92617e793cb8,16384
20262543,64,moe,docs/research/figures/ws25-v1fix-formal-cdf/seed20262543-b064-moe-fct-cdf.svg,drill,20261004-070000-ws25-formal-s43-b064-drill,035228c6e0e5c235e31200d70ab413c1a587f8301437d8e6f180756a264d12aa,4559f64706c95d62d76713cfe8fd837191c55bd71d57c467b51a005bf2e22c46,16384
20262543,64,moe,docs/research/figures/ws25-v1fix-formal-cdf/seed20262543-b064-moe-fct-cdf.svg,conga,20261004-070000-ws25-formal-s43-b064-conga,035228c6e0e5c235e31200d70ab413c1a587f8301437d8e6f180756a264d12aa,293cca55155175945863c124b84aa13d0b0f211acf7176d916ea83e1bc177e45,16384
20262543,64,moe,docs/research/figures/ws25-v1fix-formal-cdf/seed20262543-b064-moe-fct-cdf.svg,letflow,20261004-070000-ws25-formal-s43-b064-letflow,035228c6e0e5c235e31200d70ab413c1a587f8301437d8e6f180756a264d12aa,7b81ecaa9744bcb2e26698781a123bc0250d085fa65d67d5861281429f423419,16384
20262543,64,moe,docs/research/figures/ws25-v1fix-formal-cdf/seed20262543-b064-moe-fct-cdf.svg,conweave,20261004-070000-ws25-formal-s43-b064-conweave,035228c6e0e5c235e31200d70ab413c1a587f8301437d8e6f180756a264d12aa,5a01c21e33d4c7c7e1dd452406fe16fbe1474c80c7baa93ca44acf9f7727b0e4,16384
20262543,64,moe,docs/research/figures/ws25-v1fix-formal-cdf/seed20262543-b064-moe-fct-cdf.svg,classreserve,20261004-070000-ws25-formal-s43-b064-classreserve,035228c6e0e5c235e31200d70ab413c1a587f8301437d8e6f180756a264d12aa,02bbd3324a22a9a1cb128efb0bf4f8a9319bb068f7f21ed2797902ed35a2980c,16384
20262543,64,background,docs/research/figures/ws25-v1fix-formal-cdf/seed20262543-b064-background-fct-cdf.svg,fecmp,20261004-070000-ws25-formal-s43-b064-fecmp,035228c6e0e5c235e31200d70ab413c1a587f8301437d8e6f180756a264d12aa,2447c24415711a30e025a04df23319ad36871061ea40d312775a92617e793cb8,64
20262543,64,background,docs/research/figures/ws25-v1fix-formal-cdf/seed20262543-b064-background-fct-cdf.svg,drill,20261004-070000-ws25-formal-s43-b064-drill,035228c6e0e5c235e31200d70ab413c1a587f8301437d8e6f180756a264d12aa,4559f64706c95d62d76713cfe8fd837191c55bd71d57c467b51a005bf2e22c46,64
20262543,64,background,docs/research/figures/ws25-v1fix-formal-cdf/seed20262543-b064-background-fct-cdf.svg,conga,20261004-070000-ws25-formal-s43-b064-conga,035228c6e0e5c235e31200d70ab413c1a587f8301437d8e6f180756a264d12aa,293cca55155175945863c124b84aa13d0b0f211acf7176d916ea83e1bc177e45,64
20262543,64,background,docs/research/figures/ws25-v1fix-formal-cdf/seed20262543-b064-background-fct-cdf.svg,letflow,20261004-070000-ws25-formal-s43-b064-letflow,035228c6e0e5c235e31200d70ab413c1a587f8301437d8e6f180756a264d12aa,7b81ecaa9744bcb2e26698781a123bc0250d085fa65d67d5861281429f423419,64
20262543,64,background,docs/research/figures/ws25-v1fix-formal-cdf/seed20262543-b064-background-fct-cdf.svg,conweave,20261004-070000-ws25-formal-s43-b064-conweave,035228c6e0e5c235e31200d70ab413c1a587f8301437d8e6f180756a264d12aa,5a01c21e33d4c7c7e1dd452406fe16fbe1474c80c7baa93ca44acf9f7727b0e4,64
20262543,64,background,docs/research/figures/ws25-v1fix-formal-cdf/seed20262543-b064-background-fct-cdf.svg,classreserve,20261004-070000-ws25-formal-s43-b064-classreserve,035228c6e0e5c235e31200d70ab413c1a587f8301437d8e6f180756a264d12aa,02bbd3324a22a9a1cb128efb0bf4f8a9319bb068f7f21ed2797902ed35a2980c,64
20262543,128,moe,docs/research/figures/ws25-v1fix-formal-cdf/seed20262543-b128-moe-fct-cdf.svg,fecmp,20261004-070000-ws25-formal-s43-b128-fecmp,502d4690ede4e96069534d392a35b9f3527f1429ced3717066c0b270b4b2d7da,3035e72db82a364c21ce93e800a122e5e6d3d097dc7810202ec6192b307db000,16384
20262543,128,moe,docs/research/figures/ws25-v1fix-formal-cdf/seed20262543-b128-moe-fct-cdf.svg,drill,20261004-070000-ws25-formal-s43-b128-drill,502d4690ede4e96069534d392a35b9f3527f1429ced3717066c0b270b4b2d7da,7930aa484a8d926a5af57cecdd74d028d00605ff37c045a0a0c62eee7fb6e4f2,16384
20262543,128,moe,docs/research/figures/ws25-v1fix-formal-cdf/seed20262543-b128-moe-fct-cdf.svg,conga,20261004-070000-ws25-formal-s43-b128-conga,502d4690ede4e96069534d392a35b9f3527f1429ced3717066c0b270b4b2d7da,130c6c9d6769bdbf330fcc56db5d2169e1804971c8e15e1342002e87c8deceb7,16384
20262543,128,moe,docs/research/figures/ws25-v1fix-formal-cdf/seed20262543-b128-moe-fct-cdf.svg,letflow,20261004-070000-ws25-formal-s43-b128-letflow,502d4690ede4e96069534d392a35b9f3527f1429ced3717066c0b270b4b2d7da,bfb77cb5c21453e938c13ac8a10bbdbab49649df1ed89024ee6ac9953f5e1ee1,16384
20262543,128,moe,docs/research/figures/ws25-v1fix-formal-cdf/seed20262543-b128-moe-fct-cdf.svg,conweave,20261004-070000-ws25-formal-s43-b128-conweave,502d4690ede4e96069534d392a35b9f3527f1429ced3717066c0b270b4b2d7da,dbe5be7b4f8b5faa61cd212a0bd8f37aa4b48ca1192150fee0c507db60fbe754,16384
20262543,128,moe,docs/research/figures/ws25-v1fix-formal-cdf/seed20262543-b128-moe-fct-cdf.svg,classreserve,20261004-070000-ws25-formal-s43-b128-classreserve,502d4690ede4e96069534d392a35b9f3527f1429ced3717066c0b270b4b2d7da,7977ffa8885804df93f9f102ec8024866faae75546fe773a345b014bcf2d8a32,16384
20262543,128,background,docs/research/figures/ws25-v1fix-formal-cdf/seed20262543-b128-background-fct-cdf.svg,fecmp,20261004-070000-ws25-formal-s43-b128-fecmp,502d4690ede4e96069534d392a35b9f3527f1429ced3717066c0b270b4b2d7da,3035e72db82a364c21ce93e800a122e5e6d3d097dc7810202ec6192b307db000,128
20262543,128,background,docs/research/figures/ws25-v1fix-formal-cdf/seed20262543-b128-background-fct-cdf.svg,drill,20261004-070000-ws25-formal-s43-b128-drill,502d4690ede4e96069534d392a35b9f3527f1429ced3717066c0b270b4b2d7da,7930aa484a8d926a5af57cecdd74d028d00605ff37c045a0a0c62eee7fb6e4f2,128
20262543,128,background,docs/research/figures/ws25-v1fix-formal-cdf/seed20262543-b128-background-fct-cdf.svg,conga,20261004-070000-ws25-formal-s43-b128-conga,502d4690ede4e96069534d392a35b9f3527f1429ced3717066c0b270b4b2d7da,130c6c9d6769bdbf330fcc56db5d2169e1804971c8e15e1342002e87c8deceb7,128
20262543,128,background,docs/research/figures/ws25-v1fix-formal-cdf/seed20262543-b128-background-fct-cdf.svg,letflow,20261004-070000-ws25-formal-s43-b128-letflow,502d4690ede4e96069534d392a35b9f3527f1429ced3717066c0b270b4b2d7da,bfb77cb5c21453e938c13ac8a10bbdbab49649df1ed89024ee6ac9953f5e1ee1,128
20262543,128,background,docs/research/figures/ws25-v1fix-formal-cdf/seed20262543-b128-background-fct-cdf.svg,conweave,20261004-070000-ws25-formal-s43-b128-conweave,502d4690ede4e96069534d392a35b9f3527f1429ced3717066c0b270b4b2d7da,dbe5be7b4f8b5faa61cd212a0bd8f37aa4b48ca1192150fee0c507db60fbe754,128
20262543,128,background,docs/research/figures/ws25-v1fix-formal-cdf/seed20262543-b128-background-fct-cdf.svg,classreserve,20261004-070000-ws25-formal-s43-b128-classreserve,502d4690ede4e96069534d392a35b9f3527f1429ced3717066c0b270b4b2d7da,7977ffa8885804df93f9f102ec8024866faae75546fe773a345b014bcf2d8a32,128
20262543,192,moe,docs/research/figures/ws25-v1fix-formal-cdf/seed20262543-b192-moe-fct-cdf.svg,fecmp,20261004-070000-ws25-formal-s43-b192-fecmp,6ae698084037c856c78f020e9f21684e93f8a055a75623f52324db13dd63e1ff,bbe4d23f0de0cbc59853dd8c983362d4517439d16716093454d94802098a70c8,16384
20262543,192,moe,docs/research/figures/ws25-v1fix-formal-cdf/seed20262543-b192-moe-fct-cdf.svg,drill,20261004-070000-ws25-formal-s43-b192-drill,6ae698084037c856c78f020e9f21684e93f8a055a75623f52324db13dd63e1ff,0d8f7dea8559da8568cc3886c88d19f678ad8dd5d748392e229e45bf8ed3df1f,16384
20262543,192,moe,docs/research/figures/ws25-v1fix-formal-cdf/seed20262543-b192-moe-fct-cdf.svg,conga,20261004-070000-ws25-formal-s43-b192-conga,6ae698084037c856c78f020e9f21684e93f8a055a75623f52324db13dd63e1ff,96527020223e6c95d4f09495c3b23ca6e153d46c31235429359efca249bd9d5e,16384
20262543,192,moe,docs/research/figures/ws25-v1fix-formal-cdf/seed20262543-b192-moe-fct-cdf.svg,letflow,20261004-070000-ws25-formal-s43-b192-letflow,6ae698084037c856c78f020e9f21684e93f8a055a75623f52324db13dd63e1ff,1e80caef90ef804518eb36b6b3fa6dd69b5281f3b5d664d3c2451d77a011b43e,16384
20262543,192,moe,docs/research/figures/ws25-v1fix-formal-cdf/seed20262543-b192-moe-fct-cdf.svg,conweave,20261004-070000-ws25-formal-s43-b192-conweave,6ae698084037c856c78f020e9f21684e93f8a055a75623f52324db13dd63e1ff,1b90b5bc2bf2aee74e13446b3ffd0f08711abbcda0765fcea0652b6a122c0968,16384
20262543,192,moe,docs/research/figures/ws25-v1fix-formal-cdf/seed20262543-b192-moe-fct-cdf.svg,classreserve,20261004-070000-ws25-formal-s43-b192-classreserve,6ae698084037c856c78f020e9f21684e93f8a055a75623f52324db13dd63e1ff,356bfc6d4dd33a64886bd176eeb22ca818986434cebf6b4ce83415a264fe73fa,16384
20262543,192,background,docs/research/figures/ws25-v1fix-formal-cdf/seed20262543-b192-background-fct-cdf.svg,fecmp,20261004-070000-ws25-formal-s43-b192-fecmp,6ae698084037c856c78f020e9f21684e93f8a055a75623f52324db13dd63e1ff,bbe4d23f0de0cbc59853dd8c983362d4517439d16716093454d94802098a70c8,192
20262543,192,background,docs/research/figures/ws25-v1fix-formal-cdf/seed20262543-b192-background-fct-cdf.svg,drill,20261004-070000-ws25-formal-s43-b192-drill,6ae698084037c856c78f020e9f21684e93f8a055a75623f52324db13dd63e1ff,0d8f7dea8559da8568cc3886c88d19f678ad8dd5d748392e229e45bf8ed3df1f,192
20262543,192,background,docs/research/figures/ws25-v1fix-formal-cdf/seed20262543-b192-background-fct-cdf.svg,conga,20261004-070000-ws25-formal-s43-b192-conga,6ae698084037c856c78f020e9f21684e93f8a055a75623f52324db13dd63e1ff,96527020223e6c95d4f09495c3b23ca6e153d46c31235429359efca249bd9d5e,192
20262543,192,background,docs/research/figures/ws25-v1fix-formal-cdf/seed20262543-b192-background-fct-cdf.svg,letflow,20261004-070000-ws25-formal-s43-b192-letflow,6ae698084037c856c78f020e9f21684e93f8a055a75623f52324db13dd63e1ff,1e80caef90ef804518eb36b6b3fa6dd69b5281f3b5d664d3c2451d77a011b43e,192
20262543,192,background,docs/research/figures/ws25-v1fix-formal-cdf/seed20262543-b192-background-fct-cdf.svg,conweave,20261004-070000-ws25-formal-s43-b192-conweave,6ae698084037c856c78f020e9f21684e93f8a055a75623f52324db13dd63e1ff,1b90b5bc2bf2aee74e13446b3ffd0f08711abbcda0765fcea0652b6a122c0968,192
20262543,192,background,docs/research/figures/ws25-v1fix-formal-cdf/seed20262543-b192-background-fct-cdf.svg,classreserve,20261004-070000-ws25-formal-s43-b192-classreserve,6ae698084037c856c78f020e9f21684e93f8a055a75623f52324db13dd63e1ff,356bfc6d4dd33a64886bd176eeb22ca818986434cebf6b4ce83415a264fe73fa,192
20262544,0,moe,docs/research/figures/ws25-v1fix-formal-cdf/seed20262544-b000-moe-fct-cdf.svg,fecmp,20261004-070000-ws25-formal-s44-b000-fecmp,a40d9d25f2dfa5b8437c1779dc410771bec3f48540d189df43fa603ccd7f71fd,490234ba2f4189c80bb1b5ce91f03cf86603d79d894e92d536b590783aaae3d6,16384
20262544,0,moe,docs/research/figures/ws25-v1fix-formal-cdf/seed20262544-b000-moe-fct-cdf.svg,drill,20261004-070000-ws25-formal-s44-b000-drill,a40d9d25f2dfa5b8437c1779dc410771bec3f48540d189df43fa603ccd7f71fd,8e84c12b7ad9a6670dae6031d3419a2d51016a2e8acb8de53a9cdd9d57e5fd20,16384
20262544,0,moe,docs/research/figures/ws25-v1fix-formal-cdf/seed20262544-b000-moe-fct-cdf.svg,conga,20261004-070000-ws25-formal-s44-b000-conga,a40d9d25f2dfa5b8437c1779dc410771bec3f48540d189df43fa603ccd7f71fd,f7fc3d3641159d76a7ccc24a22dcfa04ccc7b43387d10a4c08246d8c474f8885,16384
20262544,0,moe,docs/research/figures/ws25-v1fix-formal-cdf/seed20262544-b000-moe-fct-cdf.svg,letflow,20261004-070000-ws25-formal-s44-b000-letflow,a40d9d25f2dfa5b8437c1779dc410771bec3f48540d189df43fa603ccd7f71fd,a75c3a14358691c4836a0a71ec617e8ee6d0bfef8b6005bd3e32509c6a16bd3d,16384
20262544,0,moe,docs/research/figures/ws25-v1fix-formal-cdf/seed20262544-b000-moe-fct-cdf.svg,conweave,20261004-070000-ws25-formal-s44-b000-conweave,a40d9d25f2dfa5b8437c1779dc410771bec3f48540d189df43fa603ccd7f71fd,93e7c9e202de7b2d4ede7b765b379807a9cf537107ec8cad733e39d5c8e1478c,16384
20262544,0,moe,docs/research/figures/ws25-v1fix-formal-cdf/seed20262544-b000-moe-fct-cdf.svg,classreserve,20261004-070000-ws25-formal-s44-b000-classreserve,a40d9d25f2dfa5b8437c1779dc410771bec3f48540d189df43fa603ccd7f71fd,1a3aa96233ad86d9502278142cf24f578557047ddc60b8f040b84423dfc6aa68,16384
20262544,64,moe,docs/research/figures/ws25-v1fix-formal-cdf/seed20262544-b064-moe-fct-cdf.svg,fecmp,20261004-070000-ws25-formal-s44-b064-fecmp,3c392c4839891b4134816b613e44d11f42c2ebe0d7aebe77dbafd318d4ea44e6,6b252dabeb7e6ca451e8a185d5a409b4f702c508a32f32a564bfc603c096d6f0,16384
20262544,64,moe,docs/research/figures/ws25-v1fix-formal-cdf/seed20262544-b064-moe-fct-cdf.svg,drill,20261004-070000-ws25-formal-s44-b064-drill,3c392c4839891b4134816b613e44d11f42c2ebe0d7aebe77dbafd318d4ea44e6,ae0880203182a4c3420a004e911c0919ba1aa00d217f3f5cedb82501dfe0511e,16384
20262544,64,moe,docs/research/figures/ws25-v1fix-formal-cdf/seed20262544-b064-moe-fct-cdf.svg,conga,20261004-070000-ws25-formal-s44-b064-conga,3c392c4839891b4134816b613e44d11f42c2ebe0d7aebe77dbafd318d4ea44e6,233c5af2a61f525bfc27762baa82b00f6cf864f87fdadf7c00a40a05eff54b3d,16384
20262544,64,moe,docs/research/figures/ws25-v1fix-formal-cdf/seed20262544-b064-moe-fct-cdf.svg,letflow,20261004-070000-ws25-formal-s44-b064-letflow,3c392c4839891b4134816b613e44d11f42c2ebe0d7aebe77dbafd318d4ea44e6,8f955955dcb67e241b249c354c867be884ca865301484e9811331e68b39d9bf4,16384
20262544,64,moe,docs/research/figures/ws25-v1fix-formal-cdf/seed20262544-b064-moe-fct-cdf.svg,conweave,20261004-070000-ws25-formal-s44-b064-conweave,3c392c4839891b4134816b613e44d11f42c2ebe0d7aebe77dbafd318d4ea44e6,9400b455d928e6c6385be6ab2ffe4f2ee83e1b6f785595d33b0bc48d94f07c86,16384
20262544,64,moe,docs/research/figures/ws25-v1fix-formal-cdf/seed20262544-b064-moe-fct-cdf.svg,classreserve,20261004-070000-ws25-formal-s44-b064-classreserve,3c392c4839891b4134816b613e44d11f42c2ebe0d7aebe77dbafd318d4ea44e6,5fe9598da1f46b45f8684a3af337558f2c3d08576b6f22593d283abb6cb2e6a1,16384
20262544,64,background,docs/research/figures/ws25-v1fix-formal-cdf/seed20262544-b064-background-fct-cdf.svg,fecmp,20261004-070000-ws25-formal-s44-b064-fecmp,3c392c4839891b4134816b613e44d11f42c2ebe0d7aebe77dbafd318d4ea44e6,6b252dabeb7e6ca451e8a185d5a409b4f702c508a32f32a564bfc603c096d6f0,64
20262544,64,background,docs/research/figures/ws25-v1fix-formal-cdf/seed20262544-b064-background-fct-cdf.svg,drill,20261004-070000-ws25-formal-s44-b064-drill,3c392c4839891b4134816b613e44d11f42c2ebe0d7aebe77dbafd318d4ea44e6,ae0880203182a4c3420a004e911c0919ba1aa00d217f3f5cedb82501dfe0511e,64
20262544,64,background,docs/research/figures/ws25-v1fix-formal-cdf/seed20262544-b064-background-fct-cdf.svg,conga,20261004-070000-ws25-formal-s44-b064-conga,3c392c4839891b4134816b613e44d11f42c2ebe0d7aebe77dbafd318d4ea44e6,233c5af2a61f525bfc27762baa82b00f6cf864f87fdadf7c00a40a05eff54b3d,64
20262544,64,background,docs/research/figures/ws25-v1fix-formal-cdf/seed20262544-b064-background-fct-cdf.svg,letflow,20261004-070000-ws25-formal-s44-b064-letflow,3c392c4839891b4134816b613e44d11f42c2ebe0d7aebe77dbafd318d4ea44e6,8f955955dcb67e241b249c354c867be884ca865301484e9811331e68b39d9bf4,64
20262544,64,background,docs/research/figures/ws25-v1fix-formal-cdf/seed20262544-b064-background-fct-cdf.svg,conweave,20261004-070000-ws25-formal-s44-b064-conweave,3c392c4839891b4134816b613e44d11f42c2ebe0d7aebe77dbafd318d4ea44e6,9400b455d928e6c6385be6ab2ffe4f2ee83e1b6f785595d33b0bc48d94f07c86,64
20262544,64,background,docs/research/figures/ws25-v1fix-formal-cdf/seed20262544-b064-background-fct-cdf.svg,classreserve,20261004-070000-ws25-formal-s44-b064-classreserve,3c392c4839891b4134816b613e44d11f42c2ebe0d7aebe77dbafd318d4ea44e6,5fe9598da1f46b45f8684a3af337558f2c3d08576b6f22593d283abb6cb2e6a1,64
20262544,128,moe,docs/research/figures/ws25-v1fix-formal-cdf/seed20262544-b128-moe-fct-cdf.svg,fecmp,20261004-070000-ws25-formal-s44-b128-fecmp,791cfc75cdbc3a28bfc52bcc5207946841f3cdba791df40b578f8c177fb69f84,4897cafe4fd0fef6ab43c9b60d597fe6c15af3de6318b9048055d1675a8dce00,16384
20262544,128,moe,docs/research/figures/ws25-v1fix-formal-cdf/seed20262544-b128-moe-fct-cdf.svg,drill,20261004-070000-ws25-formal-s44-b128-drill,791cfc75cdbc3a28bfc52bcc5207946841f3cdba791df40b578f8c177fb69f84,204ddc32e890a82e8bb9df137a57c4dc662c5dc568b4adea0b04a2b022b3d0a1,16384
20262544,128,moe,docs/research/figures/ws25-v1fix-formal-cdf/seed20262544-b128-moe-fct-cdf.svg,conga,20261004-070000-ws25-formal-s44-b128-conga,791cfc75cdbc3a28bfc52bcc5207946841f3cdba791df40b578f8c177fb69f84,453fe6226870dceeda21d31c5d25d17179bcd2d4c9d6b5f017d6e94cdb1c7b26,16384
20262544,128,moe,docs/research/figures/ws25-v1fix-formal-cdf/seed20262544-b128-moe-fct-cdf.svg,letflow,20261004-070000-ws25-formal-s44-b128-letflow,791cfc75cdbc3a28bfc52bcc5207946841f3cdba791df40b578f8c177fb69f84,d261bf9ae970c16fa0b8e273865467c3c74a74796ce3a9994cb5034d23f8fde5,16384
20262544,128,moe,docs/research/figures/ws25-v1fix-formal-cdf/seed20262544-b128-moe-fct-cdf.svg,conweave,20261004-070000-ws25-formal-s44-b128-conweave,791cfc75cdbc3a28bfc52bcc5207946841f3cdba791df40b578f8c177fb69f84,93e3648d1eb2c6dc29af46136f203f627b3840cfc3dd3adb50b5cfbdec57d186,16384
20262544,128,moe,docs/research/figures/ws25-v1fix-formal-cdf/seed20262544-b128-moe-fct-cdf.svg,classreserve,20261004-070000-ws25-formal-s44-b128-classreserve,791cfc75cdbc3a28bfc52bcc5207946841f3cdba791df40b578f8c177fb69f84,db15a8854bd8b06ab4a0f304f490c6f79efe46b57e801071cad503b568ad03fe,16384
20262544,128,background,docs/research/figures/ws25-v1fix-formal-cdf/seed20262544-b128-background-fct-cdf.svg,fecmp,20261004-070000-ws25-formal-s44-b128-fecmp,791cfc75cdbc3a28bfc52bcc5207946841f3cdba791df40b578f8c177fb69f84,4897cafe4fd0fef6ab43c9b60d597fe6c15af3de6318b9048055d1675a8dce00,128
20262544,128,background,docs/research/figures/ws25-v1fix-formal-cdf/seed20262544-b128-background-fct-cdf.svg,drill,20261004-070000-ws25-formal-s44-b128-drill,791cfc75cdbc3a28bfc52bcc5207946841f3cdba791df40b578f8c177fb69f84,204ddc32e890a82e8bb9df137a57c4dc662c5dc568b4adea0b04a2b022b3d0a1,128
20262544,128,background,docs/research/figures/ws25-v1fix-formal-cdf/seed20262544-b128-background-fct-cdf.svg,conga,20261004-070000-ws25-formal-s44-b128-conga,791cfc75cdbc3a28bfc52bcc5207946841f3cdba791df40b578f8c177fb69f84,453fe6226870dceeda21d31c5d25d17179bcd2d4c9d6b5f017d6e94cdb1c7b26,128
20262544,128,background,docs/research/figures/ws25-v1fix-formal-cdf/seed20262544-b128-background-fct-cdf.svg,letflow,20261004-070000-ws25-formal-s44-b128-letflow,791cfc75cdbc3a28bfc52bcc5207946841f3cdba791df40b578f8c177fb69f84,d261bf9ae970c16fa0b8e273865467c3c74a74796ce3a9994cb5034d23f8fde5,128
20262544,128,background,docs/research/figures/ws25-v1fix-formal-cdf/seed20262544-b128-background-fct-cdf.svg,conweave,20261004-070000-ws25-formal-s44-b128-conweave,791cfc75cdbc3a28bfc52bcc5207946841f3cdba791df40b578f8c177fb69f84,93e3648d1eb2c6dc29af46136f203f627b3840cfc3dd3adb50b5cfbdec57d186,128
20262544,128,background,docs/research/figures/ws25-v1fix-formal-cdf/seed20262544-b128-background-fct-cdf.svg,classreserve,20261004-070000-ws25-formal-s44-b128-classreserve,791cfc75cdbc3a28bfc52bcc5207946841f3cdba791df40b578f8c177fb69f84,db15a8854bd8b06ab4a0f304f490c6f79efe46b57e801071cad503b568ad03fe,128
20262544,192,moe,docs/research/figures/ws25-v1fix-formal-cdf/seed20262544-b192-moe-fct-cdf.svg,fecmp,20261004-070000-ws25-formal-s44-b192-fecmp,97cc7003ccf1ffed595e029e1e49757f7f34f11d7c3dbcc385b4ada0c7b818df,0bf41e727b9b079c87e132265969c2f47943792a195a809f346ef4b64973e5c3,16384
20262544,192,moe,docs/research/figures/ws25-v1fix-formal-cdf/seed20262544-b192-moe-fct-cdf.svg,drill,20261004-070000-ws25-formal-s44-b192-drill,97cc7003ccf1ffed595e029e1e49757f7f34f11d7c3dbcc385b4ada0c7b818df,345fe063da47ef0634bc35bf7e966cb01617371a008069159857fb581efee527,16384
20262544,192,moe,docs/research/figures/ws25-v1fix-formal-cdf/seed20262544-b192-moe-fct-cdf.svg,conga,20261004-070000-ws25-formal-s44-b192-conga,97cc7003ccf1ffed595e029e1e49757f7f34f11d7c3dbcc385b4ada0c7b818df,203431fa483ab1140fbbb7a5e3e41662f0e0e7e2dd86082c12645b31947ca18c,16384
20262544,192,moe,docs/research/figures/ws25-v1fix-formal-cdf/seed20262544-b192-moe-fct-cdf.svg,letflow,20261004-070000-ws25-formal-s44-b192-letflow,97cc7003ccf1ffed595e029e1e49757f7f34f11d7c3dbcc385b4ada0c7b818df,8ddb1873602cf13c326e9f208a155a625547c63bbca9634eb73c3d1acdc81c26,16384
20262544,192,moe,docs/research/figures/ws25-v1fix-formal-cdf/seed20262544-b192-moe-fct-cdf.svg,conweave,20261004-070000-ws25-formal-s44-b192-conweave,97cc7003ccf1ffed595e029e1e49757f7f34f11d7c3dbcc385b4ada0c7b818df,2aeebcf558ebc0f125225f8d75058b46cf2b876bb21c835d51eb313fb6bd5a9a,16384
20262544,192,moe,docs/research/figures/ws25-v1fix-formal-cdf/seed20262544-b192-moe-fct-cdf.svg,classreserve,20261004-070000-ws25-formal-s44-b192-classreserve,97cc7003ccf1ffed595e029e1e49757f7f34f11d7c3dbcc385b4ada0c7b818df,a2aa1fc2dcee66d7be9006176f79ffaa46bdad76bcbdace635b93ffeab1ec4a9,16384
20262544,192,background,docs/research/figures/ws25-v1fix-formal-cdf/seed20262544-b192-background-fct-cdf.svg,fecmp,20261004-070000-ws25-formal-s44-b192-fecmp,97cc7003ccf1ffed595e029e1e49757f7f34f11d7c3dbcc385b4ada0c7b818df,0bf41e727b9b079c87e132265969c2f47943792a195a809f346ef4b64973e5c3,192
20262544,192,background,docs/research/figures/ws25-v1fix-formal-cdf/seed20262544-b192-background-fct-cdf.svg,drill,20261004-070000-ws25-formal-s44-b192-drill,97cc7003ccf1ffed595e029e1e49757f7f34f11d7c3dbcc385b4ada0c7b818df,345fe063da47ef0634bc35bf7e966cb01617371a008069159857fb581efee527,192
20262544,192,background,docs/research/figures/ws25-v1fix-formal-cdf/seed20262544-b192-background-fct-cdf.svg,conga,20261004-070000-ws25-formal-s44-b192-conga,97cc7003ccf1ffed595e029e1e49757f7f34f11d7c3dbcc385b4ada0c7b818df,203431fa483ab1140fbbb7a5e3e41662f0e0e7e2dd86082c12645b31947ca18c,192
20262544,192,background,docs/research/figures/ws25-v1fix-formal-cdf/seed20262544-b192-background-fct-cdf.svg,letflow,20261004-070000-ws25-formal-s44-b192-letflow,97cc7003ccf1ffed595e029e1e49757f7f34f11d7c3dbcc385b4ada0c7b818df,8ddb1873602cf13c326e9f208a155a625547c63bbca9634eb73c3d1acdc81c26,192
20262544,192,background,docs/research/figures/ws25-v1fix-formal-cdf/seed20262544-b192-background-fct-cdf.svg,conweave,20261004-070000-ws25-formal-s44-b192-conweave,97cc7003ccf1ffed595e029e1e49757f7f34f11d7c3dbcc385b4ada0c7b818df,2aeebcf558ebc0f125225f8d75058b46cf2b876bb21c835d51eb313fb6bd5a9a,192
20262544,192,background,docs/research/figures/ws25-v1fix-formal-cdf/seed20262544-b192-background-fct-cdf.svg,classreserve,20261004-070000-ws25-formal-s44-b192-classreserve,97cc7003ccf1ffed595e029e1e49757f7f34f11d7c3dbcc385b4ada0c7b818df,a2aa1fc2dcee66d7be9006176f79ffaa46bdad76bcbdace635b93ffeab1ec4a9,192
