id,seed,background_flows,mode,source_sha,raw_uplink_path,uplink_sha256,sample_rows,observed_start_ns,observed_end_ns,observed_span_ns,sample_interval_ns_values,uplink_port_count,active_uplink_port_count,transmitted_uplink_bytes,mean_all_port_utilization_pct,mean_active_port_utilization_pct,max_port_mean_utilization_pct,peak_single_port_sample_utilization_pct,mean_active_tor_port_imbalance
20261004-070000-ws25-formal-s21-b000-classreserve,20262521,0,classreserve,ce699dffe2845dc83e2171a1c309c6d96b96d2b3,results/20261004-070000-ws25-formal-s21-b000-classreserve/raw/26073186/26073186_out_uplink.txt,1e8590ee7daee8e3368af41f2ad985626dc0ca9d3065c123e3275efd9e6d534c,14080,2000000000,2000100000,100000,10000,1280,320,146669820,2.2917159375000002,9.166863750000001,12.06408,105.37359999999998,0.23631636002308123
20261004-070000-ws25-formal-s21-b000-conga,20262521,0,conga,ce699dffe2845dc83e2171a1c309c6d96b96d2b3,results/20261004-070000-ws25-formal-s21-b000-conga/raw/190414765/190414765_out_uplink.txt,6628a9624cb12ac7e4276a01a431b0d0ab544697191ee44091c1d74dbddbcc04,14080,2000000000,2000100000,100000,10000,1280,320,146669820,2.2917159375000002,9.166863750000001,16.44088,105.37359999999998,0.4723220701101388
20261004-070000-ws25-formal-s21-b000-conweave,20262521,0,conweave,ce699dffe2845dc83e2171a1c309c6d96b96d2b3,results/20261004-070000-ws25-formal-s21-b000-conweave/raw/903385963/903385963_out_uplink.txt,4995a1cb8a7133a4dc78221c64103159fa45a586dafcb94b2a2693f2bab9ba6c,14080,2000000000,2000100000,100000,10000,1280,320,154507132,2.4141739375,9.65669575,14.46552,106.03040000000001,0.3383861984584837
20261004-070000-ws25-formal-s21-b000-drill,20262521,0,drill,ce699dffe2845dc83e2171a1c309c6d96b96d2b3,results/20261004-070000-ws25-formal-s21-b000-drill/raw/732492766/732492766_out_uplink.txt,ac0dc4f9bcc0828f6daf373a3458c18e329d720d3a072b0db5e7e629e734084c,14080,2000000000,2000100000,100000,10000,1280,320,147341820,2.3022159375,9.20886375,11.6544,103.472,0.09672996420541118
20261004-070000-ws25-formal-s21-b000-fecmp,20262521,0,fecmp,ce699dffe2845dc83e2171a1c309c6d96b96d2b3,results/20261004-070000-ws25-formal-s21-b000-fecmp/raw/325152318/325152318_out_uplink.txt,0b0c16b30211e0f91288c9f0d9489393ffb47e66d6b0638aca65662701d02b97,14080,2000000000,2000100000,100000,10000,1280,320,146669820,2.2917159375000002,9.166863750000001,15.319600000000001,105.2656,0.3842814974764418
20261004-070000-ws25-formal-s21-b000-letflow,20262521,0,letflow,ce699dffe2845dc83e2171a1c309c6d96b96d2b3,results/20261004-070000-ws25-formal-s21-b000-letflow/raw/488349131/488349131_out_uplink.txt,0c0e74452457060b8a601e4d738320a20b91b4160b94e480c8a50ba71bad4779,14080,2000000000,2000100000,100000,10000,1280,320,146669820,2.2917159375000002,9.166863750000001,14.57568,105.2456,0.39049145234398475
20261004-070000-ws25-formal-s21-b064-classreserve,20262521,64,classreserve,ce699dffe2845dc83e2171a1c309c6d96b96d2b3,results/20261004-070000-ws25-formal-s21-b064-classreserve/raw/128352933/128352933_out_uplink.txt,86694dd373d22bde010c82157073e73ef918e387d2c3abb8975a063b3a72fb7f,90880,2000000000,2000700000,700000,10000,1280,320,741525500,1.6551908482142856,6.6207633928571425,53.18458285714286,105.4816,2.742913705903365
20261004-070000-ws25-formal-s21-b064-conga,20262521,64,conga,ce699dffe2845dc83e2171a1c309c6d96b96d2b3,results/20261004-070000-ws25-formal-s21-b064-conga/raw/190458364/190458364_out_uplink.txt,9cfcd44af9cf104aa06d6ce3dd41e209193083202b59d4615f6bc78ef5d589c7,90880,2000000000,2000700000,700000,10000,1280,320,741525500,1.6551908482142856,6.6207633928571425,52.63968,105.7648,2.859345813631648
20261004-070000-ws25-formal-s21-b064-conweave,20262521,64,conweave,ce699dffe2845dc83e2171a1c309c6d96b96d2b3,results/20261004-070000-ws25-formal-s21-b064-conweave/raw/887193017/887193017_out_uplink.txt,eb18469d9ae0e5374e7cd7f4771da728a2f3bd54d3f2546b9587bba70a137bee,90880,2000000000,2000700000,700000,10000,1280,320,752527228,1.6797482767857144,6.7189931071428575,75.88907428571429,106.37200000000001,2.821932512017582
20261004-070000-ws25-formal-s21-b064-drill,20262521,64,drill,ce699dffe2845dc83e2171a1c309c6d96b96d2b3,results/20261004-070000-ws25-formal-s21-b064-drill/raw/555807501/555807501_out_uplink.txt,56400d5929d9abd2d1c03ca72966736bd0f83f9bf054f76c41be730f9cdc7f7b,116480,2000000000,2000900000,900000,10000,1280,320,751457460,1.3046136458333333,5.218454583333333,39.64334222222222,104.8,2.4789131012714085
20261004-070000-ws25-formal-s21-b064-fecmp,20262521,64,fecmp,ce699dffe2845dc83e2171a1c309c6d96b96d2b3,results/20261004-070000-ws25-formal-s21-b064-fecmp/raw/452078843/452078843_out_uplink.txt,3e0b9a34e1d25c93447494d8af695b6196a259ce951288c6b7d7b436b3a4aade,90880,2000000000,2000700000,700000,10000,1280,320,741525500,1.6551908482142856,6.6207633928571425,76.09616,105.5952,2.906271678091997
20261004-070000-ws25-formal-s21-b064-letflow,20262521,64,letflow,ce699dffe2845dc83e2171a1c309c6d96b96d2b3,results/20261004-070000-ws25-formal-s21-b064-letflow/raw/813122844/813122844_out_uplink.txt,e1ef7d13115fca050fc7c2ea3624f5e38d454958113a050838336557aa2e4e67,90880,2000000000,2000700000,700000,10000,1280,320,741525500,1.6551908482142856,6.6207633928571425,76.02224,105.5416,3.039407864554872
20261004-070000-ws25-formal-s21-b128-classreserve,20262521,128,classreserve,ce699dffe2845dc83e2171a1c309c6d96b96d2b3,results/20261004-070000-ws25-formal-s21-b128-classreserve/raw/715122763/715122763_out_uplink.txt,739b531429ad35a7ed38266be4ac084baec979e0ac8e2e9d14e6a32d148e2b9a,129280,2000000000,2001000000,1000000,10000,1280,320,1317791940,2.0590499062500003,8.236199625000001,55.109304,105.4368,2.4004888094183032
20261004-070000-ws25-formal-s21-b128-conga,20262521,128,conga,ce699dffe2845dc83e2171a1c309c6d96b96d2b3,results/20261004-070000-ws25-formal-s21-b128-conga/raw/840974679/840974679_out_uplink.txt,31e4d7e852cc8c40ef3bb74c954acbd50311cd1a933c4cbf4602c1a5a31eece2,142080,2000000000,2001100000,1100000,10000,1280,320,1317791940,1.8718635511363637,7.487454204545455,49.736959999999996,105.4288,2.744610888736129
20261004-070000-ws25-formal-s21-b128-conweave,20262521,128,conweave,ce699dffe2845dc83e2171a1c309c6d96b96d2b3,results/20261004-070000-ws25-formal-s21-b128-conweave/raw/59315942/59315942_out_uplink.txt,f3a20625504b62d23aa2f737f8fecd6b3ab2cfd850f802c49369b52e701bedcc,142080,2000000000,2001100000,1100000,10000,1280,320,1333893700,1.8947353693181817,7.578941477272727,65.37927272727272,106.4216,2.5231058942306737
20261004-070000-ws25-formal-s21-b128-drill,20262521,128,drill,ce699dffe2845dc83e2171a1c309c6d96b96d2b3,results/20261004-070000-ws25-formal-s21-b128-drill/raw/869282931/869282931_out_uplink.txt,eb02b6bb3f749d1276e4b2a07ca255b4e549c922354d2b05d2b219963ee4b4b0,167680,2000000000,2001300000,1300000,10000,1280,320,1332380376,1.6014187211538462,6.405674884615385,37.32412307692308,104.3208,2.2405838627373234
20261004-070000-ws25-formal-s21-b128-fecmp,20262521,128,fecmp,ce699dffe2845dc83e2171a1c309c6d96b96d2b3,results/20261004-070000-ws25-formal-s21-b128-fecmp/raw/836677910/836677910_out_uplink.txt,b7f33420ad41a1a0c9506ffd27afc4f3a7e5ff5f173546ea5d38481e88ceafa5,142080,2000000000,2001100000,1100000,10000,1280,320,1317791940,1.8718635511363637,7.487454204545455,49.49485818181818,105.4768,2.5739585458146483
20261004-070000-ws25-formal-s21-b128-letflow,20262521,128,letflow,ce699dffe2845dc83e2171a1c309c6d96b96d2b3,results/20261004-070000-ws25-formal-s21-b128-letflow/raw/485108044/485108044_out_uplink.txt,916acb0208b60978ce3fc4f7e9667e88c33062c78a99547ff9cf44ca6278242e,142080,2000000000,2001100000,1100000,10000,1280,320,1317791940,1.8718635511363637,7.487454204545455,64.34625454545454,105.568,2.716357436787327
20261004-070000-ws25-formal-s21-b192-classreserve,20262521,192,classreserve,ce699dffe2845dc83e2171a1c309c6d96b96d2b3,results/20261004-070000-ws25-formal-s21-b192-classreserve/raw/851773385/851773385_out_uplink.txt,278ff93b8cdfcc7a6ac066de3ab8a762c8108dcefe28875e9eb690451c2e538a,206080,2000000000,2001600000,1600000,10000,1280,320,1894058380,1.8496663867187502,7.398665546875001,55.864445,105.748,2.394690300659676
20261004-070000-ws25-formal-s21-b192-conga,20262521,192,conga,ce699dffe2845dc83e2171a1c309c6d96b96d2b3,results/20261004-070000-ws25-formal-s21-b192-conga/raw/144469312/144469312_out_uplink.txt,e29e69a2506a38c7bfa8ee1a973cf04718e35c71f8ed24ec0b796b43a7c762ae,206080,2000000000,2001600000,1600000,10000,1280,320,1894058380,1.8496663867187502,7.398665546875001,55.494685,105.4472,2.6333561305043593
20261004-070000-ws25-formal-s21-b192-conweave,20262521,192,conweave,ce699dffe2845dc83e2171a1c309c6d96b96d2b3,results/20261004-070000-ws25-formal-s21-b192-conweave/raw/304101416/304101416_out_uplink.txt,b640c3c62f119ff37eec1612f8460b2c5734b56ba98f75f69d88ad9acec9a6e3,206080,2000000000,2001600000,1600000,10000,1280,320,1921913612,1.87686876171875,7.507475046875,45.61633,106.3488,2.574701596688203
20261004-070000-ws25-formal-s21-b192-drill,20262521,192,drill,ce699dffe2845dc83e2171a1c309c6d96b96d2b3,results/20261004-070000-ws25-formal-s21-b192-drill/raw/730921791/730921791_out_uplink.txt,8c3d62bcd390881be43ee1c4c1d18492fdb10ef675263b7f01f3aafc2a1eb897,218880,2000000000,2001700000,1700000,10000,1280,320,1913487160,1.7587198161764706,7.034879264705882,39.56220705882353,104.5192,2.0093297125288183
20261004-070000-ws25-formal-s21-b192-fecmp,20262521,192,fecmp,ce699dffe2845dc83e2171a1c309c6d96b96d2b3,results/20261004-070000-ws25-formal-s21-b192-fecmp/raw/211289610/211289610_out_uplink.txt,03c1f6d985bbbd6c5f1a6588e3f74ee8445f2b94c698c6cfd38ccd983b3982bb,206080,2000000000,2001600000,1600000,10000,1280,320,1894058380,1.8496663867187502,7.398665546875001,56.230965,105.77680000000001,2.5018104564037937
20261004-070000-ws25-formal-s21-b192-letflow,20262521,192,letflow,ce699dffe2845dc83e2171a1c309c6d96b96d2b3,results/20261004-070000-ws25-formal-s21-b192-letflow/raw/327357852/327357852_out_uplink.txt,2fbac9a669698cae242b010dbfd816ac6811a0641012ed4c80edb287c11ee7ae,206080,2000000000,2001600000,1600000,10000,1280,320,1894058380,1.8496663867187502,7.398665546875001,66.435245,105.5696,2.92846356426159
20261004-070000-ws25-formal-s22-b000-classreserve,20262522,0,classreserve,ce699dffe2845dc83e2171a1c309c6d96b96d2b3,results/20261004-070000-ws25-formal-s22-b000-classreserve/raw/261191815/261191815_out_uplink.txt,0caa52ece2318f8084ed114baea4fbc6591ae46c15c52c16b5c744fc929f6167,14080,2000000000,2000100000,100000,10000,1280,320,146834772,2.2942933125,9.17717325,11.934800000000001,105.1752,0.19745056976701478
20261004-070000-ws25-formal-s22-b000-conga,20262522,0,conga,ce699dffe2845dc83e2171a1c309c6d96b96d2b3,results/20261004-070000-ws25-formal-s22-b000-conga/raw/360809448/360809448_out_uplink.txt,85e52b0a27506f8b87db7c8b3d8e991485350a308cb8a80ce4793d0d9f2f0d15,14080,2000000000,2000100000,100000,10000,1280,320,146834772,2.2942933125,9.17717325,16.36528,105.3192,0.5061818356538412
20261004-070000-ws25-formal-s22-b000-conweave,20262522,0,conweave,ce699dffe2845dc83e2171a1c309c6d96b96d2b3,results/20261004-070000-ws25-formal-s22-b000-conweave/raw/224358692/224358692_out_uplink.txt,4de3c5378884212d6eacb8e3be827f01652f53c1b6569ac1d3fef3e641567ff0,14080,2000000000,2000100000,100000,10000,1280,320,154863060,2.4197353125,9.67894125,15.47792,106.1984,0.39018878873366186
20261004-070000-ws25-formal-s22-b000-drill,20262522,0,drill,ce699dffe2845dc83e2171a1c309c6d96b96d2b3,results/20261004-070000-ws25-formal-s22-b000-drill/raw/233646256/233646256_out_uplink.txt,bf65700c3e486b83275f082186f492052666ee4aaa865d06d8c258c09c4ad8aa,14080,2000000000,2000100000,100000,10000,1280,320,147433444,2.3036475625,9.21459025,11.61224,103.0856,0.09216951245320937
20261004-070000-ws25-formal-s22-b000-fecmp,20262522,0,fecmp,ce699dffe2845dc83e2171a1c309c6d96b96d2b3,results/20261004-070000-ws25-formal-s22-b000-fecmp/raw/627371921/627371921_out_uplink.txt,950789c5278635f7f01811106b5309388599f5e6d52b7cfda959e043569b685a,14080,2000000000,2000100000,100000,10000,1280,320,146834772,2.2942933125,9.17717325,13.3896,105.2352,0.3810848977832319
20261004-070000-ws25-formal-s22-b000-letflow,20262522,0,letflow,ce699dffe2845dc83e2171a1c309c6d96b96d2b3,results/20261004-070000-ws25-formal-s22-b000-letflow/raw/444750379/444750379_out_uplink.txt,a9f140ffd3901ae1c8b7ae1ae96ce7d37fcddf30d60f47eff9073dc2ca416025,14080,2000000000,2000100000,100000,10000,1280,320,146834772,2.2942933125,9.17717325,13.38992,105.2824,0.41685630725717643
20261004-070000-ws25-formal-s22-b064-classreserve,20262522,64,classreserve,ce699dffe2845dc83e2171a1c309c6d96b96d2b3,results/20261004-070000-ws25-formal-s22-b064-classreserve/raw/729178251/729178251_out_uplink.txt,5b3257f3b7947ab96cf06eb4cafa166de252e6e65b5ebcbd747112f153f3f6dc,78080,2000000000,2000600000,600000,10000,1280,320,732395832,1.9072808125,7.62912325,59.39385333333334,105.56,3.22171664420722
20261004-070000-ws25-formal-s22-b064-conga,20262522,64,conga,ce699dffe2845dc83e2171a1c309c6d96b96d2b3,results/20261004-070000-ws25-formal-s22-b064-conga/raw/414866847/414866847_out_uplink.txt,16c3dcbcd5471a808ffe282d733e799f020441b872dc764832bb17f6f62d24e7,90880,2000000000,2000700000,700000,10000,1280,320,732395832,1.6348121249999998,6.539248499999999,76.19013714285714,105.4888,3.4295680861805655
20261004-070000-ws25-formal-s22-b064-conweave,20262522,64,conweave,ce699dffe2845dc83e2171a1c309c6d96b96d2b3,results/20261004-070000-ws25-formal-s22-b064-conweave/raw/491406590/491406590_out_uplink.txt,0364c12300720ca185e2c17f8b27cf9524142ab7c930d65d31e4c8fd4351165e,78080,2000000000,2000600000,600000,10000,1280,320,744148664,1.9378871458333333,7.751548583333333,63.81736,106.48560000000002,3.3138977293514125
20261004-070000-ws25-formal-s22-b064-drill,20262522,64,drill,ce699dffe2845dc83e2171a1c309c6d96b96d2b3,results/20261004-070000-ws25-formal-s22-b064-drill/raw/197274433/197274433_out_uplink.txt,34a502cc543cb85636be86ff246ea62d5b505c9216519d1ac99b06609723917c,103680,2000000000,2000800000,800000,10000,1280,320,742579436,1.4503504609375,5.80140184375,43.77215,103.876,2.907396788469617
20261004-070000-ws25-formal-s22-b064-fecmp,20262522,64,fecmp,ce699dffe2845dc83e2171a1c309c6d96b96d2b3,results/20261004-070000-ws25-formal-s22-b064-fecmp/raw/5569215/5569215_out_uplink.txt,91d3f75ebf2d40a8000fc14066853ed7122c352a24aa935a02c142724b8366ce,78080,2000000000,2000600000,600000,10000,1280,320,732395832,1.9072808125,7.62912325,89.19036,105.56,3.4008280033988925
20261004-070000-ws25-formal-s22-b064-letflow,20262522,64,letflow,ce699dffe2845dc83e2171a1c309c6d96b96d2b3,results/20261004-070000-ws25-formal-s22-b064-letflow/raw/516757317/516757317_out_uplink.txt,3c6d9d5b8f1bb1d256d0362fe0a66838e41cd3593f28ff0f40f4f3c48f98224e,78080,2000000000,2000600000,600000,10000,1280,320,732395832,1.9072808125,7.62912325,61.87656,105.524,3.5414474053525637
20261004-070000-ws25-formal-s22-b128-classreserve,20262522,128,classreserve,ce699dffe2845dc83e2171a1c309c6d96b96d2b3,results/20261004-070000-ws25-formal-s22-b128-classreserve/raw/174140633/174140633_out_uplink.txt,9f09ff1052af16288c54bc5f8e028c96d673103e2ebd20c6d4658ccf5ce52938,180480,2000000000,2001400000,1400000,10000,1280,320,1327251512,1.4813074910714286,5.925229964285714,27.573177142857144,105.3976,2.81118608077321
20261004-070000-ws25-formal-s22-b128-conga,20262522,128,conga,ce699dffe2845dc83e2171a1c309c6d96b96d2b3,results/20261004-070000-ws25-formal-s22-b128-conga/raw/285328885/285328885_out_uplink.txt,a6b64d3d0ce7cd80d99b4db099c6015ddee602de25dedf1347f99e670b0e2b1c,167680,2000000000,2001300000,1300000,10000,1280,320,1327251512,1.595254221153846,6.381016884615384,42.012135384615384,105.5816,2.8064625294885674
20261004-070000-ws25-formal-s22-b128-conweave,20262522,128,conweave,ce699dffe2845dc83e2171a1c309c6d96b96d2b3,results/20261004-070000-ws25-formal-s22-b128-conweave/raw/637130498/637130498_out_uplink.txt,7274977b1aa536d1ebd6f6576b88d8430e118df5ac7ae54c57656ffd7d6aaa64,154880,2000000000,2001200000,1200000,10000,1280,320,1347091384,1.7540252395833336,7.016100958333334,45.26552000000001,106.30239999999999,2.7740883767674838
20261004-070000-ws25-formal-s22-b128-drill,20262522,128,drill,ce699dffe2845dc83e2171a1c309c6d96b96d2b3,results/20261004-070000-ws25-formal-s22-b128-drill/raw/149612564/149612564_out_uplink.txt,c77929b8fa872fee57ccb964cb160b7fc132cee2de7cd1105db5916fc0b21752,206080,2000000000,2001600000,1600000,10000,1280,320,1343534428,1.31204533984375,5.248181359375,23.235615,104.292,2.3269314208606806
20261004-070000-ws25-formal-s22-b128-fecmp,20262522,128,fecmp,ce699dffe2845dc83e2171a1c309c6d96b96d2b3,results/20261004-070000-ws25-formal-s22-b128-fecmp/raw/729027441/729027441_out_uplink.txt,b206022362505ef91fe8686a54e04e852de0ab4e3cad329bcc3b237c15520708,180480,2000000000,2001400000,1400000,10000,1280,320,1327251512,1.4813074910714286,5.925229964285714,38.22444,105.6296,2.9571022607425945
20261004-070000-ws25-formal-s22-b128-letflow,20262522,128,letflow,ce699dffe2845dc83e2171a1c309c6d96b96d2b3,results/20261004-070000-ws25-formal-s22-b128-letflow/raw/717190589/717190589_out_uplink.txt,b3665bc6433e2e5db2ce45c8031680862ab7c364ee3e9d96c5c5bb7a17bbdc64,167680,2000000000,2001300000,1300000,10000,1280,320,1327251512,1.595254221153846,6.381016884615384,41.29332923076923,105.3672,2.82556661300422
20261004-070000-ws25-formal-s22-b192-classreserve,20262522,192,classreserve,ce699dffe2845dc83e2171a1c309c6d96b96d2b3,results/20261004-070000-ws25-formal-s22-b192-classreserve/raw/617948380/617948380_out_uplink.txt,68f7f59c532d9e5a4dcfd37120bd840724d88cc7bafa96bea8d9348ead93e3d7,218880,2000000000,2001700000,1700000,10000,1280,320,1903517952,1.7495569411764704,6.998227764705882,43.29122823529412,105.5544,2.4253232406694183
20261004-070000-ws25-formal-s22-b192-conga,20262522,192,conga,ce699dffe2845dc83e2171a1c309c6d96b96d2b3,results/20261004-070000-ws25-formal-s22-b192-conga/raw/241391843/241391843_out_uplink.txt,e8ae5f0d2571ad8c4c5b0366e9a1b1833970e566606f75fefa8ebdfa36fc9f35,218880,2000000000,2001700000,1700000,10000,1280,320,1903517952,1.7495569411764704,6.998227764705882,73.58072941176471,105.5776,2.5071025832351728
20261004-070000-ws25-formal-s22-b192-conweave,20262522,192,conweave,ce699dffe2845dc83e2171a1c309c6d96b96d2b3,results/20261004-070000-ws25-formal-s22-b192-conweave/raw/528862095/528862095_out_uplink.txt,5c41f806025cee4c064a7c2dbaee777254a86fe12d4812e7ed9fbe5e3d801e61,206080,2000000000,2001600000,1600000,10000,1280,320,1935891392,1.8905189375,7.56207575,47.10214,106.1776,2.7265358255344925
20261004-070000-ws25-formal-s22-b192-drill,20262522,192,drill,ce699dffe2845dc83e2171a1c309c6d96b96d2b3,results/20261004-070000-ws25-formal-s22-b192-drill/raw/605524695/605524695_out_uplink.txt,caef5432b4a6520889464e985ec831ebc19f1174015f01ff6688711ebeb3864f,231680,2000000000,2001800000,1800000,10000,1280,320,1921930696,1.6683426180555556,6.6733704722222225,29.728177777777777,104.676,1.9235363094849345
20261004-070000-ws25-formal-s22-b192-fecmp,20262522,192,fecmp,ce699dffe2845dc83e2171a1c309c6d96b96d2b3,results/20261004-070000-ws25-formal-s22-b192-fecmp/raw/973946087/973946087_out_uplink.txt,f1ffdcaa498a6a656dc1da93f3593d42ec9c20d7441869d38693efc40c88cadf,218880,2000000000,2001700000,1700000,10000,1280,320,1903517952,1.7495569411764704,6.998227764705882,43.65648,105.796,2.566979370857591
20261004-070000-ws25-formal-s22-b192-letflow,20262522,192,letflow,ce699dffe2845dc83e2171a1c309c6d96b96d2b3,results/20261004-070000-ws25-formal-s22-b192-letflow/raw/896788330/896788330_out_uplink.txt,244bf1e13bda6ee43c25e12b38442a5750fa49eec5680cbd5eb5ffc327d6c8ac,218880,2000000000,2001700000,1700000,10000,1280,320,1903517952,1.7495569411764704,6.998227764705882,42.441077647058826,105.4376,2.6355266096779064
20261004-070000-ws25-formal-s23-b000-classreserve,20262523,0,classreserve,ce699dffe2845dc83e2171a1c309c6d96b96d2b3,results/20261004-070000-ws25-formal-s23-b000-classreserve/raw/146261242/146261242_out_uplink.txt,d1f5d4f441e552e8afbce8f1cbcff605d3aa0c85035724b72334abdfc923f3ca,14080,2000000000,2000100000,100000,10000,1280,320,146770624,2.293291,9.173164,12.07488,105.2888,0.18802258267963617
20261004-070000-ws25-formal-s23-b000-conga,20262523,0,conga,ce699dffe2845dc83e2171a1c309c6d96b96d2b3,results/20261004-070000-ws25-formal-s23-b000-conga/raw/963977658/963977658_out_uplink.txt,42cdb3e25bba4a9d2d81699d5a5bbf4220d848da413499c009565ae07c30301f,14080,2000000000,2000100000,100000,10000,1280,320,146770624,2.293291,9.173164,16.30048,105.192,0.5137340524572444
20261004-070000-ws25-formal-s23-b000-conweave,20262523,0,conweave,ce699dffe2845dc83e2171a1c309c6d96b96d2b3,results/20261004-070000-ws25-formal-s23-b000-conweave/raw/356666657/356666657_out_uplink.txt,fa24d8d0d8a4315fd5dc46eb042662d98edbbfaac46c849da4849d3cbf71a84b,14080,2000000000,2000100000,100000,10000,1280,320,154606336,2.415724,9.662896,16.89632,106.1632,0.4066395150414304
20261004-070000-ws25-formal-s23-b000-drill,20262523,0,drill,ce699dffe2845dc83e2171a1c309c6d96b96d2b3,results/20261004-070000-ws25-formal-s23-b000-drill/raw/758792398/758792398_out_uplink.txt,cd6d2edbb77607734a0113f282051213357c95fb8c8085de850a718ced839b8d,14080,2000000000,2000100000,100000,10000,1280,320,147364604,2.3025719375,9.21028775,11.65048,103.6664,0.09070586841365073
20261004-070000-ws25-formal-s23-b000-fecmp,20262523,0,fecmp,ce699dffe2845dc83e2171a1c309c6d96b96d2b3,results/20261004-070000-ws25-formal-s23-b000-fecmp/raw/789193511/789193511_out_uplink.txt,46212d45196391b5db582f9c776730d43dc9480868a01922e06477fcaeb49c01,14080,2000000000,2000100000,100000,10000,1280,320,146770624,2.293291,9.173164,14.71576,105.296,0.3742125837741389
20261004-070000-ws25-formal-s23-b000-letflow,20262523,0,letflow,ce699dffe2845dc83e2171a1c309c6d96b96d2b3,results/20261004-070000-ws25-formal-s23-b000-letflow/raw/668665229/668665229_out_uplink.txt,2b4cbcd4236fa1666183037125b586f087c78e07938e0c6659e27ae912a89f3b,14080,2000000000,2000100000,100000,10000,1280,320,146770624,2.293291,9.173164,14.09064,105.23359999999998,0.4001416611668821
20261004-070000-ws25-formal-s23-b064-classreserve,20262523,64,classreserve,ce699dffe2845dc83e2171a1c309c6d96b96d2b3,results/20261004-070000-ws25-formal-s23-b064-classreserve/raw/436220860/436220860_out_uplink.txt,27764c32de532477b0f02d49afc66cbc6741dd99a0c995229210e6b109058f7a,142080,2000000000,2001100000,1100000,10000,1280,320,723037064,1.0270412840909091,4.1081651363636364,33.16381818181818,105.304,2.7671095553523104
20261004-070000-ws25-formal-s23-b064-conga,20262523,64,conga,ce699dffe2845dc83e2171a1c309c6d96b96d2b3,results/20261004-070000-ws25-formal-s23-b064-conga/raw/734559399/734559399_out_uplink.txt,c543124b7397e7ab0737f21f01a8a92050da293afbbcafe1ccac7338d56501e9,154880,2000000000,2001200000,1200000,10000,1280,320,723037064,0.9414545104166667,3.765818041666667,30.62834,105.368,2.9482158260709275
20261004-070000-ws25-formal-s23-b064-conweave,20262523,64,conweave,ce699dffe2845dc83e2171a1c309c6d96b96d2b3,results/20261004-070000-ws25-formal-s23-b064-conweave/raw/996602631/996602631_out_uplink.txt,6f599e8e646c6e45f3fe897c59b80d8d057436cc8ed2a9ab899564bf08db98b7,129280,2000000000,2001000000,1000000,10000,1280,320,734776776,1.1480887125,4.59235485,37.23472,106.2744,2.990186078556864
20261004-070000-ws25-formal-s23-b064-drill,20262523,64,drill,ce699dffe2845dc83e2171a1c309c6d96b96d2b3,results/20261004-070000-ws25-formal-s23-b064-drill/raw/50629380/50629380_out_uplink.txt,0515d1200745a6f42e821b0b3199af3883a79a0913ad8a8e28e1084d83176033,154880,2000000000,2001200000,1200000,10000,1280,320,732441304,0.9536996145833333,3.814798458333333,29.66997333333334,103.5328,2.584862282443379
20261004-070000-ws25-formal-s23-b064-fecmp,20262523,64,fecmp,ce699dffe2845dc83e2171a1c309c6d96b96d2b3,results/20261004-070000-ws25-formal-s23-b064-fecmp/raw/630968497/630968497_out_uplink.txt,ec91fa748db4b5a07ac94887736febede382e5507dd3fa08cd722cb102a7e9cf,129280,2000000000,2001000000,1000000,10000,1280,320,723037064,1.1297454125,4.51898165,36.966384,105.58,3.034338344450327
20261004-070000-ws25-formal-s23-b064-letflow,20262523,64,letflow,ce699dffe2845dc83e2171a1c309c6d96b96d2b3,results/20261004-070000-ws25-formal-s23-b064-letflow/raw/352818517/352818517_out_uplink.txt,6d75b97713a44a703f0c6eaa8a2fb656a578dfa2bd660cd86fababea7fbfdf34,116480,2000000000,2000900000,900000,10000,1280,320,723037064,1.2552726805555556,5.0210907222222225,40.88688,105.448,2.869160341870532
20261004-070000-ws25-formal-s23-b128-classreserve,20262523,128,classreserve,ce699dffe2845dc83e2171a1c309c6d96b96d2b3,results/20261004-070000-ws25-formal-s23-b128-classreserve/raw/453618827/453618827_out_uplink.txt,04c3f14f845795faac1862dcda8d726f088237da0cb5078c1e352178974ab5e4,142080,2000000000,2001100000,1100000,10000,1280,320,1299303504,1.8456015681818183,7.382406272727273,34.04765090909091,105.2472,2.1153878555053547
20261004-070000-ws25-formal-s23-b128-conga,20262523,128,conga,ce699dffe2845dc83e2171a1c309c6d96b96d2b3,results/20261004-070000-ws25-formal-s23-b128-conga/raw/26278282/26278282_out_uplink.txt,bf7824ee678f975a16dd2f91abb82072b30322254c4b2a2e9df24c6332773897,142080,2000000000,2001100000,1100000,10000,1280,320,1299303504,1.8456015681818183,7.382406272727273,66.15307636363636,105.6432,2.680461625688538
20261004-070000-ws25-formal-s23-b128-conweave,20262523,128,conweave,ce699dffe2845dc83e2171a1c309c6d96b96d2b3,results/20261004-070000-ws25-formal-s23-b128-conweave/raw/383414763/383414763_out_uplink.txt,0826dbc4f6ae7db09d1dbead5566ae3f15face623885a7f816b0ec4f7657b7ac,142080,2000000000,2001100000,1100000,10000,1280,320,1318191632,1.8724312954545452,7.489725181818181,49.58256,106.2544,2.496825052170141
20261004-070000-ws25-formal-s23-b128-drill,20262523,128,drill,ce699dffe2845dc83e2171a1c309c6d96b96d2b3,results/20261004-070000-ws25-formal-s23-b128-drill/raw/406107231/406107231_out_uplink.txt,41010eecf64198ba03da1d6a5b0cb75d22417749782ae8327c6cc91dabff7d52,167680,2000000000,2001300000,1300000,10000,1280,320,1314690240,1.5801565384615386,6.320626153846154,29.19972923076923,104.3696,1.9440622590245322
20261004-070000-ws25-formal-s23-b128-fecmp,20262523,128,fecmp,ce699dffe2845dc83e2171a1c309c6d96b96d2b3,results/20261004-070000-ws25-formal-s23-b128-fecmp/raw/695279772/695279772_out_uplink.txt,80473716d45385622980e2f8e01d058592fef0a1de843b925d5602185818d70d,142080,2000000000,2001100000,1100000,10000,1280,320,1299303504,1.8456015681818183,7.382406272727273,50.28458181818182,105.5016,2.4478652811935175
20261004-070000-ws25-formal-s23-b128-letflow,20262523,128,letflow,ce699dffe2845dc83e2171a1c309c6d96b96d2b3,results/20261004-070000-ws25-formal-s23-b128-letflow/raw/79326648/79326648_out_uplink.txt,5da46d0226825c5920f6dffb22fba87b80b599340a0c364c88aebae997f93e29,154880,2000000000,2001200000,1200000,10000,1280,320,1299303504,1.6918014375,6.76720575,59.51413333333333,105.6144,2.47638042057541
20261004-070000-ws25-formal-s23-b192-classreserve,20262523,192,classreserve,ce699dffe2845dc83e2171a1c309c6d96b96d2b3,results/20261004-070000-ws25-formal-s23-b192-classreserve/raw/759343785/759343785_out_uplink.txt,6c6fb203fd55daf2e19ff3e93ba180e762a903be3d3cacb35dfc8dd3a277c785,231680,2000000000,2001800000,1800000,10000,1280,320,1866275324,1.6200306631944443,6.480122652777777,39.716097777777776,105.6728,1.9404743813250973
20261004-070000-ws25-formal-s23-b192-conga,20262523,192,conga,ce699dffe2845dc83e2171a1c309c6d96b96d2b3,results/20261004-070000-ws25-formal-s23-b192-conga/raw/963653753/963653753_out_uplink.txt,02c34f9d9cbcae167292d5a8797f2c6c0d9ec0e429c1032907f8a06223a5a5bc,244480,2000000000,2001900000,1900000,10000,1280,320,1866275324,1.5347658914473683,6.139063565789473,29.61756631578947,105.5328,2.227419239338954
20261004-070000-ws25-formal-s23-b192-conweave,20262523,192,conweave,ce699dffe2845dc83e2171a1c309c6d96b96d2b3,results/20261004-070000-ws25-formal-s23-b192-conweave/raw/383078655/383078655_out_uplink.txt,c24e447563b36b1415340f5ec41467d3890d7a7d4c8ab82ed95b2f1e438f4bea,244480,2000000000,2001900000,1900000,10000,1280,320,1896180924,1.5593593125,6.23743725,47.45970526315789,106.23200000000001,2.30698471945216
20261004-070000-ws25-formal-s23-b192-drill,20262523,192,drill,ce699dffe2845dc83e2171a1c309c6d96b96d2b3,results/20261004-070000-ws25-formal-s23-b192-drill/raw/612873086/612873086_out_uplink.txt,126cf3770cc6b35cc3cfdf80c46ab1f38da54c0ea76ef21da9ae160e0a72f0f7,270080,2000000000,2002100000,2100000,10000,1280,320,1886191416,1.4034162321428572,5.613664928571429,21.532422857142862,104.5224,1.5535807863680828
20261004-070000-ws25-formal-s23-b192-fecmp,20262523,192,fecmp,ce699dffe2845dc83e2171a1c309c6d96b96d2b3,results/20261004-070000-ws25-formal-s23-b192-fecmp/raw/339262026/339262026_out_uplink.txt,550bcb523cd3e9da3acbadb72ae13ed6cbb0b43a16800b646f08ab8baaa3f74a,244480,2000000000,2001900000,1900000,10000,1280,320,1866275324,1.5347658914473683,6.139063565789473,38.3661052631579,105.8568,2.221466500742461
20261004-070000-ws25-formal-s23-b192-letflow,20262523,192,letflow,ce699dffe2845dc83e2171a1c309c6d96b96d2b3,results/20261004-070000-ws25-formal-s23-b192-letflow/raw/635183371/635183371_out_uplink.txt,10072856771cdd2a2427073dc6984d4114a8d8b99d969d2634db94198cf797c7,270080,2000000000,2002100000,2100000,10000,1280,320,1866275324,1.3885977113095238,5.554390845238095,42.134308571428576,105.8872,2.2239270461433143
20261004-070000-ws25-formal-s24-b000-classreserve,20262524,0,classreserve,ce699dffe2845dc83e2171a1c309c6d96b96d2b3,results/20261004-070000-ws25-formal-s24-b000-classreserve/raw/323961228/323961228_out_uplink.txt,39ce9e51d27ce7939f8dff17e39bff455a3bacb17a618265a3111197edffa865,14080,2000000000,2000100000,100000,10000,1280,320,146853100,2.2945796875,9.17831875,12.09648,105.1568,0.2129693999423429
20261004-070000-ws25-formal-s24-b000-conga,20262524,0,conga,ce699dffe2845dc83e2171a1c309c6d96b96d2b3,results/20261004-070000-ws25-formal-s24-b000-conga/raw/976139645/976139645_out_uplink.txt,b1e7464cb81fbe482aff9e31a241d1c56acd07ebf6facef2d7db2bd4d83e7b78,14080,2000000000,2000100000,100000,10000,1280,320,146853100,2.2945796875,9.17831875,16.55936,105.2224,0.49341473444088885
20261004-070000-ws25-formal-s24-b000-conweave,20262524,0,conweave,ce699dffe2845dc83e2171a1c309c6d96b96d2b3,results/20261004-070000-ws25-formal-s24-b000-conweave/raw/157561913/157561913_out_uplink.txt,0f6a10c373db11384b02ff6a937021541ef3e3e4eb9fa08247064fff106495f6,14080,2000000000,2000100000,100000,10000,1280,320,154859308,2.4196766875000004,9.678706750000002,15.01072,106.1216,0.36518254605341205
20261004-070000-ws25-formal-s24-b000-drill,20262524,0,drill,ce699dffe2845dc83e2171a1c309c6d96b96d2b3,results/20261004-070000-ws25-formal-s24-b000-drill/raw/880916442/880916442_out_uplink.txt,529d08d096082b2ef861804f3cea225d190743853cfcb074b6eedede319c6001,14080,2000000000,2000100000,100000,10000,1280,320,147335980,2.3021246874999997,9.208498749999999,11.6516,104.0256,0.08911427093798845
20261004-070000-ws25-formal-s24-b000-fecmp,20262524,0,fecmp,ce699dffe2845dc83e2171a1c309c6d96b96d2b3,results/20261004-070000-ws25-formal-s24-b000-fecmp/raw/778086415/778086415_out_uplink.txt,2b760c1dca39fe416672a642faa47a0a0458b8fff5554852eba235408c8078b3,14080,2000000000,2000100000,100000,10000,1280,320,146853100,2.2945796875,9.17831875,14.4356,105.1744,0.3582952884562115
20261004-070000-ws25-formal-s24-b000-letflow,20262524,0,letflow,ce699dffe2845dc83e2171a1c309c6d96b96d2b3,results/20261004-070000-ws25-formal-s24-b000-letflow/raw/577748396/577748396_out_uplink.txt,77fc4986b8b37669415f0c97a28a1b1cb5d59dce448243cf2725b2c2f78cb544,14080,2000000000,2000100000,100000,10000,1280,320,146853100,2.2945796875,9.17831875,13.42232,105.168,0.3970005466805998
20261004-070000-ws25-formal-s24-b064-classreserve,20262524,64,classreserve,ce699dffe2845dc83e2171a1c309c6d96b96d2b3,results/20261004-070000-ws25-formal-s24-b064-classreserve/raw/681830561/681830561_out_uplink.txt,553262f092be56ec76fc31aff9020a9c63a8428a24bf1286c40c08288e3cf781,103680,2000000000,2000800000,800000,10000,1280,320,741708780,1.4486499609375,5.79459984375,45.73771,105.2656,2.81123056668147
20261004-070000-ws25-formal-s24-b064-conga,20262524,64,conga,ce699dffe2845dc83e2171a1c309c6d96b96d2b3,results/20261004-070000-ws25-formal-s24-b064-conga/raw/491593773/491593773_out_uplink.txt,137b27af35f2be8042e92f111f0820d79773b3f0f6ac97a8d3f86cb48e166fdf,103680,2000000000,2000800000,800000,10000,1280,320,741708780,1.4486499609375,5.79459984375,66.81463,105.3696,3.166852201555571
20261004-070000-ws25-formal-s24-b064-conweave,20262524,64,conweave,ce699dffe2845dc83e2171a1c309c6d96b96d2b3,results/20261004-070000-ws25-formal-s24-b064-conweave/raw/816847136/816847136_out_uplink.txt,22db1995642507ccc847f147404e902dc5eaba1809b9d6f252ea0c1f76230282,103680,2000000000,2000800000,800000,10000,1280,320,754027116,1.4727092109375002,5.890836843750001,46.596019999999996,106.3416,2.9753010128730812
20261004-070000-ws25-formal-s24-b064-drill,20262524,64,drill,ce699dffe2845dc83e2171a1c309c6d96b96d2b3,results/20261004-070000-ws25-formal-s24-b064-drill/raw/760972778/760972778_out_uplink.txt,e0dc84a45f4d7124fdb8c3df4ec286aaefcbec01194ab8235e238b50f2203981,129280,2000000000,2001000000,1000000,10000,1280,320,750677716,1.17293393125,4.691735725,35.8498,104.7744,2.5862364607437596
20261004-070000-ws25-formal-s24-b064-fecmp,20262524,64,fecmp,ce699dffe2845dc83e2171a1c309c6d96b96d2b3,results/20261004-070000-ws25-formal-s24-b064-fecmp/raw/947857984/947857984_out_uplink.txt,2ff7557a6363fe179a2e9c7ec6d60483cea953d25211286ebc3c08f6f8bb1bdc,103680,2000000000,2000800000,800000,10000,1280,320,741708780,1.4486499609375,5.79459984375,67.40894,105.5104,3.018948508793378
20261004-070000-ws25-formal-s24-b064-letflow,20262524,64,letflow,ce699dffe2845dc83e2171a1c309c6d96b96d2b3,results/20261004-070000-ws25-formal-s24-b064-letflow/raw/654340433/654340433_out_uplink.txt,dd2d8183f76f34d4ebb7d4b0e42f688c35748262ba8e0f17e864a5f77bb66971,103680,2000000000,2000800000,800000,10000,1280,320,741708780,1.4486499609375,5.79459984375,47.46228,105.5736,3.0193739598245983
20261004-070000-ws25-formal-s24-b128-classreserve,20262524,128,classreserve,ce699dffe2845dc83e2171a1c309c6d96b96d2b3,results/20261004-070000-ws25-formal-s24-b128-classreserve/raw/607174881/607174881_out_uplink.txt,fe601780ebb72c3a347aeed21c081eff23d3645ca692b236e4cc8377e9a2e43e,167680,2000000000,2001300000,1300000,10000,1280,320,1299385980,1.5617619951923076,6.2470479807692305,40.92347076923077,105.4768,2.900040928727919
20261004-070000-ws25-formal-s24-b128-conga,20262524,128,conga,ce699dffe2845dc83e2171a1c309c6d96b96d2b3,results/20261004-070000-ws25-formal-s24-b128-conga/raw/891864326/891864326_out_uplink.txt,e8b5fd014d0042a823878d676d02200ae86252af151929471c570546d9a53a58,180480,2000000000,2001400000,1400000,10000,1280,320,1299385980,1.4502075669642858,5.800830267857143,50.8304,105.61840000000001,3.22633613310976
20261004-070000-ws25-formal-s24-b128-conweave,20262524,128,conweave,ce699dffe2845dc83e2171a1c309c6d96b96d2b3,results/20261004-070000-ws25-formal-s24-b128-conweave/raw/471306319/471306319_out_uplink.txt,4aff35cdfe608b3fe00b47f8c52dfed0ed1c29bf0813734b98c1512d9541269d,154880,2000000000,2001200000,1200000,10000,1280,320,1318583484,1.7169055781250002,6.867622312500001,59.18554666666667,106.42400000000002,3.053046413411708
20261004-070000-ws25-formal-s24-b128-drill,20262524,128,drill,ce699dffe2845dc83e2171a1c309c6d96b96d2b3,results/20261004-070000-ws25-formal-s24-b128-drill/raw/377394809/377394809_out_uplink.txt,3284d9c30542163c47e8a09a297ccce4fdbd10f3f897476cc124bf454960f882,193280,2000000000,2001500000,1500000,10000,1280,320,1315094896,1.3698905166666666,5.4795620666666665,35.69504,105.1192,2.6317087101759786
20261004-070000-ws25-formal-s24-b128-fecmp,20262524,128,fecmp,ce699dffe2845dc83e2171a1c309c6d96b96d2b3,results/20261004-070000-ws25-formal-s24-b128-fecmp/raw/985442512/985442512_out_uplink.txt,b9326ca8d461df71d7de4a68916a4e22502e8dc2afae7c18194f6785553c1574,167680,2000000000,2001300000,1300000,10000,1280,320,1299385980,1.5617619951923076,6.2470479807692305,42.76742153846154,105.8504,3.1115210557804636
20261004-070000-ws25-formal-s24-b128-letflow,20262524,128,letflow,ce699dffe2845dc83e2171a1c309c6d96b96d2b3,results/20261004-070000-ws25-formal-s24-b128-letflow/raw/93798426/93798426_out_uplink.txt,c587cb083c2682f62931c8b5d46fb98bb91c77c860c3b7111927a47a19731e3b,167680,2000000000,2001300000,1300000,10000,1280,320,1299385980,1.5617619951923076,6.2470479807692305,54.66578461538462,105.472,3.075654670463059
20261004-070000-ws25-formal-s24-b192-classreserve,20262524,192,classreserve,ce699dffe2845dc83e2171a1c309c6d96b96d2b3,results/20261004-070000-ws25-formal-s24-b192-classreserve/raw/792786041/792786041_out_uplink.txt,09f35f93b4e9e74456c52ebb6cce44b41e6e5b7d29bc5f152a397af269e6e7ab,206080,2000000000,2001600000,1600000,10000,1280,320,1884947040,1.8407685937499998,7.363074374999999,55.20158000000001,105.556,2.4877004786504058
20261004-070000-ws25-formal-s24-b192-conga,20262524,192,conga,ce699dffe2845dc83e2171a1c309c6d96b96d2b3,results/20261004-070000-ws25-formal-s24-b192-conga/raw/125969653/125969653_out_uplink.txt,445e7d4e3ad2a0e7fed583ecdf5509fee9bf55bd1a032d54757a538a34d1b400,206080,2000000000,2001600000,1600000,10000,1280,320,1884947040,1.8407685937499998,7.363074374999999,55.40505,105.74880000000002,2.824366245249645
20261004-070000-ws25-formal-s24-b192-conweave,20262524,192,conweave,ce699dffe2845dc83e2171a1c309c6d96b96d2b3,results/20261004-070000-ws25-formal-s24-b192-conweave/raw/628751946/628751946_out_uplink.txt,648723375d0e4b187815e9cced23cc057969405d2f4689c711c638965c4f4322,231680,2000000000,2001800000,1800000,10000,1280,320,1913502496,1.6610264722222223,6.644105888888889,50.58919111111111,106.1344,2.7046158510231817
20261004-070000-ws25-formal-s24-b192-drill,20262524,192,drill,ce699dffe2845dc83e2171a1c309c6d96b96d2b3,results/20261004-070000-ws25-formal-s24-b192-drill/raw/460602005/460602005_out_uplink.txt,7682441ebac26ade5b9ae292e986dc400af84fe4769034bbf4d22e87b19498aa,231680,2000000000,2001800000,1800000,10000,1280,320,1903606336,1.6524360555555557,6.609744222222223,36.44906666666667,104.61840000000001,2.008211038979065
20261004-070000-ws25-formal-s24-b192-fecmp,20262524,192,fecmp,ce699dffe2845dc83e2171a1c309c6d96b96d2b3,results/20261004-070000-ws25-formal-s24-b192-fecmp/raw/20430820/20430820_out_uplink.txt,00e26507c941bdd4c4aa272633fd2209cdc8a7ad64d2436b4224ed2adfadff89,193280,2000000000,2001500000,1500000,10000,1280,320,1884947040,1.9634865000000001,7.8539460000000005,70.76437333333334,105.6696,2.943223632923435
20261004-070000-ws25-formal-s24-b192-letflow,20262524,192,letflow,ce699dffe2845dc83e2171a1c309c6d96b96d2b3,results/20261004-070000-ws25-formal-s24-b192-letflow/raw/480440725/480440725_out_uplink.txt,960864f0992099a9cd2624dcc93e48ad73413b9e47bf2d7824dcadea2381c40d,206080,2000000000,2001600000,1600000,10000,1280,320,1884947040,1.8407685937499998,7.363074374999999,44.94338,105.728,2.7953977521841735
20261004-070000-ws25-formal-s25-b000-classreserve,20262525,0,classreserve,ce699dffe2845dc83e2171a1c309c6d96b96d2b3,results/20261004-070000-ws25-formal-s25-b000-classreserve/raw/766053989/766053989_out_uplink.txt,a0f07124862dd499aafd4c768aef7abec635d959e22830cc3a3a0a23d670a7cf,14080,2000000000,2000100000,100000,10000,1280,320,146880592,2.29500925,9.180037,12.29024,105.2888,0.2092846657277104
20261004-070000-ws25-formal-s25-b000-conga,20262525,0,conga,ce699dffe2845dc83e2171a1c309c6d96b96d2b3,results/20261004-070000-ws25-formal-s25-b000-conga/raw/29643356/29643356_out_uplink.txt,104f33cba2922dfece6ecf71f6c25225772800a8deef76e5f89c3f28d9d33133,14080,2000000000,2000100000,100000,10000,1280,320,146880592,2.29500925,9.180037,15.039440000000003,105.3136,0.5275375756858407
20261004-070000-ws25-formal-s25-b000-conweave,20262525,0,conweave,ce699dffe2845dc83e2171a1c309c6d96b96d2b3,results/20261004-070000-ws25-formal-s25-b000-conweave/raw/241337004/241337004_out_uplink.txt,dd6e9eb1aa21b0fb93275db852d4eba85948bbc68855db63be22bc60cce558e5,14080,2000000000,2000100000,100000,10000,1280,320,154865296,2.41977025,9.679081,14.546,106.1856,0.3756048301178302
20261004-070000-ws25-formal-s25-b000-drill,20262525,0,drill,ce699dffe2845dc83e2171a1c309c6d96b96d2b3,results/20261004-070000-ws25-formal-s25-b000-drill/raw/86972661/86972661_out_uplink.txt,666b8f44b7ac9f2ed7aa7c0e8b67046311caee05aadbfbc810aa21c4c04e6e67,14080,2000000000,2000100000,100000,10000,1280,320,147365420,2.3025846874999996,9.210338749999998,11.85384,104.4496,0.09350158571603603
20261004-070000-ws25-formal-s25-b000-fecmp,20262525,0,fecmp,ce699dffe2845dc83e2171a1c309c6d96b96d2b3,results/20261004-070000-ws25-formal-s25-b000-fecmp/raw/746070188/746070188_out_uplink.txt,1a0354d7dafaa514c377c06c8898b5ebe2319b52b304bf1b78313186c8279eca,14080,2000000000,2000100000,100000,10000,1280,320,146880592,2.29500925,9.180037,14.4032,105.2472,0.36196528514218335
20261004-070000-ws25-formal-s25-b000-letflow,20262525,0,letflow,ce699dffe2845dc83e2171a1c309c6d96b96d2b3,results/20261004-070000-ws25-formal-s25-b000-letflow/raw/588886624/588886624_out_uplink.txt,3b00a9c13faf05ac00c9bd75ee1218ec97176828879d158dfece345388185752,14080,2000000000,2000100000,100000,10000,1280,320,146880592,2.29500925,9.180037,14.13384,105.2656,0.40303164844221706
20261004-070000-ws25-formal-s25-b064-classreserve,20262525,64,classreserve,ce699dffe2845dc83e2171a1c309c6d96b96d2b3,results/20261004-070000-ws25-formal-s25-b064-classreserve/raw/269713706/269713706_out_uplink.txt,447425bfe5a420d39ef08fa8f49581e728c14916bd3cff45ca9884f5eda91ce3,90880,2000000000,2000700000,700000,10000,1280,320,732441652,1.6349144017857142,6.539657607142857,77.02150857142857,105.6072,2.640546414606216
20261004-070000-ws25-formal-s25-b064-conga,20262525,64,conga,ce699dffe2845dc83e2171a1c309c6d96b96d2b3,results/20261004-070000-ws25-formal-s25-b064-conga/raw/961111939/961111939_out_uplink.txt,73f410ea41128c2de9219004f42c494b8eaecee67ae01299c1466500f12ca1b7,90880,2000000000,2000700000,700000,10000,1280,320,732441652,1.6349144017857142,6.539657607142857,54.46128000000001,106.16,2.9757044412999294
20261004-070000-ws25-formal-s25-b064-conweave,20262525,64,conweave,ce699dffe2845dc83e2171a1c309c6d96b96d2b3,results/20261004-070000-ws25-formal-s25-b064-conweave/raw/128170986/128170986_out_uplink.txt,2a346d99fd06ab36528bc90f3985cd91b6c3df3608338a28d75870fcf651b310,90880,2000000000,2000700000,700000,10000,1280,320,744473268,1.6617706874999998,6.647082749999999,77.85603428571429,106.32880000000002,2.762503152139291
20261004-070000-ws25-formal-s25-b064-drill,20262525,64,drill,ce699dffe2845dc83e2171a1c309c6d96b96d2b3,results/20261004-070000-ws25-formal-s25-b064-drill/raw/784031140/784031140_out_uplink.txt,41e7088530969e7640c17dada168f4a5f85cc80b0d9c88e580cefb90f4157d43,129280,2000000000,2001000000,1000000,10000,1280,320,741612824,1.1587700375,4.63508015,35.804864,104.2992,2.530404099308211
20261004-070000-ws25-formal-s25-b064-fecmp,20262525,64,fecmp,ce699dffe2845dc83e2171a1c309c6d96b96d2b3,results/20261004-070000-ws25-formal-s25-b064-fecmp/raw/499657526/499657526_out_uplink.txt,6a93e6251ab432ec17c184cc6896f78ce782d370e9e335394d1ac5ae2aefc1cc,90880,2000000000,2000700000,700000,10000,1280,320,732441652,1.6349144017857142,6.539657607142857,102.73081142857143,105.4776,2.8133506800166312
20261004-070000-ws25-formal-s25-b064-letflow,20262525,64,letflow,ce699dffe2845dc83e2171a1c309c6d96b96d2b3,results/20261004-070000-ws25-formal-s25-b064-letflow/raw/225695916/225695916_out_uplink.txt,73e01eb549b2db748065b979caa8bf2226054ceb5bac78300a8570783ea4692d,90880,2000000000,2000700000,700000,10000,1280,320,732441652,1.6349144017857142,6.539657607142857,77.61749714285715,105.6984,2.834210273259756
20261004-070000-ws25-formal-s25-b128-classreserve,20262525,128,classreserve,ce699dffe2845dc83e2171a1c309c6d96b96d2b3,results/20261004-070000-ws25-formal-s25-b128-classreserve/raw/562077529/562077529_out_uplink.txt,2f24e8b4b75d2affd3bb2e6a2a98e7911e87ec719b703a39899d212e6accc183,154880,2000000000,2001200000,1200000,10000,1280,320,1308708092,1.7040469947916665,6.816187979166666,44.94358666666667,105.4616,2.541123739823338
20261004-070000-ws25-formal-s25-b128-conga,20262525,128,conga,ce699dffe2845dc83e2171a1c309c6d96b96d2b3,results/20261004-070000-ws25-formal-s25-b128-conga/raw/120761375/120761375_out_uplink.txt,80ea56bbabf25bc3dd001e4bfb71665a0096eb5ff3686823a916a48d59aff03f,154880,2000000000,2001200000,1200000,10000,1280,320,1308708092,1.7040469947916665,6.816187979166666,59.10805333333333,105.42,2.8342703196895687
20261004-070000-ws25-formal-s25-b128-conweave,20262525,128,conweave,ce699dffe2845dc83e2171a1c309c6d96b96d2b3,results/20261004-070000-ws25-formal-s25-b128-conweave/raw/840787178/840787178_out_uplink.txt,14157ffb427bcce65be4e675d40b8d853b1620805f4dfb8cd948c544817839a9,142080,2000000000,2001100000,1100000,10000,1280,320,1328202492,1.8866512670454547,7.546605068181819,64.7165309090909,106.3072,2.734234299146259
20261004-070000-ws25-formal-s25-b128-drill,20262525,128,drill,ce699dffe2845dc83e2171a1c309c6d96b96d2b3,results/20261004-070000-ws25-formal-s25-b128-drill/raw/246606990/246606990_out_uplink.txt,05b54cfff04e018d9e685cae365eac1ffab54c497a3037319314443c0fbdad44,167680,2000000000,2001300000,1300000,10000,1280,320,1323620788,1.5908903701923078,6.363561480769231,29.905409230769227,104.1064,2.378265692190749
20261004-070000-ws25-formal-s25-b128-fecmp,20262525,128,fecmp,ce699dffe2845dc83e2171a1c309c6d96b96d2b3,results/20261004-070000-ws25-formal-s25-b128-fecmp/raw/297060409/297060409_out_uplink.txt,e0d6d42cb04052fe0ee51b80e7ece3e291e8ee549ae2794f54d75ec11f12ced4,142080,2000000000,2001100000,1100000,10000,1280,320,1308708092,1.8589603579545453,7.435841431818181,65.4711490909091,105.5096,2.665108391693802
20261004-070000-ws25-formal-s25-b128-letflow,20262525,128,letflow,ce699dffe2845dc83e2171a1c309c6d96b96d2b3,results/20261004-070000-ws25-formal-s25-b128-letflow/raw/550980143/550980143_out_uplink.txt,c548b7a32a4301b4308a0a5d1f82897081f5a5b20eb918e346baeafdfe0c83d0,142080,2000000000,2001100000,1100000,10000,1280,320,1308708092,1.8589603579545453,7.435841431818181,49.361563636363634,105.3984,2.9653899207600203
20261004-070000-ws25-formal-s25-b192-classreserve,20262525,192,classreserve,ce699dffe2845dc83e2171a1c309c6d96b96d2b3,results/20261004-070000-ws25-formal-s25-b192-classreserve/raw/212388227/212388227_out_uplink.txt,f65c6f5aa0b8b4a6391e7d49ea8903c21a960b5008f015355e69a3671a6f0c14,193280,2000000000,2001500000,1500000,10000,1280,320,1884974532,1.9635151375,7.85406055,48.43248533333333,105.6168,2.090094496357016
20261004-070000-ws25-formal-s25-b192-conga,20262525,192,conga,ce699dffe2845dc83e2171a1c309c6d96b96d2b3,results/20261004-070000-ws25-formal-s25-b192-conga/raw/785779408/785779408_out_uplink.txt,8e9edcc10362c4a7798a53a1c339d4759d01be044991675f1da3df97367a2a99,206080,2000000000,2001600000,1600000,10000,1280,320,1884974532,1.8407954414062502,7.363181765625001,46.412625,106.0024,2.524706168844054
20261004-070000-ws25-formal-s25-b192-conweave,20262525,192,conweave,ce699dffe2845dc83e2171a1c309c6d96b96d2b3,results/20261004-070000-ws25-formal-s25-b192-conweave/raw/868948515/868948515_out_uplink.txt,b1016ccdbbb073c0ab2077daa3eee319ec0d998f818f4babda4eea8f1c538038,193280,2000000000,2001500000,1500000,10000,1280,320,1915321156,1.9951262041666666,7.980504816666667,47.4952,106.2832,2.3723970581475777
20261004-070000-ws25-formal-s25-b192-drill,20262525,192,drill,ce699dffe2845dc83e2171a1c309c6d96b96d2b3,results/20261004-070000-ws25-formal-s25-b192-drill/raw/472969454/472969454_out_uplink.txt,d3fd122e258b4d74c6b9a4274a10190d126f6fe6b76bd00e8d6993230422199a,244480,2000000000,2001900000,1900000,10000,1280,320,1904368068,1.5660921611842107,6.264368644736843,33.37712,104.42,1.9118427123580741
20261004-070000-ws25-formal-s25-b192-fecmp,20262525,192,fecmp,ce699dffe2845dc83e2171a1c309c6d96b96d2b3,results/20261004-070000-ws25-formal-s25-b192-fecmp/raw/814918303/814918303_out_uplink.txt,0abe77a86404fb312178e0442b7384c3df5b4cc98b9c48e3c0ed7aa9308acee2,193280,2000000000,2001500000,1500000,10000,1280,320,1884974532,1.9635151375,7.85406055,48.012176,105.3936,2.3049189626846722
20261004-070000-ws25-formal-s25-b192-letflow,20262525,192,letflow,ce699dffe2845dc83e2171a1c309c6d96b96d2b3,results/20261004-070000-ws25-formal-s25-b192-letflow/raw/359453085/359453085_out_uplink.txt,cbb4a151d04f2c097a0858376efed2dfe04b4513ca8542e34aaa0632d7df0f04,231680,2000000000,2001800000,1800000,10000,1280,320,1884974532,1.6362626145833332,6.545050458333333,50.32793777777778,105.5272,2.5063820481667802
20261004-070000-ws25-formal-s26-b000-classreserve,20262526,0,classreserve,ce699dffe2845dc83e2171a1c309c6d96b96d2b3,results/20261004-070000-ws25-formal-s26-b000-classreserve/raw/358714608/358714608_out_uplink.txt,2ef5f6c5bfc7908100157cb5015ce4e1294eb41337be5cdb054c3ba1a0610aa2,14080,2000000000,2000100000,100000,10000,1280,320,146688148,2.2920023124999997,9.168009249999999,12.042480000000001,105.1432,0.1936102711920789
20261004-070000-ws25-formal-s26-b000-conga,20262526,0,conga,ce699dffe2845dc83e2171a1c309c6d96b96d2b3,results/20261004-070000-ws25-formal-s26-b000-conga/raw/722734917/722734917_out_uplink.txt,b079dc33fdb29c82b87ce1932db5c8ec0fa65aa476c100985df5ad840c69df1e,14080,2000000000,2000100000,100000,10000,1280,320,146688148,2.2920023124999997,9.168009249999999,16.06352,105.296,0.5243198421548763
20261004-070000-ws25-formal-s26-b000-conweave,20262526,0,conweave,ce699dffe2845dc83e2171a1c309c6d96b96d2b3,results/20261004-070000-ws25-formal-s26-b000-conweave/raw/847801253/847801253_out_uplink.txt,2a1f906606491371808ccfea0bb2fa71444724289ff43e37709bceffa6639943,14080,2000000000,2000100000,100000,10000,1280,320,154582292,2.4153483125000004,9.661393250000001,15.43136,106.6232,0.36485375082571936
20261004-070000-ws25-formal-s26-b000-drill,20262526,0,drill,ce699dffe2845dc83e2171a1c309c6d96b96d2b3,results/20261004-070000-ws25-formal-s26-b000-drill/raw/757492659/757492659_out_uplink.txt,fbe079fde76f92fd208a3402a2c055d14bfd6110aae06194e97bbfe615978814,14080,2000000000,2000100000,100000,10000,1280,320,147348784,2.3023247500000004,9.209299000000001,11.66896,103.984,0.10382637880784969
20261004-070000-ws25-formal-s26-b000-fecmp,20262526,0,fecmp,ce699dffe2845dc83e2171a1c309c6d96b96d2b3,results/20261004-070000-ws25-formal-s26-b000-fecmp/raw/236847069/236847069_out_uplink.txt,74d01f94be199ef12d3e639699a60e56290c1b1afdcbe0a4b5954292e115ff10,14080,2000000000,2000100000,100000,10000,1280,320,146688148,2.2920023124999997,9.168009249999999,14.58648,105.4712,0.366163461720879
20261004-070000-ws25-formal-s26-b000-letflow,20262526,0,letflow,ce699dffe2845dc83e2171a1c309c6d96b96d2b3,results/20261004-070000-ws25-formal-s26-b000-letflow/raw/572130410/572130410_out_uplink.txt,b637a5542f8166d62107bf8d00d148605b46910e080c096bcf068cb59e4a1387,14080,2000000000,2000100000,100000,10000,1280,320,146688148,2.2920023124999997,9.168009249999999,14.87744,105.4472,0.42609142348609835
20261004-070000-ws25-formal-s26-b064-classreserve,20262526,64,classreserve,ce699dffe2845dc83e2171a1c309c6d96b96d2b3,results/20261004-070000-ws25-formal-s26-b064-classreserve/raw/97931814/97931814_out_uplink.txt,a9e423d1e43735edaf9412eac766f80e80b913530ef3a95b406df9d7ac924866,90880,2000000000,2000700000,700000,10000,1280,320,722954588,1.6137379196428572,6.454951678571429,50.89980571428571,105.2288,3.0034797639032957
20261004-070000-ws25-formal-s26-b064-conga,20262526,64,conga,ce699dffe2845dc83e2171a1c309c6d96b96d2b3,results/20261004-070000-ws25-formal-s26-b064-conga/raw/820073032/820073032_out_uplink.txt,3822c027422c892d43e755980b4cde63c2d9e059d0e401ac5cf4e93d887f34eb,90880,2000000000,2000700000,700000,10000,1280,320,722954588,1.6137379196428572,6.454951678571429,78.72753142857142,105.5072,3.256744689496029
20261004-070000-ws25-formal-s26-b064-conweave,20262526,64,conweave,ce699dffe2845dc83e2171a1c309c6d96b96d2b3,results/20261004-070000-ws25-formal-s26-b064-conweave/raw/399223438/399223438_out_uplink.txt,8ea843f68e0a9904ce65526454ebe6601ea68c425eb4709a2307f4e472ba1a5d,90880,2000000000,2000700000,700000,10000,1280,320,734432732,1.639358776785714,6.557435107142856,76.48526857142858,106.34639999999999,3.1858890751778346
20261004-070000-ws25-formal-s26-b064-drill,20262526,64,drill,ce699dffe2845dc83e2171a1c309c6d96b96d2b3,results/20261004-070000-ws25-formal-s26-b064-drill/raw/612254681/612254681_out_uplink.txt,1622f8dedf8c1d2c7bd34c27dc42530c7ca13632b0253baebb8f37c67ebe4718,129280,2000000000,2001000000,1000000,10000,1280,320,732211356,1.1440802437500002,4.576320975000001,35.873272,104.2976,2.8132561794597413
20261004-070000-ws25-formal-s26-b064-fecmp,20262526,64,fecmp,ce699dffe2845dc83e2171a1c309c6d96b96d2b3,results/20261004-070000-ws25-formal-s26-b064-fecmp/raw/557526456/557526456_out_uplink.txt,1b00760ecd3292ccc9dcbe30a65de34a8ed1cf772961ec0414a6125002d320d8,90880,2000000000,2000700000,700000,10000,1280,320,722954588,1.6137379196428572,6.454951678571429,51.76061714285714,105.49520000000001,3.147386226628886
20261004-070000-ws25-formal-s26-b064-letflow,20262526,64,letflow,ce699dffe2845dc83e2171a1c309c6d96b96d2b3,results/20261004-070000-ws25-formal-s26-b064-letflow/raw/92376357/92376357_out_uplink.txt,4b5b0c4ff1a4637ab3b597e204e0f712cbeb29c6bf842723f0461bb808ac9026,90880,2000000000,2000700000,700000,10000,1280,320,722954588,1.6137379196428572,6.454951678571429,77.22625142857143,105.3216,3.1835010419116534
20261004-070000-ws25-formal-s26-b128-classreserve,20262526,128,classreserve,ce699dffe2845dc83e2171a1c309c6d96b96d2b3,results/20261004-070000-ws25-formal-s26-b128-classreserve/raw/382124908/382124908_out_uplink.txt,52a8d2153f4986e2a7e7bd4236a3e0f4e36e30db6ddeed169434d7f40420513d,231680,2000000000,2001800000,1800000,10000,1280,320,1280631788,1.1116595381944443,4.446638152777777,39.93828888888889,105.1992,2.3950320355332573
20261004-070000-ws25-formal-s26-b128-conga,20262526,128,conga,ce699dffe2845dc83e2171a1c309c6d96b96d2b3,results/20261004-070000-ws25-formal-s26-b128-conga/raw/196817271/196817271_out_uplink.txt,df0ab4eddd6757d60ba71ba79ec6a11a6e9c2f44e71b0a1aa663a59a23719a3f,218880,2000000000,2001700000,1700000,10000,1280,320,1280631788,1.1770512757352942,4.708205102941177,53.68460235294118,105.5408,3.0523593318068802
20261004-070000-ws25-formal-s26-b128-conweave,20262526,128,conweave,ce699dffe2845dc83e2171a1c309c6d96b96d2b3,results/20261004-070000-ws25-formal-s26-b128-conweave/raw/908600878/908600878_out_uplink.txt,6c44409a4bdad8ab2d0dc7cd36f8c642155470a657643b5a128c7f3e6d5afcf4,218880,2000000000,2001700000,1700000,10000,1280,320,1303026028,1.1976342169117646,4.7905368676470585,42.13408470588235,106.3672,2.570644009033873
20261004-070000-ws25-formal-s26-b128-drill,20262526,128,drill,ce699dffe2845dc83e2171a1c309c6d96b96d2b3,results/20261004-070000-ws25-formal-s26-b128-drill/raw/964780247/964780247_out_uplink.txt,5c27fa95d32bc3c55308802dd05e68e2028ad677da7c87cebbc1925615e0bedb,244480,2000000000,2001900000,1900000,10000,1280,320,1294806060,1.064807615131579,4.259230460526316,28.74350315789474,104.3352,2.3242846781241626
20261004-070000-ws25-formal-s26-b128-fecmp,20262526,128,fecmp,ce699dffe2845dc83e2171a1c309c6d96b96d2b3,results/20261004-070000-ws25-formal-s26-b128-fecmp/raw/136427427/136427427_out_uplink.txt,a2b4f13befa8a0a87aa4a9bee9728d12d5a5c4e9962d4e1c28c850e8b7c39870,218880,2000000000,2001700000,1700000,10000,1280,320,1280631788,1.1770512757352942,4.708205102941177,42.50066352941177,105.3976,2.7485445551737713
20261004-070000-ws25-formal-s26-b128-letflow,20262526,128,letflow,ce699dffe2845dc83e2171a1c309c6d96b96d2b3,results/20261004-070000-ws25-formal-s26-b128-letflow/raw/141186278/141186278_out_uplink.txt,eb6de0e67bf3aaa5b0ca6328bb7c4d566a0ed5367d94a64052023483908ed6ce,218880,2000000000,2001700000,1700000,10000,1280,320,1280631788,1.1770512757352942,4.708205102941177,42.399204705882354,105.448,2.6797321555352323
20261004-070000-ws25-formal-s26-b192-classreserve,20262526,192,classreserve,ce699dffe2845dc83e2171a1c309c6d96b96d2b3,results/20261004-070000-ws25-formal-s26-b192-classreserve/raw/150248651/150248651_out_uplink.txt,917cade9ebee942af597a4ea331107ef774fb1a48732133438b617e450edd30c,295680,2000000000,2002300000,2300000,10000,1280,320,1866192848,1.267794054347826,5.071176217391304,38.83315130434783,105.5528,2.1204754791538796
20261004-070000-ws25-formal-s26-b192-conga,20262526,192,conga,ce699dffe2845dc83e2171a1c309c6d96b96d2b3,results/20261004-070000-ws25-formal-s26-b192-conga/raw/599975828/599975828_out_uplink.txt,ab2fd76ba26a7edf53b156ed89944bfd353b265aed79c7a4771054ce963a19f4,295680,2000000000,2002300000,2300000,10000,1280,320,1866192848,1.267794054347826,5.071176217391304,47.354511304347824,105.8944,2.375669875988242
20261004-070000-ws25-formal-s26-b192-conweave,20262526,192,conweave,ce699dffe2845dc83e2171a1c309c6d96b96d2b3,results/20261004-070000-ws25-formal-s26-b192-conweave/raw/716137142/716137142_out_uplink.txt,17bcaf582648a49cb865111d7eb7fc9a9cdca86668f6e17cbd3bf2b930d42b0b,282880,2000000000,2002200000,2200000,10000,1280,320,1901408720,1.3504323295454546,5.401729318181818,49.16836363636364,106.2584,2.304753539475985
20261004-070000-ws25-formal-s26-b192-drill,20262526,192,drill,ce699dffe2845dc83e2171a1c309c6d96b96d2b3,results/20261004-070000-ws25-formal-s26-b192-drill/raw/800919828/800919828_out_uplink.txt,d699001a733a5f638de1d0cc9a313c7f9c5b444b45f20ece4296ed2b1b893360,308480,2000000000,2002400000,2400000,10000,1280,320,1886609324,1.2282612786458333,4.913045114583333,22.75878,104.676,1.9446382583789603
20261004-070000-ws25-formal-s26-b192-fecmp,20262526,192,fecmp,ce699dffe2845dc83e2171a1c309c6d96b96d2b3,results/20261004-070000-ws25-formal-s26-b192-fecmp/raw/731903248/731903248_out_uplink.txt,77cbf242d49e619a3b95ffe15109c79f1baf432177be0d35efd1dbc8fac8a688,295680,2000000000,2002300000,2300000,10000,1280,320,1866192848,1.267794054347826,5.071176217391304,31.413533913043477,105.5632,2.4475030102146453
20261004-070000-ws25-formal-s26-b192-letflow,20262526,192,letflow,ce699dffe2845dc83e2171a1c309c6d96b96d2b3,results/20261004-070000-ws25-formal-s26-b192-letflow/raw/588175820/588175820_out_uplink.txt,b8acea56f8e75a04f71a06951c1923607942eaf13a55ff3bf661aee3cb168470,295680,2000000000,2002300000,2300000,10000,1280,320,1866192848,1.267794054347826,5.071176217391304,40.08714434782609,105.69760000000001,2.3364507772680705
20261004-070000-ws25-formal-s27-b000-classreserve,20262527,0,classreserve,ce699dffe2845dc83e2171a1c309c6d96b96d2b3,results/20261004-070000-ws25-formal-s27-b000-classreserve/raw/661580182/661580182_out_uplink.txt,f8c31cf6188589ece98d96439a89d88c620f44e7e97ebc414db3d3c1bbed92b0,14080,2000000000,2000100000,100000,10000,1280,320,147082200,2.2981593749999996,9.192637499999998,12.225760000000001,105.22319999999999,0.20103490908506494
20261004-070000-ws25-formal-s27-b000-conga,20262527,0,conga,ce699dffe2845dc83e2171a1c309c6d96b96d2b3,results/20261004-070000-ws25-formal-s27-b000-conga/raw/249603169/249603169_out_uplink.txt,91b5cdefe8d4566dcc89ac5a75c9bccf860bb7b182ded1a1a08e49021eec5f66,14080,2000000000,2000100000,100000,10000,1280,320,147082200,2.2981593749999996,9.192637499999998,16.76424,105.3976,0.5164689418351651
20261004-070000-ws25-formal-s27-b000-conweave,20262527,0,conweave,ce699dffe2845dc83e2171a1c309c6d96b96d2b3,results/20261004-070000-ws25-formal-s27-b000-conweave/raw/855198752/855198752_out_uplink.txt,9d45e962dafd02f385dd979506fe88cfa3c2d6a44fe02fbc2455d08fdd710b77,14080,2000000000,2000100000,100000,10000,1280,320,154864472,2.419757375,9.6790295,14.72624,106.1768,0.36277839463355577
20261004-070000-ws25-formal-s27-b000-drill,20262527,0,drill,ce699dffe2845dc83e2171a1c309c6d96b96d2b3,results/20261004-070000-ws25-formal-s27-b000-drill/raw/392920714/392920714_out_uplink.txt,a8368a431b28751b6d54525b96954e542e097ce5e164225901acd8ece4aac402,14080,2000000000,2000100000,100000,10000,1280,320,147808860,2.3095134375,9.23805375,11.816560000000003,103.9584,0.10557726877021892
20261004-070000-ws25-formal-s27-b000-fecmp,20262527,0,fecmp,ce699dffe2845dc83e2171a1c309c6d96b96d2b3,results/20261004-070000-ws25-formal-s27-b000-fecmp/raw/57857218/57857218_out_uplink.txt,12d598a698d191ba52effcde0ea0d478bf59e087bfb74dcf48331e0cfb89ed1f,14080,2000000000,2000100000,100000,10000,1280,320,147082200,2.2981593749999996,9.192637499999998,15.05024,105.35520000000001,0.3996621910763648
20261004-070000-ws25-formal-s27-b000-letflow,20262527,0,letflow,ce699dffe2845dc83e2171a1c309c6d96b96d2b3,results/20261004-070000-ws25-formal-s27-b000-letflow/raw/663597504/663597504_out_uplink.txt,416cedeb6a31d11ab9d1adffcd07c91f066ebc55b2d68bfa8c1d84182e7fe23a,14080,2000000000,2000100000,100000,10000,1280,320,147082200,2.2981593749999996,9.192637499999998,15.08264,105.3248,0.4078826505381402
20261004-070000-ws25-formal-s27-b064-classreserve,20262527,64,classreserve,ce699dffe2845dc83e2171a1c309c6d96b96d2b3,results/20261004-070000-ws25-formal-s27-b064-classreserve/raw/444038579/444038579_out_uplink.txt,5cff2c0b0784c9c68acd66ee111d3c4ec6f2c643a382c9b34401c0ff3a2a4f37,103680,2000000000,2000800000,800000,10000,1280,320,704759400,1.376483203125,5.5059328125,66.05594,105.7032,2.575198664279182
20261004-070000-ws25-formal-s27-b064-conga,20262527,64,conga,ce699dffe2845dc83e2171a1c309c6d96b96d2b3,results/20261004-070000-ws25-formal-s27-b064-conga/raw/985579089/985579089_out_uplink.txt,37b03daf2fe64b8e99e2272888cb7e3ad43dc3f61bef830a6def09d5a9035c41,103680,2000000000,2000800000,800000,10000,1280,320,704759400,1.376483203125,5.5059328125,46.27266,105.8512,2.6139769354839952
20261004-070000-ws25-formal-s27-b064-conweave,20262527,64,conweave,ce699dffe2845dc83e2171a1c309c6d96b96d2b3,results/20261004-070000-ws25-formal-s27-b064-conweave/raw/935797009/935797009_out_uplink.txt,030441cc3510144b1a9ee7a4f80fbfd6dc8c85d542a77b33fc00a92e81c5ce18,103680,2000000000,2000800000,800000,10000,1280,320,716319528,1.3990615781249998,5.596246312499999,47.74999,106.12719999999999,2.5500417945859932
20261004-070000-ws25-formal-s27-b064-drill,20262527,64,drill,ce699dffe2845dc83e2171a1c309c6d96b96d2b3,results/20261004-070000-ws25-formal-s27-b064-drill/raw/307829175/307829175_out_uplink.txt,43d79f4ad30cd86b7d713ef7b48c84fc00e2a28e7a15f48b83c100a26b8b907c,129280,2000000000,2001000000,1000000,10000,1280,320,713453052,1.11477039375,4.459081575,35.702,104.676,2.0543600224995475
20261004-070000-ws25-formal-s27-b064-fecmp,20262527,64,fecmp,ce699dffe2845dc83e2171a1c309c6d96b96d2b3,results/20261004-070000-ws25-formal-s27-b064-fecmp/raw/585116447/585116447_out_uplink.txt,d37cea57ea2c4085a81e15ecb716923d2efaa907f8d826710bf89a7666b1bc72,103680,2000000000,2000800000,800000,10000,1280,320,704759400,1.376483203125,5.5059328125,66.70274,105.61840000000001,2.7290278369790313
20261004-070000-ws25-formal-s27-b064-letflow,20262527,64,letflow,ce699dffe2845dc83e2171a1c309c6d96b96d2b3,results/20261004-070000-ws25-formal-s27-b064-letflow/raw/731310965/731310965_out_uplink.txt,e74df9300927399421a7b6ddc10d9a1496d4b49c2c78165ec560a5e0e224961a,103680,2000000000,2000800000,800000,10000,1280,320,704759400,1.376483203125,5.5059328125,45.25012000000001,105.3272,2.4478713167444273
20261004-070000-ws25-formal-s27-b128-classreserve,20262527,128,classreserve,ce699dffe2845dc83e2171a1c309c6d96b96d2b3,results/20261004-070000-ws25-formal-s27-b128-classreserve/raw/690769942/690769942_out_uplink.txt,1ef352941c6c4cfb48f13b12d4cdb0f907db7a83859593e37b6bc637575abdfb,167680,2000000000,2001300000,1300000,10000,1280,320,1290320460,1.5508659375,6.20346375,68.44856615384616,105.3096,2.313385296524664
20261004-070000-ws25-formal-s27-b128-conga,20262527,128,conga,ce699dffe2845dc83e2171a1c309c6d96b96d2b3,results/20261004-070000-ws25-formal-s27-b128-conga/raw/612358984/612358984_out_uplink.txt,2f7473376eef1ddd8821cd26c4adae09019561b84cec9cdd37be9f5210eece58,180480,2000000000,2001400000,1400000,10000,1280,320,1290320460,1.4400897991071429,5.760359196428571,64.72427428571429,105.77680000000001,2.329654905633291
20261004-070000-ws25-formal-s27-b128-conweave,20262527,128,conweave,ce699dffe2845dc83e2171a1c309c6d96b96d2b3,results/20261004-070000-ws25-formal-s27-b128-conweave/raw/626825034/626825034_out_uplink.txt,f5a7c08ca5dfe15590687563d11e2f5cdd230df1616c22e17f2958e18f2e62e5,154880,2000000000,2001200000,1200000,10000,1280,320,1309180876,1.7046625989583333,6.818650395833333,60.83252,106.2712,2.4870757308219344
20261004-070000-ws25-formal-s27-b128-drill,20262527,128,drill,ce699dffe2845dc83e2171a1c309c6d96b96d2b3,results/20261004-070000-ws25-formal-s27-b128-drill/raw/488178608/488178608_out_uplink.txt,5ae6477f7e21f5ec061b67d17b772664e8d9bd4459ea027445ab7e5cef9656d1,193280,2000000000,2001500000,1500000,10000,1280,320,1304893596,1.3592641625000002,5.437056650000001,35.432170666666664,104.18720000000002,1.8466428926337848
20261004-070000-ws25-formal-s27-b128-fecmp,20262527,128,fecmp,ce699dffe2845dc83e2171a1c309c6d96b96d2b3,results/20261004-070000-ws25-formal-s27-b128-fecmp/raw/55976955/55976955_out_uplink.txt,1bec0c01007983664ddf7c08532eb5b19624dfeccd5aa296bd9e974725f4cae9,154880,2000000000,2001200000,1200000,10000,1280,320,1290320460,1.6801047656249999,6.7204190624999995,74.52632,105.6072,2.518568044498014
20261004-070000-ws25-formal-s27-b128-letflow,20262527,128,letflow,ce699dffe2845dc83e2171a1c309c6d96b96d2b3,results/20261004-070000-ws25-formal-s27-b128-letflow/raw/58626294/58626294_out_uplink.txt,416a6d1916ba7526ca1c9b55655ea45da8f09448dd4e62ab481d6d2eac1d8409,167680,2000000000,2001300000,1300000,10000,1280,320,1290320460,1.5508659375,6.20346375,54.61022153846154,105.4888,2.447328606372579
20261004-070000-ws25-formal-s27-b192-classreserve,20262527,192,classreserve,ce699dffe2845dc83e2171a1c309c6d96b96d2b3,results/20261004-070000-ws25-formal-s27-b192-classreserve/raw/546269679/546269679_out_uplink.txt,fa1caa8191af253290e2d8480dd9e03c437e38743840cc88b08d9cc7ea47d5bb,218880,2000000000,2001700000,1700000,10000,1280,320,1847997660,1.698527261029412,6.794109044117648,52.403896470588236,105.704,1.9511448946920282
20261004-070000-ws25-formal-s27-b192-conga,20262527,192,conga,ce699dffe2845dc83e2171a1c309c6d96b96d2b3,results/20261004-070000-ws25-formal-s27-b192-conga/raw/165111469/165111469_out_uplink.txt,5855325eaf1e1a7c6420a3992d6ac46a9385909c3ade34ee74e3aa9b6079078c,218880,2000000000,2001700000,1700000,10000,1280,320,1847997660,1.698527261029412,6.794109044117648,52.03305411764706,105.6808,2.1966009207291046
20261004-070000-ws25-formal-s27-b192-conweave,20262527,192,conweave,ce699dffe2845dc83e2171a1c309c6d96b96d2b3,results/20261004-070000-ws25-formal-s27-b192-conweave/raw/596123561/596123561_out_uplink.txt,ebdac1489abbc04304058b8f1a84017dbcfdc81a9d8e8789b4450ac4bf20db3f,218880,2000000000,2001700000,1700000,10000,1280,320,1879045980,1.7270643198529412,6.908257279411765,53.56357647058824,106.1984,2.061002077977384
20261004-070000-ws25-formal-s27-b192-drill,20262527,192,drill,ce699dffe2845dc83e2171a1c309c6d96b96d2b3,results/20261004-070000-ws25-formal-s27-b192-drill/raw/485048029/485048029_out_uplink.txt,e27d1cc96b08691497086020ba65b00213906217fffdd2503ab0a2616fdf19fc,231680,2000000000,2001800000,1800000,10000,1280,320,1866088056,1.6198681041666667,6.479472416666667,39.80515555555556,104.6112,1.5005407815308272
20261004-070000-ws25-formal-s27-b192-fecmp,20262527,192,fecmp,ce699dffe2845dc83e2171a1c309c6d96b96d2b3,results/20261004-070000-ws25-formal-s27-b192-fecmp/raw/923956260/923956260_out_uplink.txt,5d34f558603e46dbbdee1bdc021470c7d14853ef6b7bbf4ec93f7dee1f3a46f4,218880,2000000000,2001700000,1700000,10000,1280,320,1847997660,1.698527261029412,6.794109044117648,52.60681411764706,105.4888,2.0870411294662228
20261004-070000-ws25-formal-s27-b192-letflow,20262527,192,letflow,ce699dffe2845dc83e2171a1c309c6d96b96d2b3,results/20261004-070000-ws25-formal-s27-b192-letflow/raw/299013311/299013311_out_uplink.txt,25d2789038e8efc5cb0c5fed6eae3881a38af5310fea49c2e4e3c9bc08ec7c9a,218880,2000000000,2001700000,1700000,10000,1280,320,1847997660,1.698527261029412,6.794109044117648,53.304268235294124,105.9728,2.0883293320759373
20261004-070000-ws25-formal-s28-b000-classreserve,20262528,0,classreserve,ce699dffe2845dc83e2171a1c309c6d96b96d2b3,results/20261004-070000-ws25-formal-s28-b000-classreserve/raw/869013570/869013570_out_uplink.txt,89ada39a6a8dc1920a1743b90dbbba1d0de33ab2f4ffda792318d9cfa599dc68,14080,2000000000,2000100000,100000,10000,1280,320,147118856,2.298732125,9.1949285,12.02088,105.0496,0.22320999064353847
20261004-070000-ws25-formal-s28-b000-conga,20262528,0,conga,ce699dffe2845dc83e2171a1c309c6d96b96d2b3,results/20261004-070000-ws25-formal-s28-b000-conga/raw/664982666/664982666_out_uplink.txt,ec11ddab3267da48d5b9014f268b4a172667d75ccede332bf9bfd8744eb0d281,14080,2000000000,2000100000,100000,10000,1280,320,147118856,2.298732125,9.1949285,14.845360000000001,105.1392,0.5092954019607722
20261004-070000-ws25-formal-s28-b000-conweave,20262528,0,conweave,ce699dffe2845dc83e2171a1c309c6d96b96d2b3,results/20261004-070000-ws25-formal-s28-b000-conweave/raw/259710094/259710094_out_uplink.txt,e941dd141d9ddc9ca9aef26bb9fba41df7df85d93b576578c282cdd745adaf11,14080,2000000000,2000100000,100000,10000,1280,320,155140936,2.424077125,9.6963085,14.40096,106.212,0.35907593834338136
20261004-070000-ws25-formal-s28-b000-drill,20262528,0,drill,ce699dffe2845dc83e2171a1c309c6d96b96d2b3,results/20261004-070000-ws25-formal-s28-b000-drill/raw/661598306/661598306_out_uplink.txt,ab93efa30eb5ac75f58eaff3f0428f008e7a979f30c587cc0de0a654f2608e18,14080,2000000000,2000100000,100000,10000,1280,320,147635916,2.3068111875,9.22724475,11.59264,103.352,0.09012790625273503
20261004-070000-ws25-formal-s28-b000-fecmp,20262528,0,fecmp,ce699dffe2845dc83e2171a1c309c6d96b96d2b3,results/20261004-070000-ws25-formal-s28-b000-fecmp/raw/928402382/928402382_out_uplink.txt,1f57fc17b7cebb795fb55ba6e827622943879b08a67057e59cab862cc0500aea,14080,2000000000,2000100000,100000,10000,1280,320,147118856,2.298732125,9.1949285,13.93976,105.23359999999998,0.40107772177001166
20261004-070000-ws25-formal-s28-b000-letflow,20262528,0,letflow,ce699dffe2845dc83e2171a1c309c6d96b96d2b3,results/20261004-070000-ws25-formal-s28-b000-letflow/raw/520433097/520433097_out_uplink.txt,e215ea4f05210eaf01cef14edecad6474a8b0a9370f913ee728c0ab6eb2171db,14080,2000000000,2000100000,100000,10000,1280,320,147118856,2.298732125,9.1949285,14.26312,105.26799999999999,0.43178604604449955
20261004-070000-ws25-formal-s28-b064-classreserve,20262528,64,classreserve,ce699dffe2845dc83e2171a1c309c6d96b96d2b3,results/20261004-070000-ws25-formal-s28-b064-classreserve/raw/437493323/437493323_out_uplink.txt,fdd06636fe2e3f6373d1099179ee835b0f8085e35de3b89185a34fd2ffcebd67,90880,2000000000,2000700000,700000,10000,1280,320,732679916,1.6354462410714286,6.541784964285714,52.29785142857143,105.6,2.6119381741028613
20261004-070000-ws25-formal-s28-b064-conga,20262528,64,conga,ce699dffe2845dc83e2171a1c309c6d96b96d2b3,results/20261004-070000-ws25-formal-s28-b064-conga/raw/768724389/768724389_out_uplink.txt,3590fdcb40b710c6b317488f69dc20a3dd263adfeb1662b552a43a90ece2d92a,90880,2000000000,2000700000,700000,10000,1280,320,732679916,1.6354462410714286,6.541784964285714,79.28041142857143,106.02159999999999,2.9109345497252925
20261004-070000-ws25-formal-s28-b064-conweave,20262528,64,conweave,ce699dffe2845dc83e2171a1c309c6d96b96d2b3,results/20261004-070000-ws25-formal-s28-b064-conweave/raw/45718111/45718111_out_uplink.txt,a428a063cdf2a88265ba2a28042637714c7e21473b2db2bbb3aa4911b00b3983,90880,2000000000,2000700000,700000,10000,1280,320,744036844,1.6607965267857143,6.643186107142857,76.36008,106.1576,2.856364472735188
20261004-070000-ws25-formal-s28-b064-drill,20262528,64,drill,ce699dffe2845dc83e2171a1c309c6d96b96d2b3,results/20261004-070000-ws25-formal-s28-b064-drill/raw/401754570/401754570_out_uplink.txt,e6fbfe3e61af2485bc44b8d46ead40747effad914335f47a776ab8727da5e027,103680,2000000000,2000800000,800000,10000,1280,320,741432052,1.4481094765625,5.79243790625,44.93154,104.21440000000001,2.487055008054422
20261004-070000-ws25-formal-s28-b064-fecmp,20262528,64,fecmp,ce699dffe2845dc83e2171a1c309c6d96b96d2b3,results/20261004-070000-ws25-formal-s28-b064-fecmp/raw/960947654/960947654_out_uplink.txt,828000acdd47fa5f84fdcd974db9f50df0beab66ce6a23bda91b57b2aa7e9f80,90880,2000000000,2000700000,700000,10000,1280,320,732679916,1.6354462410714286,6.541784964285714,56.000994285714285,105.7032,2.902860648558712
20261004-070000-ws25-formal-s28-b064-letflow,20262528,64,letflow,ce699dffe2845dc83e2171a1c309c6d96b96d2b3,results/20261004-070000-ws25-formal-s28-b064-letflow/raw/877932760/877932760_out_uplink.txt,17cc4d5347981b17355a39adc178a4c7fb9ef0d34d7c597371b8e09ffab97fff,90880,2000000000,2000700000,700000,10000,1280,320,732679916,1.6354462410714286,6.541784964285714,52.992354285714285,105.4928,2.984165645925141
20261004-070000-ws25-formal-s28-b128-classreserve,20262528,128,classreserve,ce699dffe2845dc83e2171a1c309c6d96b96d2b3,results/20261004-070000-ws25-formal-s28-b128-classreserve/raw/986612673/986612673_out_uplink.txt,6e8dcc442f0f4f815d4bdc39e3c5434d6debb34e0552a13072b4b1926affe7a2,167680,2000000000,2001300000,1300000,10000,1280,320,1308946356,1.5732528317307692,6.293011326923077,40.99977846153846,105.5808,2.832803436267587
20261004-070000-ws25-formal-s28-b128-conga,20262528,128,conga,ce699dffe2845dc83e2171a1c309c6d96b96d2b3,results/20261004-070000-ws25-formal-s28-b128-conga/raw/9526418/9526418_out_uplink.txt,2b5c987d8cff9145eb33f61237e31ea70753b7179c7b5f41b1356217a59cd9d2,167680,2000000000,2001300000,1300000,10000,1280,320,1308946356,1.5732528317307692,6.293011326923077,56.055286153846154,105.6856,3.1875928895122185
20261004-070000-ws25-formal-s28-b128-conweave,20262528,128,conweave,ce699dffe2845dc83e2171a1c309c6d96b96d2b3,results/20261004-070000-ws25-formal-s28-b128-conweave/raw/10012950/10012950_out_uplink.txt,5e7b15d8191d5a1e8ad881b5a16bdc5afa968d69a5006be803de58aa550b5b0b,154880,2000000000,2001200000,1200000,10000,1280,320,1326878644,1.7277065677083332,6.910826270833333,59.19412666666667,106.10079999999999,2.97077940059792
20261004-070000-ws25-formal-s28-b128-drill,20262528,128,drill,ce699dffe2845dc83e2171a1c309c6d96b96d2b3,results/20261004-070000-ws25-formal-s28-b128-drill/raw/556574445/556574445_out_uplink.txt,45aca8a64ae84dfb4ba39f29262c0489dcaef262cc1d7bf5157c9f2edee0316f,206080,2000000000,2001600000,1600000,10000,1280,320,1322848960,1.2918446875,5.16737875,23.727719999999998,104.9224,2.4239601260378403
20261004-070000-ws25-formal-s28-b128-fecmp,20262528,128,fecmp,ce699dffe2845dc83e2171a1c309c6d96b96d2b3,results/20261004-070000-ws25-formal-s28-b128-fecmp/raw/697231532/697231532_out_uplink.txt,925f2a66cab5b2d43f69b134f045f5e79944aa4fd554b97178c7f14c72ea3b2c,167680,2000000000,2001300000,1300000,10000,1280,320,1308946356,1.5732528317307692,6.293011326923077,55.478295384615386,105.6912,3.16128615372143
20261004-070000-ws25-formal-s28-b128-letflow,20262528,128,letflow,ce699dffe2845dc83e2171a1c309c6d96b96d2b3,results/20261004-070000-ws25-formal-s28-b128-letflow/raw/785356887/785356887_out_uplink.txt,eda5cb2947ddcc0b7f7cbcb2efede9ed04bc854292911ba518440413777606be,154880,2000000000,2001200000,1200000,10000,1280,320,1308946356,1.704357234375,6.8174289375,46.573946666666664,105.68800000000002,2.9710969826555833
20261004-070000-ws25-formal-s28-b192-classreserve,20262528,192,classreserve,ce699dffe2845dc83e2171a1c309c6d96b96d2b3,results/20261004-070000-ws25-formal-s28-b192-classreserve/raw/578063477/578063477_out_uplink.txt,e218ac214c462ee0bf9dd4ecea657ab0199a758f4c928037c3cf2614287b1d09,218880,2000000000,2001700000,1700000,10000,1280,320,1903802036,1.7498180477941176,6.999272191176471,32.51174588235294,105.4056,2.758460080526258
20261004-070000-ws25-formal-s28-b192-conga,20262528,192,conga,ce699dffe2845dc83e2171a1c309c6d96b96d2b3,results/20261004-070000-ws25-formal-s28-b192-conga/raw/118419272/118419272_out_uplink.txt,46eb0073ca72486c33a588ce5ea4cab446220b684c2acf306d4db5da0ef3aff6,231680,2000000000,2001800000,1800000,10000,1280,320,1903802036,1.652605934027778,6.610423736111112,59.72840444444444,105.6984,3.1202166309093835
20261004-070000-ws25-formal-s28-b192-conweave,20262528,192,conweave,ce699dffe2845dc83e2171a1c309c6d96b96d2b3,results/20261004-070000-ws25-formal-s28-b192-conweave/raw/191294305/191294305_out_uplink.txt,85070603b668b96122cd392752917ef7abf5da04c2c6693b05080d95bd1a8e5a,218880,2000000000,2001700000,1700000,10000,1280,320,1933909044,1.7774899301470586,7.109959720588234,43.13305882352941,106.244,2.973354052905304
20261004-070000-ws25-formal-s28-b192-drill,20262528,192,drill,ce699dffe2845dc83e2171a1c309c6d96b96d2b3,results/20261004-070000-ws25-formal-s28-b192-drill/raw/949608989/949608989_out_uplink.txt,b0f3245b8e5f44f5da230cc6acfd7792ba1b10114928bbb34a697b4f9bdba897,231680,2000000000,2001800000,1800000,10000,1280,320,1922564688,1.6688929583333334,6.675571833333334,31.167928888888888,104.4096,2.3293667059467387
20261004-070000-ws25-formal-s28-b192-fecmp,20262528,192,fecmp,ce699dffe2845dc83e2171a1c309c6d96b96d2b3,results/20261004-070000-ws25-formal-s28-b192-fecmp/raw/424674093/424674093_out_uplink.txt,120e07a7286f516e5a57769599b67945a67803ddf921238f29e895262493be4a,218880,2000000000,2001700000,1700000,10000,1280,320,1903802036,1.7498180477941176,6.999272191176471,52.105981176470586,105.512,2.9708259063218585
20261004-070000-ws25-formal-s28-b192-letflow,20262528,192,letflow,ce699dffe2845dc83e2171a1c309c6d96b96d2b3,results/20261004-070000-ws25-formal-s28-b192-letflow/raw/608421349/608421349_out_uplink.txt,67b49b74cee566701804103d10d94fe3eaeea7bfc32bf3e380984fe463032a06,206080,2000000000,2001600000,1600000,10000,1280,320,1903802036,1.8591816757812498,7.436726703124999,46.24485,105.9376,3.02965904153813
20261004-070000-ws25-formal-s29-b000-classreserve,20262529,0,classreserve,ce699dffe2845dc83e2171a1c309c6d96b96d2b3,results/20261004-070000-ws25-formal-s29-b000-classreserve/raw/349852205/349852205_out_uplink.txt,ec5002e03c1bf1dfcd505bdbc513f92dc87bcf41723cf2e1f4d6530daf0efa39,14080,2000000000,2000100000,100000,10000,1280,320,146733968,2.29271825,9.170873,12.17208,105.3672,0.20250113507368067
20261004-070000-ws25-formal-s29-b000-conga,20262529,0,conga,ce699dffe2845dc83e2171a1c309c6d96b96d2b3,results/20261004-070000-ws25-formal-s29-b000-conga/raw/833768003/833768003_out_uplink.txt,e952c88940fb765eb131bd15c7622877379f886e3fefe9427f4a49bc5ac7195c,14080,2000000000,2000100000,100000,10000,1280,320,146733968,2.29271825,9.170873,14.32792,105.2224,0.4862064021783225
20261004-070000-ws25-formal-s29-b000-conweave,20262529,0,conweave,ce699dffe2845dc83e2171a1c309c6d96b96d2b3,results/20261004-070000-ws25-formal-s29-b000-conweave/raw/919828418/919828418_out_uplink.txt,a60e49ba15b060503e6a9bd81887628480315401e457a1231a8ac92610daaf68,14080,2000000000,2000100000,100000,10000,1280,320,154621520,2.4159612500000005,9.663845000000002,15.20928,106.34719999999999,0.40145319888167813
20261004-070000-ws25-formal-s29-b000-drill,20262529,0,drill,ce699dffe2845dc83e2171a1c309c6d96b96d2b3,results/20261004-070000-ws25-formal-s29-b000-drill/raw/462207929/462207929_out_uplink.txt,7d779a0baec7252877c0676219f41811b95e0c690a71e9ec6049a95963ae0256,14080,2000000000,2000100000,100000,10000,1280,320,147232252,2.3005039375000003,9.202015750000001,11.684800000000001,104.03040000000001,0.08583494813581347
20261004-070000-ws25-formal-s29-b000-fecmp,20262529,0,fecmp,ce699dffe2845dc83e2171a1c309c6d96b96d2b3,results/20261004-070000-ws25-formal-s29-b000-fecmp/raw/972339315/972339315_out_uplink.txt,421d0be2271cbcc3f5e035ce2ac8044afe45af9793e9d22a4e3eaa62d391674c,14080,2000000000,2000100000,100000,10000,1280,320,146733968,2.29271825,9.170873,14.15544,105.252,0.36169953766944923
20261004-070000-ws25-formal-s29-b000-letflow,20262529,0,letflow,ce699dffe2845dc83e2171a1c309c6d96b96d2b3,results/20261004-070000-ws25-formal-s29-b000-letflow/raw/725530743/725530743_out_uplink.txt,45b699fde5461b21b26ac216e7f31f4b781f36497bec647f96e375af97426574,14080,2000000000,2000100000,100000,10000,1280,320,146733968,2.29271825,9.170873,14.769759999999998,105.4104,0.406896187117541
20261004-070000-ws25-formal-s29-b064-classreserve,20262529,64,classreserve,ce699dffe2845dc83e2171a1c309c6d96b96d2b3,results/20261004-070000-ws25-formal-s29-b064-classreserve/raw/499529180/499529180_out_uplink.txt,bd0d892d28e3764bce0d628a65ecbbb62033e69cf0d6b79b3f54452438cb7ef4,90880,2000000000,2000700000,700000,10000,1280,320,732295028,1.6345871160714285,6.538348464285714,51.22470857142857,105.2128,2.2414694697383024
20261004-070000-ws25-formal-s29-b064-conga,20262529,64,conga,ce699dffe2845dc83e2171a1c309c6d96b96d2b3,results/20261004-070000-ws25-formal-s29-b064-conga/raw/49501230/49501230_out_uplink.txt,7eb21e9ce5c8fac2bf775d04630b5356fe198fb7fde8de8d9076f22322168917,90880,2000000000,2000700000,700000,10000,1280,320,732295028,1.6345871160714285,6.538348464285714,54.12403428571429,105.4912,2.5383271008583526
20261004-070000-ws25-formal-s29-b064-conweave,20262529,64,conweave,ce699dffe2845dc83e2171a1c309c6d96b96d2b3,results/20261004-070000-ws25-formal-s29-b064-conweave/raw/975699982/975699982_out_uplink.txt,bee8d893bdefa40758b810af2868fdf80ee77fb95b5fdb2f8fb5dfa6841aa01c,103680,2000000000,2000800000,800000,10000,1280,320,743850420,1.4528328515625,5.81133140625,89.13698000000001,106.3248,2.6327249920291598
20261004-070000-ws25-formal-s29-b064-drill,20262529,64,drill,ce699dffe2845dc83e2171a1c309c6d96b96d2b3,results/20261004-070000-ws25-formal-s29-b064-drill/raw/860299542/860299542_out_uplink.txt,5c8c8927a0a3637579fd85302f08351908683b58fa88b51a883a5345a467d5bd,116480,2000000000,2000900000,900000,10000,1280,320,741183344,1.2867766388888888,5.147106555555555,39.96648888888889,104.3064,2.0875532349300605
20261004-070000-ws25-formal-s29-b064-fecmp,20262529,64,fecmp,ce699dffe2845dc83e2171a1c309c6d96b96d2b3,results/20261004-070000-ws25-formal-s29-b064-fecmp/raw/895858270/895858270_out_uplink.txt,b7950a88ff7c6e3d1ecb1e0fd7663e20b9556aa048645502c836124e6d84690b,90880,2000000000,2000700000,700000,10000,1280,320,732295028,1.6345871160714285,6.538348464285714,76.41194285714286,105.7128,2.506058510407652
20261004-070000-ws25-formal-s29-b064-letflow,20262529,64,letflow,ce699dffe2845dc83e2171a1c309c6d96b96d2b3,results/20261004-070000-ws25-formal-s29-b064-letflow/raw/244205456/244205456_out_uplink.txt,5c7d44f6cb41444f6cfa209f0070bce7097e409f3f74913ad94a8423008ba50f,90880,2000000000,2000700000,700000,10000,1280,320,732295028,1.6345871160714285,6.538348464285714,76.44270857142857,105.41680000000001,2.6838383093359117
20261004-070000-ws25-formal-s29-b128-classreserve,20262529,128,classreserve,ce699dffe2845dc83e2171a1c309c6d96b96d2b3,results/20261004-070000-ws25-formal-s29-b128-classreserve/raw/855980350/855980350_out_uplink.txt,60828fe2595da9a7688751c1916522ecf69e31e5bc2d179c5b2fca3ca06b86ef,142080,2000000000,2001100000,1100000,10000,1280,320,1327150708,1.8851572556818181,7.5406290227272725,49.372392727272725,105.47840000000001,2.5695591319532327
20261004-070000-ws25-formal-s29-b128-conga,20262529,128,conga,ce699dffe2845dc83e2171a1c309c6d96b96d2b3,results/20261004-070000-ws25-formal-s29-b128-conga/raw/891313271/891313271_out_uplink.txt,bda555c15e7e2122a590e923cfd71e496bf84ef5561cf401e4fef92758a93603,142080,2000000000,2001100000,1100000,10000,1280,320,1327150708,1.8851572556818181,7.5406290227272725,64.48350545454545,105.5816,2.738442018220876
20261004-070000-ws25-formal-s29-b128-conweave,20262529,128,conweave,ce699dffe2845dc83e2171a1c309c6d96b96d2b3,results/20261004-070000-ws25-formal-s29-b128-conweave/raw/613931785/613931785_out_uplink.txt,c8fd6979ad70ad3c1e7cf406f97e3eb3fdc8d21b3a64c2dbe3143a2f78e6d796,142080,2000000000,2001100000,1100000,10000,1280,320,1348139444,1.9149708011363638,7.659883204545455,50.71695272727273,106.4184,2.6191943802246724
20261004-070000-ws25-formal-s29-b128-drill,20262529,128,drill,ce699dffe2845dc83e2171a1c309c6d96b96d2b3,results/20261004-070000-ws25-formal-s29-b128-drill/raw/747783749/747783749_out_uplink.txt,17e438d2cbcd6a226fddf1c21793c28e26c471e91b44f7d4172c0979934ccee7,167680,2000000000,2001300000,1300000,10000,1280,320,1341852332,1.6128032836538462,6.451213134615385,32.03321846153846,104.34719999999999,2.1012225250867784
20261004-070000-ws25-formal-s29-b128-fecmp,20262529,128,fecmp,ce699dffe2845dc83e2171a1c309c6d96b96d2b3,results/20261004-070000-ws25-formal-s29-b128-fecmp/raw/366134787/366134787_out_uplink.txt,3f588d03fffe680efa70372ad8e1932ab0831f0754d2f4f851d25819195ce49a,129280,2000000000,2001000000,1000000,10000,1280,320,1327150708,2.0736729812499997,8.294691924999999,54.67184,105.5072,2.805357779118895
20261004-070000-ws25-formal-s29-b128-letflow,20262529,128,letflow,ce699dffe2845dc83e2171a1c309c6d96b96d2b3,results/20261004-070000-ws25-formal-s29-b128-letflow/raw/451223256/451223256_out_uplink.txt,3d78df1d9e866e9dce42b5302b978d863cd907cb1b8af76be0ade9fd14ab5590,129280,2000000000,2001000000,1000000,10000,1280,320,1327150708,2.0736729812499997,8.294691924999999,71.094648,105.5816,2.753428073013891
20261004-070000-ws25-formal-s29-b192-classreserve,20262529,192,classreserve,ce699dffe2845dc83e2171a1c309c6d96b96d2b3,results/20261004-070000-ws25-formal-s29-b192-classreserve/raw/808951788/808951788_out_uplink.txt,2b8d3a6a6702778fb60401ca1fdca518d1c3db1f13f82e40298f8cbf1c7d10cf,218880,2000000000,2001700000,1700000,10000,1280,320,1922006388,1.7665499889705882,7.066199955882353,42.60519058823529,105.436,2.106487780333663
20261004-070000-ws25-formal-s29-b192-conga,20262529,192,conga,ce699dffe2845dc83e2171a1c309c6d96b96d2b3,results/20261004-070000-ws25-formal-s29-b192-conga/raw/354663856/354663856_out_uplink.txt,883a63cc433fa62247e9e7cd488625b1defd1b2638d4c18ee5c6e277312f66e3,193280,2000000000,2001500000,1500000,10000,1280,320,1922006388,2.0020899875000002,8.008359950000001,59.068544,105.40879999999999,2.0853351321986806
20261004-070000-ws25-formal-s29-b192-conweave,20262529,192,conweave,ce699dffe2845dc83e2171a1c309c6d96b96d2b3,results/20261004-070000-ws25-formal-s29-b192-conweave/raw/828884694/828884694_out_uplink.txt,e74ebb1b73eff0b9f87c915fda072fed1d46d81903e3acafd27171aa0493d542,218880,2000000000,2001700000,1700000,10000,1280,320,1953957876,1.7959171654411765,7.183668661764706,63.0046494117647,106.3832,2.3570247127528394
20261004-070000-ws25-formal-s29-b192-drill,20262529,192,drill,ce699dffe2845dc83e2171a1c309c6d96b96d2b3,results/20261004-070000-ws25-formal-s29-b192-drill/raw/289716475/289716475_out_uplink.txt,527c65a4e7255dfe512535f539b412054bba1f1a4e891a05d9b458b46827e8a5,231680,2000000000,2001800000,1800000,10000,1280,320,1941028564,1.6849206284722222,6.739682513888889,25.818675555555554,104.3432,1.659463800787373
20261004-070000-ws25-formal-s29-b192-fecmp,20262529,192,fecmp,ce699dffe2845dc83e2171a1c309c6d96b96d2b3,results/20261004-070000-ws25-formal-s29-b192-fecmp/raw/981241831/981241831_out_uplink.txt,899e87a9733bb3952ebd6f6a40245f94d57a33f35b3d1063e88cf7f7be770cf0,206080,2000000000,2001600000,1600000,10000,1280,320,1922006388,1.8769593632812502,7.507837453125001,56.612854999999996,105.5232,2.237290911524579
20261004-070000-ws25-formal-s29-b192-letflow,20262529,192,letflow,ce699dffe2845dc83e2171a1c309c6d96b96d2b3,results/20261004-070000-ws25-formal-s29-b192-letflow/raw/606928356/606928356_out_uplink.txt,d8cc44780c204e498146cfc74a2bfbd6d9f80875c493f5eab91f43e8fd95aab4,206080,2000000000,2001600000,1600000,10000,1280,320,1922006388,1.8769593632812502,7.507837453125001,45.05592500000001,105.7176,2.2706804658261537
20261004-070000-ws25-formal-s30-b000-classreserve,20262530,0,classreserve,ce699dffe2845dc83e2171a1c309c6d96b96d2b3,results/20261004-070000-ws25-formal-s30-b000-classreserve/raw/6972074/6972074_out_uplink.txt,2391d1a31f01eb291dd9a48a98b704073d59fc0ff9ffd14747a1e9799e7e7d8b,14080,2000000000,2000100000,100000,10000,1280,320,146752296,2.293004625,9.1720185,12.20416,105.1496,0.21770417096994327
20261004-070000-ws25-formal-s30-b000-conga,20262530,0,conga,ce699dffe2845dc83e2171a1c309c6d96b96d2b3,results/20261004-070000-ws25-formal-s30-b000-conga/raw/973463940/973463940_out_uplink.txt,72da6b2a11d05e179cdb31fb33862a7e28da85aecd1c2167a24d2b21ee2a75d7,14080,2000000000,2000100000,100000,10000,1280,320,146752296,2.293004625,9.1720185,15.12552,105.2464,0.5254633043241909
20261004-070000-ws25-formal-s30-b000-conweave,20262530,0,conweave,ce699dffe2845dc83e2171a1c309c6d96b96d2b3,results/20261004-070000-ws25-formal-s30-b000-conweave/raw/868651460/868651460_out_uplink.txt,c05da557c47821c4f7d445d6618157c785309bfd6cadf608b6846bd0785329e1,14080,2000000000,2000100000,100000,10000,1280,320,154751528,2.417992625,9.6719705,14.945600000000002,106.2016,0.3699942298894663
20261004-070000-ws25-formal-s30-b000-drill,20262530,0,drill,ce699dffe2845dc83e2171a1c309c6d96b96d2b3,results/20261004-070000-ws25-formal-s30-b000-drill/raw/833794682/833794682_out_uplink.txt,9a25206c261d92b1354b2e3da5816f934227ac5354c8cea6ebf497523888a6e6,14080,2000000000,2000100000,100000,10000,1280,320,147276348,2.3011929374999998,9.204771749999999,11.65808,103.6472,0.08796267032564008
20261004-070000-ws25-formal-s30-b000-fecmp,20262530,0,fecmp,ce699dffe2845dc83e2171a1c309c6d96b96d2b3,results/20261004-070000-ws25-formal-s30-b000-fecmp/raw/253733624/253733624_out_uplink.txt,7f175bb5f1d90d8d065192ffdb64b28bca1ece514a79c350c12b9b3b7629b827,14080,2000000000,2000100000,100000,10000,1280,320,146752296,2.293004625,9.1720185,14.10144,105.3984,0.36043730199952223
20261004-070000-ws25-formal-s30-b000-letflow,20262530,0,letflow,ce699dffe2845dc83e2171a1c309c6d96b96d2b3,results/20261004-070000-ws25-formal-s30-b000-letflow/raw/283995601/283995601_out_uplink.txt,caac284d00256eedc09fab6cebd13432b18f068b147f07d8d96aa438a71c7b27,14080,2000000000,2000100000,100000,10000,1280,320,146752296,2.293004625,9.1720185,14.15544,105.3312,0.4264215619251804
20261004-070000-ws25-formal-s30-b064-classreserve,20262530,64,classreserve,ce699dffe2845dc83e2171a1c309c6d96b96d2b3,results/20261004-070000-ws25-formal-s30-b064-classreserve/raw/960468980/960468980_out_uplink.txt,540fdceb3c6025bdeea2116091ce6bdf4dd5c7c19aa764789bcf9b18b64b5a3e,90880,2000000000,2000700000,700000,10000,1280,320,732313356,1.6346280267857143,6.538512107142857,51.92666285714286,105.1632,2.6356651756232727
20261004-070000-ws25-formal-s30-b064-conga,20262530,64,conga,ce699dffe2845dc83e2171a1c309c6d96b96d2b3,results/20261004-070000-ws25-formal-s30-b064-conga/raw/483122205/483122205_out_uplink.txt,65952e717cae56d39a42ee80351d89fc23cf1bcda50c099c0b25b2f393bdba57,90880,2000000000,2000700000,700000,10000,1280,320,732313356,1.6346280267857143,6.538512107142857,53.77131428571428,105.7,2.8134560779390223
20261004-070000-ws25-formal-s30-b064-conweave,20262530,64,conweave,ce699dffe2845dc83e2171a1c309c6d96b96d2b3,results/20261004-070000-ws25-formal-s30-b064-conweave/raw/781401973/781401973_out_uplink.txt,b09ee88d64bc4214085bb3232f14fe75afd85e83bf4dcfb69de9e487bce48410,103680,2000000000,2000800000,800000,10000,1280,320,744497036,1.4540957734375002,5.816383093750001,47.09145,106.4024,2.865632527178959
20261004-070000-ws25-formal-s30-b064-drill,20262530,64,drill,ce699dffe2845dc83e2171a1c309c6d96b96d2b3,results/20261004-070000-ws25-formal-s30-b064-drill/raw/120227137/120227137_out_uplink.txt,d07dd87bf7ae08114a485595072508ccebbcd0e8f52f4d7e8486bd64eaa9efa0,116480,2000000000,2000900000,900000,10000,1280,320,741427068,1.2871997708333334,5.1487990833333335,39.86113777777778,104.0352,2.465068726636262
20261004-070000-ws25-formal-s30-b064-fecmp,20262530,64,fecmp,ce699dffe2845dc83e2171a1c309c6d96b96d2b3,results/20261004-070000-ws25-formal-s30-b064-fecmp/raw/823903566/823903566_out_uplink.txt,4d4312211c07c60ffb0ced504ebce0fcad8d5db7cb650004fdc08833ec6db790,90880,2000000000,2000700000,700000,10000,1280,320,732313356,1.6346280267857143,6.538512107142857,52.56267428571428,105.3264,2.7468250393803624
20261004-070000-ws25-formal-s30-b064-letflow,20262530,64,letflow,ce699dffe2845dc83e2171a1c309c6d96b96d2b3,results/20261004-070000-ws25-formal-s30-b064-letflow/raw/876049525/876049525_out_uplink.txt,1c3a07e9ce977c328b8a78251a8eb3e9b0d5b5d1063981dab7069e1a015b7113,90880,2000000000,2000700000,700000,10000,1280,320,732313356,1.6346280267857143,6.538512107142857,51.49112,105.31040000000002,2.645165205679481
20261004-070000-ws25-formal-s30-b128-classreserve,20262530,128,classreserve,ce699dffe2845dc83e2171a1c309c6d96b96d2b3,results/20261004-070000-ws25-formal-s30-b128-classreserve/raw/110604919/110604919_out_uplink.txt,8b9301599b85244a5a4a6a08bcd2c4b7bf6c071db0d5648fc20723e726ea58bb,180480,2000000000,2001400000,1400000,10000,1280,320,1327169036,1.4812154419642858,5.924861767857143,50.42613142857144,105.2296,2.6794588399111654
20261004-070000-ws25-formal-s30-b128-conga,20262530,128,conga,ce699dffe2845dc83e2171a1c309c6d96b96d2b3,results/20261004-070000-ws25-formal-s30-b128-conga/raw/332140021/332140021_out_uplink.txt,dd44d73d6925b8f12372fec7c0b0b17c132484e3911f8ec23a93a9aee2bbf8e6,180480,2000000000,2001400000,1400000,10000,1280,320,1327169036,1.4812154419642858,5.924861767857143,39.14604,105.6072,2.9091486578294
20261004-070000-ws25-formal-s30-b128-conweave,20262530,128,conweave,ce699dffe2845dc83e2171a1c309c6d96b96d2b3,results/20261004-070000-ws25-formal-s30-b128-conweave/raw/828735283/828735283_out_uplink.txt,6966551b78c5d45c36087392729349fbe99e488ba6859cbb8db461f822982c41,167680,2000000000,2001300000,1300000,10000,1280,320,1348605644,1.6209202451923077,6.483680980769231,41.94539692307692,106.3392,2.952231136592162
20261004-070000-ws25-formal-s30-b128-drill,20262530,128,drill,ce699dffe2845dc83e2171a1c309c6d96b96d2b3,results/20261004-070000-ws25-formal-s30-b128-drill/raw/554667946/554667946_out_uplink.txt,d42654b1f13e79d7906225a9bfe13f92bb02e05cf50896b5dc8feb1c6fddb7d3,193280,2000000000,2001500000,1500000,10000,1280,320,1341943156,1.3978574541666666,5.5914298166666665,24.049152,104.58,2.341558555264644
20261004-070000-ws25-formal-s30-b128-fecmp,20262530,128,fecmp,ce699dffe2845dc83e2171a1c309c6d96b96d2b3,results/20261004-070000-ws25-formal-s30-b128-fecmp/raw/735722886/735722886_out_uplink.txt,8e465357900ecaa7954c8fb494a18b5e806f985b975dbde0b1e2833774892b85,167680,2000000000,2001300000,1300000,10000,1280,320,1327169036,1.5951550913461539,6.380620365384615,54.60443076923077,105.52960000000002,2.825838951372792
20261004-070000-ws25-formal-s30-b128-letflow,20262530,128,letflow,ce699dffe2845dc83e2171a1c309c6d96b96d2b3,results/20261004-070000-ws25-formal-s30-b128-letflow/raw/844663932/844663932_out_uplink.txt,d0eacc8fe3c0f49e4e45c74357bcd4df49b69c882c90ba61a64a1d7b68d37ba7,167680,2000000000,2001300000,1300000,10000,1280,320,1327169036,1.5951550913461539,6.380620365384615,43.472129230769234,105.6816,2.9542359405744785
20261004-070000-ws25-formal-s30-b192-classreserve,20262530,192,classreserve,ce699dffe2845dc83e2171a1c309c6d96b96d2b3,results/20261004-070000-ws25-formal-s30-b192-classreserve/raw/346590196/346590196_out_uplink.txt,07a039367671d003c9b7d95e689cc34015468103f6385226a796aef635bcec1a,206080,2000000000,2001600000,1600000,10000,1280,320,1912730096,1.8679004843750002,7.471601937500001,44.779675,105.5352,2.359252208896334
20261004-070000-ws25-formal-s30-b192-conga,20262530,192,conga,ce699dffe2845dc83e2171a1c309c6d96b96d2b3,results/20261004-070000-ws25-formal-s30-b192-conga/raw/2006636/2006636_out_uplink.txt,04502788ecabd127c1fb200598eff1997ca1f4335ba2f1f2302787201c5603a6,218880,2000000000,2001700000,1700000,10000,1280,320,1912730096,1.7580239852941177,7.032095941176471,43.243783529411765,105.708,2.591233415938703
20261004-070000-ws25-formal-s30-b192-conweave,20262530,192,conweave,ce699dffe2845dc83e2171a1c309c6d96b96d2b3,results/20261004-070000-ws25-formal-s30-b192-conweave/raw/652175273/652175273_out_uplink.txt,caa8039f4eafe738666fd3023d4407469eb412866806174ada8e2b185b682d95,218880,2000000000,2001700000,1700000,10000,1280,320,1946000752,1.788603632352941,7.154414529411764,52.86851294117647,106.4216,2.595415261523649
20261004-070000-ws25-formal-s30-b192-drill,20262530,192,drill,ce699dffe2845dc83e2171a1c309c6d96b96d2b3,results/20261004-070000-ws25-formal-s30-b192-drill/raw/120353487/120353487_out_uplink.txt,5961df09f5a58edf681e436de61cf70e14fc73e89b751f8dd8479c26aed5b13c,206080,2000000000,2001600000,1600000,10000,1280,320,1930423484,1.8851791835937501,7.540716734375001,34.05472,104.7352,1.8739109138840067
20261004-070000-ws25-formal-s30-b192-fecmp,20262530,192,fecmp,ce699dffe2845dc83e2171a1c309c6d96b96d2b3,results/20261004-070000-ws25-formal-s30-b192-fecmp/raw/207681393/207681393_out_uplink.txt,57cda93c0df86ad8da7ea17d9cceb9243cb132f6ec0a9ead8919825dc553421a,218880,2000000000,2001700000,1700000,10000,1280,320,1912730096,1.7580239852941177,7.032095941176471,42.419515294117645,105.65519999999998,2.5969129119416436
20261004-070000-ws25-formal-s30-b192-letflow,20262530,192,letflow,ce699dffe2845dc83e2171a1c309c6d96b96d2b3,results/20261004-070000-ws25-formal-s30-b192-letflow/raw/619084757/619084757_out_uplink.txt,6b36ccb7409db5854bf72435a6f2fab296f6206cb9c5719f6bde6548bf789cb5,231680,2000000000,2001800000,1800000,10000,1280,320,1912730096,1.6603559861111112,6.641423944444445,39.92930666666667,105.56559999999999,2.63719413789431
20261004-070000-ws25-formal-s31-b000-classreserve,20262531,0,classreserve,ce699dffe2845dc83e2171a1c309c6d96b96d2b3,results/20261004-070000-ws25-formal-s31-b000-classreserve/raw/98343601/98343601_out_uplink.txt,17c3cef685acf98107447c528d8b4f9ae97d57ce01b81f56b16d615fad60c1d2,14080,2000000000,2000100000,100000,10000,1280,320,146651492,2.2914295625,9.16571825,12.15048,105.26,0.19515390039316027
20261004-070000-ws25-formal-s31-b000-conga,20262531,0,conga,ce699dffe2845dc83e2171a1c309c6d96b96d2b3,results/20261004-070000-ws25-formal-s31-b000-conga/raw/372826901/372826901_out_uplink.txt,ad9a88ce5a374d57c0cc2aba83e6bac15e9e5418f1bba2c48296fa1235bd6b56,14080,2000000000,2000100000,100000,10000,1280,320,146651492,2.2914295625,9.16571825,18.30576,105.29439999999998,0.5404644942002326
20261004-070000-ws25-formal-s31-b000-conweave,20262531,0,conweave,ce699dffe2845dc83e2171a1c309c6d96b96d2b3,results/20261004-070000-ws25-formal-s31-b000-conweave/raw/987583975/987583975_out_uplink.txt,80ffe55c043fc75d3612254b75e8bddf35416ec3886af530aa36f6eb80159dbd,14080,2000000000,2000100000,100000,10000,1280,320,154665124,2.4166425625,9.66657025,14.356720000000001,106.51280000000001,0.3688466725819206
20261004-070000-ws25-formal-s31-b000-drill,20262531,0,drill,ce699dffe2845dc83e2171a1c309c6d96b96d2b3,results/20261004-070000-ws25-formal-s31-b000-drill/raw/631976864/631976864_out_uplink.txt,90f8c92569b5d596fbd6f0628522331fc11dd74b0c11730189f0f9c335259813,14080,2000000000,2000100000,100000,10000,1280,320,147085744,2.29821475,9.192859,11.622,103.8432,0.0927390611482458
20261004-070000-ws25-formal-s31-b000-fecmp,20262531,0,fecmp,ce699dffe2845dc83e2171a1c309c6d96b96d2b3,results/20261004-070000-ws25-formal-s31-b000-fecmp/raw/523436126/523436126_out_uplink.txt,d9ac3d19ab6cbb631f335b31bde11324a17da8c46f922daec92d26a78089bcb7,14080,2000000000,2000100000,100000,10000,1280,320,146651492,2.2914295625,9.16571825,13.670399999999999,105.21599999999998,0.39646034447570555
20261004-070000-ws25-formal-s31-b000-letflow,20262531,0,letflow,ce699dffe2845dc83e2171a1c309c6d96b96d2b3,results/20261004-070000-ws25-formal-s31-b000-letflow/raw/108972808/108972808_out_uplink.txt,81ba7e87b8a59b9f2d4a141e9dc9f7ec9829225be0e0698326f9d40d630c014c,14080,2000000000,2000100000,100000,10000,1280,320,146651492,2.2914295625,9.16571825,14.18784,105.2288,0.40594317084853
20261004-070000-ws25-formal-s31-b064-classreserve,20262531,64,classreserve,ce699dffe2845dc83e2171a1c309c6d96b96d2b3,results/20261004-070000-ws25-formal-s31-b064-classreserve/raw/765270390/765270390_out_uplink.txt,8d82a70b6de37ec8d06f65c1e3b1055048b429088b51088249a123d4f3e3dccc,142080,2000000000,2001100000,1100000,10000,1280,320,732212552,1.0400746477272729,4.1602985909090915,32.979527272727275,105.11039999999998,2.819756447591419
20261004-070000-ws25-formal-s31-b064-conga,20262531,64,conga,ce699dffe2845dc83e2171a1c309c6d96b96d2b3,results/20261004-070000-ws25-formal-s31-b064-conga/raw/688593146/688593146_out_uplink.txt,ef98c438e9c09fe65740c6d5afd18584832b6caf141406fe869562716366ae6b,129280,2000000000,2001000000,1000000,10000,1280,320,732212552,1.1440821125,4.57632845,54.727903999999995,105.78400000000002,3.088378373600653
20261004-070000-ws25-formal-s31-b064-conweave,20262531,64,conweave,ce699dffe2845dc83e2171a1c309c6d96b96d2b3,results/20261004-070000-ws25-formal-s31-b064-conweave/raw/956990712/956990712_out_uplink.txt,af2ccf672d26aee6ebfed7b085b9e1cb4e46d69f861861721229fca08f2687f1,129280,2000000000,2001000000,1000000,10000,1280,320,744354312,1.1630536125000002,4.652214450000001,38.282144,106.2816,3.1556286331397354
20261004-070000-ws25-formal-s31-b064-drill,20262531,64,drill,ce699dffe2845dc83e2171a1c309c6d96b96d2b3,results/20261004-070000-ws25-formal-s31-b064-drill/raw/202604872/202604872_out_uplink.txt,931371e4491c39140ed4cb3ee958bd793b0f9e82fa6113ba7f0fed1b25c7f4c1,154880,2000000000,2001200000,1200000,10000,1280,320,741798448,0.9658833958333335,3.863533583333334,18.171313333333334,104.668,2.59892069324069
20261004-070000-ws25-formal-s31-b064-fecmp,20262531,64,fecmp,ce699dffe2845dc83e2171a1c309c6d96b96d2b3,results/20261004-070000-ws25-formal-s31-b064-fecmp/raw/934895106/934895106_out_uplink.txt,25bf2732d253ec641fa7120b94d1c6d35da46bb2feac72092d4fd139c66e6729,142080,2000000000,2001100000,1100000,10000,1280,320,732212552,1.0400746477272729,4.1602985909090915,48.79335272727272,105.392,3.02526758220022
20261004-070000-ws25-formal-s31-b064-letflow,20262531,64,letflow,ce699dffe2845dc83e2171a1c309c6d96b96d2b3,results/20261004-070000-ws25-formal-s31-b064-letflow/raw/671677611/671677611_out_uplink.txt,14eb7d4e51cbe62415d9c96802721514eed2ae41a01bdb843a2990426597d1b5,129280,2000000000,2001000000,1000000,10000,1280,320,732212552,1.1440821125,4.57632845,38.064672,105.6664,3.221992041527728
20261004-070000-ws25-formal-s31-b128-classreserve,20262531,128,classreserve,ce699dffe2845dc83e2171a1c309c6d96b96d2b3,results/20261004-070000-ws25-formal-s31-b128-classreserve/raw/264310977/264310977_out_uplink.txt,cafbddefa72aa3be224da820f0cb84c84fbc5553b17726ab3f1b98cc52246f68,142080,2000000000,2001100000,1100000,10000,1280,320,1317773612,1.8718375170454546,7.487350068181819,50.114036363636366,105.28400000000002,2.4478906725373113
20261004-070000-ws25-formal-s31-b128-conga,20262531,128,conga,ce699dffe2845dc83e2171a1c309c6d96b96d2b3,results/20261004-070000-ws25-formal-s31-b128-conga/raw/658540210/658540210_out_uplink.txt,f56c0eef49daa81cff500655e001cec881e0857fffd3450ad2dea676340444ce,129280,2000000000,2001000000,1000000,10000,1280,320,1317773612,2.0590212687499996,8.236085074999998,71.831776,105.7888,2.873680080479465
20261004-070000-ws25-formal-s31-b128-conweave,20262531,128,conweave,ce699dffe2845dc83e2171a1c309c6d96b96d2b3,results/20261004-070000-ws25-formal-s31-b128-conweave/raw/750584656/750584656_out_uplink.txt,8c39c4ec430eeb7f1a278c9e2cc02941f1fd74b3a9f6241a37d5b064d88b73ef,129280,2000000000,2001000000,1000000,10000,1280,320,1337647468,2.0900741687499997,8.360296674999999,57.14020000000001,106.1936,2.850086602633366
20261004-070000-ws25-formal-s31-b128-drill,20262531,128,drill,ce699dffe2845dc83e2171a1c309c6d96b96d2b3,results/20261004-070000-ws25-formal-s31-b128-drill/raw/546771919/546771919_out_uplink.txt,c62a8cefede768366a68c49ec0d398c54cbd1b1eb65df869a09a3f7292901f80,167680,2000000000,2001300000,1300000,10000,1280,320,1331760732,1.6006739567307693,6.402695826923077,41.727212307692305,104.4672,2.306612616922683
20261004-070000-ws25-formal-s31-b128-fecmp,20262531,128,fecmp,ce699dffe2845dc83e2171a1c309c6d96b96d2b3,results/20261004-070000-ws25-formal-s31-b128-fecmp/raw/37652172/37652172_out_uplink.txt,d37bbd90aec0ab30485c1258bc47b45ced587684e27bf38fc3fb432febedcbad,154880,2000000000,2001200000,1200000,10000,1280,320,1317773612,1.7158510572916663,6.863404229166665,59.32008,105.9056,2.7323078429323906
20261004-070000-ws25-formal-s31-b128-letflow,20262531,128,letflow,ce699dffe2845dc83e2171a1c309c6d96b96d2b3,results/20261004-070000-ws25-formal-s31-b128-letflow/raw/158844258/158844258_out_uplink.txt,a2bcf1b3728891b2e5350f5453f3ed9fd78bf142229e502f98ebfa426b69b528,142080,2000000000,2001100000,1100000,10000,1280,320,1317773612,1.8718375170454546,7.487350068181819,50.52079272727273,105.63680000000001,2.931863276815009
20261004-070000-ws25-formal-s31-b192-classreserve,20262531,192,classreserve,ce699dffe2845dc83e2171a1c309c6d96b96d2b3,results/20261004-070000-ws25-formal-s31-b192-classreserve/raw/612152614/612152614_out_uplink.txt,970249945e81e82db728df645f251a3a71c757f8e433580134b63c44c08ece7d,244480,2000000000,2001900000,1900000,10000,1280,320,1894040052,1.5575987269736842,6.230394907894737,28.40473263157895,105.4008,2.3988697677412842
20261004-070000-ws25-formal-s31-b192-conga,20262531,192,conga,ce699dffe2845dc83e2171a1c309c6d96b96d2b3,results/20261004-070000-ws25-formal-s31-b192-conga/raw/999269715/999269715_out_uplink.txt,7bf110ed1e258f02112805da5f5a9a347bb6667491ea15bc3cc292d2f47bfce5,257280,2000000000,2002000000,2000000,10000,1280,320,1894040052,1.479718790625,5.9188751625,35.915888,105.51360000000001,2.4710097150104438
20261004-070000-ws25-formal-s31-b192-conweave,20262531,192,conweave,ce699dffe2845dc83e2171a1c309c6d96b96d2b3,results/20261004-070000-ws25-formal-s31-b192-conweave/raw/922556326/922556326_out_uplink.txt,fbffea06ab66ca755afba58925ad23a48e3e0bd29faefce106f802b587a39caf,244480,2000000000,2001900000,1900000,10000,1280,320,1925314996,1.5833182532894736,6.3332730131578945,30.68993684210526,106.31199999999998,2.5178589163368645
20261004-070000-ws25-formal-s31-b192-drill,20262531,192,drill,ce699dffe2845dc83e2171a1c309c6d96b96d2b3,results/20261004-070000-ws25-formal-s31-b192-drill/raw/629463988/629463988_out_uplink.txt,9052c4529519ec718af536f8fd5238d9c4ee27f9b7577cb899ae621c8d980881,270080,2000000000,2002100000,2100000,10000,1280,320,1913222448,1.4235286071428572,5.694114428571429,31.246609523809525,104.4584,1.9210342983400388
20261004-070000-ws25-formal-s31-b192-fecmp,20262531,192,fecmp,ce699dffe2845dc83e2171a1c309c6d96b96d2b3,results/20261004-070000-ws25-formal-s31-b192-fecmp/raw/43951675/43951675_out_uplink.txt,767e15bd135312fa51e73aea3a5cf342a289759bcd3d70fe2dca6c1b42b02a50,244480,2000000000,2001900000,1900000,10000,1280,320,1894040052,1.5575987269736842,6.230394907894737,37.96508631578947,105.54720000000002,2.515882288818779
20261004-070000-ws25-formal-s31-b192-letflow,20262531,192,letflow,ce699dffe2845dc83e2171a1c309c6d96b96d2b3,results/20261004-070000-ws25-formal-s31-b192-letflow/raw/569819478/569819478_out_uplink.txt,c474c1c155d537e9da98a9220e837130067c0f2f2ef5fed00f36fdccaffe4a1e,270080,2000000000,2002100000,2100000,10000,1280,320,1894040052,1.4092559910714286,5.6370239642857145,43.01040380952381,105.50320000000002,2.542990503024493
20261004-070000-ws25-formal-s32-b000-classreserve,20262532,0,classreserve,ce699dffe2845dc83e2171a1c309c6d96b96d2b3,results/20261004-070000-ws25-formal-s32-b000-classreserve/raw/117786360/117786360_out_uplink.txt,6b5b4263b50a6e7b2e1b73785dc40e0ed97918cd914247f3d04b0a020aee27d8,14080,2000000000,2000100000,100000,10000,1280,320,146944740,2.2960115625,9.18404625,12.20416,105.2456,0.19983888651279458
20261004-070000-ws25-formal-s32-b000-conga,20262532,0,conga,ce699dffe2845dc83e2171a1c309c6d96b96d2b3,results/20261004-070000-ws25-formal-s32-b000-conga/raw/340895141/340895141_out_uplink.txt,8504910563bd1f7883349c1258cefd24972ad2713c8ab31df2e4b62e61542230,14080,2000000000,2000100000,100000,10000,1280,320,146944740,2.2960115625,9.18404625,16.3008,105.20560000000002,0.5334443766137168
20261004-070000-ws25-formal-s32-b000-conweave,20262532,0,conweave,ce699dffe2845dc83e2171a1c309c6d96b96d2b3,results/20261004-070000-ws25-formal-s32-b000-conweave/raw/219654287/219654287_out_uplink.txt,08b0b63e1bbb10ae895b4771c73996e55c802834ef15688894e80d87c037ba2a,14080,2000000000,2000100000,100000,10000,1280,320,154892900,2.4202015625000004,9.680806250000002,14.59528,106.1728,0.355987728995969
20261004-070000-ws25-formal-s32-b000-drill,20262532,0,drill,ce699dffe2845dc83e2171a1c309c6d96b96d2b3,results/20261004-070000-ws25-formal-s32-b000-drill/raw/647747937/647747937_out_uplink.txt,e1088884e96049d7f7dd1dbc1cfb673bdb2f8c8b589db276c03af8f997cfc08b,14080,2000000000,2000100000,100000,10000,1280,320,147408608,2.3032595000000002,9.213038000000001,11.69288,104.2352,0.09219540324631652
20261004-070000-ws25-formal-s32-b000-fecmp,20262532,0,fecmp,ce699dffe2845dc83e2171a1c309c6d96b96d2b3,results/20261004-070000-ws25-formal-s32-b000-fecmp/raw/821940249/821940249_out_uplink.txt,f8451c9ea05f69444d4ecd4a97352de8428900542d1df170de13dc5be299426c,14080,2000000000,2000100000,100000,10000,1280,320,146944740,2.2960115625,9.18404625,14.381920000000001,105.3072,0.38876212810467875
20261004-070000-ws25-formal-s32-b000-letflow,20262532,0,letflow,ce699dffe2845dc83e2171a1c309c6d96b96d2b3,results/20261004-070000-ws25-formal-s32-b000-letflow/raw/328472316/328472316_out_uplink.txt,111daf2caafa5acf114c2ab399cc1032ea8aef39a021874b14dbbc8719597e8e,14080,2000000000,2000100000,100000,10000,1280,320,146944740,2.2960115625,9.18404625,14.11256,105.3432,0.43139543068694985
20261004-070000-ws25-formal-s32-b064-classreserve,20262532,64,classreserve,ce699dffe2845dc83e2171a1c309c6d96b96d2b3,results/20261004-070000-ws25-formal-s32-b064-classreserve/raw/740472054/740472054_out_uplink.txt,d96b9c49b38a87dabe0a42cda94a1271e033dd8a689e986db62aa854d2ce253d,90880,2000000000,2000700000,700000,10000,1280,320,704621940,1.5728168303571428,6.291267321428571,51.875885714285715,105.2456,2.5244291762156124
20261004-070000-ws25-formal-s32-b064-conga,20262532,64,conga,ce699dffe2845dc83e2171a1c309c6d96b96d2b3,results/20261004-070000-ws25-formal-s32-b064-conga/raw/562486386/562486386_out_uplink.txt,096f93d13166eca3828427651f2d5611da528c9433014b29f5fb3e2142b9dbed,90880,2000000000,2000700000,700000,10000,1280,320,704621940,1.5728168303571428,6.291267321428571,76.39805714285714,105.43440000000001,2.828141202892955
20261004-070000-ws25-formal-s32-b064-conweave,20262532,64,conweave,ce699dffe2845dc83e2171a1c309c6d96b96d2b3,results/20261004-070000-ws25-formal-s32-b064-conweave/raw/537490766/537490766_out_uplink.txt,37ed0beadda0edc84a3fefcca8e7a4a15421c068ab144e5ff0debf35cb0b20a0,90880,2000000000,2000700000,700000,10000,1280,320,716201524,1.5986641160714286,6.394656464285714,53.13028571428571,106.24960000000002,2.682437663871249
20261004-070000-ws25-formal-s32-b064-drill,20262532,64,drill,ce699dffe2845dc83e2171a1c309c6d96b96d2b3,results/20261004-070000-ws25-formal-s32-b064-drill/raw/835584542/835584542_out_uplink.txt,cf2bd79f122fd3f9076dab677b1d3f6bc3c136b5d075ec3bdc4d43cb2c5f8804,103680,2000000000,2000800000,800000,10000,1280,320,712993340,1.3925651171875,5.57026046875,32.41422,104.3776,2.1858644173437867
20261004-070000-ws25-formal-s32-b064-fecmp,20262532,64,fecmp,ce699dffe2845dc83e2171a1c309c6d96b96d2b3,results/20261004-070000-ws25-formal-s32-b064-fecmp/raw/94079920/94079920_out_uplink.txt,751ea676438a7b09068608b6269c88c382c83586375363bfdea1b6d65a0be85f,90880,2000000000,2000700000,700000,10000,1280,320,704621940,1.5728168303571428,6.291267321428571,76.26868571428571,105.3256,2.6738795824937265
20261004-070000-ws25-formal-s32-b064-letflow,20262532,64,letflow,ce699dffe2845dc83e2171a1c309c6d96b96d2b3,results/20261004-070000-ws25-formal-s32-b064-letflow/raw/711036731/711036731_out_uplink.txt,c06b52925d7999976851ea5d91795e0a711da0559868c36f9110a8a7937c3162,90880,2000000000,2000700000,700000,10000,1280,320,704621940,1.5728168303571428,6.291267321428571,52.42404571428571,105.3368,2.7708640704112715
20261004-070000-ws25-formal-s32-b128-classreserve,20262532,128,classreserve,ce699dffe2845dc83e2171a1c309c6d96b96d2b3,results/20261004-070000-ws25-formal-s32-b128-classreserve/raw/206376629/206376629_out_uplink.txt,2fa0b0ec7526d3a65fb0c45df8b5ef8bbca77213dfa7754f631a87cbebedee25,167680,2000000000,2001300000,1300000,10000,1280,320,1299477620,1.561872139423077,6.247488557692308,54.223796923076925,105.388,2.414797036063966
20261004-070000-ws25-formal-s32-b128-conga,20262532,128,conga,ce699dffe2845dc83e2171a1c309c6d96b96d2b3,results/20261004-070000-ws25-formal-s32-b128-conga/raw/844688884/844688884_out_uplink.txt,23357f704de8dbe3b1d39874d9c3ebecb0c3500d637da6aa37f54ce8a8cb182d,193280,2000000000,2001500000,1500000,10000,1280,320,1299477620,1.3536225208333332,5.414490083333333,47.353296,105.4664,2.734230259618559
20261004-070000-ws25-formal-s32-b128-conweave,20262532,128,conweave,ce699dffe2845dc83e2171a1c309c6d96b96d2b3,results/20261004-070000-ws25-formal-s32-b128-conweave/raw/997358263/997358263_out_uplink.txt,b865ce3972d6172a3fad81bca94934f359f78b656fe95a056607b9a234eece76,180480,2000000000,2001400000,1400000,10000,1280,320,1319775028,1.4729632008928573,5.891852803571429,39.251,106.27680000000001,2.968862197868401
20261004-070000-ws25-formal-s32-b128-drill,20262532,128,drill,ce699dffe2845dc83e2171a1c309c6d96b96d2b3,results/20261004-070000-ws25-formal-s32-b128-drill/raw/312638544/312638544_out_uplink.txt,440438fde62d320bf97cedea1f9046aa4f873674f44ed00378b14684242524b3,193280,2000000000,2001500000,1500000,10000,1280,320,1313124988,1.3678385291666666,5.471354116666666,29.71153066666667,104.5536,2.161241384859361
20261004-070000-ws25-formal-s32-b128-fecmp,20262532,128,fecmp,ce699dffe2845dc83e2171a1c309c6d96b96d2b3,results/20261004-070000-ws25-formal-s32-b128-fecmp/raw/193381747/193381747_out_uplink.txt,e9a2637ea51534e0797c72fa73e7b37bda898d9385b87a19f63512a0ca107b2e,154880,2000000000,2001200000,1200000,10000,1280,320,1299477620,1.6920281510416668,6.768112604166667,74.63323333333334,105.412,2.5583887346733625
20261004-070000-ws25-formal-s32-b128-letflow,20262532,128,letflow,ce699dffe2845dc83e2171a1c309c6d96b96d2b3,results/20261004-070000-ws25-formal-s32-b128-letflow/raw/731775195/731775195_out_uplink.txt,cbdb73b4c748556155fd7f7ea7a13dfd4bfd36d6cbd3849174402f43c0de52f3,154880,2000000000,2001200000,1200000,10000,1280,320,1299477620,1.6920281510416668,6.768112604166667,46.18224,105.3976,2.6743206869425835
20261004-070000-ws25-formal-s32-b192-classreserve,20262532,192,classreserve,ce699dffe2845dc83e2171a1c309c6d96b96d2b3,results/20261004-070000-ws25-formal-s32-b192-classreserve/raw/754296344/754296344_out_uplink.txt,042577acbe9c4a6871807449fe5651a9533b4352be2c92b65ec39222a22fb447,231680,2000000000,2001800000,1800000,10000,1280,320,1894333300,1.6443865451388888,6.577546180555555,49.47582222222222,105.42479999999999,2.5851780859383675
20261004-070000-ws25-formal-s32-b192-conga,20262532,192,conga,ce699dffe2845dc83e2171a1c309c6d96b96d2b3,results/20261004-070000-ws25-formal-s32-b192-conga/raw/988355969/988355969_out_uplink.txt,63ab0913b68d2e4568e85f349a7e0aef7726cfb2ed73484d4398d9356a59b46f,206080,2000000000,2001600000,1600000,10000,1280,320,1894333300,1.8499348632812498,7.399739453124999,46.294700000000006,105.62,2.5251693719231043
20261004-070000-ws25-formal-s32-b192-conweave,20262532,192,conweave,ce699dffe2845dc83e2171a1c309c6d96b96d2b3,results/20261004-070000-ws25-formal-s32-b192-conweave/raw/950913276/950913276_out_uplink.txt,cd74c83be319e0b0d5f82d9d9e0aa4c132282540f82615d5e12d1b245ed27f58,206080,2000000000,2001600000,1600000,10000,1280,320,1924047796,1.87895292578125,7.515811703125,45.93432,106.3248,2.683941514824847
20261004-070000-ws25-formal-s32-b192-drill,20262532,192,drill,ce699dffe2845dc83e2171a1c309c6d96b96d2b3,results/20261004-070000-ws25-formal-s32-b192-drill/raw/744295064/744295064_out_uplink.txt,c169e9c429257d37ddbd6c1b29d3acb4c8c02f6f9261ca981f303cf44863d930,218880,2000000000,2001700000,1700000,10000,1280,320,1913679688,1.7588967720588238,7.035587088235295,42.00187294117647,104.86,2.115856084135632
20261004-070000-ws25-formal-s32-b192-fecmp,20262532,192,fecmp,ce699dffe2845dc83e2171a1c309c6d96b96d2b3,results/20261004-070000-ws25-formal-s32-b192-fecmp/raw/900519942/900519942_out_uplink.txt,090080682418e1164765fbceeec58f9a9e3977a3c6bc3569b911e3eccfab4b82,206080,2000000000,2001600000,1600000,10000,1280,320,1894333300,1.8499348632812498,7.399739453124999,66.964025,105.4048,2.4878437699954614
20261004-070000-ws25-formal-s32-b192-letflow,20262532,192,letflow,ce699dffe2845dc83e2171a1c309c6d96b96d2b3,results/20261004-070000-ws25-formal-s32-b192-letflow/raw/463155811/463155811_out_uplink.txt,aaceb433989d6f65eb26726f505c00435f91d9a693f3ffc9b89a48700c192c13,206080,2000000000,2001600000,1600000,10000,1280,320,1894333300,1.8499348632812498,7.399739453124999,35.83708,105.51439999999998,2.511373991948063
20261004-070000-ws25-formal-s33-b000-classreserve,20262533,0,classreserve,ce699dffe2845dc83e2171a1c309c6d96b96d2b3,results/20261004-070000-ws25-formal-s33-b000-classreserve/raw/101975882/101975882_out_uplink.txt,a45facff7f8ab4ef6eedf8e0b2f331cb6007aeccff9d8b25424280b05f2e8eb3,14080,2000000000,2000100000,100000,10000,1280,320,146953904,2.2961547500000004,9.184619000000001,12.086000000000002,105.2728,0.19690313047973523
20261004-070000-ws25-formal-s33-b000-conga,20262533,0,conga,ce699dffe2845dc83e2171a1c309c6d96b96d2b3,results/20261004-070000-ws25-formal-s33-b000-conga/raw/779846568/779846568_out_uplink.txt,8b3b310578e0c7f5ab219b348923d03f2de41ae9bc50a992b24bb4ced120d46b,14080,2000000000,2000100000,100000,10000,1280,320,146953904,2.2961547500000004,9.184619000000001,15.2116,105.264,0.5377904841386054
20261004-070000-ws25-formal-s33-b000-conweave,20262533,0,conweave,ce699dffe2845dc83e2171a1c309c6d96b96d2b3,results/20261004-070000-ws25-formal-s33-b000-conweave/raw/24863753/24863753_out_uplink.txt,19dc55a98f3e6158aa74e457e984c6f192aa14386922c19f3049bea813310fe6,14080,2000000000,2000100000,100000,10000,1280,320,154849968,2.41953075,9.678123,14.56696,106.2456,0.3689341807767796
20261004-070000-ws25-formal-s33-b000-drill,20262533,0,drill,ce699dffe2845dc83e2171a1c309c6d96b96d2b3,results/20261004-070000-ws25-formal-s33-b000-drill/raw/660847272/660847272_out_uplink.txt,89fc3e403b6e79d6f64288dbf09f1df370b6f43a5f6763cd9996528104d69797,14080,2000000000,2000100000,100000,10000,1280,320,147671532,2.3073676875,9.22947075,11.79344,104.4208,0.07985476024802414
20261004-070000-ws25-formal-s33-b000-fecmp,20262533,0,fecmp,ce699dffe2845dc83e2171a1c309c6d96b96d2b3,results/20261004-070000-ws25-formal-s33-b000-fecmp/raw/89150526/89150526_out_uplink.txt,faee0526af69252030b185043cfd28e656d5afbca4839daf680cfa3d7c314d5f,14080,2000000000,2000100000,100000,10000,1280,320,146953904,2.2961547500000004,9.184619000000001,14.4572,105.2656,0.3622338505249531
20261004-070000-ws25-formal-s33-b000-letflow,20262533,0,letflow,ce699dffe2845dc83e2171a1c309c6d96b96d2b3,results/20261004-070000-ws25-formal-s33-b000-letflow/raw/587461517/587461517_out_uplink.txt,cc6d8076bb958558d91f1efd20e37600069f47cf7a907c624ea59b6a181f2dba,14080,2000000000,2000100000,100000,10000,1280,320,146953904,2.2961547500000004,9.184619000000001,15.880559999999997,105.2184,0.4284810429852306
20261004-070000-ws25-formal-s33-b064-classreserve,20262533,64,classreserve,ce699dffe2845dc83e2171a1c309c6d96b96d2b3,results/20261004-070000-ws25-formal-s33-b064-classreserve/raw/951347018/951347018_out_uplink.txt,60a5b8e03586fd89393a8921c98053d4e654d71d8c4b954efa0760d2a312d886,116480,2000000000,2000900000,900000,10000,1280,320,732514964,1.2717273680555556,5.086909472222223,58.73319111111111,105.7032,2.7382649862068056
20261004-070000-ws25-formal-s33-b064-conga,20262533,64,conga,ce699dffe2845dc83e2171a1c309c6d96b96d2b3,results/20261004-070000-ws25-formal-s33-b064-conga/raw/862476628/862476628_out_uplink.txt,6e0c11997fdd1e3d49981e075a1a03078fd8ae00ebc1615011fc0df3f5c7bf0b,116480,2000000000,2000900000,900000,10000,1280,320,732514964,1.2717273680555556,5.086909472222223,40.97073777777778,105.5528,3.087228612111307
20261004-070000-ws25-formal-s33-b064-conweave,20262533,64,conweave,ce699dffe2845dc83e2171a1c309c6d96b96d2b3,results/20261004-070000-ws25-formal-s33-b064-conweave/raw/82982213/82982213_out_uplink.txt,767be2392c15a3560708b6b59ff985af942fcc334c7e0bdbb0a8c49c468a20c1,116480,2000000000,2000900000,900000,10000,1280,320,745372308,1.2940491458333334,5.176196583333334,43.24944000000001,106.32800000000002,2.669550230550178
20261004-070000-ws25-formal-s33-b064-drill,20262533,64,drill,ce699dffe2845dc83e2171a1c309c6d96b96d2b3,results/20261004-070000-ws25-formal-s33-b064-drill/raw/584999813/584999813_out_uplink.txt,ea6a20019af92f046a8c8007189a3c810c9886e83bf08fbd9b16798430b4b12f,129280,2000000000,2001000000,1000000,10000,1280,320,741541744,1.158658975,4.6346359,36.754384,105.0008,2.464310128372429
20261004-070000-ws25-formal-s33-b064-fecmp,20262533,64,fecmp,ce699dffe2845dc83e2171a1c309c6d96b96d2b3,results/20261004-070000-ws25-formal-s33-b064-fecmp/raw/39806489/39806489_out_uplink.txt,6c8920f8b46e1d429be570e39b6d1dc6c2d77f8087b502da543188a95c2bde20,116480,2000000000,2000900000,900000,10000,1280,320,732514964,1.2717273680555556,5.086909472222223,60.41345777777778,105.48560000000002,2.9284426619994806
20261004-070000-ws25-formal-s33-b064-letflow,20262533,64,letflow,ce699dffe2845dc83e2171a1c309c6d96b96d2b3,results/20261004-070000-ws25-formal-s33-b064-letflow/raw/398760112/398760112_out_uplink.txt,d66ce0d376968adfdf6e2610e80b46428f4e14234cf745a280dc99d49e6e955c,116480,2000000000,2000900000,900000,10000,1280,320,732514964,1.2717273680555556,5.086909472222223,59.46864000000001,105.4984,2.8885729533606517
20261004-070000-ws25-formal-s33-b128-classreserve,20262533,128,classreserve,ce699dffe2845dc83e2171a1c309c6d96b96d2b3,results/20261004-070000-ws25-formal-s33-b128-classreserve/raw/607283680/607283680_out_uplink.txt,d9c75dccff7ef77f95baedc0ae41c6f862a0df587dd518812e1bc2ca480e6204,167680,2000000000,2001300000,1300000,10000,1280,320,1299486784,1.561883153846154,6.247532615384616,42.16370461538461,105.392,2.6951467636046393
20261004-070000-ws25-formal-s33-b128-conga,20262533,128,conga,ce699dffe2845dc83e2171a1c309c6d96b96d2b3,results/20261004-070000-ws25-formal-s33-b128-conga/raw/429995888/429995888_out_uplink.txt,b86689e12e8088b3f2452616a4b847498213dcb9f83dc8f121d1e95a36757485,167680,2000000000,2001300000,1300000,10000,1280,320,1299486784,1.561883153846154,6.247532615384616,41.30908923076923,105.6248,2.9357972989722585
20261004-070000-ws25-formal-s33-b128-conweave,20262533,128,conweave,ce699dffe2845dc83e2171a1c309c6d96b96d2b3,results/20261004-070000-ws25-formal-s33-b128-conweave/raw/774702410/774702410_out_uplink.txt,373317683462aa564991a56ddd997ebeb71f39717c6a49b1579759ddfd1ca8d2,180480,2000000000,2001400000,1400000,10000,1280,320,1322703744,1.476231857142857,5.904927428571428,38.822291428571425,106.34719999999999,2.7045381757936537
20261004-070000-ws25-formal-s33-b128-drill,20262533,128,drill,ce699dffe2845dc83e2171a1c309c6d96b96d2b3,results/20261004-070000-ws25-formal-s33-b128-drill/raw/564780297/564780297_out_uplink.txt,2c2c9f35c478d2f080c876ec34a5d421babe9ce4fab0f15e0a638ef6d65e4e39,193280,2000000000,2001500000,1500000,10000,1280,320,1313646532,1.3683818041666667,5.473527216666667,28.56510933333333,104.6472,2.4330012018667064
20261004-070000-ws25-formal-s33-b128-fecmp,20262533,128,fecmp,ce699dffe2845dc83e2171a1c309c6d96b96d2b3,results/20261004-070000-ws25-formal-s33-b128-fecmp/raw/356236652/356236652_out_uplink.txt,cf624dc574b921345ee1dfe20a7ff2c9f37c8aece787c070d3159033f1a716e6,167680,2000000000,2001300000,1300000,10000,1280,320,1299486784,1.561883153846154,6.247532615384616,42.55760615384615,105.5592,3.095744541527509
20261004-070000-ws25-formal-s33-b128-letflow,20262533,128,letflow,ce699dffe2845dc83e2171a1c309c6d96b96d2b3,results/20261004-070000-ws25-formal-s33-b128-letflow/raw/501809766/501809766_out_uplink.txt,0650507b3840ad31e5526857449bc2886044503a89547650abb08e91d6e0e6cc,167680,2000000000,2001300000,1300000,10000,1280,320,1299486784,1.561883153846154,6.247532615384616,55.31077538461538,105.4392,2.9271523313979064
20261004-070000-ws25-formal-s33-b192-classreserve,20262533,192,classreserve,ce699dffe2845dc83e2171a1c309c6d96b96d2b3,results/20261004-070000-ws25-formal-s33-b192-classreserve/raw/260857889/260857889_out_uplink.txt,e36b502c9f1b0d9c9ade0271d8efada4ff85479d0b26b080bc00723fd8c3177f,257280,2000000000,2002000000,2000000,10000,1280,320,1885047844,1.472693628125,5.8907745125,36.189064,105.2968,2.1245971442182805
20261004-070000-ws25-formal-s33-b192-conga,20262533,192,conga,ce699dffe2845dc83e2171a1c309c6d96b96d2b3,results/20261004-070000-ws25-formal-s33-b192-conga/raw/578887691/578887691_out_uplink.txt,07f815cba5023e4d4ada96cb8ec9ad58506c5c2b1133bdcd2a832cdbd0d3f3d4,244480,2000000000,2001900000,1900000,10000,1280,320,1885047844,1.5502038190789473,6.200815276315789,55.85412210526316,105.8184,2.5647289539124456
20261004-070000-ws25-formal-s33-b192-conweave,20262533,192,conweave,ce699dffe2845dc83e2171a1c309c6d96b96d2b3,results/20261004-070000-ws25-formal-s33-b192-conweave/raw/986701008/986701008_out_uplink.txt,4f3e6109ec1b5ccf5c666b2af95473272d2dd1b47b7e973f1d76f2ec23e359da,244480,2000000000,2001900000,1900000,10000,1280,320,1918796772,1.5779578717105263,6.311831486842105,40.015330526315786,106.3968,2.442679689982792
20261004-070000-ws25-formal-s33-b192-drill,20262533,192,drill,ce699dffe2845dc83e2171a1c309c6d96b96d2b3,results/20261004-070000-ws25-formal-s33-b192-drill/raw/770207906/770207906_out_uplink.txt,7f82c7c5cf286e6a3e11693e6ee1f307fb352935286e95cb288bcc6506bd1e0e,282880,2000000000,2002200000,2200000,10000,1280,320,1905159348,1.353096127840909,5.412384511363636,28.679661818181817,104.95279999999998,1.9153547498513646
20261004-070000-ws25-formal-s33-b192-fecmp,20262533,192,fecmp,ce699dffe2845dc83e2171a1c309c6d96b96d2b3,results/20261004-070000-ws25-formal-s33-b192-fecmp/raw/202481547/202481547_out_uplink.txt,405d1b74fc4e7ff269ad574194ef4c4a24dc693fcd0b7dc812f63ffd6d212ee0,270080,2000000000,2002100000,2100000,10000,1280,320,1885047844,1.4025653601190475,5.61026144047619,43.116148571428575,105.54720000000002,2.467592109875902
20261004-070000-ws25-formal-s33-b192-letflow,20262533,192,letflow,ce699dffe2845dc83e2171a1c309c6d96b96d2b3,results/20261004-070000-ws25-formal-s33-b192-letflow/raw/988706610/988706610_out_uplink.txt,1f54864dd6e094095634bce730f33f9725474c11db883bd628b0e941774ddd5d,270080,2000000000,2002100000,2100000,10000,1280,320,1885047844,1.4025653601190475,5.61026144047619,43.048899047619045,106.156,2.641190071602204
20261004-070000-ws25-formal-s34-b000-classreserve,20262534,0,classreserve,ce699dffe2845dc83e2171a1c309c6d96b96d2b3,results/20261004-070000-ws25-formal-s34-b000-classreserve/raw/876248688/876248688_out_uplink.txt,47fbcdd9ed252947b5ceda9ace7306486037d33502d6bf5037bbbb87b735e66c,14080,2000000000,2000100000,100000,10000,1280,320,146990560,2.2967275,9.18691,12.26896,105.3144,0.21507922033822036
20261004-070000-ws25-formal-s34-b000-conga,20262534,0,conga,ce699dffe2845dc83e2171a1c309c6d96b96d2b3,results/20261004-070000-ws25-formal-s34-b000-conga/raw/418428293/418428293_out_uplink.txt,011deb726b7ce3a5227460e1f3897f865ad5aedf253cb5b8d90ce1655bf1ebaa,14080,2000000000,2000100000,100000,10000,1280,320,146990560,2.2967275,9.18691,17.32456,105.3616,0.5073023022032219
20261004-070000-ws25-formal-s34-b000-conweave,20262534,0,conweave,ce699dffe2845dc83e2171a1c309c6d96b96d2b3,results/20261004-070000-ws25-formal-s34-b000-conweave/raw/893300684/893300684_out_uplink.txt,cf3ca63c89d7e2723aefb5ab603c17d26cf697e616d9148040b45232e3b0e2c8,14080,2000000000,2000100000,100000,10000,1280,320,154761376,2.4181464999999998,9.672585999999999,15.44464,106.296,0.36488487405738146
20261004-070000-ws25-formal-s34-b000-drill,20262534,0,drill,ce699dffe2845dc83e2171a1c309c6d96b96d2b3,results/20261004-070000-ws25-formal-s34-b000-drill/raw/132211314/132211314_out_uplink.txt,598d5492706e1bb7534494258d2b7f1248805b6b0c8694689a496722101ac4de,14080,2000000000,2000100000,100000,10000,1280,320,147507188,2.3047998124999998,9.219199249999999,11.70016,104.024,0.08814636734729599
20261004-070000-ws25-formal-s34-b000-fecmp,20262534,0,fecmp,ce699dffe2845dc83e2171a1c309c6d96b96d2b3,results/20261004-070000-ws25-formal-s34-b000-fecmp/raw/440174662/440174662_out_uplink.txt,b3993ce97b34c7e6a58923814eb6c5cc702ff6cd841c0bfcd0e7982f0e0dd7c0,14080,2000000000,2000100000,100000,10000,1280,320,146990560,2.2967275,9.18691,13.6164,105.27600000000001,0.38258477533691304
20261004-070000-ws25-formal-s34-b000-letflow,20262534,0,letflow,ce699dffe2845dc83e2171a1c309c6d96b96d2b3,results/20261004-070000-ws25-formal-s34-b000-letflow/raw/866615216/866615216_out_uplink.txt,a0e64372cc16ec2c6594dfd37ffd863ccb001c8b8afd12f54e3e845d9a544980,14080,2000000000,2000100000,100000,10000,1280,320,146990560,2.2967275,9.18691,15.923440000000001,105.3672,0.44125462471779137
20261004-070000-ws25-formal-s34-b064-classreserve,20262534,64,classreserve,ce699dffe2845dc83e2171a1c309c6d96b96d2b3,results/20261004-070000-ws25-formal-s34-b064-classreserve/raw/707562727/707562727_out_uplink.txt,f269d34b38d0caf3ea7f13686c403e9687537d6d577e6610ee3e9d1cfa061799,103680,2000000000,2000800000,800000,10000,1280,320,713962380,1.3944577734375,5.57783109375,67.27518,105.5952,2.4764182846945664
20261004-070000-ws25-formal-s34-b064-conga,20262534,64,conga,ce699dffe2845dc83e2171a1c309c6d96b96d2b3,results/20261004-070000-ws25-formal-s34-b064-conga/raw/760124513/760124513_out_uplink.txt,f0078bd3d1bd0771b854322df7fd8ef364db0c1c02f92f292270bbaa8c10ce8b,103680,2000000000,2000800000,800000,10000,1280,320,713962380,1.3944577734375,5.57783109375,46.3562,105.4608,2.682552559367312
20261004-070000-ws25-formal-s34-b064-conweave,20262534,64,conweave,ce699dffe2845dc83e2171a1c309c6d96b96d2b3,results/20261004-070000-ws25-formal-s34-b064-conweave/raw/37024088/37024088_out_uplink.txt,87cbe7776418d1dcbd25ffa1ab2f0e4928a0e392b80ff6172dd7a4b70404d99d,103680,2000000000,2000800000,800000,10000,1280,320,726386124,1.4187228984375002,5.674891593750001,49.08518999999999,106.2216,2.7018479152074457
20261004-070000-ws25-formal-s34-b064-drill,20262534,64,drill,ce699dffe2845dc83e2171a1c309c6d96b96d2b3,results/20261004-070000-ws25-formal-s34-b064-drill/raw/814826751/814826751_out_uplink.txt,13a12dad713742127599283eaa885924ee70f868bbf17d50e2272c683f77c90d,129280,2000000000,2001000000,1000000,10000,1280,320,722726208,1.1292597,4.5170388,22.801864000000002,104.0264,2.1684644672320315
20261004-070000-ws25-formal-s34-b064-fecmp,20262534,64,fecmp,ce699dffe2845dc83e2171a1c309c6d96b96d2b3,results/20261004-070000-ws25-formal-s34-b064-fecmp/raw/879193974/879193974_out_uplink.txt,cf1e1596e6a1f7864095cd1f8db190b008dbdb05ebf9195e7958bf2572ca576a,103680,2000000000,2000800000,800000,10000,1280,320,713962380,1.3944577734375,5.57783109375,67.6417,105.6056,2.611547488444231
20261004-070000-ws25-formal-s34-b064-letflow,20262534,64,letflow,ce699dffe2845dc83e2171a1c309c6d96b96d2b3,results/20261004-070000-ws25-formal-s34-b064-letflow/raw/954628277/954628277_out_uplink.txt,7e0d170e9a7f8984f9fd23533f8a8b8d8d77376eedfca599b929d2aa3be99a21,90880,2000000000,2000700000,700000,10000,1280,320,713962380,1.5936660267857141,6.3746641071428565,54.282628571428575,105.708,2.7204205345439925
20261004-070000-ws25-formal-s34-b128-classreserve,20262534,128,classreserve,ce699dffe2845dc83e2171a1c309c6d96b96d2b3,results/20261004-070000-ws25-formal-s34-b128-classreserve/raw/603082011/603082011_out_uplink.txt,8a6a6f1748b5d686631a7bb4a79601a6a7fb7339cbd4c803341b894a3ba382bc,218880,2000000000,2001700000,1700000,10000,1280,320,1280934200,1.1773292279411764,4.709316911764706,32.25107294117647,105.3984,2.314774376202984
20261004-070000-ws25-formal-s34-b128-conga,20262534,128,conga,ce699dffe2845dc83e2171a1c309c6d96b96d2b3,results/20261004-070000-ws25-formal-s34-b128-conga/raw/148685100/148685100_out_uplink.txt,47d19ebbc911598048b8129a7cb5e8d7658953aa30c5d801ef8e2cb8738d6b3e,218880,2000000000,2001700000,1700000,10000,1280,320,1280934200,1.1773292279411764,4.709316911764706,52.14464,105.41759999999998,2.730754391925589
20261004-070000-ws25-formal-s34-b128-conweave,20262534,128,conweave,ce699dffe2845dc83e2171a1c309c6d96b96d2b3,results/20261004-070000-ws25-formal-s34-b128-conweave/raw/276602331/276602331_out_uplink.txt,5da82d16f9be5f5060f33d636f7868069c023303ae7f785c7c6e70b3fa935949,218880,2000000000,2001700000,1700000,10000,1280,320,1302886904,1.1975063455882353,4.790025382352941,42.877581176470585,106.2312,2.4674347550803097
20261004-070000-ws25-formal-s34-b128-drill,20262534,128,drill,ce699dffe2845dc83e2171a1c309c6d96b96d2b3,results/20261004-070000-ws25-formal-s34-b128-drill/raw/870759802/870759802_out_uplink.txt,85862e7c1517fefc4e73671345f92601cc606299cb49b4add3af80e3320bd593,257280,2000000000,2002000000,2000000,10000,1280,320,1295693324,1.012260409375,4.0490416375,24.88182,104.8,1.9472105265256014
20261004-070000-ws25-formal-s34-b128-fecmp,20262534,128,fecmp,ce699dffe2845dc83e2171a1c309c6d96b96d2b3,results/20261004-070000-ws25-formal-s34-b128-fecmp/raw/927178279/927178279_out_uplink.txt,89556aa03543e77874cea2ebac40eae08a712bfe5d6d561d83c6fdf0419927f2,218880,2000000000,2001700000,1700000,10000,1280,320,1280934200,1.1773292279411764,4.709316911764706,43.364117647058826,105.5888,2.431805584334729
20261004-070000-ws25-formal-s34-b128-letflow,20262534,128,letflow,ce699dffe2845dc83e2171a1c309c6d96b96d2b3,results/20261004-070000-ws25-formal-s34-b128-letflow/raw/330053630/330053630_out_uplink.txt,a7dc186684a5f3534276be2b4fc56853aaebaea646b5cf5836eeac3ac140886f,206080,2000000000,2001600000,1600000,10000,1280,320,1280934200,1.2509123046875,5.00364921875,44.821425,105.596,2.437210574927576
20261004-070000-ws25-formal-s34-b192-classreserve,20262534,192,classreserve,ce699dffe2845dc83e2171a1c309c6d96b96d2b3,results/20261004-070000-ws25-formal-s34-b192-classreserve/raw/492085708/492085708_out_uplink.txt,b02ed06ac42a6e39b35a26c71f06d2c16156ebbb8c504606b81e6ad1bd7a2ded,308480,2000000000,2002400000,2400000,10000,1280,320,1866495260,1.2151661848958333,4.860664739583333,38.34273,105.7096,2.0369619499315355
20261004-070000-ws25-formal-s34-b192-conga,20262534,192,conga,ce699dffe2845dc83e2171a1c309c6d96b96d2b3,results/20261004-070000-ws25-formal-s34-b192-conga/raw/363041451/363041451_out_uplink.txt,e5217528bcd37dc89dfa25b6042c9e3af68821ab3008ea68c8e2eaba0fada724,308480,2000000000,2002400000,2400000,10000,1280,320,1866495260,1.2151661848958333,4.860664739583333,38.049953333333335,105.8696,2.2698256100519325
20261004-070000-ws25-formal-s34-b192-conweave,20262534,192,conweave,ce699dffe2845dc83e2171a1c309c6d96b96d2b3,results/20261004-070000-ws25-formal-s34-b192-conweave/raw/618057043/618057043_out_uplink.txt,fc1f7f45c29c26f7f9dcc4e46c77f6b22fa83f721738408bebfb5b1375f1aba4,321280,2000000000,2002500000,2500000,10000,1280,320,1899788060,1.1873675375000001,4.7494701500000005,43.619679999999995,106.2744,2.3476549748602116
20261004-070000-ws25-formal-s34-b192-drill,20262534,192,drill,ce699dffe2845dc83e2171a1c309c6d96b96d2b3,results/20261004-070000-ws25-formal-s34-b192-drill/raw/541922679/541922679_out_uplink.txt,5e20a69df85ec73c39498cdadc41acf3e5dd6a646b763dcb75cb722bfd44aa12,321280,2000000000,2002500000,2500000,10000,1280,320,1886572764,1.1791079775,4.71643191,31.410355200000005,105.12719999999999,1.7122771817862847
20261004-070000-ws25-formal-s34-b192-fecmp,20262534,192,fecmp,ce699dffe2845dc83e2171a1c309c6d96b96d2b3,results/20261004-070000-ws25-formal-s34-b192-fecmp/raw/296702584/296702584_out_uplink.txt,bb0e38f7a671196a9da0def82dd4940724f6c45ec176a957c250c704721b4218,308480,2000000000,2002400000,2400000,10000,1280,320,1866495260,1.2151661848958333,4.860664739583333,45.78378333333333,105.7408,2.140570190840734
20261004-070000-ws25-formal-s34-b192-letflow,20262534,192,letflow,ce699dffe2845dc83e2171a1c309c6d96b96d2b3,results/20261004-070000-ws25-formal-s34-b192-letflow/raw/378020506/378020506_out_uplink.txt,0138209e58c0f47f037b931a1b00cfeda0b26a88c72abe7edefd83c92a83097c,308480,2000000000,2002400000,2400000,10000,1280,320,1866495260,1.2151661848958333,4.860664739583333,30.422586666666668,105.8312,2.235940315559082
20261004-070000-ws25-formal-s35-b000-classreserve,20262535,0,classreserve,ce699dffe2845dc83e2171a1c309c6d96b96d2b3,results/20261004-070000-ws25-formal-s35-b000-classreserve/raw/42628210/42628210_out_uplink.txt,a6e1a46f6ed9f695badc33a0957e73c0fda8f476b32fdd8bb71f385a91deacee,14080,2000000000,2000100000,100000,10000,1280,320,147018052,2.2971570624999997,9.188628249999999,12.225760000000001,105.1024,0.2242072389724008
20261004-070000-ws25-formal-s35-b000-conga,20262535,0,conga,ce699dffe2845dc83e2171a1c309c6d96b96d2b3,results/20261004-070000-ws25-formal-s35-b000-conga/raw/996569545/996569545_out_uplink.txt,d30128db79c2a0c59038044c83fd54454700815236039bc3a6c2556299f3b018,14080,2000000000,2000100000,100000,10000,1280,320,147018052,2.2971570624999997,9.188628249999999,14.4248,105.3256,0.5227961468193902
20261004-070000-ws25-formal-s35-b000-conweave,20262535,0,conweave,ce699dffe2845dc83e2171a1c309c6d96b96d2b3,results/20261004-070000-ws25-formal-s35-b000-conweave/raw/445552181/445552181_out_uplink.txt,c1f69bcb486277692e36aee17218d7061af84f231bc38159627bb87c3384d30c,14080,2000000000,2000100000,100000,10000,1280,320,155041476,2.4225230625,9.69009225,14.50864,106.2136,0.3671010972549106
20261004-070000-ws25-formal-s35-b000-drill,20262535,0,drill,ce699dffe2845dc83e2171a1c309c6d96b96d2b3,results/20261004-070000-ws25-formal-s35-b000-drill/raw/835019414/835019414_out_uplink.txt,11fdf1afe39e4cc8b37109373d1cb51698bbedae22e45d3b0a109cd7b431e9d8,14080,2000000000,2000100000,100000,10000,1280,320,147596216,2.3061908750000004,9.224763500000002,11.72048,104.0432,0.1039641430943348
20261004-070000-ws25-formal-s35-b000-fecmp,20262535,0,fecmp,ce699dffe2845dc83e2171a1c309c6d96b96d2b3,results/20261004-070000-ws25-formal-s35-b000-fecmp/raw/124813081/124813081_out_uplink.txt,577ca1f02025c04f3097f86496e525e1089b09587b93669d96538ac9b67385e0,14080,2000000000,2000100000,100000,10000,1280,320,147018052,2.2971570624999997,9.188628249999999,15.74048,105.3192,0.39845108661226836
20261004-070000-ws25-formal-s35-b000-letflow,20262535,0,letflow,ce699dffe2845dc83e2171a1c309c6d96b96d2b3,results/20261004-070000-ws25-formal-s35-b000-letflow/raw/2705279/2705279_out_uplink.txt,0d8313e2a58a7be257df70599d8519dbbed456157de3fe5f4b1cddad16afae1b,14080,2000000000,2000100000,100000,10000,1280,320,147018052,2.2971570624999997,9.188628249999999,15.78336,105.29519999999998,0.4261018520954168
20261004-070000-ws25-formal-s35-b064-classreserve,20262535,64,classreserve,ce699dffe2845dc83e2171a1c309c6d96b96d2b3,results/20261004-070000-ws25-formal-s35-b064-classreserve/raw/367953749/367953749_out_uplink.txt,c8213fc7cdc43e747581a4ba467262e2d91d8226f4d436739f84bf0b5bee5af2,116480,2000000000,2000900000,900000,10000,1280,320,732579112,1.271838736111111,5.087354944444444,39.748017777777775,105.27600000000001,2.900543724878016
20261004-070000-ws25-formal-s35-b064-conga,20262535,64,conga,ce699dffe2845dc83e2171a1c309c6d96b96d2b3,results/20261004-070000-ws25-formal-s35-b064-conga/raw/427538478/427538478_out_uplink.txt,87d141055ff37c65140283e1b3494fcd7cecfa7d3c061de38454623b33a7c2c9,116480,2000000000,2000900000,900000,10000,1280,320,732579112,1.271838736111111,5.087354944444444,40.61881777777778,105.4288,3.4632863916777827
20261004-070000-ws25-formal-s35-b064-conweave,20262535,64,conweave,ce699dffe2845dc83e2171a1c309c6d96b96d2b3,results/20261004-070000-ws25-formal-s35-b064-conweave/raw/297899198/297899198_out_uplink.txt,4d0e055040ae30973775d1a9e0626a3c6a793ff9f6c1d2d80d1f2b33e6bb8e30,116480,2000000000,2000900000,900000,10000,1280,320,744220776,1.2920499583333334,5.168199833333333,41.32242666666666,106.28400000000002,3.300148618008253
20261004-070000-ws25-formal-s35-b064-drill,20262535,64,drill,ce699dffe2845dc83e2171a1c309c6d96b96d2b3,results/20261004-070000-ws25-formal-s35-b064-drill/raw/81758949/81758949_out_uplink.txt,c755a207e97a4b08a52c28faca9f14b63ea0e3f3cc836acb537c3539fc1f5b7d,129280,2000000000,2001000000,1000000,10000,1280,320,740947156,1.15772993125,4.630919725,35.85852,103.8968,2.9061780998634363
20261004-070000-ws25-formal-s35-b064-fecmp,20262535,64,fecmp,ce699dffe2845dc83e2171a1c309c6d96b96d2b3,results/20261004-070000-ws25-formal-s35-b064-fecmp/raw/884680162/884680162_out_uplink.txt,b656acb5a7a6ee5a0655eca89053b5d9feec9e171f0a16db1360f60451a65965,116480,2000000000,2000900000,900000,10000,1280,320,732579112,1.271838736111111,5.087354944444444,40.34211555555556,105.3704,3.1299064639391627
20261004-070000-ws25-formal-s35-b064-letflow,20262535,64,letflow,ce699dffe2845dc83e2171a1c309c6d96b96d2b3,results/20261004-070000-ws25-formal-s35-b064-letflow/raw/425497474/425497474_out_uplink.txt,4a5a400a894ebc34cba7caf8051ade56c3840808b3292f54c2d96eff3fdfbcaf,116480,2000000000,2000900000,900000,10000,1280,320,732579112,1.271838736111111,5.087354944444444,40.17923555555556,105.4544,3.045330612941883
20261004-070000-ws25-formal-s35-b128-classreserve,20262535,128,classreserve,ce699dffe2845dc83e2171a1c309c6d96b96d2b3,results/20261004-070000-ws25-formal-s35-b128-classreserve/raw/61759211/61759211_out_uplink.txt,f5c0459183503573fbdf48636d35aa726bc192c2881b7a9e9b6c896228e6abda,193280,2000000000,2001500000,1500000,10000,1280,320,1327434792,1.3827445750000003,5.530978300000001,24.859728,105.3856,2.542312275721495
20261004-070000-ws25-formal-s35-b128-conga,20262535,128,conga,ce699dffe2845dc83e2171a1c309c6d96b96d2b3,results/20261004-070000-ws25-formal-s35-b128-conga/raw/332167444/332167444_out_uplink.txt,93a1bfe9cee366f5d9b8ac36e7bf5a30e1cd2dfbb017fcf0aa701e8caedc17c2,167680,2000000000,2001300000,1300000,10000,1280,320,1327434792,1.5954745096153846,6.3818980384615385,56.29496,105.4408,2.894300573672199
20261004-070000-ws25-formal-s35-b128-conweave,20262535,128,conweave,ce699dffe2845dc83e2171a1c309c6d96b96d2b3,results/20261004-070000-ws25-formal-s35-b128-conweave/raw/622660010/622660010_out_uplink.txt,f1bbfb8a428580c47f25b4556708e3d0784c00d1bf65a23dc3377077ba4ce818,167680,2000000000,2001300000,1300000,10000,1280,320,1347057448,1.6190594326923076,6.47623773076923,56.32096615384615,106.5712,3.0359273086444336
20261004-070000-ws25-formal-s35-b128-drill,20262535,128,drill,ce699dffe2845dc83e2171a1c309c6d96b96d2b3,results/20261004-070000-ws25-formal-s35-b128-drill/raw/176070954/176070954_out_uplink.txt,176c356114d20498cc2f6b7f83f7347befb93fb9584eb7f9909c58a019dbde2e,206080,2000000000,2001600000,1600000,10000,1280,320,1342794824,1.3113230703125,5.24529228125,22.56401,104.8672,2.3263230140611686
20261004-070000-ws25-formal-s35-b128-fecmp,20262535,128,fecmp,ce699dffe2845dc83e2171a1c309c6d96b96d2b3,results/20261004-070000-ws25-formal-s35-b128-fecmp/raw/316448134/316448134_out_uplink.txt,66e05427111218aa4ceca892409c829f9e48ba900468ae55596b9c0622e803de,154880,2000000000,2001200000,1200000,10000,1280,320,1327434792,1.72843071875,6.913722875,44.71556666666666,105.38159999999999,2.763536008302569
20261004-070000-ws25-formal-s35-b128-letflow,20262535,128,letflow,ce699dffe2845dc83e2171a1c309c6d96b96d2b3,results/20261004-070000-ws25-formal-s35-b128-letflow/raw/775420861/775420861_out_uplink.txt,b02b4cda6753e436308e50da59c919e21af2f203bda06425ae3de8510b7e3fcb,167680,2000000000,2001300000,1300000,10000,1280,320,1327434792,1.5954745096153846,6.3818980384615385,54.83743384615384,105.5224,2.831737622135697
20261004-070000-ws25-formal-s35-b192-classreserve,20262535,192,classreserve,ce699dffe2845dc83e2171a1c309c6d96b96d2b3,results/20261004-070000-ws25-formal-s35-b192-classreserve/raw/862625572/862625572_out_uplink.txt,8f12f0af00eba5c1315caa914816cc62effcfd48169e881f8cc46285dc42d2ba,218880,2000000000,2001700000,1700000,10000,1280,320,1894406612,1.7411825477941174,6.96473019117647,32.08062588235294,105.392,2.4512333551924224
20261004-070000-ws25-formal-s35-b192-conga,20262535,192,conga,ce699dffe2845dc83e2171a1c309c6d96b96d2b3,results/20261004-070000-ws25-formal-s35-b192-conga/raw/728616878/728616878_out_uplink.txt,fa6e5d46184c56efe6e4f3e355cea614193c15daece41ab3f5958b5ad505e4b3,206080,2000000000,2001600000,1600000,10000,1280,320,1894406612,1.85000645703125,7.400025828125,45.139465,105.62560000000002,2.746827420544146
20261004-070000-ws25-formal-s35-b192-conweave,20262535,192,conweave,ce699dffe2845dc83e2171a1c309c6d96b96d2b3,results/20261004-070000-ws25-formal-s35-b192-conweave/raw/313184430/313184430_out_uplink.txt,4173ed6b35edc205d6eb50d2452e2c711558f4a68f44bb539dc6eff8c9beb9cb,206080,2000000000,2001600000,1600000,10000,1280,320,1926961812,1.88179864453125,7.527194578125,56.85108499999999,106.288,2.834101030210312
20261004-070000-ws25-formal-s35-b192-drill,20262535,192,drill,ce699dffe2845dc83e2171a1c309c6d96b96d2b3,results/20261004-070000-ws25-formal-s35-b192-drill/raw/94736631/94736631_out_uplink.txt,1e847602f6e323b76b4473c079ee5aaaea76f84f1bfae9951d568eff1a434601,231680,2000000000,2001800000,1800000,10000,1280,320,1912368688,1.660042263888889,6.640169055555556,39.44372,105.1656,2.0202456440979017
20261004-070000-ws25-formal-s35-b192-fecmp,20262535,192,fecmp,ce699dffe2845dc83e2171a1c309c6d96b96d2b3,results/20261004-070000-ws25-formal-s35-b192-fecmp/raw/171353617/171353617_out_uplink.txt,b9f232b3d9e6e493f1dd5c69a7123940dbc68562c7aa6429e4d35893642ef723,218880,2000000000,2001700000,1700000,10000,1280,320,1894406612,1.7411825477941174,6.96473019117647,33.21359058823529,105.64,2.530013382458869
20261004-070000-ws25-formal-s35-b192-letflow,20262535,192,letflow,ce699dffe2845dc83e2171a1c309c6d96b96d2b3,results/20261004-070000-ws25-formal-s35-b192-letflow/raw/348900563/348900563_out_uplink.txt,01a0c1b90a11c4f8898e716ea1bda23afc09330e20660f691ef51f00285c8795,206080,2000000000,2001600000,1600000,10000,1280,320,1894406612,1.85000645703125,7.400025828125,45.73495,105.56480000000002,2.624766653961083
20261004-070000-ws25-formal-s36-b000-classreserve,20262536,0,classreserve,ce699dffe2845dc83e2171a1c309c6d96b96d2b3,results/20261004-070000-ws25-formal-s36-b000-classreserve/raw/498846061/498846061_out_uplink.txt,8300554f8a661069236390c9c4c71781930c8c3d2ce204349fdb0f012bc5da20,14080,2000000000,2000100000,100000,10000,1280,320,146706476,2.2922886875,9.16915475,12.08568,105.1504,0.21319251819077328
20261004-070000-ws25-formal-s36-b000-conga,20262536,0,conga,ce699dffe2845dc83e2171a1c309c6d96b96d2b3,results/20261004-070000-ws25-formal-s36-b000-conga/raw/108480947/108480947_out_uplink.txt,81a2adb209e0927192ec49bcc22977a236ac1d842d6f8db595a5b13a4cf7807d,14080,2000000000,2000100000,100000,10000,1280,320,146706476,2.2922886875,9.16915475,16.344,105.2832,0.5165470350544539
20261004-070000-ws25-formal-s36-b000-conweave,20262536,0,conweave,ce699dffe2845dc83e2171a1c309c6d96b96d2b3,results/20261004-070000-ws25-formal-s36-b000-conweave/raw/427818701/427818701_out_uplink.txt,da09f1f284c2c221656796d9b8b647be39adb29bfb14f3c0d9a1ac566ce8616a,14080,2000000000,2000100000,100000,10000,1280,320,154595436,2.4155536874999997,9.662214749999999,14.44096,106.0104,0.3756665263383949
20261004-070000-ws25-formal-s36-b000-drill,20262536,0,drill,ce699dffe2845dc83e2171a1c309c6d96b96d2b3,results/20261004-070000-ws25-formal-s36-b000-drill/raw/802422080/802422080_out_uplink.txt,6b40a604ae0d7b7e02c4dd7a6d6d0d6f2a2992a67b06c39fda905071d97b01cc,14080,2000000000,2000100000,100000,10000,1280,320,147381624,2.3028378750000003,9.211351500000001,11.6512,103.60959999999999,0.10141635870497834
20261004-070000-ws25-formal-s36-b000-fecmp,20262536,0,fecmp,ce699dffe2845dc83e2171a1c309c6d96b96d2b3,results/20261004-070000-ws25-formal-s36-b000-fecmp/raw/340813879/340813879_out_uplink.txt,35e70e72ab9f764beef5bbd81e5cd1ac4d9fbef1843033092ffbc734a02827b6,14080,2000000000,2000100000,100000,10000,1280,320,146706476,2.2922886875,9.16915475,13.98296,105.35520000000001,0.36542110674669454
20261004-070000-ws25-formal-s36-b000-letflow,20262536,0,letflow,ce699dffe2845dc83e2171a1c309c6d96b96d2b3,results/20261004-070000-ws25-formal-s36-b000-letflow/raw/144410391/144410391_out_uplink.txt,cba04d28754a6ec02b7db145b1d3512a068401be89dc967bb7a80f447e11c10a,14080,2000000000,2000100000,100000,10000,1280,320,146706476,2.2922886875,9.16915475,14.446720000000001,105.3368,0.41001878431704536
20261004-070000-ws25-formal-s36-b064-classreserve,20262536,64,classreserve,ce699dffe2845dc83e2171a1c309c6d96b96d2b3,results/20261004-070000-ws25-formal-s36-b064-classreserve/raw/14809560/14809560_out_uplink.txt,46822e259258b87d951d0af46489e9db7ef24473925655580e9e91d3220c7a99,116480,2000000000,2000900000,900000,10000,1280,320,732267536,1.2712978055555557,5.085191222222223,39.71805333333333,105.2408,2.5601799157180958
20261004-070000-ws25-formal-s36-b064-conga,20262536,64,conga,ce699dffe2845dc83e2171a1c309c6d96b96d2b3,results/20261004-070000-ws25-formal-s36-b064-conga/raw/705087491/705087491_out_uplink.txt,07763283dd92f3586c4ca073328a05aa28b086de0ae0c32533a72ffcca77a15b,129280,2000000000,2001000000,1000000,10000,1280,320,732267536,1.144168025,4.5766721,37.155,105.37439999999998,2.742169108895086
20261004-070000-ws25-formal-s36-b064-conweave,20262536,64,conweave,ce699dffe2845dc83e2171a1c309c6d96b96d2b3,results/20261004-070000-ws25-formal-s36-b064-conweave/raw/488524995/488524995_out_uplink.txt,968228a0b5212863e95f162ce36b3296dc9c8160e2fe200288b10366f204ab27,142080,2000000000,2001100000,1100000,10000,1280,320,744502224,1.0575315681818183,4.230126272727273,34.84226181818182,106.29519999999998,2.730255877373681
20261004-070000-ws25-formal-s36-b064-drill,20262536,64,drill,ce699dffe2845dc83e2171a1c309c6d96b96d2b3,results/20261004-070000-ws25-formal-s36-b064-drill/raw/525004465/525004465_out_uplink.txt,2f7b51d224c67f0fa0cfaedcfa7664e57d13e840b6e4dba1e6a04b594f81935f,154880,2000000000,2001200000,1200000,10000,1280,320,741643856,0.9656821041666667,3.8627284166666667,29.956813333333333,103.7432,2.434721373881471
20261004-070000-ws25-formal-s36-b064-fecmp,20262536,64,fecmp,ce699dffe2845dc83e2171a1c309c6d96b96d2b3,results/20261004-070000-ws25-formal-s36-b064-fecmp/raw/181329457/181329457_out_uplink.txt,1b98eb6eabcb25092c95502772ae6bb72448ec612df95bce87605d575a1fab64,142080,2000000000,2001100000,1100000,10000,1280,320,732267536,1.04015275,4.160611,32.80724363636364,105.3976,2.8075515741110384
20261004-070000-ws25-formal-s36-b064-letflow,20262536,64,letflow,ce699dffe2845dc83e2171a1c309c6d96b96d2b3,results/20261004-070000-ws25-formal-s36-b064-letflow/raw/381165279/381165279_out_uplink.txt,f0178d5f49bc3781e495706dd12a84f7a4222eecc1a6f90fffa59fd020e18ad2,116480,2000000000,2000900000,900000,10000,1280,320,732267536,1.2712978055555557,5.085191222222223,42.215022222222224,105.3976,2.830374578794959
20261004-070000-ws25-formal-s36-b128-classreserve,20262536,128,classreserve,ce699dffe2845dc83e2171a1c309c6d96b96d2b3,results/20261004-070000-ws25-formal-s36-b128-classreserve/raw/422304302/422304302_out_uplink.txt,fe0c6b46d371f52feb7ff9db78978e3eea621f6e047438cf7b4ab621f1dd4a07,167680,2000000000,2001300000,1300000,10000,1280,320,1317828596,1.5839286009615385,6.335714403846154,29.483544615384616,105.3096,2.1876628607280124
20261004-070000-ws25-formal-s36-b128-conga,20262536,128,conga,ce699dffe2845dc83e2171a1c309c6d96b96d2b3,results/20261004-070000-ws25-formal-s36-b128-conga/raw/740795517/740795517_out_uplink.txt,7f40ebf7a1767ec9b2d62681d14f34104a66cc03c6d6f85215885ad5c6290924,180480,2000000000,2001400000,1400000,10000,1280,320,1317828596,1.4707908437500001,5.8831633750000005,63.965194285714276,105.48719999999999,2.664810933211261
20261004-070000-ws25-formal-s36-b128-conweave,20262536,128,conweave,ce699dffe2845dc83e2171a1c309c6d96b96d2b3,results/20261004-070000-ws25-formal-s36-b128-conweave/raw/960683230/960683230_out_uplink.txt,3a39235468216932140b9617e1a1a93e5298eff5e4299552b99653359a0f3603,154880,2000000000,2001200000,1200000,10000,1280,320,1337716980,1.7418189843749998,6.967275937499999,59.25464,106.256,2.484900039605687
20261004-070000-ws25-formal-s36-b128-drill,20262536,128,drill,ce699dffe2845dc83e2171a1c309c6d96b96d2b3,results/20261004-070000-ws25-formal-s36-b128-drill/raw/776307892/776307892_out_uplink.txt,2fc9a0b78709602bb1f36cefa32fa9a36e9a7e97c192595c60506035696f8550,206080,2000000000,2001600000,1600000,10000,1280,320,1332276828,1.30105158984375,5.204206359375,33.320995,103.9824,2.10667047519033
20261004-070000-ws25-formal-s36-b128-fecmp,20262536,128,fecmp,ce699dffe2845dc83e2171a1c309c6d96b96d2b3,results/20261004-070000-ws25-formal-s36-b128-fecmp/raw/105978109/105978109_out_uplink.txt,95d8759c627d740faf986cb833ad5be9b299d03da57ac18a9a034a56991411ac,180480,2000000000,2001400000,1400000,10000,1280,320,1317828596,1.4707908437500001,5.8831633750000005,38.8026,105.31279999999998,2.423466489902176
20261004-070000-ws25-formal-s36-b128-letflow,20262536,128,letflow,ce699dffe2845dc83e2171a1c309c6d96b96d2b3,results/20261004-070000-ws25-formal-s36-b128-letflow/raw/542870914/542870914_out_uplink.txt,f05f4328c8b024fb55c978bceb8546e4fe53a4ddc99e73a16369596b3e9bcd1a,167680,2000000000,2001300000,1300000,10000,1280,320,1317828596,1.5839286009615385,6.335714403846154,42.58497230769231,105.7584,2.7860219195689284
20261004-070000-ws25-formal-s36-b192-classreserve,20262536,192,classreserve,ce699dffe2845dc83e2171a1c309c6d96b96d2b3,results/20261004-070000-ws25-formal-s36-b192-classreserve/raw/968094058/968094058_out_uplink.txt,3f169b05712b123e1496c7fb28673a972f61f61cc9026b0c4f4d76d87bcc89d7,270080,2000000000,2002100000,2100000,10000,1280,320,1894095036,1.4092969017857144,5.637187607142858,34.06445333333333,105.3072,2.0343058388204014
20261004-070000-ws25-formal-s36-b192-conga,20262536,192,conga,ce699dffe2845dc83e2171a1c309c6d96b96d2b3,results/20261004-070000-ws25-formal-s36-b192-conga/raw/369663801/369663801_out_uplink.txt,b4a9b5401761a7ea16911f3200abd1d080dce3b9fa86a2594fa69805ccad107e,270080,2000000000,2002100000,2100000,10000,1280,320,1894095036,1.4092969017857144,5.637187607142858,35.855740952380955,105.744,2.3458103505659826
20261004-070000-ws25-formal-s36-b192-conweave,20262536,192,conweave,ce699dffe2845dc83e2171a1c309c6d96b96d2b3,results/20261004-070000-ws25-formal-s36-b192-conweave/raw/788298633/788298633_out_uplink.txt,2b0e786fda30a34cab37107a77623fb8b64035d43c2688b9359e482a1a3c2814,270080,2000000000,2002100000,2100000,10000,1280,320,1928517244,1.4349086636904762,5.739634654761905,34.519459047619044,106.308,2.283167104153368
20261004-070000-ws25-formal-s36-b192-drill,20262536,192,drill,ce699dffe2845dc83e2171a1c309c6d96b96d2b3,results/20261004-070000-ws25-formal-s36-b192-drill/raw/479096342/479096342_out_uplink.txt,8b27f3025a8ce0ffa2d5ccc9fd1532c1ffa4502d2098364611e826502e0d6be0,270080,2000000000,2002100000,2100000,10000,1280,320,1912434404,1.4229422648809522,5.691769059523809,33.284396190476194,104.68959999999998,1.8554971360650554
20261004-070000-ws25-formal-s36-b192-fecmp,20262536,192,fecmp,ce699dffe2845dc83e2171a1c309c6d96b96d2b3,results/20261004-070000-ws25-formal-s36-b192-fecmp/raw/435481995/435481995_out_uplink.txt,8bb22d491cab4bd429666454d8843ab098b606fdab42a10861d2363d560a6160,257280,2000000000,2002000000,2000000,10000,1280,320,1894095036,1.479761746875,5.9190469875,36.45644,105.428,2.246985337221331
20261004-070000-ws25-formal-s36-b192-letflow,20262536,192,letflow,ce699dffe2845dc83e2171a1c309c6d96b96d2b3,results/20261004-070000-ws25-formal-s36-b192-letflow/raw/396203945/396203945_out_uplink.txt,185677dfa17b5aa961a08b7a8ccd806dc8667d97d6afd6354a8c331f49558f84,257280,2000000000,2002000000,2000000,10000,1280,320,1894095036,1.479761746875,5.9190469875,36.960844,105.4584,2.3819398718433833
20261004-070000-ws25-formal-s37-b000-classreserve,20262537,0,classreserve,ce699dffe2845dc83e2171a1c309c6d96b96d2b3,results/20261004-070000-ws25-formal-s37-b000-classreserve/raw/818168806/818168806_out_uplink.txt,f7a94d340a518a8b6cf1b3305d98d8f7049e59e97d0a82c8d8d64d1975b4f18c,14080,2000000000,2000100000,100000,10000,1280,320,146871428,2.2948660624999997,9.179464249999999,12.30168,105.3256,0.1923011106359605
20261004-070000-ws25-formal-s37-b000-conga,20262537,0,conga,ce699dffe2845dc83e2171a1c309c6d96b96d2b3,results/20261004-070000-ws25-formal-s37-b000-conga/raw/817447389/817447389_out_uplink.txt,03022492394f48b742a2a4f8646c080429450d79a06f42e9f706f99c2e3fed51,14080,2000000000,2000100000,100000,10000,1280,320,146871428,2.2948660624999997,9.179464249999999,15.88024,105.29519999999998,0.513402089011573
20261004-070000-ws25-formal-s37-b000-conweave,20262537,0,conweave,ce699dffe2845dc83e2171a1c309c6d96b96d2b3,results/20261004-070000-ws25-formal-s37-b000-conweave/raw/484578603/484578603_out_uplink.txt,f17480085643680d6140d47befa3f6756b94755003f14138de9f90cf5a53d2db,14080,2000000000,2000100000,100000,10000,1280,320,154731972,2.4176870625,9.67074825,15.65248,106.2088,0.37761668949252214
20261004-070000-ws25-formal-s37-b000-drill,20262537,0,drill,ce699dffe2845dc83e2171a1c309c6d96b96d2b3,results/20261004-070000-ws25-formal-s37-b000-drill/raw/865572140/865572140_out_uplink.txt,3d804c983db92e1d8d09c50855862aacd8ae44ee02a3fa94ef5bdf7e958aba8d,14080,2000000000,2000100000,100000,10000,1280,320,147466916,2.3041705625,9.21668225,11.709359999999998,104.5856,0.09424529990856428
20261004-070000-ws25-formal-s37-b000-fecmp,20262537,0,fecmp,ce699dffe2845dc83e2171a1c309c6d96b96d2b3,results/20261004-070000-ws25-formal-s37-b000-fecmp/raw/415234821/415234821_out_uplink.txt,2a50ef9bacc4c92a98b57522e3cee62f90c80bb3bb1814b8978e5c10ecd225dd,14080,2000000000,2000100000,100000,10000,1280,320,146871428,2.2948660624999997,9.179464249999999,14.93144,105.27680000000001,0.3855237602043784
20261004-070000-ws25-formal-s37-b000-letflow,20262537,0,letflow,ce699dffe2845dc83e2171a1c309c6d96b96d2b3,results/20261004-070000-ws25-formal-s37-b000-letflow/raw/89529681/89529681_out_uplink.txt,cd66cf1e10fb1658f1be62b0eb6c997de0a828fbbc49fb490671c6005bb3b535,14080,2000000000,2000100000,100000,10000,1280,320,146871428,2.2948660624999997,9.179464249999999,15.01784,105.4888,0.4064686236403959
20261004-070000-ws25-formal-s37-b064-classreserve,20262537,64,classreserve,ce699dffe2845dc83e2171a1c309c6d96b96d2b3,results/20261004-070000-ws25-formal-s37-b064-classreserve/raw/93189473/93189473_out_uplink.txt,20cf3d7df593318bfe11d26cc455973e4462aca4cb60698590d7463b6f1f50b8,129280,2000000000,2001000000,1000000,10000,1280,320,732432488,1.1444257625,4.57770305,37.339176,105.3072,2.816812318064164
20261004-070000-ws25-formal-s37-b064-conga,20262537,64,conga,ce699dffe2845dc83e2171a1c309c6d96b96d2b3,results/20261004-070000-ws25-formal-s37-b064-conga/raw/732856427/732856427_out_uplink.txt,ab5651e9d779d9dec3b4f403b86884799ed3be3704b596e45b96f8d22a38b7bd,116480,2000000000,2000900000,900000,10000,1280,320,732432488,1.2715841805555557,5.086336722222223,41.30253333333334,105.7904,3.1525559341132894
20261004-070000-ws25-formal-s37-b064-conweave,20262537,64,conweave,ce699dffe2845dc83e2171a1c309c6d96b96d2b3,results/20261004-070000-ws25-formal-s37-b064-conweave/raw/909473598/909473598_out_uplink.txt,c039c6c72db9a21b772a99b937aab59dcbd4485160c64d465c2f09b79b063de8,129280,2000000000,2001000000,1000000,10000,1280,320,743626856,1.1619169624999999,4.6476678499999995,37.02748,106.26720000000002,3.136887529942947
20261004-070000-ws25-formal-s37-b064-drill,20262537,64,drill,ce699dffe2845dc83e2171a1c309c6d96b96d2b3,results/20261004-070000-ws25-formal-s37-b064-drill/raw/669783518/669783518_out_uplink.txt,64a9eaa737dadebce75dfae2fefa1c588905d978d49040b899556e105e903bd3,167680,2000000000,2001300000,1300000,10000,1280,320,742745924,0.8927234663461538,3.5708938653846154,27.54123076923077,104.4016,2.58549365036055
20261004-070000-ws25-formal-s37-b064-fecmp,20262537,64,fecmp,ce699dffe2845dc83e2171a1c309c6d96b96d2b3,results/20261004-070000-ws25-formal-s37-b064-fecmp/raw/552548917/552548917_out_uplink.txt,04edd1233fb39712dda864478ebc245678c98ced5f43c148dcd211be38d8fca1,129280,2000000000,2001000000,1000000,10000,1280,320,732432488,1.1444257625,4.57770305,53.528256,105.4416,3.0344170199926532
20261004-070000-ws25-formal-s37-b064-letflow,20262537,64,letflow,ce699dffe2845dc83e2171a1c309c6d96b96d2b3,results/20261004-070000-ws25-formal-s37-b064-letflow/raw/23847182/23847182_out_uplink.txt,9ee2ecb17f450b519d0e9de3c4db9a0b2a177d8e1bc316a8edb9f3c0abb91edb,129280,2000000000,2001000000,1000000,10000,1280,320,732432488,1.1444257625,4.57770305,53.528224,105.568,3.2864177163433275
20261004-070000-ws25-formal-s37-b128-classreserve,20262537,128,classreserve,ce699dffe2845dc83e2171a1c309c6d96b96d2b3,results/20261004-070000-ws25-formal-s37-b128-classreserve/raw/205985675/205985675_out_uplink.txt,90229c21835dac66d1cfdf481130242e2104cad459c024c1173d5c16b8724e78,206080,2000000000,2001600000,1600000,10000,1280,320,1317993548,1.28710307421875,5.148412296875,33.20857,105.4712,2.2569452604891387
20261004-070000-ws25-formal-s37-b128-conga,20262537,128,conga,ce699dffe2845dc83e2171a1c309c6d96b96d2b3,results/20261004-070000-ws25-formal-s37-b128-conga/raw/304652019/304652019_out_uplink.txt,414b27074a31a2aaf5f39be5d46d7ae2e9362d0cd380aebec7f631637c56786b,218880,2000000000,2001700000,1700000,10000,1280,320,1317993548,1.2113911286764705,4.845564514705882,32.12946823529412,105.57440000000001,2.4290195524504825
20261004-070000-ws25-formal-s37-b128-conweave,20262537,128,conweave,ce699dffe2845dc83e2171a1c309c6d96b96d2b3,results/20261004-070000-ws25-formal-s37-b128-conweave/raw/383767008/383767008_out_uplink.txt,9913b2bcc2ca81fd3b4b9a097d965772dad004710b128e4140f41d0041ebc338,206080,2000000000,2001600000,1600000,10000,1280,320,1337450828,1.30610432421875,5.224417296875,33.597325,106.272,2.5326308260382246
20261004-070000-ws25-formal-s37-b128-drill,20262537,128,drill,ce699dffe2845dc83e2171a1c309c6d96b96d2b3,results/20261004-070000-ws25-formal-s37-b128-drill/raw/166599674/166599674_out_uplink.txt,79d025cd945897e038a08e6bc326336aebdde5a3e4e9b0c5fb34d0e79bab829b,231680,2000000000,2001800000,1800000,10000,1280,320,1332887168,1.157020111111111,4.628080444444444,23.96915111111111,104.7608,1.850896525894489
20261004-070000-ws25-formal-s37-b128-fecmp,20262537,128,fecmp,ce699dffe2845dc83e2171a1c309c6d96b96d2b3,results/20261004-070000-ws25-formal-s37-b128-fecmp/raw/953737693/953737693_out_uplink.txt,3efcd7614789d86488ba7a0616031eaf6c1f37f5b796c90ad724d46eafc45167,231680,2000000000,2001800000,1800000,10000,1280,320,1317993548,1.1440916215277777,4.576366486111111,39.506008888888886,105.4288,2.3748711789745096
20261004-070000-ws25-formal-s37-b128-letflow,20262537,128,letflow,ce699dffe2845dc83e2171a1c309c6d96b96d2b3,results/20261004-070000-ws25-formal-s37-b128-letflow/raw/215745503/215745503_out_uplink.txt,3c9b05c6b4e9d2f5d7e7d65bbfd1de6cbb744936a8c3f10cc5ff5ac402040de7,218880,2000000000,2001700000,1700000,10000,1280,320,1317993548,1.2113911286764705,4.845564514705882,33.18251764705882,105.844,2.4787180566010893
20261004-070000-ws25-formal-s37-b192-classreserve,20262537,192,classreserve,ce699dffe2845dc83e2171a1c309c6d96b96d2b3,results/20261004-070000-ws25-formal-s37-b192-classreserve/raw/659430274/659430274_out_uplink.txt,c7a5f7604c69fe2beedf341c91ea8b3baad82f572f30259a55bb87877d813ca2,282880,2000000000,2002200000,2200000,10000,1280,320,1903554608,1.3519563977272726,5.40782559090909,25.996698181818182,105.472,2.0417560990158576
20261004-070000-ws25-formal-s37-b192-conga,20262537,192,conga,ce699dffe2845dc83e2171a1c309c6d96b96d2b3,results/20261004-070000-ws25-formal-s37-b192-conga/raw/484786282/484786282_out_uplink.txt,b36965f83cac42b63a7dd1305912584f21945f1ab0a2701c0f1e7994f3fa22eb,282880,2000000000,2002200000,2200000,10000,1280,320,1903554608,1.3519563977272726,5.40782559090909,40.92709818181818,105.8688,2.333358779502544
20261004-070000-ws25-formal-s37-b192-conweave,20262537,192,conweave,ce699dffe2845dc83e2171a1c309c6d96b96d2b3,results/20261004-070000-ws25-formal-s37-b192-conweave/raw/606015412/606015412_out_uplink.txt,f80666a5ae00d681108d95a35193a8eebd25acb7d36c6b7e429663a4549181ef,282880,2000000000,2002200000,2200000,10000,1280,320,1933383152,1.3731414431818183,5.492565772727273,34.18948,106.2416,2.0748179486652782
20261004-070000-ws25-formal-s37-b192-drill,20262537,192,drill,ce699dffe2845dc83e2171a1c309c6d96b96d2b3,results/20261004-070000-ws25-formal-s37-b192-drill/raw/742600750/742600750_out_uplink.txt,b2ee59297d374ea4aef964928b06c887792850f3a13b7e2a52506c8c30ad1ccd,295680,2000000000,2002300000,2300000,10000,1280,320,1921745012,1.305533296195652,5.222133184782608,30.285533913043484,104.7392,1.7570060868631916
20261004-070000-ws25-formal-s37-b192-fecmp,20262537,192,fecmp,ce699dffe2845dc83e2171a1c309c6d96b96d2b3,results/20261004-070000-ws25-formal-s37-b192-fecmp/raw/908832458/908832458_out_uplink.txt,7380f24d5dcc26d07eb8ec7ee266fca0193f35c3223951b161c869ca38196e5b,308480,2000000000,2002400000,2400000,10000,1280,320,1903554608,1.2392933645833333,4.957173458333333,30.048956666666662,105.3928,2.15421068174799
20261004-070000-ws25-formal-s37-b192-letflow,20262537,192,letflow,ce699dffe2845dc83e2171a1c309c6d96b96d2b3,results/20261004-070000-ws25-formal-s37-b192-letflow/raw/959538369/959538369_out_uplink.txt,176ee90bfa97b4445a498dbd2cd3d2f36db98d502174f2ff556cca4771af9c87,282880,2000000000,2002200000,2200000,10000,1280,320,1903554608,1.3519563977272726,5.40782559090909,48.39004727272727,105.8792,2.2954419091650844
20261004-070000-ws25-formal-s38-b000-classreserve,20262538,0,classreserve,ce699dffe2845dc83e2171a1c309c6d96b96d2b3,results/20261004-070000-ws25-formal-s38-b000-classreserve/raw/895555347/895555347_out_uplink.txt,e9d4c44e081eb0adbfd58f8c6ba5ef5cb1e748ed11f6f22f562a7446772981e8,14080,2000000000,2000100000,100000,10000,1280,320,146798116,2.2937205625000003,9.174882250000001,12.13936,105.2536,0.21293551108816056
20261004-070000-ws25-formal-s38-b000-conga,20262538,0,conga,ce699dffe2845dc83e2171a1c309c6d96b96d2b3,results/20261004-070000-ws25-formal-s38-b000-conga/raw/600452452/600452452_out_uplink.txt,29f0823fd594f045878e6a09daa8e1674e2afbdfde08f7e069d23fafa8c12f6e,14080,2000000000,2000100000,100000,10000,1280,320,146798116,2.2937205625000003,9.174882250000001,15.2872,105.3496,0.49008966340698307
20261004-070000-ws25-formal-s38-b000-conweave,20262538,0,conweave,ce699dffe2845dc83e2171a1c309c6d96b96d2b3,results/20261004-070000-ws25-formal-s38-b000-conweave/raw/579109037/579109037_out_uplink.txt,6884bb3b2aa9252c1d0abcb118409a53770d3a95bfeac1ebbb5df3da6bdc604f,14080,2000000000,2000100000,100000,10000,1280,320,154576228,2.4152535625000002,9.661014250000001,14.88856,106.31120000000001,0.37090311676754867
20261004-070000-ws25-formal-s38-b000-drill,20262538,0,drill,ce699dffe2845dc83e2171a1c309c6d96b96d2b3,results/20261004-070000-ws25-formal-s38-b000-drill/raw/497290703/497290703_out_uplink.txt,4bf31a0c761f97017484f35a2a8446df4aea6c88dd1d1ba08df44634586680ba,14080,2000000000,2000100000,100000,10000,1280,320,147452060,2.3039384375,9.21575375,11.71928,104.072,0.10087872784761369
20261004-070000-ws25-formal-s38-b000-fecmp,20262538,0,fecmp,ce699dffe2845dc83e2171a1c309c6d96b96d2b3,results/20261004-070000-ws25-formal-s38-b000-fecmp/raw/743722062/743722062_out_uplink.txt,f020dbf373bb1497749561e4186739db14febbf244ccaf5ff99b6cd096e5535f,14080,2000000000,2000100000,100000,10000,1280,320,146798116,2.2937205625000003,9.174882250000001,15.96664,105.35520000000001,0.39647641239260384
20261004-070000-ws25-formal-s38-b000-letflow,20262538,0,letflow,ce699dffe2845dc83e2171a1c309c6d96b96d2b3,results/20261004-070000-ws25-formal-s38-b000-letflow/raw/142131633/142131633_out_uplink.txt,8d5abfabd04ffd88c7e61e24ddbe7f925cc028fceae154fab1175184de9a435a,14080,2000000000,2000100000,100000,10000,1280,320,146798116,2.2937205625000003,9.174882250000001,14.56488,105.2464,0.39312003891414893
20261004-070000-ws25-formal-s38-b064-classreserve,20262538,64,classreserve,ce699dffe2845dc83e2171a1c309c6d96b96d2b3,results/20261004-070000-ws25-formal-s38-b064-classreserve/raw/258560247/258560247_out_uplink.txt,824eb515a1eb5f0b6c2139d4bd7e09c260f4b9ef8ff793b529f3a823e545e5ef,116480,2000000000,2000900000,900000,10000,1280,320,713769936,1.2391839166666667,4.956735666666667,59.848124444444444,105.3888,2.2699450492284425
20261004-070000-ws25-formal-s38-b064-conga,20262538,64,conga,ce699dffe2845dc83e2171a1c309c6d96b96d2b3,results/20261004-070000-ws25-formal-s38-b064-conga/raw/587632043/587632043_out_uplink.txt,38d1bcf64e6e6d430ce7ff12c90857f57655f1d25024b0ed68da52d2290d8640,116480,2000000000,2000900000,900000,10000,1280,320,713769936,1.2391839166666667,4.956735666666667,60.229013333333334,105.71520000000001,2.7029760504292253
20261004-070000-ws25-formal-s38-b064-conweave,20262538,64,conweave,ce699dffe2845dc83e2171a1c309c6d96b96d2b3,results/20261004-070000-ws25-formal-s38-b064-conweave/raw/441813775/441813775_out_uplink.txt,0f2146ec9df9bf08b96397eeea9c3ecd1ebc6219858be5c2849ecb618ceb3db9,116480,2000000000,2000900000,900000,10000,1280,320,726424912,1.2611543611111111,5.0446174444444445,40.88917333333333,106.204,2.5568523966568617
20261004-070000-ws25-formal-s38-b064-drill,20262538,64,drill,ce699dffe2845dc83e2171a1c309c6d96b96d2b3,results/20261004-070000-ws25-formal-s38-b064-drill/raw/685618125/685618125_out_uplink.txt,1e0ccf5fc6cd764f32ee7b5b1cda2688a455f5d904da911cc839faffaf532c2d,129280,2000000000,2001000000,1000000,10000,1280,320,722420744,1.1287824124999999,4.5151296499999996,35.942048,104.0416,2.153019662796889
20261004-070000-ws25-formal-s38-b064-fecmp,20262538,64,fecmp,ce699dffe2845dc83e2171a1c309c6d96b96d2b3,results/20261004-070000-ws25-formal-s38-b064-fecmp/raw/738300442/738300442_out_uplink.txt,49d6cf57f2949850a015414032ec9639240ca252e13a4d8f8d6042c54542f25f,116480,2000000000,2000900000,900000,10000,1280,320,713769936,1.2391839166666667,4.956735666666667,60.39312888888889,105.608,2.6319108865829066
20261004-070000-ws25-formal-s38-b064-letflow,20262538,64,letflow,ce699dffe2845dc83e2171a1c309c6d96b96d2b3,results/20261004-070000-ws25-formal-s38-b064-letflow/raw/618866761/618866761_out_uplink.txt,1431f3ee5ecf00ee429061bcf15584a6499340c4b19f85611f0153341e2f2305,116480,2000000000,2000900000,900000,10000,1280,320,713769936,1.2391839166666667,4.956735666666667,40.33971555555556,105.5328,2.6221667834767173
20261004-070000-ws25-formal-s38-b128-classreserve,20262538,128,classreserve,ce699dffe2845dc83e2171a1c309c6d96b96d2b3,results/20261004-070000-ws25-formal-s38-b128-classreserve/raw/766950525/766950525_out_uplink.txt,d553d47a8e820a9f1110421f05a0fc319089d3ebc0b6020d8745a4cc42d73f99,180480,2000000000,2001400000,1400000,10000,1280,320,1290036376,1.4397727410714285,5.759090964285714,40.12134857142857,105.2592,2.2870560314817476
20261004-070000-ws25-formal-s38-b128-conga,20262538,128,conga,ce699dffe2845dc83e2171a1c309c6d96b96d2b3,results/20261004-070000-ws25-formal-s38-b128-conga/raw/38440965/38440965_out_uplink.txt,451001e2e6f2dafc244b9ad699af64bc9aa4bf97ea79b87819208af2d74fffea,167680,2000000000,2001300000,1300000,10000,1280,320,1290036376,1.5505244903846156,6.202097961538462,54.51319384615385,105.7032,2.7054918929799934
20261004-070000-ws25-formal-s38-b128-conweave,20262538,128,conweave,ce699dffe2845dc83e2171a1c309c6d96b96d2b3,results/20261004-070000-ws25-formal-s38-b128-conweave/raw/821590206/821590206_out_uplink.txt,b6faf14c8e8e0487b719fca0974fd32b4b36925ce66ec844e6834e6589a247ff,154880,2000000000,2001200000,1200000,10000,1280,320,1310271896,1.7060831979166668,6.824332791666667,60.025193333333334,106.2,2.4929259805933857
20261004-070000-ws25-formal-s38-b128-drill,20262538,128,drill,ce699dffe2845dc83e2171a1c309c6d96b96d2b3,results/20261004-070000-ws25-formal-s38-b128-drill/raw/271237366/271237366_out_uplink.txt,1fcba86f3bb39d97d0d3940f5abe34ddcb238e9edb6434817b01e3522f28f8f4,193280,2000000000,2001500000,1500000,10000,1280,320,1304838804,1.3592070875,5.43682835,35.677792,104.1376,1.9859704123705888
20261004-070000-ws25-formal-s38-b128-fecmp,20262538,128,fecmp,ce699dffe2845dc83e2171a1c309c6d96b96d2b3,results/20261004-070000-ws25-formal-s38-b128-fecmp/raw/30353427/30353427_out_uplink.txt,bf5bdc122421f81e5bf3861a8b39365c5923834f747877bea56e7d52f3c151e2,167680,2000000000,2001300000,1300000,10000,1280,320,1290036376,1.5505244903846156,6.202097961538462,54.65168615384616,105.5336,2.5673905975911593
20261004-070000-ws25-formal-s38-b128-letflow,20262538,128,letflow,ce699dffe2845dc83e2171a1c309c6d96b96d2b3,results/20261004-070000-ws25-formal-s38-b128-letflow/raw/368797372/368797372_out_uplink.txt,d355bd1453502f6341904d355d929f89b41611ee0e2d914b351b61bfc376d3b7,180480,2000000000,2001400000,1400000,10000,1280,320,1290036376,1.4397727410714285,5.759090964285714,63.21146857142857,105.3368,2.812897620263621
20261004-070000-ws25-formal-s38-b192-classreserve,20262538,192,classreserve,ce699dffe2845dc83e2171a1c309c6d96b96d2b3,results/20261004-070000-ws25-formal-s38-b192-classreserve/raw/827794790/827794790_out_uplink.txt,d79e5bc0e6064a3c1f7781331766ab46962fe17a40d9d12624aebbcc9b386550,193280,2000000000,2001500000,1500000,10000,1280,320,1866302816,1.9440654333333334,7.7762617333333335,49.758928,105.3888,2.2309047251822
20261004-070000-ws25-formal-s38-b192-conga,20262538,192,conga,ce699dffe2845dc83e2171a1c309c6d96b96d2b3,results/20261004-070000-ws25-formal-s38-b192-conga/raw/493923232/493923232_out_uplink.txt,1c63b35af0fe0e4b7f4d6bd2623cb74becee93395fb01391e163a5804dcfc5fe,180480,2000000000,2001400000,1400000,10000,1280,320,1866302816,2.0829272499999996,8.331708999999998,64.69269142857142,105.6336,2.450252200568063
20261004-070000-ws25-formal-s38-b192-conweave,20262538,192,conweave,ce699dffe2845dc83e2171a1c309c6d96b96d2b3,results/20261004-070000-ws25-formal-s38-b192-conweave/raw/214712206/214712206_out_uplink.txt,4483a68099340a9ffaa7f7fddbcb39eaed2103f15e9ab25bd76fba737c434a35,231680,2000000000,2001800000,1800000,10000,1280,320,1898049632,1.6476125277777778,6.590450111111111,79.6521688888889,106.1864,2.428500195554164
20261004-070000-ws25-formal-s38-b192-drill,20262538,192,drill,ce699dffe2845dc83e2171a1c309c6d96b96d2b3,results/20261004-070000-ws25-formal-s38-b192-drill/raw/214691911/214691911_out_uplink.txt,b0ee085676f694c06ac1b77e026940cb1531b02960aa98f7a04281e26ee06969,206080,2000000000,2001600000,1600000,10000,1280,320,1884902236,1.84072483984375,7.362899359375,37.534695,104.772,1.8150399736644622
20261004-070000-ws25-formal-s38-b192-fecmp,20262538,192,fecmp,ce699dffe2845dc83e2171a1c309c6d96b96d2b3,results/20261004-070000-ws25-formal-s38-b192-fecmp/raw/584633803/584633803_out_uplink.txt,34415f54b16f69d80eda1007dd2e57683b39facec376436401e6f2e4dbde5e4e,193280,2000000000,2001500000,1500000,10000,1280,320,1866302816,1.9440654333333334,7.7762617333333335,61.563264,105.7344,2.5397048836297937
20261004-070000-ws25-formal-s38-b192-letflow,20262538,192,letflow,ce699dffe2845dc83e2171a1c309c6d96b96d2b3,results/20261004-070000-ws25-formal-s38-b192-letflow/raw/942501321/942501321_out_uplink.txt,1ea1236260f083d82921d15e36892292e27563c12c92f2baeb2e81006d09f3dc,193280,2000000000,2001500000,1500000,10000,1280,320,1866302816,1.9440654333333334,7.7762617333333335,60.299354666666666,105.4832,2.4687751731773244
20261004-070000-ws25-formal-s39-b000-classreserve,20262539,0,classreserve,ce699dffe2845dc83e2171a1c309c6d96b96d2b3,results/20261004-070000-ws25-formal-s39-b000-classreserve/raw/686815492/686815492_out_uplink.txt,af0b2e610fdff439488b60ffc9a0f0188e9e8769de81541cdae54262e8b0a89a,14080,2000000000,2000100000,100000,10000,1280,320,146963068,2.2962979375,9.18519175,12.06408,105.33840000000001,0.17536987017081976
20261004-070000-ws25-formal-s39-b000-conga,20262539,0,conga,ce699dffe2845dc83e2171a1c309c6d96b96d2b3,results/20261004-070000-ws25-formal-s39-b000-conga/raw/23974820/23974820_out_uplink.txt,169bbb2e32e61ce4b85a051148602bd82e90c0b427149c31dfbd322fa52b2547,14080,2000000000,2000100000,100000,10000,1280,320,146963068,2.2962979375,9.18519175,16.08512,105.3616,0.5300957127061802
20261004-070000-ws25-formal-s39-b000-conweave,20262539,0,conweave,ce699dffe2845dc83e2171a1c309c6d96b96d2b3,results/20261004-070000-ws25-formal-s39-b000-conweave/raw/223837540/223837540_out_uplink.txt,7f7edc8bb82cfc15a884f5822afbb13cdd2a2e0780449ea21d3a02f10cfc5800,14080,2000000000,2000100000,100000,10000,1280,320,154894972,2.4202339375,9.68093575,14.8216,106.4208,0.3918929072734851
20261004-070000-ws25-formal-s39-b000-drill,20262539,0,drill,ce699dffe2845dc83e2171a1c309c6d96b96d2b3,results/20261004-070000-ws25-formal-s39-b000-drill/raw/164529867/164529867_out_uplink.txt,e0a972aaf74746203f5f2ac312d68a7401e46d4b45dc286b28f8688f9af55d71,14080,2000000000,2000100000,100000,10000,1280,320,147500448,2.3046945,9.218778,11.64296,103.76799999999999,0.09194965082765393
20261004-070000-ws25-formal-s39-b000-fecmp,20262539,0,fecmp,ce699dffe2845dc83e2171a1c309c6d96b96d2b3,results/20261004-070000-ws25-formal-s39-b000-fecmp/raw/643759109/643759109_out_uplink.txt,04126499a90bb3798c5175bf5f7783c77ba378213957cb4438d0c38da12d33e9,14080,2000000000,2000100000,100000,10000,1280,320,146963068,2.2962979375,9.18519175,15.50288,105.08319999999999,0.40346557923944887
20261004-070000-ws25-formal-s39-b000-letflow,20262539,0,letflow,ce699dffe2845dc83e2171a1c309c6d96b96d2b3,results/20261004-070000-ws25-formal-s39-b000-letflow/raw/669562155/669562155_out_uplink.txt,5364df32a2cdc085cc361ff974f196d0e2419e8b79202eb59d89cb407650197b,14080,2000000000,2000100000,100000,10000,1280,320,146963068,2.2962979375,9.18519175,15.308799999999998,105.1024,0.4170331394303638
20261004-070000-ws25-formal-s39-b064-classreserve,20262539,64,classreserve,ce699dffe2845dc83e2171a1c309c6d96b96d2b3,results/20261004-070000-ws25-formal-s39-b064-classreserve/raw/976580756/976580756_out_uplink.txt,1d0a419c3089f50ff677a6b1bd83fc84b7ea57455c74c28a212db1805d616f3e,90880,2000000000,2000700000,700000,10000,1280,320,713934888,1.5936046607142857,6.374418642857143,51.9636,105.3504,2.6343593197394553
20261004-070000-ws25-formal-s39-b064-conga,20262539,64,conga,ce699dffe2845dc83e2171a1c309c6d96b96d2b3,results/20261004-070000-ws25-formal-s39-b064-conga/raw/661903217/661903217_out_uplink.txt,c9cfb1669a4f8fbce44169918d2e4695711bfb8301c39f1bf996758157f1af73,90880,2000000000,2000700000,700000,10000,1280,320,713934888,1.5936046607142857,6.374418642857143,76.48123428571428,105.4224,2.9999308063005623
20261004-070000-ws25-formal-s39-b064-conweave,20262539,64,conweave,ce699dffe2845dc83e2171a1c309c6d96b96d2b3,results/20261004-070000-ws25-formal-s39-b064-conweave/raw/549601209/549601209_out_uplink.txt,57267ad51e0b072a66f9fc0b2c5ddfb293ba05b2acd85ec8e6926e87e2816a0d,90880,2000000000,2000700000,700000,10000,1280,320,726220840,1.6210286607142859,6.4841146428571435,52.93481142857143,106.2984,2.8357992747170226
20261004-070000-ws25-formal-s39-b064-drill,20262539,64,drill,ce699dffe2845dc83e2171a1c309c6d96b96d2b3,results/20261004-070000-ws25-formal-s39-b064-drill/raw/759226454/759226454_out_uplink.txt,41a24aa7b1e2ea3cb27f8706a533293acb977fddd9974034413a6c77ba41c5a2,116480,2000000000,2000900000,900000,10000,1280,320,722618628,1.2545462291666667,5.018184916666667,35.44007111111111,104.2584,2.3685591300869304
20261004-070000-ws25-formal-s39-b064-fecmp,20262539,64,fecmp,ce699dffe2845dc83e2171a1c309c6d96b96d2b3,results/20261004-070000-ws25-formal-s39-b064-fecmp/raw/769498073/769498073_out_uplink.txt,02e21d22e67690ec418ea7fca70412beb129416a6f59fb7e5e165bd423968309,90880,2000000000,2000700000,700000,10000,1280,320,713934888,1.5936046607142857,6.374418642857143,76.52125714285714,105.52960000000002,2.8211199880228017
20261004-070000-ws25-formal-s39-b064-letflow,20262539,64,letflow,ce699dffe2845dc83e2171a1c309c6d96b96d2b3,results/20261004-070000-ws25-formal-s39-b064-letflow/raw/945614264/945614264_out_uplink.txt,abef13b95138c2353287bdf7392735bbb00ae48609fb59a6e6019e528e3b09a6,90880,2000000000,2000700000,700000,10000,1280,320,713934888,1.5936046607142857,6.374418642857143,78.16112,105.58319999999999,2.8654951307238936
20261004-070000-ws25-formal-s39-b128-classreserve,20262539,128,classreserve,ce699dffe2845dc83e2171a1c309c6d96b96d2b3,results/20261004-070000-ws25-formal-s39-b128-classreserve/raw/689387607/689387607_out_uplink.txt,4bbe2c876b106cb176740e652e53da48e59d22c2f71297b5c20105abfa3b74ba,180480,2000000000,2001400000,1400000,10000,1280,320,1308790568,1.4607037589285714,5.842815035714286,39.39534857142857,105.4056,2.5744456296076774
20261004-070000-ws25-formal-s39-b128-conga,20262539,128,conga,ce699dffe2845dc83e2171a1c309c6d96b96d2b3,results/20261004-070000-ws25-formal-s39-b128-conga/raw/301503505/301503505_out_uplink.txt,6ba71ee2a28bb9075a9e825e2ad19fd262d970f6213115325d6445c7185f0402,154880,2000000000,2001200000,1200000,10000,1280,320,1308790568,1.7041543854166665,6.816617541666666,61.658,105.8312,2.8537532488240513
20261004-070000-ws25-formal-s39-b128-conweave,20262539,128,conweave,ce699dffe2845dc83e2171a1c309c6d96b96d2b3,results/20261004-070000-ws25-formal-s39-b128-conweave/raw/949773531/949773531_out_uplink.txt,b0372a4293d0f1c0fa4f94d7ba77be03834a4944f1f6b6db0ea20c4b0482b26d,167680,2000000000,2001300000,1300000,10000,1280,320,1330107816,1.5986872788461537,6.394749115384615,42.264916923076925,106.2704,2.9840530433734136
20261004-070000-ws25-formal-s39-b128-drill,20262539,128,drill,ce699dffe2845dc83e2171a1c309c6d96b96d2b3,results/20261004-070000-ws25-formal-s39-b128-drill/raw/388484126/388484126_out_uplink.txt,752486e2620f1d225087c3ed9ff29cbae84114239e8ad80ddd1bd13b792a1a00,206080,2000000000,2001600000,1600000,10000,1280,320,1322998148,1.2919903789062501,5.1679615156250005,33.552645,104.2832,2.2216148209489712
20261004-070000-ws25-formal-s39-b128-fecmp,20262539,128,fecmp,ce699dffe2845dc83e2171a1c309c6d96b96d2b3,results/20261004-070000-ws25-formal-s39-b128-fecmp/raw/249294721/249294721_out_uplink.txt,1db7bc0a4b6c0500a2f63e184bbc0f7e7f88b0e1a3f3459a85d24cfaa14b0be6,180480,2000000000,2001400000,1400000,10000,1280,320,1308790568,1.4607037589285714,5.842815035714286,38.97430857142857,105.552,2.8766178568102996
20261004-070000-ws25-formal-s39-b128-letflow,20262539,128,letflow,ce699dffe2845dc83e2171a1c309c6d96b96d2b3,results/20261004-070000-ws25-formal-s39-b128-letflow/raw/142057608/142057608_out_uplink.txt,d893c57144628d85e1825cd65612485a50604c1babede84dc811fca9ba3ac065,167680,2000000000,2001300000,1300000,10000,1280,320,1308790568,1.5730655865384615,6.292262346153846,82.28954461538461,105.8072,2.9110817504357014
20261004-070000-ws25-formal-s39-b192-classreserve,20262539,192,classreserve,ce699dffe2845dc83e2171a1c309c6d96b96d2b3,results/20261004-070000-ws25-formal-s39-b192-classreserve/raw/276422198/276422198_out_uplink.txt,4c6ca3c19942d79b0fad6cce07ead69ef809c514752c84f5ed812253e69b2b73,244480,2000000000,2001900000,1900000,10000,1280,320,1894351628,1.5578549572368423,6.231419828947369,38.730261052631576,105.5496,2.4706624836413527
20261004-070000-ws25-formal-s39-b192-conga,20262539,192,conga,ce699dffe2845dc83e2171a1c309c6d96b96d2b3,results/20261004-070000-ws25-formal-s39-b192-conga/raw/800635144/800635144_out_uplink.txt,5ad1c3fb4d57d578a40dea0785b5945518ce06d022deab51348a6b54a81aa283,270080,2000000000,2002100000,2100000,10000,1280,320,1894351628,1.409487818452381,5.637951273809524,34.80305142857143,105.5688,2.8572174593937993
20261004-070000-ws25-formal-s39-b192-conweave,20262539,192,conweave,ce699dffe2845dc83e2171a1c309c6d96b96d2b3,results/20261004-070000-ws25-formal-s39-b192-conweave/raw/620457075/620457075_out_uplink.txt,05e1cb27afa0029d868252862b19d741c5e2fd6101ef10e32a5f8b65e228ae2c,244480,2000000000,2001900000,1900000,10000,1280,320,1927107724,1.5847925361842106,6.339170144736842,39.308652631578944,106.2208,2.5758573371806293
20261004-070000-ws25-formal-s39-b192-drill,20262539,192,drill,ce699dffe2845dc83e2171a1c309c6d96b96d2b3,results/20261004-070000-ws25-formal-s39-b192-drill/raw/115348819/115348819_out_uplink.txt,f31f7eb90ae3397dc347c5009106148849c74086a54ee3b41dcb8f3f16d3562d,270080,2000000000,2002100000,2100000,10000,1280,320,1912529056,1.4230126904761906,5.6920507619047624,28.180377142857143,104.156,2.2130768259384945
20261004-070000-ws25-formal-s39-b192-fecmp,20262539,192,fecmp,ce699dffe2845dc83e2171a1c309c6d96b96d2b3,results/20261004-070000-ws25-formal-s39-b192-fecmp/raw/832421179/832421179_out_uplink.txt,226d3e00a34fe7c287e9ffd9cdd9798583e6c7727d53955f24f14bb077bb5052,257280,2000000000,2002000000,2000000,10000,1280,320,1894351628,1.479962209375,5.9198488375,36.40036,105.49520000000001,2.6584331015062372
20261004-070000-ws25-formal-s39-b192-letflow,20262539,192,letflow,ce699dffe2845dc83e2171a1c309c6d96b96d2b3,results/20261004-070000-ws25-formal-s39-b192-letflow/raw/225806743/225806743_out_uplink.txt,92f22cdec854803348c23de06b704c6beaad3da8bca04148d33b55e7f07308b3,257280,2000000000,2002000000,2000000,10000,1280,320,1894351628,1.479962209375,5.9198488375,44.177956,105.556,2.710116092489006
20261004-070000-ws25-formal-s40-b000-classreserve,20262540,0,classreserve,ce699dffe2845dc83e2171a1c309c6d96b96d2b3,results/20261004-070000-ws25-formal-s40-b000-classreserve/raw/97490807/97490807_out_uplink.txt,fa1a56d64ceef5c3191f272753fcc68a7a468a42c8273fa23a2e3331fa0bd0ef,14080,2000000000,2000100000,100000,10000,1280,320,146715640,2.292431875,9.1697275,11.978,105.296,0.2043639505943776
20261004-070000-ws25-formal-s40-b000-conga,20262540,0,conga,ce699dffe2845dc83e2171a1c309c6d96b96d2b3,results/20261004-070000-ws25-formal-s40-b000-conga/raw/461164100/461164100_out_uplink.txt,d43f530564654e013e6f6d85d021b1edbeca1fd7a0fa65b5d5bdc8981e1be7bd,14080,2000000000,2000100000,100000,10000,1280,320,146715640,2.292431875,9.1697275,15.53528,105.3616,0.5410262823591699
20261004-070000-ws25-formal-s40-b000-conweave,20262540,0,conweave,ce699dffe2845dc83e2171a1c309c6d96b96d2b3,results/20261004-070000-ws25-formal-s40-b000-conweave/raw/3699060/3699060_out_uplink.txt,52f88c9e2ca7c68d6c56e3dd23668669ae15f637015c7a7536ceea6f4653da99,14080,2000000000,2000100000,100000,10000,1280,320,154568632,2.415134875,9.6605395,14.9152,106.37200000000001,0.3668214542765187
20261004-070000-ws25-formal-s40-b000-drill,20262540,0,drill,ce699dffe2845dc83e2171a1c309c6d96b96d2b3,results/20261004-070000-ws25-formal-s40-b000-drill/raw/698357920/698357920_out_uplink.txt,e272075d7535b607f2d694e155f56188e4d4bcaef6d56cdfe42620a544ad352b,14080,2000000000,2000100000,100000,10000,1280,320,147241732,2.3006520624999998,9.202608249999999,11.638159999999997,104.06559999999999,0.08947337788820389
20261004-070000-ws25-formal-s40-b000-fecmp,20262540,0,fecmp,ce699dffe2845dc83e2171a1c309c6d96b96d2b3,results/20261004-070000-ws25-formal-s40-b000-fecmp/raw/281990115/281990115_out_uplink.txt,be05499ec2bd3d92b24ac5be2ef8a9f9963bf8e42599351e241863996d047d55,14080,2000000000,2000100000,100000,10000,1280,320,146715640,2.292431875,9.1697275,14.80216,105.1984,0.37889355208006736
20261004-070000-ws25-formal-s40-b000-letflow,20262540,0,letflow,ce699dffe2845dc83e2171a1c309c6d96b96d2b3,results/20261004-070000-ws25-formal-s40-b000-letflow/raw/284346955/284346955_out_uplink.txt,4c8feef956d92ba14dc71367358608cbb12d2b61524424ed0e98f6d008c1bac7,14080,2000000000,2000100000,100000,10000,1280,320,146715640,2.292431875,9.1697275,14.80216,105.3008,0.416243262270079
20261004-070000-ws25-formal-s40-b064-classreserve,20262540,64,classreserve,ce699dffe2845dc83e2171a1c309c6d96b96d2b3,results/20261004-070000-ws25-formal-s40-b064-classreserve/raw/187935547/187935547_out_uplink.txt,e983ca8602c68a538d8a4491dfb9b0a807b8629cca0df15e5e2e29bce6a23da0,103680,2000000000,2000800000,800000,10000,1280,320,713687460,1.3939208203125,5.57568328125,44.556189999999994,105.308,2.7143421869081896
20261004-070000-ws25-formal-s40-b064-conga,20262540,64,conga,ce699dffe2845dc83e2171a1c309c6d96b96d2b3,results/20261004-070000-ws25-formal-s40-b064-conga/raw/50265066/50265066_out_uplink.txt,aa720f113da151102743be2c9ae0d8b6fa7ab8a04bba7bb1dfa5470d4ded213f,90880,2000000000,2000700000,700000,10000,1280,320,713687460,1.5930523660714286,6.3722094642857146,76.06076571428571,106.25039999999998,2.975213468309084
20261004-070000-ws25-formal-s40-b064-conweave,20262540,64,conweave,ce699dffe2845dc83e2171a1c309c6d96b96d2b3,results/20261004-070000-ws25-formal-s40-b064-conweave/raw/176361358/176361358_out_uplink.txt,bcaacc124e90c20471a474646d9916f374f81c2306a9ef72d59b68d0ac5fc4fd,90880,2000000000,2000700000,700000,10000,1280,320,725430564,1.6192646517857143,6.477058607142857,54.22608,106.3224,2.8247970007057415
20261004-070000-ws25-formal-s40-b064-drill,20262540,64,drill,ce699dffe2845dc83e2171a1c309c6d96b96d2b3,results/20261004-070000-ws25-formal-s40-b064-drill/raw/196290890/196290890_out_uplink.txt,36cb2223cf73736275219060b38397a37a5b0cceb85ac86e806a502ad5cfcf82,129280,2000000000,2001000000,1000000,10000,1280,320,722768116,1.12932518125,4.517300725,35.651528,103.9536,2.407241166714558
20261004-070000-ws25-formal-s40-b064-fecmp,20262540,64,fecmp,ce699dffe2845dc83e2171a1c309c6d96b96d2b3,results/20261004-070000-ws25-formal-s40-b064-fecmp/raw/628084256/628084256_out_uplink.txt,aaed7d96816ac1f90986c571e9d31965b7e34332580d08649e7c5d5ebb39dc9d,90880,2000000000,2000700000,700000,10000,1280,320,713687460,1.5930523660714286,6.3722094642857146,52.67357714285714,105.3856,2.960859475767726
20261004-070000-ws25-formal-s40-b064-letflow,20262540,64,letflow,ce699dffe2845dc83e2171a1c309c6d96b96d2b3,results/20261004-070000-ws25-formal-s40-b064-letflow/raw/390503763/390503763_out_uplink.txt,e597213915e66c458f734355e9b621f59e874b92ca62043180665ce7cf69a80e,90880,2000000000,2000700000,700000,10000,1280,320,713687460,1.5930523660714286,6.3722094642857146,76.33185142857143,105.4464,2.780278539451597
20261004-070000-ws25-formal-s40-b128-classreserve,20262540,128,classreserve,ce699dffe2845dc83e2171a1c309c6d96b96d2b3,results/20261004-070000-ws25-formal-s40-b128-classreserve/raw/514759666/514759666_out_uplink.txt,62bd26c52f1dcfd9be86fbf2b733a0cec39a9bfacbabc9794535db1e59f097fc,167680,2000000000,2001300000,1300000,10000,1280,320,1299248520,1.561596778846154,6.246387115384616,41.41008,105.236,2.2652599718752233
20261004-070000-ws25-formal-s40-b128-conga,20262540,128,conga,ce699dffe2845dc83e2171a1c309c6d96b96d2b3,results/20261004-070000-ws25-formal-s40-b128-conga/raw/24148165/24148165_out_uplink.txt,12ccb3810340ce153d36de3122e6e26db9ea6a57d4b229cfb93aa6120c89ac85,167680,2000000000,2001300000,1300000,10000,1280,320,1299248520,1.561596778846154,6.246387115384616,41.75919384615385,105.5552,2.4932557482335076
20261004-070000-ws25-formal-s40-b128-conweave,20262540,128,conweave,ce699dffe2845dc83e2171a1c309c6d96b96d2b3,results/20261004-070000-ws25-formal-s40-b128-conweave/raw/555060713/555060713_out_uplink.txt,f29963054dec3a7265b751eeab11933eb63ed353ebf15bf6db05d02e841bed52,180480,2000000000,2001400000,1400000,10000,1280,320,1320261128,1.4735057232142859,5.894022892857143,50.67941142857143,106.088,2.5076761763414015
20261004-070000-ws25-formal-s40-b128-drill,20262540,128,drill,ce699dffe2845dc83e2171a1c309c6d96b96d2b3,results/20261004-070000-ws25-formal-s40-b128-drill/raw/210588074/210588074_out_uplink.txt,19a75ce40029a572ec15123d9dfaa25413bab08c74cbbdf824c8538637ca59bc,193280,2000000000,2001500000,1500000,10000,1280,320,1314420336,1.36918785,5.4767514,26.547296000000003,103.9984,2.057350546814244
20261004-070000-ws25-formal-s40-b128-fecmp,20262540,128,fecmp,ce699dffe2845dc83e2171a1c309c6d96b96d2b3,results/20261004-070000-ws25-formal-s40-b128-fecmp/raw/266981314/266981314_out_uplink.txt,08286ae1be19c018c803fd8f145b55567ff87da3346b28788124409989c68e5f,180480,2000000000,2001400000,1400000,10000,1280,320,1299248520,1.4500541517857142,5.800216607142857,38.735577142857146,105.536,2.5113316821436147
20261004-070000-ws25-formal-s40-b128-letflow,20262540,128,letflow,ce699dffe2845dc83e2171a1c309c6d96b96d2b3,results/20261004-070000-ws25-formal-s40-b128-letflow/raw/607452536/607452536_out_uplink.txt,a85dd2609d1ab19b61a99f66855df1a68d59501b208b186daccdd0a0ff3ef482,180480,2000000000,2001400000,1400000,10000,1280,320,1299248520,1.4500541517857142,5.800216607142857,38.99432,105.3624,2.5128225379032876
20261004-070000-ws25-formal-s40-b192-classreserve,20262540,192,classreserve,ce699dffe2845dc83e2171a1c309c6d96b96d2b3,results/20261004-070000-ws25-formal-s40-b192-classreserve/raw/453323958/453323958_out_uplink.txt,41b794901bda7b94b3bdc0759062a86d6c6e6db194dc6950a0b16002b367a9e9,282880,2000000000,2002200000,2200000,10000,1280,320,1894104200,1.3452444602272728,5.380977840909091,32.92708727272727,105.3208,1.9649444196800743
20261004-070000-ws25-formal-s40-b192-conga,20262540,192,conga,ce699dffe2845dc83e2171a1c309c6d96b96d2b3,results/20261004-070000-ws25-formal-s40-b192-conga/raw/181790353/181790353_out_uplink.txt,2528d9f27e8843838c753a7aada682c2a065109029e43bfc53ac5e03c579fbea,295680,2000000000,2002300000,2300000,10000,1280,320,1894104200,1.2867555706521738,5.147022282608695,31.850751304347828,105.4056,2.452496503706076
20261004-070000-ws25-formal-s40-b192-conweave,20262540,192,conweave,ce699dffe2845dc83e2171a1c309c6d96b96d2b3,results/20261004-070000-ws25-formal-s40-b192-conweave/raw/254469020/254469020_out_uplink.txt,8785a7ee71fe78965e28c09cd1e770c8b6779e7738c471c9d59c6c325884ebc4,282880,2000000000,2002200000,2200000,10000,1280,320,1928500296,1.3696735056818181,5.4786940227272725,34.191818181818185,106.13680000000001,2.3100561586721073
20261004-070000-ws25-formal-s40-b192-drill,20262540,192,drill,ce699dffe2845dc83e2171a1c309c6d96b96d2b3,results/20261004-070000-ws25-formal-s40-b192-drill/raw/736742978/736742978_out_uplink.txt,e065199e1c7505d1bc86897f449630baec35bf40a61835bdb731e465f8fb4a1d,295680,2000000000,2002300000,2300000,10000,1280,320,1914418020,1.3005557201086957,5.202222880434783,27.60950956521739,104.304,1.7396070715740795
20261004-070000-ws25-formal-s40-b192-fecmp,20262540,192,fecmp,ce699dffe2845dc83e2171a1c309c6d96b96d2b3,results/20261004-070000-ws25-formal-s40-b192-fecmp/raw/403594404/403594404_out_uplink.txt,e784fd4ff16e04bd15b23f0bd7ce451900a9c2653e61ba537517c32431cf3788,295680,2000000000,2002300000,2300000,10000,1280,320,1894104200,1.2867555706521738,5.147022282608695,46.532114782608694,105.5616,2.170967252725761
20261004-070000-ws25-formal-s40-b192-letflow,20262540,192,letflow,ce699dffe2845dc83e2171a1c309c6d96b96d2b3,results/20261004-070000-ws25-formal-s40-b192-letflow/raw/143027686/143027686_out_uplink.txt,435e65ff9a0d72bd822b50a04101a73f2b7e4f01405e576ccfbe71398d04f276,282880,2000000000,2002200000,2200000,10000,1280,320,1894104200,1.3452444602272728,5.380977840909091,40.69335636363636,105.7648,2.380881201853541
20261004-070000-ws25-formal-s41-b000-classreserve,20262541,0,classreserve,ce699dffe2845dc83e2171a1c309c6d96b96d2b3,results/20261004-070000-ws25-formal-s41-b000-classreserve/raw/179632955/179632955_out_uplink.txt,26b0fb07c3af2c86c8af05fb9655fa7a7fe6371dbef64997b02d28210253cd43,14080,2000000000,2000100000,100000,10000,1280,320,146706476,2.2922886875,9.16915475,12.032,105.28400000000002,0.2030572678256025
20261004-070000-ws25-formal-s41-b000-conga,20262541,0,conga,ce699dffe2845dc83e2171a1c309c6d96b96d2b3,results/20261004-070000-ws25-formal-s41-b000-conga/raw/891752678/891752678_out_uplink.txt,01f2d1f9050f98eae0208097d5cdd8c7437e194b431c2a6c6845d114ff2eb8f7,14080,2000000000,2000100000,100000,10000,1280,320,146706476,2.2922886875,9.16915475,15.11472,105.27680000000001,0.5129704953095421
20261004-070000-ws25-formal-s41-b000-conweave,20262541,0,conweave,ce699dffe2845dc83e2171a1c309c6d96b96d2b3,results/20261004-070000-ws25-formal-s41-b000-conweave/raw/42968861/42968861_out_uplink.txt,46e28ca310a8d37bd69651de3c8354d33f0a7b9f3da09adb5214771b71a809aa,14080,2000000000,2000100000,100000,10000,1280,320,154624748,2.4160116874999997,9.664046749999999,14.76376,106.0408,0.36757380701220127
20261004-070000-ws25-formal-s41-b000-drill,20262541,0,drill,ce699dffe2845dc83e2171a1c309c6d96b96d2b3,results/20261004-070000-ws25-formal-s41-b000-drill/raw/428448257/428448257_out_uplink.txt,9b8800efa5347a60f693762f00d07313c6a2c99dcac1d0df3e2e518ab9445f65,14080,2000000000,2000100000,100000,10000,1280,320,147267824,2.30105975,9.204239,11.68808,104.0424,0.1027570509923531
20261004-070000-ws25-formal-s41-b000-fecmp,20262541,0,fecmp,ce699dffe2845dc83e2171a1c309c6d96b96d2b3,results/20261004-070000-ws25-formal-s41-b000-fecmp/raw/997988915/997988915_out_uplink.txt,838f522cd6f487d073a1ee6174ca58a5f729aa3d5525a1a4fb15b19419ee2142,14080,2000000000,2000100000,100000,10000,1280,320,146706476,2.2922886875,9.16915475,13.89656,105.29519999999998,0.41617575340792445
20261004-070000-ws25-formal-s41-b000-letflow,20262541,0,letflow,ce699dffe2845dc83e2171a1c309c6d96b96d2b3,results/20261004-070000-ws25-formal-s41-b000-letflow/raw/856474404/856474404_out_uplink.txt,5cfa39c7156bf33164d1af018e476ccd0d53d996d79ceee66562f58dd32f86b5,14080,2000000000,2000100000,100000,10000,1280,320,146706476,2.2922886875,9.16915475,14.4464,105.3136,0.37104550307510065
20261004-070000-ws25-formal-s41-b064-classreserve,20262541,64,classreserve,ce699dffe2845dc83e2171a1c309c6d96b96d2b3,results/20261004-070000-ws25-formal-s41-b064-classreserve/raw/408187015/408187015_out_uplink.txt,a8d76aa1b9f75da83e63fa66195599a43d30729821467ba279c8f16ec8ad4f8e,142080,2000000000,2001100000,1100000,10000,1280,320,732267536,1.04015275,4.160611,33.37352,105.3976,2.701007744054345
20261004-070000-ws25-formal-s41-b064-conga,20262541,64,conga,ce699dffe2845dc83e2171a1c309c6d96b96d2b3,results/20261004-070000-ws25-formal-s41-b064-conga/raw/88323042/88323042_out_uplink.txt,67ca741f3ab5013302767425568f07ea2aaff3f1b4c04ddc5eb70220b6e36786,129280,2000000000,2001000000,1000000,10000,1280,320,732267536,1.144168025,4.5766721,36.133232,105.416,2.8083918837596444
20261004-070000-ws25-formal-s41-b064-conweave,20262541,64,conweave,ce699dffe2845dc83e2171a1c309c6d96b96d2b3,results/20261004-070000-ws25-formal-s41-b064-conweave/raw/872782118/872782118_out_uplink.txt,356da39e350d9f776ddf5c59ee343f46827756b47c5b2a4fb630cdf753a108ea,129280,2000000000,2001000000,1000000,10000,1280,320,744284880,1.162945125,4.6517805,36.89212,106.396,2.8237416423449897
20261004-070000-ws25-formal-s41-b064-drill,20262541,64,drill,ce699dffe2845dc83e2171a1c309c6d96b96d2b3,results/20261004-070000-ws25-formal-s41-b064-drill/raw/340469108/340469108_out_uplink.txt,ad529ff17a5183893f6af1459396a7d1055ccc7faa34410d937d713f61bfd870,154880,2000000000,2001200000,1200000,10000,1280,320,741249476,0.9651685885416666,3.8606743541666666,29.807433333333332,103.78479999999999,2.476664545443167
20261004-070000-ws25-formal-s41-b064-fecmp,20262541,64,fecmp,ce699dffe2845dc83e2171a1c309c6d96b96d2b3,results/20261004-070000-ws25-formal-s41-b064-fecmp/raw/283557678/283557678_out_uplink.txt,8f4dc14852f4c0548f87b0c466e7cc9a4e4f7368ddbb075a502db534c4fea1c7,116480,2000000000,2000900000,900000,10000,1280,320,732267536,1.2712978055555557,5.085191222222223,41.09648888888889,105.73279999999998,2.930599999316358
20261004-070000-ws25-formal-s41-b064-letflow,20262541,64,letflow,ce699dffe2845dc83e2171a1c309c6d96b96d2b3,results/20261004-070000-ws25-formal-s41-b064-letflow/raw/520219094/520219094_out_uplink.txt,ea314e1b2042bb31d9a5e85791a2e6756d9103beca2f2d951d7f5c1455c03039,129280,2000000000,2001000000,1000000,10000,1280,320,732267536,1.144168025,4.5766721,36.797112,105.3016,2.6857863371225115
20261004-070000-ws25-formal-s41-b128-classreserve,20262541,128,classreserve,ce699dffe2845dc83e2171a1c309c6d96b96d2b3,results/20261004-070000-ws25-formal-s41-b128-classreserve/raw/759159962/759159962_out_uplink.txt,97ddbe1cd2bf2af040b40990c43487305042e2aabad71a34e62dcd06b7d1d3ea,180480,2000000000,2001400000,1400000,10000,1280,320,1317828596,1.4707908437500001,5.8831633750000005,50.371474285714285,105.71520000000001,2.760107674359984
20261004-070000-ws25-formal-s41-b128-conga,20262541,128,conga,ce699dffe2845dc83e2171a1c309c6d96b96d2b3,results/20261004-070000-ws25-formal-s41-b128-conga/raw/929349007/929349007_out_uplink.txt,a8450f0a9cb0b08454dcca5697d991a86b1ec68cdc2fbeada3c21577d7863360,180480,2000000000,2001400000,1400000,10000,1280,320,1317828596,1.4707908437500001,5.8831633750000005,38.84956571428572,105.508,2.741748335521177
20261004-070000-ws25-formal-s41-b128-conweave,20262541,128,conweave,ce699dffe2845dc83e2171a1c309c6d96b96d2b3,results/20261004-070000-ws25-formal-s41-b128-conweave/raw/511456830/511456830_out_uplink.txt,0d9bb7101a1b4ad3b2fe203a2be821203362c2fc0d5b4ebb5dddcbbffe20bcd8,167680,2000000000,2001300000,1300000,10000,1280,320,1338282996,1.6085132163461537,6.434052865384615,43.74247999999999,106.1224,2.934264995810078
20261004-070000-ws25-formal-s41-b128-drill,20262541,128,drill,ce699dffe2845dc83e2171a1c309c6d96b96d2b3,results/20261004-070000-ws25-formal-s41-b128-drill/raw/727776670/727776670_out_uplink.txt,4e24b3d8dd4f09c182bd0d935270627c868df31ff0c7bc7ad9983bcbe4c775ee,206080,2000000000,2001600000,1600000,10000,1280,320,1333813764,1.30255250390625,5.210210015625,22.937830000000005,104.9488,2.2551812541232024
20261004-070000-ws25-formal-s41-b128-fecmp,20262541,128,fecmp,ce699dffe2845dc83e2171a1c309c6d96b96d2b3,results/20261004-070000-ws25-formal-s41-b128-fecmp/raw/141707426/141707426_out_uplink.txt,db55c8feb4209703974edb38a7994425ee8451bb51290f794329b54ddf6521ea,167680,2000000000,2001300000,1300000,10000,1280,320,1317828596,1.5839286009615385,6.335714403846154,54.68403692307693,106.05760000000001,3.0152711378600707
20261004-070000-ws25-formal-s41-b128-letflow,20262541,128,letflow,ce699dffe2845dc83e2171a1c309c6d96b96d2b3,results/20261004-070000-ws25-formal-s41-b128-letflow/raw/235238371/235238371_out_uplink.txt,b120dc0e2d44dbb07ae9055f0724a482311576c0ad3e36688d25f404be5d57eb,167680,2000000000,2001300000,1300000,10000,1280,320,1317828596,1.5839286009615385,6.335714403846154,55.31659076923077,105.8496,2.7682192125392353
20261004-070000-ws25-formal-s41-b192-classreserve,20262541,192,classreserve,ce699dffe2845dc83e2171a1c309c6d96b96d2b3,results/20261004-070000-ws25-formal-s41-b192-classreserve/raw/186635435/186635435_out_uplink.txt,64e8e267a8e6767a4105a06ad0ec18d185a7aa882cb169b9db05756e8ada7346,257280,2000000000,2002000000,2000000,10000,1280,320,1903389656,1.48702316875,5.948092675,36.324904,105.752,2.2834646637529907
20261004-070000-ws25-formal-s41-b192-conga,20262541,192,conga,ce699dffe2845dc83e2171a1c309c6d96b96d2b3,results/20261004-070000-ws25-formal-s41-b192-conga/raw/577528749/577528749_out_uplink.txt,747c8cd907e6867fbf73c32b9112deb334e97e4174bd0621fb89505d08e4671a,244480,2000000000,2001900000,1900000,10000,1280,320,1903389656,1.5652875460526317,6.261150184210527,46.707941052631575,105.4648,2.445038364920867
20261004-070000-ws25-formal-s41-b192-conweave,20262541,192,conweave,ce699dffe2845dc83e2171a1c309c6d96b96d2b3,results/20261004-070000-ws25-formal-s41-b192-conweave/raw/55821412/55821412_out_uplink.txt,77cbec34b08457a8b6516015320d4d624b8bfb1161b58889844c0b0d3d1b2fff,270080,2000000000,2002100000,2100000,10000,1280,320,1936725336,1.441015875,5.7640635,43.808933333333336,106.2016,2.321625328885589
20261004-070000-ws25-formal-s41-b192-drill,20262541,192,drill,ce699dffe2845dc83e2171a1c309c6d96b96d2b3,results/20261004-070000-ws25-formal-s41-b192-drill/raw/590865341/590865341_out_uplink.txt,fd82e5a73b6e2427a1e693b70c0b70ab1a8285f4d82f8c3c2119203e65f88624,257280,2000000000,2002000000,2000000,10000,1280,320,1921788172,1.501397009375,6.0055880375,32.920384,105.2376,1.9572746451338705
20261004-070000-ws25-formal-s41-b192-fecmp,20262541,192,fecmp,ce699dffe2845dc83e2171a1c309c6d96b96d2b3,results/20261004-070000-ws25-formal-s41-b192-fecmp/raw/776696377/776696377_out_uplink.txt,160f6736d7b50700a9ce33cfab9084393ef735127f8769c9b5d08c370e8d5e0f,244480,2000000000,2001900000,1900000,10000,1280,320,1903389656,1.5652875460526317,6.261150184210527,47.680235789473684,106.13600000000001,2.550866968071652
20261004-070000-ws25-formal-s41-b192-letflow,20262541,192,letflow,ce699dffe2845dc83e2171a1c309c6d96b96d2b3,results/20261004-070000-ws25-formal-s41-b192-letflow/raw/246149621/246149621_out_uplink.txt,e46038c076f1796badb3a874844337ad05de87ad465954f156b4263a61fb4cb7,231680,2000000000,2001800000,1800000,10000,1280,320,1903389656,1.652247965277778,6.608991861111112,40.002364444444446,105.7032,2.349775413242925
20261004-070000-ws25-formal-s42-b000-classreserve,20262542,0,classreserve,ce699dffe2845dc83e2171a1c309c6d96b96d2b3,results/20261004-070000-ws25-formal-s42-b000-classreserve/raw/135047924/135047924_out_uplink.txt,d45f7647a2077a934434dd7ea9c1510f088323d1251d83ecc4a070b715827e4f,14080,2000000000,2000100000,100000,10000,1280,320,146953904,2.2961547500000004,9.184619000000001,12.20416,105.1584,0.21889618936801786
20261004-070000-ws25-formal-s42-b000-conga,20262542,0,conga,ce699dffe2845dc83e2171a1c309c6d96b96d2b3,results/20261004-070000-ws25-formal-s42-b000-conga/raw/310149740/310149740_out_uplink.txt,476160a79e4425d9034f0410c984119e27cc04e74b3a13fb51fe3685c4633f2e,14080,2000000000,2000100000,100000,10000,1280,320,146953904,2.2961547500000004,9.184619000000001,16.3224,105.2776,0.500183658011909
20261004-070000-ws25-formal-s42-b000-conweave,20262542,0,conweave,ce699dffe2845dc83e2171a1c309c6d96b96d2b3,results/20261004-070000-ws25-formal-s42-b000-conweave/raw/727152124/727152124_out_uplink.txt,bde6bade19207775cf0df629a861beeb51d23b59376447a09f6e1cb3c47ed8e2,14080,2000000000,2000100000,100000,10000,1280,320,154886128,2.4200957499999998,9.680382999999999,14.5248,106.2728,0.38010182853854435
20261004-070000-ws25-formal-s42-b000-drill,20262542,0,drill,ce699dffe2845dc83e2171a1c309c6d96b96d2b3,results/20261004-070000-ws25-formal-s42-b000-drill/raw/659714541/659714541_out_uplink.txt,543cbe5b531b2c0b20e81610683231e609ae8df1b333dd518f6a61999ec36d57,14080,2000000000,2000100000,100000,10000,1280,320,147523492,2.3050545625,9.22021825,11.70712,104.42,0.08779738838483668
20261004-070000-ws25-formal-s42-b000-fecmp,20262542,0,fecmp,ce699dffe2845dc83e2171a1c309c6d96b96d2b3,results/20261004-070000-ws25-formal-s42-b000-fecmp/raw/251904230/251904230_out_uplink.txt,6427c8c4be408f404aa2269e23f5b7f346bd59436075901cad7b4587611ea253,14080,2000000000,2000100000,100000,10000,1280,320,146953904,2.2961547500000004,9.184619000000001,14.4572,105.3368,0.3818252033612256
20261004-070000-ws25-formal-s42-b000-letflow,20262542,0,letflow,ce699dffe2845dc83e2171a1c309c6d96b96d2b3,results/20261004-070000-ws25-formal-s42-b000-letflow/raw/148902419/148902419_out_uplink.txt,c0f087b63f661ba0d0acbaed17017256bd5de2837a6c7c0fa52dd0bf31b5bfcc,14080,2000000000,2000100000,100000,10000,1280,320,146953904,2.2961547500000004,9.184619000000001,14.83488,105.3496,0.4545046354850942
20261004-070000-ws25-formal-s42-b064-classreserve,20262542,64,classreserve,ce699dffe2845dc83e2171a1c309c6d96b96d2b3,results/20261004-070000-ws25-formal-s42-b064-classreserve/raw/844936933/844936933_out_uplink.txt,c3b99079a6c6dfa6829f9f7eff568b748524c6d575b88f6d0ef0ea11005a2cc5,103680,2000000000,2000800000,800000,10000,1280,320,732514964,1.4306932890625,5.72277315625,45.78754,105.2712,2.820838851390677
20261004-070000-ws25-formal-s42-b064-conga,20262542,64,conga,ce699dffe2845dc83e2171a1c309c6d96b96d2b3,results/20261004-070000-ws25-formal-s42-b064-conga/raw/786935222/786935222_out_uplink.txt,66c514348995875e6949d0d11ef7d291ae909c356304725e287a6cc5a5719d3f,103680,2000000000,2000800000,800000,10000,1280,320,732514964,1.4306932890625,5.72277315625,67.9921,105.7288,3.305520922227822
20261004-070000-ws25-formal-s42-b064-conweave,20262542,64,conweave,ce699dffe2845dc83e2171a1c309c6d96b96d2b3,results/20261004-070000-ws25-formal-s42-b064-conweave/raw/524559875/524559875_out_uplink.txt,9520e054df38a6f72db1f0c1b50d1486623f88dbaabc383f0b42bab0b51ac366,103680,2000000000,2000800000,800000,10000,1280,320,745106388,1.4552859140624999,5.821143656249999,46.7362,106.38,2.9435794212047988
20261004-070000-ws25-formal-s42-b064-drill,20262542,64,drill,ce699dffe2845dc83e2171a1c309c6d96b96d2b3,results/20261004-070000-ws25-formal-s42-b064-drill/raw/624948714/624948714_out_uplink.txt,8ae448ca70fe1ca59dc9811a6c810ef491bd66054810f08a00afcd6faf1fcb30,129280,2000000000,2001000000,1000000,10000,1280,320,741307564,1.15829306875,4.633172275,27.981232,104.3352,2.542585559338529
20261004-070000-ws25-formal-s42-b064-fecmp,20262542,64,fecmp,ce699dffe2845dc83e2171a1c309c6d96b96d2b3,results/20261004-070000-ws25-formal-s42-b064-fecmp/raw/169164768/169164768_out_uplink.txt,72fe49fbd936ab91eb69bae757780109a3bd2529285bf88d1e5902ee43a4ff7f,103680,2000000000,2000800000,800000,10000,1280,320,732514964,1.4306932890625,5.72277315625,46.42628,105.3616,3.042853006510635
20261004-070000-ws25-formal-s42-b064-letflow,20262542,64,letflow,ce699dffe2845dc83e2171a1c309c6d96b96d2b3,results/20261004-070000-ws25-formal-s42-b064-letflow/raw/662339021/662339021_out_uplink.txt,524110670c0c1b95fbb862cd4a0802dd0656e28c635d03257af0800592e08f24,103680,2000000000,2000800000,800000,10000,1280,320,732514964,1.4306932890625,5.72277315625,46.41818,105.72399999999999,3.0514291764074626
20261004-070000-ws25-formal-s42-b128-classreserve,20262542,128,classreserve,ce699dffe2845dc83e2171a1c309c6d96b96d2b3,results/20261004-070000-ws25-formal-s42-b128-classreserve/raw/738991695/738991695_out_uplink.txt,4bfce142008adc0dc7669bc7abc40899fd20b2ca791de90d14f1c302ec61ca4e,180480,2000000000,2001400000,1400000,10000,1280,320,1327370644,1.4814404508928571,5.925761803571429,39.37690285714286,105.484,2.7993099879672623
20261004-070000-ws25-formal-s42-b128-conga,20262542,128,conga,ce699dffe2845dc83e2171a1c309c6d96b96d2b3,results/20261004-070000-ws25-formal-s42-b128-conga/raw/719961877/719961877_out_uplink.txt,7ce1d640c6c85d3b7538f0c772402feeb9b7bb30e953124bdf83ed3b090409f3,180480,2000000000,2001400000,1400000,10000,1280,320,1327370644,1.4814404508928571,5.925761803571429,39.83351428571429,106.29519999999998,2.9520653715276763
20261004-070000-ws25-formal-s42-b128-conweave,20262542,128,conweave,ce699dffe2845dc83e2171a1c309c6d96b96d2b3,results/20261004-070000-ws25-formal-s42-b128-conweave/raw/587538337/587538337_out_uplink.txt,f98ac569d114efacc0b558568d966705e14d810f6c453df4aac6bd65d93e1303,180480,2000000000,2001400000,1400000,10000,1280,320,1346909972,1.503247736607143,6.012990946428572,75.66170857142858,106.1776,2.8937708181306956
20261004-070000-ws25-formal-s42-b128-drill,20262542,128,drill,ce699dffe2845dc83e2171a1c309c6d96b96d2b3,results/20261004-070000-ws25-formal-s42-b128-drill/raw/980293175/980293175_out_uplink.txt,bc83cce4a0b318520817bc6d28dba15e332d485259960e1d655473432f7ec129,218880,2000000000,2001700000,1700000,10000,1280,320,1341930772,1.2333922536764708,4.933569014705883,33.877529411764705,104.42479999999999,2.591946334737082
20261004-070000-ws25-formal-s42-b128-fecmp,20262542,128,fecmp,ce699dffe2845dc83e2171a1c309c6d96b96d2b3,results/20261004-070000-ws25-formal-s42-b128-fecmp/raw/674797374/674797374_out_uplink.txt,65a77e9dd039ec6161367141af29db2f13ff1e9d7af4424fe7ce89be10e3c2c7,167680,2000000000,2001300000,1300000,10000,1280,320,1327370644,1.5953974086538463,6.381589634615385,68.11950769230769,105.43440000000001,2.959288643406177
20261004-070000-ws25-formal-s42-b128-letflow,20262542,128,letflow,ce699dffe2845dc83e2171a1c309c6d96b96d2b3,results/20261004-070000-ws25-formal-s42-b128-letflow/raw/125903146/125903146_out_uplink.txt,57c7e9e331cb8f42a5e35996bc72cf892da2993e5ff176dbf42d002631be34f2,180480,2000000000,2001400000,1400000,10000,1280,320,1327370644,1.4814404508928571,5.925761803571429,39.042057142857146,105.4744,2.7568729436219797
20261004-070000-ws25-formal-s42-b192-classreserve,20262542,192,classreserve,ce699dffe2845dc83e2171a1c309c6d96b96d2b3,results/20261004-070000-ws25-formal-s42-b192-classreserve/raw/718145468/718145468_out_uplink.txt,aed5852926bd4498cc1fbe7f3b15424974a22baf9ce9546f0685153f8659ff2b,257280,2000000000,2002000000,2000000,10000,1280,320,1912931704,1.49447789375,5.977911575,35.99082,105.3624,2.3615433362022777
20261004-070000-ws25-formal-s42-b192-conga,20262542,192,conga,ce699dffe2845dc83e2171a1c309c6d96b96d2b3,results/20261004-070000-ws25-formal-s42-b192-conga/raw/26017264/26017264_out_uplink.txt,1136f24cdbc013876b688d54a30a875dac190bd7406d7382f05941caab273e0c,257280,2000000000,2002000000,2000000,10000,1280,320,1912931704,1.49447789375,5.977911575,46.364336,105.7368,2.675427911059797
20261004-070000-ws25-formal-s42-b192-conweave,20262542,192,conweave,ce699dffe2845dc83e2171a1c309c6d96b96d2b3,results/20261004-070000-ws25-formal-s42-b192-conweave/raw/305149651/305149651_out_uplink.txt,fd32267698f4d78bdf7c461c304a500ea3d5f86edbc7b4fb8be05812c935375d,257280,2000000000,2002000000,2000000,10000,1280,320,1943963512,1.51872149375,6.074885975,45.47019600000001,106.32800000000002,2.545799081823005
20261004-070000-ws25-formal-s42-b192-drill,20262542,192,drill,ce699dffe2845dc83e2171a1c309c6d96b96d2b3,results/20261004-070000-ws25-formal-s42-b192-drill/raw/423634008/423634008_out_uplink.txt,98f01d2f246b7ba88064bedd88dee9afbea26285928dec7a1999e0c6eb8230fc,257280,2000000000,2002000000,2000000,10000,1280,320,1931457584,1.5089512375,6.03580495,29.498764,104.7816,1.9954032232050252
20261004-070000-ws25-formal-s42-b192-fecmp,20262542,192,fecmp,ce699dffe2845dc83e2171a1c309c6d96b96d2b3,results/20261004-070000-ws25-formal-s42-b192-fecmp/raw/613529789/613529789_out_uplink.txt,cfb59129529f5ad04b965faecae3d7f1558fb64be1feb1e3ef2bf20252419be6,244480,2000000000,2001900000,1900000,10000,1280,320,1912931704,1.573134625,6.2925385,47.13791578947368,105.7256,2.500029232653959
20261004-070000-ws25-formal-s42-b192-letflow,20262542,192,letflow,ce699dffe2845dc83e2171a1c309c6d96b96d2b3,results/20261004-070000-ws25-formal-s42-b192-letflow/raw/897150509/897150509_out_uplink.txt,bc31b3fc059ef70f7e7b7880f4fce96e947d7fe9ca3220c0fd30134b5460c35f,257280,2000000000,2002000000,2000000,10000,1280,320,1912931704,1.49447789375,5.977911575,45.200804,105.6504,2.853186772672557
20261004-070000-ws25-formal-s43-b000-classreserve,20262543,0,classreserve,ce699dffe2845dc83e2171a1c309c6d96b96d2b3,results/20261004-070000-ws25-formal-s43-b000-classreserve/raw/25471264/25471264_out_uplink.txt,ae7707f341476b549213cd751d0e8f6e8da7847da6e75d7afaecbff7462b8a68,14080,2000000000,2000100000,100000,10000,1280,320,147164676,2.2994480625000002,9.197792250000001,12.18256,105.192,0.20892453820659312
20261004-070000-ws25-formal-s43-b000-conga,20262543,0,conga,ce699dffe2845dc83e2171a1c309c6d96b96d2b3,results/20261004-070000-ws25-formal-s43-b000-conga/raw/361789576/361789576_out_uplink.txt,8898207cea8b8ba84ac993d6f3fd817dd50df313091a3e9401b6a03fdfa46c5a,14080,2000000000,2000100000,100000,10000,1280,320,147164676,2.2994480625000002,9.197792250000001,14.63,105.3144,0.5286362712776189
20261004-070000-ws25-formal-s43-b000-conweave,20262543,0,conweave,ce699dffe2845dc83e2171a1c309c6d96b96d2b3,results/20261004-070000-ws25-formal-s43-b000-conweave/raw/834426138/834426138_out_uplink.txt,22bb4504960ba9a6232fc1cad639d9c6917c0c23b0d1b07a724ae8bf423e9c7e,14080,2000000000,2000100000,100000,10000,1280,320,155153412,2.4242720625,9.69708825,14.596080000000002,106.3336,0.3822503268849264
20261004-070000-ws25-formal-s43-b000-drill,20262543,0,drill,ce699dffe2845dc83e2171a1c309c6d96b96d2b3,results/20261004-070000-ws25-formal-s43-b000-drill/raw/290088480/290088480_out_uplink.txt,74ec79298ac5602b273fcb3f51da407325269368f48c80c4d758201f1190b643,14080,2000000000,2000100000,100000,10000,1280,320,147674284,2.3074106874999996,9.229642749999998,11.64088,103.7872,0.09211248280845072
20261004-070000-ws25-formal-s43-b000-fecmp,20262543,0,fecmp,ce699dffe2845dc83e2171a1c309c6d96b96d2b3,results/20261004-070000-ws25-formal-s43-b000-fecmp/raw/282561156/282561156_out_uplink.txt,0a886e03c828a9aaa1e6571a36c4ebf845131b9c888c69b02d5dc8d25bf90ae1,14080,2000000000,2000100000,100000,10000,1280,320,147164676,2.2994480625000002,9.197792250000001,14.54328,105.20480000000002,0.3825720026189661
20261004-070000-ws25-formal-s43-b000-letflow,20262543,0,letflow,ce699dffe2845dc83e2171a1c309c6d96b96d2b3,results/20261004-070000-ws25-formal-s43-b000-letflow/raw/110089812/110089812_out_uplink.txt,2b56d3b60b1ebd4362b8f3dc22d6991cd69081b7794987d433d70fee452987b2,14080,2000000000,2000100000,100000,10000,1280,320,147164676,2.2994480625000002,9.197792250000001,14.90984,105.2528,0.3687915239817129
20261004-070000-ws25-formal-s43-b064-classreserve,20262543,64,classreserve,ce699dffe2845dc83e2171a1c309c6d96b96d2b3,results/20261004-070000-ws25-formal-s43-b064-classreserve/raw/909297660/909297660_out_uplink.txt,7bed6b27a214e56204ea88b01b0ae728253dc931875b1c418b4997abdef87bb8,129280,2000000000,2001000000,1000000,10000,1280,320,714136496,1.1158382749999998,4.463353099999999,52.833984,105.3192,2.9498674153756537
20261004-070000-ws25-formal-s43-b064-conga,20262543,64,conga,ce699dffe2845dc83e2171a1c309c6d96b96d2b3,results/20261004-070000-ws25-formal-s43-b064-conga/raw/154059961/154059961_out_uplink.txt,b7f3857c169f9af7b3839ba8f685c4cd1ac0b2f7689bf12a91793b7f6da21538,90880,2000000000,2000700000,700000,10000,1280,320,714136496,1.5940546785714287,6.376218714285715,79.42212571428571,106.0864,3.1331757446012074
20261004-070000-ws25-formal-s43-b064-conweave,20262543,64,conweave,ce699dffe2845dc83e2171a1c309c6d96b96d2b3,results/20261004-070000-ws25-formal-s43-b064-conweave/raw/321029189/321029189_out_uplink.txt,a28fb6f9cc5b520bd98bb6a3bbe0e39d95bce6e793578a8a6223b47b17b59955,90880,2000000000,2000700000,700000,10000,1280,320,725872112,1.62025025,6.481001,54.527748571428575,106.5368,2.885994029407053
20261004-070000-ws25-formal-s43-b064-drill,20262543,64,drill,ce699dffe2845dc83e2171a1c309c6d96b96d2b3,results/20261004-070000-ws25-formal-s43-b064-drill/raw/809485428/809485428_out_uplink.txt,cc075abec5a85c772409a0a4d35c2b40fdcf649437af3abca3b02bad81237b1f,116480,2000000000,2000900000,900000,10000,1280,320,723226696,1.2556019027777776,5.0224076111111104,39.977582222222225,104.8,2.7151514379364277
20261004-070000-ws25-formal-s43-b064-fecmp,20262543,64,fecmp,ce699dffe2845dc83e2171a1c309c6d96b96d2b3,results/20261004-070000-ws25-formal-s43-b064-fecmp/raw/175062475/175062475_out_uplink.txt,90144b75488a36ef6c3355f7f36d901acfed21d02a2ffb22998fa5ffcc515fef,90880,2000000000,2000700000,700000,10000,1280,320,714136496,1.5940546785714287,6.376218714285715,76.45659428571429,105.5392,3.111159449425876
20261004-070000-ws25-formal-s43-b064-letflow,20262543,64,letflow,ce699dffe2845dc83e2171a1c309c6d96b96d2b3,results/20261004-070000-ws25-formal-s43-b064-letflow/raw/614435169/614435169_out_uplink.txt,4d73f95ace9c12f8fda4ac3322597769eed5b1c5bc07e5441881470f16b2863f,90880,2000000000,2000700000,700000,10000,1280,320,714136496,1.5940546785714287,6.376218714285715,76.36724571428572,105.7352,3.1048461180829583
20261004-070000-ws25-formal-s43-b128-classreserve,20262543,128,classreserve,ce699dffe2845dc83e2171a1c309c6d96b96d2b3,results/20261004-070000-ws25-formal-s43-b128-classreserve/raw/661873080/661873080_out_uplink.txt,1ae5ad3bf3a431a3bb5dd231288e64a3b6e90191fc9fe83da0c2b9811c52482a,129280,2000000000,2001000000,1000000,10000,1280,320,1299697556,2.03077743125,8.123109725,52.88360000000001,105.49600000000001,2.482908058838664
20261004-070000-ws25-formal-s43-b128-conga,20262543,128,conga,ce699dffe2845dc83e2171a1c309c6d96b96d2b3,results/20261004-070000-ws25-formal-s43-b128-conga/raw/750176093/750176093_out_uplink.txt,30b701996bf7938722e84d80e3f5fdc2f61dcc1239519696e3cae7554a245ba2,142080,2000000000,2001100000,1100000,10000,1280,320,1299697556,1.8461613011363636,7.384645204545454,49.55368000000001,105.3768,2.805356490552212
20261004-070000-ws25-formal-s43-b128-conweave,20262543,128,conweave,ce699dffe2845dc83e2171a1c309c6d96b96d2b3,results/20261004-070000-ws25-formal-s43-b128-conweave/raw/170349497/170349497_out_uplink.txt,ce5a16ca152de62ea7bb03c2b3e5d76764d8f60ef9d4c439e49ab0e116becd86,129280,2000000000,2001000000,1000000,10000,1280,320,1320173012,2.06277033125,8.251081325,71.236,106.2632,2.5634358616091903
20261004-070000-ws25-formal-s43-b128-drill,20262543,128,drill,ce699dffe2845dc83e2171a1c309c6d96b96d2b3,results/20261004-070000-ws25-formal-s43-b128-drill/raw/249913843/249913843_out_uplink.txt,6f24302f20c619783130b67c13dd52e1b70cf36109a745732b2c771e22ffa543,167680,2000000000,2001300000,1300000,10000,1280,320,1313960904,1.5792799326923077,6.317119730769231,27.785169230769228,104.5696,2.2419710937405863
20261004-070000-ws25-formal-s43-b128-fecmp,20262543,128,fecmp,ce699dffe2845dc83e2171a1c309c6d96b96d2b3,results/20261004-070000-ws25-formal-s43-b128-fecmp/raw/905095594/905095594_out_uplink.txt,78e54b46c8870ca3d09d76677ba4a48c60c07a3b5c3810484a8c6d85e0439b85,154880,2000000000,2001200000,1200000,10000,1280,320,1299697556,1.6923145260416668,6.769258104166667,45.43858,105.6632,2.740772003330826
20261004-070000-ws25-formal-s43-b128-letflow,20262543,128,letflow,ce699dffe2845dc83e2171a1c309c6d96b96d2b3,results/20261004-070000-ws25-formal-s43-b128-letflow/raw/814541222/814541222_out_uplink.txt,c8104dbaba968aa3cd2e4a6c259f45d261d499d059e3def430b5fc1a21acefae,142080,2000000000,2001100000,1100000,10000,1280,320,1299697556,1.8461613011363636,7.384645204545454,64.4962109090909,105.4656,2.7720548192567978
20261004-070000-ws25-formal-s43-b192-classreserve,20262543,192,classreserve,ce699dffe2845dc83e2171a1c309c6d96b96d2b3,results/20261004-070000-ws25-formal-s43-b192-classreserve/raw/27978736/27978736_out_uplink.txt,18a9d61be57d3da9eca16d9419f7820dad60553aa1aebfe7af460dc00e68a719,180480,2000000000,2001400000,1400000,10000,1280,320,1885258616,2.104083276785714,8.416333107142856,40.11828571428571,105.42400000000002,2.2950340383794323
20261004-070000-ws25-formal-s43-b192-conga,20262543,192,conga,ce699dffe2845dc83e2171a1c309c6d96b96d2b3,results/20261004-070000-ws25-formal-s43-b192-conga/raw/990519702/990519702_out_uplink.txt,9b0adf9398d98c96e142df99c21c4a23ea1cc743ab0b0a3b9fc7c56135579fb7,180480,2000000000,2001400000,1400000,10000,1280,320,1885258616,2.104083276785714,8.416333107142856,41.07682285714286,105.6248,2.402760983006963
20261004-070000-ws25-formal-s43-b192-conweave,20262543,192,conweave,ce699dffe2845dc83e2171a1c309c6d96b96d2b3,results/20261004-070000-ws25-formal-s43-b192-conweave/raw/525357717/525357717_out_uplink.txt,0f37896e1b5472a7927f3a20c4d51221eb76a630a6cac4f53dd9d655b5e96dbe,180480,2000000000,2001400000,1400000,10000,1280,320,1919598264,2.142408776785714,8.569635107142856,65.19073714285715,106.66159999999999,2.599763868398656
20261004-070000-ws25-formal-s43-b192-drill,20262543,192,drill,ce699dffe2845dc83e2171a1c309c6d96b96d2b3,results/20261004-070000-ws25-formal-s43-b192-drill/raw/140720617/140720617_out_uplink.txt,303072bbec6ca44175e6ccb5c04f2f63361cb937c76b35c8f059b5f7644ecb36,206080,2000000000,2001600000,1600000,10000,1280,320,1902967988,1.8583671757812499,7.4334687031249995,34.32523,105.0536,2.1691291772819996
20261004-070000-ws25-formal-s43-b192-fecmp,20262543,192,fecmp,ce699dffe2845dc83e2171a1c309c6d96b96d2b3,results/20261004-070000-ws25-formal-s43-b192-fecmp/raw/839787082/839787082_out_uplink.txt,b0f14352fa7e2cf88b9efdb64f727d772fd5679c2e3c2536f9dc96ee30031f15,180480,2000000000,2001400000,1400000,10000,1280,320,1885258616,2.104083276785714,8.416333107142856,63.31234285714286,105.448,2.5565880506978376
20261004-070000-ws25-formal-s43-b192-letflow,20262543,192,letflow,ce699dffe2845dc83e2171a1c309c6d96b96d2b3,results/20261004-070000-ws25-formal-s43-b192-letflow/raw/403513440/403513440_out_uplink.txt,0d55034a9cc1169c0f5f34211e37329c908947f30559daa96383756681e0d5d0,180480,2000000000,2001400000,1400000,10000,1280,320,1885258616,2.104083276785714,8.416333107142856,52.87821142857142,105.4464,2.6448954361576273
20261004-070000-ws25-formal-s44-b000-classreserve,20262544,0,classreserve,ce699dffe2845dc83e2171a1c309c6d96b96d2b3,results/20261004-070000-ws25-formal-s44-b000-classreserve/raw/615255778/615255778_out_uplink.txt,8cca74e121ce782efc1d2f569a9d274457aa97bb6ab7c4be146bd84f491491be,14080,2000000000,2000100000,100000,10000,1280,320,146908084,2.2954388125,9.18175525,12.0536,105.18800000000002,0.22617853229149915
20261004-070000-ws25-formal-s44-b000-conga,20262544,0,conga,ce699dffe2845dc83e2171a1c309c6d96b96d2b3,results/20261004-070000-ws25-formal-s44-b000-conga/raw/603764721/603764721_out_uplink.txt,bb0675a8b2e3462a2eed52d8a7446d634e1a9816e0c48586aeba09afa3c5602f,14080,2000000000,2000100000,100000,10000,1280,320,146908084,2.2954388125,9.18175525,15.4276,105.35520000000001,0.5004806055817578
20261004-070000-ws25-formal-s44-b000-conweave,20262544,0,conweave,ce699dffe2845dc83e2171a1c309c6d96b96d2b3,results/20261004-070000-ws25-formal-s44-b000-conweave/raw/146081614/146081614_out_uplink.txt,59c8f7681a9ed50a5cb058b9cb734a13937334ea60c2315bf76b32189a8e45ee,14080,2000000000,2000100000,100000,10000,1280,320,154735796,2.4177468125,9.67098725,16.13376,106.22399999999999,0.3840027513618006
20261004-070000-ws25-formal-s44-b000-drill,20262544,0,drill,ce699dffe2845dc83e2171a1c309c6d96b96d2b3,results/20261004-070000-ws25-formal-s44-b000-drill/raw/27573046/27573046_out_uplink.txt,cd29eafdbe8622f460c6f564765169d8b8c7f5baa4092fe6473b88320bd321ce,14080,2000000000,2000100000,100000,10000,1280,320,147634884,2.3067950625000004,9.227180250000002,11.806,104.4672,0.09925707469306642
20261004-070000-ws25-formal-s44-b000-fecmp,20262544,0,fecmp,ce699dffe2845dc83e2171a1c309c6d96b96d2b3,results/20261004-070000-ws25-formal-s44-b000-fecmp/raw/304738662/304738662_out_uplink.txt,887093074129d0a0e46bebb76dafb50dbfbb1389155f1d68eeeed9db31484ad8,14080,2000000000,2000100000,100000,10000,1280,320,146908084,2.2954388125,9.18175525,13.487119999999999,105.31279999999998,0.3566593459379388
20261004-070000-ws25-formal-s44-b000-letflow,20262544,0,letflow,ce699dffe2845dc83e2171a1c309c6d96b96d2b3,results/20261004-070000-ws25-formal-s44-b000-letflow/raw/713502387/713502387_out_uplink.txt,a584ea07f32451daa799e559097c57d9004c9299501f09c690dc78025473e128,14080,2000000000,2000100000,100000,10000,1280,320,146908084,2.2954388125,9.18175525,14.306320000000001,105.2216,0.41504264524125806
20261004-070000-ws25-formal-s44-b064-classreserve,20262544,64,classreserve,ce699dffe2845dc83e2171a1c309c6d96b96d2b3,results/20261004-070000-ws25-formal-s44-b064-classreserve/raw/133114618/133114618_out_uplink.txt,f8c74029b5f8233eb6636a63e466f6460dc5ad085135bcbd7e030e8e6eaf8cd8,90880,2000000000,2000700000,700000,10000,1280,320,732469144,1.634975767857143,6.539903071428572,52.11452571428571,105.3016,2.828295490867611
20261004-070000-ws25-formal-s44-b064-conga,20262544,64,conga,ce699dffe2845dc83e2171a1c309c6d96b96d2b3,results/20261004-070000-ws25-formal-s44-b064-conga/raw/772643083/772643083_out_uplink.txt,4292f55902710a2d6d1fe08d1726fcb8c8512a78870329f5718abd1cf4a1b61a,90880,2000000000,2000700000,700000,10000,1280,320,732469144,1.634975767857143,6.539903071428572,53.207988571428565,105.49600000000001,3.356297928628951
20261004-070000-ws25-formal-s44-b064-conweave,20262544,64,conweave,ce699dffe2845dc83e2171a1c309c6d96b96d2b3,results/20261004-070000-ws25-formal-s44-b064-conweave/raw/773571642/773571642_out_uplink.txt,4dc33f2a38e140bd2c0ea802467b1df8a66750a157a035c4482be3be97d24808,90880,2000000000,2000700000,700000,10000,1280,320,743696856,1.660037625,6.6401505,53.44790857142857,106.3144,3.157855130561795
20261004-070000-ws25-formal-s44-b064-drill,20262544,64,drill,ce699dffe2845dc83e2171a1c309c6d96b96d2b3,results/20261004-070000-ws25-formal-s44-b064-drill/raw/449558107/449558107_out_uplink.txt,f8f13f4dff722755629c0b63acedccf89eb48618dbd7ac011016f5a625d529bc,116480,2000000000,2000900000,900000,10000,1280,320,741978968,1.2881579305555555,5.152631722222222,40.05656888888889,104.6984,2.660599429956116
20261004-070000-ws25-formal-s44-b064-fecmp,20262544,64,fecmp,ce699dffe2845dc83e2171a1c309c6d96b96d2b3,results/20261004-070000-ws25-formal-s44-b064-fecmp/raw/409729877/409729877_out_uplink.txt,158bba7ea5f3cf1130cffe81fde4ba38b2c0792722ae3b73f2c8b2fe68eeace3,90880,2000000000,2000700000,700000,10000,1280,320,732469144,1.634975767857143,6.539903071428572,101.28194285714285,105.376,2.995353623172666
20261004-070000-ws25-formal-s44-b064-letflow,20262544,64,letflow,ce699dffe2845dc83e2171a1c309c6d96b96d2b3,results/20261004-070000-ws25-formal-s44-b064-letflow/raw/862790671/862790671_out_uplink.txt,8bc448cc4ef53d63c93ae62e5a92d954e091b845fff40acee5d9479742427a7a,90880,2000000000,2000700000,700000,10000,1280,320,732469144,1.634975767857143,6.539903071428572,53.06632,105.3928,3.089552036432071
20261004-070000-ws25-formal-s44-b128-classreserve,20262544,128,classreserve,ce699dffe2845dc83e2171a1c309c6d96b96d2b3,results/20261004-070000-ws25-formal-s44-b128-classreserve/raw/155952695/155952695_out_uplink.txt,bd8ce8306ba03f759fb26ca2ce5c3ad0ce383c9923a517491fb7f3e491ad175e,142080,2000000000,2001100000,1100000,10000,1280,320,1318030204,1.8722019943181818,7.488807977272727,48.114203636363634,105.3616,2.503060616084656
20261004-070000-ws25-formal-s44-b128-conga,20262544,128,conga,ce699dffe2845dc83e2171a1c309c6d96b96d2b3,results/20261004-070000-ws25-formal-s44-b128-conga/raw/967374306/967374306_out_uplink.txt,260ceced169fb639a8df9d3023cbb5ca6ed528f87a6829f4bf36c5172969984b,129280,2000000000,2001000000,1000000,10000,1280,320,1318030204,2.0594221937499997,8.237688774999999,74.141624,105.6208,2.7983650543524314
20261004-070000-ws25-formal-s44-b128-conweave,20262544,128,conweave,ce699dffe2845dc83e2171a1c309c6d96b96d2b3,results/20261004-070000-ws25-formal-s44-b128-conweave/raw/549580362/549580362_out_uplink.txt,78a66e91b8838086d32c73226555b89447433a9eb74d109a1801b66827b72f1d,154880,2000000000,2001200000,1200000,10000,1280,320,1336000444,1.7395839114583331,6.9583356458333325,46.97248666666666,106.12640000000002,2.861344694287301
20261004-070000-ws25-formal-s44-b128-drill,20262544,128,drill,ce699dffe2845dc83e2171a1c309c6d96b96d2b3,results/20261004-070000-ws25-formal-s44-b128-drill/raw/388743896/388743896_out_uplink.txt,e1a1abe7cc5c3064de624649bb8228545bcc2586cb552d4b1587e4853d2835ac,167680,2000000000,2001300000,1300000,10000,1280,320,1333295728,1.6025189038461538,6.410075615384615,33.64898461538461,104.8504,2.168826890699332
20261004-070000-ws25-formal-s44-b128-fecmp,20262544,128,fecmp,ce699dffe2845dc83e2171a1c309c6d96b96d2b3,results/20261004-070000-ws25-formal-s44-b128-fecmp/raw/371228099/371228099_out_uplink.txt,1e6aff4d5a4cb6a39730c2df149daab7461085836e1bb949e531f1e314c29958,154880,2000000000,2001200000,1200000,10000,1280,320,1318030204,1.7161851614583334,6.864740645833334,60.75893333333333,106.2208,2.7002590167128986
20261004-070000-ws25-formal-s44-b128-letflow,20262544,128,letflow,ce699dffe2845dc83e2171a1c309c6d96b96d2b3,results/20261004-070000-ws25-formal-s44-b128-letflow/raw/607682414/607682414_out_uplink.txt,d411fdef842ff818c1eac0dff62d58b9a36dcc044bf421baca99768edaabfe5e,142080,2000000000,2001100000,1100000,10000,1280,320,1318030204,1.8722019943181818,7.488807977272727,80.49407272727272,105.4296,2.751022381087468
20261004-070000-ws25-formal-s44-b192-classreserve,20262544,192,classreserve,ce699dffe2845dc83e2171a1c309c6d96b96d2b3,results/20261004-070000-ws25-formal-s44-b192-classreserve/raw/152802211/152802211_out_uplink.txt,bc90245703d8caceb73f5595281f46f49050903ac39c258dcf9d5c76b21dfc33,244480,2000000000,2001900000,1900000,10000,1280,320,1903591264,1.5654533421052632,6.261813368421053,38.67863578947368,105.79519999999998,2.1435926812636623
20261004-070000-ws25-formal-s44-b192-conga,20262544,192,conga,ce699dffe2845dc83e2171a1c309c6d96b96d2b3,results/20261004-070000-ws25-formal-s44-b192-conga/raw/979986608/979986608_out_uplink.txt,b8f695cf0f668302df6da0c069e7225db070af8630af8b0be6b11d340ad5d80a,270080,2000000000,2002100000,2100000,10000,1280,320,1903591264,1.4163625476190478,5.665450190476191,43.07046857142857,106.3352,2.3161742016720526
20261004-070000-ws25-formal-s44-b192-conweave,20262544,192,conweave,ce699dffe2845dc83e2171a1c309c6d96b96d2b3,results/20261004-070000-ws25-formal-s44-b192-conweave/raw/786719168/786719168_out_uplink.txt,65293039d8337b2d3448e9a1a4dafc054610f147d73c67449254488fca6754b6,257280,2000000000,2002000000,2000000,10000,1280,320,1931913504,1.509307425,6.0372297,44.33629599999999,106.5256,2.24178695358789
20261004-070000-ws25-formal-s44-b192-drill,20262544,192,drill,ce699dffe2845dc83e2171a1c309c6d96b96d2b3,results/20261004-070000-ws25-formal-s44-b192-drill/raw/234950744/234950744_out_uplink.txt,e1a1c1bc2be9ea792ed1fb85658240d1b880111b36ce35a61549ada8ce425c99,270080,2000000000,2002100000,2100000,10000,1280,320,1924583140,1.4319815029761906,5.727926011904763,29.185325714285714,104.6424,1.6006368649976832
20261004-070000-ws25-formal-s44-b192-fecmp,20262544,192,fecmp,ce699dffe2845dc83e2171a1c309c6d96b96d2b3,results/20261004-070000-ws25-formal-s44-b192-fecmp/raw/945317449/945317449_out_uplink.txt,3602ceff20fe09c6717f4783d3f53fe9412de570726e3168e45d7e57ae62d5e9,270080,2000000000,2002100000,2100000,10000,1280,320,1903591264,1.4163625476190478,5.665450190476191,42.135851428571435,106.0944,2.5380010105998645
20261004-070000-ws25-formal-s44-b192-letflow,20262544,192,letflow,ce699dffe2845dc83e2171a1c309c6d96b96d2b3,results/20261004-070000-ws25-formal-s44-b192-letflow/raw/254058379/254058379_out_uplink.txt,31328aa78cfb849834a2715c7875762f22ce8e2c69f4e75136395448b2dc1fb7,270080,2000000000,2002100000,2100000,10000,1280,320,1903591264,1.4163625476190478,5.665450190476191,43.10023619047619,105.4552,2.5709246144519895
