4352
0 40 3 8192 2.000000000 2
0 72 3 8192 2.000000000 2
0 116 3 8192 2.000000000 2
0 156 3 8192 2.000000000 2
0 200 3 8192 2.000000000 2
0 208 3 8192 2.000000000 2
0 236 3 8192 2.000000000 2
0 428 3 8192 2.000000000 2
0 464 3 8192 2.000000000 2
0 484 3 8192 2.000000000 2
0 520 3 8192 2.000000000 2
0 632 3 8192 2.000000000 2
0 700 3 8192 2.000000000 2
0 1028 3 8192 2.000000000 2
0 1168 3 8192 2.000000000 2
0 1260 3 8192 2.000000000 2
4 40 3 8192 2.000000000 2
4 96 3 8192 2.000000000 2
4 180 3 8192 2.000000000 2
4 184 3 8192 2.000000000 2
4 256 3 8192 2.000000000 2
4 328 3 8192 2.000000000 2
4 344 3 8192 2.000000000 2
4 364 3 8192 2.000000000 2
4 464 3 8192 2.000000000 2
4 472 3 8192 2.000000000 2
4 476 3 8192 2.000000000 2
4 796 3 8192 2.000000000 2
4 912 3 8192 2.000000000 2
4 964 3 8192 2.000000000 2
4 1200 3 8192 2.000000000 2
4 1272 3 8192 2.000000000 2
8 48 3 8192 2.000000000 2
8 52 3 8192 2.000000000 2
8 88 3 8192 2.000000000 2
8 108 3 8192 2.000000000 2
8 120 3 8192 2.000000000 2
8 132 3 8192 2.000000000 2
8 164 3 8192 2.000000000 2
8 468 3 8192 2.000000000 2
8 504 3 8192 2.000000000 2
8 572 3 8192 2.000000000 2
8 592 3 8192 2.000000000 2
8 684 3 8192 2.000000000 2
8 796 3 8192 2.000000000 2
8 884 3 8192 2.000000000 2
8 984 3 8192 2.000000000 2
8 1076 3 8192 2.000000000 2
8 1160 3 8192 2.000000000 2
8 1264 3 8192 2.000000000 2
8 1276 3 8192 2.000000000 2
12 232 3 8192 2.000000000 2
12 236 3 8192 2.000000000 2
12 296 3 8192 2.000000000 2
12 328 3 8192 2.000000000 2
12 376 3 8192 2.000000000 2
12 396 3 8192 2.000000000 2
12 424 3 8192 2.000000000 2
12 464 3 8192 2.000000000 2
12 604 3 8192 2.000000000 2
12 928 3 8192 2.000000000 2
12 1032 3 8192 2.000000000 2
12 1128 3 8192 2.000000000 2
12 1236 3 8192 2.000000000 2
12 1240 3 8192 2.000000000 2
12 1252 3 8192 2.000000000 2
12 1276 3 8192 2.000000000 2
16 48 3 8192 2.000000000 2
16 80 3 8192 2.000000000 2
16 92 3 8192 2.000000000 2
16 100 3 8192 2.000000000 2
16 212 3 8192 2.000000000 2
16 244 3 8192 2.000000000 2
16 268 3 8192 2.000000000 2
16 324 3 8192 2.000000000 2
16 368 3 8192 2.000000000 2
16 588 3 8192 2.000000000 2
16 596 3 8192 2.000000000 2
16 616 3 8192 2.000000000 2
16 820 3 8192 2.000000000 2
16 1020 3 8192 2.000000000 2
16 1252 3 8192 2.000000000 2
20 12 3 8192 2.000000000 2
20 92 3 8192 2.000000000 2
20 212 3 8192 2.000000000 2
20 252 3 8192 2.000000000 2
20 352 3 8192 2.000000000 2
20 444 3 8192 2.000000000 2
20 464 3 8192 2.000000000 2
20 512 3 8192 2.000000000 2
20 524 3 8192 2.000000000 2
20 700 3 8192 2.000000000 2
20 708 3 8192 2.000000000 2
20 756 3 8192 2.000000000 2
20 812 3 8192 2.000000000 2
20 824 3 8192 2.000000000 2
20 852 3 8192 2.000000000 2
20 944 3 8192 2.000000000 2
20 1184 3 8192 2.000000000 2
24 40 3 8192 2.000000000 2
24 144 3 8192 2.000000000 2
24 292 3 8192 2.000000000 2
24 424 3 8192 2.000000000 2
24 468 3 8192 2.000000000 2
24 532 3 8192 2.000000000 2
24 672 3 8192 2.000000000 2
24 732 3 8192 2.000000000 2
24 872 3 8192 2.000000000 2
24 888 3 8192 2.000000000 2
24 900 3 8192 2.000000000 2
24 920 3 8192 2.000000000 2
24 1048 3 8192 2.000000000 2
24 1120 3 8192 2.000000000 2
24 1128 3 8192 2.000000000 2
24 1200 3 8192 2.000000000 2
32 116 3 8192 2.000000000 2
32 124 3 8192 2.000000000 2
32 136 3 8192 2.000000000 2
32 156 3 8192 2.000000000 2
32 204 3 8192 2.000000000 2
32 216 3 8192 2.000000000 2
32 256 3 8192 2.000000000 2
32 312 3 8192 2.000000000 2
32 376 3 8192 2.000000000 2
32 408 3 8192 2.000000000 2
32 412 3 8192 2.000000000 2
32 428 3 8192 2.000000000 2
32 496 3 8192 2.000000000 2
32 520 3 8192 2.000000000 2
32 556 3 8192 2.000000000 2
32 600 3 8192 2.000000000 2
32 652 3 8192 2.000000000 2
32 688 3 8192 2.000000000 2
32 864 3 8192 2.000000000 2
32 900 3 8192 2.000000000 2
32 944 3 8192 2.000000000 2
32 964 3 8192 2.000000000 2
32 1004 3 8192 2.000000000 2
32 1080 3 8192 2.000000000 2
32 1096 3 8192 2.000000000 2
32 1172 3 8192 2.000000000 2
32 1256 3 8192 2.000000000 2
32 1260 3 8192 2.000000000 2
40 216 3 8192 2.000000000 2
40 392 3 8192 2.000000000 2
40 428 3 8192 2.000000000 2
40 456 3 8192 2.000000000 2
40 488 3 8192 2.000000000 2
40 516 3 8192 2.000000000 2
40 700 3 8192 2.000000000 2
40 708 3 8192 2.000000000 2
40 724 3 8192 2.000000000 2
40 752 3 8192 2.000000000 2
40 804 3 8192 2.000000000 2
40 872 3 8192 2.000000000 2
40 896 3 8192 2.000000000 2
40 988 3 8192 2.000000000 2
40 1076 3 8192 2.000000000 2
40 1088 3 8192 2.000000000 2
40 1112 3 8192 2.000000000 2
40 1256 3 8192 2.000000000 2
44 32 3 8192 2.000000000 2
44 100 3 8192 2.000000000 2
44 120 3 8192 2.000000000 2
44 132 3 8192 2.000000000 2
44 300 3 8192 2.000000000 2
44 476 3 8192 2.000000000 2
44 664 3 8192 2.000000000 2
44 684 3 8192 2.000000000 2
44 692 3 8192 2.000000000 2
44 756 3 8192 2.000000000 2
44 784 3 8192 2.000000000 2
44 808 3 8192 2.000000000 2
44 820 3 8192 2.000000000 2
48 104 3 8192 2.000000000 2
48 116 3 8192 2.000000000 2
48 132 3 8192 2.000000000 2
48 152 3 8192 2.000000000 2
48 160 3 8192 2.000000000 2
48 228 3 8192 2.000000000 2
48 292 3 8192 2.000000000 2
48 424 3 8192 2.000000000 2
48 448 3 8192 2.000000000 2
48 520 3 8192 2.000000000 2
48 536 3 8192 2.000000000 2
48 560 3 8192 2.000000000 2
48 836 3 8192 2.000000000 2
48 1036 3 8192 2.000000000 2
48 1068 3 8192 2.000000000 2
48 1072 3 8192 2.000000000 2
48 1140 3 8192 2.000000000 2
48 1200 3 8192 2.000000000 2
48 1212 3 8192 2.000000000 2
48 1220 3 8192 2.000000000 2
48 1260 3 8192 2.000000000 2
48 1264 3 8192 2.000000000 2
48 1276 3 8192 2.000000000 2
52 40 3 8192 2.000000000 2
52 100 3 8192 2.000000000 2
52 228 3 8192 2.000000000 2
52 316 3 8192 2.000000000 2
52 320 3 8192 2.000000000 2
52 396 3 8192 2.000000000 2
52 460 3 8192 2.000000000 2
52 752 3 8192 2.000000000 2
52 796 3 8192 2.000000000 2
52 824 3 8192 2.000000000 2
52 1052 3 8192 2.000000000 2
52 1064 3 8192 2.000000000 2
52 1276 3 8192 2.000000000 2
60 0 3 8192 2.000000000 2
60 312 3 8192 2.000000000 2
60 484 3 8192 2.000000000 2
60 560 3 8192 2.000000000 2
60 596 3 8192 2.000000000 2
60 672 3 8192 2.000000000 2
60 756 3 8192 2.000000000 2
60 780 3 8192 2.000000000 2
60 800 3 8192 2.000000000 2
60 884 3 8192 2.000000000 2
60 960 3 8192 2.000000000 2
60 1188 3 8192 2.000000000 2
60 1224 3 8192 2.000000000 2
64 24 3 8192 2.000000000 2
64 60 3 8192 2.000000000 2
64 68 3 8192 2.000000000 2
64 84 3 8192 2.000000000 2
64 88 3 8192 2.000000000 2
64 124 3 8192 2.000000000 2
64 132 3 8192 2.000000000 2
64 172 3 8192 2.000000000 2
64 224 3 8192 2.000000000 2
64 256 3 8192 2.000000000 2
64 364 3 8192 2.000000000 2
64 376 3 8192 2.000000000 2
64 384 3 8192 2.000000000 2
64 432 3 8192 2.000000000 2
64 556 3 8192 2.000000000 2
64 704 3 8192 2.000000000 2
64 880 3 8192 2.000000000 2
64 896 3 8192 2.000000000 2
64 916 3 8192 2.000000000 2
64 960 3 8192 2.000000000 2
64 1032 3 8192 2.000000000 2
64 1204 3 8192 2.000000000 2
68 0 3 8192 2.000000000 2
68 156 3 8192 2.000000000 2
68 196 3 8192 2.000000000 2
68 212 3 8192 2.000000000 2
68 236 3 8192 2.000000000 2
68 472 3 8192 2.000000000 2
68 496 3 8192 2.000000000 2
68 548 3 8192 2.000000000 2
68 556 3 8192 2.000000000 2
68 580 3 8192 2.000000000 2
68 592 3 8192 2.000000000 2
68 696 3 8192 2.000000000 2
68 832 3 8192 2.000000000 2
68 928 3 8192 2.000000000 2
68 996 3 8192 2.000000000 2
68 1084 3 8192 2.000000000 2
68 1112 3 8192 2.000000000 2
68 1192 3 8192 2.000000000 2
68 1200 3 8192 2.000000000 2
68 1244 3 8192 2.000000000 2
68 1252 3 8192 2.000000000 2
72 60 3 8192 2.000000000 2
72 196 3 8192 2.000000000 2
72 348 3 8192 2.000000000 2
72 364 3 8192 2.000000000 2
72 500 3 8192 2.000000000 2
72 696 3 8192 2.000000000 2
72 780 3 8192 2.000000000 2
72 812 3 8192 2.000000000 2
72 824 3 8192 2.000000000 2
72 884 3 8192 2.000000000 2
72 892 3 8192 2.000000000 2
72 1024 3 8192 2.000000000 2
72 1068 3 8192 2.000000000 2
72 1188 3 8192 2.000000000 2
72 1240 3 8192 2.000000000 2
72 1252 3 8192 2.000000000 2
72 1256 3 8192 2.000000000 2
76 48 3 8192 2.000000000 2
76 84 3 8192 2.000000000 2
76 108 3 8192 2.000000000 2
76 152 3 8192 2.000000000 2
76 252 3 8192 2.000000000 2
76 272 3 8192 2.000000000 2
76 312 3 8192 2.000000000 2
76 360 3 8192 2.000000000 2
76 368 3 8192 2.000000000 2
76 396 3 8192 2.000000000 2
76 468 3 8192 2.000000000 2
76 528 3 8192 2.000000000 2
76 552 3 8192 2.000000000 2
76 640 3 8192 2.000000000 2
76 644 3 8192 2.000000000 2
76 676 3 8192 2.000000000 2
76 700 3 8192 2.000000000 2
76 804 3 8192 2.000000000 2
76 852 3 8192 2.000000000 2
76 888 3 8192 2.000000000 2
76 928 3 8192 2.000000000 2
76 968 3 8192 2.000000000 2
76 984 3 8192 2.000000000 2
76 1072 3 8192 2.000000000 2
76 1120 3 8192 2.000000000 2
76 1132 3 8192 2.000000000 2
76 1216 3 8192 2.000000000 2
80 48 3 8192 2.000000000 2
80 64 3 8192 2.000000000 2
80 96 3 8192 2.000000000 2
80 260 3 8192 2.000000000 2
80 264 3 8192 2.000000000 2
80 504 3 8192 2.000000000 2
80 600 3 8192 2.000000000 2
80 716 3 8192 2.000000000 2
80 784 3 8192 2.000000000 2
80 884 3 8192 2.000000000 2
80 1028 3 8192 2.000000000 2
80 1048 3 8192 2.000000000 2
80 1100 3 8192 2.000000000 2
80 1112 3 8192 2.000000000 2
80 1132 3 8192 2.000000000 2
80 1212 3 8192 2.000000000 2
80 1240 3 8192 2.000000000 2
84 296 3 8192 2.000000000 2
84 328 3 8192 2.000000000 2
84 548 3 8192 2.000000000 2
84 596 3 8192 2.000000000 2
84 704 3 8192 2.000000000 2
84 780 3 8192 2.000000000 2
84 792 3 8192 2.000000000 2
84 980 3 8192 2.000000000 2
84 1072 3 8192 2.000000000 2
88 68 3 8192 2.000000000 2
88 276 3 8192 2.000000000 2
88 344 3 8192 2.000000000 2
88 352 3 8192 2.000000000 2
88 548 3 8192 2.000000000 2
88 588 3 8192 2.000000000 2
88 676 3 8192 2.000000000 2
88 744 3 8192 2.000000000 2
88 820 3 8192 2.000000000 2
88 876 3 8192 2.000000000 2
88 980 3 8192 2.000000000 2
88 1084 3 8192 2.000000000 2
88 1160 3 8192 2.000000000 2
88 1252 3 8192 2.000000000 2
92 0 3 8192 2.000000000 2
92 4 3 8192 2.000000000 2
92 16 3 8192 2.000000000 2
92 48 3 8192 2.000000000 2
92 88 3 8192 2.000000000 2
92 484 3 8192 2.000000000 2
92 512 3 8192 2.000000000 2
92 608 3 8192 2.000000000 2
92 824 3 8192 2.000000000 2
92 892 3 8192 2.000000000 2
92 916 3 8192 2.000000000 2
92 1052 3 8192 2.000000000 2
92 1076 3 8192 2.000000000 2
92 1164 3 8192 2.000000000 2
96 0 3 8192 2.000000000 2
96 4 3 8192 2.000000000 2
96 44 3 8192 2.000000000 2
96 52 3 8192 2.000000000 2
96 60 3 8192 2.000000000 2
96 224 3 8192 2.000000000 2
96 232 3 8192 2.000000000 2
96 256 3 8192 2.000000000 2
96 396 3 8192 2.000000000 2
96 408 3 8192 2.000000000 2
96 444 3 8192 2.000000000 2
96 500 3 8192 2.000000000 2
96 512 3 8192 2.000000000 2
96 548 3 8192 2.000000000 2
96 556 3 8192 2.000000000 2
96 644 3 8192 2.000000000 2
96 808 3 8192 2.000000000 2
96 912 3 8192 2.000000000 2
96 916 3 8192 2.000000000 2
96 936 3 8192 2.000000000 2
96 1100 3 8192 2.000000000 2
96 1196 3 8192 2.000000000 2
96 1276 3 8192 2.000000000 2
100 280 3 8192 2.000000000 2
100 412 3 8192 2.000000000 2
100 528 3 8192 2.000000000 2
100 592 3 8192 2.000000000 2
100 600 3 8192 2.000000000 2
100 668 3 8192 2.000000000 2
100 1132 3 8192 2.000000000 2
100 1228 3 8192 2.000000000 2
100 1244 3 8192 2.000000000 2
100 1272 3 8192 2.000000000 2
104 24 3 8192 2.000000000 2
104 172 3 8192 2.000000000 2
104 196 3 8192 2.000000000 2
104 488 3 8192 2.000000000 2
104 520 3 8192 2.000000000 2
104 700 3 8192 2.000000000 2
104 800 3 8192 2.000000000 2
104 936 3 8192 2.000000000 2
104 948 3 8192 2.000000000 2
104 1064 3 8192 2.000000000 2
104 1088 3 8192 2.000000000 2
104 1100 3 8192 2.000000000 2
104 1156 3 8192 2.000000000 2
104 1212 3 8192 2.000000000 2
104 1236 3 8192 2.000000000 2
104 1256 3 8192 2.000000000 2
108 72 3 8192 2.000000000 2
108 132 3 8192 2.000000000 2
108 152 3 8192 2.000000000 2
108 172 3 8192 2.000000000 2
108 288 3 8192 2.000000000 2
108 512 3 8192 2.000000000 2
108 684 3 8192 2.000000000 2
108 688 3 8192 2.000000000 2
108 836 3 8192 2.000000000 2
108 840 3 8192 2.000000000 2
108 944 3 8192 2.000000000 2
108 1052 3 8192 2.000000000 2
108 1152 3 8192 2.000000000 2
108 1192 3 8192 2.000000000 2
108 1276 3 8192 2.000000000 2
116 44 3 8192 2.000000000 2
116 124 3 8192 2.000000000 2
116 152 3 8192 2.000000000 2
116 240 3 8192 2.000000000 2
116 344 3 8192 2.000000000 2
116 376 3 8192 2.000000000 2
116 424 3 8192 2.000000000 2
116 472 3 8192 2.000000000 2
116 624 3 8192 2.000000000 2
116 752 3 8192 2.000000000 2
116 940 3 8192 2.000000000 2
116 948 3 8192 2.000000000 2
116 972 3 8192 2.000000000 2
116 996 3 8192 2.000000000 2
116 1012 3 8192 2.000000000 2
116 1272 3 8192 2.000000000 2
120 0 3 8192 2.000000000 2
120 96 3 8192 2.000000000 2
120 144 3 8192 2.000000000 2
120 148 3 8192 2.000000000 2
120 172 3 8192 2.000000000 2
120 184 3 8192 2.000000000 2
120 220 3 8192 2.000000000 2
120 224 3 8192 2.000000000 2
120 240 3 8192 2.000000000 2
120 280 3 8192 2.000000000 2
120 344 3 8192 2.000000000 2
120 500 3 8192 2.000000000 2
120 676 3 8192 2.000000000 2
120 732 3 8192 2.000000000 2
120 848 3 8192 2.000000000 2
120 948 3 8192 2.000000000 2
120 1104 3 8192 2.000000000 2
120 1112 3 8192 2.000000000 2
124 48 3 8192 2.000000000 2
124 64 3 8192 2.000000000 2
124 196 3 8192 2.000000000 2
124 204 3 8192 2.000000000 2
124 216 3 8192 2.000000000 2
124 276 3 8192 2.000000000 2
124 328 3 8192 2.000000000 2
124 396 3 8192 2.000000000 2
124 448 3 8192 2.000000000 2
124 508 3 8192 2.000000000 2
124 692 3 8192 2.000000000 2
124 804 3 8192 2.000000000 2
124 816 3 8192 2.000000000 2
124 920 3 8192 2.000000000 2
124 1060 3 8192 2.000000000 2
124 1092 3 8192 2.000000000 2
124 1148 3 8192 2.000000000 2
124 1164 3 8192 2.000000000 2
124 1204 3 8192 2.000000000 2
132 8 3 8192 2.000000000 2
132 60 3 8192 2.000000000 2
132 212 3 8192 2.000000000 2
132 224 3 8192 2.000000000 2
132 256 3 8192 2.000000000 2
132 272 3 8192 2.000000000 2
132 412 3 8192 2.000000000 2
132 476 3 8192 2.000000000 2
132 524 3 8192 2.000000000 2
132 528 3 8192 2.000000000 2
132 544 3 8192 2.000000000 2
132 592 3 8192 2.000000000 2
132 704 3 8192 2.000000000 2
132 792 3 8192 2.000000000 2
132 880 3 8192 2.000000000 2
132 1028 3 8192 2.000000000 2
132 1072 3 8192 2.000000000 2
132 1080 3 8192 2.000000000 2
132 1240 3 8192 2.000000000 2
136 12 3 8192 2.000000000 2
136 20 3 8192 2.000000000 2
136 40 3 8192 2.000000000 2
136 132 3 8192 2.000000000 2
136 212 3 8192 2.000000000 2
136 216 3 8192 2.000000000 2
136 224 3 8192 2.000000000 2
136 228 3 8192 2.000000000 2
136 304 3 8192 2.000000000 2
136 440 3 8192 2.000000000 2
136 464 3 8192 2.000000000 2
136 520 3 8192 2.000000000 2
136 560 3 8192 2.000000000 2
136 692 3 8192 2.000000000 2
136 732 3 8192 2.000000000 2
136 816 3 8192 2.000000000 2
136 872 3 8192 2.000000000 2
136 940 3 8192 2.000000000 2
136 1112 3 8192 2.000000000 2
136 1148 3 8192 2.000000000 2
136 1256 3 8192 2.000000000 2
144 44 3 8192 2.000000000 2
144 364 3 8192 2.000000000 2
144 492 3 8192 2.000000000 2
144 596 3 8192 2.000000000 2
144 604 3 8192 2.000000000 2
144 744 3 8192 2.000000000 2
144 900 3 8192 2.000000000 2
144 1152 3 8192 2.000000000 2
144 1172 3 8192 2.000000000 2
144 1196 3 8192 2.000000000 2
148 100 3 8192 2.000000000 2
148 212 3 8192 2.000000000 2
148 220 3 8192 2.000000000 2
148 236 3 8192 2.000000000 2
148 484 3 8192 2.000000000 2
148 496 3 8192 2.000000000 2
148 508 3 8192 2.000000000 2
148 516 3 8192 2.000000000 2
148 548 3 8192 2.000000000 2
148 596 3 8192 2.000000000 2
148 600 3 8192 2.000000000 2
148 652 3 8192 2.000000000 2
148 728 3 8192 2.000000000 2
148 732 3 8192 2.000000000 2
148 768 3 8192 2.000000000 2
148 912 3 8192 2.000000000 2
148 1128 3 8192 2.000000000 2
148 1136 3 8192 2.000000000 2
148 1156 3 8192 2.000000000 2
148 1252 3 8192 2.000000000 2
152 0 3 8192 2.000000000 2
152 40 3 8192 2.000000000 2
152 244 3 8192 2.000000000 2
152 328 3 8192 2.000000000 2
152 368 3 8192 2.000000000 2
152 412 3 8192 2.000000000 2
152 472 3 8192 2.000000000 2
152 484 3 8192 2.000000000 2
152 588 3 8192 2.000000000 2
152 692 3 8192 2.000000000 2
152 936 3 8192 2.000000000 2
152 964 3 8192 2.000000000 2
152 984 3 8192 2.000000000 2
152 996 3 8192 2.000000000 2
152 1024 3 8192 2.000000000 2
152 1036 3 8192 2.000000000 2
152 1080 3 8192 2.000000000 2
152 1092 3 8192 2.000000000 2
152 1120 3 8192 2.000000000 2
152 1156 3 8192 2.000000000 2
152 1220 3 8192 2.000000000 2
152 1224 3 8192 2.000000000 2
152 1244 3 8192 2.000000000 2
152 1256 3 8192 2.000000000 2
156 324 3 8192 2.000000000 2
156 432 3 8192 2.000000000 2
156 476 3 8192 2.000000000 2
156 532 3 8192 2.000000000 2
156 708 3 8192 2.000000000 2
156 744 3 8192 2.000000000 2
156 812 3 8192 2.000000000 2
156 816 3 8192 2.000000000 2
156 836 3 8192 2.000000000 2
156 944 3 8192 2.000000000 2
156 960 3 8192 2.000000000 2
156 968 3 8192 2.000000000 2
156 984 3 8192 2.000000000 2
156 1080 3 8192 2.000000000 2
156 1168 3 8192 2.000000000 2
156 1172 3 8192 2.000000000 2
160 88 3 8192 2.000000000 2
160 180 3 8192 2.000000000 2
160 224 3 8192 2.000000000 2
160 264 3 8192 2.000000000 2
160 304 3 8192 2.000000000 2
160 464 3 8192 2.000000000 2
160 480 3 8192 2.000000000 2
160 528 3 8192 2.000000000 2
160 592 3 8192 2.000000000 2
160 624 3 8192 2.000000000 2
160 664 3 8192 2.000000000 2
160 728 3 8192 2.000000000 2
160 816 3 8192 2.000000000 2
160 836 3 8192 2.000000000 2
160 840 3 8192 2.000000000 2
160 1012 3 8192 2.000000000 2
160 1196 3 8192 2.000000000 2
160 1252 3 8192 2.000000000 2
160 1276 3 8192 2.000000000 2
164 260 3 8192 2.000000000 2
164 348 3 8192 2.000000000 2
164 528 3 8192 2.000000000 2
164 672 3 8192 2.000000000 2
164 716 3 8192 2.000000000 2
164 756 3 8192 2.000000000 2
164 800 3 8192 2.000000000 2
164 840 3 8192 2.000000000 2
164 860 3 8192 2.000000000 2
164 896 3 8192 2.000000000 2
164 1116 3 8192 2.000000000 2
164 1264 3 8192 2.000000000 2
172 72 3 8192 2.000000000 2
172 120 3 8192 2.000000000 2
172 216 3 8192 2.000000000 2
172 288 3 8192 2.000000000 2
172 312 3 8192 2.000000000 2
172 328 3 8192 2.000000000 2
172 352 3 8192 2.000000000 2
172 640 3 8192 2.000000000 2
172 824 3 8192 2.000000000 2
172 848 3 8192 2.000000000 2
172 872 3 8192 2.000000000 2
172 892 3 8192 2.000000000 2
172 900 3 8192 2.000000000 2
172 1072 3 8192 2.000000000 2
172 1088 3 8192 2.000000000 2
172 1176 3 8192 2.000000000 2
180 76 3 8192 2.000000000 2
180 144 3 8192 2.000000000 2
180 236 3 8192 2.000000000 2
180 444 3 8192 2.000000000 2
180 588 3 8192 2.000000000 2
180 668 3 8192 2.000000000 2
180 688 3 8192 2.000000000 2
180 700 3 8192 2.000000000 2
180 736 3 8192 2.000000000 2
180 780 3 8192 2.000000000 2
180 832 3 8192 2.000000000 2
180 840 3 8192 2.000000000 2
180 1052 3 8192 2.000000000 2
180 1064 3 8192 2.000000000 2
180 1068 3 8192 2.000000000 2
180 1116 3 8192 2.000000000 2
184 32 3 8192 2.000000000 2
184 40 3 8192 2.000000000 2
184 64 3 8192 2.000000000 2
184 164 3 8192 2.000000000 2
184 216 3 8192 2.000000000 2
184 412 3 8192 2.000000000 2
184 504 3 8192 2.000000000 2
184 572 3 8192 2.000000000 2
184 596 3 8192 2.000000000 2
184 632 3 8192 2.000000000 2
184 660 3 8192 2.000000000 2
184 760 3 8192 2.000000000 2
184 804 3 8192 2.000000000 2
184 1004 3 8192 2.000000000 2
184 1012 3 8192 2.000000000 2
184 1172 3 8192 2.000000000 2
184 1176 3 8192 2.000000000 2
184 1224 3 8192 2.000000000 2
184 1232 3 8192 2.000000000 2
196 100 3 8192 2.000000000 2
196 104 3 8192 2.000000000 2
196 260 3 8192 2.000000000 2
196 396 3 8192 2.000000000 2
196 516 3 8192 2.000000000 2
196 568 3 8192 2.000000000 2
196 596 3 8192 2.000000000 2
196 616 3 8192 2.000000000 2
196 688 3 8192 2.000000000 2
196 824 3 8192 2.000000000 2
196 944 3 8192 2.000000000 2
196 960 3 8192 2.000000000 2
196 984 3 8192 2.000000000 2
196 1004 3 8192 2.000000000 2
196 1096 3 8192 2.000000000 2
196 1112 3 8192 2.000000000 2
196 1120 3 8192 2.000000000 2
196 1256 3 8192 2.000000000 2
200 172 3 8192 2.000000000 2
200 216 3 8192 2.000000000 2
200 220 3 8192 2.000000000 2
200 360 3 8192 2.000000000 2
200 376 3 8192 2.000000000 2
200 428 3 8192 2.000000000 2
200 476 3 8192 2.000000000 2
200 600 3 8192 2.000000000 2
200 668 3 8192 2.000000000 2
200 848 3 8192 2.000000000 2
200 916 3 8192 2.000000000 2
200 936 3 8192 2.000000000 2
200 980 3 8192 2.000000000 2
200 1024 3 8192 2.000000000 2
200 1032 3 8192 2.000000000 2
200 1072 3 8192 2.000000000 2
200 1212 3 8192 2.000000000 2
204 16 3 8192 2.000000000 2
204 88 3 8192 2.000000000 2
204 104 3 8192 2.000000000 2
204 408 3 8192 2.000000000 2
204 500 3 8192 2.000000000 2
204 572 3 8192 2.000000000 2
204 884 3 8192 2.000000000 2
204 920 3 8192 2.000000000 2
204 1148 3 8192 2.000000000 2
204 1164 3 8192 2.000000000 2
204 1168 3 8192 2.000000000 2
204 1184 3 8192 2.000000000 2
204 1196 3 8192 2.000000000 2
204 1212 3 8192 2.000000000 2
204 1232 3 8192 2.000000000 2
204 1240 3 8192 2.000000000 2
208 40 3 8192 2.000000000 2
208 172 3 8192 2.000000000 2
208 260 3 8192 2.000000000 2
208 272 3 8192 2.000000000 2
208 292 3 8192 2.000000000 2
208 408 3 8192 2.000000000 2
208 428 3 8192 2.000000000 2
208 432 3 8192 2.000000000 2
208 460 3 8192 2.000000000 2
208 536 3 8192 2.000000000 2
208 556 3 8192 2.000000000 2
208 644 3 8192 2.000000000 2
208 724 3 8192 2.000000000 2
208 760 3 8192 2.000000000 2
208 864 3 8192 2.000000000 2
208 928 3 8192 2.000000000 2
208 1148 3 8192 2.000000000 2
208 1272 3 8192 2.000000000 2
212 64 3 8192 2.000000000 2
212 172 3 8192 2.000000000 2
212 208 3 8192 2.000000000 2
212 264 3 8192 2.000000000 2
212 304 3 8192 2.000000000 2
212 412 3 8192 2.000000000 2
212 428 3 8192 2.000000000 2
212 448 3 8192 2.000000000 2
212 472 3 8192 2.000000000 2
212 476 3 8192 2.000000000 2
212 520 3 8192 2.000000000 2
212 524 3 8192 2.000000000 2
212 640 3 8192 2.000000000 2
212 664 3 8192 2.000000000 2
212 820 3 8192 2.000000000 2
212 944 3 8192 2.000000000 2
212 996 3 8192 2.000000000 2
212 1056 3 8192 2.000000000 2
212 1104 3 8192 2.000000000 2
212 1204 3 8192 2.000000000 2
212 1272 3 8192 2.000000000 2
216 212 3 8192 2.000000000 2
216 232 3 8192 2.000000000 2
216 428 3 8192 2.000000000 2
216 496 3 8192 2.000000000 2
216 516 3 8192 2.000000000 2
216 580 3 8192 2.000000000 2
216 640 3 8192 2.000000000 2
216 732 3 8192 2.000000000 2
216 888 3 8192 2.000000000 2
216 896 3 8192 2.000000000 2
216 960 3 8192 2.000000000 2
216 1012 3 8192 2.000000000 2
216 1060 3 8192 2.000000000 2
216 1068 3 8192 2.000000000 2
216 1132 3 8192 2.000000000 2
216 1156 3 8192 2.000000000 2
216 1228 3 8192 2.000000000 2
220 144 3 8192 2.000000000 2
220 276 3 8192 2.000000000 2
220 328 3 8192 2.000000000 2
220 456 3 8192 2.000000000 2
220 508 3 8192 2.000000000 2
220 568 3 8192 2.000000000 2
220 616 3 8192 2.000000000 2
220 700 3 8192 2.000000000 2
220 744 3 8192 2.000000000 2
220 760 3 8192 2.000000000 2
220 960 3 8192 2.000000000 2
220 1160 3 8192 2.000000000 2
220 1236 3 8192 2.000000000 2
224 228 3 8192 2.000000000 2
224 304 3 8192 2.000000000 2
224 412 3 8192 2.000000000 2
224 432 3 8192 2.000000000 2
224 580 3 8192 2.000000000 2
224 660 3 8192 2.000000000 2
224 708 3 8192 2.000000000 2
224 744 3 8192 2.000000000 2
224 752 3 8192 2.000000000 2
224 868 3 8192 2.000000000 2
224 876 3 8192 2.000000000 2
224 904 3 8192 2.000000000 2
224 916 3 8192 2.000000000 2
224 968 3 8192 2.000000000 2
224 984 3 8192 2.000000000 2
224 1048 3 8192 2.000000000 2
224 1080 3 8192 2.000000000 2
224 1140 3 8192 2.000000000 2
224 1164 3 8192 2.000000000 2
224 1172 3 8192 2.000000000 2
224 1252 3 8192 2.000000000 2
228 12 3 8192 2.000000000 2
228 20 3 8192 2.000000000 2
228 64 3 8192 2.000000000 2
228 100 3 8192 2.000000000 2
228 224 3 8192 2.000000000 2
228 264 3 8192 2.000000000 2
228 288 3 8192 2.000000000 2
228 316 3 8192 2.000000000 2
228 396 3 8192 2.000000000 2
228 420 3 8192 2.000000000 2
228 460 3 8192 2.000000000 2
228 484 3 8192 2.000000000 2
228 528 3 8192 2.000000000 2
228 580 3 8192 2.000000000 2
228 608 3 8192 2.000000000 2
228 696 3 8192 2.000000000 2
228 840 3 8192 2.000000000 2
228 968 3 8192 2.000000000 2
228 984 3 8192 2.000000000 2
228 1080 3 8192 2.000000000 2
228 1236 3 8192 2.000000000 2
232 116 3 8192 2.000000000 2
232 228 3 8192 2.000000000 2
232 244 3 8192 2.000000000 2
232 424 3 8192 2.000000000 2
232 484 3 8192 2.000000000 2
232 488 3 8192 2.000000000 2
232 556 3 8192 2.000000000 2
232 860 3 8192 2.000000000 2
232 876 3 8192 2.000000000 2
232 880 3 8192 2.000000000 2
232 888 3 8192 2.000000000 2
232 1068 3 8192 2.000000000 2
232 1092 3 8192 2.000000000 2
232 1120 3 8192 2.000000000 2
232 1236 3 8192 2.000000000 2
236 52 3 8192 2.000000000 2
236 300 3 8192 2.000000000 2
236 392 3 8192 2.000000000 2
236 412 3 8192 2.000000000 2
236 608 3 8192 2.000000000 2
236 708 3 8192 2.000000000 2
236 712 3 8192 2.000000000 2
236 964 3 8192 2.000000000 2
236 1012 3 8192 2.000000000 2
236 1076 3 8192 2.000000000 2
236 1100 3 8192 2.000000000 2
236 1132 3 8192 2.000000000 2
236 1252 3 8192 2.000000000 2
240 124 3 8192 2.000000000 2
240 132 3 8192 2.000000000 2
240 364 3 8192 2.000000000 2
240 384 3 8192 2.000000000 2
240 460 3 8192 2.000000000 2
240 600 3 8192 2.000000000 2
240 708 3 8192 2.000000000 2
240 736 3 8192 2.000000000 2
240 744 3 8192 2.000000000 2
240 768 3 8192 2.000000000 2
240 840 3 8192 2.000000000 2
240 896 3 8192 2.000000000 2
240 904 3 8192 2.000000000 2
240 940 3 8192 2.000000000 2
240 944 3 8192 2.000000000 2
240 968 3 8192 2.000000000 2
240 1024 3 8192 2.000000000 2
240 1076 3 8192 2.000000000 2
240 1116 3 8192 2.000000000 2
240 1136 3 8192 2.000000000 2
240 1156 3 8192 2.000000000 2
240 1184 3 8192 2.000000000 2
240 1216 3 8192 2.000000000 2
240 1244 3 8192 2.000000000 2
244 116 3 8192 2.000000000 2
244 160 3 8192 2.000000000 2
244 220 3 8192 2.000000000 2
244 236 3 8192 2.000000000 2
244 240 3 8192 2.000000000 2
244 360 3 8192 2.000000000 2
244 364 3 8192 2.000000000 2
244 424 3 8192 2.000000000 2
244 536 3 8192 2.000000000 2
244 552 3 8192 2.000000000 2
244 608 3 8192 2.000000000 2
244 744 3 8192 2.000000000 2
244 896 3 8192 2.000000000 2
244 912 3 8192 2.000000000 2
244 980 3 8192 2.000000000 2
244 1192 3 8192 2.000000000 2
244 1196 3 8192 2.000000000 2
244 1264 3 8192 2.000000000 2
252 40 3 8192 2.000000000 2
252 72 3 8192 2.000000000 2
252 152 3 8192 2.000000000 2
252 292 3 8192 2.000000000 2
252 328 3 8192 2.000000000 2
252 460 3 8192 2.000000000 2
252 476 3 8192 2.000000000 2
252 644 3 8192 2.000000000 2
252 660 3 8192 2.000000000 2
252 692 3 8192 2.000000000 2
252 800 3 8192 2.000000000 2
252 840 3 8192 2.000000000 2
252 1020 3 8192 2.000000000 2
252 1060 3 8192 2.000000000 2
252 1064 3 8192 2.000000000 2
252 1076 3 8192 2.000000000 2
252 1192 3 8192 2.000000000 2
252 1224 3 8192 2.000000000 2
252 1256 3 8192 2.000000000 2
252 1260 3 8192 2.000000000 2
256 96 3 8192 2.000000000 2
256 184 3 8192 2.000000000 2
256 224 3 8192 2.000000000 2
256 324 3 8192 2.000000000 2
256 496 3 8192 2.000000000 2
256 508 3 8192 2.000000000 2
256 520 3 8192 2.000000000 2
256 528 3 8192 2.000000000 2
256 544 3 8192 2.000000000 2
256 568 3 8192 2.000000000 2
256 824 3 8192 2.000000000 2
256 972 3 8192 2.000000000 2
256 996 3 8192 2.000000000 2
256 1204 3 8192 2.000000000 2
260 116 3 8192 2.000000000 2
260 160 3 8192 2.000000000 2
260 232 3 8192 2.000000000 2
260 244 3 8192 2.000000000 2
260 304 3 8192 2.000000000 2
260 392 3 8192 2.000000000 2
260 496 3 8192 2.000000000 2
260 752 3 8192 2.000000000 2
260 836 3 8192 2.000000000 2
260 848 3 8192 2.000000000 2
260 860 3 8192 2.000000000 2
260 868 3 8192 2.000000000 2
260 912 3 8192 2.000000000 2
260 1004 3 8192 2.000000000 2
260 1032 3 8192 2.000000000 2
260 1152 3 8192 2.000000000 2
260 1160 3 8192 2.000000000 2
260 1216 3 8192 2.000000000 2
260 1232 3 8192 2.000000000 2
264 12 3 8192 2.000000000 2
264 280 3 8192 2.000000000 2
264 300 3 8192 2.000000000 2
264 424 3 8192 2.000000000 2
264 428 3 8192 2.000000000 2
264 444 3 8192 2.000000000 2
264 472 3 8192 2.000000000 2
264 600 3 8192 2.000000000 2
264 664 3 8192 2.000000000 2
264 728 3 8192 2.000000000 2
264 784 3 8192 2.000000000 2
264 800 3 8192 2.000000000 2
264 824 3 8192 2.000000000 2
264 964 3 8192 2.000000000 2
264 1068 3 8192 2.000000000 2
264 1120 3 8192 2.000000000 2
264 1216 3 8192 2.000000000 2
268 76 3 8192 2.000000000 2
268 116 3 8192 2.000000000 2
268 120 3 8192 2.000000000 2
268 228 3 8192 2.000000000 2
268 348 3 8192 2.000000000 2
268 432 3 8192 2.000000000 2
268 536 3 8192 2.000000000 2
268 608 3 8192 2.000000000 2
268 632 3 8192 2.000000000 2
268 760 3 8192 2.000000000 2
268 820 3 8192 2.000000000 2
268 880 3 8192 2.000000000 2
268 940 3 8192 2.000000000 2
268 1176 3 8192 2.000000000 2
268 1188 3 8192 2.000000000 2
268 1228 3 8192 2.000000000 2
268 1260 3 8192 2.000000000 2
272 76 3 8192 2.000000000 2
272 288 3 8192 2.000000000 2
272 360 3 8192 2.000000000 2
272 376 3 8192 2.000000000 2
272 408 3 8192 2.000000000 2
272 412 3 8192 2.000000000 2
272 492 3 8192 2.000000000 2
272 512 3 8192 2.000000000 2
272 604 3 8192 2.000000000 2
272 684 3 8192 2.000000000 2
272 728 3 8192 2.000000000 2
272 752 3 8192 2.000000000 2
272 768 3 8192 2.000000000 2
272 876 3 8192 2.000000000 2
272 928 3 8192 2.000000000 2
272 1004 3 8192 2.000000000 2
272 1024 3 8192 2.000000000 2
272 1048 3 8192 2.000000000 2
272 1052 3 8192 2.000000000 2
272 1088 3 8192 2.000000000 2
272 1100 3 8192 2.000000000 2
272 1156 3 8192 2.000000000 2
272 1192 3 8192 2.000000000 2
272 1272 3 8192 2.000000000 2
276 104 3 8192 2.000000000 2
276 108 3 8192 2.000000000 2
276 212 3 8192 2.000000000 2
276 232 3 8192 2.000000000 2
276 484 3 8192 2.000000000 2
276 488 3 8192 2.000000000 2
276 560 3 8192 2.000000000 2
276 608 3 8192 2.000000000 2
276 728 3 8192 2.000000000 2
276 732 3 8192 2.000000000 2
276 852 3 8192 2.000000000 2
276 892 3 8192 2.000000000 2
276 984 3 8192 2.000000000 2
276 1112 3 8192 2.000000000 2
276 1120 3 8192 2.000000000 2
276 1188 3 8192 2.000000000 2
280 136 3 8192 2.000000000 2
280 144 3 8192 2.000000000 2
280 152 3 8192 2.000000000 2
280 196 3 8192 2.000000000 2
280 252 3 8192 2.000000000 2
280 676 3 8192 2.000000000 2
280 728 3 8192 2.000000000 2
280 868 3 8192 2.000000000 2
280 1080 3 8192 2.000000000 2
280 1156 3 8192 2.000000000 2
280 1176 3 8192 2.000000000 2
280 1212 3 8192 2.000000000 2
280 1216 3 8192 2.000000000 2
280 1220 3 8192 2.000000000 2
280 1228 3 8192 2.000000000 2
288 52 3 8192 2.000000000 2
288 240 3 8192 2.000000000 2
288 260 3 8192 2.000000000 2
288 348 3 8192 2.000000000 2
288 384 3 8192 2.000000000 2
288 432 3 8192 2.000000000 2
288 480 3 8192 2.000000000 2
288 568 3 8192 2.000000000 2
288 596 3 8192 2.000000000 2
288 600 3 8192 2.000000000 2
288 668 3 8192 2.000000000 2
288 708 3 8192 2.000000000 2
288 768 3 8192 2.000000000 2
288 904 3 8192 2.000000000 2
288 944 3 8192 2.000000000 2
288 984 3 8192 2.000000000 2
288 1036 3 8192 2.000000000 2
288 1072 3 8192 2.000000000 2
288 1100 3 8192 2.000000000 2
288 1168 3 8192 2.000000000 2
288 1188 3 8192 2.000000000 2
288 1240 3 8192 2.000000000 2
292 4 3 8192 2.000000000 2
292 100 3 8192 2.000000000 2
292 124 3 8192 2.000000000 2
292 132 3 8192 2.000000000 2
292 208 3 8192 2.000000000 2
292 364 3 8192 2.000000000 2
292 368 3 8192 2.000000000 2
292 448 3 8192 2.000000000 2
292 480 3 8192 2.000000000 2
292 484 3 8192 2.000000000 2
292 488 3 8192 2.000000000 2
292 520 3 8192 2.000000000 2
292 524 3 8192 2.000000000 2
292 548 3 8192 2.000000000 2
292 588 3 8192 2.000000000 2
292 688 3 8192 2.000000000 2
292 872 3 8192 2.000000000 2
292 916 3 8192 2.000000000 2
292 972 3 8192 2.000000000 2
292 1052 3 8192 2.000000000 2
292 1100 3 8192 2.000000000 2
292 1104 3 8192 2.000000000 2
292 1228 3 8192 2.000000000 2
296 88 3 8192 2.000000000 2
296 200 3 8192 2.000000000 2
296 232 3 8192 2.000000000 2
296 236 3 8192 2.000000000 2
296 264 3 8192 2.000000000 2
296 312 3 8192 2.000000000 2
296 364 3 8192 2.000000000 2
296 408 3 8192 2.000000000 2
296 412 3 8192 2.000000000 2
296 432 3 8192 2.000000000 2
296 444 3 8192 2.000000000 2
296 528 3 8192 2.000000000 2
296 672 3 8192 2.000000000 2
296 880 3 8192 2.000000000 2
296 944 3 8192 2.000000000 2
296 1008 3 8192 2.000000000 2
296 1068 3 8192 2.000000000 2
296 1072 3 8192 2.000000000 2
300 8 3 8192 2.000000000 2
300 96 3 8192 2.000000000 2
300 164 3 8192 2.000000000 2
300 260 3 8192 2.000000000 2
300 328 3 8192 2.000000000 2
300 444 3 8192 2.000000000 2
300 624 3 8192 2.000000000 2
300 792 3 8192 2.000000000 2
300 1136 3 8192 2.000000000 2
300 1148 3 8192 2.000000000 2
300 1260 3 8192 2.000000000 2
304 172 3 8192 2.000000000 2
304 736 3 8192 2.000000000 2
304 752 3 8192 2.000000000 2
304 768 3 8192 2.000000000 2
304 804 3 8192 2.000000000 2
304 876 3 8192 2.000000000 2
304 900 3 8192 2.000000000 2
304 928 3 8192 2.000000000 2
304 940 3 8192 2.000000000 2
304 1020 3 8192 2.000000000 2
304 1052 3 8192 2.000000000 2
304 1192 3 8192 2.000000000 2
304 1204 3 8192 2.000000000 2
304 1240 3 8192 2.000000000 2
304 1260 3 8192 2.000000000 2
304 1272 3 8192 2.000000000 2
304 1276 3 8192 2.000000000 2
312 144 3 8192 2.000000000 2
312 148 3 8192 2.000000000 2
312 328 3 8192 2.000000000 2
312 472 3 8192 2.000000000 2
312 536 3 8192 2.000000000 2
312 592 3 8192 2.000000000 2
312 660 3 8192 2.000000000 2
312 664 3 8192 2.000000000 2
312 704 3 8192 2.000000000 2
312 728 3 8192 2.000000000 2
312 916 3 8192 2.000000000 2
312 964 3 8192 2.000000000 2
312 968 3 8192 2.000000000 2
312 1116 3 8192 2.000000000 2
312 1216 3 8192 2.000000000 2
312 1220 3 8192 2.000000000 2
312 1224 3 8192 2.000000000 2
312 1244 3 8192 2.000000000 2
316 24 3 8192 2.000000000 2
316 108 3 8192 2.000000000 2
316 196 3 8192 2.000000000 2
316 580 3 8192 2.000000000 2
316 596 3 8192 2.000000000 2
316 624 3 8192 2.000000000 2
316 632 3 8192 2.000000000 2
316 728 3 8192 2.000000000 2
316 732 3 8192 2.000000000 2
316 784 3 8192 2.000000000 2
316 940 3 8192 2.000000000 2
316 960 3 8192 2.000000000 2
316 1156 3 8192 2.000000000 2
316 1220 3 8192 2.000000000 2
316 1224 3 8192 2.000000000 2
316 1244 3 8192 2.000000000 2
316 1264 3 8192 2.000000000 2
316 1272 3 8192 2.000000000 2
320 8 3 8192 2.000000000 2
320 48 3 8192 2.000000000 2
320 276 3 8192 2.000000000 2
320 384 3 8192 2.000000000 2
320 652 3 8192 2.000000000 2
320 744 3 8192 2.000000000 2
320 820 3 8192 2.000000000 2
320 888 3 8192 2.000000000 2
320 980 3 8192 2.000000000 2
320 1036 3 8192 2.000000000 2
320 1168 3 8192 2.000000000 2
324 24 3 8192 2.000000000 2
324 52 3 8192 2.000000000 2
324 132 3 8192 2.000000000 2
324 304 3 8192 2.000000000 2
324 316 3 8192 2.000000000 2
324 428 3 8192 2.000000000 2
324 456 3 8192 2.000000000 2
324 484 3 8192 2.000000000 2
324 524 3 8192 2.000000000 2
324 596 3 8192 2.000000000 2
324 804 3 8192 2.000000000 2
324 812 3 8192 2.000000000 2
324 916 3 8192 2.000000000 2
324 928 3 8192 2.000000000 2
324 980 3 8192 2.000000000 2
324 1008 3 8192 2.000000000 2
324 1088 3 8192 2.000000000 2
324 1140 3 8192 2.000000000 2
324 1244 3 8192 2.000000000 2
328 208 3 8192 2.000000000 2
328 244 3 8192 2.000000000 2
328 640 3 8192 2.000000000 2
328 668 3 8192 2.000000000 2
328 676 3 8192 2.000000000 2
328 888 3 8192 2.000000000 2
328 916 3 8192 2.000000000 2
328 968 3 8192 2.000000000 2
328 1068 3 8192 2.000000000 2
328 1084 3 8192 2.000000000 2
328 1176 3 8192 2.000000000 2
328 1232 3 8192 2.000000000 2
328 1252 3 8192 2.000000000 2
344 0 3 8192 2.000000000 2
344 20 3 8192 2.000000000 2
344 100 3 8192 2.000000000 2
344 136 3 8192 2.000000000 2
344 148 3 8192 2.000000000 2
344 180 3 8192 2.000000000 2
344 212 3 8192 2.000000000 2
344 280 3 8192 2.000000000 2
344 428 3 8192 2.000000000 2
344 500 3 8192 2.000000000 2
344 600 3 8192 2.000000000 2
344 608 3 8192 2.000000000 2
344 808 3 8192 2.000000000 2
344 892 3 8192 2.000000000 2
344 1032 3 8192 2.000000000 2
344 1076 3 8192 2.000000000 2
344 1176 3 8192 2.000000000 2
344 1184 3 8192 2.000000000 2
344 1228 3 8192 2.000000000 2
348 76 3 8192 2.000000000 2
348 144 3 8192 2.000000000 2
348 180 3 8192 2.000000000 2
348 240 3 8192 2.000000000 2
348 312 3 8192 2.000000000 2
348 616 3 8192 2.000000000 2
348 688 3 8192 2.000000000 2
348 792 3 8192 2.000000000 2
348 800 3 8192 2.000000000 2
348 812 3 8192 2.000000000 2
348 824 3 8192 2.000000000 2
348 864 3 8192 2.000000000 2
348 936 3 8192 2.000000000 2
348 988 3 8192 2.000000000 2
348 1092 3 8192 2.000000000 2
348 1100 3 8192 2.000000000 2
348 1196 3 8192 2.000000000 2
348 1256 3 8192 2.000000000 2
352 60 3 8192 2.000000000 2
352 68 3 8192 2.000000000 2
352 96 3 8192 2.000000000 2
352 104 3 8192 2.000000000 2
352 220 3 8192 2.000000000 2
352 480 3 8192 2.000000000 2
352 536 3 8192 2.000000000 2
352 592 3 8192 2.000000000 2
352 632 3 8192 2.000000000 2
352 652 3 8192 2.000000000 2
352 668 3 8192 2.000000000 2
352 696 3 8192 2.000000000 2
352 812 3 8192 2.000000000 2
352 840 3 8192 2.000000000 2
352 868 3 8192 2.000000000 2
352 936 3 8192 2.000000000 2
352 1004 3 8192 2.000000000 2
352 1012 3 8192 2.000000000 2
352 1244 3 8192 2.000000000 2
352 1264 3 8192 2.000000000 2
352 1272 3 8192 2.000000000 2
360 60 3 8192 2.000000000 2
360 124 3 8192 2.000000000 2
360 220 3 8192 2.000000000 2
360 252 3 8192 2.000000000 2
360 260 3 8192 2.000000000 2
360 384 3 8192 2.000000000 2
360 392 3 8192 2.000000000 2
360 424 3 8192 2.000000000 2
360 632 3 8192 2.000000000 2
360 668 3 8192 2.000000000 2
360 896 3 8192 2.000000000 2
360 912 3 8192 2.000000000 2
360 964 3 8192 2.000000000 2
360 988 3 8192 2.000000000 2
360 1008 3 8192 2.000000000 2
360 1140 3 8192 2.000000000 2
360 1192 3 8192 2.000000000 2
364 12 3 8192 2.000000000 2
364 48 3 8192 2.000000000 2
364 116 3 8192 2.000000000 2
364 180 3 8192 2.000000000 2
364 204 3 8192 2.000000000 2
364 396 3 8192 2.000000000 2
364 408 3 8192 2.000000000 2
364 552 3 8192 2.000000000 2
364 704 3 8192 2.000000000 2
364 752 3 8192 2.000000000 2
364 760 3 8192 2.000000000 2
364 984 3 8192 2.000000000 2
364 1120 3 8192 2.000000000 2
364 1204 3 8192 2.000000000 2
368 32 3 8192 2.000000000 2
368 92 3 8192 2.000000000 2
368 108 3 8192 2.000000000 2
368 292 3 8192 2.000000000 2
368 320 3 8192 2.000000000 2
368 500 3 8192 2.000000000 2
368 504 3 8192 2.000000000 2
368 544 3 8192 2.000000000 2
368 556 3 8192 2.000000000 2
368 640 3 8192 2.000000000 2
368 836 3 8192 2.000000000 2
368 900 3 8192 2.000000000 2
368 912 3 8192 2.000000000 2
368 984 3 8192 2.000000000 2
368 1024 3 8192 2.000000000 2
368 1104 3 8192 2.000000000 2
368 1172 3 8192 2.000000000 2
376 4 3 8192 2.000000000 2
376 8 3 8192 2.000000000 2
376 76 3 8192 2.000000000 2
376 124 3 8192 2.000000000 2
376 156 3 8192 2.000000000 2
376 268 3 8192 2.000000000 2
376 288 3 8192 2.000000000 2
376 304 3 8192 2.000000000 2
376 408 3 8192 2.000000000 2
376 432 3 8192 2.000000000 2
376 440 3 8192 2.000000000 2
376 508 3 8192 2.000000000 2
376 712 3 8192 2.000000000 2
376 744 3 8192 2.000000000 2
376 940 3 8192 2.000000000 2
376 1084 3 8192 2.000000000 2
376 1128 3 8192 2.000000000 2
376 1132 3 8192 2.000000000 2
376 1156 3 8192 2.000000000 2
376 1276 3 8192 2.000000000 2
384 84 3 8192 2.000000000 2
384 200 3 8192 2.000000000 2
384 300 3 8192 2.000000000 2
384 320 3 8192 2.000000000 2
384 408 3 8192 2.000000000 2
384 424 3 8192 2.000000000 2
384 460 3 8192 2.000000000 2
384 496 3 8192 2.000000000 2
384 512 3 8192 2.000000000 2
384 600 3 8192 2.000000000 2
384 836 3 8192 2.000000000 2
384 880 3 8192 2.000000000 2
384 916 3 8192 2.000000000 2
384 944 3 8192 2.000000000 2
384 964 3 8192 2.000000000 2
384 972 3 8192 2.000000000 2
384 1028 3 8192 2.000000000 2
384 1032 3 8192 2.000000000 2
384 1036 3 8192 2.000000000 2
384 1076 3 8192 2.000000000 2
384 1096 3 8192 2.000000000 2
384 1152 3 8192 2.000000000 2
384 1176 3 8192 2.000000000 2
384 1276 3 8192 2.000000000 2
392 12 3 8192 2.000000000 2
392 144 3 8192 2.000000000 2
392 200 3 8192 2.000000000 2
392 244 3 8192 2.000000000 2
392 280 3 8192 2.000000000 2
392 348 3 8192 2.000000000 2
392 396 3 8192 2.000000000 2
392 464 3 8192 2.000000000 2
392 484 3 8192 2.000000000 2
392 624 3 8192 2.000000000 2
392 660 3 8192 2.000000000 2
392 840 3 8192 2.000000000 2
392 860 3 8192 2.000000000 2
392 872 3 8192 2.000000000 2
392 944 3 8192 2.000000000 2
392 1068 3 8192 2.000000000 2
392 1172 3 8192 2.000000000 2
392 1240 3 8192 2.000000000 2
392 1260 3 8192 2.000000000 2
396 76 3 8192 2.000000000 2
396 96 3 8192 2.000000000 2
396 228 3 8192 2.000000000 2
396 240 3 8192 2.000000000 2
396 528 3 8192 2.000000000 2
396 676 3 8192 2.000000000 2
396 864 3 8192 2.000000000 2
396 972 3 8192 2.000000000 2
396 1036 3 8192 2.000000000 2
396 1112 3 8192 2.000000000 2
396 1116 3 8192 2.000000000 2
408 100 3 8192 2.000000000 2
408 136 3 8192 2.000000000 2
408 160 3 8192 2.000000000 2
408 180 3 8192 2.000000000 2
408 200 3 8192 2.000000000 2
408 288 3 8192 2.000000000 2
408 304 3 8192 2.000000000 2
408 376 3 8192 2.000000000 2
408 384 3 8192 2.000000000 2
408 524 3 8192 2.000000000 2
408 672 3 8192 2.000000000 2
408 696 3 8192 2.000000000 2
408 704 3 8192 2.000000000 2
408 876 3 8192 2.000000000 2
408 980 3 8192 2.000000000 2
408 1020 3 8192 2.000000000 2
408 1112 3 8192 2.000000000 2
408 1116 3 8192 2.000000000 2
408 1216 3 8192 2.000000000 2
408 1224 3 8192 2.000000000 2
412 4 3 8192 2.000000000 2
412 76 3 8192 2.000000000 2
412 136 3 8192 2.000000000 2
412 208 3 8192 2.000000000 2
412 268 3 8192 2.000000000 2
412 272 3 8192 2.000000000 2
412 304 3 8192 2.000000000 2
412 316 3 8192 2.000000000 2
412 456 3 8192 2.000000000 2
412 508 3 8192 2.000000000 2
412 716 3 8192 2.000000000 2
412 780 3 8192 2.000000000 2
412 900 3 8192 2.000000000 2
412 1024 3 8192 2.000000000 2
412 1076 3 8192 2.000000000 2
420 12 3 8192 2.000000000 2
420 200 3 8192 2.000000000 2
420 208 3 8192 2.000000000 2
420 224 3 8192 2.000000000 2
420 240 3 8192 2.000000000 2
420 312 3 8192 2.000000000 2
420 324 3 8192 2.000000000 2
420 548 3 8192 2.000000000 2
420 592 3 8192 2.000000000 2
420 608 3 8192 2.000000000 2
420 696 3 8192 2.000000000 2
420 716 3 8192 2.000000000 2
420 732 3 8192 2.000000000 2
420 752 3 8192 2.000000000 2
420 888 3 8192 2.000000000 2
420 1080 3 8192 2.000000000 2
420 1112 3 8192 2.000000000 2
420 1196 3 8192 2.000000000 2
424 44 3 8192 2.000000000 2
424 92 3 8192 2.000000000 2
424 104 3 8192 2.000000000 2
424 212 3 8192 2.000000000 2
424 420 3 8192 2.000000000 2
424 440 3 8192 2.000000000 2
424 484 3 8192 2.000000000 2
424 572 3 8192 2.000000000 2
424 592 3 8192 2.000000000 2
424 652 3 8192 2.000000000 2
424 672 3 8192 2.000000000 2
424 704 3 8192 2.000000000 2
424 804 3 8192 2.000000000 2
424 888 3 8192 2.000000000 2
424 920 3 8192 2.000000000 2
424 944 3 8192 2.000000000 2
424 964 3 8192 2.000000000 2
424 1024 3 8192 2.000000000 2
424 1204 3 8192 2.000000000 2
428 24 3 8192 2.000000000 2
428 64 3 8192 2.000000000 2
428 96 3 8192 2.000000000 2
428 156 3 8192 2.000000000 2
428 232 3 8192 2.000000000 2
428 260 3 8192 2.000000000 2
428 264 3 8192 2.000000000 2
428 360 3 8192 2.000000000 2
428 368 3 8192 2.000000000 2
428 476 3 8192 2.000000000 2
428 556 3 8192 2.000000000 2
428 588 3 8192 2.000000000 2
428 688 3 8192 2.000000000 2
428 712 3 8192 2.000000000 2
428 812 3 8192 2.000000000 2
428 948 3 8192 2.000000000 2
428 1200 3 8192 2.000000000 2
428 1216 3 8192 2.000000000 2
428 1224 3 8192 2.000000000 2
428 1236 3 8192 2.000000000 2
432 228 3 8192 2.000000000 2
432 252 3 8192 2.000000000 2
432 360 3 8192 2.000000000 2
432 392 3 8192 2.000000000 2
432 480 3 8192 2.000000000 2
432 560 3 8192 2.000000000 2
432 668 3 8192 2.000000000 2
432 888 3 8192 2.000000000 2
432 988 3 8192 2.000000000 2
432 1028 3 8192 2.000000000 2
432 1088 3 8192 2.000000000 2
432 1168 3 8192 2.000000000 2
432 1264 3 8192 2.000000000 2
440 20 3 8192 2.000000000 2
440 40 3 8192 2.000000000 2
440 68 3 8192 2.000000000 2
440 80 3 8192 2.000000000 2
440 104 3 8192 2.000000000 2
440 116 3 8192 2.000000000 2
440 164 3 8192 2.000000000 2
440 316 3 8192 2.000000000 2
440 360 3 8192 2.000000000 2
440 432 3 8192 2.000000000 2
440 468 3 8192 2.000000000 2
440 520 3 8192 2.000000000 2
440 624 3 8192 2.000000000 2
440 752 3 8192 2.000000000 2
440 872 3 8192 2.000000000 2
440 1100 3 8192 2.000000000 2
440 1164 3 8192 2.000000000 2
440 1240 3 8192 2.000000000 2
444 200 3 8192 2.000000000 2
444 384 3 8192 2.000000000 2
444 420 3 8192 2.000000000 2
444 432 3 8192 2.000000000 2
444 456 3 8192 2.000000000 2
444 552 3 8192 2.000000000 2
444 632 3 8192 2.000000000 2
444 712 3 8192 2.000000000 2
444 752 3 8192 2.000000000 2
444 756 3 8192 2.000000000 2
444 816 3 8192 2.000000000 2
444 820 3 8192 2.000000000 2
444 848 3 8192 2.000000000 2
444 880 3 8192 2.000000000 2
444 1004 3 8192 2.000000000 2
444 1020 3 8192 2.000000000 2
444 1184 3 8192 2.000000000 2
448 84 3 8192 2.000000000 2
448 212 3 8192 2.000000000 2
448 280 3 8192 2.000000000 2
448 532 3 8192 2.000000000 2
448 588 3 8192 2.000000000 2
448 600 3 8192 2.000000000 2
448 632 3 8192 2.000000000 2
448 784 3 8192 2.000000000 2
448 816 3 8192 2.000000000 2
448 964 3 8192 2.000000000 2
448 1004 3 8192 2.000000000 2
448 1136 3 8192 2.000000000 2
448 1140 3 8192 2.000000000 2
448 1188 3 8192 2.000000000 2
448 1224 3 8192 2.000000000 2
456 52 3 8192 2.000000000 2
456 196 3 8192 2.000000000 2
456 212 3 8192 2.000000000 2
456 220 3 8192 2.000000000 2
456 236 3 8192 2.000000000 2
456 276 3 8192 2.000000000 2
456 368 3 8192 2.000000000 2
456 464 3 8192 2.000000000 2
456 516 3 8192 2.000000000 2
456 588 3 8192 2.000000000 2
456 752 3 8192 2.000000000 2
456 756 3 8192 2.000000000 2
456 872 3 8192 2.000000000 2
456 884 3 8192 2.000000000 2
456 1020 3 8192 2.000000000 2
456 1060 3 8192 2.000000000 2
456 1104 3 8192 2.000000000 2
456 1120 3 8192 2.000000000 2
456 1156 3 8192 2.000000000 2
460 60 3 8192 2.000000000 2
460 76 3 8192 2.000000000 2
460 132 3 8192 2.000000000 2
460 148 3 8192 2.000000000 2
460 220 3 8192 2.000000000 2
460 352 3 8192 2.000000000 2
460 428 3 8192 2.000000000 2
460 456 3 8192 2.000000000 2
460 484 3 8192 2.000000000 2
460 492 3 8192 2.000000000 2
460 496 3 8192 2.000000000 2
460 560 3 8192 2.000000000 2
460 688 3 8192 2.000000000 2
460 696 3 8192 2.000000000 2
460 760 3 8192 2.000000000 2
460 780 3 8192 2.000000000 2
460 816 3 8192 2.000000000 2
460 904 3 8192 2.000000000 2
460 944 3 8192 2.000000000 2
460 1076 3 8192 2.000000000 2
460 1216 3 8192 2.000000000 2
464 16 3 8192 2.000000000 2
464 60 3 8192 2.000000000 2
464 92 3 8192 2.000000000 2
464 96 3 8192 2.000000000 2
464 184 3 8192 2.000000000 2
464 228 3 8192 2.000000000 2
464 236 3 8192 2.000000000 2
464 288 3 8192 2.000000000 2
464 360 3 8192 2.000000000 2
464 408 3 8192 2.000000000 2
464 412 3 8192 2.000000000 2
464 508 3 8192 2.000000000 2
464 572 3 8192 2.000000000 2
464 780 3 8192 2.000000000 2
464 888 3 8192 2.000000000 2
464 920 3 8192 2.000000000 2
464 1072 3 8192 2.000000000 2
464 1176 3 8192 2.000000000 2
464 1184 3 8192 2.000000000 2
464 1216 3 8192 2.000000000 2
464 1220 3 8192 2.000000000 2
464 1236 3 8192 2.000000000 2
468 12 3 8192 2.000000000 2
468 88 3 8192 2.000000000 2
468 108 3 8192 2.000000000 2
468 136 3 8192 2.000000000 2
468 328 3 8192 2.000000000 2
468 532 3 8192 2.000000000 2
468 548 3 8192 2.000000000 2
468 668 3 8192 2.000000000 2
468 876 3 8192 2.000000000 2
468 940 3 8192 2.000000000 2
468 948 3 8192 2.000000000 2
468 984 3 8192 2.000000000 2
468 1052 3 8192 2.000000000 2
472 12 3 8192 2.000000000 2
472 148 3 8192 2.000000000 2
472 156 3 8192 2.000000000 2
472 264 3 8192 2.000000000 2
472 316 3 8192 2.000000000 2
472 408 3 8192 2.000000000 2
472 556 3 8192 2.000000000 2
472 632 3 8192 2.000000000 2
472 712 3 8192 2.000000000 2
472 912 3 8192 2.000000000 2
472 972 3 8192 2.000000000 2
472 996 3 8192 2.000000000 2
472 1048 3 8192 2.000000000 2
472 1160 3 8192 2.000000000 2
472 1200 3 8192 2.000000000 2
476 12 3 8192 2.000000000 2
476 16 3 8192 2.000000000 2
476 48 3 8192 2.000000000 2
476 104 3 8192 2.000000000 2
476 464 3 8192 2.000000000 2
476 512 3 8192 2.000000000 2
476 640 3 8192 2.000000000 2
476 704 3 8192 2.000000000 2
476 880 3 8192 2.000000000 2
476 968 3 8192 2.000000000 2
476 1060 3 8192 2.000000000 2
476 1072 3 8192 2.000000000 2
476 1152 3 8192 2.000000000 2
480 44 3 8192 2.000000000 2
480 68 3 8192 2.000000000 2
480 100 3 8192 2.000000000 2
480 484 3 8192 2.000000000 2
480 596 3 8192 2.000000000 2
480 624 3 8192 2.000000000 2
480 644 3 8192 2.000000000 2
480 712 3 8192 2.000000000 2
480 868 3 8192 2.000000000 2
480 892 3 8192 2.000000000 2
480 896 3 8192 2.000000000 2
480 936 3 8192 2.000000000 2
480 1020 3 8192 2.000000000 2
480 1056 3 8192 2.000000000 2
480 1076 3 8192 2.000000000 2
480 1212 3 8192 2.000000000 2
480 1236 3 8192 2.000000000 2
480 1260 3 8192 2.000000000 2
484 156 3 8192 2.000000000 2
484 196 3 8192 2.000000000 2
484 280 3 8192 2.000000000 2
484 440 3 8192 2.000000000 2
484 508 3 8192 2.000000000 2
484 520 3 8192 2.000000000 2
484 600 3 8192 2.000000000 2
484 664 3 8192 2.000000000 2
484 1112 3 8192 2.000000000 2
484 1156 3 8192 2.000000000 2
484 1160 3 8192 2.000000000 2
484 1168 3 8192 2.000000000 2
484 1256 3 8192 2.000000000 2
484 1260 3 8192 2.000000000 2
488 76 3 8192 2.000000000 2
488 252 3 8192 2.000000000 2
488 344 3 8192 2.000000000 2
488 600 3 8192 2.000000000 2
488 708 3 8192 2.000000000 2
488 848 3 8192 2.000000000 2
488 904 3 8192 2.000000000 2
488 984 3 8192 2.000000000 2
488 1056 3 8192 2.000000000 2
488 1088 3 8192 2.000000000 2
488 1176 3 8192 2.000000000 2
488 1196 3 8192 2.000000000 2
488 1236 3 8192 2.000000000 2
492 20 3 8192 2.000000000 2
492 32 3 8192 2.000000000 2
492 72 3 8192 2.000000000 2
492 92 3 8192 2.000000000 2
492 144 3 8192 2.000000000 2
492 420 3 8192 2.000000000 2
492 440 3 8192 2.000000000 2
492 588 3 8192 2.000000000 2
492 760 3 8192 2.000000000 2
492 840 3 8192 2.000000000 2
492 896 3 8192 2.000000000 2
492 912 3 8192 2.000000000 2
492 944 3 8192 2.000000000 2
492 1068 3 8192 2.000000000 2
492 1236 3 8192 2.000000000 2
496 12 3 8192 2.000000000 2
496 216 3 8192 2.000000000 2
496 352 3 8192 2.000000000 2
496 476 3 8192 2.000000000 2
496 548 3 8192 2.000000000 2
496 592 3 8192 2.000000000 2
496 672 3 8192 2.000000000 2
496 804 3 8192 2.000000000 2
496 812 3 8192 2.000000000 2
496 816 3 8192 2.000000000 2
496 944 3 8192 2.000000000 2
496 1084 3 8192 2.000000000 2
496 1160 3 8192 2.000000000 2
496 1232 3 8192 2.000000000 2
500 40 3 8192 2.000000000 2
500 48 3 8192 2.000000000 2
500 76 3 8192 2.000000000 2
500 184 3 8192 2.000000000 2
500 256 3 8192 2.000000000 2
500 312 3 8192 2.000000000 2
500 316 3 8192 2.000000000 2
500 428 3 8192 2.000000000 2
500 468 3 8192 2.000000000 2
500 668 3 8192 2.000000000 2
500 820 3 8192 2.000000000 2
500 860 3 8192 2.000000000 2
500 928 3 8192 2.000000000 2
500 936 3 8192 2.000000000 2
500 940 3 8192 2.000000000 2
500 1032 3 8192 2.000000000 2
500 1056 3 8192 2.000000000 2
500 1096 3 8192 2.000000000 2
500 1192 3 8192 2.000000000 2
500 1204 3 8192 2.000000000 2
504 64 3 8192 2.000000000 2
504 120 3 8192 2.000000000 2
504 148 3 8192 2.000000000 2
504 220 3 8192 2.000000000 2
504 256 3 8192 2.000000000 2
504 260 3 8192 2.000000000 2
504 304 3 8192 2.000000000 2
504 376 3 8192 2.000000000 2
504 460 3 8192 2.000000000 2
504 480 3 8192 2.000000000 2
504 508 3 8192 2.000000000 2
504 580 3 8192 2.000000000 2
504 664 3 8192 2.000000000 2
504 752 3 8192 2.000000000 2
504 780 3 8192 2.000000000 2
504 820 3 8192 2.000000000 2
504 832 3 8192 2.000000000 2
504 864 3 8192 2.000000000 2
504 900 3 8192 2.000000000 2
504 948 3 8192 2.000000000 2
504 1068 3 8192 2.000000000 2
508 100 3 8192 2.000000000 2
508 132 3 8192 2.000000000 2
508 216 3 8192 2.000000000 2
508 288 3 8192 2.000000000 2
508 348 3 8192 2.000000000 2
508 716 3 8192 2.000000000 2
508 896 3 8192 2.000000000 2
508 904 3 8192 2.000000000 2
508 920 3 8192 2.000000000 2
508 944 3 8192 2.000000000 2
508 1064 3 8192 2.000000000 2
508 1096 3 8192 2.000000000 2
508 1112 3 8192 2.000000000 2
512 160 3 8192 2.000000000 2
512 200 3 8192 2.000000000 2
512 288 3 8192 2.000000000 2
512 312 3 8192 2.000000000 2
512 352 3 8192 2.000000000 2
512 360 3 8192 2.000000000 2
512 592 3 8192 2.000000000 2
512 608 3 8192 2.000000000 2
512 752 3 8192 2.000000000 2
512 1148 3 8192 2.000000000 2
512 1176 3 8192 2.000000000 2
512 1184 3 8192 2.000000000 2
512 1232 3 8192 2.000000000 2
512 1252 3 8192 2.000000000 2
516 100 3 8192 2.000000000 2
516 136 3 8192 2.000000000 2
516 228 3 8192 2.000000000 2
516 280 3 8192 2.000000000 2
516 296 3 8192 2.000000000 2
516 420 3 8192 2.000000000 2
516 460 3 8192 2.000000000 2
516 536 3 8192 2.000000000 2
516 664 3 8192 2.000000000 2
516 672 3 8192 2.000000000 2
516 784 3 8192 2.000000000 2
516 840 3 8192 2.000000000 2
516 848 3 8192 2.000000000 2
516 868 3 8192 2.000000000 2
516 1004 3 8192 2.000000000 2
516 1068 3 8192 2.000000000 2
516 1076 3 8192 2.000000000 2
516 1128 3 8192 2.000000000 2
516 1244 3 8192 2.000000000 2
516 1276 3 8192 2.000000000 2
520 92 3 8192 2.000000000 2
520 132 3 8192 2.000000000 2
520 156 3 8192 2.000000000 2
520 252 3 8192 2.000000000 2
520 396 3 8192 2.000000000 2
520 464 3 8192 2.000000000 2
520 644 3 8192 2.000000000 2
520 816 3 8192 2.000000000 2
520 1028 3 8192 2.000000000 2
520 1048 3 8192 2.000000000 2
520 1060 3 8192 2.000000000 2
520 1188 3 8192 2.000000000 2
524 12 3 8192 2.000000000 2
524 44 3 8192 2.000000000 2
524 120 3 8192 2.000000000 2
524 156 3 8192 2.000000000 2
524 328 3 8192 2.000000000 2
524 428 3 8192 2.000000000 2
524 448 3 8192 2.000000000 2
524 500 3 8192 2.000000000 2
524 528 3 8192 2.000000000 2
524 532 3 8192 2.000000000 2
524 684 3 8192 2.000000000 2
524 708 3 8192 2.000000000 2
524 820 3 8192 2.000000000 2
524 824 3 8192 2.000000000 2
524 884 3 8192 2.000000000 2
524 960 3 8192 2.000000000 2
524 984 3 8192 2.000000000 2
524 1008 3 8192 2.000000000 2
524 1052 3 8192 2.000000000 2
524 1200 3 8192 2.000000000 2
524 1256 3 8192 2.000000000 2
528 108 3 8192 2.000000000 2
528 144 3 8192 2.000000000 2
528 224 3 8192 2.000000000 2
528 252 3 8192 2.000000000 2
528 324 3 8192 2.000000000 2
528 420 3 8192 2.000000000 2
528 424 3 8192 2.000000000 2
528 448 3 8192 2.000000000 2
528 500 3 8192 2.000000000 2
528 600 3 8192 2.000000000 2
528 836 3 8192 2.000000000 2
528 888 3 8192 2.000000000 2
528 920 3 8192 2.000000000 2
528 1052 3 8192 2.000000000 2
528 1136 3 8192 2.000000000 2
532 172 3 8192 2.000000000 2
532 256 3 8192 2.000000000 2
532 264 3 8192 2.000000000 2
532 344 3 8192 2.000000000 2
532 348 3 8192 2.000000000 2
532 376 3 8192 2.000000000 2
532 528 3 8192 2.000000000 2
532 676 3 8192 2.000000000 2
532 712 3 8192 2.000000000 2
532 816 3 8192 2.000000000 2
532 824 3 8192 2.000000000 2
532 864 3 8192 2.000000000 2
532 876 3 8192 2.000000000 2
532 920 3 8192 2.000000000 2
532 1136 3 8192 2.000000000 2
536 0 3 8192 2.000000000 2
536 24 3 8192 2.000000000 2
536 68 3 8192 2.000000000 2
536 80 3 8192 2.000000000 2
536 124 3 8192 2.000000000 2
536 132 3 8192 2.000000000 2
536 200 3 8192 2.000000000 2
536 264 3 8192 2.000000000 2
536 288 3 8192 2.000000000 2
536 300 3 8192 2.000000000 2
536 524 3 8192 2.000000000 2
536 824 3 8192 2.000000000 2
536 868 3 8192 2.000000000 2
536 940 3 8192 2.000000000 2
536 968 3 8192 2.000000000 2
536 1024 3 8192 2.000000000 2
536 1056 3 8192 2.000000000 2
536 1088 3 8192 2.000000000 2
536 1092 3 8192 2.000000000 2
536 1164 3 8192 2.000000000 2
536 1236 3 8192 2.000000000 2
544 64 3 8192 2.000000000 2
544 76 3 8192 2.000000000 2
544 104 3 8192 2.000000000 2
544 240 3 8192 2.000000000 2
544 364 3 8192 2.000000000 2
544 384 3 8192 2.000000000 2
544 460 3 8192 2.000000000 2
544 560 3 8192 2.000000000 2
544 696 3 8192 2.000000000 2
544 868 3 8192 2.000000000 2
544 892 3 8192 2.000000000 2
544 1024 3 8192 2.000000000 2
544 1076 3 8192 2.000000000 2
544 1276 3 8192 2.000000000 2
548 40 3 8192 2.000000000 2
548 148 3 8192 2.000000000 2
548 448 3 8192 2.000000000 2
548 476 3 8192 2.000000000 2
548 500 3 8192 2.000000000 2
548 616 3 8192 2.000000000 2
548 804 3 8192 2.000000000 2
548 888 3 8192 2.000000000 2
548 996 3 8192 2.000000000 2
548 1168 3 8192 2.000000000 2
548 1228 3 8192 2.000000000 2
552 12 3 8192 2.000000000 2
552 60 3 8192 2.000000000 2
552 64 3 8192 2.000000000 2
552 72 3 8192 2.000000000 2
552 76 3 8192 2.000000000 2
552 264 3 8192 2.000000000 2
552 300 3 8192 2.000000000 2
552 304 3 8192 2.000000000 2
552 328 3 8192 2.000000000 2
552 368 3 8192 2.000000000 2
552 428 3 8192 2.000000000 2
552 456 3 8192 2.000000000 2
552 480 3 8192 2.000000000 2
552 572 3 8192 2.000000000 2
552 688 3 8192 2.000000000 2
552 728 3 8192 2.000000000 2
552 756 3 8192 2.000000000 2
552 840 3 8192 2.000000000 2
552 936 3 8192 2.000000000 2
552 1012 3 8192 2.000000000 2
552 1112 3 8192 2.000000000 2
552 1196 3 8192 2.000000000 2
556 60 3 8192 2.000000000 2
556 324 3 8192 2.000000000 2
556 384 3 8192 2.000000000 2
556 532 3 8192 2.000000000 2
556 536 3 8192 2.000000000 2
556 552 3 8192 2.000000000 2
556 812 3 8192 2.000000000 2
556 836 3 8192 2.000000000 2
556 984 3 8192 2.000000000 2
556 996 3 8192 2.000000000 2
556 1140 3 8192 2.000000000 2
556 1212 3 8192 2.000000000 2
560 4 3 8192 2.000000000 2
560 16 3 8192 2.000000000 2
560 32 3 8192 2.000000000 2
560 100 3 8192 2.000000000 2
560 276 3 8192 2.000000000 2
560 328 3 8192 2.000000000 2
560 524 3 8192 2.000000000 2
560 580 3 8192 2.000000000 2
560 692 3 8192 2.000000000 2
560 704 3 8192 2.000000000 2
560 732 3 8192 2.000000000 2
560 852 3 8192 2.000000000 2
560 928 3 8192 2.000000000 2
560 1012 3 8192 2.000000000 2
560 1052 3 8192 2.000000000 2
560 1084 3 8192 2.000000000 2
560 1192 3 8192 2.000000000 2
568 0 3 8192 2.000000000 2
568 16 3 8192 2.000000000 2
568 92 3 8192 2.000000000 2
568 96 3 8192 2.000000000 2
568 164 3 8192 2.000000000 2
568 180 3 8192 2.000000000 2
568 184 3 8192 2.000000000 2
568 204 3 8192 2.000000000 2
568 324 3 8192 2.000000000 2
568 616 3 8192 2.000000000 2
568 664 3 8192 2.000000000 2
568 732 3 8192 2.000000000 2
568 756 3 8192 2.000000000 2
568 760 3 8192 2.000000000 2
568 1060 3 8192 2.000000000 2
568 1104 3 8192 2.000000000 2
568 1172 3 8192 2.000000000 2
572 100 3 8192 2.000000000 2
572 152 3 8192 2.000000000 2
572 280 3 8192 2.000000000 2
572 392 3 8192 2.000000000 2
572 412 3 8192 2.000000000 2
572 476 3 8192 2.000000000 2
572 480 3 8192 2.000000000 2
572 596 3 8192 2.000000000 2
572 664 3 8192 2.000000000 2
572 812 3 8192 2.000000000 2
572 920 3 8192 2.000000000 2
572 1060 3 8192 2.000000000 2
572 1076 3 8192 2.000000000 2
572 1080 3 8192 2.000000000 2
572 1204 3 8192 2.000000000 2
580 40 3 8192 2.000000000 2
580 200 3 8192 2.000000000 2
580 232 3 8192 2.000000000 2
580 280 3 8192 2.000000000 2
580 344 3 8192 2.000000000 2
580 396 3 8192 2.000000000 2
580 432 3 8192 2.000000000 2
580 480 3 8192 2.000000000 2
580 504 3 8192 2.000000000 2
580 640 3 8192 2.000000000 2
580 704 3 8192 2.000000000 2
580 792 3 8192 2.000000000 2
580 872 3 8192 2.000000000 2
580 896 3 8192 2.000000000 2
580 1008 3 8192 2.000000000 2
580 1084 3 8192 2.000000000 2
580 1196 3 8192 2.000000000 2
580 1244 3 8192 2.000000000 2
588 48 3 8192 2.000000000 2
588 64 3 8192 2.000000000 2
588 68 3 8192 2.000000000 2
588 200 3 8192 2.000000000 2
588 276 3 8192 2.000000000 2
588 396 3 8192 2.000000000 2
588 432 3 8192 2.000000000 2
588 464 3 8192 2.000000000 2
588 468 3 8192 2.000000000 2
588 472 3 8192 2.000000000 2
588 512 3 8192 2.000000000 2
588 544 3 8192 2.000000000 2
588 600 3 8192 2.000000000 2
588 644 3 8192 2.000000000 2
588 1076 3 8192 2.000000000 2
588 1104 3 8192 2.000000000 2
588 1244 3 8192 2.000000000 2
592 60 3 8192 2.000000000 2
592 152 3 8192 2.000000000 2
592 172 3 8192 2.000000000 2
592 244 3 8192 2.000000000 2
592 264 3 8192 2.000000000 2
592 676 3 8192 2.000000000 2
592 684 3 8192 2.000000000 2
592 704 3 8192 2.000000000 2
592 712 3 8192 2.000000000 2
592 796 3 8192 2.000000000 2
592 852 3 8192 2.000000000 2
592 964 3 8192 2.000000000 2
592 984 3 8192 2.000000000 2
592 1072 3 8192 2.000000000 2
592 1116 3 8192 2.000000000 2
592 1128 3 8192 2.000000000 2
592 1216 3 8192 2.000000000 2
596 132 3 8192 2.000000000 2
596 152 3 8192 2.000000000 2
596 292 3 8192 2.000000000 2
596 520 3 8192 2.000000000 2
596 536 3 8192 2.000000000 2
596 752 3 8192 2.000000000 2
596 760 3 8192 2.000000000 2
596 888 3 8192 2.000000000 2
596 1036 3 8192 2.000000000 2
596 1172 3 8192 2.000000000 2
596 1228 3 8192 2.000000000 2
596 1252 3 8192 2.000000000 2
600 76 3 8192 2.000000000 2
600 80 3 8192 2.000000000 2
600 348 3 8192 2.000000000 2
600 360 3 8192 2.000000000 2
600 368 3 8192 2.000000000 2
600 412 3 8192 2.000000000 2
600 448 3 8192 2.000000000 2
600 464 3 8192 2.000000000 2
600 492 3 8192 2.000000000 2
600 504 3 8192 2.000000000 2
600 516 3 8192 2.000000000 2
600 560 3 8192 2.000000000 2
600 616 3 8192 2.000000000 2
600 632 3 8192 2.000000000 2
600 796 3 8192 2.000000000 2
600 808 3 8192 2.000000000 2
600 812 3 8192 2.000000000 2
600 820 3 8192 2.000000000 2
600 884 3 8192 2.000000000 2
600 1060 3 8192 2.000000000 2
600 1228 3 8192 2.000000000 2
604 44 3 8192 2.000000000 2
604 76 3 8192 2.000000000 2
604 152 3 8192 2.000000000 2
604 264 3 8192 2.000000000 2
604 320 3 8192 2.000000000 2
604 360 3 8192 2.000000000 2
604 428 3 8192 2.000000000 2
604 444 3 8192 2.000000000 2
604 544 3 8192 2.000000000 2
604 684 3 8192 2.000000000 2
604 820 3 8192 2.000000000 2
604 904 3 8192 2.000000000 2
604 960 3 8192 2.000000000 2
604 1056 3 8192 2.000000000 2
604 1120 3 8192 2.000000000 2
604 1184 3 8192 2.000000000 2
604 1272 3 8192 2.000000000 2
608 40 3 8192 2.000000000 2
608 184 3 8192 2.000000000 2
608 324 3 8192 2.000000000 2
608 448 3 8192 2.000000000 2
608 464 3 8192 2.000000000 2
608 476 3 8192 2.000000000 2
608 664 3 8192 2.000000000 2
608 684 3 8192 2.000000000 2
608 824 3 8192 2.000000000 2
608 840 3 8192 2.000000000 2
608 864 3 8192 2.000000000 2
608 868 3 8192 2.000000000 2
608 1028 3 8192 2.000000000 2
608 1056 3 8192 2.000000000 2
608 1084 3 8192 2.000000000 2
608 1176 3 8192 2.000000000 2
608 1264 3 8192 2.000000000 2
616 20 3 8192 2.000000000 2
616 224 3 8192 2.000000000 2
616 228 3 8192 2.000000000 2
616 244 3 8192 2.000000000 2
616 440 3 8192 2.000000000 2
616 768 3 8192 2.000000000 2
616 780 3 8192 2.000000000 2
616 1064 3 8192 2.000000000 2
616 1152 3 8192 2.000000000 2
616 1160 3 8192 2.000000000 2
616 1168 3 8192 2.000000000 2
616 1236 3 8192 2.000000000 2
624 116 3 8192 2.000000000 2
624 132 3 8192 2.000000000 2
624 204 3 8192 2.000000000 2
624 280 3 8192 2.000000000 2
624 412 3 8192 2.000000000 2
624 580 3 8192 2.000000000 2
624 596 3 8192 2.000000000 2
624 684 3 8192 2.000000000 2
624 752 3 8192 2.000000000 2
624 800 3 8192 2.000000000 2
624 864 3 8192 2.000000000 2
624 880 3 8192 2.000000000 2
624 980 3 8192 2.000000000 2
624 984 3 8192 2.000000000 2
624 1036 3 8192 2.000000000 2
624 1152 3 8192 2.000000000 2
624 1188 3 8192 2.000000000 2
624 1276 3 8192 2.000000000 2
632 132 3 8192 2.000000000 2
632 408 3 8192 2.000000000 2
632 464 3 8192 2.000000000 2
632 476 3 8192 2.000000000 2
632 508 3 8192 2.000000000 2
632 524 3 8192 2.000000000 2
632 528 3 8192 2.000000000 2
632 560 3 8192 2.000000000 2
632 624 3 8192 2.000000000 2
632 864 3 8192 2.000000000 2
632 912 3 8192 2.000000000 2
632 940 3 8192 2.000000000 2
632 1008 3 8192 2.000000000 2
632 1020 3 8192 2.000000000 2
632 1036 3 8192 2.000000000 2
632 1052 3 8192 2.000000000 2
632 1152 3 8192 2.000000000 2
632 1200 3 8192 2.000000000 2
632 1232 3 8192 2.000000000 2
640 72 3 8192 2.000000000 2
640 92 3 8192 2.000000000 2
640 160 3 8192 2.000000000 2
640 300 3 8192 2.000000000 2
640 320 3 8192 2.000000000 2
640 324 3 8192 2.000000000 2
640 364 3 8192 2.000000000 2
640 392 3 8192 2.000000000 2
640 420 3 8192 2.000000000 2
640 424 3 8192 2.000000000 2
640 444 3 8192 2.000000000 2
640 544 3 8192 2.000000000 2
640 552 3 8192 2.000000000 2
640 572 3 8192 2.000000000 2
640 792 3 8192 2.000000000 2
640 1056 3 8192 2.000000000 2
640 1064 3 8192 2.000000000 2
640 1072 3 8192 2.000000000 2
640 1160 3 8192 2.000000000 2
640 1200 3 8192 2.000000000 2
644 0 3 8192 2.000000000 2
644 32 3 8192 2.000000000 2
644 116 3 8192 2.000000000 2
644 136 3 8192 2.000000000 2
644 148 3 8192 2.000000000 2
644 208 3 8192 2.000000000 2
644 280 3 8192 2.000000000 2
644 424 3 8192 2.000000000 2
644 472 3 8192 2.000000000 2
644 476 3 8192 2.000000000 2
644 528 3 8192 2.000000000 2
644 568 3 8192 2.000000000 2
644 660 3 8192 2.000000000 2
644 700 3 8192 2.000000000 2
644 836 3 8192 2.000000000 2
644 872 3 8192 2.000000000 2
644 912 3 8192 2.000000000 2
644 920 3 8192 2.000000000 2
644 1028 3 8192 2.000000000 2
644 1036 3 8192 2.000000000 2
644 1080 3 8192 2.000000000 2
644 1088 3 8192 2.000000000 2
644 1156 3 8192 2.000000000 2
644 1160 3 8192 2.000000000 2
644 1256 3 8192 2.000000000 2
652 124 3 8192 2.000000000 2
652 144 3 8192 2.000000000 2
652 268 3 8192 2.000000000 2
652 368 3 8192 2.000000000 2
652 448 3 8192 2.000000000 2
652 480 3 8192 2.000000000 2
652 568 3 8192 2.000000000 2
652 604 3 8192 2.000000000 2
652 616 3 8192 2.000000000 2
652 700 3 8192 2.000000000 2
652 708 3 8192 2.000000000 2
652 744 3 8192 2.000000000 2
652 792 3 8192 2.000000000 2
652 880 3 8192 2.000000000 2
652 936 3 8192 2.000000000 2
652 948 3 8192 2.000000000 2
652 988 3 8192 2.000000000 2
652 1136 3 8192 2.000000000 2
652 1140 3 8192 2.000000000 2
660 212 3 8192 2.000000000 2
660 228 3 8192 2.000000000 2
660 252 3 8192 2.000000000 2
660 288 3 8192 2.000000000 2
660 508 3 8192 2.000000000 2
660 548 3 8192 2.000000000 2
660 568 3 8192 2.000000000 2
660 664 3 8192 2.000000000 2
660 676 3 8192 2.000000000 2
660 732 3 8192 2.000000000 2
660 836 3 8192 2.000000000 2
660 896 3 8192 2.000000000 2
660 936 3 8192 2.000000000 2
664 8 3 8192 2.000000000 2
664 20 3 8192 2.000000000 2
664 72 3 8192 2.000000000 2
664 100 3 8192 2.000000000 2
664 156 3 8192 2.000000000 2
664 172 3 8192 2.000000000 2
664 272 3 8192 2.000000000 2
664 492 3 8192 2.000000000 2
664 504 3 8192 2.000000000 2
664 592 3 8192 2.000000000 2
664 632 3 8192 2.000000000 2
664 780 3 8192 2.000000000 2
664 960 3 8192 2.000000000 2
664 1008 3 8192 2.000000000 2
664 1064 3 8192 2.000000000 2
664 1096 3 8192 2.000000000 2
664 1148 3 8192 2.000000000 2
664 1232 3 8192 2.000000000 2
664 1236 3 8192 2.000000000 2
664 1276 3 8192 2.000000000 2
668 20 3 8192 2.000000000 2
668 52 3 8192 2.000000000 2
668 148 3 8192 2.000000000 2
668 408 3 8192 2.000000000 2
668 500 3 8192 2.000000000 2
668 568 3 8192 2.000000000 2
668 676 3 8192 2.000000000 2
668 736 3 8192 2.000000000 2
668 1032 3 8192 2.000000000 2
668 1160 3 8192 2.000000000 2
668 1168 3 8192 2.000000000 2
668 1236 3 8192 2.000000000 2
668 1240 3 8192 2.000000000 2
668 1244 3 8192 2.000000000 2
672 20 3 8192 2.000000000 2
672 252 3 8192 2.000000000 2
672 420 3 8192 2.000000000 2
672 472 3 8192 2.000000000 2
672 608 3 8192 2.000000000 2
672 644 3 8192 2.000000000 2
672 812 3 8192 2.000000000 2
672 836 3 8192 2.000000000 2
672 948 3 8192 2.000000000 2
672 972 3 8192 2.000000000 2
672 1008 3 8192 2.000000000 2
672 1020 3 8192 2.000000000 2
672 1188 3 8192 2.000000000 2
676 104 3 8192 2.000000000 2
676 216 3 8192 2.000000000 2
676 460 3 8192 2.000000000 2
676 580 3 8192 2.000000000 2
676 696 3 8192 2.000000000 2
676 712 3 8192 2.000000000 2
676 852 3 8192 2.000000000 2
676 896 3 8192 2.000000000 2
676 920 3 8192 2.000000000 2
676 928 3 8192 2.000000000 2
676 944 3 8192 2.000000000 2
676 1004 3 8192 2.000000000 2
676 1072 3 8192 2.000000000 2
676 1168 3 8192 2.000000000 2
676 1176 3 8192 2.000000000 2
684 24 3 8192 2.000000000 2
684 76 3 8192 2.000000000 2
684 208 3 8192 2.000000000 2
684 216 3 8192 2.000000000 2
684 260 3 8192 2.000000000 2
684 288 3 8192 2.000000000 2
684 320 3 8192 2.000000000 2
684 396 3 8192 2.000000000 2
684 516 3 8192 2.000000000 2
684 548 3 8192 2.000000000 2
684 556 3 8192 2.000000000 2
684 660 3 8192 2.000000000 2
684 692 3 8192 2.000000000 2
684 732 3 8192 2.000000000 2
684 860 3 8192 2.000000000 2
684 880 3 8192 2.000000000 2
684 948 3 8192 2.000000000 2
684 1120 3 8192 2.000000000 2
684 1160 3 8192 2.000000000 2
684 1188 3 8192 2.000000000 2
688 152 3 8192 2.000000000 2
688 328 3 8192 2.000000000 2
688 360 3 8192 2.000000000 2
688 432 3 8192 2.000000000 2
688 448 3 8192 2.000000000 2
688 464 3 8192 2.000000000 2
688 508 3 8192 2.000000000 2
688 520 3 8192 2.000000000 2
688 560 3 8192 2.000000000 2
688 728 3 8192 2.000000000 2
688 752 3 8192 2.000000000 2
688 804 3 8192 2.000000000 2
688 880 3 8192 2.000000000 2
688 1024 3 8192 2.000000000 2
688 1068 3 8192 2.000000000 2
688 1140 3 8192 2.000000000 2
688 1192 3 8192 2.000000000 2
692 100 3 8192 2.000000000 2
692 144 3 8192 2.000000000 2
692 172 3 8192 2.000000000 2
692 256 3 8192 2.000000000 2
692 324 3 8192 2.000000000 2
692 604 3 8192 2.000000000 2
692 608 3 8192 2.000000000 2
692 640 3 8192 2.000000000 2
692 672 3 8192 2.000000000 2
692 684 3 8192 2.000000000 2
692 756 3 8192 2.000000000 2
692 864 3 8192 2.000000000 2
692 872 3 8192 2.000000000 2
692 916 3 8192 2.000000000 2
692 1096 3 8192 2.000000000 2
692 1168 3 8192 2.000000000 2
692 1176 3 8192 2.000000000 2
692 1196 3 8192 2.000000000 2
692 1236 3 8192 2.000000000 2
692 1244 3 8192 2.000000000 2
692 1276 3 8192 2.000000000 2
696 72 3 8192 2.000000000 2
696 88 3 8192 2.000000000 2
696 160 3 8192 2.000000000 2
696 280 3 8192 2.000000000 2
696 324 3 8192 2.000000000 2
696 428 3 8192 2.000000000 2
696 544 3 8192 2.000000000 2
696 644 3 8192 2.000000000 2
696 824 3 8192 2.000000000 2
696 896 3 8192 2.000000000 2
696 912 3 8192 2.000000000 2
696 996 3 8192 2.000000000 2
696 1012 3 8192 2.000000000 2
696 1088 3 8192 2.000000000 2
696 1220 3 8192 2.000000000 2
696 1228 3 8192 2.000000000 2
696 1260 3 8192 2.000000000 2
700 0 3 8192 2.000000000 2
700 8 3 8192 2.000000000 2
700 40 3 8192 2.000000000 2
700 52 3 8192 2.000000000 2
700 224 3 8192 2.000000000 2
700 280 3 8192 2.000000000 2
700 512 3 8192 2.000000000 2
700 532 3 8192 2.000000000 2
700 696 3 8192 2.000000000 2
700 800 3 8192 2.000000000 2
700 824 3 8192 2.000000000 2
700 832 3 8192 2.000000000 2
704 244 3 8192 2.000000000 2
704 268 3 8192 2.000000000 2
704 368 3 8192 2.000000000 2
704 460 3 8192 2.000000000 2
704 484 3 8192 2.000000000 2
704 756 3 8192 2.000000000 2
704 980 3 8192 2.000000000 2
704 1136 3 8192 2.000000000 2
704 1272 3 8192 2.000000000 2
708 16 3 8192 2.000000000 2
708 204 3 8192 2.000000000 2
708 212 3 8192 2.000000000 2
708 296 3 8192 2.000000000 2
708 364 3 8192 2.000000000 2
708 368 3 8192 2.000000000 2
708 440 3 8192 2.000000000 2
708 464 3 8192 2.000000000 2
708 468 3 8192 2.000000000 2
708 480 3 8192 2.000000000 2
708 604 3 8192 2.000000000 2
708 744 3 8192 2.000000000 2
708 1060 3 8192 2.000000000 2
708 1068 3 8192 2.000000000 2
708 1092 3 8192 2.000000000 2
708 1244 3 8192 2.000000000 2
708 1252 3 8192 2.000000000 2
712 80 3 8192 2.000000000 2
712 152 3 8192 2.000000000 2
712 256 3 8192 2.000000000 2
712 328 3 8192 2.000000000 2
712 348 3 8192 2.000000000 2
712 496 3 8192 2.000000000 2
712 708 3 8192 2.000000000 2
712 808 3 8192 2.000000000 2
712 884 3 8192 2.000000000 2
712 944 3 8192 2.000000000 2
712 1024 3 8192 2.000000000 2
712 1140 3 8192 2.000000000 2
716 8 3 8192 2.000000000 2
716 32 3 8192 2.000000000 2
716 116 3 8192 2.000000000 2
716 172 3 8192 2.000000000 2
716 180 3 8192 2.000000000 2
716 256 3 8192 2.000000000 2
716 268 3 8192 2.000000000 2
716 412 3 8192 2.000000000 2
716 456 3 8192 2.000000000 2
716 532 3 8192 2.000000000 2
716 624 3 8192 2.000000000 2
716 660 3 8192 2.000000000 2
716 904 3 8192 2.000000000 2
716 912 3 8192 2.000000000 2
716 980 3 8192 2.000000000 2
716 1092 3 8192 2.000000000 2
716 1096 3 8192 2.000000000 2
716 1132 3 8192 2.000000000 2
716 1168 3 8192 2.000000000 2
716 1192 3 8192 2.000000000 2
724 24 3 8192 2.000000000 2
724 40 3 8192 2.000000000 2
724 76 3 8192 2.000000000 2
724 124 3 8192 2.000000000 2
724 288 3 8192 2.000000000 2
724 644 3 8192 2.000000000 2
724 900 3 8192 2.000000000 2
724 984 3 8192 2.000000000 2
724 1068 3 8192 2.000000000 2
724 1080 3 8192 2.000000000 2
724 1084 3 8192 2.000000000 2
724 1136 3 8192 2.000000000 2
724 1216 3 8192 2.000000000 2
724 1240 3 8192 2.000000000 2
728 4 3 8192 2.000000000 2
728 32 3 8192 2.000000000 2
728 144 3 8192 2.000000000 2
728 200 3 8192 2.000000000 2
728 204 3 8192 2.000000000 2
728 268 3 8192 2.000000000 2
728 296 3 8192 2.000000000 2
728 300 3 8192 2.000000000 2
728 408 3 8192 2.000000000 2
728 496 3 8192 2.000000000 2
728 504 3 8192 2.000000000 2
728 524 3 8192 2.000000000 2
728 580 3 8192 2.000000000 2
728 592 3 8192 2.000000000 2
728 832 3 8192 2.000000000 2
728 840 3 8192 2.000000000 2
728 1104 3 8192 2.000000000 2
728 1160 3 8192 2.000000000 2
728 1172 3 8192 2.000000000 2
732 68 3 8192 2.000000000 2
732 100 3 8192 2.000000000 2
732 256 3 8192 2.000000000 2
732 472 3 8192 2.000000000 2
732 688 3 8192 2.000000000 2
732 692 3 8192 2.000000000 2
732 756 3 8192 2.000000000 2
732 780 3 8192 2.000000000 2
732 840 3 8192 2.000000000 2
732 920 3 8192 2.000000000 2
732 936 3 8192 2.000000000 2
732 968 3 8192 2.000000000 2
732 1076 3 8192 2.000000000 2
732 1120 3 8192 2.000000000 2
732 1128 3 8192 2.000000000 2
732 1164 3 8192 2.000000000 2
736 60 3 8192 2.000000000 2
736 184 3 8192 2.000000000 2
736 204 3 8192 2.000000000 2
736 300 3 8192 2.000000000 2
736 424 3 8192 2.000000000 2
736 428 3 8192 2.000000000 2
736 448 3 8192 2.000000000 2
736 492 3 8192 2.000000000 2
736 508 3 8192 2.000000000 2
736 836 3 8192 2.000000000 2
736 840 3 8192 2.000000000 2
736 848 3 8192 2.000000000 2
736 916 3 8192 2.000000000 2
736 980 3 8192 2.000000000 2
736 1072 3 8192 2.000000000 2
736 1080 3 8192 2.000000000 2
736 1116 3 8192 2.000000000 2
736 1172 3 8192 2.000000000 2
744 136 3 8192 2.000000000 2
744 212 3 8192 2.000000000 2
744 220 3 8192 2.000000000 2
744 224 3 8192 2.000000000 2
744 232 3 8192 2.000000000 2
744 396 3 8192 2.000000000 2
744 444 3 8192 2.000000000 2
744 448 3 8192 2.000000000 2
744 492 3 8192 2.000000000 2
744 500 3 8192 2.000000000 2
744 640 3 8192 2.000000000 2
744 672 3 8192 2.000000000 2
744 800 3 8192 2.000000000 2
744 916 3 8192 2.000000000 2
744 920 3 8192 2.000000000 2
744 948 3 8192 2.000000000 2
744 1100 3 8192 2.000000000 2
744 1172 3 8192 2.000000000 2
752 120 3 8192 2.000000000 2
752 164 3 8192 2.000000000 2
752 208 3 8192 2.000000000 2
752 252 3 8192 2.000000000 2
752 460 3 8192 2.000000000 2
752 544 3 8192 2.000000000 2
752 592 3 8192 2.000000000 2
752 700 3 8192 2.000000000 2
752 860 3 8192 2.000000000 2
752 880 3 8192 2.000000000 2
752 1008 3 8192 2.000000000 2
752 1128 3 8192 2.000000000 2
752 1196 3 8192 2.000000000 2
752 1276 3 8192 2.000000000 2
756 0 3 8192 2.000000000 2
756 132 3 8192 2.000000000 2
756 220 3 8192 2.000000000 2
756 224 3 8192 2.000000000 2
756 312 3 8192 2.000000000 2
756 368 3 8192 2.000000000 2
756 424 3 8192 2.000000000 2
756 456 3 8192 2.000000000 2
756 676 3 8192 2.000000000 2
756 792 3 8192 2.000000000 2
756 832 3 8192 2.000000000 2
756 892 3 8192 2.000000000 2
756 900 3 8192 2.000000000 2
756 1032 3 8192 2.000000000 2
756 1080 3 8192 2.000000000 2
756 1152 3 8192 2.000000000 2
756 1156 3 8192 2.000000000 2
760 52 3 8192 2.000000000 2
760 72 3 8192 2.000000000 2
760 104 3 8192 2.000000000 2
760 184 3 8192 2.000000000 2
760 264 3 8192 2.000000000 2
760 272 3 8192 2.000000000 2
760 276 3 8192 2.000000000 2
760 496 3 8192 2.000000000 2
760 512 3 8192 2.000000000 2
760 520 3 8192 2.000000000 2
760 560 3 8192 2.000000000 2
760 700 3 8192 2.000000000 2
760 832 3 8192 2.000000000 2
760 900 3 8192 2.000000000 2
760 1056 3 8192 2.000000000 2
760 1164 3 8192 2.000000000 2
760 1252 3 8192 2.000000000 2
768 12 3 8192 2.000000000 2
768 200 3 8192 2.000000000 2
768 264 3 8192 2.000000000 2
768 300 3 8192 2.000000000 2
768 468 3 8192 2.000000000 2
768 496 3 8192 2.000000000 2
768 520 3 8192 2.000000000 2
768 600 3 8192 2.000000000 2
768 672 3 8192 2.000000000 2
768 900 3 8192 2.000000000 2
768 936 3 8192 2.000000000 2
768 1052 3 8192 2.000000000 2
768 1060 3 8192 2.000000000 2
768 1076 3 8192 2.000000000 2
768 1148 3 8192 2.000000000 2
768 1236 3 8192 2.000000000 2
768 1240 3 8192 2.000000000 2
780 136 3 8192 2.000000000 2
780 160 3 8192 2.000000000 2
780 264 3 8192 2.000000000 2
780 420 3 8192 2.000000000 2
780 432 3 8192 2.000000000 2
780 572 3 8192 2.000000000 2
780 756 3 8192 2.000000000 2
780 864 3 8192 2.000000000 2
780 944 3 8192 2.000000000 2
780 988 3 8192 2.000000000 2
780 1032 3 8192 2.000000000 2
780 1036 3 8192 2.000000000 2
780 1104 3 8192 2.000000000 2
780 1220 3 8192 2.000000000 2
780 1244 3 8192 2.000000000 2
780 1272 3 8192 2.000000000 2
784 52 3 8192 2.000000000 2
784 92 3 8192 2.000000000 2
784 184 3 8192 2.000000000 2
784 216 3 8192 2.000000000 2
784 232 3 8192 2.000000000 2
784 316 3 8192 2.000000000 2
784 364 3 8192 2.000000000 2
784 368 3 8192 2.000000000 2
784 460 3 8192 2.000000000 2
784 560 3 8192 2.000000000 2
784 632 3 8192 2.000000000 2
784 836 3 8192 2.000000000 2
784 876 3 8192 2.000000000 2
784 904 3 8192 2.000000000 2
784 1028 3 8192 2.000000000 2
784 1096 3 8192 2.000000000 2
784 1136 3 8192 2.000000000 2
784 1228 3 8192 2.000000000 2
784 1232 3 8192 2.000000000 2
784 1236 3 8192 2.000000000 2
792 32 3 8192 2.000000000 2
792 264 3 8192 2.000000000 2
792 668 3 8192 2.000000000 2
792 696 3 8192 2.000000000 2
792 712 3 8192 2.000000000 2
792 716 3 8192 2.000000000 2
792 1032 3 8192 2.000000000 2
792 1072 3 8192 2.000000000 2
792 1220 3 8192 2.000000000 2
796 88 3 8192 2.000000000 2
796 352 3 8192 2.000000000 2
796 456 3 8192 2.000000000 2
796 488 3 8192 2.000000000 2
796 512 3 8192 2.000000000 2
796 736 3 8192 2.000000000 2
796 892 3 8192 2.000000000 2
796 920 3 8192 2.000000000 2
796 944 3 8192 2.000000000 2
796 1068 3 8192 2.000000000 2
796 1072 3 8192 2.000000000 2
796 1188 3 8192 2.000000000 2
796 1200 3 8192 2.000000000 2
796 1224 3 8192 2.000000000 2
800 148 3 8192 2.000000000 2
800 164 3 8192 2.000000000 2
800 348 3 8192 2.000000000 2
800 364 3 8192 2.000000000 2
800 460 3 8192 2.000000000 2
800 560 3 8192 2.000000000 2
800 700 3 8192 2.000000000 2
800 704 3 8192 2.000000000 2
800 756 3 8192 2.000000000 2
800 820 3 8192 2.000000000 2
800 988 3 8192 2.000000000 2
800 1072 3 8192 2.000000000 2
800 1088 3 8192 2.000000000 2
800 1168 3 8192 2.000000000 2
804 512 3 8192 2.000000000 2
804 604 3 8192 2.000000000 2
804 652 3 8192 2.000000000 2
804 704 3 8192 2.000000000 2
804 712 3 8192 2.000000000 2
804 928 3 8192 2.000000000 2
804 972 3 8192 2.000000000 2
804 1080 3 8192 2.000000000 2
804 1116 3 8192 2.000000000 2
808 24 3 8192 2.000000000 2
808 40 3 8192 2.000000000 2
808 48 3 8192 2.000000000 2
808 344 3 8192 2.000000000 2
808 460 3 8192 2.000000000 2
808 484 3 8192 2.000000000 2
808 504 3 8192 2.000000000 2
808 596 3 8192 2.000000000 2
808 600 3 8192 2.000000000 2
808 716 3 8192 2.000000000 2
808 880 3 8192 2.000000000 2
808 928 3 8192 2.000000000 2
808 936 3 8192 2.000000000 2
808 940 3 8192 2.000000000 2
808 1052 3 8192 2.000000000 2
808 1096 3 8192 2.000000000 2
808 1172 3 8192 2.000000000 2
808 1244 3 8192 2.000000000 2
812 32 3 8192 2.000000000 2
812 52 3 8192 2.000000000 2
812 180 3 8192 2.000000000 2
812 208 3 8192 2.000000000 2
812 236 3 8192 2.000000000 2
812 240 3 8192 2.000000000 2
812 344 3 8192 2.000000000 2
812 600 3 8192 2.000000000 2
812 632 3 8192 2.000000000 2
812 660 3 8192 2.000000000 2
812 756 3 8192 2.000000000 2
812 768 3 8192 2.000000000 2
812 848 3 8192 2.000000000 2
812 876 3 8192 2.000000000 2
812 968 3 8192 2.000000000 2
812 1104 3 8192 2.000000000 2
812 1132 3 8192 2.000000000 2
812 1152 3 8192 2.000000000 2
812 1156 3 8192 2.000000000 2
812 1188 3 8192 2.000000000 2
816 12 3 8192 2.000000000 2
816 300 3 8192 2.000000000 2
816 480 3 8192 2.000000000 2
816 524 3 8192 2.000000000 2
816 672 3 8192 2.000000000 2
816 684 3 8192 2.000000000 2
816 760 3 8192 2.000000000 2
816 860 3 8192 2.000000000 2
816 872 3 8192 2.000000000 2
816 1056 3 8192 2.000000000 2
816 1128 3 8192 2.000000000 2
816 1184 3 8192 2.000000000 2
816 1200 3 8192 2.000000000 2
816 1224 3 8192 2.000000000 2
820 260 3 8192 2.000000000 2
820 292 3 8192 2.000000000 2
820 312 3 8192 2.000000000 2
820 324 3 8192 2.000000000 2
820 464 3 8192 2.000000000 2
820 472 3 8192 2.000000000 2
820 488 3 8192 2.000000000 2
820 548 3 8192 2.000000000 2
820 552 3 8192 2.000000000 2
820 560 3 8192 2.000000000 2
820 580 3 8192 2.000000000 2
820 632 3 8192 2.000000000 2
820 640 3 8192 2.000000000 2
820 712 3 8192 2.000000000 2
820 784 3 8192 2.000000000 2
820 920 3 8192 2.000000000 2
820 1012 3 8192 2.000000000 2
820 1028 3 8192 2.000000000 2
820 1084 3 8192 2.000000000 2
820 1184 3 8192 2.000000000 2
820 1240 3 8192 2.000000000 2
820 1256 3 8192 2.000000000 2
824 4 3 8192 2.000000000 2
824 76 3 8192 2.000000000 2
824 88 3 8192 2.000000000 2
824 100 3 8192 2.000000000 2
824 164 3 8192 2.000000000 2
824 272 3 8192 2.000000000 2
824 352 3 8192 2.000000000 2
824 384 3 8192 2.000000000 2
824 512 3 8192 2.000000000 2
824 536 3 8192 2.000000000 2
824 568 3 8192 2.000000000 2
824 664 3 8192 2.000000000 2
824 708 3 8192 2.000000000 2
824 744 3 8192 2.000000000 2
824 784 3 8192 2.000000000 2
824 912 3 8192 2.000000000 2
824 948 3 8192 2.000000000 2
824 988 3 8192 2.000000000 2
824 1064 3 8192 2.000000000 2
824 1100 3 8192 2.000000000 2
824 1240 3 8192 2.000000000 2
832 256 3 8192 2.000000000 2
832 272 3 8192 2.000000000 2
832 428 3 8192 2.000000000 2
832 456 3 8192 2.000000000 2
832 488 3 8192 2.000000000 2
832 508 3 8192 2.000000000 2
832 516 3 8192 2.000000000 2
832 520 3 8192 2.000000000 2
832 572 3 8192 2.000000000 2
832 580 3 8192 2.000000000 2
832 712 3 8192 2.000000000 2
832 888 3 8192 2.000000000 2
832 1008 3 8192 2.000000000 2
832 1048 3 8192 2.000000000 2
832 1052 3 8192 2.000000000 2
832 1232 3 8192 2.000000000 2
836 44 3 8192 2.000000000 2
836 204 3 8192 2.000000000 2
836 412 3 8192 2.000000000 2
836 444 3 8192 2.000000000 2
836 524 3 8192 2.000000000 2
836 592 3 8192 2.000000000 2
836 596 3 8192 2.000000000 2
836 624 3 8192 2.000000000 2
836 728 3 8192 2.000000000 2
836 864 3 8192 2.000000000 2
836 868 3 8192 2.000000000 2
836 900 3 8192 2.000000000 2
836 940 3 8192 2.000000000 2
836 984 3 8192 2.000000000 2
836 1052 3 8192 2.000000000 2
836 1120 3 8192 2.000000000 2
840 68 3 8192 2.000000000 2
840 152 3 8192 2.000000000 2
840 160 3 8192 2.000000000 2
840 204 3 8192 2.000000000 2
840 232 3 8192 2.000000000 2
840 312 3 8192 2.000000000 2
840 348 3 8192 2.000000000 2
840 360 3 8192 2.000000000 2
840 424 3 8192 2.000000000 2
840 444 3 8192 2.000000000 2
840 476 3 8192 2.000000000 2
840 492 3 8192 2.000000000 2
840 520 3 8192 2.000000000 2
840 532 3 8192 2.000000000 2
840 572 3 8192 2.000000000 2
840 728 3 8192 2.000000000 2
840 796 3 8192 2.000000000 2
840 904 3 8192 2.000000000 2
840 1036 3 8192 2.000000000 2
848 8 3 8192 2.000000000 2
848 16 3 8192 2.000000000 2
848 84 3 8192 2.000000000 2
848 100 3 8192 2.000000000 2
848 124 3 8192 2.000000000 2
848 252 3 8192 2.000000000 2
848 368 3 8192 2.000000000 2
848 428 3 8192 2.000000000 2
848 468 3 8192 2.000000000 2
848 528 3 8192 2.000000000 2
848 548 3 8192 2.000000000 2
848 660 3 8192 2.000000000 2
848 708 3 8192 2.000000000 2
848 812 3 8192 2.000000000 2
848 836 3 8192 2.000000000 2
848 916 3 8192 2.000000000 2
848 972 3 8192 2.000000000 2
848 1028 3 8192 2.000000000 2
848 1052 3 8192 2.000000000 2
848 1060 3 8192 2.000000000 2
848 1084 3 8192 2.000000000 2
848 1156 3 8192 2.000000000 2
852 132 3 8192 2.000000000 2
852 312 3 8192 2.000000000 2
852 328 3 8192 2.000000000 2
852 348 3 8192 2.000000000 2
852 548 3 8192 2.000000000 2
852 552 3 8192 2.000000000 2
852 744 3 8192 2.000000000 2
852 768 3 8192 2.000000000 2
852 836 3 8192 2.000000000 2
852 896 3 8192 2.000000000 2
852 968 3 8192 2.000000000 2
852 1012 3 8192 2.000000000 2
852 1116 3 8192 2.000000000 2
852 1136 3 8192 2.000000000 2
860 0 3 8192 2.000000000 2
860 324 3 8192 2.000000000 2
860 384 3 8192 2.000000000 2
860 488 3 8192 2.000000000 2
860 516 3 8192 2.000000000 2
860 524 3 8192 2.000000000 2
860 552 3 8192 2.000000000 2
860 572 3 8192 2.000000000 2
860 604 3 8192 2.000000000 2
860 756 3 8192 2.000000000 2
860 808 3 8192 2.000000000 2
860 868 3 8192 2.000000000 2
860 900 3 8192 2.000000000 2
860 964 3 8192 2.000000000 2
860 1064 3 8192 2.000000000 2
860 1100 3 8192 2.000000000 2
860 1128 3 8192 2.000000000 2
860 1160 3 8192 2.000000000 2
860 1200 3 8192 2.000000000 2
860 1264 3 8192 2.000000000 2
864 12 3 8192 2.000000000 2
864 204 3 8192 2.000000000 2
864 228 3 8192 2.000000000 2
864 316 3 8192 2.000000000 2
864 456 3 8192 2.000000000 2
864 488 3 8192 2.000000000 2
864 512 3 8192 2.000000000 2
864 552 3 8192 2.000000000 2
864 660 3 8192 2.000000000 2
864 716 3 8192 2.000000000 2
864 744 3 8192 2.000000000 2
864 800 3 8192 2.000000000 2
864 840 3 8192 2.000000000 2
864 868 3 8192 2.000000000 2
864 1032 3 8192 2.000000000 2
864 1120 3 8192 2.000000000 2
864 1172 3 8192 2.000000000 2
868 44 3 8192 2.000000000 2
868 288 3 8192 2.000000000 2
868 412 3 8192 2.000000000 2
868 468 3 8192 2.000000000 2
868 536 3 8192 2.000000000 2
868 700 3 8192 2.000000000 2
868 944 3 8192 2.000000000 2
868 1088 3 8192 2.000000000 2
868 1120 3 8192 2.000000000 2
868 1148 3 8192 2.000000000 2
868 1156 3 8192 2.000000000 2
868 1188 3 8192 2.000000000 2
868 1196 3 8192 2.000000000 2
868 1236 3 8192 2.000000000 2
872 20 3 8192 2.000000000 2
872 104 3 8192 2.000000000 2
872 148 3 8192 2.000000000 2
872 224 3 8192 2.000000000 2
872 408 3 8192 2.000000000 2
872 412 3 8192 2.000000000 2
872 532 3 8192 2.000000000 2
872 556 3 8192 2.000000000 2
872 568 3 8192 2.000000000 2
872 684 3 8192 2.000000000 2
872 704 3 8192 2.000000000 2
872 784 3 8192 2.000000000 2
872 888 3 8192 2.000000000 2
872 948 3 8192 2.000000000 2
872 1028 3 8192 2.000000000 2
872 1168 3 8192 2.000000000 2
876 212 3 8192 2.000000000 2
876 240 3 8192 2.000000000 2
876 292 3 8192 2.000000000 2
876 484 3 8192 2.000000000 2
876 864 3 8192 2.000000000 2
876 948 3 8192 2.000000000 2
876 968 3 8192 2.000000000 2
876 1136 3 8192 2.000000000 2
876 1184 3 8192 2.000000000 2
876 1212 3 8192 2.000000000 2
880 20 3 8192 2.000000000 2
880 220 3 8192 2.000000000 2
880 228 3 8192 2.000000000 2
880 320 3 8192 2.000000000 2
880 528 3 8192 2.000000000 2
880 556 3 8192 2.000000000 2
880 572 3 8192 2.000000000 2
880 596 3 8192 2.000000000 2
880 632 3 8192 2.000000000 2
880 812 3 8192 2.000000000 2
880 928 3 8192 2.000000000 2
880 1084 3 8192 2.000000000 2
880 1116 3 8192 2.000000000 2
884 12 3 8192 2.000000000 2
884 44 3 8192 2.000000000 2
884 124 3 8192 2.000000000 2
884 180 3 8192 2.000000000 2
884 272 3 8192 2.000000000 2
884 292 3 8192 2.000000000 2
884 320 3 8192 2.000000000 2
884 344 3 8192 2.000000000 2
884 364 3 8192 2.000000000 2
884 412 3 8192 2.000000000 2
884 532 3 8192 2.000000000 2
884 760 3 8192 2.000000000 2
884 812 3 8192 2.000000000 2
884 888 3 8192 2.000000000 2
884 1076 3 8192 2.000000000 2
884 1132 3 8192 2.000000000 2
884 1164 3 8192 2.000000000 2
884 1184 3 8192 2.000000000 2
888 288 3 8192 2.000000000 2
888 328 3 8192 2.000000000 2
888 440 3 8192 2.000000000 2
888 448 3 8192 2.000000000 2
888 468 3 8192 2.000000000 2
888 632 3 8192 2.000000000 2
888 884 3 8192 2.000000000 2
888 948 3 8192 2.000000000 2
888 1120 3 8192 2.000000000 2
888 1176 3 8192 2.000000000 2
888 1200 3 8192 2.000000000 2
888 1240 3 8192 2.000000000 2
892 136 3 8192 2.000000000 2
892 212 3 8192 2.000000000 2
892 224 3 8192 2.000000000 2
892 256 3 8192 2.000000000 2
892 344 3 8192 2.000000000 2
892 476 3 8192 2.000000000 2
892 504 3 8192 2.000000000 2
892 556 3 8192 2.000000000 2
892 624 3 8192 2.000000000 2
892 784 3 8192 2.000000000 2
892 812 3 8192 2.000000000 2
892 868 3 8192 2.000000000 2
892 888 3 8192 2.000000000 2
892 916 3 8192 2.000000000 2
892 960 3 8192 2.000000000 2
892 1008 3 8192 2.000000000 2
892 1032 3 8192 2.000000000 2
892 1120 3 8192 2.000000000 2
892 1152 3 8192 2.000000000 2
892 1172 3 8192 2.000000000 2
892 1232 3 8192 2.000000000 2
892 1240 3 8192 2.000000000 2
892 1252 3 8192 2.000000000 2
896 60 3 8192 2.000000000 2
896 76 3 8192 2.000000000 2
896 156 3 8192 2.000000000 2
896 460 3 8192 2.000000000 2
896 556 3 8192 2.000000000 2
896 632 3 8192 2.000000000 2
896 668 3 8192 2.000000000 2
896 744 3 8192 2.000000000 2
896 760 3 8192 2.000000000 2
896 792 3 8192 2.000000000 2
896 824 3 8192 2.000000000 2
896 904 3 8192 2.000000000 2
896 980 3 8192 2.000000000 2
896 1020 3 8192 2.000000000 2
896 1032 3 8192 2.000000000 2
896 1104 3 8192 2.000000000 2
896 1188 3 8192 2.000000000 2
896 1224 3 8192 2.000000000 2
900 8 3 8192 2.000000000 2
900 24 3 8192 2.000000000 2
900 84 3 8192 2.000000000 2
900 120 3 8192 2.000000000 2
900 268 3 8192 2.000000000 2
900 304 3 8192 2.000000000 2
900 360 3 8192 2.000000000 2
900 392 3 8192 2.000000000 2
900 412 3 8192 2.000000000 2
900 572 3 8192 2.000000000 2
900 880 3 8192 2.000000000 2
900 972 3 8192 2.000000000 2
900 1172 3 8192 2.000000000 2
900 1188 3 8192 2.000000000 2
904 44 3 8192 2.000000000 2
904 132 3 8192 2.000000000 2
904 200 3 8192 2.000000000 2
904 256 3 8192 2.000000000 2
904 312 3 8192 2.000000000 2
904 448 3 8192 2.000000000 2
904 500 3 8192 2.000000000 2
904 572 3 8192 2.000000000 2
904 600 3 8192 2.000000000 2
904 616 3 8192 2.000000000 2
904 640 3 8192 2.000000000 2
904 712 3 8192 2.000000000 2
904 800 3 8192 2.000000000 2
904 872 3 8192 2.000000000 2
904 888 3 8192 2.000000000 2
904 1052 3 8192 2.000000000 2
904 1068 3 8192 2.000000000 2
904 1192 3 8192 2.000000000 2
912 120 3 8192 2.000000000 2
912 228 3 8192 2.000000000 2
912 292 3 8192 2.000000000 2
912 352 3 8192 2.000000000 2
912 440 3 8192 2.000000000 2
912 448 3 8192 2.000000000 2
912 464 3 8192 2.000000000 2
912 520 3 8192 2.000000000 2
912 588 3 8192 2.000000000 2
912 644 3 8192 2.000000000 2
912 712 3 8192 2.000000000 2
912 756 3 8192 2.000000000 2
912 808 3 8192 2.000000000 2
912 816 3 8192 2.000000000 2
912 824 3 8192 2.000000000 2
912 832 3 8192 2.000000000 2
912 872 3 8192 2.000000000 2
912 996 3 8192 2.000000000 2
912 1116 3 8192 2.000000000 2
916 4 3 8192 2.000000000 2
916 24 3 8192 2.000000000 2
916 136 3 8192 2.000000000 2
916 184 3 8192 2.000000000 2
916 200 3 8192 2.000000000 2
916 256 3 8192 2.000000000 2
916 324 3 8192 2.000000000 2
916 328 3 8192 2.000000000 2
916 440 3 8192 2.000000000 2
916 556 3 8192 2.000000000 2
916 624 3 8192 2.000000000 2
916 816 3 8192 2.000000000 2
916 820 3 8192 2.000000000 2
916 1060 3 8192 2.000000000 2
916 1152 3 8192 2.000000000 2
916 1240 3 8192 2.000000000 2
916 1260 3 8192 2.000000000 2
920 72 3 8192 2.000000000 2
920 76 3 8192 2.000000000 2
920 220 3 8192 2.000000000 2
920 276 3 8192 2.000000000 2
920 320 3 8192 2.000000000 2
920 352 3 8192 2.000000000 2
920 524 3 8192 2.000000000 2
920 644 3 8192 2.000000000 2
920 804 3 8192 2.000000000 2
920 948 3 8192 2.000000000 2
920 1008 3 8192 2.000000000 2
920 1020 3 8192 2.000000000 2
920 1256 3 8192 2.000000000 2
920 1260 3 8192 2.000000000 2
920 1264 3 8192 2.000000000 2
928 88 3 8192 2.000000000 2
928 108 3 8192 2.000000000 2
928 208 3 8192 2.000000000 2
928 236 3 8192 2.000000000 2
928 292 3 8192 2.000000000 2
928 304 3 8192 2.000000000 2
928 396 3 8192 2.000000000 2
928 664 3 8192 2.000000000 2
928 684 3 8192 2.000000000 2
928 700 3 8192 2.000000000 2
928 728 3 8192 2.000000000 2
928 848 3 8192 2.000000000 2
928 880 3 8192 2.000000000 2
928 1004 3 8192 2.000000000 2
928 1076 3 8192 2.000000000 2
928 1128 3 8192 2.000000000 2
928 1160 3 8192 2.000000000 2
936 40 3 8192 2.000000000 2
936 200 3 8192 2.000000000 2
936 208 3 8192 2.000000000 2
936 228 3 8192 2.000000000 2
936 664 3 8192 2.000000000 2
936 904 3 8192 2.000000000 2
936 1008 3 8192 2.000000000 2
936 1056 3 8192 2.000000000 2
936 1064 3 8192 2.000000000 2
936 1112 3 8192 2.000000000 2
936 1116 3 8192 2.000000000 2
936 1152 3 8192 2.000000000 2
936 1212 3 8192 2.000000000 2
936 1244 3 8192 2.000000000 2
936 1256 3 8192 2.000000000 2
940 40 3 8192 2.000000000 2
940 180 3 8192 2.000000000 2
940 204 3 8192 2.000000000 2
940 292 3 8192 2.000000000 2
940 352 3 8192 2.000000000 2
940 396 3 8192 2.000000000 2
940 536 3 8192 2.000000000 2
940 604 3 8192 2.000000000 2
940 632 3 8192 2.000000000 2
940 644 3 8192 2.000000000 2
940 688 3 8192 2.000000000 2
940 780 3 8192 2.000000000 2
940 972 3 8192 2.000000000 2
940 1008 3 8192 2.000000000 2
940 1084 3 8192 2.000000000 2
940 1128 3 8192 2.000000000 2
940 1156 3 8192 2.000000000 2
940 1276 3 8192 2.000000000 2
944 72 3 8192 2.000000000 2
944 80 3 8192 2.000000000 2
944 100 3 8192 2.000000000 2
944 220 3 8192 2.000000000 2
944 272 3 8192 2.000000000 2
944 536 3 8192 2.000000000 2
944 560 3 8192 2.000000000 2
944 580 3 8192 2.000000000 2
944 632 3 8192 2.000000000 2
944 684 3 8192 2.000000000 2
944 744 3 8192 2.000000000 2
944 784 3 8192 2.000000000 2
944 796 3 8192 2.000000000 2
944 832 3 8192 2.000000000 2
944 880 3 8192 2.000000000 2
944 888 3 8192 2.000000000 2
944 912 3 8192 2.000000000 2
944 940 3 8192 2.000000000 2
944 1004 3 8192 2.000000000 2
944 1032 3 8192 2.000000000 2
944 1048 3 8192 2.000000000 2
944 1084 3 8192 2.000000000 2
944 1172 3 8192 2.000000000 2
944 1176 3 8192 2.000000000 2
948 40 3 8192 2.000000000 2
948 120 3 8192 2.000000000 2
948 236 3 8192 2.000000000 2
948 272 3 8192 2.000000000 2
948 320 3 8192 2.000000000 2
948 424 3 8192 2.000000000 2
948 644 3 8192 2.000000000 2
948 688 3 8192 2.000000000 2
948 780 3 8192 2.000000000 2
948 792 3 8192 2.000000000 2
948 804 3 8192 2.000000000 2
948 816 3 8192 2.000000000 2
948 820 3 8192 2.000000000 2
948 876 3 8192 2.000000000 2
948 980 3 8192 2.000000000 2
948 1032 3 8192 2.000000000 2
948 1196 3 8192 2.000000000 2
948 1240 3 8192 2.000000000 2
960 8 3 8192 2.000000000 2
960 48 3 8192 2.000000000 2
960 156 3 8192 2.000000000 2
960 240 3 8192 2.000000000 2
960 256 3 8192 2.000000000 2
960 512 3 8192 2.000000000 2
960 536 3 8192 2.000000000 2
960 560 3 8192 2.000000000 2
960 688 3 8192 2.000000000 2
960 708 3 8192 2.000000000 2
960 860 3 8192 2.000000000 2
960 948 3 8192 2.000000000 2
960 1132 3 8192 2.000000000 2
960 1148 3 8192 2.000000000 2
960 1156 3 8192 2.000000000 2
960 1172 3 8192 2.000000000 2
960 1220 3 8192 2.000000000 2
964 4 3 8192 2.000000000 2
964 68 3 8192 2.000000000 2
964 92 3 8192 2.000000000 2
964 104 3 8192 2.000000000 2
964 208 3 8192 2.000000000 2
964 220 3 8192 2.000000000 2
964 288 3 8192 2.000000000 2
964 304 3 8192 2.000000000 2
964 516 3 8192 2.000000000 2
964 596 3 8192 2.000000000 2
964 616 3 8192 2.000000000 2
964 716 3 8192 2.000000000 2
964 744 3 8192 2.000000000 2
964 752 3 8192 2.000000000 2
964 852 3 8192 2.000000000 2
964 996 3 8192 2.000000000 2
964 1004 3 8192 2.000000000 2
964 1012 3 8192 2.000000000 2
964 1036 3 8192 2.000000000 2
964 1068 3 8192 2.000000000 2
964 1096 3 8192 2.000000000 2
964 1132 3 8192 2.000000000 2
968 52 3 8192 2.000000000 2
968 60 3 8192 2.000000000 2
968 220 3 8192 2.000000000 2
968 276 3 8192 2.000000000 2
968 280 3 8192 2.000000000 2
968 384 3 8192 2.000000000 2
968 552 3 8192 2.000000000 2
968 600 3 8192 2.000000000 2
968 692 3 8192 2.000000000 2
968 728 3 8192 2.000000000 2
968 872 3 8192 2.000000000 2
968 904 3 8192 2.000000000 2
968 1048 3 8192 2.000000000 2
968 1160 3 8192 2.000000000 2
968 1228 3 8192 2.000000000 2
972 8 3 8192 2.000000000 2
972 104 3 8192 2.000000000 2
972 228 3 8192 2.000000000 2
972 296 3 8192 2.000000000 2
972 300 3 8192 2.000000000 2
972 384 3 8192 2.000000000 2
972 480 3 8192 2.000000000 2
972 548 3 8192 2.000000000 2
972 732 3 8192 2.000000000 2
972 872 3 8192 2.000000000 2
972 900 3 8192 2.000000000 2
972 920 3 8192 2.000000000 2
972 1012 3 8192 2.000000000 2
972 1064 3 8192 2.000000000 2
972 1080 3 8192 2.000000000 2
972 1164 3 8192 2.000000000 2
972 1220 3 8192 2.000000000 2
980 4 3 8192 2.000000000 2
980 32 3 8192 2.000000000 2
980 124 3 8192 2.000000000 2
980 160 3 8192 2.000000000 2
980 180 3 8192 2.000000000 2
980 272 3 8192 2.000000000 2
980 312 3 8192 2.000000000 2
980 344 3 8192 2.000000000 2
980 616 3 8192 2.000000000 2
980 940 3 8192 2.000000000 2
980 944 3 8192 2.000000000 2
984 4 3 8192 2.000000000 2
984 132 3 8192 2.000000000 2
984 196 3 8192 2.000000000 2
984 208 3 8192 2.000000000 2
984 216 3 8192 2.000000000 2
984 252 3 8192 2.000000000 2
984 272 3 8192 2.000000000 2
984 304 3 8192 2.000000000 2
984 440 3 8192 2.000000000 2
984 464 3 8192 2.000000000 2
984 500 3 8192 2.000000000 2
984 640 3 8192 2.000000000 2
984 660 3 8192 2.000000000 2
984 800 3 8192 2.000000000 2
984 804 3 8192 2.000000000 2
984 872 3 8192 2.000000000 2
984 892 3 8192 2.000000000 2
984 916 3 8192 2.000000000 2
984 964 3 8192 2.000000000 2
984 972 3 8192 2.000000000 2
984 1012 3 8192 2.000000000 2
984 1068 3 8192 2.000000000 2
984 1092 3 8192 2.000000000 2
984 1276 3 8192 2.000000000 2
988 68 3 8192 2.000000000 2
988 72 3 8192 2.000000000 2
988 164 3 8192 2.000000000 2
988 172 3 8192 2.000000000 2
988 216 3 8192 2.000000000 2
988 300 3 8192 2.000000000 2
988 344 3 8192 2.000000000 2
988 360 3 8192 2.000000000 2
988 440 3 8192 2.000000000 2
988 588 3 8192 2.000000000 2
988 604 3 8192 2.000000000 2
988 624 3 8192 2.000000000 2
988 884 3 8192 2.000000000 2
988 1192 3 8192 2.000000000 2
988 1252 3 8192 2.000000000 2
988 1272 3 8192 2.000000000 2
996 40 3 8192 2.000000000 2
996 76 3 8192 2.000000000 2
996 80 3 8192 2.000000000 2
996 364 3 8192 2.000000000 2
996 428 3 8192 2.000000000 2
996 508 3 8192 2.000000000 2
996 516 3 8192 2.000000000 2
996 640 3 8192 2.000000000 2
996 672 3 8192 2.000000000 2
996 768 3 8192 2.000000000 2
996 784 3 8192 2.000000000 2
996 820 3 8192 2.000000000 2
996 1008 3 8192 2.000000000 2
996 1064 3 8192 2.000000000 2
996 1068 3 8192 2.000000000 2
996 1092 3 8192 2.000000000 2
996 1100 3 8192 2.000000000 2
996 1112 3 8192 2.000000000 2
996 1196 3 8192 2.000000000 2
1004 120 3 8192 2.000000000 2
1004 144 3 8192 2.000000000 2
1004 180 3 8192 2.000000000 2
1004 240 3 8192 2.000000000 2
1004 292 3 8192 2.000000000 2
1004 316 3 8192 2.000000000 2
1004 376 3 8192 2.000000000 2
1004 592 3 8192 2.000000000 2
1004 644 3 8192 2.000000000 2
1004 664 3 8192 2.000000000 2
1004 704 3 8192 2.000000000 2
1004 732 3 8192 2.000000000 2
1004 784 3 8192 2.000000000 2
1004 896 3 8192 2.000000000 2
1004 964 3 8192 2.000000000 2
1004 1060 3 8192 2.000000000 2
1004 1160 3 8192 2.000000000 2
1004 1236 3 8192 2.000000000 2
1004 1272 3 8192 2.000000000 2
1008 84 3 8192 2.000000000 2
1008 92 3 8192 2.000000000 2
1008 152 3 8192 2.000000000 2
1008 172 3 8192 2.000000000 2
1008 236 3 8192 2.000000000 2
1008 280 3 8192 2.000000000 2
1008 408 3 8192 2.000000000 2
1008 448 3 8192 2.000000000 2
1008 524 3 8192 2.000000000 2
1008 672 3 8192 2.000000000 2
1008 708 3 8192 2.000000000 2
1008 820 3 8192 2.000000000 2
1008 896 3 8192 2.000000000 2
1008 928 3 8192 2.000000000 2
1008 948 3 8192 2.000000000 2
1008 1024 3 8192 2.000000000 2
1008 1052 3 8192 2.000000000 2
1008 1064 3 8192 2.000000000 2
1012 96 3 8192 2.000000000 2
1012 196 3 8192 2.000000000 2
1012 200 3 8192 2.000000000 2
1012 224 3 8192 2.000000000 2
1012 292 3 8192 2.000000000 2
1012 428 3 8192 2.000000000 2
1012 448 3 8192 2.000000000 2
1012 520 3 8192 2.000000000 2
1012 536 3 8192 2.000000000 2
1012 836 3 8192 2.000000000 2
1012 912 3 8192 2.000000000 2
1012 928 3 8192 2.000000000 2
1012 1088 3 8192 2.000000000 2
1012 1116 3 8192 2.000000000 2
1012 1168 3 8192 2.000000000 2
1012 1176 3 8192 2.000000000 2
1012 1228 3 8192 2.000000000 2
1012 1260 3 8192 2.000000000 2
1020 48 3 8192 2.000000000 2
1020 212 3 8192 2.000000000 2
1020 220 3 8192 2.000000000 2
1020 244 3 8192 2.000000000 2
1020 384 3 8192 2.000000000 2
1020 464 3 8192 2.000000000 2
1020 508 3 8192 2.000000000 2
1020 948 3 8192 2.000000000 2
1020 1056 3 8192 2.000000000 2
1020 1132 3 8192 2.000000000 2
1020 1232 3 8192 2.000000000 2
1024 124 3 8192 2.000000000 2
1024 244 3 8192 2.000000000 2
1024 252 3 8192 2.000000000 2
1024 440 3 8192 2.000000000 2
1024 516 3 8192 2.000000000 2
1024 524 3 8192 2.000000000 2
1024 532 3 8192 2.000000000 2
1024 640 3 8192 2.000000000 2
1024 700 3 8192 2.000000000 2
1024 756 3 8192 2.000000000 2
1024 916 3 8192 2.000000000 2
1024 948 3 8192 2.000000000 2
1024 972 3 8192 2.000000000 2
1024 1076 3 8192 2.000000000 2
1024 1164 3 8192 2.000000000 2
1028 72 3 8192 2.000000000 2
1028 184 3 8192 2.000000000 2
1028 240 3 8192 2.000000000 2
1028 256 3 8192 2.000000000 2
1028 480 3 8192 2.000000000 2
1028 484 3 8192 2.000000000 2
1028 536 3 8192 2.000000000 2
1028 760 3 8192 2.000000000 2
1028 784 3 8192 2.000000000 2
1028 864 3 8192 2.000000000 2
1028 904 3 8192 2.000000000 2
1028 920 3 8192 2.000000000 2
1028 940 3 8192 2.000000000 2
1028 944 3 8192 2.000000000 2
1028 960 3 8192 2.000000000 2
1028 972 3 8192 2.000000000 2
1028 1024 3 8192 2.000000000 2
1028 1096 3 8192 2.000000000 2
1028 1176 3 8192 2.000000000 2
1028 1228 3 8192 2.000000000 2
1032 228 3 8192 2.000000000 2
1032 328 3 8192 2.000000000 2
1032 368 3 8192 2.000000000 2
1032 432 3 8192 2.000000000 2
1032 472 3 8192 2.000000000 2
1032 508 3 8192 2.000000000 2
1032 516 3 8192 2.000000000 2
1032 852 3 8192 2.000000000 2
1032 972 3 8192 2.000000000 2
1032 1048 3 8192 2.000000000 2
1032 1120 3 8192 2.000000000 2
1032 1228 3 8192 2.000000000 2
1036 48 3 8192 2.000000000 2
1036 80 3 8192 2.000000000 2
1036 88 3 8192 2.000000000 2
1036 396 3 8192 2.000000000 2
1036 468 3 8192 2.000000000 2
1036 496 3 8192 2.000000000 2
1036 672 3 8192 2.000000000 2
1036 684 3 8192 2.000000000 2
1036 708 3 8192 2.000000000 2
1036 852 3 8192 2.000000000 2
1036 880 3 8192 2.000000000 2
1036 900 3 8192 2.000000000 2
1036 984 3 8192 2.000000000 2
1036 1136 3 8192 2.000000000 2
1036 1156 3 8192 2.000000000 2
1036 1216 3 8192 2.000000000 2
1048 24 3 8192 2.000000000 2
1048 32 3 8192 2.000000000 2
1048 200 3 8192 2.000000000 2
1048 252 3 8192 2.000000000 2
1048 260 3 8192 2.000000000 2
1048 440 3 8192 2.000000000 2
1048 544 3 8192 2.000000000 2
1048 696 3 8192 2.000000000 2
1048 736 3 8192 2.000000000 2
1048 756 3 8192 2.000000000 2
1048 784 3 8192 2.000000000 2
1048 916 3 8192 2.000000000 2
1048 980 3 8192 2.000000000 2
1048 1096 3 8192 2.000000000 2
1048 1112 3 8192 2.000000000 2
1052 132 3 8192 2.000000000 2
1052 288 3 8192 2.000000000 2
1052 456 3 8192 2.000000000 2
1052 472 3 8192 2.000000000 2
1052 488 3 8192 2.000000000 2
1052 568 3 8192 2.000000000 2
1052 580 3 8192 2.000000000 2
1052 808 3 8192 2.000000000 2
1052 848 3 8192 2.000000000 2
1052 972 3 8192 2.000000000 2
1052 1032 3 8192 2.000000000 2
1052 1156 3 8192 2.000000000 2
1052 1160 3 8192 2.000000000 2
1052 1224 3 8192 2.000000000 2
1056 64 3 8192 2.000000000 2
1056 104 3 8192 2.000000000 2
1056 124 3 8192 2.000000000 2
1056 164 3 8192 2.000000000 2
1056 212 3 8192 2.000000000 2
1056 216 3 8192 2.000000000 2
1056 272 3 8192 2.000000000 2
1056 536 3 8192 2.000000000 2
1056 832 3 8192 2.000000000 2
1056 872 3 8192 2.000000000 2
1056 1104 3 8192 2.000000000 2
1056 1224 3 8192 2.000000000 2
1056 1264 3 8192 2.000000000 2
1056 1272 3 8192 2.000000000 2
1060 16 3 8192 2.000000000 2
1060 40 3 8192 2.000000000 2
1060 144 3 8192 2.000000000 2
1060 220 3 8192 2.000000000 2
1060 260 3 8192 2.000000000 2
1060 304 3 8192 2.000000000 2
1060 544 3 8192 2.000000000 2
1060 560 3 8192 2.000000000 2
1060 572 3 8192 2.000000000 2
1060 580 3 8192 2.000000000 2
1060 596 3 8192 2.000000000 2
1060 664 3 8192 2.000000000 2
1060 824 3 8192 2.000000000 2
1060 948 3 8192 2.000000000 2
1060 1028 3 8192 2.000000000 2
1060 1100 3 8192 2.000000000 2
1060 1172 3 8192 2.000000000 2
1060 1264 3 8192 2.000000000 2
1064 44 3 8192 2.000000000 2
1064 164 3 8192 2.000000000 2
1064 296 3 8192 2.000000000 2
1064 464 3 8192 2.000000000 2
1064 468 3 8192 2.000000000 2
1064 472 3 8192 2.000000000 2
1064 496 3 8192 2.000000000 2
1064 652 3 8192 2.000000000 2
1064 668 3 8192 2.000000000 2
1064 800 3 8192 2.000000000 2
1064 860 3 8192 2.000000000 2
1064 896 3 8192 2.000000000 2
1064 968 3 8192 2.000000000 2
1064 1084 3 8192 2.000000000 2
1064 1136 3 8192 2.000000000 2
1064 1192 3 8192 2.000000000 2
1068 0 3 8192 2.000000000 2
1068 4 3 8192 2.000000000 2
1068 48 3 8192 2.000000000 2
1068 60 3 8192 2.000000000 2
1068 100 3 8192 2.000000000 2
1068 228 3 8192 2.000000000 2
1068 264 3 8192 2.000000000 2
1068 456 3 8192 2.000000000 2
1068 504 3 8192 2.000000000 2
1068 660 3 8192 2.000000000 2
1068 704 3 8192 2.000000000 2
1068 728 3 8192 2.000000000 2
1068 732 3 8192 2.000000000 2
1068 752 3 8192 2.000000000 2
1068 864 3 8192 2.000000000 2
1068 900 3 8192 2.000000000 2
1068 1088 3 8192 2.000000000 2
1072 84 3 8192 2.000000000 2
1072 132 3 8192 2.000000000 2
1072 280 3 8192 2.000000000 2
1072 304 3 8192 2.000000000 2
1072 456 3 8192 2.000000000 2
1072 460 3 8192 2.000000000 2
1072 568 3 8192 2.000000000 2
1072 592 3 8192 2.000000000 2
1072 676 3 8192 2.000000000 2
1072 812 3 8192 2.000000000 2
1072 852 3 8192 2.000000000 2
1072 968 3 8192 2.000000000 2
1072 972 3 8192 2.000000000 2
1072 1096 3 8192 2.000000000 2
1072 1116 3 8192 2.000000000 2
1072 1136 3 8192 2.000000000 2
1072 1156 3 8192 2.000000000 2
1072 1220 3 8192 2.000000000 2
1076 132 3 8192 2.000000000 2
1076 136 3 8192 2.000000000 2
1076 236 3 8192 2.000000000 2
1076 316 3 8192 2.000000000 2
1076 468 3 8192 2.000000000 2
1076 524 3 8192 2.000000000 2
1076 532 3 8192 2.000000000 2
1076 652 3 8192 2.000000000 2
1076 676 3 8192 2.000000000 2
1076 760 3 8192 2.000000000 2
1076 888 3 8192 2.000000000 2
1076 936 3 8192 2.000000000 2
1076 1100 3 8192 2.000000000 2
1076 1128 3 8192 2.000000000 2
1076 1200 3 8192 2.000000000 2
1076 1220 3 8192 2.000000000 2
1076 1240 3 8192 2.000000000 2
1080 0 3 8192 2.000000000 2
1080 316 3 8192 2.000000000 2
1080 328 3 8192 2.000000000 2
1080 364 3 8192 2.000000000 2
1080 384 3 8192 2.000000000 2
1080 408 3 8192 2.000000000 2
1080 536 3 8192 2.000000000 2
1080 664 3 8192 2.000000000 2
1080 728 3 8192 2.000000000 2
1080 732 3 8192 2.000000000 2
1080 736 3 8192 2.000000000 2
1080 836 3 8192 2.000000000 2
1080 888 3 8192 2.000000000 2
1080 1060 3 8192 2.000000000 2
1080 1276 3 8192 2.000000000 2
1084 124 3 8192 2.000000000 2
1084 132 3 8192 2.000000000 2
1084 136 3 8192 2.000000000 2
1084 144 3 8192 2.000000000 2
1084 164 3 8192 2.000000000 2
1084 224 3 8192 2.000000000 2
1084 296 3 8192 2.000000000 2
1084 300 3 8192 2.000000000 2
1084 344 3 8192 2.000000000 2
1084 592 3 8192 2.000000000 2
1084 660 3 8192 2.000000000 2
1084 712 3 8192 2.000000000 2
1084 836 3 8192 2.000000000 2
1084 988 3 8192 2.000000000 2
1084 1192 3 8192 2.000000000 2
1084 1216 3 8192 2.000000000 2
1088 8 3 8192 2.000000000 2
1088 104 3 8192 2.000000000 2
1088 148 3 8192 2.000000000 2
1088 220 3 8192 2.000000000 2
1088 276 3 8192 2.000000000 2
1088 316 3 8192 2.000000000 2
1088 688 3 8192 2.000000000 2
1088 692 3 8192 2.000000000 2
1088 796 3 8192 2.000000000 2
1088 804 3 8192 2.000000000 2
1088 864 3 8192 2.000000000 2
1088 1136 3 8192 2.000000000 2
1088 1228 3 8192 2.000000000 2
1088 1260 3 8192 2.000000000 2
1088 1264 3 8192 2.000000000 2
1092 72 3 8192 2.000000000 2
1092 196 3 8192 2.000000000 2
1092 288 3 8192 2.000000000 2
1092 328 3 8192 2.000000000 2
1092 460 3 8192 2.000000000 2
1092 652 3 8192 2.000000000 2
1092 676 3 8192 2.000000000 2
1092 820 3 8192 2.000000000 2
1092 928 3 8192 2.000000000 2
1092 1228 3 8192 2.000000000 2
1092 1240 3 8192 2.000000000 2
1092 1264 3 8192 2.000000000 2
1096 136 3 8192 2.000000000 2
1096 208 3 8192 2.000000000 2
1096 280 3 8192 2.000000000 2
1096 328 3 8192 2.000000000 2
1096 396 3 8192 2.000000000 2
1096 440 3 8192 2.000000000 2
1096 492 3 8192 2.000000000 2
1096 528 3 8192 2.000000000 2
1096 604 3 8192 2.000000000 2
1096 624 3 8192 2.000000000 2
1096 676 3 8192 2.000000000 2
1096 760 3 8192 2.000000000 2
1096 988 3 8192 2.000000000 2
1096 1020 3 8192 2.000000000 2
1096 1116 3 8192 2.000000000 2
1096 1184 3 8192 2.000000000 2
1096 1232 3 8192 2.000000000 2
1096 1272 3 8192 2.000000000 2
1100 40 3 8192 2.000000000 2
1100 52 3 8192 2.000000000 2
1100 88 3 8192 2.000000000 2
1100 164 3 8192 2.000000000 2
1100 172 3 8192 2.000000000 2
1100 236 3 8192 2.000000000 2
1100 348 3 8192 2.000000000 2
1100 376 3 8192 2.000000000 2
1100 396 3 8192 2.000000000 2
1100 500 3 8192 2.000000000 2
1100 504 3 8192 2.000000000 2
1100 700 3 8192 2.000000000 2
1100 760 3 8192 2.000000000 2
1100 1020 3 8192 2.000000000 2
1100 1112 3 8192 2.000000000 2
1100 1148 3 8192 2.000000000 2
1104 24 3 8192 2.000000000 2
1104 124 3 8192 2.000000000 2
1104 208 3 8192 2.000000000 2
1104 220 3 8192 2.000000000 2
1104 244 3 8192 2.000000000 2
1104 312 3 8192 2.000000000 2
1104 428 3 8192 2.000000000 2
1104 516 3 8192 2.000000000 2
1104 520 3 8192 2.000000000 2
1104 552 3 8192 2.000000000 2
1104 684 3 8192 2.000000000 2
1104 732 3 8192 2.000000000 2
1104 736 3 8192 2.000000000 2
1104 800 3 8192 2.000000000 2
1104 808 3 8192 2.000000000 2
1104 820 3 8192 2.000000000 2
1104 912 3 8192 2.000000000 2
1104 936 3 8192 2.000000000 2
1104 968 3 8192 2.000000000 2
1104 984 3 8192 2.000000000 2
1104 1116 3 8192 2.000000000 2
1104 1172 3 8192 2.000000000 2
1104 1176 3 8192 2.000000000 2
1104 1220 3 8192 2.000000000 2
1112 68 3 8192 2.000000000 2
1112 84 3 8192 2.000000000 2
1112 148 3 8192 2.000000000 2
1112 320 3 8192 2.000000000 2
1112 344 3 8192 2.000000000 2
1112 476 3 8192 2.000000000 2
1112 508 3 8192 2.000000000 2
1112 512 3 8192 2.000000000 2
1112 660 3 8192 2.000000000 2
1112 664 3 8192 2.000000000 2
1112 688 3 8192 2.000000000 2
1112 692 3 8192 2.000000000 2
1112 744 3 8192 2.000000000 2
1112 796 3 8192 2.000000000 2
1112 912 3 8192 2.000000000 2
1112 1008 3 8192 2.000000000 2
1112 1056 3 8192 2.000000000 2
1112 1200 3 8192 2.000000000 2
1112 1232 3 8192 2.000000000 2
1112 1272 3 8192 2.000000000 2
1116 76 3 8192 2.000000000 2
1116 132 3 8192 2.000000000 2
1116 220 3 8192 2.000000000 2
1116 364 3 8192 2.000000000 2
1116 424 3 8192 2.000000000 2
1116 528 3 8192 2.000000000 2
1116 572 3 8192 2.000000000 2
1116 688 3 8192 2.000000000 2
1116 696 3 8192 2.000000000 2
1116 784 3 8192 2.000000000 2
1116 824 3 8192 2.000000000 2
1116 876 3 8192 2.000000000 2
1116 904 3 8192 2.000000000 2
1116 960 3 8192 2.000000000 2
1116 1052 3 8192 2.000000000 2
1116 1128 3 8192 2.000000000 2
1116 1132 3 8192 2.000000000 2
1120 4 3 8192 2.000000000 2
1120 328 3 8192 2.000000000 2
1120 408 3 8192 2.000000000 2
1120 492 3 8192 2.000000000 2
1120 616 3 8192 2.000000000 2
1120 792 3 8192 2.000000000 2
1120 920 3 8192 2.000000000 2
1120 940 3 8192 2.000000000 2
1120 984 3 8192 2.000000000 2
1120 1060 3 8192 2.000000000 2
1120 1100 3 8192 2.000000000 2
1120 1128 3 8192 2.000000000 2
1128 20 3 8192 2.000000000 2
1128 24 3 8192 2.000000000 2
1128 48 3 8192 2.000000000 2
1128 276 3 8192 2.000000000 2
1128 300 3 8192 2.000000000 2
1128 444 3 8192 2.000000000 2
1128 608 3 8192 2.000000000 2
1128 644 3 8192 2.000000000 2
1128 768 3 8192 2.000000000 2
1128 944 3 8192 2.000000000 2
1128 972 3 8192 2.000000000 2
1128 996 3 8192 2.000000000 2
1128 1020 3 8192 2.000000000 2
1128 1056 3 8192 2.000000000 2
1128 1096 3 8192 2.000000000 2
1128 1188 3 8192 2.000000000 2
1128 1236 3 8192 2.000000000 2
1132 8 3 8192 2.000000000 2
1132 132 3 8192 2.000000000 2
1132 184 3 8192 2.000000000 2
1132 232 3 8192 2.000000000 2
1132 252 3 8192 2.000000000 2
1132 352 3 8192 2.000000000 2
1132 496 3 8192 2.000000000 2
1132 524 3 8192 2.000000000 2
1132 624 3 8192 2.000000000 2
1132 784 3 8192 2.000000000 2
1132 860 3 8192 2.000000000 2
1132 872 3 8192 2.000000000 2
1132 876 3 8192 2.000000000 2
1132 936 3 8192 2.000000000 2
1132 964 3 8192 2.000000000 2
1132 972 3 8192 2.000000000 2
1132 1012 3 8192 2.000000000 2
1132 1116 3 8192 2.000000000 2
1132 1220 3 8192 2.000000000 2
1136 40 3 8192 2.000000000 2
1136 116 3 8192 2.000000000 2
1136 180 3 8192 2.000000000 2
1136 252 3 8192 2.000000000 2
1136 292 3 8192 2.000000000 2
1136 296 3 8192 2.000000000 2
1136 464 3 8192 2.000000000 2
1136 676 3 8192 2.000000000 2
1136 892 3 8192 2.000000000 2
1136 904 3 8192 2.000000000 2
1136 972 3 8192 2.000000000 2
1136 1068 3 8192 2.000000000 2
1136 1080 3 8192 2.000000000 2
1136 1148 3 8192 2.000000000 2
1136 1168 3 8192 2.000000000 2
1140 184 3 8192 2.000000000 2
1140 196 3 8192 2.000000000 2
1140 212 3 8192 2.000000000 2
1140 268 3 8192 2.000000000 2
1140 292 3 8192 2.000000000 2
1140 420 3 8192 2.000000000 2
1140 444 3 8192 2.000000000 2
1140 572 3 8192 2.000000000 2
1140 724 3 8192 2.000000000 2
1140 728 3 8192 2.000000000 2
1140 820 3 8192 2.000000000 2
1140 864 3 8192 2.000000000 2
1140 876 3 8192 2.000000000 2
1140 940 3 8192 2.000000000 2
1140 1060 3 8192 2.000000000 2
1140 1068 3 8192 2.000000000 2
1140 1168 3 8192 2.000000000 2
1148 100 3 8192 2.000000000 2
1148 148 3 8192 2.000000000 2
1148 212 3 8192 2.000000000 2
1148 244 3 8192 2.000000000 2
1148 312 3 8192 2.000000000 2
1148 464 3 8192 2.000000000 2
1148 660 3 8192 2.000000000 2
1148 832 3 8192 2.000000000 2
1148 896 3 8192 2.000000000 2
1148 1076 3 8192 2.000000000 2
1148 1088 3 8192 2.000000000 2
1148 1120 3 8192 2.000000000 2
1148 1140 3 8192 2.000000000 2
1148 1184 3 8192 2.000000000 2
1152 60 3 8192 2.000000000 2
1152 72 3 8192 2.000000000 2
1152 120 3 8192 2.000000000 2
1152 204 3 8192 2.000000000 2
1152 236 3 8192 2.000000000 2
1152 296 3 8192 2.000000000 2
1152 408 3 8192 2.000000000 2
1152 464 3 8192 2.000000000 2
1152 520 3 8192 2.000000000 2
1152 592 3 8192 2.000000000 2
1152 608 3 8192 2.000000000 2
1152 708 3 8192 2.000000000 2
1152 852 3 8192 2.000000000 2
1152 1020 3 8192 2.000000000 2
1152 1036 3 8192 2.000000000 2
1156 160 3 8192 2.000000000 2
1156 180 3 8192 2.000000000 2
1156 296 3 8192 2.000000000 2
1156 384 3 8192 2.000000000 2
1156 460 3 8192 2.000000000 2
1156 480 3 8192 2.000000000 2
1156 484 3 8192 2.000000000 2
1156 604 3 8192 2.000000000 2
1156 616 3 8192 2.000000000 2
1156 692 3 8192 2.000000000 2
1156 944 3 8192 2.000000000 2
1156 968 3 8192 2.000000000 2
1156 1012 3 8192 2.000000000 2
1156 1132 3 8192 2.000000000 2
1156 1172 3 8192 2.000000000 2
1156 1176 3 8192 2.000000000 2
1156 1204 3 8192 2.000000000 2
1156 1232 3 8192 2.000000000 2
1160 72 3 8192 2.000000000 2
1160 84 3 8192 2.000000000 2
1160 116 3 8192 2.000000000 2
1160 180 3 8192 2.000000000 2
1160 224 3 8192 2.000000000 2
1160 300 3 8192 2.000000000 2
1160 392 3 8192 2.000000000 2
1160 512 3 8192 2.000000000 2
1160 596 3 8192 2.000000000 2
1160 728 3 8192 2.000000000 2
1160 732 3 8192 2.000000000 2
1160 784 3 8192 2.000000000 2
1160 800 3 8192 2.000000000 2
1160 812 3 8192 2.000000000 2
1160 872 3 8192 2.000000000 2
1160 904 3 8192 2.000000000 2
1160 936 3 8192 2.000000000 2
1160 1192 3 8192 2.000000000 2
1160 1244 3 8192 2.000000000 2
1164 8 3 8192 2.000000000 2
1164 88 3 8192 2.000000000 2
1164 160 3 8192 2.000000000 2
1164 184 3 8192 2.000000000 2
1164 216 3 8192 2.000000000 2
1164 236 3 8192 2.000000000 2
1164 324 3 8192 2.000000000 2
1164 420 3 8192 2.000000000 2
1164 624 3 8192 2.000000000 2
1164 684 3 8192 2.000000000 2
1164 716 3 8192 2.000000000 2
1164 792 3 8192 2.000000000 2
1164 876 3 8192 2.000000000 2
1164 1004 3 8192 2.000000000 2
1164 1008 3 8192 2.000000000 2
1164 1104 3 8192 2.000000000 2
1164 1188 3 8192 2.000000000 2
1164 1240 3 8192 2.000000000 2
1168 32 3 8192 2.000000000 2
1168 80 3 8192 2.000000000 2
1168 92 3 8192 2.000000000 2
1168 136 3 8192 2.000000000 2
1168 144 3 8192 2.000000000 2
1168 160 3 8192 2.000000000 2
1168 252 3 8192 2.000000000 2
1168 276 3 8192 2.000000000 2
1168 408 3 8192 2.000000000 2
1168 412 3 8192 2.000000000 2
1168 632 3 8192 2.000000000 2
1168 660 3 8192 2.000000000 2
1168 676 3 8192 2.000000000 2
1168 716 3 8192 2.000000000 2
1168 816 3 8192 2.000000000 2
1168 864 3 8192 2.000000000 2
1168 1172 3 8192 2.000000000 2
1172 384 3 8192 2.000000000 2
1172 472 3 8192 2.000000000 2
1172 496 3 8192 2.000000000 2
1172 568 3 8192 2.000000000 2
1172 700 3 8192 2.000000000 2
1172 724 3 8192 2.000000000 2
1172 756 3 8192 2.000000000 2
1172 780 3 8192 2.000000000 2
1172 836 3 8192 2.000000000 2
1172 852 3 8192 2.000000000 2
1172 860 3 8192 2.000000000 2
1172 892 3 8192 2.000000000 2
1172 996 3 8192 2.000000000 2
1172 1004 3 8192 2.000000000 2
1172 1076 3 8192 2.000000000 2
1172 1140 3 8192 2.000000000 2
1172 1236 3 8192 2.000000000 2
1176 48 3 8192 2.000000000 2
1176 120 3 8192 2.000000000 2
1176 172 3 8192 2.000000000 2
1176 204 3 8192 2.000000000 2
1176 220 3 8192 2.000000000 2
1176 228 3 8192 2.000000000 2
1176 348 3 8192 2.000000000 2
1176 396 3 8192 2.000000000 2
1176 420 3 8192 2.000000000 2
1176 556 3 8192 2.000000000 2
1176 624 3 8192 2.000000000 2
1176 640 3 8192 2.000000000 2
1176 644 3 8192 2.000000000 2
1176 804 3 8192 2.000000000 2
1176 808 3 8192 2.000000000 2
1176 812 3 8192 2.000000000 2
1176 1032 3 8192 2.000000000 2
1176 1080 3 8192 2.000000000 2
1176 1096 3 8192 2.000000000 2
1176 1228 3 8192 2.000000000 2
1176 1252 3 8192 2.000000000 2
1184 12 3 8192 2.000000000 2
1184 16 3 8192 2.000000000 2
1184 272 3 8192 2.000000000 2
1184 384 3 8192 2.000000000 2
1184 448 3 8192 2.000000000 2
1184 456 3 8192 2.000000000 2
1184 508 3 8192 2.000000000 2
1184 640 3 8192 2.000000000 2
1184 692 3 8192 2.000000000 2
1184 712 3 8192 2.000000000 2
1184 736 3 8192 2.000000000 2
1184 760 3 8192 2.000000000 2
1184 820 3 8192 2.000000000 2
1184 848 3 8192 2.000000000 2
1184 972 3 8192 2.000000000 2
1184 1068 3 8192 2.000000000 2
1184 1240 3 8192 2.000000000 2
1184 1244 3 8192 2.000000000 2
1188 104 3 8192 2.000000000 2
1188 152 3 8192 2.000000000 2
1188 216 3 8192 2.000000000 2
1188 292 3 8192 2.000000000 2
1188 296 3 8192 2.000000000 2
1188 324 3 8192 2.000000000 2
1188 424 3 8192 2.000000000 2
1188 428 3 8192 2.000000000 2
1188 472 3 8192 2.000000000 2
1188 480 3 8192 2.000000000 2
1188 516 3 8192 2.000000000 2
1188 536 3 8192 2.000000000 2
1188 560 3 8192 2.000000000 2
1188 596 3 8192 2.000000000 2
1188 608 3 8192 2.000000000 2
1188 780 3 8192 2.000000000 2
1188 816 3 8192 2.000000000 2
1188 852 3 8192 2.000000000 2
1188 880 3 8192 2.000000000 2
1188 972 3 8192 2.000000000 2
1192 8 3 8192 2.000000000 2
1192 96 3 8192 2.000000000 2
1192 124 3 8192 2.000000000 2
1192 164 3 8192 2.000000000 2
1192 220 3 8192 2.000000000 2
1192 236 3 8192 2.000000000 2
1192 244 3 8192 2.000000000 2
1192 324 3 8192 2.000000000 2
1192 448 3 8192 2.000000000 2
1192 520 3 8192 2.000000000 2
1192 580 3 8192 2.000000000 2
1192 728 3 8192 2.000000000 2
1192 960 3 8192 2.000000000 2
1192 964 3 8192 2.000000000 2
1192 968 3 8192 2.000000000 2
1192 1088 3 8192 2.000000000 2
1192 1100 3 8192 2.000000000 2
1192 1152 3 8192 2.000000000 2
1192 1164 3 8192 2.000000000 2
1196 160 3 8192 2.000000000 2
1196 252 3 8192 2.000000000 2
1196 384 3 8192 2.000000000 2
1196 396 3 8192 2.000000000 2
1196 472 3 8192 2.000000000 2
1196 516 3 8192 2.000000000 2
1196 520 3 8192 2.000000000 2
1196 588 3 8192 2.000000000 2
1196 660 3 8192 2.000000000 2
1196 708 3 8192 2.000000000 2
1196 792 3 8192 2.000000000 2
1196 816 3 8192 2.000000000 2
1196 896 3 8192 2.000000000 2
1196 996 3 8192 2.000000000 2
1196 1080 3 8192 2.000000000 2
1196 1096 3 8192 2.000000000 2
1196 1176 3 8192 2.000000000 2
1200 16 3 8192 2.000000000 2
1200 136 3 8192 2.000000000 2
1200 160 3 8192 2.000000000 2
1200 240 3 8192 2.000000000 2
1200 568 3 8192 2.000000000 2
1200 588 3 8192 2.000000000 2
1200 596 3 8192 2.000000000 2
1200 712 3 8192 2.000000000 2
1200 800 3 8192 2.000000000 2
1200 864 3 8192 2.000000000 2
1200 1068 3 8192 2.000000000 2
1200 1084 3 8192 2.000000000 2
1200 1192 3 8192 2.000000000 2
1200 1224 3 8192 2.000000000 2
1200 1228 3 8192 2.000000000 2
1200 1236 3 8192 2.000000000 2
1204 72 3 8192 2.000000000 2
1204 92 3 8192 2.000000000 2
1204 104 3 8192 2.000000000 2
1204 232 3 8192 2.000000000 2
1204 272 3 8192 2.000000000 2
1204 352 3 8192 2.000000000 2
1204 520 3 8192 2.000000000 2
1204 604 3 8192 2.000000000 2
1204 608 3 8192 2.000000000 2
1204 660 3 8192 2.000000000 2
1204 768 3 8192 2.000000000 2
1204 864 3 8192 2.000000000 2
1204 872 3 8192 2.000000000 2
1204 968 3 8192 2.000000000 2
1204 988 3 8192 2.000000000 2
1204 1112 3 8192 2.000000000 2
1204 1140 3 8192 2.000000000 2
1212 52 3 8192 2.000000000 2
1212 200 3 8192 2.000000000 2
1212 216 3 8192 2.000000000 2
1212 264 3 8192 2.000000000 2
1212 368 3 8192 2.000000000 2
1212 384 3 8192 2.000000000 2
1212 500 3 8192 2.000000000 2
1212 604 3 8192 2.000000000 2
1212 672 3 8192 2.000000000 2
1212 832 3 8192 2.000000000 2
1212 848 3 8192 2.000000000 2
1212 988 3 8192 2.000000000 2
1212 1012 3 8192 2.000000000 2
1212 1052 3 8192 2.000000000 2
1212 1112 3 8192 2.000000000 2
1212 1276 3 8192 2.000000000 2
1216 12 3 8192 2.000000000 2
1216 136 3 8192 2.000000000 2
1216 272 3 8192 2.000000000 2
1216 376 3 8192 2.000000000 2
1216 408 3 8192 2.000000000 2
1216 536 3 8192 2.000000000 2
1216 560 3 8192 2.000000000 2
1216 744 3 8192 2.000000000 2
1216 760 3 8192 2.000000000 2
1216 800 3 8192 2.000000000 2
1216 808 3 8192 2.000000000 2
1216 836 3 8192 2.000000000 2
1216 944 3 8192 2.000000000 2
1216 1096 3 8192 2.000000000 2
1216 1100 3 8192 2.000000000 2
1216 1128 3 8192 2.000000000 2
1216 1140 3 8192 2.000000000 2
1220 48 3 8192 2.000000000 2
1220 76 3 8192 2.000000000 2
1220 180 3 8192 2.000000000 2
1220 256 3 8192 2.000000000 2
1220 288 3 8192 2.000000000 2
1220 368 3 8192 2.000000000 2
1220 376 3 8192 2.000000000 2
1220 556 3 8192 2.000000000 2
1220 892 3 8192 2.000000000 2
1220 900 3 8192 2.000000000 2
1220 1028 3 8192 2.000000000 2
1220 1056 3 8192 2.000000000 2
1220 1072 3 8192 2.000000000 2
1220 1092 3 8192 2.000000000 2
1220 1168 3 8192 2.000000000 2
1220 1228 3 8192 2.000000000 2
1220 1232 3 8192 2.000000000 2
1224 4 3 8192 2.000000000 2
1224 32 3 8192 2.000000000 2
1224 228 3 8192 2.000000000 2
1224 300 3 8192 2.000000000 2
1224 320 3 8192 2.000000000 2
1224 348 3 8192 2.000000000 2
1224 412 3 8192 2.000000000 2
1224 444 3 8192 2.000000000 2
1224 596 3 8192 2.000000000 2
1224 744 3 8192 2.000000000 2
1224 780 3 8192 2.000000000 2
1224 812 3 8192 2.000000000 2
1224 868 3 8192 2.000000000 2
1224 876 3 8192 2.000000000 2
1224 896 3 8192 2.000000000 2
1224 1068 3 8192 2.000000000 2
1224 1080 3 8192 2.000000000 2
1224 1192 3 8192 2.000000000 2
1224 1216 3 8192 2.000000000 2
1228 68 3 8192 2.000000000 2
1228 124 3 8192 2.000000000 2
1228 152 3 8192 2.000000000 2
1228 172 3 8192 2.000000000 2
1228 196 3 8192 2.000000000 2
1228 228 3 8192 2.000000000 2
1228 556 3 8192 2.000000000 2
1228 560 3 8192 2.000000000 2
1228 696 3 8192 2.000000000 2
1228 832 3 8192 2.000000000 2
1228 1068 3 8192 2.000000000 2
1228 1076 3 8192 2.000000000 2
1228 1092 3 8192 2.000000000 2
1228 1132 3 8192 2.000000000 2
1228 1168 3 8192 2.000000000 2
1228 1188 3 8192 2.000000000 2
1228 1256 3 8192 2.000000000 2
1232 0 3 8192 2.000000000 2
1232 52 3 8192 2.000000000 2
1232 80 3 8192 2.000000000 2
1232 148 3 8192 2.000000000 2
1232 244 3 8192 2.000000000 2
1232 312 3 8192 2.000000000 2
1232 392 3 8192 2.000000000 2
1232 460 3 8192 2.000000000 2
1232 480 3 8192 2.000000000 2
1232 524 3 8192 2.000000000 2
1232 528 3 8192 2.000000000 2
1232 560 3 8192 2.000000000 2
1232 596 3 8192 2.000000000 2
1232 660 3 8192 2.000000000 2
1232 732 3 8192 2.000000000 2
1232 744 3 8192 2.000000000 2
1232 768 3 8192 2.000000000 2
1232 852 3 8192 2.000000000 2
1232 872 3 8192 2.000000000 2
1232 912 3 8192 2.000000000 2
1232 980 3 8192 2.000000000 2
1232 1104 3 8192 2.000000000 2
1232 1160 3 8192 2.000000000 2
1232 1216 3 8192 2.000000000 2
1232 1264 3 8192 2.000000000 2
1236 240 3 8192 2.000000000 2
1236 320 3 8192 2.000000000 2
1236 360 3 8192 2.000000000 2
1236 440 3 8192 2.000000000 2
1236 500 3 8192 2.000000000 2
1236 544 3 8192 2.000000000 2
1236 692 3 8192 2.000000000 2
1236 736 3 8192 2.000000000 2
1236 744 3 8192 2.000000000 2
1236 820 3 8192 2.000000000 2
1236 876 3 8192 2.000000000 2
1236 1020 3 8192 2.000000000 2
1236 1068 3 8192 2.000000000 2
1240 440 3 8192 2.000000000 2
1240 468 3 8192 2.000000000 2
1240 484 3 8192 2.000000000 2
1240 492 3 8192 2.000000000 2
1240 536 3 8192 2.000000000 2
1240 632 3 8192 2.000000000 2
1240 780 3 8192 2.000000000 2
1240 808 3 8192 2.000000000 2
1240 916 3 8192 2.000000000 2
1240 964 3 8192 2.000000000 2
1240 984 3 8192 2.000000000 2
1240 1136 3 8192 2.000000000 2
1240 1224 3 8192 2.000000000 2
1240 1252 3 8192 2.000000000 2
1244 64 3 8192 2.000000000 2
1244 120 3 8192 2.000000000 2
1244 148 3 8192 2.000000000 2
1244 200 3 8192 2.000000000 2
1244 324 3 8192 2.000000000 2
1244 360 3 8192 2.000000000 2
1244 480 3 8192 2.000000000 2
1244 548 3 8192 2.000000000 2
1244 596 3 8192 2.000000000 2
1244 712 3 8192 2.000000000 2
1244 836 3 8192 2.000000000 2
1244 864 3 8192 2.000000000 2
1244 896 3 8192 2.000000000 2
1244 1080 3 8192 2.000000000 2
1244 1184 3 8192 2.000000000 2
1244 1216 3 8192 2.000000000 2
1252 20 3 8192 2.000000000 2
1252 44 3 8192 2.000000000 2
1252 96 3 8192 2.000000000 2
1252 172 3 8192 2.000000000 2
1252 184 3 8192 2.000000000 2
1252 316 3 8192 2.000000000 2
1252 376 3 8192 2.000000000 2
1252 520 3 8192 2.000000000 2
1252 672 3 8192 2.000000000 2
1252 696 3 8192 2.000000000 2
1252 804 3 8192 2.000000000 2
1252 816 3 8192 2.000000000 2
1252 824 3 8192 2.000000000 2
1252 832 3 8192 2.000000000 2
1252 836 3 8192 2.000000000 2
1252 880 3 8192 2.000000000 2
1252 896 3 8192 2.000000000 2
1252 904 3 8192 2.000000000 2
1252 980 3 8192 2.000000000 2
1252 1032 3 8192 2.000000000 2
1252 1036 3 8192 2.000000000 2
1252 1056 3 8192 2.000000000 2
1252 1068 3 8192 2.000000000 2
1252 1072 3 8192 2.000000000 2
1252 1116 3 8192 2.000000000 2
1252 1264 3 8192 2.000000000 2
1256 4 3 8192 2.000000000 2
1256 104 3 8192 2.000000000 2
1256 164 3 8192 2.000000000 2
1256 196 3 8192 2.000000000 2
1256 236 3 8192 2.000000000 2
1256 240 3 8192 2.000000000 2
1256 300 3 8192 2.000000000 2
1256 320 3 8192 2.000000000 2
1256 440 3 8192 2.000000000 2
1256 456 3 8192 2.000000000 2
1256 484 3 8192 2.000000000 2
1256 488 3 8192 2.000000000 2
1256 560 3 8192 2.000000000 2
1256 640 3 8192 2.000000000 2
1256 688 3 8192 2.000000000 2
1256 884 3 8192 2.000000000 2
1256 968 3 8192 2.000000000 2
1256 1136 3 8192 2.000000000 2
1260 0 3 8192 2.000000000 2
1260 4 3 8192 2.000000000 2
1260 48 3 8192 2.000000000 2
1260 96 3 8192 2.000000000 2
1260 292 3 8192 2.000000000 2
1260 300 3 8192 2.000000000 2
1260 504 3 8192 2.000000000 2
1260 552 3 8192 2.000000000 2
1260 604 3 8192 2.000000000 2
1260 752 3 8192 2.000000000 2
1260 824 3 8192 2.000000000 2
1260 1028 3 8192 2.000000000 2
1260 1080 3 8192 2.000000000 2
1260 1152 3 8192 2.000000000 2
1260 1156 3 8192 2.000000000 2
1260 1172 3 8192 2.000000000 2
1260 1212 3 8192 2.000000000 2
1260 1240 3 8192 2.000000000 2
1264 8 3 8192 2.000000000 2
1264 68 3 8192 2.000000000 2
1264 120 3 8192 2.000000000 2
1264 164 3 8192 2.000000000 2
1264 396 3 8192 2.000000000 2
1264 432 3 8192 2.000000000 2
1264 456 3 8192 2.000000000 2
1264 512 3 8192 2.000000000 2
1264 520 3 8192 2.000000000 2
1264 568 3 8192 2.000000000 2
1264 596 3 8192 2.000000000 2
1264 632 3 8192 2.000000000 2
1264 1088 3 8192 2.000000000 2
1264 1252 3 8192 2.000000000 2
1272 220 3 8192 2.000000000 2
1272 280 3 8192 2.000000000 2
1272 324 3 8192 2.000000000 2
1272 476 3 8192 2.000000000 2
1272 696 3 8192 2.000000000 2
1272 712 3 8192 2.000000000 2
1272 820 3 8192 2.000000000 2
1272 824 3 8192 2.000000000 2
1272 832 3 8192 2.000000000 2
1272 836 3 8192 2.000000000 2
1272 936 3 8192 2.000000000 2
1272 988 3 8192 2.000000000 2
1272 1008 3 8192 2.000000000 2
1272 1088 3 8192 2.000000000 2
1272 1128 3 8192 2.000000000 2
1272 1212 3 8192 2.000000000 2
1276 92 3 8192 2.000000000 2
1276 264 3 8192 2.000000000 2
1276 292 3 8192 2.000000000 2
1276 384 3 8192 2.000000000 2
1276 392 3 8192 2.000000000 2
1276 660 3 8192 2.000000000 2
1276 688 3 8192 2.000000000 2
1276 800 3 8192 2.000000000 2
1276 848 3 8192 2.000000000 2
1276 988 3 8192 2.000000000 2
1276 996 3 8192 2.000000000 2
1276 1128 3 8192 2.000000000 2
1276 1136 3 8192 2.000000000 2
1276 1176 3 8192 2.000000000 2
1276 1204 3 8192 2.000000000 2
1276 1232 3 8192 2.000000000 2
1276 1244 3 8192 2.000000000 2
