16576
920 1268 3 8388608 2.000000000 1
112 1100 3 8388608 2.000000000 1
536 1008 3 8388608 2.000000000 1
588 116 3 8388608 2.000000000 1
428 768 3 8388608 2.000000000 1
384 728 3 8388608 2.000000000 1
344 1144 3 8388608 2.000000000 1
12 804 3 8388608 2.000000000 1
384 588 3 8388608 2.000000000 1
1224 904 3 8388608 2.000000000 1
4 1132 3 8388608 2.000000000 1
1256 908 3 8388608 2.000000000 1
536 4 3 8388608 2.000000000 1
904 460 3 8388608 2.000000000 1
816 320 3 8388608 2.000000000 1
800 4 3 8388608 2.000000000 1
536 1276 3 8388608 2.000000000 1
908 1092 3 8388608 2.000000000 1
1172 804 3 8388608 2.000000000 1
536 1100 3 8388608 2.000000000 1
1144 212 3 8388608 2.000000000 1
804 1008 3 8388608 2.000000000 1
572 176 3 8388608 2.000000000 1
1008 872 3 8388608 2.000000000 1
536 672 3 8388608 2.000000000 1
648 1144 3 8388608 2.000000000 1
1092 1172 3 8388608 2.000000000 1
768 1088 3 8388608 2.000000000 1
12 1100 3 8388608 2.000000000 1
1032 948 3 8388608 2.000000000 1
472 948 3 8388608 2.000000000 1
872 1224 3 8388608 2.000000000 1
84 1092 3 8388608 2.000000000 1
476 460 3 8388608 2.000000000 1
804 212 3 8388608 2.000000000 1
1276 416 3 8388608 2.000000000 1
4 672 3 8388608 2.000000000 1
1040 804 3 8388608 2.000000000 1
908 1040 3 8388608 2.000000000 1
1032 84 3 8388608 2.000000000 1
472 816 3 8388608 2.000000000 1
176 1132 3 8388608 2.000000000 1
84 872 3 8388608 2.000000000 1
988 1032 3 8388608 2.000000000 1
536 920 3 8388608 2.000000000 1
1100 1144 3 8388608 2.000000000 1
496 808 3 8388608 2.000000000 1
672 80 3 8388608 2.000000000 1
604 1236 3 8388608 2.000000000 1
1092 672 3 8388608 2.000000000 1
112 920 3 8388608 2.000000000 1
416 748 3 8388608 2.000000000 1
808 1236 3 8388608 2.000000000 1
80 460 3 8388608 2.000000000 1
212 4 3 8388608 2.000000000 1
1144 72 3 8388608 2.000000000 1
472 920 3 8388608 2.000000000 1
544 1236 3 8388608 2.000000000 1
1260 804 3 8388608 2.000000000 1
12 72 3 8388608 2.000000000 1
768 416 3 8388608 2.000000000 1
384 880 3 8388608 2.000000000 1
1140 904 3 8388608 2.000000000 1
936 4 3 8388608 2.000000000 1
1088 384 3 8388608 2.000000000 1
4 1040 3 8388608 2.000000000 1
1008 768 3 8388608 2.000000000 1
212 1032 3 8388608 2.000000000 1
80 1100 3 8388608 2.000000000 1
320 672 3 8388608 2.000000000 1
1140 476 3 8388608 2.000000000 1
1236 1100 3 8388608 2.000000000 1
1268 428 3 8388608 2.000000000 1
260 344 3 8388608 2.000000000 1
476 1144 3 8388608 2.000000000 1
816 544 3 8388608 2.000000000 1
1256 472 3 8388608 2.000000000 1
416 588 3 8388608 2.000000000 1
1256 748 3 8388608 2.000000000 1
948 576 3 8388608 2.000000000 1
604 904 3 8388608 2.000000000 1
872 1140 3 8388608 2.000000000 1
948 80 3 8388608 2.000000000 1
416 804 3 8388608 2.000000000 1
1268 544 3 8388608 2.000000000 1
84 364 3 8388608 2.000000000 1
536 176 3 8388608 2.000000000 1
112 444 3 8388608 2.000000000 1
1088 728 3 8388608 2.000000000 1
908 988 3 8388608 2.000000000 1
936 444 3 8388608 2.000000000 1
1276 648 3 8388608 2.000000000 1
4 588 3 8388608 2.000000000 1
80 472 3 8388608 2.000000000 1
800 176 3 8388608 2.000000000 1
1040 476 3 8388608 2.000000000 1
1224 920 3 8388608 2.000000000 1
1100 748 3 8388608 2.000000000 1
84 4 3 8388608 2.000000000 1
1256 804 3 8388608 2.000000000 1
1144 12 3 8388608 2.000000000 1
1040 472 3 8388608 2.000000000 1
588 768 3 8388608 2.000000000 1
428 84 3 8388608 2.000000000 1
1144 116 3 8388608 2.000000000 1
576 1100 3 8388608 2.000000000 1
148 1276 3 8388608 2.000000000 1
804 908 3 8388608 2.000000000 1
344 1092 3 8388608 2.000000000 1
1144 880 3 8388608 2.000000000 1
988 588 3 8388608 2.000000000 1
80 920 3 8388608 2.000000000 1
872 920 3 8388608 2.000000000 1
1140 648 3 8388608 2.000000000 1
1172 588 3 8388608 2.000000000 1
260 648 3 8388608 2.000000000 1
1100 672 3 8388608 2.000000000 1
904 1276 3 8388608 2.000000000 1
1140 920 3 8388608 2.000000000 1
1268 460 3 8388608 2.000000000 1
384 472 3 8388608 2.000000000 1
948 920 3 8388608 2.000000000 1
472 116 3 8388608 2.000000000 1
1140 1092 3 8388608 2.000000000 1
920 12 3 8388608 2.000000000 1
72 416 3 8388608 2.000000000 1
800 472 3 8388608 2.000000000 1
880 1256 3 8388608 2.000000000 1
544 804 3 8388608 2.000000000 1
808 260 3 8388608 2.000000000 1
672 544 3 8388608 2.000000000 1
148 416 3 8388608 2.000000000 1
800 536 3 8388608 2.000000000 1
576 80 3 8388608 2.000000000 1
576 496 3 8388608 2.000000000 1
768 80 3 8388608 2.000000000 1
872 1088 3 8388608 2.000000000 1
800 416 3 8388608 2.000000000 1
536 364 3 8388608 2.000000000 1
904 80 3 8388608 2.000000000 1
648 472 3 8388608 2.000000000 1
804 148 3 8388608 2.000000000 1
444 496 3 8388608 2.000000000 1
1032 80 3 8388608 2.000000000 1
80 808 3 8388608 2.000000000 1
1088 364 3 8388608 2.000000000 1
904 988 3 8388608 2.000000000 1
1256 920 3 8388608 2.000000000 1
212 1008 3 8388608 2.000000000 1
672 364 3 8388608 2.000000000 1
536 148 3 8388608 2.000000000 1
148 1236 3 8388608 2.000000000 1
948 1100 3 8388608 2.000000000 1
880 872 3 8388608 2.000000000 1
12 536 3 8388608 2.000000000 1
1236 544 3 8388608 2.000000000 1
1008 428 3 8388608 2.000000000 1
1236 804 3 8388608 2.000000000 1
1032 536 3 8388608 2.000000000 1
880 1100 3 8388608 2.000000000 1
1044 1100 3 8388608 2.000000000 1
460 672 3 8388608 2.000000000 1
176 4 3 8388608 2.000000000 1
460 748 3 8388608 2.000000000 1
884 544 3 8388608 2.000000000 1
948 116 3 8388608 2.000000000 1
576 1236 3 8388608 2.000000000 1
1224 800 3 8388608 2.000000000 1
496 572 3 8388608 2.000000000 1
1132 808 3 8388608 2.000000000 1
1032 384 3 8388608 2.000000000 1
212 320 3 8388608 2.000000000 1
384 768 3 8388608 2.000000000 1
476 988 3 8388608 2.000000000 1
816 80 3 8388608 2.000000000 1
384 1172 3 8388608 2.000000000 1
1260 544 3 8388608 2.000000000 1
344 416 3 8388608 2.000000000 1
936 988 3 8388608 2.000000000 1
4 1140 3 8388608 2.000000000 1
1256 572 3 8388608 2.000000000 1
800 444 3 8388608 2.000000000 1
1256 872 3 8388608 2.000000000 1
1224 1260 3 8388608 2.000000000 1
1100 80 3 8388608 2.000000000 1
1100 884 3 8388608 2.000000000 1
1132 1224 3 8388608 2.000000000 1
816 1256 3 8388608 2.000000000 1
588 1172 3 8388608 2.000000000 1
672 768 3 8388608 2.000000000 1
588 460 3 8388608 2.000000000 1
1140 872 3 8388608 2.000000000 1
0 28 3 8192 2.000000000 2
0 40 3 8192 2.000000000 2
0 44 3 8192 2.000000000 2
0 52 3 8192 2.000000000 2
0 92 3 8192 2.000000000 2
0 128 3 8192 2.000000000 2
0 144 3 8192 2.000000000 2
0 200 3 8192 2.000000000 2
0 220 3 8192 2.000000000 2
0 228 3 8192 2.000000000 2
0 268 3 8192 2.000000000 2
0 276 3 8192 2.000000000 2
0 316 3 8192 2.000000000 2
0 336 3 8192 2.000000000 2
0 356 3 8192 2.000000000 2
0 436 3 8192 2.000000000 2
0 440 3 8192 2.000000000 2
0 448 3 8192 2.000000000 2
0 452 3 8192 2.000000000 2
0 456 3 8192 2.000000000 2
0 484 3 8192 2.000000000 2
0 500 3 8192 2.000000000 2
0 508 3 8192 2.000000000 2
0 512 3 8192 2.000000000 2
0 516 3 8192 2.000000000 2
0 528 3 8192 2.000000000 2
0 540 3 8192 2.000000000 2
0 556 3 8192 2.000000000 2
0 560 3 8192 2.000000000 2
0 612 3 8192 2.000000000 2
0 644 3 8192 2.000000000 2
0 652 3 8192 2.000000000 2
0 660 3 8192 2.000000000 2
0 696 3 8192 2.000000000 2
0 740 3 8192 2.000000000 2
0 760 3 8192 2.000000000 2
0 764 3 8192 2.000000000 2
0 772 3 8192 2.000000000 2
0 776 3 8192 2.000000000 2
0 788 3 8192 2.000000000 2
0 812 3 8192 2.000000000 2
0 840 3 8192 2.000000000 2
0 844 3 8192 2.000000000 2
0 856 3 8192 2.000000000 2
0 956 3 8192 2.000000000 2
0 964 3 8192 2.000000000 2
0 968 3 8192 2.000000000 2
0 976 3 8192 2.000000000 2
0 992 3 8192 2.000000000 2
0 1024 3 8192 2.000000000 2
0 1036 3 8192 2.000000000 2
0 1104 3 8192 2.000000000 2
0 1108 3 8192 2.000000000 2
0 1112 3 8192 2.000000000 2
0 1128 3 8192 2.000000000 2
0 1148 3 8192 2.000000000 2
0 1164 3 8192 2.000000000 2
0 1176 3 8192 2.000000000 2
0 1180 3 8192 2.000000000 2
0 1196 3 8192 2.000000000 2
0 1204 3 8192 2.000000000 2
0 1216 3 8192 2.000000000 2
0 1244 3 8192 2.000000000 2
0 1264 3 8192 2.000000000 2
8 16 3 8192 2.000000000 2
8 24 3 8192 2.000000000 2
8 36 3 8192 2.000000000 2
8 68 3 8192 2.000000000 2
8 92 3 8192 2.000000000 2
8 100 3 8192 2.000000000 2
8 132 3 8192 2.000000000 2
8 136 3 8192 2.000000000 2
8 140 3 8192 2.000000000 2
8 172 3 8192 2.000000000 2
8 192 3 8192 2.000000000 2
8 196 3 8192 2.000000000 2
8 216 3 8192 2.000000000 2
8 244 3 8192 2.000000000 2
8 272 3 8192 2.000000000 2
8 332 3 8192 2.000000000 2
8 372 3 8192 2.000000000 2
8 392 3 8192 2.000000000 2
8 408 3 8192 2.000000000 2
8 412 3 8192 2.000000000 2
8 420 3 8192 2.000000000 2
8 440 3 8192 2.000000000 2
8 456 3 8192 2.000000000 2
8 468 3 8192 2.000000000 2
8 484 3 8192 2.000000000 2
8 504 3 8192 2.000000000 2
8 524 3 8192 2.000000000 2
8 564 3 8192 2.000000000 2
8 596 3 8192 2.000000000 2
8 608 3 8192 2.000000000 2
8 624 3 8192 2.000000000 2
8 628 3 8192 2.000000000 2
8 636 3 8192 2.000000000 2
8 644 3 8192 2.000000000 2
8 668 3 8192 2.000000000 2
8 676 3 8192 2.000000000 2
8 680 3 8192 2.000000000 2
8 684 3 8192 2.000000000 2
8 700 3 8192 2.000000000 2
8 740 3 8192 2.000000000 2
8 744 3 8192 2.000000000 2
8 784 3 8192 2.000000000 2
8 788 3 8192 2.000000000 2
8 828 3 8192 2.000000000 2
8 832 3 8192 2.000000000 2
8 852 3 8192 2.000000000 2
8 924 3 8192 2.000000000 2
8 940 3 8192 2.000000000 2
8 964 3 8192 2.000000000 2
8 996 3 8192 2.000000000 2
8 1000 3 8192 2.000000000 2
8 1072 3 8192 2.000000000 2
8 1120 3 8192 2.000000000 2
8 1160 3 8192 2.000000000 2
8 1176 3 8192 2.000000000 2
8 1180 3 8192 2.000000000 2
8 1196 3 8192 2.000000000 2
8 1204 3 8192 2.000000000 2
8 1208 3 8192 2.000000000 2
8 1232 3 8192 2.000000000 2
8 1240 3 8192 2.000000000 2
8 1244 3 8192 2.000000000 2
8 1248 3 8192 2.000000000 2
8 1272 3 8192 2.000000000 2
16 32 3 8192 2.000000000 2
16 40 3 8192 2.000000000 2
16 68 3 8192 2.000000000 2
16 100 3 8192 2.000000000 2
16 128 3 8192 2.000000000 2
16 132 3 8192 2.000000000 2
16 140 3 8192 2.000000000 2
16 152 3 8192 2.000000000 2
16 180 3 8192 2.000000000 2
16 228 3 8192 2.000000000 2
16 240 3 8192 2.000000000 2
16 272 3 8192 2.000000000 2
16 276 3 8192 2.000000000 2
16 292 3 8192 2.000000000 2
16 328 3 8192 2.000000000 2
16 332 3 8192 2.000000000 2
16 336 3 8192 2.000000000 2
16 352 3 8192 2.000000000 2
16 368 3 8192 2.000000000 2
16 372 3 8192 2.000000000 2
16 388 3 8192 2.000000000 2
16 404 3 8192 2.000000000 2
16 408 3 8192 2.000000000 2
16 412 3 8192 2.000000000 2
16 420 3 8192 2.000000000 2
16 436 3 8192 2.000000000 2
16 516 3 8192 2.000000000 2
16 532 3 8192 2.000000000 2
16 568 3 8192 2.000000000 2
16 580 3 8192 2.000000000 2
16 584 3 8192 2.000000000 2
16 612 3 8192 2.000000000 2
16 620 3 8192 2.000000000 2
16 624 3 8192 2.000000000 2
16 652 3 8192 2.000000000 2
16 660 3 8192 2.000000000 2
16 688 3 8192 2.000000000 2
16 724 3 8192 2.000000000 2
16 756 3 8192 2.000000000 2
16 788 3 8192 2.000000000 2
16 796 3 8192 2.000000000 2
16 828 3 8192 2.000000000 2
16 840 3 8192 2.000000000 2
16 852 3 8192 2.000000000 2
16 860 3 8192 2.000000000 2
16 916 3 8192 2.000000000 2
16 924 3 8192 2.000000000 2
16 944 3 8192 2.000000000 2
16 972 3 8192 2.000000000 2
16 1012 3 8192 2.000000000 2
16 1028 3 8192 2.000000000 2
16 1056 3 8192 2.000000000 2
16 1076 3 8192 2.000000000 2
16 1104 3 8192 2.000000000 2
16 1152 3 8192 2.000000000 2
16 1168 3 8192 2.000000000 2
16 1176 3 8192 2.000000000 2
16 1192 3 8192 2.000000000 2
16 1200 3 8192 2.000000000 2
16 1204 3 8192 2.000000000 2
16 1212 3 8192 2.000000000 2
16 1220 3 8192 2.000000000 2
16 1248 3 8192 2.000000000 2
16 1252 3 8192 2.000000000 2
20 8 3 8192 2.000000000 2
20 24 3 8192 2.000000000 2
20 28 3 8192 2.000000000 2
20 40 3 8192 2.000000000 2
20 64 3 8192 2.000000000 2
20 68 3 8192 2.000000000 2
20 88 3 8192 2.000000000 2
20 104 3 8192 2.000000000 2
20 108 3 8192 2.000000000 2
20 136 3 8192 2.000000000 2
20 156 3 8192 2.000000000 2
20 172 3 8192 2.000000000 2
20 188 3 8192 2.000000000 2
20 228 3 8192 2.000000000 2
20 232 3 8192 2.000000000 2
20 240 3 8192 2.000000000 2
20 276 3 8192 2.000000000 2
20 324 3 8192 2.000000000 2
20 328 3 8192 2.000000000 2
20 336 3 8192 2.000000000 2
20 412 3 8192 2.000000000 2
20 436 3 8192 2.000000000 2
20 464 3 8192 2.000000000 2
20 480 3 8192 2.000000000 2
20 484 3 8192 2.000000000 2
20 492 3 8192 2.000000000 2
20 512 3 8192 2.000000000 2
20 520 3 8192 2.000000000 2
20 524 3 8192 2.000000000 2
20 532 3 8192 2.000000000 2
20 540 3 8192 2.000000000 2
20 560 3 8192 2.000000000 2
20 580 3 8192 2.000000000 2
20 612 3 8192 2.000000000 2
20 616 3 8192 2.000000000 2
20 624 3 8192 2.000000000 2
20 628 3 8192 2.000000000 2
20 644 3 8192 2.000000000 2
20 664 3 8192 2.000000000 2
20 684 3 8192 2.000000000 2
20 724 3 8192 2.000000000 2
20 732 3 8192 2.000000000 2
20 740 3 8192 2.000000000 2
20 744 3 8192 2.000000000 2
20 772 3 8192 2.000000000 2
20 780 3 8192 2.000000000 2
20 796 3 8192 2.000000000 2
20 820 3 8192 2.000000000 2
20 852 3 8192 2.000000000 2
20 868 3 8192 2.000000000 2
20 900 3 8192 2.000000000 2
20 932 3 8192 2.000000000 2
20 960 3 8192 2.000000000 2
20 964 3 8192 2.000000000 2
20 972 3 8192 2.000000000 2
20 976 3 8192 2.000000000 2
20 1004 3 8192 2.000000000 2
20 1056 3 8192 2.000000000 2
20 1080 3 8192 2.000000000 2
20 1096 3 8192 2.000000000 2
20 1148 3 8192 2.000000000 2
20 1208 3 8192 2.000000000 2
20 1240 3 8192 2.000000000 2
20 1264 3 8192 2.000000000 2
24 0 3 8192 2.000000000 2
24 56 3 8192 2.000000000 2
24 68 3 8192 2.000000000 2
24 120 3 8192 2.000000000 2
24 160 3 8192 2.000000000 2
24 164 3 8192 2.000000000 2
24 168 3 8192 2.000000000 2
24 180 3 8192 2.000000000 2
24 196 3 8192 2.000000000 2
24 200 3 8192 2.000000000 2
24 204 3 8192 2.000000000 2
24 220 3 8192 2.000000000 2
24 224 3 8192 2.000000000 2
24 268 3 8192 2.000000000 2
24 280 3 8192 2.000000000 2
24 292 3 8192 2.000000000 2
24 296 3 8192 2.000000000 2
24 316 3 8192 2.000000000 2
24 324 3 8192 2.000000000 2
24 376 3 8192 2.000000000 2
24 388 3 8192 2.000000000 2
24 400 3 8192 2.000000000 2
24 408 3 8192 2.000000000 2
24 432 3 8192 2.000000000 2
24 456 3 8192 2.000000000 2
24 484 3 8192 2.000000000 2
24 500 3 8192 2.000000000 2
24 508 3 8192 2.000000000 2
24 516 3 8192 2.000000000 2
24 528 3 8192 2.000000000 2
24 532 3 8192 2.000000000 2
24 540 3 8192 2.000000000 2
24 560 3 8192 2.000000000 2
24 568 3 8192 2.000000000 2
24 636 3 8192 2.000000000 2
24 660 3 8192 2.000000000 2
24 676 3 8192 2.000000000 2
24 696 3 8192 2.000000000 2
24 712 3 8192 2.000000000 2
24 716 3 8192 2.000000000 2
24 736 3 8192 2.000000000 2
24 740 3 8192 2.000000000 2
24 764 3 8192 2.000000000 2
24 772 3 8192 2.000000000 2
24 796 3 8192 2.000000000 2
24 832 3 8192 2.000000000 2
24 844 3 8192 2.000000000 2
24 852 3 8192 2.000000000 2
24 864 3 8192 2.000000000 2
24 868 3 8192 2.000000000 2
24 900 3 8192 2.000000000 2
24 932 3 8192 2.000000000 2
24 960 3 8192 2.000000000 2
24 964 3 8192 2.000000000 2
24 976 3 8192 2.000000000 2
24 980 3 8192 2.000000000 2
24 1012 3 8192 2.000000000 2
24 1068 3 8192 2.000000000 2
24 1096 3 8192 2.000000000 2
24 1120 3 8192 2.000000000 2
24 1156 3 8192 2.000000000 2
24 1164 3 8192 2.000000000 2
24 1228 3 8192 2.000000000 2
24 1244 3 8192 2.000000000 2
28 0 3 8192 2.000000000 2
28 16 3 8192 2.000000000 2
28 32 3 8192 2.000000000 2
28 48 3 8192 2.000000000 2
28 52 3 8192 2.000000000 2
28 56 3 8192 2.000000000 2
28 76 3 8192 2.000000000 2
28 88 3 8192 2.000000000 2
28 100 3 8192 2.000000000 2
28 104 3 8192 2.000000000 2
28 132 3 8192 2.000000000 2
28 144 3 8192 2.000000000 2
28 180 3 8192 2.000000000 2
28 200 3 8192 2.000000000 2
28 216 3 8192 2.000000000 2
28 292 3 8192 2.000000000 2
28 328 3 8192 2.000000000 2
28 348 3 8192 2.000000000 2
28 352 3 8192 2.000000000 2
28 372 3 8192 2.000000000 2
28 392 3 8192 2.000000000 2
28 396 3 8192 2.000000000 2
28 404 3 8192 2.000000000 2
28 420 3 8192 2.000000000 2
28 532 3 8192 2.000000000 2
28 560 3 8192 2.000000000 2
28 568 3 8192 2.000000000 2
28 580 3 8192 2.000000000 2
28 596 3 8192 2.000000000 2
28 600 3 8192 2.000000000 2
28 616 3 8192 2.000000000 2
28 620 3 8192 2.000000000 2
28 636 3 8192 2.000000000 2
28 652 3 8192 2.000000000 2
28 656 3 8192 2.000000000 2
28 676 3 8192 2.000000000 2
28 704 3 8192 2.000000000 2
28 780 3 8192 2.000000000 2
28 792 3 8192 2.000000000 2
28 796 3 8192 2.000000000 2
28 812 3 8192 2.000000000 2
28 856 3 8192 2.000000000 2
28 864 3 8192 2.000000000 2
28 868 3 8192 2.000000000 2
28 912 3 8192 2.000000000 2
28 928 3 8192 2.000000000 2
28 952 3 8192 2.000000000 2
28 960 3 8192 2.000000000 2
28 980 3 8192 2.000000000 2
28 984 3 8192 2.000000000 2
28 996 3 8192 2.000000000 2
28 1012 3 8192 2.000000000 2
28 1016 3 8192 2.000000000 2
28 1020 3 8192 2.000000000 2
28 1048 3 8192 2.000000000 2
28 1084 3 8192 2.000000000 2
28 1184 3 8192 2.000000000 2
28 1188 3 8192 2.000000000 2
28 1204 3 8192 2.000000000 2
28 1216 3 8192 2.000000000 2
28 1220 3 8192 2.000000000 2
28 1228 3 8192 2.000000000 2
28 1232 3 8192 2.000000000 2
28 1240 3 8192 2.000000000 2
32 8 3 8192 2.000000000 2
32 28 3 8192 2.000000000 2
32 100 3 8192 2.000000000 2
32 104 3 8192 2.000000000 2
32 120 3 8192 2.000000000 2
32 136 3 8192 2.000000000 2
32 156 3 8192 2.000000000 2
32 160 3 8192 2.000000000 2
32 168 3 8192 2.000000000 2
32 196 3 8192 2.000000000 2
32 224 3 8192 2.000000000 2
32 228 3 8192 2.000000000 2
32 236 3 8192 2.000000000 2
32 248 3 8192 2.000000000 2
32 272 3 8192 2.000000000 2
32 288 3 8192 2.000000000 2
32 292 3 8192 2.000000000 2
32 300 3 8192 2.000000000 2
32 360 3 8192 2.000000000 2
32 368 3 8192 2.000000000 2
32 408 3 8192 2.000000000 2
32 412 3 8192 2.000000000 2
32 432 3 8192 2.000000000 2
32 440 3 8192 2.000000000 2
32 464 3 8192 2.000000000 2
32 484 3 8192 2.000000000 2
32 516 3 8192 2.000000000 2
32 520 3 8192 2.000000000 2
32 524 3 8192 2.000000000 2
32 552 3 8192 2.000000000 2
32 564 3 8192 2.000000000 2
32 608 3 8192 2.000000000 2
32 612 3 8192 2.000000000 2
32 652 3 8192 2.000000000 2
32 660 3 8192 2.000000000 2
32 724 3 8192 2.000000000 2
32 764 3 8192 2.000000000 2
32 780 3 8192 2.000000000 2
32 788 3 8192 2.000000000 2
32 792 3 8192 2.000000000 2
32 820 3 8192 2.000000000 2
32 844 3 8192 2.000000000 2
32 848 3 8192 2.000000000 2
32 852 3 8192 2.000000000 2
32 892 3 8192 2.000000000 2
32 900 3 8192 2.000000000 2
32 912 3 8192 2.000000000 2
32 952 3 8192 2.000000000 2
32 960 3 8192 2.000000000 2
32 968 3 8192 2.000000000 2
32 980 3 8192 2.000000000 2
32 992 3 8192 2.000000000 2
32 996 3 8192 2.000000000 2
32 1000 3 8192 2.000000000 2
32 1004 3 8192 2.000000000 2
32 1012 3 8192 2.000000000 2
32 1020 3 8192 2.000000000 2
32 1108 3 8192 2.000000000 2
32 1120 3 8192 2.000000000 2
32 1152 3 8192 2.000000000 2
32 1160 3 8192 2.000000000 2
32 1164 3 8192 2.000000000 2
32 1192 3 8192 2.000000000 2
32 1244 3 8192 2.000000000 2
36 0 3 8192 2.000000000 2
36 32 3 8192 2.000000000 2
36 44 3 8192 2.000000000 2
36 60 3 8192 2.000000000 2
36 92 3 8192 2.000000000 2
36 128 3 8192 2.000000000 2
36 160 3 8192 2.000000000 2
36 228 3 8192 2.000000000 2
36 244 3 8192 2.000000000 2
36 252 3 8192 2.000000000 2
36 272 3 8192 2.000000000 2
36 292 3 8192 2.000000000 2
36 316 3 8192 2.000000000 2
36 336 3 8192 2.000000000 2
36 404 3 8192 2.000000000 2
36 408 3 8192 2.000000000 2
36 424 3 8192 2.000000000 2
36 432 3 8192 2.000000000 2
36 456 3 8192 2.000000000 2
36 484 3 8192 2.000000000 2
36 508 3 8192 2.000000000 2
36 520 3 8192 2.000000000 2
36 548 3 8192 2.000000000 2
36 552 3 8192 2.000000000 2
36 564 3 8192 2.000000000 2
36 584 3 8192 2.000000000 2
36 600 3 8192 2.000000000 2
36 608 3 8192 2.000000000 2
36 612 3 8192 2.000000000 2
36 616 3 8192 2.000000000 2
36 620 3 8192 2.000000000 2
36 624 3 8192 2.000000000 2
36 636 3 8192 2.000000000 2
36 640 3 8192 2.000000000 2
36 656 3 8192 2.000000000 2
36 692 3 8192 2.000000000 2
36 696 3 8192 2.000000000 2
36 700 3 8192 2.000000000 2
36 740 3 8192 2.000000000 2
36 744 3 8192 2.000000000 2
36 752 3 8192 2.000000000 2
36 756 3 8192 2.000000000 2
36 760 3 8192 2.000000000 2
36 780 3 8192 2.000000000 2
36 784 3 8192 2.000000000 2
36 820 3 8192 2.000000000 2
36 824 3 8192 2.000000000 2
36 864 3 8192 2.000000000 2
36 876 3 8192 2.000000000 2
36 952 3 8192 2.000000000 2
36 960 3 8192 2.000000000 2
36 964 3 8192 2.000000000 2
36 984 3 8192 2.000000000 2
36 1000 3 8192 2.000000000 2
36 1012 3 8192 2.000000000 2
36 1076 3 8192 2.000000000 2
36 1108 3 8192 2.000000000 2
36 1136 3 8192 2.000000000 2
36 1164 3 8192 2.000000000 2
36 1232 3 8192 2.000000000 2
36 1240 3 8192 2.000000000 2
36 1248 3 8192 2.000000000 2
36 1252 3 8192 2.000000000 2
36 1272 3 8192 2.000000000 2
40 28 3 8192 2.000000000 2
40 32 3 8192 2.000000000 2
40 48 3 8192 2.000000000 2
40 68 3 8192 2.000000000 2
40 152 3 8192 2.000000000 2
40 156 3 8192 2.000000000 2
40 168 3 8192 2.000000000 2
40 180 3 8192 2.000000000 2
40 204 3 8192 2.000000000 2
40 208 3 8192 2.000000000 2
40 228 3 8192 2.000000000 2
40 248 3 8192 2.000000000 2
40 252 3 8192 2.000000000 2
40 256 3 8192 2.000000000 2
40 284 3 8192 2.000000000 2
40 308 3 8192 2.000000000 2
40 316 3 8192 2.000000000 2
40 332 3 8192 2.000000000 2
40 376 3 8192 2.000000000 2
40 396 3 8192 2.000000000 2
40 412 3 8192 2.000000000 2
40 436 3 8192 2.000000000 2
40 540 3 8192 2.000000000 2
40 556 3 8192 2.000000000 2
40 568 3 8192 2.000000000 2
40 584 3 8192 2.000000000 2
40 628 3 8192 2.000000000 2
40 632 3 8192 2.000000000 2
40 656 3 8192 2.000000000 2
40 668 3 8192 2.000000000 2
40 680 3 8192 2.000000000 2
40 700 3 8192 2.000000000 2
40 704 3 8192 2.000000000 2
40 712 3 8192 2.000000000 2
40 736 3 8192 2.000000000 2
40 740 3 8192 2.000000000 2
40 752 3 8192 2.000000000 2
40 792 3 8192 2.000000000 2
40 836 3 8192 2.000000000 2
40 840 3 8192 2.000000000 2
40 852 3 8192 2.000000000 2
40 856 3 8192 2.000000000 2
40 860 3 8192 2.000000000 2
40 864 3 8192 2.000000000 2
40 912 3 8192 2.000000000 2
40 916 3 8192 2.000000000 2
40 932 3 8192 2.000000000 2
40 952 3 8192 2.000000000 2
40 956 3 8192 2.000000000 2
40 960 3 8192 2.000000000 2
40 968 3 8192 2.000000000 2
40 972 3 8192 2.000000000 2
40 1024 3 8192 2.000000000 2
40 1056 3 8192 2.000000000 2
40 1068 3 8192 2.000000000 2
40 1072 3 8192 2.000000000 2
40 1076 3 8192 2.000000000 2
40 1084 3 8192 2.000000000 2
40 1120 3 8192 2.000000000 2
40 1152 3 8192 2.000000000 2
40 1160 3 8192 2.000000000 2
40 1164 3 8192 2.000000000 2
40 1168 3 8192 2.000000000 2
40 1264 3 8192 2.000000000 2
44 24 3 8192 2.000000000 2
44 52 3 8192 2.000000000 2
44 76 3 8192 2.000000000 2
44 92 3 8192 2.000000000 2
44 108 3 8192 2.000000000 2
44 124 3 8192 2.000000000 2
44 128 3 8192 2.000000000 2
44 136 3 8192 2.000000000 2
44 184 3 8192 2.000000000 2
44 200 3 8192 2.000000000 2
44 244 3 8192 2.000000000 2
44 252 3 8192 2.000000000 2
44 264 3 8192 2.000000000 2
44 272 3 8192 2.000000000 2
44 280 3 8192 2.000000000 2
44 292 3 8192 2.000000000 2
44 328 3 8192 2.000000000 2
44 336 3 8192 2.000000000 2
44 352 3 8192 2.000000000 2
44 372 3 8192 2.000000000 2
44 376 3 8192 2.000000000 2
44 396 3 8192 2.000000000 2
44 400 3 8192 2.000000000 2
44 436 3 8192 2.000000000 2
44 500 3 8192 2.000000000 2
44 504 3 8192 2.000000000 2
44 508 3 8192 2.000000000 2
44 516 3 8192 2.000000000 2
44 524 3 8192 2.000000000 2
44 532 3 8192 2.000000000 2
44 548 3 8192 2.000000000 2
44 564 3 8192 2.000000000 2
44 620 3 8192 2.000000000 2
44 624 3 8192 2.000000000 2
44 636 3 8192 2.000000000 2
44 660 3 8192 2.000000000 2
44 664 3 8192 2.000000000 2
44 684 3 8192 2.000000000 2
44 720 3 8192 2.000000000 2
44 744 3 8192 2.000000000 2
44 756 3 8192 2.000000000 2
44 764 3 8192 2.000000000 2
44 796 3 8192 2.000000000 2
44 812 3 8192 2.000000000 2
44 828 3 8192 2.000000000 2
44 840 3 8192 2.000000000 2
44 844 3 8192 2.000000000 2
44 888 3 8192 2.000000000 2
44 896 3 8192 2.000000000 2
44 924 3 8192 2.000000000 2
44 944 3 8192 2.000000000 2
44 960 3 8192 2.000000000 2
44 984 3 8192 2.000000000 2
44 1016 3 8192 2.000000000 2
44 1020 3 8192 2.000000000 2
44 1048 3 8192 2.000000000 2
44 1076 3 8192 2.000000000 2
44 1120 3 8192 2.000000000 2
44 1148 3 8192 2.000000000 2
44 1168 3 8192 2.000000000 2
44 1188 3 8192 2.000000000 2
44 1212 3 8192 2.000000000 2
44 1216 3 8192 2.000000000 2
44 1264 3 8192 2.000000000 2
48 32 3 8192 2.000000000 2
48 52 3 8192 2.000000000 2
48 56 3 8192 2.000000000 2
48 60 3 8192 2.000000000 2
48 76 3 8192 2.000000000 2
48 88 3 8192 2.000000000 2
48 96 3 8192 2.000000000 2
48 120 3 8192 2.000000000 2
48 144 3 8192 2.000000000 2
48 172 3 8192 2.000000000 2
48 184 3 8192 2.000000000 2
48 240 3 8192 2.000000000 2
48 248 3 8192 2.000000000 2
48 256 3 8192 2.000000000 2
48 272 3 8192 2.000000000 2
48 288 3 8192 2.000000000 2
48 360 3 8192 2.000000000 2
48 376 3 8192 2.000000000 2
48 392 3 8192 2.000000000 2
48 400 3 8192 2.000000000 2
48 424 3 8192 2.000000000 2
48 452 3 8192 2.000000000 2
48 492 3 8192 2.000000000 2
48 500 3 8192 2.000000000 2
48 508 3 8192 2.000000000 2
48 512 3 8192 2.000000000 2
48 560 3 8192 2.000000000 2
48 580 3 8192 2.000000000 2
48 584 3 8192 2.000000000 2
48 640 3 8192 2.000000000 2
48 652 3 8192 2.000000000 2
48 668 3 8192 2.000000000 2
48 680 3 8192 2.000000000 2
48 700 3 8192 2.000000000 2
48 712 3 8192 2.000000000 2
48 720 3 8192 2.000000000 2
48 736 3 8192 2.000000000 2
48 760 3 8192 2.000000000 2
48 772 3 8192 2.000000000 2
48 784 3 8192 2.000000000 2
48 792 3 8192 2.000000000 2
48 820 3 8192 2.000000000 2
48 828 3 8192 2.000000000 2
48 832 3 8192 2.000000000 2
48 836 3 8192 2.000000000 2
48 840 3 8192 2.000000000 2
48 848 3 8192 2.000000000 2
48 892 3 8192 2.000000000 2
48 896 3 8192 2.000000000 2
48 900 3 8192 2.000000000 2
48 956 3 8192 2.000000000 2
48 960 3 8192 2.000000000 2
48 992 3 8192 2.000000000 2
48 1012 3 8192 2.000000000 2
48 1036 3 8192 2.000000000 2
48 1080 3 8192 2.000000000 2
48 1084 3 8192 2.000000000 2
48 1104 3 8192 2.000000000 2
48 1148 3 8192 2.000000000 2
48 1156 3 8192 2.000000000 2
48 1200 3 8192 2.000000000 2
48 1232 3 8192 2.000000000 2
48 1244 3 8192 2.000000000 2
48 1264 3 8192 2.000000000 2
52 16 3 8192 2.000000000 2
52 20 3 8192 2.000000000 2
52 32 3 8192 2.000000000 2
52 76 3 8192 2.000000000 2
52 88 3 8192 2.000000000 2
52 108 3 8192 2.000000000 2
52 136 3 8192 2.000000000 2
52 160 3 8192 2.000000000 2
52 200 3 8192 2.000000000 2
52 220 3 8192 2.000000000 2
52 232 3 8192 2.000000000 2
52 276 3 8192 2.000000000 2
52 284 3 8192 2.000000000 2
52 352 3 8192 2.000000000 2
52 380 3 8192 2.000000000 2
52 396 3 8192 2.000000000 2
52 400 3 8192 2.000000000 2
52 412 3 8192 2.000000000 2
52 420 3 8192 2.000000000 2
52 436 3 8192 2.000000000 2
52 452 3 8192 2.000000000 2
52 464 3 8192 2.000000000 2
52 484 3 8192 2.000000000 2
52 520 3 8192 2.000000000 2
52 540 3 8192 2.000000000 2
52 592 3 8192 2.000000000 2
52 616 3 8192 2.000000000 2
52 628 3 8192 2.000000000 2
52 656 3 8192 2.000000000 2
52 660 3 8192 2.000000000 2
52 676 3 8192 2.000000000 2
52 688 3 8192 2.000000000 2
52 692 3 8192 2.000000000 2
52 700 3 8192 2.000000000 2
52 712 3 8192 2.000000000 2
52 764 3 8192 2.000000000 2
52 776 3 8192 2.000000000 2
52 792 3 8192 2.000000000 2
52 840 3 8192 2.000000000 2
52 848 3 8192 2.000000000 2
52 852 3 8192 2.000000000 2
52 856 3 8192 2.000000000 2
52 900 3 8192 2.000000000 2
52 912 3 8192 2.000000000 2
52 916 3 8192 2.000000000 2
52 928 3 8192 2.000000000 2
52 940 3 8192 2.000000000 2
52 952 3 8192 2.000000000 2
52 968 3 8192 2.000000000 2
52 980 3 8192 2.000000000 2
52 984 3 8192 2.000000000 2
52 996 3 8192 2.000000000 2
52 1024 3 8192 2.000000000 2
52 1036 3 8192 2.000000000 2
52 1048 3 8192 2.000000000 2
52 1052 3 8192 2.000000000 2
52 1056 3 8192 2.000000000 2
52 1068 3 8192 2.000000000 2
52 1072 3 8192 2.000000000 2
52 1080 3 8192 2.000000000 2
52 1124 3 8192 2.000000000 2
52 1152 3 8192 2.000000000 2
52 1204 3 8192 2.000000000 2
52 1272 3 8192 2.000000000 2
56 36 3 8192 2.000000000 2
56 40 3 8192 2.000000000 2
56 44 3 8192 2.000000000 2
56 76 3 8192 2.000000000 2
56 100 3 8192 2.000000000 2
56 132 3 8192 2.000000000 2
56 144 3 8192 2.000000000 2
56 164 3 8192 2.000000000 2
56 184 3 8192 2.000000000 2
56 192 3 8192 2.000000000 2
56 208 3 8192 2.000000000 2
56 220 3 8192 2.000000000 2
56 228 3 8192 2.000000000 2
56 232 3 8192 2.000000000 2
56 236 3 8192 2.000000000 2
56 280 3 8192 2.000000000 2
56 288 3 8192 2.000000000 2
56 300 3 8192 2.000000000 2
56 308 3 8192 2.000000000 2
56 348 3 8192 2.000000000 2
56 356 3 8192 2.000000000 2
56 376 3 8192 2.000000000 2
56 424 3 8192 2.000000000 2
56 432 3 8192 2.000000000 2
56 440 3 8192 2.000000000 2
56 480 3 8192 2.000000000 2
56 488 3 8192 2.000000000 2
56 520 3 8192 2.000000000 2
56 524 3 8192 2.000000000 2
56 540 3 8192 2.000000000 2
56 548 3 8192 2.000000000 2
56 552 3 8192 2.000000000 2
56 556 3 8192 2.000000000 2
56 564 3 8192 2.000000000 2
56 584 3 8192 2.000000000 2
56 596 3 8192 2.000000000 2
56 616 3 8192 2.000000000 2
56 624 3 8192 2.000000000 2
56 628 3 8192 2.000000000 2
56 632 3 8192 2.000000000 2
56 656 3 8192 2.000000000 2
56 660 3 8192 2.000000000 2
56 696 3 8192 2.000000000 2
56 720 3 8192 2.000000000 2
56 772 3 8192 2.000000000 2
56 784 3 8192 2.000000000 2
56 820 3 8192 2.000000000 2
56 888 3 8192 2.000000000 2
56 892 3 8192 2.000000000 2
56 900 3 8192 2.000000000 2
56 960 3 8192 2.000000000 2
56 980 3 8192 2.000000000 2
56 996 3 8192 2.000000000 2
56 1012 3 8192 2.000000000 2
56 1028 3 8192 2.000000000 2
56 1084 3 8192 2.000000000 2
56 1104 3 8192 2.000000000 2
56 1108 3 8192 2.000000000 2
56 1120 3 8192 2.000000000 2
56 1148 3 8192 2.000000000 2
56 1164 3 8192 2.000000000 2
56 1184 3 8192 2.000000000 2
56 1216 3 8192 2.000000000 2
56 1228 3 8192 2.000000000 2
60 0 3 8192 2.000000000 2
60 28 3 8192 2.000000000 2
60 32 3 8192 2.000000000 2
60 56 3 8192 2.000000000 2
60 68 3 8192 2.000000000 2
60 120 3 8192 2.000000000 2
60 124 3 8192 2.000000000 2
60 140 3 8192 2.000000000 2
60 160 3 8192 2.000000000 2
60 180 3 8192 2.000000000 2
60 184 3 8192 2.000000000 2
60 268 3 8192 2.000000000 2
60 272 3 8192 2.000000000 2
60 280 3 8192 2.000000000 2
60 308 3 8192 2.000000000 2
60 324 3 8192 2.000000000 2
60 328 3 8192 2.000000000 2
60 340 3 8192 2.000000000 2
60 352 3 8192 2.000000000 2
60 356 3 8192 2.000000000 2
60 376 3 8192 2.000000000 2
60 396 3 8192 2.000000000 2
60 512 3 8192 2.000000000 2
60 532 3 8192 2.000000000 2
60 548 3 8192 2.000000000 2
60 552 3 8192 2.000000000 2
60 556 3 8192 2.000000000 2
60 564 3 8192 2.000000000 2
60 628 3 8192 2.000000000 2
60 632 3 8192 2.000000000 2
60 684 3 8192 2.000000000 2
60 716 3 8192 2.000000000 2
60 720 3 8192 2.000000000 2
60 724 3 8192 2.000000000 2
60 756 3 8192 2.000000000 2
60 760 3 8192 2.000000000 2
60 780 3 8192 2.000000000 2
60 788 3 8192 2.000000000 2
60 792 3 8192 2.000000000 2
60 820 3 8192 2.000000000 2
60 824 3 8192 2.000000000 2
60 848 3 8192 2.000000000 2
60 868 3 8192 2.000000000 2
60 892 3 8192 2.000000000 2
60 912 3 8192 2.000000000 2
60 924 3 8192 2.000000000 2
60 944 3 8192 2.000000000 2
60 952 3 8192 2.000000000 2
60 960 3 8192 2.000000000 2
60 964 3 8192 2.000000000 2
60 980 3 8192 2.000000000 2
60 984 3 8192 2.000000000 2
60 1024 3 8192 2.000000000 2
60 1112 3 8192 2.000000000 2
60 1116 3 8192 2.000000000 2
60 1124 3 8192 2.000000000 2
60 1168 3 8192 2.000000000 2
60 1184 3 8192 2.000000000 2
60 1192 3 8192 2.000000000 2
60 1196 3 8192 2.000000000 2
60 1220 3 8192 2.000000000 2
60 1244 3 8192 2.000000000 2
60 1248 3 8192 2.000000000 2
60 1264 3 8192 2.000000000 2
64 28 3 8192 2.000000000 2
64 40 3 8192 2.000000000 2
64 52 3 8192 2.000000000 2
64 60 3 8192 2.000000000 2
64 108 3 8192 2.000000000 2
64 128 3 8192 2.000000000 2
64 136 3 8192 2.000000000 2
64 144 3 8192 2.000000000 2
64 156 3 8192 2.000000000 2
64 184 3 8192 2.000000000 2
64 192 3 8192 2.000000000 2
64 204 3 8192 2.000000000 2
64 220 3 8192 2.000000000 2
64 228 3 8192 2.000000000 2
64 232 3 8192 2.000000000 2
64 240 3 8192 2.000000000 2
64 248 3 8192 2.000000000 2
64 312 3 8192 2.000000000 2
64 352 3 8192 2.000000000 2
64 376 3 8192 2.000000000 2
64 404 3 8192 2.000000000 2
64 424 3 8192 2.000000000 2
64 432 3 8192 2.000000000 2
64 452 3 8192 2.000000000 2
64 468 3 8192 2.000000000 2
64 512 3 8192 2.000000000 2
64 532 3 8192 2.000000000 2
64 564 3 8192 2.000000000 2
64 568 3 8192 2.000000000 2
64 620 3 8192 2.000000000 2
64 632 3 8192 2.000000000 2
64 680 3 8192 2.000000000 2
64 688 3 8192 2.000000000 2
64 704 3 8192 2.000000000 2
64 712 3 8192 2.000000000 2
64 724 3 8192 2.000000000 2
64 740 3 8192 2.000000000 2
64 788 3 8192 2.000000000 2
64 812 3 8192 2.000000000 2
64 832 3 8192 2.000000000 2
64 876 3 8192 2.000000000 2
64 912 3 8192 2.000000000 2
64 932 3 8192 2.000000000 2
64 984 3 8192 2.000000000 2
64 992 3 8192 2.000000000 2
64 1048 3 8192 2.000000000 2
64 1072 3 8192 2.000000000 2
64 1080 3 8192 2.000000000 2
64 1084 3 8192 2.000000000 2
64 1104 3 8192 2.000000000 2
64 1112 3 8192 2.000000000 2
64 1120 3 8192 2.000000000 2
64 1128 3 8192 2.000000000 2
64 1148 3 8192 2.000000000 2
64 1152 3 8192 2.000000000 2
64 1156 3 8192 2.000000000 2
64 1164 3 8192 2.000000000 2
64 1168 3 8192 2.000000000 2
64 1180 3 8192 2.000000000 2
64 1196 3 8192 2.000000000 2
64 1204 3 8192 2.000000000 2
64 1240 3 8192 2.000000000 2
64 1244 3 8192 2.000000000 2
64 1272 3 8192 2.000000000 2
68 20 3 8192 2.000000000 2
68 48 3 8192 2.000000000 2
68 76 3 8192 2.000000000 2
68 92 3 8192 2.000000000 2
68 96 3 8192 2.000000000 2
68 100 3 8192 2.000000000 2
68 132 3 8192 2.000000000 2
68 136 3 8192 2.000000000 2
68 140 3 8192 2.000000000 2
68 152 3 8192 2.000000000 2
68 184 3 8192 2.000000000 2
68 196 3 8192 2.000000000 2
68 204 3 8192 2.000000000 2
68 220 3 8192 2.000000000 2
68 236 3 8192 2.000000000 2
68 252 3 8192 2.000000000 2
68 256 3 8192 2.000000000 2
68 268 3 8192 2.000000000 2
68 296 3 8192 2.000000000 2
68 308 3 8192 2.000000000 2
68 312 3 8192 2.000000000 2
68 316 3 8192 2.000000000 2
68 340 3 8192 2.000000000 2
68 348 3 8192 2.000000000 2
68 356 3 8192 2.000000000 2
68 360 3 8192 2.000000000 2
68 396 3 8192 2.000000000 2
68 448 3 8192 2.000000000 2
68 484 3 8192 2.000000000 2
68 508 3 8192 2.000000000 2
68 560 3 8192 2.000000000 2
68 600 3 8192 2.000000000 2
68 632 3 8192 2.000000000 2
68 660 3 8192 2.000000000 2
68 696 3 8192 2.000000000 2
68 700 3 8192 2.000000000 2
68 704 3 8192 2.000000000 2
68 712 3 8192 2.000000000 2
68 740 3 8192 2.000000000 2
68 776 3 8192 2.000000000 2
68 788 3 8192 2.000000000 2
68 792 3 8192 2.000000000 2
68 824 3 8192 2.000000000 2
68 828 3 8192 2.000000000 2
68 868 3 8192 2.000000000 2
68 888 3 8192 2.000000000 2
68 900 3 8192 2.000000000 2
68 968 3 8192 2.000000000 2
68 984 3 8192 2.000000000 2
68 996 3 8192 2.000000000 2
68 1000 3 8192 2.000000000 2
68 1012 3 8192 2.000000000 2
68 1016 3 8192 2.000000000 2
68 1048 3 8192 2.000000000 2
68 1060 3 8192 2.000000000 2
68 1068 3 8192 2.000000000 2
68 1080 3 8192 2.000000000 2
68 1124 3 8192 2.000000000 2
68 1160 3 8192 2.000000000 2
68 1188 3 8192 2.000000000 2
68 1192 3 8192 2.000000000 2
68 1212 3 8192 2.000000000 2
68 1228 3 8192 2.000000000 2
68 1264 3 8192 2.000000000 2
76 16 3 8192 2.000000000 2
76 20 3 8192 2.000000000 2
76 32 3 8192 2.000000000 2
76 36 3 8192 2.000000000 2
76 44 3 8192 2.000000000 2
76 88 3 8192 2.000000000 2
76 92 3 8192 2.000000000 2
76 100 3 8192 2.000000000 2
76 108 3 8192 2.000000000 2
76 128 3 8192 2.000000000 2
76 132 3 8192 2.000000000 2
76 144 3 8192 2.000000000 2
76 152 3 8192 2.000000000 2
76 180 3 8192 2.000000000 2
76 184 3 8192 2.000000000 2
76 200 3 8192 2.000000000 2
76 208 3 8192 2.000000000 2
76 216 3 8192 2.000000000 2
76 256 3 8192 2.000000000 2
76 264 3 8192 2.000000000 2
76 292 3 8192 2.000000000 2
76 296 3 8192 2.000000000 2
76 308 3 8192 2.000000000 2
76 316 3 8192 2.000000000 2
76 332 3 8192 2.000000000 2
76 392 3 8192 2.000000000 2
76 500 3 8192 2.000000000 2
76 504 3 8192 2.000000000 2
76 508 3 8192 2.000000000 2
76 520 3 8192 2.000000000 2
76 532 3 8192 2.000000000 2
76 552 3 8192 2.000000000 2
76 580 3 8192 2.000000000 2
76 584 3 8192 2.000000000 2
76 596 3 8192 2.000000000 2
76 620 3 8192 2.000000000 2
76 628 3 8192 2.000000000 2
76 668 3 8192 2.000000000 2
76 704 3 8192 2.000000000 2
76 756 3 8192 2.000000000 2
76 764 3 8192 2.000000000 2
76 776 3 8192 2.000000000 2
76 792 3 8192 2.000000000 2
76 836 3 8192 2.000000000 2
76 852 3 8192 2.000000000 2
76 856 3 8192 2.000000000 2
76 864 3 8192 2.000000000 2
76 912 3 8192 2.000000000 2
76 944 3 8192 2.000000000 2
76 960 3 8192 2.000000000 2
76 972 3 8192 2.000000000 2
76 976 3 8192 2.000000000 2
76 980 3 8192 2.000000000 2
76 1000 3 8192 2.000000000 2
76 1016 3 8192 2.000000000 2
76 1060 3 8192 2.000000000 2
76 1072 3 8192 2.000000000 2
76 1080 3 8192 2.000000000 2
76 1116 3 8192 2.000000000 2
76 1124 3 8192 2.000000000 2
76 1152 3 8192 2.000000000 2
76 1156 3 8192 2.000000000 2
76 1176 3 8192 2.000000000 2
76 1196 3 8192 2.000000000 2
88 24 3 8192 2.000000000 2
88 28 3 8192 2.000000000 2
88 64 3 8192 2.000000000 2
88 96 3 8192 2.000000000 2
88 108 3 8192 2.000000000 2
88 124 3 8192 2.000000000 2
88 128 3 8192 2.000000000 2
88 180 3 8192 2.000000000 2
88 184 3 8192 2.000000000 2
88 224 3 8192 2.000000000 2
88 236 3 8192 2.000000000 2
88 240 3 8192 2.000000000 2
88 244 3 8192 2.000000000 2
88 252 3 8192 2.000000000 2
88 276 3 8192 2.000000000 2
88 300 3 8192 2.000000000 2
88 332 3 8192 2.000000000 2
88 348 3 8192 2.000000000 2
88 352 3 8192 2.000000000 2
88 360 3 8192 2.000000000 2
88 368 3 8192 2.000000000 2
88 392 3 8192 2.000000000 2
88 404 3 8192 2.000000000 2
88 436 3 8192 2.000000000 2
88 440 3 8192 2.000000000 2
88 448 3 8192 2.000000000 2
88 480 3 8192 2.000000000 2
88 488 3 8192 2.000000000 2
88 492 3 8192 2.000000000 2
88 520 3 8192 2.000000000 2
88 524 3 8192 2.000000000 2
88 548 3 8192 2.000000000 2
88 552 3 8192 2.000000000 2
88 596 3 8192 2.000000000 2
88 620 3 8192 2.000000000 2
88 624 3 8192 2.000000000 2
88 632 3 8192 2.000000000 2
88 644 3 8192 2.000000000 2
88 652 3 8192 2.000000000 2
88 656 3 8192 2.000000000 2
88 680 3 8192 2.000000000 2
88 712 3 8192 2.000000000 2
88 716 3 8192 2.000000000 2
88 776 3 8192 2.000000000 2
88 792 3 8192 2.000000000 2
88 796 3 8192 2.000000000 2
88 812 3 8192 2.000000000 2
88 820 3 8192 2.000000000 2
88 828 3 8192 2.000000000 2
88 840 3 8192 2.000000000 2
88 916 3 8192 2.000000000 2
88 964 3 8192 2.000000000 2
88 996 3 8192 2.000000000 2
88 1048 3 8192 2.000000000 2
88 1052 3 8192 2.000000000 2
88 1072 3 8192 2.000000000 2
88 1096 3 8192 2.000000000 2
88 1112 3 8192 2.000000000 2
88 1196 3 8192 2.000000000 2
88 1216 3 8192 2.000000000 2
88 1232 3 8192 2.000000000 2
88 1244 3 8192 2.000000000 2
88 1252 3 8192 2.000000000 2
88 1264 3 8192 2.000000000 2
92 0 3 8192 2.000000000 2
92 16 3 8192 2.000000000 2
92 20 3 8192 2.000000000 2
92 24 3 8192 2.000000000 2
92 28 3 8192 2.000000000 2
92 36 3 8192 2.000000000 2
92 40 3 8192 2.000000000 2
92 76 3 8192 2.000000000 2
92 88 3 8192 2.000000000 2
92 100 3 8192 2.000000000 2
92 144 3 8192 2.000000000 2
92 168 3 8192 2.000000000 2
92 184 3 8192 2.000000000 2
92 216 3 8192 2.000000000 2
92 236 3 8192 2.000000000 2
92 312 3 8192 2.000000000 2
92 324 3 8192 2.000000000 2
92 336 3 8192 2.000000000 2
92 352 3 8192 2.000000000 2
92 372 3 8192 2.000000000 2
92 388 3 8192 2.000000000 2
92 392 3 8192 2.000000000 2
92 464 3 8192 2.000000000 2
92 468 3 8192 2.000000000 2
92 488 3 8192 2.000000000 2
92 492 3 8192 2.000000000 2
92 508 3 8192 2.000000000 2
92 516 3 8192 2.000000000 2
92 532 3 8192 2.000000000 2
92 580 3 8192 2.000000000 2
92 584 3 8192 2.000000000 2
92 608 3 8192 2.000000000 2
92 628 3 8192 2.000000000 2
92 660 3 8192 2.000000000 2
92 676 3 8192 2.000000000 2
92 696 3 8192 2.000000000 2
92 700 3 8192 2.000000000 2
92 704 3 8192 2.000000000 2
92 724 3 8192 2.000000000 2
92 736 3 8192 2.000000000 2
92 740 3 8192 2.000000000 2
92 752 3 8192 2.000000000 2
92 756 3 8192 2.000000000 2
92 776 3 8192 2.000000000 2
92 792 3 8192 2.000000000 2
92 836 3 8192 2.000000000 2
92 864 3 8192 2.000000000 2
92 888 3 8192 2.000000000 2
92 896 3 8192 2.000000000 2
92 912 3 8192 2.000000000 2
92 960 3 8192 2.000000000 2
92 980 3 8192 2.000000000 2
92 996 3 8192 2.000000000 2
92 1000 3 8192 2.000000000 2
92 1036 3 8192 2.000000000 2
92 1076 3 8192 2.000000000 2
92 1084 3 8192 2.000000000 2
92 1112 3 8192 2.000000000 2
92 1116 3 8192 2.000000000 2
92 1180 3 8192 2.000000000 2
92 1216 3 8192 2.000000000 2
92 1220 3 8192 2.000000000 2
92 1252 3 8192 2.000000000 2
92 1264 3 8192 2.000000000 2
96 28 3 8192 2.000000000 2
96 52 3 8192 2.000000000 2
96 68 3 8192 2.000000000 2
96 92 3 8192 2.000000000 2
96 100 3 8192 2.000000000 2
96 124 3 8192 2.000000000 2
96 168 3 8192 2.000000000 2
96 172 3 8192 2.000000000 2
96 180 3 8192 2.000000000 2
96 184 3 8192 2.000000000 2
96 196 3 8192 2.000000000 2
96 220 3 8192 2.000000000 2
96 228 3 8192 2.000000000 2
96 236 3 8192 2.000000000 2
96 248 3 8192 2.000000000 2
96 284 3 8192 2.000000000 2
96 332 3 8192 2.000000000 2
96 336 3 8192 2.000000000 2
96 340 3 8192 2.000000000 2
96 404 3 8192 2.000000000 2
96 412 3 8192 2.000000000 2
96 440 3 8192 2.000000000 2
96 448 3 8192 2.000000000 2
96 464 3 8192 2.000000000 2
96 480 3 8192 2.000000000 2
96 484 3 8192 2.000000000 2
96 512 3 8192 2.000000000 2
96 520 3 8192 2.000000000 2
96 524 3 8192 2.000000000 2
96 540 3 8192 2.000000000 2
96 556 3 8192 2.000000000 2
96 564 3 8192 2.000000000 2
96 568 3 8192 2.000000000 2
96 592 3 8192 2.000000000 2
96 608 3 8192 2.000000000 2
96 628 3 8192 2.000000000 2
96 652 3 8192 2.000000000 2
96 656 3 8192 2.000000000 2
96 668 3 8192 2.000000000 2
96 680 3 8192 2.000000000 2
96 684 3 8192 2.000000000 2
96 688 3 8192 2.000000000 2
96 692 3 8192 2.000000000 2
96 720 3 8192 2.000000000 2
96 740 3 8192 2.000000000 2
96 772 3 8192 2.000000000 2
96 844 3 8192 2.000000000 2
96 888 3 8192 2.000000000 2
96 912 3 8192 2.000000000 2
96 940 3 8192 2.000000000 2
96 972 3 8192 2.000000000 2
96 1020 3 8192 2.000000000 2
96 1048 3 8192 2.000000000 2
96 1076 3 8192 2.000000000 2
96 1124 3 8192 2.000000000 2
96 1128 3 8192 2.000000000 2
96 1160 3 8192 2.000000000 2
96 1164 3 8192 2.000000000 2
96 1184 3 8192 2.000000000 2
96 1204 3 8192 2.000000000 2
96 1216 3 8192 2.000000000 2
96 1232 3 8192 2.000000000 2
96 1244 3 8192 2.000000000 2
96 1272 3 8192 2.000000000 2
100 24 3 8192 2.000000000 2
100 44 3 8192 2.000000000 2
100 56 3 8192 2.000000000 2
100 64 3 8192 2.000000000 2
100 76 3 8192 2.000000000 2
100 104 3 8192 2.000000000 2
100 120 3 8192 2.000000000 2
100 128 3 8192 2.000000000 2
100 136 3 8192 2.000000000 2
100 144 3 8192 2.000000000 2
100 156 3 8192 2.000000000 2
100 160 3 8192 2.000000000 2
100 164 3 8192 2.000000000 2
100 168 3 8192 2.000000000 2
100 184 3 8192 2.000000000 2
100 200 3 8192 2.000000000 2
100 224 3 8192 2.000000000 2
100 228 3 8192 2.000000000 2
100 232 3 8192 2.000000000 2
100 236 3 8192 2.000000000 2
100 240 3 8192 2.000000000 2
100 264 3 8192 2.000000000 2
100 308 3 8192 2.000000000 2
100 312 3 8192 2.000000000 2
100 332 3 8192 2.000000000 2
100 352 3 8192 2.000000000 2
100 376 3 8192 2.000000000 2
100 392 3 8192 2.000000000 2
100 400 3 8192 2.000000000 2
100 404 3 8192 2.000000000 2
100 408 3 8192 2.000000000 2
100 448 3 8192 2.000000000 2
100 456 3 8192 2.000000000 2
100 488 3 8192 2.000000000 2
100 492 3 8192 2.000000000 2
100 560 3 8192 2.000000000 2
100 608 3 8192 2.000000000 2
100 612 3 8192 2.000000000 2
100 620 3 8192 2.000000000 2
100 660 3 8192 2.000000000 2
100 684 3 8192 2.000000000 2
100 712 3 8192 2.000000000 2
100 716 3 8192 2.000000000 2
100 720 3 8192 2.000000000 2
100 764 3 8192 2.000000000 2
100 812 3 8192 2.000000000 2
100 840 3 8192 2.000000000 2
100 848 3 8192 2.000000000 2
100 852 3 8192 2.000000000 2
100 864 3 8192 2.000000000 2
100 956 3 8192 2.000000000 2
100 992 3 8192 2.000000000 2
100 1012 3 8192 2.000000000 2
100 1036 3 8192 2.000000000 2
100 1060 3 8192 2.000000000 2
100 1084 3 8192 2.000000000 2
100 1096 3 8192 2.000000000 2
100 1108 3 8192 2.000000000 2
100 1164 3 8192 2.000000000 2
100 1184 3 8192 2.000000000 2
100 1188 3 8192 2.000000000 2
100 1192 3 8192 2.000000000 2
100 1220 3 8192 2.000000000 2
100 1272 3 8192 2.000000000 2
104 28 3 8192 2.000000000 2
104 52 3 8192 2.000000000 2
104 56 3 8192 2.000000000 2
104 68 3 8192 2.000000000 2
104 88 3 8192 2.000000000 2
104 108 3 8192 2.000000000 2
104 124 3 8192 2.000000000 2
104 144 3 8192 2.000000000 2
104 188 3 8192 2.000000000 2
104 196 3 8192 2.000000000 2
104 200 3 8192 2.000000000 2
104 248 3 8192 2.000000000 2
104 268 3 8192 2.000000000 2
104 272 3 8192 2.000000000 2
104 284 3 8192 2.000000000 2
104 300 3 8192 2.000000000 2
104 304 3 8192 2.000000000 2
104 352 3 8192 2.000000000 2
104 368 3 8192 2.000000000 2
104 404 3 8192 2.000000000 2
104 408 3 8192 2.000000000 2
104 424 3 8192 2.000000000 2
104 432 3 8192 2.000000000 2
104 436 3 8192 2.000000000 2
104 452 3 8192 2.000000000 2
104 480 3 8192 2.000000000 2
104 500 3 8192 2.000000000 2
104 520 3 8192 2.000000000 2
104 540 3 8192 2.000000000 2
104 552 3 8192 2.000000000 2
104 556 3 8192 2.000000000 2
104 564 3 8192 2.000000000 2
104 592 3 8192 2.000000000 2
104 608 3 8192 2.000000000 2
104 612 3 8192 2.000000000 2
104 640 3 8192 2.000000000 2
104 660 3 8192 2.000000000 2
104 676 3 8192 2.000000000 2
104 688 3 8192 2.000000000 2
104 692 3 8192 2.000000000 2
104 696 3 8192 2.000000000 2
104 716 3 8192 2.000000000 2
104 720 3 8192 2.000000000 2
104 724 3 8192 2.000000000 2
104 744 3 8192 2.000000000 2
104 776 3 8192 2.000000000 2
104 792 3 8192 2.000000000 2
104 812 3 8192 2.000000000 2
104 824 3 8192 2.000000000 2
104 828 3 8192 2.000000000 2
104 836 3 8192 2.000000000 2
104 840 3 8192 2.000000000 2
104 844 3 8192 2.000000000 2
104 888 3 8192 2.000000000 2
104 944 3 8192 2.000000000 2
104 968 3 8192 2.000000000 2
104 1024 3 8192 2.000000000 2
104 1060 3 8192 2.000000000 2
104 1076 3 8192 2.000000000 2
104 1096 3 8192 2.000000000 2
104 1108 3 8192 2.000000000 2
104 1152 3 8192 2.000000000 2
104 1180 3 8192 2.000000000 2
104 1244 3 8192 2.000000000 2
108 8 3 8192 2.000000000 2
108 16 3 8192 2.000000000 2
108 20 3 8192 2.000000000 2
108 32 3 8192 2.000000000 2
108 40 3 8192 2.000000000 2
108 60 3 8192 2.000000000 2
108 104 3 8192 2.000000000 2
108 120 3 8192 2.000000000 2
108 140 3 8192 2.000000000 2
108 152 3 8192 2.000000000 2
108 244 3 8192 2.000000000 2
108 264 3 8192 2.000000000 2
108 292 3 8192 2.000000000 2
108 296 3 8192 2.000000000 2
108 304 3 8192 2.000000000 2
108 308 3 8192 2.000000000 2
108 356 3 8192 2.000000000 2
108 380 3 8192 2.000000000 2
108 392 3 8192 2.000000000 2
108 396 3 8192 2.000000000 2
108 432 3 8192 2.000000000 2
108 440 3 8192 2.000000000 2
108 448 3 8192 2.000000000 2
108 468 3 8192 2.000000000 2
108 508 3 8192 2.000000000 2
108 520 3 8192 2.000000000 2
108 528 3 8192 2.000000000 2
108 580 3 8192 2.000000000 2
108 608 3 8192 2.000000000 2
108 612 3 8192 2.000000000 2
108 628 3 8192 2.000000000 2
108 664 3 8192 2.000000000 2
108 676 3 8192 2.000000000 2
108 712 3 8192 2.000000000 2
108 716 3 8192 2.000000000 2
108 724 3 8192 2.000000000 2
108 736 3 8192 2.000000000 2
108 744 3 8192 2.000000000 2
108 760 3 8192 2.000000000 2
108 780 3 8192 2.000000000 2
108 844 3 8192 2.000000000 2
108 848 3 8192 2.000000000 2
108 896 3 8192 2.000000000 2
108 900 3 8192 2.000000000 2
108 912 3 8192 2.000000000 2
108 940 3 8192 2.000000000 2
108 944 3 8192 2.000000000 2
108 956 3 8192 2.000000000 2
108 960 3 8192 2.000000000 2
108 992 3 8192 2.000000000 2
108 1052 3 8192 2.000000000 2
108 1120 3 8192 2.000000000 2
108 1136 3 8192 2.000000000 2
108 1152 3 8192 2.000000000 2
108 1160 3 8192 2.000000000 2
108 1164 3 8192 2.000000000 2
108 1168 3 8192 2.000000000 2
108 1188 3 8192 2.000000000 2
108 1192 3 8192 2.000000000 2
108 1204 3 8192 2.000000000 2
108 1232 3 8192 2.000000000 2
108 1244 3 8192 2.000000000 2
108 1252 3 8192 2.000000000 2
108 1272 3 8192 2.000000000 2
120 28 3 8192 2.000000000 2
120 40 3 8192 2.000000000 2
120 68 3 8192 2.000000000 2
120 144 3 8192 2.000000000 2
120 156 3 8192 2.000000000 2
120 160 3 8192 2.000000000 2
120 184 3 8192 2.000000000 2
120 188 3 8192 2.000000000 2
120 196 3 8192 2.000000000 2
120 200 3 8192 2.000000000 2
120 204 3 8192 2.000000000 2
120 208 3 8192 2.000000000 2
120 236 3 8192 2.000000000 2
120 256 3 8192 2.000000000 2
120 292 3 8192 2.000000000 2
120 300 3 8192 2.000000000 2
120 348 3 8192 2.000000000 2
120 376 3 8192 2.000000000 2
120 380 3 8192 2.000000000 2
120 392 3 8192 2.000000000 2
120 412 3 8192 2.000000000 2
120 424 3 8192 2.000000000 2
120 436 3 8192 2.000000000 2
120 464 3 8192 2.000000000 2
120 484 3 8192 2.000000000 2
120 488 3 8192 2.000000000 2
120 492 3 8192 2.000000000 2
120 500 3 8192 2.000000000 2
120 528 3 8192 2.000000000 2
120 548 3 8192 2.000000000 2
120 560 3 8192 2.000000000 2
120 592 3 8192 2.000000000 2
120 612 3 8192 2.000000000 2
120 620 3 8192 2.000000000 2
120 628 3 8192 2.000000000 2
120 632 3 8192 2.000000000 2
120 640 3 8192 2.000000000 2
120 652 3 8192 2.000000000 2
120 676 3 8192 2.000000000 2
120 680 3 8192 2.000000000 2
120 700 3 8192 2.000000000 2
120 704 3 8192 2.000000000 2
120 712 3 8192 2.000000000 2
120 716 3 8192 2.000000000 2
120 720 3 8192 2.000000000 2
120 732 3 8192 2.000000000 2
120 752 3 8192 2.000000000 2
120 836 3 8192 2.000000000 2
120 840 3 8192 2.000000000 2
120 860 3 8192 2.000000000 2
120 868 3 8192 2.000000000 2
120 888 3 8192 2.000000000 2
120 896 3 8192 2.000000000 2
120 928 3 8192 2.000000000 2
120 1024 3 8192 2.000000000 2
120 1072 3 8192 2.000000000 2
120 1084 3 8192 2.000000000 2
120 1096 3 8192 2.000000000 2
120 1136 3 8192 2.000000000 2
120 1176 3 8192 2.000000000 2
120 1192 3 8192 2.000000000 2
120 1228 3 8192 2.000000000 2
120 1232 3 8192 2.000000000 2
120 1248 3 8192 2.000000000 2
124 24 3 8192 2.000000000 2
124 40 3 8192 2.000000000 2
124 52 3 8192 2.000000000 2
124 104 3 8192 2.000000000 2
124 108 3 8192 2.000000000 2
124 144 3 8192 2.000000000 2
124 156 3 8192 2.000000000 2
124 164 3 8192 2.000000000 2
124 180 3 8192 2.000000000 2
124 184 3 8192 2.000000000 2
124 200 3 8192 2.000000000 2
124 224 3 8192 2.000000000 2
124 236 3 8192 2.000000000 2
124 244 3 8192 2.000000000 2
124 272 3 8192 2.000000000 2
124 288 3 8192 2.000000000 2
124 324 3 8192 2.000000000 2
124 352 3 8192 2.000000000 2
124 380 3 8192 2.000000000 2
124 400 3 8192 2.000000000 2
124 408 3 8192 2.000000000 2
124 448 3 8192 2.000000000 2
124 468 3 8192 2.000000000 2
124 500 3 8192 2.000000000 2
124 508 3 8192 2.000000000 2
124 524 3 8192 2.000000000 2
124 532 3 8192 2.000000000 2
124 548 3 8192 2.000000000 2
124 560 3 8192 2.000000000 2
124 584 3 8192 2.000000000 2
124 592 3 8192 2.000000000 2
124 624 3 8192 2.000000000 2
124 636 3 8192 2.000000000 2
124 640 3 8192 2.000000000 2
124 644 3 8192 2.000000000 2
124 656 3 8192 2.000000000 2
124 660 3 8192 2.000000000 2
124 684 3 8192 2.000000000 2
124 688 3 8192 2.000000000 2
124 708 3 8192 2.000000000 2
124 744 3 8192 2.000000000 2
124 752 3 8192 2.000000000 2
124 756 3 8192 2.000000000 2
124 764 3 8192 2.000000000 2
124 780 3 8192 2.000000000 2
124 788 3 8192 2.000000000 2
124 852 3 8192 2.000000000 2
124 928 3 8192 2.000000000 2
124 964 3 8192 2.000000000 2
124 968 3 8192 2.000000000 2
124 976 3 8192 2.000000000 2
124 984 3 8192 2.000000000 2
124 1028 3 8192 2.000000000 2
124 1036 3 8192 2.000000000 2
124 1072 3 8192 2.000000000 2
124 1080 3 8192 2.000000000 2
124 1084 3 8192 2.000000000 2
124 1124 3 8192 2.000000000 2
124 1128 3 8192 2.000000000 2
124 1148 3 8192 2.000000000 2
124 1184 3 8192 2.000000000 2
124 1196 3 8192 2.000000000 2
124 1228 3 8192 2.000000000 2
124 1248 3 8192 2.000000000 2
128 8 3 8192 2.000000000 2
128 20 3 8192 2.000000000 2
128 40 3 8192 2.000000000 2
128 48 3 8192 2.000000000 2
128 56 3 8192 2.000000000 2
128 92 3 8192 2.000000000 2
128 120 3 8192 2.000000000 2
128 164 3 8192 2.000000000 2
128 204 3 8192 2.000000000 2
128 208 3 8192 2.000000000 2
128 220 3 8192 2.000000000 2
128 228 3 8192 2.000000000 2
128 232 3 8192 2.000000000 2
128 264 3 8192 2.000000000 2
128 268 3 8192 2.000000000 2
128 284 3 8192 2.000000000 2
128 288 3 8192 2.000000000 2
128 296 3 8192 2.000000000 2
128 300 3 8192 2.000000000 2
128 352 3 8192 2.000000000 2
128 356 3 8192 2.000000000 2
128 400 3 8192 2.000000000 2
128 408 3 8192 2.000000000 2
128 412 3 8192 2.000000000 2
128 424 3 8192 2.000000000 2
128 436 3 8192 2.000000000 2
128 468 3 8192 2.000000000 2
128 480 3 8192 2.000000000 2
128 484 3 8192 2.000000000 2
128 492 3 8192 2.000000000 2
128 504 3 8192 2.000000000 2
128 524 3 8192 2.000000000 2
128 560 3 8192 2.000000000 2
128 600 3 8192 2.000000000 2
128 608 3 8192 2.000000000 2
128 636 3 8192 2.000000000 2
128 644 3 8192 2.000000000 2
128 668 3 8192 2.000000000 2
128 700 3 8192 2.000000000 2
128 708 3 8192 2.000000000 2
128 720 3 8192 2.000000000 2
128 744 3 8192 2.000000000 2
128 756 3 8192 2.000000000 2
128 760 3 8192 2.000000000 2
128 772 3 8192 2.000000000 2
128 788 3 8192 2.000000000 2
128 820 3 8192 2.000000000 2
128 824 3 8192 2.000000000 2
128 836 3 8192 2.000000000 2
128 852 3 8192 2.000000000 2
128 876 3 8192 2.000000000 2
128 888 3 8192 2.000000000 2
128 892 3 8192 2.000000000 2
128 960 3 8192 2.000000000 2
128 1072 3 8192 2.000000000 2
128 1076 3 8192 2.000000000 2
128 1136 3 8192 2.000000000 2
128 1148 3 8192 2.000000000 2
128 1152 3 8192 2.000000000 2
128 1164 3 8192 2.000000000 2
128 1168 3 8192 2.000000000 2
128 1196 3 8192 2.000000000 2
128 1244 3 8192 2.000000000 2
128 1264 3 8192 2.000000000 2
132 0 3 8192 2.000000000 2
132 8 3 8192 2.000000000 2
132 16 3 8192 2.000000000 2
132 40 3 8192 2.000000000 2
132 44 3 8192 2.000000000 2
132 76 3 8192 2.000000000 2
132 92 3 8192 2.000000000 2
132 120 3 8192 2.000000000 2
132 156 3 8192 2.000000000 2
132 160 3 8192 2.000000000 2
132 168 3 8192 2.000000000 2
132 192 3 8192 2.000000000 2
132 208 3 8192 2.000000000 2
132 216 3 8192 2.000000000 2
132 220 3 8192 2.000000000 2
132 244 3 8192 2.000000000 2
132 252 3 8192 2.000000000 2
132 272 3 8192 2.000000000 2
132 308 3 8192 2.000000000 2
132 324 3 8192 2.000000000 2
132 328 3 8192 2.000000000 2
132 348 3 8192 2.000000000 2
132 352 3 8192 2.000000000 2
132 356 3 8192 2.000000000 2
132 372 3 8192 2.000000000 2
132 388 3 8192 2.000000000 2
132 392 3 8192 2.000000000 2
132 412 3 8192 2.000000000 2
132 456 3 8192 2.000000000 2
132 484 3 8192 2.000000000 2
132 488 3 8192 2.000000000 2
132 524 3 8192 2.000000000 2
132 540 3 8192 2.000000000 2
132 548 3 8192 2.000000000 2
132 552 3 8192 2.000000000 2
132 560 3 8192 2.000000000 2
132 564 3 8192 2.000000000 2
132 568 3 8192 2.000000000 2
132 628 3 8192 2.000000000 2
132 644 3 8192 2.000000000 2
132 656 3 8192 2.000000000 2
132 664 3 8192 2.000000000 2
132 676 3 8192 2.000000000 2
132 680 3 8192 2.000000000 2
132 684 3 8192 2.000000000 2
132 708 3 8192 2.000000000 2
132 724 3 8192 2.000000000 2
132 736 3 8192 2.000000000 2
132 788 3 8192 2.000000000 2
132 876 3 8192 2.000000000 2
132 928 3 8192 2.000000000 2
132 956 3 8192 2.000000000 2
132 964 3 8192 2.000000000 2
132 968 3 8192 2.000000000 2
132 1024 3 8192 2.000000000 2
132 1028 3 8192 2.000000000 2
132 1052 3 8192 2.000000000 2
132 1060 3 8192 2.000000000 2
132 1164 3 8192 2.000000000 2
132 1184 3 8192 2.000000000 2
132 1196 3 8192 2.000000000 2
132 1200 3 8192 2.000000000 2
132 1220 3 8192 2.000000000 2
132 1244 3 8192 2.000000000 2
136 28 3 8192 2.000000000 2
136 48 3 8192 2.000000000 2
136 52 3 8192 2.000000000 2
136 56 3 8192 2.000000000 2
136 88 3 8192 2.000000000 2
136 100 3 8192 2.000000000 2
136 124 3 8192 2.000000000 2
136 132 3 8192 2.000000000 2
136 152 3 8192 2.000000000 2
136 156 3 8192 2.000000000 2
136 160 3 8192 2.000000000 2
136 180 3 8192 2.000000000 2
136 184 3 8192 2.000000000 2
136 208 3 8192 2.000000000 2
136 220 3 8192 2.000000000 2
136 228 3 8192 2.000000000 2
136 236 3 8192 2.000000000 2
136 244 3 8192 2.000000000 2
136 272 3 8192 2.000000000 2
136 288 3 8192 2.000000000 2
136 324 3 8192 2.000000000 2
136 328 3 8192 2.000000000 2
136 368 3 8192 2.000000000 2
136 372 3 8192 2.000000000 2
136 392 3 8192 2.000000000 2
136 412 3 8192 2.000000000 2
136 424 3 8192 2.000000000 2
136 520 3 8192 2.000000000 2
136 548 3 8192 2.000000000 2
136 560 3 8192 2.000000000 2
136 568 3 8192 2.000000000 2
136 584 3 8192 2.000000000 2
136 640 3 8192 2.000000000 2
136 688 3 8192 2.000000000 2
136 692 3 8192 2.000000000 2
136 720 3 8192 2.000000000 2
136 740 3 8192 2.000000000 2
136 752 3 8192 2.000000000 2
136 756 3 8192 2.000000000 2
136 760 3 8192 2.000000000 2
136 780 3 8192 2.000000000 2
136 784 3 8192 2.000000000 2
136 792 3 8192 2.000000000 2
136 820 3 8192 2.000000000 2
136 860 3 8192 2.000000000 2
136 900 3 8192 2.000000000 2
136 916 3 8192 2.000000000 2
136 956 3 8192 2.000000000 2
136 960 3 8192 2.000000000 2
136 980 3 8192 2.000000000 2
136 1016 3 8192 2.000000000 2
136 1036 3 8192 2.000000000 2
136 1060 3 8192 2.000000000 2
136 1072 3 8192 2.000000000 2
136 1076 3 8192 2.000000000 2
136 1136 3 8192 2.000000000 2
136 1152 3 8192 2.000000000 2
136 1160 3 8192 2.000000000 2
136 1164 3 8192 2.000000000 2
136 1176 3 8192 2.000000000 2
136 1196 3 8192 2.000000000 2
136 1212 3 8192 2.000000000 2
136 1232 3 8192 2.000000000 2
136 1264 3 8192 2.000000000 2
140 16 3 8192 2.000000000 2
140 24 3 8192 2.000000000 2
140 40 3 8192 2.000000000 2
140 88 3 8192 2.000000000 2
140 100 3 8192 2.000000000 2
140 128 3 8192 2.000000000 2
140 184 3 8192 2.000000000 2
140 192 3 8192 2.000000000 2
140 196 3 8192 2.000000000 2
140 200 3 8192 2.000000000 2
140 204 3 8192 2.000000000 2
140 216 3 8192 2.000000000 2
140 232 3 8192 2.000000000 2
140 236 3 8192 2.000000000 2
140 252 3 8192 2.000000000 2
140 264 3 8192 2.000000000 2
140 268 3 8192 2.000000000 2
140 280 3 8192 2.000000000 2
140 296 3 8192 2.000000000 2
140 300 3 8192 2.000000000 2
140 308 3 8192 2.000000000 2
140 312 3 8192 2.000000000 2
140 336 3 8192 2.000000000 2
140 340 3 8192 2.000000000 2
140 396 3 8192 2.000000000 2
140 420 3 8192 2.000000000 2
140 480 3 8192 2.000000000 2
140 512 3 8192 2.000000000 2
140 520 3 8192 2.000000000 2
140 540 3 8192 2.000000000 2
140 552 3 8192 2.000000000 2
140 564 3 8192 2.000000000 2
140 584 3 8192 2.000000000 2
140 592 3 8192 2.000000000 2
140 600 3 8192 2.000000000 2
140 612 3 8192 2.000000000 2
140 628 3 8192 2.000000000 2
140 636 3 8192 2.000000000 2
140 668 3 8192 2.000000000 2
140 676 3 8192 2.000000000 2
140 732 3 8192 2.000000000 2
140 744 3 8192 2.000000000 2
140 756 3 8192 2.000000000 2
140 760 3 8192 2.000000000 2
140 812 3 8192 2.000000000 2
140 840 3 8192 2.000000000 2
140 844 3 8192 2.000000000 2
140 848 3 8192 2.000000000 2
140 900 3 8192 2.000000000 2
140 928 3 8192 2.000000000 2
140 932 3 8192 2.000000000 2
140 944 3 8192 2.000000000 2
140 964 3 8192 2.000000000 2
140 976 3 8192 2.000000000 2
140 1000 3 8192 2.000000000 2
140 1012 3 8192 2.000000000 2
140 1016 3 8192 2.000000000 2
140 1028 3 8192 2.000000000 2
140 1060 3 8192 2.000000000 2
140 1104 3 8192 2.000000000 2
140 1200 3 8192 2.000000000 2
140 1232 3 8192 2.000000000 2
140 1244 3 8192 2.000000000 2
140 1272 3 8192 2.000000000 2
144 56 3 8192 2.000000000 2
144 60 3 8192 2.000000000 2
144 92 3 8192 2.000000000 2
144 108 3 8192 2.000000000 2
144 132 3 8192 2.000000000 2
144 156 3 8192 2.000000000 2
144 160 3 8192 2.000000000 2
144 164 3 8192 2.000000000 2
144 168 3 8192 2.000000000 2
144 172 3 8192 2.000000000 2
144 200 3 8192 2.000000000 2
144 220 3 8192 2.000000000 2
144 236 3 8192 2.000000000 2
144 240 3 8192 2.000000000 2
144 256 3 8192 2.000000000 2
144 268 3 8192 2.000000000 2
144 284 3 8192 2.000000000 2
144 296 3 8192 2.000000000 2
144 324 3 8192 2.000000000 2
144 332 3 8192 2.000000000 2
144 348 3 8192 2.000000000 2
144 392 3 8192 2.000000000 2
144 396 3 8192 2.000000000 2
144 404 3 8192 2.000000000 2
144 412 3 8192 2.000000000 2
144 432 3 8192 2.000000000 2
144 484 3 8192 2.000000000 2
144 488 3 8192 2.000000000 2
144 500 3 8192 2.000000000 2
144 516 3 8192 2.000000000 2
144 520 3 8192 2.000000000 2
144 524 3 8192 2.000000000 2
144 540 3 8192 2.000000000 2
144 560 3 8192 2.000000000 2
144 564 3 8192 2.000000000 2
144 592 3 8192 2.000000000 2
144 612 3 8192 2.000000000 2
144 628 3 8192 2.000000000 2
144 632 3 8192 2.000000000 2
144 636 3 8192 2.000000000 2
144 640 3 8192 2.000000000 2
144 656 3 8192 2.000000000 2
144 660 3 8192 2.000000000 2
144 664 3 8192 2.000000000 2
144 668 3 8192 2.000000000 2
144 688 3 8192 2.000000000 2
144 692 3 8192 2.000000000 2
144 696 3 8192 2.000000000 2
144 712 3 8192 2.000000000 2
144 732 3 8192 2.000000000 2
144 736 3 8192 2.000000000 2
144 740 3 8192 2.000000000 2
144 760 3 8192 2.000000000 2
144 876 3 8192 2.000000000 2
144 892 3 8192 2.000000000 2
144 960 3 8192 2.000000000 2
144 964 3 8192 2.000000000 2
144 976 3 8192 2.000000000 2
144 1024 3 8192 2.000000000 2
144 1052 3 8192 2.000000000 2
144 1072 3 8192 2.000000000 2
144 1076 3 8192 2.000000000 2
144 1160 3 8192 2.000000000 2
144 1272 3 8192 2.000000000 2
152 20 3 8192 2.000000000 2
152 40 3 8192 2.000000000 2
152 56 3 8192 2.000000000 2
152 60 3 8192 2.000000000 2
152 68 3 8192 2.000000000 2
152 76 3 8192 2.000000000 2
152 92 3 8192 2.000000000 2
152 136 3 8192 2.000000000 2
152 160 3 8192 2.000000000 2
152 164 3 8192 2.000000000 2
152 172 3 8192 2.000000000 2
152 180 3 8192 2.000000000 2
152 184 3 8192 2.000000000 2
152 208 3 8192 2.000000000 2
152 228 3 8192 2.000000000 2
152 244 3 8192 2.000000000 2
152 284 3 8192 2.000000000 2
152 296 3 8192 2.000000000 2
152 300 3 8192 2.000000000 2
152 316 3 8192 2.000000000 2
152 332 3 8192 2.000000000 2
152 356 3 8192 2.000000000 2
152 360 3 8192 2.000000000 2
152 376 3 8192 2.000000000 2
152 424 3 8192 2.000000000 2
152 456 3 8192 2.000000000 2
152 480 3 8192 2.000000000 2
152 504 3 8192 2.000000000 2
152 548 3 8192 2.000000000 2
152 584 3 8192 2.000000000 2
152 616 3 8192 2.000000000 2
152 624 3 8192 2.000000000 2
152 632 3 8192 2.000000000 2
152 636 3 8192 2.000000000 2
152 660 3 8192 2.000000000 2
152 684 3 8192 2.000000000 2
152 712 3 8192 2.000000000 2
152 724 3 8192 2.000000000 2
152 732 3 8192 2.000000000 2
152 740 3 8192 2.000000000 2
152 752 3 8192 2.000000000 2
152 756 3 8192 2.000000000 2
152 796 3 8192 2.000000000 2
152 812 3 8192 2.000000000 2
152 820 3 8192 2.000000000 2
152 828 3 8192 2.000000000 2
152 832 3 8192 2.000000000 2
152 860 3 8192 2.000000000 2
152 868 3 8192 2.000000000 2
152 876 3 8192 2.000000000 2
152 912 3 8192 2.000000000 2
152 932 3 8192 2.000000000 2
152 940 3 8192 2.000000000 2
152 956 3 8192 2.000000000 2
152 960 3 8192 2.000000000 2
152 976 3 8192 2.000000000 2
152 1016 3 8192 2.000000000 2
152 1020 3 8192 2.000000000 2
152 1060 3 8192 2.000000000 2
152 1084 3 8192 2.000000000 2
152 1148 3 8192 2.000000000 2
152 1168 3 8192 2.000000000 2
152 1176 3 8192 2.000000000 2
152 1228 3 8192 2.000000000 2
156 8 3 8192 2.000000000 2
156 16 3 8192 2.000000000 2
156 24 3 8192 2.000000000 2
156 36 3 8192 2.000000000 2
156 48 3 8192 2.000000000 2
156 64 3 8192 2.000000000 2
156 76 3 8192 2.000000000 2
156 92 3 8192 2.000000000 2
156 96 3 8192 2.000000000 2
156 120 3 8192 2.000000000 2
156 132 3 8192 2.000000000 2
156 144 3 8192 2.000000000 2
156 152 3 8192 2.000000000 2
156 160 3 8192 2.000000000 2
156 196 3 8192 2.000000000 2
156 232 3 8192 2.000000000 2
156 240 3 8192 2.000000000 2
156 244 3 8192 2.000000000 2
156 248 3 8192 2.000000000 2
156 252 3 8192 2.000000000 2
156 280 3 8192 2.000000000 2
156 292 3 8192 2.000000000 2
156 296 3 8192 2.000000000 2
156 340 3 8192 2.000000000 2
156 368 3 8192 2.000000000 2
156 380 3 8192 2.000000000 2
156 400 3 8192 2.000000000 2
156 404 3 8192 2.000000000 2
156 408 3 8192 2.000000000 2
156 412 3 8192 2.000000000 2
156 420 3 8192 2.000000000 2
156 488 3 8192 2.000000000 2
156 492 3 8192 2.000000000 2
156 508 3 8192 2.000000000 2
156 512 3 8192 2.000000000 2
156 528 3 8192 2.000000000 2
156 540 3 8192 2.000000000 2
156 568 3 8192 2.000000000 2
156 580 3 8192 2.000000000 2
156 584 3 8192 2.000000000 2
156 620 3 8192 2.000000000 2
156 624 3 8192 2.000000000 2
156 724 3 8192 2.000000000 2
156 732 3 8192 2.000000000 2
156 740 3 8192 2.000000000 2
156 752 3 8192 2.000000000 2
156 764 3 8192 2.000000000 2
156 784 3 8192 2.000000000 2
156 828 3 8192 2.000000000 2
156 876 3 8192 2.000000000 2
156 892 3 8192 2.000000000 2
156 896 3 8192 2.000000000 2
156 944 3 8192 2.000000000 2
156 952 3 8192 2.000000000 2
156 956 3 8192 2.000000000 2
156 1004 3 8192 2.000000000 2
156 1056 3 8192 2.000000000 2
156 1096 3 8192 2.000000000 2
156 1124 3 8192 2.000000000 2
156 1128 3 8192 2.000000000 2
156 1160 3 8192 2.000000000 2
156 1180 3 8192 2.000000000 2
156 1244 3 8192 2.000000000 2
156 1264 3 8192 2.000000000 2
160 8 3 8192 2.000000000 2
160 64 3 8192 2.000000000 2
160 76 3 8192 2.000000000 2
160 92 3 8192 2.000000000 2
160 124 3 8192 2.000000000 2
160 140 3 8192 2.000000000 2
160 144 3 8192 2.000000000 2
160 168 3 8192 2.000000000 2
160 228 3 8192 2.000000000 2
160 232 3 8192 2.000000000 2
160 240 3 8192 2.000000000 2
160 280 3 8192 2.000000000 2
160 288 3 8192 2.000000000 2
160 292 3 8192 2.000000000 2
160 296 3 8192 2.000000000 2
160 300 3 8192 2.000000000 2
160 304 3 8192 2.000000000 2
160 324 3 8192 2.000000000 2
160 328 3 8192 2.000000000 2
160 340 3 8192 2.000000000 2
160 356 3 8192 2.000000000 2
160 376 3 8192 2.000000000 2
160 396 3 8192 2.000000000 2
160 408 3 8192 2.000000000 2
160 412 3 8192 2.000000000 2
160 432 3 8192 2.000000000 2
160 480 3 8192 2.000000000 2
160 500 3 8192 2.000000000 2
160 524 3 8192 2.000000000 2
160 540 3 8192 2.000000000 2
160 612 3 8192 2.000000000 2
160 624 3 8192 2.000000000 2
160 628 3 8192 2.000000000 2
160 636 3 8192 2.000000000 2
160 660 3 8192 2.000000000 2
160 700 3 8192 2.000000000 2
160 716 3 8192 2.000000000 2
160 724 3 8192 2.000000000 2
160 732 3 8192 2.000000000 2
160 744 3 8192 2.000000000 2
160 756 3 8192 2.000000000 2
160 760 3 8192 2.000000000 2
160 764 3 8192 2.000000000 2
160 844 3 8192 2.000000000 2
160 896 3 8192 2.000000000 2
160 972 3 8192 2.000000000 2
160 976 3 8192 2.000000000 2
160 996 3 8192 2.000000000 2
160 1020 3 8192 2.000000000 2
160 1024 3 8192 2.000000000 2
160 1028 3 8192 2.000000000 2
160 1036 3 8192 2.000000000 2
160 1068 3 8192 2.000000000 2
160 1108 3 8192 2.000000000 2
160 1164 3 8192 2.000000000 2
160 1184 3 8192 2.000000000 2
160 1188 3 8192 2.000000000 2
160 1204 3 8192 2.000000000 2
160 1208 3 8192 2.000000000 2
160 1228 3 8192 2.000000000 2
160 1240 3 8192 2.000000000 2
160 1244 3 8192 2.000000000 2
160 1264 3 8192 2.000000000 2
160 1272 3 8192 2.000000000 2
164 32 3 8192 2.000000000 2
164 36 3 8192 2.000000000 2
164 56 3 8192 2.000000000 2
164 64 3 8192 2.000000000 2
164 128 3 8192 2.000000000 2
164 160 3 8192 2.000000000 2
164 172 3 8192 2.000000000 2
164 192 3 8192 2.000000000 2
164 196 3 8192 2.000000000 2
164 216 3 8192 2.000000000 2
164 224 3 8192 2.000000000 2
164 244 3 8192 2.000000000 2
164 252 3 8192 2.000000000 2
164 264 3 8192 2.000000000 2
164 280 3 8192 2.000000000 2
164 288 3 8192 2.000000000 2
164 292 3 8192 2.000000000 2
164 316 3 8192 2.000000000 2
164 376 3 8192 2.000000000 2
164 388 3 8192 2.000000000 2
164 392 3 8192 2.000000000 2
164 424 3 8192 2.000000000 2
164 448 3 8192 2.000000000 2
164 464 3 8192 2.000000000 2
164 480 3 8192 2.000000000 2
164 516 3 8192 2.000000000 2
164 552 3 8192 2.000000000 2
164 616 3 8192 2.000000000 2
164 628 3 8192 2.000000000 2
164 652 3 8192 2.000000000 2
164 664 3 8192 2.000000000 2
164 680 3 8192 2.000000000 2
164 692 3 8192 2.000000000 2
164 700 3 8192 2.000000000 2
164 788 3 8192 2.000000000 2
164 792 3 8192 2.000000000 2
164 820 3 8192 2.000000000 2
164 828 3 8192 2.000000000 2
164 832 3 8192 2.000000000 2
164 856 3 8192 2.000000000 2
164 860 3 8192 2.000000000 2
164 876 3 8192 2.000000000 2
164 912 3 8192 2.000000000 2
164 940 3 8192 2.000000000 2
164 952 3 8192 2.000000000 2
164 964 3 8192 2.000000000 2
164 976 3 8192 2.000000000 2
164 980 3 8192 2.000000000 2
164 984 3 8192 2.000000000 2
164 992 3 8192 2.000000000 2
164 1004 3 8192 2.000000000 2
164 1024 3 8192 2.000000000 2
164 1028 3 8192 2.000000000 2
164 1048 3 8192 2.000000000 2
164 1052 3 8192 2.000000000 2
164 1080 3 8192 2.000000000 2
164 1084 3 8192 2.000000000 2
164 1096 3 8192 2.000000000 2
164 1104 3 8192 2.000000000 2
164 1116 3 8192 2.000000000 2
164 1124 3 8192 2.000000000 2
164 1136 3 8192 2.000000000 2
164 1152 3 8192 2.000000000 2
164 1232 3 8192 2.000000000 2
168 28 3 8192 2.000000000 2
168 40 3 8192 2.000000000 2
168 56 3 8192 2.000000000 2
168 88 3 8192 2.000000000 2
168 100 3 8192 2.000000000 2
168 108 3 8192 2.000000000 2
168 120 3 8192 2.000000000 2
168 128 3 8192 2.000000000 2
168 160 3 8192 2.000000000 2
168 180 3 8192 2.000000000 2
168 188 3 8192 2.000000000 2
168 220 3 8192 2.000000000 2
168 232 3 8192 2.000000000 2
168 244 3 8192 2.000000000 2
168 264 3 8192 2.000000000 2
168 268 3 8192 2.000000000 2
168 280 3 8192 2.000000000 2
168 312 3 8192 2.000000000 2
168 336 3 8192 2.000000000 2
168 352 3 8192 2.000000000 2
168 356 3 8192 2.000000000 2
168 392 3 8192 2.000000000 2
168 408 3 8192 2.000000000 2
168 424 3 8192 2.000000000 2
168 468 3 8192 2.000000000 2
168 564 3 8192 2.000000000 2
168 600 3 8192 2.000000000 2
168 612 3 8192 2.000000000 2
168 624 3 8192 2.000000000 2
168 628 3 8192 2.000000000 2
168 640 3 8192 2.000000000 2
168 676 3 8192 2.000000000 2
168 684 3 8192 2.000000000 2
168 688 3 8192 2.000000000 2
168 700 3 8192 2.000000000 2
168 712 3 8192 2.000000000 2
168 716 3 8192 2.000000000 2
168 724 3 8192 2.000000000 2
168 732 3 8192 2.000000000 2
168 756 3 8192 2.000000000 2
168 772 3 8192 2.000000000 2
168 820 3 8192 2.000000000 2
168 828 3 8192 2.000000000 2
168 852 3 8192 2.000000000 2
168 888 3 8192 2.000000000 2
168 892 3 8192 2.000000000 2
168 956 3 8192 2.000000000 2
168 968 3 8192 2.000000000 2
168 972 3 8192 2.000000000 2
168 984 3 8192 2.000000000 2
168 992 3 8192 2.000000000 2
168 1000 3 8192 2.000000000 2
168 1012 3 8192 2.000000000 2
168 1068 3 8192 2.000000000 2
168 1084 3 8192 2.000000000 2
168 1096 3 8192 2.000000000 2
168 1112 3 8192 2.000000000 2
168 1124 3 8192 2.000000000 2
168 1128 3 8192 2.000000000 2
168 1160 3 8192 2.000000000 2
168 1192 3 8192 2.000000000 2
168 1196 3 8192 2.000000000 2
168 1252 3 8192 2.000000000 2
168 1272 3 8192 2.000000000 2
172 0 3 8192 2.000000000 2
172 56 3 8192 2.000000000 2
172 76 3 8192 2.000000000 2
172 92 3 8192 2.000000000 2
172 108 3 8192 2.000000000 2
172 140 3 8192 2.000000000 2
172 160 3 8192 2.000000000 2
172 164 3 8192 2.000000000 2
172 188 3 8192 2.000000000 2
172 196 3 8192 2.000000000 2
172 240 3 8192 2.000000000 2
172 244 3 8192 2.000000000 2
172 256 3 8192 2.000000000 2
172 268 3 8192 2.000000000 2
172 276 3 8192 2.000000000 2
172 280 3 8192 2.000000000 2
172 328 3 8192 2.000000000 2
172 336 3 8192 2.000000000 2
172 352 3 8192 2.000000000 2
172 356 3 8192 2.000000000 2
172 388 3 8192 2.000000000 2
172 412 3 8192 2.000000000 2
172 420 3 8192 2.000000000 2
172 448 3 8192 2.000000000 2
172 456 3 8192 2.000000000 2
172 464 3 8192 2.000000000 2
172 468 3 8192 2.000000000 2
172 484 3 8192 2.000000000 2
172 504 3 8192 2.000000000 2
172 524 3 8192 2.000000000 2
172 528 3 8192 2.000000000 2
172 552 3 8192 2.000000000 2
172 556 3 8192 2.000000000 2
172 560 3 8192 2.000000000 2
172 632 3 8192 2.000000000 2
172 636 3 8192 2.000000000 2
172 656 3 8192 2.000000000 2
172 664 3 8192 2.000000000 2
172 676 3 8192 2.000000000 2
172 724 3 8192 2.000000000 2
172 756 3 8192 2.000000000 2
172 760 3 8192 2.000000000 2
172 764 3 8192 2.000000000 2
172 772 3 8192 2.000000000 2
172 780 3 8192 2.000000000 2
172 784 3 8192 2.000000000 2
172 788 3 8192 2.000000000 2
172 832 3 8192 2.000000000 2
172 840 3 8192 2.000000000 2
172 844 3 8192 2.000000000 2
172 856 3 8192 2.000000000 2
172 860 3 8192 2.000000000 2
172 924 3 8192 2.000000000 2
172 944 3 8192 2.000000000 2
172 976 3 8192 2.000000000 2
172 992 3 8192 2.000000000 2
172 996 3 8192 2.000000000 2
172 1104 3 8192 2.000000000 2
172 1108 3 8192 2.000000000 2
172 1124 3 8192 2.000000000 2
172 1168 3 8192 2.000000000 2
172 1184 3 8192 2.000000000 2
172 1188 3 8192 2.000000000 2
172 1196 3 8192 2.000000000 2
180 0 3 8192 2.000000000 2
180 44 3 8192 2.000000000 2
180 68 3 8192 2.000000000 2
180 88 3 8192 2.000000000 2
180 92 3 8192 2.000000000 2
180 104 3 8192 2.000000000 2
180 184 3 8192 2.000000000 2
180 244 3 8192 2.000000000 2
180 264 3 8192 2.000000000 2
180 272 3 8192 2.000000000 2
180 292 3 8192 2.000000000 2
180 308 3 8192 2.000000000 2
180 324 3 8192 2.000000000 2
180 356 3 8192 2.000000000 2
180 360 3 8192 2.000000000 2
180 372 3 8192 2.000000000 2
180 376 3 8192 2.000000000 2
180 404 3 8192 2.000000000 2
180 420 3 8192 2.000000000 2
180 436 3 8192 2.000000000 2
180 452 3 8192 2.000000000 2
180 504 3 8192 2.000000000 2
180 532 3 8192 2.000000000 2
180 540 3 8192 2.000000000 2
180 564 3 8192 2.000000000 2
180 580 3 8192 2.000000000 2
180 596 3 8192 2.000000000 2
180 600 3 8192 2.000000000 2
180 620 3 8192 2.000000000 2
180 640 3 8192 2.000000000 2
180 644 3 8192 2.000000000 2
180 656 3 8192 2.000000000 2
180 660 3 8192 2.000000000 2
180 668 3 8192 2.000000000 2
180 676 3 8192 2.000000000 2
180 680 3 8192 2.000000000 2
180 712 3 8192 2.000000000 2
180 720 3 8192 2.000000000 2
180 772 3 8192 2.000000000 2
180 820 3 8192 2.000000000 2
180 832 3 8192 2.000000000 2
180 840 3 8192 2.000000000 2
180 852 3 8192 2.000000000 2
180 864 3 8192 2.000000000 2
180 868 3 8192 2.000000000 2
180 888 3 8192 2.000000000 2
180 896 3 8192 2.000000000 2
180 924 3 8192 2.000000000 2
180 928 3 8192 2.000000000 2
180 940 3 8192 2.000000000 2
180 952 3 8192 2.000000000 2
180 956 3 8192 2.000000000 2
180 960 3 8192 2.000000000 2
180 968 3 8192 2.000000000 2
180 1072 3 8192 2.000000000 2
180 1136 3 8192 2.000000000 2
180 1148 3 8192 2.000000000 2
180 1188 3 8192 2.000000000 2
180 1192 3 8192 2.000000000 2
180 1200 3 8192 2.000000000 2
180 1208 3 8192 2.000000000 2
180 1212 3 8192 2.000000000 2
180 1216 3 8192 2.000000000 2
180 1248 3 8192 2.000000000 2
184 28 3 8192 2.000000000 2
184 48 3 8192 2.000000000 2
184 60 3 8192 2.000000000 2
184 64 3 8192 2.000000000 2
184 68 3 8192 2.000000000 2
184 76 3 8192 2.000000000 2
184 92 3 8192 2.000000000 2
184 100 3 8192 2.000000000 2
184 124 3 8192 2.000000000 2
184 220 3 8192 2.000000000 2
184 228 3 8192 2.000000000 2
184 232 3 8192 2.000000000 2
184 268 3 8192 2.000000000 2
184 308 3 8192 2.000000000 2
184 312 3 8192 2.000000000 2
184 332 3 8192 2.000000000 2
184 340 3 8192 2.000000000 2
184 372 3 8192 2.000000000 2
184 392 3 8192 2.000000000 2
184 400 3 8192 2.000000000 2
184 440 3 8192 2.000000000 2
184 456 3 8192 2.000000000 2
184 488 3 8192 2.000000000 2
184 508 3 8192 2.000000000 2
184 540 3 8192 2.000000000 2
184 552 3 8192 2.000000000 2
184 560 3 8192 2.000000000 2
184 584 3 8192 2.000000000 2
184 600 3 8192 2.000000000 2
184 608 3 8192 2.000000000 2
184 636 3 8192 2.000000000 2
184 656 3 8192 2.000000000 2
184 660 3 8192 2.000000000 2
184 668 3 8192 2.000000000 2
184 680 3 8192 2.000000000 2
184 684 3 8192 2.000000000 2
184 692 3 8192 2.000000000 2
184 700 3 8192 2.000000000 2
184 716 3 8192 2.000000000 2
184 784 3 8192 2.000000000 2
184 792 3 8192 2.000000000 2
184 812 3 8192 2.000000000 2
184 824 3 8192 2.000000000 2
184 840 3 8192 2.000000000 2
184 844 3 8192 2.000000000 2
184 852 3 8192 2.000000000 2
184 856 3 8192 2.000000000 2
184 888 3 8192 2.000000000 2
184 940 3 8192 2.000000000 2
184 972 3 8192 2.000000000 2
184 996 3 8192 2.000000000 2
184 1024 3 8192 2.000000000 2
184 1028 3 8192 2.000000000 2
184 1036 3 8192 2.000000000 2
184 1060 3 8192 2.000000000 2
184 1112 3 8192 2.000000000 2
184 1124 3 8192 2.000000000 2
184 1156 3 8192 2.000000000 2
184 1168 3 8192 2.000000000 2
184 1176 3 8192 2.000000000 2
184 1208 3 8192 2.000000000 2
184 1216 3 8192 2.000000000 2
184 1240 3 8192 2.000000000 2
184 1248 3 8192 2.000000000 2
188 60 3 8192 2.000000000 2
188 64 3 8192 2.000000000 2
188 88 3 8192 2.000000000 2
188 128 3 8192 2.000000000 2
188 144 3 8192 2.000000000 2
188 184 3 8192 2.000000000 2
188 196 3 8192 2.000000000 2
188 208 3 8192 2.000000000 2
188 224 3 8192 2.000000000 2
188 228 3 8192 2.000000000 2
188 232 3 8192 2.000000000 2
188 268 3 8192 2.000000000 2
188 280 3 8192 2.000000000 2
188 288 3 8192 2.000000000 2
188 368 3 8192 2.000000000 2
188 372 3 8192 2.000000000 2
188 396 3 8192 2.000000000 2
188 432 3 8192 2.000000000 2
188 464 3 8192 2.000000000 2
188 480 3 8192 2.000000000 2
188 492 3 8192 2.000000000 2
188 508 3 8192 2.000000000 2
188 520 3 8192 2.000000000 2
188 560 3 8192 2.000000000 2
188 568 3 8192 2.000000000 2
188 580 3 8192 2.000000000 2
188 644 3 8192 2.000000000 2
188 652 3 8192 2.000000000 2
188 660 3 8192 2.000000000 2
188 676 3 8192 2.000000000 2
188 684 3 8192 2.000000000 2
188 696 3 8192 2.000000000 2
188 704 3 8192 2.000000000 2
188 716 3 8192 2.000000000 2
188 724 3 8192 2.000000000 2
188 736 3 8192 2.000000000 2
188 740 3 8192 2.000000000 2
188 764 3 8192 2.000000000 2
188 772 3 8192 2.000000000 2
188 780 3 8192 2.000000000 2
188 788 3 8192 2.000000000 2
188 824 3 8192 2.000000000 2
188 832 3 8192 2.000000000 2
188 836 3 8192 2.000000000 2
188 852 3 8192 2.000000000 2
188 856 3 8192 2.000000000 2
188 900 3 8192 2.000000000 2
188 916 3 8192 2.000000000 2
188 944 3 8192 2.000000000 2
188 952 3 8192 2.000000000 2
188 980 3 8192 2.000000000 2
188 992 3 8192 2.000000000 2
188 1012 3 8192 2.000000000 2
188 1024 3 8192 2.000000000 2
188 1028 3 8192 2.000000000 2
188 1036 3 8192 2.000000000 2
188 1076 3 8192 2.000000000 2
188 1096 3 8192 2.000000000 2
188 1112 3 8192 2.000000000 2
188 1128 3 8192 2.000000000 2
188 1164 3 8192 2.000000000 2
188 1228 3 8192 2.000000000 2
188 1232 3 8192 2.000000000 2
188 1264 3 8192 2.000000000 2
192 48 3 8192 2.000000000 2
192 56 3 8192 2.000000000 2
192 88 3 8192 2.000000000 2
192 96 3 8192 2.000000000 2
192 152 3 8192 2.000000000 2
192 164 3 8192 2.000000000 2
192 216 3 8192 2.000000000 2
192 220 3 8192 2.000000000 2
192 264 3 8192 2.000000000 2
192 280 3 8192 2.000000000 2
192 284 3 8192 2.000000000 2
192 300 3 8192 2.000000000 2
192 312 3 8192 2.000000000 2
192 336 3 8192 2.000000000 2
192 352 3 8192 2.000000000 2
192 380 3 8192 2.000000000 2
192 392 3 8192 2.000000000 2
192 396 3 8192 2.000000000 2
192 404 3 8192 2.000000000 2
192 412 3 8192 2.000000000 2
192 432 3 8192 2.000000000 2
192 436 3 8192 2.000000000 2
192 456 3 8192 2.000000000 2
192 464 3 8192 2.000000000 2
192 468 3 8192 2.000000000 2
192 492 3 8192 2.000000000 2
192 508 3 8192 2.000000000 2
192 512 3 8192 2.000000000 2
192 520 3 8192 2.000000000 2
192 540 3 8192 2.000000000 2
192 556 3 8192 2.000000000 2
192 568 3 8192 2.000000000 2
192 584 3 8192 2.000000000 2
192 592 3 8192 2.000000000 2
192 616 3 8192 2.000000000 2
192 640 3 8192 2.000000000 2
192 656 3 8192 2.000000000 2
192 668 3 8192 2.000000000 2
192 716 3 8192 2.000000000 2
192 720 3 8192 2.000000000 2
192 788 3 8192 2.000000000 2
192 840 3 8192 2.000000000 2
192 856 3 8192 2.000000000 2
192 860 3 8192 2.000000000 2
192 864 3 8192 2.000000000 2
192 876 3 8192 2.000000000 2
192 896 3 8192 2.000000000 2
192 912 3 8192 2.000000000 2
192 928 3 8192 2.000000000 2
192 992 3 8192 2.000000000 2
192 1000 3 8192 2.000000000 2
192 1036 3 8192 2.000000000 2
192 1048 3 8192 2.000000000 2
192 1052 3 8192 2.000000000 2
192 1076 3 8192 2.000000000 2
192 1112 3 8192 2.000000000 2
192 1124 3 8192 2.000000000 2
192 1148 3 8192 2.000000000 2
192 1168 3 8192 2.000000000 2
192 1184 3 8192 2.000000000 2
192 1188 3 8192 2.000000000 2
192 1192 3 8192 2.000000000 2
192 1216 3 8192 2.000000000 2
192 1220 3 8192 2.000000000 2
196 8 3 8192 2.000000000 2
196 16 3 8192 2.000000000 2
196 32 3 8192 2.000000000 2
196 44 3 8192 2.000000000 2
196 64 3 8192 2.000000000 2
196 92 3 8192 2.000000000 2
196 104 3 8192 2.000000000 2
196 108 3 8192 2.000000000 2
196 144 3 8192 2.000000000 2
196 156 3 8192 2.000000000 2
196 160 3 8192 2.000000000 2
196 208 3 8192 2.000000000 2
196 216 3 8192 2.000000000 2
196 224 3 8192 2.000000000 2
196 256 3 8192 2.000000000 2
196 268 3 8192 2.000000000 2
196 328 3 8192 2.000000000 2
196 356 3 8192 2.000000000 2
196 396 3 8192 2.000000000 2
196 400 3 8192 2.000000000 2
196 404 3 8192 2.000000000 2
196 424 3 8192 2.000000000 2
196 452 3 8192 2.000000000 2
196 464 3 8192 2.000000000 2
196 480 3 8192 2.000000000 2
196 484 3 8192 2.000000000 2
196 500 3 8192 2.000000000 2
196 504 3 8192 2.000000000 2
196 516 3 8192 2.000000000 2
196 520 3 8192 2.000000000 2
196 556 3 8192 2.000000000 2
196 568 3 8192 2.000000000 2
196 596 3 8192 2.000000000 2
196 608 3 8192 2.000000000 2
196 624 3 8192 2.000000000 2
196 628 3 8192 2.000000000 2
196 684 3 8192 2.000000000 2
196 688 3 8192 2.000000000 2
196 708 3 8192 2.000000000 2
196 732 3 8192 2.000000000 2
196 740 3 8192 2.000000000 2
196 776 3 8192 2.000000000 2
196 824 3 8192 2.000000000 2
196 828 3 8192 2.000000000 2
196 832 3 8192 2.000000000 2
196 844 3 8192 2.000000000 2
196 868 3 8192 2.000000000 2
196 960 3 8192 2.000000000 2
196 968 3 8192 2.000000000 2
196 980 3 8192 2.000000000 2
196 1004 3 8192 2.000000000 2
196 1016 3 8192 2.000000000 2
196 1024 3 8192 2.000000000 2
196 1084 3 8192 2.000000000 2
196 1148 3 8192 2.000000000 2
196 1156 3 8192 2.000000000 2
196 1188 3 8192 2.000000000 2
196 1192 3 8192 2.000000000 2
196 1200 3 8192 2.000000000 2
196 1212 3 8192 2.000000000 2
196 1216 3 8192 2.000000000 2
196 1240 3 8192 2.000000000 2
196 1244 3 8192 2.000000000 2
196 1248 3 8192 2.000000000 2
200 0 3 8192 2.000000000 2
200 48 3 8192 2.000000000 2
200 92 3 8192 2.000000000 2
200 104 3 8192 2.000000000 2
200 108 3 8192 2.000000000 2
200 128 3 8192 2.000000000 2
200 140 3 8192 2.000000000 2
200 160 3 8192 2.000000000 2
200 168 3 8192 2.000000000 2
200 192 3 8192 2.000000000 2
200 216 3 8192 2.000000000 2
200 232 3 8192 2.000000000 2
200 236 3 8192 2.000000000 2
200 244 3 8192 2.000000000 2
200 248 3 8192 2.000000000 2
200 256 3 8192 2.000000000 2
200 292 3 8192 2.000000000 2
200 312 3 8192 2.000000000 2
200 348 3 8192 2.000000000 2
200 356 3 8192 2.000000000 2
200 372 3 8192 2.000000000 2
200 380 3 8192 2.000000000 2
200 396 3 8192 2.000000000 2
200 412 3 8192 2.000000000 2
200 424 3 8192 2.000000000 2
200 436 3 8192 2.000000000 2
200 440 3 8192 2.000000000 2
200 456 3 8192 2.000000000 2
200 464 3 8192 2.000000000 2
200 468 3 8192 2.000000000 2
200 540 3 8192 2.000000000 2
200 560 3 8192 2.000000000 2
200 564 3 8192 2.000000000 2
200 596 3 8192 2.000000000 2
200 608 3 8192 2.000000000 2
200 616 3 8192 2.000000000 2
200 620 3 8192 2.000000000 2
200 668 3 8192 2.000000000 2
200 684 3 8192 2.000000000 2
200 740 3 8192 2.000000000 2
200 764 3 8192 2.000000000 2
200 772 3 8192 2.000000000 2
200 776 3 8192 2.000000000 2
200 780 3 8192 2.000000000 2
200 796 3 8192 2.000000000 2
200 836 3 8192 2.000000000 2
200 840 3 8192 2.000000000 2
200 892 3 8192 2.000000000 2
200 912 3 8192 2.000000000 2
200 924 3 8192 2.000000000 2
200 928 3 8192 2.000000000 2
200 940 3 8192 2.000000000 2
200 964 3 8192 2.000000000 2
200 972 3 8192 2.000000000 2
200 1004 3 8192 2.000000000 2
200 1012 3 8192 2.000000000 2
200 1028 3 8192 2.000000000 2
200 1048 3 8192 2.000000000 2
200 1060 3 8192 2.000000000 2
200 1080 3 8192 2.000000000 2
200 1168 3 8192 2.000000000 2
200 1200 3 8192 2.000000000 2
200 1220 3 8192 2.000000000 2
200 1244 3 8192 2.000000000 2
204 0 3 8192 2.000000000 2
204 8 3 8192 2.000000000 2
204 20 3 8192 2.000000000 2
204 32 3 8192 2.000000000 2
204 40 3 8192 2.000000000 2
204 56 3 8192 2.000000000 2
204 96 3 8192 2.000000000 2
204 104 3 8192 2.000000000 2
204 108 3 8192 2.000000000 2
204 144 3 8192 2.000000000 2
204 184 3 8192 2.000000000 2
204 208 3 8192 2.000000000 2
204 236 3 8192 2.000000000 2
204 284 3 8192 2.000000000 2
204 292 3 8192 2.000000000 2
204 352 3 8192 2.000000000 2
204 356 3 8192 2.000000000 2
204 380 3 8192 2.000000000 2
204 408 3 8192 2.000000000 2
204 424 3 8192 2.000000000 2
204 452 3 8192 2.000000000 2
204 512 3 8192 2.000000000 2
204 516 3 8192 2.000000000 2
204 540 3 8192 2.000000000 2
204 548 3 8192 2.000000000 2
204 584 3 8192 2.000000000 2
204 628 3 8192 2.000000000 2
204 632 3 8192 2.000000000 2
204 636 3 8192 2.000000000 2
204 660 3 8192 2.000000000 2
204 668 3 8192 2.000000000 2
204 680 3 8192 2.000000000 2
204 692 3 8192 2.000000000 2
204 700 3 8192 2.000000000 2
204 712 3 8192 2.000000000 2
204 716 3 8192 2.000000000 2
204 720 3 8192 2.000000000 2
204 740 3 8192 2.000000000 2
204 752 3 8192 2.000000000 2
204 780 3 8192 2.000000000 2
204 796 3 8192 2.000000000 2
204 828 3 8192 2.000000000 2
204 844 3 8192 2.000000000 2
204 848 3 8192 2.000000000 2
204 852 3 8192 2.000000000 2
204 856 3 8192 2.000000000 2
204 896 3 8192 2.000000000 2
204 912 3 8192 2.000000000 2
204 932 3 8192 2.000000000 2
204 944 3 8192 2.000000000 2
204 976 3 8192 2.000000000 2
204 980 3 8192 2.000000000 2
204 1020 3 8192 2.000000000 2
204 1028 3 8192 2.000000000 2
204 1060 3 8192 2.000000000 2
204 1076 3 8192 2.000000000 2
204 1116 3 8192 2.000000000 2
204 1120 3 8192 2.000000000 2
204 1152 3 8192 2.000000000 2
204 1184 3 8192 2.000000000 2
204 1200 3 8192 2.000000000 2
204 1204 3 8192 2.000000000 2
204 1208 3 8192 2.000000000 2
204 1220 3 8192 2.000000000 2
208 8 3 8192 2.000000000 2
208 28 3 8192 2.000000000 2
208 32 3 8192 2.000000000 2
208 48 3 8192 2.000000000 2
208 60 3 8192 2.000000000 2
208 68 3 8192 2.000000000 2
208 168 3 8192 2.000000000 2
208 220 3 8192 2.000000000 2
208 228 3 8192 2.000000000 2
208 232 3 8192 2.000000000 2
208 240 3 8192 2.000000000 2
208 248 3 8192 2.000000000 2
208 268 3 8192 2.000000000 2
208 284 3 8192 2.000000000 2
208 288 3 8192 2.000000000 2
208 312 3 8192 2.000000000 2
208 348 3 8192 2.000000000 2
208 352 3 8192 2.000000000 2
208 356 3 8192 2.000000000 2
208 388 3 8192 2.000000000 2
208 400 3 8192 2.000000000 2
208 424 3 8192 2.000000000 2
208 484 3 8192 2.000000000 2
208 520 3 8192 2.000000000 2
208 540 3 8192 2.000000000 2
208 552 3 8192 2.000000000 2
208 584 3 8192 2.000000000 2
208 592 3 8192 2.000000000 2
208 612 3 8192 2.000000000 2
208 616 3 8192 2.000000000 2
208 632 3 8192 2.000000000 2
208 636 3 8192 2.000000000 2
208 684 3 8192 2.000000000 2
208 704 3 8192 2.000000000 2
208 732 3 8192 2.000000000 2
208 744 3 8192 2.000000000 2
208 792 3 8192 2.000000000 2
208 840 3 8192 2.000000000 2
208 860 3 8192 2.000000000 2
208 944 3 8192 2.000000000 2
208 964 3 8192 2.000000000 2
208 972 3 8192 2.000000000 2
208 976 3 8192 2.000000000 2
208 992 3 8192 2.000000000 2
208 1000 3 8192 2.000000000 2
208 1004 3 8192 2.000000000 2
208 1012 3 8192 2.000000000 2
208 1036 3 8192 2.000000000 2
208 1048 3 8192 2.000000000 2
208 1052 3 8192 2.000000000 2
208 1060 3 8192 2.000000000 2
208 1068 3 8192 2.000000000 2
208 1112 3 8192 2.000000000 2
208 1128 3 8192 2.000000000 2
208 1156 3 8192 2.000000000 2
208 1164 3 8192 2.000000000 2
208 1180 3 8192 2.000000000 2
208 1188 3 8192 2.000000000 2
208 1196 3 8192 2.000000000 2
208 1200 3 8192 2.000000000 2
208 1204 3 8192 2.000000000 2
208 1208 3 8192 2.000000000 2
208 1228 3 8192 2.000000000 2
208 1240 3 8192 2.000000000 2
216 0 3 8192 2.000000000 2
216 16 3 8192 2.000000000 2
216 28 3 8192 2.000000000 2
216 36 3 8192 2.000000000 2
216 40 3 8192 2.000000000 2
216 44 3 8192 2.000000000 2
216 124 3 8192 2.000000000 2
216 164 3 8192 2.000000000 2
216 200 3 8192 2.000000000 2
216 208 3 8192 2.000000000 2
216 220 3 8192 2.000000000 2
216 256 3 8192 2.000000000 2
216 276 3 8192 2.000000000 2
216 336 3 8192 2.000000000 2
216 348 3 8192 2.000000000 2
216 356 3 8192 2.000000000 2
216 380 3 8192 2.000000000 2
216 392 3 8192 2.000000000 2
216 396 3 8192 2.000000000 2
216 420 3 8192 2.000000000 2
216 464 3 8192 2.000000000 2
216 484 3 8192 2.000000000 2
216 512 3 8192 2.000000000 2
216 524 3 8192 2.000000000 2
216 552 3 8192 2.000000000 2
216 556 3 8192 2.000000000 2
216 560 3 8192 2.000000000 2
216 564 3 8192 2.000000000 2
216 584 3 8192 2.000000000 2
216 592 3 8192 2.000000000 2
216 608 3 8192 2.000000000 2
216 612 3 8192 2.000000000 2
216 640 3 8192 2.000000000 2
216 656 3 8192 2.000000000 2
216 692 3 8192 2.000000000 2
216 724 3 8192 2.000000000 2
216 752 3 8192 2.000000000 2
216 772 3 8192 2.000000000 2
216 832 3 8192 2.000000000 2
216 860 3 8192 2.000000000 2
216 864 3 8192 2.000000000 2
216 892 3 8192 2.000000000 2
216 928 3 8192 2.000000000 2
216 964 3 8192 2.000000000 2
216 972 3 8192 2.000000000 2
216 980 3 8192 2.000000000 2
216 992 3 8192 2.000000000 2
216 1000 3 8192 2.000000000 2
216 1016 3 8192 2.000000000 2
216 1028 3 8192 2.000000000 2
216 1036 3 8192 2.000000000 2
216 1060 3 8192 2.000000000 2
216 1112 3 8192 2.000000000 2
216 1120 3 8192 2.000000000 2
216 1156 3 8192 2.000000000 2
216 1160 3 8192 2.000000000 2
216 1164 3 8192 2.000000000 2
216 1168 3 8192 2.000000000 2
216 1184 3 8192 2.000000000 2
216 1200 3 8192 2.000000000 2
216 1204 3 8192 2.000000000 2
216 1212 3 8192 2.000000000 2
216 1216 3 8192 2.000000000 2
216 1240 3 8192 2.000000000 2
220 36 3 8192 2.000000000 2
220 88 3 8192 2.000000000 2
220 92 3 8192 2.000000000 2
220 132 3 8192 2.000000000 2
220 136 3 8192 2.000000000 2
220 144 3 8192 2.000000000 2
220 184 3 8192 2.000000000 2
220 192 3 8192 2.000000000 2
220 196 3 8192 2.000000000 2
220 228 3 8192 2.000000000 2
220 236 3 8192 2.000000000 2
220 252 3 8192 2.000000000 2
220 256 3 8192 2.000000000 2
220 264 3 8192 2.000000000 2
220 272 3 8192 2.000000000 2
220 276 3 8192 2.000000000 2
220 292 3 8192 2.000000000 2
220 300 3 8192 2.000000000 2
220 312 3 8192 2.000000000 2
220 316 3 8192 2.000000000 2
220 324 3 8192 2.000000000 2
220 348 3 8192 2.000000000 2
220 360 3 8192 2.000000000 2
220 424 3 8192 2.000000000 2
220 440 3 8192 2.000000000 2
220 468 3 8192 2.000000000 2
220 484 3 8192 2.000000000 2
220 504 3 8192 2.000000000 2
220 508 3 8192 2.000000000 2
220 524 3 8192 2.000000000 2
220 532 3 8192 2.000000000 2
220 540 3 8192 2.000000000 2
220 556 3 8192 2.000000000 2
220 568 3 8192 2.000000000 2
220 580 3 8192 2.000000000 2
220 592 3 8192 2.000000000 2
220 608 3 8192 2.000000000 2
220 628 3 8192 2.000000000 2
220 632 3 8192 2.000000000 2
220 684 3 8192 2.000000000 2
220 704 3 8192 2.000000000 2
220 708 3 8192 2.000000000 2
220 756 3 8192 2.000000000 2
220 772 3 8192 2.000000000 2
220 784 3 8192 2.000000000 2
220 836 3 8192 2.000000000 2
220 912 3 8192 2.000000000 2
220 916 3 8192 2.000000000 2
220 976 3 8192 2.000000000 2
220 1004 3 8192 2.000000000 2
220 1024 3 8192 2.000000000 2
220 1072 3 8192 2.000000000 2
220 1076 3 8192 2.000000000 2
220 1080 3 8192 2.000000000 2
220 1120 3 8192 2.000000000 2
220 1136 3 8192 2.000000000 2
220 1160 3 8192 2.000000000 2
220 1168 3 8192 2.000000000 2
220 1180 3 8192 2.000000000 2
220 1184 3 8192 2.000000000 2
220 1188 3 8192 2.000000000 2
220 1200 3 8192 2.000000000 2
220 1244 3 8192 2.000000000 2
220 1264 3 8192 2.000000000 2
224 0 3 8192 2.000000000 2
224 24 3 8192 2.000000000 2
224 40 3 8192 2.000000000 2
224 44 3 8192 2.000000000 2
224 56 3 8192 2.000000000 2
224 60 3 8192 2.000000000 2
224 88 3 8192 2.000000000 2
224 96 3 8192 2.000000000 2
224 108 3 8192 2.000000000 2
224 132 3 8192 2.000000000 2
224 140 3 8192 2.000000000 2
224 164 3 8192 2.000000000 2
224 180 3 8192 2.000000000 2
224 204 3 8192 2.000000000 2
224 216 3 8192 2.000000000 2
224 240 3 8192 2.000000000 2
224 268 3 8192 2.000000000 2
224 276 3 8192 2.000000000 2
224 360 3 8192 2.000000000 2
224 400 3 8192 2.000000000 2
224 436 3 8192 2.000000000 2
224 464 3 8192 2.000000000 2
224 484 3 8192 2.000000000 2
224 524 3 8192 2.000000000 2
224 528 3 8192 2.000000000 2
224 580 3 8192 2.000000000 2
224 592 3 8192 2.000000000 2
224 596 3 8192 2.000000000 2
224 600 3 8192 2.000000000 2
224 612 3 8192 2.000000000 2
224 628 3 8192 2.000000000 2
224 640 3 8192 2.000000000 2
224 652 3 8192 2.000000000 2
224 684 3 8192 2.000000000 2
224 700 3 8192 2.000000000 2
224 708 3 8192 2.000000000 2
224 724 3 8192 2.000000000 2
224 736 3 8192 2.000000000 2
224 744 3 8192 2.000000000 2
224 780 3 8192 2.000000000 2
224 792 3 8192 2.000000000 2
224 796 3 8192 2.000000000 2
224 820 3 8192 2.000000000 2
224 836 3 8192 2.000000000 2
224 864 3 8192 2.000000000 2
224 868 3 8192 2.000000000 2
224 892 3 8192 2.000000000 2
224 896 3 8192 2.000000000 2
224 924 3 8192 2.000000000 2
224 960 3 8192 2.000000000 2
224 984 3 8192 2.000000000 2
224 1000 3 8192 2.000000000 2
224 1036 3 8192 2.000000000 2
224 1076 3 8192 2.000000000 2
224 1104 3 8192 2.000000000 2
224 1124 3 8192 2.000000000 2
224 1148 3 8192 2.000000000 2
224 1160 3 8192 2.000000000 2
224 1164 3 8192 2.000000000 2
224 1184 3 8192 2.000000000 2
224 1192 3 8192 2.000000000 2
224 1212 3 8192 2.000000000 2
224 1220 3 8192 2.000000000 2
224 1240 3 8192 2.000000000 2
228 0 3 8192 2.000000000 2
228 64 3 8192 2.000000000 2
228 120 3 8192 2.000000000 2
228 128 3 8192 2.000000000 2
228 156 3 8192 2.000000000 2
228 164 3 8192 2.000000000 2
228 168 3 8192 2.000000000 2
228 172 3 8192 2.000000000 2
228 196 3 8192 2.000000000 2
228 200 3 8192 2.000000000 2
228 224 3 8192 2.000000000 2
228 236 3 8192 2.000000000 2
228 324 3 8192 2.000000000 2
228 332 3 8192 2.000000000 2
228 336 3 8192 2.000000000 2
228 352 3 8192 2.000000000 2
228 356 3 8192 2.000000000 2
228 380 3 8192 2.000000000 2
228 408 3 8192 2.000000000 2
228 420 3 8192 2.000000000 2
228 440 3 8192 2.000000000 2
228 480 3 8192 2.000000000 2
228 516 3 8192 2.000000000 2
228 520 3 8192 2.000000000 2
228 532 3 8192 2.000000000 2
228 556 3 8192 2.000000000 2
228 560 3 8192 2.000000000 2
228 612 3 8192 2.000000000 2
228 620 3 8192 2.000000000 2
228 652 3 8192 2.000000000 2
228 660 3 8192 2.000000000 2
228 664 3 8192 2.000000000 2
228 684 3 8192 2.000000000 2
228 700 3 8192 2.000000000 2
228 708 3 8192 2.000000000 2
228 732 3 8192 2.000000000 2
228 760 3 8192 2.000000000 2
228 772 3 8192 2.000000000 2
228 792 3 8192 2.000000000 2
228 820 3 8192 2.000000000 2
228 824 3 8192 2.000000000 2
228 840 3 8192 2.000000000 2
228 860 3 8192 2.000000000 2
228 896 3 8192 2.000000000 2
228 912 3 8192 2.000000000 2
228 944 3 8192 2.000000000 2
228 956 3 8192 2.000000000 2
228 964 3 8192 2.000000000 2
228 980 3 8192 2.000000000 2
228 996 3 8192 2.000000000 2
228 1016 3 8192 2.000000000 2
228 1036 3 8192 2.000000000 2
228 1080 3 8192 2.000000000 2
228 1084 3 8192 2.000000000 2
228 1124 3 8192 2.000000000 2
228 1160 3 8192 2.000000000 2
228 1176 3 8192 2.000000000 2
228 1184 3 8192 2.000000000 2
228 1196 3 8192 2.000000000 2
228 1208 3 8192 2.000000000 2
228 1212 3 8192 2.000000000 2
228 1240 3 8192 2.000000000 2
228 1252 3 8192 2.000000000 2
228 1272 3 8192 2.000000000 2
232 28 3 8192 2.000000000 2
232 40 3 8192 2.000000000 2
232 64 3 8192 2.000000000 2
232 76 3 8192 2.000000000 2
232 124 3 8192 2.000000000 2
232 136 3 8192 2.000000000 2
232 140 3 8192 2.000000000 2
232 168 3 8192 2.000000000 2
232 184 3 8192 2.000000000 2
232 192 3 8192 2.000000000 2
232 196 3 8192 2.000000000 2
232 220 3 8192 2.000000000 2
232 252 3 8192 2.000000000 2
232 272 3 8192 2.000000000 2
232 280 3 8192 2.000000000 2
232 284 3 8192 2.000000000 2
232 292 3 8192 2.000000000 2
232 316 3 8192 2.000000000 2
232 324 3 8192 2.000000000 2
232 336 3 8192 2.000000000 2
232 348 3 8192 2.000000000 2
232 392 3 8192 2.000000000 2
232 404 3 8192 2.000000000 2
232 412 3 8192 2.000000000 2
232 420 3 8192 2.000000000 2
232 432 3 8192 2.000000000 2
232 456 3 8192 2.000000000 2
232 484 3 8192 2.000000000 2
232 552 3 8192 2.000000000 2
232 584 3 8192 2.000000000 2
232 612 3 8192 2.000000000 2
232 636 3 8192 2.000000000 2
232 652 3 8192 2.000000000 2
232 720 3 8192 2.000000000 2
232 732 3 8192 2.000000000 2
232 736 3 8192 2.000000000 2
232 744 3 8192 2.000000000 2
232 760 3 8192 2.000000000 2
232 764 3 8192 2.000000000 2
232 828 3 8192 2.000000000 2
232 840 3 8192 2.000000000 2
232 848 3 8192 2.000000000 2
232 860 3 8192 2.000000000 2
232 864 3 8192 2.000000000 2
232 928 3 8192 2.000000000 2
232 968 3 8192 2.000000000 2
232 972 3 8192 2.000000000 2
232 984 3 8192 2.000000000 2
232 1004 3 8192 2.000000000 2
232 1012 3 8192 2.000000000 2
232 1024 3 8192 2.000000000 2
232 1028 3 8192 2.000000000 2
232 1048 3 8192 2.000000000 2
232 1060 3 8192 2.000000000 2
232 1076 3 8192 2.000000000 2
232 1096 3 8192 2.000000000 2
232 1120 3 8192 2.000000000 2
232 1124 3 8192 2.000000000 2
232 1128 3 8192 2.000000000 2
232 1184 3 8192 2.000000000 2
232 1188 3 8192 2.000000000 2
232 1200 3 8192 2.000000000 2
232 1208 3 8192 2.000000000 2
232 1244 3 8192 2.000000000 2
236 32 3 8192 2.000000000 2
236 56 3 8192 2.000000000 2
236 96 3 8192 2.000000000 2
236 120 3 8192 2.000000000 2
236 144 3 8192 2.000000000 2
236 156 3 8192 2.000000000 2
236 160 3 8192 2.000000000 2
236 196 3 8192 2.000000000 2
236 216 3 8192 2.000000000 2
236 256 3 8192 2.000000000 2
236 272 3 8192 2.000000000 2
236 300 3 8192 2.000000000 2
236 324 3 8192 2.000000000 2
236 340 3 8192 2.000000000 2
236 356 3 8192 2.000000000 2
236 368 3 8192 2.000000000 2
236 392 3 8192 2.000000000 2
236 404 3 8192 2.000000000 2
236 420 3 8192 2.000000000 2
236 436 3 8192 2.000000000 2
236 440 3 8192 2.000000000 2
236 452 3 8192 2.000000000 2
236 516 3 8192 2.000000000 2
236 524 3 8192 2.000000000 2
236 592 3 8192 2.000000000 2
236 632 3 8192 2.000000000 2
236 652 3 8192 2.000000000 2
236 708 3 8192 2.000000000 2
236 716 3 8192 2.000000000 2
236 732 3 8192 2.000000000 2
236 764 3 8192 2.000000000 2
236 776 3 8192 2.000000000 2
236 780 3 8192 2.000000000 2
236 812 3 8192 2.000000000 2
236 820 3 8192 2.000000000 2
236 832 3 8192 2.000000000 2
236 864 3 8192 2.000000000 2
236 900 3 8192 2.000000000 2
236 924 3 8192 2.000000000 2
236 944 3 8192 2.000000000 2
236 960 3 8192 2.000000000 2
236 972 3 8192 2.000000000 2
236 1004 3 8192 2.000000000 2
236 1016 3 8192 2.000000000 2
236 1020 3 8192 2.000000000 2
236 1036 3 8192 2.000000000 2
236 1056 3 8192 2.000000000 2
236 1060 3 8192 2.000000000 2
236 1068 3 8192 2.000000000 2
236 1072 3 8192 2.000000000 2
236 1108 3 8192 2.000000000 2
236 1124 3 8192 2.000000000 2
236 1128 3 8192 2.000000000 2
236 1136 3 8192 2.000000000 2
236 1152 3 8192 2.000000000 2
236 1168 3 8192 2.000000000 2
236 1176 3 8192 2.000000000 2
236 1180 3 8192 2.000000000 2
236 1184 3 8192 2.000000000 2
236 1188 3 8192 2.000000000 2
236 1192 3 8192 2.000000000 2
236 1204 3 8192 2.000000000 2
236 1240 3 8192 2.000000000 2
236 1272 3 8192 2.000000000 2
240 32 3 8192 2.000000000 2
240 40 3 8192 2.000000000 2
240 56 3 8192 2.000000000 2
240 68 3 8192 2.000000000 2
240 100 3 8192 2.000000000 2
240 132 3 8192 2.000000000 2
240 160 3 8192 2.000000000 2
240 164 3 8192 2.000000000 2
240 184 3 8192 2.000000000 2
240 216 3 8192 2.000000000 2
240 220 3 8192 2.000000000 2
240 232 3 8192 2.000000000 2
240 236 3 8192 2.000000000 2
240 244 3 8192 2.000000000 2
240 256 3 8192 2.000000000 2
240 264 3 8192 2.000000000 2
240 288 3 8192 2.000000000 2
240 296 3 8192 2.000000000 2
240 300 3 8192 2.000000000 2
240 324 3 8192 2.000000000 2
240 332 3 8192 2.000000000 2
240 336 3 8192 2.000000000 2
240 360 3 8192 2.000000000 2
240 408 3 8192 2.000000000 2
240 424 3 8192 2.000000000 2
240 440 3 8192 2.000000000 2
240 448 3 8192 2.000000000 2
240 468 3 8192 2.000000000 2
240 480 3 8192 2.000000000 2
240 488 3 8192 2.000000000 2
240 504 3 8192 2.000000000 2
240 528 3 8192 2.000000000 2
240 540 3 8192 2.000000000 2
240 556 3 8192 2.000000000 2
240 580 3 8192 2.000000000 2
240 584 3 8192 2.000000000 2
240 600 3 8192 2.000000000 2
240 620 3 8192 2.000000000 2
240 640 3 8192 2.000000000 2
240 644 3 8192 2.000000000 2
240 668 3 8192 2.000000000 2
240 684 3 8192 2.000000000 2
240 732 3 8192 2.000000000 2
240 752 3 8192 2.000000000 2
240 792 3 8192 2.000000000 2
240 824 3 8192 2.000000000 2
240 828 3 8192 2.000000000 2
240 868 3 8192 2.000000000 2
240 876 3 8192 2.000000000 2
240 888 3 8192 2.000000000 2
240 912 3 8192 2.000000000 2
240 916 3 8192 2.000000000 2
240 932 3 8192 2.000000000 2
240 940 3 8192 2.000000000 2
240 956 3 8192 2.000000000 2
240 972 3 8192 2.000000000 2
240 996 3 8192 2.000000000 2
240 1116 3 8192 2.000000000 2
240 1120 3 8192 2.000000000 2
240 1148 3 8192 2.000000000 2
240 1192 3 8192 2.000000000 2
240 1204 3 8192 2.000000000 2
240 1220 3 8192 2.000000000 2
240 1228 3 8192 2.000000000 2
244 8 3 8192 2.000000000 2
244 24 3 8192 2.000000000 2
244 40 3 8192 2.000000000 2
244 96 3 8192 2.000000000 2
244 100 3 8192 2.000000000 2
244 128 3 8192 2.000000000 2
244 160 3 8192 2.000000000 2
244 168 3 8192 2.000000000 2
244 204 3 8192 2.000000000 2
244 236 3 8192 2.000000000 2
244 240 3 8192 2.000000000 2
244 252 3 8192 2.000000000 2
244 264 3 8192 2.000000000 2
244 280 3 8192 2.000000000 2
244 288 3 8192 2.000000000 2
244 296 3 8192 2.000000000 2
244 312 3 8192 2.000000000 2
244 316 3 8192 2.000000000 2
244 340 3 8192 2.000000000 2
244 400 3 8192 2.000000000 2
244 412 3 8192 2.000000000 2
244 424 3 8192 2.000000000 2
244 432 3 8192 2.000000000 2
244 452 3 8192 2.000000000 2
244 500 3 8192 2.000000000 2
244 516 3 8192 2.000000000 2
244 552 3 8192 2.000000000 2
244 560 3 8192 2.000000000 2
244 564 3 8192 2.000000000 2
244 608 3 8192 2.000000000 2
244 628 3 8192 2.000000000 2
244 640 3 8192 2.000000000 2
244 660 3 8192 2.000000000 2
244 676 3 8192 2.000000000 2
244 692 3 8192 2.000000000 2
244 700 3 8192 2.000000000 2
244 704 3 8192 2.000000000 2
244 720 3 8192 2.000000000 2
244 732 3 8192 2.000000000 2
244 736 3 8192 2.000000000 2
244 780 3 8192 2.000000000 2
244 784 3 8192 2.000000000 2
244 812 3 8192 2.000000000 2
244 844 3 8192 2.000000000 2
244 860 3 8192 2.000000000 2
244 864 3 8192 2.000000000 2
244 892 3 8192 2.000000000 2
244 932 3 8192 2.000000000 2
244 940 3 8192 2.000000000 2
244 984 3 8192 2.000000000 2
244 1036 3 8192 2.000000000 2
244 1052 3 8192 2.000000000 2
244 1072 3 8192 2.000000000 2
244 1084 3 8192 2.000000000 2
244 1116 3 8192 2.000000000 2
244 1120 3 8192 2.000000000 2
244 1136 3 8192 2.000000000 2
244 1156 3 8192 2.000000000 2
244 1188 3 8192 2.000000000 2
244 1196 3 8192 2.000000000 2
244 1200 3 8192 2.000000000 2
244 1240 3 8192 2.000000000 2
244 1248 3 8192 2.000000000 2
244 1272 3 8192 2.000000000 2
248 20 3 8192 2.000000000 2
248 56 3 8192 2.000000000 2
248 68 3 8192 2.000000000 2
248 76 3 8192 2.000000000 2
248 104 3 8192 2.000000000 2
248 108 3 8192 2.000000000 2
248 120 3 8192 2.000000000 2
248 132 3 8192 2.000000000 2
248 172 3 8192 2.000000000 2
248 204 3 8192 2.000000000 2
248 220 3 8192 2.000000000 2
248 236 3 8192 2.000000000 2
248 252 3 8192 2.000000000 2
248 256 3 8192 2.000000000 2
248 304 3 8192 2.000000000 2
248 328 3 8192 2.000000000 2
248 360 3 8192 2.000000000 2
248 380 3 8192 2.000000000 2
248 388 3 8192 2.000000000 2
248 392 3 8192 2.000000000 2
248 412 3 8192 2.000000000 2
248 420 3 8192 2.000000000 2
248 440 3 8192 2.000000000 2
248 488 3 8192 2.000000000 2
248 512 3 8192 2.000000000 2
248 520 3 8192 2.000000000 2
248 540 3 8192 2.000000000 2
248 628 3 8192 2.000000000 2
248 640 3 8192 2.000000000 2
248 644 3 8192 2.000000000 2
248 652 3 8192 2.000000000 2
248 656 3 8192 2.000000000 2
248 668 3 8192 2.000000000 2
248 676 3 8192 2.000000000 2
248 688 3 8192 2.000000000 2
248 720 3 8192 2.000000000 2
248 732 3 8192 2.000000000 2
248 736 3 8192 2.000000000 2
248 784 3 8192 2.000000000 2
248 828 3 8192 2.000000000 2
248 848 3 8192 2.000000000 2
248 864 3 8192 2.000000000 2
248 868 3 8192 2.000000000 2
248 876 3 8192 2.000000000 2
248 928 3 8192 2.000000000 2
248 944 3 8192 2.000000000 2
248 952 3 8192 2.000000000 2
248 980 3 8192 2.000000000 2
248 996 3 8192 2.000000000 2
248 1012 3 8192 2.000000000 2
248 1024 3 8192 2.000000000 2
248 1056 3 8192 2.000000000 2
248 1068 3 8192 2.000000000 2
248 1080 3 8192 2.000000000 2
248 1084 3 8192 2.000000000 2
248 1116 3 8192 2.000000000 2
248 1160 3 8192 2.000000000 2
248 1180 3 8192 2.000000000 2
248 1196 3 8192 2.000000000 2
248 1204 3 8192 2.000000000 2
248 1228 3 8192 2.000000000 2
248 1244 3 8192 2.000000000 2
248 1248 3 8192 2.000000000 2
248 1252 3 8192 2.000000000 2
252 0 3 8192 2.000000000 2
252 8 3 8192 2.000000000 2
252 16 3 8192 2.000000000 2
252 40 3 8192 2.000000000 2
252 52 3 8192 2.000000000 2
252 56 3 8192 2.000000000 2
252 68 3 8192 2.000000000 2
252 152 3 8192 2.000000000 2
252 160 3 8192 2.000000000 2
252 168 3 8192 2.000000000 2
252 208 3 8192 2.000000000 2
252 220 3 8192 2.000000000 2
252 224 3 8192 2.000000000 2
252 256 3 8192 2.000000000 2
252 268 3 8192 2.000000000 2
252 276 3 8192 2.000000000 2
252 296 3 8192 2.000000000 2
252 388 3 8192 2.000000000 2
252 392 3 8192 2.000000000 2
252 404 3 8192 2.000000000 2
252 408 3 8192 2.000000000 2
252 412 3 8192 2.000000000 2
252 420 3 8192 2.000000000 2
252 448 3 8192 2.000000000 2
252 488 3 8192 2.000000000 2
252 504 3 8192 2.000000000 2
252 524 3 8192 2.000000000 2
252 532 3 8192 2.000000000 2
252 540 3 8192 2.000000000 2
252 556 3 8192 2.000000000 2
252 560 3 8192 2.000000000 2
252 608 3 8192 2.000000000 2
252 616 3 8192 2.000000000 2
252 656 3 8192 2.000000000 2
252 664 3 8192 2.000000000 2
252 668 3 8192 2.000000000 2
252 704 3 8192 2.000000000 2
252 716 3 8192 2.000000000 2
252 720 3 8192 2.000000000 2
252 744 3 8192 2.000000000 2
252 764 3 8192 2.000000000 2
252 832 3 8192 2.000000000 2
252 852 3 8192 2.000000000 2
252 864 3 8192 2.000000000 2
252 892 3 8192 2.000000000 2
252 980 3 8192 2.000000000 2
252 984 3 8192 2.000000000 2
252 992 3 8192 2.000000000 2
252 1012 3 8192 2.000000000 2
252 1016 3 8192 2.000000000 2
252 1024 3 8192 2.000000000 2
252 1028 3 8192 2.000000000 2
252 1060 3 8192 2.000000000 2
252 1084 3 8192 2.000000000 2
252 1104 3 8192 2.000000000 2
252 1176 3 8192 2.000000000 2
252 1180 3 8192 2.000000000 2
252 1184 3 8192 2.000000000 2
252 1188 3 8192 2.000000000 2
252 1192 3 8192 2.000000000 2
252 1200 3 8192 2.000000000 2
252 1204 3 8192 2.000000000 2
252 1212 3 8192 2.000000000 2
252 1244 3 8192 2.000000000 2
256 32 3 8192 2.000000000 2
256 48 3 8192 2.000000000 2
256 64 3 8192 2.000000000 2
256 124 3 8192 2.000000000 2
256 128 3 8192 2.000000000 2
256 132 3 8192 2.000000000 2
256 164 3 8192 2.000000000 2
256 172 3 8192 2.000000000 2
256 224 3 8192 2.000000000 2
256 236 3 8192 2.000000000 2
256 240 3 8192 2.000000000 2
256 276 3 8192 2.000000000 2
256 292 3 8192 2.000000000 2
256 296 3 8192 2.000000000 2
256 324 3 8192 2.000000000 2
256 332 3 8192 2.000000000 2
256 348 3 8192 2.000000000 2
256 352 3 8192 2.000000000 2
256 372 3 8192 2.000000000 2
256 396 3 8192 2.000000000 2
256 420 3 8192 2.000000000 2
256 424 3 8192 2.000000000 2
256 440 3 8192 2.000000000 2
256 448 3 8192 2.000000000 2
256 504 3 8192 2.000000000 2
256 512 3 8192 2.000000000 2
256 532 3 8192 2.000000000 2
256 560 3 8192 2.000000000 2
256 580 3 8192 2.000000000 2
256 612 3 8192 2.000000000 2
256 640 3 8192 2.000000000 2
256 660 3 8192 2.000000000 2
256 692 3 8192 2.000000000 2
256 704 3 8192 2.000000000 2
256 720 3 8192 2.000000000 2
256 732 3 8192 2.000000000 2
256 740 3 8192 2.000000000 2
256 744 3 8192 2.000000000 2
256 780 3 8192 2.000000000 2
256 784 3 8192 2.000000000 2
256 824 3 8192 2.000000000 2
256 832 3 8192 2.000000000 2
256 856 3 8192 2.000000000 2
256 860 3 8192 2.000000000 2
256 892 3 8192 2.000000000 2
256 896 3 8192 2.000000000 2
256 916 3 8192 2.000000000 2
256 924 3 8192 2.000000000 2
256 944 3 8192 2.000000000 2
256 952 3 8192 2.000000000 2
256 968 3 8192 2.000000000 2
256 972 3 8192 2.000000000 2
256 984 3 8192 2.000000000 2
256 992 3 8192 2.000000000 2
256 996 3 8192 2.000000000 2
256 1056 3 8192 2.000000000 2
256 1072 3 8192 2.000000000 2
256 1076 3 8192 2.000000000 2
256 1080 3 8192 2.000000000 2
256 1148 3 8192 2.000000000 2
256 1160 3 8192 2.000000000 2
256 1184 3 8192 2.000000000 2
256 1192 3 8192 2.000000000 2
256 1240 3 8192 2.000000000 2
264 8 3 8192 2.000000000 2
264 20 3 8192 2.000000000 2
264 40 3 8192 2.000000000 2
264 44 3 8192 2.000000000 2
264 56 3 8192 2.000000000 2
264 68 3 8192 2.000000000 2
264 92 3 8192 2.000000000 2
264 96 3 8192 2.000000000 2
264 120 3 8192 2.000000000 2
264 152 3 8192 2.000000000 2
264 200 3 8192 2.000000000 2
264 244 3 8192 2.000000000 2
264 256 3 8192 2.000000000 2
264 276 3 8192 2.000000000 2
264 280 3 8192 2.000000000 2
264 284 3 8192 2.000000000 2
264 296 3 8192 2.000000000 2
264 304 3 8192 2.000000000 2
264 316 3 8192 2.000000000 2
264 332 3 8192 2.000000000 2
264 360 3 8192 2.000000000 2
264 396 3 8192 2.000000000 2
264 448 3 8192 2.000000000 2
264 488 3 8192 2.000000000 2
264 492 3 8192 2.000000000 2
264 504 3 8192 2.000000000 2
264 516 3 8192 2.000000000 2
264 552 3 8192 2.000000000 2
264 564 3 8192 2.000000000 2
264 568 3 8192 2.000000000 2
264 596 3 8192 2.000000000 2
264 612 3 8192 2.000000000 2
264 620 3 8192 2.000000000 2
264 624 3 8192 2.000000000 2
264 676 3 8192 2.000000000 2
264 692 3 8192 2.000000000 2
264 696 3 8192 2.000000000 2
264 736 3 8192 2.000000000 2
264 756 3 8192 2.000000000 2
264 760 3 8192 2.000000000 2
264 772 3 8192 2.000000000 2
264 824 3 8192 2.000000000 2
264 844 3 8192 2.000000000 2
264 888 3 8192 2.000000000 2
264 892 3 8192 2.000000000 2
264 912 3 8192 2.000000000 2
264 932 3 8192 2.000000000 2
264 960 3 8192 2.000000000 2
264 968 3 8192 2.000000000 2
264 996 3 8192 2.000000000 2
264 1000 3 8192 2.000000000 2
264 1028 3 8192 2.000000000 2
264 1076 3 8192 2.000000000 2
264 1108 3 8192 2.000000000 2
264 1136 3 8192 2.000000000 2
264 1148 3 8192 2.000000000 2
264 1152 3 8192 2.000000000 2
264 1196 3 8192 2.000000000 2
264 1204 3 8192 2.000000000 2
264 1208 3 8192 2.000000000 2
264 1228 3 8192 2.000000000 2
264 1232 3 8192 2.000000000 2
264 1252 3 8192 2.000000000 2
264 1272 3 8192 2.000000000 2
268 0 3 8192 2.000000000 2
268 8 3 8192 2.000000000 2
268 40 3 8192 2.000000000 2
268 48 3 8192 2.000000000 2
268 92 3 8192 2.000000000 2
268 108 3 8192 2.000000000 2
268 128 3 8192 2.000000000 2
268 136 3 8192 2.000000000 2
268 144 3 8192 2.000000000 2
268 200 3 8192 2.000000000 2
268 208 3 8192 2.000000000 2
268 216 3 8192 2.000000000 2
268 220 3 8192 2.000000000 2
268 228 3 8192 2.000000000 2
268 232 3 8192 2.000000000 2
268 264 3 8192 2.000000000 2
268 284 3 8192 2.000000000 2
268 316 3 8192 2.000000000 2
268 328 3 8192 2.000000000 2
268 372 3 8192 2.000000000 2
268 388 3 8192 2.000000000 2
268 392 3 8192 2.000000000 2
268 400 3 8192 2.000000000 2
268 404 3 8192 2.000000000 2
268 420 3 8192 2.000000000 2
268 480 3 8192 2.000000000 2
268 492 3 8192 2.000000000 2
268 500 3 8192 2.000000000 2
268 508 3 8192 2.000000000 2
268 520 3 8192 2.000000000 2
268 528 3 8192 2.000000000 2
268 532 3 8192 2.000000000 2
268 548 3 8192 2.000000000 2
268 584 3 8192 2.000000000 2
268 592 3 8192 2.000000000 2
268 608 3 8192 2.000000000 2
268 640 3 8192 2.000000000 2
268 644 3 8192 2.000000000 2
268 660 3 8192 2.000000000 2
268 676 3 8192 2.000000000 2
268 688 3 8192 2.000000000 2
268 740 3 8192 2.000000000 2
268 744 3 8192 2.000000000 2
268 780 3 8192 2.000000000 2
268 792 3 8192 2.000000000 2
268 900 3 8192 2.000000000 2
268 924 3 8192 2.000000000 2
268 940 3 8192 2.000000000 2
268 944 3 8192 2.000000000 2
268 964 3 8192 2.000000000 2
268 1012 3 8192 2.000000000 2
268 1020 3 8192 2.000000000 2
268 1048 3 8192 2.000000000 2
268 1072 3 8192 2.000000000 2
268 1084 3 8192 2.000000000 2
268 1104 3 8192 2.000000000 2
268 1148 3 8192 2.000000000 2
268 1156 3 8192 2.000000000 2
268 1160 3 8192 2.000000000 2
268 1168 3 8192 2.000000000 2
268 1176 3 8192 2.000000000 2
268 1212 3 8192 2.000000000 2
268 1220 3 8192 2.000000000 2
268 1264 3 8192 2.000000000 2
272 24 3 8192 2.000000000 2
272 36 3 8192 2.000000000 2
272 60 3 8192 2.000000000 2
272 92 3 8192 2.000000000 2
272 120 3 8192 2.000000000 2
272 128 3 8192 2.000000000 2
272 132 3 8192 2.000000000 2
272 172 3 8192 2.000000000 2
272 192 3 8192 2.000000000 2
272 196 3 8192 2.000000000 2
272 204 3 8192 2.000000000 2
272 228 3 8192 2.000000000 2
272 236 3 8192 2.000000000 2
272 244 3 8192 2.000000000 2
272 248 3 8192 2.000000000 2
272 256 3 8192 2.000000000 2
272 268 3 8192 2.000000000 2
272 288 3 8192 2.000000000 2
272 336 3 8192 2.000000000 2
272 388 3 8192 2.000000000 2
272 420 3 8192 2.000000000 2
272 468 3 8192 2.000000000 2
272 484 3 8192 2.000000000 2
272 492 3 8192 2.000000000 2
272 508 3 8192 2.000000000 2
272 512 3 8192 2.000000000 2
272 540 3 8192 2.000000000 2
272 552 3 8192 2.000000000 2
272 564 3 8192 2.000000000 2
272 600 3 8192 2.000000000 2
272 620 3 8192 2.000000000 2
272 688 3 8192 2.000000000 2
272 716 3 8192 2.000000000 2
272 724 3 8192 2.000000000 2
272 736 3 8192 2.000000000 2
272 752 3 8192 2.000000000 2
272 756 3 8192 2.000000000 2
272 780 3 8192 2.000000000 2
272 788 3 8192 2.000000000 2
272 792 3 8192 2.000000000 2
272 820 3 8192 2.000000000 2
272 824 3 8192 2.000000000 2
272 840 3 8192 2.000000000 2
272 864 3 8192 2.000000000 2
272 896 3 8192 2.000000000 2
272 900 3 8192 2.000000000 2
272 912 3 8192 2.000000000 2
272 924 3 8192 2.000000000 2
272 972 3 8192 2.000000000 2
272 992 3 8192 2.000000000 2
272 1016 3 8192 2.000000000 2
272 1048 3 8192 2.000000000 2
272 1072 3 8192 2.000000000 2
272 1080 3 8192 2.000000000 2
272 1096 3 8192 2.000000000 2
272 1108 3 8192 2.000000000 2
272 1120 3 8192 2.000000000 2
272 1124 3 8192 2.000000000 2
272 1136 3 8192 2.000000000 2
272 1152 3 8192 2.000000000 2
272 1192 3 8192 2.000000000 2
272 1208 3 8192 2.000000000 2
272 1220 3 8192 2.000000000 2
272 1244 3 8192 2.000000000 2
276 36 3 8192 2.000000000 2
276 40 3 8192 2.000000000 2
276 44 3 8192 2.000000000 2
276 76 3 8192 2.000000000 2
276 92 3 8192 2.000000000 2
276 132 3 8192 2.000000000 2
276 152 3 8192 2.000000000 2
276 164 3 8192 2.000000000 2
276 168 3 8192 2.000000000 2
276 180 3 8192 2.000000000 2
276 184 3 8192 2.000000000 2
276 244 3 8192 2.000000000 2
276 256 3 8192 2.000000000 2
276 308 3 8192 2.000000000 2
276 312 3 8192 2.000000000 2
276 324 3 8192 2.000000000 2
276 356 3 8192 2.000000000 2
276 368 3 8192 2.000000000 2
276 376 3 8192 2.000000000 2
276 392 3 8192 2.000000000 2
276 420 3 8192 2.000000000 2
276 452 3 8192 2.000000000 2
276 456 3 8192 2.000000000 2
276 520 3 8192 2.000000000 2
276 524 3 8192 2.000000000 2
276 540 3 8192 2.000000000 2
276 552 3 8192 2.000000000 2
276 592 3 8192 2.000000000 2
276 624 3 8192 2.000000000 2
276 628 3 8192 2.000000000 2
276 632 3 8192 2.000000000 2
276 636 3 8192 2.000000000 2
276 640 3 8192 2.000000000 2
276 664 3 8192 2.000000000 2
276 692 3 8192 2.000000000 2
276 704 3 8192 2.000000000 2
276 720 3 8192 2.000000000 2
276 724 3 8192 2.000000000 2
276 740 3 8192 2.000000000 2
276 744 3 8192 2.000000000 2
276 764 3 8192 2.000000000 2
276 772 3 8192 2.000000000 2
276 776 3 8192 2.000000000 2
276 788 3 8192 2.000000000 2
276 796 3 8192 2.000000000 2
276 840 3 8192 2.000000000 2
276 856 3 8192 2.000000000 2
276 868 3 8192 2.000000000 2
276 876 3 8192 2.000000000 2
276 912 3 8192 2.000000000 2
276 952 3 8192 2.000000000 2
276 980 3 8192 2.000000000 2
276 996 3 8192 2.000000000 2
276 1016 3 8192 2.000000000 2
276 1052 3 8192 2.000000000 2
276 1060 3 8192 2.000000000 2
276 1068 3 8192 2.000000000 2
276 1156 3 8192 2.000000000 2
276 1176 3 8192 2.000000000 2
276 1216 3 8192 2.000000000 2
276 1232 3 8192 2.000000000 2
276 1240 3 8192 2.000000000 2
276 1248 3 8192 2.000000000 2
276 1252 3 8192 2.000000000 2
280 16 3 8192 2.000000000 2
280 64 3 8192 2.000000000 2
280 68 3 8192 2.000000000 2
280 108 3 8192 2.000000000 2
280 132 3 8192 2.000000000 2
280 136 3 8192 2.000000000 2
280 140 3 8192 2.000000000 2
280 152 3 8192 2.000000000 2
280 160 3 8192 2.000000000 2
280 196 3 8192 2.000000000 2
280 208 3 8192 2.000000000 2
280 220 3 8192 2.000000000 2
280 264 3 8192 2.000000000 2
280 276 3 8192 2.000000000 2
280 292 3 8192 2.000000000 2
280 296 3 8192 2.000000000 2
280 304 3 8192 2.000000000 2
280 332 3 8192 2.000000000 2
280 352 3 8192 2.000000000 2
280 368 3 8192 2.000000000 2
280 372 3 8192 2.000000000 2
280 380 3 8192 2.000000000 2
280 404 3 8192 2.000000000 2
280 424 3 8192 2.000000000 2
280 432 3 8192 2.000000000 2
280 436 3 8192 2.000000000 2
280 488 3 8192 2.000000000 2
280 492 3 8192 2.000000000 2
280 596 3 8192 2.000000000 2
280 600 3 8192 2.000000000 2
280 632 3 8192 2.000000000 2
280 688 3 8192 2.000000000 2
280 712 3 8192 2.000000000 2
280 760 3 8192 2.000000000 2
280 772 3 8192 2.000000000 2
280 788 3 8192 2.000000000 2
280 792 3 8192 2.000000000 2
280 828 3 8192 2.000000000 2
280 844 3 8192 2.000000000 2
280 856 3 8192 2.000000000 2
280 868 3 8192 2.000000000 2
280 916 3 8192 2.000000000 2
280 944 3 8192 2.000000000 2
280 952 3 8192 2.000000000 2
280 960 3 8192 2.000000000 2
280 992 3 8192 2.000000000 2
280 1020 3 8192 2.000000000 2
280 1024 3 8192 2.000000000 2
280 1028 3 8192 2.000000000 2
280 1036 3 8192 2.000000000 2
280 1084 3 8192 2.000000000 2
280 1108 3 8192 2.000000000 2
280 1112 3 8192 2.000000000 2
280 1124 3 8192 2.000000000 2
280 1164 3 8192 2.000000000 2
280 1168 3 8192 2.000000000 2
280 1180 3 8192 2.000000000 2
280 1188 3 8192 2.000000000 2
280 1200 3 8192 2.000000000 2
280 1204 3 8192 2.000000000 2
280 1208 3 8192 2.000000000 2
280 1228 3 8192 2.000000000 2
280 1232 3 8192 2.000000000 2
280 1240 3 8192 2.000000000 2
284 8 3 8192 2.000000000 2
284 24 3 8192 2.000000000 2
284 36 3 8192 2.000000000 2
284 60 3 8192 2.000000000 2
284 64 3 8192 2.000000000 2
284 68 3 8192 2.000000000 2
284 128 3 8192 2.000000000 2
284 152 3 8192 2.000000000 2
284 160 3 8192 2.000000000 2
284 164 3 8192 2.000000000 2
284 188 3 8192 2.000000000 2
284 192 3 8192 2.000000000 2
284 196 3 8192 2.000000000 2
284 204 3 8192 2.000000000 2
284 208 3 8192 2.000000000 2
284 220 3 8192 2.000000000 2
284 256 3 8192 2.000000000 2
284 276 3 8192 2.000000000 2
284 292 3 8192 2.000000000 2
284 300 3 8192 2.000000000 2
284 312 3 8192 2.000000000 2
284 324 3 8192 2.000000000 2
284 340 3 8192 2.000000000 2
284 348 3 8192 2.000000000 2
284 352 3 8192 2.000000000 2
284 356 3 8192 2.000000000 2
284 368 3 8192 2.000000000 2
284 392 3 8192 2.000000000 2
284 396 3 8192 2.000000000 2
284 408 3 8192 2.000000000 2
284 420 3 8192 2.000000000 2
284 436 3 8192 2.000000000 2
284 440 3 8192 2.000000000 2
284 456 3 8192 2.000000000 2
284 492 3 8192 2.000000000 2
284 504 3 8192 2.000000000 2
284 520 3 8192 2.000000000 2
284 528 3 8192 2.000000000 2
284 532 3 8192 2.000000000 2
284 548 3 8192 2.000000000 2
284 556 3 8192 2.000000000 2
284 560 3 8192 2.000000000 2
284 568 3 8192 2.000000000 2
284 624 3 8192 2.000000000 2
284 632 3 8192 2.000000000 2
284 708 3 8192 2.000000000 2
284 756 3 8192 2.000000000 2
284 796 3 8192 2.000000000 2
284 812 3 8192 2.000000000 2
284 840 3 8192 2.000000000 2
284 848 3 8192 2.000000000 2
284 852 3 8192 2.000000000 2
284 860 3 8192 2.000000000 2
284 876 3 8192 2.000000000 2
284 916 3 8192 2.000000000 2
284 928 3 8192 2.000000000 2
284 956 3 8192 2.000000000 2
284 984 3 8192 2.000000000 2
284 1076 3 8192 2.000000000 2
284 1108 3 8192 2.000000000 2
284 1204 3 8192 2.000000000 2
284 1240 3 8192 2.000000000 2
284 1252 3 8192 2.000000000 2
284 1264 3 8192 2.000000000 2
288 8 3 8192 2.000000000 2
288 36 3 8192 2.000000000 2
288 40 3 8192 2.000000000 2
288 44 3 8192 2.000000000 2
288 76 3 8192 2.000000000 2
288 88 3 8192 2.000000000 2
288 96 3 8192 2.000000000 2
288 124 3 8192 2.000000000 2
288 164 3 8192 2.000000000 2
288 168 3 8192 2.000000000 2
288 172 3 8192 2.000000000 2
288 180 3 8192 2.000000000 2
288 184 3 8192 2.000000000 2
288 224 3 8192 2.000000000 2
288 264 3 8192 2.000000000 2
288 268 3 8192 2.000000000 2
288 280 3 8192 2.000000000 2
288 300 3 8192 2.000000000 2
288 348 3 8192 2.000000000 2
288 360 3 8192 2.000000000 2
288 372 3 8192 2.000000000 2
288 388 3 8192 2.000000000 2
288 468 3 8192 2.000000000 2
288 492 3 8192 2.000000000 2
288 508 3 8192 2.000000000 2
288 548 3 8192 2.000000000 2
288 580 3 8192 2.000000000 2
288 628 3 8192 2.000000000 2
288 640 3 8192 2.000000000 2
288 652 3 8192 2.000000000 2
288 660 3 8192 2.000000000 2
288 664 3 8192 2.000000000 2
288 684 3 8192 2.000000000 2
288 688 3 8192 2.000000000 2
288 696 3 8192 2.000000000 2
288 704 3 8192 2.000000000 2
288 712 3 8192 2.000000000 2
288 720 3 8192 2.000000000 2
288 724 3 8192 2.000000000 2
288 740 3 8192 2.000000000 2
288 744 3 8192 2.000000000 2
288 784 3 8192 2.000000000 2
288 820 3 8192 2.000000000 2
288 836 3 8192 2.000000000 2
288 848 3 8192 2.000000000 2
288 868 3 8192 2.000000000 2
288 896 3 8192 2.000000000 2
288 900 3 8192 2.000000000 2
288 932 3 8192 2.000000000 2
288 976 3 8192 2.000000000 2
288 992 3 8192 2.000000000 2
288 1004 3 8192 2.000000000 2
288 1052 3 8192 2.000000000 2
288 1084 3 8192 2.000000000 2
288 1112 3 8192 2.000000000 2
288 1116 3 8192 2.000000000 2
288 1128 3 8192 2.000000000 2
288 1156 3 8192 2.000000000 2
288 1164 3 8192 2.000000000 2
288 1168 3 8192 2.000000000 2
288 1188 3 8192 2.000000000 2
288 1200 3 8192 2.000000000 2
288 1244 3 8192 2.000000000 2
288 1264 3 8192 2.000000000 2
292 20 3 8192 2.000000000 2
292 24 3 8192 2.000000000 2
292 60 3 8192 2.000000000 2
292 88 3 8192 2.000000000 2
292 108 3 8192 2.000000000 2
292 132 3 8192 2.000000000 2
292 160 3 8192 2.000000000 2
292 168 3 8192 2.000000000 2
292 184 3 8192 2.000000000 2
292 192 3 8192 2.000000000 2
292 200 3 8192 2.000000000 2
292 208 3 8192 2.000000000 2
292 216 3 8192 2.000000000 2
292 224 3 8192 2.000000000 2
292 236 3 8192 2.000000000 2
292 240 3 8192 2.000000000 2
292 244 3 8192 2.000000000 2
292 268 3 8192 2.000000000 2
292 280 3 8192 2.000000000 2
292 300 3 8192 2.000000000 2
292 304 3 8192 2.000000000 2
292 316 3 8192 2.000000000 2
292 328 3 8192 2.000000000 2
292 332 3 8192 2.000000000 2
292 352 3 8192 2.000000000 2
292 412 3 8192 2.000000000 2
292 436 3 8192 2.000000000 2
292 488 3 8192 2.000000000 2
292 492 3 8192 2.000000000 2
292 504 3 8192 2.000000000 2
292 512 3 8192 2.000000000 2
292 520 3 8192 2.000000000 2
292 524 3 8192 2.000000000 2
292 528 3 8192 2.000000000 2
292 532 3 8192 2.000000000 2
292 540 3 8192 2.000000000 2
292 552 3 8192 2.000000000 2
292 592 3 8192 2.000000000 2
292 632 3 8192 2.000000000 2
292 644 3 8192 2.000000000 2
292 688 3 8192 2.000000000 2
292 696 3 8192 2.000000000 2
292 756 3 8192 2.000000000 2
292 760 3 8192 2.000000000 2
292 772 3 8192 2.000000000 2
292 796 3 8192 2.000000000 2
292 820 3 8192 2.000000000 2
292 888 3 8192 2.000000000 2
292 928 3 8192 2.000000000 2
292 952 3 8192 2.000000000 2
292 1020 3 8192 2.000000000 2
292 1060 3 8192 2.000000000 2
292 1068 3 8192 2.000000000 2
292 1072 3 8192 2.000000000 2
292 1080 3 8192 2.000000000 2
292 1128 3 8192 2.000000000 2
292 1148 3 8192 2.000000000 2
292 1152 3 8192 2.000000000 2
292 1156 3 8192 2.000000000 2
292 1176 3 8192 2.000000000 2
292 1192 3 8192 2.000000000 2
292 1212 3 8192 2.000000000 2
292 1240 3 8192 2.000000000 2
292 1244 3 8192 2.000000000 2
296 24 3 8192 2.000000000 2
296 28 3 8192 2.000000000 2
296 36 3 8192 2.000000000 2
296 108 3 8192 2.000000000 2
296 124 3 8192 2.000000000 2
296 164 3 8192 2.000000000 2
296 172 3 8192 2.000000000 2
296 184 3 8192 2.000000000 2
296 228 3 8192 2.000000000 2
296 256 3 8192 2.000000000 2
296 268 3 8192 2.000000000 2
296 284 3 8192 2.000000000 2
296 300 3 8192 2.000000000 2
296 316 3 8192 2.000000000 2
296 328 3 8192 2.000000000 2
296 352 3 8192 2.000000000 2
296 356 3 8192 2.000000000 2
296 376 3 8192 2.000000000 2
296 420 3 8192 2.000000000 2
296 448 3 8192 2.000000000 2
296 452 3 8192 2.000000000 2
296 456 3 8192 2.000000000 2
296 488 3 8192 2.000000000 2
296 520 3 8192 2.000000000 2
296 528 3 8192 2.000000000 2
296 548 3 8192 2.000000000 2
296 568 3 8192 2.000000000 2
296 592 3 8192 2.000000000 2
296 600 3 8192 2.000000000 2
296 616 3 8192 2.000000000 2
296 640 3 8192 2.000000000 2
296 676 3 8192 2.000000000 2
296 692 3 8192 2.000000000 2
296 704 3 8192 2.000000000 2
296 724 3 8192 2.000000000 2
296 736 3 8192 2.000000000 2
296 756 3 8192 2.000000000 2
296 772 3 8192 2.000000000 2
296 792 3 8192 2.000000000 2
296 832 3 8192 2.000000000 2
296 868 3 8192 2.000000000 2
296 928 3 8192 2.000000000 2
296 932 3 8192 2.000000000 2
296 940 3 8192 2.000000000 2
296 944 3 8192 2.000000000 2
296 952 3 8192 2.000000000 2
296 968 3 8192 2.000000000 2
296 980 3 8192 2.000000000 2
296 992 3 8192 2.000000000 2
296 996 3 8192 2.000000000 2
296 1000 3 8192 2.000000000 2
296 1004 3 8192 2.000000000 2
296 1016 3 8192 2.000000000 2
296 1036 3 8192 2.000000000 2
296 1048 3 8192 2.000000000 2
296 1052 3 8192 2.000000000 2
296 1068 3 8192 2.000000000 2
296 1076 3 8192 2.000000000 2
296 1080 3 8192 2.000000000 2
296 1104 3 8192 2.000000000 2
296 1128 3 8192 2.000000000 2
296 1168 3 8192 2.000000000 2
296 1200 3 8192 2.000000000 2
296 1264 3 8192 2.000000000 2
300 8 3 8192 2.000000000 2
300 32 3 8192 2.000000000 2
300 76 3 8192 2.000000000 2
300 88 3 8192 2.000000000 2
300 160 3 8192 2.000000000 2
300 208 3 8192 2.000000000 2
300 232 3 8192 2.000000000 2
300 240 3 8192 2.000000000 2
300 244 3 8192 2.000000000 2
300 256 3 8192 2.000000000 2
300 264 3 8192 2.000000000 2
300 276 3 8192 2.000000000 2
300 292 3 8192 2.000000000 2
300 296 3 8192 2.000000000 2
300 316 3 8192 2.000000000 2
300 328 3 8192 2.000000000 2
300 336 3 8192 2.000000000 2
300 352 3 8192 2.000000000 2
300 356 3 8192 2.000000000 2
300 376 3 8192 2.000000000 2
300 380 3 8192 2.000000000 2
300 420 3 8192 2.000000000 2
300 436 3 8192 2.000000000 2
300 464 3 8192 2.000000000 2
300 512 3 8192 2.000000000 2
300 548 3 8192 2.000000000 2
300 552 3 8192 2.000000000 2
300 556 3 8192 2.000000000 2
300 560 3 8192 2.000000000 2
300 592 3 8192 2.000000000 2
300 636 3 8192 2.000000000 2
300 640 3 8192 2.000000000 2
300 652 3 8192 2.000000000 2
300 656 3 8192 2.000000000 2
300 692 3 8192 2.000000000 2
300 700 3 8192 2.000000000 2
300 724 3 8192 2.000000000 2
300 756 3 8192 2.000000000 2
300 780 3 8192 2.000000000 2
300 788 3 8192 2.000000000 2
300 820 3 8192 2.000000000 2
300 832 3 8192 2.000000000 2
300 840 3 8192 2.000000000 2
300 848 3 8192 2.000000000 2
300 860 3 8192 2.000000000 2
300 900 3 8192 2.000000000 2
300 912 3 8192 2.000000000 2
300 924 3 8192 2.000000000 2
300 952 3 8192 2.000000000 2
300 956 3 8192 2.000000000 2
300 968 3 8192 2.000000000 2
300 992 3 8192 2.000000000 2
300 1068 3 8192 2.000000000 2
300 1080 3 8192 2.000000000 2
300 1084 3 8192 2.000000000 2
300 1104 3 8192 2.000000000 2
300 1124 3 8192 2.000000000 2
300 1128 3 8192 2.000000000 2
300 1156 3 8192 2.000000000 2
300 1180 3 8192 2.000000000 2
300 1188 3 8192 2.000000000 2
300 1240 3 8192 2.000000000 2
300 1252 3 8192 2.000000000 2
300 1264 3 8192 2.000000000 2
304 8 3 8192 2.000000000 2
304 64 3 8192 2.000000000 2
304 76 3 8192 2.000000000 2
304 124 3 8192 2.000000000 2
304 136 3 8192 2.000000000 2
304 284 3 8192 2.000000000 2
304 316 3 8192 2.000000000 2
304 328 3 8192 2.000000000 2
304 348 3 8192 2.000000000 2
304 352 3 8192 2.000000000 2
304 356 3 8192 2.000000000 2
304 372 3 8192 2.000000000 2
304 424 3 8192 2.000000000 2
304 436 3 8192 2.000000000 2
304 452 3 8192 2.000000000 2
304 456 3 8192 2.000000000 2
304 484 3 8192 2.000000000 2
304 492 3 8192 2.000000000 2
304 512 3 8192 2.000000000 2
304 548 3 8192 2.000000000 2
304 552 3 8192 2.000000000 2
304 564 3 8192 2.000000000 2
304 568 3 8192 2.000000000 2
304 596 3 8192 2.000000000 2
304 608 3 8192 2.000000000 2
304 612 3 8192 2.000000000 2
304 644 3 8192 2.000000000 2
304 652 3 8192 2.000000000 2
304 688 3 8192 2.000000000 2
304 712 3 8192 2.000000000 2
304 716 3 8192 2.000000000 2
304 724 3 8192 2.000000000 2
304 740 3 8192 2.000000000 2
304 752 3 8192 2.000000000 2
304 764 3 8192 2.000000000 2
304 788 3 8192 2.000000000 2
304 792 3 8192 2.000000000 2
304 812 3 8192 2.000000000 2
304 832 3 8192 2.000000000 2
304 844 3 8192 2.000000000 2
304 860 3 8192 2.000000000 2
304 864 3 8192 2.000000000 2
304 928 3 8192 2.000000000 2
304 944 3 8192 2.000000000 2
304 952 3 8192 2.000000000 2
304 956 3 8192 2.000000000 2
304 960 3 8192 2.000000000 2
304 972 3 8192 2.000000000 2
304 976 3 8192 2.000000000 2
304 1000 3 8192 2.000000000 2
304 1012 3 8192 2.000000000 2
304 1020 3 8192 2.000000000 2
304 1036 3 8192 2.000000000 2
304 1060 3 8192 2.000000000 2
304 1072 3 8192 2.000000000 2
304 1076 3 8192 2.000000000 2
304 1152 3 8192 2.000000000 2
304 1164 3 8192 2.000000000 2
304 1180 3 8192 2.000000000 2
304 1216 3 8192 2.000000000 2
304 1232 3 8192 2.000000000 2
304 1248 3 8192 2.000000000 2
304 1252 3 8192 2.000000000 2
304 1264 3 8192 2.000000000 2
308 44 3 8192 2.000000000 2
308 64 3 8192 2.000000000 2
308 68 3 8192 2.000000000 2
308 92 3 8192 2.000000000 2
308 100 3 8192 2.000000000 2
308 144 3 8192 2.000000000 2
308 156 3 8192 2.000000000 2
308 180 3 8192 2.000000000 2
308 188 3 8192 2.000000000 2
308 192 3 8192 2.000000000 2
308 196 3 8192 2.000000000 2
308 224 3 8192 2.000000000 2
308 228 3 8192 2.000000000 2
308 268 3 8192 2.000000000 2
308 276 3 8192 2.000000000 2
308 296 3 8192 2.000000000 2
308 304 3 8192 2.000000000 2
308 400 3 8192 2.000000000 2
308 408 3 8192 2.000000000 2
308 412 3 8192 2.000000000 2
308 456 3 8192 2.000000000 2
308 468 3 8192 2.000000000 2
308 480 3 8192 2.000000000 2
308 484 3 8192 2.000000000 2
308 508 3 8192 2.000000000 2
308 520 3 8192 2.000000000 2
308 528 3 8192 2.000000000 2
308 564 3 8192 2.000000000 2
308 568 3 8192 2.000000000 2
308 624 3 8192 2.000000000 2
308 652 3 8192 2.000000000 2
308 660 3 8192 2.000000000 2
308 676 3 8192 2.000000000 2
308 684 3 8192 2.000000000 2
308 688 3 8192 2.000000000 2
308 700 3 8192 2.000000000 2
308 712 3 8192 2.000000000 2
308 736 3 8192 2.000000000 2
308 740 3 8192 2.000000000 2
308 760 3 8192 2.000000000 2
308 784 3 8192 2.000000000 2
308 796 3 8192 2.000000000 2
308 832 3 8192 2.000000000 2
308 836 3 8192 2.000000000 2
308 844 3 8192 2.000000000 2
308 852 3 8192 2.000000000 2
308 868 3 8192 2.000000000 2
308 892 3 8192 2.000000000 2
308 944 3 8192 2.000000000 2
308 980 3 8192 2.000000000 2
308 992 3 8192 2.000000000 2
308 1004 3 8192 2.000000000 2
308 1020 3 8192 2.000000000 2
308 1028 3 8192 2.000000000 2
308 1036 3 8192 2.000000000 2
308 1048 3 8192 2.000000000 2
308 1076 3 8192 2.000000000 2
308 1096 3 8192 2.000000000 2
308 1116 3 8192 2.000000000 2
308 1160 3 8192 2.000000000 2
308 1168 3 8192 2.000000000 2
308 1192 3 8192 2.000000000 2
308 1208 3 8192 2.000000000 2
308 1228 3 8192 2.000000000 2
312 16 3 8192 2.000000000 2
312 20 3 8192 2.000000000 2
312 48 3 8192 2.000000000 2
312 56 3 8192 2.000000000 2
312 76 3 8192 2.000000000 2
312 188 3 8192 2.000000000 2
312 196 3 8192 2.000000000 2
312 204 3 8192 2.000000000 2
312 208 3 8192 2.000000000 2
312 244 3 8192 2.000000000 2
312 264 3 8192 2.000000000 2
312 280 3 8192 2.000000000 2
312 284 3 8192 2.000000000 2
312 292 3 8192 2.000000000 2
312 304 3 8192 2.000000000 2
312 308 3 8192 2.000000000 2
312 332 3 8192 2.000000000 2
312 336 3 8192 2.000000000 2
312 340 3 8192 2.000000000 2
312 348 3 8192 2.000000000 2
312 376 3 8192 2.000000000 2
312 388 3 8192 2.000000000 2
312 396 3 8192 2.000000000 2
312 424 3 8192 2.000000000 2
312 432 3 8192 2.000000000 2
312 436 3 8192 2.000000000 2
312 456 3 8192 2.000000000 2
312 464 3 8192 2.000000000 2
312 468 3 8192 2.000000000 2
312 504 3 8192 2.000000000 2
312 520 3 8192 2.000000000 2
312 548 3 8192 2.000000000 2
312 560 3 8192 2.000000000 2
312 608 3 8192 2.000000000 2
312 640 3 8192 2.000000000 2
312 644 3 8192 2.000000000 2
312 664 3 8192 2.000000000 2
312 680 3 8192 2.000000000 2
312 704 3 8192 2.000000000 2
312 724 3 8192 2.000000000 2
312 744 3 8192 2.000000000 2
312 780 3 8192 2.000000000 2
312 784 3 8192 2.000000000 2
312 788 3 8192 2.000000000 2
312 828 3 8192 2.000000000 2
312 836 3 8192 2.000000000 2
312 844 3 8192 2.000000000 2
312 852 3 8192 2.000000000 2
312 868 3 8192 2.000000000 2
312 876 3 8192 2.000000000 2
312 984 3 8192 2.000000000 2
312 1004 3 8192 2.000000000 2
312 1012 3 8192 2.000000000 2
312 1056 3 8192 2.000000000 2
312 1072 3 8192 2.000000000 2
312 1152 3 8192 2.000000000 2
312 1168 3 8192 2.000000000 2
312 1180 3 8192 2.000000000 2
312 1192 3 8192 2.000000000 2
312 1208 3 8192 2.000000000 2
312 1216 3 8192 2.000000000 2
312 1220 3 8192 2.000000000 2
312 1232 3 8192 2.000000000 2
312 1244 3 8192 2.000000000 2
316 44 3 8192 2.000000000 2
316 64 3 8192 2.000000000 2
316 92 3 8192 2.000000000 2
316 96 3 8192 2.000000000 2
316 108 3 8192 2.000000000 2
316 128 3 8192 2.000000000 2
316 132 3 8192 2.000000000 2
316 144 3 8192 2.000000000 2
316 152 3 8192 2.000000000 2
316 160 3 8192 2.000000000 2
316 172 3 8192 2.000000000 2
316 188 3 8192 2.000000000 2
316 196 3 8192 2.000000000 2
316 216 3 8192 2.000000000 2
316 232 3 8192 2.000000000 2
316 256 3 8192 2.000000000 2
316 296 3 8192 2.000000000 2
316 324 3 8192 2.000000000 2
316 336 3 8192 2.000000000 2
316 348 3 8192 2.000000000 2
316 372 3 8192 2.000000000 2
316 376 3 8192 2.000000000 2
316 404 3 8192 2.000000000 2
316 432 3 8192 2.000000000 2
316 500 3 8192 2.000000000 2
316 512 3 8192 2.000000000 2
316 556 3 8192 2.000000000 2
316 564 3 8192 2.000000000 2
316 596 3 8192 2.000000000 2
316 628 3 8192 2.000000000 2
316 644 3 8192 2.000000000 2
316 652 3 8192 2.000000000 2
316 660 3 8192 2.000000000 2
316 664 3 8192 2.000000000 2
316 732 3 8192 2.000000000 2
316 740 3 8192 2.000000000 2
316 760 3 8192 2.000000000 2
316 764 3 8192 2.000000000 2
316 784 3 8192 2.000000000 2
316 792 3 8192 2.000000000 2
316 820 3 8192 2.000000000 2
316 828 3 8192 2.000000000 2
316 832 3 8192 2.000000000 2
316 852 3 8192 2.000000000 2
316 860 3 8192 2.000000000 2
316 864 3 8192 2.000000000 2
316 912 3 8192 2.000000000 2
316 924 3 8192 2.000000000 2
316 928 3 8192 2.000000000 2
316 932 3 8192 2.000000000 2
316 976 3 8192 2.000000000 2
316 984 3 8192 2.000000000 2
316 1052 3 8192 2.000000000 2
316 1068 3 8192 2.000000000 2
316 1084 3 8192 2.000000000 2
316 1096 3 8192 2.000000000 2
316 1116 3 8192 2.000000000 2
316 1128 3 8192 2.000000000 2
316 1168 3 8192 2.000000000 2
316 1192 3 8192 2.000000000 2
316 1200 3 8192 2.000000000 2
316 1204 3 8192 2.000000000 2
316 1228 3 8192 2.000000000 2
316 1244 3 8192 2.000000000 2
324 28 3 8192 2.000000000 2
324 40 3 8192 2.000000000 2
324 48 3 8192 2.000000000 2
324 52 3 8192 2.000000000 2
324 108 3 8192 2.000000000 2
324 168 3 8192 2.000000000 2
324 192 3 8192 2.000000000 2
324 200 3 8192 2.000000000 2
324 232 3 8192 2.000000000 2
324 236 3 8192 2.000000000 2
324 292 3 8192 2.000000000 2
324 316 3 8192 2.000000000 2
324 368 3 8192 2.000000000 2
324 392 3 8192 2.000000000 2
324 396 3 8192 2.000000000 2
324 408 3 8192 2.000000000 2
324 432 3 8192 2.000000000 2
324 448 3 8192 2.000000000 2
324 464 3 8192 2.000000000 2
324 468 3 8192 2.000000000 2
324 484 3 8192 2.000000000 2
324 492 3 8192 2.000000000 2
324 500 3 8192 2.000000000 2
324 504 3 8192 2.000000000 2
324 516 3 8192 2.000000000 2
324 520 3 8192 2.000000000 2
324 524 3 8192 2.000000000 2
324 532 3 8192 2.000000000 2
324 540 3 8192 2.000000000 2
324 592 3 8192 2.000000000 2
324 616 3 8192 2.000000000 2
324 632 3 8192 2.000000000 2
324 636 3 8192 2.000000000 2
324 652 3 8192 2.000000000 2
324 656 3 8192 2.000000000 2
324 680 3 8192 2.000000000 2
324 688 3 8192 2.000000000 2
324 712 3 8192 2.000000000 2
324 716 3 8192 2.000000000 2
324 740 3 8192 2.000000000 2
324 820 3 8192 2.000000000 2
324 828 3 8192 2.000000000 2
324 840 3 8192 2.000000000 2
324 852 3 8192 2.000000000 2
324 876 3 8192 2.000000000 2
324 924 3 8192 2.000000000 2
324 944 3 8192 2.000000000 2
324 964 3 8192 2.000000000 2
324 1004 3 8192 2.000000000 2
324 1024 3 8192 2.000000000 2
324 1048 3 8192 2.000000000 2
324 1060 3 8192 2.000000000 2
324 1076 3 8192 2.000000000 2
324 1084 3 8192 2.000000000 2
324 1096 3 8192 2.000000000 2
324 1128 3 8192 2.000000000 2
324 1136 3 8192 2.000000000 2
324 1148 3 8192 2.000000000 2
324 1152 3 8192 2.000000000 2
324 1160 3 8192 2.000000000 2
324 1184 3 8192 2.000000000 2
324 1192 3 8192 2.000000000 2
324 1196 3 8192 2.000000000 2
324 1240 3 8192 2.000000000 2
328 8 3 8192 2.000000000 2
328 32 3 8192 2.000000000 2
328 36 3 8192 2.000000000 2
328 52 3 8192 2.000000000 2
328 56 3 8192 2.000000000 2
328 88 3 8192 2.000000000 2
328 96 3 8192 2.000000000 2
328 100 3 8192 2.000000000 2
328 120 3 8192 2.000000000 2
328 140 3 8192 2.000000000 2
328 156 3 8192 2.000000000 2
328 168 3 8192 2.000000000 2
328 200 3 8192 2.000000000 2
328 220 3 8192 2.000000000 2
328 240 3 8192 2.000000000 2
328 264 3 8192 2.000000000 2
328 268 3 8192 2.000000000 2
328 272 3 8192 2.000000000 2
328 292 3 8192 2.000000000 2
328 300 3 8192 2.000000000 2
328 340 3 8192 2.000000000 2
328 356 3 8192 2.000000000 2
328 368 3 8192 2.000000000 2
328 380 3 8192 2.000000000 2
328 388 3 8192 2.000000000 2
328 404 3 8192 2.000000000 2
328 520 3 8192 2.000000000 2
328 532 3 8192 2.000000000 2
328 540 3 8192 2.000000000 2
328 548 3 8192 2.000000000 2
328 616 3 8192 2.000000000 2
328 624 3 8192 2.000000000 2
328 628 3 8192 2.000000000 2
328 680 3 8192 2.000000000 2
328 684 3 8192 2.000000000 2
328 692 3 8192 2.000000000 2
328 696 3 8192 2.000000000 2
328 700 3 8192 2.000000000 2
328 740 3 8192 2.000000000 2
328 772 3 8192 2.000000000 2
328 780 3 8192 2.000000000 2
328 792 3 8192 2.000000000 2
328 796 3 8192 2.000000000 2
328 824 3 8192 2.000000000 2
328 828 3 8192 2.000000000 2
328 832 3 8192 2.000000000 2
328 840 3 8192 2.000000000 2
328 852 3 8192 2.000000000 2
328 876 3 8192 2.000000000 2
328 896 3 8192 2.000000000 2
328 940 3 8192 2.000000000 2
328 960 3 8192 2.000000000 2
328 996 3 8192 2.000000000 2
328 1048 3 8192 2.000000000 2
328 1068 3 8192 2.000000000 2
328 1104 3 8192 2.000000000 2
328 1108 3 8192 2.000000000 2
328 1136 3 8192 2.000000000 2
328 1152 3 8192 2.000000000 2
328 1156 3 8192 2.000000000 2
328 1160 3 8192 2.000000000 2
328 1168 3 8192 2.000000000 2
328 1204 3 8192 2.000000000 2
328 1232 3 8192 2.000000000 2
332 40 3 8192 2.000000000 2
332 44 3 8192 2.000000000 2
332 64 3 8192 2.000000000 2
332 132 3 8192 2.000000000 2
332 136 3 8192 2.000000000 2
332 140 3 8192 2.000000000 2
332 156 3 8192 2.000000000 2
332 160 3 8192 2.000000000 2
332 164 3 8192 2.000000000 2
332 188 3 8192 2.000000000 2
332 200 3 8192 2.000000000 2
332 224 3 8192 2.000000000 2
332 248 3 8192 2.000000000 2
332 264 3 8192 2.000000000 2
332 272 3 8192 2.000000000 2
332 284 3 8192 2.000000000 2
332 288 3 8192 2.000000000 2
332 304 3 8192 2.000000000 2
332 308 3 8192 2.000000000 2
332 312 3 8192 2.000000000 2
332 328 3 8192 2.000000000 2
332 340 3 8192 2.000000000 2
332 380 3 8192 2.000000000 2
332 388 3 8192 2.000000000 2
332 400 3 8192 2.000000000 2
332 404 3 8192 2.000000000 2
332 440 3 8192 2.000000000 2
332 484 3 8192 2.000000000 2
332 488 3 8192 2.000000000 2
332 500 3 8192 2.000000000 2
332 508 3 8192 2.000000000 2
332 512 3 8192 2.000000000 2
332 524 3 8192 2.000000000 2
332 528 3 8192 2.000000000 2
332 552 3 8192 2.000000000 2
332 592 3 8192 2.000000000 2
332 620 3 8192 2.000000000 2
332 684 3 8192 2.000000000 2
332 704 3 8192 2.000000000 2
332 708 3 8192 2.000000000 2
332 716 3 8192 2.000000000 2
332 720 3 8192 2.000000000 2
332 732 3 8192 2.000000000 2
332 764 3 8192 2.000000000 2
332 776 3 8192 2.000000000 2
332 796 3 8192 2.000000000 2
332 840 3 8192 2.000000000 2
332 868 3 8192 2.000000000 2
332 888 3 8192 2.000000000 2
332 916 3 8192 2.000000000 2
332 924 3 8192 2.000000000 2
332 964 3 8192 2.000000000 2
332 968 3 8192 2.000000000 2
332 1020 3 8192 2.000000000 2
332 1048 3 8192 2.000000000 2
332 1076 3 8192 2.000000000 2
332 1080 3 8192 2.000000000 2
332 1084 3 8192 2.000000000 2
332 1128 3 8192 2.000000000 2
332 1192 3 8192 2.000000000 2
332 1240 3 8192 2.000000000 2
332 1244 3 8192 2.000000000 2
332 1248 3 8192 2.000000000 2
332 1264 3 8192 2.000000000 2
336 8 3 8192 2.000000000 2
336 36 3 8192 2.000000000 2
336 44 3 8192 2.000000000 2
336 48 3 8192 2.000000000 2
336 76 3 8192 2.000000000 2
336 100 3 8192 2.000000000 2
336 132 3 8192 2.000000000 2
336 156 3 8192 2.000000000 2
336 160 3 8192 2.000000000 2
336 164 3 8192 2.000000000 2
336 180 3 8192 2.000000000 2
336 192 3 8192 2.000000000 2
336 200 3 8192 2.000000000 2
336 208 3 8192 2.000000000 2
336 340 3 8192 2.000000000 2
336 348 3 8192 2.000000000 2
336 352 3 8192 2.000000000 2
336 424 3 8192 2.000000000 2
336 432 3 8192 2.000000000 2
336 436 3 8192 2.000000000 2
336 448 3 8192 2.000000000 2
336 456 3 8192 2.000000000 2
336 480 3 8192 2.000000000 2
336 508 3 8192 2.000000000 2
336 532 3 8192 2.000000000 2
336 552 3 8192 2.000000000 2
336 560 3 8192 2.000000000 2
336 568 3 8192 2.000000000 2
336 584 3 8192 2.000000000 2
336 592 3 8192 2.000000000 2
336 596 3 8192 2.000000000 2
336 608 3 8192 2.000000000 2
336 612 3 8192 2.000000000 2
336 628 3 8192 2.000000000 2
336 640 3 8192 2.000000000 2
336 684 3 8192 2.000000000 2
336 688 3 8192 2.000000000 2
336 696 3 8192 2.000000000 2
336 712 3 8192 2.000000000 2
336 720 3 8192 2.000000000 2
336 732 3 8192 2.000000000 2
336 760 3 8192 2.000000000 2
336 772 3 8192 2.000000000 2
336 776 3 8192 2.000000000 2
336 780 3 8192 2.000000000 2
336 820 3 8192 2.000000000 2
336 848 3 8192 2.000000000 2
336 852 3 8192 2.000000000 2
336 892 3 8192 2.000000000 2
336 896 3 8192 2.000000000 2
336 924 3 8192 2.000000000 2
336 952 3 8192 2.000000000 2
336 968 3 8192 2.000000000 2
336 980 3 8192 2.000000000 2
336 1004 3 8192 2.000000000 2
336 1016 3 8192 2.000000000 2
336 1112 3 8192 2.000000000 2
336 1124 3 8192 2.000000000 2
336 1152 3 8192 2.000000000 2
336 1176 3 8192 2.000000000 2
336 1212 3 8192 2.000000000 2
336 1228 3 8192 2.000000000 2
336 1232 3 8192 2.000000000 2
336 1240 3 8192 2.000000000 2
340 16 3 8192 2.000000000 2
340 24 3 8192 2.000000000 2
340 64 3 8192 2.000000000 2
340 76 3 8192 2.000000000 2
340 92 3 8192 2.000000000 2
340 136 3 8192 2.000000000 2
340 172 3 8192 2.000000000 2
340 188 3 8192 2.000000000 2
340 204 3 8192 2.000000000 2
340 216 3 8192 2.000000000 2
340 232 3 8192 2.000000000 2
340 240 3 8192 2.000000000 2
340 256 3 8192 2.000000000 2
340 268 3 8192 2.000000000 2
340 272 3 8192 2.000000000 2
340 276 3 8192 2.000000000 2
340 292 3 8192 2.000000000 2
340 332 3 8192 2.000000000 2
340 336 3 8192 2.000000000 2
340 348 3 8192 2.000000000 2
340 360 3 8192 2.000000000 2
340 404 3 8192 2.000000000 2
340 456 3 8192 2.000000000 2
340 520 3 8192 2.000000000 2
340 532 3 8192 2.000000000 2
340 548 3 8192 2.000000000 2
340 560 3 8192 2.000000000 2
340 592 3 8192 2.000000000 2
340 612 3 8192 2.000000000 2
340 620 3 8192 2.000000000 2
340 624 3 8192 2.000000000 2
340 628 3 8192 2.000000000 2
340 632 3 8192 2.000000000 2
340 640 3 8192 2.000000000 2
340 664 3 8192 2.000000000 2
340 676 3 8192 2.000000000 2
340 688 3 8192 2.000000000 2
340 704 3 8192 2.000000000 2
340 724 3 8192 2.000000000 2
340 752 3 8192 2.000000000 2
340 760 3 8192 2.000000000 2
340 776 3 8192 2.000000000 2
340 812 3 8192 2.000000000 2
340 824 3 8192 2.000000000 2
340 848 3 8192 2.000000000 2
340 896 3 8192 2.000000000 2
340 924 3 8192 2.000000000 2
340 932 3 8192 2.000000000 2
340 960 3 8192 2.000000000 2
340 972 3 8192 2.000000000 2
340 996 3 8192 2.000000000 2
340 1000 3 8192 2.000000000 2
340 1020 3 8192 2.000000000 2
340 1056 3 8192 2.000000000 2
340 1060 3 8192 2.000000000 2
340 1084 3 8192 2.000000000 2
340 1096 3 8192 2.000000000 2
340 1136 3 8192 2.000000000 2
340 1152 3 8192 2.000000000 2
340 1156 3 8192 2.000000000 2
340 1164 3 8192 2.000000000 2
340 1192 3 8192 2.000000000 2
340 1212 3 8192 2.000000000 2
340 1240 3 8192 2.000000000 2
348 0 3 8192 2.000000000 2
348 8 3 8192 2.000000000 2
348 20 3 8192 2.000000000 2
348 32 3 8192 2.000000000 2
348 36 3 8192 2.000000000 2
348 52 3 8192 2.000000000 2
348 56 3 8192 2.000000000 2
348 120 3 8192 2.000000000 2
348 132 3 8192 2.000000000 2
348 160 3 8192 2.000000000 2
348 172 3 8192 2.000000000 2
348 192 3 8192 2.000000000 2
348 200 3 8192 2.000000000 2
348 208 3 8192 2.000000000 2
348 220 3 8192 2.000000000 2
348 224 3 8192 2.000000000 2
348 252 3 8192 2.000000000 2
348 264 3 8192 2.000000000 2
348 280 3 8192 2.000000000 2
348 308 3 8192 2.000000000 2
348 356 3 8192 2.000000000 2
348 400 3 8192 2.000000000 2
348 404 3 8192 2.000000000 2
348 408 3 8192 2.000000000 2
348 420 3 8192 2.000000000 2
348 424 3 8192 2.000000000 2
348 452 3 8192 2.000000000 2
348 456 3 8192 2.000000000 2
348 480 3 8192 2.000000000 2
348 484 3 8192 2.000000000 2
348 500 3 8192 2.000000000 2
348 508 3 8192 2.000000000 2
348 528 3 8192 2.000000000 2
348 556 3 8192 2.000000000 2
348 564 3 8192 2.000000000 2
348 584 3 8192 2.000000000 2
348 600 3 8192 2.000000000 2
348 632 3 8192 2.000000000 2
348 636 3 8192 2.000000000 2
348 656 3 8192 2.000000000 2
348 720 3 8192 2.000000000 2
348 776 3 8192 2.000000000 2
348 788 3 8192 2.000000000 2
348 812 3 8192 2.000000000 2
348 848 3 8192 2.000000000 2
348 876 3 8192 2.000000000 2
348 900 3 8192 2.000000000 2
348 912 3 8192 2.000000000 2
348 940 3 8192 2.000000000 2
348 944 3 8192 2.000000000 2
348 976 3 8192 2.000000000 2
348 980 3 8192 2.000000000 2
348 1020 3 8192 2.000000000 2
348 1048 3 8192 2.000000000 2
348 1060 3 8192 2.000000000 2
348 1080 3 8192 2.000000000 2
348 1096 3 8192 2.000000000 2
348 1112 3 8192 2.000000000 2
348 1156 3 8192 2.000000000 2
348 1164 3 8192 2.000000000 2
348 1168 3 8192 2.000000000 2
348 1192 3 8192 2.000000000 2
348 1216 3 8192 2.000000000 2
348 1220 3 8192 2.000000000 2
352 20 3 8192 2.000000000 2
352 24 3 8192 2.000000000 2
352 92 3 8192 2.000000000 2
352 100 3 8192 2.000000000 2
352 104 3 8192 2.000000000 2
352 108 3 8192 2.000000000 2
352 120 3 8192 2.000000000 2
352 132 3 8192 2.000000000 2
352 136 3 8192 2.000000000 2
352 152 3 8192 2.000000000 2
352 164 3 8192 2.000000000 2
352 172 3 8192 2.000000000 2
352 180 3 8192 2.000000000 2
352 224 3 8192 2.000000000 2
352 228 3 8192 2.000000000 2
352 232 3 8192 2.000000000 2
352 248 3 8192 2.000000000 2
352 252 3 8192 2.000000000 2
352 264 3 8192 2.000000000 2
352 280 3 8192 2.000000000 2
352 288 3 8192 2.000000000 2
352 308 3 8192 2.000000000 2
352 332 3 8192 2.000000000 2
352 376 3 8192 2.000000000 2
352 412 3 8192 2.000000000 2
352 452 3 8192 2.000000000 2
352 464 3 8192 2.000000000 2
352 480 3 8192 2.000000000 2
352 500 3 8192 2.000000000 2
352 516 3 8192 2.000000000 2
352 524 3 8192 2.000000000 2
352 528 3 8192 2.000000000 2
352 552 3 8192 2.000000000 2
352 640 3 8192 2.000000000 2
352 644 3 8192 2.000000000 2
352 660 3 8192 2.000000000 2
352 676 3 8192 2.000000000 2
352 692 3 8192 2.000000000 2
352 696 3 8192 2.000000000 2
352 700 3 8192 2.000000000 2
352 708 3 8192 2.000000000 2
352 732 3 8192 2.000000000 2
352 740 3 8192 2.000000000 2
352 788 3 8192 2.000000000 2
352 832 3 8192 2.000000000 2
352 856 3 8192 2.000000000 2
352 868 3 8192 2.000000000 2
352 876 3 8192 2.000000000 2
352 892 3 8192 2.000000000 2
352 896 3 8192 2.000000000 2
352 924 3 8192 2.000000000 2
352 928 3 8192 2.000000000 2
352 968 3 8192 2.000000000 2
352 1020 3 8192 2.000000000 2
352 1048 3 8192 2.000000000 2
352 1072 3 8192 2.000000000 2
352 1160 3 8192 2.000000000 2
352 1176 3 8192 2.000000000 2
352 1200 3 8192 2.000000000 2
352 1204 3 8192 2.000000000 2
352 1216 3 8192 2.000000000 2
352 1228 3 8192 2.000000000 2
352 1232 3 8192 2.000000000 2
352 1264 3 8192 2.000000000 2
356 8 3 8192 2.000000000 2
356 24 3 8192 2.000000000 2
356 40 3 8192 2.000000000 2
356 48 3 8192 2.000000000 2
356 64 3 8192 2.000000000 2
356 68 3 8192 2.000000000 2
356 96 3 8192 2.000000000 2
356 100 3 8192 2.000000000 2
356 124 3 8192 2.000000000 2
356 144 3 8192 2.000000000 2
356 196 3 8192 2.000000000 2
356 200 3 8192 2.000000000 2
356 208 3 8192 2.000000000 2
356 232 3 8192 2.000000000 2
356 252 3 8192 2.000000000 2
356 272 3 8192 2.000000000 2
356 280 3 8192 2.000000000 2
356 284 3 8192 2.000000000 2
356 332 3 8192 2.000000000 2
356 348 3 8192 2.000000000 2
356 352 3 8192 2.000000000 2
356 412 3 8192 2.000000000 2
356 420 3 8192 2.000000000 2
356 424 3 8192 2.000000000 2
356 440 3 8192 2.000000000 2
356 448 3 8192 2.000000000 2
356 480 3 8192 2.000000000 2
356 492 3 8192 2.000000000 2
356 520 3 8192 2.000000000 2
356 528 3 8192 2.000000000 2
356 552 3 8192 2.000000000 2
356 556 3 8192 2.000000000 2
356 584 3 8192 2.000000000 2
356 596 3 8192 2.000000000 2
356 624 3 8192 2.000000000 2
356 632 3 8192 2.000000000 2
356 652 3 8192 2.000000000 2
356 656 3 8192 2.000000000 2
356 688 3 8192 2.000000000 2
356 696 3 8192 2.000000000 2
356 708 3 8192 2.000000000 2
356 792 3 8192 2.000000000 2
356 952 3 8192 2.000000000 2
356 956 3 8192 2.000000000 2
356 960 3 8192 2.000000000 2
356 972 3 8192 2.000000000 2
356 976 3 8192 2.000000000 2
356 984 3 8192 2.000000000 2
356 996 3 8192 2.000000000 2
356 1000 3 8192 2.000000000 2
356 1024 3 8192 2.000000000 2
356 1036 3 8192 2.000000000 2
356 1104 3 8192 2.000000000 2
356 1112 3 8192 2.000000000 2
356 1120 3 8192 2.000000000 2
356 1128 3 8192 2.000000000 2
356 1136 3 8192 2.000000000 2
356 1152 3 8192 2.000000000 2
356 1156 3 8192 2.000000000 2
356 1164 3 8192 2.000000000 2
356 1168 3 8192 2.000000000 2
356 1176 3 8192 2.000000000 2
356 1232 3 8192 2.000000000 2
356 1240 3 8192 2.000000000 2
360 16 3 8192 2.000000000 2
360 24 3 8192 2.000000000 2
360 52 3 8192 2.000000000 2
360 64 3 8192 2.000000000 2
360 68 3 8192 2.000000000 2
360 76 3 8192 2.000000000 2
360 152 3 8192 2.000000000 2
360 156 3 8192 2.000000000 2
360 160 3 8192 2.000000000 2
360 168 3 8192 2.000000000 2
360 172 3 8192 2.000000000 2
360 196 3 8192 2.000000000 2
360 240 3 8192 2.000000000 2
360 244 3 8192 2.000000000 2
360 252 3 8192 2.000000000 2
360 256 3 8192 2.000000000 2
360 268 3 8192 2.000000000 2
360 292 3 8192 2.000000000 2
360 308 3 8192 2.000000000 2
360 312 3 8192 2.000000000 2
360 324 3 8192 2.000000000 2
360 368 3 8192 2.000000000 2
360 392 3 8192 2.000000000 2
360 432 3 8192 2.000000000 2
360 436 3 8192 2.000000000 2
360 440 3 8192 2.000000000 2
360 456 3 8192 2.000000000 2
360 468 3 8192 2.000000000 2
360 480 3 8192 2.000000000 2
360 504 3 8192 2.000000000 2
360 508 3 8192 2.000000000 2
360 520 3 8192 2.000000000 2
360 524 3 8192 2.000000000 2
360 532 3 8192 2.000000000 2
360 548 3 8192 2.000000000 2
360 568 3 8192 2.000000000 2
360 596 3 8192 2.000000000 2
360 616 3 8192 2.000000000 2
360 620 3 8192 2.000000000 2
360 636 3 8192 2.000000000 2
360 640 3 8192 2.000000000 2
360 644 3 8192 2.000000000 2
360 676 3 8192 2.000000000 2
360 692 3 8192 2.000000000 2
360 712 3 8192 2.000000000 2
360 732 3 8192 2.000000000 2
360 756 3 8192 2.000000000 2
360 776 3 8192 2.000000000 2
360 876 3 8192 2.000000000 2
360 896 3 8192 2.000000000 2
360 940 3 8192 2.000000000 2
360 972 3 8192 2.000000000 2
360 996 3 8192 2.000000000 2
360 1000 3 8192 2.000000000 2
360 1004 3 8192 2.000000000 2
360 1012 3 8192 2.000000000 2
360 1036 3 8192 2.000000000 2
360 1068 3 8192 2.000000000 2
360 1104 3 8192 2.000000000 2
360 1176 3 8192 2.000000000 2
360 1180 3 8192 2.000000000 2
360 1192 3 8192 2.000000000 2
360 1200 3 8192 2.000000000 2
360 1216 3 8192 2.000000000 2
368 0 3 8192 2.000000000 2
368 28 3 8192 2.000000000 2
368 36 3 8192 2.000000000 2
368 44 3 8192 2.000000000 2
368 56 3 8192 2.000000000 2
368 76 3 8192 2.000000000 2
368 92 3 8192 2.000000000 2
368 100 3 8192 2.000000000 2
368 108 3 8192 2.000000000 2
368 124 3 8192 2.000000000 2
368 128 3 8192 2.000000000 2
368 160 3 8192 2.000000000 2
368 188 3 8192 2.000000000 2
368 196 3 8192 2.000000000 2
368 220 3 8192 2.000000000 2
368 236 3 8192 2.000000000 2
368 240 3 8192 2.000000000 2
368 272 3 8192 2.000000000 2
368 328 3 8192 2.000000000 2
368 348 3 8192 2.000000000 2
368 372 3 8192 2.000000000 2
368 436 3 8192 2.000000000 2
368 440 3 8192 2.000000000 2
368 464 3 8192 2.000000000 2
368 492 3 8192 2.000000000 2
368 548 3 8192 2.000000000 2
368 568 3 8192 2.000000000 2
368 624 3 8192 2.000000000 2
368 628 3 8192 2.000000000 2
368 632 3 8192 2.000000000 2
368 640 3 8192 2.000000000 2
368 692 3 8192 2.000000000 2
368 712 3 8192 2.000000000 2
368 736 3 8192 2.000000000 2
368 752 3 8192 2.000000000 2
368 772 3 8192 2.000000000 2
368 780 3 8192 2.000000000 2
368 792 3 8192 2.000000000 2
368 812 3 8192 2.000000000 2
368 820 3 8192 2.000000000 2
368 824 3 8192 2.000000000 2
368 828 3 8192 2.000000000 2
368 832 3 8192 2.000000000 2
368 852 3 8192 2.000000000 2
368 856 3 8192 2.000000000 2
368 864 3 8192 2.000000000 2
368 888 3 8192 2.000000000 2
368 952 3 8192 2.000000000 2
368 956 3 8192 2.000000000 2
368 960 3 8192 2.000000000 2
368 972 3 8192 2.000000000 2
368 976 3 8192 2.000000000 2
368 984 3 8192 2.000000000 2
368 992 3 8192 2.000000000 2
368 1056 3 8192 2.000000000 2
368 1080 3 8192 2.000000000 2
368 1084 3 8192 2.000000000 2
368 1148 3 8192 2.000000000 2
368 1160 3 8192 2.000000000 2
368 1208 3 8192 2.000000000 2
368 1240 3 8192 2.000000000 2
368 1244 3 8192 2.000000000 2
368 1248 3 8192 2.000000000 2
368 1272 3 8192 2.000000000 2
372 76 3 8192 2.000000000 2
372 88 3 8192 2.000000000 2
372 92 3 8192 2.000000000 2
372 96 3 8192 2.000000000 2
372 100 3 8192 2.000000000 2
372 120 3 8192 2.000000000 2
372 128 3 8192 2.000000000 2
372 136 3 8192 2.000000000 2
372 168 3 8192 2.000000000 2
372 184 3 8192 2.000000000 2
372 232 3 8192 2.000000000 2
372 272 3 8192 2.000000000 2
372 292 3 8192 2.000000000 2
372 312 3 8192 2.000000000 2
372 324 3 8192 2.000000000 2
372 368 3 8192 2.000000000 2
372 400 3 8192 2.000000000 2
372 404 3 8192 2.000000000 2
372 412 3 8192 2.000000000 2
372 436 3 8192 2.000000000 2
372 440 3 8192 2.000000000 2
372 456 3 8192 2.000000000 2
372 480 3 8192 2.000000000 2
372 492 3 8192 2.000000000 2
372 548 3 8192 2.000000000 2
372 568 3 8192 2.000000000 2
372 580 3 8192 2.000000000 2
372 596 3 8192 2.000000000 2
372 600 3 8192 2.000000000 2
372 620 3 8192 2.000000000 2
372 636 3 8192 2.000000000 2
372 676 3 8192 2.000000000 2
372 680 3 8192 2.000000000 2
372 696 3 8192 2.000000000 2
372 700 3 8192 2.000000000 2
372 704 3 8192 2.000000000 2
372 760 3 8192 2.000000000 2
372 764 3 8192 2.000000000 2
372 792 3 8192 2.000000000 2
372 836 3 8192 2.000000000 2
372 860 3 8192 2.000000000 2
372 876 3 8192 2.000000000 2
372 888 3 8192 2.000000000 2
372 892 3 8192 2.000000000 2
372 896 3 8192 2.000000000 2
372 912 3 8192 2.000000000 2
372 968 3 8192 2.000000000 2
372 1000 3 8192 2.000000000 2
372 1012 3 8192 2.000000000 2
372 1016 3 8192 2.000000000 2
372 1048 3 8192 2.000000000 2
372 1052 3 8192 2.000000000 2
372 1068 3 8192 2.000000000 2
372 1072 3 8192 2.000000000 2
372 1076 3 8192 2.000000000 2
372 1104 3 8192 2.000000000 2
372 1112 3 8192 2.000000000 2
372 1116 3 8192 2.000000000 2
372 1156 3 8192 2.000000000 2
372 1160 3 8192 2.000000000 2
372 1184 3 8192 2.000000000 2
372 1204 3 8192 2.000000000 2
372 1244 3 8192 2.000000000 2
372 1252 3 8192 2.000000000 2
376 16 3 8192 2.000000000 2
376 44 3 8192 2.000000000 2
376 120 3 8192 2.000000000 2
376 124 3 8192 2.000000000 2
376 128 3 8192 2.000000000 2
376 144 3 8192 2.000000000 2
376 160 3 8192 2.000000000 2
376 172 3 8192 2.000000000 2
376 196 3 8192 2.000000000 2
376 208 3 8192 2.000000000 2
376 224 3 8192 2.000000000 2
376 228 3 8192 2.000000000 2
376 240 3 8192 2.000000000 2
376 272 3 8192 2.000000000 2
376 292 3 8192 2.000000000 2
376 312 3 8192 2.000000000 2
376 316 3 8192 2.000000000 2
376 352 3 8192 2.000000000 2
376 404 3 8192 2.000000000 2
376 412 3 8192 2.000000000 2
376 504 3 8192 2.000000000 2
376 512 3 8192 2.000000000 2
376 532 3 8192 2.000000000 2
376 568 3 8192 2.000000000 2
376 620 3 8192 2.000000000 2
376 628 3 8192 2.000000000 2
376 640 3 8192 2.000000000 2
376 644 3 8192 2.000000000 2
376 668 3 8192 2.000000000 2
376 680 3 8192 2.000000000 2
376 696 3 8192 2.000000000 2
376 704 3 8192 2.000000000 2
376 712 3 8192 2.000000000 2
376 716 3 8192 2.000000000 2
376 736 3 8192 2.000000000 2
376 752 3 8192 2.000000000 2
376 756 3 8192 2.000000000 2
376 776 3 8192 2.000000000 2
376 788 3 8192 2.000000000 2
376 820 3 8192 2.000000000 2
376 840 3 8192 2.000000000 2
376 860 3 8192 2.000000000 2
376 864 3 8192 2.000000000 2
376 876 3 8192 2.000000000 2
376 912 3 8192 2.000000000 2
376 916 3 8192 2.000000000 2
376 944 3 8192 2.000000000 2
376 992 3 8192 2.000000000 2
376 1028 3 8192 2.000000000 2
376 1048 3 8192 2.000000000 2
376 1076 3 8192 2.000000000 2
376 1116 3 8192 2.000000000 2
376 1148 3 8192 2.000000000 2
376 1160 3 8192 2.000000000 2
376 1168 3 8192 2.000000000 2
376 1176 3 8192 2.000000000 2
376 1184 3 8192 2.000000000 2
376 1208 3 8192 2.000000000 2
376 1212 3 8192 2.000000000 2
376 1216 3 8192 2.000000000 2
376 1228 3 8192 2.000000000 2
376 1240 3 8192 2.000000000 2
376 1252 3 8192 2.000000000 2
376 1264 3 8192 2.000000000 2
380 0 3 8192 2.000000000 2
380 36 3 8192 2.000000000 2
380 52 3 8192 2.000000000 2
380 88 3 8192 2.000000000 2
380 108 3 8192 2.000000000 2
380 152 3 8192 2.000000000 2
380 164 3 8192 2.000000000 2
380 172 3 8192 2.000000000 2
380 184 3 8192 2.000000000 2
380 188 3 8192 2.000000000 2
380 196 3 8192 2.000000000 2
380 204 3 8192 2.000000000 2
380 220 3 8192 2.000000000 2
380 248 3 8192 2.000000000 2
380 252 3 8192 2.000000000 2
380 280 3 8192 2.000000000 2
380 288 3 8192 2.000000000 2
380 300 3 8192 2.000000000 2
380 316 3 8192 2.000000000 2
380 348 3 8192 2.000000000 2
380 372 3 8192 2.000000000 2
380 388 3 8192 2.000000000 2
380 392 3 8192 2.000000000 2
380 400 3 8192 2.000000000 2
380 404 3 8192 2.000000000 2
380 408 3 8192 2.000000000 2
380 432 3 8192 2.000000000 2
380 488 3 8192 2.000000000 2
380 500 3 8192 2.000000000 2
380 516 3 8192 2.000000000 2
380 528 3 8192 2.000000000 2
380 584 3 8192 2.000000000 2
380 592 3 8192 2.000000000 2
380 596 3 8192 2.000000000 2
380 628 3 8192 2.000000000 2
380 636 3 8192 2.000000000 2
380 660 3 8192 2.000000000 2
380 712 3 8192 2.000000000 2
380 752 3 8192 2.000000000 2
380 760 3 8192 2.000000000 2
380 776 3 8192 2.000000000 2
380 788 3 8192 2.000000000 2
380 792 3 8192 2.000000000 2
380 812 3 8192 2.000000000 2
380 832 3 8192 2.000000000 2
380 860 3 8192 2.000000000 2
380 864 3 8192 2.000000000 2
380 896 3 8192 2.000000000 2
380 900 3 8192 2.000000000 2
380 916 3 8192 2.000000000 2
380 972 3 8192 2.000000000 2
380 980 3 8192 2.000000000 2
380 996 3 8192 2.000000000 2
380 1020 3 8192 2.000000000 2
380 1052 3 8192 2.000000000 2
380 1056 3 8192 2.000000000 2
380 1060 3 8192 2.000000000 2
380 1116 3 8192 2.000000000 2
380 1124 3 8192 2.000000000 2
380 1128 3 8192 2.000000000 2
380 1152 3 8192 2.000000000 2
380 1184 3 8192 2.000000000 2
380 1212 3 8192 2.000000000 2
380 1220 3 8192 2.000000000 2
388 56 3 8192 2.000000000 2
388 76 3 8192 2.000000000 2
388 96 3 8192 2.000000000 2
388 100 3 8192 2.000000000 2
388 124 3 8192 2.000000000 2
388 128 3 8192 2.000000000 2
388 160 3 8192 2.000000000 2
388 172 3 8192 2.000000000 2
388 188 3 8192 2.000000000 2
388 208 3 8192 2.000000000 2
388 216 3 8192 2.000000000 2
388 220 3 8192 2.000000000 2
388 224 3 8192 2.000000000 2
388 228 3 8192 2.000000000 2
388 256 3 8192 2.000000000 2
388 288 3 8192 2.000000000 2
388 296 3 8192 2.000000000 2
388 312 3 8192 2.000000000 2
388 324 3 8192 2.000000000 2
388 348 3 8192 2.000000000 2
388 400 3 8192 2.000000000 2
388 404 3 8192 2.000000000 2
388 412 3 8192 2.000000000 2
388 448 3 8192 2.000000000 2
388 456 3 8192 2.000000000 2
388 464 3 8192 2.000000000 2
388 488 3 8192 2.000000000 2
388 508 3 8192 2.000000000 2
388 516 3 8192 2.000000000 2
388 528 3 8192 2.000000000 2
388 548 3 8192 2.000000000 2
388 592 3 8192 2.000000000 2
388 612 3 8192 2.000000000 2
388 616 3 8192 2.000000000 2
388 620 3 8192 2.000000000 2
388 640 3 8192 2.000000000 2
388 684 3 8192 2.000000000 2
388 688 3 8192 2.000000000 2
388 708 3 8192 2.000000000 2
388 720 3 8192 2.000000000 2
388 780 3 8192 2.000000000 2
388 792 3 8192 2.000000000 2
388 812 3 8192 2.000000000 2
388 820 3 8192 2.000000000 2
388 828 3 8192 2.000000000 2
388 840 3 8192 2.000000000 2
388 860 3 8192 2.000000000 2
388 864 3 8192 2.000000000 2
388 912 3 8192 2.000000000 2
388 916 3 8192 2.000000000 2
388 940 3 8192 2.000000000 2
388 964 3 8192 2.000000000 2
388 1000 3 8192 2.000000000 2
388 1016 3 8192 2.000000000 2
388 1036 3 8192 2.000000000 2
388 1048 3 8192 2.000000000 2
388 1084 3 8192 2.000000000 2
388 1104 3 8192 2.000000000 2
388 1112 3 8192 2.000000000 2
388 1124 3 8192 2.000000000 2
388 1164 3 8192 2.000000000 2
388 1180 3 8192 2.000000000 2
388 1184 3 8192 2.000000000 2
388 1244 3 8192 2.000000000 2
392 28 3 8192 2.000000000 2
392 60 3 8192 2.000000000 2
392 68 3 8192 2.000000000 2
392 88 3 8192 2.000000000 2
392 136 3 8192 2.000000000 2
392 160 3 8192 2.000000000 2
392 196 3 8192 2.000000000 2
392 204 3 8192 2.000000000 2
392 228 3 8192 2.000000000 2
392 244 3 8192 2.000000000 2
392 248 3 8192 2.000000000 2
392 256 3 8192 2.000000000 2
392 268 3 8192 2.000000000 2
392 312 3 8192 2.000000000 2
392 324 3 8192 2.000000000 2
392 352 3 8192 2.000000000 2
392 372 3 8192 2.000000000 2
392 408 3 8192 2.000000000 2
392 432 3 8192 2.000000000 2
392 448 3 8192 2.000000000 2
392 492 3 8192 2.000000000 2
392 504 3 8192 2.000000000 2
392 516 3 8192 2.000000000 2
392 520 3 8192 2.000000000 2
392 540 3 8192 2.000000000 2
392 552 3 8192 2.000000000 2
392 564 3 8192 2.000000000 2
392 584 3 8192 2.000000000 2
392 608 3 8192 2.000000000 2
392 616 3 8192 2.000000000 2
392 624 3 8192 2.000000000 2
392 628 3 8192 2.000000000 2
392 636 3 8192 2.000000000 2
392 660 3 8192 2.000000000 2
392 676 3 8192 2.000000000 2
392 692 3 8192 2.000000000 2
392 708 3 8192 2.000000000 2
392 720 3 8192 2.000000000 2
392 736 3 8192 2.000000000 2
392 752 3 8192 2.000000000 2
392 760 3 8192 2.000000000 2
392 776 3 8192 2.000000000 2
392 780 3 8192 2.000000000 2
392 784 3 8192 2.000000000 2
392 812 3 8192 2.000000000 2
392 852 3 8192 2.000000000 2
392 868 3 8192 2.000000000 2
392 892 3 8192 2.000000000 2
392 896 3 8192 2.000000000 2
392 916 3 8192 2.000000000 2
392 928 3 8192 2.000000000 2
392 944 3 8192 2.000000000 2
392 952 3 8192 2.000000000 2
392 960 3 8192 2.000000000 2
392 972 3 8192 2.000000000 2
392 1016 3 8192 2.000000000 2
392 1020 3 8192 2.000000000 2
392 1056 3 8192 2.000000000 2
392 1072 3 8192 2.000000000 2
392 1080 3 8192 2.000000000 2
392 1180 3 8192 2.000000000 2
392 1184 3 8192 2.000000000 2
392 1200 3 8192 2.000000000 2
392 1232 3 8192 2.000000000 2
396 8 3 8192 2.000000000 2
396 32 3 8192 2.000000000 2
396 40 3 8192 2.000000000 2
396 68 3 8192 2.000000000 2
396 92 3 8192 2.000000000 2
396 100 3 8192 2.000000000 2
396 108 3 8192 2.000000000 2
396 124 3 8192 2.000000000 2
396 164 3 8192 2.000000000 2
396 184 3 8192 2.000000000 2
396 248 3 8192 2.000000000 2
396 252 3 8192 2.000000000 2
396 264 3 8192 2.000000000 2
396 280 3 8192 2.000000000 2
396 292 3 8192 2.000000000 2
396 308 3 8192 2.000000000 2
396 324 3 8192 2.000000000 2
396 332 3 8192 2.000000000 2
396 340 3 8192 2.000000000 2
396 352 3 8192 2.000000000 2
396 400 3 8192 2.000000000 2
396 448 3 8192 2.000000000 2
396 464 3 8192 2.000000000 2
396 480 3 8192 2.000000000 2
396 504 3 8192 2.000000000 2
396 524 3 8192 2.000000000 2
396 556 3 8192 2.000000000 2
396 560 3 8192 2.000000000 2
396 592 3 8192 2.000000000 2
396 600 3 8192 2.000000000 2
396 608 3 8192 2.000000000 2
396 620 3 8192 2.000000000 2
396 632 3 8192 2.000000000 2
396 664 3 8192 2.000000000 2
396 676 3 8192 2.000000000 2
396 692 3 8192 2.000000000 2
396 712 3 8192 2.000000000 2
396 820 3 8192 2.000000000 2
396 824 3 8192 2.000000000 2
396 856 3 8192 2.000000000 2
396 860 3 8192 2.000000000 2
396 868 3 8192 2.000000000 2
396 876 3 8192 2.000000000 2
396 912 3 8192 2.000000000 2
396 932 3 8192 2.000000000 2
396 940 3 8192 2.000000000 2
396 944 3 8192 2.000000000 2
396 964 3 8192 2.000000000 2
396 976 3 8192 2.000000000 2
396 992 3 8192 2.000000000 2
396 1012 3 8192 2.000000000 2
396 1020 3 8192 2.000000000 2
396 1024 3 8192 2.000000000 2
396 1036 3 8192 2.000000000 2
396 1104 3 8192 2.000000000 2
396 1180 3 8192 2.000000000 2
396 1192 3 8192 2.000000000 2
396 1204 3 8192 2.000000000 2
396 1212 3 8192 2.000000000 2
396 1232 3 8192 2.000000000 2
396 1244 3 8192 2.000000000 2
396 1248 3 8192 2.000000000 2
396 1252 3 8192 2.000000000 2
396 1264 3 8192 2.000000000 2
400 32 3 8192 2.000000000 2
400 92 3 8192 2.000000000 2
400 100 3 8192 2.000000000 2
400 108 3 8192 2.000000000 2
400 132 3 8192 2.000000000 2
400 152 3 8192 2.000000000 2
400 160 3 8192 2.000000000 2
400 172 3 8192 2.000000000 2
400 204 3 8192 2.000000000 2
400 252 3 8192 2.000000000 2
400 300 3 8192 2.000000000 2
400 312 3 8192 2.000000000 2
400 328 3 8192 2.000000000 2
400 332 3 8192 2.000000000 2
400 392 3 8192 2.000000000 2
400 396 3 8192 2.000000000 2
400 404 3 8192 2.000000000 2
400 424 3 8192 2.000000000 2
400 456 3 8192 2.000000000 2
400 468 3 8192 2.000000000 2
400 492 3 8192 2.000000000 2
400 508 3 8192 2.000000000 2
400 532 3 8192 2.000000000 2
400 552 3 8192 2.000000000 2
400 580 3 8192 2.000000000 2
400 600 3 8192 2.000000000 2
400 612 3 8192 2.000000000 2
400 628 3 8192 2.000000000 2
400 656 3 8192 2.000000000 2
400 660 3 8192 2.000000000 2
400 664 3 8192 2.000000000 2
400 684 3 8192 2.000000000 2
400 708 3 8192 2.000000000 2
400 736 3 8192 2.000000000 2
400 744 3 8192 2.000000000 2
400 792 3 8192 2.000000000 2
400 796 3 8192 2.000000000 2
400 812 3 8192 2.000000000 2
400 824 3 8192 2.000000000 2
400 832 3 8192 2.000000000 2
400 844 3 8192 2.000000000 2
400 900 3 8192 2.000000000 2
400 912 3 8192 2.000000000 2
400 916 3 8192 2.000000000 2
400 924 3 8192 2.000000000 2
400 944 3 8192 2.000000000 2
400 960 3 8192 2.000000000 2
400 972 3 8192 2.000000000 2
400 992 3 8192 2.000000000 2
400 996 3 8192 2.000000000 2
400 1000 3 8192 2.000000000 2
400 1004 3 8192 2.000000000 2
400 1012 3 8192 2.000000000 2
400 1024 3 8192 2.000000000 2
400 1036 3 8192 2.000000000 2
400 1052 3 8192 2.000000000 2
400 1060 3 8192 2.000000000 2
400 1068 3 8192 2.000000000 2
400 1076 3 8192 2.000000000 2
400 1116 3 8192 2.000000000 2
400 1176 3 8192 2.000000000 2
400 1196 3 8192 2.000000000 2
400 1264 3 8192 2.000000000 2
400 1272 3 8192 2.000000000 2
404 0 3 8192 2.000000000 2
404 8 3 8192 2.000000000 2
404 16 3 8192 2.000000000 2
404 24 3 8192 2.000000000 2
404 52 3 8192 2.000000000 2
404 56 3 8192 2.000000000 2
404 60 3 8192 2.000000000 2
404 64 3 8192 2.000000000 2
404 92 3 8192 2.000000000 2
404 100 3 8192 2.000000000 2
404 108 3 8192 2.000000000 2
404 184 3 8192 2.000000000 2
404 272 3 8192 2.000000000 2
404 280 3 8192 2.000000000 2
404 284 3 8192 2.000000000 2
404 292 3 8192 2.000000000 2
404 332 3 8192 2.000000000 2
404 356 3 8192 2.000000000 2
404 380 3 8192 2.000000000 2
404 388 3 8192 2.000000000 2
404 392 3 8192 2.000000000 2
404 448 3 8192 2.000000000 2
404 484 3 8192 2.000000000 2
404 516 3 8192 2.000000000 2
404 520 3 8192 2.000000000 2
404 528 3 8192 2.000000000 2
404 532 3 8192 2.000000000 2
404 552 3 8192 2.000000000 2
404 592 3 8192 2.000000000 2
404 608 3 8192 2.000000000 2
404 624 3 8192 2.000000000 2
404 668 3 8192 2.000000000 2
404 680 3 8192 2.000000000 2
404 688 3 8192 2.000000000 2
404 700 3 8192 2.000000000 2
404 712 3 8192 2.000000000 2
404 724 3 8192 2.000000000 2
404 760 3 8192 2.000000000 2
404 792 3 8192 2.000000000 2
404 820 3 8192 2.000000000 2
404 840 3 8192 2.000000000 2
404 856 3 8192 2.000000000 2
404 868 3 8192 2.000000000 2
404 876 3 8192 2.000000000 2
404 928 3 8192 2.000000000 2
404 940 3 8192 2.000000000 2
404 944 3 8192 2.000000000 2
404 960 3 8192 2.000000000 2
404 980 3 8192 2.000000000 2
404 992 3 8192 2.000000000 2
404 1012 3 8192 2.000000000 2
404 1016 3 8192 2.000000000 2
404 1020 3 8192 2.000000000 2
404 1024 3 8192 2.000000000 2
404 1048 3 8192 2.000000000 2
404 1104 3 8192 2.000000000 2
404 1124 3 8192 2.000000000 2
404 1128 3 8192 2.000000000 2
404 1156 3 8192 2.000000000 2
404 1204 3 8192 2.000000000 2
404 1220 3 8192 2.000000000 2
404 1240 3 8192 2.000000000 2
404 1244 3 8192 2.000000000 2
404 1272 3 8192 2.000000000 2
408 0 3 8192 2.000000000 2
408 28 3 8192 2.000000000 2
408 36 3 8192 2.000000000 2
408 52 3 8192 2.000000000 2
408 60 3 8192 2.000000000 2
408 92 3 8192 2.000000000 2
408 100 3 8192 2.000000000 2
408 124 3 8192 2.000000000 2
408 132 3 8192 2.000000000 2
408 136 3 8192 2.000000000 2
408 156 3 8192 2.000000000 2
408 168 3 8192 2.000000000 2
408 172 3 8192 2.000000000 2
408 192 3 8192 2.000000000 2
408 228 3 8192 2.000000000 2
408 240 3 8192 2.000000000 2
408 280 3 8192 2.000000000 2
408 288 3 8192 2.000000000 2
408 308 3 8192 2.000000000 2
408 332 3 8192 2.000000000 2
408 340 3 8192 2.000000000 2
408 372 3 8192 2.000000000 2
408 380 3 8192 2.000000000 2
408 500 3 8192 2.000000000 2
408 504 3 8192 2.000000000 2
408 516 3 8192 2.000000000 2
408 552 3 8192 2.000000000 2
408 564 3 8192 2.000000000 2
408 580 3 8192 2.000000000 2
408 616 3 8192 2.000000000 2
408 652 3 8192 2.000000000 2
408 656 3 8192 2.000000000 2
408 684 3 8192 2.000000000 2
408 700 3 8192 2.000000000 2
408 716 3 8192 2.000000000 2
408 720 3 8192 2.000000000 2
408 724 3 8192 2.000000000 2
408 732 3 8192 2.000000000 2
408 736 3 8192 2.000000000 2
408 740 3 8192 2.000000000 2
408 756 3 8192 2.000000000 2
408 760 3 8192 2.000000000 2
408 784 3 8192 2.000000000 2
408 812 3 8192 2.000000000 2
408 844 3 8192 2.000000000 2
408 856 3 8192 2.000000000 2
408 876 3 8192 2.000000000 2
408 912 3 8192 2.000000000 2
408 956 3 8192 2.000000000 2
408 964 3 8192 2.000000000 2
408 972 3 8192 2.000000000 2
408 984 3 8192 2.000000000 2
408 992 3 8192 2.000000000 2
408 1020 3 8192 2.000000000 2
408 1036 3 8192 2.000000000 2
408 1048 3 8192 2.000000000 2
408 1072 3 8192 2.000000000 2
408 1136 3 8192 2.000000000 2
408 1164 3 8192 2.000000000 2
408 1180 3 8192 2.000000000 2
408 1184 3 8192 2.000000000 2
408 1188 3 8192 2.000000000 2
408 1228 3 8192 2.000000000 2
408 1244 3 8192 2.000000000 2
412 20 3 8192 2.000000000 2
412 40 3 8192 2.000000000 2
412 44 3 8192 2.000000000 2
412 60 3 8192 2.000000000 2
412 64 3 8192 2.000000000 2
412 92 3 8192 2.000000000 2
412 120 3 8192 2.000000000 2
412 140 3 8192 2.000000000 2
412 144 3 8192 2.000000000 2
412 152 3 8192 2.000000000 2
412 160 3 8192 2.000000000 2
412 172 3 8192 2.000000000 2
412 208 3 8192 2.000000000 2
412 216 3 8192 2.000000000 2
412 220 3 8192 2.000000000 2
412 228 3 8192 2.000000000 2
412 236 3 8192 2.000000000 2
412 276 3 8192 2.000000000 2
412 288 3 8192 2.000000000 2
412 296 3 8192 2.000000000 2
412 308 3 8192 2.000000000 2
412 312 3 8192 2.000000000 2
412 404 3 8192 2.000000000 2
412 420 3 8192 2.000000000 2
412 436 3 8192 2.000000000 2
412 452 3 8192 2.000000000 2
412 492 3 8192 2.000000000 2
412 500 3 8192 2.000000000 2
412 512 3 8192 2.000000000 2
412 524 3 8192 2.000000000 2
412 528 3 8192 2.000000000 2
412 548 3 8192 2.000000000 2
412 556 3 8192 2.000000000 2
412 608 3 8192 2.000000000 2
412 616 3 8192 2.000000000 2
412 656 3 8192 2.000000000 2
412 680 3 8192 2.000000000 2
412 696 3 8192 2.000000000 2
412 712 3 8192 2.000000000 2
412 760 3 8192 2.000000000 2
412 772 3 8192 2.000000000 2
412 780 3 8192 2.000000000 2
412 784 3 8192 2.000000000 2
412 824 3 8192 2.000000000 2
412 852 3 8192 2.000000000 2
412 896 3 8192 2.000000000 2
412 900 3 8192 2.000000000 2
412 952 3 8192 2.000000000 2
412 972 3 8192 2.000000000 2
412 976 3 8192 2.000000000 2
412 980 3 8192 2.000000000 2
412 1000 3 8192 2.000000000 2
412 1056 3 8192 2.000000000 2
412 1076 3 8192 2.000000000 2
412 1080 3 8192 2.000000000 2
412 1104 3 8192 2.000000000 2
412 1108 3 8192 2.000000000 2
412 1116 3 8192 2.000000000 2
412 1156 3 8192 2.000000000 2
412 1168 3 8192 2.000000000 2
412 1188 3 8192 2.000000000 2
412 1192 3 8192 2.000000000 2
412 1196 3 8192 2.000000000 2
412 1208 3 8192 2.000000000 2
420 0 3 8192 2.000000000 2
420 32 3 8192 2.000000000 2
420 36 3 8192 2.000000000 2
420 60 3 8192 2.000000000 2
420 76 3 8192 2.000000000 2
420 100 3 8192 2.000000000 2
420 124 3 8192 2.000000000 2
420 128 3 8192 2.000000000 2
420 144 3 8192 2.000000000 2
420 152 3 8192 2.000000000 2
420 160 3 8192 2.000000000 2
420 184 3 8192 2.000000000 2
420 192 3 8192 2.000000000 2
420 208 3 8192 2.000000000 2
420 256 3 8192 2.000000000 2
420 264 3 8192 2.000000000 2
420 296 3 8192 2.000000000 2
420 304 3 8192 2.000000000 2
420 336 3 8192 2.000000000 2
420 340 3 8192 2.000000000 2
420 360 3 8192 2.000000000 2
420 368 3 8192 2.000000000 2
420 404 3 8192 2.000000000 2
420 432 3 8192 2.000000000 2
420 436 3 8192 2.000000000 2
420 448 3 8192 2.000000000 2
420 452 3 8192 2.000000000 2
420 500 3 8192 2.000000000 2
420 512 3 8192 2.000000000 2
420 540 3 8192 2.000000000 2
420 548 3 8192 2.000000000 2
420 564 3 8192 2.000000000 2
420 580 3 8192 2.000000000 2
420 596 3 8192 2.000000000 2
420 616 3 8192 2.000000000 2
420 624 3 8192 2.000000000 2
420 636 3 8192 2.000000000 2
420 652 3 8192 2.000000000 2
420 660 3 8192 2.000000000 2
420 676 3 8192 2.000000000 2
420 704 3 8192 2.000000000 2
420 732 3 8192 2.000000000 2
420 752 3 8192 2.000000000 2
420 772 3 8192 2.000000000 2
420 784 3 8192 2.000000000 2
420 788 3 8192 2.000000000 2
420 824 3 8192 2.000000000 2
420 828 3 8192 2.000000000 2
420 832 3 8192 2.000000000 2
420 912 3 8192 2.000000000 2
420 980 3 8192 2.000000000 2
420 1024 3 8192 2.000000000 2
420 1036 3 8192 2.000000000 2
420 1080 3 8192 2.000000000 2
420 1096 3 8192 2.000000000 2
420 1112 3 8192 2.000000000 2
420 1120 3 8192 2.000000000 2
420 1124 3 8192 2.000000000 2
420 1156 3 8192 2.000000000 2
420 1176 3 8192 2.000000000 2
420 1184 3 8192 2.000000000 2
420 1200 3 8192 2.000000000 2
420 1216 3 8192 2.000000000 2
420 1248 3 8192 2.000000000 2
424 16 3 8192 2.000000000 2
424 20 3 8192 2.000000000 2
424 40 3 8192 2.000000000 2
424 52 3 8192 2.000000000 2
424 68 3 8192 2.000000000 2
424 92 3 8192 2.000000000 2
424 120 3 8192 2.000000000 2
424 184 3 8192 2.000000000 2
424 188 3 8192 2.000000000 2
424 200 3 8192 2.000000000 2
424 204 3 8192 2.000000000 2
424 224 3 8192 2.000000000 2
424 244 3 8192 2.000000000 2
424 268 3 8192 2.000000000 2
424 280 3 8192 2.000000000 2
424 284 3 8192 2.000000000 2
424 296 3 8192 2.000000000 2
424 304 3 8192 2.000000000 2
424 312 3 8192 2.000000000 2
424 316 3 8192 2.000000000 2
424 332 3 8192 2.000000000 2
424 336 3 8192 2.000000000 2
424 340 3 8192 2.000000000 2
424 348 3 8192 2.000000000 2
424 396 3 8192 2.000000000 2
424 436 3 8192 2.000000000 2
424 452 3 8192 2.000000000 2
424 512 3 8192 2.000000000 2
424 532 3 8192 2.000000000 2
424 548 3 8192 2.000000000 2
424 584 3 8192 2.000000000 2
424 592 3 8192 2.000000000 2
424 600 3 8192 2.000000000 2
424 608 3 8192 2.000000000 2
424 612 3 8192 2.000000000 2
424 624 3 8192 2.000000000 2
424 628 3 8192 2.000000000 2
424 644 3 8192 2.000000000 2
424 668 3 8192 2.000000000 2
424 680 3 8192 2.000000000 2
424 772 3 8192 2.000000000 2
424 776 3 8192 2.000000000 2
424 844 3 8192 2.000000000 2
424 852 3 8192 2.000000000 2
424 856 3 8192 2.000000000 2
424 864 3 8192 2.000000000 2
424 892 3 8192 2.000000000 2
424 900 3 8192 2.000000000 2
424 924 3 8192 2.000000000 2
424 952 3 8192 2.000000000 2
424 984 3 8192 2.000000000 2
424 992 3 8192 2.000000000 2
424 1020 3 8192 2.000000000 2
424 1036 3 8192 2.000000000 2
424 1060 3 8192 2.000000000 2
424 1096 3 8192 2.000000000 2
424 1104 3 8192 2.000000000 2
424 1116 3 8192 2.000000000 2
424 1124 3 8192 2.000000000 2
424 1160 3 8192 2.000000000 2
424 1180 3 8192 2.000000000 2
424 1188 3 8192 2.000000000 2
424 1192 3 8192 2.000000000 2
424 1252 3 8192 2.000000000 2
432 36 3 8192 2.000000000 2
432 52 3 8192 2.000000000 2
432 56 3 8192 2.000000000 2
432 128 3 8192 2.000000000 2
432 136 3 8192 2.000000000 2
432 144 3 8192 2.000000000 2
432 156 3 8192 2.000000000 2
432 160 3 8192 2.000000000 2
432 184 3 8192 2.000000000 2
432 192 3 8192 2.000000000 2
432 216 3 8192 2.000000000 2
432 224 3 8192 2.000000000 2
432 228 3 8192 2.000000000 2
432 256 3 8192 2.000000000 2
432 276 3 8192 2.000000000 2
432 296 3 8192 2.000000000 2
432 304 3 8192 2.000000000 2
432 308 3 8192 2.000000000 2
432 328 3 8192 2.000000000 2
432 332 3 8192 2.000000000 2
432 396 3 8192 2.000000000 2
432 404 3 8192 2.000000000 2
432 420 3 8192 2.000000000 2
432 464 3 8192 2.000000000 2
432 548 3 8192 2.000000000 2
432 592 3 8192 2.000000000 2
432 600 3 8192 2.000000000 2
432 616 3 8192 2.000000000 2
432 640 3 8192 2.000000000 2
432 684 3 8192 2.000000000 2
432 704 3 8192 2.000000000 2
432 708 3 8192 2.000000000 2
432 724 3 8192 2.000000000 2
432 756 3 8192 2.000000000 2
432 780 3 8192 2.000000000 2
432 784 3 8192 2.000000000 2
432 824 3 8192 2.000000000 2
432 836 3 8192 2.000000000 2
432 860 3 8192 2.000000000 2
432 864 3 8192 2.000000000 2
432 868 3 8192 2.000000000 2
432 892 3 8192 2.000000000 2
432 916 3 8192 2.000000000 2
432 964 3 8192 2.000000000 2
432 968 3 8192 2.000000000 2
432 996 3 8192 2.000000000 2
432 1028 3 8192 2.000000000 2
432 1036 3 8192 2.000000000 2
432 1072 3 8192 2.000000000 2
432 1080 3 8192 2.000000000 2
432 1096 3 8192 2.000000000 2
432 1104 3 8192 2.000000000 2
432 1108 3 8192 2.000000000 2
432 1116 3 8192 2.000000000 2
432 1152 3 8192 2.000000000 2
432 1156 3 8192 2.000000000 2
432 1180 3 8192 2.000000000 2
432 1188 3 8192 2.000000000 2
432 1204 3 8192 2.000000000 2
432 1212 3 8192 2.000000000 2
432 1228 3 8192 2.000000000 2
432 1232 3 8192 2.000000000 2
432 1248 3 8192 2.000000000 2
432 1264 3 8192 2.000000000 2
436 16 3 8192 2.000000000 2
436 24 3 8192 2.000000000 2
436 40 3 8192 2.000000000 2
436 44 3 8192 2.000000000 2
436 48 3 8192 2.000000000 2
436 76 3 8192 2.000000000 2
436 92 3 8192 2.000000000 2
436 96 3 8192 2.000000000 2
436 108 3 8192 2.000000000 2
436 136 3 8192 2.000000000 2
436 168 3 8192 2.000000000 2
436 172 3 8192 2.000000000 2
436 184 3 8192 2.000000000 2
436 216 3 8192 2.000000000 2
436 228 3 8192 2.000000000 2
436 252 3 8192 2.000000000 2
436 256 3 8192 2.000000000 2
436 280 3 8192 2.000000000 2
436 296 3 8192 2.000000000 2
436 308 3 8192 2.000000000 2
436 316 3 8192 2.000000000 2
436 332 3 8192 2.000000000 2
436 336 3 8192 2.000000000 2
436 348 3 8192 2.000000000 2
436 368 3 8192 2.000000000 2
436 404 3 8192 2.000000000 2
436 448 3 8192 2.000000000 2
436 468 3 8192 2.000000000 2
436 504 3 8192 2.000000000 2
436 540 3 8192 2.000000000 2
436 548 3 8192 2.000000000 2
436 600 3 8192 2.000000000 2
436 616 3 8192 2.000000000 2
436 620 3 8192 2.000000000 2
436 628 3 8192 2.000000000 2
436 636 3 8192 2.000000000 2
436 640 3 8192 2.000000000 2
436 656 3 8192 2.000000000 2
436 688 3 8192 2.000000000 2
436 692 3 8192 2.000000000 2
436 696 3 8192 2.000000000 2
436 700 3 8192 2.000000000 2
436 716 3 8192 2.000000000 2
436 724 3 8192 2.000000000 2
436 752 3 8192 2.000000000 2
436 812 3 8192 2.000000000 2
436 912 3 8192 2.000000000 2
436 944 3 8192 2.000000000 2
436 952 3 8192 2.000000000 2
436 984 3 8192 2.000000000 2
436 1024 3 8192 2.000000000 2
436 1116 3 8192 2.000000000 2
436 1124 3 8192 2.000000000 2
436 1148 3 8192 2.000000000 2
436 1152 3 8192 2.000000000 2
436 1156 3 8192 2.000000000 2
436 1164 3 8192 2.000000000 2
436 1168 3 8192 2.000000000 2
436 1176 3 8192 2.000000000 2
436 1188 3 8192 2.000000000 2
436 1192 3 8192 2.000000000 2
436 1212 3 8192 2.000000000 2
436 1232 3 8192 2.000000000 2
436 1240 3 8192 2.000000000 2
440 0 3 8192 2.000000000 2
440 16 3 8192 2.000000000 2
440 20 3 8192 2.000000000 2
440 32 3 8192 2.000000000 2
440 36 3 8192 2.000000000 2
440 44 3 8192 2.000000000 2
440 64 3 8192 2.000000000 2
440 68 3 8192 2.000000000 2
440 128 3 8192 2.000000000 2
440 136 3 8192 2.000000000 2
440 188 3 8192 2.000000000 2
440 196 3 8192 2.000000000 2
440 240 3 8192 2.000000000 2
440 248 3 8192 2.000000000 2
440 268 3 8192 2.000000000 2
440 292 3 8192 2.000000000 2
440 300 3 8192 2.000000000 2
440 328 3 8192 2.000000000 2
440 360 3 8192 2.000000000 2
440 420 3 8192 2.000000000 2
440 424 3 8192 2.000000000 2
440 432 3 8192 2.000000000 2
440 436 3 8192 2.000000000 2
440 464 3 8192 2.000000000 2
440 488 3 8192 2.000000000 2
440 500 3 8192 2.000000000 2
440 508 3 8192 2.000000000 2
440 528 3 8192 2.000000000 2
440 532 3 8192 2.000000000 2
440 548 3 8192 2.000000000 2
440 600 3 8192 2.000000000 2
440 608 3 8192 2.000000000 2
440 620 3 8192 2.000000000 2
440 628 3 8192 2.000000000 2
440 636 3 8192 2.000000000 2
440 684 3 8192 2.000000000 2
440 688 3 8192 2.000000000 2
440 708 3 8192 2.000000000 2
440 716 3 8192 2.000000000 2
440 724 3 8192 2.000000000 2
440 736 3 8192 2.000000000 2
440 740 3 8192 2.000000000 2
440 760 3 8192 2.000000000 2
440 776 3 8192 2.000000000 2
440 824 3 8192 2.000000000 2
440 832 3 8192 2.000000000 2
440 856 3 8192 2.000000000 2
440 864 3 8192 2.000000000 2
440 876 3 8192 2.000000000 2
440 896 3 8192 2.000000000 2
440 900 3 8192 2.000000000 2
440 916 3 8192 2.000000000 2
440 940 3 8192 2.000000000 2
440 952 3 8192 2.000000000 2
440 976 3 8192 2.000000000 2
440 996 3 8192 2.000000000 2
440 1056 3 8192 2.000000000 2
440 1068 3 8192 2.000000000 2
440 1076 3 8192 2.000000000 2
440 1108 3 8192 2.000000000 2
440 1120 3 8192 2.000000000 2
440 1184 3 8192 2.000000000 2
440 1204 3 8192 2.000000000 2
440 1212 3 8192 2.000000000 2
448 20 3 8192 2.000000000 2
448 24 3 8192 2.000000000 2
448 40 3 8192 2.000000000 2
448 44 3 8192 2.000000000 2
448 76 3 8192 2.000000000 2
448 92 3 8192 2.000000000 2
448 96 3 8192 2.000000000 2
448 120 3 8192 2.000000000 2
448 140 3 8192 2.000000000 2
448 152 3 8192 2.000000000 2
448 168 3 8192 2.000000000 2
448 204 3 8192 2.000000000 2
448 264 3 8192 2.000000000 2
448 284 3 8192 2.000000000 2
448 288 3 8192 2.000000000 2
448 296 3 8192 2.000000000 2
448 372 3 8192 2.000000000 2
448 376 3 8192 2.000000000 2
448 380 3 8192 2.000000000 2
448 400 3 8192 2.000000000 2
448 412 3 8192 2.000000000 2
448 420 3 8192 2.000000000 2
448 452 3 8192 2.000000000 2
448 484 3 8192 2.000000000 2
448 516 3 8192 2.000000000 2
448 520 3 8192 2.000000000 2
448 528 3 8192 2.000000000 2
448 548 3 8192 2.000000000 2
448 552 3 8192 2.000000000 2
448 560 3 8192 2.000000000 2
448 608 3 8192 2.000000000 2
448 652 3 8192 2.000000000 2
448 660 3 8192 2.000000000 2
448 664 3 8192 2.000000000 2
448 708 3 8192 2.000000000 2
448 712 3 8192 2.000000000 2
448 724 3 8192 2.000000000 2
448 740 3 8192 2.000000000 2
448 752 3 8192 2.000000000 2
448 760 3 8192 2.000000000 2
448 764 3 8192 2.000000000 2
448 772 3 8192 2.000000000 2
448 792 3 8192 2.000000000 2
448 868 3 8192 2.000000000 2
448 992 3 8192 2.000000000 2
448 1000 3 8192 2.000000000 2
448 1016 3 8192 2.000000000 2
448 1020 3 8192 2.000000000 2
448 1068 3 8192 2.000000000 2
448 1076 3 8192 2.000000000 2
448 1096 3 8192 2.000000000 2
448 1116 3 8192 2.000000000 2
448 1120 3 8192 2.000000000 2
448 1136 3 8192 2.000000000 2
448 1152 3 8192 2.000000000 2
448 1176 3 8192 2.000000000 2
448 1180 3 8192 2.000000000 2
448 1188 3 8192 2.000000000 2
448 1212 3 8192 2.000000000 2
448 1216 3 8192 2.000000000 2
448 1228 3 8192 2.000000000 2
448 1232 3 8192 2.000000000 2
448 1264 3 8192 2.000000000 2
448 1272 3 8192 2.000000000 2
452 16 3 8192 2.000000000 2
452 20 3 8192 2.000000000 2
452 28 3 8192 2.000000000 2
452 40 3 8192 2.000000000 2
452 64 3 8192 2.000000000 2
452 76 3 8192 2.000000000 2
452 92 3 8192 2.000000000 2
452 96 3 8192 2.000000000 2
452 108 3 8192 2.000000000 2
452 120 3 8192 2.000000000 2
452 136 3 8192 2.000000000 2
452 144 3 8192 2.000000000 2
452 168 3 8192 2.000000000 2
452 180 3 8192 2.000000000 2
452 192 3 8192 2.000000000 2
452 252 3 8192 2.000000000 2
452 308 3 8192 2.000000000 2
452 336 3 8192 2.000000000 2
452 348 3 8192 2.000000000 2
452 352 3 8192 2.000000000 2
452 356 3 8192 2.000000000 2
452 372 3 8192 2.000000000 2
452 376 3 8192 2.000000000 2
452 412 3 8192 2.000000000 2
452 484 3 8192 2.000000000 2
452 492 3 8192 2.000000000 2
452 520 3 8192 2.000000000 2
452 532 3 8192 2.000000000 2
452 560 3 8192 2.000000000 2
452 568 3 8192 2.000000000 2
452 580 3 8192 2.000000000 2
452 596 3 8192 2.000000000 2
452 644 3 8192 2.000000000 2
452 652 3 8192 2.000000000 2
452 680 3 8192 2.000000000 2
452 712 3 8192 2.000000000 2
452 716 3 8192 2.000000000 2
452 720 3 8192 2.000000000 2
452 724 3 8192 2.000000000 2
452 732 3 8192 2.000000000 2
452 772 3 8192 2.000000000 2
452 780 3 8192 2.000000000 2
452 820 3 8192 2.000000000 2
452 824 3 8192 2.000000000 2
452 832 3 8192 2.000000000 2
452 856 3 8192 2.000000000 2
452 860 3 8192 2.000000000 2
452 928 3 8192 2.000000000 2
452 932 3 8192 2.000000000 2
452 940 3 8192 2.000000000 2
452 956 3 8192 2.000000000 2
452 976 3 8192 2.000000000 2
452 980 3 8192 2.000000000 2
452 1056 3 8192 2.000000000 2
452 1096 3 8192 2.000000000 2
452 1112 3 8192 2.000000000 2
452 1124 3 8192 2.000000000 2
452 1136 3 8192 2.000000000 2
452 1160 3 8192 2.000000000 2
452 1196 3 8192 2.000000000 2
452 1204 3 8192 2.000000000 2
452 1212 3 8192 2.000000000 2
452 1216 3 8192 2.000000000 2
452 1220 3 8192 2.000000000 2
456 36 3 8192 2.000000000 2
456 44 3 8192 2.000000000 2
456 68 3 8192 2.000000000 2
456 140 3 8192 2.000000000 2
456 156 3 8192 2.000000000 2
456 172 3 8192 2.000000000 2
456 252 3 8192 2.000000000 2
456 256 3 8192 2.000000000 2
456 268 3 8192 2.000000000 2
456 272 3 8192 2.000000000 2
456 280 3 8192 2.000000000 2
456 300 3 8192 2.000000000 2
456 312 3 8192 2.000000000 2
456 316 3 8192 2.000000000 2
456 356 3 8192 2.000000000 2
456 368 3 8192 2.000000000 2
456 376 3 8192 2.000000000 2
456 388 3 8192 2.000000000 2
456 412 3 8192 2.000000000 2
456 436 3 8192 2.000000000 2
456 448 3 8192 2.000000000 2
456 484 3 8192 2.000000000 2
456 504 3 8192 2.000000000 2
456 512 3 8192 2.000000000 2
456 516 3 8192 2.000000000 2
456 520 3 8192 2.000000000 2
456 532 3 8192 2.000000000 2
456 556 3 8192 2.000000000 2
456 568 3 8192 2.000000000 2
456 580 3 8192 2.000000000 2
456 592 3 8192 2.000000000 2
456 612 3 8192 2.000000000 2
456 636 3 8192 2.000000000 2
456 640 3 8192 2.000000000 2
456 688 3 8192 2.000000000 2
456 696 3 8192 2.000000000 2
456 708 3 8192 2.000000000 2
456 712 3 8192 2.000000000 2
456 752 3 8192 2.000000000 2
456 776 3 8192 2.000000000 2
456 784 3 8192 2.000000000 2
456 824 3 8192 2.000000000 2
456 860 3 8192 2.000000000 2
456 868 3 8192 2.000000000 2
456 900 3 8192 2.000000000 2
456 912 3 8192 2.000000000 2
456 916 3 8192 2.000000000 2
456 944 3 8192 2.000000000 2
456 976 3 8192 2.000000000 2
456 984 3 8192 2.000000000 2
456 996 3 8192 2.000000000 2
456 1020 3 8192 2.000000000 2
456 1068 3 8192 2.000000000 2
456 1104 3 8192 2.000000000 2
456 1112 3 8192 2.000000000 2
456 1136 3 8192 2.000000000 2
456 1156 3 8192 2.000000000 2
456 1164 3 8192 2.000000000 2
456 1196 3 8192 2.000000000 2
456 1200 3 8192 2.000000000 2
456 1204 3 8192 2.000000000 2
456 1244 3 8192 2.000000000 2
456 1248 3 8192 2.000000000 2
456 1264 3 8192 2.000000000 2
464 40 3 8192 2.000000000 2
464 44 3 8192 2.000000000 2
464 64 3 8192 2.000000000 2
464 88 3 8192 2.000000000 2
464 96 3 8192 2.000000000 2
464 104 3 8192 2.000000000 2
464 128 3 8192 2.000000000 2
464 156 3 8192 2.000000000 2
464 168 3 8192 2.000000000 2
464 192 3 8192 2.000000000 2
464 240 3 8192 2.000000000 2
464 272 3 8192 2.000000000 2
464 280 3 8192 2.000000000 2
464 304 3 8192 2.000000000 2
464 308 3 8192 2.000000000 2
464 312 3 8192 2.000000000 2
464 332 3 8192 2.000000000 2
464 356 3 8192 2.000000000 2
464 408 3 8192 2.000000000 2
464 420 3 8192 2.000000000 2
464 456 3 8192 2.000000000 2
464 484 3 8192 2.000000000 2
464 504 3 8192 2.000000000 2
464 528 3 8192 2.000000000 2
464 540 3 8192 2.000000000 2
464 556 3 8192 2.000000000 2
464 560 3 8192 2.000000000 2
464 580 3 8192 2.000000000 2
464 584 3 8192 2.000000000 2
464 616 3 8192 2.000000000 2
464 632 3 8192 2.000000000 2
464 640 3 8192 2.000000000 2
464 652 3 8192 2.000000000 2
464 664 3 8192 2.000000000 2
464 676 3 8192 2.000000000 2
464 700 3 8192 2.000000000 2
464 704 3 8192 2.000000000 2
464 720 3 8192 2.000000000 2
464 724 3 8192 2.000000000 2
464 772 3 8192 2.000000000 2
464 812 3 8192 2.000000000 2
464 824 3 8192 2.000000000 2
464 852 3 8192 2.000000000 2
464 892 3 8192 2.000000000 2
464 912 3 8192 2.000000000 2
464 924 3 8192 2.000000000 2
464 940 3 8192 2.000000000 2
464 952 3 8192 2.000000000 2
464 968 3 8192 2.000000000 2
464 976 3 8192 2.000000000 2
464 1052 3 8192 2.000000000 2
464 1056 3 8192 2.000000000 2
464 1084 3 8192 2.000000000 2
464 1104 3 8192 2.000000000 2
464 1108 3 8192 2.000000000 2
464 1112 3 8192 2.000000000 2
464 1128 3 8192 2.000000000 2
464 1156 3 8192 2.000000000 2
464 1188 3 8192 2.000000000 2
464 1200 3 8192 2.000000000 2
464 1204 3 8192 2.000000000 2
464 1212 3 8192 2.000000000 2
464 1240 3 8192 2.000000000 2
464 1252 3 8192 2.000000000 2
468 64 3 8192 2.000000000 2
468 144 3 8192 2.000000000 2
468 172 3 8192 2.000000000 2
468 180 3 8192 2.000000000 2
468 192 3 8192 2.000000000 2
468 200 3 8192 2.000000000 2
468 224 3 8192 2.000000000 2
468 240 3 8192 2.000000000 2
468 244 3 8192 2.000000000 2
468 252 3 8192 2.000000000 2
468 272 3 8192 2.000000000 2
468 284 3 8192 2.000000000 2
468 296 3 8192 2.000000000 2
468 300 3 8192 2.000000000 2
468 312 3 8192 2.000000000 2
468 328 3 8192 2.000000000 2
468 336 3 8192 2.000000000 2
468 352 3 8192 2.000000000 2
468 360 3 8192 2.000000000 2
468 368 3 8192 2.000000000 2
468 432 3 8192 2.000000000 2
468 504 3 8192 2.000000000 2
468 548 3 8192 2.000000000 2
468 560 3 8192 2.000000000 2
468 564 3 8192 2.000000000 2
468 592 3 8192 2.000000000 2
468 616 3 8192 2.000000000 2
468 656 3 8192 2.000000000 2
468 664 3 8192 2.000000000 2
468 668 3 8192 2.000000000 2
468 700 3 8192 2.000000000 2
468 716 3 8192 2.000000000 2
468 720 3 8192 2.000000000 2
468 744 3 8192 2.000000000 2
468 752 3 8192 2.000000000 2
468 756 3 8192 2.000000000 2
468 764 3 8192 2.000000000 2
468 784 3 8192 2.000000000 2
468 812 3 8192 2.000000000 2
468 824 3 8192 2.000000000 2
468 832 3 8192 2.000000000 2
468 848 3 8192 2.000000000 2
468 860 3 8192 2.000000000 2
468 912 3 8192 2.000000000 2
468 916 3 8192 2.000000000 2
468 924 3 8192 2.000000000 2
468 940 3 8192 2.000000000 2
468 944 3 8192 2.000000000 2
468 956 3 8192 2.000000000 2
468 960 3 8192 2.000000000 2
468 976 3 8192 2.000000000 2
468 996 3 8192 2.000000000 2
468 1004 3 8192 2.000000000 2
468 1012 3 8192 2.000000000 2
468 1048 3 8192 2.000000000 2
468 1060 3 8192 2.000000000 2
468 1112 3 8192 2.000000000 2
468 1124 3 8192 2.000000000 2
468 1156 3 8192 2.000000000 2
468 1164 3 8192 2.000000000 2
468 1196 3 8192 2.000000000 2
468 1204 3 8192 2.000000000 2
468 1208 3 8192 2.000000000 2
468 1212 3 8192 2.000000000 2
480 20 3 8192 2.000000000 2
480 40 3 8192 2.000000000 2
480 52 3 8192 2.000000000 2
480 56 3 8192 2.000000000 2
480 76 3 8192 2.000000000 2
480 100 3 8192 2.000000000 2
480 160 3 8192 2.000000000 2
480 192 3 8192 2.000000000 2
480 196 3 8192 2.000000000 2
480 200 3 8192 2.000000000 2
480 204 3 8192 2.000000000 2
480 208 3 8192 2.000000000 2
480 244 3 8192 2.000000000 2
480 248 3 8192 2.000000000 2
480 256 3 8192 2.000000000 2
480 264 3 8192 2.000000000 2
480 272 3 8192 2.000000000 2
480 276 3 8192 2.000000000 2
480 280 3 8192 2.000000000 2
480 308 3 8192 2.000000000 2
480 332 3 8192 2.000000000 2
480 352 3 8192 2.000000000 2
480 356 3 8192 2.000000000 2
480 372 3 8192 2.000000000 2
480 376 3 8192 2.000000000 2
480 408 3 8192 2.000000000 2
480 420 3 8192 2.000000000 2
480 452 3 8192 2.000000000 2
480 488 3 8192 2.000000000 2
480 512 3 8192 2.000000000 2
480 516 3 8192 2.000000000 2
480 520 3 8192 2.000000000 2
480 556 3 8192 2.000000000 2
480 560 3 8192 2.000000000 2
480 568 3 8192 2.000000000 2
480 656 3 8192 2.000000000 2
480 660 3 8192 2.000000000 2
480 756 3 8192 2.000000000 2
480 812 3 8192 2.000000000 2
480 820 3 8192 2.000000000 2
480 832 3 8192 2.000000000 2
480 836 3 8192 2.000000000 2
480 868 3 8192 2.000000000 2
480 888 3 8192 2.000000000 2
480 916 3 8192 2.000000000 2
480 960 3 8192 2.000000000 2
480 980 3 8192 2.000000000 2
480 996 3 8192 2.000000000 2
480 1024 3 8192 2.000000000 2
480 1036 3 8192 2.000000000 2
480 1072 3 8192 2.000000000 2
480 1076 3 8192 2.000000000 2
480 1080 3 8192 2.000000000 2
480 1112 3 8192 2.000000000 2
480 1128 3 8192 2.000000000 2
480 1136 3 8192 2.000000000 2
480 1148 3 8192 2.000000000 2
480 1160 3 8192 2.000000000 2
480 1188 3 8192 2.000000000 2
480 1192 3 8192 2.000000000 2
480 1196 3 8192 2.000000000 2
480 1220 3 8192 2.000000000 2
480 1228 3 8192 2.000000000 2
480 1248 3 8192 2.000000000 2
484 32 3 8192 2.000000000 2
484 44 3 8192 2.000000000 2
484 88 3 8192 2.000000000 2
484 92 3 8192 2.000000000 2
484 96 3 8192 2.000000000 2
484 168 3 8192 2.000000000 2
484 216 3 8192 2.000000000 2
484 224 3 8192 2.000000000 2
484 248 3 8192 2.000000000 2
484 256 3 8192 2.000000000 2
484 264 3 8192 2.000000000 2
484 280 3 8192 2.000000000 2
484 284 3 8192 2.000000000 2
484 300 3 8192 2.000000000 2
484 348 3 8192 2.000000000 2
484 352 3 8192 2.000000000 2
484 356 3 8192 2.000000000 2
484 368 3 8192 2.000000000 2
484 376 3 8192 2.000000000 2
484 412 3 8192 2.000000000 2
484 452 3 8192 2.000000000 2
484 456 3 8192 2.000000000 2
484 492 3 8192 2.000000000 2
484 508 3 8192 2.000000000 2
484 512 3 8192 2.000000000 2
484 552 3 8192 2.000000000 2
484 568 3 8192 2.000000000 2
484 584 3 8192 2.000000000 2
484 592 3 8192 2.000000000 2
484 612 3 8192 2.000000000 2
484 624 3 8192 2.000000000 2
484 628 3 8192 2.000000000 2
484 664 3 8192 2.000000000 2
484 676 3 8192 2.000000000 2
484 680 3 8192 2.000000000 2
484 684 3 8192 2.000000000 2
484 716 3 8192 2.000000000 2
484 724 3 8192 2.000000000 2
484 736 3 8192 2.000000000 2
484 752 3 8192 2.000000000 2
484 764 3 8192 2.000000000 2
484 776 3 8192 2.000000000 2
484 784 3 8192 2.000000000 2
484 796 3 8192 2.000000000 2
484 820 3 8192 2.000000000 2
484 836 3 8192 2.000000000 2
484 896 3 8192 2.000000000 2
484 932 3 8192 2.000000000 2
484 940 3 8192 2.000000000 2
484 952 3 8192 2.000000000 2
484 980 3 8192 2.000000000 2
484 984 3 8192 2.000000000 2
484 1000 3 8192 2.000000000 2
484 1016 3 8192 2.000000000 2
484 1024 3 8192 2.000000000 2
484 1048 3 8192 2.000000000 2
484 1056 3 8192 2.000000000 2
484 1084 3 8192 2.000000000 2
484 1116 3 8192 2.000000000 2
484 1120 3 8192 2.000000000 2
484 1152 3 8192 2.000000000 2
484 1188 3 8192 2.000000000 2
484 1244 3 8192 2.000000000 2
484 1248 3 8192 2.000000000 2
488 8 3 8192 2.000000000 2
488 36 3 8192 2.000000000 2
488 68 3 8192 2.000000000 2
488 76 3 8192 2.000000000 2
488 140 3 8192 2.000000000 2
488 168 3 8192 2.000000000 2
488 180 3 8192 2.000000000 2
488 188 3 8192 2.000000000 2
488 196 3 8192 2.000000000 2
488 276 3 8192 2.000000000 2
488 296 3 8192 2.000000000 2
488 312 3 8192 2.000000000 2
488 328 3 8192 2.000000000 2
488 352 3 8192 2.000000000 2
488 376 3 8192 2.000000000 2
488 380 3 8192 2.000000000 2
488 400 3 8192 2.000000000 2
488 404 3 8192 2.000000000 2
488 412 3 8192 2.000000000 2
488 436 3 8192 2.000000000 2
488 492 3 8192 2.000000000 2
488 500 3 8192 2.000000000 2
488 512 3 8192 2.000000000 2
488 516 3 8192 2.000000000 2
488 616 3 8192 2.000000000 2
488 620 3 8192 2.000000000 2
488 632 3 8192 2.000000000 2
488 652 3 8192 2.000000000 2
488 668 3 8192 2.000000000 2
488 684 3 8192 2.000000000 2
488 692 3 8192 2.000000000 2
488 712 3 8192 2.000000000 2
488 716 3 8192 2.000000000 2
488 724 3 8192 2.000000000 2
488 732 3 8192 2.000000000 2
488 740 3 8192 2.000000000 2
488 744 3 8192 2.000000000 2
488 760 3 8192 2.000000000 2
488 764 3 8192 2.000000000 2
488 788 3 8192 2.000000000 2
488 812 3 8192 2.000000000 2
488 828 3 8192 2.000000000 2
488 832 3 8192 2.000000000 2
488 852 3 8192 2.000000000 2
488 864 3 8192 2.000000000 2
488 868 3 8192 2.000000000 2
488 876 3 8192 2.000000000 2
488 912 3 8192 2.000000000 2
488 940 3 8192 2.000000000 2
488 952 3 8192 2.000000000 2
488 964 3 8192 2.000000000 2
488 968 3 8192 2.000000000 2
488 980 3 8192 2.000000000 2
488 1000 3 8192 2.000000000 2
488 1016 3 8192 2.000000000 2
488 1020 3 8192 2.000000000 2
488 1036 3 8192 2.000000000 2
488 1072 3 8192 2.000000000 2
488 1116 3 8192 2.000000000 2
488 1136 3 8192 2.000000000 2
488 1164 3 8192 2.000000000 2
488 1188 3 8192 2.000000000 2
488 1204 3 8192 2.000000000 2
488 1252 3 8192 2.000000000 2
492 44 3 8192 2.000000000 2
492 60 3 8192 2.000000000 2
492 96 3 8192 2.000000000 2
492 100 3 8192 2.000000000 2
492 128 3 8192 2.000000000 2
492 136 3 8192 2.000000000 2
492 140 3 8192 2.000000000 2
492 144 3 8192 2.000000000 2
492 172 3 8192 2.000000000 2
492 196 3 8192 2.000000000 2
492 200 3 8192 2.000000000 2
492 224 3 8192 2.000000000 2
492 280 3 8192 2.000000000 2
492 284 3 8192 2.000000000 2
492 292 3 8192 2.000000000 2
492 296 3 8192 2.000000000 2
492 300 3 8192 2.000000000 2
492 312 3 8192 2.000000000 2
492 332 3 8192 2.000000000 2
492 336 3 8192 2.000000000 2
492 340 3 8192 2.000000000 2
492 352 3 8192 2.000000000 2
492 372 3 8192 2.000000000 2
492 376 3 8192 2.000000000 2
492 388 3 8192 2.000000000 2
492 392 3 8192 2.000000000 2
492 424 3 8192 2.000000000 2
492 432 3 8192 2.000000000 2
492 488 3 8192 2.000000000 2
492 512 3 8192 2.000000000 2
492 516 3 8192 2.000000000 2
492 548 3 8192 2.000000000 2
492 584 3 8192 2.000000000 2
492 608 3 8192 2.000000000 2
492 636 3 8192 2.000000000 2
492 684 3 8192 2.000000000 2
492 696 3 8192 2.000000000 2
492 712 3 8192 2.000000000 2
492 736 3 8192 2.000000000 2
492 760 3 8192 2.000000000 2
492 788 3 8192 2.000000000 2
492 820 3 8192 2.000000000 2
492 852 3 8192 2.000000000 2
492 860 3 8192 2.000000000 2
492 864 3 8192 2.000000000 2
492 896 3 8192 2.000000000 2
492 916 3 8192 2.000000000 2
492 964 3 8192 2.000000000 2
492 968 3 8192 2.000000000 2
492 1004 3 8192 2.000000000 2
492 1020 3 8192 2.000000000 2
492 1024 3 8192 2.000000000 2
492 1056 3 8192 2.000000000 2
492 1060 3 8192 2.000000000 2
492 1076 3 8192 2.000000000 2
492 1116 3 8192 2.000000000 2
492 1120 3 8192 2.000000000 2
492 1128 3 8192 2.000000000 2
492 1148 3 8192 2.000000000 2
492 1160 3 8192 2.000000000 2
492 1164 3 8192 2.000000000 2
492 1184 3 8192 2.000000000 2
492 1188 3 8192 2.000000000 2
492 1196 3 8192 2.000000000 2
500 32 3 8192 2.000000000 2
500 36 3 8192 2.000000000 2
500 48 3 8192 2.000000000 2
500 60 3 8192 2.000000000 2
500 128 3 8192 2.000000000 2
500 140 3 8192 2.000000000 2
500 144 3 8192 2.000000000 2
500 152 3 8192 2.000000000 2
500 160 3 8192 2.000000000 2
500 164 3 8192 2.000000000 2
500 236 3 8192 2.000000000 2
500 284 3 8192 2.000000000 2
500 288 3 8192 2.000000000 2
500 292 3 8192 2.000000000 2
500 296 3 8192 2.000000000 2
500 308 3 8192 2.000000000 2
500 324 3 8192 2.000000000 2
500 332 3 8192 2.000000000 2
500 368 3 8192 2.000000000 2
500 376 3 8192 2.000000000 2
500 408 3 8192 2.000000000 2
500 412 3 8192 2.000000000 2
500 420 3 8192 2.000000000 2
500 424 3 8192 2.000000000 2
500 448 3 8192 2.000000000 2
500 456 3 8192 2.000000000 2
500 492 3 8192 2.000000000 2
500 520 3 8192 2.000000000 2
500 528 3 8192 2.000000000 2
500 540 3 8192 2.000000000 2
500 548 3 8192 2.000000000 2
500 580 3 8192 2.000000000 2
500 612 3 8192 2.000000000 2
500 624 3 8192 2.000000000 2
500 720 3 8192 2.000000000 2
500 736 3 8192 2.000000000 2
500 744 3 8192 2.000000000 2
500 752 3 8192 2.000000000 2
500 772 3 8192 2.000000000 2
500 776 3 8192 2.000000000 2
500 792 3 8192 2.000000000 2
500 820 3 8192 2.000000000 2
500 824 3 8192 2.000000000 2
500 848 3 8192 2.000000000 2
500 900 3 8192 2.000000000 2
500 912 3 8192 2.000000000 2
500 924 3 8192 2.000000000 2
500 928 3 8192 2.000000000 2
500 932 3 8192 2.000000000 2
500 944 3 8192 2.000000000 2
500 980 3 8192 2.000000000 2
500 1000 3 8192 2.000000000 2
500 1052 3 8192 2.000000000 2
500 1056 3 8192 2.000000000 2
500 1084 3 8192 2.000000000 2
500 1128 3 8192 2.000000000 2
500 1148 3 8192 2.000000000 2
500 1180 3 8192 2.000000000 2
500 1196 3 8192 2.000000000 2
500 1204 3 8192 2.000000000 2
500 1216 3 8192 2.000000000 2
500 1228 3 8192 2.000000000 2
500 1248 3 8192 2.000000000 2
500 1264 3 8192 2.000000000 2
504 16 3 8192 2.000000000 2
504 40 3 8192 2.000000000 2
504 60 3 8192 2.000000000 2
504 96 3 8192 2.000000000 2
504 168 3 8192 2.000000000 2
504 184 3 8192 2.000000000 2
504 196 3 8192 2.000000000 2
504 200 3 8192 2.000000000 2
504 216 3 8192 2.000000000 2
504 220 3 8192 2.000000000 2
504 252 3 8192 2.000000000 2
504 268 3 8192 2.000000000 2
504 324 3 8192 2.000000000 2
504 328 3 8192 2.000000000 2
504 360 3 8192 2.000000000 2
504 400 3 8192 2.000000000 2
504 432 3 8192 2.000000000 2
504 436 3 8192 2.000000000 2
504 440 3 8192 2.000000000 2
504 480 3 8192 2.000000000 2
504 508 3 8192 2.000000000 2
504 516 3 8192 2.000000000 2
504 532 3 8192 2.000000000 2
504 552 3 8192 2.000000000 2
504 560 3 8192 2.000000000 2
504 564 3 8192 2.000000000 2
504 600 3 8192 2.000000000 2
504 628 3 8192 2.000000000 2
504 632 3 8192 2.000000000 2
504 652 3 8192 2.000000000 2
504 692 3 8192 2.000000000 2
504 700 3 8192 2.000000000 2
504 720 3 8192 2.000000000 2
504 736 3 8192 2.000000000 2
504 740 3 8192 2.000000000 2
504 752 3 8192 2.000000000 2
504 756 3 8192 2.000000000 2
504 788 3 8192 2.000000000 2
504 832 3 8192 2.000000000 2
504 868 3 8192 2.000000000 2
504 896 3 8192 2.000000000 2
504 912 3 8192 2.000000000 2
504 916 3 8192 2.000000000 2
504 932 3 8192 2.000000000 2
504 940 3 8192 2.000000000 2
504 944 3 8192 2.000000000 2
504 960 3 8192 2.000000000 2
504 968 3 8192 2.000000000 2
504 984 3 8192 2.000000000 2
504 1000 3 8192 2.000000000 2
504 1016 3 8192 2.000000000 2
504 1036 3 8192 2.000000000 2
504 1072 3 8192 2.000000000 2
504 1080 3 8192 2.000000000 2
504 1108 3 8192 2.000000000 2
504 1120 3 8192 2.000000000 2
504 1156 3 8192 2.000000000 2
504 1168 3 8192 2.000000000 2
504 1180 3 8192 2.000000000 2
504 1192 3 8192 2.000000000 2
504 1208 3 8192 2.000000000 2
504 1220 3 8192 2.000000000 2
504 1264 3 8192 2.000000000 2
504 1272 3 8192 2.000000000 2
508 36 3 8192 2.000000000 2
508 48 3 8192 2.000000000 2
508 56 3 8192 2.000000000 2
508 60 3 8192 2.000000000 2
508 104 3 8192 2.000000000 2
508 132 3 8192 2.000000000 2
508 184 3 8192 2.000000000 2
508 216 3 8192 2.000000000 2
508 244 3 8192 2.000000000 2
508 284 3 8192 2.000000000 2
508 296 3 8192 2.000000000 2
508 328 3 8192 2.000000000 2
508 332 3 8192 2.000000000 2
508 336 3 8192 2.000000000 2
508 356 3 8192 2.000000000 2
508 380 3 8192 2.000000000 2
508 412 3 8192 2.000000000 2
508 424 3 8192 2.000000000 2
508 448 3 8192 2.000000000 2
508 492 3 8192 2.000000000 2
508 516 3 8192 2.000000000 2
508 520 3 8192 2.000000000 2
508 556 3 8192 2.000000000 2
508 564 3 8192 2.000000000 2
508 568 3 8192 2.000000000 2
508 592 3 8192 2.000000000 2
508 600 3 8192 2.000000000 2
508 620 3 8192 2.000000000 2
508 624 3 8192 2.000000000 2
508 628 3 8192 2.000000000 2
508 680 3 8192 2.000000000 2
508 692 3 8192 2.000000000 2
508 716 3 8192 2.000000000 2
508 760 3 8192 2.000000000 2
508 776 3 8192 2.000000000 2
508 812 3 8192 2.000000000 2
508 856 3 8192 2.000000000 2
508 860 3 8192 2.000000000 2
508 868 3 8192 2.000000000 2
508 896 3 8192 2.000000000 2
508 912 3 8192 2.000000000 2
508 940 3 8192 2.000000000 2
508 972 3 8192 2.000000000 2
508 980 3 8192 2.000000000 2
508 1012 3 8192 2.000000000 2
508 1020 3 8192 2.000000000 2
508 1024 3 8192 2.000000000 2
508 1028 3 8192 2.000000000 2
508 1036 3 8192 2.000000000 2
508 1052 3 8192 2.000000000 2
508 1068 3 8192 2.000000000 2
508 1080 3 8192 2.000000000 2
508 1112 3 8192 2.000000000 2
508 1116 3 8192 2.000000000 2
508 1120 3 8192 2.000000000 2
508 1124 3 8192 2.000000000 2
508 1148 3 8192 2.000000000 2
508 1164 3 8192 2.000000000 2
508 1196 3 8192 2.000000000 2
508 1220 3 8192 2.000000000 2
508 1232 3 8192 2.000000000 2
508 1244 3 8192 2.000000000 2
508 1248 3 8192 2.000000000 2
508 1264 3 8192 2.000000000 2
512 16 3 8192 2.000000000 2
512 24 3 8192 2.000000000 2
512 48 3 8192 2.000000000 2
512 60 3 8192 2.000000000 2
512 96 3 8192 2.000000000 2
512 104 3 8192 2.000000000 2
512 132 3 8192 2.000000000 2
512 160 3 8192 2.000000000 2
512 172 3 8192 2.000000000 2
512 184 3 8192 2.000000000 2
512 220 3 8192 2.000000000 2
512 232 3 8192 2.000000000 2
512 244 3 8192 2.000000000 2
512 276 3 8192 2.000000000 2
512 304 3 8192 2.000000000 2
512 308 3 8192 2.000000000 2
512 316 3 8192 2.000000000 2
512 332 3 8192 2.000000000 2
512 356 3 8192 2.000000000 2
512 368 3 8192 2.000000000 2
512 388 3 8192 2.000000000 2
512 432 3 8192 2.000000000 2
512 440 3 8192 2.000000000 2
512 452 3 8192 2.000000000 2
512 488 3 8192 2.000000000 2
512 492 3 8192 2.000000000 2
512 564 3 8192 2.000000000 2
512 596 3 8192 2.000000000 2
512 600 3 8192 2.000000000 2
512 620 3 8192 2.000000000 2
512 624 3 8192 2.000000000 2
512 632 3 8192 2.000000000 2
512 636 3 8192 2.000000000 2
512 664 3 8192 2.000000000 2
512 680 3 8192 2.000000000 2
512 684 3 8192 2.000000000 2
512 688 3 8192 2.000000000 2
512 724 3 8192 2.000000000 2
512 732 3 8192 2.000000000 2
512 760 3 8192 2.000000000 2
512 788 3 8192 2.000000000 2
512 792 3 8192 2.000000000 2
512 796 3 8192 2.000000000 2
512 828 3 8192 2.000000000 2
512 868 3 8192 2.000000000 2
512 916 3 8192 2.000000000 2
512 956 3 8192 2.000000000 2
512 960 3 8192 2.000000000 2
512 972 3 8192 2.000000000 2
512 1004 3 8192 2.000000000 2
512 1036 3 8192 2.000000000 2
512 1056 3 8192 2.000000000 2
512 1068 3 8192 2.000000000 2
512 1108 3 8192 2.000000000 2
512 1136 3 8192 2.000000000 2
512 1152 3 8192 2.000000000 2
512 1156 3 8192 2.000000000 2
512 1168 3 8192 2.000000000 2
512 1180 3 8192 2.000000000 2
512 1184 3 8192 2.000000000 2
512 1192 3 8192 2.000000000 2
512 1196 3 8192 2.000000000 2
512 1240 3 8192 2.000000000 2
512 1244 3 8192 2.000000000 2
516 16 3 8192 2.000000000 2
516 36 3 8192 2.000000000 2
516 52 3 8192 2.000000000 2
516 60 3 8192 2.000000000 2
516 64 3 8192 2.000000000 2
516 132 3 8192 2.000000000 2
516 136 3 8192 2.000000000 2
516 172 3 8192 2.000000000 2
516 204 3 8192 2.000000000 2
516 216 3 8192 2.000000000 2
516 232 3 8192 2.000000000 2
516 236 3 8192 2.000000000 2
516 248 3 8192 2.000000000 2
516 264 3 8192 2.000000000 2
516 276 3 8192 2.000000000 2
516 296 3 8192 2.000000000 2
516 312 3 8192 2.000000000 2
516 316 3 8192 2.000000000 2
516 360 3 8192 2.000000000 2
516 368 3 8192 2.000000000 2
516 404 3 8192 2.000000000 2
516 448 3 8192 2.000000000 2
516 464 3 8192 2.000000000 2
516 468 3 8192 2.000000000 2
516 504 3 8192 2.000000000 2
516 508 3 8192 2.000000000 2
516 528 3 8192 2.000000000 2
516 532 3 8192 2.000000000 2
516 540 3 8192 2.000000000 2
516 556 3 8192 2.000000000 2
516 596 3 8192 2.000000000 2
516 616 3 8192 2.000000000 2
516 652 3 8192 2.000000000 2
516 676 3 8192 2.000000000 2
516 680 3 8192 2.000000000 2
516 688 3 8192 2.000000000 2
516 696 3 8192 2.000000000 2
516 700 3 8192 2.000000000 2
516 708 3 8192 2.000000000 2
516 712 3 8192 2.000000000 2
516 732 3 8192 2.000000000 2
516 736 3 8192 2.000000000 2
516 744 3 8192 2.000000000 2
516 752 3 8192 2.000000000 2
516 764 3 8192 2.000000000 2
516 812 3 8192 2.000000000 2
516 828 3 8192 2.000000000 2
516 848 3 8192 2.000000000 2
516 852 3 8192 2.000000000 2
516 864 3 8192 2.000000000 2
516 896 3 8192 2.000000000 2
516 916 3 8192 2.000000000 2
516 940 3 8192 2.000000000 2
516 972 3 8192 2.000000000 2
516 1016 3 8192 2.000000000 2
516 1052 3 8192 2.000000000 2
516 1116 3 8192 2.000000000 2
516 1128 3 8192 2.000000000 2
516 1148 3 8192 2.000000000 2
516 1192 3 8192 2.000000000 2
516 1200 3 8192 2.000000000 2
516 1208 3 8192 2.000000000 2
516 1216 3 8192 2.000000000 2
516 1248 3 8192 2.000000000 2
520 36 3 8192 2.000000000 2
520 52 3 8192 2.000000000 2
520 68 3 8192 2.000000000 2
520 92 3 8192 2.000000000 2
520 100 3 8192 2.000000000 2
520 144 3 8192 2.000000000 2
520 156 3 8192 2.000000000 2
520 172 3 8192 2.000000000 2
520 232 3 8192 2.000000000 2
520 240 3 8192 2.000000000 2
520 276 3 8192 2.000000000 2
520 312 3 8192 2.000000000 2
520 328 3 8192 2.000000000 2
520 332 3 8192 2.000000000 2
520 336 3 8192 2.000000000 2
520 348 3 8192 2.000000000 2
520 360 3 8192 2.000000000 2
520 388 3 8192 2.000000000 2
520 404 3 8192 2.000000000 2
520 412 3 8192 2.000000000 2
520 424 3 8192 2.000000000 2
520 440 3 8192 2.000000000 2
520 504 3 8192 2.000000000 2
520 528 3 8192 2.000000000 2
520 540 3 8192 2.000000000 2
520 552 3 8192 2.000000000 2
520 556 3 8192 2.000000000 2
520 580 3 8192 2.000000000 2
520 584 3 8192 2.000000000 2
520 608 3 8192 2.000000000 2
520 616 3 8192 2.000000000 2
520 620 3 8192 2.000000000 2
520 632 3 8192 2.000000000 2
520 636 3 8192 2.000000000 2
520 644 3 8192 2.000000000 2
520 652 3 8192 2.000000000 2
520 660 3 8192 2.000000000 2
520 664 3 8192 2.000000000 2
520 688 3 8192 2.000000000 2
520 724 3 8192 2.000000000 2
520 740 3 8192 2.000000000 2
520 792 3 8192 2.000000000 2
520 796 3 8192 2.000000000 2
520 828 3 8192 2.000000000 2
520 852 3 8192 2.000000000 2
520 888 3 8192 2.000000000 2
520 900 3 8192 2.000000000 2
520 932 3 8192 2.000000000 2
520 968 3 8192 2.000000000 2
520 992 3 8192 2.000000000 2
520 1024 3 8192 2.000000000 2
520 1112 3 8192 2.000000000 2
520 1124 3 8192 2.000000000 2
520 1148 3 8192 2.000000000 2
520 1156 3 8192 2.000000000 2
520 1164 3 8192 2.000000000 2
520 1196 3 8192 2.000000000 2
520 1204 3 8192 2.000000000 2
520 1208 3 8192 2.000000000 2
520 1220 3 8192 2.000000000 2
520 1228 3 8192 2.000000000 2
520 1240 3 8192 2.000000000 2
520 1264 3 8192 2.000000000 2
520 1272 3 8192 2.000000000 2
524 20 3 8192 2.000000000 2
524 56 3 8192 2.000000000 2
524 60 3 8192 2.000000000 2
524 68 3 8192 2.000000000 2
524 76 3 8192 2.000000000 2
524 96 3 8192 2.000000000 2
524 120 3 8192 2.000000000 2
524 128 3 8192 2.000000000 2
524 188 3 8192 2.000000000 2
524 192 3 8192 2.000000000 2
524 220 3 8192 2.000000000 2
524 228 3 8192 2.000000000 2
524 264 3 8192 2.000000000 2
524 280 3 8192 2.000000000 2
524 284 3 8192 2.000000000 2
524 288 3 8192 2.000000000 2
524 312 3 8192 2.000000000 2
524 324 3 8192 2.000000000 2
524 348 3 8192 2.000000000 2
524 372 3 8192 2.000000000 2
524 380 3 8192 2.000000000 2
524 400 3 8192 2.000000000 2
524 420 3 8192 2.000000000 2
524 436 3 8192 2.000000000 2
524 480 3 8192 2.000000000 2
524 492 3 8192 2.000000000 2
524 500 3 8192 2.000000000 2
524 508 3 8192 2.000000000 2
524 520 3 8192 2.000000000 2
524 548 3 8192 2.000000000 2
524 564 3 8192 2.000000000 2
524 580 3 8192 2.000000000 2
524 620 3 8192 2.000000000 2
524 632 3 8192 2.000000000 2
524 640 3 8192 2.000000000 2
524 644 3 8192 2.000000000 2
524 700 3 8192 2.000000000 2
524 732 3 8192 2.000000000 2
524 740 3 8192 2.000000000 2
524 756 3 8192 2.000000000 2
524 824 3 8192 2.000000000 2
524 828 3 8192 2.000000000 2
524 832 3 8192 2.000000000 2
524 840 3 8192 2.000000000 2
524 848 3 8192 2.000000000 2
524 876 3 8192 2.000000000 2
524 924 3 8192 2.000000000 2
524 932 3 8192 2.000000000 2
524 944 3 8192 2.000000000 2
524 952 3 8192 2.000000000 2
524 964 3 8192 2.000000000 2
524 976 3 8192 2.000000000 2
524 984 3 8192 2.000000000 2
524 1000 3 8192 2.000000000 2
524 1004 3 8192 2.000000000 2
524 1016 3 8192 2.000000000 2
524 1060 3 8192 2.000000000 2
524 1112 3 8192 2.000000000 2
524 1116 3 8192 2.000000000 2
524 1120 3 8192 2.000000000 2
524 1136 3 8192 2.000000000 2
524 1168 3 8192 2.000000000 2
524 1240 3 8192 2.000000000 2
524 1248 3 8192 2.000000000 2
528 20 3 8192 2.000000000 2
528 36 3 8192 2.000000000 2
528 44 3 8192 2.000000000 2
528 48 3 8192 2.000000000 2
528 76 3 8192 2.000000000 2
528 88 3 8192 2.000000000 2
528 92 3 8192 2.000000000 2
528 96 3 8192 2.000000000 2
528 128 3 8192 2.000000000 2
528 132 3 8192 2.000000000 2
528 172 3 8192 2.000000000 2
528 192 3 8192 2.000000000 2
528 208 3 8192 2.000000000 2
528 224 3 8192 2.000000000 2
528 228 3 8192 2.000000000 2
528 244 3 8192 2.000000000 2
528 264 3 8192 2.000000000 2
528 276 3 8192 2.000000000 2
528 284 3 8192 2.000000000 2
528 296 3 8192 2.000000000 2
528 352 3 8192 2.000000000 2
528 368 3 8192 2.000000000 2
528 372 3 8192 2.000000000 2
528 380 3 8192 2.000000000 2
528 408 3 8192 2.000000000 2
528 420 3 8192 2.000000000 2
528 440 3 8192 2.000000000 2
528 448 3 8192 2.000000000 2
528 480 3 8192 2.000000000 2
528 504 3 8192 2.000000000 2
528 516 3 8192 2.000000000 2
528 532 3 8192 2.000000000 2
528 552 3 8192 2.000000000 2
528 564 3 8192 2.000000000 2
528 580 3 8192 2.000000000 2
528 600 3 8192 2.000000000 2
528 612 3 8192 2.000000000 2
528 664 3 8192 2.000000000 2
528 680 3 8192 2.000000000 2
528 700 3 8192 2.000000000 2
528 712 3 8192 2.000000000 2
528 720 3 8192 2.000000000 2
528 732 3 8192 2.000000000 2
528 764 3 8192 2.000000000 2
528 772 3 8192 2.000000000 2
528 784 3 8192 2.000000000 2
528 788 3 8192 2.000000000 2
528 792 3 8192 2.000000000 2
528 820 3 8192 2.000000000 2
528 824 3 8192 2.000000000 2
528 832 3 8192 2.000000000 2
528 856 3 8192 2.000000000 2
528 888 3 8192 2.000000000 2
528 912 3 8192 2.000000000 2
528 980 3 8192 2.000000000 2
528 992 3 8192 2.000000000 2
528 1012 3 8192 2.000000000 2
528 1016 3 8192 2.000000000 2
528 1024 3 8192 2.000000000 2
528 1156 3 8192 2.000000000 2
528 1176 3 8192 2.000000000 2
528 1188 3 8192 2.000000000 2
528 1192 3 8192 2.000000000 2
528 1196 3 8192 2.000000000 2
532 44 3 8192 2.000000000 2
532 48 3 8192 2.000000000 2
532 64 3 8192 2.000000000 2
532 68 3 8192 2.000000000 2
532 120 3 8192 2.000000000 2
532 132 3 8192 2.000000000 2
532 144 3 8192 2.000000000 2
532 156 3 8192 2.000000000 2
532 184 3 8192 2.000000000 2
532 200 3 8192 2.000000000 2
532 208 3 8192 2.000000000 2
532 216 3 8192 2.000000000 2
532 224 3 8192 2.000000000 2
532 228 3 8192 2.000000000 2
532 272 3 8192 2.000000000 2
532 276 3 8192 2.000000000 2
532 288 3 8192 2.000000000 2
532 312 3 8192 2.000000000 2
532 336 3 8192 2.000000000 2
532 340 3 8192 2.000000000 2
532 360 3 8192 2.000000000 2
532 372 3 8192 2.000000000 2
532 376 3 8192 2.000000000 2
532 388 3 8192 2.000000000 2
532 392 3 8192 2.000000000 2
532 412 3 8192 2.000000000 2
532 464 3 8192 2.000000000 2
532 484 3 8192 2.000000000 2
532 500 3 8192 2.000000000 2
532 512 3 8192 2.000000000 2
532 568 3 8192 2.000000000 2
532 596 3 8192 2.000000000 2
532 620 3 8192 2.000000000 2
532 644 3 8192 2.000000000 2
532 676 3 8192 2.000000000 2
532 680 3 8192 2.000000000 2
532 688 3 8192 2.000000000 2
532 720 3 8192 2.000000000 2
532 756 3 8192 2.000000000 2
532 764 3 8192 2.000000000 2
532 780 3 8192 2.000000000 2
532 784 3 8192 2.000000000 2
532 796 3 8192 2.000000000 2
532 820 3 8192 2.000000000 2
532 828 3 8192 2.000000000 2
532 840 3 8192 2.000000000 2
532 848 3 8192 2.000000000 2
532 924 3 8192 2.000000000 2
532 952 3 8192 2.000000000 2
532 964 3 8192 2.000000000 2
532 976 3 8192 2.000000000 2
532 980 3 8192 2.000000000 2
532 1012 3 8192 2.000000000 2
532 1024 3 8192 2.000000000 2
532 1036 3 8192 2.000000000 2
532 1060 3 8192 2.000000000 2
532 1120 3 8192 2.000000000 2
532 1148 3 8192 2.000000000 2
532 1156 3 8192 2.000000000 2
532 1164 3 8192 2.000000000 2
532 1176 3 8192 2.000000000 2
532 1184 3 8192 2.000000000 2
532 1192 3 8192 2.000000000 2
532 1228 3 8192 2.000000000 2
540 0 3 8192 2.000000000 2
540 36 3 8192 2.000000000 2
540 52 3 8192 2.000000000 2
540 56 3 8192 2.000000000 2
540 96 3 8192 2.000000000 2
540 108 3 8192 2.000000000 2
540 128 3 8192 2.000000000 2
540 132 3 8192 2.000000000 2
540 152 3 8192 2.000000000 2
540 172 3 8192 2.000000000 2
540 184 3 8192 2.000000000 2
540 208 3 8192 2.000000000 2
540 252 3 8192 2.000000000 2
540 256 3 8192 2.000000000 2
540 268 3 8192 2.000000000 2
540 292 3 8192 2.000000000 2
540 300 3 8192 2.000000000 2
540 316 3 8192 2.000000000 2
540 348 3 8192 2.000000000 2
540 360 3 8192 2.000000000 2
540 376 3 8192 2.000000000 2
540 380 3 8192 2.000000000 2
540 388 3 8192 2.000000000 2
540 400 3 8192 2.000000000 2
540 408 3 8192 2.000000000 2
540 448 3 8192 2.000000000 2
540 452 3 8192 2.000000000 2
540 456 3 8192 2.000000000 2
540 500 3 8192 2.000000000 2
540 508 3 8192 2.000000000 2
540 512 3 8192 2.000000000 2
540 516 3 8192 2.000000000 2
540 528 3 8192 2.000000000 2
540 532 3 8192 2.000000000 2
540 552 3 8192 2.000000000 2
540 580 3 8192 2.000000000 2
540 584 3 8192 2.000000000 2
540 596 3 8192 2.000000000 2
540 628 3 8192 2.000000000 2
540 632 3 8192 2.000000000 2
540 636 3 8192 2.000000000 2
540 676 3 8192 2.000000000 2
540 680 3 8192 2.000000000 2
540 708 3 8192 2.000000000 2
540 736 3 8192 2.000000000 2
540 772 3 8192 2.000000000 2
540 780 3 8192 2.000000000 2
540 792 3 8192 2.000000000 2
540 840 3 8192 2.000000000 2
540 916 3 8192 2.000000000 2
540 940 3 8192 2.000000000 2
540 992 3 8192 2.000000000 2
540 1000 3 8192 2.000000000 2
540 1012 3 8192 2.000000000 2
540 1036 3 8192 2.000000000 2
540 1068 3 8192 2.000000000 2
540 1084 3 8192 2.000000000 2
540 1096 3 8192 2.000000000 2
540 1136 3 8192 2.000000000 2
540 1160 3 8192 2.000000000 2
540 1164 3 8192 2.000000000 2
540 1176 3 8192 2.000000000 2
540 1200 3 8192 2.000000000 2
540 1244 3 8192 2.000000000 2
548 16 3 8192 2.000000000 2
548 24 3 8192 2.000000000 2
548 28 3 8192 2.000000000 2
548 44 3 8192 2.000000000 2
548 56 3 8192 2.000000000 2
548 76 3 8192 2.000000000 2
548 104 3 8192 2.000000000 2
548 124 3 8192 2.000000000 2
548 128 3 8192 2.000000000 2
548 132 3 8192 2.000000000 2
548 136 3 8192 2.000000000 2
548 152 3 8192 2.000000000 2
548 164 3 8192 2.000000000 2
548 216 3 8192 2.000000000 2
548 220 3 8192 2.000000000 2
548 256 3 8192 2.000000000 2
548 268 3 8192 2.000000000 2
548 300 3 8192 2.000000000 2
548 316 3 8192 2.000000000 2
548 328 3 8192 2.000000000 2
548 340 3 8192 2.000000000 2
548 352 3 8192 2.000000000 2
548 360 3 8192 2.000000000 2
548 368 3 8192 2.000000000 2
548 412 3 8192 2.000000000 2
548 420 3 8192 2.000000000 2
548 452 3 8192 2.000000000 2
548 480 3 8192 2.000000000 2
548 484 3 8192 2.000000000 2
548 540 3 8192 2.000000000 2
548 556 3 8192 2.000000000 2
548 616 3 8192 2.000000000 2
548 624 3 8192 2.000000000 2
548 636 3 8192 2.000000000 2
548 652 3 8192 2.000000000 2
548 664 3 8192 2.000000000 2
548 684 3 8192 2.000000000 2
548 696 3 8192 2.000000000 2
548 776 3 8192 2.000000000 2
548 792 3 8192 2.000000000 2
548 812 3 8192 2.000000000 2
548 820 3 8192 2.000000000 2
548 836 3 8192 2.000000000 2
548 848 3 8192 2.000000000 2
548 856 3 8192 2.000000000 2
548 892 3 8192 2.000000000 2
548 924 3 8192 2.000000000 2
548 952 3 8192 2.000000000 2
548 968 3 8192 2.000000000 2
548 976 3 8192 2.000000000 2
548 1004 3 8192 2.000000000 2
548 1028 3 8192 2.000000000 2
548 1056 3 8192 2.000000000 2
548 1068 3 8192 2.000000000 2
548 1108 3 8192 2.000000000 2
548 1120 3 8192 2.000000000 2
548 1156 3 8192 2.000000000 2
548 1168 3 8192 2.000000000 2
548 1176 3 8192 2.000000000 2
548 1180 3 8192 2.000000000 2
548 1192 3 8192 2.000000000 2
548 1196 3 8192 2.000000000 2
548 1212 3 8192 2.000000000 2
548 1220 3 8192 2.000000000 2
552 28 3 8192 2.000000000 2
552 60 3 8192 2.000000000 2
552 64 3 8192 2.000000000 2
552 76 3 8192 2.000000000 2
552 100 3 8192 2.000000000 2
552 124 3 8192 2.000000000 2
552 180 3 8192 2.000000000 2
552 196 3 8192 2.000000000 2
552 200 3 8192 2.000000000 2
552 216 3 8192 2.000000000 2
552 224 3 8192 2.000000000 2
552 244 3 8192 2.000000000 2
552 248 3 8192 2.000000000 2
552 284 3 8192 2.000000000 2
552 296 3 8192 2.000000000 2
552 304 3 8192 2.000000000 2
552 308 3 8192 2.000000000 2
552 312 3 8192 2.000000000 2
552 372 3 8192 2.000000000 2
552 376 3 8192 2.000000000 2
552 396 3 8192 2.000000000 2
552 408 3 8192 2.000000000 2
552 436 3 8192 2.000000000 2
552 448 3 8192 2.000000000 2
552 456 3 8192 2.000000000 2
552 480 3 8192 2.000000000 2
552 484 3 8192 2.000000000 2
552 504 3 8192 2.000000000 2
552 508 3 8192 2.000000000 2
552 512 3 8192 2.000000000 2
552 584 3 8192 2.000000000 2
552 652 3 8192 2.000000000 2
552 692 3 8192 2.000000000 2
552 696 3 8192 2.000000000 2
552 704 3 8192 2.000000000 2
552 720 3 8192 2.000000000 2
552 780 3 8192 2.000000000 2
552 784 3 8192 2.000000000 2
552 788 3 8192 2.000000000 2
552 792 3 8192 2.000000000 2
552 844 3 8192 2.000000000 2
552 856 3 8192 2.000000000 2
552 868 3 8192 2.000000000 2
552 876 3 8192 2.000000000 2
552 892 3 8192 2.000000000 2
552 916 3 8192 2.000000000 2
552 932 3 8192 2.000000000 2
552 944 3 8192 2.000000000 2
552 972 3 8192 2.000000000 2
552 976 3 8192 2.000000000 2
552 996 3 8192 2.000000000 2
552 1000 3 8192 2.000000000 2
552 1012 3 8192 2.000000000 2
552 1016 3 8192 2.000000000 2
552 1024 3 8192 2.000000000 2
552 1068 3 8192 2.000000000 2
552 1112 3 8192 2.000000000 2
552 1128 3 8192 2.000000000 2
552 1136 3 8192 2.000000000 2
552 1160 3 8192 2.000000000 2
552 1168 3 8192 2.000000000 2
552 1204 3 8192 2.000000000 2
552 1208 3 8192 2.000000000 2
552 1252 3 8192 2.000000000 2
556 8 3 8192 2.000000000 2
556 28 3 8192 2.000000000 2
556 32 3 8192 2.000000000 2
556 56 3 8192 2.000000000 2
556 68 3 8192 2.000000000 2
556 100 3 8192 2.000000000 2
556 140 3 8192 2.000000000 2
556 180 3 8192 2.000000000 2
556 192 3 8192 2.000000000 2
556 200 3 8192 2.000000000 2
556 236 3 8192 2.000000000 2
556 268 3 8192 2.000000000 2
556 276 3 8192 2.000000000 2
556 284 3 8192 2.000000000 2
556 296 3 8192 2.000000000 2
556 308 3 8192 2.000000000 2
556 312 3 8192 2.000000000 2
556 316 3 8192 2.000000000 2
556 332 3 8192 2.000000000 2
556 356 3 8192 2.000000000 2
556 376 3 8192 2.000000000 2
556 380 3 8192 2.000000000 2
556 392 3 8192 2.000000000 2
556 404 3 8192 2.000000000 2
556 432 3 8192 2.000000000 2
556 436 3 8192 2.000000000 2
556 452 3 8192 2.000000000 2
556 492 3 8192 2.000000000 2
556 520 3 8192 2.000000000 2
556 552 3 8192 2.000000000 2
556 564 3 8192 2.000000000 2
556 608 3 8192 2.000000000 2
556 636 3 8192 2.000000000 2
556 676 3 8192 2.000000000 2
556 680 3 8192 2.000000000 2
556 692 3 8192 2.000000000 2
556 720 3 8192 2.000000000 2
556 740 3 8192 2.000000000 2
556 756 3 8192 2.000000000 2
556 780 3 8192 2.000000000 2
556 792 3 8192 2.000000000 2
556 812 3 8192 2.000000000 2
556 820 3 8192 2.000000000 2
556 832 3 8192 2.000000000 2
556 892 3 8192 2.000000000 2
556 928 3 8192 2.000000000 2
556 932 3 8192 2.000000000 2
556 972 3 8192 2.000000000 2
556 984 3 8192 2.000000000 2
556 992 3 8192 2.000000000 2
556 1024 3 8192 2.000000000 2
556 1060 3 8192 2.000000000 2
556 1068 3 8192 2.000000000 2
556 1104 3 8192 2.000000000 2
556 1124 3 8192 2.000000000 2
556 1136 3 8192 2.000000000 2
556 1168 3 8192 2.000000000 2
556 1184 3 8192 2.000000000 2
556 1204 3 8192 2.000000000 2
556 1228 3 8192 2.000000000 2
556 1244 3 8192 2.000000000 2
556 1248 3 8192 2.000000000 2
556 1264 3 8192 2.000000000 2
556 1272 3 8192 2.000000000 2
560 8 3 8192 2.000000000 2
560 28 3 8192 2.000000000 2
560 32 3 8192 2.000000000 2
560 56 3 8192 2.000000000 2
560 88 3 8192 2.000000000 2
560 120 3 8192 2.000000000 2
560 132 3 8192 2.000000000 2
560 160 3 8192 2.000000000 2
560 180 3 8192 2.000000000 2
560 208 3 8192 2.000000000 2
560 216 3 8192 2.000000000 2
560 244 3 8192 2.000000000 2
560 280 3 8192 2.000000000 2
560 292 3 8192 2.000000000 2
560 296 3 8192 2.000000000 2
560 312 3 8192 2.000000000 2
560 324 3 8192 2.000000000 2
560 372 3 8192 2.000000000 2
560 400 3 8192 2.000000000 2
560 424 3 8192 2.000000000 2
560 468 3 8192 2.000000000 2
560 484 3 8192 2.000000000 2
560 516 3 8192 2.000000000 2
560 556 3 8192 2.000000000 2
560 584 3 8192 2.000000000 2
560 592 3 8192 2.000000000 2
560 608 3 8192 2.000000000 2
560 616 3 8192 2.000000000 2
560 628 3 8192 2.000000000 2
560 656 3 8192 2.000000000 2
560 660 3 8192 2.000000000 2
560 704 3 8192 2.000000000 2
560 712 3 8192 2.000000000 2
560 744 3 8192 2.000000000 2
560 760 3 8192 2.000000000 2
560 788 3 8192 2.000000000 2
560 836 3 8192 2.000000000 2
560 840 3 8192 2.000000000 2
560 852 3 8192 2.000000000 2
560 860 3 8192 2.000000000 2
560 864 3 8192 2.000000000 2
560 868 3 8192 2.000000000 2
560 896 3 8192 2.000000000 2
560 900 3 8192 2.000000000 2
560 916 3 8192 2.000000000 2
560 972 3 8192 2.000000000 2
560 996 3 8192 2.000000000 2
560 1016 3 8192 2.000000000 2
560 1028 3 8192 2.000000000 2
560 1080 3 8192 2.000000000 2
560 1096 3 8192 2.000000000 2
560 1108 3 8192 2.000000000 2
560 1116 3 8192 2.000000000 2
560 1120 3 8192 2.000000000 2
560 1124 3 8192 2.000000000 2
560 1136 3 8192 2.000000000 2
560 1148 3 8192 2.000000000 2
560 1156 3 8192 2.000000000 2
560 1176 3 8192 2.000000000 2
560 1192 3 8192 2.000000000 2
560 1212 3 8192 2.000000000 2
560 1244 3 8192 2.000000000 2
560 1248 3 8192 2.000000000 2
560 1252 3 8192 2.000000000 2
564 8 3 8192 2.000000000 2
564 24 3 8192 2.000000000 2
564 40 3 8192 2.000000000 2
564 44 3 8192 2.000000000 2
564 56 3 8192 2.000000000 2
564 76 3 8192 2.000000000 2
564 108 3 8192 2.000000000 2
564 124 3 8192 2.000000000 2
564 160 3 8192 2.000000000 2
564 164 3 8192 2.000000000 2
564 172 3 8192 2.000000000 2
564 188 3 8192 2.000000000 2
564 200 3 8192 2.000000000 2
564 236 3 8192 2.000000000 2
564 248 3 8192 2.000000000 2
564 256 3 8192 2.000000000 2
564 268 3 8192 2.000000000 2
564 276 3 8192 2.000000000 2
564 296 3 8192 2.000000000 2
564 304 3 8192 2.000000000 2
564 308 3 8192 2.000000000 2
564 324 3 8192 2.000000000 2
564 396 3 8192 2.000000000 2
564 408 3 8192 2.000000000 2
564 468 3 8192 2.000000000 2
564 488 3 8192 2.000000000 2
564 512 3 8192 2.000000000 2
564 524 3 8192 2.000000000 2
564 608 3 8192 2.000000000 2
564 620 3 8192 2.000000000 2
564 632 3 8192 2.000000000 2
564 652 3 8192 2.000000000 2
564 664 3 8192 2.000000000 2
564 668 3 8192 2.000000000 2
564 680 3 8192 2.000000000 2
564 692 3 8192 2.000000000 2
564 704 3 8192 2.000000000 2
564 724 3 8192 2.000000000 2
564 732 3 8192 2.000000000 2
564 776 3 8192 2.000000000 2
564 788 3 8192 2.000000000 2
564 812 3 8192 2.000000000 2
564 828 3 8192 2.000000000 2
564 848 3 8192 2.000000000 2
564 864 3 8192 2.000000000 2
564 868 3 8192 2.000000000 2
564 876 3 8192 2.000000000 2
564 900 3 8192 2.000000000 2
564 924 3 8192 2.000000000 2
564 940 3 8192 2.000000000 2
564 992 3 8192 2.000000000 2
564 1004 3 8192 2.000000000 2
564 1020 3 8192 2.000000000 2
564 1048 3 8192 2.000000000 2
564 1080 3 8192 2.000000000 2
564 1124 3 8192 2.000000000 2
564 1148 3 8192 2.000000000 2
564 1152 3 8192 2.000000000 2
564 1160 3 8192 2.000000000 2
564 1176 3 8192 2.000000000 2
564 1208 3 8192 2.000000000 2
564 1232 3 8192 2.000000000 2
564 1248 3 8192 2.000000000 2
564 1272 3 8192 2.000000000 2
568 20 3 8192 2.000000000 2
568 52 3 8192 2.000000000 2
568 76 3 8192 2.000000000 2
568 100 3 8192 2.000000000 2
568 104 3 8192 2.000000000 2
568 108 3 8192 2.000000000 2
568 144 3 8192 2.000000000 2
568 180 3 8192 2.000000000 2
568 192 3 8192 2.000000000 2
568 196 3 8192 2.000000000 2
568 204 3 8192 2.000000000 2
568 220 3 8192 2.000000000 2
568 228 3 8192 2.000000000 2
568 232 3 8192 2.000000000 2
568 236 3 8192 2.000000000 2
568 272 3 8192 2.000000000 2
568 332 3 8192 2.000000000 2
568 368 3 8192 2.000000000 2
568 372 3 8192 2.000000000 2
568 376 3 8192 2.000000000 2
568 380 3 8192 2.000000000 2
568 388 3 8192 2.000000000 2
568 396 3 8192 2.000000000 2
568 452 3 8192 2.000000000 2
568 464 3 8192 2.000000000 2
568 480 3 8192 2.000000000 2
568 488 3 8192 2.000000000 2
568 500 3 8192 2.000000000 2
568 508 3 8192 2.000000000 2
568 516 3 8192 2.000000000 2
568 528 3 8192 2.000000000 2
568 552 3 8192 2.000000000 2
568 560 3 8192 2.000000000 2
568 628 3 8192 2.000000000 2
568 644 3 8192 2.000000000 2
568 684 3 8192 2.000000000 2
568 704 3 8192 2.000000000 2
568 720 3 8192 2.000000000 2
568 724 3 8192 2.000000000 2
568 764 3 8192 2.000000000 2
568 788 3 8192 2.000000000 2
568 820 3 8192 2.000000000 2
568 840 3 8192 2.000000000 2
568 860 3 8192 2.000000000 2
568 876 3 8192 2.000000000 2
568 932 3 8192 2.000000000 2
568 944 3 8192 2.000000000 2
568 952 3 8192 2.000000000 2
568 964 3 8192 2.000000000 2
568 976 3 8192 2.000000000 2
568 996 3 8192 2.000000000 2
568 1016 3 8192 2.000000000 2
568 1036 3 8192 2.000000000 2
568 1052 3 8192 2.000000000 2
568 1060 3 8192 2.000000000 2
568 1080 3 8192 2.000000000 2
568 1096 3 8192 2.000000000 2
568 1148 3 8192 2.000000000 2
568 1168 3 8192 2.000000000 2
568 1184 3 8192 2.000000000 2
568 1196 3 8192 2.000000000 2
568 1208 3 8192 2.000000000 2
568 1240 3 8192 2.000000000 2
568 1252 3 8192 2.000000000 2
580 8 3 8192 2.000000000 2
580 28 3 8192 2.000000000 2
580 40 3 8192 2.000000000 2
580 92 3 8192 2.000000000 2
580 128 3 8192 2.000000000 2
580 144 3 8192 2.000000000 2
580 164 3 8192 2.000000000 2
580 184 3 8192 2.000000000 2
580 200 3 8192 2.000000000 2
580 208 3 8192 2.000000000 2
580 220 3 8192 2.000000000 2
580 232 3 8192 2.000000000 2
580 236 3 8192 2.000000000 2
580 244 3 8192 2.000000000 2
580 256 3 8192 2.000000000 2
580 268 3 8192 2.000000000 2
580 312 3 8192 2.000000000 2
580 336 3 8192 2.000000000 2
580 368 3 8192 2.000000000 2
580 412 3 8192 2.000000000 2
580 420 3 8192 2.000000000 2
580 424 3 8192 2.000000000 2
580 432 3 8192 2.000000000 2
580 436 3 8192 2.000000000 2
580 464 3 8192 2.000000000 2
580 488 3 8192 2.000000000 2
580 500 3 8192 2.000000000 2
580 512 3 8192 2.000000000 2
580 552 3 8192 2.000000000 2
580 556 3 8192 2.000000000 2
580 616 3 8192 2.000000000 2
580 620 3 8192 2.000000000 2
580 632 3 8192 2.000000000 2
580 636 3 8192 2.000000000 2
580 640 3 8192 2.000000000 2
580 644 3 8192 2.000000000 2
580 652 3 8192 2.000000000 2
580 664 3 8192 2.000000000 2
580 676 3 8192 2.000000000 2
580 700 3 8192 2.000000000 2
580 720 3 8192 2.000000000 2
580 724 3 8192 2.000000000 2
580 732 3 8192 2.000000000 2
580 740 3 8192 2.000000000 2
580 776 3 8192 2.000000000 2
580 820 3 8192 2.000000000 2
580 848 3 8192 2.000000000 2
580 864 3 8192 2.000000000 2
580 928 3 8192 2.000000000 2
580 932 3 8192 2.000000000 2
580 944 3 8192 2.000000000 2
580 996 3 8192 2.000000000 2
580 1004 3 8192 2.000000000 2
580 1016 3 8192 2.000000000 2
580 1024 3 8192 2.000000000 2
580 1072 3 8192 2.000000000 2
580 1096 3 8192 2.000000000 2
580 1108 3 8192 2.000000000 2
580 1124 3 8192 2.000000000 2
580 1128 3 8192 2.000000000 2
580 1152 3 8192 2.000000000 2
580 1176 3 8192 2.000000000 2
580 1180 3 8192 2.000000000 2
580 1252 3 8192 2.000000000 2
584 0 3 8192 2.000000000 2
584 20 3 8192 2.000000000 2
584 32 3 8192 2.000000000 2
584 36 3 8192 2.000000000 2
584 48 3 8192 2.000000000 2
584 132 3 8192 2.000000000 2
584 192 3 8192 2.000000000 2
584 216 3 8192 2.000000000 2
584 228 3 8192 2.000000000 2
584 232 3 8192 2.000000000 2
584 256 3 8192 2.000000000 2
584 272 3 8192 2.000000000 2
584 276 3 8192 2.000000000 2
584 308 3 8192 2.000000000 2
584 340 3 8192 2.000000000 2
584 352 3 8192 2.000000000 2
584 432 3 8192 2.000000000 2
584 436 3 8192 2.000000000 2
584 440 3 8192 2.000000000 2
584 448 3 8192 2.000000000 2
584 452 3 8192 2.000000000 2
584 456 3 8192 2.000000000 2
584 468 3 8192 2.000000000 2
584 520 3 8192 2.000000000 2
584 552 3 8192 2.000000000 2
584 592 3 8192 2.000000000 2
584 624 3 8192 2.000000000 2
584 628 3 8192 2.000000000 2
584 652 3 8192 2.000000000 2
584 692 3 8192 2.000000000 2
584 708 3 8192 2.000000000 2
584 740 3 8192 2.000000000 2
584 752 3 8192 2.000000000 2
584 792 3 8192 2.000000000 2
584 828 3 8192 2.000000000 2
584 844 3 8192 2.000000000 2
584 848 3 8192 2.000000000 2
584 852 3 8192 2.000000000 2
584 856 3 8192 2.000000000 2
584 868 3 8192 2.000000000 2
584 896 3 8192 2.000000000 2
584 912 3 8192 2.000000000 2
584 916 3 8192 2.000000000 2
584 928 3 8192 2.000000000 2
584 952 3 8192 2.000000000 2
584 956 3 8192 2.000000000 2
584 968 3 8192 2.000000000 2
584 980 3 8192 2.000000000 2
584 992 3 8192 2.000000000 2
584 1036 3 8192 2.000000000 2
584 1052 3 8192 2.000000000 2
584 1056 3 8192 2.000000000 2
584 1076 3 8192 2.000000000 2
584 1084 3 8192 2.000000000 2
584 1112 3 8192 2.000000000 2
584 1136 3 8192 2.000000000 2
584 1152 3 8192 2.000000000 2
584 1176 3 8192 2.000000000 2
584 1180 3 8192 2.000000000 2
584 1196 3 8192 2.000000000 2
584 1208 3 8192 2.000000000 2
584 1228 3 8192 2.000000000 2
584 1252 3 8192 2.000000000 2
584 1264 3 8192 2.000000000 2
592 28 3 8192 2.000000000 2
592 44 3 8192 2.000000000 2
592 64 3 8192 2.000000000 2
592 88 3 8192 2.000000000 2
592 120 3 8192 2.000000000 2
592 156 3 8192 2.000000000 2
592 184 3 8192 2.000000000 2
592 188 3 8192 2.000000000 2
592 192 3 8192 2.000000000 2
592 200 3 8192 2.000000000 2
592 216 3 8192 2.000000000 2
592 236 3 8192 2.000000000 2
592 256 3 8192 2.000000000 2
592 280 3 8192 2.000000000 2
592 312 3 8192 2.000000000 2
592 324 3 8192 2.000000000 2
592 340 3 8192 2.000000000 2
592 348 3 8192 2.000000000 2
592 356 3 8192 2.000000000 2
592 360 3 8192 2.000000000 2
592 388 3 8192 2.000000000 2
592 392 3 8192 2.000000000 2
592 400 3 8192 2.000000000 2
592 404 3 8192 2.000000000 2
592 408 3 8192 2.000000000 2
592 436 3 8192 2.000000000 2
592 464 3 8192 2.000000000 2
592 480 3 8192 2.000000000 2
592 488 3 8192 2.000000000 2
592 504 3 8192 2.000000000 2
592 520 3 8192 2.000000000 2
592 568 3 8192 2.000000000 2
592 612 3 8192 2.000000000 2
592 640 3 8192 2.000000000 2
592 656 3 8192 2.000000000 2
592 680 3 8192 2.000000000 2
592 712 3 8192 2.000000000 2
592 732 3 8192 2.000000000 2
592 740 3 8192 2.000000000 2
592 752 3 8192 2.000000000 2
592 756 3 8192 2.000000000 2
592 780 3 8192 2.000000000 2
592 820 3 8192 2.000000000 2
592 836 3 8192 2.000000000 2
592 844 3 8192 2.000000000 2
592 864 3 8192 2.000000000 2
592 888 3 8192 2.000000000 2
592 892 3 8192 2.000000000 2
592 912 3 8192 2.000000000 2
592 924 3 8192 2.000000000 2
592 952 3 8192 2.000000000 2
592 964 3 8192 2.000000000 2
592 976 3 8192 2.000000000 2
592 980 3 8192 2.000000000 2
592 1012 3 8192 2.000000000 2
592 1016 3 8192 2.000000000 2
592 1020 3 8192 2.000000000 2
592 1036 3 8192 2.000000000 2
592 1060 3 8192 2.000000000 2
592 1068 3 8192 2.000000000 2
592 1148 3 8192 2.000000000 2
592 1192 3 8192 2.000000000 2
592 1200 3 8192 2.000000000 2
592 1232 3 8192 2.000000000 2
596 0 3 8192 2.000000000 2
596 40 3 8192 2.000000000 2
596 52 3 8192 2.000000000 2
596 64 3 8192 2.000000000 2
596 76 3 8192 2.000000000 2
596 96 3 8192 2.000000000 2
596 108 3 8192 2.000000000 2
596 120 3 8192 2.000000000 2
596 132 3 8192 2.000000000 2
596 136 3 8192 2.000000000 2
596 160 3 8192 2.000000000 2
596 192 3 8192 2.000000000 2
596 196 3 8192 2.000000000 2
596 240 3 8192 2.000000000 2
596 248 3 8192 2.000000000 2
596 252 3 8192 2.000000000 2
596 292 3 8192 2.000000000 2
596 300 3 8192 2.000000000 2
596 328 3 8192 2.000000000 2
596 340 3 8192 2.000000000 2
596 408 3 8192 2.000000000 2
596 420 3 8192 2.000000000 2
596 432 3 8192 2.000000000 2
596 440 3 8192 2.000000000 2
596 448 3 8192 2.000000000 2
596 464 3 8192 2.000000000 2
596 492 3 8192 2.000000000 2
596 516 3 8192 2.000000000 2
596 524 3 8192 2.000000000 2
596 552 3 8192 2.000000000 2
596 556 3 8192 2.000000000 2
596 564 3 8192 2.000000000 2
596 568 3 8192 2.000000000 2
596 592 3 8192 2.000000000 2
596 608 3 8192 2.000000000 2
596 612 3 8192 2.000000000 2
596 616 3 8192 2.000000000 2
596 652 3 8192 2.000000000 2
596 664 3 8192 2.000000000 2
596 668 3 8192 2.000000000 2
596 692 3 8192 2.000000000 2
596 716 3 8192 2.000000000 2
596 744 3 8192 2.000000000 2
596 760 3 8192 2.000000000 2
596 764 3 8192 2.000000000 2
596 780 3 8192 2.000000000 2
596 848 3 8192 2.000000000 2
596 876 3 8192 2.000000000 2
596 888 3 8192 2.000000000 2
596 912 3 8192 2.000000000 2
596 924 3 8192 2.000000000 2
596 984 3 8192 2.000000000 2
596 1004 3 8192 2.000000000 2
596 1012 3 8192 2.000000000 2
596 1024 3 8192 2.000000000 2
596 1028 3 8192 2.000000000 2
596 1056 3 8192 2.000000000 2
596 1084 3 8192 2.000000000 2
596 1136 3 8192 2.000000000 2
596 1152 3 8192 2.000000000 2
596 1176 3 8192 2.000000000 2
596 1180 3 8192 2.000000000 2
596 1196 3 8192 2.000000000 2
596 1204 3 8192 2.000000000 2
600 20 3 8192 2.000000000 2
600 28 3 8192 2.000000000 2
600 32 3 8192 2.000000000 2
600 36 3 8192 2.000000000 2
600 44 3 8192 2.000000000 2
600 60 3 8192 2.000000000 2
600 64 3 8192 2.000000000 2
600 68 3 8192 2.000000000 2
600 104 3 8192 2.000000000 2
600 108 3 8192 2.000000000 2
600 168 3 8192 2.000000000 2
600 184 3 8192 2.000000000 2
600 188 3 8192 2.000000000 2
600 204 3 8192 2.000000000 2
600 228 3 8192 2.000000000 2
600 240 3 8192 2.000000000 2
600 248 3 8192 2.000000000 2
600 252 3 8192 2.000000000 2
600 268 3 8192 2.000000000 2
600 280 3 8192 2.000000000 2
600 284 3 8192 2.000000000 2
600 288 3 8192 2.000000000 2
600 292 3 8192 2.000000000 2
600 332 3 8192 2.000000000 2
600 348 3 8192 2.000000000 2
600 352 3 8192 2.000000000 2
600 360 3 8192 2.000000000 2
600 368 3 8192 2.000000000 2
600 376 3 8192 2.000000000 2
600 400 3 8192 2.000000000 2
600 420 3 8192 2.000000000 2
600 480 3 8192 2.000000000 2
600 492 3 8192 2.000000000 2
600 504 3 8192 2.000000000 2
600 520 3 8192 2.000000000 2
600 548 3 8192 2.000000000 2
600 560 3 8192 2.000000000 2
600 580 3 8192 2.000000000 2
600 608 3 8192 2.000000000 2
600 636 3 8192 2.000000000 2
600 692 3 8192 2.000000000 2
600 716 3 8192 2.000000000 2
600 720 3 8192 2.000000000 2
600 752 3 8192 2.000000000 2
600 760 3 8192 2.000000000 2
600 796 3 8192 2.000000000 2
600 820 3 8192 2.000000000 2
600 836 3 8192 2.000000000 2
600 844 3 8192 2.000000000 2
600 852 3 8192 2.000000000 2
600 860 3 8192 2.000000000 2
600 864 3 8192 2.000000000 2
600 876 3 8192 2.000000000 2
600 888 3 8192 2.000000000 2
600 912 3 8192 2.000000000 2
600 924 3 8192 2.000000000 2
600 932 3 8192 2.000000000 2
600 976 3 8192 2.000000000 2
600 984 3 8192 2.000000000 2
600 1036 3 8192 2.000000000 2
600 1108 3 8192 2.000000000 2
600 1176 3 8192 2.000000000 2
600 1216 3 8192 2.000000000 2
600 1220 3 8192 2.000000000 2
608 0 3 8192 2.000000000 2
608 24 3 8192 2.000000000 2
608 36 3 8192 2.000000000 2
608 60 3 8192 2.000000000 2
608 64 3 8192 2.000000000 2
608 68 3 8192 2.000000000 2
608 120 3 8192 2.000000000 2
608 128 3 8192 2.000000000 2
608 168 3 8192 2.000000000 2
608 192 3 8192 2.000000000 2
608 292 3 8192 2.000000000 2
608 308 3 8192 2.000000000 2
608 336 3 8192 2.000000000 2
608 356 3 8192 2.000000000 2
608 368 3 8192 2.000000000 2
608 376 3 8192 2.000000000 2
608 396 3 8192 2.000000000 2
608 432 3 8192 2.000000000 2
608 440 3 8192 2.000000000 2
608 456 3 8192 2.000000000 2
608 464 3 8192 2.000000000 2
608 468 3 8192 2.000000000 2
608 480 3 8192 2.000000000 2
608 488 3 8192 2.000000000 2
608 504 3 8192 2.000000000 2
608 508 3 8192 2.000000000 2
608 512 3 8192 2.000000000 2
608 548 3 8192 2.000000000 2
608 636 3 8192 2.000000000 2
608 660 3 8192 2.000000000 2
608 676 3 8192 2.000000000 2
608 680 3 8192 2.000000000 2
608 688 3 8192 2.000000000 2
608 692 3 8192 2.000000000 2
608 700 3 8192 2.000000000 2
608 708 3 8192 2.000000000 2
608 712 3 8192 2.000000000 2
608 716 3 8192 2.000000000 2
608 720 3 8192 2.000000000 2
608 724 3 8192 2.000000000 2
608 784 3 8192 2.000000000 2
608 796 3 8192 2.000000000 2
608 828 3 8192 2.000000000 2
608 832 3 8192 2.000000000 2
608 860 3 8192 2.000000000 2
608 896 3 8192 2.000000000 2
608 928 3 8192 2.000000000 2
608 932 3 8192 2.000000000 2
608 960 3 8192 2.000000000 2
608 964 3 8192 2.000000000 2
608 972 3 8192 2.000000000 2
608 1020 3 8192 2.000000000 2
608 1048 3 8192 2.000000000 2
608 1052 3 8192 2.000000000 2
608 1068 3 8192 2.000000000 2
608 1076 3 8192 2.000000000 2
608 1124 3 8192 2.000000000 2
608 1156 3 8192 2.000000000 2
608 1160 3 8192 2.000000000 2
608 1180 3 8192 2.000000000 2
608 1184 3 8192 2.000000000 2
608 1232 3 8192 2.000000000 2
608 1244 3 8192 2.000000000 2
608 1252 3 8192 2.000000000 2
612 40 3 8192 2.000000000 2
612 44 3 8192 2.000000000 2
612 68 3 8192 2.000000000 2
612 88 3 8192 2.000000000 2
612 92 3 8192 2.000000000 2
612 108 3 8192 2.000000000 2
612 132 3 8192 2.000000000 2
612 168 3 8192 2.000000000 2
612 208 3 8192 2.000000000 2
612 216 3 8192 2.000000000 2
612 228 3 8192 2.000000000 2
612 240 3 8192 2.000000000 2
612 264 3 8192 2.000000000 2
612 276 3 8192 2.000000000 2
612 288 3 8192 2.000000000 2
612 340 3 8192 2.000000000 2
612 352 3 8192 2.000000000 2
612 372 3 8192 2.000000000 2
612 436 3 8192 2.000000000 2
612 448 3 8192 2.000000000 2
612 492 3 8192 2.000000000 2
612 504 3 8192 2.000000000 2
612 512 3 8192 2.000000000 2
612 528 3 8192 2.000000000 2
612 540 3 8192 2.000000000 2
612 552 3 8192 2.000000000 2
612 608 3 8192 2.000000000 2
612 624 3 8192 2.000000000 2
612 628 3 8192 2.000000000 2
612 700 3 8192 2.000000000 2
612 704 3 8192 2.000000000 2
612 708 3 8192 2.000000000 2
612 732 3 8192 2.000000000 2
612 744 3 8192 2.000000000 2
612 756 3 8192 2.000000000 2
612 760 3 8192 2.000000000 2
612 764 3 8192 2.000000000 2
612 776 3 8192 2.000000000 2
612 792 3 8192 2.000000000 2
612 836 3 8192 2.000000000 2
612 852 3 8192 2.000000000 2
612 856 3 8192 2.000000000 2
612 912 3 8192 2.000000000 2
612 940 3 8192 2.000000000 2
612 944 3 8192 2.000000000 2
612 952 3 8192 2.000000000 2
612 956 3 8192 2.000000000 2
612 964 3 8192 2.000000000 2
612 1004 3 8192 2.000000000 2
612 1012 3 8192 2.000000000 2
612 1016 3 8192 2.000000000 2
612 1020 3 8192 2.000000000 2
612 1036 3 8192 2.000000000 2
612 1056 3 8192 2.000000000 2
612 1096 3 8192 2.000000000 2
612 1128 3 8192 2.000000000 2
612 1152 3 8192 2.000000000 2
612 1168 3 8192 2.000000000 2
612 1180 3 8192 2.000000000 2
612 1188 3 8192 2.000000000 2
612 1196 3 8192 2.000000000 2
612 1228 3 8192 2.000000000 2
612 1232 3 8192 2.000000000 2
612 1248 3 8192 2.000000000 2
616 36 3 8192 2.000000000 2
616 40 3 8192 2.000000000 2
616 52 3 8192 2.000000000 2
616 64 3 8192 2.000000000 2
616 68 3 8192 2.000000000 2
616 88 3 8192 2.000000000 2
616 108 3 8192 2.000000000 2
616 120 3 8192 2.000000000 2
616 128 3 8192 2.000000000 2
616 140 3 8192 2.000000000 2
616 144 3 8192 2.000000000 2
616 164 3 8192 2.000000000 2
616 224 3 8192 2.000000000 2
616 248 3 8192 2.000000000 2
616 296 3 8192 2.000000000 2
616 352 3 8192 2.000000000 2
616 360 3 8192 2.000000000 2
616 388 3 8192 2.000000000 2
616 392 3 8192 2.000000000 2
616 396 3 8192 2.000000000 2
616 404 3 8192 2.000000000 2
616 408 3 8192 2.000000000 2
616 424 3 8192 2.000000000 2
616 440 3 8192 2.000000000 2
616 468 3 8192 2.000000000 2
616 484 3 8192 2.000000000 2
616 504 3 8192 2.000000000 2
616 532 3 8192 2.000000000 2
616 548 3 8192 2.000000000 2
616 560 3 8192 2.000000000 2
616 564 3 8192 2.000000000 2
616 596 3 8192 2.000000000 2
616 624 3 8192 2.000000000 2
616 644 3 8192 2.000000000 2
616 680 3 8192 2.000000000 2
616 684 3 8192 2.000000000 2
616 696 3 8192 2.000000000 2
616 704 3 8192 2.000000000 2
616 708 3 8192 2.000000000 2
616 720 3 8192 2.000000000 2
616 764 3 8192 2.000000000 2
616 776 3 8192 2.000000000 2
616 784 3 8192 2.000000000 2
616 788 3 8192 2.000000000 2
616 796 3 8192 2.000000000 2
616 868 3 8192 2.000000000 2
616 892 3 8192 2.000000000 2
616 912 3 8192 2.000000000 2
616 956 3 8192 2.000000000 2
616 1036 3 8192 2.000000000 2
616 1052 3 8192 2.000000000 2
616 1056 3 8192 2.000000000 2
616 1084 3 8192 2.000000000 2
616 1104 3 8192 2.000000000 2
616 1116 3 8192 2.000000000 2
616 1124 3 8192 2.000000000 2
616 1164 3 8192 2.000000000 2
616 1168 3 8192 2.000000000 2
616 1176 3 8192 2.000000000 2
616 1180 3 8192 2.000000000 2
616 1184 3 8192 2.000000000 2
616 1220 3 8192 2.000000000 2
616 1240 3 8192 2.000000000 2
616 1244 3 8192 2.000000000 2
620 32 3 8192 2.000000000 2
620 44 3 8192 2.000000000 2
620 100 3 8192 2.000000000 2
620 132 3 8192 2.000000000 2
620 180 3 8192 2.000000000 2
620 184 3 8192 2.000000000 2
620 192 3 8192 2.000000000 2
620 196 3 8192 2.000000000 2
620 208 3 8192 2.000000000 2
620 220 3 8192 2.000000000 2
620 240 3 8192 2.000000000 2
620 244 3 8192 2.000000000 2
620 248 3 8192 2.000000000 2
620 252 3 8192 2.000000000 2
620 268 3 8192 2.000000000 2
620 280 3 8192 2.000000000 2
620 300 3 8192 2.000000000 2
620 308 3 8192 2.000000000 2
620 356 3 8192 2.000000000 2
620 404 3 8192 2.000000000 2
620 412 3 8192 2.000000000 2
620 432 3 8192 2.000000000 2
620 440 3 8192 2.000000000 2
620 468 3 8192 2.000000000 2
620 492 3 8192 2.000000000 2
620 500 3 8192 2.000000000 2
620 540 3 8192 2.000000000 2
620 560 3 8192 2.000000000 2
620 564 3 8192 2.000000000 2
620 580 3 8192 2.000000000 2
620 584 3 8192 2.000000000 2
620 640 3 8192 2.000000000 2
620 652 3 8192 2.000000000 2
620 688 3 8192 2.000000000 2
620 712 3 8192 2.000000000 2
620 720 3 8192 2.000000000 2
620 772 3 8192 2.000000000 2
620 780 3 8192 2.000000000 2
620 784 3 8192 2.000000000 2
620 796 3 8192 2.000000000 2
620 828 3 8192 2.000000000 2
620 832 3 8192 2.000000000 2
620 900 3 8192 2.000000000 2
620 928 3 8192 2.000000000 2
620 932 3 8192 2.000000000 2
620 980 3 8192 2.000000000 2
620 984 3 8192 2.000000000 2
620 1016 3 8192 2.000000000 2
620 1020 3 8192 2.000000000 2
620 1028 3 8192 2.000000000 2
620 1036 3 8192 2.000000000 2
620 1056 3 8192 2.000000000 2
620 1068 3 8192 2.000000000 2
620 1080 3 8192 2.000000000 2
620 1084 3 8192 2.000000000 2
620 1108 3 8192 2.000000000 2
620 1112 3 8192 2.000000000 2
620 1116 3 8192 2.000000000 2
620 1120 3 8192 2.000000000 2
620 1128 3 8192 2.000000000 2
620 1164 3 8192 2.000000000 2
620 1184 3 8192 2.000000000 2
620 1208 3 8192 2.000000000 2
620 1264 3 8192 2.000000000 2
624 0 3 8192 2.000000000 2
624 8 3 8192 2.000000000 2
624 28 3 8192 2.000000000 2
624 32 3 8192 2.000000000 2
624 36 3 8192 2.000000000 2
624 40 3 8192 2.000000000 2
624 52 3 8192 2.000000000 2
624 136 3 8192 2.000000000 2
624 140 3 8192 2.000000000 2
624 160 3 8192 2.000000000 2
624 164 3 8192 2.000000000 2
624 168 3 8192 2.000000000 2
624 200 3 8192 2.000000000 2
624 224 3 8192 2.000000000 2
624 264 3 8192 2.000000000 2
624 272 3 8192 2.000000000 2
624 280 3 8192 2.000000000 2
624 284 3 8192 2.000000000 2
624 288 3 8192 2.000000000 2
624 292 3 8192 2.000000000 2
624 300 3 8192 2.000000000 2
624 304 3 8192 2.000000000 2
624 316 3 8192 2.000000000 2
624 380 3 8192 2.000000000 2
624 420 3 8192 2.000000000 2
624 424 3 8192 2.000000000 2
624 484 3 8192 2.000000000 2
624 516 3 8192 2.000000000 2
624 524 3 8192 2.000000000 2
624 532 3 8192 2.000000000 2
624 540 3 8192 2.000000000 2
624 548 3 8192 2.000000000 2
624 560 3 8192 2.000000000 2
624 564 3 8192 2.000000000 2
624 584 3 8192 2.000000000 2
624 596 3 8192 2.000000000 2
624 600 3 8192 2.000000000 2
624 628 3 8192 2.000000000 2
624 712 3 8192 2.000000000 2
624 716 3 8192 2.000000000 2
624 744 3 8192 2.000000000 2
624 760 3 8192 2.000000000 2
624 772 3 8192 2.000000000 2
624 776 3 8192 2.000000000 2
624 832 3 8192 2.000000000 2
624 868 3 8192 2.000000000 2
624 876 3 8192 2.000000000 2
624 892 3 8192 2.000000000 2
624 896 3 8192 2.000000000 2
624 900 3 8192 2.000000000 2
624 932 3 8192 2.000000000 2
624 952 3 8192 2.000000000 2
624 960 3 8192 2.000000000 2
624 968 3 8192 2.000000000 2
624 976 3 8192 2.000000000 2
624 992 3 8192 2.000000000 2
624 1004 3 8192 2.000000000 2
624 1016 3 8192 2.000000000 2
624 1080 3 8192 2.000000000 2
624 1116 3 8192 2.000000000 2
624 1216 3 8192 2.000000000 2
624 1240 3 8192 2.000000000 2
624 1244 3 8192 2.000000000 2
624 1264 3 8192 2.000000000 2
628 0 3 8192 2.000000000 2
628 44 3 8192 2.000000000 2
628 64 3 8192 2.000000000 2
628 68 3 8192 2.000000000 2
628 120 3 8192 2.000000000 2
628 152 3 8192 2.000000000 2
628 160 3 8192 2.000000000 2
628 164 3 8192 2.000000000 2
628 168 3 8192 2.000000000 2
628 172 3 8192 2.000000000 2
628 192 3 8192 2.000000000 2
628 216 3 8192 2.000000000 2
628 236 3 8192 2.000000000 2
628 248 3 8192 2.000000000 2
628 252 3 8192 2.000000000 2
628 268 3 8192 2.000000000 2
628 312 3 8192 2.000000000 2
628 340 3 8192 2.000000000 2
628 356 3 8192 2.000000000 2
628 360 3 8192 2.000000000 2
628 392 3 8192 2.000000000 2
628 396 3 8192 2.000000000 2
628 412 3 8192 2.000000000 2
628 424 3 8192 2.000000000 2
628 432 3 8192 2.000000000 2
628 440 3 8192 2.000000000 2
628 468 3 8192 2.000000000 2
628 504 3 8192 2.000000000 2
628 516 3 8192 2.000000000 2
628 524 3 8192 2.000000000 2
628 532 3 8192 2.000000000 2
628 552 3 8192 2.000000000 2
628 564 3 8192 2.000000000 2
628 612 3 8192 2.000000000 2
628 616 3 8192 2.000000000 2
628 652 3 8192 2.000000000 2
628 676 3 8192 2.000000000 2
628 684 3 8192 2.000000000 2
628 716 3 8192 2.000000000 2
628 736 3 8192 2.000000000 2
628 744 3 8192 2.000000000 2
628 760 3 8192 2.000000000 2
628 772 3 8192 2.000000000 2
628 792 3 8192 2.000000000 2
628 796 3 8192 2.000000000 2
628 844 3 8192 2.000000000 2
628 876 3 8192 2.000000000 2
628 888 3 8192 2.000000000 2
628 932 3 8192 2.000000000 2
628 940 3 8192 2.000000000 2
628 952 3 8192 2.000000000 2
628 980 3 8192 2.000000000 2
628 1004 3 8192 2.000000000 2
628 1016 3 8192 2.000000000 2
628 1124 3 8192 2.000000000 2
628 1128 3 8192 2.000000000 2
628 1148 3 8192 2.000000000 2
628 1160 3 8192 2.000000000 2
628 1184 3 8192 2.000000000 2
628 1196 3 8192 2.000000000 2
628 1204 3 8192 2.000000000 2
628 1248 3 8192 2.000000000 2
628 1264 3 8192 2.000000000 2
628 1272 3 8192 2.000000000 2
632 24 3 8192 2.000000000 2
632 36 3 8192 2.000000000 2
632 92 3 8192 2.000000000 2
632 104 3 8192 2.000000000 2
632 132 3 8192 2.000000000 2
632 160 3 8192 2.000000000 2
632 168 3 8192 2.000000000 2
632 184 3 8192 2.000000000 2
632 216 3 8192 2.000000000 2
632 236 3 8192 2.000000000 2
632 240 3 8192 2.000000000 2
632 244 3 8192 2.000000000 2
632 252 3 8192 2.000000000 2
632 280 3 8192 2.000000000 2
632 288 3 8192 2.000000000 2
632 300 3 8192 2.000000000 2
632 336 3 8192 2.000000000 2
632 340 3 8192 2.000000000 2
632 356 3 8192 2.000000000 2
632 448 3 8192 2.000000000 2
632 468 3 8192 2.000000000 2
632 512 3 8192 2.000000000 2
632 516 3 8192 2.000000000 2
632 520 3 8192 2.000000000 2
632 552 3 8192 2.000000000 2
632 620 3 8192 2.000000000 2
632 624 3 8192 2.000000000 2
632 640 3 8192 2.000000000 2
632 644 3 8192 2.000000000 2
632 652 3 8192 2.000000000 2
632 656 3 8192 2.000000000 2
632 676 3 8192 2.000000000 2
632 704 3 8192 2.000000000 2
632 708 3 8192 2.000000000 2
632 712 3 8192 2.000000000 2
632 724 3 8192 2.000000000 2
632 740 3 8192 2.000000000 2
632 752 3 8192 2.000000000 2
632 756 3 8192 2.000000000 2
632 764 3 8192 2.000000000 2
632 772 3 8192 2.000000000 2
632 776 3 8192 2.000000000 2
632 780 3 8192 2.000000000 2
632 792 3 8192 2.000000000 2
632 844 3 8192 2.000000000 2
632 856 3 8192 2.000000000 2
632 876 3 8192 2.000000000 2
632 888 3 8192 2.000000000 2
632 896 3 8192 2.000000000 2
632 924 3 8192 2.000000000 2
632 940 3 8192 2.000000000 2
632 944 3 8192 2.000000000 2
632 1012 3 8192 2.000000000 2
632 1052 3 8192 2.000000000 2
632 1060 3 8192 2.000000000 2
632 1136 3 8192 2.000000000 2
632 1152 3 8192 2.000000000 2
632 1168 3 8192 2.000000000 2
632 1176 3 8192 2.000000000 2
632 1180 3 8192 2.000000000 2
632 1188 3 8192 2.000000000 2
632 1196 3 8192 2.000000000 2
632 1204 3 8192 2.000000000 2
632 1216 3 8192 2.000000000 2
636 40 3 8192 2.000000000 2
636 64 3 8192 2.000000000 2
636 120 3 8192 2.000000000 2
636 124 3 8192 2.000000000 2
636 136 3 8192 2.000000000 2
636 152 3 8192 2.000000000 2
636 180 3 8192 2.000000000 2
636 192 3 8192 2.000000000 2
636 196 3 8192 2.000000000 2
636 216 3 8192 2.000000000 2
636 232 3 8192 2.000000000 2
636 268 3 8192 2.000000000 2
636 276 3 8192 2.000000000 2
636 288 3 8192 2.000000000 2
636 308 3 8192 2.000000000 2
636 332 3 8192 2.000000000 2
636 348 3 8192 2.000000000 2
636 352 3 8192 2.000000000 2
636 388 3 8192 2.000000000 2
636 392 3 8192 2.000000000 2
636 404 3 8192 2.000000000 2
636 440 3 8192 2.000000000 2
636 448 3 8192 2.000000000 2
636 452 3 8192 2.000000000 2
636 464 3 8192 2.000000000 2
636 488 3 8192 2.000000000 2
636 500 3 8192 2.000000000 2
636 508 3 8192 2.000000000 2
636 540 3 8192 2.000000000 2
636 548 3 8192 2.000000000 2
636 560 3 8192 2.000000000 2
636 564 3 8192 2.000000000 2
636 584 3 8192 2.000000000 2
636 616 3 8192 2.000000000 2
636 620 3 8192 2.000000000 2
636 640 3 8192 2.000000000 2
636 644 3 8192 2.000000000 2
636 664 3 8192 2.000000000 2
636 668 3 8192 2.000000000 2
636 676 3 8192 2.000000000 2
636 696 3 8192 2.000000000 2
636 712 3 8192 2.000000000 2
636 744 3 8192 2.000000000 2
636 764 3 8192 2.000000000 2
636 784 3 8192 2.000000000 2
636 792 3 8192 2.000000000 2
636 832 3 8192 2.000000000 2
636 856 3 8192 2.000000000 2
636 876 3 8192 2.000000000 2
636 888 3 8192 2.000000000 2
636 896 3 8192 2.000000000 2
636 952 3 8192 2.000000000 2
636 976 3 8192 2.000000000 2
636 1000 3 8192 2.000000000 2
636 1016 3 8192 2.000000000 2
636 1020 3 8192 2.000000000 2
636 1036 3 8192 2.000000000 2
636 1048 3 8192 2.000000000 2
636 1060 3 8192 2.000000000 2
636 1136 3 8192 2.000000000 2
636 1148 3 8192 2.000000000 2
636 1168 3 8192 2.000000000 2
636 1196 3 8192 2.000000000 2
636 1264 3 8192 2.000000000 2
640 24 3 8192 2.000000000 2
640 48 3 8192 2.000000000 2
640 56 3 8192 2.000000000 2
640 64 3 8192 2.000000000 2
640 88 3 8192 2.000000000 2
640 92 3 8192 2.000000000 2
640 128 3 8192 2.000000000 2
640 136 3 8192 2.000000000 2
640 144 3 8192 2.000000000 2
640 156 3 8192 2.000000000 2
640 204 3 8192 2.000000000 2
640 236 3 8192 2.000000000 2
640 244 3 8192 2.000000000 2
640 248 3 8192 2.000000000 2
640 264 3 8192 2.000000000 2
640 268 3 8192 2.000000000 2
640 272 3 8192 2.000000000 2
640 280 3 8192 2.000000000 2
640 296 3 8192 2.000000000 2
640 300 3 8192 2.000000000 2
640 328 3 8192 2.000000000 2
640 380 3 8192 2.000000000 2
640 432 3 8192 2.000000000 2
640 448 3 8192 2.000000000 2
640 452 3 8192 2.000000000 2
640 488 3 8192 2.000000000 2
640 492 3 8192 2.000000000 2
640 508 3 8192 2.000000000 2
640 528 3 8192 2.000000000 2
640 532 3 8192 2.000000000 2
640 560 3 8192 2.000000000 2
640 608 3 8192 2.000000000 2
640 620 3 8192 2.000000000 2
640 644 3 8192 2.000000000 2
640 676 3 8192 2.000000000 2
640 692 3 8192 2.000000000 2
640 716 3 8192 2.000000000 2
640 724 3 8192 2.000000000 2
640 736 3 8192 2.000000000 2
640 740 3 8192 2.000000000 2
640 764 3 8192 2.000000000 2
640 820 3 8192 2.000000000 2
640 824 3 8192 2.000000000 2
640 840 3 8192 2.000000000 2
640 848 3 8192 2.000000000 2
640 864 3 8192 2.000000000 2
640 876 3 8192 2.000000000 2
640 888 3 8192 2.000000000 2
640 900 3 8192 2.000000000 2
640 960 3 8192 2.000000000 2
640 964 3 8192 2.000000000 2
640 968 3 8192 2.000000000 2
640 992 3 8192 2.000000000 2
640 1004 3 8192 2.000000000 2
640 1012 3 8192 2.000000000 2
640 1096 3 8192 2.000000000 2
640 1112 3 8192 2.000000000 2
640 1136 3 8192 2.000000000 2
640 1156 3 8192 2.000000000 2
640 1184 3 8192 2.000000000 2
640 1188 3 8192 2.000000000 2
640 1216 3 8192 2.000000000 2
640 1252 3 8192 2.000000000 2
640 1264 3 8192 2.000000000 2
644 28 3 8192 2.000000000 2
644 44 3 8192 2.000000000 2
644 60 3 8192 2.000000000 2
644 68 3 8192 2.000000000 2
644 76 3 8192 2.000000000 2
644 96 3 8192 2.000000000 2
644 120 3 8192 2.000000000 2
644 124 3 8192 2.000000000 2
644 132 3 8192 2.000000000 2
644 140 3 8192 2.000000000 2
644 144 3 8192 2.000000000 2
644 172 3 8192 2.000000000 2
644 184 3 8192 2.000000000 2
644 196 3 8192 2.000000000 2
644 200 3 8192 2.000000000 2
644 216 3 8192 2.000000000 2
644 220 3 8192 2.000000000 2
644 224 3 8192 2.000000000 2
644 228 3 8192 2.000000000 2
644 232 3 8192 2.000000000 2
644 236 3 8192 2.000000000 2
644 256 3 8192 2.000000000 2
644 264 3 8192 2.000000000 2
644 268 3 8192 2.000000000 2
644 280 3 8192 2.000000000 2
644 284 3 8192 2.000000000 2
644 292 3 8192 2.000000000 2
644 324 3 8192 2.000000000 2
644 332 3 8192 2.000000000 2
644 340 3 8192 2.000000000 2
644 388 3 8192 2.000000000 2
644 404 3 8192 2.000000000 2
644 448 3 8192 2.000000000 2
644 492 3 8192 2.000000000 2
644 520 3 8192 2.000000000 2
644 532 3 8192 2.000000000 2
644 552 3 8192 2.000000000 2
644 556 3 8192 2.000000000 2
644 564 3 8192 2.000000000 2
644 584 3 8192 2.000000000 2
644 608 3 8192 2.000000000 2
644 612 3 8192 2.000000000 2
644 640 3 8192 2.000000000 2
644 664 3 8192 2.000000000 2
644 684 3 8192 2.000000000 2
644 692 3 8192 2.000000000 2
644 712 3 8192 2.000000000 2
644 720 3 8192 2.000000000 2
644 756 3 8192 2.000000000 2
644 776 3 8192 2.000000000 2
644 784 3 8192 2.000000000 2
644 796 3 8192 2.000000000 2
644 828 3 8192 2.000000000 2
644 840 3 8192 2.000000000 2
644 924 3 8192 2.000000000 2
644 964 3 8192 2.000000000 2
644 1000 3 8192 2.000000000 2
644 1048 3 8192 2.000000000 2
644 1148 3 8192 2.000000000 2
644 1188 3 8192 2.000000000 2
644 1192 3 8192 2.000000000 2
644 1212 3 8192 2.000000000 2
644 1220 3 8192 2.000000000 2
644 1264 3 8192 2.000000000 2
652 28 3 8192 2.000000000 2
652 32 3 8192 2.000000000 2
652 44 3 8192 2.000000000 2
652 52 3 8192 2.000000000 2
652 76 3 8192 2.000000000 2
652 92 3 8192 2.000000000 2
652 96 3 8192 2.000000000 2
652 108 3 8192 2.000000000 2
652 128 3 8192 2.000000000 2
652 136 3 8192 2.000000000 2
652 144 3 8192 2.000000000 2
652 164 3 8192 2.000000000 2
652 180 3 8192 2.000000000 2
652 184 3 8192 2.000000000 2
652 224 3 8192 2.000000000 2
652 236 3 8192 2.000000000 2
652 248 3 8192 2.000000000 2
652 312 3 8192 2.000000000 2
652 324 3 8192 2.000000000 2
652 328 3 8192 2.000000000 2
652 332 3 8192 2.000000000 2
652 336 3 8192 2.000000000 2
652 400 3 8192 2.000000000 2
652 408 3 8192 2.000000000 2
652 420 3 8192 2.000000000 2
652 464 3 8192 2.000000000 2
652 500 3 8192 2.000000000 2
652 516 3 8192 2.000000000 2
652 592 3 8192 2.000000000 2
652 612 3 8192 2.000000000 2
652 616 3 8192 2.000000000 2
652 624 3 8192 2.000000000 2
652 628 3 8192 2.000000000 2
652 632 3 8192 2.000000000 2
652 644 3 8192 2.000000000 2
652 688 3 8192 2.000000000 2
652 716 3 8192 2.000000000 2
652 744 3 8192 2.000000000 2
652 756 3 8192 2.000000000 2
652 848 3 8192 2.000000000 2
652 856 3 8192 2.000000000 2
652 868 3 8192 2.000000000 2
652 888 3 8192 2.000000000 2
652 900 3 8192 2.000000000 2
652 932 3 8192 2.000000000 2
652 940 3 8192 2.000000000 2
652 984 3 8192 2.000000000 2
652 992 3 8192 2.000000000 2
652 1000 3 8192 2.000000000 2
652 1004 3 8192 2.000000000 2
652 1012 3 8192 2.000000000 2
652 1024 3 8192 2.000000000 2
652 1036 3 8192 2.000000000 2
652 1048 3 8192 2.000000000 2
652 1052 3 8192 2.000000000 2
652 1056 3 8192 2.000000000 2
652 1120 3 8192 2.000000000 2
652 1152 3 8192 2.000000000 2
652 1180 3 8192 2.000000000 2
652 1196 3 8192 2.000000000 2
652 1204 3 8192 2.000000000 2
652 1220 3 8192 2.000000000 2
652 1228 3 8192 2.000000000 2
652 1252 3 8192 2.000000000 2
656 8 3 8192 2.000000000 2
656 24 3 8192 2.000000000 2
656 48 3 8192 2.000000000 2
656 52 3 8192 2.000000000 2
656 96 3 8192 2.000000000 2
656 140 3 8192 2.000000000 2
656 152 3 8192 2.000000000 2
656 168 3 8192 2.000000000 2
656 180 3 8192 2.000000000 2
656 188 3 8192 2.000000000 2
656 196 3 8192 2.000000000 2
656 220 3 8192 2.000000000 2
656 236 3 8192 2.000000000 2
656 252 3 8192 2.000000000 2
656 264 3 8192 2.000000000 2
656 268 3 8192 2.000000000 2
656 308 3 8192 2.000000000 2
656 316 3 8192 2.000000000 2
656 332 3 8192 2.000000000 2
656 348 3 8192 2.000000000 2
656 356 3 8192 2.000000000 2
656 392 3 8192 2.000000000 2
656 396 3 8192 2.000000000 2
656 408 3 8192 2.000000000 2
656 412 3 8192 2.000000000 2
656 436 3 8192 2.000000000 2
656 452 3 8192 2.000000000 2
656 492 3 8192 2.000000000 2
656 504 3 8192 2.000000000 2
656 524 3 8192 2.000000000 2
656 528 3 8192 2.000000000 2
656 548 3 8192 2.000000000 2
656 556 3 8192 2.000000000 2
656 568 3 8192 2.000000000 2
656 600 3 8192 2.000000000 2
656 620 3 8192 2.000000000 2
656 628 3 8192 2.000000000 2
656 632 3 8192 2.000000000 2
656 664 3 8192 2.000000000 2
656 668 3 8192 2.000000000 2
656 680 3 8192 2.000000000 2
656 692 3 8192 2.000000000 2
656 708 3 8192 2.000000000 2
656 712 3 8192 2.000000000 2
656 756 3 8192 2.000000000 2
656 792 3 8192 2.000000000 2
656 812 3 8192 2.000000000 2
656 916 3 8192 2.000000000 2
656 940 3 8192 2.000000000 2
656 952 3 8192 2.000000000 2
656 980 3 8192 2.000000000 2
656 1020 3 8192 2.000000000 2
656 1028 3 8192 2.000000000 2
656 1068 3 8192 2.000000000 2
656 1080 3 8192 2.000000000 2
656 1096 3 8192 2.000000000 2
656 1108 3 8192 2.000000000 2
656 1156 3 8192 2.000000000 2
656 1164 3 8192 2.000000000 2
656 1168 3 8192 2.000000000 2
656 1188 3 8192 2.000000000 2
656 1232 3 8192 2.000000000 2
656 1244 3 8192 2.000000000 2
656 1272 3 8192 2.000000000 2
660 68 3 8192 2.000000000 2
660 120 3 8192 2.000000000 2
660 168 3 8192 2.000000000 2
660 220 3 8192 2.000000000 2
660 240 3 8192 2.000000000 2
660 244 3 8192 2.000000000 2
660 256 3 8192 2.000000000 2
660 276 3 8192 2.000000000 2
660 284 3 8192 2.000000000 2
660 292 3 8192 2.000000000 2
660 304 3 8192 2.000000000 2
660 316 3 8192 2.000000000 2
660 336 3 8192 2.000000000 2
660 340 3 8192 2.000000000 2
660 368 3 8192 2.000000000 2
660 372 3 8192 2.000000000 2
660 376 3 8192 2.000000000 2
660 392 3 8192 2.000000000 2
660 400 3 8192 2.000000000 2
660 420 3 8192 2.000000000 2
660 432 3 8192 2.000000000 2
660 492 3 8192 2.000000000 2
660 592 3 8192 2.000000000 2
660 628 3 8192 2.000000000 2
660 632 3 8192 2.000000000 2
660 644 3 8192 2.000000000 2
660 652 3 8192 2.000000000 2
660 664 3 8192 2.000000000 2
660 696 3 8192 2.000000000 2
660 700 3 8192 2.000000000 2
660 708 3 8192 2.000000000 2
660 712 3 8192 2.000000000 2
660 756 3 8192 2.000000000 2
660 760 3 8192 2.000000000 2
660 764 3 8192 2.000000000 2
660 776 3 8192 2.000000000 2
660 780 3 8192 2.000000000 2
660 824 3 8192 2.000000000 2
660 828 3 8192 2.000000000 2
660 832 3 8192 2.000000000 2
660 844 3 8192 2.000000000 2
660 852 3 8192 2.000000000 2
660 856 3 8192 2.000000000 2
660 864 3 8192 2.000000000 2
660 900 3 8192 2.000000000 2
660 916 3 8192 2.000000000 2
660 940 3 8192 2.000000000 2
660 968 3 8192 2.000000000 2
660 972 3 8192 2.000000000 2
660 976 3 8192 2.000000000 2
660 1004 3 8192 2.000000000 2
660 1020 3 8192 2.000000000 2
660 1104 3 8192 2.000000000 2
660 1124 3 8192 2.000000000 2
660 1128 3 8192 2.000000000 2
660 1136 3 8192 2.000000000 2
660 1148 3 8192 2.000000000 2
660 1156 3 8192 2.000000000 2
660 1160 3 8192 2.000000000 2
660 1164 3 8192 2.000000000 2
660 1188 3 8192 2.000000000 2
660 1204 3 8192 2.000000000 2
660 1244 3 8192 2.000000000 2
660 1272 3 8192 2.000000000 2
664 8 3 8192 2.000000000 2
664 16 3 8192 2.000000000 2
664 20 3 8192 2.000000000 2
664 36 3 8192 2.000000000 2
664 88 3 8192 2.000000000 2
664 124 3 8192 2.000000000 2
664 136 3 8192 2.000000000 2
664 184 3 8192 2.000000000 2
664 228 3 8192 2.000000000 2
664 236 3 8192 2.000000000 2
664 240 3 8192 2.000000000 2
664 292 3 8192 2.000000000 2
664 316 3 8192 2.000000000 2
664 328 3 8192 2.000000000 2
664 336 3 8192 2.000000000 2
664 340 3 8192 2.000000000 2
664 352 3 8192 2.000000000 2
664 360 3 8192 2.000000000 2
664 380 3 8192 2.000000000 2
664 388 3 8192 2.000000000 2
664 396 3 8192 2.000000000 2
664 412 3 8192 2.000000000 2
664 448 3 8192 2.000000000 2
664 480 3 8192 2.000000000 2
664 492 3 8192 2.000000000 2
664 516 3 8192 2.000000000 2
664 532 3 8192 2.000000000 2
664 580 3 8192 2.000000000 2
664 596 3 8192 2.000000000 2
664 600 3 8192 2.000000000 2
664 608 3 8192 2.000000000 2
664 616 3 8192 2.000000000 2
664 632 3 8192 2.000000000 2
664 652 3 8192 2.000000000 2
664 656 3 8192 2.000000000 2
664 668 3 8192 2.000000000 2
664 676 3 8192 2.000000000 2
664 684 3 8192 2.000000000 2
664 692 3 8192 2.000000000 2
664 716 3 8192 2.000000000 2
664 720 3 8192 2.000000000 2
664 732 3 8192 2.000000000 2
664 756 3 8192 2.000000000 2
664 772 3 8192 2.000000000 2
664 840 3 8192 2.000000000 2
664 844 3 8192 2.000000000 2
664 900 3 8192 2.000000000 2
664 912 3 8192 2.000000000 2
664 932 3 8192 2.000000000 2
664 976 3 8192 2.000000000 2
664 1000 3 8192 2.000000000 2
664 1012 3 8192 2.000000000 2
664 1024 3 8192 2.000000000 2
664 1056 3 8192 2.000000000 2
664 1072 3 8192 2.000000000 2
664 1104 3 8192 2.000000000 2
664 1112 3 8192 2.000000000 2
664 1148 3 8192 2.000000000 2
664 1156 3 8192 2.000000000 2
664 1180 3 8192 2.000000000 2
664 1212 3 8192 2.000000000 2
664 1220 3 8192 2.000000000 2
664 1240 3 8192 2.000000000 2
664 1248 3 8192 2.000000000 2
668 16 3 8192 2.000000000 2
668 36 3 8192 2.000000000 2
668 108 3 8192 2.000000000 2
668 124 3 8192 2.000000000 2
668 128 3 8192 2.000000000 2
668 132 3 8192 2.000000000 2
668 204 3 8192 2.000000000 2
668 216 3 8192 2.000000000 2
668 224 3 8192 2.000000000 2
668 228 3 8192 2.000000000 2
668 232 3 8192 2.000000000 2
668 240 3 8192 2.000000000 2
668 256 3 8192 2.000000000 2
668 268 3 8192 2.000000000 2
668 276 3 8192 2.000000000 2
668 312 3 8192 2.000000000 2
668 332 3 8192 2.000000000 2
668 336 3 8192 2.000000000 2
668 392 3 8192 2.000000000 2
668 432 3 8192 2.000000000 2
668 440 3 8192 2.000000000 2
668 452 3 8192 2.000000000 2
668 484 3 8192 2.000000000 2
668 492 3 8192 2.000000000 2
668 500 3 8192 2.000000000 2
668 532 3 8192 2.000000000 2
668 560 3 8192 2.000000000 2
668 580 3 8192 2.000000000 2
668 592 3 8192 2.000000000 2
668 608 3 8192 2.000000000 2
668 624 3 8192 2.000000000 2
668 632 3 8192 2.000000000 2
668 636 3 8192 2.000000000 2
668 640 3 8192 2.000000000 2
668 664 3 8192 2.000000000 2
668 684 3 8192 2.000000000 2
668 700 3 8192 2.000000000 2
668 740 3 8192 2.000000000 2
668 752 3 8192 2.000000000 2
668 792 3 8192 2.000000000 2
668 824 3 8192 2.000000000 2
668 828 3 8192 2.000000000 2
668 856 3 8192 2.000000000 2
668 864 3 8192 2.000000000 2
668 900 3 8192 2.000000000 2
668 924 3 8192 2.000000000 2
668 928 3 8192 2.000000000 2
668 932 3 8192 2.000000000 2
668 952 3 8192 2.000000000 2
668 956 3 8192 2.000000000 2
668 960 3 8192 2.000000000 2
668 968 3 8192 2.000000000 2
668 972 3 8192 2.000000000 2
668 1080 3 8192 2.000000000 2
668 1104 3 8192 2.000000000 2
668 1112 3 8192 2.000000000 2
668 1148 3 8192 2.000000000 2
668 1188 3 8192 2.000000000 2
668 1196 3 8192 2.000000000 2
668 1208 3 8192 2.000000000 2
668 1212 3 8192 2.000000000 2
668 1220 3 8192 2.000000000 2
668 1240 3 8192 2.000000000 2
668 1264 3 8192 2.000000000 2
676 20 3 8192 2.000000000 2
676 28 3 8192 2.000000000 2
676 32 3 8192 2.000000000 2
676 36 3 8192 2.000000000 2
676 92 3 8192 2.000000000 2
676 104 3 8192 2.000000000 2
676 108 3 8192 2.000000000 2
676 136 3 8192 2.000000000 2
676 140 3 8192 2.000000000 2
676 156 3 8192 2.000000000 2
676 180 3 8192 2.000000000 2
676 184 3 8192 2.000000000 2
676 196 3 8192 2.000000000 2
676 200 3 8192 2.000000000 2
676 204 3 8192 2.000000000 2
676 216 3 8192 2.000000000 2
676 228 3 8192 2.000000000 2
676 232 3 8192 2.000000000 2
676 248 3 8192 2.000000000 2
676 284 3 8192 2.000000000 2
676 292 3 8192 2.000000000 2
676 296 3 8192 2.000000000 2
676 312 3 8192 2.000000000 2
676 316 3 8192 2.000000000 2
676 324 3 8192 2.000000000 2
676 340 3 8192 2.000000000 2
676 368 3 8192 2.000000000 2
676 396 3 8192 2.000000000 2
676 408 3 8192 2.000000000 2
676 432 3 8192 2.000000000 2
676 452 3 8192 2.000000000 2
676 484 3 8192 2.000000000 2
676 500 3 8192 2.000000000 2
676 504 3 8192 2.000000000 2
676 512 3 8192 2.000000000 2
676 520 3 8192 2.000000000 2
676 532 3 8192 2.000000000 2
676 552 3 8192 2.000000000 2
676 564 3 8192 2.000000000 2
676 580 3 8192 2.000000000 2
676 596 3 8192 2.000000000 2
676 600 3 8192 2.000000000 2
676 616 3 8192 2.000000000 2
676 692 3 8192 2.000000000 2
676 704 3 8192 2.000000000 2
676 788 3 8192 2.000000000 2
676 792 3 8192 2.000000000 2
676 812 3 8192 2.000000000 2
676 828 3 8192 2.000000000 2
676 876 3 8192 2.000000000 2
676 888 3 8192 2.000000000 2
676 916 3 8192 2.000000000 2
676 924 3 8192 2.000000000 2
676 1012 3 8192 2.000000000 2
676 1020 3 8192 2.000000000 2
676 1036 3 8192 2.000000000 2
676 1052 3 8192 2.000000000 2
676 1060 3 8192 2.000000000 2
676 1076 3 8192 2.000000000 2
676 1096 3 8192 2.000000000 2
676 1128 3 8192 2.000000000 2
676 1244 3 8192 2.000000000 2
676 1248 3 8192 2.000000000 2
676 1252 3 8192 2.000000000 2
680 24 3 8192 2.000000000 2
680 40 3 8192 2.000000000 2
680 56 3 8192 2.000000000 2
680 60 3 8192 2.000000000 2
680 64 3 8192 2.000000000 2
680 120 3 8192 2.000000000 2
680 124 3 8192 2.000000000 2
680 132 3 8192 2.000000000 2
680 160 3 8192 2.000000000 2
680 200 3 8192 2.000000000 2
680 220 3 8192 2.000000000 2
680 232 3 8192 2.000000000 2
680 248 3 8192 2.000000000 2
680 252 3 8192 2.000000000 2
680 268 3 8192 2.000000000 2
680 280 3 8192 2.000000000 2
680 292 3 8192 2.000000000 2
680 328 3 8192 2.000000000 2
680 352 3 8192 2.000000000 2
680 396 3 8192 2.000000000 2
680 400 3 8192 2.000000000 2
680 424 3 8192 2.000000000 2
680 440 3 8192 2.000000000 2
680 448 3 8192 2.000000000 2
680 456 3 8192 2.000000000 2
680 468 3 8192 2.000000000 2
680 500 3 8192 2.000000000 2
680 504 3 8192 2.000000000 2
680 528 3 8192 2.000000000 2
680 532 3 8192 2.000000000 2
680 556 3 8192 2.000000000 2
680 564 3 8192 2.000000000 2
680 656 3 8192 2.000000000 2
680 684 3 8192 2.000000000 2
680 696 3 8192 2.000000000 2
680 716 3 8192 2.000000000 2
680 756 3 8192 2.000000000 2
680 760 3 8192 2.000000000 2
680 792 3 8192 2.000000000 2
680 840 3 8192 2.000000000 2
680 844 3 8192 2.000000000 2
680 864 3 8192 2.000000000 2
680 888 3 8192 2.000000000 2
680 912 3 8192 2.000000000 2
680 916 3 8192 2.000000000 2
680 992 3 8192 2.000000000 2
680 1020 3 8192 2.000000000 2
680 1028 3 8192 2.000000000 2
680 1036 3 8192 2.000000000 2
680 1048 3 8192 2.000000000 2
680 1052 3 8192 2.000000000 2
680 1076 3 8192 2.000000000 2
680 1084 3 8192 2.000000000 2
680 1116 3 8192 2.000000000 2
680 1160 3 8192 2.000000000 2
680 1164 3 8192 2.000000000 2
680 1176 3 8192 2.000000000 2
680 1184 3 8192 2.000000000 2
680 1196 3 8192 2.000000000 2
680 1204 3 8192 2.000000000 2
680 1208 3 8192 2.000000000 2
680 1252 3 8192 2.000000000 2
680 1264 3 8192 2.000000000 2
680 1272 3 8192 2.000000000 2
684 8 3 8192 2.000000000 2
684 32 3 8192 2.000000000 2
684 40 3 8192 2.000000000 2
684 56 3 8192 2.000000000 2
684 76 3 8192 2.000000000 2
684 100 3 8192 2.000000000 2
684 108 3 8192 2.000000000 2
684 140 3 8192 2.000000000 2
684 144 3 8192 2.000000000 2
684 172 3 8192 2.000000000 2
684 208 3 8192 2.000000000 2
684 232 3 8192 2.000000000 2
684 236 3 8192 2.000000000 2
684 244 3 8192 2.000000000 2
684 256 3 8192 2.000000000 2
684 280 3 8192 2.000000000 2
684 288 3 8192 2.000000000 2
684 296 3 8192 2.000000000 2
684 300 3 8192 2.000000000 2
684 304 3 8192 2.000000000 2
684 328 3 8192 2.000000000 2
684 372 3 8192 2.000000000 2
684 400 3 8192 2.000000000 2
684 408 3 8192 2.000000000 2
684 420 3 8192 2.000000000 2
684 512 3 8192 2.000000000 2
684 568 3 8192 2.000000000 2
684 596 3 8192 2.000000000 2
684 608 3 8192 2.000000000 2
684 612 3 8192 2.000000000 2
684 620 3 8192 2.000000000 2
684 640 3 8192 2.000000000 2
684 644 3 8192 2.000000000 2
684 652 3 8192 2.000000000 2
684 656 3 8192 2.000000000 2
684 680 3 8192 2.000000000 2
684 708 3 8192 2.000000000 2
684 720 3 8192 2.000000000 2
684 724 3 8192 2.000000000 2
684 732 3 8192 2.000000000 2
684 740 3 8192 2.000000000 2
684 744 3 8192 2.000000000 2
684 760 3 8192 2.000000000 2
684 784 3 8192 2.000000000 2
684 792 3 8192 2.000000000 2
684 844 3 8192 2.000000000 2
684 852 3 8192 2.000000000 2
684 892 3 8192 2.000000000 2
684 944 3 8192 2.000000000 2
684 960 3 8192 2.000000000 2
684 972 3 8192 2.000000000 2
684 976 3 8192 2.000000000 2
684 980 3 8192 2.000000000 2
684 992 3 8192 2.000000000 2
684 1036 3 8192 2.000000000 2
684 1060 3 8192 2.000000000 2
684 1076 3 8192 2.000000000 2
684 1080 3 8192 2.000000000 2
684 1096 3 8192 2.000000000 2
684 1120 3 8192 2.000000000 2
684 1128 3 8192 2.000000000 2
684 1136 3 8192 2.000000000 2
684 1180 3 8192 2.000000000 2
684 1216 3 8192 2.000000000 2
688 20 3 8192 2.000000000 2
688 28 3 8192 2.000000000 2
688 96 3 8192 2.000000000 2
688 108 3 8192 2.000000000 2
688 172 3 8192 2.000000000 2
688 184 3 8192 2.000000000 2
688 244 3 8192 2.000000000 2
688 248 3 8192 2.000000000 2
688 252 3 8192 2.000000000 2
688 256 3 8192 2.000000000 2
688 280 3 8192 2.000000000 2
688 316 3 8192 2.000000000 2
688 324 3 8192 2.000000000 2
688 352 3 8192 2.000000000 2
688 372 3 8192 2.000000000 2
688 404 3 8192 2.000000000 2
688 432 3 8192 2.000000000 2
688 448 3 8192 2.000000000 2
688 452 3 8192 2.000000000 2
688 480 3 8192 2.000000000 2
688 488 3 8192 2.000000000 2
688 492 3 8192 2.000000000 2
688 504 3 8192 2.000000000 2
688 532 3 8192 2.000000000 2
688 584 3 8192 2.000000000 2
688 592 3 8192 2.000000000 2
688 596 3 8192 2.000000000 2
688 628 3 8192 2.000000000 2
688 632 3 8192 2.000000000 2
688 644 3 8192 2.000000000 2
688 656 3 8192 2.000000000 2
688 716 3 8192 2.000000000 2
688 724 3 8192 2.000000000 2
688 732 3 8192 2.000000000 2
688 740 3 8192 2.000000000 2
688 760 3 8192 2.000000000 2
688 772 3 8192 2.000000000 2
688 784 3 8192 2.000000000 2
688 788 3 8192 2.000000000 2
688 796 3 8192 2.000000000 2
688 844 3 8192 2.000000000 2
688 852 3 8192 2.000000000 2
688 860 3 8192 2.000000000 2
688 896 3 8192 2.000000000 2
688 940 3 8192 2.000000000 2
688 944 3 8192 2.000000000 2
688 952 3 8192 2.000000000 2
688 964 3 8192 2.000000000 2
688 980 3 8192 2.000000000 2
688 1020 3 8192 2.000000000 2
688 1024 3 8192 2.000000000 2
688 1052 3 8192 2.000000000 2
688 1056 3 8192 2.000000000 2
688 1104 3 8192 2.000000000 2
688 1112 3 8192 2.000000000 2
688 1120 3 8192 2.000000000 2
688 1136 3 8192 2.000000000 2
688 1148 3 8192 2.000000000 2
688 1152 3 8192 2.000000000 2
688 1176 3 8192 2.000000000 2
688 1180 3 8192 2.000000000 2
688 1204 3 8192 2.000000000 2
688 1228 3 8192 2.000000000 2
688 1272 3 8192 2.000000000 2
692 16 3 8192 2.000000000 2
692 56 3 8192 2.000000000 2
692 60 3 8192 2.000000000 2
692 92 3 8192 2.000000000 2
692 96 3 8192 2.000000000 2
692 132 3 8192 2.000000000 2
692 180 3 8192 2.000000000 2
692 220 3 8192 2.000000000 2
692 224 3 8192 2.000000000 2
692 228 3 8192 2.000000000 2
692 244 3 8192 2.000000000 2
692 272 3 8192 2.000000000 2
692 284 3 8192 2.000000000 2
692 300 3 8192 2.000000000 2
692 304 3 8192 2.000000000 2
692 308 3 8192 2.000000000 2
692 356 3 8192 2.000000000 2
692 400 3 8192 2.000000000 2
692 404 3 8192 2.000000000 2
692 412 3 8192 2.000000000 2
692 424 3 8192 2.000000000 2
692 432 3 8192 2.000000000 2
692 452 3 8192 2.000000000 2
692 456 3 8192 2.000000000 2
692 464 3 8192 2.000000000 2
692 524 3 8192 2.000000000 2
692 528 3 8192 2.000000000 2
692 540 3 8192 2.000000000 2
692 564 3 8192 2.000000000 2
692 580 3 8192 2.000000000 2
692 600 3 8192 2.000000000 2
692 620 3 8192 2.000000000 2
692 656 3 8192 2.000000000 2
692 668 3 8192 2.000000000 2
692 688 3 8192 2.000000000 2
692 700 3 8192 2.000000000 2
692 704 3 8192 2.000000000 2
692 708 3 8192 2.000000000 2
692 716 3 8192 2.000000000 2
692 736 3 8192 2.000000000 2
692 756 3 8192 2.000000000 2
692 760 3 8192 2.000000000 2
692 792 3 8192 2.000000000 2
692 828 3 8192 2.000000000 2
692 840 3 8192 2.000000000 2
692 856 3 8192 2.000000000 2
692 868 3 8192 2.000000000 2
692 924 3 8192 2.000000000 2
692 928 3 8192 2.000000000 2
692 960 3 8192 2.000000000 2
692 992 3 8192 2.000000000 2
692 1004 3 8192 2.000000000 2
692 1112 3 8192 2.000000000 2
692 1120 3 8192 2.000000000 2
692 1128 3 8192 2.000000000 2
692 1156 3 8192 2.000000000 2
692 1168 3 8192 2.000000000 2
692 1176 3 8192 2.000000000 2
692 1192 3 8192 2.000000000 2
692 1200 3 8192 2.000000000 2
692 1204 3 8192 2.000000000 2
692 1228 3 8192 2.000000000 2
692 1248 3 8192 2.000000000 2
692 1252 3 8192 2.000000000 2
696 0 3 8192 2.000000000 2
696 16 3 8192 2.000000000 2
696 20 3 8192 2.000000000 2
696 32 3 8192 2.000000000 2
696 48 3 8192 2.000000000 2
696 68 3 8192 2.000000000 2
696 104 3 8192 2.000000000 2
696 108 3 8192 2.000000000 2
696 136 3 8192 2.000000000 2
696 168 3 8192 2.000000000 2
696 196 3 8192 2.000000000 2
696 220 3 8192 2.000000000 2
696 232 3 8192 2.000000000 2
696 276 3 8192 2.000000000 2
696 288 3 8192 2.000000000 2
696 300 3 8192 2.000000000 2
696 304 3 8192 2.000000000 2
696 308 3 8192 2.000000000 2
696 348 3 8192 2.000000000 2
696 368 3 8192 2.000000000 2
696 376 3 8192 2.000000000 2
696 380 3 8192 2.000000000 2
696 404 3 8192 2.000000000 2
696 436 3 8192 2.000000000 2
696 452 3 8192 2.000000000 2
696 456 3 8192 2.000000000 2
696 468 3 8192 2.000000000 2
696 480 3 8192 2.000000000 2
696 484 3 8192 2.000000000 2
696 504 3 8192 2.000000000 2
696 520 3 8192 2.000000000 2
696 556 3 8192 2.000000000 2
696 564 3 8192 2.000000000 2
696 568 3 8192 2.000000000 2
696 596 3 8192 2.000000000 2
696 636 3 8192 2.000000000 2
696 680 3 8192 2.000000000 2
696 700 3 8192 2.000000000 2
696 716 3 8192 2.000000000 2
696 764 3 8192 2.000000000 2
696 772 3 8192 2.000000000 2
696 788 3 8192 2.000000000 2
696 796 3 8192 2.000000000 2
696 812 3 8192 2.000000000 2
696 840 3 8192 2.000000000 2
696 848 3 8192 2.000000000 2
696 856 3 8192 2.000000000 2
696 860 3 8192 2.000000000 2
696 892 3 8192 2.000000000 2
696 900 3 8192 2.000000000 2
696 928 3 8192 2.000000000 2
696 968 3 8192 2.000000000 2
696 996 3 8192 2.000000000 2
696 1000 3 8192 2.000000000 2
696 1016 3 8192 2.000000000 2
696 1072 3 8192 2.000000000 2
696 1084 3 8192 2.000000000 2
696 1108 3 8192 2.000000000 2
696 1152 3 8192 2.000000000 2
696 1156 3 8192 2.000000000 2
696 1160 3 8192 2.000000000 2
696 1188 3 8192 2.000000000 2
696 1208 3 8192 2.000000000 2
696 1248 3 8192 2.000000000 2
700 20 3 8192 2.000000000 2
700 28 3 8192 2.000000000 2
700 32 3 8192 2.000000000 2
700 52 3 8192 2.000000000 2
700 88 3 8192 2.000000000 2
700 144 3 8192 2.000000000 2
700 168 3 8192 2.000000000 2
700 180 3 8192 2.000000000 2
700 188 3 8192 2.000000000 2
700 196 3 8192 2.000000000 2
700 200 3 8192 2.000000000 2
700 204 3 8192 2.000000000 2
700 220 3 8192 2.000000000 2
700 224 3 8192 2.000000000 2
700 228 3 8192 2.000000000 2
700 240 3 8192 2.000000000 2
700 244 3 8192 2.000000000 2
700 300 3 8192 2.000000000 2
700 352 3 8192 2.000000000 2
700 356 3 8192 2.000000000 2
700 368 3 8192 2.000000000 2
700 404 3 8192 2.000000000 2
700 424 3 8192 2.000000000 2
700 432 3 8192 2.000000000 2
700 440 3 8192 2.000000000 2
700 448 3 8192 2.000000000 2
700 452 3 8192 2.000000000 2
700 468 3 8192 2.000000000 2
700 484 3 8192 2.000000000 2
700 520 3 8192 2.000000000 2
700 552 3 8192 2.000000000 2
700 560 3 8192 2.000000000 2
700 596 3 8192 2.000000000 2
700 612 3 8192 2.000000000 2
700 620 3 8192 2.000000000 2
700 640 3 8192 2.000000000 2
700 644 3 8192 2.000000000 2
700 664 3 8192 2.000000000 2
700 692 3 8192 2.000000000 2
700 744 3 8192 2.000000000 2
700 772 3 8192 2.000000000 2
700 776 3 8192 2.000000000 2
700 796 3 8192 2.000000000 2
700 852 3 8192 2.000000000 2
700 856 3 8192 2.000000000 2
700 892 3 8192 2.000000000 2
700 952 3 8192 2.000000000 2
700 960 3 8192 2.000000000 2
700 968 3 8192 2.000000000 2
700 972 3 8192 2.000000000 2
700 976 3 8192 2.000000000 2
700 980 3 8192 2.000000000 2
700 1020 3 8192 2.000000000 2
700 1028 3 8192 2.000000000 2
700 1068 3 8192 2.000000000 2
700 1080 3 8192 2.000000000 2
700 1112 3 8192 2.000000000 2
700 1116 3 8192 2.000000000 2
700 1128 3 8192 2.000000000 2
700 1180 3 8192 2.000000000 2
700 1200 3 8192 2.000000000 2
700 1208 3 8192 2.000000000 2
700 1240 3 8192 2.000000000 2
700 1244 3 8192 2.000000000 2
704 28 3 8192 2.000000000 2
704 52 3 8192 2.000000000 2
704 64 3 8192 2.000000000 2
704 68 3 8192 2.000000000 2
704 100 3 8192 2.000000000 2
704 104 3 8192 2.000000000 2
704 132 3 8192 2.000000000 2
704 172 3 8192 2.000000000 2
704 184 3 8192 2.000000000 2
704 196 3 8192 2.000000000 2
704 208 3 8192 2.000000000 2
704 216 3 8192 2.000000000 2
704 224 3 8192 2.000000000 2
704 240 3 8192 2.000000000 2
704 288 3 8192 2.000000000 2
704 296 3 8192 2.000000000 2
704 304 3 8192 2.000000000 2
704 312 3 8192 2.000000000 2
704 332 3 8192 2.000000000 2
704 348 3 8192 2.000000000 2
704 352 3 8192 2.000000000 2
704 388 3 8192 2.000000000 2
704 436 3 8192 2.000000000 2
704 440 3 8192 2.000000000 2
704 448 3 8192 2.000000000 2
704 488 3 8192 2.000000000 2
704 492 3 8192 2.000000000 2
704 524 3 8192 2.000000000 2
704 540 3 8192 2.000000000 2
704 580 3 8192 2.000000000 2
704 608 3 8192 2.000000000 2
704 612 3 8192 2.000000000 2
704 632 3 8192 2.000000000 2
704 636 3 8192 2.000000000 2
704 640 3 8192 2.000000000 2
704 652 3 8192 2.000000000 2
704 744 3 8192 2.000000000 2
704 780 3 8192 2.000000000 2
704 784 3 8192 2.000000000 2
704 788 3 8192 2.000000000 2
704 792 3 8192 2.000000000 2
704 820 3 8192 2.000000000 2
704 848 3 8192 2.000000000 2
704 876 3 8192 2.000000000 2
704 896 3 8192 2.000000000 2
704 940 3 8192 2.000000000 2
704 944 3 8192 2.000000000 2
704 960 3 8192 2.000000000 2
704 992 3 8192 2.000000000 2
704 1020 3 8192 2.000000000 2
704 1024 3 8192 2.000000000 2
704 1028 3 8192 2.000000000 2
704 1048 3 8192 2.000000000 2
704 1060 3 8192 2.000000000 2
704 1108 3 8192 2.000000000 2
704 1112 3 8192 2.000000000 2
704 1116 3 8192 2.000000000 2
704 1148 3 8192 2.000000000 2
704 1152 3 8192 2.000000000 2
704 1156 3 8192 2.000000000 2
704 1160 3 8192 2.000000000 2
704 1216 3 8192 2.000000000 2
704 1248 3 8192 2.000000000 2
704 1272 3 8192 2.000000000 2
708 24 3 8192 2.000000000 2
708 48 3 8192 2.000000000 2
708 56 3 8192 2.000000000 2
708 68 3 8192 2.000000000 2
708 104 3 8192 2.000000000 2
708 120 3 8192 2.000000000 2
708 164 3 8192 2.000000000 2
708 168 3 8192 2.000000000 2
708 204 3 8192 2.000000000 2
708 224 3 8192 2.000000000 2
708 244 3 8192 2.000000000 2
708 248 3 8192 2.000000000 2
708 252 3 8192 2.000000000 2
708 256 3 8192 2.000000000 2
708 264 3 8192 2.000000000 2
708 296 3 8192 2.000000000 2
708 328 3 8192 2.000000000 2
708 332 3 8192 2.000000000 2
708 352 3 8192 2.000000000 2
708 360 3 8192 2.000000000 2
708 408 3 8192 2.000000000 2
708 432 3 8192 2.000000000 2
708 440 3 8192 2.000000000 2
708 456 3 8192 2.000000000 2
708 484 3 8192 2.000000000 2
708 512 3 8192 2.000000000 2
708 520 3 8192 2.000000000 2
708 560 3 8192 2.000000000 2
708 568 3 8192 2.000000000 2
708 596 3 8192 2.000000000 2
708 608 3 8192 2.000000000 2
708 628 3 8192 2.000000000 2
708 636 3 8192 2.000000000 2
708 644 3 8192 2.000000000 2
708 652 3 8192 2.000000000 2
708 676 3 8192 2.000000000 2
708 736 3 8192 2.000000000 2
708 784 3 8192 2.000000000 2
708 832 3 8192 2.000000000 2
708 844 3 8192 2.000000000 2
708 860 3 8192 2.000000000 2
708 892 3 8192 2.000000000 2
708 912 3 8192 2.000000000 2
708 916 3 8192 2.000000000 2
708 940 3 8192 2.000000000 2
708 956 3 8192 2.000000000 2
708 960 3 8192 2.000000000 2
708 968 3 8192 2.000000000 2
708 972 3 8192 2.000000000 2
708 1000 3 8192 2.000000000 2
708 1004 3 8192 2.000000000 2
708 1052 3 8192 2.000000000 2
708 1076 3 8192 2.000000000 2
708 1080 3 8192 2.000000000 2
708 1108 3 8192 2.000000000 2
708 1116 3 8192 2.000000000 2
708 1120 3 8192 2.000000000 2
708 1136 3 8192 2.000000000 2
708 1196 3 8192 2.000000000 2
708 1200 3 8192 2.000000000 2
708 1208 3 8192 2.000000000 2
708 1216 3 8192 2.000000000 2
708 1240 3 8192 2.000000000 2
708 1252 3 8192 2.000000000 2
712 8 3 8192 2.000000000 2
712 20 3 8192 2.000000000 2
712 24 3 8192 2.000000000 2
712 28 3 8192 2.000000000 2
712 32 3 8192 2.000000000 2
712 36 3 8192 2.000000000 2
712 40 3 8192 2.000000000 2
712 52 3 8192 2.000000000 2
712 100 3 8192 2.000000000 2
712 104 3 8192 2.000000000 2
712 136 3 8192 2.000000000 2
712 140 3 8192 2.000000000 2
712 152 3 8192 2.000000000 2
712 160 3 8192 2.000000000 2
712 164 3 8192 2.000000000 2
712 196 3 8192 2.000000000 2
712 236 3 8192 2.000000000 2
712 252 3 8192 2.000000000 2
712 300 3 8192 2.000000000 2
712 304 3 8192 2.000000000 2
712 312 3 8192 2.000000000 2
712 328 3 8192 2.000000000 2
712 332 3 8192 2.000000000 2
712 340 3 8192 2.000000000 2
712 352 3 8192 2.000000000 2
712 368 3 8192 2.000000000 2
712 400 3 8192 2.000000000 2
712 420 3 8192 2.000000000 2
712 432 3 8192 2.000000000 2
712 436 3 8192 2.000000000 2
712 452 3 8192 2.000000000 2
712 456 3 8192 2.000000000 2
712 492 3 8192 2.000000000 2
712 500 3 8192 2.000000000 2
712 504 3 8192 2.000000000 2
712 516 3 8192 2.000000000 2
712 552 3 8192 2.000000000 2
712 556 3 8192 2.000000000 2
712 560 3 8192 2.000000000 2
712 584 3 8192 2.000000000 2
712 592 3 8192 2.000000000 2
712 620 3 8192 2.000000000 2
712 684 3 8192 2.000000000 2
712 688 3 8192 2.000000000 2
712 696 3 8192 2.000000000 2
712 724 3 8192 2.000000000 2
712 760 3 8192 2.000000000 2
712 796 3 8192 2.000000000 2
712 812 3 8192 2.000000000 2
712 892 3 8192 2.000000000 2
712 900 3 8192 2.000000000 2
712 924 3 8192 2.000000000 2
712 952 3 8192 2.000000000 2
712 960 3 8192 2.000000000 2
712 992 3 8192 2.000000000 2
712 996 3 8192 2.000000000 2
712 1108 3 8192 2.000000000 2
712 1112 3 8192 2.000000000 2
712 1124 3 8192 2.000000000 2
712 1152 3 8192 2.000000000 2
712 1164 3 8192 2.000000000 2
712 1192 3 8192 2.000000000 2
712 1228 3 8192 2.000000000 2
712 1240 3 8192 2.000000000 2
716 16 3 8192 2.000000000 2
716 24 3 8192 2.000000000 2
716 40 3 8192 2.000000000 2
716 44 3 8192 2.000000000 2
716 52 3 8192 2.000000000 2
716 56 3 8192 2.000000000 2
716 60 3 8192 2.000000000 2
716 64 3 8192 2.000000000 2
716 96 3 8192 2.000000000 2
716 124 3 8192 2.000000000 2
716 136 3 8192 2.000000000 2
716 144 3 8192 2.000000000 2
716 164 3 8192 2.000000000 2
716 172 3 8192 2.000000000 2
716 184 3 8192 2.000000000 2
716 192 3 8192 2.000000000 2
716 204 3 8192 2.000000000 2
716 220 3 8192 2.000000000 2
716 232 3 8192 2.000000000 2
716 240 3 8192 2.000000000 2
716 244 3 8192 2.000000000 2
716 284 3 8192 2.000000000 2
716 288 3 8192 2.000000000 2
716 316 3 8192 2.000000000 2
716 336 3 8192 2.000000000 2
716 372 3 8192 2.000000000 2
716 388 3 8192 2.000000000 2
716 404 3 8192 2.000000000 2
716 408 3 8192 2.000000000 2
716 412 3 8192 2.000000000 2
716 436 3 8192 2.000000000 2
716 448 3 8192 2.000000000 2
716 452 3 8192 2.000000000 2
716 468 3 8192 2.000000000 2
716 480 3 8192 2.000000000 2
716 484 3 8192 2.000000000 2
716 524 3 8192 2.000000000 2
716 556 3 8192 2.000000000 2
716 628 3 8192 2.000000000 2
716 640 3 8192 2.000000000 2
716 644 3 8192 2.000000000 2
716 680 3 8192 2.000000000 2
716 684 3 8192 2.000000000 2
716 688 3 8192 2.000000000 2
716 692 3 8192 2.000000000 2
716 696 3 8192 2.000000000 2
716 756 3 8192 2.000000000 2
716 776 3 8192 2.000000000 2
716 780 3 8192 2.000000000 2
716 844 3 8192 2.000000000 2
716 848 3 8192 2.000000000 2
716 852 3 8192 2.000000000 2
716 868 3 8192 2.000000000 2
716 916 3 8192 2.000000000 2
716 944 3 8192 2.000000000 2
716 964 3 8192 2.000000000 2
716 1000 3 8192 2.000000000 2
716 1012 3 8192 2.000000000 2
716 1080 3 8192 2.000000000 2
716 1108 3 8192 2.000000000 2
716 1112 3 8192 2.000000000 2
716 1164 3 8192 2.000000000 2
716 1228 3 8192 2.000000000 2
716 1244 3 8192 2.000000000 2
720 0 3 8192 2.000000000 2
720 28 3 8192 2.000000000 2
720 36 3 8192 2.000000000 2
720 56 3 8192 2.000000000 2
720 64 3 8192 2.000000000 2
720 76 3 8192 2.000000000 2
720 92 3 8192 2.000000000 2
720 120 3 8192 2.000000000 2
720 132 3 8192 2.000000000 2
720 136 3 8192 2.000000000 2
720 164 3 8192 2.000000000 2
720 184 3 8192 2.000000000 2
720 200 3 8192 2.000000000 2
720 252 3 8192 2.000000000 2
720 256 3 8192 2.000000000 2
720 268 3 8192 2.000000000 2
720 272 3 8192 2.000000000 2
720 300 3 8192 2.000000000 2
720 308 3 8192 2.000000000 2
720 324 3 8192 2.000000000 2
720 332 3 8192 2.000000000 2
720 336 3 8192 2.000000000 2
720 356 3 8192 2.000000000 2
720 368 3 8192 2.000000000 2
720 392 3 8192 2.000000000 2
720 412 3 8192 2.000000000 2
720 420 3 8192 2.000000000 2
720 440 3 8192 2.000000000 2
720 456 3 8192 2.000000000 2
720 464 3 8192 2.000000000 2
720 512 3 8192 2.000000000 2
720 520 3 8192 2.000000000 2
720 532 3 8192 2.000000000 2
720 596 3 8192 2.000000000 2
720 616 3 8192 2.000000000 2
720 624 3 8192 2.000000000 2
720 636 3 8192 2.000000000 2
720 676 3 8192 2.000000000 2
720 692 3 8192 2.000000000 2
720 812 3 8192 2.000000000 2
720 840 3 8192 2.000000000 2
720 852 3 8192 2.000000000 2
720 892 3 8192 2.000000000 2
720 916 3 8192 2.000000000 2
720 932 3 8192 2.000000000 2
720 956 3 8192 2.000000000 2
720 968 3 8192 2.000000000 2
720 972 3 8192 2.000000000 2
720 980 3 8192 2.000000000 2
720 984 3 8192 2.000000000 2
720 1016 3 8192 2.000000000 2
720 1072 3 8192 2.000000000 2
720 1076 3 8192 2.000000000 2
720 1104 3 8192 2.000000000 2
720 1136 3 8192 2.000000000 2
720 1164 3 8192 2.000000000 2
720 1176 3 8192 2.000000000 2
720 1184 3 8192 2.000000000 2
720 1200 3 8192 2.000000000 2
720 1208 3 8192 2.000000000 2
720 1220 3 8192 2.000000000 2
720 1228 3 8192 2.000000000 2
720 1248 3 8192 2.000000000 2
720 1264 3 8192 2.000000000 2
724 8 3 8192 2.000000000 2
724 24 3 8192 2.000000000 2
724 36 3 8192 2.000000000 2
724 40 3 8192 2.000000000 2
724 44 3 8192 2.000000000 2
724 100 3 8192 2.000000000 2
724 136 3 8192 2.000000000 2
724 140 3 8192 2.000000000 2
724 180 3 8192 2.000000000 2
724 204 3 8192 2.000000000 2
724 208 3 8192 2.000000000 2
724 244 3 8192 2.000000000 2
724 252 3 8192 2.000000000 2
724 288 3 8192 2.000000000 2
724 292 3 8192 2.000000000 2
724 308 3 8192 2.000000000 2
724 312 3 8192 2.000000000 2
724 316 3 8192 2.000000000 2
724 352 3 8192 2.000000000 2
724 356 3 8192 2.000000000 2
724 380 3 8192 2.000000000 2
724 388 3 8192 2.000000000 2
724 392 3 8192 2.000000000 2
724 412 3 8192 2.000000000 2
724 436 3 8192 2.000000000 2
724 456 3 8192 2.000000000 2
724 504 3 8192 2.000000000 2
724 532 3 8192 2.000000000 2
724 540 3 8192 2.000000000 2
724 584 3 8192 2.000000000 2
724 596 3 8192 2.000000000 2
724 608 3 8192 2.000000000 2
724 628 3 8192 2.000000000 2
724 656 3 8192 2.000000000 2
724 680 3 8192 2.000000000 2
724 692 3 8192 2.000000000 2
724 740 3 8192 2.000000000 2
724 760 3 8192 2.000000000 2
724 764 3 8192 2.000000000 2
724 792 3 8192 2.000000000 2
724 836 3 8192 2.000000000 2
724 864 3 8192 2.000000000 2
724 868 3 8192 2.000000000 2
724 888 3 8192 2.000000000 2
724 896 3 8192 2.000000000 2
724 912 3 8192 2.000000000 2
724 952 3 8192 2.000000000 2
724 980 3 8192 2.000000000 2
724 984 3 8192 2.000000000 2
724 992 3 8192 2.000000000 2
724 1024 3 8192 2.000000000 2
724 1048 3 8192 2.000000000 2
724 1104 3 8192 2.000000000 2
724 1124 3 8192 2.000000000 2
724 1128 3 8192 2.000000000 2
724 1136 3 8192 2.000000000 2
724 1164 3 8192 2.000000000 2
724 1192 3 8192 2.000000000 2
724 1212 3 8192 2.000000000 2
724 1220 3 8192 2.000000000 2
724 1228 3 8192 2.000000000 2
724 1240 3 8192 2.000000000 2
724 1244 3 8192 2.000000000 2
724 1264 3 8192 2.000000000 2
732 8 3 8192 2.000000000 2
732 16 3 8192 2.000000000 2
732 24 3 8192 2.000000000 2
732 32 3 8192 2.000000000 2
732 40 3 8192 2.000000000 2
732 44 3 8192 2.000000000 2
732 96 3 8192 2.000000000 2
732 164 3 8192 2.000000000 2
732 188 3 8192 2.000000000 2
732 204 3 8192 2.000000000 2
732 216 3 8192 2.000000000 2
732 256 3 8192 2.000000000 2
732 280 3 8192 2.000000000 2
732 304 3 8192 2.000000000 2
732 312 3 8192 2.000000000 2
732 336 3 8192 2.000000000 2
732 340 3 8192 2.000000000 2
732 352 3 8192 2.000000000 2
732 392 3 8192 2.000000000 2
732 396 3 8192 2.000000000 2
732 420 3 8192 2.000000000 2
732 432 3 8192 2.000000000 2
732 436 3 8192 2.000000000 2
732 452 3 8192 2.000000000 2
732 468 3 8192 2.000000000 2
732 488 3 8192 2.000000000 2
732 596 3 8192 2.000000000 2
732 612 3 8192 2.000000000 2
732 656 3 8192 2.000000000 2
732 660 3 8192 2.000000000 2
732 668 3 8192 2.000000000 2
732 680 3 8192 2.000000000 2
732 700 3 8192 2.000000000 2
732 708 3 8192 2.000000000 2
732 712 3 8192 2.000000000 2
732 720 3 8192 2.000000000 2
732 724 3 8192 2.000000000 2
732 744 3 8192 2.000000000 2
732 756 3 8192 2.000000000 2
732 796 3 8192 2.000000000 2
732 820 3 8192 2.000000000 2
732 828 3 8192 2.000000000 2
732 848 3 8192 2.000000000 2
732 852 3 8192 2.000000000 2
732 876 3 8192 2.000000000 2
732 888 3 8192 2.000000000 2
732 916 3 8192 2.000000000 2
732 932 3 8192 2.000000000 2
732 940 3 8192 2.000000000 2
732 944 3 8192 2.000000000 2
732 964 3 8192 2.000000000 2
732 976 3 8192 2.000000000 2
732 980 3 8192 2.000000000 2
732 1016 3 8192 2.000000000 2
732 1060 3 8192 2.000000000 2
732 1072 3 8192 2.000000000 2
732 1080 3 8192 2.000000000 2
732 1108 3 8192 2.000000000 2
732 1116 3 8192 2.000000000 2
732 1136 3 8192 2.000000000 2
732 1152 3 8192 2.000000000 2
732 1216 3 8192 2.000000000 2
732 1228 3 8192 2.000000000 2
732 1240 3 8192 2.000000000 2
736 24 3 8192 2.000000000 2
736 32 3 8192 2.000000000 2
736 44 3 8192 2.000000000 2
736 52 3 8192 2.000000000 2
736 56 3 8192 2.000000000 2
736 68 3 8192 2.000000000 2
736 88 3 8192 2.000000000 2
736 100 3 8192 2.000000000 2
736 104 3 8192 2.000000000 2
736 152 3 8192 2.000000000 2
736 164 3 8192 2.000000000 2
736 180 3 8192 2.000000000 2
736 204 3 8192 2.000000000 2
736 208 3 8192 2.000000000 2
736 228 3 8192 2.000000000 2
736 272 3 8192 2.000000000 2
736 284 3 8192 2.000000000 2
736 332 3 8192 2.000000000 2
736 336 3 8192 2.000000000 2
736 360 3 8192 2.000000000 2
736 396 3 8192 2.000000000 2
736 408 3 8192 2.000000000 2
736 448 3 8192 2.000000000 2
736 488 3 8192 2.000000000 2
736 524 3 8192 2.000000000 2
736 548 3 8192 2.000000000 2
736 552 3 8192 2.000000000 2
736 616 3 8192 2.000000000 2
736 632 3 8192 2.000000000 2
736 644 3 8192 2.000000000 2
736 656 3 8192 2.000000000 2
736 680 3 8192 2.000000000 2
736 684 3 8192 2.000000000 2
736 692 3 8192 2.000000000 2
736 700 3 8192 2.000000000 2
736 712 3 8192 2.000000000 2
736 732 3 8192 2.000000000 2
736 756 3 8192 2.000000000 2
736 760 3 8192 2.000000000 2
736 780 3 8192 2.000000000 2
736 792 3 8192 2.000000000 2
736 864 3 8192 2.000000000 2
736 888 3 8192 2.000000000 2
736 900 3 8192 2.000000000 2
736 932 3 8192 2.000000000 2
736 952 3 8192 2.000000000 2
736 956 3 8192 2.000000000 2
736 984 3 8192 2.000000000 2
736 992 3 8192 2.000000000 2
736 1000 3 8192 2.000000000 2
736 1016 3 8192 2.000000000 2
736 1020 3 8192 2.000000000 2
736 1024 3 8192 2.000000000 2
736 1056 3 8192 2.000000000 2
736 1068 3 8192 2.000000000 2
736 1076 3 8192 2.000000000 2
736 1108 3 8192 2.000000000 2
736 1136 3 8192 2.000000000 2
736 1168 3 8192 2.000000000 2
736 1192 3 8192 2.000000000 2
736 1228 3 8192 2.000000000 2
736 1240 3 8192 2.000000000 2
736 1248 3 8192 2.000000000 2
736 1252 3 8192 2.000000000 2
740 8 3 8192 2.000000000 2
740 16 3 8192 2.000000000 2
740 28 3 8192 2.000000000 2
740 32 3 8192 2.000000000 2
740 36 3 8192 2.000000000 2
740 40 3 8192 2.000000000 2
740 44 3 8192 2.000000000 2
740 52 3 8192 2.000000000 2
740 60 3 8192 2.000000000 2
740 76 3 8192 2.000000000 2
740 92 3 8192 2.000000000 2
740 132 3 8192 2.000000000 2
740 136 3 8192 2.000000000 2
740 140 3 8192 2.000000000 2
740 164 3 8192 2.000000000 2
740 188 3 8192 2.000000000 2
740 192 3 8192 2.000000000 2
740 204 3 8192 2.000000000 2
740 208 3 8192 2.000000000 2
740 220 3 8192 2.000000000 2
740 236 3 8192 2.000000000 2
740 248 3 8192 2.000000000 2
740 256 3 8192 2.000000000 2
740 276 3 8192 2.000000000 2
740 288 3 8192 2.000000000 2
740 292 3 8192 2.000000000 2
740 296 3 8192 2.000000000 2
740 356 3 8192 2.000000000 2
740 376 3 8192 2.000000000 2
740 404 3 8192 2.000000000 2
740 408 3 8192 2.000000000 2
740 424 3 8192 2.000000000 2
740 436 3 8192 2.000000000 2
740 440 3 8192 2.000000000 2
740 468 3 8192 2.000000000 2
740 484 3 8192 2.000000000 2
740 520 3 8192 2.000000000 2
740 524 3 8192 2.000000000 2
740 556 3 8192 2.000000000 2
740 580 3 8192 2.000000000 2
740 592 3 8192 2.000000000 2
740 608 3 8192 2.000000000 2
740 676 3 8192 2.000000000 2
740 680 3 8192 2.000000000 2
740 684 3 8192 2.000000000 2
740 692 3 8192 2.000000000 2
740 780 3 8192 2.000000000 2
740 788 3 8192 2.000000000 2
740 848 3 8192 2.000000000 2
740 892 3 8192 2.000000000 2
740 896 3 8192 2.000000000 2
740 900 3 8192 2.000000000 2
740 956 3 8192 2.000000000 2
740 964 3 8192 2.000000000 2
740 980 3 8192 2.000000000 2
740 1024 3 8192 2.000000000 2
740 1056 3 8192 2.000000000 2
740 1076 3 8192 2.000000000 2
740 1124 3 8192 2.000000000 2
740 1156 3 8192 2.000000000 2
740 1192 3 8192 2.000000000 2
740 1240 3 8192 2.000000000 2
740 1244 3 8192 2.000000000 2
740 1272 3 8192 2.000000000 2
744 16 3 8192 2.000000000 2
744 24 3 8192 2.000000000 2
744 48 3 8192 2.000000000 2
744 88 3 8192 2.000000000 2
744 120 3 8192 2.000000000 2
744 128 3 8192 2.000000000 2
744 132 3 8192 2.000000000 2
744 140 3 8192 2.000000000 2
744 160 3 8192 2.000000000 2
744 180 3 8192 2.000000000 2
744 196 3 8192 2.000000000 2
744 204 3 8192 2.000000000 2
744 224 3 8192 2.000000000 2
744 244 3 8192 2.000000000 2
744 252 3 8192 2.000000000 2
744 280 3 8192 2.000000000 2
744 288 3 8192 2.000000000 2
744 312 3 8192 2.000000000 2
744 316 3 8192 2.000000000 2
744 340 3 8192 2.000000000 2
744 348 3 8192 2.000000000 2
744 356 3 8192 2.000000000 2
744 368 3 8192 2.000000000 2
744 376 3 8192 2.000000000 2
744 424 3 8192 2.000000000 2
744 436 3 8192 2.000000000 2
744 448 3 8192 2.000000000 2
744 464 3 8192 2.000000000 2
744 492 3 8192 2.000000000 2
744 512 3 8192 2.000000000 2
744 548 3 8192 2.000000000 2
744 568 3 8192 2.000000000 2
744 592 3 8192 2.000000000 2
744 600 3 8192 2.000000000 2
744 612 3 8192 2.000000000 2
744 620 3 8192 2.000000000 2
744 644 3 8192 2.000000000 2
744 652 3 8192 2.000000000 2
744 660 3 8192 2.000000000 2
744 668 3 8192 2.000000000 2
744 676 3 8192 2.000000000 2
744 712 3 8192 2.000000000 2
744 720 3 8192 2.000000000 2
744 724 3 8192 2.000000000 2
744 772 3 8192 2.000000000 2
744 820 3 8192 2.000000000 2
744 860 3 8192 2.000000000 2
744 864 3 8192 2.000000000 2
744 900 3 8192 2.000000000 2
744 916 3 8192 2.000000000 2
744 952 3 8192 2.000000000 2
744 960 3 8192 2.000000000 2
744 968 3 8192 2.000000000 2
744 972 3 8192 2.000000000 2
744 980 3 8192 2.000000000 2
744 992 3 8192 2.000000000 2
744 1012 3 8192 2.000000000 2
744 1056 3 8192 2.000000000 2
744 1084 3 8192 2.000000000 2
744 1096 3 8192 2.000000000 2
744 1108 3 8192 2.000000000 2
744 1136 3 8192 2.000000000 2
744 1156 3 8192 2.000000000 2
744 1212 3 8192 2.000000000 2
752 8 3 8192 2.000000000 2
752 16 3 8192 2.000000000 2
752 20 3 8192 2.000000000 2
752 28 3 8192 2.000000000 2
752 40 3 8192 2.000000000 2
752 68 3 8192 2.000000000 2
752 128 3 8192 2.000000000 2
752 192 3 8192 2.000000000 2
752 200 3 8192 2.000000000 2
752 232 3 8192 2.000000000 2
752 252 3 8192 2.000000000 2
752 268 3 8192 2.000000000 2
752 284 3 8192 2.000000000 2
752 316 3 8192 2.000000000 2
752 324 3 8192 2.000000000 2
752 348 3 8192 2.000000000 2
752 368 3 8192 2.000000000 2
752 376 3 8192 2.000000000 2
752 388 3 8192 2.000000000 2
752 392 3 8192 2.000000000 2
752 396 3 8192 2.000000000 2
752 408 3 8192 2.000000000 2
752 440 3 8192 2.000000000 2
752 492 3 8192 2.000000000 2
752 516 3 8192 2.000000000 2
752 552 3 8192 2.000000000 2
752 580 3 8192 2.000000000 2
752 592 3 8192 2.000000000 2
752 620 3 8192 2.000000000 2
752 632 3 8192 2.000000000 2
752 664 3 8192 2.000000000 2
752 680 3 8192 2.000000000 2
752 692 3 8192 2.000000000 2
752 712 3 8192 2.000000000 2
752 716 3 8192 2.000000000 2
752 764 3 8192 2.000000000 2
752 820 3 8192 2.000000000 2
752 824 3 8192 2.000000000 2
752 844 3 8192 2.000000000 2
752 924 3 8192 2.000000000 2
752 932 3 8192 2.000000000 2
752 940 3 8192 2.000000000 2
752 956 3 8192 2.000000000 2
752 968 3 8192 2.000000000 2
752 984 3 8192 2.000000000 2
752 996 3 8192 2.000000000 2
752 1000 3 8192 2.000000000 2
752 1020 3 8192 2.000000000 2
752 1036 3 8192 2.000000000 2
752 1072 3 8192 2.000000000 2
752 1096 3 8192 2.000000000 2
752 1116 3 8192 2.000000000 2
752 1120 3 8192 2.000000000 2
752 1128 3 8192 2.000000000 2
752 1136 3 8192 2.000000000 2
752 1156 3 8192 2.000000000 2
752 1200 3 8192 2.000000000 2
752 1212 3 8192 2.000000000 2
752 1216 3 8192 2.000000000 2
752 1228 3 8192 2.000000000 2
752 1244 3 8192 2.000000000 2
752 1248 3 8192 2.000000000 2
752 1264 3 8192 2.000000000 2
752 1272 3 8192 2.000000000 2
756 0 3 8192 2.000000000 2
756 16 3 8192 2.000000000 2
756 32 3 8192 2.000000000 2
756 40 3 8192 2.000000000 2
756 44 3 8192 2.000000000 2
756 52 3 8192 2.000000000 2
756 100 3 8192 2.000000000 2
756 124 3 8192 2.000000000 2
756 180 3 8192 2.000000000 2
756 208 3 8192 2.000000000 2
756 216 3 8192 2.000000000 2
756 232 3 8192 2.000000000 2
756 264 3 8192 2.000000000 2
756 272 3 8192 2.000000000 2
756 280 3 8192 2.000000000 2
756 288 3 8192 2.000000000 2
756 312 3 8192 2.000000000 2
756 316 3 8192 2.000000000 2
756 332 3 8192 2.000000000 2
756 352 3 8192 2.000000000 2
756 404 3 8192 2.000000000 2
756 464 3 8192 2.000000000 2
756 468 3 8192 2.000000000 2
756 508 3 8192 2.000000000 2
756 524 3 8192 2.000000000 2
756 532 3 8192 2.000000000 2
756 596 3 8192 2.000000000 2
756 600 3 8192 2.000000000 2
756 616 3 8192 2.000000000 2
756 632 3 8192 2.000000000 2
756 720 3 8192 2.000000000 2
756 792 3 8192 2.000000000 2
756 796 3 8192 2.000000000 2
756 832 3 8192 2.000000000 2
756 844 3 8192 2.000000000 2
756 864 3 8192 2.000000000 2
756 876 3 8192 2.000000000 2
756 892 3 8192 2.000000000 2
756 916 3 8192 2.000000000 2
756 928 3 8192 2.000000000 2
756 944 3 8192 2.000000000 2
756 964 3 8192 2.000000000 2
756 980 3 8192 2.000000000 2
756 984 3 8192 2.000000000 2
756 992 3 8192 2.000000000 2
756 1004 3 8192 2.000000000 2
756 1012 3 8192 2.000000000 2
756 1048 3 8192 2.000000000 2
756 1052 3 8192 2.000000000 2
756 1080 3 8192 2.000000000 2
756 1108 3 8192 2.000000000 2
756 1116 3 8192 2.000000000 2
756 1120 3 8192 2.000000000 2
756 1124 3 8192 2.000000000 2
756 1128 3 8192 2.000000000 2
756 1176 3 8192 2.000000000 2
756 1188 3 8192 2.000000000 2
756 1192 3 8192 2.000000000 2
756 1208 3 8192 2.000000000 2
756 1212 3 8192 2.000000000 2
756 1232 3 8192 2.000000000 2
756 1240 3 8192 2.000000000 2
756 1248 3 8192 2.000000000 2
756 1272 3 8192 2.000000000 2
760 16 3 8192 2.000000000 2
760 44 3 8192 2.000000000 2
760 48 3 8192 2.000000000 2
760 92 3 8192 2.000000000 2
760 104 3 8192 2.000000000 2
760 108 3 8192 2.000000000 2
760 120 3 8192 2.000000000 2
760 136 3 8192 2.000000000 2
760 152 3 8192 2.000000000 2
760 164 3 8192 2.000000000 2
760 168 3 8192 2.000000000 2
760 172 3 8192 2.000000000 2
760 180 3 8192 2.000000000 2
760 192 3 8192 2.000000000 2
760 216 3 8192 2.000000000 2
760 292 3 8192 2.000000000 2
760 312 3 8192 2.000000000 2
760 360 3 8192 2.000000000 2
760 368 3 8192 2.000000000 2
760 376 3 8192 2.000000000 2
760 404 3 8192 2.000000000 2
760 412 3 8192 2.000000000 2
760 424 3 8192 2.000000000 2
760 448 3 8192 2.000000000 2
760 452 3 8192 2.000000000 2
760 464 3 8192 2.000000000 2
760 468 3 8192 2.000000000 2
760 552 3 8192 2.000000000 2
760 564 3 8192 2.000000000 2
760 616 3 8192 2.000000000 2
760 624 3 8192 2.000000000 2
760 656 3 8192 2.000000000 2
760 660 3 8192 2.000000000 2
760 664 3 8192 2.000000000 2
760 688 3 8192 2.000000000 2
760 692 3 8192 2.000000000 2
760 708 3 8192 2.000000000 2
760 712 3 8192 2.000000000 2
760 744 3 8192 2.000000000 2
760 792 3 8192 2.000000000 2
760 824 3 8192 2.000000000 2
760 828 3 8192 2.000000000 2
760 832 3 8192 2.000000000 2
760 852 3 8192 2.000000000 2
760 868 3 8192 2.000000000 2
760 876 3 8192 2.000000000 2
760 888 3 8192 2.000000000 2
760 900 3 8192 2.000000000 2
760 940 3 8192 2.000000000 2
760 968 3 8192 2.000000000 2
760 972 3 8192 2.000000000 2
760 980 3 8192 2.000000000 2
760 1056 3 8192 2.000000000 2
760 1076 3 8192 2.000000000 2
760 1124 3 8192 2.000000000 2
760 1148 3 8192 2.000000000 2
760 1160 3 8192 2.000000000 2
760 1176 3 8192 2.000000000 2
760 1200 3 8192 2.000000000 2
760 1212 3 8192 2.000000000 2
760 1240 3 8192 2.000000000 2
760 1244 3 8192 2.000000000 2
760 1248 3 8192 2.000000000 2
760 1272 3 8192 2.000000000 2
764 52 3 8192 2.000000000 2
764 56 3 8192 2.000000000 2
764 68 3 8192 2.000000000 2
764 96 3 8192 2.000000000 2
764 104 3 8192 2.000000000 2
764 124 3 8192 2.000000000 2
764 128 3 8192 2.000000000 2
764 132 3 8192 2.000000000 2
764 140 3 8192 2.000000000 2
764 156 3 8192 2.000000000 2
764 188 3 8192 2.000000000 2
764 204 3 8192 2.000000000 2
764 220 3 8192 2.000000000 2
764 268 3 8192 2.000000000 2
764 272 3 8192 2.000000000 2
764 308 3 8192 2.000000000 2
764 316 3 8192 2.000000000 2
764 332 3 8192 2.000000000 2
764 340 3 8192 2.000000000 2
764 368 3 8192 2.000000000 2
764 380 3 8192 2.000000000 2
764 404 3 8192 2.000000000 2
764 408 3 8192 2.000000000 2
764 488 3 8192 2.000000000 2
764 492 3 8192 2.000000000 2
764 500 3 8192 2.000000000 2
764 516 3 8192 2.000000000 2
764 532 3 8192 2.000000000 2
764 552 3 8192 2.000000000 2
764 556 3 8192 2.000000000 2
764 560 3 8192 2.000000000 2
764 568 3 8192 2.000000000 2
764 580 3 8192 2.000000000 2
764 592 3 8192 2.000000000 2
764 596 3 8192 2.000000000 2
764 628 3 8192 2.000000000 2
764 652 3 8192 2.000000000 2
764 680 3 8192 2.000000000 2
764 684 3 8192 2.000000000 2
764 720 3 8192 2.000000000 2
764 736 3 8192 2.000000000 2
764 740 3 8192 2.000000000 2
764 828 3 8192 2.000000000 2
764 844 3 8192 2.000000000 2
764 868 3 8192 2.000000000 2
764 888 3 8192 2.000000000 2
764 892 3 8192 2.000000000 2
764 916 3 8192 2.000000000 2
764 932 3 8192 2.000000000 2
764 956 3 8192 2.000000000 2
764 976 3 8192 2.000000000 2
764 1020 3 8192 2.000000000 2
764 1024 3 8192 2.000000000 2
764 1048 3 8192 2.000000000 2
764 1076 3 8192 2.000000000 2
764 1096 3 8192 2.000000000 2
764 1108 3 8192 2.000000000 2
764 1112 3 8192 2.000000000 2
764 1160 3 8192 2.000000000 2
764 1176 3 8192 2.000000000 2
764 1184 3 8192 2.000000000 2
764 1192 3 8192 2.000000000 2
764 1212 3 8192 2.000000000 2
764 1248 3 8192 2.000000000 2
772 40 3 8192 2.000000000 2
772 48 3 8192 2.000000000 2
772 56 3 8192 2.000000000 2
772 76 3 8192 2.000000000 2
772 108 3 8192 2.000000000 2
772 128 3 8192 2.000000000 2
772 144 3 8192 2.000000000 2
772 160 3 8192 2.000000000 2
772 180 3 8192 2.000000000 2
772 188 3 8192 2.000000000 2
772 196 3 8192 2.000000000 2
772 204 3 8192 2.000000000 2
772 244 3 8192 2.000000000 2
772 248 3 8192 2.000000000 2
772 264 3 8192 2.000000000 2
772 272 3 8192 2.000000000 2
772 292 3 8192 2.000000000 2
772 296 3 8192 2.000000000 2
772 324 3 8192 2.000000000 2
772 332 3 8192 2.000000000 2
772 352 3 8192 2.000000000 2
772 376 3 8192 2.000000000 2
772 400 3 8192 2.000000000 2
772 420 3 8192 2.000000000 2
772 432 3 8192 2.000000000 2
772 436 3 8192 2.000000000 2
772 464 3 8192 2.000000000 2
772 488 3 8192 2.000000000 2
772 492 3 8192 2.000000000 2
772 516 3 8192 2.000000000 2
772 520 3 8192 2.000000000 2
772 540 3 8192 2.000000000 2
772 556 3 8192 2.000000000 2
772 592 3 8192 2.000000000 2
772 600 3 8192 2.000000000 2
772 608 3 8192 2.000000000 2
772 616 3 8192 2.000000000 2
772 636 3 8192 2.000000000 2
772 644 3 8192 2.000000000 2
772 660 3 8192 2.000000000 2
772 700 3 8192 2.000000000 2
772 708 3 8192 2.000000000 2
772 736 3 8192 2.000000000 2
772 788 3 8192 2.000000000 2
772 792 3 8192 2.000000000 2
772 796 3 8192 2.000000000 2
772 836 3 8192 2.000000000 2
772 840 3 8192 2.000000000 2
772 848 3 8192 2.000000000 2
772 852 3 8192 2.000000000 2
772 932 3 8192 2.000000000 2
772 984 3 8192 2.000000000 2
772 1024 3 8192 2.000000000 2
772 1036 3 8192 2.000000000 2
772 1060 3 8192 2.000000000 2
772 1072 3 8192 2.000000000 2
772 1108 3 8192 2.000000000 2
772 1148 3 8192 2.000000000 2
772 1176 3 8192 2.000000000 2
772 1180 3 8192 2.000000000 2
772 1192 3 8192 2.000000000 2
772 1208 3 8192 2.000000000 2
772 1232 3 8192 2.000000000 2
772 1252 3 8192 2.000000000 2
776 0 3 8192 2.000000000 2
776 8 3 8192 2.000000000 2
776 48 3 8192 2.000000000 2
776 60 3 8192 2.000000000 2
776 64 3 8192 2.000000000 2
776 104 3 8192 2.000000000 2
776 108 3 8192 2.000000000 2
776 128 3 8192 2.000000000 2
776 164 3 8192 2.000000000 2
776 196 3 8192 2.000000000 2
776 200 3 8192 2.000000000 2
776 208 3 8192 2.000000000 2
776 264 3 8192 2.000000000 2
776 304 3 8192 2.000000000 2
776 324 3 8192 2.000000000 2
776 348 3 8192 2.000000000 2
776 352 3 8192 2.000000000 2
776 388 3 8192 2.000000000 2
776 400 3 8192 2.000000000 2
776 424 3 8192 2.000000000 2
776 452 3 8192 2.000000000 2
776 456 3 8192 2.000000000 2
776 464 3 8192 2.000000000 2
776 468 3 8192 2.000000000 2
776 508 3 8192 2.000000000 2
776 516 3 8192 2.000000000 2
776 520 3 8192 2.000000000 2
776 524 3 8192 2.000000000 2
776 528 3 8192 2.000000000 2
776 540 3 8192 2.000000000 2
776 556 3 8192 2.000000000 2
776 568 3 8192 2.000000000 2
776 584 3 8192 2.000000000 2
776 624 3 8192 2.000000000 2
776 668 3 8192 2.000000000 2
776 692 3 8192 2.000000000 2
776 712 3 8192 2.000000000 2
776 732 3 8192 2.000000000 2
776 744 3 8192 2.000000000 2
776 752 3 8192 2.000000000 2
776 784 3 8192 2.000000000 2
776 796 3 8192 2.000000000 2
776 812 3 8192 2.000000000 2
776 832 3 8192 2.000000000 2
776 896 3 8192 2.000000000 2
776 912 3 8192 2.000000000 2
776 956 3 8192 2.000000000 2
776 968 3 8192 2.000000000 2
776 972 3 8192 2.000000000 2
776 980 3 8192 2.000000000 2
776 1004 3 8192 2.000000000 2
776 1028 3 8192 2.000000000 2
776 1052 3 8192 2.000000000 2
776 1076 3 8192 2.000000000 2
776 1084 3 8192 2.000000000 2
776 1112 3 8192 2.000000000 2
776 1124 3 8192 2.000000000 2
776 1128 3 8192 2.000000000 2
776 1176 3 8192 2.000000000 2
776 1180 3 8192 2.000000000 2
776 1184 3 8192 2.000000000 2
776 1188 3 8192 2.000000000 2
776 1228 3 8192 2.000000000 2
776 1240 3 8192 2.000000000 2
780 0 3 8192 2.000000000 2
780 20 3 8192 2.000000000 2
780 24 3 8192 2.000000000 2
780 32 3 8192 2.000000000 2
780 40 3 8192 2.000000000 2
780 52 3 8192 2.000000000 2
780 88 3 8192 2.000000000 2
780 92 3 8192 2.000000000 2
780 104 3 8192 2.000000000 2
780 140 3 8192 2.000000000 2
780 144 3 8192 2.000000000 2
780 168 3 8192 2.000000000 2
780 188 3 8192 2.000000000 2
780 200 3 8192 2.000000000 2
780 216 3 8192 2.000000000 2
780 224 3 8192 2.000000000 2
780 244 3 8192 2.000000000 2
780 264 3 8192 2.000000000 2
780 280 3 8192 2.000000000 2
780 292 3 8192 2.000000000 2
780 324 3 8192 2.000000000 2
780 348 3 8192 2.000000000 2
780 360 3 8192 2.000000000 2
780 368 3 8192 2.000000000 2
780 392 3 8192 2.000000000 2
780 412 3 8192 2.000000000 2
780 448 3 8192 2.000000000 2
780 456 3 8192 2.000000000 2
780 464 3 8192 2.000000000 2
780 500 3 8192 2.000000000 2
780 504 3 8192 2.000000000 2
780 508 3 8192 2.000000000 2
780 528 3 8192 2.000000000 2
780 532 3 8192 2.000000000 2
780 592 3 8192 2.000000000 2
780 600 3 8192 2.000000000 2
780 616 3 8192 2.000000000 2
780 620 3 8192 2.000000000 2
780 624 3 8192 2.000000000 2
780 628 3 8192 2.000000000 2
780 656 3 8192 2.000000000 2
780 664 3 8192 2.000000000 2
780 688 3 8192 2.000000000 2
780 736 3 8192 2.000000000 2
780 756 3 8192 2.000000000 2
780 760 3 8192 2.000000000 2
780 784 3 8192 2.000000000 2
780 848 3 8192 2.000000000 2
780 860 3 8192 2.000000000 2
780 888 3 8192 2.000000000 2
780 892 3 8192 2.000000000 2
780 928 3 8192 2.000000000 2
780 980 3 8192 2.000000000 2
780 1036 3 8192 2.000000000 2
780 1072 3 8192 2.000000000 2
780 1076 3 8192 2.000000000 2
780 1084 3 8192 2.000000000 2
780 1112 3 8192 2.000000000 2
780 1120 3 8192 2.000000000 2
780 1192 3 8192 2.000000000 2
780 1200 3 8192 2.000000000 2
780 1208 3 8192 2.000000000 2
780 1244 3 8192 2.000000000 2
780 1248 3 8192 2.000000000 2
784 0 3 8192 2.000000000 2
784 40 3 8192 2.000000000 2
784 48 3 8192 2.000000000 2
784 52 3 8192 2.000000000 2
784 76 3 8192 2.000000000 2
784 128 3 8192 2.000000000 2
784 136 3 8192 2.000000000 2
784 144 3 8192 2.000000000 2
784 172 3 8192 2.000000000 2
784 180 3 8192 2.000000000 2
784 188 3 8192 2.000000000 2
784 196 3 8192 2.000000000 2
784 208 3 8192 2.000000000 2
784 236 3 8192 2.000000000 2
784 240 3 8192 2.000000000 2
784 256 3 8192 2.000000000 2
784 272 3 8192 2.000000000 2
784 284 3 8192 2.000000000 2
784 288 3 8192 2.000000000 2
784 316 3 8192 2.000000000 2
784 340 3 8192 2.000000000 2
784 348 3 8192 2.000000000 2
784 368 3 8192 2.000000000 2
784 432 3 8192 2.000000000 2
784 448 3 8192 2.000000000 2
784 452 3 8192 2.000000000 2
784 456 3 8192 2.000000000 2
784 468 3 8192 2.000000000 2
784 492 3 8192 2.000000000 2
784 548 3 8192 2.000000000 2
784 552 3 8192 2.000000000 2
784 568 3 8192 2.000000000 2
784 580 3 8192 2.000000000 2
784 584 3 8192 2.000000000 2
784 592 3 8192 2.000000000 2
784 596 3 8192 2.000000000 2
784 620 3 8192 2.000000000 2
784 660 3 8192 2.000000000 2
784 680 3 8192 2.000000000 2
784 696 3 8192 2.000000000 2
784 700 3 8192 2.000000000 2
784 712 3 8192 2.000000000 2
784 740 3 8192 2.000000000 2
784 752 3 8192 2.000000000 2
784 776 3 8192 2.000000000 2
784 780 3 8192 2.000000000 2
784 832 3 8192 2.000000000 2
784 852 3 8192 2.000000000 2
784 876 3 8192 2.000000000 2
784 968 3 8192 2.000000000 2
784 984 3 8192 2.000000000 2
784 1012 3 8192 2.000000000 2
784 1020 3 8192 2.000000000 2
784 1036 3 8192 2.000000000 2
784 1056 3 8192 2.000000000 2
784 1116 3 8192 2.000000000 2
784 1124 3 8192 2.000000000 2
784 1128 3 8192 2.000000000 2
784 1148 3 8192 2.000000000 2
784 1164 3 8192 2.000000000 2
784 1184 3 8192 2.000000000 2
784 1192 3 8192 2.000000000 2
784 1216 3 8192 2.000000000 2
784 1220 3 8192 2.000000000 2
788 0 3 8192 2.000000000 2
788 8 3 8192 2.000000000 2
788 16 3 8192 2.000000000 2
788 32 3 8192 2.000000000 2
788 64 3 8192 2.000000000 2
788 76 3 8192 2.000000000 2
788 128 3 8192 2.000000000 2
788 132 3 8192 2.000000000 2
788 144 3 8192 2.000000000 2
788 172 3 8192 2.000000000 2
788 204 3 8192 2.000000000 2
788 220 3 8192 2.000000000 2
788 236 3 8192 2.000000000 2
788 240 3 8192 2.000000000 2
788 252 3 8192 2.000000000 2
788 272 3 8192 2.000000000 2
788 276 3 8192 2.000000000 2
788 288 3 8192 2.000000000 2
788 304 3 8192 2.000000000 2
788 372 3 8192 2.000000000 2
788 376 3 8192 2.000000000 2
788 404 3 8192 2.000000000 2
788 408 3 8192 2.000000000 2
788 432 3 8192 2.000000000 2
788 436 3 8192 2.000000000 2
788 452 3 8192 2.000000000 2
788 468 3 8192 2.000000000 2
788 480 3 8192 2.000000000 2
788 488 3 8192 2.000000000 2
788 492 3 8192 2.000000000 2
788 520 3 8192 2.000000000 2
788 548 3 8192 2.000000000 2
788 556 3 8192 2.000000000 2
788 568 3 8192 2.000000000 2
788 652 3 8192 2.000000000 2
788 656 3 8192 2.000000000 2
788 664 3 8192 2.000000000 2
788 680 3 8192 2.000000000 2
788 708 3 8192 2.000000000 2
788 712 3 8192 2.000000000 2
788 760 3 8192 2.000000000 2
788 852 3 8192 2.000000000 2
788 876 3 8192 2.000000000 2
788 892 3 8192 2.000000000 2
788 896 3 8192 2.000000000 2
788 900 3 8192 2.000000000 2
788 912 3 8192 2.000000000 2
788 924 3 8192 2.000000000 2
788 932 3 8192 2.000000000 2
788 940 3 8192 2.000000000 2
788 944 3 8192 2.000000000 2
788 960 3 8192 2.000000000 2
788 992 3 8192 2.000000000 2
788 996 3 8192 2.000000000 2
788 1036 3 8192 2.000000000 2
788 1056 3 8192 2.000000000 2
788 1060 3 8192 2.000000000 2
788 1104 3 8192 2.000000000 2
788 1128 3 8192 2.000000000 2
788 1152 3 8192 2.000000000 2
788 1156 3 8192 2.000000000 2
788 1164 3 8192 2.000000000 2
788 1200 3 8192 2.000000000 2
788 1248 3 8192 2.000000000 2
792 0 3 8192 2.000000000 2
792 8 3 8192 2.000000000 2
792 20 3 8192 2.000000000 2
792 36 3 8192 2.000000000 2
792 48 3 8192 2.000000000 2
792 60 3 8192 2.000000000 2
792 68 3 8192 2.000000000 2
792 136 3 8192 2.000000000 2
792 140 3 8192 2.000000000 2
792 180 3 8192 2.000000000 2
792 184 3 8192 2.000000000 2
792 228 3 8192 2.000000000 2
792 244 3 8192 2.000000000 2
792 252 3 8192 2.000000000 2
792 264 3 8192 2.000000000 2
792 272 3 8192 2.000000000 2
792 276 3 8192 2.000000000 2
792 288 3 8192 2.000000000 2
792 300 3 8192 2.000000000 2
792 304 3 8192 2.000000000 2
792 328 3 8192 2.000000000 2
792 340 3 8192 2.000000000 2
792 376 3 8192 2.000000000 2
792 380 3 8192 2.000000000 2
792 392 3 8192 2.000000000 2
792 412 3 8192 2.000000000 2
792 456 3 8192 2.000000000 2
792 464 3 8192 2.000000000 2
792 484 3 8192 2.000000000 2
792 500 3 8192 2.000000000 2
792 520 3 8192 2.000000000 2
792 568 3 8192 2.000000000 2
792 608 3 8192 2.000000000 2
792 620 3 8192 2.000000000 2
792 628 3 8192 2.000000000 2
792 656 3 8192 2.000000000 2
792 660 3 8192 2.000000000 2
792 680 3 8192 2.000000000 2
792 684 3 8192 2.000000000 2
792 688 3 8192 2.000000000 2
792 720 3 8192 2.000000000 2
792 784 3 8192 2.000000000 2
792 820 3 8192 2.000000000 2
792 828 3 8192 2.000000000 2
792 840 3 8192 2.000000000 2
792 852 3 8192 2.000000000 2
792 860 3 8192 2.000000000 2
792 876 3 8192 2.000000000 2
792 892 3 8192 2.000000000 2
792 900 3 8192 2.000000000 2
792 912 3 8192 2.000000000 2
792 924 3 8192 2.000000000 2
792 952 3 8192 2.000000000 2
792 964 3 8192 2.000000000 2
792 1004 3 8192 2.000000000 2
792 1036 3 8192 2.000000000 2
792 1052 3 8192 2.000000000 2
792 1060 3 8192 2.000000000 2
792 1072 3 8192 2.000000000 2
792 1124 3 8192 2.000000000 2
792 1148 3 8192 2.000000000 2
792 1192 3 8192 2.000000000 2
792 1216 3 8192 2.000000000 2
792 1252 3 8192 2.000000000 2
796 36 3 8192 2.000000000 2
796 44 3 8192 2.000000000 2
796 52 3 8192 2.000000000 2
796 60 3 8192 2.000000000 2
796 76 3 8192 2.000000000 2
796 144 3 8192 2.000000000 2
796 168 3 8192 2.000000000 2
796 180 3 8192 2.000000000 2
796 184 3 8192 2.000000000 2
796 200 3 8192 2.000000000 2
796 204 3 8192 2.000000000 2
796 228 3 8192 2.000000000 2
796 244 3 8192 2.000000000 2
796 252 3 8192 2.000000000 2
796 256 3 8192 2.000000000 2
796 276 3 8192 2.000000000 2
796 288 3 8192 2.000000000 2
796 304 3 8192 2.000000000 2
796 308 3 8192 2.000000000 2
796 316 3 8192 2.000000000 2
796 360 3 8192 2.000000000 2
796 388 3 8192 2.000000000 2
796 424 3 8192 2.000000000 2
796 484 3 8192 2.000000000 2
796 488 3 8192 2.000000000 2
796 500 3 8192 2.000000000 2
796 504 3 8192 2.000000000 2
796 508 3 8192 2.000000000 2
796 516 3 8192 2.000000000 2
796 524 3 8192 2.000000000 2
796 540 3 8192 2.000000000 2
796 584 3 8192 2.000000000 2
796 592 3 8192 2.000000000 2
796 620 3 8192 2.000000000 2
796 636 3 8192 2.000000000 2
796 652 3 8192 2.000000000 2
796 656 3 8192 2.000000000 2
796 668 3 8192 2.000000000 2
796 680 3 8192 2.000000000 2
796 684 3 8192 2.000000000 2
796 692 3 8192 2.000000000 2
796 700 3 8192 2.000000000 2
796 708 3 8192 2.000000000 2
796 736 3 8192 2.000000000 2
796 812 3 8192 2.000000000 2
796 824 3 8192 2.000000000 2
796 828 3 8192 2.000000000 2
796 840 3 8192 2.000000000 2
796 844 3 8192 2.000000000 2
796 856 3 8192 2.000000000 2
796 1020 3 8192 2.000000000 2
796 1048 3 8192 2.000000000 2
796 1056 3 8192 2.000000000 2
796 1060 3 8192 2.000000000 2
796 1072 3 8192 2.000000000 2
796 1076 3 8192 2.000000000 2
796 1104 3 8192 2.000000000 2
796 1148 3 8192 2.000000000 2
796 1160 3 8192 2.000000000 2
796 1184 3 8192 2.000000000 2
796 1196 3 8192 2.000000000 2
796 1204 3 8192 2.000000000 2
796 1220 3 8192 2.000000000 2
796 1228 3 8192 2.000000000 2
812 16 3 8192 2.000000000 2
812 56 3 8192 2.000000000 2
812 96 3 8192 2.000000000 2
812 120 3 8192 2.000000000 2
812 156 3 8192 2.000000000 2
812 168 3 8192 2.000000000 2
812 184 3 8192 2.000000000 2
812 196 3 8192 2.000000000 2
812 200 3 8192 2.000000000 2
812 208 3 8192 2.000000000 2
812 216 3 8192 2.000000000 2
812 228 3 8192 2.000000000 2
812 232 3 8192 2.000000000 2
812 248 3 8192 2.000000000 2
812 288 3 8192 2.000000000 2
812 292 3 8192 2.000000000 2
812 328 3 8192 2.000000000 2
812 336 3 8192 2.000000000 2
812 360 3 8192 2.000000000 2
812 372 3 8192 2.000000000 2
812 420 3 8192 2.000000000 2
812 432 3 8192 2.000000000 2
812 436 3 8192 2.000000000 2
812 448 3 8192 2.000000000 2
812 468 3 8192 2.000000000 2
812 488 3 8192 2.000000000 2
812 492 3 8192 2.000000000 2
812 560 3 8192 2.000000000 2
812 592 3 8192 2.000000000 2
812 600 3 8192 2.000000000 2
812 608 3 8192 2.000000000 2
812 624 3 8192 2.000000000 2
812 632 3 8192 2.000000000 2
812 688 3 8192 2.000000000 2
812 696 3 8192 2.000000000 2
812 704 3 8192 2.000000000 2
812 708 3 8192 2.000000000 2
812 712 3 8192 2.000000000 2
812 716 3 8192 2.000000000 2
812 744 3 8192 2.000000000 2
812 764 3 8192 2.000000000 2
812 780 3 8192 2.000000000 2
812 820 3 8192 2.000000000 2
812 840 3 8192 2.000000000 2
812 856 3 8192 2.000000000 2
812 860 3 8192 2.000000000 2
812 864 3 8192 2.000000000 2
812 868 3 8192 2.000000000 2
812 928 3 8192 2.000000000 2
812 976 3 8192 2.000000000 2
812 1016 3 8192 2.000000000 2
812 1052 3 8192 2.000000000 2
812 1104 3 8192 2.000000000 2
812 1120 3 8192 2.000000000 2
812 1124 3 8192 2.000000000 2
812 1152 3 8192 2.000000000 2
812 1160 3 8192 2.000000000 2
812 1168 3 8192 2.000000000 2
812 1196 3 8192 2.000000000 2
812 1200 3 8192 2.000000000 2
812 1212 3 8192 2.000000000 2
812 1228 3 8192 2.000000000 2
812 1232 3 8192 2.000000000 2
812 1248 3 8192 2.000000000 2
820 36 3 8192 2.000000000 2
820 56 3 8192 2.000000000 2
820 64 3 8192 2.000000000 2
820 168 3 8192 2.000000000 2
820 188 3 8192 2.000000000 2
820 200 3 8192 2.000000000 2
820 204 3 8192 2.000000000 2
820 224 3 8192 2.000000000 2
820 232 3 8192 2.000000000 2
820 236 3 8192 2.000000000 2
820 248 3 8192 2.000000000 2
820 252 3 8192 2.000000000 2
820 280 3 8192 2.000000000 2
820 288 3 8192 2.000000000 2
820 308 3 8192 2.000000000 2
820 316 3 8192 2.000000000 2
820 332 3 8192 2.000000000 2
820 348 3 8192 2.000000000 2
820 360 3 8192 2.000000000 2
820 372 3 8192 2.000000000 2
820 380 3 8192 2.000000000 2
820 424 3 8192 2.000000000 2
820 432 3 8192 2.000000000 2
820 452 3 8192 2.000000000 2
820 484 3 8192 2.000000000 2
820 500 3 8192 2.000000000 2
820 508 3 8192 2.000000000 2
820 524 3 8192 2.000000000 2
820 556 3 8192 2.000000000 2
820 560 3 8192 2.000000000 2
820 580 3 8192 2.000000000 2
820 592 3 8192 2.000000000 2
820 608 3 8192 2.000000000 2
820 616 3 8192 2.000000000 2
820 628 3 8192 2.000000000 2
820 632 3 8192 2.000000000 2
820 696 3 8192 2.000000000 2
820 700 3 8192 2.000000000 2
820 716 3 8192 2.000000000 2
820 724 3 8192 2.000000000 2
820 760 3 8192 2.000000000 2
820 772 3 8192 2.000000000 2
820 788 3 8192 2.000000000 2
820 796 3 8192 2.000000000 2
820 824 3 8192 2.000000000 2
820 836 3 8192 2.000000000 2
820 864 3 8192 2.000000000 2
820 868 3 8192 2.000000000 2
820 916 3 8192 2.000000000 2
820 932 3 8192 2.000000000 2
820 960 3 8192 2.000000000 2
820 972 3 8192 2.000000000 2
820 984 3 8192 2.000000000 2
820 992 3 8192 2.000000000 2
820 996 3 8192 2.000000000 2
820 1076 3 8192 2.000000000 2
820 1080 3 8192 2.000000000 2
820 1148 3 8192 2.000000000 2
820 1152 3 8192 2.000000000 2
820 1188 3 8192 2.000000000 2
820 1228 3 8192 2.000000000 2
820 1240 3 8192 2.000000000 2
820 1252 3 8192 2.000000000 2
820 1264 3 8192 2.000000000 2
824 20 3 8192 2.000000000 2
824 24 3 8192 2.000000000 2
824 32 3 8192 2.000000000 2
824 36 3 8192 2.000000000 2
824 48 3 8192 2.000000000 2
824 56 3 8192 2.000000000 2
824 68 3 8192 2.000000000 2
824 88 3 8192 2.000000000 2
824 124 3 8192 2.000000000 2
824 144 3 8192 2.000000000 2
824 156 3 8192 2.000000000 2
824 192 3 8192 2.000000000 2
824 216 3 8192 2.000000000 2
824 220 3 8192 2.000000000 2
824 256 3 8192 2.000000000 2
824 272 3 8192 2.000000000 2
824 296 3 8192 2.000000000 2
824 332 3 8192 2.000000000 2
824 360 3 8192 2.000000000 2
824 372 3 8192 2.000000000 2
824 396 3 8192 2.000000000 2
824 420 3 8192 2.000000000 2
824 436 3 8192 2.000000000 2
824 492 3 8192 2.000000000 2
824 500 3 8192 2.000000000 2
824 508 3 8192 2.000000000 2
824 520 3 8192 2.000000000 2
824 532 3 8192 2.000000000 2
824 540 3 8192 2.000000000 2
824 564 3 8192 2.000000000 2
824 592 3 8192 2.000000000 2
824 620 3 8192 2.000000000 2
824 636 3 8192 2.000000000 2
824 640 3 8192 2.000000000 2
824 664 3 8192 2.000000000 2
824 676 3 8192 2.000000000 2
824 688 3 8192 2.000000000 2
824 716 3 8192 2.000000000 2
824 736 3 8192 2.000000000 2
824 744 3 8192 2.000000000 2
824 780 3 8192 2.000000000 2
824 844 3 8192 2.000000000 2
824 896 3 8192 2.000000000 2
824 900 3 8192 2.000000000 2
824 940 3 8192 2.000000000 2
824 944 3 8192 2.000000000 2
824 960 3 8192 2.000000000 2
824 964 3 8192 2.000000000 2
824 968 3 8192 2.000000000 2
824 980 3 8192 2.000000000 2
824 1004 3 8192 2.000000000 2
824 1012 3 8192 2.000000000 2
824 1016 3 8192 2.000000000 2
824 1024 3 8192 2.000000000 2
824 1116 3 8192 2.000000000 2
824 1120 3 8192 2.000000000 2
824 1124 3 8192 2.000000000 2
824 1148 3 8192 2.000000000 2
824 1164 3 8192 2.000000000 2
824 1196 3 8192 2.000000000 2
824 1216 3 8192 2.000000000 2
824 1228 3 8192 2.000000000 2
824 1240 3 8192 2.000000000 2
824 1244 3 8192 2.000000000 2
828 0 3 8192 2.000000000 2
828 8 3 8192 2.000000000 2
828 52 3 8192 2.000000000 2
828 60 3 8192 2.000000000 2
828 76 3 8192 2.000000000 2
828 108 3 8192 2.000000000 2
828 144 3 8192 2.000000000 2
828 168 3 8192 2.000000000 2
828 180 3 8192 2.000000000 2
828 204 3 8192 2.000000000 2
828 208 3 8192 2.000000000 2
828 220 3 8192 2.000000000 2
828 228 3 8192 2.000000000 2
828 252 3 8192 2.000000000 2
828 272 3 8192 2.000000000 2
828 280 3 8192 2.000000000 2
828 296 3 8192 2.000000000 2
828 300 3 8192 2.000000000 2
828 304 3 8192 2.000000000 2
828 308 3 8192 2.000000000 2
828 356 3 8192 2.000000000 2
828 368 3 8192 2.000000000 2
828 380 3 8192 2.000000000 2
828 392 3 8192 2.000000000 2
828 412 3 8192 2.000000000 2
828 424 3 8192 2.000000000 2
828 452 3 8192 2.000000000 2
828 468 3 8192 2.000000000 2
828 488 3 8192 2.000000000 2
828 504 3 8192 2.000000000 2
828 512 3 8192 2.000000000 2
828 532 3 8192 2.000000000 2
828 556 3 8192 2.000000000 2
828 616 3 8192 2.000000000 2
828 632 3 8192 2.000000000 2
828 640 3 8192 2.000000000 2
828 656 3 8192 2.000000000 2
828 668 3 8192 2.000000000 2
828 708 3 8192 2.000000000 2
828 712 3 8192 2.000000000 2
828 716 3 8192 2.000000000 2
828 752 3 8192 2.000000000 2
828 756 3 8192 2.000000000 2
828 780 3 8192 2.000000000 2
828 824 3 8192 2.000000000 2
828 836 3 8192 2.000000000 2
828 844 3 8192 2.000000000 2
828 860 3 8192 2.000000000 2
828 876 3 8192 2.000000000 2
828 940 3 8192 2.000000000 2
828 960 3 8192 2.000000000 2
828 968 3 8192 2.000000000 2
828 992 3 8192 2.000000000 2
828 1016 3 8192 2.000000000 2
828 1020 3 8192 2.000000000 2
828 1052 3 8192 2.000000000 2
828 1056 3 8192 2.000000000 2
828 1108 3 8192 2.000000000 2
828 1128 3 8192 2.000000000 2
828 1180 3 8192 2.000000000 2
828 1184 3 8192 2.000000000 2
828 1188 3 8192 2.000000000 2
828 1212 3 8192 2.000000000 2
828 1216 3 8192 2.000000000 2
832 8 3 8192 2.000000000 2
832 16 3 8192 2.000000000 2
832 24 3 8192 2.000000000 2
832 28 3 8192 2.000000000 2
832 32 3 8192 2.000000000 2
832 76 3 8192 2.000000000 2
832 108 3 8192 2.000000000 2
832 136 3 8192 2.000000000 2
832 164 3 8192 2.000000000 2
832 168 3 8192 2.000000000 2
832 180 3 8192 2.000000000 2
832 200 3 8192 2.000000000 2
832 244 3 8192 2.000000000 2
832 276 3 8192 2.000000000 2
832 288 3 8192 2.000000000 2
832 292 3 8192 2.000000000 2
832 300 3 8192 2.000000000 2
832 312 3 8192 2.000000000 2
832 336 3 8192 2.000000000 2
832 348 3 8192 2.000000000 2
832 352 3 8192 2.000000000 2
832 360 3 8192 2.000000000 2
832 376 3 8192 2.000000000 2
832 400 3 8192 2.000000000 2
832 404 3 8192 2.000000000 2
832 424 3 8192 2.000000000 2
832 436 3 8192 2.000000000 2
832 456 3 8192 2.000000000 2
832 464 3 8192 2.000000000 2
832 468 3 8192 2.000000000 2
832 500 3 8192 2.000000000 2
832 528 3 8192 2.000000000 2
832 532 3 8192 2.000000000 2
832 560 3 8192 2.000000000 2
832 580 3 8192 2.000000000 2
832 612 3 8192 2.000000000 2
832 628 3 8192 2.000000000 2
832 668 3 8192 2.000000000 2
832 676 3 8192 2.000000000 2
832 680 3 8192 2.000000000 2
832 692 3 8192 2.000000000 2
832 708 3 8192 2.000000000 2
832 716 3 8192 2.000000000 2
832 720 3 8192 2.000000000 2
832 736 3 8192 2.000000000 2
832 756 3 8192 2.000000000 2
832 760 3 8192 2.000000000 2
832 812 3 8192 2.000000000 2
832 828 3 8192 2.000000000 2
832 856 3 8192 2.000000000 2
832 860 3 8192 2.000000000 2
832 944 3 8192 2.000000000 2
832 1024 3 8192 2.000000000 2
832 1052 3 8192 2.000000000 2
832 1080 3 8192 2.000000000 2
832 1124 3 8192 2.000000000 2
832 1148 3 8192 2.000000000 2
832 1160 3 8192 2.000000000 2
832 1192 3 8192 2.000000000 2
832 1208 3 8192 2.000000000 2
832 1216 3 8192 2.000000000 2
832 1220 3 8192 2.000000000 2
832 1232 3 8192 2.000000000 2
832 1264 3 8192 2.000000000 2
836 16 3 8192 2.000000000 2
836 40 3 8192 2.000000000 2
836 88 3 8192 2.000000000 2
836 100 3 8192 2.000000000 2
836 104 3 8192 2.000000000 2
836 152 3 8192 2.000000000 2
836 156 3 8192 2.000000000 2
836 172 3 8192 2.000000000 2
836 196 3 8192 2.000000000 2
836 200 3 8192 2.000000000 2
836 208 3 8192 2.000000000 2
836 224 3 8192 2.000000000 2
836 232 3 8192 2.000000000 2
836 256 3 8192 2.000000000 2
836 288 3 8192 2.000000000 2
836 304 3 8192 2.000000000 2
836 332 3 8192 2.000000000 2
836 348 3 8192 2.000000000 2
836 352 3 8192 2.000000000 2
836 388 3 8192 2.000000000 2
836 396 3 8192 2.000000000 2
836 420 3 8192 2.000000000 2
836 432 3 8192 2.000000000 2
836 440 3 8192 2.000000000 2
836 464 3 8192 2.000000000 2
836 480 3 8192 2.000000000 2
836 516 3 8192 2.000000000 2
836 524 3 8192 2.000000000 2
836 532 3 8192 2.000000000 2
836 560 3 8192 2.000000000 2
836 564 3 8192 2.000000000 2
836 580 3 8192 2.000000000 2
836 592 3 8192 2.000000000 2
836 596 3 8192 2.000000000 2
836 616 3 8192 2.000000000 2
836 624 3 8192 2.000000000 2
836 628 3 8192 2.000000000 2
836 636 3 8192 2.000000000 2
836 640 3 8192 2.000000000 2
836 696 3 8192 2.000000000 2
836 720 3 8192 2.000000000 2
836 740 3 8192 2.000000000 2
836 772 3 8192 2.000000000 2
836 776 3 8192 2.000000000 2
836 784 3 8192 2.000000000 2
836 892 3 8192 2.000000000 2
836 912 3 8192 2.000000000 2
836 944 3 8192 2.000000000 2
836 956 3 8192 2.000000000 2
836 980 3 8192 2.000000000 2
836 996 3 8192 2.000000000 2
836 1020 3 8192 2.000000000 2
836 1068 3 8192 2.000000000 2
836 1076 3 8192 2.000000000 2
836 1120 3 8192 2.000000000 2
836 1148 3 8192 2.000000000 2
836 1152 3 8192 2.000000000 2
836 1156 3 8192 2.000000000 2
836 1164 3 8192 2.000000000 2
836 1168 3 8192 2.000000000 2
836 1204 3 8192 2.000000000 2
836 1212 3 8192 2.000000000 2
836 1240 3 8192 2.000000000 2
836 1272 3 8192 2.000000000 2
840 28 3 8192 2.000000000 2
840 44 3 8192 2.000000000 2
840 52 3 8192 2.000000000 2
840 60 3 8192 2.000000000 2
840 88 3 8192 2.000000000 2
840 156 3 8192 2.000000000 2
840 168 3 8192 2.000000000 2
840 172 3 8192 2.000000000 2
840 188 3 8192 2.000000000 2
840 200 3 8192 2.000000000 2
840 240 3 8192 2.000000000 2
840 248 3 8192 2.000000000 2
840 256 3 8192 2.000000000 2
840 280 3 8192 2.000000000 2
840 284 3 8192 2.000000000 2
840 340 3 8192 2.000000000 2
840 348 3 8192 2.000000000 2
840 404 3 8192 2.000000000 2
840 420 3 8192 2.000000000 2
840 424 3 8192 2.000000000 2
840 456 3 8192 2.000000000 2
840 464 3 8192 2.000000000 2
840 492 3 8192 2.000000000 2
840 508 3 8192 2.000000000 2
840 528 3 8192 2.000000000 2
840 532 3 8192 2.000000000 2
840 540 3 8192 2.000000000 2
840 548 3 8192 2.000000000 2
840 556 3 8192 2.000000000 2
840 592 3 8192 2.000000000 2
840 616 3 8192 2.000000000 2
840 636 3 8192 2.000000000 2
840 640 3 8192 2.000000000 2
840 668 3 8192 2.000000000 2
840 684 3 8192 2.000000000 2
840 688 3 8192 2.000000000 2
840 708 3 8192 2.000000000 2
840 712 3 8192 2.000000000 2
840 716 3 8192 2.000000000 2
840 756 3 8192 2.000000000 2
840 760 3 8192 2.000000000 2
840 836 3 8192 2.000000000 2
840 844 3 8192 2.000000000 2
840 860 3 8192 2.000000000 2
840 868 3 8192 2.000000000 2
840 892 3 8192 2.000000000 2
840 916 3 8192 2.000000000 2
840 952 3 8192 2.000000000 2
840 968 3 8192 2.000000000 2
840 976 3 8192 2.000000000 2
840 980 3 8192 2.000000000 2
840 1004 3 8192 2.000000000 2
840 1072 3 8192 2.000000000 2
840 1080 3 8192 2.000000000 2
840 1112 3 8192 2.000000000 2
840 1128 3 8192 2.000000000 2
840 1148 3 8192 2.000000000 2
840 1156 3 8192 2.000000000 2
840 1164 3 8192 2.000000000 2
840 1180 3 8192 2.000000000 2
840 1188 3 8192 2.000000000 2
840 1196 3 8192 2.000000000 2
840 1204 3 8192 2.000000000 2
840 1228 3 8192 2.000000000 2
844 16 3 8192 2.000000000 2
844 44 3 8192 2.000000000 2
844 56 3 8192 2.000000000 2
844 60 3 8192 2.000000000 2
844 96 3 8192 2.000000000 2
844 140 3 8192 2.000000000 2
844 152 3 8192 2.000000000 2
844 164 3 8192 2.000000000 2
844 168 3 8192 2.000000000 2
844 184 3 8192 2.000000000 2
844 208 3 8192 2.000000000 2
844 236 3 8192 2.000000000 2
844 248 3 8192 2.000000000 2
844 264 3 8192 2.000000000 2
844 284 3 8192 2.000000000 2
844 300 3 8192 2.000000000 2
844 304 3 8192 2.000000000 2
844 312 3 8192 2.000000000 2
844 316 3 8192 2.000000000 2
844 340 3 8192 2.000000000 2
844 436 3 8192 2.000000000 2
844 456 3 8192 2.000000000 2
844 464 3 8192 2.000000000 2
844 516 3 8192 2.000000000 2
844 524 3 8192 2.000000000 2
844 532 3 8192 2.000000000 2
844 548 3 8192 2.000000000 2
844 568 3 8192 2.000000000 2
844 580 3 8192 2.000000000 2
844 584 3 8192 2.000000000 2
844 600 3 8192 2.000000000 2
844 620 3 8192 2.000000000 2
844 624 3 8192 2.000000000 2
844 640 3 8192 2.000000000 2
844 644 3 8192 2.000000000 2
844 652 3 8192 2.000000000 2
844 664 3 8192 2.000000000 2
844 668 3 8192 2.000000000 2
844 776 3 8192 2.000000000 2
844 812 3 8192 2.000000000 2
844 828 3 8192 2.000000000 2
844 832 3 8192 2.000000000 2
844 836 3 8192 2.000000000 2
844 848 3 8192 2.000000000 2
844 864 3 8192 2.000000000 2
844 868 3 8192 2.000000000 2
844 896 3 8192 2.000000000 2
844 900 3 8192 2.000000000 2
844 956 3 8192 2.000000000 2
844 984 3 8192 2.000000000 2
844 992 3 8192 2.000000000 2
844 996 3 8192 2.000000000 2
844 1012 3 8192 2.000000000 2
844 1016 3 8192 2.000000000 2
844 1020 3 8192 2.000000000 2
844 1096 3 8192 2.000000000 2
844 1108 3 8192 2.000000000 2
844 1116 3 8192 2.000000000 2
844 1124 3 8192 2.000000000 2
844 1128 3 8192 2.000000000 2
844 1148 3 8192 2.000000000 2
844 1168 3 8192 2.000000000 2
844 1180 3 8192 2.000000000 2
844 1248 3 8192 2.000000000 2
848 56 3 8192 2.000000000 2
848 144 3 8192 2.000000000 2
848 156 3 8192 2.000000000 2
848 164 3 8192 2.000000000 2
848 168 3 8192 2.000000000 2
848 184 3 8192 2.000000000 2
848 204 3 8192 2.000000000 2
848 216 3 8192 2.000000000 2
848 228 3 8192 2.000000000 2
848 248 3 8192 2.000000000 2
848 252 3 8192 2.000000000 2
848 268 3 8192 2.000000000 2
848 272 3 8192 2.000000000 2
848 336 3 8192 2.000000000 2
848 356 3 8192 2.000000000 2
848 368 3 8192 2.000000000 2
848 380 3 8192 2.000000000 2
848 420 3 8192 2.000000000 2
848 468 3 8192 2.000000000 2
848 480 3 8192 2.000000000 2
848 488 3 8192 2.000000000 2
848 492 3 8192 2.000000000 2
848 504 3 8192 2.000000000 2
848 512 3 8192 2.000000000 2
848 516 3 8192 2.000000000 2
848 520 3 8192 2.000000000 2
848 556 3 8192 2.000000000 2
848 584 3 8192 2.000000000 2
848 632 3 8192 2.000000000 2
848 652 3 8192 2.000000000 2
848 688 3 8192 2.000000000 2
848 704 3 8192 2.000000000 2
848 708 3 8192 2.000000000 2
848 712 3 8192 2.000000000 2
848 732 3 8192 2.000000000 2
848 752 3 8192 2.000000000 2
848 756 3 8192 2.000000000 2
848 764 3 8192 2.000000000 2
848 776 3 8192 2.000000000 2
848 796 3 8192 2.000000000 2
848 836 3 8192 2.000000000 2
848 840 3 8192 2.000000000 2
848 856 3 8192 2.000000000 2
848 888 3 8192 2.000000000 2
848 924 3 8192 2.000000000 2
848 968 3 8192 2.000000000 2
848 972 3 8192 2.000000000 2
848 984 3 8192 2.000000000 2
848 996 3 8192 2.000000000 2
848 1016 3 8192 2.000000000 2
848 1056 3 8192 2.000000000 2
848 1068 3 8192 2.000000000 2
848 1080 3 8192 2.000000000 2
848 1104 3 8192 2.000000000 2
848 1116 3 8192 2.000000000 2
848 1120 3 8192 2.000000000 2
848 1124 3 8192 2.000000000 2
848 1152 3 8192 2.000000000 2
848 1160 3 8192 2.000000000 2
848 1180 3 8192 2.000000000 2
848 1188 3 8192 2.000000000 2
848 1204 3 8192 2.000000000 2
848 1232 3 8192 2.000000000 2
848 1240 3 8192 2.000000000 2
852 16 3 8192 2.000000000 2
852 40 3 8192 2.000000000 2
852 44 3 8192 2.000000000 2
852 56 3 8192 2.000000000 2
852 64 3 8192 2.000000000 2
852 92 3 8192 2.000000000 2
852 104 3 8192 2.000000000 2
852 152 3 8192 2.000000000 2
852 156 3 8192 2.000000000 2
852 168 3 8192 2.000000000 2
852 220 3 8192 2.000000000 2
852 252 3 8192 2.000000000 2
852 264 3 8192 2.000000000 2
852 276 3 8192 2.000000000 2
852 292 3 8192 2.000000000 2
852 296 3 8192 2.000000000 2
852 368 3 8192 2.000000000 2
852 400 3 8192 2.000000000 2
852 408 3 8192 2.000000000 2
852 412 3 8192 2.000000000 2
852 432 3 8192 2.000000000 2
852 436 3 8192 2.000000000 2
852 456 3 8192 2.000000000 2
852 508 3 8192 2.000000000 2
852 556 3 8192 2.000000000 2
852 568 3 8192 2.000000000 2
852 616 3 8192 2.000000000 2
852 620 3 8192 2.000000000 2
852 652 3 8192 2.000000000 2
852 660 3 8192 2.000000000 2
852 676 3 8192 2.000000000 2
852 704 3 8192 2.000000000 2
852 708 3 8192 2.000000000 2
852 740 3 8192 2.000000000 2
852 756 3 8192 2.000000000 2
852 772 3 8192 2.000000000 2
852 784 3 8192 2.000000000 2
852 812 3 8192 2.000000000 2
852 828 3 8192 2.000000000 2
852 836 3 8192 2.000000000 2
852 888 3 8192 2.000000000 2
852 912 3 8192 2.000000000 2
852 956 3 8192 2.000000000 2
852 960 3 8192 2.000000000 2
852 972 3 8192 2.000000000 2
852 976 3 8192 2.000000000 2
852 992 3 8192 2.000000000 2
852 996 3 8192 2.000000000 2
852 1036 3 8192 2.000000000 2
852 1056 3 8192 2.000000000 2
852 1068 3 8192 2.000000000 2
852 1072 3 8192 2.000000000 2
852 1076 3 8192 2.000000000 2
852 1080 3 8192 2.000000000 2
852 1124 3 8192 2.000000000 2
852 1136 3 8192 2.000000000 2
852 1148 3 8192 2.000000000 2
852 1152 3 8192 2.000000000 2
852 1176 3 8192 2.000000000 2
852 1180 3 8192 2.000000000 2
852 1192 3 8192 2.000000000 2
852 1248 3 8192 2.000000000 2
852 1252 3 8192 2.000000000 2
852 1272 3 8192 2.000000000 2
856 24 3 8192 2.000000000 2
856 52 3 8192 2.000000000 2
856 64 3 8192 2.000000000 2
856 96 3 8192 2.000000000 2
856 128 3 8192 2.000000000 2
856 144 3 8192 2.000000000 2
856 152 3 8192 2.000000000 2
856 220 3 8192 2.000000000 2
856 224 3 8192 2.000000000 2
856 228 3 8192 2.000000000 2
856 232 3 8192 2.000000000 2
856 236 3 8192 2.000000000 2
856 256 3 8192 2.000000000 2
856 264 3 8192 2.000000000 2
856 272 3 8192 2.000000000 2
856 292 3 8192 2.000000000 2
856 304 3 8192 2.000000000 2
856 316 3 8192 2.000000000 2
856 336 3 8192 2.000000000 2
856 340 3 8192 2.000000000 2
856 352 3 8192 2.000000000 2
856 376 3 8192 2.000000000 2
856 400 3 8192 2.000000000 2
856 412 3 8192 2.000000000 2
856 424 3 8192 2.000000000 2
856 432 3 8192 2.000000000 2
856 448 3 8192 2.000000000 2
856 452 3 8192 2.000000000 2
856 464 3 8192 2.000000000 2
856 468 3 8192 2.000000000 2
856 480 3 8192 2.000000000 2
856 504 3 8192 2.000000000 2
856 528 3 8192 2.000000000 2
856 596 3 8192 2.000000000 2
856 616 3 8192 2.000000000 2
856 624 3 8192 2.000000000 2
856 688 3 8192 2.000000000 2
856 704 3 8192 2.000000000 2
856 708 3 8192 2.000000000 2
856 712 3 8192 2.000000000 2
856 744 3 8192 2.000000000 2
856 832 3 8192 2.000000000 2
856 852 3 8192 2.000000000 2
856 868 3 8192 2.000000000 2
856 892 3 8192 2.000000000 2
856 896 3 8192 2.000000000 2
856 912 3 8192 2.000000000 2
856 952 3 8192 2.000000000 2
856 984 3 8192 2.000000000 2
856 992 3 8192 2.000000000 2
856 1012 3 8192 2.000000000 2
856 1024 3 8192 2.000000000 2
856 1056 3 8192 2.000000000 2
856 1084 3 8192 2.000000000 2
856 1108 3 8192 2.000000000 2
856 1120 3 8192 2.000000000 2
856 1128 3 8192 2.000000000 2
856 1152 3 8192 2.000000000 2
856 1160 3 8192 2.000000000 2
856 1164 3 8192 2.000000000 2
856 1180 3 8192 2.000000000 2
856 1184 3 8192 2.000000000 2
856 1196 3 8192 2.000000000 2
856 1204 3 8192 2.000000000 2
860 64 3 8192 2.000000000 2
860 68 3 8192 2.000000000 2
860 76 3 8192 2.000000000 2
860 108 3 8192 2.000000000 2
860 160 3 8192 2.000000000 2
860 216 3 8192 2.000000000 2
860 220 3 8192 2.000000000 2
860 264 3 8192 2.000000000 2
860 288 3 8192 2.000000000 2
860 328 3 8192 2.000000000 2
860 336 3 8192 2.000000000 2
860 376 3 8192 2.000000000 2
860 396 3 8192 2.000000000 2
860 408 3 8192 2.000000000 2
860 420 3 8192 2.000000000 2
860 456 3 8192 2.000000000 2
860 468 3 8192 2.000000000 2
860 500 3 8192 2.000000000 2
860 512 3 8192 2.000000000 2
860 516 3 8192 2.000000000 2
860 520 3 8192 2.000000000 2
860 528 3 8192 2.000000000 2
860 548 3 8192 2.000000000 2
860 556 3 8192 2.000000000 2
860 580 3 8192 2.000000000 2
860 616 3 8192 2.000000000 2
860 624 3 8192 2.000000000 2
860 628 3 8192 2.000000000 2
860 636 3 8192 2.000000000 2
860 640 3 8192 2.000000000 2
860 644 3 8192 2.000000000 2
860 652 3 8192 2.000000000 2
860 656 3 8192 2.000000000 2
860 660 3 8192 2.000000000 2
860 676 3 8192 2.000000000 2
860 684 3 8192 2.000000000 2
860 692 3 8192 2.000000000 2
860 724 3 8192 2.000000000 2
860 732 3 8192 2.000000000 2
860 744 3 8192 2.000000000 2
860 752 3 8192 2.000000000 2
860 772 3 8192 2.000000000 2
860 776 3 8192 2.000000000 2
860 788 3 8192 2.000000000 2
860 792 3 8192 2.000000000 2
860 828 3 8192 2.000000000 2
860 840 3 8192 2.000000000 2
860 852 3 8192 2.000000000 2
860 876 3 8192 2.000000000 2
860 928 3 8192 2.000000000 2
860 964 3 8192 2.000000000 2
860 980 3 8192 2.000000000 2
860 1012 3 8192 2.000000000 2
860 1028 3 8192 2.000000000 2
860 1036 3 8192 2.000000000 2
860 1076 3 8192 2.000000000 2
860 1112 3 8192 2.000000000 2
860 1124 3 8192 2.000000000 2
860 1156 3 8192 2.000000000 2
860 1176 3 8192 2.000000000 2
860 1180 3 8192 2.000000000 2
860 1204 3 8192 2.000000000 2
860 1228 3 8192 2.000000000 2
860 1244 3 8192 2.000000000 2
864 24 3 8192 2.000000000 2
864 44 3 8192 2.000000000 2
864 56 3 8192 2.000000000 2
864 96 3 8192 2.000000000 2
864 100 3 8192 2.000000000 2
864 128 3 8192 2.000000000 2
864 152 3 8192 2.000000000 2
864 188 3 8192 2.000000000 2
864 228 3 8192 2.000000000 2
864 264 3 8192 2.000000000 2
864 268 3 8192 2.000000000 2
864 276 3 8192 2.000000000 2
864 280 3 8192 2.000000000 2
864 288 3 8192 2.000000000 2
864 296 3 8192 2.000000000 2
864 308 3 8192 2.000000000 2
864 328 3 8192 2.000000000 2
864 332 3 8192 2.000000000 2
864 348 3 8192 2.000000000 2
864 368 3 8192 2.000000000 2
864 372 3 8192 2.000000000 2
864 388 3 8192 2.000000000 2
864 404 3 8192 2.000000000 2
864 412 3 8192 2.000000000 2
864 480 3 8192 2.000000000 2
864 512 3 8192 2.000000000 2
864 520 3 8192 2.000000000 2
864 532 3 8192 2.000000000 2
864 556 3 8192 2.000000000 2
864 568 3 8192 2.000000000 2
864 580 3 8192 2.000000000 2
864 608 3 8192 2.000000000 2
864 624 3 8192 2.000000000 2
864 632 3 8192 2.000000000 2
864 644 3 8192 2.000000000 2
864 668 3 8192 2.000000000 2
864 684 3 8192 2.000000000 2
864 688 3 8192 2.000000000 2
864 700 3 8192 2.000000000 2
864 772 3 8192 2.000000000 2
864 824 3 8192 2.000000000 2
864 836 3 8192 2.000000000 2
864 848 3 8192 2.000000000 2
864 860 3 8192 2.000000000 2
864 912 3 8192 2.000000000 2
864 924 3 8192 2.000000000 2
864 944 3 8192 2.000000000 2
864 964 3 8192 2.000000000 2
864 976 3 8192 2.000000000 2
864 996 3 8192 2.000000000 2
864 1048 3 8192 2.000000000 2
864 1072 3 8192 2.000000000 2
864 1096 3 8192 2.000000000 2
864 1116 3 8192 2.000000000 2
864 1152 3 8192 2.000000000 2
864 1164 3 8192 2.000000000 2
864 1176 3 8192 2.000000000 2
864 1180 3 8192 2.000000000 2
864 1188 3 8192 2.000000000 2
864 1200 3 8192 2.000000000 2
864 1220 3 8192 2.000000000 2
864 1228 3 8192 2.000000000 2
864 1232 3 8192 2.000000000 2
864 1244 3 8192 2.000000000 2
868 16 3 8192 2.000000000 2
868 20 3 8192 2.000000000 2
868 32 3 8192 2.000000000 2
868 36 3 8192 2.000000000 2
868 40 3 8192 2.000000000 2
868 132 3 8192 2.000000000 2
868 152 3 8192 2.000000000 2
868 192 3 8192 2.000000000 2
868 200 3 8192 2.000000000 2
868 220 3 8192 2.000000000 2
868 236 3 8192 2.000000000 2
868 252 3 8192 2.000000000 2
868 276 3 8192 2.000000000 2
868 284 3 8192 2.000000000 2
868 304 3 8192 2.000000000 2
868 308 3 8192 2.000000000 2
868 316 3 8192 2.000000000 2
868 336 3 8192 2.000000000 2
868 348 3 8192 2.000000000 2
868 376 3 8192 2.000000000 2
868 400 3 8192 2.000000000 2
868 408 3 8192 2.000000000 2
868 420 3 8192 2.000000000 2
868 424 3 8192 2.000000000 2
868 432 3 8192 2.000000000 2
868 440 3 8192 2.000000000 2
868 448 3 8192 2.000000000 2
868 480 3 8192 2.000000000 2
868 528 3 8192 2.000000000 2
868 548 3 8192 2.000000000 2
868 560 3 8192 2.000000000 2
868 568 3 8192 2.000000000 2
868 600 3 8192 2.000000000 2
868 608 3 8192 2.000000000 2
868 616 3 8192 2.000000000 2
868 628 3 8192 2.000000000 2
868 640 3 8192 2.000000000 2
868 676 3 8192 2.000000000 2
868 680 3 8192 2.000000000 2
868 708 3 8192 2.000000000 2
868 732 3 8192 2.000000000 2
868 740 3 8192 2.000000000 2
868 756 3 8192 2.000000000 2
868 764 3 8192 2.000000000 2
868 772 3 8192 2.000000000 2
868 852 3 8192 2.000000000 2
868 928 3 8192 2.000000000 2
868 932 3 8192 2.000000000 2
868 964 3 8192 2.000000000 2
868 992 3 8192 2.000000000 2
868 1024 3 8192 2.000000000 2
868 1056 3 8192 2.000000000 2
868 1096 3 8192 2.000000000 2
868 1116 3 8192 2.000000000 2
868 1136 3 8192 2.000000000 2
868 1156 3 8192 2.000000000 2
868 1168 3 8192 2.000000000 2
868 1180 3 8192 2.000000000 2
868 1184 3 8192 2.000000000 2
868 1192 3 8192 2.000000000 2
868 1196 3 8192 2.000000000 2
868 1200 3 8192 2.000000000 2
868 1248 3 8192 2.000000000 2
868 1264 3 8192 2.000000000 2
876 0 3 8192 2.000000000 2
876 20 3 8192 2.000000000 2
876 44 3 8192 2.000000000 2
876 48 3 8192 2.000000000 2
876 56 3 8192 2.000000000 2
876 76 3 8192 2.000000000 2
876 88 3 8192 2.000000000 2
876 104 3 8192 2.000000000 2
876 152 3 8192 2.000000000 2
876 188 3 8192 2.000000000 2
876 220 3 8192 2.000000000 2
876 228 3 8192 2.000000000 2
876 240 3 8192 2.000000000 2
876 244 3 8192 2.000000000 2
876 292 3 8192 2.000000000 2
876 296 3 8192 2.000000000 2
876 304 3 8192 2.000000000 2
876 312 3 8192 2.000000000 2
876 324 3 8192 2.000000000 2
876 332 3 8192 2.000000000 2
876 348 3 8192 2.000000000 2
876 424 3 8192 2.000000000 2
876 464 3 8192 2.000000000 2
876 520 3 8192 2.000000000 2
876 532 3 8192 2.000000000 2
876 564 3 8192 2.000000000 2
876 612 3 8192 2.000000000 2
876 616 3 8192 2.000000000 2
876 632 3 8192 2.000000000 2
876 640 3 8192 2.000000000 2
876 680 3 8192 2.000000000 2
876 684 3 8192 2.000000000 2
876 688 3 8192 2.000000000 2
876 696 3 8192 2.000000000 2
876 716 3 8192 2.000000000 2
876 720 3 8192 2.000000000 2
876 736 3 8192 2.000000000 2
876 740 3 8192 2.000000000 2
876 760 3 8192 2.000000000 2
876 764 3 8192 2.000000000 2
876 828 3 8192 2.000000000 2
876 832 3 8192 2.000000000 2
876 840 3 8192 2.000000000 2
876 852 3 8192 2.000000000 2
876 856 3 8192 2.000000000 2
876 940 3 8192 2.000000000 2
876 944 3 8192 2.000000000 2
876 976 3 8192 2.000000000 2
876 980 3 8192 2.000000000 2
876 996 3 8192 2.000000000 2
876 1016 3 8192 2.000000000 2
876 1056 3 8192 2.000000000 2
876 1076 3 8192 2.000000000 2
876 1080 3 8192 2.000000000 2
876 1112 3 8192 2.000000000 2
876 1120 3 8192 2.000000000 2
876 1164 3 8192 2.000000000 2
876 1168 3 8192 2.000000000 2
876 1176 3 8192 2.000000000 2
876 1188 3 8192 2.000000000 2
876 1196 3 8192 2.000000000 2
876 1216 3 8192 2.000000000 2
876 1252 3 8192 2.000000000 2
876 1264 3 8192 2.000000000 2
888 40 3 8192 2.000000000 2
888 44 3 8192 2.000000000 2
888 48 3 8192 2.000000000 2
888 64 3 8192 2.000000000 2
888 88 3 8192 2.000000000 2
888 96 3 8192 2.000000000 2
888 128 3 8192 2.000000000 2
888 136 3 8192 2.000000000 2
888 156 3 8192 2.000000000 2
888 168 3 8192 2.000000000 2
888 184 3 8192 2.000000000 2
888 228 3 8192 2.000000000 2
888 240 3 8192 2.000000000 2
888 256 3 8192 2.000000000 2
888 280 3 8192 2.000000000 2
888 292 3 8192 2.000000000 2
888 296 3 8192 2.000000000 2
888 308 3 8192 2.000000000 2
888 312 3 8192 2.000000000 2
888 336 3 8192 2.000000000 2
888 368 3 8192 2.000000000 2
888 376 3 8192 2.000000000 2
888 388 3 8192 2.000000000 2
888 424 3 8192 2.000000000 2
888 456 3 8192 2.000000000 2
888 464 3 8192 2.000000000 2
888 500 3 8192 2.000000000 2
888 520 3 8192 2.000000000 2
888 552 3 8192 2.000000000 2
888 620 3 8192 2.000000000 2
888 652 3 8192 2.000000000 2
888 668 3 8192 2.000000000 2
888 692 3 8192 2.000000000 2
888 720 3 8192 2.000000000 2
888 732 3 8192 2.000000000 2
888 744 3 8192 2.000000000 2
888 760 3 8192 2.000000000 2
888 772 3 8192 2.000000000 2
888 780 3 8192 2.000000000 2
888 784 3 8192 2.000000000 2
888 796 3 8192 2.000000000 2
888 820 3 8192 2.000000000 2
888 828 3 8192 2.000000000 2
888 840 3 8192 2.000000000 2
888 900 3 8192 2.000000000 2
888 956 3 8192 2.000000000 2
888 960 3 8192 2.000000000 2
888 964 3 8192 2.000000000 2
888 976 3 8192 2.000000000 2
888 992 3 8192 2.000000000 2
888 996 3 8192 2.000000000 2
888 1004 3 8192 2.000000000 2
888 1016 3 8192 2.000000000 2
888 1028 3 8192 2.000000000 2
888 1060 3 8192 2.000000000 2
888 1076 3 8192 2.000000000 2
888 1096 3 8192 2.000000000 2
888 1120 3 8192 2.000000000 2
888 1148 3 8192 2.000000000 2
888 1152 3 8192 2.000000000 2
888 1188 3 8192 2.000000000 2
888 1220 3 8192 2.000000000 2
888 1248 3 8192 2.000000000 2
888 1264 3 8192 2.000000000 2
892 32 3 8192 2.000000000 2
892 88 3 8192 2.000000000 2
892 96 3 8192 2.000000000 2
892 184 3 8192 2.000000000 2
892 188 3 8192 2.000000000 2
892 196 3 8192 2.000000000 2
892 248 3 8192 2.000000000 2
892 252 3 8192 2.000000000 2
892 268 3 8192 2.000000000 2
892 304 3 8192 2.000000000 2
892 308 3 8192 2.000000000 2
892 324 3 8192 2.000000000 2
892 336 3 8192 2.000000000 2
892 340 3 8192 2.000000000 2
892 356 3 8192 2.000000000 2
892 372 3 8192 2.000000000 2
892 388 3 8192 2.000000000 2
892 400 3 8192 2.000000000 2
892 404 3 8192 2.000000000 2
892 464 3 8192 2.000000000 2
892 480 3 8192 2.000000000 2
892 564 3 8192 2.000000000 2
892 628 3 8192 2.000000000 2
892 632 3 8192 2.000000000 2
892 644 3 8192 2.000000000 2
892 656 3 8192 2.000000000 2
892 660 3 8192 2.000000000 2
892 684 3 8192 2.000000000 2
892 696 3 8192 2.000000000 2
892 700 3 8192 2.000000000 2
892 708 3 8192 2.000000000 2
892 712 3 8192 2.000000000 2
892 720 3 8192 2.000000000 2
892 752 3 8192 2.000000000 2
892 760 3 8192 2.000000000 2
892 780 3 8192 2.000000000 2
892 784 3 8192 2.000000000 2
892 788 3 8192 2.000000000 2
892 812 3 8192 2.000000000 2
892 852 3 8192 2.000000000 2
892 856 3 8192 2.000000000 2
892 876 3 8192 2.000000000 2
892 952 3 8192 2.000000000 2
892 968 3 8192 2.000000000 2
892 984 3 8192 2.000000000 2
892 992 3 8192 2.000000000 2
892 1024 3 8192 2.000000000 2
892 1048 3 8192 2.000000000 2
892 1076 3 8192 2.000000000 2
892 1084 3 8192 2.000000000 2
892 1112 3 8192 2.000000000 2
892 1128 3 8192 2.000000000 2
892 1148 3 8192 2.000000000 2
892 1152 3 8192 2.000000000 2
892 1156 3 8192 2.000000000 2
892 1160 3 8192 2.000000000 2
892 1164 3 8192 2.000000000 2
892 1176 3 8192 2.000000000 2
892 1180 3 8192 2.000000000 2
892 1192 3 8192 2.000000000 2
892 1216 3 8192 2.000000000 2
892 1232 3 8192 2.000000000 2
892 1244 3 8192 2.000000000 2
892 1248 3 8192 2.000000000 2
896 24 3 8192 2.000000000 2
896 28 3 8192 2.000000000 2
896 40 3 8192 2.000000000 2
896 68 3 8192 2.000000000 2
896 88 3 8192 2.000000000 2
896 128 3 8192 2.000000000 2
896 156 3 8192 2.000000000 2
896 184 3 8192 2.000000000 2
896 228 3 8192 2.000000000 2
896 232 3 8192 2.000000000 2
896 268 3 8192 2.000000000 2
896 280 3 8192 2.000000000 2
896 304 3 8192 2.000000000 2
896 316 3 8192 2.000000000 2
896 324 3 8192 2.000000000 2
896 332 3 8192 2.000000000 2
896 336 3 8192 2.000000000 2
896 340 3 8192 2.000000000 2
896 376 3 8192 2.000000000 2
896 380 3 8192 2.000000000 2
896 388 3 8192 2.000000000 2
896 408 3 8192 2.000000000 2
896 440 3 8192 2.000000000 2
896 456 3 8192 2.000000000 2
896 464 3 8192 2.000000000 2
896 480 3 8192 2.000000000 2
896 488 3 8192 2.000000000 2
896 492 3 8192 2.000000000 2
896 524 3 8192 2.000000000 2
896 528 3 8192 2.000000000 2
896 556 3 8192 2.000000000 2
896 600 3 8192 2.000000000 2
896 608 3 8192 2.000000000 2
896 620 3 8192 2.000000000 2
896 624 3 8192 2.000000000 2
896 684 3 8192 2.000000000 2
896 720 3 8192 2.000000000 2
896 736 3 8192 2.000000000 2
896 756 3 8192 2.000000000 2
896 792 3 8192 2.000000000 2
896 812 3 8192 2.000000000 2
896 820 3 8192 2.000000000 2
896 824 3 8192 2.000000000 2
896 836 3 8192 2.000000000 2
896 840 3 8192 2.000000000 2
896 848 3 8192 2.000000000 2
896 900 3 8192 2.000000000 2
896 940 3 8192 2.000000000 2
896 952 3 8192 2.000000000 2
896 968 3 8192 2.000000000 2
896 976 3 8192 2.000000000 2
896 1000 3 8192 2.000000000 2
896 1056 3 8192 2.000000000 2
896 1060 3 8192 2.000000000 2
896 1076 3 8192 2.000000000 2
896 1152 3 8192 2.000000000 2
896 1156 3 8192 2.000000000 2
896 1204 3 8192 2.000000000 2
896 1208 3 8192 2.000000000 2
896 1212 3 8192 2.000000000 2
896 1220 3 8192 2.000000000 2
896 1240 3 8192 2.000000000 2
896 1244 3 8192 2.000000000 2
896 1272 3 8192 2.000000000 2
900 40 3 8192 2.000000000 2
900 44 3 8192 2.000000000 2
900 64 3 8192 2.000000000 2
900 136 3 8192 2.000000000 2
900 152 3 8192 2.000000000 2
900 156 3 8192 2.000000000 2
900 168 3 8192 2.000000000 2
900 180 3 8192 2.000000000 2
900 188 3 8192 2.000000000 2
900 248 3 8192 2.000000000 2
900 276 3 8192 2.000000000 2
900 296 3 8192 2.000000000 2
900 300 3 8192 2.000000000 2
900 308 3 8192 2.000000000 2
900 316 3 8192 2.000000000 2
900 324 3 8192 2.000000000 2
900 376 3 8192 2.000000000 2
900 380 3 8192 2.000000000 2
900 388 3 8192 2.000000000 2
900 400 3 8192 2.000000000 2
900 404 3 8192 2.000000000 2
900 408 3 8192 2.000000000 2
900 440 3 8192 2.000000000 2
900 448 3 8192 2.000000000 2
900 456 3 8192 2.000000000 2
900 492 3 8192 2.000000000 2
900 508 3 8192 2.000000000 2
900 524 3 8192 2.000000000 2
900 528 3 8192 2.000000000 2
900 532 3 8192 2.000000000 2
900 540 3 8192 2.000000000 2
900 564 3 8192 2.000000000 2
900 568 3 8192 2.000000000 2
900 600 3 8192 2.000000000 2
900 608 3 8192 2.000000000 2
900 616 3 8192 2.000000000 2
900 628 3 8192 2.000000000 2
900 644 3 8192 2.000000000 2
900 668 3 8192 2.000000000 2
900 676 3 8192 2.000000000 2
900 684 3 8192 2.000000000 2
900 712 3 8192 2.000000000 2
900 724 3 8192 2.000000000 2
900 740 3 8192 2.000000000 2
900 776 3 8192 2.000000000 2
900 788 3 8192 2.000000000 2
900 792 3 8192 2.000000000 2
900 812 3 8192 2.000000000 2
900 892 3 8192 2.000000000 2
900 916 3 8192 2.000000000 2
900 952 3 8192 2.000000000 2
900 956 3 8192 2.000000000 2
900 960 3 8192 2.000000000 2
900 972 3 8192 2.000000000 2
900 1004 3 8192 2.000000000 2
900 1012 3 8192 2.000000000 2
900 1036 3 8192 2.000000000 2
900 1108 3 8192 2.000000000 2
900 1124 3 8192 2.000000000 2
900 1136 3 8192 2.000000000 2
900 1184 3 8192 2.000000000 2
900 1208 3 8192 2.000000000 2
900 1212 3 8192 2.000000000 2
900 1228 3 8192 2.000000000 2
912 0 3 8192 2.000000000 2
912 16 3 8192 2.000000000 2
912 36 3 8192 2.000000000 2
912 44 3 8192 2.000000000 2
912 48 3 8192 2.000000000 2
912 52 3 8192 2.000000000 2
912 56 3 8192 2.000000000 2
912 100 3 8192 2.000000000 2
912 124 3 8192 2.000000000 2
912 144 3 8192 2.000000000 2
912 160 3 8192 2.000000000 2
912 164 3 8192 2.000000000 2
912 172 3 8192 2.000000000 2
912 184 3 8192 2.000000000 2
912 204 3 8192 2.000000000 2
912 232 3 8192 2.000000000 2
912 248 3 8192 2.000000000 2
912 284 3 8192 2.000000000 2
912 292 3 8192 2.000000000 2
912 304 3 8192 2.000000000 2
912 316 3 8192 2.000000000 2
912 340 3 8192 2.000000000 2
912 352 3 8192 2.000000000 2
912 372 3 8192 2.000000000 2
912 396 3 8192 2.000000000 2
912 432 3 8192 2.000000000 2
912 440 3 8192 2.000000000 2
912 452 3 8192 2.000000000 2
912 480 3 8192 2.000000000 2
912 504 3 8192 2.000000000 2
912 508 3 8192 2.000000000 2
912 556 3 8192 2.000000000 2
912 564 3 8192 2.000000000 2
912 612 3 8192 2.000000000 2
912 628 3 8192 2.000000000 2
912 688 3 8192 2.000000000 2
912 708 3 8192 2.000000000 2
912 712 3 8192 2.000000000 2
912 716 3 8192 2.000000000 2
912 732 3 8192 2.000000000 2
912 744 3 8192 2.000000000 2
912 756 3 8192 2.000000000 2
912 784 3 8192 2.000000000 2
912 820 3 8192 2.000000000 2
912 832 3 8192 2.000000000 2
912 860 3 8192 2.000000000 2
912 888 3 8192 2.000000000 2
912 944 3 8192 2.000000000 2
912 968 3 8192 2.000000000 2
912 980 3 8192 2.000000000 2
912 1004 3 8192 2.000000000 2
912 1024 3 8192 2.000000000 2
912 1036 3 8192 2.000000000 2
912 1060 3 8192 2.000000000 2
912 1068 3 8192 2.000000000 2
912 1112 3 8192 2.000000000 2
912 1116 3 8192 2.000000000 2
912 1120 3 8192 2.000000000 2
912 1188 3 8192 2.000000000 2
912 1196 3 8192 2.000000000 2
912 1200 3 8192 2.000000000 2
912 1228 3 8192 2.000000000 2
912 1232 3 8192 2.000000000 2
912 1252 3 8192 2.000000000 2
916 8 3 8192 2.000000000 2
916 24 3 8192 2.000000000 2
916 44 3 8192 2.000000000 2
916 96 3 8192 2.000000000 2
916 120 3 8192 2.000000000 2
916 180 3 8192 2.000000000 2
916 184 3 8192 2.000000000 2
916 228 3 8192 2.000000000 2
916 240 3 8192 2.000000000 2
916 244 3 8192 2.000000000 2
916 248 3 8192 2.000000000 2
916 256 3 8192 2.000000000 2
916 264 3 8192 2.000000000 2
916 268 3 8192 2.000000000 2
916 276 3 8192 2.000000000 2
916 280 3 8192 2.000000000 2
916 292 3 8192 2.000000000 2
916 300 3 8192 2.000000000 2
916 316 3 8192 2.000000000 2
916 324 3 8192 2.000000000 2
916 336 3 8192 2.000000000 2
916 340 3 8192 2.000000000 2
916 392 3 8192 2.000000000 2
916 480 3 8192 2.000000000 2
916 500 3 8192 2.000000000 2
916 504 3 8192 2.000000000 2
916 508 3 8192 2.000000000 2
916 540 3 8192 2.000000000 2
916 548 3 8192 2.000000000 2
916 556 3 8192 2.000000000 2
916 560 3 8192 2.000000000 2
916 568 3 8192 2.000000000 2
916 584 3 8192 2.000000000 2
916 628 3 8192 2.000000000 2
916 676 3 8192 2.000000000 2
916 696 3 8192 2.000000000 2
916 708 3 8192 2.000000000 2
916 732 3 8192 2.000000000 2
916 736 3 8192 2.000000000 2
916 752 3 8192 2.000000000 2
916 756 3 8192 2.000000000 2
916 772 3 8192 2.000000000 2
916 788 3 8192 2.000000000 2
916 792 3 8192 2.000000000 2
916 796 3 8192 2.000000000 2
916 820 3 8192 2.000000000 2
916 840 3 8192 2.000000000 2
916 844 3 8192 2.000000000 2
916 852 3 8192 2.000000000 2
916 876 3 8192 2.000000000 2
916 924 3 8192 2.000000000 2
916 928 3 8192 2.000000000 2
916 944 3 8192 2.000000000 2
916 976 3 8192 2.000000000 2
916 992 3 8192 2.000000000 2
916 1056 3 8192 2.000000000 2
916 1068 3 8192 2.000000000 2
916 1096 3 8192 2.000000000 2
916 1108 3 8192 2.000000000 2
916 1164 3 8192 2.000000000 2
916 1180 3 8192 2.000000000 2
916 1184 3 8192 2.000000000 2
916 1252 3 8192 2.000000000 2
916 1264 3 8192 2.000000000 2
924 24 3 8192 2.000000000 2
924 28 3 8192 2.000000000 2
924 56 3 8192 2.000000000 2
924 64 3 8192 2.000000000 2
924 76 3 8192 2.000000000 2
924 92 3 8192 2.000000000 2
924 96 3 8192 2.000000000 2
924 124 3 8192 2.000000000 2
924 128 3 8192 2.000000000 2
924 132 3 8192 2.000000000 2
924 160 3 8192 2.000000000 2
924 228 3 8192 2.000000000 2
924 244 3 8192 2.000000000 2
924 292 3 8192 2.000000000 2
924 324 3 8192 2.000000000 2
924 328 3 8192 2.000000000 2
924 348 3 8192 2.000000000 2
924 352 3 8192 2.000000000 2
924 372 3 8192 2.000000000 2
924 380 3 8192 2.000000000 2
924 400 3 8192 2.000000000 2
924 448 3 8192 2.000000000 2
924 456 3 8192 2.000000000 2
924 484 3 8192 2.000000000 2
924 508 3 8192 2.000000000 2
924 520 3 8192 2.000000000 2
924 524 3 8192 2.000000000 2
924 532 3 8192 2.000000000 2
924 560 3 8192 2.000000000 2
924 564 3 8192 2.000000000 2
924 612 3 8192 2.000000000 2
924 616 3 8192 2.000000000 2
924 620 3 8192 2.000000000 2
924 668 3 8192 2.000000000 2
924 704 3 8192 2.000000000 2
924 724 3 8192 2.000000000 2
924 752 3 8192 2.000000000 2
924 756 3 8192 2.000000000 2
924 760 3 8192 2.000000000 2
924 792 3 8192 2.000000000 2
924 856 3 8192 2.000000000 2
924 864 3 8192 2.000000000 2
924 868 3 8192 2.000000000 2
924 892 3 8192 2.000000000 2
924 896 3 8192 2.000000000 2
924 944 3 8192 2.000000000 2
924 956 3 8192 2.000000000 2
924 972 3 8192 2.000000000 2
924 984 3 8192 2.000000000 2
924 1004 3 8192 2.000000000 2
924 1020 3 8192 2.000000000 2
924 1036 3 8192 2.000000000 2
924 1056 3 8192 2.000000000 2
924 1068 3 8192 2.000000000 2
924 1072 3 8192 2.000000000 2
924 1112 3 8192 2.000000000 2
924 1120 3 8192 2.000000000 2
924 1128 3 8192 2.000000000 2
924 1152 3 8192 2.000000000 2
924 1160 3 8192 2.000000000 2
924 1184 3 8192 2.000000000 2
924 1200 3 8192 2.000000000 2
924 1216 3 8192 2.000000000 2
924 1220 3 8192 2.000000000 2
928 8 3 8192 2.000000000 2
928 40 3 8192 2.000000000 2
928 48 3 8192 2.000000000 2
928 52 3 8192 2.000000000 2
928 88 3 8192 2.000000000 2
928 140 3 8192 2.000000000 2
928 164 3 8192 2.000000000 2
928 188 3 8192 2.000000000 2
928 192 3 8192 2.000000000 2
928 196 3 8192 2.000000000 2
928 224 3 8192 2.000000000 2
928 248 3 8192 2.000000000 2
928 272 3 8192 2.000000000 2
928 280 3 8192 2.000000000 2
928 284 3 8192 2.000000000 2
928 304 3 8192 2.000000000 2
928 324 3 8192 2.000000000 2
928 332 3 8192 2.000000000 2
928 360 3 8192 2.000000000 2
928 380 3 8192 2.000000000 2
928 424 3 8192 2.000000000 2
928 436 3 8192 2.000000000 2
928 500 3 8192 2.000000000 2
928 556 3 8192 2.000000000 2
928 568 3 8192 2.000000000 2
928 584 3 8192 2.000000000 2
928 596 3 8192 2.000000000 2
928 620 3 8192 2.000000000 2
928 676 3 8192 2.000000000 2
928 696 3 8192 2.000000000 2
928 700 3 8192 2.000000000 2
928 724 3 8192 2.000000000 2
928 772 3 8192 2.000000000 2
928 780 3 8192 2.000000000 2
928 784 3 8192 2.000000000 2
928 792 3 8192 2.000000000 2
928 832 3 8192 2.000000000 2
928 876 3 8192 2.000000000 2
928 888 3 8192 2.000000000 2
928 912 3 8192 2.000000000 2
928 916 3 8192 2.000000000 2
928 944 3 8192 2.000000000 2
928 960 3 8192 2.000000000 2
928 968 3 8192 2.000000000 2
928 992 3 8192 2.000000000 2
928 1012 3 8192 2.000000000 2
928 1048 3 8192 2.000000000 2
928 1060 3 8192 2.000000000 2
928 1076 3 8192 2.000000000 2
928 1080 3 8192 2.000000000 2
928 1084 3 8192 2.000000000 2
928 1104 3 8192 2.000000000 2
928 1124 3 8192 2.000000000 2
928 1128 3 8192 2.000000000 2
928 1152 3 8192 2.000000000 2
928 1160 3 8192 2.000000000 2
928 1168 3 8192 2.000000000 2
928 1184 3 8192 2.000000000 2
928 1188 3 8192 2.000000000 2
928 1192 3 8192 2.000000000 2
928 1208 3 8192 2.000000000 2
928 1228 3 8192 2.000000000 2
928 1232 3 8192 2.000000000 2
928 1264 3 8192 2.000000000 2
932 0 3 8192 2.000000000 2
932 28 3 8192 2.000000000 2
932 44 3 8192 2.000000000 2
932 56 3 8192 2.000000000 2
932 64 3 8192 2.000000000 2
932 96 3 8192 2.000000000 2
932 104 3 8192 2.000000000 2
932 152 3 8192 2.000000000 2
932 160 3 8192 2.000000000 2
932 192 3 8192 2.000000000 2
932 200 3 8192 2.000000000 2
932 216 3 8192 2.000000000 2
932 224 3 8192 2.000000000 2
932 228 3 8192 2.000000000 2
932 264 3 8192 2.000000000 2
932 268 3 8192 2.000000000 2
932 292 3 8192 2.000000000 2
932 296 3 8192 2.000000000 2
932 300 3 8192 2.000000000 2
932 304 3 8192 2.000000000 2
932 312 3 8192 2.000000000 2
932 380 3 8192 2.000000000 2
932 392 3 8192 2.000000000 2
932 440 3 8192 2.000000000 2
932 468 3 8192 2.000000000 2
932 480 3 8192 2.000000000 2
932 488 3 8192 2.000000000 2
932 528 3 8192 2.000000000 2
932 556 3 8192 2.000000000 2
932 564 3 8192 2.000000000 2
932 580 3 8192 2.000000000 2
932 596 3 8192 2.000000000 2
932 600 3 8192 2.000000000 2
932 636 3 8192 2.000000000 2
932 676 3 8192 2.000000000 2
932 684 3 8192 2.000000000 2
932 692 3 8192 2.000000000 2
932 712 3 8192 2.000000000 2
932 720 3 8192 2.000000000 2
932 724 3 8192 2.000000000 2
932 736 3 8192 2.000000000 2
932 756 3 8192 2.000000000 2
932 764 3 8192 2.000000000 2
932 776 3 8192 2.000000000 2
932 792 3 8192 2.000000000 2
932 812 3 8192 2.000000000 2
932 832 3 8192 2.000000000 2
932 844 3 8192 2.000000000 2
932 864 3 8192 2.000000000 2
932 868 3 8192 2.000000000 2
932 984 3 8192 2.000000000 2
932 992 3 8192 2.000000000 2
932 1028 3 8192 2.000000000 2
932 1056 3 8192 2.000000000 2
932 1060 3 8192 2.000000000 2
932 1076 3 8192 2.000000000 2
932 1128 3 8192 2.000000000 2
932 1168 3 8192 2.000000000 2
932 1176 3 8192 2.000000000 2
932 1200 3 8192 2.000000000 2
932 1220 3 8192 2.000000000 2
932 1240 3 8192 2.000000000 2
932 1244 3 8192 2.000000000 2
932 1272 3 8192 2.000000000 2
940 36 3 8192 2.000000000 2
940 40 3 8192 2.000000000 2
940 64 3 8192 2.000000000 2
940 104 3 8192 2.000000000 2
940 140 3 8192 2.000000000 2
940 164 3 8192 2.000000000 2
940 168 3 8192 2.000000000 2
940 192 3 8192 2.000000000 2
940 220 3 8192 2.000000000 2
940 228 3 8192 2.000000000 2
940 240 3 8192 2.000000000 2
940 280 3 8192 2.000000000 2
940 296 3 8192 2.000000000 2
940 300 3 8192 2.000000000 2
940 312 3 8192 2.000000000 2
940 328 3 8192 2.000000000 2
940 336 3 8192 2.000000000 2
940 348 3 8192 2.000000000 2
940 352 3 8192 2.000000000 2
940 368 3 8192 2.000000000 2
940 500 3 8192 2.000000000 2
940 504 3 8192 2.000000000 2
940 556 3 8192 2.000000000 2
940 560 3 8192 2.000000000 2
940 580 3 8192 2.000000000 2
940 592 3 8192 2.000000000 2
940 600 3 8192 2.000000000 2
940 608 3 8192 2.000000000 2
940 616 3 8192 2.000000000 2
940 620 3 8192 2.000000000 2
940 628 3 8192 2.000000000 2
940 632 3 8192 2.000000000 2
940 652 3 8192 2.000000000 2
940 668 3 8192 2.000000000 2
940 700 3 8192 2.000000000 2
940 724 3 8192 2.000000000 2
940 732 3 8192 2.000000000 2
940 764 3 8192 2.000000000 2
940 820 3 8192 2.000000000 2
940 832 3 8192 2.000000000 2
940 836 3 8192 2.000000000 2
940 840 3 8192 2.000000000 2
940 848 3 8192 2.000000000 2
940 856 3 8192 2.000000000 2
940 860 3 8192 2.000000000 2
940 868 3 8192 2.000000000 2
940 892 3 8192 2.000000000 2
940 932 3 8192 2.000000000 2
940 960 3 8192 2.000000000 2
940 984 3 8192 2.000000000 2
940 992 3 8192 2.000000000 2
940 996 3 8192 2.000000000 2
940 1020 3 8192 2.000000000 2
940 1024 3 8192 2.000000000 2
940 1028 3 8192 2.000000000 2
940 1048 3 8192 2.000000000 2
940 1068 3 8192 2.000000000 2
940 1136 3 8192 2.000000000 2
940 1152 3 8192 2.000000000 2
940 1156 3 8192 2.000000000 2
940 1180 3 8192 2.000000000 2
940 1196 3 8192 2.000000000 2
940 1212 3 8192 2.000000000 2
940 1220 3 8192 2.000000000 2
944 28 3 8192 2.000000000 2
944 56 3 8192 2.000000000 2
944 96 3 8192 2.000000000 2
944 100 3 8192 2.000000000 2
944 120 3 8192 2.000000000 2
944 124 3 8192 2.000000000 2
944 132 3 8192 2.000000000 2
944 192 3 8192 2.000000000 2
944 204 3 8192 2.000000000 2
944 224 3 8192 2.000000000 2
944 228 3 8192 2.000000000 2
944 244 3 8192 2.000000000 2
944 248 3 8192 2.000000000 2
944 256 3 8192 2.000000000 2
944 264 3 8192 2.000000000 2
944 284 3 8192 2.000000000 2
944 300 3 8192 2.000000000 2
944 348 3 8192 2.000000000 2
944 352 3 8192 2.000000000 2
944 360 3 8192 2.000000000 2
944 420 3 8192 2.000000000 2
944 456 3 8192 2.000000000 2
944 480 3 8192 2.000000000 2
944 556 3 8192 2.000000000 2
944 584 3 8192 2.000000000 2
944 636 3 8192 2.000000000 2
944 652 3 8192 2.000000000 2
944 676 3 8192 2.000000000 2
944 720 3 8192 2.000000000 2
944 724 3 8192 2.000000000 2
944 732 3 8192 2.000000000 2
944 760 3 8192 2.000000000 2
944 772 3 8192 2.000000000 2
944 780 3 8192 2.000000000 2
944 820 3 8192 2.000000000 2
944 844 3 8192 2.000000000 2
944 848 3 8192 2.000000000 2
944 868 3 8192 2.000000000 2
944 888 3 8192 2.000000000 2
944 900 3 8192 2.000000000 2
944 940 3 8192 2.000000000 2
944 964 3 8192 2.000000000 2
944 1000 3 8192 2.000000000 2
944 1020 3 8192 2.000000000 2
944 1036 3 8192 2.000000000 2
944 1048 3 8192 2.000000000 2
944 1052 3 8192 2.000000000 2
944 1068 3 8192 2.000000000 2
944 1072 3 8192 2.000000000 2
944 1076 3 8192 2.000000000 2
944 1080 3 8192 2.000000000 2
944 1084 3 8192 2.000000000 2
944 1112 3 8192 2.000000000 2
944 1120 3 8192 2.000000000 2
944 1124 3 8192 2.000000000 2
944 1128 3 8192 2.000000000 2
944 1148 3 8192 2.000000000 2
944 1156 3 8192 2.000000000 2
944 1168 3 8192 2.000000000 2
944 1188 3 8192 2.000000000 2
944 1204 3 8192 2.000000000 2
944 1208 3 8192 2.000000000 2
944 1212 3 8192 2.000000000 2
944 1272 3 8192 2.000000000 2
952 20 3 8192 2.000000000 2
952 44 3 8192 2.000000000 2
952 48 3 8192 2.000000000 2
952 68 3 8192 2.000000000 2
952 104 3 8192 2.000000000 2
952 120 3 8192 2.000000000 2
952 132 3 8192 2.000000000 2
952 136 3 8192 2.000000000 2
952 144 3 8192 2.000000000 2
952 164 3 8192 2.000000000 2
952 168 3 8192 2.000000000 2
952 184 3 8192 2.000000000 2
952 220 3 8192 2.000000000 2
952 228 3 8192 2.000000000 2
952 244 3 8192 2.000000000 2
952 252 3 8192 2.000000000 2
952 272 3 8192 2.000000000 2
952 328 3 8192 2.000000000 2
952 336 3 8192 2.000000000 2
952 352 3 8192 2.000000000 2
952 360 3 8192 2.000000000 2
952 420 3 8192 2.000000000 2
952 436 3 8192 2.000000000 2
952 448 3 8192 2.000000000 2
952 456 3 8192 2.000000000 2
952 464 3 8192 2.000000000 2
952 468 3 8192 2.000000000 2
952 508 3 8192 2.000000000 2
952 512 3 8192 2.000000000 2
952 532 3 8192 2.000000000 2
952 552 3 8192 2.000000000 2
952 556 3 8192 2.000000000 2
952 560 3 8192 2.000000000 2
952 580 3 8192 2.000000000 2
952 584 3 8192 2.000000000 2
952 600 3 8192 2.000000000 2
952 680 3 8192 2.000000000 2
952 708 3 8192 2.000000000 2
952 724 3 8192 2.000000000 2
952 740 3 8192 2.000000000 2
952 760 3 8192 2.000000000 2
952 764 3 8192 2.000000000 2
952 788 3 8192 2.000000000 2
952 792 3 8192 2.000000000 2
952 796 3 8192 2.000000000 2
952 832 3 8192 2.000000000 2
952 856 3 8192 2.000000000 2
952 984 3 8192 2.000000000 2
952 1028 3 8192 2.000000000 2
952 1048 3 8192 2.000000000 2
952 1056 3 8192 2.000000000 2
952 1076 3 8192 2.000000000 2
952 1096 3 8192 2.000000000 2
952 1104 3 8192 2.000000000 2
952 1108 3 8192 2.000000000 2
952 1120 3 8192 2.000000000 2
952 1148 3 8192 2.000000000 2
952 1152 3 8192 2.000000000 2
952 1160 3 8192 2.000000000 2
952 1168 3 8192 2.000000000 2
952 1180 3 8192 2.000000000 2
952 1188 3 8192 2.000000000 2
952 1212 3 8192 2.000000000 2
952 1240 3 8192 2.000000000 2
956 0 3 8192 2.000000000 2
956 8 3 8192 2.000000000 2
956 20 3 8192 2.000000000 2
956 40 3 8192 2.000000000 2
956 52 3 8192 2.000000000 2
956 92 3 8192 2.000000000 2
956 104 3 8192 2.000000000 2
956 108 3 8192 2.000000000 2
956 128 3 8192 2.000000000 2
956 136 3 8192 2.000000000 2
956 144 3 8192 2.000000000 2
956 152 3 8192 2.000000000 2
956 160 3 8192 2.000000000 2
956 208 3 8192 2.000000000 2
956 216 3 8192 2.000000000 2
956 228 3 8192 2.000000000 2
956 284 3 8192 2.000000000 2
956 312 3 8192 2.000000000 2
956 324 3 8192 2.000000000 2
956 336 3 8192 2.000000000 2
956 356 3 8192 2.000000000 2
956 360 3 8192 2.000000000 2
956 380 3 8192 2.000000000 2
956 408 3 8192 2.000000000 2
956 412 3 8192 2.000000000 2
956 432 3 8192 2.000000000 2
956 508 3 8192 2.000000000 2
956 512 3 8192 2.000000000 2
956 532 3 8192 2.000000000 2
956 548 3 8192 2.000000000 2
956 552 3 8192 2.000000000 2
956 596 3 8192 2.000000000 2
956 636 3 8192 2.000000000 2
956 640 3 8192 2.000000000 2
956 664 3 8192 2.000000000 2
956 668 3 8192 2.000000000 2
956 676 3 8192 2.000000000 2
956 680 3 8192 2.000000000 2
956 696 3 8192 2.000000000 2
956 724 3 8192 2.000000000 2
956 732 3 8192 2.000000000 2
956 740 3 8192 2.000000000 2
956 752 3 8192 2.000000000 2
956 772 3 8192 2.000000000 2
956 784 3 8192 2.000000000 2
956 788 3 8192 2.000000000 2
956 824 3 8192 2.000000000 2
956 892 3 8192 2.000000000 2
956 932 3 8192 2.000000000 2
956 968 3 8192 2.000000000 2
956 980 3 8192 2.000000000 2
956 1012 3 8192 2.000000000 2
956 1024 3 8192 2.000000000 2
956 1056 3 8192 2.000000000 2
956 1076 3 8192 2.000000000 2
956 1104 3 8192 2.000000000 2
956 1120 3 8192 2.000000000 2
956 1184 3 8192 2.000000000 2
956 1204 3 8192 2.000000000 2
956 1212 3 8192 2.000000000 2
956 1216 3 8192 2.000000000 2
956 1240 3 8192 2.000000000 2
956 1244 3 8192 2.000000000 2
956 1252 3 8192 2.000000000 2
960 20 3 8192 2.000000000 2
960 24 3 8192 2.000000000 2
960 40 3 8192 2.000000000 2
960 52 3 8192 2.000000000 2
960 60 3 8192 2.000000000 2
960 128 3 8192 2.000000000 2
960 144 3 8192 2.000000000 2
960 156 3 8192 2.000000000 2
960 164 3 8192 2.000000000 2
960 208 3 8192 2.000000000 2
960 220 3 8192 2.000000000 2
960 252 3 8192 2.000000000 2
960 264 3 8192 2.000000000 2
960 280 3 8192 2.000000000 2
960 284 3 8192 2.000000000 2
960 292 3 8192 2.000000000 2
960 316 3 8192 2.000000000 2
960 328 3 8192 2.000000000 2
960 336 3 8192 2.000000000 2
960 340 3 8192 2.000000000 2
960 348 3 8192 2.000000000 2
960 372 3 8192 2.000000000 2
960 408 3 8192 2.000000000 2
960 420 3 8192 2.000000000 2
960 436 3 8192 2.000000000 2
960 448 3 8192 2.000000000 2
960 464 3 8192 2.000000000 2
960 480 3 8192 2.000000000 2
960 508 3 8192 2.000000000 2
960 512 3 8192 2.000000000 2
960 528 3 8192 2.000000000 2
960 556 3 8192 2.000000000 2
960 564 3 8192 2.000000000 2
960 592 3 8192 2.000000000 2
960 612 3 8192 2.000000000 2
960 636 3 8192 2.000000000 2
960 640 3 8192 2.000000000 2
960 656 3 8192 2.000000000 2
960 664 3 8192 2.000000000 2
960 684 3 8192 2.000000000 2
960 704 3 8192 2.000000000 2
960 720 3 8192 2.000000000 2
960 736 3 8192 2.000000000 2
960 776 3 8192 2.000000000 2
960 796 3 8192 2.000000000 2
960 832 3 8192 2.000000000 2
960 840 3 8192 2.000000000 2
960 852 3 8192 2.000000000 2
960 860 3 8192 2.000000000 2
960 864 3 8192 2.000000000 2
960 876 3 8192 2.000000000 2
960 900 3 8192 2.000000000 2
960 928 3 8192 2.000000000 2
960 964 3 8192 2.000000000 2
960 976 3 8192 2.000000000 2
960 1012 3 8192 2.000000000 2
960 1060 3 8192 2.000000000 2
960 1112 3 8192 2.000000000 2
960 1136 3 8192 2.000000000 2
960 1148 3 8192 2.000000000 2
960 1196 3 8192 2.000000000 2
960 1216 3 8192 2.000000000 2
960 1248 3 8192 2.000000000 2
960 1252 3 8192 2.000000000 2
964 36 3 8192 2.000000000 2
964 40 3 8192 2.000000000 2
964 68 3 8192 2.000000000 2
964 92 3 8192 2.000000000 2
964 100 3 8192 2.000000000 2
964 120 3 8192 2.000000000 2
964 144 3 8192 2.000000000 2
964 152 3 8192 2.000000000 2
964 168 3 8192 2.000000000 2
964 192 3 8192 2.000000000 2
964 196 3 8192 2.000000000 2
964 220 3 8192 2.000000000 2
964 224 3 8192 2.000000000 2
964 244 3 8192 2.000000000 2
964 256 3 8192 2.000000000 2
964 276 3 8192 2.000000000 2
964 280 3 8192 2.000000000 2
964 296 3 8192 2.000000000 2
964 312 3 8192 2.000000000 2
964 328 3 8192 2.000000000 2
964 360 3 8192 2.000000000 2
964 408 3 8192 2.000000000 2
964 412 3 8192 2.000000000 2
964 424 3 8192 2.000000000 2
964 484 3 8192 2.000000000 2
964 508 3 8192 2.000000000 2
964 512 3 8192 2.000000000 2
964 520 3 8192 2.000000000 2
964 548 3 8192 2.000000000 2
964 560 3 8192 2.000000000 2
964 568 3 8192 2.000000000 2
964 580 3 8192 2.000000000 2
964 584 3 8192 2.000000000 2
964 600 3 8192 2.000000000 2
964 632 3 8192 2.000000000 2
964 644 3 8192 2.000000000 2
964 708 3 8192 2.000000000 2
964 712 3 8192 2.000000000 2
964 716 3 8192 2.000000000 2
964 732 3 8192 2.000000000 2
964 756 3 8192 2.000000000 2
964 760 3 8192 2.000000000 2
964 764 3 8192 2.000000000 2
964 776 3 8192 2.000000000 2
964 784 3 8192 2.000000000 2
964 828 3 8192 2.000000000 2
964 844 3 8192 2.000000000 2
964 852 3 8192 2.000000000 2
964 876 3 8192 2.000000000 2
964 892 3 8192 2.000000000 2
964 912 3 8192 2.000000000 2
964 940 3 8192 2.000000000 2
964 980 3 8192 2.000000000 2
964 984 3 8192 2.000000000 2
964 992 3 8192 2.000000000 2
964 1076 3 8192 2.000000000 2
964 1120 3 8192 2.000000000 2
964 1128 3 8192 2.000000000 2
964 1136 3 8192 2.000000000 2
964 1148 3 8192 2.000000000 2
964 1184 3 8192 2.000000000 2
964 1196 3 8192 2.000000000 2
964 1208 3 8192 2.000000000 2
964 1232 3 8192 2.000000000 2
968 0 3 8192 2.000000000 2
968 36 3 8192 2.000000000 2
968 48 3 8192 2.000000000 2
968 56 3 8192 2.000000000 2
968 60 3 8192 2.000000000 2
968 64 3 8192 2.000000000 2
968 96 3 8192 2.000000000 2
968 132 3 8192 2.000000000 2
968 136 3 8192 2.000000000 2
968 140 3 8192 2.000000000 2
968 144 3 8192 2.000000000 2
968 160 3 8192 2.000000000 2
968 164 3 8192 2.000000000 2
968 188 3 8192 2.000000000 2
968 216 3 8192 2.000000000 2
968 224 3 8192 2.000000000 2
968 232 3 8192 2.000000000 2
968 236 3 8192 2.000000000 2
968 248 3 8192 2.000000000 2
968 264 3 8192 2.000000000 2
968 276 3 8192 2.000000000 2
968 284 3 8192 2.000000000 2
968 288 3 8192 2.000000000 2
968 292 3 8192 2.000000000 2
968 296 3 8192 2.000000000 2
968 304 3 8192 2.000000000 2
968 316 3 8192 2.000000000 2
968 336 3 8192 2.000000000 2
968 360 3 8192 2.000000000 2
968 388 3 8192 2.000000000 2
968 392 3 8192 2.000000000 2
968 400 3 8192 2.000000000 2
968 420 3 8192 2.000000000 2
968 540 3 8192 2.000000000 2
968 552 3 8192 2.000000000 2
968 620 3 8192 2.000000000 2
968 632 3 8192 2.000000000 2
968 688 3 8192 2.000000000 2
968 720 3 8192 2.000000000 2
968 724 3 8192 2.000000000 2
968 740 3 8192 2.000000000 2
968 744 3 8192 2.000000000 2
968 752 3 8192 2.000000000 2
968 780 3 8192 2.000000000 2
968 820 3 8192 2.000000000 2
968 824 3 8192 2.000000000 2
968 848 3 8192 2.000000000 2
968 864 3 8192 2.000000000 2
968 868 3 8192 2.000000000 2
968 892 3 8192 2.000000000 2
968 896 3 8192 2.000000000 2
968 916 3 8192 2.000000000 2
968 952 3 8192 2.000000000 2
968 972 3 8192 2.000000000 2
968 1016 3 8192 2.000000000 2
968 1036 3 8192 2.000000000 2
968 1048 3 8192 2.000000000 2
968 1072 3 8192 2.000000000 2
968 1084 3 8192 2.000000000 2
968 1096 3 8192 2.000000000 2
968 1160 3 8192 2.000000000 2
968 1164 3 8192 2.000000000 2
968 1216 3 8192 2.000000000 2
968 1264 3 8192 2.000000000 2
972 8 3 8192 2.000000000 2
972 24 3 8192 2.000000000 2
972 56 3 8192 2.000000000 2
972 92 3 8192 2.000000000 2
972 96 3 8192 2.000000000 2
972 100 3 8192 2.000000000 2
972 124 3 8192 2.000000000 2
972 132 3 8192 2.000000000 2
972 144 3 8192 2.000000000 2
972 172 3 8192 2.000000000 2
972 220 3 8192 2.000000000 2
972 224 3 8192 2.000000000 2
972 268 3 8192 2.000000000 2
972 304 3 8192 2.000000000 2
972 324 3 8192 2.000000000 2
972 328 3 8192 2.000000000 2
972 340 3 8192 2.000000000 2
972 360 3 8192 2.000000000 2
972 372 3 8192 2.000000000 2
972 376 3 8192 2.000000000 2
972 400 3 8192 2.000000000 2
972 408 3 8192 2.000000000 2
972 440 3 8192 2.000000000 2
972 448 3 8192 2.000000000 2
972 464 3 8192 2.000000000 2
972 504 3 8192 2.000000000 2
972 508 3 8192 2.000000000 2
972 512 3 8192 2.000000000 2
972 552 3 8192 2.000000000 2
972 564 3 8192 2.000000000 2
972 592 3 8192 2.000000000 2
972 608 3 8192 2.000000000 2
972 620 3 8192 2.000000000 2
972 636 3 8192 2.000000000 2
972 680 3 8192 2.000000000 2
972 688 3 8192 2.000000000 2
972 716 3 8192 2.000000000 2
972 720 3 8192 2.000000000 2
972 736 3 8192 2.000000000 2
972 780 3 8192 2.000000000 2
972 788 3 8192 2.000000000 2
972 792 3 8192 2.000000000 2
972 848 3 8192 2.000000000 2
972 856 3 8192 2.000000000 2
972 860 3 8192 2.000000000 2
972 876 3 8192 2.000000000 2
972 924 3 8192 2.000000000 2
972 960 3 8192 2.000000000 2
972 996 3 8192 2.000000000 2
972 1004 3 8192 2.000000000 2
972 1012 3 8192 2.000000000 2
972 1028 3 8192 2.000000000 2
972 1036 3 8192 2.000000000 2
972 1076 3 8192 2.000000000 2
972 1168 3 8192 2.000000000 2
972 1208 3 8192 2.000000000 2
972 1212 3 8192 2.000000000 2
972 1216 3 8192 2.000000000 2
972 1220 3 8192 2.000000000 2
972 1228 3 8192 2.000000000 2
972 1240 3 8192 2.000000000 2
972 1244 3 8192 2.000000000 2
972 1264 3 8192 2.000000000 2
972 1272 3 8192 2.000000000 2
976 0 3 8192 2.000000000 2
976 24 3 8192 2.000000000 2
976 32 3 8192 2.000000000 2
976 40 3 8192 2.000000000 2
976 44 3 8192 2.000000000 2
976 64 3 8192 2.000000000 2
976 68 3 8192 2.000000000 2
976 88 3 8192 2.000000000 2
976 96 3 8192 2.000000000 2
976 108 3 8192 2.000000000 2
976 124 3 8192 2.000000000 2
976 128 3 8192 2.000000000 2
976 132 3 8192 2.000000000 2
976 136 3 8192 2.000000000 2
976 168 3 8192 2.000000000 2
976 180 3 8192 2.000000000 2
976 184 3 8192 2.000000000 2
976 196 3 8192 2.000000000 2
976 224 3 8192 2.000000000 2
976 244 3 8192 2.000000000 2
976 276 3 8192 2.000000000 2
976 292 3 8192 2.000000000 2
976 300 3 8192 2.000000000 2
976 304 3 8192 2.000000000 2
976 332 3 8192 2.000000000 2
976 368 3 8192 2.000000000 2
976 388 3 8192 2.000000000 2
976 424 3 8192 2.000000000 2
976 448 3 8192 2.000000000 2
976 504 3 8192 2.000000000 2
976 512 3 8192 2.000000000 2
976 516 3 8192 2.000000000 2
976 520 3 8192 2.000000000 2
976 528 3 8192 2.000000000 2
976 548 3 8192 2.000000000 2
976 596 3 8192 2.000000000 2
976 600 3 8192 2.000000000 2
976 620 3 8192 2.000000000 2
976 624 3 8192 2.000000000 2
976 636 3 8192 2.000000000 2
976 652 3 8192 2.000000000 2
976 724 3 8192 2.000000000 2
976 732 3 8192 2.000000000 2
976 744 3 8192 2.000000000 2
976 796 3 8192 2.000000000 2
976 856 3 8192 2.000000000 2
976 876 3 8192 2.000000000 2
976 892 3 8192 2.000000000 2
976 896 3 8192 2.000000000 2
976 928 3 8192 2.000000000 2
976 964 3 8192 2.000000000 2
976 968 3 8192 2.000000000 2
976 1016 3 8192 2.000000000 2
976 1020 3 8192 2.000000000 2
976 1024 3 8192 2.000000000 2
976 1056 3 8192 2.000000000 2
976 1072 3 8192 2.000000000 2
976 1116 3 8192 2.000000000 2
976 1188 3 8192 2.000000000 2
976 1196 3 8192 2.000000000 2
976 1200 3 8192 2.000000000 2
976 1240 3 8192 2.000000000 2
976 1244 3 8192 2.000000000 2
976 1264 3 8192 2.000000000 2
980 56 3 8192 2.000000000 2
980 108 3 8192 2.000000000 2
980 140 3 8192 2.000000000 2
980 152 3 8192 2.000000000 2
980 184 3 8192 2.000000000 2
980 204 3 8192 2.000000000 2
980 220 3 8192 2.000000000 2
980 224 3 8192 2.000000000 2
980 228 3 8192 2.000000000 2
980 232 3 8192 2.000000000 2
980 248 3 8192 2.000000000 2
980 276 3 8192 2.000000000 2
980 288 3 8192 2.000000000 2
980 296 3 8192 2.000000000 2
980 308 3 8192 2.000000000 2
980 312 3 8192 2.000000000 2
980 324 3 8192 2.000000000 2
980 328 3 8192 2.000000000 2
980 388 3 8192 2.000000000 2
980 396 3 8192 2.000000000 2
980 412 3 8192 2.000000000 2
980 440 3 8192 2.000000000 2
980 448 3 8192 2.000000000 2
980 452 3 8192 2.000000000 2
980 468 3 8192 2.000000000 2
980 480 3 8192 2.000000000 2
980 492 3 8192 2.000000000 2
980 508 3 8192 2.000000000 2
980 552 3 8192 2.000000000 2
980 584 3 8192 2.000000000 2
980 608 3 8192 2.000000000 2
980 624 3 8192 2.000000000 2
980 656 3 8192 2.000000000 2
980 660 3 8192 2.000000000 2
980 680 3 8192 2.000000000 2
980 708 3 8192 2.000000000 2
980 716 3 8192 2.000000000 2
980 720 3 8192 2.000000000 2
980 744 3 8192 2.000000000 2
980 760 3 8192 2.000000000 2
980 796 3 8192 2.000000000 2
980 820 3 8192 2.000000000 2
980 824 3 8192 2.000000000 2
980 836 3 8192 2.000000000 2
980 856 3 8192 2.000000000 2
980 888 3 8192 2.000000000 2
980 896 3 8192 2.000000000 2
980 916 3 8192 2.000000000 2
980 928 3 8192 2.000000000 2
980 932 3 8192 2.000000000 2
980 984 3 8192 2.000000000 2
980 1012 3 8192 2.000000000 2
980 1056 3 8192 2.000000000 2
980 1060 3 8192 2.000000000 2
980 1068 3 8192 2.000000000 2
980 1096 3 8192 2.000000000 2
980 1112 3 8192 2.000000000 2
980 1164 3 8192 2.000000000 2
980 1200 3 8192 2.000000000 2
980 1208 3 8192 2.000000000 2
980 1240 3 8192 2.000000000 2
980 1248 3 8192 2.000000000 2
980 1264 3 8192 2.000000000 2
980 1272 3 8192 2.000000000 2
984 0 3 8192 2.000000000 2
984 8 3 8192 2.000000000 2
984 16 3 8192 2.000000000 2
984 28 3 8192 2.000000000 2
984 36 3 8192 2.000000000 2
984 52 3 8192 2.000000000 2
984 64 3 8192 2.000000000 2
984 88 3 8192 2.000000000 2
984 92 3 8192 2.000000000 2
984 132 3 8192 2.000000000 2
984 136 3 8192 2.000000000 2
984 168 3 8192 2.000000000 2
984 192 3 8192 2.000000000 2
984 200 3 8192 2.000000000 2
984 284 3 8192 2.000000000 2
984 288 3 8192 2.000000000 2
984 336 3 8192 2.000000000 2
984 340 3 8192 2.000000000 2
984 356 3 8192 2.000000000 2
984 360 3 8192 2.000000000 2
984 432 3 8192 2.000000000 2
984 452 3 8192 2.000000000 2
984 480 3 8192 2.000000000 2
984 528 3 8192 2.000000000 2
984 560 3 8192 2.000000000 2
984 584 3 8192 2.000000000 2
984 592 3 8192 2.000000000 2
984 636 3 8192 2.000000000 2
984 652 3 8192 2.000000000 2
984 688 3 8192 2.000000000 2
984 700 3 8192 2.000000000 2
984 708 3 8192 2.000000000 2
984 720 3 8192 2.000000000 2
984 772 3 8192 2.000000000 2
984 792 3 8192 2.000000000 2
984 824 3 8192 2.000000000 2
984 832 3 8192 2.000000000 2
984 836 3 8192 2.000000000 2
984 864 3 8192 2.000000000 2
984 876 3 8192 2.000000000 2
984 900 3 8192 2.000000000 2
984 916 3 8192 2.000000000 2
984 952 3 8192 2.000000000 2
984 968 3 8192 2.000000000 2
984 972 3 8192 2.000000000 2
984 976 3 8192 2.000000000 2
984 992 3 8192 2.000000000 2
984 1004 3 8192 2.000000000 2
984 1012 3 8192 2.000000000 2
984 1024 3 8192 2.000000000 2
984 1036 3 8192 2.000000000 2
984 1052 3 8192 2.000000000 2
984 1056 3 8192 2.000000000 2
984 1076 3 8192 2.000000000 2
984 1080 3 8192 2.000000000 2
984 1104 3 8192 2.000000000 2
984 1156 3 8192 2.000000000 2
984 1188 3 8192 2.000000000 2
984 1212 3 8192 2.000000000 2
984 1216 3 8192 2.000000000 2
984 1220 3 8192 2.000000000 2
984 1228 3 8192 2.000000000 2
984 1252 3 8192 2.000000000 2
984 1272 3 8192 2.000000000 2
992 0 3 8192 2.000000000 2
992 8 3 8192 2.000000000 2
992 20 3 8192 2.000000000 2
992 76 3 8192 2.000000000 2
992 96 3 8192 2.000000000 2
992 104 3 8192 2.000000000 2
992 120 3 8192 2.000000000 2
992 128 3 8192 2.000000000 2
992 136 3 8192 2.000000000 2
992 144 3 8192 2.000000000 2
992 172 3 8192 2.000000000 2
992 184 3 8192 2.000000000 2
992 248 3 8192 2.000000000 2
992 256 3 8192 2.000000000 2
992 296 3 8192 2.000000000 2
992 304 3 8192 2.000000000 2
992 308 3 8192 2.000000000 2
992 328 3 8192 2.000000000 2
992 336 3 8192 2.000000000 2
992 376 3 8192 2.000000000 2
992 404 3 8192 2.000000000 2
992 436 3 8192 2.000000000 2
992 440 3 8192 2.000000000 2
992 448 3 8192 2.000000000 2
992 492 3 8192 2.000000000 2
992 500 3 8192 2.000000000 2
992 504 3 8192 2.000000000 2
992 508 3 8192 2.000000000 2
992 552 3 8192 2.000000000 2
992 564 3 8192 2.000000000 2
992 580 3 8192 2.000000000 2
992 608 3 8192 2.000000000 2
992 620 3 8192 2.000000000 2
992 624 3 8192 2.000000000 2
992 628 3 8192 2.000000000 2
992 640 3 8192 2.000000000 2
992 652 3 8192 2.000000000 2
992 656 3 8192 2.000000000 2
992 664 3 8192 2.000000000 2
992 668 3 8192 2.000000000 2
992 708 3 8192 2.000000000 2
992 712 3 8192 2.000000000 2
992 716 3 8192 2.000000000 2
992 776 3 8192 2.000000000 2
992 824 3 8192 2.000000000 2
992 852 3 8192 2.000000000 2
992 860 3 8192 2.000000000 2
992 864 3 8192 2.000000000 2
992 888 3 8192 2.000000000 2
992 916 3 8192 2.000000000 2
992 924 3 8192 2.000000000 2
992 932 3 8192 2.000000000 2
992 940 3 8192 2.000000000 2
992 944 3 8192 2.000000000 2
992 952 3 8192 2.000000000 2
992 980 3 8192 2.000000000 2
992 1004 3 8192 2.000000000 2
992 1036 3 8192 2.000000000 2
992 1060 3 8192 2.000000000 2
992 1108 3 8192 2.000000000 2
992 1120 3 8192 2.000000000 2
992 1192 3 8192 2.000000000 2
992 1204 3 8192 2.000000000 2
992 1252 3 8192 2.000000000 2
996 100 3 8192 2.000000000 2
996 136 3 8192 2.000000000 2
996 144 3 8192 2.000000000 2
996 172 3 8192 2.000000000 2
996 184 3 8192 2.000000000 2
996 196 3 8192 2.000000000 2
996 200 3 8192 2.000000000 2
996 228 3 8192 2.000000000 2
996 236 3 8192 2.000000000 2
996 240 3 8192 2.000000000 2
996 296 3 8192 2.000000000 2
996 300 3 8192 2.000000000 2
996 312 3 8192 2.000000000 2
996 336 3 8192 2.000000000 2
996 352 3 8192 2.000000000 2
996 392 3 8192 2.000000000 2
996 396 3 8192 2.000000000 2
996 420 3 8192 2.000000000 2
996 432 3 8192 2.000000000 2
996 436 3 8192 2.000000000 2
996 456 3 8192 2.000000000 2
996 480 3 8192 2.000000000 2
996 504 3 8192 2.000000000 2
996 512 3 8192 2.000000000 2
996 528 3 8192 2.000000000 2
996 628 3 8192 2.000000000 2
996 708 3 8192 2.000000000 2
996 720 3 8192 2.000000000 2
996 732 3 8192 2.000000000 2
996 736 3 8192 2.000000000 2
996 784 3 8192 2.000000000 2
996 812 3 8192 2.000000000 2
996 820 3 8192 2.000000000 2
996 824 3 8192 2.000000000 2
996 832 3 8192 2.000000000 2
996 840 3 8192 2.000000000 2
996 848 3 8192 2.000000000 2
996 892 3 8192 2.000000000 2
996 912 3 8192 2.000000000 2
996 924 3 8192 2.000000000 2
996 940 3 8192 2.000000000 2
996 952 3 8192 2.000000000 2
996 960 3 8192 2.000000000 2
996 964 3 8192 2.000000000 2
996 992 3 8192 2.000000000 2
996 1000 3 8192 2.000000000 2
996 1016 3 8192 2.000000000 2
996 1020 3 8192 2.000000000 2
996 1024 3 8192 2.000000000 2
996 1036 3 8192 2.000000000 2
996 1052 3 8192 2.000000000 2
996 1060 3 8192 2.000000000 2
996 1068 3 8192 2.000000000 2
996 1096 3 8192 2.000000000 2
996 1108 3 8192 2.000000000 2
996 1124 3 8192 2.000000000 2
996 1128 3 8192 2.000000000 2
996 1176 3 8192 2.000000000 2
996 1184 3 8192 2.000000000 2
996 1200 3 8192 2.000000000 2
996 1212 3 8192 2.000000000 2
996 1232 3 8192 2.000000000 2
996 1240 3 8192 2.000000000 2
996 1252 3 8192 2.000000000 2
1000 36 3 8192 2.000000000 2
1000 48 3 8192 2.000000000 2
1000 68 3 8192 2.000000000 2
1000 108 3 8192 2.000000000 2
1000 132 3 8192 2.000000000 2
1000 152 3 8192 2.000000000 2
1000 164 3 8192 2.000000000 2
1000 224 3 8192 2.000000000 2
1000 248 3 8192 2.000000000 2
1000 276 3 8192 2.000000000 2
1000 288 3 8192 2.000000000 2
1000 296 3 8192 2.000000000 2
1000 316 3 8192 2.000000000 2
1000 348 3 8192 2.000000000 2
1000 372 3 8192 2.000000000 2
1000 376 3 8192 2.000000000 2
1000 408 3 8192 2.000000000 2
1000 448 3 8192 2.000000000 2
1000 512 3 8192 2.000000000 2
1000 520 3 8192 2.000000000 2
1000 548 3 8192 2.000000000 2
1000 560 3 8192 2.000000000 2
1000 568 3 8192 2.000000000 2
1000 592 3 8192 2.000000000 2
1000 600 3 8192 2.000000000 2
1000 624 3 8192 2.000000000 2
1000 644 3 8192 2.000000000 2
1000 652 3 8192 2.000000000 2
1000 700 3 8192 2.000000000 2
1000 704 3 8192 2.000000000 2
1000 712 3 8192 2.000000000 2
1000 716 3 8192 2.000000000 2
1000 732 3 8192 2.000000000 2
1000 744 3 8192 2.000000000 2
1000 752 3 8192 2.000000000 2
1000 756 3 8192 2.000000000 2
1000 792 3 8192 2.000000000 2
1000 812 3 8192 2.000000000 2
1000 828 3 8192 2.000000000 2
1000 860 3 8192 2.000000000 2
1000 888 3 8192 2.000000000 2
1000 892 3 8192 2.000000000 2
1000 924 3 8192 2.000000000 2
1000 944 3 8192 2.000000000 2
1000 952 3 8192 2.000000000 2
1000 956 3 8192 2.000000000 2
1000 960 3 8192 2.000000000 2
1000 1004 3 8192 2.000000000 2
1000 1016 3 8192 2.000000000 2
1000 1020 3 8192 2.000000000 2
1000 1028 3 8192 2.000000000 2
1000 1036 3 8192 2.000000000 2
1000 1052 3 8192 2.000000000 2
1000 1076 3 8192 2.000000000 2
1000 1104 3 8192 2.000000000 2
1000 1116 3 8192 2.000000000 2
1000 1128 3 8192 2.000000000 2
1000 1136 3 8192 2.000000000 2
1000 1164 3 8192 2.000000000 2
1000 1168 3 8192 2.000000000 2
1000 1208 3 8192 2.000000000 2
1000 1212 3 8192 2.000000000 2
1000 1232 3 8192 2.000000000 2
1000 1240 3 8192 2.000000000 2
1004 8 3 8192 2.000000000 2
1004 16 3 8192 2.000000000 2
1004 28 3 8192 2.000000000 2
1004 36 3 8192 2.000000000 2
1004 44 3 8192 2.000000000 2
1004 52 3 8192 2.000000000 2
1004 76 3 8192 2.000000000 2
1004 92 3 8192 2.000000000 2
1004 128 3 8192 2.000000000 2
1004 132 3 8192 2.000000000 2
1004 156 3 8192 2.000000000 2
1004 172 3 8192 2.000000000 2
1004 184 3 8192 2.000000000 2
1004 188 3 8192 2.000000000 2
1004 200 3 8192 2.000000000 2
1004 232 3 8192 2.000000000 2
1004 264 3 8192 2.000000000 2
1004 268 3 8192 2.000000000 2
1004 288 3 8192 2.000000000 2
1004 308 3 8192 2.000000000 2
1004 336 3 8192 2.000000000 2
1004 340 3 8192 2.000000000 2
1004 360 3 8192 2.000000000 2
1004 368 3 8192 2.000000000 2
1004 380 3 8192 2.000000000 2
1004 436 3 8192 2.000000000 2
1004 488 3 8192 2.000000000 2
1004 512 3 8192 2.000000000 2
1004 528 3 8192 2.000000000 2
1004 548 3 8192 2.000000000 2
1004 560 3 8192 2.000000000 2
1004 568 3 8192 2.000000000 2
1004 580 3 8192 2.000000000 2
1004 592 3 8192 2.000000000 2
1004 596 3 8192 2.000000000 2
1004 660 3 8192 2.000000000 2
1004 676 3 8192 2.000000000 2
1004 680 3 8192 2.000000000 2
1004 692 3 8192 2.000000000 2
1004 740 3 8192 2.000000000 2
1004 752 3 8192 2.000000000 2
1004 760 3 8192 2.000000000 2
1004 772 3 8192 2.000000000 2
1004 776 3 8192 2.000000000 2
1004 824 3 8192 2.000000000 2
1004 840 3 8192 2.000000000 2
1004 844 3 8192 2.000000000 2
1004 852 3 8192 2.000000000 2
1004 888 3 8192 2.000000000 2
1004 912 3 8192 2.000000000 2
1004 916 3 8192 2.000000000 2
1004 932 3 8192 2.000000000 2
1004 952 3 8192 2.000000000 2
1004 992 3 8192 2.000000000 2
1004 1000 3 8192 2.000000000 2
1004 1016 3 8192 2.000000000 2
1004 1072 3 8192 2.000000000 2
1004 1160 3 8192 2.000000000 2
1004 1164 3 8192 2.000000000 2
1004 1168 3 8192 2.000000000 2
1004 1184 3 8192 2.000000000 2
1004 1192 3 8192 2.000000000 2
1004 1200 3 8192 2.000000000 2
1004 1232 3 8192 2.000000000 2
1012 8 3 8192 2.000000000 2
1012 24 3 8192 2.000000000 2
1012 36 3 8192 2.000000000 2
1012 48 3 8192 2.000000000 2
1012 52 3 8192 2.000000000 2
1012 76 3 8192 2.000000000 2
1012 144 3 8192 2.000000000 2
1012 180 3 8192 2.000000000 2
1012 192 3 8192 2.000000000 2
1012 200 3 8192 2.000000000 2
1012 208 3 8192 2.000000000 2
1012 216 3 8192 2.000000000 2
1012 240 3 8192 2.000000000 2
1012 252 3 8192 2.000000000 2
1012 272 3 8192 2.000000000 2
1012 280 3 8192 2.000000000 2
1012 288 3 8192 2.000000000 2
1012 296 3 8192 2.000000000 2
1012 304 3 8192 2.000000000 2
1012 308 3 8192 2.000000000 2
1012 348 3 8192 2.000000000 2
1012 376 3 8192 2.000000000 2
1012 380 3 8192 2.000000000 2
1012 388 3 8192 2.000000000 2
1012 412 3 8192 2.000000000 2
1012 432 3 8192 2.000000000 2
1012 484 3 8192 2.000000000 2
1012 492 3 8192 2.000000000 2
1012 516 3 8192 2.000000000 2
1012 608 3 8192 2.000000000 2
1012 632 3 8192 2.000000000 2
1012 652 3 8192 2.000000000 2
1012 660 3 8192 2.000000000 2
1012 676 3 8192 2.000000000 2
1012 696 3 8192 2.000000000 2
1012 704 3 8192 2.000000000 2
1012 708 3 8192 2.000000000 2
1012 712 3 8192 2.000000000 2
1012 716 3 8192 2.000000000 2
1012 796 3 8192 2.000000000 2
1012 820 3 8192 2.000000000 2
1012 836 3 8192 2.000000000 2
1012 840 3 8192 2.000000000 2
1012 852 3 8192 2.000000000 2
1012 856 3 8192 2.000000000 2
1012 864 3 8192 2.000000000 2
1012 868 3 8192 2.000000000 2
1012 888 3 8192 2.000000000 2
1012 892 3 8192 2.000000000 2
1012 896 3 8192 2.000000000 2
1012 916 3 8192 2.000000000 2
1012 940 3 8192 2.000000000 2
1012 956 3 8192 2.000000000 2
1012 984 3 8192 2.000000000 2
1012 1024 3 8192 2.000000000 2
1012 1036 3 8192 2.000000000 2
1012 1048 3 8192 2.000000000 2
1012 1084 3 8192 2.000000000 2
1012 1168 3 8192 2.000000000 2
1012 1188 3 8192 2.000000000 2
1012 1212 3 8192 2.000000000 2
1012 1232 3 8192 2.000000000 2
1012 1244 3 8192 2.000000000 2
1012 1264 3 8192 2.000000000 2
1016 32 3 8192 2.000000000 2
1016 56 3 8192 2.000000000 2
1016 96 3 8192 2.000000000 2
1016 108 3 8192 2.000000000 2
1016 124 3 8192 2.000000000 2
1016 168 3 8192 2.000000000 2
1016 196 3 8192 2.000000000 2
1016 228 3 8192 2.000000000 2
1016 236 3 8192 2.000000000 2
1016 280 3 8192 2.000000000 2
1016 284 3 8192 2.000000000 2
1016 296 3 8192 2.000000000 2
1016 300 3 8192 2.000000000 2
1016 316 3 8192 2.000000000 2
1016 328 3 8192 2.000000000 2
1016 348 3 8192 2.000000000 2
1016 376 3 8192 2.000000000 2
1016 400 3 8192 2.000000000 2
1016 404 3 8192 2.000000000 2
1016 468 3 8192 2.000000000 2
1016 484 3 8192 2.000000000 2
1016 488 3 8192 2.000000000 2
1016 500 3 8192 2.000000000 2
1016 504 3 8192 2.000000000 2
1016 528 3 8192 2.000000000 2
1016 552 3 8192 2.000000000 2
1016 568 3 8192 2.000000000 2
1016 580 3 8192 2.000000000 2
1016 592 3 8192 2.000000000 2
1016 596 3 8192 2.000000000 2
1016 636 3 8192 2.000000000 2
1016 640 3 8192 2.000000000 2
1016 652 3 8192 2.000000000 2
1016 676 3 8192 2.000000000 2
1016 684 3 8192 2.000000000 2
1016 688 3 8192 2.000000000 2
1016 708 3 8192 2.000000000 2
1016 760 3 8192 2.000000000 2
1016 764 3 8192 2.000000000 2
1016 772 3 8192 2.000000000 2
1016 776 3 8192 2.000000000 2
1016 784 3 8192 2.000000000 2
1016 812 3 8192 2.000000000 2
1016 888 3 8192 2.000000000 2
1016 912 3 8192 2.000000000 2
1016 916 3 8192 2.000000000 2
1016 924 3 8192 2.000000000 2
1016 928 3 8192 2.000000000 2
1016 952 3 8192 2.000000000 2
1016 972 3 8192 2.000000000 2
1016 1020 3 8192 2.000000000 2
1016 1036 3 8192 2.000000000 2
1016 1068 3 8192 2.000000000 2
1016 1080 3 8192 2.000000000 2
1016 1112 3 8192 2.000000000 2
1016 1120 3 8192 2.000000000 2
1016 1128 3 8192 2.000000000 2
1016 1148 3 8192 2.000000000 2
1016 1180 3 8192 2.000000000 2
1016 1196 3 8192 2.000000000 2
1016 1200 3 8192 2.000000000 2
1016 1208 3 8192 2.000000000 2
1016 1216 3 8192 2.000000000 2
1016 1240 3 8192 2.000000000 2
1020 32 3 8192 2.000000000 2
1020 36 3 8192 2.000000000 2
1020 64 3 8192 2.000000000 2
1020 88 3 8192 2.000000000 2
1020 104 3 8192 2.000000000 2
1020 124 3 8192 2.000000000 2
1020 132 3 8192 2.000000000 2
1020 140 3 8192 2.000000000 2
1020 156 3 8192 2.000000000 2
1020 160 3 8192 2.000000000 2
1020 164 3 8192 2.000000000 2
1020 168 3 8192 2.000000000 2
1020 232 3 8192 2.000000000 2
1020 268 3 8192 2.000000000 2
1020 272 3 8192 2.000000000 2
1020 292 3 8192 2.000000000 2
1020 296 3 8192 2.000000000 2
1020 300 3 8192 2.000000000 2
1020 340 3 8192 2.000000000 2
1020 352 3 8192 2.000000000 2
1020 356 3 8192 2.000000000 2
1020 372 3 8192 2.000000000 2
1020 376 3 8192 2.000000000 2
1020 388 3 8192 2.000000000 2
1020 408 3 8192 2.000000000 2
1020 412 3 8192 2.000000000 2
1020 424 3 8192 2.000000000 2
1020 432 3 8192 2.000000000 2
1020 452 3 8192 2.000000000 2
1020 468 3 8192 2.000000000 2
1020 500 3 8192 2.000000000 2
1020 524 3 8192 2.000000000 2
1020 532 3 8192 2.000000000 2
1020 540 3 8192 2.000000000 2
1020 564 3 8192 2.000000000 2
1020 568 3 8192 2.000000000 2
1020 636 3 8192 2.000000000 2
1020 656 3 8192 2.000000000 2
1020 716 3 8192 2.000000000 2
1020 720 3 8192 2.000000000 2
1020 724 3 8192 2.000000000 2
1020 736 3 8192 2.000000000 2
1020 772 3 8192 2.000000000 2
1020 788 3 8192 2.000000000 2
1020 840 3 8192 2.000000000 2
1020 848 3 8192 2.000000000 2
1020 868 3 8192 2.000000000 2
1020 888 3 8192 2.000000000 2
1020 892 3 8192 2.000000000 2
1020 896 3 8192 2.000000000 2
1020 916 3 8192 2.000000000 2
1020 924 3 8192 2.000000000 2
1020 932 3 8192 2.000000000 2
1020 944 3 8192 2.000000000 2
1020 956 3 8192 2.000000000 2
1020 964 3 8192 2.000000000 2
1020 980 3 8192 2.000000000 2
1020 1000 3 8192 2.000000000 2
1020 1036 3 8192 2.000000000 2
1020 1080 3 8192 2.000000000 2
1020 1128 3 8192 2.000000000 2
1020 1228 3 8192 2.000000000 2
1020 1232 3 8192 2.000000000 2
1020 1252 3 8192 2.000000000 2
1024 8 3 8192 2.000000000 2
1024 24 3 8192 2.000000000 2
1024 48 3 8192 2.000000000 2
1024 88 3 8192 2.000000000 2
1024 96 3 8192 2.000000000 2
1024 104 3 8192 2.000000000 2
1024 124 3 8192 2.000000000 2
1024 136 3 8192 2.000000000 2
1024 144 3 8192 2.000000000 2
1024 172 3 8192 2.000000000 2
1024 180 3 8192 2.000000000 2
1024 196 3 8192 2.000000000 2
1024 200 3 8192 2.000000000 2
1024 236 3 8192 2.000000000 2
1024 264 3 8192 2.000000000 2
1024 284 3 8192 2.000000000 2
1024 292 3 8192 2.000000000 2
1024 312 3 8192 2.000000000 2
1024 324 3 8192 2.000000000 2
1024 336 3 8192 2.000000000 2
1024 360 3 8192 2.000000000 2
1024 368 3 8192 2.000000000 2
1024 392 3 8192 2.000000000 2
1024 400 3 8192 2.000000000 2
1024 424 3 8192 2.000000000 2
1024 436 3 8192 2.000000000 2
1024 504 3 8192 2.000000000 2
1024 508 3 8192 2.000000000 2
1024 520 3 8192 2.000000000 2
1024 540 3 8192 2.000000000 2
1024 548 3 8192 2.000000000 2
1024 556 3 8192 2.000000000 2
1024 584 3 8192 2.000000000 2
1024 596 3 8192 2.000000000 2
1024 624 3 8192 2.000000000 2
1024 640 3 8192 2.000000000 2
1024 652 3 8192 2.000000000 2
1024 664 3 8192 2.000000000 2
1024 668 3 8192 2.000000000 2
1024 688 3 8192 2.000000000 2
1024 720 3 8192 2.000000000 2
1024 740 3 8192 2.000000000 2
1024 764 3 8192 2.000000000 2
1024 772 3 8192 2.000000000 2
1024 780 3 8192 2.000000000 2
1024 784 3 8192 2.000000000 2
1024 796 3 8192 2.000000000 2
1024 860 3 8192 2.000000000 2
1024 868 3 8192 2.000000000 2
1024 916 3 8192 2.000000000 2
1024 984 3 8192 2.000000000 2
1024 992 3 8192 2.000000000 2
1024 1000 3 8192 2.000000000 2
1024 1036 3 8192 2.000000000 2
1024 1076 3 8192 2.000000000 2
1024 1080 3 8192 2.000000000 2
1024 1096 3 8192 2.000000000 2
1024 1120 3 8192 2.000000000 2
1024 1136 3 8192 2.000000000 2
1024 1156 3 8192 2.000000000 2
1024 1232 3 8192 2.000000000 2
1024 1248 3 8192 2.000000000 2
1024 1252 3 8192 2.000000000 2
1024 1272 3 8192 2.000000000 2
1028 0 3 8192 2.000000000 2
1028 8 3 8192 2.000000000 2
1028 16 3 8192 2.000000000 2
1028 24 3 8192 2.000000000 2
1028 76 3 8192 2.000000000 2
1028 96 3 8192 2.000000000 2
1028 140 3 8192 2.000000000 2
1028 152 3 8192 2.000000000 2
1028 184 3 8192 2.000000000 2
1028 196 3 8192 2.000000000 2
1028 216 3 8192 2.000000000 2
1028 240 3 8192 2.000000000 2
1028 244 3 8192 2.000000000 2
1028 252 3 8192 2.000000000 2
1028 264 3 8192 2.000000000 2
1028 268 3 8192 2.000000000 2
1028 272 3 8192 2.000000000 2
1028 304 3 8192 2.000000000 2
1028 312 3 8192 2.000000000 2
1028 316 3 8192 2.000000000 2
1028 336 3 8192 2.000000000 2
1028 372 3 8192 2.000000000 2
1028 380 3 8192 2.000000000 2
1028 392 3 8192 2.000000000 2
1028 452 3 8192 2.000000000 2
1028 464 3 8192 2.000000000 2
1028 524 3 8192 2.000000000 2
1028 528 3 8192 2.000000000 2
1028 556 3 8192 2.000000000 2
1028 564 3 8192 2.000000000 2
1028 584 3 8192 2.000000000 2
1028 596 3 8192 2.000000000 2
1028 632 3 8192 2.000000000 2
1028 640 3 8192 2.000000000 2
1028 652 3 8192 2.000000000 2
1028 676 3 8192 2.000000000 2
1028 688 3 8192 2.000000000 2
1028 712 3 8192 2.000000000 2
1028 716 3 8192 2.000000000 2
1028 724 3 8192 2.000000000 2
1028 732 3 8192 2.000000000 2
1028 744 3 8192 2.000000000 2
1028 776 3 8192 2.000000000 2
1028 824 3 8192 2.000000000 2
1028 868 3 8192 2.000000000 2
1028 928 3 8192 2.000000000 2
1028 940 3 8192 2.000000000 2
1028 944 3 8192 2.000000000 2
1028 952 3 8192 2.000000000 2
1028 984 3 8192 2.000000000 2
1028 1012 3 8192 2.000000000 2
1028 1036 3 8192 2.000000000 2
1028 1056 3 8192 2.000000000 2
1028 1060 3 8192 2.000000000 2
1028 1080 3 8192 2.000000000 2
1028 1084 3 8192 2.000000000 2
1028 1112 3 8192 2.000000000 2
1028 1180 3 8192 2.000000000 2
1028 1196 3 8192 2.000000000 2
1028 1208 3 8192 2.000000000 2
1028 1212 3 8192 2.000000000 2
1028 1220 3 8192 2.000000000 2
1028 1244 3 8192 2.000000000 2
1028 1248 3 8192 2.000000000 2
1036 16 3 8192 2.000000000 2
1036 24 3 8192 2.000000000 2
1036 60 3 8192 2.000000000 2
1036 68 3 8192 2.000000000 2
1036 96 3 8192 2.000000000 2
1036 100 3 8192 2.000000000 2
1036 128 3 8192 2.000000000 2
1036 140 3 8192 2.000000000 2
1036 152 3 8192 2.000000000 2
1036 160 3 8192 2.000000000 2
1036 168 3 8192 2.000000000 2
1036 196 3 8192 2.000000000 2
1036 204 3 8192 2.000000000 2
1036 216 3 8192 2.000000000 2
1036 224 3 8192 2.000000000 2
1036 236 3 8192 2.000000000 2
1036 244 3 8192 2.000000000 2
1036 280 3 8192 2.000000000 2
1036 284 3 8192 2.000000000 2
1036 292 3 8192 2.000000000 2
1036 300 3 8192 2.000000000 2
1036 304 3 8192 2.000000000 2
1036 316 3 8192 2.000000000 2
1036 348 3 8192 2.000000000 2
1036 380 3 8192 2.000000000 2
1036 392 3 8192 2.000000000 2
1036 400 3 8192 2.000000000 2
1036 436 3 8192 2.000000000 2
1036 448 3 8192 2.000000000 2
1036 508 3 8192 2.000000000 2
1036 520 3 8192 2.000000000 2
1036 524 3 8192 2.000000000 2
1036 540 3 8192 2.000000000 2
1036 580 3 8192 2.000000000 2
1036 592 3 8192 2.000000000 2
1036 596 3 8192 2.000000000 2
1036 600 3 8192 2.000000000 2
1036 616 3 8192 2.000000000 2
1036 624 3 8192 2.000000000 2
1036 652 3 8192 2.000000000 2
1036 660 3 8192 2.000000000 2
1036 664 3 8192 2.000000000 2
1036 684 3 8192 2.000000000 2
1036 704 3 8192 2.000000000 2
1036 708 3 8192 2.000000000 2
1036 712 3 8192 2.000000000 2
1036 720 3 8192 2.000000000 2
1036 732 3 8192 2.000000000 2
1036 736 3 8192 2.000000000 2
1036 740 3 8192 2.000000000 2
1036 812 3 8192 2.000000000 2
1036 932 3 8192 2.000000000 2
1036 964 3 8192 2.000000000 2
1036 1056 3 8192 2.000000000 2
1036 1060 3 8192 2.000000000 2
1036 1076 3 8192 2.000000000 2
1036 1084 3 8192 2.000000000 2
1036 1104 3 8192 2.000000000 2
1036 1120 3 8192 2.000000000 2
1036 1124 3 8192 2.000000000 2
1036 1160 3 8192 2.000000000 2
1036 1176 3 8192 2.000000000 2
1036 1188 3 8192 2.000000000 2
1036 1220 3 8192 2.000000000 2
1048 24 3 8192 2.000000000 2
1048 32 3 8192 2.000000000 2
1048 52 3 8192 2.000000000 2
1048 96 3 8192 2.000000000 2
1048 100 3 8192 2.000000000 2
1048 128 3 8192 2.000000000 2
1048 132 3 8192 2.000000000 2
1048 136 3 8192 2.000000000 2
1048 156 3 8192 2.000000000 2
1048 188 3 8192 2.000000000 2
1048 204 3 8192 2.000000000 2
1048 216 3 8192 2.000000000 2
1048 232 3 8192 2.000000000 2
1048 252 3 8192 2.000000000 2
1048 264 3 8192 2.000000000 2
1048 296 3 8192 2.000000000 2
1048 340 3 8192 2.000000000 2
1048 376 3 8192 2.000000000 2
1048 396 3 8192 2.000000000 2
1048 432 3 8192 2.000000000 2
1048 436 3 8192 2.000000000 2
1048 440 3 8192 2.000000000 2
1048 504 3 8192 2.000000000 2
1048 512 3 8192 2.000000000 2
1048 552 3 8192 2.000000000 2
1048 560 3 8192 2.000000000 2
1048 568 3 8192 2.000000000 2
1048 584 3 8192 2.000000000 2
1048 596 3 8192 2.000000000 2
1048 624 3 8192 2.000000000 2
1048 636 3 8192 2.000000000 2
1048 644 3 8192 2.000000000 2
1048 668 3 8192 2.000000000 2
1048 676 3 8192 2.000000000 2
1048 684 3 8192 2.000000000 2
1048 704 3 8192 2.000000000 2
1048 708 3 8192 2.000000000 2
1048 712 3 8192 2.000000000 2
1048 740 3 8192 2.000000000 2
1048 756 3 8192 2.000000000 2
1048 824 3 8192 2.000000000 2
1048 848 3 8192 2.000000000 2
1048 860 3 8192 2.000000000 2
1048 892 3 8192 2.000000000 2
1048 896 3 8192 2.000000000 2
1048 924 3 8192 2.000000000 2
1048 940 3 8192 2.000000000 2
1048 968 3 8192 2.000000000 2
1048 1012 3 8192 2.000000000 2
1048 1056 3 8192 2.000000000 2
1048 1060 3 8192 2.000000000 2
1048 1068 3 8192 2.000000000 2
1048 1072 3 8192 2.000000000 2
1048 1104 3 8192 2.000000000 2
1048 1108 3 8192 2.000000000 2
1048 1148 3 8192 2.000000000 2
1048 1152 3 8192 2.000000000 2
1048 1156 3 8192 2.000000000 2
1048 1160 3 8192 2.000000000 2
1048 1208 3 8192 2.000000000 2
1048 1212 3 8192 2.000000000 2
1048 1232 3 8192 2.000000000 2
1048 1264 3 8192 2.000000000 2
1048 1272 3 8192 2.000000000 2
1052 0 3 8192 2.000000000 2
1052 44 3 8192 2.000000000 2
1052 60 3 8192 2.000000000 2
1052 92 3 8192 2.000000000 2
1052 96 3 8192 2.000000000 2
1052 124 3 8192 2.000000000 2
1052 144 3 8192 2.000000000 2
1052 160 3 8192 2.000000000 2
1052 172 3 8192 2.000000000 2
1052 264 3 8192 2.000000000 2
1052 284 3 8192 2.000000000 2
1052 292 3 8192 2.000000000 2
1052 296 3 8192 2.000000000 2
1052 312 3 8192 2.000000000 2
1052 324 3 8192 2.000000000 2
1052 336 3 8192 2.000000000 2
1052 348 3 8192 2.000000000 2
1052 352 3 8192 2.000000000 2
1052 356 3 8192 2.000000000 2
1052 372 3 8192 2.000000000 2
1052 376 3 8192 2.000000000 2
1052 388 3 8192 2.000000000 2
1052 420 3 8192 2.000000000 2
1052 440 3 8192 2.000000000 2
1052 456 3 8192 2.000000000 2
1052 464 3 8192 2.000000000 2
1052 492 3 8192 2.000000000 2
1052 504 3 8192 2.000000000 2
1052 524 3 8192 2.000000000 2
1052 528 3 8192 2.000000000 2
1052 532 3 8192 2.000000000 2
1052 548 3 8192 2.000000000 2
1052 560 3 8192 2.000000000 2
1052 608 3 8192 2.000000000 2
1052 636 3 8192 2.000000000 2
1052 656 3 8192 2.000000000 2
1052 660 3 8192 2.000000000 2
1052 712 3 8192 2.000000000 2
1052 760 3 8192 2.000000000 2
1052 772 3 8192 2.000000000 2
1052 776 3 8192 2.000000000 2
1052 780 3 8192 2.000000000 2
1052 788 3 8192 2.000000000 2
1052 812 3 8192 2.000000000 2
1052 856 3 8192 2.000000000 2
1052 876 3 8192 2.000000000 2
1052 900 3 8192 2.000000000 2
1052 924 3 8192 2.000000000 2
1052 928 3 8192 2.000000000 2
1052 952 3 8192 2.000000000 2
1052 964 3 8192 2.000000000 2
1052 1000 3 8192 2.000000000 2
1052 1016 3 8192 2.000000000 2
1052 1056 3 8192 2.000000000 2
1052 1076 3 8192 2.000000000 2
1052 1084 3 8192 2.000000000 2
1052 1104 3 8192 2.000000000 2
1052 1108 3 8192 2.000000000 2
1052 1148 3 8192 2.000000000 2
1052 1192 3 8192 2.000000000 2
1052 1204 3 8192 2.000000000 2
1052 1212 3 8192 2.000000000 2
1052 1244 3 8192 2.000000000 2
1052 1248 3 8192 2.000000000 2
1056 24 3 8192 2.000000000 2
1056 32 3 8192 2.000000000 2
1056 52 3 8192 2.000000000 2
1056 56 3 8192 2.000000000 2
1056 88 3 8192 2.000000000 2
1056 100 3 8192 2.000000000 2
1056 128 3 8192 2.000000000 2
1056 132 3 8192 2.000000000 2
1056 144 3 8192 2.000000000 2
1056 152 3 8192 2.000000000 2
1056 184 3 8192 2.000000000 2
1056 208 3 8192 2.000000000 2
1056 240 3 8192 2.000000000 2
1056 272 3 8192 2.000000000 2
1056 300 3 8192 2.000000000 2
1056 376 3 8192 2.000000000 2
1056 388 3 8192 2.000000000 2
1056 404 3 8192 2.000000000 2
1056 452 3 8192 2.000000000 2
1056 464 3 8192 2.000000000 2
1056 468 3 8192 2.000000000 2
1056 504 3 8192 2.000000000 2
1056 524 3 8192 2.000000000 2
1056 532 3 8192 2.000000000 2
1056 552 3 8192 2.000000000 2
1056 560 3 8192 2.000000000 2
1056 568 3 8192 2.000000000 2
1056 620 3 8192 2.000000000 2
1056 636 3 8192 2.000000000 2
1056 688 3 8192 2.000000000 2
1056 704 3 8192 2.000000000 2
1056 708 3 8192 2.000000000 2
1056 712 3 8192 2.000000000 2
1056 736 3 8192 2.000000000 2
1056 744 3 8192 2.000000000 2
1056 760 3 8192 2.000000000 2
1056 812 3 8192 2.000000000 2
1056 820 3 8192 2.000000000 2
1056 828 3 8192 2.000000000 2
1056 832 3 8192 2.000000000 2
1056 848 3 8192 2.000000000 2
1056 852 3 8192 2.000000000 2
1056 856 3 8192 2.000000000 2
1056 868 3 8192 2.000000000 2
1056 892 3 8192 2.000000000 2
1056 900 3 8192 2.000000000 2
1056 956 3 8192 2.000000000 2
1056 984 3 8192 2.000000000 2
1056 996 3 8192 2.000000000 2
1056 1012 3 8192 2.000000000 2
1056 1036 3 8192 2.000000000 2
1056 1108 3 8192 2.000000000 2
1056 1116 3 8192 2.000000000 2
1056 1128 3 8192 2.000000000 2
1056 1156 3 8192 2.000000000 2
1056 1164 3 8192 2.000000000 2
1056 1188 3 8192 2.000000000 2
1056 1200 3 8192 2.000000000 2
1056 1216 3 8192 2.000000000 2
1056 1220 3 8192 2.000000000 2
1056 1228 3 8192 2.000000000 2
1056 1248 3 8192 2.000000000 2
1056 1264 3 8192 2.000000000 2
1056 1272 3 8192 2.000000000 2
1060 44 3 8192 2.000000000 2
1060 52 3 8192 2.000000000 2
1060 64 3 8192 2.000000000 2
1060 104 3 8192 2.000000000 2
1060 124 3 8192 2.000000000 2
1060 132 3 8192 2.000000000 2
1060 192 3 8192 2.000000000 2
1060 196 3 8192 2.000000000 2
1060 216 3 8192 2.000000000 2
1060 228 3 8192 2.000000000 2
1060 236 3 8192 2.000000000 2
1060 240 3 8192 2.000000000 2
1060 244 3 8192 2.000000000 2
1060 252 3 8192 2.000000000 2
1060 256 3 8192 2.000000000 2
1060 316 3 8192 2.000000000 2
1060 324 3 8192 2.000000000 2
1060 328 3 8192 2.000000000 2
1060 332 3 8192 2.000000000 2
1060 340 3 8192 2.000000000 2
1060 360 3 8192 2.000000000 2
1060 368 3 8192 2.000000000 2
1060 372 3 8192 2.000000000 2
1060 392 3 8192 2.000000000 2
1060 404 3 8192 2.000000000 2
1060 436 3 8192 2.000000000 2
1060 464 3 8192 2.000000000 2
1060 500 3 8192 2.000000000 2
1060 504 3 8192 2.000000000 2
1060 516 3 8192 2.000000000 2
1060 520 3 8192 2.000000000 2
1060 524 3 8192 2.000000000 2
1060 560 3 8192 2.000000000 2
1060 568 3 8192 2.000000000 2
1060 584 3 8192 2.000000000 2
1060 640 3 8192 2.000000000 2
1060 656 3 8192 2.000000000 2
1060 664 3 8192 2.000000000 2
1060 680 3 8192 2.000000000 2
1060 696 3 8192 2.000000000 2
1060 700 3 8192 2.000000000 2
1060 712 3 8192 2.000000000 2
1060 760 3 8192 2.000000000 2
1060 772 3 8192 2.000000000 2
1060 776 3 8192 2.000000000 2
1060 788 3 8192 2.000000000 2
1060 832 3 8192 2.000000000 2
1060 848 3 8192 2.000000000 2
1060 928 3 8192 2.000000000 2
1060 972 3 8192 2.000000000 2
1060 1012 3 8192 2.000000000 2
1060 1024 3 8192 2.000000000 2
1060 1028 3 8192 2.000000000 2
1060 1048 3 8192 2.000000000 2
1060 1112 3 8192 2.000000000 2
1060 1128 3 8192 2.000000000 2
1060 1156 3 8192 2.000000000 2
1060 1164 3 8192 2.000000000 2
1060 1168 3 8192 2.000000000 2
1060 1188 3 8192 2.000000000 2
1060 1204 3 8192 2.000000000 2
1060 1208 3 8192 2.000000000 2
1060 1212 3 8192 2.000000000 2
1060 1228 3 8192 2.000000000 2
1068 8 3 8192 2.000000000 2
1068 16 3 8192 2.000000000 2
1068 36 3 8192 2.000000000 2
1068 104 3 8192 2.000000000 2
1068 172 3 8192 2.000000000 2
1068 188 3 8192 2.000000000 2
1068 244 3 8192 2.000000000 2
1068 252 3 8192 2.000000000 2
1068 264 3 8192 2.000000000 2
1068 268 3 8192 2.000000000 2
1068 276 3 8192 2.000000000 2
1068 284 3 8192 2.000000000 2
1068 316 3 8192 2.000000000 2
1068 332 3 8192 2.000000000 2
1068 336 3 8192 2.000000000 2
1068 352 3 8192 2.000000000 2
1068 360 3 8192 2.000000000 2
1068 400 3 8192 2.000000000 2
1068 424 3 8192 2.000000000 2
1068 452 3 8192 2.000000000 2
1068 456 3 8192 2.000000000 2
1068 488 3 8192 2.000000000 2
1068 492 3 8192 2.000000000 2
1068 504 3 8192 2.000000000 2
1068 508 3 8192 2.000000000 2
1068 524 3 8192 2.000000000 2
1068 532 3 8192 2.000000000 2
1068 552 3 8192 2.000000000 2
1068 596 3 8192 2.000000000 2
1068 636 3 8192 2.000000000 2
1068 640 3 8192 2.000000000 2
1068 680 3 8192 2.000000000 2
1068 700 3 8192 2.000000000 2
1068 704 3 8192 2.000000000 2
1068 724 3 8192 2.000000000 2
1068 752 3 8192 2.000000000 2
1068 772 3 8192 2.000000000 2
1068 796 3 8192 2.000000000 2
1068 820 3 8192 2.000000000 2
1068 828 3 8192 2.000000000 2
1068 836 3 8192 2.000000000 2
1068 860 3 8192 2.000000000 2
1068 896 3 8192 2.000000000 2
1068 916 3 8192 2.000000000 2
1068 952 3 8192 2.000000000 2
1068 964 3 8192 2.000000000 2
1068 980 3 8192 2.000000000 2
1068 1016 3 8192 2.000000000 2
1068 1052 3 8192 2.000000000 2
1068 1072 3 8192 2.000000000 2
1068 1096 3 8192 2.000000000 2
1068 1104 3 8192 2.000000000 2
1068 1112 3 8192 2.000000000 2
1068 1120 3 8192 2.000000000 2
1068 1128 3 8192 2.000000000 2
1068 1136 3 8192 2.000000000 2
1068 1156 3 8192 2.000000000 2
1068 1188 3 8192 2.000000000 2
1068 1200 3 8192 2.000000000 2
1068 1204 3 8192 2.000000000 2
1068 1208 3 8192 2.000000000 2
1068 1212 3 8192 2.000000000 2
1068 1248 3 8192 2.000000000 2
1068 1252 3 8192 2.000000000 2
1072 8 3 8192 2.000000000 2
1072 20 3 8192 2.000000000 2
1072 24 3 8192 2.000000000 2
1072 28 3 8192 2.000000000 2
1072 32 3 8192 2.000000000 2
1072 36 3 8192 2.000000000 2
1072 88 3 8192 2.000000000 2
1072 96 3 8192 2.000000000 2
1072 100 3 8192 2.000000000 2
1072 108 3 8192 2.000000000 2
1072 124 3 8192 2.000000000 2
1072 128 3 8192 2.000000000 2
1072 132 3 8192 2.000000000 2
1072 180 3 8192 2.000000000 2
1072 184 3 8192 2.000000000 2
1072 192 3 8192 2.000000000 2
1072 216 3 8192 2.000000000 2
1072 232 3 8192 2.000000000 2
1072 264 3 8192 2.000000000 2
1072 284 3 8192 2.000000000 2
1072 304 3 8192 2.000000000 2
1072 316 3 8192 2.000000000 2
1072 348 3 8192 2.000000000 2
1072 360 3 8192 2.000000000 2
1072 372 3 8192 2.000000000 2
1072 376 3 8192 2.000000000 2
1072 380 3 8192 2.000000000 2
1072 404 3 8192 2.000000000 2
1072 432 3 8192 2.000000000 2
1072 452 3 8192 2.000000000 2
1072 464 3 8192 2.000000000 2
1072 504 3 8192 2.000000000 2
1072 548 3 8192 2.000000000 2
1072 616 3 8192 2.000000000 2
1072 640 3 8192 2.000000000 2
1072 660 3 8192 2.000000000 2
1072 668 3 8192 2.000000000 2
1072 692 3 8192 2.000000000 2
1072 708 3 8192 2.000000000 2
1072 716 3 8192 2.000000000 2
1072 740 3 8192 2.000000000 2
1072 776 3 8192 2.000000000 2
1072 788 3 8192 2.000000000 2
1072 836 3 8192 2.000000000 2
1072 844 3 8192 2.000000000 2
1072 860 3 8192 2.000000000 2
1072 864 3 8192 2.000000000 2
1072 896 3 8192 2.000000000 2
1072 928 3 8192 2.000000000 2
1072 940 3 8192 2.000000000 2
1072 960 3 8192 2.000000000 2
1072 984 3 8192 2.000000000 2
1072 1004 3 8192 2.000000000 2
1072 1028 3 8192 2.000000000 2
1072 1048 3 8192 2.000000000 2
1072 1052 3 8192 2.000000000 2
1072 1068 3 8192 2.000000000 2
1072 1084 3 8192 2.000000000 2
1072 1180 3 8192 2.000000000 2
1072 1188 3 8192 2.000000000 2
1072 1192 3 8192 2.000000000 2
1072 1196 3 8192 2.000000000 2
1072 1220 3 8192 2.000000000 2
1072 1228 3 8192 2.000000000 2
1076 36 3 8192 2.000000000 2
1076 60 3 8192 2.000000000 2
1076 92 3 8192 2.000000000 2
1076 100 3 8192 2.000000000 2
1076 128 3 8192 2.000000000 2
1076 156 3 8192 2.000000000 2
1076 168 3 8192 2.000000000 2
1076 172 3 8192 2.000000000 2
1076 180 3 8192 2.000000000 2
1076 188 3 8192 2.000000000 2
1076 196 3 8192 2.000000000 2
1076 220 3 8192 2.000000000 2
1076 232 3 8192 2.000000000 2
1076 244 3 8192 2.000000000 2
1076 248 3 8192 2.000000000 2
1076 252 3 8192 2.000000000 2
1076 256 3 8192 2.000000000 2
1076 288 3 8192 2.000000000 2
1076 304 3 8192 2.000000000 2
1076 332 3 8192 2.000000000 2
1076 360 3 8192 2.000000000 2
1076 376 3 8192 2.000000000 2
1076 404 3 8192 2.000000000 2
1076 440 3 8192 2.000000000 2
1076 452 3 8192 2.000000000 2
1076 480 3 8192 2.000000000 2
1076 484 3 8192 2.000000000 2
1076 488 3 8192 2.000000000 2
1076 500 3 8192 2.000000000 2
1076 504 3 8192 2.000000000 2
1076 564 3 8192 2.000000000 2
1076 568 3 8192 2.000000000 2
1076 612 3 8192 2.000000000 2
1076 624 3 8192 2.000000000 2
1076 628 3 8192 2.000000000 2
1076 640 3 8192 2.000000000 2
1076 652 3 8192 2.000000000 2
1076 676 3 8192 2.000000000 2
1076 680 3 8192 2.000000000 2
1076 684 3 8192 2.000000000 2
1076 752 3 8192 2.000000000 2
1076 756 3 8192 2.000000000 2
1076 780 3 8192 2.000000000 2
1076 784 3 8192 2.000000000 2
1076 812 3 8192 2.000000000 2
1076 820 3 8192 2.000000000 2
1076 832 3 8192 2.000000000 2
1076 844 3 8192 2.000000000 2
1076 856 3 8192 2.000000000 2
1076 944 3 8192 2.000000000 2
1076 956 3 8192 2.000000000 2
1076 1012 3 8192 2.000000000 2
1076 1016 3 8192 2.000000000 2
1076 1028 3 8192 2.000000000 2
1076 1052 3 8192 2.000000000 2
1076 1056 3 8192 2.000000000 2
1076 1096 3 8192 2.000000000 2
1076 1108 3 8192 2.000000000 2
1076 1124 3 8192 2.000000000 2
1076 1148 3 8192 2.000000000 2
1076 1192 3 8192 2.000000000 2
1076 1204 3 8192 2.000000000 2
1076 1228 3 8192 2.000000000 2
1076 1264 3 8192 2.000000000 2
1080 20 3 8192 2.000000000 2
1080 24 3 8192 2.000000000 2
1080 48 3 8192 2.000000000 2
1080 64 3 8192 2.000000000 2
1080 144 3 8192 2.000000000 2
1080 160 3 8192 2.000000000 2
1080 220 3 8192 2.000000000 2
1080 240 3 8192 2.000000000 2
1080 252 3 8192 2.000000000 2
1080 256 3 8192 2.000000000 2
1080 280 3 8192 2.000000000 2
1080 284 3 8192 2.000000000 2
1080 312 3 8192 2.000000000 2
1080 388 3 8192 2.000000000 2
1080 404 3 8192 2.000000000 2
1080 424 3 8192 2.000000000 2
1080 440 3 8192 2.000000000 2
1080 480 3 8192 2.000000000 2
1080 484 3 8192 2.000000000 2
1080 492 3 8192 2.000000000 2
1080 500 3 8192 2.000000000 2
1080 504 3 8192 2.000000000 2
1080 524 3 8192 2.000000000 2
1080 532 3 8192 2.000000000 2
1080 540 3 8192 2.000000000 2
1080 564 3 8192 2.000000000 2
1080 620 3 8192 2.000000000 2
1080 660 3 8192 2.000000000 2
1080 664 3 8192 2.000000000 2
1080 676 3 8192 2.000000000 2
1080 680 3 8192 2.000000000 2
1080 688 3 8192 2.000000000 2
1080 732 3 8192 2.000000000 2
1080 736 3 8192 2.000000000 2
1080 760 3 8192 2.000000000 2
1080 764 3 8192 2.000000000 2
1080 780 3 8192 2.000000000 2
1080 796 3 8192 2.000000000 2
1080 844 3 8192 2.000000000 2
1080 848 3 8192 2.000000000 2
1080 852 3 8192 2.000000000 2
1080 888 3 8192 2.000000000 2
1080 916 3 8192 2.000000000 2
1080 928 3 8192 2.000000000 2
1080 960 3 8192 2.000000000 2
1080 968 3 8192 2.000000000 2
1080 972 3 8192 2.000000000 2
1080 984 3 8192 2.000000000 2
1080 996 3 8192 2.000000000 2
1080 1004 3 8192 2.000000000 2
1080 1028 3 8192 2.000000000 2
1080 1068 3 8192 2.000000000 2
1080 1076 3 8192 2.000000000 2
1080 1096 3 8192 2.000000000 2
1080 1136 3 8192 2.000000000 2
1080 1160 3 8192 2.000000000 2
1080 1164 3 8192 2.000000000 2
1080 1176 3 8192 2.000000000 2
1080 1180 3 8192 2.000000000 2
1080 1188 3 8192 2.000000000 2
1080 1192 3 8192 2.000000000 2
1080 1196 3 8192 2.000000000 2
1080 1220 3 8192 2.000000000 2
1080 1252 3 8192 2.000000000 2
1084 24 3 8192 2.000000000 2
1084 76 3 8192 2.000000000 2
1084 88 3 8192 2.000000000 2
1084 92 3 8192 2.000000000 2
1084 96 3 8192 2.000000000 2
1084 100 3 8192 2.000000000 2
1084 160 3 8192 2.000000000 2
1084 168 3 8192 2.000000000 2
1084 204 3 8192 2.000000000 2
1084 220 3 8192 2.000000000 2
1084 244 3 8192 2.000000000 2
1084 248 3 8192 2.000000000 2
1084 252 3 8192 2.000000000 2
1084 264 3 8192 2.000000000 2
1084 288 3 8192 2.000000000 2
1084 296 3 8192 2.000000000 2
1084 304 3 8192 2.000000000 2
1084 324 3 8192 2.000000000 2
1084 336 3 8192 2.000000000 2
1084 340 3 8192 2.000000000 2
1084 352 3 8192 2.000000000 2
1084 360 3 8192 2.000000000 2
1084 376 3 8192 2.000000000 2
1084 396 3 8192 2.000000000 2
1084 448 3 8192 2.000000000 2
1084 484 3 8192 2.000000000 2
1084 488 3 8192 2.000000000 2
1084 492 3 8192 2.000000000 2
1084 500 3 8192 2.000000000 2
1084 532 3 8192 2.000000000 2
1084 548 3 8192 2.000000000 2
1084 612 3 8192 2.000000000 2
1084 652 3 8192 2.000000000 2
1084 664 3 8192 2.000000000 2
1084 676 3 8192 2.000000000 2
1084 684 3 8192 2.000000000 2
1084 704 3 8192 2.000000000 2
1084 716 3 8192 2.000000000 2
1084 736 3 8192 2.000000000 2
1084 744 3 8192 2.000000000 2
1084 752 3 8192 2.000000000 2
1084 772 3 8192 2.000000000 2
1084 776 3 8192 2.000000000 2
1084 780 3 8192 2.000000000 2
1084 788 3 8192 2.000000000 2
1084 792 3 8192 2.000000000 2
1084 824 3 8192 2.000000000 2
1084 844 3 8192 2.000000000 2
1084 852 3 8192 2.000000000 2
1084 876 3 8192 2.000000000 2
1084 896 3 8192 2.000000000 2
1084 912 3 8192 2.000000000 2
1084 976 3 8192 2.000000000 2
1084 1036 3 8192 2.000000000 2
1084 1060 3 8192 2.000000000 2
1084 1096 3 8192 2.000000000 2
1084 1128 3 8192 2.000000000 2
1084 1152 3 8192 2.000000000 2
1084 1160 3 8192 2.000000000 2
1084 1164 3 8192 2.000000000 2
1084 1168 3 8192 2.000000000 2
1084 1176 3 8192 2.000000000 2
1084 1240 3 8192 2.000000000 2
1084 1272 3 8192 2.000000000 2
1096 0 3 8192 2.000000000 2
1096 32 3 8192 2.000000000 2
1096 60 3 8192 2.000000000 2
1096 64 3 8192 2.000000000 2
1096 88 3 8192 2.000000000 2
1096 136 3 8192 2.000000000 2
1096 140 3 8192 2.000000000 2
1096 144 3 8192 2.000000000 2
1096 156 3 8192 2.000000000 2
1096 168 3 8192 2.000000000 2
1096 196 3 8192 2.000000000 2
1096 216 3 8192 2.000000000 2
1096 252 3 8192 2.000000000 2
1096 280 3 8192 2.000000000 2
1096 292 3 8192 2.000000000 2
1096 300 3 8192 2.000000000 2
1096 328 3 8192 2.000000000 2
1096 356 3 8192 2.000000000 2
1096 392 3 8192 2.000000000 2
1096 404 3 8192 2.000000000 2
1096 452 3 8192 2.000000000 2
1096 480 3 8192 2.000000000 2
1096 484 3 8192 2.000000000 2
1096 504 3 8192 2.000000000 2
1096 516 3 8192 2.000000000 2
1096 524 3 8192 2.000000000 2
1096 552 3 8192 2.000000000 2
1096 556 3 8192 2.000000000 2
1096 584 3 8192 2.000000000 2
1096 592 3 8192 2.000000000 2
1096 624 3 8192 2.000000000 2
1096 632 3 8192 2.000000000 2
1096 656 3 8192 2.000000000 2
1096 660 3 8192 2.000000000 2
1096 688 3 8192 2.000000000 2
1096 704 3 8192 2.000000000 2
1096 736 3 8192 2.000000000 2
1096 740 3 8192 2.000000000 2
1096 764 3 8192 2.000000000 2
1096 772 3 8192 2.000000000 2
1096 784 3 8192 2.000000000 2
1096 796 3 8192 2.000000000 2
1096 832 3 8192 2.000000000 2
1096 836 3 8192 2.000000000 2
1096 876 3 8192 2.000000000 2
1096 932 3 8192 2.000000000 2
1096 944 3 8192 2.000000000 2
1096 952 3 8192 2.000000000 2
1096 956 3 8192 2.000000000 2
1096 976 3 8192 2.000000000 2
1096 980 3 8192 2.000000000 2
1096 992 3 8192 2.000000000 2
1096 1000 3 8192 2.000000000 2
1096 1020 3 8192 2.000000000 2
1096 1068 3 8192 2.000000000 2
1096 1072 3 8192 2.000000000 2
1096 1076 3 8192 2.000000000 2
1096 1080 3 8192 2.000000000 2
1096 1108 3 8192 2.000000000 2
1096 1164 3 8192 2.000000000 2
1096 1180 3 8192 2.000000000 2
1096 1220 3 8192 2.000000000 2
1096 1244 3 8192 2.000000000 2
1096 1248 3 8192 2.000000000 2
1104 8 3 8192 2.000000000 2
1104 40 3 8192 2.000000000 2
1104 100 3 8192 2.000000000 2
1104 104 3 8192 2.000000000 2
1104 108 3 8192 2.000000000 2
1104 124 3 8192 2.000000000 2
1104 140 3 8192 2.000000000 2
1104 156 3 8192 2.000000000 2
1104 168 3 8192 2.000000000 2
1104 240 3 8192 2.000000000 2
1104 244 3 8192 2.000000000 2
1104 256 3 8192 2.000000000 2
1104 268 3 8192 2.000000000 2
1104 276 3 8192 2.000000000 2
1104 284 3 8192 2.000000000 2
1104 288 3 8192 2.000000000 2
1104 308 3 8192 2.000000000 2
1104 328 3 8192 2.000000000 2
1104 360 3 8192 2.000000000 2
1104 368 3 8192 2.000000000 2
1104 372 3 8192 2.000000000 2
1104 396 3 8192 2.000000000 2
1104 420 3 8192 2.000000000 2
1104 436 3 8192 2.000000000 2
1104 452 3 8192 2.000000000 2
1104 484 3 8192 2.000000000 2
1104 492 3 8192 2.000000000 2
1104 508 3 8192 2.000000000 2
1104 564 3 8192 2.000000000 2
1104 580 3 8192 2.000000000 2
1104 596 3 8192 2.000000000 2
1104 696 3 8192 2.000000000 2
1104 716 3 8192 2.000000000 2
1104 744 3 8192 2.000000000 2
1104 756 3 8192 2.000000000 2
1104 764 3 8192 2.000000000 2
1104 772 3 8192 2.000000000 2
1104 776 3 8192 2.000000000 2
1104 780 3 8192 2.000000000 2
1104 788 3 8192 2.000000000 2
1104 836 3 8192 2.000000000 2
1104 848 3 8192 2.000000000 2
1104 916 3 8192 2.000000000 2
1104 924 3 8192 2.000000000 2
1104 928 3 8192 2.000000000 2
1104 956 3 8192 2.000000000 2
1104 960 3 8192 2.000000000 2
1104 980 3 8192 2.000000000 2
1104 1012 3 8192 2.000000000 2
1104 1016 3 8192 2.000000000 2
1104 1020 3 8192 2.000000000 2
1104 1076 3 8192 2.000000000 2
1104 1080 3 8192 2.000000000 2
1104 1084 3 8192 2.000000000 2
1104 1108 3 8192 2.000000000 2
1104 1112 3 8192 2.000000000 2
1104 1116 3 8192 2.000000000 2
1104 1120 3 8192 2.000000000 2
1104 1136 3 8192 2.000000000 2
1104 1164 3 8192 2.000000000 2
1104 1180 3 8192 2.000000000 2
1104 1196 3 8192 2.000000000 2
1104 1208 3 8192 2.000000000 2
1104 1232 3 8192 2.000000000 2
1108 20 3 8192 2.000000000 2
1108 60 3 8192 2.000000000 2
1108 68 3 8192 2.000000000 2
1108 108 3 8192 2.000000000 2
1108 120 3 8192 2.000000000 2
1108 128 3 8192 2.000000000 2
1108 140 3 8192 2.000000000 2
1108 156 3 8192 2.000000000 2
1108 172 3 8192 2.000000000 2
1108 220 3 8192 2.000000000 2
1108 240 3 8192 2.000000000 2
1108 252 3 8192 2.000000000 2
1108 268 3 8192 2.000000000 2
1108 276 3 8192 2.000000000 2
1108 296 3 8192 2.000000000 2
1108 300 3 8192 2.000000000 2
1108 304 3 8192 2.000000000 2
1108 312 3 8192 2.000000000 2
1108 336 3 8192 2.000000000 2
1108 352 3 8192 2.000000000 2
1108 368 3 8192 2.000000000 2
1108 376 3 8192 2.000000000 2
1108 420 3 8192 2.000000000 2
1108 492 3 8192 2.000000000 2
1108 516 3 8192 2.000000000 2
1108 552 3 8192 2.000000000 2
1108 556 3 8192 2.000000000 2
1108 596 3 8192 2.000000000 2
1108 632 3 8192 2.000000000 2
1108 644 3 8192 2.000000000 2
1108 656 3 8192 2.000000000 2
1108 660 3 8192 2.000000000 2
1108 680 3 8192 2.000000000 2
1108 692 3 8192 2.000000000 2
1108 704 3 8192 2.000000000 2
1108 716 3 8192 2.000000000 2
1108 752 3 8192 2.000000000 2
1108 760 3 8192 2.000000000 2
1108 776 3 8192 2.000000000 2
1108 820 3 8192 2.000000000 2
1108 824 3 8192 2.000000000 2
1108 832 3 8192 2.000000000 2
1108 848 3 8192 2.000000000 2
1108 900 3 8192 2.000000000 2
1108 912 3 8192 2.000000000 2
1108 928 3 8192 2.000000000 2
1108 940 3 8192 2.000000000 2
1108 944 3 8192 2.000000000 2
1108 976 3 8192 2.000000000 2
1108 984 3 8192 2.000000000 2
1108 1024 3 8192 2.000000000 2
1108 1068 3 8192 2.000000000 2
1108 1072 3 8192 2.000000000 2
1108 1128 3 8192 2.000000000 2
1108 1148 3 8192 2.000000000 2
1108 1152 3 8192 2.000000000 2
1108 1156 3 8192 2.000000000 2
1108 1184 3 8192 2.000000000 2
1108 1200 3 8192 2.000000000 2
1108 1204 3 8192 2.000000000 2
1108 1208 3 8192 2.000000000 2
1108 1244 3 8192 2.000000000 2
1108 1248 3 8192 2.000000000 2
1108 1252 3 8192 2.000000000 2
1112 20 3 8192 2.000000000 2
1112 28 3 8192 2.000000000 2
1112 48 3 8192 2.000000000 2
1112 68 3 8192 2.000000000 2
1112 120 3 8192 2.000000000 2
1112 144 3 8192 2.000000000 2
1112 152 3 8192 2.000000000 2
1112 156 3 8192 2.000000000 2
1112 192 3 8192 2.000000000 2
1112 204 3 8192 2.000000000 2
1112 228 3 8192 2.000000000 2
1112 232 3 8192 2.000000000 2
1112 252 3 8192 2.000000000 2
1112 264 3 8192 2.000000000 2
1112 272 3 8192 2.000000000 2
1112 280 3 8192 2.000000000 2
1112 296 3 8192 2.000000000 2
1112 300 3 8192 2.000000000 2
1112 304 3 8192 2.000000000 2
1112 340 3 8192 2.000000000 2
1112 360 3 8192 2.000000000 2
1112 388 3 8192 2.000000000 2
1112 408 3 8192 2.000000000 2
1112 448 3 8192 2.000000000 2
1112 488 3 8192 2.000000000 2
1112 508 3 8192 2.000000000 2
1112 556 3 8192 2.000000000 2
1112 564 3 8192 2.000000000 2
1112 568 3 8192 2.000000000 2
1112 580 3 8192 2.000000000 2
1112 584 3 8192 2.000000000 2
1112 596 3 8192 2.000000000 2
1112 600 3 8192 2.000000000 2
1112 612 3 8192 2.000000000 2
1112 620 3 8192 2.000000000 2
1112 624 3 8192 2.000000000 2
1112 632 3 8192 2.000000000 2
1112 656 3 8192 2.000000000 2
1112 676 3 8192 2.000000000 2
1112 688 3 8192 2.000000000 2
1112 720 3 8192 2.000000000 2
1112 724 3 8192 2.000000000 2
1112 732 3 8192 2.000000000 2
1112 736 3 8192 2.000000000 2
1112 740 3 8192 2.000000000 2
1112 796 3 8192 2.000000000 2
1112 912 3 8192 2.000000000 2
1112 928 3 8192 2.000000000 2
1112 972 3 8192 2.000000000 2
1112 980 3 8192 2.000000000 2
1112 984 3 8192 2.000000000 2
1112 1004 3 8192 2.000000000 2
1112 1020 3 8192 2.000000000 2
1112 1056 3 8192 2.000000000 2
1112 1084 3 8192 2.000000000 2
1112 1124 3 8192 2.000000000 2
1112 1156 3 8192 2.000000000 2
1112 1160 3 8192 2.000000000 2
1112 1176 3 8192 2.000000000 2
1112 1196 3 8192 2.000000000 2
1112 1216 3 8192 2.000000000 2
1112 1240 3 8192 2.000000000 2
1112 1244 3 8192 2.000000000 2
1112 1272 3 8192 2.000000000 2
1116 16 3 8192 2.000000000 2
1116 20 3 8192 2.000000000 2
1116 24 3 8192 2.000000000 2
1116 32 3 8192 2.000000000 2
1116 44 3 8192 2.000000000 2
1116 60 3 8192 2.000000000 2
1116 100 3 8192 2.000000000 2
1116 160 3 8192 2.000000000 2
1116 180 3 8192 2.000000000 2
1116 188 3 8192 2.000000000 2
1116 196 3 8192 2.000000000 2
1116 200 3 8192 2.000000000 2
1116 228 3 8192 2.000000000 2
1116 236 3 8192 2.000000000 2
1116 248 3 8192 2.000000000 2
1116 276 3 8192 2.000000000 2
1116 280 3 8192 2.000000000 2
1116 300 3 8192 2.000000000 2
1116 332 3 8192 2.000000000 2
1116 348 3 8192 2.000000000 2
1116 376 3 8192 2.000000000 2
1116 380 3 8192 2.000000000 2
1116 452 3 8192 2.000000000 2
1116 468 3 8192 2.000000000 2
1116 484 3 8192 2.000000000 2
1116 508 3 8192 2.000000000 2
1116 532 3 8192 2.000000000 2
1116 548 3 8192 2.000000000 2
1116 564 3 8192 2.000000000 2
1116 616 3 8192 2.000000000 2
1116 628 3 8192 2.000000000 2
1116 632 3 8192 2.000000000 2
1116 680 3 8192 2.000000000 2
1116 688 3 8192 2.000000000 2
1116 740 3 8192 2.000000000 2
1116 744 3 8192 2.000000000 2
1116 760 3 8192 2.000000000 2
1116 780 3 8192 2.000000000 2
1116 788 3 8192 2.000000000 2
1116 792 3 8192 2.000000000 2
1116 812 3 8192 2.000000000 2
1116 820 3 8192 2.000000000 2
1116 852 3 8192 2.000000000 2
1116 860 3 8192 2.000000000 2
1116 868 3 8192 2.000000000 2
1116 876 3 8192 2.000000000 2
1116 888 3 8192 2.000000000 2
1116 932 3 8192 2.000000000 2
1116 940 3 8192 2.000000000 2
1116 976 3 8192 2.000000000 2
1116 980 3 8192 2.000000000 2
1116 984 3 8192 2.000000000 2
1116 1000 3 8192 2.000000000 2
1116 1016 3 8192 2.000000000 2
1116 1028 3 8192 2.000000000 2
1116 1048 3 8192 2.000000000 2
1116 1052 3 8192 2.000000000 2
1116 1068 3 8192 2.000000000 2
1116 1096 3 8192 2.000000000 2
1116 1128 3 8192 2.000000000 2
1116 1160 3 8192 2.000000000 2
1116 1216 3 8192 2.000000000 2
1116 1232 3 8192 2.000000000 2
1116 1252 3 8192 2.000000000 2
1120 20 3 8192 2.000000000 2
1120 40 3 8192 2.000000000 2
1120 60 3 8192 2.000000000 2
1120 76 3 8192 2.000000000 2
1120 88 3 8192 2.000000000 2
1120 100 3 8192 2.000000000 2
1120 164 3 8192 2.000000000 2
1120 200 3 8192 2.000000000 2
1120 216 3 8192 2.000000000 2
1120 236 3 8192 2.000000000 2
1120 240 3 8192 2.000000000 2
1120 244 3 8192 2.000000000 2
1120 268 3 8192 2.000000000 2
1120 288 3 8192 2.000000000 2
1120 308 3 8192 2.000000000 2
1120 316 3 8192 2.000000000 2
1120 348 3 8192 2.000000000 2
1120 352 3 8192 2.000000000 2
1120 368 3 8192 2.000000000 2
1120 376 3 8192 2.000000000 2
1120 388 3 8192 2.000000000 2
1120 392 3 8192 2.000000000 2
1120 396 3 8192 2.000000000 2
1120 468 3 8192 2.000000000 2
1120 492 3 8192 2.000000000 2
1120 508 3 8192 2.000000000 2
1120 512 3 8192 2.000000000 2
1120 528 3 8192 2.000000000 2
1120 540 3 8192 2.000000000 2
1120 548 3 8192 2.000000000 2
1120 556 3 8192 2.000000000 2
1120 560 3 8192 2.000000000 2
1120 564 3 8192 2.000000000 2
1120 596 3 8192 2.000000000 2
1120 600 3 8192 2.000000000 2
1120 608 3 8192 2.000000000 2
1120 620 3 8192 2.000000000 2
1120 624 3 8192 2.000000000 2
1120 644 3 8192 2.000000000 2
1120 656 3 8192 2.000000000 2
1120 660 3 8192 2.000000000 2
1120 688 3 8192 2.000000000 2
1120 696 3 8192 2.000000000 2
1120 736 3 8192 2.000000000 2
1120 760 3 8192 2.000000000 2
1120 828 3 8192 2.000000000 2
1120 940 3 8192 2.000000000 2
1120 964 3 8192 2.000000000 2
1120 972 3 8192 2.000000000 2
1120 976 3 8192 2.000000000 2
1120 984 3 8192 2.000000000 2
1120 992 3 8192 2.000000000 2
1120 1036 3 8192 2.000000000 2
1120 1056 3 8192 2.000000000 2
1120 1084 3 8192 2.000000000 2
1120 1104 3 8192 2.000000000 2
1120 1116 3 8192 2.000000000 2
1120 1136 3 8192 2.000000000 2
1120 1152 3 8192 2.000000000 2
1120 1160 3 8192 2.000000000 2
1120 1220 3 8192 2.000000000 2
1120 1240 3 8192 2.000000000 2
1120 1248 3 8192 2.000000000 2
1120 1264 3 8192 2.000000000 2
1124 20 3 8192 2.000000000 2
1124 24 3 8192 2.000000000 2
1124 28 3 8192 2.000000000 2
1124 36 3 8192 2.000000000 2
1124 40 3 8192 2.000000000 2
1124 48 3 8192 2.000000000 2
1124 52 3 8192 2.000000000 2
1124 56 3 8192 2.000000000 2
1124 64 3 8192 2.000000000 2
1124 68 3 8192 2.000000000 2
1124 120 3 8192 2.000000000 2
1124 128 3 8192 2.000000000 2
1124 140 3 8192 2.000000000 2
1124 180 3 8192 2.000000000 2
1124 196 3 8192 2.000000000 2
1124 200 3 8192 2.000000000 2
1124 216 3 8192 2.000000000 2
1124 240 3 8192 2.000000000 2
1124 252 3 8192 2.000000000 2
1124 256 3 8192 2.000000000 2
1124 264 3 8192 2.000000000 2
1124 276 3 8192 2.000000000 2
1124 280 3 8192 2.000000000 2
1124 292 3 8192 2.000000000 2
1124 308 3 8192 2.000000000 2
1124 340 3 8192 2.000000000 2
1124 360 3 8192 2.000000000 2
1124 376 3 8192 2.000000000 2
1124 396 3 8192 2.000000000 2
1124 400 3 8192 2.000000000 2
1124 448 3 8192 2.000000000 2
1124 468 3 8192 2.000000000 2
1124 480 3 8192 2.000000000 2
1124 504 3 8192 2.000000000 2
1124 532 3 8192 2.000000000 2
1124 540 3 8192 2.000000000 2
1124 548 3 8192 2.000000000 2
1124 580 3 8192 2.000000000 2
1124 620 3 8192 2.000000000 2
1124 640 3 8192 2.000000000 2
1124 676 3 8192 2.000000000 2
1124 684 3 8192 2.000000000 2
1124 716 3 8192 2.000000000 2
1124 724 3 8192 2.000000000 2
1124 740 3 8192 2.000000000 2
1124 752 3 8192 2.000000000 2
1124 764 3 8192 2.000000000 2
1124 772 3 8192 2.000000000 2
1124 784 3 8192 2.000000000 2
1124 824 3 8192 2.000000000 2
1124 868 3 8192 2.000000000 2
1124 896 3 8192 2.000000000 2
1124 924 3 8192 2.000000000 2
1124 1028 3 8192 2.000000000 2
1124 1048 3 8192 2.000000000 2
1124 1068 3 8192 2.000000000 2
1124 1108 3 8192 2.000000000 2
1124 1152 3 8192 2.000000000 2
1124 1192 3 8192 2.000000000 2
1124 1240 3 8192 2.000000000 2
1124 1244 3 8192 2.000000000 2
1124 1252 3 8192 2.000000000 2
1124 1264 3 8192 2.000000000 2
1124 1272 3 8192 2.000000000 2
1128 16 3 8192 2.000000000 2
1128 24 3 8192 2.000000000 2
1128 32 3 8192 2.000000000 2
1128 52 3 8192 2.000000000 2
1128 68 3 8192 2.000000000 2
1128 76 3 8192 2.000000000 2
1128 96 3 8192 2.000000000 2
1128 132 3 8192 2.000000000 2
1128 180 3 8192 2.000000000 2
1128 184 3 8192 2.000000000 2
1128 192 3 8192 2.000000000 2
1128 220 3 8192 2.000000000 2
1128 236 3 8192 2.000000000 2
1128 244 3 8192 2.000000000 2
1128 248 3 8192 2.000000000 2
1128 252 3 8192 2.000000000 2
1128 280 3 8192 2.000000000 2
1128 284 3 8192 2.000000000 2
1128 296 3 8192 2.000000000 2
1128 328 3 8192 2.000000000 2
1128 340 3 8192 2.000000000 2
1128 400 3 8192 2.000000000 2
1128 404 3 8192 2.000000000 2
1128 408 3 8192 2.000000000 2
1128 432 3 8192 2.000000000 2
1128 452 3 8192 2.000000000 2
1128 488 3 8192 2.000000000 2
1128 500 3 8192 2.000000000 2
1128 520 3 8192 2.000000000 2
1128 528 3 8192 2.000000000 2
1128 560 3 8192 2.000000000 2
1128 600 3 8192 2.000000000 2
1128 612 3 8192 2.000000000 2
1128 644 3 8192 2.000000000 2
1128 652 3 8192 2.000000000 2
1128 664 3 8192 2.000000000 2
1128 676 3 8192 2.000000000 2
1128 708 3 8192 2.000000000 2
1128 720 3 8192 2.000000000 2
1128 736 3 8192 2.000000000 2
1128 760 3 8192 2.000000000 2
1128 788 3 8192 2.000000000 2
1128 820 3 8192 2.000000000 2
1128 828 3 8192 2.000000000 2
1128 892 3 8192 2.000000000 2
1128 916 3 8192 2.000000000 2
1128 928 3 8192 2.000000000 2
1128 932 3 8192 2.000000000 2
1128 940 3 8192 2.000000000 2
1128 956 3 8192 2.000000000 2
1128 984 3 8192 2.000000000 2
1128 1012 3 8192 2.000000000 2
1128 1020 3 8192 2.000000000 2
1128 1052 3 8192 2.000000000 2
1128 1120 3 8192 2.000000000 2
1128 1152 3 8192 2.000000000 2
1128 1156 3 8192 2.000000000 2
1128 1164 3 8192 2.000000000 2
1128 1180 3 8192 2.000000000 2
1128 1188 3 8192 2.000000000 2
1128 1192 3 8192 2.000000000 2
1128 1196 3 8192 2.000000000 2
1128 1228 3 8192 2.000000000 2
1128 1272 3 8192 2.000000000 2
1136 44 3 8192 2.000000000 2
1136 48 3 8192 2.000000000 2
1136 96 3 8192 2.000000000 2
1136 100 3 8192 2.000000000 2
1136 108 3 8192 2.000000000 2
1136 120 3 8192 2.000000000 2
1136 124 3 8192 2.000000000 2
1136 128 3 8192 2.000000000 2
1136 132 3 8192 2.000000000 2
1136 140 3 8192 2.000000000 2
1136 160 3 8192 2.000000000 2
1136 196 3 8192 2.000000000 2
1136 220 3 8192 2.000000000 2
1136 236 3 8192 2.000000000 2
1136 252 3 8192 2.000000000 2
1136 272 3 8192 2.000000000 2
1136 300 3 8192 2.000000000 2
1136 304 3 8192 2.000000000 2
1136 308 3 8192 2.000000000 2
1136 316 3 8192 2.000000000 2
1136 332 3 8192 2.000000000 2
1136 352 3 8192 2.000000000 2
1136 356 3 8192 2.000000000 2
1136 376 3 8192 2.000000000 2
1136 408 3 8192 2.000000000 2
1136 412 3 8192 2.000000000 2
1136 420 3 8192 2.000000000 2
1136 424 3 8192 2.000000000 2
1136 448 3 8192 2.000000000 2
1136 456 3 8192 2.000000000 2
1136 480 3 8192 2.000000000 2
1136 484 3 8192 2.000000000 2
1136 492 3 8192 2.000000000 2
1136 560 3 8192 2.000000000 2
1136 568 3 8192 2.000000000 2
1136 584 3 8192 2.000000000 2
1136 592 3 8192 2.000000000 2
1136 608 3 8192 2.000000000 2
1136 616 3 8192 2.000000000 2
1136 628 3 8192 2.000000000 2
1136 636 3 8192 2.000000000 2
1136 668 3 8192 2.000000000 2
1136 692 3 8192 2.000000000 2
1136 696 3 8192 2.000000000 2
1136 708 3 8192 2.000000000 2
1136 732 3 8192 2.000000000 2
1136 764 3 8192 2.000000000 2
1136 824 3 8192 2.000000000 2
1136 832 3 8192 2.000000000 2
1136 840 3 8192 2.000000000 2
1136 864 3 8192 2.000000000 2
1136 896 3 8192 2.000000000 2
1136 924 3 8192 2.000000000 2
1136 976 3 8192 2.000000000 2
1136 980 3 8192 2.000000000 2
1136 984 3 8192 2.000000000 2
1136 1012 3 8192 2.000000000 2
1136 1072 3 8192 2.000000000 2
1136 1084 3 8192 2.000000000 2
1136 1096 3 8192 2.000000000 2
1136 1108 3 8192 2.000000000 2
1136 1112 3 8192 2.000000000 2
1136 1128 3 8192 2.000000000 2
1136 1148 3 8192 2.000000000 2
1148 40 3 8192 2.000000000 2
1148 44 3 8192 2.000000000 2
1148 76 3 8192 2.000000000 2
1148 136 3 8192 2.000000000 2
1148 140 3 8192 2.000000000 2
1148 152 3 8192 2.000000000 2
1148 200 3 8192 2.000000000 2
1148 204 3 8192 2.000000000 2
1148 208 3 8192 2.000000000 2
1148 216 3 8192 2.000000000 2
1148 220 3 8192 2.000000000 2
1148 224 3 8192 2.000000000 2
1148 228 3 8192 2.000000000 2
1148 268 3 8192 2.000000000 2
1148 276 3 8192 2.000000000 2
1148 300 3 8192 2.000000000 2
1148 308 3 8192 2.000000000 2
1148 328 3 8192 2.000000000 2
1148 352 3 8192 2.000000000 2
1148 360 3 8192 2.000000000 2
1148 404 3 8192 2.000000000 2
1148 436 3 8192 2.000000000 2
1148 452 3 8192 2.000000000 2
1148 464 3 8192 2.000000000 2
1148 484 3 8192 2.000000000 2
1148 488 3 8192 2.000000000 2
1148 516 3 8192 2.000000000 2
1148 532 3 8192 2.000000000 2
1148 548 3 8192 2.000000000 2
1148 552 3 8192 2.000000000 2
1148 564 3 8192 2.000000000 2
1148 612 3 8192 2.000000000 2
1148 636 3 8192 2.000000000 2
1148 660 3 8192 2.000000000 2
1148 688 3 8192 2.000000000 2
1148 736 3 8192 2.000000000 2
1148 784 3 8192 2.000000000 2
1148 792 3 8192 2.000000000 2
1148 832 3 8192 2.000000000 2
1148 836 3 8192 2.000000000 2
1148 848 3 8192 2.000000000 2
1148 864 3 8192 2.000000000 2
1148 876 3 8192 2.000000000 2
1148 900 3 8192 2.000000000 2
1148 924 3 8192 2.000000000 2
1148 928 3 8192 2.000000000 2
1148 944 3 8192 2.000000000 2
1148 952 3 8192 2.000000000 2
1148 968 3 8192 2.000000000 2
1148 1004 3 8192 2.000000000 2
1148 1024 3 8192 2.000000000 2
1148 1108 3 8192 2.000000000 2
1148 1112 3 8192 2.000000000 2
1148 1116 3 8192 2.000000000 2
1148 1124 3 8192 2.000000000 2
1148 1128 3 8192 2.000000000 2
1148 1156 3 8192 2.000000000 2
1148 1168 3 8192 2.000000000 2
1148 1176 3 8192 2.000000000 2
1148 1180 3 8192 2.000000000 2
1148 1200 3 8192 2.000000000 2
1148 1232 3 8192 2.000000000 2
1148 1248 3 8192 2.000000000 2
1148 1264 3 8192 2.000000000 2
1152 16 3 8192 2.000000000 2
1152 44 3 8192 2.000000000 2
1152 48 3 8192 2.000000000 2
1152 52 3 8192 2.000000000 2
1152 68 3 8192 2.000000000 2
1152 88 3 8192 2.000000000 2
1152 96 3 8192 2.000000000 2
1152 144 3 8192 2.000000000 2
1152 204 3 8192 2.000000000 2
1152 216 3 8192 2.000000000 2
1152 220 3 8192 2.000000000 2
1152 236 3 8192 2.000000000 2
1152 252 3 8192 2.000000000 2
1152 264 3 8192 2.000000000 2
1152 296 3 8192 2.000000000 2
1152 308 3 8192 2.000000000 2
1152 324 3 8192 2.000000000 2
1152 328 3 8192 2.000000000 2
1152 336 3 8192 2.000000000 2
1152 356 3 8192 2.000000000 2
1152 360 3 8192 2.000000000 2
1152 368 3 8192 2.000000000 2
1152 376 3 8192 2.000000000 2
1152 412 3 8192 2.000000000 2
1152 452 3 8192 2.000000000 2
1152 464 3 8192 2.000000000 2
1152 484 3 8192 2.000000000 2
1152 556 3 8192 2.000000000 2
1152 560 3 8192 2.000000000 2
1152 584 3 8192 2.000000000 2
1152 596 3 8192 2.000000000 2
1152 620 3 8192 2.000000000 2
1152 644 3 8192 2.000000000 2
1152 656 3 8192 2.000000000 2
1152 684 3 8192 2.000000000 2
1152 708 3 8192 2.000000000 2
1152 756 3 8192 2.000000000 2
1152 784 3 8192 2.000000000 2
1152 824 3 8192 2.000000000 2
1152 836 3 8192 2.000000000 2
1152 840 3 8192 2.000000000 2
1152 852 3 8192 2.000000000 2
1152 856 3 8192 2.000000000 2
1152 860 3 8192 2.000000000 2
1152 876 3 8192 2.000000000 2
1152 892 3 8192 2.000000000 2
1152 924 3 8192 2.000000000 2
1152 940 3 8192 2.000000000 2
1152 956 3 8192 2.000000000 2
1152 976 3 8192 2.000000000 2
1152 984 3 8192 2.000000000 2
1152 1068 3 8192 2.000000000 2
1152 1104 3 8192 2.000000000 2
1152 1108 3 8192 2.000000000 2
1152 1124 3 8192 2.000000000 2
1152 1136 3 8192 2.000000000 2
1152 1164 3 8192 2.000000000 2
1152 1176 3 8192 2.000000000 2
1152 1180 3 8192 2.000000000 2
1152 1192 3 8192 2.000000000 2
1152 1220 3 8192 2.000000000 2
1152 1240 3 8192 2.000000000 2
1152 1244 3 8192 2.000000000 2
1152 1248 3 8192 2.000000000 2
1156 0 3 8192 2.000000000 2
1156 36 3 8192 2.000000000 2
1156 40 3 8192 2.000000000 2
1156 44 3 8192 2.000000000 2
1156 56 3 8192 2.000000000 2
1156 60 3 8192 2.000000000 2
1156 76 3 8192 2.000000000 2
1156 108 3 8192 2.000000000 2
1156 136 3 8192 2.000000000 2
1156 144 3 8192 2.000000000 2
1156 160 3 8192 2.000000000 2
1156 164 3 8192 2.000000000 2
1156 180 3 8192 2.000000000 2
1156 184 3 8192 2.000000000 2
1156 204 3 8192 2.000000000 2
1156 208 3 8192 2.000000000 2
1156 236 3 8192 2.000000000 2
1156 284 3 8192 2.000000000 2
1156 328 3 8192 2.000000000 2
1156 348 3 8192 2.000000000 2
1156 360 3 8192 2.000000000 2
1156 376 3 8192 2.000000000 2
1156 380 3 8192 2.000000000 2
1156 388 3 8192 2.000000000 2
1156 392 3 8192 2.000000000 2
1156 396 3 8192 2.000000000 2
1156 440 3 8192 2.000000000 2
1156 480 3 8192 2.000000000 2
1156 492 3 8192 2.000000000 2
1156 504 3 8192 2.000000000 2
1156 508 3 8192 2.000000000 2
1156 532 3 8192 2.000000000 2
1156 552 3 8192 2.000000000 2
1156 584 3 8192 2.000000000 2
1156 600 3 8192 2.000000000 2
1156 628 3 8192 2.000000000 2
1156 632 3 8192 2.000000000 2
1156 656 3 8192 2.000000000 2
1156 660 3 8192 2.000000000 2
1156 680 3 8192 2.000000000 2
1156 684 3 8192 2.000000000 2
1156 700 3 8192 2.000000000 2
1156 704 3 8192 2.000000000 2
1156 720 3 8192 2.000000000 2
1156 724 3 8192 2.000000000 2
1156 736 3 8192 2.000000000 2
1156 740 3 8192 2.000000000 2
1156 792 3 8192 2.000000000 2
1156 892 3 8192 2.000000000 2
1156 896 3 8192 2.000000000 2
1156 928 3 8192 2.000000000 2
1156 952 3 8192 2.000000000 2
1156 960 3 8192 2.000000000 2
1156 984 3 8192 2.000000000 2
1156 996 3 8192 2.000000000 2
1156 1016 3 8192 2.000000000 2
1156 1060 3 8192 2.000000000 2
1156 1084 3 8192 2.000000000 2
1156 1192 3 8192 2.000000000 2
1156 1208 3 8192 2.000000000 2
1156 1216 3 8192 2.000000000 2
1156 1232 3 8192 2.000000000 2
1156 1244 3 8192 2.000000000 2
1156 1272 3 8192 2.000000000 2
1160 40 3 8192 2.000000000 2
1160 44 3 8192 2.000000000 2
1160 96 3 8192 2.000000000 2
1160 124 3 8192 2.000000000 2
1160 164 3 8192 2.000000000 2
1160 184 3 8192 2.000000000 2
1160 220 3 8192 2.000000000 2
1160 228 3 8192 2.000000000 2
1160 236 3 8192 2.000000000 2
1160 240 3 8192 2.000000000 2
1160 244 3 8192 2.000000000 2
1160 248 3 8192 2.000000000 2
1160 272 3 8192 2.000000000 2
1160 276 3 8192 2.000000000 2
1160 284 3 8192 2.000000000 2
1160 288 3 8192 2.000000000 2
1160 292 3 8192 2.000000000 2
1160 312 3 8192 2.000000000 2
1160 380 3 8192 2.000000000 2
1160 396 3 8192 2.000000000 2
1160 400 3 8192 2.000000000 2
1160 404 3 8192 2.000000000 2
1160 408 3 8192 2.000000000 2
1160 420 3 8192 2.000000000 2
1160 432 3 8192 2.000000000 2
1160 436 3 8192 2.000000000 2
1160 440 3 8192 2.000000000 2
1160 484 3 8192 2.000000000 2
1160 500 3 8192 2.000000000 2
1160 504 3 8192 2.000000000 2
1160 520 3 8192 2.000000000 2
1160 528 3 8192 2.000000000 2
1160 540 3 8192 2.000000000 2
1160 632 3 8192 2.000000000 2
1160 644 3 8192 2.000000000 2
1160 660 3 8192 2.000000000 2
1160 664 3 8192 2.000000000 2
1160 752 3 8192 2.000000000 2
1160 756 3 8192 2.000000000 2
1160 764 3 8192 2.000000000 2
1160 792 3 8192 2.000000000 2
1160 832 3 8192 2.000000000 2
1160 852 3 8192 2.000000000 2
1160 860 3 8192 2.000000000 2
1160 888 3 8192 2.000000000 2
1160 892 3 8192 2.000000000 2
1160 896 3 8192 2.000000000 2
1160 912 3 8192 2.000000000 2
1160 924 3 8192 2.000000000 2
1160 928 3 8192 2.000000000 2
1160 944 3 8192 2.000000000 2
1160 972 3 8192 2.000000000 2
1160 1012 3 8192 2.000000000 2
1160 1020 3 8192 2.000000000 2
1160 1036 3 8192 2.000000000 2
1160 1048 3 8192 2.000000000 2
1160 1080 3 8192 2.000000000 2
1160 1096 3 8192 2.000000000 2
1160 1104 3 8192 2.000000000 2
1160 1136 3 8192 2.000000000 2
1160 1176 3 8192 2.000000000 2
1160 1228 3 8192 2.000000000 2
1160 1248 3 8192 2.000000000 2
1160 1252 3 8192 2.000000000 2
1164 8 3 8192 2.000000000 2
1164 28 3 8192 2.000000000 2
1164 56 3 8192 2.000000000 2
1164 88 3 8192 2.000000000 2
1164 96 3 8192 2.000000000 2
1164 108 3 8192 2.000000000 2
1164 128 3 8192 2.000000000 2
1164 228 3 8192 2.000000000 2
1164 264 3 8192 2.000000000 2
1164 280 3 8192 2.000000000 2
1164 288 3 8192 2.000000000 2
1164 316 3 8192 2.000000000 2
1164 324 3 8192 2.000000000 2
1164 340 3 8192 2.000000000 2
1164 348 3 8192 2.000000000 2
1164 372 3 8192 2.000000000 2
1164 404 3 8192 2.000000000 2
1164 420 3 8192 2.000000000 2
1164 436 3 8192 2.000000000 2
1164 440 3 8192 2.000000000 2
1164 448 3 8192 2.000000000 2
1164 464 3 8192 2.000000000 2
1164 492 3 8192 2.000000000 2
1164 516 3 8192 2.000000000 2
1164 540 3 8192 2.000000000 2
1164 564 3 8192 2.000000000 2
1164 616 3 8192 2.000000000 2
1164 632 3 8192 2.000000000 2
1164 644 3 8192 2.000000000 2
1164 652 3 8192 2.000000000 2
1164 660 3 8192 2.000000000 2
1164 684 3 8192 2.000000000 2
1164 700 3 8192 2.000000000 2
1164 708 3 8192 2.000000000 2
1164 716 3 8192 2.000000000 2
1164 736 3 8192 2.000000000 2
1164 740 3 8192 2.000000000 2
1164 744 3 8192 2.000000000 2
1164 756 3 8192 2.000000000 2
1164 780 3 8192 2.000000000 2
1164 820 3 8192 2.000000000 2
1164 824 3 8192 2.000000000 2
1164 840 3 8192 2.000000000 2
1164 892 3 8192 2.000000000 2
1164 896 3 8192 2.000000000 2
1164 916 3 8192 2.000000000 2
1164 964 3 8192 2.000000000 2
1164 968 3 8192 2.000000000 2
1164 972 3 8192 2.000000000 2
1164 984 3 8192 2.000000000 2
1164 992 3 8192 2.000000000 2
1164 996 3 8192 2.000000000 2
1164 1012 3 8192 2.000000000 2
1164 1016 3 8192 2.000000000 2
1164 1020 3 8192 2.000000000 2
1164 1080 3 8192 2.000000000 2
1164 1096 3 8192 2.000000000 2
1164 1108 3 8192 2.000000000 2
1164 1120 3 8192 2.000000000 2
1164 1176 3 8192 2.000000000 2
1164 1184 3 8192 2.000000000 2
1164 1204 3 8192 2.000000000 2
1164 1216 3 8192 2.000000000 2
1164 1220 3 8192 2.000000000 2
1168 0 3 8192 2.000000000 2
1168 8 3 8192 2.000000000 2
1168 24 3 8192 2.000000000 2
1168 64 3 8192 2.000000000 2
1168 128 3 8192 2.000000000 2
1168 140 3 8192 2.000000000 2
1168 144 3 8192 2.000000000 2
1168 152 3 8192 2.000000000 2
1168 156 3 8192 2.000000000 2
1168 160 3 8192 2.000000000 2
1168 208 3 8192 2.000000000 2
1168 224 3 8192 2.000000000 2
1168 228 3 8192 2.000000000 2
1168 236 3 8192 2.000000000 2
1168 252 3 8192 2.000000000 2
1168 272 3 8192 2.000000000 2
1168 292 3 8192 2.000000000 2
1168 308 3 8192 2.000000000 2
1168 324 3 8192 2.000000000 2
1168 328 3 8192 2.000000000 2
1168 340 3 8192 2.000000000 2
1168 356 3 8192 2.000000000 2
1168 388 3 8192 2.000000000 2
1168 392 3 8192 2.000000000 2
1168 448 3 8192 2.000000000 2
1168 484 3 8192 2.000000000 2
1168 492 3 8192 2.000000000 2
1168 560 3 8192 2.000000000 2
1168 564 3 8192 2.000000000 2
1168 596 3 8192 2.000000000 2
1168 660 3 8192 2.000000000 2
1168 664 3 8192 2.000000000 2
1168 680 3 8192 2.000000000 2
1168 692 3 8192 2.000000000 2
1168 708 3 8192 2.000000000 2
1168 716 3 8192 2.000000000 2
1168 724 3 8192 2.000000000 2
1168 744 3 8192 2.000000000 2
1168 776 3 8192 2.000000000 2
1168 780 3 8192 2.000000000 2
1168 796 3 8192 2.000000000 2
1168 836 3 8192 2.000000000 2
1168 844 3 8192 2.000000000 2
1168 864 3 8192 2.000000000 2
1168 868 3 8192 2.000000000 2
1168 876 3 8192 2.000000000 2
1168 892 3 8192 2.000000000 2
1168 900 3 8192 2.000000000 2
1168 944 3 8192 2.000000000 2
1168 960 3 8192 2.000000000 2
1168 964 3 8192 2.000000000 2
1168 968 3 8192 2.000000000 2
1168 1000 3 8192 2.000000000 2
1168 1012 3 8192 2.000000000 2
1168 1020 3 8192 2.000000000 2
1168 1024 3 8192 2.000000000 2
1168 1076 3 8192 2.000000000 2
1168 1160 3 8192 2.000000000 2
1168 1184 3 8192 2.000000000 2
1168 1232 3 8192 2.000000000 2
1168 1240 3 8192 2.000000000 2
1168 1244 3 8192 2.000000000 2
1168 1252 3 8192 2.000000000 2
1168 1264 3 8192 2.000000000 2
1176 20 3 8192 2.000000000 2
1176 24 3 8192 2.000000000 2
1176 28 3 8192 2.000000000 2
1176 40 3 8192 2.000000000 2
1176 52 3 8192 2.000000000 2
1176 60 3 8192 2.000000000 2
1176 68 3 8192 2.000000000 2
1176 88 3 8192 2.000000000 2
1176 108 3 8192 2.000000000 2
1176 140 3 8192 2.000000000 2
1176 160 3 8192 2.000000000 2
1176 180 3 8192 2.000000000 2
1176 196 3 8192 2.000000000 2
1176 216 3 8192 2.000000000 2
1176 228 3 8192 2.000000000 2
1176 240 3 8192 2.000000000 2
1176 252 3 8192 2.000000000 2
1176 292 3 8192 2.000000000 2
1176 312 3 8192 2.000000000 2
1176 336 3 8192 2.000000000 2
1176 340 3 8192 2.000000000 2
1176 368 3 8192 2.000000000 2
1176 372 3 8192 2.000000000 2
1176 376 3 8192 2.000000000 2
1176 400 3 8192 2.000000000 2
1176 412 3 8192 2.000000000 2
1176 436 3 8192 2.000000000 2
1176 480 3 8192 2.000000000 2
1176 492 3 8192 2.000000000 2
1176 512 3 8192 2.000000000 2
1176 524 3 8192 2.000000000 2
1176 552 3 8192 2.000000000 2
1176 564 3 8192 2.000000000 2
1176 568 3 8192 2.000000000 2
1176 608 3 8192 2.000000000 2
1176 612 3 8192 2.000000000 2
1176 636 3 8192 2.000000000 2
1176 656 3 8192 2.000000000 2
1176 676 3 8192 2.000000000 2
1176 704 3 8192 2.000000000 2
1176 708 3 8192 2.000000000 2
1176 732 3 8192 2.000000000 2
1176 740 3 8192 2.000000000 2
1176 752 3 8192 2.000000000 2
1176 764 3 8192 2.000000000 2
1176 796 3 8192 2.000000000 2
1176 828 3 8192 2.000000000 2
1176 840 3 8192 2.000000000 2
1176 848 3 8192 2.000000000 2
1176 852 3 8192 2.000000000 2
1176 864 3 8192 2.000000000 2
1176 888 3 8192 2.000000000 2
1176 940 3 8192 2.000000000 2
1176 972 3 8192 2.000000000 2
1176 984 3 8192 2.000000000 2
1176 992 3 8192 2.000000000 2
1176 1052 3 8192 2.000000000 2
1176 1076 3 8192 2.000000000 2
1176 1104 3 8192 2.000000000 2
1176 1124 3 8192 2.000000000 2
1176 1148 3 8192 2.000000000 2
1176 1180 3 8192 2.000000000 2
1176 1196 3 8192 2.000000000 2
1176 1232 3 8192 2.000000000 2
1180 0 3 8192 2.000000000 2
1180 52 3 8192 2.000000000 2
1180 108 3 8192 2.000000000 2
1180 140 3 8192 2.000000000 2
1180 164 3 8192 2.000000000 2
1180 184 3 8192 2.000000000 2
1180 188 3 8192 2.000000000 2
1180 204 3 8192 2.000000000 2
1180 224 3 8192 2.000000000 2
1180 256 3 8192 2.000000000 2
1180 264 3 8192 2.000000000 2
1180 272 3 8192 2.000000000 2
1180 280 3 8192 2.000000000 2
1180 284 3 8192 2.000000000 2
1180 288 3 8192 2.000000000 2
1180 292 3 8192 2.000000000 2
1180 308 3 8192 2.000000000 2
1180 316 3 8192 2.000000000 2
1180 340 3 8192 2.000000000 2
1180 360 3 8192 2.000000000 2
1180 376 3 8192 2.000000000 2
1180 380 3 8192 2.000000000 2
1180 396 3 8192 2.000000000 2
1180 440 3 8192 2.000000000 2
1180 464 3 8192 2.000000000 2
1180 520 3 8192 2.000000000 2
1180 556 3 8192 2.000000000 2
1180 596 3 8192 2.000000000 2
1180 612 3 8192 2.000000000 2
1180 616 3 8192 2.000000000 2
1180 624 3 8192 2.000000000 2
1180 628 3 8192 2.000000000 2
1180 644 3 8192 2.000000000 2
1180 652 3 8192 2.000000000 2
1180 676 3 8192 2.000000000 2
1180 700 3 8192 2.000000000 2
1180 720 3 8192 2.000000000 2
1180 736 3 8192 2.000000000 2
1180 740 3 8192 2.000000000 2
1180 828 3 8192 2.000000000 2
1180 848 3 8192 2.000000000 2
1180 852 3 8192 2.000000000 2
1180 864 3 8192 2.000000000 2
1180 932 3 8192 2.000000000 2
1180 952 3 8192 2.000000000 2
1180 956 3 8192 2.000000000 2
1180 964 3 8192 2.000000000 2
1180 968 3 8192 2.000000000 2
1180 972 3 8192 2.000000000 2
1180 976 3 8192 2.000000000 2
1180 992 3 8192 2.000000000 2
1180 996 3 8192 2.000000000 2
1180 1012 3 8192 2.000000000 2
1180 1052 3 8192 2.000000000 2
1180 1068 3 8192 2.000000000 2
1180 1076 3 8192 2.000000000 2
1180 1084 3 8192 2.000000000 2
1180 1148 3 8192 2.000000000 2
1180 1160 3 8192 2.000000000 2
1180 1176 3 8192 2.000000000 2
1180 1184 3 8192 2.000000000 2
1180 1208 3 8192 2.000000000 2
1180 1232 3 8192 2.000000000 2
1180 1264 3 8192 2.000000000 2
1184 16 3 8192 2.000000000 2
1184 52 3 8192 2.000000000 2
1184 76 3 8192 2.000000000 2
1184 104 3 8192 2.000000000 2
1184 120 3 8192 2.000000000 2
1184 132 3 8192 2.000000000 2
1184 136 3 8192 2.000000000 2
1184 152 3 8192 2.000000000 2
1184 156 3 8192 2.000000000 2
1184 168 3 8192 2.000000000 2
1184 172 3 8192 2.000000000 2
1184 188 3 8192 2.000000000 2
1184 224 3 8192 2.000000000 2
1184 232 3 8192 2.000000000 2
1184 236 3 8192 2.000000000 2
1184 264 3 8192 2.000000000 2
1184 280 3 8192 2.000000000 2
1184 300 3 8192 2.000000000 2
1184 308 3 8192 2.000000000 2
1184 348 3 8192 2.000000000 2
1184 380 3 8192 2.000000000 2
1184 388 3 8192 2.000000000 2
1184 392 3 8192 2.000000000 2
1184 396 3 8192 2.000000000 2
1184 404 3 8192 2.000000000 2
1184 464 3 8192 2.000000000 2
1184 480 3 8192 2.000000000 2
1184 484 3 8192 2.000000000 2
1184 488 3 8192 2.000000000 2
1184 504 3 8192 2.000000000 2
1184 524 3 8192 2.000000000 2
1184 528 3 8192 2.000000000 2
1184 540 3 8192 2.000000000 2
1184 556 3 8192 2.000000000 2
1184 600 3 8192 2.000000000 2
1184 616 3 8192 2.000000000 2
1184 628 3 8192 2.000000000 2
1184 644 3 8192 2.000000000 2
1184 652 3 8192 2.000000000 2
1184 704 3 8192 2.000000000 2
1184 764 3 8192 2.000000000 2
1184 788 3 8192 2.000000000 2
1184 792 3 8192 2.000000000 2
1184 832 3 8192 2.000000000 2
1184 844 3 8192 2.000000000 2
1184 888 3 8192 2.000000000 2
1184 892 3 8192 2.000000000 2
1184 896 3 8192 2.000000000 2
1184 900 3 8192 2.000000000 2
1184 912 3 8192 2.000000000 2
1184 932 3 8192 2.000000000 2
1184 956 3 8192 2.000000000 2
1184 976 3 8192 2.000000000 2
1184 984 3 8192 2.000000000 2
1184 992 3 8192 2.000000000 2
1184 1020 3 8192 2.000000000 2
1184 1028 3 8192 2.000000000 2
1184 1036 3 8192 2.000000000 2
1184 1052 3 8192 2.000000000 2
1184 1060 3 8192 2.000000000 2
1184 1096 3 8192 2.000000000 2
1184 1180 3 8192 2.000000000 2
1184 1196 3 8192 2.000000000 2
1184 1212 3 8192 2.000000000 2
1188 0 3 8192 2.000000000 2
1188 16 3 8192 2.000000000 2
1188 40 3 8192 2.000000000 2
1188 44 3 8192 2.000000000 2
1188 92 3 8192 2.000000000 2
1188 96 3 8192 2.000000000 2
1188 136 3 8192 2.000000000 2
1188 164 3 8192 2.000000000 2
1188 180 3 8192 2.000000000 2
1188 184 3 8192 2.000000000 2
1188 188 3 8192 2.000000000 2
1188 216 3 8192 2.000000000 2
1188 224 3 8192 2.000000000 2
1188 236 3 8192 2.000000000 2
1188 268 3 8192 2.000000000 2
1188 284 3 8192 2.000000000 2
1188 288 3 8192 2.000000000 2
1188 292 3 8192 2.000000000 2
1188 332 3 8192 2.000000000 2
1188 336 3 8192 2.000000000 2
1188 356 3 8192 2.000000000 2
1188 360 3 8192 2.000000000 2
1188 368 3 8192 2.000000000 2
1188 380 3 8192 2.000000000 2
1188 388 3 8192 2.000000000 2
1188 392 3 8192 2.000000000 2
1188 400 3 8192 2.000000000 2
1188 412 3 8192 2.000000000 2
1188 420 3 8192 2.000000000 2
1188 440 3 8192 2.000000000 2
1188 448 3 8192 2.000000000 2
1188 456 3 8192 2.000000000 2
1188 508 3 8192 2.000000000 2
1188 540 3 8192 2.000000000 2
1188 548 3 8192 2.000000000 2
1188 560 3 8192 2.000000000 2
1188 564 3 8192 2.000000000 2
1188 636 3 8192 2.000000000 2
1188 644 3 8192 2.000000000 2
1188 652 3 8192 2.000000000 2
1188 676 3 8192 2.000000000 2
1188 684 3 8192 2.000000000 2
1188 696 3 8192 2.000000000 2
1188 720 3 8192 2.000000000 2
1188 772 3 8192 2.000000000 2
1188 776 3 8192 2.000000000 2
1188 788 3 8192 2.000000000 2
1188 812 3 8192 2.000000000 2
1188 828 3 8192 2.000000000 2
1188 832 3 8192 2.000000000 2
1188 888 3 8192 2.000000000 2
1188 896 3 8192 2.000000000 2
1188 1016 3 8192 2.000000000 2
1188 1020 3 8192 2.000000000 2
1188 1024 3 8192 2.000000000 2
1188 1104 3 8192 2.000000000 2
1188 1128 3 8192 2.000000000 2
1188 1148 3 8192 2.000000000 2
1188 1152 3 8192 2.000000000 2
1188 1164 3 8192 2.000000000 2
1188 1228 3 8192 2.000000000 2
1188 1240 3 8192 2.000000000 2
1188 1244 3 8192 2.000000000 2
1188 1252 3 8192 2.000000000 2
1192 48 3 8192 2.000000000 2
1192 64 3 8192 2.000000000 2
1192 120 3 8192 2.000000000 2
1192 124 3 8192 2.000000000 2
1192 132 3 8192 2.000000000 2
1192 140 3 8192 2.000000000 2
1192 152 3 8192 2.000000000 2
1192 156 3 8192 2.000000000 2
1192 160 3 8192 2.000000000 2
1192 216 3 8192 2.000000000 2
1192 224 3 8192 2.000000000 2
1192 232 3 8192 2.000000000 2
1192 244 3 8192 2.000000000 2
1192 280 3 8192 2.000000000 2
1192 288 3 8192 2.000000000 2
1192 304 3 8192 2.000000000 2
1192 324 3 8192 2.000000000 2
1192 336 3 8192 2.000000000 2
1192 352 3 8192 2.000000000 2
1192 356 3 8192 2.000000000 2
1192 376 3 8192 2.000000000 2
1192 404 3 8192 2.000000000 2
1192 412 3 8192 2.000000000 2
1192 420 3 8192 2.000000000 2
1192 464 3 8192 2.000000000 2
1192 480 3 8192 2.000000000 2
1192 504 3 8192 2.000000000 2
1192 512 3 8192 2.000000000 2
1192 556 3 8192 2.000000000 2
1192 612 3 8192 2.000000000 2
1192 620 3 8192 2.000000000 2
1192 632 3 8192 2.000000000 2
1192 680 3 8192 2.000000000 2
1192 684 3 8192 2.000000000 2
1192 688 3 8192 2.000000000 2
1192 692 3 8192 2.000000000 2
1192 712 3 8192 2.000000000 2
1192 720 3 8192 2.000000000 2
1192 744 3 8192 2.000000000 2
1192 776 3 8192 2.000000000 2
1192 788 3 8192 2.000000000 2
1192 820 3 8192 2.000000000 2
1192 832 3 8192 2.000000000 2
1192 892 3 8192 2.000000000 2
1192 896 3 8192 2.000000000 2
1192 916 3 8192 2.000000000 2
1192 932 3 8192 2.000000000 2
1192 956 3 8192 2.000000000 2
1192 964 3 8192 2.000000000 2
1192 968 3 8192 2.000000000 2
1192 1024 3 8192 2.000000000 2
1192 1028 3 8192 2.000000000 2
1192 1076 3 8192 2.000000000 2
1192 1124 3 8192 2.000000000 2
1192 1136 3 8192 2.000000000 2
1192 1152 3 8192 2.000000000 2
1192 1156 3 8192 2.000000000 2
1192 1160 3 8192 2.000000000 2
1192 1176 3 8192 2.000000000 2
1192 1184 3 8192 2.000000000 2
1192 1204 3 8192 2.000000000 2
1192 1228 3 8192 2.000000000 2
1192 1240 3 8192 2.000000000 2
1192 1252 3 8192 2.000000000 2
1196 8 3 8192 2.000000000 2
1196 20 3 8192 2.000000000 2
1196 40 3 8192 2.000000000 2
1196 52 3 8192 2.000000000 2
1196 68 3 8192 2.000000000 2
1196 88 3 8192 2.000000000 2
1196 108 3 8192 2.000000000 2
1196 120 3 8192 2.000000000 2
1196 152 3 8192 2.000000000 2
1196 160 3 8192 2.000000000 2
1196 188 3 8192 2.000000000 2
1196 192 3 8192 2.000000000 2
1196 200 3 8192 2.000000000 2
1196 204 3 8192 2.000000000 2
1196 216 3 8192 2.000000000 2
1196 224 3 8192 2.000000000 2
1196 268 3 8192 2.000000000 2
1196 272 3 8192 2.000000000 2
1196 276 3 8192 2.000000000 2
1196 288 3 8192 2.000000000 2
1196 312 3 8192 2.000000000 2
1196 316 3 8192 2.000000000 2
1196 336 3 8192 2.000000000 2
1196 348 3 8192 2.000000000 2
1196 400 3 8192 2.000000000 2
1196 412 3 8192 2.000000000 2
1196 420 3 8192 2.000000000 2
1196 448 3 8192 2.000000000 2
1196 456 3 8192 2.000000000 2
1196 468 3 8192 2.000000000 2
1196 480 3 8192 2.000000000 2
1196 504 3 8192 2.000000000 2
1196 520 3 8192 2.000000000 2
1196 652 3 8192 2.000000000 2
1196 656 3 8192 2.000000000 2
1196 692 3 8192 2.000000000 2
1196 708 3 8192 2.000000000 2
1196 724 3 8192 2.000000000 2
1196 792 3 8192 2.000000000 2
1196 812 3 8192 2.000000000 2
1196 848 3 8192 2.000000000 2
1196 868 3 8192 2.000000000 2
1196 912 3 8192 2.000000000 2
1196 924 3 8192 2.000000000 2
1196 928 3 8192 2.000000000 2
1196 940 3 8192 2.000000000 2
1196 960 3 8192 2.000000000 2
1196 964 3 8192 2.000000000 2
1196 968 3 8192 2.000000000 2
1196 980 3 8192 2.000000000 2
1196 1028 3 8192 2.000000000 2
1196 1072 3 8192 2.000000000 2
1196 1076 3 8192 2.000000000 2
1196 1112 3 8192 2.000000000 2
1196 1116 3 8192 2.000000000 2
1196 1124 3 8192 2.000000000 2
1196 1148 3 8192 2.000000000 2
1196 1164 3 8192 2.000000000 2
1196 1188 3 8192 2.000000000 2
1196 1204 3 8192 2.000000000 2
1196 1228 3 8192 2.000000000 2
1196 1240 3 8192 2.000000000 2
1196 1264 3 8192 2.000000000 2
1196 1272 3 8192 2.000000000 2
1200 0 3 8192 2.000000000 2
1200 32 3 8192 2.000000000 2
1200 76 3 8192 2.000000000 2
1200 92 3 8192 2.000000000 2
1200 100 3 8192 2.000000000 2
1200 132 3 8192 2.000000000 2
1200 152 3 8192 2.000000000 2
1200 156 3 8192 2.000000000 2
1200 168 3 8192 2.000000000 2
1200 180 3 8192 2.000000000 2
1200 204 3 8192 2.000000000 2
1200 216 3 8192 2.000000000 2
1200 240 3 8192 2.000000000 2
1200 264 3 8192 2.000000000 2
1200 272 3 8192 2.000000000 2
1200 288 3 8192 2.000000000 2
1200 324 3 8192 2.000000000 2
1200 336 3 8192 2.000000000 2
1200 352 3 8192 2.000000000 2
1200 380 3 8192 2.000000000 2
1200 388 3 8192 2.000000000 2
1200 396 3 8192 2.000000000 2
1200 432 3 8192 2.000000000 2
1200 440 3 8192 2.000000000 2
1200 448 3 8192 2.000000000 2
1200 468 3 8192 2.000000000 2
1200 480 3 8192 2.000000000 2
1200 492 3 8192 2.000000000 2
1200 532 3 8192 2.000000000 2
1200 552 3 8192 2.000000000 2
1200 564 3 8192 2.000000000 2
1200 592 3 8192 2.000000000 2
1200 600 3 8192 2.000000000 2
1200 616 3 8192 2.000000000 2
1200 620 3 8192 2.000000000 2
1200 624 3 8192 2.000000000 2
1200 628 3 8192 2.000000000 2
1200 636 3 8192 2.000000000 2
1200 652 3 8192 2.000000000 2
1200 660 3 8192 2.000000000 2
1200 676 3 8192 2.000000000 2
1200 680 3 8192 2.000000000 2
1200 692 3 8192 2.000000000 2
1200 712 3 8192 2.000000000 2
1200 732 3 8192 2.000000000 2
1200 764 3 8192 2.000000000 2
1200 772 3 8192 2.000000000 2
1200 780 3 8192 2.000000000 2
1200 792 3 8192 2.000000000 2
1200 824 3 8192 2.000000000 2
1200 836 3 8192 2.000000000 2
1200 892 3 8192 2.000000000 2
1200 900 3 8192 2.000000000 2
1200 960 3 8192 2.000000000 2
1200 968 3 8192 2.000000000 2
1200 1000 3 8192 2.000000000 2
1200 1036 3 8192 2.000000000 2
1200 1128 3 8192 2.000000000 2
1200 1164 3 8192 2.000000000 2
1200 1188 3 8192 2.000000000 2
1200 1204 3 8192 2.000000000 2
1200 1228 3 8192 2.000000000 2
1200 1232 3 8192 2.000000000 2
1200 1244 3 8192 2.000000000 2
1204 36 3 8192 2.000000000 2
1204 56 3 8192 2.000000000 2
1204 96 3 8192 2.000000000 2
1204 128 3 8192 2.000000000 2
1204 140 3 8192 2.000000000 2
1204 144 3 8192 2.000000000 2
1204 160 3 8192 2.000000000 2
1204 172 3 8192 2.000000000 2
1204 184 3 8192 2.000000000 2
1204 200 3 8192 2.000000000 2
1204 216 3 8192 2.000000000 2
1204 224 3 8192 2.000000000 2
1204 232 3 8192 2.000000000 2
1204 268 3 8192 2.000000000 2
1204 300 3 8192 2.000000000 2
1204 324 3 8192 2.000000000 2
1204 348 3 8192 2.000000000 2
1204 376 3 8192 2.000000000 2
1204 388 3 8192 2.000000000 2
1204 432 3 8192 2.000000000 2
1204 440 3 8192 2.000000000 2
1204 456 3 8192 2.000000000 2
1204 468 3 8192 2.000000000 2
1204 488 3 8192 2.000000000 2
1204 508 3 8192 2.000000000 2
1204 512 3 8192 2.000000000 2
1204 524 3 8192 2.000000000 2
1204 532 3 8192 2.000000000 2
1204 540 3 8192 2.000000000 2
1204 556 3 8192 2.000000000 2
1204 564 3 8192 2.000000000 2
1204 568 3 8192 2.000000000 2
1204 656 3 8192 2.000000000 2
1204 668 3 8192 2.000000000 2
1204 676 3 8192 2.000000000 2
1204 736 3 8192 2.000000000 2
1204 772 3 8192 2.000000000 2
1204 776 3 8192 2.000000000 2
1204 788 3 8192 2.000000000 2
1204 824 3 8192 2.000000000 2
1204 844 3 8192 2.000000000 2
1204 852 3 8192 2.000000000 2
1204 856 3 8192 2.000000000 2
1204 888 3 8192 2.000000000 2
1204 912 3 8192 2.000000000 2
1204 924 3 8192 2.000000000 2
1204 928 3 8192 2.000000000 2
1204 964 3 8192 2.000000000 2
1204 968 3 8192 2.000000000 2
1204 980 3 8192 2.000000000 2
1204 1004 3 8192 2.000000000 2
1204 1020 3 8192 2.000000000 2
1204 1056 3 8192 2.000000000 2
1204 1076 3 8192 2.000000000 2
1204 1104 3 8192 2.000000000 2
1204 1112 3 8192 2.000000000 2
1204 1124 3 8192 2.000000000 2
1204 1152 3 8192 2.000000000 2
1204 1156 3 8192 2.000000000 2
1204 1176 3 8192 2.000000000 2
1204 1200 3 8192 2.000000000 2
1204 1220 3 8192 2.000000000 2
1204 1228 3 8192 2.000000000 2
1204 1252 3 8192 2.000000000 2
1208 16 3 8192 2.000000000 2
1208 44 3 8192 2.000000000 2
1208 52 3 8192 2.000000000 2
1208 60 3 8192 2.000000000 2
1208 124 3 8192 2.000000000 2
1208 132 3 8192 2.000000000 2
1208 144 3 8192 2.000000000 2
1208 152 3 8192 2.000000000 2
1208 188 3 8192 2.000000000 2
1208 192 3 8192 2.000000000 2
1208 220 3 8192 2.000000000 2
1208 232 3 8192 2.000000000 2
1208 248 3 8192 2.000000000 2
1208 252 3 8192 2.000000000 2
1208 264 3 8192 2.000000000 2
1208 268 3 8192 2.000000000 2
1208 272 3 8192 2.000000000 2
1208 284 3 8192 2.000000000 2
1208 296 3 8192 2.000000000 2
1208 308 3 8192 2.000000000 2
1208 352 3 8192 2.000000000 2
1208 368 3 8192 2.000000000 2
1208 404 3 8192 2.000000000 2
1208 436 3 8192 2.000000000 2
1208 440 3 8192 2.000000000 2
1208 480 3 8192 2.000000000 2
1208 508 3 8192 2.000000000 2
1208 512 3 8192 2.000000000 2
1208 524 3 8192 2.000000000 2
1208 548 3 8192 2.000000000 2
1208 556 3 8192 2.000000000 2
1208 560 3 8192 2.000000000 2
1208 580 3 8192 2.000000000 2
1208 596 3 8192 2.000000000 2
1208 600 3 8192 2.000000000 2
1208 612 3 8192 2.000000000 2
1208 664 3 8192 2.000000000 2
1208 680 3 8192 2.000000000 2
1208 688 3 8192 2.000000000 2
1208 716 3 8192 2.000000000 2
1208 720 3 8192 2.000000000 2
1208 744 3 8192 2.000000000 2
1208 756 3 8192 2.000000000 2
1208 776 3 8192 2.000000000 2
1208 812 3 8192 2.000000000 2
1208 840 3 8192 2.000000000 2
1208 848 3 8192 2.000000000 2
1208 864 3 8192 2.000000000 2
1208 888 3 8192 2.000000000 2
1208 900 3 8192 2.000000000 2
1208 916 3 8192 2.000000000 2
1208 940 3 8192 2.000000000 2
1208 956 3 8192 2.000000000 2
1208 968 3 8192 2.000000000 2
1208 972 3 8192 2.000000000 2
1208 984 3 8192 2.000000000 2
1208 1016 3 8192 2.000000000 2
1208 1020 3 8192 2.000000000 2
1208 1028 3 8192 2.000000000 2
1208 1036 3 8192 2.000000000 2
1208 1084 3 8192 2.000000000 2
1208 1128 3 8192 2.000000000 2
1208 1188 3 8192 2.000000000 2
1208 1232 3 8192 2.000000000 2
1212 0 3 8192 2.000000000 2
1212 16 3 8192 2.000000000 2
1212 24 3 8192 2.000000000 2
1212 36 3 8192 2.000000000 2
1212 48 3 8192 2.000000000 2
1212 100 3 8192 2.000000000 2
1212 104 3 8192 2.000000000 2
1212 108 3 8192 2.000000000 2
1212 136 3 8192 2.000000000 2
1212 144 3 8192 2.000000000 2
1212 152 3 8192 2.000000000 2
1212 156 3 8192 2.000000000 2
1212 216 3 8192 2.000000000 2
1212 232 3 8192 2.000000000 2
1212 240 3 8192 2.000000000 2
1212 272 3 8192 2.000000000 2
1212 276 3 8192 2.000000000 2
1212 296 3 8192 2.000000000 2
1212 300 3 8192 2.000000000 2
1212 336 3 8192 2.000000000 2
1212 356 3 8192 2.000000000 2
1212 380 3 8192 2.000000000 2
1212 392 3 8192 2.000000000 2
1212 396 3 8192 2.000000000 2
1212 404 3 8192 2.000000000 2
1212 420 3 8192 2.000000000 2
1212 436 3 8192 2.000000000 2
1212 456 3 8192 2.000000000 2
1212 464 3 8192 2.000000000 2
1212 500 3 8192 2.000000000 2
1212 520 3 8192 2.000000000 2
1212 528 3 8192 2.000000000 2
1212 540 3 8192 2.000000000 2
1212 560 3 8192 2.000000000 2
1212 568 3 8192 2.000000000 2
1212 592 3 8192 2.000000000 2
1212 612 3 8192 2.000000000 2
1212 616 3 8192 2.000000000 2
1212 632 3 8192 2.000000000 2
1212 636 3 8192 2.000000000 2
1212 652 3 8192 2.000000000 2
1212 668 3 8192 2.000000000 2
1212 712 3 8192 2.000000000 2
1212 744 3 8192 2.000000000 2
1212 760 3 8192 2.000000000 2
1212 852 3 8192 2.000000000 2
1212 860 3 8192 2.000000000 2
1212 868 3 8192 2.000000000 2
1212 952 3 8192 2.000000000 2
1212 1004 3 8192 2.000000000 2
1212 1016 3 8192 2.000000000 2
1212 1020 3 8192 2.000000000 2
1212 1024 3 8192 2.000000000 2
1212 1028 3 8192 2.000000000 2
1212 1048 3 8192 2.000000000 2
1212 1072 3 8192 2.000000000 2
1212 1076 3 8192 2.000000000 2
1212 1080 3 8192 2.000000000 2
1212 1112 3 8192 2.000000000 2
1212 1152 3 8192 2.000000000 2
1212 1200 3 8192 2.000000000 2
1212 1208 3 8192 2.000000000 2
1212 1228 3 8192 2.000000000 2
1212 1272 3 8192 2.000000000 2
1216 28 3 8192 2.000000000 2
1216 44 3 8192 2.000000000 2
1216 64 3 8192 2.000000000 2
1216 68 3 8192 2.000000000 2
1216 88 3 8192 2.000000000 2
1216 96 3 8192 2.000000000 2
1216 100 3 8192 2.000000000 2
1216 132 3 8192 2.000000000 2
1216 136 3 8192 2.000000000 2
1216 160 3 8192 2.000000000 2
1216 164 3 8192 2.000000000 2
1216 168 3 8192 2.000000000 2
1216 180 3 8192 2.000000000 2
1216 216 3 8192 2.000000000 2
1216 236 3 8192 2.000000000 2
1216 272 3 8192 2.000000000 2
1216 280 3 8192 2.000000000 2
1216 292 3 8192 2.000000000 2
1216 308 3 8192 2.000000000 2
1216 340 3 8192 2.000000000 2
1216 348 3 8192 2.000000000 2
1216 356 3 8192 2.000000000 2
1216 380 3 8192 2.000000000 2
1216 388 3 8192 2.000000000 2
1216 408 3 8192 2.000000000 2
1216 412 3 8192 2.000000000 2
1216 432 3 8192 2.000000000 2
1216 436 3 8192 2.000000000 2
1216 448 3 8192 2.000000000 2
1216 488 3 8192 2.000000000 2
1216 508 3 8192 2.000000000 2
1216 520 3 8192 2.000000000 2
1216 524 3 8192 2.000000000 2
1216 540 3 8192 2.000000000 2
1216 564 3 8192 2.000000000 2
1216 580 3 8192 2.000000000 2
1216 584 3 8192 2.000000000 2
1216 624 3 8192 2.000000000 2
1216 632 3 8192 2.000000000 2
1216 636 3 8192 2.000000000 2
1216 640 3 8192 2.000000000 2
1216 652 3 8192 2.000000000 2
1216 684 3 8192 2.000000000 2
1216 692 3 8192 2.000000000 2
1216 696 3 8192 2.000000000 2
1216 720 3 8192 2.000000000 2
1216 732 3 8192 2.000000000 2
1216 776 3 8192 2.000000000 2
1216 780 3 8192 2.000000000 2
1216 792 3 8192 2.000000000 2
1216 796 3 8192 2.000000000 2
1216 812 3 8192 2.000000000 2
1216 832 3 8192 2.000000000 2
1216 840 3 8192 2.000000000 2
1216 944 3 8192 2.000000000 2
1216 956 3 8192 2.000000000 2
1216 1004 3 8192 2.000000000 2
1216 1012 3 8192 2.000000000 2
1216 1016 3 8192 2.000000000 2
1216 1020 3 8192 2.000000000 2
1216 1124 3 8192 2.000000000 2
1216 1136 3 8192 2.000000000 2
1216 1220 3 8192 2.000000000 2
1216 1228 3 8192 2.000000000 2
1220 28 3 8192 2.000000000 2
1220 32 3 8192 2.000000000 2
1220 36 3 8192 2.000000000 2
1220 52 3 8192 2.000000000 2
1220 60 3 8192 2.000000000 2
1220 96 3 8192 2.000000000 2
1220 104 3 8192 2.000000000 2
1220 120 3 8192 2.000000000 2
1220 136 3 8192 2.000000000 2
1220 144 3 8192 2.000000000 2
1220 152 3 8192 2.000000000 2
1220 156 3 8192 2.000000000 2
1220 164 3 8192 2.000000000 2
1220 192 3 8192 2.000000000 2
1220 200 3 8192 2.000000000 2
1220 220 3 8192 2.000000000 2
1220 276 3 8192 2.000000000 2
1220 280 3 8192 2.000000000 2
1220 336 3 8192 2.000000000 2
1220 340 3 8192 2.000000000 2
1220 352 3 8192 2.000000000 2
1220 380 3 8192 2.000000000 2
1220 400 3 8192 2.000000000 2
1220 452 3 8192 2.000000000 2
1220 468 3 8192 2.000000000 2
1220 516 3 8192 2.000000000 2
1220 524 3 8192 2.000000000 2
1220 528 3 8192 2.000000000 2
1220 532 3 8192 2.000000000 2
1220 552 3 8192 2.000000000 2
1220 560 3 8192 2.000000000 2
1220 564 3 8192 2.000000000 2
1220 568 3 8192 2.000000000 2
1220 584 3 8192 2.000000000 2
1220 612 3 8192 2.000000000 2
1220 624 3 8192 2.000000000 2
1220 628 3 8192 2.000000000 2
1220 656 3 8192 2.000000000 2
1220 676 3 8192 2.000000000 2
1220 720 3 8192 2.000000000 2
1220 732 3 8192 2.000000000 2
1220 736 3 8192 2.000000000 2
1220 740 3 8192 2.000000000 2
1220 776 3 8192 2.000000000 2
1220 784 3 8192 2.000000000 2
1220 840 3 8192 2.000000000 2
1220 844 3 8192 2.000000000 2
1220 852 3 8192 2.000000000 2
1220 856 3 8192 2.000000000 2
1220 888 3 8192 2.000000000 2
1220 892 3 8192 2.000000000 2
1220 960 3 8192 2.000000000 2
1220 964 3 8192 2.000000000 2
1220 972 3 8192 2.000000000 2
1220 992 3 8192 2.000000000 2
1220 1012 3 8192 2.000000000 2
1220 1072 3 8192 2.000000000 2
1220 1148 3 8192 2.000000000 2
1220 1156 3 8192 2.000000000 2
1220 1168 3 8192 2.000000000 2
1220 1180 3 8192 2.000000000 2
1220 1204 3 8192 2.000000000 2
1220 1248 3 8192 2.000000000 2
1220 1264 3 8192 2.000000000 2
1228 8 3 8192 2.000000000 2
1228 48 3 8192 2.000000000 2
1228 56 3 8192 2.000000000 2
1228 64 3 8192 2.000000000 2
1228 88 3 8192 2.000000000 2
1228 92 3 8192 2.000000000 2
1228 108 3 8192 2.000000000 2
1228 124 3 8192 2.000000000 2
1228 152 3 8192 2.000000000 2
1228 156 3 8192 2.000000000 2
1228 160 3 8192 2.000000000 2
1228 172 3 8192 2.000000000 2
1228 184 3 8192 2.000000000 2
1228 196 3 8192 2.000000000 2
1228 200 3 8192 2.000000000 2
1228 252 3 8192 2.000000000 2
1228 276 3 8192 2.000000000 2
1228 288 3 8192 2.000000000 2
1228 292 3 8192 2.000000000 2
1228 300 3 8192 2.000000000 2
1228 304 3 8192 2.000000000 2
1228 324 3 8192 2.000000000 2
1228 348 3 8192 2.000000000 2
1228 360 3 8192 2.000000000 2
1228 376 3 8192 2.000000000 2
1228 412 3 8192 2.000000000 2
1228 452 3 8192 2.000000000 2
1228 492 3 8192 2.000000000 2
1228 508 3 8192 2.000000000 2
1228 512 3 8192 2.000000000 2
1228 520 3 8192 2.000000000 2
1228 552 3 8192 2.000000000 2
1228 564 3 8192 2.000000000 2
1228 580 3 8192 2.000000000 2
1228 612 3 8192 2.000000000 2
1228 632 3 8192 2.000000000 2
1228 644 3 8192 2.000000000 2
1228 656 3 8192 2.000000000 2
1228 688 3 8192 2.000000000 2
1228 712 3 8192 2.000000000 2
1228 724 3 8192 2.000000000 2
1228 744 3 8192 2.000000000 2
1228 756 3 8192 2.000000000 2
1228 764 3 8192 2.000000000 2
1228 772 3 8192 2.000000000 2
1228 780 3 8192 2.000000000 2
1228 812 3 8192 2.000000000 2
1228 820 3 8192 2.000000000 2
1228 836 3 8192 2.000000000 2
1228 848 3 8192 2.000000000 2
1228 912 3 8192 2.000000000 2
1228 928 3 8192 2.000000000 2
1228 968 3 8192 2.000000000 2
1228 992 3 8192 2.000000000 2
1228 996 3 8192 2.000000000 2
1228 1016 3 8192 2.000000000 2
1228 1020 3 8192 2.000000000 2
1228 1024 3 8192 2.000000000 2
1228 1084 3 8192 2.000000000 2
1228 1116 3 8192 2.000000000 2
1228 1120 3 8192 2.000000000 2
1228 1220 3 8192 2.000000000 2
1228 1264 3 8192 2.000000000 2
1228 1272 3 8192 2.000000000 2
1232 20 3 8192 2.000000000 2
1232 52 3 8192 2.000000000 2
1232 64 3 8192 2.000000000 2
1232 68 3 8192 2.000000000 2
1232 100 3 8192 2.000000000 2
1232 104 3 8192 2.000000000 2
1232 132 3 8192 2.000000000 2
1232 136 3 8192 2.000000000 2
1232 164 3 8192 2.000000000 2
1232 180 3 8192 2.000000000 2
1232 204 3 8192 2.000000000 2
1232 208 3 8192 2.000000000 2
1232 216 3 8192 2.000000000 2
1232 248 3 8192 2.000000000 2
1232 280 3 8192 2.000000000 2
1232 296 3 8192 2.000000000 2
1232 300 3 8192 2.000000000 2
1232 324 3 8192 2.000000000 2
1232 348 3 8192 2.000000000 2
1232 360 3 8192 2.000000000 2
1232 372 3 8192 2.000000000 2
1232 396 3 8192 2.000000000 2
1232 404 3 8192 2.000000000 2
1232 412 3 8192 2.000000000 2
1232 432 3 8192 2.000000000 2
1232 448 3 8192 2.000000000 2
1232 484 3 8192 2.000000000 2
1232 492 3 8192 2.000000000 2
1232 512 3 8192 2.000000000 2
1232 532 3 8192 2.000000000 2
1232 548 3 8192 2.000000000 2
1232 552 3 8192 2.000000000 2
1232 568 3 8192 2.000000000 2
1232 584 3 8192 2.000000000 2
1232 600 3 8192 2.000000000 2
1232 620 3 8192 2.000000000 2
1232 636 3 8192 2.000000000 2
1232 640 3 8192 2.000000000 2
1232 664 3 8192 2.000000000 2
1232 688 3 8192 2.000000000 2
1232 692 3 8192 2.000000000 2
1232 716 3 8192 2.000000000 2
1232 740 3 8192 2.000000000 2
1232 744 3 8192 2.000000000 2
1232 752 3 8192 2.000000000 2
1232 784 3 8192 2.000000000 2
1232 868 3 8192 2.000000000 2
1232 928 3 8192 2.000000000 2
1232 956 3 8192 2.000000000 2
1232 964 3 8192 2.000000000 2
1232 980 3 8192 2.000000000 2
1232 984 3 8192 2.000000000 2
1232 1004 3 8192 2.000000000 2
1232 1024 3 8192 2.000000000 2
1232 1048 3 8192 2.000000000 2
1232 1080 3 8192 2.000000000 2
1232 1112 3 8192 2.000000000 2
1232 1116 3 8192 2.000000000 2
1232 1124 3 8192 2.000000000 2
1232 1160 3 8192 2.000000000 2
1232 1184 3 8192 2.000000000 2
1232 1212 3 8192 2.000000000 2
1232 1244 3 8192 2.000000000 2
1232 1252 3 8192 2.000000000 2
1240 0 3 8192 2.000000000 2
1240 28 3 8192 2.000000000 2
1240 36 3 8192 2.000000000 2
1240 40 3 8192 2.000000000 2
1240 68 3 8192 2.000000000 2
1240 92 3 8192 2.000000000 2
1240 152 3 8192 2.000000000 2
1240 184 3 8192 2.000000000 2
1240 188 3 8192 2.000000000 2
1240 192 3 8192 2.000000000 2
1240 196 3 8192 2.000000000 2
1240 220 3 8192 2.000000000 2
1240 236 3 8192 2.000000000 2
1240 240 3 8192 2.000000000 2
1240 296 3 8192 2.000000000 2
1240 300 3 8192 2.000000000 2
1240 312 3 8192 2.000000000 2
1240 316 3 8192 2.000000000 2
1240 360 3 8192 2.000000000 2
1240 368 3 8192 2.000000000 2
1240 436 3 8192 2.000000000 2
1240 456 3 8192 2.000000000 2
1240 492 3 8192 2.000000000 2
1240 508 3 8192 2.000000000 2
1240 524 3 8192 2.000000000 2
1240 532 3 8192 2.000000000 2
1240 552 3 8192 2.000000000 2
1240 560 3 8192 2.000000000 2
1240 612 3 8192 2.000000000 2
1240 624 3 8192 2.000000000 2
1240 640 3 8192 2.000000000 2
1240 656 3 8192 2.000000000 2
1240 712 3 8192 2.000000000 2
1240 772 3 8192 2.000000000 2
1240 780 3 8192 2.000000000 2
1240 788 3 8192 2.000000000 2
1240 820 3 8192 2.000000000 2
1240 860 3 8192 2.000000000 2
1240 864 3 8192 2.000000000 2
1240 868 3 8192 2.000000000 2
1240 896 3 8192 2.000000000 2
1240 900 3 8192 2.000000000 2
1240 944 3 8192 2.000000000 2
1240 956 3 8192 2.000000000 2
1240 976 3 8192 2.000000000 2
1240 984 3 8192 2.000000000 2
1240 996 3 8192 2.000000000 2
1240 1024 3 8192 2.000000000 2
1240 1036 3 8192 2.000000000 2
1240 1060 3 8192 2.000000000 2
1240 1080 3 8192 2.000000000 2
1240 1116 3 8192 2.000000000 2
1240 1120 3 8192 2.000000000 2
1240 1136 3 8192 2.000000000 2
1240 1148 3 8192 2.000000000 2
1240 1156 3 8192 2.000000000 2
1240 1168 3 8192 2.000000000 2
1240 1188 3 8192 2.000000000 2
1240 1216 3 8192 2.000000000 2
1240 1220 3 8192 2.000000000 2
1240 1228 3 8192 2.000000000 2
1240 1232 3 8192 2.000000000 2
1240 1252 3 8192 2.000000000 2
1240 1272 3 8192 2.000000000 2
1244 20 3 8192 2.000000000 2
1244 40 3 8192 2.000000000 2
1244 88 3 8192 2.000000000 2
1244 92 3 8192 2.000000000 2
1244 96 3 8192 2.000000000 2
1244 100 3 8192 2.000000000 2
1244 136 3 8192 2.000000000 2
1244 156 3 8192 2.000000000 2
1244 160 3 8192 2.000000000 2
1244 192 3 8192 2.000000000 2
1244 196 3 8192 2.000000000 2
1244 204 3 8192 2.000000000 2
1244 228 3 8192 2.000000000 2
1244 244 3 8192 2.000000000 2
1244 264 3 8192 2.000000000 2
1244 284 3 8192 2.000000000 2
1244 300 3 8192 2.000000000 2
1244 308 3 8192 2.000000000 2
1244 324 3 8192 2.000000000 2
1244 352 3 8192 2.000000000 2
1244 360 3 8192 2.000000000 2
1244 368 3 8192 2.000000000 2
1244 412 3 8192 2.000000000 2
1244 436 3 8192 2.000000000 2
1244 440 3 8192 2.000000000 2
1244 488 3 8192 2.000000000 2
1244 520 3 8192 2.000000000 2
1244 524 3 8192 2.000000000 2
1244 540 3 8192 2.000000000 2
1244 564 3 8192 2.000000000 2
1244 580 3 8192 2.000000000 2
1244 600 3 8192 2.000000000 2
1244 612 3 8192 2.000000000 2
1244 644 3 8192 2.000000000 2
1244 676 3 8192 2.000000000 2
1244 680 3 8192 2.000000000 2
1244 692 3 8192 2.000000000 2
1244 716 3 8192 2.000000000 2
1244 724 3 8192 2.000000000 2
1244 732 3 8192 2.000000000 2
1244 772 3 8192 2.000000000 2
1244 776 3 8192 2.000000000 2
1244 784 3 8192 2.000000000 2
1244 824 3 8192 2.000000000 2
1244 832 3 8192 2.000000000 2
1244 844 3 8192 2.000000000 2
1244 868 3 8192 2.000000000 2
1244 912 3 8192 2.000000000 2
1244 916 3 8192 2.000000000 2
1244 928 3 8192 2.000000000 2
1244 944 3 8192 2.000000000 2
1244 952 3 8192 2.000000000 2
1244 992 3 8192 2.000000000 2
1244 996 3 8192 2.000000000 2
1244 1000 3 8192 2.000000000 2
1244 1012 3 8192 2.000000000 2
1244 1060 3 8192 2.000000000 2
1244 1096 3 8192 2.000000000 2
1244 1112 3 8192 2.000000000 2
1244 1152 3 8192 2.000000000 2
1244 1168 3 8192 2.000000000 2
1244 1188 3 8192 2.000000000 2
1244 1192 3 8192 2.000000000 2
1244 1212 3 8192 2.000000000 2
1248 28 3 8192 2.000000000 2
1248 40 3 8192 2.000000000 2
1248 44 3 8192 2.000000000 2
1248 52 3 8192 2.000000000 2
1248 76 3 8192 2.000000000 2
1248 128 3 8192 2.000000000 2
1248 140 3 8192 2.000000000 2
1248 144 3 8192 2.000000000 2
1248 152 3 8192 2.000000000 2
1248 156 3 8192 2.000000000 2
1248 180 3 8192 2.000000000 2
1248 188 3 8192 2.000000000 2
1248 240 3 8192 2.000000000 2
1248 252 3 8192 2.000000000 2
1248 256 3 8192 2.000000000 2
1248 280 3 8192 2.000000000 2
1248 288 3 8192 2.000000000 2
1248 292 3 8192 2.000000000 2
1248 304 3 8192 2.000000000 2
1248 324 3 8192 2.000000000 2
1248 336 3 8192 2.000000000 2
1248 360 3 8192 2.000000000 2
1248 420 3 8192 2.000000000 2
1248 456 3 8192 2.000000000 2
1248 464 3 8192 2.000000000 2
1248 480 3 8192 2.000000000 2
1248 500 3 8192 2.000000000 2
1248 508 3 8192 2.000000000 2
1248 524 3 8192 2.000000000 2
1248 548 3 8192 2.000000000 2
1248 600 3 8192 2.000000000 2
1248 620 3 8192 2.000000000 2
1248 624 3 8192 2.000000000 2
1248 636 3 8192 2.000000000 2
1248 660 3 8192 2.000000000 2
1248 668 3 8192 2.000000000 2
1248 700 3 8192 2.000000000 2
1248 720 3 8192 2.000000000 2
1248 724 3 8192 2.000000000 2
1248 736 3 8192 2.000000000 2
1248 772 3 8192 2.000000000 2
1248 820 3 8192 2.000000000 2
1248 828 3 8192 2.000000000 2
1248 836 3 8192 2.000000000 2
1248 852 3 8192 2.000000000 2
1248 856 3 8192 2.000000000 2
1248 868 3 8192 2.000000000 2
1248 916 3 8192 2.000000000 2
1248 924 3 8192 2.000000000 2
1248 992 3 8192 2.000000000 2
1248 996 3 8192 2.000000000 2
1248 1004 3 8192 2.000000000 2
1248 1024 3 8192 2.000000000 2
1248 1036 3 8192 2.000000000 2
1248 1056 3 8192 2.000000000 2
1248 1060 3 8192 2.000000000 2
1248 1120 3 8192 2.000000000 2
1248 1136 3 8192 2.000000000 2
1248 1180 3 8192 2.000000000 2
1248 1192 3 8192 2.000000000 2
1248 1196 3 8192 2.000000000 2
1248 1204 3 8192 2.000000000 2
1248 1216 3 8192 2.000000000 2
1248 1264 3 8192 2.000000000 2
1252 52 3 8192 2.000000000 2
1252 68 3 8192 2.000000000 2
1252 92 3 8192 2.000000000 2
1252 168 3 8192 2.000000000 2
1252 180 3 8192 2.000000000 2
1252 188 3 8192 2.000000000 2
1252 208 3 8192 2.000000000 2
1252 216 3 8192 2.000000000 2
1252 232 3 8192 2.000000000 2
1252 240 3 8192 2.000000000 2
1252 244 3 8192 2.000000000 2
1252 256 3 8192 2.000000000 2
1252 264 3 8192 2.000000000 2
1252 300 3 8192 2.000000000 2
1252 316 3 8192 2.000000000 2
1252 380 3 8192 2.000000000 2
1252 400 3 8192 2.000000000 2
1252 408 3 8192 2.000000000 2
1252 440 3 8192 2.000000000 2
1252 448 3 8192 2.000000000 2
1252 484 3 8192 2.000000000 2
1252 488 3 8192 2.000000000 2
1252 500 3 8192 2.000000000 2
1252 524 3 8192 2.000000000 2
1252 532 3 8192 2.000000000 2
1252 552 3 8192 2.000000000 2
1252 564 3 8192 2.000000000 2
1252 632 3 8192 2.000000000 2
1252 644 3 8192 2.000000000 2
1252 652 3 8192 2.000000000 2
1252 668 3 8192 2.000000000 2
1252 680 3 8192 2.000000000 2
1252 688 3 8192 2.000000000 2
1252 696 3 8192 2.000000000 2
1252 700 3 8192 2.000000000 2
1252 708 3 8192 2.000000000 2
1252 720 3 8192 2.000000000 2
1252 732 3 8192 2.000000000 2
1252 764 3 8192 2.000000000 2
1252 788 3 8192 2.000000000 2
1252 796 3 8192 2.000000000 2
1252 824 3 8192 2.000000000 2
1252 856 3 8192 2.000000000 2
1252 892 3 8192 2.000000000 2
1252 916 3 8192 2.000000000 2
1252 968 3 8192 2.000000000 2
1252 976 3 8192 2.000000000 2
1252 984 3 8192 2.000000000 2
1252 1028 3 8192 2.000000000 2
1252 1052 3 8192 2.000000000 2
1252 1068 3 8192 2.000000000 2
1252 1076 3 8192 2.000000000 2
1252 1084 3 8192 2.000000000 2
1252 1096 3 8192 2.000000000 2
1252 1108 3 8192 2.000000000 2
1252 1136 3 8192 2.000000000 2
1252 1164 3 8192 2.000000000 2
1252 1176 3 8192 2.000000000 2
1252 1200 3 8192 2.000000000 2
1252 1208 3 8192 2.000000000 2
1252 1216 3 8192 2.000000000 2
1252 1228 3 8192 2.000000000 2
1252 1232 3 8192 2.000000000 2
1252 1240 3 8192 2.000000000 2
1264 16 3 8192 2.000000000 2
1264 28 3 8192 2.000000000 2
1264 36 3 8192 2.000000000 2
1264 64 3 8192 2.000000000 2
1264 68 3 8192 2.000000000 2
1264 128 3 8192 2.000000000 2
1264 188 3 8192 2.000000000 2
1264 196 3 8192 2.000000000 2
1264 208 3 8192 2.000000000 2
1264 224 3 8192 2.000000000 2
1264 228 3 8192 2.000000000 2
1264 256 3 8192 2.000000000 2
1264 276 3 8192 2.000000000 2
1264 296 3 8192 2.000000000 2
1264 300 3 8192 2.000000000 2
1264 308 3 8192 2.000000000 2
1264 316 3 8192 2.000000000 2
1264 348 3 8192 2.000000000 2
1264 352 3 8192 2.000000000 2
1264 388 3 8192 2.000000000 2
1264 424 3 8192 2.000000000 2
1264 448 3 8192 2.000000000 2
1264 468 3 8192 2.000000000 2
1264 488 3 8192 2.000000000 2
1264 508 3 8192 2.000000000 2
1264 528 3 8192 2.000000000 2
1264 552 3 8192 2.000000000 2
1264 568 3 8192 2.000000000 2
1264 584 3 8192 2.000000000 2
1264 600 3 8192 2.000000000 2
1264 608 3 8192 2.000000000 2
1264 612 3 8192 2.000000000 2
1264 624 3 8192 2.000000000 2
1264 636 3 8192 2.000000000 2
1264 644 3 8192 2.000000000 2
1264 692 3 8192 2.000000000 2
1264 732 3 8192 2.000000000 2
1264 744 3 8192 2.000000000 2
1264 764 3 8192 2.000000000 2
1264 776 3 8192 2.000000000 2
1264 836 3 8192 2.000000000 2
1264 852 3 8192 2.000000000 2
1264 868 3 8192 2.000000000 2
1264 896 3 8192 2.000000000 2
1264 900 3 8192 2.000000000 2
1264 928 3 8192 2.000000000 2
1264 944 3 8192 2.000000000 2
1264 952 3 8192 2.000000000 2
1264 1004 3 8192 2.000000000 2
1264 1012 3 8192 2.000000000 2
1264 1016 3 8192 2.000000000 2
1264 1020 3 8192 2.000000000 2
1264 1052 3 8192 2.000000000 2
1264 1068 3 8192 2.000000000 2
1264 1080 3 8192 2.000000000 2
1264 1096 3 8192 2.000000000 2
1264 1104 3 8192 2.000000000 2
1264 1124 3 8192 2.000000000 2
1264 1136 3 8192 2.000000000 2
1264 1164 3 8192 2.000000000 2
1264 1168 3 8192 2.000000000 2
1264 1180 3 8192 2.000000000 2
1264 1196 3 8192 2.000000000 2
1264 1240 3 8192 2.000000000 2
1272 48 3 8192 2.000000000 2
1272 100 3 8192 2.000000000 2
1272 120 3 8192 2.000000000 2
1272 128 3 8192 2.000000000 2
1272 152 3 8192 2.000000000 2
1272 156 3 8192 2.000000000 2
1272 196 3 8192 2.000000000 2
1272 208 3 8192 2.000000000 2
1272 236 3 8192 2.000000000 2
1272 248 3 8192 2.000000000 2
1272 264 3 8192 2.000000000 2
1272 268 3 8192 2.000000000 2
1272 288 3 8192 2.000000000 2
1272 300 3 8192 2.000000000 2
1272 332 3 8192 2.000000000 2
1272 360 3 8192 2.000000000 2
1272 388 3 8192 2.000000000 2
1272 396 3 8192 2.000000000 2
1272 404 3 8192 2.000000000 2
1272 408 3 8192 2.000000000 2
1272 448 3 8192 2.000000000 2
1272 464 3 8192 2.000000000 2
1272 508 3 8192 2.000000000 2
1272 512 3 8192 2.000000000 2
1272 520 3 8192 2.000000000 2
1272 556 3 8192 2.000000000 2
1272 584 3 8192 2.000000000 2
1272 600 3 8192 2.000000000 2
1272 632 3 8192 2.000000000 2
1272 636 3 8192 2.000000000 2
1272 652 3 8192 2.000000000 2
1272 656 3 8192 2.000000000 2
1272 680 3 8192 2.000000000 2
1272 688 3 8192 2.000000000 2
1272 704 3 8192 2.000000000 2
1272 708 3 8192 2.000000000 2
1272 716 3 8192 2.000000000 2
1272 724 3 8192 2.000000000 2
1272 756 3 8192 2.000000000 2
1272 764 3 8192 2.000000000 2
1272 780 3 8192 2.000000000 2
1272 832 3 8192 2.000000000 2
1272 840 3 8192 2.000000000 2
1272 924 3 8192 2.000000000 2
1272 928 3 8192 2.000000000 2
1272 944 3 8192 2.000000000 2
1272 956 3 8192 2.000000000 2
1272 960 3 8192 2.000000000 2
1272 968 3 8192 2.000000000 2
1272 1012 3 8192 2.000000000 2
1272 1020 3 8192 2.000000000 2
1272 1048 3 8192 2.000000000 2
1272 1076 3 8192 2.000000000 2
1272 1096 3 8192 2.000000000 2
1272 1120 3 8192 2.000000000 2
1272 1180 3 8192 2.000000000 2
1272 1188 3 8192 2.000000000 2
1272 1192 3 8192 2.000000000 2
1272 1196 3 8192 2.000000000 2
1272 1208 3 8192 2.000000000 2
1272 1220 3 8192 2.000000000 2
1272 1232 3 8192 2.000000000 2
1272 1244 3 8192 2.000000000 2
1272 1264 3 8192 2.000000000 2
