16384
0 448 3 8192 2.000000000 2
0 448 3 8192 2.000000000 2
0 916 3 8192 2.000000000 2
0 732 3 8192 2.000000000 2
0 868 3 8192 2.000000000 2
0 168 3 8192 2.000000000 2
0 1104 3 8192 2.000000000 2
0 848 3 8192 2.000000000 2
8 448 3 8192 2.000000000 2
8 448 3 8192 2.000000000 2
8 428 3 8192 2.000000000 2
8 448 3 8192 2.000000000 2
8 436 3 8192 2.000000000 2
8 260 3 8192 2.000000000 2
8 1244 3 8192 2.000000000 2
8 1108 3 8192 2.000000000 2
12 448 3 8192 2.000000000 2
12 448 3 8192 2.000000000 2
12 1012 3 8192 2.000000000 2
12 860 3 8192 2.000000000 2
12 64 3 8192 2.000000000 2
12 1208 3 8192 2.000000000 2
12 576 3 8192 2.000000000 2
12 1160 3 8192 2.000000000 2
16 448 3 8192 2.000000000 2
16 448 3 8192 2.000000000 2
16 1116 3 8192 2.000000000 2
16 576 3 8192 2.000000000 2
16 544 3 8192 2.000000000 2
16 372 3 8192 2.000000000 2
16 692 3 8192 2.000000000 2
16 1132 3 8192 2.000000000 2
20 448 3 8192 2.000000000 2
20 448 3 8192 2.000000000 2
20 720 3 8192 2.000000000 2
20 544 3 8192 2.000000000 2
20 596 3 8192 2.000000000 2
20 828 3 8192 2.000000000 2
20 96 3 8192 2.000000000 2
20 884 3 8192 2.000000000 2
28 448 3 8192 2.000000000 2
28 448 3 8192 2.000000000 2
28 524 3 8192 2.000000000 2
28 776 3 8192 2.000000000 2
28 40 3 8192 2.000000000 2
28 444 3 8192 2.000000000 2
28 1148 3 8192 2.000000000 2
28 1196 3 8192 2.000000000 2
32 448 3 8192 2.000000000 2
32 448 3 8192 2.000000000 2
32 916 3 8192 2.000000000 2
32 288 3 8192 2.000000000 2
32 136 3 8192 2.000000000 2
32 596 3 8192 2.000000000 2
32 616 3 8192 2.000000000 2
32 368 3 8192 2.000000000 2
40 448 3 8192 2.000000000 2
40 448 3 8192 2.000000000 2
40 964 3 8192 2.000000000 2
40 1004 3 8192 2.000000000 2
40 56 3 8192 2.000000000 2
40 1196 3 8192 2.000000000 2
40 1040 3 8192 2.000000000 2
40 644 3 8192 2.000000000 2
44 448 3 8192 2.000000000 2
44 448 3 8192 2.000000000 2
44 1084 3 8192 2.000000000 2
44 648 3 8192 2.000000000 2
44 1064 3 8192 2.000000000 2
44 1172 3 8192 2.000000000 2
44 1008 3 8192 2.000000000 2
44 536 3 8192 2.000000000 2
48 448 3 8192 2.000000000 2
48 448 3 8192 2.000000000 2
48 576 3 8192 2.000000000 2
48 1112 3 8192 2.000000000 2
48 612 3 8192 2.000000000 2
48 376 3 8192 2.000000000 2
48 112 3 8192 2.000000000 2
48 840 3 8192 2.000000000 2
52 448 3 8192 2.000000000 2
52 448 3 8192 2.000000000 2
52 596 3 8192 2.000000000 2
52 380 3 8192 2.000000000 2
52 1172 3 8192 2.000000000 2
52 616 3 8192 2.000000000 2
52 216 3 8192 2.000000000 2
52 88 3 8192 2.000000000 2
56 448 3 8192 2.000000000 2
56 448 3 8192 2.000000000 2
56 40 3 8192 2.000000000 2
56 312 3 8192 2.000000000 2
56 1008 3 8192 2.000000000 2
56 1264 3 8192 2.000000000 2
56 136 3 8192 2.000000000 2
56 748 3 8192 2.000000000 2
60 448 3 8192 2.000000000 2
60 448 3 8192 2.000000000 2
60 140 3 8192 2.000000000 2
60 1096 3 8192 2.000000000 2
60 1108 3 8192 2.000000000 2
60 84 3 8192 2.000000000 2
60 1048 3 8192 2.000000000 2
60 180 3 8192 2.000000000 2
64 448 3 8192 2.000000000 2
64 448 3 8192 2.000000000 2
64 1268 3 8192 2.000000000 2
64 580 3 8192 2.000000000 2
64 1160 3 8192 2.000000000 2
64 648 3 8192 2.000000000 2
64 792 3 8192 2.000000000 2
64 632 3 8192 2.000000000 2
76 448 3 8192 2.000000000 2
76 448 3 8192 2.000000000 2
76 240 3 8192 2.000000000 2
76 468 3 8192 2.000000000 2
76 904 3 8192 2.000000000 2
76 1036 3 8192 2.000000000 2
76 580 3 8192 2.000000000 2
76 896 3 8192 2.000000000 2
80 448 3 8192 2.000000000 2
80 448 3 8192 2.000000000 2
80 288 3 8192 2.000000000 2
80 828 3 8192 2.000000000 2
80 240 3 8192 2.000000000 2
80 276 3 8192 2.000000000 2
80 788 3 8192 2.000000000 2
80 596 3 8192 2.000000000 2
84 448 3 8192 2.000000000 2
84 448 3 8192 2.000000000 2
84 852 3 8192 2.000000000 2
84 532 3 8192 2.000000000 2
84 252 3 8192 2.000000000 2
84 212 3 8192 2.000000000 2
84 1064 3 8192 2.000000000 2
84 764 3 8192 2.000000000 2
88 448 3 8192 2.000000000 2
88 448 3 8192 2.000000000 2
88 1012 3 8192 2.000000000 2
88 160 3 8192 2.000000000 2
88 856 3 8192 2.000000000 2
88 1188 3 8192 2.000000000 2
88 884 3 8192 2.000000000 2
88 1024 3 8192 2.000000000 2
92 448 3 8192 2.000000000 2
92 448 3 8192 2.000000000 2
92 1132 3 8192 2.000000000 2
92 828 3 8192 2.000000000 2
92 300 3 8192 2.000000000 2
92 548 3 8192 2.000000000 2
92 1116 3 8192 2.000000000 2
92 1152 3 8192 2.000000000 2
96 448 3 8192 2.000000000 2
96 448 3 8192 2.000000000 2
96 736 3 8192 2.000000000 2
96 884 3 8192 2.000000000 2
96 704 3 8192 2.000000000 2
96 1120 3 8192 2.000000000 2
96 420 3 8192 2.000000000 2
96 596 3 8192 2.000000000 2
100 448 3 8192 2.000000000 2
100 448 3 8192 2.000000000 2
100 364 3 8192 2.000000000 2
100 948 3 8192 2.000000000 2
100 512 3 8192 2.000000000 2
100 468 3 8192 2.000000000 2
100 792 3 8192 2.000000000 2
100 136 3 8192 2.000000000 2
104 448 3 8192 2.000000000 2
104 448 3 8192 2.000000000 2
104 220 3 8192 2.000000000 2
104 184 3 8192 2.000000000 2
104 592 3 8192 2.000000000 2
104 1188 3 8192 2.000000000 2
104 260 3 8192 2.000000000 2
104 1140 3 8192 2.000000000 2
108 448 3 8192 2.000000000 2
108 448 3 8192 2.000000000 2
108 268 3 8192 2.000000000 2
108 572 3 8192 2.000000000 2
108 736 3 8192 2.000000000 2
108 1084 3 8192 2.000000000 2
108 768 3 8192 2.000000000 2
108 1108 3 8192 2.000000000 2
112 448 3 8192 2.000000000 2
112 448 3 8192 2.000000000 2
112 704 3 8192 2.000000000 2
112 448 3 8192 2.000000000 2
112 672 3 8192 2.000000000 2
112 1080 3 8192 2.000000000 2
112 496 3 8192 2.000000000 2
112 512 3 8192 2.000000000 2
120 448 3 8192 2.000000000 2
120 448 3 8192 2.000000000 2
120 692 3 8192 2.000000000 2
120 84 3 8192 2.000000000 2
120 180 3 8192 2.000000000 2
120 20 3 8192 2.000000000 2
120 952 3 8192 2.000000000 2
120 428 3 8192 2.000000000 2
132 448 3 8192 2.000000000 2
132 448 3 8192 2.000000000 2
132 560 3 8192 2.000000000 2
132 1056 3 8192 2.000000000 2
132 512 3 8192 2.000000000 2
132 696 3 8192 2.000000000 2
132 928 3 8192 2.000000000 2
132 808 3 8192 2.000000000 2
136 448 3 8192 2.000000000 2
136 448 3 8192 2.000000000 2
136 800 3 8192 2.000000000 2
136 724 3 8192 2.000000000 2
136 896 3 8192 2.000000000 2
136 148 3 8192 2.000000000 2
136 976 3 8192 2.000000000 2
136 448 3 8192 2.000000000 2
140 448 3 8192 2.000000000 2
140 448 3 8192 2.000000000 2
140 60 3 8192 2.000000000 2
140 976 3 8192 2.000000000 2
140 1144 3 8192 2.000000000 2
140 888 3 8192 2.000000000 2
140 984 3 8192 2.000000000 2
140 1220 3 8192 2.000000000 2
148 448 3 8192 2.000000000 2
148 448 3 8192 2.000000000 2
148 1176 3 8192 2.000000000 2
148 1192 3 8192 2.000000000 2
148 220 3 8192 2.000000000 2
148 1208 3 8192 2.000000000 2
148 500 3 8192 2.000000000 2
148 1084 3 8192 2.000000000 2
156 448 3 8192 2.000000000 2
156 448 3 8192 2.000000000 2
156 236 3 8192 2.000000000 2
156 748 3 8192 2.000000000 2
156 16 3 8192 2.000000000 2
156 616 3 8192 2.000000000 2
156 840 3 8192 2.000000000 2
156 1008 3 8192 2.000000000 2
160 448 3 8192 2.000000000 2
160 448 3 8192 2.000000000 2
160 728 3 8192 2.000000000 2
160 436 3 8192 2.000000000 2
160 848 3 8192 2.000000000 2
160 112 3 8192 2.000000000 2
160 792 3 8192 2.000000000 2
160 624 3 8192 2.000000000 2
164 448 3 8192 2.000000000 2
164 448 3 8192 2.000000000 2
164 1128 3 8192 2.000000000 2
164 1188 3 8192 2.000000000 2
164 300 3 8192 2.000000000 2
164 480 3 8192 2.000000000 2
164 1080 3 8192 2.000000000 2
164 324 3 8192 2.000000000 2
168 448 3 8192 2.000000000 2
168 448 3 8192 2.000000000 2
168 372 3 8192 2.000000000 2
168 968 3 8192 2.000000000 2
168 860 3 8192 2.000000000 2
168 232 3 8192 2.000000000 2
168 868 3 8192 2.000000000 2
168 112 3 8192 2.000000000 2
172 448 3 8192 2.000000000 2
172 448 3 8192 2.000000000 2
172 304 3 8192 2.000000000 2
172 536 3 8192 2.000000000 2
172 48 3 8192 2.000000000 2
172 244 3 8192 2.000000000 2
172 408 3 8192 2.000000000 2
172 372 3 8192 2.000000000 2
176 448 3 8192 2.000000000 2
176 448 3 8192 2.000000000 2
176 652 3 8192 2.000000000 2
176 560 3 8192 2.000000000 2
176 100 3 8192 2.000000000 2
176 696 3 8192 2.000000000 2
176 372 3 8192 2.000000000 2
176 104 3 8192 2.000000000 2
180 448 3 8192 2.000000000 2
180 448 3 8192 2.000000000 2
180 712 3 8192 2.000000000 2
180 452 3 8192 2.000000000 2
180 996 3 8192 2.000000000 2
180 336 3 8192 2.000000000 2
180 216 3 8192 2.000000000 2
180 468 3 8192 2.000000000 2
184 448 3 8192 2.000000000 2
184 448 3 8192 2.000000000 2
184 816 3 8192 2.000000000 2
184 56 3 8192 2.000000000 2
184 1056 3 8192 2.000000000 2
184 996 3 8192 2.000000000 2
184 836 3 8192 2.000000000 2
184 92 3 8192 2.000000000 2
188 448 3 8192 2.000000000 2
188 448 3 8192 2.000000000 2
188 700 3 8192 2.000000000 2
188 340 3 8192 2.000000000 2
188 448 3 8192 2.000000000 2
188 260 3 8192 2.000000000 2
188 1152 3 8192 2.000000000 2
188 900 3 8192 2.000000000 2
192 448 3 8192 2.000000000 2
192 448 3 8192 2.000000000 2
192 428 3 8192 2.000000000 2
192 1104 3 8192 2.000000000 2
192 1236 3 8192 2.000000000 2
192 1024 3 8192 2.000000000 2
192 1064 3 8192 2.000000000 2
192 976 3 8192 2.000000000 2
196 448 3 8192 2.000000000 2
196 448 3 8192 2.000000000 2
196 304 3 8192 2.000000000 2
196 800 3 8192 2.000000000 2
196 1032 3 8192 2.000000000 2
196 1164 3 8192 2.000000000 2
196 388 3 8192 2.000000000 2
196 88 3 8192 2.000000000 2
200 448 3 8192 2.000000000 2
200 448 3 8192 2.000000000 2
200 0 3 8192 2.000000000 2
200 976 3 8192 2.000000000 2
200 1148 3 8192 2.000000000 2
200 1036 3 8192 2.000000000 2
200 908 3 8192 2.000000000 2
200 680 3 8192 2.000000000 2
212 448 3 8192 2.000000000 2
212 448 3 8192 2.000000000 2
212 240 3 8192 2.000000000 2
212 988 3 8192 2.000000000 2
212 408 3 8192 2.000000000 2
212 892 3 8192 2.000000000 2
212 464 3 8192 2.000000000 2
212 196 3 8192 2.000000000 2
216 448 3 8192 2.000000000 2
216 448 3 8192 2.000000000 2
216 112 3 8192 2.000000000 2
216 740 3 8192 2.000000000 2
216 880 3 8192 2.000000000 2
216 148 3 8192 2.000000000 2
216 1144 3 8192 2.000000000 2
216 840 3 8192 2.000000000 2
220 448 3 8192 2.000000000 2
220 448 3 8192 2.000000000 2
220 1020 3 8192 2.000000000 2
220 0 3 8192 2.000000000 2
220 1212 3 8192 2.000000000 2
220 720 3 8192 2.000000000 2
220 56 3 8192 2.000000000 2
220 1064 3 8192 2.000000000 2
228 448 3 8192 2.000000000 2
228 448 3 8192 2.000000000 2
228 740 3 8192 2.000000000 2
228 164 3 8192 2.000000000 2
228 868 3 8192 2.000000000 2
228 428 3 8192 2.000000000 2
228 1132 3 8192 2.000000000 2
228 1108 3 8192 2.000000000 2
232 448 3 8192 2.000000000 2
232 448 3 8192 2.000000000 2
232 408 3 8192 2.000000000 2
232 220 3 8192 2.000000000 2
232 1192 3 8192 2.000000000 2
232 640 3 8192 2.000000000 2
232 716 3 8192 2.000000000 2
232 780 3 8192 2.000000000 2
236 448 3 8192 2.000000000 2
236 448 3 8192 2.000000000 2
236 1128 3 8192 2.000000000 2
236 1188 3 8192 2.000000000 2
236 272 3 8192 2.000000000 2
236 644 3 8192 2.000000000 2
236 948 3 8192 2.000000000 2
236 212 3 8192 2.000000000 2
240 448 3 8192 2.000000000 2
240 448 3 8192 2.000000000 2
240 824 3 8192 2.000000000 2
240 744 3 8192 2.000000000 2
240 160 3 8192 2.000000000 2
240 180 3 8192 2.000000000 2
240 436 3 8192 2.000000000 2
240 372 3 8192 2.000000000 2
244 448 3 8192 2.000000000 2
244 448 3 8192 2.000000000 2
244 840 3 8192 2.000000000 2
244 188 3 8192 2.000000000 2
244 948 3 8192 2.000000000 2
244 1140 3 8192 2.000000000 2
244 508 3 8192 2.000000000 2
244 1184 3 8192 2.000000000 2
248 448 3 8192 2.000000000 2
248 448 3 8192 2.000000000 2
248 408 3 8192 2.000000000 2
248 336 3 8192 2.000000000 2
248 1264 3 8192 2.000000000 2
248 284 3 8192 2.000000000 2
248 888 3 8192 2.000000000 2
248 276 3 8192 2.000000000 2
252 448 3 8192 2.000000000 2
252 448 3 8192 2.000000000 2
252 284 3 8192 2.000000000 2
252 176 3 8192 2.000000000 2
252 820 3 8192 2.000000000 2
252 768 3 8192 2.000000000 2
252 832 3 8192 2.000000000 2
252 1156 3 8192 2.000000000 2
260 448 3 8192 2.000000000 2
260 448 3 8192 2.000000000 2
260 536 3 8192 2.000000000 2
260 620 3 8192 2.000000000 2
260 524 3 8192 2.000000000 2
260 468 3 8192 2.000000000 2
260 940 3 8192 2.000000000 2
260 1192 3 8192 2.000000000 2
268 448 3 8192 2.000000000 2
268 448 3 8192 2.000000000 2
268 1140 3 8192 2.000000000 2
268 964 3 8192 2.000000000 2
268 388 3 8192 2.000000000 2
268 524 3 8192 2.000000000 2
268 216 3 8192 2.000000000 2
268 88 3 8192 2.000000000 2
272 448 3 8192 2.000000000 2
272 448 3 8192 2.000000000 2
272 1184 3 8192 2.000000000 2
272 1056 3 8192 2.000000000 2
272 736 3 8192 2.000000000 2
272 248 3 8192 2.000000000 2
272 84 3 8192 2.000000000 2
272 192 3 8192 2.000000000 2
276 448 3 8192 2.000000000 2
276 448 3 8192 2.000000000 2
276 248 3 8192 2.000000000 2
276 648 3 8192 2.000000000 2
276 80 3 8192 2.000000000 2
276 852 3 8192 2.000000000 2
276 1156 3 8192 2.000000000 2
276 696 3 8192 2.000000000 2
284 448 3 8192 2.000000000 2
284 448 3 8192 2.000000000 2
284 1192 3 8192 2.000000000 2
284 1180 3 8192 2.000000000 2
284 168 3 8192 2.000000000 2
284 896 3 8192 2.000000000 2
284 260 3 8192 2.000000000 2
284 1200 3 8192 2.000000000 2
288 448 3 8192 2.000000000 2
288 448 3 8192 2.000000000 2
288 1116 3 8192 2.000000000 2
288 1056 3 8192 2.000000000 2
288 1020 3 8192 2.000000000 2
288 852 3 8192 2.000000000 2
288 1164 3 8192 2.000000000 2
288 576 3 8192 2.000000000 2
300 448 3 8192 2.000000000 2
300 448 3 8192 2.000000000 2
300 632 3 8192 2.000000000 2
300 1236 3 8192 2.000000000 2
300 92 3 8192 2.000000000 2
300 248 3 8192 2.000000000 2
300 892 3 8192 2.000000000 2
300 776 3 8192 2.000000000 2
304 448 3 8192 2.000000000 2
304 448 3 8192 2.000000000 2
304 120 3 8192 2.000000000 2
304 780 3 8192 2.000000000 2
304 452 3 8192 2.000000000 2
304 588 3 8192 2.000000000 2
304 168 3 8192 2.000000000 2
304 1180 3 8192 2.000000000 2
308 448 3 8192 2.000000000 2
308 448 3 8192 2.000000000 2
308 816 3 8192 2.000000000 2
308 456 3 8192 2.000000000 2
308 488 3 8192 2.000000000 2
308 380 3 8192 2.000000000 2
308 1024 3 8192 2.000000000 2
308 828 3 8192 2.000000000 2
312 448 3 8192 2.000000000 2
312 448 3 8192 2.000000000 2
312 448 3 8192 2.000000000 2
312 612 3 8192 2.000000000 2
312 184 3 8192 2.000000000 2
312 344 3 8192 2.000000000 2
312 1084 3 8192 2.000000000 2
312 1152 3 8192 2.000000000 2
320 448 3 8192 2.000000000 2
320 448 3 8192 2.000000000 2
320 1096 3 8192 2.000000000 2
320 200 3 8192 2.000000000 2
320 528 3 8192 2.000000000 2
320 1168 3 8192 2.000000000 2
320 728 3 8192 2.000000000 2
320 1164 3 8192 2.000000000 2
324 448 3 8192 2.000000000 2
324 448 3 8192 2.000000000 2
324 268 3 8192 2.000000000 2
324 1080 3 8192 2.000000000 2
324 680 3 8192 2.000000000 2
324 668 3 8192 2.000000000 2
324 1236 3 8192 2.000000000 2
324 756 3 8192 2.000000000 2
332 448 3 8192 2.000000000 2
332 448 3 8192 2.000000000 2
332 196 3 8192 2.000000000 2
332 584 3 8192 2.000000000 2
332 176 3 8192 2.000000000 2
332 900 3 8192 2.000000000 2
332 852 3 8192 2.000000000 2
332 464 3 8192 2.000000000 2
336 448 3 8192 2.000000000 2
336 448 3 8192 2.000000000 2
336 140 3 8192 2.000000000 2
336 832 3 8192 2.000000000 2
336 736 3 8192 2.000000000 2
336 448 3 8192 2.000000000 2
336 1144 3 8192 2.000000000 2
336 788 3 8192 2.000000000 2
340 448 3 8192 2.000000000 2
340 448 3 8192 2.000000000 2
340 216 3 8192 2.000000000 2
340 1084 3 8192 2.000000000 2
340 384 3 8192 2.000000000 2
340 1184 3 8192 2.000000000 2
340 1096 3 8192 2.000000000 2
340 460 3 8192 2.000000000 2
344 448 3 8192 2.000000000 2
344 448 3 8192 2.000000000 2
344 48 3 8192 2.000000000 2
344 196 3 8192 2.000000000 2
344 156 3 8192 2.000000000 2
344 768 3 8192 2.000000000 2
344 44 3 8192 2.000000000 2
344 856 3 8192 2.000000000 2
360 448 3 8192 2.000000000 2
360 448 3 8192 2.000000000 2
360 1212 3 8192 2.000000000 2
360 80 3 8192 2.000000000 2
360 244 3 8192 2.000000000 2
360 1092 3 8192 2.000000000 2
360 508 3 8192 2.000000000 2
360 820 3 8192 2.000000000 2
364 448 3 8192 2.000000000 2
364 448 3 8192 2.000000000 2
364 616 3 8192 2.000000000 2
364 500 3 8192 2.000000000 2
364 924 3 8192 2.000000000 2
364 1032 3 8192 2.000000000 2
364 1144 3 8192 2.000000000 2
364 936 3 8192 2.000000000 2
368 448 3 8192 2.000000000 2
368 448 3 8192 2.000000000 2
368 624 3 8192 2.000000000 2
368 868 3 8192 2.000000000 2
368 908 3 8192 2.000000000 2
368 768 3 8192 2.000000000 2
368 1032 3 8192 2.000000000 2
368 92 3 8192 2.000000000 2
372 448 3 8192 2.000000000 2
372 448 3 8192 2.000000000 2
372 952 3 8192 2.000000000 2
372 888 3 8192 2.000000000 2
372 668 3 8192 2.000000000 2
372 880 3 8192 2.000000000 2
372 260 3 8192 2.000000000 2
372 488 3 8192 2.000000000 2
376 448 3 8192 2.000000000 2
376 448 3 8192 2.000000000 2
376 1208 3 8192 2.000000000 2
376 1236 3 8192 2.000000000 2
376 1276 3 8192 2.000000000 2
376 488 3 8192 2.000000000 2
376 272 3 8192 2.000000000 2
376 916 3 8192 2.000000000 2
380 448 3 8192 2.000000000 2
380 448 3 8192 2.000000000 2
380 364 3 8192 2.000000000 2
380 684 3 8192 2.000000000 2
380 672 3 8192 2.000000000 2
380 824 3 8192 2.000000000 2
380 724 3 8192 2.000000000 2
380 60 3 8192 2.000000000 2
384 448 3 8192 2.000000000 2
384 448 3 8192 2.000000000 2
384 160 3 8192 2.000000000 2
384 728 3 8192 2.000000000 2
384 1112 3 8192 2.000000000 2
384 1188 3 8192 2.000000000 2
384 588 3 8192 2.000000000 2
384 188 3 8192 2.000000000 2
388 448 3 8192 2.000000000 2
388 448 3 8192 2.000000000 2
388 676 3 8192 2.000000000 2
388 652 3 8192 2.000000000 2
388 704 3 8192 2.000000000 2
388 1112 3 8192 2.000000000 2
388 100 3 8192 2.000000000 2
388 780 3 8192 2.000000000 2
400 448 3 8192 2.000000000 2
400 448 3 8192 2.000000000 2
400 304 3 8192 2.000000000 2
400 592 3 8192 2.000000000 2
400 468 3 8192 2.000000000 2
400 692 3 8192 2.000000000 2
400 732 3 8192 2.000000000 2
400 616 3 8192 2.000000000 2
404 448 3 8192 2.000000000 2
404 448 3 8192 2.000000000 2
404 48 3 8192 2.000000000 2
404 1024 3 8192 2.000000000 2
404 1032 3 8192 2.000000000 2
404 1224 3 8192 2.000000000 2
404 176 3 8192 2.000000000 2
404 992 3 8192 2.000000000 2
408 448 3 8192 2.000000000 2
408 448 3 8192 2.000000000 2
408 852 3 8192 2.000000000 2
408 1020 3 8192 2.000000000 2
408 160 3 8192 2.000000000 2
408 548 3 8192 2.000000000 2
408 216 3 8192 2.000000000 2
408 1156 3 8192 2.000000000 2
416 448 3 8192 2.000000000 2
416 448 3 8192 2.000000000 2
416 1020 3 8192 2.000000000 2
416 772 3 8192 2.000000000 2
416 740 3 8192 2.000000000 2
416 992 3 8192 2.000000000 2
416 488 3 8192 2.000000000 2
416 904 3 8192 2.000000000 2
420 448 3 8192 2.000000000 2
420 448 3 8192 2.000000000 2
420 132 3 8192 2.000000000 2
420 480 3 8192 2.000000000 2
420 232 3 8192 2.000000000 2
420 1080 3 8192 2.000000000 2
420 28 3 8192 2.000000000 2
420 1168 3 8192 2.000000000 2
424 448 3 8192 2.000000000 2
424 448 3 8192 2.000000000 2
424 808 3 8192 2.000000000 2
424 1176 3 8192 2.000000000 2
424 284 3 8192 2.000000000 2
424 148 3 8192 2.000000000 2
424 468 3 8192 2.000000000 2
424 180 3 8192 2.000000000 2
428 448 3 8192 2.000000000 2
428 448 3 8192 2.000000000 2
428 104 3 8192 2.000000000 2
428 460 3 8192 2.000000000 2
428 860 3 8192 2.000000000 2
428 368 3 8192 2.000000000 2
428 252 3 8192 2.000000000 2
428 720 3 8192 2.000000000 2
432 448 3 8192 2.000000000 2
432 448 3 8192 2.000000000 2
432 1016 3 8192 2.000000000 2
432 200 3 8192 2.000000000 2
432 808 3 8192 2.000000000 2
432 84 3 8192 2.000000000 2
432 360 3 8192 2.000000000 2
432 448 3 8192 2.000000000 2
436 448 3 8192 2.000000000 2
436 448 3 8192 2.000000000 2
436 924 3 8192 2.000000000 2
436 820 3 8192 2.000000000 2
436 1156 3 8192 2.000000000 2
436 480 3 8192 2.000000000 2
436 940 3 8192 2.000000000 2
436 860 3 8192 2.000000000 2
444 448 3 8192 2.000000000 2
444 448 3 8192 2.000000000 2
444 776 3 8192 2.000000000 2
444 424 3 8192 2.000000000 2
444 1196 3 8192 2.000000000 2
444 860 3 8192 2.000000000 2
444 724 3 8192 2.000000000 2
444 564 3 8192 2.000000000 2
448 468 3 8192 2.000000000 2
448 456 3 8192 2.000000000 2
448 120 3 8192 2.000000000 2
448 1000 3 8192 2.000000000 2
448 260 3 8192 2.000000000 2
448 60 3 8192 2.000000000 2
448 1076 3 8192 2.000000000 2
448 676 3 8192 2.000000000 2
452 448 3 8192 2.000000000 2
452 448 3 8192 2.000000000 2
452 892 3 8192 2.000000000 2
452 672 3 8192 2.000000000 2
452 0 3 8192 2.000000000 2
452 800 3 8192 2.000000000 2
452 696 3 8192 2.000000000 2
452 1032 3 8192 2.000000000 2
456 448 3 8192 2.000000000 2
456 448 3 8192 2.000000000 2
456 200 3 8192 2.000000000 2
456 260 3 8192 2.000000000 2
456 176 3 8192 2.000000000 2
456 104 3 8192 2.000000000 2
456 288 3 8192 2.000000000 2
456 600 3 8192 2.000000000 2
460 448 3 8192 2.000000000 2
460 448 3 8192 2.000000000 2
460 1164 3 8192 2.000000000 2
460 1132 3 8192 2.000000000 2
460 1068 3 8192 2.000000000 2
460 612 3 8192 2.000000000 2
460 192 3 8192 2.000000000 2
460 480 3 8192 2.000000000 2
464 448 3 8192 2.000000000 2
464 448 3 8192 2.000000000 2
464 884 3 8192 2.000000000 2
464 180 3 8192 2.000000000 2
464 572 3 8192 2.000000000 2
464 836 3 8192 2.000000000 2
464 164 3 8192 2.000000000 2
464 488 3 8192 2.000000000 2
468 448 3 8192 2.000000000 2
468 448 3 8192 2.000000000 2
468 892 3 8192 2.000000000 2
468 480 3 8192 2.000000000 2
468 340 3 8192 2.000000000 2
468 272 3 8192 2.000000000 2
468 788 3 8192 2.000000000 2
468 76 3 8192 2.000000000 2
476 448 3 8192 2.000000000 2
476 448 3 8192 2.000000000 2
476 1068 3 8192 2.000000000 2
476 1160 3 8192 2.000000000 2
476 800 3 8192 2.000000000 2
476 1036 3 8192 2.000000000 2
476 548 3 8192 2.000000000 2
476 668 3 8192 2.000000000 2
480 448 3 8192 2.000000000 2
480 448 3 8192 2.000000000 2
480 1216 3 8192 2.000000000 2
480 1196 3 8192 2.000000000 2
480 988 3 8192 2.000000000 2
480 160 3 8192 2.000000000 2
480 704 3 8192 2.000000000 2
480 484 3 8192 2.000000000 2
484 448 3 8192 2.000000000 2
484 448 3 8192 2.000000000 2
484 756 3 8192 2.000000000 2
484 1136 3 8192 2.000000000 2
484 908 3 8192 2.000000000 2
484 628 3 8192 2.000000000 2
484 456 3 8192 2.000000000 2
484 1144 3 8192 2.000000000 2
488 448 3 8192 2.000000000 2
488 448 3 8192 2.000000000 2
488 532 3 8192 2.000000000 2
488 12 3 8192 2.000000000 2
488 616 3 8192 2.000000000 2
488 32 3 8192 2.000000000 2
488 284 3 8192 2.000000000 2
488 588 3 8192 2.000000000 2
496 448 3 8192 2.000000000 2
496 448 3 8192 2.000000000 2
496 112 3 8192 2.000000000 2
496 1132 3 8192 2.000000000 2
496 824 3 8192 2.000000000 2
496 908 3 8192 2.000000000 2
496 376 3 8192 2.000000000 2
496 0 3 8192 2.000000000 2
500 448 3 8192 2.000000000 2
500 448 3 8192 2.000000000 2
500 1088 3 8192 2.000000000 2
500 1228 3 8192 2.000000000 2
500 408 3 8192 2.000000000 2
500 384 3 8192 2.000000000 2
500 136 3 8192 2.000000000 2
500 1188 3 8192 2.000000000 2
508 448 3 8192 2.000000000 2
508 448 3 8192 2.000000000 2
508 448 3 8192 2.000000000 2
508 1064 3 8192 2.000000000 2
508 168 3 8192 2.000000000 2
508 892 3 8192 2.000000000 2
508 676 3 8192 2.000000000 2
508 404 3 8192 2.000000000 2
512 448 3 8192 2.000000000 2
512 448 3 8192 2.000000000 2
512 788 3 8192 2.000000000 2
512 740 3 8192 2.000000000 2
512 1080 3 8192 2.000000000 2
512 536 3 8192 2.000000000 2
512 1088 3 8192 2.000000000 2
512 340 3 8192 2.000000000 2
516 448 3 8192 2.000000000 2
516 448 3 8192 2.000000000 2
516 136 3 8192 2.000000000 2
516 740 3 8192 2.000000000 2
516 8 3 8192 2.000000000 2
516 1216 3 8192 2.000000000 2
516 560 3 8192 2.000000000 2
516 1228 3 8192 2.000000000 2
524 448 3 8192 2.000000000 2
524 448 3 8192 2.000000000 2
524 136 3 8192 2.000000000 2
524 732 3 8192 2.000000000 2
524 196 3 8192 2.000000000 2
524 104 3 8192 2.000000000 2
524 700 3 8192 2.000000000 2
524 576 3 8192 2.000000000 2
528 448 3 8192 2.000000000 2
528 448 3 8192 2.000000000 2
528 376 3 8192 2.000000000 2
528 448 3 8192 2.000000000 2
528 364 3 8192 2.000000000 2
528 288 3 8192 2.000000000 2
528 232 3 8192 2.000000000 2
528 692 3 8192 2.000000000 2
532 448 3 8192 2.000000000 2
532 448 3 8192 2.000000000 2
532 988 3 8192 2.000000000 2
532 508 3 8192 2.000000000 2
532 0 3 8192 2.000000000 2
532 1076 3 8192 2.000000000 2
532 160 3 8192 2.000000000 2
532 1180 3 8192 2.000000000 2
536 448 3 8192 2.000000000 2
536 448 3 8192 2.000000000 2
536 560 3 8192 2.000000000 2
536 1172 3 8192 2.000000000 2
536 1068 3 8192 2.000000000 2
536 64 3 8192 2.000000000 2
536 1084 3 8192 2.000000000 2
536 48 3 8192 2.000000000 2
544 448 3 8192 2.000000000 2
544 448 3 8192 2.000000000 2
544 484 3 8192 2.000000000 2
544 460 3 8192 2.000000000 2
544 964 3 8192 2.000000000 2
544 100 3 8192 2.000000000 2
544 1024 3 8192 2.000000000 2
544 200 3 8192 2.000000000 2
548 448 3 8192 2.000000000 2
548 448 3 8192 2.000000000 2
548 648 3 8192 2.000000000 2
548 312 3 8192 2.000000000 2
548 848 3 8192 2.000000000 2
548 1176 3 8192 2.000000000 2
548 20 3 8192 2.000000000 2
548 896 3 8192 2.000000000 2
556 448 3 8192 2.000000000 2
556 448 3 8192 2.000000000 2
556 436 3 8192 2.000000000 2
556 424 3 8192 2.000000000 2
556 792 3 8192 2.000000000 2
556 160 3 8192 2.000000000 2
556 324 3 8192 2.000000000 2
556 1196 3 8192 2.000000000 2
560 448 3 8192 2.000000000 2
560 448 3 8192 2.000000000 2
560 892 3 8192 2.000000000 2
560 252 3 8192 2.000000000 2
560 64 3 8192 2.000000000 2
560 340 3 8192 2.000000000 2
560 344 3 8192 2.000000000 2
560 1120 3 8192 2.000000000 2
564 448 3 8192 2.000000000 2
564 448 3 8192 2.000000000 2
564 336 3 8192 2.000000000 2
564 244 3 8192 2.000000000 2
564 136 3 8192 2.000000000 2
564 476 3 8192 2.000000000 2
564 52 3 8192 2.000000000 2
564 724 3 8192 2.000000000 2
572 448 3 8192 2.000000000 2
572 448 3 8192 2.000000000 2
572 700 3 8192 2.000000000 2
572 756 3 8192 2.000000000 2
572 864 3 8192 2.000000000 2
572 1080 3 8192 2.000000000 2
572 1104 3 8192 2.000000000 2
572 996 3 8192 2.000000000 2
576 448 3 8192 2.000000000 2
576 448 3 8192 2.000000000 2
576 40 3 8192 2.000000000 2
576 436 3 8192 2.000000000 2
576 744 3 8192 2.000000000 2
576 512 3 8192 2.000000000 2
576 216 3 8192 2.000000000 2
576 1084 3 8192 2.000000000 2
580 448 3 8192 2.000000000 2
580 448 3 8192 2.000000000 2
580 896 3 8192 2.000000000 2
580 560 3 8192 2.000000000 2
580 336 3 8192 2.000000000 2
580 40 3 8192 2.000000000 2
580 548 3 8192 2.000000000 2
580 372 3 8192 2.000000000 2
584 448 3 8192 2.000000000 2
584 448 3 8192 2.000000000 2
584 1068 3 8192 2.000000000 2
584 1152 3 8192 2.000000000 2
584 896 3 8192 2.000000000 2
584 40 3 8192 2.000000000 2
584 288 3 8192 2.000000000 2
584 772 3 8192 2.000000000 2
588 448 3 8192 2.000000000 2
588 448 3 8192 2.000000000 2
588 884 3 8192 2.000000000 2
588 1064 3 8192 2.000000000 2
588 908 3 8192 2.000000000 2
588 444 3 8192 2.000000000 2
588 200 3 8192 2.000000000 2
588 1152 3 8192 2.000000000 2
592 448 3 8192 2.000000000 2
592 448 3 8192 2.000000000 2
592 172 3 8192 2.000000000 2
592 136 3 8192 2.000000000 2
592 384 3 8192 2.000000000 2
592 964 3 8192 2.000000000 2
592 700 3 8192 2.000000000 2
592 744 3 8192 2.000000000 2
596 448 3 8192 2.000000000 2
596 448 3 8192 2.000000000 2
596 904 3 8192 2.000000000 2
596 888 3 8192 2.000000000 2
596 532 3 8192 2.000000000 2
596 616 3 8192 2.000000000 2
596 284 3 8192 2.000000000 2
596 448 3 8192 2.000000000 2
600 448 3 8192 2.000000000 2
600 448 3 8192 2.000000000 2
600 1236 3 8192 2.000000000 2
600 76 3 8192 2.000000000 2
600 1132 3 8192 2.000000000 2
600 1276 3 8192 2.000000000 2
600 1192 3 8192 2.000000000 2
600 704 3 8192 2.000000000 2
612 448 3 8192 2.000000000 2
612 448 3 8192 2.000000000 2
612 368 3 8192 2.000000000 2
612 648 3 8192 2.000000000 2
612 572 3 8192 2.000000000 2
612 996 3 8192 2.000000000 2
612 640 3 8192 2.000000000 2
612 928 3 8192 2.000000000 2
616 448 3 8192 2.000000000 2
616 448 3 8192 2.000000000 2
616 1024 3 8192 2.000000000 2
616 196 3 8192 2.000000000 2
616 1004 3 8192 2.000000000 2
616 184 3 8192 2.000000000 2
616 232 3 8192 2.000000000 2
616 240 3 8192 2.000000000 2
620 448 3 8192 2.000000000 2
620 448 3 8192 2.000000000 2
620 388 3 8192 2.000000000 2
620 268 3 8192 2.000000000 2
620 936 3 8192 2.000000000 2
620 416 3 8192 2.000000000 2
620 1136 3 8192 2.000000000 2
620 896 3 8192 2.000000000 2
624 448 3 8192 2.000000000 2
624 448 3 8192 2.000000000 2
624 1024 3 8192 2.000000000 2
624 44 3 8192 2.000000000 2
624 448 3 8192 2.000000000 2
624 508 3 8192 2.000000000 2
624 100 3 8192 2.000000000 2
624 456 3 8192 2.000000000 2
628 448 3 8192 2.000000000 2
628 448 3 8192 2.000000000 2
628 620 3 8192 2.000000000 2
628 1100 3 8192 2.000000000 2
628 1116 3 8192 2.000000000 2
628 840 3 8192 2.000000000 2
628 408 3 8192 2.000000000 2
628 940 3 8192 2.000000000 2
632 448 3 8192 2.000000000 2
632 448 3 8192 2.000000000 2
632 312 3 8192 2.000000000 2
632 856 3 8192 2.000000000 2
632 400 3 8192 2.000000000 2
632 76 3 8192 2.000000000 2
632 160 3 8192 2.000000000 2
632 380 3 8192 2.000000000 2
636 448 3 8192 2.000000000 2
636 448 3 8192 2.000000000 2
636 728 3 8192 2.000000000 2
636 1200 3 8192 2.000000000 2
636 1008 3 8192 2.000000000 2
636 20 3 8192 2.000000000 2
636 952 3 8192 2.000000000 2
636 424 3 8192 2.000000000 2
640 448 3 8192 2.000000000 2
640 448 3 8192 2.000000000 2
640 444 3 8192 2.000000000 2
640 64 3 8192 2.000000000 2
640 680 3 8192 2.000000000 2
640 416 3 8192 2.000000000 2
640 984 3 8192 2.000000000 2
640 336 3 8192 2.000000000 2
644 448 3 8192 2.000000000 2
644 448 3 8192 2.000000000 2
644 788 3 8192 2.000000000 2
644 896 3 8192 2.000000000 2
644 780 3 8192 2.000000000 2
644 736 3 8192 2.000000000 2
644 1196 3 8192 2.000000000 2
644 772 3 8192 2.000000000 2
648 448 3 8192 2.000000000 2
648 448 3 8192 2.000000000 2
648 724 3 8192 2.000000000 2
648 232 3 8192 2.000000000 2
648 864 3 8192 2.000000000 2
648 740 3 8192 2.000000000 2
648 420 3 8192 2.000000000 2
648 1192 3 8192 2.000000000 2
652 448 3 8192 2.000000000 2
652 448 3 8192 2.000000000 2
652 560 3 8192 2.000000000 2
652 1120 3 8192 2.000000000 2
652 1192 3 8192 2.000000000 2
652 168 3 8192 2.000000000 2
652 60 3 8192 2.000000000 2
652 0 3 8192 2.000000000 2
668 448 3 8192 2.000000000 2
668 448 3 8192 2.000000000 2
668 756 3 8192 2.000000000 2
668 804 3 8192 2.000000000 2
668 692 3 8192 2.000000000 2
668 908 3 8192 2.000000000 2
668 1080 3 8192 2.000000000 2
668 408 3 8192 2.000000000 2
672 448 3 8192 2.000000000 2
672 448 3 8192 2.000000000 2
672 832 3 8192 2.000000000 2
672 632 3 8192 2.000000000 2
672 1056 3 8192 2.000000000 2
672 388 3 8192 2.000000000 2
672 364 3 8192 2.000000000 2
672 1024 3 8192 2.000000000 2
676 448 3 8192 2.000000000 2
676 448 3 8192 2.000000000 2
676 140 3 8192 2.000000000 2
676 696 3 8192 2.000000000 2
676 924 3 8192 2.000000000 2
676 632 3 8192 2.000000000 2
676 1068 3 8192 2.000000000 2
676 456 3 8192 2.000000000 2
680 448 3 8192 2.000000000 2
680 448 3 8192 2.000000000 2
680 376 3 8192 2.000000000 2
680 272 3 8192 2.000000000 2
680 828 3 8192 2.000000000 2
680 1240 3 8192 2.000000000 2
680 1256 3 8192 2.000000000 2
680 1200 3 8192 2.000000000 2
684 448 3 8192 2.000000000 2
684 448 3 8192 2.000000000 2
684 56 3 8192 2.000000000 2
684 428 3 8192 2.000000000 2
684 1212 3 8192 2.000000000 2
684 676 3 8192 2.000000000 2
684 852 3 8192 2.000000000 2
684 716 3 8192 2.000000000 2
692 448 3 8192 2.000000000 2
692 448 3 8192 2.000000000 2
692 880 3 8192 2.000000000 2
692 900 3 8192 2.000000000 2
692 108 3 8192 2.000000000 2
692 1084 3 8192 2.000000000 2
692 268 3 8192 2.000000000 2
692 1144 3 8192 2.000000000 2
696 448 3 8192 2.000000000 2
696 448 3 8192 2.000000000 2
696 1120 3 8192 2.000000000 2
696 948 3 8192 2.000000000 2
696 700 3 8192 2.000000000 2
696 676 3 8192 2.000000000 2
696 1220 3 8192 2.000000000 2
696 484 3 8192 2.000000000 2
700 448 3 8192 2.000000000 2
700 448 3 8192 2.000000000 2
700 460 3 8192 2.000000000 2
700 556 3 8192 2.000000000 2
700 1200 3 8192 2.000000000 2
700 1148 3 8192 2.000000000 2
700 76 3 8192 2.000000000 2
700 268 3 8192 2.000000000 2
704 448 3 8192 2.000000000 2
704 448 3 8192 2.000000000 2
704 816 3 8192 2.000000000 2
704 132 3 8192 2.000000000 2
704 468 3 8192 2.000000000 2
704 112 3 8192 2.000000000 2
704 32 3 8192 2.000000000 2
704 516 3 8192 2.000000000 2
712 448 3 8192 2.000000000 2
712 448 3 8192 2.000000000 2
712 1244 3 8192 2.000000000 2
712 636 3 8192 2.000000000 2
712 696 3 8192 2.000000000 2
712 340 3 8192 2.000000000 2
712 92 3 8192 2.000000000 2
712 404 3 8192 2.000000000 2
716 448 3 8192 2.000000000 2
716 448 3 8192 2.000000000 2
716 1008 3 8192 2.000000000 2
716 1192 3 8192 2.000000000 2
716 856 3 8192 2.000000000 2
716 596 3 8192 2.000000000 2
716 512 3 8192 2.000000000 2
716 720 3 8192 2.000000000 2
720 448 3 8192 2.000000000 2
720 448 3 8192 2.000000000 2
720 60 3 8192 2.000000000 2
720 1224 3 8192 2.000000000 2
720 896 3 8192 2.000000000 2
720 80 3 8192 2.000000000 2
720 1180 3 8192 2.000000000 2
720 1212 3 8192 2.000000000 2
724 448 3 8192 2.000000000 2
724 448 3 8192 2.000000000 2
724 536 3 8192 2.000000000 2
724 908 3 8192 2.000000000 2
724 612 3 8192 2.000000000 2
724 952 3 8192 2.000000000 2
724 776 3 8192 2.000000000 2
724 112 3 8192 2.000000000 2
728 448 3 8192 2.000000000 2
728 448 3 8192 2.000000000 2
728 320 3 8192 2.000000000 2
728 724 3 8192 2.000000000 2
728 544 3 8192 2.000000000 2
728 212 3 8192 2.000000000 2
728 1208 3 8192 2.000000000 2
728 800 3 8192 2.000000000 2
732 448 3 8192 2.000000000 2
732 448 3 8192 2.000000000 2
732 1216 3 8192 2.000000000 2
732 260 3 8192 2.000000000 2
732 212 3 8192 2.000000000 2
732 668 3 8192 2.000000000 2
732 120 3 8192 2.000000000 2
732 1096 3 8192 2.000000000 2
736 448 3 8192 2.000000000 2
736 448 3 8192 2.000000000 2
736 380 3 8192 2.000000000 2
736 1160 3 8192 2.000000000 2
736 588 3 8192 2.000000000 2
736 968 3 8192 2.000000000 2
736 1012 3 8192 2.000000000 2
736 416 3 8192 2.000000000 2
740 448 3 8192 2.000000000 2
740 448 3 8192 2.000000000 2
740 96 3 8192 2.000000000 2
740 40 3 8192 2.000000000 2
740 500 3 8192 2.000000000 2
740 140 3 8192 2.000000000 2
740 904 3 8192 2.000000000 2
740 1220 3 8192 2.000000000 2
744 448 3 8192 2.000000000 2
744 448 3 8192 2.000000000 2
744 940 3 8192 2.000000000 2
744 892 3 8192 2.000000000 2
744 836 3 8192 2.000000000 2
744 1212 3 8192 2.000000000 2
744 1224 3 8192 2.000000000 2
744 748 3 8192 2.000000000 2
748 448 3 8192 2.000000000 2
748 448 3 8192 2.000000000 2
748 792 3 8192 2.000000000 2
748 64 3 8192 2.000000000 2
748 236 3 8192 2.000000000 2
748 496 3 8192 2.000000000 2
748 448 3 8192 2.000000000 2
748 932 3 8192 2.000000000 2
752 448 3 8192 2.000000000 2
752 448 3 8192 2.000000000 2
752 1184 3 8192 2.000000000 2
752 476 3 8192 2.000000000 2
752 668 3 8192 2.000000000 2
752 488 3 8192 2.000000000 2
752 100 3 8192 2.000000000 2
752 744 3 8192 2.000000000 2
756 448 3 8192 2.000000000 2
756 448 3 8192 2.000000000 2
756 216 3 8192 2.000000000 2
756 544 3 8192 2.000000000 2
756 1076 3 8192 2.000000000 2
756 528 3 8192 2.000000000 2
756 312 3 8192 2.000000000 2
756 1108 3 8192 2.000000000 2
764 448 3 8192 2.000000000 2
764 448 3 8192 2.000000000 2
764 804 3 8192 2.000000000 2
764 336 3 8192 2.000000000 2
764 176 3 8192 2.000000000 2
764 948 3 8192 2.000000000 2
764 200 3 8192 2.000000000 2
764 1172 3 8192 2.000000000 2
768 448 3 8192 2.000000000 2
768 448 3 8192 2.000000000 2
768 324 3 8192 2.000000000 2
768 1016 3 8192 2.000000000 2
768 1216 3 8192 2.000000000 2
768 1152 3 8192 2.000000000 2
768 820 3 8192 2.000000000 2
768 840 3 8192 2.000000000 2
772 448 3 8192 2.000000000 2
772 448 3 8192 2.000000000 2
772 1200 3 8192 2.000000000 2
772 1236 3 8192 2.000000000 2
772 420 3 8192 2.000000000 2
772 484 3 8192 2.000000000 2
772 320 3 8192 2.000000000 2
772 888 3 8192 2.000000000 2
776 448 3 8192 2.000000000 2
776 448 3 8192 2.000000000 2
776 668 3 8192 2.000000000 2
776 376 3 8192 2.000000000 2
776 236 3 8192 2.000000000 2
776 148 3 8192 2.000000000 2
776 1264 3 8192 2.000000000 2
776 840 3 8192 2.000000000 2
780 448 3 8192 2.000000000 2
780 448 3 8192 2.000000000 2
780 964 3 8192 2.000000000 2
780 456 3 8192 2.000000000 2
780 652 3 8192 2.000000000 2
780 824 3 8192 2.000000000 2
780 632 3 8192 2.000000000 2
780 380 3 8192 2.000000000 2
788 448 3 8192 2.000000000 2
788 448 3 8192 2.000000000 2
788 12 3 8192 2.000000000 2
788 856 3 8192 2.000000000 2
788 1236 3 8192 2.000000000 2
788 312 3 8192 2.000000000 2
788 92 3 8192 2.000000000 2
788 672 3 8192 2.000000000 2
792 448 3 8192 2.000000000 2
792 448 3 8192 2.000000000 2
792 580 3 8192 2.000000000 2
792 456 3 8192 2.000000000 2
792 32 3 8192 2.000000000 2
792 84 3 8192 2.000000000 2
792 1108 3 8192 2.000000000 2
792 48 3 8192 2.000000000 2
800 448 3 8192 2.000000000 2
800 448 3 8192 2.000000000 2
800 340 3 8192 2.000000000 2
800 924 3 8192 2.000000000 2
800 720 3 8192 2.000000000 2
800 388 3 8192 2.000000000 2
800 1168 3 8192 2.000000000 2
800 752 3 8192 2.000000000 2
804 448 3 8192 2.000000000 2
804 448 3 8192 2.000000000 2
804 752 3 8192 2.000000000 2
804 816 3 8192 2.000000000 2
804 460 3 8192 2.000000000 2
804 864 3 8192 2.000000000 2
804 236 3 8192 2.000000000 2
804 136 3 8192 2.000000000 2
808 448 3 8192 2.000000000 2
808 448 3 8192 2.000000000 2
808 1152 3 8192 2.000000000 2
808 880 3 8192 2.000000000 2
808 260 3 8192 2.000000000 2
808 60 3 8192 2.000000000 2
808 648 3 8192 2.000000000 2
808 532 3 8192 2.000000000 2
816 448 3 8192 2.000000000 2
816 448 3 8192 2.000000000 2
816 996 3 8192 2.000000000 2
816 848 3 8192 2.000000000 2
816 1004 3 8192 2.000000000 2
816 776 3 8192 2.000000000 2
816 1180 3 8192 2.000000000 2
816 752 3 8192 2.000000000 2
820 448 3 8192 2.000000000 2
820 448 3 8192 2.000000000 2
820 868 3 8192 2.000000000 2
820 1224 3 8192 2.000000000 2
820 752 3 8192 2.000000000 2
820 420 3 8192 2.000000000 2
820 632 3 8192 2.000000000 2
820 952 3 8192 2.000000000 2
824 448 3 8192 2.000000000 2
824 448 3 8192 2.000000000 2
824 272 3 8192 2.000000000 2
824 360 3 8192 2.000000000 2
824 720 3 8192 2.000000000 2
824 924 3 8192 2.000000000 2
824 772 3 8192 2.000000000 2
824 120 3 8192 2.000000000 2
828 448 3 8192 2.000000000 2
828 448 3 8192 2.000000000 2
828 1088 3 8192 2.000000000 2
828 888 3 8192 2.000000000 2
828 868 3 8192 2.000000000 2
828 1188 3 8192 2.000000000 2
828 928 3 8192 2.000000000 2
828 780 3 8192 2.000000000 2
832 448 3 8192 2.000000000 2
832 448 3 8192 2.000000000 2
832 1112 3 8192 2.000000000 2
832 336 3 8192 2.000000000 2
832 1196 3 8192 2.000000000 2
832 1136 3 8192 2.000000000 2
832 96 3 8192 2.000000000 2
832 1184 3 8192 2.000000000 2
836 448 3 8192 2.000000000 2
836 448 3 8192 2.000000000 2
836 1164 3 8192 2.000000000 2
836 804 3 8192 2.000000000 2
836 888 3 8192 2.000000000 2
836 432 3 8192 2.000000000 2
836 448 3 8192 2.000000000 2
836 628 3 8192 2.000000000 2
840 448 3 8192 2.000000000 2
840 448 3 8192 2.000000000 2
840 92 3 8192 2.000000000 2
840 1156 3 8192 2.000000000 2
840 852 3 8192 2.000000000 2
840 1152 3 8192 2.000000000 2
840 28 3 8192 2.000000000 2
840 404 3 8192 2.000000000 2
844 448 3 8192 2.000000000 2
844 448 3 8192 2.000000000 2
844 456 3 8192 2.000000000 2
844 216 3 8192 2.000000000 2
844 1060 3 8192 2.000000000 2
844 692 3 8192 2.000000000 2
844 1244 3 8192 2.000000000 2
844 300 3 8192 2.000000000 2
848 448 3 8192 2.000000000 2
848 448 3 8192 2.000000000 2
848 228 3 8192 2.000000000 2
848 336 3 8192 2.000000000 2
848 1064 3 8192 2.000000000 2
848 220 3 8192 2.000000000 2
848 64 3 8192 2.000000000 2
848 1128 3 8192 2.000000000 2
852 448 3 8192 2.000000000 2
852 448 3 8192 2.000000000 2
852 1068 3 8192 2.000000000 2
852 160 3 8192 2.000000000 2
852 20 3 8192 2.000000000 2
852 808 3 8192 2.000000000 2
852 940 3 8192 2.000000000 2
852 748 3 8192 2.000000000 2
856 448 3 8192 2.000000000 2
856 448 3 8192 2.000000000 2
856 96 3 8192 2.000000000 2
856 1208 3 8192 2.000000000 2
856 340 3 8192 2.000000000 2
856 376 3 8192 2.000000000 2
856 516 3 8192 2.000000000 2
856 52 3 8192 2.000000000 2
860 448 3 8192 2.000000000 2
860 448 3 8192 2.000000000 2
860 44 3 8192 2.000000000 2
860 1112 3 8192 2.000000000 2
860 928 3 8192 2.000000000 2
860 464 3 8192 2.000000000 2
860 744 3 8192 2.000000000 2
860 1184 3 8192 2.000000000 2
864 448 3 8192 2.000000000 2
864 448 3 8192 2.000000000 2
864 1216 3 8192 2.000000000 2
864 456 3 8192 2.000000000 2
864 704 3 8192 2.000000000 2
864 636 3 8192 2.000000000 2
864 724 3 8192 2.000000000 2
864 132 3 8192 2.000000000 2
868 448 3 8192 2.000000000 2
868 448 3 8192 2.000000000 2
868 728 3 8192 2.000000000 2
868 260 3 8192 2.000000000 2
868 644 3 8192 2.000000000 2
868 436 3 8192 2.000000000 2
868 572 3 8192 2.000000000 2
868 424 3 8192 2.000000000 2
880 448 3 8192 2.000000000 2
880 448 3 8192 2.000000000 2
880 268 3 8192 2.000000000 2
880 188 3 8192 2.000000000 2
880 1192 3 8192 2.000000000 2
880 1088 3 8192 2.000000000 2
880 1012 3 8192 2.000000000 2
880 432 3 8192 2.000000000 2
884 448 3 8192 2.000000000 2
884 448 3 8192 2.000000000 2
884 748 3 8192 2.000000000 2
884 1240 3 8192 2.000000000 2
884 1000 3 8192 2.000000000 2
884 1144 3 8192 2.000000000 2
884 40 3 8192 2.000000000 2
884 408 3 8192 2.000000000 2
888 448 3 8192 2.000000000 2
888 448 3 8192 2.000000000 2
888 176 3 8192 2.000000000 2
888 372 3 8192 2.000000000 2
888 804 3 8192 2.000000000 2
888 844 3 8192 2.000000000 2
888 1092 3 8192 2.000000000 2
888 452 3 8192 2.000000000 2
892 448 3 8192 2.000000000 2
892 448 3 8192 2.000000000 2
892 712 3 8192 2.000000000 2
892 236 3 8192 2.000000000 2
892 788 3 8192 2.000000000 2
892 372 3 8192 2.000000000 2
892 772 3 8192 2.000000000 2
892 196 3 8192 2.000000000 2
896 448 3 8192 2.000000000 2
896 448 3 8192 2.000000000 2
896 484 3 8192 2.000000000 2
896 164 3 8192 2.000000000 2
896 12 3 8192 2.000000000 2
896 620 3 8192 2.000000000 2
896 1228 3 8192 2.000000000 2
896 788 3 8192 2.000000000 2
900 448 3 8192 2.000000000 2
900 448 3 8192 2.000000000 2
900 712 3 8192 2.000000000 2
900 644 3 8192 2.000000000 2
900 548 3 8192 2.000000000 2
900 1008 3 8192 2.000000000 2
900 104 3 8192 2.000000000 2
900 524 3 8192 2.000000000 2
904 448 3 8192 2.000000000 2
904 448 3 8192 2.000000000 2
904 884 3 8192 2.000000000 2
904 948 3 8192 2.000000000 2
904 268 3 8192 2.000000000 2
904 96 3 8192 2.000000000 2
904 120 3 8192 2.000000000 2
904 852 3 8192 2.000000000 2
908 448 3 8192 2.000000000 2
908 448 3 8192 2.000000000 2
908 1108 3 8192 2.000000000 2
908 120 3 8192 2.000000000 2
908 232 3 8192 2.000000000 2
908 80 3 8192 2.000000000 2
908 952 3 8192 2.000000000 2
908 1064 3 8192 2.000000000 2
916 448 3 8192 2.000000000 2
916 448 3 8192 2.000000000 2
916 52 3 8192 2.000000000 2
916 388 3 8192 2.000000000 2
916 416 3 8192 2.000000000 2
916 104 3 8192 2.000000000 2
916 740 3 8192 2.000000000 2
916 808 3 8192 2.000000000 2
920 448 3 8192 2.000000000 2
920 448 3 8192 2.000000000 2
920 1080 3 8192 2.000000000 2
920 1216 3 8192 2.000000000 2
920 936 3 8192 2.000000000 2
920 712 3 8192 2.000000000 2
920 648 3 8192 2.000000000 2
920 212 3 8192 2.000000000 2
924 448 3 8192 2.000000000 2
924 448 3 8192 2.000000000 2
924 908 3 8192 2.000000000 2
924 996 3 8192 2.000000000 2
924 260 3 8192 2.000000000 2
924 968 3 8192 2.000000000 2
924 1000 3 8192 2.000000000 2
924 840 3 8192 2.000000000 2
928 448 3 8192 2.000000000 2
928 448 3 8192 2.000000000 2
928 220 3 8192 2.000000000 2
928 1132 3 8192 2.000000000 2
928 148 3 8192 2.000000000 2
928 836 3 8192 2.000000000 2
928 1092 3 8192 2.000000000 2
928 1012 3 8192 2.000000000 2
932 448 3 8192 2.000000000 2
932 448 3 8192 2.000000000 2
932 1196 3 8192 2.000000000 2
932 1200 3 8192 2.000000000 2
932 268 3 8192 2.000000000 2
932 140 3 8192 2.000000000 2
932 1188 3 8192 2.000000000 2
932 120 3 8192 2.000000000 2
936 448 3 8192 2.000000000 2
936 448 3 8192 2.000000000 2
936 652 3 8192 2.000000000 2
936 1160 3 8192 2.000000000 2
936 52 3 8192 2.000000000 2
936 704 3 8192 2.000000000 2
936 448 3 8192 2.000000000 2
936 576 3 8192 2.000000000 2
940 448 3 8192 2.000000000 2
940 448 3 8192 2.000000000 2
940 488 3 8192 2.000000000 2
940 1168 3 8192 2.000000000 2
940 260 3 8192 2.000000000 2
940 232 3 8192 2.000000000 2
940 308 3 8192 2.000000000 2
940 640 3 8192 2.000000000 2
948 448 3 8192 2.000000000 2
948 448 3 8192 2.000000000 2
948 228 3 8192 2.000000000 2
948 1040 3 8192 2.000000000 2
948 588 3 8192 2.000000000 2
948 640 3 8192 2.000000000 2
948 1180 3 8192 2.000000000 2
948 372 3 8192 2.000000000 2
952 448 3 8192 2.000000000 2
952 448 3 8192 2.000000000 2
952 220 3 8192 2.000000000 2
952 1100 3 8192 2.000000000 2
952 596 3 8192 2.000000000 2
952 672 3 8192 2.000000000 2
952 740 3 8192 2.000000000 2
952 828 3 8192 2.000000000 2
964 448 3 8192 2.000000000 2
964 448 3 8192 2.000000000 2
964 772 3 8192 2.000000000 2
964 1276 3 8192 2.000000000 2
964 212 3 8192 2.000000000 2
964 248 3 8192 2.000000000 2
964 56 3 8192 2.000000000 2
964 596 3 8192 2.000000000 2
968 448 3 8192 2.000000000 2
968 448 3 8192 2.000000000 2
968 228 3 8192 2.000000000 2
968 268 3 8192 2.000000000 2
968 976 3 8192 2.000000000 2
968 380 3 8192 2.000000000 2
968 1060 3 8192 2.000000000 2
968 544 3 8192 2.000000000 2
976 448 3 8192 2.000000000 2
976 448 3 8192 2.000000000 2
976 948 3 8192 2.000000000 2
976 716 3 8192 2.000000000 2
976 548 3 8192 2.000000000 2
976 1136 3 8192 2.000000000 2
976 1048 3 8192 2.000000000 2
976 288 3 8192 2.000000000 2
984 448 3 8192 2.000000000 2
984 448 3 8192 2.000000000 2
984 500 3 8192 2.000000000 2
984 1188 3 8192 2.000000000 2
984 148 3 8192 2.000000000 2
984 844 3 8192 2.000000000 2
984 1080 3 8192 2.000000000 2
984 840 3 8192 2.000000000 2
988 448 3 8192 2.000000000 2
988 448 3 8192 2.000000000 2
988 596 3 8192 2.000000000 2
988 764 3 8192 2.000000000 2
988 528 3 8192 2.000000000 2
988 1236 3 8192 2.000000000 2
988 1264 3 8192 2.000000000 2
988 828 3 8192 2.000000000 2
992 448 3 8192 2.000000000 2
992 448 3 8192 2.000000000 2
992 1152 3 8192 2.000000000 2
992 156 3 8192 2.000000000 2
992 164 3 8192 2.000000000 2
992 780 3 8192 2.000000000 2
992 232 3 8192 2.000000000 2
992 892 3 8192 2.000000000 2
996 448 3 8192 2.000000000 2
996 448 3 8192 2.000000000 2
996 560 3 8192 2.000000000 2
996 196 3 8192 2.000000000 2
996 696 3 8192 2.000000000 2
996 324 3 8192 2.000000000 2
996 592 3 8192 2.000000000 2
996 976 3 8192 2.000000000 2
1000 448 3 8192 2.000000000 2
1000 448 3 8192 2.000000000 2
1000 428 3 8192 2.000000000 2
1000 892 3 8192 2.000000000 2
1000 140 3 8192 2.000000000 2
1000 104 3 8192 2.000000000 2
1000 620 3 8192 2.000000000 2
1000 724 3 8192 2.000000000 2
1004 448 3 8192 2.000000000 2
1004 448 3 8192 2.000000000 2
1004 888 3 8192 2.000000000 2
1004 1048 3 8192 2.000000000 2
1004 1268 3 8192 2.000000000 2
1004 600 3 8192 2.000000000 2
1004 576 3 8192 2.000000000 2
1004 1228 3 8192 2.000000000 2
1008 448 3 8192 2.000000000 2
1008 448 3 8192 2.000000000 2
1008 8 3 8192 2.000000000 2
1008 176 3 8192 2.000000000 2
1008 852 3 8192 2.000000000 2
1008 1188 3 8192 2.000000000 2
1008 1064 3 8192 2.000000000 2
1008 92 3 8192 2.000000000 2
1012 448 3 8192 2.000000000 2
1012 448 3 8192 2.000000000 2
1012 1000 3 8192 2.000000000 2
1012 868 3 8192 2.000000000 2
1012 112 3 8192 2.000000000 2
1012 556 3 8192 2.000000000 2
1012 860 3 8192 2.000000000 2
1012 756 3 8192 2.000000000 2
1016 448 3 8192 2.000000000 2
1016 448 3 8192 2.000000000 2
1016 132 3 8192 2.000000000 2
1016 112 3 8192 2.000000000 2
1016 560 3 8192 2.000000000 2
1016 748 3 8192 2.000000000 2
1016 0 3 8192 2.000000000 2
1016 1116 3 8192 2.000000000 2
1020 448 3 8192 2.000000000 2
1020 448 3 8192 2.000000000 2
1020 244 3 8192 2.000000000 2
1020 1244 3 8192 2.000000000 2
1020 88 3 8192 2.000000000 2
1020 1084 3 8192 2.000000000 2
1020 380 3 8192 2.000000000 2
1020 1016 3 8192 2.000000000 2
1024 448 3 8192 2.000000000 2
1024 448 3 8192 2.000000000 2
1024 668 3 8192 2.000000000 2
1024 988 3 8192 2.000000000 2
1024 1116 3 8192 2.000000000 2
1024 1236 3 8192 2.000000000 2
1024 900 3 8192 2.000000000 2
1024 808 3 8192 2.000000000 2
1032 448 3 8192 2.000000000 2
1032 448 3 8192 2.000000000 2
1032 696 3 8192 2.000000000 2
1032 1000 3 8192 2.000000000 2
1032 516 3 8192 2.000000000 2
1032 544 3 8192 2.000000000 2
1032 924 3 8192 2.000000000 2
1032 1172 3 8192 2.000000000 2
1036 448 3 8192 2.000000000 2
1036 448 3 8192 2.000000000 2
1036 1244 3 8192 2.000000000 2
1036 452 3 8192 2.000000000 2
1036 592 3 8192 2.000000000 2
1036 600 3 8192 2.000000000 2
1036 480 3 8192 2.000000000 2
1036 300 3 8192 2.000000000 2
1040 448 3 8192 2.000000000 2
1040 448 3 8192 2.000000000 2
1040 528 3 8192 2.000000000 2
1040 648 3 8192 2.000000000 2
1040 900 3 8192 2.000000000 2
1040 488 3 8192 2.000000000 2
1040 592 3 8192 2.000000000 2
1040 820 3 8192 2.000000000 2
1048 448 3 8192 2.000000000 2
1048 448 3 8192 2.000000000 2
1048 1004 3 8192 2.000000000 2
1048 1036 3 8192 2.000000000 2
1048 968 3 8192 2.000000000 2
1048 64 3 8192 2.000000000 2
1048 1172 3 8192 2.000000000 2
1048 732 3 8192 2.000000000 2
1056 448 3 8192 2.000000000 2
1056 448 3 8192 2.000000000 2
1056 12 3 8192 2.000000000 2
1056 196 3 8192 2.000000000 2
1056 428 3 8192 2.000000000 2
1056 852 3 8192 2.000000000 2
1056 92 3 8192 2.000000000 2
1056 160 3 8192 2.000000000 2
1060 448 3 8192 2.000000000 2
1060 448 3 8192 2.000000000 2
1060 268 3 8192 2.000000000 2
1060 480 3 8192 2.000000000 2
1060 496 3 8192 2.000000000 2
1060 1076 3 8192 2.000000000 2
1060 984 3 8192 2.000000000 2
1060 140 3 8192 2.000000000 2
1064 448 3 8192 2.000000000 2
1064 448 3 8192 2.000000000 2
1064 712 3 8192 2.000000000 2
1064 524 3 8192 2.000000000 2
1064 788 3 8192 2.000000000 2
1064 592 3 8192 2.000000000 2
1064 576 3 8192 2.000000000 2
1064 532 3 8192 2.000000000 2
1068 448 3 8192 2.000000000 2
1068 448 3 8192 2.000000000 2
1068 76 3 8192 2.000000000 2
1068 1064 3 8192 2.000000000 2
1068 588 3 8192 2.000000000 2
1068 1244 3 8192 2.000000000 2
1068 1104 3 8192 2.000000000 2
1068 1112 3 8192 2.000000000 2
1076 448 3 8192 2.000000000 2
1076 448 3 8192 2.000000000 2
1076 112 3 8192 2.000000000 2
1076 728 3 8192 2.000000000 2
1076 172 3 8192 2.000000000 2
1076 20 3 8192 2.000000000 2
1076 1236 3 8192 2.000000000 2
1076 672 3 8192 2.000000000 2
1080 448 3 8192 2.000000000 2
1080 448 3 8192 2.000000000 2
1080 48 3 8192 2.000000000 2
1080 600 3 8192 2.000000000 2
1080 1132 3 8192 2.000000000 2
1080 512 3 8192 2.000000000 2
1080 408 3 8192 2.000000000 2
1080 384 3 8192 2.000000000 2
1084 448 3 8192 2.000000000 2
1084 448 3 8192 2.000000000 2
1084 636 3 8192 2.000000000 2
1084 816 3 8192 2.000000000 2
1084 840 3 8192 2.000000000 2
1084 364 3 8192 2.000000000 2
1084 500 3 8192 2.000000000 2
1084 100 3 8192 2.000000000 2
1088 448 3 8192 2.000000000 2
1088 448 3 8192 2.000000000 2
1088 620 3 8192 2.000000000 2
1088 988 3 8192 2.000000000 2
1088 468 3 8192 2.000000000 2
1088 880 3 8192 2.000000000 2
1088 228 3 8192 2.000000000 2
1088 672 3 8192 2.000000000 2
1092 448 3 8192 2.000000000 2
1092 448 3 8192 2.000000000 2
1092 132 3 8192 2.000000000 2
1092 632 3 8192 2.000000000 2
1092 920 3 8192 2.000000000 2
1092 220 3 8192 2.000000000 2
1092 364 3 8192 2.000000000 2
1092 612 3 8192 2.000000000 2
1096 448 3 8192 2.000000000 2
1096 448 3 8192 2.000000000 2
1096 868 3 8192 2.000000000 2
1096 592 3 8192 2.000000000 2
1096 100 3 8192 2.000000000 2
1096 1132 3 8192 2.000000000 2
1096 1112 3 8192 2.000000000 2
1096 0 3 8192 2.000000000 2
1100 448 3 8192 2.000000000 2
1100 448 3 8192 2.000000000 2
1100 704 3 8192 2.000000000 2
1100 1020 3 8192 2.000000000 2
1100 416 3 8192 2.000000000 2
1100 700 3 8192 2.000000000 2
1100 156 3 8192 2.000000000 2
1100 180 3 8192 2.000000000 2
1104 448 3 8192 2.000000000 2
1104 448 3 8192 2.000000000 2
1104 1188 3 8192 2.000000000 2
1104 1164 3 8192 2.000000000 2
1104 1132 3 8192 2.000000000 2
1104 148 3 8192 2.000000000 2
1104 1140 3 8192 2.000000000 2
1104 832 3 8192 2.000000000 2
1108 448 3 8192 2.000000000 2
1108 448 3 8192 2.000000000 2
1108 1144 3 8192 2.000000000 2
1108 1048 3 8192 2.000000000 2
1108 300 3 8192 2.000000000 2
1108 1000 3 8192 2.000000000 2
1108 692 3 8192 2.000000000 2
1108 512 3 8192 2.000000000 2
1112 448 3 8192 2.000000000 2
1112 448 3 8192 2.000000000 2
1112 1172 3 8192 2.000000000 2
1112 516 3 8192 2.000000000 2
1112 800 3 8192 2.000000000 2
1112 1000 3 8192 2.000000000 2
1112 840 3 8192 2.000000000 2
1112 896 3 8192 2.000000000 2
1116 448 3 8192 2.000000000 2
1116 448 3 8192 2.000000000 2
1116 512 3 8192 2.000000000 2
1116 692 3 8192 2.000000000 2
1116 696 3 8192 2.000000000 2
1116 976 3 8192 2.000000000 2
1116 792 3 8192 2.000000000 2
1116 1012 3 8192 2.000000000 2
1120 448 3 8192 2.000000000 2
1120 448 3 8192 2.000000000 2
1120 792 3 8192 2.000000000 2
1120 1268 3 8192 2.000000000 2
1120 1264 3 8192 2.000000000 2
1120 1104 3 8192 2.000000000 2
1120 976 3 8192 2.000000000 2
1120 308 3 8192 2.000000000 2
1128 448 3 8192 2.000000000 2
1128 448 3 8192 2.000000000 2
1128 284 3 8192 2.000000000 2
1128 40 3 8192 2.000000000 2
1128 1264 3 8192 2.000000000 2
1128 172 3 8192 2.000000000 2
1128 844 3 8192 2.000000000 2
1128 1096 3 8192 2.000000000 2
1132 448 3 8192 2.000000000 2
1132 448 3 8192 2.000000000 2
1132 836 3 8192 2.000000000 2
1132 720 3 8192 2.000000000 2
1132 244 3 8192 2.000000000 2
1132 848 3 8192 2.000000000 2
1132 1264 3 8192 2.000000000 2
1132 1268 3 8192 2.000000000 2
1136 448 3 8192 2.000000000 2
1136 448 3 8192 2.000000000 2
1136 500 3 8192 2.000000000 2
1136 460 3 8192 2.000000000 2
1136 692 3 8192 2.000000000 2
1136 168 3 8192 2.000000000 2
1136 1116 3 8192 2.000000000 2
1136 1012 3 8192 2.000000000 2
1140 448 3 8192 2.000000000 2
1140 448 3 8192 2.000000000 2
1140 1148 3 8192 2.000000000 2
1140 64 3 8192 2.000000000 2
1140 1100 3 8192 2.000000000 2
1140 1120 3 8192 2.000000000 2
1140 952 3 8192 2.000000000 2
1140 488 3 8192 2.000000000 2
1144 448 3 8192 2.000000000 2
1144 448 3 8192 2.000000000 2
1144 0 3 8192 2.000000000 2
1144 240 3 8192 2.000000000 2
1144 1012 3 8192 2.000000000 2
1144 840 3 8192 2.000000000 2
1144 588 3 8192 2.000000000 2
1144 272 3 8192 2.000000000 2
1148 448 3 8192 2.000000000 2
1148 448 3 8192 2.000000000 2
1148 88 3 8192 2.000000000 2
1148 648 3 8192 2.000000000 2
1148 536 3 8192 2.000000000 2
1148 1092 3 8192 2.000000000 2
1148 860 3 8192 2.000000000 2
1148 920 3 8192 2.000000000 2
1152 448 3 8192 2.000000000 2
1152 448 3 8192 2.000000000 2
1152 76 3 8192 2.000000000 2
1152 524 3 8192 2.000000000 2
1152 444 3 8192 2.000000000 2
1152 808 3 8192 2.000000000 2
1152 56 3 8192 2.000000000 2
1152 12 3 8192 2.000000000 2
1156 448 3 8192 2.000000000 2
1156 448 3 8192 2.000000000 2
1156 828 3 8192 2.000000000 2
1156 432 3 8192 2.000000000 2
1156 272 3 8192 2.000000000 2
1156 1048 3 8192 2.000000000 2
1156 652 3 8192 2.000000000 2
1156 640 3 8192 2.000000000 2
1160 448 3 8192 2.000000000 2
1160 448 3 8192 2.000000000 2
1160 1136 3 8192 2.000000000 2
1160 1200 3 8192 2.000000000 2
1160 1244 3 8192 2.000000000 2
1160 648 3 8192 2.000000000 2
1160 536 3 8192 2.000000000 2
1160 1212 3 8192 2.000000000 2
1164 448 3 8192 2.000000000 2
1164 448 3 8192 2.000000000 2
1164 360 3 8192 2.000000000 2
1164 340 3 8192 2.000000000 2
1164 592 3 8192 2.000000000 2
1164 700 3 8192 2.000000000 2
1164 48 3 8192 2.000000000 2
1164 496 3 8192 2.000000000 2
1168 448 3 8192 2.000000000 2
1168 448 3 8192 2.000000000 2
1168 40 3 8192 2.000000000 2
1168 1084 3 8192 2.000000000 2
1168 1212 3 8192 2.000000000 2
1168 1120 3 8192 2.000000000 2
1168 880 3 8192 2.000000000 2
1168 1008 3 8192 2.000000000 2
1172 448 3 8192 2.000000000 2
1172 448 3 8192 2.000000000 2
1172 84 3 8192 2.000000000 2
1172 248 3 8192 2.000000000 2
1172 1132 3 8192 2.000000000 2
1172 1064 3 8192 2.000000000 2
1172 904 3 8192 2.000000000 2
1172 452 3 8192 2.000000000 2
1176 448 3 8192 2.000000000 2
1176 448 3 8192 2.000000000 2
1176 988 3 8192 2.000000000 2
1176 764 3 8192 2.000000000 2
1176 260 3 8192 2.000000000 2
1176 1076 3 8192 2.000000000 2
1176 252 3 8192 2.000000000 2
1176 836 3 8192 2.000000000 2
1180 448 3 8192 2.000000000 2
1180 448 3 8192 2.000000000 2
1180 1236 3 8192 2.000000000 2
1180 480 3 8192 2.000000000 2
1180 104 3 8192 2.000000000 2
1180 628 3 8192 2.000000000 2
1180 136 3 8192 2.000000000 2
1180 132 3 8192 2.000000000 2
1184 448 3 8192 2.000000000 2
1184 448 3 8192 2.000000000 2
1184 904 3 8192 2.000000000 2
1184 1152 3 8192 2.000000000 2
1184 1020 3 8192 2.000000000 2
1184 100 3 8192 2.000000000 2
1184 496 3 8192 2.000000000 2
1184 164 3 8192 2.000000000 2
1188 448 3 8192 2.000000000 2
1188 448 3 8192 2.000000000 2
1188 12 3 8192 2.000000000 2
1188 1152 3 8192 2.000000000 2
1188 288 3 8192 2.000000000 2
1188 300 3 8192 2.000000000 2
1188 1116 3 8192 2.000000000 2
1188 864 3 8192 2.000000000 2
1192 448 3 8192 2.000000000 2
1192 448 3 8192 2.000000000 2
1192 1196 3 8192 2.000000000 2
1192 624 3 8192 2.000000000 2
1192 848 3 8192 2.000000000 2
1192 640 3 8192 2.000000000 2
1192 132 3 8192 2.000000000 2
1192 744 3 8192 2.000000000 2
1196 448 3 8192 2.000000000 2
1196 448 3 8192 2.000000000 2
1196 524 3 8192 2.000000000 2
1196 880 3 8192 2.000000000 2
1196 424 3 8192 2.000000000 2
1196 1004 3 8192 2.000000000 2
1196 308 3 8192 2.000000000 2
1196 932 3 8192 2.000000000 2
1200 448 3 8192 2.000000000 2
1200 448 3 8192 2.000000000 2
1200 1236 3 8192 2.000000000 2
1200 964 3 8192 2.000000000 2
1200 680 3 8192 2.000000000 2
1200 40 3 8192 2.000000000 2
1200 1000 3 8192 2.000000000 2
1200 480 3 8192 2.000000000 2
1208 448 3 8192 2.000000000 2
1208 448 3 8192 2.000000000 2
1208 992 3 8192 2.000000000 2
1208 232 3 8192 2.000000000 2
1208 1156 3 8192 2.000000000 2
1208 940 3 8192 2.000000000 2
1208 524 3 8192 2.000000000 2
1208 832 3 8192 2.000000000 2
1212 448 3 8192 2.000000000 2
1212 448 3 8192 2.000000000 2
1212 1184 3 8192 2.000000000 2
1212 8 3 8192 2.000000000 2
1212 12 3 8192 2.000000000 2
1212 1092 3 8192 2.000000000 2
1212 268 3 8192 2.000000000 2
1212 676 3 8192 2.000000000 2
1216 448 3 8192 2.000000000 2
1216 448 3 8192 2.000000000 2
1216 248 3 8192 2.000000000 2
1216 644 3 8192 2.000000000 2
1216 696 3 8192 2.000000000 2
1216 900 3 8192 2.000000000 2
1216 628 3 8192 2.000000000 2
1216 528 3 8192 2.000000000 2
1220 448 3 8192 2.000000000 2
1220 448 3 8192 2.000000000 2
1220 88 3 8192 2.000000000 2
1220 576 3 8192 2.000000000 2
1220 1244 3 8192 2.000000000 2
1220 1192 3 8192 2.000000000 2
1220 1172 3 8192 2.000000000 2
1220 976 3 8192 2.000000000 2
1224 448 3 8192 2.000000000 2
1224 448 3 8192 2.000000000 2
1224 220 3 8192 2.000000000 2
1224 1164 3 8192 2.000000000 2
1224 1112 3 8192 2.000000000 2
1224 892 3 8192 2.000000000 2
1224 468 3 8192 2.000000000 2
1224 1208 3 8192 2.000000000 2
1228 448 3 8192 2.000000000 2
1228 448 3 8192 2.000000000 2
1228 512 3 8192 2.000000000 2
1228 788 3 8192 2.000000000 2
1228 748 3 8192 2.000000000 2
1228 500 3 8192 2.000000000 2
1228 1008 3 8192 2.000000000 2
1228 1004 3 8192 2.000000000 2
1236 448 3 8192 2.000000000 2
1236 448 3 8192 2.000000000 2
1236 164 3 8192 2.000000000 2
1236 1012 3 8192 2.000000000 2
1236 160 3 8192 2.000000000 2
1236 1184 3 8192 2.000000000 2
1236 432 3 8192 2.000000000 2
1236 1100 3 8192 2.000000000 2
1240 448 3 8192 2.000000000 2
1240 448 3 8192 2.000000000 2
1240 1048 3 8192 2.000000000 2
1240 1268 3 8192 2.000000000 2
1240 300 3 8192 2.000000000 2
1240 376 3 8192 2.000000000 2
1240 408 3 8192 2.000000000 2
1240 684 3 8192 2.000000000 2
1244 448 3 8192 2.000000000 2
1244 448 3 8192 2.000000000 2
1244 800 3 8192 2.000000000 2
1244 324 3 8192 2.000000000 2
1244 1168 3 8192 2.000000000 2
1244 60 3 8192 2.000000000 2
1244 916 3 8192 2.000000000 2
1244 184 3 8192 2.000000000 2
1256 448 3 8192 2.000000000 2
1256 448 3 8192 2.000000000 2
1256 500 3 8192 2.000000000 2
1256 1176 3 8192 2.000000000 2
1256 244 3 8192 2.000000000 2
1256 676 3 8192 2.000000000 2
1256 456 3 8192 2.000000000 2
1256 1236 3 8192 2.000000000 2
1264 448 3 8192 2.000000000 2
1264 448 3 8192 2.000000000 2
1264 376 3 8192 2.000000000 2
1264 624 3 8192 2.000000000 2
1264 448 3 8192 2.000000000 2
1264 284 3 8192 2.000000000 2
1264 12 3 8192 2.000000000 2
1264 728 3 8192 2.000000000 2
1268 448 3 8192 2.000000000 2
1268 448 3 8192 2.000000000 2
1268 780 3 8192 2.000000000 2
1268 1024 3 8192 2.000000000 2
1268 304 3 8192 2.000000000 2
1268 1068 3 8192 2.000000000 2
1268 1236 3 8192 2.000000000 2
1268 992 3 8192 2.000000000 2
1276 448 3 8192 2.000000000 2
1276 448 3 8192 2.000000000 2
1276 1116 3 8192 2.000000000 2
1276 620 3 8192 2.000000000 2
1276 512 3 8192 2.000000000 2
1276 56 3 8192 2.000000000 2
1276 800 3 8192 2.000000000 2
1276 324 3 8192 2.000000000 2
0 448 3 8192 2.000050000 2
0 448 3 8192 2.000050000 2
0 712 3 8192 2.000050000 2
0 136 3 8192 2.000050000 2
0 1168 3 8192 2.000050000 2
0 104 3 8192 2.000050000 2
0 596 3 8192 2.000050000 2
0 336 3 8192 2.000050000 2
8 448 3 8192 2.000050000 2
8 448 3 8192 2.000050000 2
8 468 3 8192 2.000050000 2
8 1036 3 8192 2.000050000 2
8 764 3 8192 2.000050000 2
8 748 3 8192 2.000050000 2
8 644 3 8192 2.000050000 2
8 804 3 8192 2.000050000 2
12 448 3 8192 2.000050000 2
12 448 3 8192 2.000050000 2
12 1184 3 8192 2.000050000 2
12 332 3 8192 2.000050000 2
12 588 3 8192 2.000050000 2
12 864 3 8192 2.000050000 2
12 468 3 8192 2.000050000 2
12 828 3 8192 2.000050000 2
16 448 3 8192 2.000050000 2
16 448 3 8192 2.000050000 2
16 1140 3 8192 2.000050000 2
16 1036 3 8192 2.000050000 2
16 500 3 8192 2.000050000 2
16 1012 3 8192 2.000050000 2
16 60 3 8192 2.000050000 2
16 904 3 8192 2.000050000 2
20 448 3 8192 2.000050000 2
20 448 3 8192 2.000050000 2
20 700 3 8192 2.000050000 2
20 1040 3 8192 2.000050000 2
20 808 3 8192 2.000050000 2
20 196 3 8192 2.000050000 2
20 768 3 8192 2.000050000 2
20 176 3 8192 2.000050000 2
28 448 3 8192 2.000050000 2
28 448 3 8192 2.000050000 2
28 108 3 8192 2.000050000 2
28 1104 3 8192 2.000050000 2
28 792 3 8192 2.000050000 2
28 1176 3 8192 2.000050000 2
28 952 3 8192 2.000050000 2
28 40 3 8192 2.000050000 2
32 448 3 8192 2.000050000 2
32 448 3 8192 2.000050000 2
32 40 3 8192 2.000050000 2
32 420 3 8192 2.000050000 2
32 1200 3 8192 2.000050000 2
32 272 3 8192 2.000050000 2
32 188 3 8192 2.000050000 2
32 168 3 8192 2.000050000 2
40 448 3 8192 2.000050000 2
40 448 3 8192 2.000050000 2
40 652 3 8192 2.000050000 2
40 824 3 8192 2.000050000 2
40 644 3 8192 2.000050000 2
40 192 3 8192 2.000050000 2
40 1056 3 8192 2.000050000 2
40 1216 3 8192 2.000050000 2
44 448 3 8192 2.000050000 2
44 448 3 8192 2.000050000 2
44 484 3 8192 2.000050000 2
44 1180 3 8192 2.000050000 2
44 460 3 8192 2.000050000 2
44 1012 3 8192 2.000050000 2
44 244 3 8192 2.000050000 2
44 820 3 8192 2.000050000 2
48 448 3 8192 2.000050000 2
48 448 3 8192 2.000050000 2
48 260 3 8192 2.000050000 2
48 1216 3 8192 2.000050000 2
48 680 3 8192 2.000050000 2
48 964 3 8192 2.000050000 2
48 1024 3 8192 2.000050000 2
48 736 3 8192 2.000050000 2
52 448 3 8192 2.000050000 2
52 448 3 8192 2.000050000 2
52 628 3 8192 2.000050000 2
52 804 3 8192 2.000050000 2
52 1048 3 8192 2.000050000 2
52 1208 3 8192 2.000050000 2
52 424 3 8192 2.000050000 2
52 1092 3 8192 2.000050000 2
56 448 3 8192 2.000050000 2
56 448 3 8192 2.000050000 2
56 772 3 8192 2.000050000 2
56 892 3 8192 2.000050000 2
56 1220 3 8192 2.000050000 2
56 740 3 8192 2.000050000 2
56 1056 3 8192 2.000050000 2
56 136 3 8192 2.000050000 2
60 448 3 8192 2.000050000 2
60 448 3 8192 2.000050000 2
60 212 3 8192 2.000050000 2
60 100 3 8192 2.000050000 2
60 1176 3 8192 2.000050000 2
60 424 3 8192 2.000050000 2
60 1212 3 8192 2.000050000 2
60 740 3 8192 2.000050000 2
64 448 3 8192 2.000050000 2
64 448 3 8192 2.000050000 2
64 1004 3 8192 2.000050000 2
64 800 3 8192 2.000050000 2
64 1224 3 8192 2.000050000 2
64 628 3 8192 2.000050000 2
64 452 3 8192 2.000050000 2
64 1032 3 8192 2.000050000 2
76 448 3 8192 2.000050000 2
76 448 3 8192 2.000050000 2
76 384 3 8192 2.000050000 2
76 248 3 8192 2.000050000 2
76 196 3 8192 2.000050000 2
76 56 3 8192 2.000050000 2
76 340 3 8192 2.000050000 2
76 28 3 8192 2.000050000 2
80 448 3 8192 2.000050000 2
80 448 3 8192 2.000050000 2
80 132 3 8192 2.000050000 2
80 304 3 8192 2.000050000 2
80 536 3 8192 2.000050000 2
80 820 3 8192 2.000050000 2
80 680 3 8192 2.000050000 2
80 60 3 8192 2.000050000 2
84 448 3 8192 2.000050000 2
84 448 3 8192 2.000050000 2
84 928 3 8192 2.000050000 2
84 616 3 8192 2.000050000 2
84 184 3 8192 2.000050000 2
84 1032 3 8192 2.000050000 2
84 732 3 8192 2.000050000 2
84 368 3 8192 2.000050000 2
88 448 3 8192 2.000050000 2
88 448 3 8192 2.000050000 2
88 1084 3 8192 2.000050000 2
88 424 3 8192 2.000050000 2
88 220 3 8192 2.000050000 2
88 888 3 8192 2.000050000 2
88 456 3 8192 2.000050000 2
88 84 3 8192 2.000050000 2
92 448 3 8192 2.000050000 2
92 448 3 8192 2.000050000 2
92 572 3 8192 2.000050000 2
92 252 3 8192 2.000050000 2
92 388 3 8192 2.000050000 2
92 1208 3 8192 2.000050000 2
92 104 3 8192 2.000050000 2
92 668 3 8192 2.000050000 2
96 448 3 8192 2.000050000 2
96 448 3 8192 2.000050000 2
96 920 3 8192 2.000050000 2
96 828 3 8192 2.000050000 2
96 0 3 8192 2.000050000 2
96 500 3 8192 2.000050000 2
96 536 3 8192 2.000050000 2
96 668 3 8192 2.000050000 2
100 448 3 8192 2.000050000 2
100 448 3 8192 2.000050000 2
100 460 3 8192 2.000050000 2
100 668 3 8192 2.000050000 2
100 948 3 8192 2.000050000 2
100 400 3 8192 2.000050000 2
100 620 3 8192 2.000050000 2
100 1080 3 8192 2.000050000 2
104 448 3 8192 2.000050000 2
104 448 3 8192 2.000050000 2
104 1156 3 8192 2.000050000 2
104 1196 3 8192 2.000050000 2
104 516 3 8192 2.000050000 2
104 404 3 8192 2.000050000 2
104 364 3 8192 2.000050000 2
104 852 3 8192 2.000050000 2
108 448 3 8192 2.000050000 2
108 448 3 8192 2.000050000 2
108 460 3 8192 2.000050000 2
108 580 3 8192 2.000050000 2
108 272 3 8192 2.000050000 2
108 624 3 8192 2.000050000 2
108 748 3 8192 2.000050000 2
108 1164 3 8192 2.000050000 2
112 448 3 8192 2.000050000 2
112 448 3 8192 2.000050000 2
112 1132 3 8192 2.000050000 2
112 240 3 8192 2.000050000 2
112 716 3 8192 2.000050000 2
112 148 3 8192 2.000050000 2
112 896 3 8192 2.000050000 2
112 244 3 8192 2.000050000 2
120 448 3 8192 2.000050000 2
120 448 3 8192 2.000050000 2
120 884 3 8192 2.000050000 2
120 1064 3 8192 2.000050000 2
120 148 3 8192 2.000050000 2
120 612 3 8192 2.000050000 2
120 188 3 8192 2.000050000 2
120 964 3 8192 2.000050000 2
132 448 3 8192 2.000050000 2
132 448 3 8192 2.000050000 2
132 1024 3 8192 2.000050000 2
132 44 3 8192 2.000050000 2
132 12 3 8192 2.000050000 2
132 1228 3 8192 2.000050000 2
132 1020 3 8192 2.000050000 2
132 1012 3 8192 2.000050000 2
136 448 3 8192 2.000050000 2
136 448 3 8192 2.000050000 2
136 1224 3 8192 2.000050000 2
136 140 3 8192 2.000050000 2
136 508 3 8192 2.000050000 2
136 476 3 8192 2.000050000 2
136 732 3 8192 2.000050000 2
136 100 3 8192 2.000050000 2
140 448 3 8192 2.000050000 2
140 448 3 8192 2.000050000 2
140 616 3 8192 2.000050000 2
140 948 3 8192 2.000050000 2
140 916 3 8192 2.000050000 2
140 452 3 8192 2.000050000 2
140 720 3 8192 2.000050000 2
140 740 3 8192 2.000050000 2
148 448 3 8192 2.000050000 2
148 448 3 8192 2.000050000 2
148 852 3 8192 2.000050000 2
148 808 3 8192 2.000050000 2
148 1060 3 8192 2.000050000 2
148 528 3 8192 2.000050000 2
148 1012 3 8192 2.000050000 2
148 1200 3 8192 2.000050000 2
156 448 3 8192 2.000050000 2
156 448 3 8192 2.000050000 2
156 692 3 8192 2.000050000 2
156 444 3 8192 2.000050000 2
156 188 3 8192 2.000050000 2
156 200 3 8192 2.000050000 2
156 764 3 8192 2.000050000 2
156 712 3 8192 2.000050000 2
160 448 3 8192 2.000050000 2
160 448 3 8192 2.000050000 2
160 992 3 8192 2.000050000 2
160 156 3 8192 2.000050000 2
160 644 3 8192 2.000050000 2
160 988 3 8192 2.000050000 2
160 448 3 8192 2.000050000 2
160 836 3 8192 2.000050000 2
164 448 3 8192 2.000050000 2
164 448 3 8192 2.000050000 2
164 100 3 8192 2.000050000 2
164 1152 3 8192 2.000050000 2
164 1268 3 8192 2.000050000 2
164 1132 3 8192 2.000050000 2
164 372 3 8192 2.000050000 2
164 544 3 8192 2.000050000 2
168 448 3 8192 2.000050000 2
168 448 3 8192 2.000050000 2
168 1184 3 8192 2.000050000 2
168 512 3 8192 2.000050000 2
168 1056 3 8192 2.000050000 2
168 1236 3 8192 2.000050000 2
168 856 3 8192 2.000050000 2
168 56 3 8192 2.000050000 2
172 448 3 8192 2.000050000 2
172 448 3 8192 2.000050000 2
172 456 3 8192 2.000050000 2
172 652 3 8192 2.000050000 2
172 840 3 8192 2.000050000 2
172 816 3 8192 2.000050000 2
172 636 3 8192 2.000050000 2
172 592 3 8192 2.000050000 2
176 448 3 8192 2.000050000 2
176 448 3 8192 2.000050000 2
176 188 3 8192 2.000050000 2
176 0 3 8192 2.000050000 2
176 1068 3 8192 2.000050000 2
176 1000 3 8192 2.000050000 2
176 832 3 8192 2.000050000 2
176 896 3 8192 2.000050000 2
180 448 3 8192 2.000050000 2
180 448 3 8192 2.000050000 2
180 484 3 8192 2.000050000 2
180 1244 3 8192 2.000050000 2
180 996 3 8192 2.000050000 2
180 1112 3 8192 2.000050000 2
180 1116 3 8192 2.000050000 2
180 1160 3 8192 2.000050000 2
184 448 3 8192 2.000050000 2
184 448 3 8192 2.000050000 2
184 576 3 8192 2.000050000 2
184 628 3 8192 2.000050000 2
184 404 3 8192 2.000050000 2
184 480 3 8192 2.000050000 2
184 96 3 8192 2.000050000 2
184 788 3 8192 2.000050000 2
188 448 3 8192 2.000050000 2
188 448 3 8192 2.000050000 2
188 308 3 8192 2.000050000 2
188 32 3 8192 2.000050000 2
188 988 3 8192 2.000050000 2
188 808 3 8192 2.000050000 2
188 324 3 8192 2.000050000 2
188 648 3 8192 2.000050000 2
192 448 3 8192 2.000050000 2
192 448 3 8192 2.000050000 2
192 96 3 8192 2.000050000 2
192 136 3 8192 2.000050000 2
192 788 3 8192 2.000050000 2
192 696 3 8192 2.000050000 2
192 1112 3 8192 2.000050000 2
192 200 3 8192 2.000050000 2
196 448 3 8192 2.000050000 2
196 448 3 8192 2.000050000 2
196 276 3 8192 2.000050000 2
196 100 3 8192 2.000050000 2
196 1104 3 8192 2.000050000 2
196 344 3 8192 2.000050000 2
196 312 3 8192 2.000050000 2
196 1148 3 8192 2.000050000 2
200 448 3 8192 2.000050000 2
200 448 3 8192 2.000050000 2
200 596 3 8192 2.000050000 2
200 1012 3 8192 2.000050000 2
200 620 3 8192 2.000050000 2
200 924 3 8192 2.000050000 2
200 460 3 8192 2.000050000 2
200 700 3 8192 2.000050000 2
212 448 3 8192 2.000050000 2
212 448 3 8192 2.000050000 2
212 84 3 8192 2.000050000 2
212 672 3 8192 2.000050000 2
212 720 3 8192 2.000050000 2
212 1140 3 8192 2.000050000 2
212 236 3 8192 2.000050000 2
212 584 3 8192 2.000050000 2
216 448 3 8192 2.000050000 2
216 448 3 8192 2.000050000 2
216 544 3 8192 2.000050000 2
216 404 3 8192 2.000050000 2
216 592 3 8192 2.000050000 2
216 1108 3 8192 2.000050000 2
216 564 3 8192 2.000050000 2
216 800 3 8192 2.000050000 2
220 448 3 8192 2.000050000 2
220 448 3 8192 2.000050000 2
220 596 3 8192 2.000050000 2
220 172 3 8192 2.000050000 2
220 12 3 8192 2.000050000 2
220 824 3 8192 2.000050000 2
220 780 3 8192 2.000050000 2
220 28 3 8192 2.000050000 2
228 448 3 8192 2.000050000 2
228 448 3 8192 2.000050000 2
228 1080 3 8192 2.000050000 2
228 1016 3 8192 2.000050000 2
228 460 3 8192 2.000050000 2
228 1208 3 8192 2.000050000 2
228 704 3 8192 2.000050000 2
228 1192 3 8192 2.000050000 2
232 448 3 8192 2.000050000 2
232 448 3 8192 2.000050000 2
232 284 3 8192 2.000050000 2
232 1240 3 8192 2.000050000 2
232 80 3 8192 2.000050000 2
232 196 3 8192 2.000050000 2
232 120 3 8192 2.000050000 2
232 1192 3 8192 2.000050000 2
236 448 3 8192 2.000050000 2
236 448 3 8192 2.000050000 2
236 104 3 8192 2.000050000 2
236 1116 3 8192 2.000050000 2
236 1276 3 8192 2.000050000 2
236 28 3 8192 2.000050000 2
236 260 3 8192 2.000050000 2
236 928 3 8192 2.000050000 2
240 448 3 8192 2.000050000 2
240 448 3 8192 2.000050000 2
240 740 3 8192 2.000050000 2
240 764 3 8192 2.000050000 2
240 304 3 8192 2.000050000 2
240 244 3 8192 2.000050000 2
240 0 3 8192 2.000050000 2
240 1196 3 8192 2.000050000 2
244 448 3 8192 2.000050000 2
244 448 3 8192 2.000050000 2
244 276 3 8192 2.000050000 2
244 764 3 8192 2.000050000 2
244 260 3 8192 2.000050000 2
244 1004 3 8192 2.000050000 2
244 996 3 8192 2.000050000 2
244 676 3 8192 2.000050000 2
248 448 3 8192 2.000050000 2
248 448 3 8192 2.000050000 2
248 1080 3 8192 2.000050000 2
248 92 3 8192 2.000050000 2
248 1148 3 8192 2.000050000 2
248 628 3 8192 2.000050000 2
248 1164 3 8192 2.000050000 2
248 468 3 8192 2.000050000 2
252 448 3 8192 2.000050000 2
252 448 3 8192 2.000050000 2
252 1120 3 8192 2.000050000 2
252 1040 3 8192 2.000050000 2
252 1116 3 8192 2.000050000 2
252 308 3 8192 2.000050000 2
252 580 3 8192 2.000050000 2
252 496 3 8192 2.000050000 2
260 448 3 8192 2.000050000 2
260 448 3 8192 2.000050000 2
260 792 3 8192 2.000050000 2
260 1108 3 8192 2.000050000 2
260 92 3 8192 2.000050000 2
260 112 3 8192 2.000050000 2
260 888 3 8192 2.000050000 2
260 512 3 8192 2.000050000 2
268 448 3 8192 2.000050000 2
268 448 3 8192 2.000050000 2
268 20 3 8192 2.000050000 2
268 736 3 8192 2.000050000 2
268 80 3 8192 2.000050000 2
268 1220 3 8192 2.000050000 2
268 372 3 8192 2.000050000 2
268 904 3 8192 2.000050000 2
272 448 3 8192 2.000050000 2
272 448 3 8192 2.000050000 2
272 624 3 8192 2.000050000 2
272 556 3 8192 2.000050000 2
272 1236 3 8192 2.000050000 2
272 752 3 8192 2.000050000 2
272 528 3 8192 2.000050000 2
272 320 3 8192 2.000050000 2
276 448 3 8192 2.000050000 2
276 448 3 8192 2.000050000 2
276 992 3 8192 2.000050000 2
276 480 3 8192 2.000050000 2
276 252 3 8192 2.000050000 2
276 92 3 8192 2.000050000 2
276 268 3 8192 2.000050000 2
276 976 3 8192 2.000050000 2
284 448 3 8192 2.000050000 2
284 448 3 8192 2.000050000 2
284 484 3 8192 2.000050000 2
284 0 3 8192 2.000050000 2
284 1108 3 8192 2.000050000 2
284 916 3 8192 2.000050000 2
284 1012 3 8192 2.000050000 2
284 900 3 8192 2.000050000 2
288 448 3 8192 2.000050000 2
288 448 3 8192 2.000050000 2
288 188 3 8192 2.000050000 2
288 404 3 8192 2.000050000 2
288 616 3 8192 2.000050000 2
288 1152 3 8192 2.000050000 2
288 668 3 8192 2.000050000 2
288 840 3 8192 2.000050000 2
300 448 3 8192 2.000050000 2
300 448 3 8192 2.000050000 2
300 188 3 8192 2.000050000 2
300 644 3 8192 2.000050000 2
300 1180 3 8192 2.000050000 2
300 1012 3 8192 2.000050000 2
300 1256 3 8192 2.000050000 2
300 212 3 8192 2.000050000 2
304 448 3 8192 2.000050000 2
304 448 3 8192 2.000050000 2
304 56 3 8192 2.000050000 2
304 332 3 8192 2.000050000 2
304 12 3 8192 2.000050000 2
304 388 3 8192 2.000050000 2
304 268 3 8192 2.000050000 2
304 1148 3 8192 2.000050000 2
308 448 3 8192 2.000050000 2
308 448 3 8192 2.000050000 2
308 676 3 8192 2.000050000 2
308 172 3 8192 2.000050000 2
308 900 3 8192 2.000050000 2
308 1136 3 8192 2.000050000 2
308 344 3 8192 2.000050000 2
308 380 3 8192 2.000050000 2
312 448 3 8192 2.000050000 2
312 448 3 8192 2.000050000 2
312 336 3 8192 2.000050000 2
312 288 3 8192 2.000050000 2
312 920 3 8192 2.000050000 2
312 188 3 8192 2.000050000 2
312 1212 3 8192 2.000050000 2
312 1236 3 8192 2.000050000 2
320 448 3 8192 2.000050000 2
320 448 3 8192 2.000050000 2
320 84 3 8192 2.000050000 2
320 192 3 8192 2.000050000 2
320 996 3 8192 2.000050000 2
320 364 3 8192 2.000050000 2
320 640 3 8192 2.000050000 2
320 860 3 8192 2.000050000 2
324 448 3 8192 2.000050000 2
324 448 3 8192 2.000050000 2
324 132 3 8192 2.000050000 2
324 740 3 8192 2.000050000 2
324 164 3 8192 2.000050000 2
324 1196 3 8192 2.000050000 2
324 108 3 8192 2.000050000 2
324 1192 3 8192 2.000050000 2
332 448 3 8192 2.000050000 2
332 448 3 8192 2.000050000 2
332 1048 3 8192 2.000050000 2
332 240 3 8192 2.000050000 2
332 92 3 8192 2.000050000 2
332 892 3 8192 2.000050000 2
332 648 3 8192 2.000050000 2
332 716 3 8192 2.000050000 2
336 448 3 8192 2.000050000 2
336 448 3 8192 2.000050000 2
336 556 3 8192 2.000050000 2
336 268 3 8192 2.000050000 2
336 164 3 8192 2.000050000 2
336 884 3 8192 2.000050000 2
336 1000 3 8192 2.000050000 2
336 648 3 8192 2.000050000 2
340 448 3 8192 2.000050000 2
340 448 3 8192 2.000050000 2
340 1004 3 8192 2.000050000 2
340 1244 3 8192 2.000050000 2
340 476 3 8192 2.000050000 2
340 1120 3 8192 2.000050000 2
340 388 3 8192 2.000050000 2
340 1084 3 8192 2.000050000 2
344 448 3 8192 2.000050000 2
344 448 3 8192 2.000050000 2
344 684 3 8192 2.000050000 2
344 480 3 8192 2.000050000 2
344 976 3 8192 2.000050000 2
344 808 3 8192 2.000050000 2
344 332 3 8192 2.000050000 2
344 1208 3 8192 2.000050000 2
360 448 3 8192 2.000050000 2
360 448 3 8192 2.000050000 2
360 556 3 8192 2.000050000 2
360 680 3 8192 2.000050000 2
360 1244 3 8192 2.000050000 2
360 1084 3 8192 2.000050000 2
360 1080 3 8192 2.000050000 2
360 252 3 8192 2.000050000 2
364 448 3 8192 2.000050000 2
364 448 3 8192 2.000050000 2
364 1152 3 8192 2.000050000 2
364 508 3 8192 2.000050000 2
364 680 3 8192 2.000050000 2
364 968 3 8192 2.000050000 2
364 712 3 8192 2.000050000 2
364 648 3 8192 2.000050000 2
368 448 3 8192 2.000050000 2
368 448 3 8192 2.000050000 2
368 648 3 8192 2.000050000 2
368 332 3 8192 2.000050000 2
368 1132 3 8192 2.000050000 2
368 752 3 8192 2.000050000 2
368 1236 3 8192 2.000050000 2
368 252 3 8192 2.000050000 2
372 448 3 8192 2.000050000 2
372 448 3 8192 2.000050000 2
372 1224 3 8192 2.000050000 2
372 168 3 8192 2.000050000 2
372 940 3 8192 2.000050000 2
372 160 3 8192 2.000050000 2
372 88 3 8192 2.000050000 2
372 1144 3 8192 2.000050000 2
376 448 3 8192 2.000050000 2
376 448 3 8192 2.000050000 2
376 620 3 8192 2.000050000 2
376 344 3 8192 2.000050000 2
376 44 3 8192 2.000050000 2
376 532 3 8192 2.000050000 2
376 668 3 8192 2.000050000 2
376 100 3 8192 2.000050000 2
380 448 3 8192 2.000050000 2
380 448 3 8192 2.000050000 2
380 312 3 8192 2.000050000 2
380 136 3 8192 2.000050000 2
380 1100 3 8192 2.000050000 2
380 180 3 8192 2.000050000 2
380 508 3 8192 2.000050000 2
380 60 3 8192 2.000050000 2
384 448 3 8192 2.000050000 2
384 448 3 8192 2.000050000 2
384 880 3 8192 2.000050000 2
384 244 3 8192 2.000050000 2
384 1208 3 8192 2.000050000 2
384 496 3 8192 2.000050000 2
384 148 3 8192 2.000050000 2
384 1140 3 8192 2.000050000 2
388 448 3 8192 2.000050000 2
388 448 3 8192 2.000050000 2
388 1148 3 8192 2.000050000 2
388 424 3 8192 2.000050000 2
388 1016 3 8192 2.000050000 2
388 1080 3 8192 2.000050000 2
388 420 3 8192 2.000050000 2
388 1048 3 8192 2.000050000 2
400 448 3 8192 2.000050000 2
400 448 3 8192 2.000050000 2
400 1132 3 8192 2.000050000 2
400 1220 3 8192 2.000050000 2
400 936 3 8192 2.000050000 2
400 836 3 8192 2.000050000 2
400 420 3 8192 2.000050000 2
400 576 3 8192 2.000050000 2
404 448 3 8192 2.000050000 2
404 448 3 8192 2.000050000 2
404 636 3 8192 2.000050000 2
404 400 3 8192 2.000050000 2
404 992 3 8192 2.000050000 2
404 368 3 8192 2.000050000 2
404 1128 3 8192 2.000050000 2
404 612 3 8192 2.000050000 2
408 448 3 8192 2.000050000 2
408 448 3 8192 2.000050000 2
408 1184 3 8192 2.000050000 2
408 788 3 8192 2.000050000 2
408 1120 3 8192 2.000050000 2
408 676 3 8192 2.000050000 2
408 632 3 8192 2.000050000 2
408 508 3 8192 2.000050000 2
416 448 3 8192 2.000050000 2
416 448 3 8192 2.000050000 2
416 1236 3 8192 2.000050000 2
416 88 3 8192 2.000050000 2
416 16 3 8192 2.000050000 2
416 764 3 8192 2.000050000 2
416 828 3 8192 2.000050000 2
416 832 3 8192 2.000050000 2
420 448 3 8192 2.000050000 2
420 448 3 8192 2.000050000 2
420 468 3 8192 2.000050000 2
420 1040 3 8192 2.000050000 2
420 284 3 8192 2.000050000 2
420 120 3 8192 2.000050000 2
420 32 3 8192 2.000050000 2
420 240 3 8192 2.000050000 2
424 448 3 8192 2.000050000 2
424 448 3 8192 2.000050000 2
424 720 3 8192 2.000050000 2
424 1224 3 8192 2.000050000 2
424 792 3 8192 2.000050000 2
424 1264 3 8192 2.000050000 2
424 828 3 8192 2.000050000 2
424 804 3 8192 2.000050000 2
428 448 3 8192 2.000050000 2
428 448 3 8192 2.000050000 2
428 816 3 8192 2.000050000 2
428 1188 3 8192 2.000050000 2
428 1180 3 8192 2.000050000 2
428 820 3 8192 2.000050000 2
428 1100 3 8192 2.000050000 2
428 148 3 8192 2.000050000 2
432 448 3 8192 2.000050000 2
432 448 3 8192 2.000050000 2
432 132 3 8192 2.000050000 2
432 184 3 8192 2.000050000 2
432 80 3 8192 2.000050000 2
432 1196 3 8192 2.000050000 2
432 372 3 8192 2.000050000 2
432 136 3 8192 2.000050000 2
436 448 3 8192 2.000050000 2
436 448 3 8192 2.000050000 2
436 196 3 8192 2.000050000 2
436 180 3 8192 2.000050000 2
436 388 3 8192 2.000050000 2
436 228 3 8192 2.000050000 2
436 332 3 8192 2.000050000 2
436 936 3 8192 2.000050000 2
444 448 3 8192 2.000050000 2
444 448 3 8192 2.000050000 2
444 132 3 8192 2.000050000 2
444 700 3 8192 2.000050000 2
444 788 3 8192 2.000050000 2
444 776 3 8192 2.000050000 2
444 672 3 8192 2.000050000 2
444 1088 3 8192 2.000050000 2
448 468 3 8192 2.000050000 2
448 476 3 8192 2.000050000 2
448 724 3 8192 2.000050000 2
448 184 3 8192 2.000050000 2
448 488 3 8192 2.000050000 2
448 564 3 8192 2.000050000 2
448 1276 3 8192 2.000050000 2
448 1024 3 8192 2.000050000 2
452 448 3 8192 2.000050000 2
452 448 3 8192 2.000050000 2
452 1096 3 8192 2.000050000 2
452 376 3 8192 2.000050000 2
452 500 3 8192 2.000050000 2
452 428 3 8192 2.000050000 2
452 220 3 8192 2.000050000 2
452 1236 3 8192 2.000050000 2
456 448 3 8192 2.000050000 2
456 448 3 8192 2.000050000 2
456 1008 3 8192 2.000050000 2
456 388 3 8192 2.000050000 2
456 868 3 8192 2.000050000 2
456 744 3 8192 2.000050000 2
456 860 3 8192 2.000050000 2
456 736 3 8192 2.000050000 2
460 448 3 8192 2.000050000 2
460 448 3 8192 2.000050000 2
460 0 3 8192 2.000050000 2
460 616 3 8192 2.000050000 2
460 1084 3 8192 2.000050000 2
460 888 3 8192 2.000050000 2
460 556 3 8192 2.000050000 2
460 588 3 8192 2.000050000 2
464 448 3 8192 2.000050000 2
464 448 3 8192 2.000050000 2
464 108 3 8192 2.000050000 2
464 588 3 8192 2.000050000 2
464 1156 3 8192 2.000050000 2
464 456 3 8192 2.000050000 2
464 580 3 8192 2.000050000 2
464 276 3 8192 2.000050000 2
468 448 3 8192 2.000050000 2
468 448 3 8192 2.000050000 2
468 700 3 8192 2.000050000 2
468 1212 3 8192 2.000050000 2
468 580 3 8192 2.000050000 2
468 1116 3 8192 2.000050000 2
468 1104 3 8192 2.000050000 2
468 1012 3 8192 2.000050000 2
476 448 3 8192 2.000050000 2
476 448 3 8192 2.000050000 2
476 1148 3 8192 2.000050000 2
476 1228 3 8192 2.000050000 2
476 200 3 8192 2.000050000 2
476 1264 3 8192 2.000050000 2
476 964 3 8192 2.000050000 2
476 452 3 8192 2.000050000 2
480 448 3 8192 2.000050000 2
480 448 3 8192 2.000050000 2
480 484 3 8192 2.000050000 2
480 336 3 8192 2.000050000 2
480 136 3 8192 2.000050000 2
480 908 3 8192 2.000050000 2
480 532 3 8192 2.000050000 2
480 776 3 8192 2.000050000 2
484 448 3 8192 2.000050000 2
484 448 3 8192 2.000050000 2
484 160 3 8192 2.000050000 2
484 968 3 8192 2.000050000 2
484 1184 3 8192 2.000050000 2
484 900 3 8192 2.000050000 2
484 500 3 8192 2.000050000 2
484 444 3 8192 2.000050000 2
488 448 3 8192 2.000050000 2
488 448 3 8192 2.000050000 2
488 92 3 8192 2.000050000 2
488 840 3 8192 2.000050000 2
488 868 3 8192 2.000050000 2
488 968 3 8192 2.000050000 2
488 788 3 8192 2.000050000 2
488 1224 3 8192 2.000050000 2
496 448 3 8192 2.000050000 2
496 448 3 8192 2.000050000 2
496 260 3 8192 2.000050000 2
496 364 3 8192 2.000050000 2
496 996 3 8192 2.000050000 2
496 736 3 8192 2.000050000 2
496 516 3 8192 2.000050000 2
496 40 3 8192 2.000050000 2
500 448 3 8192 2.000050000 2
500 448 3 8192 2.000050000 2
500 140 3 8192 2.000050000 2
500 1220 3 8192 2.000050000 2
500 32 3 8192 2.000050000 2
500 1244 3 8192 2.000050000 2
500 1140 3 8192 2.000050000 2
500 1092 3 8192 2.000050000 2
508 448 3 8192 2.000050000 2
508 448 3 8192 2.000050000 2
508 192 3 8192 2.000050000 2
508 180 3 8192 2.000050000 2
508 888 3 8192 2.000050000 2
508 804 3 8192 2.000050000 2
508 800 3 8192 2.000050000 2
508 96 3 8192 2.000050000 2
512 448 3 8192 2.000050000 2
512 448 3 8192 2.000050000 2
512 1016 3 8192 2.000050000 2
512 1020 3 8192 2.000050000 2
512 804 3 8192 2.000050000 2
512 104 3 8192 2.000050000 2
512 768 3 8192 2.000050000 2
512 868 3 8192 2.000050000 2
516 448 3 8192 2.000050000 2
516 448 3 8192 2.000050000 2
516 788 3 8192 2.000050000 2
516 940 3 8192 2.000050000 2
516 600 3 8192 2.000050000 2
516 528 3 8192 2.000050000 2
516 52 3 8192 2.000050000 2
516 548 3 8192 2.000050000 2
524 448 3 8192 2.000050000 2
524 448 3 8192 2.000050000 2
524 776 3 8192 2.000050000 2
524 104 3 8192 2.000050000 2
524 1156 3 8192 2.000050000 2
524 916 3 8192 2.000050000 2
524 1040 3 8192 2.000050000 2
524 1096 3 8192 2.000050000 2
528 448 3 8192 2.000050000 2
528 448 3 8192 2.000050000 2
528 680 3 8192 2.000050000 2
528 1100 3 8192 2.000050000 2
528 444 3 8192 2.000050000 2
528 1108 3 8192 2.000050000 2
528 560 3 8192 2.000050000 2
528 1112 3 8192 2.000050000 2
532 448 3 8192 2.000050000 2
532 448 3 8192 2.000050000 2
532 564 3 8192 2.000050000 2
532 8 3 8192 2.000050000 2
532 556 3 8192 2.000050000 2
532 904 3 8192 2.000050000 2
532 832 3 8192 2.000050000 2
532 424 3 8192 2.000050000 2
536 448 3 8192 2.000050000 2
536 448 3 8192 2.000050000 2
536 1132 3 8192 2.000050000 2
536 832 3 8192 2.000050000 2
536 240 3 8192 2.000050000 2
536 260 3 8192 2.000050000 2
536 436 3 8192 2.000050000 2
536 364 3 8192 2.000050000 2
544 448 3 8192 2.000050000 2
544 448 3 8192 2.000050000 2
544 136 3 8192 2.000050000 2
544 572 3 8192 2.000050000 2
544 840 3 8192 2.000050000 2
544 576 3 8192 2.000050000 2
544 268 3 8192 2.000050000 2
544 1084 3 8192 2.000050000 2
548 448 3 8192 2.000050000 2
548 448 3 8192 2.000050000 2
548 480 3 8192 2.000050000 2
548 772 3 8192 2.000050000 2
548 1040 3 8192 2.000050000 2
548 1068 3 8192 2.000050000 2
548 468 3 8192 2.000050000 2
548 484 3 8192 2.000050000 2
556 448 3 8192 2.000050000 2
556 448 3 8192 2.000050000 2
556 156 3 8192 2.000050000 2
556 600 3 8192 2.000050000 2
556 244 3 8192 2.000050000 2
556 496 3 8192 2.000050000 2
556 332 3 8192 2.000050000 2
556 276 3 8192 2.000050000 2
560 448 3 8192 2.000050000 2
560 448 3 8192 2.000050000 2
560 1116 3 8192 2.000050000 2
560 924 3 8192 2.000050000 2
560 196 3 8192 2.000050000 2
560 584 3 8192 2.000050000 2
560 1012 3 8192 2.000050000 2
560 556 3 8192 2.000050000 2
564 448 3 8192 2.000050000 2
564 448 3 8192 2.000050000 2
564 1152 3 8192 2.000050000 2
564 436 3 8192 2.000050000 2
564 836 3 8192 2.000050000 2
564 1136 3 8192 2.000050000 2
564 516 3 8192 2.000050000 2
564 44 3 8192 2.000050000 2
572 448 3 8192 2.000050000 2
572 448 3 8192 2.000050000 2
572 916 3 8192 2.000050000 2
572 752 3 8192 2.000050000 2
572 304 3 8192 2.000050000 2
572 244 3 8192 2.000050000 2
572 1136 3 8192 2.000050000 2
572 252 3 8192 2.000050000 2
576 448 3 8192 2.000050000 2
576 448 3 8192 2.000050000 2
576 864 3 8192 2.000050000 2
576 940 3 8192 2.000050000 2
576 76 3 8192 2.000050000 2
576 868 3 8192 2.000050000 2
576 948 3 8192 2.000050000 2
576 1136 3 8192 2.000050000 2
580 448 3 8192 2.000050000 2
580 448 3 8192 2.000050000 2
580 452 3 8192 2.000050000 2
580 1224 3 8192 2.000050000 2
580 1196 3 8192 2.000050000 2
580 788 3 8192 2.000050000 2
580 900 3 8192 2.000050000 2
580 1008 3 8192 2.000050000 2
584 448 3 8192 2.000050000 2
584 448 3 8192 2.000050000 2
584 300 3 8192 2.000050000 2
584 1140 3 8192 2.000050000 2
584 756 3 8192 2.000050000 2
584 1236 3 8192 2.000050000 2
584 828 3 8192 2.000050000 2
584 820 3 8192 2.000050000 2
588 448 3 8192 2.000050000 2
588 448 3 8192 2.000050000 2
588 976 3 8192 2.000050000 2
588 732 3 8192 2.000050000 2
588 324 3 8192 2.000050000 2
588 252 3 8192 2.000050000 2
588 1152 3 8192 2.000050000 2
588 480 3 8192 2.000050000 2
592 448 3 8192 2.000050000 2
592 448 3 8192 2.000050000 2
592 548 3 8192 2.000050000 2
592 500 3 8192 2.000050000 2
592 436 3 8192 2.000050000 2
592 724 3 8192 2.000050000 2
592 704 3 8192 2.000050000 2
592 1268 3 8192 2.000050000 2
596 448 3 8192 2.000050000 2
596 448 3 8192 2.000050000 2
596 340 3 8192 2.000050000 2
596 800 3 8192 2.000050000 2
596 120 3 8192 2.000050000 2
596 300 3 8192 2.000050000 2
596 1080 3 8192 2.000050000 2
596 184 3 8192 2.000050000 2
600 448 3 8192 2.000050000 2
600 448 3 8192 2.000050000 2
600 948 3 8192 2.000050000 2
600 1128 3 8192 2.000050000 2
600 1060 3 8192 2.000050000 2
600 764 3 8192 2.000050000 2
600 816 3 8192 2.000050000 2
600 768 3 8192 2.000050000 2
612 448 3 8192 2.000050000 2
612 448 3 8192 2.000050000 2
612 140 3 8192 2.000050000 2
612 584 3 8192 2.000050000 2
612 44 3 8192 2.000050000 2
612 752 3 8192 2.000050000 2
612 84 3 8192 2.000050000 2
612 324 3 8192 2.000050000 2
616 448 3 8192 2.000050000 2
616 448 3 8192 2.000050000 2
616 1008 3 8192 2.000050000 2
616 624 3 8192 2.000050000 2
616 248 3 8192 2.000050000 2
616 1208 3 8192 2.000050000 2
616 96 3 8192 2.000050000 2
616 920 3 8192 2.000050000 2
620 448 3 8192 2.000050000 2
620 448 3 8192 2.000050000 2
620 908 3 8192 2.000050000 2
620 148 3 8192 2.000050000 2
620 1088 3 8192 2.000050000 2
620 644 3 8192 2.000050000 2
620 1132 3 8192 2.000050000 2
620 900 3 8192 2.000050000 2
624 448 3 8192 2.000050000 2
624 448 3 8192 2.000050000 2
624 1004 3 8192 2.000050000 2
624 448 3 8192 2.000050000 2
624 1184 3 8192 2.000050000 2
624 996 3 8192 2.000050000 2
624 848 3 8192 2.000050000 2
624 764 3 8192 2.000050000 2
628 448 3 8192 2.000050000 2
628 448 3 8192 2.000050000 2
628 156 3 8192 2.000050000 2
628 1092 3 8192 2.000050000 2
628 100 3 8192 2.000050000 2
628 668 3 8192 2.000050000 2
628 64 3 8192 2.000050000 2
628 952 3 8192 2.000050000 2
632 448 3 8192 2.000050000 2
632 448 3 8192 2.000050000 2
632 1100 3 8192 2.000050000 2
632 696 3 8192 2.000050000 2
632 904 3 8192 2.000050000 2
632 324 3 8192 2.000050000 2
632 544 3 8192 2.000050000 2
632 856 3 8192 2.000050000 2
636 448 3 8192 2.000050000 2
636 448 3 8192 2.000050000 2
636 56 3 8192 2.000050000 2
636 580 3 8192 2.000050000 2
636 100 3 8192 2.000050000 2
636 940 3 8192 2.000050000 2
636 8 3 8192 2.000050000 2
636 84 3 8192 2.000050000 2
640 448 3 8192 2.000050000 2
640 448 3 8192 2.000050000 2
640 776 3 8192 2.000050000 2
640 820 3 8192 2.000050000 2
640 432 3 8192 2.000050000 2
640 572 3 8192 2.000050000 2
640 556 3 8192 2.000050000 2
640 952 3 8192 2.000050000 2
644 448 3 8192 2.000050000 2
644 448 3 8192 2.000050000 2
644 148 3 8192 2.000050000 2
644 372 3 8192 2.000050000 2
644 564 3 8192 2.000050000 2
644 1144 3 8192 2.000050000 2
644 864 3 8192 2.000050000 2
644 712 3 8192 2.000050000 2
648 448 3 8192 2.000050000 2
648 448 3 8192 2.000050000 2
648 88 3 8192 2.000050000 2
648 1164 3 8192 2.000050000 2
648 692 3 8192 2.000050000 2
648 860 3 8192 2.000050000 2
648 1108 3 8192 2.000050000 2
648 524 3 8192 2.000050000 2
652 448 3 8192 2.000050000 2
652 448 3 8192 2.000050000 2
652 268 3 8192 2.000050000 2
652 8 3 8192 2.000050000 2
652 1080 3 8192 2.000050000 2
652 100 3 8192 2.000050000 2
652 716 3 8192 2.000050000 2
652 188 3 8192 2.000050000 2
668 448 3 8192 2.000050000 2
668 448 3 8192 2.000050000 2
668 32 3 8192 2.000050000 2
668 1276 3 8192 2.000050000 2
668 1084 3 8192 2.000050000 2
668 1120 3 8192 2.000050000 2
668 1160 3 8192 2.000050000 2
668 612 3 8192 2.000050000 2
672 448 3 8192 2.000050000 2
672 448 3 8192 2.000050000 2
672 284 3 8192 2.000050000 2
672 484 3 8192 2.000050000 2
672 536 3 8192 2.000050000 2
672 736 3 8192 2.000050000 2
672 56 3 8192 2.000050000 2
672 1076 3 8192 2.000050000 2
676 448 3 8192 2.000050000 2
676 448 3 8192 2.000050000 2
676 1256 3 8192 2.000050000 2
676 640 3 8192 2.000050000 2
676 1240 3 8192 2.000050000 2
676 364 3 8192 2.000050000 2
676 800 3 8192 2.000050000 2
676 428 3 8192 2.000050000 2
680 448 3 8192 2.000050000 2
680 448 3 8192 2.000050000 2
680 724 3 8192 2.000050000 2
680 456 3 8192 2.000050000 2
680 932 3 8192 2.000050000 2
680 432 3 8192 2.000050000 2
680 156 3 8192 2.000050000 2
680 92 3 8192 2.000050000 2
684 448 3 8192 2.000050000 2
684 448 3 8192 2.000050000 2
684 948 3 8192 2.000050000 2
684 728 3 8192 2.000050000 2
684 56 3 8192 2.000050000 2
684 248 3 8192 2.000050000 2
684 260 3 8192 2.000050000 2
684 1148 3 8192 2.000050000 2
692 448 3 8192 2.000050000 2
692 448 3 8192 2.000050000 2
692 988 3 8192 2.000050000 2
692 252 3 8192 2.000050000 2
692 632 3 8192 2.000050000 2
692 596 3 8192 2.000050000 2
692 820 3 8192 2.000050000 2
692 1132 3 8192 2.000050000 2
696 448 3 8192 2.000050000 2
696 448 3 8192 2.000050000 2
696 80 3 8192 2.000050000 2
696 820 3 8192 2.000050000 2
696 248 3 8192 2.000050000 2
696 192 3 8192 2.000050000 2
696 824 3 8192 2.000050000 2
696 388 3 8192 2.000050000 2
700 448 3 8192 2.000050000 2
700 448 3 8192 2.000050000 2
700 1092 3 8192 2.000050000 2
700 772 3 8192 2.000050000 2
700 512 3 8192 2.000050000 2
700 236 3 8192 2.000050000 2
700 1084 3 8192 2.000050000 2
700 496 3 8192 2.000050000 2
704 448 3 8192 2.000050000 2
704 448 3 8192 2.000050000 2
704 968 3 8192 2.000050000 2
704 1080 3 8192 2.000050000 2
704 1040 3 8192 2.000050000 2
704 428 3 8192 2.000050000 2
704 288 3 8192 2.000050000 2
704 112 3 8192 2.000050000 2
712 448 3 8192 2.000050000 2
712 448 3 8192 2.000050000 2
712 32 3 8192 2.000050000 2
712 248 3 8192 2.000050000 2
712 1084 3 8192 2.000050000 2
712 64 3 8192 2.000050000 2
712 516 3 8192 2.000050000 2
712 448 3 8192 2.000050000 2
716 448 3 8192 2.000050000 2
716 448 3 8192 2.000050000 2
716 180 3 8192 2.000050000 2
716 756 3 8192 2.000050000 2
716 1080 3 8192 2.000050000 2
716 544 3 8192 2.000050000 2
716 1024 3 8192 2.000050000 2
716 1128 3 8192 2.000050000 2
720 448 3 8192 2.000050000 2
720 448 3 8192 2.000050000 2
720 700 3 8192 2.000050000 2
720 1228 3 8192 2.000050000 2
720 148 3 8192 2.000050000 2
720 16 3 8192 2.000050000 2
720 80 3 8192 2.000050000 2
720 1236 3 8192 2.000050000 2
724 448 3 8192 2.000050000 2
724 448 3 8192 2.000050000 2
724 108 3 8192 2.000050000 2
724 624 3 8192 2.000050000 2
724 16 3 8192 2.000050000 2
724 616 3 8192 2.000050000 2
724 512 3 8192 2.000050000 2
724 388 3 8192 2.000050000 2
728 448 3 8192 2.000050000 2
728 448 3 8192 2.000050000 2
728 436 3 8192 2.000050000 2
728 840 3 8192 2.000050000 2
728 288 3 8192 2.000050000 2
728 380 3 8192 2.000050000 2
728 780 3 8192 2.000050000 2
728 808 3 8192 2.000050000 2
732 448 3 8192 2.000050000 2
732 448 3 8192 2.000050000 2
732 1120 3 8192 2.000050000 2
732 832 3 8192 2.000050000 2
732 1184 3 8192 2.000050000 2
732 828 3 8192 2.000050000 2
732 424 3 8192 2.000050000 2
732 140 3 8192 2.000050000 2
736 448 3 8192 2.000050000 2
736 448 3 8192 2.000050000 2
736 560 3 8192 2.000050000 2
736 852 3 8192 2.000050000 2
736 1188 3 8192 2.000050000 2
736 80 3 8192 2.000050000 2
736 780 3 8192 2.000050000 2
736 1208 3 8192 2.000050000 2
740 448 3 8192 2.000050000 2
740 448 3 8192 2.000050000 2
740 1148 3 8192 2.000050000 2
740 1208 3 8192 2.000050000 2
740 1140 3 8192 2.000050000 2
740 948 3 8192 2.000050000 2
740 544 3 8192 2.000050000 2
740 1008 3 8192 2.000050000 2
744 448 3 8192 2.000050000 2
744 448 3 8192 2.000050000 2
744 1180 3 8192 2.000050000 2
744 1244 3 8192 2.000050000 2
744 940 3 8192 2.000050000 2
744 1152 3 8192 2.000050000 2
744 44 3 8192 2.000050000 2
744 792 3 8192 2.000050000 2
748 448 3 8192 2.000050000 2
748 448 3 8192 2.000050000 2
748 1212 3 8192 2.000050000 2
748 216 3 8192 2.000050000 2
748 848 3 8192 2.000050000 2
748 508 3 8192 2.000050000 2
748 48 3 8192 2.000050000 2
748 860 3 8192 2.000050000 2
752 448 3 8192 2.000050000 2
752 448 3 8192 2.000050000 2
752 1216 3 8192 2.000050000 2
752 1060 3 8192 2.000050000 2
752 84 3 8192 2.000050000 2
752 800 3 8192 2.000050000 2
752 1200 3 8192 2.000050000 2
752 324 3 8192 2.000050000 2
756 448 3 8192 2.000050000 2
756 448 3 8192 2.000050000 2
756 284 3 8192 2.000050000 2
756 324 3 8192 2.000050000 2
756 808 3 8192 2.000050000 2
756 216 3 8192 2.000050000 2
756 1228 3 8192 2.000050000 2
756 644 3 8192 2.000050000 2
764 448 3 8192 2.000050000 2
764 448 3 8192 2.000050000 2
764 1220 3 8192 2.000050000 2
764 828 3 8192 2.000050000 2
764 304 3 8192 2.000050000 2
764 1116 3 8192 2.000050000 2
764 736 3 8192 2.000050000 2
764 536 3 8192 2.000050000 2
768 448 3 8192 2.000050000 2
768 448 3 8192 2.000050000 2
768 376 3 8192 2.000050000 2
768 228 3 8192 2.000050000 2
768 480 3 8192 2.000050000 2
768 880 3 8192 2.000050000 2
768 748 3 8192 2.000050000 2
768 832 3 8192 2.000050000 2
772 448 3 8192 2.000050000 2
772 448 3 8192 2.000050000 2
772 1176 3 8192 2.000050000 2
772 808 3 8192 2.000050000 2
772 964 3 8192 2.000050000 2
772 380 3 8192 2.000050000 2
772 1128 3 8192 2.000050000 2
772 836 3 8192 2.000050000 2
776 448 3 8192 2.000050000 2
776 448 3 8192 2.000050000 2
776 1048 3 8192 2.000050000 2
776 1108 3 8192 2.000050000 2
776 728 3 8192 2.000050000 2
776 992 3 8192 2.000050000 2
776 1220 3 8192 2.000050000 2
776 132 3 8192 2.000050000 2
780 448 3 8192 2.000050000 2
780 448 3 8192 2.000050000 2
780 1048 3 8192 2.000050000 2
780 484 3 8192 2.000050000 2
780 856 3 8192 2.000050000 2
780 512 3 8192 2.000050000 2
780 1268 3 8192 2.000050000 2
780 1236 3 8192 2.000050000 2
788 448 3 8192 2.000050000 2
788 448 3 8192 2.000050000 2
788 804 3 8192 2.000050000 2
788 1228 3 8192 2.000050000 2
788 324 3 8192 2.000050000 2
788 948 3 8192 2.000050000 2
788 1264 3 8192 2.000050000 2
788 744 3 8192 2.000050000 2
792 448 3 8192 2.000050000 2
792 448 3 8192 2.000050000 2
792 904 3 8192 2.000050000 2
792 988 3 8192 2.000050000 2
792 1032 3 8192 2.000050000 2
792 592 3 8192 2.000050000 2
792 964 3 8192 2.000050000 2
792 52 3 8192 2.000050000 2
800 448 3 8192 2.000050000 2
800 448 3 8192 2.000050000 2
800 1176 3 8192 2.000050000 2
800 1116 3 8192 2.000050000 2
800 220 3 8192 2.000050000 2
800 952 3 8192 2.000050000 2
800 196 3 8192 2.000050000 2
800 372 3 8192 2.000050000 2
804 448 3 8192 2.000050000 2
804 448 3 8192 2.000050000 2
804 220 3 8192 2.000050000 2
804 1084 3 8192 2.000050000 2
804 508 3 8192 2.000050000 2
804 576 3 8192 2.000050000 2
804 460 3 8192 2.000050000 2
804 1148 3 8192 2.000050000 2
808 448 3 8192 2.000050000 2
808 448 3 8192 2.000050000 2
808 572 3 8192 2.000050000 2
808 1220 3 8192 2.000050000 2
808 996 3 8192 2.000050000 2
808 1108 3 8192 2.000050000 2
808 268 3 8192 2.000050000 2
808 676 3 8192 2.000050000 2
816 448 3 8192 2.000050000 2
816 448 3 8192 2.000050000 2
816 408 3 8192 2.000050000 2
816 108 3 8192 2.000050000 2
816 1228 3 8192 2.000050000 2
816 1132 3 8192 2.000050000 2
816 724 3 8192 2.000050000 2
816 824 3 8192 2.000050000 2
820 448 3 8192 2.000050000 2
820 448 3 8192 2.000050000 2
820 1000 3 8192 2.000050000 2
820 992 3 8192 2.000050000 2
820 612 3 8192 2.000050000 2
820 644 3 8192 2.000050000 2
820 40 3 8192 2.000050000 2
820 1240 3 8192 2.000050000 2
824 448 3 8192 2.000050000 2
824 448 3 8192 2.000050000 2
824 1004 3 8192 2.000050000 2
824 572 3 8192 2.000050000 2
824 232 3 8192 2.000050000 2
824 624 3 8192 2.000050000 2
824 860 3 8192 2.000050000 2
824 736 3 8192 2.000050000 2
828 448 3 8192 2.000050000 2
828 448 3 8192 2.000050000 2
828 288 3 8192 2.000050000 2
828 600 3 8192 2.000050000 2
828 172 3 8192 2.000050000 2
828 376 3 8192 2.000050000 2
828 452 3 8192 2.000050000 2
828 416 3 8192 2.000050000 2
832 448 3 8192 2.000050000 2
832 448 3 8192 2.000050000 2
832 840 3 8192 2.000050000 2
832 620 3 8192 2.000050000 2
832 20 3 8192 2.000050000 2
832 1144 3 8192 2.000050000 2
832 700 3 8192 2.000050000 2
832 1208 3 8192 2.000050000 2
836 448 3 8192 2.000050000 2
836 448 3 8192 2.000050000 2
836 0 3 8192 2.000050000 2
836 852 3 8192 2.000050000 2
836 96 3 8192 2.000050000 2
836 416 3 8192 2.000050000 2
836 928 3 8192 2.000050000 2
836 692 3 8192 2.000050000 2
840 448 3 8192 2.000050000 2
840 448 3 8192 2.000050000 2
840 564 3 8192 2.000050000 2
840 936 3 8192 2.000050000 2
840 1216 3 8192 2.000050000 2
840 820 3 8192 2.000050000 2
840 916 3 8192 2.000050000 2
840 808 3 8192 2.000050000 2
844 448 3 8192 2.000050000 2
844 448 3 8192 2.000050000 2
844 452 3 8192 2.000050000 2
844 632 3 8192 2.000050000 2
844 260 3 8192 2.000050000 2
844 1104 3 8192 2.000050000 2
844 220 3 8192 2.000050000 2
844 996 3 8192 2.000050000 2
848 448 3 8192 2.000050000 2
848 448 3 8192 2.000050000 2
848 1008 3 8192 2.000050000 2
848 380 3 8192 2.000050000 2
848 1108 3 8192 2.000050000 2
848 424 3 8192 2.000050000 2
848 788 3 8192 2.000050000 2
848 856 3 8192 2.000050000 2
852 448 3 8192 2.000050000 2
852 448 3 8192 2.000050000 2
852 444 3 8192 2.000050000 2
852 260 3 8192 2.000050000 2
852 436 3 8192 2.000050000 2
852 1136 3 8192 2.000050000 2
852 908 3 8192 2.000050000 2
852 364 3 8192 2.000050000 2
856 448 3 8192 2.000050000 2
856 448 3 8192 2.000050000 2
856 580 3 8192 2.000050000 2
856 416 3 8192 2.000050000 2
856 96 3 8192 2.000050000 2
856 0 3 8192 2.000050000 2
856 948 3 8192 2.000050000 2
856 216 3 8192 2.000050000 2
860 448 3 8192 2.000050000 2
860 448 3 8192 2.000050000 2
860 508 3 8192 2.000050000 2
860 232 3 8192 2.000050000 2
860 60 3 8192 2.000050000 2
860 728 3 8192 2.000050000 2
860 828 3 8192 2.000050000 2
860 732 3 8192 2.000050000 2
864 448 3 8192 2.000050000 2
864 448 3 8192 2.000050000 2
864 716 3 8192 2.000050000 2
864 508 3 8192 2.000050000 2
864 96 3 8192 2.000050000 2
864 908 3 8192 2.000050000 2
864 736 3 8192 2.000050000 2
864 636 3 8192 2.000050000 2
868 448 3 8192 2.000050000 2
868 448 3 8192 2.000050000 2
868 100 3 8192 2.000050000 2
868 1064 3 8192 2.000050000 2
868 368 3 8192 2.000050000 2
868 1160 3 8192 2.000050000 2
868 1196 3 8192 2.000050000 2
868 732 3 8192 2.000050000 2
880 448 3 8192 2.000050000 2
880 448 3 8192 2.000050000 2
880 780 3 8192 2.000050000 2
880 1244 3 8192 2.000050000 2
880 548 3 8192 2.000050000 2
880 920 3 8192 2.000050000 2
880 768 3 8192 2.000050000 2
880 636 3 8192 2.000050000 2
884 448 3 8192 2.000050000 2
884 448 3 8192 2.000050000 2
884 40 3 8192 2.000050000 2
884 300 3 8192 2.000050000 2
884 1040 3 8192 2.000050000 2
884 108 3 8192 2.000050000 2
884 516 3 8192 2.000050000 2
884 1228 3 8192 2.000050000 2
888 448 3 8192 2.000050000 2
888 448 3 8192 2.000050000 2
888 212 3 8192 2.000050000 2
888 832 3 8192 2.000050000 2
888 1224 3 8192 2.000050000 2
888 1100 3 8192 2.000050000 2
888 528 3 8192 2.000050000 2
888 476 3 8192 2.000050000 2
892 448 3 8192 2.000050000 2
892 448 3 8192 2.000050000 2
892 244 3 8192 2.000050000 2
892 1004 3 8192 2.000050000 2
892 88 3 8192 2.000050000 2
892 636 3 8192 2.000050000 2
892 1084 3 8192 2.000050000 2
892 996 3 8192 2.000050000 2
896 448 3 8192 2.000050000 2
896 448 3 8192 2.000050000 2
896 992 3 8192 2.000050000 2
896 616 3 8192 2.000050000 2
896 148 3 8192 2.000050000 2
896 1176 3 8192 2.000050000 2
896 1132 3 8192 2.000050000 2
896 592 3 8192 2.000050000 2
900 448 3 8192 2.000050000 2
900 448 3 8192 2.000050000 2
900 616 3 8192 2.000050000 2
900 424 3 8192 2.000050000 2
900 1240 3 8192 2.000050000 2
900 324 3 8192 2.000050000 2
900 344 3 8192 2.000050000 2
900 884 3 8192 2.000050000 2
904 448 3 8192 2.000050000 2
904 448 3 8192 2.000050000 2
904 212 3 8192 2.000050000 2
904 1100 3 8192 2.000050000 2
904 748 3 8192 2.000050000 2
904 360 3 8192 2.000050000 2
904 168 3 8192 2.000050000 2
904 1080 3 8192 2.000050000 2
908 448 3 8192 2.000050000 2
908 448 3 8192 2.000050000 2
908 556 3 8192 2.000050000 2
908 220 3 8192 2.000050000 2
908 532 3 8192 2.000050000 2
908 864 3 8192 2.000050000 2
908 300 3 8192 2.000050000 2
908 1060 3 8192 2.000050000 2
916 448 3 8192 2.000050000 2
916 448 3 8192 2.000050000 2
916 732 3 8192 2.000050000 2
916 1172 3 8192 2.000050000 2
916 140 3 8192 2.000050000 2
916 948 3 8192 2.000050000 2
916 1168 3 8192 2.000050000 2
916 668 3 8192 2.000050000 2
920 448 3 8192 2.000050000 2
920 448 3 8192 2.000050000 2
920 740 3 8192 2.000050000 2
920 408 3 8192 2.000050000 2
920 932 3 8192 2.000050000 2
920 644 3 8192 2.000050000 2
920 952 3 8192 2.000050000 2
920 496 3 8192 2.000050000 2
924 448 3 8192 2.000050000 2
924 448 3 8192 2.000050000 2
924 1092 3 8192 2.000050000 2
924 484 3 8192 2.000050000 2
924 508 3 8192 2.000050000 2
924 1200 3 8192 2.000050000 2
924 732 3 8192 2.000050000 2
924 228 3 8192 2.000050000 2
928 448 3 8192 2.000050000 2
928 448 3 8192 2.000050000 2
928 1268 3 8192 2.000050000 2
928 908 3 8192 2.000050000 2
928 624 3 8192 2.000050000 2
928 444 3 8192 2.000050000 2
928 88 3 8192 2.000050000 2
928 20 3 8192 2.000050000 2
932 448 3 8192 2.000050000 2
932 448 3 8192 2.000050000 2
932 220 3 8192 2.000050000 2
932 140 3 8192 2.000050000 2
932 1120 3 8192 2.000050000 2
932 668 3 8192 2.000050000 2
932 112 3 8192 2.000050000 2
932 488 3 8192 2.000050000 2
936 448 3 8192 2.000050000 2
936 448 3 8192 2.000050000 2
936 500 3 8192 2.000050000 2
936 252 3 8192 2.000050000 2
936 140 3 8192 2.000050000 2
936 820 3 8192 2.000050000 2
936 768 3 8192 2.000050000 2
936 1172 3 8192 2.000050000 2
940 448 3 8192 2.000050000 2
940 448 3 8192 2.000050000 2
940 832 3 8192 2.000050000 2
940 248 3 8192 2.000050000 2
940 756 3 8192 2.000050000 2
940 8 3 8192 2.000050000 2
940 1032 3 8192 2.000050000 2
940 868 3 8192 2.000050000 2
948 448 3 8192 2.000050000 2
948 448 3 8192 2.000050000 2
948 648 3 8192 2.000050000 2
948 468 3 8192 2.000050000 2
948 16 3 8192 2.000050000 2
948 1036 3 8192 2.000050000 2
948 1188 3 8192 2.000050000 2
948 1172 3 8192 2.000050000 2
952 448 3 8192 2.000050000 2
952 448 3 8192 2.000050000 2
952 456 3 8192 2.000050000 2
952 136 3 8192 2.000050000 2
952 196 3 8192 2.000050000 2
952 16 3 8192 2.000050000 2
952 756 3 8192 2.000050000 2
952 684 3 8192 2.000050000 2
964 448 3 8192 2.000050000 2
964 448 3 8192 2.000050000 2
964 1132 3 8192 2.000050000 2
964 968 3 8192 2.000050000 2
964 824 3 8192 2.000050000 2
964 1152 3 8192 2.000050000 2
964 860 3 8192 2.000050000 2
964 260 3 8192 2.000050000 2
968 448 3 8192 2.000050000 2
968 448 3 8192 2.000050000 2
968 84 3 8192 2.000050000 2
968 1008 3 8192 2.000050000 2
968 880 3 8192 2.000050000 2
968 272 3 8192 2.000050000 2
968 376 3 8192 2.000050000 2
968 644 3 8192 2.000050000 2
976 448 3 8192 2.000050000 2
976 448 3 8192 2.000050000 2
976 484 3 8192 2.000050000 2
976 904 3 8192 2.000050000 2
976 400 3 8192 2.000050000 2
976 376 3 8192 2.000050000 2
976 1040 3 8192 2.000050000 2
976 564 3 8192 2.000050000 2
984 448 3 8192 2.000050000 2
984 448 3 8192 2.000050000 2
984 1164 3 8192 2.000050000 2
984 468 3 8192 2.000050000 2
984 1240 3 8192 2.000050000 2
984 1152 3 8192 2.000050000 2
984 56 3 8192 2.000050000 2
984 1200 3 8192 2.000050000 2
988 448 3 8192 2.000050000 2
988 448 3 8192 2.000050000 2
988 892 3 8192 2.000050000 2
988 904 3 8192 2.000050000 2
988 424 3 8192 2.000050000 2
988 212 3 8192 2.000050000 2
988 1100 3 8192 2.000050000 2
988 460 3 8192 2.000050000 2
992 448 3 8192 2.000050000 2
992 448 3 8192 2.000050000 2
992 428 3 8192 2.000050000 2
992 108 3 8192 2.000050000 2
992 948 3 8192 2.000050000 2
992 680 3 8192 2.000050000 2
992 1024 3 8192 2.000050000 2
992 1168 3 8192 2.000050000 2
996 448 3 8192 2.000050000 2
996 448 3 8192 2.000050000 2
996 476 3 8192 2.000050000 2
996 456 3 8192 2.000050000 2
996 1188 3 8192 2.000050000 2
996 180 3 8192 2.000050000 2
996 380 3 8192 2.000050000 2
996 96 3 8192 2.000050000 2
1000 448 3 8192 2.000050000 2
1000 448 3 8192 2.000050000 2
1000 1164 3 8192 2.000050000 2
1000 1268 3 8192 2.000050000 2
1000 428 3 8192 2.000050000 2
1000 400 3 8192 2.000050000 2
1000 1096 3 8192 2.000050000 2
1000 160 3 8192 2.000050000 2
1004 448 3 8192 2.000050000 2
1004 448 3 8192 2.000050000 2
1004 1236 3 8192 2.000050000 2
1004 1132 3 8192 2.000050000 2
1004 272 3 8192 2.000050000 2
1004 1092 3 8192 2.000050000 2
1004 8 3 8192 2.000050000 2
1004 164 3 8192 2.000050000 2
1008 448 3 8192 2.000050000 2
1008 448 3 8192 2.000050000 2
1008 820 3 8192 2.000050000 2
1008 1180 3 8192 2.000050000 2
1008 824 3 8192 2.000050000 2
1008 792 3 8192 2.000050000 2
1008 488 3 8192 2.000050000 2
1008 1236 3 8192 2.000050000 2
1012 448 3 8192 2.000050000 2
1012 448 3 8192 2.000050000 2
1012 1224 3 8192 2.000050000 2
1012 28 3 8192 2.000050000 2
1012 60 3 8192 2.000050000 2
1012 96 3 8192 2.000050000 2
1012 1220 3 8192 2.000050000 2
1012 600 3 8192 2.000050000 2
1016 448 3 8192 2.000050000 2
1016 448 3 8192 2.000050000 2
1016 212 3 8192 2.000050000 2
1016 8 3 8192 2.000050000 2
1016 380 3 8192 2.000050000 2
1016 56 3 8192 2.000050000 2
1016 340 3 8192 2.000050000 2
1016 196 3 8192 2.000050000 2
1020 448 3 8192 2.000050000 2
1020 448 3 8192 2.000050000 2
1020 404 3 8192 2.000050000 2
1020 668 3 8192 2.000050000 2
1020 172 3 8192 2.000050000 2
1020 560 3 8192 2.000050000 2
1020 848 3 8192 2.000050000 2
1020 936 3 8192 2.000050000 2
1024 448 3 8192 2.000050000 2
1024 448 3 8192 2.000050000 2
1024 1068 3 8192 2.000050000 2
1024 88 3 8192 2.000050000 2
1024 248 3 8192 2.000050000 2
1024 436 3 8192 2.000050000 2
1024 968 3 8192 2.000050000 2
1024 788 3 8192 2.000050000 2
1032 448 3 8192 2.000050000 2
1032 448 3 8192 2.000050000 2
1032 940 3 8192 2.000050000 2
1032 1236 3 8192 2.000050000 2
1032 1256 3 8192 2.000050000 2
1032 524 3 8192 2.000050000 2
1032 616 3 8192 2.000050000 2
1032 312 3 8192 2.000050000 2
1036 448 3 8192 2.000050000 2
1036 448 3 8192 2.000050000 2
1036 384 3 8192 2.000050000 2
1036 596 3 8192 2.000050000 2
1036 868 3 8192 2.000050000 2
1036 1268 3 8192 2.000050000 2
1036 600 3 8192 2.000050000 2
1036 988 3 8192 2.000050000 2
1040 448 3 8192 2.000050000 2
1040 448 3 8192 2.000050000 2
1040 176 3 8192 2.000050000 2
1040 1152 3 8192 2.000050000 2
1040 496 3 8192 2.000050000 2
1040 476 3 8192 2.000050000 2
1040 1068 3 8192 2.000050000 2
1040 1192 3 8192 2.000050000 2
1048 448 3 8192 2.000050000 2
1048 448 3 8192 2.000050000 2
1048 276 3 8192 2.000050000 2
1048 916 3 8192 2.000050000 2
1048 556 3 8192 2.000050000 2
1048 560 3 8192 2.000050000 2
1048 992 3 8192 2.000050000 2
1048 212 3 8192 2.000050000 2
1056 448 3 8192 2.000050000 2
1056 448 3 8192 2.000050000 2
1056 848 3 8192 2.000050000 2
1056 160 3 8192 2.000050000 2
1056 644 3 8192 2.000050000 2
1056 368 3 8192 2.000050000 2
1056 564 3 8192 2.000050000 2
1056 536 3 8192 2.000050000 2
1060 448 3 8192 2.000050000 2
1060 448 3 8192 2.000050000 2
1060 216 3 8192 2.000050000 2
1060 652 3 8192 2.000050000 2
1060 768 3 8192 2.000050000 2
1060 76 3 8192 2.000050000 2
1060 400 3 8192 2.000050000 2
1060 12 3 8192 2.000050000 2
1064 448 3 8192 2.000050000 2
1064 448 3 8192 2.000050000 2
1064 864 3 8192 2.000050000 2
1064 20 3 8192 2.000050000 2
1064 1268 3 8192 2.000050000 2
1064 480 3 8192 2.000050000 2
1064 1172 3 8192 2.000050000 2
1064 308 3 8192 2.000050000 2
1068 448 3 8192 2.000050000 2
1068 448 3 8192 2.000050000 2
1068 168 3 8192 2.000050000 2
1068 692 3 8192 2.000050000 2
1068 480 3 8192 2.000050000 2
1068 64 3 8192 2.000050000 2
1068 824 3 8192 2.000050000 2
1068 1000 3 8192 2.000050000 2
1076 448 3 8192 2.000050000 2
1076 448 3 8192 2.000050000 2
1076 512 3 8192 2.000050000 2
1076 916 3 8192 2.000050000 2
1076 176 3 8192 2.000050000 2
1076 748 3 8192 2.000050000 2
1076 240 3 8192 2.000050000 2
1076 516 3 8192 2.000050000 2
1080 448 3 8192 2.000050000 2
1080 448 3 8192 2.000050000 2
1080 244 3 8192 2.000050000 2
1080 460 3 8192 2.000050000 2
1080 56 3 8192 2.000050000 2
1080 900 3 8192 2.000050000 2
1080 544 3 8192 2.000050000 2
1080 672 3 8192 2.000050000 2
1084 448 3 8192 2.000050000 2
1084 448 3 8192 2.000050000 2
1084 516 3 8192 2.000050000 2
1084 96 3 8192 2.000050000 2
1084 120 3 8192 2.000050000 2
1084 192 3 8192 2.000050000 2
1084 840 3 8192 2.000050000 2
1084 40 3 8192 2.000050000 2
1088 448 3 8192 2.000050000 2
1088 448 3 8192 2.000050000 2
1088 1220 3 8192 2.000050000 2
1088 140 3 8192 2.000050000 2
1088 1172 3 8192 2.000050000 2
1088 464 3 8192 2.000050000 2
1088 1000 3 8192 2.000050000 2
1088 84 3 8192 2.000050000 2
1092 448 3 8192 2.000050000 2
1092 448 3 8192 2.000050000 2
1092 484 3 8192 2.000050000 2
1092 932 3 8192 2.000050000 2
1092 320 3 8192 2.000050000 2
1092 772 3 8192 2.000050000 2
1092 456 3 8192 2.000050000 2
1092 1184 3 8192 2.000050000 2
1096 448 3 8192 2.000050000 2
1096 448 3 8192 2.000050000 2
1096 368 3 8192 2.000050000 2
1096 1016 3 8192 2.000050000 2
1096 420 3 8192 2.000050000 2
1096 1112 3 8192 2.000050000 2
1096 868 3 8192 2.000050000 2
1096 640 3 8192 2.000050000 2
1100 448 3 8192 2.000050000 2
1100 448 3 8192 2.000050000 2
1100 1240 3 8192 2.000050000 2
1100 596 3 8192 2.000050000 2
1100 1112 3 8192 2.000050000 2
1100 720 3 8192 2.000050000 2
1100 816 3 8192 2.000050000 2
1100 1244 3 8192 2.000050000 2
1104 448 3 8192 2.000050000 2
1104 448 3 8192 2.000050000 2
1104 172 3 8192 2.000050000 2
1104 716 3 8192 2.000050000 2
1104 1116 3 8192 2.000050000 2
1104 820 3 8192 2.000050000 2
1104 668 3 8192 2.000050000 2
1104 84 3 8192 2.000050000 2
1108 448 3 8192 2.000050000 2
1108 448 3 8192 2.000050000 2
1108 628 3 8192 2.000050000 2
1108 1024 3 8192 2.000050000 2
1108 432 3 8192 2.000050000 2
1108 840 3 8192 2.000050000 2
1108 1064 3 8192 2.000050000 2
1108 64 3 8192 2.000050000 2
1112 448 3 8192 2.000050000 2
1112 448 3 8192 2.000050000 2
1112 768 3 8192 2.000050000 2
1112 916 3 8192 2.000050000 2
1112 400 3 8192 2.000050000 2
1112 1176 3 8192 2.000050000 2
1112 1012 3 8192 2.000050000 2
1112 80 3 8192 2.000050000 2
1116 448 3 8192 2.000050000 2
1116 448 3 8192 2.000050000 2
1116 420 3 8192 2.000050000 2
1116 616 3 8192 2.000050000 2
1116 932 3 8192 2.000050000 2
1116 1224 3 8192 2.000050000 2
1116 360 3 8192 2.000050000 2
1116 456 3 8192 2.000050000 2
1120 448 3 8192 2.000050000 2
1120 448 3 8192 2.000050000 2
1120 1264 3 8192 2.000050000 2
1120 528 3 8192 2.000050000 2
1120 336 3 8192 2.000050000 2
1120 992 3 8192 2.000050000 2
1120 680 3 8192 2.000050000 2
1120 1056 3 8192 2.000050000 2
1128 448 3 8192 2.000050000 2
1128 448 3 8192 2.000050000 2
1128 1020 3 8192 2.000050000 2
1128 272 3 8192 2.000050000 2
1128 148 3 8192 2.000050000 2
1128 284 3 8192 2.000050000 2
1128 556 3 8192 2.000050000 2
1128 164 3 8192 2.000050000 2
1132 448 3 8192 2.000050000 2
1132 448 3 8192 2.000050000 2
1132 892 3 8192 2.000050000 2
1132 76 3 8192 2.000050000 2
1132 1176 3 8192 2.000050000 2
1132 1180 3 8192 2.000050000 2
1132 428 3 8192 2.000050000 2
1132 1212 3 8192 2.000050000 2
1136 448 3 8192 2.000050000 2
1136 448 3 8192 2.000050000 2
1136 792 3 8192 2.000050000 2
1136 928 3 8192 2.000050000 2
1136 948 3 8192 2.000050000 2
1136 1228 3 8192 2.000050000 2
1136 984 3 8192 2.000050000 2
1136 1004 3 8192 2.000050000 2
1140 448 3 8192 2.000050000 2
1140 448 3 8192 2.000050000 2
1140 196 3 8192 2.000050000 2
1140 644 3 8192 2.000050000 2
1140 712 3 8192 2.000050000 2
1140 744 3 8192 2.000050000 2
1140 592 3 8192 2.000050000 2
1140 1168 3 8192 2.000050000 2
1144 448 3 8192 2.000050000 2
1144 448 3 8192 2.000050000 2
1144 344 3 8192 2.000050000 2
1144 592 3 8192 2.000050000 2
1144 1020 3 8192 2.000050000 2
1144 336 3 8192 2.000050000 2
1144 84 3 8192 2.000050000 2
1144 1172 3 8192 2.000050000 2
1148 448 3 8192 2.000050000 2
1148 448 3 8192 2.000050000 2
1148 1176 3 8192 2.000050000 2
1148 624 3 8192 2.000050000 2
1148 1188 3 8192 2.000050000 2
1148 452 3 8192 2.000050000 2
1148 140 3 8192 2.000050000 2
1148 424 3 8192 2.000050000 2
1152 448 3 8192 2.000050000 2
1152 448 3 8192 2.000050000 2
1152 544 3 8192 2.000050000 2
1152 1064 3 8192 2.000050000 2
1152 100 3 8192 2.000050000 2
1152 888 3 8192 2.000050000 2
1152 696 3 8192 2.000050000 2
1152 80 3 8192 2.000050000 2
1156 448 3 8192 2.000050000 2
1156 448 3 8192 2.000050000 2
1156 452 3 8192 2.000050000 2
1156 1040 3 8192 2.000050000 2
1156 1264 3 8192 2.000050000 2
1156 696 3 8192 2.000050000 2
1156 372 3 8192 2.000050000 2
1156 684 3 8192 2.000050000 2
1160 448 3 8192 2.000050000 2
1160 448 3 8192 2.000050000 2
1160 20 3 8192 2.000050000 2
1160 320 3 8192 2.000050000 2
1160 948 3 8192 2.000050000 2
1160 1128 3 8192 2.000050000 2
1160 536 3 8192 2.000050000 2
1160 764 3 8192 2.000050000 2
1164 448 3 8192 2.000050000 2
1164 448 3 8192 2.000050000 2
1164 320 3 8192 2.000050000 2
1164 892 3 8192 2.000050000 2
1164 1132 3 8192 2.000050000 2
1164 1012 3 8192 2.000050000 2
1164 1056 3 8192 2.000050000 2
1164 864 3 8192 2.000050000 2
1168 448 3 8192 2.000050000 2
1168 448 3 8192 2.000050000 2
1168 532 3 8192 2.000050000 2
1168 884 3 8192 2.000050000 2
1168 64 3 8192 2.000050000 2
1168 844 3 8192 2.000050000 2
1168 548 3 8192 2.000050000 2
1168 1212 3 8192 2.000050000 2
1172 448 3 8192 2.000050000 2
1172 448 3 8192 2.000050000 2
1172 640 3 8192 2.000050000 2
1172 464 3 8192 2.000050000 2
1172 360 3 8192 2.000050000 2
1172 848 3 8192 2.000050000 2
1172 556 3 8192 2.000050000 2
1172 1116 3 8192 2.000050000 2
1176 448 3 8192 2.000050000 2
1176 448 3 8192 2.000050000 2
1176 624 3 8192 2.000050000 2
1176 900 3 8192 2.000050000 2
1176 728 3 8192 2.000050000 2
1176 644 3 8192 2.000050000 2
1176 752 3 8192 2.000050000 2
1176 468 3 8192 2.000050000 2
1180 448 3 8192 2.000050000 2
1180 448 3 8192 2.000050000 2
1180 616 3 8192 2.000050000 2
1180 1000 3 8192 2.000050000 2
1180 408 3 8192 2.000050000 2
1180 544 3 8192 2.000050000 2
1180 304 3 8192 2.000050000 2
1180 268 3 8192 2.000050000 2
1184 448 3 8192 2.000050000 2
1184 448 3 8192 2.000050000 2
1184 252 3 8192 2.000050000 2
1184 1152 3 8192 2.000050000 2
1184 620 3 8192 2.000050000 2
1184 200 3 8192 2.000050000 2
1184 180 3 8192 2.000050000 2
1184 740 3 8192 2.000050000 2
1188 448 3 8192 2.000050000 2
1188 448 3 8192 2.000050000 2
1188 1212 3 8192 2.000050000 2
1188 1084 3 8192 2.000050000 2
1188 1208 3 8192 2.000050000 2
1188 288 3 8192 2.000050000 2
1188 724 3 8192 2.000050000 2
1188 136 3 8192 2.000050000 2
1192 448 3 8192 2.000050000 2
1192 448 3 8192 2.000050000 2
1192 984 3 8192 2.000050000 2
1192 1104 3 8192 2.000050000 2
1192 448 3 8192 2.000050000 2
1192 736 3 8192 2.000050000 2
1192 1020 3 8192 2.000050000 2
1192 932 3 8192 2.000050000 2
1196 448 3 8192 2.000050000 2
1196 448 3 8192 2.000050000 2
1196 828 3 8192 2.000050000 2
1196 908 3 8192 2.000050000 2
1196 236 3 8192 2.000050000 2
1196 16 3 8192 2.000050000 2
1196 1068 3 8192 2.000050000 2
1196 1032 3 8192 2.000050000 2
1200 448 3 8192 2.000050000 2
1200 448 3 8192 2.000050000 2
1200 788 3 8192 2.000050000 2
1200 928 3 8192 2.000050000 2
1200 544 3 8192 2.000050000 2
1200 312 3 8192 2.000050000 2
1200 236 3 8192 2.000050000 2
1200 132 3 8192 2.000050000 2
1208 448 3 8192 2.000050000 2
1208 448 3 8192 2.000050000 2
1208 1132 3 8192 2.000050000 2
1208 108 3 8192 2.000050000 2
1208 532 3 8192 2.000050000 2
1208 220 3 8192 2.000050000 2
1208 652 3 8192 2.000050000 2
1208 448 3 8192 2.000050000 2
1212 448 3 8192 2.000050000 2
1212 448 3 8192 2.000050000 2
1212 156 3 8192 2.000050000 2
1212 616 3 8192 2.000050000 2
1212 364 3 8192 2.000050000 2
1212 1128 3 8192 2.000050000 2
1212 792 3 8192 2.000050000 2
1212 1244 3 8192 2.000050000 2
1216 448 3 8192 2.000050000 2
1216 448 3 8192 2.000050000 2
1216 916 3 8192 2.000050000 2
1216 556 3 8192 2.000050000 2
1216 344 3 8192 2.000050000 2
1216 1212 3 8192 2.000050000 2
1216 764 3 8192 2.000050000 2
1216 1068 3 8192 2.000050000 2
1220 448 3 8192 2.000050000 2
1220 448 3 8192 2.000050000 2
1220 1244 3 8192 2.000050000 2
1220 1108 3 8192 2.000050000 2
1220 880 3 8192 2.000050000 2
1220 56 3 8192 2.000050000 2
1220 12 3 8192 2.000050000 2
1220 920 3 8192 2.000050000 2
1224 448 3 8192 2.000050000 2
1224 448 3 8192 2.000050000 2
1224 1188 3 8192 2.000050000 2
1224 436 3 8192 2.000050000 2
1224 1176 3 8192 2.000050000 2
1224 284 3 8192 2.000050000 2
1224 1140 3 8192 2.000050000 2
1224 484 3 8192 2.000050000 2
1228 448 3 8192 2.000050000 2
1228 448 3 8192 2.000050000 2
1228 588 3 8192 2.000050000 2
1228 948 3 8192 2.000050000 2
1228 1000 3 8192 2.000050000 2
1228 648 3 8192 2.000050000 2
1228 184 3 8192 2.000050000 2
1228 1172 3 8192 2.000050000 2
1236 448 3 8192 2.000050000 2
1236 448 3 8192 2.000050000 2
1236 1024 3 8192 2.000050000 2
1236 536 3 8192 2.000050000 2
1236 668 3 8192 2.000050000 2
1236 464 3 8192 2.000050000 2
1236 1120 3 8192 2.000050000 2
1236 0 3 8192 2.000050000 2
1240 448 3 8192 2.000050000 2
1240 448 3 8192 2.000050000 2
1240 428 3 8192 2.000050000 2
1240 824 3 8192 2.000050000 2
1240 864 3 8192 2.000050000 2
1240 724 3 8192 2.000050000 2
1240 84 3 8192 2.000050000 2
1240 1264 3 8192 2.000050000 2
1244 448 3 8192 2.000050000 2
1244 448 3 8192 2.000050000 2
1244 1228 3 8192 2.000050000 2
1244 456 3 8192 2.000050000 2
1244 572 3 8192 2.000050000 2
1244 288 3 8192 2.000050000 2
1244 176 3 8192 2.000050000 2
1244 908 3 8192 2.000050000 2
1256 448 3 8192 2.000050000 2
1256 448 3 8192 2.000050000 2
1256 1224 3 8192 2.000050000 2
1256 988 3 8192 2.000050000 2
1256 1164 3 8192 2.000050000 2
1256 436 3 8192 2.000050000 2
1256 1220 3 8192 2.000050000 2
1256 924 3 8192 2.000050000 2
1264 448 3 8192 2.000050000 2
1264 448 3 8192 2.000050000 2
1264 464 3 8192 2.000050000 2
1264 108 3 8192 2.000050000 2
1264 484 3 8192 2.000050000 2
1264 1236 3 8192 2.000050000 2
1264 1192 3 8192 2.000050000 2
1264 652 3 8192 2.000050000 2
1268 448 3 8192 2.000050000 2
1268 448 3 8192 2.000050000 2
1268 1216 3 8192 2.000050000 2
1268 1276 3 8192 2.000050000 2
1268 12 3 8192 2.000050000 2
1268 20 3 8192 2.000050000 2
1268 1152 3 8192 2.000050000 2
1268 60 3 8192 2.000050000 2
1276 448 3 8192 2.000050000 2
1276 448 3 8192 2.000050000 2
1276 108 3 8192 2.000050000 2
1276 212 3 8192 2.000050000 2
1276 308 3 8192 2.000050000 2
1276 1008 3 8192 2.000050000 2
1276 228 3 8192 2.000050000 2
1276 408 3 8192 2.000050000 2
0 448 3 8192 2.000100000 2
0 448 3 8192 2.000100000 2
0 652 3 8192 2.000100000 2
0 112 3 8192 2.000100000 2
0 900 3 8192 2.000100000 2
0 816 3 8192 2.000100000 2
0 388 3 8192 2.000100000 2
0 924 3 8192 2.000100000 2
8 448 3 8192 2.000100000 2
8 448 3 8192 2.000100000 2
8 196 3 8192 2.000100000 2
8 32 3 8192 2.000100000 2
8 324 3 8192 2.000100000 2
8 384 3 8192 2.000100000 2
8 260 3 8192 2.000100000 2
8 404 3 8192 2.000100000 2
12 448 3 8192 2.000100000 2
12 448 3 8192 2.000100000 2
12 1096 3 8192 2.000100000 2
12 1076 3 8192 2.000100000 2
12 764 3 8192 2.000100000 2
12 1032 3 8192 2.000100000 2
12 364 3 8192 2.000100000 2
12 804 3 8192 2.000100000 2
16 448 3 8192 2.000100000 2
16 448 3 8192 2.000100000 2
16 828 3 8192 2.000100000 2
16 1020 3 8192 2.000100000 2
16 380 3 8192 2.000100000 2
16 816 3 8192 2.000100000 2
16 200 3 8192 2.000100000 2
16 120 3 8192 2.000100000 2
20 448 3 8192 2.000100000 2
20 448 3 8192 2.000100000 2
20 1196 3 8192 2.000100000 2
20 808 3 8192 2.000100000 2
20 652 3 8192 2.000100000 2
20 404 3 8192 2.000100000 2
20 0 3 8192 2.000100000 2
20 508 3 8192 2.000100000 2
28 448 3 8192 2.000100000 2
28 448 3 8192 2.000100000 2
28 156 3 8192 2.000100000 2
28 756 3 8192 2.000100000 2
28 360 3 8192 2.000100000 2
28 1196 3 8192 2.000100000 2
28 932 3 8192 2.000100000 2
28 364 3 8192 2.000100000 2
32 448 3 8192 2.000100000 2
32 448 3 8192 2.000100000 2
32 808 3 8192 2.000100000 2
32 556 3 8192 2.000100000 2
32 1144 3 8192 2.000100000 2
32 1216 3 8192 2.000100000 2
32 16 3 8192 2.000100000 2
32 1164 3 8192 2.000100000 2
40 448 3 8192 2.000100000 2
40 448 3 8192 2.000100000 2
40 268 3 8192 2.000100000 2
40 804 3 8192 2.000100000 2
40 1056 3 8192 2.000100000 2
40 1152 3 8192 2.000100000 2
40 160 3 8192 2.000100000 2
40 684 3 8192 2.000100000 2
44 448 3 8192 2.000100000 2
44 448 3 8192 2.000100000 2
44 916 3 8192 2.000100000 2
44 252 3 8192 2.000100000 2
44 832 3 8192 2.000100000 2
44 908 3 8192 2.000100000 2
44 428 3 8192 2.000100000 2
44 1256 3 8192 2.000100000 2
48 448 3 8192 2.000100000 2
48 448 3 8192 2.000100000 2
48 1236 3 8192 2.000100000 2
48 1192 3 8192 2.000100000 2
48 376 3 8192 2.000100000 2
48 676 3 8192 2.000100000 2
48 528 3 8192 2.000100000 2
48 1004 3 8192 2.000100000 2
52 448 3 8192 2.000100000 2
52 448 3 8192 2.000100000 2
52 1256 3 8192 2.000100000 2
52 676 3 8192 2.000100000 2
52 168 3 8192 2.000100000 2
52 272 3 8192 2.000100000 2
52 848 3 8192 2.000100000 2
52 404 3 8192 2.000100000 2
56 448 3 8192 2.000100000 2
56 448 3 8192 2.000100000 2
56 512 3 8192 2.000100000 2
56 284 3 8192 2.000100000 2
56 304 3 8192 2.000100000 2
56 100 3 8192 2.000100000 2
56 920 3 8192 2.000100000 2
56 1168 3 8192 2.000100000 2
60 448 3 8192 2.000100000 2
60 448 3 8192 2.000100000 2
60 120 3 8192 2.000100000 2
60 272 3 8192 2.000100000 2
60 76 3 8192 2.000100000 2
60 596 3 8192 2.000100000 2
60 64 3 8192 2.000100000 2
60 888 3 8192 2.000100000 2
64 448 3 8192 2.000100000 2
64 448 3 8192 2.000100000 2
64 236 3 8192 2.000100000 2
64 200 3 8192 2.000100000 2
64 564 3 8192 2.000100000 2
64 512 3 8192 2.000100000 2
64 888 3 8192 2.000100000 2
64 964 3 8192 2.000100000 2
76 448 3 8192 2.000100000 2
76 448 3 8192 2.000100000 2
76 860 3 8192 2.000100000 2
76 1276 3 8192 2.000100000 2
76 488 3 8192 2.000100000 2
76 696 3 8192 2.000100000 2
76 452 3 8192 2.000100000 2
76 64 3 8192 2.000100000 2
80 448 3 8192 2.000100000 2
80 448 3 8192 2.000100000 2
80 612 3 8192 2.000100000 2
80 628 3 8192 2.000100000 2
80 276 3 8192 2.000100000 2
80 588 3 8192 2.000100000 2
80 1000 3 8192 2.000100000 2
80 432 3 8192 2.000100000 2
84 448 3 8192 2.000100000 2
84 448 3 8192 2.000100000 2
84 496 3 8192 2.000100000 2
84 96 3 8192 2.000100000 2
84 580 3 8192 2.000100000 2
84 20 3 8192 2.000100000 2
84 148 3 8192 2.000100000 2
84 612 3 8192 2.000100000 2
88 448 3 8192 2.000100000 2
88 448 3 8192 2.000100000 2
88 268 3 8192 2.000100000 2
88 444 3 8192 2.000100000 2
88 192 3 8192 2.000100000 2
88 744 3 8192 2.000100000 2
88 196 3 8192 2.000100000 2
88 172 3 8192 2.000100000 2
92 448 3 8192 2.000100000 2
92 448 3 8192 2.000100000 2
92 428 3 8192 2.000100000 2
92 44 3 8192 2.000100000 2
92 32 3 8192 2.000100000 2
92 52 3 8192 2.000100000 2
92 756 3 8192 2.000100000 2
92 564 3 8192 2.000100000 2
96 448 3 8192 2.000100000 2
96 448 3 8192 2.000100000 2
96 860 3 8192 2.000100000 2
96 1056 3 8192 2.000100000 2
96 100 3 8192 2.000100000 2
96 652 3 8192 2.000100000 2
96 776 3 8192 2.000100000 2
96 1168 3 8192 2.000100000 2
100 448 3 8192 2.000100000 2
100 448 3 8192 2.000100000 2
100 372 3 8192 2.000100000 2
100 360 3 8192 2.000100000 2
100 344 3 8192 2.000100000 2
100 1060 3 8192 2.000100000 2
100 448 3 8192 2.000100000 2
100 1064 3 8192 2.000100000 2
104 448 3 8192 2.000100000 2
104 448 3 8192 2.000100000 2
104 616 3 8192 2.000100000 2
104 1008 3 8192 2.000100000 2
104 580 3 8192 2.000100000 2
104 632 3 8192 2.000100000 2
104 320 3 8192 2.000100000 2
104 704 3 8192 2.000100000 2
108 448 3 8192 2.000100000 2
108 448 3 8192 2.000100000 2
108 272 3 8192 2.000100000 2
108 120 3 8192 2.000100000 2
108 1040 3 8192 2.000100000 2
108 48 3 8192 2.000100000 2
108 1208 3 8192 2.000100000 2
108 1256 3 8192 2.000100000 2
112 448 3 8192 2.000100000 2
112 448 3 8192 2.000100000 2
112 968 3 8192 2.000100000 2
112 312 3 8192 2.000100000 2
112 288 3 8192 2.000100000 2
112 276 3 8192 2.000100000 2
112 0 3 8192 2.000100000 2
112 56 3 8192 2.000100000 2
120 448 3 8192 2.000100000 2
120 448 3 8192 2.000100000 2
120 948 3 8192 2.000100000 2
120 176 3 8192 2.000100000 2
120 720 3 8192 2.000100000 2
120 1088 3 8192 2.000100000 2
120 644 3 8192 2.000100000 2
120 1212 3 8192 2.000100000 2
132 448 3 8192 2.000100000 2
132 448 3 8192 2.000100000 2
132 0 3 8192 2.000100000 2
132 820 3 8192 2.000100000 2
132 1188 3 8192 2.000100000 2
132 576 3 8192 2.000100000 2
132 332 3 8192 2.000100000 2
132 480 3 8192 2.000100000 2
136 448 3 8192 2.000100000 2
136 448 3 8192 2.000100000 2
136 648 3 8192 2.000100000 2
136 820 3 8192 2.000100000 2
136 672 3 8192 2.000100000 2
136 240 3 8192 2.000100000 2
136 1012 3 8192 2.000100000 2
136 1188 3 8192 2.000100000 2
140 448 3 8192 2.000100000 2
140 448 3 8192 2.000100000 2
140 700 3 8192 2.000100000 2
140 856 3 8192 2.000100000 2
140 200 3 8192 2.000100000 2
140 168 3 8192 2.000100000 2
140 40 3 8192 2.000100000 2
140 216 3 8192 2.000100000 2
148 448 3 8192 2.000100000 2
148 448 3 8192 2.000100000 2
148 592 3 8192 2.000100000 2
148 44 3 8192 2.000100000 2
148 600 3 8192 2.000100000 2
148 1104 3 8192 2.000100000 2
148 752 3 8192 2.000100000 2
148 380 3 8192 2.000100000 2
156 448 3 8192 2.000100000 2
156 448 3 8192 2.000100000 2
156 584 3 8192 2.000100000 2
156 160 3 8192 2.000100000 2
156 1156 3 8192 2.000100000 2
156 752 3 8192 2.000100000 2
156 720 3 8192 2.000100000 2
156 592 3 8192 2.000100000 2
160 448 3 8192 2.000100000 2
160 448 3 8192 2.000100000 2
160 780 3 8192 2.000100000 2
160 172 3 8192 2.000100000 2
160 240 3 8192 2.000100000 2
160 20 3 8192 2.000100000 2
160 236 3 8192 2.000100000 2
160 168 3 8192 2.000100000 2
164 448 3 8192 2.000100000 2
164 448 3 8192 2.000100000 2
164 532 3 8192 2.000100000 2
164 508 3 8192 2.000100000 2
164 320 3 8192 2.000100000 2
164 196 3 8192 2.000100000 2
164 200 3 8192 2.000100000 2
164 168 3 8192 2.000100000 2
168 448 3 8192 2.000100000 2
168 448 3 8192 2.000100000 2
168 104 3 8192 2.000100000 2
168 136 3 8192 2.000100000 2
168 756 3 8192 2.000100000 2
168 132 3 8192 2.000100000 2
168 724 3 8192 2.000100000 2
168 108 3 8192 2.000100000 2
172 448 3 8192 2.000100000 2
172 448 3 8192 2.000100000 2
172 288 3 8192 2.000100000 2
172 200 3 8192 2.000100000 2
172 308 3 8192 2.000100000 2
172 196 3 8192 2.000100000 2
172 108 3 8192 2.000100000 2
172 580 3 8192 2.000100000 2
176 448 3 8192 2.000100000 2
176 448 3 8192 2.000100000 2
176 580 3 8192 2.000100000 2
176 100 3 8192 2.000100000 2
176 1152 3 8192 2.000100000 2
176 800 3 8192 2.000100000 2
176 840 3 8192 2.000100000 2
176 1064 3 8192 2.000100000 2
180 448 3 8192 2.000100000 2
180 448 3 8192 2.000100000 2
180 452 3 8192 2.000100000 2
180 528 3 8192 2.000100000 2
180 680 3 8192 2.000100000 2
180 1268 3 8192 2.000100000 2
180 724 3 8192 2.000100000 2
180 176 3 8192 2.000100000 2
184 448 3 8192 2.000100000 2
184 448 3 8192 2.000100000 2
184 76 3 8192 2.000100000 2
184 804 3 8192 2.000100000 2
184 988 3 8192 2.000100000 2
184 284 3 8192 2.000100000 2
184 1040 3 8192 2.000100000 2
184 1172 3 8192 2.000100000 2
188 448 3 8192 2.000100000 2
188 448 3 8192 2.000100000 2
188 984 3 8192 2.000100000 2
188 840 3 8192 2.000100000 2
188 988 3 8192 2.000100000 2
188 320 3 8192 2.000100000 2
188 64 3 8192 2.000100000 2
188 1208 3 8192 2.000100000 2
192 448 3 8192 2.000100000 2
192 448 3 8192 2.000100000 2
192 156 3 8192 2.000100000 2
192 1132 3 8192 2.000100000 2
192 108 3 8192 2.000100000 2
192 692 3 8192 2.000100000 2
192 260 3 8192 2.000100000 2
192 1128 3 8192 2.000100000 2
196 448 3 8192 2.000100000 2
196 448 3 8192 2.000100000 2
196 132 3 8192 2.000100000 2
196 644 3 8192 2.000100000 2
196 1188 3 8192 2.000100000 2
196 228 3 8192 2.000100000 2
196 580 3 8192 2.000100000 2
196 92 3 8192 2.000100000 2
200 448 3 8192 2.000100000 2
200 448 3 8192 2.000100000 2
200 704 3 8192 2.000100000 2
200 180 3 8192 2.000100000 2
200 340 3 8192 2.000100000 2
200 1100 3 8192 2.000100000 2
200 428 3 8192 2.000100000 2
200 964 3 8192 2.000100000 2
212 448 3 8192 2.000100000 2
212 448 3 8192 2.000100000 2
212 1168 3 8192 2.000100000 2
212 372 3 8192 2.000100000 2
212 444 3 8192 2.000100000 2
212 740 3 8192 2.000100000 2
212 924 3 8192 2.000100000 2
212 1268 3 8192 2.000100000 2
216 448 3 8192 2.000100000 2
216 448 3 8192 2.000100000 2
216 548 3 8192 2.000100000 2
216 772 3 8192 2.000100000 2
216 884 3 8192 2.000100000 2
216 76 3 8192 2.000100000 2
216 1228 3 8192 2.000100000 2
216 792 3 8192 2.000100000 2
220 448 3 8192 2.000100000 2
220 448 3 8192 2.000100000 2
220 1212 3 8192 2.000100000 2
220 988 3 8192 2.000100000 2
220 308 3 8192 2.000100000 2
220 460 3 8192 2.000100000 2
220 64 3 8192 2.000100000 2
220 948 3 8192 2.000100000 2
228 448 3 8192 2.000100000 2
228 448 3 8192 2.000100000 2
228 676 3 8192 2.000100000 2
228 132 3 8192 2.000100000 2
228 300 3 8192 2.000100000 2
228 424 3 8192 2.000100000 2
228 952 3 8192 2.000100000 2
228 580 3 8192 2.000100000 2
232 448 3 8192 2.000100000 2
232 448 3 8192 2.000100000 2
232 644 3 8192 2.000100000 2
232 580 3 8192 2.000100000 2
232 372 3 8192 2.000100000 2
232 1104 3 8192 2.000100000 2
232 768 3 8192 2.000100000 2
232 220 3 8192 2.000100000 2
236 448 3 8192 2.000100000 2
236 448 3 8192 2.000100000 2
236 704 3 8192 2.000100000 2
236 1152 3 8192 2.000100000 2
236 200 3 8192 2.000100000 2
236 1016 3 8192 2.000100000 2
236 1104 3 8192 2.000100000 2
236 864 3 8192 2.000100000 2
240 448 3 8192 2.000100000 2
240 448 3 8192 2.000100000 2
240 556 3 8192 2.000100000 2
240 276 3 8192 2.000100000 2
240 156 3 8192 2.000100000 2
240 216 3 8192 2.000100000 2
240 728 3 8192 2.000100000 2
240 436 3 8192 2.000100000 2
244 448 3 8192 2.000100000 2
244 448 3 8192 2.000100000 2
244 904 3 8192 2.000100000 2
244 184 3 8192 2.000100000 2
244 216 3 8192 2.000100000 2
244 1148 3 8192 2.000100000 2
244 388 3 8192 2.000100000 2
244 432 3 8192 2.000100000 2
248 448 3 8192 2.000100000 2
248 448 3 8192 2.000100000 2
248 836 3 8192 2.000100000 2
248 336 3 8192 2.000100000 2
248 856 3 8192 2.000100000 2
248 16 3 8192 2.000100000 2
248 728 3 8192 2.000100000 2
248 1188 3 8192 2.000100000 2
252 448 3 8192 2.000100000 2
252 448 3 8192 2.000100000 2
252 1104 3 8192 2.000100000 2
252 1156 3 8192 2.000100000 2
252 744 3 8192 2.000100000 2
252 556 3 8192 2.000100000 2
252 400 3 8192 2.000100000 2
252 88 3 8192 2.000100000 2
260 448 3 8192 2.000100000 2
260 448 3 8192 2.000100000 2
260 712 3 8192 2.000100000 2
260 852 3 8192 2.000100000 2
260 996 3 8192 2.000100000 2
260 1040 3 8192 2.000100000 2
260 832 3 8192 2.000100000 2
260 904 3 8192 2.000100000 2
268 448 3 8192 2.000100000 2
268 448 3 8192 2.000100000 2
268 924 3 8192 2.000100000 2
268 748 3 8192 2.000100000 2
268 900 3 8192 2.000100000 2
268 1148 3 8192 2.000100000 2
268 248 3 8192 2.000100000 2
268 928 3 8192 2.000100000 2
272 448 3 8192 2.000100000 2
272 448 3 8192 2.000100000 2
272 536 3 8192 2.000100000 2
272 64 3 8192 2.000100000 2
272 940 3 8192 2.000100000 2
272 692 3 8192 2.000100000 2
272 448 3 8192 2.000100000 2
272 632 3 8192 2.000100000 2
276 448 3 8192 2.000100000 2
276 448 3 8192 2.000100000 2
276 16 3 8192 2.000100000 2
276 484 3 8192 2.000100000 2
276 572 3 8192 2.000100000 2
276 76 3 8192 2.000100000 2
276 1108 3 8192 2.000100000 2
276 592 3 8192 2.000100000 2
284 448 3 8192 2.000100000 2
284 448 3 8192 2.000100000 2
284 808 3 8192 2.000100000 2
284 548 3 8192 2.000100000 2
284 1148 3 8192 2.000100000 2
284 752 3 8192 2.000100000 2
284 460 3 8192 2.000100000 2
284 720 3 8192 2.000100000 2
288 448 3 8192 2.000100000 2
288 448 3 8192 2.000100000 2
288 824 3 8192 2.000100000 2
288 1048 3 8192 2.000100000 2
288 916 3 8192 2.000100000 2
288 416 3 8192 2.000100000 2
288 1084 3 8192 2.000100000 2
288 696 3 8192 2.000100000 2
300 448 3 8192 2.000100000 2
300 448 3 8192 2.000100000 2
300 272 3 8192 2.000100000 2
300 1196 3 8192 2.000100000 2
300 964 3 8192 2.000100000 2
300 28 3 8192 2.000100000 2
300 1168 3 8192 2.000100000 2
300 516 3 8192 2.000100000 2
304 448 3 8192 2.000100000 2
304 448 3 8192 2.000100000 2
304 8 3 8192 2.000100000 2
304 1176 3 8192 2.000100000 2
304 1080 3 8192 2.000100000 2
304 1032 3 8192 2.000100000 2
304 684 3 8192 2.000100000 2
304 1172 3 8192 2.000100000 2
308 448 3 8192 2.000100000 2
308 448 3 8192 2.000100000 2
308 780 3 8192 2.000100000 2
308 1112 3 8192 2.000100000 2
308 612 3 8192 2.000100000 2
308 132 3 8192 2.000100000 2
308 556 3 8192 2.000100000 2
308 1264 3 8192 2.000100000 2
312 448 3 8192 2.000100000 2
312 448 3 8192 2.000100000 2
312 828 3 8192 2.000100000 2
312 188 3 8192 2.000100000 2
312 56 3 8192 2.000100000 2
312 192 3 8192 2.000100000 2
312 1020 3 8192 2.000100000 2
312 1008 3 8192 2.000100000 2
320 448 3 8192 2.000100000 2
320 448 3 8192 2.000100000 2
320 188 3 8192 2.000100000 2
320 1032 3 8192 2.000100000 2
320 336 3 8192 2.000100000 2
320 1216 3 8192 2.000100000 2
320 372 3 8192 2.000100000 2
320 948 3 8192 2.000100000 2
324 448 3 8192 2.000100000 2
324 448 3 8192 2.000100000 2
324 136 3 8192 2.000100000 2
324 612 3 8192 2.000100000 2
324 1188 3 8192 2.000100000 2
324 724 3 8192 2.000100000 2
324 896 3 8192 2.000100000 2
324 308 3 8192 2.000100000 2
332 448 3 8192 2.000100000 2
332 448 3 8192 2.000100000 2
332 8 3 8192 2.000100000 2
332 704 3 8192 2.000100000 2
332 336 3 8192 2.000100000 2
332 84 3 8192 2.000100000 2
332 1268 3 8192 2.000100000 2
332 460 3 8192 2.000100000 2
336 448 3 8192 2.000100000 2
336 448 3 8192 2.000100000 2
336 332 3 8192 2.000100000 2
336 716 3 8192 2.000100000 2
336 32 3 8192 2.000100000 2
336 556 3 8192 2.000100000 2
336 852 3 8192 2.000100000 2
336 528 3 8192 2.000100000 2
340 448 3 8192 2.000100000 2
340 448 3 8192 2.000100000 2
340 1148 3 8192 2.000100000 2
340 668 3 8192 2.000100000 2
340 364 3 8192 2.000100000 2
340 992 3 8192 2.000100000 2
340 284 3 8192 2.000100000 2
340 1116 3 8192 2.000100000 2
344 448 3 8192 2.000100000 2
344 448 3 8192 2.000100000 2
344 496 3 8192 2.000100000 2
344 460 3 8192 2.000100000 2
344 304 3 8192 2.000100000 2
344 584 3 8192 2.000100000 2
344 1020 3 8192 2.000100000 2
344 1056 3 8192 2.000100000 2
360 448 3 8192 2.000100000 2
360 448 3 8192 2.000100000 2
360 744 3 8192 2.000100000 2
360 1104 3 8192 2.000100000 2
360 1088 3 8192 2.000100000 2
360 584 3 8192 2.000100000 2
360 824 3 8192 2.000100000 2
360 196 3 8192 2.000100000 2
364 448 3 8192 2.000100000 2
364 448 3 8192 2.000100000 2
364 184 3 8192 2.000100000 2
364 16 3 8192 2.000100000 2
364 1012 3 8192 2.000100000 2
364 1008 3 8192 2.000100000 2
364 1116 3 8192 2.000100000 2
364 952 3 8192 2.000100000 2
368 448 3 8192 2.000100000 2
368 448 3 8192 2.000100000 2
368 1176 3 8192 2.000100000 2
368 80 3 8192 2.000100000 2
368 964 3 8192 2.000100000 2
368 932 3 8192 2.000100000 2
368 1096 3 8192 2.000100000 2
368 404 3 8192 2.000100000 2
372 448 3 8192 2.000100000 2
372 448 3 8192 2.000100000 2
372 96 3 8192 2.000100000 2
372 620 3 8192 2.000100000 2
372 1156 3 8192 2.000100000 2
372 584 3 8192 2.000100000 2
372 808 3 8192 2.000100000 2
372 512 3 8192 2.000100000 2
376 448 3 8192 2.000100000 2
376 448 3 8192 2.000100000 2
376 776 3 8192 2.000100000 2
376 632 3 8192 2.000100000 2
376 840 3 8192 2.000100000 2
376 1220 3 8192 2.000100000 2
376 340 3 8192 2.000100000 2
376 868 3 8192 2.000100000 2
380 448 3 8192 2.000100000 2
380 448 3 8192 2.000100000 2
380 792 3 8192 2.000100000 2
380 968 3 8192 2.000100000 2
380 836 3 8192 2.000100000 2
380 832 3 8192 2.000100000 2
380 8 3 8192 2.000100000 2
380 616 3 8192 2.000100000 2
384 448 3 8192 2.000100000 2
384 448 3 8192 2.000100000 2
384 60 3 8192 2.000100000 2
384 484 3 8192 2.000100000 2
384 952 3 8192 2.000100000 2
384 1180 3 8192 2.000100000 2
384 816 3 8192 2.000100000 2
384 528 3 8192 2.000100000 2
388 448 3 8192 2.000100000 2
388 448 3 8192 2.000100000 2
388 468 3 8192 2.000100000 2
388 332 3 8192 2.000100000 2
388 312 3 8192 2.000100000 2
388 532 3 8192 2.000100000 2
388 260 3 8192 2.000100000 2
388 924 3 8192 2.000100000 2
400 448 3 8192 2.000100000 2
400 448 3 8192 2.000100000 2
400 1012 3 8192 2.000100000 2
400 340 3 8192 2.000100000 2
400 616 3 8192 2.000100000 2
400 0 3 8192 2.000100000 2
400 1100 3 8192 2.000100000 2
400 312 3 8192 2.000100000 2
404 448 3 8192 2.000100000 2
404 448 3 8192 2.000100000 2
404 1008 3 8192 2.000100000 2
404 560 3 8192 2.000100000 2
404 96 3 8192 2.000100000 2
404 1084 3 8192 2.000100000 2
404 576 3 8192 2.000100000 2
404 1152 3 8192 2.000100000 2
408 448 3 8192 2.000100000 2
408 448 3 8192 2.000100000 2
408 196 3 8192 2.000100000 2
408 132 3 8192 2.000100000 2
408 56 3 8192 2.000100000 2
408 276 3 8192 2.000100000 2
408 1004 3 8192 2.000100000 2
408 484 3 8192 2.000100000 2
416 448 3 8192 2.000100000 2
416 448 3 8192 2.000100000 2
416 556 3 8192 2.000100000 2
416 1264 3 8192 2.000100000 2
416 1176 3 8192 2.000100000 2
416 368 3 8192 2.000100000 2
416 720 3 8192 2.000100000 2
416 228 3 8192 2.000100000 2
420 448 3 8192 2.000100000 2
420 448 3 8192 2.000100000 2
420 300 3 8192 2.000100000 2
420 228 3 8192 2.000100000 2
420 508 3 8192 2.000100000 2
420 468 3 8192 2.000100000 2
420 1132 3 8192 2.000100000 2
420 176 3 8192 2.000100000 2
424 448 3 8192 2.000100000 2
424 448 3 8192 2.000100000 2
424 720 3 8192 2.000100000 2
424 816 3 8192 2.000100000 2
424 244 3 8192 2.000100000 2
424 192 3 8192 2.000100000 2
424 1032 3 8192 2.000100000 2
424 732 3 8192 2.000100000 2
428 448 3 8192 2.000100000 2
428 448 3 8192 2.000100000 2
428 1100 3 8192 2.000100000 2
428 320 3 8192 2.000100000 2
428 216 3 8192 2.000100000 2
428 556 3 8192 2.000100000 2
428 1024 3 8192 2.000100000 2
428 148 3 8192 2.000100000 2
432 448 3 8192 2.000100000 2
432 448 3 8192 2.000100000 2
432 344 3 8192 2.000100000 2
432 164 3 8192 2.000100000 2
432 288 3 8192 2.000100000 2
432 92 3 8192 2.000100000 2
432 684 3 8192 2.000100000 2
432 340 3 8192 2.000100000 2
436 448 3 8192 2.000100000 2
436 448 3 8192 2.000100000 2
436 344 3 8192 2.000100000 2
436 992 3 8192 2.000100000 2
436 100 3 8192 2.000100000 2
436 616 3 8192 2.000100000 2
436 1180 3 8192 2.000100000 2
436 192 3 8192 2.000100000 2
444 448 3 8192 2.000100000 2
444 448 3 8192 2.000100000 2
444 764 3 8192 2.000100000 2
444 1100 3 8192 2.000100000 2
444 1084 3 8192 2.000100000 2
444 1224 3 8192 2.000100000 2
444 1012 3 8192 2.000100000 2
444 1160 3 8192 2.000100000 2
448 476 3 8192 2.000100000 2
448 464 3 8192 2.000100000 2
448 1064 3 8192 2.000100000 2
448 332 3 8192 2.000100000 2
448 508 3 8192 2.000100000 2
448 456 3 8192 2.000100000 2
448 112 3 8192 2.000100000 2
448 368 3 8192 2.000100000 2
452 448 3 8192 2.000100000 2
452 448 3 8192 2.000100000 2
452 1036 3 8192 2.000100000 2
452 868 3 8192 2.000100000 2
452 924 3 8192 2.000100000 2
452 640 3 8192 2.000100000 2
452 1200 3 8192 2.000100000 2
452 64 3 8192 2.000100000 2
456 448 3 8192 2.000100000 2
456 448 3 8192 2.000100000 2
456 1136 3 8192 2.000100000 2
456 672 3 8192 2.000100000 2
456 580 3 8192 2.000100000 2
456 200 3 8192 2.000100000 2
456 868 3 8192 2.000100000 2
456 732 3 8192 2.000100000 2
460 448 3 8192 2.000100000 2
460 448 3 8192 2.000100000 2
460 484 3 8192 2.000100000 2
460 304 3 8192 2.000100000 2
460 1132 3 8192 2.000100000 2
460 236 3 8192 2.000100000 2
460 480 3 8192 2.000100000 2
460 1128 3 8192 2.000100000 2
464 448 3 8192 2.000100000 2
464 448 3 8192 2.000100000 2
464 516 3 8192 2.000100000 2
464 1020 3 8192 2.000100000 2
464 200 3 8192 2.000100000 2
464 312 3 8192 2.000100000 2
464 616 3 8192 2.000100000 2
464 800 3 8192 2.000100000 2
468 448 3 8192 2.000100000 2
468 448 3 8192 2.000100000 2
468 780 3 8192 2.000100000 2
468 1176 3 8192 2.000100000 2
468 1236 3 8192 2.000100000 2
468 1196 3 8192 2.000100000 2
468 372 3 8192 2.000100000 2
468 368 3 8192 2.000100000 2
476 448 3 8192 2.000100000 2
476 448 3 8192 2.000100000 2
476 948 3 8192 2.000100000 2
476 432 3 8192 2.000100000 2
476 820 3 8192 2.000100000 2
476 588 3 8192 2.000100000 2
476 320 3 8192 2.000100000 2
476 704 3 8192 2.000100000 2
480 448 3 8192 2.000100000 2
480 448 3 8192 2.000100000 2
480 272 3 8192 2.000100000 2
480 1212 3 8192 2.000100000 2
480 1056 3 8192 2.000100000 2
480 248 3 8192 2.000100000 2
480 16 3 8192 2.000100000 2
480 772 3 8192 2.000100000 2
484 448 3 8192 2.000100000 2
484 448 3 8192 2.000100000 2
484 1160 3 8192 2.000100000 2
484 1008 3 8192 2.000100000 2
484 476 3 8192 2.000100000 2
484 468 3 8192 2.000100000 2
484 824 3 8192 2.000100000 2
484 864 3 8192 2.000100000 2
488 448 3 8192 2.000100000 2
488 448 3 8192 2.000100000 2
488 628 3 8192 2.000100000 2
488 808 3 8192 2.000100000 2
488 916 3 8192 2.000100000 2
488 776 3 8192 2.000100000 2
488 1016 3 8192 2.000100000 2
488 572 3 8192 2.000100000 2
496 448 3 8192 2.000100000 2
496 448 3 8192 2.000100000 2
496 388 3 8192 2.000100000 2
496 832 3 8192 2.000100000 2
496 800 3 8192 2.000100000 2
496 28 3 8192 2.000100000 2
496 748 3 8192 2.000100000 2
496 184 3 8192 2.000100000 2
500 448 3 8192 2.000100000 2
500 448 3 8192 2.000100000 2
500 1000 3 8192 2.000100000 2
500 588 3 8192 2.000100000 2
500 1108 3 8192 2.000100000 2
500 836 3 8192 2.000100000 2
500 528 3 8192 2.000100000 2
500 752 3 8192 2.000100000 2
508 448 3 8192 2.000100000 2
508 448 3 8192 2.000100000 2
508 388 3 8192 2.000100000 2
508 1236 3 8192 2.000100000 2
508 648 3 8192 2.000100000 2
508 1172 3 8192 2.000100000 2
508 756 3 8192 2.000100000 2
508 12 3 8192 2.000100000 2
512 448 3 8192 2.000100000 2
512 448 3 8192 2.000100000 2
512 1000 3 8192 2.000100000 2
512 740 3 8192 2.000100000 2
512 12 3 8192 2.000100000 2
512 240 3 8192 2.000100000 2
512 764 3 8192 2.000100000 2
512 1224 3 8192 2.000100000 2
516 448 3 8192 2.000100000 2
516 448 3 8192 2.000100000 2
516 488 3 8192 2.000100000 2
516 616 3 8192 2.000100000 2
516 592 3 8192 2.000100000 2
516 496 3 8192 2.000100000 2
516 1136 3 8192 2.000100000 2
516 672 3 8192 2.000100000 2
524 448 3 8192 2.000100000 2
524 448 3 8192 2.000100000 2
524 424 3 8192 2.000100000 2
524 480 3 8192 2.000100000 2
524 864 3 8192 2.000100000 2
524 892 3 8192 2.000100000 2
524 1092 3 8192 2.000100000 2
524 196 3 8192 2.000100000 2
528 448 3 8192 2.000100000 2
528 448 3 8192 2.000100000 2
528 1008 3 8192 2.000100000 2
528 572 3 8192 2.000100000 2
528 1112 3 8192 2.000100000 2
528 1060 3 8192 2.000100000 2
528 16 3 8192 2.000100000 2
528 308 3 8192 2.000100000 2
532 448 3 8192 2.000100000 2
532 448 3 8192 2.000100000 2
532 924 3 8192 2.000100000 2
532 736 3 8192 2.000100000 2
532 792 3 8192 2.000100000 2
532 112 3 8192 2.000100000 2
532 1156 3 8192 2.000100000 2
532 1192 3 8192 2.000100000 2
536 448 3 8192 2.000100000 2
536 448 3 8192 2.000100000 2
536 324 3 8192 2.000100000 2
536 1080 3 8192 2.000100000 2
536 28 3 8192 2.000100000 2
536 668 3 8192 2.000100000 2
536 940 3 8192 2.000100000 2
536 548 3 8192 2.000100000 2
544 448 3 8192 2.000100000 2
544 448 3 8192 2.000100000 2
544 420 3 8192 2.000100000 2
544 372 3 8192 2.000100000 2
544 632 3 8192 2.000100000 2
544 884 3 8192 2.000100000 2
544 1040 3 8192 2.000100000 2
544 1180 3 8192 2.000100000 2
548 448 3 8192 2.000100000 2
548 448 3 8192 2.000100000 2
548 312 3 8192 2.000100000 2
548 476 3 8192 2.000100000 2
548 748 3 8192 2.000100000 2
548 456 3 8192 2.000100000 2
548 284 3 8192 2.000100000 2
548 984 3 8192 2.000100000 2
556 448 3 8192 2.000100000 2
556 448 3 8192 2.000100000 2
556 524 3 8192 2.000100000 2
556 828 3 8192 2.000100000 2
556 816 3 8192 2.000100000 2
556 628 3 8192 2.000100000 2
556 800 3 8192 2.000100000 2
556 28 3 8192 2.000100000 2
560 448 3 8192 2.000100000 2
560 448 3 8192 2.000100000 2
560 528 3 8192 2.000100000 2
560 524 3 8192 2.000100000 2
560 452 3 8192 2.000100000 2
560 168 3 8192 2.000100000 2
560 532 3 8192 2.000100000 2
560 220 3 8192 2.000100000 2
564 448 3 8192 2.000100000 2
564 448 3 8192 2.000100000 2
564 288 3 8192 2.000100000 2
564 212 3 8192 2.000100000 2
564 696 3 8192 2.000100000 2
564 1264 3 8192 2.000100000 2
564 468 3 8192 2.000100000 2
564 388 3 8192 2.000100000 2
572 448 3 8192 2.000100000 2
572 448 3 8192 2.000100000 2
572 1148 3 8192 2.000100000 2
572 360 3 8192 2.000100000 2
572 388 3 8192 2.000100000 2
572 1136 3 8192 2.000100000 2
572 1228 3 8192 2.000100000 2
572 436 3 8192 2.000100000 2
576 448 3 8192 2.000100000 2
576 448 3 8192 2.000100000 2
576 140 3 8192 2.000100000 2
576 228 3 8192 2.000100000 2
576 500 3 8192 2.000100000 2
576 1128 3 8192 2.000100000 2
576 428 3 8192 2.000100000 2
576 452 3 8192 2.000100000 2
580 448 3 8192 2.000100000 2
580 448 3 8192 2.000100000 2
580 820 3 8192 2.000100000 2
580 176 3 8192 2.000100000 2
580 592 3 8192 2.000100000 2
580 512 3 8192 2.000100000 2
580 172 3 8192 2.000100000 2
580 180 3 8192 2.000100000 2
584 448 3 8192 2.000100000 2
584 448 3 8192 2.000100000 2
584 240 3 8192 2.000100000 2
584 988 3 8192 2.000100000 2
584 888 3 8192 2.000100000 2
584 1184 3 8192 2.000100000 2
584 12 3 8192 2.000100000 2
584 1216 3 8192 2.000100000 2
588 448 3 8192 2.000100000 2
588 448 3 8192 2.000100000 2
588 460 3 8192 2.000100000 2
588 684 3 8192 2.000100000 2
588 240 3 8192 2.000100000 2
588 668 3 8192 2.000100000 2
588 244 3 8192 2.000100000 2
588 536 3 8192 2.000100000 2
592 448 3 8192 2.000100000 2
592 448 3 8192 2.000100000 2
592 1184 3 8192 2.000100000 2
592 428 3 8192 2.000100000 2
592 508 3 8192 2.000100000 2
592 988 3 8192 2.000100000 2
592 612 3 8192 2.000100000 2
592 460 3 8192 2.000100000 2
596 448 3 8192 2.000100000 2
596 448 3 8192 2.000100000 2
596 408 3 8192 2.000100000 2
596 112 3 8192 2.000100000 2
596 156 3 8192 2.000100000 2
596 804 3 8192 2.000100000 2
596 652 3 8192 2.000100000 2
596 856 3 8192 2.000100000 2
600 448 3 8192 2.000100000 2
600 448 3 8192 2.000100000 2
600 1128 3 8192 2.000100000 2
600 652 3 8192 2.000100000 2
600 840 3 8192 2.000100000 2
600 500 3 8192 2.000100000 2
600 1120 3 8192 2.000100000 2
600 1032 3 8192 2.000100000 2
612 448 3 8192 2.000100000 2
612 448 3 8192 2.000100000 2
612 1056 3 8192 2.000100000 2
612 1112 3 8192 2.000100000 2
612 444 3 8192 2.000100000 2
612 592 3 8192 2.000100000 2
612 1152 3 8192 2.000100000 2
612 368 3 8192 2.000100000 2
616 448 3 8192 2.000100000 2
616 448 3 8192 2.000100000 2
616 536 3 8192 2.000100000 2
616 1264 3 8192 2.000100000 2
616 592 3 8192 2.000100000 2
616 1164 3 8192 2.000100000 2
616 436 3 8192 2.000100000 2
616 1000 3 8192 2.000100000 2
620 448 3 8192 2.000100000 2
620 448 3 8192 2.000100000 2
620 724 3 8192 2.000100000 2
620 132 3 8192 2.000100000 2
620 596 3 8192 2.000100000 2
620 1104 3 8192 2.000100000 2
620 448 3 8192 2.000100000 2
620 384 3 8192 2.000100000 2
624 448 3 8192 2.000100000 2
624 448 3 8192 2.000100000 2
624 772 3 8192 2.000100000 2
624 268 3 8192 2.000100000 2
624 96 3 8192 2.000100000 2
624 1216 3 8192 2.000100000 2
624 76 3 8192 2.000100000 2
624 788 3 8192 2.000100000 2
628 448 3 8192 2.000100000 2
628 448 3 8192 2.000100000 2
628 844 3 8192 2.000100000 2
628 496 3 8192 2.000100000 2
628 60 3 8192 2.000100000 2
628 936 3 8192 2.000100000 2
628 1208 3 8192 2.000100000 2
628 476 3 8192 2.000100000 2
632 448 3 8192 2.000100000 2
632 448 3 8192 2.000100000 2
632 512 3 8192 2.000100000 2
632 1224 3 8192 2.000100000 2
632 1264 3 8192 2.000100000 2
632 228 3 8192 2.000100000 2
632 1152 3 8192 2.000100000 2
632 424 3 8192 2.000100000 2
636 448 3 8192 2.000100000 2
636 448 3 8192 2.000100000 2
636 420 3 8192 2.000100000 2
636 1128 3 8192 2.000100000 2
636 196 3 8192 2.000100000 2
636 1228 3 8192 2.000100000 2
636 616 3 8192 2.000100000 2
636 904 3 8192 2.000100000 2
640 448 3 8192 2.000100000 2
640 448 3 8192 2.000100000 2
640 196 3 8192 2.000100000 2
640 424 3 8192 2.000100000 2
640 696 3 8192 2.000100000 2
640 580 3 8192 2.000100000 2
640 936 3 8192 2.000100000 2
640 692 3 8192 2.000100000 2
644 448 3 8192 2.000100000 2
644 448 3 8192 2.000100000 2
644 1244 3 8192 2.000100000 2
644 920 3 8192 2.000100000 2
644 132 3 8192 2.000100000 2
644 156 3 8192 2.000100000 2
644 716 3 8192 2.000100000 2
644 408 3 8192 2.000100000 2
648 448 3 8192 2.000100000 2
648 448 3 8192 2.000100000 2
648 1236 3 8192 2.000100000 2
648 984 3 8192 2.000100000 2
648 88 3 8192 2.000100000 2
648 244 3 8192 2.000100000 2
648 748 3 8192 2.000100000 2
648 1112 3 8192 2.000100000 2
652 448 3 8192 2.000100000 2
652 448 3 8192 2.000100000 2
652 488 3 8192 2.000100000 2
652 368 3 8192 2.000100000 2
652 532 3 8192 2.000100000 2
652 1220 3 8192 2.000100000 2
652 992 3 8192 2.000100000 2
652 536 3 8192 2.000100000 2
668 448 3 8192 2.000100000 2
668 448 3 8192 2.000100000 2
668 112 3 8192 2.000100000 2
668 1268 3 8192 2.000100000 2
668 1020 3 8192 2.000100000 2
668 720 3 8192 2.000100000 2
668 636 3 8192 2.000100000 2
668 768 3 8192 2.000100000 2
672 448 3 8192 2.000100000 2
672 448 3 8192 2.000100000 2
672 1024 3 8192 2.000100000 2
672 852 3 8192 2.000100000 2
672 240 3 8192 2.000100000 2
672 1156 3 8192 2.000100000 2
672 964 3 8192 2.000100000 2
672 840 3 8192 2.000100000 2
676 448 3 8192 2.000100000 2
676 448 3 8192 2.000100000 2
676 288 3 8192 2.000100000 2
676 1164 3 8192 2.000100000 2
676 360 3 8192 2.000100000 2
676 592 3 8192 2.000100000 2
676 744 3 8192 2.000100000 2
676 20 3 8192 2.000100000 2
680 448 3 8192 2.000100000 2
680 448 3 8192 2.000100000 2
680 1180 3 8192 2.000100000 2
680 620 3 8192 2.000100000 2
680 868 3 8192 2.000100000 2
680 592 3 8192 2.000100000 2
680 1256 3 8192 2.000100000 2
680 420 3 8192 2.000100000 2
684 448 3 8192 2.000100000 2
684 448 3 8192 2.000100000 2
684 1224 3 8192 2.000100000 2
684 632 3 8192 2.000100000 2
684 408 3 8192 2.000100000 2
684 920 3 8192 2.000100000 2
684 1064 3 8192 2.000100000 2
684 1088 3 8192 2.000100000 2
692 448 3 8192 2.000100000 2
692 448 3 8192 2.000100000 2
692 56 3 8192 2.000100000 2
692 1128 3 8192 2.000100000 2
692 992 3 8192 2.000100000 2
692 788 3 8192 2.000100000 2
692 164 3 8192 2.000100000 2
692 752 3 8192 2.000100000 2
696 448 3 8192 2.000100000 2
696 448 3 8192 2.000100000 2
696 92 3 8192 2.000100000 2
696 528 3 8192 2.000100000 2
696 388 3 8192 2.000100000 2
696 1168 3 8192 2.000100000 2
696 1104 3 8192 2.000100000 2
696 32 3 8192 2.000100000 2
700 448 3 8192 2.000100000 2
700 448 3 8192 2.000100000 2
700 60 3 8192 2.000100000 2
700 984 3 8192 2.000100000 2
700 732 3 8192 2.000100000 2
700 1080 3 8192 2.000100000 2
700 572 3 8192 2.000100000 2
700 40 3 8192 2.000100000 2
704 448 3 8192 2.000100000 2
704 448 3 8192 2.000100000 2
704 868 3 8192 2.000100000 2
704 380 3 8192 2.000100000 2
704 332 3 8192 2.000100000 2
704 1172 3 8192 2.000100000 2
704 740 3 8192 2.000100000 2
704 564 3 8192 2.000100000 2
712 448 3 8192 2.000100000 2
712 448 3 8192 2.000100000 2
712 1144 3 8192 2.000100000 2
712 488 3 8192 2.000100000 2
712 192 3 8192 2.000100000 2
712 1112 3 8192 2.000100000 2
712 240 3 8192 2.000100000 2
712 716 3 8192 2.000100000 2
716 448 3 8192 2.000100000 2
716 448 3 8192 2.000100000 2
716 748 3 8192 2.000100000 2
716 1276 3 8192 2.000100000 2
716 384 3 8192 2.000100000 2
716 992 3 8192 2.000100000 2
716 1008 3 8192 2.000100000 2
716 1220 3 8192 2.000100000 2
720 448 3 8192 2.000100000 2
720 448 3 8192 2.000100000 2
720 196 3 8192 2.000100000 2
720 816 3 8192 2.000100000 2
720 1136 3 8192 2.000100000 2
720 748 3 8192 2.000100000 2
720 868 3 8192 2.000100000 2
720 324 3 8192 2.000100000 2
724 448 3 8192 2.000100000 2
724 448 3 8192 2.000100000 2
724 1096 3 8192 2.000100000 2
724 1076 3 8192 2.000100000 2
724 360 3 8192 2.000100000 2
724 864 3 8192 2.000100000 2
724 404 3 8192 2.000100000 2
724 0 3 8192 2.000100000 2
728 448 3 8192 2.000100000 2
728 448 3 8192 2.000100000 2
728 932 3 8192 2.000100000 2
728 468 3 8192 2.000100000 2
728 544 3 8192 2.000100000 2
728 1176 3 8192 2.000100000 2
728 920 3 8192 2.000100000 2
728 380 3 8192 2.000100000 2
732 448 3 8192 2.000100000 2
732 448 3 8192 2.000100000 2
732 1008 3 8192 2.000100000 2
732 580 3 8192 2.000100000 2
732 496 3 8192 2.000100000 2
732 272 3 8192 2.000100000 2
732 500 3 8192 2.000100000 2
732 632 3 8192 2.000100000 2
736 448 3 8192 2.000100000 2
736 448 3 8192 2.000100000 2
736 800 3 8192 2.000100000 2
736 216 3 8192 2.000100000 2
736 200 3 8192 2.000100000 2
736 976 3 8192 2.000100000 2
736 928 3 8192 2.000100000 2
736 536 3 8192 2.000100000 2
740 448 3 8192 2.000100000 2
740 448 3 8192 2.000100000 2
740 1092 3 8192 2.000100000 2
740 420 3 8192 2.000100000 2
740 1112 3 8192 2.000100000 2
740 1244 3 8192 2.000100000 2
740 780 3 8192 2.000100000 2
740 320 3 8192 2.000100000 2
744 448 3 8192 2.000100000 2
744 448 3 8192 2.000100000 2
744 1216 3 8192 2.000100000 2
744 200 3 8192 2.000100000 2
744 844 3 8192 2.000100000 2
744 572 3 8192 2.000100000 2
744 1176 3 8192 2.000100000 2
744 268 3 8192 2.000100000 2
748 448 3 8192 2.000100000 2
748 448 3 8192 2.000100000 2
748 804 3 8192 2.000100000 2
748 888 3 8192 2.000100000 2
748 932 3 8192 2.000100000 2
748 840 3 8192 2.000100000 2
748 88 3 8192 2.000100000 2
748 488 3 8192 2.000100000 2
752 448 3 8192 2.000100000 2
752 448 3 8192 2.000100000 2
752 684 3 8192 2.000100000 2
752 528 3 8192 2.000100000 2
752 948 3 8192 2.000100000 2
752 236 3 8192 2.000100000 2
752 624 3 8192 2.000100000 2
752 132 3 8192 2.000100000 2
756 448 3 8192 2.000100000 2
756 448 3 8192 2.000100000 2
756 964 3 8192 2.000100000 2
756 1188 3 8192 2.000100000 2
756 496 3 8192 2.000100000 2
756 168 3 8192 2.000100000 2
756 312 3 8192 2.000100000 2
756 148 3 8192 2.000100000 2
764 448 3 8192 2.000100000 2
764 448 3 8192 2.000100000 2
764 300 3 8192 2.000100000 2
764 696 3 8192 2.000100000 2
764 196 3 8192 2.000100000 2
764 524 3 8192 2.000100000 2
764 1096 3 8192 2.000100000 2
764 652 3 8192 2.000100000 2
768 448 3 8192 2.000100000 2
768 448 3 8192 2.000100000 2
768 716 3 8192 2.000100000 2
768 776 3 8192 2.000100000 2
768 712 3 8192 2.000100000 2
768 880 3 8192 2.000100000 2
768 1220 3 8192 2.000100000 2
768 908 3 8192 2.000100000 2
772 448 3 8192 2.000100000 2
772 448 3 8192 2.000100000 2
772 1212 3 8192 2.000100000 2
772 936 3 8192 2.000100000 2
772 140 3 8192 2.000100000 2
772 192 3 8192 2.000100000 2
772 1192 3 8192 2.000100000 2
772 1228 3 8192 2.000100000 2
776 448 3 8192 2.000100000 2
776 448 3 8192 2.000100000 2
776 168 3 8192 2.000100000 2
776 436 3 8192 2.000100000 2
776 628 3 8192 2.000100000 2
776 52 3 8192 2.000100000 2
776 172 3 8192 2.000100000 2
776 1140 3 8192 2.000100000 2
780 448 3 8192 2.000100000 2
780 448 3 8192 2.000100000 2
780 592 3 8192 2.000100000 2
780 1020 3 8192 2.000100000 2
780 600 3 8192 2.000100000 2
780 704 3 8192 2.000100000 2
780 1132 3 8192 2.000100000 2
780 48 3 8192 2.000100000 2
788 448 3 8192 2.000100000 2
788 448 3 8192 2.000100000 2
788 80 3 8192 2.000100000 2
788 304 3 8192 2.000100000 2
788 740 3 8192 2.000100000 2
788 1144 3 8192 2.000100000 2
788 276 3 8192 2.000100000 2
788 1132 3 8192 2.000100000 2
792 448 3 8192 2.000100000 2
792 448 3 8192 2.000100000 2
792 532 3 8192 2.000100000 2
792 252 3 8192 2.000100000 2
792 832 3 8192 2.000100000 2
792 332 3 8192 2.000100000 2
792 888 3 8192 2.000100000 2
792 1032 3 8192 2.000100000 2
800 448 3 8192 2.000100000 2
800 448 3 8192 2.000100000 2
800 196 3 8192 2.000100000 2
800 920 3 8192 2.000100000 2
800 1064 3 8192 2.000100000 2
800 728 3 8192 2.000100000 2
800 420 3 8192 2.000100000 2
800 636 3 8192 2.000100000 2
804 448 3 8192 2.000100000 2
804 448 3 8192 2.000100000 2
804 880 3 8192 2.000100000 2
804 948 3 8192 2.000100000 2
804 404 3 8192 2.000100000 2
804 416 3 8192 2.000100000 2
804 964 3 8192 2.000100000 2
804 1064 3 8192 2.000100000 2
808 448 3 8192 2.000100000 2
808 448 3 8192 2.000100000 2
808 1188 3 8192 2.000100000 2
808 176 3 8192 2.000100000 2
808 1020 3 8192 2.000100000 2
808 764 3 8192 2.000100000 2
808 648 3 8192 2.000100000 2
808 92 3 8192 2.000100000 2
816 448 3 8192 2.000100000 2
816 448 3 8192 2.000100000 2
816 1196 3 8192 2.000100000 2
816 1140 3 8192 2.000100000 2
816 432 3 8192 2.000100000 2
816 80 3 8192 2.000100000 2
816 572 3 8192 2.000100000 2
816 908 3 8192 2.000100000 2
820 448 3 8192 2.000100000 2
820 448 3 8192 2.000100000 2
820 904 3 8192 2.000100000 2
820 692 3 8192 2.000100000 2
820 272 3 8192 2.000100000 2
820 772 3 8192 2.000100000 2
820 44 3 8192 2.000100000 2
820 928 3 8192 2.000100000 2
824 448 3 8192 2.000100000 2
824 448 3 8192 2.000100000 2
824 868 3 8192 2.000100000 2
824 1240 3 8192 2.000100000 2
824 864 3 8192 2.000100000 2
824 1188 3 8192 2.000100000 2
824 80 3 8192 2.000100000 2
824 1140 3 8192 2.000100000 2
828 448 3 8192 2.000100000 2
828 448 3 8192 2.000100000 2
828 1220 3 8192 2.000100000 2
828 900 3 8192 2.000100000 2
828 528 3 8192 2.000100000 2
828 1180 3 8192 2.000100000 2
828 640 3 8192 2.000100000 2
828 344 3 8192 2.000100000 2
832 448 3 8192 2.000100000 2
832 448 3 8192 2.000100000 2
832 952 3 8192 2.000100000 2
832 712 3 8192 2.000100000 2
832 564 3 8192 2.000100000 2
832 1132 3 8192 2.000100000 2
832 1224 3 8192 2.000100000 2
832 44 3 8192 2.000100000 2
836 448 3 8192 2.000100000 2
836 448 3 8192 2.000100000 2
836 1008 3 8192 2.000100000 2
836 652 3 8192 2.000100000 2
836 560 3 8192 2.000100000 2
836 1012 3 8192 2.000100000 2
836 148 3 8192 2.000100000 2
836 424 3 8192 2.000100000 2
840 448 3 8192 2.000100000 2
840 448 3 8192 2.000100000 2
840 588 3 8192 2.000100000 2
840 628 3 8192 2.000100000 2
840 988 3 8192 2.000100000 2
840 676 3 8192 2.000100000 2
840 1092 3 8192 2.000100000 2
840 752 3 8192 2.000100000 2
844 448 3 8192 2.000100000 2
844 448 3 8192 2.000100000 2
844 0 3 8192 2.000100000 2
844 12 3 8192 2.000100000 2
844 824 3 8192 2.000100000 2
844 496 3 8192 2.000100000 2
844 704 3 8192 2.000100000 2
844 284 3 8192 2.000100000 2
848 448 3 8192 2.000100000 2
848 448 3 8192 2.000100000 2
848 900 3 8192 2.000100000 2
848 868 3 8192 2.000100000 2
848 1104 3 8192 2.000100000 2
848 196 3 8192 2.000100000 2
848 948 3 8192 2.000100000 2
848 252 3 8192 2.000100000 2
852 448 3 8192 2.000100000 2
852 448 3 8192 2.000100000 2
852 1224 3 8192 2.000100000 2
852 96 3 8192 2.000100000 2
852 336 3 8192 2.000100000 2
852 996 3 8192 2.000100000 2
852 1228 3 8192 2.000100000 2
852 804 3 8192 2.000100000 2
856 448 3 8192 2.000100000 2
856 448 3 8192 2.000100000 2
856 48 3 8192 2.000100000 2
856 864 3 8192 2.000100000 2
856 596 3 8192 2.000100000 2
856 184 3 8192 2.000100000 2
856 164 3 8192 2.000100000 2
856 344 3 8192 2.000100000 2
860 448 3 8192 2.000100000 2
860 448 3 8192 2.000100000 2
860 1176 3 8192 2.000100000 2
860 1240 3 8192 2.000100000 2
860 1004 3 8192 2.000100000 2
860 384 3 8192 2.000100000 2
860 420 3 8192 2.000100000 2
860 100 3 8192 2.000100000 2
864 448 3 8192 2.000100000 2
864 448 3 8192 2.000100000 2
864 524 3 8192 2.000100000 2
864 892 3 8192 2.000100000 2
864 8 3 8192 2.000100000 2
864 904 3 8192 2.000100000 2
864 772 3 8192 2.000100000 2
864 300 3 8192 2.000100000 2
868 448 3 8192 2.000100000 2
868 448 3 8192 2.000100000 2
868 252 3 8192 2.000100000 2
868 720 3 8192 2.000100000 2
868 284 3 8192 2.000100000 2
868 1240 3 8192 2.000100000 2
868 800 3 8192 2.000100000 2
868 288 3 8192 2.000100000 2
880 448 3 8192 2.000100000 2
880 448 3 8192 2.000100000 2
880 92 3 8192 2.000100000 2
880 52 3 8192 2.000100000 2
880 1180 3 8192 2.000100000 2
880 548 3 8192 2.000100000 2
880 560 3 8192 2.000100000 2
880 416 3 8192 2.000100000 2
884 448 3 8192 2.000100000 2
884 448 3 8192 2.000100000 2
884 484 3 8192 2.000100000 2
884 564 3 8192 2.000100000 2
884 620 3 8192 2.000100000 2
884 616 3 8192 2.000100000 2
884 188 3 8192 2.000100000 2
884 560 3 8192 2.000100000 2
888 448 3 8192 2.000100000 2
888 448 3 8192 2.000100000 2
888 216 3 8192 2.000100000 2
888 1084 3 8192 2.000100000 2
888 416 3 8192 2.000100000 2
888 844 3 8192 2.000100000 2
888 1264 3 8192 2.000100000 2
888 84 3 8192 2.000100000 2
892 448 3 8192 2.000100000 2
892 448 3 8192 2.000100000 2
892 332 3 8192 2.000100000 2
892 1024 3 8192 2.000100000 2
892 888 3 8192 2.000100000 2
892 1012 3 8192 2.000100000 2
892 928 3 8192 2.000100000 2
892 112 3 8192 2.000100000 2
896 448 3 8192 2.000100000 2
896 448 3 8192 2.000100000 2
896 12 3 8192 2.000100000 2
896 1152 3 8192 2.000100000 2
896 508 3 8192 2.000100000 2
896 1012 3 8192 2.000100000 2
896 716 3 8192 2.000100000 2
896 832 3 8192 2.000100000 2
900 448 3 8192 2.000100000 2
900 448 3 8192 2.000100000 2
900 332 3 8192 2.000100000 2
900 668 3 8192 2.000100000 2
900 968 3 8192 2.000100000 2
900 64 3 8192 2.000100000 2
900 1140 3 8192 2.000100000 2
900 928 3 8192 2.000100000 2
904 448 3 8192 2.000100000 2
904 448 3 8192 2.000100000 2
904 792 3 8192 2.000100000 2
904 84 3 8192 2.000100000 2
904 880 3 8192 2.000100000 2
904 1108 3 8192 2.000100000 2
904 984 3 8192 2.000100000 2
904 168 3 8192 2.000100000 2
908 448 3 8192 2.000100000 2
908 448 3 8192 2.000100000 2
908 80 3 8192 2.000100000 2
908 820 3 8192 2.000100000 2
908 888 3 8192 2.000100000 2
908 564 3 8192 2.000100000 2
908 736 3 8192 2.000100000 2
908 932 3 8192 2.000100000 2
916 448 3 8192 2.000100000 2
916 448 3 8192 2.000100000 2
916 148 3 8192 2.000100000 2
916 800 3 8192 2.000100000 2
916 564 3 8192 2.000100000 2
916 984 3 8192 2.000100000 2
916 176 3 8192 2.000100000 2
916 1140 3 8192 2.000100000 2
920 448 3 8192 2.000100000 2
920 448 3 8192 2.000100000 2
920 16 3 8192 2.000100000 2
920 836 3 8192 2.000100000 2
920 104 3 8192 2.000100000 2
920 1144 3 8192 2.000100000 2
920 388 3 8192 2.000100000 2
920 644 3 8192 2.000100000 2
924 448 3 8192 2.000100000 2
924 448 3 8192 2.000100000 2
924 252 3 8192 2.000100000 2
924 164 3 8192 2.000100000 2
924 1244 3 8192 2.000100000 2
924 824 3 8192 2.000100000 2
924 404 3 8192 2.000100000 2
924 524 3 8192 2.000100000 2
928 448 3 8192 2.000100000 2
928 448 3 8192 2.000100000 2
928 140 3 8192 2.000100000 2
928 592 3 8192 2.000100000 2
928 216 3 8192 2.000100000 2
928 288 3 8192 2.000100000 2
928 908 3 8192 2.000100000 2
928 136 3 8192 2.000100000 2
932 448 3 8192 2.000100000 2
932 448 3 8192 2.000100000 2
932 312 3 8192 2.000100000 2
932 196 3 8192 2.000100000 2
932 844 3 8192 2.000100000 2
932 1128 3 8192 2.000100000 2
932 460 3 8192 2.000100000 2
932 756 3 8192 2.000100000 2
936 448 3 8192 2.000100000 2
936 448 3 8192 2.000100000 2
936 736 3 8192 2.000100000 2
936 1096 3 8192 2.000100000 2
936 444 3 8192 2.000100000 2
936 484 3 8192 2.000100000 2
936 856 3 8192 2.000100000 2
936 336 3 8192 2.000100000 2
940 448 3 8192 2.000100000 2
940 448 3 8192 2.000100000 2
940 1228 3 8192 2.000100000 2
940 1056 3 8192 2.000100000 2
940 628 3 8192 2.000100000 2
940 832 3 8192 2.000100000 2
940 1136 3 8192 2.000100000 2
940 232 3 8192 2.000100000 2
948 448 3 8192 2.000100000 2
948 448 3 8192 2.000100000 2
948 500 3 8192 2.000100000 2
948 868 3 8192 2.000100000 2
948 924 3 8192 2.000100000 2
948 384 3 8192 2.000100000 2
948 1188 3 8192 2.000100000 2
948 452 3 8192 2.000100000 2
952 448 3 8192 2.000100000 2
952 448 3 8192 2.000100000 2
952 576 3 8192 2.000100000 2
952 1148 3 8192 2.000100000 2
952 104 3 8192 2.000100000 2
952 1236 3 8192 2.000100000 2
952 232 3 8192 2.000100000 2
952 580 3 8192 2.000100000 2
964 448 3 8192 2.000100000 2
964 448 3 8192 2.000100000 2
964 444 3 8192 2.000100000 2
964 1228 3 8192 2.000100000 2
964 932 3 8192 2.000100000 2
964 776 3 8192 2.000100000 2
964 560 3 8192 2.000100000 2
964 1112 3 8192 2.000100000 2
968 448 3 8192 2.000100000 2
968 448 3 8192 2.000100000 2
968 544 3 8192 2.000100000 2
968 164 3 8192 2.000100000 2
968 220 3 8192 2.000100000 2
968 720 3 8192 2.000100000 2
968 736 3 8192 2.000100000 2
968 888 3 8192 2.000100000 2
976 448 3 8192 2.000100000 2
976 448 3 8192 2.000100000 2
976 360 3 8192 2.000100000 2
976 336 3 8192 2.000100000 2
976 900 3 8192 2.000100000 2
976 1172 3 8192 2.000100000 2
976 712 3 8192 2.000100000 2
976 368 3 8192 2.000100000 2
984 448 3 8192 2.000100000 2
984 448 3 8192 2.000100000 2
984 12 3 8192 2.000100000 2
984 1020 3 8192 2.000100000 2
984 572 3 8192 2.000100000 2
984 780 3 8192 2.000100000 2
984 696 3 8192 2.000100000 2
984 580 3 8192 2.000100000 2
988 448 3 8192 2.000100000 2
988 448 3 8192 2.000100000 2
988 336 3 8192 2.000100000 2
988 1144 3 8192 2.000100000 2
988 420 3 8192 2.000100000 2
988 96 3 8192 2.000100000 2
988 156 3 8192 2.000100000 2
988 16 3 8192 2.000100000 2
992 448 3 8192 2.000100000 2
992 448 3 8192 2.000100000 2
992 696 3 8192 2.000100000 2
992 464 3 8192 2.000100000 2
992 904 3 8192 2.000100000 2
992 8 3 8192 2.000100000 2
992 896 3 8192 2.000100000 2
992 232 3 8192 2.000100000 2
996 448 3 8192 2.000100000 2
996 448 3 8192 2.000100000 2
996 804 3 8192 2.000100000 2
996 836 3 8192 2.000100000 2
996 828 3 8192 2.000100000 2
996 108 3 8192 2.000100000 2
996 452 3 8192 2.000100000 2
996 1148 3 8192 2.000100000 2
1000 448 3 8192 2.000100000 2
1000 448 3 8192 2.000100000 2
1000 680 3 8192 2.000100000 2
1000 652 3 8192 2.000100000 2
1000 1264 3 8192 2.000100000 2
1000 300 3 8192 2.000100000 2
1000 1136 3 8192 2.000100000 2
1000 752 3 8192 2.000100000 2
1004 448 3 8192 2.000100000 2
1004 448 3 8192 2.000100000 2
1004 1128 3 8192 2.000100000 2
1004 1168 3 8192 2.000100000 2
1004 728 3 8192 2.000100000 2
1004 904 3 8192 2.000100000 2
1004 780 3 8192 2.000100000 2
1004 576 3 8192 2.000100000 2
1008 448 3 8192 2.000100000 2
1008 448 3 8192 2.000100000 2
1008 824 3 8192 2.000100000 2
1008 856 3 8192 2.000100000 2
1008 1128 3 8192 2.000100000 2
1008 324 3 8192 2.000100000 2
1008 884 3 8192 2.000100000 2
1008 624 3 8192 2.000100000 2
1012 448 3 8192 2.000100000 2
1012 448 3 8192 2.000100000 2
1012 236 3 8192 2.000100000 2
1012 680 3 8192 2.000100000 2
1012 304 3 8192 2.000100000 2
1012 216 3 8192 2.000100000 2
1012 160 3 8192 2.000100000 2
1012 312 3 8192 2.000100000 2
1016 448 3 8192 2.000100000 2
1016 448 3 8192 2.000100000 2
1016 448 3 8192 2.000100000 2
1016 1268 3 8192 2.000100000 2
1016 536 3 8192 2.000100000 2
1016 908 3 8192 2.000100000 2
1016 836 3 8192 2.000100000 2
1016 728 3 8192 2.000100000 2
1020 448 3 8192 2.000100000 2
1020 448 3 8192 2.000100000 2
1020 720 3 8192 2.000100000 2
1020 704 3 8192 2.000100000 2
1020 880 3 8192 2.000100000 2
1020 344 3 8192 2.000100000 2
1020 244 3 8192 2.000100000 2
1020 1172 3 8192 2.000100000 2
1024 448 3 8192 2.000100000 2
1024 448 3 8192 2.000100000 2
1024 388 3 8192 2.000100000 2
1024 384 3 8192 2.000100000 2
1024 48 3 8192 2.000100000 2
1024 480 3 8192 2.000100000 2
1024 1200 3 8192 2.000100000 2
1024 932 3 8192 2.000100000 2
1032 448 3 8192 2.000100000 2
1032 448 3 8192 2.000100000 2
1032 332 3 8192 2.000100000 2
1032 452 3 8192 2.000100000 2
1032 528 3 8192 2.000100000 2
1032 1168 3 8192 2.000100000 2
1032 428 3 8192 2.000100000 2
1032 196 3 8192 2.000100000 2
1036 448 3 8192 2.000100000 2
1036 448 3 8192 2.000100000 2
1036 148 3 8192 2.000100000 2
1036 700 3 8192 2.000100000 2
1036 576 3 8192 2.000100000 2
1036 164 3 8192 2.000100000 2
1036 720 3 8192 2.000100000 2
1036 764 3 8192 2.000100000 2
1040 448 3 8192 2.000100000 2
1040 448 3 8192 2.000100000 2
1040 56 3 8192 2.000100000 2
1040 268 3 8192 2.000100000 2
1040 700 3 8192 2.000100000 2
1040 1208 3 8192 2.000100000 2
1040 1148 3 8192 2.000100000 2
1040 524 3 8192 2.000100000 2
1048 448 3 8192 2.000100000 2
1048 448 3 8192 2.000100000 2
1048 976 3 8192 2.000100000 2
1048 680 3 8192 2.000100000 2
1048 896 3 8192 2.000100000 2
1048 776 3 8192 2.000100000 2
1048 1180 3 8192 2.000100000 2
1048 572 3 8192 2.000100000 2
1056 448 3 8192 2.000100000 2
1056 448 3 8192 2.000100000 2
1056 180 3 8192 2.000100000 2
1056 368 3 8192 2.000100000 2
1056 808 3 8192 2.000100000 2
1056 324 3 8192 2.000100000 2
1056 488 3 8192 2.000100000 2
1056 544 3 8192 2.000100000 2
1060 448 3 8192 2.000100000 2
1060 448 3 8192 2.000100000 2
1060 1112 3 8192 2.000100000 2
1060 372 3 8192 2.000100000 2
1060 508 3 8192 2.000100000 2
1060 172 3 8192 2.000100000 2
1060 844 3 8192 2.000100000 2
1060 516 3 8192 2.000100000 2
1064 448 3 8192 2.000100000 2
1064 448 3 8192 2.000100000 2
1064 248 3 8192 2.000100000 2
1064 132 3 8192 2.000100000 2
1064 1228 3 8192 2.000100000 2
1064 896 3 8192 2.000100000 2
1064 968 3 8192 2.000100000 2
1064 1264 3 8192 2.000100000 2
1068 448 3 8192 2.000100000 2
1068 448 3 8192 2.000100000 2
1068 728 3 8192 2.000100000 2
1068 820 3 8192 2.000100000 2
1068 40 3 8192 2.000100000 2
1068 12 3 8192 2.000100000 2
1068 1256 3 8192 2.000100000 2
1068 1192 3 8192 2.000100000 2
1076 448 3 8192 2.000100000 2
1076 448 3 8192 2.000100000 2
1076 176 3 8192 2.000100000 2
1076 536 3 8192 2.000100000 2
1076 52 3 8192 2.000100000 2
1076 64 3 8192 2.000100000 2
1076 184 3 8192 2.000100000 2
1076 860 3 8192 2.000100000 2
1080 448 3 8192 2.000100000 2
1080 448 3 8192 2.000100000 2
1080 508 3 8192 2.000100000 2
1080 556 3 8192 2.000100000 2
1080 408 3 8192 2.000100000 2
1080 176 3 8192 2.000100000 2
1080 1048 3 8192 2.000100000 2
1080 416 3 8192 2.000100000 2
1084 448 3 8192 2.000100000 2
1084 448 3 8192 2.000100000 2
1084 232 3 8192 2.000100000 2
1084 424 3 8192 2.000100000 2
1084 268 3 8192 2.000100000 2
1084 1112 3 8192 2.000100000 2
1084 0 3 8192 2.000100000 2
1084 60 3 8192 2.000100000 2
1088 448 3 8192 2.000100000 2
1088 448 3 8192 2.000100000 2
1088 364 3 8192 2.000100000 2
1088 1224 3 8192 2.000100000 2
1088 1268 3 8192 2.000100000 2
1088 160 3 8192 2.000100000 2
1088 308 3 8192 2.000100000 2
1088 916 3 8192 2.000100000 2
1092 448 3 8192 2.000100000 2
1092 448 3 8192 2.000100000 2
1092 596 3 8192 2.000100000 2
1092 1208 3 8192 2.000100000 2
1092 1128 3 8192 2.000100000 2
1092 32 3 8192 2.000100000 2
1092 336 3 8192 2.000100000 2
1092 428 3 8192 2.000100000 2
1096 448 3 8192 2.000100000 2
1096 448 3 8192 2.000100000 2
1096 888 3 8192 2.000100000 2
1096 836 3 8192 2.000100000 2
1096 832 3 8192 2.000100000 2
1096 300 3 8192 2.000100000 2
1096 1176 3 8192 2.000100000 2
1096 248 3 8192 2.000100000 2
1100 448 3 8192 2.000100000 2
1100 448 3 8192 2.000100000 2
1100 200 3 8192 2.000100000 2
1100 1184 3 8192 2.000100000 2
1100 148 3 8192 2.000100000 2
1100 844 3 8192 2.000100000 2
1100 284 3 8192 2.000100000 2
1100 1104 3 8192 2.000100000 2
1104 448 3 8192 2.000100000 2
1104 448 3 8192 2.000100000 2
1104 548 3 8192 2.000100000 2
1104 536 3 8192 2.000100000 2
1104 244 3 8192 2.000100000 2
1104 384 3 8192 2.000100000 2
1104 612 3 8192 2.000100000 2
1104 1088 3 8192 2.000100000 2
1108 448 3 8192 2.000100000 2
1108 448 3 8192 2.000100000 2
1108 932 3 8192 2.000100000 2
1108 768 3 8192 2.000100000 2
1108 456 3 8192 2.000100000 2
1108 244 3 8192 2.000100000 2
1108 112 3 8192 2.000100000 2
1108 1184 3 8192 2.000100000 2
1112 448 3 8192 2.000100000 2
1112 448 3 8192 2.000100000 2
1112 308 3 8192 2.000100000 2
1112 1092 3 8192 2.000100000 2
1112 996 3 8192 2.000100000 2
1112 300 3 8192 2.000100000 2
1112 868 3 8192 2.000100000 2
1112 804 3 8192 2.000100000 2
1116 448 3 8192 2.000100000 2
1116 448 3 8192 2.000100000 2
1116 716 3 8192 2.000100000 2
1116 824 3 8192 2.000100000 2
1116 896 3 8192 2.000100000 2
1116 172 3 8192 2.000100000 2
1116 996 3 8192 2.000100000 2
1116 592 3 8192 2.000100000 2
1120 448 3 8192 2.000100000 2
1120 448 3 8192 2.000100000 2
1120 200 3 8192 2.000100000 2
1120 888 3 8192 2.000100000 2
1120 596 3 8192 2.000100000 2
1120 192 3 8192 2.000100000 2
1120 744 3 8192 2.000100000 2
1120 1016 3 8192 2.000100000 2
1128 448 3 8192 2.000100000 2
1128 448 3 8192 2.000100000 2
1128 148 3 8192 2.000100000 2
1128 240 3 8192 2.000100000 2
1128 828 3 8192 2.000100000 2
1128 992 3 8192 2.000100000 2
1128 984 3 8192 2.000100000 2
1128 1264 3 8192 2.000100000 2
1132 448 3 8192 2.000100000 2
1132 448 3 8192 2.000100000 2
1132 136 3 8192 2.000100000 2
1132 416 3 8192 2.000100000 2
1132 180 3 8192 2.000100000 2
1132 988 3 8192 2.000100000 2
1132 304 3 8192 2.000100000 2
1132 468 3 8192 2.000100000 2
1136 448 3 8192 2.000100000 2
1136 448 3 8192 2.000100000 2
1136 1004 3 8192 2.000100000 2
1136 16 3 8192 2.000100000 2
1136 1068 3 8192 2.000100000 2
1136 624 3 8192 2.000100000 2
1136 260 3 8192 2.000100000 2
1136 640 3 8192 2.000100000 2
1140 448 3 8192 2.000100000 2
1140 448 3 8192 2.000100000 2
1140 932 3 8192 2.000100000 2
1140 668 3 8192 2.000100000 2
1140 1228 3 8192 2.000100000 2
1140 1096 3 8192 2.000100000 2
1140 364 3 8192 2.000100000 2
1140 0 3 8192 2.000100000 2
1144 448 3 8192 2.000100000 2
1144 448 3 8192 2.000100000 2
1144 232 3 8192 2.000100000 2
1144 768 3 8192 2.000100000 2
1144 620 3 8192 2.000100000 2
1144 176 3 8192 2.000100000 2
1144 572 3 8192 2.000100000 2
1144 112 3 8192 2.000100000 2
1148 448 3 8192 2.000100000 2
1148 448 3 8192 2.000100000 2
1148 1220 3 8192 2.000100000 2
1148 620 3 8192 2.000100000 2
1148 804 3 8192 2.000100000 2
1148 624 3 8192 2.000100000 2
1148 588 3 8192 2.000100000 2
1148 160 3 8192 2.000100000 2
1152 448 3 8192 2.000100000 2
1152 448 3 8192 2.000100000 2
1152 424 3 8192 2.000100000 2
1152 780 3 8192 2.000100000 2
1152 404 3 8192 2.000100000 2
1152 704 3 8192 2.000100000 2
1152 276 3 8192 2.000100000 2
1152 1184 3 8192 2.000100000 2
1156 448 3 8192 2.000100000 2
1156 448 3 8192 2.000100000 2
1156 284 3 8192 2.000100000 2
1156 484 3 8192 2.000100000 2
1156 908 3 8192 2.000100000 2
1156 836 3 8192 2.000100000 2
1156 692 3 8192 2.000100000 2
1156 584 3 8192 2.000100000 2
1160 448 3 8192 2.000100000 2
1160 448 3 8192 2.000100000 2
1160 832 3 8192 2.000100000 2
1160 988 3 8192 2.000100000 2
1160 112 3 8192 2.000100000 2
1160 1148 3 8192 2.000100000 2
1160 860 3 8192 2.000100000 2
1160 1080 3 8192 2.000100000 2
1164 448 3 8192 2.000100000 2
1164 448 3 8192 2.000100000 2
1164 672 3 8192 2.000100000 2
1164 548 3 8192 2.000100000 2
1164 1264 3 8192 2.000100000 2
1164 1276 3 8192 2.000100000 2
1164 1144 3 8192 2.000100000 2
1164 768 3 8192 2.000100000 2
1168 448 3 8192 2.000100000 2
1168 448 3 8192 2.000100000 2
1168 716 3 8192 2.000100000 2
1168 1104 3 8192 2.000100000 2
1168 1040 3 8192 2.000100000 2
1168 464 3 8192 2.000100000 2
1168 1092 3 8192 2.000100000 2
1168 500 3 8192 2.000100000 2
1172 448 3 8192 2.000100000 2
1172 448 3 8192 2.000100000 2
1172 76 3 8192 2.000100000 2
1172 484 3 8192 2.000100000 2
1172 1212 3 8192 2.000100000 2
1172 724 3 8192 2.000100000 2
1172 60 3 8192 2.000100000 2
1172 580 3 8192 2.000100000 2
1176 448 3 8192 2.000100000 2
1176 448 3 8192 2.000100000 2
1176 236 3 8192 2.000100000 2
1176 1228 3 8192 2.000100000 2
1176 320 3 8192 2.000100000 2
1176 12 3 8192 2.000100000 2
1176 100 3 8192 2.000100000 2
1176 424 3 8192 2.000100000 2
1180 448 3 8192 2.000100000 2
1180 448 3 8192 2.000100000 2
1180 932 3 8192 2.000100000 2
1180 752 3 8192 2.000100000 2
1180 1076 3 8192 2.000100000 2
1180 668 3 8192 2.000100000 2
1180 780 3 8192 2.000100000 2
1180 964 3 8192 2.000100000 2
1184 448 3 8192 2.000100000 2
1184 448 3 8192 2.000100000 2
1184 132 3 8192 2.000100000 2
1184 20 3 8192 2.000100000 2
1184 488 3 8192 2.000100000 2
1184 772 3 8192 2.000100000 2
1184 404 3 8192 2.000100000 2
1184 824 3 8192 2.000100000 2
1188 448 3 8192 2.000100000 2
1188 448 3 8192 2.000100000 2
1188 216 3 8192 2.000100000 2
1188 240 3 8192 2.000100000 2
1188 80 3 8192 2.000100000 2
1188 376 3 8192 2.000100000 2
1188 564 3 8192 2.000100000 2
1188 368 3 8192 2.000100000 2
1192 448 3 8192 2.000100000 2
1192 448 3 8192 2.000100000 2
1192 1036 3 8192 2.000100000 2
1192 424 3 8192 2.000100000 2
1192 732 3 8192 2.000100000 2
1192 60 3 8192 2.000100000 2
1192 268 3 8192 2.000100000 2
1192 108 3 8192 2.000100000 2
1196 448 3 8192 2.000100000 2
1196 448 3 8192 2.000100000 2
1196 380 3 8192 2.000100000 2
1196 220 3 8192 2.000100000 2
1196 1200 3 8192 2.000100000 2
1196 816 3 8192 2.000100000 2
1196 804 3 8192 2.000100000 2
1196 992 3 8192 2.000100000 2
1200 448 3 8192 2.000100000 2
1200 448 3 8192 2.000100000 2
1200 476 3 8192 2.000100000 2
1200 284 3 8192 2.000100000 2
1200 448 3 8192 2.000100000 2
1200 1108 3 8192 2.000100000 2
1200 1208 3 8192 2.000100000 2
1200 868 3 8192 2.000100000 2
1208 448 3 8192 2.000100000 2
1208 448 3 8192 2.000100000 2
1208 16 3 8192 2.000100000 2
1208 1104 3 8192 2.000100000 2
1208 408 3 8192 2.000100000 2
1208 1176 3 8192 2.000100000 2
1208 556 3 8192 2.000100000 2
1208 376 3 8192 2.000100000 2
1212 448 3 8192 2.000100000 2
1212 448 3 8192 2.000100000 2
1212 180 3 8192 2.000100000 2
1212 996 3 8192 2.000100000 2
1212 508 3 8192 2.000100000 2
1212 592 3 8192 2.000100000 2
1212 336 3 8192 2.000100000 2
1212 800 3 8192 2.000100000 2
1216 448 3 8192 2.000100000 2
1216 448 3 8192 2.000100000 2
1216 1112 3 8192 2.000100000 2
1216 344 3 8192 2.000100000 2
1216 192 3 8192 2.000100000 2
1216 416 3 8192 2.000100000 2
1216 992 3 8192 2.000100000 2
1216 308 3 8192 2.000100000 2
1220 448 3 8192 2.000100000 2
1220 448 3 8192 2.000100000 2
1220 712 3 8192 2.000100000 2
1220 1276 3 8192 2.000100000 2
1220 848 3 8192 2.000100000 2
1220 548 3 8192 2.000100000 2
1220 1040 3 8192 2.000100000 2
1220 248 3 8192 2.000100000 2
1224 448 3 8192 2.000100000 2
1224 448 3 8192 2.000100000 2
1224 1096 3 8192 2.000100000 2
1224 1268 3 8192 2.000100000 2
1224 1056 3 8192 2.000100000 2
1224 388 3 8192 2.000100000 2
1224 236 3 8192 2.000100000 2
1224 1176 3 8192 2.000100000 2
1228 448 3 8192 2.000100000 2
1228 448 3 8192 2.000100000 2
1228 272 3 8192 2.000100000 2
1228 964 3 8192 2.000100000 2
1228 700 3 8192 2.000100000 2
1228 580 3 8192 2.000100000 2
1228 164 3 8192 2.000100000 2
1228 536 3 8192 2.000100000 2
1236 448 3 8192 2.000100000 2
1236 448 3 8192 2.000100000 2
1236 1244 3 8192 2.000100000 2
1236 988 3 8192 2.000100000 2
1236 372 3 8192 2.000100000 2
1236 220 3 8192 2.000100000 2
1236 1008 3 8192 2.000100000 2
1236 168 3 8192 2.000100000 2
1240 448 3 8192 2.000100000 2
1240 448 3 8192 2.000100000 2
1240 680 3 8192 2.000100000 2
1240 1096 3 8192 2.000100000 2
1240 696 3 8192 2.000100000 2
1240 928 3 8192 2.000100000 2
1240 616 3 8192 2.000100000 2
1240 732 3 8192 2.000100000 2
1244 448 3 8192 2.000100000 2
1244 448 3 8192 2.000100000 2
1244 1032 3 8192 2.000100000 2
1244 1192 3 8192 2.000100000 2
1244 140 3 8192 2.000100000 2
1244 1000 3 8192 2.000100000 2
1244 468 3 8192 2.000100000 2
1244 56 3 8192 2.000100000 2
1256 448 3 8192 2.000100000 2
1256 448 3 8192 2.000100000 2
1256 804 3 8192 2.000100000 2
1256 884 3 8192 2.000100000 2
1256 112 3 8192 2.000100000 2
1256 616 3 8192 2.000100000 2
1256 1216 3 8192 2.000100000 2
1256 904 3 8192 2.000100000 2
1264 448 3 8192 2.000100000 2
1264 448 3 8192 2.000100000 2
1264 1184 3 8192 2.000100000 2
1264 1156 3 8192 2.000100000 2
1264 824 3 8192 2.000100000 2
1264 368 3 8192 2.000100000 2
1264 644 3 8192 2.000100000 2
1264 724 3 8192 2.000100000 2
1268 448 3 8192 2.000100000 2
1268 448 3 8192 2.000100000 2
1268 100 3 8192 2.000100000 2
1268 1228 3 8192 2.000100000 2
1268 772 3 8192 2.000100000 2
1268 668 3 8192 2.000100000 2
1268 808 3 8192 2.000100000 2
1268 484 3 8192 2.000100000 2
1276 448 3 8192 2.000100000 2
1276 448 3 8192 2.000100000 2
1276 488 3 8192 2.000100000 2
1276 856 3 8192 2.000100000 2
1276 756 3 8192 2.000100000 2
1276 44 3 8192 2.000100000 2
1276 1008 3 8192 2.000100000 2
1276 564 3 8192 2.000100000 2
0 448 3 8192 2.000150000 2
0 448 3 8192 2.000150000 2
0 96 3 8192 2.000150000 2
0 536 3 8192 2.000150000 2
0 900 3 8192 2.000150000 2
0 1224 3 8192 2.000150000 2
0 1172 3 8192 2.000150000 2
0 628 3 8192 2.000150000 2
8 448 3 8192 2.000150000 2
8 448 3 8192 2.000150000 2
8 588 3 8192 2.000150000 2
8 388 3 8192 2.000150000 2
8 480 3 8192 2.000150000 2
8 864 3 8192 2.000150000 2
8 332 3 8192 2.000150000 2
8 172 3 8192 2.000150000 2
12 448 3 8192 2.000150000 2
12 448 3 8192 2.000150000 2
12 1244 3 8192 2.000150000 2
12 528 3 8192 2.000150000 2
12 428 3 8192 2.000150000 2
12 1024 3 8192 2.000150000 2
12 1100 3 8192 2.000150000 2
12 844 3 8192 2.000150000 2
16 448 3 8192 2.000150000 2
16 448 3 8192 2.000150000 2
16 920 3 8192 2.000150000 2
16 928 3 8192 2.000150000 2
16 976 3 8192 2.000150000 2
16 368 3 8192 2.000150000 2
16 300 3 8192 2.000150000 2
16 728 3 8192 2.000150000 2
20 448 3 8192 2.000150000 2
20 448 3 8192 2.000150000 2
20 868 3 8192 2.000150000 2
20 1240 3 8192 2.000150000 2
20 512 3 8192 2.000150000 2
20 1056 3 8192 2.000150000 2
20 988 3 8192 2.000150000 2
20 600 3 8192 2.000150000 2
28 448 3 8192 2.000150000 2
28 448 3 8192 2.000150000 2
28 1264 3 8192 2.000150000 2
28 8 3 8192 2.000150000 2
28 452 3 8192 2.000150000 2
28 100 3 8192 2.000150000 2
28 252 3 8192 2.000150000 2
28 572 3 8192 2.000150000 2
32 448 3 8192 2.000150000 2
32 448 3 8192 2.000150000 2
32 744 3 8192 2.000150000 2
32 996 3 8192 2.000150000 2
32 1116 3 8192 2.000150000 2
32 432 3 8192 2.000150000 2
32 888 3 8192 2.000150000 2
32 304 3 8192 2.000150000 2
40 448 3 8192 2.000150000 2
40 448 3 8192 2.000150000 2
40 1268 3 8192 2.000150000 2
40 1224 3 8192 2.000150000 2
40 1032 3 8192 2.000150000 2
40 420 3 8192 2.000150000 2
40 20 3 8192 2.000150000 2
40 648 3 8192 2.000150000 2
44 448 3 8192 2.000150000 2
44 448 3 8192 2.000150000 2
44 80 3 8192 2.000150000 2
44 148 3 8192 2.000150000 2
44 940 3 8192 2.000150000 2
44 400 3 8192 2.000150000 2
44 488 3 8192 2.000150000 2
44 908 3 8192 2.000150000 2
48 448 3 8192 2.000150000 2
48 448 3 8192 2.000150000 2
48 772 3 8192 2.000150000 2
48 896 3 8192 2.000150000 2
48 12 3 8192 2.000150000 2
48 512 3 8192 2.000150000 2
48 800 3 8192 2.000150000 2
48 480 3 8192 2.000150000 2
52 448 3 8192 2.000150000 2
52 448 3 8192 2.000150000 2
52 1180 3 8192 2.000150000 2
52 500 3 8192 2.000150000 2
52 464 3 8192 2.000150000 2
52 620 3 8192 2.000150000 2
52 544 3 8192 2.000150000 2
52 484 3 8192 2.000150000 2
56 448 3 8192 2.000150000 2
56 448 3 8192 2.000150000 2
56 104 3 8192 2.000150000 2
56 1208 3 8192 2.000150000 2
56 936 3 8192 2.000150000 2
56 728 3 8192 2.000150000 2
56 476 3 8192 2.000150000 2
56 192 3 8192 2.000150000 2
60 448 3 8192 2.000150000 2
60 448 3 8192 2.000150000 2
60 952 3 8192 2.000150000 2
60 436 3 8192 2.000150000 2
60 228 3 8192 2.000150000 2
60 936 3 8192 2.000150000 2
60 792 3 8192 2.000150000 2
60 744 3 8192 2.000150000 2
64 448 3 8192 2.000150000 2
64 448 3 8192 2.000150000 2
64 92 3 8192 2.000150000 2
64 156 3 8192 2.000150000 2
64 160 3 8192 2.000150000 2
64 1176 3 8192 2.000150000 2
64 756 3 8192 2.000150000 2
64 108 3 8192 2.000150000 2
76 448 3 8192 2.000150000 2
76 448 3 8192 2.000150000 2
76 268 3 8192 2.000150000 2
76 684 3 8192 2.000150000 2
76 556 3 8192 2.000150000 2
76 1016 3 8192 2.000150000 2
76 924 3 8192 2.000150000 2
76 940 3 8192 2.000150000 2
80 448 3 8192 2.000150000 2
80 448 3 8192 2.000150000 2
80 596 3 8192 2.000150000 2
80 1180 3 8192 2.000150000 2
80 1148 3 8192 2.000150000 2
80 816 3 8192 2.000150000 2
80 164 3 8192 2.000150000 2
80 340 3 8192 2.000150000 2
84 448 3 8192 2.000150000 2
84 448 3 8192 2.000150000 2
84 216 3 8192 2.000150000 2
84 900 3 8192 2.000150000 2
84 932 3 8192 2.000150000 2
84 884 3 8192 2.000150000 2
84 148 3 8192 2.000150000 2
84 1108 3 8192 2.000150000 2
88 448 3 8192 2.000150000 2
88 448 3 8192 2.000150000 2
88 1088 3 8192 2.000150000 2
88 1276 3 8192 2.000150000 2
88 556 3 8192 2.000150000 2
88 1228 3 8192 2.000150000 2
88 312 3 8192 2.000150000 2
88 908 3 8192 2.000150000 2
92 448 3 8192 2.000150000 2
92 448 3 8192 2.000150000 2
92 220 3 8192 2.000150000 2
92 64 3 8192 2.000150000 2
92 84 3 8192 2.000150000 2
92 772 3 8192 2.000150000 2
92 1024 3 8192 2.000150000 2
92 168 3 8192 2.000150000 2
96 448 3 8192 2.000150000 2
96 448 3 8192 2.000150000 2
96 1032 3 8192 2.000150000 2
96 1244 3 8192 2.000150000 2
96 860 3 8192 2.000150000 2
96 524 3 8192 2.000150000 2
96 792 3 8192 2.000150000 2
96 1132 3 8192 2.000150000 2
100 448 3 8192 2.000150000 2
100 448 3 8192 2.000150000 2
100 1008 3 8192 2.000150000 2
100 424 3 8192 2.000150000 2
100 932 3 8192 2.000150000 2
100 1040 3 8192 2.000150000 2
100 188 3 8192 2.000150000 2
100 856 3 8192 2.000150000 2
104 448 3 8192 2.000150000 2
104 448 3 8192 2.000150000 2
104 1056 3 8192 2.000150000 2
104 524 3 8192 2.000150000 2
104 632 3 8192 2.000150000 2
104 908 3 8192 2.000150000 2
104 344 3 8192 2.000150000 2
104 96 3 8192 2.000150000 2
108 448 3 8192 2.000150000 2
108 448 3 8192 2.000150000 2
108 212 3 8192 2.000150000 2
108 216 3 8192 2.000150000 2
108 716 3 8192 2.000150000 2
108 560 3 8192 2.000150000 2
108 572 3 8192 2.000150000 2
108 940 3 8192 2.000150000 2
112 448 3 8192 2.000150000 2
112 448 3 8192 2.000150000 2
112 1188 3 8192 2.000150000 2
112 780 3 8192 2.000150000 2
112 48 3 8192 2.000150000 2
112 1032 3 8192 2.000150000 2
112 1108 3 8192 2.000150000 2
112 1228 3 8192 2.000150000 2
120 448 3 8192 2.000150000 2
120 448 3 8192 2.000150000 2
120 48 3 8192 2.000150000 2
120 212 3 8192 2.000150000 2
120 800 3 8192 2.000150000 2
120 852 3 8192 2.000150000 2
120 984 3 8192 2.000150000 2
120 436 3 8192 2.000150000 2
132 448 3 8192 2.000150000 2
132 448 3 8192 2.000150000 2
132 536 3 8192 2.000150000 2
132 672 3 8192 2.000150000 2
132 700 3 8192 2.000150000 2
132 1004 3 8192 2.000150000 2
132 560 3 8192 2.000150000 2
132 232 3 8192 2.000150000 2
136 448 3 8192 2.000150000 2
136 448 3 8192 2.000150000 2
136 336 3 8192 2.000150000 2
136 1008 3 8192 2.000150000 2
136 1012 3 8192 2.000150000 2
136 248 3 8192 2.000150000 2
136 164 3 8192 2.000150000 2
136 816 3 8192 2.000150000 2
140 448 3 8192 2.000150000 2
140 448 3 8192 2.000150000 2
140 132 3 8192 2.000150000 2
140 880 3 8192 2.000150000 2
140 216 3 8192 2.000150000 2
140 644 3 8192 2.000150000 2
140 56 3 8192 2.000150000 2
140 320 3 8192 2.000150000 2
148 448 3 8192 2.000150000 2
148 448 3 8192 2.000150000 2
148 844 3 8192 2.000150000 2
148 816 3 8192 2.000150000 2
148 508 3 8192 2.000150000 2
148 952 3 8192 2.000150000 2
148 140 3 8192 2.000150000 2
148 804 3 8192 2.000150000 2
156 448 3 8192 2.000150000 2
156 448 3 8192 2.000150000 2
156 768 3 8192 2.000150000 2
156 752 3 8192 2.000150000 2
156 1064 3 8192 2.000150000 2
156 1080 3 8192 2.000150000 2
156 616 3 8192 2.000150000 2
156 832 3 8192 2.000150000 2
160 448 3 8192 2.000150000 2
160 448 3 8192 2.000150000 2
160 184 3 8192 2.000150000 2
160 196 3 8192 2.000150000 2
160 1276 3 8192 2.000150000 2
160 992 3 8192 2.000150000 2
160 404 3 8192 2.000150000 2
160 188 3 8192 2.000150000 2
164 448 3 8192 2.000150000 2
164 448 3 8192 2.000150000 2
164 320 3 8192 2.000150000 2
164 624 3 8192 2.000150000 2
164 744 3 8192 2.000150000 2
164 844 3 8192 2.000150000 2
164 1100 3 8192 2.000150000 2
164 1020 3 8192 2.000150000 2
168 448 3 8192 2.000150000 2
168 448 3 8192 2.000150000 2
168 836 3 8192 2.000150000 2
168 248 3 8192 2.000150000 2
168 1208 3 8192 2.000150000 2
168 964 3 8192 2.000150000 2
168 212 3 8192 2.000150000 2
168 372 3 8192 2.000150000 2
172 448 3 8192 2.000150000 2
172 448 3 8192 2.000150000 2
172 64 3 8192 2.000150000 2
172 888 3 8192 2.000150000 2
172 180 3 8192 2.000150000 2
172 196 3 8192 2.000150000 2
172 996 3 8192 2.000150000 2
172 80 3 8192 2.000150000 2
176 448 3 8192 2.000150000 2
176 448 3 8192 2.000150000 2
176 188 3 8192 2.000150000 2
176 360 3 8192 2.000150000 2
176 76 3 8192 2.000150000 2
176 1108 3 8192 2.000150000 2
176 1184 3 8192 2.000150000 2
176 508 3 8192 2.000150000 2
180 448 3 8192 2.000150000 2
180 448 3 8192 2.000150000 2
180 1224 3 8192 2.000150000 2
180 476 3 8192 2.000150000 2
180 8 3 8192 2.000150000 2
180 1244 3 8192 2.000150000 2
180 252 3 8192 2.000150000 2
180 716 3 8192 2.000150000 2
184 448 3 8192 2.000150000 2
184 448 3 8192 2.000150000 2
184 816 3 8192 2.000150000 2
184 360 3 8192 2.000150000 2
184 108 3 8192 2.000150000 2
184 756 3 8192 2.000150000 2
184 992 3 8192 2.000150000 2
184 1220 3 8192 2.000150000 2
188 448 3 8192 2.000150000 2
188 448 3 8192 2.000150000 2
188 1240 3 8192 2.000150000 2
188 192 3 8192 2.000150000 2
188 1024 3 8192 2.000150000 2
188 700 3 8192 2.000150000 2
188 512 3 8192 2.000150000 2
188 1068 3 8192 2.000150000 2
192 448 3 8192 2.000150000 2
192 448 3 8192 2.000150000 2
192 836 3 8192 2.000150000 2
192 100 3 8192 2.000150000 2
192 764 3 8192 2.000150000 2
192 104 3 8192 2.000150000 2
192 516 3 8192 2.000150000 2
192 564 3 8192 2.000150000 2
196 448 3 8192 2.000150000 2
196 448 3 8192 2.000150000 2
196 704 3 8192 2.000150000 2
196 44 3 8192 2.000150000 2
196 408 3 8192 2.000150000 2
196 620 3 8192 2.000150000 2
196 212 3 8192 2.000150000 2
196 1268 3 8192 2.000150000 2
200 448 3 8192 2.000150000 2
200 448 3 8192 2.000150000 2
200 1184 3 8192 2.000150000 2
200 508 3 8192 2.000150000 2
200 324 3 8192 2.000150000 2
200 560 3 8192 2.000150000 2
200 304 3 8192 2.000150000 2
200 464 3 8192 2.000150000 2
212 448 3 8192 2.000150000 2
212 448 3 8192 2.000150000 2
212 1144 3 8192 2.000150000 2
212 756 3 8192 2.000150000 2
212 1200 3 8192 2.000150000 2
212 452 3 8192 2.000150000 2
212 832 3 8192 2.000150000 2
212 1016 3 8192 2.000150000 2
216 448 3 8192 2.000150000 2
216 448 3 8192 2.000150000 2
216 1152 3 8192 2.000150000 2
216 1144 3 8192 2.000150000 2
216 476 3 8192 2.000150000 2
216 836 3 8192 2.000150000 2
216 424 3 8192 2.000150000 2
216 1180 3 8192 2.000150000 2
220 448 3 8192 2.000150000 2
220 448 3 8192 2.000150000 2
220 236 3 8192 2.000150000 2
220 676 3 8192 2.000150000 2
220 728 3 8192 2.000150000 2
220 1116 3 8192 2.000150000 2
220 696 3 8192 2.000150000 2
220 488 3 8192 2.000150000 2
228 448 3 8192 2.000150000 2
228 448 3 8192 2.000150000 2
228 1012 3 8192 2.000150000 2
228 1120 3 8192 2.000150000 2
228 260 3 8192 2.000150000 2
228 1144 3 8192 2.000150000 2
228 364 3 8192 2.000150000 2
228 620 3 8192 2.000150000 2
232 448 3 8192 2.000150000 2
232 448 3 8192 2.000150000 2
232 1100 3 8192 2.000150000 2
232 332 3 8192 2.000150000 2
232 584 3 8192 2.000150000 2
232 856 3 8192 2.000150000 2
232 1076 3 8192 2.000150000 2
232 824 3 8192 2.000150000 2
236 448 3 8192 2.000150000 2
236 448 3 8192 2.000150000 2
236 968 3 8192 2.000150000 2
236 628 3 8192 2.000150000 2
236 1264 3 8192 2.000150000 2
236 856 3 8192 2.000150000 2
236 1192 3 8192 2.000150000 2
236 852 3 8192 2.000150000 2
240 448 3 8192 2.000150000 2
240 448 3 8192 2.000150000 2
240 228 3 8192 2.000150000 2
240 904 3 8192 2.000150000 2
240 700 3 8192 2.000150000 2
240 220 3 8192 2.000150000 2
240 952 3 8192 2.000150000 2
240 652 3 8192 2.000150000 2
244 448 3 8192 2.000150000 2
244 448 3 8192 2.000150000 2
244 460 3 8192 2.000150000 2
244 1240 3 8192 2.000150000 2
244 996 3 8192 2.000150000 2
244 8 3 8192 2.000150000 2
244 1040 3 8192 2.000150000 2
244 200 3 8192 2.000150000 2
248 448 3 8192 2.000150000 2
248 448 3 8192 2.000150000 2
248 1240 3 8192 2.000150000 2
248 400 3 8192 2.000150000 2
248 560 3 8192 2.000150000 2
248 1116 3 8192 2.000150000 2
248 388 3 8192 2.000150000 2
248 612 3 8192 2.000150000 2
252 448 3 8192 2.000150000 2
252 448 3 8192 2.000150000 2
252 380 3 8192 2.000150000 2
252 824 3 8192 2.000150000 2
252 52 3 8192 2.000150000 2
252 408 3 8192 2.000150000 2
252 200 3 8192 2.000150000 2
252 1200 3 8192 2.000150000 2
260 448 3 8192 2.000150000 2
260 448 3 8192 2.000150000 2
260 852 3 8192 2.000150000 2
260 996 3 8192 2.000150000 2
260 1200 3 8192 2.000150000 2
260 44 3 8192 2.000150000 2
260 824 3 8192 2.000150000 2
260 476 3 8192 2.000150000 2
268 448 3 8192 2.000150000 2
268 448 3 8192 2.000150000 2
268 1264 3 8192 2.000150000 2
268 700 3 8192 2.000150000 2
268 288 3 8192 2.000150000 2
268 1256 3 8192 2.000150000 2
268 936 3 8192 2.000150000 2
268 696 3 8192 2.000150000 2
272 448 3 8192 2.000150000 2
272 448 3 8192 2.000150000 2
272 900 3 8192 2.000150000 2
272 564 3 8192 2.000150000 2
272 1020 3 8192 2.000150000 2
272 32 3 8192 2.000150000 2
272 96 3 8192 2.000150000 2
272 884 3 8192 2.000150000 2
276 448 3 8192 2.000150000 2
276 448 3 8192 2.000150000 2
276 880 3 8192 2.000150000 2
276 436 3 8192 2.000150000 2
276 700 3 8192 2.000150000 2
276 640 3 8192 2.000150000 2
276 896 3 8192 2.000150000 2
276 160 3 8192 2.000150000 2
284 448 3 8192 2.000150000 2
284 448 3 8192 2.000150000 2
284 176 3 8192 2.000150000 2
284 924 3 8192 2.000150000 2
284 684 3 8192 2.000150000 2
284 820 3 8192 2.000150000 2
284 1140 3 8192 2.000150000 2
284 1036 3 8192 2.000150000 2
288 448 3 8192 2.000150000 2
288 448 3 8192 2.000150000 2
288 84 3 8192 2.000150000 2
288 228 3 8192 2.000150000 2
288 1176 3 8192 2.000150000 2
288 868 3 8192 2.000150000 2
288 376 3 8192 2.000150000 2
288 780 3 8192 2.000150000 2
300 448 3 8192 2.000150000 2
300 448 3 8192 2.000150000 2
300 524 3 8192 2.000150000 2
300 28 3 8192 2.000150000 2
300 808 3 8192 2.000150000 2
300 20 3 8192 2.000150000 2
300 1096 3 8192 2.000150000 2
300 896 3 8192 2.000150000 2
304 448 3 8192 2.000150000 2
304 448 3 8192 2.000150000 2
304 76 3 8192 2.000150000 2
304 932 3 8192 2.000150000 2
304 532 3 8192 2.000150000 2
304 1128 3 8192 2.000150000 2
304 172 3 8192 2.000150000 2
304 8 3 8192 2.000150000 2
308 448 3 8192 2.000150000 2
308 448 3 8192 2.000150000 2
308 576 3 8192 2.000150000 2
308 1192 3 8192 2.000150000 2
308 200 3 8192 2.000150000 2
308 272 3 8192 2.000150000 2
308 80 3 8192 2.000150000 2
308 460 3 8192 2.000150000 2
312 448 3 8192 2.000150000 2
312 448 3 8192 2.000150000 2
312 704 3 8192 2.000150000 2
312 56 3 8192 2.000150000 2
312 548 3 8192 2.000150000 2
312 612 3 8192 2.000150000 2
312 360 3 8192 2.000150000 2
312 248 3 8192 2.000150000 2
320 448 3 8192 2.000150000 2
320 448 3 8192 2.000150000 2
320 476 3 8192 2.000150000 2
320 364 3 8192 2.000150000 2
320 428 3 8192 2.000150000 2
320 180 3 8192 2.000150000 2
320 1096 3 8192 2.000150000 2
320 20 3 8192 2.000150000 2
324 448 3 8192 2.000150000 2
324 448 3 8192 2.000150000 2
324 924 3 8192 2.000150000 2
324 1224 3 8192 2.000150000 2
324 624 3 8192 2.000150000 2
324 1152 3 8192 2.000150000 2
324 576 3 8192 2.000150000 2
324 448 3 8192 2.000150000 2
332 448 3 8192 2.000150000 2
332 448 3 8192 2.000150000 2
332 1136 3 8192 2.000150000 2
332 852 3 8192 2.000150000 2
332 1244 3 8192 2.000150000 2
332 176 3 8192 2.000150000 2
332 544 3 8192 2.000150000 2
332 1040 3 8192 2.000150000 2
336 448 3 8192 2.000150000 2
336 448 3 8192 2.000150000 2
336 1024 3 8192 2.000150000 2
336 1020 3 8192 2.000150000 2
336 12 3 8192 2.000150000 2
336 952 3 8192 2.000150000 2
336 612 3 8192 2.000150000 2
336 572 3 8192 2.000150000 2
340 448 3 8192 2.000150000 2
340 448 3 8192 2.000150000 2
340 600 3 8192 2.000150000 2
340 460 3 8192 2.000150000 2
340 900 3 8192 2.000150000 2
340 360 3 8192 2.000150000 2
340 104 3 8192 2.000150000 2
340 32 3 8192 2.000150000 2
344 448 3 8192 2.000150000 2
344 448 3 8192 2.000150000 2
344 920 3 8192 2.000150000 2
344 76 3 8192 2.000150000 2
344 364 3 8192 2.000150000 2
344 828 3 8192 2.000150000 2
344 736 3 8192 2.000150000 2
344 424 3 8192 2.000150000 2
360 448 3 8192 2.000150000 2
360 448 3 8192 2.000150000 2
360 344 3 8192 2.000150000 2
360 136 3 8192 2.000150000 2
360 1100 3 8192 2.000150000 2
360 368 3 8192 2.000150000 2
360 1092 3 8192 2.000150000 2
360 596 3 8192 2.000150000 2
364 448 3 8192 2.000150000 2
364 448 3 8192 2.000150000 2
364 1004 3 8192 2.000150000 2
364 448 3 8192 2.000150000 2
364 536 3 8192 2.000150000 2
364 628 3 8192 2.000150000 2
364 640 3 8192 2.000150000 2
364 228 3 8192 2.000150000 2
368 448 3 8192 2.000150000 2
368 448 3 8192 2.000150000 2
368 612 3 8192 2.000150000 2
368 1064 3 8192 2.000150000 2
368 976 3 8192 2.000150000 2
368 320 3 8192 2.000150000 2
368 168 3 8192 2.000150000 2
368 724 3 8192 2.000150000 2
372 448 3 8192 2.000150000 2
372 448 3 8192 2.000150000 2
372 560 3 8192 2.000150000 2
372 244 3 8192 2.000150000 2
372 724 3 8192 2.000150000 2
372 484 3 8192 2.000150000 2
372 368 3 8192 2.000150000 2
372 548 3 8192 2.000150000 2
376 448 3 8192 2.000150000 2
376 448 3 8192 2.000150000 2
376 336 3 8192 2.000150000 2
376 272 3 8192 2.000150000 2
376 480 3 8192 2.000150000 2
376 496 3 8192 2.000150000 2
376 632 3 8192 2.000150000 2
376 720 3 8192 2.000150000 2
380 448 3 8192 2.000150000 2
380 448 3 8192 2.000150000 2
380 196 3 8192 2.000150000 2
380 992 3 8192 2.000150000 2
380 20 3 8192 2.000150000 2
380 1016 3 8192 2.000150000 2
380 92 3 8192 2.000150000 2
380 1040 3 8192 2.000150000 2
384 448 3 8192 2.000150000 2
384 448 3 8192 2.000150000 2
384 700 3 8192 2.000150000 2
384 676 3 8192 2.000150000 2
384 464 3 8192 2.000150000 2
384 28 3 8192 2.000150000 2
384 1160 3 8192 2.000150000 2
384 820 3 8192 2.000150000 2
388 448 3 8192 2.000150000 2
388 448 3 8192 2.000150000 2
388 596 3 8192 2.000150000 2
388 268 3 8192 2.000150000 2
388 652 3 8192 2.000150000 2
388 512 3 8192 2.000150000 2
388 780 3 8192 2.000150000 2
388 1036 3 8192 2.000150000 2
400 448 3 8192 2.000150000 2
400 448 3 8192 2.000150000 2
400 580 3 8192 2.000150000 2
400 668 3 8192 2.000150000 2
400 260 3 8192 2.000150000 2
400 620 3 8192 2.000150000 2
400 476 3 8192 2.000150000 2
400 56 3 8192 2.000150000 2
404 448 3 8192 2.000150000 2
404 448 3 8192 2.000150000 2
404 1088 3 8192 2.000150000 2
404 240 3 8192 2.000150000 2
404 856 3 8192 2.000150000 2
404 1064 3 8192 2.000150000 2
404 576 3 8192 2.000150000 2
404 1000 3 8192 2.000150000 2
408 448 3 8192 2.000150000 2
408 448 3 8192 2.000150000 2
408 1064 3 8192 2.000150000 2
408 780 3 8192 2.000150000 2
408 192 3 8192 2.000150000 2
408 260 3 8192 2.000150000 2
408 628 3 8192 2.000150000 2
408 164 3 8192 2.000150000 2
416 448 3 8192 2.000150000 2
416 448 3 8192 2.000150000 2
416 180 3 8192 2.000150000 2
416 384 3 8192 2.000150000 2
416 776 3 8192 2.000150000 2
416 1020 3 8192 2.000150000 2
416 268 3 8192 2.000150000 2
416 1032 3 8192 2.000150000 2
420 448 3 8192 2.000150000 2
420 448 3 8192 2.000150000 2
420 932 3 8192 2.000150000 2
420 1148 3 8192 2.000150000 2
420 212 3 8192 2.000150000 2
420 684 3 8192 2.000150000 2
420 516 3 8192 2.000150000 2
420 416 3 8192 2.000150000 2
424 448 3 8192 2.000150000 2
424 448 3 8192 2.000150000 2
424 1016 3 8192 2.000150000 2
424 1108 3 8192 2.000150000 2
424 764 3 8192 2.000150000 2
424 636 3 8192 2.000150000 2
424 1240 3 8192 2.000150000 2
424 212 3 8192 2.000150000 2
428 448 3 8192 2.000150000 2
428 448 3 8192 2.000150000 2
428 752 3 8192 2.000150000 2
428 1264 3 8192 2.000150000 2
428 488 3 8192 2.000150000 2
428 1240 3 8192 2.000150000 2
428 112 3 8192 2.000150000 2
428 800 3 8192 2.000150000 2
432 448 3 8192 2.000150000 2
432 448 3 8192 2.000150000 2
432 1216 3 8192 2.000150000 2
432 1068 3 8192 2.000150000 2
432 776 3 8192 2.000150000 2
432 404 3 8192 2.000150000 2
432 1112 3 8192 2.000150000 2
432 52 3 8192 2.000150000 2
436 448 3 8192 2.000150000 2
436 448 3 8192 2.000150000 2
436 120 3 8192 2.000150000 2
436 424 3 8192 2.000150000 2
436 1092 3 8192 2.000150000 2
436 1132 3 8192 2.000150000 2
436 488 3 8192 2.000150000 2
436 460 3 8192 2.000150000 2
444 448 3 8192 2.000150000 2
444 448 3 8192 2.000150000 2
444 1236 3 8192 2.000150000 2
444 1020 3 8192 2.000150000 2
444 160 3 8192 2.000150000 2
444 916 3 8192 2.000150000 2
444 548 3 8192 2.000150000 2
444 240 3 8192 2.000150000 2
448 452 3 8192 2.000150000 2
448 452 3 8192 2.000150000 2
448 148 3 8192 2.000150000 2
448 88 3 8192 2.000150000 2
448 764 3 8192 2.000150000 2
448 196 3 8192 2.000150000 2
448 600 3 8192 2.000150000 2
448 1000 3 8192 2.000150000 2
452 448 3 8192 2.000150000 2
452 448 3 8192 2.000150000 2
452 8 3 8192 2.000150000 2
452 732 3 8192 2.000150000 2
452 992 3 8192 2.000150000 2
452 904 3 8192 2.000150000 2
452 1236 3 8192 2.000150000 2
452 908 3 8192 2.000150000 2
456 448 3 8192 2.000150000 2
456 448 3 8192 2.000150000 2
456 996 3 8192 2.000150000 2
456 676 3 8192 2.000150000 2
456 848 3 8192 2.000150000 2
456 312 3 8192 2.000150000 2
456 432 3 8192 2.000150000 2
456 728 3 8192 2.000150000 2
460 448 3 8192 2.000150000 2
460 448 3 8192 2.000150000 2
460 312 3 8192 2.000150000 2
460 1172 3 8192 2.000150000 2
460 416 3 8192 2.000150000 2
460 648 3 8192 2.000150000 2
460 976 3 8192 2.000150000 2
460 532 3 8192 2.000150000 2
464 448 3 8192 2.000150000 2
464 448 3 8192 2.000150000 2
464 260 3 8192 2.000150000 2
464 1256 3 8192 2.000150000 2
464 100 3 8192 2.000150000 2
464 344 3 8192 2.000150000 2
464 1168 3 8192 2.000150000 2
464 868 3 8192 2.000150000 2
468 448 3 8192 2.000150000 2
468 448 3 8192 2.000150000 2
468 44 3 8192 2.000150000 2
468 928 3 8192 2.000150000 2
468 1176 3 8192 2.000150000 2
468 100 3 8192 2.000150000 2
468 1140 3 8192 2.000150000 2
468 968 3 8192 2.000150000 2
476 448 3 8192 2.000150000 2
476 448 3 8192 2.000150000 2
476 304 3 8192 2.000150000 2
476 1064 3 8192 2.000150000 2
476 528 3 8192 2.000150000 2
476 60 3 8192 2.000150000 2
476 828 3 8192 2.000150000 2
476 260 3 8192 2.000150000 2
480 448 3 8192 2.000150000 2
480 448 3 8192 2.000150000 2
480 996 3 8192 2.000150000 2
480 1200 3 8192 2.000150000 2
480 88 3 8192 2.000150000 2
480 968 3 8192 2.000150000 2
480 948 3 8192 2.000150000 2
480 96 3 8192 2.000150000 2
484 448 3 8192 2.000150000 2
484 448 3 8192 2.000150000 2
484 360 3 8192 2.000150000 2
484 1080 3 8192 2.000150000 2
484 808 3 8192 2.000150000 2
484 1008 3 8192 2.000150000 2
484 1228 3 8192 2.000150000 2
484 868 3 8192 2.000150000 2
488 448 3 8192 2.000150000 2
488 448 3 8192 2.000150000 2
488 728 3 8192 2.000150000 2
488 1096 3 8192 2.000150000 2
488 312 3 8192 2.000150000 2
488 1068 3 8192 2.000150000 2
488 880 3 8192 2.000150000 2
488 768 3 8192 2.000150000 2
496 448 3 8192 2.000150000 2
496 448 3 8192 2.000150000 2
496 184 3 8192 2.000150000 2
496 724 3 8192 2.000150000 2
496 40 3 8192 2.000150000 2
496 444 3 8192 2.000150000 2
496 192 3 8192 2.000150000 2
496 284 3 8192 2.000150000 2
500 448 3 8192 2.000150000 2
500 448 3 8192 2.000150000 2
500 636 3 8192 2.000150000 2
500 772 3 8192 2.000150000 2
500 404 3 8192 2.000150000 2
500 476 3 8192 2.000150000 2
500 148 3 8192 2.000150000 2
500 84 3 8192 2.000150000 2
508 448 3 8192 2.000150000 2
508 448 3 8192 2.000150000 2
508 564 3 8192 2.000150000 2
508 856 3 8192 2.000150000 2
508 1188 3 8192 2.000150000 2
508 500 3 8192 2.000150000 2
508 748 3 8192 2.000150000 2
508 964 3 8192 2.000150000 2
512 448 3 8192 2.000150000 2
512 448 3 8192 2.000150000 2
512 896 3 8192 2.000150000 2
512 464 3 8192 2.000150000 2
512 868 3 8192 2.000150000 2
512 52 3 8192 2.000150000 2
512 340 3 8192 2.000150000 2
512 1224 3 8192 2.000150000 2
516 448 3 8192 2.000150000 2
516 448 3 8192 2.000150000 2
516 788 3 8192 2.000150000 2
516 572 3 8192 2.000150000 2
516 308 3 8192 2.000150000 2
516 372 3 8192 2.000150000 2
516 376 3 8192 2.000150000 2
516 880 3 8192 2.000150000 2
524 448 3 8192 2.000150000 2
524 448 3 8192 2.000150000 2
524 1032 3 8192 2.000150000 2
524 108 3 8192 2.000150000 2
524 496 3 8192 2.000150000 2
524 1220 3 8192 2.000150000 2
524 920 3 8192 2.000150000 2
524 220 3 8192 2.000150000 2
528 448 3 8192 2.000150000 2
528 448 3 8192 2.000150000 2
528 228 3 8192 2.000150000 2
528 584 3 8192 2.000150000 2
528 380 3 8192 2.000150000 2
528 244 3 8192 2.000150000 2
528 532 3 8192 2.000150000 2
528 480 3 8192 2.000150000 2
532 448 3 8192 2.000150000 2
532 448 3 8192 2.000150000 2
532 988 3 8192 2.000150000 2
532 764 3 8192 2.000150000 2
532 1236 3 8192 2.000150000 2
532 1244 3 8192 2.000150000 2
532 1180 3 8192 2.000150000 2
532 304 3 8192 2.000150000 2
536 448 3 8192 2.000150000 2
536 448 3 8192 2.000150000 2
536 388 3 8192 2.000150000 2
536 1120 3 8192 2.000150000 2
536 860 3 8192 2.000150000 2
536 1096 3 8192 2.000150000 2
536 1100 3 8192 2.000150000 2
536 716 3 8192 2.000150000 2
544 448 3 8192 2.000150000 2
544 448 3 8192 2.000150000 2
544 1084 3 8192 2.000150000 2
544 1056 3 8192 2.000150000 2
544 948 3 8192 2.000150000 2
544 712 3 8192 2.000150000 2
544 904 3 8192 2.000150000 2
544 436 3 8192 2.000150000 2
548 448 3 8192 2.000150000 2
548 448 3 8192 2.000150000 2
548 668 3 8192 2.000150000 2
548 488 3 8192 2.000150000 2
548 1140 3 8192 2.000150000 2
548 444 3 8192 2.000150000 2
548 716 3 8192 2.000150000 2
548 60 3 8192 2.000150000 2
556 448 3 8192 2.000150000 2
556 448 3 8192 2.000150000 2
556 1212 3 8192 2.000150000 2
556 816 3 8192 2.000150000 2
556 904 3 8192 2.000150000 2
556 1064 3 8192 2.000150000 2
556 844 3 8192 2.000150000 2
556 884 3 8192 2.000150000 2
560 448 3 8192 2.000150000 2
560 448 3 8192 2.000150000 2
560 924 3 8192 2.000150000 2
560 1164 3 8192 2.000150000 2
560 776 3 8192 2.000150000 2
560 928 3 8192 2.000150000 2
560 1036 3 8192 2.000150000 2
560 1196 3 8192 2.000150000 2
564 448 3 8192 2.000150000 2
564 448 3 8192 2.000150000 2
564 192 3 8192 2.000150000 2
564 952 3 8192 2.000150000 2
564 1172 3 8192 2.000150000 2
564 748 3 8192 2.000150000 2
564 1224 3 8192 2.000150000 2
564 408 3 8192 2.000150000 2
572 448 3 8192 2.000150000 2
572 448 3 8192 2.000150000 2
572 788 3 8192 2.000150000 2
572 476 3 8192 2.000150000 2
572 132 3 8192 2.000150000 2
572 1148 3 8192 2.000150000 2
572 864 3 8192 2.000150000 2
572 544 3 8192 2.000150000 2
576 448 3 8192 2.000150000 2
576 448 3 8192 2.000150000 2
576 1264 3 8192 2.000150000 2
576 44 3 8192 2.000150000 2
576 48 3 8192 2.000150000 2
576 892 3 8192 2.000150000 2
576 104 3 8192 2.000150000 2
576 1048 3 8192 2.000150000 2
580 448 3 8192 2.000150000 2
580 448 3 8192 2.000150000 2
580 600 3 8192 2.000150000 2
580 92 3 8192 2.000150000 2
580 1048 3 8192 2.000150000 2
580 320 3 8192 2.000150000 2
580 1176 3 8192 2.000150000 2
580 344 3 8192 2.000150000 2
584 448 3 8192 2.000150000 2
584 448 3 8192 2.000150000 2
584 368 3 8192 2.000150000 2
584 476 3 8192 2.000150000 2
584 1088 3 8192 2.000150000 2
584 856 3 8192 2.000150000 2
584 964 3 8192 2.000150000 2
584 748 3 8192 2.000150000 2
588 448 3 8192 2.000150000 2
588 448 3 8192 2.000150000 2
588 456 3 8192 2.000150000 2
588 188 3 8192 2.000150000 2
588 524 3 8192 2.000150000 2
588 764 3 8192 2.000150000 2
588 108 3 8192 2.000150000 2
588 756 3 8192 2.000150000 2
592 448 3 8192 2.000150000 2
592 448 3 8192 2.000150000 2
592 324 3 8192 2.000150000 2
592 368 3 8192 2.000150000 2
592 880 3 8192 2.000150000 2
592 1236 3 8192 2.000150000 2
592 772 3 8192 2.000150000 2
592 240 3 8192 2.000150000 2
596 448 3 8192 2.000150000 2
596 448 3 8192 2.000150000 2
596 12 3 8192 2.000150000 2
596 1148 3 8192 2.000150000 2
596 824 3 8192 2.000150000 2
596 96 3 8192 2.000150000 2
596 132 3 8192 2.000150000 2
596 84 3 8192 2.000150000 2
600 448 3 8192 2.000150000 2
600 448 3 8192 2.000150000 2
600 40 3 8192 2.000150000 2
600 236 3 8192 2.000150000 2
600 1168 3 8192 2.000150000 2
600 1096 3 8192 2.000150000 2
600 388 3 8192 2.000150000 2
600 800 3 8192 2.000150000 2
612 448 3 8192 2.000150000 2
612 448 3 8192 2.000150000 2
612 580 3 8192 2.000150000 2
612 1196 3 8192 2.000150000 2
612 360 3 8192 2.000150000 2
612 900 3 8192 2.000150000 2
612 976 3 8192 2.000150000 2
612 1016 3 8192 2.000150000 2
616 448 3 8192 2.000150000 2
616 448 3 8192 2.000150000 2
616 888 3 8192 2.000150000 2
616 900 3 8192 2.000150000 2
616 1168 3 8192 2.000150000 2
616 676 3 8192 2.000150000 2
616 744 3 8192 2.000150000 2
616 936 3 8192 2.000150000 2
620 448 3 8192 2.000150000 2
620 448 3 8192 2.000150000 2
620 1220 3 8192 2.000150000 2
620 1228 3 8192 2.000150000 2
620 444 3 8192 2.000150000 2
620 376 3 8192 2.000150000 2
620 424 3 8192 2.000150000 2
620 752 3 8192 2.000150000 2
624 448 3 8192 2.000150000 2
624 448 3 8192 2.000150000 2
624 360 3 8192 2.000150000 2
624 824 3 8192 2.000150000 2
624 480 3 8192 2.000150000 2
624 940 3 8192 2.000150000 2
624 332 3 8192 2.000150000 2
624 48 3 8192 2.000150000 2
628 448 3 8192 2.000150000 2
628 448 3 8192 2.000150000 2
628 424 3 8192 2.000150000 2
628 772 3 8192 2.000150000 2
628 372 3 8192 2.000150000 2
628 580 3 8192 2.000150000 2
628 1132 3 8192 2.000150000 2
628 968 3 8192 2.000150000 2
632 448 3 8192 2.000150000 2
632 448 3 8192 2.000150000 2
632 696 3 8192 2.000150000 2
632 156 3 8192 2.000150000 2
632 896 3 8192 2.000150000 2
632 1084 3 8192 2.000150000 2
632 480 3 8192 2.000150000 2
632 236 3 8192 2.000150000 2
636 448 3 8192 2.000150000 2
636 448 3 8192 2.000150000 2
636 176 3 8192 2.000150000 2
636 1080 3 8192 2.000150000 2
636 984 3 8192 2.000150000 2
636 340 3 8192 2.000150000 2
636 1168 3 8192 2.000150000 2
636 84 3 8192 2.000150000 2
640 448 3 8192 2.000150000 2
640 448 3 8192 2.000150000 2
640 860 3 8192 2.000150000 2
640 460 3 8192 2.000150000 2
640 380 3 8192 2.000150000 2
640 180 3 8192 2.000150000 2
640 216 3 8192 2.000150000 2
640 768 3 8192 2.000150000 2
644 448 3 8192 2.000150000 2
644 448 3 8192 2.000150000 2
644 1276 3 8192 2.000150000 2
644 1188 3 8192 2.000150000 2
644 720 3 8192 2.000150000 2
644 388 3 8192 2.000150000 2
644 44 3 8192 2.000150000 2
644 1136 3 8192 2.000150000 2
648 448 3 8192 2.000150000 2
648 448 3 8192 2.000150000 2
648 372 3 8192 2.000150000 2
648 584 3 8192 2.000150000 2
648 536 3 8192 2.000150000 2
648 1276 3 8192 2.000150000 2
648 640 3 8192 2.000150000 2
648 628 3 8192 2.000150000 2
652 448 3 8192 2.000150000 2
652 448 3 8192 2.000150000 2
652 1168 3 8192 2.000150000 2
652 1088 3 8192 2.000150000 2
652 488 3 8192 2.000150000 2
652 860 3 8192 2.000150000 2
652 1056 3 8192 2.000150000 2
652 1152 3 8192 2.000150000 2
668 448 3 8192 2.000150000 2
668 448 3 8192 2.000150000 2
668 320 3 8192 2.000150000 2
668 196 3 8192 2.000150000 2
668 56 3 8192 2.000150000 2
668 940 3 8192 2.000150000 2
668 76 3 8192 2.000150000 2
668 1180 3 8192 2.000150000 2
672 448 3 8192 2.000150000 2
672 448 3 8192 2.000150000 2
672 968 3 8192 2.000150000 2
672 312 3 8192 2.000150000 2
672 1084 3 8192 2.000150000 2
672 20 3 8192 2.000150000 2
672 1212 3 8192 2.000150000 2
672 964 3 8192 2.000150000 2
676 448 3 8192 2.000150000 2
676 448 3 8192 2.000150000 2
676 984 3 8192 2.000150000 2
676 340 3 8192 2.000150000 2
676 564 3 8192 2.000150000 2
676 1160 3 8192 2.000150000 2
676 1276 3 8192 2.000150000 2
676 300 3 8192 2.000150000 2
680 448 3 8192 2.000150000 2
680 448 3 8192 2.000150000 2
680 176 3 8192 2.000150000 2
680 32 3 8192 2.000150000 2
680 616 3 8192 2.000150000 2
680 900 3 8192 2.000150000 2
680 1080 3 8192 2.000150000 2
680 1108 3 8192 2.000150000 2
684 448 3 8192 2.000150000 2
684 448 3 8192 2.000150000 2
684 1076 3 8192 2.000150000 2
684 388 3 8192 2.000150000 2
684 1000 3 8192 2.000150000 2
684 1140 3 8192 2.000150000 2
684 908 3 8192 2.000150000 2
684 132 3 8192 2.000150000 2
692 448 3 8192 2.000150000 2
692 448 3 8192 2.000150000 2
692 1100 3 8192 2.000150000 2
692 1268 3 8192 2.000150000 2
692 156 3 8192 2.000150000 2
692 824 3 8192 2.000150000 2
692 312 3 8192 2.000150000 2
692 556 3 8192 2.000150000 2
696 448 3 8192 2.000150000 2
696 448 3 8192 2.000150000 2
696 176 3 8192 2.000150000 2
696 212 3 8192 2.000150000 2
696 936 3 8192 2.000150000 2
696 564 3 8192 2.000150000 2
696 428 3 8192 2.000150000 2
696 652 3 8192 2.000150000 2
700 448 3 8192 2.000150000 2
700 448 3 8192 2.000150000 2
700 892 3 8192 2.000150000 2
700 828 3 8192 2.000150000 2
700 1216 3 8192 2.000150000 2
700 1068 3 8192 2.000150000 2
700 452 3 8192 2.000150000 2
700 360 3 8192 2.000150000 2
704 448 3 8192 2.000150000 2
704 448 3 8192 2.000150000 2
704 104 3 8192 2.000150000 2
704 1024 3 8192 2.000150000 2
704 1020 3 8192 2.000150000 2
704 916 3 8192 2.000150000 2
704 860 3 8192 2.000150000 2
704 484 3 8192 2.000150000 2
712 448 3 8192 2.000150000 2
712 448 3 8192 2.000150000 2
712 588 3 8192 2.000150000 2
712 196 3 8192 2.000150000 2
712 100 3 8192 2.000150000 2
712 1176 3 8192 2.000150000 2
712 1268 3 8192 2.000150000 2
712 1036 3 8192 2.000150000 2
716 448 3 8192 2.000150000 2
716 448 3 8192 2.000150000 2
716 1160 3 8192 2.000150000 2
716 968 3 8192 2.000150000 2
716 1144 3 8192 2.000150000 2
716 132 3 8192 2.000150000 2
716 1056 3 8192 2.000150000 2
716 524 3 8192 2.000150000 2
720 448 3 8192 2.000150000 2
720 448 3 8192 2.000150000 2
720 888 3 8192 2.000150000 2
720 1132 3 8192 2.000150000 2
720 1256 3 8192 2.000150000 2
720 1116 3 8192 2.000150000 2
720 612 3 8192 2.000150000 2
720 460 3 8192 2.000150000 2
724 448 3 8192 2.000150000 2
724 448 3 8192 2.000150000 2
724 544 3 8192 2.000150000 2
724 216 3 8192 2.000150000 2
724 896 3 8192 2.000150000 2
724 892 3 8192 2.000150000 2
724 600 3 8192 2.000150000 2
724 920 3 8192 2.000150000 2
728 448 3 8192 2.000150000 2
728 448 3 8192 2.000150000 2
728 1264 3 8192 2.000150000 2
728 272 3 8192 2.000150000 2
728 900 3 8192 2.000150000 2
728 408 3 8192 2.000150000 2
728 460 3 8192 2.000150000 2
728 360 3 8192 2.000150000 2
732 448 3 8192 2.000150000 2
732 448 3 8192 2.000150000 2
732 592 3 8192 2.000150000 2
732 900 3 8192 2.000150000 2
732 1216 3 8192 2.000150000 2
732 340 3 8192 2.000150000 2
732 572 3 8192 2.000150000 2
732 360 3 8192 2.000150000 2
736 448 3 8192 2.000150000 2
736 448 3 8192 2.000150000 2
736 304 3 8192 2.000150000 2
736 488 3 8192 2.000150000 2
736 1148 3 8192 2.000150000 2
736 252 3 8192 2.000150000 2
736 1056 3 8192 2.000150000 2
736 160 3 8192 2.000150000 2
740 448 3 8192 2.000150000 2
740 448 3 8192 2.000150000 2
740 52 3 8192 2.000150000 2
740 908 3 8192 2.000150000 2
740 712 3 8192 2.000150000 2
740 636 3 8192 2.000150000 2
740 276 3 8192 2.000150000 2
740 1024 3 8192 2.000150000 2
744 448 3 8192 2.000150000 2
744 448 3 8192 2.000150000 2
744 384 3 8192 2.000150000 2
744 340 3 8192 2.000150000 2
744 1200 3 8192 2.000150000 2
744 456 3 8192 2.000150000 2
744 164 3 8192 2.000150000 2
744 404 3 8192 2.000150000 2
748 448 3 8192 2.000150000 2
748 448 3 8192 2.000150000 2
748 828 3 8192 2.000150000 2
748 460 3 8192 2.000150000 2
748 848 3 8192 2.000150000 2
748 704 3 8192 2.000150000 2
748 84 3 8192 2.000150000 2
748 1088 3 8192 2.000150000 2
752 448 3 8192 2.000150000 2
752 448 3 8192 2.000150000 2
752 1060 3 8192 2.000150000 2
752 1180 3 8192 2.000150000 2
752 528 3 8192 2.000150000 2
752 20 3 8192 2.000150000 2
752 756 3 8192 2.000150000 2
752 1240 3 8192 2.000150000 2
756 448 3 8192 2.000150000 2
756 448 3 8192 2.000150000 2
756 516 3 8192 2.000150000 2
756 672 3 8192 2.000150000 2
756 600 3 8192 2.000150000 2
756 684 3 8192 2.000150000 2
756 148 3 8192 2.000150000 2
756 380 3 8192 2.000150000 2
764 448 3 8192 2.000150000 2
764 448 3 8192 2.000150000 2
764 28 3 8192 2.000150000 2
764 176 3 8192 2.000150000 2
764 1244 3 8192 2.000150000 2
764 844 3 8192 2.000150000 2
764 1228 3 8192 2.000150000 2
764 652 3 8192 2.000150000 2
768 448 3 8192 2.000150000 2
768 448 3 8192 2.000150000 2
768 80 3 8192 2.000150000 2
768 1156 3 8192 2.000150000 2
768 1136 3 8192 2.000150000 2
768 836 3 8192 2.000150000 2
768 1152 3 8192 2.000150000 2
768 628 3 8192 2.000150000 2
772 448 3 8192 2.000150000 2
772 448 3 8192 2.000150000 2
772 76 3 8192 2.000150000 2
772 136 3 8192 2.000150000 2
772 60 3 8192 2.000150000 2
772 1160 3 8192 2.000150000 2
772 632 3 8192 2.000150000 2
772 176 3 8192 2.000150000 2
776 448 3 8192 2.000150000 2
776 448 3 8192 2.000150000 2
776 1084 3 8192 2.000150000 2
776 1032 3 8192 2.000150000 2
776 460 3 8192 2.000150000 2
776 992 3 8192 2.000150000 2
776 160 3 8192 2.000150000 2
776 496 3 8192 2.000150000 2
780 448 3 8192 2.000150000 2
780 448 3 8192 2.000150000 2
780 164 3 8192 2.000150000 2
780 1024 3 8192 2.000150000 2
780 60 3 8192 2.000150000 2
780 176 3 8192 2.000150000 2
780 8 3 8192 2.000150000 2
780 844 3 8192 2.000150000 2
788 448 3 8192 2.000150000 2
788 448 3 8192 2.000150000 2
788 516 3 8192 2.000150000 2
788 1184 3 8192 2.000150000 2
788 228 3 8192 2.000150000 2
788 816 3 8192 2.000150000 2
788 560 3 8192 2.000150000 2
788 220 3 8192 2.000150000 2
792 448 3 8192 2.000150000 2
792 448 3 8192 2.000150000 2
792 368 3 8192 2.000150000 2
792 360 3 8192 2.000150000 2
792 456 3 8192 2.000150000 2
792 168 3 8192 2.000150000 2
792 1076 3 8192 2.000150000 2
792 304 3 8192 2.000150000 2
800 448 3 8192 2.000150000 2
800 448 3 8192 2.000150000 2
800 424 3 8192 2.000150000 2
800 320 3 8192 2.000150000 2
800 1080 3 8192 2.000150000 2
800 32 3 8192 2.000150000 2
800 1208 3 8192 2.000150000 2
800 416 3 8192 2.000150000 2
804 448 3 8192 2.000150000 2
804 448 3 8192 2.000150000 2
804 216 3 8192 2.000150000 2
804 512 3 8192 2.000150000 2
804 1008 3 8192 2.000150000 2
804 1240 3 8192 2.000150000 2
804 1096 3 8192 2.000150000 2
804 188 3 8192 2.000150000 2
808 448 3 8192 2.000150000 2
808 448 3 8192 2.000150000 2
808 1036 3 8192 2.000150000 2
808 528 3 8192 2.000150000 2
808 692 3 8192 2.000150000 2
808 848 3 8192 2.000150000 2
808 1228 3 8192 2.000150000 2
808 940 3 8192 2.000150000 2
816 448 3 8192 2.000150000 2
816 448 3 8192 2.000150000 2
816 248 3 8192 2.000150000 2
816 400 3 8192 2.000150000 2
816 168 3 8192 2.000150000 2
816 80 3 8192 2.000150000 2
816 468 3 8192 2.000150000 2
816 1128 3 8192 2.000150000 2
820 448 3 8192 2.000150000 2
820 448 3 8192 2.000150000 2
820 76 3 8192 2.000150000 2
820 364 3 8192 2.000150000 2
820 1036 3 8192 2.000150000 2
820 140 3 8192 2.000150000 2
820 804 3 8192 2.000150000 2
820 284 3 8192 2.000150000 2
824 448 3 8192 2.000150000 2
824 448 3 8192 2.000150000 2
824 1172 3 8192 2.000150000 2
824 196 3 8192 2.000150000 2
824 1092 3 8192 2.000150000 2
824 32 3 8192 2.000150000 2
824 1064 3 8192 2.000150000 2
824 332 3 8192 2.000150000 2
828 448 3 8192 2.000150000 2
828 448 3 8192 2.000150000 2
828 648 3 8192 2.000150000 2
828 40 3 8192 2.000150000 2
828 372 3 8192 2.000150000 2
828 1224 3 8192 2.000150000 2
828 636 3 8192 2.000150000 2
828 1192 3 8192 2.000150000 2
832 448 3 8192 2.000150000 2
832 448 3 8192 2.000150000 2
832 668 3 8192 2.000150000 2
832 508 3 8192 2.000150000 2
832 584 3 8192 2.000150000 2
832 548 3 8192 2.000150000 2
832 1212 3 8192 2.000150000 2
832 372 3 8192 2.000150000 2
836 448 3 8192 2.000150000 2
836 448 3 8192 2.000150000 2
836 432 3 8192 2.000150000 2
836 1008 3 8192 2.000150000 2
836 968 3 8192 2.000150000 2
836 100 3 8192 2.000150000 2
836 500 3 8192 2.000150000 2
836 768 3 8192 2.000150000 2
840 448 3 8192 2.000150000 2
840 448 3 8192 2.000150000 2
840 896 3 8192 2.000150000 2
840 940 3 8192 2.000150000 2
840 616 3 8192 2.000150000 2
840 432 3 8192 2.000150000 2
840 1140 3 8192 2.000150000 2
840 528 3 8192 2.000150000 2
844 448 3 8192 2.000150000 2
844 448 3 8192 2.000150000 2
844 40 3 8192 2.000150000 2
844 288 3 8192 2.000150000 2
844 1200 3 8192 2.000150000 2
844 132 3 8192 2.000150000 2
844 640 3 8192 2.000150000 2
844 400 3 8192 2.000150000 2
848 448 3 8192 2.000150000 2
848 448 3 8192 2.000150000 2
848 484 3 8192 2.000150000 2
848 1224 3 8192 2.000150000 2
848 344 3 8192 2.000150000 2
848 992 3 8192 2.000150000 2
848 52 3 8192 2.000150000 2
848 1180 3 8192 2.000150000 2
852 448 3 8192 2.000150000 2
852 448 3 8192 2.000150000 2
852 104 3 8192 2.000150000 2
852 792 3 8192 2.000150000 2
852 920 3 8192 2.000150000 2
852 272 3 8192 2.000150000 2
852 64 3 8192 2.000150000 2
852 48 3 8192 2.000150000 2
856 448 3 8192 2.000150000 2
856 448 3 8192 2.000150000 2
856 848 3 8192 2.000150000 2
856 548 3 8192 2.000150000 2
856 236 3 8192 2.000150000 2
856 1100 3 8192 2.000150000 2
856 736 3 8192 2.000150000 2
856 40 3 8192 2.000150000 2
860 448 3 8192 2.000150000 2
860 448 3 8192 2.000150000 2
860 704 3 8192 2.000150000 2
860 212 3 8192 2.000150000 2
860 1256 3 8192 2.000150000 2
860 924 3 8192 2.000150000 2
860 364 3 8192 2.000150000 2
860 436 3 8192 2.000150000 2
864 448 3 8192 2.000150000 2
864 448 3 8192 2.000150000 2
864 192 3 8192 2.000150000 2
864 1032 3 8192 2.000150000 2
864 732 3 8192 2.000150000 2
864 852 3 8192 2.000150000 2
864 1156 3 8192 2.000150000 2
864 1212 3 8192 2.000150000 2
868 448 3 8192 2.000150000 2
868 448 3 8192 2.000150000 2
868 308 3 8192 2.000150000 2
868 600 3 8192 2.000150000 2
868 500 3 8192 2.000150000 2
868 184 3 8192 2.000150000 2
868 928 3 8192 2.000150000 2
868 1268 3 8192 2.000150000 2
880 448 3 8192 2.000150000 2
880 448 3 8192 2.000150000 2
880 332 3 8192 2.000150000 2
880 252 3 8192 2.000150000 2
880 464 3 8192 2.000150000 2
880 308 3 8192 2.000150000 2
880 428 3 8192 2.000150000 2
880 860 3 8192 2.000150000 2
884 448 3 8192 2.000150000 2
884 448 3 8192 2.000150000 2
884 928 3 8192 2.000150000 2
884 112 3 8192 2.000150000 2
884 508 3 8192 2.000150000 2
884 496 3 8192 2.000150000 2
884 436 3 8192 2.000150000 2
884 1068 3 8192 2.000150000 2
888 448 3 8192 2.000150000 2
888 448 3 8192 2.000150000 2
888 108 3 8192 2.000150000 2
888 624 3 8192 2.000150000 2
888 464 3 8192 2.000150000 2
888 272 3 8192 2.000150000 2
888 1140 3 8192 2.000150000 2
888 880 3 8192 2.000150000 2
892 448 3 8192 2.000150000 2
892 448 3 8192 2.000150000 2
892 284 3 8192 2.000150000 2
892 936 3 8192 2.000150000 2
892 408 3 8192 2.000150000 2
892 32 3 8192 2.000150000 2
892 768 3 8192 2.000150000 2
892 676 3 8192 2.000150000 2
896 448 3 8192 2.000150000 2
896 448 3 8192 2.000150000 2
896 1128 3 8192 2.000150000 2
896 84 3 8192 2.000150000 2
896 516 3 8192 2.000150000 2
896 1024 3 8192 2.000150000 2
896 908 3 8192 2.000150000 2
896 600 3 8192 2.000150000 2
900 448 3 8192 2.000150000 2
900 448 3 8192 2.000150000 2
900 1048 3 8192 2.000150000 2
900 324 3 8192 2.000150000 2
900 744 3 8192 2.000150000 2
900 512 3 8192 2.000150000 2
900 616 3 8192 2.000150000 2
900 1036 3 8192 2.000150000 2
904 448 3 8192 2.000150000 2
904 448 3 8192 2.000150000 2
904 1092 3 8192 2.000150000 2
904 672 3 8192 2.000150000 2
904 988 3 8192 2.000150000 2
904 692 3 8192 2.000150000 2
904 596 3 8192 2.000150000 2
904 1004 3 8192 2.000150000 2
908 448 3 8192 2.000150000 2
908 448 3 8192 2.000150000 2
908 576 3 8192 2.000150000 2
908 244 3 8192 2.000150000 2
908 360 3 8192 2.000150000 2
908 484 3 8192 2.000150000 2
908 852 3 8192 2.000150000 2
908 628 3 8192 2.000150000 2
916 448 3 8192 2.000150000 2
916 448 3 8192 2.000150000 2
916 572 3 8192 2.000150000 2
916 924 3 8192 2.000150000 2
916 48 3 8192 2.000150000 2
916 792 3 8192 2.000150000 2
916 16 3 8192 2.000150000 2
916 464 3 8192 2.000150000 2
920 448 3 8192 2.000150000 2
920 448 3 8192 2.000150000 2
920 640 3 8192 2.000150000 2
920 1016 3 8192 2.000150000 2
920 704 3 8192 2.000150000 2
920 868 3 8192 2.000150000 2
920 424 3 8192 2.000150000 2
920 612 3 8192 2.000150000 2
924 448 3 8192 2.000150000 2
924 448 3 8192 2.000150000 2
924 968 3 8192 2.000150000 2
924 1240 3 8192 2.000150000 2
924 992 3 8192 2.000150000 2
924 388 3 8192 2.000150000 2
924 564 3 8192 2.000150000 2
924 800 3 8192 2.000150000 2
928 448 3 8192 2.000150000 2
928 448 3 8192 2.000150000 2
928 1064 3 8192 2.000150000 2
928 1240 3 8192 2.000150000 2
928 212 3 8192 2.000150000 2
928 704 3 8192 2.000150000 2
928 916 3 8192 2.000150000 2
928 500 3 8192 2.000150000 2
932 448 3 8192 2.000150000 2
932 448 3 8192 2.000150000 2
932 992 3 8192 2.000150000 2
932 1208 3 8192 2.000150000 2
932 140 3 8192 2.000150000 2
932 76 3 8192 2.000150000 2
932 200 3 8192 2.000150000 2
932 196 3 8192 2.000150000 2
936 448 3 8192 2.000150000 2
936 448 3 8192 2.000150000 2
936 836 3 8192 2.000150000 2
936 1132 3 8192 2.000150000 2
936 996 3 8192 2.000150000 2
936 1176 3 8192 2.000150000 2
936 464 3 8192 2.000150000 2
936 1024 3 8192 2.000150000 2
940 448 3 8192 2.000150000 2
940 448 3 8192 2.000150000 2
940 836 3 8192 2.000150000 2
940 12 3 8192 2.000150000 2
940 600 3 8192 2.000150000 2
940 336 3 8192 2.000150000 2
940 676 3 8192 2.000150000 2
940 448 3 8192 2.000150000 2
948 448 3 8192 2.000150000 2
948 448 3 8192 2.000150000 2
948 1000 3 8192 2.000150000 2
948 556 3 8192 2.000150000 2
948 468 3 8192 2.000150000 2
948 52 3 8192 2.000150000 2
948 1056 3 8192 2.000150000 2
948 924 3 8192 2.000150000 2
952 448 3 8192 2.000150000 2
952 448 3 8192 2.000150000 2
952 1176 3 8192 2.000150000 2
952 1236 3 8192 2.000150000 2
952 132 3 8192 2.000150000 2
952 272 3 8192 2.000150000 2
952 800 3 8192 2.000150000 2
952 496 3 8192 2.000150000 2
964 448 3 8192 2.000150000 2
964 448 3 8192 2.000150000 2
964 268 3 8192 2.000150000 2
964 644 3 8192 2.000150000 2
964 1188 3 8192 2.000150000 2
964 864 3 8192 2.000150000 2
964 992 3 8192 2.000150000 2
964 288 3 8192 2.000150000 2
968 448 3 8192 2.000150000 2
968 448 3 8192 2.000150000 2
968 768 3 8192 2.000150000 2
968 268 3 8192 2.000150000 2
968 1032 3 8192 2.000150000 2
968 1112 3 8192 2.000150000 2
968 64 3 8192 2.000150000 2
968 636 3 8192 2.000150000 2
976 448 3 8192 2.000150000 2
976 448 3 8192 2.000150000 2
976 888 3 8192 2.000150000 2
976 704 3 8192 2.000150000 2
976 20 3 8192 2.000150000 2
976 612 3 8192 2.000150000 2
976 308 3 8192 2.000150000 2
976 460 3 8192 2.000150000 2
984 448 3 8192 2.000150000 2
984 448 3 8192 2.000150000 2
984 836 3 8192 2.000150000 2
984 500 3 8192 2.000150000 2
984 952 3 8192 2.000150000 2
984 1020 3 8192 2.000150000 2
984 12 3 8192 2.000150000 2
984 76 3 8192 2.000150000 2
988 448 3 8192 2.000150000 2
988 448 3 8192 2.000150000 2
988 32 3 8192 2.000150000 2
988 892 3 8192 2.000150000 2
988 1048 3 8192 2.000150000 2
988 992 3 8192 2.000150000 2
988 668 3 8192 2.000150000 2
988 908 3 8192 2.000150000 2
992 448 3 8192 2.000150000 2
992 448 3 8192 2.000150000 2
992 1164 3 8192 2.000150000 2
992 212 3 8192 2.000150000 2
992 172 3 8192 2.000150000 2
992 848 3 8192 2.000150000 2
992 804 3 8192 2.000150000 2
992 196 3 8192 2.000150000 2
996 448 3 8192 2.000150000 2
996 448 3 8192 2.000150000 2
996 344 3 8192 2.000150000 2
996 216 3 8192 2.000150000 2
996 288 3 8192 2.000150000 2
996 1116 3 8192 2.000150000 2
996 828 3 8192 2.000150000 2
996 732 3 8192 2.000150000 2
1000 448 3 8192 2.000150000 2
1000 448 3 8192 2.000150000 2
1000 636 3 8192 2.000150000 2
1000 184 3 8192 2.000150000 2
1000 712 3 8192 2.000150000 2
1000 1200 3 8192 2.000150000 2
1000 932 3 8192 2.000150000 2
1000 828 3 8192 2.000150000 2
1004 448 3 8192 2.000150000 2
1004 448 3 8192 2.000150000 2
1004 120 3 8192 2.000150000 2
1004 736 3 8192 2.000150000 2
1004 756 3 8192 2.000150000 2
1004 932 3 8192 2.000150000 2
1004 1192 3 8192 2.000150000 2
1004 1132 3 8192 2.000150000 2
1008 448 3 8192 2.000150000 2
1008 448 3 8192 2.000150000 2
1008 768 3 8192 2.000150000 2
1008 76 3 8192 2.000150000 2
1008 924 3 8192 2.000150000 2
1008 216 3 8192 2.000150000 2
1008 984 3 8192 2.000150000 2
1008 580 3 8192 2.000150000 2
1012 448 3 8192 2.000150000 2
1012 448 3 8192 2.000150000 2
1012 1004 3 8192 2.000150000 2
1012 64 3 8192 2.000150000 2
1012 1056 3 8192 2.000150000 2
1012 828 3 8192 2.000150000 2
1012 376 3 8192 2.000150000 2
1012 896 3 8192 2.000150000 2
1016 448 3 8192 2.000150000 2
1016 448 3 8192 2.000150000 2
1016 804 3 8192 2.000150000 2
1016 764 3 8192 2.000150000 2
1016 416 3 8192 2.000150000 2
1016 576 3 8192 2.000150000 2
1016 252 3 8192 2.000150000 2
1016 420 3 8192 2.000150000 2
1020 448 3 8192 2.000150000 2
1020 448 3 8192 2.000150000 2
1020 100 3 8192 2.000150000 2
1020 1040 3 8192 2.000150000 2
1020 824 3 8192 2.000150000 2
1020 992 3 8192 2.000150000 2
1020 444 3 8192 2.000150000 2
1020 1276 3 8192 2.000150000 2
1024 448 3 8192 2.000150000 2
1024 448 3 8192 2.000150000 2
1024 864 3 8192 2.000150000 2
1024 528 3 8192 2.000150000 2
1024 988 3 8192 2.000150000 2
1024 1120 3 8192 2.000150000 2
1024 8 3 8192 2.000150000 2
1024 112 3 8192 2.000150000 2
1032 448 3 8192 2.000150000 2
1032 448 3 8192 2.000150000 2
1032 500 3 8192 2.000150000 2
1032 456 3 8192 2.000150000 2
1032 1148 3 8192 2.000150000 2
1032 844 3 8192 2.000150000 2
1032 1172 3 8192 2.000150000 2
1032 968 3 8192 2.000150000 2
1036 448 3 8192 2.000150000 2
1036 448 3 8192 2.000150000 2
1036 792 3 8192 2.000150000 2
1036 1160 3 8192 2.000150000 2
1036 968 3 8192 2.000150000 2
1036 324 3 8192 2.000150000 2
1036 140 3 8192 2.000150000 2
1036 360 3 8192 2.000150000 2
1040 448 3 8192 2.000150000 2
1040 448 3 8192 2.000150000 2
1040 456 3 8192 2.000150000 2
1040 432 3 8192 2.000150000 2
1040 560 3 8192 2.000150000 2
1040 1164 3 8192 2.000150000 2
1040 28 3 8192 2.000150000 2
1040 556 3 8192 2.000150000 2
1048 448 3 8192 2.000150000 2
1048 448 3 8192 2.000150000 2
1048 1112 3 8192 2.000150000 2
1048 1160 3 8192 2.000150000 2
1048 556 3 8192 2.000150000 2
1048 308 3 8192 2.000150000 2
1048 516 3 8192 2.000150000 2
1048 460 3 8192 2.000150000 2
1056 448 3 8192 2.000150000 2
1056 448 3 8192 2.000150000 2
1056 648 3 8192 2.000150000 2
1056 536 3 8192 2.000150000 2
1056 172 3 8192 2.000150000 2
1056 704 3 8192 2.000150000 2
1056 820 3 8192 2.000150000 2
1056 900 3 8192 2.000150000 2
1060 448 3 8192 2.000150000 2
1060 448 3 8192 2.000150000 2
1060 580 3 8192 2.000150000 2
1060 712 3 8192 2.000150000 2
1060 924 3 8192 2.000150000 2
1060 244 3 8192 2.000150000 2
1060 832 3 8192 2.000150000 2
1060 196 3 8192 2.000150000 2
1064 448 3 8192 2.000150000 2
1064 448 3 8192 2.000150000 2
1064 244 3 8192 2.000150000 2
1064 120 3 8192 2.000150000 2
1064 1048 3 8192 2.000150000 2
1064 1144 3 8192 2.000150000 2
1064 344 3 8192 2.000150000 2
1064 388 3 8192 2.000150000 2
1068 448 3 8192 2.000150000 2
1068 448 3 8192 2.000150000 2
1068 732 3 8192 2.000150000 2
1068 576 3 8192 2.000150000 2
1068 752 3 8192 2.000150000 2
1068 376 3 8192 2.000150000 2
1068 452 3 8192 2.000150000 2
1068 1036 3 8192 2.000150000 2
1076 448 3 8192 2.000150000 2
1076 448 3 8192 2.000150000 2
1076 636 3 8192 2.000150000 2
1076 1220 3 8192 2.000150000 2
1076 416 3 8192 2.000150000 2
1076 940 3 8192 2.000150000 2
1076 860 3 8192 2.000150000 2
1076 260 3 8192 2.000150000 2
1080 448 3 8192 2.000150000 2
1080 448 3 8192 2.000150000 2
1080 832 3 8192 2.000150000 2
1080 1180 3 8192 2.000150000 2
1080 268 3 8192 2.000150000 2
1080 44 3 8192 2.000150000 2
1080 1012 3 8192 2.000150000 2
1080 1168 3 8192 2.000150000 2
1084 448 3 8192 2.000150000 2
1084 448 3 8192 2.000150000 2
1084 304 3 8192 2.000150000 2
1084 420 3 8192 2.000150000 2
1084 212 3 8192 2.000150000 2
1084 476 3 8192 2.000150000 2
1084 84 3 8192 2.000150000 2
1084 112 3 8192 2.000150000 2
1088 448 3 8192 2.000150000 2
1088 448 3 8192 2.000150000 2
1088 420 3 8192 2.000150000 2
1088 820 3 8192 2.000150000 2
1088 1036 3 8192 2.000150000 2
1088 728 3 8192 2.000150000 2
1088 600 3 8192 2.000150000 2
1088 684 3 8192 2.000150000 2
1092 448 3 8192 2.000150000 2
1092 448 3 8192 2.000150000 2
1092 1000 3 8192 2.000150000 2
1092 1040 3 8192 2.000150000 2
1092 184 3 8192 2.000150000 2
1092 1060 3 8192 2.000150000 2
1092 1224 3 8192 2.000150000 2
1092 1172 3 8192 2.000150000 2
1096 448 3 8192 2.000150000 2
1096 448 3 8192 2.000150000 2
1096 1160 3 8192 2.000150000 2
1096 1048 3 8192 2.000150000 2
1096 228 3 8192 2.000150000 2
1096 524 3 8192 2.000150000 2
1096 252 3 8192 2.000150000 2
1096 780 3 8192 2.000150000 2
1100 448 3 8192 2.000150000 2
1100 448 3 8192 2.000150000 2
1100 820 3 8192 2.000150000 2
1100 268 3 8192 2.000150000 2
1100 968 3 8192 2.000150000 2
1100 584 3 8192 2.000150000 2
1100 1208 3 8192 2.000150000 2
1100 840 3 8192 2.000150000 2
1104 448 3 8192 2.000150000 2
1104 448 3 8192 2.000150000 2
1104 704 3 8192 2.000150000 2
1104 1224 3 8192 2.000150000 2
1104 228 3 8192 2.000150000 2
1104 616 3 8192 2.000150000 2
1104 768 3 8192 2.000150000 2
1104 580 3 8192 2.000150000 2
1108 448 3 8192 2.000150000 2
1108 448 3 8192 2.000150000 2
1108 628 3 8192 2.000150000 2
1108 88 3 8192 2.000150000 2
1108 448 3 8192 2.000150000 2
1108 952 3 8192 2.000150000 2
1108 516 3 8192 2.000150000 2
1108 336 3 8192 2.000150000 2
1112 448 3 8192 2.000150000 2
1112 448 3 8192 2.000150000 2
1112 192 3 8192 2.000150000 2
1112 596 3 8192 2.000150000 2
1112 1068 3 8192 2.000150000 2
1112 840 3 8192 2.000150000 2
1112 132 3 8192 2.000150000 2
1112 624 3 8192 2.000150000 2
1116 448 3 8192 2.000150000 2
1116 448 3 8192 2.000150000 2
1116 1100 3 8192 2.000150000 2
1116 692 3 8192 2.000150000 2
1116 448 3 8192 2.000150000 2
1116 536 3 8192 2.000150000 2
1116 236 3 8192 2.000150000 2
1116 336 3 8192 2.000150000 2
1120 448 3 8192 2.000150000 2
1120 448 3 8192 2.000150000 2
1120 496 3 8192 2.000150000 2
1120 1212 3 8192 2.000150000 2
1120 60 3 8192 2.000150000 2
1120 1256 3 8192 2.000150000 2
1120 64 3 8192 2.000150000 2
1120 452 3 8192 2.000150000 2
1128 448 3 8192 2.000150000 2
1128 448 3 8192 2.000150000 2
1128 1092 3 8192 2.000150000 2
1128 1100 3 8192 2.000150000 2
1128 672 3 8192 2.000150000 2
1128 844 3 8192 2.000150000 2
1128 748 3 8192 2.000150000 2
1128 12 3 8192 2.000150000 2
1132 448 3 8192 2.000150000 2
1132 448 3 8192 2.000150000 2
1132 1144 3 8192 2.000150000 2
1132 996 3 8192 2.000150000 2
1132 360 3 8192 2.000150000 2
1132 84 3 8192 2.000150000 2
1132 1196 3 8192 2.000150000 2
1132 164 3 8192 2.000150000 2
1136 448 3 8192 2.000150000 2
1136 448 3 8192 2.000150000 2
1136 240 3 8192 2.000150000 2
1136 880 3 8192 2.000150000 2
1136 40 3 8192 2.000150000 2
1136 816 3 8192 2.000150000 2
1136 1064 3 8192 2.000150000 2
1136 516 3 8192 2.000150000 2
1140 448 3 8192 2.000150000 2
1140 448 3 8192 2.000150000 2
1140 880 3 8192 2.000150000 2
1140 636 3 8192 2.000150000 2
1140 572 3 8192 2.000150000 2
1140 728 3 8192 2.000150000 2
1140 0 3 8192 2.000150000 2
1140 416 3 8192 2.000150000 2
1144 448 3 8192 2.000150000 2
1144 448 3 8192 2.000150000 2
1144 108 3 8192 2.000150000 2
1144 996 3 8192 2.000150000 2
1144 120 3 8192 2.000150000 2
1144 984 3 8192 2.000150000 2
1144 1136 3 8192 2.000150000 2
1144 780 3 8192 2.000150000 2
1148 448 3 8192 2.000150000 2
1148 448 3 8192 2.000150000 2
1148 1048 3 8192 2.000150000 2
1148 756 3 8192 2.000150000 2
1148 788 3 8192 2.000150000 2
1148 404 3 8192 2.000150000 2
1148 32 3 8192 2.000150000 2
1148 28 3 8192 2.000150000 2
1152 448 3 8192 2.000150000 2
1152 448 3 8192 2.000150000 2
1152 460 3 8192 2.000150000 2
1152 1024 3 8192 2.000150000 2
1152 1196 3 8192 2.000150000 2
1152 404 3 8192 2.000150000 2
1152 788 3 8192 2.000150000 2
1152 556 3 8192 2.000150000 2
1156 448 3 8192 2.000150000 2
1156 448 3 8192 2.000150000 2
1156 780 3 8192 2.000150000 2
1156 20 3 8192 2.000150000 2
1156 500 3 8192 2.000150000 2
1156 184 3 8192 2.000150000 2
1156 588 3 8192 2.000150000 2
1156 272 3 8192 2.000150000 2
1160 448 3 8192 2.000150000 2
1160 448 3 8192 2.000150000 2
1160 1064 3 8192 2.000150000 2
1160 1004 3 8192 2.000150000 2
1160 1184 3 8192 2.000150000 2
1160 240 3 8192 2.000150000 2
1160 0 3 8192 2.000150000 2
1160 420 3 8192 2.000150000 2
1164 448 3 8192 2.000150000 2
1164 448 3 8192 2.000150000 2
1164 416 3 8192 2.000150000 2
1164 420 3 8192 2.000150000 2
1164 40 3 8192 2.000150000 2
1164 936 3 8192 2.000150000 2
1164 840 3 8192 2.000150000 2
1164 252 3 8192 2.000150000 2
1168 448 3 8192 2.000150000 2
1168 448 3 8192 2.000150000 2
1168 500 3 8192 2.000150000 2
1168 240 3 8192 2.000150000 2
1168 936 3 8192 2.000150000 2
1168 508 3 8192 2.000150000 2
1168 572 3 8192 2.000150000 2
1168 452 3 8192 2.000150000 2
1172 448 3 8192 2.000150000 2
1172 448 3 8192 2.000150000 2
1172 52 3 8192 2.000150000 2
1172 700 3 8192 2.000150000 2
1172 1244 3 8192 2.000150000 2
1172 336 3 8192 2.000150000 2
1172 468 3 8192 2.000150000 2
1172 856 3 8192 2.000150000 2
1176 448 3 8192 2.000150000 2
1176 448 3 8192 2.000150000 2
1176 468 3 8192 2.000150000 2
1176 320 3 8192 2.000150000 2
1176 904 3 8192 2.000150000 2
1176 444 3 8192 2.000150000 2
1176 496 3 8192 2.000150000 2
1176 176 3 8192 2.000150000 2
1180 448 3 8192 2.000150000 2
1180 448 3 8192 2.000150000 2
1180 196 3 8192 2.000150000 2
1180 252 3 8192 2.000150000 2
1180 368 3 8192 2.000150000 2
1180 996 3 8192 2.000150000 2
1180 1268 3 8192 2.000150000 2
1180 304 3 8192 2.000150000 2
1184 448 3 8192 2.000150000 2
1184 448 3 8192 2.000150000 2
1184 452 3 8192 2.000150000 2
1184 188 3 8192 2.000150000 2
1184 436 3 8192 2.000150000 2
1184 712 3 8192 2.000150000 2
1184 736 3 8192 2.000150000 2
1184 576 3 8192 2.000150000 2
1188 448 3 8192 2.000150000 2
1188 448 3 8192 2.000150000 2
1188 100 3 8192 2.000150000 2
1188 544 3 8192 2.000150000 2
1188 900 3 8192 2.000150000 2
1188 1128 3 8192 2.000150000 2
1188 624 3 8192 2.000150000 2
1188 400 3 8192 2.000150000 2
1192 448 3 8192 2.000150000 2
1192 448 3 8192 2.000150000 2
1192 1168 3 8192 2.000150000 2
1192 824 3 8192 2.000150000 2
1192 1064 3 8192 2.000150000 2
1192 1092 3 8192 2.000150000 2
1192 1164 3 8192 2.000150000 2
1192 1144 3 8192 2.000150000 2
1196 448 3 8192 2.000150000 2
1196 448 3 8192 2.000150000 2
1196 720 3 8192 2.000150000 2
1196 1112 3 8192 2.000150000 2
1196 932 3 8192 2.000150000 2
1196 476 3 8192 2.000150000 2
1196 652 3 8192 2.000150000 2
1196 448 3 8192 2.000150000 2
1200 448 3 8192 2.000150000 2
1200 448 3 8192 2.000150000 2
1200 16 3 8192 2.000150000 2
1200 212 3 8192 2.000150000 2
1200 740 3 8192 2.000150000 2
1200 1276 3 8192 2.000150000 2
1200 188 3 8192 2.000150000 2
1200 1096 3 8192 2.000150000 2
1208 448 3 8192 2.000150000 2
1208 448 3 8192 2.000150000 2
1208 1128 3 8192 2.000150000 2
1208 996 3 8192 2.000150000 2
1208 920 3 8192 2.000150000 2
1208 308 3 8192 2.000150000 2
1208 140 3 8192 2.000150000 2
1208 1140 3 8192 2.000150000 2
1212 448 3 8192 2.000150000 2
1212 448 3 8192 2.000150000 2
1212 1208 3 8192 2.000150000 2
1212 648 3 8192 2.000150000 2
1212 1152 3 8192 2.000150000 2
1212 92 3 8192 2.000150000 2
1212 340 3 8192 2.000150000 2
1212 1012 3 8192 2.000150000 2
1216 448 3 8192 2.000150000 2
1216 448 3 8192 2.000150000 2
1216 288 3 8192 2.000150000 2
1216 984 3 8192 2.000150000 2
1216 1268 3 8192 2.000150000 2
1216 1132 3 8192 2.000150000 2
1216 300 3 8192 2.000150000 2
1216 148 3 8192 2.000150000 2
1220 448 3 8192 2.000150000 2
1220 448 3 8192 2.000150000 2
1220 496 3 8192 2.000150000 2
1220 1172 3 8192 2.000150000 2
1220 580 3 8192 2.000150000 2
1220 884 3 8192 2.000150000 2
1220 220 3 8192 2.000150000 2
1220 1024 3 8192 2.000150000 2
1224 448 3 8192 2.000150000 2
1224 448 3 8192 2.000150000 2
1224 684 3 8192 2.000150000 2
1224 448 3 8192 2.000150000 2
1224 1032 3 8192 2.000150000 2
1224 1104 3 8192 2.000150000 2
1224 652 3 8192 2.000150000 2
1224 40 3 8192 2.000150000 2
1228 448 3 8192 2.000150000 2
1228 448 3 8192 2.000150000 2
1228 908 3 8192 2.000150000 2
1228 740 3 8192 2.000150000 2
1228 140 3 8192 2.000150000 2
1228 1100 3 8192 2.000150000 2
1228 964 3 8192 2.000150000 2
1228 612 3 8192 2.000150000 2
1236 448 3 8192 2.000150000 2
1236 448 3 8192 2.000150000 2
1236 1184 3 8192 2.000150000 2
1236 464 3 8192 2.000150000 2
1236 340 3 8192 2.000150000 2
1236 748 3 8192 2.000150000 2
1236 636 3 8192 2.000150000 2
1236 388 3 8192 2.000150000 2
1240 448 3 8192 2.000150000 2
1240 448 3 8192 2.000150000 2
1240 724 3 8192 2.000150000 2
1240 200 3 8192 2.000150000 2
1240 488 3 8192 2.000150000 2
1240 180 3 8192 2.000150000 2
1240 428 3 8192 2.000150000 2
1240 468 3 8192 2.000150000 2
1244 448 3 8192 2.000150000 2
1244 448 3 8192 2.000150000 2
1244 1144 3 8192 2.000150000 2
1244 528 3 8192 2.000150000 2
1244 588 3 8192 2.000150000 2
1244 648 3 8192 2.000150000 2
1244 728 3 8192 2.000150000 2
1244 1172 3 8192 2.000150000 2
1256 448 3 8192 2.000150000 2
1256 448 3 8192 2.000150000 2
1256 308 3 8192 2.000150000 2
1256 1048 3 8192 2.000150000 2
1256 8 3 8192 2.000150000 2
1256 60 3 8192 2.000150000 2
1256 80 3 8192 2.000150000 2
1256 1172 3 8192 2.000150000 2
1264 448 3 8192 2.000150000 2
1264 448 3 8192 2.000150000 2
1264 748 3 8192 2.000150000 2
1264 188 3 8192 2.000150000 2
1264 1228 3 8192 2.000150000 2
1264 816 3 8192 2.000150000 2
1264 544 3 8192 2.000150000 2
1264 196 3 8192 2.000150000 2
1268 448 3 8192 2.000150000 2
1268 448 3 8192 2.000150000 2
1268 696 3 8192 2.000150000 2
1268 560 3 8192 2.000150000 2
1268 388 3 8192 2.000150000 2
1268 1020 3 8192 2.000150000 2
1268 1240 3 8192 2.000150000 2
1268 96 3 8192 2.000150000 2
1276 448 3 8192 2.000150000 2
1276 448 3 8192 2.000150000 2
1276 104 3 8192 2.000150000 2
1276 60 3 8192 2.000150000 2
1276 196 3 8192 2.000150000 2
1276 180 3 8192 2.000150000 2
1276 1188 3 8192 2.000150000 2
1276 1068 3 8192 2.000150000 2
0 448 3 8192 2.000200000 2
0 448 3 8192 2.000200000 2
0 884 3 8192 2.000200000 2
0 1100 3 8192 2.000200000 2
0 1228 3 8192 2.000200000 2
0 288 3 8192 2.000200000 2
0 324 3 8192 2.000200000 2
0 192 3 8192 2.000200000 2
8 448 3 8192 2.000200000 2
8 448 3 8192 2.000200000 2
8 184 3 8192 2.000200000 2
8 100 3 8192 2.000200000 2
8 156 3 8192 2.000200000 2
8 400 3 8192 2.000200000 2
8 1236 3 8192 2.000200000 2
8 488 3 8192 2.000200000 2
12 448 3 8192 2.000200000 2
12 448 3 8192 2.000200000 2
12 716 3 8192 2.000200000 2
12 800 3 8192 2.000200000 2
12 820 3 8192 2.000200000 2
12 648 3 8192 2.000200000 2
12 940 3 8192 2.000200000 2
12 416 3 8192 2.000200000 2
16 448 3 8192 2.000200000 2
16 448 3 8192 2.000200000 2
16 168 3 8192 2.000200000 2
16 1268 3 8192 2.000200000 2
16 244 3 8192 2.000200000 2
16 560 3 8192 2.000200000 2
16 336 3 8192 2.000200000 2
16 172 3 8192 2.000200000 2
20 448 3 8192 2.000200000 2
20 448 3 8192 2.000200000 2
20 776 3 8192 2.000200000 2
20 1128 3 8192 2.000200000 2
20 200 3 8192 2.000200000 2
20 1060 3 8192 2.000200000 2
20 228 3 8192 2.000200000 2
20 140 3 8192 2.000200000 2
28 448 3 8192 2.000200000 2
28 448 3 8192 2.000200000 2
28 852 3 8192 2.000200000 2
28 936 3 8192 2.000200000 2
28 1236 3 8192 2.000200000 2
28 384 3 8192 2.000200000 2
28 228 3 8192 2.000200000 2
28 132 3 8192 2.000200000 2
32 448 3 8192 2.000200000 2
32 448 3 8192 2.000200000 2
32 1068 3 8192 2.000200000 2
32 272 3 8192 2.000200000 2
32 1184 3 8192 2.000200000 2
32 232 3 8192 2.000200000 2
32 1000 3 8192 2.000200000 2
32 508 3 8192 2.000200000 2
40 448 3 8192 2.000200000 2
40 448 3 8192 2.000200000 2
40 792 3 8192 2.000200000 2
40 56 3 8192 2.000200000 2
40 1152 3 8192 2.000200000 2
40 764 3 8192 2.000200000 2
40 800 3 8192 2.000200000 2
40 380 3 8192 2.000200000 2
44 448 3 8192 2.000200000 2
44 448 3 8192 2.000200000 2
44 1056 3 8192 2.000200000 2
44 16 3 8192 2.000200000 2
44 968 3 8192 2.000200000 2
44 732 3 8192 2.000200000 2
44 368 3 8192 2.000200000 2
44 1240 3 8192 2.000200000 2
48 448 3 8192 2.000200000 2
48 448 3 8192 2.000200000 2
48 636 3 8192 2.000200000 2
48 1004 3 8192 2.000200000 2
48 616 3 8192 2.000200000 2
48 1244 3 8192 2.000200000 2
48 996 3 8192 2.000200000 2
48 132 3 8192 2.000200000 2
52 448 3 8192 2.000200000 2
52 448 3 8192 2.000200000 2
52 748 3 8192 2.000200000 2
52 320 3 8192 2.000200000 2
52 740 3 8192 2.000200000 2
52 828 3 8192 2.000200000 2
52 576 3 8192 2.000200000 2
52 1016 3 8192 2.000200000 2
56 448 3 8192 2.000200000 2
56 448 3 8192 2.000200000 2
56 672 3 8192 2.000200000 2
56 1184 3 8192 2.000200000 2
56 896 3 8192 2.000200000 2
56 176 3 8192 2.000200000 2
56 1220 3 8192 2.000200000 2
56 900 3 8192 2.000200000 2
60 448 3 8192 2.000200000 2
60 448 3 8192 2.000200000 2
60 132 3 8192 2.000200000 2
60 300 3 8192 2.000200000 2
60 612 3 8192 2.000200000 2
60 1060 3 8192 2.000200000 2
60 488 3 8192 2.000200000 2
60 52 3 8192 2.000200000 2
64 448 3 8192 2.000200000 2
64 448 3 8192 2.000200000 2
64 848 3 8192 2.000200000 2
64 132 3 8192 2.000200000 2
64 952 3 8192 2.000200000 2
64 1192 3 8192 2.000200000 2
64 680 3 8192 2.000200000 2
64 1184 3 8192 2.000200000 2
76 448 3 8192 2.000200000 2
76 448 3 8192 2.000200000 2
76 416 3 8192 2.000200000 2
76 40 3 8192 2.000200000 2
76 716 3 8192 2.000200000 2
76 612 3 8192 2.000200000 2
76 1104 3 8192 2.000200000 2
76 840 3 8192 2.000200000 2
80 448 3 8192 2.000200000 2
80 448 3 8192 2.000200000 2
80 780 3 8192 2.000200000 2
80 744 3 8192 2.000200000 2
80 668 3 8192 2.000200000 2
80 1148 3 8192 2.000200000 2
80 644 3 8192 2.000200000 2
80 168 3 8192 2.000200000 2
84 448 3 8192 2.000200000 2
84 448 3 8192 2.000200000 2
84 612 3 8192 2.000200000 2
84 1276 3 8192 2.000200000 2
84 372 3 8192 2.000200000 2
84 276 3 8192 2.000200000 2
84 140 3 8192 2.000200000 2
84 376 3 8192 2.000200000 2
88 448 3 8192 2.000200000 2
88 448 3 8192 2.000200000 2
88 140 3 8192 2.000200000 2
88 1132 3 8192 2.000200000 2
88 408 3 8192 2.000200000 2
88 668 3 8192 2.000200000 2
88 344 3 8192 2.000200000 2
88 312 3 8192 2.000200000 2
92 448 3 8192 2.000200000 2
92 448 3 8192 2.000200000 2
92 1168 3 8192 2.000200000 2
92 976 3 8192 2.000200000 2
92 304 3 8192 2.000200000 2
92 16 3 8192 2.000200000 2
92 988 3 8192 2.000200000 2
92 452 3 8192 2.000200000 2
96 448 3 8192 2.000200000 2
96 448 3 8192 2.000200000 2
96 488 3 8192 2.000200000 2
96 1152 3 8192 2.000200000 2
96 448 3 8192 2.000200000 2
96 536 3 8192 2.000200000 2
96 648 3 8192 2.000200000 2
96 856 3 8192 2.000200000 2
100 448 3 8192 2.000200000 2
100 448 3 8192 2.000200000 2
100 1008 3 8192 2.000200000 2
100 188 3 8192 2.000200000 2
100 1136 3 8192 2.000200000 2
100 828 3 8192 2.000200000 2
100 676 3 8192 2.000200000 2
100 1256 3 8192 2.000200000 2
104 448 3 8192 2.000200000 2
104 448 3 8192 2.000200000 2
104 56 3 8192 2.000200000 2
104 16 3 8192 2.000200000 2
104 1068 3 8192 2.000200000 2
104 984 3 8192 2.000200000 2
104 996 3 8192 2.000200000 2
104 212 3 8192 2.000200000 2
108 448 3 8192 2.000200000 2
108 448 3 8192 2.000200000 2
108 752 3 8192 2.000200000 2
108 1156 3 8192 2.000200000 2
108 1136 3 8192 2.000200000 2
108 852 3 8192 2.000200000 2
108 1256 3 8192 2.000200000 2
108 992 3 8192 2.000200000 2
112 448 3 8192 2.000200000 2
112 448 3 8192 2.000200000 2
112 1192 3 8192 2.000200000 2
112 1156 3 8192 2.000200000 2
112 856 3 8192 2.000200000 2
112 48 3 8192 2.000200000 2
112 476 3 8192 2.000200000 2
112 844 3 8192 2.000200000 2
120 448 3 8192 2.000200000 2
120 448 3 8192 2.000200000 2
120 1012 3 8192 2.000200000 2
120 184 3 8192 2.000200000 2
120 12 3 8192 2.000200000 2
120 684 3 8192 2.000200000 2
120 860 3 8192 2.000200000 2
120 800 3 8192 2.000200000 2
132 448 3 8192 2.000200000 2
132 448 3 8192 2.000200000 2
132 1096 3 8192 2.000200000 2
132 1100 3 8192 2.000200000 2
132 904 3 8192 2.000200000 2
132 188 3 8192 2.000200000 2
132 900 3 8192 2.000200000 2
132 272 3 8192 2.000200000 2
136 448 3 8192 2.000200000 2
136 448 3 8192 2.000200000 2
136 92 3 8192 2.000200000 2
136 452 3 8192 2.000200000 2
136 148 3 8192 2.000200000 2
136 324 3 8192 2.000200000 2
136 1108 3 8192 2.000200000 2
136 600 3 8192 2.000200000 2
140 448 3 8192 2.000200000 2
140 448 3 8192 2.000200000 2
140 984 3 8192 2.000200000 2
140 160 3 8192 2.000200000 2
140 732 3 8192 2.000200000 2
140 596 3 8192 2.000200000 2
140 320 3 8192 2.000200000 2
140 1160 3 8192 2.000200000 2
148 448 3 8192 2.000200000 2
148 448 3 8192 2.000200000 2
148 16 3 8192 2.000200000 2
148 40 3 8192 2.000200000 2
148 336 3 8192 2.000200000 2
148 260 3 8192 2.000200000 2
148 1132 3 8192 2.000200000 2
148 464 3 8192 2.000200000 2
156 448 3 8192 2.000200000 2
156 448 3 8192 2.000200000 2
156 1244 3 8192 2.000200000 2
156 832 3 8192 2.000200000 2
156 284 3 8192 2.000200000 2
156 1096 3 8192 2.000200000 2
156 1160 3 8192 2.000200000 2
156 1004 3 8192 2.000200000 2
160 448 3 8192 2.000200000 2
160 448 3 8192 2.000200000 2
160 860 3 8192 2.000200000 2
160 360 3 8192 2.000200000 2
160 728 3 8192 2.000200000 2
160 460 3 8192 2.000200000 2
160 444 3 8192 2.000200000 2
160 692 3 8192 2.000200000 2
164 448 3 8192 2.000200000 2
164 448 3 8192 2.000200000 2
164 1132 3 8192 2.000200000 2
164 496 3 8192 2.000200000 2
164 1068 3 8192 2.000200000 2
164 500 3 8192 2.000200000 2
164 684 3 8192 2.000200000 2
164 216 3 8192 2.000200000 2
168 448 3 8192 2.000200000 2
168 448 3 8192 2.000200000 2
168 88 3 8192 2.000200000 2
168 916 3 8192 2.000200000 2
168 436 3 8192 2.000200000 2
168 636 3 8192 2.000200000 2
168 564 3 8192 2.000200000 2
168 336 3 8192 2.000200000 2
172 448 3 8192 2.000200000 2
172 448 3 8192 2.000200000 2
172 740 3 8192 2.000200000 2
172 1104 3 8192 2.000200000 2
172 892 3 8192 2.000200000 2
172 824 3 8192 2.000200000 2
172 196 3 8192 2.000200000 2
172 220 3 8192 2.000200000 2
176 448 3 8192 2.000200000 2
176 448 3 8192 2.000200000 2
176 1108 3 8192 2.000200000 2
176 868 3 8192 2.000200000 2
176 448 3 8192 2.000200000 2
176 536 3 8192 2.000200000 2
176 12 3 8192 2.000200000 2
176 428 3 8192 2.000200000 2
180 448 3 8192 2.000200000 2
180 448 3 8192 2.000200000 2
180 1008 3 8192 2.000200000 2
180 1036 3 8192 2.000200000 2
180 376 3 8192 2.000200000 2
180 804 3 8192 2.000200000 2
180 100 3 8192 2.000200000 2
180 1208 3 8192 2.000200000 2
184 448 3 8192 2.000200000 2
184 448 3 8192 2.000200000 2
184 1220 3 8192 2.000200000 2
184 460 3 8192 2.000200000 2
184 676 3 8192 2.000200000 2
184 600 3 8192 2.000200000 2
184 424 3 8192 2.000200000 2
184 168 3 8192 2.000200000 2
188 448 3 8192 2.000200000 2
188 448 3 8192 2.000200000 2
188 376 3 8192 2.000200000 2
188 904 3 8192 2.000200000 2
188 1076 3 8192 2.000200000 2
188 496 3 8192 2.000200000 2
188 840 3 8192 2.000200000 2
188 936 3 8192 2.000200000 2
192 448 3 8192 2.000200000 2
192 448 3 8192 2.000200000 2
192 684 3 8192 2.000200000 2
192 1240 3 8192 2.000200000 2
192 936 3 8192 2.000200000 2
192 320 3 8192 2.000200000 2
192 252 3 8192 2.000200000 2
192 984 3 8192 2.000200000 2
196 448 3 8192 2.000200000 2
196 448 3 8192 2.000200000 2
196 1212 3 8192 2.000200000 2
196 200 3 8192 2.000200000 2
196 180 3 8192 2.000200000 2
196 652 3 8192 2.000200000 2
196 284 3 8192 2.000200000 2
196 1176 3 8192 2.000200000 2
200 448 3 8192 2.000200000 2
200 448 3 8192 2.000200000 2
200 864 3 8192 2.000200000 2
200 1096 3 8192 2.000200000 2
200 1180 3 8192 2.000200000 2
200 844 3 8192 2.000200000 2
200 880 3 8192 2.000200000 2
200 924 3 8192 2.000200000 2
212 448 3 8192 2.000200000 2
212 448 3 8192 2.000200000 2
212 384 3 8192 2.000200000 2
212 340 3 8192 2.000200000 2
212 112 3 8192 2.000200000 2
212 308 3 8192 2.000200000 2
212 1156 3 8192 2.000200000 2
212 464 3 8192 2.000200000 2
216 448 3 8192 2.000200000 2
216 448 3 8192 2.000200000 2
216 736 3 8192 2.000200000 2
216 160 3 8192 2.000200000 2
216 344 3 8192 2.000200000 2
216 820 3 8192 2.000200000 2
216 252 3 8192 2.000200000 2
216 880 3 8192 2.000200000 2
220 448 3 8192 2.000200000 2
220 448 3 8192 2.000200000 2
220 732 3 8192 2.000200000 2
220 1256 3 8192 2.000200000 2
220 32 3 8192 2.000200000 2
220 1060 3 8192 2.000200000 2
220 1100 3 8192 2.000200000 2
220 1220 3 8192 2.000200000 2
228 448 3 8192 2.000200000 2
228 448 3 8192 2.000200000 2
228 1112 3 8192 2.000200000 2
228 904 3 8192 2.000200000 2
228 132 3 8192 2.000200000 2
228 524 3 8192 2.000200000 2
228 764 3 8192 2.000200000 2
228 856 3 8192 2.000200000 2
232 448 3 8192 2.000200000 2
232 448 3 8192 2.000200000 2
232 588 3 8192 2.000200000 2
232 724 3 8192 2.000200000 2
232 848 3 8192 2.000200000 2
232 276 3 8192 2.000200000 2
232 372 3 8192 2.000200000 2
232 1040 3 8192 2.000200000 2
236 448 3 8192 2.000200000 2
236 448 3 8192 2.000200000 2
236 428 3 8192 2.000200000 2
236 940 3 8192 2.000200000 2
236 344 3 8192 2.000200000 2
236 260 3 8192 2.000200000 2
236 232 3 8192 2.000200000 2
236 1172 3 8192 2.000200000 2
240 448 3 8192 2.000200000 2
240 448 3 8192 2.000200000 2
240 932 3 8192 2.000200000 2
240 16 3 8192 2.000200000 2
240 744 3 8192 2.000200000 2
240 1108 3 8192 2.000200000 2
240 1128 3 8192 2.000200000 2
240 484 3 8192 2.000200000 2
244 448 3 8192 2.000200000 2
244 448 3 8192 2.000200000 2
244 44 3 8192 2.000200000 2
244 924 3 8192 2.000200000 2
244 460 3 8192 2.000200000 2
244 456 3 8192 2.000200000 2
244 556 3 8192 2.000200000 2
244 564 3 8192 2.000200000 2
248 448 3 8192 2.000200000 2
248 448 3 8192 2.000200000 2
248 556 3 8192 2.000200000 2
248 512 3 8192 2.000200000 2
248 228 3 8192 2.000200000 2
248 628 3 8192 2.000200000 2
248 1216 3 8192 2.000200000 2
248 600 3 8192 2.000200000 2
252 448 3 8192 2.000200000 2
252 448 3 8192 2.000200000 2
252 48 3 8192 2.000200000 2
252 644 3 8192 2.000200000 2
252 1144 3 8192 2.000200000 2
252 108 3 8192 2.000200000 2
252 424 3 8192 2.000200000 2
252 724 3 8192 2.000200000 2
260 448 3 8192 2.000200000 2
260 448 3 8192 2.000200000 2
260 668 3 8192 2.000200000 2
260 304 3 8192 2.000200000 2
260 148 3 8192 2.000200000 2
260 832 3 8192 2.000200000 2
260 252 3 8192 2.000200000 2
260 300 3 8192 2.000200000 2
268 448 3 8192 2.000200000 2
268 448 3 8192 2.000200000 2
268 1116 3 8192 2.000200000 2
268 12 3 8192 2.000200000 2
268 1196 3 8192 2.000200000 2
268 880 3 8192 2.000200000 2
268 920 3 8192 2.000200000 2
268 1108 3 8192 2.000200000 2
272 448 3 8192 2.000200000 2
272 448 3 8192 2.000200000 2
272 840 3 8192 2.000200000 2
272 800 3 8192 2.000200000 2
272 756 3 8192 2.000200000 2
272 648 3 8192 2.000200000 2
272 716 3 8192 2.000200000 2
272 764 3 8192 2.000200000 2
276 448 3 8192 2.000200000 2
276 448 3 8192 2.000200000 2
276 220 3 8192 2.000200000 2
276 724 3 8192 2.000200000 2
276 324 3 8192 2.000200000 2
276 1180 3 8192 2.000200000 2
276 1092 3 8192 2.000200000 2
276 488 3 8192 2.000200000 2
284 448 3 8192 2.000200000 2
284 448 3 8192 2.000200000 2
284 320 3 8192 2.000200000 2
284 884 3 8192 2.000200000 2
284 968 3 8192 2.000200000 2
284 1032 3 8192 2.000200000 2
284 244 3 8192 2.000200000 2
284 764 3 8192 2.000200000 2
288 448 3 8192 2.000200000 2
288 448 3 8192 2.000200000 2
288 80 3 8192 2.000200000 2
288 20 3 8192 2.000200000 2
288 344 3 8192 2.000200000 2
288 684 3 8192 2.000200000 2
288 764 3 8192 2.000200000 2
288 776 3 8192 2.000200000 2
300 448 3 8192 2.000200000 2
300 448 3 8192 2.000200000 2
300 704 3 8192 2.000200000 2
300 248 3 8192 2.000200000 2
300 948 3 8192 2.000200000 2
300 580 3 8192 2.000200000 2
300 988 3 8192 2.000200000 2
300 212 3 8192 2.000200000 2
304 448 3 8192 2.000200000 2
304 448 3 8192 2.000200000 2
304 196 3 8192 2.000200000 2
304 1024 3 8192 2.000200000 2
304 672 3 8192 2.000200000 2
304 1164 3 8192 2.000200000 2
304 12 3 8192 2.000200000 2
304 276 3 8192 2.000200000 2
308 448 3 8192 2.000200000 2
308 448 3 8192 2.000200000 2
308 692 3 8192 2.000200000 2
308 832 3 8192 2.000200000 2
308 716 3 8192 2.000200000 2
308 376 3 8192 2.000200000 2
308 620 3 8192 2.000200000 2
308 724 3 8192 2.000200000 2
312 448 3 8192 2.000200000 2
312 448 3 8192 2.000200000 2
312 1176 3 8192 2.000200000 2
312 1236 3 8192 2.000200000 2
312 808 3 8192 2.000200000 2
312 1224 3 8192 2.000200000 2
312 276 3 8192 2.000200000 2
312 536 3 8192 2.000200000 2
320 448 3 8192 2.000200000 2
320 448 3 8192 2.000200000 2
320 776 3 8192 2.000200000 2
320 576 3 8192 2.000200000 2
320 1120 3 8192 2.000200000 2
320 1024 3 8192 2.000200000 2
320 1196 3 8192 2.000200000 2
320 456 3 8192 2.000200000 2
324 448 3 8192 2.000200000 2
324 448 3 8192 2.000200000 2
324 376 3 8192 2.000200000 2
324 612 3 8192 2.000200000 2
324 696 3 8192 2.000200000 2
324 200 3 8192 2.000200000 2
324 700 3 8192 2.000200000 2
324 636 3 8192 2.000200000 2
332 448 3 8192 2.000200000 2
332 448 3 8192 2.000200000 2
332 1064 3 8192 2.000200000 2
332 576 3 8192 2.000200000 2
332 780 3 8192 2.000200000 2
332 776 3 8192 2.000200000 2
332 676 3 8192 2.000200000 2
332 736 3 8192 2.000200000 2
336 448 3 8192 2.000200000 2
336 448 3 8192 2.000200000 2
336 836 3 8192 2.000200000 2
336 84 3 8192 2.000200000 2
336 88 3 8192 2.000200000 2
336 696 3 8192 2.000200000 2
336 1208 3 8192 2.000200000 2
336 596 3 8192 2.000200000 2
340 448 3 8192 2.000200000 2
340 448 3 8192 2.000200000 2
340 140 3 8192 2.000200000 2
340 424 3 8192 2.000200000 2
340 860 3 8192 2.000200000 2
340 576 3 8192 2.000200000 2
340 684 3 8192 2.000200000 2
340 668 3 8192 2.000200000 2
344 448 3 8192 2.000200000 2
344 448 3 8192 2.000200000 2
344 168 3 8192 2.000200000 2
344 268 3 8192 2.000200000 2
344 1236 3 8192 2.000200000 2
344 1088 3 8192 2.000200000 2
344 752 3 8192 2.000200000 2
344 1132 3 8192 2.000200000 2
360 448 3 8192 2.000200000 2
360 448 3 8192 2.000200000 2
360 1192 3 8192 2.000200000 2
360 372 3 8192 2.000200000 2
360 1104 3 8192 2.000200000 2
360 780 3 8192 2.000200000 2
360 672 3 8192 2.000200000 2
360 860 3 8192 2.000200000 2
364 448 3 8192 2.000200000 2
364 448 3 8192 2.000200000 2
364 44 3 8192 2.000200000 2
364 1096 3 8192 2.000200000 2
364 556 3 8192 2.000200000 2
364 40 3 8192 2.000200000 2
364 900 3 8192 2.000200000 2
364 52 3 8192 2.000200000 2
368 448 3 8192 2.000200000 2
368 448 3 8192 2.000200000 2
368 1136 3 8192 2.000200000 2
368 964 3 8192 2.000200000 2
368 1040 3 8192 2.000200000 2
368 420 3 8192 2.000200000 2
368 896 3 8192 2.000200000 2
368 236 3 8192 2.000200000 2
372 448 3 8192 2.000200000 2
372 448 3 8192 2.000200000 2
372 836 3 8192 2.000200000 2
372 136 3 8192 2.000200000 2
372 176 3 8192 2.000200000 2
372 216 3 8192 2.000200000 2
372 1080 3 8192 2.000200000 2
372 1152 3 8192 2.000200000 2
376 448 3 8192 2.000200000 2
376 448 3 8192 2.000200000 2
376 528 3 8192 2.000200000 2
376 532 3 8192 2.000200000 2
376 248 3 8192 2.000200000 2
376 216 3 8192 2.000200000 2
376 1080 3 8192 2.000200000 2
376 1024 3 8192 2.000200000 2
380 448 3 8192 2.000200000 2
380 448 3 8192 2.000200000 2
380 1084 3 8192 2.000200000 2
380 684 3 8192 2.000200000 2
380 92 3 8192 2.000200000 2
380 532 3 8192 2.000200000 2
380 948 3 8192 2.000200000 2
380 1024 3 8192 2.000200000 2
384 448 3 8192 2.000200000 2
384 448 3 8192 2.000200000 2
384 180 3 8192 2.000200000 2
384 924 3 8192 2.000200000 2
384 728 3 8192 2.000200000 2
384 444 3 8192 2.000200000 2
384 892 3 8192 2.000200000 2
384 464 3 8192 2.000200000 2
388 448 3 8192 2.000200000 2
388 448 3 8192 2.000200000 2
388 576 3 8192 2.000200000 2
388 344 3 8192 2.000200000 2
388 1240 3 8192 2.000200000 2
388 120 3 8192 2.000200000 2
388 908 3 8192 2.000200000 2
388 1268 3 8192 2.000200000 2
400 448 3 8192 2.000200000 2
400 448 3 8192 2.000200000 2
400 932 3 8192 2.000200000 2
400 572 3 8192 2.000200000 2
400 332 3 8192 2.000200000 2
400 804 3 8192 2.000200000 2
400 104 3 8192 2.000200000 2
400 1276 3 8192 2.000200000 2
404 448 3 8192 2.000200000 2
404 448 3 8192 2.000200000 2
404 904 3 8192 2.000200000 2
404 1036 3 8192 2.000200000 2
404 584 3 8192 2.000200000 2
404 340 3 8192 2.000200000 2
404 1264 3 8192 2.000200000 2
404 924 3 8192 2.000200000 2
408 448 3 8192 2.000200000 2
408 448 3 8192 2.000200000 2
408 64 3 8192 2.000200000 2
408 936 3 8192 2.000200000 2
408 636 3 8192 2.000200000 2
408 132 3 8192 2.000200000 2
408 80 3 8192 2.000200000 2
408 8 3 8192 2.000200000 2
416 448 3 8192 2.000200000 2
416 448 3 8192 2.000200000 2
416 32 3 8192 2.000200000 2
416 196 3 8192 2.000200000 2
416 680 3 8192 2.000200000 2
416 868 3 8192 2.000200000 2
416 92 3 8192 2.000200000 2
416 932 3 8192 2.000200000 2
420 448 3 8192 2.000200000 2
420 448 3 8192 2.000200000 2
420 888 3 8192 2.000200000 2
420 596 3 8192 2.000200000 2
420 1236 3 8192 2.000200000 2
420 836 3 8192 2.000200000 2
420 1024 3 8192 2.000200000 2
420 736 3 8192 2.000200000 2
424 448 3 8192 2.000200000 2
424 448 3 8192 2.000200000 2
424 620 3 8192 2.000200000 2
424 228 3 8192 2.000200000 2
424 48 3 8192 2.000200000 2
424 252 3 8192 2.000200000 2
424 1192 3 8192 2.000200000 2
424 792 3 8192 2.000200000 2
428 448 3 8192 2.000200000 2
428 448 3 8192 2.000200000 2
428 528 3 8192 2.000200000 2
428 720 3 8192 2.000200000 2
428 444 3 8192 2.000200000 2
428 804 3 8192 2.000200000 2
428 260 3 8192 2.000200000 2
428 300 3 8192 2.000200000 2
432 448 3 8192 2.000200000 2
432 448 3 8192 2.000200000 2
432 1168 3 8192 2.000200000 2
432 916 3 8192 2.000200000 2
432 56 3 8192 2.000200000 2
432 104 3 8192 2.000200000 2
432 596 3 8192 2.000200000 2
432 1020 3 8192 2.000200000 2
436 448 3 8192 2.000200000 2
436 448 3 8192 2.000200000 2
436 304 3 8192 2.000200000 2
436 468 3 8192 2.000200000 2
436 904 3 8192 2.000200000 2
436 404 3 8192 2.000200000 2
436 532 3 8192 2.000200000 2
436 728 3 8192 2.000200000 2
444 448 3 8192 2.000200000 2
444 448 3 8192 2.000200000 2
444 408 3 8192 2.000200000 2
444 484 3 8192 2.000200000 2
444 864 3 8192 2.000200000 2
444 488 3 8192 2.000200000 2
444 452 3 8192 2.000200000 2
444 508 3 8192 2.000200000 2
448 464 3 8192 2.000200000 2
448 464 3 8192 2.000200000 2
448 304 3 8192 2.000200000 2
448 384 3 8192 2.000200000 2
448 156 3 8192 2.000200000 2
448 100 3 8192 2.000200000 2
448 92 3 8192 2.000200000 2
448 1180 3 8192 2.000200000 2
452 448 3 8192 2.000200000 2
452 448 3 8192 2.000200000 2
452 640 3 8192 2.000200000 2
452 260 3 8192 2.000200000 2
452 1120 3 8192 2.000200000 2
452 1188 3 8192 2.000200000 2
452 916 3 8192 2.000200000 2
452 436 3 8192 2.000200000 2
456 448 3 8192 2.000200000 2
456 448 3 8192 2.000200000 2
456 84 3 8192 2.000200000 2
456 1236 3 8192 2.000200000 2
456 824 3 8192 2.000200000 2
456 684 3 8192 2.000200000 2
456 864 3 8192 2.000200000 2
456 1184 3 8192 2.000200000 2
460 448 3 8192 2.000200000 2
460 448 3 8192 2.000200000 2
460 904 3 8192 2.000200000 2
460 624 3 8192 2.000200000 2
460 772 3 8192 2.000200000 2
460 832 3 8192 2.000200000 2
460 28 3 8192 2.000200000 2
460 740 3 8192 2.000200000 2
464 448 3 8192 2.000200000 2
464 448 3 8192 2.000200000 2
464 856 3 8192 2.000200000 2
464 416 3 8192 2.000200000 2
464 620 3 8192 2.000200000 2
464 704 3 8192 2.000200000 2
464 232 3 8192 2.000200000 2
464 516 3 8192 2.000200000 2
468 448 3 8192 2.000200000 2
468 448 3 8192 2.000200000 2
468 1276 3 8192 2.000200000 2
468 1112 3 8192 2.000200000 2
468 564 3 8192 2.000200000 2
468 1076 3 8192 2.000200000 2
468 220 3 8192 2.000200000 2
468 252 3 8192 2.000200000 2
476 448 3 8192 2.000200000 2
476 448 3 8192 2.000200000 2
476 864 3 8192 2.000200000 2
476 832 3 8192 2.000200000 2
476 852 3 8192 2.000200000 2
476 1184 3 8192 2.000200000 2
476 524 3 8192 2.000200000 2
476 1236 3 8192 2.000200000 2
480 448 3 8192 2.000200000 2
480 448 3 8192 2.000200000 2
480 232 3 8192 2.000200000 2
480 48 3 8192 2.000200000 2
480 340 3 8192 2.000200000 2
480 384 3 8192 2.000200000 2
480 308 3 8192 2.000200000 2
480 40 3 8192 2.000200000 2
484 448 3 8192 2.000200000 2
484 448 3 8192 2.000200000 2
484 340 3 8192 2.000200000 2
484 744 3 8192 2.000200000 2
484 384 3 8192 2.000200000 2
484 904 3 8192 2.000200000 2
484 100 3 8192 2.000200000 2
484 1180 3 8192 2.000200000 2
488 448 3 8192 2.000200000 2
488 448 3 8192 2.000200000 2
488 808 3 8192 2.000200000 2
488 1064 3 8192 2.000200000 2
488 596 3 8192 2.000200000 2
488 1264 3 8192 2.000200000 2
488 1088 3 8192 2.000200000 2
488 1152 3 8192 2.000200000 2
496 448 3 8192 2.000200000 2
496 448 3 8192 2.000200000 2
496 172 3 8192 2.000200000 2
496 892 3 8192 2.000200000 2
496 676 3 8192 2.000200000 2
496 16 3 8192 2.000200000 2
496 804 3 8192 2.000200000 2
496 136 3 8192 2.000200000 2
500 448 3 8192 2.000200000 2
500 448 3 8192 2.000200000 2
500 836 3 8192 2.000200000 2
500 432 3 8192 2.000200000 2
500 900 3 8192 2.000200000 2
500 564 3 8192 2.000200000 2
500 620 3 8192 2.000200000 2
500 892 3 8192 2.000200000 2
508 448 3 8192 2.000200000 2
508 448 3 8192 2.000200000 2
508 800 3 8192 2.000200000 2
508 1008 3 8192 2.000200000 2
508 516 3 8192 2.000200000 2
508 260 3 8192 2.000200000 2
508 1056 3 8192 2.000200000 2
508 308 3 8192 2.000200000 2
512 448 3 8192 2.000200000 2
512 448 3 8192 2.000200000 2
512 1112 3 8192 2.000200000 2
512 92 3 8192 2.000200000 2
512 388 3 8192 2.000200000 2
512 1040 3 8192 2.000200000 2
512 524 3 8192 2.000200000 2
512 600 3 8192 2.000200000 2
516 448 3 8192 2.000200000 2
516 448 3 8192 2.000200000 2
516 40 3 8192 2.000200000 2
516 556 3 8192 2.000200000 2
516 680 3 8192 2.000200000 2
516 932 3 8192 2.000200000 2
516 676 3 8192 2.000200000 2
516 828 3 8192 2.000200000 2
524 448 3 8192 2.000200000 2
524 448 3 8192 2.000200000 2
524 1020 3 8192 2.000200000 2
524 596 3 8192 2.000200000 2
524 64 3 8192 2.000200000 2
524 384 3 8192 2.000200000 2
524 924 3 8192 2.000200000 2
524 104 3 8192 2.000200000 2
528 448 3 8192 2.000200000 2
528 448 3 8192 2.000200000 2
528 968 3 8192 2.000200000 2
528 188 3 8192 2.000200000 2
528 456 3 8192 2.000200000 2
528 1000 3 8192 2.000200000 2
528 788 3 8192 2.000200000 2
528 0 3 8192 2.000200000 2
532 448 3 8192 2.000200000 2
532 448 3 8192 2.000200000 2
532 1264 3 8192 2.000200000 2
532 588 3 8192 2.000200000 2
532 880 3 8192 2.000200000 2
532 1008 3 8192 2.000200000 2
532 560 3 8192 2.000200000 2
532 336 3 8192 2.000200000 2
536 448 3 8192 2.000200000 2
536 448 3 8192 2.000200000 2
536 268 3 8192 2.000200000 2
536 188 3 8192 2.000200000 2
536 284 3 8192 2.000200000 2
536 8 3 8192 2.000200000 2
536 1056 3 8192 2.000200000 2
536 1144 3 8192 2.000200000 2
544 448 3 8192 2.000200000 2
544 448 3 8192 2.000200000 2
544 304 3 8192 2.000200000 2
544 816 3 8192 2.000200000 2
544 928 3 8192 2.000200000 2
544 92 3 8192 2.000200000 2
544 400 3 8192 2.000200000 2
544 620 3 8192 2.000200000 2
548 448 3 8192 2.000200000 2
548 448 3 8192 2.000200000 2
548 44 3 8192 2.000200000 2
548 300 3 8192 2.000200000 2
548 776 3 8192 2.000200000 2
548 696 3 8192 2.000200000 2
548 868 3 8192 2.000200000 2
548 416 3 8192 2.000200000 2
556 448 3 8192 2.000200000 2
556 448 3 8192 2.000200000 2
556 288 3 8192 2.000200000 2
556 580 3 8192 2.000200000 2
556 172 3 8192 2.000200000 2
556 572 3 8192 2.000200000 2
556 1008 3 8192 2.000200000 2
556 680 3 8192 2.000200000 2
560 448 3 8192 2.000200000 2
560 448 3 8192 2.000200000 2
560 488 3 8192 2.000200000 2
560 120 3 8192 2.000200000 2
560 304 3 8192 2.000200000 2
560 248 3 8192 2.000200000 2
560 632 3 8192 2.000200000 2
560 676 3 8192 2.000200000 2
564 448 3 8192 2.000200000 2
564 448 3 8192 2.000200000 2
564 700 3 8192 2.000200000 2
564 620 3 8192 2.000200000 2
564 476 3 8192 2.000200000 2
564 180 3 8192 2.000200000 2
564 652 3 8192 2.000200000 2
564 1020 3 8192 2.000200000 2
572 448 3 8192 2.000200000 2
572 448 3 8192 2.000200000 2
572 1148 3 8192 2.000200000 2
572 924 3 8192 2.000200000 2
572 252 3 8192 2.000200000 2
572 1084 3 8192 2.000200000 2
572 1176 3 8192 2.000200000 2
572 1244 3 8192 2.000200000 2
576 448 3 8192 2.000200000 2
576 448 3 8192 2.000200000 2
576 464 3 8192 2.000200000 2
576 1188 3 8192 2.000200000 2
576 444 3 8192 2.000200000 2
576 548 3 8192 2.000200000 2
576 948 3 8192 2.000200000 2
576 180 3 8192 2.000200000 2
580 448 3 8192 2.000200000 2
580 448 3 8192 2.000200000 2
580 712 3 8192 2.000200000 2
580 40 3 8192 2.000200000 2
580 740 3 8192 2.000200000 2
580 524 3 8192 2.000200000 2
580 300 3 8192 2.000200000 2
580 336 3 8192 2.000200000 2
584 448 3 8192 2.000200000 2
584 448 3 8192 2.000200000 2
584 436 3 8192 2.000200000 2
584 1012 3 8192 2.000200000 2
584 120 3 8192 2.000200000 2
584 764 3 8192 2.000200000 2
584 816 3 8192 2.000200000 2
584 824 3 8192 2.000200000 2
588 448 3 8192 2.000200000 2
588 448 3 8192 2.000200000 2
588 668 3 8192 2.000200000 2
588 220 3 8192 2.000200000 2
588 860 3 8192 2.000200000 2
588 12 3 8192 2.000200000 2
588 740 3 8192 2.000200000 2
588 260 3 8192 2.000200000 2
592 448 3 8192 2.000200000 2
592 448 3 8192 2.000200000 2
592 1220 3 8192 2.000200000 2
592 1200 3 8192 2.000200000 2
592 1196 3 8192 2.000200000 2
592 564 3 8192 2.000200000 2
592 1168 3 8192 2.000200000 2
592 1064 3 8192 2.000200000 2
596 448 3 8192 2.000200000 2
596 448 3 8192 2.000200000 2
596 1180 3 8192 2.000200000 2
596 1156 3 8192 2.000200000 2
596 580 3 8192 2.000200000 2
596 172 3 8192 2.000200000 2
596 384 3 8192 2.000200000 2
596 84 3 8192 2.000200000 2
600 448 3 8192 2.000200000 2
600 448 3 8192 2.000200000 2
600 1172 3 8192 2.000200000 2
600 768 3 8192 2.000200000 2
600 1256 3 8192 2.000200000 2
600 936 3 8192 2.000200000 2
600 632 3 8192 2.000200000 2
600 308 3 8192 2.000200000 2
612 448 3 8192 2.000200000 2
612 448 3 8192 2.000200000 2
612 672 3 8192 2.000200000 2
612 1056 3 8192 2.000200000 2
612 60 3 8192 2.000200000 2
612 728 3 8192 2.000200000 2
612 572 3 8192 2.000200000 2
612 0 3 8192 2.000200000 2
616 448 3 8192 2.000200000 2
616 448 3 8192 2.000200000 2
616 0 3 8192 2.000200000 2
616 1096 3 8192 2.000200000 2
616 764 3 8192 2.000200000 2
616 56 3 8192 2.000200000 2
616 1196 3 8192 2.000200000 2
616 500 3 8192 2.000200000 2
620 448 3 8192 2.000200000 2
620 448 3 8192 2.000200000 2
620 364 3 8192 2.000200000 2
620 112 3 8192 2.000200000 2
620 508 3 8192 2.000200000 2
620 320 3 8192 2.000200000 2
620 1208 3 8192 2.000200000 2
620 976 3 8192 2.000200000 2
624 448 3 8192 2.000200000 2
624 448 3 8192 2.000200000 2
624 272 3 8192 2.000200000 2
624 1000 3 8192 2.000200000 2
624 556 3 8192 2.000200000 2
624 1188 3 8192 2.000200000 2
624 528 3 8192 2.000200000 2
624 0 3 8192 2.000200000 2
628 448 3 8192 2.000200000 2
628 448 3 8192 2.000200000 2
628 1116 3 8192 2.000200000 2
628 888 3 8192 2.000200000 2
628 480 3 8192 2.000200000 2
628 1256 3 8192 2.000200000 2
628 1144 3 8192 2.000200000 2
628 804 3 8192 2.000200000 2
632 448 3 8192 2.000200000 2
632 448 3 8192 2.000200000 2
632 436 3 8192 2.000200000 2
632 40 3 8192 2.000200000 2
632 528 3 8192 2.000200000 2
632 1080 3 8192 2.000200000 2
632 584 3 8192 2.000200000 2
632 420 3 8192 2.000200000 2
636 448 3 8192 2.000200000 2
636 448 3 8192 2.000200000 2
636 1224 3 8192 2.000200000 2
636 1084 3 8192 2.000200000 2
636 668 3 8192 2.000200000 2
636 916 3 8192 2.000200000 2
636 716 3 8192 2.000200000 2
636 728 3 8192 2.000200000 2
640 448 3 8192 2.000200000 2
640 448 3 8192 2.000200000 2
640 376 3 8192 2.000200000 2
640 824 3 8192 2.000200000 2
640 416 3 8192 2.000200000 2
640 1056 3 8192 2.000200000 2
640 236 3 8192 2.000200000 2
640 672 3 8192 2.000200000 2
644 448 3 8192 2.000200000 2
644 448 3 8192 2.000200000 2
644 1100 3 8192 2.000200000 2
644 212 3 8192 2.000200000 2
644 44 3 8192 2.000200000 2
644 780 3 8192 2.000200000 2
644 300 3 8192 2.000200000 2
644 720 3 8192 2.000200000 2
648 448 3 8192 2.000200000 2
648 448 3 8192 2.000200000 2
648 80 3 8192 2.000200000 2
648 732 3 8192 2.000200000 2
648 984 3 8192 2.000200000 2
648 1076 3 8192 2.000200000 2
648 620 3 8192 2.000200000 2
648 652 3 8192 2.000200000 2
652 448 3 8192 2.000200000 2
652 448 3 8192 2.000200000 2
652 196 3 8192 2.000200000 2
652 544 3 8192 2.000200000 2
652 712 3 8192 2.000200000 2
652 8 3 8192 2.000200000 2
652 1164 3 8192 2.000200000 2
652 528 3 8192 2.000200000 2
668 448 3 8192 2.000200000 2
668 448 3 8192 2.000200000 2
668 376 3 8192 2.000200000 2
668 1024 3 8192 2.000200000 2
668 1012 3 8192 2.000200000 2
668 848 3 8192 2.000200000 2
668 1060 3 8192 2.000200000 2
668 684 3 8192 2.000200000 2
672 448 3 8192 2.000200000 2
672 448 3 8192 2.000200000 2
672 1168 3 8192 2.000200000 2
672 432 3 8192 2.000200000 2
672 776 3 8192 2.000200000 2
672 364 3 8192 2.000200000 2
672 592 3 8192 2.000200000 2
672 140 3 8192 2.000200000 2
676 448 3 8192 2.000200000 2
676 448 3 8192 2.000200000 2
676 988 3 8192 2.000200000 2
676 832 3 8192 2.000200000 2
676 1216 3 8192 2.000200000 2
676 360 3 8192 2.000200000 2
676 836 3 8192 2.000200000 2
676 1200 3 8192 2.000200000 2
680 448 3 8192 2.000200000 2
680 448 3 8192 2.000200000 2
680 408 3 8192 2.000200000 2
680 1040 3 8192 2.000200000 2
680 304 3 8192 2.000200000 2
680 240 3 8192 2.000200000 2
680 564 3 8192 2.000200000 2
680 236 3 8192 2.000200000 2
684 448 3 8192 2.000200000 2
684 448 3 8192 2.000200000 2
684 424 3 8192 2.000200000 2
684 596 3 8192 2.000200000 2
684 508 3 8192 2.000200000 2
684 336 3 8192 2.000200000 2
684 64 3 8192 2.000200000 2
684 1096 3 8192 2.000200000 2
692 448 3 8192 2.000200000 2
692 448 3 8192 2.000200000 2
692 1056 3 8192 2.000200000 2
692 12 3 8192 2.000200000 2
692 92 3 8192 2.000200000 2
692 1244 3 8192 2.000200000 2
692 132 3 8192 2.000200000 2
692 216 3 8192 2.000200000 2
696 448 3 8192 2.000200000 2
696 448 3 8192 2.000200000 2
696 1144 3 8192 2.000200000 2
696 560 3 8192 2.000200000 2
696 680 3 8192 2.000200000 2
696 1224 3 8192 2.000200000 2
696 1024 3 8192 2.000200000 2
696 1172 3 8192 2.000200000 2
700 448 3 8192 2.000200000 2
700 448 3 8192 2.000200000 2
700 432 3 8192 2.000200000 2
700 240 3 8192 2.000200000 2
700 624 3 8192 2.000200000 2
700 808 3 8192 2.000200000 2
700 424 3 8192 2.000200000 2
700 456 3 8192 2.000200000 2
704 448 3 8192 2.000200000 2
704 448 3 8192 2.000200000 2
704 904 3 8192 2.000200000 2
704 1036 3 8192 2.000200000 2
704 240 3 8192 2.000200000 2
704 1216 3 8192 2.000200000 2
704 212 3 8192 2.000200000 2
704 952 3 8192 2.000200000 2
712 448 3 8192 2.000200000 2
712 448 3 8192 2.000200000 2
712 1268 3 8192 2.000200000 2
712 1120 3 8192 2.000200000 2
712 672 3 8192 2.000200000 2
712 48 3 8192 2.000200000 2
712 156 3 8192 2.000200000 2
712 368 3 8192 2.000200000 2
716 448 3 8192 2.000200000 2
716 448 3 8192 2.000200000 2
716 48 3 8192 2.000200000 2
716 888 3 8192 2.000200000 2
716 80 3 8192 2.000200000 2
716 804 3 8192 2.000200000 2
716 736 3 8192 2.000200000 2
716 516 3 8192 2.000200000 2
720 448 3 8192 2.000200000 2
720 448 3 8192 2.000200000 2
720 596 3 8192 2.000200000 2
720 776 3 8192 2.000200000 2
720 364 3 8192 2.000200000 2
720 1108 3 8192 2.000200000 2
720 1184 3 8192 2.000200000 2
720 276 3 8192 2.000200000 2
724 448 3 8192 2.000200000 2
724 448 3 8192 2.000200000 2
724 1076 3 8192 2.000200000 2
724 888 3 8192 2.000200000 2
724 140 3 8192 2.000200000 2
724 572 3 8192 2.000200000 2
724 836 3 8192 2.000200000 2
724 0 3 8192 2.000200000 2
728 448 3 8192 2.000200000 2
728 448 3 8192 2.000200000 2
728 740 3 8192 2.000200000 2
728 1056 3 8192 2.000200000 2
728 788 3 8192 2.000200000 2
728 220 3 8192 2.000200000 2
728 920 3 8192 2.000200000 2
728 456 3 8192 2.000200000 2
732 448 3 8192 2.000200000 2
732 448 3 8192 2.000200000 2
732 228 3 8192 2.000200000 2
732 288 3 8192 2.000200000 2
732 1168 3 8192 2.000200000 2
732 556 3 8192 2.000200000 2
732 600 3 8192 2.000200000 2
732 1236 3 8192 2.000200000 2
736 448 3 8192 2.000200000 2
736 448 3 8192 2.000200000 2
736 1084 3 8192 2.000200000 2
736 596 3 8192 2.000200000 2
736 816 3 8192 2.000200000 2
736 420 3 8192 2.000200000 2
736 8 3 8192 2.000200000 2
736 856 3 8192 2.000200000 2
740 448 3 8192 2.000200000 2
740 448 3 8192 2.000200000 2
740 592 3 8192 2.000200000 2
740 1168 3 8192 2.000200000 2
740 408 3 8192 2.000200000 2
740 624 3 8192 2.000200000 2
740 744 3 8192 2.000200000 2
740 156 3 8192 2.000200000 2
744 448 3 8192 2.000200000 2
744 448 3 8192 2.000200000 2
744 312 3 8192 2.000200000 2
744 60 3 8192 2.000200000 2
744 104 3 8192 2.000200000 2
744 324 3 8192 2.000200000 2
744 1256 3 8192 2.000200000 2
744 768 3 8192 2.000200000 2
748 448 3 8192 2.000200000 2
748 448 3 8192 2.000200000 2
748 824 3 8192 2.000200000 2
748 732 3 8192 2.000200000 2
748 684 3 8192 2.000200000 2
748 500 3 8192 2.000200000 2
748 628 3 8192 2.000200000 2
748 952 3 8192 2.000200000 2
752 448 3 8192 2.000200000 2
752 448 3 8192 2.000200000 2
752 1180 3 8192 2.000200000 2
752 1184 3 8192 2.000200000 2
752 880 3 8192 2.000200000 2
752 788 3 8192 2.000200000 2
752 792 3 8192 2.000200000 2
752 716 3 8192 2.000200000 2
756 448 3 8192 2.000200000 2
756 448 3 8192 2.000200000 2
756 768 3 8192 2.000200000 2
756 632 3 8192 2.000200000 2
756 404 3 8192 2.000200000 2
756 388 3 8192 2.000200000 2
756 300 3 8192 2.000200000 2
756 276 3 8192 2.000200000 2
764 448 3 8192 2.000200000 2
764 448 3 8192 2.000200000 2
764 528 3 8192 2.000200000 2
764 672 3 8192 2.000200000 2
764 1160 3 8192 2.000200000 2
764 60 3 8192 2.000200000 2
764 936 3 8192 2.000200000 2
764 564 3 8192 2.000200000 2
768 448 3 8192 2.000200000 2
768 448 3 8192 2.000200000 2
768 220 3 8192 2.000200000 2
768 564 3 8192 2.000200000 2
768 624 3 8192 2.000200000 2
768 1032 3 8192 2.000200000 2
768 1100 3 8192 2.000200000 2
768 332 3 8192 2.000200000 2
772 448 3 8192 2.000200000 2
772 448 3 8192 2.000200000 2
772 248 3 8192 2.000200000 2
772 0 3 8192 2.000200000 2
772 576 3 8192 2.000200000 2
772 740 3 8192 2.000200000 2
772 1176 3 8192 2.000200000 2
772 52 3 8192 2.000200000 2
776 448 3 8192 2.000200000 2
776 448 3 8192 2.000200000 2
776 332 3 8192 2.000200000 2
776 1136 3 8192 2.000200000 2
776 848 3 8192 2.000200000 2
776 436 3 8192 2.000200000 2
776 244 3 8192 2.000200000 2
776 276 3 8192 2.000200000 2
780 448 3 8192 2.000200000 2
780 448 3 8192 2.000200000 2
780 672 3 8192 2.000200000 2
780 844 3 8192 2.000200000 2
780 900 3 8192 2.000200000 2
780 716 3 8192 2.000200000 2
780 484 3 8192 2.000200000 2
780 896 3 8192 2.000200000 2
788 448 3 8192 2.000200000 2
788 448 3 8192 2.000200000 2
788 820 3 8192 2.000200000 2
788 996 3 8192 2.000200000 2
788 340 3 8192 2.000200000 2
788 0 3 8192 2.000200000 2
788 1016 3 8192 2.000200000 2
788 632 3 8192 2.000200000 2
792 448 3 8192 2.000200000 2
792 448 3 8192 2.000200000 2
792 1132 3 8192 2.000200000 2
792 728 3 8192 2.000200000 2
792 276 3 8192 2.000200000 2
792 692 3 8192 2.000200000 2
792 888 3 8192 2.000200000 2
792 20 3 8192 2.000200000 2
800 448 3 8192 2.000200000 2
800 448 3 8192 2.000200000 2
800 376 3 8192 2.000200000 2
800 176 3 8192 2.000200000 2
800 168 3 8192 2.000200000 2
800 612 3 8192 2.000200000 2
800 1168 3 8192 2.000200000 2
800 1188 3 8192 2.000200000 2
804 448 3 8192 2.000200000 2
804 448 3 8192 2.000200000 2
804 676 3 8192 2.000200000 2
804 564 3 8192 2.000200000 2
804 168 3 8192 2.000200000 2
804 1240 3 8192 2.000200000 2
804 1020 3 8192 2.000200000 2
804 1268 3 8192 2.000200000 2
808 448 3 8192 2.000200000 2
808 448 3 8192 2.000200000 2
808 180 3 8192 2.000200000 2
808 596 3 8192 2.000200000 2
808 512 3 8192 2.000200000 2
808 1200 3 8192 2.000200000 2
808 720 3 8192 2.000200000 2
808 320 3 8192 2.000200000 2
816 448 3 8192 2.000200000 2
816 448 3 8192 2.000200000 2
816 676 3 8192 2.000200000 2
816 140 3 8192 2.000200000 2
816 1196 3 8192 2.000200000 2
816 832 3 8192 2.000200000 2
816 228 3 8192 2.000200000 2
816 920 3 8192 2.000200000 2
820 448 3 8192 2.000200000 2
820 448 3 8192 2.000200000 2
820 196 3 8192 2.000200000 2
820 384 3 8192 2.000200000 2
820 380 3 8192 2.000200000 2
820 1208 3 8192 2.000200000 2
820 372 3 8192 2.000200000 2
820 840 3 8192 2.000200000 2
824 448 3 8192 2.000200000 2
824 448 3 8192 2.000200000 2
824 848 3 8192 2.000200000 2
824 184 3 8192 2.000200000 2
824 28 3 8192 2.000200000 2
824 620 3 8192 2.000200000 2
824 168 3 8192 2.000200000 2
824 284 3 8192 2.000200000 2
828 448 3 8192 2.000200000 2
828 448 3 8192 2.000200000 2
828 480 3 8192 2.000200000 2
828 976 3 8192 2.000200000 2
828 648 3 8192 2.000200000 2
828 1156 3 8192 2.000200000 2
828 312 3 8192 2.000200000 2
828 1092 3 8192 2.000200000 2
832 448 3 8192 2.000200000 2
832 448 3 8192 2.000200000 2
832 724 3 8192 2.000200000 2
832 460 3 8192 2.000200000 2
832 1036 3 8192 2.000200000 2
832 52 3 8192 2.000200000 2
832 416 3 8192 2.000200000 2
832 380 3 8192 2.000200000 2
836 448 3 8192 2.000200000 2
836 448 3 8192 2.000200000 2
836 532 3 8192 2.000200000 2
836 1080 3 8192 2.000200000 2
836 908 3 8192 2.000200000 2
836 1132 3 8192 2.000200000 2
836 804 3 8192 2.000200000 2
836 344 3 8192 2.000200000 2
840 448 3 8192 2.000200000 2
840 448 3 8192 2.000200000 2
840 160 3 8192 2.000200000 2
840 1048 3 8192 2.000200000 2
840 496 3 8192 2.000200000 2
840 28 3 8192 2.000200000 2
840 1152 3 8192 2.000200000 2
840 700 3 8192 2.000200000 2
844 448 3 8192 2.000200000 2
844 448 3 8192 2.000200000 2
844 684 3 8192 2.000200000 2
844 1184 3 8192 2.000200000 2
844 444 3 8192 2.000200000 2
844 288 3 8192 2.000200000 2
844 376 3 8192 2.000200000 2
844 1136 3 8192 2.000200000 2
848 448 3 8192 2.000200000 2
848 448 3 8192 2.000200000 2
848 584 3 8192 2.000200000 2
848 920 3 8192 2.000200000 2
848 676 3 8192 2.000200000 2
848 532 3 8192 2.000200000 2
848 288 3 8192 2.000200000 2
848 988 3 8192 2.000200000 2
852 448 3 8192 2.000200000 2
852 448 3 8192 2.000200000 2
852 908 3 8192 2.000200000 2
852 372 3 8192 2.000200000 2
852 96 3 8192 2.000200000 2
852 644 3 8192 2.000200000 2
852 844 3 8192 2.000200000 2
852 76 3 8192 2.000200000 2
856 448 3 8192 2.000200000 2
856 448 3 8192 2.000200000 2
856 572 3 8192 2.000200000 2
856 120 3 8192 2.000200000 2
856 652 3 8192 2.000200000 2
856 736 3 8192 2.000200000 2
856 1128 3 8192 2.000200000 2
856 1216 3 8192 2.000200000 2
860 448 3 8192 2.000200000 2
860 448 3 8192 2.000200000 2
860 864 3 8192 2.000200000 2
860 112 3 8192 2.000200000 2
860 992 3 8192 2.000200000 2
860 532 3 8192 2.000200000 2
860 456 3 8192 2.000200000 2
860 500 3 8192 2.000200000 2
864 448 3 8192 2.000200000 2
864 448 3 8192 2.000200000 2
864 848 3 8192 2.000200000 2
864 1208 3 8192 2.000200000 2
864 712 3 8192 2.000200000 2
864 1196 3 8192 2.000200000 2
864 840 3 8192 2.000200000 2
864 188 3 8192 2.000200000 2
868 448 3 8192 2.000200000 2
868 448 3 8192 2.000200000 2
868 624 3 8192 2.000200000 2
868 1060 3 8192 2.000200000 2
868 524 3 8192 2.000200000 2
868 424 3 8192 2.000200000 2
868 480 3 8192 2.000200000 2
868 892 3 8192 2.000200000 2
880 448 3 8192 2.000200000 2
880 448 3 8192 2.000200000 2
880 936 3 8192 2.000200000 2
880 1064 3 8192 2.000200000 2
880 868 3 8192 2.000200000 2
880 1164 3 8192 2.000200000 2
880 496 3 8192 2.000200000 2
880 1144 3 8192 2.000200000 2
884 448 3 8192 2.000200000 2
884 448 3 8192 2.000200000 2
884 920 3 8192 2.000200000 2
884 696 3 8192 2.000200000 2
884 800 3 8192 2.000200000 2
884 1064 3 8192 2.000200000 2
884 448 3 8192 2.000200000 2
884 232 3 8192 2.000200000 2
888 448 3 8192 2.000200000 2
888 448 3 8192 2.000200000 2
888 528 3 8192 2.000200000 2
888 1180 3 8192 2.000200000 2
888 584 3 8192 2.000200000 2
888 276 3 8192 2.000200000 2
888 56 3 8192 2.000200000 2
888 896 3 8192 2.000200000 2
892 448 3 8192 2.000200000 2
892 448 3 8192 2.000200000 2
892 728 3 8192 2.000200000 2
892 820 3 8192 2.000200000 2
892 336 3 8192 2.000200000 2
892 516 3 8192 2.000200000 2
892 1012 3 8192 2.000200000 2
892 140 3 8192 2.000200000 2
896 448 3 8192 2.000200000 2
896 448 3 8192 2.000200000 2
896 580 3 8192 2.000200000 2
896 1160 3 8192 2.000200000 2
896 756 3 8192 2.000200000 2
896 644 3 8192 2.000200000 2
896 916 3 8192 2.000200000 2
896 624 3 8192 2.000200000 2
900 448 3 8192 2.000200000 2
900 448 3 8192 2.000200000 2
900 868 3 8192 2.000200000 2
900 720 3 8192 2.000200000 2
900 508 3 8192 2.000200000 2
900 736 3 8192 2.000200000 2
900 468 3 8192 2.000200000 2
900 1148 3 8192 2.000200000 2
904 448 3 8192 2.000200000 2
904 448 3 8192 2.000200000 2
904 1216 3 8192 2.000200000 2
904 452 3 8192 2.000200000 2
904 816 3 8192 2.000200000 2
904 600 3 8192 2.000200000 2
904 372 3 8192 2.000200000 2
904 428 3 8192 2.000200000 2
908 448 3 8192 2.000200000 2
908 448 3 8192 2.000200000 2
908 88 3 8192 2.000200000 2
908 220 3 8192 2.000200000 2
908 652 3 8192 2.000200000 2
908 884 3 8192 2.000200000 2
908 100 3 8192 2.000200000 2
908 1176 3 8192 2.000200000 2
916 448 3 8192 2.000200000 2
916 448 3 8192 2.000200000 2
916 1104 3 8192 2.000200000 2
916 444 3 8192 2.000200000 2
916 380 3 8192 2.000200000 2
916 16 3 8192 2.000200000 2
916 1192 3 8192 2.000200000 2
916 932 3 8192 2.000200000 2
920 448 3 8192 2.000200000 2
920 448 3 8192 2.000200000 2
920 936 3 8192 2.000200000 2
920 180 3 8192 2.000200000 2
920 1184 3 8192 2.000200000 2
920 852 3 8192 2.000200000 2
920 1080 3 8192 2.000200000 2
920 64 3 8192 2.000200000 2
924 448 3 8192 2.000200000 2
924 448 3 8192 2.000200000 2
924 740 3 8192 2.000200000 2
924 1092 3 8192 2.000200000 2
924 120 3 8192 2.000200000 2
924 1048 3 8192 2.000200000 2
924 404 3 8192 2.000200000 2
924 896 3 8192 2.000200000 2
928 448 3 8192 2.000200000 2
928 448 3 8192 2.000200000 2
928 916 3 8192 2.000200000 2
928 84 3 8192 2.000200000 2
928 324 3 8192 2.000200000 2
928 596 3 8192 2.000200000 2
928 1000 3 8192 2.000200000 2
928 1156 3 8192 2.000200000 2
932 448 3 8192 2.000200000 2
932 448 3 8192 2.000200000 2
932 1200 3 8192 2.000200000 2
932 1136 3 8192 2.000200000 2
932 916 3 8192 2.000200000 2
932 824 3 8192 2.000200000 2
932 1244 3 8192 2.000200000 2
932 904 3 8192 2.000200000 2
936 448 3 8192 2.000200000 2
936 448 3 8192 2.000200000 2
936 1264 3 8192 2.000200000 2
936 388 3 8192 2.000200000 2
936 996 3 8192 2.000200000 2
936 132 3 8192 2.000200000 2
936 1240 3 8192 2.000200000 2
936 1172 3 8192 2.000200000 2
940 448 3 8192 2.000200000 2
940 448 3 8192 2.000200000 2
940 1020 3 8192 2.000200000 2
940 252 3 8192 2.000200000 2
940 12 3 8192 2.000200000 2
940 132 3 8192 2.000200000 2
940 64 3 8192 2.000200000 2
940 1088 3 8192 2.000200000 2
948 448 3 8192 2.000200000 2
948 448 3 8192 2.000200000 2
948 1032 3 8192 2.000200000 2
948 844 3 8192 2.000200000 2
948 480 3 8192 2.000200000 2
948 156 3 8192 2.000200000 2
948 544 3 8192 2.000200000 2
948 1108 3 8192 2.000200000 2
952 448 3 8192 2.000200000 2
952 448 3 8192 2.000200000 2
952 968 3 8192 2.000200000 2
952 220 3 8192 2.000200000 2
952 1120 3 8192 2.000200000 2
952 752 3 8192 2.000200000 2
952 512 3 8192 2.000200000 2
952 684 3 8192 2.000200000 2
964 448 3 8192 2.000200000 2
964 448 3 8192 2.000200000 2
964 428 3 8192 2.000200000 2
964 904 3 8192 2.000200000 2
964 1116 3 8192 2.000200000 2
964 676 3 8192 2.000200000 2
964 272 3 8192 2.000200000 2
964 884 3 8192 2.000200000 2
968 448 3 8192 2.000200000 2
968 448 3 8192 2.000200000 2
968 1004 3 8192 2.000200000 2
968 460 3 8192 2.000200000 2
968 1172 3 8192 2.000200000 2
968 596 3 8192 2.000200000 2
968 832 3 8192 2.000200000 2
968 744 3 8192 2.000200000 2
976 448 3 8192 2.000200000 2
976 448 3 8192 2.000200000 2
976 76 3 8192 2.000200000 2
976 88 3 8192 2.000200000 2
976 368 3 8192 2.000200000 2
976 216 3 8192 2.000200000 2
976 236 3 8192 2.000200000 2
976 900 3 8192 2.000200000 2
984 448 3 8192 2.000200000 2
984 448 3 8192 2.000200000 2
984 680 3 8192 2.000200000 2
984 1164 3 8192 2.000200000 2
984 968 3 8192 2.000200000 2
984 940 3 8192 2.000200000 2
984 700 3 8192 2.000200000 2
984 384 3 8192 2.000200000 2
988 448 3 8192 2.000200000 2
988 448 3 8192 2.000200000 2
988 100 3 8192 2.000200000 2
988 804 3 8192 2.000200000 2
988 308 3 8192 2.000200000 2
988 1240 3 8192 2.000200000 2
988 1212 3 8192 2.000200000 2
988 560 3 8192 2.000200000 2
992 448 3 8192 2.000200000 2
992 448 3 8192 2.000200000 2
992 964 3 8192 2.000200000 2
992 644 3 8192 2.000200000 2
992 1032 3 8192 2.000200000 2
992 936 3 8192 2.000200000 2
992 588 3 8192 2.000200000 2
992 672 3 8192 2.000200000 2
996 448 3 8192 2.000200000 2
996 448 3 8192 2.000200000 2
996 500 3 8192 2.000200000 2
996 32 3 8192 2.000200000 2
996 1032 3 8192 2.000200000 2
996 536 3 8192 2.000200000 2
996 216 3 8192 2.000200000 2
996 696 3 8192 2.000200000 2
1000 448 3 8192 2.000200000 2
1000 448 3 8192 2.000200000 2
1000 444 3 8192 2.000200000 2
1000 1144 3 8192 2.000200000 2
1000 868 3 8192 2.000200000 2
1000 668 3 8192 2.000200000 2
1000 480 3 8192 2.000200000 2
1000 1276 3 8192 2.000200000 2
1004 448 3 8192 2.000200000 2
1004 448 3 8192 2.000200000 2
1004 508 3 8192 2.000200000 2
1004 192 3 8192 2.000200000 2
1004 892 3 8192 2.000200000 2
1004 344 3 8192 2.000200000 2
1004 1216 3 8192 2.000200000 2
1004 1156 3 8192 2.000200000 2
1008 448 3 8192 2.000200000 2
1008 448 3 8192 2.000200000 2
1008 496 3 8192 2.000200000 2
1008 1032 3 8192 2.000200000 2
1008 428 3 8192 2.000200000 2
1008 384 3 8192 2.000200000 2
1008 60 3 8192 2.000200000 2
1008 772 3 8192 2.000200000 2
1012 448 3 8192 2.000200000 2
1012 448 3 8192 2.000200000 2
1012 896 3 8192 2.000200000 2
1012 456 3 8192 2.000200000 2
1012 1224 3 8192 2.000200000 2
1012 288 3 8192 2.000200000 2
1012 8 3 8192 2.000200000 2
1012 1112 3 8192 2.000200000 2
1016 448 3 8192 2.000200000 2
1016 448 3 8192 2.000200000 2
1016 376 3 8192 2.000200000 2
1016 1120 3 8192 2.000200000 2
1016 244 3 8192 2.000200000 2
1016 1068 3 8192 2.000200000 2
1016 88 3 8192 2.000200000 2
1016 132 3 8192 2.000200000 2
1020 448 3 8192 2.000200000 2
1020 448 3 8192 2.000200000 2
1020 844 3 8192 2.000200000 2
1020 1068 3 8192 2.000200000 2
1020 244 3 8192 2.000200000 2
1020 880 3 8192 2.000200000 2
1020 1184 3 8192 2.000200000 2
1020 276 3 8192 2.000200000 2
1024 448 3 8192 2.000200000 2
1024 448 3 8192 2.000200000 2
1024 1060 3 8192 2.000200000 2
1024 1140 3 8192 2.000200000 2
1024 740 3 8192 2.000200000 2
1024 752 3 8192 2.000200000 2
1024 376 3 8192 2.000200000 2
1024 1200 3 8192 2.000200000 2
1032 448 3 8192 2.000200000 2
1032 448 3 8192 2.000200000 2
1032 464 3 8192 2.000200000 2
1032 1264 3 8192 2.000200000 2
1032 932 3 8192 2.000200000 2
1032 304 3 8192 2.000200000 2
1032 516 3 8192 2.000200000 2
1032 740 3 8192 2.000200000 2
1036 448 3 8192 2.000200000 2
1036 448 3 8192 2.000200000 2
1036 488 3 8192 2.000200000 2
1036 8 3 8192 2.000200000 2
1036 900 3 8192 2.000200000 2
1036 112 3 8192 2.000200000 2
1036 372 3 8192 2.000200000 2
1036 132 3 8192 2.000200000 2
1040 448 3 8192 2.000200000 2
1040 448 3 8192 2.000200000 2
1040 952 3 8192 2.000200000 2
1040 344 3 8192 2.000200000 2
1040 1264 3 8192 2.000200000 2
1040 1160 3 8192 2.000200000 2
1040 532 3 8192 2.000200000 2
1040 1276 3 8192 2.000200000 2
1048 448 3 8192 2.000200000 2
1048 448 3 8192 2.000200000 2
1048 672 3 8192 2.000200000 2
1048 1168 3 8192 2.000200000 2
1048 1104 3 8192 2.000200000 2
1048 1208 3 8192 2.000200000 2
1048 836 3 8192 2.000200000 2
1048 580 3 8192 2.000200000 2
1056 448 3 8192 2.000200000 2
1056 448 3 8192 2.000200000 2
1056 820 3 8192 2.000200000 2
1056 668 3 8192 2.000200000 2
1056 576 3 8192 2.000200000 2
1056 476 3 8192 2.000200000 2
1056 828 3 8192 2.000200000 2
1056 768 3 8192 2.000200000 2
1060 448 3 8192 2.000200000 2
1060 448 3 8192 2.000200000 2
1060 232 3 8192 2.000200000 2
1060 772 3 8192 2.000200000 2
1060 1268 3 8192 2.000200000 2
1060 88 3 8192 2.000200000 2
1060 1048 3 8192 2.000200000 2
1060 228 3 8192 2.000200000 2
1064 448 3 8192 2.000200000 2
1064 448 3 8192 2.000200000 2
1064 288 3 8192 2.000200000 2
1064 744 3 8192 2.000200000 2
1064 104 3 8192 2.000200000 2
1064 840 3 8192 2.000200000 2
1064 92 3 8192 2.000200000 2
1064 572 3 8192 2.000200000 2
1068 448 3 8192 2.000200000 2
1068 448 3 8192 2.000200000 2
1068 1024 3 8192 2.000200000 2
1068 1136 3 8192 2.000200000 2
1068 20 3 8192 2.000200000 2
1068 1236 3 8192 2.000200000 2
1068 288 3 8192 2.000200000 2
1068 888 3 8192 2.000200000 2
1076 448 3 8192 2.000200000 2
1076 448 3 8192 2.000200000 2
1076 320 3 8192 2.000200000 2
1076 176 3 8192 2.000200000 2
1076 1240 3 8192 2.000200000 2
1076 880 3 8192 2.000200000 2
1076 548 3 8192 2.000200000 2
1076 248 3 8192 2.000200000 2
1080 448 3 8192 2.000200000 2
1080 448 3 8192 2.000200000 2
1080 48 3 8192 2.000200000 2
1080 1096 3 8192 2.000200000 2
1080 132 3 8192 2.000200000 2
1080 536 3 8192 2.000200000 2
1080 60 3 8192 2.000200000 2
1080 596 3 8192 2.000200000 2
1084 448 3 8192 2.000200000 2
1084 448 3 8192 2.000200000 2
1084 712 3 8192 2.000200000 2
1084 852 3 8192 2.000200000 2
1084 856 3 8192 2.000200000 2
1084 28 3 8192 2.000200000 2
1084 1264 3 8192 2.000200000 2
1084 900 3 8192 2.000200000 2
1088 448 3 8192 2.000200000 2
1088 448 3 8192 2.000200000 2
1088 908 3 8192 2.000200000 2
1088 1256 3 8192 2.000200000 2
1088 496 3 8192 2.000200000 2
1088 736 3 8192 2.000200000 2
1088 616 3 8192 2.000200000 2
1088 1264 3 8192 2.000200000 2
1092 448 3 8192 2.000200000 2
1092 448 3 8192 2.000200000 2
1092 632 3 8192 2.000200000 2
1092 308 3 8192 2.000200000 2
1092 140 3 8192 2.000200000 2
1092 584 3 8192 2.000200000 2
1092 64 3 8192 2.000200000 2
1092 1036 3 8192 2.000200000 2
1096 448 3 8192 2.000200000 2
1096 448 3 8192 2.000200000 2
1096 820 3 8192 2.000200000 2
1096 372 3 8192 2.000200000 2
1096 448 3 8192 2.000200000 2
1096 744 3 8192 2.000200000 2
1096 532 3 8192 2.000200000 2
1096 1104 3 8192 2.000200000 2
1100 448 3 8192 2.000200000 2
1100 448 3 8192 2.000200000 2
1100 1036 3 8192 2.000200000 2
1100 384 3 8192 2.000200000 2
1100 80 3 8192 2.000200000 2
1100 900 3 8192 2.000200000 2
1100 768 3 8192 2.000200000 2
1100 636 3 8192 2.000200000 2
1104 448 3 8192 2.000200000 2
1104 448 3 8192 2.000200000 2
1104 424 3 8192 2.000200000 2
1104 988 3 8192 2.000200000 2
1104 1068 3 8192 2.000200000 2
1104 200 3 8192 2.000200000 2
1104 828 3 8192 2.000200000 2
1104 616 3 8192 2.000200000 2
1108 448 3 8192 2.000200000 2
1108 448 3 8192 2.000200000 2
1108 228 3 8192 2.000200000 2
1108 532 3 8192 2.000200000 2
1108 44 3 8192 2.000200000 2
1108 676 3 8192 2.000200000 2
1108 1192 3 8192 2.000200000 2
1108 840 3 8192 2.000200000 2
1112 448 3 8192 2.000200000 2
1112 448 3 8192 2.000200000 2
1112 1276 3 8192 2.000200000 2
1112 424 3 8192 2.000200000 2
1112 148 3 8192 2.000200000 2
1112 908 3 8192 2.000200000 2
1112 948 3 8192 2.000200000 2
1112 668 3 8192 2.000200000 2
1116 448 3 8192 2.000200000 2
1116 448 3 8192 2.000200000 2
1116 556 3 8192 2.000200000 2
1116 748 3 8192 2.000200000 2
1116 136 3 8192 2.000200000 2
1116 840 3 8192 2.000200000 2
1116 988 3 8192 2.000200000 2
1116 372 3 8192 2.000200000 2
1120 448 3 8192 2.000200000 2
1120 448 3 8192 2.000200000 2
1120 76 3 8192 2.000200000 2
1120 476 3 8192 2.000200000 2
1120 1056 3 8192 2.000200000 2
1120 196 3 8192 2.000200000 2
1120 132 3 8192 2.000200000 2
1120 44 3 8192 2.000200000 2
1128 448 3 8192 2.000200000 2
1128 448 3 8192 2.000200000 2
1128 484 3 8192 2.000200000 2
1128 104 3 8192 2.000200000 2
1128 500 3 8192 2.000200000 2
1128 376 3 8192 2.000200000 2
1128 28 3 8192 2.000200000 2
1128 624 3 8192 2.000200000 2
1132 448 3 8192 2.000200000 2
1132 448 3 8192 2.000200000 2
1132 388 3 8192 2.000200000 2
1132 1212 3 8192 2.000200000 2
1132 196 3 8192 2.000200000 2
1132 1016 3 8192 2.000200000 2
1132 596 3 8192 2.000200000 2
1132 64 3 8192 2.000200000 2
1136 448 3 8192 2.000200000 2
1136 448 3 8192 2.000200000 2
1136 476 3 8192 2.000200000 2
1136 904 3 8192 2.000200000 2
1136 512 3 8192 2.000200000 2
1136 416 3 8192 2.000200000 2
1136 1188 3 8192 2.000200000 2
1136 1216 3 8192 2.000200000 2
1140 448 3 8192 2.000200000 2
1140 448 3 8192 2.000200000 2
1140 80 3 8192 2.000200000 2
1140 880 3 8192 2.000200000 2
1140 172 3 8192 2.000200000 2
1140 1228 3 8192 2.000200000 2
1140 84 3 8192 2.000200000 2
1140 560 3 8192 2.000200000 2
1144 448 3 8192 2.000200000 2
1144 448 3 8192 2.000200000 2
1144 40 3 8192 2.000200000 2
1144 336 3 8192 2.000200000 2
1144 184 3 8192 2.000200000 2
1144 904 3 8192 2.000200000 2
1144 512 3 8192 2.000200000 2
1144 368 3 8192 2.000200000 2
1148 448 3 8192 2.000200000 2
1148 448 3 8192 2.000200000 2
1148 1020 3 8192 2.000200000 2
1148 260 3 8192 2.000200000 2
1148 736 3 8192 2.000200000 2
1148 436 3 8192 2.000200000 2
1148 20 3 8192 2.000200000 2
1148 920 3 8192 2.000200000 2
1152 448 3 8192 2.000200000 2
1152 448 3 8192 2.000200000 2
1152 948 3 8192 2.000200000 2
1152 856 3 8192 2.000200000 2
1152 908 3 8192 2.000200000 2
1152 1000 3 8192 2.000200000 2
1152 596 3 8192 2.000200000 2
1152 1060 3 8192 2.000200000 2
1156 448 3 8192 2.000200000 2
1156 448 3 8192 2.000200000 2
1156 312 3 8192 2.000200000 2
1156 748 3 8192 2.000200000 2
1156 1264 3 8192 2.000200000 2
1156 252 3 8192 2.000200000 2
1156 592 3 8192 2.000200000 2
1156 1200 3 8192 2.000200000 2
1160 448 3 8192 2.000200000 2
1160 448 3 8192 2.000200000 2
1160 800 3 8192 2.000200000 2
1160 448 3 8192 2.000200000 2
1160 324 3 8192 2.000200000 2
1160 1080 3 8192 2.000200000 2
1160 744 3 8192 2.000200000 2
1160 1024 3 8192 2.000200000 2
1164 448 3 8192 2.000200000 2
1164 448 3 8192 2.000200000 2
1164 1264 3 8192 2.000200000 2
1164 692 3 8192 2.000200000 2
1164 764 3 8192 2.000200000 2
1164 232 3 8192 2.000200000 2
1164 828 3 8192 2.000200000 2
1164 192 3 8192 2.000200000 2
1168 448 3 8192 2.000200000 2
1168 448 3 8192 2.000200000 2
1168 556 3 8192 2.000200000 2
1168 384 3 8192 2.000200000 2
1168 40 3 8192 2.000200000 2
1168 268 3 8192 2.000200000 2
1168 388 3 8192 2.000200000 2
1168 968 3 8192 2.000200000 2
1172 448 3 8192 2.000200000 2
1172 448 3 8192 2.000200000 2
1172 984 3 8192 2.000200000 2
1172 200 3 8192 2.000200000 2
1172 1068 3 8192 2.000200000 2
1172 1200 3 8192 2.000200000 2
1172 1212 3 8192 2.000200000 2
1172 1016 3 8192 2.000200000 2
1176 448 3 8192 2.000200000 2
1176 448 3 8192 2.000200000 2
1176 732 3 8192 2.000200000 2
1176 836 3 8192 2.000200000 2
1176 1008 3 8192 2.000200000 2
1176 744 3 8192 2.000200000 2
1176 1152 3 8192 2.000200000 2
1176 1004 3 8192 2.000200000 2
1180 448 3 8192 2.000200000 2
1180 448 3 8192 2.000200000 2
1180 576 3 8192 2.000200000 2
1180 140 3 8192 2.000200000 2
1180 408 3 8192 2.000200000 2
1180 460 3 8192 2.000200000 2
1180 512 3 8192 2.000200000 2
1180 584 3 8192 2.000200000 2
1184 448 3 8192 2.000200000 2
1184 448 3 8192 2.000200000 2
1184 584 3 8192 2.000200000 2
1184 464 3 8192 2.000200000 2
1184 840 3 8192 2.000200000 2
1184 1060 3 8192 2.000200000 2
1184 156 3 8192 2.000200000 2
1184 728 3 8192 2.000200000 2
1188 448 3 8192 2.000200000 2
1188 448 3 8192 2.000200000 2
1188 132 3 8192 2.000200000 2
1188 216 3 8192 2.000200000 2
1188 1156 3 8192 2.000200000 2
1188 436 3 8192 2.000200000 2
1188 432 3 8192 2.000200000 2
1188 148 3 8192 2.000200000 2
1192 448 3 8192 2.000200000 2
1192 448 3 8192 2.000200000 2
1192 120 3 8192 2.000200000 2
1192 904 3 8192 2.000200000 2
1192 852 3 8192 2.000200000 2
1192 1000 3 8192 2.000200000 2
1192 768 3 8192 2.000200000 2
1192 588 3 8192 2.000200000 2
1196 448 3 8192 2.000200000 2
1196 448 3 8192 2.000200000 2
1196 516 3 8192 2.000200000 2
1196 1180 3 8192 2.000200000 2
1196 1228 3 8192 2.000200000 2
1196 1140 3 8192 2.000200000 2
1196 416 3 8192 2.000200000 2
1196 632 3 8192 2.000200000 2
1200 448 3 8192 2.000200000 2
1200 448 3 8192 2.000200000 2
1200 676 3 8192 2.000200000 2
1200 716 3 8192 2.000200000 2
1200 788 3 8192 2.000200000 2
1200 1172 3 8192 2.000200000 2
1200 32 3 8192 2.000200000 2
1200 616 3 8192 2.000200000 2
1208 448 3 8192 2.000200000 2
1208 448 3 8192 2.000200000 2
1208 196 3 8192 2.000200000 2
1208 228 3 8192 2.000200000 2
1208 360 3 8192 2.000200000 2
1208 648 3 8192 2.000200000 2
1208 1060 3 8192 2.000200000 2
1208 1064 3 8192 2.000200000 2
1212 448 3 8192 2.000200000 2
1212 448 3 8192 2.000200000 2
1212 384 3 8192 2.000200000 2
1212 748 3 8192 2.000200000 2
1212 284 3 8192 2.000200000 2
1212 800 3 8192 2.000200000 2
1212 1016 3 8192 2.000200000 2
1212 160 3 8192 2.000200000 2
1216 448 3 8192 2.000200000 2
1216 448 3 8192 2.000200000 2
1216 368 3 8192 2.000200000 2
1216 728 3 8192 2.000200000 2
1216 976 3 8192 2.000200000 2
1216 64 3 8192 2.000200000 2
1216 548 3 8192 2.000200000 2
1216 1048 3 8192 2.000200000 2
1220 448 3 8192 2.000200000 2
1220 448 3 8192 2.000200000 2
1220 1024 3 8192 2.000200000 2
1220 884 3 8192 2.000200000 2
1220 416 3 8192 2.000200000 2
1220 488 3 8192 2.000200000 2
1220 1152 3 8192 2.000200000 2
1220 1036 3 8192 2.000200000 2
1224 448 3 8192 2.000200000 2
1224 448 3 8192 2.000200000 2
1224 524 3 8192 2.000200000 2
1224 32 3 8192 2.000200000 2
1224 712 3 8192 2.000200000 2
1224 1200 3 8192 2.000200000 2
1224 1136 3 8192 2.000200000 2
1224 624 3 8192 2.000200000 2
1228 448 3 8192 2.000200000 2
1228 448 3 8192 2.000200000 2
1228 1244 3 8192 2.000200000 2
1228 76 3 8192 2.000200000 2
1228 180 3 8192 2.000200000 2
1228 792 3 8192 2.000200000 2
1228 1236 3 8192 2.000200000 2
1228 244 3 8192 2.000200000 2
1236 448 3 8192 2.000200000 2
1236 448 3 8192 2.000200000 2
1236 1188 3 8192 2.000200000 2
1236 1216 3 8192 2.000200000 2
1236 148 3 8192 2.000200000 2
1236 744 3 8192 2.000200000 2
1236 172 3 8192 2.000200000 2
1236 564 3 8192 2.000200000 2
1240 448 3 8192 2.000200000 2
1240 448 3 8192 2.000200000 2
1240 988 3 8192 2.000200000 2
1240 480 3 8192 2.000200000 2
1240 824 3 8192 2.000200000 2
1240 1092 3 8192 2.000200000 2
1240 1132 3 8192 2.000200000 2
1240 432 3 8192 2.000200000 2
1244 448 3 8192 2.000200000 2
1244 448 3 8192 2.000200000 2
1244 556 3 8192 2.000200000 2
1244 452 3 8192 2.000200000 2
1244 268 3 8192 2.000200000 2
1244 1236 3 8192 2.000200000 2
1244 416 3 8192 2.000200000 2
1244 916 3 8192 2.000200000 2
1256 448 3 8192 2.000200000 2
1256 448 3 8192 2.000200000 2
1256 284 3 8192 2.000200000 2
1256 196 3 8192 2.000200000 2
1256 704 3 8192 2.000200000 2
1256 244 3 8192 2.000200000 2
1256 1156 3 8192 2.000200000 2
1256 416 3 8192 2.000200000 2
1264 448 3 8192 2.000200000 2
1264 448 3 8192 2.000200000 2
1264 0 3 8192 2.000200000 2
1264 60 3 8192 2.000200000 2
1264 196 3 8192 2.000200000 2
1264 652 3 8192 2.000200000 2
1264 1236 3 8192 2.000200000 2
1264 844 3 8192 2.000200000 2
1268 448 3 8192 2.000200000 2
1268 448 3 8192 2.000200000 2
1268 244 3 8192 2.000200000 2
1268 628 3 8192 2.000200000 2
1268 400 3 8192 2.000200000 2
1268 156 3 8192 2.000200000 2
1268 728 3 8192 2.000200000 2
1268 800 3 8192 2.000200000 2
1276 448 3 8192 2.000200000 2
1276 448 3 8192 2.000200000 2
1276 1236 3 8192 2.000200000 2
1276 728 3 8192 2.000200000 2
1276 164 3 8192 2.000200000 2
1276 560 3 8192 2.000200000 2
1276 620 3 8192 2.000200000 2
1276 1212 3 8192 2.000200000 2
0 448 3 8192 2.000250000 2
0 448 3 8192 2.000250000 2
0 1216 3 8192 2.000250000 2
0 916 3 8192 2.000250000 2
0 696 3 8192 2.000250000 2
0 716 3 8192 2.000250000 2
0 388 3 8192 2.000250000 2
0 580 3 8192 2.000250000 2
8 448 3 8192 2.000250000 2
8 448 3 8192 2.000250000 2
8 948 3 8192 2.000250000 2
8 592 3 8192 2.000250000 2
8 928 3 8192 2.000250000 2
8 240 3 8192 2.000250000 2
8 524 3 8192 2.000250000 2
8 404 3 8192 2.000250000 2
12 448 3 8192 2.000250000 2
12 448 3 8192 2.000250000 2
12 776 3 8192 2.000250000 2
12 424 3 8192 2.000250000 2
12 816 3 8192 2.000250000 2
12 1100 3 8192 2.000250000 2
12 200 3 8192 2.000250000 2
12 272 3 8192 2.000250000 2
16 448 3 8192 2.000250000 2
16 448 3 8192 2.000250000 2
16 592 3 8192 2.000250000 2
16 200 3 8192 2.000250000 2
16 852 3 8192 2.000250000 2
16 376 3 8192 2.000250000 2
16 1256 3 8192 2.000250000 2
16 1148 3 8192 2.000250000 2
20 448 3 8192 2.000250000 2
20 448 3 8192 2.000250000 2
20 1268 3 8192 2.000250000 2
20 628 3 8192 2.000250000 2
20 524 3 8192 2.000250000 2
20 1016 3 8192 2.000250000 2
20 108 3 8192 2.000250000 2
20 576 3 8192 2.000250000 2
28 448 3 8192 2.000250000 2
28 448 3 8192 2.000250000 2
28 448 3 8192 2.000250000 2
28 180 3 8192 2.000250000 2
28 248 3 8192 2.000250000 2
28 892 3 8192 2.000250000 2
28 136 3 8192 2.000250000 2
28 932 3 8192 2.000250000 2
32 448 3 8192 2.000250000 2
32 448 3 8192 2.000250000 2
32 1104 3 8192 2.000250000 2
32 1180 3 8192 2.000250000 2
32 484 3 8192 2.000250000 2
32 1032 3 8192 2.000250000 2
32 120 3 8192 2.000250000 2
32 628 3 8192 2.000250000 2
40 448 3 8192 2.000250000 2
40 448 3 8192 2.000250000 2
40 532 3 8192 2.000250000 2
40 408 3 8192 2.000250000 2
40 476 3 8192 2.000250000 2
40 792 3 8192 2.000250000 2
40 848 3 8192 2.000250000 2
40 676 3 8192 2.000250000 2
44 448 3 8192 2.000250000 2
44 448 3 8192 2.000250000 2
44 56 3 8192 2.000250000 2
44 976 3 8192 2.000250000 2
44 864 3 8192 2.000250000 2
44 16 3 8192 2.000250000 2
44 1140 3 8192 2.000250000 2
44 32 3 8192 2.000250000 2
48 448 3 8192 2.000250000 2
48 448 3 8192 2.000250000 2
48 44 3 8192 2.000250000 2
48 880 3 8192 2.000250000 2
48 1076 3 8192 2.000250000 2
48 272 3 8192 2.000250000 2
48 668 3 8192 2.000250000 2
48 852 3 8192 2.000250000 2
52 448 3 8192 2.000250000 2
52 448 3 8192 2.000250000 2
52 368 3 8192 2.000250000 2
52 648 3 8192 2.000250000 2
52 692 3 8192 2.000250000 2
52 184 3 8192 2.000250000 2
52 816 3 8192 2.000250000 2
52 952 3 8192 2.000250000 2
56 448 3 8192 2.000250000 2
56 448 3 8192 2.000250000 2
56 244 3 8192 2.000250000 2
56 1268 3 8192 2.000250000 2
56 268 3 8192 2.000250000 2
56 1112 3 8192 2.000250000 2
56 1040 3 8192 2.000250000 2
56 824 3 8192 2.000250000 2
60 448 3 8192 2.000250000 2
60 448 3 8192 2.000250000 2
60 1276 3 8192 2.000250000 2
60 80 3 8192 2.000250000 2
60 180 3 8192 2.000250000 2
60 0 3 8192 2.000250000 2
60 420 3 8192 2.000250000 2
60 984 3 8192 2.000250000 2
64 448 3 8192 2.000250000 2
64 448 3 8192 2.000250000 2
64 880 3 8192 2.000250000 2
64 1244 3 8192 2.000250000 2
64 948 3 8192 2.000250000 2
64 80 3 8192 2.000250000 2
64 376 3 8192 2.000250000 2
64 44 3 8192 2.000250000 2
76 448 3 8192 2.000250000 2
76 448 3 8192 2.000250000 2
76 652 3 8192 2.000250000 2
76 188 3 8192 2.000250000 2
76 1048 3 8192 2.000250000 2
76 20 3 8192 2.000250000 2
76 848 3 8192 2.000250000 2
76 1096 3 8192 2.000250000 2
80 448 3 8192 2.000250000 2
80 448 3 8192 2.000250000 2
80 0 3 8192 2.000250000 2
80 1016 3 8192 2.000250000 2
80 40 3 8192 2.000250000 2
80 684 3 8192 2.000250000 2
80 596 3 8192 2.000250000 2
80 1264 3 8192 2.000250000 2
84 448 3 8192 2.000250000 2
84 448 3 8192 2.000250000 2
84 108 3 8192 2.000250000 2
84 740 3 8192 2.000250000 2
84 888 3 8192 2.000250000 2
84 916 3 8192 2.000250000 2
84 1168 3 8192 2.000250000 2
84 312 3 8192 2.000250000 2
88 448 3 8192 2.000250000 2
88 448 3 8192 2.000250000 2
88 584 3 8192 2.000250000 2
88 1236 3 8192 2.000250000 2
88 192 3 8192 2.000250000 2
88 988 3 8192 2.000250000 2
88 1112 3 8192 2.000250000 2
88 640 3 8192 2.000250000 2
92 448 3 8192 2.000250000 2
92 448 3 8192 2.000250000 2
92 1148 3 8192 2.000250000 2
92 52 3 8192 2.000250000 2
92 848 3 8192 2.000250000 2
92 640 3 8192 2.000250000 2
92 284 3 8192 2.000250000 2
92 172 3 8192 2.000250000 2
96 448 3 8192 2.000250000 2
96 448 3 8192 2.000250000 2
96 500 3 8192 2.000250000 2
96 964 3 8192 2.000250000 2
96 476 3 8192 2.000250000 2
96 284 3 8192 2.000250000 2
96 544 3 8192 2.000250000 2
96 32 3 8192 2.000250000 2
100 448 3 8192 2.000250000 2
100 448 3 8192 2.000250000 2
100 1180 3 8192 2.000250000 2
100 488 3 8192 2.000250000 2
100 228 3 8192 2.000250000 2
100 132 3 8192 2.000250000 2
100 248 3 8192 2.000250000 2
100 756 3 8192 2.000250000 2
104 448 3 8192 2.000250000 2
104 448 3 8192 2.000250000 2
104 1208 3 8192 2.000250000 2
104 476 3 8192 2.000250000 2
104 1112 3 8192 2.000250000 2
104 840 3 8192 2.000250000 2
104 700 3 8192 2.000250000 2
104 776 3 8192 2.000250000 2
108 448 3 8192 2.000250000 2
108 448 3 8192 2.000250000 2
108 728 3 8192 2.000250000 2
108 1228 3 8192 2.000250000 2
108 368 3 8192 2.000250000 2
108 212 3 8192 2.000250000 2
108 1268 3 8192 2.000250000 2
108 40 3 8192 2.000250000 2
112 448 3 8192 2.000250000 2
112 448 3 8192 2.000250000 2
112 512 3 8192 2.000250000 2
112 32 3 8192 2.000250000 2
112 1236 3 8192 2.000250000 2
112 672 3 8192 2.000250000 2
112 448 3 8192 2.000250000 2
112 880 3 8192 2.000250000 2
120 448 3 8192 2.000250000 2
120 448 3 8192 2.000250000 2
120 88 3 8192 2.000250000 2
120 696 3 8192 2.000250000 2
120 800 3 8192 2.000250000 2
120 928 3 8192 2.000250000 2
120 232 3 8192 2.000250000 2
120 52 3 8192 2.000250000 2
132 448 3 8192 2.000250000 2
132 448 3 8192 2.000250000 2
132 444 3 8192 2.000250000 2
132 400 3 8192 2.000250000 2
132 744 3 8192 2.000250000 2
132 924 3 8192 2.000250000 2
132 84 3 8192 2.000250000 2
132 480 3 8192 2.000250000 2
136 448 3 8192 2.000250000 2
136 448 3 8192 2.000250000 2
136 856 3 8192 2.000250000 2
136 712 3 8192 2.000250000 2
136 508 3 8192 2.000250000 2
136 1136 3 8192 2.000250000 2
136 548 3 8192 2.000250000 2
136 1220 3 8192 2.000250000 2
140 448 3 8192 2.000250000 2
140 448 3 8192 2.000250000 2
140 268 3 8192 2.000250000 2
140 904 3 8192 2.000250000 2
140 528 3 8192 2.000250000 2
140 700 3 8192 2.000250000 2
140 732 3 8192 2.000250000 2
140 756 3 8192 2.000250000 2
148 448 3 8192 2.000250000 2
148 448 3 8192 2.000250000 2
148 1256 3 8192 2.000250000 2
148 1076 3 8192 2.000250000 2
148 828 3 8192 2.000250000 2
148 948 3 8192 2.000250000 2
148 240 3 8192 2.000250000 2
148 1004 3 8192 2.000250000 2
156 448 3 8192 2.000250000 2
156 448 3 8192 2.000250000 2
156 724 3 8192 2.000250000 2
156 988 3 8192 2.000250000 2
156 556 3 8192 2.000250000 2
156 992 3 8192 2.000250000 2
156 84 3 8192 2.000250000 2
156 896 3 8192 2.000250000 2
160 448 3 8192 2.000250000 2
160 448 3 8192 2.000250000 2
160 772 3 8192 2.000250000 2
160 360 3 8192 2.000250000 2
160 468 3 8192 2.000250000 2
160 180 3 8192 2.000250000 2
160 916 3 8192 2.000250000 2
160 1068 3 8192 2.000250000 2
164 448 3 8192 2.000250000 2
164 448 3 8192 2.000250000 2
164 808 3 8192 2.000250000 2
164 88 3 8192 2.000250000 2
164 652 3 8192 2.000250000 2
164 444 3 8192 2.000250000 2
164 16 3 8192 2.000250000 2
164 344 3 8192 2.000250000 2
168 448 3 8192 2.000250000 2
168 448 3 8192 2.000250000 2
168 216 3 8192 2.000250000 2
168 148 3 8192 2.000250000 2
168 860 3 8192 2.000250000 2
168 964 3 8192 2.000250000 2
168 388 3 8192 2.000250000 2
168 808 3 8192 2.000250000 2
172 448 3 8192 2.000250000 2
172 448 3 8192 2.000250000 2
172 892 3 8192 2.000250000 2
172 380 3 8192 2.000250000 2
172 788 3 8192 2.000250000 2
172 564 3 8192 2.000250000 2
172 1024 3 8192 2.000250000 2
172 988 3 8192 2.000250000 2
176 448 3 8192 2.000250000 2
176 448 3 8192 2.000250000 2
176 524 3 8192 2.000250000 2
176 1152 3 8192 2.000250000 2
176 168 3 8192 2.000250000 2
176 60 3 8192 2.000250000 2
176 1016 3 8192 2.000250000 2
176 1048 3 8192 2.000250000 2
180 448 3 8192 2.000250000 2
180 448 3 8192 2.000250000 2
180 1176 3 8192 2.000250000 2
180 748 3 8192 2.000250000 2
180 1008 3 8192 2.000250000 2
180 1208 3 8192 2.000250000 2
180 996 3 8192 2.000250000 2
180 844 3 8192 2.000250000 2
184 448 3 8192 2.000250000 2
184 448 3 8192 2.000250000 2
184 400 3 8192 2.000250000 2
184 532 3 8192 2.000250000 2
184 620 3 8192 2.000250000 2
184 444 3 8192 2.000250000 2
184 500 3 8192 2.000250000 2
184 1136 3 8192 2.000250000 2
188 448 3 8192 2.000250000 2
188 448 3 8192 2.000250000 2
188 1064 3 8192 2.000250000 2
188 600 3 8192 2.000250000 2
188 792 3 8192 2.000250000 2
188 588 3 8192 2.000250000 2
188 596 3 8192 2.000250000 2
188 428 3 8192 2.000250000 2
192 448 3 8192 2.000250000 2
192 448 3 8192 2.000250000 2
192 1196 3 8192 2.000250000 2
192 1116 3 8192 2.000250000 2
192 1212 3 8192 2.000250000 2
192 832 3 8192 2.000250000 2
192 1088 3 8192 2.000250000 2
192 780 3 8192 2.000250000 2
196 448 3 8192 2.000250000 2
196 448 3 8192 2.000250000 2
196 444 3 8192 2.000250000 2
196 900 3 8192 2.000250000 2
196 976 3 8192 2.000250000 2
196 1168 3 8192 2.000250000 2
196 484 3 8192 2.000250000 2
196 184 3 8192 2.000250000 2
200 448 3 8192 2.000250000 2
200 448 3 8192 2.000250000 2
200 16 3 8192 2.000250000 2
200 112 3 8192 2.000250000 2
200 1244 3 8192 2.000250000 2
200 216 3 8192 2.000250000 2
200 156 3 8192 2.000250000 2
200 900 3 8192 2.000250000 2
212 448 3 8192 2.000250000 2
212 448 3 8192 2.000250000 2
212 428 3 8192 2.000250000 2
212 724 3 8192 2.000250000 2
212 564 3 8192 2.000250000 2
212 968 3 8192 2.000250000 2
212 776 3 8192 2.000250000 2
212 60 3 8192 2.000250000 2
216 448 3 8192 2.000250000 2
216 448 3 8192 2.000250000 2
216 696 3 8192 2.000250000 2
216 560 3 8192 2.000250000 2
216 12 3 8192 2.000250000 2
216 1212 3 8192 2.000250000 2
216 564 3 8192 2.000250000 2
216 452 3 8192 2.000250000 2
220 448 3 8192 2.000250000 2
220 448 3 8192 2.000250000 2
220 1188 3 8192 2.000250000 2
220 580 3 8192 2.000250000 2
220 168 3 8192 2.000250000 2
220 1208 3 8192 2.000250000 2
220 976 3 8192 2.000250000 2
220 428 3 8192 2.000250000 2
228 448 3 8192 2.000250000 2
228 448 3 8192 2.000250000 2
228 728 3 8192 2.000250000 2
228 560 3 8192 2.000250000 2
228 8 3 8192 2.000250000 2
228 636 3 8192 2.000250000 2
228 1012 3 8192 2.000250000 2
228 476 3 8192 2.000250000 2
232 448 3 8192 2.000250000 2
232 448 3 8192 2.000250000 2
232 1172 3 8192 2.000250000 2
232 1188 3 8192 2.000250000 2
232 244 3 8192 2.000250000 2
232 584 3 8192 2.000250000 2
232 160 3 8192 2.000250000 2
232 1148 3 8192 2.000250000 2
236 448 3 8192 2.000250000 2
236 448 3 8192 2.000250000 2
236 1264 3 8192 2.000250000 2
236 1236 3 8192 2.000250000 2
236 828 3 8192 2.000250000 2
236 556 3 8192 2.000250000 2
236 920 3 8192 2.000250000 2
236 56 3 8192 2.000250000 2
240 448 3 8192 2.000250000 2
240 448 3 8192 2.000250000 2
240 456 3 8192 2.000250000 2
240 420 3 8192 2.000250000 2
240 928 3 8192 2.000250000 2
240 1040 3 8192 2.000250000 2
240 92 3 8192 2.000250000 2
240 236 3 8192 2.000250000 2
244 448 3 8192 2.000250000 2
244 448 3 8192 2.000250000 2
244 740 3 8192 2.000250000 2
244 64 3 8192 2.000250000 2
244 368 3 8192 2.000250000 2
244 1256 3 8192 2.000250000 2
244 252 3 8192 2.000250000 2
244 596 3 8192 2.000250000 2
248 448 3 8192 2.000250000 2
248 448 3 8192 2.000250000 2
248 164 3 8192 2.000250000 2
248 100 3 8192 2.000250000 2
248 736 3 8192 2.000250000 2
248 572 3 8192 2.000250000 2
248 300 3 8192 2.000250000 2
248 696 3 8192 2.000250000 2
252 448 3 8192 2.000250000 2
252 448 3 8192 2.000250000 2
252 848 3 8192 2.000250000 2
252 1196 3 8192 2.000250000 2
252 1220 3 8192 2.000250000 2
252 600 3 8192 2.000250000 2
252 1088 3 8192 2.000250000 2
252 140 3 8192 2.000250000 2
260 448 3 8192 2.000250000 2
260 448 3 8192 2.000250000 2
260 896 3 8192 2.000250000 2
260 600 3 8192 2.000250000 2
260 236 3 8192 2.000250000 2
260 892 3 8192 2.000250000 2
260 364 3 8192 2.000250000 2
260 180 3 8192 2.000250000 2
268 448 3 8192 2.000250000 2
268 448 3 8192 2.000250000 2
268 1192 3 8192 2.000250000 2
268 216 3 8192 2.000250000 2
268 92 3 8192 2.000250000 2
268 408 3 8192 2.000250000 2
268 172 3 8192 2.000250000 2
268 892 3 8192 2.000250000 2
272 448 3 8192 2.000250000 2
272 448 3 8192 2.000250000 2
272 196 3 8192 2.000250000 2
272 1156 3 8192 2.000250000 2
272 360 3 8192 2.000250000 2
272 496 3 8192 2.000250000 2
272 332 3 8192 2.000250000 2
272 276 3 8192 2.000250000 2
276 448 3 8192 2.000250000 2
276 448 3 8192 2.000250000 2
276 928 3 8192 2.000250000 2
276 1084 3 8192 2.000250000 2
276 468 3 8192 2.000250000 2
276 1220 3 8192 2.000250000 2
276 556 3 8192 2.000250000 2
276 88 3 8192 2.000250000 2
284 448 3 8192 2.000250000 2
284 448 3 8192 2.000250000 2
284 96 3 8192 2.000250000 2
284 1056 3 8192 2.000250000 2
284 100 3 8192 2.000250000 2
284 244 3 8192 2.000250000 2
284 1160 3 8192 2.000250000 2
284 712 3 8192 2.000250000 2
288 448 3 8192 2.000250000 2
288 448 3 8192 2.000250000 2
288 836 3 8192 2.000250000 2
288 148 3 8192 2.000250000 2
288 1096 3 8192 2.000250000 2
288 1176 3 8192 2.000250000 2
288 1164 3 8192 2.000250000 2
288 1084 3 8192 2.000250000 2
300 448 3 8192 2.000250000 2
300 448 3 8192 2.000250000 2
300 156 3 8192 2.000250000 2
300 1208 3 8192 2.000250000 2
300 828 3 8192 2.000250000 2
300 772 3 8192 2.000250000 2
300 1116 3 8192 2.000250000 2
300 668 3 8192 2.000250000 2
304 448 3 8192 2.000250000 2
304 448 3 8192 2.000250000 2
304 1108 3 8192 2.000250000 2
304 76 3 8192 2.000250000 2
304 724 3 8192 2.000250000 2
304 456 3 8192 2.000250000 2
304 480 3 8192 2.000250000 2
304 964 3 8192 2.000250000 2
308 448 3 8192 2.000250000 2
308 448 3 8192 2.000250000 2
308 772 3 8192 2.000250000 2
308 792 3 8192 2.000250000 2
308 628 3 8192 2.000250000 2
308 992 3 8192 2.000250000 2
308 908 3 8192 2.000250000 2
308 1220 3 8192 2.000250000 2
312 448 3 8192 2.000250000 2
312 448 3 8192 2.000250000 2
312 132 3 8192 2.000250000 2
312 904 3 8192 2.000250000 2
312 740 3 8192 2.000250000 2
312 236 3 8192 2.000250000 2
312 172 3 8192 2.000250000 2
312 476 3 8192 2.000250000 2
320 448 3 8192 2.000250000 2
320 448 3 8192 2.000250000 2
320 1088 3 8192 2.000250000 2
320 1128 3 8192 2.000250000 2
320 1020 3 8192 2.000250000 2
320 716 3 8192 2.000250000 2
320 1176 3 8192 2.000250000 2
320 964 3 8192 2.000250000 2
324 448 3 8192 2.000250000 2
324 448 3 8192 2.000250000 2
324 1244 3 8192 2.000250000 2
324 1076 3 8192 2.000250000 2
324 1184 3 8192 2.000250000 2
324 976 3 8192 2.000250000 2
324 592 3 8192 2.000250000 2
324 672 3 8192 2.000250000 2
332 448 3 8192 2.000250000 2
332 448 3 8192 2.000250000 2
332 8 3 8192 2.000250000 2
332 564 3 8192 2.000250000 2
332 1140 3 8192 2.000250000 2
332 120 3 8192 2.000250000 2
332 468 3 8192 2.000250000 2
332 720 3 8192 2.000250000 2
336 448 3 8192 2.000250000 2
336 448 3 8192 2.000250000 2
336 536 3 8192 2.000250000 2
336 900 3 8192 2.000250000 2
336 232 3 8192 2.000250000 2
336 508 3 8192 2.000250000 2
336 1084 3 8192 2.000250000 2
336 1076 3 8192 2.000250000 2
340 448 3 8192 2.000250000 2
340 448 3 8192 2.000250000 2
340 1136 3 8192 2.000250000 2
340 1032 3 8192 2.000250000 2
340 196 3 8192 2.000250000 2
340 1008 3 8192 2.000250000 2
340 468 3 8192 2.000250000 2
340 1128 3 8192 2.000250000 2
344 448 3 8192 2.000250000 2
344 448 3 8192 2.000250000 2
344 444 3 8192 2.000250000 2
344 884 3 8192 2.000250000 2
344 1004 3 8192 2.000250000 2
344 712 3 8192 2.000250000 2
344 868 3 8192 2.000250000 2
344 704 3 8192 2.000250000 2
360 448 3 8192 2.000250000 2
360 448 3 8192 2.000250000 2
360 276 3 8192 2.000250000 2
360 536 3 8192 2.000250000 2
360 1092 3 8192 2.000250000 2
360 424 3 8192 2.000250000 2
360 896 3 8192 2.000250000 2
360 364 3 8192 2.000250000 2
364 448 3 8192 2.000250000 2
364 448 3 8192 2.000250000 2
364 416 3 8192 2.000250000 2
364 1000 3 8192 2.000250000 2
364 724 3 8192 2.000250000 2
364 192 3 8192 2.000250000 2
364 48 3 8192 2.000250000 2
364 1244 3 8192 2.000250000 2
368 448 3 8192 2.000250000 2
368 448 3 8192 2.000250000 2
368 1172 3 8192 2.000250000 2
368 892 3 8192 2.000250000 2
368 464 3 8192 2.000250000 2
368 1008 3 8192 2.000250000 2
368 968 3 8192 2.000250000 2
368 1032 3 8192 2.000250000 2
372 448 3 8192 2.000250000 2
372 448 3 8192 2.000250000 2
372 108 3 8192 2.000250000 2
372 556 3 8192 2.000250000 2
372 100 3 8192 2.000250000 2
372 968 3 8192 2.000250000 2
372 1140 3 8192 2.000250000 2
372 620 3 8192 2.000250000 2
376 448 3 8192 2.000250000 2
376 448 3 8192 2.000250000 2
376 1008 3 8192 2.000250000 2
376 452 3 8192 2.000250000 2
376 1148 3 8192 2.000250000 2
376 260 3 8192 2.000250000 2
376 304 3 8192 2.000250000 2
376 92 3 8192 2.000250000 2
380 448 3 8192 2.000250000 2
380 448 3 8192 2.000250000 2
380 800 3 8192 2.000250000 2
380 908 3 8192 2.000250000 2
380 248 3 8192 2.000250000 2
380 816 3 8192 2.000250000 2
380 1004 3 8192 2.000250000 2
380 1244 3 8192 2.000250000 2
384 448 3 8192 2.000250000 2
384 448 3 8192 2.000250000 2
384 856 3 8192 2.000250000 2
384 652 3 8192 2.000250000 2
384 160 3 8192 2.000250000 2
384 1080 3 8192 2.000250000 2
384 248 3 8192 2.000250000 2
384 756 3 8192 2.000250000 2
388 448 3 8192 2.000250000 2
388 448 3 8192 2.000250000 2
388 200 3 8192 2.000250000 2
388 20 3 8192 2.000250000 2
388 112 3 8192 2.000250000 2
388 968 3 8192 2.000250000 2
388 1236 3 8192 2.000250000 2
388 772 3 8192 2.000250000 2
400 448 3 8192 2.000250000 2
400 448 3 8192 2.000250000 2
400 388 3 8192 2.000250000 2
400 1180 3 8192 2.000250000 2
400 616 3 8192 2.000250000 2
400 716 3 8192 2.000250000 2
400 132 3 8192 2.000250000 2
400 744 3 8192 2.000250000 2
404 448 3 8192 2.000250000 2
404 448 3 8192 2.000250000 2
404 496 3 8192 2.000250000 2
404 428 3 8192 2.000250000 2
404 576 3 8192 2.000250000 2
404 1188 3 8192 2.000250000 2
404 1080 3 8192 2.000250000 2
404 1108 3 8192 2.000250000 2
408 448 3 8192 2.000250000 2
408 448 3 8192 2.000250000 2
408 948 3 8192 2.000250000 2
408 1092 3 8192 2.000250000 2
408 84 3 8192 2.000250000 2
408 0 3 8192 2.000250000 2
408 44 3 8192 2.000250000 2
408 696 3 8192 2.000250000 2
416 448 3 8192 2.000250000 2
416 448 3 8192 2.000250000 2
416 424 3 8192 2.000250000 2
416 864 3 8192 2.000250000 2
416 928 3 8192 2.000250000 2
416 736 3 8192 2.000250000 2
416 456 3 8192 2.000250000 2
416 640 3 8192 2.000250000 2
420 448 3 8192 2.000250000 2
420 448 3 8192 2.000250000 2
420 1240 3 8192 2.000250000 2
420 92 3 8192 2.000250000 2
420 172 3 8192 2.000250000 2
420 984 3 8192 2.000250000 2
420 148 3 8192 2.000250000 2
420 228 3 8192 2.000250000 2
424 448 3 8192 2.000250000 2
424 448 3 8192 2.000250000 2
424 992 3 8192 2.000250000 2
424 692 3 8192 2.000250000 2
424 480 3 8192 2.000250000 2
424 628 3 8192 2.000250000 2
424 500 3 8192 2.000250000 2
424 108 3 8192 2.000250000 2
428 448 3 8192 2.000250000 2
428 448 3 8192 2.000250000 2
428 976 3 8192 2.000250000 2
428 692 3 8192 2.000250000 2
428 12 3 8192 2.000250000 2
428 984 3 8192 2.000250000 2
428 360 3 8192 2.000250000 2
428 304 3 8192 2.000250000 2
432 448 3 8192 2.000250000 2
432 448 3 8192 2.000250000 2
432 1268 3 8192 2.000250000 2
432 776 3 8192 2.000250000 2
432 140 3 8192 2.000250000 2
432 800 3 8192 2.000250000 2
432 620 3 8192 2.000250000 2
432 96 3 8192 2.000250000 2
436 448 3 8192 2.000250000 2
436 448 3 8192 2.000250000 2
436 508 3 8192 2.000250000 2
436 364 3 8192 2.000250000 2
436 1092 3 8192 2.000250000 2
436 212 3 8192 2.000250000 2
436 284 3 8192 2.000250000 2
436 712 3 8192 2.000250000 2
444 448 3 8192 2.000250000 2
444 448 3 8192 2.000250000 2
444 1012 3 8192 2.000250000 2
444 304 3 8192 2.000250000 2
444 920 3 8192 2.000250000 2
444 620 3 8192 2.000250000 2
444 1128 3 8192 2.000250000 2
444 744 3 8192 2.000250000 2
448 456 3 8192 2.000250000 2
448 476 3 8192 2.000250000 2
448 384 3 8192 2.000250000 2
448 804 3 8192 2.000250000 2
448 1148 3 8192 2.000250000 2
448 792 3 8192 2.000250000 2
448 0 3 8192 2.000250000 2
448 580 3 8192 2.000250000 2
452 448 3 8192 2.000250000 2
452 448 3 8192 2.000250000 2
452 900 3 8192 2.000250000 2
452 668 3 8192 2.000250000 2
452 220 3 8192 2.000250000 2
452 736 3 8192 2.000250000 2
452 564 3 8192 2.000250000 2
452 640 3 8192 2.000250000 2
456 448 3 8192 2.000250000 2
456 448 3 8192 2.000250000 2
456 284 3 8192 2.000250000 2
456 1132 3 8192 2.000250000 2
456 1104 3 8192 2.000250000 2
456 60 3 8192 2.000250000 2
456 1164 3 8192 2.000250000 2
456 276 3 8192 2.000250000 2
460 448 3 8192 2.000250000 2
460 448 3 8192 2.000250000 2
460 1140 3 8192 2.000250000 2
460 1100 3 8192 2.000250000 2
460 452 3 8192 2.000250000 2
460 720 3 8192 2.000250000 2
460 448 3 8192 2.000250000 2
460 456 3 8192 2.000250000 2
464 448 3 8192 2.000250000 2
464 448 3 8192 2.000250000 2
464 648 3 8192 2.000250000 2
464 800 3 8192 2.000250000 2
464 228 3 8192 2.000250000 2
464 48 3 8192 2.000250000 2
464 1036 3 8192 2.000250000 2
464 56 3 8192 2.000250000 2
468 448 3 8192 2.000250000 2
468 448 3 8192 2.000250000 2
468 1064 3 8192 2.000250000 2
468 56 3 8192 2.000250000 2
468 516 3 8192 2.000250000 2
468 820 3 8192 2.000250000 2
468 964 3 8192 2.000250000 2
468 272 3 8192 2.000250000 2
476 448 3 8192 2.000250000 2
476 448 3 8192 2.000250000 2
476 332 3 8192 2.000250000 2
476 56 3 8192 2.000250000 2
476 1224 3 8192 2.000250000 2
476 900 3 8192 2.000250000 2
476 188 3 8192 2.000250000 2
476 836 3 8192 2.000250000 2
480 448 3 8192 2.000250000 2
480 448 3 8192 2.000250000 2
480 636 3 8192 2.000250000 2
480 252 3 8192 2.000250000 2
480 376 3 8192 2.000250000 2
480 712 3 8192 2.000250000 2
480 996 3 8192 2.000250000 2
480 340 3 8192 2.000250000 2
484 448 3 8192 2.000250000 2
484 448 3 8192 2.000250000 2
484 1048 3 8192 2.000250000 2
484 724 3 8192 2.000250000 2
484 964 3 8192 2.000250000 2
484 416 3 8192 2.000250000 2
484 1004 3 8192 2.000250000 2
484 524 3 8192 2.000250000 2
488 448 3 8192 2.000250000 2
488 448 3 8192 2.000250000 2
488 1152 3 8192 2.000250000 2
488 632 3 8192 2.000250000 2
488 500 3 8192 2.000250000 2
488 1148 3 8192 2.000250000 2
488 572 3 8192 2.000250000 2
488 856 3 8192 2.000250000 2
496 448 3 8192 2.000250000 2
496 448 3 8192 2.000250000 2
496 924 3 8192 2.000250000 2
496 1036 3 8192 2.000250000 2
496 920 3 8192 2.000250000 2
496 1184 3 8192 2.000250000 2
496 1256 3 8192 2.000250000 2
496 836 3 8192 2.000250000 2
500 448 3 8192 2.000250000 2
500 448 3 8192 2.000250000 2
500 964 3 8192 2.000250000 2
500 1264 3 8192 2.000250000 2
500 596 3 8192 2.000250000 2
500 180 3 8192 2.000250000 2
500 360 3 8192 2.000250000 2
500 820 3 8192 2.000250000 2
508 448 3 8192 2.000250000 2
508 448 3 8192 2.000250000 2
508 588 3 8192 2.000250000 2
508 744 3 8192 2.000250000 2
508 1240 3 8192 2.000250000 2
508 700 3 8192 2.000250000 2
508 852 3 8192 2.000250000 2
508 1180 3 8192 2.000250000 2
512 448 3 8192 2.000250000 2
512 448 3 8192 2.000250000 2
512 1208 3 8192 2.000250000 2
512 572 3 8192 2.000250000 2
512 484 3 8192 2.000250000 2
512 1160 3 8192 2.000250000 2
512 1236 3 8192 2.000250000 2
512 1212 3 8192 2.000250000 2
516 448 3 8192 2.000250000 2
516 448 3 8192 2.000250000 2
516 592 3 8192 2.000250000 2
516 920 3 8192 2.000250000 2
516 1188 3 8192 2.000250000 2
516 404 3 8192 2.000250000 2
516 668 3 8192 2.000250000 2
516 836 3 8192 2.000250000 2
524 448 3 8192 2.000250000 2
524 448 3 8192 2.000250000 2
524 848 3 8192 2.000250000 2
524 1244 3 8192 2.000250000 2
524 240 3 8192 2.000250000 2
524 232 3 8192 2.000250000 2
524 1168 3 8192 2.000250000 2
524 640 3 8192 2.000250000 2
528 448 3 8192 2.000250000 2
528 448 3 8192 2.000250000 2
528 176 3 8192 2.000250000 2
528 600 3 8192 2.000250000 2
528 788 3 8192 2.000250000 2
528 136 3 8192 2.000250000 2
528 404 3 8192 2.000250000 2
528 1184 3 8192 2.000250000 2
532 448 3 8192 2.000250000 2
532 448 3 8192 2.000250000 2
532 176 3 8192 2.000250000 2
532 976 3 8192 2.000250000 2
532 96 3 8192 2.000250000 2
532 288 3 8192 2.000250000 2
532 968 3 8192 2.000250000 2
532 988 3 8192 2.000250000 2
536 448 3 8192 2.000250000 2
536 448 3 8192 2.000250000 2
536 1172 3 8192 2.000250000 2
536 240 3 8192 2.000250000 2
536 860 3 8192 2.000250000 2
536 1092 3 8192 2.000250000 2
536 632 3 8192 2.000250000 2
536 236 3 8192 2.000250000 2
544 448 3 8192 2.000250000 2
544 448 3 8192 2.000250000 2
544 628 3 8192 2.000250000 2
544 788 3 8192 2.000250000 2
544 92 3 8192 2.000250000 2
544 252 3 8192 2.000250000 2
544 848 3 8192 2.000250000 2
544 1188 3 8192 2.000250000 2
548 448 3 8192 2.000250000 2
548 448 3 8192 2.000250000 2
548 800 3 8192 2.000250000 2
548 1188 3 8192 2.000250000 2
548 0 3 8192 2.000250000 2
548 968 3 8192 2.000250000 2
548 180 3 8192 2.000250000 2
548 84 3 8192 2.000250000 2
556 448 3 8192 2.000250000 2
556 448 3 8192 2.000250000 2
556 648 3 8192 2.000250000 2
556 1268 3 8192 2.000250000 2
556 856 3 8192 2.000250000 2
556 432 3 8192 2.000250000 2
556 692 3 8192 2.000250000 2
556 120 3 8192 2.000250000 2
560 448 3 8192 2.000250000 2
560 448 3 8192 2.000250000 2
560 916 3 8192 2.000250000 2
560 288 3 8192 2.000250000 2
560 308 3 8192 2.000250000 2
560 444 3 8192 2.000250000 2
560 340 3 8192 2.000250000 2
560 732 3 8192 2.000250000 2
564 448 3 8192 2.000250000 2
564 448 3 8192 2.000250000 2
564 820 3 8192 2.000250000 2
564 836 3 8192 2.000250000 2
564 464 3 8192 2.000250000 2
564 248 3 8192 2.000250000 2
564 600 3 8192 2.000250000 2
564 1080 3 8192 2.000250000 2
572 448 3 8192 2.000250000 2
572 448 3 8192 2.000250000 2
572 76 3 8192 2.000250000 2
572 1024 3 8192 2.000250000 2
572 1104 3 8192 2.000250000 2
572 424 3 8192 2.000250000 2
572 420 3 8192 2.000250000 2
572 648 3 8192 2.000250000 2
576 448 3 8192 2.000250000 2
576 448 3 8192 2.000250000 2
576 28 3 8192 2.000250000 2
576 792 3 8192 2.000250000 2
576 844 3 8192 2.000250000 2
576 888 3 8192 2.000250000 2
576 692 3 8192 2.000250000 2
576 304 3 8192 2.000250000 2
580 448 3 8192 2.000250000 2
580 448 3 8192 2.000250000 2
580 8 3 8192 2.000250000 2
580 884 3 8192 2.000250000 2
580 596 3 8192 2.000250000 2
580 304 3 8192 2.000250000 2
580 1008 3 8192 2.000250000 2
580 464 3 8192 2.000250000 2
584 448 3 8192 2.000250000 2
584 448 3 8192 2.000250000 2
584 628 3 8192 2.000250000 2
584 920 3 8192 2.000250000 2
584 748 3 8192 2.000250000 2
584 56 3 8192 2.000250000 2
584 448 3 8192 2.000250000 2
584 288 3 8192 2.000250000 2
588 448 3 8192 2.000250000 2
588 448 3 8192 2.000250000 2
588 556 3 8192 2.000250000 2
588 668 3 8192 2.000250000 2
588 1096 3 8192 2.000250000 2
588 992 3 8192 2.000250000 2
588 444 3 8192 2.000250000 2
588 672 3 8192 2.000250000 2
592 448 3 8192 2.000250000 2
592 448 3 8192 2.000250000 2
592 1080 3 8192 2.000250000 2
592 112 3 8192 2.000250000 2
592 1164 3 8192 2.000250000 2
592 420 3 8192 2.000250000 2
592 304 3 8192 2.000250000 2
592 1068 3 8192 2.000250000 2
596 448 3 8192 2.000250000 2
596 448 3 8192 2.000250000 2
596 1000 3 8192 2.000250000 2
596 436 3 8192 2.000250000 2
596 232 3 8192 2.000250000 2
596 172 3 8192 2.000250000 2
596 728 3 8192 2.000250000 2
596 364 3 8192 2.000250000 2
600 448 3 8192 2.000250000 2
600 448 3 8192 2.000250000 2
600 1196 3 8192 2.000250000 2
600 968 3 8192 2.000250000 2
600 864 3 8192 2.000250000 2
600 620 3 8192 2.000250000 2
600 164 3 8192 2.000250000 2
600 212 3 8192 2.000250000 2
612 448 3 8192 2.000250000 2
612 448 3 8192 2.000250000 2
612 788 3 8192 2.000250000 2
612 1208 3 8192 2.000250000 2
612 564 3 8192 2.000250000 2
612 1220 3 8192 2.000250000 2
612 48 3 8192 2.000250000 2
612 12 3 8192 2.000250000 2
616 448 3 8192 2.000250000 2
616 448 3 8192 2.000250000 2
616 692 3 8192 2.000250000 2
616 104 3 8192 2.000250000 2
616 780 3 8192 2.000250000 2
616 560 3 8192 2.000250000 2
616 1080 3 8192 2.000250000 2
616 344 3 8192 2.000250000 2
620 448 3 8192 2.000250000 2
620 448 3 8192 2.000250000 2
620 1080 3 8192 2.000250000 2
620 848 3 8192 2.000250000 2
620 236 3 8192 2.000250000 2
620 1024 3 8192 2.000250000 2
620 720 3 8192 2.000250000 2
620 80 3 8192 2.000250000 2
624 448 3 8192 2.000250000 2
624 448 3 8192 2.000250000 2
624 300 3 8192 2.000250000 2
624 288 3 8192 2.000250000 2
624 48 3 8192 2.000250000 2
624 364 3 8192 2.000250000 2
624 308 3 8192 2.000250000 2
624 800 3 8192 2.000250000 2
628 448 3 8192 2.000250000 2
628 448 3 8192 2.000250000 2
628 612 3 8192 2.000250000 2
628 248 3 8192 2.000250000 2
628 1032 3 8192 2.000250000 2
628 140 3 8192 2.000250000 2
628 984 3 8192 2.000250000 2
628 836 3 8192 2.000250000 2
632 448 3 8192 2.000250000 2
632 448 3 8192 2.000250000 2
632 444 3 8192 2.000250000 2
632 384 3 8192 2.000250000 2
632 828 3 8192 2.000250000 2
632 860 3 8192 2.000250000 2
632 76 3 8192 2.000250000 2
632 308 3 8192 2.000250000 2
636 448 3 8192 2.000250000 2
636 448 3 8192 2.000250000 2
636 1168 3 8192 2.000250000 2
636 744 3 8192 2.000250000 2
636 212 3 8192 2.000250000 2
636 588 3 8192 2.000250000 2
636 28 3 8192 2.000250000 2
636 1136 3 8192 2.000250000 2
640 448 3 8192 2.000250000 2
640 448 3 8192 2.000250000 2
640 136 3 8192 2.000250000 2
640 244 3 8192 2.000250000 2
640 332 3 8192 2.000250000 2
640 684 3 8192 2.000250000 2
640 1120 3 8192 2.000250000 2
640 816 3 8192 2.000250000 2
644 448 3 8192 2.000250000 2
644 448 3 8192 2.000250000 2
644 720 3 8192 2.000250000 2
644 756 3 8192 2.000250000 2
644 548 3 8192 2.000250000 2
644 1104 3 8192 2.000250000 2
644 484 3 8192 2.000250000 2
644 324 3 8192 2.000250000 2
648 448 3 8192 2.000250000 2
648 448 3 8192 2.000250000 2
648 948 3 8192 2.000250000 2
648 156 3 8192 2.000250000 2
648 268 3 8192 2.000250000 2
648 284 3 8192 2.000250000 2
648 252 3 8192 2.000250000 2
648 672 3 8192 2.000250000 2
652 448 3 8192 2.000250000 2
652 448 3 8192 2.000250000 2
652 776 3 8192 2.000250000 2
652 16 3 8192 2.000250000 2
652 600 3 8192 2.000250000 2
652 1100 3 8192 2.000250000 2
652 572 3 8192 2.000250000 2
652 952 3 8192 2.000250000 2
668 448 3 8192 2.000250000 2
668 448 3 8192 2.000250000 2
668 432 3 8192 2.000250000 2
668 844 3 8192 2.000250000 2
668 920 3 8192 2.000250000 2
668 924 3 8192 2.000250000 2
668 1268 3 8192 2.000250000 2
668 380 3 8192 2.000250000 2
672 448 3 8192 2.000250000 2
672 448 3 8192 2.000250000 2
672 992 3 8192 2.000250000 2
672 1208 3 8192 2.000250000 2
672 516 3 8192 2.000250000 2
672 28 3 8192 2.000250000 2
672 120 3 8192 2.000250000 2
672 1188 3 8192 2.000250000 2
676 448 3 8192 2.000250000 2
676 448 3 8192 2.000250000 2
676 1116 3 8192 2.000250000 2
676 792 3 8192 2.000250000 2
676 932 3 8192 2.000250000 2
676 788 3 8192 2.000250000 2
676 1176 3 8192 2.000250000 2
676 136 3 8192 2.000250000 2
680 448 3 8192 2.000250000 2
680 448 3 8192 2.000250000 2
680 212 3 8192 2.000250000 2
680 820 3 8192 2.000250000 2
680 1012 3 8192 2.000250000 2
680 736 3 8192 2.000250000 2
680 120 3 8192 2.000250000 2
680 564 3 8192 2.000250000 2
684 448 3 8192 2.000250000 2
684 448 3 8192 2.000250000 2
684 968 3 8192 2.000250000 2
684 1164 3 8192 2.000250000 2
684 1120 3 8192 2.000250000 2
684 132 3 8192 2.000250000 2
684 736 3 8192 2.000250000 2
684 180 3 8192 2.000250000 2
692 448 3 8192 2.000250000 2
692 448 3 8192 2.000250000 2
692 1236 3 8192 2.000250000 2
692 544 3 8192 2.000250000 2
692 668 3 8192 2.000250000 2
692 452 3 8192 2.000250000 2
692 400 3 8192 2.000250000 2
692 592 3 8192 2.000250000 2
696 448 3 8192 2.000250000 2
696 448 3 8192 2.000250000 2
696 488 3 8192 2.000250000 2
696 60 3 8192 2.000250000 2
696 1200 3 8192 2.000250000 2
696 908 3 8192 2.000250000 2
696 1064 3 8192 2.000250000 2
696 620 3 8192 2.000250000 2
700 448 3 8192 2.000250000 2
700 448 3 8192 2.000250000 2
700 1132 3 8192 2.000250000 2
700 1092 3 8192 2.000250000 2
700 1088 3 8192 2.000250000 2
700 44 3 8192 2.000250000 2
700 288 3 8192 2.000250000 2
700 1172 3 8192 2.000250000 2
704 448 3 8192 2.000250000 2
704 448 3 8192 2.000250000 2
704 496 3 8192 2.000250000 2
704 164 3 8192 2.000250000 2
704 100 3 8192 2.000250000 2
704 172 3 8192 2.000250000 2
704 228 3 8192 2.000250000 2
704 728 3 8192 2.000250000 2
712 448 3 8192 2.000250000 2
712 448 3 8192 2.000250000 2
712 100 3 8192 2.000250000 2
712 132 3 8192 2.000250000 2
712 740 3 8192 2.000250000 2
712 600 3 8192 2.000250000 2
712 84 3 8192 2.000250000 2
712 632 3 8192 2.000250000 2
716 448 3 8192 2.000250000 2
716 448 3 8192 2.000250000 2
716 640 3 8192 2.000250000 2
716 1096 3 8192 2.000250000 2
716 368 3 8192 2.000250000 2
716 928 3 8192 2.000250000 2
716 644 3 8192 2.000250000 2
716 536 3 8192 2.000250000 2
720 448 3 8192 2.000250000 2
720 448 3 8192 2.000250000 2
720 864 3 8192 2.000250000 2
720 748 3 8192 2.000250000 2
720 1100 3 8192 2.000250000 2
720 384 3 8192 2.000250000 2
720 260 3 8192 2.000250000 2
720 1068 3 8192 2.000250000 2
724 448 3 8192 2.000250000 2
724 448 3 8192 2.000250000 2
724 684 3 8192 2.000250000 2
724 548 3 8192 2.000250000 2
724 1240 3 8192 2.000250000 2
724 740 3 8192 2.000250000 2
724 968 3 8192 2.000250000 2
724 596 3 8192 2.000250000 2
728 448 3 8192 2.000250000 2
728 448 3 8192 2.000250000 2
728 808 3 8192 2.000250000 2
728 484 3 8192 2.000250000 2
728 512 3 8192 2.000250000 2
728 360 3 8192 2.000250000 2
728 448 3 8192 2.000250000 2
728 1068 3 8192 2.000250000 2
732 448 3 8192 2.000250000 2
732 448 3 8192 2.000250000 2
732 508 3 8192 2.000250000 2
732 800 3 8192 2.000250000 2
732 1196 3 8192 2.000250000 2
732 620 3 8192 2.000250000 2
732 612 3 8192 2.000250000 2
732 1112 3 8192 2.000250000 2
736 448 3 8192 2.000250000 2
736 448 3 8192 2.000250000 2
736 468 3 8192 2.000250000 2
736 1128 3 8192 2.000250000 2
736 692 3 8192 2.000250000 2
736 700 3 8192 2.000250000 2
736 804 3 8192 2.000250000 2
736 108 3 8192 2.000250000 2
740 448 3 8192 2.000250000 2
740 448 3 8192 2.000250000 2
740 908 3 8192 2.000250000 2
740 12 3 8192 2.000250000 2
740 928 3 8192 2.000250000 2
740 596 3 8192 2.000250000 2
740 220 3 8192 2.000250000 2
740 1164 3 8192 2.000250000 2
744 448 3 8192 2.000250000 2
744 448 3 8192 2.000250000 2
744 240 3 8192 2.000250000 2
744 1024 3 8192 2.000250000 2
744 556 3 8192 2.000250000 2
744 416 3 8192 2.000250000 2
744 400 3 8192 2.000250000 2
744 444 3 8192 2.000250000 2
748 448 3 8192 2.000250000 2
748 448 3 8192 2.000250000 2
748 268 3 8192 2.000250000 2
748 20 3 8192 2.000250000 2
748 1268 3 8192 2.000250000 2
748 616 3 8192 2.000250000 2
748 824 3 8192 2.000250000 2
748 1060 3 8192 2.000250000 2
752 448 3 8192 2.000250000 2
752 448 3 8192 2.000250000 2
752 1140 3 8192 2.000250000 2
752 828 3 8192 2.000250000 2
752 400 3 8192 2.000250000 2
752 0 3 8192 2.000250000 2
752 832 3 8192 2.000250000 2
752 928 3 8192 2.000250000 2
756 448 3 8192 2.000250000 2
756 448 3 8192 2.000250000 2
756 556 3 8192 2.000250000 2
756 920 3 8192 2.000250000 2
756 320 3 8192 2.000250000 2
756 220 3 8192 2.000250000 2
756 928 3 8192 2.000250000 2
756 20 3 8192 2.000250000 2
764 448 3 8192 2.000250000 2
764 448 3 8192 2.000250000 2
764 304 3 8192 2.000250000 2
764 276 3 8192 2.000250000 2
764 108 3 8192 2.000250000 2
764 636 3 8192 2.000250000 2
764 1276 3 8192 2.000250000 2
764 748 3 8192 2.000250000 2
768 448 3 8192 2.000250000 2
768 448 3 8192 2.000250000 2
768 924 3 8192 2.000250000 2
768 464 3 8192 2.000250000 2
768 212 3 8192 2.000250000 2
768 748 3 8192 2.000250000 2
768 444 3 8192 2.000250000 2
768 1140 3 8192 2.000250000 2
772 448 3 8192 2.000250000 2
772 448 3 8192 2.000250000 2
772 252 3 8192 2.000250000 2
772 1196 3 8192 2.000250000 2
772 732 3 8192 2.000250000 2
772 192 3 8192 2.000250000 2
772 100 3 8192 2.000250000 2
772 1136 3 8192 2.000250000 2
776 448 3 8192 2.000250000 2
776 448 3 8192 2.000250000 2
776 200 3 8192 2.000250000 2
776 344 3 8192 2.000250000 2
776 860 3 8192 2.000250000 2
776 96 3 8192 2.000250000 2
776 948 3 8192 2.000250000 2
776 188 3 8192 2.000250000 2
780 448 3 8192 2.000250000 2
780 448 3 8192 2.000250000 2
780 416 3 8192 2.000250000 2
780 968 3 8192 2.000250000 2
780 1136 3 8192 2.000250000 2
780 136 3 8192 2.000250000 2
780 1048 3 8192 2.000250000 2
780 720 3 8192 2.000250000 2
788 448 3 8192 2.000250000 2
788 448 3 8192 2.000250000 2
788 60 3 8192 2.000250000 2
788 28 3 8192 2.000250000 2
788 1208 3 8192 2.000250000 2
788 1096 3 8192 2.000250000 2
788 548 3 8192 2.000250000 2
788 616 3 8192 2.000250000 2
792 448 3 8192 2.000250000 2
792 448 3 8192 2.000250000 2
792 92 3 8192 2.000250000 2
792 1128 3 8192 2.000250000 2
792 992 3 8192 2.000250000 2
792 1112 3 8192 2.000250000 2
792 232 3 8192 2.000250000 2
792 1088 3 8192 2.000250000 2
800 448 3 8192 2.000250000 2
800 448 3 8192 2.000250000 2
800 776 3 8192 2.000250000 2
800 1036 3 8192 2.000250000 2
800 516 3 8192 2.000250000 2
800 312 3 8192 2.000250000 2
800 404 3 8192 2.000250000 2
800 100 3 8192 2.000250000 2
804 448 3 8192 2.000250000 2
804 448 3 8192 2.000250000 2
804 676 3 8192 2.000250000 2
804 172 3 8192 2.000250000 2
804 916 3 8192 2.000250000 2
804 1112 3 8192 2.000250000 2
804 728 3 8192 2.000250000 2
804 856 3 8192 2.000250000 2
808 448 3 8192 2.000250000 2
808 448 3 8192 2.000250000 2
808 16 3 8192 2.000250000 2
808 500 3 8192 2.000250000 2
808 372 3 8192 2.000250000 2
808 948 3 8192 2.000250000 2
808 1100 3 8192 2.000250000 2
808 1048 3 8192 2.000250000 2
816 448 3 8192 2.000250000 2
816 448 3 8192 2.000250000 2
816 380 3 8192 2.000250000 2
816 1236 3 8192 2.000250000 2
816 744 3 8192 2.000250000 2
816 884 3 8192 2.000250000 2
816 272 3 8192 2.000250000 2
816 728 3 8192 2.000250000 2
820 448 3 8192 2.000250000 2
820 448 3 8192 2.000250000 2
820 932 3 8192 2.000250000 2
820 300 3 8192 2.000250000 2
820 12 3 8192 2.000250000 2
820 1104 3 8192 2.000250000 2
820 1212 3 8192 2.000250000 2
820 340 3 8192 2.000250000 2
824 448 3 8192 2.000250000 2
824 448 3 8192 2.000250000 2
824 132 3 8192 2.000250000 2
824 700 3 8192 2.000250000 2
824 704 3 8192 2.000250000 2
824 1092 3 8192 2.000250000 2
824 1140 3 8192 2.000250000 2
824 692 3 8192 2.000250000 2
828 448 3 8192 2.000250000 2
828 448 3 8192 2.000250000 2
828 508 3 8192 2.000250000 2
828 240 3 8192 2.000250000 2
828 788 3 8192 2.000250000 2
828 16 3 8192 2.000250000 2
828 496 3 8192 2.000250000 2
828 776 3 8192 2.000250000 2
832 448 3 8192 2.000250000 2
832 448 3 8192 2.000250000 2
832 260 3 8192 2.000250000 2
832 1108 3 8192 2.000250000 2
832 1064 3 8192 2.000250000 2
832 48 3 8192 2.000250000 2
832 388 3 8192 2.000250000 2
832 288 3 8192 2.000250000 2
836 448 3 8192 2.000250000 2
836 448 3 8192 2.000250000 2
836 420 3 8192 2.000250000 2
836 924 3 8192 2.000250000 2
836 1140 3 8192 2.000250000 2
836 928 3 8192 2.000250000 2
836 1144 3 8192 2.000250000 2
836 1104 3 8192 2.000250000 2
840 448 3 8192 2.000250000 2
840 448 3 8192 2.000250000 2
840 968 3 8192 2.000250000 2
840 588 3 8192 2.000250000 2
840 1008 3 8192 2.000250000 2
840 156 3 8192 2.000250000 2
840 192 3 8192 2.000250000 2
840 564 3 8192 2.000250000 2
844 448 3 8192 2.000250000 2
844 448 3 8192 2.000250000 2
844 20 3 8192 2.000250000 2
844 584 3 8192 2.000250000 2
844 108 3 8192 2.000250000 2
844 1144 3 8192 2.000250000 2
844 248 3 8192 2.000250000 2
844 740 3 8192 2.000250000 2
848 448 3 8192 2.000250000 2
848 448 3 8192 2.000250000 2
848 1128 3 8192 2.000250000 2
848 1144 3 8192 2.000250000 2
848 108 3 8192 2.000250000 2
848 40 3 8192 2.000250000 2
848 856 3 8192 2.000250000 2
848 692 3 8192 2.000250000 2
852 448 3 8192 2.000250000 2
852 448 3 8192 2.000250000 2
852 1176 3 8192 2.000250000 2
852 588 3 8192 2.000250000 2
852 1112 3 8192 2.000250000 2
852 740 3 8192 2.000250000 2
852 744 3 8192 2.000250000 2
852 772 3 8192 2.000250000 2
856 448 3 8192 2.000250000 2
856 448 3 8192 2.000250000 2
856 1000 3 8192 2.000250000 2
856 464 3 8192 2.000250000 2
856 344 3 8192 2.000250000 2
856 1048 3 8192 2.000250000 2
856 652 3 8192 2.000250000 2
856 848 3 8192 2.000250000 2
860 448 3 8192 2.000250000 2
860 448 3 8192 2.000250000 2
860 460 3 8192 2.000250000 2
860 216 3 8192 2.000250000 2
860 248 3 8192 2.000250000 2
860 776 3 8192 2.000250000 2
860 576 3 8192 2.000250000 2
860 1056 3 8192 2.000250000 2
864 448 3 8192 2.000250000 2
864 448 3 8192 2.000250000 2
864 244 3 8192 2.000250000 2
864 220 3 8192 2.000250000 2
864 964 3 8192 2.000250000 2
864 952 3 8192 2.000250000 2
864 1040 3 8192 2.000250000 2
864 1148 3 8192 2.000250000 2
868 448 3 8192 2.000250000 2
868 448 3 8192 2.000250000 2
868 160 3 8192 2.000250000 2
868 372 3 8192 2.000250000 2
868 288 3 8192 2.000250000 2
868 556 3 8192 2.000250000 2
868 1268 3 8192 2.000250000 2
868 1068 3 8192 2.000250000 2
880 448 3 8192 2.000250000 2
880 448 3 8192 2.000250000 2
880 1112 3 8192 2.000250000 2
880 132 3 8192 2.000250000 2
880 1056 3 8192 2.000250000 2
880 96 3 8192 2.000250000 2
880 40 3 8192 2.000250000 2
880 28 3 8192 2.000250000 2
884 448 3 8192 2.000250000 2
884 448 3 8192 2.000250000 2
884 188 3 8192 2.000250000 2
884 444 3 8192 2.000250000 2
884 952 3 8192 2.000250000 2
884 1084 3 8192 2.000250000 2
884 176 3 8192 2.000250000 2
884 1184 3 8192 2.000250000 2
888 448 3 8192 2.000250000 2
888 448 3 8192 2.000250000 2
888 732 3 8192 2.000250000 2
888 1056 3 8192 2.000250000 2
888 272 3 8192 2.000250000 2
888 100 3 8192 2.000250000 2
888 160 3 8192 2.000250000 2
888 580 3 8192 2.000250000 2
892 448 3 8192 2.000250000 2
892 448 3 8192 2.000250000 2
892 1096 3 8192 2.000250000 2
892 740 3 8192 2.000250000 2
892 132 3 8192 2.000250000 2
892 48 3 8192 2.000250000 2
892 936 3 8192 2.000250000 2
892 560 3 8192 2.000250000 2
896 448 3 8192 2.000250000 2
896 448 3 8192 2.000250000 2
896 164 3 8192 2.000250000 2
896 888 3 8192 2.000250000 2
896 424 3 8192 2.000250000 2
896 1240 3 8192 2.000250000 2
896 1224 3 8192 2.000250000 2
896 836 3 8192 2.000250000 2
900 448 3 8192 2.000250000 2
900 448 3 8192 2.000250000 2
900 976 3 8192 2.000250000 2
900 844 3 8192 2.000250000 2
900 148 3 8192 2.000250000 2
900 1068 3 8192 2.000250000 2
900 140 3 8192 2.000250000 2
900 416 3 8192 2.000250000 2
904 448 3 8192 2.000250000 2
904 448 3 8192 2.000250000 2
904 768 3 8192 2.000250000 2
904 168 3 8192 2.000250000 2
904 612 3 8192 2.000250000 2
904 600 3 8192 2.000250000 2
904 1144 3 8192 2.000250000 2
904 360 3 8192 2.000250000 2
908 448 3 8192 2.000250000 2
908 448 3 8192 2.000250000 2
908 636 3 8192 2.000250000 2
908 132 3 8192 2.000250000 2
908 192 3 8192 2.000250000 2
908 536 3 8192 2.000250000 2
908 576 3 8192 2.000250000 2
908 632 3 8192 2.000250000 2
916 448 3 8192 2.000250000 2
916 448 3 8192 2.000250000 2
916 636 3 8192 2.000250000 2
916 84 3 8192 2.000250000 2
916 512 3 8192 2.000250000 2
916 324 3 8192 2.000250000 2
916 20 3 8192 2.000250000 2
916 1268 3 8192 2.000250000 2
920 448 3 8192 2.000250000 2
920 448 3 8192 2.000250000 2
920 852 3 8192 2.000250000 2
920 596 3 8192 2.000250000 2
920 888 3 8192 2.000250000 2
920 1132 3 8192 2.000250000 2
920 544 3 8192 2.000250000 2
920 924 3 8192 2.000250000 2
924 448 3 8192 2.000250000 2
924 448 3 8192 2.000250000 2
924 136 3 8192 2.000250000 2
924 1104 3 8192 2.000250000 2
924 1148 3 8192 2.000250000 2
924 904 3 8192 2.000250000 2
924 1136 3 8192 2.000250000 2
924 996 3 8192 2.000250000 2
928 448 3 8192 2.000250000 2
928 448 3 8192 2.000250000 2
928 904 3 8192 2.000250000 2
928 576 3 8192 2.000250000 2
928 1060 3 8192 2.000250000 2
928 792 3 8192 2.000250000 2
928 836 3 8192 2.000250000 2
928 572 3 8192 2.000250000 2
932 448 3 8192 2.000250000 2
932 448 3 8192 2.000250000 2
932 1040 3 8192 2.000250000 2
932 896 3 8192 2.000250000 2
932 532 3 8192 2.000250000 2
932 1256 3 8192 2.000250000 2
932 1084 3 8192 2.000250000 2
932 992 3 8192 2.000250000 2
936 448 3 8192 2.000250000 2
936 448 3 8192 2.000250000 2
936 776 3 8192 2.000250000 2
936 728 3 8192 2.000250000 2
936 832 3 8192 2.000250000 2
936 516 3 8192 2.000250000 2
936 544 3 8192 2.000250000 2
936 592 3 8192 2.000250000 2
940 448 3 8192 2.000250000 2
940 448 3 8192 2.000250000 2
940 1208 3 8192 2.000250000 2
940 672 3 8192 2.000250000 2
940 864 3 8192 2.000250000 2
940 1036 3 8192 2.000250000 2
940 156 3 8192 2.000250000 2
940 448 3 8192 2.000250000 2
948 448 3 8192 2.000250000 2
948 448 3 8192 2.000250000 2
948 640 3 8192 2.000250000 2
948 1200 3 8192 2.000250000 2
948 1076 3 8192 2.000250000 2
948 20 3 8192 2.000250000 2
948 8 3 8192 2.000250000 2
948 848 3 8192 2.000250000 2
952 448 3 8192 2.000250000 2
952 448 3 8192 2.000250000 2
952 312 3 8192 2.000250000 2
952 888 3 8192 2.000250000 2
952 844 3 8192 2.000250000 2
952 1212 3 8192 2.000250000 2
952 476 3 8192 2.000250000 2
952 52 3 8192 2.000250000 2
964 448 3 8192 2.000250000 2
964 448 3 8192 2.000250000 2
964 364 3 8192 2.000250000 2
964 636 3 8192 2.000250000 2
964 764 3 8192 2.000250000 2
964 400 3 8192 2.000250000 2
964 40 3 8192 2.000250000 2
964 564 3 8192 2.000250000 2
968 448 3 8192 2.000250000 2
968 448 3 8192 2.000250000 2
968 516 3 8192 2.000250000 2
968 1200 3 8192 2.000250000 2
968 888 3 8192 2.000250000 2
968 896 3 8192 2.000250000 2
968 32 3 8192 2.000250000 2
968 684 3 8192 2.000250000 2
976 448 3 8192 2.000250000 2
976 448 3 8192 2.000250000 2
976 228 3 8192 2.000250000 2
976 572 3 8192 2.000250000 2
976 988 3 8192 2.000250000 2
976 104 3 8192 2.000250000 2
976 1108 3 8192 2.000250000 2
976 1092 3 8192 2.000250000 2
984 448 3 8192 2.000250000 2
984 448 3 8192 2.000250000 2
984 728 3 8192 2.000250000 2
984 1176 3 8192 2.000250000 2
984 500 3 8192 2.000250000 2
984 936 3 8192 2.000250000 2
984 8 3 8192 2.000250000 2
984 592 3 8192 2.000250000 2
988 448 3 8192 2.000250000 2
988 448 3 8192 2.000250000 2
988 284 3 8192 2.000250000 2
988 696 3 8192 2.000250000 2
988 168 3 8192 2.000250000 2
988 1016 3 8192 2.000250000 2
988 32 3 8192 2.000250000 2
988 336 3 8192 2.000250000 2
992 448 3 8192 2.000250000 2
992 448 3 8192 2.000250000 2
992 584 3 8192 2.000250000 2
992 536 3 8192 2.000250000 2
992 1016 3 8192 2.000250000 2
992 724 3 8192 2.000250000 2
992 1096 3 8192 2.000250000 2
992 808 3 8192 2.000250000 2
996 448 3 8192 2.000250000 2
996 448 3 8192 2.000250000 2
996 1032 3 8192 2.000250000 2
996 940 3 8192 2.000250000 2
996 716 3 8192 2.000250000 2
996 748 3 8192 2.000250000 2
996 864 3 8192 2.000250000 2
996 432 3 8192 2.000250000 2
1000 448 3 8192 2.000250000 2
1000 448 3 8192 2.000250000 2
1000 1136 3 8192 2.000250000 2
1000 532 3 8192 2.000250000 2
1000 892 3 8192 2.000250000 2
1000 432 3 8192 2.000250000 2
1000 468 3 8192 2.000250000 2
1000 1180 3 8192 2.000250000 2
1004 448 3 8192 2.000250000 2
1004 448 3 8192 2.000250000 2
1004 464 3 8192 2.000250000 2
1004 76 3 8192 2.000250000 2
1004 1216 3 8192 2.000250000 2
1004 616 3 8192 2.000250000 2
1004 728 3 8192 2.000250000 2
1004 620 3 8192 2.000250000 2
1008 448 3 8192 2.000250000 2
1008 448 3 8192 2.000250000 2
1008 244 3 8192 2.000250000 2
1008 456 3 8192 2.000250000 2
1008 64 3 8192 2.000250000 2
1008 832 3 8192 2.000250000 2
1008 716 3 8192 2.000250000 2
1008 260 3 8192 2.000250000 2
1012 448 3 8192 2.000250000 2
1012 448 3 8192 2.000250000 2
1012 240 3 8192 2.000250000 2
1012 360 3 8192 2.000250000 2
1012 544 3 8192 2.000250000 2
1012 1184 3 8192 2.000250000 2
1012 1004 3 8192 2.000250000 2
1012 964 3 8192 2.000250000 2
1016 448 3 8192 2.000250000 2
1016 448 3 8192 2.000250000 2
1016 952 3 8192 2.000250000 2
1016 684 3 8192 2.000250000 2
1016 288 3 8192 2.000250000 2
1016 600 3 8192 2.000250000 2
1016 320 3 8192 2.000250000 2
1016 652 3 8192 2.000250000 2
1020 448 3 8192 2.000250000 2
1020 448 3 8192 2.000250000 2
1020 1000 3 8192 2.000250000 2
1020 1184 3 8192 2.000250000 2
1020 232 3 8192 2.000250000 2
1020 108 3 8192 2.000250000 2
1020 1064 3 8192 2.000250000 2
1020 240 3 8192 2.000250000 2
1024 448 3 8192 2.000250000 2
1024 448 3 8192 2.000250000 2
1024 572 3 8192 2.000250000 2
1024 560 3 8192 2.000250000 2
1024 168 3 8192 2.000250000 2
1024 312 3 8192 2.000250000 2
1024 408 3 8192 2.000250000 2
1024 448 3 8192 2.000250000 2
1032 448 3 8192 2.000250000 2
1032 448 3 8192 2.000250000 2
1032 744 3 8192 2.000250000 2
1032 536 3 8192 2.000250000 2
1032 720 3 8192 2.000250000 2
1032 572 3 8192 2.000250000 2
1032 1192 3 8192 2.000250000 2
1032 228 3 8192 2.000250000 2
1036 448 3 8192 2.000250000 2
1036 448 3 8192 2.000250000 2
1036 804 3 8192 2.000250000 2
1036 1268 3 8192 2.000250000 2
1036 156 3 8192 2.000250000 2
1036 1076 3 8192 2.000250000 2
1036 1108 3 8192 2.000250000 2
1036 684 3 8192 2.000250000 2
1040 448 3 8192 2.000250000 2
1040 448 3 8192 2.000250000 2
1040 236 3 8192 2.000250000 2
1040 636 3 8192 2.000250000 2
1040 572 3 8192 2.000250000 2
1040 172 3 8192 2.000250000 2
1040 612 3 8192 2.000250000 2
1040 56 3 8192 2.000250000 2
1048 448 3 8192 2.000250000 2
1048 448 3 8192 2.000250000 2
1048 1104 3 8192 2.000250000 2
1048 800 3 8192 2.000250000 2
1048 936 3 8192 2.000250000 2
1048 88 3 8192 2.000250000 2
1048 216 3 8192 2.000250000 2
1048 468 3 8192 2.000250000 2
1056 448 3 8192 2.000250000 2
1056 448 3 8192 2.000250000 2
1056 288 3 8192 2.000250000 2
1056 1004 3 8192 2.000250000 2
1056 1188 3 8192 2.000250000 2
1056 852 3 8192 2.000250000 2
1056 400 3 8192 2.000250000 2
1056 1104 3 8192 2.000250000 2
1060 448 3 8192 2.000250000 2
1060 448 3 8192 2.000250000 2
1060 212 3 8192 2.000250000 2
1060 40 3 8192 2.000250000 2
1060 1100 3 8192 2.000250000 2
1060 684 3 8192 2.000250000 2
1060 28 3 8192 2.000250000 2
1060 1228 3 8192 2.000250000 2
1064 448 3 8192 2.000250000 2
1064 448 3 8192 2.000250000 2
1064 184 3 8192 2.000250000 2
1064 572 3 8192 2.000250000 2
1064 624 3 8192 2.000250000 2
1064 428 3 8192 2.000250000 2
1064 676 3 8192 2.000250000 2
1064 816 3 8192 2.000250000 2
1068 448 3 8192 2.000250000 2
1068 448 3 8192 2.000250000 2
1068 384 3 8192 2.000250000 2
1068 652 3 8192 2.000250000 2
1068 20 3 8192 2.000250000 2
1068 752 3 8192 2.000250000 2
1068 364 3 8192 2.000250000 2
1068 632 3 8192 2.000250000 2
1076 448 3 8192 2.000250000 2
1076 448 3 8192 2.000250000 2
1076 340 3 8192 2.000250000 2
1076 120 3 8192 2.000250000 2
1076 1224 3 8192 2.000250000 2
1076 788 3 8192 2.000250000 2
1076 732 3 8192 2.000250000 2
1076 884 3 8192 2.000250000 2
1080 448 3 8192 2.000250000 2
1080 448 3 8192 2.000250000 2
1080 76 3 8192 2.000250000 2
1080 104 3 8192 2.000250000 2
1080 516 3 8192 2.000250000 2
1080 580 3 8192 2.000250000 2
1080 1200 3 8192 2.000250000 2
1080 420 3 8192 2.000250000 2
1084 448 3 8192 2.000250000 2
1084 448 3 8192 2.000250000 2
1084 920 3 8192 2.000250000 2
1084 456 3 8192 2.000250000 2
1084 1200 3 8192 2.000250000 2
1084 652 3 8192 2.000250000 2
1084 92 3 8192 2.000250000 2
1084 828 3 8192 2.000250000 2
1088 448 3 8192 2.000250000 2
1088 448 3 8192 2.000250000 2
1088 156 3 8192 2.000250000 2
1088 1076 3 8192 2.000250000 2
1088 976 3 8192 2.000250000 2
1088 496 3 8192 2.000250000 2
1088 1276 3 8192 2.000250000 2
1088 312 3 8192 2.000250000 2
1092 448 3 8192 2.000250000 2
1092 448 3 8192 2.000250000 2
1092 1184 3 8192 2.000250000 2
1092 428 3 8192 2.000250000 2
1092 1164 3 8192 2.000250000 2
1092 600 3 8192 2.000250000 2
1092 1032 3 8192 2.000250000 2
1092 1016 3 8192 2.000250000 2
1096 448 3 8192 2.000250000 2
1096 448 3 8192 2.000250000 2
1096 48 3 8192 2.000250000 2
1096 32 3 8192 2.000250000 2
1096 1036 3 8192 2.000250000 2
1096 720 3 8192 2.000250000 2
1096 300 3 8192 2.000250000 2
1096 616 3 8192 2.000250000 2
1100 448 3 8192 2.000250000 2
1100 448 3 8192 2.000250000 2
1100 592 3 8192 2.000250000 2
1100 1216 3 8192 2.000250000 2
1100 456 3 8192 2.000250000 2
1100 236 3 8192 2.000250000 2
1100 168 3 8192 2.000250000 2
1100 248 3 8192 2.000250000 2
1104 448 3 8192 2.000250000 2
1104 448 3 8192 2.000250000 2
1104 712 3 8192 2.000250000 2
1104 200 3 8192 2.000250000 2
1104 576 3 8192 2.000250000 2
1104 848 3 8192 2.000250000 2
1104 252 3 8192 2.000250000 2
1104 584 3 8192 2.000250000 2
1108 448 3 8192 2.000250000 2
1108 448 3 8192 2.000250000 2
1108 76 3 8192 2.000250000 2
1108 988 3 8192 2.000250000 2
1108 952 3 8192 2.000250000 2
1108 1188 3 8192 2.000250000 2
1108 1212 3 8192 2.000250000 2
1108 600 3 8192 2.000250000 2
1112 448 3 8192 2.000250000 2
1112 448 3 8192 2.000250000 2
1112 424 3 8192 2.000250000 2
1112 332 3 8192 2.000250000 2
1112 512 3 8192 2.000250000 2
1112 212 3 8192 2.000250000 2
1112 840 3 8192 2.000250000 2
1112 1020 3 8192 2.000250000 2
1116 448 3 8192 2.000250000 2
1116 448 3 8192 2.000250000 2
1116 1160 3 8192 2.000250000 2
1116 640 3 8192 2.000250000 2
1116 200 3 8192 2.000250000 2
1116 384 3 8192 2.000250000 2
1116 884 3 8192 2.000250000 2
1116 636 3 8192 2.000250000 2
1120 448 3 8192 2.000250000 2
1120 448 3 8192 2.000250000 2
1120 76 3 8192 2.000250000 2
1120 1176 3 8192 2.000250000 2
1120 1128 3 8192 2.000250000 2
1120 696 3 8192 2.000250000 2
1120 1112 3 8192 2.000250000 2
1120 1212 3 8192 2.000250000 2
1128 448 3 8192 2.000250000 2
1128 448 3 8192 2.000250000 2
1128 276 3 8192 2.000250000 2
1128 20 3 8192 2.000250000 2
1128 556 3 8192 2.000250000 2
1128 744 3 8192 2.000250000 2
1128 32 3 8192 2.000250000 2
1128 120 3 8192 2.000250000 2
1132 448 3 8192 2.000250000 2
1132 448 3 8192 2.000250000 2
1132 948 3 8192 2.000250000 2
1132 1000 3 8192 2.000250000 2
1132 1180 3 8192 2.000250000 2
1132 44 3 8192 2.000250000 2
1132 1212 3 8192 2.000250000 2
1132 772 3 8192 2.000250000 2
1136 448 3 8192 2.000250000 2
1136 448 3 8192 2.000250000 2
1136 320 3 8192 2.000250000 2
1136 1096 3 8192 2.000250000 2
1136 248 3 8192 2.000250000 2
1136 156 3 8192 2.000250000 2
1136 100 3 8192 2.000250000 2
1136 448 3 8192 2.000250000 2
1140 448 3 8192 2.000250000 2
1140 448 3 8192 2.000250000 2
1140 828 3 8192 2.000250000 2
1140 232 3 8192 2.000250000 2
1140 892 3 8192 2.000250000 2
1140 1276 3 8192 2.000250000 2
1140 724 3 8192 2.000250000 2
1140 84 3 8192 2.000250000 2
1144 448 3 8192 2.000250000 2
1144 448 3 8192 2.000250000 2
1144 1192 3 8192 2.000250000 2
1144 732 3 8192 2.000250000 2
1144 1128 3 8192 2.000250000 2
1144 1020 3 8192 2.000250000 2
1144 720 3 8192 2.000250000 2
1144 756 3 8192 2.000250000 2
1148 448 3 8192 2.000250000 2
1148 448 3 8192 2.000250000 2
1148 408 3 8192 2.000250000 2
1148 756 3 8192 2.000250000 2
1148 676 3 8192 2.000250000 2
1148 820 3 8192 2.000250000 2
1148 1048 3 8192 2.000250000 2
1148 1120 3 8192 2.000250000 2
1152 448 3 8192 2.000250000 2
1152 448 3 8192 2.000250000 2
1152 1132 3 8192 2.000250000 2
1152 516 3 8192 2.000250000 2
1152 620 3 8192 2.000250000 2
1152 500 3 8192 2.000250000 2
1152 840 3 8192 2.000250000 2
1152 908 3 8192 2.000250000 2
1156 448 3 8192 2.000250000 2
1156 448 3 8192 2.000250000 2
1156 20 3 8192 2.000250000 2
1156 228 3 8192 2.000250000 2
1156 976 3 8192 2.000250000 2
1156 868 3 8192 2.000250000 2
1156 968 3 8192 2.000250000 2
1156 8 3 8192 2.000250000 2
1160 448 3 8192 2.000250000 2
1160 448 3 8192 2.000250000 2
1160 1188 3 8192 2.000250000 2
1160 380 3 8192 2.000250000 2
1160 996 3 8192 2.000250000 2
1160 132 3 8192 2.000250000 2
1160 512 3 8192 2.000250000 2
1160 1220 3 8192 2.000250000 2
1164 448 3 8192 2.000250000 2
1164 448 3 8192 2.000250000 2
1164 1236 3 8192 2.000250000 2
1164 920 3 8192 2.000250000 2
1164 848 3 8192 2.000250000 2
1164 884 3 8192 2.000250000 2
1164 632 3 8192 2.000250000 2
1164 28 3 8192 2.000250000 2
1168 448 3 8192 2.000250000 2
1168 448 3 8192 2.000250000 2
1168 140 3 8192 2.000250000 2
1168 932 3 8192 2.000250000 2
1168 712 3 8192 2.000250000 2
1168 772 3 8192 2.000250000 2
1168 340 3 8192 2.000250000 2
1168 484 3 8192 2.000250000 2
1172 448 3 8192 2.000250000 2
1172 448 3 8192 2.000250000 2
1172 572 3 8192 2.000250000 2
1172 1060 3 8192 2.000250000 2
1172 512 3 8192 2.000250000 2
1172 752 3 8192 2.000250000 2
1172 1148 3 8192 2.000250000 2
1172 524 3 8192 2.000250000 2
1176 448 3 8192 2.000250000 2
1176 448 3 8192 2.000250000 2
1176 884 3 8192 2.000250000 2
1176 168 3 8192 2.000250000 2
1176 360 3 8192 2.000250000 2
1176 992 3 8192 2.000250000 2
1176 536 3 8192 2.000250000 2
1176 380 3 8192 2.000250000 2
1180 448 3 8192 2.000250000 2
1180 448 3 8192 2.000250000 2
1180 844 3 8192 2.000250000 2
1180 888 3 8192 2.000250000 2
1180 268 3 8192 2.000250000 2
1180 752 3 8192 2.000250000 2
1180 1228 3 8192 2.000250000 2
1180 1212 3 8192 2.000250000 2
1184 448 3 8192 2.000250000 2
1184 448 3 8192 2.000250000 2
1184 132 3 8192 2.000250000 2
1184 852 3 8192 2.000250000 2
1184 360 3 8192 2.000250000 2
1184 344 3 8192 2.000250000 2
1184 1256 3 8192 2.000250000 2
1184 844 3 8192 2.000250000 2
1188 448 3 8192 2.000250000 2
1188 448 3 8192 2.000250000 2
1188 696 3 8192 2.000250000 2
1188 584 3 8192 2.000250000 2
1188 936 3 8192 2.000250000 2
1188 736 3 8192 2.000250000 2
1188 724 3 8192 2.000250000 2
1188 1220 3 8192 2.000250000 2
1192 448 3 8192 2.000250000 2
1192 448 3 8192 2.000250000 2
1192 892 3 8192 2.000250000 2
1192 776 3 8192 2.000250000 2
1192 740 3 8192 2.000250000 2
1192 228 3 8192 2.000250000 2
1192 724 3 8192 2.000250000 2
1192 1048 3 8192 2.000250000 2
1196 448 3 8192 2.000250000 2
1196 448 3 8192 2.000250000 2
1196 464 3 8192 2.000250000 2
1196 856 3 8192 2.000250000 2
1196 576 3 8192 2.000250000 2
1196 1192 3 8192 2.000250000 2
1196 724 3 8192 2.000250000 2
1196 672 3 8192 2.000250000 2
1200 448 3 8192 2.000250000 2
1200 448 3 8192 2.000250000 2
1200 336 3 8192 2.000250000 2
1200 624 3 8192 2.000250000 2
1200 312 3 8192 2.000250000 2
1200 136 3 8192 2.000250000 2
1200 1180 3 8192 2.000250000 2
1200 576 3 8192 2.000250000 2
1208 448 3 8192 2.000250000 2
1208 448 3 8192 2.000250000 2
1208 556 3 8192 2.000250000 2
1208 900 3 8192 2.000250000 2
1208 1188 3 8192 2.000250000 2
1208 548 3 8192 2.000250000 2
1208 572 3 8192 2.000250000 2
1208 596 3 8192 2.000250000 2
1212 448 3 8192 2.000250000 2
1212 448 3 8192 2.000250000 2
1212 712 3 8192 2.000250000 2
1212 948 3 8192 2.000250000 2
1212 156 3 8192 2.000250000 2
1212 196 3 8192 2.000250000 2
1212 916 3 8192 2.000250000 2
1212 28 3 8192 2.000250000 2
1216 448 3 8192 2.000250000 2
1216 448 3 8192 2.000250000 2
1216 668 3 8192 2.000250000 2
1216 896 3 8192 2.000250000 2
1216 888 3 8192 2.000250000 2
1216 628 3 8192 2.000250000 2
1216 772 3 8192 2.000250000 2
1216 460 3 8192 2.000250000 2
1220 448 3 8192 2.000250000 2
1220 448 3 8192 2.000250000 2
1220 192 3 8192 2.000250000 2
1220 308 3 8192 2.000250000 2
1220 636 3 8192 2.000250000 2
1220 536 3 8192 2.000250000 2
1220 468 3 8192 2.000250000 2
1220 40 3 8192 2.000250000 2
1224 448 3 8192 2.000250000 2
1224 448 3 8192 2.000250000 2
1224 460 3 8192 2.000250000 2
1224 160 3 8192 2.000250000 2
1224 1208 3 8192 2.000250000 2
1224 840 3 8192 2.000250000 2
1224 748 3 8192 2.000250000 2
1224 436 3 8192 2.000250000 2
1228 448 3 8192 2.000250000 2
1228 448 3 8192 2.000250000 2
1228 436 3 8192 2.000250000 2
1228 220 3 8192 2.000250000 2
1228 924 3 8192 2.000250000 2
1228 696 3 8192 2.000250000 2
1228 1104 3 8192 2.000250000 2
1228 740 3 8192 2.000250000 2
1236 448 3 8192 2.000250000 2
1236 448 3 8192 2.000250000 2
1236 964 3 8192 2.000250000 2
1236 892 3 8192 2.000250000 2
1236 880 3 8192 2.000250000 2
1236 236 3 8192 2.000250000 2
1236 420 3 8192 2.000250000 2
1236 320 3 8192 2.000250000 2
1240 448 3 8192 2.000250000 2
1240 448 3 8192 2.000250000 2
1240 544 3 8192 2.000250000 2
1240 428 3 8192 2.000250000 2
1240 528 3 8192 2.000250000 2
1240 460 3 8192 2.000250000 2
1240 1096 3 8192 2.000250000 2
1240 916 3 8192 2.000250000 2
1244 448 3 8192 2.000250000 2
1244 448 3 8192 2.000250000 2
1244 452 3 8192 2.000250000 2
1244 172 3 8192 2.000250000 2
1244 340 3 8192 2.000250000 2
1244 1104 3 8192 2.000250000 2
1244 132 3 8192 2.000250000 2
1244 1264 3 8192 2.000250000 2
1256 448 3 8192 2.000250000 2
1256 448 3 8192 2.000250000 2
1256 236 3 8192 2.000250000 2
1256 560 3 8192 2.000250000 2
1256 1084 3 8192 2.000250000 2
1256 704 3 8192 2.000250000 2
1256 744 3 8192 2.000250000 2
1256 432 3 8192 2.000250000 2
1264 448 3 8192 2.000250000 2
1264 448 3 8192 2.000250000 2
1264 28 3 8192 2.000250000 2
1264 464 3 8192 2.000250000 2
1264 916 3 8192 2.000250000 2
1264 788 3 8192 2.000250000 2
1264 212 3 8192 2.000250000 2
1264 340 3 8192 2.000250000 2
1268 448 3 8192 2.000250000 2
1268 448 3 8192 2.000250000 2
1268 212 3 8192 2.000250000 2
1268 360 3 8192 2.000250000 2
1268 1192 3 8192 2.000250000 2
1268 108 3 8192 2.000250000 2
1268 344 3 8192 2.000250000 2
1268 1048 3 8192 2.000250000 2
1276 448 3 8192 2.000250000 2
1276 448 3 8192 2.000250000 2
1276 1104 3 8192 2.000250000 2
1276 772 3 8192 2.000250000 2
1276 432 3 8192 2.000250000 2
1276 648 3 8192 2.000250000 2
1276 16 3 8192 2.000250000 2
1276 48 3 8192 2.000250000 2
0 448 3 8192 2.000300000 2
0 448 3 8192 2.000300000 2
0 416 3 8192 2.000300000 2
0 584 3 8192 2.000300000 2
0 536 3 8192 2.000300000 2
0 676 3 8192 2.000300000 2
0 880 3 8192 2.000300000 2
0 820 3 8192 2.000300000 2
8 448 3 8192 2.000300000 2
8 448 3 8192 2.000300000 2
8 672 3 8192 2.000300000 2
8 136 3 8192 2.000300000 2
8 1104 3 8192 2.000300000 2
8 528 3 8192 2.000300000 2
8 164 3 8192 2.000300000 2
8 976 3 8192 2.000300000 2
12 448 3 8192 2.000300000 2
12 448 3 8192 2.000300000 2
12 1228 3 8192 2.000300000 2
12 1112 3 8192 2.000300000 2
12 228 3 8192 2.000300000 2
12 548 3 8192 2.000300000 2
12 468 3 8192 2.000300000 2
12 772 3 8192 2.000300000 2
16 448 3 8192 2.000300000 2
16 448 3 8192 2.000300000 2
16 652 3 8192 2.000300000 2
16 1116 3 8192 2.000300000 2
16 140 3 8192 2.000300000 2
16 60 3 8192 2.000300000 2
16 312 3 8192 2.000300000 2
16 308 3 8192 2.000300000 2
20 448 3 8192 2.000300000 2
20 448 3 8192 2.000300000 2
20 336 3 8192 2.000300000 2
20 936 3 8192 2.000300000 2
20 240 3 8192 2.000300000 2
20 700 3 8192 2.000300000 2
20 1196 3 8192 2.000300000 2
20 304 3 8192 2.000300000 2
28 448 3 8192 2.000300000 2
28 448 3 8192 2.000300000 2
28 1184 3 8192 2.000300000 2
28 712 3 8192 2.000300000 2
28 16 3 8192 2.000300000 2
28 988 3 8192 2.000300000 2
28 76 3 8192 2.000300000 2
28 1188 3 8192 2.000300000 2
32 448 3 8192 2.000300000 2
32 448 3 8192 2.000300000 2
32 856 3 8192 2.000300000 2
32 388 3 8192 2.000300000 2
32 420 3 8192 2.000300000 2
32 940 3 8192 2.000300000 2
32 228 3 8192 2.000300000 2
32 184 3 8192 2.000300000 2
40 448 3 8192 2.000300000 2
40 448 3 8192 2.000300000 2
40 96 3 8192 2.000300000 2
40 680 3 8192 2.000300000 2
40 740 3 8192 2.000300000 2
40 444 3 8192 2.000300000 2
40 824 3 8192 2.000300000 2
40 1080 3 8192 2.000300000 2
44 448 3 8192 2.000300000 2
44 448 3 8192 2.000300000 2
44 76 3 8192 2.000300000 2
44 1196 3 8192 2.000300000 2
44 888 3 8192 2.000300000 2
44 84 3 8192 2.000300000 2
44 632 3 8192 2.000300000 2
44 332 3 8192 2.000300000 2
48 448 3 8192 2.000300000 2
48 448 3 8192 2.000300000 2
48 832 3 8192 2.000300000 2
48 1004 3 8192 2.000300000 2
48 104 3 8192 2.000300000 2
48 304 3 8192 2.000300000 2
48 388 3 8192 2.000300000 2
48 1220 3 8192 2.000300000 2
52 448 3 8192 2.000300000 2
52 448 3 8192 2.000300000 2
52 332 3 8192 2.000300000 2
52 1192 3 8192 2.000300000 2
52 16 3 8192 2.000300000 2
52 1256 3 8192 2.000300000 2
52 40 3 8192 2.000300000 2
52 360 3 8192 2.000300000 2
56 448 3 8192 2.000300000 2
56 448 3 8192 2.000300000 2
56 1176 3 8192 2.000300000 2
56 12 3 8192 2.000300000 2
56 1184 3 8192 2.000300000 2
56 1192 3 8192 2.000300000 2
56 156 3 8192 2.000300000 2
56 928 3 8192 2.000300000 2
60 448 3 8192 2.000300000 2
60 448 3 8192 2.000300000 2
60 1148 3 8192 2.000300000 2
60 724 3 8192 2.000300000 2
60 1168 3 8192 2.000300000 2
60 1160 3 8192 2.000300000 2
60 140 3 8192 2.000300000 2
60 96 3 8192 2.000300000 2
64 448 3 8192 2.000300000 2
64 448 3 8192 2.000300000 2
64 916 3 8192 2.000300000 2
64 532 3 8192 2.000300000 2
64 632 3 8192 2.000300000 2
64 108 3 8192 2.000300000 2
64 188 3 8192 2.000300000 2
64 344 3 8192 2.000300000 2
76 448 3 8192 2.000300000 2
76 448 3 8192 2.000300000 2
76 192 3 8192 2.000300000 2
76 844 3 8192 2.000300000 2
76 936 3 8192 2.000300000 2
76 780 3 8192 2.000300000 2
76 1192 3 8192 2.000300000 2
76 768 3 8192 2.000300000 2
80 448 3 8192 2.000300000 2
80 448 3 8192 2.000300000 2
80 988 3 8192 2.000300000 2
80 548 3 8192 2.000300000 2
80 448 3 8192 2.000300000 2
80 756 3 8192 2.000300000 2
80 244 3 8192 2.000300000 2
80 1048 3 8192 2.000300000 2
84 448 3 8192 2.000300000 2
84 448 3 8192 2.000300000 2
84 1240 3 8192 2.000300000 2
84 620 3 8192 2.000300000 2
84 1084 3 8192 2.000300000 2
84 940 3 8192 2.000300000 2
84 360 3 8192 2.000300000 2
84 532 3 8192 2.000300000 2
88 448 3 8192 2.000300000 2
88 448 3 8192 2.000300000 2
88 160 3 8192 2.000300000 2
88 920 3 8192 2.000300000 2
88 772 3 8192 2.000300000 2
88 976 3 8192 2.000300000 2
88 436 3 8192 2.000300000 2
88 28 3 8192 2.000300000 2
92 448 3 8192 2.000300000 2
92 448 3 8192 2.000300000 2
92 80 3 8192 2.000300000 2
92 572 3 8192 2.000300000 2
92 48 3 8192 2.000300000 2
92 1152 3 8192 2.000300000 2
92 1176 3 8192 2.000300000 2
92 1164 3 8192 2.000300000 2
96 448 3 8192 2.000300000 2
96 448 3 8192 2.000300000 2
96 584 3 8192 2.000300000 2
96 988 3 8192 2.000300000 2
96 240 3 8192 2.000300000 2
96 928 3 8192 2.000300000 2
96 716 3 8192 2.000300000 2
96 592 3 8192 2.000300000 2
100 448 3 8192 2.000300000 2
100 448 3 8192 2.000300000 2
100 636 3 8192 2.000300000 2
100 592 3 8192 2.000300000 2
100 400 3 8192 2.000300000 2
100 376 3 8192 2.000300000 2
100 904 3 8192 2.000300000 2
100 372 3 8192 2.000300000 2
104 448 3 8192 2.000300000 2
104 448 3 8192 2.000300000 2
104 452 3 8192 2.000300000 2
104 768 3 8192 2.000300000 2
104 928 3 8192 2.000300000 2
104 120 3 8192 2.000300000 2
104 1200 3 8192 2.000300000 2
104 1268 3 8192 2.000300000 2
108 448 3 8192 2.000300000 2
108 448 3 8192 2.000300000 2
108 592 3 8192 2.000300000 2
108 864 3 8192 2.000300000 2
108 588 3 8192 2.000300000 2
108 1100 3 8192 2.000300000 2
108 1244 3 8192 2.000300000 2
108 104 3 8192 2.000300000 2
112 448 3 8192 2.000300000 2
112 448 3 8192 2.000300000 2
112 888 3 8192 2.000300000 2
112 52 3 8192 2.000300000 2
112 640 3 8192 2.000300000 2
112 824 3 8192 2.000300000 2
112 756 3 8192 2.000300000 2
112 1192 3 8192 2.000300000 2
120 448 3 8192 2.000300000 2
120 448 3 8192 2.000300000 2
120 160 3 8192 2.000300000 2
120 108 3 8192 2.000300000 2
120 448 3 8192 2.000300000 2
120 92 3 8192 2.000300000 2
120 704 3 8192 2.000300000 2
120 1112 3 8192 2.000300000 2
132 448 3 8192 2.000300000 2
132 448 3 8192 2.000300000 2
132 624 3 8192 2.000300000 2
132 836 3 8192 2.000300000 2
132 452 3 8192 2.000300000 2
132 676 3 8192 2.000300000 2
132 728 3 8192 2.000300000 2
132 1064 3 8192 2.000300000 2
136 448 3 8192 2.000300000 2
136 448 3 8192 2.000300000 2
136 968 3 8192 2.000300000 2
136 20 3 8192 2.000300000 2
136 184 3 8192 2.000300000 2
136 496 3 8192 2.000300000 2
136 932 3 8192 2.000300000 2
136 308 3 8192 2.000300000 2
140 448 3 8192 2.000300000 2
140 448 3 8192 2.000300000 2
140 668 3 8192 2.000300000 2
140 1240 3 8192 2.000300000 2
140 896 3 8192 2.000300000 2
140 580 3 8192 2.000300000 2
140 1088 3 8192 2.000300000 2
140 508 3 8192 2.000300000 2
148 448 3 8192 2.000300000 2
148 448 3 8192 2.000300000 2
148 156 3 8192 2.000300000 2
148 576 3 8192 2.000300000 2
148 984 3 8192 2.000300000 2
148 268 3 8192 2.000300000 2
148 644 3 8192 2.000300000 2
148 84 3 8192 2.000300000 2
156 448 3 8192 2.000300000 2
156 448 3 8192 2.000300000 2
156 964 3 8192 2.000300000 2
156 40 3 8192 2.000300000 2
156 32 3 8192 2.000300000 2
156 484 3 8192 2.000300000 2
156 340 3 8192 2.000300000 2
156 92 3 8192 2.000300000 2
160 448 3 8192 2.000300000 2
160 448 3 8192 2.000300000 2
160 1060 3 8192 2.000300000 2
160 804 3 8192 2.000300000 2
160 484 3 8192 2.000300000 2
160 844 3 8192 2.000300000 2
160 56 3 8192 2.000300000 2
160 1268 3 8192 2.000300000 2
164 448 3 8192 2.000300000 2
164 448 3 8192 2.000300000 2
164 1012 3 8192 2.000300000 2
164 0 3 8192 2.000300000 2
164 252 3 8192 2.000300000 2
164 884 3 8192 2.000300000 2
164 80 3 8192 2.000300000 2
164 1184 3 8192 2.000300000 2
168 448 3 8192 2.000300000 2
168 448 3 8192 2.000300000 2
168 484 3 8192 2.000300000 2
168 272 3 8192 2.000300000 2
168 464 3 8192 2.000300000 2
168 804 3 8192 2.000300000 2
168 988 3 8192 2.000300000 2
168 0 3 8192 2.000300000 2
172 448 3 8192 2.000300000 2
172 448 3 8192 2.000300000 2
172 692 3 8192 2.000300000 2
172 1128 3 8192 2.000300000 2
172 272 3 8192 2.000300000 2
172 984 3 8192 2.000300000 2
172 892 3 8192 2.000300000 2
172 1040 3 8192 2.000300000 2
176 448 3 8192 2.000300000 2
176 448 3 8192 2.000300000 2
176 1056 3 8192 2.000300000 2
176 44 3 8192 2.000300000 2
176 500 3 8192 2.000300000 2
176 732 3 8192 2.000300000 2
176 1016 3 8192 2.000300000 2
176 692 3 8192 2.000300000 2
180 448 3 8192 2.000300000 2
180 448 3 8192 2.000300000 2
180 572 3 8192 2.000300000 2
180 168 3 8192 2.000300000 2
180 736 3 8192 2.000300000 2
180 496 3 8192 2.000300000 2
180 516 3 8192 2.000300000 2
180 924 3 8192 2.000300000 2
184 448 3 8192 2.000300000 2
184 448 3 8192 2.000300000 2
184 1056 3 8192 2.000300000 2
184 464 3 8192 2.000300000 2
184 808 3 8192 2.000300000 2
184 896 3 8192 2.000300000 2
184 1156 3 8192 2.000300000 2
184 840 3 8192 2.000300000 2
188 448 3 8192 2.000300000 2
188 448 3 8192 2.000300000 2
188 0 3 8192 2.000300000 2
188 1136 3 8192 2.000300000 2
188 1256 3 8192 2.000300000 2
188 500 3 8192 2.000300000 2
188 940 3 8192 2.000300000 2
188 896 3 8192 2.000300000 2
192 448 3 8192 2.000300000 2
192 448 3 8192 2.000300000 2
192 324 3 8192 2.000300000 2
192 60 3 8192 2.000300000 2
192 56 3 8192 2.000300000 2
192 1180 3 8192 2.000300000 2
192 1000 3 8192 2.000300000 2
192 332 3 8192 2.000300000 2
196 448 3 8192 2.000300000 2
196 448 3 8192 2.000300000 2
196 1268 3 8192 2.000300000 2
196 372 3 8192 2.000300000 2
196 1188 3 8192 2.000300000 2
196 276 3 8192 2.000300000 2
196 720 3 8192 2.000300000 2
196 1176 3 8192 2.000300000 2
200 448 3 8192 2.000300000 2
200 448 3 8192 2.000300000 2
200 1216 3 8192 2.000300000 2
200 1048 3 8192 2.000300000 2
200 996 3 8192 2.000300000 2
200 1168 3 8192 2.000300000 2
200 1188 3 8192 2.000300000 2
200 1084 3 8192 2.000300000 2
212 448 3 8192 2.000300000 2
212 448 3 8192 2.000300000 2
212 564 3 8192 2.000300000 2
212 324 3 8192 2.000300000 2
212 332 3 8192 2.000300000 2
212 236 3 8192 2.000300000 2
212 312 3 8192 2.000300000 2
212 188 3 8192 2.000300000 2
216 448 3 8192 2.000300000 2
216 448 3 8192 2.000300000 2
216 468 3 8192 2.000300000 2
216 652 3 8192 2.000300000 2
216 680 3 8192 2.000300000 2
216 924 3 8192 2.000300000 2
216 108 3 8192 2.000300000 2
216 456 3 8192 2.000300000 2
220 448 3 8192 2.000300000 2
220 448 3 8192 2.000300000 2
220 112 3 8192 2.000300000 2
220 920 3 8192 2.000300000 2
220 1212 3 8192 2.000300000 2
220 900 3 8192 2.000300000 2
220 536 3 8192 2.000300000 2
220 436 3 8192 2.000300000 2
228 448 3 8192 2.000300000 2
228 448 3 8192 2.000300000 2
228 864 3 8192 2.000300000 2
228 8 3 8192 2.000300000 2
228 300 3 8192 2.000300000 2
228 860 3 8192 2.000300000 2
228 452 3 8192 2.000300000 2
228 772 3 8192 2.000300000 2
232 448 3 8192 2.000300000 2
232 448 3 8192 2.000300000 2
232 192 3 8192 2.000300000 2
232 1224 3 8192 2.000300000 2
232 196 3 8192 2.000300000 2
232 948 3 8192 2.000300000 2
232 372 3 8192 2.000300000 2
232 160 3 8192 2.000300000 2
236 448 3 8192 2.000300000 2
236 448 3 8192 2.000300000 2
236 380 3 8192 2.000300000 2
236 92 3 8192 2.000300000 2
236 764 3 8192 2.000300000 2
236 636 3 8192 2.000300000 2
236 388 3 8192 2.000300000 2
236 1180 3 8192 2.000300000 2
240 448 3 8192 2.000300000 2
240 448 3 8192 2.000300000 2
240 1244 3 8192 2.000300000 2
240 1120 3 8192 2.000300000 2
240 456 3 8192 2.000300000 2
240 952 3 8192 2.000300000 2
240 560 3 8192 2.000300000 2
240 172 3 8192 2.000300000 2
244 448 3 8192 2.000300000 2
244 448 3 8192 2.000300000 2
244 368 3 8192 2.000300000 2
244 536 3 8192 2.000300000 2
244 1264 3 8192 2.000300000 2
244 1216 3 8192 2.000300000 2
244 268 3 8192 2.000300000 2
244 500 3 8192 2.000300000 2
248 448 3 8192 2.000300000 2
248 448 3 8192 2.000300000 2
248 524 3 8192 2.000300000 2
248 120 3 8192 2.000300000 2
248 1220 3 8192 2.000300000 2
248 1096 3 8192 2.000300000 2
248 1180 3 8192 2.000300000 2
248 840 3 8192 2.000300000 2
252 448 3 8192 2.000300000 2
252 448 3 8192 2.000300000 2
252 996 3 8192 2.000300000 2
252 1256 3 8192 2.000300000 2
252 716 3 8192 2.000300000 2
252 132 3 8192 2.000300000 2
252 588 3 8192 2.000300000 2
252 1024 3 8192 2.000300000 2
260 448 3 8192 2.000300000 2
260 448 3 8192 2.000300000 2
260 932 3 8192 2.000300000 2
260 176 3 8192 2.000300000 2
260 536 3 8192 2.000300000 2
260 1080 3 8192 2.000300000 2
260 1216 3 8192 2.000300000 2
260 804 3 8192 2.000300000 2
268 448 3 8192 2.000300000 2
268 448 3 8192 2.000300000 2
268 776 3 8192 2.000300000 2
268 444 3 8192 2.000300000 2
268 28 3 8192 2.000300000 2
268 424 3 8192 2.000300000 2
268 928 3 8192 2.000300000 2
268 616 3 8192 2.000300000 2
272 448 3 8192 2.000300000 2
272 448 3 8192 2.000300000 2
272 184 3 8192 2.000300000 2
272 1060 3 8192 2.000300000 2
272 636 3 8192 2.000300000 2
272 1040 3 8192 2.000300000 2
272 992 3 8192 2.000300000 2
272 248 3 8192 2.000300000 2
276 448 3 8192 2.000300000 2
276 448 3 8192 2.000300000 2
276 884 3 8192 2.000300000 2
276 684 3 8192 2.000300000 2
276 788 3 8192 2.000300000 2
276 780 3 8192 2.000300000 2
276 824 3 8192 2.000300000 2
276 1172 3 8192 2.000300000 2
284 448 3 8192 2.000300000 2
284 448 3 8192 2.000300000 2
284 1224 3 8192 2.000300000 2
284 768 3 8192 2.000300000 2
284 560 3 8192 2.000300000 2
284 840 3 8192 2.000300000 2
284 764 3 8192 2.000300000 2
284 456 3 8192 2.000300000 2
288 448 3 8192 2.000300000 2
288 448 3 8192 2.000300000 2
288 52 3 8192 2.000300000 2
288 1048 3 8192 2.000300000 2
288 268 3 8192 2.000300000 2
288 572 3 8192 2.000300000 2
288 164 3 8192 2.000300000 2
288 76 3 8192 2.000300000 2
300 448 3 8192 2.000300000 2
300 448 3 8192 2.000300000 2
300 824 3 8192 2.000300000 2
300 1000 3 8192 2.000300000 2
300 1080 3 8192 2.000300000 2
300 228 3 8192 2.000300000 2
300 904 3 8192 2.000300000 2
300 200 3 8192 2.000300000 2
304 448 3 8192 2.000300000 2
304 448 3 8192 2.000300000 2
304 244 3 8192 2.000300000 2
304 508 3 8192 2.000300000 2
304 668 3 8192 2.000300000 2
304 260 3 8192 2.000300000 2
304 672 3 8192 2.000300000 2
304 648 3 8192 2.000300000 2
308 448 3 8192 2.000300000 2
308 448 3 8192 2.000300000 2
308 668 3 8192 2.000300000 2
308 424 3 8192 2.000300000 2
308 136 3 8192 2.000300000 2
308 192 3 8192 2.000300000 2
308 1276 3 8192 2.000300000 2
308 344 3 8192 2.000300000 2
312 448 3 8192 2.000300000 2
312 448 3 8192 2.000300000 2
312 1164 3 8192 2.000300000 2
312 324 3 8192 2.000300000 2
312 588 3 8192 2.000300000 2
312 1240 3 8192 2.000300000 2
312 968 3 8192 2.000300000 2
312 728 3 8192 2.000300000 2
320 448 3 8192 2.000300000 2
320 448 3 8192 2.000300000 2
320 1196 3 8192 2.000300000 2
320 748 3 8192 2.000300000 2
320 820 3 8192 2.000300000 2
320 680 3 8192 2.000300000 2
320 768 3 8192 2.000300000 2
320 892 3 8192 2.000300000 2
324 448 3 8192 2.000300000 2
324 448 3 8192 2.000300000 2
324 364 3 8192 2.000300000 2
324 652 3 8192 2.000300000 2
324 592 3 8192 2.000300000 2
324 692 3 8192 2.000300000 2
324 52 3 8192 2.000300000 2
324 16 3 8192 2.000300000 2
332 448 3 8192 2.000300000 2
332 448 3 8192 2.000300000 2
332 388 3 8192 2.000300000 2
332 56 3 8192 2.000300000 2
332 612 3 8192 2.000300000 2
332 1144 3 8192 2.000300000 2
332 888 3 8192 2.000300000 2
332 60 3 8192 2.000300000 2
336 448 3 8192 2.000300000 2
336 448 3 8192 2.000300000 2
336 856 3 8192 2.000300000 2
336 1180 3 8192 2.000300000 2
336 200 3 8192 2.000300000 2
336 452 3 8192 2.000300000 2
336 920 3 8192 2.000300000 2
336 952 3 8192 2.000300000 2
340 448 3 8192 2.000300000 2
340 448 3 8192 2.000300000 2
340 532 3 8192 2.000300000 2
340 1240 3 8192 2.000300000 2
340 416 3 8192 2.000300000 2
340 924 3 8192 2.000300000 2
340 720 3 8192 2.000300000 2
340 96 3 8192 2.000300000 2
344 448 3 8192 2.000300000 2
344 448 3 8192 2.000300000 2
344 228 3 8192 2.000300000 2
344 992 3 8192 2.000300000 2
344 52 3 8192 2.000300000 2
344 804 3 8192 2.000300000 2
344 416 3 8192 2.000300000 2
344 56 3 8192 2.000300000 2
360 448 3 8192 2.000300000 2
360 448 3 8192 2.000300000 2
360 236 3 8192 2.000300000 2
360 1100 3 8192 2.000300000 2
360 180 3 8192 2.000300000 2
360 428 3 8192 2.000300000 2
360 1228 3 8192 2.000300000 2
360 220 3 8192 2.000300000 2
364 448 3 8192 2.000300000 2
364 448 3 8192 2.000300000 2
364 700 3 8192 2.000300000 2
364 1140 3 8192 2.000300000 2
364 1064 3 8192 2.000300000 2
364 1176 3 8192 2.000300000 2
364 1264 3 8192 2.000300000 2
364 408 3 8192 2.000300000 2
368 448 3 8192 2.000300000 2
368 448 3 8192 2.000300000 2
368 880 3 8192 2.000300000 2
368 808 3 8192 2.000300000 2
368 792 3 8192 2.000300000 2
368 740 3 8192 2.000300000 2
368 900 3 8192 2.000300000 2
368 84 3 8192 2.000300000 2
372 448 3 8192 2.000300000 2
372 448 3 8192 2.000300000 2
372 464 3 8192 2.000300000 2
372 156 3 8192 2.000300000 2
372 360 3 8192 2.000300000 2
372 1060 3 8192 2.000300000 2
372 1084 3 8192 2.000300000 2
372 1004 3 8192 2.000300000 2
376 448 3 8192 2.000300000 2
376 448 3 8192 2.000300000 2
376 1076 3 8192 2.000300000 2
376 732 3 8192 2.000300000 2
376 172 3 8192 2.000300000 2
376 616 3 8192 2.000300000 2
376 1060 3 8192 2.000300000 2
376 456 3 8192 2.000300000 2
380 448 3 8192 2.000300000 2
380 448 3 8192 2.000300000 2
380 712 3 8192 2.000300000 2
380 748 3 8192 2.000300000 2
380 768 3 8192 2.000300000 2
380 288 3 8192 2.000300000 2
380 596 3 8192 2.000300000 2
380 164 3 8192 2.000300000 2
384 448 3 8192 2.000300000 2
384 448 3 8192 2.000300000 2
384 936 3 8192 2.000300000 2
384 176 3 8192 2.000300000 2
384 1136 3 8192 2.000300000 2
384 684 3 8192 2.000300000 2
384 672 3 8192 2.000300000 2
384 588 3 8192 2.000300000 2
388 448 3 8192 2.000300000 2
388 448 3 8192 2.000300000 2
388 580 3 8192 2.000300000 2
388 680 3 8192 2.000300000 2
388 576 3 8192 2.000300000 2
388 312 3 8192 2.000300000 2
388 512 3 8192 2.000300000 2
388 336 3 8192 2.000300000 2
400 448 3 8192 2.000300000 2
400 448 3 8192 2.000300000 2
400 388 3 8192 2.000300000 2
400 768 3 8192 2.000300000 2
400 1020 3 8192 2.000300000 2
400 548 3 8192 2.000300000 2
400 724 3 8192 2.000300000 2
400 800 3 8192 2.000300000 2
404 448 3 8192 2.000300000 2
404 448 3 8192 2.000300000 2
404 1208 3 8192 2.000300000 2
404 1172 3 8192 2.000300000 2
404 284 3 8192 2.000300000 2
404 672 3 8192 2.000300000 2
404 1060 3 8192 2.000300000 2
404 1152 3 8192 2.000300000 2
408 448 3 8192 2.000300000 2
408 448 3 8192 2.000300000 2
408 572 3 8192 2.000300000 2
408 1268 3 8192 2.000300000 2
408 376 3 8192 2.000300000 2
408 48 3 8192 2.000300000 2
408 368 3 8192 2.000300000 2
408 240 3 8192 2.000300000 2
416 448 3 8192 2.000300000 2
416 448 3 8192 2.000300000 2
416 836 3 8192 2.000300000 2
416 584 3 8192 2.000300000 2
416 852 3 8192 2.000300000 2
416 728 3 8192 2.000300000 2
416 1068 3 8192 2.000300000 2
416 928 3 8192 2.000300000 2
420 448 3 8192 2.000300000 2
420 448 3 8192 2.000300000 2
420 484 3 8192 2.000300000 2
420 276 3 8192 2.000300000 2
420 720 3 8192 2.000300000 2
420 712 3 8192 2.000300000 2
420 988 3 8192 2.000300000 2
420 996 3 8192 2.000300000 2
424 448 3 8192 2.000300000 2
424 448 3 8192 2.000300000 2
424 496 3 8192 2.000300000 2
424 732 3 8192 2.000300000 2
424 1224 3 8192 2.000300000 2
424 1080 3 8192 2.000300000 2
424 1060 3 8192 2.000300000 2
424 108 3 8192 2.000300000 2
428 448 3 8192 2.000300000 2
428 448 3 8192 2.000300000 2
428 260 3 8192 2.000300000 2
428 512 3 8192 2.000300000 2
428 696 3 8192 2.000300000 2
428 240 3 8192 2.000300000 2
428 1196 3 8192 2.000300000 2
428 468 3 8192 2.000300000 2
432 448 3 8192 2.000300000 2
432 448 3 8192 2.000300000 2
432 172 3 8192 2.000300000 2
432 820 3 8192 2.000300000 2
432 752 3 8192 2.000300000 2
432 488 3 8192 2.000300000 2
432 748 3 8192 2.000300000 2
432 436 3 8192 2.000300000 2
436 448 3 8192 2.000300000 2
436 448 3 8192 2.000300000 2
436 1112 3 8192 2.000300000 2
436 20 3 8192 2.000300000 2
436 1220 3 8192 2.000300000 2
436 136 3 8192 2.000300000 2
436 476 3 8192 2.000300000 2
436 284 3 8192 2.000300000 2
444 448 3 8192 2.000300000 2
444 448 3 8192 2.000300000 2
444 1128 3 8192 2.000300000 2
444 884 3 8192 2.000300000 2
444 488 3 8192 2.000300000 2
444 60 3 8192 2.000300000 2
444 108 3 8192 2.000300000 2
444 48 3 8192 2.000300000 2
448 476 3 8192 2.000300000 2
448 456 3 8192 2.000300000 2
448 1244 3 8192 2.000300000 2
448 164 3 8192 2.000300000 2
448 272 3 8192 2.000300000 2
448 652 3 8192 2.000300000 2
448 628 3 8192 2.000300000 2
448 1208 3 8192 2.000300000 2
452 448 3 8192 2.000300000 2
452 448 3 8192 2.000300000 2
452 20 3 8192 2.000300000 2
452 288 3 8192 2.000300000 2
452 920 3 8192 2.000300000 2
452 48 3 8192 2.000300000 2
452 432 3 8192 2.000300000 2
452 620 3 8192 2.000300000 2
456 448 3 8192 2.000300000 2
456 448 3 8192 2.000300000 2
456 64 3 8192 2.000300000 2
456 172 3 8192 2.000300000 2
456 860 3 8192 2.000300000 2
456 968 3 8192 2.000300000 2
456 496 3 8192 2.000300000 2
456 948 3 8192 2.000300000 2
460 448 3 8192 2.000300000 2
460 448 3 8192 2.000300000 2
460 452 3 8192 2.000300000 2
460 748 3 8192 2.000300000 2
460 1036 3 8192 2.000300000 2
460 1064 3 8192 2.000300000 2
460 616 3 8192 2.000300000 2
460 776 3 8192 2.000300000 2
464 448 3 8192 2.000300000 2
464 448 3 8192 2.000300000 2
464 64 3 8192 2.000300000 2
464 56 3 8192 2.000300000 2
464 548 3 8192 2.000300000 2
464 1096 3 8192 2.000300000 2
464 28 3 8192 2.000300000 2
464 880 3 8192 2.000300000 2
468 448 3 8192 2.000300000 2
468 448 3 8192 2.000300000 2
468 776 3 8192 2.000300000 2
468 584 3 8192 2.000300000 2
468 532 3 8192 2.000300000 2
468 852 3 8192 2.000300000 2
468 16 3 8192 2.000300000 2
468 240 3 8192 2.000300000 2
476 448 3 8192 2.000300000 2
476 448 3 8192 2.000300000 2
476 380 3 8192 2.000300000 2
476 1048 3 8192 2.000300000 2
476 1192 3 8192 2.000300000 2
476 200 3 8192 2.000300000 2
476 240 3 8192 2.000300000 2
476 272 3 8192 2.000300000 2
480 448 3 8192 2.000300000 2
480 448 3 8192 2.000300000 2
480 332 3 8192 2.000300000 2
480 312 3 8192 2.000300000 2
480 500 3 8192 2.000300000 2
480 1084 3 8192 2.000300000 2
480 1012 3 8192 2.000300000 2
480 460 3 8192 2.000300000 2
484 448 3 8192 2.000300000 2
484 448 3 8192 2.000300000 2
484 1088 3 8192 2.000300000 2
484 908 3 8192 2.000300000 2
484 508 3 8192 2.000300000 2
484 252 3 8192 2.000300000 2
484 228 3 8192 2.000300000 2
484 8 3 8192 2.000300000 2
488 448 3 8192 2.000300000 2
488 448 3 8192 2.000300000 2
488 452 3 8192 2.000300000 2
488 1076 3 8192 2.000300000 2
488 636 3 8192 2.000300000 2
488 268 3 8192 2.000300000 2
488 400 3 8192 2.000300000 2
488 564 3 8192 2.000300000 2
496 448 3 8192 2.000300000 2
496 448 3 8192 2.000300000 2
496 0 3 8192 2.000300000 2
496 28 3 8192 2.000300000 2
496 516 3 8192 2.000300000 2
496 1152 3 8192 2.000300000 2
496 344 3 8192 2.000300000 2
496 704 3 8192 2.000300000 2
500 448 3 8192 2.000300000 2
500 448 3 8192 2.000300000 2
500 848 3 8192 2.000300000 2
500 284 3 8192 2.000300000 2
500 1020 3 8192 2.000300000 2
500 216 3 8192 2.000300000 2
500 772 3 8192 2.000300000 2
500 12 3 8192 2.000300000 2
508 448 3 8192 2.000300000 2
508 448 3 8192 2.000300000 2
508 60 3 8192 2.000300000 2
508 372 3 8192 2.000300000 2
508 340 3 8192 2.000300000 2
508 1256 3 8192 2.000300000 2
508 600 3 8192 2.000300000 2
508 788 3 8192 2.000300000 2
512 448 3 8192 2.000300000 2
512 448 3 8192 2.000300000 2
512 1080 3 8192 2.000300000 2
512 624 3 8192 2.000300000 2
512 1168 3 8192 2.000300000 2
512 516 3 8192 2.000300000 2
512 56 3 8192 2.000300000 2
512 384 3 8192 2.000300000 2
516 448 3 8192 2.000300000 2
516 448 3 8192 2.000300000 2
516 108 3 8192 2.000300000 2
516 780 3 8192 2.000300000 2
516 840 3 8192 2.000300000 2
516 104 3 8192 2.000300000 2
516 376 3 8192 2.000300000 2
516 740 3 8192 2.000300000 2
524 448 3 8192 2.000300000 2
524 448 3 8192 2.000300000 2
524 324 3 8192 2.000300000 2
524 500 3 8192 2.000300000 2
524 512 3 8192 2.000300000 2
524 844 3 8192 2.000300000 2
524 336 3 8192 2.000300000 2
524 8 3 8192 2.000300000 2
528 448 3 8192 2.000300000 2
528 448 3 8192 2.000300000 2
528 228 3 8192 2.000300000 2
528 456 3 8192 2.000300000 2
528 508 3 8192 2.000300000 2
528 448 3 8192 2.000300000 2
528 260 3 8192 2.000300000 2
528 692 3 8192 2.000300000 2
532 448 3 8192 2.000300000 2
532 448 3 8192 2.000300000 2
532 1004 3 8192 2.000300000 2
532 840 3 8192 2.000300000 2
532 180 3 8192 2.000300000 2
532 52 3 8192 2.000300000 2
532 628 3 8192 2.000300000 2
532 640 3 8192 2.000300000 2
536 448 3 8192 2.000300000 2
536 448 3 8192 2.000300000 2
536 1048 3 8192 2.000300000 2
536 376 3 8192 2.000300000 2
536 156 3 8192 2.000300000 2
536 524 3 8192 2.000300000 2
536 368 3 8192 2.000300000 2
536 584 3 8192 2.000300000 2
544 448 3 8192 2.000300000 2
544 448 3 8192 2.000300000 2
544 164 3 8192 2.000300000 2
544 384 3 8192 2.000300000 2
544 684 3 8192 2.000300000 2
544 828 3 8192 2.000300000 2
544 1136 3 8192 2.000300000 2
544 1008 3 8192 2.000300000 2
548 448 3 8192 2.000300000 2
548 448 3 8192 2.000300000 2
548 632 3 8192 2.000300000 2
548 528 3 8192 2.000300000 2
548 1116 3 8192 2.000300000 2
548 236 3 8192 2.000300000 2
548 1020 3 8192 2.000300000 2
548 512 3 8192 2.000300000 2
556 448 3 8192 2.000300000 2
556 448 3 8192 2.000300000 2
556 176 3 8192 2.000300000 2
556 384 3 8192 2.000300000 2
556 1256 3 8192 2.000300000 2
556 1092 3 8192 2.000300000 2
556 380 3 8192 2.000300000 2
556 696 3 8192 2.000300000 2
560 448 3 8192 2.000300000 2
560 448 3 8192 2.000300000 2
560 916 3 8192 2.000300000 2
560 612 3 8192 2.000300000 2
560 768 3 8192 2.000300000 2
560 96 3 8192 2.000300000 2
560 936 3 8192 2.000300000 2
560 868 3 8192 2.000300000 2
564 448 3 8192 2.000300000 2
564 448 3 8192 2.000300000 2
564 1188 3 8192 2.000300000 2
564 112 3 8192 2.000300000 2
564 172 3 8192 2.000300000 2
564 1048 3 8192 2.000300000 2
564 776 3 8192 2.000300000 2
564 756 3 8192 2.000300000 2
572 448 3 8192 2.000300000 2
572 448 3 8192 2.000300000 2
572 340 3 8192 2.000300000 2
572 640 3 8192 2.000300000 2
572 436 3 8192 2.000300000 2
572 8 3 8192 2.000300000 2
572 192 3 8192 2.000300000 2
572 1148 3 8192 2.000300000 2
576 448 3 8192 2.000300000 2
576 448 3 8192 2.000300000 2
576 92 3 8192 2.000300000 2
576 460 3 8192 2.000300000 2
576 0 3 8192 2.000300000 2
576 388 3 8192 2.000300000 2
576 260 3 8192 2.000300000 2
576 76 3 8192 2.000300000 2
580 448 3 8192 2.000300000 2
580 448 3 8192 2.000300000 2
580 388 3 8192 2.000300000 2
580 232 3 8192 2.000300000 2
580 1104 3 8192 2.000300000 2
580 728 3 8192 2.000300000 2
580 1220 3 8192 2.000300000 2
580 748 3 8192 2.000300000 2
584 448 3 8192 2.000300000 2
584 448 3 8192 2.000300000 2
584 576 3 8192 2.000300000 2
584 460 3 8192 2.000300000 2
584 952 3 8192 2.000300000 2
584 864 3 8192 2.000300000 2
584 192 3 8192 2.000300000 2
584 1264 3 8192 2.000300000 2
588 448 3 8192 2.000300000 2
588 448 3 8192 2.000300000 2
588 1076 3 8192 2.000300000 2
588 1116 3 8192 2.000300000 2
588 1068 3 8192 2.000300000 2
588 528 3 8192 2.000300000 2
588 228 3 8192 2.000300000 2
588 64 3 8192 2.000300000 2
592 448 3 8192 2.000300000 2
592 448 3 8192 2.000300000 2
592 1120 3 8192 2.000300000 2
592 804 3 8192 2.000300000 2
592 728 3 8192 2.000300000 2
592 800 3 8192 2.000300000 2
592 928 3 8192 2.000300000 2
592 460 3 8192 2.000300000 2
596 448 3 8192 2.000300000 2
596 448 3 8192 2.000300000 2
596 988 3 8192 2.000300000 2
596 1240 3 8192 2.000300000 2
596 1164 3 8192 2.000300000 2
596 120 3 8192 2.000300000 2
596 368 3 8192 2.000300000 2
596 112 3 8192 2.000300000 2
600 448 3 8192 2.000300000 2
600 448 3 8192 2.000300000 2
600 408 3 8192 2.000300000 2
600 596 3 8192 2.000300000 2
600 768 3 8192 2.000300000 2
600 1264 3 8192 2.000300000 2
600 1216 3 8192 2.000300000 2
600 436 3 8192 2.000300000 2
612 448 3 8192 2.000300000 2
612 448 3 8192 2.000300000 2
612 992 3 8192 2.000300000 2
612 1136 3 8192 2.000300000 2
612 180 3 8192 2.000300000 2
612 840 3 8192 2.000300000 2
612 516 3 8192 2.000300000 2
612 324 3 8192 2.000300000 2
616 448 3 8192 2.000300000 2
616 448 3 8192 2.000300000 2
616 1108 3 8192 2.000300000 2
616 92 3 8192 2.000300000 2
616 548 3 8192 2.000300000 2
616 1188 3 8192 2.000300000 2
616 860 3 8192 2.000300000 2
616 532 3 8192 2.000300000 2
620 448 3 8192 2.000300000 2
620 448 3 8192 2.000300000 2
620 308 3 8192 2.000300000 2
620 468 3 8192 2.000300000 2
620 12 3 8192 2.000300000 2
620 404 3 8192 2.000300000 2
620 780 3 8192 2.000300000 2
620 1172 3 8192 2.000300000 2
624 448 3 8192 2.000300000 2
624 448 3 8192 2.000300000 2
624 592 3 8192 2.000300000 2
624 848 3 8192 2.000300000 2
624 920 3 8192 2.000300000 2
624 360 3 8192 2.000300000 2
624 48 3 8192 2.000300000 2
624 836 3 8192 2.000300000 2
628 448 3 8192 2.000300000 2
628 448 3 8192 2.000300000 2
628 940 3 8192 2.000300000 2
628 444 3 8192 2.000300000 2
628 816 3 8192 2.000300000 2
628 108 3 8192 2.000300000 2
628 1200 3 8192 2.000300000 2
628 400 3 8192 2.000300000 2
632 448 3 8192 2.000300000 2
632 448 3 8192 2.000300000 2
632 1268 3 8192 2.000300000 2
632 884 3 8192 2.000300000 2
632 516 3 8192 2.000300000 2
632 424 3 8192 2.000300000 2
632 992 3 8192 2.000300000 2
632 1116 3 8192 2.000300000 2
636 448 3 8192 2.000300000 2
636 448 3 8192 2.000300000 2
636 380 3 8192 2.000300000 2
636 768 3 8192 2.000300000 2
636 388 3 8192 2.000300000 2
636 212 3 8192 2.000300000 2
636 952 3 8192 2.000300000 2
636 640 3 8192 2.000300000 2
640 448 3 8192 2.000300000 2
640 448 3 8192 2.000300000 2
640 8 3 8192 2.000300000 2
640 924 3 8192 2.000300000 2
640 1200 3 8192 2.000300000 2
640 156 3 8192 2.000300000 2
640 712 3 8192 2.000300000 2
640 212 3 8192 2.000300000 2
644 448 3 8192 2.000300000 2
644 448 3 8192 2.000300000 2
644 728 3 8192 2.000300000 2
644 488 3 8192 2.000300000 2
644 384 3 8192 2.000300000 2
644 1016 3 8192 2.000300000 2
644 288 3 8192 2.000300000 2
644 252 3 8192 2.000300000 2
648 448 3 8192 2.000300000 2
648 448 3 8192 2.000300000 2
648 880 3 8192 2.000300000 2
648 680 3 8192 2.000300000 2
648 696 3 8192 2.000300000 2
648 740 3 8192 2.000300000 2
648 64 3 8192 2.000300000 2
648 524 3 8192 2.000300000 2
652 448 3 8192 2.000300000 2
652 448 3 8192 2.000300000 2
652 100 3 8192 2.000300000 2
652 184 3 8192 2.000300000 2
652 1132 3 8192 2.000300000 2
652 1100 3 8192 2.000300000 2
652 844 3 8192 2.000300000 2
652 704 3 8192 2.000300000 2
668 448 3 8192 2.000300000 2
668 448 3 8192 2.000300000 2
668 420 3 8192 2.000300000 2
668 1092 3 8192 2.000300000 2
668 92 3 8192 2.000300000 2
668 304 3 8192 2.000300000 2
668 780 3 8192 2.000300000 2
668 984 3 8192 2.000300000 2
672 448 3 8192 2.000300000 2
672 448 3 8192 2.000300000 2
672 852 3 8192 2.000300000 2
672 584 3 8192 2.000300000 2
672 376 3 8192 2.000300000 2
672 964 3 8192 2.000300000 2
672 260 3 8192 2.000300000 2
672 1152 3 8192 2.000300000 2
676 448 3 8192 2.000300000 2
676 448 3 8192 2.000300000 2
676 940 3 8192 2.000300000 2
676 196 3 8192 2.000300000 2
676 344 3 8192 2.000300000 2
676 1176 3 8192 2.000300000 2
676 16 3 8192 2.000300000 2
676 648 3 8192 2.000300000 2
680 448 3 8192 2.000300000 2
680 448 3 8192 2.000300000 2
680 244 3 8192 2.000300000 2
680 44 3 8192 2.000300000 2
680 776 3 8192 2.000300000 2
680 52 3 8192 2.000300000 2
680 1212 3 8192 2.000300000 2
680 712 3 8192 2.000300000 2
684 448 3 8192 2.000300000 2
684 448 3 8192 2.000300000 2
684 744 3 8192 2.000300000 2
684 424 3 8192 2.000300000 2
684 880 3 8192 2.000300000 2
684 772 3 8192 2.000300000 2
684 1156 3 8192 2.000300000 2
684 1152 3 8192 2.000300000 2
692 448 3 8192 2.000300000 2
692 448 3 8192 2.000300000 2
692 808 3 8192 2.000300000 2
692 1236 3 8192 2.000300000 2
692 908 3 8192 2.000300000 2
692 88 3 8192 2.000300000 2
692 756 3 8192 2.000300000 2
692 816 3 8192 2.000300000 2
696 448 3 8192 2.000300000 2
696 448 3 8192 2.000300000 2
696 320 3 8192 2.000300000 2
696 1264 3 8192 2.000300000 2
696 1100 3 8192 2.000300000 2
696 188 3 8192 2.000300000 2
696 516 3 8192 2.000300000 2
696 1108 3 8192 2.000300000 2
700 448 3 8192 2.000300000 2
700 448 3 8192 2.000300000 2
700 1104 3 8192 2.000300000 2
700 1108 3 8192 2.000300000 2
700 1068 3 8192 2.000300000 2
700 592 3 8192 2.000300000 2
700 840 3 8192 2.000300000 2
700 852 3 8192 2.000300000 2
704 448 3 8192 2.000300000 2
704 448 3 8192 2.000300000 2
704 628 3 8192 2.000300000 2
704 1016 3 8192 2.000300000 2
704 1056 3 8192 2.000300000 2
704 308 3 8192 2.000300000 2
704 388 3 8192 2.000300000 2
704 692 3 8192 2.000300000 2
712 448 3 8192 2.000300000 2
712 448 3 8192 2.000300000 2
712 1264 3 8192 2.000300000 2
712 1008 3 8192 2.000300000 2
712 156 3 8192 2.000300000 2
712 136 3 8192 2.000300000 2
712 0 3 8192 2.000300000 2
712 164 3 8192 2.000300000 2
716 448 3 8192 2.000300000 2
716 448 3 8192 2.000300000 2
716 804 3 8192 2.000300000 2
716 196 3 8192 2.000300000 2
716 1036 3 8192 2.000300000 2
716 368 3 8192 2.000300000 2
716 888 3 8192 2.000300000 2
716 976 3 8192 2.000300000 2
720 448 3 8192 2.000300000 2
720 448 3 8192 2.000300000 2
720 52 3 8192 2.000300000 2
720 40 3 8192 2.000300000 2
720 100 3 8192 2.000300000 2
720 968 3 8192 2.000300000 2
720 1200 3 8192 2.000300000 2
720 680 3 8192 2.000300000 2
724 448 3 8192 2.000300000 2
724 448 3 8192 2.000300000 2
724 140 3 8192 2.000300000 2
724 676 3 8192 2.000300000 2
724 828 3 8192 2.000300000 2
724 860 3 8192 2.000300000 2
724 524 3 8192 2.000300000 2
724 1172 3 8192 2.000300000 2
728 448 3 8192 2.000300000 2
728 448 3 8192 2.000300000 2
728 16 3 8192 2.000300000 2
728 668 3 8192 2.000300000 2
728 1176 3 8192 2.000300000 2
728 1024 3 8192 2.000300000 2
728 940 3 8192 2.000300000 2
728 248 3 8192 2.000300000 2
732 448 3 8192 2.000300000 2
732 448 3 8192 2.000300000 2
732 716 3 8192 2.000300000 2
732 140 3 8192 2.000300000 2
732 1128 3 8192 2.000300000 2
732 620 3 8192 2.000300000 2
732 1060 3 8192 2.000300000 2
732 548 3 8192 2.000300000 2
736 448 3 8192 2.000300000 2
736 448 3 8192 2.000300000 2
736 1032 3 8192 2.000300000 2
736 1012 3 8192 2.000300000 2
736 580 3 8192 2.000300000 2
736 968 3 8192 2.000300000 2
736 1036 3 8192 2.000300000 2
736 1104 3 8192 2.000300000 2
740 448 3 8192 2.000300000 2
740 448 3 8192 2.000300000 2
740 336 3 8192 2.000300000 2
740 1236 3 8192 2.000300000 2
740 1092 3 8192 2.000300000 2
740 384 3 8192 2.000300000 2
740 1024 3 8192 2.000300000 2
740 536 3 8192 2.000300000 2
744 448 3 8192 2.000300000 2
744 448 3 8192 2.000300000 2
744 1152 3 8192 2.000300000 2
744 728 3 8192 2.000300000 2
744 1008 3 8192 2.000300000 2
744 992 3 8192 2.000300000 2
744 764 3 8192 2.000300000 2
744 1140 3 8192 2.000300000 2
748 448 3 8192 2.000300000 2
748 448 3 8192 2.000300000 2
748 1220 3 8192 2.000300000 2
748 1004 3 8192 2.000300000 2
748 780 3 8192 2.000300000 2
748 844 3 8192 2.000300000 2
748 700 3 8192 2.000300000 2
748 1180 3 8192 2.000300000 2
752 448 3 8192 2.000300000 2
752 448 3 8192 2.000300000 2
752 728 3 8192 2.000300000 2
752 612 3 8192 2.000300000 2
752 388 3 8192 2.000300000 2
752 1056 3 8192 2.000300000 2
752 220 3 8192 2.000300000 2
752 1068 3 8192 2.000300000 2
756 448 3 8192 2.000300000 2
756 448 3 8192 2.000300000 2
756 156 3 8192 2.000300000 2
756 548 3 8192 2.000300000 2
756 444 3 8192 2.000300000 2
756 1164 3 8192 2.000300000 2
756 1080 3 8192 2.000300000 2
756 40 3 8192 2.000300000 2
764 448 3 8192 2.000300000 2
764 448 3 8192 2.000300000 2
764 996 3 8192 2.000300000 2
764 580 3 8192 2.000300000 2
764 20 3 8192 2.000300000 2
764 1120 3 8192 2.000300000 2
764 916 3 8192 2.000300000 2
764 340 3 8192 2.000300000 2
768 448 3 8192 2.000300000 2
768 448 3 8192 2.000300000 2
768 936 3 8192 2.000300000 2
768 1168 3 8192 2.000300000 2
768 976 3 8192 2.000300000 2
768 952 3 8192 2.000300000 2
768 1064 3 8192 2.000300000 2
768 388 3 8192 2.000300000 2
772 448 3 8192 2.000300000 2
772 448 3 8192 2.000300000 2
772 612 3 8192 2.000300000 2
772 1008 3 8192 2.000300000 2
772 668 3 8192 2.000300000 2
772 756 3 8192 2.000300000 2
772 436 3 8192 2.000300000 2
772 952 3 8192 2.000300000 2
776 448 3 8192 2.000300000 2
776 448 3 8192 2.000300000 2
776 1152 3 8192 2.000300000 2
776 916 3 8192 2.000300000 2
776 120 3 8192 2.000300000 2
776 308 3 8192 2.000300000 2
776 360 3 8192 2.000300000 2
776 480 3 8192 2.000300000 2
780 448 3 8192 2.000300000 2
780 448 3 8192 2.000300000 2
780 808 3 8192 2.000300000 2
780 692 3 8192 2.000300000 2
780 1228 3 8192 2.000300000 2
780 1100 3 8192 2.000300000 2
780 1156 3 8192 2.000300000 2
780 284 3 8192 2.000300000 2
788 448 3 8192 2.000300000 2
788 448 3 8192 2.000300000 2
788 304 3 8192 2.000300000 2
788 96 3 8192 2.000300000 2
788 1036 3 8192 2.000300000 2
788 484 3 8192 2.000300000 2
788 92 3 8192 2.000300000 2
788 456 3 8192 2.000300000 2
792 448 3 8192 2.000300000 2
792 448 3 8192 2.000300000 2
792 312 3 8192 2.000300000 2
792 180 3 8192 2.000300000 2
792 996 3 8192 2.000300000 2
792 732 3 8192 2.000300000 2
792 212 3 8192 2.000300000 2
792 752 3 8192 2.000300000 2
800 448 3 8192 2.000300000 2
800 448 3 8192 2.000300000 2
800 572 3 8192 2.000300000 2
800 952 3 8192 2.000300000 2
800 596 3 8192 2.000300000 2
800 644 3 8192 2.000300000 2
800 856 3 8192 2.000300000 2
800 452 3 8192 2.000300000 2
804 448 3 8192 2.000300000 2
804 448 3 8192 2.000300000 2
804 800 3 8192 2.000300000 2
804 212 3 8192 2.000300000 2
804 1088 3 8192 2.000300000 2
804 556 3 8192 2.000300000 2
804 340 3 8192 2.000300000 2
804 920 3 8192 2.000300000 2
808 448 3 8192 2.000300000 2
808 448 3 8192 2.000300000 2
808 792 3 8192 2.000300000 2
808 380 3 8192 2.000300000 2
808 160 3 8192 2.000300000 2
808 828 3 8192 2.000300000 2
808 716 3 8192 2.000300000 2
808 1016 3 8192 2.000300000 2
816 448 3 8192 2.000300000 2
816 448 3 8192 2.000300000 2
816 900 3 8192 2.000300000 2
816 500 3 8192 2.000300000 2
816 676 3 8192 2.000300000 2
816 1228 3 8192 2.000300000 2
816 868 3 8192 2.000300000 2
816 1208 3 8192 2.000300000 2
820 448 3 8192 2.000300000 2
820 448 3 8192 2.000300000 2
820 832 3 8192 2.000300000 2
820 816 3 8192 2.000300000 2
820 1264 3 8192 2.000300000 2
820 780 3 8192 2.000300000 2
820 788 3 8192 2.000300000 2
820 728 3 8192 2.000300000 2
824 448 3 8192 2.000300000 2
824 448 3 8192 2.000300000 2
824 252 3 8192 2.000300000 2
824 1084 3 8192 2.000300000 2
824 952 3 8192 2.000300000 2
824 836 3 8192 2.000300000 2
824 100 3 8192 2.000300000 2
824 1104 3 8192 2.000300000 2
828 448 3 8192 2.000300000 2
828 448 3 8192 2.000300000 2
828 1080 3 8192 2.000300000 2
828 940 3 8192 2.000300000 2
828 172 3 8192 2.000300000 2
828 1076 3 8192 2.000300000 2
828 748 3 8192 2.000300000 2
828 788 3 8192 2.000300000 2
832 448 3 8192 2.000300000 2
832 448 3 8192 2.000300000 2
832 652 3 8192 2.000300000 2
832 616 3 8192 2.000300000 2
832 500 3 8192 2.000300000 2
832 988 3 8192 2.000300000 2
832 420 3 8192 2.000300000 2
832 644 3 8192 2.000300000 2
836 448 3 8192 2.000300000 2
836 448 3 8192 2.000300000 2
836 480 3 8192 2.000300000 2
836 196 3 8192 2.000300000 2
836 332 3 8192 2.000300000 2
836 680 3 8192 2.000300000 2
836 860 3 8192 2.000300000 2
836 816 3 8192 2.000300000 2
840 448 3 8192 2.000300000 2
840 448 3 8192 2.000300000 2
840 1212 3 8192 2.000300000 2
840 916 3 8192 2.000300000 2
840 928 3 8192 2.000300000 2
840 88 3 8192 2.000300000 2
840 824 3 8192 2.000300000 2
840 484 3 8192 2.000300000 2
844 448 3 8192 2.000300000 2
844 448 3 8192 2.000300000 2
844 576 3 8192 2.000300000 2
844 312 3 8192 2.000300000 2
844 768 3 8192 2.000300000 2
844 20 3 8192 2.000300000 2
844 868 3 8192 2.000300000 2
844 640 3 8192 2.000300000 2
848 448 3 8192 2.000300000 2
848 448 3 8192 2.000300000 2
848 196 3 8192 2.000300000 2
848 968 3 8192 2.000300000 2
848 48 3 8192 2.000300000 2
848 868 3 8192 2.000300000 2
848 20 3 8192 2.000300000 2
848 32 3 8192 2.000300000 2
852 448 3 8192 2.000300000 2
852 448 3 8192 2.000300000 2
852 1176 3 8192 2.000300000 2
852 1172 3 8192 2.000300000 2
852 400 3 8192 2.000300000 2
852 928 3 8192 2.000300000 2
852 388 3 8192 2.000300000 2
852 768 3 8192 2.000300000 2
856 448 3 8192 2.000300000 2
856 448 3 8192 2.000300000 2
856 588 3 8192 2.000300000 2
856 804 3 8192 2.000300000 2
856 1156 3 8192 2.000300000 2
856 212 3 8192 2.000300000 2
856 1148 3 8192 2.000300000 2
856 1060 3 8192 2.000300000 2
860 448 3 8192 2.000300000 2
860 448 3 8192 2.000300000 2
860 644 3 8192 2.000300000 2
860 140 3 8192 2.000300000 2
860 168 3 8192 2.000300000 2
860 1264 3 8192 2.000300000 2
860 908 3 8192 2.000300000 2
860 1008 3 8192 2.000300000 2
864 448 3 8192 2.000300000 2
864 448 3 8192 2.000300000 2
864 544 3 8192 2.000300000 2
864 644 3 8192 2.000300000 2
864 460 3 8192 2.000300000 2
864 20 3 8192 2.000300000 2
864 1236 3 8192 2.000300000 2
864 52 3 8192 2.000300000 2
868 448 3 8192 2.000300000 2
868 448 3 8192 2.000300000 2
868 148 3 8192 2.000300000 2
868 612 3 8192 2.000300000 2
868 968 3 8192 2.000300000 2
868 700 3 8192 2.000300000 2
868 424 3 8192 2.000300000 2
868 60 3 8192 2.000300000 2
880 448 3 8192 2.000300000 2
880 448 3 8192 2.000300000 2
880 76 3 8192 2.000300000 2
880 752 3 8192 2.000300000 2
880 764 3 8192 2.000300000 2
880 8 3 8192 2.000300000 2
880 1176 3 8192 2.000300000 2
880 1216 3 8192 2.000300000 2
884 448 3 8192 2.000300000 2
884 448 3 8192 2.000300000 2
884 620 3 8192 2.000300000 2
884 652 3 8192 2.000300000 2
884 1200 3 8192 2.000300000 2
884 692 3 8192 2.000300000 2
884 1076 3 8192 2.000300000 2
884 188 3 8192 2.000300000 2
888 448 3 8192 2.000300000 2
888 448 3 8192 2.000300000 2
888 372 3 8192 2.000300000 2
888 596 3 8192 2.000300000 2
888 188 3 8192 2.000300000 2
888 1008 3 8192 2.000300000 2
888 1180 3 8192 2.000300000 2
888 1156 3 8192 2.000300000 2
892 448 3 8192 2.000300000 2
892 448 3 8192 2.000300000 2
892 904 3 8192 2.000300000 2
892 324 3 8192 2.000300000 2
892 684 3 8192 2.000300000 2
892 20 3 8192 2.000300000 2
892 1160 3 8192 2.000300000 2
892 460 3 8192 2.000300000 2
896 448 3 8192 2.000300000 2
896 448 3 8192 2.000300000 2
896 1120 3 8192 2.000300000 2
896 1156 3 8192 2.000300000 2
896 104 3 8192 2.000300000 2
896 1224 3 8192 2.000300000 2
896 932 3 8192 2.000300000 2
896 96 3 8192 2.000300000 2
900 448 3 8192 2.000300000 2
900 448 3 8192 2.000300000 2
900 744 3 8192 2.000300000 2
900 1140 3 8192 2.000300000 2
900 232 3 8192 2.000300000 2
900 20 3 8192 2.000300000 2
900 628 3 8192 2.000300000 2
900 1200 3 8192 2.000300000 2
904 448 3 8192 2.000300000 2
904 448 3 8192 2.000300000 2
904 288 3 8192 2.000300000 2
904 940 3 8192 2.000300000 2
904 484 3 8192 2.000300000 2
904 948 3 8192 2.000300000 2
904 248 3 8192 2.000300000 2
904 964 3 8192 2.000300000 2
908 448 3 8192 2.000300000 2
908 448 3 8192 2.000300000 2
908 268 3 8192 2.000300000 2
908 340 3 8192 2.000300000 2
908 776 3 8192 2.000300000 2
908 888 3 8192 2.000300000 2
908 696 3 8192 2.000300000 2
908 1008 3 8192 2.000300000 2
916 448 3 8192 2.000300000 2
916 448 3 8192 2.000300000 2
916 544 3 8192 2.000300000 2
916 368 3 8192 2.000300000 2
916 736 3 8192 2.000300000 2
916 896 3 8192 2.000300000 2
916 1032 3 8192 2.000300000 2
916 940 3 8192 2.000300000 2
920 448 3 8192 2.000300000 2
920 448 3 8192 2.000300000 2
920 804 3 8192 2.000300000 2
920 96 3 8192 2.000300000 2
920 48 3 8192 2.000300000 2
920 252 3 8192 2.000300000 2
920 52 3 8192 2.000300000 2
920 644 3 8192 2.000300000 2
924 448 3 8192 2.000300000 2
924 448 3 8192 2.000300000 2
924 704 3 8192 2.000300000 2
924 1060 3 8192 2.000300000 2
924 916 3 8192 2.000300000 2
924 848 3 8192 2.000300000 2
924 480 3 8192 2.000300000 2
924 164 3 8192 2.000300000 2
928 448 3 8192 2.000300000 2
928 448 3 8192 2.000300000 2
928 1088 3 8192 2.000300000 2
928 180 3 8192 2.000300000 2
928 852 3 8192 2.000300000 2
928 104 3 8192 2.000300000 2
928 1084 3 8192 2.000300000 2
928 1096 3 8192 2.000300000 2
932 448 3 8192 2.000300000 2
932 448 3 8192 2.000300000 2
932 1140 3 8192 2.000300000 2
932 372 3 8192 2.000300000 2
932 880 3 8192 2.000300000 2
932 444 3 8192 2.000300000 2
932 772 3 8192 2.000300000 2
932 736 3 8192 2.000300000 2
936 448 3 8192 2.000300000 2
936 448 3 8192 2.000300000 2
936 388 3 8192 2.000300000 2
936 408 3 8192 2.000300000 2
936 188 3 8192 2.000300000 2
936 908 3 8192 2.000300000 2
936 436 3 8192 2.000300000 2
936 360 3 8192 2.000300000 2
940 448 3 8192 2.000300000 2
940 448 3 8192 2.000300000 2
940 852 3 8192 2.000300000 2
940 248 3 8192 2.000300000 2
940 376 3 8192 2.000300000 2
940 64 3 8192 2.000300000 2
940 1032 3 8192 2.000300000 2
940 1244 3 8192 2.000300000 2
948 448 3 8192 2.000300000 2
948 448 3 8192 2.000300000 2
948 1192 3 8192 2.000300000 2
948 20 3 8192 2.000300000 2
948 372 3 8192 2.000300000 2
948 868 3 8192 2.000300000 2
948 1136 3 8192 2.000300000 2
948 1196 3 8192 2.000300000 2
952 448 3 8192 2.000300000 2
952 448 3 8192 2.000300000 2
952 136 3 8192 2.000300000 2
952 1112 3 8192 2.000300000 2
952 1228 3 8192 2.000300000 2
952 1256 3 8192 2.000300000 2
952 676 3 8192 2.000300000 2
952 868 3 8192 2.000300000 2
964 448 3 8192 2.000300000 2
964 448 3 8192 2.000300000 2
964 244 3 8192 2.000300000 2
964 1024 3 8192 2.000300000 2
964 1172 3 8192 2.000300000 2
964 104 3 8192 2.000300000 2
964 0 3 8192 2.000300000 2
964 480 3 8192 2.000300000 2
968 448 3 8192 2.000300000 2
968 448 3 8192 2.000300000 2
968 852 3 8192 2.000300000 2
968 628 3 8192 2.000300000 2
968 1096 3 8192 2.000300000 2
968 512 3 8192 2.000300000 2
968 276 3 8192 2.000300000 2
968 420 3 8192 2.000300000 2
976 448 3 8192 2.000300000 2
976 448 3 8192 2.000300000 2
976 1160 3 8192 2.000300000 2
976 220 3 8192 2.000300000 2
976 628 3 8192 2.000300000 2
976 576 3 8192 2.000300000 2
976 988 3 8192 2.000300000 2
976 84 3 8192 2.000300000 2
984 448 3 8192 2.000300000 2
984 448 3 8192 2.000300000 2
984 1192 3 8192 2.000300000 2
984 780 3 8192 2.000300000 2
984 908 3 8192 2.000300000 2
984 1120 3 8192 2.000300000 2
984 456 3 8192 2.000300000 2
984 748 3 8192 2.000300000 2
988 448 3 8192 2.000300000 2
988 448 3 8192 2.000300000 2
988 1208 3 8192 2.000300000 2
988 468 3 8192 2.000300000 2
988 692 3 8192 2.000300000 2
988 732 3 8192 2.000300000 2
988 232 3 8192 2.000300000 2
988 188 3 8192 2.000300000 2
992 448 3 8192 2.000300000 2
992 448 3 8192 2.000300000 2
992 1056 3 8192 2.000300000 2
992 668 3 8192 2.000300000 2
992 636 3 8192 2.000300000 2
992 240 3 8192 2.000300000 2
992 536 3 8192 2.000300000 2
992 244 3 8192 2.000300000 2
996 448 3 8192 2.000300000 2
996 448 3 8192 2.000300000 2
996 816 3 8192 2.000300000 2
996 648 3 8192 2.000300000 2
996 1212 3 8192 2.000300000 2
996 1116 3 8192 2.000300000 2
996 908 3 8192 2.000300000 2
996 612 3 8192 2.000300000 2
1000 448 3 8192 2.000300000 2
1000 448 3 8192 2.000300000 2
1000 428 3 8192 2.000300000 2
1000 772 3 8192 2.000300000 2
1000 1108 3 8192 2.000300000 2
1000 756 3 8192 2.000300000 2
1000 1276 3 8192 2.000300000 2
1000 1200 3 8192 2.000300000 2
1004 448 3 8192 2.000300000 2
1004 448 3 8192 2.000300000 2
1004 1100 3 8192 2.000300000 2
1004 920 3 8192 2.000300000 2
1004 1084 3 8192 2.000300000 2
1004 1188 3 8192 2.000300000 2
1004 1236 3 8192 2.000300000 2
1004 704 3 8192 2.000300000 2
1008 448 3 8192 2.000300000 2
1008 448 3 8192 2.000300000 2
1008 172 3 8192 2.000300000 2
1008 360 3 8192 2.000300000 2
1008 596 3 8192 2.000300000 2
1008 692 3 8192 2.000300000 2
1008 916 3 8192 2.000300000 2
1008 56 3 8192 2.000300000 2
1012 448 3 8192 2.000300000 2
1012 448 3 8192 2.000300000 2
1012 692 3 8192 2.000300000 2
1012 1004 3 8192 2.000300000 2
1012 60 3 8192 2.000300000 2
1012 576 3 8192 2.000300000 2
1012 236 3 8192 2.000300000 2
1012 172 3 8192 2.000300000 2
1016 448 3 8192 2.000300000 2
1016 448 3 8192 2.000300000 2
1016 644 3 8192 2.000300000 2
1016 576 3 8192 2.000300000 2
1016 932 3 8192 2.000300000 2
1016 1104 3 8192 2.000300000 2
1016 748 3 8192 2.000300000 2
1016 704 3 8192 2.000300000 2
1020 448 3 8192 2.000300000 2
1020 448 3 8192 2.000300000 2
1020 1176 3 8192 2.000300000 2
1020 856 3 8192 2.000300000 2
1020 1224 3 8192 2.000300000 2
1020 748 3 8192 2.000300000 2
1020 628 3 8192 2.000300000 2
1020 448 3 8192 2.000300000 2
1024 448 3 8192 2.000300000 2
1024 448 3 8192 2.000300000 2
1024 1236 3 8192 2.000300000 2
1024 84 3 8192 2.000300000 2
1024 488 3 8192 2.000300000 2
1024 252 3 8192 2.000300000 2
1024 884 3 8192 2.000300000 2
1024 932 3 8192 2.000300000 2
1032 448 3 8192 2.000300000 2
1032 448 3 8192 2.000300000 2
1032 672 3 8192 2.000300000 2
1032 516 3 8192 2.000300000 2
1032 420 3 8192 2.000300000 2
1032 616 3 8192 2.000300000 2
1032 628 3 8192 2.000300000 2
1032 40 3 8192 2.000300000 2
1036 448 3 8192 2.000300000 2
1036 448 3 8192 2.000300000 2
1036 1192 3 8192 2.000300000 2
1036 1228 3 8192 2.000300000 2
1036 1236 3 8192 2.000300000 2
1036 300 3 8192 2.000300000 2
1036 636 3 8192 2.000300000 2
1036 696 3 8192 2.000300000 2
1040 448 3 8192 2.000300000 2
1040 448 3 8192 2.000300000 2
1040 752 3 8192 2.000300000 2
1040 1164 3 8192 2.000300000 2
1040 500 3 8192 2.000300000 2
1040 988 3 8192 2.000300000 2
1040 880 3 8192 2.000300000 2
1040 908 3 8192 2.000300000 2
1048 448 3 8192 2.000300000 2
1048 448 3 8192 2.000300000 2
1048 1164 3 8192 2.000300000 2
1048 364 3 8192 2.000300000 2
1048 1184 3 8192 2.000300000 2
1048 100 3 8192 2.000300000 2
1048 752 3 8192 2.000300000 2
1048 1008 3 8192 2.000300000 2
1056 448 3 8192 2.000300000 2
1056 448 3 8192 2.000300000 2
1056 304 3 8192 2.000300000 2
1056 1208 3 8192 2.000300000 2
1056 400 3 8192 2.000300000 2
1056 1164 3 8192 2.000300000 2
1056 1100 3 8192 2.000300000 2
1056 940 3 8192 2.000300000 2
1060 448 3 8192 2.000300000 2
1060 448 3 8192 2.000300000 2
1060 1088 3 8192 2.000300000 2
1060 620 3 8192 2.000300000 2
1060 488 3 8192 2.000300000 2
1060 1036 3 8192 2.000300000 2
1060 236 3 8192 2.000300000 2
1060 920 3 8192 2.000300000 2
1064 448 3 8192 2.000300000 2
1064 448 3 8192 2.000300000 2
1064 984 3 8192 2.000300000 2
1064 720 3 8192 2.000300000 2
1064 856 3 8192 2.000300000 2
1064 220 3 8192 2.000300000 2
1064 788 3 8192 2.000300000 2
1064 828 3 8192 2.000300000 2
1068 448 3 8192 2.000300000 2
1068 448 3 8192 2.000300000 2
1068 900 3 8192 2.000300000 2
1068 12 3 8192 2.000300000 2
1068 844 3 8192 2.000300000 2
1068 732 3 8192 2.000300000 2
1068 212 3 8192 2.000300000 2
1068 1160 3 8192 2.000300000 2
1076 448 3 8192 2.000300000 2
1076 448 3 8192 2.000300000 2
1076 640 3 8192 2.000300000 2
1076 84 3 8192 2.000300000 2
1076 456 3 8192 2.000300000 2
1076 804 3 8192 2.000300000 2
1076 836 3 8192 2.000300000 2
1076 1096 3 8192 2.000300000 2
1080 448 3 8192 2.000300000 2
1080 448 3 8192 2.000300000 2
1080 1020 3 8192 2.000300000 2
1080 844 3 8192 2.000300000 2
1080 1224 3 8192 2.000300000 2
1080 764 3 8192 2.000300000 2
1080 332 3 8192 2.000300000 2
1080 220 3 8192 2.000300000 2
1084 448 3 8192 2.000300000 2
1084 448 3 8192 2.000300000 2
1084 996 3 8192 2.000300000 2
1084 1080 3 8192 2.000300000 2
1084 120 3 8192 2.000300000 2
1084 404 3 8192 2.000300000 2
1084 400 3 8192 2.000300000 2
1084 416 3 8192 2.000300000 2
1088 448 3 8192 2.000300000 2
1088 448 3 8192 2.000300000 2
1088 836 3 8192 2.000300000 2
1088 952 3 8192 2.000300000 2
1088 272 3 8192 2.000300000 2
1088 600 3 8192 2.000300000 2
1088 1184 3 8192 2.000300000 2
1088 304 3 8192 2.000300000 2
1092 448 3 8192 2.000300000 2
1092 448 3 8192 2.000300000 2
1092 744 3 8192 2.000300000 2
1092 1208 3 8192 2.000300000 2
1092 364 3 8192 2.000300000 2
1092 752 3 8192 2.000300000 2
1092 132 3 8192 2.000300000 2
1092 340 3 8192 2.000300000 2
1096 448 3 8192 2.000300000 2
1096 448 3 8192 2.000300000 2
1096 304 3 8192 2.000300000 2
1096 188 3 8192 2.000300000 2
1096 260 3 8192 2.000300000 2
1096 640 3 8192 2.000300000 2
1096 600 3 8192 2.000300000 2
1096 808 3 8192 2.000300000 2
1100 448 3 8192 2.000300000 2
1100 448 3 8192 2.000300000 2
1100 1120 3 8192 2.000300000 2
1100 212 3 8192 2.000300000 2
1100 344 3 8192 2.000300000 2
1100 724 3 8192 2.000300000 2
1100 60 3 8192 2.000300000 2
1100 420 3 8192 2.000300000 2
1104 448 3 8192 2.000300000 2
1104 448 3 8192 2.000300000 2
1104 48 3 8192 2.000300000 2
1104 1140 3 8192 2.000300000 2
1104 968 3 8192 2.000300000 2
1104 172 3 8192 2.000300000 2
1104 1220 3 8192 2.000300000 2
1104 1236 3 8192 2.000300000 2
1108 448 3 8192 2.000300000 2
1108 448 3 8192 2.000300000 2
1108 536 3 8192 2.000300000 2
1108 820 3 8192 2.000300000 2
1108 988 3 8192 2.000300000 2
1108 0 3 8192 2.000300000 2
1108 184 3 8192 2.000300000 2
1108 432 3 8192 2.000300000 2
1112 448 3 8192 2.000300000 2
1112 448 3 8192 2.000300000 2
1112 364 3 8192 2.000300000 2
1112 368 3 8192 2.000300000 2
1112 1256 3 8192 2.000300000 2
1112 940 3 8192 2.000300000 2
1112 792 3 8192 2.000300000 2
1112 468 3 8192 2.000300000 2
1116 448 3 8192 2.000300000 2
1116 448 3 8192 2.000300000 2
1116 464 3 8192 2.000300000 2
1116 588 3 8192 2.000300000 2
1116 820 3 8192 2.000300000 2
1116 548 3 8192 2.000300000 2
1116 1104 3 8192 2.000300000 2
1116 160 3 8192 2.000300000 2
1120 448 3 8192 2.000300000 2
1120 448 3 8192 2.000300000 2
1120 388 3 8192 2.000300000 2
1120 344 3 8192 2.000300000 2
1120 188 3 8192 2.000300000 2
1120 528 3 8192 2.000300000 2
1120 940 3 8192 2.000300000 2
1120 1096 3 8192 2.000300000 2
1128 448 3 8192 2.000300000 2
1128 448 3 8192 2.000300000 2
1128 416 3 8192 2.000300000 2
1128 156 3 8192 2.000300000 2
1128 468 3 8192 2.000300000 2
1128 488 3 8192 2.000300000 2
1128 140 3 8192 2.000300000 2
1128 8 3 8192 2.000300000 2
1132 448 3 8192 2.000300000 2
1132 448 3 8192 2.000300000 2
1132 372 3 8192 2.000300000 2
1132 1224 3 8192 2.000300000 2
1132 1200 3 8192 2.000300000 2
1132 612 3 8192 2.000300000 2
1132 1168 3 8192 2.000300000 2
1132 820 3 8192 2.000300000 2
1136 448 3 8192 2.000300000 2
1136 448 3 8192 2.000300000 2
1136 884 3 8192 2.000300000 2
1136 1076 3 8192 2.000300000 2
1136 1128 3 8192 2.000300000 2
1136 780 3 8192 2.000300000 2
1136 108 3 8192 2.000300000 2
1136 548 3 8192 2.000300000 2
1140 448 3 8192 2.000300000 2
1140 448 3 8192 2.000300000 2
1140 16 3 8192 2.000300000 2
1140 668 3 8192 2.000300000 2
1140 1244 3 8192 2.000300000 2
1140 92 3 8192 2.000300000 2
1140 180 3 8192 2.000300000 2
1140 244 3 8192 2.000300000 2
1144 448 3 8192 2.000300000 2
1144 448 3 8192 2.000300000 2
1144 288 3 8192 2.000300000 2
1144 336 3 8192 2.000300000 2
1144 1084 3 8192 2.000300000 2
1144 752 3 8192 2.000300000 2
1144 1016 3 8192 2.000300000 2
1144 896 3 8192 2.000300000 2
1148 448 3 8192 2.000300000 2
1148 448 3 8192 2.000300000 2
1148 528 3 8192 2.000300000 2
1148 304 3 8192 2.000300000 2
1148 988 3 8192 2.000300000 2
1148 652 3 8192 2.000300000 2
1148 252 3 8192 2.000300000 2
1148 464 3 8192 2.000300000 2
1152 448 3 8192 2.000300000 2
1152 448 3 8192 2.000300000 2
1152 628 3 8192 2.000300000 2
1152 712 3 8192 2.000300000 2
1152 892 3 8192 2.000300000 2
1152 676 3 8192 2.000300000 2
1152 12 3 8192 2.000300000 2
1152 176 3 8192 2.000300000 2
1156 448 3 8192 2.000300000 2
1156 448 3 8192 2.000300000 2
1156 740 3 8192 2.000300000 2
1156 992 3 8192 2.000300000 2
1156 1076 3 8192 2.000300000 2
1156 484 3 8192 2.000300000 2
1156 288 3 8192 2.000300000 2
1156 108 3 8192 2.000300000 2
1160 448 3 8192 2.000300000 2
1160 448 3 8192 2.000300000 2
1160 484 3 8192 2.000300000 2
1160 776 3 8192 2.000300000 2
1160 1264 3 8192 2.000300000 2
1160 840 3 8192 2.000300000 2
1160 64 3 8192 2.000300000 2
1160 428 3 8192 2.000300000 2
1164 448 3 8192 2.000300000 2
1164 448 3 8192 2.000300000 2
1164 748 3 8192 2.000300000 2
1164 488 3 8192 2.000300000 2
1164 684 3 8192 2.000300000 2
1164 764 3 8192 2.000300000 2
1164 800 3 8192 2.000300000 2
1164 548 3 8192 2.000300000 2
1168 448 3 8192 2.000300000 2
1168 448 3 8192 2.000300000 2
1168 244 3 8192 2.000300000 2
1168 408 3 8192 2.000300000 2
1168 984 3 8192 2.000300000 2
1168 488 3 8192 2.000300000 2
1168 436 3 8192 2.000300000 2
1168 48 3 8192 2.000300000 2
1172 448 3 8192 2.000300000 2
1172 448 3 8192 2.000300000 2
1172 1240 3 8192 2.000300000 2
1172 180 3 8192 2.000300000 2
1172 1208 3 8192 2.000300000 2
1172 816 3 8192 2.000300000 2
1172 1140 3 8192 2.000300000 2
1172 584 3 8192 2.000300000 2
1176 448 3 8192 2.000300000 2
1176 448 3 8192 2.000300000 2
1176 1084 3 8192 2.000300000 2
1176 284 3 8192 2.000300000 2
1176 844 3 8192 2.000300000 2
1176 1236 3 8192 2.000300000 2
1176 340 3 8192 2.000300000 2
1176 892 3 8192 2.000300000 2
1180 448 3 8192 2.000300000 2
1180 448 3 8192 2.000300000 2
1180 1040 3 8192 2.000300000 2
1180 752 3 8192 2.000300000 2
1180 360 3 8192 2.000300000 2
1180 188 3 8192 2.000300000 2
1180 1092 3 8192 2.000300000 2
1180 1100 3 8192 2.000300000 2
1184 448 3 8192 2.000300000 2
1184 448 3 8192 2.000300000 2
1184 920 3 8192 2.000300000 2
1184 776 3 8192 2.000300000 2
1184 100 3 8192 2.000300000 2
1184 500 3 8192 2.000300000 2
1184 564 3 8192 2.000300000 2
1184 808 3 8192 2.000300000 2
1188 448 3 8192 2.000300000 2
1188 448 3 8192 2.000300000 2
1188 780 3 8192 2.000300000 2
1188 168 3 8192 2.000300000 2
1188 232 3 8192 2.000300000 2
1188 1088 3 8192 2.000300000 2
1188 468 3 8192 2.000300000 2
1188 968 3 8192 2.000300000 2
1192 448 3 8192 2.000300000 2
1192 448 3 8192 2.000300000 2
1192 532 3 8192 2.000300000 2
1192 300 3 8192 2.000300000 2
1192 436 3 8192 2.000300000 2
1192 60 3 8192 2.000300000 2
1192 768 3 8192 2.000300000 2
1192 488 3 8192 2.000300000 2
1196 448 3 8192 2.000300000 2
1196 448 3 8192 2.000300000 2
1196 220 3 8192 2.000300000 2
1196 932 3 8192 2.000300000 2
1196 484 3 8192 2.000300000 2
1196 668 3 8192 2.000300000 2
1196 824 3 8192 2.000300000 2
1196 448 3 8192 2.000300000 2
1200 448 3 8192 2.000300000 2
1200 448 3 8192 2.000300000 2
1200 716 3 8192 2.000300000 2
1200 808 3 8192 2.000300000 2
1200 112 3 8192 2.000300000 2
1200 176 3 8192 2.000300000 2
1200 1180 3 8192 2.000300000 2
1200 500 3 8192 2.000300000 2
1208 448 3 8192 2.000300000 2
1208 448 3 8192 2.000300000 2
1208 1156 3 8192 2.000300000 2
1208 160 3 8192 2.000300000 2
1208 300 3 8192 2.000300000 2
1208 28 3 8192 2.000300000 2
1208 1112 3 8192 2.000300000 2
1208 792 3 8192 2.000300000 2
1212 448 3 8192 2.000300000 2
1212 448 3 8192 2.000300000 2
1212 172 3 8192 2.000300000 2
1212 404 3 8192 2.000300000 2
1212 824 3 8192 2.000300000 2
1212 620 3 8192 2.000300000 2
1212 340 3 8192 2.000300000 2
1212 1068 3 8192 2.000300000 2
1216 448 3 8192 2.000300000 2
1216 448 3 8192 2.000300000 2
1216 1012 3 8192 2.000300000 2
1216 312 3 8192 2.000300000 2
1216 44 3 8192 2.000300000 2
1216 76 3 8192 2.000300000 2
1216 156 3 8192 2.000300000 2
1216 700 3 8192 2.000300000 2
1220 448 3 8192 2.000300000 2
1220 448 3 8192 2.000300000 2
1220 420 3 8192 2.000300000 2
1220 800 3 8192 2.000300000 2
1220 1004 3 8192 2.000300000 2
1220 44 3 8192 2.000300000 2
1220 1164 3 8192 2.000300000 2
1220 824 3 8192 2.000300000 2
1224 448 3 8192 2.000300000 2
1224 448 3 8192 2.000300000 2
1224 80 3 8192 2.000300000 2
1224 668 3 8192 2.000300000 2
1224 1036 3 8192 2.000300000 2
1224 1092 3 8192 2.000300000 2
1224 580 3 8192 2.000300000 2
1224 240 3 8192 2.000300000 2
1228 448 3 8192 2.000300000 2
1228 448 3 8192 2.000300000 2
1228 1128 3 8192 2.000300000 2
1228 692 3 8192 2.000300000 2
1228 544 3 8192 2.000300000 2
1228 1056 3 8192 2.000300000 2
1228 312 3 8192 2.000300000 2
1228 756 3 8192 2.000300000 2
1236 448 3 8192 2.000300000 2
1236 448 3 8192 2.000300000 2
1236 736 3 8192 2.000300000 2
1236 420 3 8192 2.000300000 2
1236 436 3 8192 2.000300000 2
1236 816 3 8192 2.000300000 2
1236 108 3 8192 2.000300000 2
1236 40 3 8192 2.000300000 2
1240 448 3 8192 2.000300000 2
1240 448 3 8192 2.000300000 2
1240 744 3 8192 2.000300000 2
1240 844 3 8192 2.000300000 2
1240 1036 3 8192 2.000300000 2
1240 1264 3 8192 2.000300000 2
1240 272 3 8192 2.000300000 2
1240 76 3 8192 2.000300000 2
1244 448 3 8192 2.000300000 2
1244 448 3 8192 2.000300000 2
1244 684 3 8192 2.000300000 2
1244 16 3 8192 2.000300000 2
1244 336 3 8192 2.000300000 2
1244 1088 3 8192 2.000300000 2
1244 680 3 8192 2.000300000 2
1244 1032 3 8192 2.000300000 2
1256 448 3 8192 2.000300000 2
1256 448 3 8192 2.000300000 2
1256 864 3 8192 2.000300000 2
1256 476 3 8192 2.000300000 2
1256 600 3 8192 2.000300000 2
1256 868 3 8192 2.000300000 2
1256 740 3 8192 2.000300000 2
1256 756 3 8192 2.000300000 2
1264 448 3 8192 2.000300000 2
1264 448 3 8192 2.000300000 2
1264 388 3 8192 2.000300000 2
1264 44 3 8192 2.000300000 2
1264 792 3 8192 2.000300000 2
1264 1276 3 8192 2.000300000 2
1264 64 3 8192 2.000300000 2
1264 260 3 8192 2.000300000 2
1268 448 3 8192 2.000300000 2
1268 448 3 8192 2.000300000 2
1268 184 3 8192 2.000300000 2
1268 1080 3 8192 2.000300000 2
1268 336 3 8192 2.000300000 2
1268 692 3 8192 2.000300000 2
1268 1036 3 8192 2.000300000 2
1268 276 3 8192 2.000300000 2
1276 448 3 8192 2.000300000 2
1276 448 3 8192 2.000300000 2
1276 140 3 8192 2.000300000 2
1276 1188 3 8192 2.000300000 2
1276 1136 3 8192 2.000300000 2
1276 332 3 8192 2.000300000 2
1276 1268 3 8192 2.000300000 2
1276 988 3 8192 2.000300000 2
0 448 3 8192 2.000350000 2
0 448 3 8192 2.000350000 2
0 828 3 8192 2.000350000 2
0 528 3 8192 2.000350000 2
0 1180 3 8192 2.000350000 2
0 92 3 8192 2.000350000 2
0 668 3 8192 2.000350000 2
0 988 3 8192 2.000350000 2
8 448 3 8192 2.000350000 2
8 448 3 8192 2.000350000 2
8 544 3 8192 2.000350000 2
8 992 3 8192 2.000350000 2
8 236 3 8192 2.000350000 2
8 832 3 8192 2.000350000 2
8 792 3 8192 2.000350000 2
8 1228 3 8192 2.000350000 2
12 448 3 8192 2.000350000 2
12 448 3 8192 2.000350000 2
12 220 3 8192 2.000350000 2
12 744 3 8192 2.000350000 2
12 936 3 8192 2.000350000 2
12 564 3 8192 2.000350000 2
12 84 3 8192 2.000350000 2
12 572 3 8192 2.000350000 2
16 448 3 8192 2.000350000 2
16 448 3 8192 2.000350000 2
16 832 3 8192 2.000350000 2
16 1056 3 8192 2.000350000 2
16 592 3 8192 2.000350000 2
16 1152 3 8192 2.000350000 2
16 768 3 8192 2.000350000 2
16 340 3 8192 2.000350000 2
20 448 3 8192 2.000350000 2
20 448 3 8192 2.000350000 2
20 1228 3 8192 2.000350000 2
20 1056 3 8192 2.000350000 2
20 196 3 8192 2.000350000 2
20 1188 3 8192 2.000350000 2
20 192 3 8192 2.000350000 2
20 704 3 8192 2.000350000 2
28 448 3 8192 2.000350000 2
28 448 3 8192 2.000350000 2
28 444 3 8192 2.000350000 2
28 576 3 8192 2.000350000 2
28 984 3 8192 2.000350000 2
28 212 3 8192 2.000350000 2
28 1184 3 8192 2.000350000 2
28 820 3 8192 2.000350000 2
32 448 3 8192 2.000350000 2
32 448 3 8192 2.000350000 2
32 1000 3 8192 2.000350000 2
32 136 3 8192 2.000350000 2
32 996 3 8192 2.000350000 2
32 684 3 8192 2.000350000 2
32 984 3 8192 2.000350000 2
32 28 3 8192 2.000350000 2
40 448 3 8192 2.000350000 2
40 448 3 8192 2.000350000 2
40 676 3 8192 2.000350000 2
40 936 3 8192 2.000350000 2
40 800 3 8192 2.000350000 2
40 12 3 8192 2.000350000 2
40 28 3 8192 2.000350000 2
40 240 3 8192 2.000350000 2
44 448 3 8192 2.000350000 2
44 448 3 8192 2.000350000 2
44 528 3 8192 2.000350000 2
44 384 3 8192 2.000350000 2
44 452 3 8192 2.000350000 2
44 160 3 8192 2.000350000 2
44 0 3 8192 2.000350000 2
44 424 3 8192 2.000350000 2
48 448 3 8192 2.000350000 2
48 448 3 8192 2.000350000 2
48 96 3 8192 2.000350000 2
48 344 3 8192 2.000350000 2
48 248 3 8192 2.000350000 2
48 1264 3 8192 2.000350000 2
48 52 3 8192 2.000350000 2
48 928 3 8192 2.000350000 2
52 448 3 8192 2.000350000 2
52 448 3 8192 2.000350000 2
52 644 3 8192 2.000350000 2
52 20 3 8192 2.000350000 2
52 848 3 8192 2.000350000 2
52 964 3 8192 2.000350000 2
52 456 3 8192 2.000350000 2
52 724 3 8192 2.000350000 2
56 448 3 8192 2.000350000 2
56 448 3 8192 2.000350000 2
56 1080 3 8192 2.000350000 2
56 364 3 8192 2.000350000 2
56 800 3 8192 2.000350000 2
56 848 3 8192 2.000350000 2
56 112 3 8192 2.000350000 2
56 648 3 8192 2.000350000 2
60 448 3 8192 2.000350000 2
60 448 3 8192 2.000350000 2
60 584 3 8192 2.000350000 2
60 376 3 8192 2.000350000 2
60 0 3 8192 2.000350000 2
60 20 3 8192 2.000350000 2
60 564 3 8192 2.000350000 2
60 508 3 8192 2.000350000 2
64 448 3 8192 2.000350000 2
64 448 3 8192 2.000350000 2
64 112 3 8192 2.000350000 2
64 564 3 8192 2.000350000 2
64 1224 3 8192 2.000350000 2
64 696 3 8192 2.000350000 2
64 96 3 8192 2.000350000 2
64 584 3 8192 2.000350000 2
76 448 3 8192 2.000350000 2
76 448 3 8192 2.000350000 2
76 836 3 8192 2.000350000 2
76 600 3 8192 2.000350000 2
76 1064 3 8192 2.000350000 2
76 884 3 8192 2.000350000 2
76 1016 3 8192 2.000350000 2
76 680 3 8192 2.000350000 2
80 448 3 8192 2.000350000 2
80 448 3 8192 2.000350000 2
80 1276 3 8192 2.000350000 2
80 740 3 8192 2.000350000 2
80 92 3 8192 2.000350000 2
80 620 3 8192 2.000350000 2
80 1108 3 8192 2.000350000 2
80 52 3 8192 2.000350000 2
84 448 3 8192 2.000350000 2
84 448 3 8192 2.000350000 2
84 1092 3 8192 2.000350000 2
84 628 3 8192 2.000350000 2
84 1000 3 8192 2.000350000 2
84 684 3 8192 2.000350000 2
84 196 3 8192 2.000350000 2
84 616 3 8192 2.000350000 2
88 448 3 8192 2.000350000 2
88 448 3 8192 2.000350000 2
88 60 3 8192 2.000350000 2
88 904 3 8192 2.000350000 2
88 1096 3 8192 2.000350000 2
88 444 3 8192 2.000350000 2
88 788 3 8192 2.000350000 2
88 1268 3 8192 2.000350000 2
92 448 3 8192 2.000350000 2
92 448 3 8192 2.000350000 2
92 424 3 8192 2.000350000 2
92 768 3 8192 2.000350000 2
92 1208 3 8192 2.000350000 2
92 820 3 8192 2.000350000 2
92 1036 3 8192 2.000350000 2
92 1184 3 8192 2.000350000 2
96 448 3 8192 2.000350000 2
96 448 3 8192 2.000350000 2
96 672 3 8192 2.000350000 2
96 148 3 8192 2.000350000 2
96 1216 3 8192 2.000350000 2
96 772 3 8192 2.000350000 2
96 920 3 8192 2.000350000 2
96 212 3 8192 2.000350000 2
100 448 3 8192 2.000350000 2
100 448 3 8192 2.000350000 2
100 1012 3 8192 2.000350000 2
100 1048 3 8192 2.000350000 2
100 728 3 8192 2.000350000 2
100 892 3 8192 2.000350000 2
100 1156 3 8192 2.000350000 2
100 460 3 8192 2.000350000 2
104 448 3 8192 2.000350000 2
104 448 3 8192 2.000350000 2
104 196 3 8192 2.000350000 2
104 380 3 8192 2.000350000 2
104 736 3 8192 2.000350000 2
104 852 3 8192 2.000350000 2
104 996 3 8192 2.000350000 2
104 172 3 8192 2.000350000 2
108 448 3 8192 2.000350000 2
108 448 3 8192 2.000350000 2
108 572 3 8192 2.000350000 2
108 52 3 8192 2.000350000 2
108 436 3 8192 2.000350000 2
108 1224 3 8192 2.000350000 2
108 268 3 8192 2.000350000 2
108 300 3 8192 2.000350000 2
112 448 3 8192 2.000350000 2
112 448 3 8192 2.000350000 2
112 1024 3 8192 2.000350000 2
112 624 3 8192 2.000350000 2
112 20 3 8192 2.000350000 2
112 996 3 8192 2.000350000 2
112 228 3 8192 2.000350000 2
112 384 3 8192 2.000350000 2
120 448 3 8192 2.000350000 2
120 448 3 8192 2.000350000 2
120 236 3 8192 2.000350000 2
120 320 3 8192 2.000350000 2
120 968 3 8192 2.000350000 2
120 1140 3 8192 2.000350000 2
120 276 3 8192 2.000350000 2
120 1064 3 8192 2.000350000 2
132 448 3 8192 2.000350000 2
132 448 3 8192 2.000350000 2
132 904 3 8192 2.000350000 2
132 272 3 8192 2.000350000 2
132 640 3 8192 2.000350000 2
132 624 3 8192 2.000350000 2
132 344 3 8192 2.000350000 2
132 616 3 8192 2.000350000 2
136 448 3 8192 2.000350000 2
136 448 3 8192 2.000350000 2
136 816 3 8192 2.000350000 2
136 164 3 8192 2.000350000 2
136 1268 3 8192 2.000350000 2
136 100 3 8192 2.000350000 2
136 200 3 8192 2.000350000 2
136 772 3 8192 2.000350000 2
140 448 3 8192 2.000350000 2
140 448 3 8192 2.000350000 2
140 108 3 8192 2.000350000 2
140 724 3 8192 2.000350000 2
140 12 3 8192 2.000350000 2
140 860 3 8192 2.000350000 2
140 736 3 8192 2.000350000 2
140 48 3 8192 2.000350000 2
148 448 3 8192 2.000350000 2
148 448 3 8192 2.000350000 2
148 528 3 8192 2.000350000 2
148 560 3 8192 2.000350000 2
148 56 3 8192 2.000350000 2
148 1084 3 8192 2.000350000 2
148 1212 3 8192 2.000350000 2
148 628 3 8192 2.000350000 2
156 448 3 8192 2.000350000 2
156 448 3 8192 2.000350000 2
156 108 3 8192 2.000350000 2
156 968 3 8192 2.000350000 2
156 448 3 8192 2.000350000 2
156 444 3 8192 2.000350000 2
156 8 3 8192 2.000350000 2
156 736 3 8192 2.000350000 2
160 448 3 8192 2.000350000 2
160 448 3 8192 2.000350000 2
160 1268 3 8192 2.000350000 2
160 456 3 8192 2.000350000 2
160 32 3 8192 2.000350000 2
160 1064 3 8192 2.000350000 2
160 1056 3 8192 2.000350000 2
160 880 3 8192 2.000350000 2
164 448 3 8192 2.000350000 2
164 448 3 8192 2.000350000 2
164 692 3 8192 2.000350000 2
164 84 3 8192 2.000350000 2
164 932 3 8192 2.000350000 2
164 236 3 8192 2.000350000 2
164 668 3 8192 2.000350000 2
164 808 3 8192 2.000350000 2
168 448 3 8192 2.000350000 2
168 448 3 8192 2.000350000 2
168 84 3 8192 2.000350000 2
168 612 3 8192 2.000350000 2
168 808 3 8192 2.000350000 2
168 564 3 8192 2.000350000 2
168 1036 3 8192 2.000350000 2
168 512 3 8192 2.000350000 2
172 448 3 8192 2.000350000 2
172 448 3 8192 2.000350000 2
172 96 3 8192 2.000350000 2
172 676 3 8192 2.000350000 2
172 428 3 8192 2.000350000 2
172 496 3 8192 2.000350000 2
172 236 3 8192 2.000350000 2
172 272 3 8192 2.000350000 2
176 448 3 8192 2.000350000 2
176 448 3 8192 2.000350000 2
176 548 3 8192 2.000350000 2
176 1160 3 8192 2.000350000 2
176 572 3 8192 2.000350000 2
176 1056 3 8192 2.000350000 2
176 984 3 8192 2.000350000 2
176 1080 3 8192 2.000350000 2
180 448 3 8192 2.000350000 2
180 448 3 8192 2.000350000 2
180 804 3 8192 2.000350000 2
180 232 3 8192 2.000350000 2
180 988 3 8192 2.000350000 2
180 716 3 8192 2.000350000 2
180 248 3 8192 2.000350000 2
180 200 3 8192 2.000350000 2
184 448 3 8192 2.000350000 2
184 448 3 8192 2.000350000 2
184 1208 3 8192 2.000350000 2
184 864 3 8192 2.000350000 2
184 388 3 8192 2.000350000 2
184 904 3 8192 2.000350000 2
184 596 3 8192 2.000350000 2
184 788 3 8192 2.000350000 2
188 448 3 8192 2.000350000 2
188 448 3 8192 2.000350000 2
188 1236 3 8192 2.000350000 2
188 864 3 8192 2.000350000 2
188 632 3 8192 2.000350000 2
188 684 3 8192 2.000350000 2
188 600 3 8192 2.000350000 2
188 168 3 8192 2.000350000 2
192 448 3 8192 2.000350000 2
192 448 3 8192 2.000350000 2
192 792 3 8192 2.000350000 2
192 844 3 8192 2.000350000 2
192 596 3 8192 2.000350000 2
192 696 3 8192 2.000350000 2
192 276 3 8192 2.000350000 2
192 932 3 8192 2.000350000 2
196 448 3 8192 2.000350000 2
196 448 3 8192 2.000350000 2
196 380 3 8192 2.000350000 2
196 548 3 8192 2.000350000 2
196 160 3 8192 2.000350000 2
196 1136 3 8192 2.000350000 2
196 748 3 8192 2.000350000 2
196 248 3 8192 2.000350000 2
200 448 3 8192 2.000350000 2
200 448 3 8192 2.000350000 2
200 420 3 8192 2.000350000 2
200 372 3 8192 2.000350000 2
200 572 3 8192 2.000350000 2
200 592 3 8192 2.000350000 2
200 548 3 8192 2.000350000 2
200 1020 3 8192 2.000350000 2
212 448 3 8192 2.000350000 2
212 448 3 8192 2.000350000 2
212 836 3 8192 2.000350000 2
212 1000 3 8192 2.000350000 2
212 164 3 8192 2.000350000 2
212 652 3 8192 2.000350000 2
212 56 3 8192 2.000350000 2
212 588 3 8192 2.000350000 2
216 448 3 8192 2.000350000 2
216 448 3 8192 2.000350000 2
216 1160 3 8192 2.000350000 2
216 1012 3 8192 2.000350000 2
216 172 3 8192 2.000350000 2
216 388 3 8192 2.000350000 2
216 160 3 8192 2.000350000 2
216 196 3 8192 2.000350000 2
220 448 3 8192 2.000350000 2
220 448 3 8192 2.000350000 2
220 868 3 8192 2.000350000 2
220 780 3 8192 2.000350000 2
220 1024 3 8192 2.000350000 2
220 1208 3 8192 2.000350000 2
220 952 3 8192 2.000350000 2
220 580 3 8192 2.000350000 2
228 448 3 8192 2.000350000 2
228 448 3 8192 2.000350000 2
228 380 3 8192 2.000350000 2
228 1000 3 8192 2.000350000 2
228 628 3 8192 2.000350000 2
228 340 3 8192 2.000350000 2
228 844 3 8192 2.000350000 2
228 48 3 8192 2.000350000 2
232 448 3 8192 2.000350000 2
232 448 3 8192 2.000350000 2
232 1208 3 8192 2.000350000 2
232 884 3 8192 2.000350000 2
232 1048 3 8192 2.000350000 2
232 300 3 8192 2.000350000 2
232 1168 3 8192 2.000350000 2
232 952 3 8192 2.000350000 2
236 448 3 8192 2.000350000 2
236 448 3 8192 2.000350000 2
236 480 3 8192 2.000350000 2
236 828 3 8192 2.000350000 2
236 364 3 8192 2.000350000 2
236 620 3 8192 2.000350000 2
236 1156 3 8192 2.000350000 2
236 120 3 8192 2.000350000 2
240 448 3 8192 2.000350000 2
240 448 3 8192 2.000350000 2
240 704 3 8192 2.000350000 2
240 248 3 8192 2.000350000 2
240 628 3 8192 2.000350000 2
240 904 3 8192 2.000350000 2
240 772 3 8192 2.000350000 2
240 284 3 8192 2.000350000 2
244 448 3 8192 2.000350000 2
244 448 3 8192 2.000350000 2
244 136 3 8192 2.000350000 2
244 528 3 8192 2.000350000 2
244 300 3 8192 2.000350000 2
244 1208 3 8192 2.000350000 2
244 736 3 8192 2.000350000 2
244 596 3 8192 2.000350000 2
248 448 3 8192 2.000350000 2
248 448 3 8192 2.000350000 2
248 676 3 8192 2.000350000 2
248 1048 3 8192 2.000350000 2
248 0 3 8192 2.000350000 2
248 1132 3 8192 2.000350000 2
248 1212 3 8192 2.000350000 2
248 1036 3 8192 2.000350000 2
252 448 3 8192 2.000350000 2
252 448 3 8192 2.000350000 2
252 1212 3 8192 2.000350000 2
252 908 3 8192 2.000350000 2
252 1148 3 8192 2.000350000 2
252 988 3 8192 2.000350000 2
252 684 3 8192 2.000350000 2
252 132 3 8192 2.000350000 2
260 448 3 8192 2.000350000 2
260 448 3 8192 2.000350000 2
260 1148 3 8192 2.000350000 2
260 428 3 8192 2.000350000 2
260 200 3 8192 2.000350000 2
260 1196 3 8192 2.000350000 2
260 704 3 8192 2.000350000 2
260 1180 3 8192 2.000350000 2
268 448 3 8192 2.000350000 2
268 448 3 8192 2.000350000 2
268 64 3 8192 2.000350000 2
268 652 3 8192 2.000350000 2
268 1076 3 8192 2.000350000 2
268 180 3 8192 2.000350000 2
268 1040 3 8192 2.000350000 2
268 640 3 8192 2.000350000 2
272 448 3 8192 2.000350000 2
272 448 3 8192 2.000350000 2
272 684 3 8192 2.000350000 2
272 1068 3 8192 2.000350000 2
272 852 3 8192 2.000350000 2
272 304 3 8192 2.000350000 2
272 780 3 8192 2.000350000 2
272 156 3 8192 2.000350000 2
276 448 3 8192 2.000350000 2
276 448 3 8192 2.000350000 2
276 1220 3 8192 2.000350000 2
276 420 3 8192 2.000350000 2
276 272 3 8192 2.000350000 2
276 64 3 8192 2.000350000 2
276 456 3 8192 2.000350000 2
276 1136 3 8192 2.000350000 2
284 448 3 8192 2.000350000 2
284 448 3 8192 2.000350000 2
284 108 3 8192 2.000350000 2
284 88 3 8192 2.000350000 2
284 600 3 8192 2.000350000 2
284 276 3 8192 2.000350000 2
284 724 3 8192 2.000350000 2
284 480 3 8192 2.000350000 2
288 448 3 8192 2.000350000 2
288 448 3 8192 2.000350000 2
288 996 3 8192 2.000350000 2
288 464 3 8192 2.000350000 2
288 48 3 8192 2.000350000 2
288 140 3 8192 2.000350000 2
288 368 3 8192 2.000350000 2
288 1216 3 8192 2.000350000 2
300 448 3 8192 2.000350000 2
300 448 3 8192 2.000350000 2
300 1076 3 8192 2.000350000 2
300 400 3 8192 2.000350000 2
300 932 3 8192 2.000350000 2
300 100 3 8192 2.000350000 2
300 1156 3 8192 2.000350000 2
300 896 3 8192 2.000350000 2
304 448 3 8192 2.000350000 2
304 448 3 8192 2.000350000 2
304 64 3 8192 2.000350000 2
304 1256 3 8192 2.000350000 2
304 824 3 8192 2.000350000 2
304 184 3 8192 2.000350000 2
304 728 3 8192 2.000350000 2
304 1176 3 8192 2.000350000 2
308 448 3 8192 2.000350000 2
308 448 3 8192 2.000350000 2
308 344 3 8192 2.000350000 2
308 592 3 8192 2.000350000 2
308 696 3 8192 2.000350000 2
308 340 3 8192 2.000350000 2
308 1060 3 8192 2.000350000 2
308 216 3 8192 2.000350000 2
312 448 3 8192 2.000350000 2
312 448 3 8192 2.000350000 2
312 680 3 8192 2.000350000 2
312 372 3 8192 2.000350000 2
312 416 3 8192 2.000350000 2
312 1024 3 8192 2.000350000 2
312 692 3 8192 2.000350000 2
312 744 3 8192 2.000350000 2
320 448 3 8192 2.000350000 2
320 448 3 8192 2.000350000 2
320 12 3 8192 2.000350000 2
320 992 3 8192 2.000350000 2
320 896 3 8192 2.000350000 2
320 884 3 8192 2.000350000 2
320 752 3 8192 2.000350000 2
320 180 3 8192 2.000350000 2
324 448 3 8192 2.000350000 2
324 448 3 8192 2.000350000 2
324 880 3 8192 2.000350000 2
324 1192 3 8192 2.000350000 2
324 772 3 8192 2.000350000 2
324 1108 3 8192 2.000350000 2
324 1056 3 8192 2.000350000 2
324 964 3 8192 2.000350000 2
332 448 3 8192 2.000350000 2
332 448 3 8192 2.000350000 2
332 652 3 8192 2.000350000 2
332 408 3 8192 2.000350000 2
332 100 3 8192 2.000350000 2
332 132 3 8192 2.000350000 2
332 320 3 8192 2.000350000 2
332 284 3 8192 2.000350000 2
336 448 3 8192 2.000350000 2
336 448 3 8192 2.000350000 2
336 252 3 8192 2.000350000 2
336 904 3 8192 2.000350000 2
336 216 3 8192 2.000350000 2
336 1000 3 8192 2.000350000 2
336 184 3 8192 2.000350000 2
336 140 3 8192 2.000350000 2
340 448 3 8192 2.000350000 2
340 448 3 8192 2.000350000 2
340 1088 3 8192 2.000350000 2
340 1108 3 8192 2.000350000 2
340 764 3 8192 2.000350000 2
340 548 3 8192 2.000350000 2
340 632 3 8192 2.000350000 2
340 800 3 8192 2.000350000 2
344 448 3 8192 2.000350000 2
344 448 3 8192 2.000350000 2
344 556 3 8192 2.000350000 2
344 364 3 8192 2.000350000 2
344 816 3 8192 2.000350000 2
344 336 3 8192 2.000350000 2
344 820 3 8192 2.000350000 2
344 1108 3 8192 2.000350000 2
360 448 3 8192 2.000350000 2
360 448 3 8192 2.000350000 2
360 456 3 8192 2.000350000 2
360 80 3 8192 2.000350000 2
360 468 3 8192 2.000350000 2
360 432 3 8192 2.000350000 2
360 544 3 8192 2.000350000 2
360 300 3 8192 2.000350000 2
364 448 3 8192 2.000350000 2
364 448 3 8192 2.000350000 2
364 340 3 8192 2.000350000 2
364 1184 3 8192 2.000350000 2
364 1240 3 8192 2.000350000 2
364 828 3 8192 2.000350000 2
364 780 3 8192 2.000350000 2
364 476 3 8192 2.000350000 2
368 448 3 8192 2.000350000 2
368 448 3 8192 2.000350000 2
368 120 3 8192 2.000350000 2
368 532 3 8192 2.000350000 2
368 148 3 8192 2.000350000 2
368 1020 3 8192 2.000350000 2
368 1116 3 8192 2.000350000 2
368 892 3 8192 2.000350000 2
372 448 3 8192 2.000350000 2
372 448 3 8192 2.000350000 2
372 792 3 8192 2.000350000 2
372 952 3 8192 2.000350000 2
372 236 3 8192 2.000350000 2
372 52 3 8192 2.000350000 2
372 968 3 8192 2.000350000 2
372 648 3 8192 2.000350000 2
376 448 3 8192 2.000350000 2
376 448 3 8192 2.000350000 2
376 892 3 8192 2.000350000 2
376 636 3 8192 2.000350000 2
376 672 3 8192 2.000350000 2
376 1092 3 8192 2.000350000 2
376 620 3 8192 2.000350000 2
376 344 3 8192 2.000350000 2
380 448 3 8192 2.000350000 2
380 448 3 8192 2.000350000 2
380 1236 3 8192 2.000350000 2
380 484 3 8192 2.000350000 2
380 220 3 8192 2.000350000 2
380 928 3 8192 2.000350000 2
380 948 3 8192 2.000350000 2
380 964 3 8192 2.000350000 2
384 448 3 8192 2.000350000 2
384 448 3 8192 2.000350000 2
384 196 3 8192 2.000350000 2
384 716 3 8192 2.000350000 2
384 240 3 8192 2.000350000 2
384 556 3 8192 2.000350000 2
384 988 3 8192 2.000350000 2
384 752 3 8192 2.000350000 2
388 448 3 8192 2.000350000 2
388 448 3 8192 2.000350000 2
388 1264 3 8192 2.000350000 2
388 260 3 8192 2.000350000 2
388 1108 3 8192 2.000350000 2
388 508 3 8192 2.000350000 2
388 132 3 8192 2.000350000 2
388 220 3 8192 2.000350000 2
400 448 3 8192 2.000350000 2
400 448 3 8192 2.000350000 2
400 1216 3 8192 2.000350000 2
400 1116 3 8192 2.000350000 2
400 1104 3 8192 2.000350000 2
400 240 3 8192 2.000350000 2
400 1092 3 8192 2.000350000 2
400 696 3 8192 2.000350000 2
404 448 3 8192 2.000350000 2
404 448 3 8192 2.000350000 2
404 968 3 8192 2.000350000 2
404 1100 3 8192 2.000350000 2
404 1092 3 8192 2.000350000 2
404 556 3 8192 2.000350000 2
404 524 3 8192 2.000350000 2
404 188 3 8192 2.000350000 2
408 448 3 8192 2.000350000 2
408 448 3 8192 2.000350000 2
408 216 3 8192 2.000350000 2
408 64 3 8192 2.000350000 2
408 868 3 8192 2.000350000 2
408 180 3 8192 2.000350000 2
408 920 3 8192 2.000350000 2
408 588 3 8192 2.000350000 2
416 448 3 8192 2.000350000 2
416 448 3 8192 2.000350000 2
416 400 3 8192 2.000350000 2
416 628 3 8192 2.000350000 2
416 900 3 8192 2.000350000 2
416 1240 3 8192 2.000350000 2
416 1220 3 8192 2.000350000 2
416 1048 3 8192 2.000350000 2
420 448 3 8192 2.000350000 2
420 448 3 8192 2.000350000 2
420 452 3 8192 2.000350000 2
420 1164 3 8192 2.000350000 2
420 1088 3 8192 2.000350000 2
420 1076 3 8192 2.000350000 2
420 792 3 8192 2.000350000 2
420 744 3 8192 2.000350000 2
424 448 3 8192 2.000350000 2
424 448 3 8192 2.000350000 2
424 244 3 8192 2.000350000 2
424 1132 3 8192 2.000350000 2
424 388 3 8192 2.000350000 2
424 1184 3 8192 2.000350000 2
424 168 3 8192 2.000350000 2
424 216 3 8192 2.000350000 2
428 448 3 8192 2.000350000 2
428 448 3 8192 2.000350000 2
428 1048 3 8192 2.000350000 2
428 740 3 8192 2.000350000 2
428 900 3 8192 2.000350000 2
428 728 3 8192 2.000350000 2
428 1060 3 8192 2.000350000 2
428 1064 3 8192 2.000350000 2
432 448 3 8192 2.000350000 2
432 448 3 8192 2.000350000 2
432 484 3 8192 2.000350000 2
432 444 3 8192 2.000350000 2
432 976 3 8192 2.000350000 2
432 364 3 8192 2.000350000 2
432 220 3 8192 2.000350000 2
432 16 3 8192 2.000350000 2
436 448 3 8192 2.000350000 2
436 448 3 8192 2.000350000 2
436 524 3 8192 2.000350000 2
436 172 3 8192 2.000350000 2
436 448 3 8192 2.000350000 2
436 52 3 8192 2.000350000 2
436 1036 3 8192 2.000350000 2
436 236 3 8192 2.000350000 2
444 448 3 8192 2.000350000 2
444 448 3 8192 2.000350000 2
444 104 3 8192 2.000350000 2
444 768 3 8192 2.000350000 2
444 512 3 8192 2.000350000 2
444 644 3 8192 2.000350000 2
444 380 3 8192 2.000350000 2
444 952 3 8192 2.000350000 2
448 456 3 8192 2.000350000 2
448 476 3 8192 2.000350000 2
448 284 3 8192 2.000350000 2
448 1060 3 8192 2.000350000 2
448 1000 3 8192 2.000350000 2
448 1016 3 8192 2.000350000 2
448 888 3 8192 2.000350000 2
448 804 3 8192 2.000350000 2
452 448 3 8192 2.000350000 2
452 448 3 8192 2.000350000 2
452 928 3 8192 2.000350000 2
452 1184 3 8192 2.000350000 2
452 1004 3 8192 2.000350000 2
452 136 3 8192 2.000350000 2
452 512 3 8192 2.000350000 2
452 764 3 8192 2.000350000 2
456 448 3 8192 2.000350000 2
456 448 3 8192 2.000350000 2
456 408 3 8192 2.000350000 2
456 844 3 8192 2.000350000 2
456 612 3 8192 2.000350000 2
456 964 3 8192 2.000350000 2
456 1228 3 8192 2.000350000 2
456 808 3 8192 2.000350000 2
460 448 3 8192 2.000350000 2
460 448 3 8192 2.000350000 2
460 220 3 8192 2.000350000 2
460 988 3 8192 2.000350000 2
460 536 3 8192 2.000350000 2
460 372 3 8192 2.000350000 2
460 984 3 8192 2.000350000 2
460 756 3 8192 2.000350000 2
464 448 3 8192 2.000350000 2
464 448 3 8192 2.000350000 2
464 488 3 8192 2.000350000 2
464 824 3 8192 2.000350000 2
464 1224 3 8192 2.000350000 2
464 108 3 8192 2.000350000 2
464 748 3 8192 2.000350000 2
464 480 3 8192 2.000350000 2
468 448 3 8192 2.000350000 2
468 448 3 8192 2.000350000 2
468 584 3 8192 2.000350000 2
468 808 3 8192 2.000350000 2
468 80 3 8192 2.000350000 2
468 924 3 8192 2.000350000 2
468 544 3 8192 2.000350000 2
468 1008 3 8192 2.000350000 2
476 448 3 8192 2.000350000 2
476 448 3 8192 2.000350000 2
476 80 3 8192 2.000350000 2
476 380 3 8192 2.000350000 2
476 720 3 8192 2.000350000 2
476 624 3 8192 2.000350000 2
476 140 3 8192 2.000350000 2
476 536 3 8192 2.000350000 2
480 448 3 8192 2.000350000 2
480 448 3 8192 2.000350000 2
480 140 3 8192 2.000350000 2
480 640 3 8192 2.000350000 2
480 448 3 8192 2.000350000 2
480 104 3 8192 2.000350000 2
480 372 3 8192 2.000350000 2
480 1168 3 8192 2.000350000 2
484 448 3 8192 2.000350000 2
484 448 3 8192 2.000350000 2
484 1184 3 8192 2.000350000 2
484 580 3 8192 2.000350000 2
484 232 3 8192 2.000350000 2
484 844 3 8192 2.000350000 2
484 384 3 8192 2.000350000 2
484 172 3 8192 2.000350000 2
488 448 3 8192 2.000350000 2
488 448 3 8192 2.000350000 2
488 768 3 8192 2.000350000 2
488 548 3 8192 2.000350000 2
488 740 3 8192 2.000350000 2
488 1168 3 8192 2.000350000 2
488 720 3 8192 2.000350000 2
488 1276 3 8192 2.000350000 2
496 448 3 8192 2.000350000 2
496 448 3 8192 2.000350000 2
496 340 3 8192 2.000350000 2
496 200 3 8192 2.000350000 2
496 576 3 8192 2.000350000 2
496 324 3 8192 2.000350000 2
496 728 3 8192 2.000350000 2
496 1192 3 8192 2.000350000 2
500 448 3 8192 2.000350000 2
500 448 3 8192 2.000350000 2
500 896 3 8192 2.000350000 2
500 40 3 8192 2.000350000 2
500 736 3 8192 2.000350000 2
500 1244 3 8192 2.000350000 2
500 1228 3 8192 2.000350000 2
500 1128 3 8192 2.000350000 2
508 448 3 8192 2.000350000 2
508 448 3 8192 2.000350000 2
508 216 3 8192 2.000350000 2
508 88 3 8192 2.000350000 2
508 1036 3 8192 2.000350000 2
508 808 3 8192 2.000350000 2
508 1128 3 8192 2.000350000 2
508 728 3 8192 2.000350000 2
512 448 3 8192 2.000350000 2
512 448 3 8192 2.000350000 2
512 448 3 8192 2.000350000 2
512 888 3 8192 2.000350000 2
512 580 3 8192 2.000350000 2
512 776 3 8192 2.000350000 2
512 1200 3 8192 2.000350000 2
512 536 3 8192 2.000350000 2
516 448 3 8192 2.000350000 2
516 448 3 8192 2.000350000 2
516 508 3 8192 2.000350000 2
516 332 3 8192 2.000350000 2
516 588 3 8192 2.000350000 2
516 884 3 8192 2.000350000 2
516 1216 3 8192 2.000350000 2
516 856 3 8192 2.000350000 2
524 448 3 8192 2.000350000 2
524 448 3 8192 2.000350000 2
524 184 3 8192 2.000350000 2
524 148 3 8192 2.000350000 2
524 616 3 8192 2.000350000 2
524 64 3 8192 2.000350000 2
524 272 3 8192 2.000350000 2
524 1036 3 8192 2.000350000 2
528 448 3 8192 2.000350000 2
528 448 3 8192 2.000350000 2
528 288 3 8192 2.000350000 2
528 200 3 8192 2.000350000 2
528 496 3 8192 2.000350000 2
528 1036 3 8192 2.000350000 2
528 272 3 8192 2.000350000 2
528 868 3 8192 2.000350000 2
532 448 3 8192 2.000350000 2
532 448 3 8192 2.000350000 2
532 1020 3 8192 2.000350000 2
532 52 3 8192 2.000350000 2
532 12 3 8192 2.000350000 2
532 1032 3 8192 2.000350000 2
532 940 3 8192 2.000350000 2
532 0 3 8192 2.000350000 2
536 448 3 8192 2.000350000 2
536 448 3 8192 2.000350000 2
536 1268 3 8192 2.000350000 2
536 216 3 8192 2.000350000 2
536 496 3 8192 2.000350000 2
536 740 3 8192 2.000350000 2
536 508 3 8192 2.000350000 2
536 1256 3 8192 2.000350000 2
544 448 3 8192 2.000350000 2
544 448 3 8192 2.000350000 2
544 336 3 8192 2.000350000 2
544 780 3 8192 2.000350000 2
544 684 3 8192 2.000350000 2
544 444 3 8192 2.000350000 2
544 500 3 8192 2.000350000 2
544 632 3 8192 2.000350000 2
548 448 3 8192 2.000350000 2
548 448 3 8192 2.000350000 2
548 852 3 8192 2.000350000 2
548 176 3 8192 2.000350000 2
548 308 3 8192 2.000350000 2
548 508 3 8192 2.000350000 2
548 948 3 8192 2.000350000 2
548 344 3 8192 2.000350000 2
556 448 3 8192 2.000350000 2
556 448 3 8192 2.000350000 2
556 1216 3 8192 2.000350000 2
556 180 3 8192 2.000350000 2
556 716 3 8192 2.000350000 2
556 404 3 8192 2.000350000 2
556 860 3 8192 2.000350000 2
556 1180 3 8192 2.000350000 2
560 448 3 8192 2.000350000 2
560 448 3 8192 2.000350000 2
560 1244 3 8192 2.000350000 2
560 1116 3 8192 2.000350000 2
560 632 3 8192 2.000350000 2
560 844 3 8192 2.000350000 2
560 180 3 8192 2.000350000 2
560 156 3 8192 2.000350000 2
564 448 3 8192 2.000350000 2
564 448 3 8192 2.000350000 2
564 284 3 8192 2.000350000 2
564 712 3 8192 2.000350000 2
564 1032 3 8192 2.000350000 2
564 732 3 8192 2.000350000 2
564 100 3 8192 2.000350000 2
564 964 3 8192 2.000350000 2
572 448 3 8192 2.000350000 2
572 448 3 8192 2.000350000 2
572 284 3 8192 2.000350000 2
572 620 3 8192 2.000350000 2
572 1116 3 8192 2.000350000 2
572 28 3 8192 2.000350000 2
572 824 3 8192 2.000350000 2
572 96 3 8192 2.000350000 2
576 448 3 8192 2.000350000 2
576 448 3 8192 2.000350000 2
576 464 3 8192 2.000350000 2
576 1216 3 8192 2.000350000 2
576 768 3 8192 2.000350000 2
576 1192 3 8192 2.000350000 2
576 600 3 8192 2.000350000 2
576 460 3 8192 2.000350000 2
580 448 3 8192 2.000350000 2
580 448 3 8192 2.000350000 2
580 1100 3 8192 2.000350000 2
580 860 3 8192 2.000350000 2
580 712 3 8192 2.000350000 2
580 820 3 8192 2.000350000 2
580 136 3 8192 2.000350000 2
580 20 3 8192 2.000350000 2
584 448 3 8192 2.000350000 2
584 448 3 8192 2.000350000 2
584 288 3 8192 2.000350000 2
584 284 3 8192 2.000350000 2
584 1140 3 8192 2.000350000 2
584 1112 3 8192 2.000350000 2
584 528 3 8192 2.000350000 2
584 100 3 8192 2.000350000 2
588 448 3 8192 2.000350000 2
588 448 3 8192 2.000350000 2
588 900 3 8192 2.000350000 2
588 736 3 8192 2.000350000 2
588 184 3 8192 2.000350000 2
588 452 3 8192 2.000350000 2
588 832 3 8192 2.000350000 2
588 724 3 8192 2.000350000 2
592 448 3 8192 2.000350000 2
592 448 3 8192 2.000350000 2
592 988 3 8192 2.000350000 2
592 88 3 8192 2.000350000 2
592 456 3 8192 2.000350000 2
592 384 3 8192 2.000350000 2
592 80 3 8192 2.000350000 2
592 932 3 8192 2.000350000 2
596 448 3 8192 2.000350000 2
596 448 3 8192 2.000350000 2
596 516 3 8192 2.000350000 2
596 940 3 8192 2.000350000 2
596 984 3 8192 2.000350000 2
596 852 3 8192 2.000350000 2
596 1132 3 8192 2.000350000 2
596 1276 3 8192 2.000350000 2
600 448 3 8192 2.000350000 2
600 448 3 8192 2.000350000 2
600 984 3 8192 2.000350000 2
600 148 3 8192 2.000350000 2
600 156 3 8192 2.000350000 2
600 340 3 8192 2.000350000 2
600 712 3 8192 2.000350000 2
600 748 3 8192 2.000350000 2
612 448 3 8192 2.000350000 2
612 448 3 8192 2.000350000 2
612 1168 3 8192 2.000350000 2
612 652 3 8192 2.000350000 2
612 864 3 8192 2.000350000 2
612 304 3 8192 2.000350000 2
612 1128 3 8192 2.000350000 2
612 1164 3 8192 2.000350000 2
616 448 3 8192 2.000350000 2
616 448 3 8192 2.000350000 2
616 672 3 8192 2.000350000 2
616 644 3 8192 2.000350000 2
616 20 3 8192 2.000350000 2
616 1212 3 8192 2.000350000 2
616 304 3 8192 2.000350000 2
616 728 3 8192 2.000350000 2
620 448 3 8192 2.000350000 2
620 448 3 8192 2.000350000 2
620 1264 3 8192 2.000350000 2
620 1040 3 8192 2.000350000 2
620 432 3 8192 2.000350000 2
620 508 3 8192 2.000350000 2
620 720 3 8192 2.000350000 2
620 672 3 8192 2.000350000 2
624 448 3 8192 2.000350000 2
624 448 3 8192 2.000350000 2
624 140 3 8192 2.000350000 2
624 528 3 8192 2.000350000 2
624 1140 3 8192 2.000350000 2
624 804 3 8192 2.000350000 2
624 1168 3 8192 2.000350000 2
624 680 3 8192 2.000350000 2
628 448 3 8192 2.000350000 2
628 448 3 8192 2.000350000 2
628 52 3 8192 2.000350000 2
628 928 3 8192 2.000350000 2
628 720 3 8192 2.000350000 2
628 192 3 8192 2.000350000 2
628 1076 3 8192 2.000350000 2
628 8 3 8192 2.000350000 2
632 448 3 8192 2.000350000 2
632 448 3 8192 2.000350000 2
632 240 3 8192 2.000350000 2
632 588 3 8192 2.000350000 2
632 984 3 8192 2.000350000 2
632 8 3 8192 2.000350000 2
632 1084 3 8192 2.000350000 2
632 516 3 8192 2.000350000 2
636 448 3 8192 2.000350000 2
636 448 3 8192 2.000350000 2
636 468 3 8192 2.000350000 2
636 600 3 8192 2.000350000 2
636 12 3 8192 2.000350000 2
636 728 3 8192 2.000350000 2
636 996 3 8192 2.000350000 2
636 744 3 8192 2.000350000 2
640 448 3 8192 2.000350000 2
640 448 3 8192 2.000350000 2
640 1136 3 8192 2.000350000 2
640 544 3 8192 2.000350000 2
640 556 3 8192 2.000350000 2
640 788 3 8192 2.000350000 2
640 764 3 8192 2.000350000 2
640 288 3 8192 2.000350000 2
644 448 3 8192 2.000350000 2
644 448 3 8192 2.000350000 2
644 1132 3 8192 2.000350000 2
644 844 3 8192 2.000350000 2
644 1140 3 8192 2.000350000 2
644 220 3 8192 2.000350000 2
644 1032 3 8192 2.000350000 2
644 252 3 8192 2.000350000 2
648 448 3 8192 2.000350000 2
648 448 3 8192 2.000350000 2
648 700 3 8192 2.000350000 2
648 624 3 8192 2.000350000 2
648 764 3 8192 2.000350000 2
648 632 3 8192 2.000350000 2
648 288 3 8192 2.000350000 2
648 1220 3 8192 2.000350000 2
652 448 3 8192 2.000350000 2
652 448 3 8192 2.000350000 2
652 88 3 8192 2.000350000 2
652 672 3 8192 2.000350000 2
652 1212 3 8192 2.000350000 2
652 572 3 8192 2.000350000 2
652 284 3 8192 2.000350000 2
652 1056 3 8192 2.000350000 2
668 448 3 8192 2.000350000 2
668 448 3 8192 2.000350000 2
668 868 3 8192 2.000350000 2
668 384 3 8192 2.000350000 2
668 816 3 8192 2.000350000 2
668 1120 3 8192 2.000350000 2
668 1196 3 8192 2.000350000 2
668 444 3 8192 2.000350000 2
672 448 3 8192 2.000350000 2
672 448 3 8192 2.000350000 2
672 1144 3 8192 2.000350000 2
672 248 3 8192 2.000350000 2
672 716 3 8192 2.000350000 2
672 612 3 8192 2.000350000 2
672 1156 3 8192 2.000350000 2
672 1184 3 8192 2.000350000 2
676 448 3 8192 2.000350000 2
676 448 3 8192 2.000350000 2
676 424 3 8192 2.000350000 2
676 672 3 8192 2.000350000 2
676 836 3 8192 2.000350000 2
676 388 3 8192 2.000350000 2
676 500 3 8192 2.000350000 2
676 192 3 8192 2.000350000 2
680 448 3 8192 2.000350000 2
680 448 3 8192 2.000350000 2
680 1200 3 8192 2.000350000 2
680 712 3 8192 2.000350000 2
680 252 3 8192 2.000350000 2
680 268 3 8192 2.000350000 2
680 1172 3 8192 2.000350000 2
680 92 3 8192 2.000350000 2
684 448 3 8192 2.000350000 2
684 448 3 8192 2.000350000 2
684 1056 3 8192 2.000350000 2
684 196 3 8192 2.000350000 2
684 308 3 8192 2.000350000 2
684 836 3 8192 2.000350000 2
684 484 3 8192 2.000350000 2
684 1096 3 8192 2.000350000 2
692 448 3 8192 2.000350000 2
692 448 3 8192 2.000350000 2
692 176 3 8192 2.000350000 2
692 1200 3 8192 2.000350000 2
692 1212 3 8192 2.000350000 2
692 564 3 8192 2.000350000 2
692 484 3 8192 2.000350000 2
692 776 3 8192 2.000350000 2
696 448 3 8192 2.000350000 2
696 448 3 8192 2.000350000 2
696 900 3 8192 2.000350000 2
696 1244 3 8192 2.000350000 2
696 148 3 8192 2.000350000 2
696 940 3 8192 2.000350000 2
696 136 3 8192 2.000350000 2
696 712 3 8192 2.000350000 2
700 448 3 8192 2.000350000 2
700 448 3 8192 2.000350000 2
700 84 3 8192 2.000350000 2
700 588 3 8192 2.000350000 2
700 364 3 8192 2.000350000 2
700 652 3 8192 2.000350000 2
700 408 3 8192 2.000350000 2
700 500 3 8192 2.000350000 2
704 448 3 8192 2.000350000 2
704 448 3 8192 2.000350000 2
704 952 3 8192 2.000350000 2
704 584 3 8192 2.000350000 2
704 252 3 8192 2.000350000 2
704 924 3 8192 2.000350000 2
704 1264 3 8192 2.000350000 2
704 524 3 8192 2.000350000 2
712 448 3 8192 2.000350000 2
712 448 3 8192 2.000350000 2
712 304 3 8192 2.000350000 2
712 332 3 8192 2.000350000 2
712 1200 3 8192 2.000350000 2
712 52 3 8192 2.000350000 2
712 848 3 8192 2.000350000 2
712 1132 3 8192 2.000350000 2
716 448 3 8192 2.000350000 2
716 448 3 8192 2.000350000 2
716 312 3 8192 2.000350000 2
716 676 3 8192 2.000350000 2
716 372 3 8192 2.000350000 2
716 1020 3 8192 2.000350000 2
716 856 3 8192 2.000350000 2
716 860 3 8192 2.000350000 2
720 448 3 8192 2.000350000 2
720 448 3 8192 2.000350000 2
720 88 3 8192 2.000350000 2
720 456 3 8192 2.000350000 2
720 640 3 8192 2.000350000 2
720 628 3 8192 2.000350000 2
720 1228 3 8192 2.000350000 2
720 828 3 8192 2.000350000 2
724 448 3 8192 2.000350000 2
724 448 3 8192 2.000350000 2
724 368 3 8192 2.000350000 2
724 924 3 8192 2.000350000 2
724 336 3 8192 2.000350000 2
724 424 3 8192 2.000350000 2
724 968 3 8192 2.000350000 2
724 936 3 8192 2.000350000 2
728 448 3 8192 2.000350000 2
728 448 3 8192 2.000350000 2
728 1108 3 8192 2.000350000 2
728 744 3 8192 2.000350000 2
728 696 3 8192 2.000350000 2
728 1092 3 8192 2.000350000 2
728 516 3 8192 2.000350000 2
728 44 3 8192 2.000350000 2
732 448 3 8192 2.000350000 2
732 448 3 8192 2.000350000 2
732 1128 3 8192 2.000350000 2
732 12 3 8192 2.000350000 2
732 20 3 8192 2.000350000 2
732 1096 3 8192 2.000350000 2
732 1084 3 8192 2.000350000 2
732 360 3 8192 2.000350000 2
736 448 3 8192 2.000350000 2
736 448 3 8192 2.000350000 2
736 1032 3 8192 2.000350000 2
736 300 3 8192 2.000350000 2
736 1096 3 8192 2.000350000 2
736 340 3 8192 2.000350000 2
736 1216 3 8192 2.000350000 2
736 432 3 8192 2.000350000 2
740 448 3 8192 2.000350000 2
740 448 3 8192 2.000350000 2
740 1132 3 8192 2.000350000 2
740 832 3 8192 2.000350000 2
740 1136 3 8192 2.000350000 2
740 632 3 8192 2.000350000 2
740 888 3 8192 2.000350000 2
740 220 3 8192 2.000350000 2
744 448 3 8192 2.000350000 2
744 448 3 8192 2.000350000 2
744 12 3 8192 2.000350000 2
744 880 3 8192 2.000350000 2
744 676 3 8192 2.000350000 2
744 1132 3 8192 2.000350000 2
744 312 3 8192 2.000350000 2
744 388 3 8192 2.000350000 2
748 448 3 8192 2.000350000 2
748 448 3 8192 2.000350000 2
748 1216 3 8192 2.000350000 2
748 600 3 8192 2.000350000 2
748 176 3 8192 2.000350000 2
748 1188 3 8192 2.000350000 2
748 652 3 8192 2.000350000 2
748 592 3 8192 2.000350000 2
752 448 3 8192 2.000350000 2
752 448 3 8192 2.000350000 2
752 40 3 8192 2.000350000 2
752 336 3 8192 2.000350000 2
752 696 3 8192 2.000350000 2
752 284 3 8192 2.000350000 2
752 564 3 8192 2.000350000 2
752 300 3 8192 2.000350000 2
756 448 3 8192 2.000350000 2
756 448 3 8192 2.000350000 2
756 744 3 8192 2.000350000 2
756 940 3 8192 2.000350000 2
756 1220 3 8192 2.000350000 2
756 948 3 8192 2.000350000 2
756 740 3 8192 2.000350000 2
756 880 3 8192 2.000350000 2
764 448 3 8192 2.000350000 2
764 448 3 8192 2.000350000 2
764 848 3 8192 2.000350000 2
764 816 3 8192 2.000350000 2
764 384 3 8192 2.000350000 2
764 840 3 8192 2.000350000 2
764 680 3 8192 2.000350000 2
764 1032 3 8192 2.000350000 2
768 448 3 8192 2.000350000 2
768 448 3 8192 2.000350000 2
768 780 3 8192 2.000350000 2
768 420 3 8192 2.000350000 2
768 1196 3 8192 2.000350000 2
768 372 3 8192 2.000350000 2
768 992 3 8192 2.000350000 2
768 892 3 8192 2.000350000 2
772 448 3 8192 2.000350000 2
772 448 3 8192 2.000350000 2
772 576 3 8192 2.000350000 2
772 132 3 8192 2.000350000 2
772 896 3 8192 2.000350000 2
772 828 3 8192 2.000350000 2
772 564 3 8192 2.000350000 2
772 1012 3 8192 2.000350000 2
776 448 3 8192 2.000350000 2
776 448 3 8192 2.000350000 2
776 1096 3 8192 2.000350000 2
776 0 3 8192 2.000350000 2
776 716 3 8192 2.000350000 2
776 592 3 8192 2.000350000 2
776 860 3 8192 2.000350000 2
776 1140 3 8192 2.000350000 2
780 448 3 8192 2.000350000 2
780 448 3 8192 2.000350000 2
780 652 3 8192 2.000350000 2
780 408 3 8192 2.000350000 2
780 732 3 8192 2.000350000 2
780 1092 3 8192 2.000350000 2
780 836 3 8192 2.000350000 2
780 868 3 8192 2.000350000 2
788 448 3 8192 2.000350000 2
788 448 3 8192 2.000350000 2
788 1184 3 8192 2.000350000 2
788 768 3 8192 2.000350000 2
788 596 3 8192 2.000350000 2
788 820 3 8192 2.000350000 2
788 840 3 8192 2.000350000 2
788 1208 3 8192 2.000350000 2
792 448 3 8192 2.000350000 2
792 448 3 8192 2.000350000 2
792 132 3 8192 2.000350000 2
792 1216 3 8192 2.000350000 2
792 640 3 8192 2.000350000 2
792 200 3 8192 2.000350000 2
792 524 3 8192 2.000350000 2
792 804 3 8192 2.000350000 2
800 448 3 8192 2.000350000 2
800 448 3 8192 2.000350000 2
800 304 3 8192 2.000350000 2
800 512 3 8192 2.000350000 2
800 200 3 8192 2.000350000 2
800 616 3 8192 2.000350000 2
800 488 3 8192 2.000350000 2
800 828 3 8192 2.000350000 2
804 448 3 8192 2.000350000 2
804 448 3 8192 2.000350000 2
804 548 3 8192 2.000350000 2
804 800 3 8192 2.000350000 2
804 1136 3 8192 2.000350000 2
804 252 3 8192 2.000350000 2
804 300 3 8192 2.000350000 2
804 1184 3 8192 2.000350000 2
808 448 3 8192 2.000350000 2
808 448 3 8192 2.000350000 2
808 616 3 8192 2.000350000 2
808 340 3 8192 2.000350000 2
808 904 3 8192 2.000350000 2
808 732 3 8192 2.000350000 2
808 424 3 8192 2.000350000 2
808 968 3 8192 2.000350000 2
816 448 3 8192 2.000350000 2
816 448 3 8192 2.000350000 2
816 332 3 8192 2.000350000 2
816 40 3 8192 2.000350000 2
816 156 3 8192 2.000350000 2
816 1056 3 8192 2.000350000 2
816 744 3 8192 2.000350000 2
816 716 3 8192 2.000350000 2
820 448 3 8192 2.000350000 2
820 448 3 8192 2.000350000 2
820 880 3 8192 2.000350000 2
820 1132 3 8192 2.000350000 2
820 1244 3 8192 2.000350000 2
820 936 3 8192 2.000350000 2
820 828 3 8192 2.000350000 2
820 1180 3 8192 2.000350000 2
824 448 3 8192 2.000350000 2
824 448 3 8192 2.000350000 2
824 1184 3 8192 2.000350000 2
824 1008 3 8192 2.000350000 2
824 1264 3 8192 2.000350000 2
824 648 3 8192 2.000350000 2
824 676 3 8192 2.000350000 2
824 488 3 8192 2.000350000 2
828 448 3 8192 2.000350000 2
828 448 3 8192 2.000350000 2
828 80 3 8192 2.000350000 2
828 576 3 8192 2.000350000 2
828 1176 3 8192 2.000350000 2
828 752 3 8192 2.000350000 2
828 424 3 8192 2.000350000 2
828 148 3 8192 2.000350000 2
832 448 3 8192 2.000350000 2
832 448 3 8192 2.000350000 2
832 1164 3 8192 2.000350000 2
832 852 3 8192 2.000350000 2
832 1148 3 8192 2.000350000 2
832 384 3 8192 2.000350000 2
832 244 3 8192 2.000350000 2
832 632 3 8192 2.000350000 2
836 448 3 8192 2.000350000 2
836 448 3 8192 2.000350000 2
836 88 3 8192 2.000350000 2
836 136 3 8192 2.000350000 2
836 372 3 8192 2.000350000 2
836 696 3 8192 2.000350000 2
836 672 3 8192 2.000350000 2
836 480 3 8192 2.000350000 2
840 448 3 8192 2.000350000 2
840 448 3 8192 2.000350000 2
840 1104 3 8192 2.000350000 2
840 192 3 8192 2.000350000 2
840 240 3 8192 2.000350000 2
840 1276 3 8192 2.000350000 2
840 1160 3 8192 2.000350000 2
840 668 3 8192 2.000350000 2
844 448 3 8192 2.000350000 2
844 448 3 8192 2.000350000 2
844 1032 3 8192 2.000350000 2
844 1128 3 8192 2.000350000 2
844 624 3 8192 2.000350000 2
844 496 3 8192 2.000350000 2
844 588 3 8192 2.000350000 2
844 1008 3 8192 2.000350000 2
848 448 3 8192 2.000350000 2
848 448 3 8192 2.000350000 2
848 1088 3 8192 2.000350000 2
848 524 3 8192 2.000350000 2
848 1024 3 8192 2.000350000 2
848 1048 3 8192 2.000350000 2
848 612 3 8192 2.000350000 2
848 716 3 8192 2.000350000 2
852 448 3 8192 2.000350000 2
852 448 3 8192 2.000350000 2
852 160 3 8192 2.000350000 2
852 272 3 8192 2.000350000 2
852 1168 3 8192 2.000350000 2
852 500 3 8192 2.000350000 2
852 1268 3 8192 2.000350000 2
852 136 3 8192 2.000350000 2
856 448 3 8192 2.000350000 2
856 448 3 8192 2.000350000 2
856 892 3 8192 2.000350000 2
856 560 3 8192 2.000350000 2
856 860 3 8192 2.000350000 2
856 96 3 8192 2.000350000 2
856 400 3 8192 2.000350000 2
856 184 3 8192 2.000350000 2
860 448 3 8192 2.000350000 2
860 448 3 8192 2.000350000 2
860 1008 3 8192 2.000350000 2
860 824 3 8192 2.000350000 2
860 624 3 8192 2.000350000 2
860 308 3 8192 2.000350000 2
860 840 3 8192 2.000350000 2
860 248 3 8192 2.000350000 2
864 448 3 8192 2.000350000 2
864 448 3 8192 2.000350000 2
864 1156 3 8192 2.000350000 2
864 1060 3 8192 2.000350000 2
864 160 3 8192 2.000350000 2
864 920 3 8192 2.000350000 2
864 740 3 8192 2.000350000 2
864 56 3 8192 2.000350000 2
868 448 3 8192 2.000350000 2
868 448 3 8192 2.000350000 2
868 920 3 8192 2.000350000 2
868 384 3 8192 2.000350000 2
868 1200 3 8192 2.000350000 2
868 700 3 8192 2.000350000 2
868 892 3 8192 2.000350000 2
868 1024 3 8192 2.000350000 2
880 448 3 8192 2.000350000 2
880 448 3 8192 2.000350000 2
880 624 3 8192 2.000350000 2
880 924 3 8192 2.000350000 2
880 1144 3 8192 2.000350000 2
880 1128 3 8192 2.000350000 2
880 572 3 8192 2.000350000 2
880 140 3 8192 2.000350000 2
884 448 3 8192 2.000350000 2
884 448 3 8192 2.000350000 2
884 704 3 8192 2.000350000 2
884 420 3 8192 2.000350000 2
884 228 3 8192 2.000350000 2
884 1176 3 8192 2.000350000 2
884 768 3 8192 2.000350000 2
884 360 3 8192 2.000350000 2
888 448 3 8192 2.000350000 2
888 448 3 8192 2.000350000 2
888 452 3 8192 2.000350000 2
888 1080 3 8192 2.000350000 2
888 136 3 8192 2.000350000 2
888 752 3 8192 2.000350000 2
888 404 3 8192 2.000350000 2
888 1228 3 8192 2.000350000 2
892 448 3 8192 2.000350000 2
892 448 3 8192 2.000350000 2
892 480 3 8192 2.000350000 2
892 308 3 8192 2.000350000 2
892 988 3 8192 2.000350000 2
892 884 3 8192 2.000350000 2
892 248 3 8192 2.000350000 2
892 184 3 8192 2.000350000 2
896 448 3 8192 2.000350000 2
896 448 3 8192 2.000350000 2
896 804 3 8192 2.000350000 2
896 924 3 8192 2.000350000 2
896 1084 3 8192 2.000350000 2
896 560 3 8192 2.000350000 2
896 680 3 8192 2.000350000 2
896 424 3 8192 2.000350000 2
900 448 3 8192 2.000350000 2
900 448 3 8192 2.000350000 2
900 424 3 8192 2.000350000 2
900 640 3 8192 2.000350000 2
900 480 3 8192 2.000350000 2
900 564 3 8192 2.000350000 2
900 1156 3 8192 2.000350000 2
900 600 3 8192 2.000350000 2
904 448 3 8192 2.000350000 2
904 448 3 8192 2.000350000 2
904 668 3 8192 2.000350000 2
904 1256 3 8192 2.000350000 2
904 800 3 8192 2.000350000 2
904 896 3 8192 2.000350000 2
904 704 3 8192 2.000350000 2
904 384 3 8192 2.000350000 2
908 448 3 8192 2.000350000 2
908 448 3 8192 2.000350000 2
908 196 3 8192 2.000350000 2
908 1176 3 8192 2.000350000 2
908 476 3 8192 2.000350000 2
908 1156 3 8192 2.000350000 2
908 824 3 8192 2.000350000 2
908 32 3 8192 2.000350000 2
916 448 3 8192 2.000350000 2
916 448 3 8192 2.000350000 2
916 1128 3 8192 2.000350000 2
916 64 3 8192 2.000350000 2
916 112 3 8192 2.000350000 2
916 0 3 8192 2.000350000 2
916 500 3 8192 2.000350000 2
916 220 3 8192 2.000350000 2
920 448 3 8192 2.000350000 2
920 448 3 8192 2.000350000 2
920 1152 3 8192 2.000350000 2
920 964 3 8192 2.000350000 2
920 1076 3 8192 2.000350000 2
920 636 3 8192 2.000350000 2
920 1160 3 8192 2.000350000 2
920 148 3 8192 2.000350000 2
924 448 3 8192 2.000350000 2
924 448 3 8192 2.000350000 2
924 524 3 8192 2.000350000 2
924 900 3 8192 2.000350000 2
924 360 3 8192 2.000350000 2
924 288 3 8192 2.000350000 2
924 672 3 8192 2.000350000 2
924 112 3 8192 2.000350000 2
928 448 3 8192 2.000350000 2
928 448 3 8192 2.000350000 2
928 376 3 8192 2.000350000 2
928 936 3 8192 2.000350000 2
928 32 3 8192 2.000350000 2
928 260 3 8192 2.000350000 2
928 48 3 8192 2.000350000 2
928 120 3 8192 2.000350000 2
932 448 3 8192 2.000350000 2
932 448 3 8192 2.000350000 2
932 1184 3 8192 2.000350000 2
932 1084 3 8192 2.000350000 2
932 1128 3 8192 2.000350000 2
932 976 3 8192 2.000350000 2
932 780 3 8192 2.000350000 2
932 404 3 8192 2.000350000 2
936 448 3 8192 2.000350000 2
936 448 3 8192 2.000350000 2
936 496 3 8192 2.000350000 2
936 916 3 8192 2.000350000 2
936 528 3 8192 2.000350000 2
936 864 3 8192 2.000350000 2
936 96 3 8192 2.000350000 2
936 456 3 8192 2.000350000 2
940 448 3 8192 2.000350000 2
940 448 3 8192 2.000350000 2
940 1116 3 8192 2.000350000 2
940 496 3 8192 2.000350000 2
940 816 3 8192 2.000350000 2
940 260 3 8192 2.000350000 2
940 44 3 8192 2.000350000 2
940 936 3 8192 2.000350000 2
948 448 3 8192 2.000350000 2
948 448 3 8192 2.000350000 2
948 232 3 8192 2.000350000 2
948 580 3 8192 2.000350000 2
948 100 3 8192 2.000350000 2
948 1092 3 8192 2.000350000 2
948 816 3 8192 2.000350000 2
948 884 3 8192 2.000350000 2
952 448 3 8192 2.000350000 2
952 448 3 8192 2.000350000 2
952 220 3 8192 2.000350000 2
952 724 3 8192 2.000350000 2
952 996 3 8192 2.000350000 2
952 1036 3 8192 2.000350000 2
952 1236 3 8192 2.000350000 2
952 1208 3 8192 2.000350000 2
964 448 3 8192 2.000350000 2
964 448 3 8192 2.000350000 2
964 532 3 8192 2.000350000 2
964 1112 3 8192 2.000350000 2
964 928 3 8192 2.000350000 2
964 1076 3 8192 2.000350000 2
964 644 3 8192 2.000350000 2
964 500 3 8192 2.000350000 2
968 448 3 8192 2.000350000 2
968 448 3 8192 2.000350000 2
968 1132 3 8192 2.000350000 2
968 1276 3 8192 2.000350000 2
968 160 3 8192 2.000350000 2
968 200 3 8192 2.000350000 2
968 92 3 8192 2.000350000 2
968 1060 3 8192 2.000350000 2
976 448 3 8192 2.000350000 2
976 448 3 8192 2.000350000 2
976 384 3 8192 2.000350000 2
976 1120 3 8192 2.000350000 2
976 620 3 8192 2.000350000 2
976 52 3 8192 2.000350000 2
976 548 3 8192 2.000350000 2
976 1020 3 8192 2.000350000 2
984 448 3 8192 2.000350000 2
984 448 3 8192 2.000350000 2
984 1000 3 8192 2.000350000 2
984 1092 3 8192 2.000350000 2
984 232 3 8192 2.000350000 2
984 1136 3 8192 2.000350000 2
984 680 3 8192 2.000350000 2
984 584 3 8192 2.000350000 2
988 448 3 8192 2.000350000 2
988 448 3 8192 2.000350000 2
988 908 3 8192 2.000350000 2
988 1004 3 8192 2.000350000 2
988 188 3 8192 2.000350000 2
988 284 3 8192 2.000350000 2
988 600 3 8192 2.000350000 2
988 848 3 8192 2.000350000 2
992 448 3 8192 2.000350000 2
992 448 3 8192 2.000350000 2
992 852 3 8192 2.000350000 2
992 100 3 8192 2.000350000 2
992 148 3 8192 2.000350000 2
992 340 3 8192 2.000350000 2
992 216 3 8192 2.000350000 2
992 96 3 8192 2.000350000 2
996 448 3 8192 2.000350000 2
996 448 3 8192 2.000350000 2
996 44 3 8192 2.000350000 2
996 576 3 8192 2.000350000 2
996 484 3 8192 2.000350000 2
996 780 3 8192 2.000350000 2
996 964 3 8192 2.000350000 2
996 1104 3 8192 2.000350000 2
1000 448 3 8192 2.000350000 2
1000 448 3 8192 2.000350000 2
1000 40 3 8192 2.000350000 2
1000 60 3 8192 2.000350000 2
1000 780 3 8192 2.000350000 2
1000 964 3 8192 2.000350000 2
1000 668 3 8192 2.000350000 2
1000 676 3 8192 2.000350000 2
1004 448 3 8192 2.000350000 2
1004 448 3 8192 2.000350000 2
1004 732 3 8192 2.000350000 2
1004 764 3 8192 2.000350000 2
1004 484 3 8192 2.000350000 2
1004 160 3 8192 2.000350000 2
1004 596 3 8192 2.000350000 2
1004 1080 3 8192 2.000350000 2
1008 448 3 8192 2.000350000 2
1008 448 3 8192 2.000350000 2
1008 700 3 8192 2.000350000 2
1008 1276 3 8192 2.000350000 2
1008 804 3 8192 2.000350000 2
1008 404 3 8192 2.000350000 2
1008 408 3 8192 2.000350000 2
1008 1200 3 8192 2.000350000 2
1012 448 3 8192 2.000350000 2
1012 448 3 8192 2.000350000 2
1012 896 3 8192 2.000350000 2
1012 860 3 8192 2.000350000 2
1012 1172 3 8192 2.000350000 2
1012 804 3 8192 2.000350000 2
1012 684 3 8192 2.000350000 2
1012 524 3 8192 2.000350000 2
1016 448 3 8192 2.000350000 2
1016 448 3 8192 2.000350000 2
1016 856 3 8192 2.000350000 2
1016 636 3 8192 2.000350000 2
1016 100 3 8192 2.000350000 2
1016 344 3 8192 2.000350000 2
1016 288 3 8192 2.000350000 2
1016 1008 3 8192 2.000350000 2
1020 448 3 8192 2.000350000 2
1020 448 3 8192 2.000350000 2
1020 400 3 8192 2.000350000 2
1020 272 3 8192 2.000350000 2
1020 1012 3 8192 2.000350000 2
1020 344 3 8192 2.000350000 2
1020 404 3 8192 2.000350000 2
1020 452 3 8192 2.000350000 2
1024 448 3 8192 2.000350000 2
1024 448 3 8192 2.000350000 2
1024 752 3 8192 2.000350000 2
1024 1048 3 8192 2.000350000 2
1024 816 3 8192 2.000350000 2
1024 1188 3 8192 2.000350000 2
1024 1116 3 8192 2.000350000 2
1024 1008 3 8192 2.000350000 2
1032 448 3 8192 2.000350000 2
1032 448 3 8192 2.000350000 2
1032 1112 3 8192 2.000350000 2
1032 228 3 8192 2.000350000 2
1032 1024 3 8192 2.000350000 2
1032 924 3 8192 2.000350000 2
1032 528 3 8192 2.000350000 2
1032 1068 3 8192 2.000350000 2
1036 448 3 8192 2.000350000 2
1036 448 3 8192 2.000350000 2
1036 1168 3 8192 2.000350000 2
1036 84 3 8192 2.000350000 2
1036 1064 3 8192 2.000350000 2
1036 696 3 8192 2.000350000 2
1036 852 3 8192 2.000350000 2
1036 648 3 8192 2.000350000 2
1040 448 3 8192 2.000350000 2
1040 448 3 8192 2.000350000 2
1040 500 3 8192 2.000350000 2
1040 308 3 8192 2.000350000 2
1040 920 3 8192 2.000350000 2
1040 1104 3 8192 2.000350000 2
1040 508 3 8192 2.000350000 2
1040 988 3 8192 2.000350000 2
1048 448 3 8192 2.000350000 2
1048 448 3 8192 2.000350000 2
1048 880 3 8192 2.000350000 2
1048 732 3 8192 2.000350000 2
1048 104 3 8192 2.000350000 2
1048 308 3 8192 2.000350000 2
1048 456 3 8192 2.000350000 2
1048 904 3 8192 2.000350000 2
1056 448 3 8192 2.000350000 2
1056 448 3 8192 2.000350000 2
1056 268 3 8192 2.000350000 2
1056 56 3 8192 2.000350000 2
1056 1132 3 8192 2.000350000 2
1056 748 3 8192 2.000350000 2
1056 936 3 8192 2.000350000 2
1056 744 3 8192 2.000350000 2
1060 448 3 8192 2.000350000 2
1060 448 3 8192 2.000350000 2
1060 1120 3 8192 2.000350000 2
1060 1220 3 8192 2.000350000 2
1060 1088 3 8192 2.000350000 2
1060 96 3 8192 2.000350000 2
1060 524 3 8192 2.000350000 2
1060 984 3 8192 2.000350000 2
1064 448 3 8192 2.000350000 2
1064 448 3 8192 2.000350000 2
1064 372 3 8192 2.000350000 2
1064 880 3 8192 2.000350000 2
1064 1184 3 8192 2.000350000 2
1064 416 3 8192 2.000350000 2
1064 1068 3 8192 2.000350000 2
1064 484 3 8192 2.000350000 2
1068 448 3 8192 2.000350000 2
1068 448 3 8192 2.000350000 2
1068 616 3 8192 2.000350000 2
1068 476 3 8192 2.000350000 2
1068 184 3 8192 2.000350000 2
1068 712 3 8192 2.000350000 2
1068 1148 3 8192 2.000350000 2
1068 624 3 8192 2.000350000 2
1076 448 3 8192 2.000350000 2
1076 448 3 8192 2.000350000 2
1076 824 3 8192 2.000350000 2
1076 1128 3 8192 2.000350000 2
1076 140 3 8192 2.000350000 2
1076 76 3 8192 2.000350000 2
1076 528 3 8192 2.000350000 2
1076 1188 3 8192 2.000350000 2
1080 448 3 8192 2.000350000 2
1080 448 3 8192 2.000350000 2
1080 928 3 8192 2.000350000 2
1080 588 3 8192 2.000350000 2
1080 692 3 8192 2.000350000 2
1080 856 3 8192 2.000350000 2
1080 300 3 8192 2.000350000 2
1080 1276 3 8192 2.000350000 2
1084 448 3 8192 2.000350000 2
1084 448 3 8192 2.000350000 2
1084 96 3 8192 2.000350000 2
1084 100 3 8192 2.000350000 2
1084 576 3 8192 2.000350000 2
1084 140 3 8192 2.000350000 2
1084 764 3 8192 2.000350000 2
1084 592 3 8192 2.000350000 2
1088 448 3 8192 2.000350000 2
1088 448 3 8192 2.000350000 2
1088 936 3 8192 2.000350000 2
1088 92 3 8192 2.000350000 2
1088 260 3 8192 2.000350000 2
1088 932 3 8192 2.000350000 2
1088 512 3 8192 2.000350000 2
1088 684 3 8192 2.000350000 2
1092 448 3 8192 2.000350000 2
1092 448 3 8192 2.000350000 2
1092 232 3 8192 2.000350000 2
1092 500 3 8192 2.000350000 2
1092 576 3 8192 2.000350000 2
1092 952 3 8192 2.000350000 2
1092 1068 3 8192 2.000350000 2
1092 976 3 8192 2.000350000 2
1096 448 3 8192 2.000350000 2
1096 448 3 8192 2.000350000 2
1096 16 3 8192 2.000350000 2
1096 692 3 8192 2.000350000 2
1096 732 3 8192 2.000350000 2
1096 976 3 8192 2.000350000 2
1096 580 3 8192 2.000350000 2
1096 92 3 8192 2.000350000 2
1100 448 3 8192 2.000350000 2
1100 448 3 8192 2.000350000 2
1100 848 3 8192 2.000350000 2
1100 636 3 8192 2.000350000 2
1100 512 3 8192 2.000350000 2
1100 196 3 8192 2.000350000 2
1100 632 3 8192 2.000350000 2
1100 1008 3 8192 2.000350000 2
1104 448 3 8192 2.000350000 2
1104 448 3 8192 2.000350000 2
1104 700 3 8192 2.000350000 2
1104 480 3 8192 2.000350000 2
1104 1264 3 8192 2.000350000 2
1104 684 3 8192 2.000350000 2
1104 572 3 8192 2.000350000 2
1104 584 3 8192 2.000350000 2
1108 448 3 8192 2.000350000 2
1108 448 3 8192 2.000350000 2
1108 400 3 8192 2.000350000 2
1108 288 3 8192 2.000350000 2
1108 1264 3 8192 2.000350000 2
1108 336 3 8192 2.000350000 2
1108 172 3 8192 2.000350000 2
1108 840 3 8192 2.000350000 2
1112 448 3 8192 2.000350000 2
1112 448 3 8192 2.000350000 2
1112 528 3 8192 2.000350000 2
1112 376 3 8192 2.000350000 2
1112 644 3 8192 2.000350000 2
1112 332 3 8192 2.000350000 2
1112 868 3 8192 2.000350000 2
1112 180 3 8192 2.000350000 2
1116 448 3 8192 2.000350000 2
1116 448 3 8192 2.000350000 2
1116 936 3 8192 2.000350000 2
1116 448 3 8192 2.000350000 2
1116 376 3 8192 2.000350000 2
1116 388 3 8192 2.000350000 2
1116 524 3 8192 2.000350000 2
1116 820 3 8192 2.000350000 2
1120 448 3 8192 2.000350000 2
1120 448 3 8192 2.000350000 2
1120 48 3 8192 2.000350000 2
1120 112 3 8192 2.000350000 2
1120 184 3 8192 2.000350000 2
1120 616 3 8192 2.000350000 2
1120 196 3 8192 2.000350000 2
1120 792 3 8192 2.000350000 2
1128 448 3 8192 2.000350000 2
1128 448 3 8192 2.000350000 2
1128 168 3 8192 2.000350000 2
1128 1200 3 8192 2.000350000 2
1128 576 3 8192 2.000350000 2
1128 104 3 8192 2.000350000 2
1128 8 3 8192 2.000350000 2
1128 40 3 8192 2.000350000 2
1132 448 3 8192 2.000350000 2
1132 448 3 8192 2.000350000 2
1132 936 3 8192 2.000350000 2
1132 1092 3 8192 2.000350000 2
1132 140 3 8192 2.000350000 2
1132 1032 3 8192 2.000350000 2
1132 804 3 8192 2.000350000 2
1132 136 3 8192 2.000350000 2
1136 448 3 8192 2.000350000 2
1136 448 3 8192 2.000350000 2
1136 624 3 8192 2.000350000 2
1136 1128 3 8192 2.000350000 2
1136 560 3 8192 2.000350000 2
1136 772 3 8192 2.000350000 2
1136 360 3 8192 2.000350000 2
1136 1056 3 8192 2.000350000 2
1140 448 3 8192 2.000350000 2
1140 448 3 8192 2.000350000 2
1140 792 3 8192 2.000350000 2
1140 1256 3 8192 2.000350000 2
1140 1132 3 8192 2.000350000 2
1140 580 3 8192 2.000350000 2
1140 176 3 8192 2.000350000 2
1140 572 3 8192 2.000350000 2
1144 448 3 8192 2.000350000 2
1144 448 3 8192 2.000350000 2
1144 428 3 8192 2.000350000 2
1144 444 3 8192 2.000350000 2
1144 92 3 8192 2.000350000 2
1144 360 3 8192 2.000350000 2
1144 996 3 8192 2.000350000 2
1144 788 3 8192 2.000350000 2
1148 448 3 8192 2.000350000 2
1148 448 3 8192 2.000350000 2
1148 1176 3 8192 2.000350000 2
1148 300 3 8192 2.000350000 2
1148 1132 3 8192 2.000350000 2
1148 1168 3 8192 2.000350000 2
1148 1060 3 8192 2.000350000 2
1148 436 3 8192 2.000350000 2
1152 448 3 8192 2.000350000 2
1152 448 3 8192 2.000350000 2
1152 732 3 8192 2.000350000 2
1152 896 3 8192 2.000350000 2
1152 188 3 8192 2.000350000 2
1152 444 3 8192 2.000350000 2
1152 580 3 8192 2.000350000 2
1152 832 3 8192 2.000350000 2
1156 448 3 8192 2.000350000 2
1156 448 3 8192 2.000350000 2
1156 1064 3 8192 2.000350000 2
1156 880 3 8192 2.000350000 2
1156 84 3 8192 2.000350000 2
1156 1096 3 8192 2.000350000 2
1156 908 3 8192 2.000350000 2
1156 436 3 8192 2.000350000 2
1160 448 3 8192 2.000350000 2
1160 448 3 8192 2.000350000 2
1160 1172 3 8192 2.000350000 2
1160 600 3 8192 2.000350000 2
1160 1256 3 8192 2.000350000 2
1160 964 3 8192 2.000350000 2
1160 756 3 8192 2.000350000 2
1160 1228 3 8192 2.000350000 2
1164 448 3 8192 2.000350000 2
1164 448 3 8192 2.000350000 2
1164 1172 3 8192 2.000350000 2
1164 892 3 8192 2.000350000 2
1164 416 3 8192 2.000350000 2
1164 696 3 8192 2.000350000 2
1164 16 3 8192 2.000350000 2
1164 756 3 8192 2.000350000 2
1168 448 3 8192 2.000350000 2
1168 448 3 8192 2.000350000 2
1168 1020 3 8192 2.000350000 2
1168 864 3 8192 2.000350000 2
1168 300 3 8192 2.000350000 2
1168 228 3 8192 2.000350000 2
1168 1256 3 8192 2.000350000 2
1168 1024 3 8192 2.000350000 2
1172 448 3 8192 2.000350000 2
1172 448 3 8192 2.000350000 2
1172 1004 3 8192 2.000350000 2
1172 88 3 8192 2.000350000 2
1172 168 3 8192 2.000350000 2
1172 276 3 8192 2.000350000 2
1172 380 3 8192 2.000350000 2
1172 228 3 8192 2.000350000 2
1176 448 3 8192 2.000350000 2
1176 448 3 8192 2.000350000 2
1176 344 3 8192 2.000350000 2
1176 888 3 8192 2.000350000 2
1176 468 3 8192 2.000350000 2
1176 424 3 8192 2.000350000 2
1176 528 3 8192 2.000350000 2
1176 652 3 8192 2.000350000 2
1180 448 3 8192 2.000350000 2
1180 448 3 8192 2.000350000 2
1180 368 3 8192 2.000350000 2
1180 44 3 8192 2.000350000 2
1180 832 3 8192 2.000350000 2
1180 8 3 8192 2.000350000 2
1180 1024 3 8192 2.000350000 2
1180 364 3 8192 2.000350000 2
1184 448 3 8192 2.000350000 2
1184 448 3 8192 2.000350000 2
1184 476 3 8192 2.000350000 2
1184 600 3 8192 2.000350000 2
1184 232 3 8192 2.000350000 2
1184 192 3 8192 2.000350000 2
1184 1200 3 8192 2.000350000 2
1184 676 3 8192 2.000350000 2
1188 448 3 8192 2.000350000 2
1188 448 3 8192 2.000350000 2
1188 240 3 8192 2.000350000 2
1188 1216 3 8192 2.000350000 2
1188 704 3 8192 2.000350000 2
1188 40 3 8192 2.000350000 2
1188 836 3 8192 2.000350000 2
1188 1244 3 8192 2.000350000 2
1192 448 3 8192 2.000350000 2
1192 448 3 8192 2.000350000 2
1192 544 3 8192 2.000350000 2
1192 844 3 8192 2.000350000 2
1192 856 3 8192 2.000350000 2
1192 548 3 8192 2.000350000 2
1192 1172 3 8192 2.000350000 2
1192 1152 3 8192 2.000350000 2
1196 448 3 8192 2.000350000 2
1196 448 3 8192 2.000350000 2
1196 332 3 8192 2.000350000 2
1196 716 3 8192 2.000350000 2
1196 100 3 8192 2.000350000 2
1196 1256 3 8192 2.000350000 2
1196 1208 3 8192 2.000350000 2
1196 1148 3 8192 2.000350000 2
1200 448 3 8192 2.000350000 2
1200 448 3 8192 2.000350000 2
1200 260 3 8192 2.000350000 2
1200 1068 3 8192 2.000350000 2
1200 300 3 8192 2.000350000 2
1200 92 3 8192 2.000350000 2
1200 148 3 8192 2.000350000 2
1200 212 3 8192 2.000350000 2
1208 448 3 8192 2.000350000 2
1208 448 3 8192 2.000350000 2
1208 1012 3 8192 2.000350000 2
1208 988 3 8192 2.000350000 2
1208 508 3 8192 2.000350000 2
1208 1220 3 8192 2.000350000 2
1208 860 3 8192 2.000350000 2
1208 488 3 8192 2.000350000 2
1212 448 3 8192 2.000350000 2
1212 448 3 8192 2.000350000 2
1212 732 3 8192 2.000350000 2
1212 1164 3 8192 2.000350000 2
1212 716 3 8192 2.000350000 2
1212 1096 3 8192 2.000350000 2
1212 196 3 8192 2.000350000 2
1212 624 3 8192 2.000350000 2
1216 448 3 8192 2.000350000 2
1216 448 3 8192 2.000350000 2
1216 1276 3 8192 2.000350000 2
1216 1184 3 8192 2.000350000 2
1216 456 3 8192 2.000350000 2
1216 748 3 8192 2.000350000 2
1216 756 3 8192 2.000350000 2
1216 596 3 8192 2.000350000 2
1220 448 3 8192 2.000350000 2
1220 448 3 8192 2.000350000 2
1220 644 3 8192 2.000350000 2
1220 804 3 8192 2.000350000 2
1220 588 3 8192 2.000350000 2
1220 756 3 8192 2.000350000 2
1220 1084 3 8192 2.000350000 2
1220 1092 3 8192 2.000350000 2
1224 448 3 8192 2.000350000 2
1224 448 3 8192 2.000350000 2
1224 1048 3 8192 2.000350000 2
1224 76 3 8192 2.000350000 2
1224 496 3 8192 2.000350000 2
1224 132 3 8192 2.000350000 2
1224 0 3 8192 2.000350000 2
1224 1168 3 8192 2.000350000 2
1228 448 3 8192 2.000350000 2
1228 448 3 8192 2.000350000 2
1228 884 3 8192 2.000350000 2
1228 716 3 8192 2.000350000 2
1228 624 3 8192 2.000350000 2
1228 576 3 8192 2.000350000 2
1228 500 3 8192 2.000350000 2
1228 1012 3 8192 2.000350000 2
1236 448 3 8192 2.000350000 2
1236 448 3 8192 2.000350000 2
1236 904 3 8192 2.000350000 2
1236 1176 3 8192 2.000350000 2
1236 1200 3 8192 2.000350000 2
1236 1208 3 8192 2.000350000 2
1236 680 3 8192 2.000350000 2
1236 672 3 8192 2.000350000 2
1240 448 3 8192 2.000350000 2
1240 448 3 8192 2.000350000 2
1240 636 3 8192 2.000350000 2
1240 380 3 8192 2.000350000 2
1240 804 3 8192 2.000350000 2
1240 248 3 8192 2.000350000 2
1240 1224 3 8192 2.000350000 2
1240 832 3 8192 2.000350000 2
1244 448 3 8192 2.000350000 2
1244 448 3 8192 2.000350000 2
1244 452 3 8192 2.000350000 2
1244 300 3 8192 2.000350000 2
1244 40 3 8192 2.000350000 2
1244 156 3 8192 2.000350000 2
1244 1172 3 8192 2.000350000 2
1244 140 3 8192 2.000350000 2
1256 448 3 8192 2.000350000 2
1256 448 3 8192 2.000350000 2
1256 1192 3 8192 2.000350000 2
1256 616 3 8192 2.000350000 2
1256 156 3 8192 2.000350000 2
1256 180 3 8192 2.000350000 2
1256 860 3 8192 2.000350000 2
1256 1104 3 8192 2.000350000 2
1264 448 3 8192 2.000350000 2
1264 448 3 8192 2.000350000 2
1264 1068 3 8192 2.000350000 2
1264 744 3 8192 2.000350000 2
1264 964 3 8192 2.000350000 2
1264 80 3 8192 2.000350000 2
1264 984 3 8192 2.000350000 2
1264 556 3 8192 2.000350000 2
1268 448 3 8192 2.000350000 2
1268 448 3 8192 2.000350000 2
1268 532 3 8192 2.000350000 2
1268 300 3 8192 2.000350000 2
1268 676 3 8192 2.000350000 2
1268 200 3 8192 2.000350000 2
1268 1016 3 8192 2.000350000 2
1268 716 3 8192 2.000350000 2
1276 448 3 8192 2.000350000 2
1276 448 3 8192 2.000350000 2
1276 984 3 8192 2.000350000 2
1276 584 3 8192 2.000350000 2
1276 1048 3 8192 2.000350000 2
1276 188 3 8192 2.000350000 2
1276 108 3 8192 2.000350000 2
1276 1128 3 8192 2.000350000 2
