16448
984 420 3 8388608 2.000000000 1
896 204 3 8388608 2.000000000 1
1112 676 3 8388608 2.000000000 1
224 1048 3 8388608 2.000000000 1
188 728 3 8388608 2.000000000 1
144 896 3 8388608 2.000000000 1
724 364 3 8388608 2.000000000 1
272 1080 3 8388608 2.000000000 1
276 272 3 8388608 2.000000000 1
1048 364 3 8388608 2.000000000 1
376 420 3 8388608 2.000000000 1
1080 412 3 8388608 2.000000000 1
832 548 3 8388608 2.000000000 1
164 196 3 8388608 2.000000000 1
244 548 3 8388608 2.000000000 1
1140 224 3 8388608 2.000000000 1
1276 148 3 8388608 2.000000000 1
420 1088 3 8388608 2.000000000 1
724 352 3 8388608 2.000000000 1
1240 832 3 8388608 2.000000000 1
1152 796 3 8388608 2.000000000 1
1196 24 3 8388608 2.000000000 1
164 84 3 8388608 2.000000000 1
780 148 3 8388608 2.000000000 1
528 416 3 8388608 2.000000000 1
448 364 3 8388608 2.000000000 1
860 1072 3 8388608 2.000000000 1
724 188 3 8388608 2.000000000 1
548 676 3 8388608 2.000000000 1
972 416 3 8388608 2.000000000 1
428 196 3 8388608 2.000000000 1
548 780 3 8388608 2.000000000 1
196 276 3 8388608 2.000000000 1
936 1048 3 8388608 2.000000000 1
1072 272 3 8388608 2.000000000 1
776 1104 3 8388608 2.000000000 1
84 60 3 8388608 2.000000000 1
1252 832 3 8388608 2.000000000 1
128 1276 3 8388608 2.000000000 1
364 64 3 8388608 2.000000000 1
84 676 3 8388608 2.000000000 1
412 796 3 8388608 2.000000000 1
1072 364 3 8388608 2.000000000 1
204 952 3 8388608 2.000000000 1
428 1104 3 8388608 2.000000000 1
224 280 3 8388608 2.000000000 1
1240 728 3 8388608 2.000000000 1
1152 364 3 8388608 2.000000000 1
548 16 3 8388608 2.000000000 1
1080 1140 3 8388608 2.000000000 1
60 936 3 8388608 2.000000000 1
1136 188 3 8388608 2.000000000 1
1252 204 3 8388608 2.000000000 1
16 420 3 8388608 2.000000000 1
128 528 3 8388608 2.000000000 1
1272 936 3 8388608 2.000000000 1
832 244 3 8388608 2.000000000 1
1112 952 3 8388608 2.000000000 1
676 232 3 8388608 2.000000000 1
724 448 3 8388608 2.000000000 1
448 1276 3 8388608 2.000000000 1
972 244 3 8388608 2.000000000 1
984 1240 3 8388608 2.000000000 1
1272 280 3 8388608 2.000000000 1
0 4 3 8192 2.000000000 2
0 8 3 8192 2.000000000 2
0 40 3 8192 2.000000000 2
0 68 3 8192 2.000000000 2
0 76 3 8192 2.000000000 2
0 80 3 8192 2.000000000 2
0 112 3 8192 2.000000000 2
0 172 3 8192 2.000000000 2
0 176 3 8192 2.000000000 2
0 212 3 8192 2.000000000 2
0 216 3 8192 2.000000000 2
0 228 3 8192 2.000000000 2
0 240 3 8192 2.000000000 2
0 260 3 8192 2.000000000 2
0 300 3 8192 2.000000000 2
0 304 3 8192 2.000000000 2
0 320 3 8192 2.000000000 2
0 332 3 8192 2.000000000 2
0 392 3 8192 2.000000000 2
0 408 3 8192 2.000000000 2
0 468 3 8192 2.000000000 2
0 480 3 8192 2.000000000 2
0 504 3 8192 2.000000000 2
0 516 3 8192 2.000000000 2
0 564 3 8192 2.000000000 2
0 592 3 8192 2.000000000 2
0 596 3 8192 2.000000000 2
0 620 3 8192 2.000000000 2
0 624 3 8192 2.000000000 2
0 640 3 8192 2.000000000 2
0 660 3 8192 2.000000000 2
0 664 3 8192 2.000000000 2
0 668 3 8192 2.000000000 2
0 672 3 8192 2.000000000 2
0 680 3 8192 2.000000000 2
0 716 3 8192 2.000000000 2
0 752 3 8192 2.000000000 2
0 788 3 8192 2.000000000 2
0 792 3 8192 2.000000000 2
0 816 3 8192 2.000000000 2
0 852 3 8192 2.000000000 2
0 864 3 8192 2.000000000 2
0 900 3 8192 2.000000000 2
0 908 3 8192 2.000000000 2
0 916 3 8192 2.000000000 2
0 960 3 8192 2.000000000 2
0 976 3 8192 2.000000000 2
0 988 3 8192 2.000000000 2
0 996 3 8192 2.000000000 2
0 1024 3 8192 2.000000000 2
0 1044 3 8192 2.000000000 2
0 1084 3 8192 2.000000000 2
0 1116 3 8192 2.000000000 2
0 1124 3 8192 2.000000000 2
0 1132 3 8192 2.000000000 2
0 1144 3 8192 2.000000000 2
0 1156 3 8192 2.000000000 2
0 1164 3 8192 2.000000000 2
0 1184 3 8192 2.000000000 2
0 1192 3 8192 2.000000000 2
0 1204 3 8192 2.000000000 2
0 1212 3 8192 2.000000000 2
0 1232 3 8192 2.000000000 2
0 1236 3 8192 2.000000000 2
4 0 3 8192 2.000000000 2
4 100 3 8192 2.000000000 2
4 120 3 8192 2.000000000 2
4 156 3 8192 2.000000000 2
4 176 3 8192 2.000000000 2
4 200 3 8192 2.000000000 2
4 216 3 8192 2.000000000 2
4 236 3 8192 2.000000000 2
4 268 3 8192 2.000000000 2
4 284 3 8192 2.000000000 2
4 300 3 8192 2.000000000 2
4 356 3 8192 2.000000000 2
4 384 3 8192 2.000000000 2
4 388 3 8192 2.000000000 2
4 392 3 8192 2.000000000 2
4 424 3 8192 2.000000000 2
4 436 3 8192 2.000000000 2
4 452 3 8192 2.000000000 2
4 456 3 8192 2.000000000 2
4 460 3 8192 2.000000000 2
4 476 3 8192 2.000000000 2
4 484 3 8192 2.000000000 2
4 496 3 8192 2.000000000 2
4 508 3 8192 2.000000000 2
4 512 3 8192 2.000000000 2
4 516 3 8192 2.000000000 2
4 536 3 8192 2.000000000 2
4 584 3 8192 2.000000000 2
4 592 3 8192 2.000000000 2
4 596 3 8192 2.000000000 2
4 612 3 8192 2.000000000 2
4 644 3 8192 2.000000000 2
4 688 3 8192 2.000000000 2
4 696 3 8192 2.000000000 2
4 704 3 8192 2.000000000 2
4 712 3 8192 2.000000000 2
4 740 3 8192 2.000000000 2
4 816 3 8192 2.000000000 2
4 844 3 8192 2.000000000 2
4 848 3 8192 2.000000000 2
4 852 3 8192 2.000000000 2
4 888 3 8192 2.000000000 2
4 892 3 8192 2.000000000 2
4 900 3 8192 2.000000000 2
4 904 3 8192 2.000000000 2
4 908 3 8192 2.000000000 2
4 912 3 8192 2.000000000 2
4 920 3 8192 2.000000000 2
4 928 3 8192 2.000000000 2
4 932 3 8192 2.000000000 2
4 940 3 8192 2.000000000 2
4 948 3 8192 2.000000000 2
4 976 3 8192 2.000000000 2
4 992 3 8192 2.000000000 2
4 1000 3 8192 2.000000000 2
4 1020 3 8192 2.000000000 2
4 1024 3 8192 2.000000000 2
4 1040 3 8192 2.000000000 2
4 1068 3 8192 2.000000000 2
4 1116 3 8192 2.000000000 2
4 1164 3 8192 2.000000000 2
4 1168 3 8192 2.000000000 2
4 1184 3 8192 2.000000000 2
4 1268 3 8192 2.000000000 2
8 4 3 8192 2.000000000 2
8 44 3 8192 2.000000000 2
8 56 3 8192 2.000000000 2
8 72 3 8192 2.000000000 2
8 92 3 8192 2.000000000 2
8 116 3 8192 2.000000000 2
8 156 3 8192 2.000000000 2
8 180 3 8192 2.000000000 2
8 192 3 8192 2.000000000 2
8 216 3 8192 2.000000000 2
8 220 3 8192 2.000000000 2
8 240 3 8192 2.000000000 2
8 252 3 8192 2.000000000 2
8 264 3 8192 2.000000000 2
8 292 3 8192 2.000000000 2
8 316 3 8192 2.000000000 2
8 324 3 8192 2.000000000 2
8 328 3 8192 2.000000000 2
8 332 3 8192 2.000000000 2
8 340 3 8192 2.000000000 2
8 356 3 8192 2.000000000 2
8 368 3 8192 2.000000000 2
8 384 3 8192 2.000000000 2
8 388 3 8192 2.000000000 2
8 392 3 8192 2.000000000 2
8 396 3 8192 2.000000000 2
8 432 3 8192 2.000000000 2
8 436 3 8192 2.000000000 2
8 464 3 8192 2.000000000 2
8 472 3 8192 2.000000000 2
8 476 3 8192 2.000000000 2
8 480 3 8192 2.000000000 2
8 508 3 8192 2.000000000 2
8 524 3 8192 2.000000000 2
8 608 3 8192 2.000000000 2
8 612 3 8192 2.000000000 2
8 616 3 8192 2.000000000 2
8 636 3 8192 2.000000000 2
8 648 3 8192 2.000000000 2
8 660 3 8192 2.000000000 2
8 684 3 8192 2.000000000 2
8 696 3 8192 2.000000000 2
8 720 3 8192 2.000000000 2
8 736 3 8192 2.000000000 2
8 764 3 8192 2.000000000 2
8 792 3 8192 2.000000000 2
8 800 3 8192 2.000000000 2
8 808 3 8192 2.000000000 2
8 828 3 8192 2.000000000 2
8 852 3 8192 2.000000000 2
8 864 3 8192 2.000000000 2
8 872 3 8192 2.000000000 2
8 880 3 8192 2.000000000 2
8 908 3 8192 2.000000000 2
8 912 3 8192 2.000000000 2
8 980 3 8192 2.000000000 2
8 1000 3 8192 2.000000000 2
8 1012 3 8192 2.000000000 2
8 1128 3 8192 2.000000000 2
8 1184 3 8192 2.000000000 2
8 1192 3 8192 2.000000000 2
8 1236 3 8192 2.000000000 2
8 1244 3 8192 2.000000000 2
8 1260 3 8192 2.000000000 2
12 32 3 8192 2.000000000 2
12 44 3 8192 2.000000000 2
12 92 3 8192 2.000000000 2
12 108 3 8192 2.000000000 2
12 116 3 8192 2.000000000 2
12 120 3 8192 2.000000000 2
12 132 3 8192 2.000000000 2
12 160 3 8192 2.000000000 2
12 176 3 8192 2.000000000 2
12 208 3 8192 2.000000000 2
12 212 3 8192 2.000000000 2
12 216 3 8192 2.000000000 2
12 264 3 8192 2.000000000 2
12 292 3 8192 2.000000000 2
12 300 3 8192 2.000000000 2
12 304 3 8192 2.000000000 2
12 388 3 8192 2.000000000 2
12 408 3 8192 2.000000000 2
12 460 3 8192 2.000000000 2
12 480 3 8192 2.000000000 2
12 500 3 8192 2.000000000 2
12 560 3 8192 2.000000000 2
12 564 3 8192 2.000000000 2
12 576 3 8192 2.000000000 2
12 580 3 8192 2.000000000 2
12 604 3 8192 2.000000000 2
12 612 3 8192 2.000000000 2
12 624 3 8192 2.000000000 2
12 656 3 8192 2.000000000 2
12 660 3 8192 2.000000000 2
12 668 3 8192 2.000000000 2
12 712 3 8192 2.000000000 2
12 736 3 8192 2.000000000 2
12 744 3 8192 2.000000000 2
12 752 3 8192 2.000000000 2
12 768 3 8192 2.000000000 2
12 788 3 8192 2.000000000 2
12 804 3 8192 2.000000000 2
12 816 3 8192 2.000000000 2
12 840 3 8192 2.000000000 2
12 844 3 8192 2.000000000 2
12 876 3 8192 2.000000000 2
12 888 3 8192 2.000000000 2
12 892 3 8192 2.000000000 2
12 900 3 8192 2.000000000 2
12 916 3 8192 2.000000000 2
12 920 3 8192 2.000000000 2
12 932 3 8192 2.000000000 2
12 940 3 8192 2.000000000 2
12 944 3 8192 2.000000000 2
12 968 3 8192 2.000000000 2
12 1000 3 8192 2.000000000 2
12 1008 3 8192 2.000000000 2
12 1032 3 8192 2.000000000 2
12 1052 3 8192 2.000000000 2
12 1124 3 8192 2.000000000 2
12 1128 3 8192 2.000000000 2
12 1168 3 8192 2.000000000 2
12 1204 3 8192 2.000000000 2
12 1212 3 8192 2.000000000 2
12 1216 3 8192 2.000000000 2
12 1224 3 8192 2.000000000 2
12 1248 3 8192 2.000000000 2
12 1264 3 8192 2.000000000 2
20 48 3 8192 2.000000000 2
20 68 3 8192 2.000000000 2
20 72 3 8192 2.000000000 2
20 76 3 8192 2.000000000 2
20 104 3 8192 2.000000000 2
20 124 3 8192 2.000000000 2
20 140 3 8192 2.000000000 2
20 152 3 8192 2.000000000 2
20 176 3 8192 2.000000000 2
20 220 3 8192 2.000000000 2
20 228 3 8192 2.000000000 2
20 248 3 8192 2.000000000 2
20 264 3 8192 2.000000000 2
20 284 3 8192 2.000000000 2
20 292 3 8192 2.000000000 2
20 324 3 8192 2.000000000 2
20 332 3 8192 2.000000000 2
20 344 3 8192 2.000000000 2
20 348 3 8192 2.000000000 2
20 372 3 8192 2.000000000 2
20 388 3 8192 2.000000000 2
20 396 3 8192 2.000000000 2
20 400 3 8192 2.000000000 2
20 404 3 8192 2.000000000 2
20 432 3 8192 2.000000000 2
20 452 3 8192 2.000000000 2
20 464 3 8192 2.000000000 2
20 472 3 8192 2.000000000 2
20 476 3 8192 2.000000000 2
20 488 3 8192 2.000000000 2
20 500 3 8192 2.000000000 2
20 520 3 8192 2.000000000 2
20 560 3 8192 2.000000000 2
20 624 3 8192 2.000000000 2
20 636 3 8192 2.000000000 2
20 648 3 8192 2.000000000 2
20 680 3 8192 2.000000000 2
20 688 3 8192 2.000000000 2
20 692 3 8192 2.000000000 2
20 696 3 8192 2.000000000 2
20 700 3 8192 2.000000000 2
20 736 3 8192 2.000000000 2
20 740 3 8192 2.000000000 2
20 772 3 8192 2.000000000 2
20 788 3 8192 2.000000000 2
20 792 3 8192 2.000000000 2
20 804 3 8192 2.000000000 2
20 808 3 8192 2.000000000 2
20 828 3 8192 2.000000000 2
20 840 3 8192 2.000000000 2
20 868 3 8192 2.000000000 2
20 924 3 8192 2.000000000 2
20 980 3 8192 2.000000000 2
20 996 3 8192 2.000000000 2
20 1016 3 8192 2.000000000 2
20 1032 3 8192 2.000000000 2
20 1064 3 8192 2.000000000 2
20 1096 3 8192 2.000000000 2
20 1116 3 8192 2.000000000 2
20 1164 3 8192 2.000000000 2
20 1168 3 8192 2.000000000 2
20 1212 3 8192 2.000000000 2
20 1232 3 8192 2.000000000 2
20 1248 3 8192 2.000000000 2
28 40 3 8192 2.000000000 2
28 44 3 8192 2.000000000 2
28 56 3 8192 2.000000000 2
28 68 3 8192 2.000000000 2
28 72 3 8192 2.000000000 2
28 76 3 8192 2.000000000 2
28 96 3 8192 2.000000000 2
28 116 3 8192 2.000000000 2
28 140 3 8192 2.000000000 2
28 152 3 8192 2.000000000 2
28 240 3 8192 2.000000000 2
28 248 3 8192 2.000000000 2
28 252 3 8192 2.000000000 2
28 260 3 8192 2.000000000 2
28 284 3 8192 2.000000000 2
28 308 3 8192 2.000000000 2
28 320 3 8192 2.000000000 2
28 336 3 8192 2.000000000 2
28 380 3 8192 2.000000000 2
28 396 3 8192 2.000000000 2
28 452 3 8192 2.000000000 2
28 484 3 8192 2.000000000 2
28 492 3 8192 2.000000000 2
28 496 3 8192 2.000000000 2
28 500 3 8192 2.000000000 2
28 512 3 8192 2.000000000 2
28 524 3 8192 2.000000000 2
28 532 3 8192 2.000000000 2
28 540 3 8192 2.000000000 2
28 544 3 8192 2.000000000 2
28 564 3 8192 2.000000000 2
28 580 3 8192 2.000000000 2
28 596 3 8192 2.000000000 2
28 612 3 8192 2.000000000 2
28 640 3 8192 2.000000000 2
28 652 3 8192 2.000000000 2
28 656 3 8192 2.000000000 2
28 684 3 8192 2.000000000 2
28 688 3 8192 2.000000000 2
28 720 3 8192 2.000000000 2
28 760 3 8192 2.000000000 2
28 848 3 8192 2.000000000 2
28 852 3 8192 2.000000000 2
28 872 3 8192 2.000000000 2
28 880 3 8192 2.000000000 2
28 900 3 8192 2.000000000 2
28 912 3 8192 2.000000000 2
28 928 3 8192 2.000000000 2
28 956 3 8192 2.000000000 2
28 964 3 8192 2.000000000 2
28 1000 3 8192 2.000000000 2
28 1024 3 8192 2.000000000 2
28 1052 3 8192 2.000000000 2
28 1068 3 8192 2.000000000 2
28 1120 3 8192 2.000000000 2
28 1124 3 8192 2.000000000 2
28 1144 3 8192 2.000000000 2
28 1160 3 8192 2.000000000 2
28 1176 3 8192 2.000000000 2
28 1204 3 8192 2.000000000 2
28 1216 3 8192 2.000000000 2
28 1220 3 8192 2.000000000 2
28 1244 3 8192 2.000000000 2
28 1256 3 8192 2.000000000 2
32 12 3 8192 2.000000000 2
32 28 3 8192 2.000000000 2
32 100 3 8192 2.000000000 2
32 104 3 8192 2.000000000 2
32 132 3 8192 2.000000000 2
32 140 3 8192 2.000000000 2
32 156 3 8192 2.000000000 2
32 168 3 8192 2.000000000 2
32 172 3 8192 2.000000000 2
32 180 3 8192 2.000000000 2
32 184 3 8192 2.000000000 2
32 192 3 8192 2.000000000 2
32 208 3 8192 2.000000000 2
32 220 3 8192 2.000000000 2
32 248 3 8192 2.000000000 2
32 268 3 8192 2.000000000 2
32 300 3 8192 2.000000000 2
32 316 3 8192 2.000000000 2
32 332 3 8192 2.000000000 2
32 404 3 8192 2.000000000 2
32 432 3 8192 2.000000000 2
32 436 3 8192 2.000000000 2
32 460 3 8192 2.000000000 2
32 480 3 8192 2.000000000 2
32 500 3 8192 2.000000000 2
32 520 3 8192 2.000000000 2
32 540 3 8192 2.000000000 2
32 592 3 8192 2.000000000 2
32 600 3 8192 2.000000000 2
32 608 3 8192 2.000000000 2
32 624 3 8192 2.000000000 2
32 640 3 8192 2.000000000 2
32 672 3 8192 2.000000000 2
32 692 3 8192 2.000000000 2
32 708 3 8192 2.000000000 2
32 712 3 8192 2.000000000 2
32 716 3 8192 2.000000000 2
32 736 3 8192 2.000000000 2
32 748 3 8192 2.000000000 2
32 808 3 8192 2.000000000 2
32 840 3 8192 2.000000000 2
32 868 3 8192 2.000000000 2
32 880 3 8192 2.000000000 2
32 900 3 8192 2.000000000 2
32 932 3 8192 2.000000000 2
32 956 3 8192 2.000000000 2
32 960 3 8192 2.000000000 2
32 996 3 8192 2.000000000 2
32 1004 3 8192 2.000000000 2
32 1024 3 8192 2.000000000 2
32 1036 3 8192 2.000000000 2
32 1052 3 8192 2.000000000 2
32 1064 3 8192 2.000000000 2
32 1108 3 8192 2.000000000 2
32 1116 3 8192 2.000000000 2
32 1120 3 8192 2.000000000 2
32 1132 3 8192 2.000000000 2
32 1164 3 8192 2.000000000 2
32 1176 3 8192 2.000000000 2
32 1192 3 8192 2.000000000 2
32 1204 3 8192 2.000000000 2
32 1208 3 8192 2.000000000 2
32 1220 3 8192 2.000000000 2
32 1268 3 8192 2.000000000 2
36 0 3 8192 2.000000000 2
36 72 3 8192 2.000000000 2
36 100 3 8192 2.000000000 2
36 120 3 8192 2.000000000 2
36 168 3 8192 2.000000000 2
36 172 3 8192 2.000000000 2
36 176 3 8192 2.000000000 2
36 228 3 8192 2.000000000 2
36 248 3 8192 2.000000000 2
36 256 3 8192 2.000000000 2
36 268 3 8192 2.000000000 2
36 284 3 8192 2.000000000 2
36 324 3 8192 2.000000000 2
36 336 3 8192 2.000000000 2
36 372 3 8192 2.000000000 2
36 388 3 8192 2.000000000 2
36 396 3 8192 2.000000000 2
36 452 3 8192 2.000000000 2
36 480 3 8192 2.000000000 2
36 484 3 8192 2.000000000 2
36 496 3 8192 2.000000000 2
36 500 3 8192 2.000000000 2
36 504 3 8192 2.000000000 2
36 512 3 8192 2.000000000 2
36 516 3 8192 2.000000000 2
36 536 3 8192 2.000000000 2
36 552 3 8192 2.000000000 2
36 568 3 8192 2.000000000 2
36 612 3 8192 2.000000000 2
36 628 3 8192 2.000000000 2
36 632 3 8192 2.000000000 2
36 652 3 8192 2.000000000 2
36 672 3 8192 2.000000000 2
36 684 3 8192 2.000000000 2
36 692 3 8192 2.000000000 2
36 708 3 8192 2.000000000 2
36 712 3 8192 2.000000000 2
36 732 3 8192 2.000000000 2
36 748 3 8192 2.000000000 2
36 756 3 8192 2.000000000 2
36 788 3 8192 2.000000000 2
36 816 3 8192 2.000000000 2
36 856 3 8192 2.000000000 2
36 884 3 8192 2.000000000 2
36 920 3 8192 2.000000000 2
36 924 3 8192 2.000000000 2
36 928 3 8192 2.000000000 2
36 940 3 8192 2.000000000 2
36 968 3 8192 2.000000000 2
36 992 3 8192 2.000000000 2
36 1004 3 8192 2.000000000 2
36 1068 3 8192 2.000000000 2
36 1076 3 8192 2.000000000 2
36 1100 3 8192 2.000000000 2
36 1108 3 8192 2.000000000 2
36 1128 3 8192 2.000000000 2
36 1164 3 8192 2.000000000 2
36 1172 3 8192 2.000000000 2
36 1204 3 8192 2.000000000 2
36 1208 3 8192 2.000000000 2
36 1236 3 8192 2.000000000 2
36 1256 3 8192 2.000000000 2
36 1260 3 8192 2.000000000 2
36 1264 3 8192 2.000000000 2
40 8 3 8192 2.000000000 2
40 28 3 8192 2.000000000 2
40 68 3 8192 2.000000000 2
40 132 3 8192 2.000000000 2
40 136 3 8192 2.000000000 2
40 152 3 8192 2.000000000 2
40 156 3 8192 2.000000000 2
40 168 3 8192 2.000000000 2
40 176 3 8192 2.000000000 2
40 192 3 8192 2.000000000 2
40 216 3 8192 2.000000000 2
40 260 3 8192 2.000000000 2
40 300 3 8192 2.000000000 2
40 308 3 8192 2.000000000 2
40 316 3 8192 2.000000000 2
40 320 3 8192 2.000000000 2
40 328 3 8192 2.000000000 2
40 336 3 8192 2.000000000 2
40 340 3 8192 2.000000000 2
40 372 3 8192 2.000000000 2
40 384 3 8192 2.000000000 2
40 396 3 8192 2.000000000 2
40 404 3 8192 2.000000000 2
40 436 3 8192 2.000000000 2
40 464 3 8192 2.000000000 2
40 508 3 8192 2.000000000 2
40 568 3 8192 2.000000000 2
40 576 3 8192 2.000000000 2
40 592 3 8192 2.000000000 2
40 596 3 8192 2.000000000 2
40 636 3 8192 2.000000000 2
40 640 3 8192 2.000000000 2
40 680 3 8192 2.000000000 2
40 688 3 8192 2.000000000 2
40 700 3 8192 2.000000000 2
40 712 3 8192 2.000000000 2
40 732 3 8192 2.000000000 2
40 772 3 8192 2.000000000 2
40 800 3 8192 2.000000000 2
40 812 3 8192 2.000000000 2
40 836 3 8192 2.000000000 2
40 844 3 8192 2.000000000 2
40 856 3 8192 2.000000000 2
40 904 3 8192 2.000000000 2
40 912 3 8192 2.000000000 2
40 916 3 8192 2.000000000 2
40 948 3 8192 2.000000000 2
40 956 3 8192 2.000000000 2
40 968 3 8192 2.000000000 2
40 976 3 8192 2.000000000 2
40 1000 3 8192 2.000000000 2
40 1024 3 8192 2.000000000 2
40 1032 3 8192 2.000000000 2
40 1036 3 8192 2.000000000 2
40 1044 3 8192 2.000000000 2
40 1060 3 8192 2.000000000 2
40 1100 3 8192 2.000000000 2
40 1116 3 8192 2.000000000 2
40 1124 3 8192 2.000000000 2
40 1176 3 8192 2.000000000 2
40 1184 3 8192 2.000000000 2
40 1212 3 8192 2.000000000 2
40 1244 3 8192 2.000000000 2
40 1256 3 8192 2.000000000 2
44 0 3 8192 2.000000000 2
44 28 3 8192 2.000000000 2
44 80 3 8192 2.000000000 2
44 92 3 8192 2.000000000 2
44 100 3 8192 2.000000000 2
44 108 3 8192 2.000000000 2
44 112 3 8192 2.000000000 2
44 136 3 8192 2.000000000 2
44 140 3 8192 2.000000000 2
44 192 3 8192 2.000000000 2
44 220 3 8192 2.000000000 2
44 240 3 8192 2.000000000 2
44 308 3 8192 2.000000000 2
44 316 3 8192 2.000000000 2
44 328 3 8192 2.000000000 2
44 332 3 8192 2.000000000 2
44 344 3 8192 2.000000000 2
44 356 3 8192 2.000000000 2
44 372 3 8192 2.000000000 2
44 380 3 8192 2.000000000 2
44 400 3 8192 2.000000000 2
44 404 3 8192 2.000000000 2
44 480 3 8192 2.000000000 2
44 492 3 8192 2.000000000 2
44 496 3 8192 2.000000000 2
44 500 3 8192 2.000000000 2
44 508 3 8192 2.000000000 2
44 544 3 8192 2.000000000 2
44 568 3 8192 2.000000000 2
44 572 3 8192 2.000000000 2
44 576 3 8192 2.000000000 2
44 596 3 8192 2.000000000 2
44 608 3 8192 2.000000000 2
44 620 3 8192 2.000000000 2
44 636 3 8192 2.000000000 2
44 648 3 8192 2.000000000 2
44 668 3 8192 2.000000000 2
44 680 3 8192 2.000000000 2
44 712 3 8192 2.000000000 2
44 720 3 8192 2.000000000 2
44 732 3 8192 2.000000000 2
44 736 3 8192 2.000000000 2
44 744 3 8192 2.000000000 2
44 752 3 8192 2.000000000 2
44 772 3 8192 2.000000000 2
44 816 3 8192 2.000000000 2
44 864 3 8192 2.000000000 2
44 900 3 8192 2.000000000 2
44 916 3 8192 2.000000000 2
44 944 3 8192 2.000000000 2
44 956 3 8192 2.000000000 2
44 960 3 8192 2.000000000 2
44 964 3 8192 2.000000000 2
44 992 3 8192 2.000000000 2
44 1000 3 8192 2.000000000 2
44 1004 3 8192 2.000000000 2
44 1012 3 8192 2.000000000 2
44 1020 3 8192 2.000000000 2
44 1040 3 8192 2.000000000 2
44 1076 3 8192 2.000000000 2
44 1092 3 8192 2.000000000 2
44 1156 3 8192 2.000000000 2
44 1164 3 8192 2.000000000 2
44 1208 3 8192 2.000000000 2
48 56 3 8192 2.000000000 2
48 68 3 8192 2.000000000 2
48 92 3 8192 2.000000000 2
48 96 3 8192 2.000000000 2
48 100 3 8192 2.000000000 2
48 120 3 8192 2.000000000 2
48 160 3 8192 2.000000000 2
48 168 3 8192 2.000000000 2
48 172 3 8192 2.000000000 2
48 176 3 8192 2.000000000 2
48 252 3 8192 2.000000000 2
48 264 3 8192 2.000000000 2
48 288 3 8192 2.000000000 2
48 292 3 8192 2.000000000 2
48 304 3 8192 2.000000000 2
48 308 3 8192 2.000000000 2
48 324 3 8192 2.000000000 2
48 348 3 8192 2.000000000 2
48 368 3 8192 2.000000000 2
48 384 3 8192 2.000000000 2
48 392 3 8192 2.000000000 2
48 396 3 8192 2.000000000 2
48 432 3 8192 2.000000000 2
48 436 3 8192 2.000000000 2
48 456 3 8192 2.000000000 2
48 476 3 8192 2.000000000 2
48 484 3 8192 2.000000000 2
48 508 3 8192 2.000000000 2
48 512 3 8192 2.000000000 2
48 516 3 8192 2.000000000 2
48 524 3 8192 2.000000000 2
48 532 3 8192 2.000000000 2
48 540 3 8192 2.000000000 2
48 564 3 8192 2.000000000 2
48 600 3 8192 2.000000000 2
48 644 3 8192 2.000000000 2
48 664 3 8192 2.000000000 2
48 668 3 8192 2.000000000 2
48 684 3 8192 2.000000000 2
48 688 3 8192 2.000000000 2
48 700 3 8192 2.000000000 2
48 716 3 8192 2.000000000 2
48 744 3 8192 2.000000000 2
48 752 3 8192 2.000000000 2
48 764 3 8192 2.000000000 2
48 808 3 8192 2.000000000 2
48 840 3 8192 2.000000000 2
48 872 3 8192 2.000000000 2
48 892 3 8192 2.000000000 2
48 908 3 8192 2.000000000 2
48 912 3 8192 2.000000000 2
48 940 3 8192 2.000000000 2
48 960 3 8192 2.000000000 2
48 1000 3 8192 2.000000000 2
48 1016 3 8192 2.000000000 2
48 1036 3 8192 2.000000000 2
48 1060 3 8192 2.000000000 2
48 1076 3 8192 2.000000000 2
48 1128 3 8192 2.000000000 2
48 1148 3 8192 2.000000000 2
48 1164 3 8192 2.000000000 2
48 1212 3 8192 2.000000000 2
48 1232 3 8192 2.000000000 2
48 1248 3 8192 2.000000000 2
56 4 3 8192 2.000000000 2
56 36 3 8192 2.000000000 2
56 76 3 8192 2.000000000 2
56 80 3 8192 2.000000000 2
56 96 3 8192 2.000000000 2
56 104 3 8192 2.000000000 2
56 156 3 8192 2.000000000 2
56 172 3 8192 2.000000000 2
56 184 3 8192 2.000000000 2
56 208 3 8192 2.000000000 2
56 216 3 8192 2.000000000 2
56 332 3 8192 2.000000000 2
56 384 3 8192 2.000000000 2
56 396 3 8192 2.000000000 2
56 440 3 8192 2.000000000 2
56 456 3 8192 2.000000000 2
56 476 3 8192 2.000000000 2
56 480 3 8192 2.000000000 2
56 516 3 8192 2.000000000 2
56 520 3 8192 2.000000000 2
56 564 3 8192 2.000000000 2
56 568 3 8192 2.000000000 2
56 580 3 8192 2.000000000 2
56 608 3 8192 2.000000000 2
56 636 3 8192 2.000000000 2
56 644 3 8192 2.000000000 2
56 660 3 8192 2.000000000 2
56 672 3 8192 2.000000000 2
56 680 3 8192 2.000000000 2
56 696 3 8192 2.000000000 2
56 700 3 8192 2.000000000 2
56 704 3 8192 2.000000000 2
56 748 3 8192 2.000000000 2
56 760 3 8192 2.000000000 2
56 768 3 8192 2.000000000 2
56 772 3 8192 2.000000000 2
56 804 3 8192 2.000000000 2
56 808 3 8192 2.000000000 2
56 816 3 8192 2.000000000 2
56 824 3 8192 2.000000000 2
56 840 3 8192 2.000000000 2
56 864 3 8192 2.000000000 2
56 884 3 8192 2.000000000 2
56 892 3 8192 2.000000000 2
56 900 3 8192 2.000000000 2
56 904 3 8192 2.000000000 2
56 916 3 8192 2.000000000 2
56 924 3 8192 2.000000000 2
56 940 3 8192 2.000000000 2
56 960 3 8192 2.000000000 2
56 996 3 8192 2.000000000 2
56 1016 3 8192 2.000000000 2
56 1020 3 8192 2.000000000 2
56 1040 3 8192 2.000000000 2
56 1068 3 8192 2.000000000 2
56 1076 3 8192 2.000000000 2
56 1096 3 8192 2.000000000 2
56 1148 3 8192 2.000000000 2
56 1156 3 8192 2.000000000 2
56 1164 3 8192 2.000000000 2
56 1200 3 8192 2.000000000 2
56 1212 3 8192 2.000000000 2
56 1244 3 8192 2.000000000 2
56 1260 3 8192 2.000000000 2
68 0 3 8192 2.000000000 2
68 12 3 8192 2.000000000 2
68 20 3 8192 2.000000000 2
68 28 3 8192 2.000000000 2
68 44 3 8192 2.000000000 2
68 56 3 8192 2.000000000 2
68 80 3 8192 2.000000000 2
68 120 3 8192 2.000000000 2
68 124 3 8192 2.000000000 2
68 132 3 8192 2.000000000 2
68 160 3 8192 2.000000000 2
68 168 3 8192 2.000000000 2
68 172 3 8192 2.000000000 2
68 192 3 8192 2.000000000 2
68 200 3 8192 2.000000000 2
68 208 3 8192 2.000000000 2
68 236 3 8192 2.000000000 2
68 240 3 8192 2.000000000 2
68 264 3 8192 2.000000000 2
68 324 3 8192 2.000000000 2
68 344 3 8192 2.000000000 2
68 380 3 8192 2.000000000 2
68 404 3 8192 2.000000000 2
68 424 3 8192 2.000000000 2
68 472 3 8192 2.000000000 2
68 480 3 8192 2.000000000 2
68 500 3 8192 2.000000000 2
68 520 3 8192 2.000000000 2
68 536 3 8192 2.000000000 2
68 560 3 8192 2.000000000 2
68 588 3 8192 2.000000000 2
68 600 3 8192 2.000000000 2
68 608 3 8192 2.000000000 2
68 644 3 8192 2.000000000 2
68 712 3 8192 2.000000000 2
68 720 3 8192 2.000000000 2
68 740 3 8192 2.000000000 2
68 748 3 8192 2.000000000 2
68 792 3 8192 2.000000000 2
68 800 3 8192 2.000000000 2
68 808 3 8192 2.000000000 2
68 812 3 8192 2.000000000 2
68 816 3 8192 2.000000000 2
68 836 3 8192 2.000000000 2
68 848 3 8192 2.000000000 2
68 852 3 8192 2.000000000 2
68 880 3 8192 2.000000000 2
68 908 3 8192 2.000000000 2
68 928 3 8192 2.000000000 2
68 964 3 8192 2.000000000 2
68 1028 3 8192 2.000000000 2
68 1044 3 8192 2.000000000 2
68 1052 3 8192 2.000000000 2
68 1084 3 8192 2.000000000 2
68 1116 3 8192 2.000000000 2
68 1128 3 8192 2.000000000 2
68 1132 3 8192 2.000000000 2
68 1148 3 8192 2.000000000 2
68 1172 3 8192 2.000000000 2
68 1200 3 8192 2.000000000 2
68 1220 3 8192 2.000000000 2
68 1244 3 8192 2.000000000 2
68 1264 3 8192 2.000000000 2
68 1268 3 8192 2.000000000 2
72 0 3 8192 2.000000000 2
72 32 3 8192 2.000000000 2
72 56 3 8192 2.000000000 2
72 76 3 8192 2.000000000 2
72 92 3 8192 2.000000000 2
72 96 3 8192 2.000000000 2
72 116 3 8192 2.000000000 2
72 156 3 8192 2.000000000 2
72 228 3 8192 2.000000000 2
72 240 3 8192 2.000000000 2
72 248 3 8192 2.000000000 2
72 268 3 8192 2.000000000 2
72 284 3 8192 2.000000000 2
72 308 3 8192 2.000000000 2
72 340 3 8192 2.000000000 2
72 356 3 8192 2.000000000 2
72 396 3 8192 2.000000000 2
72 400 3 8192 2.000000000 2
72 440 3 8192 2.000000000 2
72 464 3 8192 2.000000000 2
72 472 3 8192 2.000000000 2
72 484 3 8192 2.000000000 2
72 496 3 8192 2.000000000 2
72 504 3 8192 2.000000000 2
72 512 3 8192 2.000000000 2
72 520 3 8192 2.000000000 2
72 532 3 8192 2.000000000 2
72 544 3 8192 2.000000000 2
72 560 3 8192 2.000000000 2
72 584 3 8192 2.000000000 2
72 596 3 8192 2.000000000 2
72 604 3 8192 2.000000000 2
72 612 3 8192 2.000000000 2
72 640 3 8192 2.000000000 2
72 656 3 8192 2.000000000 2
72 660 3 8192 2.000000000 2
72 700 3 8192 2.000000000 2
72 732 3 8192 2.000000000 2
72 768 3 8192 2.000000000 2
72 812 3 8192 2.000000000 2
72 828 3 8192 2.000000000 2
72 840 3 8192 2.000000000 2
72 848 3 8192 2.000000000 2
72 868 3 8192 2.000000000 2
72 876 3 8192 2.000000000 2
72 884 3 8192 2.000000000 2
72 912 3 8192 2.000000000 2
72 956 3 8192 2.000000000 2
72 1000 3 8192 2.000000000 2
72 1016 3 8192 2.000000000 2
72 1024 3 8192 2.000000000 2
72 1032 3 8192 2.000000000 2
72 1036 3 8192 2.000000000 2
72 1052 3 8192 2.000000000 2
72 1084 3 8192 2.000000000 2
72 1092 3 8192 2.000000000 2
72 1116 3 8192 2.000000000 2
72 1148 3 8192 2.000000000 2
72 1164 3 8192 2.000000000 2
72 1168 3 8192 2.000000000 2
72 1180 3 8192 2.000000000 2
72 1200 3 8192 2.000000000 2
72 1216 3 8192 2.000000000 2
72 1260 3 8192 2.000000000 2
76 0 3 8192 2.000000000 2
76 32 3 8192 2.000000000 2
76 120 3 8192 2.000000000 2
76 160 3 8192 2.000000000 2
76 168 3 8192 2.000000000 2
76 200 3 8192 2.000000000 2
76 216 3 8192 2.000000000 2
76 248 3 8192 2.000000000 2
76 252 3 8192 2.000000000 2
76 260 3 8192 2.000000000 2
76 288 3 8192 2.000000000 2
76 292 3 8192 2.000000000 2
76 304 3 8192 2.000000000 2
76 344 3 8192 2.000000000 2
76 400 3 8192 2.000000000 2
76 452 3 8192 2.000000000 2
76 456 3 8192 2.000000000 2
76 520 3 8192 2.000000000 2
76 524 3 8192 2.000000000 2
76 560 3 8192 2.000000000 2
76 572 3 8192 2.000000000 2
76 580 3 8192 2.000000000 2
76 588 3 8192 2.000000000 2
76 616 3 8192 2.000000000 2
76 620 3 8192 2.000000000 2
76 632 3 8192 2.000000000 2
76 648 3 8192 2.000000000 2
76 652 3 8192 2.000000000 2
76 660 3 8192 2.000000000 2
76 664 3 8192 2.000000000 2
76 680 3 8192 2.000000000 2
76 688 3 8192 2.000000000 2
76 692 3 8192 2.000000000 2
76 704 3 8192 2.000000000 2
76 744 3 8192 2.000000000 2
76 748 3 8192 2.000000000 2
76 756 3 8192 2.000000000 2
76 760 3 8192 2.000000000 2
76 800 3 8192 2.000000000 2
76 816 3 8192 2.000000000 2
76 828 3 8192 2.000000000 2
76 840 3 8192 2.000000000 2
76 844 3 8192 2.000000000 2
76 856 3 8192 2.000000000 2
76 880 3 8192 2.000000000 2
76 884 3 8192 2.000000000 2
76 908 3 8192 2.000000000 2
76 924 3 8192 2.000000000 2
76 944 3 8192 2.000000000 2
76 992 3 8192 2.000000000 2
76 1000 3 8192 2.000000000 2
76 1008 3 8192 2.000000000 2
76 1044 3 8192 2.000000000 2
76 1064 3 8192 2.000000000 2
76 1076 3 8192 2.000000000 2
76 1092 3 8192 2.000000000 2
76 1096 3 8192 2.000000000 2
76 1164 3 8192 2.000000000 2
76 1204 3 8192 2.000000000 2
76 1212 3 8192 2.000000000 2
76 1220 3 8192 2.000000000 2
76 1224 3 8192 2.000000000 2
76 1260 3 8192 2.000000000 2
76 1264 3 8192 2.000000000 2
80 28 3 8192 2.000000000 2
80 36 3 8192 2.000000000 2
80 48 3 8192 2.000000000 2
80 68 3 8192 2.000000000 2
80 92 3 8192 2.000000000 2
80 96 3 8192 2.000000000 2
80 136 3 8192 2.000000000 2
80 156 3 8192 2.000000000 2
80 168 3 8192 2.000000000 2
80 212 3 8192 2.000000000 2
80 220 3 8192 2.000000000 2
80 228 3 8192 2.000000000 2
80 308 3 8192 2.000000000 2
80 356 3 8192 2.000000000 2
80 368 3 8192 2.000000000 2
80 372 3 8192 2.000000000 2
80 384 3 8192 2.000000000 2
80 392 3 8192 2.000000000 2
80 424 3 8192 2.000000000 2
80 432 3 8192 2.000000000 2
80 436 3 8192 2.000000000 2
80 452 3 8192 2.000000000 2
80 468 3 8192 2.000000000 2
80 508 3 8192 2.000000000 2
80 520 3 8192 2.000000000 2
80 532 3 8192 2.000000000 2
80 592 3 8192 2.000000000 2
80 600 3 8192 2.000000000 2
80 604 3 8192 2.000000000 2
80 616 3 8192 2.000000000 2
80 620 3 8192 2.000000000 2
80 624 3 8192 2.000000000 2
80 632 3 8192 2.000000000 2
80 684 3 8192 2.000000000 2
80 696 3 8192 2.000000000 2
80 704 3 8192 2.000000000 2
80 748 3 8192 2.000000000 2
80 756 3 8192 2.000000000 2
80 760 3 8192 2.000000000 2
80 800 3 8192 2.000000000 2
80 828 3 8192 2.000000000 2
80 836 3 8192 2.000000000 2
80 840 3 8192 2.000000000 2
80 844 3 8192 2.000000000 2
80 856 3 8192 2.000000000 2
80 892 3 8192 2.000000000 2
80 904 3 8192 2.000000000 2
80 932 3 8192 2.000000000 2
80 964 3 8192 2.000000000 2
80 988 3 8192 2.000000000 2
80 996 3 8192 2.000000000 2
80 1000 3 8192 2.000000000 2
80 1020 3 8192 2.000000000 2
80 1028 3 8192 2.000000000 2
80 1092 3 8192 2.000000000 2
80 1116 3 8192 2.000000000 2
80 1120 3 8192 2.000000000 2
80 1148 3 8192 2.000000000 2
80 1160 3 8192 2.000000000 2
80 1168 3 8192 2.000000000 2
80 1200 3 8192 2.000000000 2
80 1220 3 8192 2.000000000 2
80 1236 3 8192 2.000000000 2
80 1264 3 8192 2.000000000 2
88 0 3 8192 2.000000000 2
88 8 3 8192 2.000000000 2
88 40 3 8192 2.000000000 2
88 68 3 8192 2.000000000 2
88 72 3 8192 2.000000000 2
88 80 3 8192 2.000000000 2
88 96 3 8192 2.000000000 2
88 116 3 8192 2.000000000 2
88 124 3 8192 2.000000000 2
88 160 3 8192 2.000000000 2
88 180 3 8192 2.000000000 2
88 208 3 8192 2.000000000 2
88 264 3 8192 2.000000000 2
88 316 3 8192 2.000000000 2
88 320 3 8192 2.000000000 2
88 332 3 8192 2.000000000 2
88 336 3 8192 2.000000000 2
88 384 3 8192 2.000000000 2
88 396 3 8192 2.000000000 2
88 400 3 8192 2.000000000 2
88 432 3 8192 2.000000000 2
88 460 3 8192 2.000000000 2
88 472 3 8192 2.000000000 2
88 488 3 8192 2.000000000 2
88 500 3 8192 2.000000000 2
88 508 3 8192 2.000000000 2
88 520 3 8192 2.000000000 2
88 616 3 8192 2.000000000 2
88 640 3 8192 2.000000000 2
88 680 3 8192 2.000000000 2
88 688 3 8192 2.000000000 2
88 700 3 8192 2.000000000 2
88 708 3 8192 2.000000000 2
88 720 3 8192 2.000000000 2
88 736 3 8192 2.000000000 2
88 752 3 8192 2.000000000 2
88 808 3 8192 2.000000000 2
88 812 3 8192 2.000000000 2
88 816 3 8192 2.000000000 2
88 856 3 8192 2.000000000 2
88 916 3 8192 2.000000000 2
88 928 3 8192 2.000000000 2
88 976 3 8192 2.000000000 2
88 996 3 8192 2.000000000 2
88 1008 3 8192 2.000000000 2
88 1016 3 8192 2.000000000 2
88 1052 3 8192 2.000000000 2
88 1060 3 8192 2.000000000 2
88 1084 3 8192 2.000000000 2
88 1096 3 8192 2.000000000 2
88 1100 3 8192 2.000000000 2
88 1116 3 8192 2.000000000 2
88 1128 3 8192 2.000000000 2
88 1132 3 8192 2.000000000 2
88 1144 3 8192 2.000000000 2
88 1148 3 8192 2.000000000 2
88 1156 3 8192 2.000000000 2
88 1164 3 8192 2.000000000 2
88 1180 3 8192 2.000000000 2
88 1184 3 8192 2.000000000 2
88 1192 3 8192 2.000000000 2
88 1204 3 8192 2.000000000 2
88 1224 3 8192 2.000000000 2
88 1260 3 8192 2.000000000 2
92 0 3 8192 2.000000000 2
92 44 3 8192 2.000000000 2
92 56 3 8192 2.000000000 2
92 104 3 8192 2.000000000 2
92 112 3 8192 2.000000000 2
92 116 3 8192 2.000000000 2
92 124 3 8192 2.000000000 2
92 156 3 8192 2.000000000 2
92 168 3 8192 2.000000000 2
92 184 3 8192 2.000000000 2
92 200 3 8192 2.000000000 2
92 212 3 8192 2.000000000 2
92 236 3 8192 2.000000000 2
92 240 3 8192 2.000000000 2
92 288 3 8192 2.000000000 2
92 308 3 8192 2.000000000 2
92 316 3 8192 2.000000000 2
92 324 3 8192 2.000000000 2
92 340 3 8192 2.000000000 2
92 356 3 8192 2.000000000 2
92 380 3 8192 2.000000000 2
92 388 3 8192 2.000000000 2
92 436 3 8192 2.000000000 2
92 452 3 8192 2.000000000 2
92 520 3 8192 2.000000000 2
92 532 3 8192 2.000000000 2
92 552 3 8192 2.000000000 2
92 584 3 8192 2.000000000 2
92 600 3 8192 2.000000000 2
92 632 3 8192 2.000000000 2
92 644 3 8192 2.000000000 2
92 656 3 8192 2.000000000 2
92 660 3 8192 2.000000000 2
92 692 3 8192 2.000000000 2
92 712 3 8192 2.000000000 2
92 760 3 8192 2.000000000 2
92 764 3 8192 2.000000000 2
92 768 3 8192 2.000000000 2
92 788 3 8192 2.000000000 2
92 808 3 8192 2.000000000 2
92 840 3 8192 2.000000000 2
92 844 3 8192 2.000000000 2
92 848 3 8192 2.000000000 2
92 932 3 8192 2.000000000 2
92 956 3 8192 2.000000000 2
92 964 3 8192 2.000000000 2
92 996 3 8192 2.000000000 2
92 1000 3 8192 2.000000000 2
92 1008 3 8192 2.000000000 2
92 1068 3 8192 2.000000000 2
92 1096 3 8192 2.000000000 2
92 1100 3 8192 2.000000000 2
92 1128 3 8192 2.000000000 2
92 1144 3 8192 2.000000000 2
92 1164 3 8192 2.000000000 2
92 1176 3 8192 2.000000000 2
92 1180 3 8192 2.000000000 2
92 1184 3 8192 2.000000000 2
92 1200 3 8192 2.000000000 2
92 1204 3 8192 2.000000000 2
92 1212 3 8192 2.000000000 2
92 1224 3 8192 2.000000000 2
92 1244 3 8192 2.000000000 2
92 1260 3 8192 2.000000000 2
96 12 3 8192 2.000000000 2
96 20 3 8192 2.000000000 2
96 40 3 8192 2.000000000 2
96 48 3 8192 2.000000000 2
96 68 3 8192 2.000000000 2
96 80 3 8192 2.000000000 2
96 100 3 8192 2.000000000 2
96 104 3 8192 2.000000000 2
96 124 3 8192 2.000000000 2
96 132 3 8192 2.000000000 2
96 152 3 8192 2.000000000 2
96 156 3 8192 2.000000000 2
96 168 3 8192 2.000000000 2
96 208 3 8192 2.000000000 2
96 212 3 8192 2.000000000 2
96 248 3 8192 2.000000000 2
96 300 3 8192 2.000000000 2
96 320 3 8192 2.000000000 2
96 356 3 8192 2.000000000 2
96 380 3 8192 2.000000000 2
96 388 3 8192 2.000000000 2
96 400 3 8192 2.000000000 2
96 404 3 8192 2.000000000 2
96 492 3 8192 2.000000000 2
96 500 3 8192 2.000000000 2
96 508 3 8192 2.000000000 2
96 520 3 8192 2.000000000 2
96 536 3 8192 2.000000000 2
96 540 3 8192 2.000000000 2
96 552 3 8192 2.000000000 2
96 576 3 8192 2.000000000 2
96 604 3 8192 2.000000000 2
96 608 3 8192 2.000000000 2
96 624 3 8192 2.000000000 2
96 640 3 8192 2.000000000 2
96 644 3 8192 2.000000000 2
96 664 3 8192 2.000000000 2
96 672 3 8192 2.000000000 2
96 700 3 8192 2.000000000 2
96 704 3 8192 2.000000000 2
96 740 3 8192 2.000000000 2
96 804 3 8192 2.000000000 2
96 812 3 8192 2.000000000 2
96 824 3 8192 2.000000000 2
96 840 3 8192 2.000000000 2
96 848 3 8192 2.000000000 2
96 884 3 8192 2.000000000 2
96 900 3 8192 2.000000000 2
96 928 3 8192 2.000000000 2
96 944 3 8192 2.000000000 2
96 956 3 8192 2.000000000 2
96 996 3 8192 2.000000000 2
96 1008 3 8192 2.000000000 2
96 1012 3 8192 2.000000000 2
96 1064 3 8192 2.000000000 2
96 1084 3 8192 2.000000000 2
96 1108 3 8192 2.000000000 2
96 1120 3 8192 2.000000000 2
96 1144 3 8192 2.000000000 2
96 1168 3 8192 2.000000000 2
96 1172 3 8192 2.000000000 2
96 1244 3 8192 2.000000000 2
96 1248 3 8192 2.000000000 2
96 1260 3 8192 2.000000000 2
100 32 3 8192 2.000000000 2
100 36 3 8192 2.000000000 2
100 56 3 8192 2.000000000 2
100 80 3 8192 2.000000000 2
100 116 3 8192 2.000000000 2
100 156 3 8192 2.000000000 2
100 168 3 8192 2.000000000 2
100 172 3 8192 2.000000000 2
100 176 3 8192 2.000000000 2
100 180 3 8192 2.000000000 2
100 200 3 8192 2.000000000 2
100 228 3 8192 2.000000000 2
100 268 3 8192 2.000000000 2
100 300 3 8192 2.000000000 2
100 320 3 8192 2.000000000 2
100 340 3 8192 2.000000000 2
100 344 3 8192 2.000000000 2
100 348 3 8192 2.000000000 2
100 368 3 8192 2.000000000 2
100 384 3 8192 2.000000000 2
100 408 3 8192 2.000000000 2
100 436 3 8192 2.000000000 2
100 476 3 8192 2.000000000 2
100 484 3 8192 2.000000000 2
100 512 3 8192 2.000000000 2
100 520 3 8192 2.000000000 2
100 540 3 8192 2.000000000 2
100 564 3 8192 2.000000000 2
100 576 3 8192 2.000000000 2
100 580 3 8192 2.000000000 2
100 600 3 8192 2.000000000 2
100 620 3 8192 2.000000000 2
100 632 3 8192 2.000000000 2
100 652 3 8192 2.000000000 2
100 664 3 8192 2.000000000 2
100 668 3 8192 2.000000000 2
100 716 3 8192 2.000000000 2
100 720 3 8192 2.000000000 2
100 748 3 8192 2.000000000 2
100 756 3 8192 2.000000000 2
100 764 3 8192 2.000000000 2
100 768 3 8192 2.000000000 2
100 852 3 8192 2.000000000 2
100 856 3 8192 2.000000000 2
100 912 3 8192 2.000000000 2
100 948 3 8192 2.000000000 2
100 976 3 8192 2.000000000 2
100 988 3 8192 2.000000000 2
100 1012 3 8192 2.000000000 2
100 1016 3 8192 2.000000000 2
100 1036 3 8192 2.000000000 2
100 1052 3 8192 2.000000000 2
100 1084 3 8192 2.000000000 2
100 1116 3 8192 2.000000000 2
100 1120 3 8192 2.000000000 2
100 1156 3 8192 2.000000000 2
100 1176 3 8192 2.000000000 2
100 1180 3 8192 2.000000000 2
100 1192 3 8192 2.000000000 2
100 1204 3 8192 2.000000000 2
100 1212 3 8192 2.000000000 2
100 1220 3 8192 2.000000000 2
100 1224 3 8192 2.000000000 2
100 1256 3 8192 2.000000000 2
104 36 3 8192 2.000000000 2
104 56 3 8192 2.000000000 2
104 88 3 8192 2.000000000 2
104 108 3 8192 2.000000000 2
104 120 3 8192 2.000000000 2
104 124 3 8192 2.000000000 2
104 152 3 8192 2.000000000 2
104 208 3 8192 2.000000000 2
104 212 3 8192 2.000000000 2
104 248 3 8192 2.000000000 2
104 256 3 8192 2.000000000 2
104 264 3 8192 2.000000000 2
104 268 3 8192 2.000000000 2
104 288 3 8192 2.000000000 2
104 292 3 8192 2.000000000 2
104 332 3 8192 2.000000000 2
104 356 3 8192 2.000000000 2
104 368 3 8192 2.000000000 2
104 468 3 8192 2.000000000 2
104 492 3 8192 2.000000000 2
104 504 3 8192 2.000000000 2
104 512 3 8192 2.000000000 2
104 516 3 8192 2.000000000 2
104 520 3 8192 2.000000000 2
104 536 3 8192 2.000000000 2
104 552 3 8192 2.000000000 2
104 572 3 8192 2.000000000 2
104 596 3 8192 2.000000000 2
104 640 3 8192 2.000000000 2
104 652 3 8192 2.000000000 2
104 672 3 8192 2.000000000 2
104 684 3 8192 2.000000000 2
104 704 3 8192 2.000000000 2
104 720 3 8192 2.000000000 2
104 740 3 8192 2.000000000 2
104 744 3 8192 2.000000000 2
104 748 3 8192 2.000000000 2
104 752 3 8192 2.000000000 2
104 764 3 8192 2.000000000 2
104 772 3 8192 2.000000000 2
104 800 3 8192 2.000000000 2
104 804 3 8192 2.000000000 2
104 828 3 8192 2.000000000 2
104 844 3 8192 2.000000000 2
104 884 3 8192 2.000000000 2
104 888 3 8192 2.000000000 2
104 892 3 8192 2.000000000 2
104 928 3 8192 2.000000000 2
104 940 3 8192 2.000000000 2
104 948 3 8192 2.000000000 2
104 960 3 8192 2.000000000 2
104 1000 3 8192 2.000000000 2
104 1008 3 8192 2.000000000 2
104 1016 3 8192 2.000000000 2
104 1024 3 8192 2.000000000 2
104 1084 3 8192 2.000000000 2
104 1092 3 8192 2.000000000 2
104 1096 3 8192 2.000000000 2
104 1120 3 8192 2.000000000 2
104 1164 3 8192 2.000000000 2
104 1172 3 8192 2.000000000 2
104 1176 3 8192 2.000000000 2
104 1180 3 8192 2.000000000 2
104 1260 3 8192 2.000000000 2
108 0 3 8192 2.000000000 2
108 4 3 8192 2.000000000 2
108 12 3 8192 2.000000000 2
108 28 3 8192 2.000000000 2
108 40 3 8192 2.000000000 2
108 76 3 8192 2.000000000 2
108 112 3 8192 2.000000000 2
108 120 3 8192 2.000000000 2
108 156 3 8192 2.000000000 2
108 248 3 8192 2.000000000 2
108 292 3 8192 2.000000000 2
108 320 3 8192 2.000000000 2
108 328 3 8192 2.000000000 2
108 384 3 8192 2.000000000 2
108 388 3 8192 2.000000000 2
108 392 3 8192 2.000000000 2
108 396 3 8192 2.000000000 2
108 408 3 8192 2.000000000 2
108 452 3 8192 2.000000000 2
108 472 3 8192 2.000000000 2
108 512 3 8192 2.000000000 2
108 516 3 8192 2.000000000 2
108 524 3 8192 2.000000000 2
108 532 3 8192 2.000000000 2
108 560 3 8192 2.000000000 2
108 572 3 8192 2.000000000 2
108 576 3 8192 2.000000000 2
108 580 3 8192 2.000000000 2
108 584 3 8192 2.000000000 2
108 588 3 8192 2.000000000 2
108 596 3 8192 2.000000000 2
108 600 3 8192 2.000000000 2
108 624 3 8192 2.000000000 2
108 628 3 8192 2.000000000 2
108 660 3 8192 2.000000000 2
108 668 3 8192 2.000000000 2
108 672 3 8192 2.000000000 2
108 692 3 8192 2.000000000 2
108 704 3 8192 2.000000000 2
108 740 3 8192 2.000000000 2
108 744 3 8192 2.000000000 2
108 756 3 8192 2.000000000 2
108 760 3 8192 2.000000000 2
108 804 3 8192 2.000000000 2
108 808 3 8192 2.000000000 2
108 824 3 8192 2.000000000 2
108 856 3 8192 2.000000000 2
108 900 3 8192 2.000000000 2
108 908 3 8192 2.000000000 2
108 940 3 8192 2.000000000 2
108 948 3 8192 2.000000000 2
108 980 3 8192 2.000000000 2
108 1004 3 8192 2.000000000 2
108 1032 3 8192 2.000000000 2
108 1040 3 8192 2.000000000 2
108 1060 3 8192 2.000000000 2
108 1132 3 8192 2.000000000 2
108 1144 3 8192 2.000000000 2
108 1168 3 8192 2.000000000 2
108 1192 3 8192 2.000000000 2
108 1200 3 8192 2.000000000 2
108 1208 3 8192 2.000000000 2
108 1212 3 8192 2.000000000 2
108 1256 3 8192 2.000000000 2
112 4 3 8192 2.000000000 2
112 40 3 8192 2.000000000 2
112 44 3 8192 2.000000000 2
112 76 3 8192 2.000000000 2
112 96 3 8192 2.000000000 2
112 100 3 8192 2.000000000 2
112 116 3 8192 2.000000000 2
112 120 3 8192 2.000000000 2
112 124 3 8192 2.000000000 2
112 136 3 8192 2.000000000 2
112 140 3 8192 2.000000000 2
112 152 3 8192 2.000000000 2
112 156 3 8192 2.000000000 2
112 160 3 8192 2.000000000 2
112 200 3 8192 2.000000000 2
112 260 3 8192 2.000000000 2
112 264 3 8192 2.000000000 2
112 344 3 8192 2.000000000 2
112 396 3 8192 2.000000000 2
112 424 3 8192 2.000000000 2
112 476 3 8192 2.000000000 2
112 504 3 8192 2.000000000 2
112 520 3 8192 2.000000000 2
112 540 3 8192 2.000000000 2
112 552 3 8192 2.000000000 2
112 560 3 8192 2.000000000 2
112 596 3 8192 2.000000000 2
112 648 3 8192 2.000000000 2
112 668 3 8192 2.000000000 2
112 692 3 8192 2.000000000 2
112 700 3 8192 2.000000000 2
112 716 3 8192 2.000000000 2
112 736 3 8192 2.000000000 2
112 752 3 8192 2.000000000 2
112 760 3 8192 2.000000000 2
112 792 3 8192 2.000000000 2
112 812 3 8192 2.000000000 2
112 824 3 8192 2.000000000 2
112 828 3 8192 2.000000000 2
112 836 3 8192 2.000000000 2
112 844 3 8192 2.000000000 2
112 876 3 8192 2.000000000 2
112 892 3 8192 2.000000000 2
112 908 3 8192 2.000000000 2
112 924 3 8192 2.000000000 2
112 940 3 8192 2.000000000 2
112 948 3 8192 2.000000000 2
112 968 3 8192 2.000000000 2
112 980 3 8192 2.000000000 2
112 1016 3 8192 2.000000000 2
112 1060 3 8192 2.000000000 2
112 1096 3 8192 2.000000000 2
112 1100 3 8192 2.000000000 2
112 1108 3 8192 2.000000000 2
112 1124 3 8192 2.000000000 2
112 1128 3 8192 2.000000000 2
112 1164 3 8192 2.000000000 2
112 1204 3 8192 2.000000000 2
112 1212 3 8192 2.000000000 2
112 1224 3 8192 2.000000000 2
112 1232 3 8192 2.000000000 2
112 1236 3 8192 2.000000000 2
112 1248 3 8192 2.000000000 2
112 1268 3 8192 2.000000000 2
116 4 3 8192 2.000000000 2
116 32 3 8192 2.000000000 2
116 36 3 8192 2.000000000 2
116 44 3 8192 2.000000000 2
116 72 3 8192 2.000000000 2
116 80 3 8192 2.000000000 2
116 120 3 8192 2.000000000 2
116 156 3 8192 2.000000000 2
116 180 3 8192 2.000000000 2
116 184 3 8192 2.000000000 2
116 192 3 8192 2.000000000 2
116 200 3 8192 2.000000000 2
116 240 3 8192 2.000000000 2
116 264 3 8192 2.000000000 2
116 268 3 8192 2.000000000 2
116 292 3 8192 2.000000000 2
116 324 3 8192 2.000000000 2
116 344 3 8192 2.000000000 2
116 372 3 8192 2.000000000 2
116 396 3 8192 2.000000000 2
116 464 3 8192 2.000000000 2
116 480 3 8192 2.000000000 2
116 488 3 8192 2.000000000 2
116 520 3 8192 2.000000000 2
116 568 3 8192 2.000000000 2
116 624 3 8192 2.000000000 2
116 628 3 8192 2.000000000 2
116 652 3 8192 2.000000000 2
116 660 3 8192 2.000000000 2
116 700 3 8192 2.000000000 2
116 712 3 8192 2.000000000 2
116 716 3 8192 2.000000000 2
116 748 3 8192 2.000000000 2
116 764 3 8192 2.000000000 2
116 772 3 8192 2.000000000 2
116 816 3 8192 2.000000000 2
116 824 3 8192 2.000000000 2
116 828 3 8192 2.000000000 2
116 844 3 8192 2.000000000 2
116 848 3 8192 2.000000000 2
116 864 3 8192 2.000000000 2
116 880 3 8192 2.000000000 2
116 892 3 8192 2.000000000 2
116 948 3 8192 2.000000000 2
116 956 3 8192 2.000000000 2
116 964 3 8192 2.000000000 2
116 976 3 8192 2.000000000 2
116 988 3 8192 2.000000000 2
116 1032 3 8192 2.000000000 2
116 1040 3 8192 2.000000000 2
116 1068 3 8192 2.000000000 2
116 1076 3 8192 2.000000000 2
116 1100 3 8192 2.000000000 2
116 1108 3 8192 2.000000000 2
116 1124 3 8192 2.000000000 2
116 1144 3 8192 2.000000000 2
116 1156 3 8192 2.000000000 2
116 1168 3 8192 2.000000000 2
116 1200 3 8192 2.000000000 2
116 1204 3 8192 2.000000000 2
116 1208 3 8192 2.000000000 2
116 1232 3 8192 2.000000000 2
116 1248 3 8192 2.000000000 2
116 1256 3 8192 2.000000000 2
120 4 3 8192 2.000000000 2
120 12 3 8192 2.000000000 2
120 28 3 8192 2.000000000 2
120 80 3 8192 2.000000000 2
120 124 3 8192 2.000000000 2
120 132 3 8192 2.000000000 2
120 136 3 8192 2.000000000 2
120 152 3 8192 2.000000000 2
120 156 3 8192 2.000000000 2
120 168 3 8192 2.000000000 2
120 176 3 8192 2.000000000 2
120 180 3 8192 2.000000000 2
120 208 3 8192 2.000000000 2
120 212 3 8192 2.000000000 2
120 228 3 8192 2.000000000 2
120 248 3 8192 2.000000000 2
120 256 3 8192 2.000000000 2
120 292 3 8192 2.000000000 2
120 312 3 8192 2.000000000 2
120 316 3 8192 2.000000000 2
120 320 3 8192 2.000000000 2
120 324 3 8192 2.000000000 2
120 328 3 8192 2.000000000 2
120 408 3 8192 2.000000000 2
120 424 3 8192 2.000000000 2
120 456 3 8192 2.000000000 2
120 472 3 8192 2.000000000 2
120 508 3 8192 2.000000000 2
120 536 3 8192 2.000000000 2
120 560 3 8192 2.000000000 2
120 592 3 8192 2.000000000 2
120 596 3 8192 2.000000000 2
120 624 3 8192 2.000000000 2
120 640 3 8192 2.000000000 2
120 692 3 8192 2.000000000 2
120 712 3 8192 2.000000000 2
120 752 3 8192 2.000000000 2
120 772 3 8192 2.000000000 2
120 788 3 8192 2.000000000 2
120 792 3 8192 2.000000000 2
120 800 3 8192 2.000000000 2
120 808 3 8192 2.000000000 2
120 856 3 8192 2.000000000 2
120 864 3 8192 2.000000000 2
120 872 3 8192 2.000000000 2
120 876 3 8192 2.000000000 2
120 880 3 8192 2.000000000 2
120 904 3 8192 2.000000000 2
120 912 3 8192 2.000000000 2
120 928 3 8192 2.000000000 2
120 944 3 8192 2.000000000 2
120 948 3 8192 2.000000000 2
120 1016 3 8192 2.000000000 2
120 1028 3 8192 2.000000000 2
120 1036 3 8192 2.000000000 2
120 1040 3 8192 2.000000000 2
120 1052 3 8192 2.000000000 2
120 1132 3 8192 2.000000000 2
120 1164 3 8192 2.000000000 2
120 1200 3 8192 2.000000000 2
120 1224 3 8192 2.000000000 2
120 1248 3 8192 2.000000000 2
120 1260 3 8192 2.000000000 2
120 1268 3 8192 2.000000000 2
124 40 3 8192 2.000000000 2
124 56 3 8192 2.000000000 2
124 68 3 8192 2.000000000 2
124 92 3 8192 2.000000000 2
124 112 3 8192 2.000000000 2
124 116 3 8192 2.000000000 2
124 136 3 8192 2.000000000 2
124 172 3 8192 2.000000000 2
124 176 3 8192 2.000000000 2
124 192 3 8192 2.000000000 2
124 220 3 8192 2.000000000 2
124 268 3 8192 2.000000000 2
124 292 3 8192 2.000000000 2
124 316 3 8192 2.000000000 2
124 340 3 8192 2.000000000 2
124 344 3 8192 2.000000000 2
124 368 3 8192 2.000000000 2
124 432 3 8192 2.000000000 2
124 460 3 8192 2.000000000 2
124 476 3 8192 2.000000000 2
124 544 3 8192 2.000000000 2
124 560 3 8192 2.000000000 2
124 592 3 8192 2.000000000 2
124 596 3 8192 2.000000000 2
124 608 3 8192 2.000000000 2
124 612 3 8192 2.000000000 2
124 616 3 8192 2.000000000 2
124 620 3 8192 2.000000000 2
124 628 3 8192 2.000000000 2
124 704 3 8192 2.000000000 2
124 708 3 8192 2.000000000 2
124 716 3 8192 2.000000000 2
124 732 3 8192 2.000000000 2
124 736 3 8192 2.000000000 2
124 740 3 8192 2.000000000 2
124 752 3 8192 2.000000000 2
124 788 3 8192 2.000000000 2
124 792 3 8192 2.000000000 2
124 808 3 8192 2.000000000 2
124 824 3 8192 2.000000000 2
124 856 3 8192 2.000000000 2
124 872 3 8192 2.000000000 2
124 884 3 8192 2.000000000 2
124 916 3 8192 2.000000000 2
124 932 3 8192 2.000000000 2
124 944 3 8192 2.000000000 2
124 968 3 8192 2.000000000 2
124 980 3 8192 2.000000000 2
124 1008 3 8192 2.000000000 2
124 1032 3 8192 2.000000000 2
124 1064 3 8192 2.000000000 2
124 1096 3 8192 2.000000000 2
124 1108 3 8192 2.000000000 2
124 1120 3 8192 2.000000000 2
124 1124 3 8192 2.000000000 2
124 1160 3 8192 2.000000000 2
124 1164 3 8192 2.000000000 2
124 1168 3 8192 2.000000000 2
124 1184 3 8192 2.000000000 2
124 1192 3 8192 2.000000000 2
124 1216 3 8192 2.000000000 2
124 1244 3 8192 2.000000000 2
124 1256 3 8192 2.000000000 2
124 1268 3 8192 2.000000000 2
132 4 3 8192 2.000000000 2
132 8 3 8192 2.000000000 2
132 48 3 8192 2.000000000 2
132 80 3 8192 2.000000000 2
132 96 3 8192 2.000000000 2
132 156 3 8192 2.000000000 2
132 172 3 8192 2.000000000 2
132 200 3 8192 2.000000000 2
132 228 3 8192 2.000000000 2
132 248 3 8192 2.000000000 2
132 252 3 8192 2.000000000 2
132 300 3 8192 2.000000000 2
132 384 3 8192 2.000000000 2
132 396 3 8192 2.000000000 2
132 404 3 8192 2.000000000 2
132 436 3 8192 2.000000000 2
132 440 3 8192 2.000000000 2
132 456 3 8192 2.000000000 2
132 468 3 8192 2.000000000 2
132 476 3 8192 2.000000000 2
132 480 3 8192 2.000000000 2
132 484 3 8192 2.000000000 2
132 516 3 8192 2.000000000 2
132 520 3 8192 2.000000000 2
132 532 3 8192 2.000000000 2
132 544 3 8192 2.000000000 2
132 564 3 8192 2.000000000 2
132 568 3 8192 2.000000000 2
132 588 3 8192 2.000000000 2
132 592 3 8192 2.000000000 2
132 596 3 8192 2.000000000 2
132 604 3 8192 2.000000000 2
132 628 3 8192 2.000000000 2
132 644 3 8192 2.000000000 2
132 680 3 8192 2.000000000 2
132 696 3 8192 2.000000000 2
132 700 3 8192 2.000000000 2
132 708 3 8192 2.000000000 2
132 736 3 8192 2.000000000 2
132 756 3 8192 2.000000000 2
132 788 3 8192 2.000000000 2
132 844 3 8192 2.000000000 2
132 856 3 8192 2.000000000 2
132 868 3 8192 2.000000000 2
132 876 3 8192 2.000000000 2
132 932 3 8192 2.000000000 2
132 940 3 8192 2.000000000 2
132 956 3 8192 2.000000000 2
132 1008 3 8192 2.000000000 2
132 1016 3 8192 2.000000000 2
132 1052 3 8192 2.000000000 2
132 1068 3 8192 2.000000000 2
132 1084 3 8192 2.000000000 2
132 1096 3 8192 2.000000000 2
132 1100 3 8192 2.000000000 2
132 1124 3 8192 2.000000000 2
132 1128 3 8192 2.000000000 2
132 1132 3 8192 2.000000000 2
132 1144 3 8192 2.000000000 2
132 1156 3 8192 2.000000000 2
132 1176 3 8192 2.000000000 2
132 1180 3 8192 2.000000000 2
132 1244 3 8192 2.000000000 2
132 1256 3 8192 2.000000000 2
136 8 3 8192 2.000000000 2
136 20 3 8192 2.000000000 2
136 32 3 8192 2.000000000 2
136 48 3 8192 2.000000000 2
136 68 3 8192 2.000000000 2
136 72 3 8192 2.000000000 2
136 96 3 8192 2.000000000 2
136 112 3 8192 2.000000000 2
136 180 3 8192 2.000000000 2
136 212 3 8192 2.000000000 2
136 216 3 8192 2.000000000 2
136 252 3 8192 2.000000000 2
136 348 3 8192 2.000000000 2
136 392 3 8192 2.000000000 2
136 472 3 8192 2.000000000 2
136 476 3 8192 2.000000000 2
136 484 3 8192 2.000000000 2
136 488 3 8192 2.000000000 2
136 492 3 8192 2.000000000 2
136 496 3 8192 2.000000000 2
136 500 3 8192 2.000000000 2
136 516 3 8192 2.000000000 2
136 540 3 8192 2.000000000 2
136 552 3 8192 2.000000000 2
136 580 3 8192 2.000000000 2
136 592 3 8192 2.000000000 2
136 644 3 8192 2.000000000 2
136 660 3 8192 2.000000000 2
136 664 3 8192 2.000000000 2
136 668 3 8192 2.000000000 2
136 680 3 8192 2.000000000 2
136 692 3 8192 2.000000000 2
136 736 3 8192 2.000000000 2
136 772 3 8192 2.000000000 2
136 800 3 8192 2.000000000 2
136 816 3 8192 2.000000000 2
136 824 3 8192 2.000000000 2
136 848 3 8192 2.000000000 2
136 852 3 8192 2.000000000 2
136 856 3 8192 2.000000000 2
136 868 3 8192 2.000000000 2
136 872 3 8192 2.000000000 2
136 876 3 8192 2.000000000 2
136 880 3 8192 2.000000000 2
136 888 3 8192 2.000000000 2
136 892 3 8192 2.000000000 2
136 904 3 8192 2.000000000 2
136 912 3 8192 2.000000000 2
136 916 3 8192 2.000000000 2
136 924 3 8192 2.000000000 2
136 928 3 8192 2.000000000 2
136 948 3 8192 2.000000000 2
136 960 3 8192 2.000000000 2
136 992 3 8192 2.000000000 2
136 1016 3 8192 2.000000000 2
136 1036 3 8192 2.000000000 2
136 1076 3 8192 2.000000000 2
136 1148 3 8192 2.000000000 2
136 1168 3 8192 2.000000000 2
136 1172 3 8192 2.000000000 2
136 1176 3 8192 2.000000000 2
136 1184 3 8192 2.000000000 2
136 1208 3 8192 2.000000000 2
136 1232 3 8192 2.000000000 2
140 4 3 8192 2.000000000 2
140 28 3 8192 2.000000000 2
140 32 3 8192 2.000000000 2
140 36 3 8192 2.000000000 2
140 40 3 8192 2.000000000 2
140 56 3 8192 2.000000000 2
140 80 3 8192 2.000000000 2
140 100 3 8192 2.000000000 2
140 176 3 8192 2.000000000 2
140 192 3 8192 2.000000000 2
140 200 3 8192 2.000000000 2
140 212 3 8192 2.000000000 2
140 240 3 8192 2.000000000 2
140 316 3 8192 2.000000000 2
140 328 3 8192 2.000000000 2
140 336 3 8192 2.000000000 2
140 344 3 8192 2.000000000 2
140 348 3 8192 2.000000000 2
140 408 3 8192 2.000000000 2
140 440 3 8192 2.000000000 2
140 524 3 8192 2.000000000 2
140 540 3 8192 2.000000000 2
140 544 3 8192 2.000000000 2
140 560 3 8192 2.000000000 2
140 600 3 8192 2.000000000 2
140 620 3 8192 2.000000000 2
140 624 3 8192 2.000000000 2
140 628 3 8192 2.000000000 2
140 680 3 8192 2.000000000 2
140 696 3 8192 2.000000000 2
140 704 3 8192 2.000000000 2
140 716 3 8192 2.000000000 2
140 744 3 8192 2.000000000 2
140 748 3 8192 2.000000000 2
140 760 3 8192 2.000000000 2
140 764 3 8192 2.000000000 2
140 792 3 8192 2.000000000 2
140 812 3 8192 2.000000000 2
140 840 3 8192 2.000000000 2
140 844 3 8192 2.000000000 2
140 880 3 8192 2.000000000 2
140 884 3 8192 2.000000000 2
140 908 3 8192 2.000000000 2
140 924 3 8192 2.000000000 2
140 948 3 8192 2.000000000 2
140 968 3 8192 2.000000000 2
140 992 3 8192 2.000000000 2
140 1012 3 8192 2.000000000 2
140 1040 3 8192 2.000000000 2
140 1060 3 8192 2.000000000 2
140 1076 3 8192 2.000000000 2
140 1084 3 8192 2.000000000 2
140 1096 3 8192 2.000000000 2
140 1116 3 8192 2.000000000 2
140 1160 3 8192 2.000000000 2
140 1168 3 8192 2.000000000 2
140 1180 3 8192 2.000000000 2
140 1184 3 8192 2.000000000 2
140 1200 3 8192 2.000000000 2
140 1220 3 8192 2.000000000 2
140 1236 3 8192 2.000000000 2
140 1244 3 8192 2.000000000 2
140 1256 3 8192 2.000000000 2
140 1264 3 8192 2.000000000 2
152 8 3 8192 2.000000000 2
152 40 3 8192 2.000000000 2
152 44 3 8192 2.000000000 2
152 72 3 8192 2.000000000 2
152 80 3 8192 2.000000000 2
152 100 3 8192 2.000000000 2
152 124 3 8192 2.000000000 2
152 136 3 8192 2.000000000 2
152 140 3 8192 2.000000000 2
152 168 3 8192 2.000000000 2
152 172 3 8192 2.000000000 2
152 176 3 8192 2.000000000 2
152 200 3 8192 2.000000000 2
152 216 3 8192 2.000000000 2
152 252 3 8192 2.000000000 2
152 300 3 8192 2.000000000 2
152 308 3 8192 2.000000000 2
152 320 3 8192 2.000000000 2
152 356 3 8192 2.000000000 2
152 380 3 8192 2.000000000 2
152 388 3 8192 2.000000000 2
152 404 3 8192 2.000000000 2
152 432 3 8192 2.000000000 2
152 456 3 8192 2.000000000 2
152 508 3 8192 2.000000000 2
152 520 3 8192 2.000000000 2
152 568 3 8192 2.000000000 2
152 612 3 8192 2.000000000 2
152 628 3 8192 2.000000000 2
152 664 3 8192 2.000000000 2
152 668 3 8192 2.000000000 2
152 684 3 8192 2.000000000 2
152 688 3 8192 2.000000000 2
152 696 3 8192 2.000000000 2
152 700 3 8192 2.000000000 2
152 716 3 8192 2.000000000 2
152 744 3 8192 2.000000000 2
152 752 3 8192 2.000000000 2
152 756 3 8192 2.000000000 2
152 764 3 8192 2.000000000 2
152 812 3 8192 2.000000000 2
152 824 3 8192 2.000000000 2
152 836 3 8192 2.000000000 2
152 876 3 8192 2.000000000 2
152 880 3 8192 2.000000000 2
152 920 3 8192 2.000000000 2
152 932 3 8192 2.000000000 2
152 960 3 8192 2.000000000 2
152 968 3 8192 2.000000000 2
152 976 3 8192 2.000000000 2
152 988 3 8192 2.000000000 2
152 996 3 8192 2.000000000 2
152 1012 3 8192 2.000000000 2
152 1028 3 8192 2.000000000 2
152 1032 3 8192 2.000000000 2
152 1036 3 8192 2.000000000 2
152 1052 3 8192 2.000000000 2
152 1060 3 8192 2.000000000 2
152 1076 3 8192 2.000000000 2
152 1132 3 8192 2.000000000 2
152 1156 3 8192 2.000000000 2
152 1160 3 8192 2.000000000 2
152 1208 3 8192 2.000000000 2
152 1220 3 8192 2.000000000 2
156 20 3 8192 2.000000000 2
156 40 3 8192 2.000000000 2
156 72 3 8192 2.000000000 2
156 116 3 8192 2.000000000 2
156 180 3 8192 2.000000000 2
156 184 3 8192 2.000000000 2
156 200 3 8192 2.000000000 2
156 208 3 8192 2.000000000 2
156 248 3 8192 2.000000000 2
156 256 3 8192 2.000000000 2
156 260 3 8192 2.000000000 2
156 268 3 8192 2.000000000 2
156 300 3 8192 2.000000000 2
156 308 3 8192 2.000000000 2
156 320 3 8192 2.000000000 2
156 340 3 8192 2.000000000 2
156 348 3 8192 2.000000000 2
156 360 3 8192 2.000000000 2
156 400 3 8192 2.000000000 2
156 460 3 8192 2.000000000 2
156 488 3 8192 2.000000000 2
156 492 3 8192 2.000000000 2
156 500 3 8192 2.000000000 2
156 532 3 8192 2.000000000 2
156 536 3 8192 2.000000000 2
156 540 3 8192 2.000000000 2
156 544 3 8192 2.000000000 2
156 564 3 8192 2.000000000 2
156 572 3 8192 2.000000000 2
156 580 3 8192 2.000000000 2
156 604 3 8192 2.000000000 2
156 620 3 8192 2.000000000 2
156 628 3 8192 2.000000000 2
156 636 3 8192 2.000000000 2
156 640 3 8192 2.000000000 2
156 664 3 8192 2.000000000 2
156 684 3 8192 2.000000000 2
156 696 3 8192 2.000000000 2
156 708 3 8192 2.000000000 2
156 744 3 8192 2.000000000 2
156 788 3 8192 2.000000000 2
156 792 3 8192 2.000000000 2
156 816 3 8192 2.000000000 2
156 868 3 8192 2.000000000 2
156 872 3 8192 2.000000000 2
156 880 3 8192 2.000000000 2
156 908 3 8192 2.000000000 2
156 916 3 8192 2.000000000 2
156 920 3 8192 2.000000000 2
156 948 3 8192 2.000000000 2
156 964 3 8192 2.000000000 2
156 980 3 8192 2.000000000 2
156 996 3 8192 2.000000000 2
156 1000 3 8192 2.000000000 2
156 1028 3 8192 2.000000000 2
156 1100 3 8192 2.000000000 2
156 1120 3 8192 2.000000000 2
156 1128 3 8192 2.000000000 2
156 1144 3 8192 2.000000000 2
156 1148 3 8192 2.000000000 2
156 1156 3 8192 2.000000000 2
156 1160 3 8192 2.000000000 2
156 1192 3 8192 2.000000000 2
156 1248 3 8192 2.000000000 2
160 4 3 8192 2.000000000 2
160 12 3 8192 2.000000000 2
160 48 3 8192 2.000000000 2
160 72 3 8192 2.000000000 2
160 88 3 8192 2.000000000 2
160 100 3 8192 2.000000000 2
160 116 3 8192 2.000000000 2
160 120 3 8192 2.000000000 2
160 132 3 8192 2.000000000 2
160 136 3 8192 2.000000000 2
160 152 3 8192 2.000000000 2
160 168 3 8192 2.000000000 2
160 172 3 8192 2.000000000 2
160 176 3 8192 2.000000000 2
160 240 3 8192 2.000000000 2
160 248 3 8192 2.000000000 2
160 256 3 8192 2.000000000 2
160 284 3 8192 2.000000000 2
160 316 3 8192 2.000000000 2
160 320 3 8192 2.000000000 2
160 328 3 8192 2.000000000 2
160 340 3 8192 2.000000000 2
160 344 3 8192 2.000000000 2
160 356 3 8192 2.000000000 2
160 384 3 8192 2.000000000 2
160 392 3 8192 2.000000000 2
160 424 3 8192 2.000000000 2
160 452 3 8192 2.000000000 2
160 456 3 8192 2.000000000 2
160 464 3 8192 2.000000000 2
160 480 3 8192 2.000000000 2
160 512 3 8192 2.000000000 2
160 520 3 8192 2.000000000 2
160 560 3 8192 2.000000000 2
160 568 3 8192 2.000000000 2
160 596 3 8192 2.000000000 2
160 604 3 8192 2.000000000 2
160 612 3 8192 2.000000000 2
160 616 3 8192 2.000000000 2
160 620 3 8192 2.000000000 2
160 636 3 8192 2.000000000 2
160 672 3 8192 2.000000000 2
160 700 3 8192 2.000000000 2
160 708 3 8192 2.000000000 2
160 752 3 8192 2.000000000 2
160 816 3 8192 2.000000000 2
160 824 3 8192 2.000000000 2
160 840 3 8192 2.000000000 2
160 880 3 8192 2.000000000 2
160 892 3 8192 2.000000000 2
160 940 3 8192 2.000000000 2
160 956 3 8192 2.000000000 2
160 964 3 8192 2.000000000 2
160 996 3 8192 2.000000000 2
160 1008 3 8192 2.000000000 2
160 1032 3 8192 2.000000000 2
160 1068 3 8192 2.000000000 2
160 1096 3 8192 2.000000000 2
160 1124 3 8192 2.000000000 2
160 1148 3 8192 2.000000000 2
160 1176 3 8192 2.000000000 2
160 1200 3 8192 2.000000000 2
160 1236 3 8192 2.000000000 2
160 1260 3 8192 2.000000000 2
168 4 3 8192 2.000000000 2
168 20 3 8192 2.000000000 2
168 32 3 8192 2.000000000 2
168 56 3 8192 2.000000000 2
168 96 3 8192 2.000000000 2
168 108 3 8192 2.000000000 2
168 124 3 8192 2.000000000 2
168 140 3 8192 2.000000000 2
168 156 3 8192 2.000000000 2
168 240 3 8192 2.000000000 2
168 248 3 8192 2.000000000 2
168 284 3 8192 2.000000000 2
168 300 3 8192 2.000000000 2
168 324 3 8192 2.000000000 2
168 328 3 8192 2.000000000 2
168 368 3 8192 2.000000000 2
168 380 3 8192 2.000000000 2
168 392 3 8192 2.000000000 2
168 404 3 8192 2.000000000 2
168 408 3 8192 2.000000000 2
168 452 3 8192 2.000000000 2
168 464 3 8192 2.000000000 2
168 468 3 8192 2.000000000 2
168 472 3 8192 2.000000000 2
168 576 3 8192 2.000000000 2
168 592 3 8192 2.000000000 2
168 596 3 8192 2.000000000 2
168 620 3 8192 2.000000000 2
168 632 3 8192 2.000000000 2
168 656 3 8192 2.000000000 2
168 688 3 8192 2.000000000 2
168 740 3 8192 2.000000000 2
168 744 3 8192 2.000000000 2
168 756 3 8192 2.000000000 2
168 772 3 8192 2.000000000 2
168 824 3 8192 2.000000000 2
168 836 3 8192 2.000000000 2
168 848 3 8192 2.000000000 2
168 856 3 8192 2.000000000 2
168 872 3 8192 2.000000000 2
168 888 3 8192 2.000000000 2
168 900 3 8192 2.000000000 2
168 908 3 8192 2.000000000 2
168 924 3 8192 2.000000000 2
168 968 3 8192 2.000000000 2
168 988 3 8192 2.000000000 2
168 1000 3 8192 2.000000000 2
168 1008 3 8192 2.000000000 2
168 1020 3 8192 2.000000000 2
168 1036 3 8192 2.000000000 2
168 1044 3 8192 2.000000000 2
168 1060 3 8192 2.000000000 2
168 1092 3 8192 2.000000000 2
168 1096 3 8192 2.000000000 2
168 1100 3 8192 2.000000000 2
168 1132 3 8192 2.000000000 2
168 1172 3 8192 2.000000000 2
168 1180 3 8192 2.000000000 2
168 1184 3 8192 2.000000000 2
168 1204 3 8192 2.000000000 2
168 1212 3 8192 2.000000000 2
168 1216 3 8192 2.000000000 2
168 1256 3 8192 2.000000000 2
168 1260 3 8192 2.000000000 2
172 4 3 8192 2.000000000 2
172 12 3 8192 2.000000000 2
172 36 3 8192 2.000000000 2
172 40 3 8192 2.000000000 2
172 56 3 8192 2.000000000 2
172 68 3 8192 2.000000000 2
172 160 3 8192 2.000000000 2
172 176 3 8192 2.000000000 2
172 192 3 8192 2.000000000 2
172 216 3 8192 2.000000000 2
172 228 3 8192 2.000000000 2
172 264 3 8192 2.000000000 2
172 284 3 8192 2.000000000 2
172 292 3 8192 2.000000000 2
172 300 3 8192 2.000000000 2
172 316 3 8192 2.000000000 2
172 324 3 8192 2.000000000 2
172 340 3 8192 2.000000000 2
172 372 3 8192 2.000000000 2
172 400 3 8192 2.000000000 2
172 460 3 8192 2.000000000 2
172 472 3 8192 2.000000000 2
172 476 3 8192 2.000000000 2
172 480 3 8192 2.000000000 2
172 532 3 8192 2.000000000 2
172 540 3 8192 2.000000000 2
172 560 3 8192 2.000000000 2
172 572 3 8192 2.000000000 2
172 576 3 8192 2.000000000 2
172 592 3 8192 2.000000000 2
172 632 3 8192 2.000000000 2
172 636 3 8192 2.000000000 2
172 656 3 8192 2.000000000 2
172 692 3 8192 2.000000000 2
172 696 3 8192 2.000000000 2
172 704 3 8192 2.000000000 2
172 740 3 8192 2.000000000 2
172 772 3 8192 2.000000000 2
172 800 3 8192 2.000000000 2
172 840 3 8192 2.000000000 2
172 848 3 8192 2.000000000 2
172 856 3 8192 2.000000000 2
172 868 3 8192 2.000000000 2
172 920 3 8192 2.000000000 2
172 924 3 8192 2.000000000 2
172 948 3 8192 2.000000000 2
172 956 3 8192 2.000000000 2
172 960 3 8192 2.000000000 2
172 976 3 8192 2.000000000 2
172 980 3 8192 2.000000000 2
172 988 3 8192 2.000000000 2
172 1004 3 8192 2.000000000 2
172 1068 3 8192 2.000000000 2
172 1116 3 8192 2.000000000 2
172 1128 3 8192 2.000000000 2
172 1132 3 8192 2.000000000 2
172 1144 3 8192 2.000000000 2
172 1156 3 8192 2.000000000 2
172 1180 3 8192 2.000000000 2
172 1200 3 8192 2.000000000 2
172 1212 3 8192 2.000000000 2
172 1216 3 8192 2.000000000 2
172 1244 3 8192 2.000000000 2
172 1264 3 8192 2.000000000 2
176 12 3 8192 2.000000000 2
176 28 3 8192 2.000000000 2
176 48 3 8192 2.000000000 2
176 104 3 8192 2.000000000 2
176 152 3 8192 2.000000000 2
176 168 3 8192 2.000000000 2
176 192 3 8192 2.000000000 2
176 216 3 8192 2.000000000 2
176 252 3 8192 2.000000000 2
176 256 3 8192 2.000000000 2
176 268 3 8192 2.000000000 2
176 288 3 8192 2.000000000 2
176 328 3 8192 2.000000000 2
176 344 3 8192 2.000000000 2
176 356 3 8192 2.000000000 2
176 368 3 8192 2.000000000 2
176 424 3 8192 2.000000000 2
176 432 3 8192 2.000000000 2
176 468 3 8192 2.000000000 2
176 472 3 8192 2.000000000 2
176 476 3 8192 2.000000000 2
176 520 3 8192 2.000000000 2
176 524 3 8192 2.000000000 2
176 560 3 8192 2.000000000 2
176 564 3 8192 2.000000000 2
176 604 3 8192 2.000000000 2
176 616 3 8192 2.000000000 2
176 620 3 8192 2.000000000 2
176 624 3 8192 2.000000000 2
176 644 3 8192 2.000000000 2
176 648 3 8192 2.000000000 2
176 668 3 8192 2.000000000 2
176 684 3 8192 2.000000000 2
176 692 3 8192 2.000000000 2
176 696 3 8192 2.000000000 2
176 704 3 8192 2.000000000 2
176 748 3 8192 2.000000000 2
176 764 3 8192 2.000000000 2
176 772 3 8192 2.000000000 2
176 800 3 8192 2.000000000 2
176 816 3 8192 2.000000000 2
176 828 3 8192 2.000000000 2
176 852 3 8192 2.000000000 2
176 856 3 8192 2.000000000 2
176 868 3 8192 2.000000000 2
176 880 3 8192 2.000000000 2
176 904 3 8192 2.000000000 2
176 968 3 8192 2.000000000 2
176 976 3 8192 2.000000000 2
176 1000 3 8192 2.000000000 2
176 1008 3 8192 2.000000000 2
176 1028 3 8192 2.000000000 2
176 1084 3 8192 2.000000000 2
176 1096 3 8192 2.000000000 2
176 1124 3 8192 2.000000000 2
176 1128 3 8192 2.000000000 2
176 1132 3 8192 2.000000000 2
176 1144 3 8192 2.000000000 2
176 1168 3 8192 2.000000000 2
176 1176 3 8192 2.000000000 2
176 1180 3 8192 2.000000000 2
176 1184 3 8192 2.000000000 2
176 1204 3 8192 2.000000000 2
176 1208 3 8192 2.000000000 2
180 20 3 8192 2.000000000 2
180 68 3 8192 2.000000000 2
180 116 3 8192 2.000000000 2
180 140 3 8192 2.000000000 2
180 160 3 8192 2.000000000 2
180 172 3 8192 2.000000000 2
180 248 3 8192 2.000000000 2
180 252 3 8192 2.000000000 2
180 264 3 8192 2.000000000 2
180 288 3 8192 2.000000000 2
180 324 3 8192 2.000000000 2
180 340 3 8192 2.000000000 2
180 344 3 8192 2.000000000 2
180 356 3 8192 2.000000000 2
180 368 3 8192 2.000000000 2
180 380 3 8192 2.000000000 2
180 384 3 8192 2.000000000 2
180 388 3 8192 2.000000000 2
180 400 3 8192 2.000000000 2
180 404 3 8192 2.000000000 2
180 408 3 8192 2.000000000 2
180 468 3 8192 2.000000000 2
180 476 3 8192 2.000000000 2
180 480 3 8192 2.000000000 2
180 500 3 8192 2.000000000 2
180 504 3 8192 2.000000000 2
180 512 3 8192 2.000000000 2
180 516 3 8192 2.000000000 2
180 540 3 8192 2.000000000 2
180 544 3 8192 2.000000000 2
180 596 3 8192 2.000000000 2
180 600 3 8192 2.000000000 2
180 628 3 8192 2.000000000 2
180 648 3 8192 2.000000000 2
180 652 3 8192 2.000000000 2
180 668 3 8192 2.000000000 2
180 672 3 8192 2.000000000 2
180 688 3 8192 2.000000000 2
180 704 3 8192 2.000000000 2
180 720 3 8192 2.000000000 2
180 732 3 8192 2.000000000 2
180 760 3 8192 2.000000000 2
180 812 3 8192 2.000000000 2
180 848 3 8192 2.000000000 2
180 868 3 8192 2.000000000 2
180 908 3 8192 2.000000000 2
180 912 3 8192 2.000000000 2
180 948 3 8192 2.000000000 2
180 956 3 8192 2.000000000 2
180 976 3 8192 2.000000000 2
180 1004 3 8192 2.000000000 2
180 1016 3 8192 2.000000000 2
180 1020 3 8192 2.000000000 2
180 1024 3 8192 2.000000000 2
180 1028 3 8192 2.000000000 2
180 1044 3 8192 2.000000000 2
180 1060 3 8192 2.000000000 2
180 1068 3 8192 2.000000000 2
180 1176 3 8192 2.000000000 2
180 1184 3 8192 2.000000000 2
180 1200 3 8192 2.000000000 2
180 1216 3 8192 2.000000000 2
180 1224 3 8192 2.000000000 2
180 1232 3 8192 2.000000000 2
184 4 3 8192 2.000000000 2
184 96 3 8192 2.000000000 2
184 136 3 8192 2.000000000 2
184 156 3 8192 2.000000000 2
184 168 3 8192 2.000000000 2
184 200 3 8192 2.000000000 2
184 216 3 8192 2.000000000 2
184 240 3 8192 2.000000000 2
184 288 3 8192 2.000000000 2
184 300 3 8192 2.000000000 2
184 304 3 8192 2.000000000 2
184 312 3 8192 2.000000000 2
184 316 3 8192 2.000000000 2
184 344 3 8192 2.000000000 2
184 392 3 8192 2.000000000 2
184 424 3 8192 2.000000000 2
184 440 3 8192 2.000000000 2
184 460 3 8192 2.000000000 2
184 484 3 8192 2.000000000 2
184 492 3 8192 2.000000000 2
184 500 3 8192 2.000000000 2
184 512 3 8192 2.000000000 2
184 544 3 8192 2.000000000 2
184 604 3 8192 2.000000000 2
184 616 3 8192 2.000000000 2
184 620 3 8192 2.000000000 2
184 624 3 8192 2.000000000 2
184 636 3 8192 2.000000000 2
184 660 3 8192 2.000000000 2
184 664 3 8192 2.000000000 2
184 668 3 8192 2.000000000 2
184 680 3 8192 2.000000000 2
184 756 3 8192 2.000000000 2
184 788 3 8192 2.000000000 2
184 808 3 8192 2.000000000 2
184 828 3 8192 2.000000000 2
184 836 3 8192 2.000000000 2
184 840 3 8192 2.000000000 2
184 856 3 8192 2.000000000 2
184 872 3 8192 2.000000000 2
184 892 3 8192 2.000000000 2
184 924 3 8192 2.000000000 2
184 944 3 8192 2.000000000 2
184 948 3 8192 2.000000000 2
184 960 3 8192 2.000000000 2
184 964 3 8192 2.000000000 2
184 968 3 8192 2.000000000 2
184 1000 3 8192 2.000000000 2
184 1004 3 8192 2.000000000 2
184 1024 3 8192 2.000000000 2
184 1032 3 8192 2.000000000 2
184 1040 3 8192 2.000000000 2
184 1044 3 8192 2.000000000 2
184 1064 3 8192 2.000000000 2
184 1084 3 8192 2.000000000 2
184 1124 3 8192 2.000000000 2
184 1148 3 8192 2.000000000 2
184 1172 3 8192 2.000000000 2
184 1204 3 8192 2.000000000 2
184 1216 3 8192 2.000000000 2
184 1224 3 8192 2.000000000 2
184 1236 3 8192 2.000000000 2
184 1256 3 8192 2.000000000 2
184 1264 3 8192 2.000000000 2
192 20 3 8192 2.000000000 2
192 32 3 8192 2.000000000 2
192 44 3 8192 2.000000000 2
192 72 3 8192 2.000000000 2
192 76 3 8192 2.000000000 2
192 80 3 8192 2.000000000 2
192 88 3 8192 2.000000000 2
192 212 3 8192 2.000000000 2
192 216 3 8192 2.000000000 2
192 236 3 8192 2.000000000 2
192 248 3 8192 2.000000000 2
192 252 3 8192 2.000000000 2
192 256 3 8192 2.000000000 2
192 268 3 8192 2.000000000 2
192 292 3 8192 2.000000000 2
192 300 3 8192 2.000000000 2
192 316 3 8192 2.000000000 2
192 324 3 8192 2.000000000 2
192 332 3 8192 2.000000000 2
192 372 3 8192 2.000000000 2
192 384 3 8192 2.000000000 2
192 388 3 8192 2.000000000 2
192 460 3 8192 2.000000000 2
192 484 3 8192 2.000000000 2
192 492 3 8192 2.000000000 2
192 600 3 8192 2.000000000 2
192 620 3 8192 2.000000000 2
192 628 3 8192 2.000000000 2
192 644 3 8192 2.000000000 2
192 680 3 8192 2.000000000 2
192 688 3 8192 2.000000000 2
192 704 3 8192 2.000000000 2
192 748 3 8192 2.000000000 2
192 752 3 8192 2.000000000 2
192 764 3 8192 2.000000000 2
192 772 3 8192 2.000000000 2
192 788 3 8192 2.000000000 2
192 804 3 8192 2.000000000 2
192 812 3 8192 2.000000000 2
192 852 3 8192 2.000000000 2
192 864 3 8192 2.000000000 2
192 876 3 8192 2.000000000 2
192 884 3 8192 2.000000000 2
192 888 3 8192 2.000000000 2
192 900 3 8192 2.000000000 2
192 920 3 8192 2.000000000 2
192 928 3 8192 2.000000000 2
192 944 3 8192 2.000000000 2
192 964 3 8192 2.000000000 2
192 968 3 8192 2.000000000 2
192 996 3 8192 2.000000000 2
192 1028 3 8192 2.000000000 2
192 1052 3 8192 2.000000000 2
192 1076 3 8192 2.000000000 2
192 1096 3 8192 2.000000000 2
192 1144 3 8192 2.000000000 2
192 1164 3 8192 2.000000000 2
192 1180 3 8192 2.000000000 2
192 1192 3 8192 2.000000000 2
192 1200 3 8192 2.000000000 2
192 1236 3 8192 2.000000000 2
192 1256 3 8192 2.000000000 2
192 1260 3 8192 2.000000000 2
192 1264 3 8192 2.000000000 2
200 8 3 8192 2.000000000 2
200 28 3 8192 2.000000000 2
200 80 3 8192 2.000000000 2
200 88 3 8192 2.000000000 2
200 92 3 8192 2.000000000 2
200 108 3 8192 2.000000000 2
200 112 3 8192 2.000000000 2
200 116 3 8192 2.000000000 2
200 160 3 8192 2.000000000 2
200 168 3 8192 2.000000000 2
200 172 3 8192 2.000000000 2
200 192 3 8192 2.000000000 2
200 208 3 8192 2.000000000 2
200 236 3 8192 2.000000000 2
200 240 3 8192 2.000000000 2
200 248 3 8192 2.000000000 2
200 288 3 8192 2.000000000 2
200 300 3 8192 2.000000000 2
200 360 3 8192 2.000000000 2
200 380 3 8192 2.000000000 2
200 384 3 8192 2.000000000 2
200 392 3 8192 2.000000000 2
200 404 3 8192 2.000000000 2
200 452 3 8192 2.000000000 2
200 460 3 8192 2.000000000 2
200 464 3 8192 2.000000000 2
200 472 3 8192 2.000000000 2
200 488 3 8192 2.000000000 2
200 544 3 8192 2.000000000 2
200 560 3 8192 2.000000000 2
200 576 3 8192 2.000000000 2
200 584 3 8192 2.000000000 2
200 596 3 8192 2.000000000 2
200 604 3 8192 2.000000000 2
200 612 3 8192 2.000000000 2
200 668 3 8192 2.000000000 2
200 672 3 8192 2.000000000 2
200 684 3 8192 2.000000000 2
200 688 3 8192 2.000000000 2
200 696 3 8192 2.000000000 2
200 756 3 8192 2.000000000 2
200 764 3 8192 2.000000000 2
200 772 3 8192 2.000000000 2
200 804 3 8192 2.000000000 2
200 812 3 8192 2.000000000 2
200 824 3 8192 2.000000000 2
200 828 3 8192 2.000000000 2
200 856 3 8192 2.000000000 2
200 868 3 8192 2.000000000 2
200 916 3 8192 2.000000000 2
200 928 3 8192 2.000000000 2
200 976 3 8192 2.000000000 2
200 1004 3 8192 2.000000000 2
200 1016 3 8192 2.000000000 2
200 1040 3 8192 2.000000000 2
200 1052 3 8192 2.000000000 2
200 1084 3 8192 2.000000000 2
200 1108 3 8192 2.000000000 2
200 1116 3 8192 2.000000000 2
200 1144 3 8192 2.000000000 2
200 1164 3 8192 2.000000000 2
200 1176 3 8192 2.000000000 2
200 1216 3 8192 2.000000000 2
200 1224 3 8192 2.000000000 2
208 28 3 8192 2.000000000 2
208 32 3 8192 2.000000000 2
208 40 3 8192 2.000000000 2
208 68 3 8192 2.000000000 2
208 104 3 8192 2.000000000 2
208 108 3 8192 2.000000000 2
208 152 3 8192 2.000000000 2
208 156 3 8192 2.000000000 2
208 176 3 8192 2.000000000 2
208 192 3 8192 2.000000000 2
208 200 3 8192 2.000000000 2
208 212 3 8192 2.000000000 2
208 264 3 8192 2.000000000 2
208 268 3 8192 2.000000000 2
208 284 3 8192 2.000000000 2
208 304 3 8192 2.000000000 2
208 348 3 8192 2.000000000 2
208 368 3 8192 2.000000000 2
208 396 3 8192 2.000000000 2
208 400 3 8192 2.000000000 2
208 468 3 8192 2.000000000 2
208 476 3 8192 2.000000000 2
208 480 3 8192 2.000000000 2
208 496 3 8192 2.000000000 2
208 544 3 8192 2.000000000 2
208 552 3 8192 2.000000000 2
208 576 3 8192 2.000000000 2
208 580 3 8192 2.000000000 2
208 588 3 8192 2.000000000 2
208 632 3 8192 2.000000000 2
208 644 3 8192 2.000000000 2
208 652 3 8192 2.000000000 2
208 656 3 8192 2.000000000 2
208 664 3 8192 2.000000000 2
208 684 3 8192 2.000000000 2
208 696 3 8192 2.000000000 2
208 700 3 8192 2.000000000 2
208 720 3 8192 2.000000000 2
208 760 3 8192 2.000000000 2
208 812 3 8192 2.000000000 2
208 852 3 8192 2.000000000 2
208 856 3 8192 2.000000000 2
208 892 3 8192 2.000000000 2
208 908 3 8192 2.000000000 2
208 912 3 8192 2.000000000 2
208 924 3 8192 2.000000000 2
208 928 3 8192 2.000000000 2
208 940 3 8192 2.000000000 2
208 948 3 8192 2.000000000 2
208 960 3 8192 2.000000000 2
208 1028 3 8192 2.000000000 2
208 1040 3 8192 2.000000000 2
208 1052 3 8192 2.000000000 2
208 1064 3 8192 2.000000000 2
208 1084 3 8192 2.000000000 2
208 1120 3 8192 2.000000000 2
208 1144 3 8192 2.000000000 2
208 1156 3 8192 2.000000000 2
208 1160 3 8192 2.000000000 2
208 1164 3 8192 2.000000000 2
208 1172 3 8192 2.000000000 2
208 1176 3 8192 2.000000000 2
208 1204 3 8192 2.000000000 2
208 1232 3 8192 2.000000000 2
212 0 3 8192 2.000000000 2
212 4 3 8192 2.000000000 2
212 32 3 8192 2.000000000 2
212 48 3 8192 2.000000000 2
212 88 3 8192 2.000000000 2
212 96 3 8192 2.000000000 2
212 108 3 8192 2.000000000 2
212 136 3 8192 2.000000000 2
212 140 3 8192 2.000000000 2
212 152 3 8192 2.000000000 2
212 160 3 8192 2.000000000 2
212 180 3 8192 2.000000000 2
212 184 3 8192 2.000000000 2
212 200 3 8192 2.000000000 2
212 248 3 8192 2.000000000 2
212 252 3 8192 2.000000000 2
212 328 3 8192 2.000000000 2
212 340 3 8192 2.000000000 2
212 360 3 8192 2.000000000 2
212 380 3 8192 2.000000000 2
212 424 3 8192 2.000000000 2
212 432 3 8192 2.000000000 2
212 480 3 8192 2.000000000 2
212 488 3 8192 2.000000000 2
212 500 3 8192 2.000000000 2
212 504 3 8192 2.000000000 2
212 508 3 8192 2.000000000 2
212 516 3 8192 2.000000000 2
212 552 3 8192 2.000000000 2
212 568 3 8192 2.000000000 2
212 596 3 8192 2.000000000 2
212 664 3 8192 2.000000000 2
212 700 3 8192 2.000000000 2
212 736 3 8192 2.000000000 2
212 744 3 8192 2.000000000 2
212 748 3 8192 2.000000000 2
212 768 3 8192 2.000000000 2
212 800 3 8192 2.000000000 2
212 816 3 8192 2.000000000 2
212 824 3 8192 2.000000000 2
212 840 3 8192 2.000000000 2
212 892 3 8192 2.000000000 2
212 924 3 8192 2.000000000 2
212 944 3 8192 2.000000000 2
212 976 3 8192 2.000000000 2
212 1000 3 8192 2.000000000 2
212 1004 3 8192 2.000000000 2
212 1008 3 8192 2.000000000 2
212 1012 3 8192 2.000000000 2
212 1020 3 8192 2.000000000 2
212 1036 3 8192 2.000000000 2
212 1076 3 8192 2.000000000 2
212 1092 3 8192 2.000000000 2
212 1124 3 8192 2.000000000 2
212 1128 3 8192 2.000000000 2
212 1148 3 8192 2.000000000 2
212 1156 3 8192 2.000000000 2
212 1168 3 8192 2.000000000 2
212 1192 3 8192 2.000000000 2
212 1208 3 8192 2.000000000 2
212 1216 3 8192 2.000000000 2
212 1248 3 8192 2.000000000 2
212 1260 3 8192 2.000000000 2
212 1268 3 8192 2.000000000 2
216 0 3 8192 2.000000000 2
216 4 3 8192 2.000000000 2
216 8 3 8192 2.000000000 2
216 28 3 8192 2.000000000 2
216 40 3 8192 2.000000000 2
216 76 3 8192 2.000000000 2
216 88 3 8192 2.000000000 2
216 172 3 8192 2.000000000 2
216 176 3 8192 2.000000000 2
216 228 3 8192 2.000000000 2
216 248 3 8192 2.000000000 2
216 284 3 8192 2.000000000 2
216 292 3 8192 2.000000000 2
216 300 3 8192 2.000000000 2
216 336 3 8192 2.000000000 2
216 400 3 8192 2.000000000 2
216 408 3 8192 2.000000000 2
216 440 3 8192 2.000000000 2
216 472 3 8192 2.000000000 2
216 488 3 8192 2.000000000 2
216 500 3 8192 2.000000000 2
216 504 3 8192 2.000000000 2
216 512 3 8192 2.000000000 2
216 516 3 8192 2.000000000 2
216 524 3 8192 2.000000000 2
216 552 3 8192 2.000000000 2
216 560 3 8192 2.000000000 2
216 588 3 8192 2.000000000 2
216 592 3 8192 2.000000000 2
216 596 3 8192 2.000000000 2
216 608 3 8192 2.000000000 2
216 612 3 8192 2.000000000 2
216 660 3 8192 2.000000000 2
216 664 3 8192 2.000000000 2
216 700 3 8192 2.000000000 2
216 740 3 8192 2.000000000 2
216 748 3 8192 2.000000000 2
216 752 3 8192 2.000000000 2
216 764 3 8192 2.000000000 2
216 772 3 8192 2.000000000 2
216 824 3 8192 2.000000000 2
216 868 3 8192 2.000000000 2
216 908 3 8192 2.000000000 2
216 916 3 8192 2.000000000 2
216 948 3 8192 2.000000000 2
216 964 3 8192 2.000000000 2
216 1000 3 8192 2.000000000 2
216 1004 3 8192 2.000000000 2
216 1012 3 8192 2.000000000 2
216 1024 3 8192 2.000000000 2
216 1032 3 8192 2.000000000 2
216 1060 3 8192 2.000000000 2
216 1068 3 8192 2.000000000 2
216 1124 3 8192 2.000000000 2
216 1144 3 8192 2.000000000 2
216 1148 3 8192 2.000000000 2
216 1160 3 8192 2.000000000 2
216 1164 3 8192 2.000000000 2
216 1172 3 8192 2.000000000 2
216 1232 3 8192 2.000000000 2
216 1236 3 8192 2.000000000 2
216 1244 3 8192 2.000000000 2
216 1260 3 8192 2.000000000 2
216 1264 3 8192 2.000000000 2
220 36 3 8192 2.000000000 2
220 44 3 8192 2.000000000 2
220 68 3 8192 2.000000000 2
220 72 3 8192 2.000000000 2
220 80 3 8192 2.000000000 2
220 100 3 8192 2.000000000 2
220 108 3 8192 2.000000000 2
220 124 3 8192 2.000000000 2
220 180 3 8192 2.000000000 2
220 200 3 8192 2.000000000 2
220 256 3 8192 2.000000000 2
220 284 3 8192 2.000000000 2
220 288 3 8192 2.000000000 2
220 292 3 8192 2.000000000 2
220 304 3 8192 2.000000000 2
220 312 3 8192 2.000000000 2
220 320 3 8192 2.000000000 2
220 348 3 8192 2.000000000 2
220 360 3 8192 2.000000000 2
220 368 3 8192 2.000000000 2
220 404 3 8192 2.000000000 2
220 424 3 8192 2.000000000 2
220 500 3 8192 2.000000000 2
220 504 3 8192 2.000000000 2
220 512 3 8192 2.000000000 2
220 536 3 8192 2.000000000 2
220 540 3 8192 2.000000000 2
220 588 3 8192 2.000000000 2
220 604 3 8192 2.000000000 2
220 620 3 8192 2.000000000 2
220 624 3 8192 2.000000000 2
220 664 3 8192 2.000000000 2
220 668 3 8192 2.000000000 2
220 672 3 8192 2.000000000 2
220 680 3 8192 2.000000000 2
220 684 3 8192 2.000000000 2
220 740 3 8192 2.000000000 2
220 744 3 8192 2.000000000 2
220 768 3 8192 2.000000000 2
220 792 3 8192 2.000000000 2
220 804 3 8192 2.000000000 2
220 828 3 8192 2.000000000 2
220 844 3 8192 2.000000000 2
220 852 3 8192 2.000000000 2
220 856 3 8192 2.000000000 2
220 888 3 8192 2.000000000 2
220 944 3 8192 2.000000000 2
220 956 3 8192 2.000000000 2
220 980 3 8192 2.000000000 2
220 996 3 8192 2.000000000 2
220 1000 3 8192 2.000000000 2
220 1024 3 8192 2.000000000 2
220 1028 3 8192 2.000000000 2
220 1044 3 8192 2.000000000 2
220 1068 3 8192 2.000000000 2
220 1096 3 8192 2.000000000 2
220 1120 3 8192 2.000000000 2
220 1148 3 8192 2.000000000 2
220 1176 3 8192 2.000000000 2
220 1180 3 8192 2.000000000 2
220 1244 3 8192 2.000000000 2
220 1248 3 8192 2.000000000 2
220 1256 3 8192 2.000000000 2
220 1260 3 8192 2.000000000 2
228 8 3 8192 2.000000000 2
228 20 3 8192 2.000000000 2
228 28 3 8192 2.000000000 2
228 32 3 8192 2.000000000 2
228 80 3 8192 2.000000000 2
228 88 3 8192 2.000000000 2
228 116 3 8192 2.000000000 2
228 136 3 8192 2.000000000 2
228 152 3 8192 2.000000000 2
228 160 3 8192 2.000000000 2
228 172 3 8192 2.000000000 2
228 184 3 8192 2.000000000 2
228 192 3 8192 2.000000000 2
228 200 3 8192 2.000000000 2
228 284 3 8192 2.000000000 2
228 292 3 8192 2.000000000 2
228 304 3 8192 2.000000000 2
228 320 3 8192 2.000000000 2
228 328 3 8192 2.000000000 2
228 340 3 8192 2.000000000 2
228 344 3 8192 2.000000000 2
228 360 3 8192 2.000000000 2
228 368 3 8192 2.000000000 2
228 388 3 8192 2.000000000 2
228 392 3 8192 2.000000000 2
228 424 3 8192 2.000000000 2
228 436 3 8192 2.000000000 2
228 484 3 8192 2.000000000 2
228 496 3 8192 2.000000000 2
228 504 3 8192 2.000000000 2
228 512 3 8192 2.000000000 2
228 540 3 8192 2.000000000 2
228 544 3 8192 2.000000000 2
228 552 3 8192 2.000000000 2
228 568 3 8192 2.000000000 2
228 608 3 8192 2.000000000 2
228 612 3 8192 2.000000000 2
228 628 3 8192 2.000000000 2
228 632 3 8192 2.000000000 2
228 700 3 8192 2.000000000 2
228 708 3 8192 2.000000000 2
228 720 3 8192 2.000000000 2
228 744 3 8192 2.000000000 2
228 756 3 8192 2.000000000 2
228 760 3 8192 2.000000000 2
228 848 3 8192 2.000000000 2
228 852 3 8192 2.000000000 2
228 892 3 8192 2.000000000 2
228 940 3 8192 2.000000000 2
228 960 3 8192 2.000000000 2
228 968 3 8192 2.000000000 2
228 976 3 8192 2.000000000 2
228 1004 3 8192 2.000000000 2
228 1028 3 8192 2.000000000 2
228 1040 3 8192 2.000000000 2
228 1060 3 8192 2.000000000 2
228 1068 3 8192 2.000000000 2
228 1096 3 8192 2.000000000 2
228 1108 3 8192 2.000000000 2
228 1144 3 8192 2.000000000 2
228 1148 3 8192 2.000000000 2
228 1164 3 8192 2.000000000 2
228 1180 3 8192 2.000000000 2
228 1232 3 8192 2.000000000 2
236 28 3 8192 2.000000000 2
236 44 3 8192 2.000000000 2
236 80 3 8192 2.000000000 2
236 100 3 8192 2.000000000 2
236 112 3 8192 2.000000000 2
236 156 3 8192 2.000000000 2
236 176 3 8192 2.000000000 2
236 192 3 8192 2.000000000 2
236 216 3 8192 2.000000000 2
236 288 3 8192 2.000000000 2
236 304 3 8192 2.000000000 2
236 308 3 8192 2.000000000 2
236 328 3 8192 2.000000000 2
236 332 3 8192 2.000000000 2
236 340 3 8192 2.000000000 2
236 348 3 8192 2.000000000 2
236 360 3 8192 2.000000000 2
236 372 3 8192 2.000000000 2
236 384 3 8192 2.000000000 2
236 388 3 8192 2.000000000 2
236 460 3 8192 2.000000000 2
236 472 3 8192 2.000000000 2
236 500 3 8192 2.000000000 2
236 572 3 8192 2.000000000 2
236 588 3 8192 2.000000000 2
236 596 3 8192 2.000000000 2
236 608 3 8192 2.000000000 2
236 612 3 8192 2.000000000 2
236 616 3 8192 2.000000000 2
236 624 3 8192 2.000000000 2
236 628 3 8192 2.000000000 2
236 636 3 8192 2.000000000 2
236 704 3 8192 2.000000000 2
236 712 3 8192 2.000000000 2
236 764 3 8192 2.000000000 2
236 768 3 8192 2.000000000 2
236 800 3 8192 2.000000000 2
236 804 3 8192 2.000000000 2
236 824 3 8192 2.000000000 2
236 828 3 8192 2.000000000 2
236 864 3 8192 2.000000000 2
236 884 3 8192 2.000000000 2
236 916 3 8192 2.000000000 2
236 932 3 8192 2.000000000 2
236 968 3 8192 2.000000000 2
236 980 3 8192 2.000000000 2
236 1000 3 8192 2.000000000 2
236 1004 3 8192 2.000000000 2
236 1012 3 8192 2.000000000 2
236 1024 3 8192 2.000000000 2
236 1032 3 8192 2.000000000 2
236 1064 3 8192 2.000000000 2
236 1076 3 8192 2.000000000 2
236 1100 3 8192 2.000000000 2
236 1120 3 8192 2.000000000 2
236 1124 3 8192 2.000000000 2
236 1128 3 8192 2.000000000 2
236 1168 3 8192 2.000000000 2
236 1176 3 8192 2.000000000 2
236 1208 3 8192 2.000000000 2
236 1212 3 8192 2.000000000 2
236 1224 3 8192 2.000000000 2
236 1236 3 8192 2.000000000 2
236 1264 3 8192 2.000000000 2
240 0 3 8192 2.000000000 2
240 44 3 8192 2.000000000 2
240 96 3 8192 2.000000000 2
240 100 3 8192 2.000000000 2
240 124 3 8192 2.000000000 2
240 160 3 8192 2.000000000 2
240 172 3 8192 2.000000000 2
240 176 3 8192 2.000000000 2
240 216 3 8192 2.000000000 2
240 228 3 8192 2.000000000 2
240 248 3 8192 2.000000000 2
240 284 3 8192 2.000000000 2
240 288 3 8192 2.000000000 2
240 292 3 8192 2.000000000 2
240 316 3 8192 2.000000000 2
240 324 3 8192 2.000000000 2
240 344 3 8192 2.000000000 2
240 372 3 8192 2.000000000 2
240 384 3 8192 2.000000000 2
240 388 3 8192 2.000000000 2
240 404 3 8192 2.000000000 2
240 436 3 8192 2.000000000 2
240 464 3 8192 2.000000000 2
240 468 3 8192 2.000000000 2
240 476 3 8192 2.000000000 2
240 512 3 8192 2.000000000 2
240 544 3 8192 2.000000000 2
240 576 3 8192 2.000000000 2
240 608 3 8192 2.000000000 2
240 628 3 8192 2.000000000 2
240 632 3 8192 2.000000000 2
240 660 3 8192 2.000000000 2
240 672 3 8192 2.000000000 2
240 680 3 8192 2.000000000 2
240 700 3 8192 2.000000000 2
240 732 3 8192 2.000000000 2
240 768 3 8192 2.000000000 2
240 792 3 8192 2.000000000 2
240 800 3 8192 2.000000000 2
240 812 3 8192 2.000000000 2
240 828 3 8192 2.000000000 2
240 840 3 8192 2.000000000 2
240 844 3 8192 2.000000000 2
240 864 3 8192 2.000000000 2
240 872 3 8192 2.000000000 2
240 880 3 8192 2.000000000 2
240 888 3 8192 2.000000000 2
240 940 3 8192 2.000000000 2
240 944 3 8192 2.000000000 2
240 988 3 8192 2.000000000 2
240 996 3 8192 2.000000000 2
240 1004 3 8192 2.000000000 2
240 1044 3 8192 2.000000000 2
240 1068 3 8192 2.000000000 2
240 1076 3 8192 2.000000000 2
240 1096 3 8192 2.000000000 2
240 1108 3 8192 2.000000000 2
240 1148 3 8192 2.000000000 2
240 1156 3 8192 2.000000000 2
240 1160 3 8192 2.000000000 2
240 1184 3 8192 2.000000000 2
240 1212 3 8192 2.000000000 2
240 1232 3 8192 2.000000000 2
240 1244 3 8192 2.000000000 2
248 12 3 8192 2.000000000 2
248 32 3 8192 2.000000000 2
248 44 3 8192 2.000000000 2
248 56 3 8192 2.000000000 2
248 140 3 8192 2.000000000 2
248 156 3 8192 2.000000000 2
248 160 3 8192 2.000000000 2
248 180 3 8192 2.000000000 2
248 200 3 8192 2.000000000 2
248 268 3 8192 2.000000000 2
248 284 3 8192 2.000000000 2
248 292 3 8192 2.000000000 2
248 312 3 8192 2.000000000 2
248 356 3 8192 2.000000000 2
248 360 3 8192 2.000000000 2
248 380 3 8192 2.000000000 2
248 388 3 8192 2.000000000 2
248 440 3 8192 2.000000000 2
248 460 3 8192 2.000000000 2
248 492 3 8192 2.000000000 2
248 508 3 8192 2.000000000 2
248 512 3 8192 2.000000000 2
248 520 3 8192 2.000000000 2
248 524 3 8192 2.000000000 2
248 532 3 8192 2.000000000 2
248 552 3 8192 2.000000000 2
248 608 3 8192 2.000000000 2
248 620 3 8192 2.000000000 2
248 624 3 8192 2.000000000 2
248 636 3 8192 2.000000000 2
248 648 3 8192 2.000000000 2
248 664 3 8192 2.000000000 2
248 672 3 8192 2.000000000 2
248 692 3 8192 2.000000000 2
248 716 3 8192 2.000000000 2
248 752 3 8192 2.000000000 2
248 788 3 8192 2.000000000 2
248 804 3 8192 2.000000000 2
248 840 3 8192 2.000000000 2
248 868 3 8192 2.000000000 2
248 876 3 8192 2.000000000 2
248 888 3 8192 2.000000000 2
248 892 3 8192 2.000000000 2
248 904 3 8192 2.000000000 2
248 968 3 8192 2.000000000 2
248 976 3 8192 2.000000000 2
248 980 3 8192 2.000000000 2
248 1008 3 8192 2.000000000 2
248 1024 3 8192 2.000000000 2
248 1032 3 8192 2.000000000 2
248 1040 3 8192 2.000000000 2
248 1076 3 8192 2.000000000 2
248 1100 3 8192 2.000000000 2
248 1128 3 8192 2.000000000 2
248 1144 3 8192 2.000000000 2
248 1156 3 8192 2.000000000 2
248 1160 3 8192 2.000000000 2
248 1172 3 8192 2.000000000 2
248 1176 3 8192 2.000000000 2
248 1208 3 8192 2.000000000 2
248 1216 3 8192 2.000000000 2
248 1236 3 8192 2.000000000 2
248 1248 3 8192 2.000000000 2
248 1256 3 8192 2.000000000 2
252 32 3 8192 2.000000000 2
252 36 3 8192 2.000000000 2
252 48 3 8192 2.000000000 2
252 76 3 8192 2.000000000 2
252 80 3 8192 2.000000000 2
252 92 3 8192 2.000000000 2
252 132 3 8192 2.000000000 2
252 140 3 8192 2.000000000 2
252 172 3 8192 2.000000000 2
252 216 3 8192 2.000000000 2
252 228 3 8192 2.000000000 2
252 288 3 8192 2.000000000 2
252 316 3 8192 2.000000000 2
252 328 3 8192 2.000000000 2
252 336 3 8192 2.000000000 2
252 344 3 8192 2.000000000 2
252 372 3 8192 2.000000000 2
252 380 3 8192 2.000000000 2
252 408 3 8192 2.000000000 2
252 432 3 8192 2.000000000 2
252 436 3 8192 2.000000000 2
252 440 3 8192 2.000000000 2
252 452 3 8192 2.000000000 2
252 460 3 8192 2.000000000 2
252 488 3 8192 2.000000000 2
252 496 3 8192 2.000000000 2
252 516 3 8192 2.000000000 2
252 524 3 8192 2.000000000 2
252 540 3 8192 2.000000000 2
252 544 3 8192 2.000000000 2
252 600 3 8192 2.000000000 2
252 604 3 8192 2.000000000 2
252 632 3 8192 2.000000000 2
252 668 3 8192 2.000000000 2
252 680 3 8192 2.000000000 2
252 712 3 8192 2.000000000 2
252 736 3 8192 2.000000000 2
252 740 3 8192 2.000000000 2
252 772 3 8192 2.000000000 2
252 808 3 8192 2.000000000 2
252 812 3 8192 2.000000000 2
252 824 3 8192 2.000000000 2
252 856 3 8192 2.000000000 2
252 864 3 8192 2.000000000 2
252 884 3 8192 2.000000000 2
252 892 3 8192 2.000000000 2
252 912 3 8192 2.000000000 2
252 916 3 8192 2.000000000 2
252 920 3 8192 2.000000000 2
252 924 3 8192 2.000000000 2
252 928 3 8192 2.000000000 2
252 968 3 8192 2.000000000 2
252 988 3 8192 2.000000000 2
252 992 3 8192 2.000000000 2
252 1012 3 8192 2.000000000 2
252 1068 3 8192 2.000000000 2
252 1116 3 8192 2.000000000 2
252 1132 3 8192 2.000000000 2
252 1144 3 8192 2.000000000 2
252 1176 3 8192 2.000000000 2
252 1184 3 8192 2.000000000 2
252 1200 3 8192 2.000000000 2
252 1208 3 8192 2.000000000 2
252 1224 3 8192 2.000000000 2
256 20 3 8192 2.000000000 2
256 28 3 8192 2.000000000 2
256 32 3 8192 2.000000000 2
256 40 3 8192 2.000000000 2
256 56 3 8192 2.000000000 2
256 80 3 8192 2.000000000 2
256 92 3 8192 2.000000000 2
256 112 3 8192 2.000000000 2
256 140 3 8192 2.000000000 2
256 156 3 8192 2.000000000 2
256 160 3 8192 2.000000000 2
256 176 3 8192 2.000000000 2
256 184 3 8192 2.000000000 2
256 220 3 8192 2.000000000 2
256 228 3 8192 2.000000000 2
256 264 3 8192 2.000000000 2
256 300 3 8192 2.000000000 2
256 320 3 8192 2.000000000 2
256 332 3 8192 2.000000000 2
256 344 3 8192 2.000000000 2
256 368 3 8192 2.000000000 2
256 372 3 8192 2.000000000 2
256 424 3 8192 2.000000000 2
256 440 3 8192 2.000000000 2
256 460 3 8192 2.000000000 2
256 464 3 8192 2.000000000 2
256 480 3 8192 2.000000000 2
256 508 3 8192 2.000000000 2
256 512 3 8192 2.000000000 2
256 564 3 8192 2.000000000 2
256 568 3 8192 2.000000000 2
256 580 3 8192 2.000000000 2
256 596 3 8192 2.000000000 2
256 616 3 8192 2.000000000 2
256 620 3 8192 2.000000000 2
256 668 3 8192 2.000000000 2
256 672 3 8192 2.000000000 2
256 692 3 8192 2.000000000 2
256 700 3 8192 2.000000000 2
256 712 3 8192 2.000000000 2
256 752 3 8192 2.000000000 2
256 760 3 8192 2.000000000 2
256 768 3 8192 2.000000000 2
256 772 3 8192 2.000000000 2
256 792 3 8192 2.000000000 2
256 828 3 8192 2.000000000 2
256 844 3 8192 2.000000000 2
256 916 3 8192 2.000000000 2
256 948 3 8192 2.000000000 2
256 980 3 8192 2.000000000 2
256 1012 3 8192 2.000000000 2
256 1044 3 8192 2.000000000 2
256 1052 3 8192 2.000000000 2
256 1060 3 8192 2.000000000 2
256 1092 3 8192 2.000000000 2
256 1132 3 8192 2.000000000 2
256 1168 3 8192 2.000000000 2
256 1176 3 8192 2.000000000 2
256 1184 3 8192 2.000000000 2
256 1208 3 8192 2.000000000 2
256 1244 3 8192 2.000000000 2
256 1248 3 8192 2.000000000 2
256 1256 3 8192 2.000000000 2
256 1260 3 8192 2.000000000 2
260 12 3 8192 2.000000000 2
260 28 3 8192 2.000000000 2
260 44 3 8192 2.000000000 2
260 72 3 8192 2.000000000 2
260 112 3 8192 2.000000000 2
260 124 3 8192 2.000000000 2
260 136 3 8192 2.000000000 2
260 220 3 8192 2.000000000 2
260 240 3 8192 2.000000000 2
260 252 3 8192 2.000000000 2
260 332 3 8192 2.000000000 2
260 336 3 8192 2.000000000 2
260 340 3 8192 2.000000000 2
260 372 3 8192 2.000000000 2
260 384 3 8192 2.000000000 2
260 396 3 8192 2.000000000 2
260 432 3 8192 2.000000000 2
260 460 3 8192 2.000000000 2
260 464 3 8192 2.000000000 2
260 468 3 8192 2.000000000 2
260 480 3 8192 2.000000000 2
260 488 3 8192 2.000000000 2
260 500 3 8192 2.000000000 2
260 504 3 8192 2.000000000 2
260 536 3 8192 2.000000000 2
260 552 3 8192 2.000000000 2
260 560 3 8192 2.000000000 2
260 568 3 8192 2.000000000 2
260 600 3 8192 2.000000000 2
260 608 3 8192 2.000000000 2
260 616 3 8192 2.000000000 2
260 644 3 8192 2.000000000 2
260 648 3 8192 2.000000000 2
260 668 3 8192 2.000000000 2
260 704 3 8192 2.000000000 2
260 708 3 8192 2.000000000 2
260 720 3 8192 2.000000000 2
260 732 3 8192 2.000000000 2
260 760 3 8192 2.000000000 2
260 764 3 8192 2.000000000 2
260 772 3 8192 2.000000000 2
260 788 3 8192 2.000000000 2
260 792 3 8192 2.000000000 2
260 804 3 8192 2.000000000 2
260 812 3 8192 2.000000000 2
260 824 3 8192 2.000000000 2
260 864 3 8192 2.000000000 2
260 884 3 8192 2.000000000 2
260 920 3 8192 2.000000000 2
260 928 3 8192 2.000000000 2
260 944 3 8192 2.000000000 2
260 956 3 8192 2.000000000 2
260 1020 3 8192 2.000000000 2
260 1024 3 8192 2.000000000 2
260 1036 3 8192 2.000000000 2
260 1044 3 8192 2.000000000 2
260 1108 3 8192 2.000000000 2
260 1116 3 8192 2.000000000 2
260 1128 3 8192 2.000000000 2
260 1168 3 8192 2.000000000 2
260 1172 3 8192 2.000000000 2
260 1192 3 8192 2.000000000 2
260 1200 3 8192 2.000000000 2
260 1248 3 8192 2.000000000 2
264 4 3 8192 2.000000000 2
264 12 3 8192 2.000000000 2
264 48 3 8192 2.000000000 2
264 68 3 8192 2.000000000 2
264 72 3 8192 2.000000000 2
264 80 3 8192 2.000000000 2
264 116 3 8192 2.000000000 2
264 156 3 8192 2.000000000 2
264 200 3 8192 2.000000000 2
264 216 3 8192 2.000000000 2
264 220 3 8192 2.000000000 2
264 240 3 8192 2.000000000 2
264 252 3 8192 2.000000000 2
264 324 3 8192 2.000000000 2
264 328 3 8192 2.000000000 2
264 360 3 8192 2.000000000 2
264 396 3 8192 2.000000000 2
264 400 3 8192 2.000000000 2
264 436 3 8192 2.000000000 2
264 452 3 8192 2.000000000 2
264 460 3 8192 2.000000000 2
264 468 3 8192 2.000000000 2
264 488 3 8192 2.000000000 2
264 512 3 8192 2.000000000 2
264 516 3 8192 2.000000000 2
264 532 3 8192 2.000000000 2
264 536 3 8192 2.000000000 2
264 540 3 8192 2.000000000 2
264 552 3 8192 2.000000000 2
264 560 3 8192 2.000000000 2
264 580 3 8192 2.000000000 2
264 624 3 8192 2.000000000 2
264 640 3 8192 2.000000000 2
264 660 3 8192 2.000000000 2
264 672 3 8192 2.000000000 2
264 684 3 8192 2.000000000 2
264 692 3 8192 2.000000000 2
264 696 3 8192 2.000000000 2
264 712 3 8192 2.000000000 2
264 752 3 8192 2.000000000 2
264 756 3 8192 2.000000000 2
264 824 3 8192 2.000000000 2
264 844 3 8192 2.000000000 2
264 848 3 8192 2.000000000 2
264 864 3 8192 2.000000000 2
264 904 3 8192 2.000000000 2
264 908 3 8192 2.000000000 2
264 912 3 8192 2.000000000 2
264 940 3 8192 2.000000000 2
264 944 3 8192 2.000000000 2
264 1044 3 8192 2.000000000 2
264 1052 3 8192 2.000000000 2
264 1060 3 8192 2.000000000 2
264 1064 3 8192 2.000000000 2
264 1108 3 8192 2.000000000 2
264 1124 3 8192 2.000000000 2
264 1144 3 8192 2.000000000 2
264 1148 3 8192 2.000000000 2
264 1168 3 8192 2.000000000 2
264 1212 3 8192 2.000000000 2
264 1232 3 8192 2.000000000 2
264 1236 3 8192 2.000000000 2
264 1248 3 8192 2.000000000 2
264 1268 3 8192 2.000000000 2
268 20 3 8192 2.000000000 2
268 32 3 8192 2.000000000 2
268 40 3 8192 2.000000000 2
268 44 3 8192 2.000000000 2
268 56 3 8192 2.000000000 2
268 80 3 8192 2.000000000 2
268 92 3 8192 2.000000000 2
268 172 3 8192 2.000000000 2
268 184 3 8192 2.000000000 2
268 216 3 8192 2.000000000 2
268 220 3 8192 2.000000000 2
268 240 3 8192 2.000000000 2
268 256 3 8192 2.000000000 2
268 368 3 8192 2.000000000 2
268 396 3 8192 2.000000000 2
268 400 3 8192 2.000000000 2
268 404 3 8192 2.000000000 2
268 440 3 8192 2.000000000 2
268 464 3 8192 2.000000000 2
268 472 3 8192 2.000000000 2
268 476 3 8192 2.000000000 2
268 488 3 8192 2.000000000 2
268 536 3 8192 2.000000000 2
268 544 3 8192 2.000000000 2
268 580 3 8192 2.000000000 2
268 584 3 8192 2.000000000 2
268 588 3 8192 2.000000000 2
268 596 3 8192 2.000000000 2
268 616 3 8192 2.000000000 2
268 636 3 8192 2.000000000 2
268 644 3 8192 2.000000000 2
268 648 3 8192 2.000000000 2
268 660 3 8192 2.000000000 2
268 688 3 8192 2.000000000 2
268 696 3 8192 2.000000000 2
268 716 3 8192 2.000000000 2
268 744 3 8192 2.000000000 2
268 748 3 8192 2.000000000 2
268 764 3 8192 2.000000000 2
268 792 3 8192 2.000000000 2
268 804 3 8192 2.000000000 2
268 848 3 8192 2.000000000 2
268 880 3 8192 2.000000000 2
268 892 3 8192 2.000000000 2
268 900 3 8192 2.000000000 2
268 904 3 8192 2.000000000 2
268 908 3 8192 2.000000000 2
268 916 3 8192 2.000000000 2
268 920 3 8192 2.000000000 2
268 928 3 8192 2.000000000 2
268 992 3 8192 2.000000000 2
268 1008 3 8192 2.000000000 2
268 1016 3 8192 2.000000000 2
268 1024 3 8192 2.000000000 2
268 1036 3 8192 2.000000000 2
268 1084 3 8192 2.000000000 2
268 1116 3 8192 2.000000000 2
268 1176 3 8192 2.000000000 2
268 1180 3 8192 2.000000000 2
268 1192 3 8192 2.000000000 2
268 1220 3 8192 2.000000000 2
268 1224 3 8192 2.000000000 2
268 1244 3 8192 2.000000000 2
268 1260 3 8192 2.000000000 2
284 0 3 8192 2.000000000 2
284 72 3 8192 2.000000000 2
284 92 3 8192 2.000000000 2
284 104 3 8192 2.000000000 2
284 136 3 8192 2.000000000 2
284 156 3 8192 2.000000000 2
284 160 3 8192 2.000000000 2
284 172 3 8192 2.000000000 2
284 180 3 8192 2.000000000 2
284 192 3 8192 2.000000000 2
284 248 3 8192 2.000000000 2
284 268 3 8192 2.000000000 2
284 288 3 8192 2.000000000 2
284 304 3 8192 2.000000000 2
284 312 3 8192 2.000000000 2
284 316 3 8192 2.000000000 2
284 328 3 8192 2.000000000 2
284 332 3 8192 2.000000000 2
284 348 3 8192 2.000000000 2
284 392 3 8192 2.000000000 2
284 440 3 8192 2.000000000 2
284 468 3 8192 2.000000000 2
284 472 3 8192 2.000000000 2
284 508 3 8192 2.000000000 2
284 512 3 8192 2.000000000 2
284 552 3 8192 2.000000000 2
284 572 3 8192 2.000000000 2
284 580 3 8192 2.000000000 2
284 584 3 8192 2.000000000 2
284 608 3 8192 2.000000000 2
284 628 3 8192 2.000000000 2
284 668 3 8192 2.000000000 2
284 672 3 8192 2.000000000 2
284 684 3 8192 2.000000000 2
284 704 3 8192 2.000000000 2
284 712 3 8192 2.000000000 2
284 720 3 8192 2.000000000 2
284 736 3 8192 2.000000000 2
284 752 3 8192 2.000000000 2
284 764 3 8192 2.000000000 2
284 840 3 8192 2.000000000 2
284 848 3 8192 2.000000000 2
284 852 3 8192 2.000000000 2
284 872 3 8192 2.000000000 2
284 892 3 8192 2.000000000 2
284 932 3 8192 2.000000000 2
284 940 3 8192 2.000000000 2
284 948 3 8192 2.000000000 2
284 968 3 8192 2.000000000 2
284 976 3 8192 2.000000000 2
284 996 3 8192 2.000000000 2
284 1028 3 8192 2.000000000 2
284 1044 3 8192 2.000000000 2
284 1096 3 8192 2.000000000 2
284 1132 3 8192 2.000000000 2
284 1172 3 8192 2.000000000 2
284 1200 3 8192 2.000000000 2
284 1208 3 8192 2.000000000 2
284 1216 3 8192 2.000000000 2
284 1220 3 8192 2.000000000 2
284 1236 3 8192 2.000000000 2
284 1256 3 8192 2.000000000 2
284 1260 3 8192 2.000000000 2
284 1264 3 8192 2.000000000 2
288 4 3 8192 2.000000000 2
288 28 3 8192 2.000000000 2
288 36 3 8192 2.000000000 2
288 68 3 8192 2.000000000 2
288 72 3 8192 2.000000000 2
288 88 3 8192 2.000000000 2
288 104 3 8192 2.000000000 2
288 112 3 8192 2.000000000 2
288 132 3 8192 2.000000000 2
288 136 3 8192 2.000000000 2
288 172 3 8192 2.000000000 2
288 200 3 8192 2.000000000 2
288 212 3 8192 2.000000000 2
288 220 3 8192 2.000000000 2
288 264 3 8192 2.000000000 2
288 268 3 8192 2.000000000 2
288 308 3 8192 2.000000000 2
288 316 3 8192 2.000000000 2
288 380 3 8192 2.000000000 2
288 384 3 8192 2.000000000 2
288 396 3 8192 2.000000000 2
288 408 3 8192 2.000000000 2
288 440 3 8192 2.000000000 2
288 456 3 8192 2.000000000 2
288 460 3 8192 2.000000000 2
288 464 3 8192 2.000000000 2
288 492 3 8192 2.000000000 2
288 512 3 8192 2.000000000 2
288 516 3 8192 2.000000000 2
288 520 3 8192 2.000000000 2
288 552 3 8192 2.000000000 2
288 560 3 8192 2.000000000 2
288 596 3 8192 2.000000000 2
288 608 3 8192 2.000000000 2
288 640 3 8192 2.000000000 2
288 648 3 8192 2.000000000 2
288 692 3 8192 2.000000000 2
288 700 3 8192 2.000000000 2
288 704 3 8192 2.000000000 2
288 720 3 8192 2.000000000 2
288 732 3 8192 2.000000000 2
288 744 3 8192 2.000000000 2
288 772 3 8192 2.000000000 2
288 788 3 8192 2.000000000 2
288 804 3 8192 2.000000000 2
288 816 3 8192 2.000000000 2
288 844 3 8192 2.000000000 2
288 856 3 8192 2.000000000 2
288 876 3 8192 2.000000000 2
288 884 3 8192 2.000000000 2
288 892 3 8192 2.000000000 2
288 924 3 8192 2.000000000 2
288 948 3 8192 2.000000000 2
288 980 3 8192 2.000000000 2
288 1008 3 8192 2.000000000 2
288 1012 3 8192 2.000000000 2
288 1040 3 8192 2.000000000 2
288 1052 3 8192 2.000000000 2
288 1068 3 8192 2.000000000 2
288 1100 3 8192 2.000000000 2
288 1108 3 8192 2.000000000 2
288 1184 3 8192 2.000000000 2
288 1236 3 8192 2.000000000 2
288 1264 3 8192 2.000000000 2
292 8 3 8192 2.000000000 2
292 20 3 8192 2.000000000 2
292 68 3 8192 2.000000000 2
292 96 3 8192 2.000000000 2
292 124 3 8192 2.000000000 2
292 132 3 8192 2.000000000 2
292 156 3 8192 2.000000000 2
292 192 3 8192 2.000000000 2
292 208 3 8192 2.000000000 2
292 248 3 8192 2.000000000 2
292 264 3 8192 2.000000000 2
292 284 3 8192 2.000000000 2
292 316 3 8192 2.000000000 2
292 344 3 8192 2.000000000 2
292 388 3 8192 2.000000000 2
292 476 3 8192 2.000000000 2
292 484 3 8192 2.000000000 2
292 488 3 8192 2.000000000 2
292 492 3 8192 2.000000000 2
292 512 3 8192 2.000000000 2
292 536 3 8192 2.000000000 2
292 552 3 8192 2.000000000 2
292 564 3 8192 2.000000000 2
292 576 3 8192 2.000000000 2
292 592 3 8192 2.000000000 2
292 604 3 8192 2.000000000 2
292 616 3 8192 2.000000000 2
292 620 3 8192 2.000000000 2
292 624 3 8192 2.000000000 2
292 628 3 8192 2.000000000 2
292 632 3 8192 2.000000000 2
292 648 3 8192 2.000000000 2
292 660 3 8192 2.000000000 2
292 664 3 8192 2.000000000 2
292 668 3 8192 2.000000000 2
292 692 3 8192 2.000000000 2
292 720 3 8192 2.000000000 2
292 756 3 8192 2.000000000 2
292 760 3 8192 2.000000000 2
292 768 3 8192 2.000000000 2
292 772 3 8192 2.000000000 2
292 788 3 8192 2.000000000 2
292 840 3 8192 2.000000000 2
292 848 3 8192 2.000000000 2
292 872 3 8192 2.000000000 2
292 880 3 8192 2.000000000 2
292 900 3 8192 2.000000000 2
292 908 3 8192 2.000000000 2
292 924 3 8192 2.000000000 2
292 928 3 8192 2.000000000 2
292 944 3 8192 2.000000000 2
292 960 3 8192 2.000000000 2
292 992 3 8192 2.000000000 2
292 1008 3 8192 2.000000000 2
292 1012 3 8192 2.000000000 2
292 1024 3 8192 2.000000000 2
292 1032 3 8192 2.000000000 2
292 1052 3 8192 2.000000000 2
292 1108 3 8192 2.000000000 2
292 1148 3 8192 2.000000000 2
292 1172 3 8192 2.000000000 2
292 1204 3 8192 2.000000000 2
292 1236 3 8192 2.000000000 2
292 1260 3 8192 2.000000000 2
300 8 3 8192 2.000000000 2
300 32 3 8192 2.000000000 2
300 40 3 8192 2.000000000 2
300 48 3 8192 2.000000000 2
300 68 3 8192 2.000000000 2
300 100 3 8192 2.000000000 2
300 116 3 8192 2.000000000 2
300 124 3 8192 2.000000000 2
300 236 3 8192 2.000000000 2
300 284 3 8192 2.000000000 2
300 292 3 8192 2.000000000 2
300 312 3 8192 2.000000000 2
300 360 3 8192 2.000000000 2
300 368 3 8192 2.000000000 2
300 388 3 8192 2.000000000 2
300 400 3 8192 2.000000000 2
300 432 3 8192 2.000000000 2
300 436 3 8192 2.000000000 2
300 440 3 8192 2.000000000 2
300 452 3 8192 2.000000000 2
300 464 3 8192 2.000000000 2
300 472 3 8192 2.000000000 2
300 480 3 8192 2.000000000 2
300 484 3 8192 2.000000000 2
300 508 3 8192 2.000000000 2
300 552 3 8192 2.000000000 2
300 588 3 8192 2.000000000 2
300 612 3 8192 2.000000000 2
300 616 3 8192 2.000000000 2
300 664 3 8192 2.000000000 2
300 672 3 8192 2.000000000 2
300 684 3 8192 2.000000000 2
300 688 3 8192 2.000000000 2
300 696 3 8192 2.000000000 2
300 700 3 8192 2.000000000 2
300 704 3 8192 2.000000000 2
300 716 3 8192 2.000000000 2
300 748 3 8192 2.000000000 2
300 760 3 8192 2.000000000 2
300 764 3 8192 2.000000000 2
300 788 3 8192 2.000000000 2
300 804 3 8192 2.000000000 2
300 812 3 8192 2.000000000 2
300 816 3 8192 2.000000000 2
300 824 3 8192 2.000000000 2
300 868 3 8192 2.000000000 2
300 888 3 8192 2.000000000 2
300 908 3 8192 2.000000000 2
300 916 3 8192 2.000000000 2
300 928 3 8192 2.000000000 2
300 956 3 8192 2.000000000 2
300 964 3 8192 2.000000000 2
300 992 3 8192 2.000000000 2
300 996 3 8192 2.000000000 2
300 1000 3 8192 2.000000000 2
300 1024 3 8192 2.000000000 2
300 1028 3 8192 2.000000000 2
300 1060 3 8192 2.000000000 2
300 1076 3 8192 2.000000000 2
300 1084 3 8192 2.000000000 2
300 1144 3 8192 2.000000000 2
300 1180 3 8192 2.000000000 2
300 1184 3 8192 2.000000000 2
300 1236 3 8192 2.000000000 2
304 12 3 8192 2.000000000 2
304 20 3 8192 2.000000000 2
304 48 3 8192 2.000000000 2
304 56 3 8192 2.000000000 2
304 88 3 8192 2.000000000 2
304 116 3 8192 2.000000000 2
304 180 3 8192 2.000000000 2
304 184 3 8192 2.000000000 2
304 216 3 8192 2.000000000 2
304 248 3 8192 2.000000000 2
304 308 3 8192 2.000000000 2
304 324 3 8192 2.000000000 2
304 328 3 8192 2.000000000 2
304 336 3 8192 2.000000000 2
304 344 3 8192 2.000000000 2
304 368 3 8192 2.000000000 2
304 384 3 8192 2.000000000 2
304 392 3 8192 2.000000000 2
304 408 3 8192 2.000000000 2
304 432 3 8192 2.000000000 2
304 452 3 8192 2.000000000 2
304 456 3 8192 2.000000000 2
304 472 3 8192 2.000000000 2
304 484 3 8192 2.000000000 2
304 496 3 8192 2.000000000 2
304 508 3 8192 2.000000000 2
304 520 3 8192 2.000000000 2
304 524 3 8192 2.000000000 2
304 544 3 8192 2.000000000 2
304 564 3 8192 2.000000000 2
304 608 3 8192 2.000000000 2
304 624 3 8192 2.000000000 2
304 636 3 8192 2.000000000 2
304 668 3 8192 2.000000000 2
304 688 3 8192 2.000000000 2
304 700 3 8192 2.000000000 2
304 704 3 8192 2.000000000 2
304 720 3 8192 2.000000000 2
304 760 3 8192 2.000000000 2
304 764 3 8192 2.000000000 2
304 804 3 8192 2.000000000 2
304 808 3 8192 2.000000000 2
304 840 3 8192 2.000000000 2
304 844 3 8192 2.000000000 2
304 852 3 8192 2.000000000 2
304 868 3 8192 2.000000000 2
304 884 3 8192 2.000000000 2
304 888 3 8192 2.000000000 2
304 924 3 8192 2.000000000 2
304 940 3 8192 2.000000000 2
304 944 3 8192 2.000000000 2
304 996 3 8192 2.000000000 2
304 1000 3 8192 2.000000000 2
304 1020 3 8192 2.000000000 2
304 1036 3 8192 2.000000000 2
304 1064 3 8192 2.000000000 2
304 1068 3 8192 2.000000000 2
304 1116 3 8192 2.000000000 2
304 1124 3 8192 2.000000000 2
304 1164 3 8192 2.000000000 2
304 1184 3 8192 2.000000000 2
304 1204 3 8192 2.000000000 2
304 1216 3 8192 2.000000000 2
304 1232 3 8192 2.000000000 2
308 0 3 8192 2.000000000 2
308 8 3 8192 2.000000000 2
308 28 3 8192 2.000000000 2
308 32 3 8192 2.000000000 2
308 68 3 8192 2.000000000 2
308 72 3 8192 2.000000000 2
308 88 3 8192 2.000000000 2
308 96 3 8192 2.000000000 2
308 192 3 8192 2.000000000 2
308 216 3 8192 2.000000000 2
308 228 3 8192 2.000000000 2
308 256 3 8192 2.000000000 2
308 260 3 8192 2.000000000 2
308 288 3 8192 2.000000000 2
308 312 3 8192 2.000000000 2
308 316 3 8192 2.000000000 2
308 324 3 8192 2.000000000 2
308 336 3 8192 2.000000000 2
308 380 3 8192 2.000000000 2
308 384 3 8192 2.000000000 2
308 388 3 8192 2.000000000 2
308 436 3 8192 2.000000000 2
308 460 3 8192 2.000000000 2
308 468 3 8192 2.000000000 2
308 480 3 8192 2.000000000 2
308 536 3 8192 2.000000000 2
308 540 3 8192 2.000000000 2
308 560 3 8192 2.000000000 2
308 564 3 8192 2.000000000 2
308 580 3 8192 2.000000000 2
308 592 3 8192 2.000000000 2
308 596 3 8192 2.000000000 2
308 608 3 8192 2.000000000 2
308 620 3 8192 2.000000000 2
308 636 3 8192 2.000000000 2
308 688 3 8192 2.000000000 2
308 732 3 8192 2.000000000 2
308 740 3 8192 2.000000000 2
308 744 3 8192 2.000000000 2
308 748 3 8192 2.000000000 2
308 768 3 8192 2.000000000 2
308 800 3 8192 2.000000000 2
308 804 3 8192 2.000000000 2
308 812 3 8192 2.000000000 2
308 828 3 8192 2.000000000 2
308 844 3 8192 2.000000000 2
308 848 3 8192 2.000000000 2
308 876 3 8192 2.000000000 2
308 888 3 8192 2.000000000 2
308 892 3 8192 2.000000000 2
308 912 3 8192 2.000000000 2
308 928 3 8192 2.000000000 2
308 940 3 8192 2.000000000 2
308 980 3 8192 2.000000000 2
308 1028 3 8192 2.000000000 2
308 1060 3 8192 2.000000000 2
308 1120 3 8192 2.000000000 2
308 1148 3 8192 2.000000000 2
308 1160 3 8192 2.000000000 2
308 1168 3 8192 2.000000000 2
308 1184 3 8192 2.000000000 2
308 1212 3 8192 2.000000000 2
308 1236 3 8192 2.000000000 2
308 1264 3 8192 2.000000000 2
312 12 3 8192 2.000000000 2
312 44 3 8192 2.000000000 2
312 56 3 8192 2.000000000 2
312 68 3 8192 2.000000000 2
312 124 3 8192 2.000000000 2
312 172 3 8192 2.000000000 2
312 180 3 8192 2.000000000 2
312 200 3 8192 2.000000000 2
312 208 3 8192 2.000000000 2
312 248 3 8192 2.000000000 2
312 260 3 8192 2.000000000 2
312 264 3 8192 2.000000000 2
312 292 3 8192 2.000000000 2
312 316 3 8192 2.000000000 2
312 320 3 8192 2.000000000 2
312 328 3 8192 2.000000000 2
312 360 3 8192 2.000000000 2
312 396 3 8192 2.000000000 2
312 404 3 8192 2.000000000 2
312 432 3 8192 2.000000000 2
312 480 3 8192 2.000000000 2
312 516 3 8192 2.000000000 2
312 524 3 8192 2.000000000 2
312 536 3 8192 2.000000000 2
312 540 3 8192 2.000000000 2
312 584 3 8192 2.000000000 2
312 600 3 8192 2.000000000 2
312 616 3 8192 2.000000000 2
312 620 3 8192 2.000000000 2
312 628 3 8192 2.000000000 2
312 636 3 8192 2.000000000 2
312 644 3 8192 2.000000000 2
312 648 3 8192 2.000000000 2
312 664 3 8192 2.000000000 2
312 684 3 8192 2.000000000 2
312 688 3 8192 2.000000000 2
312 704 3 8192 2.000000000 2
312 708 3 8192 2.000000000 2
312 712 3 8192 2.000000000 2
312 732 3 8192 2.000000000 2
312 764 3 8192 2.000000000 2
312 804 3 8192 2.000000000 2
312 816 3 8192 2.000000000 2
312 824 3 8192 2.000000000 2
312 848 3 8192 2.000000000 2
312 852 3 8192 2.000000000 2
312 856 3 8192 2.000000000 2
312 904 3 8192 2.000000000 2
312 920 3 8192 2.000000000 2
312 988 3 8192 2.000000000 2
312 992 3 8192 2.000000000 2
312 996 3 8192 2.000000000 2
312 1012 3 8192 2.000000000 2
312 1060 3 8192 2.000000000 2
312 1076 3 8192 2.000000000 2
312 1092 3 8192 2.000000000 2
312 1144 3 8192 2.000000000 2
312 1160 3 8192 2.000000000 2
312 1204 3 8192 2.000000000 2
312 1216 3 8192 2.000000000 2
312 1224 3 8192 2.000000000 2
312 1232 3 8192 2.000000000 2
312 1260 3 8192 2.000000000 2
312 1268 3 8192 2.000000000 2
316 48 3 8192 2.000000000 2
316 72 3 8192 2.000000000 2
316 76 3 8192 2.000000000 2
316 92 3 8192 2.000000000 2
316 116 3 8192 2.000000000 2
316 124 3 8192 2.000000000 2
316 136 3 8192 2.000000000 2
316 152 3 8192 2.000000000 2
316 192 3 8192 2.000000000 2
316 212 3 8192 2.000000000 2
316 268 3 8192 2.000000000 2
316 308 3 8192 2.000000000 2
316 312 3 8192 2.000000000 2
316 328 3 8192 2.000000000 2
316 332 3 8192 2.000000000 2
316 356 3 8192 2.000000000 2
316 372 3 8192 2.000000000 2
316 388 3 8192 2.000000000 2
316 436 3 8192 2.000000000 2
316 460 3 8192 2.000000000 2
316 488 3 8192 2.000000000 2
316 492 3 8192 2.000000000 2
316 524 3 8192 2.000000000 2
316 532 3 8192 2.000000000 2
316 536 3 8192 2.000000000 2
316 540 3 8192 2.000000000 2
316 560 3 8192 2.000000000 2
316 568 3 8192 2.000000000 2
316 620 3 8192 2.000000000 2
316 628 3 8192 2.000000000 2
316 632 3 8192 2.000000000 2
316 636 3 8192 2.000000000 2
316 652 3 8192 2.000000000 2
316 656 3 8192 2.000000000 2
316 692 3 8192 2.000000000 2
316 696 3 8192 2.000000000 2
316 700 3 8192 2.000000000 2
316 712 3 8192 2.000000000 2
316 716 3 8192 2.000000000 2
316 736 3 8192 2.000000000 2
316 756 3 8192 2.000000000 2
316 760 3 8192 2.000000000 2
316 788 3 8192 2.000000000 2
316 800 3 8192 2.000000000 2
316 868 3 8192 2.000000000 2
316 872 3 8192 2.000000000 2
316 908 3 8192 2.000000000 2
316 920 3 8192 2.000000000 2
316 924 3 8192 2.000000000 2
316 956 3 8192 2.000000000 2
316 988 3 8192 2.000000000 2
316 1000 3 8192 2.000000000 2
316 1044 3 8192 2.000000000 2
316 1064 3 8192 2.000000000 2
316 1076 3 8192 2.000000000 2
316 1092 3 8192 2.000000000 2
316 1120 3 8192 2.000000000 2
316 1144 3 8192 2.000000000 2
316 1148 3 8192 2.000000000 2
316 1164 3 8192 2.000000000 2
316 1176 3 8192 2.000000000 2
316 1204 3 8192 2.000000000 2
316 1232 3 8192 2.000000000 2
316 1264 3 8192 2.000000000 2
320 8 3 8192 2.000000000 2
320 20 3 8192 2.000000000 2
320 40 3 8192 2.000000000 2
320 68 3 8192 2.000000000 2
320 80 3 8192 2.000000000 2
320 92 3 8192 2.000000000 2
320 124 3 8192 2.000000000 2
320 140 3 8192 2.000000000 2
320 152 3 8192 2.000000000 2
320 156 3 8192 2.000000000 2
320 160 3 8192 2.000000000 2
320 168 3 8192 2.000000000 2
320 212 3 8192 2.000000000 2
320 252 3 8192 2.000000000 2
320 268 3 8192 2.000000000 2
320 288 3 8192 2.000000000 2
320 340 3 8192 2.000000000 2
320 348 3 8192 2.000000000 2
320 388 3 8192 2.000000000 2
320 396 3 8192 2.000000000 2
320 408 3 8192 2.000000000 2
320 440 3 8192 2.000000000 2
320 460 3 8192 2.000000000 2
320 484 3 8192 2.000000000 2
320 500 3 8192 2.000000000 2
320 516 3 8192 2.000000000 2
320 552 3 8192 2.000000000 2
320 564 3 8192 2.000000000 2
320 568 3 8192 2.000000000 2
320 584 3 8192 2.000000000 2
320 616 3 8192 2.000000000 2
320 620 3 8192 2.000000000 2
320 624 3 8192 2.000000000 2
320 632 3 8192 2.000000000 2
320 692 3 8192 2.000000000 2
320 732 3 8192 2.000000000 2
320 788 3 8192 2.000000000 2
320 808 3 8192 2.000000000 2
320 848 3 8192 2.000000000 2
320 852 3 8192 2.000000000 2
320 856 3 8192 2.000000000 2
320 872 3 8192 2.000000000 2
320 876 3 8192 2.000000000 2
320 880 3 8192 2.000000000 2
320 888 3 8192 2.000000000 2
320 908 3 8192 2.000000000 2
320 948 3 8192 2.000000000 2
320 988 3 8192 2.000000000 2
320 1000 3 8192 2.000000000 2
320 1032 3 8192 2.000000000 2
320 1052 3 8192 2.000000000 2
320 1084 3 8192 2.000000000 2
320 1092 3 8192 2.000000000 2
320 1096 3 8192 2.000000000 2
320 1100 3 8192 2.000000000 2
320 1120 3 8192 2.000000000 2
320 1128 3 8192 2.000000000 2
320 1132 3 8192 2.000000000 2
320 1172 3 8192 2.000000000 2
320 1184 3 8192 2.000000000 2
320 1212 3 8192 2.000000000 2
320 1232 3 8192 2.000000000 2
320 1256 3 8192 2.000000000 2
320 1260 3 8192 2.000000000 2
324 56 3 8192 2.000000000 2
324 88 3 8192 2.000000000 2
324 92 3 8192 2.000000000 2
324 100 3 8192 2.000000000 2
324 108 3 8192 2.000000000 2
324 124 3 8192 2.000000000 2
324 152 3 8192 2.000000000 2
324 176 3 8192 2.000000000 2
324 184 3 8192 2.000000000 2
324 192 3 8192 2.000000000 2
324 200 3 8192 2.000000000 2
324 212 3 8192 2.000000000 2
324 216 3 8192 2.000000000 2
324 236 3 8192 2.000000000 2
324 248 3 8192 2.000000000 2
324 252 3 8192 2.000000000 2
324 256 3 8192 2.000000000 2
324 268 3 8192 2.000000000 2
324 292 3 8192 2.000000000 2
324 304 3 8192 2.000000000 2
324 308 3 8192 2.000000000 2
324 344 3 8192 2.000000000 2
324 360 3 8192 2.000000000 2
324 372 3 8192 2.000000000 2
324 404 3 8192 2.000000000 2
324 440 3 8192 2.000000000 2
324 488 3 8192 2.000000000 2
324 500 3 8192 2.000000000 2
324 504 3 8192 2.000000000 2
324 520 3 8192 2.000000000 2
324 536 3 8192 2.000000000 2
324 564 3 8192 2.000000000 2
324 568 3 8192 2.000000000 2
324 584 3 8192 2.000000000 2
324 592 3 8192 2.000000000 2
324 612 3 8192 2.000000000 2
324 620 3 8192 2.000000000 2
324 668 3 8192 2.000000000 2
324 680 3 8192 2.000000000 2
324 716 3 8192 2.000000000 2
324 720 3 8192 2.000000000 2
324 736 3 8192 2.000000000 2
324 792 3 8192 2.000000000 2
324 808 3 8192 2.000000000 2
324 816 3 8192 2.000000000 2
324 836 3 8192 2.000000000 2
324 864 3 8192 2.000000000 2
324 880 3 8192 2.000000000 2
324 888 3 8192 2.000000000 2
324 900 3 8192 2.000000000 2
324 908 3 8192 2.000000000 2
324 920 3 8192 2.000000000 2
324 924 3 8192 2.000000000 2
324 944 3 8192 2.000000000 2
324 960 3 8192 2.000000000 2
324 964 3 8192 2.000000000 2
324 980 3 8192 2.000000000 2
324 1024 3 8192 2.000000000 2
324 1028 3 8192 2.000000000 2
324 1032 3 8192 2.000000000 2
324 1064 3 8192 2.000000000 2
324 1164 3 8192 2.000000000 2
324 1200 3 8192 2.000000000 2
324 1264 3 8192 2.000000000 2
328 0 3 8192 2.000000000 2
328 20 3 8192 2.000000000 2
328 32 3 8192 2.000000000 2
328 44 3 8192 2.000000000 2
328 80 3 8192 2.000000000 2
328 88 3 8192 2.000000000 2
328 96 3 8192 2.000000000 2
328 136 3 8192 2.000000000 2
328 168 3 8192 2.000000000 2
328 220 3 8192 2.000000000 2
328 228 3 8192 2.000000000 2
328 288 3 8192 2.000000000 2
328 292 3 8192 2.000000000 2
328 304 3 8192 2.000000000 2
328 332 3 8192 2.000000000 2
328 336 3 8192 2.000000000 2
328 356 3 8192 2.000000000 2
328 360 3 8192 2.000000000 2
328 372 3 8192 2.000000000 2
328 468 3 8192 2.000000000 2
328 504 3 8192 2.000000000 2
328 508 3 8192 2.000000000 2
328 516 3 8192 2.000000000 2
328 544 3 8192 2.000000000 2
328 552 3 8192 2.000000000 2
328 568 3 8192 2.000000000 2
328 580 3 8192 2.000000000 2
328 592 3 8192 2.000000000 2
328 608 3 8192 2.000000000 2
328 612 3 8192 2.000000000 2
328 620 3 8192 2.000000000 2
328 628 3 8192 2.000000000 2
328 640 3 8192 2.000000000 2
328 656 3 8192 2.000000000 2
328 664 3 8192 2.000000000 2
328 704 3 8192 2.000000000 2
328 712 3 8192 2.000000000 2
328 748 3 8192 2.000000000 2
328 752 3 8192 2.000000000 2
328 788 3 8192 2.000000000 2
328 792 3 8192 2.000000000 2
328 812 3 8192 2.000000000 2
328 848 3 8192 2.000000000 2
328 868 3 8192 2.000000000 2
328 880 3 8192 2.000000000 2
328 900 3 8192 2.000000000 2
328 908 3 8192 2.000000000 2
328 916 3 8192 2.000000000 2
328 944 3 8192 2.000000000 2
328 996 3 8192 2.000000000 2
328 1012 3 8192 2.000000000 2
328 1024 3 8192 2.000000000 2
328 1032 3 8192 2.000000000 2
328 1036 3 8192 2.000000000 2
328 1044 3 8192 2.000000000 2
328 1064 3 8192 2.000000000 2
328 1108 3 8192 2.000000000 2
328 1128 3 8192 2.000000000 2
328 1200 3 8192 2.000000000 2
328 1220 3 8192 2.000000000 2
328 1244 3 8192 2.000000000 2
328 1248 3 8192 2.000000000 2
328 1256 3 8192 2.000000000 2
328 1260 3 8192 2.000000000 2
332 8 3 8192 2.000000000 2
332 12 3 8192 2.000000000 2
332 56 3 8192 2.000000000 2
332 168 3 8192 2.000000000 2
332 176 3 8192 2.000000000 2
332 256 3 8192 2.000000000 2
332 264 3 8192 2.000000000 2
332 288 3 8192 2.000000000 2
332 328 3 8192 2.000000000 2
332 340 3 8192 2.000000000 2
332 356 3 8192 2.000000000 2
332 360 3 8192 2.000000000 2
332 372 3 8192 2.000000000 2
332 388 3 8192 2.000000000 2
332 396 3 8192 2.000000000 2
332 408 3 8192 2.000000000 2
332 456 3 8192 2.000000000 2
332 492 3 8192 2.000000000 2
332 496 3 8192 2.000000000 2
332 500 3 8192 2.000000000 2
332 512 3 8192 2.000000000 2
332 516 3 8192 2.000000000 2
332 524 3 8192 2.000000000 2
332 580 3 8192 2.000000000 2
332 596 3 8192 2.000000000 2
332 604 3 8192 2.000000000 2
332 608 3 8192 2.000000000 2
332 628 3 8192 2.000000000 2
332 636 3 8192 2.000000000 2
332 644 3 8192 2.000000000 2
332 660 3 8192 2.000000000 2
332 680 3 8192 2.000000000 2
332 708 3 8192 2.000000000 2
332 716 3 8192 2.000000000 2
332 736 3 8192 2.000000000 2
332 748 3 8192 2.000000000 2
332 768 3 8192 2.000000000 2
332 800 3 8192 2.000000000 2
332 812 3 8192 2.000000000 2
332 816 3 8192 2.000000000 2
332 824 3 8192 2.000000000 2
332 852 3 8192 2.000000000 2
332 856 3 8192 2.000000000 2
332 924 3 8192 2.000000000 2
332 932 3 8192 2.000000000 2
332 976 3 8192 2.000000000 2
332 992 3 8192 2.000000000 2
332 1000 3 8192 2.000000000 2
332 1028 3 8192 2.000000000 2
332 1036 3 8192 2.000000000 2
332 1052 3 8192 2.000000000 2
332 1064 3 8192 2.000000000 2
332 1084 3 8192 2.000000000 2
332 1108 3 8192 2.000000000 2
332 1120 3 8192 2.000000000 2
332 1128 3 8192 2.000000000 2
332 1164 3 8192 2.000000000 2
332 1180 3 8192 2.000000000 2
332 1184 3 8192 2.000000000 2
332 1220 3 8192 2.000000000 2
332 1232 3 8192 2.000000000 2
332 1248 3 8192 2.000000000 2
332 1260 3 8192 2.000000000 2
332 1264 3 8192 2.000000000 2
336 8 3 8192 2.000000000 2
336 20 3 8192 2.000000000 2
336 44 3 8192 2.000000000 2
336 48 3 8192 2.000000000 2
336 56 3 8192 2.000000000 2
336 68 3 8192 2.000000000 2
336 96 3 8192 2.000000000 2
336 168 3 8192 2.000000000 2
336 172 3 8192 2.000000000 2
336 180 3 8192 2.000000000 2
336 192 3 8192 2.000000000 2
336 228 3 8192 2.000000000 2
336 236 3 8192 2.000000000 2
336 264 3 8192 2.000000000 2
336 340 3 8192 2.000000000 2
336 344 3 8192 2.000000000 2
336 356 3 8192 2.000000000 2
336 380 3 8192 2.000000000 2
336 396 3 8192 2.000000000 2
336 404 3 8192 2.000000000 2
336 440 3 8192 2.000000000 2
336 456 3 8192 2.000000000 2
336 468 3 8192 2.000000000 2
336 488 3 8192 2.000000000 2
336 516 3 8192 2.000000000 2
336 524 3 8192 2.000000000 2
336 540 3 8192 2.000000000 2
336 568 3 8192 2.000000000 2
336 580 3 8192 2.000000000 2
336 596 3 8192 2.000000000 2
336 604 3 8192 2.000000000 2
336 608 3 8192 2.000000000 2
336 612 3 8192 2.000000000 2
336 648 3 8192 2.000000000 2
336 656 3 8192 2.000000000 2
336 712 3 8192 2.000000000 2
336 740 3 8192 2.000000000 2
336 748 3 8192 2.000000000 2
336 756 3 8192 2.000000000 2
336 764 3 8192 2.000000000 2
336 772 3 8192 2.000000000 2
336 788 3 8192 2.000000000 2
336 800 3 8192 2.000000000 2
336 808 3 8192 2.000000000 2
336 816 3 8192 2.000000000 2
336 824 3 8192 2.000000000 2
336 844 3 8192 2.000000000 2
336 880 3 8192 2.000000000 2
336 888 3 8192 2.000000000 2
336 904 3 8192 2.000000000 2
336 920 3 8192 2.000000000 2
336 928 3 8192 2.000000000 2
336 960 3 8192 2.000000000 2
336 980 3 8192 2.000000000 2
336 992 3 8192 2.000000000 2
336 1020 3 8192 2.000000000 2
336 1044 3 8192 2.000000000 2
336 1076 3 8192 2.000000000 2
336 1120 3 8192 2.000000000 2
336 1144 3 8192 2.000000000 2
336 1160 3 8192 2.000000000 2
336 1192 3 8192 2.000000000 2
336 1236 3 8192 2.000000000 2
336 1248 3 8192 2.000000000 2
340 0 3 8192 2.000000000 2
340 12 3 8192 2.000000000 2
340 28 3 8192 2.000000000 2
340 56 3 8192 2.000000000 2
340 88 3 8192 2.000000000 2
340 104 3 8192 2.000000000 2
340 108 3 8192 2.000000000 2
340 120 3 8192 2.000000000 2
340 172 3 8192 2.000000000 2
340 180 3 8192 2.000000000 2
340 192 3 8192 2.000000000 2
340 236 3 8192 2.000000000 2
340 240 3 8192 2.000000000 2
340 264 3 8192 2.000000000 2
340 304 3 8192 2.000000000 2
340 344 3 8192 2.000000000 2
340 368 3 8192 2.000000000 2
340 380 3 8192 2.000000000 2
340 432 3 8192 2.000000000 2
340 452 3 8192 2.000000000 2
340 476 3 8192 2.000000000 2
340 524 3 8192 2.000000000 2
340 532 3 8192 2.000000000 2
340 540 3 8192 2.000000000 2
340 552 3 8192 2.000000000 2
340 592 3 8192 2.000000000 2
340 596 3 8192 2.000000000 2
340 628 3 8192 2.000000000 2
340 632 3 8192 2.000000000 2
340 644 3 8192 2.000000000 2
340 660 3 8192 2.000000000 2
340 712 3 8192 2.000000000 2
340 752 3 8192 2.000000000 2
340 760 3 8192 2.000000000 2
340 804 3 8192 2.000000000 2
340 816 3 8192 2.000000000 2
340 824 3 8192 2.000000000 2
340 852 3 8192 2.000000000 2
340 856 3 8192 2.000000000 2
340 872 3 8192 2.000000000 2
340 876 3 8192 2.000000000 2
340 940 3 8192 2.000000000 2
340 944 3 8192 2.000000000 2
340 956 3 8192 2.000000000 2
340 992 3 8192 2.000000000 2
340 1008 3 8192 2.000000000 2
340 1016 3 8192 2.000000000 2
340 1024 3 8192 2.000000000 2
340 1032 3 8192 2.000000000 2
340 1036 3 8192 2.000000000 2
340 1040 3 8192 2.000000000 2
340 1064 3 8192 2.000000000 2
340 1084 3 8192 2.000000000 2
340 1100 3 8192 2.000000000 2
340 1120 3 8192 2.000000000 2
340 1144 3 8192 2.000000000 2
340 1164 3 8192 2.000000000 2
340 1168 3 8192 2.000000000 2
340 1172 3 8192 2.000000000 2
340 1204 3 8192 2.000000000 2
340 1216 3 8192 2.000000000 2
340 1248 3 8192 2.000000000 2
340 1260 3 8192 2.000000000 2
340 1268 3 8192 2.000000000 2
344 8 3 8192 2.000000000 2
344 12 3 8192 2.000000000 2
344 28 3 8192 2.000000000 2
344 32 3 8192 2.000000000 2
344 36 3 8192 2.000000000 2
344 40 3 8192 2.000000000 2
344 44 3 8192 2.000000000 2
344 68 3 8192 2.000000000 2
344 72 3 8192 2.000000000 2
344 120 3 8192 2.000000000 2
344 156 3 8192 2.000000000 2
344 160 3 8192 2.000000000 2
344 176 3 8192 2.000000000 2
344 200 3 8192 2.000000000 2
344 208 3 8192 2.000000000 2
344 216 3 8192 2.000000000 2
344 240 3 8192 2.000000000 2
344 248 3 8192 2.000000000 2
344 252 3 8192 2.000000000 2
344 288 3 8192 2.000000000 2
344 316 3 8192 2.000000000 2
344 384 3 8192 2.000000000 2
344 388 3 8192 2.000000000 2
344 392 3 8192 2.000000000 2
344 440 3 8192 2.000000000 2
344 456 3 8192 2.000000000 2
344 492 3 8192 2.000000000 2
344 496 3 8192 2.000000000 2
344 532 3 8192 2.000000000 2
344 588 3 8192 2.000000000 2
344 608 3 8192 2.000000000 2
344 616 3 8192 2.000000000 2
344 620 3 8192 2.000000000 2
344 628 3 8192 2.000000000 2
344 648 3 8192 2.000000000 2
344 668 3 8192 2.000000000 2
344 680 3 8192 2.000000000 2
344 708 3 8192 2.000000000 2
344 712 3 8192 2.000000000 2
344 752 3 8192 2.000000000 2
344 760 3 8192 2.000000000 2
344 772 3 8192 2.000000000 2
344 788 3 8192 2.000000000 2
344 828 3 8192 2.000000000 2
344 856 3 8192 2.000000000 2
344 864 3 8192 2.000000000 2
344 872 3 8192 2.000000000 2
344 876 3 8192 2.000000000 2
344 888 3 8192 2.000000000 2
344 924 3 8192 2.000000000 2
344 956 3 8192 2.000000000 2
344 960 3 8192 2.000000000 2
344 968 3 8192 2.000000000 2
344 1004 3 8192 2.000000000 2
344 1012 3 8192 2.000000000 2
344 1024 3 8192 2.000000000 2
344 1040 3 8192 2.000000000 2
344 1068 3 8192 2.000000000 2
344 1084 3 8192 2.000000000 2
344 1120 3 8192 2.000000000 2
344 1176 3 8192 2.000000000 2
344 1192 3 8192 2.000000000 2
344 1224 3 8192 2.000000000 2
344 1264 3 8192 2.000000000 2
348 44 3 8192 2.000000000 2
348 76 3 8192 2.000000000 2
348 132 3 8192 2.000000000 2
348 184 3 8192 2.000000000 2
348 208 3 8192 2.000000000 2
348 216 3 8192 2.000000000 2
348 228 3 8192 2.000000000 2
348 236 3 8192 2.000000000 2
348 248 3 8192 2.000000000 2
348 264 3 8192 2.000000000 2
348 320 3 8192 2.000000000 2
348 356 3 8192 2.000000000 2
348 372 3 8192 2.000000000 2
348 388 3 8192 2.000000000 2
348 396 3 8192 2.000000000 2
348 500 3 8192 2.000000000 2
348 508 3 8192 2.000000000 2
348 524 3 8192 2.000000000 2
348 536 3 8192 2.000000000 2
348 576 3 8192 2.000000000 2
348 584 3 8192 2.000000000 2
348 616 3 8192 2.000000000 2
348 644 3 8192 2.000000000 2
348 652 3 8192 2.000000000 2
348 660 3 8192 2.000000000 2
348 664 3 8192 2.000000000 2
348 668 3 8192 2.000000000 2
348 672 3 8192 2.000000000 2
348 692 3 8192 2.000000000 2
348 700 3 8192 2.000000000 2
348 704 3 8192 2.000000000 2
348 708 3 8192 2.000000000 2
348 740 3 8192 2.000000000 2
348 768 3 8192 2.000000000 2
348 828 3 8192 2.000000000 2
348 836 3 8192 2.000000000 2
348 840 3 8192 2.000000000 2
348 844 3 8192 2.000000000 2
348 856 3 8192 2.000000000 2
348 868 3 8192 2.000000000 2
348 872 3 8192 2.000000000 2
348 880 3 8192 2.000000000 2
348 884 3 8192 2.000000000 2
348 904 3 8192 2.000000000 2
348 944 3 8192 2.000000000 2
348 948 3 8192 2.000000000 2
348 960 3 8192 2.000000000 2
348 964 3 8192 2.000000000 2
348 1000 3 8192 2.000000000 2
348 1004 3 8192 2.000000000 2
348 1008 3 8192 2.000000000 2
348 1032 3 8192 2.000000000 2
348 1040 3 8192 2.000000000 2
348 1052 3 8192 2.000000000 2
348 1092 3 8192 2.000000000 2
348 1108 3 8192 2.000000000 2
348 1116 3 8192 2.000000000 2
348 1172 3 8192 2.000000000 2
348 1176 3 8192 2.000000000 2
348 1184 3 8192 2.000000000 2
348 1212 3 8192 2.000000000 2
348 1220 3 8192 2.000000000 2
348 1232 3 8192 2.000000000 2
348 1256 3 8192 2.000000000 2
356 12 3 8192 2.000000000 2
356 20 3 8192 2.000000000 2
356 28 3 8192 2.000000000 2
356 72 3 8192 2.000000000 2
356 92 3 8192 2.000000000 2
356 100 3 8192 2.000000000 2
356 108 3 8192 2.000000000 2
356 132 3 8192 2.000000000 2
356 136 3 8192 2.000000000 2
356 140 3 8192 2.000000000 2
356 156 3 8192 2.000000000 2
356 160 3 8192 2.000000000 2
356 172 3 8192 2.000000000 2
356 236 3 8192 2.000000000 2
356 252 3 8192 2.000000000 2
356 312 3 8192 2.000000000 2
356 320 3 8192 2.000000000 2
356 324 3 8192 2.000000000 2
356 328 3 8192 2.000000000 2
356 340 3 8192 2.000000000 2
356 348 3 8192 2.000000000 2
356 368 3 8192 2.000000000 2
356 372 3 8192 2.000000000 2
356 392 3 8192 2.000000000 2
356 396 3 8192 2.000000000 2
356 436 3 8192 2.000000000 2
356 480 3 8192 2.000000000 2
356 492 3 8192 2.000000000 2
356 496 3 8192 2.000000000 2
356 512 3 8192 2.000000000 2
356 536 3 8192 2.000000000 2
356 576 3 8192 2.000000000 2
356 584 3 8192 2.000000000 2
356 612 3 8192 2.000000000 2
356 620 3 8192 2.000000000 2
356 632 3 8192 2.000000000 2
356 640 3 8192 2.000000000 2
356 644 3 8192 2.000000000 2
356 668 3 8192 2.000000000 2
356 716 3 8192 2.000000000 2
356 740 3 8192 2.000000000 2
356 752 3 8192 2.000000000 2
356 788 3 8192 2.000000000 2
356 800 3 8192 2.000000000 2
356 824 3 8192 2.000000000 2
356 828 3 8192 2.000000000 2
356 876 3 8192 2.000000000 2
356 888 3 8192 2.000000000 2
356 892 3 8192 2.000000000 2
356 908 3 8192 2.000000000 2
356 912 3 8192 2.000000000 2
356 932 3 8192 2.000000000 2
356 960 3 8192 2.000000000 2
356 980 3 8192 2.000000000 2
356 988 3 8192 2.000000000 2
356 1004 3 8192 2.000000000 2
356 1032 3 8192 2.000000000 2
356 1060 3 8192 2.000000000 2
356 1168 3 8192 2.000000000 2
356 1180 3 8192 2.000000000 2
356 1200 3 8192 2.000000000 2
356 1224 3 8192 2.000000000 2
356 1232 3 8192 2.000000000 2
356 1236 3 8192 2.000000000 2
360 40 3 8192 2.000000000 2
360 56 3 8192 2.000000000 2
360 76 3 8192 2.000000000 2
360 96 3 8192 2.000000000 2
360 108 3 8192 2.000000000 2
360 120 3 8192 2.000000000 2
360 132 3 8192 2.000000000 2
360 156 3 8192 2.000000000 2
360 160 3 8192 2.000000000 2
360 208 3 8192 2.000000000 2
360 248 3 8192 2.000000000 2
360 252 3 8192 2.000000000 2
360 304 3 8192 2.000000000 2
360 308 3 8192 2.000000000 2
360 324 3 8192 2.000000000 2
360 332 3 8192 2.000000000 2
360 372 3 8192 2.000000000 2
360 384 3 8192 2.000000000 2
360 404 3 8192 2.000000000 2
360 408 3 8192 2.000000000 2
360 436 3 8192 2.000000000 2
360 456 3 8192 2.000000000 2
360 488 3 8192 2.000000000 2
360 512 3 8192 2.000000000 2
360 536 3 8192 2.000000000 2
360 604 3 8192 2.000000000 2
360 624 3 8192 2.000000000 2
360 648 3 8192 2.000000000 2
360 696 3 8192 2.000000000 2
360 700 3 8192 2.000000000 2
360 712 3 8192 2.000000000 2
360 716 3 8192 2.000000000 2
360 720 3 8192 2.000000000 2
360 732 3 8192 2.000000000 2
360 744 3 8192 2.000000000 2
360 748 3 8192 2.000000000 2
360 768 3 8192 2.000000000 2
360 800 3 8192 2.000000000 2
360 816 3 8192 2.000000000 2
360 840 3 8192 2.000000000 2
360 852 3 8192 2.000000000 2
360 864 3 8192 2.000000000 2
360 868 3 8192 2.000000000 2
360 880 3 8192 2.000000000 2
360 900 3 8192 2.000000000 2
360 908 3 8192 2.000000000 2
360 928 3 8192 2.000000000 2
360 944 3 8192 2.000000000 2
360 948 3 8192 2.000000000 2
360 980 3 8192 2.000000000 2
360 1020 3 8192 2.000000000 2
360 1044 3 8192 2.000000000 2
360 1052 3 8192 2.000000000 2
360 1076 3 8192 2.000000000 2
360 1084 3 8192 2.000000000 2
360 1096 3 8192 2.000000000 2
360 1100 3 8192 2.000000000 2
360 1128 3 8192 2.000000000 2
360 1164 3 8192 2.000000000 2
360 1200 3 8192 2.000000000 2
360 1220 3 8192 2.000000000 2
360 1248 3 8192 2.000000000 2
360 1256 3 8192 2.000000000 2
360 1268 3 8192 2.000000000 2
368 12 3 8192 2.000000000 2
368 28 3 8192 2.000000000 2
368 80 3 8192 2.000000000 2
368 100 3 8192 2.000000000 2
368 168 3 8192 2.000000000 2
368 176 3 8192 2.000000000 2
368 180 3 8192 2.000000000 2
368 184 3 8192 2.000000000 2
368 192 3 8192 2.000000000 2
368 200 3 8192 2.000000000 2
368 212 3 8192 2.000000000 2
368 220 3 8192 2.000000000 2
368 228 3 8192 2.000000000 2
368 288 3 8192 2.000000000 2
368 292 3 8192 2.000000000 2
368 308 3 8192 2.000000000 2
368 328 3 8192 2.000000000 2
368 336 3 8192 2.000000000 2
368 380 3 8192 2.000000000 2
368 392 3 8192 2.000000000 2
368 396 3 8192 2.000000000 2
368 408 3 8192 2.000000000 2
368 456 3 8192 2.000000000 2
368 472 3 8192 2.000000000 2
368 480 3 8192 2.000000000 2
368 484 3 8192 2.000000000 2
368 508 3 8192 2.000000000 2
368 520 3 8192 2.000000000 2
368 524 3 8192 2.000000000 2
368 536 3 8192 2.000000000 2
368 580 3 8192 2.000000000 2
368 584 3 8192 2.000000000 2
368 600 3 8192 2.000000000 2
368 620 3 8192 2.000000000 2
368 628 3 8192 2.000000000 2
368 632 3 8192 2.000000000 2
368 644 3 8192 2.000000000 2
368 664 3 8192 2.000000000 2
368 668 3 8192 2.000000000 2
368 680 3 8192 2.000000000 2
368 684 3 8192 2.000000000 2
368 732 3 8192 2.000000000 2
368 760 3 8192 2.000000000 2
368 764 3 8192 2.000000000 2
368 768 3 8192 2.000000000 2
368 804 3 8192 2.000000000 2
368 836 3 8192 2.000000000 2
368 840 3 8192 2.000000000 2
368 844 3 8192 2.000000000 2
368 856 3 8192 2.000000000 2
368 868 3 8192 2.000000000 2
368 876 3 8192 2.000000000 2
368 880 3 8192 2.000000000 2
368 912 3 8192 2.000000000 2
368 932 3 8192 2.000000000 2
368 1036 3 8192 2.000000000 2
368 1108 3 8192 2.000000000 2
368 1132 3 8192 2.000000000 2
368 1148 3 8192 2.000000000 2
368 1156 3 8192 2.000000000 2
368 1164 3 8192 2.000000000 2
368 1172 3 8192 2.000000000 2
368 1184 3 8192 2.000000000 2
368 1256 3 8192 2.000000000 2
372 0 3 8192 2.000000000 2
372 32 3 8192 2.000000000 2
372 40 3 8192 2.000000000 2
372 44 3 8192 2.000000000 2
372 48 3 8192 2.000000000 2
372 80 3 8192 2.000000000 2
372 92 3 8192 2.000000000 2
372 100 3 8192 2.000000000 2
372 120 3 8192 2.000000000 2
372 124 3 8192 2.000000000 2
372 152 3 8192 2.000000000 2
372 168 3 8192 2.000000000 2
372 172 3 8192 2.000000000 2
372 212 3 8192 2.000000000 2
372 216 3 8192 2.000000000 2
372 248 3 8192 2.000000000 2
372 300 3 8192 2.000000000 2
372 308 3 8192 2.000000000 2
372 316 3 8192 2.000000000 2
372 332 3 8192 2.000000000 2
372 336 3 8192 2.000000000 2
372 348 3 8192 2.000000000 2
372 356 3 8192 2.000000000 2
372 384 3 8192 2.000000000 2
372 432 3 8192 2.000000000 2
372 436 3 8192 2.000000000 2
372 468 3 8192 2.000000000 2
372 500 3 8192 2.000000000 2
372 532 3 8192 2.000000000 2
372 544 3 8192 2.000000000 2
372 560 3 8192 2.000000000 2
372 568 3 8192 2.000000000 2
372 576 3 8192 2.000000000 2
372 588 3 8192 2.000000000 2
372 616 3 8192 2.000000000 2
372 628 3 8192 2.000000000 2
372 652 3 8192 2.000000000 2
372 664 3 8192 2.000000000 2
372 688 3 8192 2.000000000 2
372 700 3 8192 2.000000000 2
372 744 3 8192 2.000000000 2
372 748 3 8192 2.000000000 2
372 752 3 8192 2.000000000 2
372 760 3 8192 2.000000000 2
372 772 3 8192 2.000000000 2
372 804 3 8192 2.000000000 2
372 816 3 8192 2.000000000 2
372 840 3 8192 2.000000000 2
372 848 3 8192 2.000000000 2
372 880 3 8192 2.000000000 2
372 888 3 8192 2.000000000 2
372 932 3 8192 2.000000000 2
372 944 3 8192 2.000000000 2
372 960 3 8192 2.000000000 2
372 964 3 8192 2.000000000 2
372 968 3 8192 2.000000000 2
372 992 3 8192 2.000000000 2
372 996 3 8192 2.000000000 2
372 1016 3 8192 2.000000000 2
372 1148 3 8192 2.000000000 2
372 1168 3 8192 2.000000000 2
372 1192 3 8192 2.000000000 2
372 1200 3 8192 2.000000000 2
372 1264 3 8192 2.000000000 2
380 4 3 8192 2.000000000 2
380 8 3 8192 2.000000000 2
380 32 3 8192 2.000000000 2
380 56 3 8192 2.000000000 2
380 68 3 8192 2.000000000 2
380 116 3 8192 2.000000000 2
380 156 3 8192 2.000000000 2
380 160 3 8192 2.000000000 2
380 176 3 8192 2.000000000 2
380 180 3 8192 2.000000000 2
380 252 3 8192 2.000000000 2
380 256 3 8192 2.000000000 2
380 260 3 8192 2.000000000 2
380 268 3 8192 2.000000000 2
380 284 3 8192 2.000000000 2
380 304 3 8192 2.000000000 2
380 308 3 8192 2.000000000 2
380 324 3 8192 2.000000000 2
380 340 3 8192 2.000000000 2
380 356 3 8192 2.000000000 2
380 372 3 8192 2.000000000 2
380 396 3 8192 2.000000000 2
380 400 3 8192 2.000000000 2
380 456 3 8192 2.000000000 2
380 464 3 8192 2.000000000 2
380 468 3 8192 2.000000000 2
380 496 3 8192 2.000000000 2
380 500 3 8192 2.000000000 2
380 532 3 8192 2.000000000 2
380 544 3 8192 2.000000000 2
380 592 3 8192 2.000000000 2
380 596 3 8192 2.000000000 2
380 668 3 8192 2.000000000 2
380 736 3 8192 2.000000000 2
380 744 3 8192 2.000000000 2
380 748 3 8192 2.000000000 2
380 752 3 8192 2.000000000 2
380 788 3 8192 2.000000000 2
380 808 3 8192 2.000000000 2
380 824 3 8192 2.000000000 2
380 840 3 8192 2.000000000 2
380 844 3 8192 2.000000000 2
380 856 3 8192 2.000000000 2
380 872 3 8192 2.000000000 2
380 876 3 8192 2.000000000 2
380 884 3 8192 2.000000000 2
380 900 3 8192 2.000000000 2
380 904 3 8192 2.000000000 2
380 912 3 8192 2.000000000 2
380 920 3 8192 2.000000000 2
380 1020 3 8192 2.000000000 2
380 1028 3 8192 2.000000000 2
380 1036 3 8192 2.000000000 2
380 1040 3 8192 2.000000000 2
380 1084 3 8192 2.000000000 2
380 1096 3 8192 2.000000000 2
380 1116 3 8192 2.000000000 2
380 1128 3 8192 2.000000000 2
380 1148 3 8192 2.000000000 2
380 1172 3 8192 2.000000000 2
380 1176 3 8192 2.000000000 2
380 1192 3 8192 2.000000000 2
380 1220 3 8192 2.000000000 2
380 1260 3 8192 2.000000000 2
384 8 3 8192 2.000000000 2
384 12 3 8192 2.000000000 2
384 20 3 8192 2.000000000 2
384 120 3 8192 2.000000000 2
384 132 3 8192 2.000000000 2
384 140 3 8192 2.000000000 2
384 156 3 8192 2.000000000 2
384 160 3 8192 2.000000000 2
384 180 3 8192 2.000000000 2
384 324 3 8192 2.000000000 2
384 356 3 8192 2.000000000 2
384 372 3 8192 2.000000000 2
384 388 3 8192 2.000000000 2
384 392 3 8192 2.000000000 2
384 396 3 8192 2.000000000 2
384 404 3 8192 2.000000000 2
384 452 3 8192 2.000000000 2
384 460 3 8192 2.000000000 2
384 464 3 8192 2.000000000 2
384 468 3 8192 2.000000000 2
384 484 3 8192 2.000000000 2
384 504 3 8192 2.000000000 2
384 520 3 8192 2.000000000 2
384 540 3 8192 2.000000000 2
384 596 3 8192 2.000000000 2
384 608 3 8192 2.000000000 2
384 612 3 8192 2.000000000 2
384 632 3 8192 2.000000000 2
384 636 3 8192 2.000000000 2
384 672 3 8192 2.000000000 2
384 688 3 8192 2.000000000 2
384 696 3 8192 2.000000000 2
384 700 3 8192 2.000000000 2
384 708 3 8192 2.000000000 2
384 732 3 8192 2.000000000 2
384 748 3 8192 2.000000000 2
384 760 3 8192 2.000000000 2
384 768 3 8192 2.000000000 2
384 772 3 8192 2.000000000 2
384 836 3 8192 2.000000000 2
384 852 3 8192 2.000000000 2
384 864 3 8192 2.000000000 2
384 868 3 8192 2.000000000 2
384 880 3 8192 2.000000000 2
384 884 3 8192 2.000000000 2
384 904 3 8192 2.000000000 2
384 908 3 8192 2.000000000 2
384 924 3 8192 2.000000000 2
384 928 3 8192 2.000000000 2
384 964 3 8192 2.000000000 2
384 996 3 8192 2.000000000 2
384 1004 3 8192 2.000000000 2
384 1044 3 8192 2.000000000 2
384 1064 3 8192 2.000000000 2
384 1068 3 8192 2.000000000 2
384 1108 3 8192 2.000000000 2
384 1144 3 8192 2.000000000 2
384 1160 3 8192 2.000000000 2
384 1204 3 8192 2.000000000 2
384 1208 3 8192 2.000000000 2
384 1216 3 8192 2.000000000 2
384 1224 3 8192 2.000000000 2
384 1248 3 8192 2.000000000 2
384 1256 3 8192 2.000000000 2
388 0 3 8192 2.000000000 2
388 8 3 8192 2.000000000 2
388 20 3 8192 2.000000000 2
388 28 3 8192 2.000000000 2
388 76 3 8192 2.000000000 2
388 80 3 8192 2.000000000 2
388 96 3 8192 2.000000000 2
388 104 3 8192 2.000000000 2
388 132 3 8192 2.000000000 2
388 140 3 8192 2.000000000 2
388 156 3 8192 2.000000000 2
388 168 3 8192 2.000000000 2
388 200 3 8192 2.000000000 2
388 216 3 8192 2.000000000 2
388 220 3 8192 2.000000000 2
388 256 3 8192 2.000000000 2
388 288 3 8192 2.000000000 2
388 312 3 8192 2.000000000 2
388 324 3 8192 2.000000000 2
388 368 3 8192 2.000000000 2
388 400 3 8192 2.000000000 2
388 404 3 8192 2.000000000 2
388 460 3 8192 2.000000000 2
388 476 3 8192 2.000000000 2
388 484 3 8192 2.000000000 2
388 512 3 8192 2.000000000 2
388 516 3 8192 2.000000000 2
388 532 3 8192 2.000000000 2
388 560 3 8192 2.000000000 2
388 564 3 8192 2.000000000 2
388 580 3 8192 2.000000000 2
388 608 3 8192 2.000000000 2
388 612 3 8192 2.000000000 2
388 636 3 8192 2.000000000 2
388 644 3 8192 2.000000000 2
388 668 3 8192 2.000000000 2
388 672 3 8192 2.000000000 2
388 700 3 8192 2.000000000 2
388 712 3 8192 2.000000000 2
388 744 3 8192 2.000000000 2
388 764 3 8192 2.000000000 2
388 768 3 8192 2.000000000 2
388 808 3 8192 2.000000000 2
388 816 3 8192 2.000000000 2
388 824 3 8192 2.000000000 2
388 828 3 8192 2.000000000 2
388 836 3 8192 2.000000000 2
388 856 3 8192 2.000000000 2
388 864 3 8192 2.000000000 2
388 876 3 8192 2.000000000 2
388 908 3 8192 2.000000000 2
388 944 3 8192 2.000000000 2
388 968 3 8192 2.000000000 2
388 1000 3 8192 2.000000000 2
388 1016 3 8192 2.000000000 2
388 1084 3 8192 2.000000000 2
388 1092 3 8192 2.000000000 2
388 1096 3 8192 2.000000000 2
388 1124 3 8192 2.000000000 2
388 1128 3 8192 2.000000000 2
388 1176 3 8192 2.000000000 2
388 1192 3 8192 2.000000000 2
388 1256 3 8192 2.000000000 2
388 1268 3 8192 2.000000000 2
392 0 3 8192 2.000000000 2
392 20 3 8192 2.000000000 2
392 28 3 8192 2.000000000 2
392 32 3 8192 2.000000000 2
392 40 3 8192 2.000000000 2
392 56 3 8192 2.000000000 2
392 68 3 8192 2.000000000 2
392 108 3 8192 2.000000000 2
392 136 3 8192 2.000000000 2
392 152 3 8192 2.000000000 2
392 160 3 8192 2.000000000 2
392 176 3 8192 2.000000000 2
392 192 3 8192 2.000000000 2
392 208 3 8192 2.000000000 2
392 260 3 8192 2.000000000 2
392 264 3 8192 2.000000000 2
392 292 3 8192 2.000000000 2
392 300 3 8192 2.000000000 2
392 336 3 8192 2.000000000 2
392 340 3 8192 2.000000000 2
392 380 3 8192 2.000000000 2
392 432 3 8192 2.000000000 2
392 472 3 8192 2.000000000 2
392 484 3 8192 2.000000000 2
392 492 3 8192 2.000000000 2
392 500 3 8192 2.000000000 2
392 568 3 8192 2.000000000 2
392 576 3 8192 2.000000000 2
392 580 3 8192 2.000000000 2
392 584 3 8192 2.000000000 2
392 588 3 8192 2.000000000 2
392 592 3 8192 2.000000000 2
392 620 3 8192 2.000000000 2
392 640 3 8192 2.000000000 2
392 656 3 8192 2.000000000 2
392 700 3 8192 2.000000000 2
392 716 3 8192 2.000000000 2
392 720 3 8192 2.000000000 2
392 744 3 8192 2.000000000 2
392 748 3 8192 2.000000000 2
392 756 3 8192 2.000000000 2
392 788 3 8192 2.000000000 2
392 836 3 8192 2.000000000 2
392 848 3 8192 2.000000000 2
392 872 3 8192 2.000000000 2
392 912 3 8192 2.000000000 2
392 916 3 8192 2.000000000 2
392 940 3 8192 2.000000000 2
392 944 3 8192 2.000000000 2
392 956 3 8192 2.000000000 2
392 976 3 8192 2.000000000 2
392 980 3 8192 2.000000000 2
392 992 3 8192 2.000000000 2
392 1004 3 8192 2.000000000 2
392 1008 3 8192 2.000000000 2
392 1040 3 8192 2.000000000 2
392 1076 3 8192 2.000000000 2
392 1176 3 8192 2.000000000 2
392 1184 3 8192 2.000000000 2
392 1200 3 8192 2.000000000 2
392 1256 3 8192 2.000000000 2
392 1260 3 8192 2.000000000 2
392 1264 3 8192 2.000000000 2
392 1268 3 8192 2.000000000 2
396 4 3 8192 2.000000000 2
396 12 3 8192 2.000000000 2
396 72 3 8192 2.000000000 2
396 116 3 8192 2.000000000 2
396 156 3 8192 2.000000000 2
396 180 3 8192 2.000000000 2
396 184 3 8192 2.000000000 2
396 252 3 8192 2.000000000 2
396 288 3 8192 2.000000000 2
396 292 3 8192 2.000000000 2
396 308 3 8192 2.000000000 2
396 332 3 8192 2.000000000 2
396 344 3 8192 2.000000000 2
396 348 3 8192 2.000000000 2
396 356 3 8192 2.000000000 2
396 400 3 8192 2.000000000 2
396 424 3 8192 2.000000000 2
396 432 3 8192 2.000000000 2
396 452 3 8192 2.000000000 2
396 468 3 8192 2.000000000 2
396 472 3 8192 2.000000000 2
396 484 3 8192 2.000000000 2
396 508 3 8192 2.000000000 2
396 512 3 8192 2.000000000 2
396 544 3 8192 2.000000000 2
396 560 3 8192 2.000000000 2
396 564 3 8192 2.000000000 2
396 576 3 8192 2.000000000 2
396 584 3 8192 2.000000000 2
396 592 3 8192 2.000000000 2
396 616 3 8192 2.000000000 2
396 620 3 8192 2.000000000 2
396 632 3 8192 2.000000000 2
396 644 3 8192 2.000000000 2
396 648 3 8192 2.000000000 2
396 656 3 8192 2.000000000 2
396 704 3 8192 2.000000000 2
396 736 3 8192 2.000000000 2
396 764 3 8192 2.000000000 2
396 772 3 8192 2.000000000 2
396 792 3 8192 2.000000000 2
396 800 3 8192 2.000000000 2
396 836 3 8192 2.000000000 2
396 852 3 8192 2.000000000 2
396 856 3 8192 2.000000000 2
396 868 3 8192 2.000000000 2
396 916 3 8192 2.000000000 2
396 928 3 8192 2.000000000 2
396 940 3 8192 2.000000000 2
396 968 3 8192 2.000000000 2
396 988 3 8192 2.000000000 2
396 992 3 8192 2.000000000 2
396 1024 3 8192 2.000000000 2
396 1052 3 8192 2.000000000 2
396 1092 3 8192 2.000000000 2
396 1116 3 8192 2.000000000 2
396 1144 3 8192 2.000000000 2
396 1156 3 8192 2.000000000 2
396 1164 3 8192 2.000000000 2
396 1168 3 8192 2.000000000 2
396 1172 3 8192 2.000000000 2
396 1232 3 8192 2.000000000 2
396 1248 3 8192 2.000000000 2
396 1264 3 8192 2.000000000 2
400 28 3 8192 2.000000000 2
400 36 3 8192 2.000000000 2
400 44 3 8192 2.000000000 2
400 48 3 8192 2.000000000 2
400 56 3 8192 2.000000000 2
400 68 3 8192 2.000000000 2
400 72 3 8192 2.000000000 2
400 76 3 8192 2.000000000 2
400 88 3 8192 2.000000000 2
400 112 3 8192 2.000000000 2
400 140 3 8192 2.000000000 2
400 220 3 8192 2.000000000 2
400 228 3 8192 2.000000000 2
400 240 3 8192 2.000000000 2
400 320 3 8192 2.000000000 2
400 336 3 8192 2.000000000 2
400 340 3 8192 2.000000000 2
400 348 3 8192 2.000000000 2
400 372 3 8192 2.000000000 2
400 380 3 8192 2.000000000 2
400 384 3 8192 2.000000000 2
400 396 3 8192 2.000000000 2
400 432 3 8192 2.000000000 2
400 440 3 8192 2.000000000 2
400 456 3 8192 2.000000000 2
400 484 3 8192 2.000000000 2
400 496 3 8192 2.000000000 2
400 504 3 8192 2.000000000 2
400 524 3 8192 2.000000000 2
400 532 3 8192 2.000000000 2
400 552 3 8192 2.000000000 2
400 560 3 8192 2.000000000 2
400 568 3 8192 2.000000000 2
400 576 3 8192 2.000000000 2
400 608 3 8192 2.000000000 2
400 620 3 8192 2.000000000 2
400 632 3 8192 2.000000000 2
400 664 3 8192 2.000000000 2
400 680 3 8192 2.000000000 2
400 712 3 8192 2.000000000 2
400 732 3 8192 2.000000000 2
400 812 3 8192 2.000000000 2
400 840 3 8192 2.000000000 2
400 844 3 8192 2.000000000 2
400 856 3 8192 2.000000000 2
400 864 3 8192 2.000000000 2
400 884 3 8192 2.000000000 2
400 888 3 8192 2.000000000 2
400 904 3 8192 2.000000000 2
400 920 3 8192 2.000000000 2
400 924 3 8192 2.000000000 2
400 980 3 8192 2.000000000 2
400 996 3 8192 2.000000000 2
400 1000 3 8192 2.000000000 2
400 1064 3 8192 2.000000000 2
400 1096 3 8192 2.000000000 2
400 1100 3 8192 2.000000000 2
400 1120 3 8192 2.000000000 2
400 1144 3 8192 2.000000000 2
400 1148 3 8192 2.000000000 2
400 1184 3 8192 2.000000000 2
400 1220 3 8192 2.000000000 2
400 1256 3 8192 2.000000000 2
400 1264 3 8192 2.000000000 2
404 4 3 8192 2.000000000 2
404 28 3 8192 2.000000000 2
404 32 3 8192 2.000000000 2
404 36 3 8192 2.000000000 2
404 68 3 8192 2.000000000 2
404 76 3 8192 2.000000000 2
404 92 3 8192 2.000000000 2
404 104 3 8192 2.000000000 2
404 120 3 8192 2.000000000 2
404 136 3 8192 2.000000000 2
404 152 3 8192 2.000000000 2
404 168 3 8192 2.000000000 2
404 180 3 8192 2.000000000 2
404 192 3 8192 2.000000000 2
404 208 3 8192 2.000000000 2
404 220 3 8192 2.000000000 2
404 228 3 8192 2.000000000 2
404 252 3 8192 2.000000000 2
404 256 3 8192 2.000000000 2
404 260 3 8192 2.000000000 2
404 268 3 8192 2.000000000 2
404 284 3 8192 2.000000000 2
404 292 3 8192 2.000000000 2
404 312 3 8192 2.000000000 2
404 316 3 8192 2.000000000 2
404 344 3 8192 2.000000000 2
404 348 3 8192 2.000000000 2
404 460 3 8192 2.000000000 2
404 480 3 8192 2.000000000 2
404 500 3 8192 2.000000000 2
404 588 3 8192 2.000000000 2
404 592 3 8192 2.000000000 2
404 600 3 8192 2.000000000 2
404 608 3 8192 2.000000000 2
404 632 3 8192 2.000000000 2
404 640 3 8192 2.000000000 2
404 648 3 8192 2.000000000 2
404 672 3 8192 2.000000000 2
404 704 3 8192 2.000000000 2
404 756 3 8192 2.000000000 2
404 772 3 8192 2.000000000 2
404 804 3 8192 2.000000000 2
404 844 3 8192 2.000000000 2
404 856 3 8192 2.000000000 2
404 868 3 8192 2.000000000 2
404 876 3 8192 2.000000000 2
404 880 3 8192 2.000000000 2
404 888 3 8192 2.000000000 2
404 892 3 8192 2.000000000 2
404 924 3 8192 2.000000000 2
404 944 3 8192 2.000000000 2
404 960 3 8192 2.000000000 2
404 980 3 8192 2.000000000 2
404 996 3 8192 2.000000000 2
404 1004 3 8192 2.000000000 2
404 1012 3 8192 2.000000000 2
404 1028 3 8192 2.000000000 2
404 1052 3 8192 2.000000000 2
404 1068 3 8192 2.000000000 2
404 1092 3 8192 2.000000000 2
404 1108 3 8192 2.000000000 2
404 1148 3 8192 2.000000000 2
404 1172 3 8192 2.000000000 2
404 1256 3 8192 2.000000000 2
408 0 3 8192 2.000000000 2
408 8 3 8192 2.000000000 2
408 36 3 8192 2.000000000 2
408 44 3 8192 2.000000000 2
408 56 3 8192 2.000000000 2
408 100 3 8192 2.000000000 2
408 104 3 8192 2.000000000 2
408 112 3 8192 2.000000000 2
408 116 3 8192 2.000000000 2
408 120 3 8192 2.000000000 2
408 124 3 8192 2.000000000 2
408 168 3 8192 2.000000000 2
408 200 3 8192 2.000000000 2
408 220 3 8192 2.000000000 2
408 236 3 8192 2.000000000 2
408 248 3 8192 2.000000000 2
408 260 3 8192 2.000000000 2
408 264 3 8192 2.000000000 2
408 308 3 8192 2.000000000 2
408 340 3 8192 2.000000000 2
408 356 3 8192 2.000000000 2
408 432 3 8192 2.000000000 2
408 436 3 8192 2.000000000 2
408 472 3 8192 2.000000000 2
408 476 3 8192 2.000000000 2
408 484 3 8192 2.000000000 2
408 488 3 8192 2.000000000 2
408 552 3 8192 2.000000000 2
408 592 3 8192 2.000000000 2
408 596 3 8192 2.000000000 2
408 628 3 8192 2.000000000 2
408 660 3 8192 2.000000000 2
408 668 3 8192 2.000000000 2
408 684 3 8192 2.000000000 2
408 704 3 8192 2.000000000 2
408 752 3 8192 2.000000000 2
408 760 3 8192 2.000000000 2
408 772 3 8192 2.000000000 2
408 800 3 8192 2.000000000 2
408 808 3 8192 2.000000000 2
408 816 3 8192 2.000000000 2
408 828 3 8192 2.000000000 2
408 844 3 8192 2.000000000 2
408 864 3 8192 2.000000000 2
408 876 3 8192 2.000000000 2
408 904 3 8192 2.000000000 2
408 912 3 8192 2.000000000 2
408 944 3 8192 2.000000000 2
408 948 3 8192 2.000000000 2
408 976 3 8192 2.000000000 2
408 1000 3 8192 2.000000000 2
408 1028 3 8192 2.000000000 2
408 1032 3 8192 2.000000000 2
408 1036 3 8192 2.000000000 2
408 1040 3 8192 2.000000000 2
408 1084 3 8192 2.000000000 2
408 1108 3 8192 2.000000000 2
408 1132 3 8192 2.000000000 2
408 1168 3 8192 2.000000000 2
408 1176 3 8192 2.000000000 2
408 1184 3 8192 2.000000000 2
408 1192 3 8192 2.000000000 2
408 1208 3 8192 2.000000000 2
408 1224 3 8192 2.000000000 2
424 32 3 8192 2.000000000 2
424 44 3 8192 2.000000000 2
424 56 3 8192 2.000000000 2
424 120 3 8192 2.000000000 2
424 124 3 8192 2.000000000 2
424 152 3 8192 2.000000000 2
424 180 3 8192 2.000000000 2
424 220 3 8192 2.000000000 2
424 264 3 8192 2.000000000 2
424 292 3 8192 2.000000000 2
424 316 3 8192 2.000000000 2
424 320 3 8192 2.000000000 2
424 332 3 8192 2.000000000 2
424 340 3 8192 2.000000000 2
424 344 3 8192 2.000000000 2
424 372 3 8192 2.000000000 2
424 396 3 8192 2.000000000 2
424 400 3 8192 2.000000000 2
424 404 3 8192 2.000000000 2
424 408 3 8192 2.000000000 2
424 432 3 8192 2.000000000 2
424 436 3 8192 2.000000000 2
424 440 3 8192 2.000000000 2
424 452 3 8192 2.000000000 2
424 480 3 8192 2.000000000 2
424 484 3 8192 2.000000000 2
424 492 3 8192 2.000000000 2
424 500 3 8192 2.000000000 2
424 504 3 8192 2.000000000 2
424 520 3 8192 2.000000000 2
424 524 3 8192 2.000000000 2
424 576 3 8192 2.000000000 2
424 580 3 8192 2.000000000 2
424 588 3 8192 2.000000000 2
424 624 3 8192 2.000000000 2
424 628 3 8192 2.000000000 2
424 692 3 8192 2.000000000 2
424 736 3 8192 2.000000000 2
424 756 3 8192 2.000000000 2
424 768 3 8192 2.000000000 2
424 792 3 8192 2.000000000 2
424 800 3 8192 2.000000000 2
424 840 3 8192 2.000000000 2
424 844 3 8192 2.000000000 2
424 848 3 8192 2.000000000 2
424 852 3 8192 2.000000000 2
424 876 3 8192 2.000000000 2
424 888 3 8192 2.000000000 2
424 892 3 8192 2.000000000 2
424 900 3 8192 2.000000000 2
424 904 3 8192 2.000000000 2
424 988 3 8192 2.000000000 2
424 1004 3 8192 2.000000000 2
424 1092 3 8192 2.000000000 2
424 1144 3 8192 2.000000000 2
424 1156 3 8192 2.000000000 2
424 1168 3 8192 2.000000000 2
424 1180 3 8192 2.000000000 2
424 1192 3 8192 2.000000000 2
424 1232 3 8192 2.000000000 2
424 1244 3 8192 2.000000000 2
424 1256 3 8192 2.000000000 2
424 1264 3 8192 2.000000000 2
424 1268 3 8192 2.000000000 2
432 0 3 8192 2.000000000 2
432 36 3 8192 2.000000000 2
432 44 3 8192 2.000000000 2
432 72 3 8192 2.000000000 2
432 88 3 8192 2.000000000 2
432 92 3 8192 2.000000000 2
432 96 3 8192 2.000000000 2
432 108 3 8192 2.000000000 2
432 136 3 8192 2.000000000 2
432 140 3 8192 2.000000000 2
432 180 3 8192 2.000000000 2
432 184 3 8192 2.000000000 2
432 192 3 8192 2.000000000 2
432 200 3 8192 2.000000000 2
432 212 3 8192 2.000000000 2
432 228 3 8192 2.000000000 2
432 252 3 8192 2.000000000 2
432 256 3 8192 2.000000000 2
432 260 3 8192 2.000000000 2
432 268 3 8192 2.000000000 2
432 288 3 8192 2.000000000 2
432 308 3 8192 2.000000000 2
432 316 3 8192 2.000000000 2
432 336 3 8192 2.000000000 2
432 340 3 8192 2.000000000 2
432 456 3 8192 2.000000000 2
432 508 3 8192 2.000000000 2
432 512 3 8192 2.000000000 2
432 524 3 8192 2.000000000 2
432 540 3 8192 2.000000000 2
432 552 3 8192 2.000000000 2
432 568 3 8192 2.000000000 2
432 588 3 8192 2.000000000 2
432 592 3 8192 2.000000000 2
432 620 3 8192 2.000000000 2
432 680 3 8192 2.000000000 2
432 692 3 8192 2.000000000 2
432 700 3 8192 2.000000000 2
432 708 3 8192 2.000000000 2
432 712 3 8192 2.000000000 2
432 740 3 8192 2.000000000 2
432 764 3 8192 2.000000000 2
432 768 3 8192 2.000000000 2
432 772 3 8192 2.000000000 2
432 808 3 8192 2.000000000 2
432 816 3 8192 2.000000000 2
432 836 3 8192 2.000000000 2
432 840 3 8192 2.000000000 2
432 848 3 8192 2.000000000 2
432 932 3 8192 2.000000000 2
432 960 3 8192 2.000000000 2
432 968 3 8192 2.000000000 2
432 988 3 8192 2.000000000 2
432 1000 3 8192 2.000000000 2
432 1004 3 8192 2.000000000 2
432 1008 3 8192 2.000000000 2
432 1016 3 8192 2.000000000 2
432 1060 3 8192 2.000000000 2
432 1128 3 8192 2.000000000 2
432 1132 3 8192 2.000000000 2
432 1172 3 8192 2.000000000 2
432 1184 3 8192 2.000000000 2
432 1192 3 8192 2.000000000 2
432 1256 3 8192 2.000000000 2
436 12 3 8192 2.000000000 2
436 28 3 8192 2.000000000 2
436 36 3 8192 2.000000000 2
436 44 3 8192 2.000000000 2
436 68 3 8192 2.000000000 2
436 72 3 8192 2.000000000 2
436 88 3 8192 2.000000000 2
436 104 3 8192 2.000000000 2
436 108 3 8192 2.000000000 2
436 112 3 8192 2.000000000 2
436 124 3 8192 2.000000000 2
436 184 3 8192 2.000000000 2
436 220 3 8192 2.000000000 2
436 236 3 8192 2.000000000 2
436 256 3 8192 2.000000000 2
436 284 3 8192 2.000000000 2
436 316 3 8192 2.000000000 2
436 344 3 8192 2.000000000 2
436 396 3 8192 2.000000000 2
436 404 3 8192 2.000000000 2
436 456 3 8192 2.000000000 2
436 480 3 8192 2.000000000 2
436 488 3 8192 2.000000000 2
436 492 3 8192 2.000000000 2
436 504 3 8192 2.000000000 2
436 508 3 8192 2.000000000 2
436 516 3 8192 2.000000000 2
436 560 3 8192 2.000000000 2
436 616 3 8192 2.000000000 2
436 624 3 8192 2.000000000 2
436 628 3 8192 2.000000000 2
436 636 3 8192 2.000000000 2
436 644 3 8192 2.000000000 2
436 648 3 8192 2.000000000 2
436 680 3 8192 2.000000000 2
436 700 3 8192 2.000000000 2
436 732 3 8192 2.000000000 2
436 740 3 8192 2.000000000 2
436 748 3 8192 2.000000000 2
436 768 3 8192 2.000000000 2
436 800 3 8192 2.000000000 2
436 840 3 8192 2.000000000 2
436 844 3 8192 2.000000000 2
436 848 3 8192 2.000000000 2
436 856 3 8192 2.000000000 2
436 880 3 8192 2.000000000 2
436 888 3 8192 2.000000000 2
436 900 3 8192 2.000000000 2
436 916 3 8192 2.000000000 2
436 980 3 8192 2.000000000 2
436 1016 3 8192 2.000000000 2
436 1028 3 8192 2.000000000 2
436 1036 3 8192 2.000000000 2
436 1040 3 8192 2.000000000 2
436 1084 3 8192 2.000000000 2
436 1092 3 8192 2.000000000 2
436 1100 3 8192 2.000000000 2
436 1108 3 8192 2.000000000 2
436 1148 3 8192 2.000000000 2
436 1172 3 8192 2.000000000 2
436 1184 3 8192 2.000000000 2
436 1204 3 8192 2.000000000 2
436 1212 3 8192 2.000000000 2
436 1236 3 8192 2.000000000 2
440 4 3 8192 2.000000000 2
440 96 3 8192 2.000000000 2
440 104 3 8192 2.000000000 2
440 120 3 8192 2.000000000 2
440 124 3 8192 2.000000000 2
440 136 3 8192 2.000000000 2
440 140 3 8192 2.000000000 2
440 160 3 8192 2.000000000 2
440 184 3 8192 2.000000000 2
440 216 3 8192 2.000000000 2
440 220 3 8192 2.000000000 2
440 236 3 8192 2.000000000 2
440 252 3 8192 2.000000000 2
440 256 3 8192 2.000000000 2
440 328 3 8192 2.000000000 2
440 340 3 8192 2.000000000 2
440 384 3 8192 2.000000000 2
440 388 3 8192 2.000000000 2
440 452 3 8192 2.000000000 2
440 460 3 8192 2.000000000 2
440 464 3 8192 2.000000000 2
440 488 3 8192 2.000000000 2
440 492 3 8192 2.000000000 2
440 504 3 8192 2.000000000 2
440 520 3 8192 2.000000000 2
440 540 3 8192 2.000000000 2
440 552 3 8192 2.000000000 2
440 568 3 8192 2.000000000 2
440 572 3 8192 2.000000000 2
440 588 3 8192 2.000000000 2
440 600 3 8192 2.000000000 2
440 612 3 8192 2.000000000 2
440 616 3 8192 2.000000000 2
440 628 3 8192 2.000000000 2
440 644 3 8192 2.000000000 2
440 680 3 8192 2.000000000 2
440 712 3 8192 2.000000000 2
440 736 3 8192 2.000000000 2
440 768 3 8192 2.000000000 2
440 800 3 8192 2.000000000 2
440 808 3 8192 2.000000000 2
440 824 3 8192 2.000000000 2
440 836 3 8192 2.000000000 2
440 840 3 8192 2.000000000 2
440 844 3 8192 2.000000000 2
440 864 3 8192 2.000000000 2
440 868 3 8192 2.000000000 2
440 872 3 8192 2.000000000 2
440 892 3 8192 2.000000000 2
440 904 3 8192 2.000000000 2
440 928 3 8192 2.000000000 2
440 1000 3 8192 2.000000000 2
440 1028 3 8192 2.000000000 2
440 1032 3 8192 2.000000000 2
440 1044 3 8192 2.000000000 2
440 1060 3 8192 2.000000000 2
440 1076 3 8192 2.000000000 2
440 1096 3 8192 2.000000000 2
440 1120 3 8192 2.000000000 2
440 1144 3 8192 2.000000000 2
440 1208 3 8192 2.000000000 2
440 1220 3 8192 2.000000000 2
440 1256 3 8192 2.000000000 2
440 1260 3 8192 2.000000000 2
452 4 3 8192 2.000000000 2
452 40 3 8192 2.000000000 2
452 68 3 8192 2.000000000 2
452 76 3 8192 2.000000000 2
452 80 3 8192 2.000000000 2
452 100 3 8192 2.000000000 2
452 112 3 8192 2.000000000 2
452 200 3 8192 2.000000000 2
452 228 3 8192 2.000000000 2
452 236 3 8192 2.000000000 2
452 256 3 8192 2.000000000 2
452 300 3 8192 2.000000000 2
452 308 3 8192 2.000000000 2
452 316 3 8192 2.000000000 2
452 320 3 8192 2.000000000 2
452 332 3 8192 2.000000000 2
452 340 3 8192 2.000000000 2
452 344 3 8192 2.000000000 2
452 404 3 8192 2.000000000 2
452 436 3 8192 2.000000000 2
452 500 3 8192 2.000000000 2
452 504 3 8192 2.000000000 2
452 524 3 8192 2.000000000 2
452 544 3 8192 2.000000000 2
452 552 3 8192 2.000000000 2
452 576 3 8192 2.000000000 2
452 612 3 8192 2.000000000 2
452 620 3 8192 2.000000000 2
452 632 3 8192 2.000000000 2
452 648 3 8192 2.000000000 2
452 740 3 8192 2.000000000 2
452 748 3 8192 2.000000000 2
452 752 3 8192 2.000000000 2
452 756 3 8192 2.000000000 2
452 760 3 8192 2.000000000 2
452 792 3 8192 2.000000000 2
452 804 3 8192 2.000000000 2
452 824 3 8192 2.000000000 2
452 840 3 8192 2.000000000 2
452 848 3 8192 2.000000000 2
452 872 3 8192 2.000000000 2
452 908 3 8192 2.000000000 2
452 920 3 8192 2.000000000 2
452 944 3 8192 2.000000000 2
452 956 3 8192 2.000000000 2
452 976 3 8192 2.000000000 2
452 996 3 8192 2.000000000 2
452 1000 3 8192 2.000000000 2
452 1008 3 8192 2.000000000 2
452 1032 3 8192 2.000000000 2
452 1036 3 8192 2.000000000 2
452 1044 3 8192 2.000000000 2
452 1052 3 8192 2.000000000 2
452 1060 3 8192 2.000000000 2
452 1064 3 8192 2.000000000 2
452 1092 3 8192 2.000000000 2
452 1096 3 8192 2.000000000 2
452 1100 3 8192 2.000000000 2
452 1116 3 8192 2.000000000 2
452 1172 3 8192 2.000000000 2
452 1184 3 8192 2.000000000 2
452 1204 3 8192 2.000000000 2
452 1232 3 8192 2.000000000 2
452 1244 3 8192 2.000000000 2
456 0 3 8192 2.000000000 2
456 36 3 8192 2.000000000 2
456 40 3 8192 2.000000000 2
456 76 3 8192 2.000000000 2
456 80 3 8192 2.000000000 2
456 124 3 8192 2.000000000 2
456 168 3 8192 2.000000000 2
456 176 3 8192 2.000000000 2
456 184 3 8192 2.000000000 2
456 200 3 8192 2.000000000 2
456 208 3 8192 2.000000000 2
456 216 3 8192 2.000000000 2
456 240 3 8192 2.000000000 2
456 292 3 8192 2.000000000 2
456 328 3 8192 2.000000000 2
456 380 3 8192 2.000000000 2
456 384 3 8192 2.000000000 2
456 388 3 8192 2.000000000 2
456 424 3 8192 2.000000000 2
456 432 3 8192 2.000000000 2
456 452 3 8192 2.000000000 2
456 500 3 8192 2.000000000 2
456 512 3 8192 2.000000000 2
456 532 3 8192 2.000000000 2
456 540 3 8192 2.000000000 2
456 560 3 8192 2.000000000 2
456 576 3 8192 2.000000000 2
456 580 3 8192 2.000000000 2
456 584 3 8192 2.000000000 2
456 592 3 8192 2.000000000 2
456 620 3 8192 2.000000000 2
456 632 3 8192 2.000000000 2
456 640 3 8192 2.000000000 2
456 692 3 8192 2.000000000 2
456 700 3 8192 2.000000000 2
456 708 3 8192 2.000000000 2
456 716 3 8192 2.000000000 2
456 740 3 8192 2.000000000 2
456 752 3 8192 2.000000000 2
456 764 3 8192 2.000000000 2
456 792 3 8192 2.000000000 2
456 804 3 8192 2.000000000 2
456 816 3 8192 2.000000000 2
456 852 3 8192 2.000000000 2
456 868 3 8192 2.000000000 2
456 884 3 8192 2.000000000 2
456 912 3 8192 2.000000000 2
456 944 3 8192 2.000000000 2
456 996 3 8192 2.000000000 2
456 1000 3 8192 2.000000000 2
456 1004 3 8192 2.000000000 2
456 1064 3 8192 2.000000000 2
456 1084 3 8192 2.000000000 2
456 1100 3 8192 2.000000000 2
456 1132 3 8192 2.000000000 2
456 1144 3 8192 2.000000000 2
456 1156 3 8192 2.000000000 2
456 1168 3 8192 2.000000000 2
456 1200 3 8192 2.000000000 2
456 1212 3 8192 2.000000000 2
456 1224 3 8192 2.000000000 2
456 1248 3 8192 2.000000000 2
456 1260 3 8192 2.000000000 2
456 1264 3 8192 2.000000000 2
460 20 3 8192 2.000000000 2
460 32 3 8192 2.000000000 2
460 36 3 8192 2.000000000 2
460 56 3 8192 2.000000000 2
460 76 3 8192 2.000000000 2
460 80 3 8192 2.000000000 2
460 156 3 8192 2.000000000 2
460 240 3 8192 2.000000000 2
460 264 3 8192 2.000000000 2
460 288 3 8192 2.000000000 2
460 308 3 8192 2.000000000 2
460 328 3 8192 2.000000000 2
460 400 3 8192 2.000000000 2
460 440 3 8192 2.000000000 2
460 452 3 8192 2.000000000 2
460 472 3 8192 2.000000000 2
460 508 3 8192 2.000000000 2
460 580 3 8192 2.000000000 2
460 584 3 8192 2.000000000 2
460 592 3 8192 2.000000000 2
460 600 3 8192 2.000000000 2
460 604 3 8192 2.000000000 2
460 616 3 8192 2.000000000 2
460 624 3 8192 2.000000000 2
460 640 3 8192 2.000000000 2
460 648 3 8192 2.000000000 2
460 652 3 8192 2.000000000 2
460 656 3 8192 2.000000000 2
460 664 3 8192 2.000000000 2
460 684 3 8192 2.000000000 2
460 700 3 8192 2.000000000 2
460 712 3 8192 2.000000000 2
460 732 3 8192 2.000000000 2
460 748 3 8192 2.000000000 2
460 760 3 8192 2.000000000 2
460 792 3 8192 2.000000000 2
460 812 3 8192 2.000000000 2
460 816 3 8192 2.000000000 2
460 868 3 8192 2.000000000 2
460 872 3 8192 2.000000000 2
460 884 3 8192 2.000000000 2
460 888 3 8192 2.000000000 2
460 892 3 8192 2.000000000 2
460 900 3 8192 2.000000000 2
460 956 3 8192 2.000000000 2
460 960 3 8192 2.000000000 2
460 964 3 8192 2.000000000 2
460 976 3 8192 2.000000000 2
460 992 3 8192 2.000000000 2
460 996 3 8192 2.000000000 2
460 1008 3 8192 2.000000000 2
460 1012 3 8192 2.000000000 2
460 1024 3 8192 2.000000000 2
460 1084 3 8192 2.000000000 2
460 1100 3 8192 2.000000000 2
460 1164 3 8192 2.000000000 2
460 1172 3 8192 2.000000000 2
460 1176 3 8192 2.000000000 2
460 1204 3 8192 2.000000000 2
460 1216 3 8192 2.000000000 2
460 1224 3 8192 2.000000000 2
460 1232 3 8192 2.000000000 2
460 1244 3 8192 2.000000000 2
460 1260 3 8192 2.000000000 2
464 0 3 8192 2.000000000 2
464 4 3 8192 2.000000000 2
464 8 3 8192 2.000000000 2
464 12 3 8192 2.000000000 2
464 40 3 8192 2.000000000 2
464 44 3 8192 2.000000000 2
464 92 3 8192 2.000000000 2
464 136 3 8192 2.000000000 2
464 140 3 8192 2.000000000 2
464 152 3 8192 2.000000000 2
464 172 3 8192 2.000000000 2
464 176 3 8192 2.000000000 2
464 220 3 8192 2.000000000 2
464 228 3 8192 2.000000000 2
464 284 3 8192 2.000000000 2
464 288 3 8192 2.000000000 2
464 292 3 8192 2.000000000 2
464 316 3 8192 2.000000000 2
464 324 3 8192 2.000000000 2
464 336 3 8192 2.000000000 2
464 340 3 8192 2.000000000 2
464 344 3 8192 2.000000000 2
464 380 3 8192 2.000000000 2
464 388 3 8192 2.000000000 2
464 404 3 8192 2.000000000 2
464 440 3 8192 2.000000000 2
464 452 3 8192 2.000000000 2
464 480 3 8192 2.000000000 2
464 484 3 8192 2.000000000 2
464 540 3 8192 2.000000000 2
464 544 3 8192 2.000000000 2
464 580 3 8192 2.000000000 2
464 624 3 8192 2.000000000 2
464 640 3 8192 2.000000000 2
464 660 3 8192 2.000000000 2
464 700 3 8192 2.000000000 2
464 736 3 8192 2.000000000 2
464 752 3 8192 2.000000000 2
464 760 3 8192 2.000000000 2
464 768 3 8192 2.000000000 2
464 792 3 8192 2.000000000 2
464 808 3 8192 2.000000000 2
464 836 3 8192 2.000000000 2
464 848 3 8192 2.000000000 2
464 876 3 8192 2.000000000 2
464 900 3 8192 2.000000000 2
464 908 3 8192 2.000000000 2
464 916 3 8192 2.000000000 2
464 920 3 8192 2.000000000 2
464 956 3 8192 2.000000000 2
464 968 3 8192 2.000000000 2
464 1008 3 8192 2.000000000 2
464 1064 3 8192 2.000000000 2
464 1092 3 8192 2.000000000 2
464 1096 3 8192 2.000000000 2
464 1128 3 8192 2.000000000 2
464 1148 3 8192 2.000000000 2
464 1192 3 8192 2.000000000 2
464 1208 3 8192 2.000000000 2
464 1212 3 8192 2.000000000 2
464 1220 3 8192 2.000000000 2
464 1236 3 8192 2.000000000 2
464 1244 3 8192 2.000000000 2
464 1260 3 8192 2.000000000 2
468 20 3 8192 2.000000000 2
468 48 3 8192 2.000000000 2
468 92 3 8192 2.000000000 2
468 104 3 8192 2.000000000 2
468 116 3 8192 2.000000000 2
468 120 3 8192 2.000000000 2
468 176 3 8192 2.000000000 2
468 180 3 8192 2.000000000 2
468 208 3 8192 2.000000000 2
468 212 3 8192 2.000000000 2
468 236 3 8192 2.000000000 2
468 240 3 8192 2.000000000 2
468 248 3 8192 2.000000000 2
468 252 3 8192 2.000000000 2
468 256 3 8192 2.000000000 2
468 260 3 8192 2.000000000 2
468 264 3 8192 2.000000000 2
468 308 3 8192 2.000000000 2
468 312 3 8192 2.000000000 2
468 360 3 8192 2.000000000 2
468 368 3 8192 2.000000000 2
468 380 3 8192 2.000000000 2
468 396 3 8192 2.000000000 2
468 432 3 8192 2.000000000 2
468 484 3 8192 2.000000000 2
468 540 3 8192 2.000000000 2
468 544 3 8192 2.000000000 2
468 560 3 8192 2.000000000 2
468 588 3 8192 2.000000000 2
468 612 3 8192 2.000000000 2
468 628 3 8192 2.000000000 2
468 640 3 8192 2.000000000 2
468 656 3 8192 2.000000000 2
468 664 3 8192 2.000000000 2
468 668 3 8192 2.000000000 2
468 680 3 8192 2.000000000 2
468 688 3 8192 2.000000000 2
468 704 3 8192 2.000000000 2
468 708 3 8192 2.000000000 2
468 712 3 8192 2.000000000 2
468 720 3 8192 2.000000000 2
468 732 3 8192 2.000000000 2
468 740 3 8192 2.000000000 2
468 744 3 8192 2.000000000 2
468 760 3 8192 2.000000000 2
468 804 3 8192 2.000000000 2
468 840 3 8192 2.000000000 2
468 848 3 8192 2.000000000 2
468 884 3 8192 2.000000000 2
468 888 3 8192 2.000000000 2
468 924 3 8192 2.000000000 2
468 960 3 8192 2.000000000 2
468 1000 3 8192 2.000000000 2
468 1016 3 8192 2.000000000 2
468 1020 3 8192 2.000000000 2
468 1036 3 8192 2.000000000 2
468 1076 3 8192 2.000000000 2
468 1128 3 8192 2.000000000 2
468 1176 3 8192 2.000000000 2
468 1204 3 8192 2.000000000 2
468 1232 3 8192 2.000000000 2
468 1256 3 8192 2.000000000 2
468 1260 3 8192 2.000000000 2
468 1264 3 8192 2.000000000 2
472 28 3 8192 2.000000000 2
472 32 3 8192 2.000000000 2
472 48 3 8192 2.000000000 2
472 116 3 8192 2.000000000 2
472 136 3 8192 2.000000000 2
472 140 3 8192 2.000000000 2
472 156 3 8192 2.000000000 2
472 160 3 8192 2.000000000 2
472 172 3 8192 2.000000000 2
472 192 3 8192 2.000000000 2
472 240 3 8192 2.000000000 2
472 264 3 8192 2.000000000 2
472 284 3 8192 2.000000000 2
472 308 3 8192 2.000000000 2
472 312 3 8192 2.000000000 2
472 332 3 8192 2.000000000 2
472 372 3 8192 2.000000000 2
472 396 3 8192 2.000000000 2
472 404 3 8192 2.000000000 2
472 424 3 8192 2.000000000 2
472 480 3 8192 2.000000000 2
472 492 3 8192 2.000000000 2
472 496 3 8192 2.000000000 2
472 504 3 8192 2.000000000 2
472 508 3 8192 2.000000000 2
472 532 3 8192 2.000000000 2
472 536 3 8192 2.000000000 2
472 560 3 8192 2.000000000 2
472 564 3 8192 2.000000000 2
472 572 3 8192 2.000000000 2
472 596 3 8192 2.000000000 2
472 608 3 8192 2.000000000 2
472 616 3 8192 2.000000000 2
472 620 3 8192 2.000000000 2
472 632 3 8192 2.000000000 2
472 660 3 8192 2.000000000 2
472 664 3 8192 2.000000000 2
472 688 3 8192 2.000000000 2
472 696 3 8192 2.000000000 2
472 712 3 8192 2.000000000 2
472 748 3 8192 2.000000000 2
472 760 3 8192 2.000000000 2
472 772 3 8192 2.000000000 2
472 792 3 8192 2.000000000 2
472 808 3 8192 2.000000000 2
472 812 3 8192 2.000000000 2
472 816 3 8192 2.000000000 2
472 824 3 8192 2.000000000 2
472 828 3 8192 2.000000000 2
472 888 3 8192 2.000000000 2
472 892 3 8192 2.000000000 2
472 904 3 8192 2.000000000 2
472 920 3 8192 2.000000000 2
472 960 3 8192 2.000000000 2
472 964 3 8192 2.000000000 2
472 968 3 8192 2.000000000 2
472 996 3 8192 2.000000000 2
472 1028 3 8192 2.000000000 2
472 1100 3 8192 2.000000000 2
472 1132 3 8192 2.000000000 2
472 1160 3 8192 2.000000000 2
472 1172 3 8192 2.000000000 2
472 1224 3 8192 2.000000000 2
472 1236 3 8192 2.000000000 2
476 4 3 8192 2.000000000 2
476 8 3 8192 2.000000000 2
476 12 3 8192 2.000000000 2
476 44 3 8192 2.000000000 2
476 48 3 8192 2.000000000 2
476 56 3 8192 2.000000000 2
476 68 3 8192 2.000000000 2
476 80 3 8192 2.000000000 2
476 100 3 8192 2.000000000 2
476 116 3 8192 2.000000000 2
476 168 3 8192 2.000000000 2
476 192 3 8192 2.000000000 2
476 216 3 8192 2.000000000 2
476 248 3 8192 2.000000000 2
476 292 3 8192 2.000000000 2
476 308 3 8192 2.000000000 2
476 312 3 8192 2.000000000 2
476 316 3 8192 2.000000000 2
476 324 3 8192 2.000000000 2
476 332 3 8192 2.000000000 2
476 344 3 8192 2.000000000 2
476 360 3 8192 2.000000000 2
476 380 3 8192 2.000000000 2
476 384 3 8192 2.000000000 2
476 432 3 8192 2.000000000 2
476 452 3 8192 2.000000000 2
476 460 3 8192 2.000000000 2
476 464 3 8192 2.000000000 2
476 472 3 8192 2.000000000 2
476 488 3 8192 2.000000000 2
476 500 3 8192 2.000000000 2
476 508 3 8192 2.000000000 2
476 540 3 8192 2.000000000 2
476 552 3 8192 2.000000000 2
476 568 3 8192 2.000000000 2
476 576 3 8192 2.000000000 2
476 616 3 8192 2.000000000 2
476 620 3 8192 2.000000000 2
476 632 3 8192 2.000000000 2
476 644 3 8192 2.000000000 2
476 700 3 8192 2.000000000 2
476 704 3 8192 2.000000000 2
476 708 3 8192 2.000000000 2
476 732 3 8192 2.000000000 2
476 736 3 8192 2.000000000 2
476 740 3 8192 2.000000000 2
476 800 3 8192 2.000000000 2
476 804 3 8192 2.000000000 2
476 840 3 8192 2.000000000 2
476 848 3 8192 2.000000000 2
476 864 3 8192 2.000000000 2
476 884 3 8192 2.000000000 2
476 888 3 8192 2.000000000 2
476 924 3 8192 2.000000000 2
476 928 3 8192 2.000000000 2
476 964 3 8192 2.000000000 2
476 968 3 8192 2.000000000 2
476 1016 3 8192 2.000000000 2
476 1020 3 8192 2.000000000 2
476 1028 3 8192 2.000000000 2
476 1100 3 8192 2.000000000 2
476 1128 3 8192 2.000000000 2
476 1132 3 8192 2.000000000 2
476 1256 3 8192 2.000000000 2
480 4 3 8192 2.000000000 2
480 48 3 8192 2.000000000 2
480 96 3 8192 2.000000000 2
480 112 3 8192 2.000000000 2
480 124 3 8192 2.000000000 2
480 160 3 8192 2.000000000 2
480 172 3 8192 2.000000000 2
480 180 3 8192 2.000000000 2
480 248 3 8192 2.000000000 2
480 256 3 8192 2.000000000 2
480 264 3 8192 2.000000000 2
480 268 3 8192 2.000000000 2
480 284 3 8192 2.000000000 2
480 288 3 8192 2.000000000 2
480 308 3 8192 2.000000000 2
480 328 3 8192 2.000000000 2
480 332 3 8192 2.000000000 2
480 368 3 8192 2.000000000 2
480 380 3 8192 2.000000000 2
480 388 3 8192 2.000000000 2
480 392 3 8192 2.000000000 2
480 408 3 8192 2.000000000 2
480 440 3 8192 2.000000000 2
480 452 3 8192 2.000000000 2
480 460 3 8192 2.000000000 2
480 496 3 8192 2.000000000 2
480 504 3 8192 2.000000000 2
480 544 3 8192 2.000000000 2
480 552 3 8192 2.000000000 2
480 560 3 8192 2.000000000 2
480 576 3 8192 2.000000000 2
480 584 3 8192 2.000000000 2
480 592 3 8192 2.000000000 2
480 636 3 8192 2.000000000 2
480 664 3 8192 2.000000000 2
480 712 3 8192 2.000000000 2
480 720 3 8192 2.000000000 2
480 732 3 8192 2.000000000 2
480 752 3 8192 2.000000000 2
480 792 3 8192 2.000000000 2
480 800 3 8192 2.000000000 2
480 836 3 8192 2.000000000 2
480 912 3 8192 2.000000000 2
480 916 3 8192 2.000000000 2
480 932 3 8192 2.000000000 2
480 940 3 8192 2.000000000 2
480 956 3 8192 2.000000000 2
480 960 3 8192 2.000000000 2
480 964 3 8192 2.000000000 2
480 976 3 8192 2.000000000 2
480 992 3 8192 2.000000000 2
480 1040 3 8192 2.000000000 2
480 1064 3 8192 2.000000000 2
480 1068 3 8192 2.000000000 2
480 1084 3 8192 2.000000000 2
480 1096 3 8192 2.000000000 2
480 1168 3 8192 2.000000000 2
480 1184 3 8192 2.000000000 2
480 1192 3 8192 2.000000000 2
480 1208 3 8192 2.000000000 2
480 1212 3 8192 2.000000000 2
480 1244 3 8192 2.000000000 2
480 1260 3 8192 2.000000000 2
480 1268 3 8192 2.000000000 2
484 12 3 8192 2.000000000 2
484 20 3 8192 2.000000000 2
484 36 3 8192 2.000000000 2
484 40 3 8192 2.000000000 2
484 48 3 8192 2.000000000 2
484 100 3 8192 2.000000000 2
484 112 3 8192 2.000000000 2
484 124 3 8192 2.000000000 2
484 192 3 8192 2.000000000 2
484 228 3 8192 2.000000000 2
484 236 3 8192 2.000000000 2
484 240 3 8192 2.000000000 2
484 252 3 8192 2.000000000 2
484 316 3 8192 2.000000000 2
484 336 3 8192 2.000000000 2
484 356 3 8192 2.000000000 2
484 380 3 8192 2.000000000 2
484 384 3 8192 2.000000000 2
484 388 3 8192 2.000000000 2
484 452 3 8192 2.000000000 2
484 456 3 8192 2.000000000 2
484 476 3 8192 2.000000000 2
484 496 3 8192 2.000000000 2
484 516 3 8192 2.000000000 2
484 552 3 8192 2.000000000 2
484 584 3 8192 2.000000000 2
484 616 3 8192 2.000000000 2
484 620 3 8192 2.000000000 2
484 628 3 8192 2.000000000 2
484 640 3 8192 2.000000000 2
484 680 3 8192 2.000000000 2
484 696 3 8192 2.000000000 2
484 716 3 8192 2.000000000 2
484 732 3 8192 2.000000000 2
484 740 3 8192 2.000000000 2
484 748 3 8192 2.000000000 2
484 788 3 8192 2.000000000 2
484 808 3 8192 2.000000000 2
484 812 3 8192 2.000000000 2
484 836 3 8192 2.000000000 2
484 868 3 8192 2.000000000 2
484 884 3 8192 2.000000000 2
484 888 3 8192 2.000000000 2
484 900 3 8192 2.000000000 2
484 904 3 8192 2.000000000 2
484 908 3 8192 2.000000000 2
484 944 3 8192 2.000000000 2
484 956 3 8192 2.000000000 2
484 1000 3 8192 2.000000000 2
484 1024 3 8192 2.000000000 2
484 1028 3 8192 2.000000000 2
484 1032 3 8192 2.000000000 2
484 1052 3 8192 2.000000000 2
484 1060 3 8192 2.000000000 2
484 1084 3 8192 2.000000000 2
484 1096 3 8192 2.000000000 2
484 1128 3 8192 2.000000000 2
484 1148 3 8192 2.000000000 2
484 1160 3 8192 2.000000000 2
484 1172 3 8192 2.000000000 2
484 1204 3 8192 2.000000000 2
484 1208 3 8192 2.000000000 2
484 1232 3 8192 2.000000000 2
484 1260 3 8192 2.000000000 2
488 0 3 8192 2.000000000 2
488 20 3 8192 2.000000000 2
488 36 3 8192 2.000000000 2
488 40 3 8192 2.000000000 2
488 44 3 8192 2.000000000 2
488 68 3 8192 2.000000000 2
488 76 3 8192 2.000000000 2
488 80 3 8192 2.000000000 2
488 92 3 8192 2.000000000 2
488 112 3 8192 2.000000000 2
488 120 3 8192 2.000000000 2
488 152 3 8192 2.000000000 2
488 168 3 8192 2.000000000 2
488 228 3 8192 2.000000000 2
488 268 3 8192 2.000000000 2
488 308 3 8192 2.000000000 2
488 324 3 8192 2.000000000 2
488 328 3 8192 2.000000000 2
488 344 3 8192 2.000000000 2
488 360 3 8192 2.000000000 2
488 368 3 8192 2.000000000 2
488 456 3 8192 2.000000000 2
488 476 3 8192 2.000000000 2
488 492 3 8192 2.000000000 2
488 504 3 8192 2.000000000 2
488 508 3 8192 2.000000000 2
488 540 3 8192 2.000000000 2
488 564 3 8192 2.000000000 2
488 572 3 8192 2.000000000 2
488 576 3 8192 2.000000000 2
488 592 3 8192 2.000000000 2
488 624 3 8192 2.000000000 2
488 660 3 8192 2.000000000 2
488 672 3 8192 2.000000000 2
488 692 3 8192 2.000000000 2
488 712 3 8192 2.000000000 2
488 732 3 8192 2.000000000 2
488 752 3 8192 2.000000000 2
488 824 3 8192 2.000000000 2
488 828 3 8192 2.000000000 2
488 836 3 8192 2.000000000 2
488 840 3 8192 2.000000000 2
488 844 3 8192 2.000000000 2
488 848 3 8192 2.000000000 2
488 852 3 8192 2.000000000 2
488 880 3 8192 2.000000000 2
488 892 3 8192 2.000000000 2
488 900 3 8192 2.000000000 2
488 908 3 8192 2.000000000 2
488 916 3 8192 2.000000000 2
488 948 3 8192 2.000000000 2
488 960 3 8192 2.000000000 2
488 980 3 8192 2.000000000 2
488 1000 3 8192 2.000000000 2
488 1020 3 8192 2.000000000 2
488 1024 3 8192 2.000000000 2
488 1028 3 8192 2.000000000 2
488 1044 3 8192 2.000000000 2
488 1076 3 8192 2.000000000 2
488 1084 3 8192 2.000000000 2
488 1116 3 8192 2.000000000 2
488 1124 3 8192 2.000000000 2
488 1224 3 8192 2.000000000 2
488 1260 3 8192 2.000000000 2
492 0 3 8192 2.000000000 2
492 4 3 8192 2.000000000 2
492 36 3 8192 2.000000000 2
492 88 3 8192 2.000000000 2
492 92 3 8192 2.000000000 2
492 96 3 8192 2.000000000 2
492 100 3 8192 2.000000000 2
492 108 3 8192 2.000000000 2
492 116 3 8192 2.000000000 2
492 120 3 8192 2.000000000 2
492 132 3 8192 2.000000000 2
492 160 3 8192 2.000000000 2
492 168 3 8192 2.000000000 2
492 176 3 8192 2.000000000 2
492 200 3 8192 2.000000000 2
492 212 3 8192 2.000000000 2
492 252 3 8192 2.000000000 2
492 256 3 8192 2.000000000 2
492 336 3 8192 2.000000000 2
492 344 3 8192 2.000000000 2
492 348 3 8192 2.000000000 2
492 388 3 8192 2.000000000 2
492 392 3 8192 2.000000000 2
492 400 3 8192 2.000000000 2
492 432 3 8192 2.000000000 2
492 476 3 8192 2.000000000 2
492 504 3 8192 2.000000000 2
492 516 3 8192 2.000000000 2
492 532 3 8192 2.000000000 2
492 588 3 8192 2.000000000 2
492 592 3 8192 2.000000000 2
492 600 3 8192 2.000000000 2
492 616 3 8192 2.000000000 2
492 624 3 8192 2.000000000 2
492 628 3 8192 2.000000000 2
492 672 3 8192 2.000000000 2
492 680 3 8192 2.000000000 2
492 704 3 8192 2.000000000 2
492 716 3 8192 2.000000000 2
492 732 3 8192 2.000000000 2
492 748 3 8192 2.000000000 2
492 800 3 8192 2.000000000 2
492 812 3 8192 2.000000000 2
492 816 3 8192 2.000000000 2
492 828 3 8192 2.000000000 2
492 852 3 8192 2.000000000 2
492 872 3 8192 2.000000000 2
492 888 3 8192 2.000000000 2
492 904 3 8192 2.000000000 2
492 956 3 8192 2.000000000 2
492 988 3 8192 2.000000000 2
492 992 3 8192 2.000000000 2
492 1004 3 8192 2.000000000 2
492 1016 3 8192 2.000000000 2
492 1032 3 8192 2.000000000 2
492 1044 3 8192 2.000000000 2
492 1060 3 8192 2.000000000 2
492 1068 3 8192 2.000000000 2
492 1076 3 8192 2.000000000 2
492 1120 3 8192 2.000000000 2
492 1168 3 8192 2.000000000 2
492 1180 3 8192 2.000000000 2
492 1192 3 8192 2.000000000 2
492 1248 3 8192 2.000000000 2
496 0 3 8192 2.000000000 2
496 28 3 8192 2.000000000 2
496 40 3 8192 2.000000000 2
496 88 3 8192 2.000000000 2
496 100 3 8192 2.000000000 2
496 116 3 8192 2.000000000 2
496 120 3 8192 2.000000000 2
496 140 3 8192 2.000000000 2
496 156 3 8192 2.000000000 2
496 176 3 8192 2.000000000 2
496 228 3 8192 2.000000000 2
496 260 3 8192 2.000000000 2
496 268 3 8192 2.000000000 2
496 312 3 8192 2.000000000 2
496 328 3 8192 2.000000000 2
496 336 3 8192 2.000000000 2
496 356 3 8192 2.000000000 2
496 360 3 8192 2.000000000 2
496 368 3 8192 2.000000000 2
496 372 3 8192 2.000000000 2
496 392 3 8192 2.000000000 2
496 396 3 8192 2.000000000 2
496 436 3 8192 2.000000000 2
496 440 3 8192 2.000000000 2
496 484 3 8192 2.000000000 2
496 492 3 8192 2.000000000 2
496 500 3 8192 2.000000000 2
496 512 3 8192 2.000000000 2
496 516 3 8192 2.000000000 2
496 536 3 8192 2.000000000 2
496 584 3 8192 2.000000000 2
496 604 3 8192 2.000000000 2
496 612 3 8192 2.000000000 2
496 616 3 8192 2.000000000 2
496 624 3 8192 2.000000000 2
496 628 3 8192 2.000000000 2
496 644 3 8192 2.000000000 2
496 680 3 8192 2.000000000 2
496 684 3 8192 2.000000000 2
496 688 3 8192 2.000000000 2
496 700 3 8192 2.000000000 2
496 744 3 8192 2.000000000 2
496 792 3 8192 2.000000000 2
496 808 3 8192 2.000000000 2
496 864 3 8192 2.000000000 2
496 876 3 8192 2.000000000 2
496 892 3 8192 2.000000000 2
496 924 3 8192 2.000000000 2
496 932 3 8192 2.000000000 2
496 944 3 8192 2.000000000 2
496 964 3 8192 2.000000000 2
496 968 3 8192 2.000000000 2
496 980 3 8192 2.000000000 2
496 1000 3 8192 2.000000000 2
496 1004 3 8192 2.000000000 2
496 1012 3 8192 2.000000000 2
496 1020 3 8192 2.000000000 2
496 1032 3 8192 2.000000000 2
496 1040 3 8192 2.000000000 2
496 1052 3 8192 2.000000000 2
496 1108 3 8192 2.000000000 2
496 1116 3 8192 2.000000000 2
496 1172 3 8192 2.000000000 2
496 1244 3 8192 2.000000000 2
500 4 3 8192 2.000000000 2
500 20 3 8192 2.000000000 2
500 40 3 8192 2.000000000 2
500 68 3 8192 2.000000000 2
500 80 3 8192 2.000000000 2
500 100 3 8192 2.000000000 2
500 112 3 8192 2.000000000 2
500 116 3 8192 2.000000000 2
500 168 3 8192 2.000000000 2
500 172 3 8192 2.000000000 2
500 208 3 8192 2.000000000 2
500 212 3 8192 2.000000000 2
500 216 3 8192 2.000000000 2
500 284 3 8192 2.000000000 2
500 324 3 8192 2.000000000 2
500 380 3 8192 2.000000000 2
500 400 3 8192 2.000000000 2
500 472 3 8192 2.000000000 2
500 480 3 8192 2.000000000 2
500 492 3 8192 2.000000000 2
500 524 3 8192 2.000000000 2
500 544 3 8192 2.000000000 2
500 560 3 8192 2.000000000 2
500 564 3 8192 2.000000000 2
500 584 3 8192 2.000000000 2
500 604 3 8192 2.000000000 2
500 640 3 8192 2.000000000 2
500 644 3 8192 2.000000000 2
500 648 3 8192 2.000000000 2
500 732 3 8192 2.000000000 2
500 736 3 8192 2.000000000 2
500 748 3 8192 2.000000000 2
500 772 3 8192 2.000000000 2
500 804 3 8192 2.000000000 2
500 824 3 8192 2.000000000 2
500 836 3 8192 2.000000000 2
500 840 3 8192 2.000000000 2
500 856 3 8192 2.000000000 2
500 876 3 8192 2.000000000 2
500 916 3 8192 2.000000000 2
500 928 3 8192 2.000000000 2
500 940 3 8192 2.000000000 2
500 944 3 8192 2.000000000 2
500 948 3 8192 2.000000000 2
500 992 3 8192 2.000000000 2
500 996 3 8192 2.000000000 2
500 1008 3 8192 2.000000000 2
500 1028 3 8192 2.000000000 2
500 1036 3 8192 2.000000000 2
500 1068 3 8192 2.000000000 2
500 1084 3 8192 2.000000000 2
500 1092 3 8192 2.000000000 2
500 1116 3 8192 2.000000000 2
500 1144 3 8192 2.000000000 2
500 1156 3 8192 2.000000000 2
500 1164 3 8192 2.000000000 2
500 1168 3 8192 2.000000000 2
500 1200 3 8192 2.000000000 2
500 1204 3 8192 2.000000000 2
500 1208 3 8192 2.000000000 2
500 1216 3 8192 2.000000000 2
500 1224 3 8192 2.000000000 2
500 1244 3 8192 2.000000000 2
500 1268 3 8192 2.000000000 2
504 12 3 8192 2.000000000 2
504 32 3 8192 2.000000000 2
504 48 3 8192 2.000000000 2
504 76 3 8192 2.000000000 2
504 80 3 8192 2.000000000 2
504 100 3 8192 2.000000000 2
504 116 3 8192 2.000000000 2
504 152 3 8192 2.000000000 2
504 156 3 8192 2.000000000 2
504 208 3 8192 2.000000000 2
504 220 3 8192 2.000000000 2
504 248 3 8192 2.000000000 2
504 312 3 8192 2.000000000 2
504 336 3 8192 2.000000000 2
504 348 3 8192 2.000000000 2
504 372 3 8192 2.000000000 2
504 400 3 8192 2.000000000 2
504 404 3 8192 2.000000000 2
504 456 3 8192 2.000000000 2
504 468 3 8192 2.000000000 2
504 476 3 8192 2.000000000 2
504 492 3 8192 2.000000000 2
504 500 3 8192 2.000000000 2
504 512 3 8192 2.000000000 2
504 524 3 8192 2.000000000 2
504 532 3 8192 2.000000000 2
504 576 3 8192 2.000000000 2
504 592 3 8192 2.000000000 2
504 656 3 8192 2.000000000 2
504 684 3 8192 2.000000000 2
504 704 3 8192 2.000000000 2
504 712 3 8192 2.000000000 2
504 716 3 8192 2.000000000 2
504 740 3 8192 2.000000000 2
504 804 3 8192 2.000000000 2
504 828 3 8192 2.000000000 2
504 836 3 8192 2.000000000 2
504 856 3 8192 2.000000000 2
504 864 3 8192 2.000000000 2
504 884 3 8192 2.000000000 2
504 888 3 8192 2.000000000 2
504 892 3 8192 2.000000000 2
504 904 3 8192 2.000000000 2
504 908 3 8192 2.000000000 2
504 912 3 8192 2.000000000 2
504 924 3 8192 2.000000000 2
504 928 3 8192 2.000000000 2
504 988 3 8192 2.000000000 2
504 996 3 8192 2.000000000 2
504 1032 3 8192 2.000000000 2
504 1044 3 8192 2.000000000 2
504 1116 3 8192 2.000000000 2
504 1128 3 8192 2.000000000 2
504 1144 3 8192 2.000000000 2
504 1148 3 8192 2.000000000 2
504 1164 3 8192 2.000000000 2
504 1172 3 8192 2.000000000 2
504 1176 3 8192 2.000000000 2
504 1184 3 8192 2.000000000 2
504 1192 3 8192 2.000000000 2
504 1200 3 8192 2.000000000 2
504 1232 3 8192 2.000000000 2
504 1244 3 8192 2.000000000 2
504 1268 3 8192 2.000000000 2
508 20 3 8192 2.000000000 2
508 40 3 8192 2.000000000 2
508 68 3 8192 2.000000000 2
508 76 3 8192 2.000000000 2
508 80 3 8192 2.000000000 2
508 104 3 8192 2.000000000 2
508 108 3 8192 2.000000000 2
508 112 3 8192 2.000000000 2
508 160 3 8192 2.000000000 2
508 180 3 8192 2.000000000 2
508 192 3 8192 2.000000000 2
508 208 3 8192 2.000000000 2
508 212 3 8192 2.000000000 2
508 260 3 8192 2.000000000 2
508 288 3 8192 2.000000000 2
508 312 3 8192 2.000000000 2
508 336 3 8192 2.000000000 2
508 340 3 8192 2.000000000 2
508 400 3 8192 2.000000000 2
508 464 3 8192 2.000000000 2
508 484 3 8192 2.000000000 2
508 496 3 8192 2.000000000 2
508 500 3 8192 2.000000000 2
508 540 3 8192 2.000000000 2
508 584 3 8192 2.000000000 2
508 604 3 8192 2.000000000 2
508 624 3 8192 2.000000000 2
508 628 3 8192 2.000000000 2
508 656 3 8192 2.000000000 2
508 660 3 8192 2.000000000 2
508 664 3 8192 2.000000000 2
508 668 3 8192 2.000000000 2
508 688 3 8192 2.000000000 2
508 700 3 8192 2.000000000 2
508 704 3 8192 2.000000000 2
508 716 3 8192 2.000000000 2
508 764 3 8192 2.000000000 2
508 792 3 8192 2.000000000 2
508 804 3 8192 2.000000000 2
508 808 3 8192 2.000000000 2
508 824 3 8192 2.000000000 2
508 840 3 8192 2.000000000 2
508 868 3 8192 2.000000000 2
508 912 3 8192 2.000000000 2
508 920 3 8192 2.000000000 2
508 928 3 8192 2.000000000 2
508 960 3 8192 2.000000000 2
508 968 3 8192 2.000000000 2
508 988 3 8192 2.000000000 2
508 992 3 8192 2.000000000 2
508 996 3 8192 2.000000000 2
508 1000 3 8192 2.000000000 2
508 1016 3 8192 2.000000000 2
508 1024 3 8192 2.000000000 2
508 1032 3 8192 2.000000000 2
508 1036 3 8192 2.000000000 2
508 1164 3 8192 2.000000000 2
508 1208 3 8192 2.000000000 2
508 1212 3 8192 2.000000000 2
508 1216 3 8192 2.000000000 2
508 1224 3 8192 2.000000000 2
508 1236 3 8192 2.000000000 2
508 1256 3 8192 2.000000000 2
508 1268 3 8192 2.000000000 2
512 12 3 8192 2.000000000 2
512 56 3 8192 2.000000000 2
512 72 3 8192 2.000000000 2
512 156 3 8192 2.000000000 2
512 212 3 8192 2.000000000 2
512 220 3 8192 2.000000000 2
512 268 3 8192 2.000000000 2
512 300 3 8192 2.000000000 2
512 316 3 8192 2.000000000 2
512 320 3 8192 2.000000000 2
512 328 3 8192 2.000000000 2
512 336 3 8192 2.000000000 2
512 344 3 8192 2.000000000 2
512 356 3 8192 2.000000000 2
512 404 3 8192 2.000000000 2
512 408 3 8192 2.000000000 2
512 456 3 8192 2.000000000 2
512 484 3 8192 2.000000000 2
512 496 3 8192 2.000000000 2
512 520 3 8192 2.000000000 2
512 532 3 8192 2.000000000 2
512 540 3 8192 2.000000000 2
512 572 3 8192 2.000000000 2
512 580 3 8192 2.000000000 2
512 588 3 8192 2.000000000 2
512 592 3 8192 2.000000000 2
512 596 3 8192 2.000000000 2
512 656 3 8192 2.000000000 2
512 668 3 8192 2.000000000 2
512 688 3 8192 2.000000000 2
512 704 3 8192 2.000000000 2
512 744 3 8192 2.000000000 2
512 752 3 8192 2.000000000 2
512 764 3 8192 2.000000000 2
512 768 3 8192 2.000000000 2
512 772 3 8192 2.000000000 2
512 788 3 8192 2.000000000 2
512 840 3 8192 2.000000000 2
512 844 3 8192 2.000000000 2
512 856 3 8192 2.000000000 2
512 868 3 8192 2.000000000 2
512 904 3 8192 2.000000000 2
512 924 3 8192 2.000000000 2
512 928 3 8192 2.000000000 2
512 940 3 8192 2.000000000 2
512 960 3 8192 2.000000000 2
512 980 3 8192 2.000000000 2
512 996 3 8192 2.000000000 2
512 1004 3 8192 2.000000000 2
512 1020 3 8192 2.000000000 2
512 1060 3 8192 2.000000000 2
512 1068 3 8192 2.000000000 2
512 1148 3 8192 2.000000000 2
512 1156 3 8192 2.000000000 2
512 1164 3 8192 2.000000000 2
512 1168 3 8192 2.000000000 2
512 1176 3 8192 2.000000000 2
512 1184 3 8192 2.000000000 2
512 1192 3 8192 2.000000000 2
512 1200 3 8192 2.000000000 2
512 1208 3 8192 2.000000000 2
512 1224 3 8192 2.000000000 2
512 1232 3 8192 2.000000000 2
512 1264 3 8192 2.000000000 2
516 4 3 8192 2.000000000 2
516 20 3 8192 2.000000000 2
516 40 3 8192 2.000000000 2
516 112 3 8192 2.000000000 2
516 140 3 8192 2.000000000 2
516 152 3 8192 2.000000000 2
516 168 3 8192 2.000000000 2
516 172 3 8192 2.000000000 2
516 180 3 8192 2.000000000 2
516 216 3 8192 2.000000000 2
516 248 3 8192 2.000000000 2
516 312 3 8192 2.000000000 2
516 360 3 8192 2.000000000 2
516 380 3 8192 2.000000000 2
516 384 3 8192 2.000000000 2
516 396 3 8192 2.000000000 2
516 432 3 8192 2.000000000 2
516 472 3 8192 2.000000000 2
516 480 3 8192 2.000000000 2
516 500 3 8192 2.000000000 2
516 524 3 8192 2.000000000 2
516 532 3 8192 2.000000000 2
516 536 3 8192 2.000000000 2
516 552 3 8192 2.000000000 2
516 600 3 8192 2.000000000 2
516 604 3 8192 2.000000000 2
516 608 3 8192 2.000000000 2
516 624 3 8192 2.000000000 2
516 636 3 8192 2.000000000 2
516 640 3 8192 2.000000000 2
516 652 3 8192 2.000000000 2
516 668 3 8192 2.000000000 2
516 672 3 8192 2.000000000 2
516 708 3 8192 2.000000000 2
516 744 3 8192 2.000000000 2
516 788 3 8192 2.000000000 2
516 824 3 8192 2.000000000 2
516 840 3 8192 2.000000000 2
516 868 3 8192 2.000000000 2
516 872 3 8192 2.000000000 2
516 884 3 8192 2.000000000 2
516 904 3 8192 2.000000000 2
516 912 3 8192 2.000000000 2
516 928 3 8192 2.000000000 2
516 964 3 8192 2.000000000 2
516 968 3 8192 2.000000000 2
516 980 3 8192 2.000000000 2
516 992 3 8192 2.000000000 2
516 1012 3 8192 2.000000000 2
516 1052 3 8192 2.000000000 2
516 1064 3 8192 2.000000000 2
516 1068 3 8192 2.000000000 2
516 1076 3 8192 2.000000000 2
516 1092 3 8192 2.000000000 2
516 1124 3 8192 2.000000000 2
516 1144 3 8192 2.000000000 2
516 1156 3 8192 2.000000000 2
516 1172 3 8192 2.000000000 2
516 1184 3 8192 2.000000000 2
516 1220 3 8192 2.000000000 2
516 1236 3 8192 2.000000000 2
516 1248 3 8192 2.000000000 2
516 1260 3 8192 2.000000000 2
516 1264 3 8192 2.000000000 2
520 0 3 8192 2.000000000 2
520 28 3 8192 2.000000000 2
520 32 3 8192 2.000000000 2
520 76 3 8192 2.000000000 2
520 96 3 8192 2.000000000 2
520 100 3 8192 2.000000000 2
520 108 3 8192 2.000000000 2
520 124 3 8192 2.000000000 2
520 136 3 8192 2.000000000 2
520 152 3 8192 2.000000000 2
520 156 3 8192 2.000000000 2
520 180 3 8192 2.000000000 2
520 200 3 8192 2.000000000 2
520 216 3 8192 2.000000000 2
520 260 3 8192 2.000000000 2
520 288 3 8192 2.000000000 2
520 304 3 8192 2.000000000 2
520 312 3 8192 2.000000000 2
520 340 3 8192 2.000000000 2
520 344 3 8192 2.000000000 2
520 348 3 8192 2.000000000 2
520 356 3 8192 2.000000000 2
520 360 3 8192 2.000000000 2
520 392 3 8192 2.000000000 2
520 400 3 8192 2.000000000 2
520 464 3 8192 2.000000000 2
520 484 3 8192 2.000000000 2
520 488 3 8192 2.000000000 2
520 492 3 8192 2.000000000 2
520 516 3 8192 2.000000000 2
520 524 3 8192 2.000000000 2
520 544 3 8192 2.000000000 2
520 552 3 8192 2.000000000 2
520 592 3 8192 2.000000000 2
520 596 3 8192 2.000000000 2
520 616 3 8192 2.000000000 2
520 632 3 8192 2.000000000 2
520 640 3 8192 2.000000000 2
520 648 3 8192 2.000000000 2
520 656 3 8192 2.000000000 2
520 672 3 8192 2.000000000 2
520 700 3 8192 2.000000000 2
520 736 3 8192 2.000000000 2
520 744 3 8192 2.000000000 2
520 756 3 8192 2.000000000 2
520 804 3 8192 2.000000000 2
520 816 3 8192 2.000000000 2
520 836 3 8192 2.000000000 2
520 844 3 8192 2.000000000 2
520 876 3 8192 2.000000000 2
520 888 3 8192 2.000000000 2
520 916 3 8192 2.000000000 2
520 940 3 8192 2.000000000 2
520 992 3 8192 2.000000000 2
520 1016 3 8192 2.000000000 2
520 1032 3 8192 2.000000000 2
520 1044 3 8192 2.000000000 2
520 1064 3 8192 2.000000000 2
520 1120 3 8192 2.000000000 2
520 1132 3 8192 2.000000000 2
520 1148 3 8192 2.000000000 2
520 1160 3 8192 2.000000000 2
520 1180 3 8192 2.000000000 2
520 1224 3 8192 2.000000000 2
524 0 3 8192 2.000000000 2
524 48 3 8192 2.000000000 2
524 68 3 8192 2.000000000 2
524 72 3 8192 2.000000000 2
524 100 3 8192 2.000000000 2
524 112 3 8192 2.000000000 2
524 124 3 8192 2.000000000 2
524 140 3 8192 2.000000000 2
524 176 3 8192 2.000000000 2
524 184 3 8192 2.000000000 2
524 252 3 8192 2.000000000 2
524 268 3 8192 2.000000000 2
524 316 3 8192 2.000000000 2
524 340 3 8192 2.000000000 2
524 344 3 8192 2.000000000 2
524 372 3 8192 2.000000000 2
524 400 3 8192 2.000000000 2
524 408 3 8192 2.000000000 2
524 424 3 8192 2.000000000 2
524 460 3 8192 2.000000000 2
524 476 3 8192 2.000000000 2
524 512 3 8192 2.000000000 2
524 564 3 8192 2.000000000 2
524 568 3 8192 2.000000000 2
524 572 3 8192 2.000000000 2
524 584 3 8192 2.000000000 2
524 588 3 8192 2.000000000 2
524 592 3 8192 2.000000000 2
524 604 3 8192 2.000000000 2
524 632 3 8192 2.000000000 2
524 652 3 8192 2.000000000 2
524 656 3 8192 2.000000000 2
524 684 3 8192 2.000000000 2
524 688 3 8192 2.000000000 2
524 696 3 8192 2.000000000 2
524 712 3 8192 2.000000000 2
524 736 3 8192 2.000000000 2
524 788 3 8192 2.000000000 2
524 800 3 8192 2.000000000 2
524 812 3 8192 2.000000000 2
524 816 3 8192 2.000000000 2
524 828 3 8192 2.000000000 2
524 836 3 8192 2.000000000 2
524 840 3 8192 2.000000000 2
524 852 3 8192 2.000000000 2
524 868 3 8192 2.000000000 2
524 916 3 8192 2.000000000 2
524 924 3 8192 2.000000000 2
524 956 3 8192 2.000000000 2
524 960 3 8192 2.000000000 2
524 964 3 8192 2.000000000 2
524 968 3 8192 2.000000000 2
524 976 3 8192 2.000000000 2
524 1004 3 8192 2.000000000 2
524 1012 3 8192 2.000000000 2
524 1084 3 8192 2.000000000 2
524 1096 3 8192 2.000000000 2
524 1132 3 8192 2.000000000 2
524 1160 3 8192 2.000000000 2
524 1164 3 8192 2.000000000 2
524 1168 3 8192 2.000000000 2
524 1192 3 8192 2.000000000 2
524 1224 3 8192 2.000000000 2
524 1244 3 8192 2.000000000 2
532 8 3 8192 2.000000000 2
532 92 3 8192 2.000000000 2
532 96 3 8192 2.000000000 2
532 112 3 8192 2.000000000 2
532 160 3 8192 2.000000000 2
532 172 3 8192 2.000000000 2
532 192 3 8192 2.000000000 2
532 208 3 8192 2.000000000 2
532 212 3 8192 2.000000000 2
532 220 3 8192 2.000000000 2
532 256 3 8192 2.000000000 2
532 260 3 8192 2.000000000 2
532 284 3 8192 2.000000000 2
532 292 3 8192 2.000000000 2
532 300 3 8192 2.000000000 2
532 316 3 8192 2.000000000 2
532 328 3 8192 2.000000000 2
532 336 3 8192 2.000000000 2
532 340 3 8192 2.000000000 2
532 348 3 8192 2.000000000 2
532 356 3 8192 2.000000000 2
532 360 3 8192 2.000000000 2
532 384 3 8192 2.000000000 2
532 388 3 8192 2.000000000 2
532 396 3 8192 2.000000000 2
532 432 3 8192 2.000000000 2
532 464 3 8192 2.000000000 2
532 536 3 8192 2.000000000 2
532 544 3 8192 2.000000000 2
532 572 3 8192 2.000000000 2
532 576 3 8192 2.000000000 2
532 592 3 8192 2.000000000 2
532 604 3 8192 2.000000000 2
532 608 3 8192 2.000000000 2
532 628 3 8192 2.000000000 2
532 664 3 8192 2.000000000 2
532 688 3 8192 2.000000000 2
532 716 3 8192 2.000000000 2
532 740 3 8192 2.000000000 2
532 752 3 8192 2.000000000 2
532 840 3 8192 2.000000000 2
532 848 3 8192 2.000000000 2
532 876 3 8192 2.000000000 2
532 880 3 8192 2.000000000 2
532 932 3 8192 2.000000000 2
532 944 3 8192 2.000000000 2
532 976 3 8192 2.000000000 2
532 980 3 8192 2.000000000 2
532 992 3 8192 2.000000000 2
532 1000 3 8192 2.000000000 2
532 1012 3 8192 2.000000000 2
532 1032 3 8192 2.000000000 2
532 1044 3 8192 2.000000000 2
532 1052 3 8192 2.000000000 2
532 1092 3 8192 2.000000000 2
532 1096 3 8192 2.000000000 2
532 1100 3 8192 2.000000000 2
532 1120 3 8192 2.000000000 2
532 1144 3 8192 2.000000000 2
532 1204 3 8192 2.000000000 2
532 1208 3 8192 2.000000000 2
532 1224 3 8192 2.000000000 2
532 1236 3 8192 2.000000000 2
532 1264 3 8192 2.000000000 2
536 40 3 8192 2.000000000 2
536 72 3 8192 2.000000000 2
536 80 3 8192 2.000000000 2
536 92 3 8192 2.000000000 2
536 104 3 8192 2.000000000 2
536 120 3 8192 2.000000000 2
536 136 3 8192 2.000000000 2
536 152 3 8192 2.000000000 2
536 160 3 8192 2.000000000 2
536 176 3 8192 2.000000000 2
536 212 3 8192 2.000000000 2
536 216 3 8192 2.000000000 2
536 220 3 8192 2.000000000 2
536 228 3 8192 2.000000000 2
536 292 3 8192 2.000000000 2
536 316 3 8192 2.000000000 2
536 384 3 8192 2.000000000 2
536 424 3 8192 2.000000000 2
536 432 3 8192 2.000000000 2
536 456 3 8192 2.000000000 2
536 524 3 8192 2.000000000 2
536 532 3 8192 2.000000000 2
536 540 3 8192 2.000000000 2
536 560 3 8192 2.000000000 2
536 564 3 8192 2.000000000 2
536 572 3 8192 2.000000000 2
536 596 3 8192 2.000000000 2
536 600 3 8192 2.000000000 2
536 640 3 8192 2.000000000 2
536 688 3 8192 2.000000000 2
536 700 3 8192 2.000000000 2
536 716 3 8192 2.000000000 2
536 752 3 8192 2.000000000 2
536 792 3 8192 2.000000000 2
536 800 3 8192 2.000000000 2
536 844 3 8192 2.000000000 2
536 848 3 8192 2.000000000 2
536 856 3 8192 2.000000000 2
536 876 3 8192 2.000000000 2
536 880 3 8192 2.000000000 2
536 884 3 8192 2.000000000 2
536 944 3 8192 2.000000000 2
536 964 3 8192 2.000000000 2
536 988 3 8192 2.000000000 2
536 996 3 8192 2.000000000 2
536 1004 3 8192 2.000000000 2
536 1012 3 8192 2.000000000 2
536 1016 3 8192 2.000000000 2
536 1020 3 8192 2.000000000 2
536 1032 3 8192 2.000000000 2
536 1036 3 8192 2.000000000 2
536 1076 3 8192 2.000000000 2
536 1084 3 8192 2.000000000 2
536 1092 3 8192 2.000000000 2
536 1108 3 8192 2.000000000 2
536 1120 3 8192 2.000000000 2
536 1124 3 8192 2.000000000 2
536 1128 3 8192 2.000000000 2
536 1156 3 8192 2.000000000 2
536 1160 3 8192 2.000000000 2
536 1168 3 8192 2.000000000 2
536 1192 3 8192 2.000000000 2
536 1248 3 8192 2.000000000 2
536 1268 3 8192 2.000000000 2
540 8 3 8192 2.000000000 2
540 12 3 8192 2.000000000 2
540 28 3 8192 2.000000000 2
540 32 3 8192 2.000000000 2
540 36 3 8192 2.000000000 2
540 40 3 8192 2.000000000 2
540 44 3 8192 2.000000000 2
540 56 3 8192 2.000000000 2
540 76 3 8192 2.000000000 2
540 96 3 8192 2.000000000 2
540 104 3 8192 2.000000000 2
540 116 3 8192 2.000000000 2
540 156 3 8192 2.000000000 2
540 160 3 8192 2.000000000 2
540 172 3 8192 2.000000000 2
540 176 3 8192 2.000000000 2
540 212 3 8192 2.000000000 2
540 328 3 8192 2.000000000 2
540 392 3 8192 2.000000000 2
540 432 3 8192 2.000000000 2
540 460 3 8192 2.000000000 2
540 468 3 8192 2.000000000 2
540 484 3 8192 2.000000000 2
540 512 3 8192 2.000000000 2
540 524 3 8192 2.000000000 2
540 560 3 8192 2.000000000 2
540 572 3 8192 2.000000000 2
540 584 3 8192 2.000000000 2
540 600 3 8192 2.000000000 2
540 604 3 8192 2.000000000 2
540 632 3 8192 2.000000000 2
540 640 3 8192 2.000000000 2
540 644 3 8192 2.000000000 2
540 648 3 8192 2.000000000 2
540 664 3 8192 2.000000000 2
540 684 3 8192 2.000000000 2
540 692 3 8192 2.000000000 2
540 740 3 8192 2.000000000 2
540 756 3 8192 2.000000000 2
540 792 3 8192 2.000000000 2
540 800 3 8192 2.000000000 2
540 844 3 8192 2.000000000 2
540 864 3 8192 2.000000000 2
540 880 3 8192 2.000000000 2
540 888 3 8192 2.000000000 2
540 900 3 8192 2.000000000 2
540 916 3 8192 2.000000000 2
540 920 3 8192 2.000000000 2
540 948 3 8192 2.000000000 2
540 956 3 8192 2.000000000 2
540 1008 3 8192 2.000000000 2
540 1084 3 8192 2.000000000 2
540 1096 3 8192 2.000000000 2
540 1116 3 8192 2.000000000 2
540 1124 3 8192 2.000000000 2
540 1144 3 8192 2.000000000 2
540 1164 3 8192 2.000000000 2
540 1172 3 8192 2.000000000 2
540 1176 3 8192 2.000000000 2
540 1200 3 8192 2.000000000 2
540 1208 3 8192 2.000000000 2
540 1216 3 8192 2.000000000 2
540 1224 3 8192 2.000000000 2
540 1268 3 8192 2.000000000 2
544 20 3 8192 2.000000000 2
544 44 3 8192 2.000000000 2
544 48 3 8192 2.000000000 2
544 96 3 8192 2.000000000 2
544 100 3 8192 2.000000000 2
544 104 3 8192 2.000000000 2
544 108 3 8192 2.000000000 2
544 136 3 8192 2.000000000 2
544 152 3 8192 2.000000000 2
544 180 3 8192 2.000000000 2
544 184 3 8192 2.000000000 2
544 200 3 8192 2.000000000 2
544 252 3 8192 2.000000000 2
544 260 3 8192 2.000000000 2
544 308 3 8192 2.000000000 2
544 320 3 8192 2.000000000 2
544 328 3 8192 2.000000000 2
544 356 3 8192 2.000000000 2
544 432 3 8192 2.000000000 2
544 440 3 8192 2.000000000 2
544 508 3 8192 2.000000000 2
544 512 3 8192 2.000000000 2
544 516 3 8192 2.000000000 2
544 520 3 8192 2.000000000 2
544 552 3 8192 2.000000000 2
544 560 3 8192 2.000000000 2
544 564 3 8192 2.000000000 2
544 568 3 8192 2.000000000 2
544 576 3 8192 2.000000000 2
544 584 3 8192 2.000000000 2
544 588 3 8192 2.000000000 2
544 616 3 8192 2.000000000 2
544 664 3 8192 2.000000000 2
544 696 3 8192 2.000000000 2
544 708 3 8192 2.000000000 2
544 716 3 8192 2.000000000 2
544 740 3 8192 2.000000000 2
544 804 3 8192 2.000000000 2
544 816 3 8192 2.000000000 2
544 836 3 8192 2.000000000 2
544 848 3 8192 2.000000000 2
544 872 3 8192 2.000000000 2
544 880 3 8192 2.000000000 2
544 892 3 8192 2.000000000 2
544 948 3 8192 2.000000000 2
544 960 3 8192 2.000000000 2
544 968 3 8192 2.000000000 2
544 992 3 8192 2.000000000 2
544 1000 3 8192 2.000000000 2
544 1012 3 8192 2.000000000 2
544 1036 3 8192 2.000000000 2
544 1044 3 8192 2.000000000 2
544 1052 3 8192 2.000000000 2
544 1108 3 8192 2.000000000 2
544 1116 3 8192 2.000000000 2
544 1120 3 8192 2.000000000 2
544 1156 3 8192 2.000000000 2
544 1172 3 8192 2.000000000 2
544 1180 3 8192 2.000000000 2
544 1232 3 8192 2.000000000 2
544 1236 3 8192 2.000000000 2
544 1244 3 8192 2.000000000 2
544 1256 3 8192 2.000000000 2
544 1268 3 8192 2.000000000 2
552 36 3 8192 2.000000000 2
552 44 3 8192 2.000000000 2
552 104 3 8192 2.000000000 2
552 112 3 8192 2.000000000 2
552 120 3 8192 2.000000000 2
552 124 3 8192 2.000000000 2
552 140 3 8192 2.000000000 2
552 160 3 8192 2.000000000 2
552 168 3 8192 2.000000000 2
552 216 3 8192 2.000000000 2
552 236 3 8192 2.000000000 2
552 264 3 8192 2.000000000 2
552 308 3 8192 2.000000000 2
552 312 3 8192 2.000000000 2
552 336 3 8192 2.000000000 2
552 340 3 8192 2.000000000 2
552 344 3 8192 2.000000000 2
552 348 3 8192 2.000000000 2
552 360 3 8192 2.000000000 2
552 384 3 8192 2.000000000 2
552 436 3 8192 2.000000000 2
552 452 3 8192 2.000000000 2
552 456 3 8192 2.000000000 2
552 460 3 8192 2.000000000 2
552 472 3 8192 2.000000000 2
552 496 3 8192 2.000000000 2
552 500 3 8192 2.000000000 2
552 504 3 8192 2.000000000 2
552 532 3 8192 2.000000000 2
552 572 3 8192 2.000000000 2
552 620 3 8192 2.000000000 2
552 624 3 8192 2.000000000 2
552 628 3 8192 2.000000000 2
552 664 3 8192 2.000000000 2
552 688 3 8192 2.000000000 2
552 700 3 8192 2.000000000 2
552 736 3 8192 2.000000000 2
552 740 3 8192 2.000000000 2
552 748 3 8192 2.000000000 2
552 768 3 8192 2.000000000 2
552 804 3 8192 2.000000000 2
552 808 3 8192 2.000000000 2
552 836 3 8192 2.000000000 2
552 840 3 8192 2.000000000 2
552 868 3 8192 2.000000000 2
552 872 3 8192 2.000000000 2
552 876 3 8192 2.000000000 2
552 900 3 8192 2.000000000 2
552 924 3 8192 2.000000000 2
552 932 3 8192 2.000000000 2
552 948 3 8192 2.000000000 2
552 1012 3 8192 2.000000000 2
552 1020 3 8192 2.000000000 2
552 1028 3 8192 2.000000000 2
552 1032 3 8192 2.000000000 2
552 1096 3 8192 2.000000000 2
552 1124 3 8192 2.000000000 2
552 1156 3 8192 2.000000000 2
552 1176 3 8192 2.000000000 2
552 1184 3 8192 2.000000000 2
552 1208 3 8192 2.000000000 2
552 1248 3 8192 2.000000000 2
552 1256 3 8192 2.000000000 2
552 1260 3 8192 2.000000000 2
560 48 3 8192 2.000000000 2
560 80 3 8192 2.000000000 2
560 100 3 8192 2.000000000 2
560 108 3 8192 2.000000000 2
560 132 3 8192 2.000000000 2
560 156 3 8192 2.000000000 2
560 180 3 8192 2.000000000 2
560 184 3 8192 2.000000000 2
560 200 3 8192 2.000000000 2
560 240 3 8192 2.000000000 2
560 252 3 8192 2.000000000 2
560 348 3 8192 2.000000000 2
560 368 3 8192 2.000000000 2
560 384 3 8192 2.000000000 2
560 396 3 8192 2.000000000 2
560 408 3 8192 2.000000000 2
560 460 3 8192 2.000000000 2
560 472 3 8192 2.000000000 2
560 484 3 8192 2.000000000 2
560 488 3 8192 2.000000000 2
560 492 3 8192 2.000000000 2
560 496 3 8192 2.000000000 2
560 500 3 8192 2.000000000 2
560 512 3 8192 2.000000000 2
560 520 3 8192 2.000000000 2
560 592 3 8192 2.000000000 2
560 596 3 8192 2.000000000 2
560 620 3 8192 2.000000000 2
560 624 3 8192 2.000000000 2
560 628 3 8192 2.000000000 2
560 644 3 8192 2.000000000 2
560 656 3 8192 2.000000000 2
560 660 3 8192 2.000000000 2
560 684 3 8192 2.000000000 2
560 688 3 8192 2.000000000 2
560 708 3 8192 2.000000000 2
560 736 3 8192 2.000000000 2
560 748 3 8192 2.000000000 2
560 756 3 8192 2.000000000 2
560 772 3 8192 2.000000000 2
560 788 3 8192 2.000000000 2
560 804 3 8192 2.000000000 2
560 816 3 8192 2.000000000 2
560 840 3 8192 2.000000000 2
560 872 3 8192 2.000000000 2
560 880 3 8192 2.000000000 2
560 892 3 8192 2.000000000 2
560 968 3 8192 2.000000000 2
560 980 3 8192 2.000000000 2
560 996 3 8192 2.000000000 2
560 1008 3 8192 2.000000000 2
560 1020 3 8192 2.000000000 2
560 1028 3 8192 2.000000000 2
560 1040 3 8192 2.000000000 2
560 1060 3 8192 2.000000000 2
560 1116 3 8192 2.000000000 2
560 1124 3 8192 2.000000000 2
560 1128 3 8192 2.000000000 2
560 1148 3 8192 2.000000000 2
560 1184 3 8192 2.000000000 2
560 1204 3 8192 2.000000000 2
560 1208 3 8192 2.000000000 2
560 1220 3 8192 2.000000000 2
560 1256 3 8192 2.000000000 2
564 0 3 8192 2.000000000 2
564 8 3 8192 2.000000000 2
564 32 3 8192 2.000000000 2
564 36 3 8192 2.000000000 2
564 40 3 8192 2.000000000 2
564 116 3 8192 2.000000000 2
564 124 3 8192 2.000000000 2
564 156 3 8192 2.000000000 2
564 176 3 8192 2.000000000 2
564 200 3 8192 2.000000000 2
564 248 3 8192 2.000000000 2
564 260 3 8192 2.000000000 2
564 312 3 8192 2.000000000 2
564 332 3 8192 2.000000000 2
564 340 3 8192 2.000000000 2
564 344 3 8192 2.000000000 2
564 372 3 8192 2.000000000 2
564 400 3 8192 2.000000000 2
564 464 3 8192 2.000000000 2
564 476 3 8192 2.000000000 2
564 480 3 8192 2.000000000 2
564 508 3 8192 2.000000000 2
564 532 3 8192 2.000000000 2
564 536 3 8192 2.000000000 2
564 544 3 8192 2.000000000 2
564 560 3 8192 2.000000000 2
564 580 3 8192 2.000000000 2
564 596 3 8192 2.000000000 2
564 612 3 8192 2.000000000 2
564 616 3 8192 2.000000000 2
564 652 3 8192 2.000000000 2
564 664 3 8192 2.000000000 2
564 668 3 8192 2.000000000 2
564 692 3 8192 2.000000000 2
564 696 3 8192 2.000000000 2
564 744 3 8192 2.000000000 2
564 760 3 8192 2.000000000 2
564 764 3 8192 2.000000000 2
564 772 3 8192 2.000000000 2
564 788 3 8192 2.000000000 2
564 792 3 8192 2.000000000 2
564 804 3 8192 2.000000000 2
564 836 3 8192 2.000000000 2
564 852 3 8192 2.000000000 2
564 900 3 8192 2.000000000 2
564 908 3 8192 2.000000000 2
564 928 3 8192 2.000000000 2
564 940 3 8192 2.000000000 2
564 956 3 8192 2.000000000 2
564 964 3 8192 2.000000000 2
564 996 3 8192 2.000000000 2
564 1004 3 8192 2.000000000 2
564 1016 3 8192 2.000000000 2
564 1020 3 8192 2.000000000 2
564 1044 3 8192 2.000000000 2
564 1076 3 8192 2.000000000 2
564 1116 3 8192 2.000000000 2
564 1124 3 8192 2.000000000 2
564 1128 3 8192 2.000000000 2
564 1156 3 8192 2.000000000 2
564 1164 3 8192 2.000000000 2
564 1204 3 8192 2.000000000 2
564 1212 3 8192 2.000000000 2
564 1264 3 8192 2.000000000 2
568 0 3 8192 2.000000000 2
568 4 3 8192 2.000000000 2
568 32 3 8192 2.000000000 2
568 48 3 8192 2.000000000 2
568 80 3 8192 2.000000000 2
568 92 3 8192 2.000000000 2
568 100 3 8192 2.000000000 2
568 112 3 8192 2.000000000 2
568 124 3 8192 2.000000000 2
568 140 3 8192 2.000000000 2
568 152 3 8192 2.000000000 2
568 160 3 8192 2.000000000 2
568 168 3 8192 2.000000000 2
568 180 3 8192 2.000000000 2
568 192 3 8192 2.000000000 2
568 200 3 8192 2.000000000 2
568 208 3 8192 2.000000000 2
568 228 3 8192 2.000000000 2
568 292 3 8192 2.000000000 2
568 316 3 8192 2.000000000 2
568 324 3 8192 2.000000000 2
568 340 3 8192 2.000000000 2
568 404 3 8192 2.000000000 2
568 408 3 8192 2.000000000 2
568 452 3 8192 2.000000000 2
568 456 3 8192 2.000000000 2
568 464 3 8192 2.000000000 2
568 468 3 8192 2.000000000 2
568 484 3 8192 2.000000000 2
568 492 3 8192 2.000000000 2
568 504 3 8192 2.000000000 2
568 512 3 8192 2.000000000 2
568 544 3 8192 2.000000000 2
568 560 3 8192 2.000000000 2
568 576 3 8192 2.000000000 2
568 584 3 8192 2.000000000 2
568 604 3 8192 2.000000000 2
568 612 3 8192 2.000000000 2
568 644 3 8192 2.000000000 2
568 700 3 8192 2.000000000 2
568 704 3 8192 2.000000000 2
568 720 3 8192 2.000000000 2
568 736 3 8192 2.000000000 2
568 760 3 8192 2.000000000 2
568 764 3 8192 2.000000000 2
568 804 3 8192 2.000000000 2
568 852 3 8192 2.000000000 2
568 880 3 8192 2.000000000 2
568 904 3 8192 2.000000000 2
568 916 3 8192 2.000000000 2
568 920 3 8192 2.000000000 2
568 948 3 8192 2.000000000 2
568 980 3 8192 2.000000000 2
568 988 3 8192 2.000000000 2
568 1040 3 8192 2.000000000 2
568 1076 3 8192 2.000000000 2
568 1120 3 8192 2.000000000 2
568 1148 3 8192 2.000000000 2
568 1160 3 8192 2.000000000 2
568 1168 3 8192 2.000000000 2
568 1180 3 8192 2.000000000 2
568 1204 3 8192 2.000000000 2
568 1232 3 8192 2.000000000 2
568 1260 3 8192 2.000000000 2
572 4 3 8192 2.000000000 2
572 32 3 8192 2.000000000 2
572 56 3 8192 2.000000000 2
572 76 3 8192 2.000000000 2
572 80 3 8192 2.000000000 2
572 88 3 8192 2.000000000 2
572 100 3 8192 2.000000000 2
572 132 3 8192 2.000000000 2
572 156 3 8192 2.000000000 2
572 160 3 8192 2.000000000 2
572 168 3 8192 2.000000000 2
572 176 3 8192 2.000000000 2
572 212 3 8192 2.000000000 2
572 216 3 8192 2.000000000 2
572 256 3 8192 2.000000000 2
572 300 3 8192 2.000000000 2
572 340 3 8192 2.000000000 2
572 356 3 8192 2.000000000 2
572 368 3 8192 2.000000000 2
572 424 3 8192 2.000000000 2
572 456 3 8192 2.000000000 2
572 476 3 8192 2.000000000 2
572 484 3 8192 2.000000000 2
572 492 3 8192 2.000000000 2
572 512 3 8192 2.000000000 2
572 520 3 8192 2.000000000 2
572 552 3 8192 2.000000000 2
572 564 3 8192 2.000000000 2
572 568 3 8192 2.000000000 2
572 584 3 8192 2.000000000 2
572 596 3 8192 2.000000000 2
572 600 3 8192 2.000000000 2
572 604 3 8192 2.000000000 2
572 608 3 8192 2.000000000 2
572 652 3 8192 2.000000000 2
572 700 3 8192 2.000000000 2
572 736 3 8192 2.000000000 2
572 740 3 8192 2.000000000 2
572 744 3 8192 2.000000000 2
572 748 3 8192 2.000000000 2
572 752 3 8192 2.000000000 2
572 848 3 8192 2.000000000 2
572 852 3 8192 2.000000000 2
572 856 3 8192 2.000000000 2
572 916 3 8192 2.000000000 2
572 920 3 8192 2.000000000 2
572 928 3 8192 2.000000000 2
572 948 3 8192 2.000000000 2
572 956 3 8192 2.000000000 2
572 980 3 8192 2.000000000 2
572 992 3 8192 2.000000000 2
572 1020 3 8192 2.000000000 2
572 1024 3 8192 2.000000000 2
572 1040 3 8192 2.000000000 2
572 1044 3 8192 2.000000000 2
572 1096 3 8192 2.000000000 2
572 1120 3 8192 2.000000000 2
572 1132 3 8192 2.000000000 2
572 1168 3 8192 2.000000000 2
572 1172 3 8192 2.000000000 2
572 1180 3 8192 2.000000000 2
572 1212 3 8192 2.000000000 2
572 1220 3 8192 2.000000000 2
572 1236 3 8192 2.000000000 2
576 8 3 8192 2.000000000 2
576 40 3 8192 2.000000000 2
576 44 3 8192 2.000000000 2
576 56 3 8192 2.000000000 2
576 88 3 8192 2.000000000 2
576 136 3 8192 2.000000000 2
576 140 3 8192 2.000000000 2
576 152 3 8192 2.000000000 2
576 160 3 8192 2.000000000 2
576 168 3 8192 2.000000000 2
576 212 3 8192 2.000000000 2
576 216 3 8192 2.000000000 2
576 260 3 8192 2.000000000 2
576 304 3 8192 2.000000000 2
576 312 3 8192 2.000000000 2
576 336 3 8192 2.000000000 2
576 340 3 8192 2.000000000 2
576 344 3 8192 2.000000000 2
576 372 3 8192 2.000000000 2
576 392 3 8192 2.000000000 2
576 460 3 8192 2.000000000 2
576 464 3 8192 2.000000000 2
576 472 3 8192 2.000000000 2
576 500 3 8192 2.000000000 2
576 520 3 8192 2.000000000 2
576 532 3 8192 2.000000000 2
576 552 3 8192 2.000000000 2
576 572 3 8192 2.000000000 2
576 600 3 8192 2.000000000 2
576 604 3 8192 2.000000000 2
576 616 3 8192 2.000000000 2
576 624 3 8192 2.000000000 2
576 732 3 8192 2.000000000 2
576 736 3 8192 2.000000000 2
576 740 3 8192 2.000000000 2
576 744 3 8192 2.000000000 2
576 772 3 8192 2.000000000 2
576 792 3 8192 2.000000000 2
576 852 3 8192 2.000000000 2
576 868 3 8192 2.000000000 2
576 884 3 8192 2.000000000 2
576 892 3 8192 2.000000000 2
576 904 3 8192 2.000000000 2
576 916 3 8192 2.000000000 2
576 920 3 8192 2.000000000 2
576 940 3 8192 2.000000000 2
576 944 3 8192 2.000000000 2
576 956 3 8192 2.000000000 2
576 960 3 8192 2.000000000 2
576 980 3 8192 2.000000000 2
576 996 3 8192 2.000000000 2
576 1000 3 8192 2.000000000 2
576 1008 3 8192 2.000000000 2
576 1040 3 8192 2.000000000 2
576 1044 3 8192 2.000000000 2
576 1052 3 8192 2.000000000 2
576 1076 3 8192 2.000000000 2
576 1084 3 8192 2.000000000 2
576 1096 3 8192 2.000000000 2
576 1156 3 8192 2.000000000 2
576 1200 3 8192 2.000000000 2
576 1204 3 8192 2.000000000 2
576 1224 3 8192 2.000000000 2
576 1248 3 8192 2.000000000 2
580 0 3 8192 2.000000000 2
580 20 3 8192 2.000000000 2
580 28 3 8192 2.000000000 2
580 76 3 8192 2.000000000 2
580 88 3 8192 2.000000000 2
580 100 3 8192 2.000000000 2
580 108 3 8192 2.000000000 2
580 120 3 8192 2.000000000 2
580 136 3 8192 2.000000000 2
580 168 3 8192 2.000000000 2
580 180 3 8192 2.000000000 2
580 212 3 8192 2.000000000 2
580 228 3 8192 2.000000000 2
580 256 3 8192 2.000000000 2
580 324 3 8192 2.000000000 2
580 328 3 8192 2.000000000 2
580 332 3 8192 2.000000000 2
580 336 3 8192 2.000000000 2
580 368 3 8192 2.000000000 2
580 380 3 8192 2.000000000 2
580 396 3 8192 2.000000000 2
580 404 3 8192 2.000000000 2
580 424 3 8192 2.000000000 2
580 452 3 8192 2.000000000 2
580 456 3 8192 2.000000000 2
580 460 3 8192 2.000000000 2
580 480 3 8192 2.000000000 2
580 508 3 8192 2.000000000 2
580 552 3 8192 2.000000000 2
580 568 3 8192 2.000000000 2
580 588 3 8192 2.000000000 2
580 592 3 8192 2.000000000 2
580 608 3 8192 2.000000000 2
580 628 3 8192 2.000000000 2
580 652 3 8192 2.000000000 2
580 672 3 8192 2.000000000 2
580 692 3 8192 2.000000000 2
580 708 3 8192 2.000000000 2
580 732 3 8192 2.000000000 2
580 744 3 8192 2.000000000 2
580 752 3 8192 2.000000000 2
580 800 3 8192 2.000000000 2
580 816 3 8192 2.000000000 2
580 824 3 8192 2.000000000 2
580 864 3 8192 2.000000000 2
580 892 3 8192 2.000000000 2
580 904 3 8192 2.000000000 2
580 912 3 8192 2.000000000 2
580 920 3 8192 2.000000000 2
580 948 3 8192 2.000000000 2
580 960 3 8192 2.000000000 2
580 1012 3 8192 2.000000000 2
580 1036 3 8192 2.000000000 2
580 1040 3 8192 2.000000000 2
580 1060 3 8192 2.000000000 2
580 1068 3 8192 2.000000000 2
580 1076 3 8192 2.000000000 2
580 1100 3 8192 2.000000000 2
580 1116 3 8192 2.000000000 2
580 1212 3 8192 2.000000000 2
580 1216 3 8192 2.000000000 2
580 1220 3 8192 2.000000000 2
580 1264 3 8192 2.000000000 2
580 1268 3 8192 2.000000000 2
584 20 3 8192 2.000000000 2
584 88 3 8192 2.000000000 2
584 104 3 8192 2.000000000 2
584 108 3 8192 2.000000000 2
584 140 3 8192 2.000000000 2
584 152 3 8192 2.000000000 2
584 156 3 8192 2.000000000 2
584 180 3 8192 2.000000000 2
584 228 3 8192 2.000000000 2
584 236 3 8192 2.000000000 2
584 240 3 8192 2.000000000 2
584 288 3 8192 2.000000000 2
584 292 3 8192 2.000000000 2
584 340 3 8192 2.000000000 2
584 344 3 8192 2.000000000 2
584 356 3 8192 2.000000000 2
584 404 3 8192 2.000000000 2
584 432 3 8192 2.000000000 2
584 440 3 8192 2.000000000 2
584 452 3 8192 2.000000000 2
584 472 3 8192 2.000000000 2
584 544 3 8192 2.000000000 2
584 564 3 8192 2.000000000 2
584 580 3 8192 2.000000000 2
584 592 3 8192 2.000000000 2
584 624 3 8192 2.000000000 2
584 632 3 8192 2.000000000 2
584 636 3 8192 2.000000000 2
584 640 3 8192 2.000000000 2
584 644 3 8192 2.000000000 2
584 656 3 8192 2.000000000 2
584 708 3 8192 2.000000000 2
584 732 3 8192 2.000000000 2
584 736 3 8192 2.000000000 2
584 740 3 8192 2.000000000 2
584 748 3 8192 2.000000000 2
584 788 3 8192 2.000000000 2
584 804 3 8192 2.000000000 2
584 812 3 8192 2.000000000 2
584 836 3 8192 2.000000000 2
584 840 3 8192 2.000000000 2
584 848 3 8192 2.000000000 2
584 864 3 8192 2.000000000 2
584 876 3 8192 2.000000000 2
584 880 3 8192 2.000000000 2
584 884 3 8192 2.000000000 2
584 908 3 8192 2.000000000 2
584 920 3 8192 2.000000000 2
584 940 3 8192 2.000000000 2
584 992 3 8192 2.000000000 2
584 1016 3 8192 2.000000000 2
584 1020 3 8192 2.000000000 2
584 1032 3 8192 2.000000000 2
584 1036 3 8192 2.000000000 2
584 1044 3 8192 2.000000000 2
584 1068 3 8192 2.000000000 2
584 1076 3 8192 2.000000000 2
584 1092 3 8192 2.000000000 2
584 1192 3 8192 2.000000000 2
584 1200 3 8192 2.000000000 2
584 1208 3 8192 2.000000000 2
584 1224 3 8192 2.000000000 2
584 1260 3 8192 2.000000000 2
584 1264 3 8192 2.000000000 2
588 0 3 8192 2.000000000 2
588 20 3 8192 2.000000000 2
588 96 3 8192 2.000000000 2
588 100 3 8192 2.000000000 2
588 104 3 8192 2.000000000 2
588 152 3 8192 2.000000000 2
588 172 3 8192 2.000000000 2
588 184 3 8192 2.000000000 2
588 192 3 8192 2.000000000 2
588 212 3 8192 2.000000000 2
588 264 3 8192 2.000000000 2
588 304 3 8192 2.000000000 2
588 312 3 8192 2.000000000 2
588 368 3 8192 2.000000000 2
588 404 3 8192 2.000000000 2
588 424 3 8192 2.000000000 2
588 440 3 8192 2.000000000 2
588 464 3 8192 2.000000000 2
588 472 3 8192 2.000000000 2
588 476 3 8192 2.000000000 2
588 520 3 8192 2.000000000 2
588 524 3 8192 2.000000000 2
588 552 3 8192 2.000000000 2
588 564 3 8192 2.000000000 2
588 568 3 8192 2.000000000 2
588 592 3 8192 2.000000000 2
588 616 3 8192 2.000000000 2
588 624 3 8192 2.000000000 2
588 632 3 8192 2.000000000 2
588 636 3 8192 2.000000000 2
588 640 3 8192 2.000000000 2
588 672 3 8192 2.000000000 2
588 688 3 8192 2.000000000 2
588 732 3 8192 2.000000000 2
588 736 3 8192 2.000000000 2
588 764 3 8192 2.000000000 2
588 768 3 8192 2.000000000 2
588 788 3 8192 2.000000000 2
588 800 3 8192 2.000000000 2
588 808 3 8192 2.000000000 2
588 824 3 8192 2.000000000 2
588 848 3 8192 2.000000000 2
588 856 3 8192 2.000000000 2
588 880 3 8192 2.000000000 2
588 884 3 8192 2.000000000 2
588 888 3 8192 2.000000000 2
588 928 3 8192 2.000000000 2
588 964 3 8192 2.000000000 2
588 976 3 8192 2.000000000 2
588 980 3 8192 2.000000000 2
588 1000 3 8192 2.000000000 2
588 1020 3 8192 2.000000000 2
588 1024 3 8192 2.000000000 2
588 1060 3 8192 2.000000000 2
588 1064 3 8192 2.000000000 2
588 1100 3 8192 2.000000000 2
588 1116 3 8192 2.000000000 2
588 1128 3 8192 2.000000000 2
588 1144 3 8192 2.000000000 2
588 1156 3 8192 2.000000000 2
588 1168 3 8192 2.000000000 2
588 1172 3 8192 2.000000000 2
588 1176 3 8192 2.000000000 2
588 1264 3 8192 2.000000000 2
592 20 3 8192 2.000000000 2
592 56 3 8192 2.000000000 2
592 68 3 8192 2.000000000 2
592 88 3 8192 2.000000000 2
592 116 3 8192 2.000000000 2
592 124 3 8192 2.000000000 2
592 132 3 8192 2.000000000 2
592 156 3 8192 2.000000000 2
592 168 3 8192 2.000000000 2
592 172 3 8192 2.000000000 2
592 180 3 8192 2.000000000 2
592 200 3 8192 2.000000000 2
592 220 3 8192 2.000000000 2
592 332 3 8192 2.000000000 2
592 344 3 8192 2.000000000 2
592 368 3 8192 2.000000000 2
592 372 3 8192 2.000000000 2
592 384 3 8192 2.000000000 2
592 396 3 8192 2.000000000 2
592 408 3 8192 2.000000000 2
592 424 3 8192 2.000000000 2
592 456 3 8192 2.000000000 2
592 484 3 8192 2.000000000 2
592 488 3 8192 2.000000000 2
592 512 3 8192 2.000000000 2
592 536 3 8192 2.000000000 2
592 608 3 8192 2.000000000 2
592 644 3 8192 2.000000000 2
592 648 3 8192 2.000000000 2
592 664 3 8192 2.000000000 2
592 668 3 8192 2.000000000 2
592 680 3 8192 2.000000000 2
592 744 3 8192 2.000000000 2
592 748 3 8192 2.000000000 2
592 760 3 8192 2.000000000 2
592 772 3 8192 2.000000000 2
592 812 3 8192 2.000000000 2
592 840 3 8192 2.000000000 2
592 868 3 8192 2.000000000 2
592 884 3 8192 2.000000000 2
592 888 3 8192 2.000000000 2
592 900 3 8192 2.000000000 2
592 920 3 8192 2.000000000 2
592 924 3 8192 2.000000000 2
592 964 3 8192 2.000000000 2
592 988 3 8192 2.000000000 2
592 992 3 8192 2.000000000 2
592 1008 3 8192 2.000000000 2
592 1012 3 8192 2.000000000 2
592 1024 3 8192 2.000000000 2
592 1032 3 8192 2.000000000 2
592 1068 3 8192 2.000000000 2
592 1108 3 8192 2.000000000 2
592 1120 3 8192 2.000000000 2
592 1128 3 8192 2.000000000 2
592 1148 3 8192 2.000000000 2
592 1180 3 8192 2.000000000 2
592 1192 3 8192 2.000000000 2
592 1208 3 8192 2.000000000 2
592 1212 3 8192 2.000000000 2
592 1216 3 8192 2.000000000 2
592 1236 3 8192 2.000000000 2
592 1244 3 8192 2.000000000 2
592 1248 3 8192 2.000000000 2
596 40 3 8192 2.000000000 2
596 80 3 8192 2.000000000 2
596 120 3 8192 2.000000000 2
596 124 3 8192 2.000000000 2
596 132 3 8192 2.000000000 2
596 140 3 8192 2.000000000 2
596 236 3 8192 2.000000000 2
596 256 3 8192 2.000000000 2
596 288 3 8192 2.000000000 2
596 300 3 8192 2.000000000 2
596 304 3 8192 2.000000000 2
596 316 3 8192 2.000000000 2
596 320 3 8192 2.000000000 2
596 344 3 8192 2.000000000 2
596 356 3 8192 2.000000000 2
596 368 3 8192 2.000000000 2
596 372 3 8192 2.000000000 2
596 380 3 8192 2.000000000 2
596 392 3 8192 2.000000000 2
596 436 3 8192 2.000000000 2
596 480 3 8192 2.000000000 2
596 484 3 8192 2.000000000 2
596 512 3 8192 2.000000000 2
596 532 3 8192 2.000000000 2
596 572 3 8192 2.000000000 2
596 576 3 8192 2.000000000 2
596 584 3 8192 2.000000000 2
596 592 3 8192 2.000000000 2
596 604 3 8192 2.000000000 2
596 608 3 8192 2.000000000 2
596 628 3 8192 2.000000000 2
596 652 3 8192 2.000000000 2
596 664 3 8192 2.000000000 2
596 672 3 8192 2.000000000 2
596 680 3 8192 2.000000000 2
596 688 3 8192 2.000000000 2
596 696 3 8192 2.000000000 2
596 720 3 8192 2.000000000 2
596 732 3 8192 2.000000000 2
596 736 3 8192 2.000000000 2
596 792 3 8192 2.000000000 2
596 800 3 8192 2.000000000 2
596 828 3 8192 2.000000000 2
596 872 3 8192 2.000000000 2
596 876 3 8192 2.000000000 2
596 892 3 8192 2.000000000 2
596 904 3 8192 2.000000000 2
596 916 3 8192 2.000000000 2
596 920 3 8192 2.000000000 2
596 924 3 8192 2.000000000 2
596 932 3 8192 2.000000000 2
596 960 3 8192 2.000000000 2
596 996 3 8192 2.000000000 2
596 1028 3 8192 2.000000000 2
596 1036 3 8192 2.000000000 2
596 1052 3 8192 2.000000000 2
596 1100 3 8192 2.000000000 2
596 1108 3 8192 2.000000000 2
596 1116 3 8192 2.000000000 2
596 1144 3 8192 2.000000000 2
596 1212 3 8192 2.000000000 2
596 1216 3 8192 2.000000000 2
596 1236 3 8192 2.000000000 2
596 1248 3 8192 2.000000000 2
600 0 3 8192 2.000000000 2
600 56 3 8192 2.000000000 2
600 68 3 8192 2.000000000 2
600 80 3 8192 2.000000000 2
600 116 3 8192 2.000000000 2
600 156 3 8192 2.000000000 2
600 160 3 8192 2.000000000 2
600 176 3 8192 2.000000000 2
600 180 3 8192 2.000000000 2
600 208 3 8192 2.000000000 2
600 216 3 8192 2.000000000 2
600 228 3 8192 2.000000000 2
600 260 3 8192 2.000000000 2
600 264 3 8192 2.000000000 2
600 268 3 8192 2.000000000 2
600 300 3 8192 2.000000000 2
600 328 3 8192 2.000000000 2
600 332 3 8192 2.000000000 2
600 360 3 8192 2.000000000 2
600 372 3 8192 2.000000000 2
600 424 3 8192 2.000000000 2
600 436 3 8192 2.000000000 2
600 456 3 8192 2.000000000 2
600 472 3 8192 2.000000000 2
600 476 3 8192 2.000000000 2
600 484 3 8192 2.000000000 2
600 492 3 8192 2.000000000 2
600 536 3 8192 2.000000000 2
600 552 3 8192 2.000000000 2
600 568 3 8192 2.000000000 2
600 596 3 8192 2.000000000 2
600 612 3 8192 2.000000000 2
600 644 3 8192 2.000000000 2
600 648 3 8192 2.000000000 2
600 664 3 8192 2.000000000 2
600 680 3 8192 2.000000000 2
600 720 3 8192 2.000000000 2
600 752 3 8192 2.000000000 2
600 768 3 8192 2.000000000 2
600 772 3 8192 2.000000000 2
600 792 3 8192 2.000000000 2
600 812 3 8192 2.000000000 2
600 840 3 8192 2.000000000 2
600 864 3 8192 2.000000000 2
600 876 3 8192 2.000000000 2
600 920 3 8192 2.000000000 2
600 932 3 8192 2.000000000 2
600 940 3 8192 2.000000000 2
600 948 3 8192 2.000000000 2
600 976 3 8192 2.000000000 2
600 996 3 8192 2.000000000 2
600 1028 3 8192 2.000000000 2
600 1060 3 8192 2.000000000 2
600 1064 3 8192 2.000000000 2
600 1108 3 8192 2.000000000 2
600 1120 3 8192 2.000000000 2
600 1128 3 8192 2.000000000 2
600 1132 3 8192 2.000000000 2
600 1156 3 8192 2.000000000 2
600 1164 3 8192 2.000000000 2
600 1168 3 8192 2.000000000 2
600 1204 3 8192 2.000000000 2
600 1216 3 8192 2.000000000 2
600 1248 3 8192 2.000000000 2
604 12 3 8192 2.000000000 2
604 32 3 8192 2.000000000 2
604 96 3 8192 2.000000000 2
604 108 3 8192 2.000000000 2
604 152 3 8192 2.000000000 2
604 172 3 8192 2.000000000 2
604 184 3 8192 2.000000000 2
604 200 3 8192 2.000000000 2
604 212 3 8192 2.000000000 2
604 216 3 8192 2.000000000 2
604 240 3 8192 2.000000000 2
604 248 3 8192 2.000000000 2
604 308 3 8192 2.000000000 2
604 336 3 8192 2.000000000 2
604 372 3 8192 2.000000000 2
604 404 3 8192 2.000000000 2
604 432 3 8192 2.000000000 2
604 440 3 8192 2.000000000 2
604 460 3 8192 2.000000000 2
604 480 3 8192 2.000000000 2
604 532 3 8192 2.000000000 2
604 540 3 8192 2.000000000 2
604 544 3 8192 2.000000000 2
604 576 3 8192 2.000000000 2
604 588 3 8192 2.000000000 2
604 592 3 8192 2.000000000 2
604 612 3 8192 2.000000000 2
604 620 3 8192 2.000000000 2
604 652 3 8192 2.000000000 2
604 660 3 8192 2.000000000 2
604 684 3 8192 2.000000000 2
604 688 3 8192 2.000000000 2
604 692 3 8192 2.000000000 2
604 696 3 8192 2.000000000 2
604 700 3 8192 2.000000000 2
604 716 3 8192 2.000000000 2
604 772 3 8192 2.000000000 2
604 788 3 8192 2.000000000 2
604 816 3 8192 2.000000000 2
604 828 3 8192 2.000000000 2
604 840 3 8192 2.000000000 2
604 844 3 8192 2.000000000 2
604 856 3 8192 2.000000000 2
604 864 3 8192 2.000000000 2
604 868 3 8192 2.000000000 2
604 884 3 8192 2.000000000 2
604 892 3 8192 2.000000000 2
604 904 3 8192 2.000000000 2
604 912 3 8192 2.000000000 2
604 916 3 8192 2.000000000 2
604 920 3 8192 2.000000000 2
604 924 3 8192 2.000000000 2
604 948 3 8192 2.000000000 2
604 980 3 8192 2.000000000 2
604 1020 3 8192 2.000000000 2
604 1024 3 8192 2.000000000 2
604 1040 3 8192 2.000000000 2
604 1052 3 8192 2.000000000 2
604 1156 3 8192 2.000000000 2
604 1160 3 8192 2.000000000 2
604 1180 3 8192 2.000000000 2
604 1200 3 8192 2.000000000 2
604 1208 3 8192 2.000000000 2
604 1216 3 8192 2.000000000 2
608 0 3 8192 2.000000000 2
608 12 3 8192 2.000000000 2
608 40 3 8192 2.000000000 2
608 104 3 8192 2.000000000 2
608 112 3 8192 2.000000000 2
608 136 3 8192 2.000000000 2
608 140 3 8192 2.000000000 2
608 160 3 8192 2.000000000 2
608 184 3 8192 2.000000000 2
608 192 3 8192 2.000000000 2
608 264 3 8192 2.000000000 2
608 268 3 8192 2.000000000 2
608 300 3 8192 2.000000000 2
608 312 3 8192 2.000000000 2
608 332 3 8192 2.000000000 2
608 336 3 8192 2.000000000 2
608 360 3 8192 2.000000000 2
608 388 3 8192 2.000000000 2
608 400 3 8192 2.000000000 2
608 408 3 8192 2.000000000 2
608 432 3 8192 2.000000000 2
608 456 3 8192 2.000000000 2
608 460 3 8192 2.000000000 2
608 468 3 8192 2.000000000 2
608 476 3 8192 2.000000000 2
608 488 3 8192 2.000000000 2
608 508 3 8192 2.000000000 2
608 524 3 8192 2.000000000 2
608 544 3 8192 2.000000000 2
608 576 3 8192 2.000000000 2
608 580 3 8192 2.000000000 2
608 592 3 8192 2.000000000 2
608 612 3 8192 2.000000000 2
608 628 3 8192 2.000000000 2
608 636 3 8192 2.000000000 2
608 652 3 8192 2.000000000 2
608 688 3 8192 2.000000000 2
608 696 3 8192 2.000000000 2
608 712 3 8192 2.000000000 2
608 720 3 8192 2.000000000 2
608 760 3 8192 2.000000000 2
608 768 3 8192 2.000000000 2
608 808 3 8192 2.000000000 2
608 816 3 8192 2.000000000 2
608 844 3 8192 2.000000000 2
608 868 3 8192 2.000000000 2
608 892 3 8192 2.000000000 2
608 908 3 8192 2.000000000 2
608 948 3 8192 2.000000000 2
608 964 3 8192 2.000000000 2
608 968 3 8192 2.000000000 2
608 1012 3 8192 2.000000000 2
608 1016 3 8192 2.000000000 2
608 1020 3 8192 2.000000000 2
608 1028 3 8192 2.000000000 2
608 1064 3 8192 2.000000000 2
608 1068 3 8192 2.000000000 2
608 1084 3 8192 2.000000000 2
608 1108 3 8192 2.000000000 2
608 1116 3 8192 2.000000000 2
608 1124 3 8192 2.000000000 2
608 1168 3 8192 2.000000000 2
608 1200 3 8192 2.000000000 2
608 1248 3 8192 2.000000000 2
612 0 3 8192 2.000000000 2
612 12 3 8192 2.000000000 2
612 48 3 8192 2.000000000 2
612 88 3 8192 2.000000000 2
612 124 3 8192 2.000000000 2
612 132 3 8192 2.000000000 2
612 136 3 8192 2.000000000 2
612 140 3 8192 2.000000000 2
612 168 3 8192 2.000000000 2
612 172 3 8192 2.000000000 2
612 200 3 8192 2.000000000 2
612 228 3 8192 2.000000000 2
612 292 3 8192 2.000000000 2
612 320 3 8192 2.000000000 2
612 340 3 8192 2.000000000 2
612 368 3 8192 2.000000000 2
612 400 3 8192 2.000000000 2
612 408 3 8192 2.000000000 2
612 440 3 8192 2.000000000 2
612 452 3 8192 2.000000000 2
612 456 3 8192 2.000000000 2
612 480 3 8192 2.000000000 2
612 516 3 8192 2.000000000 2
612 532 3 8192 2.000000000 2
612 540 3 8192 2.000000000 2
612 544 3 8192 2.000000000 2
612 580 3 8192 2.000000000 2
612 588 3 8192 2.000000000 2
612 604 3 8192 2.000000000 2
612 616 3 8192 2.000000000 2
612 644 3 8192 2.000000000 2
612 656 3 8192 2.000000000 2
612 672 3 8192 2.000000000 2
612 680 3 8192 2.000000000 2
612 692 3 8192 2.000000000 2
612 700 3 8192 2.000000000 2
612 732 3 8192 2.000000000 2
612 760 3 8192 2.000000000 2
612 824 3 8192 2.000000000 2
612 840 3 8192 2.000000000 2
612 848 3 8192 2.000000000 2
612 852 3 8192 2.000000000 2
612 932 3 8192 2.000000000 2
612 940 3 8192 2.000000000 2
612 960 3 8192 2.000000000 2
612 964 3 8192 2.000000000 2
612 976 3 8192 2.000000000 2
612 1000 3 8192 2.000000000 2
612 1008 3 8192 2.000000000 2
612 1020 3 8192 2.000000000 2
612 1024 3 8192 2.000000000 2
612 1052 3 8192 2.000000000 2
612 1076 3 8192 2.000000000 2
612 1084 3 8192 2.000000000 2
612 1116 3 8192 2.000000000 2
612 1156 3 8192 2.000000000 2
612 1164 3 8192 2.000000000 2
612 1172 3 8192 2.000000000 2
612 1184 3 8192 2.000000000 2
612 1204 3 8192 2.000000000 2
612 1212 3 8192 2.000000000 2
612 1220 3 8192 2.000000000 2
612 1224 3 8192 2.000000000 2
612 1232 3 8192 2.000000000 2
616 36 3 8192 2.000000000 2
616 44 3 8192 2.000000000 2
616 96 3 8192 2.000000000 2
616 100 3 8192 2.000000000 2
616 108 3 8192 2.000000000 2
616 120 3 8192 2.000000000 2
616 132 3 8192 2.000000000 2
616 160 3 8192 2.000000000 2
616 168 3 8192 2.000000000 2
616 176 3 8192 2.000000000 2
616 200 3 8192 2.000000000 2
616 220 3 8192 2.000000000 2
616 252 3 8192 2.000000000 2
616 324 3 8192 2.000000000 2
616 348 3 8192 2.000000000 2
616 360 3 8192 2.000000000 2
616 368 3 8192 2.000000000 2
616 372 3 8192 2.000000000 2
616 388 3 8192 2.000000000 2
616 392 3 8192 2.000000000 2
616 424 3 8192 2.000000000 2
616 436 3 8192 2.000000000 2
616 456 3 8192 2.000000000 2
616 468 3 8192 2.000000000 2
616 472 3 8192 2.000000000 2
616 476 3 8192 2.000000000 2
616 492 3 8192 2.000000000 2
616 504 3 8192 2.000000000 2
616 520 3 8192 2.000000000 2
616 532 3 8192 2.000000000 2
616 540 3 8192 2.000000000 2
616 544 3 8192 2.000000000 2
616 604 3 8192 2.000000000 2
616 628 3 8192 2.000000000 2
616 632 3 8192 2.000000000 2
616 644 3 8192 2.000000000 2
616 664 3 8192 2.000000000 2
616 668 3 8192 2.000000000 2
616 680 3 8192 2.000000000 2
616 704 3 8192 2.000000000 2
616 716 3 8192 2.000000000 2
616 744 3 8192 2.000000000 2
616 752 3 8192 2.000000000 2
616 764 3 8192 2.000000000 2
616 792 3 8192 2.000000000 2
616 812 3 8192 2.000000000 2
616 816 3 8192 2.000000000 2
616 828 3 8192 2.000000000 2
616 848 3 8192 2.000000000 2
616 852 3 8192 2.000000000 2
616 924 3 8192 2.000000000 2
616 932 3 8192 2.000000000 2
616 940 3 8192 2.000000000 2
616 948 3 8192 2.000000000 2
616 968 3 8192 2.000000000 2
616 988 3 8192 2.000000000 2
616 992 3 8192 2.000000000 2
616 1004 3 8192 2.000000000 2
616 1052 3 8192 2.000000000 2
616 1060 3 8192 2.000000000 2
616 1076 3 8192 2.000000000 2
616 1096 3 8192 2.000000000 2
616 1204 3 8192 2.000000000 2
616 1256 3 8192 2.000000000 2
620 12 3 8192 2.000000000 2
620 40 3 8192 2.000000000 2
620 76 3 8192 2.000000000 2
620 96 3 8192 2.000000000 2
620 104 3 8192 2.000000000 2
620 112 3 8192 2.000000000 2
620 124 3 8192 2.000000000 2
620 132 3 8192 2.000000000 2
620 156 3 8192 2.000000000 2
620 160 3 8192 2.000000000 2
620 176 3 8192 2.000000000 2
620 200 3 8192 2.000000000 2
620 248 3 8192 2.000000000 2
620 268 3 8192 2.000000000 2
620 284 3 8192 2.000000000 2
620 312 3 8192 2.000000000 2
620 320 3 8192 2.000000000 2
620 396 3 8192 2.000000000 2
620 424 3 8192 2.000000000 2
620 452 3 8192 2.000000000 2
620 460 3 8192 2.000000000 2
620 496 3 8192 2.000000000 2
620 500 3 8192 2.000000000 2
620 512 3 8192 2.000000000 2
620 524 3 8192 2.000000000 2
620 540 3 8192 2.000000000 2
620 560 3 8192 2.000000000 2
620 572 3 8192 2.000000000 2
620 584 3 8192 2.000000000 2
620 592 3 8192 2.000000000 2
620 596 3 8192 2.000000000 2
620 612 3 8192 2.000000000 2
620 632 3 8192 2.000000000 2
620 644 3 8192 2.000000000 2
620 684 3 8192 2.000000000 2
620 700 3 8192 2.000000000 2
620 716 3 8192 2.000000000 2
620 744 3 8192 2.000000000 2
620 788 3 8192 2.000000000 2
620 800 3 8192 2.000000000 2
620 808 3 8192 2.000000000 2
620 812 3 8192 2.000000000 2
620 864 3 8192 2.000000000 2
620 876 3 8192 2.000000000 2
620 880 3 8192 2.000000000 2
620 908 3 8192 2.000000000 2
620 924 3 8192 2.000000000 2
620 940 3 8192 2.000000000 2
620 944 3 8192 2.000000000 2
620 948 3 8192 2.000000000 2
620 976 3 8192 2.000000000 2
620 980 3 8192 2.000000000 2
620 1004 3 8192 2.000000000 2
620 1008 3 8192 2.000000000 2
620 1024 3 8192 2.000000000 2
620 1076 3 8192 2.000000000 2
620 1116 3 8192 2.000000000 2
620 1128 3 8192 2.000000000 2
620 1132 3 8192 2.000000000 2
620 1160 3 8192 2.000000000 2
620 1164 3 8192 2.000000000 2
620 1200 3 8192 2.000000000 2
620 1236 3 8192 2.000000000 2
620 1264 3 8192 2.000000000 2
624 68 3 8192 2.000000000 2
624 88 3 8192 2.000000000 2
624 108 3 8192 2.000000000 2
624 168 3 8192 2.000000000 2
624 200 3 8192 2.000000000 2
624 284 3 8192 2.000000000 2
624 300 3 8192 2.000000000 2
624 320 3 8192 2.000000000 2
624 336 3 8192 2.000000000 2
624 392 3 8192 2.000000000 2
624 396 3 8192 2.000000000 2
624 432 3 8192 2.000000000 2
624 464 3 8192 2.000000000 2
624 468 3 8192 2.000000000 2
624 480 3 8192 2.000000000 2
624 496 3 8192 2.000000000 2
624 500 3 8192 2.000000000 2
624 504 3 8192 2.000000000 2
624 508 3 8192 2.000000000 2
624 512 3 8192 2.000000000 2
624 564 3 8192 2.000000000 2
624 572 3 8192 2.000000000 2
624 580 3 8192 2.000000000 2
624 632 3 8192 2.000000000 2
624 644 3 8192 2.000000000 2
624 652 3 8192 2.000000000 2
624 664 3 8192 2.000000000 2
624 688 3 8192 2.000000000 2
624 692 3 8192 2.000000000 2
624 696 3 8192 2.000000000 2
624 700 3 8192 2.000000000 2
624 712 3 8192 2.000000000 2
624 740 3 8192 2.000000000 2
624 772 3 8192 2.000000000 2
624 804 3 8192 2.000000000 2
624 812 3 8192 2.000000000 2
624 824 3 8192 2.000000000 2
624 856 3 8192 2.000000000 2
624 864 3 8192 2.000000000 2
624 868 3 8192 2.000000000 2
624 872 3 8192 2.000000000 2
624 900 3 8192 2.000000000 2
624 916 3 8192 2.000000000 2
624 932 3 8192 2.000000000 2
624 948 3 8192 2.000000000 2
624 960 3 8192 2.000000000 2
624 964 3 8192 2.000000000 2
624 976 3 8192 2.000000000 2
624 1016 3 8192 2.000000000 2
624 1028 3 8192 2.000000000 2
624 1052 3 8192 2.000000000 2
624 1092 3 8192 2.000000000 2
624 1108 3 8192 2.000000000 2
624 1120 3 8192 2.000000000 2
624 1128 3 8192 2.000000000 2
624 1132 3 8192 2.000000000 2
624 1148 3 8192 2.000000000 2
624 1160 3 8192 2.000000000 2
624 1164 3 8192 2.000000000 2
624 1184 3 8192 2.000000000 2
624 1200 3 8192 2.000000000 2
624 1220 3 8192 2.000000000 2
624 1224 3 8192 2.000000000 2
624 1248 3 8192 2.000000000 2
628 0 3 8192 2.000000000 2
628 20 3 8192 2.000000000 2
628 28 3 8192 2.000000000 2
628 40 3 8192 2.000000000 2
628 44 3 8192 2.000000000 2
628 88 3 8192 2.000000000 2
628 100 3 8192 2.000000000 2
628 108 3 8192 2.000000000 2
628 116 3 8192 2.000000000 2
628 132 3 8192 2.000000000 2
628 152 3 8192 2.000000000 2
628 156 3 8192 2.000000000 2
628 176 3 8192 2.000000000 2
628 256 3 8192 2.000000000 2
628 264 3 8192 2.000000000 2
628 292 3 8192 2.000000000 2
628 304 3 8192 2.000000000 2
628 336 3 8192 2.000000000 2
628 348 3 8192 2.000000000 2
628 368 3 8192 2.000000000 2
628 372 3 8192 2.000000000 2
628 380 3 8192 2.000000000 2
628 408 3 8192 2.000000000 2
628 452 3 8192 2.000000000 2
628 468 3 8192 2.000000000 2
628 476 3 8192 2.000000000 2
628 480 3 8192 2.000000000 2
628 488 3 8192 2.000000000 2
628 552 3 8192 2.000000000 2
628 560 3 8192 2.000000000 2
628 572 3 8192 2.000000000 2
628 584 3 8192 2.000000000 2
628 588 3 8192 2.000000000 2
628 604 3 8192 2.000000000 2
628 632 3 8192 2.000000000 2
628 636 3 8192 2.000000000 2
628 640 3 8192 2.000000000 2
628 644 3 8192 2.000000000 2
628 656 3 8192 2.000000000 2
628 672 3 8192 2.000000000 2
628 688 3 8192 2.000000000 2
628 736 3 8192 2.000000000 2
628 752 3 8192 2.000000000 2
628 756 3 8192 2.000000000 2
628 788 3 8192 2.000000000 2
628 856 3 8192 2.000000000 2
628 876 3 8192 2.000000000 2
628 900 3 8192 2.000000000 2
628 976 3 8192 2.000000000 2
628 1000 3 8192 2.000000000 2
628 1004 3 8192 2.000000000 2
628 1024 3 8192 2.000000000 2
628 1028 3 8192 2.000000000 2
628 1036 3 8192 2.000000000 2
628 1076 3 8192 2.000000000 2
628 1084 3 8192 2.000000000 2
628 1148 3 8192 2.000000000 2
628 1164 3 8192 2.000000000 2
628 1200 3 8192 2.000000000 2
628 1224 3 8192 2.000000000 2
628 1244 3 8192 2.000000000 2
628 1248 3 8192 2.000000000 2
628 1264 3 8192 2.000000000 2
628 1268 3 8192 2.000000000 2
632 40 3 8192 2.000000000 2
632 44 3 8192 2.000000000 2
632 136 3 8192 2.000000000 2
632 156 3 8192 2.000000000 2
632 172 3 8192 2.000000000 2
632 184 3 8192 2.000000000 2
632 192 3 8192 2.000000000 2
632 248 3 8192 2.000000000 2
632 256 3 8192 2.000000000 2
632 308 3 8192 2.000000000 2
632 312 3 8192 2.000000000 2
632 320 3 8192 2.000000000 2
632 324 3 8192 2.000000000 2
632 356 3 8192 2.000000000 2
632 388 3 8192 2.000000000 2
632 460 3 8192 2.000000000 2
632 464 3 8192 2.000000000 2
632 496 3 8192 2.000000000 2
632 512 3 8192 2.000000000 2
632 516 3 8192 2.000000000 2
632 532 3 8192 2.000000000 2
632 544 3 8192 2.000000000 2
632 568 3 8192 2.000000000 2
632 572 3 8192 2.000000000 2
632 580 3 8192 2.000000000 2
632 588 3 8192 2.000000000 2
632 624 3 8192 2.000000000 2
632 640 3 8192 2.000000000 2
632 644 3 8192 2.000000000 2
632 656 3 8192 2.000000000 2
632 664 3 8192 2.000000000 2
632 688 3 8192 2.000000000 2
632 696 3 8192 2.000000000 2
632 708 3 8192 2.000000000 2
632 712 3 8192 2.000000000 2
632 740 3 8192 2.000000000 2
632 744 3 8192 2.000000000 2
632 748 3 8192 2.000000000 2
632 792 3 8192 2.000000000 2
632 808 3 8192 2.000000000 2
632 812 3 8192 2.000000000 2
632 848 3 8192 2.000000000 2
632 852 3 8192 2.000000000 2
632 880 3 8192 2.000000000 2
632 908 3 8192 2.000000000 2
632 916 3 8192 2.000000000 2
632 928 3 8192 2.000000000 2
632 960 3 8192 2.000000000 2
632 968 3 8192 2.000000000 2
632 976 3 8192 2.000000000 2
632 988 3 8192 2.000000000 2
632 992 3 8192 2.000000000 2
632 1020 3 8192 2.000000000 2
632 1032 3 8192 2.000000000 2
632 1040 3 8192 2.000000000 2
632 1052 3 8192 2.000000000 2
632 1092 3 8192 2.000000000 2
632 1108 3 8192 2.000000000 2
632 1116 3 8192 2.000000000 2
632 1160 3 8192 2.000000000 2
632 1176 3 8192 2.000000000 2
632 1216 3 8192 2.000000000 2
632 1264 3 8192 2.000000000 2
632 1268 3 8192 2.000000000 2
636 0 3 8192 2.000000000 2
636 4 3 8192 2.000000000 2
636 36 3 8192 2.000000000 2
636 40 3 8192 2.000000000 2
636 44 3 8192 2.000000000 2
636 48 3 8192 2.000000000 2
636 68 3 8192 2.000000000 2
636 72 3 8192 2.000000000 2
636 76 3 8192 2.000000000 2
636 80 3 8192 2.000000000 2
636 108 3 8192 2.000000000 2
636 152 3 8192 2.000000000 2
636 156 3 8192 2.000000000 2
636 168 3 8192 2.000000000 2
636 172 3 8192 2.000000000 2
636 184 3 8192 2.000000000 2
636 192 3 8192 2.000000000 2
636 252 3 8192 2.000000000 2
636 308 3 8192 2.000000000 2
636 316 3 8192 2.000000000 2
636 324 3 8192 2.000000000 2
636 340 3 8192 2.000000000 2
636 356 3 8192 2.000000000 2
636 384 3 8192 2.000000000 2
636 404 3 8192 2.000000000 2
636 424 3 8192 2.000000000 2
636 464 3 8192 2.000000000 2
636 472 3 8192 2.000000000 2
636 476 3 8192 2.000000000 2
636 492 3 8192 2.000000000 2
636 544 3 8192 2.000000000 2
636 552 3 8192 2.000000000 2
636 580 3 8192 2.000000000 2
636 612 3 8192 2.000000000 2
636 616 3 8192 2.000000000 2
636 668 3 8192 2.000000000 2
636 684 3 8192 2.000000000 2
636 752 3 8192 2.000000000 2
636 764 3 8192 2.000000000 2
636 768 3 8192 2.000000000 2
636 804 3 8192 2.000000000 2
636 808 3 8192 2.000000000 2
636 836 3 8192 2.000000000 2
636 868 3 8192 2.000000000 2
636 872 3 8192 2.000000000 2
636 892 3 8192 2.000000000 2
636 920 3 8192 2.000000000 2
636 928 3 8192 2.000000000 2
636 976 3 8192 2.000000000 2
636 1012 3 8192 2.000000000 2
636 1016 3 8192 2.000000000 2
636 1024 3 8192 2.000000000 2
636 1032 3 8192 2.000000000 2
636 1060 3 8192 2.000000000 2
636 1120 3 8192 2.000000000 2
636 1128 3 8192 2.000000000 2
636 1144 3 8192 2.000000000 2
636 1148 3 8192 2.000000000 2
636 1168 3 8192 2.000000000 2
636 1180 3 8192 2.000000000 2
636 1192 3 8192 2.000000000 2
636 1204 3 8192 2.000000000 2
636 1224 3 8192 2.000000000 2
636 1264 3 8192 2.000000000 2
640 20 3 8192 2.000000000 2
640 28 3 8192 2.000000000 2
640 40 3 8192 2.000000000 2
640 56 3 8192 2.000000000 2
640 72 3 8192 2.000000000 2
640 100 3 8192 2.000000000 2
640 108 3 8192 2.000000000 2
640 116 3 8192 2.000000000 2
640 140 3 8192 2.000000000 2
640 240 3 8192 2.000000000 2
640 252 3 8192 2.000000000 2
640 256 3 8192 2.000000000 2
640 300 3 8192 2.000000000 2
640 324 3 8192 2.000000000 2
640 328 3 8192 2.000000000 2
640 332 3 8192 2.000000000 2
640 348 3 8192 2.000000000 2
640 368 3 8192 2.000000000 2
640 372 3 8192 2.000000000 2
640 380 3 8192 2.000000000 2
640 388 3 8192 2.000000000 2
640 396 3 8192 2.000000000 2
640 404 3 8192 2.000000000 2
640 440 3 8192 2.000000000 2
640 472 3 8192 2.000000000 2
640 488 3 8192 2.000000000 2
640 492 3 8192 2.000000000 2
640 532 3 8192 2.000000000 2
640 560 3 8192 2.000000000 2
640 564 3 8192 2.000000000 2
640 608 3 8192 2.000000000 2
640 620 3 8192 2.000000000 2
640 624 3 8192 2.000000000 2
640 632 3 8192 2.000000000 2
640 680 3 8192 2.000000000 2
640 704 3 8192 2.000000000 2
640 752 3 8192 2.000000000 2
640 764 3 8192 2.000000000 2
640 800 3 8192 2.000000000 2
640 828 3 8192 2.000000000 2
640 836 3 8192 2.000000000 2
640 868 3 8192 2.000000000 2
640 880 3 8192 2.000000000 2
640 888 3 8192 2.000000000 2
640 912 3 8192 2.000000000 2
640 920 3 8192 2.000000000 2
640 924 3 8192 2.000000000 2
640 932 3 8192 2.000000000 2
640 964 3 8192 2.000000000 2
640 1012 3 8192 2.000000000 2
640 1028 3 8192 2.000000000 2
640 1032 3 8192 2.000000000 2
640 1052 3 8192 2.000000000 2
640 1076 3 8192 2.000000000 2
640 1092 3 8192 2.000000000 2
640 1132 3 8192 2.000000000 2
640 1148 3 8192 2.000000000 2
640 1156 3 8192 2.000000000 2
640 1164 3 8192 2.000000000 2
640 1176 3 8192 2.000000000 2
640 1192 3 8192 2.000000000 2
640 1216 3 8192 2.000000000 2
640 1224 3 8192 2.000000000 2
640 1236 3 8192 2.000000000 2
644 12 3 8192 2.000000000 2
644 20 3 8192 2.000000000 2
644 76 3 8192 2.000000000 2
644 116 3 8192 2.000000000 2
644 120 3 8192 2.000000000 2
644 136 3 8192 2.000000000 2
644 152 3 8192 2.000000000 2
644 160 3 8192 2.000000000 2
644 172 3 8192 2.000000000 2
644 184 3 8192 2.000000000 2
644 200 3 8192 2.000000000 2
644 212 3 8192 2.000000000 2
644 220 3 8192 2.000000000 2
644 252 3 8192 2.000000000 2
644 264 3 8192 2.000000000 2
644 268 3 8192 2.000000000 2
644 288 3 8192 2.000000000 2
644 308 3 8192 2.000000000 2
644 324 3 8192 2.000000000 2
644 348 3 8192 2.000000000 2
644 360 3 8192 2.000000000 2
644 372 3 8192 2.000000000 2
644 404 3 8192 2.000000000 2
644 460 3 8192 2.000000000 2
644 468 3 8192 2.000000000 2
644 512 3 8192 2.000000000 2
644 516 3 8192 2.000000000 2
644 524 3 8192 2.000000000 2
644 540 3 8192 2.000000000 2
644 576 3 8192 2.000000000 2
644 636 3 8192 2.000000000 2
644 640 3 8192 2.000000000 2
644 664 3 8192 2.000000000 2
644 680 3 8192 2.000000000 2
644 708 3 8192 2.000000000 2
644 716 3 8192 2.000000000 2
644 720 3 8192 2.000000000 2
644 736 3 8192 2.000000000 2
644 744 3 8192 2.000000000 2
644 752 3 8192 2.000000000 2
644 808 3 8192 2.000000000 2
644 812 3 8192 2.000000000 2
644 828 3 8192 2.000000000 2
644 872 3 8192 2.000000000 2
644 884 3 8192 2.000000000 2
644 924 3 8192 2.000000000 2
644 948 3 8192 2.000000000 2
644 964 3 8192 2.000000000 2
644 1004 3 8192 2.000000000 2
644 1024 3 8192 2.000000000 2
644 1052 3 8192 2.000000000 2
644 1060 3 8192 2.000000000 2
644 1064 3 8192 2.000000000 2
644 1076 3 8192 2.000000000 2
644 1100 3 8192 2.000000000 2
644 1116 3 8192 2.000000000 2
644 1128 3 8192 2.000000000 2
644 1148 3 8192 2.000000000 2
644 1156 3 8192 2.000000000 2
644 1220 3 8192 2.000000000 2
644 1232 3 8192 2.000000000 2
644 1244 3 8192 2.000000000 2
644 1248 3 8192 2.000000000 2
644 1256 3 8192 2.000000000 2
648 0 3 8192 2.000000000 2
648 20 3 8192 2.000000000 2
648 32 3 8192 2.000000000 2
648 96 3 8192 2.000000000 2
648 116 3 8192 2.000000000 2
648 152 3 8192 2.000000000 2
648 160 3 8192 2.000000000 2
648 176 3 8192 2.000000000 2
648 192 3 8192 2.000000000 2
648 212 3 8192 2.000000000 2
648 240 3 8192 2.000000000 2
648 284 3 8192 2.000000000 2
648 300 3 8192 2.000000000 2
648 308 3 8192 2.000000000 2
648 320 3 8192 2.000000000 2
648 324 3 8192 2.000000000 2
648 344 3 8192 2.000000000 2
648 380 3 8192 2.000000000 2
648 400 3 8192 2.000000000 2
648 460 3 8192 2.000000000 2
648 500 3 8192 2.000000000 2
648 512 3 8192 2.000000000 2
648 544 3 8192 2.000000000 2
648 564 3 8192 2.000000000 2
648 584 3 8192 2.000000000 2
648 616 3 8192 2.000000000 2
648 632 3 8192 2.000000000 2
648 636 3 8192 2.000000000 2
648 656 3 8192 2.000000000 2
648 660 3 8192 2.000000000 2
648 668 3 8192 2.000000000 2
648 692 3 8192 2.000000000 2
648 700 3 8192 2.000000000 2
648 708 3 8192 2.000000000 2
648 720 3 8192 2.000000000 2
648 744 3 8192 2.000000000 2
648 768 3 8192 2.000000000 2
648 800 3 8192 2.000000000 2
648 836 3 8192 2.000000000 2
648 856 3 8192 2.000000000 2
648 868 3 8192 2.000000000 2
648 892 3 8192 2.000000000 2
648 924 3 8192 2.000000000 2
648 928 3 8192 2.000000000 2
648 932 3 8192 2.000000000 2
648 940 3 8192 2.000000000 2
648 956 3 8192 2.000000000 2
648 992 3 8192 2.000000000 2
648 1016 3 8192 2.000000000 2
648 1020 3 8192 2.000000000 2
648 1028 3 8192 2.000000000 2
648 1040 3 8192 2.000000000 2
648 1084 3 8192 2.000000000 2
648 1108 3 8192 2.000000000 2
648 1120 3 8192 2.000000000 2
648 1160 3 8192 2.000000000 2
648 1172 3 8192 2.000000000 2
648 1176 3 8192 2.000000000 2
648 1200 3 8192 2.000000000 2
648 1212 3 8192 2.000000000 2
648 1216 3 8192 2.000000000 2
648 1232 3 8192 2.000000000 2
648 1244 3 8192 2.000000000 2
648 1264 3 8192 2.000000000 2
652 20 3 8192 2.000000000 2
652 28 3 8192 2.000000000 2
652 76 3 8192 2.000000000 2
652 112 3 8192 2.000000000 2
652 172 3 8192 2.000000000 2
652 180 3 8192 2.000000000 2
652 192 3 8192 2.000000000 2
652 216 3 8192 2.000000000 2
652 228 3 8192 2.000000000 2
652 240 3 8192 2.000000000 2
652 248 3 8192 2.000000000 2
652 252 3 8192 2.000000000 2
652 268 3 8192 2.000000000 2
652 288 3 8192 2.000000000 2
652 292 3 8192 2.000000000 2
652 300 3 8192 2.000000000 2
652 356 3 8192 2.000000000 2
652 424 3 8192 2.000000000 2
652 452 3 8192 2.000000000 2
652 456 3 8192 2.000000000 2
652 468 3 8192 2.000000000 2
652 480 3 8192 2.000000000 2
652 500 3 8192 2.000000000 2
652 504 3 8192 2.000000000 2
652 596 3 8192 2.000000000 2
652 612 3 8192 2.000000000 2
652 620 3 8192 2.000000000 2
652 628 3 8192 2.000000000 2
652 660 3 8192 2.000000000 2
652 672 3 8192 2.000000000 2
652 700 3 8192 2.000000000 2
652 708 3 8192 2.000000000 2
652 716 3 8192 2.000000000 2
652 732 3 8192 2.000000000 2
652 756 3 8192 2.000000000 2
652 760 3 8192 2.000000000 2
652 768 3 8192 2.000000000 2
652 792 3 8192 2.000000000 2
652 804 3 8192 2.000000000 2
652 848 3 8192 2.000000000 2
652 852 3 8192 2.000000000 2
652 856 3 8192 2.000000000 2
652 872 3 8192 2.000000000 2
652 876 3 8192 2.000000000 2
652 892 3 8192 2.000000000 2
652 900 3 8192 2.000000000 2
652 904 3 8192 2.000000000 2
652 912 3 8192 2.000000000 2
652 932 3 8192 2.000000000 2
652 944 3 8192 2.000000000 2
652 956 3 8192 2.000000000 2
652 968 3 8192 2.000000000 2
652 1016 3 8192 2.000000000 2
652 1028 3 8192 2.000000000 2
652 1060 3 8192 2.000000000 2
652 1076 3 8192 2.000000000 2
652 1084 3 8192 2.000000000 2
652 1096 3 8192 2.000000000 2
652 1128 3 8192 2.000000000 2
652 1156 3 8192 2.000000000 2
652 1176 3 8192 2.000000000 2
652 1180 3 8192 2.000000000 2
652 1200 3 8192 2.000000000 2
652 1260 3 8192 2.000000000 2
656 8 3 8192 2.000000000 2
656 40 3 8192 2.000000000 2
656 44 3 8192 2.000000000 2
656 68 3 8192 2.000000000 2
656 76 3 8192 2.000000000 2
656 92 3 8192 2.000000000 2
656 96 3 8192 2.000000000 2
656 104 3 8192 2.000000000 2
656 108 3 8192 2.000000000 2
656 140 3 8192 2.000000000 2
656 180 3 8192 2.000000000 2
656 200 3 8192 2.000000000 2
656 248 3 8192 2.000000000 2
656 256 3 8192 2.000000000 2
656 260 3 8192 2.000000000 2
656 268 3 8192 2.000000000 2
656 288 3 8192 2.000000000 2
656 308 3 8192 2.000000000 2
656 312 3 8192 2.000000000 2
656 316 3 8192 2.000000000 2
656 332 3 8192 2.000000000 2
656 340 3 8192 2.000000000 2
656 344 3 8192 2.000000000 2
656 372 3 8192 2.000000000 2
656 380 3 8192 2.000000000 2
656 384 3 8192 2.000000000 2
656 388 3 8192 2.000000000 2
656 408 3 8192 2.000000000 2
656 436 3 8192 2.000000000 2
656 456 3 8192 2.000000000 2
656 460 3 8192 2.000000000 2
656 468 3 8192 2.000000000 2
656 516 3 8192 2.000000000 2
656 532 3 8192 2.000000000 2
656 568 3 8192 2.000000000 2
656 596 3 8192 2.000000000 2
656 616 3 8192 2.000000000 2
656 640 3 8192 2.000000000 2
656 648 3 8192 2.000000000 2
656 660 3 8192 2.000000000 2
656 696 3 8192 2.000000000 2
656 732 3 8192 2.000000000 2
656 748 3 8192 2.000000000 2
656 768 3 8192 2.000000000 2
656 812 3 8192 2.000000000 2
656 848 3 8192 2.000000000 2
656 876 3 8192 2.000000000 2
656 916 3 8192 2.000000000 2
656 920 3 8192 2.000000000 2
656 948 3 8192 2.000000000 2
656 988 3 8192 2.000000000 2
656 1000 3 8192 2.000000000 2
656 1016 3 8192 2.000000000 2
656 1068 3 8192 2.000000000 2
656 1096 3 8192 2.000000000 2
656 1100 3 8192 2.000000000 2
656 1120 3 8192 2.000000000 2
656 1132 3 8192 2.000000000 2
656 1144 3 8192 2.000000000 2
656 1168 3 8192 2.000000000 2
656 1176 3 8192 2.000000000 2
656 1180 3 8192 2.000000000 2
656 1204 3 8192 2.000000000 2
656 1212 3 8192 2.000000000 2
660 0 3 8192 2.000000000 2
660 8 3 8192 2.000000000 2
660 20 3 8192 2.000000000 2
660 48 3 8192 2.000000000 2
660 76 3 8192 2.000000000 2
660 88 3 8192 2.000000000 2
660 100 3 8192 2.000000000 2
660 104 3 8192 2.000000000 2
660 124 3 8192 2.000000000 2
660 192 3 8192 2.000000000 2
660 220 3 8192 2.000000000 2
660 252 3 8192 2.000000000 2
660 292 3 8192 2.000000000 2
660 308 3 8192 2.000000000 2
660 344 3 8192 2.000000000 2
660 348 3 8192 2.000000000 2
660 360 3 8192 2.000000000 2
660 384 3 8192 2.000000000 2
660 396 3 8192 2.000000000 2
660 408 3 8192 2.000000000 2
660 424 3 8192 2.000000000 2
660 432 3 8192 2.000000000 2
660 436 3 8192 2.000000000 2
660 440 3 8192 2.000000000 2
660 452 3 8192 2.000000000 2
660 472 3 8192 2.000000000 2
660 500 3 8192 2.000000000 2
660 512 3 8192 2.000000000 2
660 516 3 8192 2.000000000 2
660 524 3 8192 2.000000000 2
660 536 3 8192 2.000000000 2
660 540 3 8192 2.000000000 2
660 544 3 8192 2.000000000 2
660 552 3 8192 2.000000000 2
660 580 3 8192 2.000000000 2
660 604 3 8192 2.000000000 2
660 632 3 8192 2.000000000 2
660 648 3 8192 2.000000000 2
660 664 3 8192 2.000000000 2
660 696 3 8192 2.000000000 2
660 740 3 8192 2.000000000 2
660 752 3 8192 2.000000000 2
660 764 3 8192 2.000000000 2
660 800 3 8192 2.000000000 2
660 816 3 8192 2.000000000 2
660 824 3 8192 2.000000000 2
660 836 3 8192 2.000000000 2
660 864 3 8192 2.000000000 2
660 872 3 8192 2.000000000 2
660 892 3 8192 2.000000000 2
660 904 3 8192 2.000000000 2
660 932 3 8192 2.000000000 2
660 940 3 8192 2.000000000 2
660 964 3 8192 2.000000000 2
660 1024 3 8192 2.000000000 2
660 1032 3 8192 2.000000000 2
660 1068 3 8192 2.000000000 2
660 1092 3 8192 2.000000000 2
660 1108 3 8192 2.000000000 2
660 1148 3 8192 2.000000000 2
660 1176 3 8192 2.000000000 2
660 1192 3 8192 2.000000000 2
660 1200 3 8192 2.000000000 2
660 1260 3 8192 2.000000000 2
664 8 3 8192 2.000000000 2
664 32 3 8192 2.000000000 2
664 40 3 8192 2.000000000 2
664 48 3 8192 2.000000000 2
664 92 3 8192 2.000000000 2
664 120 3 8192 2.000000000 2
664 140 3 8192 2.000000000 2
664 152 3 8192 2.000000000 2
664 160 3 8192 2.000000000 2
664 172 3 8192 2.000000000 2
664 176 3 8192 2.000000000 2
664 192 3 8192 2.000000000 2
664 220 3 8192 2.000000000 2
664 240 3 8192 2.000000000 2
664 248 3 8192 2.000000000 2
664 256 3 8192 2.000000000 2
664 288 3 8192 2.000000000 2
664 308 3 8192 2.000000000 2
664 312 3 8192 2.000000000 2
664 316 3 8192 2.000000000 2
664 332 3 8192 2.000000000 2
664 356 3 8192 2.000000000 2
664 392 3 8192 2.000000000 2
664 452 3 8192 2.000000000 2
664 492 3 8192 2.000000000 2
664 496 3 8192 2.000000000 2
664 512 3 8192 2.000000000 2
664 564 3 8192 2.000000000 2
664 592 3 8192 2.000000000 2
664 596 3 8192 2.000000000 2
664 648 3 8192 2.000000000 2
664 652 3 8192 2.000000000 2
664 656 3 8192 2.000000000 2
664 660 3 8192 2.000000000 2
664 672 3 8192 2.000000000 2
664 680 3 8192 2.000000000 2
664 700 3 8192 2.000000000 2
664 708 3 8192 2.000000000 2
664 716 3 8192 2.000000000 2
664 760 3 8192 2.000000000 2
664 812 3 8192 2.000000000 2
664 856 3 8192 2.000000000 2
664 868 3 8192 2.000000000 2
664 900 3 8192 2.000000000 2
664 912 3 8192 2.000000000 2
664 920 3 8192 2.000000000 2
664 928 3 8192 2.000000000 2
664 948 3 8192 2.000000000 2
664 956 3 8192 2.000000000 2
664 976 3 8192 2.000000000 2
664 1020 3 8192 2.000000000 2
664 1028 3 8192 2.000000000 2
664 1044 3 8192 2.000000000 2
664 1064 3 8192 2.000000000 2
664 1068 3 8192 2.000000000 2
664 1108 3 8192 2.000000000 2
664 1116 3 8192 2.000000000 2
664 1148 3 8192 2.000000000 2
664 1156 3 8192 2.000000000 2
664 1164 3 8192 2.000000000 2
664 1192 3 8192 2.000000000 2
664 1216 3 8192 2.000000000 2
664 1236 3 8192 2.000000000 2
664 1244 3 8192 2.000000000 2
668 0 3 8192 2.000000000 2
668 40 3 8192 2.000000000 2
668 48 3 8192 2.000000000 2
668 72 3 8192 2.000000000 2
668 100 3 8192 2.000000000 2
668 124 3 8192 2.000000000 2
668 136 3 8192 2.000000000 2
668 152 3 8192 2.000000000 2
668 156 3 8192 2.000000000 2
668 212 3 8192 2.000000000 2
668 220 3 8192 2.000000000 2
668 228 3 8192 2.000000000 2
668 236 3 8192 2.000000000 2
668 284 3 8192 2.000000000 2
668 300 3 8192 2.000000000 2
668 328 3 8192 2.000000000 2
668 356 3 8192 2.000000000 2
668 368 3 8192 2.000000000 2
668 396 3 8192 2.000000000 2
668 432 3 8192 2.000000000 2
668 484 3 8192 2.000000000 2
668 488 3 8192 2.000000000 2
668 492 3 8192 2.000000000 2
668 500 3 8192 2.000000000 2
668 536 3 8192 2.000000000 2
668 552 3 8192 2.000000000 2
668 564 3 8192 2.000000000 2
668 600 3 8192 2.000000000 2
668 616 3 8192 2.000000000 2
668 620 3 8192 2.000000000 2
668 636 3 8192 2.000000000 2
668 652 3 8192 2.000000000 2
668 692 3 8192 2.000000000 2
668 696 3 8192 2.000000000 2
668 716 3 8192 2.000000000 2
668 748 3 8192 2.000000000 2
668 756 3 8192 2.000000000 2
668 764 3 8192 2.000000000 2
668 804 3 8192 2.000000000 2
668 808 3 8192 2.000000000 2
668 812 3 8192 2.000000000 2
668 836 3 8192 2.000000000 2
668 884 3 8192 2.000000000 2
668 908 3 8192 2.000000000 2
668 932 3 8192 2.000000000 2
668 964 3 8192 2.000000000 2
668 996 3 8192 2.000000000 2
668 1004 3 8192 2.000000000 2
668 1016 3 8192 2.000000000 2
668 1032 3 8192 2.000000000 2
668 1052 3 8192 2.000000000 2
668 1060 3 8192 2.000000000 2
668 1084 3 8192 2.000000000 2
668 1116 3 8192 2.000000000 2
668 1144 3 8192 2.000000000 2
668 1164 3 8192 2.000000000 2
668 1168 3 8192 2.000000000 2
668 1172 3 8192 2.000000000 2
668 1180 3 8192 2.000000000 2
668 1192 3 8192 2.000000000 2
668 1212 3 8192 2.000000000 2
668 1244 3 8192 2.000000000 2
668 1264 3 8192 2.000000000 2
668 1268 3 8192 2.000000000 2
672 40 3 8192 2.000000000 2
672 56 3 8192 2.000000000 2
672 76 3 8192 2.000000000 2
672 80 3 8192 2.000000000 2
672 100 3 8192 2.000000000 2
672 108 3 8192 2.000000000 2
672 156 3 8192 2.000000000 2
672 176 3 8192 2.000000000 2
672 180 3 8192 2.000000000 2
672 184 3 8192 2.000000000 2
672 192 3 8192 2.000000000 2
672 216 3 8192 2.000000000 2
672 220 3 8192 2.000000000 2
672 256 3 8192 2.000000000 2
672 268 3 8192 2.000000000 2
672 284 3 8192 2.000000000 2
672 292 3 8192 2.000000000 2
672 300 3 8192 2.000000000 2
672 304 3 8192 2.000000000 2
672 316 3 8192 2.000000000 2
672 324 3 8192 2.000000000 2
672 388 3 8192 2.000000000 2
672 436 3 8192 2.000000000 2
672 452 3 8192 2.000000000 2
672 472 3 8192 2.000000000 2
672 492 3 8192 2.000000000 2
672 504 3 8192 2.000000000 2
672 540 3 8192 2.000000000 2
672 544 3 8192 2.000000000 2
672 564 3 8192 2.000000000 2
672 576 3 8192 2.000000000 2
672 584 3 8192 2.000000000 2
672 640 3 8192 2.000000000 2
672 652 3 8192 2.000000000 2
672 656 3 8192 2.000000000 2
672 692 3 8192 2.000000000 2
672 704 3 8192 2.000000000 2
672 732 3 8192 2.000000000 2
672 736 3 8192 2.000000000 2
672 748 3 8192 2.000000000 2
672 804 3 8192 2.000000000 2
672 808 3 8192 2.000000000 2
672 828 3 8192 2.000000000 2
672 836 3 8192 2.000000000 2
672 840 3 8192 2.000000000 2
672 848 3 8192 2.000000000 2
672 900 3 8192 2.000000000 2
672 904 3 8192 2.000000000 2
672 956 3 8192 2.000000000 2
672 988 3 8192 2.000000000 2
672 992 3 8192 2.000000000 2
672 1008 3 8192 2.000000000 2
672 1012 3 8192 2.000000000 2
672 1052 3 8192 2.000000000 2
672 1060 3 8192 2.000000000 2
672 1096 3 8192 2.000000000 2
672 1120 3 8192 2.000000000 2
672 1144 3 8192 2.000000000 2
672 1168 3 8192 2.000000000 2
672 1204 3 8192 2.000000000 2
672 1208 3 8192 2.000000000 2
672 1220 3 8192 2.000000000 2
672 1236 3 8192 2.000000000 2
672 1264 3 8192 2.000000000 2
680 20 3 8192 2.000000000 2
680 28 3 8192 2.000000000 2
680 36 3 8192 2.000000000 2
680 40 3 8192 2.000000000 2
680 76 3 8192 2.000000000 2
680 80 3 8192 2.000000000 2
680 100 3 8192 2.000000000 2
680 132 3 8192 2.000000000 2
680 136 3 8192 2.000000000 2
680 152 3 8192 2.000000000 2
680 168 3 8192 2.000000000 2
680 216 3 8192 2.000000000 2
680 240 3 8192 2.000000000 2
680 260 3 8192 2.000000000 2
680 304 3 8192 2.000000000 2
680 312 3 8192 2.000000000 2
680 332 3 8192 2.000000000 2
680 340 3 8192 2.000000000 2
680 344 3 8192 2.000000000 2
680 372 3 8192 2.000000000 2
680 432 3 8192 2.000000000 2
680 452 3 8192 2.000000000 2
680 456 3 8192 2.000000000 2
680 464 3 8192 2.000000000 2
680 480 3 8192 2.000000000 2
680 500 3 8192 2.000000000 2
680 524 3 8192 2.000000000 2
680 536 3 8192 2.000000000 2
680 564 3 8192 2.000000000 2
680 568 3 8192 2.000000000 2
680 576 3 8192 2.000000000 2
680 632 3 8192 2.000000000 2
680 644 3 8192 2.000000000 2
680 648 3 8192 2.000000000 2
680 684 3 8192 2.000000000 2
680 696 3 8192 2.000000000 2
680 700 3 8192 2.000000000 2
680 704 3 8192 2.000000000 2
680 712 3 8192 2.000000000 2
680 716 3 8192 2.000000000 2
680 732 3 8192 2.000000000 2
680 744 3 8192 2.000000000 2
680 756 3 8192 2.000000000 2
680 772 3 8192 2.000000000 2
680 808 3 8192 2.000000000 2
680 812 3 8192 2.000000000 2
680 828 3 8192 2.000000000 2
680 840 3 8192 2.000000000 2
680 868 3 8192 2.000000000 2
680 872 3 8192 2.000000000 2
680 880 3 8192 2.000000000 2
680 904 3 8192 2.000000000 2
680 912 3 8192 2.000000000 2
680 956 3 8192 2.000000000 2
680 1016 3 8192 2.000000000 2
680 1024 3 8192 2.000000000 2
680 1052 3 8192 2.000000000 2
680 1084 3 8192 2.000000000 2
680 1132 3 8192 2.000000000 2
680 1148 3 8192 2.000000000 2
680 1168 3 8192 2.000000000 2
680 1184 3 8192 2.000000000 2
680 1220 3 8192 2.000000000 2
680 1260 3 8192 2.000000000 2
684 12 3 8192 2.000000000 2
684 28 3 8192 2.000000000 2
684 32 3 8192 2.000000000 2
684 40 3 8192 2.000000000 2
684 56 3 8192 2.000000000 2
684 68 3 8192 2.000000000 2
684 72 3 8192 2.000000000 2
684 96 3 8192 2.000000000 2
684 108 3 8192 2.000000000 2
684 176 3 8192 2.000000000 2
684 180 3 8192 2.000000000 2
684 256 3 8192 2.000000000 2
684 260 3 8192 2.000000000 2
684 268 3 8192 2.000000000 2
684 292 3 8192 2.000000000 2
684 320 3 8192 2.000000000 2
684 328 3 8192 2.000000000 2
684 344 3 8192 2.000000000 2
684 356 3 8192 2.000000000 2
684 372 3 8192 2.000000000 2
684 380 3 8192 2.000000000 2
684 384 3 8192 2.000000000 2
684 400 3 8192 2.000000000 2
684 408 3 8192 2.000000000 2
684 436 3 8192 2.000000000 2
684 456 3 8192 2.000000000 2
684 488 3 8192 2.000000000 2
684 496 3 8192 2.000000000 2
684 500 3 8192 2.000000000 2
684 512 3 8192 2.000000000 2
684 516 3 8192 2.000000000 2
684 524 3 8192 2.000000000 2
684 532 3 8192 2.000000000 2
684 576 3 8192 2.000000000 2
684 612 3 8192 2.000000000 2
684 624 3 8192 2.000000000 2
684 632 3 8192 2.000000000 2
684 636 3 8192 2.000000000 2
684 640 3 8192 2.000000000 2
684 644 3 8192 2.000000000 2
684 648 3 8192 2.000000000 2
684 668 3 8192 2.000000000 2
684 708 3 8192 2.000000000 2
684 772 3 8192 2.000000000 2
684 788 3 8192 2.000000000 2
684 836 3 8192 2.000000000 2
684 880 3 8192 2.000000000 2
684 884 3 8192 2.000000000 2
684 968 3 8192 2.000000000 2
684 988 3 8192 2.000000000 2
684 996 3 8192 2.000000000 2
684 1032 3 8192 2.000000000 2
684 1044 3 8192 2.000000000 2
684 1076 3 8192 2.000000000 2
684 1096 3 8192 2.000000000 2
684 1132 3 8192 2.000000000 2
684 1164 3 8192 2.000000000 2
684 1176 3 8192 2.000000000 2
684 1200 3 8192 2.000000000 2
684 1204 3 8192 2.000000000 2
684 1224 3 8192 2.000000000 2
684 1244 3 8192 2.000000000 2
684 1260 3 8192 2.000000000 2
684 1264 3 8192 2.000000000 2
688 20 3 8192 2.000000000 2
688 40 3 8192 2.000000000 2
688 44 3 8192 2.000000000 2
688 48 3 8192 2.000000000 2
688 108 3 8192 2.000000000 2
688 120 3 8192 2.000000000 2
688 136 3 8192 2.000000000 2
688 160 3 8192 2.000000000 2
688 172 3 8192 2.000000000 2
688 212 3 8192 2.000000000 2
688 252 3 8192 2.000000000 2
688 268 3 8192 2.000000000 2
688 288 3 8192 2.000000000 2
688 300 3 8192 2.000000000 2
688 356 3 8192 2.000000000 2
688 360 3 8192 2.000000000 2
688 380 3 8192 2.000000000 2
688 384 3 8192 2.000000000 2
688 468 3 8192 2.000000000 2
688 484 3 8192 2.000000000 2
688 532 3 8192 2.000000000 2
688 584 3 8192 2.000000000 2
688 588 3 8192 2.000000000 2
688 592 3 8192 2.000000000 2
688 596 3 8192 2.000000000 2
688 604 3 8192 2.000000000 2
688 608 3 8192 2.000000000 2
688 620 3 8192 2.000000000 2
688 648 3 8192 2.000000000 2
688 652 3 8192 2.000000000 2
688 656 3 8192 2.000000000 2
688 660 3 8192 2.000000000 2
688 668 3 8192 2.000000000 2
688 704 3 8192 2.000000000 2
688 716 3 8192 2.000000000 2
688 740 3 8192 2.000000000 2
688 752 3 8192 2.000000000 2
688 792 3 8192 2.000000000 2
688 800 3 8192 2.000000000 2
688 812 3 8192 2.000000000 2
688 840 3 8192 2.000000000 2
688 844 3 8192 2.000000000 2
688 852 3 8192 2.000000000 2
688 884 3 8192 2.000000000 2
688 928 3 8192 2.000000000 2
688 944 3 8192 2.000000000 2
688 948 3 8192 2.000000000 2
688 956 3 8192 2.000000000 2
688 960 3 8192 2.000000000 2
688 964 3 8192 2.000000000 2
688 968 3 8192 2.000000000 2
688 1000 3 8192 2.000000000 2
688 1004 3 8192 2.000000000 2
688 1020 3 8192 2.000000000 2
688 1044 3 8192 2.000000000 2
688 1124 3 8192 2.000000000 2
688 1128 3 8192 2.000000000 2
688 1156 3 8192 2.000000000 2
688 1168 3 8192 2.000000000 2
688 1172 3 8192 2.000000000 2
688 1200 3 8192 2.000000000 2
688 1208 3 8192 2.000000000 2
688 1220 3 8192 2.000000000 2
688 1260 3 8192 2.000000000 2
692 0 3 8192 2.000000000 2
692 8 3 8192 2.000000000 2
692 12 3 8192 2.000000000 2
692 28 3 8192 2.000000000 2
692 32 3 8192 2.000000000 2
692 72 3 8192 2.000000000 2
692 108 3 8192 2.000000000 2
692 152 3 8192 2.000000000 2
692 160 3 8192 2.000000000 2
692 168 3 8192 2.000000000 2
692 200 3 8192 2.000000000 2
692 228 3 8192 2.000000000 2
692 236 3 8192 2.000000000 2
692 264 3 8192 2.000000000 2
692 316 3 8192 2.000000000 2
692 320 3 8192 2.000000000 2
692 328 3 8192 2.000000000 2
692 344 3 8192 2.000000000 2
692 380 3 8192 2.000000000 2
692 400 3 8192 2.000000000 2
692 404 3 8192 2.000000000 2
692 424 3 8192 2.000000000 2
692 432 3 8192 2.000000000 2
692 464 3 8192 2.000000000 2
692 468 3 8192 2.000000000 2
692 480 3 8192 2.000000000 2
692 492 3 8192 2.000000000 2
692 504 3 8192 2.000000000 2
692 512 3 8192 2.000000000 2
692 524 3 8192 2.000000000 2
692 560 3 8192 2.000000000 2
692 568 3 8192 2.000000000 2
692 572 3 8192 2.000000000 2
692 588 3 8192 2.000000000 2
692 628 3 8192 2.000000000 2
692 648 3 8192 2.000000000 2
692 652 3 8192 2.000000000 2
692 664 3 8192 2.000000000 2
692 672 3 8192 2.000000000 2
692 684 3 8192 2.000000000 2
692 700 3 8192 2.000000000 2
692 768 3 8192 2.000000000 2
692 788 3 8192 2.000000000 2
692 816 3 8192 2.000000000 2
692 848 3 8192 2.000000000 2
692 920 3 8192 2.000000000 2
692 944 3 8192 2.000000000 2
692 964 3 8192 2.000000000 2
692 988 3 8192 2.000000000 2
692 1012 3 8192 2.000000000 2
692 1020 3 8192 2.000000000 2
692 1052 3 8192 2.000000000 2
692 1116 3 8192 2.000000000 2
692 1124 3 8192 2.000000000 2
692 1132 3 8192 2.000000000 2
692 1144 3 8192 2.000000000 2
692 1156 3 8192 2.000000000 2
692 1160 3 8192 2.000000000 2
692 1212 3 8192 2.000000000 2
692 1220 3 8192 2.000000000 2
692 1248 3 8192 2.000000000 2
692 1256 3 8192 2.000000000 2
692 1260 3 8192 2.000000000 2
692 1264 3 8192 2.000000000 2
696 0 3 8192 2.000000000 2
696 20 3 8192 2.000000000 2
696 44 3 8192 2.000000000 2
696 48 3 8192 2.000000000 2
696 72 3 8192 2.000000000 2
696 104 3 8192 2.000000000 2
696 124 3 8192 2.000000000 2
696 208 3 8192 2.000000000 2
696 260 3 8192 2.000000000 2
696 292 3 8192 2.000000000 2
696 300 3 8192 2.000000000 2
696 340 3 8192 2.000000000 2
696 360 3 8192 2.000000000 2
696 380 3 8192 2.000000000 2
696 404 3 8192 2.000000000 2
696 408 3 8192 2.000000000 2
696 424 3 8192 2.000000000 2
696 452 3 8192 2.000000000 2
696 456 3 8192 2.000000000 2
696 460 3 8192 2.000000000 2
696 488 3 8192 2.000000000 2
696 508 3 8192 2.000000000 2
696 564 3 8192 2.000000000 2
696 568 3 8192 2.000000000 2
696 588 3 8192 2.000000000 2
696 600 3 8192 2.000000000 2
696 620 3 8192 2.000000000 2
696 624 3 8192 2.000000000 2
696 628 3 8192 2.000000000 2
696 632 3 8192 2.000000000 2
696 644 3 8192 2.000000000 2
696 668 3 8192 2.000000000 2
696 684 3 8192 2.000000000 2
696 704 3 8192 2.000000000 2
696 720 3 8192 2.000000000 2
696 732 3 8192 2.000000000 2
696 740 3 8192 2.000000000 2
696 748 3 8192 2.000000000 2
696 752 3 8192 2.000000000 2
696 756 3 8192 2.000000000 2
696 760 3 8192 2.000000000 2
696 812 3 8192 2.000000000 2
696 816 3 8192 2.000000000 2
696 828 3 8192 2.000000000 2
696 840 3 8192 2.000000000 2
696 848 3 8192 2.000000000 2
696 872 3 8192 2.000000000 2
696 880 3 8192 2.000000000 2
696 916 3 8192 2.000000000 2
696 924 3 8192 2.000000000 2
696 928 3 8192 2.000000000 2
696 948 3 8192 2.000000000 2
696 996 3 8192 2.000000000 2
696 1016 3 8192 2.000000000 2
696 1032 3 8192 2.000000000 2
696 1060 3 8192 2.000000000 2
696 1064 3 8192 2.000000000 2
696 1076 3 8192 2.000000000 2
696 1096 3 8192 2.000000000 2
696 1128 3 8192 2.000000000 2
696 1168 3 8192 2.000000000 2
696 1176 3 8192 2.000000000 2
696 1260 3 8192 2.000000000 2
696 1264 3 8192 2.000000000 2
700 12 3 8192 2.000000000 2
700 56 3 8192 2.000000000 2
700 68 3 8192 2.000000000 2
700 76 3 8192 2.000000000 2
700 92 3 8192 2.000000000 2
700 108 3 8192 2.000000000 2
700 120 3 8192 2.000000000 2
700 124 3 8192 2.000000000 2
700 140 3 8192 2.000000000 2
700 152 3 8192 2.000000000 2
700 168 3 8192 2.000000000 2
700 172 3 8192 2.000000000 2
700 184 3 8192 2.000000000 2
700 228 3 8192 2.000000000 2
700 248 3 8192 2.000000000 2
700 264 3 8192 2.000000000 2
700 320 3 8192 2.000000000 2
700 328 3 8192 2.000000000 2
700 348 3 8192 2.000000000 2
700 356 3 8192 2.000000000 2
700 372 3 8192 2.000000000 2
700 380 3 8192 2.000000000 2
700 388 3 8192 2.000000000 2
700 400 3 8192 2.000000000 2
700 432 3 8192 2.000000000 2
700 440 3 8192 2.000000000 2
700 452 3 8192 2.000000000 2
700 460 3 8192 2.000000000 2
700 464 3 8192 2.000000000 2
700 468 3 8192 2.000000000 2
700 496 3 8192 2.000000000 2
700 500 3 8192 2.000000000 2
700 560 3 8192 2.000000000 2
700 632 3 8192 2.000000000 2
700 636 3 8192 2.000000000 2
700 644 3 8192 2.000000000 2
700 652 3 8192 2.000000000 2
700 664 3 8192 2.000000000 2
700 692 3 8192 2.000000000 2
700 716 3 8192 2.000000000 2
700 732 3 8192 2.000000000 2
700 744 3 8192 2.000000000 2
700 764 3 8192 2.000000000 2
700 772 3 8192 2.000000000 2
700 788 3 8192 2.000000000 2
700 816 3 8192 2.000000000 2
700 836 3 8192 2.000000000 2
700 856 3 8192 2.000000000 2
700 884 3 8192 2.000000000 2
700 912 3 8192 2.000000000 2
700 924 3 8192 2.000000000 2
700 928 3 8192 2.000000000 2
700 944 3 8192 2.000000000 2
700 1000 3 8192 2.000000000 2
700 1004 3 8192 2.000000000 2
700 1032 3 8192 2.000000000 2
700 1052 3 8192 2.000000000 2
700 1120 3 8192 2.000000000 2
700 1124 3 8192 2.000000000 2
700 1160 3 8192 2.000000000 2
700 1168 3 8192 2.000000000 2
700 1236 3 8192 2.000000000 2
700 1256 3 8192 2.000000000 2
700 1260 3 8192 2.000000000 2
704 8 3 8192 2.000000000 2
704 28 3 8192 2.000000000 2
704 44 3 8192 2.000000000 2
704 48 3 8192 2.000000000 2
704 100 3 8192 2.000000000 2
704 104 3 8192 2.000000000 2
704 112 3 8192 2.000000000 2
704 116 3 8192 2.000000000 2
704 156 3 8192 2.000000000 2
704 200 3 8192 2.000000000 2
704 212 3 8192 2.000000000 2
704 236 3 8192 2.000000000 2
704 268 3 8192 2.000000000 2
704 292 3 8192 2.000000000 2
704 360 3 8192 2.000000000 2
704 372 3 8192 2.000000000 2
704 392 3 8192 2.000000000 2
704 400 3 8192 2.000000000 2
704 404 3 8192 2.000000000 2
704 408 3 8192 2.000000000 2
704 456 3 8192 2.000000000 2
704 468 3 8192 2.000000000 2
704 472 3 8192 2.000000000 2
704 484 3 8192 2.000000000 2
704 488 3 8192 2.000000000 2
704 492 3 8192 2.000000000 2
704 508 3 8192 2.000000000 2
704 512 3 8192 2.000000000 2
704 572 3 8192 2.000000000 2
704 588 3 8192 2.000000000 2
704 592 3 8192 2.000000000 2
704 600 3 8192 2.000000000 2
704 608 3 8192 2.000000000 2
704 612 3 8192 2.000000000 2
704 624 3 8192 2.000000000 2
704 628 3 8192 2.000000000 2
704 644 3 8192 2.000000000 2
704 684 3 8192 2.000000000 2
704 708 3 8192 2.000000000 2
704 744 3 8192 2.000000000 2
704 760 3 8192 2.000000000 2
704 792 3 8192 2.000000000 2
704 812 3 8192 2.000000000 2
704 872 3 8192 2.000000000 2
704 876 3 8192 2.000000000 2
704 892 3 8192 2.000000000 2
704 916 3 8192 2.000000000 2
704 932 3 8192 2.000000000 2
704 976 3 8192 2.000000000 2
704 992 3 8192 2.000000000 2
704 1000 3 8192 2.000000000 2
704 1012 3 8192 2.000000000 2
704 1024 3 8192 2.000000000 2
704 1124 3 8192 2.000000000 2
704 1128 3 8192 2.000000000 2
704 1144 3 8192 2.000000000 2
704 1156 3 8192 2.000000000 2
704 1212 3 8192 2.000000000 2
704 1220 3 8192 2.000000000 2
704 1224 3 8192 2.000000000 2
704 1248 3 8192 2.000000000 2
704 1256 3 8192 2.000000000 2
704 1260 3 8192 2.000000000 2
704 1264 3 8192 2.000000000 2
708 0 3 8192 2.000000000 2
708 8 3 8192 2.000000000 2
708 12 3 8192 2.000000000 2
708 44 3 8192 2.000000000 2
708 48 3 8192 2.000000000 2
708 92 3 8192 2.000000000 2
708 124 3 8192 2.000000000 2
708 140 3 8192 2.000000000 2
708 160 3 8192 2.000000000 2
708 200 3 8192 2.000000000 2
708 216 3 8192 2.000000000 2
708 228 3 8192 2.000000000 2
708 236 3 8192 2.000000000 2
708 240 3 8192 2.000000000 2
708 320 3 8192 2.000000000 2
708 336 3 8192 2.000000000 2
708 372 3 8192 2.000000000 2
708 384 3 8192 2.000000000 2
708 424 3 8192 2.000000000 2
708 436 3 8192 2.000000000 2
708 468 3 8192 2.000000000 2
708 480 3 8192 2.000000000 2
708 488 3 8192 2.000000000 2
708 496 3 8192 2.000000000 2
708 500 3 8192 2.000000000 2
708 520 3 8192 2.000000000 2
708 544 3 8192 2.000000000 2
708 568 3 8192 2.000000000 2
708 576 3 8192 2.000000000 2
708 604 3 8192 2.000000000 2
708 612 3 8192 2.000000000 2
708 636 3 8192 2.000000000 2
708 640 3 8192 2.000000000 2
708 680 3 8192 2.000000000 2
708 720 3 8192 2.000000000 2
708 732 3 8192 2.000000000 2
708 736 3 8192 2.000000000 2
708 748 3 8192 2.000000000 2
708 764 3 8192 2.000000000 2
708 836 3 8192 2.000000000 2
708 848 3 8192 2.000000000 2
708 852 3 8192 2.000000000 2
708 864 3 8192 2.000000000 2
708 884 3 8192 2.000000000 2
708 904 3 8192 2.000000000 2
708 908 3 8192 2.000000000 2
708 912 3 8192 2.000000000 2
708 928 3 8192 2.000000000 2
708 932 3 8192 2.000000000 2
708 956 3 8192 2.000000000 2
708 976 3 8192 2.000000000 2
708 980 3 8192 2.000000000 2
708 996 3 8192 2.000000000 2
708 1016 3 8192 2.000000000 2
708 1044 3 8192 2.000000000 2
708 1060 3 8192 2.000000000 2
708 1084 3 8192 2.000000000 2
708 1096 3 8192 2.000000000 2
708 1208 3 8192 2.000000000 2
708 1212 3 8192 2.000000000 2
708 1220 3 8192 2.000000000 2
708 1244 3 8192 2.000000000 2
708 1256 3 8192 2.000000000 2
708 1260 3 8192 2.000000000 2
712 4 3 8192 2.000000000 2
712 20 3 8192 2.000000000 2
712 28 3 8192 2.000000000 2
712 100 3 8192 2.000000000 2
712 124 3 8192 2.000000000 2
712 132 3 8192 2.000000000 2
712 136 3 8192 2.000000000 2
712 152 3 8192 2.000000000 2
712 156 3 8192 2.000000000 2
712 180 3 8192 2.000000000 2
712 216 3 8192 2.000000000 2
712 220 3 8192 2.000000000 2
712 252 3 8192 2.000000000 2
712 312 3 8192 2.000000000 2
712 320 3 8192 2.000000000 2
712 328 3 8192 2.000000000 2
712 348 3 8192 2.000000000 2
712 356 3 8192 2.000000000 2
712 372 3 8192 2.000000000 2
712 396 3 8192 2.000000000 2
712 440 3 8192 2.000000000 2
712 464 3 8192 2.000000000 2
712 472 3 8192 2.000000000 2
712 484 3 8192 2.000000000 2
712 500 3 8192 2.000000000 2
712 516 3 8192 2.000000000 2
712 524 3 8192 2.000000000 2
712 532 3 8192 2.000000000 2
712 544 3 8192 2.000000000 2
712 560 3 8192 2.000000000 2
712 564 3 8192 2.000000000 2
712 600 3 8192 2.000000000 2
712 624 3 8192 2.000000000 2
712 644 3 8192 2.000000000 2
712 652 3 8192 2.000000000 2
712 716 3 8192 2.000000000 2
712 744 3 8192 2.000000000 2
712 748 3 8192 2.000000000 2
712 760 3 8192 2.000000000 2
712 768 3 8192 2.000000000 2
712 804 3 8192 2.000000000 2
712 824 3 8192 2.000000000 2
712 828 3 8192 2.000000000 2
712 836 3 8192 2.000000000 2
712 868 3 8192 2.000000000 2
712 900 3 8192 2.000000000 2
712 920 3 8192 2.000000000 2
712 924 3 8192 2.000000000 2
712 940 3 8192 2.000000000 2
712 960 3 8192 2.000000000 2
712 976 3 8192 2.000000000 2
712 1028 3 8192 2.000000000 2
712 1060 3 8192 2.000000000 2
712 1108 3 8192 2.000000000 2
712 1120 3 8192 2.000000000 2
712 1144 3 8192 2.000000000 2
712 1156 3 8192 2.000000000 2
712 1164 3 8192 2.000000000 2
712 1168 3 8192 2.000000000 2
712 1180 3 8192 2.000000000 2
712 1192 3 8192 2.000000000 2
712 1224 3 8192 2.000000000 2
712 1236 3 8192 2.000000000 2
712 1264 3 8192 2.000000000 2
716 4 3 8192 2.000000000 2
716 36 3 8192 2.000000000 2
716 56 3 8192 2.000000000 2
716 76 3 8192 2.000000000 2
716 80 3 8192 2.000000000 2
716 116 3 8192 2.000000000 2
716 124 3 8192 2.000000000 2
716 140 3 8192 2.000000000 2
716 156 3 8192 2.000000000 2
716 172 3 8192 2.000000000 2
716 184 3 8192 2.000000000 2
716 256 3 8192 2.000000000 2
716 260 3 8192 2.000000000 2
716 320 3 8192 2.000000000 2
716 336 3 8192 2.000000000 2
716 340 3 8192 2.000000000 2
716 348 3 8192 2.000000000 2
716 384 3 8192 2.000000000 2
716 396 3 8192 2.000000000 2
716 424 3 8192 2.000000000 2
716 440 3 8192 2.000000000 2
716 544 3 8192 2.000000000 2
716 568 3 8192 2.000000000 2
716 576 3 8192 2.000000000 2
716 580 3 8192 2.000000000 2
716 600 3 8192 2.000000000 2
716 636 3 8192 2.000000000 2
716 652 3 8192 2.000000000 2
716 656 3 8192 2.000000000 2
716 668 3 8192 2.000000000 2
716 688 3 8192 2.000000000 2
716 700 3 8192 2.000000000 2
716 708 3 8192 2.000000000 2
716 736 3 8192 2.000000000 2
716 744 3 8192 2.000000000 2
716 748 3 8192 2.000000000 2
716 752 3 8192 2.000000000 2
716 756 3 8192 2.000000000 2
716 760 3 8192 2.000000000 2
716 808 3 8192 2.000000000 2
716 816 3 8192 2.000000000 2
716 828 3 8192 2.000000000 2
716 840 3 8192 2.000000000 2
716 864 3 8192 2.000000000 2
716 900 3 8192 2.000000000 2
716 920 3 8192 2.000000000 2
716 964 3 8192 2.000000000 2
716 988 3 8192 2.000000000 2
716 1000 3 8192 2.000000000 2
716 1012 3 8192 2.000000000 2
716 1032 3 8192 2.000000000 2
716 1036 3 8192 2.000000000 2
716 1064 3 8192 2.000000000 2
716 1096 3 8192 2.000000000 2
716 1116 3 8192 2.000000000 2
716 1156 3 8192 2.000000000 2
716 1180 3 8192 2.000000000 2
716 1204 3 8192 2.000000000 2
716 1212 3 8192 2.000000000 2
716 1224 3 8192 2.000000000 2
716 1232 3 8192 2.000000000 2
716 1244 3 8192 2.000000000 2
716 1264 3 8192 2.000000000 2
716 1268 3 8192 2.000000000 2
720 8 3 8192 2.000000000 2
720 32 3 8192 2.000000000 2
720 44 3 8192 2.000000000 2
720 56 3 8192 2.000000000 2
720 68 3 8192 2.000000000 2
720 72 3 8192 2.000000000 2
720 132 3 8192 2.000000000 2
720 172 3 8192 2.000000000 2
720 212 3 8192 2.000000000 2
720 216 3 8192 2.000000000 2
720 248 3 8192 2.000000000 2
720 256 3 8192 2.000000000 2
720 284 3 8192 2.000000000 2
720 324 3 8192 2.000000000 2
720 328 3 8192 2.000000000 2
720 340 3 8192 2.000000000 2
720 344 3 8192 2.000000000 2
720 356 3 8192 2.000000000 2
720 372 3 8192 2.000000000 2
720 380 3 8192 2.000000000 2
720 424 3 8192 2.000000000 2
720 452 3 8192 2.000000000 2
720 476 3 8192 2.000000000 2
720 484 3 8192 2.000000000 2
720 496 3 8192 2.000000000 2
720 504 3 8192 2.000000000 2
720 516 3 8192 2.000000000 2
720 576 3 8192 2.000000000 2
720 580 3 8192 2.000000000 2
720 624 3 8192 2.000000000 2
720 628 3 8192 2.000000000 2
720 632 3 8192 2.000000000 2
720 644 3 8192 2.000000000 2
720 648 3 8192 2.000000000 2
720 652 3 8192 2.000000000 2
720 692 3 8192 2.000000000 2
720 700 3 8192 2.000000000 2
720 752 3 8192 2.000000000 2
720 764 3 8192 2.000000000 2
720 768 3 8192 2.000000000 2
720 788 3 8192 2.000000000 2
720 808 3 8192 2.000000000 2
720 812 3 8192 2.000000000 2
720 852 3 8192 2.000000000 2
720 856 3 8192 2.000000000 2
720 884 3 8192 2.000000000 2
720 900 3 8192 2.000000000 2
720 908 3 8192 2.000000000 2
720 920 3 8192 2.000000000 2
720 940 3 8192 2.000000000 2
720 1004 3 8192 2.000000000 2
720 1012 3 8192 2.000000000 2
720 1028 3 8192 2.000000000 2
720 1052 3 8192 2.000000000 2
720 1092 3 8192 2.000000000 2
720 1116 3 8192 2.000000000 2
720 1120 3 8192 2.000000000 2
720 1132 3 8192 2.000000000 2
720 1144 3 8192 2.000000000 2
720 1180 3 8192 2.000000000 2
720 1184 3 8192 2.000000000 2
720 1208 3 8192 2.000000000 2
720 1220 3 8192 2.000000000 2
720 1248 3 8192 2.000000000 2
732 8 3 8192 2.000000000 2
732 56 3 8192 2.000000000 2
732 96 3 8192 2.000000000 2
732 104 3 8192 2.000000000 2
732 108 3 8192 2.000000000 2
732 140 3 8192 2.000000000 2
732 152 3 8192 2.000000000 2
732 156 3 8192 2.000000000 2
732 168 3 8192 2.000000000 2
732 176 3 8192 2.000000000 2
732 220 3 8192 2.000000000 2
732 228 3 8192 2.000000000 2
732 236 3 8192 2.000000000 2
732 260 3 8192 2.000000000 2
732 268 3 8192 2.000000000 2
732 328 3 8192 2.000000000 2
732 336 3 8192 2.000000000 2
732 384 3 8192 2.000000000 2
732 408 3 8192 2.000000000 2
732 424 3 8192 2.000000000 2
732 440 3 8192 2.000000000 2
732 456 3 8192 2.000000000 2
732 468 3 8192 2.000000000 2
732 472 3 8192 2.000000000 2
732 488 3 8192 2.000000000 2
732 504 3 8192 2.000000000 2
732 520 3 8192 2.000000000 2
732 576 3 8192 2.000000000 2
732 620 3 8192 2.000000000 2
732 640 3 8192 2.000000000 2
732 684 3 8192 2.000000000 2
732 692 3 8192 2.000000000 2
732 712 3 8192 2.000000000 2
732 748 3 8192 2.000000000 2
732 756 3 8192 2.000000000 2
732 804 3 8192 2.000000000 2
732 824 3 8192 2.000000000 2
732 852 3 8192 2.000000000 2
732 876 3 8192 2.000000000 2
732 880 3 8192 2.000000000 2
732 884 3 8192 2.000000000 2
732 888 3 8192 2.000000000 2
732 892 3 8192 2.000000000 2
732 916 3 8192 2.000000000 2
732 940 3 8192 2.000000000 2
732 944 3 8192 2.000000000 2
732 948 3 8192 2.000000000 2
732 960 3 8192 2.000000000 2
732 968 3 8192 2.000000000 2
732 980 3 8192 2.000000000 2
732 996 3 8192 2.000000000 2
732 1004 3 8192 2.000000000 2
732 1016 3 8192 2.000000000 2
732 1036 3 8192 2.000000000 2
732 1100 3 8192 2.000000000 2
732 1116 3 8192 2.000000000 2
732 1120 3 8192 2.000000000 2
732 1144 3 8192 2.000000000 2
732 1148 3 8192 2.000000000 2
732 1160 3 8192 2.000000000 2
732 1164 3 8192 2.000000000 2
732 1172 3 8192 2.000000000 2
732 1208 3 8192 2.000000000 2
732 1256 3 8192 2.000000000 2
736 8 3 8192 2.000000000 2
736 44 3 8192 2.000000000 2
736 68 3 8192 2.000000000 2
736 80 3 8192 2.000000000 2
736 88 3 8192 2.000000000 2
736 96 3 8192 2.000000000 2
736 104 3 8192 2.000000000 2
736 112 3 8192 2.000000000 2
736 140 3 8192 2.000000000 2
736 176 3 8192 2.000000000 2
736 184 3 8192 2.000000000 2
736 192 3 8192 2.000000000 2
736 208 3 8192 2.000000000 2
736 216 3 8192 2.000000000 2
736 252 3 8192 2.000000000 2
736 256 3 8192 2.000000000 2
736 260 3 8192 2.000000000 2
736 264 3 8192 2.000000000 2
736 292 3 8192 2.000000000 2
736 300 3 8192 2.000000000 2
736 316 3 8192 2.000000000 2
736 320 3 8192 2.000000000 2
736 332 3 8192 2.000000000 2
736 356 3 8192 2.000000000 2
736 388 3 8192 2.000000000 2
736 432 3 8192 2.000000000 2
736 440 3 8192 2.000000000 2
736 492 3 8192 2.000000000 2
736 520 3 8192 2.000000000 2
736 524 3 8192 2.000000000 2
736 532 3 8192 2.000000000 2
736 536 3 8192 2.000000000 2
736 588 3 8192 2.000000000 2
736 616 3 8192 2.000000000 2
736 628 3 8192 2.000000000 2
736 636 3 8192 2.000000000 2
736 660 3 8192 2.000000000 2
736 668 3 8192 2.000000000 2
736 692 3 8192 2.000000000 2
736 696 3 8192 2.000000000 2
736 712 3 8192 2.000000000 2
736 744 3 8192 2.000000000 2
736 748 3 8192 2.000000000 2
736 756 3 8192 2.000000000 2
736 760 3 8192 2.000000000 2
736 772 3 8192 2.000000000 2
736 864 3 8192 2.000000000 2
736 880 3 8192 2.000000000 2
736 888 3 8192 2.000000000 2
736 892 3 8192 2.000000000 2
736 908 3 8192 2.000000000 2
736 920 3 8192 2.000000000 2
736 948 3 8192 2.000000000 2
736 988 3 8192 2.000000000 2
736 996 3 8192 2.000000000 2
736 1008 3 8192 2.000000000 2
736 1016 3 8192 2.000000000 2
736 1128 3 8192 2.000000000 2
736 1160 3 8192 2.000000000 2
736 1172 3 8192 2.000000000 2
736 1204 3 8192 2.000000000 2
736 1216 3 8192 2.000000000 2
736 1220 3 8192 2.000000000 2
736 1268 3 8192 2.000000000 2
740 36 3 8192 2.000000000 2
740 68 3 8192 2.000000000 2
740 96 3 8192 2.000000000 2
740 108 3 8192 2.000000000 2
740 124 3 8192 2.000000000 2
740 172 3 8192 2.000000000 2
740 176 3 8192 2.000000000 2
740 184 3 8192 2.000000000 2
740 260 3 8192 2.000000000 2
740 268 3 8192 2.000000000 2
740 300 3 8192 2.000000000 2
740 304 3 8192 2.000000000 2
740 308 3 8192 2.000000000 2
740 312 3 8192 2.000000000 2
740 320 3 8192 2.000000000 2
740 332 3 8192 2.000000000 2
740 340 3 8192 2.000000000 2
740 348 3 8192 2.000000000 2
740 372 3 8192 2.000000000 2
740 388 3 8192 2.000000000 2
740 392 3 8192 2.000000000 2
740 484 3 8192 2.000000000 2
740 504 3 8192 2.000000000 2
740 520 3 8192 2.000000000 2
740 524 3 8192 2.000000000 2
740 540 3 8192 2.000000000 2
740 544 3 8192 2.000000000 2
740 560 3 8192 2.000000000 2
740 564 3 8192 2.000000000 2
740 580 3 8192 2.000000000 2
740 584 3 8192 2.000000000 2
740 612 3 8192 2.000000000 2
740 624 3 8192 2.000000000 2
740 632 3 8192 2.000000000 2
740 644 3 8192 2.000000000 2
740 672 3 8192 2.000000000 2
740 692 3 8192 2.000000000 2
740 708 3 8192 2.000000000 2
740 732 3 8192 2.000000000 2
740 752 3 8192 2.000000000 2
740 788 3 8192 2.000000000 2
740 792 3 8192 2.000000000 2
740 808 3 8192 2.000000000 2
740 824 3 8192 2.000000000 2
740 888 3 8192 2.000000000 2
740 904 3 8192 2.000000000 2
740 940 3 8192 2.000000000 2
740 980 3 8192 2.000000000 2
740 1020 3 8192 2.000000000 2
740 1024 3 8192 2.000000000 2
740 1044 3 8192 2.000000000 2
740 1076 3 8192 2.000000000 2
740 1092 3 8192 2.000000000 2
740 1124 3 8192 2.000000000 2
740 1144 3 8192 2.000000000 2
740 1168 3 8192 2.000000000 2
740 1176 3 8192 2.000000000 2
740 1200 3 8192 2.000000000 2
740 1204 3 8192 2.000000000 2
740 1216 3 8192 2.000000000 2
740 1224 3 8192 2.000000000 2
740 1236 3 8192 2.000000000 2
740 1244 3 8192 2.000000000 2
740 1268 3 8192 2.000000000 2
744 4 3 8192 2.000000000 2
744 48 3 8192 2.000000000 2
744 76 3 8192 2.000000000 2
744 92 3 8192 2.000000000 2
744 96 3 8192 2.000000000 2
744 100 3 8192 2.000000000 2
744 112 3 8192 2.000000000 2
744 120 3 8192 2.000000000 2
744 140 3 8192 2.000000000 2
744 152 3 8192 2.000000000 2
744 180 3 8192 2.000000000 2
744 208 3 8192 2.000000000 2
744 216 3 8192 2.000000000 2
744 228 3 8192 2.000000000 2
744 252 3 8192 2.000000000 2
744 264 3 8192 2.000000000 2
744 268 3 8192 2.000000000 2
744 288 3 8192 2.000000000 2
744 308 3 8192 2.000000000 2
744 312 3 8192 2.000000000 2
744 324 3 8192 2.000000000 2
744 336 3 8192 2.000000000 2
744 348 3 8192 2.000000000 2
744 356 3 8192 2.000000000 2
744 368 3 8192 2.000000000 2
744 380 3 8192 2.000000000 2
744 396 3 8192 2.000000000 2
744 424 3 8192 2.000000000 2
744 460 3 8192 2.000000000 2
744 468 3 8192 2.000000000 2
744 484 3 8192 2.000000000 2
744 492 3 8192 2.000000000 2
744 500 3 8192 2.000000000 2
744 504 3 8192 2.000000000 2
744 524 3 8192 2.000000000 2
744 536 3 8192 2.000000000 2
744 608 3 8192 2.000000000 2
744 620 3 8192 2.000000000 2
744 632 3 8192 2.000000000 2
744 640 3 8192 2.000000000 2
744 656 3 8192 2.000000000 2
744 668 3 8192 2.000000000 2
744 672 3 8192 2.000000000 2
744 704 3 8192 2.000000000 2
744 712 3 8192 2.000000000 2
744 740 3 8192 2.000000000 2
744 748 3 8192 2.000000000 2
744 756 3 8192 2.000000000 2
744 760 3 8192 2.000000000 2
744 788 3 8192 2.000000000 2
744 808 3 8192 2.000000000 2
744 824 3 8192 2.000000000 2
744 844 3 8192 2.000000000 2
744 904 3 8192 2.000000000 2
744 912 3 8192 2.000000000 2
744 964 3 8192 2.000000000 2
744 1036 3 8192 2.000000000 2
744 1052 3 8192 2.000000000 2
744 1068 3 8192 2.000000000 2
744 1100 3 8192 2.000000000 2
744 1108 3 8192 2.000000000 2
744 1164 3 8192 2.000000000 2
744 1184 3 8192 2.000000000 2
744 1212 3 8192 2.000000000 2
748 0 3 8192 2.000000000 2
748 4 3 8192 2.000000000 2
748 20 3 8192 2.000000000 2
748 56 3 8192 2.000000000 2
748 108 3 8192 2.000000000 2
748 120 3 8192 2.000000000 2
748 160 3 8192 2.000000000 2
748 172 3 8192 2.000000000 2
748 216 3 8192 2.000000000 2
748 228 3 8192 2.000000000 2
748 240 3 8192 2.000000000 2
748 264 3 8192 2.000000000 2
748 284 3 8192 2.000000000 2
748 288 3 8192 2.000000000 2
748 292 3 8192 2.000000000 2
748 300 3 8192 2.000000000 2
748 368 3 8192 2.000000000 2
748 388 3 8192 2.000000000 2
748 404 3 8192 2.000000000 2
748 424 3 8192 2.000000000 2
748 440 3 8192 2.000000000 2
748 464 3 8192 2.000000000 2
748 532 3 8192 2.000000000 2
748 584 3 8192 2.000000000 2
748 604 3 8192 2.000000000 2
748 616 3 8192 2.000000000 2
748 628 3 8192 2.000000000 2
748 632 3 8192 2.000000000 2
748 652 3 8192 2.000000000 2
748 656 3 8192 2.000000000 2
748 672 3 8192 2.000000000 2
748 704 3 8192 2.000000000 2
748 708 3 8192 2.000000000 2
748 712 3 8192 2.000000000 2
748 716 3 8192 2.000000000 2
748 732 3 8192 2.000000000 2
748 736 3 8192 2.000000000 2
748 740 3 8192 2.000000000 2
748 760 3 8192 2.000000000 2
748 844 3 8192 2.000000000 2
748 880 3 8192 2.000000000 2
748 884 3 8192 2.000000000 2
748 888 3 8192 2.000000000 2
748 908 3 8192 2.000000000 2
748 916 3 8192 2.000000000 2
748 932 3 8192 2.000000000 2
748 948 3 8192 2.000000000 2
748 964 3 8192 2.000000000 2
748 976 3 8192 2.000000000 2
748 980 3 8192 2.000000000 2
748 988 3 8192 2.000000000 2
748 1000 3 8192 2.000000000 2
748 1004 3 8192 2.000000000 2
748 1008 3 8192 2.000000000 2
748 1036 3 8192 2.000000000 2
748 1044 3 8192 2.000000000 2
748 1096 3 8192 2.000000000 2
748 1124 3 8192 2.000000000 2
748 1156 3 8192 2.000000000 2
748 1176 3 8192 2.000000000 2
748 1192 3 8192 2.000000000 2
748 1220 3 8192 2.000000000 2
748 1236 3 8192 2.000000000 2
748 1256 3 8192 2.000000000 2
752 40 3 8192 2.000000000 2
752 92 3 8192 2.000000000 2
752 108 3 8192 2.000000000 2
752 140 3 8192 2.000000000 2
752 156 3 8192 2.000000000 2
752 200 3 8192 2.000000000 2
752 240 3 8192 2.000000000 2
752 248 3 8192 2.000000000 2
752 256 3 8192 2.000000000 2
752 264 3 8192 2.000000000 2
752 288 3 8192 2.000000000 2
752 292 3 8192 2.000000000 2
752 312 3 8192 2.000000000 2
752 316 3 8192 2.000000000 2
752 336 3 8192 2.000000000 2
752 348 3 8192 2.000000000 2
752 388 3 8192 2.000000000 2
752 392 3 8192 2.000000000 2
752 396 3 8192 2.000000000 2
752 440 3 8192 2.000000000 2
752 460 3 8192 2.000000000 2
752 464 3 8192 2.000000000 2
752 468 3 8192 2.000000000 2
752 516 3 8192 2.000000000 2
752 568 3 8192 2.000000000 2
752 572 3 8192 2.000000000 2
752 592 3 8192 2.000000000 2
752 604 3 8192 2.000000000 2
752 612 3 8192 2.000000000 2
752 620 3 8192 2.000000000 2
752 624 3 8192 2.000000000 2
752 628 3 8192 2.000000000 2
752 640 3 8192 2.000000000 2
752 656 3 8192 2.000000000 2
752 672 3 8192 2.000000000 2
752 716 3 8192 2.000000000 2
752 736 3 8192 2.000000000 2
752 764 3 8192 2.000000000 2
752 768 3 8192 2.000000000 2
752 804 3 8192 2.000000000 2
752 828 3 8192 2.000000000 2
752 836 3 8192 2.000000000 2
752 848 3 8192 2.000000000 2
752 868 3 8192 2.000000000 2
752 900 3 8192 2.000000000 2
752 908 3 8192 2.000000000 2
752 928 3 8192 2.000000000 2
752 932 3 8192 2.000000000 2
752 944 3 8192 2.000000000 2
752 988 3 8192 2.000000000 2
752 1000 3 8192 2.000000000 2
752 1032 3 8192 2.000000000 2
752 1040 3 8192 2.000000000 2
752 1068 3 8192 2.000000000 2
752 1100 3 8192 2.000000000 2
752 1108 3 8192 2.000000000 2
752 1120 3 8192 2.000000000 2
752 1156 3 8192 2.000000000 2
752 1164 3 8192 2.000000000 2
752 1204 3 8192 2.000000000 2
752 1220 3 8192 2.000000000 2
752 1224 3 8192 2.000000000 2
752 1260 3 8192 2.000000000 2
752 1264 3 8192 2.000000000 2
756 8 3 8192 2.000000000 2
756 68 3 8192 2.000000000 2
756 76 3 8192 2.000000000 2
756 100 3 8192 2.000000000 2
756 116 3 8192 2.000000000 2
756 120 3 8192 2.000000000 2
756 132 3 8192 2.000000000 2
756 136 3 8192 2.000000000 2
756 176 3 8192 2.000000000 2
756 192 3 8192 2.000000000 2
756 208 3 8192 2.000000000 2
756 236 3 8192 2.000000000 2
756 248 3 8192 2.000000000 2
756 268 3 8192 2.000000000 2
756 284 3 8192 2.000000000 2
756 292 3 8192 2.000000000 2
756 360 3 8192 2.000000000 2
756 404 3 8192 2.000000000 2
756 408 3 8192 2.000000000 2
756 460 3 8192 2.000000000 2
756 464 3 8192 2.000000000 2
756 472 3 8192 2.000000000 2
756 504 3 8192 2.000000000 2
756 520 3 8192 2.000000000 2
756 572 3 8192 2.000000000 2
756 576 3 8192 2.000000000 2
756 580 3 8192 2.000000000 2
756 584 3 8192 2.000000000 2
756 612 3 8192 2.000000000 2
756 624 3 8192 2.000000000 2
756 628 3 8192 2.000000000 2
756 632 3 8192 2.000000000 2
756 636 3 8192 2.000000000 2
756 648 3 8192 2.000000000 2
756 664 3 8192 2.000000000 2
756 696 3 8192 2.000000000 2
756 732 3 8192 2.000000000 2
756 736 3 8192 2.000000000 2
756 744 3 8192 2.000000000 2
756 772 3 8192 2.000000000 2
756 852 3 8192 2.000000000 2
756 872 3 8192 2.000000000 2
756 876 3 8192 2.000000000 2
756 940 3 8192 2.000000000 2
756 944 3 8192 2.000000000 2
756 948 3 8192 2.000000000 2
756 956 3 8192 2.000000000 2
756 964 3 8192 2.000000000 2
756 968 3 8192 2.000000000 2
756 1000 3 8192 2.000000000 2
756 1004 3 8192 2.000000000 2
756 1036 3 8192 2.000000000 2
756 1068 3 8192 2.000000000 2
756 1084 3 8192 2.000000000 2
756 1092 3 8192 2.000000000 2
756 1096 3 8192 2.000000000 2
756 1108 3 8192 2.000000000 2
756 1132 3 8192 2.000000000 2
756 1168 3 8192 2.000000000 2
756 1192 3 8192 2.000000000 2
756 1220 3 8192 2.000000000 2
756 1236 3 8192 2.000000000 2
756 1256 3 8192 2.000000000 2
756 1264 3 8192 2.000000000 2
760 0 3 8192 2.000000000 2
760 12 3 8192 2.000000000 2
760 28 3 8192 2.000000000 2
760 32 3 8192 2.000000000 2
760 36 3 8192 2.000000000 2
760 96 3 8192 2.000000000 2
760 100 3 8192 2.000000000 2
760 104 3 8192 2.000000000 2
760 136 3 8192 2.000000000 2
760 140 3 8192 2.000000000 2
760 176 3 8192 2.000000000 2
760 208 3 8192 2.000000000 2
760 220 3 8192 2.000000000 2
760 236 3 8192 2.000000000 2
760 240 3 8192 2.000000000 2
760 252 3 8192 2.000000000 2
760 300 3 8192 2.000000000 2
760 304 3 8192 2.000000000 2
760 324 3 8192 2.000000000 2
760 336 3 8192 2.000000000 2
760 380 3 8192 2.000000000 2
760 400 3 8192 2.000000000 2
760 408 3 8192 2.000000000 2
760 456 3 8192 2.000000000 2
760 464 3 8192 2.000000000 2
760 496 3 8192 2.000000000 2
760 508 3 8192 2.000000000 2
760 532 3 8192 2.000000000 2
760 536 3 8192 2.000000000 2
760 544 3 8192 2.000000000 2
760 564 3 8192 2.000000000 2
760 572 3 8192 2.000000000 2
760 592 3 8192 2.000000000 2
760 596 3 8192 2.000000000 2
760 652 3 8192 2.000000000 2
760 684 3 8192 2.000000000 2
760 752 3 8192 2.000000000 2
760 756 3 8192 2.000000000 2
760 824 3 8192 2.000000000 2
760 852 3 8192 2.000000000 2
760 892 3 8192 2.000000000 2
760 908 3 8192 2.000000000 2
760 940 3 8192 2.000000000 2
760 976 3 8192 2.000000000 2
760 980 3 8192 2.000000000 2
760 988 3 8192 2.000000000 2
760 1012 3 8192 2.000000000 2
760 1020 3 8192 2.000000000 2
760 1028 3 8192 2.000000000 2
760 1044 3 8192 2.000000000 2
760 1116 3 8192 2.000000000 2
760 1128 3 8192 2.000000000 2
760 1132 3 8192 2.000000000 2
760 1144 3 8192 2.000000000 2
760 1148 3 8192 2.000000000 2
760 1156 3 8192 2.000000000 2
760 1160 3 8192 2.000000000 2
760 1164 3 8192 2.000000000 2
760 1176 3 8192 2.000000000 2
760 1180 3 8192 2.000000000 2
760 1184 3 8192 2.000000000 2
760 1212 3 8192 2.000000000 2
760 1248 3 8192 2.000000000 2
760 1260 3 8192 2.000000000 2
764 0 3 8192 2.000000000 2
764 44 3 8192 2.000000000 2
764 56 3 8192 2.000000000 2
764 76 3 8192 2.000000000 2
764 88 3 8192 2.000000000 2
764 100 3 8192 2.000000000 2
764 108 3 8192 2.000000000 2
764 208 3 8192 2.000000000 2
764 212 3 8192 2.000000000 2
764 216 3 8192 2.000000000 2
764 228 3 8192 2.000000000 2
764 264 3 8192 2.000000000 2
764 304 3 8192 2.000000000 2
764 308 3 8192 2.000000000 2
764 328 3 8192 2.000000000 2
764 336 3 8192 2.000000000 2
764 340 3 8192 2.000000000 2
764 360 3 8192 2.000000000 2
764 372 3 8192 2.000000000 2
764 456 3 8192 2.000000000 2
764 460 3 8192 2.000000000 2
764 472 3 8192 2.000000000 2
764 484 3 8192 2.000000000 2
764 492 3 8192 2.000000000 2
764 544 3 8192 2.000000000 2
764 552 3 8192 2.000000000 2
764 624 3 8192 2.000000000 2
764 632 3 8192 2.000000000 2
764 644 3 8192 2.000000000 2
764 656 3 8192 2.000000000 2
764 660 3 8192 2.000000000 2
764 712 3 8192 2.000000000 2
764 752 3 8192 2.000000000 2
764 756 3 8192 2.000000000 2
764 760 3 8192 2.000000000 2
764 772 3 8192 2.000000000 2
764 792 3 8192 2.000000000 2
764 864 3 8192 2.000000000 2
764 888 3 8192 2.000000000 2
764 892 3 8192 2.000000000 2
764 904 3 8192 2.000000000 2
764 916 3 8192 2.000000000 2
764 932 3 8192 2.000000000 2
764 944 3 8192 2.000000000 2
764 948 3 8192 2.000000000 2
764 968 3 8192 2.000000000 2
764 980 3 8192 2.000000000 2
764 988 3 8192 2.000000000 2
764 1004 3 8192 2.000000000 2
764 1020 3 8192 2.000000000 2
764 1028 3 8192 2.000000000 2
764 1032 3 8192 2.000000000 2
764 1060 3 8192 2.000000000 2
764 1076 3 8192 2.000000000 2
764 1084 3 8192 2.000000000 2
764 1116 3 8192 2.000000000 2
764 1148 3 8192 2.000000000 2
764 1172 3 8192 2.000000000 2
764 1180 3 8192 2.000000000 2
764 1192 3 8192 2.000000000 2
764 1232 3 8192 2.000000000 2
764 1256 3 8192 2.000000000 2
764 1264 3 8192 2.000000000 2
764 1268 3 8192 2.000000000 2
768 8 3 8192 2.000000000 2
768 12 3 8192 2.000000000 2
768 20 3 8192 2.000000000 2
768 56 3 8192 2.000000000 2
768 68 3 8192 2.000000000 2
768 88 3 8192 2.000000000 2
768 112 3 8192 2.000000000 2
768 176 3 8192 2.000000000 2
768 180 3 8192 2.000000000 2
768 228 3 8192 2.000000000 2
768 240 3 8192 2.000000000 2
768 248 3 8192 2.000000000 2
768 252 3 8192 2.000000000 2
768 256 3 8192 2.000000000 2
768 264 3 8192 2.000000000 2
768 316 3 8192 2.000000000 2
768 332 3 8192 2.000000000 2
768 336 3 8192 2.000000000 2
768 348 3 8192 2.000000000 2
768 388 3 8192 2.000000000 2
768 396 3 8192 2.000000000 2
768 432 3 8192 2.000000000 2
768 456 3 8192 2.000000000 2
768 488 3 8192 2.000000000 2
768 504 3 8192 2.000000000 2
768 508 3 8192 2.000000000 2
768 516 3 8192 2.000000000 2
768 536 3 8192 2.000000000 2
768 564 3 8192 2.000000000 2
768 568 3 8192 2.000000000 2
768 612 3 8192 2.000000000 2
768 624 3 8192 2.000000000 2
768 656 3 8192 2.000000000 2
768 668 3 8192 2.000000000 2
768 688 3 8192 2.000000000 2
768 692 3 8192 2.000000000 2
768 700 3 8192 2.000000000 2
768 744 3 8192 2.000000000 2
768 772 3 8192 2.000000000 2
768 808 3 8192 2.000000000 2
768 824 3 8192 2.000000000 2
768 836 3 8192 2.000000000 2
768 844 3 8192 2.000000000 2
768 876 3 8192 2.000000000 2
768 884 3 8192 2.000000000 2
768 916 3 8192 2.000000000 2
768 924 3 8192 2.000000000 2
768 944 3 8192 2.000000000 2
768 956 3 8192 2.000000000 2
768 960 3 8192 2.000000000 2
768 1020 3 8192 2.000000000 2
768 1028 3 8192 2.000000000 2
768 1044 3 8192 2.000000000 2
768 1052 3 8192 2.000000000 2
768 1092 3 8192 2.000000000 2
768 1120 3 8192 2.000000000 2
768 1124 3 8192 2.000000000 2
768 1160 3 8192 2.000000000 2
768 1168 3 8192 2.000000000 2
768 1184 3 8192 2.000000000 2
768 1212 3 8192 2.000000000 2
768 1224 3 8192 2.000000000 2
768 1248 3 8192 2.000000000 2
768 1256 3 8192 2.000000000 2
772 8 3 8192 2.000000000 2
772 20 3 8192 2.000000000 2
772 32 3 8192 2.000000000 2
772 40 3 8192 2.000000000 2
772 44 3 8192 2.000000000 2
772 72 3 8192 2.000000000 2
772 108 3 8192 2.000000000 2
772 120 3 8192 2.000000000 2
772 136 3 8192 2.000000000 2
772 176 3 8192 2.000000000 2
772 180 3 8192 2.000000000 2
772 236 3 8192 2.000000000 2
772 300 3 8192 2.000000000 2
772 304 3 8192 2.000000000 2
772 312 3 8192 2.000000000 2
772 316 3 8192 2.000000000 2
772 324 3 8192 2.000000000 2
772 356 3 8192 2.000000000 2
772 388 3 8192 2.000000000 2
772 392 3 8192 2.000000000 2
772 400 3 8192 2.000000000 2
772 440 3 8192 2.000000000 2
772 472 3 8192 2.000000000 2
772 512 3 8192 2.000000000 2
772 536 3 8192 2.000000000 2
772 572 3 8192 2.000000000 2
772 636 3 8192 2.000000000 2
772 644 3 8192 2.000000000 2
772 652 3 8192 2.000000000 2
772 668 3 8192 2.000000000 2
772 672 3 8192 2.000000000 2
772 716 3 8192 2.000000000 2
772 732 3 8192 2.000000000 2
772 740 3 8192 2.000000000 2
772 752 3 8192 2.000000000 2
772 756 3 8192 2.000000000 2
772 760 3 8192 2.000000000 2
772 800 3 8192 2.000000000 2
772 836 3 8192 2.000000000 2
772 844 3 8192 2.000000000 2
772 868 3 8192 2.000000000 2
772 884 3 8192 2.000000000 2
772 892 3 8192 2.000000000 2
772 904 3 8192 2.000000000 2
772 932 3 8192 2.000000000 2
772 944 3 8192 2.000000000 2
772 956 3 8192 2.000000000 2
772 968 3 8192 2.000000000 2
772 996 3 8192 2.000000000 2
772 1008 3 8192 2.000000000 2
772 1020 3 8192 2.000000000 2
772 1052 3 8192 2.000000000 2
772 1096 3 8192 2.000000000 2
772 1124 3 8192 2.000000000 2
772 1148 3 8192 2.000000000 2
772 1156 3 8192 2.000000000 2
772 1160 3 8192 2.000000000 2
772 1200 3 8192 2.000000000 2
772 1204 3 8192 2.000000000 2
772 1212 3 8192 2.000000000 2
772 1220 3 8192 2.000000000 2
772 1232 3 8192 2.000000000 2
772 1244 3 8192 2.000000000 2
772 1260 3 8192 2.000000000 2
788 0 3 8192 2.000000000 2
788 28 3 8192 2.000000000 2
788 32 3 8192 2.000000000 2
788 40 3 8192 2.000000000 2
788 48 3 8192 2.000000000 2
788 76 3 8192 2.000000000 2
788 88 3 8192 2.000000000 2
788 100 3 8192 2.000000000 2
788 108 3 8192 2.000000000 2
788 116 3 8192 2.000000000 2
788 172 3 8192 2.000000000 2
788 184 3 8192 2.000000000 2
788 236 3 8192 2.000000000 2
788 256 3 8192 2.000000000 2
788 268 3 8192 2.000000000 2
788 292 3 8192 2.000000000 2
788 320 3 8192 2.000000000 2
788 332 3 8192 2.000000000 2
788 392 3 8192 2.000000000 2
788 396 3 8192 2.000000000 2
788 464 3 8192 2.000000000 2
788 480 3 8192 2.000000000 2
788 488 3 8192 2.000000000 2
788 504 3 8192 2.000000000 2
788 508 3 8192 2.000000000 2
788 516 3 8192 2.000000000 2
788 536 3 8192 2.000000000 2
788 576 3 8192 2.000000000 2
788 592 3 8192 2.000000000 2
788 596 3 8192 2.000000000 2
788 608 3 8192 2.000000000 2
788 624 3 8192 2.000000000 2
788 672 3 8192 2.000000000 2
788 712 3 8192 2.000000000 2
788 716 3 8192 2.000000000 2
788 756 3 8192 2.000000000 2
788 792 3 8192 2.000000000 2
788 804 3 8192 2.000000000 2
788 812 3 8192 2.000000000 2
788 852 3 8192 2.000000000 2
788 856 3 8192 2.000000000 2
788 864 3 8192 2.000000000 2
788 888 3 8192 2.000000000 2
788 904 3 8192 2.000000000 2
788 908 3 8192 2.000000000 2
788 916 3 8192 2.000000000 2
788 920 3 8192 2.000000000 2
788 924 3 8192 2.000000000 2
788 940 3 8192 2.000000000 2
788 944 3 8192 2.000000000 2
788 960 3 8192 2.000000000 2
788 968 3 8192 2.000000000 2
788 1008 3 8192 2.000000000 2
788 1028 3 8192 2.000000000 2
788 1032 3 8192 2.000000000 2
788 1040 3 8192 2.000000000 2
788 1052 3 8192 2.000000000 2
788 1076 3 8192 2.000000000 2
788 1096 3 8192 2.000000000 2
788 1124 3 8192 2.000000000 2
788 1160 3 8192 2.000000000 2
788 1168 3 8192 2.000000000 2
788 1180 3 8192 2.000000000 2
788 1184 3 8192 2.000000000 2
792 56 3 8192 2.000000000 2
792 104 3 8192 2.000000000 2
792 116 3 8192 2.000000000 2
792 140 3 8192 2.000000000 2
792 152 3 8192 2.000000000 2
792 156 3 8192 2.000000000 2
792 176 3 8192 2.000000000 2
792 208 3 8192 2.000000000 2
792 252 3 8192 2.000000000 2
792 260 3 8192 2.000000000 2
792 308 3 8192 2.000000000 2
792 328 3 8192 2.000000000 2
792 380 3 8192 2.000000000 2
792 384 3 8192 2.000000000 2
792 388 3 8192 2.000000000 2
792 396 3 8192 2.000000000 2
792 404 3 8192 2.000000000 2
792 424 3 8192 2.000000000 2
792 456 3 8192 2.000000000 2
792 476 3 8192 2.000000000 2
792 488 3 8192 2.000000000 2
792 492 3 8192 2.000000000 2
792 508 3 8192 2.000000000 2
792 516 3 8192 2.000000000 2
792 520 3 8192 2.000000000 2
792 544 3 8192 2.000000000 2
792 572 3 8192 2.000000000 2
792 576 3 8192 2.000000000 2
792 608 3 8192 2.000000000 2
792 620 3 8192 2.000000000 2
792 624 3 8192 2.000000000 2
792 640 3 8192 2.000000000 2
792 644 3 8192 2.000000000 2
792 656 3 8192 2.000000000 2
792 664 3 8192 2.000000000 2
792 680 3 8192 2.000000000 2
792 696 3 8192 2.000000000 2
792 748 3 8192 2.000000000 2
792 772 3 8192 2.000000000 2
792 800 3 8192 2.000000000 2
792 804 3 8192 2.000000000 2
792 816 3 8192 2.000000000 2
792 844 3 8192 2.000000000 2
792 876 3 8192 2.000000000 2
792 880 3 8192 2.000000000 2
792 884 3 8192 2.000000000 2
792 888 3 8192 2.000000000 2
792 892 3 8192 2.000000000 2
792 916 3 8192 2.000000000 2
792 924 3 8192 2.000000000 2
792 928 3 8192 2.000000000 2
792 960 3 8192 2.000000000 2
792 964 3 8192 2.000000000 2
792 968 3 8192 2.000000000 2
792 1008 3 8192 2.000000000 2
792 1040 3 8192 2.000000000 2
792 1076 3 8192 2.000000000 2
792 1148 3 8192 2.000000000 2
792 1168 3 8192 2.000000000 2
792 1180 3 8192 2.000000000 2
792 1192 3 8192 2.000000000 2
792 1200 3 8192 2.000000000 2
792 1216 3 8192 2.000000000 2
792 1244 3 8192 2.000000000 2
800 12 3 8192 2.000000000 2
800 32 3 8192 2.000000000 2
800 36 3 8192 2.000000000 2
800 44 3 8192 2.000000000 2
800 48 3 8192 2.000000000 2
800 72 3 8192 2.000000000 2
800 96 3 8192 2.000000000 2
800 100 3 8192 2.000000000 2
800 108 3 8192 2.000000000 2
800 112 3 8192 2.000000000 2
800 124 3 8192 2.000000000 2
800 156 3 8192 2.000000000 2
800 160 3 8192 2.000000000 2
800 192 3 8192 2.000000000 2
800 212 3 8192 2.000000000 2
800 240 3 8192 2.000000000 2
800 248 3 8192 2.000000000 2
800 252 3 8192 2.000000000 2
800 292 3 8192 2.000000000 2
800 308 3 8192 2.000000000 2
800 312 3 8192 2.000000000 2
800 336 3 8192 2.000000000 2
800 340 3 8192 2.000000000 2
800 356 3 8192 2.000000000 2
800 384 3 8192 2.000000000 2
800 396 3 8192 2.000000000 2
800 408 3 8192 2.000000000 2
800 432 3 8192 2.000000000 2
800 436 3 8192 2.000000000 2
800 440 3 8192 2.000000000 2
800 452 3 8192 2.000000000 2
800 472 3 8192 2.000000000 2
800 504 3 8192 2.000000000 2
800 508 3 8192 2.000000000 2
800 552 3 8192 2.000000000 2
800 560 3 8192 2.000000000 2
800 580 3 8192 2.000000000 2
800 600 3 8192 2.000000000 2
800 604 3 8192 2.000000000 2
800 620 3 8192 2.000000000 2
800 632 3 8192 2.000000000 2
800 652 3 8192 2.000000000 2
800 664 3 8192 2.000000000 2
800 680 3 8192 2.000000000 2
800 692 3 8192 2.000000000 2
800 720 3 8192 2.000000000 2
800 744 3 8192 2.000000000 2
800 768 3 8192 2.000000000 2
800 812 3 8192 2.000000000 2
800 844 3 8192 2.000000000 2
800 852 3 8192 2.000000000 2
800 920 3 8192 2.000000000 2
800 976 3 8192 2.000000000 2
800 992 3 8192 2.000000000 2
800 1016 3 8192 2.000000000 2
800 1032 3 8192 2.000000000 2
800 1044 3 8192 2.000000000 2
800 1060 3 8192 2.000000000 2
800 1128 3 8192 2.000000000 2
800 1176 3 8192 2.000000000 2
800 1204 3 8192 2.000000000 2
800 1220 3 8192 2.000000000 2
800 1232 3 8192 2.000000000 2
800 1248 3 8192 2.000000000 2
804 0 3 8192 2.000000000 2
804 4 3 8192 2.000000000 2
804 20 3 8192 2.000000000 2
804 36 3 8192 2.000000000 2
804 44 3 8192 2.000000000 2
804 56 3 8192 2.000000000 2
804 88 3 8192 2.000000000 2
804 120 3 8192 2.000000000 2
804 140 3 8192 2.000000000 2
804 156 3 8192 2.000000000 2
804 200 3 8192 2.000000000 2
804 248 3 8192 2.000000000 2
804 252 3 8192 2.000000000 2
804 256 3 8192 2.000000000 2
804 288 3 8192 2.000000000 2
804 316 3 8192 2.000000000 2
804 340 3 8192 2.000000000 2
804 380 3 8192 2.000000000 2
804 384 3 8192 2.000000000 2
804 388 3 8192 2.000000000 2
804 400 3 8192 2.000000000 2
804 408 3 8192 2.000000000 2
804 424 3 8192 2.000000000 2
804 452 3 8192 2.000000000 2
804 456 3 8192 2.000000000 2
804 488 3 8192 2.000000000 2
804 500 3 8192 2.000000000 2
804 504 3 8192 2.000000000 2
804 508 3 8192 2.000000000 2
804 516 3 8192 2.000000000 2
804 532 3 8192 2.000000000 2
804 540 3 8192 2.000000000 2
804 564 3 8192 2.000000000 2
804 608 3 8192 2.000000000 2
804 620 3 8192 2.000000000 2
804 628 3 8192 2.000000000 2
804 632 3 8192 2.000000000 2
804 668 3 8192 2.000000000 2
804 684 3 8192 2.000000000 2
804 688 3 8192 2.000000000 2
804 708 3 8192 2.000000000 2
804 756 3 8192 2.000000000 2
804 760 3 8192 2.000000000 2
804 764 3 8192 2.000000000 2
804 836 3 8192 2.000000000 2
804 852 3 8192 2.000000000 2
804 868 3 8192 2.000000000 2
804 884 3 8192 2.000000000 2
804 892 3 8192 2.000000000 2
804 904 3 8192 2.000000000 2
804 916 3 8192 2.000000000 2
804 920 3 8192 2.000000000 2
804 940 3 8192 2.000000000 2
804 976 3 8192 2.000000000 2
804 992 3 8192 2.000000000 2
804 996 3 8192 2.000000000 2
804 1008 3 8192 2.000000000 2
804 1036 3 8192 2.000000000 2
804 1068 3 8192 2.000000000 2
804 1076 3 8192 2.000000000 2
804 1092 3 8192 2.000000000 2
804 1096 3 8192 2.000000000 2
804 1172 3 8192 2.000000000 2
804 1176 3 8192 2.000000000 2
808 4 3 8192 2.000000000 2
808 12 3 8192 2.000000000 2
808 44 3 8192 2.000000000 2
808 56 3 8192 2.000000000 2
808 76 3 8192 2.000000000 2
808 80 3 8192 2.000000000 2
808 108 3 8192 2.000000000 2
808 120 3 8192 2.000000000 2
808 136 3 8192 2.000000000 2
808 152 3 8192 2.000000000 2
808 160 3 8192 2.000000000 2
808 172 3 8192 2.000000000 2
808 192 3 8192 2.000000000 2
808 200 3 8192 2.000000000 2
808 208 3 8192 2.000000000 2
808 212 3 8192 2.000000000 2
808 292 3 8192 2.000000000 2
808 328 3 8192 2.000000000 2
808 344 3 8192 2.000000000 2
808 360 3 8192 2.000000000 2
808 392 3 8192 2.000000000 2
808 436 3 8192 2.000000000 2
808 484 3 8192 2.000000000 2
808 496 3 8192 2.000000000 2
808 504 3 8192 2.000000000 2
808 520 3 8192 2.000000000 2
808 564 3 8192 2.000000000 2
808 580 3 8192 2.000000000 2
808 616 3 8192 2.000000000 2
808 620 3 8192 2.000000000 2
808 632 3 8192 2.000000000 2
808 648 3 8192 2.000000000 2
808 652 3 8192 2.000000000 2
808 664 3 8192 2.000000000 2
808 708 3 8192 2.000000000 2
808 716 3 8192 2.000000000 2
808 720 3 8192 2.000000000 2
808 740 3 8192 2.000000000 2
808 744 3 8192 2.000000000 2
808 764 3 8192 2.000000000 2
808 768 3 8192 2.000000000 2
808 772 3 8192 2.000000000 2
808 792 3 8192 2.000000000 2
808 812 3 8192 2.000000000 2
808 816 3 8192 2.000000000 2
808 824 3 8192 2.000000000 2
808 844 3 8192 2.000000000 2
808 848 3 8192 2.000000000 2
808 852 3 8192 2.000000000 2
808 884 3 8192 2.000000000 2
808 904 3 8192 2.000000000 2
808 912 3 8192 2.000000000 2
808 1020 3 8192 2.000000000 2
808 1024 3 8192 2.000000000 2
808 1044 3 8192 2.000000000 2
808 1084 3 8192 2.000000000 2
808 1144 3 8192 2.000000000 2
808 1184 3 8192 2.000000000 2
808 1220 3 8192 2.000000000 2
808 1224 3 8192 2.000000000 2
808 1232 3 8192 2.000000000 2
808 1236 3 8192 2.000000000 2
808 1260 3 8192 2.000000000 2
808 1264 3 8192 2.000000000 2
812 36 3 8192 2.000000000 2
812 44 3 8192 2.000000000 2
812 88 3 8192 2.000000000 2
812 96 3 8192 2.000000000 2
812 112 3 8192 2.000000000 2
812 136 3 8192 2.000000000 2
812 156 3 8192 2.000000000 2
812 160 3 8192 2.000000000 2
812 168 3 8192 2.000000000 2
812 216 3 8192 2.000000000 2
812 284 3 8192 2.000000000 2
812 288 3 8192 2.000000000 2
812 300 3 8192 2.000000000 2
812 308 3 8192 2.000000000 2
812 312 3 8192 2.000000000 2
812 340 3 8192 2.000000000 2
812 348 3 8192 2.000000000 2
812 360 3 8192 2.000000000 2
812 384 3 8192 2.000000000 2
812 388 3 8192 2.000000000 2
812 400 3 8192 2.000000000 2
812 408 3 8192 2.000000000 2
812 424 3 8192 2.000000000 2
812 440 3 8192 2.000000000 2
812 452 3 8192 2.000000000 2
812 468 3 8192 2.000000000 2
812 472 3 8192 2.000000000 2
812 516 3 8192 2.000000000 2
812 520 3 8192 2.000000000 2
812 532 3 8192 2.000000000 2
812 540 3 8192 2.000000000 2
812 568 3 8192 2.000000000 2
812 572 3 8192 2.000000000 2
812 636 3 8192 2.000000000 2
812 660 3 8192 2.000000000 2
812 664 3 8192 2.000000000 2
812 672 3 8192 2.000000000 2
812 692 3 8192 2.000000000 2
812 700 3 8192 2.000000000 2
812 732 3 8192 2.000000000 2
812 744 3 8192 2.000000000 2
812 756 3 8192 2.000000000 2
812 804 3 8192 2.000000000 2
812 816 3 8192 2.000000000 2
812 828 3 8192 2.000000000 2
812 868 3 8192 2.000000000 2
812 916 3 8192 2.000000000 2
812 928 3 8192 2.000000000 2
812 940 3 8192 2.000000000 2
812 964 3 8192 2.000000000 2
812 976 3 8192 2.000000000 2
812 1000 3 8192 2.000000000 2
812 1008 3 8192 2.000000000 2
812 1016 3 8192 2.000000000 2
812 1028 3 8192 2.000000000 2
812 1040 3 8192 2.000000000 2
812 1052 3 8192 2.000000000 2
812 1092 3 8192 2.000000000 2
812 1156 3 8192 2.000000000 2
812 1172 3 8192 2.000000000 2
812 1192 3 8192 2.000000000 2
812 1232 3 8192 2.000000000 2
812 1264 3 8192 2.000000000 2
812 1268 3 8192 2.000000000 2
816 0 3 8192 2.000000000 2
816 76 3 8192 2.000000000 2
816 92 3 8192 2.000000000 2
816 112 3 8192 2.000000000 2
816 116 3 8192 2.000000000 2
816 124 3 8192 2.000000000 2
816 136 3 8192 2.000000000 2
816 208 3 8192 2.000000000 2
816 220 3 8192 2.000000000 2
816 240 3 8192 2.000000000 2
816 260 3 8192 2.000000000 2
816 268 3 8192 2.000000000 2
816 372 3 8192 2.000000000 2
816 388 3 8192 2.000000000 2
816 392 3 8192 2.000000000 2
816 400 3 8192 2.000000000 2
816 408 3 8192 2.000000000 2
816 424 3 8192 2.000000000 2
816 432 3 8192 2.000000000 2
816 456 3 8192 2.000000000 2
816 488 3 8192 2.000000000 2
816 500 3 8192 2.000000000 2
816 520 3 8192 2.000000000 2
816 524 3 8192 2.000000000 2
816 532 3 8192 2.000000000 2
816 572 3 8192 2.000000000 2
816 644 3 8192 2.000000000 2
816 664 3 8192 2.000000000 2
816 692 3 8192 2.000000000 2
816 716 3 8192 2.000000000 2
816 732 3 8192 2.000000000 2
816 768 3 8192 2.000000000 2
816 800 3 8192 2.000000000 2
816 828 3 8192 2.000000000 2
816 836 3 8192 2.000000000 2
816 868 3 8192 2.000000000 2
816 872 3 8192 2.000000000 2
816 908 3 8192 2.000000000 2
816 916 3 8192 2.000000000 2
816 924 3 8192 2.000000000 2
816 944 3 8192 2.000000000 2
816 960 3 8192 2.000000000 2
816 964 3 8192 2.000000000 2
816 980 3 8192 2.000000000 2
816 1000 3 8192 2.000000000 2
816 1012 3 8192 2.000000000 2
816 1020 3 8192 2.000000000 2
816 1032 3 8192 2.000000000 2
816 1040 3 8192 2.000000000 2
816 1092 3 8192 2.000000000 2
816 1096 3 8192 2.000000000 2
816 1108 3 8192 2.000000000 2
816 1124 3 8192 2.000000000 2
816 1132 3 8192 2.000000000 2
816 1164 3 8192 2.000000000 2
816 1168 3 8192 2.000000000 2
816 1176 3 8192 2.000000000 2
816 1192 3 8192 2.000000000 2
816 1200 3 8192 2.000000000 2
816 1208 3 8192 2.000000000 2
816 1212 3 8192 2.000000000 2
816 1224 3 8192 2.000000000 2
816 1236 3 8192 2.000000000 2
816 1264 3 8192 2.000000000 2
824 4 3 8192 2.000000000 2
824 8 3 8192 2.000000000 2
824 12 3 8192 2.000000000 2
824 40 3 8192 2.000000000 2
824 44 3 8192 2.000000000 2
824 116 3 8192 2.000000000 2
824 120 3 8192 2.000000000 2
824 124 3 8192 2.000000000 2
824 140 3 8192 2.000000000 2
824 192 3 8192 2.000000000 2
824 208 3 8192 2.000000000 2
824 212 3 8192 2.000000000 2
824 228 3 8192 2.000000000 2
824 248 3 8192 2.000000000 2
824 256 3 8192 2.000000000 2
824 284 3 8192 2.000000000 2
824 304 3 8192 2.000000000 2
824 328 3 8192 2.000000000 2
824 332 3 8192 2.000000000 2
824 336 3 8192 2.000000000 2
824 344 3 8192 2.000000000 2
824 372 3 8192 2.000000000 2
824 380 3 8192 2.000000000 2
824 392 3 8192 2.000000000 2
824 424 3 8192 2.000000000 2
824 452 3 8192 2.000000000 2
824 464 3 8192 2.000000000 2
824 484 3 8192 2.000000000 2
824 488 3 8192 2.000000000 2
824 504 3 8192 2.000000000 2
824 508 3 8192 2.000000000 2
824 524 3 8192 2.000000000 2
824 536 3 8192 2.000000000 2
824 572 3 8192 2.000000000 2
824 612 3 8192 2.000000000 2
824 644 3 8192 2.000000000 2
824 708 3 8192 2.000000000 2
824 732 3 8192 2.000000000 2
824 808 3 8192 2.000000000 2
824 840 3 8192 2.000000000 2
824 868 3 8192 2.000000000 2
824 872 3 8192 2.000000000 2
824 884 3 8192 2.000000000 2
824 920 3 8192 2.000000000 2
824 968 3 8192 2.000000000 2
824 1016 3 8192 2.000000000 2
824 1020 3 8192 2.000000000 2
824 1028 3 8192 2.000000000 2
824 1044 3 8192 2.000000000 2
824 1052 3 8192 2.000000000 2
824 1064 3 8192 2.000000000 2
824 1100 3 8192 2.000000000 2
824 1116 3 8192 2.000000000 2
824 1128 3 8192 2.000000000 2
824 1132 3 8192 2.000000000 2
824 1144 3 8192 2.000000000 2
824 1160 3 8192 2.000000000 2
824 1180 3 8192 2.000000000 2
824 1192 3 8192 2.000000000 2
824 1216 3 8192 2.000000000 2
824 1244 3 8192 2.000000000 2
824 1248 3 8192 2.000000000 2
824 1260 3 8192 2.000000000 2
824 1264 3 8192 2.000000000 2
828 0 3 8192 2.000000000 2
828 20 3 8192 2.000000000 2
828 40 3 8192 2.000000000 2
828 100 3 8192 2.000000000 2
828 156 3 8192 2.000000000 2
828 160 3 8192 2.000000000 2
828 180 3 8192 2.000000000 2
828 192 3 8192 2.000000000 2
828 208 3 8192 2.000000000 2
828 212 3 8192 2.000000000 2
828 216 3 8192 2.000000000 2
828 252 3 8192 2.000000000 2
828 300 3 8192 2.000000000 2
828 312 3 8192 2.000000000 2
828 360 3 8192 2.000000000 2
828 408 3 8192 2.000000000 2
828 424 3 8192 2.000000000 2
828 464 3 8192 2.000000000 2
828 472 3 8192 2.000000000 2
828 476 3 8192 2.000000000 2
828 524 3 8192 2.000000000 2
828 532 3 8192 2.000000000 2
828 536 3 8192 2.000000000 2
828 560 3 8192 2.000000000 2
828 588 3 8192 2.000000000 2
828 612 3 8192 2.000000000 2
828 628 3 8192 2.000000000 2
828 660 3 8192 2.000000000 2
828 664 3 8192 2.000000000 2
828 668 3 8192 2.000000000 2
828 680 3 8192 2.000000000 2
828 688 3 8192 2.000000000 2
828 692 3 8192 2.000000000 2
828 696 3 8192 2.000000000 2
828 708 3 8192 2.000000000 2
828 712 3 8192 2.000000000 2
828 720 3 8192 2.000000000 2
828 744 3 8192 2.000000000 2
828 748 3 8192 2.000000000 2
828 760 3 8192 2.000000000 2
828 768 3 8192 2.000000000 2
828 788 3 8192 2.000000000 2
828 836 3 8192 2.000000000 2
828 872 3 8192 2.000000000 2
828 884 3 8192 2.000000000 2
828 888 3 8192 2.000000000 2
828 892 3 8192 2.000000000 2
828 912 3 8192 2.000000000 2
828 948 3 8192 2.000000000 2
828 1016 3 8192 2.000000000 2
828 1020 3 8192 2.000000000 2
828 1024 3 8192 2.000000000 2
828 1028 3 8192 2.000000000 2
828 1032 3 8192 2.000000000 2
828 1040 3 8192 2.000000000 2
828 1084 3 8192 2.000000000 2
828 1128 3 8192 2.000000000 2
828 1132 3 8192 2.000000000 2
828 1160 3 8192 2.000000000 2
828 1180 3 8192 2.000000000 2
828 1192 3 8192 2.000000000 2
828 1204 3 8192 2.000000000 2
828 1216 3 8192 2.000000000 2
828 1224 3 8192 2.000000000 2
836 0 3 8192 2.000000000 2
836 20 3 8192 2.000000000 2
836 44 3 8192 2.000000000 2
836 48 3 8192 2.000000000 2
836 56 3 8192 2.000000000 2
836 76 3 8192 2.000000000 2
836 88 3 8192 2.000000000 2
836 92 3 8192 2.000000000 2
836 104 3 8192 2.000000000 2
836 112 3 8192 2.000000000 2
836 184 3 8192 2.000000000 2
836 228 3 8192 2.000000000 2
836 248 3 8192 2.000000000 2
836 292 3 8192 2.000000000 2
836 304 3 8192 2.000000000 2
836 316 3 8192 2.000000000 2
836 360 3 8192 2.000000000 2
836 388 3 8192 2.000000000 2
836 404 3 8192 2.000000000 2
836 408 3 8192 2.000000000 2
836 424 3 8192 2.000000000 2
836 464 3 8192 2.000000000 2
836 484 3 8192 2.000000000 2
836 496 3 8192 2.000000000 2
836 532 3 8192 2.000000000 2
836 564 3 8192 2.000000000 2
836 572 3 8192 2.000000000 2
836 588 3 8192 2.000000000 2
836 624 3 8192 2.000000000 2
836 664 3 8192 2.000000000 2
836 672 3 8192 2.000000000 2
836 716 3 8192 2.000000000 2
836 752 3 8192 2.000000000 2
836 768 3 8192 2.000000000 2
836 792 3 8192 2.000000000 2
836 808 3 8192 2.000000000 2
836 864 3 8192 2.000000000 2
836 900 3 8192 2.000000000 2
836 908 3 8192 2.000000000 2
836 924 3 8192 2.000000000 2
836 932 3 8192 2.000000000 2
836 948 3 8192 2.000000000 2
836 980 3 8192 2.000000000 2
836 996 3 8192 2.000000000 2
836 1004 3 8192 2.000000000 2
836 1008 3 8192 2.000000000 2
836 1036 3 8192 2.000000000 2
836 1052 3 8192 2.000000000 2
836 1076 3 8192 2.000000000 2
836 1116 3 8192 2.000000000 2
836 1120 3 8192 2.000000000 2
836 1160 3 8192 2.000000000 2
836 1172 3 8192 2.000000000 2
836 1180 3 8192 2.000000000 2
836 1192 3 8192 2.000000000 2
836 1200 3 8192 2.000000000 2
836 1204 3 8192 2.000000000 2
836 1212 3 8192 2.000000000 2
836 1216 3 8192 2.000000000 2
836 1220 3 8192 2.000000000 2
836 1244 3 8192 2.000000000 2
836 1248 3 8192 2.000000000 2
836 1256 3 8192 2.000000000 2
836 1260 3 8192 2.000000000 2
840 48 3 8192 2.000000000 2
840 56 3 8192 2.000000000 2
840 76 3 8192 2.000000000 2
840 80 3 8192 2.000000000 2
840 132 3 8192 2.000000000 2
840 192 3 8192 2.000000000 2
840 208 3 8192 2.000000000 2
840 228 3 8192 2.000000000 2
840 252 3 8192 2.000000000 2
840 260 3 8192 2.000000000 2
840 264 3 8192 2.000000000 2
840 284 3 8192 2.000000000 2
840 292 3 8192 2.000000000 2
840 300 3 8192 2.000000000 2
840 304 3 8192 2.000000000 2
840 316 3 8192 2.000000000 2
840 336 3 8192 2.000000000 2
840 340 3 8192 2.000000000 2
840 348 3 8192 2.000000000 2
840 356 3 8192 2.000000000 2
840 360 3 8192 2.000000000 2
840 372 3 8192 2.000000000 2
840 384 3 8192 2.000000000 2
840 436 3 8192 2.000000000 2
840 456 3 8192 2.000000000 2
840 500 3 8192 2.000000000 2
840 516 3 8192 2.000000000 2
840 588 3 8192 2.000000000 2
840 596 3 8192 2.000000000 2
840 608 3 8192 2.000000000 2
840 612 3 8192 2.000000000 2
840 624 3 8192 2.000000000 2
840 648 3 8192 2.000000000 2
840 652 3 8192 2.000000000 2
840 660 3 8192 2.000000000 2
840 700 3 8192 2.000000000 2
840 716 3 8192 2.000000000 2
840 736 3 8192 2.000000000 2
840 752 3 8192 2.000000000 2
840 764 3 8192 2.000000000 2
840 804 3 8192 2.000000000 2
840 808 3 8192 2.000000000 2
840 812 3 8192 2.000000000 2
840 852 3 8192 2.000000000 2
840 872 3 8192 2.000000000 2
840 916 3 8192 2.000000000 2
840 920 3 8192 2.000000000 2
840 924 3 8192 2.000000000 2
840 928 3 8192 2.000000000 2
840 944 3 8192 2.000000000 2
840 976 3 8192 2.000000000 2
840 980 3 8192 2.000000000 2
840 1028 3 8192 2.000000000 2
840 1052 3 8192 2.000000000 2
840 1108 3 8192 2.000000000 2
840 1124 3 8192 2.000000000 2
840 1168 3 8192 2.000000000 2
840 1216 3 8192 2.000000000 2
840 1220 3 8192 2.000000000 2
840 1224 3 8192 2.000000000 2
840 1232 3 8192 2.000000000 2
840 1236 3 8192 2.000000000 2
840 1244 3 8192 2.000000000 2
840 1264 3 8192 2.000000000 2
844 28 3 8192 2.000000000 2
844 76 3 8192 2.000000000 2
844 104 3 8192 2.000000000 2
844 116 3 8192 2.000000000 2
844 120 3 8192 2.000000000 2
844 124 3 8192 2.000000000 2
844 152 3 8192 2.000000000 2
844 168 3 8192 2.000000000 2
844 176 3 8192 2.000000000 2
844 212 3 8192 2.000000000 2
844 236 3 8192 2.000000000 2
844 240 3 8192 2.000000000 2
844 252 3 8192 2.000000000 2
844 260 3 8192 2.000000000 2
844 288 3 8192 2.000000000 2
844 312 3 8192 2.000000000 2
844 320 3 8192 2.000000000 2
844 332 3 8192 2.000000000 2
844 344 3 8192 2.000000000 2
844 356 3 8192 2.000000000 2
844 368 3 8192 2.000000000 2
844 384 3 8192 2.000000000 2
844 400 3 8192 2.000000000 2
844 432 3 8192 2.000000000 2
844 436 3 8192 2.000000000 2
844 452 3 8192 2.000000000 2
844 512 3 8192 2.000000000 2
844 568 3 8192 2.000000000 2
844 592 3 8192 2.000000000 2
844 604 3 8192 2.000000000 2
844 632 3 8192 2.000000000 2
844 636 3 8192 2.000000000 2
844 644 3 8192 2.000000000 2
844 656 3 8192 2.000000000 2
844 660 3 8192 2.000000000 2
844 688 3 8192 2.000000000 2
844 704 3 8192 2.000000000 2
844 720 3 8192 2.000000000 2
844 736 3 8192 2.000000000 2
844 740 3 8192 2.000000000 2
844 764 3 8192 2.000000000 2
844 788 3 8192 2.000000000 2
844 888 3 8192 2.000000000 2
844 916 3 8192 2.000000000 2
844 948 3 8192 2.000000000 2
844 964 3 8192 2.000000000 2
844 980 3 8192 2.000000000 2
844 1000 3 8192 2.000000000 2
844 1024 3 8192 2.000000000 2
844 1044 3 8192 2.000000000 2
844 1052 3 8192 2.000000000 2
844 1064 3 8192 2.000000000 2
844 1092 3 8192 2.000000000 2
844 1100 3 8192 2.000000000 2
844 1108 3 8192 2.000000000 2
844 1132 3 8192 2.000000000 2
844 1204 3 8192 2.000000000 2
844 1208 3 8192 2.000000000 2
844 1212 3 8192 2.000000000 2
844 1220 3 8192 2.000000000 2
844 1236 3 8192 2.000000000 2
844 1248 3 8192 2.000000000 2
844 1256 3 8192 2.000000000 2
844 1264 3 8192 2.000000000 2
848 8 3 8192 2.000000000 2
848 32 3 8192 2.000000000 2
848 44 3 8192 2.000000000 2
848 48 3 8192 2.000000000 2
848 68 3 8192 2.000000000 2
848 76 3 8192 2.000000000 2
848 88 3 8192 2.000000000 2
848 92 3 8192 2.000000000 2
848 100 3 8192 2.000000000 2
848 116 3 8192 2.000000000 2
848 124 3 8192 2.000000000 2
848 176 3 8192 2.000000000 2
848 212 3 8192 2.000000000 2
848 248 3 8192 2.000000000 2
848 284 3 8192 2.000000000 2
848 288 3 8192 2.000000000 2
848 324 3 8192 2.000000000 2
848 328 3 8192 2.000000000 2
848 368 3 8192 2.000000000 2
848 400 3 8192 2.000000000 2
848 440 3 8192 2.000000000 2
848 460 3 8192 2.000000000 2
848 512 3 8192 2.000000000 2
848 520 3 8192 2.000000000 2
848 532 3 8192 2.000000000 2
848 536 3 8192 2.000000000 2
848 540 3 8192 2.000000000 2
848 560 3 8192 2.000000000 2
848 584 3 8192 2.000000000 2
848 616 3 8192 2.000000000 2
848 624 3 8192 2.000000000 2
848 656 3 8192 2.000000000 2
848 664 3 8192 2.000000000 2
848 672 3 8192 2.000000000 2
848 684 3 8192 2.000000000 2
848 692 3 8192 2.000000000 2
848 696 3 8192 2.000000000 2
848 752 3 8192 2.000000000 2
848 760 3 8192 2.000000000 2
848 792 3 8192 2.000000000 2
848 800 3 8192 2.000000000 2
848 824 3 8192 2.000000000 2
848 868 3 8192 2.000000000 2
848 884 3 8192 2.000000000 2
848 912 3 8192 2.000000000 2
848 920 3 8192 2.000000000 2
848 940 3 8192 2.000000000 2
848 988 3 8192 2.000000000 2
848 1016 3 8192 2.000000000 2
848 1068 3 8192 2.000000000 2
848 1092 3 8192 2.000000000 2
848 1100 3 8192 2.000000000 2
848 1124 3 8192 2.000000000 2
848 1128 3 8192 2.000000000 2
848 1144 3 8192 2.000000000 2
848 1156 3 8192 2.000000000 2
848 1168 3 8192 2.000000000 2
848 1200 3 8192 2.000000000 2
848 1204 3 8192 2.000000000 2
848 1208 3 8192 2.000000000 2
848 1212 3 8192 2.000000000 2
848 1232 3 8192 2.000000000 2
848 1248 3 8192 2.000000000 2
848 1264 3 8192 2.000000000 2
852 20 3 8192 2.000000000 2
852 44 3 8192 2.000000000 2
852 68 3 8192 2.000000000 2
852 76 3 8192 2.000000000 2
852 104 3 8192 2.000000000 2
852 112 3 8192 2.000000000 2
852 160 3 8192 2.000000000 2
852 248 3 8192 2.000000000 2
852 264 3 8192 2.000000000 2
852 288 3 8192 2.000000000 2
852 304 3 8192 2.000000000 2
852 320 3 8192 2.000000000 2
852 324 3 8192 2.000000000 2
852 328 3 8192 2.000000000 2
852 344 3 8192 2.000000000 2
852 368 3 8192 2.000000000 2
852 396 3 8192 2.000000000 2
852 404 3 8192 2.000000000 2
852 408 3 8192 2.000000000 2
852 440 3 8192 2.000000000 2
852 460 3 8192 2.000000000 2
852 472 3 8192 2.000000000 2
852 476 3 8192 2.000000000 2
852 500 3 8192 2.000000000 2
852 520 3 8192 2.000000000 2
852 568 3 8192 2.000000000 2
852 572 3 8192 2.000000000 2
852 576 3 8192 2.000000000 2
852 588 3 8192 2.000000000 2
852 596 3 8192 2.000000000 2
852 612 3 8192 2.000000000 2
852 616 3 8192 2.000000000 2
852 620 3 8192 2.000000000 2
852 624 3 8192 2.000000000 2
852 632 3 8192 2.000000000 2
852 668 3 8192 2.000000000 2
852 684 3 8192 2.000000000 2
852 696 3 8192 2.000000000 2
852 736 3 8192 2.000000000 2
852 760 3 8192 2.000000000 2
852 764 3 8192 2.000000000 2
852 768 3 8192 2.000000000 2
852 804 3 8192 2.000000000 2
852 816 3 8192 2.000000000 2
852 836 3 8192 2.000000000 2
852 840 3 8192 2.000000000 2
852 856 3 8192 2.000000000 2
852 868 3 8192 2.000000000 2
852 872 3 8192 2.000000000 2
852 948 3 8192 2.000000000 2
852 960 3 8192 2.000000000 2
852 988 3 8192 2.000000000 2
852 992 3 8192 2.000000000 2
852 1036 3 8192 2.000000000 2
852 1040 3 8192 2.000000000 2
852 1068 3 8192 2.000000000 2
852 1120 3 8192 2.000000000 2
852 1128 3 8192 2.000000000 2
852 1160 3 8192 2.000000000 2
852 1192 3 8192 2.000000000 2
852 1224 3 8192 2.000000000 2
852 1236 3 8192 2.000000000 2
852 1244 3 8192 2.000000000 2
852 1248 3 8192 2.000000000 2
856 0 3 8192 2.000000000 2
856 44 3 8192 2.000000000 2
856 48 3 8192 2.000000000 2
856 88 3 8192 2.000000000 2
856 100 3 8192 2.000000000 2
856 104 3 8192 2.000000000 2
856 160 3 8192 2.000000000 2
856 172 3 8192 2.000000000 2
856 176 3 8192 2.000000000 2
856 184 3 8192 2.000000000 2
856 212 3 8192 2.000000000 2
856 248 3 8192 2.000000000 2
856 284 3 8192 2.000000000 2
856 304 3 8192 2.000000000 2
856 308 3 8192 2.000000000 2
856 312 3 8192 2.000000000 2
856 336 3 8192 2.000000000 2
856 360 3 8192 2.000000000 2
856 368 3 8192 2.000000000 2
856 436 3 8192 2.000000000 2
856 440 3 8192 2.000000000 2
856 460 3 8192 2.000000000 2
856 464 3 8192 2.000000000 2
856 504 3 8192 2.000000000 2
856 516 3 8192 2.000000000 2
856 536 3 8192 2.000000000 2
856 544 3 8192 2.000000000 2
856 552 3 8192 2.000000000 2
856 564 3 8192 2.000000000 2
856 580 3 8192 2.000000000 2
856 588 3 8192 2.000000000 2
856 596 3 8192 2.000000000 2
856 600 3 8192 2.000000000 2
856 616 3 8192 2.000000000 2
856 620 3 8192 2.000000000 2
856 624 3 8192 2.000000000 2
856 660 3 8192 2.000000000 2
856 668 3 8192 2.000000000 2
856 672 3 8192 2.000000000 2
856 712 3 8192 2.000000000 2
856 720 3 8192 2.000000000 2
856 760 3 8192 2.000000000 2
856 844 3 8192 2.000000000 2
856 888 3 8192 2.000000000 2
856 892 3 8192 2.000000000 2
856 900 3 8192 2.000000000 2
856 908 3 8192 2.000000000 2
856 912 3 8192 2.000000000 2
856 916 3 8192 2.000000000 2
856 968 3 8192 2.000000000 2
856 976 3 8192 2.000000000 2
856 1004 3 8192 2.000000000 2
856 1012 3 8192 2.000000000 2
856 1020 3 8192 2.000000000 2
856 1024 3 8192 2.000000000 2
856 1044 3 8192 2.000000000 2
856 1092 3 8192 2.000000000 2
856 1116 3 8192 2.000000000 2
856 1128 3 8192 2.000000000 2
856 1148 3 8192 2.000000000 2
856 1156 3 8192 2.000000000 2
856 1160 3 8192 2.000000000 2
856 1260 3 8192 2.000000000 2
856 1264 3 8192 2.000000000 2
864 0 3 8192 2.000000000 2
864 56 3 8192 2.000000000 2
864 136 3 8192 2.000000000 2
864 180 3 8192 2.000000000 2
864 192 3 8192 2.000000000 2
864 200 3 8192 2.000000000 2
864 228 3 8192 2.000000000 2
864 252 3 8192 2.000000000 2
864 284 3 8192 2.000000000 2
864 300 3 8192 2.000000000 2
864 328 3 8192 2.000000000 2
864 332 3 8192 2.000000000 2
864 336 3 8192 2.000000000 2
864 340 3 8192 2.000000000 2
864 344 3 8192 2.000000000 2
864 360 3 8192 2.000000000 2
864 436 3 8192 2.000000000 2
864 468 3 8192 2.000000000 2
864 484 3 8192 2.000000000 2
864 492 3 8192 2.000000000 2
864 496 3 8192 2.000000000 2
864 508 3 8192 2.000000000 2
864 512 3 8192 2.000000000 2
864 572 3 8192 2.000000000 2
864 580 3 8192 2.000000000 2
864 584 3 8192 2.000000000 2
864 588 3 8192 2.000000000 2
864 604 3 8192 2.000000000 2
864 616 3 8192 2.000000000 2
864 620 3 8192 2.000000000 2
864 636 3 8192 2.000000000 2
864 640 3 8192 2.000000000 2
864 644 3 8192 2.000000000 2
864 652 3 8192 2.000000000 2
864 656 3 8192 2.000000000 2
864 664 3 8192 2.000000000 2
864 684 3 8192 2.000000000 2
864 696 3 8192 2.000000000 2
864 704 3 8192 2.000000000 2
864 732 3 8192 2.000000000 2
864 752 3 8192 2.000000000 2
864 756 3 8192 2.000000000 2
864 760 3 8192 2.000000000 2
864 768 3 8192 2.000000000 2
864 792 3 8192 2.000000000 2
864 824 3 8192 2.000000000 2
864 828 3 8192 2.000000000 2
864 844 3 8192 2.000000000 2
864 876 3 8192 2.000000000 2
864 880 3 8192 2.000000000 2
864 904 3 8192 2.000000000 2
864 920 3 8192 2.000000000 2
864 924 3 8192 2.000000000 2
864 932 3 8192 2.000000000 2
864 988 3 8192 2.000000000 2
864 1040 3 8192 2.000000000 2
864 1052 3 8192 2.000000000 2
864 1060 3 8192 2.000000000 2
864 1064 3 8192 2.000000000 2
864 1116 3 8192 2.000000000 2
864 1120 3 8192 2.000000000 2
864 1184 3 8192 2.000000000 2
864 1220 3 8192 2.000000000 2
864 1236 3 8192 2.000000000 2
868 4 3 8192 2.000000000 2
868 44 3 8192 2.000000000 2
868 108 3 8192 2.000000000 2
868 156 3 8192 2.000000000 2
868 172 3 8192 2.000000000 2
868 180 3 8192 2.000000000 2
868 184 3 8192 2.000000000 2
868 212 3 8192 2.000000000 2
868 216 3 8192 2.000000000 2
868 252 3 8192 2.000000000 2
868 260 3 8192 2.000000000 2
868 264 3 8192 2.000000000 2
868 284 3 8192 2.000000000 2
868 308 3 8192 2.000000000 2
868 320 3 8192 2.000000000 2
868 324 3 8192 2.000000000 2
868 328 3 8192 2.000000000 2
868 332 3 8192 2.000000000 2
868 348 3 8192 2.000000000 2
868 380 3 8192 2.000000000 2
868 388 3 8192 2.000000000 2
868 392 3 8192 2.000000000 2
868 404 3 8192 2.000000000 2
868 424 3 8192 2.000000000 2
868 432 3 8192 2.000000000 2
868 440 3 8192 2.000000000 2
868 452 3 8192 2.000000000 2
868 472 3 8192 2.000000000 2
868 492 3 8192 2.000000000 2
868 508 3 8192 2.000000000 2
868 516 3 8192 2.000000000 2
868 588 3 8192 2.000000000 2
868 596 3 8192 2.000000000 2
868 616 3 8192 2.000000000 2
868 620 3 8192 2.000000000 2
868 632 3 8192 2.000000000 2
868 660 3 8192 2.000000000 2
868 688 3 8192 2.000000000 2
868 708 3 8192 2.000000000 2
868 712 3 8192 2.000000000 2
868 716 3 8192 2.000000000 2
868 720 3 8192 2.000000000 2
868 740 3 8192 2.000000000 2
868 760 3 8192 2.000000000 2
868 764 3 8192 2.000000000 2
868 768 3 8192 2.000000000 2
868 792 3 8192 2.000000000 2
868 800 3 8192 2.000000000 2
868 840 3 8192 2.000000000 2
868 844 3 8192 2.000000000 2
868 864 3 8192 2.000000000 2
868 872 3 8192 2.000000000 2
868 920 3 8192 2.000000000 2
868 1012 3 8192 2.000000000 2
868 1060 3 8192 2.000000000 2
868 1100 3 8192 2.000000000 2
868 1120 3 8192 2.000000000 2
868 1128 3 8192 2.000000000 2
868 1144 3 8192 2.000000000 2
868 1160 3 8192 2.000000000 2
868 1172 3 8192 2.000000000 2
868 1208 3 8192 2.000000000 2
868 1216 3 8192 2.000000000 2
868 1220 3 8192 2.000000000 2
872 8 3 8192 2.000000000 2
872 12 3 8192 2.000000000 2
872 36 3 8192 2.000000000 2
872 68 3 8192 2.000000000 2
872 104 3 8192 2.000000000 2
872 116 3 8192 2.000000000 2
872 120 3 8192 2.000000000 2
872 140 3 8192 2.000000000 2
872 160 3 8192 2.000000000 2
872 184 3 8192 2.000000000 2
872 228 3 8192 2.000000000 2
872 256 3 8192 2.000000000 2
872 268 3 8192 2.000000000 2
872 304 3 8192 2.000000000 2
872 308 3 8192 2.000000000 2
872 340 3 8192 2.000000000 2
872 344 3 8192 2.000000000 2
872 356 3 8192 2.000000000 2
872 392 3 8192 2.000000000 2
872 436 3 8192 2.000000000 2
872 464 3 8192 2.000000000 2
872 476 3 8192 2.000000000 2
872 484 3 8192 2.000000000 2
872 508 3 8192 2.000000000 2
872 520 3 8192 2.000000000 2
872 576 3 8192 2.000000000 2
872 596 3 8192 2.000000000 2
872 640 3 8192 2.000000000 2
872 664 3 8192 2.000000000 2
872 672 3 8192 2.000000000 2
872 684 3 8192 2.000000000 2
872 692 3 8192 2.000000000 2
872 708 3 8192 2.000000000 2
872 712 3 8192 2.000000000 2
872 744 3 8192 2.000000000 2
872 756 3 8192 2.000000000 2
872 760 3 8192 2.000000000 2
872 788 3 8192 2.000000000 2
872 800 3 8192 2.000000000 2
872 828 3 8192 2.000000000 2
872 848 3 8192 2.000000000 2
872 868 3 8192 2.000000000 2
872 876 3 8192 2.000000000 2
872 880 3 8192 2.000000000 2
872 884 3 8192 2.000000000 2
872 888 3 8192 2.000000000 2
872 892 3 8192 2.000000000 2
872 916 3 8192 2.000000000 2
872 944 3 8192 2.000000000 2
872 956 3 8192 2.000000000 2
872 992 3 8192 2.000000000 2
872 1000 3 8192 2.000000000 2
872 1004 3 8192 2.000000000 2
872 1012 3 8192 2.000000000 2
872 1040 3 8192 2.000000000 2
872 1092 3 8192 2.000000000 2
872 1120 3 8192 2.000000000 2
872 1124 3 8192 2.000000000 2
872 1160 3 8192 2.000000000 2
872 1176 3 8192 2.000000000 2
872 1184 3 8192 2.000000000 2
872 1204 3 8192 2.000000000 2
872 1256 3 8192 2.000000000 2
872 1264 3 8192 2.000000000 2
876 8 3 8192 2.000000000 2
876 40 3 8192 2.000000000 2
876 92 3 8192 2.000000000 2
876 100 3 8192 2.000000000 2
876 116 3 8192 2.000000000 2
876 132 3 8192 2.000000000 2
876 136 3 8192 2.000000000 2
876 156 3 8192 2.000000000 2
876 172 3 8192 2.000000000 2
876 176 3 8192 2.000000000 2
876 200 3 8192 2.000000000 2
876 212 3 8192 2.000000000 2
876 264 3 8192 2.000000000 2
876 308 3 8192 2.000000000 2
876 312 3 8192 2.000000000 2
876 324 3 8192 2.000000000 2
876 356 3 8192 2.000000000 2
876 372 3 8192 2.000000000 2
876 400 3 8192 2.000000000 2
876 432 3 8192 2.000000000 2
876 436 3 8192 2.000000000 2
876 440 3 8192 2.000000000 2
876 452 3 8192 2.000000000 2
876 460 3 8192 2.000000000 2
876 488 3 8192 2.000000000 2
876 512 3 8192 2.000000000 2
876 524 3 8192 2.000000000 2
876 540 3 8192 2.000000000 2
876 592 3 8192 2.000000000 2
876 604 3 8192 2.000000000 2
876 612 3 8192 2.000000000 2
876 620 3 8192 2.000000000 2
876 628 3 8192 2.000000000 2
876 648 3 8192 2.000000000 2
876 672 3 8192 2.000000000 2
876 692 3 8192 2.000000000 2
876 696 3 8192 2.000000000 2
876 700 3 8192 2.000000000 2
876 748 3 8192 2.000000000 2
876 760 3 8192 2.000000000 2
876 764 3 8192 2.000000000 2
876 812 3 8192 2.000000000 2
876 828 3 8192 2.000000000 2
876 856 3 8192 2.000000000 2
876 864 3 8192 2.000000000 2
876 868 3 8192 2.000000000 2
876 880 3 8192 2.000000000 2
876 908 3 8192 2.000000000 2
876 928 3 8192 2.000000000 2
876 932 3 8192 2.000000000 2
876 964 3 8192 2.000000000 2
876 980 3 8192 2.000000000 2
876 1004 3 8192 2.000000000 2
876 1024 3 8192 2.000000000 2
876 1092 3 8192 2.000000000 2
876 1096 3 8192 2.000000000 2
876 1120 3 8192 2.000000000 2
876 1132 3 8192 2.000000000 2
876 1148 3 8192 2.000000000 2
876 1160 3 8192 2.000000000 2
876 1176 3 8192 2.000000000 2
876 1224 3 8192 2.000000000 2
876 1244 3 8192 2.000000000 2
876 1260 3 8192 2.000000000 2
880 4 3 8192 2.000000000 2
880 8 3 8192 2.000000000 2
880 28 3 8192 2.000000000 2
880 32 3 8192 2.000000000 2
880 40 3 8192 2.000000000 2
880 44 3 8192 2.000000000 2
880 56 3 8192 2.000000000 2
880 136 3 8192 2.000000000 2
880 140 3 8192 2.000000000 2
880 168 3 8192 2.000000000 2
880 208 3 8192 2.000000000 2
880 212 3 8192 2.000000000 2
880 216 3 8192 2.000000000 2
880 236 3 8192 2.000000000 2
880 240 3 8192 2.000000000 2
880 292 3 8192 2.000000000 2
880 300 3 8192 2.000000000 2
880 304 3 8192 2.000000000 2
880 360 3 8192 2.000000000 2
880 396 3 8192 2.000000000 2
880 408 3 8192 2.000000000 2
880 424 3 8192 2.000000000 2
880 436 3 8192 2.000000000 2
880 456 3 8192 2.000000000 2
880 476 3 8192 2.000000000 2
880 488 3 8192 2.000000000 2
880 492 3 8192 2.000000000 2
880 504 3 8192 2.000000000 2
880 516 3 8192 2.000000000 2
880 532 3 8192 2.000000000 2
880 600 3 8192 2.000000000 2
880 604 3 8192 2.000000000 2
880 628 3 8192 2.000000000 2
880 636 3 8192 2.000000000 2
880 660 3 8192 2.000000000 2
880 684 3 8192 2.000000000 2
880 692 3 8192 2.000000000 2
880 700 3 8192 2.000000000 2
880 772 3 8192 2.000000000 2
880 800 3 8192 2.000000000 2
880 812 3 8192 2.000000000 2
880 816 3 8192 2.000000000 2
880 824 3 8192 2.000000000 2
880 828 3 8192 2.000000000 2
880 888 3 8192 2.000000000 2
880 900 3 8192 2.000000000 2
880 904 3 8192 2.000000000 2
880 908 3 8192 2.000000000 2
880 932 3 8192 2.000000000 2
880 944 3 8192 2.000000000 2
880 956 3 8192 2.000000000 2
880 968 3 8192 2.000000000 2
880 992 3 8192 2.000000000 2
880 1008 3 8192 2.000000000 2
880 1060 3 8192 2.000000000 2
880 1076 3 8192 2.000000000 2
880 1108 3 8192 2.000000000 2
880 1128 3 8192 2.000000000 2
880 1144 3 8192 2.000000000 2
880 1176 3 8192 2.000000000 2
880 1180 3 8192 2.000000000 2
880 1200 3 8192 2.000000000 2
880 1224 3 8192 2.000000000 2
880 1264 3 8192 2.000000000 2
884 8 3 8192 2.000000000 2
884 32 3 8192 2.000000000 2
884 68 3 8192 2.000000000 2
884 72 3 8192 2.000000000 2
884 76 3 8192 2.000000000 2
884 96 3 8192 2.000000000 2
884 104 3 8192 2.000000000 2
884 112 3 8192 2.000000000 2
884 132 3 8192 2.000000000 2
884 172 3 8192 2.000000000 2
884 192 3 8192 2.000000000 2
884 240 3 8192 2.000000000 2
884 300 3 8192 2.000000000 2
884 312 3 8192 2.000000000 2
884 348 3 8192 2.000000000 2
884 356 3 8192 2.000000000 2
884 360 3 8192 2.000000000 2
884 368 3 8192 2.000000000 2
884 392 3 8192 2.000000000 2
884 436 3 8192 2.000000000 2
884 456 3 8192 2.000000000 2
884 472 3 8192 2.000000000 2
884 496 3 8192 2.000000000 2
884 504 3 8192 2.000000000 2
884 508 3 8192 2.000000000 2
884 512 3 8192 2.000000000 2
884 544 3 8192 2.000000000 2
884 552 3 8192 2.000000000 2
884 564 3 8192 2.000000000 2
884 568 3 8192 2.000000000 2
884 580 3 8192 2.000000000 2
884 584 3 8192 2.000000000 2
884 592 3 8192 2.000000000 2
884 624 3 8192 2.000000000 2
884 652 3 8192 2.000000000 2
884 660 3 8192 2.000000000 2
884 696 3 8192 2.000000000 2
884 712 3 8192 2.000000000 2
884 720 3 8192 2.000000000 2
884 736 3 8192 2.000000000 2
884 744 3 8192 2.000000000 2
884 748 3 8192 2.000000000 2
884 800 3 8192 2.000000000 2
884 808 3 8192 2.000000000 2
884 872 3 8192 2.000000000 2
884 892 3 8192 2.000000000 2
884 904 3 8192 2.000000000 2
884 912 3 8192 2.000000000 2
884 916 3 8192 2.000000000 2
884 928 3 8192 2.000000000 2
884 932 3 8192 2.000000000 2
884 940 3 8192 2.000000000 2
884 960 3 8192 2.000000000 2
884 976 3 8192 2.000000000 2
884 988 3 8192 2.000000000 2
884 1076 3 8192 2.000000000 2
884 1108 3 8192 2.000000000 2
884 1120 3 8192 2.000000000 2
884 1156 3 8192 2.000000000 2
884 1160 3 8192 2.000000000 2
884 1180 3 8192 2.000000000 2
884 1212 3 8192 2.000000000 2
884 1220 3 8192 2.000000000 2
884 1244 3 8192 2.000000000 2
888 4 3 8192 2.000000000 2
888 12 3 8192 2.000000000 2
888 32 3 8192 2.000000000 2
888 68 3 8192 2.000000000 2
888 88 3 8192 2.000000000 2
888 92 3 8192 2.000000000 2
888 100 3 8192 2.000000000 2
888 120 3 8192 2.000000000 2
888 124 3 8192 2.000000000 2
888 136 3 8192 2.000000000 2
888 156 3 8192 2.000000000 2
888 160 3 8192 2.000000000 2
888 184 3 8192 2.000000000 2
888 220 3 8192 2.000000000 2
888 228 3 8192 2.000000000 2
888 240 3 8192 2.000000000 2
888 260 3 8192 2.000000000 2
888 284 3 8192 2.000000000 2
888 324 3 8192 2.000000000 2
888 380 3 8192 2.000000000 2
888 436 3 8192 2.000000000 2
888 452 3 8192 2.000000000 2
888 456 3 8192 2.000000000 2
888 472 3 8192 2.000000000 2
888 476 3 8192 2.000000000 2
888 504 3 8192 2.000000000 2
888 544 3 8192 2.000000000 2
888 560 3 8192 2.000000000 2
888 592 3 8192 2.000000000 2
888 596 3 8192 2.000000000 2
888 604 3 8192 2.000000000 2
888 612 3 8192 2.000000000 2
888 700 3 8192 2.000000000 2
888 720 3 8192 2.000000000 2
888 736 3 8192 2.000000000 2
888 752 3 8192 2.000000000 2
888 756 3 8192 2.000000000 2
888 768 3 8192 2.000000000 2
888 800 3 8192 2.000000000 2
888 816 3 8192 2.000000000 2
888 840 3 8192 2.000000000 2
888 872 3 8192 2.000000000 2
888 932 3 8192 2.000000000 2
888 944 3 8192 2.000000000 2
888 956 3 8192 2.000000000 2
888 964 3 8192 2.000000000 2
888 988 3 8192 2.000000000 2
888 992 3 8192 2.000000000 2
888 996 3 8192 2.000000000 2
888 1012 3 8192 2.000000000 2
888 1036 3 8192 2.000000000 2
888 1044 3 8192 2.000000000 2
888 1064 3 8192 2.000000000 2
888 1068 3 8192 2.000000000 2
888 1092 3 8192 2.000000000 2
888 1116 3 8192 2.000000000 2
888 1124 3 8192 2.000000000 2
888 1128 3 8192 2.000000000 2
888 1144 3 8192 2.000000000 2
888 1192 3 8192 2.000000000 2
888 1200 3 8192 2.000000000 2
888 1244 3 8192 2.000000000 2
888 1256 3 8192 2.000000000 2
888 1260 3 8192 2.000000000 2
892 4 3 8192 2.000000000 2
892 76 3 8192 2.000000000 2
892 80 3 8192 2.000000000 2
892 88 3 8192 2.000000000 2
892 92 3 8192 2.000000000 2
892 100 3 8192 2.000000000 2
892 104 3 8192 2.000000000 2
892 156 3 8192 2.000000000 2
892 200 3 8192 2.000000000 2
892 236 3 8192 2.000000000 2
892 240 3 8192 2.000000000 2
892 256 3 8192 2.000000000 2
892 268 3 8192 2.000000000 2
892 288 3 8192 2.000000000 2
892 332 3 8192 2.000000000 2
892 356 3 8192 2.000000000 2
892 372 3 8192 2.000000000 2
892 432 3 8192 2.000000000 2
892 452 3 8192 2.000000000 2
892 468 3 8192 2.000000000 2
892 472 3 8192 2.000000000 2
892 484 3 8192 2.000000000 2
892 504 3 8192 2.000000000 2
892 584 3 8192 2.000000000 2
892 648 3 8192 2.000000000 2
892 664 3 8192 2.000000000 2
892 668 3 8192 2.000000000 2
892 716 3 8192 2.000000000 2
892 732 3 8192 2.000000000 2
892 740 3 8192 2.000000000 2
892 744 3 8192 2.000000000 2
892 756 3 8192 2.000000000 2
892 768 3 8192 2.000000000 2
892 788 3 8192 2.000000000 2
892 792 3 8192 2.000000000 2
892 808 3 8192 2.000000000 2
892 816 3 8192 2.000000000 2
892 824 3 8192 2.000000000 2
892 828 3 8192 2.000000000 2
892 872 3 8192 2.000000000 2
892 884 3 8192 2.000000000 2
892 900 3 8192 2.000000000 2
892 920 3 8192 2.000000000 2
892 928 3 8192 2.000000000 2
892 992 3 8192 2.000000000 2
892 1004 3 8192 2.000000000 2
892 1008 3 8192 2.000000000 2
892 1024 3 8192 2.000000000 2
892 1032 3 8192 2.000000000 2
892 1052 3 8192 2.000000000 2
892 1068 3 8192 2.000000000 2
892 1084 3 8192 2.000000000 2
892 1092 3 8192 2.000000000 2
892 1100 3 8192 2.000000000 2
892 1144 3 8192 2.000000000 2
892 1156 3 8192 2.000000000 2
892 1160 3 8192 2.000000000 2
892 1168 3 8192 2.000000000 2
892 1200 3 8192 2.000000000 2
892 1208 3 8192 2.000000000 2
892 1244 3 8192 2.000000000 2
892 1248 3 8192 2.000000000 2
892 1256 3 8192 2.000000000 2
892 1268 3 8192 2.000000000 2
900 4 3 8192 2.000000000 2
900 8 3 8192 2.000000000 2
900 20 3 8192 2.000000000 2
900 28 3 8192 2.000000000 2
900 48 3 8192 2.000000000 2
900 68 3 8192 2.000000000 2
900 72 3 8192 2.000000000 2
900 100 3 8192 2.000000000 2
900 112 3 8192 2.000000000 2
900 160 3 8192 2.000000000 2
900 200 3 8192 2.000000000 2
900 304 3 8192 2.000000000 2
900 312 3 8192 2.000000000 2
900 388 3 8192 2.000000000 2
900 436 3 8192 2.000000000 2
900 480 3 8192 2.000000000 2
900 516 3 8192 2.000000000 2
900 544 3 8192 2.000000000 2
900 568 3 8192 2.000000000 2
900 572 3 8192 2.000000000 2
900 576 3 8192 2.000000000 2
900 580 3 8192 2.000000000 2
900 584 3 8192 2.000000000 2
900 592 3 8192 2.000000000 2
900 600 3 8192 2.000000000 2
900 620 3 8192 2.000000000 2
900 624 3 8192 2.000000000 2
900 636 3 8192 2.000000000 2
900 640 3 8192 2.000000000 2
900 656 3 8192 2.000000000 2
900 680 3 8192 2.000000000 2
900 688 3 8192 2.000000000 2
900 692 3 8192 2.000000000 2
900 704 3 8192 2.000000000 2
900 716 3 8192 2.000000000 2
900 740 3 8192 2.000000000 2
900 772 3 8192 2.000000000 2
900 788 3 8192 2.000000000 2
900 792 3 8192 2.000000000 2
900 812 3 8192 2.000000000 2
900 816 3 8192 2.000000000 2
900 840 3 8192 2.000000000 2
900 876 3 8192 2.000000000 2
900 928 3 8192 2.000000000 2
900 932 3 8192 2.000000000 2
900 944 3 8192 2.000000000 2
900 948 3 8192 2.000000000 2
900 960 3 8192 2.000000000 2
900 992 3 8192 2.000000000 2
900 996 3 8192 2.000000000 2
900 1000 3 8192 2.000000000 2
900 1016 3 8192 2.000000000 2
900 1020 3 8192 2.000000000 2
900 1040 3 8192 2.000000000 2
900 1128 3 8192 2.000000000 2
900 1132 3 8192 2.000000000 2
900 1144 3 8192 2.000000000 2
900 1148 3 8192 2.000000000 2
900 1156 3 8192 2.000000000 2
900 1180 3 8192 2.000000000 2
900 1200 3 8192 2.000000000 2
900 1220 3 8192 2.000000000 2
900 1244 3 8192 2.000000000 2
900 1268 3 8192 2.000000000 2
904 8 3 8192 2.000000000 2
904 20 3 8192 2.000000000 2
904 32 3 8192 2.000000000 2
904 36 3 8192 2.000000000 2
904 56 3 8192 2.000000000 2
904 80 3 8192 2.000000000 2
904 96 3 8192 2.000000000 2
904 104 3 8192 2.000000000 2
904 112 3 8192 2.000000000 2
904 124 3 8192 2.000000000 2
904 132 3 8192 2.000000000 2
904 172 3 8192 2.000000000 2
904 184 3 8192 2.000000000 2
904 200 3 8192 2.000000000 2
904 216 3 8192 2.000000000 2
904 220 3 8192 2.000000000 2
904 248 3 8192 2.000000000 2
904 292 3 8192 2.000000000 2
904 300 3 8192 2.000000000 2
904 304 3 8192 2.000000000 2
904 312 3 8192 2.000000000 2
904 316 3 8192 2.000000000 2
904 328 3 8192 2.000000000 2
904 340 3 8192 2.000000000 2
904 372 3 8192 2.000000000 2
904 380 3 8192 2.000000000 2
904 436 3 8192 2.000000000 2
904 472 3 8192 2.000000000 2
904 484 3 8192 2.000000000 2
904 568 3 8192 2.000000000 2
904 572 3 8192 2.000000000 2
904 612 3 8192 2.000000000 2
904 616 3 8192 2.000000000 2
904 620 3 8192 2.000000000 2
904 640 3 8192 2.000000000 2
904 656 3 8192 2.000000000 2
904 684 3 8192 2.000000000 2
904 748 3 8192 2.000000000 2
904 752 3 8192 2.000000000 2
904 764 3 8192 2.000000000 2
904 800 3 8192 2.000000000 2
904 824 3 8192 2.000000000 2
904 876 3 8192 2.000000000 2
904 928 3 8192 2.000000000 2
904 944 3 8192 2.000000000 2
904 960 3 8192 2.000000000 2
904 976 3 8192 2.000000000 2
904 980 3 8192 2.000000000 2
904 1004 3 8192 2.000000000 2
904 1028 3 8192 2.000000000 2
904 1076 3 8192 2.000000000 2
904 1084 3 8192 2.000000000 2
904 1096 3 8192 2.000000000 2
904 1108 3 8192 2.000000000 2
904 1120 3 8192 2.000000000 2
904 1132 3 8192 2.000000000 2
904 1164 3 8192 2.000000000 2
904 1184 3 8192 2.000000000 2
904 1192 3 8192 2.000000000 2
904 1208 3 8192 2.000000000 2
904 1224 3 8192 2.000000000 2
904 1236 3 8192 2.000000000 2
904 1256 3 8192 2.000000000 2
904 1268 3 8192 2.000000000 2
908 40 3 8192 2.000000000 2
908 56 3 8192 2.000000000 2
908 72 3 8192 2.000000000 2
908 92 3 8192 2.000000000 2
908 156 3 8192 2.000000000 2
908 160 3 8192 2.000000000 2
908 172 3 8192 2.000000000 2
908 176 3 8192 2.000000000 2
908 192 3 8192 2.000000000 2
908 208 3 8192 2.000000000 2
908 248 3 8192 2.000000000 2
908 256 3 8192 2.000000000 2
908 324 3 8192 2.000000000 2
908 360 3 8192 2.000000000 2
908 400 3 8192 2.000000000 2
908 424 3 8192 2.000000000 2
908 460 3 8192 2.000000000 2
908 480 3 8192 2.000000000 2
908 500 3 8192 2.000000000 2
908 512 3 8192 2.000000000 2
908 520 3 8192 2.000000000 2
908 536 3 8192 2.000000000 2
908 544 3 8192 2.000000000 2
908 560 3 8192 2.000000000 2
908 568 3 8192 2.000000000 2
908 572 3 8192 2.000000000 2
908 576 3 8192 2.000000000 2
908 604 3 8192 2.000000000 2
908 620 3 8192 2.000000000 2
908 624 3 8192 2.000000000 2
908 664 3 8192 2.000000000 2
908 672 3 8192 2.000000000 2
908 680 3 8192 2.000000000 2
908 692 3 8192 2.000000000 2
908 716 3 8192 2.000000000 2
908 760 3 8192 2.000000000 2
908 768 3 8192 2.000000000 2
908 772 3 8192 2.000000000 2
908 816 3 8192 2.000000000 2
908 828 3 8192 2.000000000 2
908 844 3 8192 2.000000000 2
908 852 3 8192 2.000000000 2
908 880 3 8192 2.000000000 2
908 912 3 8192 2.000000000 2
908 928 3 8192 2.000000000 2
908 932 3 8192 2.000000000 2
908 948 3 8192 2.000000000 2
908 988 3 8192 2.000000000 2
908 996 3 8192 2.000000000 2
908 1024 3 8192 2.000000000 2
908 1032 3 8192 2.000000000 2
908 1036 3 8192 2.000000000 2
908 1060 3 8192 2.000000000 2
908 1068 3 8192 2.000000000 2
908 1084 3 8192 2.000000000 2
908 1108 3 8192 2.000000000 2
908 1144 3 8192 2.000000000 2
908 1148 3 8192 2.000000000 2
908 1164 3 8192 2.000000000 2
908 1172 3 8192 2.000000000 2
908 1180 3 8192 2.000000000 2
908 1184 3 8192 2.000000000 2
908 1204 3 8192 2.000000000 2
908 1212 3 8192 2.000000000 2
912 0 3 8192 2.000000000 2
912 20 3 8192 2.000000000 2
912 36 3 8192 2.000000000 2
912 44 3 8192 2.000000000 2
912 72 3 8192 2.000000000 2
912 80 3 8192 2.000000000 2
912 88 3 8192 2.000000000 2
912 100 3 8192 2.000000000 2
912 112 3 8192 2.000000000 2
912 136 3 8192 2.000000000 2
912 152 3 8192 2.000000000 2
912 156 3 8192 2.000000000 2
912 160 3 8192 2.000000000 2
912 176 3 8192 2.000000000 2
912 216 3 8192 2.000000000 2
912 256 3 8192 2.000000000 2
912 288 3 8192 2.000000000 2
912 300 3 8192 2.000000000 2
912 324 3 8192 2.000000000 2
912 332 3 8192 2.000000000 2
912 340 3 8192 2.000000000 2
912 344 3 8192 2.000000000 2
912 360 3 8192 2.000000000 2
912 368 3 8192 2.000000000 2
912 372 3 8192 2.000000000 2
912 404 3 8192 2.000000000 2
912 436 3 8192 2.000000000 2
912 440 3 8192 2.000000000 2
912 452 3 8192 2.000000000 2
912 472 3 8192 2.000000000 2
912 496 3 8192 2.000000000 2
912 508 3 8192 2.000000000 2
912 524 3 8192 2.000000000 2
912 560 3 8192 2.000000000 2
912 576 3 8192 2.000000000 2
912 592 3 8192 2.000000000 2
912 632 3 8192 2.000000000 2
912 644 3 8192 2.000000000 2
912 648 3 8192 2.000000000 2
912 680 3 8192 2.000000000 2
912 700 3 8192 2.000000000 2
912 704 3 8192 2.000000000 2
912 748 3 8192 2.000000000 2
912 756 3 8192 2.000000000 2
912 760 3 8192 2.000000000 2
912 764 3 8192 2.000000000 2
912 828 3 8192 2.000000000 2
912 856 3 8192 2.000000000 2
912 868 3 8192 2.000000000 2
912 880 3 8192 2.000000000 2
912 892 3 8192 2.000000000 2
912 932 3 8192 2.000000000 2
912 1008 3 8192 2.000000000 2
912 1012 3 8192 2.000000000 2
912 1108 3 8192 2.000000000 2
912 1148 3 8192 2.000000000 2
912 1160 3 8192 2.000000000 2
912 1164 3 8192 2.000000000 2
912 1168 3 8192 2.000000000 2
912 1172 3 8192 2.000000000 2
912 1192 3 8192 2.000000000 2
912 1216 3 8192 2.000000000 2
912 1236 3 8192 2.000000000 2
912 1268 3 8192 2.000000000 2
916 4 3 8192 2.000000000 2
916 28 3 8192 2.000000000 2
916 68 3 8192 2.000000000 2
916 76 3 8192 2.000000000 2
916 92 3 8192 2.000000000 2
916 100 3 8192 2.000000000 2
916 104 3 8192 2.000000000 2
916 112 3 8192 2.000000000 2
916 132 3 8192 2.000000000 2
916 160 3 8192 2.000000000 2
916 184 3 8192 2.000000000 2
916 208 3 8192 2.000000000 2
916 220 3 8192 2.000000000 2
916 260 3 8192 2.000000000 2
916 284 3 8192 2.000000000 2
916 288 3 8192 2.000000000 2
916 308 3 8192 2.000000000 2
916 344 3 8192 2.000000000 2
916 368 3 8192 2.000000000 2
916 408 3 8192 2.000000000 2
916 432 3 8192 2.000000000 2
916 504 3 8192 2.000000000 2
916 516 3 8192 2.000000000 2
916 524 3 8192 2.000000000 2
916 544 3 8192 2.000000000 2
916 592 3 8192 2.000000000 2
916 604 3 8192 2.000000000 2
916 616 3 8192 2.000000000 2
916 624 3 8192 2.000000000 2
916 628 3 8192 2.000000000 2
916 632 3 8192 2.000000000 2
916 636 3 8192 2.000000000 2
916 648 3 8192 2.000000000 2
916 660 3 8192 2.000000000 2
916 680 3 8192 2.000000000 2
916 700 3 8192 2.000000000 2
916 704 3 8192 2.000000000 2
916 708 3 8192 2.000000000 2
916 740 3 8192 2.000000000 2
916 756 3 8192 2.000000000 2
916 800 3 8192 2.000000000 2
916 852 3 8192 2.000000000 2
916 880 3 8192 2.000000000 2
916 888 3 8192 2.000000000 2
916 900 3 8192 2.000000000 2
916 904 3 8192 2.000000000 2
916 928 3 8192 2.000000000 2
916 948 3 8192 2.000000000 2
916 956 3 8192 2.000000000 2
916 988 3 8192 2.000000000 2
916 996 3 8192 2.000000000 2
916 1000 3 8192 2.000000000 2
916 1032 3 8192 2.000000000 2
916 1052 3 8192 2.000000000 2
916 1060 3 8192 2.000000000 2
916 1084 3 8192 2.000000000 2
916 1116 3 8192 2.000000000 2
916 1132 3 8192 2.000000000 2
916 1176 3 8192 2.000000000 2
916 1180 3 8192 2.000000000 2
916 1204 3 8192 2.000000000 2
916 1224 3 8192 2.000000000 2
916 1244 3 8192 2.000000000 2
916 1260 3 8192 2.000000000 2
920 20 3 8192 2.000000000 2
920 48 3 8192 2.000000000 2
920 56 3 8192 2.000000000 2
920 72 3 8192 2.000000000 2
920 88 3 8192 2.000000000 2
920 92 3 8192 2.000000000 2
920 132 3 8192 2.000000000 2
920 136 3 8192 2.000000000 2
920 156 3 8192 2.000000000 2
920 172 3 8192 2.000000000 2
920 200 3 8192 2.000000000 2
920 248 3 8192 2.000000000 2
920 284 3 8192 2.000000000 2
920 300 3 8192 2.000000000 2
920 304 3 8192 2.000000000 2
920 308 3 8192 2.000000000 2
920 324 3 8192 2.000000000 2
920 328 3 8192 2.000000000 2
920 332 3 8192 2.000000000 2
920 336 3 8192 2.000000000 2
920 340 3 8192 2.000000000 2
920 344 3 8192 2.000000000 2
920 372 3 8192 2.000000000 2
920 384 3 8192 2.000000000 2
920 400 3 8192 2.000000000 2
920 456 3 8192 2.000000000 2
920 468 3 8192 2.000000000 2
920 504 3 8192 2.000000000 2
920 552 3 8192 2.000000000 2
920 572 3 8192 2.000000000 2
920 592 3 8192 2.000000000 2
920 608 3 8192 2.000000000 2
920 624 3 8192 2.000000000 2
920 648 3 8192 2.000000000 2
920 656 3 8192 2.000000000 2
920 668 3 8192 2.000000000 2
920 692 3 8192 2.000000000 2
920 700 3 8192 2.000000000 2
920 704 3 8192 2.000000000 2
920 748 3 8192 2.000000000 2
920 792 3 8192 2.000000000 2
920 804 3 8192 2.000000000 2
920 808 3 8192 2.000000000 2
920 812 3 8192 2.000000000 2
920 816 3 8192 2.000000000 2
920 828 3 8192 2.000000000 2
920 856 3 8192 2.000000000 2
920 944 3 8192 2.000000000 2
920 960 3 8192 2.000000000 2
920 976 3 8192 2.000000000 2
920 1004 3 8192 2.000000000 2
920 1008 3 8192 2.000000000 2
920 1024 3 8192 2.000000000 2
920 1036 3 8192 2.000000000 2
920 1040 3 8192 2.000000000 2
920 1076 3 8192 2.000000000 2
920 1084 3 8192 2.000000000 2
920 1100 3 8192 2.000000000 2
920 1160 3 8192 2.000000000 2
920 1176 3 8192 2.000000000 2
920 1180 3 8192 2.000000000 2
920 1200 3 8192 2.000000000 2
920 1232 3 8192 2.000000000 2
920 1268 3 8192 2.000000000 2
924 36 3 8192 2.000000000 2
924 68 3 8192 2.000000000 2
924 104 3 8192 2.000000000 2
924 132 3 8192 2.000000000 2
924 208 3 8192 2.000000000 2
924 212 3 8192 2.000000000 2
924 228 3 8192 2.000000000 2
924 248 3 8192 2.000000000 2
924 268 3 8192 2.000000000 2
924 288 3 8192 2.000000000 2
924 308 3 8192 2.000000000 2
924 312 3 8192 2.000000000 2
924 324 3 8192 2.000000000 2
924 340 3 8192 2.000000000 2
924 348 3 8192 2.000000000 2
924 360 3 8192 2.000000000 2
924 388 3 8192 2.000000000 2
924 392 3 8192 2.000000000 2
924 400 3 8192 2.000000000 2
924 452 3 8192 2.000000000 2
924 460 3 8192 2.000000000 2
924 480 3 8192 2.000000000 2
924 496 3 8192 2.000000000 2
924 500 3 8192 2.000000000 2
924 512 3 8192 2.000000000 2
924 564 3 8192 2.000000000 2
924 576 3 8192 2.000000000 2
924 604 3 8192 2.000000000 2
924 624 3 8192 2.000000000 2
924 644 3 8192 2.000000000 2
924 660 3 8192 2.000000000 2
924 688 3 8192 2.000000000 2
924 692 3 8192 2.000000000 2
924 736 3 8192 2.000000000 2
924 740 3 8192 2.000000000 2
924 748 3 8192 2.000000000 2
924 764 3 8192 2.000000000 2
924 804 3 8192 2.000000000 2
924 808 3 8192 2.000000000 2
924 840 3 8192 2.000000000 2
924 856 3 8192 2.000000000 2
924 864 3 8192 2.000000000 2
924 884 3 8192 2.000000000 2
924 904 3 8192 2.000000000 2
924 920 3 8192 2.000000000 2
924 928 3 8192 2.000000000 2
924 944 3 8192 2.000000000 2
924 948 3 8192 2.000000000 2
924 956 3 8192 2.000000000 2
924 968 3 8192 2.000000000 2
924 996 3 8192 2.000000000 2
924 1004 3 8192 2.000000000 2
924 1016 3 8192 2.000000000 2
924 1084 3 8192 2.000000000 2
924 1092 3 8192 2.000000000 2
924 1108 3 8192 2.000000000 2
924 1132 3 8192 2.000000000 2
924 1144 3 8192 2.000000000 2
924 1156 3 8192 2.000000000 2
924 1164 3 8192 2.000000000 2
924 1192 3 8192 2.000000000 2
924 1200 3 8192 2.000000000 2
924 1220 3 8192 2.000000000 2
924 1248 3 8192 2.000000000 2
928 44 3 8192 2.000000000 2
928 48 3 8192 2.000000000 2
928 72 3 8192 2.000000000 2
928 76 3 8192 2.000000000 2
928 112 3 8192 2.000000000 2
928 136 3 8192 2.000000000 2
928 184 3 8192 2.000000000 2
928 208 3 8192 2.000000000 2
928 216 3 8192 2.000000000 2
928 236 3 8192 2.000000000 2
928 248 3 8192 2.000000000 2
928 252 3 8192 2.000000000 2
928 284 3 8192 2.000000000 2
928 312 3 8192 2.000000000 2
928 324 3 8192 2.000000000 2
928 336 3 8192 2.000000000 2
928 348 3 8192 2.000000000 2
928 360 3 8192 2.000000000 2
928 400 3 8192 2.000000000 2
928 432 3 8192 2.000000000 2
928 452 3 8192 2.000000000 2
928 456 3 8192 2.000000000 2
928 516 3 8192 2.000000000 2
928 524 3 8192 2.000000000 2
928 540 3 8192 2.000000000 2
928 568 3 8192 2.000000000 2
928 648 3 8192 2.000000000 2
928 652 3 8192 2.000000000 2
928 664 3 8192 2.000000000 2
928 680 3 8192 2.000000000 2
928 684 3 8192 2.000000000 2
928 688 3 8192 2.000000000 2
928 704 3 8192 2.000000000 2
928 708 3 8192 2.000000000 2
928 756 3 8192 2.000000000 2
928 760 3 8192 2.000000000 2
928 768 3 8192 2.000000000 2
928 808 3 8192 2.000000000 2
928 812 3 8192 2.000000000 2
928 824 3 8192 2.000000000 2
928 840 3 8192 2.000000000 2
928 856 3 8192 2.000000000 2
928 864 3 8192 2.000000000 2
928 868 3 8192 2.000000000 2
928 876 3 8192 2.000000000 2
928 948 3 8192 2.000000000 2
928 964 3 8192 2.000000000 2
928 980 3 8192 2.000000000 2
928 996 3 8192 2.000000000 2
928 1008 3 8192 2.000000000 2
928 1024 3 8192 2.000000000 2
928 1052 3 8192 2.000000000 2
928 1076 3 8192 2.000000000 2
928 1084 3 8192 2.000000000 2
928 1148 3 8192 2.000000000 2
928 1156 3 8192 2.000000000 2
928 1164 3 8192 2.000000000 2
928 1180 3 8192 2.000000000 2
928 1184 3 8192 2.000000000 2
928 1192 3 8192 2.000000000 2
928 1204 3 8192 2.000000000 2
928 1208 3 8192 2.000000000 2
928 1236 3 8192 2.000000000 2
928 1256 3 8192 2.000000000 2
932 4 3 8192 2.000000000 2
932 20 3 8192 2.000000000 2
932 28 3 8192 2.000000000 2
932 32 3 8192 2.000000000 2
932 36 3 8192 2.000000000 2
932 48 3 8192 2.000000000 2
932 72 3 8192 2.000000000 2
932 100 3 8192 2.000000000 2
932 104 3 8192 2.000000000 2
932 160 3 8192 2.000000000 2
932 176 3 8192 2.000000000 2
932 180 3 8192 2.000000000 2
932 212 3 8192 2.000000000 2
932 220 3 8192 2.000000000 2
932 236 3 8192 2.000000000 2
932 256 3 8192 2.000000000 2
932 264 3 8192 2.000000000 2
932 268 3 8192 2.000000000 2
932 300 3 8192 2.000000000 2
932 324 3 8192 2.000000000 2
932 340 3 8192 2.000000000 2
932 388 3 8192 2.000000000 2
932 512 3 8192 2.000000000 2
932 560 3 8192 2.000000000 2
932 568 3 8192 2.000000000 2
932 572 3 8192 2.000000000 2
932 592 3 8192 2.000000000 2
932 596 3 8192 2.000000000 2
932 620 3 8192 2.000000000 2
932 688 3 8192 2.000000000 2
932 696 3 8192 2.000000000 2
932 700 3 8192 2.000000000 2
932 720 3 8192 2.000000000 2
932 768 3 8192 2.000000000 2
932 804 3 8192 2.000000000 2
932 808 3 8192 2.000000000 2
932 812 3 8192 2.000000000 2
932 828 3 8192 2.000000000 2
932 836 3 8192 2.000000000 2
932 844 3 8192 2.000000000 2
932 864 3 8192 2.000000000 2
932 916 3 8192 2.000000000 2
932 928 3 8192 2.000000000 2
932 956 3 8192 2.000000000 2
932 960 3 8192 2.000000000 2
932 980 3 8192 2.000000000 2
932 1004 3 8192 2.000000000 2
932 1044 3 8192 2.000000000 2
932 1052 3 8192 2.000000000 2
932 1064 3 8192 2.000000000 2
932 1068 3 8192 2.000000000 2
932 1076 3 8192 2.000000000 2
932 1092 3 8192 2.000000000 2
932 1096 3 8192 2.000000000 2
932 1108 3 8192 2.000000000 2
932 1128 3 8192 2.000000000 2
932 1144 3 8192 2.000000000 2
932 1148 3 8192 2.000000000 2
932 1160 3 8192 2.000000000 2
932 1164 3 8192 2.000000000 2
932 1168 3 8192 2.000000000 2
932 1180 3 8192 2.000000000 2
932 1200 3 8192 2.000000000 2
932 1268 3 8192 2.000000000 2
940 32 3 8192 2.000000000 2
940 40 3 8192 2.000000000 2
940 72 3 8192 2.000000000 2
940 88 3 8192 2.000000000 2
940 120 3 8192 2.000000000 2
940 124 3 8192 2.000000000 2
940 172 3 8192 2.000000000 2
940 176 3 8192 2.000000000 2
940 180 3 8192 2.000000000 2
940 192 3 8192 2.000000000 2
940 200 3 8192 2.000000000 2
940 208 3 8192 2.000000000 2
940 212 3 8192 2.000000000 2
940 236 3 8192 2.000000000 2
940 240 3 8192 2.000000000 2
940 268 3 8192 2.000000000 2
940 328 3 8192 2.000000000 2
940 336 3 8192 2.000000000 2
940 356 3 8192 2.000000000 2
940 384 3 8192 2.000000000 2
940 388 3 8192 2.000000000 2
940 392 3 8192 2.000000000 2
940 400 3 8192 2.000000000 2
940 408 3 8192 2.000000000 2
940 460 3 8192 2.000000000 2
940 464 3 8192 2.000000000 2
940 468 3 8192 2.000000000 2
940 472 3 8192 2.000000000 2
940 476 3 8192 2.000000000 2
940 480 3 8192 2.000000000 2
940 488 3 8192 2.000000000 2
940 516 3 8192 2.000000000 2
940 540 3 8192 2.000000000 2
940 592 3 8192 2.000000000 2
940 596 3 8192 2.000000000 2
940 600 3 8192 2.000000000 2
940 612 3 8192 2.000000000 2
940 636 3 8192 2.000000000 2
940 644 3 8192 2.000000000 2
940 664 3 8192 2.000000000 2
940 672 3 8192 2.000000000 2
940 756 3 8192 2.000000000 2
940 792 3 8192 2.000000000 2
940 816 3 8192 2.000000000 2
940 836 3 8192 2.000000000 2
940 844 3 8192 2.000000000 2
940 848 3 8192 2.000000000 2
940 852 3 8192 2.000000000 2
940 876 3 8192 2.000000000 2
940 956 3 8192 2.000000000 2
940 976 3 8192 2.000000000 2
940 988 3 8192 2.000000000 2
940 1000 3 8192 2.000000000 2
940 1036 3 8192 2.000000000 2
940 1096 3 8192 2.000000000 2
940 1100 3 8192 2.000000000 2
940 1108 3 8192 2.000000000 2
940 1116 3 8192 2.000000000 2
940 1120 3 8192 2.000000000 2
940 1124 3 8192 2.000000000 2
940 1156 3 8192 2.000000000 2
940 1184 3 8192 2.000000000 2
940 1204 3 8192 2.000000000 2
940 1232 3 8192 2.000000000 2
944 12 3 8192 2.000000000 2
944 76 3 8192 2.000000000 2
944 88 3 8192 2.000000000 2
944 108 3 8192 2.000000000 2
944 156 3 8192 2.000000000 2
944 160 3 8192 2.000000000 2
944 172 3 8192 2.000000000 2
944 184 3 8192 2.000000000 2
944 220 3 8192 2.000000000 2
944 248 3 8192 2.000000000 2
944 260 3 8192 2.000000000 2
944 288 3 8192 2.000000000 2
944 312 3 8192 2.000000000 2
944 328 3 8192 2.000000000 2
944 340 3 8192 2.000000000 2
944 396 3 8192 2.000000000 2
944 400 3 8192 2.000000000 2
944 408 3 8192 2.000000000 2
944 484 3 8192 2.000000000 2
944 496 3 8192 2.000000000 2
944 500 3 8192 2.000000000 2
944 504 3 8192 2.000000000 2
944 520 3 8192 2.000000000 2
944 536 3 8192 2.000000000 2
944 544 3 8192 2.000000000 2
944 576 3 8192 2.000000000 2
944 588 3 8192 2.000000000 2
944 600 3 8192 2.000000000 2
944 604 3 8192 2.000000000 2
944 620 3 8192 2.000000000 2
944 624 3 8192 2.000000000 2
944 628 3 8192 2.000000000 2
944 640 3 8192 2.000000000 2
944 660 3 8192 2.000000000 2
944 672 3 8192 2.000000000 2
944 684 3 8192 2.000000000 2
944 688 3 8192 2.000000000 2
944 708 3 8192 2.000000000 2
944 712 3 8192 2.000000000 2
944 720 3 8192 2.000000000 2
944 732 3 8192 2.000000000 2
944 752 3 8192 2.000000000 2
944 772 3 8192 2.000000000 2
944 804 3 8192 2.000000000 2
944 812 3 8192 2.000000000 2
944 824 3 8192 2.000000000 2
944 828 3 8192 2.000000000 2
944 868 3 8192 2.000000000 2
944 940 3 8192 2.000000000 2
944 1000 3 8192 2.000000000 2
944 1016 3 8192 2.000000000 2
944 1020 3 8192 2.000000000 2
944 1032 3 8192 2.000000000 2
944 1036 3 8192 2.000000000 2
944 1060 3 8192 2.000000000 2
944 1128 3 8192 2.000000000 2
944 1144 3 8192 2.000000000 2
944 1156 3 8192 2.000000000 2
944 1160 3 8192 2.000000000 2
944 1164 3 8192 2.000000000 2
944 1192 3 8192 2.000000000 2
944 1232 3 8192 2.000000000 2
944 1244 3 8192 2.000000000 2
944 1268 3 8192 2.000000000 2
948 12 3 8192 2.000000000 2
948 36 3 8192 2.000000000 2
948 68 3 8192 2.000000000 2
948 108 3 8192 2.000000000 2
948 112 3 8192 2.000000000 2
948 116 3 8192 2.000000000 2
948 120 3 8192 2.000000000 2
948 156 3 8192 2.000000000 2
948 160 3 8192 2.000000000 2
948 180 3 8192 2.000000000 2
948 200 3 8192 2.000000000 2
948 228 3 8192 2.000000000 2
948 240 3 8192 2.000000000 2
948 256 3 8192 2.000000000 2
948 264 3 8192 2.000000000 2
948 268 3 8192 2.000000000 2
948 308 3 8192 2.000000000 2
948 312 3 8192 2.000000000 2
948 328 3 8192 2.000000000 2
948 344 3 8192 2.000000000 2
948 372 3 8192 2.000000000 2
948 380 3 8192 2.000000000 2
948 388 3 8192 2.000000000 2
948 436 3 8192 2.000000000 2
948 452 3 8192 2.000000000 2
948 464 3 8192 2.000000000 2
948 540 3 8192 2.000000000 2
948 560 3 8192 2.000000000 2
948 584 3 8192 2.000000000 2
948 652 3 8192 2.000000000 2
948 664 3 8192 2.000000000 2
948 672 3 8192 2.000000000 2
948 700 3 8192 2.000000000 2
948 740 3 8192 2.000000000 2
948 744 3 8192 2.000000000 2
948 752 3 8192 2.000000000 2
948 788 3 8192 2.000000000 2
948 800 3 8192 2.000000000 2
948 828 3 8192 2.000000000 2
948 844 3 8192 2.000000000 2
948 872 3 8192 2.000000000 2
948 876 3 8192 2.000000000 2
948 880 3 8192 2.000000000 2
948 888 3 8192 2.000000000 2
948 904 3 8192 2.000000000 2
948 944 3 8192 2.000000000 2
948 956 3 8192 2.000000000 2
948 960 3 8192 2.000000000 2
948 964 3 8192 2.000000000 2
948 968 3 8192 2.000000000 2
948 976 3 8192 2.000000000 2
948 996 3 8192 2.000000000 2
948 1008 3 8192 2.000000000 2
948 1012 3 8192 2.000000000 2
948 1016 3 8192 2.000000000 2
948 1036 3 8192 2.000000000 2
948 1040 3 8192 2.000000000 2
948 1044 3 8192 2.000000000 2
948 1068 3 8192 2.000000000 2
948 1092 3 8192 2.000000000 2
948 1172 3 8192 2.000000000 2
948 1204 3 8192 2.000000000 2
948 1212 3 8192 2.000000000 2
948 1244 3 8192 2.000000000 2
956 0 3 8192 2.000000000 2
956 4 3 8192 2.000000000 2
956 12 3 8192 2.000000000 2
956 44 3 8192 2.000000000 2
956 68 3 8192 2.000000000 2
956 76 3 8192 2.000000000 2
956 104 3 8192 2.000000000 2
956 116 3 8192 2.000000000 2
956 136 3 8192 2.000000000 2
956 152 3 8192 2.000000000 2
956 160 3 8192 2.000000000 2
956 200 3 8192 2.000000000 2
956 212 3 8192 2.000000000 2
956 220 3 8192 2.000000000 2
956 236 3 8192 2.000000000 2
956 240 3 8192 2.000000000 2
956 304 3 8192 2.000000000 2
956 308 3 8192 2.000000000 2
956 320 3 8192 2.000000000 2
956 332 3 8192 2.000000000 2
956 372 3 8192 2.000000000 2
956 384 3 8192 2.000000000 2
956 424 3 8192 2.000000000 2
956 460 3 8192 2.000000000 2
956 480 3 8192 2.000000000 2
956 504 3 8192 2.000000000 2
956 516 3 8192 2.000000000 2
956 520 3 8192 2.000000000 2
956 532 3 8192 2.000000000 2
956 544 3 8192 2.000000000 2
956 552 3 8192 2.000000000 2
956 568 3 8192 2.000000000 2
956 588 3 8192 2.000000000 2
956 604 3 8192 2.000000000 2
956 616 3 8192 2.000000000 2
956 680 3 8192 2.000000000 2
956 684 3 8192 2.000000000 2
956 704 3 8192 2.000000000 2
956 708 3 8192 2.000000000 2
956 748 3 8192 2.000000000 2
956 752 3 8192 2.000000000 2
956 756 3 8192 2.000000000 2
956 816 3 8192 2.000000000 2
956 836 3 8192 2.000000000 2
956 888 3 8192 2.000000000 2
956 904 3 8192 2.000000000 2
956 932 3 8192 2.000000000 2
956 968 3 8192 2.000000000 2
956 976 3 8192 2.000000000 2
956 980 3 8192 2.000000000 2
956 1004 3 8192 2.000000000 2
956 1016 3 8192 2.000000000 2
956 1040 3 8192 2.000000000 2
956 1076 3 8192 2.000000000 2
956 1084 3 8192 2.000000000 2
956 1092 3 8192 2.000000000 2
956 1108 3 8192 2.000000000 2
956 1116 3 8192 2.000000000 2
956 1128 3 8192 2.000000000 2
956 1192 3 8192 2.000000000 2
956 1200 3 8192 2.000000000 2
956 1208 3 8192 2.000000000 2
956 1248 3 8192 2.000000000 2
956 1268 3 8192 2.000000000 2
960 0 3 8192 2.000000000 2
960 8 3 8192 2.000000000 2
960 28 3 8192 2.000000000 2
960 76 3 8192 2.000000000 2
960 100 3 8192 2.000000000 2
960 108 3 8192 2.000000000 2
960 152 3 8192 2.000000000 2
960 176 3 8192 2.000000000 2
960 180 3 8192 2.000000000 2
960 208 3 8192 2.000000000 2
960 284 3 8192 2.000000000 2
960 292 3 8192 2.000000000 2
960 312 3 8192 2.000000000 2
960 316 3 8192 2.000000000 2
960 328 3 8192 2.000000000 2
960 344 3 8192 2.000000000 2
960 384 3 8192 2.000000000 2
960 408 3 8192 2.000000000 2
960 436 3 8192 2.000000000 2
960 472 3 8192 2.000000000 2
960 476 3 8192 2.000000000 2
960 492 3 8192 2.000000000 2
960 496 3 8192 2.000000000 2
960 508 3 8192 2.000000000 2
960 512 3 8192 2.000000000 2
960 536 3 8192 2.000000000 2
960 552 3 8192 2.000000000 2
960 560 3 8192 2.000000000 2
960 564 3 8192 2.000000000 2
960 616 3 8192 2.000000000 2
960 628 3 8192 2.000000000 2
960 632 3 8192 2.000000000 2
960 648 3 8192 2.000000000 2
960 652 3 8192 2.000000000 2
960 660 3 8192 2.000000000 2
960 668 3 8192 2.000000000 2
960 680 3 8192 2.000000000 2
960 684 3 8192 2.000000000 2
960 688 3 8192 2.000000000 2
960 692 3 8192 2.000000000 2
960 712 3 8192 2.000000000 2
960 720 3 8192 2.000000000 2
960 764 3 8192 2.000000000 2
960 788 3 8192 2.000000000 2
960 804 3 8192 2.000000000 2
960 836 3 8192 2.000000000 2
960 844 3 8192 2.000000000 2
960 872 3 8192 2.000000000 2
960 876 3 8192 2.000000000 2
960 912 3 8192 2.000000000 2
960 920 3 8192 2.000000000 2
960 928 3 8192 2.000000000 2
960 944 3 8192 2.000000000 2
960 956 3 8192 2.000000000 2
960 968 3 8192 2.000000000 2
960 980 3 8192 2.000000000 2
960 988 3 8192 2.000000000 2
960 1000 3 8192 2.000000000 2
960 1008 3 8192 2.000000000 2
960 1076 3 8192 2.000000000 2
960 1092 3 8192 2.000000000 2
960 1108 3 8192 2.000000000 2
960 1200 3 8192 2.000000000 2
960 1216 3 8192 2.000000000 2
964 8 3 8192 2.000000000 2
964 28 3 8192 2.000000000 2
964 48 3 8192 2.000000000 2
964 104 3 8192 2.000000000 2
964 112 3 8192 2.000000000 2
964 124 3 8192 2.000000000 2
964 132 3 8192 2.000000000 2
964 140 3 8192 2.000000000 2
964 152 3 8192 2.000000000 2
964 156 3 8192 2.000000000 2
964 200 3 8192 2.000000000 2
964 212 3 8192 2.000000000 2
964 252 3 8192 2.000000000 2
964 268 3 8192 2.000000000 2
964 284 3 8192 2.000000000 2
964 308 3 8192 2.000000000 2
964 336 3 8192 2.000000000 2
964 384 3 8192 2.000000000 2
964 392 3 8192 2.000000000 2
964 432 3 8192 2.000000000 2
964 436 3 8192 2.000000000 2
964 440 3 8192 2.000000000 2
964 452 3 8192 2.000000000 2
964 456 3 8192 2.000000000 2
964 460 3 8192 2.000000000 2
964 468 3 8192 2.000000000 2
964 500 3 8192 2.000000000 2
964 504 3 8192 2.000000000 2
964 512 3 8192 2.000000000 2
964 516 3 8192 2.000000000 2
964 532 3 8192 2.000000000 2
964 544 3 8192 2.000000000 2
964 552 3 8192 2.000000000 2
964 572 3 8192 2.000000000 2
964 656 3 8192 2.000000000 2
964 680 3 8192 2.000000000 2
964 708 3 8192 2.000000000 2
964 752 3 8192 2.000000000 2
964 756 3 8192 2.000000000 2
964 760 3 8192 2.000000000 2
964 764 3 8192 2.000000000 2
964 812 3 8192 2.000000000 2
964 828 3 8192 2.000000000 2
964 836 3 8192 2.000000000 2
964 844 3 8192 2.000000000 2
964 856 3 8192 2.000000000 2
964 880 3 8192 2.000000000 2
964 904 3 8192 2.000000000 2
964 948 3 8192 2.000000000 2
964 976 3 8192 2.000000000 2
964 996 3 8192 2.000000000 2
964 1000 3 8192 2.000000000 2
964 1004 3 8192 2.000000000 2
964 1012 3 8192 2.000000000 2
964 1016 3 8192 2.000000000 2
964 1024 3 8192 2.000000000 2
964 1040 3 8192 2.000000000 2
964 1148 3 8192 2.000000000 2
964 1164 3 8192 2.000000000 2
964 1192 3 8192 2.000000000 2
964 1236 3 8192 2.000000000 2
964 1248 3 8192 2.000000000 2
964 1256 3 8192 2.000000000 2
964 1260 3 8192 2.000000000 2
968 32 3 8192 2.000000000 2
968 108 3 8192 2.000000000 2
968 112 3 8192 2.000000000 2
968 120 3 8192 2.000000000 2
968 152 3 8192 2.000000000 2
968 168 3 8192 2.000000000 2
968 300 3 8192 2.000000000 2
968 308 3 8192 2.000000000 2
968 344 3 8192 2.000000000 2
968 348 3 8192 2.000000000 2
968 380 3 8192 2.000000000 2
968 392 3 8192 2.000000000 2
968 400 3 8192 2.000000000 2
968 408 3 8192 2.000000000 2
968 436 3 8192 2.000000000 2
968 440 3 8192 2.000000000 2
968 452 3 8192 2.000000000 2
968 456 3 8192 2.000000000 2
968 476 3 8192 2.000000000 2
968 492 3 8192 2.000000000 2
968 508 3 8192 2.000000000 2
968 520 3 8192 2.000000000 2
968 544 3 8192 2.000000000 2
968 552 3 8192 2.000000000 2
968 568 3 8192 2.000000000 2
968 576 3 8192 2.000000000 2
968 588 3 8192 2.000000000 2
968 636 3 8192 2.000000000 2
968 644 3 8192 2.000000000 2
968 660 3 8192 2.000000000 2
968 672 3 8192 2.000000000 2
968 680 3 8192 2.000000000 2
968 700 3 8192 2.000000000 2
968 716 3 8192 2.000000000 2
968 720 3 8192 2.000000000 2
968 752 3 8192 2.000000000 2
968 764 3 8192 2.000000000 2
968 800 3 8192 2.000000000 2
968 828 3 8192 2.000000000 2
968 840 3 8192 2.000000000 2
968 844 3 8192 2.000000000 2
968 848 3 8192 2.000000000 2
968 864 3 8192 2.000000000 2
968 868 3 8192 2.000000000 2
968 872 3 8192 2.000000000 2
968 884 3 8192 2.000000000 2
968 892 3 8192 2.000000000 2
968 904 3 8192 2.000000000 2
968 916 3 8192 2.000000000 2
968 960 3 8192 2.000000000 2
968 992 3 8192 2.000000000 2
968 1004 3 8192 2.000000000 2
968 1032 3 8192 2.000000000 2
968 1040 3 8192 2.000000000 2
968 1084 3 8192 2.000000000 2
968 1096 3 8192 2.000000000 2
968 1124 3 8192 2.000000000 2
968 1128 3 8192 2.000000000 2
968 1148 3 8192 2.000000000 2
968 1160 3 8192 2.000000000 2
968 1164 3 8192 2.000000000 2
968 1220 3 8192 2.000000000 2
968 1236 3 8192 2.000000000 2
968 1248 3 8192 2.000000000 2
976 12 3 8192 2.000000000 2
976 20 3 8192 2.000000000 2
976 72 3 8192 2.000000000 2
976 80 3 8192 2.000000000 2
976 92 3 8192 2.000000000 2
976 112 3 8192 2.000000000 2
976 136 3 8192 2.000000000 2
976 156 3 8192 2.000000000 2
976 176 3 8192 2.000000000 2
976 200 3 8192 2.000000000 2
976 208 3 8192 2.000000000 2
976 240 3 8192 2.000000000 2
976 320 3 8192 2.000000000 2
976 328 3 8192 2.000000000 2
976 356 3 8192 2.000000000 2
976 384 3 8192 2.000000000 2
976 396 3 8192 2.000000000 2
976 408 3 8192 2.000000000 2
976 424 3 8192 2.000000000 2
976 472 3 8192 2.000000000 2
976 496 3 8192 2.000000000 2
976 504 3 8192 2.000000000 2
976 508 3 8192 2.000000000 2
976 520 3 8192 2.000000000 2
976 572 3 8192 2.000000000 2
976 576 3 8192 2.000000000 2
976 580 3 8192 2.000000000 2
976 592 3 8192 2.000000000 2
976 604 3 8192 2.000000000 2
976 608 3 8192 2.000000000 2
976 624 3 8192 2.000000000 2
976 648 3 8192 2.000000000 2
976 664 3 8192 2.000000000 2
976 672 3 8192 2.000000000 2
976 708 3 8192 2.000000000 2
976 712 3 8192 2.000000000 2
976 788 3 8192 2.000000000 2
976 792 3 8192 2.000000000 2
976 804 3 8192 2.000000000 2
976 812 3 8192 2.000000000 2
976 836 3 8192 2.000000000 2
976 848 3 8192 2.000000000 2
976 868 3 8192 2.000000000 2
976 872 3 8192 2.000000000 2
976 876 3 8192 2.000000000 2
976 888 3 8192 2.000000000 2
976 892 3 8192 2.000000000 2
976 920 3 8192 2.000000000 2
976 924 3 8192 2.000000000 2
976 940 3 8192 2.000000000 2
976 948 3 8192 2.000000000 2
976 1012 3 8192 2.000000000 2
976 1060 3 8192 2.000000000 2
976 1068 3 8192 2.000000000 2
976 1076 3 8192 2.000000000 2
976 1100 3 8192 2.000000000 2
976 1128 3 8192 2.000000000 2
976 1148 3 8192 2.000000000 2
976 1156 3 8192 2.000000000 2
976 1176 3 8192 2.000000000 2
976 1180 3 8192 2.000000000 2
976 1200 3 8192 2.000000000 2
976 1244 3 8192 2.000000000 2
976 1264 3 8192 2.000000000 2
980 4 3 8192 2.000000000 2
980 20 3 8192 2.000000000 2
980 40 3 8192 2.000000000 2
980 72 3 8192 2.000000000 2
980 92 3 8192 2.000000000 2
980 132 3 8192 2.000000000 2
980 136 3 8192 2.000000000 2
980 172 3 8192 2.000000000 2
980 192 3 8192 2.000000000 2
980 208 3 8192 2.000000000 2
980 228 3 8192 2.000000000 2
980 240 3 8192 2.000000000 2
980 248 3 8192 2.000000000 2
980 304 3 8192 2.000000000 2
980 320 3 8192 2.000000000 2
980 348 3 8192 2.000000000 2
980 368 3 8192 2.000000000 2
980 396 3 8192 2.000000000 2
980 408 3 8192 2.000000000 2
980 456 3 8192 2.000000000 2
980 476 3 8192 2.000000000 2
980 484 3 8192 2.000000000 2
980 488 3 8192 2.000000000 2
980 496 3 8192 2.000000000 2
980 512 3 8192 2.000000000 2
980 524 3 8192 2.000000000 2
980 532 3 8192 2.000000000 2
980 544 3 8192 2.000000000 2
980 572 3 8192 2.000000000 2
980 628 3 8192 2.000000000 2
980 636 3 8192 2.000000000 2
980 640 3 8192 2.000000000 2
980 668 3 8192 2.000000000 2
980 684 3 8192 2.000000000 2
980 692 3 8192 2.000000000 2
980 704 3 8192 2.000000000 2
980 712 3 8192 2.000000000 2
980 720 3 8192 2.000000000 2
980 756 3 8192 2.000000000 2
980 764 3 8192 2.000000000 2
980 768 3 8192 2.000000000 2
980 808 3 8192 2.000000000 2
980 812 3 8192 2.000000000 2
980 836 3 8192 2.000000000 2
980 864 3 8192 2.000000000 2
980 872 3 8192 2.000000000 2
980 876 3 8192 2.000000000 2
980 880 3 8192 2.000000000 2
980 884 3 8192 2.000000000 2
980 892 3 8192 2.000000000 2
980 908 3 8192 2.000000000 2
980 916 3 8192 2.000000000 2
980 956 3 8192 2.000000000 2
980 988 3 8192 2.000000000 2
980 1008 3 8192 2.000000000 2
980 1068 3 8192 2.000000000 2
980 1092 3 8192 2.000000000 2
980 1100 3 8192 2.000000000 2
980 1124 3 8192 2.000000000 2
980 1172 3 8192 2.000000000 2
980 1180 3 8192 2.000000000 2
980 1212 3 8192 2.000000000 2
980 1244 3 8192 2.000000000 2
980 1256 3 8192 2.000000000 2
988 0 3 8192 2.000000000 2
988 20 3 8192 2.000000000 2
988 48 3 8192 2.000000000 2
988 68 3 8192 2.000000000 2
988 108 3 8192 2.000000000 2
988 120 3 8192 2.000000000 2
988 284 3 8192 2.000000000 2
988 288 3 8192 2.000000000 2
988 308 3 8192 2.000000000 2
988 312 3 8192 2.000000000 2
988 328 3 8192 2.000000000 2
988 340 3 8192 2.000000000 2
988 344 3 8192 2.000000000 2
988 348 3 8192 2.000000000 2
988 396 3 8192 2.000000000 2
988 424 3 8192 2.000000000 2
988 456 3 8192 2.000000000 2
988 464 3 8192 2.000000000 2
988 492 3 8192 2.000000000 2
988 508 3 8192 2.000000000 2
988 516 3 8192 2.000000000 2
988 520 3 8192 2.000000000 2
988 572 3 8192 2.000000000 2
988 576 3 8192 2.000000000 2
988 588 3 8192 2.000000000 2
988 644 3 8192 2.000000000 2
988 652 3 8192 2.000000000 2
988 656 3 8192 2.000000000 2
988 660 3 8192 2.000000000 2
988 664 3 8192 2.000000000 2
988 668 3 8192 2.000000000 2
988 684 3 8192 2.000000000 2
988 696 3 8192 2.000000000 2
988 704 3 8192 2.000000000 2
988 744 3 8192 2.000000000 2
988 756 3 8192 2.000000000 2
988 772 3 8192 2.000000000 2
988 800 3 8192 2.000000000 2
988 804 3 8192 2.000000000 2
988 816 3 8192 2.000000000 2
988 824 3 8192 2.000000000 2
988 836 3 8192 2.000000000 2
988 840 3 8192 2.000000000 2
988 884 3 8192 2.000000000 2
988 912 3 8192 2.000000000 2
988 916 3 8192 2.000000000 2
988 920 3 8192 2.000000000 2
988 924 3 8192 2.000000000 2
988 948 3 8192 2.000000000 2
988 956 3 8192 2.000000000 2
988 992 3 8192 2.000000000 2
988 996 3 8192 2.000000000 2
988 1044 3 8192 2.000000000 2
988 1064 3 8192 2.000000000 2
988 1068 3 8192 2.000000000 2
988 1084 3 8192 2.000000000 2
988 1148 3 8192 2.000000000 2
988 1160 3 8192 2.000000000 2
988 1168 3 8192 2.000000000 2
988 1184 3 8192 2.000000000 2
988 1204 3 8192 2.000000000 2
988 1208 3 8192 2.000000000 2
988 1244 3 8192 2.000000000 2
988 1256 3 8192 2.000000000 2
992 0 3 8192 2.000000000 2
992 4 3 8192 2.000000000 2
992 12 3 8192 2.000000000 2
992 40 3 8192 2.000000000 2
992 48 3 8192 2.000000000 2
992 68 3 8192 2.000000000 2
992 72 3 8192 2.000000000 2
992 96 3 8192 2.000000000 2
992 108 3 8192 2.000000000 2
992 112 3 8192 2.000000000 2
992 140 3 8192 2.000000000 2
992 168 3 8192 2.000000000 2
992 176 3 8192 2.000000000 2
992 220 3 8192 2.000000000 2
992 252 3 8192 2.000000000 2
992 284 3 8192 2.000000000 2
992 324 3 8192 2.000000000 2
992 332 3 8192 2.000000000 2
992 344 3 8192 2.000000000 2
992 360 3 8192 2.000000000 2
992 380 3 8192 2.000000000 2
992 400 3 8192 2.000000000 2
992 408 3 8192 2.000000000 2
992 424 3 8192 2.000000000 2
992 440 3 8192 2.000000000 2
992 460 3 8192 2.000000000 2
992 524 3 8192 2.000000000 2
992 560 3 8192 2.000000000 2
992 588 3 8192 2.000000000 2
992 620 3 8192 2.000000000 2
992 624 3 8192 2.000000000 2
992 640 3 8192 2.000000000 2
992 644 3 8192 2.000000000 2
992 656 3 8192 2.000000000 2
992 684 3 8192 2.000000000 2
992 692 3 8192 2.000000000 2
992 696 3 8192 2.000000000 2
992 716 3 8192 2.000000000 2
992 720 3 8192 2.000000000 2
992 760 3 8192 2.000000000 2
992 804 3 8192 2.000000000 2
992 808 3 8192 2.000000000 2
992 812 3 8192 2.000000000 2
992 816 3 8192 2.000000000 2
992 824 3 8192 2.000000000 2
992 836 3 8192 2.000000000 2
992 840 3 8192 2.000000000 2
992 908 3 8192 2.000000000 2
992 928 3 8192 2.000000000 2
992 932 3 8192 2.000000000 2
992 988 3 8192 2.000000000 2
992 1060 3 8192 2.000000000 2
992 1064 3 8192 2.000000000 2
992 1068 3 8192 2.000000000 2
992 1076 3 8192 2.000000000 2
992 1096 3 8192 2.000000000 2
992 1116 3 8192 2.000000000 2
992 1144 3 8192 2.000000000 2
992 1184 3 8192 2.000000000 2
992 1192 3 8192 2.000000000 2
992 1204 3 8192 2.000000000 2
992 1212 3 8192 2.000000000 2
992 1248 3 8192 2.000000000 2
992 1256 3 8192 2.000000000 2
996 44 3 8192 2.000000000 2
996 56 3 8192 2.000000000 2
996 112 3 8192 2.000000000 2
996 116 3 8192 2.000000000 2
996 176 3 8192 2.000000000 2
996 184 3 8192 2.000000000 2
996 192 3 8192 2.000000000 2
996 212 3 8192 2.000000000 2
996 216 3 8192 2.000000000 2
996 264 3 8192 2.000000000 2
996 268 3 8192 2.000000000 2
996 284 3 8192 2.000000000 2
996 288 3 8192 2.000000000 2
996 292 3 8192 2.000000000 2
996 312 3 8192 2.000000000 2
996 316 3 8192 2.000000000 2
996 324 3 8192 2.000000000 2
996 348 3 8192 2.000000000 2
996 368 3 8192 2.000000000 2
996 380 3 8192 2.000000000 2
996 400 3 8192 2.000000000 2
996 404 3 8192 2.000000000 2
996 440 3 8192 2.000000000 2
996 468 3 8192 2.000000000 2
996 496 3 8192 2.000000000 2
996 508 3 8192 2.000000000 2
996 516 3 8192 2.000000000 2
996 540 3 8192 2.000000000 2
996 544 3 8192 2.000000000 2
996 560 3 8192 2.000000000 2
996 584 3 8192 2.000000000 2
996 600 3 8192 2.000000000 2
996 608 3 8192 2.000000000 2
996 612 3 8192 2.000000000 2
996 636 3 8192 2.000000000 2
996 652 3 8192 2.000000000 2
996 668 3 8192 2.000000000 2
996 684 3 8192 2.000000000 2
996 704 3 8192 2.000000000 2
996 768 3 8192 2.000000000 2
996 788 3 8192 2.000000000 2
996 856 3 8192 2.000000000 2
996 872 3 8192 2.000000000 2
996 876 3 8192 2.000000000 2
996 880 3 8192 2.000000000 2
996 892 3 8192 2.000000000 2
996 904 3 8192 2.000000000 2
996 908 3 8192 2.000000000 2
996 928 3 8192 2.000000000 2
996 940 3 8192 2.000000000 2
996 960 3 8192 2.000000000 2
996 988 3 8192 2.000000000 2
996 1028 3 8192 2.000000000 2
996 1060 3 8192 2.000000000 2
996 1084 3 8192 2.000000000 2
996 1124 3 8192 2.000000000 2
996 1128 3 8192 2.000000000 2
996 1160 3 8192 2.000000000 2
996 1184 3 8192 2.000000000 2
996 1200 3 8192 2.000000000 2
996 1204 3 8192 2.000000000 2
996 1208 3 8192 2.000000000 2
996 1224 3 8192 2.000000000 2
996 1248 3 8192 2.000000000 2
1000 0 3 8192 2.000000000 2
1000 12 3 8192 2.000000000 2
1000 40 3 8192 2.000000000 2
1000 56 3 8192 2.000000000 2
1000 92 3 8192 2.000000000 2
1000 104 3 8192 2.000000000 2
1000 152 3 8192 2.000000000 2
1000 176 3 8192 2.000000000 2
1000 180 3 8192 2.000000000 2
1000 208 3 8192 2.000000000 2
1000 212 3 8192 2.000000000 2
1000 248 3 8192 2.000000000 2
1000 256 3 8192 2.000000000 2
1000 268 3 8192 2.000000000 2
1000 312 3 8192 2.000000000 2
1000 324 3 8192 2.000000000 2
1000 328 3 8192 2.000000000 2
1000 332 3 8192 2.000000000 2
1000 336 3 8192 2.000000000 2
1000 344 3 8192 2.000000000 2
1000 408 3 8192 2.000000000 2
1000 424 3 8192 2.000000000 2
1000 468 3 8192 2.000000000 2
1000 472 3 8192 2.000000000 2
1000 512 3 8192 2.000000000 2
1000 544 3 8192 2.000000000 2
1000 560 3 8192 2.000000000 2
1000 564 3 8192 2.000000000 2
1000 592 3 8192 2.000000000 2
1000 600 3 8192 2.000000000 2
1000 616 3 8192 2.000000000 2
1000 640 3 8192 2.000000000 2
1000 648 3 8192 2.000000000 2
1000 692 3 8192 2.000000000 2
1000 704 3 8192 2.000000000 2
1000 716 3 8192 2.000000000 2
1000 760 3 8192 2.000000000 2
1000 764 3 8192 2.000000000 2
1000 808 3 8192 2.000000000 2
1000 852 3 8192 2.000000000 2
1000 868 3 8192 2.000000000 2
1000 872 3 8192 2.000000000 2
1000 880 3 8192 2.000000000 2
1000 892 3 8192 2.000000000 2
1000 904 3 8192 2.000000000 2
1000 912 3 8192 2.000000000 2
1000 968 3 8192 2.000000000 2
1000 1032 3 8192 2.000000000 2
1000 1036 3 8192 2.000000000 2
1000 1040 3 8192 2.000000000 2
1000 1100 3 8192 2.000000000 2
1000 1108 3 8192 2.000000000 2
1000 1116 3 8192 2.000000000 2
1000 1124 3 8192 2.000000000 2
1000 1128 3 8192 2.000000000 2
1000 1144 3 8192 2.000000000 2
1000 1172 3 8192 2.000000000 2
1000 1180 3 8192 2.000000000 2
1000 1184 3 8192 2.000000000 2
1000 1192 3 8192 2.000000000 2
1000 1212 3 8192 2.000000000 2
1000 1244 3 8192 2.000000000 2
1000 1256 3 8192 2.000000000 2
1000 1264 3 8192 2.000000000 2
1004 4 3 8192 2.000000000 2
1004 80 3 8192 2.000000000 2
1004 108 3 8192 2.000000000 2
1004 140 3 8192 2.000000000 2
1004 152 3 8192 2.000000000 2
1004 184 3 8192 2.000000000 2
1004 208 3 8192 2.000000000 2
1004 216 3 8192 2.000000000 2
1004 256 3 8192 2.000000000 2
1004 288 3 8192 2.000000000 2
1004 316 3 8192 2.000000000 2
1004 336 3 8192 2.000000000 2
1004 340 3 8192 2.000000000 2
1004 372 3 8192 2.000000000 2
1004 400 3 8192 2.000000000 2
1004 404 3 8192 2.000000000 2
1004 492 3 8192 2.000000000 2
1004 516 3 8192 2.000000000 2
1004 540 3 8192 2.000000000 2
1004 560 3 8192 2.000000000 2
1004 568 3 8192 2.000000000 2
1004 580 3 8192 2.000000000 2
1004 588 3 8192 2.000000000 2
1004 592 3 8192 2.000000000 2
1004 608 3 8192 2.000000000 2
1004 616 3 8192 2.000000000 2
1004 628 3 8192 2.000000000 2
1004 644 3 8192 2.000000000 2
1004 648 3 8192 2.000000000 2
1004 652 3 8192 2.000000000 2
1004 656 3 8192 2.000000000 2
1004 672 3 8192 2.000000000 2
1004 680 3 8192 2.000000000 2
1004 684 3 8192 2.000000000 2
1004 704 3 8192 2.000000000 2
1004 708 3 8192 2.000000000 2
1004 756 3 8192 2.000000000 2
1004 836 3 8192 2.000000000 2
1004 844 3 8192 2.000000000 2
1004 864 3 8192 2.000000000 2
1004 868 3 8192 2.000000000 2
1004 884 3 8192 2.000000000 2
1004 920 3 8192 2.000000000 2
1004 924 3 8192 2.000000000 2
1004 956 3 8192 2.000000000 2
1004 960 3 8192 2.000000000 2
1004 964 3 8192 2.000000000 2
1004 976 3 8192 2.000000000 2
1004 1000 3 8192 2.000000000 2
1004 1024 3 8192 2.000000000 2
1004 1032 3 8192 2.000000000 2
1004 1044 3 8192 2.000000000 2
1004 1064 3 8192 2.000000000 2
1004 1084 3 8192 2.000000000 2
1004 1096 3 8192 2.000000000 2
1004 1100 3 8192 2.000000000 2
1004 1132 3 8192 2.000000000 2
1004 1156 3 8192 2.000000000 2
1004 1180 3 8192 2.000000000 2
1004 1204 3 8192 2.000000000 2
1004 1216 3 8192 2.000000000 2
1004 1220 3 8192 2.000000000 2
1004 1244 3 8192 2.000000000 2
1004 1264 3 8192 2.000000000 2
1008 44 3 8192 2.000000000 2
1008 48 3 8192 2.000000000 2
1008 72 3 8192 2.000000000 2
1008 92 3 8192 2.000000000 2
1008 100 3 8192 2.000000000 2
1008 112 3 8192 2.000000000 2
1008 116 3 8192 2.000000000 2
1008 120 3 8192 2.000000000 2
1008 124 3 8192 2.000000000 2
1008 208 3 8192 2.000000000 2
1008 212 3 8192 2.000000000 2
1008 240 3 8192 2.000000000 2
1008 252 3 8192 2.000000000 2
1008 256 3 8192 2.000000000 2
1008 260 3 8192 2.000000000 2
1008 300 3 8192 2.000000000 2
1008 328 3 8192 2.000000000 2
1008 336 3 8192 2.000000000 2
1008 356 3 8192 2.000000000 2
1008 360 3 8192 2.000000000 2
1008 368 3 8192 2.000000000 2
1008 372 3 8192 2.000000000 2
1008 380 3 8192 2.000000000 2
1008 404 3 8192 2.000000000 2
1008 408 3 8192 2.000000000 2
1008 460 3 8192 2.000000000 2
1008 464 3 8192 2.000000000 2
1008 504 3 8192 2.000000000 2
1008 508 3 8192 2.000000000 2
1008 524 3 8192 2.000000000 2
1008 532 3 8192 2.000000000 2
1008 552 3 8192 2.000000000 2
1008 560 3 8192 2.000000000 2
1008 580 3 8192 2.000000000 2
1008 600 3 8192 2.000000000 2
1008 604 3 8192 2.000000000 2
1008 636 3 8192 2.000000000 2
1008 644 3 8192 2.000000000 2
1008 648 3 8192 2.000000000 2
1008 656 3 8192 2.000000000 2
1008 704 3 8192 2.000000000 2
1008 740 3 8192 2.000000000 2
1008 800 3 8192 2.000000000 2
1008 804 3 8192 2.000000000 2
1008 812 3 8192 2.000000000 2
1008 836 3 8192 2.000000000 2
1008 892 3 8192 2.000000000 2
1008 912 3 8192 2.000000000 2
1008 932 3 8192 2.000000000 2
1008 948 3 8192 2.000000000 2
1008 956 3 8192 2.000000000 2
1008 968 3 8192 2.000000000 2
1008 988 3 8192 2.000000000 2
1008 1028 3 8192 2.000000000 2
1008 1040 3 8192 2.000000000 2
1008 1052 3 8192 2.000000000 2
1008 1084 3 8192 2.000000000 2
1008 1100 3 8192 2.000000000 2
1008 1120 3 8192 2.000000000 2
1008 1172 3 8192 2.000000000 2
1008 1184 3 8192 2.000000000 2
1008 1208 3 8192 2.000000000 2
1008 1236 3 8192 2.000000000 2
1008 1248 3 8192 2.000000000 2
1012 20 3 8192 2.000000000 2
1012 32 3 8192 2.000000000 2
1012 36 3 8192 2.000000000 2
1012 44 3 8192 2.000000000 2
1012 100 3 8192 2.000000000 2
1012 104 3 8192 2.000000000 2
1012 124 3 8192 2.000000000 2
1012 160 3 8192 2.000000000 2
1012 172 3 8192 2.000000000 2
1012 208 3 8192 2.000000000 2
1012 216 3 8192 2.000000000 2
1012 248 3 8192 2.000000000 2
1012 252 3 8192 2.000000000 2
1012 300 3 8192 2.000000000 2
1012 312 3 8192 2.000000000 2
1012 324 3 8192 2.000000000 2
1012 328 3 8192 2.000000000 2
1012 332 3 8192 2.000000000 2
1012 340 3 8192 2.000000000 2
1012 348 3 8192 2.000000000 2
1012 380 3 8192 2.000000000 2
1012 400 3 8192 2.000000000 2
1012 408 3 8192 2.000000000 2
1012 424 3 8192 2.000000000 2
1012 436 3 8192 2.000000000 2
1012 464 3 8192 2.000000000 2
1012 552 3 8192 2.000000000 2
1012 560 3 8192 2.000000000 2
1012 600 3 8192 2.000000000 2
1012 608 3 8192 2.000000000 2
1012 632 3 8192 2.000000000 2
1012 636 3 8192 2.000000000 2
1012 656 3 8192 2.000000000 2
1012 660 3 8192 2.000000000 2
1012 684 3 8192 2.000000000 2
1012 712 3 8192 2.000000000 2
1012 716 3 8192 2.000000000 2
1012 732 3 8192 2.000000000 2
1012 752 3 8192 2.000000000 2
1012 812 3 8192 2.000000000 2
1012 824 3 8192 2.000000000 2
1012 828 3 8192 2.000000000 2
1012 836 3 8192 2.000000000 2
1012 852 3 8192 2.000000000 2
1012 856 3 8192 2.000000000 2
1012 908 3 8192 2.000000000 2
1012 912 3 8192 2.000000000 2
1012 916 3 8192 2.000000000 2
1012 924 3 8192 2.000000000 2
1012 976 3 8192 2.000000000 2
1012 1032 3 8192 2.000000000 2
1012 1060 3 8192 2.000000000 2
1012 1064 3 8192 2.000000000 2
1012 1068 3 8192 2.000000000 2
1012 1076 3 8192 2.000000000 2
1012 1100 3 8192 2.000000000 2
1012 1148 3 8192 2.000000000 2
1012 1160 3 8192 2.000000000 2
1012 1168 3 8192 2.000000000 2
1012 1172 3 8192 2.000000000 2
1012 1176 3 8192 2.000000000 2
1012 1180 3 8192 2.000000000 2
1012 1204 3 8192 2.000000000 2
1012 1212 3 8192 2.000000000 2
1016 8 3 8192 2.000000000 2
1016 20 3 8192 2.000000000 2
1016 36 3 8192 2.000000000 2
1016 48 3 8192 2.000000000 2
1016 76 3 8192 2.000000000 2
1016 80 3 8192 2.000000000 2
1016 160 3 8192 2.000000000 2
1016 200 3 8192 2.000000000 2
1016 208 3 8192 2.000000000 2
1016 268 3 8192 2.000000000 2
1016 288 3 8192 2.000000000 2
1016 304 3 8192 2.000000000 2
1016 308 3 8192 2.000000000 2
1016 316 3 8192 2.000000000 2
1016 328 3 8192 2.000000000 2
1016 356 3 8192 2.000000000 2
1016 380 3 8192 2.000000000 2
1016 404 3 8192 2.000000000 2
1016 436 3 8192 2.000000000 2
1016 452 3 8192 2.000000000 2
1016 476 3 8192 2.000000000 2
1016 484 3 8192 2.000000000 2
1016 488 3 8192 2.000000000 2
1016 496 3 8192 2.000000000 2
1016 500 3 8192 2.000000000 2
1016 508 3 8192 2.000000000 2
1016 520 3 8192 2.000000000 2
1016 532 3 8192 2.000000000 2
1016 536 3 8192 2.000000000 2
1016 540 3 8192 2.000000000 2
1016 544 3 8192 2.000000000 2
1016 564 3 8192 2.000000000 2
1016 584 3 8192 2.000000000 2
1016 600 3 8192 2.000000000 2
1016 604 3 8192 2.000000000 2
1016 628 3 8192 2.000000000 2
1016 636 3 8192 2.000000000 2
1016 672 3 8192 2.000000000 2
1016 680 3 8192 2.000000000 2
1016 700 3 8192 2.000000000 2
1016 740 3 8192 2.000000000 2
1016 748 3 8192 2.000000000 2
1016 752 3 8192 2.000000000 2
1016 760 3 8192 2.000000000 2
1016 768 3 8192 2.000000000 2
1016 824 3 8192 2.000000000 2
1016 840 3 8192 2.000000000 2
1016 888 3 8192 2.000000000 2
1016 964 3 8192 2.000000000 2
1016 988 3 8192 2.000000000 2
1016 1000 3 8192 2.000000000 2
1016 1012 3 8192 2.000000000 2
1016 1028 3 8192 2.000000000 2
1016 1036 3 8192 2.000000000 2
1016 1092 3 8192 2.000000000 2
1016 1100 3 8192 2.000000000 2
1016 1124 3 8192 2.000000000 2
1016 1160 3 8192 2.000000000 2
1016 1164 3 8192 2.000000000 2
1016 1208 3 8192 2.000000000 2
1016 1212 3 8192 2.000000000 2
1016 1220 3 8192 2.000000000 2
1016 1248 3 8192 2.000000000 2
1016 1256 3 8192 2.000000000 2
1020 8 3 8192 2.000000000 2
1020 12 3 8192 2.000000000 2
1020 32 3 8192 2.000000000 2
1020 56 3 8192 2.000000000 2
1020 76 3 8192 2.000000000 2
1020 88 3 8192 2.000000000 2
1020 112 3 8192 2.000000000 2
1020 160 3 8192 2.000000000 2
1020 176 3 8192 2.000000000 2
1020 212 3 8192 2.000000000 2
1020 216 3 8192 2.000000000 2
1020 236 3 8192 2.000000000 2
1020 260 3 8192 2.000000000 2
1020 288 3 8192 2.000000000 2
1020 292 3 8192 2.000000000 2
1020 320 3 8192 2.000000000 2
1020 332 3 8192 2.000000000 2
1020 344 3 8192 2.000000000 2
1020 360 3 8192 2.000000000 2
1020 388 3 8192 2.000000000 2
1020 400 3 8192 2.000000000 2
1020 404 3 8192 2.000000000 2
1020 432 3 8192 2.000000000 2
1020 440 3 8192 2.000000000 2
1020 452 3 8192 2.000000000 2
1020 484 3 8192 2.000000000 2
1020 488 3 8192 2.000000000 2
1020 492 3 8192 2.000000000 2
1020 496 3 8192 2.000000000 2
1020 512 3 8192 2.000000000 2
1020 516 3 8192 2.000000000 2
1020 540 3 8192 2.000000000 2
1020 544 3 8192 2.000000000 2
1020 560 3 8192 2.000000000 2
1020 564 3 8192 2.000000000 2
1020 640 3 8192 2.000000000 2
1020 652 3 8192 2.000000000 2
1020 680 3 8192 2.000000000 2
1020 688 3 8192 2.000000000 2
1020 712 3 8192 2.000000000 2
1020 772 3 8192 2.000000000 2
1020 792 3 8192 2.000000000 2
1020 808 3 8192 2.000000000 2
1020 848 3 8192 2.000000000 2
1020 852 3 8192 2.000000000 2
1020 864 3 8192 2.000000000 2
1020 908 3 8192 2.000000000 2
1020 916 3 8192 2.000000000 2
1020 928 3 8192 2.000000000 2
1020 932 3 8192 2.000000000 2
1020 948 3 8192 2.000000000 2
1020 960 3 8192 2.000000000 2
1020 992 3 8192 2.000000000 2
1020 1012 3 8192 2.000000000 2
1020 1044 3 8192 2.000000000 2
1020 1084 3 8192 2.000000000 2
1020 1100 3 8192 2.000000000 2
1020 1144 3 8192 2.000000000 2
1020 1180 3 8192 2.000000000 2
1020 1208 3 8192 2.000000000 2
1020 1232 3 8192 2.000000000 2
1020 1236 3 8192 2.000000000 2
1020 1256 3 8192 2.000000000 2
1020 1260 3 8192 2.000000000 2
1024 72 3 8192 2.000000000 2
1024 88 3 8192 2.000000000 2
1024 96 3 8192 2.000000000 2
1024 100 3 8192 2.000000000 2
1024 108 3 8192 2.000000000 2
1024 152 3 8192 2.000000000 2
1024 160 3 8192 2.000000000 2
1024 228 3 8192 2.000000000 2
1024 236 3 8192 2.000000000 2
1024 248 3 8192 2.000000000 2
1024 284 3 8192 2.000000000 2
1024 312 3 8192 2.000000000 2
1024 316 3 8192 2.000000000 2
1024 320 3 8192 2.000000000 2
1024 324 3 8192 2.000000000 2
1024 332 3 8192 2.000000000 2
1024 336 3 8192 2.000000000 2
1024 344 3 8192 2.000000000 2
1024 368 3 8192 2.000000000 2
1024 392 3 8192 2.000000000 2
1024 400 3 8192 2.000000000 2
1024 404 3 8192 2.000000000 2
1024 476 3 8192 2.000000000 2
1024 508 3 8192 2.000000000 2
1024 544 3 8192 2.000000000 2
1024 572 3 8192 2.000000000 2
1024 576 3 8192 2.000000000 2
1024 580 3 8192 2.000000000 2
1024 632 3 8192 2.000000000 2
1024 636 3 8192 2.000000000 2
1024 640 3 8192 2.000000000 2
1024 660 3 8192 2.000000000 2
1024 668 3 8192 2.000000000 2
1024 680 3 8192 2.000000000 2
1024 696 3 8192 2.000000000 2
1024 752 3 8192 2.000000000 2
1024 768 3 8192 2.000000000 2
1024 804 3 8192 2.000000000 2
1024 808 3 8192 2.000000000 2
1024 836 3 8192 2.000000000 2
1024 852 3 8192 2.000000000 2
1024 876 3 8192 2.000000000 2
1024 900 3 8192 2.000000000 2
1024 924 3 8192 2.000000000 2
1024 932 3 8192 2.000000000 2
1024 964 3 8192 2.000000000 2
1024 980 3 8192 2.000000000 2
1024 992 3 8192 2.000000000 2
1024 996 3 8192 2.000000000 2
1024 1004 3 8192 2.000000000 2
1024 1012 3 8192 2.000000000 2
1024 1052 3 8192 2.000000000 2
1024 1084 3 8192 2.000000000 2
1024 1092 3 8192 2.000000000 2
1024 1108 3 8192 2.000000000 2
1024 1116 3 8192 2.000000000 2
1024 1148 3 8192 2.000000000 2
1024 1156 3 8192 2.000000000 2
1024 1160 3 8192 2.000000000 2
1024 1168 3 8192 2.000000000 2
1024 1172 3 8192 2.000000000 2
1024 1176 3 8192 2.000000000 2
1024 1192 3 8192 2.000000000 2
1024 1208 3 8192 2.000000000 2
1028 36 3 8192 2.000000000 2
1028 44 3 8192 2.000000000 2
1028 68 3 8192 2.000000000 2
1028 76 3 8192 2.000000000 2
1028 96 3 8192 2.000000000 2
1028 116 3 8192 2.000000000 2
1028 124 3 8192 2.000000000 2
1028 160 3 8192 2.000000000 2
1028 216 3 8192 2.000000000 2
1028 252 3 8192 2.000000000 2
1028 264 3 8192 2.000000000 2
1028 284 3 8192 2.000000000 2
1028 360 3 8192 2.000000000 2
1028 368 3 8192 2.000000000 2
1028 380 3 8192 2.000000000 2
1028 388 3 8192 2.000000000 2
1028 392 3 8192 2.000000000 2
1028 432 3 8192 2.000000000 2
1028 452 3 8192 2.000000000 2
1028 456 3 8192 2.000000000 2
1028 476 3 8192 2.000000000 2
1028 488 3 8192 2.000000000 2
1028 496 3 8192 2.000000000 2
1028 508 3 8192 2.000000000 2
1028 512 3 8192 2.000000000 2
1028 544 3 8192 2.000000000 2
1028 560 3 8192 2.000000000 2
1028 572 3 8192 2.000000000 2
1028 584 3 8192 2.000000000 2
1028 604 3 8192 2.000000000 2
1028 608 3 8192 2.000000000 2
1028 620 3 8192 2.000000000 2
1028 624 3 8192 2.000000000 2
1028 640 3 8192 2.000000000 2
1028 688 3 8192 2.000000000 2
1028 696 3 8192 2.000000000 2
1028 700 3 8192 2.000000000 2
1028 708 3 8192 2.000000000 2
1028 748 3 8192 2.000000000 2
1028 760 3 8192 2.000000000 2
1028 828 3 8192 2.000000000 2
1028 840 3 8192 2.000000000 2
1028 848 3 8192 2.000000000 2
1028 872 3 8192 2.000000000 2
1028 888 3 8192 2.000000000 2
1028 892 3 8192 2.000000000 2
1028 904 3 8192 2.000000000 2
1028 908 3 8192 2.000000000 2
1028 916 3 8192 2.000000000 2
1028 924 3 8192 2.000000000 2
1028 956 3 8192 2.000000000 2
1028 964 3 8192 2.000000000 2
1028 968 3 8192 2.000000000 2
1028 980 3 8192 2.000000000 2
1028 1016 3 8192 2.000000000 2
1028 1024 3 8192 2.000000000 2
1028 1064 3 8192 2.000000000 2
1028 1168 3 8192 2.000000000 2
1028 1176 3 8192 2.000000000 2
1028 1208 3 8192 2.000000000 2
1028 1224 3 8192 2.000000000 2
1028 1244 3 8192 2.000000000 2
1028 1264 3 8192 2.000000000 2
1028 1268 3 8192 2.000000000 2
1032 8 3 8192 2.000000000 2
1032 12 3 8192 2.000000000 2
1032 20 3 8192 2.000000000 2
1032 28 3 8192 2.000000000 2
1032 48 3 8192 2.000000000 2
1032 68 3 8192 2.000000000 2
1032 72 3 8192 2.000000000 2
1032 88 3 8192 2.000000000 2
1032 120 3 8192 2.000000000 2
1032 136 3 8192 2.000000000 2
1032 172 3 8192 2.000000000 2
1032 192 3 8192 2.000000000 2
1032 216 3 8192 2.000000000 2
1032 268 3 8192 2.000000000 2
1032 292 3 8192 2.000000000 2
1032 312 3 8192 2.000000000 2
1032 332 3 8192 2.000000000 2
1032 336 3 8192 2.000000000 2
1032 348 3 8192 2.000000000 2
1032 396 3 8192 2.000000000 2
1032 404 3 8192 2.000000000 2
1032 408 3 8192 2.000000000 2
1032 432 3 8192 2.000000000 2
1032 488 3 8192 2.000000000 2
1032 524 3 8192 2.000000000 2
1032 540 3 8192 2.000000000 2
1032 552 3 8192 2.000000000 2
1032 560 3 8192 2.000000000 2
1032 568 3 8192 2.000000000 2
1032 588 3 8192 2.000000000 2
1032 592 3 8192 2.000000000 2
1032 604 3 8192 2.000000000 2
1032 636 3 8192 2.000000000 2
1032 640 3 8192 2.000000000 2
1032 644 3 8192 2.000000000 2
1032 652 3 8192 2.000000000 2
1032 656 3 8192 2.000000000 2
1032 672 3 8192 2.000000000 2
1032 680 3 8192 2.000000000 2
1032 696 3 8192 2.000000000 2
1032 700 3 8192 2.000000000 2
1032 720 3 8192 2.000000000 2
1032 800 3 8192 2.000000000 2
1032 812 3 8192 2.000000000 2
1032 840 3 8192 2.000000000 2
1032 880 3 8192 2.000000000 2
1032 888 3 8192 2.000000000 2
1032 892 3 8192 2.000000000 2
1032 900 3 8192 2.000000000 2
1032 928 3 8192 2.000000000 2
1032 948 3 8192 2.000000000 2
1032 960 3 8192 2.000000000 2
1032 976 3 8192 2.000000000 2
1032 996 3 8192 2.000000000 2
1032 1000 3 8192 2.000000000 2
1032 1028 3 8192 2.000000000 2
1032 1096 3 8192 2.000000000 2
1032 1100 3 8192 2.000000000 2
1032 1108 3 8192 2.000000000 2
1032 1128 3 8192 2.000000000 2
1032 1132 3 8192 2.000000000 2
1032 1144 3 8192 2.000000000 2
1032 1148 3 8192 2.000000000 2
1032 1232 3 8192 2.000000000 2
1036 8 3 8192 2.000000000 2
1036 20 3 8192 2.000000000 2
1036 28 3 8192 2.000000000 2
1036 40 3 8192 2.000000000 2
1036 76 3 8192 2.000000000 2
1036 88 3 8192 2.000000000 2
1036 104 3 8192 2.000000000 2
1036 108 3 8192 2.000000000 2
1036 116 3 8192 2.000000000 2
1036 136 3 8192 2.000000000 2
1036 140 3 8192 2.000000000 2
1036 184 3 8192 2.000000000 2
1036 216 3 8192 2.000000000 2
1036 240 3 8192 2.000000000 2
1036 268 3 8192 2.000000000 2
1036 288 3 8192 2.000000000 2
1036 292 3 8192 2.000000000 2
1036 312 3 8192 2.000000000 2
1036 328 3 8192 2.000000000 2
1036 332 3 8192 2.000000000 2
1036 368 3 8192 2.000000000 2
1036 372 3 8192 2.000000000 2
1036 380 3 8192 2.000000000 2
1036 440 3 8192 2.000000000 2
1036 452 3 8192 2.000000000 2
1036 508 3 8192 2.000000000 2
1036 524 3 8192 2.000000000 2
1036 536 3 8192 2.000000000 2
1036 544 3 8192 2.000000000 2
1036 572 3 8192 2.000000000 2
1036 580 3 8192 2.000000000 2
1036 592 3 8192 2.000000000 2
1036 596 3 8192 2.000000000 2
1036 604 3 8192 2.000000000 2
1036 608 3 8192 2.000000000 2
1036 612 3 8192 2.000000000 2
1036 636 3 8192 2.000000000 2
1036 644 3 8192 2.000000000 2
1036 648 3 8192 2.000000000 2
1036 680 3 8192 2.000000000 2
1036 720 3 8192 2.000000000 2
1036 748 3 8192 2.000000000 2
1036 752 3 8192 2.000000000 2
1036 760 3 8192 2.000000000 2
1036 768 3 8192 2.000000000 2
1036 804 3 8192 2.000000000 2
1036 828 3 8192 2.000000000 2
1036 836 3 8192 2.000000000 2
1036 872 3 8192 2.000000000 2
1036 900 3 8192 2.000000000 2
1036 1000 3 8192 2.000000000 2
1036 1052 3 8192 2.000000000 2
1036 1068 3 8192 2.000000000 2
1036 1092 3 8192 2.000000000 2
1036 1096 3 8192 2.000000000 2
1036 1124 3 8192 2.000000000 2
1036 1156 3 8192 2.000000000 2
1036 1164 3 8192 2.000000000 2
1036 1168 3 8192 2.000000000 2
1036 1204 3 8192 2.000000000 2
1036 1216 3 8192 2.000000000 2
1036 1236 3 8192 2.000000000 2
1036 1244 3 8192 2.000000000 2
1036 1260 3 8192 2.000000000 2
1040 4 3 8192 2.000000000 2
1040 36 3 8192 2.000000000 2
1040 48 3 8192 2.000000000 2
1040 76 3 8192 2.000000000 2
1040 96 3 8192 2.000000000 2
1040 108 3 8192 2.000000000 2
1040 112 3 8192 2.000000000 2
1040 120 3 8192 2.000000000 2
1040 160 3 8192 2.000000000 2
1040 176 3 8192 2.000000000 2
1040 180 3 8192 2.000000000 2
1040 184 3 8192 2.000000000 2
1040 256 3 8192 2.000000000 2
1040 260 3 8192 2.000000000 2
1040 368 3 8192 2.000000000 2
1040 424 3 8192 2.000000000 2
1040 432 3 8192 2.000000000 2
1040 440 3 8192 2.000000000 2
1040 456 3 8192 2.000000000 2
1040 460 3 8192 2.000000000 2
1040 476 3 8192 2.000000000 2
1040 484 3 8192 2.000000000 2
1040 492 3 8192 2.000000000 2
1040 508 3 8192 2.000000000 2
1040 520 3 8192 2.000000000 2
1040 552 3 8192 2.000000000 2
1040 560 3 8192 2.000000000 2
1040 568 3 8192 2.000000000 2
1040 576 3 8192 2.000000000 2
1040 588 3 8192 2.000000000 2
1040 640 3 8192 2.000000000 2
1040 680 3 8192 2.000000000 2
1040 688 3 8192 2.000000000 2
1040 696 3 8192 2.000000000 2
1040 700 3 8192 2.000000000 2
1040 736 3 8192 2.000000000 2
1040 744 3 8192 2.000000000 2
1040 768 3 8192 2.000000000 2
1040 772 3 8192 2.000000000 2
1040 804 3 8192 2.000000000 2
1040 812 3 8192 2.000000000 2
1040 840 3 8192 2.000000000 2
1040 856 3 8192 2.000000000 2
1040 888 3 8192 2.000000000 2
1040 892 3 8192 2.000000000 2
1040 912 3 8192 2.000000000 2
1040 924 3 8192 2.000000000 2
1040 928 3 8192 2.000000000 2
1040 948 3 8192 2.000000000 2
1040 964 3 8192 2.000000000 2
1040 968 3 8192 2.000000000 2
1040 1004 3 8192 2.000000000 2
1040 1016 3 8192 2.000000000 2
1040 1024 3 8192 2.000000000 2
1040 1036 3 8192 2.000000000 2
1040 1076 3 8192 2.000000000 2
1040 1116 3 8192 2.000000000 2
1040 1120 3 8192 2.000000000 2
1040 1128 3 8192 2.000000000 2
1040 1204 3 8192 2.000000000 2
1040 1244 3 8192 2.000000000 2
1040 1256 3 8192 2.000000000 2
1040 1260 3 8192 2.000000000 2
1040 1268 3 8192 2.000000000 2
1044 4 3 8192 2.000000000 2
1044 12 3 8192 2.000000000 2
1044 32 3 8192 2.000000000 2
1044 48 3 8192 2.000000000 2
1044 96 3 8192 2.000000000 2
1044 160 3 8192 2.000000000 2
1044 220 3 8192 2.000000000 2
1044 228 3 8192 2.000000000 2
1044 260 3 8192 2.000000000 2
1044 268 3 8192 2.000000000 2
1044 300 3 8192 2.000000000 2
1044 304 3 8192 2.000000000 2
1044 312 3 8192 2.000000000 2
1044 316 3 8192 2.000000000 2
1044 320 3 8192 2.000000000 2
1044 328 3 8192 2.000000000 2
1044 360 3 8192 2.000000000 2
1044 368 3 8192 2.000000000 2
1044 372 3 8192 2.000000000 2
1044 388 3 8192 2.000000000 2
1044 400 3 8192 2.000000000 2
1044 432 3 8192 2.000000000 2
1044 468 3 8192 2.000000000 2
1044 480 3 8192 2.000000000 2
1044 524 3 8192 2.000000000 2
1044 532 3 8192 2.000000000 2
1044 564 3 8192 2.000000000 2
1044 572 3 8192 2.000000000 2
1044 588 3 8192 2.000000000 2
1044 620 3 8192 2.000000000 2
1044 632 3 8192 2.000000000 2
1044 668 3 8192 2.000000000 2
1044 680 3 8192 2.000000000 2
1044 752 3 8192 2.000000000 2
1044 756 3 8192 2.000000000 2
1044 772 3 8192 2.000000000 2
1044 792 3 8192 2.000000000 2
1044 888 3 8192 2.000000000 2
1044 892 3 8192 2.000000000 2
1044 900 3 8192 2.000000000 2
1044 908 3 8192 2.000000000 2
1044 912 3 8192 2.000000000 2
1044 916 3 8192 2.000000000 2
1044 924 3 8192 2.000000000 2
1044 940 3 8192 2.000000000 2
1044 956 3 8192 2.000000000 2
1044 960 3 8192 2.000000000 2
1044 968 3 8192 2.000000000 2
1044 976 3 8192 2.000000000 2
1044 992 3 8192 2.000000000 2
1044 1012 3 8192 2.000000000 2
1044 1032 3 8192 2.000000000 2
1044 1036 3 8192 2.000000000 2
1044 1084 3 8192 2.000000000 2
1044 1108 3 8192 2.000000000 2
1044 1116 3 8192 2.000000000 2
1044 1120 3 8192 2.000000000 2
1044 1124 3 8192 2.000000000 2
1044 1148 3 8192 2.000000000 2
1044 1156 3 8192 2.000000000 2
1044 1180 3 8192 2.000000000 2
1044 1184 3 8192 2.000000000 2
1044 1200 3 8192 2.000000000 2
1044 1236 3 8192 2.000000000 2
1052 40 3 8192 2.000000000 2
1052 48 3 8192 2.000000000 2
1052 92 3 8192 2.000000000 2
1052 116 3 8192 2.000000000 2
1052 120 3 8192 2.000000000 2
1052 132 3 8192 2.000000000 2
1052 152 3 8192 2.000000000 2
1052 176 3 8192 2.000000000 2
1052 192 3 8192 2.000000000 2
1052 208 3 8192 2.000000000 2
1052 228 3 8192 2.000000000 2
1052 248 3 8192 2.000000000 2
1052 252 3 8192 2.000000000 2
1052 268 3 8192 2.000000000 2
1052 292 3 8192 2.000000000 2
1052 340 3 8192 2.000000000 2
1052 436 3 8192 2.000000000 2
1052 440 3 8192 2.000000000 2
1052 460 3 8192 2.000000000 2
1052 496 3 8192 2.000000000 2
1052 500 3 8192 2.000000000 2
1052 560 3 8192 2.000000000 2
1052 576 3 8192 2.000000000 2
1052 600 3 8192 2.000000000 2
1052 616 3 8192 2.000000000 2
1052 624 3 8192 2.000000000 2
1052 688 3 8192 2.000000000 2
1052 720 3 8192 2.000000000 2
1052 740 3 8192 2.000000000 2
1052 748 3 8192 2.000000000 2
1052 752 3 8192 2.000000000 2
1052 788 3 8192 2.000000000 2
1052 808 3 8192 2.000000000 2
1052 856 3 8192 2.000000000 2
1052 876 3 8192 2.000000000 2
1052 880 3 8192 2.000000000 2
1052 884 3 8192 2.000000000 2
1052 892 3 8192 2.000000000 2
1052 900 3 8192 2.000000000 2
1052 904 3 8192 2.000000000 2
1052 920 3 8192 2.000000000 2
1052 924 3 8192 2.000000000 2
1052 932 3 8192 2.000000000 2
1052 940 3 8192 2.000000000 2
1052 944 3 8192 2.000000000 2
1052 968 3 8192 2.000000000 2
1052 980 3 8192 2.000000000 2
1052 996 3 8192 2.000000000 2
1052 1000 3 8192 2.000000000 2
1052 1004 3 8192 2.000000000 2
1052 1036 3 8192 2.000000000 2
1052 1044 3 8192 2.000000000 2
1052 1064 3 8192 2.000000000 2
1052 1096 3 8192 2.000000000 2
1052 1108 3 8192 2.000000000 2
1052 1116 3 8192 2.000000000 2
1052 1144 3 8192 2.000000000 2
1052 1156 3 8192 2.000000000 2
1052 1184 3 8192 2.000000000 2
1052 1200 3 8192 2.000000000 2
1052 1204 3 8192 2.000000000 2
1052 1208 3 8192 2.000000000 2
1052 1220 3 8192 2.000000000 2
1052 1224 3 8192 2.000000000 2
1060 0 3 8192 2.000000000 2
1060 12 3 8192 2.000000000 2
1060 28 3 8192 2.000000000 2
1060 32 3 8192 2.000000000 2
1060 76 3 8192 2.000000000 2
1060 88 3 8192 2.000000000 2
1060 104 3 8192 2.000000000 2
1060 108 3 8192 2.000000000 2
1060 120 3 8192 2.000000000 2
1060 152 3 8192 2.000000000 2
1060 156 3 8192 2.000000000 2
1060 212 3 8192 2.000000000 2
1060 220 3 8192 2.000000000 2
1060 240 3 8192 2.000000000 2
1060 252 3 8192 2.000000000 2
1060 292 3 8192 2.000000000 2
1060 316 3 8192 2.000000000 2
1060 328 3 8192 2.000000000 2
1060 332 3 8192 2.000000000 2
1060 356 3 8192 2.000000000 2
1060 360 3 8192 2.000000000 2
1060 380 3 8192 2.000000000 2
1060 432 3 8192 2.000000000 2
1060 436 3 8192 2.000000000 2
1060 464 3 8192 2.000000000 2
1060 472 3 8192 2.000000000 2
1060 488 3 8192 2.000000000 2
1060 512 3 8192 2.000000000 2
1060 516 3 8192 2.000000000 2
1060 520 3 8192 2.000000000 2
1060 532 3 8192 2.000000000 2
1060 560 3 8192 2.000000000 2
1060 564 3 8192 2.000000000 2
1060 612 3 8192 2.000000000 2
1060 636 3 8192 2.000000000 2
1060 672 3 8192 2.000000000 2
1060 680 3 8192 2.000000000 2
1060 720 3 8192 2.000000000 2
1060 736 3 8192 2.000000000 2
1060 748 3 8192 2.000000000 2
1060 752 3 8192 2.000000000 2
1060 768 3 8192 2.000000000 2
1060 812 3 8192 2.000000000 2
1060 824 3 8192 2.000000000 2
1060 828 3 8192 2.000000000 2
1060 864 3 8192 2.000000000 2
1060 872 3 8192 2.000000000 2
1060 884 3 8192 2.000000000 2
1060 892 3 8192 2.000000000 2
1060 916 3 8192 2.000000000 2
1060 928 3 8192 2.000000000 2
1060 944 3 8192 2.000000000 2
1060 976 3 8192 2.000000000 2
1060 1000 3 8192 2.000000000 2
1060 1016 3 8192 2.000000000 2
1060 1020 3 8192 2.000000000 2
1060 1024 3 8192 2.000000000 2
1060 1064 3 8192 2.000000000 2
1060 1076 3 8192 2.000000000 2
1060 1156 3 8192 2.000000000 2
1060 1164 3 8192 2.000000000 2
1060 1180 3 8192 2.000000000 2
1060 1184 3 8192 2.000000000 2
1060 1224 3 8192 2.000000000 2
1064 8 3 8192 2.000000000 2
1064 12 3 8192 2.000000000 2
1064 36 3 8192 2.000000000 2
1064 76 3 8192 2.000000000 2
1064 80 3 8192 2.000000000 2
1064 152 3 8192 2.000000000 2
1064 156 3 8192 2.000000000 2
1064 168 3 8192 2.000000000 2
1064 172 3 8192 2.000000000 2
1064 184 3 8192 2.000000000 2
1064 216 3 8192 2.000000000 2
1064 228 3 8192 2.000000000 2
1064 304 3 8192 2.000000000 2
1064 332 3 8192 2.000000000 2
1064 340 3 8192 2.000000000 2
1064 344 3 8192 2.000000000 2
1064 380 3 8192 2.000000000 2
1064 408 3 8192 2.000000000 2
1064 440 3 8192 2.000000000 2
1064 452 3 8192 2.000000000 2
1064 460 3 8192 2.000000000 2
1064 484 3 8192 2.000000000 2
1064 492 3 8192 2.000000000 2
1064 496 3 8192 2.000000000 2
1064 532 3 8192 2.000000000 2
1064 540 3 8192 2.000000000 2
1064 544 3 8192 2.000000000 2
1064 576 3 8192 2.000000000 2
1064 596 3 8192 2.000000000 2
1064 600 3 8192 2.000000000 2
1064 604 3 8192 2.000000000 2
1064 612 3 8192 2.000000000 2
1064 620 3 8192 2.000000000 2
1064 624 3 8192 2.000000000 2
1064 644 3 8192 2.000000000 2
1064 652 3 8192 2.000000000 2
1064 688 3 8192 2.000000000 2
1064 704 3 8192 2.000000000 2
1064 708 3 8192 2.000000000 2
1064 720 3 8192 2.000000000 2
1064 740 3 8192 2.000000000 2
1064 748 3 8192 2.000000000 2
1064 760 3 8192 2.000000000 2
1064 788 3 8192 2.000000000 2
1064 812 3 8192 2.000000000 2
1064 836 3 8192 2.000000000 2
1064 892 3 8192 2.000000000 2
1064 924 3 8192 2.000000000 2
1064 944 3 8192 2.000000000 2
1064 976 3 8192 2.000000000 2
1064 992 3 8192 2.000000000 2
1064 1000 3 8192 2.000000000 2
1064 1012 3 8192 2.000000000 2
1064 1028 3 8192 2.000000000 2
1064 1040 3 8192 2.000000000 2
1064 1068 3 8192 2.000000000 2
1064 1096 3 8192 2.000000000 2
1064 1128 3 8192 2.000000000 2
1064 1164 3 8192 2.000000000 2
1064 1176 3 8192 2.000000000 2
1064 1192 3 8192 2.000000000 2
1064 1232 3 8192 2.000000000 2
1064 1256 3 8192 2.000000000 2
1064 1264 3 8192 2.000000000 2
1068 36 3 8192 2.000000000 2
1068 76 3 8192 2.000000000 2
1068 88 3 8192 2.000000000 2
1068 104 3 8192 2.000000000 2
1068 108 3 8192 2.000000000 2
1068 112 3 8192 2.000000000 2
1068 116 3 8192 2.000000000 2
1068 152 3 8192 2.000000000 2
1068 156 3 8192 2.000000000 2
1068 192 3 8192 2.000000000 2
1068 200 3 8192 2.000000000 2
1068 212 3 8192 2.000000000 2
1068 236 3 8192 2.000000000 2
1068 248 3 8192 2.000000000 2
1068 252 3 8192 2.000000000 2
1068 288 3 8192 2.000000000 2
1068 308 3 8192 2.000000000 2
1068 316 3 8192 2.000000000 2
1068 324 3 8192 2.000000000 2
1068 328 3 8192 2.000000000 2
1068 360 3 8192 2.000000000 2
1068 372 3 8192 2.000000000 2
1068 460 3 8192 2.000000000 2
1068 468 3 8192 2.000000000 2
1068 480 3 8192 2.000000000 2
1068 488 3 8192 2.000000000 2
1068 492 3 8192 2.000000000 2
1068 500 3 8192 2.000000000 2
1068 520 3 8192 2.000000000 2
1068 532 3 8192 2.000000000 2
1068 584 3 8192 2.000000000 2
1068 592 3 8192 2.000000000 2
1068 612 3 8192 2.000000000 2
1068 624 3 8192 2.000000000 2
1068 672 3 8192 2.000000000 2
1068 692 3 8192 2.000000000 2
1068 736 3 8192 2.000000000 2
1068 740 3 8192 2.000000000 2
1068 760 3 8192 2.000000000 2
1068 764 3 8192 2.000000000 2
1068 828 3 8192 2.000000000 2
1068 856 3 8192 2.000000000 2
1068 888 3 8192 2.000000000 2
1068 900 3 8192 2.000000000 2
1068 920 3 8192 2.000000000 2
1068 924 3 8192 2.000000000 2
1068 932 3 8192 2.000000000 2
1068 960 3 8192 2.000000000 2
1068 964 3 8192 2.000000000 2
1068 976 3 8192 2.000000000 2
1068 1012 3 8192 2.000000000 2
1068 1020 3 8192 2.000000000 2
1068 1036 3 8192 2.000000000 2
1068 1044 3 8192 2.000000000 2
1068 1100 3 8192 2.000000000 2
1068 1124 3 8192 2.000000000 2
1068 1128 3 8192 2.000000000 2
1068 1148 3 8192 2.000000000 2
1068 1156 3 8192 2.000000000 2
1068 1164 3 8192 2.000000000 2
1068 1172 3 8192 2.000000000 2
1068 1184 3 8192 2.000000000 2
1068 1200 3 8192 2.000000000 2
1068 1212 3 8192 2.000000000 2
1076 4 3 8192 2.000000000 2
1076 40 3 8192 2.000000000 2
1076 56 3 8192 2.000000000 2
1076 72 3 8192 2.000000000 2
1076 76 3 8192 2.000000000 2
1076 80 3 8192 2.000000000 2
1076 124 3 8192 2.000000000 2
1076 132 3 8192 2.000000000 2
1076 168 3 8192 2.000000000 2
1076 172 3 8192 2.000000000 2
1076 208 3 8192 2.000000000 2
1076 248 3 8192 2.000000000 2
1076 256 3 8192 2.000000000 2
1076 264 3 8192 2.000000000 2
1076 288 3 8192 2.000000000 2
1076 308 3 8192 2.000000000 2
1076 368 3 8192 2.000000000 2
1076 380 3 8192 2.000000000 2
1076 440 3 8192 2.000000000 2
1076 456 3 8192 2.000000000 2
1076 476 3 8192 2.000000000 2
1076 484 3 8192 2.000000000 2
1076 492 3 8192 2.000000000 2
1076 520 3 8192 2.000000000 2
1076 524 3 8192 2.000000000 2
1076 544 3 8192 2.000000000 2
1076 572 3 8192 2.000000000 2
1076 580 3 8192 2.000000000 2
1076 592 3 8192 2.000000000 2
1076 596 3 8192 2.000000000 2
1076 628 3 8192 2.000000000 2
1076 632 3 8192 2.000000000 2
1076 640 3 8192 2.000000000 2
1076 652 3 8192 2.000000000 2
1076 732 3 8192 2.000000000 2
1076 748 3 8192 2.000000000 2
1076 760 3 8192 2.000000000 2
1076 764 3 8192 2.000000000 2
1076 804 3 8192 2.000000000 2
1076 828 3 8192 2.000000000 2
1076 852 3 8192 2.000000000 2
1076 876 3 8192 2.000000000 2
1076 892 3 8192 2.000000000 2
1076 908 3 8192 2.000000000 2
1076 916 3 8192 2.000000000 2
1076 928 3 8192 2.000000000 2
1076 964 3 8192 2.000000000 2
1076 1004 3 8192 2.000000000 2
1076 1008 3 8192 2.000000000 2
1076 1016 3 8192 2.000000000 2
1076 1020 3 8192 2.000000000 2
1076 1028 3 8192 2.000000000 2
1076 1044 3 8192 2.000000000 2
1076 1052 3 8192 2.000000000 2
1076 1096 3 8192 2.000000000 2
1076 1108 3 8192 2.000000000 2
1076 1120 3 8192 2.000000000 2
1076 1144 3 8192 2.000000000 2
1076 1184 3 8192 2.000000000 2
1076 1204 3 8192 2.000000000 2
1076 1208 3 8192 2.000000000 2
1076 1232 3 8192 2.000000000 2
1076 1244 3 8192 2.000000000 2
1076 1264 3 8192 2.000000000 2
1084 36 3 8192 2.000000000 2
1084 76 3 8192 2.000000000 2
1084 104 3 8192 2.000000000 2
1084 116 3 8192 2.000000000 2
1084 168 3 8192 2.000000000 2
1084 172 3 8192 2.000000000 2
1084 200 3 8192 2.000000000 2
1084 208 3 8192 2.000000000 2
1084 212 3 8192 2.000000000 2
1084 236 3 8192 2.000000000 2
1084 252 3 8192 2.000000000 2
1084 284 3 8192 2.000000000 2
1084 288 3 8192 2.000000000 2
1084 292 3 8192 2.000000000 2
1084 312 3 8192 2.000000000 2
1084 320 3 8192 2.000000000 2
1084 356 3 8192 2.000000000 2
1084 408 3 8192 2.000000000 2
1084 452 3 8192 2.000000000 2
1084 468 3 8192 2.000000000 2
1084 536 3 8192 2.000000000 2
1084 584 3 8192 2.000000000 2
1084 596 3 8192 2.000000000 2
1084 604 3 8192 2.000000000 2
1084 616 3 8192 2.000000000 2
1084 624 3 8192 2.000000000 2
1084 648 3 8192 2.000000000 2
1084 684 3 8192 2.000000000 2
1084 696 3 8192 2.000000000 2
1084 716 3 8192 2.000000000 2
1084 744 3 8192 2.000000000 2
1084 752 3 8192 2.000000000 2
1084 764 3 8192 2.000000000 2
1084 800 3 8192 2.000000000 2
1084 824 3 8192 2.000000000 2
1084 828 3 8192 2.000000000 2
1084 836 3 8192 2.000000000 2
1084 848 3 8192 2.000000000 2
1084 852 3 8192 2.000000000 2
1084 856 3 8192 2.000000000 2
1084 916 3 8192 2.000000000 2
1084 924 3 8192 2.000000000 2
1084 940 3 8192 2.000000000 2
1084 960 3 8192 2.000000000 2
1084 964 3 8192 2.000000000 2
1084 1008 3 8192 2.000000000 2
1084 1016 3 8192 2.000000000 2
1084 1028 3 8192 2.000000000 2
1084 1040 3 8192 2.000000000 2
1084 1060 3 8192 2.000000000 2
1084 1092 3 8192 2.000000000 2
1084 1096 3 8192 2.000000000 2
1084 1100 3 8192 2.000000000 2
1084 1108 3 8192 2.000000000 2
1084 1132 3 8192 2.000000000 2
1084 1156 3 8192 2.000000000 2
1084 1164 3 8192 2.000000000 2
1084 1180 3 8192 2.000000000 2
1084 1192 3 8192 2.000000000 2
1084 1204 3 8192 2.000000000 2
1084 1212 3 8192 2.000000000 2
1084 1220 3 8192 2.000000000 2
1084 1236 3 8192 2.000000000 2
1084 1248 3 8192 2.000000000 2
1092 8 3 8192 2.000000000 2
1092 80 3 8192 2.000000000 2
1092 120 3 8192 2.000000000 2
1092 132 3 8192 2.000000000 2
1092 136 3 8192 2.000000000 2
1092 156 3 8192 2.000000000 2
1092 168 3 8192 2.000000000 2
1092 192 3 8192 2.000000000 2
1092 208 3 8192 2.000000000 2
1092 220 3 8192 2.000000000 2
1092 236 3 8192 2.000000000 2
1092 240 3 8192 2.000000000 2
1092 252 3 8192 2.000000000 2
1092 268 3 8192 2.000000000 2
1092 340 3 8192 2.000000000 2
1092 356 3 8192 2.000000000 2
1092 360 3 8192 2.000000000 2
1092 436 3 8192 2.000000000 2
1092 452 3 8192 2.000000000 2
1092 488 3 8192 2.000000000 2
1092 492 3 8192 2.000000000 2
1092 496 3 8192 2.000000000 2
1092 540 3 8192 2.000000000 2
1092 560 3 8192 2.000000000 2
1092 564 3 8192 2.000000000 2
1092 588 3 8192 2.000000000 2
1092 592 3 8192 2.000000000 2
1092 612 3 8192 2.000000000 2
1092 624 3 8192 2.000000000 2
1092 628 3 8192 2.000000000 2
1092 656 3 8192 2.000000000 2
1092 688 3 8192 2.000000000 2
1092 696 3 8192 2.000000000 2
1092 720 3 8192 2.000000000 2
1092 756 3 8192 2.000000000 2
1092 788 3 8192 2.000000000 2
1092 792 3 8192 2.000000000 2
1092 812 3 8192 2.000000000 2
1092 816 3 8192 2.000000000 2
1092 844 3 8192 2.000000000 2
1092 864 3 8192 2.000000000 2
1092 880 3 8192 2.000000000 2
1092 884 3 8192 2.000000000 2
1092 892 3 8192 2.000000000 2
1092 908 3 8192 2.000000000 2
1092 916 3 8192 2.000000000 2
1092 928 3 8192 2.000000000 2
1092 956 3 8192 2.000000000 2
1092 960 3 8192 2.000000000 2
1092 968 3 8192 2.000000000 2
1092 988 3 8192 2.000000000 2
1092 1008 3 8192 2.000000000 2
1092 1036 3 8192 2.000000000 2
1092 1040 3 8192 2.000000000 2
1092 1060 3 8192 2.000000000 2
1092 1084 3 8192 2.000000000 2
1092 1108 3 8192 2.000000000 2
1092 1120 3 8192 2.000000000 2
1092 1160 3 8192 2.000000000 2
1092 1172 3 8192 2.000000000 2
1092 1192 3 8192 2.000000000 2
1092 1208 3 8192 2.000000000 2
1092 1232 3 8192 2.000000000 2
1092 1256 3 8192 2.000000000 2
1096 8 3 8192 2.000000000 2
1096 12 3 8192 2.000000000 2
1096 28 3 8192 2.000000000 2
1096 68 3 8192 2.000000000 2
1096 80 3 8192 2.000000000 2
1096 100 3 8192 2.000000000 2
1096 104 3 8192 2.000000000 2
1096 108 3 8192 2.000000000 2
1096 116 3 8192 2.000000000 2
1096 120 3 8192 2.000000000 2
1096 136 3 8192 2.000000000 2
1096 172 3 8192 2.000000000 2
1096 176 3 8192 2.000000000 2
1096 184 3 8192 2.000000000 2
1096 228 3 8192 2.000000000 2
1096 260 3 8192 2.000000000 2
1096 264 3 8192 2.000000000 2
1096 308 3 8192 2.000000000 2
1096 324 3 8192 2.000000000 2
1096 332 3 8192 2.000000000 2
1096 336 3 8192 2.000000000 2
1096 388 3 8192 2.000000000 2
1096 392 3 8192 2.000000000 2
1096 396 3 8192 2.000000000 2
1096 456 3 8192 2.000000000 2
1096 472 3 8192 2.000000000 2
1096 476 3 8192 2.000000000 2
1096 500 3 8192 2.000000000 2
1096 532 3 8192 2.000000000 2
1096 544 3 8192 2.000000000 2
1096 552 3 8192 2.000000000 2
1096 568 3 8192 2.000000000 2
1096 572 3 8192 2.000000000 2
1096 580 3 8192 2.000000000 2
1096 624 3 8192 2.000000000 2
1096 668 3 8192 2.000000000 2
1096 688 3 8192 2.000000000 2
1096 692 3 8192 2.000000000 2
1096 732 3 8192 2.000000000 2
1096 740 3 8192 2.000000000 2
1096 744 3 8192 2.000000000 2
1096 748 3 8192 2.000000000 2
1096 764 3 8192 2.000000000 2
1096 768 3 8192 2.000000000 2
1096 788 3 8192 2.000000000 2
1096 800 3 8192 2.000000000 2
1096 856 3 8192 2.000000000 2
1096 876 3 8192 2.000000000 2
1096 888 3 8192 2.000000000 2
1096 900 3 8192 2.000000000 2
1096 932 3 8192 2.000000000 2
1096 944 3 8192 2.000000000 2
1096 956 3 8192 2.000000000 2
1096 976 3 8192 2.000000000 2
1096 1012 3 8192 2.000000000 2
1096 1028 3 8192 2.000000000 2
1096 1068 3 8192 2.000000000 2
1096 1092 3 8192 2.000000000 2
1096 1144 3 8192 2.000000000 2
1096 1148 3 8192 2.000000000 2
1096 1156 3 8192 2.000000000 2
1096 1208 3 8192 2.000000000 2
1096 1216 3 8192 2.000000000 2
1096 1256 3 8192 2.000000000 2
1100 4 3 8192 2.000000000 2
1100 8 3 8192 2.000000000 2
1100 28 3 8192 2.000000000 2
1100 48 3 8192 2.000000000 2
1100 108 3 8192 2.000000000 2
1100 168 3 8192 2.000000000 2
1100 180 3 8192 2.000000000 2
1100 208 3 8192 2.000000000 2
1100 212 3 8192 2.000000000 2
1100 256 3 8192 2.000000000 2
1100 292 3 8192 2.000000000 2
1100 320 3 8192 2.000000000 2
1100 324 3 8192 2.000000000 2
1100 368 3 8192 2.000000000 2
1100 392 3 8192 2.000000000 2
1100 396 3 8192 2.000000000 2
1100 400 3 8192 2.000000000 2
1100 424 3 8192 2.000000000 2
1100 436 3 8192 2.000000000 2
1100 452 3 8192 2.000000000 2
1100 476 3 8192 2.000000000 2
1100 508 3 8192 2.000000000 2
1100 576 3 8192 2.000000000 2
1100 584 3 8192 2.000000000 2
1100 596 3 8192 2.000000000 2
1100 600 3 8192 2.000000000 2
1100 608 3 8192 2.000000000 2
1100 636 3 8192 2.000000000 2
1100 644 3 8192 2.000000000 2
1100 656 3 8192 2.000000000 2
1100 692 3 8192 2.000000000 2
1100 716 3 8192 2.000000000 2
1100 732 3 8192 2.000000000 2
1100 744 3 8192 2.000000000 2
1100 772 3 8192 2.000000000 2
1100 800 3 8192 2.000000000 2
1100 808 3 8192 2.000000000 2
1100 816 3 8192 2.000000000 2
1100 844 3 8192 2.000000000 2
1100 888 3 8192 2.000000000 2
1100 912 3 8192 2.000000000 2
1100 928 3 8192 2.000000000 2
1100 944 3 8192 2.000000000 2
1100 968 3 8192 2.000000000 2
1100 1008 3 8192 2.000000000 2
1100 1016 3 8192 2.000000000 2
1100 1020 3 8192 2.000000000 2
1100 1032 3 8192 2.000000000 2
1100 1052 3 8192 2.000000000 2
1100 1068 3 8192 2.000000000 2
1100 1108 3 8192 2.000000000 2
1100 1120 3 8192 2.000000000 2
1100 1156 3 8192 2.000000000 2
1100 1160 3 8192 2.000000000 2
1100 1164 3 8192 2.000000000 2
1100 1176 3 8192 2.000000000 2
1100 1180 3 8192 2.000000000 2
1100 1184 3 8192 2.000000000 2
1100 1200 3 8192 2.000000000 2
1100 1220 3 8192 2.000000000 2
1100 1236 3 8192 2.000000000 2
1100 1244 3 8192 2.000000000 2
1100 1248 3 8192 2.000000000 2
1100 1256 3 8192 2.000000000 2
1108 4 3 8192 2.000000000 2
1108 40 3 8192 2.000000000 2
1108 88 3 8192 2.000000000 2
1108 104 3 8192 2.000000000 2
1108 124 3 8192 2.000000000 2
1108 136 3 8192 2.000000000 2
1108 184 3 8192 2.000000000 2
1108 220 3 8192 2.000000000 2
1108 228 3 8192 2.000000000 2
1108 252 3 8192 2.000000000 2
1108 264 3 8192 2.000000000 2
1108 308 3 8192 2.000000000 2
1108 312 3 8192 2.000000000 2
1108 320 3 8192 2.000000000 2
1108 348 3 8192 2.000000000 2
1108 356 3 8192 2.000000000 2
1108 360 3 8192 2.000000000 2
1108 368 3 8192 2.000000000 2
1108 372 3 8192 2.000000000 2
1108 380 3 8192 2.000000000 2
1108 392 3 8192 2.000000000 2
1108 440 3 8192 2.000000000 2
1108 480 3 8192 2.000000000 2
1108 516 3 8192 2.000000000 2
1108 520 3 8192 2.000000000 2
1108 564 3 8192 2.000000000 2
1108 600 3 8192 2.000000000 2
1108 620 3 8192 2.000000000 2
1108 648 3 8192 2.000000000 2
1108 652 3 8192 2.000000000 2
1108 656 3 8192 2.000000000 2
1108 680 3 8192 2.000000000 2
1108 708 3 8192 2.000000000 2
1108 732 3 8192 2.000000000 2
1108 772 3 8192 2.000000000 2
1108 804 3 8192 2.000000000 2
1108 816 3 8192 2.000000000 2
1108 836 3 8192 2.000000000 2
1108 840 3 8192 2.000000000 2
1108 848 3 8192 2.000000000 2
1108 864 3 8192 2.000000000 2
1108 880 3 8192 2.000000000 2
1108 888 3 8192 2.000000000 2
1108 900 3 8192 2.000000000 2
1108 908 3 8192 2.000000000 2
1108 916 3 8192 2.000000000 2
1108 924 3 8192 2.000000000 2
1108 940 3 8192 2.000000000 2
1108 944 3 8192 2.000000000 2
1108 968 3 8192 2.000000000 2
1108 980 3 8192 2.000000000 2
1108 1016 3 8192 2.000000000 2
1108 1028 3 8192 2.000000000 2
1108 1032 3 8192 2.000000000 2
1108 1060 3 8192 2.000000000 2
1108 1068 3 8192 2.000000000 2
1108 1144 3 8192 2.000000000 2
1108 1148 3 8192 2.000000000 2
1108 1156 3 8192 2.000000000 2
1108 1160 3 8192 2.000000000 2
1108 1204 3 8192 2.000000000 2
1108 1216 3 8192 2.000000000 2
1108 1224 3 8192 2.000000000 2
1108 1268 3 8192 2.000000000 2
1116 4 3 8192 2.000000000 2
1116 20 3 8192 2.000000000 2
1116 32 3 8192 2.000000000 2
1116 36 3 8192 2.000000000 2
1116 40 3 8192 2.000000000 2
1116 48 3 8192 2.000000000 2
1116 56 3 8192 2.000000000 2
1116 80 3 8192 2.000000000 2
1116 112 3 8192 2.000000000 2
1116 160 3 8192 2.000000000 2
1116 228 3 8192 2.000000000 2
1116 252 3 8192 2.000000000 2
1116 260 3 8192 2.000000000 2
1116 300 3 8192 2.000000000 2
1116 324 3 8192 2.000000000 2
1116 336 3 8192 2.000000000 2
1116 340 3 8192 2.000000000 2
1116 392 3 8192 2.000000000 2
1116 396 3 8192 2.000000000 2
1116 400 3 8192 2.000000000 2
1116 432 3 8192 2.000000000 2
1116 464 3 8192 2.000000000 2
1116 504 3 8192 2.000000000 2
1116 512 3 8192 2.000000000 2
1116 560 3 8192 2.000000000 2
1116 564 3 8192 2.000000000 2
1116 572 3 8192 2.000000000 2
1116 580 3 8192 2.000000000 2
1116 592 3 8192 2.000000000 2
1116 616 3 8192 2.000000000 2
1116 656 3 8192 2.000000000 2
1116 660 3 8192 2.000000000 2
1116 664 3 8192 2.000000000 2
1116 684 3 8192 2.000000000 2
1116 696 3 8192 2.000000000 2
1116 700 3 8192 2.000000000 2
1116 788 3 8192 2.000000000 2
1116 800 3 8192 2.000000000 2
1116 836 3 8192 2.000000000 2
1116 864 3 8192 2.000000000 2
1116 872 3 8192 2.000000000 2
1116 884 3 8192 2.000000000 2
1116 900 3 8192 2.000000000 2
1116 912 3 8192 2.000000000 2
1116 916 3 8192 2.000000000 2
1116 928 3 8192 2.000000000 2
1116 964 3 8192 2.000000000 2
1116 980 3 8192 2.000000000 2
1116 996 3 8192 2.000000000 2
1116 1028 3 8192 2.000000000 2
1116 1036 3 8192 2.000000000 2
1116 1096 3 8192 2.000000000 2
1116 1100 3 8192 2.000000000 2
1116 1108 3 8192 2.000000000 2
1116 1124 3 8192 2.000000000 2
1116 1132 3 8192 2.000000000 2
1116 1144 3 8192 2.000000000 2
1116 1180 3 8192 2.000000000 2
1116 1192 3 8192 2.000000000 2
1116 1220 3 8192 2.000000000 2
1116 1232 3 8192 2.000000000 2
1116 1248 3 8192 2.000000000 2
1116 1264 3 8192 2.000000000 2
1116 1268 3 8192 2.000000000 2
1120 8 3 8192 2.000000000 2
1120 20 3 8192 2.000000000 2
1120 36 3 8192 2.000000000 2
1120 40 3 8192 2.000000000 2
1120 80 3 8192 2.000000000 2
1120 100 3 8192 2.000000000 2
1120 104 3 8192 2.000000000 2
1120 200 3 8192 2.000000000 2
1120 216 3 8192 2.000000000 2
1120 236 3 8192 2.000000000 2
1120 252 3 8192 2.000000000 2
1120 268 3 8192 2.000000000 2
1120 308 3 8192 2.000000000 2
1120 312 3 8192 2.000000000 2
1120 320 3 8192 2.000000000 2
1120 332 3 8192 2.000000000 2
1120 348 3 8192 2.000000000 2
1120 372 3 8192 2.000000000 2
1120 380 3 8192 2.000000000 2
1120 388 3 8192 2.000000000 2
1120 396 3 8192 2.000000000 2
1120 400 3 8192 2.000000000 2
1120 424 3 8192 2.000000000 2
1120 432 3 8192 2.000000000 2
1120 460 3 8192 2.000000000 2
1120 464 3 8192 2.000000000 2
1120 484 3 8192 2.000000000 2
1120 492 3 8192 2.000000000 2
1120 496 3 8192 2.000000000 2
1120 532 3 8192 2.000000000 2
1120 568 3 8192 2.000000000 2
1120 592 3 8192 2.000000000 2
1120 596 3 8192 2.000000000 2
1120 628 3 8192 2.000000000 2
1120 636 3 8192 2.000000000 2
1120 644 3 8192 2.000000000 2
1120 648 3 8192 2.000000000 2
1120 656 3 8192 2.000000000 2
1120 692 3 8192 2.000000000 2
1120 700 3 8192 2.000000000 2
1120 720 3 8192 2.000000000 2
1120 752 3 8192 2.000000000 2
1120 760 3 8192 2.000000000 2
1120 768 3 8192 2.000000000 2
1120 788 3 8192 2.000000000 2
1120 816 3 8192 2.000000000 2
1120 828 3 8192 2.000000000 2
1120 856 3 8192 2.000000000 2
1120 876 3 8192 2.000000000 2
1120 880 3 8192 2.000000000 2
1120 924 3 8192 2.000000000 2
1120 976 3 8192 2.000000000 2
1120 1000 3 8192 2.000000000 2
1120 1160 3 8192 2.000000000 2
1120 1168 3 8192 2.000000000 2
1120 1176 3 8192 2.000000000 2
1120 1184 3 8192 2.000000000 2
1120 1192 3 8192 2.000000000 2
1120 1212 3 8192 2.000000000 2
1120 1216 3 8192 2.000000000 2
1120 1220 3 8192 2.000000000 2
1120 1260 3 8192 2.000000000 2
1120 1264 3 8192 2.000000000 2
1120 1268 3 8192 2.000000000 2
1124 12 3 8192 2.000000000 2
1124 28 3 8192 2.000000000 2
1124 32 3 8192 2.000000000 2
1124 36 3 8192 2.000000000 2
1124 48 3 8192 2.000000000 2
1124 76 3 8192 2.000000000 2
1124 88 3 8192 2.000000000 2
1124 92 3 8192 2.000000000 2
1124 100 3 8192 2.000000000 2
1124 104 3 8192 2.000000000 2
1124 108 3 8192 2.000000000 2
1124 112 3 8192 2.000000000 2
1124 120 3 8192 2.000000000 2
1124 152 3 8192 2.000000000 2
1124 176 3 8192 2.000000000 2
1124 180 3 8192 2.000000000 2
1124 200 3 8192 2.000000000 2
1124 208 3 8192 2.000000000 2
1124 212 3 8192 2.000000000 2
1124 228 3 8192 2.000000000 2
1124 284 3 8192 2.000000000 2
1124 324 3 8192 2.000000000 2
1124 336 3 8192 2.000000000 2
1124 344 3 8192 2.000000000 2
1124 360 3 8192 2.000000000 2
1124 388 3 8192 2.000000000 2
1124 432 3 8192 2.000000000 2
1124 436 3 8192 2.000000000 2
1124 440 3 8192 2.000000000 2
1124 456 3 8192 2.000000000 2
1124 460 3 8192 2.000000000 2
1124 508 3 8192 2.000000000 2
1124 524 3 8192 2.000000000 2
1124 552 3 8192 2.000000000 2
1124 568 3 8192 2.000000000 2
1124 588 3 8192 2.000000000 2
1124 608 3 8192 2.000000000 2
1124 640 3 8192 2.000000000 2
1124 648 3 8192 2.000000000 2
1124 664 3 8192 2.000000000 2
1124 792 3 8192 2.000000000 2
1124 804 3 8192 2.000000000 2
1124 840 3 8192 2.000000000 2
1124 844 3 8192 2.000000000 2
1124 900 3 8192 2.000000000 2
1124 908 3 8192 2.000000000 2
1124 944 3 8192 2.000000000 2
1124 980 3 8192 2.000000000 2
1124 988 3 8192 2.000000000 2
1124 992 3 8192 2.000000000 2
1124 1016 3 8192 2.000000000 2
1124 1024 3 8192 2.000000000 2
1124 1044 3 8192 2.000000000 2
1124 1060 3 8192 2.000000000 2
1124 1084 3 8192 2.000000000 2
1124 1096 3 8192 2.000000000 2
1124 1116 3 8192 2.000000000 2
1124 1156 3 8192 2.000000000 2
1124 1168 3 8192 2.000000000 2
1124 1176 3 8192 2.000000000 2
1124 1184 3 8192 2.000000000 2
1124 1204 3 8192 2.000000000 2
1124 1248 3 8192 2.000000000 2
1124 1260 3 8192 2.000000000 2
1128 4 3 8192 2.000000000 2
1128 8 3 8192 2.000000000 2
1128 44 3 8192 2.000000000 2
1128 48 3 8192 2.000000000 2
1128 68 3 8192 2.000000000 2
1128 76 3 8192 2.000000000 2
1128 104 3 8192 2.000000000 2
1128 112 3 8192 2.000000000 2
1128 160 3 8192 2.000000000 2
1128 172 3 8192 2.000000000 2
1128 192 3 8192 2.000000000 2
1128 208 3 8192 2.000000000 2
1128 228 3 8192 2.000000000 2
1128 236 3 8192 2.000000000 2
1128 248 3 8192 2.000000000 2
1128 252 3 8192 2.000000000 2
1128 300 3 8192 2.000000000 2
1128 336 3 8192 2.000000000 2
1128 360 3 8192 2.000000000 2
1128 372 3 8192 2.000000000 2
1128 380 3 8192 2.000000000 2
1128 400 3 8192 2.000000000 2
1128 424 3 8192 2.000000000 2
1128 460 3 8192 2.000000000 2
1128 472 3 8192 2.000000000 2
1128 508 3 8192 2.000000000 2
1128 524 3 8192 2.000000000 2
1128 532 3 8192 2.000000000 2
1128 560 3 8192 2.000000000 2
1128 564 3 8192 2.000000000 2
1128 584 3 8192 2.000000000 2
1128 588 3 8192 2.000000000 2
1128 592 3 8192 2.000000000 2
1128 596 3 8192 2.000000000 2
1128 616 3 8192 2.000000000 2
1128 640 3 8192 2.000000000 2
1128 648 3 8192 2.000000000 2
1128 652 3 8192 2.000000000 2
1128 684 3 8192 2.000000000 2
1128 696 3 8192 2.000000000 2
1128 700 3 8192 2.000000000 2
1128 708 3 8192 2.000000000 2
1128 712 3 8192 2.000000000 2
1128 744 3 8192 2.000000000 2
1128 772 3 8192 2.000000000 2
1128 788 3 8192 2.000000000 2
1128 840 3 8192 2.000000000 2
1128 940 3 8192 2.000000000 2
1128 948 3 8192 2.000000000 2
1128 956 3 8192 2.000000000 2
1128 1012 3 8192 2.000000000 2
1128 1020 3 8192 2.000000000 2
1128 1060 3 8192 2.000000000 2
1128 1076 3 8192 2.000000000 2
1128 1108 3 8192 2.000000000 2
1128 1164 3 8192 2.000000000 2
1128 1176 3 8192 2.000000000 2
1128 1180 3 8192 2.000000000 2
1128 1184 3 8192 2.000000000 2
1128 1204 3 8192 2.000000000 2
1128 1216 3 8192 2.000000000 2
1128 1232 3 8192 2.000000000 2
1128 1236 3 8192 2.000000000 2
1128 1244 3 8192 2.000000000 2
1132 32 3 8192 2.000000000 2
1132 56 3 8192 2.000000000 2
1132 80 3 8192 2.000000000 2
1132 100 3 8192 2.000000000 2
1132 112 3 8192 2.000000000 2
1132 136 3 8192 2.000000000 2
1132 152 3 8192 2.000000000 2
1132 168 3 8192 2.000000000 2
1132 180 3 8192 2.000000000 2
1132 200 3 8192 2.000000000 2
1132 220 3 8192 2.000000000 2
1132 240 3 8192 2.000000000 2
1132 264 3 8192 2.000000000 2
1132 292 3 8192 2.000000000 2
1132 304 3 8192 2.000000000 2
1132 336 3 8192 2.000000000 2
1132 340 3 8192 2.000000000 2
1132 348 3 8192 2.000000000 2
1132 356 3 8192 2.000000000 2
1132 368 3 8192 2.000000000 2
1132 384 3 8192 2.000000000 2
1132 424 3 8192 2.000000000 2
1132 468 3 8192 2.000000000 2
1132 472 3 8192 2.000000000 2
1132 476 3 8192 2.000000000 2
1132 480 3 8192 2.000000000 2
1132 488 3 8192 2.000000000 2
1132 512 3 8192 2.000000000 2
1132 536 3 8192 2.000000000 2
1132 540 3 8192 2.000000000 2
1132 592 3 8192 2.000000000 2
1132 596 3 8192 2.000000000 2
1132 604 3 8192 2.000000000 2
1132 660 3 8192 2.000000000 2
1132 664 3 8192 2.000000000 2
1132 692 3 8192 2.000000000 2
1132 700 3 8192 2.000000000 2
1132 704 3 8192 2.000000000 2
1132 752 3 8192 2.000000000 2
1132 764 3 8192 2.000000000 2
1132 788 3 8192 2.000000000 2
1132 800 3 8192 2.000000000 2
1132 836 3 8192 2.000000000 2
1132 852 3 8192 2.000000000 2
1132 856 3 8192 2.000000000 2
1132 876 3 8192 2.000000000 2
1132 880 3 8192 2.000000000 2
1132 884 3 8192 2.000000000 2
1132 888 3 8192 2.000000000 2
1132 924 3 8192 2.000000000 2
1132 980 3 8192 2.000000000 2
1132 988 3 8192 2.000000000 2
1132 992 3 8192 2.000000000 2
1132 1016 3 8192 2.000000000 2
1132 1096 3 8192 2.000000000 2
1132 1120 3 8192 2.000000000 2
1132 1124 3 8192 2.000000000 2
1132 1156 3 8192 2.000000000 2
1132 1164 3 8192 2.000000000 2
1132 1180 3 8192 2.000000000 2
1132 1184 3 8192 2.000000000 2
1132 1216 3 8192 2.000000000 2
1132 1260 3 8192 2.000000000 2
1132 1264 3 8192 2.000000000 2
1144 8 3 8192 2.000000000 2
1144 12 3 8192 2.000000000 2
1144 48 3 8192 2.000000000 2
1144 76 3 8192 2.000000000 2
1144 88 3 8192 2.000000000 2
1144 104 3 8192 2.000000000 2
1144 116 3 8192 2.000000000 2
1144 200 3 8192 2.000000000 2
1144 208 3 8192 2.000000000 2
1144 220 3 8192 2.000000000 2
1144 284 3 8192 2.000000000 2
1144 300 3 8192 2.000000000 2
1144 316 3 8192 2.000000000 2
1144 332 3 8192 2.000000000 2
1144 360 3 8192 2.000000000 2
1144 372 3 8192 2.000000000 2
1144 396 3 8192 2.000000000 2
1144 404 3 8192 2.000000000 2
1144 424 3 8192 2.000000000 2
1144 432 3 8192 2.000000000 2
1144 456 3 8192 2.000000000 2
1144 472 3 8192 2.000000000 2
1144 488 3 8192 2.000000000 2
1144 492 3 8192 2.000000000 2
1144 504 3 8192 2.000000000 2
1144 508 3 8192 2.000000000 2
1144 516 3 8192 2.000000000 2
1144 552 3 8192 2.000000000 2
1144 592 3 8192 2.000000000 2
1144 608 3 8192 2.000000000 2
1144 644 3 8192 2.000000000 2
1144 648 3 8192 2.000000000 2
1144 652 3 8192 2.000000000 2
1144 672 3 8192 2.000000000 2
1144 684 3 8192 2.000000000 2
1144 696 3 8192 2.000000000 2
1144 704 3 8192 2.000000000 2
1144 716 3 8192 2.000000000 2
1144 736 3 8192 2.000000000 2
1144 744 3 8192 2.000000000 2
1144 748 3 8192 2.000000000 2
1144 812 3 8192 2.000000000 2
1144 828 3 8192 2.000000000 2
1144 840 3 8192 2.000000000 2
1144 848 3 8192 2.000000000 2
1144 856 3 8192 2.000000000 2
1144 864 3 8192 2.000000000 2
1144 872 3 8192 2.000000000 2
1144 876 3 8192 2.000000000 2
1144 916 3 8192 2.000000000 2
1144 920 3 8192 2.000000000 2
1144 980 3 8192 2.000000000 2
1144 1012 3 8192 2.000000000 2
1144 1040 3 8192 2.000000000 2
1144 1064 3 8192 2.000000000 2
1144 1096 3 8192 2.000000000 2
1144 1100 3 8192 2.000000000 2
1144 1116 3 8192 2.000000000 2
1144 1120 3 8192 2.000000000 2
1144 1128 3 8192 2.000000000 2
1144 1148 3 8192 2.000000000 2
1144 1176 3 8192 2.000000000 2
1144 1192 3 8192 2.000000000 2
1144 1256 3 8192 2.000000000 2
1148 0 3 8192 2.000000000 2
1148 12 3 8192 2.000000000 2
1148 28 3 8192 2.000000000 2
1148 56 3 8192 2.000000000 2
1148 72 3 8192 2.000000000 2
1148 92 3 8192 2.000000000 2
1148 156 3 8192 2.000000000 2
1148 168 3 8192 2.000000000 2
1148 172 3 8192 2.000000000 2
1148 208 3 8192 2.000000000 2
1148 212 3 8192 2.000000000 2
1148 248 3 8192 2.000000000 2
1148 252 3 8192 2.000000000 2
1148 256 3 8192 2.000000000 2
1148 284 3 8192 2.000000000 2
1148 292 3 8192 2.000000000 2
1148 304 3 8192 2.000000000 2
1148 308 3 8192 2.000000000 2
1148 320 3 8192 2.000000000 2
1148 332 3 8192 2.000000000 2
1148 336 3 8192 2.000000000 2
1148 348 3 8192 2.000000000 2
1148 372 3 8192 2.000000000 2
1148 384 3 8192 2.000000000 2
1148 388 3 8192 2.000000000 2
1148 396 3 8192 2.000000000 2
1148 400 3 8192 2.000000000 2
1148 424 3 8192 2.000000000 2
1148 452 3 8192 2.000000000 2
1148 460 3 8192 2.000000000 2
1148 504 3 8192 2.000000000 2
1148 508 3 8192 2.000000000 2
1148 524 3 8192 2.000000000 2
1148 560 3 8192 2.000000000 2
1148 568 3 8192 2.000000000 2
1148 604 3 8192 2.000000000 2
1148 648 3 8192 2.000000000 2
1148 652 3 8192 2.000000000 2
1148 692 3 8192 2.000000000 2
1148 696 3 8192 2.000000000 2
1148 712 3 8192 2.000000000 2
1148 760 3 8192 2.000000000 2
1148 788 3 8192 2.000000000 2
1148 804 3 8192 2.000000000 2
1148 808 3 8192 2.000000000 2
1148 816 3 8192 2.000000000 2
1148 848 3 8192 2.000000000 2
1148 852 3 8192 2.000000000 2
1148 856 3 8192 2.000000000 2
1148 892 3 8192 2.000000000 2
1148 940 3 8192 2.000000000 2
1148 956 3 8192 2.000000000 2
1148 988 3 8192 2.000000000 2
1148 1012 3 8192 2.000000000 2
1148 1016 3 8192 2.000000000 2
1148 1044 3 8192 2.000000000 2
1148 1064 3 8192 2.000000000 2
1148 1076 3 8192 2.000000000 2
1148 1120 3 8192 2.000000000 2
1148 1176 3 8192 2.000000000 2
1148 1184 3 8192 2.000000000 2
1148 1212 3 8192 2.000000000 2
1148 1264 3 8192 2.000000000 2
1148 1268 3 8192 2.000000000 2
1156 4 3 8192 2.000000000 2
1156 20 3 8192 2.000000000 2
1156 44 3 8192 2.000000000 2
1156 48 3 8192 2.000000000 2
1156 88 3 8192 2.000000000 2
1156 92 3 8192 2.000000000 2
1156 104 3 8192 2.000000000 2
1156 136 3 8192 2.000000000 2
1156 140 3 8192 2.000000000 2
1156 156 3 8192 2.000000000 2
1156 160 3 8192 2.000000000 2
1156 172 3 8192 2.000000000 2
1156 212 3 8192 2.000000000 2
1156 216 3 8192 2.000000000 2
1156 240 3 8192 2.000000000 2
1156 248 3 8192 2.000000000 2
1156 284 3 8192 2.000000000 2
1156 292 3 8192 2.000000000 2
1156 404 3 8192 2.000000000 2
1156 452 3 8192 2.000000000 2
1156 460 3 8192 2.000000000 2
1156 520 3 8192 2.000000000 2
1156 568 3 8192 2.000000000 2
1156 592 3 8192 2.000000000 2
1156 608 3 8192 2.000000000 2
1156 628 3 8192 2.000000000 2
1156 632 3 8192 2.000000000 2
1156 652 3 8192 2.000000000 2
1156 656 3 8192 2.000000000 2
1156 660 3 8192 2.000000000 2
1156 668 3 8192 2.000000000 2
1156 680 3 8192 2.000000000 2
1156 688 3 8192 2.000000000 2
1156 692 3 8192 2.000000000 2
1156 700 3 8192 2.000000000 2
1156 732 3 8192 2.000000000 2
1156 756 3 8192 2.000000000 2
1156 760 3 8192 2.000000000 2
1156 804 3 8192 2.000000000 2
1156 824 3 8192 2.000000000 2
1156 840 3 8192 2.000000000 2
1156 856 3 8192 2.000000000 2
1156 908 3 8192 2.000000000 2
1156 960 3 8192 2.000000000 2
1156 1004 3 8192 2.000000000 2
1156 1016 3 8192 2.000000000 2
1156 1020 3 8192 2.000000000 2
1156 1036 3 8192 2.000000000 2
1156 1060 3 8192 2.000000000 2
1156 1084 3 8192 2.000000000 2
1156 1100 3 8192 2.000000000 2
1156 1124 3 8192 2.000000000 2
1156 1128 3 8192 2.000000000 2
1156 1180 3 8192 2.000000000 2
1156 1184 3 8192 2.000000000 2
1156 1208 3 8192 2.000000000 2
1156 1216 3 8192 2.000000000 2
1156 1220 3 8192 2.000000000 2
1156 1224 3 8192 2.000000000 2
1156 1232 3 8192 2.000000000 2
1156 1244 3 8192 2.000000000 2
1156 1248 3 8192 2.000000000 2
1156 1256 3 8192 2.000000000 2
1156 1264 3 8192 2.000000000 2
1160 0 3 8192 2.000000000 2
1160 4 3 8192 2.000000000 2
1160 20 3 8192 2.000000000 2
1160 40 3 8192 2.000000000 2
1160 48 3 8192 2.000000000 2
1160 100 3 8192 2.000000000 2
1160 112 3 8192 2.000000000 2
1160 116 3 8192 2.000000000 2
1160 132 3 8192 2.000000000 2
1160 160 3 8192 2.000000000 2
1160 168 3 8192 2.000000000 2
1160 172 3 8192 2.000000000 2
1160 228 3 8192 2.000000000 2
1160 252 3 8192 2.000000000 2
1160 256 3 8192 2.000000000 2
1160 268 3 8192 2.000000000 2
1160 308 3 8192 2.000000000 2
1160 312 3 8192 2.000000000 2
1160 328 3 8192 2.000000000 2
1160 356 3 8192 2.000000000 2
1160 372 3 8192 2.000000000 2
1160 384 3 8192 2.000000000 2
1160 396 3 8192 2.000000000 2
1160 424 3 8192 2.000000000 2
1160 460 3 8192 2.000000000 2
1160 464 3 8192 2.000000000 2
1160 468 3 8192 2.000000000 2
1160 500 3 8192 2.000000000 2
1160 508 3 8192 2.000000000 2
1160 588 3 8192 2.000000000 2
1160 596 3 8192 2.000000000 2
1160 604 3 8192 2.000000000 2
1160 648 3 8192 2.000000000 2
1160 652 3 8192 2.000000000 2
1160 672 3 8192 2.000000000 2
1160 680 3 8192 2.000000000 2
1160 720 3 8192 2.000000000 2
1160 736 3 8192 2.000000000 2
1160 756 3 8192 2.000000000 2
1160 772 3 8192 2.000000000 2
1160 804 3 8192 2.000000000 2
1160 808 3 8192 2.000000000 2
1160 812 3 8192 2.000000000 2
1160 828 3 8192 2.000000000 2
1160 848 3 8192 2.000000000 2
1160 852 3 8192 2.000000000 2
1160 864 3 8192 2.000000000 2
1160 940 3 8192 2.000000000 2
1160 960 3 8192 2.000000000 2
1160 992 3 8192 2.000000000 2
1160 996 3 8192 2.000000000 2
1160 1032 3 8192 2.000000000 2
1160 1040 3 8192 2.000000000 2
1160 1044 3 8192 2.000000000 2
1160 1052 3 8192 2.000000000 2
1160 1068 3 8192 2.000000000 2
1160 1076 3 8192 2.000000000 2
1160 1120 3 8192 2.000000000 2
1160 1132 3 8192 2.000000000 2
1160 1168 3 8192 2.000000000 2
1160 1184 3 8192 2.000000000 2
1160 1212 3 8192 2.000000000 2
1160 1220 3 8192 2.000000000 2
1160 1232 3 8192 2.000000000 2
1164 8 3 8192 2.000000000 2
1164 96 3 8192 2.000000000 2
1164 104 3 8192 2.000000000 2
1164 132 3 8192 2.000000000 2
1164 160 3 8192 2.000000000 2
1164 200 3 8192 2.000000000 2
1164 208 3 8192 2.000000000 2
1164 228 3 8192 2.000000000 2
1164 256 3 8192 2.000000000 2
1164 260 3 8192 2.000000000 2
1164 288 3 8192 2.000000000 2
1164 316 3 8192 2.000000000 2
1164 320 3 8192 2.000000000 2
1164 344 3 8192 2.000000000 2
1164 400 3 8192 2.000000000 2
1164 424 3 8192 2.000000000 2
1164 432 3 8192 2.000000000 2
1164 436 3 8192 2.000000000 2
1164 456 3 8192 2.000000000 2
1164 460 3 8192 2.000000000 2
1164 488 3 8192 2.000000000 2
1164 496 3 8192 2.000000000 2
1164 516 3 8192 2.000000000 2
1164 524 3 8192 2.000000000 2
1164 536 3 8192 2.000000000 2
1164 564 3 8192 2.000000000 2
1164 584 3 8192 2.000000000 2
1164 620 3 8192 2.000000000 2
1164 644 3 8192 2.000000000 2
1164 652 3 8192 2.000000000 2
1164 692 3 8192 2.000000000 2
1164 736 3 8192 2.000000000 2
1164 764 3 8192 2.000000000 2
1164 800 3 8192 2.000000000 2
1164 864 3 8192 2.000000000 2
1164 868 3 8192 2.000000000 2
1164 900 3 8192 2.000000000 2
1164 904 3 8192 2.000000000 2
1164 956 3 8192 2.000000000 2
1164 976 3 8192 2.000000000 2
1164 1000 3 8192 2.000000000 2
1164 1008 3 8192 2.000000000 2
1164 1032 3 8192 2.000000000 2
1164 1036 3 8192 2.000000000 2
1164 1044 3 8192 2.000000000 2
1164 1064 3 8192 2.000000000 2
1164 1076 3 8192 2.000000000 2
1164 1084 3 8192 2.000000000 2
1164 1092 3 8192 2.000000000 2
1164 1096 3 8192 2.000000000 2
1164 1120 3 8192 2.000000000 2
1164 1132 3 8192 2.000000000 2
1164 1160 3 8192 2.000000000 2
1164 1168 3 8192 2.000000000 2
1164 1180 3 8192 2.000000000 2
1164 1184 3 8192 2.000000000 2
1164 1200 3 8192 2.000000000 2
1164 1212 3 8192 2.000000000 2
1164 1216 3 8192 2.000000000 2
1164 1220 3 8192 2.000000000 2
1164 1224 3 8192 2.000000000 2
1164 1244 3 8192 2.000000000 2
1164 1256 3 8192 2.000000000 2
1164 1268 3 8192 2.000000000 2
1168 0 3 8192 2.000000000 2
1168 48 3 8192 2.000000000 2
1168 68 3 8192 2.000000000 2
1168 76 3 8192 2.000000000 2
1168 92 3 8192 2.000000000 2
1168 108 3 8192 2.000000000 2
1168 132 3 8192 2.000000000 2
1168 136 3 8192 2.000000000 2
1168 176 3 8192 2.000000000 2
1168 180 3 8192 2.000000000 2
1168 212 3 8192 2.000000000 2
1168 240 3 8192 2.000000000 2
1168 248 3 8192 2.000000000 2
1168 256 3 8192 2.000000000 2
1168 264 3 8192 2.000000000 2
1168 268 3 8192 2.000000000 2
1168 324 3 8192 2.000000000 2
1168 328 3 8192 2.000000000 2
1168 332 3 8192 2.000000000 2
1168 336 3 8192 2.000000000 2
1168 380 3 8192 2.000000000 2
1168 388 3 8192 2.000000000 2
1168 408 3 8192 2.000000000 2
1168 436 3 8192 2.000000000 2
1168 452 3 8192 2.000000000 2
1168 460 3 8192 2.000000000 2
1168 476 3 8192 2.000000000 2
1168 492 3 8192 2.000000000 2
1168 496 3 8192 2.000000000 2
1168 512 3 8192 2.000000000 2
1168 544 3 8192 2.000000000 2
1168 600 3 8192 2.000000000 2
1168 604 3 8192 2.000000000 2
1168 628 3 8192 2.000000000 2
1168 632 3 8192 2.000000000 2
1168 640 3 8192 2.000000000 2
1168 648 3 8192 2.000000000 2
1168 664 3 8192 2.000000000 2
1168 680 3 8192 2.000000000 2
1168 684 3 8192 2.000000000 2
1168 688 3 8192 2.000000000 2
1168 716 3 8192 2.000000000 2
1168 756 3 8192 2.000000000 2
1168 764 3 8192 2.000000000 2
1168 800 3 8192 2.000000000 2
1168 816 3 8192 2.000000000 2
1168 828 3 8192 2.000000000 2
1168 864 3 8192 2.000000000 2
1168 876 3 8192 2.000000000 2
1168 932 3 8192 2.000000000 2
1168 968 3 8192 2.000000000 2
1168 992 3 8192 2.000000000 2
1168 1004 3 8192 2.000000000 2
1168 1012 3 8192 2.000000000 2
1168 1040 3 8192 2.000000000 2
1168 1060 3 8192 2.000000000 2
1168 1096 3 8192 2.000000000 2
1168 1108 3 8192 2.000000000 2
1168 1132 3 8192 2.000000000 2
1168 1156 3 8192 2.000000000 2
1168 1220 3 8192 2.000000000 2
1168 1224 3 8192 2.000000000 2
1168 1244 3 8192 2.000000000 2
1168 1264 3 8192 2.000000000 2
1172 28 3 8192 2.000000000 2
1172 40 3 8192 2.000000000 2
1172 48 3 8192 2.000000000 2
1172 56 3 8192 2.000000000 2
1172 68 3 8192 2.000000000 2
1172 72 3 8192 2.000000000 2
1172 76 3 8192 2.000000000 2
1172 92 3 8192 2.000000000 2
1172 96 3 8192 2.000000000 2
1172 100 3 8192 2.000000000 2
1172 104 3 8192 2.000000000 2
1172 140 3 8192 2.000000000 2
1172 160 3 8192 2.000000000 2
1172 200 3 8192 2.000000000 2
1172 212 3 8192 2.000000000 2
1172 284 3 8192 2.000000000 2
1172 288 3 8192 2.000000000 2
1172 316 3 8192 2.000000000 2
1172 328 3 8192 2.000000000 2
1172 340 3 8192 2.000000000 2
1172 368 3 8192 2.000000000 2
1172 380 3 8192 2.000000000 2
1172 408 3 8192 2.000000000 2
1172 472 3 8192 2.000000000 2
1172 480 3 8192 2.000000000 2
1172 508 3 8192 2.000000000 2
1172 532 3 8192 2.000000000 2
1172 560 3 8192 2.000000000 2
1172 564 3 8192 2.000000000 2
1172 568 3 8192 2.000000000 2
1172 572 3 8192 2.000000000 2
1172 588 3 8192 2.000000000 2
1172 592 3 8192 2.000000000 2
1172 616 3 8192 2.000000000 2
1172 620 3 8192 2.000000000 2
1172 640 3 8192 2.000000000 2
1172 656 3 8192 2.000000000 2
1172 660 3 8192 2.000000000 2
1172 672 3 8192 2.000000000 2
1172 744 3 8192 2.000000000 2
1172 756 3 8192 2.000000000 2
1172 760 3 8192 2.000000000 2
1172 772 3 8192 2.000000000 2
1172 804 3 8192 2.000000000 2
1172 852 3 8192 2.000000000 2
1172 868 3 8192 2.000000000 2
1172 884 3 8192 2.000000000 2
1172 908 3 8192 2.000000000 2
1172 912 3 8192 2.000000000 2
1172 964 3 8192 2.000000000 2
1172 980 3 8192 2.000000000 2
1172 1008 3 8192 2.000000000 2
1172 1028 3 8192 2.000000000 2
1172 1044 3 8192 2.000000000 2
1172 1076 3 8192 2.000000000 2
1172 1116 3 8192 2.000000000 2
1172 1164 3 8192 2.000000000 2
1172 1168 3 8192 2.000000000 2
1172 1180 3 8192 2.000000000 2
1172 1184 3 8192 2.000000000 2
1172 1236 3 8192 2.000000000 2
1172 1244 3 8192 2.000000000 2
1172 1248 3 8192 2.000000000 2
1172 1260 3 8192 2.000000000 2
1176 0 3 8192 2.000000000 2
1176 32 3 8192 2.000000000 2
1176 96 3 8192 2.000000000 2
1176 132 3 8192 2.000000000 2
1176 156 3 8192 2.000000000 2
1176 216 3 8192 2.000000000 2
1176 228 3 8192 2.000000000 2
1176 284 3 8192 2.000000000 2
1176 336 3 8192 2.000000000 2
1176 344 3 8192 2.000000000 2
1176 360 3 8192 2.000000000 2
1176 372 3 8192 2.000000000 2
1176 400 3 8192 2.000000000 2
1176 404 3 8192 2.000000000 2
1176 432 3 8192 2.000000000 2
1176 460 3 8192 2.000000000 2
1176 488 3 8192 2.000000000 2
1176 500 3 8192 2.000000000 2
1176 504 3 8192 2.000000000 2
1176 512 3 8192 2.000000000 2
1176 524 3 8192 2.000000000 2
1176 532 3 8192 2.000000000 2
1176 540 3 8192 2.000000000 2
1176 544 3 8192 2.000000000 2
1176 576 3 8192 2.000000000 2
1176 580 3 8192 2.000000000 2
1176 592 3 8192 2.000000000 2
1176 600 3 8192 2.000000000 2
1176 620 3 8192 2.000000000 2
1176 628 3 8192 2.000000000 2
1176 636 3 8192 2.000000000 2
1176 644 3 8192 2.000000000 2
1176 648 3 8192 2.000000000 2
1176 668 3 8192 2.000000000 2
1176 700 3 8192 2.000000000 2
1176 708 3 8192 2.000000000 2
1176 720 3 8192 2.000000000 2
1176 744 3 8192 2.000000000 2
1176 748 3 8192 2.000000000 2
1176 764 3 8192 2.000000000 2
1176 804 3 8192 2.000000000 2
1176 828 3 8192 2.000000000 2
1176 836 3 8192 2.000000000 2
1176 844 3 8192 2.000000000 2
1176 872 3 8192 2.000000000 2
1176 928 3 8192 2.000000000 2
1176 944 3 8192 2.000000000 2
1176 948 3 8192 2.000000000 2
1176 960 3 8192 2.000000000 2
1176 1016 3 8192 2.000000000 2
1176 1020 3 8192 2.000000000 2
1176 1044 3 8192 2.000000000 2
1176 1060 3 8192 2.000000000 2
1176 1092 3 8192 2.000000000 2
1176 1116 3 8192 2.000000000 2
1176 1160 3 8192 2.000000000 2
1176 1168 3 8192 2.000000000 2
1176 1172 3 8192 2.000000000 2
1176 1180 3 8192 2.000000000 2
1176 1184 3 8192 2.000000000 2
1176 1200 3 8192 2.000000000 2
1176 1216 3 8192 2.000000000 2
1176 1220 3 8192 2.000000000 2
1176 1256 3 8192 2.000000000 2
1180 4 3 8192 2.000000000 2
1180 36 3 8192 2.000000000 2
1180 48 3 8192 2.000000000 2
1180 68 3 8192 2.000000000 2
1180 80 3 8192 2.000000000 2
1180 108 3 8192 2.000000000 2
1180 116 3 8192 2.000000000 2
1180 124 3 8192 2.000000000 2
1180 156 3 8192 2.000000000 2
1180 192 3 8192 2.000000000 2
1180 216 3 8192 2.000000000 2
1180 260 3 8192 2.000000000 2
1180 284 3 8192 2.000000000 2
1180 300 3 8192 2.000000000 2
1180 308 3 8192 2.000000000 2
1180 324 3 8192 2.000000000 2
1180 332 3 8192 2.000000000 2
1180 392 3 8192 2.000000000 2
1180 484 3 8192 2.000000000 2
1180 500 3 8192 2.000000000 2
1180 540 3 8192 2.000000000 2
1180 552 3 8192 2.000000000 2
1180 576 3 8192 2.000000000 2
1180 588 3 8192 2.000000000 2
1180 604 3 8192 2.000000000 2
1180 644 3 8192 2.000000000 2
1180 672 3 8192 2.000000000 2
1180 700 3 8192 2.000000000 2
1180 712 3 8192 2.000000000 2
1180 736 3 8192 2.000000000 2
1180 744 3 8192 2.000000000 2
1180 748 3 8192 2.000000000 2
1180 756 3 8192 2.000000000 2
1180 764 3 8192 2.000000000 2
1180 772 3 8192 2.000000000 2
1180 792 3 8192 2.000000000 2
1180 804 3 8192 2.000000000 2
1180 816 3 8192 2.000000000 2
1180 824 3 8192 2.000000000 2
1180 836 3 8192 2.000000000 2
1180 840 3 8192 2.000000000 2
1180 848 3 8192 2.000000000 2
1180 852 3 8192 2.000000000 2
1180 872 3 8192 2.000000000 2
1180 880 3 8192 2.000000000 2
1180 888 3 8192 2.000000000 2
1180 908 3 8192 2.000000000 2
1180 932 3 8192 2.000000000 2
1180 956 3 8192 2.000000000 2
1180 960 3 8192 2.000000000 2
1180 992 3 8192 2.000000000 2
1180 1036 3 8192 2.000000000 2
1180 1040 3 8192 2.000000000 2
1180 1044 3 8192 2.000000000 2
1180 1060 3 8192 2.000000000 2
1180 1076 3 8192 2.000000000 2
1180 1128 3 8192 2.000000000 2
1180 1148 3 8192 2.000000000 2
1180 1156 3 8192 2.000000000 2
1180 1168 3 8192 2.000000000 2
1180 1184 3 8192 2.000000000 2
1180 1212 3 8192 2.000000000 2
1180 1216 3 8192 2.000000000 2
1180 1260 3 8192 2.000000000 2
1184 8 3 8192 2.000000000 2
1184 12 3 8192 2.000000000 2
1184 56 3 8192 2.000000000 2
1184 72 3 8192 2.000000000 2
1184 76 3 8192 2.000000000 2
1184 132 3 8192 2.000000000 2
1184 152 3 8192 2.000000000 2
1184 208 3 8192 2.000000000 2
1184 216 3 8192 2.000000000 2
1184 240 3 8192 2.000000000 2
1184 256 3 8192 2.000000000 2
1184 300 3 8192 2.000000000 2
1184 332 3 8192 2.000000000 2
1184 340 3 8192 2.000000000 2
1184 360 3 8192 2.000000000 2
1184 400 3 8192 2.000000000 2
1184 408 3 8192 2.000000000 2
1184 436 3 8192 2.000000000 2
1184 440 3 8192 2.000000000 2
1184 452 3 8192 2.000000000 2
1184 464 3 8192 2.000000000 2
1184 472 3 8192 2.000000000 2
1184 496 3 8192 2.000000000 2
1184 500 3 8192 2.000000000 2
1184 512 3 8192 2.000000000 2
1184 564 3 8192 2.000000000 2
1184 596 3 8192 2.000000000 2
1184 600 3 8192 2.000000000 2
1184 604 3 8192 2.000000000 2
1184 612 3 8192 2.000000000 2
1184 628 3 8192 2.000000000 2
1184 644 3 8192 2.000000000 2
1184 652 3 8192 2.000000000 2
1184 656 3 8192 2.000000000 2
1184 672 3 8192 2.000000000 2
1184 732 3 8192 2.000000000 2
1184 736 3 8192 2.000000000 2
1184 740 3 8192 2.000000000 2
1184 752 3 8192 2.000000000 2
1184 772 3 8192 2.000000000 2
1184 804 3 8192 2.000000000 2
1184 808 3 8192 2.000000000 2
1184 836 3 8192 2.000000000 2
1184 852 3 8192 2.000000000 2
1184 876 3 8192 2.000000000 2
1184 888 3 8192 2.000000000 2
1184 908 3 8192 2.000000000 2
1184 912 3 8192 2.000000000 2
1184 932 3 8192 2.000000000 2
1184 940 3 8192 2.000000000 2
1184 944 3 8192 2.000000000 2
1184 948 3 8192 2.000000000 2
1184 988 3 8192 2.000000000 2
1184 1008 3 8192 2.000000000 2
1184 1024 3 8192 2.000000000 2
1184 1052 3 8192 2.000000000 2
1184 1060 3 8192 2.000000000 2
1184 1092 3 8192 2.000000000 2
1184 1108 3 8192 2.000000000 2
1184 1124 3 8192 2.000000000 2
1184 1176 3 8192 2.000000000 2
1184 1200 3 8192 2.000000000 2
1184 1208 3 8192 2.000000000 2
1184 1212 3 8192 2.000000000 2
1192 8 3 8192 2.000000000 2
1192 72 3 8192 2.000000000 2
1192 76 3 8192 2.000000000 2
1192 92 3 8192 2.000000000 2
1192 108 3 8192 2.000000000 2
1192 116 3 8192 2.000000000 2
1192 120 3 8192 2.000000000 2
1192 136 3 8192 2.000000000 2
1192 176 3 8192 2.000000000 2
1192 184 3 8192 2.000000000 2
1192 208 3 8192 2.000000000 2
1192 212 3 8192 2.000000000 2
1192 228 3 8192 2.000000000 2
1192 264 3 8192 2.000000000 2
1192 300 3 8192 2.000000000 2
1192 316 3 8192 2.000000000 2
1192 320 3 8192 2.000000000 2
1192 332 3 8192 2.000000000 2
1192 336 3 8192 2.000000000 2
1192 392 3 8192 2.000000000 2
1192 400 3 8192 2.000000000 2
1192 408 3 8192 2.000000000 2
1192 436 3 8192 2.000000000 2
1192 456 3 8192 2.000000000 2
1192 460 3 8192 2.000000000 2
1192 464 3 8192 2.000000000 2
1192 488 3 8192 2.000000000 2
1192 508 3 8192 2.000000000 2
1192 520 3 8192 2.000000000 2
1192 532 3 8192 2.000000000 2
1192 560 3 8192 2.000000000 2
1192 568 3 8192 2.000000000 2
1192 592 3 8192 2.000000000 2
1192 596 3 8192 2.000000000 2
1192 640 3 8192 2.000000000 2
1192 668 3 8192 2.000000000 2
1192 672 3 8192 2.000000000 2
1192 708 3 8192 2.000000000 2
1192 712 3 8192 2.000000000 2
1192 792 3 8192 2.000000000 2
1192 828 3 8192 2.000000000 2
1192 836 3 8192 2.000000000 2
1192 848 3 8192 2.000000000 2
1192 864 3 8192 2.000000000 2
1192 868 3 8192 2.000000000 2
1192 884 3 8192 2.000000000 2
1192 900 3 8192 2.000000000 2
1192 908 3 8192 2.000000000 2
1192 920 3 8192 2.000000000 2
1192 932 3 8192 2.000000000 2
1192 960 3 8192 2.000000000 2
1192 992 3 8192 2.000000000 2
1192 1000 3 8192 2.000000000 2
1192 1012 3 8192 2.000000000 2
1192 1020 3 8192 2.000000000 2
1192 1060 3 8192 2.000000000 2
1192 1068 3 8192 2.000000000 2
1192 1128 3 8192 2.000000000 2
1192 1132 3 8192 2.000000000 2
1192 1160 3 8192 2.000000000 2
1192 1176 3 8192 2.000000000 2
1192 1180 3 8192 2.000000000 2
1192 1244 3 8192 2.000000000 2
1192 1256 3 8192 2.000000000 2
1200 36 3 8192 2.000000000 2
1200 44 3 8192 2.000000000 2
1200 48 3 8192 2.000000000 2
1200 92 3 8192 2.000000000 2
1200 116 3 8192 2.000000000 2
1200 152 3 8192 2.000000000 2
1200 156 3 8192 2.000000000 2
1200 172 3 8192 2.000000000 2
1200 180 3 8192 2.000000000 2
1200 192 3 8192 2.000000000 2
1200 220 3 8192 2.000000000 2
1200 236 3 8192 2.000000000 2
1200 252 3 8192 2.000000000 2
1200 268 3 8192 2.000000000 2
1200 300 3 8192 2.000000000 2
1200 316 3 8192 2.000000000 2
1200 320 3 8192 2.000000000 2
1200 344 3 8192 2.000000000 2
1200 368 3 8192 2.000000000 2
1200 404 3 8192 2.000000000 2
1200 476 3 8192 2.000000000 2
1200 520 3 8192 2.000000000 2
1200 532 3 8192 2.000000000 2
1200 576 3 8192 2.000000000 2
1200 588 3 8192 2.000000000 2
1200 600 3 8192 2.000000000 2
1200 612 3 8192 2.000000000 2
1200 628 3 8192 2.000000000 2
1200 632 3 8192 2.000000000 2
1200 644 3 8192 2.000000000 2
1200 648 3 8192 2.000000000 2
1200 656 3 8192 2.000000000 2
1200 668 3 8192 2.000000000 2
1200 672 3 8192 2.000000000 2
1200 680 3 8192 2.000000000 2
1200 688 3 8192 2.000000000 2
1200 696 3 8192 2.000000000 2
1200 700 3 8192 2.000000000 2
1200 708 3 8192 2.000000000 2
1200 716 3 8192 2.000000000 2
1200 740 3 8192 2.000000000 2
1200 772 3 8192 2.000000000 2
1200 812 3 8192 2.000000000 2
1200 816 3 8192 2.000000000 2
1200 848 3 8192 2.000000000 2
1200 852 3 8192 2.000000000 2
1200 872 3 8192 2.000000000 2
1200 888 3 8192 2.000000000 2
1200 912 3 8192 2.000000000 2
1200 944 3 8192 2.000000000 2
1200 948 3 8192 2.000000000 2
1200 956 3 8192 2.000000000 2
1200 980 3 8192 2.000000000 2
1200 1020 3 8192 2.000000000 2
1200 1024 3 8192 2.000000000 2
1200 1032 3 8192 2.000000000 2
1200 1040 3 8192 2.000000000 2
1200 1068 3 8192 2.000000000 2
1200 1132 3 8192 2.000000000 2
1200 1144 3 8192 2.000000000 2
1200 1212 3 8192 2.000000000 2
1200 1220 3 8192 2.000000000 2
1200 1236 3 8192 2.000000000 2
1200 1244 3 8192 2.000000000 2
1204 36 3 8192 2.000000000 2
1204 44 3 8192 2.000000000 2
1204 72 3 8192 2.000000000 2
1204 92 3 8192 2.000000000 2
1204 96 3 8192 2.000000000 2
1204 100 3 8192 2.000000000 2
1204 116 3 8192 2.000000000 2
1204 120 3 8192 2.000000000 2
1204 140 3 8192 2.000000000 2
1204 172 3 8192 2.000000000 2
1204 192 3 8192 2.000000000 2
1204 236 3 8192 2.000000000 2
1204 248 3 8192 2.000000000 2
1204 252 3 8192 2.000000000 2
1204 284 3 8192 2.000000000 2
1204 288 3 8192 2.000000000 2
1204 292 3 8192 2.000000000 2
1204 308 3 8192 2.000000000 2
1204 324 3 8192 2.000000000 2
1204 332 3 8192 2.000000000 2
1204 336 3 8192 2.000000000 2
1204 368 3 8192 2.000000000 2
1204 392 3 8192 2.000000000 2
1204 440 3 8192 2.000000000 2
1204 452 3 8192 2.000000000 2
1204 484 3 8192 2.000000000 2
1204 504 3 8192 2.000000000 2
1204 520 3 8192 2.000000000 2
1204 568 3 8192 2.000000000 2
1204 580 3 8192 2.000000000 2
1204 588 3 8192 2.000000000 2
1204 592 3 8192 2.000000000 2
1204 600 3 8192 2.000000000 2
1204 608 3 8192 2.000000000 2
1204 616 3 8192 2.000000000 2
1204 632 3 8192 2.000000000 2
1204 640 3 8192 2.000000000 2
1204 664 3 8192 2.000000000 2
1204 680 3 8192 2.000000000 2
1204 688 3 8192 2.000000000 2
1204 692 3 8192 2.000000000 2
1204 696 3 8192 2.000000000 2
1204 712 3 8192 2.000000000 2
1204 720 3 8192 2.000000000 2
1204 764 3 8192 2.000000000 2
1204 772 3 8192 2.000000000 2
1204 792 3 8192 2.000000000 2
1204 816 3 8192 2.000000000 2
1204 840 3 8192 2.000000000 2
1204 864 3 8192 2.000000000 2
1204 880 3 8192 2.000000000 2
1204 892 3 8192 2.000000000 2
1204 940 3 8192 2.000000000 2
1204 948 3 8192 2.000000000 2
1204 980 3 8192 2.000000000 2
1204 1008 3 8192 2.000000000 2
1204 1020 3 8192 2.000000000 2
1204 1024 3 8192 2.000000000 2
1204 1108 3 8192 2.000000000 2
1204 1116 3 8192 2.000000000 2
1204 1180 3 8192 2.000000000 2
1204 1216 3 8192 2.000000000 2
1204 1220 3 8192 2.000000000 2
1204 1264 3 8192 2.000000000 2
1208 12 3 8192 2.000000000 2
1208 20 3 8192 2.000000000 2
1208 48 3 8192 2.000000000 2
1208 104 3 8192 2.000000000 2
1208 108 3 8192 2.000000000 2
1208 112 3 8192 2.000000000 2
1208 136 3 8192 2.000000000 2
1208 152 3 8192 2.000000000 2
1208 184 3 8192 2.000000000 2
1208 228 3 8192 2.000000000 2
1208 236 3 8192 2.000000000 2
1208 248 3 8192 2.000000000 2
1208 252 3 8192 2.000000000 2
1208 256 3 8192 2.000000000 2
1208 336 3 8192 2.000000000 2
1208 408 3 8192 2.000000000 2
1208 468 3 8192 2.000000000 2
1208 472 3 8192 2.000000000 2
1208 480 3 8192 2.000000000 2
1208 488 3 8192 2.000000000 2
1208 504 3 8192 2.000000000 2
1208 508 3 8192 2.000000000 2
1208 532 3 8192 2.000000000 2
1208 560 3 8192 2.000000000 2
1208 568 3 8192 2.000000000 2
1208 576 3 8192 2.000000000 2
1208 600 3 8192 2.000000000 2
1208 620 3 8192 2.000000000 2
1208 648 3 8192 2.000000000 2
1208 652 3 8192 2.000000000 2
1208 656 3 8192 2.000000000 2
1208 716 3 8192 2.000000000 2
1208 756 3 8192 2.000000000 2
1208 788 3 8192 2.000000000 2
1208 808 3 8192 2.000000000 2
1208 816 3 8192 2.000000000 2
1208 824 3 8192 2.000000000 2
1208 856 3 8192 2.000000000 2
1208 864 3 8192 2.000000000 2
1208 872 3 8192 2.000000000 2
1208 876 3 8192 2.000000000 2
1208 884 3 8192 2.000000000 2
1208 904 3 8192 2.000000000 2
1208 908 3 8192 2.000000000 2
1208 912 3 8192 2.000000000 2
1208 944 3 8192 2.000000000 2
1208 956 3 8192 2.000000000 2
1208 992 3 8192 2.000000000 2
1208 996 3 8192 2.000000000 2
1208 1000 3 8192 2.000000000 2
1208 1004 3 8192 2.000000000 2
1208 1012 3 8192 2.000000000 2
1208 1020 3 8192 2.000000000 2
1208 1032 3 8192 2.000000000 2
1208 1036 3 8192 2.000000000 2
1208 1108 3 8192 2.000000000 2
1208 1124 3 8192 2.000000000 2
1208 1132 3 8192 2.000000000 2
1208 1156 3 8192 2.000000000 2
1208 1184 3 8192 2.000000000 2
1208 1236 3 8192 2.000000000 2
1208 1256 3 8192 2.000000000 2
1208 1264 3 8192 2.000000000 2
1208 1268 3 8192 2.000000000 2
1212 4 3 8192 2.000000000 2
1212 20 3 8192 2.000000000 2
1212 44 3 8192 2.000000000 2
1212 96 3 8192 2.000000000 2
1212 100 3 8192 2.000000000 2
1212 104 3 8192 2.000000000 2
1212 132 3 8192 2.000000000 2
1212 136 3 8192 2.000000000 2
1212 140 3 8192 2.000000000 2
1212 160 3 8192 2.000000000 2
1212 168 3 8192 2.000000000 2
1212 172 3 8192 2.000000000 2
1212 248 3 8192 2.000000000 2
1212 288 3 8192 2.000000000 2
1212 304 3 8192 2.000000000 2
1212 308 3 8192 2.000000000 2
1212 324 3 8192 2.000000000 2
1212 328 3 8192 2.000000000 2
1212 396 3 8192 2.000000000 2
1212 432 3 8192 2.000000000 2
1212 460 3 8192 2.000000000 2
1212 472 3 8192 2.000000000 2
1212 488 3 8192 2.000000000 2
1212 512 3 8192 2.000000000 2
1212 520 3 8192 2.000000000 2
1212 584 3 8192 2.000000000 2
1212 616 3 8192 2.000000000 2
1212 632 3 8192 2.000000000 2
1212 640 3 8192 2.000000000 2
1212 652 3 8192 2.000000000 2
1212 668 3 8192 2.000000000 2
1212 696 3 8192 2.000000000 2
1212 732 3 8192 2.000000000 2
1212 748 3 8192 2.000000000 2
1212 752 3 8192 2.000000000 2
1212 756 3 8192 2.000000000 2
1212 760 3 8192 2.000000000 2
1212 764 3 8192 2.000000000 2
1212 788 3 8192 2.000000000 2
1212 792 3 8192 2.000000000 2
1212 812 3 8192 2.000000000 2
1212 824 3 8192 2.000000000 2
1212 836 3 8192 2.000000000 2
1212 840 3 8192 2.000000000 2
1212 848 3 8192 2.000000000 2
1212 876 3 8192 2.000000000 2
1212 908 3 8192 2.000000000 2
1212 920 3 8192 2.000000000 2
1212 1000 3 8192 2.000000000 2
1212 1012 3 8192 2.000000000 2
1212 1052 3 8192 2.000000000 2
1212 1064 3 8192 2.000000000 2
1212 1068 3 8192 2.000000000 2
1212 1076 3 8192 2.000000000 2
1212 1108 3 8192 2.000000000 2
1212 1116 3 8192 2.000000000 2
1212 1124 3 8192 2.000000000 2
1212 1164 3 8192 2.000000000 2
1212 1184 3 8192 2.000000000 2
1212 1216 3 8192 2.000000000 2
1212 1232 3 8192 2.000000000 2
1212 1248 3 8192 2.000000000 2
1212 1260 3 8192 2.000000000 2
1212 1268 3 8192 2.000000000 2
1216 4 3 8192 2.000000000 2
1216 8 3 8192 2.000000000 2
1216 20 3 8192 2.000000000 2
1216 36 3 8192 2.000000000 2
1216 40 3 8192 2.000000000 2
1216 44 3 8192 2.000000000 2
1216 72 3 8192 2.000000000 2
1216 80 3 8192 2.000000000 2
1216 88 3 8192 2.000000000 2
1216 96 3 8192 2.000000000 2
1216 116 3 8192 2.000000000 2
1216 132 3 8192 2.000000000 2
1216 160 3 8192 2.000000000 2
1216 180 3 8192 2.000000000 2
1216 184 3 8192 2.000000000 2
1216 208 3 8192 2.000000000 2
1216 216 3 8192 2.000000000 2
1216 240 3 8192 2.000000000 2
1216 268 3 8192 2.000000000 2
1216 284 3 8192 2.000000000 2
1216 300 3 8192 2.000000000 2
1216 340 3 8192 2.000000000 2
1216 348 3 8192 2.000000000 2
1216 384 3 8192 2.000000000 2
1216 388 3 8192 2.000000000 2
1216 408 3 8192 2.000000000 2
1216 436 3 8192 2.000000000 2
1216 456 3 8192 2.000000000 2
1216 492 3 8192 2.000000000 2
1216 500 3 8192 2.000000000 2
1216 524 3 8192 2.000000000 2
1216 552 3 8192 2.000000000 2
1216 572 3 8192 2.000000000 2
1216 592 3 8192 2.000000000 2
1216 612 3 8192 2.000000000 2
1216 668 3 8192 2.000000000 2
1216 692 3 8192 2.000000000 2
1216 708 3 8192 2.000000000 2
1216 732 3 8192 2.000000000 2
1216 736 3 8192 2.000000000 2
1216 764 3 8192 2.000000000 2
1216 792 3 8192 2.000000000 2
1216 804 3 8192 2.000000000 2
1216 812 3 8192 2.000000000 2
1216 836 3 8192 2.000000000 2
1216 848 3 8192 2.000000000 2
1216 908 3 8192 2.000000000 2
1216 912 3 8192 2.000000000 2
1216 924 3 8192 2.000000000 2
1216 940 3 8192 2.000000000 2
1216 956 3 8192 2.000000000 2
1216 960 3 8192 2.000000000 2
1216 968 3 8192 2.000000000 2
1216 976 3 8192 2.000000000 2
1216 980 3 8192 2.000000000 2
1216 1000 3 8192 2.000000000 2
1216 1032 3 8192 2.000000000 2
1216 1036 3 8192 2.000000000 2
1216 1044 3 8192 2.000000000 2
1216 1060 3 8192 2.000000000 2
1216 1160 3 8192 2.000000000 2
1216 1176 3 8192 2.000000000 2
1216 1180 3 8192 2.000000000 2
1216 1244 3 8192 2.000000000 2
1220 0 3 8192 2.000000000 2
1220 4 3 8192 2.000000000 2
1220 12 3 8192 2.000000000 2
1220 20 3 8192 2.000000000 2
1220 32 3 8192 2.000000000 2
1220 68 3 8192 2.000000000 2
1220 88 3 8192 2.000000000 2
1220 104 3 8192 2.000000000 2
1220 108 3 8192 2.000000000 2
1220 116 3 8192 2.000000000 2
1220 156 3 8192 2.000000000 2
1220 176 3 8192 2.000000000 2
1220 208 3 8192 2.000000000 2
1220 216 3 8192 2.000000000 2
1220 220 3 8192 2.000000000 2
1220 240 3 8192 2.000000000 2
1220 320 3 8192 2.000000000 2
1220 344 3 8192 2.000000000 2
1220 424 3 8192 2.000000000 2
1220 432 3 8192 2.000000000 2
1220 436 3 8192 2.000000000 2
1220 452 3 8192 2.000000000 2
1220 536 3 8192 2.000000000 2
1220 560 3 8192 2.000000000 2
1220 564 3 8192 2.000000000 2
1220 572 3 8192 2.000000000 2
1220 584 3 8192 2.000000000 2
1220 588 3 8192 2.000000000 2
1220 612 3 8192 2.000000000 2
1220 628 3 8192 2.000000000 2
1220 632 3 8192 2.000000000 2
1220 644 3 8192 2.000000000 2
1220 664 3 8192 2.000000000 2
1220 668 3 8192 2.000000000 2
1220 672 3 8192 2.000000000 2
1220 732 3 8192 2.000000000 2
1220 736 3 8192 2.000000000 2
1220 764 3 8192 2.000000000 2
1220 792 3 8192 2.000000000 2
1220 812 3 8192 2.000000000 2
1220 848 3 8192 2.000000000 2
1220 864 3 8192 2.000000000 2
1220 880 3 8192 2.000000000 2
1220 912 3 8192 2.000000000 2
1220 928 3 8192 2.000000000 2
1220 932 3 8192 2.000000000 2
1220 940 3 8192 2.000000000 2
1220 1012 3 8192 2.000000000 2
1220 1024 3 8192 2.000000000 2
1220 1036 3 8192 2.000000000 2
1220 1044 3 8192 2.000000000 2
1220 1076 3 8192 2.000000000 2
1220 1100 3 8192 2.000000000 2
1220 1144 3 8192 2.000000000 2
1220 1156 3 8192 2.000000000 2
1220 1184 3 8192 2.000000000 2
1220 1208 3 8192 2.000000000 2
1220 1212 3 8192 2.000000000 2
1220 1232 3 8192 2.000000000 2
1220 1236 3 8192 2.000000000 2
1220 1244 3 8192 2.000000000 2
1220 1260 3 8192 2.000000000 2
1220 1264 3 8192 2.000000000 2
1220 1268 3 8192 2.000000000 2
1224 40 3 8192 2.000000000 2
1224 96 3 8192 2.000000000 2
1224 120 3 8192 2.000000000 2
1224 140 3 8192 2.000000000 2
1224 152 3 8192 2.000000000 2
1224 200 3 8192 2.000000000 2
1224 208 3 8192 2.000000000 2
1224 216 3 8192 2.000000000 2
1224 228 3 8192 2.000000000 2
1224 268 3 8192 2.000000000 2
1224 288 3 8192 2.000000000 2
1224 312 3 8192 2.000000000 2
1224 324 3 8192 2.000000000 2
1224 328 3 8192 2.000000000 2
1224 356 3 8192 2.000000000 2
1224 388 3 8192 2.000000000 2
1224 392 3 8192 2.000000000 2
1224 408 3 8192 2.000000000 2
1224 456 3 8192 2.000000000 2
1224 464 3 8192 2.000000000 2
1224 472 3 8192 2.000000000 2
1224 476 3 8192 2.000000000 2
1224 488 3 8192 2.000000000 2
1224 496 3 8192 2.000000000 2
1224 500 3 8192 2.000000000 2
1224 512 3 8192 2.000000000 2
1224 540 3 8192 2.000000000 2
1224 552 3 8192 2.000000000 2
1224 588 3 8192 2.000000000 2
1224 608 3 8192 2.000000000 2
1224 620 3 8192 2.000000000 2
1224 628 3 8192 2.000000000 2
1224 640 3 8192 2.000000000 2
1224 648 3 8192 2.000000000 2
1224 664 3 8192 2.000000000 2
1224 688 3 8192 2.000000000 2
1224 704 3 8192 2.000000000 2
1224 740 3 8192 2.000000000 2
1224 744 3 8192 2.000000000 2
1224 748 3 8192 2.000000000 2
1224 756 3 8192 2.000000000 2
1224 772 3 8192 2.000000000 2
1224 792 3 8192 2.000000000 2
1224 840 3 8192 2.000000000 2
1224 848 3 8192 2.000000000 2
1224 880 3 8192 2.000000000 2
1224 924 3 8192 2.000000000 2
1224 932 3 8192 2.000000000 2
1224 940 3 8192 2.000000000 2
1224 976 3 8192 2.000000000 2
1224 988 3 8192 2.000000000 2
1224 996 3 8192 2.000000000 2
1224 1020 3 8192 2.000000000 2
1224 1028 3 8192 2.000000000 2
1224 1040 3 8192 2.000000000 2
1224 1068 3 8192 2.000000000 2
1224 1096 3 8192 2.000000000 2
1224 1116 3 8192 2.000000000 2
1224 1132 3 8192 2.000000000 2
1224 1144 3 8192 2.000000000 2
1224 1148 3 8192 2.000000000 2
1224 1168 3 8192 2.000000000 2
1224 1248 3 8192 2.000000000 2
1224 1264 3 8192 2.000000000 2
1232 4 3 8192 2.000000000 2
1232 32 3 8192 2.000000000 2
1232 40 3 8192 2.000000000 2
1232 76 3 8192 2.000000000 2
1232 104 3 8192 2.000000000 2
1232 108 3 8192 2.000000000 2
1232 136 3 8192 2.000000000 2
1232 160 3 8192 2.000000000 2
1232 192 3 8192 2.000000000 2
1232 212 3 8192 2.000000000 2
1232 248 3 8192 2.000000000 2
1232 252 3 8192 2.000000000 2
1232 284 3 8192 2.000000000 2
1232 288 3 8192 2.000000000 2
1232 308 3 8192 2.000000000 2
1232 316 3 8192 2.000000000 2
1232 320 3 8192 2.000000000 2
1232 340 3 8192 2.000000000 2
1232 348 3 8192 2.000000000 2
1232 368 3 8192 2.000000000 2
1232 452 3 8192 2.000000000 2
1232 472 3 8192 2.000000000 2
1232 480 3 8192 2.000000000 2
1232 500 3 8192 2.000000000 2
1232 544 3 8192 2.000000000 2
1232 552 3 8192 2.000000000 2
1232 576 3 8192 2.000000000 2
1232 604 3 8192 2.000000000 2
1232 608 3 8192 2.000000000 2
1232 620 3 8192 2.000000000 2
1232 632 3 8192 2.000000000 2
1232 636 3 8192 2.000000000 2
1232 644 3 8192 2.000000000 2
1232 648 3 8192 2.000000000 2
1232 664 3 8192 2.000000000 2
1232 668 3 8192 2.000000000 2
1232 712 3 8192 2.000000000 2
1232 736 3 8192 2.000000000 2
1232 744 3 8192 2.000000000 2
1232 748 3 8192 2.000000000 2
1232 752 3 8192 2.000000000 2
1232 788 3 8192 2.000000000 2
1232 816 3 8192 2.000000000 2
1232 844 3 8192 2.000000000 2
1232 856 3 8192 2.000000000 2
1232 864 3 8192 2.000000000 2
1232 868 3 8192 2.000000000 2
1232 876 3 8192 2.000000000 2
1232 908 3 8192 2.000000000 2
1232 924 3 8192 2.000000000 2
1232 928 3 8192 2.000000000 2
1232 940 3 8192 2.000000000 2
1232 968 3 8192 2.000000000 2
1232 976 3 8192 2.000000000 2
1232 996 3 8192 2.000000000 2
1232 1012 3 8192 2.000000000 2
1232 1024 3 8192 2.000000000 2
1232 1032 3 8192 2.000000000 2
1232 1068 3 8192 2.000000000 2
1232 1108 3 8192 2.000000000 2
1232 1144 3 8192 2.000000000 2
1232 1172 3 8192 2.000000000 2
1232 1184 3 8192 2.000000000 2
1232 1264 3 8192 2.000000000 2
1236 8 3 8192 2.000000000 2
1236 48 3 8192 2.000000000 2
1236 68 3 8192 2.000000000 2
1236 92 3 8192 2.000000000 2
1236 116 3 8192 2.000000000 2
1236 180 3 8192 2.000000000 2
1236 192 3 8192 2.000000000 2
1236 216 3 8192 2.000000000 2
1236 256 3 8192 2.000000000 2
1236 288 3 8192 2.000000000 2
1236 292 3 8192 2.000000000 2
1236 324 3 8192 2.000000000 2
1236 336 3 8192 2.000000000 2
1236 348 3 8192 2.000000000 2
1236 356 3 8192 2.000000000 2
1236 388 3 8192 2.000000000 2
1236 392 3 8192 2.000000000 2
1236 408 3 8192 2.000000000 2
1236 424 3 8192 2.000000000 2
1236 440 3 8192 2.000000000 2
1236 468 3 8192 2.000000000 2
1236 500 3 8192 2.000000000 2
1236 504 3 8192 2.000000000 2
1236 516 3 8192 2.000000000 2
1236 520 3 8192 2.000000000 2
1236 524 3 8192 2.000000000 2
1236 552 3 8192 2.000000000 2
1236 560 3 8192 2.000000000 2
1236 568 3 8192 2.000000000 2
1236 580 3 8192 2.000000000 2
1236 592 3 8192 2.000000000 2
1236 604 3 8192 2.000000000 2
1236 616 3 8192 2.000000000 2
1236 636 3 8192 2.000000000 2
1236 656 3 8192 2.000000000 2
1236 696 3 8192 2.000000000 2
1236 700 3 8192 2.000000000 2
1236 704 3 8192 2.000000000 2
1236 756 3 8192 2.000000000 2
1236 764 3 8192 2.000000000 2
1236 816 3 8192 2.000000000 2
1236 872 3 8192 2.000000000 2
1236 876 3 8192 2.000000000 2
1236 884 3 8192 2.000000000 2
1236 888 3 8192 2.000000000 2
1236 892 3 8192 2.000000000 2
1236 908 3 8192 2.000000000 2
1236 920 3 8192 2.000000000 2
1236 948 3 8192 2.000000000 2
1236 980 3 8192 2.000000000 2
1236 992 3 8192 2.000000000 2
1236 1012 3 8192 2.000000000 2
1236 1024 3 8192 2.000000000 2
1236 1040 3 8192 2.000000000 2
1236 1064 3 8192 2.000000000 2
1236 1100 3 8192 2.000000000 2
1236 1108 3 8192 2.000000000 2
1236 1124 3 8192 2.000000000 2
1236 1176 3 8192 2.000000000 2
1236 1184 3 8192 2.000000000 2
1236 1192 3 8192 2.000000000 2
1236 1220 3 8192 2.000000000 2
1236 1244 3 8192 2.000000000 2
1236 1260 3 8192 2.000000000 2
1244 12 3 8192 2.000000000 2
1244 28 3 8192 2.000000000 2
1244 72 3 8192 2.000000000 2
1244 88 3 8192 2.000000000 2
1244 96 3 8192 2.000000000 2
1244 100 3 8192 2.000000000 2
1244 108 3 8192 2.000000000 2
1244 112 3 8192 2.000000000 2
1244 116 3 8192 2.000000000 2
1244 132 3 8192 2.000000000 2
1244 156 3 8192 2.000000000 2
1244 216 3 8192 2.000000000 2
1244 236 3 8192 2.000000000 2
1244 248 3 8192 2.000000000 2
1244 252 3 8192 2.000000000 2
1244 260 3 8192 2.000000000 2
1244 304 3 8192 2.000000000 2
1244 360 3 8192 2.000000000 2
1244 460 3 8192 2.000000000 2
1244 464 3 8192 2.000000000 2
1244 496 3 8192 2.000000000 2
1244 500 3 8192 2.000000000 2
1244 504 3 8192 2.000000000 2
1244 520 3 8192 2.000000000 2
1244 536 3 8192 2.000000000 2
1244 540 3 8192 2.000000000 2
1244 552 3 8192 2.000000000 2
1244 596 3 8192 2.000000000 2
1244 604 3 8192 2.000000000 2
1244 624 3 8192 2.000000000 2
1244 644 3 8192 2.000000000 2
1244 656 3 8192 2.000000000 2
1244 660 3 8192 2.000000000 2
1244 684 3 8192 2.000000000 2
1244 696 3 8192 2.000000000 2
1244 716 3 8192 2.000000000 2
1244 744 3 8192 2.000000000 2
1244 804 3 8192 2.000000000 2
1244 812 3 8192 2.000000000 2
1244 828 3 8192 2.000000000 2
1244 840 3 8192 2.000000000 2
1244 872 3 8192 2.000000000 2
1244 884 3 8192 2.000000000 2
1244 892 3 8192 2.000000000 2
1244 908 3 8192 2.000000000 2
1244 916 3 8192 2.000000000 2
1244 924 3 8192 2.000000000 2
1244 944 3 8192 2.000000000 2
1244 960 3 8192 2.000000000 2
1244 968 3 8192 2.000000000 2
1244 976 3 8192 2.000000000 2
1244 992 3 8192 2.000000000 2
1244 1060 3 8192 2.000000000 2
1244 1064 3 8192 2.000000000 2
1244 1124 3 8192 2.000000000 2
1244 1144 3 8192 2.000000000 2
1244 1164 3 8192 2.000000000 2
1244 1200 3 8192 2.000000000 2
1244 1212 3 8192 2.000000000 2
1244 1224 3 8192 2.000000000 2
1244 1232 3 8192 2.000000000 2
1244 1256 3 8192 2.000000000 2
1244 1260 3 8192 2.000000000 2
1244 1264 3 8192 2.000000000 2
1248 4 3 8192 2.000000000 2
1248 8 3 8192 2.000000000 2
1248 32 3 8192 2.000000000 2
1248 36 3 8192 2.000000000 2
1248 44 3 8192 2.000000000 2
1248 88 3 8192 2.000000000 2
1248 100 3 8192 2.000000000 2
1248 152 3 8192 2.000000000 2
1248 160 3 8192 2.000000000 2
1248 168 3 8192 2.000000000 2
1248 176 3 8192 2.000000000 2
1248 208 3 8192 2.000000000 2
1248 228 3 8192 2.000000000 2
1248 256 3 8192 2.000000000 2
1248 288 3 8192 2.000000000 2
1248 304 3 8192 2.000000000 2
1248 308 3 8192 2.000000000 2
1248 320 3 8192 2.000000000 2
1248 328 3 8192 2.000000000 2
1248 436 3 8192 2.000000000 2
1248 488 3 8192 2.000000000 2
1248 492 3 8192 2.000000000 2
1248 500 3 8192 2.000000000 2
1248 512 3 8192 2.000000000 2
1248 532 3 8192 2.000000000 2
1248 572 3 8192 2.000000000 2
1248 604 3 8192 2.000000000 2
1248 608 3 8192 2.000000000 2
1248 616 3 8192 2.000000000 2
1248 620 3 8192 2.000000000 2
1248 636 3 8192 2.000000000 2
1248 660 3 8192 2.000000000 2
1248 700 3 8192 2.000000000 2
1248 704 3 8192 2.000000000 2
1248 716 3 8192 2.000000000 2
1248 732 3 8192 2.000000000 2
1248 736 3 8192 2.000000000 2
1248 740 3 8192 2.000000000 2
1248 748 3 8192 2.000000000 2
1248 760 3 8192 2.000000000 2
1248 764 3 8192 2.000000000 2
1248 792 3 8192 2.000000000 2
1248 800 3 8192 2.000000000 2
1248 804 3 8192 2.000000000 2
1248 876 3 8192 2.000000000 2
1248 908 3 8192 2.000000000 2
1248 924 3 8192 2.000000000 2
1248 940 3 8192 2.000000000 2
1248 960 3 8192 2.000000000 2
1248 968 3 8192 2.000000000 2
1248 1000 3 8192 2.000000000 2
1248 1004 3 8192 2.000000000 2
1248 1020 3 8192 2.000000000 2
1248 1040 3 8192 2.000000000 2
1248 1084 3 8192 2.000000000 2
1248 1108 3 8192 2.000000000 2
1248 1148 3 8192 2.000000000 2
1248 1156 3 8192 2.000000000 2
1248 1164 3 8192 2.000000000 2
1248 1176 3 8192 2.000000000 2
1248 1184 3 8192 2.000000000 2
1248 1192 3 8192 2.000000000 2
1248 1216 3 8192 2.000000000 2
1248 1264 3 8192 2.000000000 2
1256 8 3 8192 2.000000000 2
1256 32 3 8192 2.000000000 2
1256 40 3 8192 2.000000000 2
1256 108 3 8192 2.000000000 2
1256 116 3 8192 2.000000000 2
1256 124 3 8192 2.000000000 2
1256 140 3 8192 2.000000000 2
1256 168 3 8192 2.000000000 2
1256 180 3 8192 2.000000000 2
1256 228 3 8192 2.000000000 2
1256 260 3 8192 2.000000000 2
1256 264 3 8192 2.000000000 2
1256 308 3 8192 2.000000000 2
1256 328 3 8192 2.000000000 2
1256 332 3 8192 2.000000000 2
1256 336 3 8192 2.000000000 2
1256 388 3 8192 2.000000000 2
1256 392 3 8192 2.000000000 2
1256 480 3 8192 2.000000000 2
1256 504 3 8192 2.000000000 2
1256 516 3 8192 2.000000000 2
1256 560 3 8192 2.000000000 2
1256 568 3 8192 2.000000000 2
1256 576 3 8192 2.000000000 2
1256 580 3 8192 2.000000000 2
1256 584 3 8192 2.000000000 2
1256 588 3 8192 2.000000000 2
1256 592 3 8192 2.000000000 2
1256 596 3 8192 2.000000000 2
1256 600 3 8192 2.000000000 2
1256 608 3 8192 2.000000000 2
1256 612 3 8192 2.000000000 2
1256 616 3 8192 2.000000000 2
1256 620 3 8192 2.000000000 2
1256 636 3 8192 2.000000000 2
1256 664 3 8192 2.000000000 2
1256 668 3 8192 2.000000000 2
1256 680 3 8192 2.000000000 2
1256 692 3 8192 2.000000000 2
1256 720 3 8192 2.000000000 2
1256 744 3 8192 2.000000000 2
1256 816 3 8192 2.000000000 2
1256 852 3 8192 2.000000000 2
1256 856 3 8192 2.000000000 2
1256 884 3 8192 2.000000000 2
1256 912 3 8192 2.000000000 2
1256 916 3 8192 2.000000000 2
1256 932 3 8192 2.000000000 2
1256 940 3 8192 2.000000000 2
1256 956 3 8192 2.000000000 2
1256 960 3 8192 2.000000000 2
1256 980 3 8192 2.000000000 2
1256 1000 3 8192 2.000000000 2
1256 1016 3 8192 2.000000000 2
1256 1116 3 8192 2.000000000 2
1256 1124 3 8192 2.000000000 2
1256 1132 3 8192 2.000000000 2
1256 1160 3 8192 2.000000000 2
1256 1184 3 8192 2.000000000 2
1256 1208 3 8192 2.000000000 2
1256 1212 3 8192 2.000000000 2
1256 1232 3 8192 2.000000000 2
1256 1260 3 8192 2.000000000 2
1256 1264 3 8192 2.000000000 2
1260 0 3 8192 2.000000000 2
1260 32 3 8192 2.000000000 2
1260 40 3 8192 2.000000000 2
1260 56 3 8192 2.000000000 2
1260 68 3 8192 2.000000000 2
1260 72 3 8192 2.000000000 2
1260 76 3 8192 2.000000000 2
1260 136 3 8192 2.000000000 2
1260 160 3 8192 2.000000000 2
1260 168 3 8192 2.000000000 2
1260 172 3 8192 2.000000000 2
1260 216 3 8192 2.000000000 2
1260 260 3 8192 2.000000000 2
1260 264 3 8192 2.000000000 2
1260 348 3 8192 2.000000000 2
1260 384 3 8192 2.000000000 2
1260 392 3 8192 2.000000000 2
1260 400 3 8192 2.000000000 2
1260 476 3 8192 2.000000000 2
1260 500 3 8192 2.000000000 2
1260 544 3 8192 2.000000000 2
1260 552 3 8192 2.000000000 2
1260 564 3 8192 2.000000000 2
1260 568 3 8192 2.000000000 2
1260 588 3 8192 2.000000000 2
1260 600 3 8192 2.000000000 2
1260 612 3 8192 2.000000000 2
1260 616 3 8192 2.000000000 2
1260 624 3 8192 2.000000000 2
1260 636 3 8192 2.000000000 2
1260 640 3 8192 2.000000000 2
1260 648 3 8192 2.000000000 2
1260 668 3 8192 2.000000000 2
1260 680 3 8192 2.000000000 2
1260 688 3 8192 2.000000000 2
1260 692 3 8192 2.000000000 2
1260 700 3 8192 2.000000000 2
1260 712 3 8192 2.000000000 2
1260 736 3 8192 2.000000000 2
1260 768 3 8192 2.000000000 2
1260 772 3 8192 2.000000000 2
1260 800 3 8192 2.000000000 2
1260 828 3 8192 2.000000000 2
1260 888 3 8192 2.000000000 2
1260 904 3 8192 2.000000000 2
1260 928 3 8192 2.000000000 2
1260 932 3 8192 2.000000000 2
1260 996 3 8192 2.000000000 2
1260 1008 3 8192 2.000000000 2
1260 1052 3 8192 2.000000000 2
1260 1076 3 8192 2.000000000 2
1260 1096 3 8192 2.000000000 2
1260 1100 3 8192 2.000000000 2
1260 1144 3 8192 2.000000000 2
1260 1172 3 8192 2.000000000 2
1260 1180 3 8192 2.000000000 2
1260 1184 3 8192 2.000000000 2
1260 1200 3 8192 2.000000000 2
1260 1212 3 8192 2.000000000 2
1260 1220 3 8192 2.000000000 2
1260 1224 3 8192 2.000000000 2
1260 1232 3 8192 2.000000000 2
1260 1244 3 8192 2.000000000 2
1260 1248 3 8192 2.000000000 2
1264 4 3 8192 2.000000000 2
1264 32 3 8192 2.000000000 2
1264 36 3 8192 2.000000000 2
1264 112 3 8192 2.000000000 2
1264 120 3 8192 2.000000000 2
1264 152 3 8192 2.000000000 2
1264 184 3 8192 2.000000000 2
1264 208 3 8192 2.000000000 2
1264 212 3 8192 2.000000000 2
1264 236 3 8192 2.000000000 2
1264 260 3 8192 2.000000000 2
1264 268 3 8192 2.000000000 2
1264 284 3 8192 2.000000000 2
1264 312 3 8192 2.000000000 2
1264 336 3 8192 2.000000000 2
1264 360 3 8192 2.000000000 2
1264 384 3 8192 2.000000000 2
1264 392 3 8192 2.000000000 2
1264 424 3 8192 2.000000000 2
1264 480 3 8192 2.000000000 2
1264 496 3 8192 2.000000000 2
1264 500 3 8192 2.000000000 2
1264 516 3 8192 2.000000000 2
1264 540 3 8192 2.000000000 2
1264 544 3 8192 2.000000000 2
1264 564 3 8192 2.000000000 2
1264 576 3 8192 2.000000000 2
1264 604 3 8192 2.000000000 2
1264 624 3 8192 2.000000000 2
1264 640 3 8192 2.000000000 2
1264 648 3 8192 2.000000000 2
1264 680 3 8192 2.000000000 2
1264 684 3 8192 2.000000000 2
1264 692 3 8192 2.000000000 2
1264 704 3 8192 2.000000000 2
1264 716 3 8192 2.000000000 2
1264 732 3 8192 2.000000000 2
1264 788 3 8192 2.000000000 2
1264 800 3 8192 2.000000000 2
1264 804 3 8192 2.000000000 2
1264 808 3 8192 2.000000000 2
1264 836 3 8192 2.000000000 2
1264 864 3 8192 2.000000000 2
1264 892 3 8192 2.000000000 2
1264 900 3 8192 2.000000000 2
1264 908 3 8192 2.000000000 2
1264 912 3 8192 2.000000000 2
1264 916 3 8192 2.000000000 2
1264 940 3 8192 2.000000000 2
1264 944 3 8192 2.000000000 2
1264 976 3 8192 2.000000000 2
1264 1000 3 8192 2.000000000 2
1264 1016 3 8192 2.000000000 2
1264 1024 3 8192 2.000000000 2
1264 1028 3 8192 2.000000000 2
1264 1036 3 8192 2.000000000 2
1264 1084 3 8192 2.000000000 2
1264 1120 3 8192 2.000000000 2
1264 1128 3 8192 2.000000000 2
1264 1148 3 8192 2.000000000 2
1264 1200 3 8192 2.000000000 2
1264 1204 3 8192 2.000000000 2
1264 1216 3 8192 2.000000000 2
1264 1220 3 8192 2.000000000 2
1268 0 3 8192 2.000000000 2
1268 8 3 8192 2.000000000 2
1268 56 3 8192 2.000000000 2
1268 72 3 8192 2.000000000 2
1268 120 3 8192 2.000000000 2
1268 132 3 8192 2.000000000 2
1268 184 3 8192 2.000000000 2
1268 252 3 8192 2.000000000 2
1268 284 3 8192 2.000000000 2
1268 324 3 8192 2.000000000 2
1268 332 3 8192 2.000000000 2
1268 336 3 8192 2.000000000 2
1268 340 3 8192 2.000000000 2
1268 372 3 8192 2.000000000 2
1268 384 3 8192 2.000000000 2
1268 392 3 8192 2.000000000 2
1268 396 3 8192 2.000000000 2
1268 404 3 8192 2.000000000 2
1268 432 3 8192 2.000000000 2
1268 440 3 8192 2.000000000 2
1268 452 3 8192 2.000000000 2
1268 476 3 8192 2.000000000 2
1268 504 3 8192 2.000000000 2
1268 508 3 8192 2.000000000 2
1268 516 3 8192 2.000000000 2
1268 524 3 8192 2.000000000 2
1268 568 3 8192 2.000000000 2
1268 576 3 8192 2.000000000 2
1268 580 3 8192 2.000000000 2
1268 620 3 8192 2.000000000 2
1268 628 3 8192 2.000000000 2
1268 636 3 8192 2.000000000 2
1268 640 3 8192 2.000000000 2
1268 644 3 8192 2.000000000 2
1268 656 3 8192 2.000000000 2
1268 696 3 8192 2.000000000 2
1268 700 3 8192 2.000000000 2
1268 756 3 8192 2.000000000 2
1268 764 3 8192 2.000000000 2
1268 768 3 8192 2.000000000 2
1268 800 3 8192 2.000000000 2
1268 828 3 8192 2.000000000 2
1268 836 3 8192 2.000000000 2
1268 848 3 8192 2.000000000 2
1268 864 3 8192 2.000000000 2
1268 868 3 8192 2.000000000 2
1268 876 3 8192 2.000000000 2
1268 928 3 8192 2.000000000 2
1268 964 3 8192 2.000000000 2
1268 976 3 8192 2.000000000 2
1268 1016 3 8192 2.000000000 2
1268 1032 3 8192 2.000000000 2
1268 1036 3 8192 2.000000000 2
1268 1052 3 8192 2.000000000 2
1268 1108 3 8192 2.000000000 2
1268 1124 3 8192 2.000000000 2
1268 1128 3 8192 2.000000000 2
1268 1164 3 8192 2.000000000 2
1268 1176 3 8192 2.000000000 2
1268 1208 3 8192 2.000000000 2
1268 1212 3 8192 2.000000000 2
1268 1236 3 8192 2.000000000 2
1268 1256 3 8192 2.000000000 2
1268 1264 3 8192 2.000000000 2
