16512
996 1064 3 8388608 2.000000000 1
56 812 3 8388608 2.000000000 1
952 704 3 8388608 2.000000000 1
316 256 3 8388608 2.000000000 1
336 148 3 8388608 2.000000000 1
368 1028 3 8388608 2.000000000 1
392 696 3 8388608 2.000000000 1
316 308 3 8388608 2.000000000 1
952 564 3 8388608 2.000000000 1
308 1268 3 8388608 2.000000000 1
280 928 3 8388608 2.000000000 1
192 64 3 8388608 2.000000000 1
336 788 3 8388608 2.000000000 1
368 1064 3 8388608 2.000000000 1
184 340 3 8388608 2.000000000 1
148 336 3 8388608 2.000000000 1
284 564 3 8388608 2.000000000 1
996 944 3 8388608 2.000000000 1
1136 192 3 8388608 2.000000000 1
168 592 3 8388608 2.000000000 1
124 308 3 8388608 2.000000000 1
508 20 3 8388608 2.000000000 1
1116 192 3 8388608 2.000000000 1
424 1028 3 8388608 2.000000000 1
988 1136 3 8388608 2.000000000 1
696 564 3 8388608 2.000000000 1
696 752 3 8388608 2.000000000 1
556 508 3 8388608 2.000000000 1
1132 284 3 8388608 2.000000000 1
20 696 3 8388608 2.000000000 1
1268 336 3 8388608 2.000000000 1
900 812 3 8388608 2.000000000 1
704 392 3 8388608 2.000000000 1
812 1028 3 8388608 2.000000000 1
840 20 3 8388608 2.000000000 1
960 660 3 8388608 2.000000000 1
564 352 3 8388608 2.000000000 1
56 988 3 8388608 2.000000000 1
1136 368 3 8388608 2.000000000 1
148 124 3 8388608 2.000000000 1
1092 1036 3 8388608 2.000000000 1
900 284 3 8388608 2.000000000 1
988 424 3 8388608 2.000000000 1
1028 592 3 8388608 2.000000000 1
168 256 3 8388608 2.000000000 1
192 368 3 8388608 2.000000000 1
392 316 3 8388608 2.000000000 1
848 280 3 8388608 2.000000000 1
556 944 3 8388608 2.000000000 1
956 676 3 8388608 2.000000000 1
308 40 3 8388608 2.000000000 1
392 592 3 8388608 2.000000000 1
556 20 3 8388608 2.000000000 1
900 788 3 8388608 2.000000000 1
960 308 3 8388608 2.000000000 1
288 956 3 8388608 2.000000000 1
1132 288 3 8388608 2.000000000 1
592 316 3 8388608 2.000000000 1
1036 864 3 8388608 2.000000000 1
564 592 3 8388608 2.000000000 1
1092 1004 3 8388608 2.000000000 1
148 308 3 8388608 2.000000000 1
960 288 3 8388608 2.000000000 1
592 676 3 8388608 2.000000000 1
508 944 3 8388608 2.000000000 1
340 556 3 8388608 2.000000000 1
788 556 3 8388608 2.000000000 1
696 1004 3 8388608 2.000000000 1
752 392 3 8388608 2.000000000 1
16 308 3 8388608 2.000000000 1
1064 900 3 8388608 2.000000000 1
1036 288 3 8388608 2.000000000 1
340 1080 3 8388608 2.000000000 1
1268 148 3 8388608 2.000000000 1
424 1080 3 8388608 2.000000000 1
288 168 3 8388608 2.000000000 1
56 676 3 8388608 2.000000000 1
1232 1028 3 8388608 2.000000000 1
696 16 3 8388608 2.000000000 1
1136 864 3 8388608 2.000000000 1
848 868 3 8388608 2.000000000 1
512 1004 3 8388608 2.000000000 1
704 448 3 8388608 2.000000000 1
1132 1064 3 8388608 2.000000000 1
336 308 3 8388608 2.000000000 1
1116 988 3 8388608 2.000000000 1
928 696 3 8388608 2.000000000 1
840 944 3 8388608 2.000000000 1
392 508 3 8388608 2.000000000 1
996 148 3 8388608 2.000000000 1
868 456 3 8388608 2.000000000 1
704 124 3 8388608 2.000000000 1
508 56 3 8388608 2.000000000 1
268 496 3 8388608 2.000000000 1
1136 268 3 8388608 2.000000000 1
864 20 3 8388608 2.000000000 1
280 392 3 8388608 2.000000000 1
848 660 3 8388608 2.000000000 1
56 268 3 8388608 2.000000000 1
996 280 3 8388608 2.000000000 1
1004 1092 3 8388608 2.000000000 1
128 1080 3 8388608 2.000000000 1
508 288 3 8388608 2.000000000 1
848 16 3 8388608 2.000000000 1
148 280 3 8388608 2.000000000 1
340 960 3 8388608 2.000000000 1
168 848 3 8388608 2.000000000 1
508 956 3 8388608 2.000000000 1
268 988 3 8388608 2.000000000 1
132 284 3 8388608 2.000000000 1
284 132 3 8388608 2.000000000 1
284 336 3 8388608 2.000000000 1
772 456 3 8388608 2.000000000 1
256 16 3 8388608 2.000000000 1
988 336 3 8388608 2.000000000 1
288 456 3 8388608 2.000000000 1
508 40 3 8388608 2.000000000 1
268 848 3 8388608 2.000000000 1
508 284 3 8388608 2.000000000 1
564 772 3 8388608 2.000000000 1
1136 660 3 8388608 2.000000000 1
40 868 3 8388608 2.000000000 1
1136 868 3 8388608 2.000000000 1
1080 448 3 8388608 2.000000000 1
900 456 3 8388608 2.000000000 1
352 424 3 8388608 2.000000000 1
840 1004 3 8388608 2.000000000 1
864 676 3 8388608 2.000000000 1
0 12 3 8192 2.000000000 2
0 24 3 8192 2.000000000 2
0 36 3 8192 2.000000000 2
0 68 3 8192 2.000000000 2
0 92 3 8192 2.000000000 2
0 136 3 8192 2.000000000 2
0 160 3 8192 2.000000000 2
0 180 3 8192 2.000000000 2
0 188 3 8192 2.000000000 2
0 200 3 8192 2.000000000 2
0 212 3 8192 2.000000000 2
0 224 3 8192 2.000000000 2
0 252 3 8192 2.000000000 2
0 312 3 8192 2.000000000 2
0 360 3 8192 2.000000000 2
0 384 3 8192 2.000000000 2
0 400 3 8192 2.000000000 2
0 404 3 8192 2.000000000 2
0 436 3 8192 2.000000000 2
0 444 3 8192 2.000000000 2
0 464 3 8192 2.000000000 2
0 472 3 8192 2.000000000 2
0 480 3 8192 2.000000000 2
0 488 3 8192 2.000000000 2
0 536 3 8192 2.000000000 2
0 540 3 8192 2.000000000 2
0 588 3 8192 2.000000000 2
0 596 3 8192 2.000000000 2
0 600 3 8192 2.000000000 2
0 664 3 8192 2.000000000 2
0 672 3 8192 2.000000000 2
0 680 3 8192 2.000000000 2
0 688 3 8192 2.000000000 2
0 692 3 8192 2.000000000 2
0 716 3 8192 2.000000000 2
0 744 3 8192 2.000000000 2
0 768 3 8192 2.000000000 2
0 780 3 8192 2.000000000 2
0 820 3 8192 2.000000000 2
0 836 3 8192 2.000000000 2
0 856 3 8192 2.000000000 2
0 860 3 8192 2.000000000 2
0 880 3 8192 2.000000000 2
0 888 3 8192 2.000000000 2
0 896 3 8192 2.000000000 2
0 904 3 8192 2.000000000 2
0 912 3 8192 2.000000000 2
0 920 3 8192 2.000000000 2
0 964 3 8192 2.000000000 2
0 972 3 8192 2.000000000 2
0 980 3 8192 2.000000000 2
0 992 3 8192 2.000000000 2
0 1008 3 8192 2.000000000 2
0 1012 3 8192 2.000000000 2
0 1024 3 8192 2.000000000 2
0 1032 3 8192 2.000000000 2
0 1040 3 8192 2.000000000 2
0 1068 3 8192 2.000000000 2
0 1072 3 8192 2.000000000 2
0 1100 3 8192 2.000000000 2
0 1128 3 8192 2.000000000 2
0 1152 3 8192 2.000000000 2
0 1244 3 8192 2.000000000 2
0 1276 3 8192 2.000000000 2
4 0 3 8192 2.000000000 2
4 68 3 8192 2.000000000 2
4 92 3 8192 2.000000000 2
4 100 3 8192 2.000000000 2
4 112 3 8192 2.000000000 2
4 116 3 8192 2.000000000 2
4 140 3 8192 2.000000000 2
4 196 3 8192 2.000000000 2
4 208 3 8192 2.000000000 2
4 224 3 8192 2.000000000 2
4 232 3 8192 2.000000000 2
4 260 3 8192 2.000000000 2
4 264 3 8192 2.000000000 2
4 276 3 8192 2.000000000 2
4 300 3 8192 2.000000000 2
4 356 3 8192 2.000000000 2
4 360 3 8192 2.000000000 2
4 372 3 8192 2.000000000 2
4 384 3 8192 2.000000000 2
4 404 3 8192 2.000000000 2
4 428 3 8192 2.000000000 2
4 464 3 8192 2.000000000 2
4 488 3 8192 2.000000000 2
4 504 3 8192 2.000000000 2
4 516 3 8192 2.000000000 2
4 552 3 8192 2.000000000 2
4 616 3 8192 2.000000000 2
4 620 3 8192 2.000000000 2
4 632 3 8192 2.000000000 2
4 648 3 8192 2.000000000 2
4 652 3 8192 2.000000000 2
4 680 3 8192 2.000000000 2
4 684 3 8192 2.000000000 2
4 692 3 8192 2.000000000 2
4 708 3 8192 2.000000000 2
4 716 3 8192 2.000000000 2
4 720 3 8192 2.000000000 2
4 724 3 8192 2.000000000 2
4 756 3 8192 2.000000000 2
4 776 3 8192 2.000000000 2
4 792 3 8192 2.000000000 2
4 828 3 8192 2.000000000 2
4 884 3 8192 2.000000000 2
4 892 3 8192 2.000000000 2
4 904 3 8192 2.000000000 2
4 924 3 8192 2.000000000 2
4 932 3 8192 2.000000000 2
4 940 3 8192 2.000000000 2
4 948 3 8192 2.000000000 2
4 992 3 8192 2.000000000 2
4 1012 3 8192 2.000000000 2
4 1016 3 8192 2.000000000 2
4 1044 3 8192 2.000000000 2
4 1072 3 8192 2.000000000 2
4 1124 3 8192 2.000000000 2
4 1160 3 8192 2.000000000 2
4 1168 3 8192 2.000000000 2
4 1180 3 8192 2.000000000 2
4 1200 3 8192 2.000000000 2
4 1224 3 8192 2.000000000 2
4 1236 3 8192 2.000000000 2
4 1240 3 8192 2.000000000 2
4 1252 3 8192 2.000000000 2
4 1276 3 8192 2.000000000 2
8 24 3 8192 2.000000000 2
8 28 3 8192 2.000000000 2
8 36 3 8192 2.000000000 2
8 100 3 8192 2.000000000 2
8 112 3 8192 2.000000000 2
8 120 3 8192 2.000000000 2
8 136 3 8192 2.000000000 2
8 188 3 8192 2.000000000 2
8 196 3 8192 2.000000000 2
8 204 3 8192 2.000000000 2
8 212 3 8192 2.000000000 2
8 220 3 8192 2.000000000 2
8 232 3 8192 2.000000000 2
8 248 3 8192 2.000000000 2
8 260 3 8192 2.000000000 2
8 348 3 8192 2.000000000 2
8 372 3 8192 2.000000000 2
8 380 3 8192 2.000000000 2
8 384 3 8192 2.000000000 2
8 396 3 8192 2.000000000 2
8 404 3 8192 2.000000000 2
8 420 3 8192 2.000000000 2
8 428 3 8192 2.000000000 2
8 436 3 8192 2.000000000 2
8 480 3 8192 2.000000000 2
8 484 3 8192 2.000000000 2
8 528 3 8192 2.000000000 2
8 532 3 8192 2.000000000 2
8 548 3 8192 2.000000000 2
8 572 3 8192 2.000000000 2
8 620 3 8192 2.000000000 2
8 624 3 8192 2.000000000 2
8 644 3 8192 2.000000000 2
8 652 3 8192 2.000000000 2
8 688 3 8192 2.000000000 2
8 700 3 8192 2.000000000 2
8 716 3 8192 2.000000000 2
8 732 3 8192 2.000000000 2
8 748 3 8192 2.000000000 2
8 760 3 8192 2.000000000 2
8 780 3 8192 2.000000000 2
8 796 3 8192 2.000000000 2
8 820 3 8192 2.000000000 2
8 856 3 8192 2.000000000 2
8 860 3 8192 2.000000000 2
8 876 3 8192 2.000000000 2
8 880 3 8192 2.000000000 2
8 884 3 8192 2.000000000 2
8 896 3 8192 2.000000000 2
8 920 3 8192 2.000000000 2
8 948 3 8192 2.000000000 2
8 976 3 8192 2.000000000 2
8 980 3 8192 2.000000000 2
8 1016 3 8192 2.000000000 2
8 1040 3 8192 2.000000000 2
8 1096 3 8192 2.000000000 2
8 1108 3 8192 2.000000000 2
8 1124 3 8192 2.000000000 2
8 1164 3 8192 2.000000000 2
8 1168 3 8192 2.000000000 2
8 1172 3 8192 2.000000000 2
8 1192 3 8192 2.000000000 2
8 1208 3 8192 2.000000000 2
8 1276 3 8192 2.000000000 2
12 4 3 8192 2.000000000 2
12 32 3 8192 2.000000000 2
12 60 3 8192 2.000000000 2
12 84 3 8192 2.000000000 2
12 96 3 8192 2.000000000 2
12 104 3 8192 2.000000000 2
12 108 3 8192 2.000000000 2
12 120 3 8192 2.000000000 2
12 144 3 8192 2.000000000 2
12 172 3 8192 2.000000000 2
12 176 3 8192 2.000000000 2
12 188 3 8192 2.000000000 2
12 212 3 8192 2.000000000 2
12 216 3 8192 2.000000000 2
12 240 3 8192 2.000000000 2
12 312 3 8192 2.000000000 2
12 344 3 8192 2.000000000 2
12 364 3 8192 2.000000000 2
12 372 3 8192 2.000000000 2
12 388 3 8192 2.000000000 2
12 428 3 8192 2.000000000 2
12 436 3 8192 2.000000000 2
12 440 3 8192 2.000000000 2
12 464 3 8192 2.000000000 2
12 480 3 8192 2.000000000 2
12 484 3 8192 2.000000000 2
12 492 3 8192 2.000000000 2
12 504 3 8192 2.000000000 2
12 520 3 8192 2.000000000 2
12 540 3 8192 2.000000000 2
12 588 3 8192 2.000000000 2
12 600 3 8192 2.000000000 2
12 624 3 8192 2.000000000 2
12 644 3 8192 2.000000000 2
12 652 3 8192 2.000000000 2
12 668 3 8192 2.000000000 2
12 672 3 8192 2.000000000 2
12 688 3 8192 2.000000000 2
12 720 3 8192 2.000000000 2
12 744 3 8192 2.000000000 2
12 780 3 8192 2.000000000 2
12 852 3 8192 2.000000000 2
12 856 3 8192 2.000000000 2
12 860 3 8192 2.000000000 2
12 880 3 8192 2.000000000 2
12 916 3 8192 2.000000000 2
12 936 3 8192 2.000000000 2
12 980 3 8192 2.000000000 2
12 1032 3 8192 2.000000000 2
12 1044 3 8192 2.000000000 2
12 1056 3 8192 2.000000000 2
12 1068 3 8192 2.000000000 2
12 1112 3 8192 2.000000000 2
12 1152 3 8192 2.000000000 2
12 1160 3 8192 2.000000000 2
12 1168 3 8192 2.000000000 2
12 1172 3 8192 2.000000000 2
12 1176 3 8192 2.000000000 2
12 1180 3 8192 2.000000000 2
12 1196 3 8192 2.000000000 2
12 1204 3 8192 2.000000000 2
12 1212 3 8192 2.000000000 2
12 1216 3 8192 2.000000000 2
12 1264 3 8192 2.000000000 2
24 4 3 8192 2.000000000 2
24 12 3 8192 2.000000000 2
24 48 3 8192 2.000000000 2
24 52 3 8192 2.000000000 2
24 76 3 8192 2.000000000 2
24 88 3 8192 2.000000000 2
24 108 3 8192 2.000000000 2
24 112 3 8192 2.000000000 2
24 152 3 8192 2.000000000 2
24 212 3 8192 2.000000000 2
24 232 3 8192 2.000000000 2
24 264 3 8192 2.000000000 2
24 272 3 8192 2.000000000 2
24 304 3 8192 2.000000000 2
24 320 3 8192 2.000000000 2
24 328 3 8192 2.000000000 2
24 356 3 8192 2.000000000 2
24 360 3 8192 2.000000000 2
24 376 3 8192 2.000000000 2
24 400 3 8192 2.000000000 2
24 416 3 8192 2.000000000 2
24 428 3 8192 2.000000000 2
24 464 3 8192 2.000000000 2
24 472 3 8192 2.000000000 2
24 480 3 8192 2.000000000 2
24 504 3 8192 2.000000000 2
24 568 3 8192 2.000000000 2
24 576 3 8192 2.000000000 2
24 624 3 8192 2.000000000 2
24 636 3 8192 2.000000000 2
24 640 3 8192 2.000000000 2
24 644 3 8192 2.000000000 2
24 684 3 8192 2.000000000 2
24 708 3 8192 2.000000000 2
24 712 3 8192 2.000000000 2
24 724 3 8192 2.000000000 2
24 728 3 8192 2.000000000 2
24 740 3 8192 2.000000000 2
24 748 3 8192 2.000000000 2
24 760 3 8192 2.000000000 2
24 764 3 8192 2.000000000 2
24 800 3 8192 2.000000000 2
24 824 3 8192 2.000000000 2
24 828 3 8192 2.000000000 2
24 892 3 8192 2.000000000 2
24 932 3 8192 2.000000000 2
24 936 3 8192 2.000000000 2
24 964 3 8192 2.000000000 2
24 976 3 8192 2.000000000 2
24 1008 3 8192 2.000000000 2
24 1024 3 8192 2.000000000 2
24 1052 3 8192 2.000000000 2
24 1072 3 8192 2.000000000 2
24 1104 3 8192 2.000000000 2
24 1120 3 8192 2.000000000 2
24 1160 3 8192 2.000000000 2
24 1172 3 8192 2.000000000 2
24 1180 3 8192 2.000000000 2
24 1196 3 8192 2.000000000 2
24 1204 3 8192 2.000000000 2
24 1240 3 8192 2.000000000 2
24 1248 3 8192 2.000000000 2
24 1252 3 8192 2.000000000 2
24 1256 3 8192 2.000000000 2
28 12 3 8192 2.000000000 2
28 72 3 8192 2.000000000 2
28 92 3 8192 2.000000000 2
28 112 3 8192 2.000000000 2
28 116 3 8192 2.000000000 2
28 156 3 8192 2.000000000 2
28 164 3 8192 2.000000000 2
28 204 3 8192 2.000000000 2
28 212 3 8192 2.000000000 2
28 216 3 8192 2.000000000 2
28 220 3 8192 2.000000000 2
28 236 3 8192 2.000000000 2
28 260 3 8192 2.000000000 2
28 264 3 8192 2.000000000 2
28 276 3 8192 2.000000000 2
28 292 3 8192 2.000000000 2
28 312 3 8192 2.000000000 2
28 332 3 8192 2.000000000 2
28 348 3 8192 2.000000000 2
28 364 3 8192 2.000000000 2
28 384 3 8192 2.000000000 2
28 404 3 8192 2.000000000 2
28 408 3 8192 2.000000000 2
28 420 3 8192 2.000000000 2
28 428 3 8192 2.000000000 2
28 436 3 8192 2.000000000 2
28 452 3 8192 2.000000000 2
28 464 3 8192 2.000000000 2
28 468 3 8192 2.000000000 2
28 488 3 8192 2.000000000 2
28 528 3 8192 2.000000000 2
28 544 3 8192 2.000000000 2
28 604 3 8192 2.000000000 2
28 624 3 8192 2.000000000 2
28 628 3 8192 2.000000000 2
28 644 3 8192 2.000000000 2
28 724 3 8192 2.000000000 2
28 728 3 8192 2.000000000 2
28 732 3 8192 2.000000000 2
28 780 3 8192 2.000000000 2
28 800 3 8192 2.000000000 2
28 808 3 8192 2.000000000 2
28 816 3 8192 2.000000000 2
28 860 3 8192 2.000000000 2
28 872 3 8192 2.000000000 2
28 880 3 8192 2.000000000 2
28 940 3 8192 2.000000000 2
28 968 3 8192 2.000000000 2
28 972 3 8192 2.000000000 2
28 984 3 8192 2.000000000 2
28 1000 3 8192 2.000000000 2
28 1044 3 8192 2.000000000 2
28 1076 3 8192 2.000000000 2
28 1108 3 8192 2.000000000 2
28 1120 3 8192 2.000000000 2
28 1140 3 8192 2.000000000 2
28 1148 3 8192 2.000000000 2
28 1176 3 8192 2.000000000 2
28 1184 3 8192 2.000000000 2
28 1196 3 8192 2.000000000 2
28 1204 3 8192 2.000000000 2
28 1212 3 8192 2.000000000 2
28 1216 3 8192 2.000000000 2
28 1272 3 8192 2.000000000 2
32 0 3 8192 2.000000000 2
32 28 3 8192 2.000000000 2
32 44 3 8192 2.000000000 2
32 80 3 8192 2.000000000 2
32 92 3 8192 2.000000000 2
32 96 3 8192 2.000000000 2
32 100 3 8192 2.000000000 2
32 116 3 8192 2.000000000 2
32 144 3 8192 2.000000000 2
32 172 3 8192 2.000000000 2
32 180 3 8192 2.000000000 2
32 204 3 8192 2.000000000 2
32 208 3 8192 2.000000000 2
32 212 3 8192 2.000000000 2
32 232 3 8192 2.000000000 2
32 240 3 8192 2.000000000 2
32 272 3 8192 2.000000000 2
32 344 3 8192 2.000000000 2
32 356 3 8192 2.000000000 2
32 400 3 8192 2.000000000 2
32 420 3 8192 2.000000000 2
32 432 3 8192 2.000000000 2
32 440 3 8192 2.000000000 2
32 484 3 8192 2.000000000 2
32 520 3 8192 2.000000000 2
32 524 3 8192 2.000000000 2
32 528 3 8192 2.000000000 2
32 536 3 8192 2.000000000 2
32 568 3 8192 2.000000000 2
32 616 3 8192 2.000000000 2
32 620 3 8192 2.000000000 2
32 656 3 8192 2.000000000 2
32 664 3 8192 2.000000000 2
32 688 3 8192 2.000000000 2
32 728 3 8192 2.000000000 2
32 732 3 8192 2.000000000 2
32 748 3 8192 2.000000000 2
32 756 3 8192 2.000000000 2
32 776 3 8192 2.000000000 2
32 804 3 8192 2.000000000 2
32 820 3 8192 2.000000000 2
32 860 3 8192 2.000000000 2
32 872 3 8192 2.000000000 2
32 916 3 8192 2.000000000 2
32 920 3 8192 2.000000000 2
32 936 3 8192 2.000000000 2
32 948 3 8192 2.000000000 2
32 968 3 8192 2.000000000 2
32 972 3 8192 2.000000000 2
32 976 3 8192 2.000000000 2
32 1016 3 8192 2.000000000 2
32 1020 3 8192 2.000000000 2
32 1044 3 8192 2.000000000 2
32 1072 3 8192 2.000000000 2
32 1076 3 8192 2.000000000 2
32 1088 3 8192 2.000000000 2
32 1104 3 8192 2.000000000 2
32 1108 3 8192 2.000000000 2
32 1156 3 8192 2.000000000 2
32 1160 3 8192 2.000000000 2
32 1184 3 8192 2.000000000 2
32 1200 3 8192 2.000000000 2
32 1216 3 8192 2.000000000 2
32 1228 3 8192 2.000000000 2
36 0 3 8192 2.000000000 2
36 4 3 8192 2.000000000 2
36 104 3 8192 2.000000000 2
36 112 3 8192 2.000000000 2
36 120 3 8192 2.000000000 2
36 140 3 8192 2.000000000 2
36 160 3 8192 2.000000000 2
36 172 3 8192 2.000000000 2
36 204 3 8192 2.000000000 2
36 216 3 8192 2.000000000 2
36 232 3 8192 2.000000000 2
36 272 3 8192 2.000000000 2
36 296 3 8192 2.000000000 2
36 324 3 8192 2.000000000 2
36 356 3 8192 2.000000000 2
36 364 3 8192 2.000000000 2
36 372 3 8192 2.000000000 2
36 396 3 8192 2.000000000 2
36 404 3 8192 2.000000000 2
36 408 3 8192 2.000000000 2
36 412 3 8192 2.000000000 2
36 452 3 8192 2.000000000 2
36 472 3 8192 2.000000000 2
36 480 3 8192 2.000000000 2
36 488 3 8192 2.000000000 2
36 528 3 8192 2.000000000 2
36 548 3 8192 2.000000000 2
36 568 3 8192 2.000000000 2
36 580 3 8192 2.000000000 2
36 604 3 8192 2.000000000 2
36 608 3 8192 2.000000000 2
36 636 3 8192 2.000000000 2
36 684 3 8192 2.000000000 2
36 712 3 8192 2.000000000 2
36 728 3 8192 2.000000000 2
36 780 3 8192 2.000000000 2
36 800 3 8192 2.000000000 2
36 836 3 8192 2.000000000 2
36 860 3 8192 2.000000000 2
36 888 3 8192 2.000000000 2
36 892 3 8192 2.000000000 2
36 908 3 8192 2.000000000 2
36 916 3 8192 2.000000000 2
36 920 3 8192 2.000000000 2
36 940 3 8192 2.000000000 2
36 964 3 8192 2.000000000 2
36 1000 3 8192 2.000000000 2
36 1012 3 8192 2.000000000 2
36 1040 3 8192 2.000000000 2
36 1056 3 8192 2.000000000 2
36 1072 3 8192 2.000000000 2
36 1076 3 8192 2.000000000 2
36 1124 3 8192 2.000000000 2
36 1156 3 8192 2.000000000 2
36 1176 3 8192 2.000000000 2
36 1184 3 8192 2.000000000 2
36 1188 3 8192 2.000000000 2
36 1196 3 8192 2.000000000 2
36 1200 3 8192 2.000000000 2
36 1224 3 8192 2.000000000 2
36 1240 3 8192 2.000000000 2
36 1252 3 8192 2.000000000 2
36 1256 3 8192 2.000000000 2
36 1264 3 8192 2.000000000 2
44 12 3 8192 2.000000000 2
44 52 3 8192 2.000000000 2
44 80 3 8192 2.000000000 2
44 84 3 8192 2.000000000 2
44 108 3 8192 2.000000000 2
44 112 3 8192 2.000000000 2
44 116 3 8192 2.000000000 2
44 136 3 8192 2.000000000 2
44 140 3 8192 2.000000000 2
44 152 3 8192 2.000000000 2
44 156 3 8192 2.000000000 2
44 164 3 8192 2.000000000 2
44 176 3 8192 2.000000000 2
44 196 3 8192 2.000000000 2
44 200 3 8192 2.000000000 2
44 240 3 8192 2.000000000 2
44 264 3 8192 2.000000000 2
44 292 3 8192 2.000000000 2
44 300 3 8192 2.000000000 2
44 304 3 8192 2.000000000 2
44 324 3 8192 2.000000000 2
44 356 3 8192 2.000000000 2
44 364 3 8192 2.000000000 2
44 388 3 8192 2.000000000 2
44 416 3 8192 2.000000000 2
44 420 3 8192 2.000000000 2
44 432 3 8192 2.000000000 2
44 436 3 8192 2.000000000 2
44 440 3 8192 2.000000000 2
44 460 3 8192 2.000000000 2
44 464 3 8192 2.000000000 2
44 480 3 8192 2.000000000 2
44 540 3 8192 2.000000000 2
44 584 3 8192 2.000000000 2
44 624 3 8192 2.000000000 2
44 664 3 8192 2.000000000 2
44 668 3 8192 2.000000000 2
44 672 3 8192 2.000000000 2
44 716 3 8192 2.000000000 2
44 728 3 8192 2.000000000 2
44 736 3 8192 2.000000000 2
44 748 3 8192 2.000000000 2
44 764 3 8192 2.000000000 2
44 784 3 8192 2.000000000 2
44 828 3 8192 2.000000000 2
44 836 3 8192 2.000000000 2
44 904 3 8192 2.000000000 2
44 912 3 8192 2.000000000 2
44 920 3 8192 2.000000000 2
44 924 3 8192 2.000000000 2
44 936 3 8192 2.000000000 2
44 964 3 8192 2.000000000 2
44 968 3 8192 2.000000000 2
44 980 3 8192 2.000000000 2
44 1000 3 8192 2.000000000 2
44 1020 3 8192 2.000000000 2
44 1048 3 8192 2.000000000 2
44 1052 3 8192 2.000000000 2
44 1056 3 8192 2.000000000 2
44 1152 3 8192 2.000000000 2
44 1164 3 8192 2.000000000 2
44 1176 3 8192 2.000000000 2
44 1244 3 8192 2.000000000 2
44 1260 3 8192 2.000000000 2
48 0 3 8192 2.000000000 2
48 88 3 8192 2.000000000 2
48 188 3 8192 2.000000000 2
48 196 3 8192 2.000000000 2
48 200 3 8192 2.000000000 2
48 220 3 8192 2.000000000 2
48 236 3 8192 2.000000000 2
48 240 3 8192 2.000000000 2
48 244 3 8192 2.000000000 2
48 252 3 8192 2.000000000 2
48 272 3 8192 2.000000000 2
48 276 3 8192 2.000000000 2
48 320 3 8192 2.000000000 2
48 328 3 8192 2.000000000 2
48 380 3 8192 2.000000000 2
48 404 3 8192 2.000000000 2
48 428 3 8192 2.000000000 2
48 476 3 8192 2.000000000 2
48 488 3 8192 2.000000000 2
48 528 3 8192 2.000000000 2
48 568 3 8192 2.000000000 2
48 572 3 8192 2.000000000 2
48 584 3 8192 2.000000000 2
48 608 3 8192 2.000000000 2
48 612 3 8192 2.000000000 2
48 616 3 8192 2.000000000 2
48 620 3 8192 2.000000000 2
48 624 3 8192 2.000000000 2
48 652 3 8192 2.000000000 2
48 672 3 8192 2.000000000 2
48 716 3 8192 2.000000000 2
48 720 3 8192 2.000000000 2
48 724 3 8192 2.000000000 2
48 744 3 8192 2.000000000 2
48 756 3 8192 2.000000000 2
48 768 3 8192 2.000000000 2
48 784 3 8192 2.000000000 2
48 792 3 8192 2.000000000 2
48 828 3 8192 2.000000000 2
48 832 3 8192 2.000000000 2
48 860 3 8192 2.000000000 2
48 892 3 8192 2.000000000 2
48 904 3 8192 2.000000000 2
48 936 3 8192 2.000000000 2
48 964 3 8192 2.000000000 2
48 980 3 8192 2.000000000 2
48 984 3 8192 2.000000000 2
48 1000 3 8192 2.000000000 2
48 1008 3 8192 2.000000000 2
48 1012 3 8192 2.000000000 2
48 1024 3 8192 2.000000000 2
48 1044 3 8192 2.000000000 2
48 1072 3 8192 2.000000000 2
48 1096 3 8192 2.000000000 2
48 1120 3 8192 2.000000000 2
48 1128 3 8192 2.000000000 2
48 1156 3 8192 2.000000000 2
48 1168 3 8192 2.000000000 2
48 1176 3 8192 2.000000000 2
48 1192 3 8192 2.000000000 2
48 1216 3 8192 2.000000000 2
48 1240 3 8192 2.000000000 2
48 1244 3 8192 2.000000000 2
48 1264 3 8192 2.000000000 2
52 8 3 8192 2.000000000 2
52 12 3 8192 2.000000000 2
52 24 3 8192 2.000000000 2
52 60 3 8192 2.000000000 2
52 68 3 8192 2.000000000 2
52 72 3 8192 2.000000000 2
52 84 3 8192 2.000000000 2
52 96 3 8192 2.000000000 2
52 104 3 8192 2.000000000 2
52 120 3 8192 2.000000000 2
52 156 3 8192 2.000000000 2
52 196 3 8192 2.000000000 2
52 200 3 8192 2.000000000 2
52 220 3 8192 2.000000000 2
52 236 3 8192 2.000000000 2
52 272 3 8192 2.000000000 2
52 332 3 8192 2.000000000 2
52 372 3 8192 2.000000000 2
52 376 3 8192 2.000000000 2
52 408 3 8192 2.000000000 2
52 432 3 8192 2.000000000 2
52 468 3 8192 2.000000000 2
52 484 3 8192 2.000000000 2
52 516 3 8192 2.000000000 2
52 540 3 8192 2.000000000 2
52 572 3 8192 2.000000000 2
52 604 3 8192 2.000000000 2
52 608 3 8192 2.000000000 2
52 624 3 8192 2.000000000 2
52 636 3 8192 2.000000000 2
52 712 3 8192 2.000000000 2
52 728 3 8192 2.000000000 2
52 732 3 8192 2.000000000 2
52 780 3 8192 2.000000000 2
52 784 3 8192 2.000000000 2
52 792 3 8192 2.000000000 2
52 796 3 8192 2.000000000 2
52 800 3 8192 2.000000000 2
52 808 3 8192 2.000000000 2
52 844 3 8192 2.000000000 2
52 852 3 8192 2.000000000 2
52 884 3 8192 2.000000000 2
52 888 3 8192 2.000000000 2
52 912 3 8192 2.000000000 2
52 968 3 8192 2.000000000 2
52 972 3 8192 2.000000000 2
52 976 3 8192 2.000000000 2
52 980 3 8192 2.000000000 2
52 992 3 8192 2.000000000 2
52 1016 3 8192 2.000000000 2
52 1068 3 8192 2.000000000 2
52 1088 3 8192 2.000000000 2
52 1112 3 8192 2.000000000 2
52 1120 3 8192 2.000000000 2
52 1124 3 8192 2.000000000 2
52 1148 3 8192 2.000000000 2
52 1152 3 8192 2.000000000 2
52 1172 3 8192 2.000000000 2
52 1200 3 8192 2.000000000 2
52 1208 3 8192 2.000000000 2
52 1220 3 8192 2.000000000 2
52 1228 3 8192 2.000000000 2
52 1248 3 8192 2.000000000 2
52 1252 3 8192 2.000000000 2
60 12 3 8192 2.000000000 2
60 24 3 8192 2.000000000 2
60 80 3 8192 2.000000000 2
60 84 3 8192 2.000000000 2
60 104 3 8192 2.000000000 2
60 152 3 8192 2.000000000 2
60 160 3 8192 2.000000000 2
60 176 3 8192 2.000000000 2
60 212 3 8192 2.000000000 2
60 232 3 8192 2.000000000 2
60 244 3 8192 2.000000000 2
60 248 3 8192 2.000000000 2
60 260 3 8192 2.000000000 2
60 296 3 8192 2.000000000 2
60 312 3 8192 2.000000000 2
60 328 3 8192 2.000000000 2
60 332 3 8192 2.000000000 2
60 348 3 8192 2.000000000 2
60 360 3 8192 2.000000000 2
60 376 3 8192 2.000000000 2
60 400 3 8192 2.000000000 2
60 408 3 8192 2.000000000 2
60 420 3 8192 2.000000000 2
60 432 3 8192 2.000000000 2
60 436 3 8192 2.000000000 2
60 440 3 8192 2.000000000 2
60 444 3 8192 2.000000000 2
60 480 3 8192 2.000000000 2
60 484 3 8192 2.000000000 2
60 504 3 8192 2.000000000 2
60 520 3 8192 2.000000000 2
60 540 3 8192 2.000000000 2
60 596 3 8192 2.000000000 2
60 600 3 8192 2.000000000 2
60 664 3 8192 2.000000000 2
60 684 3 8192 2.000000000 2
60 692 3 8192 2.000000000 2
60 712 3 8192 2.000000000 2
60 716 3 8192 2.000000000 2
60 736 3 8192 2.000000000 2
60 740 3 8192 2.000000000 2
60 748 3 8192 2.000000000 2
60 804 3 8192 2.000000000 2
60 844 3 8192 2.000000000 2
60 852 3 8192 2.000000000 2
60 860 3 8192 2.000000000 2
60 884 3 8192 2.000000000 2
60 888 3 8192 2.000000000 2
60 912 3 8192 2.000000000 2
60 932 3 8192 2.000000000 2
60 948 3 8192 2.000000000 2
60 976 3 8192 2.000000000 2
60 984 3 8192 2.000000000 2
60 1008 3 8192 2.000000000 2
60 1108 3 8192 2.000000000 2
60 1124 3 8192 2.000000000 2
60 1140 3 8192 2.000000000 2
60 1172 3 8192 2.000000000 2
60 1184 3 8192 2.000000000 2
60 1200 3 8192 2.000000000 2
60 1204 3 8192 2.000000000 2
60 1252 3 8192 2.000000000 2
60 1256 3 8192 2.000000000 2
60 1276 3 8192 2.000000000 2
68 36 3 8192 2.000000000 2
68 52 3 8192 2.000000000 2
68 60 3 8192 2.000000000 2
68 100 3 8192 2.000000000 2
68 104 3 8192 2.000000000 2
68 112 3 8192 2.000000000 2
68 140 3 8192 2.000000000 2
68 144 3 8192 2.000000000 2
68 152 3 8192 2.000000000 2
68 164 3 8192 2.000000000 2
68 180 3 8192 2.000000000 2
68 188 3 8192 2.000000000 2
68 216 3 8192 2.000000000 2
68 232 3 8192 2.000000000 2
68 304 3 8192 2.000000000 2
68 312 3 8192 2.000000000 2
68 344 3 8192 2.000000000 2
68 372 3 8192 2.000000000 2
68 388 3 8192 2.000000000 2
68 400 3 8192 2.000000000 2
68 412 3 8192 2.000000000 2
68 420 3 8192 2.000000000 2
68 468 3 8192 2.000000000 2
68 480 3 8192 2.000000000 2
68 532 3 8192 2.000000000 2
68 540 3 8192 2.000000000 2
68 548 3 8192 2.000000000 2
68 552 3 8192 2.000000000 2
68 560 3 8192 2.000000000 2
68 584 3 8192 2.000000000 2
68 588 3 8192 2.000000000 2
68 600 3 8192 2.000000000 2
68 612 3 8192 2.000000000 2
68 628 3 8192 2.000000000 2
68 644 3 8192 2.000000000 2
68 672 3 8192 2.000000000 2
68 680 3 8192 2.000000000 2
68 708 3 8192 2.000000000 2
68 728 3 8192 2.000000000 2
68 748 3 8192 2.000000000 2
68 808 3 8192 2.000000000 2
68 820 3 8192 2.000000000 2
68 876 3 8192 2.000000000 2
68 908 3 8192 2.000000000 2
68 912 3 8192 2.000000000 2
68 936 3 8192 2.000000000 2
68 972 3 8192 2.000000000 2
68 1008 3 8192 2.000000000 2
68 1020 3 8192 2.000000000 2
68 1032 3 8192 2.000000000 2
68 1048 3 8192 2.000000000 2
68 1076 3 8192 2.000000000 2
68 1100 3 8192 2.000000000 2
68 1112 3 8192 2.000000000 2
68 1120 3 8192 2.000000000 2
68 1124 3 8192 2.000000000 2
68 1128 3 8192 2.000000000 2
68 1156 3 8192 2.000000000 2
68 1176 3 8192 2.000000000 2
68 1184 3 8192 2.000000000 2
68 1220 3 8192 2.000000000 2
68 1236 3 8192 2.000000000 2
68 1248 3 8192 2.000000000 2
68 1272 3 8192 2.000000000 2
72 4 3 8192 2.000000000 2
72 28 3 8192 2.000000000 2
72 84 3 8192 2.000000000 2
72 92 3 8192 2.000000000 2
72 112 3 8192 2.000000000 2
72 120 3 8192 2.000000000 2
72 140 3 8192 2.000000000 2
72 144 3 8192 2.000000000 2
72 152 3 8192 2.000000000 2
72 220 3 8192 2.000000000 2
72 236 3 8192 2.000000000 2
72 248 3 8192 2.000000000 2
72 260 3 8192 2.000000000 2
72 276 3 8192 2.000000000 2
72 364 3 8192 2.000000000 2
72 396 3 8192 2.000000000 2
72 400 3 8192 2.000000000 2
72 412 3 8192 2.000000000 2
72 420 3 8192 2.000000000 2
72 428 3 8192 2.000000000 2
72 432 3 8192 2.000000000 2
72 436 3 8192 2.000000000 2
72 444 3 8192 2.000000000 2
72 464 3 8192 2.000000000 2
72 476 3 8192 2.000000000 2
72 484 3 8192 2.000000000 2
72 492 3 8192 2.000000000 2
72 572 3 8192 2.000000000 2
72 596 3 8192 2.000000000 2
72 608 3 8192 2.000000000 2
72 616 3 8192 2.000000000 2
72 620 3 8192 2.000000000 2
72 624 3 8192 2.000000000 2
72 648 3 8192 2.000000000 2
72 656 3 8192 2.000000000 2
72 668 3 8192 2.000000000 2
72 708 3 8192 2.000000000 2
72 756 3 8192 2.000000000 2
72 768 3 8192 2.000000000 2
72 796 3 8192 2.000000000 2
72 804 3 8192 2.000000000 2
72 808 3 8192 2.000000000 2
72 820 3 8192 2.000000000 2
72 828 3 8192 2.000000000 2
72 860 3 8192 2.000000000 2
72 872 3 8192 2.000000000 2
72 892 3 8192 2.000000000 2
72 912 3 8192 2.000000000 2
72 968 3 8192 2.000000000 2
72 992 3 8192 2.000000000 2
72 1016 3 8192 2.000000000 2
72 1020 3 8192 2.000000000 2
72 1048 3 8192 2.000000000 2
72 1096 3 8192 2.000000000 2
72 1108 3 8192 2.000000000 2
72 1112 3 8192 2.000000000 2
72 1144 3 8192 2.000000000 2
72 1160 3 8192 2.000000000 2
72 1172 3 8192 2.000000000 2
72 1188 3 8192 2.000000000 2
72 1208 3 8192 2.000000000 2
72 1220 3 8192 2.000000000 2
72 1224 3 8192 2.000000000 2
72 1272 3 8192 2.000000000 2
76 4 3 8192 2.000000000 2
76 8 3 8192 2.000000000 2
76 24 3 8192 2.000000000 2
76 36 3 8192 2.000000000 2
76 44 3 8192 2.000000000 2
76 72 3 8192 2.000000000 2
76 100 3 8192 2.000000000 2
76 120 3 8192 2.000000000 2
76 140 3 8192 2.000000000 2
76 160 3 8192 2.000000000 2
76 172 3 8192 2.000000000 2
76 176 3 8192 2.000000000 2
76 212 3 8192 2.000000000 2
76 236 3 8192 2.000000000 2
76 252 3 8192 2.000000000 2
76 260 3 8192 2.000000000 2
76 272 3 8192 2.000000000 2
76 296 3 8192 2.000000000 2
76 312 3 8192 2.000000000 2
76 328 3 8192 2.000000000 2
76 344 3 8192 2.000000000 2
76 388 3 8192 2.000000000 2
76 432 3 8192 2.000000000 2
76 468 3 8192 2.000000000 2
76 480 3 8192 2.000000000 2
76 504 3 8192 2.000000000 2
76 524 3 8192 2.000000000 2
76 588 3 8192 2.000000000 2
76 612 3 8192 2.000000000 2
76 628 3 8192 2.000000000 2
76 656 3 8192 2.000000000 2
76 668 3 8192 2.000000000 2
76 688 3 8192 2.000000000 2
76 692 3 8192 2.000000000 2
76 732 3 8192 2.000000000 2
76 756 3 8192 2.000000000 2
76 780 3 8192 2.000000000 2
76 800 3 8192 2.000000000 2
76 808 3 8192 2.000000000 2
76 824 3 8192 2.000000000 2
76 844 3 8192 2.000000000 2
76 856 3 8192 2.000000000 2
76 908 3 8192 2.000000000 2
76 920 3 8192 2.000000000 2
76 924 3 8192 2.000000000 2
76 948 3 8192 2.000000000 2
76 964 3 8192 2.000000000 2
76 1008 3 8192 2.000000000 2
76 1012 3 8192 2.000000000 2
76 1024 3 8192 2.000000000 2
76 1048 3 8192 2.000000000 2
76 1060 3 8192 2.000000000 2
76 1096 3 8192 2.000000000 2
76 1108 3 8192 2.000000000 2
76 1124 3 8192 2.000000000 2
76 1140 3 8192 2.000000000 2
76 1152 3 8192 2.000000000 2
76 1192 3 8192 2.000000000 2
76 1196 3 8192 2.000000000 2
76 1200 3 8192 2.000000000 2
76 1208 3 8192 2.000000000 2
76 1212 3 8192 2.000000000 2
76 1256 3 8192 2.000000000 2
76 1276 3 8192 2.000000000 2
80 4 3 8192 2.000000000 2
80 44 3 8192 2.000000000 2
80 60 3 8192 2.000000000 2
80 76 3 8192 2.000000000 2
80 84 3 8192 2.000000000 2
80 92 3 8192 2.000000000 2
80 104 3 8192 2.000000000 2
80 156 3 8192 2.000000000 2
80 172 3 8192 2.000000000 2
80 176 3 8192 2.000000000 2
80 180 3 8192 2.000000000 2
80 188 3 8192 2.000000000 2
80 204 3 8192 2.000000000 2
80 216 3 8192 2.000000000 2
80 220 3 8192 2.000000000 2
80 232 3 8192 2.000000000 2
80 236 3 8192 2.000000000 2
80 276 3 8192 2.000000000 2
80 292 3 8192 2.000000000 2
80 344 3 8192 2.000000000 2
80 348 3 8192 2.000000000 2
80 372 3 8192 2.000000000 2
80 396 3 8192 2.000000000 2
80 408 3 8192 2.000000000 2
80 480 3 8192 2.000000000 2
80 488 3 8192 2.000000000 2
80 504 3 8192 2.000000000 2
80 536 3 8192 2.000000000 2
80 544 3 8192 2.000000000 2
80 624 3 8192 2.000000000 2
80 632 3 8192 2.000000000 2
80 644 3 8192 2.000000000 2
80 656 3 8192 2.000000000 2
80 684 3 8192 2.000000000 2
80 688 3 8192 2.000000000 2
80 708 3 8192 2.000000000 2
80 716 3 8192 2.000000000 2
80 720 3 8192 2.000000000 2
80 724 3 8192 2.000000000 2
80 736 3 8192 2.000000000 2
80 744 3 8192 2.000000000 2
80 756 3 8192 2.000000000 2
80 764 3 8192 2.000000000 2
80 776 3 8192 2.000000000 2
80 808 3 8192 2.000000000 2
80 844 3 8192 2.000000000 2
80 876 3 8192 2.000000000 2
80 908 3 8192 2.000000000 2
80 936 3 8192 2.000000000 2
80 1012 3 8192 2.000000000 2
80 1016 3 8192 2.000000000 2
80 1020 3 8192 2.000000000 2
80 1040 3 8192 2.000000000 2
80 1044 3 8192 2.000000000 2
80 1048 3 8192 2.000000000 2
80 1096 3 8192 2.000000000 2
80 1108 3 8192 2.000000000 2
80 1112 3 8192 2.000000000 2
80 1120 3 8192 2.000000000 2
80 1184 3 8192 2.000000000 2
80 1188 3 8192 2.000000000 2
80 1204 3 8192 2.000000000 2
80 1224 3 8192 2.000000000 2
80 1248 3 8192 2.000000000 2
84 4 3 8192 2.000000000 2
84 24 3 8192 2.000000000 2
84 88 3 8192 2.000000000 2
84 92 3 8192 2.000000000 2
84 100 3 8192 2.000000000 2
84 112 3 8192 2.000000000 2
84 120 3 8192 2.000000000 2
84 140 3 8192 2.000000000 2
84 144 3 8192 2.000000000 2
84 196 3 8192 2.000000000 2
84 204 3 8192 2.000000000 2
84 220 3 8192 2.000000000 2
84 248 3 8192 2.000000000 2
84 252 3 8192 2.000000000 2
84 276 3 8192 2.000000000 2
84 292 3 8192 2.000000000 2
84 296 3 8192 2.000000000 2
84 312 3 8192 2.000000000 2
84 328 3 8192 2.000000000 2
84 344 3 8192 2.000000000 2
84 356 3 8192 2.000000000 2
84 372 3 8192 2.000000000 2
84 436 3 8192 2.000000000 2
84 452 3 8192 2.000000000 2
84 476 3 8192 2.000000000 2
84 488 3 8192 2.000000000 2
84 492 3 8192 2.000000000 2
84 504 3 8192 2.000000000 2
84 552 3 8192 2.000000000 2
84 576 3 8192 2.000000000 2
84 580 3 8192 2.000000000 2
84 612 3 8192 2.000000000 2
84 636 3 8192 2.000000000 2
84 672 3 8192 2.000000000 2
84 700 3 8192 2.000000000 2
84 716 3 8192 2.000000000 2
84 728 3 8192 2.000000000 2
84 784 3 8192 2.000000000 2
84 796 3 8192 2.000000000 2
84 804 3 8192 2.000000000 2
84 844 3 8192 2.000000000 2
84 880 3 8192 2.000000000 2
84 892 3 8192 2.000000000 2
84 896 3 8192 2.000000000 2
84 912 3 8192 2.000000000 2
84 924 3 8192 2.000000000 2
84 940 3 8192 2.000000000 2
84 948 3 8192 2.000000000 2
84 964 3 8192 2.000000000 2
84 972 3 8192 2.000000000 2
84 984 3 8192 2.000000000 2
84 1020 3 8192 2.000000000 2
84 1032 3 8192 2.000000000 2
84 1084 3 8192 2.000000000 2
84 1100 3 8192 2.000000000 2
84 1108 3 8192 2.000000000 2
84 1176 3 8192 2.000000000 2
84 1208 3 8192 2.000000000 2
84 1212 3 8192 2.000000000 2
84 1220 3 8192 2.000000000 2
84 1224 3 8192 2.000000000 2
84 1228 3 8192 2.000000000 2
84 1236 3 8192 2.000000000 2
84 1240 3 8192 2.000000000 2
88 96 3 8192 2.000000000 2
88 116 3 8192 2.000000000 2
88 120 3 8192 2.000000000 2
88 140 3 8192 2.000000000 2
88 144 3 8192 2.000000000 2
88 156 3 8192 2.000000000 2
88 160 3 8192 2.000000000 2
88 208 3 8192 2.000000000 2
88 212 3 8192 2.000000000 2
88 236 3 8192 2.000000000 2
88 240 3 8192 2.000000000 2
88 244 3 8192 2.000000000 2
88 260 3 8192 2.000000000 2
88 292 3 8192 2.000000000 2
88 300 3 8192 2.000000000 2
88 344 3 8192 2.000000000 2
88 356 3 8192 2.000000000 2
88 360 3 8192 2.000000000 2
88 380 3 8192 2.000000000 2
88 384 3 8192 2.000000000 2
88 412 3 8192 2.000000000 2
88 436 3 8192 2.000000000 2
88 460 3 8192 2.000000000 2
88 500 3 8192 2.000000000 2
88 516 3 8192 2.000000000 2
88 548 3 8192 2.000000000 2
88 552 3 8192 2.000000000 2
88 572 3 8192 2.000000000 2
88 596 3 8192 2.000000000 2
88 608 3 8192 2.000000000 2
88 656 3 8192 2.000000000 2
88 672 3 8192 2.000000000 2
88 684 3 8192 2.000000000 2
88 708 3 8192 2.000000000 2
88 712 3 8192 2.000000000 2
88 716 3 8192 2.000000000 2
88 720 3 8192 2.000000000 2
88 724 3 8192 2.000000000 2
88 736 3 8192 2.000000000 2
88 764 3 8192 2.000000000 2
88 776 3 8192 2.000000000 2
88 796 3 8192 2.000000000 2
88 804 3 8192 2.000000000 2
88 828 3 8192 2.000000000 2
88 836 3 8192 2.000000000 2
88 904 3 8192 2.000000000 2
88 908 3 8192 2.000000000 2
88 920 3 8192 2.000000000 2
88 940 3 8192 2.000000000 2
88 980 3 8192 2.000000000 2
88 1008 3 8192 2.000000000 2
88 1012 3 8192 2.000000000 2
88 1020 3 8192 2.000000000 2
88 1140 3 8192 2.000000000 2
88 1160 3 8192 2.000000000 2
88 1172 3 8192 2.000000000 2
88 1200 3 8192 2.000000000 2
88 1212 3 8192 2.000000000 2
88 1216 3 8192 2.000000000 2
88 1220 3 8192 2.000000000 2
88 1240 3 8192 2.000000000 2
88 1244 3 8192 2.000000000 2
88 1256 3 8192 2.000000000 2
88 1260 3 8192 2.000000000 2
92 4 3 8192 2.000000000 2
92 8 3 8192 2.000000000 2
92 12 3 8192 2.000000000 2
92 32 3 8192 2.000000000 2
92 36 3 8192 2.000000000 2
92 60 3 8192 2.000000000 2
92 68 3 8192 2.000000000 2
92 76 3 8192 2.000000000 2
92 80 3 8192 2.000000000 2
92 88 3 8192 2.000000000 2
92 108 3 8192 2.000000000 2
92 116 3 8192 2.000000000 2
92 152 3 8192 2.000000000 2
92 164 3 8192 2.000000000 2
92 176 3 8192 2.000000000 2
92 180 3 8192 2.000000000 2
92 204 3 8192 2.000000000 2
92 208 3 8192 2.000000000 2
92 260 3 8192 2.000000000 2
92 276 3 8192 2.000000000 2
92 324 3 8192 2.000000000 2
92 356 3 8192 2.000000000 2
92 384 3 8192 2.000000000 2
92 440 3 8192 2.000000000 2
92 464 3 8192 2.000000000 2
92 476 3 8192 2.000000000 2
92 480 3 8192 2.000000000 2
92 484 3 8192 2.000000000 2
92 488 3 8192 2.000000000 2
92 520 3 8192 2.000000000 2
92 544 3 8192 2.000000000 2
92 548 3 8192 2.000000000 2
92 560 3 8192 2.000000000 2
92 612 3 8192 2.000000000 2
92 636 3 8192 2.000000000 2
92 656 3 8192 2.000000000 2
92 672 3 8192 2.000000000 2
92 680 3 8192 2.000000000 2
92 708 3 8192 2.000000000 2
92 720 3 8192 2.000000000 2
92 724 3 8192 2.000000000 2
92 760 3 8192 2.000000000 2
92 776 3 8192 2.000000000 2
92 816 3 8192 2.000000000 2
92 836 3 8192 2.000000000 2
92 880 3 8192 2.000000000 2
92 904 3 8192 2.000000000 2
92 916 3 8192 2.000000000 2
92 936 3 8192 2.000000000 2
92 972 3 8192 2.000000000 2
92 984 3 8192 2.000000000 2
92 1024 3 8192 2.000000000 2
92 1108 3 8192 2.000000000 2
92 1128 3 8192 2.000000000 2
92 1152 3 8192 2.000000000 2
92 1160 3 8192 2.000000000 2
92 1164 3 8192 2.000000000 2
92 1176 3 8192 2.000000000 2
92 1220 3 8192 2.000000000 2
92 1224 3 8192 2.000000000 2
92 1228 3 8192 2.000000000 2
92 1240 3 8192 2.000000000 2
92 1244 3 8192 2.000000000 2
92 1276 3 8192 2.000000000 2
96 28 3 8192 2.000000000 2
96 32 3 8192 2.000000000 2
96 44 3 8192 2.000000000 2
96 52 3 8192 2.000000000 2
96 76 3 8192 2.000000000 2
96 88 3 8192 2.000000000 2
96 172 3 8192 2.000000000 2
96 188 3 8192 2.000000000 2
96 204 3 8192 2.000000000 2
96 216 3 8192 2.000000000 2
96 224 3 8192 2.000000000 2
96 248 3 8192 2.000000000 2
96 260 3 8192 2.000000000 2
96 264 3 8192 2.000000000 2
96 272 3 8192 2.000000000 2
96 328 3 8192 2.000000000 2
96 356 3 8192 2.000000000 2
96 372 3 8192 2.000000000 2
96 380 3 8192 2.000000000 2
96 432 3 8192 2.000000000 2
96 480 3 8192 2.000000000 2
96 516 3 8192 2.000000000 2
96 532 3 8192 2.000000000 2
96 540 3 8192 2.000000000 2
96 544 3 8192 2.000000000 2
96 560 3 8192 2.000000000 2
96 588 3 8192 2.000000000 2
96 600 3 8192 2.000000000 2
96 612 3 8192 2.000000000 2
96 632 3 8192 2.000000000 2
96 636 3 8192 2.000000000 2
96 644 3 8192 2.000000000 2
96 692 3 8192 2.000000000 2
96 756 3 8192 2.000000000 2
96 776 3 8192 2.000000000 2
96 780 3 8192 2.000000000 2
96 792 3 8192 2.000000000 2
96 804 3 8192 2.000000000 2
96 820 3 8192 2.000000000 2
96 824 3 8192 2.000000000 2
96 892 3 8192 2.000000000 2
96 912 3 8192 2.000000000 2
96 924 3 8192 2.000000000 2
96 940 3 8192 2.000000000 2
96 968 3 8192 2.000000000 2
96 980 3 8192 2.000000000 2
96 992 3 8192 2.000000000 2
96 1008 3 8192 2.000000000 2
96 1012 3 8192 2.000000000 2
96 1040 3 8192 2.000000000 2
96 1044 3 8192 2.000000000 2
96 1048 3 8192 2.000000000 2
96 1068 3 8192 2.000000000 2
96 1152 3 8192 2.000000000 2
96 1160 3 8192 2.000000000 2
96 1164 3 8192 2.000000000 2
96 1168 3 8192 2.000000000 2
96 1172 3 8192 2.000000000 2
96 1184 3 8192 2.000000000 2
96 1192 3 8192 2.000000000 2
96 1228 3 8192 2.000000000 2
96 1244 3 8192 2.000000000 2
96 1264 3 8192 2.000000000 2
96 1272 3 8192 2.000000000 2
100 4 3 8192 2.000000000 2
100 32 3 8192 2.000000000 2
100 44 3 8192 2.000000000 2
100 112 3 8192 2.000000000 2
100 164 3 8192 2.000000000 2
100 220 3 8192 2.000000000 2
100 224 3 8192 2.000000000 2
100 232 3 8192 2.000000000 2
100 296 3 8192 2.000000000 2
100 304 3 8192 2.000000000 2
100 344 3 8192 2.000000000 2
100 408 3 8192 2.000000000 2
100 412 3 8192 2.000000000 2
100 416 3 8192 2.000000000 2
100 420 3 8192 2.000000000 2
100 444 3 8192 2.000000000 2
100 452 3 8192 2.000000000 2
100 480 3 8192 2.000000000 2
100 492 3 8192 2.000000000 2
100 504 3 8192 2.000000000 2
100 540 3 8192 2.000000000 2
100 548 3 8192 2.000000000 2
100 568 3 8192 2.000000000 2
100 572 3 8192 2.000000000 2
100 600 3 8192 2.000000000 2
100 608 3 8192 2.000000000 2
100 628 3 8192 2.000000000 2
100 636 3 8192 2.000000000 2
100 664 3 8192 2.000000000 2
100 684 3 8192 2.000000000 2
100 700 3 8192 2.000000000 2
100 712 3 8192 2.000000000 2
100 736 3 8192 2.000000000 2
100 764 3 8192 2.000000000 2
100 780 3 8192 2.000000000 2
100 796 3 8192 2.000000000 2
100 800 3 8192 2.000000000 2
100 808 3 8192 2.000000000 2
100 824 3 8192 2.000000000 2
100 836 3 8192 2.000000000 2
100 852 3 8192 2.000000000 2
100 856 3 8192 2.000000000 2
100 876 3 8192 2.000000000 2
100 892 3 8192 2.000000000 2
100 912 3 8192 2.000000000 2
100 948 3 8192 2.000000000 2
100 1052 3 8192 2.000000000 2
100 1072 3 8192 2.000000000 2
100 1076 3 8192 2.000000000 2
100 1084 3 8192 2.000000000 2
100 1096 3 8192 2.000000000 2
100 1108 3 8192 2.000000000 2
100 1124 3 8192 2.000000000 2
100 1140 3 8192 2.000000000 2
100 1148 3 8192 2.000000000 2
100 1156 3 8192 2.000000000 2
100 1160 3 8192 2.000000000 2
100 1172 3 8192 2.000000000 2
100 1184 3 8192 2.000000000 2
100 1196 3 8192 2.000000000 2
100 1236 3 8192 2.000000000 2
100 1252 3 8192 2.000000000 2
100 1272 3 8192 2.000000000 2
100 1276 3 8192 2.000000000 2
104 24 3 8192 2.000000000 2
104 36 3 8192 2.000000000 2
104 60 3 8192 2.000000000 2
104 80 3 8192 2.000000000 2
104 84 3 8192 2.000000000 2
104 92 3 8192 2.000000000 2
104 108 3 8192 2.000000000 2
104 120 3 8192 2.000000000 2
104 136 3 8192 2.000000000 2
104 152 3 8192 2.000000000 2
104 156 3 8192 2.000000000 2
104 176 3 8192 2.000000000 2
104 240 3 8192 2.000000000 2
104 244 3 8192 2.000000000 2
104 248 3 8192 2.000000000 2
104 264 3 8192 2.000000000 2
104 292 3 8192 2.000000000 2
104 348 3 8192 2.000000000 2
104 376 3 8192 2.000000000 2
104 428 3 8192 2.000000000 2
104 432 3 8192 2.000000000 2
104 436 3 8192 2.000000000 2
104 440 3 8192 2.000000000 2
104 480 3 8192 2.000000000 2
104 484 3 8192 2.000000000 2
104 548 3 8192 2.000000000 2
104 552 3 8192 2.000000000 2
104 568 3 8192 2.000000000 2
104 580 3 8192 2.000000000 2
104 600 3 8192 2.000000000 2
104 612 3 8192 2.000000000 2
104 616 3 8192 2.000000000 2
104 636 3 8192 2.000000000 2
104 640 3 8192 2.000000000 2
104 644 3 8192 2.000000000 2
104 656 3 8192 2.000000000 2
104 672 3 8192 2.000000000 2
104 712 3 8192 2.000000000 2
104 716 3 8192 2.000000000 2
104 740 3 8192 2.000000000 2
104 744 3 8192 2.000000000 2
104 760 3 8192 2.000000000 2
104 764 3 8192 2.000000000 2
104 768 3 8192 2.000000000 2
104 792 3 8192 2.000000000 2
104 796 3 8192 2.000000000 2
104 852 3 8192 2.000000000 2
104 892 3 8192 2.000000000 2
104 896 3 8192 2.000000000 2
104 904 3 8192 2.000000000 2
104 992 3 8192 2.000000000 2
104 1024 3 8192 2.000000000 2
104 1044 3 8192 2.000000000 2
104 1140 3 8192 2.000000000 2
104 1144 3 8192 2.000000000 2
104 1168 3 8192 2.000000000 2
104 1192 3 8192 2.000000000 2
104 1200 3 8192 2.000000000 2
104 1204 3 8192 2.000000000 2
104 1216 3 8192 2.000000000 2
104 1220 3 8192 2.000000000 2
104 1224 3 8192 2.000000000 2
104 1264 3 8192 2.000000000 2
104 1276 3 8192 2.000000000 2
108 0 3 8192 2.000000000 2
108 8 3 8192 2.000000000 2
108 24 3 8192 2.000000000 2
108 52 3 8192 2.000000000 2
108 76 3 8192 2.000000000 2
108 84 3 8192 2.000000000 2
108 88 3 8192 2.000000000 2
108 96 3 8192 2.000000000 2
108 120 3 8192 2.000000000 2
108 156 3 8192 2.000000000 2
108 208 3 8192 2.000000000 2
108 224 3 8192 2.000000000 2
108 228 3 8192 2.000000000 2
108 248 3 8192 2.000000000 2
108 260 3 8192 2.000000000 2
108 304 3 8192 2.000000000 2
108 312 3 8192 2.000000000 2
108 328 3 8192 2.000000000 2
108 348 3 8192 2.000000000 2
108 400 3 8192 2.000000000 2
108 404 3 8192 2.000000000 2
108 408 3 8192 2.000000000 2
108 428 3 8192 2.000000000 2
108 440 3 8192 2.000000000 2
108 452 3 8192 2.000000000 2
108 464 3 8192 2.000000000 2
108 468 3 8192 2.000000000 2
108 472 3 8192 2.000000000 2
108 540 3 8192 2.000000000 2
108 544 3 8192 2.000000000 2
108 560 3 8192 2.000000000 2
108 588 3 8192 2.000000000 2
108 596 3 8192 2.000000000 2
108 632 3 8192 2.000000000 2
108 712 3 8192 2.000000000 2
108 720 3 8192 2.000000000 2
108 724 3 8192 2.000000000 2
108 736 3 8192 2.000000000 2
108 776 3 8192 2.000000000 2
108 792 3 8192 2.000000000 2
108 832 3 8192 2.000000000 2
108 852 3 8192 2.000000000 2
108 880 3 8192 2.000000000 2
108 884 3 8192 2.000000000 2
108 912 3 8192 2.000000000 2
108 924 3 8192 2.000000000 2
108 940 3 8192 2.000000000 2
108 1008 3 8192 2.000000000 2
108 1052 3 8192 2.000000000 2
108 1060 3 8192 2.000000000 2
108 1076 3 8192 2.000000000 2
108 1096 3 8192 2.000000000 2
108 1108 3 8192 2.000000000 2
108 1112 3 8192 2.000000000 2
108 1156 3 8192 2.000000000 2
108 1164 3 8192 2.000000000 2
108 1168 3 8192 2.000000000 2
108 1172 3 8192 2.000000000 2
108 1180 3 8192 2.000000000 2
108 1184 3 8192 2.000000000 2
108 1216 3 8192 2.000000000 2
108 1220 3 8192 2.000000000 2
108 1240 3 8192 2.000000000 2
108 1272 3 8192 2.000000000 2
112 4 3 8192 2.000000000 2
112 8 3 8192 2.000000000 2
112 44 3 8192 2.000000000 2
112 76 3 8192 2.000000000 2
112 80 3 8192 2.000000000 2
112 84 3 8192 2.000000000 2
112 96 3 8192 2.000000000 2
112 104 3 8192 2.000000000 2
112 144 3 8192 2.000000000 2
112 164 3 8192 2.000000000 2
112 176 3 8192 2.000000000 2
112 188 3 8192 2.000000000 2
112 200 3 8192 2.000000000 2
112 208 3 8192 2.000000000 2
112 224 3 8192 2.000000000 2
112 228 3 8192 2.000000000 2
112 304 3 8192 2.000000000 2
112 320 3 8192 2.000000000 2
112 324 3 8192 2.000000000 2
112 360 3 8192 2.000000000 2
112 428 3 8192 2.000000000 2
112 444 3 8192 2.000000000 2
112 460 3 8192 2.000000000 2
112 464 3 8192 2.000000000 2
112 472 3 8192 2.000000000 2
112 492 3 8192 2.000000000 2
112 540 3 8192 2.000000000 2
112 544 3 8192 2.000000000 2
112 584 3 8192 2.000000000 2
112 640 3 8192 2.000000000 2
112 656 3 8192 2.000000000 2
112 672 3 8192 2.000000000 2
112 684 3 8192 2.000000000 2
112 700 3 8192 2.000000000 2
112 712 3 8192 2.000000000 2
112 716 3 8192 2.000000000 2
112 760 3 8192 2.000000000 2
112 780 3 8192 2.000000000 2
112 800 3 8192 2.000000000 2
112 816 3 8192 2.000000000 2
112 832 3 8192 2.000000000 2
112 844 3 8192 2.000000000 2
112 872 3 8192 2.000000000 2
112 876 3 8192 2.000000000 2
112 904 3 8192 2.000000000 2
112 912 3 8192 2.000000000 2
112 920 3 8192 2.000000000 2
112 972 3 8192 2.000000000 2
112 976 3 8192 2.000000000 2
112 980 3 8192 2.000000000 2
112 984 3 8192 2.000000000 2
112 1016 3 8192 2.000000000 2
112 1052 3 8192 2.000000000 2
112 1076 3 8192 2.000000000 2
112 1104 3 8192 2.000000000 2
112 1112 3 8192 2.000000000 2
112 1128 3 8192 2.000000000 2
112 1148 3 8192 2.000000000 2
112 1160 3 8192 2.000000000 2
112 1164 3 8192 2.000000000 2
112 1184 3 8192 2.000000000 2
112 1224 3 8192 2.000000000 2
112 1260 3 8192 2.000000000 2
112 1276 3 8192 2.000000000 2
116 80 3 8192 2.000000000 2
116 84 3 8192 2.000000000 2
116 88 3 8192 2.000000000 2
116 96 3 8192 2.000000000 2
116 136 3 8192 2.000000000 2
116 140 3 8192 2.000000000 2
116 144 3 8192 2.000000000 2
116 172 3 8192 2.000000000 2
116 188 3 8192 2.000000000 2
116 220 3 8192 2.000000000 2
116 228 3 8192 2.000000000 2
116 236 3 8192 2.000000000 2
116 244 3 8192 2.000000000 2
116 248 3 8192 2.000000000 2
116 296 3 8192 2.000000000 2
116 312 3 8192 2.000000000 2
116 320 3 8192 2.000000000 2
116 356 3 8192 2.000000000 2
116 376 3 8192 2.000000000 2
116 416 3 8192 2.000000000 2
116 432 3 8192 2.000000000 2
116 436 3 8192 2.000000000 2
116 460 3 8192 2.000000000 2
116 480 3 8192 2.000000000 2
116 528 3 8192 2.000000000 2
116 580 3 8192 2.000000000 2
116 608 3 8192 2.000000000 2
116 612 3 8192 2.000000000 2
116 616 3 8192 2.000000000 2
116 632 3 8192 2.000000000 2
116 648 3 8192 2.000000000 2
116 656 3 8192 2.000000000 2
116 664 3 8192 2.000000000 2
116 672 3 8192 2.000000000 2
116 680 3 8192 2.000000000 2
116 720 3 8192 2.000000000 2
116 724 3 8192 2.000000000 2
116 736 3 8192 2.000000000 2
116 740 3 8192 2.000000000 2
116 780 3 8192 2.000000000 2
116 800 3 8192 2.000000000 2
116 804 3 8192 2.000000000 2
116 816 3 8192 2.000000000 2
116 860 3 8192 2.000000000 2
116 872 3 8192 2.000000000 2
116 904 3 8192 2.000000000 2
116 932 3 8192 2.000000000 2
116 976 3 8192 2.000000000 2
116 984 3 8192 2.000000000 2
116 1008 3 8192 2.000000000 2
116 1024 3 8192 2.000000000 2
116 1032 3 8192 2.000000000 2
116 1040 3 8192 2.000000000 2
116 1044 3 8192 2.000000000 2
116 1072 3 8192 2.000000000 2
116 1096 3 8192 2.000000000 2
116 1112 3 8192 2.000000000 2
116 1120 3 8192 2.000000000 2
116 1124 3 8192 2.000000000 2
116 1164 3 8192 2.000000000 2
116 1176 3 8192 2.000000000 2
116 1180 3 8192 2.000000000 2
116 1188 3 8192 2.000000000 2
116 1260 3 8192 2.000000000 2
120 32 3 8192 2.000000000 2
120 36 3 8192 2.000000000 2
120 72 3 8192 2.000000000 2
120 76 3 8192 2.000000000 2
120 88 3 8192 2.000000000 2
120 116 3 8192 2.000000000 2
120 136 3 8192 2.000000000 2
120 156 3 8192 2.000000000 2
120 176 3 8192 2.000000000 2
120 204 3 8192 2.000000000 2
120 208 3 8192 2.000000000 2
120 212 3 8192 2.000000000 2
120 228 3 8192 2.000000000 2
120 240 3 8192 2.000000000 2
120 292 3 8192 2.000000000 2
120 372 3 8192 2.000000000 2
120 376 3 8192 2.000000000 2
120 388 3 8192 2.000000000 2
120 404 3 8192 2.000000000 2
120 408 3 8192 2.000000000 2
120 412 3 8192 2.000000000 2
120 416 3 8192 2.000000000 2
120 484 3 8192 2.000000000 2
120 488 3 8192 2.000000000 2
120 500 3 8192 2.000000000 2
120 520 3 8192 2.000000000 2
120 540 3 8192 2.000000000 2
120 572 3 8192 2.000000000 2
120 584 3 8192 2.000000000 2
120 596 3 8192 2.000000000 2
120 604 3 8192 2.000000000 2
120 612 3 8192 2.000000000 2
120 628 3 8192 2.000000000 2
120 644 3 8192 2.000000000 2
120 672 3 8192 2.000000000 2
120 680 3 8192 2.000000000 2
120 684 3 8192 2.000000000 2
120 688 3 8192 2.000000000 2
120 708 3 8192 2.000000000 2
120 716 3 8192 2.000000000 2
120 760 3 8192 2.000000000 2
120 764 3 8192 2.000000000 2
120 784 3 8192 2.000000000 2
120 792 3 8192 2.000000000 2
120 832 3 8192 2.000000000 2
120 852 3 8192 2.000000000 2
120 872 3 8192 2.000000000 2
120 892 3 8192 2.000000000 2
120 896 3 8192 2.000000000 2
120 912 3 8192 2.000000000 2
120 920 3 8192 2.000000000 2
120 932 3 8192 2.000000000 2
120 964 3 8192 2.000000000 2
120 972 3 8192 2.000000000 2
120 992 3 8192 2.000000000 2
120 1020 3 8192 2.000000000 2
120 1040 3 8192 2.000000000 2
120 1052 3 8192 2.000000000 2
120 1076 3 8192 2.000000000 2
120 1180 3 8192 2.000000000 2
120 1184 3 8192 2.000000000 2
120 1188 3 8192 2.000000000 2
120 1204 3 8192 2.000000000 2
120 1208 3 8192 2.000000000 2
136 24 3 8192 2.000000000 2
136 48 3 8192 2.000000000 2
136 76 3 8192 2.000000000 2
136 96 3 8192 2.000000000 2
136 108 3 8192 2.000000000 2
136 120 3 8192 2.000000000 2
136 144 3 8192 2.000000000 2
136 160 3 8192 2.000000000 2
136 164 3 8192 2.000000000 2
136 208 3 8192 2.000000000 2
136 232 3 8192 2.000000000 2
136 236 3 8192 2.000000000 2
136 260 3 8192 2.000000000 2
136 304 3 8192 2.000000000 2
136 312 3 8192 2.000000000 2
136 344 3 8192 2.000000000 2
136 372 3 8192 2.000000000 2
136 400 3 8192 2.000000000 2
136 460 3 8192 2.000000000 2
136 464 3 8192 2.000000000 2
136 468 3 8192 2.000000000 2
136 476 3 8192 2.000000000 2
136 484 3 8192 2.000000000 2
136 500 3 8192 2.000000000 2
136 516 3 8192 2.000000000 2
136 520 3 8192 2.000000000 2
136 524 3 8192 2.000000000 2
136 540 3 8192 2.000000000 2
136 544 3 8192 2.000000000 2
136 552 3 8192 2.000000000 2
136 560 3 8192 2.000000000 2
136 568 3 8192 2.000000000 2
136 572 3 8192 2.000000000 2
136 600 3 8192 2.000000000 2
136 620 3 8192 2.000000000 2
136 636 3 8192 2.000000000 2
136 680 3 8192 2.000000000 2
136 684 3 8192 2.000000000 2
136 688 3 8192 2.000000000 2
136 708 3 8192 2.000000000 2
136 764 3 8192 2.000000000 2
136 776 3 8192 2.000000000 2
136 784 3 8192 2.000000000 2
136 832 3 8192 2.000000000 2
136 888 3 8192 2.000000000 2
136 892 3 8192 2.000000000 2
136 896 3 8192 2.000000000 2
136 904 3 8192 2.000000000 2
136 912 3 8192 2.000000000 2
136 924 3 8192 2.000000000 2
136 932 3 8192 2.000000000 2
136 968 3 8192 2.000000000 2
136 1016 3 8192 2.000000000 2
136 1040 3 8192 2.000000000 2
136 1048 3 8192 2.000000000 2
136 1084 3 8192 2.000000000 2
136 1104 3 8192 2.000000000 2
136 1112 3 8192 2.000000000 2
136 1164 3 8192 2.000000000 2
136 1180 3 8192 2.000000000 2
136 1192 3 8192 2.000000000 2
136 1200 3 8192 2.000000000 2
136 1212 3 8192 2.000000000 2
136 1224 3 8192 2.000000000 2
140 0 3 8192 2.000000000 2
140 28 3 8192 2.000000000 2
140 32 3 8192 2.000000000 2
140 84 3 8192 2.000000000 2
140 88 3 8192 2.000000000 2
140 92 3 8192 2.000000000 2
140 104 3 8192 2.000000000 2
140 112 3 8192 2.000000000 2
140 116 3 8192 2.000000000 2
140 136 3 8192 2.000000000 2
140 164 3 8192 2.000000000 2
140 180 3 8192 2.000000000 2
140 196 3 8192 2.000000000 2
140 212 3 8192 2.000000000 2
140 224 3 8192 2.000000000 2
140 228 3 8192 2.000000000 2
140 236 3 8192 2.000000000 2
140 244 3 8192 2.000000000 2
140 272 3 8192 2.000000000 2
140 300 3 8192 2.000000000 2
140 320 3 8192 2.000000000 2
140 344 3 8192 2.000000000 2
140 384 3 8192 2.000000000 2
140 396 3 8192 2.000000000 2
140 400 3 8192 2.000000000 2
140 408 3 8192 2.000000000 2
140 452 3 8192 2.000000000 2
140 472 3 8192 2.000000000 2
140 524 3 8192 2.000000000 2
140 568 3 8192 2.000000000 2
140 576 3 8192 2.000000000 2
140 584 3 8192 2.000000000 2
140 612 3 8192 2.000000000 2
140 616 3 8192 2.000000000 2
140 624 3 8192 2.000000000 2
140 628 3 8192 2.000000000 2
140 664 3 8192 2.000000000 2
140 668 3 8192 2.000000000 2
140 688 3 8192 2.000000000 2
140 708 3 8192 2.000000000 2
140 776 3 8192 2.000000000 2
140 780 3 8192 2.000000000 2
140 804 3 8192 2.000000000 2
140 808 3 8192 2.000000000 2
140 852 3 8192 2.000000000 2
140 860 3 8192 2.000000000 2
140 888 3 8192 2.000000000 2
140 892 3 8192 2.000000000 2
140 908 3 8192 2.000000000 2
140 912 3 8192 2.000000000 2
140 920 3 8192 2.000000000 2
140 924 3 8192 2.000000000 2
140 940 3 8192 2.000000000 2
140 964 3 8192 2.000000000 2
140 976 3 8192 2.000000000 2
140 1024 3 8192 2.000000000 2
140 1068 3 8192 2.000000000 2
140 1100 3 8192 2.000000000 2
140 1108 3 8192 2.000000000 2
140 1128 3 8192 2.000000000 2
140 1172 3 8192 2.000000000 2
140 1176 3 8192 2.000000000 2
140 1180 3 8192 2.000000000 2
140 1228 3 8192 2.000000000 2
144 12 3 8192 2.000000000 2
144 24 3 8192 2.000000000 2
144 28 3 8192 2.000000000 2
144 48 3 8192 2.000000000 2
144 84 3 8192 2.000000000 2
144 92 3 8192 2.000000000 2
144 96 3 8192 2.000000000 2
144 100 3 8192 2.000000000 2
144 116 3 8192 2.000000000 2
144 156 3 8192 2.000000000 2
144 188 3 8192 2.000000000 2
144 196 3 8192 2.000000000 2
144 212 3 8192 2.000000000 2
144 220 3 8192 2.000000000 2
144 224 3 8192 2.000000000 2
144 244 3 8192 2.000000000 2
144 292 3 8192 2.000000000 2
144 296 3 8192 2.000000000 2
144 384 3 8192 2.000000000 2
144 396 3 8192 2.000000000 2
144 416 3 8192 2.000000000 2
144 480 3 8192 2.000000000 2
144 524 3 8192 2.000000000 2
144 536 3 8192 2.000000000 2
144 572 3 8192 2.000000000 2
144 596 3 8192 2.000000000 2
144 604 3 8192 2.000000000 2
144 616 3 8192 2.000000000 2
144 624 3 8192 2.000000000 2
144 628 3 8192 2.000000000 2
144 632 3 8192 2.000000000 2
144 640 3 8192 2.000000000 2
144 656 3 8192 2.000000000 2
144 672 3 8192 2.000000000 2
144 716 3 8192 2.000000000 2
144 736 3 8192 2.000000000 2
144 784 3 8192 2.000000000 2
144 792 3 8192 2.000000000 2
144 808 3 8192 2.000000000 2
144 824 3 8192 2.000000000 2
144 844 3 8192 2.000000000 2
144 856 3 8192 2.000000000 2
144 876 3 8192 2.000000000 2
144 904 3 8192 2.000000000 2
144 908 3 8192 2.000000000 2
144 916 3 8192 2.000000000 2
144 972 3 8192 2.000000000 2
144 984 3 8192 2.000000000 2
144 992 3 8192 2.000000000 2
144 1008 3 8192 2.000000000 2
144 1052 3 8192 2.000000000 2
144 1060 3 8192 2.000000000 2
144 1088 3 8192 2.000000000 2
144 1120 3 8192 2.000000000 2
144 1140 3 8192 2.000000000 2
144 1148 3 8192 2.000000000 2
144 1152 3 8192 2.000000000 2
144 1184 3 8192 2.000000000 2
144 1204 3 8192 2.000000000 2
144 1212 3 8192 2.000000000 2
144 1224 3 8192 2.000000000 2
144 1236 3 8192 2.000000000 2
144 1244 3 8192 2.000000000 2
144 1264 3 8192 2.000000000 2
152 4 3 8192 2.000000000 2
152 8 3 8192 2.000000000 2
152 12 3 8192 2.000000000 2
152 32 3 8192 2.000000000 2
152 84 3 8192 2.000000000 2
152 108 3 8192 2.000000000 2
152 136 3 8192 2.000000000 2
152 140 3 8192 2.000000000 2
152 164 3 8192 2.000000000 2
152 180 3 8192 2.000000000 2
152 216 3 8192 2.000000000 2
152 220 3 8192 2.000000000 2
152 228 3 8192 2.000000000 2
152 240 3 8192 2.000000000 2
152 252 3 8192 2.000000000 2
152 264 3 8192 2.000000000 2
152 292 3 8192 2.000000000 2
152 356 3 8192 2.000000000 2
152 360 3 8192 2.000000000 2
152 376 3 8192 2.000000000 2
152 388 3 8192 2.000000000 2
152 416 3 8192 2.000000000 2
152 420 3 8192 2.000000000 2
152 444 3 8192 2.000000000 2
152 460 3 8192 2.000000000 2
152 484 3 8192 2.000000000 2
152 520 3 8192 2.000000000 2
152 524 3 8192 2.000000000 2
152 536 3 8192 2.000000000 2
152 568 3 8192 2.000000000 2
152 576 3 8192 2.000000000 2
152 612 3 8192 2.000000000 2
152 620 3 8192 2.000000000 2
152 628 3 8192 2.000000000 2
152 656 3 8192 2.000000000 2
152 668 3 8192 2.000000000 2
152 684 3 8192 2.000000000 2
152 700 3 8192 2.000000000 2
152 716 3 8192 2.000000000 2
152 728 3 8192 2.000000000 2
152 744 3 8192 2.000000000 2
152 756 3 8192 2.000000000 2
152 764 3 8192 2.000000000 2
152 768 3 8192 2.000000000 2
152 800 3 8192 2.000000000 2
152 804 3 8192 2.000000000 2
152 820 3 8192 2.000000000 2
152 832 3 8192 2.000000000 2
152 856 3 8192 2.000000000 2
152 916 3 8192 2.000000000 2
152 940 3 8192 2.000000000 2
152 948 3 8192 2.000000000 2
152 964 3 8192 2.000000000 2
152 968 3 8192 2.000000000 2
152 1000 3 8192 2.000000000 2
152 1008 3 8192 2.000000000 2
152 1024 3 8192 2.000000000 2
152 1084 3 8192 2.000000000 2
152 1104 3 8192 2.000000000 2
152 1108 3 8192 2.000000000 2
152 1124 3 8192 2.000000000 2
152 1168 3 8192 2.000000000 2
152 1208 3 8192 2.000000000 2
152 1256 3 8192 2.000000000 2
156 4 3 8192 2.000000000 2
156 28 3 8192 2.000000000 2
156 104 3 8192 2.000000000 2
156 116 3 8192 2.000000000 2
156 136 3 8192 2.000000000 2
156 140 3 8192 2.000000000 2
156 152 3 8192 2.000000000 2
156 180 3 8192 2.000000000 2
156 204 3 8192 2.000000000 2
156 208 3 8192 2.000000000 2
156 252 3 8192 2.000000000 2
156 264 3 8192 2.000000000 2
156 356 3 8192 2.000000000 2
156 416 3 8192 2.000000000 2
156 480 3 8192 2.000000000 2
156 504 3 8192 2.000000000 2
156 536 3 8192 2.000000000 2
156 540 3 8192 2.000000000 2
156 544 3 8192 2.000000000 2
156 568 3 8192 2.000000000 2
156 572 3 8192 2.000000000 2
156 584 3 8192 2.000000000 2
156 596 3 8192 2.000000000 2
156 628 3 8192 2.000000000 2
156 664 3 8192 2.000000000 2
156 668 3 8192 2.000000000 2
156 712 3 8192 2.000000000 2
156 716 3 8192 2.000000000 2
156 732 3 8192 2.000000000 2
156 736 3 8192 2.000000000 2
156 756 3 8192 2.000000000 2
156 780 3 8192 2.000000000 2
156 784 3 8192 2.000000000 2
156 796 3 8192 2.000000000 2
156 816 3 8192 2.000000000 2
156 832 3 8192 2.000000000 2
156 860 3 8192 2.000000000 2
156 876 3 8192 2.000000000 2
156 880 3 8192 2.000000000 2
156 904 3 8192 2.000000000 2
156 972 3 8192 2.000000000 2
156 1016 3 8192 2.000000000 2
156 1024 3 8192 2.000000000 2
156 1048 3 8192 2.000000000 2
156 1100 3 8192 2.000000000 2
156 1104 3 8192 2.000000000 2
156 1112 3 8192 2.000000000 2
156 1124 3 8192 2.000000000 2
156 1128 3 8192 2.000000000 2
156 1140 3 8192 2.000000000 2
156 1152 3 8192 2.000000000 2
156 1164 3 8192 2.000000000 2
156 1176 3 8192 2.000000000 2
156 1180 3 8192 2.000000000 2
156 1188 3 8192 2.000000000 2
156 1196 3 8192 2.000000000 2
156 1200 3 8192 2.000000000 2
156 1204 3 8192 2.000000000 2
156 1212 3 8192 2.000000000 2
156 1216 3 8192 2.000000000 2
156 1220 3 8192 2.000000000 2
156 1228 3 8192 2.000000000 2
156 1248 3 8192 2.000000000 2
156 1276 3 8192 2.000000000 2
160 4 3 8192 2.000000000 2
160 12 3 8192 2.000000000 2
160 24 3 8192 2.000000000 2
160 76 3 8192 2.000000000 2
160 92 3 8192 2.000000000 2
160 152 3 8192 2.000000000 2
160 156 3 8192 2.000000000 2
160 236 3 8192 2.000000000 2
160 244 3 8192 2.000000000 2
160 292 3 8192 2.000000000 2
160 296 3 8192 2.000000000 2
160 300 3 8192 2.000000000 2
160 320 3 8192 2.000000000 2
160 328 3 8192 2.000000000 2
160 356 3 8192 2.000000000 2
160 388 3 8192 2.000000000 2
160 396 3 8192 2.000000000 2
160 412 3 8192 2.000000000 2
160 440 3 8192 2.000000000 2
160 444 3 8192 2.000000000 2
160 452 3 8192 2.000000000 2
160 468 3 8192 2.000000000 2
160 476 3 8192 2.000000000 2
160 492 3 8192 2.000000000 2
160 572 3 8192 2.000000000 2
160 580 3 8192 2.000000000 2
160 604 3 8192 2.000000000 2
160 620 3 8192 2.000000000 2
160 632 3 8192 2.000000000 2
160 668 3 8192 2.000000000 2
160 692 3 8192 2.000000000 2
160 736 3 8192 2.000000000 2
160 744 3 8192 2.000000000 2
160 756 3 8192 2.000000000 2
160 776 3 8192 2.000000000 2
160 792 3 8192 2.000000000 2
160 852 3 8192 2.000000000 2
160 876 3 8192 2.000000000 2
160 884 3 8192 2.000000000 2
160 888 3 8192 2.000000000 2
160 916 3 8192 2.000000000 2
160 948 3 8192 2.000000000 2
160 980 3 8192 2.000000000 2
160 984 3 8192 2.000000000 2
160 992 3 8192 2.000000000 2
160 1016 3 8192 2.000000000 2
160 1020 3 8192 2.000000000 2
160 1032 3 8192 2.000000000 2
160 1040 3 8192 2.000000000 2
160 1072 3 8192 2.000000000 2
160 1104 3 8192 2.000000000 2
160 1112 3 8192 2.000000000 2
160 1120 3 8192 2.000000000 2
160 1128 3 8192 2.000000000 2
160 1148 3 8192 2.000000000 2
160 1156 3 8192 2.000000000 2
160 1172 3 8192 2.000000000 2
160 1200 3 8192 2.000000000 2
160 1212 3 8192 2.000000000 2
160 1248 3 8192 2.000000000 2
160 1252 3 8192 2.000000000 2
160 1256 3 8192 2.000000000 2
160 1272 3 8192 2.000000000 2
160 1276 3 8192 2.000000000 2
164 8 3 8192 2.000000000 2
164 24 3 8192 2.000000000 2
164 28 3 8192 2.000000000 2
164 68 3 8192 2.000000000 2
164 76 3 8192 2.000000000 2
164 100 3 8192 2.000000000 2
164 112 3 8192 2.000000000 2
164 152 3 8192 2.000000000 2
164 172 3 8192 2.000000000 2
164 188 3 8192 2.000000000 2
164 196 3 8192 2.000000000 2
164 220 3 8192 2.000000000 2
164 224 3 8192 2.000000000 2
164 260 3 8192 2.000000000 2
164 264 3 8192 2.000000000 2
164 348 3 8192 2.000000000 2
164 376 3 8192 2.000000000 2
164 384 3 8192 2.000000000 2
164 416 3 8192 2.000000000 2
164 472 3 8192 2.000000000 2
164 476 3 8192 2.000000000 2
164 488 3 8192 2.000000000 2
164 520 3 8192 2.000000000 2
164 528 3 8192 2.000000000 2
164 560 3 8192 2.000000000 2
164 572 3 8192 2.000000000 2
164 588 3 8192 2.000000000 2
164 600 3 8192 2.000000000 2
164 624 3 8192 2.000000000 2
164 644 3 8192 2.000000000 2
164 648 3 8192 2.000000000 2
164 656 3 8192 2.000000000 2
164 672 3 8192 2.000000000 2
164 688 3 8192 2.000000000 2
164 692 3 8192 2.000000000 2
164 700 3 8192 2.000000000 2
164 728 3 8192 2.000000000 2
164 732 3 8192 2.000000000 2
164 736 3 8192 2.000000000 2
164 764 3 8192 2.000000000 2
164 780 3 8192 2.000000000 2
164 792 3 8192 2.000000000 2
164 836 3 8192 2.000000000 2
164 860 3 8192 2.000000000 2
164 872 3 8192 2.000000000 2
164 876 3 8192 2.000000000 2
164 888 3 8192 2.000000000 2
164 892 3 8192 2.000000000 2
164 912 3 8192 2.000000000 2
164 916 3 8192 2.000000000 2
164 924 3 8192 2.000000000 2
164 1012 3 8192 2.000000000 2
164 1016 3 8192 2.000000000 2
164 1020 3 8192 2.000000000 2
164 1048 3 8192 2.000000000 2
164 1068 3 8192 2.000000000 2
164 1076 3 8192 2.000000000 2
164 1084 3 8192 2.000000000 2
164 1096 3 8192 2.000000000 2
164 1164 3 8192 2.000000000 2
164 1176 3 8192 2.000000000 2
164 1180 3 8192 2.000000000 2
164 1236 3 8192 2.000000000 2
164 1248 3 8192 2.000000000 2
172 52 3 8192 2.000000000 2
172 96 3 8192 2.000000000 2
172 104 3 8192 2.000000000 2
172 120 3 8192 2.000000000 2
172 152 3 8192 2.000000000 2
172 156 3 8192 2.000000000 2
172 160 3 8192 2.000000000 2
172 164 3 8192 2.000000000 2
172 188 3 8192 2.000000000 2
172 196 3 8192 2.000000000 2
172 204 3 8192 2.000000000 2
172 208 3 8192 2.000000000 2
172 212 3 8192 2.000000000 2
172 220 3 8192 2.000000000 2
172 312 3 8192 2.000000000 2
172 328 3 8192 2.000000000 2
172 348 3 8192 2.000000000 2
172 356 3 8192 2.000000000 2
172 396 3 8192 2.000000000 2
172 428 3 8192 2.000000000 2
172 432 3 8192 2.000000000 2
172 468 3 8192 2.000000000 2
172 480 3 8192 2.000000000 2
172 488 3 8192 2.000000000 2
172 500 3 8192 2.000000000 2
172 516 3 8192 2.000000000 2
172 520 3 8192 2.000000000 2
172 532 3 8192 2.000000000 2
172 536 3 8192 2.000000000 2
172 552 3 8192 2.000000000 2
172 584 3 8192 2.000000000 2
172 600 3 8192 2.000000000 2
172 640 3 8192 2.000000000 2
172 644 3 8192 2.000000000 2
172 688 3 8192 2.000000000 2
172 712 3 8192 2.000000000 2
172 720 3 8192 2.000000000 2
172 732 3 8192 2.000000000 2
172 736 3 8192 2.000000000 2
172 748 3 8192 2.000000000 2
172 776 3 8192 2.000000000 2
172 780 3 8192 2.000000000 2
172 784 3 8192 2.000000000 2
172 816 3 8192 2.000000000 2
172 820 3 8192 2.000000000 2
172 836 3 8192 2.000000000 2
172 844 3 8192 2.000000000 2
172 856 3 8192 2.000000000 2
172 872 3 8192 2.000000000 2
172 916 3 8192 2.000000000 2
172 936 3 8192 2.000000000 2
172 964 3 8192 2.000000000 2
172 968 3 8192 2.000000000 2
172 1016 3 8192 2.000000000 2
172 1048 3 8192 2.000000000 2
172 1056 3 8192 2.000000000 2
172 1072 3 8192 2.000000000 2
172 1104 3 8192 2.000000000 2
172 1124 3 8192 2.000000000 2
172 1164 3 8192 2.000000000 2
172 1192 3 8192 2.000000000 2
172 1224 3 8192 2.000000000 2
172 1260 3 8192 2.000000000 2
172 1264 3 8192 2.000000000 2
176 24 3 8192 2.000000000 2
176 28 3 8192 2.000000000 2
176 36 3 8192 2.000000000 2
176 48 3 8192 2.000000000 2
176 52 3 8192 2.000000000 2
176 60 3 8192 2.000000000 2
176 92 3 8192 2.000000000 2
176 120 3 8192 2.000000000 2
176 196 3 8192 2.000000000 2
176 212 3 8192 2.000000000 2
176 216 3 8192 2.000000000 2
176 220 3 8192 2.000000000 2
176 224 3 8192 2.000000000 2
176 228 3 8192 2.000000000 2
176 232 3 8192 2.000000000 2
176 244 3 8192 2.000000000 2
176 264 3 8192 2.000000000 2
176 360 3 8192 2.000000000 2
176 376 3 8192 2.000000000 2
176 380 3 8192 2.000000000 2
176 384 3 8192 2.000000000 2
176 400 3 8192 2.000000000 2
176 404 3 8192 2.000000000 2
176 432 3 8192 2.000000000 2
176 452 3 8192 2.000000000 2
176 500 3 8192 2.000000000 2
176 528 3 8192 2.000000000 2
176 560 3 8192 2.000000000 2
176 572 3 8192 2.000000000 2
176 588 3 8192 2.000000000 2
176 596 3 8192 2.000000000 2
176 608 3 8192 2.000000000 2
176 612 3 8192 2.000000000 2
176 632 3 8192 2.000000000 2
176 652 3 8192 2.000000000 2
176 664 3 8192 2.000000000 2
176 680 3 8192 2.000000000 2
176 700 3 8192 2.000000000 2
176 716 3 8192 2.000000000 2
176 720 3 8192 2.000000000 2
176 736 3 8192 2.000000000 2
176 760 3 8192 2.000000000 2
176 764 3 8192 2.000000000 2
176 804 3 8192 2.000000000 2
176 828 3 8192 2.000000000 2
176 872 3 8192 2.000000000 2
176 884 3 8192 2.000000000 2
176 940 3 8192 2.000000000 2
176 976 3 8192 2.000000000 2
176 984 3 8192 2.000000000 2
176 992 3 8192 2.000000000 2
176 1020 3 8192 2.000000000 2
176 1024 3 8192 2.000000000 2
176 1072 3 8192 2.000000000 2
176 1096 3 8192 2.000000000 2
176 1112 3 8192 2.000000000 2
176 1144 3 8192 2.000000000 2
176 1160 3 8192 2.000000000 2
176 1180 3 8192 2.000000000 2
176 1184 3 8192 2.000000000 2
176 1200 3 8192 2.000000000 2
176 1208 3 8192 2.000000000 2
176 1224 3 8192 2.000000000 2
176 1236 3 8192 2.000000000 2
180 0 3 8192 2.000000000 2
180 68 3 8192 2.000000000 2
180 76 3 8192 2.000000000 2
180 80 3 8192 2.000000000 2
180 84 3 8192 2.000000000 2
180 88 3 8192 2.000000000 2
180 100 3 8192 2.000000000 2
180 104 3 8192 2.000000000 2
180 156 3 8192 2.000000000 2
180 176 3 8192 2.000000000 2
180 188 3 8192 2.000000000 2
180 212 3 8192 2.000000000 2
180 216 3 8192 2.000000000 2
180 220 3 8192 2.000000000 2
180 224 3 8192 2.000000000 2
180 236 3 8192 2.000000000 2
180 264 3 8192 2.000000000 2
180 272 3 8192 2.000000000 2
180 300 3 8192 2.000000000 2
180 332 3 8192 2.000000000 2
180 348 3 8192 2.000000000 2
180 360 3 8192 2.000000000 2
180 428 3 8192 2.000000000 2
180 432 3 8192 2.000000000 2
180 488 3 8192 2.000000000 2
180 524 3 8192 2.000000000 2
180 536 3 8192 2.000000000 2
180 552 3 8192 2.000000000 2
180 576 3 8192 2.000000000 2
180 596 3 8192 2.000000000 2
180 620 3 8192 2.000000000 2
180 636 3 8192 2.000000000 2
180 664 3 8192 2.000000000 2
180 684 3 8192 2.000000000 2
180 692 3 8192 2.000000000 2
180 700 3 8192 2.000000000 2
180 716 3 8192 2.000000000 2
180 748 3 8192 2.000000000 2
180 764 3 8192 2.000000000 2
180 780 3 8192 2.000000000 2
180 804 3 8192 2.000000000 2
180 820 3 8192 2.000000000 2
180 828 3 8192 2.000000000 2
180 912 3 8192 2.000000000 2
180 920 3 8192 2.000000000 2
180 932 3 8192 2.000000000 2
180 968 3 8192 2.000000000 2
180 972 3 8192 2.000000000 2
180 980 3 8192 2.000000000 2
180 1012 3 8192 2.000000000 2
180 1060 3 8192 2.000000000 2
180 1072 3 8192 2.000000000 2
180 1084 3 8192 2.000000000 2
180 1100 3 8192 2.000000000 2
180 1108 3 8192 2.000000000 2
180 1112 3 8192 2.000000000 2
180 1124 3 8192 2.000000000 2
180 1140 3 8192 2.000000000 2
180 1168 3 8192 2.000000000 2
180 1220 3 8192 2.000000000 2
180 1228 3 8192 2.000000000 2
180 1244 3 8192 2.000000000 2
180 1248 3 8192 2.000000000 2
180 1256 3 8192 2.000000000 2
188 8 3 8192 2.000000000 2
188 44 3 8192 2.000000000 2
188 100 3 8192 2.000000000 2
188 152 3 8192 2.000000000 2
188 200 3 8192 2.000000000 2
188 228 3 8192 2.000000000 2
188 248 3 8192 2.000000000 2
188 264 3 8192 2.000000000 2
188 328 3 8192 2.000000000 2
188 376 3 8192 2.000000000 2
188 408 3 8192 2.000000000 2
188 416 3 8192 2.000000000 2
188 444 3 8192 2.000000000 2
188 476 3 8192 2.000000000 2
188 488 3 8192 2.000000000 2
188 500 3 8192 2.000000000 2
188 504 3 8192 2.000000000 2
188 524 3 8192 2.000000000 2
188 544 3 8192 2.000000000 2
188 560 3 8192 2.000000000 2
188 576 3 8192 2.000000000 2
188 584 3 8192 2.000000000 2
188 620 3 8192 2.000000000 2
188 644 3 8192 2.000000000 2
188 648 3 8192 2.000000000 2
188 652 3 8192 2.000000000 2
188 672 3 8192 2.000000000 2
188 688 3 8192 2.000000000 2
188 712 3 8192 2.000000000 2
188 720 3 8192 2.000000000 2
188 724 3 8192 2.000000000 2
188 736 3 8192 2.000000000 2
188 744 3 8192 2.000000000 2
188 748 3 8192 2.000000000 2
188 764 3 8192 2.000000000 2
188 768 3 8192 2.000000000 2
188 780 3 8192 2.000000000 2
188 792 3 8192 2.000000000 2
188 808 3 8192 2.000000000 2
188 816 3 8192 2.000000000 2
188 820 3 8192 2.000000000 2
188 836 3 8192 2.000000000 2
188 888 3 8192 2.000000000 2
188 976 3 8192 2.000000000 2
188 1016 3 8192 2.000000000 2
188 1020 3 8192 2.000000000 2
188 1032 3 8192 2.000000000 2
188 1052 3 8192 2.000000000 2
188 1068 3 8192 2.000000000 2
188 1088 3 8192 2.000000000 2
188 1108 3 8192 2.000000000 2
188 1112 3 8192 2.000000000 2
188 1144 3 8192 2.000000000 2
188 1156 3 8192 2.000000000 2
188 1160 3 8192 2.000000000 2
188 1168 3 8192 2.000000000 2
188 1184 3 8192 2.000000000 2
188 1192 3 8192 2.000000000 2
188 1200 3 8192 2.000000000 2
188 1212 3 8192 2.000000000 2
188 1220 3 8192 2.000000000 2
188 1228 3 8192 2.000000000 2
188 1240 3 8192 2.000000000 2
188 1276 3 8192 2.000000000 2
196 12 3 8192 2.000000000 2
196 32 3 8192 2.000000000 2
196 52 3 8192 2.000000000 2
196 68 3 8192 2.000000000 2
196 72 3 8192 2.000000000 2
196 92 3 8192 2.000000000 2
196 108 3 8192 2.000000000 2
196 120 3 8192 2.000000000 2
196 144 3 8192 2.000000000 2
196 172 3 8192 2.000000000 2
196 176 3 8192 2.000000000 2
196 208 3 8192 2.000000000 2
196 212 3 8192 2.000000000 2
196 224 3 8192 2.000000000 2
196 300 3 8192 2.000000000 2
196 320 3 8192 2.000000000 2
196 404 3 8192 2.000000000 2
196 416 3 8192 2.000000000 2
196 440 3 8192 2.000000000 2
196 452 3 8192 2.000000000 2
196 472 3 8192 2.000000000 2
196 476 3 8192 2.000000000 2
196 528 3 8192 2.000000000 2
196 532 3 8192 2.000000000 2
196 540 3 8192 2.000000000 2
196 572 3 8192 2.000000000 2
196 600 3 8192 2.000000000 2
196 608 3 8192 2.000000000 2
196 616 3 8192 2.000000000 2
196 648 3 8192 2.000000000 2
196 656 3 8192 2.000000000 2
196 668 3 8192 2.000000000 2
196 672 3 8192 2.000000000 2
196 732 3 8192 2.000000000 2
196 760 3 8192 2.000000000 2
196 784 3 8192 2.000000000 2
196 792 3 8192 2.000000000 2
196 820 3 8192 2.000000000 2
196 824 3 8192 2.000000000 2
196 860 3 8192 2.000000000 2
196 876 3 8192 2.000000000 2
196 884 3 8192 2.000000000 2
196 924 3 8192 2.000000000 2
196 932 3 8192 2.000000000 2
196 936 3 8192 2.000000000 2
196 964 3 8192 2.000000000 2
196 972 3 8192 2.000000000 2
196 976 3 8192 2.000000000 2
196 980 3 8192 2.000000000 2
196 1008 3 8192 2.000000000 2
196 1128 3 8192 2.000000000 2
196 1156 3 8192 2.000000000 2
196 1168 3 8192 2.000000000 2
196 1176 3 8192 2.000000000 2
196 1196 3 8192 2.000000000 2
196 1200 3 8192 2.000000000 2
196 1204 3 8192 2.000000000 2
196 1216 3 8192 2.000000000 2
196 1220 3 8192 2.000000000 2
196 1228 3 8192 2.000000000 2
196 1244 3 8192 2.000000000 2
196 1256 3 8192 2.000000000 2
196 1264 3 8192 2.000000000 2
196 1276 3 8192 2.000000000 2
200 12 3 8192 2.000000000 2
200 36 3 8192 2.000000000 2
200 72 3 8192 2.000000000 2
200 80 3 8192 2.000000000 2
200 92 3 8192 2.000000000 2
200 100 3 8192 2.000000000 2
200 116 3 8192 2.000000000 2
200 136 3 8192 2.000000000 2
200 172 3 8192 2.000000000 2
200 176 3 8192 2.000000000 2
200 208 3 8192 2.000000000 2
200 228 3 8192 2.000000000 2
200 236 3 8192 2.000000000 2
200 276 3 8192 2.000000000 2
200 328 3 8192 2.000000000 2
200 356 3 8192 2.000000000 2
200 364 3 8192 2.000000000 2
200 384 3 8192 2.000000000 2
200 388 3 8192 2.000000000 2
200 396 3 8192 2.000000000 2
200 404 3 8192 2.000000000 2
200 416 3 8192 2.000000000 2
200 432 3 8192 2.000000000 2
200 452 3 8192 2.000000000 2
200 476 3 8192 2.000000000 2
200 516 3 8192 2.000000000 2
200 520 3 8192 2.000000000 2
200 528 3 8192 2.000000000 2
200 612 3 8192 2.000000000 2
200 616 3 8192 2.000000000 2
200 624 3 8192 2.000000000 2
200 656 3 8192 2.000000000 2
200 668 3 8192 2.000000000 2
200 684 3 8192 2.000000000 2
200 748 3 8192 2.000000000 2
200 760 3 8192 2.000000000 2
200 764 3 8192 2.000000000 2
200 776 3 8192 2.000000000 2
200 800 3 8192 2.000000000 2
200 836 3 8192 2.000000000 2
200 860 3 8192 2.000000000 2
200 924 3 8192 2.000000000 2
200 992 3 8192 2.000000000 2
200 1000 3 8192 2.000000000 2
200 1012 3 8192 2.000000000 2
200 1052 3 8192 2.000000000 2
200 1088 3 8192 2.000000000 2
200 1096 3 8192 2.000000000 2
200 1112 3 8192 2.000000000 2
200 1128 3 8192 2.000000000 2
200 1140 3 8192 2.000000000 2
200 1148 3 8192 2.000000000 2
200 1160 3 8192 2.000000000 2
200 1188 3 8192 2.000000000 2
200 1192 3 8192 2.000000000 2
200 1196 3 8192 2.000000000 2
200 1200 3 8192 2.000000000 2
200 1204 3 8192 2.000000000 2
200 1208 3 8192 2.000000000 2
200 1212 3 8192 2.000000000 2
200 1224 3 8192 2.000000000 2
200 1248 3 8192 2.000000000 2
200 1260 3 8192 2.000000000 2
200 1264 3 8192 2.000000000 2
204 0 3 8192 2.000000000 2
204 8 3 8192 2.000000000 2
204 88 3 8192 2.000000000 2
204 136 3 8192 2.000000000 2
204 160 3 8192 2.000000000 2
204 172 3 8192 2.000000000 2
204 196 3 8192 2.000000000 2
204 220 3 8192 2.000000000 2
204 224 3 8192 2.000000000 2
204 232 3 8192 2.000000000 2
204 296 3 8192 2.000000000 2
204 300 3 8192 2.000000000 2
204 320 3 8192 2.000000000 2
204 360 3 8192 2.000000000 2
204 380 3 8192 2.000000000 2
204 400 3 8192 2.000000000 2
204 412 3 8192 2.000000000 2
204 464 3 8192 2.000000000 2
204 488 3 8192 2.000000000 2
204 500 3 8192 2.000000000 2
204 504 3 8192 2.000000000 2
204 516 3 8192 2.000000000 2
204 520 3 8192 2.000000000 2
204 532 3 8192 2.000000000 2
204 552 3 8192 2.000000000 2
204 584 3 8192 2.000000000 2
204 596 3 8192 2.000000000 2
204 604 3 8192 2.000000000 2
204 608 3 8192 2.000000000 2
204 620 3 8192 2.000000000 2
204 624 3 8192 2.000000000 2
204 644 3 8192 2.000000000 2
204 668 3 8192 2.000000000 2
204 684 3 8192 2.000000000 2
204 692 3 8192 2.000000000 2
204 712 3 8192 2.000000000 2
204 728 3 8192 2.000000000 2
204 736 3 8192 2.000000000 2
204 744 3 8192 2.000000000 2
204 748 3 8192 2.000000000 2
204 764 3 8192 2.000000000 2
204 768 3 8192 2.000000000 2
204 800 3 8192 2.000000000 2
204 804 3 8192 2.000000000 2
204 852 3 8192 2.000000000 2
204 876 3 8192 2.000000000 2
204 892 3 8192 2.000000000 2
204 932 3 8192 2.000000000 2
204 936 3 8192 2.000000000 2
204 948 3 8192 2.000000000 2
204 984 3 8192 2.000000000 2
204 992 3 8192 2.000000000 2
204 1000 3 8192 2.000000000 2
204 1008 3 8192 2.000000000 2
204 1032 3 8192 2.000000000 2
204 1040 3 8192 2.000000000 2
204 1044 3 8192 2.000000000 2
204 1052 3 8192 2.000000000 2
204 1168 3 8192 2.000000000 2
204 1192 3 8192 2.000000000 2
204 1212 3 8192 2.000000000 2
204 1244 3 8192 2.000000000 2
204 1256 3 8192 2.000000000 2
204 1276 3 8192 2.000000000 2
208 0 3 8192 2.000000000 2
208 28 3 8192 2.000000000 2
208 48 3 8192 2.000000000 2
208 52 3 8192 2.000000000 2
208 60 3 8192 2.000000000 2
208 140 3 8192 2.000000000 2
208 180 3 8192 2.000000000 2
208 188 3 8192 2.000000000 2
208 212 3 8192 2.000000000 2
208 228 3 8192 2.000000000 2
208 240 3 8192 2.000000000 2
208 292 3 8192 2.000000000 2
208 364 3 8192 2.000000000 2
208 376 3 8192 2.000000000 2
208 388 3 8192 2.000000000 2
208 420 3 8192 2.000000000 2
208 432 3 8192 2.000000000 2
208 444 3 8192 2.000000000 2
208 472 3 8192 2.000000000 2
208 492 3 8192 2.000000000 2
208 516 3 8192 2.000000000 2
208 540 3 8192 2.000000000 2
208 572 3 8192 2.000000000 2
208 576 3 8192 2.000000000 2
208 584 3 8192 2.000000000 2
208 588 3 8192 2.000000000 2
208 608 3 8192 2.000000000 2
208 616 3 8192 2.000000000 2
208 632 3 8192 2.000000000 2
208 640 3 8192 2.000000000 2
208 644 3 8192 2.000000000 2
208 652 3 8192 2.000000000 2
208 672 3 8192 2.000000000 2
208 712 3 8192 2.000000000 2
208 724 3 8192 2.000000000 2
208 764 3 8192 2.000000000 2
208 800 3 8192 2.000000000 2
208 808 3 8192 2.000000000 2
208 828 3 8192 2.000000000 2
208 836 3 8192 2.000000000 2
208 852 3 8192 2.000000000 2
208 876 3 8192 2.000000000 2
208 892 3 8192 2.000000000 2
208 896 3 8192 2.000000000 2
208 968 3 8192 2.000000000 2
208 976 3 8192 2.000000000 2
208 1052 3 8192 2.000000000 2
208 1056 3 8192 2.000000000 2
208 1060 3 8192 2.000000000 2
208 1072 3 8192 2.000000000 2
208 1076 3 8192 2.000000000 2
208 1164 3 8192 2.000000000 2
208 1168 3 8192 2.000000000 2
208 1172 3 8192 2.000000000 2
208 1176 3 8192 2.000000000 2
208 1184 3 8192 2.000000000 2
208 1192 3 8192 2.000000000 2
208 1196 3 8192 2.000000000 2
208 1236 3 8192 2.000000000 2
208 1240 3 8192 2.000000000 2
208 1244 3 8192 2.000000000 2
208 1252 3 8192 2.000000000 2
208 1264 3 8192 2.000000000 2
208 1272 3 8192 2.000000000 2
212 4 3 8192 2.000000000 2
212 24 3 8192 2.000000000 2
212 48 3 8192 2.000000000 2
212 68 3 8192 2.000000000 2
212 96 3 8192 2.000000000 2
212 100 3 8192 2.000000000 2
212 116 3 8192 2.000000000 2
212 140 3 8192 2.000000000 2
212 144 3 8192 2.000000000 2
212 164 3 8192 2.000000000 2
212 172 3 8192 2.000000000 2
212 224 3 8192 2.000000000 2
212 228 3 8192 2.000000000 2
212 232 3 8192 2.000000000 2
212 244 3 8192 2.000000000 2
212 260 3 8192 2.000000000 2
212 264 3 8192 2.000000000 2
212 344 3 8192 2.000000000 2
212 416 3 8192 2.000000000 2
212 428 3 8192 2.000000000 2
212 440 3 8192 2.000000000 2
212 460 3 8192 2.000000000 2
212 472 3 8192 2.000000000 2
212 504 3 8192 2.000000000 2
212 524 3 8192 2.000000000 2
212 548 3 8192 2.000000000 2
212 572 3 8192 2.000000000 2
212 584 3 8192 2.000000000 2
212 612 3 8192 2.000000000 2
212 636 3 8192 2.000000000 2
212 644 3 8192 2.000000000 2
212 688 3 8192 2.000000000 2
212 692 3 8192 2.000000000 2
212 716 3 8192 2.000000000 2
212 720 3 8192 2.000000000 2
212 744 3 8192 2.000000000 2
212 764 3 8192 2.000000000 2
212 792 3 8192 2.000000000 2
212 796 3 8192 2.000000000 2
212 816 3 8192 2.000000000 2
212 852 3 8192 2.000000000 2
212 856 3 8192 2.000000000 2
212 972 3 8192 2.000000000 2
212 1024 3 8192 2.000000000 2
212 1044 3 8192 2.000000000 2
212 1048 3 8192 2.000000000 2
212 1060 3 8192 2.000000000 2
212 1068 3 8192 2.000000000 2
212 1084 3 8192 2.000000000 2
212 1096 3 8192 2.000000000 2
212 1104 3 8192 2.000000000 2
212 1120 3 8192 2.000000000 2
212 1124 3 8192 2.000000000 2
212 1128 3 8192 2.000000000 2
212 1140 3 8192 2.000000000 2
212 1144 3 8192 2.000000000 2
212 1160 3 8192 2.000000000 2
212 1176 3 8192 2.000000000 2
212 1196 3 8192 2.000000000 2
212 1204 3 8192 2.000000000 2
212 1236 3 8192 2.000000000 2
212 1240 3 8192 2.000000000 2
212 1264 3 8192 2.000000000 2
212 1276 3 8192 2.000000000 2
216 72 3 8192 2.000000000 2
216 92 3 8192 2.000000000 2
216 120 3 8192 2.000000000 2
216 136 3 8192 2.000000000 2
216 140 3 8192 2.000000000 2
216 144 3 8192 2.000000000 2
216 152 3 8192 2.000000000 2
216 196 3 8192 2.000000000 2
216 208 3 8192 2.000000000 2
216 224 3 8192 2.000000000 2
216 248 3 8192 2.000000000 2
216 260 3 8192 2.000000000 2
216 264 3 8192 2.000000000 2
216 292 3 8192 2.000000000 2
216 296 3 8192 2.000000000 2
216 300 3 8192 2.000000000 2
216 348 3 8192 2.000000000 2
216 372 3 8192 2.000000000 2
216 376 3 8192 2.000000000 2
216 380 3 8192 2.000000000 2
216 388 3 8192 2.000000000 2
216 400 3 8192 2.000000000 2
216 428 3 8192 2.000000000 2
216 436 3 8192 2.000000000 2
216 440 3 8192 2.000000000 2
216 464 3 8192 2.000000000 2
216 484 3 8192 2.000000000 2
216 492 3 8192 2.000000000 2
216 500 3 8192 2.000000000 2
216 504 3 8192 2.000000000 2
216 524 3 8192 2.000000000 2
216 588 3 8192 2.000000000 2
216 604 3 8192 2.000000000 2
216 608 3 8192 2.000000000 2
216 644 3 8192 2.000000000 2
216 672 3 8192 2.000000000 2
216 684 3 8192 2.000000000 2
216 692 3 8192 2.000000000 2
216 720 3 8192 2.000000000 2
216 728 3 8192 2.000000000 2
216 736 3 8192 2.000000000 2
216 816 3 8192 2.000000000 2
216 824 3 8192 2.000000000 2
216 828 3 8192 2.000000000 2
216 836 3 8192 2.000000000 2
216 872 3 8192 2.000000000 2
216 892 3 8192 2.000000000 2
216 916 3 8192 2.000000000 2
216 972 3 8192 2.000000000 2
216 1000 3 8192 2.000000000 2
216 1008 3 8192 2.000000000 2
216 1040 3 8192 2.000000000 2
216 1044 3 8192 2.000000000 2
216 1048 3 8192 2.000000000 2
216 1068 3 8192 2.000000000 2
216 1148 3 8192 2.000000000 2
216 1152 3 8192 2.000000000 2
216 1172 3 8192 2.000000000 2
216 1176 3 8192 2.000000000 2
216 1180 3 8192 2.000000000 2
216 1224 3 8192 2.000000000 2
216 1236 3 8192 2.000000000 2
216 1252 3 8192 2.000000000 2
216 1264 3 8192 2.000000000 2
220 8 3 8192 2.000000000 2
220 24 3 8192 2.000000000 2
220 36 3 8192 2.000000000 2
220 52 3 8192 2.000000000 2
220 72 3 8192 2.000000000 2
220 80 3 8192 2.000000000 2
220 92 3 8192 2.000000000 2
220 116 3 8192 2.000000000 2
220 144 3 8192 2.000000000 2
220 164 3 8192 2.000000000 2
220 176 3 8192 2.000000000 2
220 212 3 8192 2.000000000 2
220 248 3 8192 2.000000000 2
220 252 3 8192 2.000000000 2
220 296 3 8192 2.000000000 2
220 304 3 8192 2.000000000 2
220 312 3 8192 2.000000000 2
220 324 3 8192 2.000000000 2
220 332 3 8192 2.000000000 2
220 348 3 8192 2.000000000 2
220 396 3 8192 2.000000000 2
220 400 3 8192 2.000000000 2
220 404 3 8192 2.000000000 2
220 428 3 8192 2.000000000 2
220 440 3 8192 2.000000000 2
220 484 3 8192 2.000000000 2
220 492 3 8192 2.000000000 2
220 528 3 8192 2.000000000 2
220 544 3 8192 2.000000000 2
220 548 3 8192 2.000000000 2
220 568 3 8192 2.000000000 2
220 572 3 8192 2.000000000 2
220 588 3 8192 2.000000000 2
220 600 3 8192 2.000000000 2
220 636 3 8192 2.000000000 2
220 640 3 8192 2.000000000 2
220 716 3 8192 2.000000000 2
220 764 3 8192 2.000000000 2
220 776 3 8192 2.000000000 2
220 792 3 8192 2.000000000 2
220 800 3 8192 2.000000000 2
220 808 3 8192 2.000000000 2
220 884 3 8192 2.000000000 2
220 892 3 8192 2.000000000 2
220 920 3 8192 2.000000000 2
220 968 3 8192 2.000000000 2
220 980 3 8192 2.000000000 2
220 1008 3 8192 2.000000000 2
220 1016 3 8192 2.000000000 2
220 1024 3 8192 2.000000000 2
220 1040 3 8192 2.000000000 2
220 1076 3 8192 2.000000000 2
220 1088 3 8192 2.000000000 2
220 1104 3 8192 2.000000000 2
220 1120 3 8192 2.000000000 2
220 1128 3 8192 2.000000000 2
220 1196 3 8192 2.000000000 2
220 1200 3 8192 2.000000000 2
220 1204 3 8192 2.000000000 2
220 1216 3 8192 2.000000000 2
220 1220 3 8192 2.000000000 2
220 1252 3 8192 2.000000000 2
220 1260 3 8192 2.000000000 2
220 1264 3 8192 2.000000000 2
224 0 3 8192 2.000000000 2
224 8 3 8192 2.000000000 2
224 12 3 8192 2.000000000 2
224 36 3 8192 2.000000000 2
224 52 3 8192 2.000000000 2
224 136 3 8192 2.000000000 2
224 140 3 8192 2.000000000 2
224 144 3 8192 2.000000000 2
224 164 3 8192 2.000000000 2
224 212 3 8192 2.000000000 2
224 228 3 8192 2.000000000 2
224 276 3 8192 2.000000000 2
224 300 3 8192 2.000000000 2
224 312 3 8192 2.000000000 2
224 344 3 8192 2.000000000 2
224 356 3 8192 2.000000000 2
224 360 3 8192 2.000000000 2
224 388 3 8192 2.000000000 2
224 396 3 8192 2.000000000 2
224 400 3 8192 2.000000000 2
224 408 3 8192 2.000000000 2
224 412 3 8192 2.000000000 2
224 416 3 8192 2.000000000 2
224 436 3 8192 2.000000000 2
224 444 3 8192 2.000000000 2
224 480 3 8192 2.000000000 2
224 532 3 8192 2.000000000 2
224 548 3 8192 2.000000000 2
224 568 3 8192 2.000000000 2
224 588 3 8192 2.000000000 2
224 596 3 8192 2.000000000 2
224 600 3 8192 2.000000000 2
224 620 3 8192 2.000000000 2
224 628 3 8192 2.000000000 2
224 652 3 8192 2.000000000 2
224 664 3 8192 2.000000000 2
224 724 3 8192 2.000000000 2
224 728 3 8192 2.000000000 2
224 744 3 8192 2.000000000 2
224 768 3 8192 2.000000000 2
224 800 3 8192 2.000000000 2
224 872 3 8192 2.000000000 2
224 876 3 8192 2.000000000 2
224 888 3 8192 2.000000000 2
224 932 3 8192 2.000000000 2
224 964 3 8192 2.000000000 2
224 976 3 8192 2.000000000 2
224 1012 3 8192 2.000000000 2
224 1016 3 8192 2.000000000 2
224 1020 3 8192 2.000000000 2
224 1024 3 8192 2.000000000 2
224 1048 3 8192 2.000000000 2
224 1052 3 8192 2.000000000 2
224 1060 3 8192 2.000000000 2
224 1072 3 8192 2.000000000 2
224 1088 3 8192 2.000000000 2
224 1112 3 8192 2.000000000 2
224 1120 3 8192 2.000000000 2
224 1160 3 8192 2.000000000 2
224 1164 3 8192 2.000000000 2
224 1212 3 8192 2.000000000 2
224 1216 3 8192 2.000000000 2
224 1224 3 8192 2.000000000 2
224 1248 3 8192 2.000000000 2
228 4 3 8192 2.000000000 2
228 24 3 8192 2.000000000 2
228 32 3 8192 2.000000000 2
228 44 3 8192 2.000000000 2
228 108 3 8192 2.000000000 2
228 136 3 8192 2.000000000 2
228 140 3 8192 2.000000000 2
228 156 3 8192 2.000000000 2
228 164 3 8192 2.000000000 2
228 208 3 8192 2.000000000 2
228 220 3 8192 2.000000000 2
228 328 3 8192 2.000000000 2
228 360 3 8192 2.000000000 2
228 420 3 8192 2.000000000 2
228 440 3 8192 2.000000000 2
228 444 3 8192 2.000000000 2
228 452 3 8192 2.000000000 2
228 464 3 8192 2.000000000 2
228 468 3 8192 2.000000000 2
228 492 3 8192 2.000000000 2
228 520 3 8192 2.000000000 2
228 540 3 8192 2.000000000 2
228 560 3 8192 2.000000000 2
228 572 3 8192 2.000000000 2
228 600 3 8192 2.000000000 2
228 624 3 8192 2.000000000 2
228 628 3 8192 2.000000000 2
228 632 3 8192 2.000000000 2
228 636 3 8192 2.000000000 2
228 688 3 8192 2.000000000 2
228 716 3 8192 2.000000000 2
228 724 3 8192 2.000000000 2
228 740 3 8192 2.000000000 2
228 780 3 8192 2.000000000 2
228 784 3 8192 2.000000000 2
228 796 3 8192 2.000000000 2
228 800 3 8192 2.000000000 2
228 844 3 8192 2.000000000 2
228 888 3 8192 2.000000000 2
228 916 3 8192 2.000000000 2
228 924 3 8192 2.000000000 2
228 932 3 8192 2.000000000 2
228 948 3 8192 2.000000000 2
228 972 3 8192 2.000000000 2
228 980 3 8192 2.000000000 2
228 992 3 8192 2.000000000 2
228 1012 3 8192 2.000000000 2
228 1024 3 8192 2.000000000 2
228 1048 3 8192 2.000000000 2
228 1076 3 8192 2.000000000 2
228 1096 3 8192 2.000000000 2
228 1108 3 8192 2.000000000 2
228 1112 3 8192 2.000000000 2
228 1128 3 8192 2.000000000 2
228 1148 3 8192 2.000000000 2
228 1160 3 8192 2.000000000 2
228 1176 3 8192 2.000000000 2
228 1208 3 8192 2.000000000 2
228 1216 3 8192 2.000000000 2
228 1220 3 8192 2.000000000 2
228 1240 3 8192 2.000000000 2
228 1244 3 8192 2.000000000 2
228 1272 3 8192 2.000000000 2
228 1276 3 8192 2.000000000 2
232 4 3 8192 2.000000000 2
232 48 3 8192 2.000000000 2
232 52 3 8192 2.000000000 2
232 96 3 8192 2.000000000 2
232 100 3 8192 2.000000000 2
232 108 3 8192 2.000000000 2
232 116 3 8192 2.000000000 2
232 120 3 8192 2.000000000 2
232 136 3 8192 2.000000000 2
232 152 3 8192 2.000000000 2
232 156 3 8192 2.000000000 2
232 172 3 8192 2.000000000 2
232 208 3 8192 2.000000000 2
232 228 3 8192 2.000000000 2
232 248 3 8192 2.000000000 2
232 260 3 8192 2.000000000 2
232 328 3 8192 2.000000000 2
232 332 3 8192 2.000000000 2
232 344 3 8192 2.000000000 2
232 348 3 8192 2.000000000 2
232 400 3 8192 2.000000000 2
232 428 3 8192 2.000000000 2
232 432 3 8192 2.000000000 2
232 444 3 8192 2.000000000 2
232 452 3 8192 2.000000000 2
232 460 3 8192 2.000000000 2
232 472 3 8192 2.000000000 2
232 536 3 8192 2.000000000 2
232 544 3 8192 2.000000000 2
232 560 3 8192 2.000000000 2
232 576 3 8192 2.000000000 2
232 580 3 8192 2.000000000 2
232 608 3 8192 2.000000000 2
232 624 3 8192 2.000000000 2
232 628 3 8192 2.000000000 2
232 632 3 8192 2.000000000 2
232 680 3 8192 2.000000000 2
232 700 3 8192 2.000000000 2
232 736 3 8192 2.000000000 2
232 740 3 8192 2.000000000 2
232 768 3 8192 2.000000000 2
232 820 3 8192 2.000000000 2
232 856 3 8192 2.000000000 2
232 860 3 8192 2.000000000 2
232 884 3 8192 2.000000000 2
232 888 3 8192 2.000000000 2
232 912 3 8192 2.000000000 2
232 916 3 8192 2.000000000 2
232 1000 3 8192 2.000000000 2
232 1016 3 8192 2.000000000 2
232 1020 3 8192 2.000000000 2
232 1044 3 8192 2.000000000 2
232 1056 3 8192 2.000000000 2
232 1072 3 8192 2.000000000 2
232 1096 3 8192 2.000000000 2
232 1108 3 8192 2.000000000 2
232 1148 3 8192 2.000000000 2
232 1160 3 8192 2.000000000 2
232 1168 3 8192 2.000000000 2
232 1180 3 8192 2.000000000 2
232 1192 3 8192 2.000000000 2
232 1212 3 8192 2.000000000 2
232 1256 3 8192 2.000000000 2
232 1276 3 8192 2.000000000 2
236 0 3 8192 2.000000000 2
236 4 3 8192 2.000000000 2
236 32 3 8192 2.000000000 2
236 60 3 8192 2.000000000 2
236 80 3 8192 2.000000000 2
236 96 3 8192 2.000000000 2
236 112 3 8192 2.000000000 2
236 164 3 8192 2.000000000 2
236 176 3 8192 2.000000000 2
236 204 3 8192 2.000000000 2
236 212 3 8192 2.000000000 2
236 216 3 8192 2.000000000 2
236 232 3 8192 2.000000000 2
236 248 3 8192 2.000000000 2
236 264 3 8192 2.000000000 2
236 296 3 8192 2.000000000 2
236 300 3 8192 2.000000000 2
236 312 3 8192 2.000000000 2
236 364 3 8192 2.000000000 2
236 404 3 8192 2.000000000 2
236 420 3 8192 2.000000000 2
236 436 3 8192 2.000000000 2
236 440 3 8192 2.000000000 2
236 464 3 8192 2.000000000 2
236 468 3 8192 2.000000000 2
236 560 3 8192 2.000000000 2
236 636 3 8192 2.000000000 2
236 652 3 8192 2.000000000 2
236 668 3 8192 2.000000000 2
236 680 3 8192 2.000000000 2
236 712 3 8192 2.000000000 2
236 748 3 8192 2.000000000 2
236 768 3 8192 2.000000000 2
236 780 3 8192 2.000000000 2
236 800 3 8192 2.000000000 2
236 808 3 8192 2.000000000 2
236 816 3 8192 2.000000000 2
236 832 3 8192 2.000000000 2
236 876 3 8192 2.000000000 2
236 892 3 8192 2.000000000 2
236 924 3 8192 2.000000000 2
236 984 3 8192 2.000000000 2
236 1012 3 8192 2.000000000 2
236 1020 3 8192 2.000000000 2
236 1024 3 8192 2.000000000 2
236 1032 3 8192 2.000000000 2
236 1100 3 8192 2.000000000 2
236 1104 3 8192 2.000000000 2
236 1108 3 8192 2.000000000 2
236 1112 3 8192 2.000000000 2
236 1124 3 8192 2.000000000 2
236 1148 3 8192 2.000000000 2
236 1164 3 8192 2.000000000 2
236 1168 3 8192 2.000000000 2
236 1184 3 8192 2.000000000 2
236 1196 3 8192 2.000000000 2
236 1204 3 8192 2.000000000 2
236 1212 3 8192 2.000000000 2
236 1216 3 8192 2.000000000 2
236 1228 3 8192 2.000000000 2
236 1236 3 8192 2.000000000 2
236 1256 3 8192 2.000000000 2
236 1260 3 8192 2.000000000 2
236 1276 3 8192 2.000000000 2
240 12 3 8192 2.000000000 2
240 24 3 8192 2.000000000 2
240 76 3 8192 2.000000000 2
240 96 3 8192 2.000000000 2
240 104 3 8192 2.000000000 2
240 112 3 8192 2.000000000 2
240 144 3 8192 2.000000000 2
240 152 3 8192 2.000000000 2
240 188 3 8192 2.000000000 2
240 200 3 8192 2.000000000 2
240 212 3 8192 2.000000000 2
240 220 3 8192 2.000000000 2
240 224 3 8192 2.000000000 2
240 264 3 8192 2.000000000 2
240 292 3 8192 2.000000000 2
240 320 3 8192 2.000000000 2
240 356 3 8192 2.000000000 2
240 360 3 8192 2.000000000 2
240 428 3 8192 2.000000000 2
240 460 3 8192 2.000000000 2
240 468 3 8192 2.000000000 2
240 472 3 8192 2.000000000 2
240 488 3 8192 2.000000000 2
240 504 3 8192 2.000000000 2
240 584 3 8192 2.000000000 2
240 604 3 8192 2.000000000 2
240 616 3 8192 2.000000000 2
240 636 3 8192 2.000000000 2
240 656 3 8192 2.000000000 2
240 664 3 8192 2.000000000 2
240 684 3 8192 2.000000000 2
240 692 3 8192 2.000000000 2
240 708 3 8192 2.000000000 2
240 712 3 8192 2.000000000 2
240 736 3 8192 2.000000000 2
240 744 3 8192 2.000000000 2
240 764 3 8192 2.000000000 2
240 768 3 8192 2.000000000 2
240 776 3 8192 2.000000000 2
240 780 3 8192 2.000000000 2
240 804 3 8192 2.000000000 2
240 872 3 8192 2.000000000 2
240 876 3 8192 2.000000000 2
240 884 3 8192 2.000000000 2
240 888 3 8192 2.000000000 2
240 896 3 8192 2.000000000 2
240 912 3 8192 2.000000000 2
240 916 3 8192 2.000000000 2
240 968 3 8192 2.000000000 2
240 1016 3 8192 2.000000000 2
240 1024 3 8192 2.000000000 2
240 1056 3 8192 2.000000000 2
240 1072 3 8192 2.000000000 2
240 1088 3 8192 2.000000000 2
240 1108 3 8192 2.000000000 2
240 1128 3 8192 2.000000000 2
240 1148 3 8192 2.000000000 2
240 1152 3 8192 2.000000000 2
240 1176 3 8192 2.000000000 2
240 1192 3 8192 2.000000000 2
240 1196 3 8192 2.000000000 2
240 1220 3 8192 2.000000000 2
240 1224 3 8192 2.000000000 2
240 1260 3 8192 2.000000000 2
244 28 3 8192 2.000000000 2
244 36 3 8192 2.000000000 2
244 44 3 8192 2.000000000 2
244 60 3 8192 2.000000000 2
244 92 3 8192 2.000000000 2
244 100 3 8192 2.000000000 2
244 112 3 8192 2.000000000 2
244 180 3 8192 2.000000000 2
244 204 3 8192 2.000000000 2
244 216 3 8192 2.000000000 2
244 228 3 8192 2.000000000 2
244 232 3 8192 2.000000000 2
244 292 3 8192 2.000000000 2
244 300 3 8192 2.000000000 2
244 328 3 8192 2.000000000 2
244 356 3 8192 2.000000000 2
244 420 3 8192 2.000000000 2
244 428 3 8192 2.000000000 2
244 460 3 8192 2.000000000 2
244 468 3 8192 2.000000000 2
244 476 3 8192 2.000000000 2
244 492 3 8192 2.000000000 2
244 516 3 8192 2.000000000 2
244 520 3 8192 2.000000000 2
244 524 3 8192 2.000000000 2
244 528 3 8192 2.000000000 2
244 568 3 8192 2.000000000 2
244 596 3 8192 2.000000000 2
244 600 3 8192 2.000000000 2
244 608 3 8192 2.000000000 2
244 620 3 8192 2.000000000 2
244 672 3 8192 2.000000000 2
244 684 3 8192 2.000000000 2
244 688 3 8192 2.000000000 2
244 712 3 8192 2.000000000 2
244 728 3 8192 2.000000000 2
244 740 3 8192 2.000000000 2
244 760 3 8192 2.000000000 2
244 808 3 8192 2.000000000 2
244 816 3 8192 2.000000000 2
244 856 3 8192 2.000000000 2
244 876 3 8192 2.000000000 2
244 908 3 8192 2.000000000 2
244 920 3 8192 2.000000000 2
244 932 3 8192 2.000000000 2
244 936 3 8192 2.000000000 2
244 940 3 8192 2.000000000 2
244 948 3 8192 2.000000000 2
244 972 3 8192 2.000000000 2
244 976 3 8192 2.000000000 2
244 1052 3 8192 2.000000000 2
244 1060 3 8192 2.000000000 2
244 1084 3 8192 2.000000000 2
244 1100 3 8192 2.000000000 2
244 1104 3 8192 2.000000000 2
244 1108 3 8192 2.000000000 2
244 1120 3 8192 2.000000000 2
244 1148 3 8192 2.000000000 2
244 1160 3 8192 2.000000000 2
244 1188 3 8192 2.000000000 2
244 1224 3 8192 2.000000000 2
244 1256 3 8192 2.000000000 2
244 1260 3 8192 2.000000000 2
244 1272 3 8192 2.000000000 2
248 4 3 8192 2.000000000 2
248 12 3 8192 2.000000000 2
248 48 3 8192 2.000000000 2
248 68 3 8192 2.000000000 2
248 88 3 8192 2.000000000 2
248 152 3 8192 2.000000000 2
248 188 3 8192 2.000000000 2
248 208 3 8192 2.000000000 2
248 212 3 8192 2.000000000 2
248 224 3 8192 2.000000000 2
248 240 3 8192 2.000000000 2
248 244 3 8192 2.000000000 2
248 320 3 8192 2.000000000 2
248 380 3 8192 2.000000000 2
248 400 3 8192 2.000000000 2
248 404 3 8192 2.000000000 2
248 408 3 8192 2.000000000 2
248 416 3 8192 2.000000000 2
248 428 3 8192 2.000000000 2
248 444 3 8192 2.000000000 2
248 460 3 8192 2.000000000 2
248 524 3 8192 2.000000000 2
248 528 3 8192 2.000000000 2
248 540 3 8192 2.000000000 2
248 560 3 8192 2.000000000 2
248 568 3 8192 2.000000000 2
248 580 3 8192 2.000000000 2
248 588 3 8192 2.000000000 2
248 600 3 8192 2.000000000 2
248 604 3 8192 2.000000000 2
248 608 3 8192 2.000000000 2
248 616 3 8192 2.000000000 2
248 640 3 8192 2.000000000 2
248 652 3 8192 2.000000000 2
248 684 3 8192 2.000000000 2
248 692 3 8192 2.000000000 2
248 720 3 8192 2.000000000 2
248 796 3 8192 2.000000000 2
248 808 3 8192 2.000000000 2
248 816 3 8192 2.000000000 2
248 820 3 8192 2.000000000 2
248 884 3 8192 2.000000000 2
248 896 3 8192 2.000000000 2
248 912 3 8192 2.000000000 2
248 916 3 8192 2.000000000 2
248 920 3 8192 2.000000000 2
248 924 3 8192 2.000000000 2
248 936 3 8192 2.000000000 2
248 948 3 8192 2.000000000 2
248 964 3 8192 2.000000000 2
248 980 3 8192 2.000000000 2
248 1012 3 8192 2.000000000 2
248 1040 3 8192 2.000000000 2
248 1044 3 8192 2.000000000 2
248 1052 3 8192 2.000000000 2
248 1100 3 8192 2.000000000 2
248 1140 3 8192 2.000000000 2
248 1152 3 8192 2.000000000 2
248 1172 3 8192 2.000000000 2
248 1184 3 8192 2.000000000 2
248 1200 3 8192 2.000000000 2
248 1224 3 8192 2.000000000 2
248 1252 3 8192 2.000000000 2
248 1260 3 8192 2.000000000 2
252 32 3 8192 2.000000000 2
252 36 3 8192 2.000000000 2
252 84 3 8192 2.000000000 2
252 92 3 8192 2.000000000 2
252 112 3 8192 2.000000000 2
252 160 3 8192 2.000000000 2
252 196 3 8192 2.000000000 2
252 200 3 8192 2.000000000 2
252 216 3 8192 2.000000000 2
252 232 3 8192 2.000000000 2
252 244 3 8192 2.000000000 2
252 248 3 8192 2.000000000 2
252 304 3 8192 2.000000000 2
252 328 3 8192 2.000000000 2
252 388 3 8192 2.000000000 2
252 428 3 8192 2.000000000 2
252 460 3 8192 2.000000000 2
252 464 3 8192 2.000000000 2
252 476 3 8192 2.000000000 2
252 488 3 8192 2.000000000 2
252 500 3 8192 2.000000000 2
252 504 3 8192 2.000000000 2
252 540 3 8192 2.000000000 2
252 572 3 8192 2.000000000 2
252 576 3 8192 2.000000000 2
252 616 3 8192 2.000000000 2
252 632 3 8192 2.000000000 2
252 640 3 8192 2.000000000 2
252 648 3 8192 2.000000000 2
252 664 3 8192 2.000000000 2
252 680 3 8192 2.000000000 2
252 692 3 8192 2.000000000 2
252 732 3 8192 2.000000000 2
252 768 3 8192 2.000000000 2
252 800 3 8192 2.000000000 2
252 808 3 8192 2.000000000 2
252 816 3 8192 2.000000000 2
252 820 3 8192 2.000000000 2
252 832 3 8192 2.000000000 2
252 844 3 8192 2.000000000 2
252 852 3 8192 2.000000000 2
252 872 3 8192 2.000000000 2
252 884 3 8192 2.000000000 2
252 892 3 8192 2.000000000 2
252 904 3 8192 2.000000000 2
252 912 3 8192 2.000000000 2
252 916 3 8192 2.000000000 2
252 924 3 8192 2.000000000 2
252 936 3 8192 2.000000000 2
252 976 3 8192 2.000000000 2
252 1008 3 8192 2.000000000 2
252 1016 3 8192 2.000000000 2
252 1048 3 8192 2.000000000 2
252 1052 3 8192 2.000000000 2
252 1060 3 8192 2.000000000 2
252 1072 3 8192 2.000000000 2
252 1088 3 8192 2.000000000 2
252 1108 3 8192 2.000000000 2
252 1124 3 8192 2.000000000 2
252 1148 3 8192 2.000000000 2
252 1152 3 8192 2.000000000 2
252 1236 3 8192 2.000000000 2
252 1248 3 8192 2.000000000 2
252 1264 3 8192 2.000000000 2
260 8 3 8192 2.000000000 2
260 72 3 8192 2.000000000 2
260 116 3 8192 2.000000000 2
260 152 3 8192 2.000000000 2
260 164 3 8192 2.000000000 2
260 224 3 8192 2.000000000 2
260 232 3 8192 2.000000000 2
260 240 3 8192 2.000000000 2
260 312 3 8192 2.000000000 2
260 348 3 8192 2.000000000 2
260 356 3 8192 2.000000000 2
260 360 3 8192 2.000000000 2
260 388 3 8192 2.000000000 2
260 404 3 8192 2.000000000 2
260 408 3 8192 2.000000000 2
260 428 3 8192 2.000000000 2
260 484 3 8192 2.000000000 2
260 488 3 8192 2.000000000 2
260 492 3 8192 2.000000000 2
260 504 3 8192 2.000000000 2
260 528 3 8192 2.000000000 2
260 536 3 8192 2.000000000 2
260 540 3 8192 2.000000000 2
260 548 3 8192 2.000000000 2
260 576 3 8192 2.000000000 2
260 584 3 8192 2.000000000 2
260 604 3 8192 2.000000000 2
260 624 3 8192 2.000000000 2
260 632 3 8192 2.000000000 2
260 668 3 8192 2.000000000 2
260 684 3 8192 2.000000000 2
260 720 3 8192 2.000000000 2
260 728 3 8192 2.000000000 2
260 744 3 8192 2.000000000 2
260 748 3 8192 2.000000000 2
260 756 3 8192 2.000000000 2
260 784 3 8192 2.000000000 2
260 872 3 8192 2.000000000 2
260 888 3 8192 2.000000000 2
260 912 3 8192 2.000000000 2
260 940 3 8192 2.000000000 2
260 948 3 8192 2.000000000 2
260 968 3 8192 2.000000000 2
260 972 3 8192 2.000000000 2
260 1072 3 8192 2.000000000 2
260 1076 3 8192 2.000000000 2
260 1084 3 8192 2.000000000 2
260 1104 3 8192 2.000000000 2
260 1112 3 8192 2.000000000 2
260 1120 3 8192 2.000000000 2
260 1140 3 8192 2.000000000 2
260 1144 3 8192 2.000000000 2
260 1148 3 8192 2.000000000 2
260 1152 3 8192 2.000000000 2
260 1160 3 8192 2.000000000 2
260 1164 3 8192 2.000000000 2
260 1168 3 8192 2.000000000 2
260 1192 3 8192 2.000000000 2
260 1196 3 8192 2.000000000 2
260 1240 3 8192 2.000000000 2
260 1244 3 8192 2.000000000 2
260 1248 3 8192 2.000000000 2
260 1256 3 8192 2.000000000 2
260 1276 3 8192 2.000000000 2
264 4 3 8192 2.000000000 2
264 32 3 8192 2.000000000 2
264 68 3 8192 2.000000000 2
264 84 3 8192 2.000000000 2
264 88 3 8192 2.000000000 2
264 92 3 8192 2.000000000 2
264 100 3 8192 2.000000000 2
264 140 3 8192 2.000000000 2
264 152 3 8192 2.000000000 2
264 212 3 8192 2.000000000 2
264 232 3 8192 2.000000000 2
264 252 3 8192 2.000000000 2
264 276 3 8192 2.000000000 2
264 304 3 8192 2.000000000 2
264 348 3 8192 2.000000000 2
264 372 3 8192 2.000000000 2
264 376 3 8192 2.000000000 2
264 388 3 8192 2.000000000 2
264 412 3 8192 2.000000000 2
264 420 3 8192 2.000000000 2
264 428 3 8192 2.000000000 2
264 472 3 8192 2.000000000 2
264 476 3 8192 2.000000000 2
264 488 3 8192 2.000000000 2
264 500 3 8192 2.000000000 2
264 528 3 8192 2.000000000 2
264 604 3 8192 2.000000000 2
264 608 3 8192 2.000000000 2
264 636 3 8192 2.000000000 2
264 640 3 8192 2.000000000 2
264 648 3 8192 2.000000000 2
264 684 3 8192 2.000000000 2
264 692 3 8192 2.000000000 2
264 740 3 8192 2.000000000 2
264 756 3 8192 2.000000000 2
264 776 3 8192 2.000000000 2
264 780 3 8192 2.000000000 2
264 804 3 8192 2.000000000 2
264 808 3 8192 2.000000000 2
264 820 3 8192 2.000000000 2
264 856 3 8192 2.000000000 2
264 860 3 8192 2.000000000 2
264 876 3 8192 2.000000000 2
264 888 3 8192 2.000000000 2
264 976 3 8192 2.000000000 2
264 1008 3 8192 2.000000000 2
264 1016 3 8192 2.000000000 2
264 1052 3 8192 2.000000000 2
264 1056 3 8192 2.000000000 2
264 1068 3 8192 2.000000000 2
264 1084 3 8192 2.000000000 2
264 1088 3 8192 2.000000000 2
264 1152 3 8192 2.000000000 2
264 1164 3 8192 2.000000000 2
264 1168 3 8192 2.000000000 2
264 1184 3 8192 2.000000000 2
264 1196 3 8192 2.000000000 2
264 1200 3 8192 2.000000000 2
264 1220 3 8192 2.000000000 2
264 1240 3 8192 2.000000000 2
264 1248 3 8192 2.000000000 2
264 1256 3 8192 2.000000000 2
264 1260 3 8192 2.000000000 2
264 1272 3 8192 2.000000000 2
272 4 3 8192 2.000000000 2
272 12 3 8192 2.000000000 2
272 24 3 8192 2.000000000 2
272 36 3 8192 2.000000000 2
272 48 3 8192 2.000000000 2
272 52 3 8192 2.000000000 2
272 84 3 8192 2.000000000 2
272 92 3 8192 2.000000000 2
272 96 3 8192 2.000000000 2
272 100 3 8192 2.000000000 2
272 140 3 8192 2.000000000 2
272 152 3 8192 2.000000000 2
272 156 3 8192 2.000000000 2
272 160 3 8192 2.000000000 2
272 164 3 8192 2.000000000 2
272 224 3 8192 2.000000000 2
272 236 3 8192 2.000000000 2
272 276 3 8192 2.000000000 2
272 348 3 8192 2.000000000 2
272 360 3 8192 2.000000000 2
272 364 3 8192 2.000000000 2
272 376 3 8192 2.000000000 2
272 380 3 8192 2.000000000 2
272 400 3 8192 2.000000000 2
272 420 3 8192 2.000000000 2
272 432 3 8192 2.000000000 2
272 436 3 8192 2.000000000 2
272 460 3 8192 2.000000000 2
272 480 3 8192 2.000000000 2
272 516 3 8192 2.000000000 2
272 524 3 8192 2.000000000 2
272 548 3 8192 2.000000000 2
272 560 3 8192 2.000000000 2
272 568 3 8192 2.000000000 2
272 576 3 8192 2.000000000 2
272 584 3 8192 2.000000000 2
272 616 3 8192 2.000000000 2
272 624 3 8192 2.000000000 2
272 716 3 8192 2.000000000 2
272 780 3 8192 2.000000000 2
272 816 3 8192 2.000000000 2
272 860 3 8192 2.000000000 2
272 888 3 8192 2.000000000 2
272 892 3 8192 2.000000000 2
272 908 3 8192 2.000000000 2
272 916 3 8192 2.000000000 2
272 936 3 8192 2.000000000 2
272 940 3 8192 2.000000000 2
272 976 3 8192 2.000000000 2
272 1008 3 8192 2.000000000 2
272 1032 3 8192 2.000000000 2
272 1040 3 8192 2.000000000 2
272 1052 3 8192 2.000000000 2
272 1088 3 8192 2.000000000 2
272 1104 3 8192 2.000000000 2
272 1128 3 8192 2.000000000 2
272 1164 3 8192 2.000000000 2
272 1192 3 8192 2.000000000 2
272 1200 3 8192 2.000000000 2
272 1208 3 8192 2.000000000 2
272 1212 3 8192 2.000000000 2
272 1220 3 8192 2.000000000 2
272 1252 3 8192 2.000000000 2
272 1260 3 8192 2.000000000 2
276 8 3 8192 2.000000000 2
276 76 3 8192 2.000000000 2
276 88 3 8192 2.000000000 2
276 92 3 8192 2.000000000 2
276 96 3 8192 2.000000000 2
276 140 3 8192 2.000000000 2
276 188 3 8192 2.000000000 2
276 212 3 8192 2.000000000 2
276 220 3 8192 2.000000000 2
276 224 3 8192 2.000000000 2
276 236 3 8192 2.000000000 2
276 252 3 8192 2.000000000 2
276 292 3 8192 2.000000000 2
276 304 3 8192 2.000000000 2
276 356 3 8192 2.000000000 2
276 360 3 8192 2.000000000 2
276 372 3 8192 2.000000000 2
276 376 3 8192 2.000000000 2
276 380 3 8192 2.000000000 2
276 388 3 8192 2.000000000 2
276 396 3 8192 2.000000000 2
276 404 3 8192 2.000000000 2
276 428 3 8192 2.000000000 2
276 436 3 8192 2.000000000 2
276 452 3 8192 2.000000000 2
276 464 3 8192 2.000000000 2
276 492 3 8192 2.000000000 2
276 536 3 8192 2.000000000 2
276 576 3 8192 2.000000000 2
276 584 3 8192 2.000000000 2
276 588 3 8192 2.000000000 2
276 596 3 8192 2.000000000 2
276 616 3 8192 2.000000000 2
276 624 3 8192 2.000000000 2
276 640 3 8192 2.000000000 2
276 664 3 8192 2.000000000 2
276 712 3 8192 2.000000000 2
276 728 3 8192 2.000000000 2
276 732 3 8192 2.000000000 2
276 744 3 8192 2.000000000 2
276 760 3 8192 2.000000000 2
276 764 3 8192 2.000000000 2
276 796 3 8192 2.000000000 2
276 808 3 8192 2.000000000 2
276 816 3 8192 2.000000000 2
276 860 3 8192 2.000000000 2
276 876 3 8192 2.000000000 2
276 904 3 8192 2.000000000 2
276 912 3 8192 2.000000000 2
276 924 3 8192 2.000000000 2
276 964 3 8192 2.000000000 2
276 968 3 8192 2.000000000 2
276 976 3 8192 2.000000000 2
276 1040 3 8192 2.000000000 2
276 1044 3 8192 2.000000000 2
276 1060 3 8192 2.000000000 2
276 1072 3 8192 2.000000000 2
276 1128 3 8192 2.000000000 2
276 1144 3 8192 2.000000000 2
276 1176 3 8192 2.000000000 2
276 1180 3 8192 2.000000000 2
276 1208 3 8192 2.000000000 2
276 1240 3 8192 2.000000000 2
276 1260 3 8192 2.000000000 2
292 60 3 8192 2.000000000 2
292 72 3 8192 2.000000000 2
292 76 3 8192 2.000000000 2
292 116 3 8192 2.000000000 2
292 140 3 8192 2.000000000 2
292 188 3 8192 2.000000000 2
292 208 3 8192 2.000000000 2
292 212 3 8192 2.000000000 2
292 216 3 8192 2.000000000 2
292 228 3 8192 2.000000000 2
292 332 3 8192 2.000000000 2
292 380 3 8192 2.000000000 2
292 400 3 8192 2.000000000 2
292 404 3 8192 2.000000000 2
292 436 3 8192 2.000000000 2
292 460 3 8192 2.000000000 2
292 468 3 8192 2.000000000 2
292 484 3 8192 2.000000000 2
292 504 3 8192 2.000000000 2
292 516 3 8192 2.000000000 2
292 520 3 8192 2.000000000 2
292 528 3 8192 2.000000000 2
292 532 3 8192 2.000000000 2
292 548 3 8192 2.000000000 2
292 560 3 8192 2.000000000 2
292 576 3 8192 2.000000000 2
292 604 3 8192 2.000000000 2
292 616 3 8192 2.000000000 2
292 672 3 8192 2.000000000 2
292 688 3 8192 2.000000000 2
292 700 3 8192 2.000000000 2
292 712 3 8192 2.000000000 2
292 732 3 8192 2.000000000 2
292 740 3 8192 2.000000000 2
292 768 3 8192 2.000000000 2
292 796 3 8192 2.000000000 2
292 808 3 8192 2.000000000 2
292 820 3 8192 2.000000000 2
292 836 3 8192 2.000000000 2
292 876 3 8192 2.000000000 2
292 884 3 8192 2.000000000 2
292 904 3 8192 2.000000000 2
292 916 3 8192 2.000000000 2
292 936 3 8192 2.000000000 2
292 1000 3 8192 2.000000000 2
292 1016 3 8192 2.000000000 2
292 1056 3 8192 2.000000000 2
292 1068 3 8192 2.000000000 2
292 1072 3 8192 2.000000000 2
292 1084 3 8192 2.000000000 2
292 1096 3 8192 2.000000000 2
292 1108 3 8192 2.000000000 2
292 1120 3 8192 2.000000000 2
292 1124 3 8192 2.000000000 2
292 1128 3 8192 2.000000000 2
292 1140 3 8192 2.000000000 2
292 1172 3 8192 2.000000000 2
292 1176 3 8192 2.000000000 2
292 1184 3 8192 2.000000000 2
292 1196 3 8192 2.000000000 2
292 1200 3 8192 2.000000000 2
292 1220 3 8192 2.000000000 2
292 1252 3 8192 2.000000000 2
292 1260 3 8192 2.000000000 2
296 44 3 8192 2.000000000 2
296 84 3 8192 2.000000000 2
296 104 3 8192 2.000000000 2
296 160 3 8192 2.000000000 2
296 164 3 8192 2.000000000 2
296 172 3 8192 2.000000000 2
296 216 3 8192 2.000000000 2
296 220 3 8192 2.000000000 2
296 228 3 8192 2.000000000 2
296 236 3 8192 2.000000000 2
296 248 3 8192 2.000000000 2
296 300 3 8192 2.000000000 2
296 304 3 8192 2.000000000 2
296 320 3 8192 2.000000000 2
296 376 3 8192 2.000000000 2
296 380 3 8192 2.000000000 2
296 384 3 8192 2.000000000 2
296 420 3 8192 2.000000000 2
296 468 3 8192 2.000000000 2
296 480 3 8192 2.000000000 2
296 540 3 8192 2.000000000 2
296 552 3 8192 2.000000000 2
296 580 3 8192 2.000000000 2
296 604 3 8192 2.000000000 2
296 612 3 8192 2.000000000 2
296 616 3 8192 2.000000000 2
296 632 3 8192 2.000000000 2
296 636 3 8192 2.000000000 2
296 644 3 8192 2.000000000 2
296 648 3 8192 2.000000000 2
296 668 3 8192 2.000000000 2
296 688 3 8192 2.000000000 2
296 692 3 8192 2.000000000 2
296 700 3 8192 2.000000000 2
296 708 3 8192 2.000000000 2
296 724 3 8192 2.000000000 2
296 732 3 8192 2.000000000 2
296 748 3 8192 2.000000000 2
296 784 3 8192 2.000000000 2
296 820 3 8192 2.000000000 2
296 832 3 8192 2.000000000 2
296 872 3 8192 2.000000000 2
296 880 3 8192 2.000000000 2
296 892 3 8192 2.000000000 2
296 920 3 8192 2.000000000 2
296 924 3 8192 2.000000000 2
296 964 3 8192 2.000000000 2
296 972 3 8192 2.000000000 2
296 976 3 8192 2.000000000 2
296 1008 3 8192 2.000000000 2
296 1020 3 8192 2.000000000 2
296 1044 3 8192 2.000000000 2
296 1048 3 8192 2.000000000 2
296 1068 3 8192 2.000000000 2
296 1072 3 8192 2.000000000 2
296 1084 3 8192 2.000000000 2
296 1088 3 8192 2.000000000 2
296 1108 3 8192 2.000000000 2
296 1176 3 8192 2.000000000 2
296 1204 3 8192 2.000000000 2
296 1212 3 8192 2.000000000 2
296 1220 3 8192 2.000000000 2
296 1240 3 8192 2.000000000 2
296 1256 3 8192 2.000000000 2
300 12 3 8192 2.000000000 2
300 32 3 8192 2.000000000 2
300 52 3 8192 2.000000000 2
300 84 3 8192 2.000000000 2
300 88 3 8192 2.000000000 2
300 92 3 8192 2.000000000 2
300 112 3 8192 2.000000000 2
300 160 3 8192 2.000000000 2
300 204 3 8192 2.000000000 2
300 224 3 8192 2.000000000 2
300 236 3 8192 2.000000000 2
300 240 3 8192 2.000000000 2
300 260 3 8192 2.000000000 2
300 296 3 8192 2.000000000 2
300 312 3 8192 2.000000000 2
300 320 3 8192 2.000000000 2
300 356 3 8192 2.000000000 2
300 388 3 8192 2.000000000 2
300 400 3 8192 2.000000000 2
300 416 3 8192 2.000000000 2
300 420 3 8192 2.000000000 2
300 428 3 8192 2.000000000 2
300 432 3 8192 2.000000000 2
300 440 3 8192 2.000000000 2
300 452 3 8192 2.000000000 2
300 480 3 8192 2.000000000 2
300 520 3 8192 2.000000000 2
300 544 3 8192 2.000000000 2
300 548 3 8192 2.000000000 2
300 552 3 8192 2.000000000 2
300 568 3 8192 2.000000000 2
300 576 3 8192 2.000000000 2
300 580 3 8192 2.000000000 2
300 648 3 8192 2.000000000 2
300 652 3 8192 2.000000000 2
300 672 3 8192 2.000000000 2
300 684 3 8192 2.000000000 2
300 692 3 8192 2.000000000 2
300 708 3 8192 2.000000000 2
300 736 3 8192 2.000000000 2
300 764 3 8192 2.000000000 2
300 780 3 8192 2.000000000 2
300 800 3 8192 2.000000000 2
300 808 3 8192 2.000000000 2
300 828 3 8192 2.000000000 2
300 872 3 8192 2.000000000 2
300 888 3 8192 2.000000000 2
300 892 3 8192 2.000000000 2
300 904 3 8192 2.000000000 2
300 912 3 8192 2.000000000 2
300 916 3 8192 2.000000000 2
300 1016 3 8192 2.000000000 2
300 1052 3 8192 2.000000000 2
300 1060 3 8192 2.000000000 2
300 1084 3 8192 2.000000000 2
300 1108 3 8192 2.000000000 2
300 1156 3 8192 2.000000000 2
300 1212 3 8192 2.000000000 2
300 1220 3 8192 2.000000000 2
300 1228 3 8192 2.000000000 2
300 1248 3 8192 2.000000000 2
300 1252 3 8192 2.000000000 2
300 1256 3 8192 2.000000000 2
300 1260 3 8192 2.000000000 2
304 0 3 8192 2.000000000 2
304 24 3 8192 2.000000000 2
304 28 3 8192 2.000000000 2
304 32 3 8192 2.000000000 2
304 60 3 8192 2.000000000 2
304 76 3 8192 2.000000000 2
304 96 3 8192 2.000000000 2
304 120 3 8192 2.000000000 2
304 156 3 8192 2.000000000 2
304 164 3 8192 2.000000000 2
304 204 3 8192 2.000000000 2
304 220 3 8192 2.000000000 2
304 232 3 8192 2.000000000 2
304 252 3 8192 2.000000000 2
304 276 3 8192 2.000000000 2
304 300 3 8192 2.000000000 2
304 344 3 8192 2.000000000 2
304 364 3 8192 2.000000000 2
304 380 3 8192 2.000000000 2
304 388 3 8192 2.000000000 2
304 408 3 8192 2.000000000 2
304 416 3 8192 2.000000000 2
304 420 3 8192 2.000000000 2
304 428 3 8192 2.000000000 2
304 440 3 8192 2.000000000 2
304 464 3 8192 2.000000000 2
304 472 3 8192 2.000000000 2
304 528 3 8192 2.000000000 2
304 548 3 8192 2.000000000 2
304 560 3 8192 2.000000000 2
304 612 3 8192 2.000000000 2
304 616 3 8192 2.000000000 2
304 640 3 8192 2.000000000 2
304 684 3 8192 2.000000000 2
304 744 3 8192 2.000000000 2
304 760 3 8192 2.000000000 2
304 764 3 8192 2.000000000 2
304 820 3 8192 2.000000000 2
304 828 3 8192 2.000000000 2
304 876 3 8192 2.000000000 2
304 884 3 8192 2.000000000 2
304 896 3 8192 2.000000000 2
304 904 3 8192 2.000000000 2
304 920 3 8192 2.000000000 2
304 924 3 8192 2.000000000 2
304 940 3 8192 2.000000000 2
304 1012 3 8192 2.000000000 2
304 1016 3 8192 2.000000000 2
304 1020 3 8192 2.000000000 2
304 1044 3 8192 2.000000000 2
304 1052 3 8192 2.000000000 2
304 1056 3 8192 2.000000000 2
304 1060 3 8192 2.000000000 2
304 1068 3 8192 2.000000000 2
304 1076 3 8192 2.000000000 2
304 1100 3 8192 2.000000000 2
304 1144 3 8192 2.000000000 2
304 1148 3 8192 2.000000000 2
304 1156 3 8192 2.000000000 2
304 1160 3 8192 2.000000000 2
304 1196 3 8192 2.000000000 2
304 1200 3 8192 2.000000000 2
304 1220 3 8192 2.000000000 2
304 1244 3 8192 2.000000000 2
312 12 3 8192 2.000000000 2
312 72 3 8192 2.000000000 2
312 88 3 8192 2.000000000 2
312 104 3 8192 2.000000000 2
312 116 3 8192 2.000000000 2
312 140 3 8192 2.000000000 2
312 144 3 8192 2.000000000 2
312 152 3 8192 2.000000000 2
312 164 3 8192 2.000000000 2
312 172 3 8192 2.000000000 2
312 196 3 8192 2.000000000 2
312 200 3 8192 2.000000000 2
312 204 3 8192 2.000000000 2
312 232 3 8192 2.000000000 2
312 244 3 8192 2.000000000 2
312 272 3 8192 2.000000000 2
312 304 3 8192 2.000000000 2
312 320 3 8192 2.000000000 2
312 428 3 8192 2.000000000 2
312 432 3 8192 2.000000000 2
312 440 3 8192 2.000000000 2
312 452 3 8192 2.000000000 2
312 468 3 8192 2.000000000 2
312 476 3 8192 2.000000000 2
312 488 3 8192 2.000000000 2
312 524 3 8192 2.000000000 2
312 528 3 8192 2.000000000 2
312 572 3 8192 2.000000000 2
312 604 3 8192 2.000000000 2
312 612 3 8192 2.000000000 2
312 616 3 8192 2.000000000 2
312 644 3 8192 2.000000000 2
312 652 3 8192 2.000000000 2
312 692 3 8192 2.000000000 2
312 740 3 8192 2.000000000 2
312 756 3 8192 2.000000000 2
312 832 3 8192 2.000000000 2
312 844 3 8192 2.000000000 2
312 884 3 8192 2.000000000 2
312 888 3 8192 2.000000000 2
312 896 3 8192 2.000000000 2
312 920 3 8192 2.000000000 2
312 924 3 8192 2.000000000 2
312 964 3 8192 2.000000000 2
312 968 3 8192 2.000000000 2
312 980 3 8192 2.000000000 2
312 1008 3 8192 2.000000000 2
312 1016 3 8192 2.000000000 2
312 1024 3 8192 2.000000000 2
312 1040 3 8192 2.000000000 2
312 1056 3 8192 2.000000000 2
312 1068 3 8192 2.000000000 2
312 1084 3 8192 2.000000000 2
312 1088 3 8192 2.000000000 2
312 1108 3 8192 2.000000000 2
312 1140 3 8192 2.000000000 2
312 1148 3 8192 2.000000000 2
312 1152 3 8192 2.000000000 2
312 1156 3 8192 2.000000000 2
312 1172 3 8192 2.000000000 2
312 1180 3 8192 2.000000000 2
312 1252 3 8192 2.000000000 2
312 1260 3 8192 2.000000000 2
312 1272 3 8192 2.000000000 2
320 52 3 8192 2.000000000 2
320 68 3 8192 2.000000000 2
320 84 3 8192 2.000000000 2
320 96 3 8192 2.000000000 2
320 100 3 8192 2.000000000 2
320 104 3 8192 2.000000000 2
320 212 3 8192 2.000000000 2
320 216 3 8192 2.000000000 2
320 228 3 8192 2.000000000 2
320 260 3 8192 2.000000000 2
320 276 3 8192 2.000000000 2
320 292 3 8192 2.000000000 2
320 312 3 8192 2.000000000 2
320 376 3 8192 2.000000000 2
320 380 3 8192 2.000000000 2
320 384 3 8192 2.000000000 2
320 396 3 8192 2.000000000 2
320 400 3 8192 2.000000000 2
320 408 3 8192 2.000000000 2
320 436 3 8192 2.000000000 2
320 444 3 8192 2.000000000 2
320 468 3 8192 2.000000000 2
320 492 3 8192 2.000000000 2
320 532 3 8192 2.000000000 2
320 544 3 8192 2.000000000 2
320 560 3 8192 2.000000000 2
320 600 3 8192 2.000000000 2
320 604 3 8192 2.000000000 2
320 624 3 8192 2.000000000 2
320 628 3 8192 2.000000000 2
320 632 3 8192 2.000000000 2
320 640 3 8192 2.000000000 2
320 648 3 8192 2.000000000 2
320 652 3 8192 2.000000000 2
320 668 3 8192 2.000000000 2
320 728 3 8192 2.000000000 2
320 736 3 8192 2.000000000 2
320 744 3 8192 2.000000000 2
320 748 3 8192 2.000000000 2
320 768 3 8192 2.000000000 2
320 796 3 8192 2.000000000 2
320 800 3 8192 2.000000000 2
320 808 3 8192 2.000000000 2
320 820 3 8192 2.000000000 2
320 828 3 8192 2.000000000 2
320 832 3 8192 2.000000000 2
320 880 3 8192 2.000000000 2
320 904 3 8192 2.000000000 2
320 912 3 8192 2.000000000 2
320 936 3 8192 2.000000000 2
320 948 3 8192 2.000000000 2
320 964 3 8192 2.000000000 2
320 1040 3 8192 2.000000000 2
320 1060 3 8192 2.000000000 2
320 1072 3 8192 2.000000000 2
320 1076 3 8192 2.000000000 2
320 1096 3 8192 2.000000000 2
320 1120 3 8192 2.000000000 2
320 1156 3 8192 2.000000000 2
320 1188 3 8192 2.000000000 2
320 1192 3 8192 2.000000000 2
320 1200 3 8192 2.000000000 2
320 1204 3 8192 2.000000000 2
320 1260 3 8192 2.000000000 2
324 12 3 8192 2.000000000 2
324 48 3 8192 2.000000000 2
324 52 3 8192 2.000000000 2
324 92 3 8192 2.000000000 2
324 144 3 8192 2.000000000 2
324 152 3 8192 2.000000000 2
324 172 3 8192 2.000000000 2
324 200 3 8192 2.000000000 2
324 240 3 8192 2.000000000 2
324 272 3 8192 2.000000000 2
324 276 3 8192 2.000000000 2
324 304 3 8192 2.000000000 2
324 356 3 8192 2.000000000 2
324 360 3 8192 2.000000000 2
324 364 3 8192 2.000000000 2
324 372 3 8192 2.000000000 2
324 400 3 8192 2.000000000 2
324 404 3 8192 2.000000000 2
324 412 3 8192 2.000000000 2
324 420 3 8192 2.000000000 2
324 460 3 8192 2.000000000 2
324 468 3 8192 2.000000000 2
324 476 3 8192 2.000000000 2
324 484 3 8192 2.000000000 2
324 500 3 8192 2.000000000 2
324 524 3 8192 2.000000000 2
324 552 3 8192 2.000000000 2
324 560 3 8192 2.000000000 2
324 572 3 8192 2.000000000 2
324 584 3 8192 2.000000000 2
324 616 3 8192 2.000000000 2
324 632 3 8192 2.000000000 2
324 648 3 8192 2.000000000 2
324 668 3 8192 2.000000000 2
324 672 3 8192 2.000000000 2
324 708 3 8192 2.000000000 2
324 712 3 8192 2.000000000 2
324 716 3 8192 2.000000000 2
324 736 3 8192 2.000000000 2
324 804 3 8192 2.000000000 2
324 856 3 8192 2.000000000 2
324 884 3 8192 2.000000000 2
324 892 3 8192 2.000000000 2
324 912 3 8192 2.000000000 2
324 924 3 8192 2.000000000 2
324 968 3 8192 2.000000000 2
324 980 3 8192 2.000000000 2
324 1000 3 8192 2.000000000 2
324 1020 3 8192 2.000000000 2
324 1084 3 8192 2.000000000 2
324 1088 3 8192 2.000000000 2
324 1100 3 8192 2.000000000 2
324 1104 3 8192 2.000000000 2
324 1120 3 8192 2.000000000 2
324 1124 3 8192 2.000000000 2
324 1140 3 8192 2.000000000 2
324 1152 3 8192 2.000000000 2
324 1156 3 8192 2.000000000 2
324 1164 3 8192 2.000000000 2
324 1176 3 8192 2.000000000 2
324 1208 3 8192 2.000000000 2
324 1228 3 8192 2.000000000 2
324 1236 3 8192 2.000000000 2
324 1272 3 8192 2.000000000 2
328 0 3 8192 2.000000000 2
328 8 3 8192 2.000000000 2
328 44 3 8192 2.000000000 2
328 72 3 8192 2.000000000 2
328 80 3 8192 2.000000000 2
328 84 3 8192 2.000000000 2
328 92 3 8192 2.000000000 2
328 120 3 8192 2.000000000 2
328 140 3 8192 2.000000000 2
328 156 3 8192 2.000000000 2
328 160 3 8192 2.000000000 2
328 180 3 8192 2.000000000 2
328 324 3 8192 2.000000000 2
328 344 3 8192 2.000000000 2
328 364 3 8192 2.000000000 2
328 372 3 8192 2.000000000 2
328 388 3 8192 2.000000000 2
328 396 3 8192 2.000000000 2
328 404 3 8192 2.000000000 2
328 464 3 8192 2.000000000 2
328 468 3 8192 2.000000000 2
328 472 3 8192 2.000000000 2
328 480 3 8192 2.000000000 2
328 504 3 8192 2.000000000 2
328 544 3 8192 2.000000000 2
328 548 3 8192 2.000000000 2
328 584 3 8192 2.000000000 2
328 596 3 8192 2.000000000 2
328 604 3 8192 2.000000000 2
328 652 3 8192 2.000000000 2
328 712 3 8192 2.000000000 2
328 716 3 8192 2.000000000 2
328 720 3 8192 2.000000000 2
328 728 3 8192 2.000000000 2
328 760 3 8192 2.000000000 2
328 776 3 8192 2.000000000 2
328 784 3 8192 2.000000000 2
328 792 3 8192 2.000000000 2
328 816 3 8192 2.000000000 2
328 880 3 8192 2.000000000 2
328 892 3 8192 2.000000000 2
328 908 3 8192 2.000000000 2
328 924 3 8192 2.000000000 2
328 972 3 8192 2.000000000 2
328 976 3 8192 2.000000000 2
328 1000 3 8192 2.000000000 2
328 1016 3 8192 2.000000000 2
328 1024 3 8192 2.000000000 2
328 1072 3 8192 2.000000000 2
328 1096 3 8192 2.000000000 2
328 1112 3 8192 2.000000000 2
328 1120 3 8192 2.000000000 2
328 1144 3 8192 2.000000000 2
328 1148 3 8192 2.000000000 2
328 1152 3 8192 2.000000000 2
328 1156 3 8192 2.000000000 2
328 1180 3 8192 2.000000000 2
328 1192 3 8192 2.000000000 2
328 1204 3 8192 2.000000000 2
328 1208 3 8192 2.000000000 2
328 1220 3 8192 2.000000000 2
328 1228 3 8192 2.000000000 2
328 1236 3 8192 2.000000000 2
328 1260 3 8192 2.000000000 2
332 28 3 8192 2.000000000 2
332 36 3 8192 2.000000000 2
332 60 3 8192 2.000000000 2
332 68 3 8192 2.000000000 2
332 72 3 8192 2.000000000 2
332 76 3 8192 2.000000000 2
332 92 3 8192 2.000000000 2
332 100 3 8192 2.000000000 2
332 140 3 8192 2.000000000 2
332 144 3 8192 2.000000000 2
332 156 3 8192 2.000000000 2
332 188 3 8192 2.000000000 2
332 196 3 8192 2.000000000 2
332 272 3 8192 2.000000000 2
332 296 3 8192 2.000000000 2
332 304 3 8192 2.000000000 2
332 400 3 8192 2.000000000 2
332 408 3 8192 2.000000000 2
332 412 3 8192 2.000000000 2
332 436 3 8192 2.000000000 2
332 440 3 8192 2.000000000 2
332 480 3 8192 2.000000000 2
332 504 3 8192 2.000000000 2
332 516 3 8192 2.000000000 2
332 524 3 8192 2.000000000 2
332 528 3 8192 2.000000000 2
332 588 3 8192 2.000000000 2
332 612 3 8192 2.000000000 2
332 620 3 8192 2.000000000 2
332 628 3 8192 2.000000000 2
332 632 3 8192 2.000000000 2
332 652 3 8192 2.000000000 2
332 680 3 8192 2.000000000 2
332 732 3 8192 2.000000000 2
332 748 3 8192 2.000000000 2
332 760 3 8192 2.000000000 2
332 792 3 8192 2.000000000 2
332 828 3 8192 2.000000000 2
332 844 3 8192 2.000000000 2
332 852 3 8192 2.000000000 2
332 856 3 8192 2.000000000 2
332 872 3 8192 2.000000000 2
332 876 3 8192 2.000000000 2
332 904 3 8192 2.000000000 2
332 912 3 8192 2.000000000 2
332 920 3 8192 2.000000000 2
332 968 3 8192 2.000000000 2
332 984 3 8192 2.000000000 2
332 1000 3 8192 2.000000000 2
332 1012 3 8192 2.000000000 2
332 1032 3 8192 2.000000000 2
332 1048 3 8192 2.000000000 2
332 1052 3 8192 2.000000000 2
332 1100 3 8192 2.000000000 2
332 1112 3 8192 2.000000000 2
332 1128 3 8192 2.000000000 2
332 1144 3 8192 2.000000000 2
332 1160 3 8192 2.000000000 2
332 1164 3 8192 2.000000000 2
332 1172 3 8192 2.000000000 2
332 1184 3 8192 2.000000000 2
332 1208 3 8192 2.000000000 2
332 1260 3 8192 2.000000000 2
332 1264 3 8192 2.000000000 2
344 32 3 8192 2.000000000 2
344 80 3 8192 2.000000000 2
344 84 3 8192 2.000000000 2
344 96 3 8192 2.000000000 2
344 108 3 8192 2.000000000 2
344 136 3 8192 2.000000000 2
344 144 3 8192 2.000000000 2
344 172 3 8192 2.000000000 2
344 196 3 8192 2.000000000 2
344 200 3 8192 2.000000000 2
344 220 3 8192 2.000000000 2
344 228 3 8192 2.000000000 2
344 244 3 8192 2.000000000 2
344 248 3 8192 2.000000000 2
344 324 3 8192 2.000000000 2
344 328 3 8192 2.000000000 2
344 360 3 8192 2.000000000 2
344 388 3 8192 2.000000000 2
344 416 3 8192 2.000000000 2
344 420 3 8192 2.000000000 2
344 460 3 8192 2.000000000 2
344 484 3 8192 2.000000000 2
344 504 3 8192 2.000000000 2
344 524 3 8192 2.000000000 2
344 572 3 8192 2.000000000 2
344 584 3 8192 2.000000000 2
344 596 3 8192 2.000000000 2
344 636 3 8192 2.000000000 2
344 656 3 8192 2.000000000 2
344 692 3 8192 2.000000000 2
344 708 3 8192 2.000000000 2
344 712 3 8192 2.000000000 2
344 728 3 8192 2.000000000 2
344 736 3 8192 2.000000000 2
344 756 3 8192 2.000000000 2
344 768 3 8192 2.000000000 2
344 784 3 8192 2.000000000 2
344 804 3 8192 2.000000000 2
344 832 3 8192 2.000000000 2
344 836 3 8192 2.000000000 2
344 876 3 8192 2.000000000 2
344 880 3 8192 2.000000000 2
344 904 3 8192 2.000000000 2
344 932 3 8192 2.000000000 2
344 940 3 8192 2.000000000 2
344 980 3 8192 2.000000000 2
344 992 3 8192 2.000000000 2
344 1016 3 8192 2.000000000 2
344 1060 3 8192 2.000000000 2
344 1068 3 8192 2.000000000 2
344 1072 3 8192 2.000000000 2
344 1076 3 8192 2.000000000 2
344 1084 3 8192 2.000000000 2
344 1088 3 8192 2.000000000 2
344 1100 3 8192 2.000000000 2
344 1140 3 8192 2.000000000 2
344 1156 3 8192 2.000000000 2
344 1180 3 8192 2.000000000 2
344 1228 3 8192 2.000000000 2
344 1236 3 8192 2.000000000 2
344 1244 3 8192 2.000000000 2
344 1252 3 8192 2.000000000 2
344 1264 3 8192 2.000000000 2
344 1272 3 8192 2.000000000 2
348 0 3 8192 2.000000000 2
348 48 3 8192 2.000000000 2
348 80 3 8192 2.000000000 2
348 88 3 8192 2.000000000 2
348 92 3 8192 2.000000000 2
348 108 3 8192 2.000000000 2
348 116 3 8192 2.000000000 2
348 136 3 8192 2.000000000 2
348 156 3 8192 2.000000000 2
348 176 3 8192 2.000000000 2
348 180 3 8192 2.000000000 2
348 220 3 8192 2.000000000 2
348 240 3 8192 2.000000000 2
348 244 3 8192 2.000000000 2
348 248 3 8192 2.000000000 2
348 264 3 8192 2.000000000 2
348 276 3 8192 2.000000000 2
348 296 3 8192 2.000000000 2
348 320 3 8192 2.000000000 2
348 328 3 8192 2.000000000 2
348 344 3 8192 2.000000000 2
348 356 3 8192 2.000000000 2
348 360 3 8192 2.000000000 2
348 412 3 8192 2.000000000 2
348 420 3 8192 2.000000000 2
348 432 3 8192 2.000000000 2
348 472 3 8192 2.000000000 2
348 480 3 8192 2.000000000 2
348 484 3 8192 2.000000000 2
348 492 3 8192 2.000000000 2
348 608 3 8192 2.000000000 2
348 620 3 8192 2.000000000 2
348 632 3 8192 2.000000000 2
348 644 3 8192 2.000000000 2
348 656 3 8192 2.000000000 2
348 668 3 8192 2.000000000 2
348 712 3 8192 2.000000000 2
348 740 3 8192 2.000000000 2
348 760 3 8192 2.000000000 2
348 784 3 8192 2.000000000 2
348 824 3 8192 2.000000000 2
348 828 3 8192 2.000000000 2
348 832 3 8192 2.000000000 2
348 844 3 8192 2.000000000 2
348 852 3 8192 2.000000000 2
348 876 3 8192 2.000000000 2
348 880 3 8192 2.000000000 2
348 896 3 8192 2.000000000 2
348 920 3 8192 2.000000000 2
348 932 3 8192 2.000000000 2
348 1016 3 8192 2.000000000 2
348 1040 3 8192 2.000000000 2
348 1072 3 8192 2.000000000 2
348 1100 3 8192 2.000000000 2
348 1104 3 8192 2.000000000 2
348 1120 3 8192 2.000000000 2
348 1140 3 8192 2.000000000 2
348 1152 3 8192 2.000000000 2
348 1172 3 8192 2.000000000 2
348 1212 3 8192 2.000000000 2
348 1216 3 8192 2.000000000 2
348 1220 3 8192 2.000000000 2
348 1240 3 8192 2.000000000 2
348 1248 3 8192 2.000000000 2
356 36 3 8192 2.000000000 2
356 44 3 8192 2.000000000 2
356 72 3 8192 2.000000000 2
356 80 3 8192 2.000000000 2
356 108 3 8192 2.000000000 2
356 144 3 8192 2.000000000 2
356 176 3 8192 2.000000000 2
356 180 3 8192 2.000000000 2
356 224 3 8192 2.000000000 2
356 228 3 8192 2.000000000 2
356 248 3 8192 2.000000000 2
356 252 3 8192 2.000000000 2
356 320 3 8192 2.000000000 2
356 344 3 8192 2.000000000 2
356 372 3 8192 2.000000000 2
356 380 3 8192 2.000000000 2
356 388 3 8192 2.000000000 2
356 396 3 8192 2.000000000 2
356 400 3 8192 2.000000000 2
356 408 3 8192 2.000000000 2
356 420 3 8192 2.000000000 2
356 436 3 8192 2.000000000 2
356 440 3 8192 2.000000000 2
356 444 3 8192 2.000000000 2
356 472 3 8192 2.000000000 2
356 516 3 8192 2.000000000 2
356 548 3 8192 2.000000000 2
356 568 3 8192 2.000000000 2
356 572 3 8192 2.000000000 2
356 580 3 8192 2.000000000 2
356 584 3 8192 2.000000000 2
356 588 3 8192 2.000000000 2
356 600 3 8192 2.000000000 2
356 612 3 8192 2.000000000 2
356 640 3 8192 2.000000000 2
356 652 3 8192 2.000000000 2
356 688 3 8192 2.000000000 2
356 692 3 8192 2.000000000 2
356 700 3 8192 2.000000000 2
356 724 3 8192 2.000000000 2
356 728 3 8192 2.000000000 2
356 748 3 8192 2.000000000 2
356 760 3 8192 2.000000000 2
356 780 3 8192 2.000000000 2
356 808 3 8192 2.000000000 2
356 824 3 8192 2.000000000 2
356 852 3 8192 2.000000000 2
356 876 3 8192 2.000000000 2
356 884 3 8192 2.000000000 2
356 892 3 8192 2.000000000 2
356 908 3 8192 2.000000000 2
356 916 3 8192 2.000000000 2
356 924 3 8192 2.000000000 2
356 976 3 8192 2.000000000 2
356 992 3 8192 2.000000000 2
356 1008 3 8192 2.000000000 2
356 1012 3 8192 2.000000000 2
356 1076 3 8192 2.000000000 2
356 1120 3 8192 2.000000000 2
356 1124 3 8192 2.000000000 2
356 1148 3 8192 2.000000000 2
356 1160 3 8192 2.000000000 2
356 1208 3 8192 2.000000000 2
356 1216 3 8192 2.000000000 2
360 12 3 8192 2.000000000 2
360 48 3 8192 2.000000000 2
360 52 3 8192 2.000000000 2
360 68 3 8192 2.000000000 2
360 76 3 8192 2.000000000 2
360 84 3 8192 2.000000000 2
360 96 3 8192 2.000000000 2
360 100 3 8192 2.000000000 2
360 120 3 8192 2.000000000 2
360 136 3 8192 2.000000000 2
360 220 3 8192 2.000000000 2
360 224 3 8192 2.000000000 2
360 232 3 8192 2.000000000 2
360 244 3 8192 2.000000000 2
360 264 3 8192 2.000000000 2
360 304 3 8192 2.000000000 2
360 332 3 8192 2.000000000 2
360 356 3 8192 2.000000000 2
360 364 3 8192 2.000000000 2
360 388 3 8192 2.000000000 2
360 412 3 8192 2.000000000 2
360 436 3 8192 2.000000000 2
360 444 3 8192 2.000000000 2
360 484 3 8192 2.000000000 2
360 500 3 8192 2.000000000 2
360 520 3 8192 2.000000000 2
360 528 3 8192 2.000000000 2
360 540 3 8192 2.000000000 2
360 568 3 8192 2.000000000 2
360 572 3 8192 2.000000000 2
360 588 3 8192 2.000000000 2
360 628 3 8192 2.000000000 2
360 640 3 8192 2.000000000 2
360 656 3 8192 2.000000000 2
360 672 3 8192 2.000000000 2
360 680 3 8192 2.000000000 2
360 692 3 8192 2.000000000 2
360 720 3 8192 2.000000000 2
360 728 3 8192 2.000000000 2
360 776 3 8192 2.000000000 2
360 800 3 8192 2.000000000 2
360 816 3 8192 2.000000000 2
360 836 3 8192 2.000000000 2
360 888 3 8192 2.000000000 2
360 908 3 8192 2.000000000 2
360 916 3 8192 2.000000000 2
360 932 3 8192 2.000000000 2
360 936 3 8192 2.000000000 2
360 964 3 8192 2.000000000 2
360 972 3 8192 2.000000000 2
360 984 3 8192 2.000000000 2
360 1056 3 8192 2.000000000 2
360 1076 3 8192 2.000000000 2
360 1088 3 8192 2.000000000 2
360 1108 3 8192 2.000000000 2
360 1148 3 8192 2.000000000 2
360 1156 3 8192 2.000000000 2
360 1164 3 8192 2.000000000 2
360 1172 3 8192 2.000000000 2
360 1204 3 8192 2.000000000 2
360 1208 3 8192 2.000000000 2
360 1216 3 8192 2.000000000 2
360 1224 3 8192 2.000000000 2
360 1252 3 8192 2.000000000 2
364 12 3 8192 2.000000000 2
364 52 3 8192 2.000000000 2
364 60 3 8192 2.000000000 2
364 80 3 8192 2.000000000 2
364 104 3 8192 2.000000000 2
364 112 3 8192 2.000000000 2
364 136 3 8192 2.000000000 2
364 188 3 8192 2.000000000 2
364 248 3 8192 2.000000000 2
364 260 3 8192 2.000000000 2
364 276 3 8192 2.000000000 2
364 312 3 8192 2.000000000 2
364 376 3 8192 2.000000000 2
364 400 3 8192 2.000000000 2
364 404 3 8192 2.000000000 2
364 432 3 8192 2.000000000 2
364 440 3 8192 2.000000000 2
364 444 3 8192 2.000000000 2
364 500 3 8192 2.000000000 2
364 528 3 8192 2.000000000 2
364 532 3 8192 2.000000000 2
364 536 3 8192 2.000000000 2
364 552 3 8192 2.000000000 2
364 568 3 8192 2.000000000 2
364 572 3 8192 2.000000000 2
364 576 3 8192 2.000000000 2
364 608 3 8192 2.000000000 2
364 612 3 8192 2.000000000 2
364 628 3 8192 2.000000000 2
364 644 3 8192 2.000000000 2
364 728 3 8192 2.000000000 2
364 744 3 8192 2.000000000 2
364 820 3 8192 2.000000000 2
364 824 3 8192 2.000000000 2
364 828 3 8192 2.000000000 2
364 844 3 8192 2.000000000 2
364 852 3 8192 2.000000000 2
364 884 3 8192 2.000000000 2
364 896 3 8192 2.000000000 2
364 920 3 8192 2.000000000 2
364 924 3 8192 2.000000000 2
364 968 3 8192 2.000000000 2
364 976 3 8192 2.000000000 2
364 984 3 8192 2.000000000 2
364 1012 3 8192 2.000000000 2
364 1016 3 8192 2.000000000 2
364 1044 3 8192 2.000000000 2
364 1052 3 8192 2.000000000 2
364 1076 3 8192 2.000000000 2
364 1084 3 8192 2.000000000 2
364 1088 3 8192 2.000000000 2
364 1100 3 8192 2.000000000 2
364 1144 3 8192 2.000000000 2
364 1148 3 8192 2.000000000 2
364 1172 3 8192 2.000000000 2
364 1192 3 8192 2.000000000 2
364 1196 3 8192 2.000000000 2
364 1212 3 8192 2.000000000 2
364 1220 3 8192 2.000000000 2
364 1236 3 8192 2.000000000 2
364 1252 3 8192 2.000000000 2
364 1256 3 8192 2.000000000 2
364 1272 3 8192 2.000000000 2
364 1276 3 8192 2.000000000 2
372 0 3 8192 2.000000000 2
372 32 3 8192 2.000000000 2
372 36 3 8192 2.000000000 2
372 52 3 8192 2.000000000 2
372 100 3 8192 2.000000000 2
372 104 3 8192 2.000000000 2
372 108 3 8192 2.000000000 2
372 136 3 8192 2.000000000 2
372 152 3 8192 2.000000000 2
372 196 3 8192 2.000000000 2
372 204 3 8192 2.000000000 2
372 208 3 8192 2.000000000 2
372 212 3 8192 2.000000000 2
372 248 3 8192 2.000000000 2
372 304 3 8192 2.000000000 2
372 324 3 8192 2.000000000 2
372 380 3 8192 2.000000000 2
372 384 3 8192 2.000000000 2
372 396 3 8192 2.000000000 2
372 408 3 8192 2.000000000 2
372 412 3 8192 2.000000000 2
372 416 3 8192 2.000000000 2
372 428 3 8192 2.000000000 2
372 432 3 8192 2.000000000 2
372 452 3 8192 2.000000000 2
372 464 3 8192 2.000000000 2
372 476 3 8192 2.000000000 2
372 492 3 8192 2.000000000 2
372 528 3 8192 2.000000000 2
372 560 3 8192 2.000000000 2
372 568 3 8192 2.000000000 2
372 572 3 8192 2.000000000 2
372 608 3 8192 2.000000000 2
372 612 3 8192 2.000000000 2
372 632 3 8192 2.000000000 2
372 668 3 8192 2.000000000 2
372 684 3 8192 2.000000000 2
372 688 3 8192 2.000000000 2
372 700 3 8192 2.000000000 2
372 708 3 8192 2.000000000 2
372 736 3 8192 2.000000000 2
372 740 3 8192 2.000000000 2
372 748 3 8192 2.000000000 2
372 756 3 8192 2.000000000 2
372 776 3 8192 2.000000000 2
372 784 3 8192 2.000000000 2
372 792 3 8192 2.000000000 2
372 844 3 8192 2.000000000 2
372 880 3 8192 2.000000000 2
372 892 3 8192 2.000000000 2
372 912 3 8192 2.000000000 2
372 936 3 8192 2.000000000 2
372 984 3 8192 2.000000000 2
372 1008 3 8192 2.000000000 2
372 1044 3 8192 2.000000000 2
372 1052 3 8192 2.000000000 2
372 1096 3 8192 2.000000000 2
372 1108 3 8192 2.000000000 2
372 1140 3 8192 2.000000000 2
372 1152 3 8192 2.000000000 2
372 1200 3 8192 2.000000000 2
372 1224 3 8192 2.000000000 2
372 1236 3 8192 2.000000000 2
372 1264 3 8192 2.000000000 2
376 36 3 8192 2.000000000 2
376 52 3 8192 2.000000000 2
376 72 3 8192 2.000000000 2
376 92 3 8192 2.000000000 2
376 100 3 8192 2.000000000 2
376 108 3 8192 2.000000000 2
376 140 3 8192 2.000000000 2
376 144 3 8192 2.000000000 2
376 160 3 8192 2.000000000 2
376 264 3 8192 2.000000000 2
376 292 3 8192 2.000000000 2
376 296 3 8192 2.000000000 2
376 312 3 8192 2.000000000 2
376 344 3 8192 2.000000000 2
376 388 3 8192 2.000000000 2
376 396 3 8192 2.000000000 2
376 412 3 8192 2.000000000 2
376 436 3 8192 2.000000000 2
376 476 3 8192 2.000000000 2
376 484 3 8192 2.000000000 2
376 504 3 8192 2.000000000 2
376 520 3 8192 2.000000000 2
376 540 3 8192 2.000000000 2
376 584 3 8192 2.000000000 2
376 604 3 8192 2.000000000 2
376 628 3 8192 2.000000000 2
376 648 3 8192 2.000000000 2
376 656 3 8192 2.000000000 2
376 664 3 8192 2.000000000 2
376 688 3 8192 2.000000000 2
376 692 3 8192 2.000000000 2
376 700 3 8192 2.000000000 2
376 720 3 8192 2.000000000 2
376 724 3 8192 2.000000000 2
376 732 3 8192 2.000000000 2
376 744 3 8192 2.000000000 2
376 756 3 8192 2.000000000 2
376 760 3 8192 2.000000000 2
376 784 3 8192 2.000000000 2
376 792 3 8192 2.000000000 2
376 844 3 8192 2.000000000 2
376 852 3 8192 2.000000000 2
376 856 3 8192 2.000000000 2
376 872 3 8192 2.000000000 2
376 924 3 8192 2.000000000 2
376 936 3 8192 2.000000000 2
376 948 3 8192 2.000000000 2
376 1040 3 8192 2.000000000 2
376 1044 3 8192 2.000000000 2
376 1048 3 8192 2.000000000 2
376 1056 3 8192 2.000000000 2
376 1084 3 8192 2.000000000 2
376 1088 3 8192 2.000000000 2
376 1108 3 8192 2.000000000 2
376 1164 3 8192 2.000000000 2
376 1180 3 8192 2.000000000 2
376 1200 3 8192 2.000000000 2
376 1204 3 8192 2.000000000 2
376 1208 3 8192 2.000000000 2
376 1228 3 8192 2.000000000 2
376 1236 3 8192 2.000000000 2
376 1256 3 8192 2.000000000 2
376 1260 3 8192 2.000000000 2
376 1276 3 8192 2.000000000 2
380 8 3 8192 2.000000000 2
380 36 3 8192 2.000000000 2
380 48 3 8192 2.000000000 2
380 84 3 8192 2.000000000 2
380 92 3 8192 2.000000000 2
380 120 3 8192 2.000000000 2
380 160 3 8192 2.000000000 2
380 172 3 8192 2.000000000 2
380 176 3 8192 2.000000000 2
380 200 3 8192 2.000000000 2
380 216 3 8192 2.000000000 2
380 224 3 8192 2.000000000 2
380 228 3 8192 2.000000000 2
380 244 3 8192 2.000000000 2
380 248 3 8192 2.000000000 2
380 260 3 8192 2.000000000 2
380 276 3 8192 2.000000000 2
380 324 3 8192 2.000000000 2
380 348 3 8192 2.000000000 2
380 356 3 8192 2.000000000 2
380 376 3 8192 2.000000000 2
380 420 3 8192 2.000000000 2
380 484 3 8192 2.000000000 2
380 516 3 8192 2.000000000 2
380 528 3 8192 2.000000000 2
380 544 3 8192 2.000000000 2
380 560 3 8192 2.000000000 2
380 584 3 8192 2.000000000 2
380 604 3 8192 2.000000000 2
380 628 3 8192 2.000000000 2
380 652 3 8192 2.000000000 2
380 672 3 8192 2.000000000 2
380 684 3 8192 2.000000000 2
380 700 3 8192 2.000000000 2
380 728 3 8192 2.000000000 2
380 740 3 8192 2.000000000 2
380 744 3 8192 2.000000000 2
380 760 3 8192 2.000000000 2
380 776 3 8192 2.000000000 2
380 784 3 8192 2.000000000 2
380 800 3 8192 2.000000000 2
380 872 3 8192 2.000000000 2
380 892 3 8192 2.000000000 2
380 896 3 8192 2.000000000 2
380 908 3 8192 2.000000000 2
380 992 3 8192 2.000000000 2
380 1012 3 8192 2.000000000 2
380 1020 3 8192 2.000000000 2
380 1024 3 8192 2.000000000 2
380 1032 3 8192 2.000000000 2
380 1040 3 8192 2.000000000 2
380 1044 3 8192 2.000000000 2
380 1052 3 8192 2.000000000 2
380 1060 3 8192 2.000000000 2
380 1100 3 8192 2.000000000 2
380 1108 3 8192 2.000000000 2
380 1124 3 8192 2.000000000 2
380 1140 3 8192 2.000000000 2
380 1148 3 8192 2.000000000 2
380 1172 3 8192 2.000000000 2
380 1184 3 8192 2.000000000 2
380 1216 3 8192 2.000000000 2
380 1224 3 8192 2.000000000 2
380 1276 3 8192 2.000000000 2
384 4 3 8192 2.000000000 2
384 28 3 8192 2.000000000 2
384 88 3 8192 2.000000000 2
384 108 3 8192 2.000000000 2
384 116 3 8192 2.000000000 2
384 140 3 8192 2.000000000 2
384 156 3 8192 2.000000000 2
384 160 3 8192 2.000000000 2
384 172 3 8192 2.000000000 2
384 180 3 8192 2.000000000 2
384 212 3 8192 2.000000000 2
384 216 3 8192 2.000000000 2
384 220 3 8192 2.000000000 2
384 228 3 8192 2.000000000 2
384 248 3 8192 2.000000000 2
384 296 3 8192 2.000000000 2
384 332 3 8192 2.000000000 2
384 364 3 8192 2.000000000 2
384 372 3 8192 2.000000000 2
384 380 3 8192 2.000000000 2
384 388 3 8192 2.000000000 2
384 452 3 8192 2.000000000 2
384 460 3 8192 2.000000000 2
384 472 3 8192 2.000000000 2
384 484 3 8192 2.000000000 2
384 516 3 8192 2.000000000 2
384 524 3 8192 2.000000000 2
384 528 3 8192 2.000000000 2
384 532 3 8192 2.000000000 2
384 536 3 8192 2.000000000 2
384 544 3 8192 2.000000000 2
384 552 3 8192 2.000000000 2
384 560 3 8192 2.000000000 2
384 652 3 8192 2.000000000 2
384 664 3 8192 2.000000000 2
384 672 3 8192 2.000000000 2
384 700 3 8192 2.000000000 2
384 720 3 8192 2.000000000 2
384 736 3 8192 2.000000000 2
384 816 3 8192 2.000000000 2
384 836 3 8192 2.000000000 2
384 856 3 8192 2.000000000 2
384 880 3 8192 2.000000000 2
384 896 3 8192 2.000000000 2
384 904 3 8192 2.000000000 2
384 912 3 8192 2.000000000 2
384 968 3 8192 2.000000000 2
384 984 3 8192 2.000000000 2
384 1048 3 8192 2.000000000 2
384 1060 3 8192 2.000000000 2
384 1084 3 8192 2.000000000 2
384 1100 3 8192 2.000000000 2
384 1152 3 8192 2.000000000 2
384 1168 3 8192 2.000000000 2
384 1172 3 8192 2.000000000 2
384 1188 3 8192 2.000000000 2
384 1192 3 8192 2.000000000 2
384 1204 3 8192 2.000000000 2
384 1212 3 8192 2.000000000 2
384 1216 3 8192 2.000000000 2
384 1220 3 8192 2.000000000 2
384 1248 3 8192 2.000000000 2
384 1252 3 8192 2.000000000 2
384 1272 3 8192 2.000000000 2
388 4 3 8192 2.000000000 2
388 44 3 8192 2.000000000 2
388 52 3 8192 2.000000000 2
388 68 3 8192 2.000000000 2
388 72 3 8192 2.000000000 2
388 100 3 8192 2.000000000 2
388 108 3 8192 2.000000000 2
388 116 3 8192 2.000000000 2
388 140 3 8192 2.000000000 2
388 156 3 8192 2.000000000 2
388 160 3 8192 2.000000000 2
388 172 3 8192 2.000000000 2
388 176 3 8192 2.000000000 2
388 180 3 8192 2.000000000 2
388 208 3 8192 2.000000000 2
388 220 3 8192 2.000000000 2
388 300 3 8192 2.000000000 2
388 328 3 8192 2.000000000 2
388 364 3 8192 2.000000000 2
388 404 3 8192 2.000000000 2
388 416 3 8192 2.000000000 2
388 460 3 8192 2.000000000 2
388 480 3 8192 2.000000000 2
388 492 3 8192 2.000000000 2
388 504 3 8192 2.000000000 2
388 536 3 8192 2.000000000 2
388 576 3 8192 2.000000000 2
388 588 3 8192 2.000000000 2
388 600 3 8192 2.000000000 2
388 608 3 8192 2.000000000 2
388 616 3 8192 2.000000000 2
388 664 3 8192 2.000000000 2
388 688 3 8192 2.000000000 2
388 712 3 8192 2.000000000 2
388 724 3 8192 2.000000000 2
388 740 3 8192 2.000000000 2
388 756 3 8192 2.000000000 2
388 784 3 8192 2.000000000 2
388 792 3 8192 2.000000000 2
388 796 3 8192 2.000000000 2
388 824 3 8192 2.000000000 2
388 852 3 8192 2.000000000 2
388 876 3 8192 2.000000000 2
388 880 3 8192 2.000000000 2
388 884 3 8192 2.000000000 2
388 896 3 8192 2.000000000 2
388 916 3 8192 2.000000000 2
388 940 3 8192 2.000000000 2
388 976 3 8192 2.000000000 2
388 992 3 8192 2.000000000 2
388 1000 3 8192 2.000000000 2
388 1008 3 8192 2.000000000 2
388 1012 3 8192 2.000000000 2
388 1044 3 8192 2.000000000 2
388 1076 3 8192 2.000000000 2
388 1088 3 8192 2.000000000 2
388 1096 3 8192 2.000000000 2
388 1100 3 8192 2.000000000 2
388 1216 3 8192 2.000000000 2
388 1236 3 8192 2.000000000 2
388 1248 3 8192 2.000000000 2
388 1260 3 8192 2.000000000 2
388 1264 3 8192 2.000000000 2
388 1272 3 8192 2.000000000 2
396 0 3 8192 2.000000000 2
396 4 3 8192 2.000000000 2
396 8 3 8192 2.000000000 2
396 36 3 8192 2.000000000 2
396 48 3 8192 2.000000000 2
396 88 3 8192 2.000000000 2
396 108 3 8192 2.000000000 2
396 156 3 8192 2.000000000 2
396 176 3 8192 2.000000000 2
396 196 3 8192 2.000000000 2
396 200 3 8192 2.000000000 2
396 240 3 8192 2.000000000 2
396 348 3 8192 2.000000000 2
396 364 3 8192 2.000000000 2
396 376 3 8192 2.000000000 2
396 436 3 8192 2.000000000 2
396 480 3 8192 2.000000000 2
396 492 3 8192 2.000000000 2
396 500 3 8192 2.000000000 2
396 516 3 8192 2.000000000 2
396 524 3 8192 2.000000000 2
396 540 3 8192 2.000000000 2
396 544 3 8192 2.000000000 2
396 576 3 8192 2.000000000 2
396 620 3 8192 2.000000000 2
396 640 3 8192 2.000000000 2
396 644 3 8192 2.000000000 2
396 680 3 8192 2.000000000 2
396 728 3 8192 2.000000000 2
396 740 3 8192 2.000000000 2
396 796 3 8192 2.000000000 2
396 820 3 8192 2.000000000 2
396 832 3 8192 2.000000000 2
396 844 3 8192 2.000000000 2
396 872 3 8192 2.000000000 2
396 880 3 8192 2.000000000 2
396 884 3 8192 2.000000000 2
396 888 3 8192 2.000000000 2
396 924 3 8192 2.000000000 2
396 936 3 8192 2.000000000 2
396 948 3 8192 2.000000000 2
396 964 3 8192 2.000000000 2
396 972 3 8192 2.000000000 2
396 980 3 8192 2.000000000 2
396 992 3 8192 2.000000000 2
396 1000 3 8192 2.000000000 2
396 1008 3 8192 2.000000000 2
396 1044 3 8192 2.000000000 2
396 1048 3 8192 2.000000000 2
396 1052 3 8192 2.000000000 2
396 1056 3 8192 2.000000000 2
396 1084 3 8192 2.000000000 2
396 1088 3 8192 2.000000000 2
396 1120 3 8192 2.000000000 2
396 1140 3 8192 2.000000000 2
396 1152 3 8192 2.000000000 2
396 1160 3 8192 2.000000000 2
396 1180 3 8192 2.000000000 2
396 1204 3 8192 2.000000000 2
396 1212 3 8192 2.000000000 2
396 1224 3 8192 2.000000000 2
396 1248 3 8192 2.000000000 2
396 1264 3 8192 2.000000000 2
396 1276 3 8192 2.000000000 2
400 24 3 8192 2.000000000 2
400 36 3 8192 2.000000000 2
400 44 3 8192 2.000000000 2
400 60 3 8192 2.000000000 2
400 112 3 8192 2.000000000 2
400 116 3 8192 2.000000000 2
400 136 3 8192 2.000000000 2
400 152 3 8192 2.000000000 2
400 156 3 8192 2.000000000 2
400 196 3 8192 2.000000000 2
400 200 3 8192 2.000000000 2
400 212 3 8192 2.000000000 2
400 260 3 8192 2.000000000 2
400 292 3 8192 2.000000000 2
400 320 3 8192 2.000000000 2
400 324 3 8192 2.000000000 2
400 348 3 8192 2.000000000 2
400 388 3 8192 2.000000000 2
400 428 3 8192 2.000000000 2
400 452 3 8192 2.000000000 2
400 464 3 8192 2.000000000 2
400 472 3 8192 2.000000000 2
400 504 3 8192 2.000000000 2
400 548 3 8192 2.000000000 2
400 560 3 8192 2.000000000 2
400 608 3 8192 2.000000000 2
400 628 3 8192 2.000000000 2
400 640 3 8192 2.000000000 2
400 648 3 8192 2.000000000 2
400 656 3 8192 2.000000000 2
400 732 3 8192 2.000000000 2
400 736 3 8192 2.000000000 2
400 768 3 8192 2.000000000 2
400 780 3 8192 2.000000000 2
400 792 3 8192 2.000000000 2
400 796 3 8192 2.000000000 2
400 800 3 8192 2.000000000 2
400 828 3 8192 2.000000000 2
400 844 3 8192 2.000000000 2
400 884 3 8192 2.000000000 2
400 904 3 8192 2.000000000 2
400 916 3 8192 2.000000000 2
400 924 3 8192 2.000000000 2
400 972 3 8192 2.000000000 2
400 1008 3 8192 2.000000000 2
400 1016 3 8192 2.000000000 2
400 1044 3 8192 2.000000000 2
400 1072 3 8192 2.000000000 2
400 1076 3 8192 2.000000000 2
400 1084 3 8192 2.000000000 2
400 1112 3 8192 2.000000000 2
400 1140 3 8192 2.000000000 2
400 1168 3 8192 2.000000000 2
400 1172 3 8192 2.000000000 2
400 1188 3 8192 2.000000000 2
400 1192 3 8192 2.000000000 2
400 1204 3 8192 2.000000000 2
400 1220 3 8192 2.000000000 2
400 1224 3 8192 2.000000000 2
400 1228 3 8192 2.000000000 2
400 1236 3 8192 2.000000000 2
400 1240 3 8192 2.000000000 2
400 1248 3 8192 2.000000000 2
400 1276 3 8192 2.000000000 2
404 4 3 8192 2.000000000 2
404 12 3 8192 2.000000000 2
404 28 3 8192 2.000000000 2
404 60 3 8192 2.000000000 2
404 68 3 8192 2.000000000 2
404 140 3 8192 2.000000000 2
404 156 3 8192 2.000000000 2
404 172 3 8192 2.000000000 2
404 212 3 8192 2.000000000 2
404 244 3 8192 2.000000000 2
404 260 3 8192 2.000000000 2
404 304 3 8192 2.000000000 2
404 320 3 8192 2.000000000 2
404 328 3 8192 2.000000000 2
404 360 3 8192 2.000000000 2
404 372 3 8192 2.000000000 2
404 376 3 8192 2.000000000 2
404 388 3 8192 2.000000000 2
404 400 3 8192 2.000000000 2
404 412 3 8192 2.000000000 2
404 416 3 8192 2.000000000 2
404 428 3 8192 2.000000000 2
404 444 3 8192 2.000000000 2
404 460 3 8192 2.000000000 2
404 464 3 8192 2.000000000 2
404 480 3 8192 2.000000000 2
404 484 3 8192 2.000000000 2
404 504 3 8192 2.000000000 2
404 516 3 8192 2.000000000 2
404 552 3 8192 2.000000000 2
404 560 3 8192 2.000000000 2
404 580 3 8192 2.000000000 2
404 604 3 8192 2.000000000 2
404 616 3 8192 2.000000000 2
404 624 3 8192 2.000000000 2
404 636 3 8192 2.000000000 2
404 692 3 8192 2.000000000 2
404 712 3 8192 2.000000000 2
404 716 3 8192 2.000000000 2
404 760 3 8192 2.000000000 2
404 764 3 8192 2.000000000 2
404 800 3 8192 2.000000000 2
404 808 3 8192 2.000000000 2
404 828 3 8192 2.000000000 2
404 832 3 8192 2.000000000 2
404 860 3 8192 2.000000000 2
404 892 3 8192 2.000000000 2
404 936 3 8192 2.000000000 2
404 964 3 8192 2.000000000 2
404 968 3 8192 2.000000000 2
404 984 3 8192 2.000000000 2
404 1012 3 8192 2.000000000 2
404 1020 3 8192 2.000000000 2
404 1044 3 8192 2.000000000 2
404 1140 3 8192 2.000000000 2
404 1148 3 8192 2.000000000 2
404 1160 3 8192 2.000000000 2
404 1164 3 8192 2.000000000 2
404 1224 3 8192 2.000000000 2
404 1228 3 8192 2.000000000 2
404 1236 3 8192 2.000000000 2
404 1260 3 8192 2.000000000 2
404 1264 3 8192 2.000000000 2
404 1276 3 8192 2.000000000 2
408 4 3 8192 2.000000000 2
408 8 3 8192 2.000000000 2
408 32 3 8192 2.000000000 2
408 36 3 8192 2.000000000 2
408 84 3 8192 2.000000000 2
408 88 3 8192 2.000000000 2
408 92 3 8192 2.000000000 2
408 100 3 8192 2.000000000 2
408 136 3 8192 2.000000000 2
408 140 3 8192 2.000000000 2
408 144 3 8192 2.000000000 2
408 172 3 8192 2.000000000 2
408 204 3 8192 2.000000000 2
408 224 3 8192 2.000000000 2
408 248 3 8192 2.000000000 2
408 260 3 8192 2.000000000 2
408 292 3 8192 2.000000000 2
408 324 3 8192 2.000000000 2
408 332 3 8192 2.000000000 2
408 356 3 8192 2.000000000 2
408 376 3 8192 2.000000000 2
408 400 3 8192 2.000000000 2
408 440 3 8192 2.000000000 2
408 464 3 8192 2.000000000 2
408 468 3 8192 2.000000000 2
408 544 3 8192 2.000000000 2
408 552 3 8192 2.000000000 2
408 596 3 8192 2.000000000 2
408 600 3 8192 2.000000000 2
408 636 3 8192 2.000000000 2
408 644 3 8192 2.000000000 2
408 648 3 8192 2.000000000 2
408 664 3 8192 2.000000000 2
408 684 3 8192 2.000000000 2
408 692 3 8192 2.000000000 2
408 708 3 8192 2.000000000 2
408 728 3 8192 2.000000000 2
408 732 3 8192 2.000000000 2
408 736 3 8192 2.000000000 2
408 756 3 8192 2.000000000 2
408 760 3 8192 2.000000000 2
408 764 3 8192 2.000000000 2
408 832 3 8192 2.000000000 2
408 836 3 8192 2.000000000 2
408 844 3 8192 2.000000000 2
408 852 3 8192 2.000000000 2
408 856 3 8192 2.000000000 2
408 872 3 8192 2.000000000 2
408 880 3 8192 2.000000000 2
408 904 3 8192 2.000000000 2
408 932 3 8192 2.000000000 2
408 940 3 8192 2.000000000 2
408 1016 3 8192 2.000000000 2
408 1068 3 8192 2.000000000 2
408 1072 3 8192 2.000000000 2
408 1084 3 8192 2.000000000 2
408 1088 3 8192 2.000000000 2
408 1104 3 8192 2.000000000 2
408 1108 3 8192 2.000000000 2
408 1168 3 8192 2.000000000 2
408 1176 3 8192 2.000000000 2
408 1180 3 8192 2.000000000 2
408 1192 3 8192 2.000000000 2
408 1240 3 8192 2.000000000 2
412 0 3 8192 2.000000000 2
412 28 3 8192 2.000000000 2
412 32 3 8192 2.000000000 2
412 52 3 8192 2.000000000 2
412 80 3 8192 2.000000000 2
412 92 3 8192 2.000000000 2
412 104 3 8192 2.000000000 2
412 164 3 8192 2.000000000 2
412 172 3 8192 2.000000000 2
412 204 3 8192 2.000000000 2
412 212 3 8192 2.000000000 2
412 228 3 8192 2.000000000 2
412 244 3 8192 2.000000000 2
412 260 3 8192 2.000000000 2
412 300 3 8192 2.000000000 2
412 304 3 8192 2.000000000 2
412 320 3 8192 2.000000000 2
412 328 3 8192 2.000000000 2
412 364 3 8192 2.000000000 2
412 436 3 8192 2.000000000 2
412 444 3 8192 2.000000000 2
412 468 3 8192 2.000000000 2
412 472 3 8192 2.000000000 2
412 480 3 8192 2.000000000 2
412 488 3 8192 2.000000000 2
412 492 3 8192 2.000000000 2
412 520 3 8192 2.000000000 2
412 576 3 8192 2.000000000 2
412 580 3 8192 2.000000000 2
412 588 3 8192 2.000000000 2
412 596 3 8192 2.000000000 2
412 600 3 8192 2.000000000 2
412 616 3 8192 2.000000000 2
412 636 3 8192 2.000000000 2
412 648 3 8192 2.000000000 2
412 656 3 8192 2.000000000 2
412 672 3 8192 2.000000000 2
412 736 3 8192 2.000000000 2
412 744 3 8192 2.000000000 2
412 748 3 8192 2.000000000 2
412 784 3 8192 2.000000000 2
412 796 3 8192 2.000000000 2
412 892 3 8192 2.000000000 2
412 912 3 8192 2.000000000 2
412 924 3 8192 2.000000000 2
412 948 3 8192 2.000000000 2
412 964 3 8192 2.000000000 2
412 1000 3 8192 2.000000000 2
412 1012 3 8192 2.000000000 2
412 1088 3 8192 2.000000000 2
412 1096 3 8192 2.000000000 2
412 1160 3 8192 2.000000000 2
412 1164 3 8192 2.000000000 2
412 1172 3 8192 2.000000000 2
412 1180 3 8192 2.000000000 2
412 1184 3 8192 2.000000000 2
412 1200 3 8192 2.000000000 2
412 1208 3 8192 2.000000000 2
412 1212 3 8192 2.000000000 2
412 1216 3 8192 2.000000000 2
412 1220 3 8192 2.000000000 2
412 1244 3 8192 2.000000000 2
412 1260 3 8192 2.000000000 2
412 1264 3 8192 2.000000000 2
416 0 3 8192 2.000000000 2
416 12 3 8192 2.000000000 2
416 32 3 8192 2.000000000 2
416 48 3 8192 2.000000000 2
416 68 3 8192 2.000000000 2
416 72 3 8192 2.000000000 2
416 76 3 8192 2.000000000 2
416 100 3 8192 2.000000000 2
416 116 3 8192 2.000000000 2
416 140 3 8192 2.000000000 2
416 160 3 8192 2.000000000 2
416 172 3 8192 2.000000000 2
416 204 3 8192 2.000000000 2
416 208 3 8192 2.000000000 2
416 212 3 8192 2.000000000 2
416 260 3 8192 2.000000000 2
416 292 3 8192 2.000000000 2
416 304 3 8192 2.000000000 2
416 380 3 8192 2.000000000 2
416 388 3 8192 2.000000000 2
416 444 3 8192 2.000000000 2
416 472 3 8192 2.000000000 2
416 504 3 8192 2.000000000 2
416 516 3 8192 2.000000000 2
416 520 3 8192 2.000000000 2
416 548 3 8192 2.000000000 2
416 568 3 8192 2.000000000 2
416 588 3 8192 2.000000000 2
416 620 3 8192 2.000000000 2
416 624 3 8192 2.000000000 2
416 632 3 8192 2.000000000 2
416 644 3 8192 2.000000000 2
416 700 3 8192 2.000000000 2
416 708 3 8192 2.000000000 2
416 712 3 8192 2.000000000 2
416 724 3 8192 2.000000000 2
416 756 3 8192 2.000000000 2
416 768 3 8192 2.000000000 2
416 776 3 8192 2.000000000 2
416 784 3 8192 2.000000000 2
416 792 3 8192 2.000000000 2
416 816 3 8192 2.000000000 2
416 820 3 8192 2.000000000 2
416 836 3 8192 2.000000000 2
416 856 3 8192 2.000000000 2
416 876 3 8192 2.000000000 2
416 892 3 8192 2.000000000 2
416 904 3 8192 2.000000000 2
416 936 3 8192 2.000000000 2
416 940 3 8192 2.000000000 2
416 968 3 8192 2.000000000 2
416 976 3 8192 2.000000000 2
416 984 3 8192 2.000000000 2
416 1000 3 8192 2.000000000 2
416 1040 3 8192 2.000000000 2
416 1060 3 8192 2.000000000 2
416 1068 3 8192 2.000000000 2
416 1100 3 8192 2.000000000 2
416 1140 3 8192 2.000000000 2
416 1172 3 8192 2.000000000 2
416 1200 3 8192 2.000000000 2
416 1240 3 8192 2.000000000 2
416 1244 3 8192 2.000000000 2
416 1252 3 8192 2.000000000 2
420 4 3 8192 2.000000000 2
420 8 3 8192 2.000000000 2
420 28 3 8192 2.000000000 2
420 44 3 8192 2.000000000 2
420 52 3 8192 2.000000000 2
420 72 3 8192 2.000000000 2
420 84 3 8192 2.000000000 2
420 136 3 8192 2.000000000 2
420 164 3 8192 2.000000000 2
420 172 3 8192 2.000000000 2
420 180 3 8192 2.000000000 2
420 204 3 8192 2.000000000 2
420 208 3 8192 2.000000000 2
420 212 3 8192 2.000000000 2
420 228 3 8192 2.000000000 2
420 236 3 8192 2.000000000 2
420 248 3 8192 2.000000000 2
420 252 3 8192 2.000000000 2
420 260 3 8192 2.000000000 2
420 296 3 8192 2.000000000 2
420 324 3 8192 2.000000000 2
420 356 3 8192 2.000000000 2
420 364 3 8192 2.000000000 2
420 440 3 8192 2.000000000 2
420 468 3 8192 2.000000000 2
420 472 3 8192 2.000000000 2
420 532 3 8192 2.000000000 2
420 540 3 8192 2.000000000 2
420 544 3 8192 2.000000000 2
420 548 3 8192 2.000000000 2
420 560 3 8192 2.000000000 2
420 568 3 8192 2.000000000 2
420 572 3 8192 2.000000000 2
420 580 3 8192 2.000000000 2
420 596 3 8192 2.000000000 2
420 612 3 8192 2.000000000 2
420 668 3 8192 2.000000000 2
420 700 3 8192 2.000000000 2
420 712 3 8192 2.000000000 2
420 728 3 8192 2.000000000 2
420 736 3 8192 2.000000000 2
420 776 3 8192 2.000000000 2
420 780 3 8192 2.000000000 2
420 792 3 8192 2.000000000 2
420 796 3 8192 2.000000000 2
420 820 3 8192 2.000000000 2
420 880 3 8192 2.000000000 2
420 916 3 8192 2.000000000 2
420 924 3 8192 2.000000000 2
420 972 3 8192 2.000000000 2
420 1000 3 8192 2.000000000 2
420 1032 3 8192 2.000000000 2
420 1040 3 8192 2.000000000 2
420 1048 3 8192 2.000000000 2
420 1084 3 8192 2.000000000 2
420 1096 3 8192 2.000000000 2
420 1100 3 8192 2.000000000 2
420 1156 3 8192 2.000000000 2
420 1160 3 8192 2.000000000 2
420 1164 3 8192 2.000000000 2
420 1180 3 8192 2.000000000 2
420 1236 3 8192 2.000000000 2
420 1240 3 8192 2.000000000 2
420 1256 3 8192 2.000000000 2
428 24 3 8192 2.000000000 2
428 60 3 8192 2.000000000 2
428 68 3 8192 2.000000000 2
428 88 3 8192 2.000000000 2
428 104 3 8192 2.000000000 2
428 116 3 8192 2.000000000 2
428 120 3 8192 2.000000000 2
428 156 3 8192 2.000000000 2
428 164 3 8192 2.000000000 2
428 180 3 8192 2.000000000 2
428 204 3 8192 2.000000000 2
428 228 3 8192 2.000000000 2
428 232 3 8192 2.000000000 2
428 236 3 8192 2.000000000 2
428 300 3 8192 2.000000000 2
428 312 3 8192 2.000000000 2
428 324 3 8192 2.000000000 2
428 348 3 8192 2.000000000 2
428 364 3 8192 2.000000000 2
428 408 3 8192 2.000000000 2
428 432 3 8192 2.000000000 2
428 436 3 8192 2.000000000 2
428 444 3 8192 2.000000000 2
428 464 3 8192 2.000000000 2
428 468 3 8192 2.000000000 2
428 472 3 8192 2.000000000 2
428 540 3 8192 2.000000000 2
428 544 3 8192 2.000000000 2
428 548 3 8192 2.000000000 2
428 580 3 8192 2.000000000 2
428 608 3 8192 2.000000000 2
428 624 3 8192 2.000000000 2
428 632 3 8192 2.000000000 2
428 684 3 8192 2.000000000 2
428 688 3 8192 2.000000000 2
428 708 3 8192 2.000000000 2
428 732 3 8192 2.000000000 2
428 736 3 8192 2.000000000 2
428 748 3 8192 2.000000000 2
428 760 3 8192 2.000000000 2
428 764 3 8192 2.000000000 2
428 784 3 8192 2.000000000 2
428 800 3 8192 2.000000000 2
428 824 3 8192 2.000000000 2
428 832 3 8192 2.000000000 2
428 888 3 8192 2.000000000 2
428 912 3 8192 2.000000000 2
428 916 3 8192 2.000000000 2
428 980 3 8192 2.000000000 2
428 1044 3 8192 2.000000000 2
428 1056 3 8192 2.000000000 2
428 1060 3 8192 2.000000000 2
428 1124 3 8192 2.000000000 2
428 1152 3 8192 2.000000000 2
428 1168 3 8192 2.000000000 2
428 1172 3 8192 2.000000000 2
428 1176 3 8192 2.000000000 2
428 1192 3 8192 2.000000000 2
428 1224 3 8192 2.000000000 2
428 1244 3 8192 2.000000000 2
428 1252 3 8192 2.000000000 2
428 1256 3 8192 2.000000000 2
428 1260 3 8192 2.000000000 2
428 1264 3 8192 2.000000000 2
432 0 3 8192 2.000000000 2
432 12 3 8192 2.000000000 2
432 24 3 8192 2.000000000 2
432 28 3 8192 2.000000000 2
432 44 3 8192 2.000000000 2
432 48 3 8192 2.000000000 2
432 80 3 8192 2.000000000 2
432 84 3 8192 2.000000000 2
432 104 3 8192 2.000000000 2
432 108 3 8192 2.000000000 2
432 116 3 8192 2.000000000 2
432 156 3 8192 2.000000000 2
432 172 3 8192 2.000000000 2
432 176 3 8192 2.000000000 2
432 196 3 8192 2.000000000 2
432 208 3 8192 2.000000000 2
432 292 3 8192 2.000000000 2
432 328 3 8192 2.000000000 2
432 344 3 8192 2.000000000 2
432 372 3 8192 2.000000000 2
432 396 3 8192 2.000000000 2
432 460 3 8192 2.000000000 2
432 476 3 8192 2.000000000 2
432 540 3 8192 2.000000000 2
432 544 3 8192 2.000000000 2
432 572 3 8192 2.000000000 2
432 580 3 8192 2.000000000 2
432 584 3 8192 2.000000000 2
432 588 3 8192 2.000000000 2
432 636 3 8192 2.000000000 2
432 652 3 8192 2.000000000 2
432 664 3 8192 2.000000000 2
432 672 3 8192 2.000000000 2
432 680 3 8192 2.000000000 2
432 692 3 8192 2.000000000 2
432 712 3 8192 2.000000000 2
432 804 3 8192 2.000000000 2
432 824 3 8192 2.000000000 2
432 836 3 8192 2.000000000 2
432 844 3 8192 2.000000000 2
432 856 3 8192 2.000000000 2
432 888 3 8192 2.000000000 2
432 904 3 8192 2.000000000 2
432 908 3 8192 2.000000000 2
432 936 3 8192 2.000000000 2
432 968 3 8192 2.000000000 2
432 984 3 8192 2.000000000 2
432 1008 3 8192 2.000000000 2
432 1012 3 8192 2.000000000 2
432 1052 3 8192 2.000000000 2
432 1076 3 8192 2.000000000 2
432 1088 3 8192 2.000000000 2
432 1104 3 8192 2.000000000 2
432 1128 3 8192 2.000000000 2
432 1148 3 8192 2.000000000 2
432 1156 3 8192 2.000000000 2
432 1160 3 8192 2.000000000 2
432 1164 3 8192 2.000000000 2
432 1172 3 8192 2.000000000 2
432 1180 3 8192 2.000000000 2
432 1236 3 8192 2.000000000 2
432 1240 3 8192 2.000000000 2
432 1248 3 8192 2.000000000 2
432 1264 3 8192 2.000000000 2
436 4 3 8192 2.000000000 2
436 44 3 8192 2.000000000 2
436 68 3 8192 2.000000000 2
436 100 3 8192 2.000000000 2
436 112 3 8192 2.000000000 2
436 120 3 8192 2.000000000 2
436 152 3 8192 2.000000000 2
436 216 3 8192 2.000000000 2
436 220 3 8192 2.000000000 2
436 232 3 8192 2.000000000 2
436 260 3 8192 2.000000000 2
436 272 3 8192 2.000000000 2
436 328 3 8192 2.000000000 2
436 356 3 8192 2.000000000 2
436 360 3 8192 2.000000000 2
436 372 3 8192 2.000000000 2
436 384 3 8192 2.000000000 2
436 412 3 8192 2.000000000 2
436 444 3 8192 2.000000000 2
436 452 3 8192 2.000000000 2
436 480 3 8192 2.000000000 2
436 484 3 8192 2.000000000 2
436 500 3 8192 2.000000000 2
436 524 3 8192 2.000000000 2
436 528 3 8192 2.000000000 2
436 560 3 8192 2.000000000 2
436 572 3 8192 2.000000000 2
436 576 3 8192 2.000000000 2
436 584 3 8192 2.000000000 2
436 596 3 8192 2.000000000 2
436 616 3 8192 2.000000000 2
436 680 3 8192 2.000000000 2
436 700 3 8192 2.000000000 2
436 712 3 8192 2.000000000 2
436 720 3 8192 2.000000000 2
436 728 3 8192 2.000000000 2
436 732 3 8192 2.000000000 2
436 740 3 8192 2.000000000 2
436 756 3 8192 2.000000000 2
436 768 3 8192 2.000000000 2
436 800 3 8192 2.000000000 2
436 816 3 8192 2.000000000 2
436 856 3 8192 2.000000000 2
436 880 3 8192 2.000000000 2
436 892 3 8192 2.000000000 2
436 908 3 8192 2.000000000 2
436 932 3 8192 2.000000000 2
436 940 3 8192 2.000000000 2
436 948 3 8192 2.000000000 2
436 1016 3 8192 2.000000000 2
436 1024 3 8192 2.000000000 2
436 1048 3 8192 2.000000000 2
436 1084 3 8192 2.000000000 2
436 1096 3 8192 2.000000000 2
436 1100 3 8192 2.000000000 2
436 1140 3 8192 2.000000000 2
436 1168 3 8192 2.000000000 2
436 1176 3 8192 2.000000000 2
436 1192 3 8192 2.000000000 2
436 1196 3 8192 2.000000000 2
436 1216 3 8192 2.000000000 2
436 1236 3 8192 2.000000000 2
436 1248 3 8192 2.000000000 2
436 1272 3 8192 2.000000000 2
440 12 3 8192 2.000000000 2
440 72 3 8192 2.000000000 2
440 84 3 8192 2.000000000 2
440 104 3 8192 2.000000000 2
440 108 3 8192 2.000000000 2
440 112 3 8192 2.000000000 2
440 116 3 8192 2.000000000 2
440 120 3 8192 2.000000000 2
440 140 3 8192 2.000000000 2
440 152 3 8192 2.000000000 2
440 160 3 8192 2.000000000 2
440 172 3 8192 2.000000000 2
440 176 3 8192 2.000000000 2
440 180 3 8192 2.000000000 2
440 196 3 8192 2.000000000 2
440 200 3 8192 2.000000000 2
440 208 3 8192 2.000000000 2
440 216 3 8192 2.000000000 2
440 240 3 8192 2.000000000 2
440 252 3 8192 2.000000000 2
440 276 3 8192 2.000000000 2
440 296 3 8192 2.000000000 2
440 304 3 8192 2.000000000 2
440 312 3 8192 2.000000000 2
440 376 3 8192 2.000000000 2
440 380 3 8192 2.000000000 2
440 432 3 8192 2.000000000 2
440 452 3 8192 2.000000000 2
440 464 3 8192 2.000000000 2
440 476 3 8192 2.000000000 2
440 504 3 8192 2.000000000 2
440 524 3 8192 2.000000000 2
440 540 3 8192 2.000000000 2
440 596 3 8192 2.000000000 2
440 600 3 8192 2.000000000 2
440 604 3 8192 2.000000000 2
440 672 3 8192 2.000000000 2
440 700 3 8192 2.000000000 2
440 740 3 8192 2.000000000 2
440 780 3 8192 2.000000000 2
440 796 3 8192 2.000000000 2
440 804 3 8192 2.000000000 2
440 828 3 8192 2.000000000 2
440 844 3 8192 2.000000000 2
440 852 3 8192 2.000000000 2
440 856 3 8192 2.000000000 2
440 860 3 8192 2.000000000 2
440 876 3 8192 2.000000000 2
440 948 3 8192 2.000000000 2
440 980 3 8192 2.000000000 2
440 1000 3 8192 2.000000000 2
440 1008 3 8192 2.000000000 2
440 1040 3 8192 2.000000000 2
440 1052 3 8192 2.000000000 2
440 1068 3 8192 2.000000000 2
440 1088 3 8192 2.000000000 2
440 1108 3 8192 2.000000000 2
440 1164 3 8192 2.000000000 2
440 1176 3 8192 2.000000000 2
440 1180 3 8192 2.000000000 2
440 1188 3 8192 2.000000000 2
440 1204 3 8192 2.000000000 2
440 1264 3 8192 2.000000000 2
440 1276 3 8192 2.000000000 2
444 8 3 8192 2.000000000 2
444 44 3 8192 2.000000000 2
444 68 3 8192 2.000000000 2
444 76 3 8192 2.000000000 2
444 88 3 8192 2.000000000 2
444 96 3 8192 2.000000000 2
444 100 3 8192 2.000000000 2
444 136 3 8192 2.000000000 2
444 140 3 8192 2.000000000 2
444 144 3 8192 2.000000000 2
444 152 3 8192 2.000000000 2
444 204 3 8192 2.000000000 2
444 228 3 8192 2.000000000 2
444 236 3 8192 2.000000000 2
444 244 3 8192 2.000000000 2
444 252 3 8192 2.000000000 2
444 276 3 8192 2.000000000 2
444 356 3 8192 2.000000000 2
444 364 3 8192 2.000000000 2
444 372 3 8192 2.000000000 2
444 408 3 8192 2.000000000 2
444 460 3 8192 2.000000000 2
444 468 3 8192 2.000000000 2
444 500 3 8192 2.000000000 2
444 524 3 8192 2.000000000 2
444 528 3 8192 2.000000000 2
444 532 3 8192 2.000000000 2
444 536 3 8192 2.000000000 2
444 548 3 8192 2.000000000 2
444 568 3 8192 2.000000000 2
444 580 3 8192 2.000000000 2
444 636 3 8192 2.000000000 2
444 652 3 8192 2.000000000 2
444 688 3 8192 2.000000000 2
444 692 3 8192 2.000000000 2
444 720 3 8192 2.000000000 2
444 740 3 8192 2.000000000 2
444 768 3 8192 2.000000000 2
444 776 3 8192 2.000000000 2
444 780 3 8192 2.000000000 2
444 800 3 8192 2.000000000 2
444 820 3 8192 2.000000000 2
444 836 3 8192 2.000000000 2
444 872 3 8192 2.000000000 2
444 948 3 8192 2.000000000 2
444 964 3 8192 2.000000000 2
444 972 3 8192 2.000000000 2
444 1032 3 8192 2.000000000 2
444 1040 3 8192 2.000000000 2
444 1044 3 8192 2.000000000 2
444 1048 3 8192 2.000000000 2
444 1056 3 8192 2.000000000 2
444 1072 3 8192 2.000000000 2
444 1088 3 8192 2.000000000 2
444 1096 3 8192 2.000000000 2
444 1128 3 8192 2.000000000 2
444 1160 3 8192 2.000000000 2
444 1196 3 8192 2.000000000 2
444 1200 3 8192 2.000000000 2
444 1224 3 8192 2.000000000 2
444 1236 3 8192 2.000000000 2
444 1240 3 8192 2.000000000 2
444 1260 3 8192 2.000000000 2
444 1272 3 8192 2.000000000 2
452 28 3 8192 2.000000000 2
452 52 3 8192 2.000000000 2
452 68 3 8192 2.000000000 2
452 84 3 8192 2.000000000 2
452 88 3 8192 2.000000000 2
452 96 3 8192 2.000000000 2
452 104 3 8192 2.000000000 2
452 140 3 8192 2.000000000 2
452 144 3 8192 2.000000000 2
452 152 3 8192 2.000000000 2
452 160 3 8192 2.000000000 2
452 164 3 8192 2.000000000 2
452 200 3 8192 2.000000000 2
452 212 3 8192 2.000000000 2
452 224 3 8192 2.000000000 2
452 232 3 8192 2.000000000 2
452 252 3 8192 2.000000000 2
452 260 3 8192 2.000000000 2
452 264 3 8192 2.000000000 2
452 272 3 8192 2.000000000 2
452 276 3 8192 2.000000000 2
452 292 3 8192 2.000000000 2
452 364 3 8192 2.000000000 2
452 388 3 8192 2.000000000 2
452 396 3 8192 2.000000000 2
452 440 3 8192 2.000000000 2
452 472 3 8192 2.000000000 2
452 488 3 8192 2.000000000 2
452 528 3 8192 2.000000000 2
452 536 3 8192 2.000000000 2
452 544 3 8192 2.000000000 2
452 548 3 8192 2.000000000 2
452 572 3 8192 2.000000000 2
452 576 3 8192 2.000000000 2
452 620 3 8192 2.000000000 2
452 644 3 8192 2.000000000 2
452 672 3 8192 2.000000000 2
452 680 3 8192 2.000000000 2
452 688 3 8192 2.000000000 2
452 720 3 8192 2.000000000 2
452 736 3 8192 2.000000000 2
452 740 3 8192 2.000000000 2
452 768 3 8192 2.000000000 2
452 776 3 8192 2.000000000 2
452 784 3 8192 2.000000000 2
452 800 3 8192 2.000000000 2
452 816 3 8192 2.000000000 2
452 844 3 8192 2.000000000 2
452 876 3 8192 2.000000000 2
452 920 3 8192 2.000000000 2
452 976 3 8192 2.000000000 2
452 1024 3 8192 2.000000000 2
452 1120 3 8192 2.000000000 2
452 1148 3 8192 2.000000000 2
452 1152 3 8192 2.000000000 2
452 1156 3 8192 2.000000000 2
452 1160 3 8192 2.000000000 2
452 1188 3 8192 2.000000000 2
452 1208 3 8192 2.000000000 2
452 1224 3 8192 2.000000000 2
452 1252 3 8192 2.000000000 2
452 1264 3 8192 2.000000000 2
452 1272 3 8192 2.000000000 2
452 1276 3 8192 2.000000000 2
460 0 3 8192 2.000000000 2
460 8 3 8192 2.000000000 2
460 24 3 8192 2.000000000 2
460 32 3 8192 2.000000000 2
460 36 3 8192 2.000000000 2
460 76 3 8192 2.000000000 2
460 80 3 8192 2.000000000 2
460 100 3 8192 2.000000000 2
460 156 3 8192 2.000000000 2
460 160 3 8192 2.000000000 2
460 196 3 8192 2.000000000 2
460 200 3 8192 2.000000000 2
460 208 3 8192 2.000000000 2
460 252 3 8192 2.000000000 2
460 260 3 8192 2.000000000 2
460 296 3 8192 2.000000000 2
460 304 3 8192 2.000000000 2
460 324 3 8192 2.000000000 2
460 328 3 8192 2.000000000 2
460 332 3 8192 2.000000000 2
460 348 3 8192 2.000000000 2
460 356 3 8192 2.000000000 2
460 376 3 8192 2.000000000 2
460 440 3 8192 2.000000000 2
460 444 3 8192 2.000000000 2
460 452 3 8192 2.000000000 2
460 464 3 8192 2.000000000 2
460 520 3 8192 2.000000000 2
460 524 3 8192 2.000000000 2
460 552 3 8192 2.000000000 2
460 572 3 8192 2.000000000 2
460 576 3 8192 2.000000000 2
460 580 3 8192 2.000000000 2
460 584 3 8192 2.000000000 2
460 588 3 8192 2.000000000 2
460 596 3 8192 2.000000000 2
460 640 3 8192 2.000000000 2
460 684 3 8192 2.000000000 2
460 688 3 8192 2.000000000 2
460 692 3 8192 2.000000000 2
460 756 3 8192 2.000000000 2
460 792 3 8192 2.000000000 2
460 800 3 8192 2.000000000 2
460 876 3 8192 2.000000000 2
460 896 3 8192 2.000000000 2
460 904 3 8192 2.000000000 2
460 908 3 8192 2.000000000 2
460 912 3 8192 2.000000000 2
460 932 3 8192 2.000000000 2
460 948 3 8192 2.000000000 2
460 964 3 8192 2.000000000 2
460 972 3 8192 2.000000000 2
460 1020 3 8192 2.000000000 2
460 1024 3 8192 2.000000000 2
460 1040 3 8192 2.000000000 2
460 1044 3 8192 2.000000000 2
460 1048 3 8192 2.000000000 2
460 1148 3 8192 2.000000000 2
460 1180 3 8192 2.000000000 2
460 1184 3 8192 2.000000000 2
460 1240 3 8192 2.000000000 2
460 1244 3 8192 2.000000000 2
460 1256 3 8192 2.000000000 2
460 1264 3 8192 2.000000000 2
464 8 3 8192 2.000000000 2
464 12 3 8192 2.000000000 2
464 68 3 8192 2.000000000 2
464 84 3 8192 2.000000000 2
464 96 3 8192 2.000000000 2
464 108 3 8192 2.000000000 2
464 144 3 8192 2.000000000 2
464 152 3 8192 2.000000000 2
464 180 3 8192 2.000000000 2
464 196 3 8192 2.000000000 2
464 204 3 8192 2.000000000 2
464 232 3 8192 2.000000000 2
464 240 3 8192 2.000000000 2
464 296 3 8192 2.000000000 2
464 348 3 8192 2.000000000 2
464 364 3 8192 2.000000000 2
464 372 3 8192 2.000000000 2
464 384 3 8192 2.000000000 2
464 404 3 8192 2.000000000 2
464 416 3 8192 2.000000000 2
464 428 3 8192 2.000000000 2
464 468 3 8192 2.000000000 2
464 520 3 8192 2.000000000 2
464 572 3 8192 2.000000000 2
464 576 3 8192 2.000000000 2
464 580 3 8192 2.000000000 2
464 584 3 8192 2.000000000 2
464 612 3 8192 2.000000000 2
464 624 3 8192 2.000000000 2
464 648 3 8192 2.000000000 2
464 652 3 8192 2.000000000 2
464 656 3 8192 2.000000000 2
464 664 3 8192 2.000000000 2
464 692 3 8192 2.000000000 2
464 708 3 8192 2.000000000 2
464 716 3 8192 2.000000000 2
464 744 3 8192 2.000000000 2
464 756 3 8192 2.000000000 2
464 800 3 8192 2.000000000 2
464 844 3 8192 2.000000000 2
464 852 3 8192 2.000000000 2
464 880 3 8192 2.000000000 2
464 884 3 8192 2.000000000 2
464 888 3 8192 2.000000000 2
464 924 3 8192 2.000000000 2
464 940 3 8192 2.000000000 2
464 1008 3 8192 2.000000000 2
464 1012 3 8192 2.000000000 2
464 1032 3 8192 2.000000000 2
464 1072 3 8192 2.000000000 2
464 1096 3 8192 2.000000000 2
464 1120 3 8192 2.000000000 2
464 1128 3 8192 2.000000000 2
464 1156 3 8192 2.000000000 2
464 1160 3 8192 2.000000000 2
464 1180 3 8192 2.000000000 2
464 1184 3 8192 2.000000000 2
464 1188 3 8192 2.000000000 2
464 1192 3 8192 2.000000000 2
464 1200 3 8192 2.000000000 2
464 1204 3 8192 2.000000000 2
464 1252 3 8192 2.000000000 2
464 1260 3 8192 2.000000000 2
464 1276 3 8192 2.000000000 2
468 24 3 8192 2.000000000 2
468 52 3 8192 2.000000000 2
468 84 3 8192 2.000000000 2
468 88 3 8192 2.000000000 2
468 92 3 8192 2.000000000 2
468 104 3 8192 2.000000000 2
468 120 3 8192 2.000000000 2
468 140 3 8192 2.000000000 2
468 176 3 8192 2.000000000 2
468 180 3 8192 2.000000000 2
468 212 3 8192 2.000000000 2
468 232 3 8192 2.000000000 2
468 240 3 8192 2.000000000 2
468 252 3 8192 2.000000000 2
468 276 3 8192 2.000000000 2
468 304 3 8192 2.000000000 2
468 324 3 8192 2.000000000 2
468 344 3 8192 2.000000000 2
468 364 3 8192 2.000000000 2
468 372 3 8192 2.000000000 2
468 376 3 8192 2.000000000 2
468 400 3 8192 2.000000000 2
468 412 3 8192 2.000000000 2
468 436 3 8192 2.000000000 2
468 440 3 8192 2.000000000 2
468 444 3 8192 2.000000000 2
468 472 3 8192 2.000000000 2
468 480 3 8192 2.000000000 2
468 484 3 8192 2.000000000 2
468 488 3 8192 2.000000000 2
468 492 3 8192 2.000000000 2
468 524 3 8192 2.000000000 2
468 532 3 8192 2.000000000 2
468 572 3 8192 2.000000000 2
468 608 3 8192 2.000000000 2
468 628 3 8192 2.000000000 2
468 656 3 8192 2.000000000 2
468 724 3 8192 2.000000000 2
468 736 3 8192 2.000000000 2
468 776 3 8192 2.000000000 2
468 784 3 8192 2.000000000 2
468 804 3 8192 2.000000000 2
468 844 3 8192 2.000000000 2
468 876 3 8192 2.000000000 2
468 892 3 8192 2.000000000 2
468 904 3 8192 2.000000000 2
468 932 3 8192 2.000000000 2
468 940 3 8192 2.000000000 2
468 948 3 8192 2.000000000 2
468 964 3 8192 2.000000000 2
468 968 3 8192 2.000000000 2
468 976 3 8192 2.000000000 2
468 992 3 8192 2.000000000 2
468 1016 3 8192 2.000000000 2
468 1060 3 8192 2.000000000 2
468 1096 3 8192 2.000000000 2
468 1100 3 8192 2.000000000 2
468 1120 3 8192 2.000000000 2
468 1152 3 8192 2.000000000 2
468 1180 3 8192 2.000000000 2
468 1188 3 8192 2.000000000 2
468 1204 3 8192 2.000000000 2
468 1212 3 8192 2.000000000 2
468 1216 3 8192 2.000000000 2
472 24 3 8192 2.000000000 2
472 32 3 8192 2.000000000 2
472 36 3 8192 2.000000000 2
472 68 3 8192 2.000000000 2
472 72 3 8192 2.000000000 2
472 88 3 8192 2.000000000 2
472 104 3 8192 2.000000000 2
472 120 3 8192 2.000000000 2
472 140 3 8192 2.000000000 2
472 152 3 8192 2.000000000 2
472 156 3 8192 2.000000000 2
472 160 3 8192 2.000000000 2
472 188 3 8192 2.000000000 2
472 200 3 8192 2.000000000 2
472 208 3 8192 2.000000000 2
472 244 3 8192 2.000000000 2
472 248 3 8192 2.000000000 2
472 264 3 8192 2.000000000 2
472 300 3 8192 2.000000000 2
472 312 3 8192 2.000000000 2
472 328 3 8192 2.000000000 2
472 376 3 8192 2.000000000 2
472 400 3 8192 2.000000000 2
472 416 3 8192 2.000000000 2
472 464 3 8192 2.000000000 2
472 468 3 8192 2.000000000 2
472 476 3 8192 2.000000000 2
472 488 3 8192 2.000000000 2
472 504 3 8192 2.000000000 2
472 524 3 8192 2.000000000 2
472 532 3 8192 2.000000000 2
472 544 3 8192 2.000000000 2
472 568 3 8192 2.000000000 2
472 632 3 8192 2.000000000 2
472 644 3 8192 2.000000000 2
472 664 3 8192 2.000000000 2
472 672 3 8192 2.000000000 2
472 724 3 8192 2.000000000 2
472 728 3 8192 2.000000000 2
472 740 3 8192 2.000000000 2
472 748 3 8192 2.000000000 2
472 784 3 8192 2.000000000 2
472 792 3 8192 2.000000000 2
472 796 3 8192 2.000000000 2
472 804 3 8192 2.000000000 2
472 824 3 8192 2.000000000 2
472 828 3 8192 2.000000000 2
472 876 3 8192 2.000000000 2
472 892 3 8192 2.000000000 2
472 920 3 8192 2.000000000 2
472 924 3 8192 2.000000000 2
472 948 3 8192 2.000000000 2
472 968 3 8192 2.000000000 2
472 984 3 8192 2.000000000 2
472 1016 3 8192 2.000000000 2
472 1068 3 8192 2.000000000 2
472 1128 3 8192 2.000000000 2
472 1144 3 8192 2.000000000 2
472 1204 3 8192 2.000000000 2
472 1208 3 8192 2.000000000 2
472 1212 3 8192 2.000000000 2
472 1216 3 8192 2.000000000 2
472 1252 3 8192 2.000000000 2
472 1256 3 8192 2.000000000 2
476 4 3 8192 2.000000000 2
476 8 3 8192 2.000000000 2
476 28 3 8192 2.000000000 2
476 68 3 8192 2.000000000 2
476 156 3 8192 2.000000000 2
476 164 3 8192 2.000000000 2
476 180 3 8192 2.000000000 2
476 196 3 8192 2.000000000 2
476 200 3 8192 2.000000000 2
476 224 3 8192 2.000000000 2
476 240 3 8192 2.000000000 2
476 244 3 8192 2.000000000 2
476 248 3 8192 2.000000000 2
476 252 3 8192 2.000000000 2
476 276 3 8192 2.000000000 2
476 304 3 8192 2.000000000 2
476 360 3 8192 2.000000000 2
476 364 3 8192 2.000000000 2
476 372 3 8192 2.000000000 2
476 408 3 8192 2.000000000 2
476 416 3 8192 2.000000000 2
476 464 3 8192 2.000000000 2
476 472 3 8192 2.000000000 2
476 492 3 8192 2.000000000 2
476 520 3 8192 2.000000000 2
476 548 3 8192 2.000000000 2
476 568 3 8192 2.000000000 2
476 604 3 8192 2.000000000 2
476 620 3 8192 2.000000000 2
476 628 3 8192 2.000000000 2
476 640 3 8192 2.000000000 2
476 652 3 8192 2.000000000 2
476 664 3 8192 2.000000000 2
476 668 3 8192 2.000000000 2
476 672 3 8192 2.000000000 2
476 716 3 8192 2.000000000 2
476 728 3 8192 2.000000000 2
476 744 3 8192 2.000000000 2
476 804 3 8192 2.000000000 2
476 816 3 8192 2.000000000 2
476 824 3 8192 2.000000000 2
476 828 3 8192 2.000000000 2
476 856 3 8192 2.000000000 2
476 860 3 8192 2.000000000 2
476 888 3 8192 2.000000000 2
476 904 3 8192 2.000000000 2
476 924 3 8192 2.000000000 2
476 948 3 8192 2.000000000 2
476 968 3 8192 2.000000000 2
476 980 3 8192 2.000000000 2
476 984 3 8192 2.000000000 2
476 992 3 8192 2.000000000 2
476 1000 3 8192 2.000000000 2
476 1076 3 8192 2.000000000 2
476 1088 3 8192 2.000000000 2
476 1112 3 8192 2.000000000 2
476 1128 3 8192 2.000000000 2
476 1144 3 8192 2.000000000 2
476 1176 3 8192 2.000000000 2
476 1188 3 8192 2.000000000 2
476 1196 3 8192 2.000000000 2
476 1208 3 8192 2.000000000 2
476 1212 3 8192 2.000000000 2
476 1236 3 8192 2.000000000 2
480 28 3 8192 2.000000000 2
480 68 3 8192 2.000000000 2
480 84 3 8192 2.000000000 2
480 96 3 8192 2.000000000 2
480 140 3 8192 2.000000000 2
480 144 3 8192 2.000000000 2
480 172 3 8192 2.000000000 2
480 204 3 8192 2.000000000 2
480 212 3 8192 2.000000000 2
480 232 3 8192 2.000000000 2
480 240 3 8192 2.000000000 2
480 264 3 8192 2.000000000 2
480 292 3 8192 2.000000000 2
480 296 3 8192 2.000000000 2
480 404 3 8192 2.000000000 2
480 440 3 8192 2.000000000 2
480 452 3 8192 2.000000000 2
480 460 3 8192 2.000000000 2
480 464 3 8192 2.000000000 2
480 468 3 8192 2.000000000 2
480 472 3 8192 2.000000000 2
480 516 3 8192 2.000000000 2
480 520 3 8192 2.000000000 2
480 524 3 8192 2.000000000 2
480 528 3 8192 2.000000000 2
480 544 3 8192 2.000000000 2
480 548 3 8192 2.000000000 2
480 584 3 8192 2.000000000 2
480 608 3 8192 2.000000000 2
480 620 3 8192 2.000000000 2
480 624 3 8192 2.000000000 2
480 632 3 8192 2.000000000 2
480 648 3 8192 2.000000000 2
480 656 3 8192 2.000000000 2
480 720 3 8192 2.000000000 2
480 732 3 8192 2.000000000 2
480 736 3 8192 2.000000000 2
480 744 3 8192 2.000000000 2
480 756 3 8192 2.000000000 2
480 792 3 8192 2.000000000 2
480 820 3 8192 2.000000000 2
480 828 3 8192 2.000000000 2
480 872 3 8192 2.000000000 2
480 912 3 8192 2.000000000 2
480 920 3 8192 2.000000000 2
480 932 3 8192 2.000000000 2
480 936 3 8192 2.000000000 2
480 948 3 8192 2.000000000 2
480 984 3 8192 2.000000000 2
480 1052 3 8192 2.000000000 2
480 1072 3 8192 2.000000000 2
480 1096 3 8192 2.000000000 2
480 1100 3 8192 2.000000000 2
480 1108 3 8192 2.000000000 2
480 1124 3 8192 2.000000000 2
480 1140 3 8192 2.000000000 2
480 1156 3 8192 2.000000000 2
480 1172 3 8192 2.000000000 2
480 1192 3 8192 2.000000000 2
480 1196 3 8192 2.000000000 2
480 1200 3 8192 2.000000000 2
480 1248 3 8192 2.000000000 2
480 1256 3 8192 2.000000000 2
480 1264 3 8192 2.000000000 2
484 0 3 8192 2.000000000 2
484 32 3 8192 2.000000000 2
484 68 3 8192 2.000000000 2
484 88 3 8192 2.000000000 2
484 152 3 8192 2.000000000 2
484 160 3 8192 2.000000000 2
484 180 3 8192 2.000000000 2
484 188 3 8192 2.000000000 2
484 196 3 8192 2.000000000 2
484 200 3 8192 2.000000000 2
484 204 3 8192 2.000000000 2
484 224 3 8192 2.000000000 2
484 244 3 8192 2.000000000 2
484 296 3 8192 2.000000000 2
484 300 3 8192 2.000000000 2
484 320 3 8192 2.000000000 2
484 332 3 8192 2.000000000 2
484 348 3 8192 2.000000000 2
484 356 3 8192 2.000000000 2
484 388 3 8192 2.000000000 2
484 400 3 8192 2.000000000 2
484 404 3 8192 2.000000000 2
484 452 3 8192 2.000000000 2
484 460 3 8192 2.000000000 2
484 472 3 8192 2.000000000 2
484 504 3 8192 2.000000000 2
484 516 3 8192 2.000000000 2
484 520 3 8192 2.000000000 2
484 528 3 8192 2.000000000 2
484 532 3 8192 2.000000000 2
484 576 3 8192 2.000000000 2
484 584 3 8192 2.000000000 2
484 612 3 8192 2.000000000 2
484 620 3 8192 2.000000000 2
484 632 3 8192 2.000000000 2
484 692 3 8192 2.000000000 2
484 700 3 8192 2.000000000 2
484 708 3 8192 2.000000000 2
484 732 3 8192 2.000000000 2
484 744 3 8192 2.000000000 2
484 748 3 8192 2.000000000 2
484 784 3 8192 2.000000000 2
484 796 3 8192 2.000000000 2
484 804 3 8192 2.000000000 2
484 808 3 8192 2.000000000 2
484 816 3 8192 2.000000000 2
484 820 3 8192 2.000000000 2
484 828 3 8192 2.000000000 2
484 852 3 8192 2.000000000 2
484 860 3 8192 2.000000000 2
484 876 3 8192 2.000000000 2
484 904 3 8192 2.000000000 2
484 916 3 8192 2.000000000 2
484 936 3 8192 2.000000000 2
484 1000 3 8192 2.000000000 2
484 1040 3 8192 2.000000000 2
484 1076 3 8192 2.000000000 2
484 1096 3 8192 2.000000000 2
484 1100 3 8192 2.000000000 2
484 1128 3 8192 2.000000000 2
484 1204 3 8192 2.000000000 2
484 1216 3 8192 2.000000000 2
484 1244 3 8192 2.000000000 2
484 1276 3 8192 2.000000000 2
488 4 3 8192 2.000000000 2
488 12 3 8192 2.000000000 2
488 24 3 8192 2.000000000 2
488 52 3 8192 2.000000000 2
488 72 3 8192 2.000000000 2
488 76 3 8192 2.000000000 2
488 80 3 8192 2.000000000 2
488 84 3 8192 2.000000000 2
488 156 3 8192 2.000000000 2
488 160 3 8192 2.000000000 2
488 188 3 8192 2.000000000 2
488 196 3 8192 2.000000000 2
488 200 3 8192 2.000000000 2
488 244 3 8192 2.000000000 2
488 260 3 8192 2.000000000 2
488 372 3 8192 2.000000000 2
488 380 3 8192 2.000000000 2
488 412 3 8192 2.000000000 2
488 436 3 8192 2.000000000 2
488 464 3 8192 2.000000000 2
488 484 3 8192 2.000000000 2
488 500 3 8192 2.000000000 2
488 504 3 8192 2.000000000 2
488 516 3 8192 2.000000000 2
488 520 3 8192 2.000000000 2
488 524 3 8192 2.000000000 2
488 528 3 8192 2.000000000 2
488 532 3 8192 2.000000000 2
488 536 3 8192 2.000000000 2
488 560 3 8192 2.000000000 2
488 576 3 8192 2.000000000 2
488 600 3 8192 2.000000000 2
488 604 3 8192 2.000000000 2
488 608 3 8192 2.000000000 2
488 616 3 8192 2.000000000 2
488 620 3 8192 2.000000000 2
488 624 3 8192 2.000000000 2
488 632 3 8192 2.000000000 2
488 644 3 8192 2.000000000 2
488 708 3 8192 2.000000000 2
488 712 3 8192 2.000000000 2
488 716 3 8192 2.000000000 2
488 724 3 8192 2.000000000 2
488 732 3 8192 2.000000000 2
488 768 3 8192 2.000000000 2
488 792 3 8192 2.000000000 2
488 896 3 8192 2.000000000 2
488 920 3 8192 2.000000000 2
488 932 3 8192 2.000000000 2
488 940 3 8192 2.000000000 2
488 964 3 8192 2.000000000 2
488 984 3 8192 2.000000000 2
488 1008 3 8192 2.000000000 2
488 1020 3 8192 2.000000000 2
488 1032 3 8192 2.000000000 2
488 1060 3 8192 2.000000000 2
488 1084 3 8192 2.000000000 2
488 1104 3 8192 2.000000000 2
488 1144 3 8192 2.000000000 2
488 1152 3 8192 2.000000000 2
488 1168 3 8192 2.000000000 2
488 1208 3 8192 2.000000000 2
488 1220 3 8192 2.000000000 2
488 1248 3 8192 2.000000000 2
492 4 3 8192 2.000000000 2
492 8 3 8192 2.000000000 2
492 60 3 8192 2.000000000 2
492 76 3 8192 2.000000000 2
492 96 3 8192 2.000000000 2
492 100 3 8192 2.000000000 2
492 108 3 8192 2.000000000 2
492 116 3 8192 2.000000000 2
492 120 3 8192 2.000000000 2
492 208 3 8192 2.000000000 2
492 220 3 8192 2.000000000 2
492 224 3 8192 2.000000000 2
492 228 3 8192 2.000000000 2
492 260 3 8192 2.000000000 2
492 276 3 8192 2.000000000 2
492 324 3 8192 2.000000000 2
492 332 3 8192 2.000000000 2
492 356 3 8192 2.000000000 2
492 376 3 8192 2.000000000 2
492 380 3 8192 2.000000000 2
492 416 3 8192 2.000000000 2
492 440 3 8192 2.000000000 2
492 444 3 8192 2.000000000 2
492 468 3 8192 2.000000000 2
492 476 3 8192 2.000000000 2
492 504 3 8192 2.000000000 2
492 528 3 8192 2.000000000 2
492 532 3 8192 2.000000000 2
492 544 3 8192 2.000000000 2
492 548 3 8192 2.000000000 2
492 584 3 8192 2.000000000 2
492 588 3 8192 2.000000000 2
492 608 3 8192 2.000000000 2
492 636 3 8192 2.000000000 2
492 640 3 8192 2.000000000 2
492 656 3 8192 2.000000000 2
492 700 3 8192 2.000000000 2
492 708 3 8192 2.000000000 2
492 712 3 8192 2.000000000 2
492 716 3 8192 2.000000000 2
492 720 3 8192 2.000000000 2
492 728 3 8192 2.000000000 2
492 740 3 8192 2.000000000 2
492 744 3 8192 2.000000000 2
492 776 3 8192 2.000000000 2
492 784 3 8192 2.000000000 2
492 816 3 8192 2.000000000 2
492 852 3 8192 2.000000000 2
492 872 3 8192 2.000000000 2
492 964 3 8192 2.000000000 2
492 968 3 8192 2.000000000 2
492 984 3 8192 2.000000000 2
492 1000 3 8192 2.000000000 2
492 1032 3 8192 2.000000000 2
492 1056 3 8192 2.000000000 2
492 1084 3 8192 2.000000000 2
492 1108 3 8192 2.000000000 2
492 1120 3 8192 2.000000000 2
492 1140 3 8192 2.000000000 2
492 1156 3 8192 2.000000000 2
492 1188 3 8192 2.000000000 2
492 1200 3 8192 2.000000000 2
492 1208 3 8192 2.000000000 2
492 1248 3 8192 2.000000000 2
500 24 3 8192 2.000000000 2
500 68 3 8192 2.000000000 2
500 84 3 8192 2.000000000 2
500 88 3 8192 2.000000000 2
500 120 3 8192 2.000000000 2
500 208 3 8192 2.000000000 2
500 220 3 8192 2.000000000 2
500 240 3 8192 2.000000000 2
500 244 3 8192 2.000000000 2
500 248 3 8192 2.000000000 2
500 260 3 8192 2.000000000 2
500 292 3 8192 2.000000000 2
500 296 3 8192 2.000000000 2
500 304 3 8192 2.000000000 2
500 360 3 8192 2.000000000 2
500 364 3 8192 2.000000000 2
500 404 3 8192 2.000000000 2
500 408 3 8192 2.000000000 2
500 428 3 8192 2.000000000 2
500 436 3 8192 2.000000000 2
500 444 3 8192 2.000000000 2
500 464 3 8192 2.000000000 2
500 468 3 8192 2.000000000 2
500 476 3 8192 2.000000000 2
500 548 3 8192 2.000000000 2
500 568 3 8192 2.000000000 2
500 572 3 8192 2.000000000 2
500 612 3 8192 2.000000000 2
500 628 3 8192 2.000000000 2
500 632 3 8192 2.000000000 2
500 640 3 8192 2.000000000 2
500 648 3 8192 2.000000000 2
500 672 3 8192 2.000000000 2
500 700 3 8192 2.000000000 2
500 708 3 8192 2.000000000 2
500 720 3 8192 2.000000000 2
500 736 3 8192 2.000000000 2
500 764 3 8192 2.000000000 2
500 768 3 8192 2.000000000 2
500 776 3 8192 2.000000000 2
500 796 3 8192 2.000000000 2
500 804 3 8192 2.000000000 2
500 820 3 8192 2.000000000 2
500 884 3 8192 2.000000000 2
500 892 3 8192 2.000000000 2
500 948 3 8192 2.000000000 2
500 972 3 8192 2.000000000 2
500 984 3 8192 2.000000000 2
500 1024 3 8192 2.000000000 2
500 1044 3 8192 2.000000000 2
500 1060 3 8192 2.000000000 2
500 1104 3 8192 2.000000000 2
500 1120 3 8192 2.000000000 2
500 1152 3 8192 2.000000000 2
500 1160 3 8192 2.000000000 2
500 1200 3 8192 2.000000000 2
500 1212 3 8192 2.000000000 2
500 1216 3 8192 2.000000000 2
500 1220 3 8192 2.000000000 2
500 1224 3 8192 2.000000000 2
500 1228 3 8192 2.000000000 2
500 1240 3 8192 2.000000000 2
500 1248 3 8192 2.000000000 2
500 1272 3 8192 2.000000000 2
504 0 3 8192 2.000000000 2
504 36 3 8192 2.000000000 2
504 68 3 8192 2.000000000 2
504 92 3 8192 2.000000000 2
504 96 3 8192 2.000000000 2
504 144 3 8192 2.000000000 2
504 152 3 8192 2.000000000 2
504 176 3 8192 2.000000000 2
504 196 3 8192 2.000000000 2
504 200 3 8192 2.000000000 2
504 208 3 8192 2.000000000 2
504 232 3 8192 2.000000000 2
504 252 3 8192 2.000000000 2
504 272 3 8192 2.000000000 2
504 312 3 8192 2.000000000 2
504 360 3 8192 2.000000000 2
504 380 3 8192 2.000000000 2
504 404 3 8192 2.000000000 2
504 452 3 8192 2.000000000 2
504 484 3 8192 2.000000000 2
504 516 3 8192 2.000000000 2
504 520 3 8192 2.000000000 2
504 536 3 8192 2.000000000 2
504 548 3 8192 2.000000000 2
504 572 3 8192 2.000000000 2
504 576 3 8192 2.000000000 2
504 608 3 8192 2.000000000 2
504 640 3 8192 2.000000000 2
504 648 3 8192 2.000000000 2
504 692 3 8192 2.000000000 2
504 700 3 8192 2.000000000 2
504 712 3 8192 2.000000000 2
504 740 3 8192 2.000000000 2
504 744 3 8192 2.000000000 2
504 776 3 8192 2.000000000 2
504 784 3 8192 2.000000000 2
504 796 3 8192 2.000000000 2
504 804 3 8192 2.000000000 2
504 820 3 8192 2.000000000 2
504 824 3 8192 2.000000000 2
504 876 3 8192 2.000000000 2
504 892 3 8192 2.000000000 2
504 896 3 8192 2.000000000 2
504 916 3 8192 2.000000000 2
504 920 3 8192 2.000000000 2
504 948 3 8192 2.000000000 2
504 968 3 8192 2.000000000 2
504 980 3 8192 2.000000000 2
504 1000 3 8192 2.000000000 2
504 1020 3 8192 2.000000000 2
504 1024 3 8192 2.000000000 2
504 1040 3 8192 2.000000000 2
504 1044 3 8192 2.000000000 2
504 1068 3 8192 2.000000000 2
504 1072 3 8192 2.000000000 2
504 1088 3 8192 2.000000000 2
504 1108 3 8192 2.000000000 2
504 1112 3 8192 2.000000000 2
504 1172 3 8192 2.000000000 2
504 1176 3 8192 2.000000000 2
504 1204 3 8192 2.000000000 2
504 1216 3 8192 2.000000000 2
504 1256 3 8192 2.000000000 2
504 1276 3 8192 2.000000000 2
516 28 3 8192 2.000000000 2
516 48 3 8192 2.000000000 2
516 84 3 8192 2.000000000 2
516 92 3 8192 2.000000000 2
516 96 3 8192 2.000000000 2
516 108 3 8192 2.000000000 2
516 136 3 8192 2.000000000 2
516 140 3 8192 2.000000000 2
516 160 3 8192 2.000000000 2
516 220 3 8192 2.000000000 2
516 224 3 8192 2.000000000 2
516 248 3 8192 2.000000000 2
516 264 3 8192 2.000000000 2
516 272 3 8192 2.000000000 2
516 276 3 8192 2.000000000 2
516 304 3 8192 2.000000000 2
516 312 3 8192 2.000000000 2
516 324 3 8192 2.000000000 2
516 384 3 8192 2.000000000 2
516 396 3 8192 2.000000000 2
516 416 3 8192 2.000000000 2
516 428 3 8192 2.000000000 2
516 436 3 8192 2.000000000 2
516 440 3 8192 2.000000000 2
516 460 3 8192 2.000000000 2
516 500 3 8192 2.000000000 2
516 536 3 8192 2.000000000 2
516 560 3 8192 2.000000000 2
516 572 3 8192 2.000000000 2
516 576 3 8192 2.000000000 2
516 596 3 8192 2.000000000 2
516 604 3 8192 2.000000000 2
516 620 3 8192 2.000000000 2
516 636 3 8192 2.000000000 2
516 656 3 8192 2.000000000 2
516 672 3 8192 2.000000000 2
516 688 3 8192 2.000000000 2
516 700 3 8192 2.000000000 2
516 712 3 8192 2.000000000 2
516 740 3 8192 2.000000000 2
516 748 3 8192 2.000000000 2
516 756 3 8192 2.000000000 2
516 780 3 8192 2.000000000 2
516 792 3 8192 2.000000000 2
516 872 3 8192 2.000000000 2
516 920 3 8192 2.000000000 2
516 924 3 8192 2.000000000 2
516 940 3 8192 2.000000000 2
516 968 3 8192 2.000000000 2
516 976 3 8192 2.000000000 2
516 984 3 8192 2.000000000 2
516 992 3 8192 2.000000000 2
516 1016 3 8192 2.000000000 2
516 1024 3 8192 2.000000000 2
516 1048 3 8192 2.000000000 2
516 1104 3 8192 2.000000000 2
516 1120 3 8192 2.000000000 2
516 1156 3 8192 2.000000000 2
516 1164 3 8192 2.000000000 2
516 1176 3 8192 2.000000000 2
516 1220 3 8192 2.000000000 2
516 1236 3 8192 2.000000000 2
516 1264 3 8192 2.000000000 2
516 1276 3 8192 2.000000000 2
520 44 3 8192 2.000000000 2
520 48 3 8192 2.000000000 2
520 76 3 8192 2.000000000 2
520 84 3 8192 2.000000000 2
520 152 3 8192 2.000000000 2
520 172 3 8192 2.000000000 2
520 212 3 8192 2.000000000 2
520 224 3 8192 2.000000000 2
520 236 3 8192 2.000000000 2
520 248 3 8192 2.000000000 2
520 252 3 8192 2.000000000 2
520 264 3 8192 2.000000000 2
520 276 3 8192 2.000000000 2
520 300 3 8192 2.000000000 2
520 304 3 8192 2.000000000 2
520 348 3 8192 2.000000000 2
520 360 3 8192 2.000000000 2
520 364 3 8192 2.000000000 2
520 376 3 8192 2.000000000 2
520 416 3 8192 2.000000000 2
520 452 3 8192 2.000000000 2
520 476 3 8192 2.000000000 2
520 480 3 8192 2.000000000 2
520 500 3 8192 2.000000000 2
520 516 3 8192 2.000000000 2
520 536 3 8192 2.000000000 2
520 572 3 8192 2.000000000 2
520 584 3 8192 2.000000000 2
520 588 3 8192 2.000000000 2
520 640 3 8192 2.000000000 2
520 668 3 8192 2.000000000 2
520 672 3 8192 2.000000000 2
520 684 3 8192 2.000000000 2
520 708 3 8192 2.000000000 2
520 720 3 8192 2.000000000 2
520 740 3 8192 2.000000000 2
520 784 3 8192 2.000000000 2
520 804 3 8192 2.000000000 2
520 816 3 8192 2.000000000 2
520 828 3 8192 2.000000000 2
520 852 3 8192 2.000000000 2
520 856 3 8192 2.000000000 2
520 904 3 8192 2.000000000 2
520 916 3 8192 2.000000000 2
520 924 3 8192 2.000000000 2
520 932 3 8192 2.000000000 2
520 968 3 8192 2.000000000 2
520 980 3 8192 2.000000000 2
520 984 3 8192 2.000000000 2
520 1020 3 8192 2.000000000 2
520 1024 3 8192 2.000000000 2
520 1032 3 8192 2.000000000 2
520 1056 3 8192 2.000000000 2
520 1068 3 8192 2.000000000 2
520 1088 3 8192 2.000000000 2
520 1112 3 8192 2.000000000 2
520 1128 3 8192 2.000000000 2
520 1140 3 8192 2.000000000 2
520 1144 3 8192 2.000000000 2
520 1172 3 8192 2.000000000 2
520 1184 3 8192 2.000000000 2
520 1240 3 8192 2.000000000 2
520 1264 3 8192 2.000000000 2
520 1276 3 8192 2.000000000 2
524 0 3 8192 2.000000000 2
524 4 3 8192 2.000000000 2
524 24 3 8192 2.000000000 2
524 32 3 8192 2.000000000 2
524 48 3 8192 2.000000000 2
524 52 3 8192 2.000000000 2
524 80 3 8192 2.000000000 2
524 84 3 8192 2.000000000 2
524 96 3 8192 2.000000000 2
524 108 3 8192 2.000000000 2
524 120 3 8192 2.000000000 2
524 164 3 8192 2.000000000 2
524 212 3 8192 2.000000000 2
524 236 3 8192 2.000000000 2
524 248 3 8192 2.000000000 2
524 264 3 8192 2.000000000 2
524 304 3 8192 2.000000000 2
524 312 3 8192 2.000000000 2
524 332 3 8192 2.000000000 2
524 360 3 8192 2.000000000 2
524 364 3 8192 2.000000000 2
524 416 3 8192 2.000000000 2
524 420 3 8192 2.000000000 2
524 428 3 8192 2.000000000 2
524 432 3 8192 2.000000000 2
524 436 3 8192 2.000000000 2
524 444 3 8192 2.000000000 2
524 460 3 8192 2.000000000 2
524 472 3 8192 2.000000000 2
524 476 3 8192 2.000000000 2
524 500 3 8192 2.000000000 2
524 528 3 8192 2.000000000 2
524 536 3 8192 2.000000000 2
524 548 3 8192 2.000000000 2
524 616 3 8192 2.000000000 2
524 636 3 8192 2.000000000 2
524 652 3 8192 2.000000000 2
524 672 3 8192 2.000000000 2
524 688 3 8192 2.000000000 2
524 712 3 8192 2.000000000 2
524 748 3 8192 2.000000000 2
524 756 3 8192 2.000000000 2
524 764 3 8192 2.000000000 2
524 792 3 8192 2.000000000 2
524 796 3 8192 2.000000000 2
524 804 3 8192 2.000000000 2
524 820 3 8192 2.000000000 2
524 828 3 8192 2.000000000 2
524 856 3 8192 2.000000000 2
524 892 3 8192 2.000000000 2
524 940 3 8192 2.000000000 2
524 964 3 8192 2.000000000 2
524 1000 3 8192 2.000000000 2
524 1008 3 8192 2.000000000 2
524 1012 3 8192 2.000000000 2
524 1024 3 8192 2.000000000 2
524 1032 3 8192 2.000000000 2
524 1060 3 8192 2.000000000 2
524 1140 3 8192 2.000000000 2
524 1164 3 8192 2.000000000 2
524 1184 3 8192 2.000000000 2
524 1212 3 8192 2.000000000 2
524 1240 3 8192 2.000000000 2
524 1276 3 8192 2.000000000 2
528 24 3 8192 2.000000000 2
528 44 3 8192 2.000000000 2
528 68 3 8192 2.000000000 2
528 104 3 8192 2.000000000 2
528 108 3 8192 2.000000000 2
528 112 3 8192 2.000000000 2
528 120 3 8192 2.000000000 2
528 208 3 8192 2.000000000 2
528 244 3 8192 2.000000000 2
528 260 3 8192 2.000000000 2
528 264 3 8192 2.000000000 2
528 272 3 8192 2.000000000 2
528 324 3 8192 2.000000000 2
528 332 3 8192 2.000000000 2
528 364 3 8192 2.000000000 2
528 372 3 8192 2.000000000 2
528 380 3 8192 2.000000000 2
528 436 3 8192 2.000000000 2
528 440 3 8192 2.000000000 2
528 452 3 8192 2.000000000 2
528 460 3 8192 2.000000000 2
528 472 3 8192 2.000000000 2
528 488 3 8192 2.000000000 2
528 516 3 8192 2.000000000 2
528 524 3 8192 2.000000000 2
528 572 3 8192 2.000000000 2
528 584 3 8192 2.000000000 2
528 588 3 8192 2.000000000 2
528 604 3 8192 2.000000000 2
528 612 3 8192 2.000000000 2
528 636 3 8192 2.000000000 2
528 640 3 8192 2.000000000 2
528 644 3 8192 2.000000000 2
528 648 3 8192 2.000000000 2
528 688 3 8192 2.000000000 2
528 700 3 8192 2.000000000 2
528 716 3 8192 2.000000000 2
528 720 3 8192 2.000000000 2
528 728 3 8192 2.000000000 2
528 764 3 8192 2.000000000 2
528 796 3 8192 2.000000000 2
528 808 3 8192 2.000000000 2
528 832 3 8192 2.000000000 2
528 860 3 8192 2.000000000 2
528 872 3 8192 2.000000000 2
528 876 3 8192 2.000000000 2
528 880 3 8192 2.000000000 2
528 924 3 8192 2.000000000 2
528 932 3 8192 2.000000000 2
528 964 3 8192 2.000000000 2
528 976 3 8192 2.000000000 2
528 984 3 8192 2.000000000 2
528 1008 3 8192 2.000000000 2
528 1052 3 8192 2.000000000 2
528 1060 3 8192 2.000000000 2
528 1072 3 8192 2.000000000 2
528 1084 3 8192 2.000000000 2
528 1140 3 8192 2.000000000 2
528 1168 3 8192 2.000000000 2
528 1180 3 8192 2.000000000 2
528 1204 3 8192 2.000000000 2
528 1228 3 8192 2.000000000 2
528 1244 3 8192 2.000000000 2
528 1264 3 8192 2.000000000 2
532 32 3 8192 2.000000000 2
532 44 3 8192 2.000000000 2
532 72 3 8192 2.000000000 2
532 84 3 8192 2.000000000 2
532 88 3 8192 2.000000000 2
532 92 3 8192 2.000000000 2
532 108 3 8192 2.000000000 2
532 136 3 8192 2.000000000 2
532 152 3 8192 2.000000000 2
532 172 3 8192 2.000000000 2
532 208 3 8192 2.000000000 2
532 236 3 8192 2.000000000 2
532 248 3 8192 2.000000000 2
532 260 3 8192 2.000000000 2
532 264 3 8192 2.000000000 2
532 300 3 8192 2.000000000 2
532 312 3 8192 2.000000000 2
532 328 3 8192 2.000000000 2
532 372 3 8192 2.000000000 2
532 380 3 8192 2.000000000 2
532 440 3 8192 2.000000000 2
532 444 3 8192 2.000000000 2
532 460 3 8192 2.000000000 2
532 488 3 8192 2.000000000 2
532 520 3 8192 2.000000000 2
532 528 3 8192 2.000000000 2
532 548 3 8192 2.000000000 2
532 580 3 8192 2.000000000 2
532 596 3 8192 2.000000000 2
532 616 3 8192 2.000000000 2
532 628 3 8192 2.000000000 2
532 636 3 8192 2.000000000 2
532 640 3 8192 2.000000000 2
532 648 3 8192 2.000000000 2
532 700 3 8192 2.000000000 2
532 712 3 8192 2.000000000 2
532 724 3 8192 2.000000000 2
532 748 3 8192 2.000000000 2
532 756 3 8192 2.000000000 2
532 780 3 8192 2.000000000 2
532 796 3 8192 2.000000000 2
532 804 3 8192 2.000000000 2
532 816 3 8192 2.000000000 2
532 844 3 8192 2.000000000 2
532 876 3 8192 2.000000000 2
532 884 3 8192 2.000000000 2
532 892 3 8192 2.000000000 2
532 936 3 8192 2.000000000 2
532 940 3 8192 2.000000000 2
532 972 3 8192 2.000000000 2
532 1020 3 8192 2.000000000 2
532 1076 3 8192 2.000000000 2
532 1112 3 8192 2.000000000 2
532 1128 3 8192 2.000000000 2
532 1164 3 8192 2.000000000 2
532 1188 3 8192 2.000000000 2
532 1192 3 8192 2.000000000 2
532 1208 3 8192 2.000000000 2
532 1212 3 8192 2.000000000 2
532 1216 3 8192 2.000000000 2
532 1244 3 8192 2.000000000 2
532 1256 3 8192 2.000000000 2
532 1272 3 8192 2.000000000 2
532 1276 3 8192 2.000000000 2
536 8 3 8192 2.000000000 2
536 32 3 8192 2.000000000 2
536 48 3 8192 2.000000000 2
536 68 3 8192 2.000000000 2
536 84 3 8192 2.000000000 2
536 92 3 8192 2.000000000 2
536 96 3 8192 2.000000000 2
536 104 3 8192 2.000000000 2
536 108 3 8192 2.000000000 2
536 140 3 8192 2.000000000 2
536 164 3 8192 2.000000000 2
536 188 3 8192 2.000000000 2
536 208 3 8192 2.000000000 2
536 240 3 8192 2.000000000 2
536 244 3 8192 2.000000000 2
536 252 3 8192 2.000000000 2
536 272 3 8192 2.000000000 2
536 276 3 8192 2.000000000 2
536 312 3 8192 2.000000000 2
536 360 3 8192 2.000000000 2
536 440 3 8192 2.000000000 2
536 460 3 8192 2.000000000 2
536 520 3 8192 2.000000000 2
536 552 3 8192 2.000000000 2
536 560 3 8192 2.000000000 2
536 572 3 8192 2.000000000 2
536 612 3 8192 2.000000000 2
536 640 3 8192 2.000000000 2
536 648 3 8192 2.000000000 2
536 656 3 8192 2.000000000 2
536 684 3 8192 2.000000000 2
536 728 3 8192 2.000000000 2
536 744 3 8192 2.000000000 2
536 776 3 8192 2.000000000 2
536 780 3 8192 2.000000000 2
536 828 3 8192 2.000000000 2
536 836 3 8192 2.000000000 2
536 844 3 8192 2.000000000 2
536 852 3 8192 2.000000000 2
536 876 3 8192 2.000000000 2
536 880 3 8192 2.000000000 2
536 908 3 8192 2.000000000 2
536 912 3 8192 2.000000000 2
536 924 3 8192 2.000000000 2
536 992 3 8192 2.000000000 2
536 1016 3 8192 2.000000000 2
536 1032 3 8192 2.000000000 2
536 1044 3 8192 2.000000000 2
536 1052 3 8192 2.000000000 2
536 1056 3 8192 2.000000000 2
536 1060 3 8192 2.000000000 2
536 1076 3 8192 2.000000000 2
536 1100 3 8192 2.000000000 2
536 1144 3 8192 2.000000000 2
536 1152 3 8192 2.000000000 2
536 1156 3 8192 2.000000000 2
536 1160 3 8192 2.000000000 2
536 1168 3 8192 2.000000000 2
536 1176 3 8192 2.000000000 2
536 1188 3 8192 2.000000000 2
536 1220 3 8192 2.000000000 2
536 1240 3 8192 2.000000000 2
536 1260 3 8192 2.000000000 2
536 1276 3 8192 2.000000000 2
540 4 3 8192 2.000000000 2
540 8 3 8192 2.000000000 2
540 28 3 8192 2.000000000 2
540 104 3 8192 2.000000000 2
540 108 3 8192 2.000000000 2
540 140 3 8192 2.000000000 2
540 144 3 8192 2.000000000 2
540 172 3 8192 2.000000000 2
540 208 3 8192 2.000000000 2
540 216 3 8192 2.000000000 2
540 228 3 8192 2.000000000 2
540 232 3 8192 2.000000000 2
540 264 3 8192 2.000000000 2
540 296 3 8192 2.000000000 2
540 312 3 8192 2.000000000 2
540 320 3 8192 2.000000000 2
540 348 3 8192 2.000000000 2
540 384 3 8192 2.000000000 2
540 400 3 8192 2.000000000 2
540 404 3 8192 2.000000000 2
540 408 3 8192 2.000000000 2
540 412 3 8192 2.000000000 2
540 432 3 8192 2.000000000 2
540 436 3 8192 2.000000000 2
540 468 3 8192 2.000000000 2
540 476 3 8192 2.000000000 2
540 480 3 8192 2.000000000 2
540 520 3 8192 2.000000000 2
540 524 3 8192 2.000000000 2
540 528 3 8192 2.000000000 2
540 532 3 8192 2.000000000 2
540 580 3 8192 2.000000000 2
540 588 3 8192 2.000000000 2
540 620 3 8192 2.000000000 2
540 648 3 8192 2.000000000 2
540 688 3 8192 2.000000000 2
540 700 3 8192 2.000000000 2
540 716 3 8192 2.000000000 2
540 720 3 8192 2.000000000 2
540 760 3 8192 2.000000000 2
540 784 3 8192 2.000000000 2
540 816 3 8192 2.000000000 2
540 824 3 8192 2.000000000 2
540 828 3 8192 2.000000000 2
540 844 3 8192 2.000000000 2
540 880 3 8192 2.000000000 2
540 912 3 8192 2.000000000 2
540 920 3 8192 2.000000000 2
540 932 3 8192 2.000000000 2
540 980 3 8192 2.000000000 2
540 1052 3 8192 2.000000000 2
540 1056 3 8192 2.000000000 2
540 1068 3 8192 2.000000000 2
540 1072 3 8192 2.000000000 2
540 1124 3 8192 2.000000000 2
540 1152 3 8192 2.000000000 2
540 1156 3 8192 2.000000000 2
540 1184 3 8192 2.000000000 2
540 1208 3 8192 2.000000000 2
540 1220 3 8192 2.000000000 2
540 1224 3 8192 2.000000000 2
540 1248 3 8192 2.000000000 2
540 1256 3 8192 2.000000000 2
540 1264 3 8192 2.000000000 2
544 8 3 8192 2.000000000 2
544 12 3 8192 2.000000000 2
544 68 3 8192 2.000000000 2
544 76 3 8192 2.000000000 2
544 100 3 8192 2.000000000 2
544 176 3 8192 2.000000000 2
544 180 3 8192 2.000000000 2
544 188 3 8192 2.000000000 2
544 216 3 8192 2.000000000 2
544 248 3 8192 2.000000000 2
544 260 3 8192 2.000000000 2
544 292 3 8192 2.000000000 2
544 332 3 8192 2.000000000 2
544 384 3 8192 2.000000000 2
544 388 3 8192 2.000000000 2
544 400 3 8192 2.000000000 2
544 404 3 8192 2.000000000 2
544 440 3 8192 2.000000000 2
544 460 3 8192 2.000000000 2
544 476 3 8192 2.000000000 2
544 480 3 8192 2.000000000 2
544 504 3 8192 2.000000000 2
544 516 3 8192 2.000000000 2
544 520 3 8192 2.000000000 2
544 524 3 8192 2.000000000 2
544 540 3 8192 2.000000000 2
544 552 3 8192 2.000000000 2
544 560 3 8192 2.000000000 2
544 568 3 8192 2.000000000 2
544 576 3 8192 2.000000000 2
544 584 3 8192 2.000000000 2
544 588 3 8192 2.000000000 2
544 612 3 8192 2.000000000 2
544 672 3 8192 2.000000000 2
544 680 3 8192 2.000000000 2
544 716 3 8192 2.000000000 2
544 728 3 8192 2.000000000 2
544 808 3 8192 2.000000000 2
544 816 3 8192 2.000000000 2
544 828 3 8192 2.000000000 2
544 860 3 8192 2.000000000 2
544 876 3 8192 2.000000000 2
544 880 3 8192 2.000000000 2
544 892 3 8192 2.000000000 2
544 896 3 8192 2.000000000 2
544 940 3 8192 2.000000000 2
544 948 3 8192 2.000000000 2
544 968 3 8192 2.000000000 2
544 1008 3 8192 2.000000000 2
544 1052 3 8192 2.000000000 2
544 1056 3 8192 2.000000000 2
544 1104 3 8192 2.000000000 2
544 1112 3 8192 2.000000000 2
544 1140 3 8192 2.000000000 2
544 1148 3 8192 2.000000000 2
544 1160 3 8192 2.000000000 2
544 1168 3 8192 2.000000000 2
544 1184 3 8192 2.000000000 2
544 1196 3 8192 2.000000000 2
544 1200 3 8192 2.000000000 2
544 1236 3 8192 2.000000000 2
544 1252 3 8192 2.000000000 2
544 1272 3 8192 2.000000000 2
544 1276 3 8192 2.000000000 2
548 36 3 8192 2.000000000 2
548 44 3 8192 2.000000000 2
548 52 3 8192 2.000000000 2
548 76 3 8192 2.000000000 2
548 84 3 8192 2.000000000 2
548 92 3 8192 2.000000000 2
548 104 3 8192 2.000000000 2
548 112 3 8192 2.000000000 2
548 144 3 8192 2.000000000 2
548 152 3 8192 2.000000000 2
548 204 3 8192 2.000000000 2
548 212 3 8192 2.000000000 2
548 224 3 8192 2.000000000 2
548 228 3 8192 2.000000000 2
548 236 3 8192 2.000000000 2
548 324 3 8192 2.000000000 2
548 328 3 8192 2.000000000 2
548 396 3 8192 2.000000000 2
548 404 3 8192 2.000000000 2
548 408 3 8192 2.000000000 2
548 432 3 8192 2.000000000 2
548 444 3 8192 2.000000000 2
548 500 3 8192 2.000000000 2
548 520 3 8192 2.000000000 2
548 536 3 8192 2.000000000 2
548 540 3 8192 2.000000000 2
548 580 3 8192 2.000000000 2
548 600 3 8192 2.000000000 2
548 608 3 8192 2.000000000 2
548 620 3 8192 2.000000000 2
548 632 3 8192 2.000000000 2
548 652 3 8192 2.000000000 2
548 656 3 8192 2.000000000 2
548 664 3 8192 2.000000000 2
548 680 3 8192 2.000000000 2
548 720 3 8192 2.000000000 2
548 732 3 8192 2.000000000 2
548 764 3 8192 2.000000000 2
548 776 3 8192 2.000000000 2
548 816 3 8192 2.000000000 2
548 884 3 8192 2.000000000 2
548 896 3 8192 2.000000000 2
548 904 3 8192 2.000000000 2
548 912 3 8192 2.000000000 2
548 916 3 8192 2.000000000 2
548 964 3 8192 2.000000000 2
548 976 3 8192 2.000000000 2
548 1000 3 8192 2.000000000 2
548 1020 3 8192 2.000000000 2
548 1040 3 8192 2.000000000 2
548 1072 3 8192 2.000000000 2
548 1084 3 8192 2.000000000 2
548 1104 3 8192 2.000000000 2
548 1108 3 8192 2.000000000 2
548 1120 3 8192 2.000000000 2
548 1148 3 8192 2.000000000 2
548 1152 3 8192 2.000000000 2
548 1168 3 8192 2.000000000 2
548 1172 3 8192 2.000000000 2
548 1180 3 8192 2.000000000 2
548 1192 3 8192 2.000000000 2
548 1200 3 8192 2.000000000 2
548 1212 3 8192 2.000000000 2
548 1264 3 8192 2.000000000 2
552 8 3 8192 2.000000000 2
552 28 3 8192 2.000000000 2
552 36 3 8192 2.000000000 2
552 76 3 8192 2.000000000 2
552 80 3 8192 2.000000000 2
552 84 3 8192 2.000000000 2
552 88 3 8192 2.000000000 2
552 92 3 8192 2.000000000 2
552 96 3 8192 2.000000000 2
552 104 3 8192 2.000000000 2
552 112 3 8192 2.000000000 2
552 136 3 8192 2.000000000 2
552 156 3 8192 2.000000000 2
552 180 3 8192 2.000000000 2
552 204 3 8192 2.000000000 2
552 212 3 8192 2.000000000 2
552 228 3 8192 2.000000000 2
552 236 3 8192 2.000000000 2
552 244 3 8192 2.000000000 2
552 264 3 8192 2.000000000 2
552 304 3 8192 2.000000000 2
552 324 3 8192 2.000000000 2
552 332 3 8192 2.000000000 2
552 388 3 8192 2.000000000 2
552 416 3 8192 2.000000000 2
552 464 3 8192 2.000000000 2
552 548 3 8192 2.000000000 2
552 580 3 8192 2.000000000 2
552 612 3 8192 2.000000000 2
552 616 3 8192 2.000000000 2
552 632 3 8192 2.000000000 2
552 636 3 8192 2.000000000 2
552 644 3 8192 2.000000000 2
552 652 3 8192 2.000000000 2
552 656 3 8192 2.000000000 2
552 684 3 8192 2.000000000 2
552 688 3 8192 2.000000000 2
552 724 3 8192 2.000000000 2
552 740 3 8192 2.000000000 2
552 808 3 8192 2.000000000 2
552 832 3 8192 2.000000000 2
552 856 3 8192 2.000000000 2
552 876 3 8192 2.000000000 2
552 880 3 8192 2.000000000 2
552 884 3 8192 2.000000000 2
552 888 3 8192 2.000000000 2
552 892 3 8192 2.000000000 2
552 904 3 8192 2.000000000 2
552 912 3 8192 2.000000000 2
552 920 3 8192 2.000000000 2
552 948 3 8192 2.000000000 2
552 980 3 8192 2.000000000 2
552 1016 3 8192 2.000000000 2
552 1044 3 8192 2.000000000 2
552 1076 3 8192 2.000000000 2
552 1124 3 8192 2.000000000 2
552 1148 3 8192 2.000000000 2
552 1152 3 8192 2.000000000 2
552 1156 3 8192 2.000000000 2
552 1196 3 8192 2.000000000 2
552 1204 3 8192 2.000000000 2
552 1216 3 8192 2.000000000 2
552 1240 3 8192 2.000000000 2
552 1248 3 8192 2.000000000 2
560 4 3 8192 2.000000000 2
560 12 3 8192 2.000000000 2
560 48 3 8192 2.000000000 2
560 60 3 8192 2.000000000 2
560 88 3 8192 2.000000000 2
560 104 3 8192 2.000000000 2
560 116 3 8192 2.000000000 2
560 140 3 8192 2.000000000 2
560 160 3 8192 2.000000000 2
560 172 3 8192 2.000000000 2
560 176 3 8192 2.000000000 2
560 196 3 8192 2.000000000 2
560 208 3 8192 2.000000000 2
560 212 3 8192 2.000000000 2
560 224 3 8192 2.000000000 2
560 264 3 8192 2.000000000 2
560 300 3 8192 2.000000000 2
560 320 3 8192 2.000000000 2
560 328 3 8192 2.000000000 2
560 372 3 8192 2.000000000 2
560 444 3 8192 2.000000000 2
560 452 3 8192 2.000000000 2
560 464 3 8192 2.000000000 2
560 476 3 8192 2.000000000 2
560 504 3 8192 2.000000000 2
560 528 3 8192 2.000000000 2
560 532 3 8192 2.000000000 2
560 540 3 8192 2.000000000 2
560 576 3 8192 2.000000000 2
560 588 3 8192 2.000000000 2
560 604 3 8192 2.000000000 2
560 628 3 8192 2.000000000 2
560 636 3 8192 2.000000000 2
560 640 3 8192 2.000000000 2
560 712 3 8192 2.000000000 2
560 744 3 8192 2.000000000 2
560 760 3 8192 2.000000000 2
560 764 3 8192 2.000000000 2
560 780 3 8192 2.000000000 2
560 800 3 8192 2.000000000 2
560 804 3 8192 2.000000000 2
560 808 3 8192 2.000000000 2
560 816 3 8192 2.000000000 2
560 828 3 8192 2.000000000 2
560 856 3 8192 2.000000000 2
560 916 3 8192 2.000000000 2
560 920 3 8192 2.000000000 2
560 980 3 8192 2.000000000 2
560 992 3 8192 2.000000000 2
560 1000 3 8192 2.000000000 2
560 1008 3 8192 2.000000000 2
560 1016 3 8192 2.000000000 2
560 1040 3 8192 2.000000000 2
560 1048 3 8192 2.000000000 2
560 1060 3 8192 2.000000000 2
560 1068 3 8192 2.000000000 2
560 1156 3 8192 2.000000000 2
560 1180 3 8192 2.000000000 2
560 1208 3 8192 2.000000000 2
560 1212 3 8192 2.000000000 2
560 1224 3 8192 2.000000000 2
560 1236 3 8192 2.000000000 2
560 1244 3 8192 2.000000000 2
560 1276 3 8192 2.000000000 2
568 0 3 8192 2.000000000 2
568 8 3 8192 2.000000000 2
568 36 3 8192 2.000000000 2
568 52 3 8192 2.000000000 2
568 68 3 8192 2.000000000 2
568 80 3 8192 2.000000000 2
568 92 3 8192 2.000000000 2
568 100 3 8192 2.000000000 2
568 140 3 8192 2.000000000 2
568 152 3 8192 2.000000000 2
568 172 3 8192 2.000000000 2
568 180 3 8192 2.000000000 2
568 200 3 8192 2.000000000 2
568 212 3 8192 2.000000000 2
568 220 3 8192 2.000000000 2
568 228 3 8192 2.000000000 2
568 240 3 8192 2.000000000 2
568 248 3 8192 2.000000000 2
568 260 3 8192 2.000000000 2
568 272 3 8192 2.000000000 2
568 300 3 8192 2.000000000 2
568 320 3 8192 2.000000000 2
568 324 3 8192 2.000000000 2
568 452 3 8192 2.000000000 2
568 460 3 8192 2.000000000 2
568 464 3 8192 2.000000000 2
568 472 3 8192 2.000000000 2
568 500 3 8192 2.000000000 2
568 520 3 8192 2.000000000 2
568 532 3 8192 2.000000000 2
568 560 3 8192 2.000000000 2
568 580 3 8192 2.000000000 2
568 596 3 8192 2.000000000 2
568 600 3 8192 2.000000000 2
568 608 3 8192 2.000000000 2
568 628 3 8192 2.000000000 2
568 648 3 8192 2.000000000 2
568 680 3 8192 2.000000000 2
568 688 3 8192 2.000000000 2
568 700 3 8192 2.000000000 2
568 716 3 8192 2.000000000 2
568 720 3 8192 2.000000000 2
568 728 3 8192 2.000000000 2
568 732 3 8192 2.000000000 2
568 736 3 8192 2.000000000 2
568 780 3 8192 2.000000000 2
568 804 3 8192 2.000000000 2
568 816 3 8192 2.000000000 2
568 836 3 8192 2.000000000 2
568 1024 3 8192 2.000000000 2
568 1052 3 8192 2.000000000 2
568 1068 3 8192 2.000000000 2
568 1140 3 8192 2.000000000 2
568 1168 3 8192 2.000000000 2
568 1172 3 8192 2.000000000 2
568 1176 3 8192 2.000000000 2
568 1184 3 8192 2.000000000 2
568 1188 3 8192 2.000000000 2
568 1196 3 8192 2.000000000 2
568 1200 3 8192 2.000000000 2
568 1216 3 8192 2.000000000 2
568 1224 3 8192 2.000000000 2
568 1228 3 8192 2.000000000 2
568 1276 3 8192 2.000000000 2
572 24 3 8192 2.000000000 2
572 28 3 8192 2.000000000 2
572 36 3 8192 2.000000000 2
572 44 3 8192 2.000000000 2
572 80 3 8192 2.000000000 2
572 84 3 8192 2.000000000 2
572 108 3 8192 2.000000000 2
572 120 3 8192 2.000000000 2
572 140 3 8192 2.000000000 2
572 160 3 8192 2.000000000 2
572 216 3 8192 2.000000000 2
572 244 3 8192 2.000000000 2
572 248 3 8192 2.000000000 2
572 324 3 8192 2.000000000 2
572 328 3 8192 2.000000000 2
572 360 3 8192 2.000000000 2
572 364 3 8192 2.000000000 2
572 372 3 8192 2.000000000 2
572 400 3 8192 2.000000000 2
572 404 3 8192 2.000000000 2
572 436 3 8192 2.000000000 2
572 468 3 8192 2.000000000 2
572 536 3 8192 2.000000000 2
572 540 3 8192 2.000000000 2
572 560 3 8192 2.000000000 2
572 580 3 8192 2.000000000 2
572 584 3 8192 2.000000000 2
572 588 3 8192 2.000000000 2
572 596 3 8192 2.000000000 2
572 600 3 8192 2.000000000 2
572 632 3 8192 2.000000000 2
572 652 3 8192 2.000000000 2
572 664 3 8192 2.000000000 2
572 700 3 8192 2.000000000 2
572 720 3 8192 2.000000000 2
572 740 3 8192 2.000000000 2
572 760 3 8192 2.000000000 2
572 764 3 8192 2.000000000 2
572 768 3 8192 2.000000000 2
572 800 3 8192 2.000000000 2
572 804 3 8192 2.000000000 2
572 808 3 8192 2.000000000 2
572 824 3 8192 2.000000000 2
572 892 3 8192 2.000000000 2
572 908 3 8192 2.000000000 2
572 920 3 8192 2.000000000 2
572 940 3 8192 2.000000000 2
572 968 3 8192 2.000000000 2
572 972 3 8192 2.000000000 2
572 1024 3 8192 2.000000000 2
572 1048 3 8192 2.000000000 2
572 1144 3 8192 2.000000000 2
572 1148 3 8192 2.000000000 2
572 1156 3 8192 2.000000000 2
572 1172 3 8192 2.000000000 2
572 1184 3 8192 2.000000000 2
572 1208 3 8192 2.000000000 2
572 1216 3 8192 2.000000000 2
572 1228 3 8192 2.000000000 2
572 1236 3 8192 2.000000000 2
572 1240 3 8192 2.000000000 2
572 1248 3 8192 2.000000000 2
572 1260 3 8192 2.000000000 2
572 1264 3 8192 2.000000000 2
576 0 3 8192 2.000000000 2
576 24 3 8192 2.000000000 2
576 28 3 8192 2.000000000 2
576 32 3 8192 2.000000000 2
576 80 3 8192 2.000000000 2
576 92 3 8192 2.000000000 2
576 108 3 8192 2.000000000 2
576 140 3 8192 2.000000000 2
576 144 3 8192 2.000000000 2
576 216 3 8192 2.000000000 2
576 232 3 8192 2.000000000 2
576 244 3 8192 2.000000000 2
576 260 3 8192 2.000000000 2
576 264 3 8192 2.000000000 2
576 272 3 8192 2.000000000 2
576 320 3 8192 2.000000000 2
576 332 3 8192 2.000000000 2
576 356 3 8192 2.000000000 2
576 364 3 8192 2.000000000 2
576 372 3 8192 2.000000000 2
576 400 3 8192 2.000000000 2
576 408 3 8192 2.000000000 2
576 428 3 8192 2.000000000 2
576 444 3 8192 2.000000000 2
576 476 3 8192 2.000000000 2
576 516 3 8192 2.000000000 2
576 536 3 8192 2.000000000 2
576 548 3 8192 2.000000000 2
576 568 3 8192 2.000000000 2
576 600 3 8192 2.000000000 2
576 608 3 8192 2.000000000 2
576 620 3 8192 2.000000000 2
576 636 3 8192 2.000000000 2
576 684 3 8192 2.000000000 2
576 688 3 8192 2.000000000 2
576 728 3 8192 2.000000000 2
576 736 3 8192 2.000000000 2
576 744 3 8192 2.000000000 2
576 748 3 8192 2.000000000 2
576 756 3 8192 2.000000000 2
576 808 3 8192 2.000000000 2
576 816 3 8192 2.000000000 2
576 836 3 8192 2.000000000 2
576 844 3 8192 2.000000000 2
576 876 3 8192 2.000000000 2
576 888 3 8192 2.000000000 2
576 908 3 8192 2.000000000 2
576 916 3 8192 2.000000000 2
576 920 3 8192 2.000000000 2
576 932 3 8192 2.000000000 2
576 948 3 8192 2.000000000 2
576 1012 3 8192 2.000000000 2
576 1032 3 8192 2.000000000 2
576 1040 3 8192 2.000000000 2
576 1056 3 8192 2.000000000 2
576 1068 3 8192 2.000000000 2
576 1072 3 8192 2.000000000 2
576 1088 3 8192 2.000000000 2
576 1128 3 8192 2.000000000 2
576 1192 3 8192 2.000000000 2
576 1224 3 8192 2.000000000 2
576 1244 3 8192 2.000000000 2
576 1260 3 8192 2.000000000 2
576 1276 3 8192 2.000000000 2
580 0 3 8192 2.000000000 2
580 32 3 8192 2.000000000 2
580 36 3 8192 2.000000000 2
580 44 3 8192 2.000000000 2
580 88 3 8192 2.000000000 2
580 96 3 8192 2.000000000 2
580 108 3 8192 2.000000000 2
580 144 3 8192 2.000000000 2
580 156 3 8192 2.000000000 2
580 176 3 8192 2.000000000 2
580 204 3 8192 2.000000000 2
580 208 3 8192 2.000000000 2
580 240 3 8192 2.000000000 2
580 264 3 8192 2.000000000 2
580 276 3 8192 2.000000000 2
580 300 3 8192 2.000000000 2
580 324 3 8192 2.000000000 2
580 328 3 8192 2.000000000 2
580 344 3 8192 2.000000000 2
580 376 3 8192 2.000000000 2
580 396 3 8192 2.000000000 2
580 400 3 8192 2.000000000 2
580 416 3 8192 2.000000000 2
580 472 3 8192 2.000000000 2
580 484 3 8192 2.000000000 2
580 500 3 8192 2.000000000 2
580 536 3 8192 2.000000000 2
580 604 3 8192 2.000000000 2
580 632 3 8192 2.000000000 2
580 644 3 8192 2.000000000 2
580 656 3 8192 2.000000000 2
580 672 3 8192 2.000000000 2
580 680 3 8192 2.000000000 2
580 744 3 8192 2.000000000 2
580 776 3 8192 2.000000000 2
580 844 3 8192 2.000000000 2
580 856 3 8192 2.000000000 2
580 872 3 8192 2.000000000 2
580 892 3 8192 2.000000000 2
580 908 3 8192 2.000000000 2
580 920 3 8192 2.000000000 2
580 964 3 8192 2.000000000 2
580 972 3 8192 2.000000000 2
580 992 3 8192 2.000000000 2
580 1000 3 8192 2.000000000 2
580 1012 3 8192 2.000000000 2
580 1016 3 8192 2.000000000 2
580 1048 3 8192 2.000000000 2
580 1060 3 8192 2.000000000 2
580 1096 3 8192 2.000000000 2
580 1100 3 8192 2.000000000 2
580 1104 3 8192 2.000000000 2
580 1112 3 8192 2.000000000 2
580 1120 3 8192 2.000000000 2
580 1124 3 8192 2.000000000 2
580 1144 3 8192 2.000000000 2
580 1160 3 8192 2.000000000 2
580 1168 3 8192 2.000000000 2
580 1172 3 8192 2.000000000 2
580 1188 3 8192 2.000000000 2
580 1196 3 8192 2.000000000 2
580 1212 3 8192 2.000000000 2
580 1244 3 8192 2.000000000 2
580 1256 3 8192 2.000000000 2
584 4 3 8192 2.000000000 2
584 84 3 8192 2.000000000 2
584 96 3 8192 2.000000000 2
584 100 3 8192 2.000000000 2
584 108 3 8192 2.000000000 2
584 144 3 8192 2.000000000 2
584 180 3 8192 2.000000000 2
584 200 3 8192 2.000000000 2
584 208 3 8192 2.000000000 2
584 224 3 8192 2.000000000 2
584 236 3 8192 2.000000000 2
584 320 3 8192 2.000000000 2
584 328 3 8192 2.000000000 2
584 332 3 8192 2.000000000 2
584 360 3 8192 2.000000000 2
584 364 3 8192 2.000000000 2
584 372 3 8192 2.000000000 2
584 384 3 8192 2.000000000 2
584 400 3 8192 2.000000000 2
584 428 3 8192 2.000000000 2
584 432 3 8192 2.000000000 2
584 464 3 8192 2.000000000 2
584 480 3 8192 2.000000000 2
584 516 3 8192 2.000000000 2
584 532 3 8192 2.000000000 2
584 536 3 8192 2.000000000 2
584 572 3 8192 2.000000000 2
584 576 3 8192 2.000000000 2
584 588 3 8192 2.000000000 2
584 596 3 8192 2.000000000 2
584 608 3 8192 2.000000000 2
584 612 3 8192 2.000000000 2
584 616 3 8192 2.000000000 2
584 620 3 8192 2.000000000 2
584 632 3 8192 2.000000000 2
584 648 3 8192 2.000000000 2
584 688 3 8192 2.000000000 2
584 700 3 8192 2.000000000 2
584 720 3 8192 2.000000000 2
584 736 3 8192 2.000000000 2
584 744 3 8192 2.000000000 2
584 768 3 8192 2.000000000 2
584 784 3 8192 2.000000000 2
584 792 3 8192 2.000000000 2
584 796 3 8192 2.000000000 2
584 828 3 8192 2.000000000 2
584 884 3 8192 2.000000000 2
584 920 3 8192 2.000000000 2
584 936 3 8192 2.000000000 2
584 964 3 8192 2.000000000 2
584 992 3 8192 2.000000000 2
584 1008 3 8192 2.000000000 2
584 1032 3 8192 2.000000000 2
584 1096 3 8192 2.000000000 2
584 1124 3 8192 2.000000000 2
584 1160 3 8192 2.000000000 2
584 1184 3 8192 2.000000000 2
584 1188 3 8192 2.000000000 2
584 1200 3 8192 2.000000000 2
584 1224 3 8192 2.000000000 2
584 1236 3 8192 2.000000000 2
584 1244 3 8192 2.000000000 2
584 1248 3 8192 2.000000000 2
584 1272 3 8192 2.000000000 2
588 4 3 8192 2.000000000 2
588 8 3 8192 2.000000000 2
588 32 3 8192 2.000000000 2
588 44 3 8192 2.000000000 2
588 48 3 8192 2.000000000 2
588 52 3 8192 2.000000000 2
588 60 3 8192 2.000000000 2
588 116 3 8192 2.000000000 2
588 152 3 8192 2.000000000 2
588 164 3 8192 2.000000000 2
588 200 3 8192 2.000000000 2
588 204 3 8192 2.000000000 2
588 208 3 8192 2.000000000 2
588 216 3 8192 2.000000000 2
588 240 3 8192 2.000000000 2
588 300 3 8192 2.000000000 2
588 324 3 8192 2.000000000 2
588 332 3 8192 2.000000000 2
588 364 3 8192 2.000000000 2
588 400 3 8192 2.000000000 2
588 404 3 8192 2.000000000 2
588 432 3 8192 2.000000000 2
588 464 3 8192 2.000000000 2
588 480 3 8192 2.000000000 2
588 536 3 8192 2.000000000 2
588 544 3 8192 2.000000000 2
588 580 3 8192 2.000000000 2
588 584 3 8192 2.000000000 2
588 608 3 8192 2.000000000 2
588 640 3 8192 2.000000000 2
588 644 3 8192 2.000000000 2
588 656 3 8192 2.000000000 2
588 728 3 8192 2.000000000 2
588 760 3 8192 2.000000000 2
588 780 3 8192 2.000000000 2
588 784 3 8192 2.000000000 2
588 800 3 8192 2.000000000 2
588 808 3 8192 2.000000000 2
588 820 3 8192 2.000000000 2
588 824 3 8192 2.000000000 2
588 832 3 8192 2.000000000 2
588 836 3 8192 2.000000000 2
588 880 3 8192 2.000000000 2
588 884 3 8192 2.000000000 2
588 888 3 8192 2.000000000 2
588 912 3 8192 2.000000000 2
588 916 3 8192 2.000000000 2
588 920 3 8192 2.000000000 2
588 932 3 8192 2.000000000 2
588 964 3 8192 2.000000000 2
588 968 3 8192 2.000000000 2
588 1000 3 8192 2.000000000 2
588 1008 3 8192 2.000000000 2
588 1012 3 8192 2.000000000 2
588 1084 3 8192 2.000000000 2
588 1112 3 8192 2.000000000 2
588 1124 3 8192 2.000000000 2
588 1128 3 8192 2.000000000 2
588 1192 3 8192 2.000000000 2
588 1204 3 8192 2.000000000 2
588 1216 3 8192 2.000000000 2
588 1220 3 8192 2.000000000 2
588 1228 3 8192 2.000000000 2
588 1252 3 8192 2.000000000 2
596 4 3 8192 2.000000000 2
596 36 3 8192 2.000000000 2
596 72 3 8192 2.000000000 2
596 76 3 8192 2.000000000 2
596 88 3 8192 2.000000000 2
596 92 3 8192 2.000000000 2
596 112 3 8192 2.000000000 2
596 116 3 8192 2.000000000 2
596 120 3 8192 2.000000000 2
596 140 3 8192 2.000000000 2
596 152 3 8192 2.000000000 2
596 172 3 8192 2.000000000 2
596 180 3 8192 2.000000000 2
596 196 3 8192 2.000000000 2
596 200 3 8192 2.000000000 2
596 228 3 8192 2.000000000 2
596 300 3 8192 2.000000000 2
596 344 3 8192 2.000000000 2
596 372 3 8192 2.000000000 2
596 396 3 8192 2.000000000 2
596 428 3 8192 2.000000000 2
596 436 3 8192 2.000000000 2
596 440 3 8192 2.000000000 2
596 452 3 8192 2.000000000 2
596 472 3 8192 2.000000000 2
596 476 3 8192 2.000000000 2
596 524 3 8192 2.000000000 2
596 532 3 8192 2.000000000 2
596 552 3 8192 2.000000000 2
596 604 3 8192 2.000000000 2
596 624 3 8192 2.000000000 2
596 636 3 8192 2.000000000 2
596 656 3 8192 2.000000000 2
596 680 3 8192 2.000000000 2
596 700 3 8192 2.000000000 2
596 708 3 8192 2.000000000 2
596 736 3 8192 2.000000000 2
596 744 3 8192 2.000000000 2
596 748 3 8192 2.000000000 2
596 792 3 8192 2.000000000 2
596 796 3 8192 2.000000000 2
596 820 3 8192 2.000000000 2
596 832 3 8192 2.000000000 2
596 836 3 8192 2.000000000 2
596 844 3 8192 2.000000000 2
596 872 3 8192 2.000000000 2
596 884 3 8192 2.000000000 2
596 888 3 8192 2.000000000 2
596 912 3 8192 2.000000000 2
596 924 3 8192 2.000000000 2
596 936 3 8192 2.000000000 2
596 964 3 8192 2.000000000 2
596 968 3 8192 2.000000000 2
596 1032 3 8192 2.000000000 2
596 1040 3 8192 2.000000000 2
596 1104 3 8192 2.000000000 2
596 1176 3 8192 2.000000000 2
596 1184 3 8192 2.000000000 2
596 1192 3 8192 2.000000000 2
596 1212 3 8192 2.000000000 2
596 1216 3 8192 2.000000000 2
596 1240 3 8192 2.000000000 2
596 1252 3 8192 2.000000000 2
596 1276 3 8192 2.000000000 2
600 4 3 8192 2.000000000 2
600 8 3 8192 2.000000000 2
600 60 3 8192 2.000000000 2
600 68 3 8192 2.000000000 2
600 84 3 8192 2.000000000 2
600 100 3 8192 2.000000000 2
600 136 3 8192 2.000000000 2
600 152 3 8192 2.000000000 2
600 164 3 8192 2.000000000 2
600 204 3 8192 2.000000000 2
600 232 3 8192 2.000000000 2
600 236 3 8192 2.000000000 2
600 240 3 8192 2.000000000 2
600 252 3 8192 2.000000000 2
600 272 3 8192 2.000000000 2
600 304 3 8192 2.000000000 2
600 312 3 8192 2.000000000 2
600 320 3 8192 2.000000000 2
600 328 3 8192 2.000000000 2
600 384 3 8192 2.000000000 2
600 400 3 8192 2.000000000 2
600 408 3 8192 2.000000000 2
600 420 3 8192 2.000000000 2
600 464 3 8192 2.000000000 2
600 468 3 8192 2.000000000 2
600 584 3 8192 2.000000000 2
600 608 3 8192 2.000000000 2
600 620 3 8192 2.000000000 2
600 628 3 8192 2.000000000 2
600 652 3 8192 2.000000000 2
600 664 3 8192 2.000000000 2
600 672 3 8192 2.000000000 2
600 724 3 8192 2.000000000 2
600 816 3 8192 2.000000000 2
600 824 3 8192 2.000000000 2
600 832 3 8192 2.000000000 2
600 836 3 8192 2.000000000 2
600 852 3 8192 2.000000000 2
600 872 3 8192 2.000000000 2
600 884 3 8192 2.000000000 2
600 892 3 8192 2.000000000 2
600 896 3 8192 2.000000000 2
600 904 3 8192 2.000000000 2
600 932 3 8192 2.000000000 2
600 948 3 8192 2.000000000 2
600 980 3 8192 2.000000000 2
600 1000 3 8192 2.000000000 2
600 1048 3 8192 2.000000000 2
600 1060 3 8192 2.000000000 2
600 1068 3 8192 2.000000000 2
600 1072 3 8192 2.000000000 2
600 1076 3 8192 2.000000000 2
600 1088 3 8192 2.000000000 2
600 1112 3 8192 2.000000000 2
600 1120 3 8192 2.000000000 2
600 1128 3 8192 2.000000000 2
600 1172 3 8192 2.000000000 2
600 1196 3 8192 2.000000000 2
600 1200 3 8192 2.000000000 2
600 1216 3 8192 2.000000000 2
600 1220 3 8192 2.000000000 2
600 1244 3 8192 2.000000000 2
600 1260 3 8192 2.000000000 2
600 1272 3 8192 2.000000000 2
604 4 3 8192 2.000000000 2
604 32 3 8192 2.000000000 2
604 92 3 8192 2.000000000 2
604 120 3 8192 2.000000000 2
604 136 3 8192 2.000000000 2
604 140 3 8192 2.000000000 2
604 152 3 8192 2.000000000 2
604 164 3 8192 2.000000000 2
604 216 3 8192 2.000000000 2
604 224 3 8192 2.000000000 2
604 236 3 8192 2.000000000 2
604 248 3 8192 2.000000000 2
604 252 3 8192 2.000000000 2
604 276 3 8192 2.000000000 2
604 324 3 8192 2.000000000 2
604 328 3 8192 2.000000000 2
604 356 3 8192 2.000000000 2
604 380 3 8192 2.000000000 2
604 384 3 8192 2.000000000 2
604 396 3 8192 2.000000000 2
604 400 3 8192 2.000000000 2
604 444 3 8192 2.000000000 2
604 500 3 8192 2.000000000 2
604 504 3 8192 2.000000000 2
604 516 3 8192 2.000000000 2
604 520 3 8192 2.000000000 2
604 528 3 8192 2.000000000 2
604 548 3 8192 2.000000000 2
604 560 3 8192 2.000000000 2
604 568 3 8192 2.000000000 2
604 580 3 8192 2.000000000 2
604 584 3 8192 2.000000000 2
604 600 3 8192 2.000000000 2
604 620 3 8192 2.000000000 2
604 632 3 8192 2.000000000 2
604 640 3 8192 2.000000000 2
604 648 3 8192 2.000000000 2
604 656 3 8192 2.000000000 2
604 664 3 8192 2.000000000 2
604 668 3 8192 2.000000000 2
604 688 3 8192 2.000000000 2
604 700 3 8192 2.000000000 2
604 716 3 8192 2.000000000 2
604 732 3 8192 2.000000000 2
604 736 3 8192 2.000000000 2
604 748 3 8192 2.000000000 2
604 816 3 8192 2.000000000 2
604 832 3 8192 2.000000000 2
604 856 3 8192 2.000000000 2
604 912 3 8192 2.000000000 2
604 936 3 8192 2.000000000 2
604 948 3 8192 2.000000000 2
604 976 3 8192 2.000000000 2
604 1000 3 8192 2.000000000 2
604 1020 3 8192 2.000000000 2
604 1048 3 8192 2.000000000 2
604 1068 3 8192 2.000000000 2
604 1088 3 8192 2.000000000 2
604 1096 3 8192 2.000000000 2
604 1144 3 8192 2.000000000 2
604 1156 3 8192 2.000000000 2
604 1212 3 8192 2.000000000 2
604 1236 3 8192 2.000000000 2
604 1240 3 8192 2.000000000 2
608 36 3 8192 2.000000000 2
608 48 3 8192 2.000000000 2
608 68 3 8192 2.000000000 2
608 84 3 8192 2.000000000 2
608 88 3 8192 2.000000000 2
608 100 3 8192 2.000000000 2
608 104 3 8192 2.000000000 2
608 116 3 8192 2.000000000 2
608 136 3 8192 2.000000000 2
608 152 3 8192 2.000000000 2
608 156 3 8192 2.000000000 2
608 172 3 8192 2.000000000 2
608 180 3 8192 2.000000000 2
608 224 3 8192 2.000000000 2
608 248 3 8192 2.000000000 2
608 272 3 8192 2.000000000 2
608 276 3 8192 2.000000000 2
608 296 3 8192 2.000000000 2
608 312 3 8192 2.000000000 2
608 356 3 8192 2.000000000 2
608 396 3 8192 2.000000000 2
608 400 3 8192 2.000000000 2
608 428 3 8192 2.000000000 2
608 432 3 8192 2.000000000 2
608 440 3 8192 2.000000000 2
608 480 3 8192 2.000000000 2
608 548 3 8192 2.000000000 2
608 552 3 8192 2.000000000 2
608 560 3 8192 2.000000000 2
608 584 3 8192 2.000000000 2
608 596 3 8192 2.000000000 2
608 600 3 8192 2.000000000 2
608 604 3 8192 2.000000000 2
608 620 3 8192 2.000000000 2
608 648 3 8192 2.000000000 2
608 664 3 8192 2.000000000 2
608 668 3 8192 2.000000000 2
608 680 3 8192 2.000000000 2
608 684 3 8192 2.000000000 2
608 724 3 8192 2.000000000 2
608 728 3 8192 2.000000000 2
608 740 3 8192 2.000000000 2
608 768 3 8192 2.000000000 2
608 784 3 8192 2.000000000 2
608 796 3 8192 2.000000000 2
608 800 3 8192 2.000000000 2
608 888 3 8192 2.000000000 2
608 908 3 8192 2.000000000 2
608 924 3 8192 2.000000000 2
608 936 3 8192 2.000000000 2
608 940 3 8192 2.000000000 2
608 948 3 8192 2.000000000 2
608 972 3 8192 2.000000000 2
608 1032 3 8192 2.000000000 2
608 1076 3 8192 2.000000000 2
608 1124 3 8192 2.000000000 2
608 1144 3 8192 2.000000000 2
608 1148 3 8192 2.000000000 2
608 1160 3 8192 2.000000000 2
608 1168 3 8192 2.000000000 2
608 1200 3 8192 2.000000000 2
608 1208 3 8192 2.000000000 2
608 1244 3 8192 2.000000000 2
608 1256 3 8192 2.000000000 2
612 8 3 8192 2.000000000 2
612 72 3 8192 2.000000000 2
612 84 3 8192 2.000000000 2
612 92 3 8192 2.000000000 2
612 96 3 8192 2.000000000 2
612 136 3 8192 2.000000000 2
612 160 3 8192 2.000000000 2
612 208 3 8192 2.000000000 2
612 252 3 8192 2.000000000 2
612 264 3 8192 2.000000000 2
612 292 3 8192 2.000000000 2
612 304 3 8192 2.000000000 2
612 332 3 8192 2.000000000 2
612 364 3 8192 2.000000000 2
612 380 3 8192 2.000000000 2
612 396 3 8192 2.000000000 2
612 420 3 8192 2.000000000 2
612 436 3 8192 2.000000000 2
612 440 3 8192 2.000000000 2
612 484 3 8192 2.000000000 2
612 520 3 8192 2.000000000 2
612 524 3 8192 2.000000000 2
612 540 3 8192 2.000000000 2
612 604 3 8192 2.000000000 2
612 608 3 8192 2.000000000 2
612 624 3 8192 2.000000000 2
612 640 3 8192 2.000000000 2
612 668 3 8192 2.000000000 2
612 692 3 8192 2.000000000 2
612 700 3 8192 2.000000000 2
612 708 3 8192 2.000000000 2
612 712 3 8192 2.000000000 2
612 716 3 8192 2.000000000 2
612 736 3 8192 2.000000000 2
612 748 3 8192 2.000000000 2
612 756 3 8192 2.000000000 2
612 768 3 8192 2.000000000 2
612 800 3 8192 2.000000000 2
612 808 3 8192 2.000000000 2
612 824 3 8192 2.000000000 2
612 852 3 8192 2.000000000 2
612 888 3 8192 2.000000000 2
612 916 3 8192 2.000000000 2
612 932 3 8192 2.000000000 2
612 936 3 8192 2.000000000 2
612 940 3 8192 2.000000000 2
612 968 3 8192 2.000000000 2
612 980 3 8192 2.000000000 2
612 984 3 8192 2.000000000 2
612 1008 3 8192 2.000000000 2
612 1040 3 8192 2.000000000 2
612 1048 3 8192 2.000000000 2
612 1060 3 8192 2.000000000 2
612 1088 3 8192 2.000000000 2
612 1124 3 8192 2.000000000 2
612 1144 3 8192 2.000000000 2
612 1152 3 8192 2.000000000 2
612 1156 3 8192 2.000000000 2
612 1176 3 8192 2.000000000 2
612 1188 3 8192 2.000000000 2
612 1196 3 8192 2.000000000 2
612 1248 3 8192 2.000000000 2
612 1252 3 8192 2.000000000 2
612 1272 3 8192 2.000000000 2
616 0 3 8192 2.000000000 2
616 4 3 8192 2.000000000 2
616 12 3 8192 2.000000000 2
616 28 3 8192 2.000000000 2
616 52 3 8192 2.000000000 2
616 60 3 8192 2.000000000 2
616 72 3 8192 2.000000000 2
616 84 3 8192 2.000000000 2
616 88 3 8192 2.000000000 2
616 96 3 8192 2.000000000 2
616 100 3 8192 2.000000000 2
616 140 3 8192 2.000000000 2
616 152 3 8192 2.000000000 2
616 164 3 8192 2.000000000 2
616 172 3 8192 2.000000000 2
616 208 3 8192 2.000000000 2
616 224 3 8192 2.000000000 2
616 236 3 8192 2.000000000 2
616 312 3 8192 2.000000000 2
616 356 3 8192 2.000000000 2
616 380 3 8192 2.000000000 2
616 400 3 8192 2.000000000 2
616 420 3 8192 2.000000000 2
616 436 3 8192 2.000000000 2
616 440 3 8192 2.000000000 2
616 460 3 8192 2.000000000 2
616 480 3 8192 2.000000000 2
616 484 3 8192 2.000000000 2
616 520 3 8192 2.000000000 2
616 552 3 8192 2.000000000 2
616 584 3 8192 2.000000000 2
616 600 3 8192 2.000000000 2
616 604 3 8192 2.000000000 2
616 664 3 8192 2.000000000 2
616 668 3 8192 2.000000000 2
616 684 3 8192 2.000000000 2
616 692 3 8192 2.000000000 2
616 712 3 8192 2.000000000 2
616 716 3 8192 2.000000000 2
616 728 3 8192 2.000000000 2
616 736 3 8192 2.000000000 2
616 748 3 8192 2.000000000 2
616 796 3 8192 2.000000000 2
616 832 3 8192 2.000000000 2
616 852 3 8192 2.000000000 2
616 856 3 8192 2.000000000 2
616 860 3 8192 2.000000000 2
616 872 3 8192 2.000000000 2
616 912 3 8192 2.000000000 2
616 924 3 8192 2.000000000 2
616 976 3 8192 2.000000000 2
616 1032 3 8192 2.000000000 2
616 1052 3 8192 2.000000000 2
616 1072 3 8192 2.000000000 2
616 1088 3 8192 2.000000000 2
616 1144 3 8192 2.000000000 2
616 1152 3 8192 2.000000000 2
616 1156 3 8192 2.000000000 2
616 1164 3 8192 2.000000000 2
616 1176 3 8192 2.000000000 2
616 1200 3 8192 2.000000000 2
616 1212 3 8192 2.000000000 2
616 1228 3 8192 2.000000000 2
616 1256 3 8192 2.000000000 2
620 4 3 8192 2.000000000 2
620 8 3 8192 2.000000000 2
620 36 3 8192 2.000000000 2
620 44 3 8192 2.000000000 2
620 68 3 8192 2.000000000 2
620 76 3 8192 2.000000000 2
620 92 3 8192 2.000000000 2
620 108 3 8192 2.000000000 2
620 120 3 8192 2.000000000 2
620 140 3 8192 2.000000000 2
620 152 3 8192 2.000000000 2
620 172 3 8192 2.000000000 2
620 196 3 8192 2.000000000 2
620 224 3 8192 2.000000000 2
620 296 3 8192 2.000000000 2
620 312 3 8192 2.000000000 2
620 320 3 8192 2.000000000 2
620 332 3 8192 2.000000000 2
620 400 3 8192 2.000000000 2
620 420 3 8192 2.000000000 2
620 436 3 8192 2.000000000 2
620 452 3 8192 2.000000000 2
620 480 3 8192 2.000000000 2
620 488 3 8192 2.000000000 2
620 520 3 8192 2.000000000 2
620 528 3 8192 2.000000000 2
620 544 3 8192 2.000000000 2
620 560 3 8192 2.000000000 2
620 568 3 8192 2.000000000 2
620 572 3 8192 2.000000000 2
620 588 3 8192 2.000000000 2
620 612 3 8192 2.000000000 2
620 628 3 8192 2.000000000 2
620 644 3 8192 2.000000000 2
620 656 3 8192 2.000000000 2
620 720 3 8192 2.000000000 2
620 768 3 8192 2.000000000 2
620 776 3 8192 2.000000000 2
620 832 3 8192 2.000000000 2
620 836 3 8192 2.000000000 2
620 872 3 8192 2.000000000 2
620 892 3 8192 2.000000000 2
620 904 3 8192 2.000000000 2
620 908 3 8192 2.000000000 2
620 924 3 8192 2.000000000 2
620 932 3 8192 2.000000000 2
620 964 3 8192 2.000000000 2
620 972 3 8192 2.000000000 2
620 1008 3 8192 2.000000000 2
620 1016 3 8192 2.000000000 2
620 1024 3 8192 2.000000000 2
620 1056 3 8192 2.000000000 2
620 1072 3 8192 2.000000000 2
620 1076 3 8192 2.000000000 2
620 1152 3 8192 2.000000000 2
620 1156 3 8192 2.000000000 2
620 1168 3 8192 2.000000000 2
620 1176 3 8192 2.000000000 2
620 1180 3 8192 2.000000000 2
620 1216 3 8192 2.000000000 2
620 1220 3 8192 2.000000000 2
620 1224 3 8192 2.000000000 2
620 1244 3 8192 2.000000000 2
620 1264 3 8192 2.000000000 2
624 8 3 8192 2.000000000 2
624 28 3 8192 2.000000000 2
624 44 3 8192 2.000000000 2
624 80 3 8192 2.000000000 2
624 100 3 8192 2.000000000 2
624 108 3 8192 2.000000000 2
624 116 3 8192 2.000000000 2
624 136 3 8192 2.000000000 2
624 144 3 8192 2.000000000 2
624 248 3 8192 2.000000000 2
624 264 3 8192 2.000000000 2
624 296 3 8192 2.000000000 2
624 300 3 8192 2.000000000 2
624 332 3 8192 2.000000000 2
624 372 3 8192 2.000000000 2
624 384 3 8192 2.000000000 2
624 400 3 8192 2.000000000 2
624 404 3 8192 2.000000000 2
624 416 3 8192 2.000000000 2
624 452 3 8192 2.000000000 2
624 460 3 8192 2.000000000 2
624 520 3 8192 2.000000000 2
624 532 3 8192 2.000000000 2
624 580 3 8192 2.000000000 2
624 588 3 8192 2.000000000 2
624 608 3 8192 2.000000000 2
624 616 3 8192 2.000000000 2
624 632 3 8192 2.000000000 2
624 708 3 8192 2.000000000 2
624 716 3 8192 2.000000000 2
624 720 3 8192 2.000000000 2
624 724 3 8192 2.000000000 2
624 768 3 8192 2.000000000 2
624 776 3 8192 2.000000000 2
624 796 3 8192 2.000000000 2
624 808 3 8192 2.000000000 2
624 824 3 8192 2.000000000 2
624 828 3 8192 2.000000000 2
624 856 3 8192 2.000000000 2
624 880 3 8192 2.000000000 2
624 892 3 8192 2.000000000 2
624 896 3 8192 2.000000000 2
624 916 3 8192 2.000000000 2
624 920 3 8192 2.000000000 2
624 924 3 8192 2.000000000 2
624 964 3 8192 2.000000000 2
624 976 3 8192 2.000000000 2
624 984 3 8192 2.000000000 2
624 1020 3 8192 2.000000000 2
624 1024 3 8192 2.000000000 2
624 1032 3 8192 2.000000000 2
624 1052 3 8192 2.000000000 2
624 1076 3 8192 2.000000000 2
624 1088 3 8192 2.000000000 2
624 1108 3 8192 2.000000000 2
624 1112 3 8192 2.000000000 2
624 1148 3 8192 2.000000000 2
624 1156 3 8192 2.000000000 2
624 1196 3 8192 2.000000000 2
624 1200 3 8192 2.000000000 2
624 1216 3 8192 2.000000000 2
624 1220 3 8192 2.000000000 2
624 1264 3 8192 2.000000000 2
624 1276 3 8192 2.000000000 2
628 12 3 8192 2.000000000 2
628 24 3 8192 2.000000000 2
628 32 3 8192 2.000000000 2
628 48 3 8192 2.000000000 2
628 52 3 8192 2.000000000 2
628 88 3 8192 2.000000000 2
628 108 3 8192 2.000000000 2
628 120 3 8192 2.000000000 2
628 152 3 8192 2.000000000 2
628 156 3 8192 2.000000000 2
628 164 3 8192 2.000000000 2
628 172 3 8192 2.000000000 2
628 176 3 8192 2.000000000 2
628 188 3 8192 2.000000000 2
628 200 3 8192 2.000000000 2
628 232 3 8192 2.000000000 2
628 236 3 8192 2.000000000 2
628 252 3 8192 2.000000000 2
628 272 3 8192 2.000000000 2
628 312 3 8192 2.000000000 2
628 372 3 8192 2.000000000 2
628 408 3 8192 2.000000000 2
628 420 3 8192 2.000000000 2
628 436 3 8192 2.000000000 2
628 460 3 8192 2.000000000 2
628 472 3 8192 2.000000000 2
628 480 3 8192 2.000000000 2
628 500 3 8192 2.000000000 2
628 524 3 8192 2.000000000 2
628 560 3 8192 2.000000000 2
628 596 3 8192 2.000000000 2
628 600 3 8192 2.000000000 2
628 620 3 8192 2.000000000 2
628 624 3 8192 2.000000000 2
628 644 3 8192 2.000000000 2
628 664 3 8192 2.000000000 2
628 744 3 8192 2.000000000 2
628 768 3 8192 2.000000000 2
628 780 3 8192 2.000000000 2
628 784 3 8192 2.000000000 2
628 804 3 8192 2.000000000 2
628 808 3 8192 2.000000000 2
628 816 3 8192 2.000000000 2
628 920 3 8192 2.000000000 2
628 932 3 8192 2.000000000 2
628 980 3 8192 2.000000000 2
628 984 3 8192 2.000000000 2
628 992 3 8192 2.000000000 2
628 1012 3 8192 2.000000000 2
628 1032 3 8192 2.000000000 2
628 1040 3 8192 2.000000000 2
628 1044 3 8192 2.000000000 2
628 1060 3 8192 2.000000000 2
628 1076 3 8192 2.000000000 2
628 1100 3 8192 2.000000000 2
628 1104 3 8192 2.000000000 2
628 1112 3 8192 2.000000000 2
628 1144 3 8192 2.000000000 2
628 1164 3 8192 2.000000000 2
628 1176 3 8192 2.000000000 2
628 1196 3 8192 2.000000000 2
628 1212 3 8192 2.000000000 2
628 1228 3 8192 2.000000000 2
628 1252 3 8192 2.000000000 2
632 32 3 8192 2.000000000 2
632 48 3 8192 2.000000000 2
632 96 3 8192 2.000000000 2
632 100 3 8192 2.000000000 2
632 112 3 8192 2.000000000 2
632 120 3 8192 2.000000000 2
632 160 3 8192 2.000000000 2
632 200 3 8192 2.000000000 2
632 212 3 8192 2.000000000 2
632 220 3 8192 2.000000000 2
632 228 3 8192 2.000000000 2
632 236 3 8192 2.000000000 2
632 240 3 8192 2.000000000 2
632 276 3 8192 2.000000000 2
632 300 3 8192 2.000000000 2
632 312 3 8192 2.000000000 2
632 320 3 8192 2.000000000 2
632 328 3 8192 2.000000000 2
632 348 3 8192 2.000000000 2
632 384 3 8192 2.000000000 2
632 396 3 8192 2.000000000 2
632 432 3 8192 2.000000000 2
632 464 3 8192 2.000000000 2
632 472 3 8192 2.000000000 2
632 492 3 8192 2.000000000 2
632 528 3 8192 2.000000000 2
632 568 3 8192 2.000000000 2
632 572 3 8192 2.000000000 2
632 588 3 8192 2.000000000 2
632 608 3 8192 2.000000000 2
632 612 3 8192 2.000000000 2
632 644 3 8192 2.000000000 2
632 648 3 8192 2.000000000 2
632 652 3 8192 2.000000000 2
632 664 3 8192 2.000000000 2
632 668 3 8192 2.000000000 2
632 700 3 8192 2.000000000 2
632 712 3 8192 2.000000000 2
632 720 3 8192 2.000000000 2
632 728 3 8192 2.000000000 2
632 756 3 8192 2.000000000 2
632 776 3 8192 2.000000000 2
632 780 3 8192 2.000000000 2
632 804 3 8192 2.000000000 2
632 828 3 8192 2.000000000 2
632 892 3 8192 2.000000000 2
632 904 3 8192 2.000000000 2
632 964 3 8192 2.000000000 2
632 976 3 8192 2.000000000 2
632 980 3 8192 2.000000000 2
632 1000 3 8192 2.000000000 2
632 1012 3 8192 2.000000000 2
632 1016 3 8192 2.000000000 2
632 1044 3 8192 2.000000000 2
632 1060 3 8192 2.000000000 2
632 1072 3 8192 2.000000000 2
632 1088 3 8192 2.000000000 2
632 1096 3 8192 2.000000000 2
632 1108 3 8192 2.000000000 2
632 1144 3 8192 2.000000000 2
632 1172 3 8192 2.000000000 2
632 1184 3 8192 2.000000000 2
632 1252 3 8192 2.000000000 2
632 1256 3 8192 2.000000000 2
636 44 3 8192 2.000000000 2
636 48 3 8192 2.000000000 2
636 60 3 8192 2.000000000 2
636 68 3 8192 2.000000000 2
636 76 3 8192 2.000000000 2
636 80 3 8192 2.000000000 2
636 96 3 8192 2.000000000 2
636 140 3 8192 2.000000000 2
636 156 3 8192 2.000000000 2
636 160 3 8192 2.000000000 2
636 172 3 8192 2.000000000 2
636 196 3 8192 2.000000000 2
636 200 3 8192 2.000000000 2
636 212 3 8192 2.000000000 2
636 260 3 8192 2.000000000 2
636 276 3 8192 2.000000000 2
636 320 3 8192 2.000000000 2
636 328 3 8192 2.000000000 2
636 372 3 8192 2.000000000 2
636 380 3 8192 2.000000000 2
636 400 3 8192 2.000000000 2
636 412 3 8192 2.000000000 2
636 420 3 8192 2.000000000 2
636 432 3 8192 2.000000000 2
636 436 3 8192 2.000000000 2
636 444 3 8192 2.000000000 2
636 540 3 8192 2.000000000 2
636 544 3 8192 2.000000000 2
636 552 3 8192 2.000000000 2
636 572 3 8192 2.000000000 2
636 596 3 8192 2.000000000 2
636 612 3 8192 2.000000000 2
636 620 3 8192 2.000000000 2
636 624 3 8192 2.000000000 2
636 628 3 8192 2.000000000 2
636 648 3 8192 2.000000000 2
636 652 3 8192 2.000000000 2
636 672 3 8192 2.000000000 2
636 732 3 8192 2.000000000 2
636 740 3 8192 2.000000000 2
636 808 3 8192 2.000000000 2
636 816 3 8192 2.000000000 2
636 852 3 8192 2.000000000 2
636 860 3 8192 2.000000000 2
636 912 3 8192 2.000000000 2
636 916 3 8192 2.000000000 2
636 932 3 8192 2.000000000 2
636 936 3 8192 2.000000000 2
636 980 3 8192 2.000000000 2
636 984 3 8192 2.000000000 2
636 992 3 8192 2.000000000 2
636 1008 3 8192 2.000000000 2
636 1020 3 8192 2.000000000 2
636 1040 3 8192 2.000000000 2
636 1076 3 8192 2.000000000 2
636 1112 3 8192 2.000000000 2
636 1152 3 8192 2.000000000 2
636 1172 3 8192 2.000000000 2
636 1188 3 8192 2.000000000 2
636 1220 3 8192 2.000000000 2
636 1240 3 8192 2.000000000 2
636 1244 3 8192 2.000000000 2
636 1248 3 8192 2.000000000 2
636 1276 3 8192 2.000000000 2
640 4 3 8192 2.000000000 2
640 28 3 8192 2.000000000 2
640 80 3 8192 2.000000000 2
640 88 3 8192 2.000000000 2
640 100 3 8192 2.000000000 2
640 116 3 8192 2.000000000 2
640 164 3 8192 2.000000000 2
640 176 3 8192 2.000000000 2
640 196 3 8192 2.000000000 2
640 236 3 8192 2.000000000 2
640 240 3 8192 2.000000000 2
640 248 3 8192 2.000000000 2
640 312 3 8192 2.000000000 2
640 324 3 8192 2.000000000 2
640 348 3 8192 2.000000000 2
640 356 3 8192 2.000000000 2
640 404 3 8192 2.000000000 2
640 416 3 8192 2.000000000 2
640 420 3 8192 2.000000000 2
640 428 3 8192 2.000000000 2
640 432 3 8192 2.000000000 2
640 452 3 8192 2.000000000 2
640 476 3 8192 2.000000000 2
640 480 3 8192 2.000000000 2
640 504 3 8192 2.000000000 2
640 516 3 8192 2.000000000 2
640 548 3 8192 2.000000000 2
640 552 3 8192 2.000000000 2
640 568 3 8192 2.000000000 2
640 576 3 8192 2.000000000 2
640 580 3 8192 2.000000000 2
640 588 3 8192 2.000000000 2
640 596 3 8192 2.000000000 2
640 600 3 8192 2.000000000 2
640 624 3 8192 2.000000000 2
640 628 3 8192 2.000000000 2
640 748 3 8192 2.000000000 2
640 764 3 8192 2.000000000 2
640 804 3 8192 2.000000000 2
640 816 3 8192 2.000000000 2
640 828 3 8192 2.000000000 2
640 836 3 8192 2.000000000 2
640 852 3 8192 2.000000000 2
640 876 3 8192 2.000000000 2
640 896 3 8192 2.000000000 2
640 920 3 8192 2.000000000 2
640 924 3 8192 2.000000000 2
640 964 3 8192 2.000000000 2
640 980 3 8192 2.000000000 2
640 984 3 8192 2.000000000 2
640 1040 3 8192 2.000000000 2
640 1056 3 8192 2.000000000 2
640 1076 3 8192 2.000000000 2
640 1088 3 8192 2.000000000 2
640 1100 3 8192 2.000000000 2
640 1128 3 8192 2.000000000 2
640 1144 3 8192 2.000000000 2
640 1180 3 8192 2.000000000 2
640 1208 3 8192 2.000000000 2
640 1228 3 8192 2.000000000 2
640 1236 3 8192 2.000000000 2
640 1244 3 8192 2.000000000 2
640 1252 3 8192 2.000000000 2
640 1264 3 8192 2.000000000 2
644 0 3 8192 2.000000000 2
644 8 3 8192 2.000000000 2
644 68 3 8192 2.000000000 2
644 84 3 8192 2.000000000 2
644 100 3 8192 2.000000000 2
644 144 3 8192 2.000000000 2
644 156 3 8192 2.000000000 2
644 160 3 8192 2.000000000 2
644 188 3 8192 2.000000000 2
644 220 3 8192 2.000000000 2
644 224 3 8192 2.000000000 2
644 240 3 8192 2.000000000 2
644 260 3 8192 2.000000000 2
644 272 3 8192 2.000000000 2
644 324 3 8192 2.000000000 2
644 372 3 8192 2.000000000 2
644 380 3 8192 2.000000000 2
644 428 3 8192 2.000000000 2
644 452 3 8192 2.000000000 2
644 464 3 8192 2.000000000 2
644 472 3 8192 2.000000000 2
644 544 3 8192 2.000000000 2
644 568 3 8192 2.000000000 2
644 584 3 8192 2.000000000 2
644 600 3 8192 2.000000000 2
644 604 3 8192 2.000000000 2
644 612 3 8192 2.000000000 2
644 628 3 8192 2.000000000 2
644 664 3 8192 2.000000000 2
644 688 3 8192 2.000000000 2
644 732 3 8192 2.000000000 2
644 792 3 8192 2.000000000 2
644 796 3 8192 2.000000000 2
644 816 3 8192 2.000000000 2
644 820 3 8192 2.000000000 2
644 828 3 8192 2.000000000 2
644 832 3 8192 2.000000000 2
644 836 3 8192 2.000000000 2
644 844 3 8192 2.000000000 2
644 856 3 8192 2.000000000 2
644 884 3 8192 2.000000000 2
644 904 3 8192 2.000000000 2
644 908 3 8192 2.000000000 2
644 920 3 8192 2.000000000 2
644 924 3 8192 2.000000000 2
644 936 3 8192 2.000000000 2
644 948 3 8192 2.000000000 2
644 964 3 8192 2.000000000 2
644 968 3 8192 2.000000000 2
644 1052 3 8192 2.000000000 2
644 1056 3 8192 2.000000000 2
644 1060 3 8192 2.000000000 2
644 1068 3 8192 2.000000000 2
644 1072 3 8192 2.000000000 2
644 1088 3 8192 2.000000000 2
644 1112 3 8192 2.000000000 2
644 1120 3 8192 2.000000000 2
644 1124 3 8192 2.000000000 2
644 1152 3 8192 2.000000000 2
644 1168 3 8192 2.000000000 2
644 1176 3 8192 2.000000000 2
644 1228 3 8192 2.000000000 2
644 1264 3 8192 2.000000000 2
644 1272 3 8192 2.000000000 2
648 48 3 8192 2.000000000 2
648 76 3 8192 2.000000000 2
648 84 3 8192 2.000000000 2
648 144 3 8192 2.000000000 2
648 224 3 8192 2.000000000 2
648 228 3 8192 2.000000000 2
648 244 3 8192 2.000000000 2
648 248 3 8192 2.000000000 2
648 264 3 8192 2.000000000 2
648 272 3 8192 2.000000000 2
648 324 3 8192 2.000000000 2
648 356 3 8192 2.000000000 2
648 364 3 8192 2.000000000 2
648 388 3 8192 2.000000000 2
648 408 3 8192 2.000000000 2
648 432 3 8192 2.000000000 2
648 436 3 8192 2.000000000 2
648 464 3 8192 2.000000000 2
648 516 3 8192 2.000000000 2
648 544 3 8192 2.000000000 2
648 552 3 8192 2.000000000 2
648 568 3 8192 2.000000000 2
648 576 3 8192 2.000000000 2
648 584 3 8192 2.000000000 2
648 600 3 8192 2.000000000 2
648 628 3 8192 2.000000000 2
648 632 3 8192 2.000000000 2
648 664 3 8192 2.000000000 2
648 680 3 8192 2.000000000 2
648 684 3 8192 2.000000000 2
648 688 3 8192 2.000000000 2
648 692 3 8192 2.000000000 2
648 700 3 8192 2.000000000 2
648 732 3 8192 2.000000000 2
648 736 3 8192 2.000000000 2
648 740 3 8192 2.000000000 2
648 756 3 8192 2.000000000 2
648 768 3 8192 2.000000000 2
648 784 3 8192 2.000000000 2
648 808 3 8192 2.000000000 2
648 876 3 8192 2.000000000 2
648 908 3 8192 2.000000000 2
648 916 3 8192 2.000000000 2
648 964 3 8192 2.000000000 2
648 968 3 8192 2.000000000 2
648 980 3 8192 2.000000000 2
648 1008 3 8192 2.000000000 2
648 1012 3 8192 2.000000000 2
648 1016 3 8192 2.000000000 2
648 1048 3 8192 2.000000000 2
648 1076 3 8192 2.000000000 2
648 1100 3 8192 2.000000000 2
648 1104 3 8192 2.000000000 2
648 1120 3 8192 2.000000000 2
648 1128 3 8192 2.000000000 2
648 1152 3 8192 2.000000000 2
648 1156 3 8192 2.000000000 2
648 1176 3 8192 2.000000000 2
648 1212 3 8192 2.000000000 2
648 1236 3 8192 2.000000000 2
648 1244 3 8192 2.000000000 2
648 1248 3 8192 2.000000000 2
648 1264 3 8192 2.000000000 2
648 1272 3 8192 2.000000000 2
652 0 3 8192 2.000000000 2
652 32 3 8192 2.000000000 2
652 44 3 8192 2.000000000 2
652 72 3 8192 2.000000000 2
652 92 3 8192 2.000000000 2
652 112 3 8192 2.000000000 2
652 120 3 8192 2.000000000 2
652 140 3 8192 2.000000000 2
652 156 3 8192 2.000000000 2
652 160 3 8192 2.000000000 2
652 176 3 8192 2.000000000 2
652 232 3 8192 2.000000000 2
652 248 3 8192 2.000000000 2
652 252 3 8192 2.000000000 2
652 276 3 8192 2.000000000 2
652 292 3 8192 2.000000000 2
652 296 3 8192 2.000000000 2
652 304 3 8192 2.000000000 2
652 328 3 8192 2.000000000 2
652 344 3 8192 2.000000000 2
652 356 3 8192 2.000000000 2
652 400 3 8192 2.000000000 2
652 432 3 8192 2.000000000 2
652 452 3 8192 2.000000000 2
652 484 3 8192 2.000000000 2
652 520 3 8192 2.000000000 2
652 532 3 8192 2.000000000 2
652 540 3 8192 2.000000000 2
652 552 3 8192 2.000000000 2
652 560 3 8192 2.000000000 2
652 568 3 8192 2.000000000 2
652 572 3 8192 2.000000000 2
652 588 3 8192 2.000000000 2
652 596 3 8192 2.000000000 2
652 612 3 8192 2.000000000 2
652 616 3 8192 2.000000000 2
652 680 3 8192 2.000000000 2
652 692 3 8192 2.000000000 2
652 716 3 8192 2.000000000 2
652 724 3 8192 2.000000000 2
652 784 3 8192 2.000000000 2
652 800 3 8192 2.000000000 2
652 804 3 8192 2.000000000 2
652 824 3 8192 2.000000000 2
652 852 3 8192 2.000000000 2
652 856 3 8192 2.000000000 2
652 860 3 8192 2.000000000 2
652 884 3 8192 2.000000000 2
652 888 3 8192 2.000000000 2
652 904 3 8192 2.000000000 2
652 936 3 8192 2.000000000 2
652 980 3 8192 2.000000000 2
652 1000 3 8192 2.000000000 2
652 1020 3 8192 2.000000000 2
652 1060 3 8192 2.000000000 2
652 1068 3 8192 2.000000000 2
652 1096 3 8192 2.000000000 2
652 1100 3 8192 2.000000000 2
652 1128 3 8192 2.000000000 2
652 1144 3 8192 2.000000000 2
652 1152 3 8192 2.000000000 2
652 1168 3 8192 2.000000000 2
652 1208 3 8192 2.000000000 2
652 1224 3 8192 2.000000000 2
656 8 3 8192 2.000000000 2
656 32 3 8192 2.000000000 2
656 44 3 8192 2.000000000 2
656 76 3 8192 2.000000000 2
656 80 3 8192 2.000000000 2
656 112 3 8192 2.000000000 2
656 152 3 8192 2.000000000 2
656 188 3 8192 2.000000000 2
656 208 3 8192 2.000000000 2
656 228 3 8192 2.000000000 2
656 232 3 8192 2.000000000 2
656 244 3 8192 2.000000000 2
656 248 3 8192 2.000000000 2
656 300 3 8192 2.000000000 2
656 320 3 8192 2.000000000 2
656 344 3 8192 2.000000000 2
656 364 3 8192 2.000000000 2
656 376 3 8192 2.000000000 2
656 412 3 8192 2.000000000 2
656 420 3 8192 2.000000000 2
656 464 3 8192 2.000000000 2
656 488 3 8192 2.000000000 2
656 492 3 8192 2.000000000 2
656 520 3 8192 2.000000000 2
656 528 3 8192 2.000000000 2
656 532 3 8192 2.000000000 2
656 540 3 8192 2.000000000 2
656 544 3 8192 2.000000000 2
656 580 3 8192 2.000000000 2
656 588 3 8192 2.000000000 2
656 600 3 8192 2.000000000 2
656 604 3 8192 2.000000000 2
656 636 3 8192 2.000000000 2
656 672 3 8192 2.000000000 2
656 684 3 8192 2.000000000 2
656 688 3 8192 2.000000000 2
656 720 3 8192 2.000000000 2
656 736 3 8192 2.000000000 2
656 756 3 8192 2.000000000 2
656 760 3 8192 2.000000000 2
656 784 3 8192 2.000000000 2
656 808 3 8192 2.000000000 2
656 824 3 8192 2.000000000 2
656 872 3 8192 2.000000000 2
656 916 3 8192 2.000000000 2
656 924 3 8192 2.000000000 2
656 936 3 8192 2.000000000 2
656 940 3 8192 2.000000000 2
656 968 3 8192 2.000000000 2
656 1016 3 8192 2.000000000 2
656 1020 3 8192 2.000000000 2
656 1056 3 8192 2.000000000 2
656 1072 3 8192 2.000000000 2
656 1084 3 8192 2.000000000 2
656 1088 3 8192 2.000000000 2
656 1120 3 8192 2.000000000 2
656 1152 3 8192 2.000000000 2
656 1164 3 8192 2.000000000 2
656 1184 3 8192 2.000000000 2
656 1188 3 8192 2.000000000 2
656 1216 3 8192 2.000000000 2
656 1224 3 8192 2.000000000 2
656 1228 3 8192 2.000000000 2
656 1256 3 8192 2.000000000 2
664 12 3 8192 2.000000000 2
664 32 3 8192 2.000000000 2
664 44 3 8192 2.000000000 2
664 60 3 8192 2.000000000 2
664 80 3 8192 2.000000000 2
664 104 3 8192 2.000000000 2
664 136 3 8192 2.000000000 2
664 156 3 8192 2.000000000 2
664 160 3 8192 2.000000000 2
664 164 3 8192 2.000000000 2
664 196 3 8192 2.000000000 2
664 220 3 8192 2.000000000 2
664 232 3 8192 2.000000000 2
664 236 3 8192 2.000000000 2
664 260 3 8192 2.000000000 2
664 264 3 8192 2.000000000 2
664 296 3 8192 2.000000000 2
664 304 3 8192 2.000000000 2
664 324 3 8192 2.000000000 2
664 360 3 8192 2.000000000 2
664 364 3 8192 2.000000000 2
664 396 3 8192 2.000000000 2
664 408 3 8192 2.000000000 2
664 420 3 8192 2.000000000 2
664 436 3 8192 2.000000000 2
664 444 3 8192 2.000000000 2
664 460 3 8192 2.000000000 2
664 472 3 8192 2.000000000 2
664 500 3 8192 2.000000000 2
664 532 3 8192 2.000000000 2
664 544 3 8192 2.000000000 2
664 608 3 8192 2.000000000 2
664 624 3 8192 2.000000000 2
664 692 3 8192 2.000000000 2
664 720 3 8192 2.000000000 2
664 732 3 8192 2.000000000 2
664 768 3 8192 2.000000000 2
664 776 3 8192 2.000000000 2
664 780 3 8192 2.000000000 2
664 784 3 8192 2.000000000 2
664 792 3 8192 2.000000000 2
664 796 3 8192 2.000000000 2
664 816 3 8192 2.000000000 2
664 820 3 8192 2.000000000 2
664 844 3 8192 2.000000000 2
664 872 3 8192 2.000000000 2
664 876 3 8192 2.000000000 2
664 880 3 8192 2.000000000 2
664 908 3 8192 2.000000000 2
664 924 3 8192 2.000000000 2
664 940 3 8192 2.000000000 2
664 964 3 8192 2.000000000 2
664 968 3 8192 2.000000000 2
664 972 3 8192 2.000000000 2
664 976 3 8192 2.000000000 2
664 984 3 8192 2.000000000 2
664 1008 3 8192 2.000000000 2
664 1024 3 8192 2.000000000 2
664 1048 3 8192 2.000000000 2
664 1104 3 8192 2.000000000 2
664 1164 3 8192 2.000000000 2
664 1208 3 8192 2.000000000 2
664 1248 3 8192 2.000000000 2
664 1260 3 8192 2.000000000 2
668 32 3 8192 2.000000000 2
668 36 3 8192 2.000000000 2
668 76 3 8192 2.000000000 2
668 84 3 8192 2.000000000 2
668 100 3 8192 2.000000000 2
668 108 3 8192 2.000000000 2
668 112 3 8192 2.000000000 2
668 160 3 8192 2.000000000 2
668 164 3 8192 2.000000000 2
668 176 3 8192 2.000000000 2
668 200 3 8192 2.000000000 2
668 208 3 8192 2.000000000 2
668 212 3 8192 2.000000000 2
668 220 3 8192 2.000000000 2
668 224 3 8192 2.000000000 2
668 300 3 8192 2.000000000 2
668 304 3 8192 2.000000000 2
668 320 3 8192 2.000000000 2
668 324 3 8192 2.000000000 2
668 356 3 8192 2.000000000 2
668 372 3 8192 2.000000000 2
668 380 3 8192 2.000000000 2
668 384 3 8192 2.000000000 2
668 408 3 8192 2.000000000 2
668 412 3 8192 2.000000000 2
668 420 3 8192 2.000000000 2
668 468 3 8192 2.000000000 2
668 488 3 8192 2.000000000 2
668 520 3 8192 2.000000000 2
668 560 3 8192 2.000000000 2
668 596 3 8192 2.000000000 2
668 604 3 8192 2.000000000 2
668 624 3 8192 2.000000000 2
668 644 3 8192 2.000000000 2
668 648 3 8192 2.000000000 2
668 652 3 8192 2.000000000 2
668 664 3 8192 2.000000000 2
668 684 3 8192 2.000000000 2
668 716 3 8192 2.000000000 2
668 724 3 8192 2.000000000 2
668 728 3 8192 2.000000000 2
668 736 3 8192 2.000000000 2
668 800 3 8192 2.000000000 2
668 824 3 8192 2.000000000 2
668 852 3 8192 2.000000000 2
668 860 3 8192 2.000000000 2
668 896 3 8192 2.000000000 2
668 916 3 8192 2.000000000 2
668 924 3 8192 2.000000000 2
668 948 3 8192 2.000000000 2
668 964 3 8192 2.000000000 2
668 968 3 8192 2.000000000 2
668 1000 3 8192 2.000000000 2
668 1008 3 8192 2.000000000 2
668 1020 3 8192 2.000000000 2
668 1048 3 8192 2.000000000 2
668 1060 3 8192 2.000000000 2
668 1148 3 8192 2.000000000 2
668 1172 3 8192 2.000000000 2
668 1180 3 8192 2.000000000 2
668 1184 3 8192 2.000000000 2
668 1200 3 8192 2.000000000 2
668 1224 3 8192 2.000000000 2
668 1248 3 8192 2.000000000 2
672 52 3 8192 2.000000000 2
672 72 3 8192 2.000000000 2
672 96 3 8192 2.000000000 2
672 100 3 8192 2.000000000 2
672 104 3 8192 2.000000000 2
672 112 3 8192 2.000000000 2
672 136 3 8192 2.000000000 2
672 144 3 8192 2.000000000 2
672 156 3 8192 2.000000000 2
672 172 3 8192 2.000000000 2
672 196 3 8192 2.000000000 2
672 204 3 8192 2.000000000 2
672 244 3 8192 2.000000000 2
672 252 3 8192 2.000000000 2
672 264 3 8192 2.000000000 2
672 328 3 8192 2.000000000 2
672 356 3 8192 2.000000000 2
672 360 3 8192 2.000000000 2
672 408 3 8192 2.000000000 2
672 428 3 8192 2.000000000 2
672 432 3 8192 2.000000000 2
672 444 3 8192 2.000000000 2
672 452 3 8192 2.000000000 2
672 460 3 8192 2.000000000 2
672 464 3 8192 2.000000000 2
672 504 3 8192 2.000000000 2
672 536 3 8192 2.000000000 2
672 568 3 8192 2.000000000 2
672 576 3 8192 2.000000000 2
672 584 3 8192 2.000000000 2
672 608 3 8192 2.000000000 2
672 612 3 8192 2.000000000 2
672 628 3 8192 2.000000000 2
672 700 3 8192 2.000000000 2
672 760 3 8192 2.000000000 2
672 776 3 8192 2.000000000 2
672 792 3 8192 2.000000000 2
672 804 3 8192 2.000000000 2
672 824 3 8192 2.000000000 2
672 836 3 8192 2.000000000 2
672 844 3 8192 2.000000000 2
672 852 3 8192 2.000000000 2
672 872 3 8192 2.000000000 2
672 920 3 8192 2.000000000 2
672 936 3 8192 2.000000000 2
672 940 3 8192 2.000000000 2
672 972 3 8192 2.000000000 2
672 980 3 8192 2.000000000 2
672 1000 3 8192 2.000000000 2
672 1016 3 8192 2.000000000 2
672 1020 3 8192 2.000000000 2
672 1024 3 8192 2.000000000 2
672 1060 3 8192 2.000000000 2
672 1068 3 8192 2.000000000 2
672 1076 3 8192 2.000000000 2
672 1100 3 8192 2.000000000 2
672 1120 3 8192 2.000000000 2
672 1128 3 8192 2.000000000 2
672 1140 3 8192 2.000000000 2
672 1184 3 8192 2.000000000 2
672 1204 3 8192 2.000000000 2
672 1224 3 8192 2.000000000 2
672 1240 3 8192 2.000000000 2
672 1248 3 8192 2.000000000 2
680 12 3 8192 2.000000000 2
680 48 3 8192 2.000000000 2
680 68 3 8192 2.000000000 2
680 72 3 8192 2.000000000 2
680 96 3 8192 2.000000000 2
680 112 3 8192 2.000000000 2
680 116 3 8192 2.000000000 2
680 172 3 8192 2.000000000 2
680 196 3 8192 2.000000000 2
680 204 3 8192 2.000000000 2
680 236 3 8192 2.000000000 2
680 252 3 8192 2.000000000 2
680 272 3 8192 2.000000000 2
680 304 3 8192 2.000000000 2
680 312 3 8192 2.000000000 2
680 344 3 8192 2.000000000 2
680 356 3 8192 2.000000000 2
680 364 3 8192 2.000000000 2
680 384 3 8192 2.000000000 2
680 444 3 8192 2.000000000 2
680 464 3 8192 2.000000000 2
680 468 3 8192 2.000000000 2
680 472 3 8192 2.000000000 2
680 492 3 8192 2.000000000 2
680 500 3 8192 2.000000000 2
680 524 3 8192 2.000000000 2
680 528 3 8192 2.000000000 2
680 536 3 8192 2.000000000 2
680 540 3 8192 2.000000000 2
680 544 3 8192 2.000000000 2
680 588 3 8192 2.000000000 2
680 600 3 8192 2.000000000 2
680 616 3 8192 2.000000000 2
680 640 3 8192 2.000000000 2
680 664 3 8192 2.000000000 2
680 672 3 8192 2.000000000 2
680 692 3 8192 2.000000000 2
680 724 3 8192 2.000000000 2
680 732 3 8192 2.000000000 2
680 756 3 8192 2.000000000 2
680 764 3 8192 2.000000000 2
680 768 3 8192 2.000000000 2
680 796 3 8192 2.000000000 2
680 804 3 8192 2.000000000 2
680 816 3 8192 2.000000000 2
680 860 3 8192 2.000000000 2
680 876 3 8192 2.000000000 2
680 888 3 8192 2.000000000 2
680 896 3 8192 2.000000000 2
680 916 3 8192 2.000000000 2
680 936 3 8192 2.000000000 2
680 984 3 8192 2.000000000 2
680 1024 3 8192 2.000000000 2
680 1052 3 8192 2.000000000 2
680 1072 3 8192 2.000000000 2
680 1076 3 8192 2.000000000 2
680 1084 3 8192 2.000000000 2
680 1096 3 8192 2.000000000 2
680 1120 3 8192 2.000000000 2
680 1140 3 8192 2.000000000 2
680 1196 3 8192 2.000000000 2
680 1212 3 8192 2.000000000 2
680 1240 3 8192 2.000000000 2
680 1252 3 8192 2.000000000 2
684 24 3 8192 2.000000000 2
684 32 3 8192 2.000000000 2
684 36 3 8192 2.000000000 2
684 48 3 8192 2.000000000 2
684 84 3 8192 2.000000000 2
684 116 3 8192 2.000000000 2
684 136 3 8192 2.000000000 2
684 156 3 8192 2.000000000 2
684 172 3 8192 2.000000000 2
684 208 3 8192 2.000000000 2
684 224 3 8192 2.000000000 2
684 228 3 8192 2.000000000 2
684 232 3 8192 2.000000000 2
684 252 3 8192 2.000000000 2
684 264 3 8192 2.000000000 2
684 272 3 8192 2.000000000 2
684 300 3 8192 2.000000000 2
684 320 3 8192 2.000000000 2
684 356 3 8192 2.000000000 2
684 364 3 8192 2.000000000 2
684 400 3 8192 2.000000000 2
684 436 3 8192 2.000000000 2
684 452 3 8192 2.000000000 2
684 476 3 8192 2.000000000 2
684 488 3 8192 2.000000000 2
684 552 3 8192 2.000000000 2
684 596 3 8192 2.000000000 2
684 600 3 8192 2.000000000 2
684 612 3 8192 2.000000000 2
684 616 3 8192 2.000000000 2
684 636 3 8192 2.000000000 2
684 668 3 8192 2.000000000 2
684 692 3 8192 2.000000000 2
684 708 3 8192 2.000000000 2
684 712 3 8192 2.000000000 2
684 720 3 8192 2.000000000 2
684 736 3 8192 2.000000000 2
684 740 3 8192 2.000000000 2
684 744 3 8192 2.000000000 2
684 764 3 8192 2.000000000 2
684 792 3 8192 2.000000000 2
684 800 3 8192 2.000000000 2
684 836 3 8192 2.000000000 2
684 872 3 8192 2.000000000 2
684 884 3 8192 2.000000000 2
684 896 3 8192 2.000000000 2
684 924 3 8192 2.000000000 2
684 936 3 8192 2.000000000 2
684 1000 3 8192 2.000000000 2
684 1008 3 8192 2.000000000 2
684 1024 3 8192 2.000000000 2
684 1032 3 8192 2.000000000 2
684 1044 3 8192 2.000000000 2
684 1068 3 8192 2.000000000 2
684 1072 3 8192 2.000000000 2
684 1076 3 8192 2.000000000 2
684 1088 3 8192 2.000000000 2
684 1124 3 8192 2.000000000 2
684 1144 3 8192 2.000000000 2
684 1172 3 8192 2.000000000 2
684 1180 3 8192 2.000000000 2
684 1240 3 8192 2.000000000 2
684 1272 3 8192 2.000000000 2
684 1276 3 8192 2.000000000 2
688 0 3 8192 2.000000000 2
688 24 3 8192 2.000000000 2
688 32 3 8192 2.000000000 2
688 44 3 8192 2.000000000 2
688 76 3 8192 2.000000000 2
688 96 3 8192 2.000000000 2
688 116 3 8192 2.000000000 2
688 152 3 8192 2.000000000 2
688 176 3 8192 2.000000000 2
688 208 3 8192 2.000000000 2
688 212 3 8192 2.000000000 2
688 232 3 8192 2.000000000 2
688 260 3 8192 2.000000000 2
688 264 3 8192 2.000000000 2
688 300 3 8192 2.000000000 2
688 328 3 8192 2.000000000 2
688 372 3 8192 2.000000000 2
688 388 3 8192 2.000000000 2
688 404 3 8192 2.000000000 2
688 416 3 8192 2.000000000 2
688 428 3 8192 2.000000000 2
688 444 3 8192 2.000000000 2
688 452 3 8192 2.000000000 2
688 476 3 8192 2.000000000 2
688 520 3 8192 2.000000000 2
688 528 3 8192 2.000000000 2
688 540 3 8192 2.000000000 2
688 568 3 8192 2.000000000 2
688 616 3 8192 2.000000000 2
688 620 3 8192 2.000000000 2
688 632 3 8192 2.000000000 2
688 640 3 8192 2.000000000 2
688 648 3 8192 2.000000000 2
688 664 3 8192 2.000000000 2
688 684 3 8192 2.000000000 2
688 708 3 8192 2.000000000 2
688 712 3 8192 2.000000000 2
688 716 3 8192 2.000000000 2
688 720 3 8192 2.000000000 2
688 724 3 8192 2.000000000 2
688 728 3 8192 2.000000000 2
688 748 3 8192 2.000000000 2
688 756 3 8192 2.000000000 2
688 768 3 8192 2.000000000 2
688 780 3 8192 2.000000000 2
688 796 3 8192 2.000000000 2
688 816 3 8192 2.000000000 2
688 824 3 8192 2.000000000 2
688 844 3 8192 2.000000000 2
688 876 3 8192 2.000000000 2
688 1024 3 8192 2.000000000 2
688 1048 3 8192 2.000000000 2
688 1052 3 8192 2.000000000 2
688 1056 3 8192 2.000000000 2
688 1084 3 8192 2.000000000 2
688 1128 3 8192 2.000000000 2
688 1140 3 8192 2.000000000 2
688 1152 3 8192 2.000000000 2
688 1200 3 8192 2.000000000 2
688 1204 3 8192 2.000000000 2
688 1244 3 8192 2.000000000 2
688 1252 3 8192 2.000000000 2
688 1256 3 8192 2.000000000 2
688 1272 3 8192 2.000000000 2
692 0 3 8192 2.000000000 2
692 52 3 8192 2.000000000 2
692 88 3 8192 2.000000000 2
692 104 3 8192 2.000000000 2
692 120 3 8192 2.000000000 2
692 160 3 8192 2.000000000 2
692 224 3 8192 2.000000000 2
692 264 3 8192 2.000000000 2
692 292 3 8192 2.000000000 2
692 296 3 8192 2.000000000 2
692 380 3 8192 2.000000000 2
692 388 3 8192 2.000000000 2
692 464 3 8192 2.000000000 2
692 468 3 8192 2.000000000 2
692 476 3 8192 2.000000000 2
692 492 3 8192 2.000000000 2
692 504 3 8192 2.000000000 2
692 516 3 8192 2.000000000 2
692 520 3 8192 2.000000000 2
692 524 3 8192 2.000000000 2
692 532 3 8192 2.000000000 2
692 552 3 8192 2.000000000 2
692 572 3 8192 2.000000000 2
692 608 3 8192 2.000000000 2
692 612 3 8192 2.000000000 2
692 628 3 8192 2.000000000 2
692 648 3 8192 2.000000000 2
692 652 3 8192 2.000000000 2
692 656 3 8192 2.000000000 2
692 712 3 8192 2.000000000 2
692 756 3 8192 2.000000000 2
692 768 3 8192 2.000000000 2
692 792 3 8192 2.000000000 2
692 836 3 8192 2.000000000 2
692 844 3 8192 2.000000000 2
692 856 3 8192 2.000000000 2
692 860 3 8192 2.000000000 2
692 884 3 8192 2.000000000 2
692 908 3 8192 2.000000000 2
692 920 3 8192 2.000000000 2
692 924 3 8192 2.000000000 2
692 932 3 8192 2.000000000 2
692 948 3 8192 2.000000000 2
692 964 3 8192 2.000000000 2
692 976 3 8192 2.000000000 2
692 1048 3 8192 2.000000000 2
692 1052 3 8192 2.000000000 2
692 1056 3 8192 2.000000000 2
692 1068 3 8192 2.000000000 2
692 1076 3 8192 2.000000000 2
692 1084 3 8192 2.000000000 2
692 1096 3 8192 2.000000000 2
692 1108 3 8192 2.000000000 2
692 1124 3 8192 2.000000000 2
692 1128 3 8192 2.000000000 2
692 1188 3 8192 2.000000000 2
692 1200 3 8192 2.000000000 2
692 1208 3 8192 2.000000000 2
692 1216 3 8192 2.000000000 2
692 1236 3 8192 2.000000000 2
692 1240 3 8192 2.000000000 2
692 1256 3 8192 2.000000000 2
692 1264 3 8192 2.000000000 2
692 1276 3 8192 2.000000000 2
700 60 3 8192 2.000000000 2
700 76 3 8192 2.000000000 2
700 144 3 8192 2.000000000 2
700 156 3 8192 2.000000000 2
700 164 3 8192 2.000000000 2
700 212 3 8192 2.000000000 2
700 228 3 8192 2.000000000 2
700 240 3 8192 2.000000000 2
700 248 3 8192 2.000000000 2
700 296 3 8192 2.000000000 2
700 360 3 8192 2.000000000 2
700 364 3 8192 2.000000000 2
700 372 3 8192 2.000000000 2
700 384 3 8192 2.000000000 2
700 400 3 8192 2.000000000 2
700 412 3 8192 2.000000000 2
700 432 3 8192 2.000000000 2
700 452 3 8192 2.000000000 2
700 472 3 8192 2.000000000 2
700 476 3 8192 2.000000000 2
700 488 3 8192 2.000000000 2
700 524 3 8192 2.000000000 2
700 532 3 8192 2.000000000 2
700 544 3 8192 2.000000000 2
700 568 3 8192 2.000000000 2
700 576 3 8192 2.000000000 2
700 584 3 8192 2.000000000 2
700 596 3 8192 2.000000000 2
700 600 3 8192 2.000000000 2
700 612 3 8192 2.000000000 2
700 652 3 8192 2.000000000 2
700 664 3 8192 2.000000000 2
700 668 3 8192 2.000000000 2
700 684 3 8192 2.000000000 2
700 688 3 8192 2.000000000 2
700 744 3 8192 2.000000000 2
700 756 3 8192 2.000000000 2
700 764 3 8192 2.000000000 2
700 768 3 8192 2.000000000 2
700 800 3 8192 2.000000000 2
700 844 3 8192 2.000000000 2
700 876 3 8192 2.000000000 2
700 892 3 8192 2.000000000 2
700 916 3 8192 2.000000000 2
700 936 3 8192 2.000000000 2
700 940 3 8192 2.000000000 2
700 984 3 8192 2.000000000 2
700 1016 3 8192 2.000000000 2
700 1020 3 8192 2.000000000 2
700 1032 3 8192 2.000000000 2
700 1044 3 8192 2.000000000 2
700 1060 3 8192 2.000000000 2
700 1140 3 8192 2.000000000 2
700 1144 3 8192 2.000000000 2
700 1156 3 8192 2.000000000 2
700 1160 3 8192 2.000000000 2
700 1168 3 8192 2.000000000 2
700 1172 3 8192 2.000000000 2
700 1216 3 8192 2.000000000 2
700 1220 3 8192 2.000000000 2
700 1228 3 8192 2.000000000 2
700 1236 3 8192 2.000000000 2
700 1256 3 8192 2.000000000 2
700 1260 3 8192 2.000000000 2
708 12 3 8192 2.000000000 2
708 52 3 8192 2.000000000 2
708 72 3 8192 2.000000000 2
708 112 3 8192 2.000000000 2
708 116 3 8192 2.000000000 2
708 156 3 8192 2.000000000 2
708 196 3 8192 2.000000000 2
708 204 3 8192 2.000000000 2
708 244 3 8192 2.000000000 2
708 248 3 8192 2.000000000 2
708 272 3 8192 2.000000000 2
708 304 3 8192 2.000000000 2
708 360 3 8192 2.000000000 2
708 364 3 8192 2.000000000 2
708 388 3 8192 2.000000000 2
708 404 3 8192 2.000000000 2
708 440 3 8192 2.000000000 2
708 452 3 8192 2.000000000 2
708 460 3 8192 2.000000000 2
708 476 3 8192 2.000000000 2
708 480 3 8192 2.000000000 2
708 524 3 8192 2.000000000 2
708 528 3 8192 2.000000000 2
708 568 3 8192 2.000000000 2
708 572 3 8192 2.000000000 2
708 584 3 8192 2.000000000 2
708 612 3 8192 2.000000000 2
708 636 3 8192 2.000000000 2
708 648 3 8192 2.000000000 2
708 652 3 8192 2.000000000 2
708 656 3 8192 2.000000000 2
708 724 3 8192 2.000000000 2
708 728 3 8192 2.000000000 2
708 756 3 8192 2.000000000 2
708 764 3 8192 2.000000000 2
708 776 3 8192 2.000000000 2
708 796 3 8192 2.000000000 2
708 804 3 8192 2.000000000 2
708 820 3 8192 2.000000000 2
708 828 3 8192 2.000000000 2
708 836 3 8192 2.000000000 2
708 880 3 8192 2.000000000 2
708 896 3 8192 2.000000000 2
708 932 3 8192 2.000000000 2
708 976 3 8192 2.000000000 2
708 984 3 8192 2.000000000 2
708 1000 3 8192 2.000000000 2
708 1012 3 8192 2.000000000 2
708 1016 3 8192 2.000000000 2
708 1024 3 8192 2.000000000 2
708 1040 3 8192 2.000000000 2
708 1060 3 8192 2.000000000 2
708 1072 3 8192 2.000000000 2
708 1120 3 8192 2.000000000 2
708 1124 3 8192 2.000000000 2
708 1140 3 8192 2.000000000 2
708 1156 3 8192 2.000000000 2
708 1160 3 8192 2.000000000 2
708 1188 3 8192 2.000000000 2
708 1208 3 8192 2.000000000 2
708 1212 3 8192 2.000000000 2
708 1220 3 8192 2.000000000 2
708 1248 3 8192 2.000000000 2
708 1276 3 8192 2.000000000 2
712 4 3 8192 2.000000000 2
712 28 3 8192 2.000000000 2
712 32 3 8192 2.000000000 2
712 108 3 8192 2.000000000 2
712 180 3 8192 2.000000000 2
712 188 3 8192 2.000000000 2
712 224 3 8192 2.000000000 2
712 252 3 8192 2.000000000 2
712 260 3 8192 2.000000000 2
712 264 3 8192 2.000000000 2
712 304 3 8192 2.000000000 2
712 312 3 8192 2.000000000 2
712 324 3 8192 2.000000000 2
712 328 3 8192 2.000000000 2
712 348 3 8192 2.000000000 2
712 364 3 8192 2.000000000 2
712 380 3 8192 2.000000000 2
712 400 3 8192 2.000000000 2
712 420 3 8192 2.000000000 2
712 428 3 8192 2.000000000 2
712 460 3 8192 2.000000000 2
712 468 3 8192 2.000000000 2
712 476 3 8192 2.000000000 2
712 480 3 8192 2.000000000 2
712 488 3 8192 2.000000000 2
712 524 3 8192 2.000000000 2
712 532 3 8192 2.000000000 2
712 560 3 8192 2.000000000 2
712 576 3 8192 2.000000000 2
712 584 3 8192 2.000000000 2
712 588 3 8192 2.000000000 2
712 600 3 8192 2.000000000 2
712 640 3 8192 2.000000000 2
712 672 3 8192 2.000000000 2
712 680 3 8192 2.000000000 2
712 684 3 8192 2.000000000 2
712 720 3 8192 2.000000000 2
712 724 3 8192 2.000000000 2
712 728 3 8192 2.000000000 2
712 740 3 8192 2.000000000 2
712 780 3 8192 2.000000000 2
712 796 3 8192 2.000000000 2
712 808 3 8192 2.000000000 2
712 816 3 8192 2.000000000 2
712 820 3 8192 2.000000000 2
712 828 3 8192 2.000000000 2
712 852 3 8192 2.000000000 2
712 860 3 8192 2.000000000 2
712 876 3 8192 2.000000000 2
712 908 3 8192 2.000000000 2
712 924 3 8192 2.000000000 2
712 948 3 8192 2.000000000 2
712 992 3 8192 2.000000000 2
712 1008 3 8192 2.000000000 2
712 1024 3 8192 2.000000000 2
712 1040 3 8192 2.000000000 2
712 1052 3 8192 2.000000000 2
712 1128 3 8192 2.000000000 2
712 1140 3 8192 2.000000000 2
712 1192 3 8192 2.000000000 2
712 1200 3 8192 2.000000000 2
712 1248 3 8192 2.000000000 2
712 1256 3 8192 2.000000000 2
712 1276 3 8192 2.000000000 2
716 8 3 8192 2.000000000 2
716 24 3 8192 2.000000000 2
716 80 3 8192 2.000000000 2
716 136 3 8192 2.000000000 2
716 144 3 8192 2.000000000 2
716 160 3 8192 2.000000000 2
716 180 3 8192 2.000000000 2
716 200 3 8192 2.000000000 2
716 204 3 8192 2.000000000 2
716 232 3 8192 2.000000000 2
716 244 3 8192 2.000000000 2
716 248 3 8192 2.000000000 2
716 252 3 8192 2.000000000 2
716 264 3 8192 2.000000000 2
716 272 3 8192 2.000000000 2
716 292 3 8192 2.000000000 2
716 296 3 8192 2.000000000 2
716 304 3 8192 2.000000000 2
716 380 3 8192 2.000000000 2
716 400 3 8192 2.000000000 2
716 420 3 8192 2.000000000 2
716 444 3 8192 2.000000000 2
716 452 3 8192 2.000000000 2
716 464 3 8192 2.000000000 2
716 472 3 8192 2.000000000 2
716 576 3 8192 2.000000000 2
716 580 3 8192 2.000000000 2
716 588 3 8192 2.000000000 2
716 600 3 8192 2.000000000 2
716 624 3 8192 2.000000000 2
716 656 3 8192 2.000000000 2
716 664 3 8192 2.000000000 2
716 668 3 8192 2.000000000 2
716 700 3 8192 2.000000000 2
716 720 3 8192 2.000000000 2
716 736 3 8192 2.000000000 2
716 768 3 8192 2.000000000 2
716 776 3 8192 2.000000000 2
716 780 3 8192 2.000000000 2
716 792 3 8192 2.000000000 2
716 796 3 8192 2.000000000 2
716 844 3 8192 2.000000000 2
716 852 3 8192 2.000000000 2
716 892 3 8192 2.000000000 2
716 916 3 8192 2.000000000 2
716 936 3 8192 2.000000000 2
716 948 3 8192 2.000000000 2
716 976 3 8192 2.000000000 2
716 1008 3 8192 2.000000000 2
716 1024 3 8192 2.000000000 2
716 1068 3 8192 2.000000000 2
716 1104 3 8192 2.000000000 2
716 1120 3 8192 2.000000000 2
716 1148 3 8192 2.000000000 2
716 1160 3 8192 2.000000000 2
716 1164 3 8192 2.000000000 2
716 1184 3 8192 2.000000000 2
716 1200 3 8192 2.000000000 2
716 1212 3 8192 2.000000000 2
716 1224 3 8192 2.000000000 2
716 1228 3 8192 2.000000000 2
716 1244 3 8192 2.000000000 2
716 1260 3 8192 2.000000000 2
716 1264 3 8192 2.000000000 2
720 32 3 8192 2.000000000 2
720 68 3 8192 2.000000000 2
720 72 3 8192 2.000000000 2
720 80 3 8192 2.000000000 2
720 92 3 8192 2.000000000 2
720 104 3 8192 2.000000000 2
720 120 3 8192 2.000000000 2
720 152 3 8192 2.000000000 2
720 156 3 8192 2.000000000 2
720 160 3 8192 2.000000000 2
720 188 3 8192 2.000000000 2
720 220 3 8192 2.000000000 2
720 252 3 8192 2.000000000 2
720 276 3 8192 2.000000000 2
720 292 3 8192 2.000000000 2
720 348 3 8192 2.000000000 2
720 376 3 8192 2.000000000 2
720 380 3 8192 2.000000000 2
720 412 3 8192 2.000000000 2
720 428 3 8192 2.000000000 2
720 452 3 8192 2.000000000 2
720 472 3 8192 2.000000000 2
720 488 3 8192 2.000000000 2
720 536 3 8192 2.000000000 2
720 548 3 8192 2.000000000 2
720 552 3 8192 2.000000000 2
720 576 3 8192 2.000000000 2
720 580 3 8192 2.000000000 2
720 600 3 8192 2.000000000 2
720 616 3 8192 2.000000000 2
720 620 3 8192 2.000000000 2
720 624 3 8192 2.000000000 2
720 664 3 8192 2.000000000 2
720 668 3 8192 2.000000000 2
720 712 3 8192 2.000000000 2
720 728 3 8192 2.000000000 2
720 740 3 8192 2.000000000 2
720 760 3 8192 2.000000000 2
720 776 3 8192 2.000000000 2
720 780 3 8192 2.000000000 2
720 820 3 8192 2.000000000 2
720 844 3 8192 2.000000000 2
720 884 3 8192 2.000000000 2
720 904 3 8192 2.000000000 2
720 920 3 8192 2.000000000 2
720 976 3 8192 2.000000000 2
720 992 3 8192 2.000000000 2
720 1048 3 8192 2.000000000 2
720 1060 3 8192 2.000000000 2
720 1096 3 8192 2.000000000 2
720 1104 3 8192 2.000000000 2
720 1140 3 8192 2.000000000 2
720 1156 3 8192 2.000000000 2
720 1164 3 8192 2.000000000 2
720 1172 3 8192 2.000000000 2
720 1176 3 8192 2.000000000 2
720 1180 3 8192 2.000000000 2
720 1184 3 8192 2.000000000 2
720 1216 3 8192 2.000000000 2
720 1224 3 8192 2.000000000 2
720 1228 3 8192 2.000000000 2
720 1256 3 8192 2.000000000 2
720 1264 3 8192 2.000000000 2
720 1272 3 8192 2.000000000 2
724 4 3 8192 2.000000000 2
724 8 3 8192 2.000000000 2
724 28 3 8192 2.000000000 2
724 44 3 8192 2.000000000 2
724 76 3 8192 2.000000000 2
724 80 3 8192 2.000000000 2
724 88 3 8192 2.000000000 2
724 104 3 8192 2.000000000 2
724 108 3 8192 2.000000000 2
724 140 3 8192 2.000000000 2
724 144 3 8192 2.000000000 2
724 156 3 8192 2.000000000 2
724 172 3 8192 2.000000000 2
724 200 3 8192 2.000000000 2
724 208 3 8192 2.000000000 2
724 260 3 8192 2.000000000 2
724 276 3 8192 2.000000000 2
724 296 3 8192 2.000000000 2
724 320 3 8192 2.000000000 2
724 360 3 8192 2.000000000 2
724 372 3 8192 2.000000000 2
724 408 3 8192 2.000000000 2
724 416 3 8192 2.000000000 2
724 444 3 8192 2.000000000 2
724 460 3 8192 2.000000000 2
724 500 3 8192 2.000000000 2
724 520 3 8192 2.000000000 2
724 528 3 8192 2.000000000 2
724 532 3 8192 2.000000000 2
724 536 3 8192 2.000000000 2
724 548 3 8192 2.000000000 2
724 552 3 8192 2.000000000 2
724 568 3 8192 2.000000000 2
724 588 3 8192 2.000000000 2
724 596 3 8192 2.000000000 2
724 612 3 8192 2.000000000 2
724 684 3 8192 2.000000000 2
724 748 3 8192 2.000000000 2
724 804 3 8192 2.000000000 2
724 820 3 8192 2.000000000 2
724 856 3 8192 2.000000000 2
724 884 3 8192 2.000000000 2
724 896 3 8192 2.000000000 2
724 916 3 8192 2.000000000 2
724 920 3 8192 2.000000000 2
724 964 3 8192 2.000000000 2
724 980 3 8192 2.000000000 2
724 984 3 8192 2.000000000 2
724 1000 3 8192 2.000000000 2
724 1020 3 8192 2.000000000 2
724 1044 3 8192 2.000000000 2
724 1052 3 8192 2.000000000 2
724 1068 3 8192 2.000000000 2
724 1088 3 8192 2.000000000 2
724 1096 3 8192 2.000000000 2
724 1104 3 8192 2.000000000 2
724 1120 3 8192 2.000000000 2
724 1124 3 8192 2.000000000 2
724 1216 3 8192 2.000000000 2
724 1220 3 8192 2.000000000 2
724 1252 3 8192 2.000000000 2
724 1256 3 8192 2.000000000 2
724 1264 3 8192 2.000000000 2
724 1272 3 8192 2.000000000 2
728 8 3 8192 2.000000000 2
728 32 3 8192 2.000000000 2
728 84 3 8192 2.000000000 2
728 92 3 8192 2.000000000 2
728 108 3 8192 2.000000000 2
728 144 3 8192 2.000000000 2
728 172 3 8192 2.000000000 2
728 176 3 8192 2.000000000 2
728 188 3 8192 2.000000000 2
728 196 3 8192 2.000000000 2
728 224 3 8192 2.000000000 2
728 228 3 8192 2.000000000 2
728 232 3 8192 2.000000000 2
728 252 3 8192 2.000000000 2
728 276 3 8192 2.000000000 2
728 292 3 8192 2.000000000 2
728 332 3 8192 2.000000000 2
728 360 3 8192 2.000000000 2
728 400 3 8192 2.000000000 2
728 408 3 8192 2.000000000 2
728 416 3 8192 2.000000000 2
728 432 3 8192 2.000000000 2
728 480 3 8192 2.000000000 2
728 500 3 8192 2.000000000 2
728 528 3 8192 2.000000000 2
728 540 3 8192 2.000000000 2
728 588 3 8192 2.000000000 2
728 596 3 8192 2.000000000 2
728 608 3 8192 2.000000000 2
728 620 3 8192 2.000000000 2
728 624 3 8192 2.000000000 2
728 636 3 8192 2.000000000 2
728 740 3 8192 2.000000000 2
728 744 3 8192 2.000000000 2
728 780 3 8192 2.000000000 2
728 784 3 8192 2.000000000 2
728 828 3 8192 2.000000000 2
728 832 3 8192 2.000000000 2
728 856 3 8192 2.000000000 2
728 860 3 8192 2.000000000 2
728 920 3 8192 2.000000000 2
728 924 3 8192 2.000000000 2
728 964 3 8192 2.000000000 2
728 972 3 8192 2.000000000 2
728 992 3 8192 2.000000000 2
728 1008 3 8192 2.000000000 2
728 1012 3 8192 2.000000000 2
728 1024 3 8192 2.000000000 2
728 1044 3 8192 2.000000000 2
728 1048 3 8192 2.000000000 2
728 1056 3 8192 2.000000000 2
728 1060 3 8192 2.000000000 2
728 1088 3 8192 2.000000000 2
728 1096 3 8192 2.000000000 2
728 1104 3 8192 2.000000000 2
728 1148 3 8192 2.000000000 2
728 1168 3 8192 2.000000000 2
728 1176 3 8192 2.000000000 2
728 1180 3 8192 2.000000000 2
728 1200 3 8192 2.000000000 2
728 1236 3 8192 2.000000000 2
728 1252 3 8192 2.000000000 2
728 1256 3 8192 2.000000000 2
728 1272 3 8192 2.000000000 2
732 44 3 8192 2.000000000 2
732 48 3 8192 2.000000000 2
732 68 3 8192 2.000000000 2
732 104 3 8192 2.000000000 2
732 116 3 8192 2.000000000 2
732 164 3 8192 2.000000000 2
732 188 3 8192 2.000000000 2
732 196 3 8192 2.000000000 2
732 200 3 8192 2.000000000 2
732 204 3 8192 2.000000000 2
732 208 3 8192 2.000000000 2
732 216 3 8192 2.000000000 2
732 232 3 8192 2.000000000 2
732 248 3 8192 2.000000000 2
732 296 3 8192 2.000000000 2
732 328 3 8192 2.000000000 2
732 376 3 8192 2.000000000 2
732 400 3 8192 2.000000000 2
732 436 3 8192 2.000000000 2
732 460 3 8192 2.000000000 2
732 480 3 8192 2.000000000 2
732 488 3 8192 2.000000000 2
732 500 3 8192 2.000000000 2
732 516 3 8192 2.000000000 2
732 520 3 8192 2.000000000 2
732 524 3 8192 2.000000000 2
732 532 3 8192 2.000000000 2
732 540 3 8192 2.000000000 2
732 568 3 8192 2.000000000 2
732 584 3 8192 2.000000000 2
732 608 3 8192 2.000000000 2
732 612 3 8192 2.000000000 2
732 624 3 8192 2.000000000 2
732 632 3 8192 2.000000000 2
732 640 3 8192 2.000000000 2
732 672 3 8192 2.000000000 2
732 680 3 8192 2.000000000 2
732 684 3 8192 2.000000000 2
732 700 3 8192 2.000000000 2
732 740 3 8192 2.000000000 2
732 760 3 8192 2.000000000 2
732 776 3 8192 2.000000000 2
732 792 3 8192 2.000000000 2
732 804 3 8192 2.000000000 2
732 816 3 8192 2.000000000 2
732 828 3 8192 2.000000000 2
732 852 3 8192 2.000000000 2
732 856 3 8192 2.000000000 2
732 892 3 8192 2.000000000 2
732 964 3 8192 2.000000000 2
732 1008 3 8192 2.000000000 2
732 1020 3 8192 2.000000000 2
732 1024 3 8192 2.000000000 2
732 1040 3 8192 2.000000000 2
732 1068 3 8192 2.000000000 2
732 1100 3 8192 2.000000000 2
732 1180 3 8192 2.000000000 2
732 1188 3 8192 2.000000000 2
732 1220 3 8192 2.000000000 2
732 1224 3 8192 2.000000000 2
732 1252 3 8192 2.000000000 2
732 1256 3 8192 2.000000000 2
732 1260 3 8192 2.000000000 2
732 1264 3 8192 2.000000000 2
736 4 3 8192 2.000000000 2
736 36 3 8192 2.000000000 2
736 52 3 8192 2.000000000 2
736 68 3 8192 2.000000000 2
736 92 3 8192 2.000000000 2
736 96 3 8192 2.000000000 2
736 104 3 8192 2.000000000 2
736 120 3 8192 2.000000000 2
736 152 3 8192 2.000000000 2
736 156 3 8192 2.000000000 2
736 172 3 8192 2.000000000 2
736 188 3 8192 2.000000000 2
736 196 3 8192 2.000000000 2
736 212 3 8192 2.000000000 2
736 220 3 8192 2.000000000 2
736 224 3 8192 2.000000000 2
736 240 3 8192 2.000000000 2
736 252 3 8192 2.000000000 2
736 260 3 8192 2.000000000 2
736 276 3 8192 2.000000000 2
736 304 3 8192 2.000000000 2
736 312 3 8192 2.000000000 2
736 320 3 8192 2.000000000 2
736 344 3 8192 2.000000000 2
736 372 3 8192 2.000000000 2
736 396 3 8192 2.000000000 2
736 400 3 8192 2.000000000 2
736 404 3 8192 2.000000000 2
736 416 3 8192 2.000000000 2
736 452 3 8192 2.000000000 2
736 488 3 8192 2.000000000 2
736 492 3 8192 2.000000000 2
736 500 3 8192 2.000000000 2
736 520 3 8192 2.000000000 2
736 532 3 8192 2.000000000 2
736 572 3 8192 2.000000000 2
736 596 3 8192 2.000000000 2
736 604 3 8192 2.000000000 2
736 648 3 8192 2.000000000 2
736 680 3 8192 2.000000000 2
736 708 3 8192 2.000000000 2
736 724 3 8192 2.000000000 2
736 728 3 8192 2.000000000 2
736 732 3 8192 2.000000000 2
736 748 3 8192 2.000000000 2
736 796 3 8192 2.000000000 2
736 824 3 8192 2.000000000 2
736 836 3 8192 2.000000000 2
736 888 3 8192 2.000000000 2
736 892 3 8192 2.000000000 2
736 916 3 8192 2.000000000 2
736 940 3 8192 2.000000000 2
736 1044 3 8192 2.000000000 2
736 1056 3 8192 2.000000000 2
736 1060 3 8192 2.000000000 2
736 1068 3 8192 2.000000000 2
736 1100 3 8192 2.000000000 2
736 1112 3 8192 2.000000000 2
736 1156 3 8192 2.000000000 2
736 1204 3 8192 2.000000000 2
736 1220 3 8192 2.000000000 2
736 1240 3 8192 2.000000000 2
736 1264 3 8192 2.000000000 2
736 1272 3 8192 2.000000000 2
740 4 3 8192 2.000000000 2
740 12 3 8192 2.000000000 2
740 52 3 8192 2.000000000 2
740 80 3 8192 2.000000000 2
740 92 3 8192 2.000000000 2
740 100 3 8192 2.000000000 2
740 108 3 8192 2.000000000 2
740 120 3 8192 2.000000000 2
740 172 3 8192 2.000000000 2
740 188 3 8192 2.000000000 2
740 196 3 8192 2.000000000 2
740 204 3 8192 2.000000000 2
740 220 3 8192 2.000000000 2
740 260 3 8192 2.000000000 2
740 320 3 8192 2.000000000 2
740 324 3 8192 2.000000000 2
740 360 3 8192 2.000000000 2
740 388 3 8192 2.000000000 2
740 408 3 8192 2.000000000 2
740 432 3 8192 2.000000000 2
740 484 3 8192 2.000000000 2
740 500 3 8192 2.000000000 2
740 516 3 8192 2.000000000 2
740 548 3 8192 2.000000000 2
740 588 3 8192 2.000000000 2
740 604 3 8192 2.000000000 2
740 620 3 8192 2.000000000 2
740 636 3 8192 2.000000000 2
740 644 3 8192 2.000000000 2
740 652 3 8192 2.000000000 2
740 664 3 8192 2.000000000 2
740 684 3 8192 2.000000000 2
740 728 3 8192 2.000000000 2
740 732 3 8192 2.000000000 2
740 748 3 8192 2.000000000 2
740 776 3 8192 2.000000000 2
740 780 3 8192 2.000000000 2
740 804 3 8192 2.000000000 2
740 816 3 8192 2.000000000 2
740 876 3 8192 2.000000000 2
740 880 3 8192 2.000000000 2
740 896 3 8192 2.000000000 2
740 908 3 8192 2.000000000 2
740 916 3 8192 2.000000000 2
740 920 3 8192 2.000000000 2
740 924 3 8192 2.000000000 2
740 936 3 8192 2.000000000 2
740 940 3 8192 2.000000000 2
740 976 3 8192 2.000000000 2
740 1040 3 8192 2.000000000 2
740 1060 3 8192 2.000000000 2
740 1076 3 8192 2.000000000 2
740 1104 3 8192 2.000000000 2
740 1128 3 8192 2.000000000 2
740 1148 3 8192 2.000000000 2
740 1152 3 8192 2.000000000 2
740 1156 3 8192 2.000000000 2
740 1160 3 8192 2.000000000 2
740 1164 3 8192 2.000000000 2
740 1220 3 8192 2.000000000 2
740 1228 3 8192 2.000000000 2
740 1236 3 8192 2.000000000 2
740 1240 3 8192 2.000000000 2
740 1272 3 8192 2.000000000 2
744 8 3 8192 2.000000000 2
744 32 3 8192 2.000000000 2
744 52 3 8192 2.000000000 2
744 76 3 8192 2.000000000 2
744 80 3 8192 2.000000000 2
744 120 3 8192 2.000000000 2
744 136 3 8192 2.000000000 2
744 160 3 8192 2.000000000 2
744 164 3 8192 2.000000000 2
744 208 3 8192 2.000000000 2
744 220 3 8192 2.000000000 2
744 236 3 8192 2.000000000 2
744 260 3 8192 2.000000000 2
744 296 3 8192 2.000000000 2
744 304 3 8192 2.000000000 2
744 320 3 8192 2.000000000 2
744 324 3 8192 2.000000000 2
744 376 3 8192 2.000000000 2
744 380 3 8192 2.000000000 2
744 404 3 8192 2.000000000 2
744 436 3 8192 2.000000000 2
744 468 3 8192 2.000000000 2
744 472 3 8192 2.000000000 2
744 484 3 8192 2.000000000 2
744 524 3 8192 2.000000000 2
744 532 3 8192 2.000000000 2
744 560 3 8192 2.000000000 2
744 568 3 8192 2.000000000 2
744 584 3 8192 2.000000000 2
744 600 3 8192 2.000000000 2
744 604 3 8192 2.000000000 2
744 624 3 8192 2.000000000 2
744 648 3 8192 2.000000000 2
744 652 3 8192 2.000000000 2
744 656 3 8192 2.000000000 2
744 688 3 8192 2.000000000 2
744 692 3 8192 2.000000000 2
744 700 3 8192 2.000000000 2
744 708 3 8192 2.000000000 2
744 716 3 8192 2.000000000 2
744 720 3 8192 2.000000000 2
744 724 3 8192 2.000000000 2
744 764 3 8192 2.000000000 2
744 816 3 8192 2.000000000 2
744 828 3 8192 2.000000000 2
744 832 3 8192 2.000000000 2
744 852 3 8192 2.000000000 2
744 888 3 8192 2.000000000 2
744 892 3 8192 2.000000000 2
744 896 3 8192 2.000000000 2
744 920 3 8192 2.000000000 2
744 932 3 8192 2.000000000 2
744 948 3 8192 2.000000000 2
744 968 3 8192 2.000000000 2
744 976 3 8192 2.000000000 2
744 984 3 8192 2.000000000 2
744 1012 3 8192 2.000000000 2
744 1044 3 8192 2.000000000 2
744 1068 3 8192 2.000000000 2
744 1084 3 8192 2.000000000 2
744 1184 3 8192 2.000000000 2
744 1196 3 8192 2.000000000 2
744 1220 3 8192 2.000000000 2
744 1264 3 8192 2.000000000 2
748 52 3 8192 2.000000000 2
748 76 3 8192 2.000000000 2
748 96 3 8192 2.000000000 2
748 108 3 8192 2.000000000 2
748 144 3 8192 2.000000000 2
748 152 3 8192 2.000000000 2
748 164 3 8192 2.000000000 2
748 172 3 8192 2.000000000 2
748 176 3 8192 2.000000000 2
748 180 3 8192 2.000000000 2
748 204 3 8192 2.000000000 2
748 216 3 8192 2.000000000 2
748 236 3 8192 2.000000000 2
748 240 3 8192 2.000000000 2
748 272 3 8192 2.000000000 2
748 300 3 8192 2.000000000 2
748 348 3 8192 2.000000000 2
748 360 3 8192 2.000000000 2
748 376 3 8192 2.000000000 2
748 380 3 8192 2.000000000 2
748 396 3 8192 2.000000000 2
748 400 3 8192 2.000000000 2
748 412 3 8192 2.000000000 2
748 416 3 8192 2.000000000 2
748 420 3 8192 2.000000000 2
748 432 3 8192 2.000000000 2
748 436 3 8192 2.000000000 2
748 460 3 8192 2.000000000 2
748 480 3 8192 2.000000000 2
748 484 3 8192 2.000000000 2
748 488 3 8192 2.000000000 2
748 516 3 8192 2.000000000 2
748 568 3 8192 2.000000000 2
748 596 3 8192 2.000000000 2
748 636 3 8192 2.000000000 2
748 644 3 8192 2.000000000 2
748 684 3 8192 2.000000000 2
748 688 3 8192 2.000000000 2
748 760 3 8192 2.000000000 2
748 764 3 8192 2.000000000 2
748 768 3 8192 2.000000000 2
748 776 3 8192 2.000000000 2
748 780 3 8192 2.000000000 2
748 808 3 8192 2.000000000 2
748 828 3 8192 2.000000000 2
748 836 3 8192 2.000000000 2
748 844 3 8192 2.000000000 2
748 884 3 8192 2.000000000 2
748 896 3 8192 2.000000000 2
748 964 3 8192 2.000000000 2
748 972 3 8192 2.000000000 2
748 992 3 8192 2.000000000 2
748 1008 3 8192 2.000000000 2
748 1032 3 8192 2.000000000 2
748 1040 3 8192 2.000000000 2
748 1052 3 8192 2.000000000 2
748 1068 3 8192 2.000000000 2
748 1076 3 8192 2.000000000 2
748 1088 3 8192 2.000000000 2
748 1160 3 8192 2.000000000 2
748 1188 3 8192 2.000000000 2
748 1220 3 8192 2.000000000 2
748 1228 3 8192 2.000000000 2
748 1240 3 8192 2.000000000 2
756 4 3 8192 2.000000000 2
756 12 3 8192 2.000000000 2
756 28 3 8192 2.000000000 2
756 36 3 8192 2.000000000 2
756 44 3 8192 2.000000000 2
756 60 3 8192 2.000000000 2
756 112 3 8192 2.000000000 2
756 116 3 8192 2.000000000 2
756 136 3 8192 2.000000000 2
756 140 3 8192 2.000000000 2
756 160 3 8192 2.000000000 2
756 164 3 8192 2.000000000 2
756 172 3 8192 2.000000000 2
756 224 3 8192 2.000000000 2
756 232 3 8192 2.000000000 2
756 240 3 8192 2.000000000 2
756 248 3 8192 2.000000000 2
756 276 3 8192 2.000000000 2
756 304 3 8192 2.000000000 2
756 328 3 8192 2.000000000 2
756 372 3 8192 2.000000000 2
756 376 3 8192 2.000000000 2
756 380 3 8192 2.000000000 2
756 404 3 8192 2.000000000 2
756 428 3 8192 2.000000000 2
756 436 3 8192 2.000000000 2
756 452 3 8192 2.000000000 2
756 464 3 8192 2.000000000 2
756 480 3 8192 2.000000000 2
756 488 3 8192 2.000000000 2
756 492 3 8192 2.000000000 2
756 520 3 8192 2.000000000 2
756 532 3 8192 2.000000000 2
756 580 3 8192 2.000000000 2
756 584 3 8192 2.000000000 2
756 620 3 8192 2.000000000 2
756 632 3 8192 2.000000000 2
756 648 3 8192 2.000000000 2
756 656 3 8192 2.000000000 2
756 672 3 8192 2.000000000 2
756 700 3 8192 2.000000000 2
756 712 3 8192 2.000000000 2
756 740 3 8192 2.000000000 2
756 744 3 8192 2.000000000 2
756 748 3 8192 2.000000000 2
756 768 3 8192 2.000000000 2
756 844 3 8192 2.000000000 2
756 908 3 8192 2.000000000 2
756 912 3 8192 2.000000000 2
756 1008 3 8192 2.000000000 2
756 1020 3 8192 2.000000000 2
756 1024 3 8192 2.000000000 2
756 1032 3 8192 2.000000000 2
756 1056 3 8192 2.000000000 2
756 1072 3 8192 2.000000000 2
756 1076 3 8192 2.000000000 2
756 1088 3 8192 2.000000000 2
756 1128 3 8192 2.000000000 2
756 1188 3 8192 2.000000000 2
756 1200 3 8192 2.000000000 2
756 1220 3 8192 2.000000000 2
756 1240 3 8192 2.000000000 2
756 1244 3 8192 2.000000000 2
756 1260 3 8192 2.000000000 2
760 4 3 8192 2.000000000 2
760 8 3 8192 2.000000000 2
760 28 3 8192 2.000000000 2
760 48 3 8192 2.000000000 2
760 160 3 8192 2.000000000 2
760 188 3 8192 2.000000000 2
760 204 3 8192 2.000000000 2
760 216 3 8192 2.000000000 2
760 236 3 8192 2.000000000 2
760 240 3 8192 2.000000000 2
760 260 3 8192 2.000000000 2
760 264 3 8192 2.000000000 2
760 344 3 8192 2.000000000 2
760 356 3 8192 2.000000000 2
760 364 3 8192 2.000000000 2
760 372 3 8192 2.000000000 2
760 380 3 8192 2.000000000 2
760 396 3 8192 2.000000000 2
760 432 3 8192 2.000000000 2
760 476 3 8192 2.000000000 2
760 488 3 8192 2.000000000 2
760 492 3 8192 2.000000000 2
760 524 3 8192 2.000000000 2
760 532 3 8192 2.000000000 2
760 560 3 8192 2.000000000 2
760 580 3 8192 2.000000000 2
760 596 3 8192 2.000000000 2
760 608 3 8192 2.000000000 2
760 612 3 8192 2.000000000 2
760 664 3 8192 2.000000000 2
760 700 3 8192 2.000000000 2
760 724 3 8192 2.000000000 2
760 736 3 8192 2.000000000 2
760 740 3 8192 2.000000000 2
760 744 3 8192 2.000000000 2
760 756 3 8192 2.000000000 2
760 776 3 8192 2.000000000 2
760 780 3 8192 2.000000000 2
760 784 3 8192 2.000000000 2
760 792 3 8192 2.000000000 2
760 796 3 8192 2.000000000 2
760 824 3 8192 2.000000000 2
760 828 3 8192 2.000000000 2
760 856 3 8192 2.000000000 2
760 860 3 8192 2.000000000 2
760 872 3 8192 2.000000000 2
760 876 3 8192 2.000000000 2
760 892 3 8192 2.000000000 2
760 896 3 8192 2.000000000 2
760 924 3 8192 2.000000000 2
760 964 3 8192 2.000000000 2
760 1012 3 8192 2.000000000 2
760 1016 3 8192 2.000000000 2
760 1020 3 8192 2.000000000 2
760 1056 3 8192 2.000000000 2
760 1084 3 8192 2.000000000 2
760 1112 3 8192 2.000000000 2
760 1164 3 8192 2.000000000 2
760 1176 3 8192 2.000000000 2
760 1184 3 8192 2.000000000 2
760 1196 3 8192 2.000000000 2
760 1204 3 8192 2.000000000 2
760 1220 3 8192 2.000000000 2
760 1248 3 8192 2.000000000 2
764 8 3 8192 2.000000000 2
764 24 3 8192 2.000000000 2
764 28 3 8192 2.000000000 2
764 52 3 8192 2.000000000 2
764 72 3 8192 2.000000000 2
764 104 3 8192 2.000000000 2
764 116 3 8192 2.000000000 2
764 120 3 8192 2.000000000 2
764 164 3 8192 2.000000000 2
764 196 3 8192 2.000000000 2
764 204 3 8192 2.000000000 2
764 216 3 8192 2.000000000 2
764 232 3 8192 2.000000000 2
764 244 3 8192 2.000000000 2
764 252 3 8192 2.000000000 2
764 260 3 8192 2.000000000 2
764 300 3 8192 2.000000000 2
764 304 3 8192 2.000000000 2
764 356 3 8192 2.000000000 2
764 384 3 8192 2.000000000 2
764 388 3 8192 2.000000000 2
764 396 3 8192 2.000000000 2
764 408 3 8192 2.000000000 2
764 440 3 8192 2.000000000 2
764 452 3 8192 2.000000000 2
764 468 3 8192 2.000000000 2
764 472 3 8192 2.000000000 2
764 492 3 8192 2.000000000 2
764 504 3 8192 2.000000000 2
764 524 3 8192 2.000000000 2
764 528 3 8192 2.000000000 2
764 620 3 8192 2.000000000 2
764 648 3 8192 2.000000000 2
764 672 3 8192 2.000000000 2
764 688 3 8192 2.000000000 2
764 712 3 8192 2.000000000 2
764 720 3 8192 2.000000000 2
764 728 3 8192 2.000000000 2
764 740 3 8192 2.000000000 2
764 768 3 8192 2.000000000 2
764 808 3 8192 2.000000000 2
764 828 3 8192 2.000000000 2
764 844 3 8192 2.000000000 2
764 872 3 8192 2.000000000 2
764 892 3 8192 2.000000000 2
764 916 3 8192 2.000000000 2
764 920 3 8192 2.000000000 2
764 932 3 8192 2.000000000 2
764 984 3 8192 2.000000000 2
764 992 3 8192 2.000000000 2
764 1032 3 8192 2.000000000 2
764 1056 3 8192 2.000000000 2
764 1068 3 8192 2.000000000 2
764 1096 3 8192 2.000000000 2
764 1120 3 8192 2.000000000 2
764 1144 3 8192 2.000000000 2
764 1164 3 8192 2.000000000 2
764 1176 3 8192 2.000000000 2
764 1188 3 8192 2.000000000 2
764 1196 3 8192 2.000000000 2
764 1240 3 8192 2.000000000 2
764 1248 3 8192 2.000000000 2
764 1264 3 8192 2.000000000 2
764 1276 3 8192 2.000000000 2
768 32 3 8192 2.000000000 2
768 48 3 8192 2.000000000 2
768 52 3 8192 2.000000000 2
768 60 3 8192 2.000000000 2
768 104 3 8192 2.000000000 2
768 120 3 8192 2.000000000 2
768 136 3 8192 2.000000000 2
768 240 3 8192 2.000000000 2
768 264 3 8192 2.000000000 2
768 272 3 8192 2.000000000 2
768 276 3 8192 2.000000000 2
768 292 3 8192 2.000000000 2
768 296 3 8192 2.000000000 2
768 300 3 8192 2.000000000 2
768 304 3 8192 2.000000000 2
768 312 3 8192 2.000000000 2
768 320 3 8192 2.000000000 2
768 360 3 8192 2.000000000 2
768 388 3 8192 2.000000000 2
768 396 3 8192 2.000000000 2
768 412 3 8192 2.000000000 2
768 416 3 8192 2.000000000 2
768 432 3 8192 2.000000000 2
768 436 3 8192 2.000000000 2
768 444 3 8192 2.000000000 2
768 476 3 8192 2.000000000 2
768 540 3 8192 2.000000000 2
768 548 3 8192 2.000000000 2
768 552 3 8192 2.000000000 2
768 572 3 8192 2.000000000 2
768 588 3 8192 2.000000000 2
768 600 3 8192 2.000000000 2
768 608 3 8192 2.000000000 2
768 624 3 8192 2.000000000 2
768 656 3 8192 2.000000000 2
768 668 3 8192 2.000000000 2
768 680 3 8192 2.000000000 2
768 688 3 8192 2.000000000 2
768 776 3 8192 2.000000000 2
768 780 3 8192 2.000000000 2
768 784 3 8192 2.000000000 2
768 800 3 8192 2.000000000 2
768 808 3 8192 2.000000000 2
768 816 3 8192 2.000000000 2
768 852 3 8192 2.000000000 2
768 856 3 8192 2.000000000 2
768 904 3 8192 2.000000000 2
768 908 3 8192 2.000000000 2
768 980 3 8192 2.000000000 2
768 984 3 8192 2.000000000 2
768 992 3 8192 2.000000000 2
768 1020 3 8192 2.000000000 2
768 1024 3 8192 2.000000000 2
768 1032 3 8192 2.000000000 2
768 1056 3 8192 2.000000000 2
768 1068 3 8192 2.000000000 2
768 1076 3 8192 2.000000000 2
768 1124 3 8192 2.000000000 2
768 1172 3 8192 2.000000000 2
768 1180 3 8192 2.000000000 2
768 1192 3 8192 2.000000000 2
768 1208 3 8192 2.000000000 2
768 1220 3 8192 2.000000000 2
768 1276 3 8192 2.000000000 2
776 4 3 8192 2.000000000 2
776 8 3 8192 2.000000000 2
776 28 3 8192 2.000000000 2
776 48 3 8192 2.000000000 2
776 76 3 8192 2.000000000 2
776 116 3 8192 2.000000000 2
776 136 3 8192 2.000000000 2
776 220 3 8192 2.000000000 2
776 224 3 8192 2.000000000 2
776 248 3 8192 2.000000000 2
776 300 3 8192 2.000000000 2
776 324 3 8192 2.000000000 2
776 332 3 8192 2.000000000 2
776 364 3 8192 2.000000000 2
776 380 3 8192 2.000000000 2
776 384 3 8192 2.000000000 2
776 396 3 8192 2.000000000 2
776 440 3 8192 2.000000000 2
776 460 3 8192 2.000000000 2
776 488 3 8192 2.000000000 2
776 516 3 8192 2.000000000 2
776 520 3 8192 2.000000000 2
776 524 3 8192 2.000000000 2
776 532 3 8192 2.000000000 2
776 540 3 8192 2.000000000 2
776 580 3 8192 2.000000000 2
776 608 3 8192 2.000000000 2
776 616 3 8192 2.000000000 2
776 624 3 8192 2.000000000 2
776 628 3 8192 2.000000000 2
776 636 3 8192 2.000000000 2
776 652 3 8192 2.000000000 2
776 656 3 8192 2.000000000 2
776 668 3 8192 2.000000000 2
776 712 3 8192 2.000000000 2
776 728 3 8192 2.000000000 2
776 744 3 8192 2.000000000 2
776 784 3 8192 2.000000000 2
776 792 3 8192 2.000000000 2
776 796 3 8192 2.000000000 2
776 804 3 8192 2.000000000 2
776 820 3 8192 2.000000000 2
776 892 3 8192 2.000000000 2
776 916 3 8192 2.000000000 2
776 984 3 8192 2.000000000 2
776 1012 3 8192 2.000000000 2
776 1020 3 8192 2.000000000 2
776 1040 3 8192 2.000000000 2
776 1048 3 8192 2.000000000 2
776 1052 3 8192 2.000000000 2
776 1068 3 8192 2.000000000 2
776 1072 3 8192 2.000000000 2
776 1084 3 8192 2.000000000 2
776 1100 3 8192 2.000000000 2
776 1112 3 8192 2.000000000 2
776 1128 3 8192 2.000000000 2
776 1140 3 8192 2.000000000 2
776 1148 3 8192 2.000000000 2
776 1164 3 8192 2.000000000 2
776 1200 3 8192 2.000000000 2
776 1228 3 8192 2.000000000 2
776 1240 3 8192 2.000000000 2
776 1260 3 8192 2.000000000 2
776 1272 3 8192 2.000000000 2
780 8 3 8192 2.000000000 2
780 12 3 8192 2.000000000 2
780 28 3 8192 2.000000000 2
780 76 3 8192 2.000000000 2
780 80 3 8192 2.000000000 2
780 112 3 8192 2.000000000 2
780 140 3 8192 2.000000000 2
780 156 3 8192 2.000000000 2
780 196 3 8192 2.000000000 2
780 204 3 8192 2.000000000 2
780 208 3 8192 2.000000000 2
780 240 3 8192 2.000000000 2
780 252 3 8192 2.000000000 2
780 272 3 8192 2.000000000 2
780 276 3 8192 2.000000000 2
780 296 3 8192 2.000000000 2
780 300 3 8192 2.000000000 2
780 304 3 8192 2.000000000 2
780 320 3 8192 2.000000000 2
780 328 3 8192 2.000000000 2
780 472 3 8192 2.000000000 2
780 480 3 8192 2.000000000 2
780 488 3 8192 2.000000000 2
780 500 3 8192 2.000000000 2
780 516 3 8192 2.000000000 2
780 580 3 8192 2.000000000 2
780 600 3 8192 2.000000000 2
780 604 3 8192 2.000000000 2
780 608 3 8192 2.000000000 2
780 636 3 8192 2.000000000 2
780 640 3 8192 2.000000000 2
780 656 3 8192 2.000000000 2
780 692 3 8192 2.000000000 2
780 792 3 8192 2.000000000 2
780 816 3 8192 2.000000000 2
780 828 3 8192 2.000000000 2
780 836 3 8192 2.000000000 2
780 876 3 8192 2.000000000 2
780 880 3 8192 2.000000000 2
780 884 3 8192 2.000000000 2
780 896 3 8192 2.000000000 2
780 904 3 8192 2.000000000 2
780 908 3 8192 2.000000000 2
780 932 3 8192 2.000000000 2
780 976 3 8192 2.000000000 2
780 980 3 8192 2.000000000 2
780 984 3 8192 2.000000000 2
780 1008 3 8192 2.000000000 2
780 1024 3 8192 2.000000000 2
780 1044 3 8192 2.000000000 2
780 1048 3 8192 2.000000000 2
780 1052 3 8192 2.000000000 2
780 1096 3 8192 2.000000000 2
780 1120 3 8192 2.000000000 2
780 1152 3 8192 2.000000000 2
780 1172 3 8192 2.000000000 2
780 1184 3 8192 2.000000000 2
780 1200 3 8192 2.000000000 2
780 1228 3 8192 2.000000000 2
780 1240 3 8192 2.000000000 2
780 1252 3 8192 2.000000000 2
780 1256 3 8192 2.000000000 2
780 1260 3 8192 2.000000000 2
780 1276 3 8192 2.000000000 2
784 52 3 8192 2.000000000 2
784 76 3 8192 2.000000000 2
784 84 3 8192 2.000000000 2
784 88 3 8192 2.000000000 2
784 96 3 8192 2.000000000 2
784 116 3 8192 2.000000000 2
784 144 3 8192 2.000000000 2
784 156 3 8192 2.000000000 2
784 164 3 8192 2.000000000 2
784 172 3 8192 2.000000000 2
784 216 3 8192 2.000000000 2
784 224 3 8192 2.000000000 2
784 252 3 8192 2.000000000 2
784 260 3 8192 2.000000000 2
784 328 3 8192 2.000000000 2
784 348 3 8192 2.000000000 2
784 380 3 8192 2.000000000 2
784 412 3 8192 2.000000000 2
784 420 3 8192 2.000000000 2
784 428 3 8192 2.000000000 2
784 452 3 8192 2.000000000 2
784 460 3 8192 2.000000000 2
784 484 3 8192 2.000000000 2
784 488 3 8192 2.000000000 2
784 500 3 8192 2.000000000 2
784 516 3 8192 2.000000000 2
784 524 3 8192 2.000000000 2
784 552 3 8192 2.000000000 2
784 584 3 8192 2.000000000 2
784 624 3 8192 2.000000000 2
784 632 3 8192 2.000000000 2
784 644 3 8192 2.000000000 2
784 648 3 8192 2.000000000 2
784 656 3 8192 2.000000000 2
784 684 3 8192 2.000000000 2
784 688 3 8192 2.000000000 2
784 700 3 8192 2.000000000 2
784 764 3 8192 2.000000000 2
784 776 3 8192 2.000000000 2
784 796 3 8192 2.000000000 2
784 804 3 8192 2.000000000 2
784 816 3 8192 2.000000000 2
784 820 3 8192 2.000000000 2
784 824 3 8192 2.000000000 2
784 828 3 8192 2.000000000 2
784 872 3 8192 2.000000000 2
784 876 3 8192 2.000000000 2
784 880 3 8192 2.000000000 2
784 912 3 8192 2.000000000 2
784 936 3 8192 2.000000000 2
784 1016 3 8192 2.000000000 2
784 1020 3 8192 2.000000000 2
784 1024 3 8192 2.000000000 2
784 1032 3 8192 2.000000000 2
784 1040 3 8192 2.000000000 2
784 1100 3 8192 2.000000000 2
784 1144 3 8192 2.000000000 2
784 1156 3 8192 2.000000000 2
784 1168 3 8192 2.000000000 2
784 1212 3 8192 2.000000000 2
784 1216 3 8192 2.000000000 2
784 1244 3 8192 2.000000000 2
784 1248 3 8192 2.000000000 2
784 1276 3 8192 2.000000000 2
792 28 3 8192 2.000000000 2
792 32 3 8192 2.000000000 2
792 36 3 8192 2.000000000 2
792 44 3 8192 2.000000000 2
792 48 3 8192 2.000000000 2
792 60 3 8192 2.000000000 2
792 68 3 8192 2.000000000 2
792 76 3 8192 2.000000000 2
792 80 3 8192 2.000000000 2
792 104 3 8192 2.000000000 2
792 108 3 8192 2.000000000 2
792 164 3 8192 2.000000000 2
792 180 3 8192 2.000000000 2
792 240 3 8192 2.000000000 2
792 252 3 8192 2.000000000 2
792 260 3 8192 2.000000000 2
792 272 3 8192 2.000000000 2
792 300 3 8192 2.000000000 2
792 344 3 8192 2.000000000 2
792 356 3 8192 2.000000000 2
792 396 3 8192 2.000000000 2
792 452 3 8192 2.000000000 2
792 480 3 8192 2.000000000 2
792 524 3 8192 2.000000000 2
792 532 3 8192 2.000000000 2
792 552 3 8192 2.000000000 2
792 560 3 8192 2.000000000 2
792 572 3 8192 2.000000000 2
792 580 3 8192 2.000000000 2
792 608 3 8192 2.000000000 2
792 616 3 8192 2.000000000 2
792 640 3 8192 2.000000000 2
792 648 3 8192 2.000000000 2
792 664 3 8192 2.000000000 2
792 708 3 8192 2.000000000 2
792 712 3 8192 2.000000000 2
792 728 3 8192 2.000000000 2
792 784 3 8192 2.000000000 2
792 832 3 8192 2.000000000 2
792 860 3 8192 2.000000000 2
792 876 3 8192 2.000000000 2
792 880 3 8192 2.000000000 2
792 892 3 8192 2.000000000 2
792 904 3 8192 2.000000000 2
792 908 3 8192 2.000000000 2
792 916 3 8192 2.000000000 2
792 932 3 8192 2.000000000 2
792 936 3 8192 2.000000000 2
792 968 3 8192 2.000000000 2
792 992 3 8192 2.000000000 2
792 1008 3 8192 2.000000000 2
792 1016 3 8192 2.000000000 2
792 1032 3 8192 2.000000000 2
792 1040 3 8192 2.000000000 2
792 1044 3 8192 2.000000000 2
792 1084 3 8192 2.000000000 2
792 1112 3 8192 2.000000000 2
792 1140 3 8192 2.000000000 2
792 1144 3 8192 2.000000000 2
792 1148 3 8192 2.000000000 2
792 1176 3 8192 2.000000000 2
792 1180 3 8192 2.000000000 2
792 1192 3 8192 2.000000000 2
792 1244 3 8192 2.000000000 2
796 60 3 8192 2.000000000 2
796 72 3 8192 2.000000000 2
796 84 3 8192 2.000000000 2
796 104 3 8192 2.000000000 2
796 120 3 8192 2.000000000 2
796 140 3 8192 2.000000000 2
796 160 3 8192 2.000000000 2
796 180 3 8192 2.000000000 2
796 220 3 8192 2.000000000 2
796 264 3 8192 2.000000000 2
796 324 3 8192 2.000000000 2
796 328 3 8192 2.000000000 2
796 416 3 8192 2.000000000 2
796 420 3 8192 2.000000000 2
796 428 3 8192 2.000000000 2
796 432 3 8192 2.000000000 2
796 444 3 8192 2.000000000 2
796 464 3 8192 2.000000000 2
796 468 3 8192 2.000000000 2
796 476 3 8192 2.000000000 2
796 480 3 8192 2.000000000 2
796 528 3 8192 2.000000000 2
796 532 3 8192 2.000000000 2
796 536 3 8192 2.000000000 2
796 572 3 8192 2.000000000 2
796 576 3 8192 2.000000000 2
796 588 3 8192 2.000000000 2
796 628 3 8192 2.000000000 2
796 636 3 8192 2.000000000 2
796 640 3 8192 2.000000000 2
796 648 3 8192 2.000000000 2
796 688 3 8192 2.000000000 2
796 712 3 8192 2.000000000 2
796 728 3 8192 2.000000000 2
796 744 3 8192 2.000000000 2
796 756 3 8192 2.000000000 2
796 768 3 8192 2.000000000 2
796 792 3 8192 2.000000000 2
796 808 3 8192 2.000000000 2
796 828 3 8192 2.000000000 2
796 880 3 8192 2.000000000 2
796 884 3 8192 2.000000000 2
796 1048 3 8192 2.000000000 2
796 1060 3 8192 2.000000000 2
796 1068 3 8192 2.000000000 2
796 1108 3 8192 2.000000000 2
796 1140 3 8192 2.000000000 2
796 1144 3 8192 2.000000000 2
796 1152 3 8192 2.000000000 2
796 1160 3 8192 2.000000000 2
796 1168 3 8192 2.000000000 2
796 1172 3 8192 2.000000000 2
796 1176 3 8192 2.000000000 2
796 1180 3 8192 2.000000000 2
796 1192 3 8192 2.000000000 2
796 1200 3 8192 2.000000000 2
796 1208 3 8192 2.000000000 2
796 1216 3 8192 2.000000000 2
796 1220 3 8192 2.000000000 2
796 1228 3 8192 2.000000000 2
796 1252 3 8192 2.000000000 2
796 1256 3 8192 2.000000000 2
796 1260 3 8192 2.000000000 2
796 1264 3 8192 2.000000000 2
800 48 3 8192 2.000000000 2
800 52 3 8192 2.000000000 2
800 68 3 8192 2.000000000 2
800 80 3 8192 2.000000000 2
800 144 3 8192 2.000000000 2
800 160 3 8192 2.000000000 2
800 164 3 8192 2.000000000 2
800 216 3 8192 2.000000000 2
800 220 3 8192 2.000000000 2
800 224 3 8192 2.000000000 2
800 228 3 8192 2.000000000 2
800 248 3 8192 2.000000000 2
800 272 3 8192 2.000000000 2
800 344 3 8192 2.000000000 2
800 348 3 8192 2.000000000 2
800 356 3 8192 2.000000000 2
800 360 3 8192 2.000000000 2
800 364 3 8192 2.000000000 2
800 388 3 8192 2.000000000 2
800 400 3 8192 2.000000000 2
800 404 3 8192 2.000000000 2
800 416 3 8192 2.000000000 2
800 452 3 8192 2.000000000 2
800 464 3 8192 2.000000000 2
800 500 3 8192 2.000000000 2
800 536 3 8192 2.000000000 2
800 552 3 8192 2.000000000 2
800 568 3 8192 2.000000000 2
800 576 3 8192 2.000000000 2
800 628 3 8192 2.000000000 2
800 636 3 8192 2.000000000 2
800 700 3 8192 2.000000000 2
800 720 3 8192 2.000000000 2
800 732 3 8192 2.000000000 2
800 748 3 8192 2.000000000 2
800 784 3 8192 2.000000000 2
800 796 3 8192 2.000000000 2
800 852 3 8192 2.000000000 2
800 856 3 8192 2.000000000 2
800 896 3 8192 2.000000000 2
800 908 3 8192 2.000000000 2
800 932 3 8192 2.000000000 2
800 964 3 8192 2.000000000 2
800 976 3 8192 2.000000000 2
800 984 3 8192 2.000000000 2
800 992 3 8192 2.000000000 2
800 1012 3 8192 2.000000000 2
800 1016 3 8192 2.000000000 2
800 1048 3 8192 2.000000000 2
800 1056 3 8192 2.000000000 2
800 1088 3 8192 2.000000000 2
800 1096 3 8192 2.000000000 2
800 1120 3 8192 2.000000000 2
800 1160 3 8192 2.000000000 2
800 1172 3 8192 2.000000000 2
800 1196 3 8192 2.000000000 2
800 1212 3 8192 2.000000000 2
800 1216 3 8192 2.000000000 2
800 1224 3 8192 2.000000000 2
800 1228 3 8192 2.000000000 2
800 1244 3 8192 2.000000000 2
800 1252 3 8192 2.000000000 2
800 1256 3 8192 2.000000000 2
800 1272 3 8192 2.000000000 2
804 92 3 8192 2.000000000 2
804 108 3 8192 2.000000000 2
804 120 3 8192 2.000000000 2
804 136 3 8192 2.000000000 2
804 176 3 8192 2.000000000 2
804 204 3 8192 2.000000000 2
804 216 3 8192 2.000000000 2
804 240 3 8192 2.000000000 2
804 244 3 8192 2.000000000 2
804 248 3 8192 2.000000000 2
804 252 3 8192 2.000000000 2
804 264 3 8192 2.000000000 2
804 276 3 8192 2.000000000 2
804 296 3 8192 2.000000000 2
804 300 3 8192 2.000000000 2
804 304 3 8192 2.000000000 2
804 312 3 8192 2.000000000 2
804 324 3 8192 2.000000000 2
804 348 3 8192 2.000000000 2
804 356 3 8192 2.000000000 2
804 364 3 8192 2.000000000 2
804 384 3 8192 2.000000000 2
804 388 3 8192 2.000000000 2
804 404 3 8192 2.000000000 2
804 420 3 8192 2.000000000 2
804 436 3 8192 2.000000000 2
804 468 3 8192 2.000000000 2
804 472 3 8192 2.000000000 2
804 476 3 8192 2.000000000 2
804 504 3 8192 2.000000000 2
804 516 3 8192 2.000000000 2
804 520 3 8192 2.000000000 2
804 636 3 8192 2.000000000 2
804 680 3 8192 2.000000000 2
804 712 3 8192 2.000000000 2
804 760 3 8192 2.000000000 2
804 764 3 8192 2.000000000 2
804 776 3 8192 2.000000000 2
804 780 3 8192 2.000000000 2
804 800 3 8192 2.000000000 2
804 880 3 8192 2.000000000 2
804 884 3 8192 2.000000000 2
804 924 3 8192 2.000000000 2
804 968 3 8192 2.000000000 2
804 972 3 8192 2.000000000 2
804 976 3 8192 2.000000000 2
804 980 3 8192 2.000000000 2
804 1012 3 8192 2.000000000 2
804 1020 3 8192 2.000000000 2
804 1040 3 8192 2.000000000 2
804 1060 3 8192 2.000000000 2
804 1072 3 8192 2.000000000 2
804 1096 3 8192 2.000000000 2
804 1108 3 8192 2.000000000 2
804 1128 3 8192 2.000000000 2
804 1172 3 8192 2.000000000 2
804 1188 3 8192 2.000000000 2
804 1200 3 8192 2.000000000 2
804 1204 3 8192 2.000000000 2
804 1236 3 8192 2.000000000 2
804 1240 3 8192 2.000000000 2
804 1264 3 8192 2.000000000 2
804 1272 3 8192 2.000000000 2
804 1276 3 8192 2.000000000 2
808 8 3 8192 2.000000000 2
808 24 3 8192 2.000000000 2
808 48 3 8192 2.000000000 2
808 76 3 8192 2.000000000 2
808 88 3 8192 2.000000000 2
808 96 3 8192 2.000000000 2
808 112 3 8192 2.000000000 2
808 136 3 8192 2.000000000 2
808 140 3 8192 2.000000000 2
808 164 3 8192 2.000000000 2
808 188 3 8192 2.000000000 2
808 212 3 8192 2.000000000 2
808 228 3 8192 2.000000000 2
808 232 3 8192 2.000000000 2
808 244 3 8192 2.000000000 2
808 248 3 8192 2.000000000 2
808 252 3 8192 2.000000000 2
808 260 3 8192 2.000000000 2
808 264 3 8192 2.000000000 2
808 312 3 8192 2.000000000 2
808 320 3 8192 2.000000000 2
808 328 3 8192 2.000000000 2
808 376 3 8192 2.000000000 2
808 396 3 8192 2.000000000 2
808 400 3 8192 2.000000000 2
808 440 3 8192 2.000000000 2
808 452 3 8192 2.000000000 2
808 468 3 8192 2.000000000 2
808 480 3 8192 2.000000000 2
808 520 3 8192 2.000000000 2
808 524 3 8192 2.000000000 2
808 532 3 8192 2.000000000 2
808 536 3 8192 2.000000000 2
808 560 3 8192 2.000000000 2
808 572 3 8192 2.000000000 2
808 604 3 8192 2.000000000 2
808 616 3 8192 2.000000000 2
808 620 3 8192 2.000000000 2
808 672 3 8192 2.000000000 2
808 680 3 8192 2.000000000 2
808 712 3 8192 2.000000000 2
808 748 3 8192 2.000000000 2
808 756 3 8192 2.000000000 2
808 820 3 8192 2.000000000 2
808 832 3 8192 2.000000000 2
808 836 3 8192 2.000000000 2
808 876 3 8192 2.000000000 2
808 920 3 8192 2.000000000 2
808 924 3 8192 2.000000000 2
808 936 3 8192 2.000000000 2
808 940 3 8192 2.000000000 2
808 968 3 8192 2.000000000 2
808 984 3 8192 2.000000000 2
808 992 3 8192 2.000000000 2
808 1044 3 8192 2.000000000 2
808 1084 3 8192 2.000000000 2
808 1088 3 8192 2.000000000 2
808 1124 3 8192 2.000000000 2
808 1196 3 8192 2.000000000 2
808 1200 3 8192 2.000000000 2
808 1208 3 8192 2.000000000 2
808 1224 3 8192 2.000000000 2
808 1252 3 8192 2.000000000 2
808 1260 3 8192 2.000000000 2
816 60 3 8192 2.000000000 2
816 72 3 8192 2.000000000 2
816 104 3 8192 2.000000000 2
816 136 3 8192 2.000000000 2
816 144 3 8192 2.000000000 2
816 176 3 8192 2.000000000 2
816 200 3 8192 2.000000000 2
816 208 3 8192 2.000000000 2
816 212 3 8192 2.000000000 2
816 232 3 8192 2.000000000 2
816 244 3 8192 2.000000000 2
816 252 3 8192 2.000000000 2
816 260 3 8192 2.000000000 2
816 344 3 8192 2.000000000 2
816 384 3 8192 2.000000000 2
816 388 3 8192 2.000000000 2
816 404 3 8192 2.000000000 2
816 428 3 8192 2.000000000 2
816 436 3 8192 2.000000000 2
816 440 3 8192 2.000000000 2
816 460 3 8192 2.000000000 2
816 480 3 8192 2.000000000 2
816 500 3 8192 2.000000000 2
816 516 3 8192 2.000000000 2
816 520 3 8192 2.000000000 2
816 544 3 8192 2.000000000 2
816 552 3 8192 2.000000000 2
816 568 3 8192 2.000000000 2
816 576 3 8192 2.000000000 2
816 580 3 8192 2.000000000 2
816 588 3 8192 2.000000000 2
816 608 3 8192 2.000000000 2
816 632 3 8192 2.000000000 2
816 636 3 8192 2.000000000 2
816 640 3 8192 2.000000000 2
816 656 3 8192 2.000000000 2
816 680 3 8192 2.000000000 2
816 688 3 8192 2.000000000 2
816 720 3 8192 2.000000000 2
816 724 3 8192 2.000000000 2
816 744 3 8192 2.000000000 2
816 820 3 8192 2.000000000 2
816 828 3 8192 2.000000000 2
816 836 3 8192 2.000000000 2
816 880 3 8192 2.000000000 2
816 892 3 8192 2.000000000 2
816 904 3 8192 2.000000000 2
816 932 3 8192 2.000000000 2
816 940 3 8192 2.000000000 2
816 968 3 8192 2.000000000 2
816 980 3 8192 2.000000000 2
816 1000 3 8192 2.000000000 2
816 1012 3 8192 2.000000000 2
816 1020 3 8192 2.000000000 2
816 1024 3 8192 2.000000000 2
816 1044 3 8192 2.000000000 2
816 1096 3 8192 2.000000000 2
816 1112 3 8192 2.000000000 2
816 1172 3 8192 2.000000000 2
816 1192 3 8192 2.000000000 2
816 1200 3 8192 2.000000000 2
816 1228 3 8192 2.000000000 2
816 1260 3 8192 2.000000000 2
816 1272 3 8192 2.000000000 2
820 12 3 8192 2.000000000 2
820 68 3 8192 2.000000000 2
820 72 3 8192 2.000000000 2
820 100 3 8192 2.000000000 2
820 108 3 8192 2.000000000 2
820 136 3 8192 2.000000000 2
820 156 3 8192 2.000000000 2
820 180 3 8192 2.000000000 2
820 188 3 8192 2.000000000 2
820 208 3 8192 2.000000000 2
820 232 3 8192 2.000000000 2
820 236 3 8192 2.000000000 2
820 248 3 8192 2.000000000 2
820 312 3 8192 2.000000000 2
820 320 3 8192 2.000000000 2
820 356 3 8192 2.000000000 2
820 364 3 8192 2.000000000 2
820 400 3 8192 2.000000000 2
820 444 3 8192 2.000000000 2
820 460 3 8192 2.000000000 2
820 472 3 8192 2.000000000 2
820 476 3 8192 2.000000000 2
820 488 3 8192 2.000000000 2
820 492 3 8192 2.000000000 2
820 524 3 8192 2.000000000 2
820 532 3 8192 2.000000000 2
820 540 3 8192 2.000000000 2
820 584 3 8192 2.000000000 2
820 588 3 8192 2.000000000 2
820 620 3 8192 2.000000000 2
820 652 3 8192 2.000000000 2
820 680 3 8192 2.000000000 2
820 708 3 8192 2.000000000 2
820 716 3 8192 2.000000000 2
820 728 3 8192 2.000000000 2
820 740 3 8192 2.000000000 2
820 756 3 8192 2.000000000 2
820 792 3 8192 2.000000000 2
820 808 3 8192 2.000000000 2
820 836 3 8192 2.000000000 2
820 844 3 8192 2.000000000 2
820 856 3 8192 2.000000000 2
820 860 3 8192 2.000000000 2
820 876 3 8192 2.000000000 2
820 920 3 8192 2.000000000 2
820 924 3 8192 2.000000000 2
820 948 3 8192 2.000000000 2
820 992 3 8192 2.000000000 2
820 1084 3 8192 2.000000000 2
820 1096 3 8192 2.000000000 2
820 1152 3 8192 2.000000000 2
820 1156 3 8192 2.000000000 2
820 1160 3 8192 2.000000000 2
820 1164 3 8192 2.000000000 2
820 1172 3 8192 2.000000000 2
820 1188 3 8192 2.000000000 2
820 1192 3 8192 2.000000000 2
820 1216 3 8192 2.000000000 2
820 1228 3 8192 2.000000000 2
820 1236 3 8192 2.000000000 2
820 1240 3 8192 2.000000000 2
820 1248 3 8192 2.000000000 2
820 1256 3 8192 2.000000000 2
820 1260 3 8192 2.000000000 2
824 4 3 8192 2.000000000 2
824 28 3 8192 2.000000000 2
824 108 3 8192 2.000000000 2
824 112 3 8192 2.000000000 2
824 116 3 8192 2.000000000 2
824 120 3 8192 2.000000000 2
824 144 3 8192 2.000000000 2
824 176 3 8192 2.000000000 2
824 180 3 8192 2.000000000 2
824 196 3 8192 2.000000000 2
824 212 3 8192 2.000000000 2
824 224 3 8192 2.000000000 2
824 240 3 8192 2.000000000 2
824 260 3 8192 2.000000000 2
824 356 3 8192 2.000000000 2
824 360 3 8192 2.000000000 2
824 364 3 8192 2.000000000 2
824 380 3 8192 2.000000000 2
824 400 3 8192 2.000000000 2
824 412 3 8192 2.000000000 2
824 416 3 8192 2.000000000 2
824 428 3 8192 2.000000000 2
824 484 3 8192 2.000000000 2
824 488 3 8192 2.000000000 2
824 516 3 8192 2.000000000 2
824 540 3 8192 2.000000000 2
824 588 3 8192 2.000000000 2
824 632 3 8192 2.000000000 2
824 640 3 8192 2.000000000 2
824 648 3 8192 2.000000000 2
824 652 3 8192 2.000000000 2
824 656 3 8192 2.000000000 2
824 684 3 8192 2.000000000 2
824 708 3 8192 2.000000000 2
824 732 3 8192 2.000000000 2
824 776 3 8192 2.000000000 2
824 800 3 8192 2.000000000 2
824 804 3 8192 2.000000000 2
824 856 3 8192 2.000000000 2
824 892 3 8192 2.000000000 2
824 908 3 8192 2.000000000 2
824 912 3 8192 2.000000000 2
824 916 3 8192 2.000000000 2
824 924 3 8192 2.000000000 2
824 932 3 8192 2.000000000 2
824 984 3 8192 2.000000000 2
824 1020 3 8192 2.000000000 2
824 1032 3 8192 2.000000000 2
824 1056 3 8192 2.000000000 2
824 1096 3 8192 2.000000000 2
824 1108 3 8192 2.000000000 2
824 1124 3 8192 2.000000000 2
824 1128 3 8192 2.000000000 2
824 1152 3 8192 2.000000000 2
824 1160 3 8192 2.000000000 2
824 1172 3 8192 2.000000000 2
824 1176 3 8192 2.000000000 2
824 1192 3 8192 2.000000000 2
824 1208 3 8192 2.000000000 2
824 1236 3 8192 2.000000000 2
824 1244 3 8192 2.000000000 2
824 1248 3 8192 2.000000000 2
824 1260 3 8192 2.000000000 2
824 1276 3 8192 2.000000000 2
828 24 3 8192 2.000000000 2
828 28 3 8192 2.000000000 2
828 36 3 8192 2.000000000 2
828 52 3 8192 2.000000000 2
828 76 3 8192 2.000000000 2
828 100 3 8192 2.000000000 2
828 108 3 8192 2.000000000 2
828 160 3 8192 2.000000000 2
828 172 3 8192 2.000000000 2
828 180 3 8192 2.000000000 2
828 188 3 8192 2.000000000 2
828 224 3 8192 2.000000000 2
828 236 3 8192 2.000000000 2
828 252 3 8192 2.000000000 2
828 264 3 8192 2.000000000 2
828 300 3 8192 2.000000000 2
828 312 3 8192 2.000000000 2
828 328 3 8192 2.000000000 2
828 356 3 8192 2.000000000 2
828 388 3 8192 2.000000000 2
828 412 3 8192 2.000000000 2
828 440 3 8192 2.000000000 2
828 444 3 8192 2.000000000 2
828 460 3 8192 2.000000000 2
828 500 3 8192 2.000000000 2
828 504 3 8192 2.000000000 2
828 528 3 8192 2.000000000 2
828 568 3 8192 2.000000000 2
828 572 3 8192 2.000000000 2
828 584 3 8192 2.000000000 2
828 596 3 8192 2.000000000 2
828 600 3 8192 2.000000000 2
828 632 3 8192 2.000000000 2
828 648 3 8192 2.000000000 2
828 720 3 8192 2.000000000 2
828 728 3 8192 2.000000000 2
828 732 3 8192 2.000000000 2
828 736 3 8192 2.000000000 2
828 740 3 8192 2.000000000 2
828 756 3 8192 2.000000000 2
828 760 3 8192 2.000000000 2
828 764 3 8192 2.000000000 2
828 776 3 8192 2.000000000 2
828 784 3 8192 2.000000000 2
828 872 3 8192 2.000000000 2
828 876 3 8192 2.000000000 2
828 904 3 8192 2.000000000 2
828 908 3 8192 2.000000000 2
828 912 3 8192 2.000000000 2
828 920 3 8192 2.000000000 2
828 924 3 8192 2.000000000 2
828 940 3 8192 2.000000000 2
828 1000 3 8192 2.000000000 2
828 1008 3 8192 2.000000000 2
828 1016 3 8192 2.000000000 2
828 1072 3 8192 2.000000000 2
828 1088 3 8192 2.000000000 2
828 1096 3 8192 2.000000000 2
828 1108 3 8192 2.000000000 2
828 1112 3 8192 2.000000000 2
828 1168 3 8192 2.000000000 2
828 1188 3 8192 2.000000000 2
828 1236 3 8192 2.000000000 2
828 1276 3 8192 2.000000000 2
832 12 3 8192 2.000000000 2
832 48 3 8192 2.000000000 2
832 52 3 8192 2.000000000 2
832 68 3 8192 2.000000000 2
832 116 3 8192 2.000000000 2
832 140 3 8192 2.000000000 2
832 188 3 8192 2.000000000 2
832 204 3 8192 2.000000000 2
832 208 3 8192 2.000000000 2
832 216 3 8192 2.000000000 2
832 228 3 8192 2.000000000 2
832 232 3 8192 2.000000000 2
832 292 3 8192 2.000000000 2
832 312 3 8192 2.000000000 2
832 320 3 8192 2.000000000 2
832 328 3 8192 2.000000000 2
832 356 3 8192 2.000000000 2
832 380 3 8192 2.000000000 2
832 384 3 8192 2.000000000 2
832 388 3 8192 2.000000000 2
832 408 3 8192 2.000000000 2
832 420 3 8192 2.000000000 2
832 428 3 8192 2.000000000 2
832 432 3 8192 2.000000000 2
832 436 3 8192 2.000000000 2
832 460 3 8192 2.000000000 2
832 480 3 8192 2.000000000 2
832 504 3 8192 2.000000000 2
832 536 3 8192 2.000000000 2
832 548 3 8192 2.000000000 2
832 552 3 8192 2.000000000 2
832 584 3 8192 2.000000000 2
832 616 3 8192 2.000000000 2
832 624 3 8192 2.000000000 2
832 652 3 8192 2.000000000 2
832 656 3 8192 2.000000000 2
832 664 3 8192 2.000000000 2
832 680 3 8192 2.000000000 2
832 684 3 8192 2.000000000 2
832 716 3 8192 2.000000000 2
832 728 3 8192 2.000000000 2
832 736 3 8192 2.000000000 2
832 756 3 8192 2.000000000 2
832 792 3 8192 2.000000000 2
832 808 3 8192 2.000000000 2
832 836 3 8192 2.000000000 2
832 892 3 8192 2.000000000 2
832 924 3 8192 2.000000000 2
832 932 3 8192 2.000000000 2
832 984 3 8192 2.000000000 2
832 1000 3 8192 2.000000000 2
832 1020 3 8192 2.000000000 2
832 1032 3 8192 2.000000000 2
832 1040 3 8192 2.000000000 2
832 1100 3 8192 2.000000000 2
832 1120 3 8192 2.000000000 2
832 1140 3 8192 2.000000000 2
832 1164 3 8192 2.000000000 2
832 1184 3 8192 2.000000000 2
832 1228 3 8192 2.000000000 2
832 1236 3 8192 2.000000000 2
832 1244 3 8192 2.000000000 2
832 1252 3 8192 2.000000000 2
832 1256 3 8192 2.000000000 2
836 8 3 8192 2.000000000 2
836 24 3 8192 2.000000000 2
836 60 3 8192 2.000000000 2
836 72 3 8192 2.000000000 2
836 88 3 8192 2.000000000 2
836 112 3 8192 2.000000000 2
836 140 3 8192 2.000000000 2
836 196 3 8192 2.000000000 2
836 200 3 8192 2.000000000 2
836 204 3 8192 2.000000000 2
836 216 3 8192 2.000000000 2
836 272 3 8192 2.000000000 2
836 276 3 8192 2.000000000 2
836 304 3 8192 2.000000000 2
836 312 3 8192 2.000000000 2
836 364 3 8192 2.000000000 2
836 384 3 8192 2.000000000 2
836 388 3 8192 2.000000000 2
836 408 3 8192 2.000000000 2
836 420 3 8192 2.000000000 2
836 444 3 8192 2.000000000 2
836 452 3 8192 2.000000000 2
836 460 3 8192 2.000000000 2
836 472 3 8192 2.000000000 2
836 504 3 8192 2.000000000 2
836 520 3 8192 2.000000000 2
836 552 3 8192 2.000000000 2
836 600 3 8192 2.000000000 2
836 624 3 8192 2.000000000 2
836 652 3 8192 2.000000000 2
836 664 3 8192 2.000000000 2
836 684 3 8192 2.000000000 2
836 712 3 8192 2.000000000 2
836 728 3 8192 2.000000000 2
836 736 3 8192 2.000000000 2
836 748 3 8192 2.000000000 2
836 768 3 8192 2.000000000 2
836 792 3 8192 2.000000000 2
836 800 3 8192 2.000000000 2
836 808 3 8192 2.000000000 2
836 856 3 8192 2.000000000 2
836 872 3 8192 2.000000000 2
836 912 3 8192 2.000000000 2
836 920 3 8192 2.000000000 2
836 932 3 8192 2.000000000 2
836 940 3 8192 2.000000000 2
836 984 3 8192 2.000000000 2
836 1040 3 8192 2.000000000 2
836 1048 3 8192 2.000000000 2
836 1072 3 8192 2.000000000 2
836 1088 3 8192 2.000000000 2
836 1096 3 8192 2.000000000 2
836 1112 3 8192 2.000000000 2
836 1120 3 8192 2.000000000 2
836 1152 3 8192 2.000000000 2
836 1184 3 8192 2.000000000 2
836 1204 3 8192 2.000000000 2
836 1212 3 8192 2.000000000 2
836 1216 3 8192 2.000000000 2
836 1220 3 8192 2.000000000 2
836 1240 3 8192 2.000000000 2
836 1248 3 8192 2.000000000 2
836 1256 3 8192 2.000000000 2
836 1272 3 8192 2.000000000 2
844 8 3 8192 2.000000000 2
844 28 3 8192 2.000000000 2
844 36 3 8192 2.000000000 2
844 44 3 8192 2.000000000 2
844 76 3 8192 2.000000000 2
844 80 3 8192 2.000000000 2
844 84 3 8192 2.000000000 2
844 92 3 8192 2.000000000 2
844 112 3 8192 2.000000000 2
844 120 3 8192 2.000000000 2
844 140 3 8192 2.000000000 2
844 160 3 8192 2.000000000 2
844 164 3 8192 2.000000000 2
844 196 3 8192 2.000000000 2
844 208 3 8192 2.000000000 2
844 212 3 8192 2.000000000 2
844 232 3 8192 2.000000000 2
844 240 3 8192 2.000000000 2
844 276 3 8192 2.000000000 2
844 304 3 8192 2.000000000 2
844 344 3 8192 2.000000000 2
844 380 3 8192 2.000000000 2
844 388 3 8192 2.000000000 2
844 412 3 8192 2.000000000 2
844 416 3 8192 2.000000000 2
844 436 3 8192 2.000000000 2
844 444 3 8192 2.000000000 2
844 464 3 8192 2.000000000 2
844 472 3 8192 2.000000000 2
844 480 3 8192 2.000000000 2
844 484 3 8192 2.000000000 2
844 492 3 8192 2.000000000 2
844 500 3 8192 2.000000000 2
844 516 3 8192 2.000000000 2
844 524 3 8192 2.000000000 2
844 604 3 8192 2.000000000 2
844 612 3 8192 2.000000000 2
844 628 3 8192 2.000000000 2
844 700 3 8192 2.000000000 2
844 756 3 8192 2.000000000 2
844 776 3 8192 2.000000000 2
844 796 3 8192 2.000000000 2
844 800 3 8192 2.000000000 2
844 816 3 8192 2.000000000 2
844 828 3 8192 2.000000000 2
844 860 3 8192 2.000000000 2
844 884 3 8192 2.000000000 2
844 908 3 8192 2.000000000 2
844 936 3 8192 2.000000000 2
844 984 3 8192 2.000000000 2
844 992 3 8192 2.000000000 2
844 1000 3 8192 2.000000000 2
844 1044 3 8192 2.000000000 2
844 1048 3 8192 2.000000000 2
844 1068 3 8192 2.000000000 2
844 1096 3 8192 2.000000000 2
844 1148 3 8192 2.000000000 2
844 1152 3 8192 2.000000000 2
844 1192 3 8192 2.000000000 2
844 1200 3 8192 2.000000000 2
844 1224 3 8192 2.000000000 2
844 1248 3 8192 2.000000000 2
844 1252 3 8192 2.000000000 2
844 1264 3 8192 2.000000000 2
852 36 3 8192 2.000000000 2
852 52 3 8192 2.000000000 2
852 60 3 8192 2.000000000 2
852 104 3 8192 2.000000000 2
852 108 3 8192 2.000000000 2
852 140 3 8192 2.000000000 2
852 152 3 8192 2.000000000 2
852 156 3 8192 2.000000000 2
852 172 3 8192 2.000000000 2
852 216 3 8192 2.000000000 2
852 228 3 8192 2.000000000 2
852 296 3 8192 2.000000000 2
852 364 3 8192 2.000000000 2
852 372 3 8192 2.000000000 2
852 384 3 8192 2.000000000 2
852 388 3 8192 2.000000000 2
852 404 3 8192 2.000000000 2
852 428 3 8192 2.000000000 2
852 484 3 8192 2.000000000 2
852 488 3 8192 2.000000000 2
852 500 3 8192 2.000000000 2
852 516 3 8192 2.000000000 2
852 520 3 8192 2.000000000 2
852 528 3 8192 2.000000000 2
852 580 3 8192 2.000000000 2
852 584 3 8192 2.000000000 2
852 588 3 8192 2.000000000 2
852 596 3 8192 2.000000000 2
852 600 3 8192 2.000000000 2
852 620 3 8192 2.000000000 2
852 680 3 8192 2.000000000 2
852 688 3 8192 2.000000000 2
852 708 3 8192 2.000000000 2
852 740 3 8192 2.000000000 2
852 744 3 8192 2.000000000 2
852 796 3 8192 2.000000000 2
852 800 3 8192 2.000000000 2
852 808 3 8192 2.000000000 2
852 816 3 8192 2.000000000 2
852 820 3 8192 2.000000000 2
852 844 3 8192 2.000000000 2
852 884 3 8192 2.000000000 2
852 912 3 8192 2.000000000 2
852 948 3 8192 2.000000000 2
852 964 3 8192 2.000000000 2
852 1000 3 8192 2.000000000 2
852 1012 3 8192 2.000000000 2
852 1016 3 8192 2.000000000 2
852 1100 3 8192 2.000000000 2
852 1108 3 8192 2.000000000 2
852 1112 3 8192 2.000000000 2
852 1120 3 8192 2.000000000 2
852 1140 3 8192 2.000000000 2
852 1156 3 8192 2.000000000 2
852 1160 3 8192 2.000000000 2
852 1184 3 8192 2.000000000 2
852 1200 3 8192 2.000000000 2
852 1208 3 8192 2.000000000 2
852 1220 3 8192 2.000000000 2
852 1224 3 8192 2.000000000 2
852 1244 3 8192 2.000000000 2
852 1252 3 8192 2.000000000 2
852 1256 3 8192 2.000000000 2
852 1264 3 8192 2.000000000 2
856 36 3 8192 2.000000000 2
856 44 3 8192 2.000000000 2
856 72 3 8192 2.000000000 2
856 108 3 8192 2.000000000 2
856 156 3 8192 2.000000000 2
856 164 3 8192 2.000000000 2
856 172 3 8192 2.000000000 2
856 180 3 8192 2.000000000 2
856 204 3 8192 2.000000000 2
856 212 3 8192 2.000000000 2
856 216 3 8192 2.000000000 2
856 260 3 8192 2.000000000 2
856 264 3 8192 2.000000000 2
856 272 3 8192 2.000000000 2
856 276 3 8192 2.000000000 2
856 304 3 8192 2.000000000 2
856 312 3 8192 2.000000000 2
856 332 3 8192 2.000000000 2
856 344 3 8192 2.000000000 2
856 364 3 8192 2.000000000 2
856 400 3 8192 2.000000000 2
856 420 3 8192 2.000000000 2
856 452 3 8192 2.000000000 2
856 476 3 8192 2.000000000 2
856 504 3 8192 2.000000000 2
856 572 3 8192 2.000000000 2
856 580 3 8192 2.000000000 2
856 608 3 8192 2.000000000 2
856 624 3 8192 2.000000000 2
856 664 3 8192 2.000000000 2
856 680 3 8192 2.000000000 2
856 684 3 8192 2.000000000 2
856 688 3 8192 2.000000000 2
856 692 3 8192 2.000000000 2
856 700 3 8192 2.000000000 2
856 756 3 8192 2.000000000 2
856 760 3 8192 2.000000000 2
856 776 3 8192 2.000000000 2
856 824 3 8192 2.000000000 2
856 836 3 8192 2.000000000 2
856 844 3 8192 2.000000000 2
856 860 3 8192 2.000000000 2
856 880 3 8192 2.000000000 2
856 896 3 8192 2.000000000 2
856 920 3 8192 2.000000000 2
856 964 3 8192 2.000000000 2
856 992 3 8192 2.000000000 2
856 1040 3 8192 2.000000000 2
856 1056 3 8192 2.000000000 2
856 1072 3 8192 2.000000000 2
856 1088 3 8192 2.000000000 2
856 1100 3 8192 2.000000000 2
856 1108 3 8192 2.000000000 2
856 1112 3 8192 2.000000000 2
856 1140 3 8192 2.000000000 2
856 1172 3 8192 2.000000000 2
856 1180 3 8192 2.000000000 2
856 1196 3 8192 2.000000000 2
856 1208 3 8192 2.000000000 2
856 1224 3 8192 2.000000000 2
856 1240 3 8192 2.000000000 2
856 1248 3 8192 2.000000000 2
856 1256 3 8192 2.000000000 2
856 1264 3 8192 2.000000000 2
860 0 3 8192 2.000000000 2
860 12 3 8192 2.000000000 2
860 32 3 8192 2.000000000 2
860 84 3 8192 2.000000000 2
860 92 3 8192 2.000000000 2
860 96 3 8192 2.000000000 2
860 108 3 8192 2.000000000 2
860 152 3 8192 2.000000000 2
860 156 3 8192 2.000000000 2
860 164 3 8192 2.000000000 2
860 176 3 8192 2.000000000 2
860 208 3 8192 2.000000000 2
860 292 3 8192 2.000000000 2
860 296 3 8192 2.000000000 2
860 348 3 8192 2.000000000 2
860 356 3 8192 2.000000000 2
860 360 3 8192 2.000000000 2
860 364 3 8192 2.000000000 2
860 372 3 8192 2.000000000 2
860 416 3 8192 2.000000000 2
860 440 3 8192 2.000000000 2
860 444 3 8192 2.000000000 2
860 452 3 8192 2.000000000 2
860 464 3 8192 2.000000000 2
860 480 3 8192 2.000000000 2
860 500 3 8192 2.000000000 2
860 536 3 8192 2.000000000 2
860 540 3 8192 2.000000000 2
860 544 3 8192 2.000000000 2
860 568 3 8192 2.000000000 2
860 572 3 8192 2.000000000 2
860 604 3 8192 2.000000000 2
860 632 3 8192 2.000000000 2
860 652 3 8192 2.000000000 2
860 656 3 8192 2.000000000 2
860 668 3 8192 2.000000000 2
860 688 3 8192 2.000000000 2
860 780 3 8192 2.000000000 2
860 800 3 8192 2.000000000 2
860 816 3 8192 2.000000000 2
860 828 3 8192 2.000000000 2
860 844 3 8192 2.000000000 2
860 856 3 8192 2.000000000 2
860 904 3 8192 2.000000000 2
860 912 3 8192 2.000000000 2
860 920 3 8192 2.000000000 2
860 924 3 8192 2.000000000 2
860 968 3 8192 2.000000000 2
860 1000 3 8192 2.000000000 2
860 1032 3 8192 2.000000000 2
860 1068 3 8192 2.000000000 2
860 1084 3 8192 2.000000000 2
860 1112 3 8192 2.000000000 2
860 1148 3 8192 2.000000000 2
860 1172 3 8192 2.000000000 2
860 1176 3 8192 2.000000000 2
860 1188 3 8192 2.000000000 2
860 1192 3 8192 2.000000000 2
860 1196 3 8192 2.000000000 2
860 1228 3 8192 2.000000000 2
860 1244 3 8192 2.000000000 2
860 1248 3 8192 2.000000000 2
860 1260 3 8192 2.000000000 2
860 1264 3 8192 2.000000000 2
872 8 3 8192 2.000000000 2
872 12 3 8192 2.000000000 2
872 28 3 8192 2.000000000 2
872 44 3 8192 2.000000000 2
872 48 3 8192 2.000000000 2
872 96 3 8192 2.000000000 2
872 104 3 8192 2.000000000 2
872 172 3 8192 2.000000000 2
872 176 3 8192 2.000000000 2
872 196 3 8192 2.000000000 2
872 200 3 8192 2.000000000 2
872 216 3 8192 2.000000000 2
872 232 3 8192 2.000000000 2
872 236 3 8192 2.000000000 2
872 240 3 8192 2.000000000 2
872 248 3 8192 2.000000000 2
872 264 3 8192 2.000000000 2
872 296 3 8192 2.000000000 2
872 348 3 8192 2.000000000 2
872 356 3 8192 2.000000000 2
872 360 3 8192 2.000000000 2
872 364 3 8192 2.000000000 2
872 408 3 8192 2.000000000 2
872 416 3 8192 2.000000000 2
872 428 3 8192 2.000000000 2
872 432 3 8192 2.000000000 2
872 444 3 8192 2.000000000 2
872 468 3 8192 2.000000000 2
872 504 3 8192 2.000000000 2
872 580 3 8192 2.000000000 2
872 596 3 8192 2.000000000 2
872 616 3 8192 2.000000000 2
872 640 3 8192 2.000000000 2
872 648 3 8192 2.000000000 2
872 652 3 8192 2.000000000 2
872 688 3 8192 2.000000000 2
872 708 3 8192 2.000000000 2
872 728 3 8192 2.000000000 2
872 732 3 8192 2.000000000 2
872 764 3 8192 2.000000000 2
872 776 3 8192 2.000000000 2
872 780 3 8192 2.000000000 2
872 792 3 8192 2.000000000 2
872 804 3 8192 2.000000000 2
872 820 3 8192 2.000000000 2
872 828 3 8192 2.000000000 2
872 852 3 8192 2.000000000 2
872 876 3 8192 2.000000000 2
872 932 3 8192 2.000000000 2
872 940 3 8192 2.000000000 2
872 972 3 8192 2.000000000 2
872 984 3 8192 2.000000000 2
872 1000 3 8192 2.000000000 2
872 1048 3 8192 2.000000000 2
872 1084 3 8192 2.000000000 2
872 1124 3 8192 2.000000000 2
872 1144 3 8192 2.000000000 2
872 1164 3 8192 2.000000000 2
872 1180 3 8192 2.000000000 2
872 1192 3 8192 2.000000000 2
872 1208 3 8192 2.000000000 2
872 1212 3 8192 2.000000000 2
872 1236 3 8192 2.000000000 2
872 1248 3 8192 2.000000000 2
876 0 3 8192 2.000000000 2
876 8 3 8192 2.000000000 2
876 36 3 8192 2.000000000 2
876 52 3 8192 2.000000000 2
876 60 3 8192 2.000000000 2
876 72 3 8192 2.000000000 2
876 120 3 8192 2.000000000 2
876 160 3 8192 2.000000000 2
876 172 3 8192 2.000000000 2
876 200 3 8192 2.000000000 2
876 204 3 8192 2.000000000 2
876 320 3 8192 2.000000000 2
876 344 3 8192 2.000000000 2
876 360 3 8192 2.000000000 2
876 396 3 8192 2.000000000 2
876 432 3 8192 2.000000000 2
876 492 3 8192 2.000000000 2
876 500 3 8192 2.000000000 2
876 520 3 8192 2.000000000 2
876 552 3 8192 2.000000000 2
876 560 3 8192 2.000000000 2
876 572 3 8192 2.000000000 2
876 612 3 8192 2.000000000 2
876 616 3 8192 2.000000000 2
876 620 3 8192 2.000000000 2
876 628 3 8192 2.000000000 2
876 644 3 8192 2.000000000 2
876 652 3 8192 2.000000000 2
876 664 3 8192 2.000000000 2
876 672 3 8192 2.000000000 2
876 680 3 8192 2.000000000 2
876 700 3 8192 2.000000000 2
876 728 3 8192 2.000000000 2
876 736 3 8192 2.000000000 2
876 768 3 8192 2.000000000 2
876 792 3 8192 2.000000000 2
876 796 3 8192 2.000000000 2
876 844 3 8192 2.000000000 2
876 884 3 8192 2.000000000 2
876 912 3 8192 2.000000000 2
876 916 3 8192 2.000000000 2
876 920 3 8192 2.000000000 2
876 940 3 8192 2.000000000 2
876 968 3 8192 2.000000000 2
876 1000 3 8192 2.000000000 2
876 1012 3 8192 2.000000000 2
876 1020 3 8192 2.000000000 2
876 1024 3 8192 2.000000000 2
876 1032 3 8192 2.000000000 2
876 1068 3 8192 2.000000000 2
876 1100 3 8192 2.000000000 2
876 1108 3 8192 2.000000000 2
876 1112 3 8192 2.000000000 2
876 1120 3 8192 2.000000000 2
876 1128 3 8192 2.000000000 2
876 1144 3 8192 2.000000000 2
876 1152 3 8192 2.000000000 2
876 1180 3 8192 2.000000000 2
876 1208 3 8192 2.000000000 2
876 1216 3 8192 2.000000000 2
876 1224 3 8192 2.000000000 2
876 1228 3 8192 2.000000000 2
876 1240 3 8192 2.000000000 2
876 1276 3 8192 2.000000000 2
880 12 3 8192 2.000000000 2
880 24 3 8192 2.000000000 2
880 96 3 8192 2.000000000 2
880 104 3 8192 2.000000000 2
880 112 3 8192 2.000000000 2
880 116 3 8192 2.000000000 2
880 140 3 8192 2.000000000 2
880 144 3 8192 2.000000000 2
880 152 3 8192 2.000000000 2
880 176 3 8192 2.000000000 2
880 204 3 8192 2.000000000 2
880 240 3 8192 2.000000000 2
880 276 3 8192 2.000000000 2
880 304 3 8192 2.000000000 2
880 312 3 8192 2.000000000 2
880 320 3 8192 2.000000000 2
880 332 3 8192 2.000000000 2
880 344 3 8192 2.000000000 2
880 348 3 8192 2.000000000 2
880 356 3 8192 2.000000000 2
880 372 3 8192 2.000000000 2
880 388 3 8192 2.000000000 2
880 396 3 8192 2.000000000 2
880 408 3 8192 2.000000000 2
880 420 3 8192 2.000000000 2
880 436 3 8192 2.000000000 2
880 488 3 8192 2.000000000 2
880 504 3 8192 2.000000000 2
880 516 3 8192 2.000000000 2
880 524 3 8192 2.000000000 2
880 568 3 8192 2.000000000 2
880 576 3 8192 2.000000000 2
880 580 3 8192 2.000000000 2
880 584 3 8192 2.000000000 2
880 628 3 8192 2.000000000 2
880 636 3 8192 2.000000000 2
880 652 3 8192 2.000000000 2
880 656 3 8192 2.000000000 2
880 672 3 8192 2.000000000 2
880 688 3 8192 2.000000000 2
880 692 3 8192 2.000000000 2
880 736 3 8192 2.000000000 2
880 764 3 8192 2.000000000 2
880 820 3 8192 2.000000000 2
880 824 3 8192 2.000000000 2
880 844 3 8192 2.000000000 2
880 908 3 8192 2.000000000 2
880 964 3 8192 2.000000000 2
880 980 3 8192 2.000000000 2
880 1012 3 8192 2.000000000 2
880 1024 3 8192 2.000000000 2
880 1048 3 8192 2.000000000 2
880 1084 3 8192 2.000000000 2
880 1096 3 8192 2.000000000 2
880 1104 3 8192 2.000000000 2
880 1164 3 8192 2.000000000 2
880 1168 3 8192 2.000000000 2
880 1176 3 8192 2.000000000 2
880 1216 3 8192 2.000000000 2
880 1240 3 8192 2.000000000 2
880 1252 3 8192 2.000000000 2
880 1260 3 8192 2.000000000 2
880 1264 3 8192 2.000000000 2
880 1272 3 8192 2.000000000 2
884 0 3 8192 2.000000000 2
884 4 3 8192 2.000000000 2
884 52 3 8192 2.000000000 2
884 76 3 8192 2.000000000 2
884 88 3 8192 2.000000000 2
884 92 3 8192 2.000000000 2
884 100 3 8192 2.000000000 2
884 136 3 8192 2.000000000 2
884 196 3 8192 2.000000000 2
884 204 3 8192 2.000000000 2
884 212 3 8192 2.000000000 2
884 228 3 8192 2.000000000 2
884 232 3 8192 2.000000000 2
884 236 3 8192 2.000000000 2
884 252 3 8192 2.000000000 2
884 328 3 8192 2.000000000 2
884 332 3 8192 2.000000000 2
884 380 3 8192 2.000000000 2
884 384 3 8192 2.000000000 2
884 408 3 8192 2.000000000 2
884 420 3 8192 2.000000000 2
884 440 3 8192 2.000000000 2
884 464 3 8192 2.000000000 2
884 524 3 8192 2.000000000 2
884 536 3 8192 2.000000000 2
884 544 3 8192 2.000000000 2
884 552 3 8192 2.000000000 2
884 568 3 8192 2.000000000 2
884 600 3 8192 2.000000000 2
884 612 3 8192 2.000000000 2
884 620 3 8192 2.000000000 2
884 640 3 8192 2.000000000 2
884 664 3 8192 2.000000000 2
884 672 3 8192 2.000000000 2
884 700 3 8192 2.000000000 2
884 732 3 8192 2.000000000 2
884 736 3 8192 2.000000000 2
884 760 3 8192 2.000000000 2
884 800 3 8192 2.000000000 2
884 836 3 8192 2.000000000 2
884 844 3 8192 2.000000000 2
884 904 3 8192 2.000000000 2
884 916 3 8192 2.000000000 2
884 948 3 8192 2.000000000 2
884 972 3 8192 2.000000000 2
884 984 3 8192 2.000000000 2
884 1020 3 8192 2.000000000 2
884 1044 3 8192 2.000000000 2
884 1052 3 8192 2.000000000 2
884 1084 3 8192 2.000000000 2
884 1088 3 8192 2.000000000 2
884 1104 3 8192 2.000000000 2
884 1168 3 8192 2.000000000 2
884 1176 3 8192 2.000000000 2
884 1180 3 8192 2.000000000 2
884 1184 3 8192 2.000000000 2
884 1192 3 8192 2.000000000 2
884 1196 3 8192 2.000000000 2
884 1212 3 8192 2.000000000 2
884 1220 3 8192 2.000000000 2
884 1228 3 8192 2.000000000 2
884 1236 3 8192 2.000000000 2
884 1264 3 8192 2.000000000 2
884 1276 3 8192 2.000000000 2
888 0 3 8192 2.000000000 2
888 32 3 8192 2.000000000 2
888 36 3 8192 2.000000000 2
888 80 3 8192 2.000000000 2
888 84 3 8192 2.000000000 2
888 92 3 8192 2.000000000 2
888 200 3 8192 2.000000000 2
888 208 3 8192 2.000000000 2
888 212 3 8192 2.000000000 2
888 224 3 8192 2.000000000 2
888 252 3 8192 2.000000000 2
888 264 3 8192 2.000000000 2
888 276 3 8192 2.000000000 2
888 292 3 8192 2.000000000 2
888 348 3 8192 2.000000000 2
888 384 3 8192 2.000000000 2
888 420 3 8192 2.000000000 2
888 444 3 8192 2.000000000 2
888 464 3 8192 2.000000000 2
888 468 3 8192 2.000000000 2
888 476 3 8192 2.000000000 2
888 480 3 8192 2.000000000 2
888 492 3 8192 2.000000000 2
888 516 3 8192 2.000000000 2
888 528 3 8192 2.000000000 2
888 536 3 8192 2.000000000 2
888 548 3 8192 2.000000000 2
888 568 3 8192 2.000000000 2
888 572 3 8192 2.000000000 2
888 604 3 8192 2.000000000 2
888 608 3 8192 2.000000000 2
888 620 3 8192 2.000000000 2
888 644 3 8192 2.000000000 2
888 668 3 8192 2.000000000 2
888 672 3 8192 2.000000000 2
888 680 3 8192 2.000000000 2
888 708 3 8192 2.000000000 2
888 716 3 8192 2.000000000 2
888 724 3 8192 2.000000000 2
888 748 3 8192 2.000000000 2
888 764 3 8192 2.000000000 2
888 768 3 8192 2.000000000 2
888 784 3 8192 2.000000000 2
888 792 3 8192 2.000000000 2
888 808 3 8192 2.000000000 2
888 820 3 8192 2.000000000 2
888 828 3 8192 2.000000000 2
888 908 3 8192 2.000000000 2
888 1024 3 8192 2.000000000 2
888 1044 3 8192 2.000000000 2
888 1096 3 8192 2.000000000 2
888 1108 3 8192 2.000000000 2
888 1128 3 8192 2.000000000 2
888 1140 3 8192 2.000000000 2
888 1156 3 8192 2.000000000 2
888 1164 3 8192 2.000000000 2
888 1184 3 8192 2.000000000 2
888 1192 3 8192 2.000000000 2
888 1212 3 8192 2.000000000 2
888 1240 3 8192 2.000000000 2
888 1244 3 8192 2.000000000 2
888 1252 3 8192 2.000000000 2
888 1260 3 8192 2.000000000 2
888 1276 3 8192 2.000000000 2
892 32 3 8192 2.000000000 2
892 88 3 8192 2.000000000 2
892 100 3 8192 2.000000000 2
892 140 3 8192 2.000000000 2
892 152 3 8192 2.000000000 2
892 160 3 8192 2.000000000 2
892 164 3 8192 2.000000000 2
892 220 3 8192 2.000000000 2
892 248 3 8192 2.000000000 2
892 260 3 8192 2.000000000 2
892 300 3 8192 2.000000000 2
892 320 3 8192 2.000000000 2
892 328 3 8192 2.000000000 2
892 332 3 8192 2.000000000 2
892 356 3 8192 2.000000000 2
892 376 3 8192 2.000000000 2
892 384 3 8192 2.000000000 2
892 388 3 8192 2.000000000 2
892 404 3 8192 2.000000000 2
892 408 3 8192 2.000000000 2
892 416 3 8192 2.000000000 2
892 432 3 8192 2.000000000 2
892 444 3 8192 2.000000000 2
892 452 3 8192 2.000000000 2
892 500 3 8192 2.000000000 2
892 528 3 8192 2.000000000 2
892 544 3 8192 2.000000000 2
892 568 3 8192 2.000000000 2
892 580 3 8192 2.000000000 2
892 616 3 8192 2.000000000 2
892 624 3 8192 2.000000000 2
892 628 3 8192 2.000000000 2
892 640 3 8192 2.000000000 2
892 644 3 8192 2.000000000 2
892 672 3 8192 2.000000000 2
892 688 3 8192 2.000000000 2
892 692 3 8192 2.000000000 2
892 700 3 8192 2.000000000 2
892 728 3 8192 2.000000000 2
892 740 3 8192 2.000000000 2
892 748 3 8192 2.000000000 2
892 756 3 8192 2.000000000 2
892 764 3 8192 2.000000000 2
892 800 3 8192 2.000000000 2
892 820 3 8192 2.000000000 2
892 824 3 8192 2.000000000 2
892 828 3 8192 2.000000000 2
892 872 3 8192 2.000000000 2
892 888 3 8192 2.000000000 2
892 920 3 8192 2.000000000 2
892 924 3 8192 2.000000000 2
892 968 3 8192 2.000000000 2
892 984 3 8192 2.000000000 2
892 992 3 8192 2.000000000 2
892 1012 3 8192 2.000000000 2
892 1020 3 8192 2.000000000 2
892 1024 3 8192 2.000000000 2
892 1052 3 8192 2.000000000 2
892 1108 3 8192 2.000000000 2
892 1120 3 8192 2.000000000 2
892 1196 3 8192 2.000000000 2
892 1236 3 8192 2.000000000 2
892 1252 3 8192 2.000000000 2
892 1256 3 8192 2.000000000 2
896 12 3 8192 2.000000000 2
896 92 3 8192 2.000000000 2
896 100 3 8192 2.000000000 2
896 108 3 8192 2.000000000 2
896 144 3 8192 2.000000000 2
896 156 3 8192 2.000000000 2
896 164 3 8192 2.000000000 2
896 204 3 8192 2.000000000 2
896 212 3 8192 2.000000000 2
896 240 3 8192 2.000000000 2
896 300 3 8192 2.000000000 2
896 320 3 8192 2.000000000 2
896 348 3 8192 2.000000000 2
896 360 3 8192 2.000000000 2
896 384 3 8192 2.000000000 2
896 412 3 8192 2.000000000 2
896 416 3 8192 2.000000000 2
896 428 3 8192 2.000000000 2
896 460 3 8192 2.000000000 2
896 468 3 8192 2.000000000 2
896 480 3 8192 2.000000000 2
896 484 3 8192 2.000000000 2
896 576 3 8192 2.000000000 2
896 584 3 8192 2.000000000 2
896 600 3 8192 2.000000000 2
896 616 3 8192 2.000000000 2
896 624 3 8192 2.000000000 2
896 664 3 8192 2.000000000 2
896 668 3 8192 2.000000000 2
896 672 3 8192 2.000000000 2
896 684 3 8192 2.000000000 2
896 688 3 8192 2.000000000 2
896 708 3 8192 2.000000000 2
896 768 3 8192 2.000000000 2
896 804 3 8192 2.000000000 2
896 844 3 8192 2.000000000 2
896 860 3 8192 2.000000000 2
896 876 3 8192 2.000000000 2
896 888 3 8192 2.000000000 2
896 904 3 8192 2.000000000 2
896 908 3 8192 2.000000000 2
896 912 3 8192 2.000000000 2
896 924 3 8192 2.000000000 2
896 980 3 8192 2.000000000 2
896 1000 3 8192 2.000000000 2
896 1008 3 8192 2.000000000 2
896 1012 3 8192 2.000000000 2
896 1044 3 8192 2.000000000 2
896 1048 3 8192 2.000000000 2
896 1052 3 8192 2.000000000 2
896 1060 3 8192 2.000000000 2
896 1088 3 8192 2.000000000 2
896 1096 3 8192 2.000000000 2
896 1104 3 8192 2.000000000 2
896 1108 3 8192 2.000000000 2
896 1148 3 8192 2.000000000 2
896 1156 3 8192 2.000000000 2
896 1168 3 8192 2.000000000 2
896 1172 3 8192 2.000000000 2
896 1188 3 8192 2.000000000 2
896 1200 3 8192 2.000000000 2
896 1208 3 8192 2.000000000 2
896 1224 3 8192 2.000000000 2
896 1236 3 8192 2.000000000 2
904 12 3 8192 2.000000000 2
904 28 3 8192 2.000000000 2
904 76 3 8192 2.000000000 2
904 120 3 8192 2.000000000 2
904 140 3 8192 2.000000000 2
904 176 3 8192 2.000000000 2
904 224 3 8192 2.000000000 2
904 228 3 8192 2.000000000 2
904 244 3 8192 2.000000000 2
904 260 3 8192 2.000000000 2
904 272 3 8192 2.000000000 2
904 400 3 8192 2.000000000 2
904 408 3 8192 2.000000000 2
904 432 3 8192 2.000000000 2
904 436 3 8192 2.000000000 2
904 440 3 8192 2.000000000 2
904 460 3 8192 2.000000000 2
904 464 3 8192 2.000000000 2
904 476 3 8192 2.000000000 2
904 528 3 8192 2.000000000 2
904 532 3 8192 2.000000000 2
904 540 3 8192 2.000000000 2
904 544 3 8192 2.000000000 2
904 548 3 8192 2.000000000 2
904 572 3 8192 2.000000000 2
904 580 3 8192 2.000000000 2
904 596 3 8192 2.000000000 2
904 616 3 8192 2.000000000 2
904 628 3 8192 2.000000000 2
904 636 3 8192 2.000000000 2
904 644 3 8192 2.000000000 2
904 656 3 8192 2.000000000 2
904 684 3 8192 2.000000000 2
904 712 3 8192 2.000000000 2
904 728 3 8192 2.000000000 2
904 744 3 8192 2.000000000 2
904 756 3 8192 2.000000000 2
904 760 3 8192 2.000000000 2
904 768 3 8192 2.000000000 2
904 780 3 8192 2.000000000 2
904 792 3 8192 2.000000000 2
904 808 3 8192 2.000000000 2
904 820 3 8192 2.000000000 2
904 852 3 8192 2.000000000 2
904 856 3 8192 2.000000000 2
904 860 3 8192 2.000000000 2
904 916 3 8192 2.000000000 2
904 932 3 8192 2.000000000 2
904 948 3 8192 2.000000000 2
904 1020 3 8192 2.000000000 2
904 1032 3 8192 2.000000000 2
904 1056 3 8192 2.000000000 2
904 1060 3 8192 2.000000000 2
904 1076 3 8192 2.000000000 2
904 1084 3 8192 2.000000000 2
904 1120 3 8192 2.000000000 2
904 1144 3 8192 2.000000000 2
904 1152 3 8192 2.000000000 2
904 1156 3 8192 2.000000000 2
904 1160 3 8192 2.000000000 2
904 1184 3 8192 2.000000000 2
904 1220 3 8192 2.000000000 2
904 1228 3 8192 2.000000000 2
904 1252 3 8192 2.000000000 2
908 4 3 8192 2.000000000 2
908 32 3 8192 2.000000000 2
908 36 3 8192 2.000000000 2
908 88 3 8192 2.000000000 2
908 144 3 8192 2.000000000 2
908 156 3 8192 2.000000000 2
908 188 3 8192 2.000000000 2
908 224 3 8192 2.000000000 2
908 292 3 8192 2.000000000 2
908 300 3 8192 2.000000000 2
908 344 3 8192 2.000000000 2
908 380 3 8192 2.000000000 2
908 416 3 8192 2.000000000 2
908 452 3 8192 2.000000000 2
908 472 3 8192 2.000000000 2
908 500 3 8192 2.000000000 2
908 520 3 8192 2.000000000 2
908 528 3 8192 2.000000000 2
908 540 3 8192 2.000000000 2
908 584 3 8192 2.000000000 2
908 588 3 8192 2.000000000 2
908 600 3 8192 2.000000000 2
908 612 3 8192 2.000000000 2
908 616 3 8192 2.000000000 2
908 648 3 8192 2.000000000 2
908 680 3 8192 2.000000000 2
908 688 3 8192 2.000000000 2
908 712 3 8192 2.000000000 2
908 740 3 8192 2.000000000 2
908 756 3 8192 2.000000000 2
908 776 3 8192 2.000000000 2
908 780 3 8192 2.000000000 2
908 792 3 8192 2.000000000 2
908 800 3 8192 2.000000000 2
908 808 3 8192 2.000000000 2
908 828 3 8192 2.000000000 2
908 844 3 8192 2.000000000 2
908 852 3 8192 2.000000000 2
908 856 3 8192 2.000000000 2
908 880 3 8192 2.000000000 2
908 896 3 8192 2.000000000 2
908 904 3 8192 2.000000000 2
908 916 3 8192 2.000000000 2
908 924 3 8192 2.000000000 2
908 940 3 8192 2.000000000 2
908 984 3 8192 2.000000000 2
908 1040 3 8192 2.000000000 2
908 1044 3 8192 2.000000000 2
908 1056 3 8192 2.000000000 2
908 1072 3 8192 2.000000000 2
908 1076 3 8192 2.000000000 2
908 1084 3 8192 2.000000000 2
908 1096 3 8192 2.000000000 2
908 1104 3 8192 2.000000000 2
908 1108 3 8192 2.000000000 2
908 1112 3 8192 2.000000000 2
908 1172 3 8192 2.000000000 2
908 1180 3 8192 2.000000000 2
908 1200 3 8192 2.000000000 2
908 1212 3 8192 2.000000000 2
908 1216 3 8192 2.000000000 2
908 1256 3 8192 2.000000000 2
908 1264 3 8192 2.000000000 2
908 1272 3 8192 2.000000000 2
912 8 3 8192 2.000000000 2
912 24 3 8192 2.000000000 2
912 32 3 8192 2.000000000 2
912 60 3 8192 2.000000000 2
912 88 3 8192 2.000000000 2
912 144 3 8192 2.000000000 2
912 180 3 8192 2.000000000 2
912 200 3 8192 2.000000000 2
912 208 3 8192 2.000000000 2
912 232 3 8192 2.000000000 2
912 252 3 8192 2.000000000 2
912 260 3 8192 2.000000000 2
912 300 3 8192 2.000000000 2
912 348 3 8192 2.000000000 2
912 376 3 8192 2.000000000 2
912 380 3 8192 2.000000000 2
912 404 3 8192 2.000000000 2
912 416 3 8192 2.000000000 2
912 428 3 8192 2.000000000 2
912 432 3 8192 2.000000000 2
912 440 3 8192 2.000000000 2
912 460 3 8192 2.000000000 2
912 468 3 8192 2.000000000 2
912 488 3 8192 2.000000000 2
912 500 3 8192 2.000000000 2
912 516 3 8192 2.000000000 2
912 536 3 8192 2.000000000 2
912 540 3 8192 2.000000000 2
912 560 3 8192 2.000000000 2
912 568 3 8192 2.000000000 2
912 608 3 8192 2.000000000 2
912 652 3 8192 2.000000000 2
912 656 3 8192 2.000000000 2
912 664 3 8192 2.000000000 2
912 728 3 8192 2.000000000 2
912 744 3 8192 2.000000000 2
912 760 3 8192 2.000000000 2
912 784 3 8192 2.000000000 2
912 792 3 8192 2.000000000 2
912 804 3 8192 2.000000000 2
912 816 3 8192 2.000000000 2
912 824 3 8192 2.000000000 2
912 828 3 8192 2.000000000 2
912 844 3 8192 2.000000000 2
912 872 3 8192 2.000000000 2
912 880 3 8192 2.000000000 2
912 904 3 8192 2.000000000 2
912 920 3 8192 2.000000000 2
912 924 3 8192 2.000000000 2
912 932 3 8192 2.000000000 2
912 948 3 8192 2.000000000 2
912 968 3 8192 2.000000000 2
912 972 3 8192 2.000000000 2
912 1000 3 8192 2.000000000 2
912 1032 3 8192 2.000000000 2
912 1044 3 8192 2.000000000 2
912 1060 3 8192 2.000000000 2
912 1096 3 8192 2.000000000 2
912 1104 3 8192 2.000000000 2
912 1112 3 8192 2.000000000 2
912 1124 3 8192 2.000000000 2
912 1172 3 8192 2.000000000 2
912 1216 3 8192 2.000000000 2
912 1236 3 8192 2.000000000 2
916 48 3 8192 2.000000000 2
916 60 3 8192 2.000000000 2
916 72 3 8192 2.000000000 2
916 84 3 8192 2.000000000 2
916 96 3 8192 2.000000000 2
916 100 3 8192 2.000000000 2
916 108 3 8192 2.000000000 2
916 232 3 8192 2.000000000 2
916 240 3 8192 2.000000000 2
916 292 3 8192 2.000000000 2
916 300 3 8192 2.000000000 2
916 312 3 8192 2.000000000 2
916 320 3 8192 2.000000000 2
916 348 3 8192 2.000000000 2
916 384 3 8192 2.000000000 2
916 388 3 8192 2.000000000 2
916 416 3 8192 2.000000000 2
916 428 3 8192 2.000000000 2
916 432 3 8192 2.000000000 2
916 436 3 8192 2.000000000 2
916 440 3 8192 2.000000000 2
916 452 3 8192 2.000000000 2
916 460 3 8192 2.000000000 2
916 464 3 8192 2.000000000 2
916 476 3 8192 2.000000000 2
916 492 3 8192 2.000000000 2
916 516 3 8192 2.000000000 2
916 528 3 8192 2.000000000 2
916 532 3 8192 2.000000000 2
916 536 3 8192 2.000000000 2
916 568 3 8192 2.000000000 2
916 576 3 8192 2.000000000 2
916 580 3 8192 2.000000000 2
916 588 3 8192 2.000000000 2
916 608 3 8192 2.000000000 2
916 612 3 8192 2.000000000 2
916 620 3 8192 2.000000000 2
916 728 3 8192 2.000000000 2
916 740 3 8192 2.000000000 2
916 780 3 8192 2.000000000 2
916 796 3 8192 2.000000000 2
916 828 3 8192 2.000000000 2
916 832 3 8192 2.000000000 2
916 876 3 8192 2.000000000 2
916 888 3 8192 2.000000000 2
916 896 3 8192 2.000000000 2
916 912 3 8192 2.000000000 2
916 924 3 8192 2.000000000 2
916 948 3 8192 2.000000000 2
916 964 3 8192 2.000000000 2
916 1000 3 8192 2.000000000 2
916 1040 3 8192 2.000000000 2
916 1044 3 8192 2.000000000 2
916 1084 3 8192 2.000000000 2
916 1112 3 8192 2.000000000 2
916 1120 3 8192 2.000000000 2
916 1144 3 8192 2.000000000 2
916 1156 3 8192 2.000000000 2
916 1160 3 8192 2.000000000 2
916 1168 3 8192 2.000000000 2
916 1184 3 8192 2.000000000 2
916 1216 3 8192 2.000000000 2
916 1240 3 8192 2.000000000 2
916 1256 3 8192 2.000000000 2
920 60 3 8192 2.000000000 2
920 88 3 8192 2.000000000 2
920 104 3 8192 2.000000000 2
920 144 3 8192 2.000000000 2
920 156 3 8192 2.000000000 2
920 160 3 8192 2.000000000 2
920 180 3 8192 2.000000000 2
920 220 3 8192 2.000000000 2
920 232 3 8192 2.000000000 2
920 236 3 8192 2.000000000 2
920 248 3 8192 2.000000000 2
920 296 3 8192 2.000000000 2
920 312 3 8192 2.000000000 2
920 320 3 8192 2.000000000 2
920 332 3 8192 2.000000000 2
920 372 3 8192 2.000000000 2
920 400 3 8192 2.000000000 2
920 404 3 8192 2.000000000 2
920 432 3 8192 2.000000000 2
920 444 3 8192 2.000000000 2
920 452 3 8192 2.000000000 2
920 480 3 8192 2.000000000 2
920 484 3 8192 2.000000000 2
920 492 3 8192 2.000000000 2
920 532 3 8192 2.000000000 2
920 568 3 8192 2.000000000 2
920 572 3 8192 2.000000000 2
920 576 3 8192 2.000000000 2
920 580 3 8192 2.000000000 2
920 604 3 8192 2.000000000 2
920 608 3 8192 2.000000000 2
920 624 3 8192 2.000000000 2
920 628 3 8192 2.000000000 2
920 632 3 8192 2.000000000 2
920 644 3 8192 2.000000000 2
920 664 3 8192 2.000000000 2
920 688 3 8192 2.000000000 2
920 692 3 8192 2.000000000 2
920 720 3 8192 2.000000000 2
920 728 3 8192 2.000000000 2
920 780 3 8192 2.000000000 2
920 796 3 8192 2.000000000 2
920 832 3 8192 2.000000000 2
920 888 3 8192 2.000000000 2
920 892 3 8192 2.000000000 2
920 912 3 8192 2.000000000 2
920 916 3 8192 2.000000000 2
920 968 3 8192 2.000000000 2
920 1016 3 8192 2.000000000 2
920 1020 3 8192 2.000000000 2
920 1024 3 8192 2.000000000 2
920 1032 3 8192 2.000000000 2
920 1040 3 8192 2.000000000 2
920 1052 3 8192 2.000000000 2
920 1084 3 8192 2.000000000 2
920 1112 3 8192 2.000000000 2
920 1168 3 8192 2.000000000 2
920 1172 3 8192 2.000000000 2
920 1192 3 8192 2.000000000 2
920 1196 3 8192 2.000000000 2
920 1212 3 8192 2.000000000 2
920 1248 3 8192 2.000000000 2
920 1256 3 8192 2.000000000 2
920 1260 3 8192 2.000000000 2
924 12 3 8192 2.000000000 2
924 28 3 8192 2.000000000 2
924 48 3 8192 2.000000000 2
924 84 3 8192 2.000000000 2
924 120 3 8192 2.000000000 2
924 160 3 8192 2.000000000 2
924 172 3 8192 2.000000000 2
924 176 3 8192 2.000000000 2
924 188 3 8192 2.000000000 2
924 196 3 8192 2.000000000 2
924 232 3 8192 2.000000000 2
924 236 3 8192 2.000000000 2
924 304 3 8192 2.000000000 2
924 332 3 8192 2.000000000 2
924 348 3 8192 2.000000000 2
924 364 3 8192 2.000000000 2
924 372 3 8192 2.000000000 2
924 376 3 8192 2.000000000 2
924 400 3 8192 2.000000000 2
924 404 3 8192 2.000000000 2
924 444 3 8192 2.000000000 2
924 472 3 8192 2.000000000 2
924 504 3 8192 2.000000000 2
924 540 3 8192 2.000000000 2
924 568 3 8192 2.000000000 2
924 576 3 8192 2.000000000 2
924 588 3 8192 2.000000000 2
924 608 3 8192 2.000000000 2
924 624 3 8192 2.000000000 2
924 652 3 8192 2.000000000 2
924 656 3 8192 2.000000000 2
924 680 3 8192 2.000000000 2
924 688 3 8192 2.000000000 2
924 708 3 8192 2.000000000 2
924 712 3 8192 2.000000000 2
924 716 3 8192 2.000000000 2
924 720 3 8192 2.000000000 2
924 740 3 8192 2.000000000 2
924 748 3 8192 2.000000000 2
924 756 3 8192 2.000000000 2
924 764 3 8192 2.000000000 2
924 804 3 8192 2.000000000 2
924 808 3 8192 2.000000000 2
924 816 3 8192 2.000000000 2
924 964 3 8192 2.000000000 2
924 968 3 8192 2.000000000 2
924 992 3 8192 2.000000000 2
924 1024 3 8192 2.000000000 2
924 1040 3 8192 2.000000000 2
924 1056 3 8192 2.000000000 2
924 1072 3 8192 2.000000000 2
924 1084 3 8192 2.000000000 2
924 1104 3 8192 2.000000000 2
924 1168 3 8192 2.000000000 2
924 1172 3 8192 2.000000000 2
924 1184 3 8192 2.000000000 2
924 1196 3 8192 2.000000000 2
924 1200 3 8192 2.000000000 2
924 1204 3 8192 2.000000000 2
924 1212 3 8192 2.000000000 2
924 1220 3 8192 2.000000000 2
924 1228 3 8192 2.000000000 2
924 1256 3 8192 2.000000000 2
924 1276 3 8192 2.000000000 2
932 4 3 8192 2.000000000 2
932 8 3 8192 2.000000000 2
932 24 3 8192 2.000000000 2
932 72 3 8192 2.000000000 2
932 84 3 8192 2.000000000 2
932 92 3 8192 2.000000000 2
932 96 3 8192 2.000000000 2
932 108 3 8192 2.000000000 2
932 120 3 8192 2.000000000 2
932 140 3 8192 2.000000000 2
932 232 3 8192 2.000000000 2
932 248 3 8192 2.000000000 2
932 264 3 8192 2.000000000 2
932 312 3 8192 2.000000000 2
932 344 3 8192 2.000000000 2
932 348 3 8192 2.000000000 2
932 384 3 8192 2.000000000 2
932 388 3 8192 2.000000000 2
932 408 3 8192 2.000000000 2
932 428 3 8192 2.000000000 2
932 436 3 8192 2.000000000 2
932 472 3 8192 2.000000000 2
932 504 3 8192 2.000000000 2
932 516 3 8192 2.000000000 2
932 528 3 8192 2.000000000 2
932 572 3 8192 2.000000000 2
932 588 3 8192 2.000000000 2
932 608 3 8192 2.000000000 2
932 628 3 8192 2.000000000 2
932 636 3 8192 2.000000000 2
932 656 3 8192 2.000000000 2
932 668 3 8192 2.000000000 2
932 680 3 8192 2.000000000 2
932 700 3 8192 2.000000000 2
932 712 3 8192 2.000000000 2
932 720 3 8192 2.000000000 2
932 736 3 8192 2.000000000 2
932 784 3 8192 2.000000000 2
932 872 3 8192 2.000000000 2
932 888 3 8192 2.000000000 2
932 904 3 8192 2.000000000 2
932 908 3 8192 2.000000000 2
932 912 3 8192 2.000000000 2
932 948 3 8192 2.000000000 2
932 972 3 8192 2.000000000 2
932 980 3 8192 2.000000000 2
932 1044 3 8192 2.000000000 2
932 1056 3 8192 2.000000000 2
932 1060 3 8192 2.000000000 2
932 1068 3 8192 2.000000000 2
932 1072 3 8192 2.000000000 2
932 1088 3 8192 2.000000000 2
932 1144 3 8192 2.000000000 2
932 1160 3 8192 2.000000000 2
932 1168 3 8192 2.000000000 2
932 1176 3 8192 2.000000000 2
932 1180 3 8192 2.000000000 2
932 1184 3 8192 2.000000000 2
932 1188 3 8192 2.000000000 2
932 1192 3 8192 2.000000000 2
932 1216 3 8192 2.000000000 2
932 1228 3 8192 2.000000000 2
932 1236 3 8192 2.000000000 2
932 1272 3 8192 2.000000000 2
936 32 3 8192 2.000000000 2
936 68 3 8192 2.000000000 2
936 92 3 8192 2.000000000 2
936 96 3 8192 2.000000000 2
936 108 3 8192 2.000000000 2
936 116 3 8192 2.000000000 2
936 136 3 8192 2.000000000 2
936 140 3 8192 2.000000000 2
936 164 3 8192 2.000000000 2
936 172 3 8192 2.000000000 2
936 180 3 8192 2.000000000 2
936 248 3 8192 2.000000000 2
936 304 3 8192 2.000000000 2
936 332 3 8192 2.000000000 2
936 344 3 8192 2.000000000 2
936 360 3 8192 2.000000000 2
936 372 3 8192 2.000000000 2
936 380 3 8192 2.000000000 2
936 452 3 8192 2.000000000 2
936 520 3 8192 2.000000000 2
936 524 3 8192 2.000000000 2
936 572 3 8192 2.000000000 2
936 584 3 8192 2.000000000 2
936 608 3 8192 2.000000000 2
936 624 3 8192 2.000000000 2
936 636 3 8192 2.000000000 2
936 656 3 8192 2.000000000 2
936 672 3 8192 2.000000000 2
936 688 3 8192 2.000000000 2
936 700 3 8192 2.000000000 2
936 720 3 8192 2.000000000 2
936 792 3 8192 2.000000000 2
936 804 3 8192 2.000000000 2
936 808 3 8192 2.000000000 2
936 832 3 8192 2.000000000 2
936 860 3 8192 2.000000000 2
936 880 3 8192 2.000000000 2
936 892 3 8192 2.000000000 2
936 904 3 8192 2.000000000 2
936 912 3 8192 2.000000000 2
936 920 3 8192 2.000000000 2
936 932 3 8192 2.000000000 2
936 964 3 8192 2.000000000 2
936 968 3 8192 2.000000000 2
936 992 3 8192 2.000000000 2
936 1000 3 8192 2.000000000 2
936 1044 3 8192 2.000000000 2
936 1048 3 8192 2.000000000 2
936 1056 3 8192 2.000000000 2
936 1072 3 8192 2.000000000 2
936 1100 3 8192 2.000000000 2
936 1120 3 8192 2.000000000 2
936 1140 3 8192 2.000000000 2
936 1148 3 8192 2.000000000 2
936 1156 3 8192 2.000000000 2
936 1160 3 8192 2.000000000 2
936 1188 3 8192 2.000000000 2
936 1200 3 8192 2.000000000 2
936 1208 3 8192 2.000000000 2
936 1212 3 8192 2.000000000 2
936 1224 3 8192 2.000000000 2
936 1236 3 8192 2.000000000 2
936 1260 3 8192 2.000000000 2
936 1264 3 8192 2.000000000 2
940 0 3 8192 2.000000000 2
940 24 3 8192 2.000000000 2
940 32 3 8192 2.000000000 2
940 100 3 8192 2.000000000 2
940 112 3 8192 2.000000000 2
940 140 3 8192 2.000000000 2
940 152 3 8192 2.000000000 2
940 164 3 8192 2.000000000 2
940 188 3 8192 2.000000000 2
940 332 3 8192 2.000000000 2
940 344 3 8192 2.000000000 2
940 360 3 8192 2.000000000 2
940 380 3 8192 2.000000000 2
940 400 3 8192 2.000000000 2
940 412 3 8192 2.000000000 2
940 480 3 8192 2.000000000 2
940 484 3 8192 2.000000000 2
940 488 3 8192 2.000000000 2
940 500 3 8192 2.000000000 2
940 520 3 8192 2.000000000 2
940 524 3 8192 2.000000000 2
940 528 3 8192 2.000000000 2
940 540 3 8192 2.000000000 2
940 544 3 8192 2.000000000 2
940 548 3 8192 2.000000000 2
940 552 3 8192 2.000000000 2
940 568 3 8192 2.000000000 2
940 576 3 8192 2.000000000 2
940 580 3 8192 2.000000000 2
940 596 3 8192 2.000000000 2
940 644 3 8192 2.000000000 2
940 652 3 8192 2.000000000 2
940 668 3 8192 2.000000000 2
940 684 3 8192 2.000000000 2
940 724 3 8192 2.000000000 2
940 776 3 8192 2.000000000 2
940 804 3 8192 2.000000000 2
940 836 3 8192 2.000000000 2
940 856 3 8192 2.000000000 2
940 880 3 8192 2.000000000 2
940 892 3 8192 2.000000000 2
940 896 3 8192 2.000000000 2
940 904 3 8192 2.000000000 2
940 920 3 8192 2.000000000 2
940 936 3 8192 2.000000000 2
940 948 3 8192 2.000000000 2
940 976 3 8192 2.000000000 2
940 984 3 8192 2.000000000 2
940 1000 3 8192 2.000000000 2
940 1012 3 8192 2.000000000 2
940 1044 3 8192 2.000000000 2
940 1060 3 8192 2.000000000 2
940 1124 3 8192 2.000000000 2
940 1148 3 8192 2.000000000 2
940 1156 3 8192 2.000000000 2
940 1168 3 8192 2.000000000 2
940 1176 3 8192 2.000000000 2
940 1184 3 8192 2.000000000 2
940 1192 3 8192 2.000000000 2
940 1208 3 8192 2.000000000 2
940 1212 3 8192 2.000000000 2
940 1216 3 8192 2.000000000 2
940 1224 3 8192 2.000000000 2
940 1248 3 8192 2.000000000 2
948 52 3 8192 2.000000000 2
948 60 3 8192 2.000000000 2
948 88 3 8192 2.000000000 2
948 96 3 8192 2.000000000 2
948 100 3 8192 2.000000000 2
948 112 3 8192 2.000000000 2
948 160 3 8192 2.000000000 2
948 196 3 8192 2.000000000 2
948 208 3 8192 2.000000000 2
948 224 3 8192 2.000000000 2
948 228 3 8192 2.000000000 2
948 244 3 8192 2.000000000 2
948 264 3 8192 2.000000000 2
948 272 3 8192 2.000000000 2
948 380 3 8192 2.000000000 2
948 400 3 8192 2.000000000 2
948 416 3 8192 2.000000000 2
948 432 3 8192 2.000000000 2
948 460 3 8192 2.000000000 2
948 464 3 8192 2.000000000 2
948 472 3 8192 2.000000000 2
948 476 3 8192 2.000000000 2
948 484 3 8192 2.000000000 2
948 492 3 8192 2.000000000 2
948 536 3 8192 2.000000000 2
948 560 3 8192 2.000000000 2
948 576 3 8192 2.000000000 2
948 604 3 8192 2.000000000 2
948 616 3 8192 2.000000000 2
948 620 3 8192 2.000000000 2
948 644 3 8192 2.000000000 2
948 656 3 8192 2.000000000 2
948 668 3 8192 2.000000000 2
948 672 3 8192 2.000000000 2
948 684 3 8192 2.000000000 2
948 688 3 8192 2.000000000 2
948 700 3 8192 2.000000000 2
948 708 3 8192 2.000000000 2
948 712 3 8192 2.000000000 2
948 744 3 8192 2.000000000 2
948 760 3 8192 2.000000000 2
948 804 3 8192 2.000000000 2
948 816 3 8192 2.000000000 2
948 820 3 8192 2.000000000 2
948 844 3 8192 2.000000000 2
948 860 3 8192 2.000000000 2
948 892 3 8192 2.000000000 2
948 904 3 8192 2.000000000 2
948 908 3 8192 2.000000000 2
948 932 3 8192 2.000000000 2
948 936 3 8192 2.000000000 2
948 940 3 8192 2.000000000 2
948 972 3 8192 2.000000000 2
948 1016 3 8192 2.000000000 2
948 1048 3 8192 2.000000000 2
948 1068 3 8192 2.000000000 2
948 1084 3 8192 2.000000000 2
948 1156 3 8192 2.000000000 2
948 1164 3 8192 2.000000000 2
948 1184 3 8192 2.000000000 2
948 1228 3 8192 2.000000000 2
948 1236 3 8192 2.000000000 2
948 1252 3 8192 2.000000000 2
948 1276 3 8192 2.000000000 2
964 12 3 8192 2.000000000 2
964 32 3 8192 2.000000000 2
964 68 3 8192 2.000000000 2
964 84 3 8192 2.000000000 2
964 108 3 8192 2.000000000 2
964 112 3 8192 2.000000000 2
964 120 3 8192 2.000000000 2
964 136 3 8192 2.000000000 2
964 156 3 8192 2.000000000 2
964 160 3 8192 2.000000000 2
964 164 3 8192 2.000000000 2
964 200 3 8192 2.000000000 2
964 216 3 8192 2.000000000 2
964 248 3 8192 2.000000000 2
964 272 3 8192 2.000000000 2
964 296 3 8192 2.000000000 2
964 324 3 8192 2.000000000 2
964 376 3 8192 2.000000000 2
964 380 3 8192 2.000000000 2
964 396 3 8192 2.000000000 2
964 420 3 8192 2.000000000 2
964 428 3 8192 2.000000000 2
964 432 3 8192 2.000000000 2
964 436 3 8192 2.000000000 2
964 452 3 8192 2.000000000 2
964 480 3 8192 2.000000000 2
964 524 3 8192 2.000000000 2
964 528 3 8192 2.000000000 2
964 532 3 8192 2.000000000 2
964 560 3 8192 2.000000000 2
964 568 3 8192 2.000000000 2
964 596 3 8192 2.000000000 2
964 624 3 8192 2.000000000 2
964 632 3 8192 2.000000000 2
964 644 3 8192 2.000000000 2
964 684 3 8192 2.000000000 2
964 756 3 8192 2.000000000 2
964 776 3 8192 2.000000000 2
964 804 3 8192 2.000000000 2
964 808 3 8192 2.000000000 2
964 824 3 8192 2.000000000 2
964 856 3 8192 2.000000000 2
964 872 3 8192 2.000000000 2
964 876 3 8192 2.000000000 2
964 880 3 8192 2.000000000 2
964 888 3 8192 2.000000000 2
964 896 3 8192 2.000000000 2
964 908 3 8192 2.000000000 2
964 920 3 8192 2.000000000 2
964 976 3 8192 2.000000000 2
964 1044 3 8192 2.000000000 2
964 1048 3 8192 2.000000000 2
964 1076 3 8192 2.000000000 2
964 1084 3 8192 2.000000000 2
964 1120 3 8192 2.000000000 2
964 1124 3 8192 2.000000000 2
964 1148 3 8192 2.000000000 2
964 1164 3 8192 2.000000000 2
964 1168 3 8192 2.000000000 2
964 1176 3 8192 2.000000000 2
964 1188 3 8192 2.000000000 2
964 1200 3 8192 2.000000000 2
964 1208 3 8192 2.000000000 2
964 1220 3 8192 2.000000000 2
968 12 3 8192 2.000000000 2
968 24 3 8192 2.000000000 2
968 36 3 8192 2.000000000 2
968 60 3 8192 2.000000000 2
968 104 3 8192 2.000000000 2
968 144 3 8192 2.000000000 2
968 156 3 8192 2.000000000 2
968 188 3 8192 2.000000000 2
968 232 3 8192 2.000000000 2
968 240 3 8192 2.000000000 2
968 248 3 8192 2.000000000 2
968 272 3 8192 2.000000000 2
968 276 3 8192 2.000000000 2
968 296 3 8192 2.000000000 2
968 304 3 8192 2.000000000 2
968 320 3 8192 2.000000000 2
968 364 3 8192 2.000000000 2
968 388 3 8192 2.000000000 2
968 408 3 8192 2.000000000 2
968 412 3 8192 2.000000000 2
968 416 3 8192 2.000000000 2
968 464 3 8192 2.000000000 2
968 476 3 8192 2.000000000 2
968 504 3 8192 2.000000000 2
968 544 3 8192 2.000000000 2
968 580 3 8192 2.000000000 2
968 596 3 8192 2.000000000 2
968 600 3 8192 2.000000000 2
968 604 3 8192 2.000000000 2
968 612 3 8192 2.000000000 2
968 620 3 8192 2.000000000 2
968 624 3 8192 2.000000000 2
968 632 3 8192 2.000000000 2
968 648 3 8192 2.000000000 2
968 656 3 8192 2.000000000 2
968 664 3 8192 2.000000000 2
968 672 3 8192 2.000000000 2
968 692 3 8192 2.000000000 2
968 732 3 8192 2.000000000 2
968 748 3 8192 2.000000000 2
968 796 3 8192 2.000000000 2
968 804 3 8192 2.000000000 2
968 808 3 8192 2.000000000 2
968 824 3 8192 2.000000000 2
968 844 3 8192 2.000000000 2
968 852 3 8192 2.000000000 2
968 880 3 8192 2.000000000 2
968 948 3 8192 2.000000000 2
968 976 3 8192 2.000000000 2
968 1012 3 8192 2.000000000 2
968 1032 3 8192 2.000000000 2
968 1040 3 8192 2.000000000 2
968 1044 3 8192 2.000000000 2
968 1060 3 8192 2.000000000 2
968 1072 3 8192 2.000000000 2
968 1120 3 8192 2.000000000 2
968 1144 3 8192 2.000000000 2
968 1156 3 8192 2.000000000 2
968 1160 3 8192 2.000000000 2
968 1188 3 8192 2.000000000 2
968 1220 3 8192 2.000000000 2
968 1228 3 8192 2.000000000 2
968 1260 3 8192 2.000000000 2
968 1276 3 8192 2.000000000 2
972 0 3 8192 2.000000000 2
972 28 3 8192 2.000000000 2
972 60 3 8192 2.000000000 2
972 68 3 8192 2.000000000 2
972 140 3 8192 2.000000000 2
972 152 3 8192 2.000000000 2
972 212 3 8192 2.000000000 2
972 224 3 8192 2.000000000 2
972 240 3 8192 2.000000000 2
972 248 3 8192 2.000000000 2
972 252 3 8192 2.000000000 2
972 264 3 8192 2.000000000 2
972 296 3 8192 2.000000000 2
972 320 3 8192 2.000000000 2
972 332 3 8192 2.000000000 2
972 344 3 8192 2.000000000 2
972 348 3 8192 2.000000000 2
972 364 3 8192 2.000000000 2
972 376 3 8192 2.000000000 2
972 380 3 8192 2.000000000 2
972 388 3 8192 2.000000000 2
972 396 3 8192 2.000000000 2
972 432 3 8192 2.000000000 2
972 468 3 8192 2.000000000 2
972 476 3 8192 2.000000000 2
972 488 3 8192 2.000000000 2
972 528 3 8192 2.000000000 2
972 532 3 8192 2.000000000 2
972 544 3 8192 2.000000000 2
972 572 3 8192 2.000000000 2
972 584 3 8192 2.000000000 2
972 608 3 8192 2.000000000 2
972 620 3 8192 2.000000000 2
972 632 3 8192 2.000000000 2
972 636 3 8192 2.000000000 2
972 668 3 8192 2.000000000 2
972 680 3 8192 2.000000000 2
972 684 3 8192 2.000000000 2
972 700 3 8192 2.000000000 2
972 708 3 8192 2.000000000 2
972 728 3 8192 2.000000000 2
972 732 3 8192 2.000000000 2
972 736 3 8192 2.000000000 2
972 748 3 8192 2.000000000 2
972 780 3 8192 2.000000000 2
972 832 3 8192 2.000000000 2
972 836 3 8192 2.000000000 2
972 912 3 8192 2.000000000 2
972 1012 3 8192 2.000000000 2
972 1016 3 8192 2.000000000 2
972 1044 3 8192 2.000000000 2
972 1068 3 8192 2.000000000 2
972 1084 3 8192 2.000000000 2
972 1108 3 8192 2.000000000 2
972 1124 3 8192 2.000000000 2
972 1140 3 8192 2.000000000 2
972 1160 3 8192 2.000000000 2
972 1192 3 8192 2.000000000 2
972 1204 3 8192 2.000000000 2
972 1208 3 8192 2.000000000 2
972 1240 3 8192 2.000000000 2
972 1248 3 8192 2.000000000 2
972 1260 3 8192 2.000000000 2
972 1272 3 8192 2.000000000 2
976 0 3 8192 2.000000000 2
976 28 3 8192 2.000000000 2
976 32 3 8192 2.000000000 2
976 44 3 8192 2.000000000 2
976 96 3 8192 2.000000000 2
976 136 3 8192 2.000000000 2
976 140 3 8192 2.000000000 2
976 144 3 8192 2.000000000 2
976 160 3 8192 2.000000000 2
976 204 3 8192 2.000000000 2
976 216 3 8192 2.000000000 2
976 220 3 8192 2.000000000 2
976 232 3 8192 2.000000000 2
976 272 3 8192 2.000000000 2
976 296 3 8192 2.000000000 2
976 312 3 8192 2.000000000 2
976 328 3 8192 2.000000000 2
976 388 3 8192 2.000000000 2
976 440 3 8192 2.000000000 2
976 444 3 8192 2.000000000 2
976 460 3 8192 2.000000000 2
976 476 3 8192 2.000000000 2
976 492 3 8192 2.000000000 2
976 504 3 8192 2.000000000 2
976 524 3 8192 2.000000000 2
976 528 3 8192 2.000000000 2
976 536 3 8192 2.000000000 2
976 540 3 8192 2.000000000 2
976 548 3 8192 2.000000000 2
976 568 3 8192 2.000000000 2
976 600 3 8192 2.000000000 2
976 604 3 8192 2.000000000 2
976 632 3 8192 2.000000000 2
976 640 3 8192 2.000000000 2
976 644 3 8192 2.000000000 2
976 656 3 8192 2.000000000 2
976 664 3 8192 2.000000000 2
976 712 3 8192 2.000000000 2
976 720 3 8192 2.000000000 2
976 728 3 8192 2.000000000 2
976 732 3 8192 2.000000000 2
976 764 3 8192 2.000000000 2
976 768 3 8192 2.000000000 2
976 824 3 8192 2.000000000 2
976 948 3 8192 2.000000000 2
976 984 3 8192 2.000000000 2
976 1024 3 8192 2.000000000 2
976 1040 3 8192 2.000000000 2
976 1048 3 8192 2.000000000 2
976 1084 3 8192 2.000000000 2
976 1096 3 8192 2.000000000 2
976 1112 3 8192 2.000000000 2
976 1128 3 8192 2.000000000 2
976 1148 3 8192 2.000000000 2
976 1164 3 8192 2.000000000 2
976 1168 3 8192 2.000000000 2
976 1176 3 8192 2.000000000 2
976 1184 3 8192 2.000000000 2
976 1192 3 8192 2.000000000 2
976 1200 3 8192 2.000000000 2
976 1208 3 8192 2.000000000 2
976 1224 3 8192 2.000000000 2
976 1228 3 8192 2.000000000 2
976 1256 3 8192 2.000000000 2
980 12 3 8192 2.000000000 2
980 32 3 8192 2.000000000 2
980 36 3 8192 2.000000000 2
980 44 3 8192 2.000000000 2
980 48 3 8192 2.000000000 2
980 68 3 8192 2.000000000 2
980 72 3 8192 2.000000000 2
980 80 3 8192 2.000000000 2
980 84 3 8192 2.000000000 2
980 108 3 8192 2.000000000 2
980 160 3 8192 2.000000000 2
980 164 3 8192 2.000000000 2
980 188 3 8192 2.000000000 2
980 196 3 8192 2.000000000 2
980 212 3 8192 2.000000000 2
980 216 3 8192 2.000000000 2
980 232 3 8192 2.000000000 2
980 292 3 8192 2.000000000 2
980 320 3 8192 2.000000000 2
980 332 3 8192 2.000000000 2
980 364 3 8192 2.000000000 2
980 412 3 8192 2.000000000 2
980 420 3 8192 2.000000000 2
980 436 3 8192 2.000000000 2
980 452 3 8192 2.000000000 2
980 468 3 8192 2.000000000 2
980 488 3 8192 2.000000000 2
980 500 3 8192 2.000000000 2
980 504 3 8192 2.000000000 2
980 516 3 8192 2.000000000 2
980 552 3 8192 2.000000000 2
980 572 3 8192 2.000000000 2
980 580 3 8192 2.000000000 2
980 584 3 8192 2.000000000 2
980 604 3 8192 2.000000000 2
980 620 3 8192 2.000000000 2
980 628 3 8192 2.000000000 2
980 680 3 8192 2.000000000 2
980 728 3 8192 2.000000000 2
980 732 3 8192 2.000000000 2
980 800 3 8192 2.000000000 2
980 828 3 8192 2.000000000 2
980 856 3 8192 2.000000000 2
980 876 3 8192 2.000000000 2
980 908 3 8192 2.000000000 2
980 916 3 8192 2.000000000 2
980 948 3 8192 2.000000000 2
980 964 3 8192 2.000000000 2
980 972 3 8192 2.000000000 2
980 976 3 8192 2.000000000 2
980 992 3 8192 2.000000000 2
980 1020 3 8192 2.000000000 2
980 1032 3 8192 2.000000000 2
980 1044 3 8192 2.000000000 2
980 1068 3 8192 2.000000000 2
980 1076 3 8192 2.000000000 2
980 1104 3 8192 2.000000000 2
980 1128 3 8192 2.000000000 2
980 1208 3 8192 2.000000000 2
980 1216 3 8192 2.000000000 2
980 1224 3 8192 2.000000000 2
980 1228 3 8192 2.000000000 2
980 1256 3 8192 2.000000000 2
980 1276 3 8192 2.000000000 2
984 52 3 8192 2.000000000 2
984 68 3 8192 2.000000000 2
984 80 3 8192 2.000000000 2
984 112 3 8192 2.000000000 2
984 120 3 8192 2.000000000 2
984 152 3 8192 2.000000000 2
984 204 3 8192 2.000000000 2
984 208 3 8192 2.000000000 2
984 224 3 8192 2.000000000 2
984 244 3 8192 2.000000000 2
984 248 3 8192 2.000000000 2
984 272 3 8192 2.000000000 2
984 320 3 8192 2.000000000 2
984 380 3 8192 2.000000000 2
984 452 3 8192 2.000000000 2
984 464 3 8192 2.000000000 2
984 484 3 8192 2.000000000 2
984 504 3 8192 2.000000000 2
984 520 3 8192 2.000000000 2
984 524 3 8192 2.000000000 2
984 536 3 8192 2.000000000 2
984 540 3 8192 2.000000000 2
984 576 3 8192 2.000000000 2
984 596 3 8192 2.000000000 2
984 600 3 8192 2.000000000 2
984 616 3 8192 2.000000000 2
984 620 3 8192 2.000000000 2
984 636 3 8192 2.000000000 2
984 644 3 8192 2.000000000 2
984 664 3 8192 2.000000000 2
984 668 3 8192 2.000000000 2
984 680 3 8192 2.000000000 2
984 692 3 8192 2.000000000 2
984 700 3 8192 2.000000000 2
984 716 3 8192 2.000000000 2
984 724 3 8192 2.000000000 2
984 728 3 8192 2.000000000 2
984 748 3 8192 2.000000000 2
984 804 3 8192 2.000000000 2
984 820 3 8192 2.000000000 2
984 844 3 8192 2.000000000 2
984 856 3 8192 2.000000000 2
984 896 3 8192 2.000000000 2
984 904 3 8192 2.000000000 2
984 932 3 8192 2.000000000 2
984 968 3 8192 2.000000000 2
984 980 3 8192 2.000000000 2
984 1016 3 8192 2.000000000 2
984 1032 3 8192 2.000000000 2
984 1040 3 8192 2.000000000 2
984 1044 3 8192 2.000000000 2
984 1048 3 8192 2.000000000 2
984 1052 3 8192 2.000000000 2
984 1068 3 8192 2.000000000 2
984 1088 3 8192 2.000000000 2
984 1108 3 8192 2.000000000 2
984 1152 3 8192 2.000000000 2
984 1176 3 8192 2.000000000 2
984 1188 3 8192 2.000000000 2
984 1200 3 8192 2.000000000 2
984 1236 3 8192 2.000000000 2
984 1240 3 8192 2.000000000 2
984 1252 3 8192 2.000000000 2
984 1256 3 8192 2.000000000 2
992 0 3 8192 2.000000000 2
992 4 3 8192 2.000000000 2
992 8 3 8192 2.000000000 2
992 12 3 8192 2.000000000 2
992 48 3 8192 2.000000000 2
992 52 3 8192 2.000000000 2
992 68 3 8192 2.000000000 2
992 80 3 8192 2.000000000 2
992 92 3 8192 2.000000000 2
992 116 3 8192 2.000000000 2
992 160 3 8192 2.000000000 2
992 176 3 8192 2.000000000 2
992 188 3 8192 2.000000000 2
992 212 3 8192 2.000000000 2
992 224 3 8192 2.000000000 2
992 240 3 8192 2.000000000 2
992 248 3 8192 2.000000000 2
992 296 3 8192 2.000000000 2
992 320 3 8192 2.000000000 2
992 364 3 8192 2.000000000 2
992 380 3 8192 2.000000000 2
992 404 3 8192 2.000000000 2
992 408 3 8192 2.000000000 2
992 416 3 8192 2.000000000 2
992 428 3 8192 2.000000000 2
992 444 3 8192 2.000000000 2
992 468 3 8192 2.000000000 2
992 480 3 8192 2.000000000 2
992 484 3 8192 2.000000000 2
992 488 3 8192 2.000000000 2
992 500 3 8192 2.000000000 2
992 528 3 8192 2.000000000 2
992 572 3 8192 2.000000000 2
992 584 3 8192 2.000000000 2
992 600 3 8192 2.000000000 2
992 604 3 8192 2.000000000 2
992 684 3 8192 2.000000000 2
992 740 3 8192 2.000000000 2
992 756 3 8192 2.000000000 2
992 768 3 8192 2.000000000 2
992 780 3 8192 2.000000000 2
992 784 3 8192 2.000000000 2
992 816 3 8192 2.000000000 2
992 820 3 8192 2.000000000 2
992 824 3 8192 2.000000000 2
992 836 3 8192 2.000000000 2
992 844 3 8192 2.000000000 2
992 860 3 8192 2.000000000 2
992 904 3 8192 2.000000000 2
992 976 3 8192 2.000000000 2
992 1000 3 8192 2.000000000 2
992 1032 3 8192 2.000000000 2
992 1040 3 8192 2.000000000 2
992 1044 3 8192 2.000000000 2
992 1056 3 8192 2.000000000 2
992 1152 3 8192 2.000000000 2
992 1160 3 8192 2.000000000 2
992 1176 3 8192 2.000000000 2
992 1196 3 8192 2.000000000 2
992 1200 3 8192 2.000000000 2
992 1220 3 8192 2.000000000 2
992 1224 3 8192 2.000000000 2
992 1244 3 8192 2.000000000 2
992 1248 3 8192 2.000000000 2
1000 12 3 8192 2.000000000 2
1000 24 3 8192 2.000000000 2
1000 44 3 8192 2.000000000 2
1000 48 3 8192 2.000000000 2
1000 60 3 8192 2.000000000 2
1000 68 3 8192 2.000000000 2
1000 76 3 8192 2.000000000 2
1000 84 3 8192 2.000000000 2
1000 88 3 8192 2.000000000 2
1000 104 3 8192 2.000000000 2
1000 112 3 8192 2.000000000 2
1000 116 3 8192 2.000000000 2
1000 136 3 8192 2.000000000 2
1000 152 3 8192 2.000000000 2
1000 172 3 8192 2.000000000 2
1000 180 3 8192 2.000000000 2
1000 260 3 8192 2.000000000 2
1000 264 3 8192 2.000000000 2
1000 304 3 8192 2.000000000 2
1000 312 3 8192 2.000000000 2
1000 344 3 8192 2.000000000 2
1000 356 3 8192 2.000000000 2
1000 408 3 8192 2.000000000 2
1000 420 3 8192 2.000000000 2
1000 428 3 8192 2.000000000 2
1000 520 3 8192 2.000000000 2
1000 544 3 8192 2.000000000 2
1000 548 3 8192 2.000000000 2
1000 552 3 8192 2.000000000 2
1000 576 3 8192 2.000000000 2
1000 600 3 8192 2.000000000 2
1000 624 3 8192 2.000000000 2
1000 640 3 8192 2.000000000 2
1000 652 3 8192 2.000000000 2
1000 664 3 8192 2.000000000 2
1000 680 3 8192 2.000000000 2
1000 724 3 8192 2.000000000 2
1000 740 3 8192 2.000000000 2
1000 744 3 8192 2.000000000 2
1000 764 3 8192 2.000000000 2
1000 784 3 8192 2.000000000 2
1000 804 3 8192 2.000000000 2
1000 860 3 8192 2.000000000 2
1000 884 3 8192 2.000000000 2
1000 888 3 8192 2.000000000 2
1000 936 3 8192 2.000000000 2
1000 940 3 8192 2.000000000 2
1000 976 3 8192 2.000000000 2
1000 980 3 8192 2.000000000 2
1000 1016 3 8192 2.000000000 2
1000 1024 3 8192 2.000000000 2
1000 1040 3 8192 2.000000000 2
1000 1056 3 8192 2.000000000 2
1000 1068 3 8192 2.000000000 2
1000 1104 3 8192 2.000000000 2
1000 1128 3 8192 2.000000000 2
1000 1156 3 8192 2.000000000 2
1000 1160 3 8192 2.000000000 2
1000 1196 3 8192 2.000000000 2
1000 1208 3 8192 2.000000000 2
1000 1216 3 8192 2.000000000 2
1000 1224 3 8192 2.000000000 2
1000 1236 3 8192 2.000000000 2
1000 1264 3 8192 2.000000000 2
1008 24 3 8192 2.000000000 2
1008 32 3 8192 2.000000000 2
1008 36 3 8192 2.000000000 2
1008 68 3 8192 2.000000000 2
1008 72 3 8192 2.000000000 2
1008 76 3 8192 2.000000000 2
1008 96 3 8192 2.000000000 2
1008 140 3 8192 2.000000000 2
1008 180 3 8192 2.000000000 2
1008 216 3 8192 2.000000000 2
1008 236 3 8192 2.000000000 2
1008 276 3 8192 2.000000000 2
1008 332 3 8192 2.000000000 2
1008 364 3 8192 2.000000000 2
1008 376 3 8192 2.000000000 2
1008 388 3 8192 2.000000000 2
1008 408 3 8192 2.000000000 2
1008 428 3 8192 2.000000000 2
1008 480 3 8192 2.000000000 2
1008 492 3 8192 2.000000000 2
1008 516 3 8192 2.000000000 2
1008 540 3 8192 2.000000000 2
1008 544 3 8192 2.000000000 2
1008 552 3 8192 2.000000000 2
1008 560 3 8192 2.000000000 2
1008 580 3 8192 2.000000000 2
1008 584 3 8192 2.000000000 2
1008 600 3 8192 2.000000000 2
1008 608 3 8192 2.000000000 2
1008 612 3 8192 2.000000000 2
1008 620 3 8192 2.000000000 2
1008 640 3 8192 2.000000000 2
1008 644 3 8192 2.000000000 2
1008 648 3 8192 2.000000000 2
1008 664 3 8192 2.000000000 2
1008 672 3 8192 2.000000000 2
1008 680 3 8192 2.000000000 2
1008 720 3 8192 2.000000000 2
1008 728 3 8192 2.000000000 2
1008 740 3 8192 2.000000000 2
1008 744 3 8192 2.000000000 2
1008 780 3 8192 2.000000000 2
1008 796 3 8192 2.000000000 2
1008 824 3 8192 2.000000000 2
1008 844 3 8192 2.000000000 2
1008 884 3 8192 2.000000000 2
1008 920 3 8192 2.000000000 2
1008 932 3 8192 2.000000000 2
1008 948 3 8192 2.000000000 2
1008 968 3 8192 2.000000000 2
1008 984 3 8192 2.000000000 2
1008 1000 3 8192 2.000000000 2
1008 1012 3 8192 2.000000000 2
1008 1016 3 8192 2.000000000 2
1008 1068 3 8192 2.000000000 2
1008 1108 3 8192 2.000000000 2
1008 1124 3 8192 2.000000000 2
1008 1128 3 8192 2.000000000 2
1008 1148 3 8192 2.000000000 2
1008 1156 3 8192 2.000000000 2
1008 1172 3 8192 2.000000000 2
1008 1184 3 8192 2.000000000 2
1008 1236 3 8192 2.000000000 2
1008 1276 3 8192 2.000000000 2
1012 36 3 8192 2.000000000 2
1012 68 3 8192 2.000000000 2
1012 92 3 8192 2.000000000 2
1012 152 3 8192 2.000000000 2
1012 156 3 8192 2.000000000 2
1012 172 3 8192 2.000000000 2
1012 196 3 8192 2.000000000 2
1012 200 3 8192 2.000000000 2
1012 216 3 8192 2.000000000 2
1012 304 3 8192 2.000000000 2
1012 324 3 8192 2.000000000 2
1012 332 3 8192 2.000000000 2
1012 344 3 8192 2.000000000 2
1012 364 3 8192 2.000000000 2
1012 384 3 8192 2.000000000 2
1012 428 3 8192 2.000000000 2
1012 460 3 8192 2.000000000 2
1012 464 3 8192 2.000000000 2
1012 484 3 8192 2.000000000 2
1012 524 3 8192 2.000000000 2
1012 532 3 8192 2.000000000 2
1012 552 3 8192 2.000000000 2
1012 568 3 8192 2.000000000 2
1012 576 3 8192 2.000000000 2
1012 580 3 8192 2.000000000 2
1012 588 3 8192 2.000000000 2
1012 624 3 8192 2.000000000 2
1012 656 3 8192 2.000000000 2
1012 716 3 8192 2.000000000 2
1012 744 3 8192 2.000000000 2
1012 756 3 8192 2.000000000 2
1012 764 3 8192 2.000000000 2
1012 768 3 8192 2.000000000 2
1012 776 3 8192 2.000000000 2
1012 792 3 8192 2.000000000 2
1012 820 3 8192 2.000000000 2
1012 828 3 8192 2.000000000 2
1012 856 3 8192 2.000000000 2
1012 860 3 8192 2.000000000 2
1012 892 3 8192 2.000000000 2
1012 904 3 8192 2.000000000 2
1012 912 3 8192 2.000000000 2
1012 916 3 8192 2.000000000 2
1012 924 3 8192 2.000000000 2
1012 932 3 8192 2.000000000 2
1012 940 3 8192 2.000000000 2
1012 992 3 8192 2.000000000 2
1012 1060 3 8192 2.000000000 2
1012 1084 3 8192 2.000000000 2
1012 1096 3 8192 2.000000000 2
1012 1108 3 8192 2.000000000 2
1012 1140 3 8192 2.000000000 2
1012 1148 3 8192 2.000000000 2
1012 1152 3 8192 2.000000000 2
1012 1180 3 8192 2.000000000 2
1012 1184 3 8192 2.000000000 2
1012 1212 3 8192 2.000000000 2
1012 1216 3 8192 2.000000000 2
1012 1220 3 8192 2.000000000 2
1012 1228 3 8192 2.000000000 2
1012 1240 3 8192 2.000000000 2
1012 1248 3 8192 2.000000000 2
1012 1256 3 8192 2.000000000 2
1012 1276 3 8192 2.000000000 2
1016 52 3 8192 2.000000000 2
1016 112 3 8192 2.000000000 2
1016 164 3 8192 2.000000000 2
1016 172 3 8192 2.000000000 2
1016 208 3 8192 2.000000000 2
1016 212 3 8192 2.000000000 2
1016 260 3 8192 2.000000000 2
1016 264 3 8192 2.000000000 2
1016 296 3 8192 2.000000000 2
1016 328 3 8192 2.000000000 2
1016 332 3 8192 2.000000000 2
1016 400 3 8192 2.000000000 2
1016 412 3 8192 2.000000000 2
1016 428 3 8192 2.000000000 2
1016 436 3 8192 2.000000000 2
1016 460 3 8192 2.000000000 2
1016 464 3 8192 2.000000000 2
1016 488 3 8192 2.000000000 2
1016 524 3 8192 2.000000000 2
1016 552 3 8192 2.000000000 2
1016 572 3 8192 2.000000000 2
1016 584 3 8192 2.000000000 2
1016 588 3 8192 2.000000000 2
1016 608 3 8192 2.000000000 2
1016 632 3 8192 2.000000000 2
1016 640 3 8192 2.000000000 2
1016 644 3 8192 2.000000000 2
1016 652 3 8192 2.000000000 2
1016 668 3 8192 2.000000000 2
1016 672 3 8192 2.000000000 2
1016 684 3 8192 2.000000000 2
1016 688 3 8192 2.000000000 2
1016 716 3 8192 2.000000000 2
1016 720 3 8192 2.000000000 2
1016 724 3 8192 2.000000000 2
1016 732 3 8192 2.000000000 2
1016 748 3 8192 2.000000000 2
1016 760 3 8192 2.000000000 2
1016 764 3 8192 2.000000000 2
1016 784 3 8192 2.000000000 2
1016 800 3 8192 2.000000000 2
1016 816 3 8192 2.000000000 2
1016 820 3 8192 2.000000000 2
1016 836 3 8192 2.000000000 2
1016 872 3 8192 2.000000000 2
1016 880 3 8192 2.000000000 2
1016 912 3 8192 2.000000000 2
1016 920 3 8192 2.000000000 2
1016 924 3 8192 2.000000000 2
1016 932 3 8192 2.000000000 2
1016 972 3 8192 2.000000000 2
1016 992 3 8192 2.000000000 2
1016 1020 3 8192 2.000000000 2
1016 1044 3 8192 2.000000000 2
1016 1052 3 8192 2.000000000 2
1016 1084 3 8192 2.000000000 2
1016 1148 3 8192 2.000000000 2
1016 1172 3 8192 2.000000000 2
1016 1180 3 8192 2.000000000 2
1016 1188 3 8192 2.000000000 2
1016 1192 3 8192 2.000000000 2
1016 1208 3 8192 2.000000000 2
1016 1228 3 8192 2.000000000 2
1016 1256 3 8192 2.000000000 2
1020 4 3 8192 2.000000000 2
1020 48 3 8192 2.000000000 2
1020 52 3 8192 2.000000000 2
1020 72 3 8192 2.000000000 2
1020 76 3 8192 2.000000000 2
1020 84 3 8192 2.000000000 2
1020 104 3 8192 2.000000000 2
1020 112 3 8192 2.000000000 2
1020 116 3 8192 2.000000000 2
1020 136 3 8192 2.000000000 2
1020 176 3 8192 2.000000000 2
1020 196 3 8192 2.000000000 2
1020 204 3 8192 2.000000000 2
1020 208 3 8192 2.000000000 2
1020 216 3 8192 2.000000000 2
1020 324 3 8192 2.000000000 2
1020 328 3 8192 2.000000000 2
1020 344 3 8192 2.000000000 2
1020 380 3 8192 2.000000000 2
1020 396 3 8192 2.000000000 2
1020 404 3 8192 2.000000000 2
1020 428 3 8192 2.000000000 2
1020 468 3 8192 2.000000000 2
1020 484 3 8192 2.000000000 2
1020 520 3 8192 2.000000000 2
1020 524 3 8192 2.000000000 2
1020 528 3 8192 2.000000000 2
1020 532 3 8192 2.000000000 2
1020 548 3 8192 2.000000000 2
1020 552 3 8192 2.000000000 2
1020 560 3 8192 2.000000000 2
1020 580 3 8192 2.000000000 2
1020 616 3 8192 2.000000000 2
1020 684 3 8192 2.000000000 2
1020 688 3 8192 2.000000000 2
1020 700 3 8192 2.000000000 2
1020 708 3 8192 2.000000000 2
1020 716 3 8192 2.000000000 2
1020 728 3 8192 2.000000000 2
1020 740 3 8192 2.000000000 2
1020 744 3 8192 2.000000000 2
1020 764 3 8192 2.000000000 2
1020 780 3 8192 2.000000000 2
1020 800 3 8192 2.000000000 2
1020 820 3 8192 2.000000000 2
1020 828 3 8192 2.000000000 2
1020 908 3 8192 2.000000000 2
1020 948 3 8192 2.000000000 2
1020 980 3 8192 2.000000000 2
1020 1000 3 8192 2.000000000 2
1020 1032 3 8192 2.000000000 2
1020 1048 3 8192 2.000000000 2
1020 1052 3 8192 2.000000000 2
1020 1060 3 8192 2.000000000 2
1020 1088 3 8192 2.000000000 2
1020 1096 3 8192 2.000000000 2
1020 1124 3 8192 2.000000000 2
1020 1128 3 8192 2.000000000 2
1020 1148 3 8192 2.000000000 2
1020 1192 3 8192 2.000000000 2
1020 1204 3 8192 2.000000000 2
1020 1224 3 8192 2.000000000 2
1020 1264 3 8192 2.000000000 2
1020 1272 3 8192 2.000000000 2
1024 0 3 8192 2.000000000 2
1024 36 3 8192 2.000000000 2
1024 92 3 8192 2.000000000 2
1024 112 3 8192 2.000000000 2
1024 120 3 8192 2.000000000 2
1024 196 3 8192 2.000000000 2
1024 208 3 8192 2.000000000 2
1024 212 3 8192 2.000000000 2
1024 236 3 8192 2.000000000 2
1024 252 3 8192 2.000000000 2
1024 312 3 8192 2.000000000 2
1024 328 3 8192 2.000000000 2
1024 344 3 8192 2.000000000 2
1024 348 3 8192 2.000000000 2
1024 384 3 8192 2.000000000 2
1024 416 3 8192 2.000000000 2
1024 428 3 8192 2.000000000 2
1024 464 3 8192 2.000000000 2
1024 476 3 8192 2.000000000 2
1024 492 3 8192 2.000000000 2
1024 500 3 8192 2.000000000 2
1024 504 3 8192 2.000000000 2
1024 516 3 8192 2.000000000 2
1024 552 3 8192 2.000000000 2
1024 572 3 8192 2.000000000 2
1024 580 3 8192 2.000000000 2
1024 588 3 8192 2.000000000 2
1024 616 3 8192 2.000000000 2
1024 624 3 8192 2.000000000 2
1024 628 3 8192 2.000000000 2
1024 712 3 8192 2.000000000 2
1024 716 3 8192 2.000000000 2
1024 720 3 8192 2.000000000 2
1024 724 3 8192 2.000000000 2
1024 780 3 8192 2.000000000 2
1024 792 3 8192 2.000000000 2
1024 808 3 8192 2.000000000 2
1024 816 3 8192 2.000000000 2
1024 860 3 8192 2.000000000 2
1024 876 3 8192 2.000000000 2
1024 880 3 8192 2.000000000 2
1024 888 3 8192 2.000000000 2
1024 896 3 8192 2.000000000 2
1024 904 3 8192 2.000000000 2
1024 912 3 8192 2.000000000 2
1024 940 3 8192 2.000000000 2
1024 964 3 8192 2.000000000 2
1024 984 3 8192 2.000000000 2
1024 1008 3 8192 2.000000000 2
1024 1016 3 8192 2.000000000 2
1024 1060 3 8192 2.000000000 2
1024 1068 3 8192 2.000000000 2
1024 1104 3 8192 2.000000000 2
1024 1108 3 8192 2.000000000 2
1024 1128 3 8192 2.000000000 2
1024 1140 3 8192 2.000000000 2
1024 1152 3 8192 2.000000000 2
1024 1156 3 8192 2.000000000 2
1024 1160 3 8192 2.000000000 2
1024 1164 3 8192 2.000000000 2
1024 1208 3 8192 2.000000000 2
1024 1212 3 8192 2.000000000 2
1024 1224 3 8192 2.000000000 2
1024 1244 3 8192 2.000000000 2
1032 68 3 8192 2.000000000 2
1032 76 3 8192 2.000000000 2
1032 88 3 8192 2.000000000 2
1032 92 3 8192 2.000000000 2
1032 112 3 8192 2.000000000 2
1032 136 3 8192 2.000000000 2
1032 140 3 8192 2.000000000 2
1032 144 3 8192 2.000000000 2
1032 152 3 8192 2.000000000 2
1032 156 3 8192 2.000000000 2
1032 204 3 8192 2.000000000 2
1032 208 3 8192 2.000000000 2
1032 216 3 8192 2.000000000 2
1032 232 3 8192 2.000000000 2
1032 244 3 8192 2.000000000 2
1032 328 3 8192 2.000000000 2
1032 360 3 8192 2.000000000 2
1032 372 3 8192 2.000000000 2
1032 380 3 8192 2.000000000 2
1032 384 3 8192 2.000000000 2
1032 408 3 8192 2.000000000 2
1032 420 3 8192 2.000000000 2
1032 464 3 8192 2.000000000 2
1032 476 3 8192 2.000000000 2
1032 488 3 8192 2.000000000 2
1032 516 3 8192 2.000000000 2
1032 560 3 8192 2.000000000 2
1032 584 3 8192 2.000000000 2
1032 612 3 8192 2.000000000 2
1032 640 3 8192 2.000000000 2
1032 648 3 8192 2.000000000 2
1032 688 3 8192 2.000000000 2
1032 692 3 8192 2.000000000 2
1032 700 3 8192 2.000000000 2
1032 708 3 8192 2.000000000 2
1032 720 3 8192 2.000000000 2
1032 736 3 8192 2.000000000 2
1032 748 3 8192 2.000000000 2
1032 796 3 8192 2.000000000 2
1032 832 3 8192 2.000000000 2
1032 852 3 8192 2.000000000 2
1032 920 3 8192 2.000000000 2
1032 964 3 8192 2.000000000 2
1032 1000 3 8192 2.000000000 2
1032 1008 3 8192 2.000000000 2
1032 1020 3 8192 2.000000000 2
1032 1024 3 8192 2.000000000 2
1032 1044 3 8192 2.000000000 2
1032 1052 3 8192 2.000000000 2
1032 1060 3 8192 2.000000000 2
1032 1068 3 8192 2.000000000 2
1032 1096 3 8192 2.000000000 2
1032 1108 3 8192 2.000000000 2
1032 1124 3 8192 2.000000000 2
1032 1140 3 8192 2.000000000 2
1032 1164 3 8192 2.000000000 2
1032 1196 3 8192 2.000000000 2
1032 1208 3 8192 2.000000000 2
1032 1228 3 8192 2.000000000 2
1032 1236 3 8192 2.000000000 2
1032 1252 3 8192 2.000000000 2
1032 1256 3 8192 2.000000000 2
1032 1264 3 8192 2.000000000 2
1032 1276 3 8192 2.000000000 2
1040 0 3 8192 2.000000000 2
1040 12 3 8192 2.000000000 2
1040 60 3 8192 2.000000000 2
1040 76 3 8192 2.000000000 2
1040 88 3 8192 2.000000000 2
1040 116 3 8192 2.000000000 2
1040 152 3 8192 2.000000000 2
1040 200 3 8192 2.000000000 2
1040 224 3 8192 2.000000000 2
1040 228 3 8192 2.000000000 2
1040 232 3 8192 2.000000000 2
1040 296 3 8192 2.000000000 2
1040 324 3 8192 2.000000000 2
1040 328 3 8192 2.000000000 2
1040 360 3 8192 2.000000000 2
1040 364 3 8192 2.000000000 2
1040 388 3 8192 2.000000000 2
1040 396 3 8192 2.000000000 2
1040 404 3 8192 2.000000000 2
1040 428 3 8192 2.000000000 2
1040 436 3 8192 2.000000000 2
1040 444 3 8192 2.000000000 2
1040 468 3 8192 2.000000000 2
1040 516 3 8192 2.000000000 2
1040 536 3 8192 2.000000000 2
1040 572 3 8192 2.000000000 2
1040 580 3 8192 2.000000000 2
1040 584 3 8192 2.000000000 2
1040 604 3 8192 2.000000000 2
1040 624 3 8192 2.000000000 2
1040 636 3 8192 2.000000000 2
1040 668 3 8192 2.000000000 2
1040 688 3 8192 2.000000000 2
1040 736 3 8192 2.000000000 2
1040 780 3 8192 2.000000000 2
1040 784 3 8192 2.000000000 2
1040 816 3 8192 2.000000000 2
1040 820 3 8192 2.000000000 2
1040 832 3 8192 2.000000000 2
1040 860 3 8192 2.000000000 2
1040 876 3 8192 2.000000000 2
1040 908 3 8192 2.000000000 2
1040 912 3 8192 2.000000000 2
1040 948 3 8192 2.000000000 2
1040 972 3 8192 2.000000000 2
1040 980 3 8192 2.000000000 2
1040 1000 3 8192 2.000000000 2
1040 1024 3 8192 2.000000000 2
1040 1052 3 8192 2.000000000 2
1040 1056 3 8192 2.000000000 2
1040 1068 3 8192 2.000000000 2
1040 1112 3 8192 2.000000000 2
1040 1124 3 8192 2.000000000 2
1040 1144 3 8192 2.000000000 2
1040 1152 3 8192 2.000000000 2
1040 1188 3 8192 2.000000000 2
1040 1192 3 8192 2.000000000 2
1040 1196 3 8192 2.000000000 2
1040 1200 3 8192 2.000000000 2
1040 1208 3 8192 2.000000000 2
1040 1212 3 8192 2.000000000 2
1040 1236 3 8192 2.000000000 2
1040 1260 3 8192 2.000000000 2
1040 1264 3 8192 2.000000000 2
1044 8 3 8192 2.000000000 2
1044 80 3 8192 2.000000000 2
1044 104 3 8192 2.000000000 2
1044 108 3 8192 2.000000000 2
1044 136 3 8192 2.000000000 2
1044 144 3 8192 2.000000000 2
1044 152 3 8192 2.000000000 2
1044 160 3 8192 2.000000000 2
1044 180 3 8192 2.000000000 2
1044 236 3 8192 2.000000000 2
1044 304 3 8192 2.000000000 2
1044 328 3 8192 2.000000000 2
1044 344 3 8192 2.000000000 2
1044 348 3 8192 2.000000000 2
1044 372 3 8192 2.000000000 2
1044 376 3 8192 2.000000000 2
1044 384 3 8192 2.000000000 2
1044 396 3 8192 2.000000000 2
1044 404 3 8192 2.000000000 2
1044 412 3 8192 2.000000000 2
1044 452 3 8192 2.000000000 2
1044 504 3 8192 2.000000000 2
1044 516 3 8192 2.000000000 2
1044 520 3 8192 2.000000000 2
1044 528 3 8192 2.000000000 2
1044 532 3 8192 2.000000000 2
1044 552 3 8192 2.000000000 2
1044 576 3 8192 2.000000000 2
1044 580 3 8192 2.000000000 2
1044 608 3 8192 2.000000000 2
1044 612 3 8192 2.000000000 2
1044 616 3 8192 2.000000000 2
1044 644 3 8192 2.000000000 2
1044 648 3 8192 2.000000000 2
1044 680 3 8192 2.000000000 2
1044 684 3 8192 2.000000000 2
1044 700 3 8192 2.000000000 2
1044 740 3 8192 2.000000000 2
1044 748 3 8192 2.000000000 2
1044 756 3 8192 2.000000000 2
1044 760 3 8192 2.000000000 2
1044 780 3 8192 2.000000000 2
1044 784 3 8192 2.000000000 2
1044 792 3 8192 2.000000000 2
1044 816 3 8192 2.000000000 2
1044 828 3 8192 2.000000000 2
1044 876 3 8192 2.000000000 2
1044 920 3 8192 2.000000000 2
1044 932 3 8192 2.000000000 2
1044 980 3 8192 2.000000000 2
1044 1012 3 8192 2.000000000 2
1044 1040 3 8192 2.000000000 2
1044 1068 3 8192 2.000000000 2
1044 1088 3 8192 2.000000000 2
1044 1096 3 8192 2.000000000 2
1044 1100 3 8192 2.000000000 2
1044 1140 3 8192 2.000000000 2
1044 1144 3 8192 2.000000000 2
1044 1156 3 8192 2.000000000 2
1044 1208 3 8192 2.000000000 2
1044 1216 3 8192 2.000000000 2
1044 1248 3 8192 2.000000000 2
1044 1256 3 8192 2.000000000 2
1044 1264 3 8192 2.000000000 2
1048 8 3 8192 2.000000000 2
1048 36 3 8192 2.000000000 2
1048 48 3 8192 2.000000000 2
1048 96 3 8192 2.000000000 2
1048 120 3 8192 2.000000000 2
1048 140 3 8192 2.000000000 2
1048 164 3 8192 2.000000000 2
1048 188 3 8192 2.000000000 2
1048 208 3 8192 2.000000000 2
1048 228 3 8192 2.000000000 2
1048 236 3 8192 2.000000000 2
1048 252 3 8192 2.000000000 2
1048 264 3 8192 2.000000000 2
1048 272 3 8192 2.000000000 2
1048 312 3 8192 2.000000000 2
1048 324 3 8192 2.000000000 2
1048 328 3 8192 2.000000000 2
1048 476 3 8192 2.000000000 2
1048 484 3 8192 2.000000000 2
1048 488 3 8192 2.000000000 2
1048 524 3 8192 2.000000000 2
1048 540 3 8192 2.000000000 2
1048 596 3 8192 2.000000000 2
1048 604 3 8192 2.000000000 2
1048 612 3 8192 2.000000000 2
1048 616 3 8192 2.000000000 2
1048 644 3 8192 2.000000000 2
1048 680 3 8192 2.000000000 2
1048 688 3 8192 2.000000000 2
1048 692 3 8192 2.000000000 2
1048 712 3 8192 2.000000000 2
1048 728 3 8192 2.000000000 2
1048 740 3 8192 2.000000000 2
1048 744 3 8192 2.000000000 2
1048 760 3 8192 2.000000000 2
1048 828 3 8192 2.000000000 2
1048 852 3 8192 2.000000000 2
1048 880 3 8192 2.000000000 2
1048 904 3 8192 2.000000000 2
1048 912 3 8192 2.000000000 2
1048 936 3 8192 2.000000000 2
1048 992 3 8192 2.000000000 2
1048 1020 3 8192 2.000000000 2
1048 1024 3 8192 2.000000000 2
1048 1032 3 8192 2.000000000 2
1048 1044 3 8192 2.000000000 2
1048 1056 3 8192 2.000000000 2
1048 1100 3 8192 2.000000000 2
1048 1104 3 8192 2.000000000 2
1048 1108 3 8192 2.000000000 2
1048 1120 3 8192 2.000000000 2
1048 1144 3 8192 2.000000000 2
1048 1148 3 8192 2.000000000 2
1048 1152 3 8192 2.000000000 2
1048 1156 3 8192 2.000000000 2
1048 1164 3 8192 2.000000000 2
1048 1168 3 8192 2.000000000 2
1048 1172 3 8192 2.000000000 2
1048 1176 3 8192 2.000000000 2
1048 1196 3 8192 2.000000000 2
1048 1224 3 8192 2.000000000 2
1048 1240 3 8192 2.000000000 2
1048 1252 3 8192 2.000000000 2
1048 1256 3 8192 2.000000000 2
1052 8 3 8192 2.000000000 2
1052 36 3 8192 2.000000000 2
1052 44 3 8192 2.000000000 2
1052 52 3 8192 2.000000000 2
1052 80 3 8192 2.000000000 2
1052 92 3 8192 2.000000000 2
1052 116 3 8192 2.000000000 2
1052 136 3 8192 2.000000000 2
1052 140 3 8192 2.000000000 2
1052 156 3 8192 2.000000000 2
1052 204 3 8192 2.000000000 2
1052 216 3 8192 2.000000000 2
1052 260 3 8192 2.000000000 2
1052 300 3 8192 2.000000000 2
1052 304 3 8192 2.000000000 2
1052 380 3 8192 2.000000000 2
1052 400 3 8192 2.000000000 2
1052 428 3 8192 2.000000000 2
1052 452 3 8192 2.000000000 2
1052 468 3 8192 2.000000000 2
1052 476 3 8192 2.000000000 2
1052 520 3 8192 2.000000000 2
1052 536 3 8192 2.000000000 2
1052 576 3 8192 2.000000000 2
1052 580 3 8192 2.000000000 2
1052 604 3 8192 2.000000000 2
1052 628 3 8192 2.000000000 2
1052 708 3 8192 2.000000000 2
1052 712 3 8192 2.000000000 2
1052 728 3 8192 2.000000000 2
1052 732 3 8192 2.000000000 2
1052 740 3 8192 2.000000000 2
1052 760 3 8192 2.000000000 2
1052 768 3 8192 2.000000000 2
1052 776 3 8192 2.000000000 2
1052 808 3 8192 2.000000000 2
1052 832 3 8192 2.000000000 2
1052 844 3 8192 2.000000000 2
1052 856 3 8192 2.000000000 2
1052 892 3 8192 2.000000000 2
1052 904 3 8192 2.000000000 2
1052 912 3 8192 2.000000000 2
1052 936 3 8192 2.000000000 2
1052 948 3 8192 2.000000000 2
1052 984 3 8192 2.000000000 2
1052 1008 3 8192 2.000000000 2
1052 1032 3 8192 2.000000000 2
1052 1068 3 8192 2.000000000 2
1052 1084 3 8192 2.000000000 2
1052 1100 3 8192 2.000000000 2
1052 1108 3 8192 2.000000000 2
1052 1120 3 8192 2.000000000 2
1052 1144 3 8192 2.000000000 2
1052 1156 3 8192 2.000000000 2
1052 1188 3 8192 2.000000000 2
1052 1192 3 8192 2.000000000 2
1052 1204 3 8192 2.000000000 2
1052 1224 3 8192 2.000000000 2
1052 1228 3 8192 2.000000000 2
1052 1236 3 8192 2.000000000 2
1052 1248 3 8192 2.000000000 2
1052 1252 3 8192 2.000000000 2
1052 1256 3 8192 2.000000000 2
1052 1260 3 8192 2.000000000 2
1056 8 3 8192 2.000000000 2
1056 12 3 8192 2.000000000 2
1056 44 3 8192 2.000000000 2
1056 68 3 8192 2.000000000 2
1056 96 3 8192 2.000000000 2
1056 112 3 8192 2.000000000 2
1056 136 3 8192 2.000000000 2
1056 200 3 8192 2.000000000 2
1056 204 3 8192 2.000000000 2
1056 212 3 8192 2.000000000 2
1056 220 3 8192 2.000000000 2
1056 296 3 8192 2.000000000 2
1056 344 3 8192 2.000000000 2
1056 348 3 8192 2.000000000 2
1056 356 3 8192 2.000000000 2
1056 360 3 8192 2.000000000 2
1056 376 3 8192 2.000000000 2
1056 396 3 8192 2.000000000 2
1056 404 3 8192 2.000000000 2
1056 420 3 8192 2.000000000 2
1056 460 3 8192 2.000000000 2
1056 532 3 8192 2.000000000 2
1056 548 3 8192 2.000000000 2
1056 576 3 8192 2.000000000 2
1056 584 3 8192 2.000000000 2
1056 588 3 8192 2.000000000 2
1056 604 3 8192 2.000000000 2
1056 620 3 8192 2.000000000 2
1056 672 3 8192 2.000000000 2
1056 712 3 8192 2.000000000 2
1056 728 3 8192 2.000000000 2
1056 736 3 8192 2.000000000 2
1056 740 3 8192 2.000000000 2
1056 744 3 8192 2.000000000 2
1056 804 3 8192 2.000000000 2
1056 816 3 8192 2.000000000 2
1056 820 3 8192 2.000000000 2
1056 832 3 8192 2.000000000 2
1056 876 3 8192 2.000000000 2
1056 880 3 8192 2.000000000 2
1056 904 3 8192 2.000000000 2
1056 916 3 8192 2.000000000 2
1056 940 3 8192 2.000000000 2
1056 948 3 8192 2.000000000 2
1056 980 3 8192 2.000000000 2
1056 1016 3 8192 2.000000000 2
1056 1020 3 8192 2.000000000 2
1056 1040 3 8192 2.000000000 2
1056 1048 3 8192 2.000000000 2
1056 1052 3 8192 2.000000000 2
1056 1060 3 8192 2.000000000 2
1056 1076 3 8192 2.000000000 2
1056 1084 3 8192 2.000000000 2
1056 1120 3 8192 2.000000000 2
1056 1124 3 8192 2.000000000 2
1056 1156 3 8192 2.000000000 2
1056 1168 3 8192 2.000000000 2
1056 1172 3 8192 2.000000000 2
1056 1236 3 8192 2.000000000 2
1056 1244 3 8192 2.000000000 2
1056 1256 3 8192 2.000000000 2
1056 1260 3 8192 2.000000000 2
1056 1272 3 8192 2.000000000 2
1056 1276 3 8192 2.000000000 2
1060 4 3 8192 2.000000000 2
1060 12 3 8192 2.000000000 2
1060 68 3 8192 2.000000000 2
1060 72 3 8192 2.000000000 2
1060 80 3 8192 2.000000000 2
1060 84 3 8192 2.000000000 2
1060 96 3 8192 2.000000000 2
1060 120 3 8192 2.000000000 2
1060 136 3 8192 2.000000000 2
1060 156 3 8192 2.000000000 2
1060 188 3 8192 2.000000000 2
1060 208 3 8192 2.000000000 2
1060 260 3 8192 2.000000000 2
1060 276 3 8192 2.000000000 2
1060 304 3 8192 2.000000000 2
1060 312 3 8192 2.000000000 2
1060 332 3 8192 2.000000000 2
1060 356 3 8192 2.000000000 2
1060 420 3 8192 2.000000000 2
1060 436 3 8192 2.000000000 2
1060 440 3 8192 2.000000000 2
1060 460 3 8192 2.000000000 2
1060 472 3 8192 2.000000000 2
1060 484 3 8192 2.000000000 2
1060 488 3 8192 2.000000000 2
1060 516 3 8192 2.000000000 2
1060 520 3 8192 2.000000000 2
1060 524 3 8192 2.000000000 2
1060 532 3 8192 2.000000000 2
1060 552 3 8192 2.000000000 2
1060 620 3 8192 2.000000000 2
1060 628 3 8192 2.000000000 2
1060 636 3 8192 2.000000000 2
1060 640 3 8192 2.000000000 2
1060 652 3 8192 2.000000000 2
1060 712 3 8192 2.000000000 2
1060 736 3 8192 2.000000000 2
1060 760 3 8192 2.000000000 2
1060 796 3 8192 2.000000000 2
1060 800 3 8192 2.000000000 2
1060 824 3 8192 2.000000000 2
1060 836 3 8192 2.000000000 2
1060 888 3 8192 2.000000000 2
1060 896 3 8192 2.000000000 2
1060 912 3 8192 2.000000000 2
1060 984 3 8192 2.000000000 2
1060 992 3 8192 2.000000000 2
1060 1068 3 8192 2.000000000 2
1060 1084 3 8192 2.000000000 2
1060 1100 3 8192 2.000000000 2
1060 1104 3 8192 2.000000000 2
1060 1112 3 8192 2.000000000 2
1060 1148 3 8192 2.000000000 2
1060 1156 3 8192 2.000000000 2
1060 1164 3 8192 2.000000000 2
1060 1184 3 8192 2.000000000 2
1060 1188 3 8192 2.000000000 2
1060 1192 3 8192 2.000000000 2
1060 1204 3 8192 2.000000000 2
1060 1236 3 8192 2.000000000 2
1060 1240 3 8192 2.000000000 2
1060 1244 3 8192 2.000000000 2
1060 1260 3 8192 2.000000000 2
1060 1276 3 8192 2.000000000 2
1068 32 3 8192 2.000000000 2
1068 44 3 8192 2.000000000 2
1068 60 3 8192 2.000000000 2
1068 68 3 8192 2.000000000 2
1068 72 3 8192 2.000000000 2
1068 76 3 8192 2.000000000 2
1068 112 3 8192 2.000000000 2
1068 160 3 8192 2.000000000 2
1068 164 3 8192 2.000000000 2
1068 176 3 8192 2.000000000 2
1068 188 3 8192 2.000000000 2
1068 228 3 8192 2.000000000 2
1068 252 3 8192 2.000000000 2
1068 276 3 8192 2.000000000 2
1068 300 3 8192 2.000000000 2
1068 320 3 8192 2.000000000 2
1068 348 3 8192 2.000000000 2
1068 376 3 8192 2.000000000 2
1068 380 3 8192 2.000000000 2
1068 384 3 8192 2.000000000 2
1068 412 3 8192 2.000000000 2
1068 416 3 8192 2.000000000 2
1068 460 3 8192 2.000000000 2
1068 468 3 8192 2.000000000 2
1068 472 3 8192 2.000000000 2
1068 476 3 8192 2.000000000 2
1068 480 3 8192 2.000000000 2
1068 500 3 8192 2.000000000 2
1068 572 3 8192 2.000000000 2
1068 604 3 8192 2.000000000 2
1068 624 3 8192 2.000000000 2
1068 636 3 8192 2.000000000 2
1068 664 3 8192 2.000000000 2
1068 684 3 8192 2.000000000 2
1068 724 3 8192 2.000000000 2
1068 728 3 8192 2.000000000 2
1068 732 3 8192 2.000000000 2
1068 776 3 8192 2.000000000 2
1068 800 3 8192 2.000000000 2
1068 824 3 8192 2.000000000 2
1068 852 3 8192 2.000000000 2
1068 860 3 8192 2.000000000 2
1068 880 3 8192 2.000000000 2
1068 892 3 8192 2.000000000 2
1068 940 3 8192 2.000000000 2
1068 948 3 8192 2.000000000 2
1068 968 3 8192 2.000000000 2
1068 1000 3 8192 2.000000000 2
1068 1012 3 8192 2.000000000 2
1068 1020 3 8192 2.000000000 2
1068 1024 3 8192 2.000000000 2
1068 1056 3 8192 2.000000000 2
1068 1060 3 8192 2.000000000 2
1068 1108 3 8192 2.000000000 2
1068 1128 3 8192 2.000000000 2
1068 1152 3 8192 2.000000000 2
1068 1200 3 8192 2.000000000 2
1068 1212 3 8192 2.000000000 2
1068 1220 3 8192 2.000000000 2
1068 1228 3 8192 2.000000000 2
1068 1236 3 8192 2.000000000 2
1068 1248 3 8192 2.000000000 2
1068 1256 3 8192 2.000000000 2
1068 1260 3 8192 2.000000000 2
1072 8 3 8192 2.000000000 2
1072 52 3 8192 2.000000000 2
1072 84 3 8192 2.000000000 2
1072 96 3 8192 2.000000000 2
1072 104 3 8192 2.000000000 2
1072 116 3 8192 2.000000000 2
1072 156 3 8192 2.000000000 2
1072 176 3 8192 2.000000000 2
1072 204 3 8192 2.000000000 2
1072 216 3 8192 2.000000000 2
1072 224 3 8192 2.000000000 2
1072 228 3 8192 2.000000000 2
1072 244 3 8192 2.000000000 2
1072 276 3 8192 2.000000000 2
1072 300 3 8192 2.000000000 2
1072 324 3 8192 2.000000000 2
1072 328 3 8192 2.000000000 2
1072 400 3 8192 2.000000000 2
1072 436 3 8192 2.000000000 2
1072 460 3 8192 2.000000000 2
1072 464 3 8192 2.000000000 2
1072 472 3 8192 2.000000000 2
1072 476 3 8192 2.000000000 2
1072 532 3 8192 2.000000000 2
1072 540 3 8192 2.000000000 2
1072 568 3 8192 2.000000000 2
1072 580 3 8192 2.000000000 2
1072 588 3 8192 2.000000000 2
1072 608 3 8192 2.000000000 2
1072 616 3 8192 2.000000000 2
1072 632 3 8192 2.000000000 2
1072 640 3 8192 2.000000000 2
1072 656 3 8192 2.000000000 2
1072 716 3 8192 2.000000000 2
1072 724 3 8192 2.000000000 2
1072 736 3 8192 2.000000000 2
1072 744 3 8192 2.000000000 2
1072 756 3 8192 2.000000000 2
1072 764 3 8192 2.000000000 2
1072 780 3 8192 2.000000000 2
1072 792 3 8192 2.000000000 2
1072 800 3 8192 2.000000000 2
1072 820 3 8192 2.000000000 2
1072 824 3 8192 2.000000000 2
1072 836 3 8192 2.000000000 2
1072 852 3 8192 2.000000000 2
1072 880 3 8192 2.000000000 2
1072 896 3 8192 2.000000000 2
1072 940 3 8192 2.000000000 2
1072 964 3 8192 2.000000000 2
1072 1000 3 8192 2.000000000 2
1072 1012 3 8192 2.000000000 2
1072 1016 3 8192 2.000000000 2
1072 1040 3 8192 2.000000000 2
1072 1048 3 8192 2.000000000 2
1072 1060 3 8192 2.000000000 2
1072 1104 3 8192 2.000000000 2
1072 1108 3 8192 2.000000000 2
1072 1140 3 8192 2.000000000 2
1072 1164 3 8192 2.000000000 2
1072 1196 3 8192 2.000000000 2
1072 1216 3 8192 2.000000000 2
1072 1228 3 8192 2.000000000 2
1072 1248 3 8192 2.000000000 2
1076 32 3 8192 2.000000000 2
1076 36 3 8192 2.000000000 2
1076 44 3 8192 2.000000000 2
1076 84 3 8192 2.000000000 2
1076 100 3 8192 2.000000000 2
1076 112 3 8192 2.000000000 2
1076 140 3 8192 2.000000000 2
1076 160 3 8192 2.000000000 2
1076 164 3 8192 2.000000000 2
1076 172 3 8192 2.000000000 2
1076 188 3 8192 2.000000000 2
1076 196 3 8192 2.000000000 2
1076 220 3 8192 2.000000000 2
1076 276 3 8192 2.000000000 2
1076 304 3 8192 2.000000000 2
1076 356 3 8192 2.000000000 2
1076 376 3 8192 2.000000000 2
1076 400 3 8192 2.000000000 2
1076 440 3 8192 2.000000000 2
1076 480 3 8192 2.000000000 2
1076 488 3 8192 2.000000000 2
1076 516 3 8192 2.000000000 2
1076 524 3 8192 2.000000000 2
1076 528 3 8192 2.000000000 2
1076 536 3 8192 2.000000000 2
1076 576 3 8192 2.000000000 2
1076 584 3 8192 2.000000000 2
1076 588 3 8192 2.000000000 2
1076 608 3 8192 2.000000000 2
1076 624 3 8192 2.000000000 2
1076 628 3 8192 2.000000000 2
1076 648 3 8192 2.000000000 2
1076 684 3 8192 2.000000000 2
1076 740 3 8192 2.000000000 2
1076 744 3 8192 2.000000000 2
1076 780 3 8192 2.000000000 2
1076 800 3 8192 2.000000000 2
1076 804 3 8192 2.000000000 2
1076 816 3 8192 2.000000000 2
1076 832 3 8192 2.000000000 2
1076 844 3 8192 2.000000000 2
1076 872 3 8192 2.000000000 2
1076 884 3 8192 2.000000000 2
1076 920 3 8192 2.000000000 2
1076 924 3 8192 2.000000000 2
1076 940 3 8192 2.000000000 2
1076 976 3 8192 2.000000000 2
1076 1000 3 8192 2.000000000 2
1076 1012 3 8192 2.000000000 2
1076 1032 3 8192 2.000000000 2
1076 1084 3 8192 2.000000000 2
1076 1088 3 8192 2.000000000 2
1076 1104 3 8192 2.000000000 2
1076 1108 3 8192 2.000000000 2
1076 1120 3 8192 2.000000000 2
1076 1156 3 8192 2.000000000 2
1076 1172 3 8192 2.000000000 2
1076 1176 3 8192 2.000000000 2
1076 1220 3 8192 2.000000000 2
1076 1228 3 8192 2.000000000 2
1076 1240 3 8192 2.000000000 2
1076 1244 3 8192 2.000000000 2
1076 1264 3 8192 2.000000000 2
1076 1272 3 8192 2.000000000 2
1084 36 3 8192 2.000000000 2
1084 52 3 8192 2.000000000 2
1084 60 3 8192 2.000000000 2
1084 68 3 8192 2.000000000 2
1084 92 3 8192 2.000000000 2
1084 108 3 8192 2.000000000 2
1084 116 3 8192 2.000000000 2
1084 144 3 8192 2.000000000 2
1084 200 3 8192 2.000000000 2
1084 232 3 8192 2.000000000 2
1084 236 3 8192 2.000000000 2
1084 240 3 8192 2.000000000 2
1084 272 3 8192 2.000000000 2
1084 276 3 8192 2.000000000 2
1084 300 3 8192 2.000000000 2
1084 376 3 8192 2.000000000 2
1084 380 3 8192 2.000000000 2
1084 400 3 8192 2.000000000 2
1084 432 3 8192 2.000000000 2
1084 480 3 8192 2.000000000 2
1084 488 3 8192 2.000000000 2
1084 520 3 8192 2.000000000 2
1084 524 3 8192 2.000000000 2
1084 588 3 8192 2.000000000 2
1084 600 3 8192 2.000000000 2
1084 616 3 8192 2.000000000 2
1084 632 3 8192 2.000000000 2
1084 636 3 8192 2.000000000 2
1084 668 3 8192 2.000000000 2
1084 672 3 8192 2.000000000 2
1084 680 3 8192 2.000000000 2
1084 684 3 8192 2.000000000 2
1084 688 3 8192 2.000000000 2
1084 720 3 8192 2.000000000 2
1084 724 3 8192 2.000000000 2
1084 748 3 8192 2.000000000 2
1084 756 3 8192 2.000000000 2
1084 760 3 8192 2.000000000 2
1084 764 3 8192 2.000000000 2
1084 768 3 8192 2.000000000 2
1084 808 3 8192 2.000000000 2
1084 852 3 8192 2.000000000 2
1084 856 3 8192 2.000000000 2
1084 880 3 8192 2.000000000 2
1084 904 3 8192 2.000000000 2
1084 972 3 8192 2.000000000 2
1084 976 3 8192 2.000000000 2
1084 1008 3 8192 2.000000000 2
1084 1020 3 8192 2.000000000 2
1084 1048 3 8192 2.000000000 2
1084 1056 3 8192 2.000000000 2
1084 1060 3 8192 2.000000000 2
1084 1068 3 8192 2.000000000 2
1084 1076 3 8192 2.000000000 2
1084 1148 3 8192 2.000000000 2
1084 1156 3 8192 2.000000000 2
1084 1160 3 8192 2.000000000 2
1084 1168 3 8192 2.000000000 2
1084 1172 3 8192 2.000000000 2
1084 1196 3 8192 2.000000000 2
1084 1216 3 8192 2.000000000 2
1084 1244 3 8192 2.000000000 2
1084 1272 3 8192 2.000000000 2
1084 1276 3 8192 2.000000000 2
1088 0 3 8192 2.000000000 2
1088 28 3 8192 2.000000000 2
1088 68 3 8192 2.000000000 2
1088 72 3 8192 2.000000000 2
1088 76 3 8192 2.000000000 2
1088 84 3 8192 2.000000000 2
1088 96 3 8192 2.000000000 2
1088 156 3 8192 2.000000000 2
1088 160 3 8192 2.000000000 2
1088 176 3 8192 2.000000000 2
1088 244 3 8192 2.000000000 2
1088 276 3 8192 2.000000000 2
1088 312 3 8192 2.000000000 2
1088 320 3 8192 2.000000000 2
1088 324 3 8192 2.000000000 2
1088 356 3 8192 2.000000000 2
1088 376 3 8192 2.000000000 2
1088 384 3 8192 2.000000000 2
1088 396 3 8192 2.000000000 2
1088 408 3 8192 2.000000000 2
1088 444 3 8192 2.000000000 2
1088 452 3 8192 2.000000000 2
1088 480 3 8192 2.000000000 2
1088 488 3 8192 2.000000000 2
1088 552 3 8192 2.000000000 2
1088 580 3 8192 2.000000000 2
1088 588 3 8192 2.000000000 2
1088 620 3 8192 2.000000000 2
1088 644 3 8192 2.000000000 2
1088 664 3 8192 2.000000000 2
1088 680 3 8192 2.000000000 2
1088 688 3 8192 2.000000000 2
1088 692 3 8192 2.000000000 2
1088 708 3 8192 2.000000000 2
1088 756 3 8192 2.000000000 2
1088 760 3 8192 2.000000000 2
1088 764 3 8192 2.000000000 2
1088 768 3 8192 2.000000000 2
1088 776 3 8192 2.000000000 2
1088 784 3 8192 2.000000000 2
1088 792 3 8192 2.000000000 2
1088 796 3 8192 2.000000000 2
1088 800 3 8192 2.000000000 2
1088 804 3 8192 2.000000000 2
1088 836 3 8192 2.000000000 2
1088 876 3 8192 2.000000000 2
1088 896 3 8192 2.000000000 2
1088 916 3 8192 2.000000000 2
1088 948 3 8192 2.000000000 2
1088 976 3 8192 2.000000000 2
1088 1000 3 8192 2.000000000 2
1088 1032 3 8192 2.000000000 2
1088 1052 3 8192 2.000000000 2
1088 1068 3 8192 2.000000000 2
1088 1096 3 8192 2.000000000 2
1088 1108 3 8192 2.000000000 2
1088 1120 3 8192 2.000000000 2
1088 1128 3 8192 2.000000000 2
1088 1152 3 8192 2.000000000 2
1088 1212 3 8192 2.000000000 2
1088 1224 3 8192 2.000000000 2
1088 1236 3 8192 2.000000000 2
1088 1272 3 8192 2.000000000 2
1088 1276 3 8192 2.000000000 2
1096 0 3 8192 2.000000000 2
1096 4 3 8192 2.000000000 2
1096 24 3 8192 2.000000000 2
1096 76 3 8192 2.000000000 2
1096 80 3 8192 2.000000000 2
1096 88 3 8192 2.000000000 2
1096 116 3 8192 2.000000000 2
1096 156 3 8192 2.000000000 2
1096 220 3 8192 2.000000000 2
1096 232 3 8192 2.000000000 2
1096 252 3 8192 2.000000000 2
1096 264 3 8192 2.000000000 2
1096 292 3 8192 2.000000000 2
1096 320 3 8192 2.000000000 2
1096 328 3 8192 2.000000000 2
1096 332 3 8192 2.000000000 2
1096 348 3 8192 2.000000000 2
1096 356 3 8192 2.000000000 2
1096 360 3 8192 2.000000000 2
1096 372 3 8192 2.000000000 2
1096 388 3 8192 2.000000000 2
1096 412 3 8192 2.000000000 2
1096 416 3 8192 2.000000000 2
1096 436 3 8192 2.000000000 2
1096 480 3 8192 2.000000000 2
1096 484 3 8192 2.000000000 2
1096 504 3 8192 2.000000000 2
1096 532 3 8192 2.000000000 2
1096 544 3 8192 2.000000000 2
1096 552 3 8192 2.000000000 2
1096 572 3 8192 2.000000000 2
1096 580 3 8192 2.000000000 2
1096 612 3 8192 2.000000000 2
1096 616 3 8192 2.000000000 2
1096 624 3 8192 2.000000000 2
1096 628 3 8192 2.000000000 2
1096 640 3 8192 2.000000000 2
1096 644 3 8192 2.000000000 2
1096 664 3 8192 2.000000000 2
1096 688 3 8192 2.000000000 2
1096 716 3 8192 2.000000000 2
1096 720 3 8192 2.000000000 2
1096 728 3 8192 2.000000000 2
1096 800 3 8192 2.000000000 2
1096 808 3 8192 2.000000000 2
1096 828 3 8192 2.000000000 2
1096 832 3 8192 2.000000000 2
1096 904 3 8192 2.000000000 2
1096 908 3 8192 2.000000000 2
1096 916 3 8192 2.000000000 2
1096 924 3 8192 2.000000000 2
1096 940 3 8192 2.000000000 2
1096 968 3 8192 2.000000000 2
1096 980 3 8192 2.000000000 2
1096 1000 3 8192 2.000000000 2
1096 1008 3 8192 2.000000000 2
1096 1032 3 8192 2.000000000 2
1096 1100 3 8192 2.000000000 2
1096 1124 3 8192 2.000000000 2
1096 1144 3 8192 2.000000000 2
1096 1176 3 8192 2.000000000 2
1096 1188 3 8192 2.000000000 2
1096 1208 3 8192 2.000000000 2
1096 1212 3 8192 2.000000000 2
1100 44 3 8192 2.000000000 2
1100 60 3 8192 2.000000000 2
1100 68 3 8192 2.000000000 2
1100 88 3 8192 2.000000000 2
1100 92 3 8192 2.000000000 2
1100 104 3 8192 2.000000000 2
1100 112 3 8192 2.000000000 2
1100 172 3 8192 2.000000000 2
1100 204 3 8192 2.000000000 2
1100 212 3 8192 2.000000000 2
1100 232 3 8192 2.000000000 2
1100 296 3 8192 2.000000000 2
1100 300 3 8192 2.000000000 2
1100 372 3 8192 2.000000000 2
1100 384 3 8192 2.000000000 2
1100 400 3 8192 2.000000000 2
1100 408 3 8192 2.000000000 2
1100 420 3 8192 2.000000000 2
1100 428 3 8192 2.000000000 2
1100 440 3 8192 2.000000000 2
1100 472 3 8192 2.000000000 2
1100 476 3 8192 2.000000000 2
1100 488 3 8192 2.000000000 2
1100 504 3 8192 2.000000000 2
1100 524 3 8192 2.000000000 2
1100 568 3 8192 2.000000000 2
1100 644 3 8192 2.000000000 2
1100 652 3 8192 2.000000000 2
1100 664 3 8192 2.000000000 2
1100 668 3 8192 2.000000000 2
1100 684 3 8192 2.000000000 2
1100 716 3 8192 2.000000000 2
1100 720 3 8192 2.000000000 2
1100 724 3 8192 2.000000000 2
1100 732 3 8192 2.000000000 2
1100 740 3 8192 2.000000000 2
1100 748 3 8192 2.000000000 2
1100 784 3 8192 2.000000000 2
1100 804 3 8192 2.000000000 2
1100 816 3 8192 2.000000000 2
1100 820 3 8192 2.000000000 2
1100 856 3 8192 2.000000000 2
1100 940 3 8192 2.000000000 2
1100 976 3 8192 2.000000000 2
1100 992 3 8192 2.000000000 2
1100 1012 3 8192 2.000000000 2
1100 1032 3 8192 2.000000000 2
1100 1048 3 8192 2.000000000 2
1100 1052 3 8192 2.000000000 2
1100 1104 3 8192 2.000000000 2
1100 1108 3 8192 2.000000000 2
1100 1112 3 8192 2.000000000 2
1100 1120 3 8192 2.000000000 2
1100 1128 3 8192 2.000000000 2
1100 1140 3 8192 2.000000000 2
1100 1144 3 8192 2.000000000 2
1100 1176 3 8192 2.000000000 2
1100 1180 3 8192 2.000000000 2
1100 1200 3 8192 2.000000000 2
1100 1216 3 8192 2.000000000 2
1100 1228 3 8192 2.000000000 2
1100 1244 3 8192 2.000000000 2
1100 1248 3 8192 2.000000000 2
1100 1260 3 8192 2.000000000 2
1104 0 3 8192 2.000000000 2
1104 24 3 8192 2.000000000 2
1104 44 3 8192 2.000000000 2
1104 72 3 8192 2.000000000 2
1104 100 3 8192 2.000000000 2
1104 120 3 8192 2.000000000 2
1104 140 3 8192 2.000000000 2
1104 156 3 8192 2.000000000 2
1104 188 3 8192 2.000000000 2
1104 196 3 8192 2.000000000 2
1104 220 3 8192 2.000000000 2
1104 224 3 8192 2.000000000 2
1104 228 3 8192 2.000000000 2
1104 232 3 8192 2.000000000 2
1104 240 3 8192 2.000000000 2
1104 264 3 8192 2.000000000 2
1104 276 3 8192 2.000000000 2
1104 296 3 8192 2.000000000 2
1104 320 3 8192 2.000000000 2
1104 364 3 8192 2.000000000 2
1104 372 3 8192 2.000000000 2
1104 400 3 8192 2.000000000 2
1104 412 3 8192 2.000000000 2
1104 428 3 8192 2.000000000 2
1104 436 3 8192 2.000000000 2
1104 444 3 8192 2.000000000 2
1104 468 3 8192 2.000000000 2
1104 480 3 8192 2.000000000 2
1104 488 3 8192 2.000000000 2
1104 528 3 8192 2.000000000 2
1104 548 3 8192 2.000000000 2
1104 568 3 8192 2.000000000 2
1104 572 3 8192 2.000000000 2
1104 588 3 8192 2.000000000 2
1104 596 3 8192 2.000000000 2
1104 600 3 8192 2.000000000 2
1104 616 3 8192 2.000000000 2
1104 664 3 8192 2.000000000 2
1104 732 3 8192 2.000000000 2
1104 744 3 8192 2.000000000 2
1104 748 3 8192 2.000000000 2
1104 764 3 8192 2.000000000 2
1104 800 3 8192 2.000000000 2
1104 828 3 8192 2.000000000 2
1104 836 3 8192 2.000000000 2
1104 856 3 8192 2.000000000 2
1104 888 3 8192 2.000000000 2
1104 892 3 8192 2.000000000 2
1104 904 3 8192 2.000000000 2
1104 908 3 8192 2.000000000 2
1104 916 3 8192 2.000000000 2
1104 936 3 8192 2.000000000 2
1104 972 3 8192 2.000000000 2
1104 992 3 8192 2.000000000 2
1104 1068 3 8192 2.000000000 2
1104 1112 3 8192 2.000000000 2
1104 1156 3 8192 2.000000000 2
1104 1180 3 8192 2.000000000 2
1104 1184 3 8192 2.000000000 2
1104 1200 3 8192 2.000000000 2
1104 1208 3 8192 2.000000000 2
1104 1236 3 8192 2.000000000 2
1104 1248 3 8192 2.000000000 2
1104 1252 3 8192 2.000000000 2
1108 32 3 8192 2.000000000 2
1108 36 3 8192 2.000000000 2
1108 48 3 8192 2.000000000 2
1108 68 3 8192 2.000000000 2
1108 72 3 8192 2.000000000 2
1108 76 3 8192 2.000000000 2
1108 84 3 8192 2.000000000 2
1108 116 3 8192 2.000000000 2
1108 144 3 8192 2.000000000 2
1108 156 3 8192 2.000000000 2
1108 160 3 8192 2.000000000 2
1108 208 3 8192 2.000000000 2
1108 216 3 8192 2.000000000 2
1108 220 3 8192 2.000000000 2
1108 224 3 8192 2.000000000 2
1108 252 3 8192 2.000000000 2
1108 300 3 8192 2.000000000 2
1108 344 3 8192 2.000000000 2
1108 364 3 8192 2.000000000 2
1108 384 3 8192 2.000000000 2
1108 408 3 8192 2.000000000 2
1108 412 3 8192 2.000000000 2
1108 420 3 8192 2.000000000 2
1108 428 3 8192 2.000000000 2
1108 440 3 8192 2.000000000 2
1108 444 3 8192 2.000000000 2
1108 460 3 8192 2.000000000 2
1108 464 3 8192 2.000000000 2
1108 468 3 8192 2.000000000 2
1108 544 3 8192 2.000000000 2
1108 576 3 8192 2.000000000 2
1108 580 3 8192 2.000000000 2
1108 596 3 8192 2.000000000 2
1108 608 3 8192 2.000000000 2
1108 620 3 8192 2.000000000 2
1108 632 3 8192 2.000000000 2
1108 688 3 8192 2.000000000 2
1108 692 3 8192 2.000000000 2
1108 700 3 8192 2.000000000 2
1108 716 3 8192 2.000000000 2
1108 728 3 8192 2.000000000 2
1108 732 3 8192 2.000000000 2
1108 780 3 8192 2.000000000 2
1108 784 3 8192 2.000000000 2
1108 804 3 8192 2.000000000 2
1108 816 3 8192 2.000000000 2
1108 880 3 8192 2.000000000 2
1108 916 3 8192 2.000000000 2
1108 920 3 8192 2.000000000 2
1108 972 3 8192 2.000000000 2
1108 1000 3 8192 2.000000000 2
1108 1012 3 8192 2.000000000 2
1108 1056 3 8192 2.000000000 2
1108 1060 3 8192 2.000000000 2
1108 1072 3 8192 2.000000000 2
1108 1088 3 8192 2.000000000 2
1108 1144 3 8192 2.000000000 2
1108 1172 3 8192 2.000000000 2
1108 1184 3 8192 2.000000000 2
1108 1200 3 8192 2.000000000 2
1108 1208 3 8192 2.000000000 2
1108 1224 3 8192 2.000000000 2
1108 1244 3 8192 2.000000000 2
1108 1264 3 8192 2.000000000 2
1112 36 3 8192 2.000000000 2
1112 48 3 8192 2.000000000 2
1112 60 3 8192 2.000000000 2
1112 68 3 8192 2.000000000 2
1112 72 3 8192 2.000000000 2
1112 76 3 8192 2.000000000 2
1112 84 3 8192 2.000000000 2
1112 116 3 8192 2.000000000 2
1112 144 3 8192 2.000000000 2
1112 204 3 8192 2.000000000 2
1112 220 3 8192 2.000000000 2
1112 244 3 8192 2.000000000 2
1112 300 3 8192 2.000000000 2
1112 364 3 8192 2.000000000 2
1112 372 3 8192 2.000000000 2
1112 384 3 8192 2.000000000 2
1112 444 3 8192 2.000000000 2
1112 460 3 8192 2.000000000 2
1112 480 3 8192 2.000000000 2
1112 492 3 8192 2.000000000 2
1112 536 3 8192 2.000000000 2
1112 560 3 8192 2.000000000 2
1112 580 3 8192 2.000000000 2
1112 588 3 8192 2.000000000 2
1112 604 3 8192 2.000000000 2
1112 608 3 8192 2.000000000 2
1112 616 3 8192 2.000000000 2
1112 620 3 8192 2.000000000 2
1112 636 3 8192 2.000000000 2
1112 652 3 8192 2.000000000 2
1112 656 3 8192 2.000000000 2
1112 664 3 8192 2.000000000 2
1112 680 3 8192 2.000000000 2
1112 720 3 8192 2.000000000 2
1112 744 3 8192 2.000000000 2
1112 756 3 8192 2.000000000 2
1112 764 3 8192 2.000000000 2
1112 776 3 8192 2.000000000 2
1112 796 3 8192 2.000000000 2
1112 816 3 8192 2.000000000 2
1112 824 3 8192 2.000000000 2
1112 828 3 8192 2.000000000 2
1112 836 3 8192 2.000000000 2
1112 852 3 8192 2.000000000 2
1112 884 3 8192 2.000000000 2
1112 920 3 8192 2.000000000 2
1112 932 3 8192 2.000000000 2
1112 972 3 8192 2.000000000 2
1112 980 3 8192 2.000000000 2
1112 1008 3 8192 2.000000000 2
1112 1020 3 8192 2.000000000 2
1112 1072 3 8192 2.000000000 2
1112 1076 3 8192 2.000000000 2
1112 1100 3 8192 2.000000000 2
1112 1128 3 8192 2.000000000 2
1112 1140 3 8192 2.000000000 2
1112 1152 3 8192 2.000000000 2
1112 1156 3 8192 2.000000000 2
1112 1172 3 8192 2.000000000 2
1112 1204 3 8192 2.000000000 2
1112 1220 3 8192 2.000000000 2
1112 1224 3 8192 2.000000000 2
1112 1240 3 8192 2.000000000 2
1112 1276 3 8192 2.000000000 2
1120 8 3 8192 2.000000000 2
1120 24 3 8192 2.000000000 2
1120 48 3 8192 2.000000000 2
1120 52 3 8192 2.000000000 2
1120 80 3 8192 2.000000000 2
1120 92 3 8192 2.000000000 2
1120 96 3 8192 2.000000000 2
1120 100 3 8192 2.000000000 2
1120 140 3 8192 2.000000000 2
1120 160 3 8192 2.000000000 2
1120 204 3 8192 2.000000000 2
1120 216 3 8192 2.000000000 2
1120 240 3 8192 2.000000000 2
1120 244 3 8192 2.000000000 2
1120 248 3 8192 2.000000000 2
1120 324 3 8192 2.000000000 2
1120 360 3 8192 2.000000000 2
1120 376 3 8192 2.000000000 2
1120 388 3 8192 2.000000000 2
1120 436 3 8192 2.000000000 2
1120 440 3 8192 2.000000000 2
1120 452 3 8192 2.000000000 2
1120 476 3 8192 2.000000000 2
1120 492 3 8192 2.000000000 2
1120 528 3 8192 2.000000000 2
1120 532 3 8192 2.000000000 2
1120 544 3 8192 2.000000000 2
1120 576 3 8192 2.000000000 2
1120 600 3 8192 2.000000000 2
1120 604 3 8192 2.000000000 2
1120 612 3 8192 2.000000000 2
1120 624 3 8192 2.000000000 2
1120 636 3 8192 2.000000000 2
1120 648 3 8192 2.000000000 2
1120 652 3 8192 2.000000000 2
1120 672 3 8192 2.000000000 2
1120 688 3 8192 2.000000000 2
1120 724 3 8192 2.000000000 2
1120 748 3 8192 2.000000000 2
1120 760 3 8192 2.000000000 2
1120 784 3 8192 2.000000000 2
1120 816 3 8192 2.000000000 2
1120 820 3 8192 2.000000000 2
1120 852 3 8192 2.000000000 2
1120 880 3 8192 2.000000000 2
1120 896 3 8192 2.000000000 2
1120 904 3 8192 2.000000000 2
1120 908 3 8192 2.000000000 2
1120 948 3 8192 2.000000000 2
1120 964 3 8192 2.000000000 2
1120 980 3 8192 2.000000000 2
1120 984 3 8192 2.000000000 2
1120 992 3 8192 2.000000000 2
1120 1024 3 8192 2.000000000 2
1120 1108 3 8192 2.000000000 2
1120 1148 3 8192 2.000000000 2
1120 1156 3 8192 2.000000000 2
1120 1164 3 8192 2.000000000 2
1120 1188 3 8192 2.000000000 2
1120 1212 3 8192 2.000000000 2
1120 1228 3 8192 2.000000000 2
1120 1244 3 8192 2.000000000 2
1120 1260 3 8192 2.000000000 2
1120 1272 3 8192 2.000000000 2
1124 80 3 8192 2.000000000 2
1124 92 3 8192 2.000000000 2
1124 96 3 8192 2.000000000 2
1124 108 3 8192 2.000000000 2
1124 116 3 8192 2.000000000 2
1124 140 3 8192 2.000000000 2
1124 144 3 8192 2.000000000 2
1124 152 3 8192 2.000000000 2
1124 196 3 8192 2.000000000 2
1124 232 3 8192 2.000000000 2
1124 244 3 8192 2.000000000 2
1124 248 3 8192 2.000000000 2
1124 276 3 8192 2.000000000 2
1124 296 3 8192 2.000000000 2
1124 300 3 8192 2.000000000 2
1124 332 3 8192 2.000000000 2
1124 356 3 8192 2.000000000 2
1124 364 3 8192 2.000000000 2
1124 384 3 8192 2.000000000 2
1124 388 3 8192 2.000000000 2
1124 396 3 8192 2.000000000 2
1124 404 3 8192 2.000000000 2
1124 408 3 8192 2.000000000 2
1124 420 3 8192 2.000000000 2
1124 452 3 8192 2.000000000 2
1124 484 3 8192 2.000000000 2
1124 504 3 8192 2.000000000 2
1124 540 3 8192 2.000000000 2
1124 552 3 8192 2.000000000 2
1124 568 3 8192 2.000000000 2
1124 588 3 8192 2.000000000 2
1124 620 3 8192 2.000000000 2
1124 628 3 8192 2.000000000 2
1124 632 3 8192 2.000000000 2
1124 644 3 8192 2.000000000 2
1124 672 3 8192 2.000000000 2
1124 680 3 8192 2.000000000 2
1124 708 3 8192 2.000000000 2
1124 736 3 8192 2.000000000 2
1124 744 3 8192 2.000000000 2
1124 776 3 8192 2.000000000 2
1124 792 3 8192 2.000000000 2
1124 804 3 8192 2.000000000 2
1124 832 3 8192 2.000000000 2
1124 844 3 8192 2.000000000 2
1124 860 3 8192 2.000000000 2
1124 920 3 8192 2.000000000 2
1124 932 3 8192 2.000000000 2
1124 984 3 8192 2.000000000 2
1124 1012 3 8192 2.000000000 2
1124 1040 3 8192 2.000000000 2
1124 1060 3 8192 2.000000000 2
1124 1076 3 8192 2.000000000 2
1124 1108 3 8192 2.000000000 2
1124 1160 3 8192 2.000000000 2
1124 1164 3 8192 2.000000000 2
1124 1172 3 8192 2.000000000 2
1124 1192 3 8192 2.000000000 2
1124 1196 3 8192 2.000000000 2
1124 1200 3 8192 2.000000000 2
1124 1216 3 8192 2.000000000 2
1124 1224 3 8192 2.000000000 2
1124 1236 3 8192 2.000000000 2
1124 1252 3 8192 2.000000000 2
1128 4 3 8192 2.000000000 2
1128 24 3 8192 2.000000000 2
1128 36 3 8192 2.000000000 2
1128 88 3 8192 2.000000000 2
1128 92 3 8192 2.000000000 2
1128 120 3 8192 2.000000000 2
1128 140 3 8192 2.000000000 2
1128 156 3 8192 2.000000000 2
1128 172 3 8192 2.000000000 2
1128 188 3 8192 2.000000000 2
1128 212 3 8192 2.000000000 2
1128 300 3 8192 2.000000000 2
1128 304 3 8192 2.000000000 2
1128 320 3 8192 2.000000000 2
1128 364 3 8192 2.000000000 2
1128 388 3 8192 2.000000000 2
1128 396 3 8192 2.000000000 2
1128 404 3 8192 2.000000000 2
1128 408 3 8192 2.000000000 2
1128 432 3 8192 2.000000000 2
1128 480 3 8192 2.000000000 2
1128 488 3 8192 2.000000000 2
1128 580 3 8192 2.000000000 2
1128 596 3 8192 2.000000000 2
1128 616 3 8192 2.000000000 2
1128 620 3 8192 2.000000000 2
1128 644 3 8192 2.000000000 2
1128 648 3 8192 2.000000000 2
1128 668 3 8192 2.000000000 2
1128 712 3 8192 2.000000000 2
1128 724 3 8192 2.000000000 2
1128 728 3 8192 2.000000000 2
1128 768 3 8192 2.000000000 2
1128 784 3 8192 2.000000000 2
1128 800 3 8192 2.000000000 2
1128 828 3 8192 2.000000000 2
1128 832 3 8192 2.000000000 2
1128 860 3 8192 2.000000000 2
1128 888 3 8192 2.000000000 2
1128 904 3 8192 2.000000000 2
1128 916 3 8192 2.000000000 2
1128 940 3 8192 2.000000000 2
1128 948 3 8192 2.000000000 2
1128 980 3 8192 2.000000000 2
1128 1012 3 8192 2.000000000 2
1128 1016 3 8192 2.000000000 2
1128 1024 3 8192 2.000000000 2
1128 1032 3 8192 2.000000000 2
1128 1044 3 8192 2.000000000 2
1128 1048 3 8192 2.000000000 2
1128 1052 3 8192 2.000000000 2
1128 1060 3 8192 2.000000000 2
1128 1072 3 8192 2.000000000 2
1128 1076 3 8192 2.000000000 2
1128 1088 3 8192 2.000000000 2
1128 1144 3 8192 2.000000000 2
1128 1152 3 8192 2.000000000 2
1128 1168 3 8192 2.000000000 2
1128 1172 3 8192 2.000000000 2
1128 1192 3 8192 2.000000000 2
1128 1196 3 8192 2.000000000 2
1128 1220 3 8192 2.000000000 2
1128 1224 3 8192 2.000000000 2
1128 1236 3 8192 2.000000000 2
1140 4 3 8192 2.000000000 2
1140 44 3 8192 2.000000000 2
1140 84 3 8192 2.000000000 2
1140 100 3 8192 2.000000000 2
1140 120 3 8192 2.000000000 2
1140 140 3 8192 2.000000000 2
1140 144 3 8192 2.000000000 2
1140 160 3 8192 2.000000000 2
1140 172 3 8192 2.000000000 2
1140 208 3 8192 2.000000000 2
1140 212 3 8192 2.000000000 2
1140 220 3 8192 2.000000000 2
1140 240 3 8192 2.000000000 2
1140 244 3 8192 2.000000000 2
1140 252 3 8192 2.000000000 2
1140 296 3 8192 2.000000000 2
1140 320 3 8192 2.000000000 2
1140 324 3 8192 2.000000000 2
1140 376 3 8192 2.000000000 2
1140 408 3 8192 2.000000000 2
1140 444 3 8192 2.000000000 2
1140 460 3 8192 2.000000000 2
1140 492 3 8192 2.000000000 2
1140 504 3 8192 2.000000000 2
1140 560 3 8192 2.000000000 2
1140 580 3 8192 2.000000000 2
1140 604 3 8192 2.000000000 2
1140 616 3 8192 2.000000000 2
1140 624 3 8192 2.000000000 2
1140 636 3 8192 2.000000000 2
1140 648 3 8192 2.000000000 2
1140 652 3 8192 2.000000000 2
1140 664 3 8192 2.000000000 2
1140 672 3 8192 2.000000000 2
1140 692 3 8192 2.000000000 2
1140 700 3 8192 2.000000000 2
1140 740 3 8192 2.000000000 2
1140 760 3 8192 2.000000000 2
1140 784 3 8192 2.000000000 2
1140 808 3 8192 2.000000000 2
1140 816 3 8192 2.000000000 2
1140 828 3 8192 2.000000000 2
1140 836 3 8192 2.000000000 2
1140 844 3 8192 2.000000000 2
1140 852 3 8192 2.000000000 2
1140 860 3 8192 2.000000000 2
1140 872 3 8192 2.000000000 2
1140 888 3 8192 2.000000000 2
1140 912 3 8192 2.000000000 2
1140 920 3 8192 2.000000000 2
1140 992 3 8192 2.000000000 2
1140 1032 3 8192 2.000000000 2
1140 1040 3 8192 2.000000000 2
1140 1088 3 8192 2.000000000 2
1140 1108 3 8192 2.000000000 2
1140 1120 3 8192 2.000000000 2
1140 1124 3 8192 2.000000000 2
1140 1156 3 8192 2.000000000 2
1140 1192 3 8192 2.000000000 2
1140 1196 3 8192 2.000000000 2
1140 1212 3 8192 2.000000000 2
1140 1224 3 8192 2.000000000 2
1140 1260 3 8192 2.000000000 2
1140 1264 3 8192 2.000000000 2
1144 0 3 8192 2.000000000 2
1144 32 3 8192 2.000000000 2
1144 36 3 8192 2.000000000 2
1144 44 3 8192 2.000000000 2
1144 84 3 8192 2.000000000 2
1144 88 3 8192 2.000000000 2
1144 92 3 8192 2.000000000 2
1144 104 3 8192 2.000000000 2
1144 108 3 8192 2.000000000 2
1144 116 3 8192 2.000000000 2
1144 140 3 8192 2.000000000 2
1144 144 3 8192 2.000000000 2
1144 164 3 8192 2.000000000 2
1144 204 3 8192 2.000000000 2
1144 208 3 8192 2.000000000 2
1144 232 3 8192 2.000000000 2
1144 236 3 8192 2.000000000 2
1144 252 3 8192 2.000000000 2
1144 264 3 8192 2.000000000 2
1144 300 3 8192 2.000000000 2
1144 304 3 8192 2.000000000 2
1144 324 3 8192 2.000000000 2
1144 328 3 8192 2.000000000 2
1144 344 3 8192 2.000000000 2
1144 356 3 8192 2.000000000 2
1144 376 3 8192 2.000000000 2
1144 396 3 8192 2.000000000 2
1144 420 3 8192 2.000000000 2
1144 428 3 8192 2.000000000 2
1144 432 3 8192 2.000000000 2
1144 484 3 8192 2.000000000 2
1144 520 3 8192 2.000000000 2
1144 552 3 8192 2.000000000 2
1144 588 3 8192 2.000000000 2
1144 612 3 8192 2.000000000 2
1144 616 3 8192 2.000000000 2
1144 628 3 8192 2.000000000 2
1144 656 3 8192 2.000000000 2
1144 684 3 8192 2.000000000 2
1144 688 3 8192 2.000000000 2
1144 736 3 8192 2.000000000 2
1144 748 3 8192 2.000000000 2
1144 760 3 8192 2.000000000 2
1144 768 3 8192 2.000000000 2
1144 776 3 8192 2.000000000 2
1144 780 3 8192 2.000000000 2
1144 808 3 8192 2.000000000 2
1144 828 3 8192 2.000000000 2
1144 836 3 8192 2.000000000 2
1144 884 3 8192 2.000000000 2
1144 920 3 8192 2.000000000 2
1144 932 3 8192 2.000000000 2
1144 984 3 8192 2.000000000 2
1144 1040 3 8192 2.000000000 2
1144 1048 3 8192 2.000000000 2
1144 1072 3 8192 2.000000000 2
1144 1100 3 8192 2.000000000 2
1144 1108 3 8192 2.000000000 2
1144 1148 3 8192 2.000000000 2
1144 1208 3 8192 2.000000000 2
1144 1236 3 8192 2.000000000 2
1144 1244 3 8192 2.000000000 2
1144 1252 3 8192 2.000000000 2
1144 1276 3 8192 2.000000000 2
1148 8 3 8192 2.000000000 2
1148 12 3 8192 2.000000000 2
1148 24 3 8192 2.000000000 2
1148 32 3 8192 2.000000000 2
1148 36 3 8192 2.000000000 2
1148 48 3 8192 2.000000000 2
1148 52 3 8192 2.000000000 2
1148 76 3 8192 2.000000000 2
1148 88 3 8192 2.000000000 2
1148 112 3 8192 2.000000000 2
1148 120 3 8192 2.000000000 2
1148 144 3 8192 2.000000000 2
1148 204 3 8192 2.000000000 2
1148 208 3 8192 2.000000000 2
1148 228 3 8192 2.000000000 2
1148 356 3 8192 2.000000000 2
1148 360 3 8192 2.000000000 2
1148 380 3 8192 2.000000000 2
1148 384 3 8192 2.000000000 2
1148 396 3 8192 2.000000000 2
1148 464 3 8192 2.000000000 2
1148 476 3 8192 2.000000000 2
1148 500 3 8192 2.000000000 2
1148 520 3 8192 2.000000000 2
1148 524 3 8192 2.000000000 2
1148 528 3 8192 2.000000000 2
1148 552 3 8192 2.000000000 2
1148 568 3 8192 2.000000000 2
1148 576 3 8192 2.000000000 2
1148 588 3 8192 2.000000000 2
1148 616 3 8192 2.000000000 2
1148 632 3 8192 2.000000000 2
1148 636 3 8192 2.000000000 2
1148 648 3 8192 2.000000000 2
1148 652 3 8192 2.000000000 2
1148 688 3 8192 2.000000000 2
1148 700 3 8192 2.000000000 2
1148 732 3 8192 2.000000000 2
1148 744 3 8192 2.000000000 2
1148 768 3 8192 2.000000000 2
1148 804 3 8192 2.000000000 2
1148 816 3 8192 2.000000000 2
1148 820 3 8192 2.000000000 2
1148 828 3 8192 2.000000000 2
1148 832 3 8192 2.000000000 2
1148 844 3 8192 2.000000000 2
1148 852 3 8192 2.000000000 2
1148 876 3 8192 2.000000000 2
1148 904 3 8192 2.000000000 2
1148 924 3 8192 2.000000000 2
1148 948 3 8192 2.000000000 2
1148 1020 3 8192 2.000000000 2
1148 1032 3 8192 2.000000000 2
1148 1052 3 8192 2.000000000 2
1148 1060 3 8192 2.000000000 2
1148 1076 3 8192 2.000000000 2
1148 1140 3 8192 2.000000000 2
1148 1180 3 8192 2.000000000 2
1148 1208 3 8192 2.000000000 2
1148 1212 3 8192 2.000000000 2
1148 1244 3 8192 2.000000000 2
1148 1248 3 8192 2.000000000 2
1148 1256 3 8192 2.000000000 2
1148 1260 3 8192 2.000000000 2
1152 24 3 8192 2.000000000 2
1152 28 3 8192 2.000000000 2
1152 44 3 8192 2.000000000 2
1152 60 3 8192 2.000000000 2
1152 68 3 8192 2.000000000 2
1152 72 3 8192 2.000000000 2
1152 76 3 8192 2.000000000 2
1152 180 3 8192 2.000000000 2
1152 196 3 8192 2.000000000 2
1152 204 3 8192 2.000000000 2
1152 224 3 8192 2.000000000 2
1152 228 3 8192 2.000000000 2
1152 240 3 8192 2.000000000 2
1152 248 3 8192 2.000000000 2
1152 276 3 8192 2.000000000 2
1152 296 3 8192 2.000000000 2
1152 300 3 8192 2.000000000 2
1152 304 3 8192 2.000000000 2
1152 380 3 8192 2.000000000 2
1152 396 3 8192 2.000000000 2
1152 440 3 8192 2.000000000 2
1152 472 3 8192 2.000000000 2
1152 504 3 8192 2.000000000 2
1152 516 3 8192 2.000000000 2
1152 520 3 8192 2.000000000 2
1152 540 3 8192 2.000000000 2
1152 544 3 8192 2.000000000 2
1152 548 3 8192 2.000000000 2
1152 580 3 8192 2.000000000 2
1152 608 3 8192 2.000000000 2
1152 640 3 8192 2.000000000 2
1152 648 3 8192 2.000000000 2
1152 668 3 8192 2.000000000 2
1152 688 3 8192 2.000000000 2
1152 744 3 8192 2.000000000 2
1152 776 3 8192 2.000000000 2
1152 792 3 8192 2.000000000 2
1152 816 3 8192 2.000000000 2
1152 832 3 8192 2.000000000 2
1152 876 3 8192 2.000000000 2
1152 884 3 8192 2.000000000 2
1152 904 3 8192 2.000000000 2
1152 976 3 8192 2.000000000 2
1152 1008 3 8192 2.000000000 2
1152 1032 3 8192 2.000000000 2
1152 1040 3 8192 2.000000000 2
1152 1048 3 8192 2.000000000 2
1152 1052 3 8192 2.000000000 2
1152 1068 3 8192 2.000000000 2
1152 1072 3 8192 2.000000000 2
1152 1124 3 8192 2.000000000 2
1152 1128 3 8192 2.000000000 2
1152 1156 3 8192 2.000000000 2
1152 1168 3 8192 2.000000000 2
1152 1184 3 8192 2.000000000 2
1152 1188 3 8192 2.000000000 2
1152 1204 3 8192 2.000000000 2
1152 1216 3 8192 2.000000000 2
1152 1228 3 8192 2.000000000 2
1152 1236 3 8192 2.000000000 2
1152 1248 3 8192 2.000000000 2
1152 1256 3 8192 2.000000000 2
1152 1264 3 8192 2.000000000 2
1152 1276 3 8192 2.000000000 2
1156 4 3 8192 2.000000000 2
1156 12 3 8192 2.000000000 2
1156 28 3 8192 2.000000000 2
1156 48 3 8192 2.000000000 2
1156 68 3 8192 2.000000000 2
1156 72 3 8192 2.000000000 2
1156 88 3 8192 2.000000000 2
1156 100 3 8192 2.000000000 2
1156 144 3 8192 2.000000000 2
1156 172 3 8192 2.000000000 2
1156 188 3 8192 2.000000000 2
1156 200 3 8192 2.000000000 2
1156 220 3 8192 2.000000000 2
1156 236 3 8192 2.000000000 2
1156 292 3 8192 2.000000000 2
1156 300 3 8192 2.000000000 2
1156 304 3 8192 2.000000000 2
1156 320 3 8192 2.000000000 2
1156 388 3 8192 2.000000000 2
1156 400 3 8192 2.000000000 2
1156 476 3 8192 2.000000000 2
1156 488 3 8192 2.000000000 2
1156 504 3 8192 2.000000000 2
1156 528 3 8192 2.000000000 2
1156 572 3 8192 2.000000000 2
1156 588 3 8192 2.000000000 2
1156 604 3 8192 2.000000000 2
1156 612 3 8192 2.000000000 2
1156 672 3 8192 2.000000000 2
1156 716 3 8192 2.000000000 2
1156 720 3 8192 2.000000000 2
1156 732 3 8192 2.000000000 2
1156 740 3 8192 2.000000000 2
1156 744 3 8192 2.000000000 2
1156 760 3 8192 2.000000000 2
1156 776 3 8192 2.000000000 2
1156 800 3 8192 2.000000000 2
1156 808 3 8192 2.000000000 2
1156 828 3 8192 2.000000000 2
1156 872 3 8192 2.000000000 2
1156 888 3 8192 2.000000000 2
1156 904 3 8192 2.000000000 2
1156 968 3 8192 2.000000000 2
1156 972 3 8192 2.000000000 2
1156 1000 3 8192 2.000000000 2
1156 1008 3 8192 2.000000000 2
1156 1052 3 8192 2.000000000 2
1156 1068 3 8192 2.000000000 2
1156 1072 3 8192 2.000000000 2
1156 1076 3 8192 2.000000000 2
1156 1084 3 8192 2.000000000 2
1156 1096 3 8192 2.000000000 2
1156 1108 3 8192 2.000000000 2
1156 1160 3 8192 2.000000000 2
1156 1164 3 8192 2.000000000 2
1156 1168 3 8192 2.000000000 2
1156 1172 3 8192 2.000000000 2
1156 1192 3 8192 2.000000000 2
1156 1204 3 8192 2.000000000 2
1156 1208 3 8192 2.000000000 2
1156 1244 3 8192 2.000000000 2
1156 1248 3 8192 2.000000000 2
1156 1264 3 8192 2.000000000 2
1156 1272 3 8192 2.000000000 2
1160 24 3 8192 2.000000000 2
1160 36 3 8192 2.000000000 2
1160 48 3 8192 2.000000000 2
1160 52 3 8192 2.000000000 2
1160 60 3 8192 2.000000000 2
1160 76 3 8192 2.000000000 2
1160 88 3 8192 2.000000000 2
1160 92 3 8192 2.000000000 2
1160 104 3 8192 2.000000000 2
1160 112 3 8192 2.000000000 2
1160 116 3 8192 2.000000000 2
1160 136 3 8192 2.000000000 2
1160 160 3 8192 2.000000000 2
1160 180 3 8192 2.000000000 2
1160 228 3 8192 2.000000000 2
1160 232 3 8192 2.000000000 2
1160 252 3 8192 2.000000000 2
1160 260 3 8192 2.000000000 2
1160 264 3 8192 2.000000000 2
1160 320 3 8192 2.000000000 2
1160 364 3 8192 2.000000000 2
1160 388 3 8192 2.000000000 2
1160 396 3 8192 2.000000000 2
1160 408 3 8192 2.000000000 2
1160 432 3 8192 2.000000000 2
1160 472 3 8192 2.000000000 2
1160 524 3 8192 2.000000000 2
1160 528 3 8192 2.000000000 2
1160 532 3 8192 2.000000000 2
1160 536 3 8192 2.000000000 2
1160 552 3 8192 2.000000000 2
1160 588 3 8192 2.000000000 2
1160 612 3 8192 2.000000000 2
1160 616 3 8192 2.000000000 2
1160 628 3 8192 2.000000000 2
1160 632 3 8192 2.000000000 2
1160 688 3 8192 2.000000000 2
1160 692 3 8192 2.000000000 2
1160 768 3 8192 2.000000000 2
1160 796 3 8192 2.000000000 2
1160 808 3 8192 2.000000000 2
1160 816 3 8192 2.000000000 2
1160 836 3 8192 2.000000000 2
1160 856 3 8192 2.000000000 2
1160 860 3 8192 2.000000000 2
1160 880 3 8192 2.000000000 2
1160 884 3 8192 2.000000000 2
1160 932 3 8192 2.000000000 2
1160 936 3 8192 2.000000000 2
1160 976 3 8192 2.000000000 2
1160 992 3 8192 2.000000000 2
1160 1012 3 8192 2.000000000 2
1160 1016 3 8192 2.000000000 2
1160 1020 3 8192 2.000000000 2
1160 1076 3 8192 2.000000000 2
1160 1120 3 8192 2.000000000 2
1160 1148 3 8192 2.000000000 2
1160 1156 3 8192 2.000000000 2
1160 1164 3 8192 2.000000000 2
1160 1192 3 8192 2.000000000 2
1160 1236 3 8192 2.000000000 2
1160 1244 3 8192 2.000000000 2
1160 1264 3 8192 2.000000000 2
1160 1276 3 8192 2.000000000 2
1164 0 3 8192 2.000000000 2
1164 4 3 8192 2.000000000 2
1164 8 3 8192 2.000000000 2
1164 24 3 8192 2.000000000 2
1164 28 3 8192 2.000000000 2
1164 36 3 8192 2.000000000 2
1164 44 3 8192 2.000000000 2
1164 60 3 8192 2.000000000 2
1164 84 3 8192 2.000000000 2
1164 88 3 8192 2.000000000 2
1164 92 3 8192 2.000000000 2
1164 100 3 8192 2.000000000 2
1164 164 3 8192 2.000000000 2
1164 172 3 8192 2.000000000 2
1164 196 3 8192 2.000000000 2
1164 248 3 8192 2.000000000 2
1164 260 3 8192 2.000000000 2
1164 272 3 8192 2.000000000 2
1164 292 3 8192 2.000000000 2
1164 324 3 8192 2.000000000 2
1164 332 3 8192 2.000000000 2
1164 428 3 8192 2.000000000 2
1164 440 3 8192 2.000000000 2
1164 472 3 8192 2.000000000 2
1164 480 3 8192 2.000000000 2
1164 484 3 8192 2.000000000 2
1164 504 3 8192 2.000000000 2
1164 516 3 8192 2.000000000 2
1164 524 3 8192 2.000000000 2
1164 536 3 8192 2.000000000 2
1164 588 3 8192 2.000000000 2
1164 596 3 8192 2.000000000 2
1164 604 3 8192 2.000000000 2
1164 608 3 8192 2.000000000 2
1164 612 3 8192 2.000000000 2
1164 680 3 8192 2.000000000 2
1164 684 3 8192 2.000000000 2
1164 700 3 8192 2.000000000 2
1164 708 3 8192 2.000000000 2
1164 732 3 8192 2.000000000 2
1164 744 3 8192 2.000000000 2
1164 748 3 8192 2.000000000 2
1164 756 3 8192 2.000000000 2
1164 804 3 8192 2.000000000 2
1164 836 3 8192 2.000000000 2
1164 884 3 8192 2.000000000 2
1164 904 3 8192 2.000000000 2
1164 972 3 8192 2.000000000 2
1164 976 3 8192 2.000000000 2
1164 984 3 8192 2.000000000 2
1164 1012 3 8192 2.000000000 2
1164 1016 3 8192 2.000000000 2
1164 1020 3 8192 2.000000000 2
1164 1024 3 8192 2.000000000 2
1164 1032 3 8192 2.000000000 2
1164 1044 3 8192 2.000000000 2
1164 1068 3 8192 2.000000000 2
1164 1076 3 8192 2.000000000 2
1164 1112 3 8192 2.000000000 2
1164 1168 3 8192 2.000000000 2
1164 1176 3 8192 2.000000000 2
1164 1184 3 8192 2.000000000 2
1164 1236 3 8192 2.000000000 2
1164 1240 3 8192 2.000000000 2
1168 0 3 8192 2.000000000 2
1168 24 3 8192 2.000000000 2
1168 28 3 8192 2.000000000 2
1168 68 3 8192 2.000000000 2
1168 76 3 8192 2.000000000 2
1168 80 3 8192 2.000000000 2
1168 84 3 8192 2.000000000 2
1168 112 3 8192 2.000000000 2
1168 156 3 8192 2.000000000 2
1168 176 3 8192 2.000000000 2
1168 236 3 8192 2.000000000 2
1168 328 3 8192 2.000000000 2
1168 360 3 8192 2.000000000 2
1168 372 3 8192 2.000000000 2
1168 408 3 8192 2.000000000 2
1168 412 3 8192 2.000000000 2
1168 416 3 8192 2.000000000 2
1168 460 3 8192 2.000000000 2
1168 480 3 8192 2.000000000 2
1168 484 3 8192 2.000000000 2
1168 500 3 8192 2.000000000 2
1168 536 3 8192 2.000000000 2
1168 540 3 8192 2.000000000 2
1168 552 3 8192 2.000000000 2
1168 560 3 8192 2.000000000 2
1168 568 3 8192 2.000000000 2
1168 572 3 8192 2.000000000 2
1168 576 3 8192 2.000000000 2
1168 620 3 8192 2.000000000 2
1168 640 3 8192 2.000000000 2
1168 700 3 8192 2.000000000 2
1168 716 3 8192 2.000000000 2
1168 728 3 8192 2.000000000 2
1168 732 3 8192 2.000000000 2
1168 736 3 8192 2.000000000 2
1168 764 3 8192 2.000000000 2
1168 784 3 8192 2.000000000 2
1168 804 3 8192 2.000000000 2
1168 808 3 8192 2.000000000 2
1168 824 3 8192 2.000000000 2
1168 828 3 8192 2.000000000 2
1168 852 3 8192 2.000000000 2
1168 896 3 8192 2.000000000 2
1168 920 3 8192 2.000000000 2
1168 924 3 8192 2.000000000 2
1168 992 3 8192 2.000000000 2
1168 1024 3 8192 2.000000000 2
1168 1032 3 8192 2.000000000 2
1168 1048 3 8192 2.000000000 2
1168 1072 3 8192 2.000000000 2
1168 1084 3 8192 2.000000000 2
1168 1096 3 8192 2.000000000 2
1168 1108 3 8192 2.000000000 2
1168 1112 3 8192 2.000000000 2
1168 1128 3 8192 2.000000000 2
1168 1140 3 8192 2.000000000 2
1168 1152 3 8192 2.000000000 2
1168 1176 3 8192 2.000000000 2
1168 1228 3 8192 2.000000000 2
1168 1236 3 8192 2.000000000 2
1168 1244 3 8192 2.000000000 2
1168 1248 3 8192 2.000000000 2
1168 1264 3 8192 2.000000000 2
1168 1272 3 8192 2.000000000 2
1172 4 3 8192 2.000000000 2
1172 12 3 8192 2.000000000 2
1172 36 3 8192 2.000000000 2
1172 44 3 8192 2.000000000 2
1172 48 3 8192 2.000000000 2
1172 52 3 8192 2.000000000 2
1172 60 3 8192 2.000000000 2
1172 72 3 8192 2.000000000 2
1172 112 3 8192 2.000000000 2
1172 120 3 8192 2.000000000 2
1172 164 3 8192 2.000000000 2
1172 188 3 8192 2.000000000 2
1172 240 3 8192 2.000000000 2
1172 276 3 8192 2.000000000 2
1172 304 3 8192 2.000000000 2
1172 332 3 8192 2.000000000 2
1172 360 3 8192 2.000000000 2
1172 380 3 8192 2.000000000 2
1172 384 3 8192 2.000000000 2
1172 396 3 8192 2.000000000 2
1172 428 3 8192 2.000000000 2
1172 440 3 8192 2.000000000 2
1172 464 3 8192 2.000000000 2
1172 480 3 8192 2.000000000 2
1172 488 3 8192 2.000000000 2
1172 520 3 8192 2.000000000 2
1172 532 3 8192 2.000000000 2
1172 552 3 8192 2.000000000 2
1172 568 3 8192 2.000000000 2
1172 580 3 8192 2.000000000 2
1172 632 3 8192 2.000000000 2
1172 644 3 8192 2.000000000 2
1172 652 3 8192 2.000000000 2
1172 680 3 8192 2.000000000 2
1172 712 3 8192 2.000000000 2
1172 720 3 8192 2.000000000 2
1172 732 3 8192 2.000000000 2
1172 744 3 8192 2.000000000 2
1172 748 3 8192 2.000000000 2
1172 780 3 8192 2.000000000 2
1172 792 3 8192 2.000000000 2
1172 800 3 8192 2.000000000 2
1172 836 3 8192 2.000000000 2
1172 884 3 8192 2.000000000 2
1172 904 3 8192 2.000000000 2
1172 920 3 8192 2.000000000 2
1172 924 3 8192 2.000000000 2
1172 932 3 8192 2.000000000 2
1172 964 3 8192 2.000000000 2
1172 972 3 8192 2.000000000 2
1172 980 3 8192 2.000000000 2
1172 984 3 8192 2.000000000 2
1172 1048 3 8192 2.000000000 2
1172 1084 3 8192 2.000000000 2
1172 1112 3 8192 2.000000000 2
1172 1120 3 8192 2.000000000 2
1172 1152 3 8192 2.000000000 2
1172 1176 3 8192 2.000000000 2
1172 1204 3 8192 2.000000000 2
1172 1212 3 8192 2.000000000 2
1172 1228 3 8192 2.000000000 2
1172 1240 3 8192 2.000000000 2
1172 1252 3 8192 2.000000000 2
1172 1276 3 8192 2.000000000 2
1176 4 3 8192 2.000000000 2
1176 12 3 8192 2.000000000 2
1176 24 3 8192 2.000000000 2
1176 32 3 8192 2.000000000 2
1176 52 3 8192 2.000000000 2
1176 60 3 8192 2.000000000 2
1176 84 3 8192 2.000000000 2
1176 108 3 8192 2.000000000 2
1176 112 3 8192 2.000000000 2
1176 116 3 8192 2.000000000 2
1176 140 3 8192 2.000000000 2
1176 204 3 8192 2.000000000 2
1176 208 3 8192 2.000000000 2
1176 220 3 8192 2.000000000 2
1176 224 3 8192 2.000000000 2
1176 236 3 8192 2.000000000 2
1176 248 3 8192 2.000000000 2
1176 252 3 8192 2.000000000 2
1176 348 3 8192 2.000000000 2
1176 360 3 8192 2.000000000 2
1176 364 3 8192 2.000000000 2
1176 384 3 8192 2.000000000 2
1176 396 3 8192 2.000000000 2
1176 404 3 8192 2.000000000 2
1176 420 3 8192 2.000000000 2
1176 460 3 8192 2.000000000 2
1176 464 3 8192 2.000000000 2
1176 468 3 8192 2.000000000 2
1176 472 3 8192 2.000000000 2
1176 484 3 8192 2.000000000 2
1176 560 3 8192 2.000000000 2
1176 596 3 8192 2.000000000 2
1176 628 3 8192 2.000000000 2
1176 644 3 8192 2.000000000 2
1176 648 3 8192 2.000000000 2
1176 652 3 8192 2.000000000 2
1176 684 3 8192 2.000000000 2
1176 708 3 8192 2.000000000 2
1176 716 3 8192 2.000000000 2
1176 720 3 8192 2.000000000 2
1176 728 3 8192 2.000000000 2
1176 760 3 8192 2.000000000 2
1176 764 3 8192 2.000000000 2
1176 776 3 8192 2.000000000 2
1176 816 3 8192 2.000000000 2
1176 828 3 8192 2.000000000 2
1176 832 3 8192 2.000000000 2
1176 908 3 8192 2.000000000 2
1176 920 3 8192 2.000000000 2
1176 924 3 8192 2.000000000 2
1176 948 3 8192 2.000000000 2
1176 984 3 8192 2.000000000 2
1176 1000 3 8192 2.000000000 2
1176 1056 3 8192 2.000000000 2
1176 1072 3 8192 2.000000000 2
1176 1076 3 8192 2.000000000 2
1176 1088 3 8192 2.000000000 2
1176 1140 3 8192 2.000000000 2
1176 1144 3 8192 2.000000000 2
1176 1160 3 8192 2.000000000 2
1176 1180 3 8192 2.000000000 2
1176 1236 3 8192 2.000000000 2
1176 1256 3 8192 2.000000000 2
1176 1264 3 8192 2.000000000 2
1180 0 3 8192 2.000000000 2
1180 4 3 8192 2.000000000 2
1180 44 3 8192 2.000000000 2
1180 68 3 8192 2.000000000 2
1180 76 3 8192 2.000000000 2
1180 112 3 8192 2.000000000 2
1180 136 3 8192 2.000000000 2
1180 172 3 8192 2.000000000 2
1180 200 3 8192 2.000000000 2
1180 204 3 8192 2.000000000 2
1180 208 3 8192 2.000000000 2
1180 228 3 8192 2.000000000 2
1180 292 3 8192 2.000000000 2
1180 312 3 8192 2.000000000 2
1180 320 3 8192 2.000000000 2
1180 348 3 8192 2.000000000 2
1180 372 3 8192 2.000000000 2
1180 388 3 8192 2.000000000 2
1180 404 3 8192 2.000000000 2
1180 416 3 8192 2.000000000 2
1180 440 3 8192 2.000000000 2
1180 464 3 8192 2.000000000 2
1180 468 3 8192 2.000000000 2
1180 488 3 8192 2.000000000 2
1180 540 3 8192 2.000000000 2
1180 572 3 8192 2.000000000 2
1180 588 3 8192 2.000000000 2
1180 608 3 8192 2.000000000 2
1180 620 3 8192 2.000000000 2
1180 628 3 8192 2.000000000 2
1180 640 3 8192 2.000000000 2
1180 652 3 8192 2.000000000 2
1180 684 3 8192 2.000000000 2
1180 712 3 8192 2.000000000 2
1180 716 3 8192 2.000000000 2
1180 728 3 8192 2.000000000 2
1180 740 3 8192 2.000000000 2
1180 744 3 8192 2.000000000 2
1180 748 3 8192 2.000000000 2
1180 756 3 8192 2.000000000 2
1180 784 3 8192 2.000000000 2
1180 796 3 8192 2.000000000 2
1180 844 3 8192 2.000000000 2
1180 876 3 8192 2.000000000 2
1180 892 3 8192 2.000000000 2
1180 932 3 8192 2.000000000 2
1180 1000 3 8192 2.000000000 2
1180 1016 3 8192 2.000000000 2
1180 1032 3 8192 2.000000000 2
1180 1040 3 8192 2.000000000 2
1180 1044 3 8192 2.000000000 2
1180 1072 3 8192 2.000000000 2
1180 1076 3 8192 2.000000000 2
1180 1084 3 8192 2.000000000 2
1180 1120 3 8192 2.000000000 2
1180 1128 3 8192 2.000000000 2
1180 1152 3 8192 2.000000000 2
1180 1156 3 8192 2.000000000 2
1180 1168 3 8192 2.000000000 2
1180 1172 3 8192 2.000000000 2
1180 1220 3 8192 2.000000000 2
1180 1224 3 8192 2.000000000 2
1180 1236 3 8192 2.000000000 2
1180 1252 3 8192 2.000000000 2
1184 44 3 8192 2.000000000 2
1184 48 3 8192 2.000000000 2
1184 52 3 8192 2.000000000 2
1184 96 3 8192 2.000000000 2
1184 116 3 8192 2.000000000 2
1184 140 3 8192 2.000000000 2
1184 144 3 8192 2.000000000 2
1184 152 3 8192 2.000000000 2
1184 160 3 8192 2.000000000 2
1184 164 3 8192 2.000000000 2
1184 188 3 8192 2.000000000 2
1184 196 3 8192 2.000000000 2
1184 212 3 8192 2.000000000 2
1184 216 3 8192 2.000000000 2
1184 220 3 8192 2.000000000 2
1184 228 3 8192 2.000000000 2
1184 236 3 8192 2.000000000 2
1184 240 3 8192 2.000000000 2
1184 264 3 8192 2.000000000 2
1184 296 3 8192 2.000000000 2
1184 416 3 8192 2.000000000 2
1184 436 3 8192 2.000000000 2
1184 440 3 8192 2.000000000 2
1184 492 3 8192 2.000000000 2
1184 520 3 8192 2.000000000 2
1184 544 3 8192 2.000000000 2
1184 552 3 8192 2.000000000 2
1184 568 3 8192 2.000000000 2
1184 580 3 8192 2.000000000 2
1184 584 3 8192 2.000000000 2
1184 604 3 8192 2.000000000 2
1184 636 3 8192 2.000000000 2
1184 644 3 8192 2.000000000 2
1184 652 3 8192 2.000000000 2
1184 656 3 8192 2.000000000 2
1184 668 3 8192 2.000000000 2
1184 740 3 8192 2.000000000 2
1184 744 3 8192 2.000000000 2
1184 776 3 8192 2.000000000 2
1184 784 3 8192 2.000000000 2
1184 804 3 8192 2.000000000 2
1184 808 3 8192 2.000000000 2
1184 820 3 8192 2.000000000 2
1184 836 3 8192 2.000000000 2
1184 876 3 8192 2.000000000 2
1184 884 3 8192 2.000000000 2
1184 888 3 8192 2.000000000 2
1184 892 3 8192 2.000000000 2
1184 908 3 8192 2.000000000 2
1184 916 3 8192 2.000000000 2
1184 972 3 8192 2.000000000 2
1184 984 3 8192 2.000000000 2
1184 992 3 8192 2.000000000 2
1184 1044 3 8192 2.000000000 2
1184 1048 3 8192 2.000000000 2
1184 1104 3 8192 2.000000000 2
1184 1112 3 8192 2.000000000 2
1184 1168 3 8192 2.000000000 2
1184 1216 3 8192 2.000000000 2
1184 1228 3 8192 2.000000000 2
1184 1240 3 8192 2.000000000 2
1184 1244 3 8192 2.000000000 2
1184 1248 3 8192 2.000000000 2
1184 1256 3 8192 2.000000000 2
1188 0 3 8192 2.000000000 2
1188 28 3 8192 2.000000000 2
1188 108 3 8192 2.000000000 2
1188 144 3 8192 2.000000000 2
1188 160 3 8192 2.000000000 2
1188 172 3 8192 2.000000000 2
1188 220 3 8192 2.000000000 2
1188 224 3 8192 2.000000000 2
1188 248 3 8192 2.000000000 2
1188 260 3 8192 2.000000000 2
1188 272 3 8192 2.000000000 2
1188 296 3 8192 2.000000000 2
1188 300 3 8192 2.000000000 2
1188 360 3 8192 2.000000000 2
1188 364 3 8192 2.000000000 2
1188 376 3 8192 2.000000000 2
1188 384 3 8192 2.000000000 2
1188 400 3 8192 2.000000000 2
1188 404 3 8192 2.000000000 2
1188 436 3 8192 2.000000000 2
1188 460 3 8192 2.000000000 2
1188 484 3 8192 2.000000000 2
1188 500 3 8192 2.000000000 2
1188 516 3 8192 2.000000000 2
1188 548 3 8192 2.000000000 2
1188 560 3 8192 2.000000000 2
1188 628 3 8192 2.000000000 2
1188 636 3 8192 2.000000000 2
1188 656 3 8192 2.000000000 2
1188 664 3 8192 2.000000000 2
1188 684 3 8192 2.000000000 2
1188 692 3 8192 2.000000000 2
1188 708 3 8192 2.000000000 2
1188 712 3 8192 2.000000000 2
1188 716 3 8192 2.000000000 2
1188 744 3 8192 2.000000000 2
1188 748 3 8192 2.000000000 2
1188 768 3 8192 2.000000000 2
1188 780 3 8192 2.000000000 2
1188 816 3 8192 2.000000000 2
1188 824 3 8192 2.000000000 2
1188 836 3 8192 2.000000000 2
1188 852 3 8192 2.000000000 2
1188 888 3 8192 2.000000000 2
1188 904 3 8192 2.000000000 2
1188 912 3 8192 2.000000000 2
1188 920 3 8192 2.000000000 2
1188 940 3 8192 2.000000000 2
1188 1020 3 8192 2.000000000 2
1188 1032 3 8192 2.000000000 2
1188 1048 3 8192 2.000000000 2
1188 1096 3 8192 2.000000000 2
1188 1108 3 8192 2.000000000 2
1188 1128 3 8192 2.000000000 2
1188 1140 3 8192 2.000000000 2
1188 1148 3 8192 2.000000000 2
1188 1164 3 8192 2.000000000 2
1188 1172 3 8192 2.000000000 2
1188 1176 3 8192 2.000000000 2
1188 1180 3 8192 2.000000000 2
1188 1220 3 8192 2.000000000 2
1188 1240 3 8192 2.000000000 2
1188 1252 3 8192 2.000000000 2
1188 1260 3 8192 2.000000000 2
1192 12 3 8192 2.000000000 2
1192 52 3 8192 2.000000000 2
1192 60 3 8192 2.000000000 2
1192 76 3 8192 2.000000000 2
1192 92 3 8192 2.000000000 2
1192 112 3 8192 2.000000000 2
1192 116 3 8192 2.000000000 2
1192 120 3 8192 2.000000000 2
1192 140 3 8192 2.000000000 2
1192 172 3 8192 2.000000000 2
1192 200 3 8192 2.000000000 2
1192 212 3 8192 2.000000000 2
1192 260 3 8192 2.000000000 2
1192 264 3 8192 2.000000000 2
1192 296 3 8192 2.000000000 2
1192 324 3 8192 2.000000000 2
1192 344 3 8192 2.000000000 2
1192 348 3 8192 2.000000000 2
1192 404 3 8192 2.000000000 2
1192 440 3 8192 2.000000000 2
1192 472 3 8192 2.000000000 2
1192 524 3 8192 2.000000000 2
1192 528 3 8192 2.000000000 2
1192 532 3 8192 2.000000000 2
1192 568 3 8192 2.000000000 2
1192 612 3 8192 2.000000000 2
1192 616 3 8192 2.000000000 2
1192 628 3 8192 2.000000000 2
1192 632 3 8192 2.000000000 2
1192 652 3 8192 2.000000000 2
1192 656 3 8192 2.000000000 2
1192 688 3 8192 2.000000000 2
1192 712 3 8192 2.000000000 2
1192 716 3 8192 2.000000000 2
1192 736 3 8192 2.000000000 2
1192 740 3 8192 2.000000000 2
1192 760 3 8192 2.000000000 2
1192 764 3 8192 2.000000000 2
1192 768 3 8192 2.000000000 2
1192 792 3 8192 2.000000000 2
1192 816 3 8192 2.000000000 2
1192 820 3 8192 2.000000000 2
1192 844 3 8192 2.000000000 2
1192 852 3 8192 2.000000000 2
1192 872 3 8192 2.000000000 2
1192 876 3 8192 2.000000000 2
1192 896 3 8192 2.000000000 2
1192 904 3 8192 2.000000000 2
1192 908 3 8192 2.000000000 2
1192 948 3 8192 2.000000000 2
1192 980 3 8192 2.000000000 2
1192 992 3 8192 2.000000000 2
1192 1000 3 8192 2.000000000 2
1192 1020 3 8192 2.000000000 2
1192 1048 3 8192 2.000000000 2
1192 1056 3 8192 2.000000000 2
1192 1084 3 8192 2.000000000 2
1192 1104 3 8192 2.000000000 2
1192 1128 3 8192 2.000000000 2
1192 1184 3 8192 2.000000000 2
1192 1204 3 8192 2.000000000 2
1192 1224 3 8192 2.000000000 2
1192 1252 3 8192 2.000000000 2
1192 1272 3 8192 2.000000000 2
1196 52 3 8192 2.000000000 2
1196 80 3 8192 2.000000000 2
1196 96 3 8192 2.000000000 2
1196 140 3 8192 2.000000000 2
1196 160 3 8192 2.000000000 2
1196 220 3 8192 2.000000000 2
1196 224 3 8192 2.000000000 2
1196 252 3 8192 2.000000000 2
1196 312 3 8192 2.000000000 2
1196 332 3 8192 2.000000000 2
1196 356 3 8192 2.000000000 2
1196 384 3 8192 2.000000000 2
1196 416 3 8192 2.000000000 2
1196 432 3 8192 2.000000000 2
1196 452 3 8192 2.000000000 2
1196 468 3 8192 2.000000000 2
1196 484 3 8192 2.000000000 2
1196 580 3 8192 2.000000000 2
1196 588 3 8192 2.000000000 2
1196 596 3 8192 2.000000000 2
1196 616 3 8192 2.000000000 2
1196 620 3 8192 2.000000000 2
1196 636 3 8192 2.000000000 2
1196 668 3 8192 2.000000000 2
1196 680 3 8192 2.000000000 2
1196 684 3 8192 2.000000000 2
1196 708 3 8192 2.000000000 2
1196 740 3 8192 2.000000000 2
1196 776 3 8192 2.000000000 2
1196 784 3 8192 2.000000000 2
1196 800 3 8192 2.000000000 2
1196 808 3 8192 2.000000000 2
1196 824 3 8192 2.000000000 2
1196 844 3 8192 2.000000000 2
1196 872 3 8192 2.000000000 2
1196 880 3 8192 2.000000000 2
1196 884 3 8192 2.000000000 2
1196 888 3 8192 2.000000000 2
1196 904 3 8192 2.000000000 2
1196 912 3 8192 2.000000000 2
1196 924 3 8192 2.000000000 2
1196 936 3 8192 2.000000000 2
1196 1008 3 8192 2.000000000 2
1196 1016 3 8192 2.000000000 2
1196 1024 3 8192 2.000000000 2
1196 1040 3 8192 2.000000000 2
1196 1056 3 8192 2.000000000 2
1196 1060 3 8192 2.000000000 2
1196 1072 3 8192 2.000000000 2
1196 1076 3 8192 2.000000000 2
1196 1100 3 8192 2.000000000 2
1196 1108 3 8192 2.000000000 2
1196 1128 3 8192 2.000000000 2
1196 1144 3 8192 2.000000000 2
1196 1148 3 8192 2.000000000 2
1196 1152 3 8192 2.000000000 2
1196 1160 3 8192 2.000000000 2
1196 1168 3 8192 2.000000000 2
1196 1208 3 8192 2.000000000 2
1196 1212 3 8192 2.000000000 2
1196 1224 3 8192 2.000000000 2
1196 1248 3 8192 2.000000000 2
1196 1256 3 8192 2.000000000 2
1196 1276 3 8192 2.000000000 2
1200 12 3 8192 2.000000000 2
1200 24 3 8192 2.000000000 2
1200 28 3 8192 2.000000000 2
1200 48 3 8192 2.000000000 2
1200 72 3 8192 2.000000000 2
1200 84 3 8192 2.000000000 2
1200 88 3 8192 2.000000000 2
1200 96 3 8192 2.000000000 2
1200 104 3 8192 2.000000000 2
1200 112 3 8192 2.000000000 2
1200 144 3 8192 2.000000000 2
1200 156 3 8192 2.000000000 2
1200 160 3 8192 2.000000000 2
1200 176 3 8192 2.000000000 2
1200 180 3 8192 2.000000000 2
1200 196 3 8192 2.000000000 2
1200 220 3 8192 2.000000000 2
1200 244 3 8192 2.000000000 2
1200 248 3 8192 2.000000000 2
1200 272 3 8192 2.000000000 2
1200 276 3 8192 2.000000000 2
1200 292 3 8192 2.000000000 2
1200 296 3 8192 2.000000000 2
1200 320 3 8192 2.000000000 2
1200 328 3 8192 2.000000000 2
1200 344 3 8192 2.000000000 2
1200 400 3 8192 2.000000000 2
1200 412 3 8192 2.000000000 2
1200 420 3 8192 2.000000000 2
1200 436 3 8192 2.000000000 2
1200 492 3 8192 2.000000000 2
1200 504 3 8192 2.000000000 2
1200 568 3 8192 2.000000000 2
1200 580 3 8192 2.000000000 2
1200 596 3 8192 2.000000000 2
1200 616 3 8192 2.000000000 2
1200 620 3 8192 2.000000000 2
1200 648 3 8192 2.000000000 2
1200 656 3 8192 2.000000000 2
1200 700 3 8192 2.000000000 2
1200 712 3 8192 2.000000000 2
1200 724 3 8192 2.000000000 2
1200 760 3 8192 2.000000000 2
1200 764 3 8192 2.000000000 2
1200 784 3 8192 2.000000000 2
1200 804 3 8192 2.000000000 2
1200 808 3 8192 2.000000000 2
1200 816 3 8192 2.000000000 2
1200 852 3 8192 2.000000000 2
1200 876 3 8192 2.000000000 2
1200 908 3 8192 2.000000000 2
1200 916 3 8192 2.000000000 2
1200 964 3 8192 2.000000000 2
1200 1000 3 8192 2.000000000 2
1200 1008 3 8192 2.000000000 2
1200 1032 3 8192 2.000000000 2
1200 1044 3 8192 2.000000000 2
1200 1048 3 8192 2.000000000 2
1200 1052 3 8192 2.000000000 2
1200 1088 3 8192 2.000000000 2
1200 1096 3 8192 2.000000000 2
1200 1184 3 8192 2.000000000 2
1200 1204 3 8192 2.000000000 2
1200 1272 3 8192 2.000000000 2
1204 0 3 8192 2.000000000 2
1204 8 3 8192 2.000000000 2
1204 24 3 8192 2.000000000 2
1204 32 3 8192 2.000000000 2
1204 44 3 8192 2.000000000 2
1204 60 3 8192 2.000000000 2
1204 72 3 8192 2.000000000 2
1204 80 3 8192 2.000000000 2
1204 84 3 8192 2.000000000 2
1204 88 3 8192 2.000000000 2
1204 96 3 8192 2.000000000 2
1204 100 3 8192 2.000000000 2
1204 108 3 8192 2.000000000 2
1204 112 3 8192 2.000000000 2
1204 156 3 8192 2.000000000 2
1204 160 3 8192 2.000000000 2
1204 180 3 8192 2.000000000 2
1204 220 3 8192 2.000000000 2
1204 228 3 8192 2.000000000 2
1204 236 3 8192 2.000000000 2
1204 240 3 8192 2.000000000 2
1204 304 3 8192 2.000000000 2
1204 312 3 8192 2.000000000 2
1204 320 3 8192 2.000000000 2
1204 324 3 8192 2.000000000 2
1204 364 3 8192 2.000000000 2
1204 376 3 8192 2.000000000 2
1204 476 3 8192 2.000000000 2
1204 480 3 8192 2.000000000 2
1204 492 3 8192 2.000000000 2
1204 516 3 8192 2.000000000 2
1204 520 3 8192 2.000000000 2
1204 524 3 8192 2.000000000 2
1204 552 3 8192 2.000000000 2
1204 580 3 8192 2.000000000 2
1204 588 3 8192 2.000000000 2
1204 632 3 8192 2.000000000 2
1204 664 3 8192 2.000000000 2
1204 692 3 8192 2.000000000 2
1204 720 3 8192 2.000000000 2
1204 724 3 8192 2.000000000 2
1204 764 3 8192 2.000000000 2
1204 820 3 8192 2.000000000 2
1204 824 3 8192 2.000000000 2
1204 828 3 8192 2.000000000 2
1204 852 3 8192 2.000000000 2
1204 888 3 8192 2.000000000 2
1204 916 3 8192 2.000000000 2
1204 920 3 8192 2.000000000 2
1204 932 3 8192 2.000000000 2
1204 980 3 8192 2.000000000 2
1204 1012 3 8192 2.000000000 2
1204 1016 3 8192 2.000000000 2
1204 1108 3 8192 2.000000000 2
1204 1120 3 8192 2.000000000 2
1204 1124 3 8192 2.000000000 2
1204 1144 3 8192 2.000000000 2
1204 1156 3 8192 2.000000000 2
1204 1176 3 8192 2.000000000 2
1204 1184 3 8192 2.000000000 2
1204 1220 3 8192 2.000000000 2
1204 1236 3 8192 2.000000000 2
1204 1272 3 8192 2.000000000 2
1204 1276 3 8192 2.000000000 2
1208 24 3 8192 2.000000000 2
1208 28 3 8192 2.000000000 2
1208 32 3 8192 2.000000000 2
1208 84 3 8192 2.000000000 2
1208 96 3 8192 2.000000000 2
1208 120 3 8192 2.000000000 2
1208 156 3 8192 2.000000000 2
1208 208 3 8192 2.000000000 2
1208 212 3 8192 2.000000000 2
1208 244 3 8192 2.000000000 2
1208 252 3 8192 2.000000000 2
1208 272 3 8192 2.000000000 2
1208 276 3 8192 2.000000000 2
1208 296 3 8192 2.000000000 2
1208 300 3 8192 2.000000000 2
1208 324 3 8192 2.000000000 2
1208 344 3 8192 2.000000000 2
1208 348 3 8192 2.000000000 2
1208 360 3 8192 2.000000000 2
1208 388 3 8192 2.000000000 2
1208 444 3 8192 2.000000000 2
1208 460 3 8192 2.000000000 2
1208 476 3 8192 2.000000000 2
1208 500 3 8192 2.000000000 2
1208 504 3 8192 2.000000000 2
1208 516 3 8192 2.000000000 2
1208 532 3 8192 2.000000000 2
1208 536 3 8192 2.000000000 2
1208 544 3 8192 2.000000000 2
1208 548 3 8192 2.000000000 2
1208 568 3 8192 2.000000000 2
1208 584 3 8192 2.000000000 2
1208 604 3 8192 2.000000000 2
1208 628 3 8192 2.000000000 2
1208 640 3 8192 2.000000000 2
1208 644 3 8192 2.000000000 2
1208 656 3 8192 2.000000000 2
1208 692 3 8192 2.000000000 2
1208 716 3 8192 2.000000000 2
1208 756 3 8192 2.000000000 2
1208 780 3 8192 2.000000000 2
1208 784 3 8192 2.000000000 2
1208 832 3 8192 2.000000000 2
1208 852 3 8192 2.000000000 2
1208 856 3 8192 2.000000000 2
1208 880 3 8192 2.000000000 2
1208 908 3 8192 2.000000000 2
1208 916 3 8192 2.000000000 2
1208 936 3 8192 2.000000000 2
1208 948 3 8192 2.000000000 2
1208 972 3 8192 2.000000000 2
1208 1000 3 8192 2.000000000 2
1208 1100 3 8192 2.000000000 2
1208 1144 3 8192 2.000000000 2
1208 1148 3 8192 2.000000000 2
1208 1156 3 8192 2.000000000 2
1208 1160 3 8192 2.000000000 2
1208 1168 3 8192 2.000000000 2
1208 1196 3 8192 2.000000000 2
1208 1240 3 8192 2.000000000 2
1208 1244 3 8192 2.000000000 2
1208 1252 3 8192 2.000000000 2
1208 1256 3 8192 2.000000000 2
1208 1272 3 8192 2.000000000 2
1212 0 3 8192 2.000000000 2
1212 84 3 8192 2.000000000 2
1212 88 3 8192 2.000000000 2
1212 92 3 8192 2.000000000 2
1212 112 3 8192 2.000000000 2
1212 136 3 8192 2.000000000 2
1212 156 3 8192 2.000000000 2
1212 200 3 8192 2.000000000 2
1212 204 3 8192 2.000000000 2
1212 220 3 8192 2.000000000 2
1212 236 3 8192 2.000000000 2
1212 264 3 8192 2.000000000 2
1212 272 3 8192 2.000000000 2
1212 300 3 8192 2.000000000 2
1212 328 3 8192 2.000000000 2
1212 348 3 8192 2.000000000 2
1212 360 3 8192 2.000000000 2
1212 380 3 8192 2.000000000 2
1212 412 3 8192 2.000000000 2
1212 436 3 8192 2.000000000 2
1212 452 3 8192 2.000000000 2
1212 460 3 8192 2.000000000 2
1212 476 3 8192 2.000000000 2
1212 500 3 8192 2.000000000 2
1212 528 3 8192 2.000000000 2
1212 532 3 8192 2.000000000 2
1212 604 3 8192 2.000000000 2
1212 616 3 8192 2.000000000 2
1212 620 3 8192 2.000000000 2
1212 624 3 8192 2.000000000 2
1212 628 3 8192 2.000000000 2
1212 636 3 8192 2.000000000 2
1212 640 3 8192 2.000000000 2
1212 656 3 8192 2.000000000 2
1212 664 3 8192 2.000000000 2
1212 668 3 8192 2.000000000 2
1212 672 3 8192 2.000000000 2
1212 692 3 8192 2.000000000 2
1212 716 3 8192 2.000000000 2
1212 728 3 8192 2.000000000 2
1212 764 3 8192 2.000000000 2
1212 768 3 8192 2.000000000 2
1212 792 3 8192 2.000000000 2
1212 804 3 8192 2.000000000 2
1212 820 3 8192 2.000000000 2
1212 828 3 8192 2.000000000 2
1212 860 3 8192 2.000000000 2
1212 880 3 8192 2.000000000 2
1212 892 3 8192 2.000000000 2
1212 896 3 8192 2.000000000 2
1212 904 3 8192 2.000000000 2
1212 908 3 8192 2.000000000 2
1212 920 3 8192 2.000000000 2
1212 1096 3 8192 2.000000000 2
1212 1148 3 8192 2.000000000 2
1212 1156 3 8192 2.000000000 2
1212 1180 3 8192 2.000000000 2
1212 1208 3 8192 2.000000000 2
1212 1228 3 8192 2.000000000 2
1212 1236 3 8192 2.000000000 2
1212 1252 3 8192 2.000000000 2
1212 1260 3 8192 2.000000000 2
1212 1272 3 8192 2.000000000 2
1212 1276 3 8192 2.000000000 2
1216 12 3 8192 2.000000000 2
1216 24 3 8192 2.000000000 2
1216 36 3 8192 2.000000000 2
1216 44 3 8192 2.000000000 2
1216 84 3 8192 2.000000000 2
1216 100 3 8192 2.000000000 2
1216 104 3 8192 2.000000000 2
1216 116 3 8192 2.000000000 2
1216 136 3 8192 2.000000000 2
1216 140 3 8192 2.000000000 2
1216 156 3 8192 2.000000000 2
1216 164 3 8192 2.000000000 2
1216 220 3 8192 2.000000000 2
1216 232 3 8192 2.000000000 2
1216 292 3 8192 2.000000000 2
1216 356 3 8192 2.000000000 2
1216 360 3 8192 2.000000000 2
1216 372 3 8192 2.000000000 2
1216 376 3 8192 2.000000000 2
1216 384 3 8192 2.000000000 2
1216 388 3 8192 2.000000000 2
1216 420 3 8192 2.000000000 2
1216 432 3 8192 2.000000000 2
1216 440 3 8192 2.000000000 2
1216 452 3 8192 2.000000000 2
1216 464 3 8192 2.000000000 2
1216 468 3 8192 2.000000000 2
1216 572 3 8192 2.000000000 2
1216 576 3 8192 2.000000000 2
1216 584 3 8192 2.000000000 2
1216 604 3 8192 2.000000000 2
1216 640 3 8192 2.000000000 2
1216 708 3 8192 2.000000000 2
1216 724 3 8192 2.000000000 2
1216 760 3 8192 2.000000000 2
1216 780 3 8192 2.000000000 2
1216 784 3 8192 2.000000000 2
1216 792 3 8192 2.000000000 2
1216 876 3 8192 2.000000000 2
1216 896 3 8192 2.000000000 2
1216 912 3 8192 2.000000000 2
1216 916 3 8192 2.000000000 2
1216 932 3 8192 2.000000000 2
1216 948 3 8192 2.000000000 2
1216 964 3 8192 2.000000000 2
1216 968 3 8192 2.000000000 2
1216 976 3 8192 2.000000000 2
1216 980 3 8192 2.000000000 2
1216 1008 3 8192 2.000000000 2
1216 1016 3 8192 2.000000000 2
1216 1024 3 8192 2.000000000 2
1216 1052 3 8192 2.000000000 2
1216 1068 3 8192 2.000000000 2
1216 1072 3 8192 2.000000000 2
1216 1120 3 8192 2.000000000 2
1216 1144 3 8192 2.000000000 2
1216 1156 3 8192 2.000000000 2
1216 1180 3 8192 2.000000000 2
1216 1188 3 8192 2.000000000 2
1216 1204 3 8192 2.000000000 2
1216 1212 3 8192 2.000000000 2
1216 1236 3 8192 2.000000000 2
1216 1252 3 8192 2.000000000 2
1216 1272 3 8192 2.000000000 2
1220 24 3 8192 2.000000000 2
1220 60 3 8192 2.000000000 2
1220 68 3 8192 2.000000000 2
1220 72 3 8192 2.000000000 2
1220 100 3 8192 2.000000000 2
1220 112 3 8192 2.000000000 2
1220 116 3 8192 2.000000000 2
1220 140 3 8192 2.000000000 2
1220 156 3 8192 2.000000000 2
1220 164 3 8192 2.000000000 2
1220 208 3 8192 2.000000000 2
1220 220 3 8192 2.000000000 2
1220 224 3 8192 2.000000000 2
1220 232 3 8192 2.000000000 2
1220 252 3 8192 2.000000000 2
1220 276 3 8192 2.000000000 2
1220 320 3 8192 2.000000000 2
1220 324 3 8192 2.000000000 2
1220 380 3 8192 2.000000000 2
1220 412 3 8192 2.000000000 2
1220 460 3 8192 2.000000000 2
1220 468 3 8192 2.000000000 2
1220 516 3 8192 2.000000000 2
1220 520 3 8192 2.000000000 2
1220 528 3 8192 2.000000000 2
1220 544 3 8192 2.000000000 2
1220 548 3 8192 2.000000000 2
1220 568 3 8192 2.000000000 2
1220 572 3 8192 2.000000000 2
1220 596 3 8192 2.000000000 2
1220 608 3 8192 2.000000000 2
1220 624 3 8192 2.000000000 2
1220 628 3 8192 2.000000000 2
1220 648 3 8192 2.000000000 2
1220 656 3 8192 2.000000000 2
1220 668 3 8192 2.000000000 2
1220 688 3 8192 2.000000000 2
1220 700 3 8192 2.000000000 2
1220 728 3 8192 2.000000000 2
1220 756 3 8192 2.000000000 2
1220 760 3 8192 2.000000000 2
1220 776 3 8192 2.000000000 2
1220 808 3 8192 2.000000000 2
1220 816 3 8192 2.000000000 2
1220 820 3 8192 2.000000000 2
1220 824 3 8192 2.000000000 2
1220 872 3 8192 2.000000000 2
1220 888 3 8192 2.000000000 2
1220 904 3 8192 2.000000000 2
1220 924 3 8192 2.000000000 2
1220 1012 3 8192 2.000000000 2
1220 1056 3 8192 2.000000000 2
1220 1060 3 8192 2.000000000 2
1220 1068 3 8192 2.000000000 2
1220 1076 3 8192 2.000000000 2
1220 1144 3 8192 2.000000000 2
1220 1160 3 8192 2.000000000 2
1220 1168 3 8192 2.000000000 2
1220 1176 3 8192 2.000000000 2
1220 1180 3 8192 2.000000000 2
1220 1208 3 8192 2.000000000 2
1220 1216 3 8192 2.000000000 2
1220 1244 3 8192 2.000000000 2
1220 1256 3 8192 2.000000000 2
1224 48 3 8192 2.000000000 2
1224 76 3 8192 2.000000000 2
1224 88 3 8192 2.000000000 2
1224 96 3 8192 2.000000000 2
1224 156 3 8192 2.000000000 2
1224 180 3 8192 2.000000000 2
1224 196 3 8192 2.000000000 2
1224 212 3 8192 2.000000000 2
1224 232 3 8192 2.000000000 2
1224 236 3 8192 2.000000000 2
1224 272 3 8192 2.000000000 2
1224 304 3 8192 2.000000000 2
1224 384 3 8192 2.000000000 2
1224 396 3 8192 2.000000000 2
1224 432 3 8192 2.000000000 2
1224 452 3 8192 2.000000000 2
1224 468 3 8192 2.000000000 2
1224 472 3 8192 2.000000000 2
1224 488 3 8192 2.000000000 2
1224 504 3 8192 2.000000000 2
1224 524 3 8192 2.000000000 2
1224 536 3 8192 2.000000000 2
1224 540 3 8192 2.000000000 2
1224 544 3 8192 2.000000000 2
1224 552 3 8192 2.000000000 2
1224 612 3 8192 2.000000000 2
1224 616 3 8192 2.000000000 2
1224 640 3 8192 2.000000000 2
1224 648 3 8192 2.000000000 2
1224 652 3 8192 2.000000000 2
1224 664 3 8192 2.000000000 2
1224 684 3 8192 2.000000000 2
1224 688 3 8192 2.000000000 2
1224 700 3 8192 2.000000000 2
1224 724 3 8192 2.000000000 2
1224 736 3 8192 2.000000000 2
1224 744 3 8192 2.000000000 2
1224 776 3 8192 2.000000000 2
1224 824 3 8192 2.000000000 2
1224 828 3 8192 2.000000000 2
1224 832 3 8192 2.000000000 2
1224 836 3 8192 2.000000000 2
1224 844 3 8192 2.000000000 2
1224 880 3 8192 2.000000000 2
1224 908 3 8192 2.000000000 2
1224 916 3 8192 2.000000000 2
1224 936 3 8192 2.000000000 2
1224 968 3 8192 2.000000000 2
1224 992 3 8192 2.000000000 2
1224 1016 3 8192 2.000000000 2
1224 1024 3 8192 2.000000000 2
1224 1048 3 8192 2.000000000 2
1224 1084 3 8192 2.000000000 2
1224 1112 3 8192 2.000000000 2
1224 1156 3 8192 2.000000000 2
1224 1164 3 8192 2.000000000 2
1224 1176 3 8192 2.000000000 2
1224 1196 3 8192 2.000000000 2
1224 1236 3 8192 2.000000000 2
1224 1240 3 8192 2.000000000 2
1224 1252 3 8192 2.000000000 2
1224 1256 3 8192 2.000000000 2
1224 1260 3 8192 2.000000000 2
1224 1276 3 8192 2.000000000 2
1228 84 3 8192 2.000000000 2
1228 88 3 8192 2.000000000 2
1228 104 3 8192 2.000000000 2
1228 120 3 8192 2.000000000 2
1228 144 3 8192 2.000000000 2
1228 172 3 8192 2.000000000 2
1228 200 3 8192 2.000000000 2
1228 224 3 8192 2.000000000 2
1228 236 3 8192 2.000000000 2
1228 240 3 8192 2.000000000 2
1228 244 3 8192 2.000000000 2
1228 264 3 8192 2.000000000 2
1228 292 3 8192 2.000000000 2
1228 312 3 8192 2.000000000 2
1228 344 3 8192 2.000000000 2
1228 348 3 8192 2.000000000 2
1228 376 3 8192 2.000000000 2
1228 400 3 8192 2.000000000 2
1228 404 3 8192 2.000000000 2
1228 428 3 8192 2.000000000 2
1228 440 3 8192 2.000000000 2
1228 460 3 8192 2.000000000 2
1228 468 3 8192 2.000000000 2
1228 476 3 8192 2.000000000 2
1228 516 3 8192 2.000000000 2
1228 524 3 8192 2.000000000 2
1228 536 3 8192 2.000000000 2
1228 552 3 8192 2.000000000 2
1228 572 3 8192 2.000000000 2
1228 604 3 8192 2.000000000 2
1228 616 3 8192 2.000000000 2
1228 624 3 8192 2.000000000 2
1228 648 3 8192 2.000000000 2
1228 652 3 8192 2.000000000 2
1228 668 3 8192 2.000000000 2
1228 680 3 8192 2.000000000 2
1228 712 3 8192 2.000000000 2
1228 740 3 8192 2.000000000 2
1228 744 3 8192 2.000000000 2
1228 796 3 8192 2.000000000 2
1228 844 3 8192 2.000000000 2
1228 872 3 8192 2.000000000 2
1228 884 3 8192 2.000000000 2
1228 888 3 8192 2.000000000 2
1228 908 3 8192 2.000000000 2
1228 912 3 8192 2.000000000 2
1228 916 3 8192 2.000000000 2
1228 940 3 8192 2.000000000 2
1228 968 3 8192 2.000000000 2
1228 984 3 8192 2.000000000 2
1228 1000 3 8192 2.000000000 2
1228 1060 3 8192 2.000000000 2
1228 1068 3 8192 2.000000000 2
1228 1072 3 8192 2.000000000 2
1228 1084 3 8192 2.000000000 2
1228 1172 3 8192 2.000000000 2
1228 1188 3 8192 2.000000000 2
1228 1192 3 8192 2.000000000 2
1228 1212 3 8192 2.000000000 2
1228 1216 3 8192 2.000000000 2
1228 1220 3 8192 2.000000000 2
1228 1236 3 8192 2.000000000 2
1228 1264 3 8192 2.000000000 2
1228 1272 3 8192 2.000000000 2
1236 8 3 8192 2.000000000 2
1236 32 3 8192 2.000000000 2
1236 52 3 8192 2.000000000 2
1236 68 3 8192 2.000000000 2
1236 88 3 8192 2.000000000 2
1236 100 3 8192 2.000000000 2
1236 228 3 8192 2.000000000 2
1236 244 3 8192 2.000000000 2
1236 248 3 8192 2.000000000 2
1236 296 3 8192 2.000000000 2
1236 300 3 8192 2.000000000 2
1236 356 3 8192 2.000000000 2
1236 400 3 8192 2.000000000 2
1236 404 3 8192 2.000000000 2
1236 412 3 8192 2.000000000 2
1236 420 3 8192 2.000000000 2
1236 428 3 8192 2.000000000 2
1236 432 3 8192 2.000000000 2
1236 472 3 8192 2.000000000 2
1236 480 3 8192 2.000000000 2
1236 484 3 8192 2.000000000 2
1236 504 3 8192 2.000000000 2
1236 524 3 8192 2.000000000 2
1236 528 3 8192 2.000000000 2
1236 536 3 8192 2.000000000 2
1236 572 3 8192 2.000000000 2
1236 584 3 8192 2.000000000 2
1236 600 3 8192 2.000000000 2
1236 620 3 8192 2.000000000 2
1236 624 3 8192 2.000000000 2
1236 628 3 8192 2.000000000 2
1236 656 3 8192 2.000000000 2
1236 680 3 8192 2.000000000 2
1236 688 3 8192 2.000000000 2
1236 700 3 8192 2.000000000 2
1236 724 3 8192 2.000000000 2
1236 728 3 8192 2.000000000 2
1236 732 3 8192 2.000000000 2
1236 756 3 8192 2.000000000 2
1236 780 3 8192 2.000000000 2
1236 784 3 8192 2.000000000 2
1236 820 3 8192 2.000000000 2
1236 860 3 8192 2.000000000 2
1236 912 3 8192 2.000000000 2
1236 940 3 8192 2.000000000 2
1236 948 3 8192 2.000000000 2
1236 992 3 8192 2.000000000 2
1236 1008 3 8192 2.000000000 2
1236 1012 3 8192 2.000000000 2
1236 1056 3 8192 2.000000000 2
1236 1088 3 8192 2.000000000 2
1236 1120 3 8192 2.000000000 2
1236 1124 3 8192 2.000000000 2
1236 1148 3 8192 2.000000000 2
1236 1180 3 8192 2.000000000 2
1236 1184 3 8192 2.000000000 2
1236 1200 3 8192 2.000000000 2
1236 1208 3 8192 2.000000000 2
1236 1216 3 8192 2.000000000 2
1236 1244 3 8192 2.000000000 2
1236 1252 3 8192 2.000000000 2
1236 1260 3 8192 2.000000000 2
1236 1272 3 8192 2.000000000 2
1236 1276 3 8192 2.000000000 2
1240 52 3 8192 2.000000000 2
1240 60 3 8192 2.000000000 2
1240 72 3 8192 2.000000000 2
1240 104 3 8192 2.000000000 2
1240 120 3 8192 2.000000000 2
1240 140 3 8192 2.000000000 2
1240 156 3 8192 2.000000000 2
1240 204 3 8192 2.000000000 2
1240 208 3 8192 2.000000000 2
1240 216 3 8192 2.000000000 2
1240 220 3 8192 2.000000000 2
1240 224 3 8192 2.000000000 2
1240 240 3 8192 2.000000000 2
1240 304 3 8192 2.000000000 2
1240 348 3 8192 2.000000000 2
1240 360 3 8192 2.000000000 2
1240 384 3 8192 2.000000000 2
1240 396 3 8192 2.000000000 2
1240 452 3 8192 2.000000000 2
1240 460 3 8192 2.000000000 2
1240 468 3 8192 2.000000000 2
1240 504 3 8192 2.000000000 2
1240 532 3 8192 2.000000000 2
1240 572 3 8192 2.000000000 2
1240 580 3 8192 2.000000000 2
1240 584 3 8192 2.000000000 2
1240 588 3 8192 2.000000000 2
1240 596 3 8192 2.000000000 2
1240 604 3 8192 2.000000000 2
1240 628 3 8192 2.000000000 2
1240 644 3 8192 2.000000000 2
1240 648 3 8192 2.000000000 2
1240 664 3 8192 2.000000000 2
1240 680 3 8192 2.000000000 2
1240 684 3 8192 2.000000000 2
1240 708 3 8192 2.000000000 2
1240 716 3 8192 2.000000000 2
1240 732 3 8192 2.000000000 2
1240 744 3 8192 2.000000000 2
1240 760 3 8192 2.000000000 2
1240 776 3 8192 2.000000000 2
1240 780 3 8192 2.000000000 2
1240 856 3 8192 2.000000000 2
1240 872 3 8192 2.000000000 2
1240 904 3 8192 2.000000000 2
1240 964 3 8192 2.000000000 2
1240 968 3 8192 2.000000000 2
1240 980 3 8192 2.000000000 2
1240 992 3 8192 2.000000000 2
1240 1008 3 8192 2.000000000 2
1240 1056 3 8192 2.000000000 2
1240 1084 3 8192 2.000000000 2
1240 1096 3 8192 2.000000000 2
1240 1120 3 8192 2.000000000 2
1240 1140 3 8192 2.000000000 2
1240 1148 3 8192 2.000000000 2
1240 1156 3 8192 2.000000000 2
1240 1200 3 8192 2.000000000 2
1240 1220 3 8192 2.000000000 2
1240 1228 3 8192 2.000000000 2
1240 1236 3 8192 2.000000000 2
1240 1248 3 8192 2.000000000 2
1240 1260 3 8192 2.000000000 2
1240 1272 3 8192 2.000000000 2
1244 0 3 8192 2.000000000 2
1244 4 3 8192 2.000000000 2
1244 28 3 8192 2.000000000 2
1244 60 3 8192 2.000000000 2
1244 68 3 8192 2.000000000 2
1244 100 3 8192 2.000000000 2
1244 136 3 8192 2.000000000 2
1244 164 3 8192 2.000000000 2
1244 196 3 8192 2.000000000 2
1244 200 3 8192 2.000000000 2
1244 220 3 8192 2.000000000 2
1244 224 3 8192 2.000000000 2
1244 232 3 8192 2.000000000 2
1244 244 3 8192 2.000000000 2
1244 252 3 8192 2.000000000 2
1244 260 3 8192 2.000000000 2
1244 264 3 8192 2.000000000 2
1244 276 3 8192 2.000000000 2
1244 296 3 8192 2.000000000 2
1244 300 3 8192 2.000000000 2
1244 304 3 8192 2.000000000 2
1244 312 3 8192 2.000000000 2
1244 348 3 8192 2.000000000 2
1244 372 3 8192 2.000000000 2
1244 412 3 8192 2.000000000 2
1244 420 3 8192 2.000000000 2
1244 432 3 8192 2.000000000 2
1244 476 3 8192 2.000000000 2
1244 480 3 8192 2.000000000 2
1244 492 3 8192 2.000000000 2
1244 516 3 8192 2.000000000 2
1244 524 3 8192 2.000000000 2
1244 552 3 8192 2.000000000 2
1244 608 3 8192 2.000000000 2
1244 628 3 8192 2.000000000 2
1244 644 3 8192 2.000000000 2
1244 688 3 8192 2.000000000 2
1244 720 3 8192 2.000000000 2
1244 768 3 8192 2.000000000 2
1244 784 3 8192 2.000000000 2
1244 804 3 8192 2.000000000 2
1244 808 3 8192 2.000000000 2
1244 820 3 8192 2.000000000 2
1244 856 3 8192 2.000000000 2
1244 888 3 8192 2.000000000 2
1244 912 3 8192 2.000000000 2
1244 920 3 8192 2.000000000 2
1244 968 3 8192 2.000000000 2
1244 980 3 8192 2.000000000 2
1244 984 3 8192 2.000000000 2
1244 1000 3 8192 2.000000000 2
1244 1060 3 8192 2.000000000 2
1244 1072 3 8192 2.000000000 2
1244 1128 3 8192 2.000000000 2
1244 1152 3 8192 2.000000000 2
1244 1164 3 8192 2.000000000 2
1244 1168 3 8192 2.000000000 2
1244 1172 3 8192 2.000000000 2
1244 1180 3 8192 2.000000000 2
1244 1200 3 8192 2.000000000 2
1244 1204 3 8192 2.000000000 2
1244 1228 3 8192 2.000000000 2
1244 1252 3 8192 2.000000000 2
1244 1260 3 8192 2.000000000 2
1248 32 3 8192 2.000000000 2
1248 48 3 8192 2.000000000 2
1248 80 3 8192 2.000000000 2
1248 84 3 8192 2.000000000 2
1248 156 3 8192 2.000000000 2
1248 160 3 8192 2.000000000 2
1248 164 3 8192 2.000000000 2
1248 172 3 8192 2.000000000 2
1248 176 3 8192 2.000000000 2
1248 196 3 8192 2.000000000 2
1248 212 3 8192 2.000000000 2
1248 216 3 8192 2.000000000 2
1248 220 3 8192 2.000000000 2
1248 244 3 8192 2.000000000 2
1248 260 3 8192 2.000000000 2
1248 276 3 8192 2.000000000 2
1248 312 3 8192 2.000000000 2
1248 328 3 8192 2.000000000 2
1248 388 3 8192 2.000000000 2
1248 420 3 8192 2.000000000 2
1248 440 3 8192 2.000000000 2
1248 444 3 8192 2.000000000 2
1248 464 3 8192 2.000000000 2
1248 472 3 8192 2.000000000 2
1248 476 3 8192 2.000000000 2
1248 480 3 8192 2.000000000 2
1248 536 3 8192 2.000000000 2
1248 544 3 8192 2.000000000 2
1248 552 3 8192 2.000000000 2
1248 588 3 8192 2.000000000 2
1248 596 3 8192 2.000000000 2
1248 600 3 8192 2.000000000 2
1248 612 3 8192 2.000000000 2
1248 616 3 8192 2.000000000 2
1248 624 3 8192 2.000000000 2
1248 664 3 8192 2.000000000 2
1248 708 3 8192 2.000000000 2
1248 720 3 8192 2.000000000 2
1248 724 3 8192 2.000000000 2
1248 744 3 8192 2.000000000 2
1248 756 3 8192 2.000000000 2
1248 760 3 8192 2.000000000 2
1248 796 3 8192 2.000000000 2
1248 876 3 8192 2.000000000 2
1248 880 3 8192 2.000000000 2
1248 924 3 8192 2.000000000 2
1248 948 3 8192 2.000000000 2
1248 984 3 8192 2.000000000 2
1248 992 3 8192 2.000000000 2
1248 1024 3 8192 2.000000000 2
1248 1044 3 8192 2.000000000 2
1248 1084 3 8192 2.000000000 2
1248 1120 3 8192 2.000000000 2
1248 1148 3 8192 2.000000000 2
1248 1172 3 8192 2.000000000 2
1248 1188 3 8192 2.000000000 2
1248 1192 3 8192 2.000000000 2
1248 1208 3 8192 2.000000000 2
1248 1224 3 8192 2.000000000 2
1248 1240 3 8192 2.000000000 2
1248 1244 3 8192 2.000000000 2
1248 1256 3 8192 2.000000000 2
1248 1260 3 8192 2.000000000 2
1248 1264 3 8192 2.000000000 2
1252 4 3 8192 2.000000000 2
1252 32 3 8192 2.000000000 2
1252 52 3 8192 2.000000000 2
1252 72 3 8192 2.000000000 2
1252 80 3 8192 2.000000000 2
1252 88 3 8192 2.000000000 2
1252 92 3 8192 2.000000000 2
1252 96 3 8192 2.000000000 2
1252 104 3 8192 2.000000000 2
1252 108 3 8192 2.000000000 2
1252 140 3 8192 2.000000000 2
1252 160 3 8192 2.000000000 2
1252 196 3 8192 2.000000000 2
1252 208 3 8192 2.000000000 2
1252 220 3 8192 2.000000000 2
1252 264 3 8192 2.000000000 2
1252 292 3 8192 2.000000000 2
1252 304 3 8192 2.000000000 2
1252 312 3 8192 2.000000000 2
1252 320 3 8192 2.000000000 2
1252 344 3 8192 2.000000000 2
1252 348 3 8192 2.000000000 2
1252 376 3 8192 2.000000000 2
1252 412 3 8192 2.000000000 2
1252 432 3 8192 2.000000000 2
1252 452 3 8192 2.000000000 2
1252 504 3 8192 2.000000000 2
1252 516 3 8192 2.000000000 2
1252 544 3 8192 2.000000000 2
1252 568 3 8192 2.000000000 2
1252 616 3 8192 2.000000000 2
1252 620 3 8192 2.000000000 2
1252 624 3 8192 2.000000000 2
1252 648 3 8192 2.000000000 2
1252 652 3 8192 2.000000000 2
1252 680 3 8192 2.000000000 2
1252 712 3 8192 2.000000000 2
1252 736 3 8192 2.000000000 2
1252 740 3 8192 2.000000000 2
1252 748 3 8192 2.000000000 2
1252 764 3 8192 2.000000000 2
1252 780 3 8192 2.000000000 2
1252 784 3 8192 2.000000000 2
1252 792 3 8192 2.000000000 2
1252 804 3 8192 2.000000000 2
1252 808 3 8192 2.000000000 2
1252 884 3 8192 2.000000000 2
1252 888 3 8192 2.000000000 2
1252 924 3 8192 2.000000000 2
1252 968 3 8192 2.000000000 2
1252 972 3 8192 2.000000000 2
1252 980 3 8192 2.000000000 2
1252 1000 3 8192 2.000000000 2
1252 1008 3 8192 2.000000000 2
1252 1052 3 8192 2.000000000 2
1252 1140 3 8192 2.000000000 2
1252 1160 3 8192 2.000000000 2
1252 1180 3 8192 2.000000000 2
1252 1184 3 8192 2.000000000 2
1252 1188 3 8192 2.000000000 2
1252 1212 3 8192 2.000000000 2
1252 1216 3 8192 2.000000000 2
1252 1256 3 8192 2.000000000 2
1252 1272 3 8192 2.000000000 2
1256 32 3 8192 2.000000000 2
1256 84 3 8192 2.000000000 2
1256 92 3 8192 2.000000000 2
1256 96 3 8192 2.000000000 2
1256 100 3 8192 2.000000000 2
1256 144 3 8192 2.000000000 2
1256 164 3 8192 2.000000000 2
1256 180 3 8192 2.000000000 2
1256 200 3 8192 2.000000000 2
1256 208 3 8192 2.000000000 2
1256 236 3 8192 2.000000000 2
1256 260 3 8192 2.000000000 2
1256 272 3 8192 2.000000000 2
1256 276 3 8192 2.000000000 2
1256 292 3 8192 2.000000000 2
1256 296 3 8192 2.000000000 2
1256 328 3 8192 2.000000000 2
1256 356 3 8192 2.000000000 2
1256 372 3 8192 2.000000000 2
1256 388 3 8192 2.000000000 2
1256 416 3 8192 2.000000000 2
1256 460 3 8192 2.000000000 2
1256 464 3 8192 2.000000000 2
1256 468 3 8192 2.000000000 2
1256 472 3 8192 2.000000000 2
1256 476 3 8192 2.000000000 2
1256 540 3 8192 2.000000000 2
1256 568 3 8192 2.000000000 2
1256 596 3 8192 2.000000000 2
1256 612 3 8192 2.000000000 2
1256 628 3 8192 2.000000000 2
1256 636 3 8192 2.000000000 2
1256 652 3 8192 2.000000000 2
1256 672 3 8192 2.000000000 2
1256 708 3 8192 2.000000000 2
1256 720 3 8192 2.000000000 2
1256 756 3 8192 2.000000000 2
1256 764 3 8192 2.000000000 2
1256 768 3 8192 2.000000000 2
1256 808 3 8192 2.000000000 2
1256 828 3 8192 2.000000000 2
1256 836 3 8192 2.000000000 2
1256 860 3 8192 2.000000000 2
1256 880 3 8192 2.000000000 2
1256 888 3 8192 2.000000000 2
1256 904 3 8192 2.000000000 2
1256 920 3 8192 2.000000000 2
1256 924 3 8192 2.000000000 2
1256 964 3 8192 2.000000000 2
1256 984 3 8192 2.000000000 2
1256 1000 3 8192 2.000000000 2
1256 1016 3 8192 2.000000000 2
1256 1044 3 8192 2.000000000 2
1256 1072 3 8192 2.000000000 2
1256 1088 3 8192 2.000000000 2
1256 1100 3 8192 2.000000000 2
1256 1112 3 8192 2.000000000 2
1256 1140 3 8192 2.000000000 2
1256 1160 3 8192 2.000000000 2
1256 1164 3 8192 2.000000000 2
1256 1168 3 8192 2.000000000 2
1256 1180 3 8192 2.000000000 2
1256 1208 3 8192 2.000000000 2
1256 1248 3 8192 2.000000000 2
1260 0 3 8192 2.000000000 2
1260 60 3 8192 2.000000000 2
1260 88 3 8192 2.000000000 2
1260 120 3 8192 2.000000000 2
1260 136 3 8192 2.000000000 2
1260 172 3 8192 2.000000000 2
1260 200 3 8192 2.000000000 2
1260 208 3 8192 2.000000000 2
1260 248 3 8192 2.000000000 2
1260 264 3 8192 2.000000000 2
1260 272 3 8192 2.000000000 2
1260 356 3 8192 2.000000000 2
1260 372 3 8192 2.000000000 2
1260 400 3 8192 2.000000000 2
1260 420 3 8192 2.000000000 2
1260 428 3 8192 2.000000000 2
1260 436 3 8192 2.000000000 2
1260 464 3 8192 2.000000000 2
1260 476 3 8192 2.000000000 2
1260 484 3 8192 2.000000000 2
1260 492 3 8192 2.000000000 2
1260 504 3 8192 2.000000000 2
1260 544 3 8192 2.000000000 2
1260 552 3 8192 2.000000000 2
1260 572 3 8192 2.000000000 2
1260 580 3 8192 2.000000000 2
1260 588 3 8192 2.000000000 2
1260 596 3 8192 2.000000000 2
1260 608 3 8192 2.000000000 2
1260 620 3 8192 2.000000000 2
1260 628 3 8192 2.000000000 2
1260 632 3 8192 2.000000000 2
1260 656 3 8192 2.000000000 2
1260 672 3 8192 2.000000000 2
1260 684 3 8192 2.000000000 2
1260 692 3 8192 2.000000000 2
1260 716 3 8192 2.000000000 2
1260 744 3 8192 2.000000000 2
1260 748 3 8192 2.000000000 2
1260 768 3 8192 2.000000000 2
1260 776 3 8192 2.000000000 2
1260 824 3 8192 2.000000000 2
1260 828 3 8192 2.000000000 2
1260 844 3 8192 2.000000000 2
1260 884 3 8192 2.000000000 2
1260 908 3 8192 2.000000000 2
1260 936 3 8192 2.000000000 2
1260 984 3 8192 2.000000000 2
1260 1008 3 8192 2.000000000 2
1260 1024 3 8192 2.000000000 2
1260 1044 3 8192 2.000000000 2
1260 1076 3 8192 2.000000000 2
1260 1104 3 8192 2.000000000 2
1260 1112 3 8192 2.000000000 2
1260 1120 3 8192 2.000000000 2
1260 1128 3 8192 2.000000000 2
1260 1148 3 8192 2.000000000 2
1260 1164 3 8192 2.000000000 2
1260 1208 3 8192 2.000000000 2
1260 1216 3 8192 2.000000000 2
1260 1224 3 8192 2.000000000 2
1260 1228 3 8192 2.000000000 2
1260 1244 3 8192 2.000000000 2
1260 1276 3 8192 2.000000000 2
1264 88 3 8192 2.000000000 2
1264 100 3 8192 2.000000000 2
1264 104 3 8192 2.000000000 2
1264 140 3 8192 2.000000000 2
1264 156 3 8192 2.000000000 2
1264 216 3 8192 2.000000000 2
1264 240 3 8192 2.000000000 2
1264 252 3 8192 2.000000000 2
1264 272 3 8192 2.000000000 2
1264 300 3 8192 2.000000000 2
1264 312 3 8192 2.000000000 2
1264 320 3 8192 2.000000000 2
1264 328 3 8192 2.000000000 2
1264 348 3 8192 2.000000000 2
1264 380 3 8192 2.000000000 2
1264 412 3 8192 2.000000000 2
1264 428 3 8192 2.000000000 2
1264 432 3 8192 2.000000000 2
1264 436 3 8192 2.000000000 2
1264 464 3 8192 2.000000000 2
1264 488 3 8192 2.000000000 2
1264 520 3 8192 2.000000000 2
1264 524 3 8192 2.000000000 2
1264 584 3 8192 2.000000000 2
1264 604 3 8192 2.000000000 2
1264 616 3 8192 2.000000000 2
1264 628 3 8192 2.000000000 2
1264 632 3 8192 2.000000000 2
1264 652 3 8192 2.000000000 2
1264 656 3 8192 2.000000000 2
1264 668 3 8192 2.000000000 2
1264 680 3 8192 2.000000000 2
1264 692 3 8192 2.000000000 2
1264 712 3 8192 2.000000000 2
1264 728 3 8192 2.000000000 2
1264 736 3 8192 2.000000000 2
1264 756 3 8192 2.000000000 2
1264 768 3 8192 2.000000000 2
1264 792 3 8192 2.000000000 2
1264 828 3 8192 2.000000000 2
1264 844 3 8192 2.000000000 2
1264 888 3 8192 2.000000000 2
1264 896 3 8192 2.000000000 2
1264 940 3 8192 2.000000000 2
1264 948 3 8192 2.000000000 2
1264 968 3 8192 2.000000000 2
1264 972 3 8192 2.000000000 2
1264 1008 3 8192 2.000000000 2
1264 1016 3 8192 2.000000000 2
1264 1024 3 8192 2.000000000 2
1264 1052 3 8192 2.000000000 2
1264 1072 3 8192 2.000000000 2
1264 1084 3 8192 2.000000000 2
1264 1100 3 8192 2.000000000 2
1264 1112 3 8192 2.000000000 2
1264 1128 3 8192 2.000000000 2
1264 1160 3 8192 2.000000000 2
1264 1172 3 8192 2.000000000 2
1264 1180 3 8192 2.000000000 2
1264 1200 3 8192 2.000000000 2
1264 1220 3 8192 2.000000000 2
1264 1228 3 8192 2.000000000 2
1264 1240 3 8192 2.000000000 2
1264 1252 3 8192 2.000000000 2
1272 4 3 8192 2.000000000 2
1272 48 3 8192 2.000000000 2
1272 52 3 8192 2.000000000 2
1272 60 3 8192 2.000000000 2
1272 68 3 8192 2.000000000 2
1272 76 3 8192 2.000000000 2
1272 80 3 8192 2.000000000 2
1272 84 3 8192 2.000000000 2
1272 88 3 8192 2.000000000 2
1272 96 3 8192 2.000000000 2
1272 108 3 8192 2.000000000 2
1272 116 3 8192 2.000000000 2
1272 140 3 8192 2.000000000 2
1272 152 3 8192 2.000000000 2
1272 196 3 8192 2.000000000 2
1272 220 3 8192 2.000000000 2
1272 236 3 8192 2.000000000 2
1272 320 3 8192 2.000000000 2
1272 324 3 8192 2.000000000 2
1272 344 3 8192 2.000000000 2
1272 416 3 8192 2.000000000 2
1272 440 3 8192 2.000000000 2
1272 476 3 8192 2.000000000 2
1272 480 3 8192 2.000000000 2
1272 488 3 8192 2.000000000 2
1272 492 3 8192 2.000000000 2
1272 504 3 8192 2.000000000 2
1272 516 3 8192 2.000000000 2
1272 528 3 8192 2.000000000 2
1272 532 3 8192 2.000000000 2
1272 536 3 8192 2.000000000 2
1272 580 3 8192 2.000000000 2
1272 584 3 8192 2.000000000 2
1272 596 3 8192 2.000000000 2
1272 604 3 8192 2.000000000 2
1272 616 3 8192 2.000000000 2
1272 628 3 8192 2.000000000 2
1272 640 3 8192 2.000000000 2
1272 668 3 8192 2.000000000 2
1272 692 3 8192 2.000000000 2
1272 708 3 8192 2.000000000 2
1272 728 3 8192 2.000000000 2
1272 744 3 8192 2.000000000 2
1272 760 3 8192 2.000000000 2
1272 768 3 8192 2.000000000 2
1272 780 3 8192 2.000000000 2
1272 804 3 8192 2.000000000 2
1272 836 3 8192 2.000000000 2
1272 844 3 8192 2.000000000 2
1272 860 3 8192 2.000000000 2
1272 872 3 8192 2.000000000 2
1272 908 3 8192 2.000000000 2
1272 924 3 8192 2.000000000 2
1272 1040 3 8192 2.000000000 2
1272 1088 3 8192 2.000000000 2
1272 1112 3 8192 2.000000000 2
1272 1152 3 8192 2.000000000 2
1272 1156 3 8192 2.000000000 2
1272 1176 3 8192 2.000000000 2
1272 1184 3 8192 2.000000000 2
1272 1188 3 8192 2.000000000 2
1272 1196 3 8192 2.000000000 2
1272 1240 3 8192 2.000000000 2
1272 1244 3 8192 2.000000000 2
1276 76 3 8192 2.000000000 2
1276 88 3 8192 2.000000000 2
1276 100 3 8192 2.000000000 2
1276 120 3 8192 2.000000000 2
1276 136 3 8192 2.000000000 2
1276 140 3 8192 2.000000000 2
1276 172 3 8192 2.000000000 2
1276 180 3 8192 2.000000000 2
1276 196 3 8192 2.000000000 2
1276 240 3 8192 2.000000000 2
1276 248 3 8192 2.000000000 2
1276 272 3 8192 2.000000000 2
1276 292 3 8192 2.000000000 2
1276 324 3 8192 2.000000000 2
1276 364 3 8192 2.000000000 2
1276 384 3 8192 2.000000000 2
1276 400 3 8192 2.000000000 2
1276 416 3 8192 2.000000000 2
1276 420 3 8192 2.000000000 2
1276 444 3 8192 2.000000000 2
1276 460 3 8192 2.000000000 2
1276 476 3 8192 2.000000000 2
1276 532 3 8192 2.000000000 2
1276 548 3 8192 2.000000000 2
1276 552 3 8192 2.000000000 2
1276 580 3 8192 2.000000000 2
1276 588 3 8192 2.000000000 2
1276 596 3 8192 2.000000000 2
1276 600 3 8192 2.000000000 2
1276 616 3 8192 2.000000000 2
1276 624 3 8192 2.000000000 2
1276 636 3 8192 2.000000000 2
1276 640 3 8192 2.000000000 2
1276 656 3 8192 2.000000000 2
1276 664 3 8192 2.000000000 2
1276 688 3 8192 2.000000000 2
1276 724 3 8192 2.000000000 2
1276 732 3 8192 2.000000000 2
1276 780 3 8192 2.000000000 2
1276 784 3 8192 2.000000000 2
1276 828 3 8192 2.000000000 2
1276 832 3 8192 2.000000000 2
1276 872 3 8192 2.000000000 2
1276 876 3 8192 2.000000000 2
1276 896 3 8192 2.000000000 2
1276 908 3 8192 2.000000000 2
1276 920 3 8192 2.000000000 2
1276 932 3 8192 2.000000000 2
1276 940 3 8192 2.000000000 2
1276 980 3 8192 2.000000000 2
1276 984 3 8192 2.000000000 2
1276 1016 3 8192 2.000000000 2
1276 1056 3 8192 2.000000000 2
1276 1072 3 8192 2.000000000 2
1276 1120 3 8192 2.000000000 2
1276 1156 3 8192 2.000000000 2
1276 1176 3 8192 2.000000000 2
1276 1180 3 8192 2.000000000 2
1276 1200 3 8192 2.000000000 2
1276 1204 3 8192 2.000000000 2
1276 1212 3 8192 2.000000000 2
1276 1216 3 8192 2.000000000 2
1276 1248 3 8192 2.000000000 2
1276 1252 3 8192 2.000000000 2
