16512
1188 220 3 8388608 2.000000000 1
924 824 3 8388608 2.000000000 1
228 868 3 8388608 2.000000000 1
1172 480 3 8388608 2.000000000 1
756 648 3 8388608 2.000000000 1
344 188 3 8388608 2.000000000 1
332 44 3 8388608 2.000000000 1
1248 1132 3 8388608 2.000000000 1
1064 924 3 8388608 2.000000000 1
1168 104 3 8388608 2.000000000 1
84 576 3 8388608 2.000000000 1
80 184 3 8388608 2.000000000 1
512 524 3 8388608 2.000000000 1
404 576 3 8388608 2.000000000 1
248 1172 3 8388608 2.000000000 1
44 1188 3 8388608 2.000000000 1
104 140 3 8388608 2.000000000 1
704 756 3 8388608 2.000000000 1
1132 1120 3 8388608 2.000000000 1
944 252 3 8388608 2.000000000 1
184 1200 3 8388608 2.000000000 1
584 236 3 8388608 2.000000000 1
1120 1064 3 8388608 2.000000000 1
1116 696 3 8388608 2.000000000 1
480 332 3 8388608 2.000000000 1
524 1248 3 8388608 2.000000000 1
236 524 3 8388608 2.000000000 1
1188 80 3 8388608 2.000000000 1
932 576 3 8388608 2.000000000 1
1248 80 3 8388608 2.000000000 1
1188 484 3 8388608 2.000000000 1
1132 928 3 8388608 2.000000000 1
876 484 3 8388608 2.000000000 1
756 236 3 8388608 2.000000000 1
832 1188 3 8388608 2.000000000 1
1124 832 3 8388608 2.000000000 1
648 1188 3 8388608 2.000000000 1
80 252 3 8388608 2.000000000 1
1064 484 3 8388608 2.000000000 1
924 696 3 8388608 2.000000000 1
932 84 3 8388608 2.000000000 1
184 924 3 8388608 2.000000000 1
576 1152 3 8388608 2.000000000 1
920 528 3 8388608 2.000000000 1
528 576 3 8388608 2.000000000 1
1064 140 3 8388608 2.000000000 1
140 808 3 8388608 2.000000000 1
932 716 3 8388608 2.000000000 1
140 84 3 8388608 2.000000000 1
648 300 3 8388608 2.000000000 1
820 1120 3 8388608 2.000000000 1
704 928 3 8388608 2.000000000 1
932 1132 3 8388608 2.000000000 1
44 252 3 8388608 2.000000000 1
44 716 3 8388608 2.000000000 1
300 480 3 8388608 2.000000000 1
824 584 3 8388608 2.000000000 1
1124 248 3 8388608 2.000000000 1
528 220 3 8388608 2.000000000 1
480 1120 3 8388608 2.000000000 1
696 188 3 8388608 2.000000000 1
1200 168 3 8388608 2.000000000 1
932 300 3 8388608 2.000000000 1
876 868 3 8388608 2.000000000 1
236 1172 3 8388608 2.000000000 1
936 528 3 8388608 2.000000000 1
716 1240 3 8388608 2.000000000 1
584 696 3 8388608 2.000000000 1
1188 168 3 8388608 2.000000000 1
648 524 3 8388608 2.000000000 1
700 1132 3 8388608 2.000000000 1
832 576 3 8388608 2.000000000 1
184 232 3 8388608 2.000000000 1
88 1188 3 8388608 2.000000000 1
236 700 3 8388608 2.000000000 1
168 512 3 8388608 2.000000000 1
248 932 3 8388608 2.000000000 1
484 524 3 8388608 2.000000000 1
1064 228 3 8388608 2.000000000 1
728 344 3 8388608 2.000000000 1
1240 220 3 8388608 2.000000000 1
936 236 3 8388608 2.000000000 1
1120 140 3 8388608 2.000000000 1
1064 480 3 8388608 2.000000000 1
140 464 3 8388608 2.000000000 1
1240 648 3 8388608 2.000000000 1
344 1200 3 8388608 2.000000000 1
756 1232 3 8388608 2.000000000 1
220 404 3 8388608 2.000000000 1
104 920 3 8388608 2.000000000 1
932 1168 3 8388608 2.000000000 1
344 168 3 8388608 2.000000000 1
756 1240 3 8388608 2.000000000 1
1132 1124 3 8388608 2.000000000 1
696 1240 3 8388608 2.000000000 1
140 1116 3 8388608 2.000000000 1
248 824 3 8388608 2.000000000 1
464 924 3 8388608 2.000000000 1
1172 808 3 8388608 2.000000000 1
228 820 3 8388608 2.000000000 1
1188 480 3 8388608 2.000000000 1
80 144 3 8388608 2.000000000 1
1116 1132 3 8388608 2.000000000 1
344 512 3 8388608 2.000000000 1
168 1064 3 8388608 2.000000000 1
80 1168 3 8388608 2.000000000 1
236 1120 3 8388608 2.000000000 1
512 776 3 8388608 2.000000000 1
332 1116 3 8388608 2.000000000 1
1116 572 3 8388608 2.000000000 1
1152 1188 3 8388608 2.000000000 1
236 88 3 8388608 2.000000000 1
1064 1120 3 8388608 2.000000000 1
1136 144 3 8388608 2.000000000 1
576 716 3 8388608 2.000000000 1
820 924 3 8388608 2.000000000 1
232 480 3 8388608 2.000000000 1
168 1200 3 8388608 2.000000000 1
1124 528 3 8388608 2.000000000 1
300 484 3 8388608 2.000000000 1
248 868 3 8388608 2.000000000 1
1188 1152 3 8388608 2.000000000 1
168 332 3 8388608 2.000000000 1
344 704 3 8388608 2.000000000 1
808 576 3 8388608 2.000000000 1
704 824 3 8388608 2.000000000 1
868 820 3 8388608 2.000000000 1
1168 188 3 8388608 2.000000000 1
0 20 3 8192 2.000000000 2
0 48 3 8192 2.000000000 2
0 72 3 8192 2.000000000 2
0 92 3 8192 2.000000000 2
0 100 3 8192 2.000000000 2
0 128 3 8192 2.000000000 2
0 136 3 8192 2.000000000 2
0 176 3 8192 2.000000000 2
0 204 3 8192 2.000000000 2
0 244 3 8192 2.000000000 2
0 256 3 8192 2.000000000 2
0 272 3 8192 2.000000000 2
0 276 3 8192 2.000000000 2
0 296 3 8192 2.000000000 2
0 320 3 8192 2.000000000 2
0 348 3 8192 2.000000000 2
0 360 3 8192 2.000000000 2
0 364 3 8192 2.000000000 2
0 412 3 8192 2.000000000 2
0 420 3 8192 2.000000000 2
0 432 3 8192 2.000000000 2
0 452 3 8192 2.000000000 2
0 504 3 8192 2.000000000 2
0 508 3 8192 2.000000000 2
0 536 3 8192 2.000000000 2
0 564 3 8192 2.000000000 2
0 568 3 8192 2.000000000 2
0 592 3 8192 2.000000000 2
0 624 3 8192 2.000000000 2
0 632 3 8192 2.000000000 2
0 644 3 8192 2.000000000 2
0 652 3 8192 2.000000000 2
0 660 3 8192 2.000000000 2
0 668 3 8192 2.000000000 2
0 672 3 8192 2.000000000 2
0 676 3 8192 2.000000000 2
0 680 3 8192 2.000000000 2
0 720 3 8192 2.000000000 2
0 736 3 8192 2.000000000 2
0 748 3 8192 2.000000000 2
0 816 3 8192 2.000000000 2
0 860 3 8192 2.000000000 2
0 864 3 8192 2.000000000 2
0 880 3 8192 2.000000000 2
0 908 3 8192 2.000000000 2
0 912 3 8192 2.000000000 2
0 956 3 8192 2.000000000 2
0 1012 3 8192 2.000000000 2
0 1016 3 8192 2.000000000 2
0 1020 3 8192 2.000000000 2
0 1036 3 8192 2.000000000 2
0 1040 3 8192 2.000000000 2
0 1044 3 8192 2.000000000 2
0 1072 3 8192 2.000000000 2
0 1080 3 8192 2.000000000 2
0 1092 3 8192 2.000000000 2
0 1096 3 8192 2.000000000 2
0 1128 3 8192 2.000000000 2
0 1148 3 8192 2.000000000 2
0 1180 3 8192 2.000000000 2
0 1216 3 8192 2.000000000 2
0 1220 3 8192 2.000000000 2
0 1244 3 8192 2.000000000 2
0 1252 3 8192 2.000000000 2
4 16 3 8192 2.000000000 2
4 28 3 8192 2.000000000 2
4 92 3 8192 2.000000000 2
4 96 3 8192 2.000000000 2
4 100 3 8192 2.000000000 2
4 108 3 8192 2.000000000 2
4 132 3 8192 2.000000000 2
4 136 3 8192 2.000000000 2
4 148 3 8192 2.000000000 2
4 172 3 8192 2.000000000 2
4 176 3 8192 2.000000000 2
4 180 3 8192 2.000000000 2
4 192 3 8192 2.000000000 2
4 240 3 8192 2.000000000 2
4 256 3 8192 2.000000000 2
4 260 3 8192 2.000000000 2
4 284 3 8192 2.000000000 2
4 288 3 8192 2.000000000 2
4 312 3 8192 2.000000000 2
4 380 3 8192 2.000000000 2
4 384 3 8192 2.000000000 2
4 400 3 8192 2.000000000 2
4 436 3 8192 2.000000000 2
4 444 3 8192 2.000000000 2
4 496 3 8192 2.000000000 2
4 536 3 8192 2.000000000 2
4 544 3 8192 2.000000000 2
4 552 3 8192 2.000000000 2
4 592 3 8192 2.000000000 2
4 604 3 8192 2.000000000 2
4 608 3 8192 2.000000000 2
4 628 3 8192 2.000000000 2
4 632 3 8192 2.000000000 2
4 656 3 8192 2.000000000 2
4 676 3 8192 2.000000000 2
4 680 3 8192 2.000000000 2
4 688 3 8192 2.000000000 2
4 752 3 8192 2.000000000 2
4 780 3 8192 2.000000000 2
4 784 3 8192 2.000000000 2
4 788 3 8192 2.000000000 2
4 856 3 8192 2.000000000 2
4 860 3 8192 2.000000000 2
4 864 3 8192 2.000000000 2
4 880 3 8192 2.000000000 2
4 892 3 8192 2.000000000 2
4 948 3 8192 2.000000000 2
4 968 3 8192 2.000000000 2
4 976 3 8192 2.000000000 2
4 980 3 8192 2.000000000 2
4 984 3 8192 2.000000000 2
4 1004 3 8192 2.000000000 2
4 1024 3 8192 2.000000000 2
4 1032 3 8192 2.000000000 2
4 1072 3 8192 2.000000000 2
4 1092 3 8192 2.000000000 2
4 1096 3 8192 2.000000000 2
4 1100 3 8192 2.000000000 2
4 1148 3 8192 2.000000000 2
4 1160 3 8192 2.000000000 2
4 1216 3 8192 2.000000000 2
4 1244 3 8192 2.000000000 2
4 1260 3 8192 2.000000000 2
4 1264 3 8192 2.000000000 2
8 16 3 8192 2.000000000 2
8 20 3 8192 2.000000000 2
8 52 3 8192 2.000000000 2
8 96 3 8192 2.000000000 2
8 108 3 8192 2.000000000 2
8 112 3 8192 2.000000000 2
8 120 3 8192 2.000000000 2
8 128 3 8192 2.000000000 2
8 132 3 8192 2.000000000 2
8 152 3 8192 2.000000000 2
8 176 3 8192 2.000000000 2
8 196 3 8192 2.000000000 2
8 208 3 8192 2.000000000 2
8 216 3 8192 2.000000000 2
8 244 3 8192 2.000000000 2
8 256 3 8192 2.000000000 2
8 296 3 8192 2.000000000 2
8 356 3 8192 2.000000000 2
8 368 3 8192 2.000000000 2
8 376 3 8192 2.000000000 2
8 396 3 8192 2.000000000 2
8 416 3 8192 2.000000000 2
8 428 3 8192 2.000000000 2
8 432 3 8192 2.000000000 2
8 440 3 8192 2.000000000 2
8 460 3 8192 2.000000000 2
8 492 3 8192 2.000000000 2
8 540 3 8192 2.000000000 2
8 544 3 8192 2.000000000 2
8 556 3 8192 2.000000000 2
8 600 3 8192 2.000000000 2
8 604 3 8192 2.000000000 2
8 608 3 8192 2.000000000 2
8 640 3 8192 2.000000000 2
8 680 3 8192 2.000000000 2
8 712 3 8192 2.000000000 2
8 724 3 8192 2.000000000 2
8 760 3 8192 2.000000000 2
8 784 3 8192 2.000000000 2
8 796 3 8192 2.000000000 2
8 800 3 8192 2.000000000 2
8 812 3 8192 2.000000000 2
8 856 3 8192 2.000000000 2
8 860 3 8192 2.000000000 2
8 896 3 8192 2.000000000 2
8 904 3 8192 2.000000000 2
8 916 3 8192 2.000000000 2
8 948 3 8192 2.000000000 2
8 964 3 8192 2.000000000 2
8 980 3 8192 2.000000000 2
8 1004 3 8192 2.000000000 2
8 1028 3 8192 2.000000000 2
8 1032 3 8192 2.000000000 2
8 1040 3 8192 2.000000000 2
8 1080 3 8192 2.000000000 2
8 1100 3 8192 2.000000000 2
8 1104 3 8192 2.000000000 2
8 1112 3 8192 2.000000000 2
8 1128 3 8192 2.000000000 2
8 1164 3 8192 2.000000000 2
8 1228 3 8192 2.000000000 2
8 1244 3 8192 2.000000000 2
8 1252 3 8192 2.000000000 2
8 1256 3 8192 2.000000000 2
12 0 3 8192 2.000000000 2
12 72 3 8192 2.000000000 2
12 96 3 8192 2.000000000 2
12 124 3 8192 2.000000000 2
12 152 3 8192 2.000000000 2
12 156 3 8192 2.000000000 2
12 160 3 8192 2.000000000 2
12 172 3 8192 2.000000000 2
12 176 3 8192 2.000000000 2
12 192 3 8192 2.000000000 2
12 200 3 8192 2.000000000 2
12 224 3 8192 2.000000000 2
12 276 3 8192 2.000000000 2
12 320 3 8192 2.000000000 2
12 368 3 8192 2.000000000 2
12 376 3 8192 2.000000000 2
12 412 3 8192 2.000000000 2
12 416 3 8192 2.000000000 2
12 432 3 8192 2.000000000 2
12 448 3 8192 2.000000000 2
12 452 3 8192 2.000000000 2
12 488 3 8192 2.000000000 2
12 492 3 8192 2.000000000 2
12 500 3 8192 2.000000000 2
12 516 3 8192 2.000000000 2
12 540 3 8192 2.000000000 2
12 552 3 8192 2.000000000 2
12 560 3 8192 2.000000000 2
12 568 3 8192 2.000000000 2
12 588 3 8192 2.000000000 2
12 608 3 8192 2.000000000 2
12 620 3 8192 2.000000000 2
12 628 3 8192 2.000000000 2
12 664 3 8192 2.000000000 2
12 680 3 8192 2.000000000 2
12 720 3 8192 2.000000000 2
12 732 3 8192 2.000000000 2
12 752 3 8192 2.000000000 2
12 784 3 8192 2.000000000 2
12 788 3 8192 2.000000000 2
12 828 3 8192 2.000000000 2
12 856 3 8192 2.000000000 2
12 900 3 8192 2.000000000 2
12 916 3 8192 2.000000000 2
12 940 3 8192 2.000000000 2
12 952 3 8192 2.000000000 2
12 980 3 8192 2.000000000 2
12 1012 3 8192 2.000000000 2
12 1060 3 8192 2.000000000 2
12 1080 3 8192 2.000000000 2
12 1084 3 8192 2.000000000 2
12 1092 3 8192 2.000000000 2
12 1104 3 8192 2.000000000 2
12 1112 3 8192 2.000000000 2
12 1156 3 8192 2.000000000 2
12 1160 3 8192 2.000000000 2
12 1164 3 8192 2.000000000 2
12 1216 3 8192 2.000000000 2
12 1252 3 8192 2.000000000 2
12 1260 3 8192 2.000000000 2
12 1264 3 8192 2.000000000 2
12 1268 3 8192 2.000000000 2
12 1272 3 8192 2.000000000 2
12 1276 3 8192 2.000000000 2
16 12 3 8192 2.000000000 2
16 20 3 8192 2.000000000 2
16 24 3 8192 2.000000000 2
16 28 3 8192 2.000000000 2
16 32 3 8192 2.000000000 2
16 60 3 8192 2.000000000 2
16 72 3 8192 2.000000000 2
16 76 3 8192 2.000000000 2
16 96 3 8192 2.000000000 2
16 108 3 8192 2.000000000 2
16 136 3 8192 2.000000000 2
16 156 3 8192 2.000000000 2
16 164 3 8192 2.000000000 2
16 172 3 8192 2.000000000 2
16 200 3 8192 2.000000000 2
16 208 3 8192 2.000000000 2
16 216 3 8192 2.000000000 2
16 244 3 8192 2.000000000 2
16 272 3 8192 2.000000000 2
16 276 3 8192 2.000000000 2
16 284 3 8192 2.000000000 2
16 308 3 8192 2.000000000 2
16 364 3 8192 2.000000000 2
16 376 3 8192 2.000000000 2
16 396 3 8192 2.000000000 2
16 400 3 8192 2.000000000 2
16 428 3 8192 2.000000000 2
16 444 3 8192 2.000000000 2
16 492 3 8192 2.000000000 2
16 508 3 8192 2.000000000 2
16 556 3 8192 2.000000000 2
16 568 3 8192 2.000000000 2
16 604 3 8192 2.000000000 2
16 616 3 8192 2.000000000 2
16 680 3 8192 2.000000000 2
16 684 3 8192 2.000000000 2
16 692 3 8192 2.000000000 2
16 724 3 8192 2.000000000 2
16 732 3 8192 2.000000000 2
16 748 3 8192 2.000000000 2
16 764 3 8192 2.000000000 2
16 800 3 8192 2.000000000 2
16 828 3 8192 2.000000000 2
16 848 3 8192 2.000000000 2
16 852 3 8192 2.000000000 2
16 908 3 8192 2.000000000 2
16 992 3 8192 2.000000000 2
16 996 3 8192 2.000000000 2
16 1000 3 8192 2.000000000 2
16 1024 3 8192 2.000000000 2
16 1028 3 8192 2.000000000 2
16 1036 3 8192 2.000000000 2
16 1048 3 8192 2.000000000 2
16 1072 3 8192 2.000000000 2
16 1076 3 8192 2.000000000 2
16 1080 3 8192 2.000000000 2
16 1088 3 8192 2.000000000 2
16 1096 3 8192 2.000000000 2
16 1112 3 8192 2.000000000 2
16 1128 3 8192 2.000000000 2
16 1148 3 8192 2.000000000 2
16 1192 3 8192 2.000000000 2
16 1212 3 8192 2.000000000 2
16 1228 3 8192 2.000000000 2
20 4 3 8192 2.000000000 2
20 60 3 8192 2.000000000 2
20 68 3 8192 2.000000000 2
20 108 3 8192 2.000000000 2
20 128 3 8192 2.000000000 2
20 132 3 8192 2.000000000 2
20 136 3 8192 2.000000000 2
20 180 3 8192 2.000000000 2
20 200 3 8192 2.000000000 2
20 208 3 8192 2.000000000 2
20 244 3 8192 2.000000000 2
20 260 3 8192 2.000000000 2
20 304 3 8192 2.000000000 2
20 308 3 8192 2.000000000 2
20 360 3 8192 2.000000000 2
20 364 3 8192 2.000000000 2
20 368 3 8192 2.000000000 2
20 372 3 8192 2.000000000 2
20 376 3 8192 2.000000000 2
20 432 3 8192 2.000000000 2
20 448 3 8192 2.000000000 2
20 452 3 8192 2.000000000 2
20 456 3 8192 2.000000000 2
20 468 3 8192 2.000000000 2
20 476 3 8192 2.000000000 2
20 492 3 8192 2.000000000 2
20 504 3 8192 2.000000000 2
20 516 3 8192 2.000000000 2
20 536 3 8192 2.000000000 2
20 592 3 8192 2.000000000 2
20 596 3 8192 2.000000000 2
20 624 3 8192 2.000000000 2
20 644 3 8192 2.000000000 2
20 688 3 8192 2.000000000 2
20 708 3 8192 2.000000000 2
20 720 3 8192 2.000000000 2
20 740 3 8192 2.000000000 2
20 748 3 8192 2.000000000 2
20 752 3 8192 2.000000000 2
20 772 3 8192 2.000000000 2
20 900 3 8192 2.000000000 2
20 960 3 8192 2.000000000 2
20 980 3 8192 2.000000000 2
20 984 3 8192 2.000000000 2
20 988 3 8192 2.000000000 2
20 1008 3 8192 2.000000000 2
20 1012 3 8192 2.000000000 2
20 1048 3 8192 2.000000000 2
20 1080 3 8192 2.000000000 2
20 1084 3 8192 2.000000000 2
20 1088 3 8192 2.000000000 2
20 1096 3 8192 2.000000000 2
20 1104 3 8192 2.000000000 2
20 1148 3 8192 2.000000000 2
20 1160 3 8192 2.000000000 2
20 1176 3 8192 2.000000000 2
20 1192 3 8192 2.000000000 2
20 1212 3 8192 2.000000000 2
20 1220 3 8192 2.000000000 2
20 1224 3 8192 2.000000000 2
20 1244 3 8192 2.000000000 2
20 1256 3 8192 2.000000000 2
20 1260 3 8192 2.000000000 2
20 1268 3 8192 2.000000000 2
24 32 3 8192 2.000000000 2
24 36 3 8192 2.000000000 2
24 48 3 8192 2.000000000 2
24 76 3 8192 2.000000000 2
24 116 3 8192 2.000000000 2
24 132 3 8192 2.000000000 2
24 160 3 8192 2.000000000 2
24 192 3 8192 2.000000000 2
24 268 3 8192 2.000000000 2
24 296 3 8192 2.000000000 2
24 304 3 8192 2.000000000 2
24 324 3 8192 2.000000000 2
24 336 3 8192 2.000000000 2
24 340 3 8192 2.000000000 2
24 348 3 8192 2.000000000 2
24 360 3 8192 2.000000000 2
24 440 3 8192 2.000000000 2
24 452 3 8192 2.000000000 2
24 468 3 8192 2.000000000 2
24 476 3 8192 2.000000000 2
24 496 3 8192 2.000000000 2
24 500 3 8192 2.000000000 2
24 560 3 8192 2.000000000 2
24 580 3 8192 2.000000000 2
24 620 3 8192 2.000000000 2
24 632 3 8192 2.000000000 2
24 640 3 8192 2.000000000 2
24 644 3 8192 2.000000000 2
24 656 3 8192 2.000000000 2
24 660 3 8192 2.000000000 2
24 676 3 8192 2.000000000 2
24 740 3 8192 2.000000000 2
24 744 3 8192 2.000000000 2
24 768 3 8192 2.000000000 2
24 784 3 8192 2.000000000 2
24 800 3 8192 2.000000000 2
24 828 3 8192 2.000000000 2
24 836 3 8192 2.000000000 2
24 840 3 8192 2.000000000 2
24 848 3 8192 2.000000000 2
24 852 3 8192 2.000000000 2
24 904 3 8192 2.000000000 2
24 908 3 8192 2.000000000 2
24 960 3 8192 2.000000000 2
24 964 3 8192 2.000000000 2
24 972 3 8192 2.000000000 2
24 988 3 8192 2.000000000 2
24 1016 3 8192 2.000000000 2
24 1028 3 8192 2.000000000 2
24 1044 3 8192 2.000000000 2
24 1056 3 8192 2.000000000 2
24 1076 3 8192 2.000000000 2
24 1080 3 8192 2.000000000 2
24 1084 3 8192 2.000000000 2
24 1096 3 8192 2.000000000 2
24 1100 3 8192 2.000000000 2
24 1104 3 8192 2.000000000 2
24 1108 3 8192 2.000000000 2
24 1196 3 8192 2.000000000 2
24 1216 3 8192 2.000000000 2
24 1220 3 8192 2.000000000 2
24 1224 3 8192 2.000000000 2
24 1256 3 8192 2.000000000 2
24 1276 3 8192 2.000000000 2
28 8 3 8192 2.000000000 2
28 32 3 8192 2.000000000 2
28 64 3 8192 2.000000000 2
28 112 3 8192 2.000000000 2
28 120 3 8192 2.000000000 2
28 132 3 8192 2.000000000 2
28 152 3 8192 2.000000000 2
28 156 3 8192 2.000000000 2
28 160 3 8192 2.000000000 2
28 204 3 8192 2.000000000 2
28 244 3 8192 2.000000000 2
28 268 3 8192 2.000000000 2
28 280 3 8192 2.000000000 2
28 336 3 8192 2.000000000 2
28 368 3 8192 2.000000000 2
28 376 3 8192 2.000000000 2
28 380 3 8192 2.000000000 2
28 388 3 8192 2.000000000 2
28 412 3 8192 2.000000000 2
28 420 3 8192 2.000000000 2
28 436 3 8192 2.000000000 2
28 448 3 8192 2.000000000 2
28 460 3 8192 2.000000000 2
28 476 3 8192 2.000000000 2
28 508 3 8192 2.000000000 2
28 548 3 8192 2.000000000 2
28 552 3 8192 2.000000000 2
28 556 3 8192 2.000000000 2
28 580 3 8192 2.000000000 2
28 592 3 8192 2.000000000 2
28 628 3 8192 2.000000000 2
28 632 3 8192 2.000000000 2
28 644 3 8192 2.000000000 2
28 664 3 8192 2.000000000 2
28 760 3 8192 2.000000000 2
28 772 3 8192 2.000000000 2
28 780 3 8192 2.000000000 2
28 836 3 8192 2.000000000 2
28 844 3 8192 2.000000000 2
28 880 3 8192 2.000000000 2
28 884 3 8192 2.000000000 2
28 896 3 8192 2.000000000 2
28 908 3 8192 2.000000000 2
28 912 3 8192 2.000000000 2
28 976 3 8192 2.000000000 2
28 984 3 8192 2.000000000 2
28 988 3 8192 2.000000000 2
28 996 3 8192 2.000000000 2
28 1008 3 8192 2.000000000 2
28 1024 3 8192 2.000000000 2
28 1036 3 8192 2.000000000 2
28 1044 3 8192 2.000000000 2
28 1048 3 8192 2.000000000 2
28 1092 3 8192 2.000000000 2
28 1148 3 8192 2.000000000 2
28 1156 3 8192 2.000000000 2
28 1164 3 8192 2.000000000 2
28 1192 3 8192 2.000000000 2
28 1212 3 8192 2.000000000 2
28 1236 3 8192 2.000000000 2
28 1256 3 8192 2.000000000 2
28 1260 3 8192 2.000000000 2
28 1264 3 8192 2.000000000 2
28 1272 3 8192 2.000000000 2
32 12 3 8192 2.000000000 2
32 28 3 8192 2.000000000 2
32 60 3 8192 2.000000000 2
32 64 3 8192 2.000000000 2
32 100 3 8192 2.000000000 2
32 164 3 8192 2.000000000 2
32 200 3 8192 2.000000000 2
32 204 3 8192 2.000000000 2
32 240 3 8192 2.000000000 2
32 264 3 8192 2.000000000 2
32 276 3 8192 2.000000000 2
32 284 3 8192 2.000000000 2
32 288 3 8192 2.000000000 2
32 296 3 8192 2.000000000 2
32 328 3 8192 2.000000000 2
32 396 3 8192 2.000000000 2
32 416 3 8192 2.000000000 2
32 432 3 8192 2.000000000 2
32 440 3 8192 2.000000000 2
32 444 3 8192 2.000000000 2
32 456 3 8192 2.000000000 2
32 472 3 8192 2.000000000 2
32 488 3 8192 2.000000000 2
32 520 3 8192 2.000000000 2
32 548 3 8192 2.000000000 2
32 568 3 8192 2.000000000 2
32 604 3 8192 2.000000000 2
32 608 3 8192 2.000000000 2
32 612 3 8192 2.000000000 2
32 616 3 8192 2.000000000 2
32 628 3 8192 2.000000000 2
32 632 3 8192 2.000000000 2
32 676 3 8192 2.000000000 2
32 724 3 8192 2.000000000 2
32 740 3 8192 2.000000000 2
32 752 3 8192 2.000000000 2
32 764 3 8192 2.000000000 2
32 772 3 8192 2.000000000 2
32 792 3 8192 2.000000000 2
32 800 3 8192 2.000000000 2
32 812 3 8192 2.000000000 2
32 816 3 8192 2.000000000 2
32 872 3 8192 2.000000000 2
32 892 3 8192 2.000000000 2
32 900 3 8192 2.000000000 2
32 948 3 8192 2.000000000 2
32 956 3 8192 2.000000000 2
32 964 3 8192 2.000000000 2
32 992 3 8192 2.000000000 2
32 1004 3 8192 2.000000000 2
32 1008 3 8192 2.000000000 2
32 1020 3 8192 2.000000000 2
32 1024 3 8192 2.000000000 2
32 1056 3 8192 2.000000000 2
32 1076 3 8192 2.000000000 2
32 1080 3 8192 2.000000000 2
32 1088 3 8192 2.000000000 2
32 1096 3 8192 2.000000000 2
32 1100 3 8192 2.000000000 2
32 1144 3 8192 2.000000000 2
32 1156 3 8192 2.000000000 2
32 1180 3 8192 2.000000000 2
32 1192 3 8192 2.000000000 2
32 1204 3 8192 2.000000000 2
36 0 3 8192 2.000000000 2
36 28 3 8192 2.000000000 2
36 48 3 8192 2.000000000 2
36 68 3 8192 2.000000000 2
36 112 3 8192 2.000000000 2
36 132 3 8192 2.000000000 2
36 156 3 8192 2.000000000 2
36 164 3 8192 2.000000000 2
36 172 3 8192 2.000000000 2
36 200 3 8192 2.000000000 2
36 224 3 8192 2.000000000 2
36 256 3 8192 2.000000000 2
36 268 3 8192 2.000000000 2
36 316 3 8192 2.000000000 2
36 324 3 8192 2.000000000 2
36 328 3 8192 2.000000000 2
36 340 3 8192 2.000000000 2
36 356 3 8192 2.000000000 2
36 376 3 8192 2.000000000 2
36 384 3 8192 2.000000000 2
36 388 3 8192 2.000000000 2
36 400 3 8192 2.000000000 2
36 456 3 8192 2.000000000 2
36 472 3 8192 2.000000000 2
36 532 3 8192 2.000000000 2
36 536 3 8192 2.000000000 2
36 592 3 8192 2.000000000 2
36 596 3 8192 2.000000000 2
36 612 3 8192 2.000000000 2
36 640 3 8192 2.000000000 2
36 668 3 8192 2.000000000 2
36 752 3 8192 2.000000000 2
36 788 3 8192 2.000000000 2
36 800 3 8192 2.000000000 2
36 812 3 8192 2.000000000 2
36 816 3 8192 2.000000000 2
36 828 3 8192 2.000000000 2
36 844 3 8192 2.000000000 2
36 848 3 8192 2.000000000 2
36 852 3 8192 2.000000000 2
36 856 3 8192 2.000000000 2
36 872 3 8192 2.000000000 2
36 888 3 8192 2.000000000 2
36 940 3 8192 2.000000000 2
36 976 3 8192 2.000000000 2
36 980 3 8192 2.000000000 2
36 984 3 8192 2.000000000 2
36 988 3 8192 2.000000000 2
36 1012 3 8192 2.000000000 2
36 1032 3 8192 2.000000000 2
36 1044 3 8192 2.000000000 2
36 1068 3 8192 2.000000000 2
36 1096 3 8192 2.000000000 2
36 1100 3 8192 2.000000000 2
36 1112 3 8192 2.000000000 2
36 1140 3 8192 2.000000000 2
36 1148 3 8192 2.000000000 2
36 1164 3 8192 2.000000000 2
36 1184 3 8192 2.000000000 2
36 1208 3 8192 2.000000000 2
36 1228 3 8192 2.000000000 2
36 1236 3 8192 2.000000000 2
36 1264 3 8192 2.000000000 2
36 1276 3 8192 2.000000000 2
40 0 3 8192 2.000000000 2
40 56 3 8192 2.000000000 2
40 60 3 8192 2.000000000 2
40 76 3 8192 2.000000000 2
40 92 3 8192 2.000000000 2
40 108 3 8192 2.000000000 2
40 160 3 8192 2.000000000 2
40 164 3 8192 2.000000000 2
40 180 3 8192 2.000000000 2
40 204 3 8192 2.000000000 2
40 216 3 8192 2.000000000 2
40 268 3 8192 2.000000000 2
40 272 3 8192 2.000000000 2
40 280 3 8192 2.000000000 2
40 288 3 8192 2.000000000 2
40 336 3 8192 2.000000000 2
40 348 3 8192 2.000000000 2
40 364 3 8192 2.000000000 2
40 368 3 8192 2.000000000 2
40 376 3 8192 2.000000000 2
40 380 3 8192 2.000000000 2
40 412 3 8192 2.000000000 2
40 416 3 8192 2.000000000 2
40 424 3 8192 2.000000000 2
40 428 3 8192 2.000000000 2
40 504 3 8192 2.000000000 2
40 544 3 8192 2.000000000 2
40 552 3 8192 2.000000000 2
40 556 3 8192 2.000000000 2
40 580 3 8192 2.000000000 2
40 596 3 8192 2.000000000 2
40 628 3 8192 2.000000000 2
40 664 3 8192 2.000000000 2
40 668 3 8192 2.000000000 2
40 724 3 8192 2.000000000 2
40 732 3 8192 2.000000000 2
40 744 3 8192 2.000000000 2
40 764 3 8192 2.000000000 2
40 780 3 8192 2.000000000 2
40 788 3 8192 2.000000000 2
40 792 3 8192 2.000000000 2
40 800 3 8192 2.000000000 2
40 856 3 8192 2.000000000 2
40 872 3 8192 2.000000000 2
40 904 3 8192 2.000000000 2
40 956 3 8192 2.000000000 2
40 964 3 8192 2.000000000 2
40 996 3 8192 2.000000000 2
40 1004 3 8192 2.000000000 2
40 1024 3 8192 2.000000000 2
40 1028 3 8192 2.000000000 2
40 1032 3 8192 2.000000000 2
40 1048 3 8192 2.000000000 2
40 1080 3 8192 2.000000000 2
40 1092 3 8192 2.000000000 2
40 1096 3 8192 2.000000000 2
40 1108 3 8192 2.000000000 2
40 1112 3 8192 2.000000000 2
40 1148 3 8192 2.000000000 2
40 1228 3 8192 2.000000000 2
40 1236 3 8192 2.000000000 2
40 1252 3 8192 2.000000000 2
40 1256 3 8192 2.000000000 2
40 1264 3 8192 2.000000000 2
48 24 3 8192 2.000000000 2
48 32 3 8192 2.000000000 2
48 60 3 8192 2.000000000 2
48 72 3 8192 2.000000000 2
48 108 3 8192 2.000000000 2
48 112 3 8192 2.000000000 2
48 132 3 8192 2.000000000 2
48 156 3 8192 2.000000000 2
48 172 3 8192 2.000000000 2
48 180 3 8192 2.000000000 2
48 192 3 8192 2.000000000 2
48 208 3 8192 2.000000000 2
48 216 3 8192 2.000000000 2
48 244 3 8192 2.000000000 2
48 256 3 8192 2.000000000 2
48 260 3 8192 2.000000000 2
48 276 3 8192 2.000000000 2
48 304 3 8192 2.000000000 2
48 340 3 8192 2.000000000 2
48 356 3 8192 2.000000000 2
48 360 3 8192 2.000000000 2
48 364 3 8192 2.000000000 2
48 372 3 8192 2.000000000 2
48 392 3 8192 2.000000000 2
48 420 3 8192 2.000000000 2
48 432 3 8192 2.000000000 2
48 436 3 8192 2.000000000 2
48 448 3 8192 2.000000000 2
48 476 3 8192 2.000000000 2
48 508 3 8192 2.000000000 2
48 536 3 8192 2.000000000 2
48 552 3 8192 2.000000000 2
48 556 3 8192 2.000000000 2
48 672 3 8192 2.000000000 2
48 708 3 8192 2.000000000 2
48 712 3 8192 2.000000000 2
48 736 3 8192 2.000000000 2
48 772 3 8192 2.000000000 2
48 780 3 8192 2.000000000 2
48 792 3 8192 2.000000000 2
48 816 3 8192 2.000000000 2
48 848 3 8192 2.000000000 2
48 860 3 8192 2.000000000 2
48 872 3 8192 2.000000000 2
48 892 3 8192 2.000000000 2
48 956 3 8192 2.000000000 2
48 960 3 8192 2.000000000 2
48 964 3 8192 2.000000000 2
48 1000 3 8192 2.000000000 2
48 1024 3 8192 2.000000000 2
48 1044 3 8192 2.000000000 2
48 1060 3 8192 2.000000000 2
48 1068 3 8192 2.000000000 2
48 1072 3 8192 2.000000000 2
48 1092 3 8192 2.000000000 2
48 1104 3 8192 2.000000000 2
48 1148 3 8192 2.000000000 2
48 1192 3 8192 2.000000000 2
48 1208 3 8192 2.000000000 2
48 1212 3 8192 2.000000000 2
48 1228 3 8192 2.000000000 2
48 1236 3 8192 2.000000000 2
48 1244 3 8192 2.000000000 2
48 1272 3 8192 2.000000000 2
52 4 3 8192 2.000000000 2
52 12 3 8192 2.000000000 2
52 20 3 8192 2.000000000 2
52 24 3 8192 2.000000000 2
52 36 3 8192 2.000000000 2
52 60 3 8192 2.000000000 2
52 92 3 8192 2.000000000 2
52 100 3 8192 2.000000000 2
52 120 3 8192 2.000000000 2
52 124 3 8192 2.000000000 2
52 164 3 8192 2.000000000 2
52 180 3 8192 2.000000000 2
52 200 3 8192 2.000000000 2
52 212 3 8192 2.000000000 2
52 244 3 8192 2.000000000 2
52 268 3 8192 2.000000000 2
52 276 3 8192 2.000000000 2
52 292 3 8192 2.000000000 2
52 308 3 8192 2.000000000 2
52 352 3 8192 2.000000000 2
52 356 3 8192 2.000000000 2
52 396 3 8192 2.000000000 2
52 428 3 8192 2.000000000 2
52 440 3 8192 2.000000000 2
52 500 3 8192 2.000000000 2
52 508 3 8192 2.000000000 2
52 516 3 8192 2.000000000 2
52 560 3 8192 2.000000000 2
52 600 3 8192 2.000000000 2
52 604 3 8192 2.000000000 2
52 620 3 8192 2.000000000 2
52 672 3 8192 2.000000000 2
52 680 3 8192 2.000000000 2
52 688 3 8192 2.000000000 2
52 712 3 8192 2.000000000 2
52 720 3 8192 2.000000000 2
52 752 3 8192 2.000000000 2
52 760 3 8192 2.000000000 2
52 812 3 8192 2.000000000 2
52 840 3 8192 2.000000000 2
52 848 3 8192 2.000000000 2
52 856 3 8192 2.000000000 2
52 872 3 8192 2.000000000 2
52 892 3 8192 2.000000000 2
52 900 3 8192 2.000000000 2
52 1020 3 8192 2.000000000 2
52 1032 3 8192 2.000000000 2
52 1044 3 8192 2.000000000 2
52 1056 3 8192 2.000000000 2
52 1060 3 8192 2.000000000 2
52 1076 3 8192 2.000000000 2
52 1088 3 8192 2.000000000 2
52 1096 3 8192 2.000000000 2
52 1100 3 8192 2.000000000 2
52 1128 3 8192 2.000000000 2
52 1144 3 8192 2.000000000 2
52 1148 3 8192 2.000000000 2
52 1176 3 8192 2.000000000 2
52 1208 3 8192 2.000000000 2
52 1216 3 8192 2.000000000 2
52 1224 3 8192 2.000000000 2
52 1256 3 8192 2.000000000 2
52 1272 3 8192 2.000000000 2
52 1276 3 8192 2.000000000 2
56 4 3 8192 2.000000000 2
56 8 3 8192 2.000000000 2
56 24 3 8192 2.000000000 2
56 28 3 8192 2.000000000 2
56 32 3 8192 2.000000000 2
56 36 3 8192 2.000000000 2
56 48 3 8192 2.000000000 2
56 68 3 8192 2.000000000 2
56 112 3 8192 2.000000000 2
56 120 3 8192 2.000000000 2
56 132 3 8192 2.000000000 2
56 136 3 8192 2.000000000 2
56 148 3 8192 2.000000000 2
56 192 3 8192 2.000000000 2
56 200 3 8192 2.000000000 2
56 224 3 8192 2.000000000 2
56 268 3 8192 2.000000000 2
56 280 3 8192 2.000000000 2
56 308 3 8192 2.000000000 2
56 312 3 8192 2.000000000 2
56 320 3 8192 2.000000000 2
56 348 3 8192 2.000000000 2
56 352 3 8192 2.000000000 2
56 424 3 8192 2.000000000 2
56 428 3 8192 2.000000000 2
56 444 3 8192 2.000000000 2
56 448 3 8192 2.000000000 2
56 456 3 8192 2.000000000 2
56 468 3 8192 2.000000000 2
56 488 3 8192 2.000000000 2
56 500 3 8192 2.000000000 2
56 516 3 8192 2.000000000 2
56 596 3 8192 2.000000000 2
56 612 3 8192 2.000000000 2
56 620 3 8192 2.000000000 2
56 628 3 8192 2.000000000 2
56 644 3 8192 2.000000000 2
56 652 3 8192 2.000000000 2
56 708 3 8192 2.000000000 2
56 720 3 8192 2.000000000 2
56 740 3 8192 2.000000000 2
56 748 3 8192 2.000000000 2
56 764 3 8192 2.000000000 2
56 780 3 8192 2.000000000 2
56 836 3 8192 2.000000000 2
56 860 3 8192 2.000000000 2
56 880 3 8192 2.000000000 2
56 908 3 8192 2.000000000 2
56 912 3 8192 2.000000000 2
56 940 3 8192 2.000000000 2
56 968 3 8192 2.000000000 2
56 992 3 8192 2.000000000 2
56 1060 3 8192 2.000000000 2
56 1068 3 8192 2.000000000 2
56 1080 3 8192 2.000000000 2
56 1088 3 8192 2.000000000 2
56 1104 3 8192 2.000000000 2
56 1108 3 8192 2.000000000 2
56 1112 3 8192 2.000000000 2
56 1148 3 8192 2.000000000 2
56 1164 3 8192 2.000000000 2
56 1184 3 8192 2.000000000 2
56 1196 3 8192 2.000000000 2
56 1216 3 8192 2.000000000 2
60 8 3 8192 2.000000000 2
60 40 3 8192 2.000000000 2
60 48 3 8192 2.000000000 2
60 52 3 8192 2.000000000 2
60 100 3 8192 2.000000000 2
60 112 3 8192 2.000000000 2
60 136 3 8192 2.000000000 2
60 152 3 8192 2.000000000 2
60 156 3 8192 2.000000000 2
60 192 3 8192 2.000000000 2
60 200 3 8192 2.000000000 2
60 264 3 8192 2.000000000 2
60 276 3 8192 2.000000000 2
60 304 3 8192 2.000000000 2
60 360 3 8192 2.000000000 2
60 372 3 8192 2.000000000 2
60 376 3 8192 2.000000000 2
60 388 3 8192 2.000000000 2
60 396 3 8192 2.000000000 2
60 436 3 8192 2.000000000 2
60 452 3 8192 2.000000000 2
60 460 3 8192 2.000000000 2
60 472 3 8192 2.000000000 2
60 488 3 8192 2.000000000 2
60 520 3 8192 2.000000000 2
60 612 3 8192 2.000000000 2
60 636 3 8192 2.000000000 2
60 672 3 8192 2.000000000 2
60 676 3 8192 2.000000000 2
60 684 3 8192 2.000000000 2
60 708 3 8192 2.000000000 2
60 724 3 8192 2.000000000 2
60 732 3 8192 2.000000000 2
60 752 3 8192 2.000000000 2
60 764 3 8192 2.000000000 2
60 768 3 8192 2.000000000 2
60 772 3 8192 2.000000000 2
60 784 3 8192 2.000000000 2
60 792 3 8192 2.000000000 2
60 800 3 8192 2.000000000 2
60 804 3 8192 2.000000000 2
60 812 3 8192 2.000000000 2
60 836 3 8192 2.000000000 2
60 840 3 8192 2.000000000 2
60 880 3 8192 2.000000000 2
60 884 3 8192 2.000000000 2
60 900 3 8192 2.000000000 2
60 916 3 8192 2.000000000 2
60 948 3 8192 2.000000000 2
60 956 3 8192 2.000000000 2
60 964 3 8192 2.000000000 2
60 992 3 8192 2.000000000 2
60 1004 3 8192 2.000000000 2
60 1008 3 8192 2.000000000 2
60 1044 3 8192 2.000000000 2
60 1068 3 8192 2.000000000 2
60 1140 3 8192 2.000000000 2
60 1164 3 8192 2.000000000 2
60 1176 3 8192 2.000000000 2
60 1184 3 8192 2.000000000 2
60 1204 3 8192 2.000000000 2
60 1212 3 8192 2.000000000 2
60 1244 3 8192 2.000000000 2
60 1260 3 8192 2.000000000 2
64 0 3 8192 2.000000000 2
64 28 3 8192 2.000000000 2
64 32 3 8192 2.000000000 2
64 40 3 8192 2.000000000 2
64 52 3 8192 2.000000000 2
64 68 3 8192 2.000000000 2
64 92 3 8192 2.000000000 2
64 100 3 8192 2.000000000 2
64 108 3 8192 2.000000000 2
64 136 3 8192 2.000000000 2
64 148 3 8192 2.000000000 2
64 192 3 8192 2.000000000 2
64 208 3 8192 2.000000000 2
64 260 3 8192 2.000000000 2
64 288 3 8192 2.000000000 2
64 304 3 8192 2.000000000 2
64 320 3 8192 2.000000000 2
64 328 3 8192 2.000000000 2
64 364 3 8192 2.000000000 2
64 376 3 8192 2.000000000 2
64 396 3 8192 2.000000000 2
64 400 3 8192 2.000000000 2
64 436 3 8192 2.000000000 2
64 488 3 8192 2.000000000 2
64 504 3 8192 2.000000000 2
64 508 3 8192 2.000000000 2
64 532 3 8192 2.000000000 2
64 544 3 8192 2.000000000 2
64 552 3 8192 2.000000000 2
64 560 3 8192 2.000000000 2
64 580 3 8192 2.000000000 2
64 588 3 8192 2.000000000 2
64 592 3 8192 2.000000000 2
64 604 3 8192 2.000000000 2
64 632 3 8192 2.000000000 2
64 636 3 8192 2.000000000 2
64 720 3 8192 2.000000000 2
64 732 3 8192 2.000000000 2
64 736 3 8192 2.000000000 2
64 744 3 8192 2.000000000 2
64 784 3 8192 2.000000000 2
64 788 3 8192 2.000000000 2
64 796 3 8192 2.000000000 2
64 840 3 8192 2.000000000 2
64 848 3 8192 2.000000000 2
64 860 3 8192 2.000000000 2
64 896 3 8192 2.000000000 2
64 904 3 8192 2.000000000 2
64 952 3 8192 2.000000000 2
64 984 3 8192 2.000000000 2
64 988 3 8192 2.000000000 2
64 1008 3 8192 2.000000000 2
64 1032 3 8192 2.000000000 2
64 1056 3 8192 2.000000000 2
64 1060 3 8192 2.000000000 2
64 1076 3 8192 2.000000000 2
64 1096 3 8192 2.000000000 2
64 1104 3 8192 2.000000000 2
64 1144 3 8192 2.000000000 2
64 1164 3 8192 2.000000000 2
64 1220 3 8192 2.000000000 2
64 1256 3 8192 2.000000000 2
64 1264 3 8192 2.000000000 2
64 1276 3 8192 2.000000000 2
68 12 3 8192 2.000000000 2
68 48 3 8192 2.000000000 2
68 64 3 8192 2.000000000 2
68 76 3 8192 2.000000000 2
68 96 3 8192 2.000000000 2
68 112 3 8192 2.000000000 2
68 124 3 8192 2.000000000 2
68 136 3 8192 2.000000000 2
68 160 3 8192 2.000000000 2
68 196 3 8192 2.000000000 2
68 204 3 8192 2.000000000 2
68 244 3 8192 2.000000000 2
68 256 3 8192 2.000000000 2
68 284 3 8192 2.000000000 2
68 288 3 8192 2.000000000 2
68 308 3 8192 2.000000000 2
68 328 3 8192 2.000000000 2
68 340 3 8192 2.000000000 2
68 360 3 8192 2.000000000 2
68 368 3 8192 2.000000000 2
68 376 3 8192 2.000000000 2
68 388 3 8192 2.000000000 2
68 392 3 8192 2.000000000 2
68 416 3 8192 2.000000000 2
68 436 3 8192 2.000000000 2
68 444 3 8192 2.000000000 2
68 492 3 8192 2.000000000 2
68 504 3 8192 2.000000000 2
68 508 3 8192 2.000000000 2
68 520 3 8192 2.000000000 2
68 536 3 8192 2.000000000 2
68 556 3 8192 2.000000000 2
68 560 3 8192 2.000000000 2
68 588 3 8192 2.000000000 2
68 592 3 8192 2.000000000 2
68 604 3 8192 2.000000000 2
68 612 3 8192 2.000000000 2
68 624 3 8192 2.000000000 2
68 632 3 8192 2.000000000 2
68 672 3 8192 2.000000000 2
68 676 3 8192 2.000000000 2
68 720 3 8192 2.000000000 2
68 732 3 8192 2.000000000 2
68 764 3 8192 2.000000000 2
68 788 3 8192 2.000000000 2
68 796 3 8192 2.000000000 2
68 804 3 8192 2.000000000 2
68 844 3 8192 2.000000000 2
68 1000 3 8192 2.000000000 2
68 1016 3 8192 2.000000000 2
68 1044 3 8192 2.000000000 2
68 1056 3 8192 2.000000000 2
68 1060 3 8192 2.000000000 2
68 1080 3 8192 2.000000000 2
68 1088 3 8192 2.000000000 2
68 1108 3 8192 2.000000000 2
68 1144 3 8192 2.000000000 2
68 1180 3 8192 2.000000000 2
68 1204 3 8192 2.000000000 2
68 1224 3 8192 2.000000000 2
68 1244 3 8192 2.000000000 2
68 1256 3 8192 2.000000000 2
68 1272 3 8192 2.000000000 2
68 1276 3 8192 2.000000000 2
72 16 3 8192 2.000000000 2
72 48 3 8192 2.000000000 2
72 120 3 8192 2.000000000 2
72 128 3 8192 2.000000000 2
72 152 3 8192 2.000000000 2
72 160 3 8192 2.000000000 2
72 164 3 8192 2.000000000 2
72 176 3 8192 2.000000000 2
72 180 3 8192 2.000000000 2
72 208 3 8192 2.000000000 2
72 216 3 8192 2.000000000 2
72 224 3 8192 2.000000000 2
72 256 3 8192 2.000000000 2
72 280 3 8192 2.000000000 2
72 284 3 8192 2.000000000 2
72 292 3 8192 2.000000000 2
72 308 3 8192 2.000000000 2
72 316 3 8192 2.000000000 2
72 340 3 8192 2.000000000 2
72 352 3 8192 2.000000000 2
72 356 3 8192 2.000000000 2
72 360 3 8192 2.000000000 2
72 388 3 8192 2.000000000 2
72 424 3 8192 2.000000000 2
72 432 3 8192 2.000000000 2
72 436 3 8192 2.000000000 2
72 444 3 8192 2.000000000 2
72 472 3 8192 2.000000000 2
72 496 3 8192 2.000000000 2
72 500 3 8192 2.000000000 2
72 536 3 8192 2.000000000 2
72 556 3 8192 2.000000000 2
72 560 3 8192 2.000000000 2
72 596 3 8192 2.000000000 2
72 612 3 8192 2.000000000 2
72 632 3 8192 2.000000000 2
72 656 3 8192 2.000000000 2
72 664 3 8192 2.000000000 2
72 692 3 8192 2.000000000 2
72 708 3 8192 2.000000000 2
72 712 3 8192 2.000000000 2
72 724 3 8192 2.000000000 2
72 744 3 8192 2.000000000 2
72 748 3 8192 2.000000000 2
72 764 3 8192 2.000000000 2
72 772 3 8192 2.000000000 2
72 792 3 8192 2.000000000 2
72 796 3 8192 2.000000000 2
72 812 3 8192 2.000000000 2
72 828 3 8192 2.000000000 2
72 840 3 8192 2.000000000 2
72 852 3 8192 2.000000000 2
72 892 3 8192 2.000000000 2
72 896 3 8192 2.000000000 2
72 916 3 8192 2.000000000 2
72 1000 3 8192 2.000000000 2
72 1028 3 8192 2.000000000 2
72 1044 3 8192 2.000000000 2
72 1096 3 8192 2.000000000 2
72 1160 3 8192 2.000000000 2
72 1180 3 8192 2.000000000 2
72 1208 3 8192 2.000000000 2
72 1212 3 8192 2.000000000 2
72 1236 3 8192 2.000000000 2
76 0 3 8192 2.000000000 2
76 8 3 8192 2.000000000 2
76 28 3 8192 2.000000000 2
76 40 3 8192 2.000000000 2
76 48 3 8192 2.000000000 2
76 60 3 8192 2.000000000 2
76 64 3 8192 2.000000000 2
76 68 3 8192 2.000000000 2
76 72 3 8192 2.000000000 2
76 116 3 8192 2.000000000 2
76 128 3 8192 2.000000000 2
76 132 3 8192 2.000000000 2
76 156 3 8192 2.000000000 2
76 160 3 8192 2.000000000 2
76 180 3 8192 2.000000000 2
76 204 3 8192 2.000000000 2
76 260 3 8192 2.000000000 2
76 268 3 8192 2.000000000 2
76 328 3 8192 2.000000000 2
76 340 3 8192 2.000000000 2
76 352 3 8192 2.000000000 2
76 360 3 8192 2.000000000 2
76 368 3 8192 2.000000000 2
76 384 3 8192 2.000000000 2
76 396 3 8192 2.000000000 2
76 432 3 8192 2.000000000 2
76 436 3 8192 2.000000000 2
76 488 3 8192 2.000000000 2
76 508 3 8192 2.000000000 2
76 588 3 8192 2.000000000 2
76 616 3 8192 2.000000000 2
76 632 3 8192 2.000000000 2
76 644 3 8192 2.000000000 2
76 664 3 8192 2.000000000 2
76 692 3 8192 2.000000000 2
76 708 3 8192 2.000000000 2
76 724 3 8192 2.000000000 2
76 736 3 8192 2.000000000 2
76 752 3 8192 2.000000000 2
76 768 3 8192 2.000000000 2
76 796 3 8192 2.000000000 2
76 804 3 8192 2.000000000 2
76 836 3 8192 2.000000000 2
76 840 3 8192 2.000000000 2
76 844 3 8192 2.000000000 2
76 856 3 8192 2.000000000 2
76 872 3 8192 2.000000000 2
76 892 3 8192 2.000000000 2
76 896 3 8192 2.000000000 2
76 900 3 8192 2.000000000 2
76 916 3 8192 2.000000000 2
76 956 3 8192 2.000000000 2
76 964 3 8192 2.000000000 2
76 988 3 8192 2.000000000 2
76 1000 3 8192 2.000000000 2
76 1008 3 8192 2.000000000 2
76 1036 3 8192 2.000000000 2
76 1044 3 8192 2.000000000 2
76 1056 3 8192 2.000000000 2
76 1088 3 8192 2.000000000 2
76 1096 3 8192 2.000000000 2
76 1192 3 8192 2.000000000 2
76 1196 3 8192 2.000000000 2
76 1264 3 8192 2.000000000 2
92 56 3 8192 2.000000000 2
92 120 3 8192 2.000000000 2
92 148 3 8192 2.000000000 2
92 160 3 8192 2.000000000 2
92 164 3 8192 2.000000000 2
92 172 3 8192 2.000000000 2
92 176 3 8192 2.000000000 2
92 196 3 8192 2.000000000 2
92 200 3 8192 2.000000000 2
92 204 3 8192 2.000000000 2
92 264 3 8192 2.000000000 2
92 280 3 8192 2.000000000 2
92 296 3 8192 2.000000000 2
92 304 3 8192 2.000000000 2
92 328 3 8192 2.000000000 2
92 352 3 8192 2.000000000 2
92 356 3 8192 2.000000000 2
92 376 3 8192 2.000000000 2
92 388 3 8192 2.000000000 2
92 396 3 8192 2.000000000 2
92 472 3 8192 2.000000000 2
92 476 3 8192 2.000000000 2
92 488 3 8192 2.000000000 2
92 496 3 8192 2.000000000 2
92 508 3 8192 2.000000000 2
92 540 3 8192 2.000000000 2
92 556 3 8192 2.000000000 2
92 568 3 8192 2.000000000 2
92 592 3 8192 2.000000000 2
92 600 3 8192 2.000000000 2
92 604 3 8192 2.000000000 2
92 608 3 8192 2.000000000 2
92 612 3 8192 2.000000000 2
92 616 3 8192 2.000000000 2
92 624 3 8192 2.000000000 2
92 636 3 8192 2.000000000 2
92 644 3 8192 2.000000000 2
92 664 3 8192 2.000000000 2
92 740 3 8192 2.000000000 2
92 764 3 8192 2.000000000 2
92 796 3 8192 2.000000000 2
92 804 3 8192 2.000000000 2
92 860 3 8192 2.000000000 2
92 880 3 8192 2.000000000 2
92 888 3 8192 2.000000000 2
92 900 3 8192 2.000000000 2
92 964 3 8192 2.000000000 2
92 980 3 8192 2.000000000 2
92 996 3 8192 2.000000000 2
92 1028 3 8192 2.000000000 2
92 1040 3 8192 2.000000000 2
92 1060 3 8192 2.000000000 2
92 1092 3 8192 2.000000000 2
92 1100 3 8192 2.000000000 2
92 1104 3 8192 2.000000000 2
92 1112 3 8192 2.000000000 2
92 1128 3 8192 2.000000000 2
92 1140 3 8192 2.000000000 2
92 1164 3 8192 2.000000000 2
92 1176 3 8192 2.000000000 2
92 1216 3 8192 2.000000000 2
92 1224 3 8192 2.000000000 2
92 1252 3 8192 2.000000000 2
92 1264 3 8192 2.000000000 2
96 4 3 8192 2.000000000 2
96 16 3 8192 2.000000000 2
96 24 3 8192 2.000000000 2
96 68 3 8192 2.000000000 2
96 76 3 8192 2.000000000 2
96 132 3 8192 2.000000000 2
96 156 3 8192 2.000000000 2
96 164 3 8192 2.000000000 2
96 192 3 8192 2.000000000 2
96 216 3 8192 2.000000000 2
96 280 3 8192 2.000000000 2
96 288 3 8192 2.000000000 2
96 308 3 8192 2.000000000 2
96 328 3 8192 2.000000000 2
96 336 3 8192 2.000000000 2
96 340 3 8192 2.000000000 2
96 352 3 8192 2.000000000 2
96 364 3 8192 2.000000000 2
96 384 3 8192 2.000000000 2
96 392 3 8192 2.000000000 2
96 400 3 8192 2.000000000 2
96 420 3 8192 2.000000000 2
96 428 3 8192 2.000000000 2
96 444 3 8192 2.000000000 2
96 472 3 8192 2.000000000 2
96 476 3 8192 2.000000000 2
96 488 3 8192 2.000000000 2
96 492 3 8192 2.000000000 2
96 540 3 8192 2.000000000 2
96 560 3 8192 2.000000000 2
96 580 3 8192 2.000000000 2
96 588 3 8192 2.000000000 2
96 592 3 8192 2.000000000 2
96 596 3 8192 2.000000000 2
96 600 3 8192 2.000000000 2
96 616 3 8192 2.000000000 2
96 620 3 8192 2.000000000 2
96 628 3 8192 2.000000000 2
96 652 3 8192 2.000000000 2
96 660 3 8192 2.000000000 2
96 676 3 8192 2.000000000 2
96 748 3 8192 2.000000000 2
96 772 3 8192 2.000000000 2
96 780 3 8192 2.000000000 2
96 796 3 8192 2.000000000 2
96 800 3 8192 2.000000000 2
96 804 3 8192 2.000000000 2
96 816 3 8192 2.000000000 2
96 836 3 8192 2.000000000 2
96 844 3 8192 2.000000000 2
96 900 3 8192 2.000000000 2
96 940 3 8192 2.000000000 2
96 964 3 8192 2.000000000 2
96 1036 3 8192 2.000000000 2
96 1040 3 8192 2.000000000 2
96 1048 3 8192 2.000000000 2
96 1180 3 8192 2.000000000 2
96 1192 3 8192 2.000000000 2
96 1204 3 8192 2.000000000 2
96 1224 3 8192 2.000000000 2
96 1228 3 8192 2.000000000 2
96 1236 3 8192 2.000000000 2
96 1252 3 8192 2.000000000 2
96 1276 3 8192 2.000000000 2
100 16 3 8192 2.000000000 2
100 28 3 8192 2.000000000 2
100 40 3 8192 2.000000000 2
100 92 3 8192 2.000000000 2
100 108 3 8192 2.000000000 2
100 124 3 8192 2.000000000 2
100 148 3 8192 2.000000000 2
100 152 3 8192 2.000000000 2
100 172 3 8192 2.000000000 2
100 200 3 8192 2.000000000 2
100 204 3 8192 2.000000000 2
100 208 3 8192 2.000000000 2
100 244 3 8192 2.000000000 2
100 260 3 8192 2.000000000 2
100 308 3 8192 2.000000000 2
100 312 3 8192 2.000000000 2
100 320 3 8192 2.000000000 2
100 364 3 8192 2.000000000 2
100 384 3 8192 2.000000000 2
100 416 3 8192 2.000000000 2
100 492 3 8192 2.000000000 2
100 516 3 8192 2.000000000 2
100 596 3 8192 2.000000000 2
100 600 3 8192 2.000000000 2
100 616 3 8192 2.000000000 2
100 668 3 8192 2.000000000 2
100 672 3 8192 2.000000000 2
100 684 3 8192 2.000000000 2
100 688 3 8192 2.000000000 2
100 720 3 8192 2.000000000 2
100 724 3 8192 2.000000000 2
100 732 3 8192 2.000000000 2
100 740 3 8192 2.000000000 2
100 744 3 8192 2.000000000 2
100 752 3 8192 2.000000000 2
100 772 3 8192 2.000000000 2
100 788 3 8192 2.000000000 2
100 796 3 8192 2.000000000 2
100 816 3 8192 2.000000000 2
100 836 3 8192 2.000000000 2
100 852 3 8192 2.000000000 2
100 880 3 8192 2.000000000 2
100 940 3 8192 2.000000000 2
100 952 3 8192 2.000000000 2
100 956 3 8192 2.000000000 2
100 960 3 8192 2.000000000 2
100 968 3 8192 2.000000000 2
100 976 3 8192 2.000000000 2
100 1012 3 8192 2.000000000 2
100 1016 3 8192 2.000000000 2
100 1020 3 8192 2.000000000 2
100 1032 3 8192 2.000000000 2
100 1036 3 8192 2.000000000 2
100 1040 3 8192 2.000000000 2
100 1048 3 8192 2.000000000 2
100 1060 3 8192 2.000000000 2
100 1068 3 8192 2.000000000 2
100 1080 3 8192 2.000000000 2
100 1084 3 8192 2.000000000 2
100 1100 3 8192 2.000000000 2
100 1112 3 8192 2.000000000 2
100 1192 3 8192 2.000000000 2
100 1196 3 8192 2.000000000 2
100 1228 3 8192 2.000000000 2
108 4 3 8192 2.000000000 2
108 16 3 8192 2.000000000 2
108 24 3 8192 2.000000000 2
108 52 3 8192 2.000000000 2
108 56 3 8192 2.000000000 2
108 68 3 8192 2.000000000 2
108 96 3 8192 2.000000000 2
108 112 3 8192 2.000000000 2
108 116 3 8192 2.000000000 2
108 120 3 8192 2.000000000 2
108 132 3 8192 2.000000000 2
108 136 3 8192 2.000000000 2
108 172 3 8192 2.000000000 2
108 176 3 8192 2.000000000 2
108 216 3 8192 2.000000000 2
108 264 3 8192 2.000000000 2
108 272 3 8192 2.000000000 2
108 280 3 8192 2.000000000 2
108 312 3 8192 2.000000000 2
108 336 3 8192 2.000000000 2
108 352 3 8192 2.000000000 2
108 356 3 8192 2.000000000 2
108 380 3 8192 2.000000000 2
108 428 3 8192 2.000000000 2
108 432 3 8192 2.000000000 2
108 440 3 8192 2.000000000 2
108 468 3 8192 2.000000000 2
108 508 3 8192 2.000000000 2
108 536 3 8192 2.000000000 2
108 540 3 8192 2.000000000 2
108 560 3 8192 2.000000000 2
108 564 3 8192 2.000000000 2
108 580 3 8192 2.000000000 2
108 604 3 8192 2.000000000 2
108 616 3 8192 2.000000000 2
108 624 3 8192 2.000000000 2
108 628 3 8192 2.000000000 2
108 640 3 8192 2.000000000 2
108 712 3 8192 2.000000000 2
108 724 3 8192 2.000000000 2
108 780 3 8192 2.000000000 2
108 860 3 8192 2.000000000 2
108 864 3 8192 2.000000000 2
108 872 3 8192 2.000000000 2
108 888 3 8192 2.000000000 2
108 900 3 8192 2.000000000 2
108 908 3 8192 2.000000000 2
108 956 3 8192 2.000000000 2
108 972 3 8192 2.000000000 2
108 992 3 8192 2.000000000 2
108 1000 3 8192 2.000000000 2
108 1044 3 8192 2.000000000 2
108 1052 3 8192 2.000000000 2
108 1056 3 8192 2.000000000 2
108 1088 3 8192 2.000000000 2
108 1108 3 8192 2.000000000 2
108 1140 3 8192 2.000000000 2
108 1176 3 8192 2.000000000 2
108 1220 3 8192 2.000000000 2
108 1228 3 8192 2.000000000 2
108 1252 3 8192 2.000000000 2
108 1260 3 8192 2.000000000 2
108 1264 3 8192 2.000000000 2
108 1268 3 8192 2.000000000 2
112 0 3 8192 2.000000000 2
112 20 3 8192 2.000000000 2
112 28 3 8192 2.000000000 2
112 56 3 8192 2.000000000 2
112 92 3 8192 2.000000000 2
112 124 3 8192 2.000000000 2
112 132 3 8192 2.000000000 2
112 152 3 8192 2.000000000 2
112 204 3 8192 2.000000000 2
112 208 3 8192 2.000000000 2
112 224 3 8192 2.000000000 2
112 264 3 8192 2.000000000 2
112 304 3 8192 2.000000000 2
112 312 3 8192 2.000000000 2
112 316 3 8192 2.000000000 2
112 336 3 8192 2.000000000 2
112 348 3 8192 2.000000000 2
112 356 3 8192 2.000000000 2
112 360 3 8192 2.000000000 2
112 400 3 8192 2.000000000 2
112 412 3 8192 2.000000000 2
112 432 3 8192 2.000000000 2
112 440 3 8192 2.000000000 2
112 448 3 8192 2.000000000 2
112 468 3 8192 2.000000000 2
112 472 3 8192 2.000000000 2
112 496 3 8192 2.000000000 2
112 500 3 8192 2.000000000 2
112 548 3 8192 2.000000000 2
112 600 3 8192 2.000000000 2
112 612 3 8192 2.000000000 2
112 624 3 8192 2.000000000 2
112 656 3 8192 2.000000000 2
112 660 3 8192 2.000000000 2
112 684 3 8192 2.000000000 2
112 748 3 8192 2.000000000 2
112 752 3 8192 2.000000000 2
112 764 3 8192 2.000000000 2
112 780 3 8192 2.000000000 2
112 792 3 8192 2.000000000 2
112 828 3 8192 2.000000000 2
112 844 3 8192 2.000000000 2
112 856 3 8192 2.000000000 2
112 864 3 8192 2.000000000 2
112 872 3 8192 2.000000000 2
112 900 3 8192 2.000000000 2
112 912 3 8192 2.000000000 2
112 1052 3 8192 2.000000000 2
112 1060 3 8192 2.000000000 2
112 1080 3 8192 2.000000000 2
112 1088 3 8192 2.000000000 2
112 1140 3 8192 2.000000000 2
112 1156 3 8192 2.000000000 2
112 1164 3 8192 2.000000000 2
112 1176 3 8192 2.000000000 2
112 1184 3 8192 2.000000000 2
112 1204 3 8192 2.000000000 2
112 1216 3 8192 2.000000000 2
112 1228 3 8192 2.000000000 2
112 1244 3 8192 2.000000000 2
112 1252 3 8192 2.000000000 2
112 1256 3 8192 2.000000000 2
112 1268 3 8192 2.000000000 2
112 1276 3 8192 2.000000000 2
116 24 3 8192 2.000000000 2
116 28 3 8192 2.000000000 2
116 56 3 8192 2.000000000 2
116 60 3 8192 2.000000000 2
116 64 3 8192 2.000000000 2
116 68 3 8192 2.000000000 2
116 72 3 8192 2.000000000 2
116 92 3 8192 2.000000000 2
116 148 3 8192 2.000000000 2
116 156 3 8192 2.000000000 2
116 192 3 8192 2.000000000 2
116 200 3 8192 2.000000000 2
116 216 3 8192 2.000000000 2
116 244 3 8192 2.000000000 2
116 288 3 8192 2.000000000 2
116 320 3 8192 2.000000000 2
116 324 3 8192 2.000000000 2
116 340 3 8192 2.000000000 2
116 364 3 8192 2.000000000 2
116 372 3 8192 2.000000000 2
116 376 3 8192 2.000000000 2
116 384 3 8192 2.000000000 2
116 412 3 8192 2.000000000 2
116 440 3 8192 2.000000000 2
116 444 3 8192 2.000000000 2
116 452 3 8192 2.000000000 2
116 472 3 8192 2.000000000 2
116 492 3 8192 2.000000000 2
116 540 3 8192 2.000000000 2
116 544 3 8192 2.000000000 2
116 556 3 8192 2.000000000 2
116 560 3 8192 2.000000000 2
116 632 3 8192 2.000000000 2
116 668 3 8192 2.000000000 2
116 732 3 8192 2.000000000 2
116 760 3 8192 2.000000000 2
116 784 3 8192 2.000000000 2
116 788 3 8192 2.000000000 2
116 792 3 8192 2.000000000 2
116 816 3 8192 2.000000000 2
116 828 3 8192 2.000000000 2
116 840 3 8192 2.000000000 2
116 856 3 8192 2.000000000 2
116 864 3 8192 2.000000000 2
116 892 3 8192 2.000000000 2
116 904 3 8192 2.000000000 2
116 912 3 8192 2.000000000 2
116 940 3 8192 2.000000000 2
116 948 3 8192 2.000000000 2
116 952 3 8192 2.000000000 2
116 968 3 8192 2.000000000 2
116 1012 3 8192 2.000000000 2
116 1032 3 8192 2.000000000 2
116 1040 3 8192 2.000000000 2
116 1048 3 8192 2.000000000 2
116 1100 3 8192 2.000000000 2
116 1128 3 8192 2.000000000 2
116 1140 3 8192 2.000000000 2
116 1184 3 8192 2.000000000 2
116 1212 3 8192 2.000000000 2
116 1216 3 8192 2.000000000 2
116 1228 3 8192 2.000000000 2
116 1252 3 8192 2.000000000 2
116 1276 3 8192 2.000000000 2
120 12 3 8192 2.000000000 2
120 16 3 8192 2.000000000 2
120 24 3 8192 2.000000000 2
120 40 3 8192 2.000000000 2
120 72 3 8192 2.000000000 2
120 112 3 8192 2.000000000 2
120 116 3 8192 2.000000000 2
120 128 3 8192 2.000000000 2
120 136 3 8192 2.000000000 2
120 156 3 8192 2.000000000 2
120 164 3 8192 2.000000000 2
120 180 3 8192 2.000000000 2
120 204 3 8192 2.000000000 2
120 288 3 8192 2.000000000 2
120 304 3 8192 2.000000000 2
120 364 3 8192 2.000000000 2
120 372 3 8192 2.000000000 2
120 380 3 8192 2.000000000 2
120 428 3 8192 2.000000000 2
120 448 3 8192 2.000000000 2
120 452 3 8192 2.000000000 2
120 500 3 8192 2.000000000 2
120 536 3 8192 2.000000000 2
120 552 3 8192 2.000000000 2
120 592 3 8192 2.000000000 2
120 604 3 8192 2.000000000 2
120 612 3 8192 2.000000000 2
120 644 3 8192 2.000000000 2
120 660 3 8192 2.000000000 2
120 668 3 8192 2.000000000 2
120 672 3 8192 2.000000000 2
120 680 3 8192 2.000000000 2
120 708 3 8192 2.000000000 2
120 724 3 8192 2.000000000 2
120 764 3 8192 2.000000000 2
120 792 3 8192 2.000000000 2
120 796 3 8192 2.000000000 2
120 836 3 8192 2.000000000 2
120 852 3 8192 2.000000000 2
120 864 3 8192 2.000000000 2
120 908 3 8192 2.000000000 2
120 912 3 8192 2.000000000 2
120 956 3 8192 2.000000000 2
120 996 3 8192 2.000000000 2
120 1044 3 8192 2.000000000 2
120 1048 3 8192 2.000000000 2
120 1052 3 8192 2.000000000 2
120 1072 3 8192 2.000000000 2
120 1104 3 8192 2.000000000 2
120 1128 3 8192 2.000000000 2
120 1144 3 8192 2.000000000 2
120 1156 3 8192 2.000000000 2
120 1164 3 8192 2.000000000 2
120 1176 3 8192 2.000000000 2
120 1192 3 8192 2.000000000 2
120 1196 3 8192 2.000000000 2
120 1216 3 8192 2.000000000 2
120 1224 3 8192 2.000000000 2
120 1228 3 8192 2.000000000 2
120 1236 3 8192 2.000000000 2
120 1244 3 8192 2.000000000 2
120 1252 3 8192 2.000000000 2
120 1272 3 8192 2.000000000 2
120 1276 3 8192 2.000000000 2
124 8 3 8192 2.000000000 2
124 20 3 8192 2.000000000 2
124 52 3 8192 2.000000000 2
124 60 3 8192 2.000000000 2
124 64 3 8192 2.000000000 2
124 76 3 8192 2.000000000 2
124 108 3 8192 2.000000000 2
124 116 3 8192 2.000000000 2
124 152 3 8192 2.000000000 2
124 192 3 8192 2.000000000 2
124 208 3 8192 2.000000000 2
124 212 3 8192 2.000000000 2
124 216 3 8192 2.000000000 2
124 240 3 8192 2.000000000 2
124 244 3 8192 2.000000000 2
124 256 3 8192 2.000000000 2
124 260 3 8192 2.000000000 2
124 264 3 8192 2.000000000 2
124 268 3 8192 2.000000000 2
124 276 3 8192 2.000000000 2
124 280 3 8192 2.000000000 2
124 284 3 8192 2.000000000 2
124 296 3 8192 2.000000000 2
124 316 3 8192 2.000000000 2
124 372 3 8192 2.000000000 2
124 384 3 8192 2.000000000 2
124 396 3 8192 2.000000000 2
124 412 3 8192 2.000000000 2
124 424 3 8192 2.000000000 2
124 440 3 8192 2.000000000 2
124 444 3 8192 2.000000000 2
124 460 3 8192 2.000000000 2
124 476 3 8192 2.000000000 2
124 488 3 8192 2.000000000 2
124 500 3 8192 2.000000000 2
124 568 3 8192 2.000000000 2
124 624 3 8192 2.000000000 2
124 632 3 8192 2.000000000 2
124 672 3 8192 2.000000000 2
124 676 3 8192 2.000000000 2
124 680 3 8192 2.000000000 2
124 688 3 8192 2.000000000 2
124 740 3 8192 2.000000000 2
124 748 3 8192 2.000000000 2
124 772 3 8192 2.000000000 2
124 800 3 8192 2.000000000 2
124 840 3 8192 2.000000000 2
124 900 3 8192 2.000000000 2
124 912 3 8192 2.000000000 2
124 948 3 8192 2.000000000 2
124 952 3 8192 2.000000000 2
124 964 3 8192 2.000000000 2
124 988 3 8192 2.000000000 2
124 1000 3 8192 2.000000000 2
124 1004 3 8192 2.000000000 2
124 1044 3 8192 2.000000000 2
124 1088 3 8192 2.000000000 2
124 1108 3 8192 2.000000000 2
124 1160 3 8192 2.000000000 2
124 1184 3 8192 2.000000000 2
124 1216 3 8192 2.000000000 2
124 1236 3 8192 2.000000000 2
124 1272 3 8192 2.000000000 2
124 1276 3 8192 2.000000000 2
128 20 3 8192 2.000000000 2
128 28 3 8192 2.000000000 2
128 36 3 8192 2.000000000 2
128 56 3 8192 2.000000000 2
128 68 3 8192 2.000000000 2
128 76 3 8192 2.000000000 2
128 108 3 8192 2.000000000 2
128 124 3 8192 2.000000000 2
128 180 3 8192 2.000000000 2
128 204 3 8192 2.000000000 2
128 208 3 8192 2.000000000 2
128 216 3 8192 2.000000000 2
128 244 3 8192 2.000000000 2
128 268 3 8192 2.000000000 2
128 272 3 8192 2.000000000 2
128 312 3 8192 2.000000000 2
128 316 3 8192 2.000000000 2
128 324 3 8192 2.000000000 2
128 340 3 8192 2.000000000 2
128 364 3 8192 2.000000000 2
128 376 3 8192 2.000000000 2
128 388 3 8192 2.000000000 2
128 392 3 8192 2.000000000 2
128 424 3 8192 2.000000000 2
128 440 3 8192 2.000000000 2
128 472 3 8192 2.000000000 2
128 504 3 8192 2.000000000 2
128 544 3 8192 2.000000000 2
128 560 3 8192 2.000000000 2
128 580 3 8192 2.000000000 2
128 612 3 8192 2.000000000 2
128 636 3 8192 2.000000000 2
128 644 3 8192 2.000000000 2
128 720 3 8192 2.000000000 2
128 748 3 8192 2.000000000 2
128 752 3 8192 2.000000000 2
128 772 3 8192 2.000000000 2
128 796 3 8192 2.000000000 2
128 860 3 8192 2.000000000 2
128 864 3 8192 2.000000000 2
128 884 3 8192 2.000000000 2
128 896 3 8192 2.000000000 2
128 904 3 8192 2.000000000 2
128 948 3 8192 2.000000000 2
128 964 3 8192 2.000000000 2
128 968 3 8192 2.000000000 2
128 980 3 8192 2.000000000 2
128 992 3 8192 2.000000000 2
128 996 3 8192 2.000000000 2
128 1000 3 8192 2.000000000 2
128 1004 3 8192 2.000000000 2
128 1016 3 8192 2.000000000 2
128 1028 3 8192 2.000000000 2
128 1032 3 8192 2.000000000 2
128 1040 3 8192 2.000000000 2
128 1056 3 8192 2.000000000 2
128 1092 3 8192 2.000000000 2
128 1096 3 8192 2.000000000 2
128 1112 3 8192 2.000000000 2
128 1140 3 8192 2.000000000 2
128 1244 3 8192 2.000000000 2
128 1256 3 8192 2.000000000 2
128 1260 3 8192 2.000000000 2
128 1268 3 8192 2.000000000 2
132 0 3 8192 2.000000000 2
132 12 3 8192 2.000000000 2
132 36 3 8192 2.000000000 2
132 52 3 8192 2.000000000 2
132 64 3 8192 2.000000000 2
132 72 3 8192 2.000000000 2
132 108 3 8192 2.000000000 2
132 160 3 8192 2.000000000 2
132 216 3 8192 2.000000000 2
132 244 3 8192 2.000000000 2
132 260 3 8192 2.000000000 2
132 264 3 8192 2.000000000 2
132 284 3 8192 2.000000000 2
132 288 3 8192 2.000000000 2
132 312 3 8192 2.000000000 2
132 316 3 8192 2.000000000 2
132 340 3 8192 2.000000000 2
132 352 3 8192 2.000000000 2
132 376 3 8192 2.000000000 2
132 380 3 8192 2.000000000 2
132 396 3 8192 2.000000000 2
132 412 3 8192 2.000000000 2
132 420 3 8192 2.000000000 2
132 424 3 8192 2.000000000 2
132 448 3 8192 2.000000000 2
132 452 3 8192 2.000000000 2
132 508 3 8192 2.000000000 2
132 520 3 8192 2.000000000 2
132 568 3 8192 2.000000000 2
132 588 3 8192 2.000000000 2
132 592 3 8192 2.000000000 2
132 604 3 8192 2.000000000 2
132 624 3 8192 2.000000000 2
132 664 3 8192 2.000000000 2
132 680 3 8192 2.000000000 2
132 684 3 8192 2.000000000 2
132 712 3 8192 2.000000000 2
132 736 3 8192 2.000000000 2
132 780 3 8192 2.000000000 2
132 788 3 8192 2.000000000 2
132 796 3 8192 2.000000000 2
132 812 3 8192 2.000000000 2
132 816 3 8192 2.000000000 2
132 840 3 8192 2.000000000 2
132 852 3 8192 2.000000000 2
132 856 3 8192 2.000000000 2
132 908 3 8192 2.000000000 2
132 952 3 8192 2.000000000 2
132 964 3 8192 2.000000000 2
132 992 3 8192 2.000000000 2
132 996 3 8192 2.000000000 2
132 1004 3 8192 2.000000000 2
132 1024 3 8192 2.000000000 2
132 1060 3 8192 2.000000000 2
132 1084 3 8192 2.000000000 2
132 1092 3 8192 2.000000000 2
132 1112 3 8192 2.000000000 2
132 1148 3 8192 2.000000000 2
132 1164 3 8192 2.000000000 2
132 1184 3 8192 2.000000000 2
132 1196 3 8192 2.000000000 2
132 1204 3 8192 2.000000000 2
132 1212 3 8192 2.000000000 2
132 1224 3 8192 2.000000000 2
136 16 3 8192 2.000000000 2
136 24 3 8192 2.000000000 2
136 32 3 8192 2.000000000 2
136 36 3 8192 2.000000000 2
136 56 3 8192 2.000000000 2
136 92 3 8192 2.000000000 2
136 96 3 8192 2.000000000 2
136 112 3 8192 2.000000000 2
136 116 3 8192 2.000000000 2
136 124 3 8192 2.000000000 2
136 160 3 8192 2.000000000 2
136 204 3 8192 2.000000000 2
136 240 3 8192 2.000000000 2
136 264 3 8192 2.000000000 2
136 280 3 8192 2.000000000 2
136 320 3 8192 2.000000000 2
136 336 3 8192 2.000000000 2
136 340 3 8192 2.000000000 2
136 348 3 8192 2.000000000 2
136 356 3 8192 2.000000000 2
136 364 3 8192 2.000000000 2
136 416 3 8192 2.000000000 2
136 420 3 8192 2.000000000 2
136 440 3 8192 2.000000000 2
136 472 3 8192 2.000000000 2
136 488 3 8192 2.000000000 2
136 500 3 8192 2.000000000 2
136 508 3 8192 2.000000000 2
136 532 3 8192 2.000000000 2
136 540 3 8192 2.000000000 2
136 544 3 8192 2.000000000 2
136 548 3 8192 2.000000000 2
136 644 3 8192 2.000000000 2
136 676 3 8192 2.000000000 2
136 688 3 8192 2.000000000 2
136 720 3 8192 2.000000000 2
136 740 3 8192 2.000000000 2
136 828 3 8192 2.000000000 2
136 852 3 8192 2.000000000 2
136 884 3 8192 2.000000000 2
136 892 3 8192 2.000000000 2
136 896 3 8192 2.000000000 2
136 948 3 8192 2.000000000 2
136 956 3 8192 2.000000000 2
136 980 3 8192 2.000000000 2
136 988 3 8192 2.000000000 2
136 992 3 8192 2.000000000 2
136 1000 3 8192 2.000000000 2
136 1008 3 8192 2.000000000 2
136 1044 3 8192 2.000000000 2
136 1056 3 8192 2.000000000 2
136 1068 3 8192 2.000000000 2
136 1076 3 8192 2.000000000 2
136 1080 3 8192 2.000000000 2
136 1088 3 8192 2.000000000 2
136 1092 3 8192 2.000000000 2
136 1096 3 8192 2.000000000 2
136 1108 3 8192 2.000000000 2
136 1160 3 8192 2.000000000 2
136 1204 3 8192 2.000000000 2
136 1208 3 8192 2.000000000 2
136 1216 3 8192 2.000000000 2
136 1260 3 8192 2.000000000 2
136 1276 3 8192 2.000000000 2
148 8 3 8192 2.000000000 2
148 36 3 8192 2.000000000 2
148 68 3 8192 2.000000000 2
148 108 3 8192 2.000000000 2
148 116 3 8192 2.000000000 2
148 172 3 8192 2.000000000 2
148 176 3 8192 2.000000000 2
148 200 3 8192 2.000000000 2
148 204 3 8192 2.000000000 2
148 216 3 8192 2.000000000 2
148 240 3 8192 2.000000000 2
148 264 3 8192 2.000000000 2
148 268 3 8192 2.000000000 2
148 320 3 8192 2.000000000 2
148 340 3 8192 2.000000000 2
148 348 3 8192 2.000000000 2
148 396 3 8192 2.000000000 2
148 424 3 8192 2.000000000 2
148 436 3 8192 2.000000000 2
148 444 3 8192 2.000000000 2
148 448 3 8192 2.000000000 2
148 460 3 8192 2.000000000 2
148 488 3 8192 2.000000000 2
148 492 3 8192 2.000000000 2
148 496 3 8192 2.000000000 2
148 536 3 8192 2.000000000 2
148 568 3 8192 2.000000000 2
148 588 3 8192 2.000000000 2
148 592 3 8192 2.000000000 2
148 612 3 8192 2.000000000 2
148 628 3 8192 2.000000000 2
148 636 3 8192 2.000000000 2
148 660 3 8192 2.000000000 2
148 732 3 8192 2.000000000 2
148 768 3 8192 2.000000000 2
148 780 3 8192 2.000000000 2
148 784 3 8192 2.000000000 2
148 792 3 8192 2.000000000 2
148 796 3 8192 2.000000000 2
148 840 3 8192 2.000000000 2
148 860 3 8192 2.000000000 2
148 900 3 8192 2.000000000 2
148 908 3 8192 2.000000000 2
148 940 3 8192 2.000000000 2
148 980 3 8192 2.000000000 2
148 1008 3 8192 2.000000000 2
148 1016 3 8192 2.000000000 2
148 1024 3 8192 2.000000000 2
148 1028 3 8192 2.000000000 2
148 1040 3 8192 2.000000000 2
148 1044 3 8192 2.000000000 2
148 1048 3 8192 2.000000000 2
148 1052 3 8192 2.000000000 2
148 1084 3 8192 2.000000000 2
148 1108 3 8192 2.000000000 2
148 1156 3 8192 2.000000000 2
148 1160 3 8192 2.000000000 2
148 1164 3 8192 2.000000000 2
148 1180 3 8192 2.000000000 2
148 1220 3 8192 2.000000000 2
148 1224 3 8192 2.000000000 2
148 1228 3 8192 2.000000000 2
148 1236 3 8192 2.000000000 2
148 1268 3 8192 2.000000000 2
152 0 3 8192 2.000000000 2
152 36 3 8192 2.000000000 2
152 52 3 8192 2.000000000 2
152 56 3 8192 2.000000000 2
152 68 3 8192 2.000000000 2
152 108 3 8192 2.000000000 2
152 116 3 8192 2.000000000 2
152 148 3 8192 2.000000000 2
152 156 3 8192 2.000000000 2
152 160 3 8192 2.000000000 2
152 240 3 8192 2.000000000 2
152 256 3 8192 2.000000000 2
152 280 3 8192 2.000000000 2
152 284 3 8192 2.000000000 2
152 316 3 8192 2.000000000 2
152 328 3 8192 2.000000000 2
152 336 3 8192 2.000000000 2
152 360 3 8192 2.000000000 2
152 384 3 8192 2.000000000 2
152 440 3 8192 2.000000000 2
152 460 3 8192 2.000000000 2
152 468 3 8192 2.000000000 2
152 476 3 8192 2.000000000 2
152 556 3 8192 2.000000000 2
152 560 3 8192 2.000000000 2
152 600 3 8192 2.000000000 2
152 620 3 8192 2.000000000 2
152 636 3 8192 2.000000000 2
152 644 3 8192 2.000000000 2
152 660 3 8192 2.000000000 2
152 668 3 8192 2.000000000 2
152 672 3 8192 2.000000000 2
152 680 3 8192 2.000000000 2
152 712 3 8192 2.000000000 2
152 720 3 8192 2.000000000 2
152 736 3 8192 2.000000000 2
152 748 3 8192 2.000000000 2
152 780 3 8192 2.000000000 2
152 784 3 8192 2.000000000 2
152 816 3 8192 2.000000000 2
152 844 3 8192 2.000000000 2
152 848 3 8192 2.000000000 2
152 860 3 8192 2.000000000 2
152 864 3 8192 2.000000000 2
152 956 3 8192 2.000000000 2
152 992 3 8192 2.000000000 2
152 1004 3 8192 2.000000000 2
152 1028 3 8192 2.000000000 2
152 1032 3 8192 2.000000000 2
152 1040 3 8192 2.000000000 2
152 1048 3 8192 2.000000000 2
152 1056 3 8192 2.000000000 2
152 1060 3 8192 2.000000000 2
152 1084 3 8192 2.000000000 2
152 1100 3 8192 2.000000000 2
152 1156 3 8192 2.000000000 2
152 1176 3 8192 2.000000000 2
152 1180 3 8192 2.000000000 2
152 1208 3 8192 2.000000000 2
152 1212 3 8192 2.000000000 2
152 1216 3 8192 2.000000000 2
152 1224 3 8192 2.000000000 2
152 1256 3 8192 2.000000000 2
152 1264 3 8192 2.000000000 2
156 20 3 8192 2.000000000 2
156 24 3 8192 2.000000000 2
156 60 3 8192 2.000000000 2
156 64 3 8192 2.000000000 2
156 72 3 8192 2.000000000 2
156 96 3 8192 2.000000000 2
156 116 3 8192 2.000000000 2
156 128 3 8192 2.000000000 2
156 136 3 8192 2.000000000 2
156 148 3 8192 2.000000000 2
156 152 3 8192 2.000000000 2
156 176 3 8192 2.000000000 2
156 244 3 8192 2.000000000 2
156 264 3 8192 2.000000000 2
156 288 3 8192 2.000000000 2
156 320 3 8192 2.000000000 2
156 368 3 8192 2.000000000 2
156 384 3 8192 2.000000000 2
156 392 3 8192 2.000000000 2
156 400 3 8192 2.000000000 2
156 432 3 8192 2.000000000 2
156 460 3 8192 2.000000000 2
156 516 3 8192 2.000000000 2
156 536 3 8192 2.000000000 2
156 588 3 8192 2.000000000 2
156 592 3 8192 2.000000000 2
156 624 3 8192 2.000000000 2
156 640 3 8192 2.000000000 2
156 668 3 8192 2.000000000 2
156 712 3 8192 2.000000000 2
156 748 3 8192 2.000000000 2
156 760 3 8192 2.000000000 2
156 768 3 8192 2.000000000 2
156 780 3 8192 2.000000000 2
156 784 3 8192 2.000000000 2
156 800 3 8192 2.000000000 2
156 844 3 8192 2.000000000 2
156 848 3 8192 2.000000000 2
156 856 3 8192 2.000000000 2
156 864 3 8192 2.000000000 2
156 872 3 8192 2.000000000 2
156 880 3 8192 2.000000000 2
156 908 3 8192 2.000000000 2
156 912 3 8192 2.000000000 2
156 916 3 8192 2.000000000 2
156 948 3 8192 2.000000000 2
156 964 3 8192 2.000000000 2
156 968 3 8192 2.000000000 2
156 984 3 8192 2.000000000 2
156 1004 3 8192 2.000000000 2
156 1012 3 8192 2.000000000 2
156 1024 3 8192 2.000000000 2
156 1056 3 8192 2.000000000 2
156 1072 3 8192 2.000000000 2
156 1092 3 8192 2.000000000 2
156 1140 3 8192 2.000000000 2
156 1160 3 8192 2.000000000 2
156 1164 3 8192 2.000000000 2
156 1216 3 8192 2.000000000 2
156 1236 3 8192 2.000000000 2
156 1244 3 8192 2.000000000 2
156 1252 3 8192 2.000000000 2
156 1264 3 8192 2.000000000 2
156 1268 3 8192 2.000000000 2
160 8 3 8192 2.000000000 2
160 24 3 8192 2.000000000 2
160 72 3 8192 2.000000000 2
160 76 3 8192 2.000000000 2
160 108 3 8192 2.000000000 2
160 120 3 8192 2.000000000 2
160 128 3 8192 2.000000000 2
160 132 3 8192 2.000000000 2
160 152 3 8192 2.000000000 2
160 172 3 8192 2.000000000 2
160 180 3 8192 2.000000000 2
160 196 3 8192 2.000000000 2
160 204 3 8192 2.000000000 2
160 240 3 8192 2.000000000 2
160 244 3 8192 2.000000000 2
160 260 3 8192 2.000000000 2
160 268 3 8192 2.000000000 2
160 276 3 8192 2.000000000 2
160 280 3 8192 2.000000000 2
160 324 3 8192 2.000000000 2
160 328 3 8192 2.000000000 2
160 356 3 8192 2.000000000 2
160 416 3 8192 2.000000000 2
160 448 3 8192 2.000000000 2
160 460 3 8192 2.000000000 2
160 492 3 8192 2.000000000 2
160 500 3 8192 2.000000000 2
160 504 3 8192 2.000000000 2
160 532 3 8192 2.000000000 2
160 556 3 8192 2.000000000 2
160 560 3 8192 2.000000000 2
160 580 3 8192 2.000000000 2
160 616 3 8192 2.000000000 2
160 644 3 8192 2.000000000 2
160 664 3 8192 2.000000000 2
160 692 3 8192 2.000000000 2
160 736 3 8192 2.000000000 2
160 748 3 8192 2.000000000 2
160 764 3 8192 2.000000000 2
160 772 3 8192 2.000000000 2
160 836 3 8192 2.000000000 2
160 840 3 8192 2.000000000 2
160 852 3 8192 2.000000000 2
160 872 3 8192 2.000000000 2
160 888 3 8192 2.000000000 2
160 892 3 8192 2.000000000 2
160 908 3 8192 2.000000000 2
160 956 3 8192 2.000000000 2
160 964 3 8192 2.000000000 2
160 992 3 8192 2.000000000 2
160 1004 3 8192 2.000000000 2
160 1020 3 8192 2.000000000 2
160 1028 3 8192 2.000000000 2
160 1048 3 8192 2.000000000 2
160 1076 3 8192 2.000000000 2
160 1096 3 8192 2.000000000 2
160 1100 3 8192 2.000000000 2
160 1108 3 8192 2.000000000 2
160 1128 3 8192 2.000000000 2
160 1184 3 8192 2.000000000 2
160 1204 3 8192 2.000000000 2
160 1244 3 8192 2.000000000 2
160 1252 3 8192 2.000000000 2
160 1272 3 8192 2.000000000 2
164 8 3 8192 2.000000000 2
164 16 3 8192 2.000000000 2
164 28 3 8192 2.000000000 2
164 52 3 8192 2.000000000 2
164 92 3 8192 2.000000000 2
164 176 3 8192 2.000000000 2
164 180 3 8192 2.000000000 2
164 200 3 8192 2.000000000 2
164 204 3 8192 2.000000000 2
164 208 3 8192 2.000000000 2
164 240 3 8192 2.000000000 2
164 264 3 8192 2.000000000 2
164 272 3 8192 2.000000000 2
164 320 3 8192 2.000000000 2
164 328 3 8192 2.000000000 2
164 336 3 8192 2.000000000 2
164 348 3 8192 2.000000000 2
164 352 3 8192 2.000000000 2
164 360 3 8192 2.000000000 2
164 364 3 8192 2.000000000 2
164 376 3 8192 2.000000000 2
164 392 3 8192 2.000000000 2
164 400 3 8192 2.000000000 2
164 416 3 8192 2.000000000 2
164 424 3 8192 2.000000000 2
164 428 3 8192 2.000000000 2
164 444 3 8192 2.000000000 2
164 456 3 8192 2.000000000 2
164 460 3 8192 2.000000000 2
164 488 3 8192 2.000000000 2
164 492 3 8192 2.000000000 2
164 500 3 8192 2.000000000 2
164 504 3 8192 2.000000000 2
164 516 3 8192 2.000000000 2
164 520 3 8192 2.000000000 2
164 536 3 8192 2.000000000 2
164 540 3 8192 2.000000000 2
164 608 3 8192 2.000000000 2
164 628 3 8192 2.000000000 2
164 632 3 8192 2.000000000 2
164 652 3 8192 2.000000000 2
164 660 3 8192 2.000000000 2
164 672 3 8192 2.000000000 2
164 676 3 8192 2.000000000 2
164 680 3 8192 2.000000000 2
164 740 3 8192 2.000000000 2
164 768 3 8192 2.000000000 2
164 772 3 8192 2.000000000 2
164 784 3 8192 2.000000000 2
164 840 3 8192 2.000000000 2
164 856 3 8192 2.000000000 2
164 940 3 8192 2.000000000 2
164 948 3 8192 2.000000000 2
164 952 3 8192 2.000000000 2
164 972 3 8192 2.000000000 2
164 992 3 8192 2.000000000 2
164 1000 3 8192 2.000000000 2
164 1044 3 8192 2.000000000 2
164 1076 3 8192 2.000000000 2
164 1084 3 8192 2.000000000 2
164 1212 3 8192 2.000000000 2
164 1220 3 8192 2.000000000 2
164 1228 3 8192 2.000000000 2
164 1272 3 8192 2.000000000 2
172 56 3 8192 2.000000000 2
172 76 3 8192 2.000000000 2
172 92 3 8192 2.000000000 2
172 96 3 8192 2.000000000 2
172 108 3 8192 2.000000000 2
172 112 3 8192 2.000000000 2
172 116 3 8192 2.000000000 2
172 152 3 8192 2.000000000 2
172 176 3 8192 2.000000000 2
172 264 3 8192 2.000000000 2
172 272 3 8192 2.000000000 2
172 292 3 8192 2.000000000 2
172 368 3 8192 2.000000000 2
172 372 3 8192 2.000000000 2
172 456 3 8192 2.000000000 2
172 488 3 8192 2.000000000 2
172 500 3 8192 2.000000000 2
172 504 3 8192 2.000000000 2
172 516 3 8192 2.000000000 2
172 560 3 8192 2.000000000 2
172 564 3 8192 2.000000000 2
172 588 3 8192 2.000000000 2
172 628 3 8192 2.000000000 2
172 632 3 8192 2.000000000 2
172 668 3 8192 2.000000000 2
172 672 3 8192 2.000000000 2
172 676 3 8192 2.000000000 2
172 680 3 8192 2.000000000 2
172 708 3 8192 2.000000000 2
172 768 3 8192 2.000000000 2
172 800 3 8192 2.000000000 2
172 840 3 8192 2.000000000 2
172 848 3 8192 2.000000000 2
172 860 3 8192 2.000000000 2
172 884 3 8192 2.000000000 2
172 892 3 8192 2.000000000 2
172 904 3 8192 2.000000000 2
172 916 3 8192 2.000000000 2
172 948 3 8192 2.000000000 2
172 972 3 8192 2.000000000 2
172 976 3 8192 2.000000000 2
172 980 3 8192 2.000000000 2
172 988 3 8192 2.000000000 2
172 996 3 8192 2.000000000 2
172 1008 3 8192 2.000000000 2
172 1012 3 8192 2.000000000 2
172 1020 3 8192 2.000000000 2
172 1032 3 8192 2.000000000 2
172 1044 3 8192 2.000000000 2
172 1080 3 8192 2.000000000 2
172 1088 3 8192 2.000000000 2
172 1092 3 8192 2.000000000 2
172 1112 3 8192 2.000000000 2
172 1140 3 8192 2.000000000 2
172 1176 3 8192 2.000000000 2
172 1180 3 8192 2.000000000 2
172 1184 3 8192 2.000000000 2
172 1204 3 8192 2.000000000 2
172 1212 3 8192 2.000000000 2
172 1216 3 8192 2.000000000 2
172 1224 3 8192 2.000000000 2
172 1228 3 8192 2.000000000 2
172 1252 3 8192 2.000000000 2
172 1276 3 8192 2.000000000 2
176 4 3 8192 2.000000000 2
176 12 3 8192 2.000000000 2
176 16 3 8192 2.000000000 2
176 56 3 8192 2.000000000 2
176 64 3 8192 2.000000000 2
176 76 3 8192 2.000000000 2
176 112 3 8192 2.000000000 2
176 120 3 8192 2.000000000 2
176 136 3 8192 2.000000000 2
176 156 3 8192 2.000000000 2
176 160 3 8192 2.000000000 2
176 164 3 8192 2.000000000 2
176 196 3 8192 2.000000000 2
176 256 3 8192 2.000000000 2
176 272 3 8192 2.000000000 2
176 284 3 8192 2.000000000 2
176 292 3 8192 2.000000000 2
176 320 3 8192 2.000000000 2
176 324 3 8192 2.000000000 2
176 336 3 8192 2.000000000 2
176 340 3 8192 2.000000000 2
176 352 3 8192 2.000000000 2
176 392 3 8192 2.000000000 2
176 448 3 8192 2.000000000 2
176 544 3 8192 2.000000000 2
176 556 3 8192 2.000000000 2
176 560 3 8192 2.000000000 2
176 592 3 8192 2.000000000 2
176 616 3 8192 2.000000000 2
176 620 3 8192 2.000000000 2
176 628 3 8192 2.000000000 2
176 664 3 8192 2.000000000 2
176 668 3 8192 2.000000000 2
176 684 3 8192 2.000000000 2
176 724 3 8192 2.000000000 2
176 732 3 8192 2.000000000 2
176 772 3 8192 2.000000000 2
176 788 3 8192 2.000000000 2
176 792 3 8192 2.000000000 2
176 816 3 8192 2.000000000 2
176 828 3 8192 2.000000000 2
176 840 3 8192 2.000000000 2
176 844 3 8192 2.000000000 2
176 888 3 8192 2.000000000 2
176 892 3 8192 2.000000000 2
176 908 3 8192 2.000000000 2
176 912 3 8192 2.000000000 2
176 940 3 8192 2.000000000 2
176 968 3 8192 2.000000000 2
176 984 3 8192 2.000000000 2
176 1012 3 8192 2.000000000 2
176 1024 3 8192 2.000000000 2
176 1036 3 8192 2.000000000 2
176 1076 3 8192 2.000000000 2
176 1092 3 8192 2.000000000 2
176 1112 3 8192 2.000000000 2
176 1144 3 8192 2.000000000 2
176 1148 3 8192 2.000000000 2
176 1216 3 8192 2.000000000 2
176 1228 3 8192 2.000000000 2
176 1252 3 8192 2.000000000 2
176 1264 3 8192 2.000000000 2
176 1272 3 8192 2.000000000 2
176 1276 3 8192 2.000000000 2
180 48 3 8192 2.000000000 2
180 56 3 8192 2.000000000 2
180 72 3 8192 2.000000000 2
180 76 3 8192 2.000000000 2
180 92 3 8192 2.000000000 2
180 164 3 8192 2.000000000 2
180 208 3 8192 2.000000000 2
180 224 3 8192 2.000000000 2
180 256 3 8192 2.000000000 2
180 276 3 8192 2.000000000 2
180 280 3 8192 2.000000000 2
180 312 3 8192 2.000000000 2
180 320 3 8192 2.000000000 2
180 328 3 8192 2.000000000 2
180 364 3 8192 2.000000000 2
180 380 3 8192 2.000000000 2
180 384 3 8192 2.000000000 2
180 416 3 8192 2.000000000 2
180 424 3 8192 2.000000000 2
180 432 3 8192 2.000000000 2
180 472 3 8192 2.000000000 2
180 532 3 8192 2.000000000 2
180 536 3 8192 2.000000000 2
180 544 3 8192 2.000000000 2
180 548 3 8192 2.000000000 2
180 568 3 8192 2.000000000 2
180 636 3 8192 2.000000000 2
180 644 3 8192 2.000000000 2
180 680 3 8192 2.000000000 2
180 688 3 8192 2.000000000 2
180 712 3 8192 2.000000000 2
180 740 3 8192 2.000000000 2
180 748 3 8192 2.000000000 2
180 752 3 8192 2.000000000 2
180 760 3 8192 2.000000000 2
180 812 3 8192 2.000000000 2
180 828 3 8192 2.000000000 2
180 896 3 8192 2.000000000 2
180 908 3 8192 2.000000000 2
180 912 3 8192 2.000000000 2
180 916 3 8192 2.000000000 2
180 952 3 8192 2.000000000 2
180 956 3 8192 2.000000000 2
180 960 3 8192 2.000000000 2
180 972 3 8192 2.000000000 2
180 984 3 8192 2.000000000 2
180 996 3 8192 2.000000000 2
180 1004 3 8192 2.000000000 2
180 1008 3 8192 2.000000000 2
180 1020 3 8192 2.000000000 2
180 1028 3 8192 2.000000000 2
180 1044 3 8192 2.000000000 2
180 1056 3 8192 2.000000000 2
180 1080 3 8192 2.000000000 2
180 1100 3 8192 2.000000000 2
180 1112 3 8192 2.000000000 2
180 1128 3 8192 2.000000000 2
180 1160 3 8192 2.000000000 2
180 1184 3 8192 2.000000000 2
180 1192 3 8192 2.000000000 2
180 1208 3 8192 2.000000000 2
180 1212 3 8192 2.000000000 2
180 1220 3 8192 2.000000000 2
180 1268 3 8192 2.000000000 2
192 20 3 8192 2.000000000 2
192 56 3 8192 2.000000000 2
192 72 3 8192 2.000000000 2
192 92 3 8192 2.000000000 2
192 112 3 8192 2.000000000 2
192 116 3 8192 2.000000000 2
192 120 3 8192 2.000000000 2
192 212 3 8192 2.000000000 2
192 256 3 8192 2.000000000 2
192 268 3 8192 2.000000000 2
192 292 3 8192 2.000000000 2
192 328 3 8192 2.000000000 2
192 360 3 8192 2.000000000 2
192 364 3 8192 2.000000000 2
192 384 3 8192 2.000000000 2
192 396 3 8192 2.000000000 2
192 416 3 8192 2.000000000 2
192 432 3 8192 2.000000000 2
192 452 3 8192 2.000000000 2
192 456 3 8192 2.000000000 2
192 472 3 8192 2.000000000 2
192 500 3 8192 2.000000000 2
192 504 3 8192 2.000000000 2
192 508 3 8192 2.000000000 2
192 520 3 8192 2.000000000 2
192 548 3 8192 2.000000000 2
192 556 3 8192 2.000000000 2
192 588 3 8192 2.000000000 2
192 608 3 8192 2.000000000 2
192 628 3 8192 2.000000000 2
192 636 3 8192 2.000000000 2
192 640 3 8192 2.000000000 2
192 664 3 8192 2.000000000 2
192 668 3 8192 2.000000000 2
192 680 3 8192 2.000000000 2
192 708 3 8192 2.000000000 2
192 732 3 8192 2.000000000 2
192 760 3 8192 2.000000000 2
192 796 3 8192 2.000000000 2
192 848 3 8192 2.000000000 2
192 880 3 8192 2.000000000 2
192 896 3 8192 2.000000000 2
192 904 3 8192 2.000000000 2
192 948 3 8192 2.000000000 2
192 952 3 8192 2.000000000 2
192 960 3 8192 2.000000000 2
192 972 3 8192 2.000000000 2
192 992 3 8192 2.000000000 2
192 996 3 8192 2.000000000 2
192 1012 3 8192 2.000000000 2
192 1016 3 8192 2.000000000 2
192 1028 3 8192 2.000000000 2
192 1040 3 8192 2.000000000 2
192 1048 3 8192 2.000000000 2
192 1052 3 8192 2.000000000 2
192 1056 3 8192 2.000000000 2
192 1092 3 8192 2.000000000 2
192 1156 3 8192 2.000000000 2
192 1164 3 8192 2.000000000 2
192 1176 3 8192 2.000000000 2
192 1228 3 8192 2.000000000 2
192 1252 3 8192 2.000000000 2
192 1260 3 8192 2.000000000 2
192 1272 3 8192 2.000000000 2
196 4 3 8192 2.000000000 2
196 16 3 8192 2.000000000 2
196 20 3 8192 2.000000000 2
196 32 3 8192 2.000000000 2
196 48 3 8192 2.000000000 2
196 52 3 8192 2.000000000 2
196 92 3 8192 2.000000000 2
196 112 3 8192 2.000000000 2
196 120 3 8192 2.000000000 2
196 132 3 8192 2.000000000 2
196 136 3 8192 2.000000000 2
196 260 3 8192 2.000000000 2
196 264 3 8192 2.000000000 2
196 272 3 8192 2.000000000 2
196 296 3 8192 2.000000000 2
196 328 3 8192 2.000000000 2
196 352 3 8192 2.000000000 2
196 360 3 8192 2.000000000 2
196 376 3 8192 2.000000000 2
196 380 3 8192 2.000000000 2
196 388 3 8192 2.000000000 2
196 392 3 8192 2.000000000 2
196 412 3 8192 2.000000000 2
196 440 3 8192 2.000000000 2
196 448 3 8192 2.000000000 2
196 452 3 8192 2.000000000 2
196 476 3 8192 2.000000000 2
196 588 3 8192 2.000000000 2
196 604 3 8192 2.000000000 2
196 612 3 8192 2.000000000 2
196 640 3 8192 2.000000000 2
196 652 3 8192 2.000000000 2
196 664 3 8192 2.000000000 2
196 672 3 8192 2.000000000 2
196 692 3 8192 2.000000000 2
196 748 3 8192 2.000000000 2
196 768 3 8192 2.000000000 2
196 792 3 8192 2.000000000 2
196 804 3 8192 2.000000000 2
196 812 3 8192 2.000000000 2
196 828 3 8192 2.000000000 2
196 856 3 8192 2.000000000 2
196 908 3 8192 2.000000000 2
196 984 3 8192 2.000000000 2
196 988 3 8192 2.000000000 2
196 992 3 8192 2.000000000 2
196 1016 3 8192 2.000000000 2
196 1020 3 8192 2.000000000 2
196 1040 3 8192 2.000000000 2
196 1044 3 8192 2.000000000 2
196 1060 3 8192 2.000000000 2
196 1072 3 8192 2.000000000 2
196 1092 3 8192 2.000000000 2
196 1104 3 8192 2.000000000 2
196 1156 3 8192 2.000000000 2
196 1160 3 8192 2.000000000 2
196 1196 3 8192 2.000000000 2
196 1208 3 8192 2.000000000 2
196 1228 3 8192 2.000000000 2
196 1252 3 8192 2.000000000 2
196 1256 3 8192 2.000000000 2
196 1260 3 8192 2.000000000 2
196 1264 3 8192 2.000000000 2
196 1268 3 8192 2.000000000 2
200 8 3 8192 2.000000000 2
200 12 3 8192 2.000000000 2
200 36 3 8192 2.000000000 2
200 52 3 8192 2.000000000 2
200 60 3 8192 2.000000000 2
200 68 3 8192 2.000000000 2
200 176 3 8192 2.000000000 2
200 192 3 8192 2.000000000 2
200 224 3 8192 2.000000000 2
200 264 3 8192 2.000000000 2
200 292 3 8192 2.000000000 2
200 296 3 8192 2.000000000 2
200 312 3 8192 2.000000000 2
200 320 3 8192 2.000000000 2
200 328 3 8192 2.000000000 2
200 336 3 8192 2.000000000 2
200 360 3 8192 2.000000000 2
200 368 3 8192 2.000000000 2
200 380 3 8192 2.000000000 2
200 388 3 8192 2.000000000 2
200 392 3 8192 2.000000000 2
200 396 3 8192 2.000000000 2
200 424 3 8192 2.000000000 2
200 440 3 8192 2.000000000 2
200 452 3 8192 2.000000000 2
200 456 3 8192 2.000000000 2
200 472 3 8192 2.000000000 2
200 504 3 8192 2.000000000 2
200 552 3 8192 2.000000000 2
200 580 3 8192 2.000000000 2
200 588 3 8192 2.000000000 2
200 592 3 8192 2.000000000 2
200 600 3 8192 2.000000000 2
200 644 3 8192 2.000000000 2
200 652 3 8192 2.000000000 2
200 664 3 8192 2.000000000 2
200 680 3 8192 2.000000000 2
200 764 3 8192 2.000000000 2
200 772 3 8192 2.000000000 2
200 788 3 8192 2.000000000 2
200 800 3 8192 2.000000000 2
200 804 3 8192 2.000000000 2
200 816 3 8192 2.000000000 2
200 828 3 8192 2.000000000 2
200 836 3 8192 2.000000000 2
200 856 3 8192 2.000000000 2
200 904 3 8192 2.000000000 2
200 916 3 8192 2.000000000 2
200 952 3 8192 2.000000000 2
200 976 3 8192 2.000000000 2
200 996 3 8192 2.000000000 2
200 1000 3 8192 2.000000000 2
200 1008 3 8192 2.000000000 2
200 1012 3 8192 2.000000000 2
200 1044 3 8192 2.000000000 2
200 1060 3 8192 2.000000000 2
200 1076 3 8192 2.000000000 2
200 1084 3 8192 2.000000000 2
200 1100 3 8192 2.000000000 2
200 1184 3 8192 2.000000000 2
200 1204 3 8192 2.000000000 2
200 1224 3 8192 2.000000000 2
200 1236 3 8192 2.000000000 2
200 1256 3 8192 2.000000000 2
204 8 3 8192 2.000000000 2
204 36 3 8192 2.000000000 2
204 56 3 8192 2.000000000 2
204 60 3 8192 2.000000000 2
204 72 3 8192 2.000000000 2
204 120 3 8192 2.000000000 2
204 136 3 8192 2.000000000 2
204 172 3 8192 2.000000000 2
204 180 3 8192 2.000000000 2
204 200 3 8192 2.000000000 2
204 240 3 8192 2.000000000 2
204 264 3 8192 2.000000000 2
204 268 3 8192 2.000000000 2
204 304 3 8192 2.000000000 2
204 312 3 8192 2.000000000 2
204 360 3 8192 2.000000000 2
204 384 3 8192 2.000000000 2
204 388 3 8192 2.000000000 2
204 396 3 8192 2.000000000 2
204 440 3 8192 2.000000000 2
204 444 3 8192 2.000000000 2
204 448 3 8192 2.000000000 2
204 456 3 8192 2.000000000 2
204 460 3 8192 2.000000000 2
204 472 3 8192 2.000000000 2
204 492 3 8192 2.000000000 2
204 540 3 8192 2.000000000 2
204 556 3 8192 2.000000000 2
204 592 3 8192 2.000000000 2
204 596 3 8192 2.000000000 2
204 612 3 8192 2.000000000 2
204 616 3 8192 2.000000000 2
204 628 3 8192 2.000000000 2
204 636 3 8192 2.000000000 2
204 640 3 8192 2.000000000 2
204 644 3 8192 2.000000000 2
204 684 3 8192 2.000000000 2
204 748 3 8192 2.000000000 2
204 764 3 8192 2.000000000 2
204 816 3 8192 2.000000000 2
204 840 3 8192 2.000000000 2
204 848 3 8192 2.000000000 2
204 852 3 8192 2.000000000 2
204 880 3 8192 2.000000000 2
204 892 3 8192 2.000000000 2
204 916 3 8192 2.000000000 2
204 976 3 8192 2.000000000 2
204 992 3 8192 2.000000000 2
204 1000 3 8192 2.000000000 2
204 1004 3 8192 2.000000000 2
204 1008 3 8192 2.000000000 2
204 1016 3 8192 2.000000000 2
204 1020 3 8192 2.000000000 2
204 1056 3 8192 2.000000000 2
204 1076 3 8192 2.000000000 2
204 1104 3 8192 2.000000000 2
204 1108 3 8192 2.000000000 2
204 1140 3 8192 2.000000000 2
204 1156 3 8192 2.000000000 2
204 1180 3 8192 2.000000000 2
204 1192 3 8192 2.000000000 2
204 1236 3 8192 2.000000000 2
204 1244 3 8192 2.000000000 2
204 1252 3 8192 2.000000000 2
208 24 3 8192 2.000000000 2
208 36 3 8192 2.000000000 2
208 52 3 8192 2.000000000 2
208 60 3 8192 2.000000000 2
208 68 3 8192 2.000000000 2
208 76 3 8192 2.000000000 2
208 108 3 8192 2.000000000 2
208 136 3 8192 2.000000000 2
208 148 3 8192 2.000000000 2
208 176 3 8192 2.000000000 2
208 200 3 8192 2.000000000 2
208 244 3 8192 2.000000000 2
208 272 3 8192 2.000000000 2
208 280 3 8192 2.000000000 2
208 292 3 8192 2.000000000 2
208 316 3 8192 2.000000000 2
208 352 3 8192 2.000000000 2
208 360 3 8192 2.000000000 2
208 416 3 8192 2.000000000 2
208 440 3 8192 2.000000000 2
208 460 3 8192 2.000000000 2
208 468 3 8192 2.000000000 2
208 544 3 8192 2.000000000 2
208 552 3 8192 2.000000000 2
208 600 3 8192 2.000000000 2
208 620 3 8192 2.000000000 2
208 624 3 8192 2.000000000 2
208 628 3 8192 2.000000000 2
208 636 3 8192 2.000000000 2
208 640 3 8192 2.000000000 2
208 656 3 8192 2.000000000 2
208 664 3 8192 2.000000000 2
208 680 3 8192 2.000000000 2
208 684 3 8192 2.000000000 2
208 692 3 8192 2.000000000 2
208 708 3 8192 2.000000000 2
208 732 3 8192 2.000000000 2
208 748 3 8192 2.000000000 2
208 800 3 8192 2.000000000 2
208 828 3 8192 2.000000000 2
208 860 3 8192 2.000000000 2
208 880 3 8192 2.000000000 2
208 888 3 8192 2.000000000 2
208 908 3 8192 2.000000000 2
208 912 3 8192 2.000000000 2
208 940 3 8192 2.000000000 2
208 952 3 8192 2.000000000 2
208 960 3 8192 2.000000000 2
208 980 3 8192 2.000000000 2
208 996 3 8192 2.000000000 2
208 1024 3 8192 2.000000000 2
208 1048 3 8192 2.000000000 2
208 1068 3 8192 2.000000000 2
208 1080 3 8192 2.000000000 2
208 1084 3 8192 2.000000000 2
208 1092 3 8192 2.000000000 2
208 1104 3 8192 2.000000000 2
208 1108 3 8192 2.000000000 2
208 1112 3 8192 2.000000000 2
208 1144 3 8192 2.000000000 2
208 1180 3 8192 2.000000000 2
208 1208 3 8192 2.000000000 2
208 1216 3 8192 2.000000000 2
208 1236 3 8192 2.000000000 2
212 24 3 8192 2.000000000 2
212 108 3 8192 2.000000000 2
212 116 3 8192 2.000000000 2
212 152 3 8192 2.000000000 2
212 164 3 8192 2.000000000 2
212 204 3 8192 2.000000000 2
212 280 3 8192 2.000000000 2
212 288 3 8192 2.000000000 2
212 292 3 8192 2.000000000 2
212 304 3 8192 2.000000000 2
212 328 3 8192 2.000000000 2
212 376 3 8192 2.000000000 2
212 380 3 8192 2.000000000 2
212 392 3 8192 2.000000000 2
212 400 3 8192 2.000000000 2
212 424 3 8192 2.000000000 2
212 436 3 8192 2.000000000 2
212 448 3 8192 2.000000000 2
212 476 3 8192 2.000000000 2
212 536 3 8192 2.000000000 2
212 548 3 8192 2.000000000 2
212 564 3 8192 2.000000000 2
212 592 3 8192 2.000000000 2
212 600 3 8192 2.000000000 2
212 604 3 8192 2.000000000 2
212 608 3 8192 2.000000000 2
212 620 3 8192 2.000000000 2
212 628 3 8192 2.000000000 2
212 640 3 8192 2.000000000 2
212 660 3 8192 2.000000000 2
212 676 3 8192 2.000000000 2
212 684 3 8192 2.000000000 2
212 688 3 8192 2.000000000 2
212 692 3 8192 2.000000000 2
212 720 3 8192 2.000000000 2
212 740 3 8192 2.000000000 2
212 748 3 8192 2.000000000 2
212 752 3 8192 2.000000000 2
212 764 3 8192 2.000000000 2
212 788 3 8192 2.000000000 2
212 816 3 8192 2.000000000 2
212 828 3 8192 2.000000000 2
212 840 3 8192 2.000000000 2
212 844 3 8192 2.000000000 2
212 856 3 8192 2.000000000 2
212 888 3 8192 2.000000000 2
212 892 3 8192 2.000000000 2
212 908 3 8192 2.000000000 2
212 960 3 8192 2.000000000 2
212 972 3 8192 2.000000000 2
212 1016 3 8192 2.000000000 2
212 1044 3 8192 2.000000000 2
212 1052 3 8192 2.000000000 2
212 1080 3 8192 2.000000000 2
212 1096 3 8192 2.000000000 2
212 1108 3 8192 2.000000000 2
212 1160 3 8192 2.000000000 2
212 1180 3 8192 2.000000000 2
212 1192 3 8192 2.000000000 2
212 1204 3 8192 2.000000000 2
212 1236 3 8192 2.000000000 2
212 1244 3 8192 2.000000000 2
212 1260 3 8192 2.000000000 2
212 1268 3 8192 2.000000000 2
216 24 3 8192 2.000000000 2
216 32 3 8192 2.000000000 2
216 72 3 8192 2.000000000 2
216 76 3 8192 2.000000000 2
216 92 3 8192 2.000000000 2
216 96 3 8192 2.000000000 2
216 108 3 8192 2.000000000 2
216 160 3 8192 2.000000000 2
216 172 3 8192 2.000000000 2
216 192 3 8192 2.000000000 2
216 196 3 8192 2.000000000 2
216 208 3 8192 2.000000000 2
216 268 3 8192 2.000000000 2
216 284 3 8192 2.000000000 2
216 316 3 8192 2.000000000 2
216 324 3 8192 2.000000000 2
216 376 3 8192 2.000000000 2
216 440 3 8192 2.000000000 2
216 444 3 8192 2.000000000 2
216 472 3 8192 2.000000000 2
216 476 3 8192 2.000000000 2
216 496 3 8192 2.000000000 2
216 500 3 8192 2.000000000 2
216 504 3 8192 2.000000000 2
216 540 3 8192 2.000000000 2
216 548 3 8192 2.000000000 2
216 564 3 8192 2.000000000 2
216 588 3 8192 2.000000000 2
216 604 3 8192 2.000000000 2
216 640 3 8192 2.000000000 2
216 652 3 8192 2.000000000 2
216 668 3 8192 2.000000000 2
216 672 3 8192 2.000000000 2
216 676 3 8192 2.000000000 2
216 712 3 8192 2.000000000 2
216 752 3 8192 2.000000000 2
216 764 3 8192 2.000000000 2
216 768 3 8192 2.000000000 2
216 772 3 8192 2.000000000 2
216 784 3 8192 2.000000000 2
216 796 3 8192 2.000000000 2
216 800 3 8192 2.000000000 2
216 812 3 8192 2.000000000 2
216 860 3 8192 2.000000000 2
216 912 3 8192 2.000000000 2
216 916 3 8192 2.000000000 2
216 940 3 8192 2.000000000 2
216 956 3 8192 2.000000000 2
216 960 3 8192 2.000000000 2
216 964 3 8192 2.000000000 2
216 976 3 8192 2.000000000 2
216 984 3 8192 2.000000000 2
216 1020 3 8192 2.000000000 2
216 1060 3 8192 2.000000000 2
216 1068 3 8192 2.000000000 2
216 1080 3 8192 2.000000000 2
216 1088 3 8192 2.000000000 2
216 1112 3 8192 2.000000000 2
216 1140 3 8192 2.000000000 2
216 1148 3 8192 2.000000000 2
216 1208 3 8192 2.000000000 2
216 1228 3 8192 2.000000000 2
216 1236 3 8192 2.000000000 2
216 1260 3 8192 2.000000000 2
224 48 3 8192 2.000000000 2
224 76 3 8192 2.000000000 2
224 100 3 8192 2.000000000 2
224 120 3 8192 2.000000000 2
224 124 3 8192 2.000000000 2
224 204 3 8192 2.000000000 2
224 260 3 8192 2.000000000 2
224 268 3 8192 2.000000000 2
224 276 3 8192 2.000000000 2
224 288 3 8192 2.000000000 2
224 292 3 8192 2.000000000 2
224 308 3 8192 2.000000000 2
224 352 3 8192 2.000000000 2
224 360 3 8192 2.000000000 2
224 384 3 8192 2.000000000 2
224 420 3 8192 2.000000000 2
224 452 3 8192 2.000000000 2
224 488 3 8192 2.000000000 2
224 492 3 8192 2.000000000 2
224 496 3 8192 2.000000000 2
224 516 3 8192 2.000000000 2
224 532 3 8192 2.000000000 2
224 548 3 8192 2.000000000 2
224 556 3 8192 2.000000000 2
224 560 3 8192 2.000000000 2
224 620 3 8192 2.000000000 2
224 624 3 8192 2.000000000 2
224 640 3 8192 2.000000000 2
224 732 3 8192 2.000000000 2
224 736 3 8192 2.000000000 2
224 784 3 8192 2.000000000 2
224 788 3 8192 2.000000000 2
224 836 3 8192 2.000000000 2
224 844 3 8192 2.000000000 2
224 856 3 8192 2.000000000 2
224 880 3 8192 2.000000000 2
224 884 3 8192 2.000000000 2
224 892 3 8192 2.000000000 2
224 916 3 8192 2.000000000 2
224 940 3 8192 2.000000000 2
224 960 3 8192 2.000000000 2
224 988 3 8192 2.000000000 2
224 992 3 8192 2.000000000 2
224 1004 3 8192 2.000000000 2
224 1036 3 8192 2.000000000 2
224 1044 3 8192 2.000000000 2
224 1080 3 8192 2.000000000 2
224 1084 3 8192 2.000000000 2
224 1096 3 8192 2.000000000 2
224 1104 3 8192 2.000000000 2
224 1112 3 8192 2.000000000 2
224 1128 3 8192 2.000000000 2
224 1144 3 8192 2.000000000 2
224 1148 3 8192 2.000000000 2
224 1156 3 8192 2.000000000 2
224 1176 3 8192 2.000000000 2
224 1180 3 8192 2.000000000 2
224 1192 3 8192 2.000000000 2
224 1196 3 8192 2.000000000 2
224 1216 3 8192 2.000000000 2
224 1260 3 8192 2.000000000 2
224 1268 3 8192 2.000000000 2
224 1272 3 8192 2.000000000 2
224 1276 3 8192 2.000000000 2
240 36 3 8192 2.000000000 2
240 56 3 8192 2.000000000 2
240 64 3 8192 2.000000000 2
240 92 3 8192 2.000000000 2
240 108 3 8192 2.000000000 2
240 132 3 8192 2.000000000 2
240 192 3 8192 2.000000000 2
240 256 3 8192 2.000000000 2
240 268 3 8192 2.000000000 2
240 272 3 8192 2.000000000 2
240 308 3 8192 2.000000000 2
240 340 3 8192 2.000000000 2
240 372 3 8192 2.000000000 2
240 432 3 8192 2.000000000 2
240 468 3 8192 2.000000000 2
240 472 3 8192 2.000000000 2
240 476 3 8192 2.000000000 2
240 500 3 8192 2.000000000 2
240 504 3 8192 2.000000000 2
240 508 3 8192 2.000000000 2
240 520 3 8192 2.000000000 2
240 548 3 8192 2.000000000 2
240 556 3 8192 2.000000000 2
240 560 3 8192 2.000000000 2
240 564 3 8192 2.000000000 2
240 588 3 8192 2.000000000 2
240 636 3 8192 2.000000000 2
240 644 3 8192 2.000000000 2
240 656 3 8192 2.000000000 2
240 672 3 8192 2.000000000 2
240 676 3 8192 2.000000000 2
240 684 3 8192 2.000000000 2
240 748 3 8192 2.000000000 2
240 760 3 8192 2.000000000 2
240 764 3 8192 2.000000000 2
240 768 3 8192 2.000000000 2
240 772 3 8192 2.000000000 2
240 784 3 8192 2.000000000 2
240 812 3 8192 2.000000000 2
240 828 3 8192 2.000000000 2
240 880 3 8192 2.000000000 2
240 884 3 8192 2.000000000 2
240 896 3 8192 2.000000000 2
240 900 3 8192 2.000000000 2
240 904 3 8192 2.000000000 2
240 956 3 8192 2.000000000 2
240 964 3 8192 2.000000000 2
240 972 3 8192 2.000000000 2
240 1000 3 8192 2.000000000 2
240 1004 3 8192 2.000000000 2
240 1032 3 8192 2.000000000 2
240 1036 3 8192 2.000000000 2
240 1044 3 8192 2.000000000 2
240 1052 3 8192 2.000000000 2
240 1072 3 8192 2.000000000 2
240 1104 3 8192 2.000000000 2
240 1108 3 8192 2.000000000 2
240 1112 3 8192 2.000000000 2
240 1128 3 8192 2.000000000 2
240 1184 3 8192 2.000000000 2
240 1216 3 8192 2.000000000 2
240 1236 3 8192 2.000000000 2
240 1244 3 8192 2.000000000 2
240 1256 3 8192 2.000000000 2
244 12 3 8192 2.000000000 2
244 20 3 8192 2.000000000 2
244 48 3 8192 2.000000000 2
244 56 3 8192 2.000000000 2
244 72 3 8192 2.000000000 2
244 76 3 8192 2.000000000 2
244 112 3 8192 2.000000000 2
244 136 3 8192 2.000000000 2
244 148 3 8192 2.000000000 2
244 160 3 8192 2.000000000 2
244 176 3 8192 2.000000000 2
244 212 3 8192 2.000000000 2
244 216 3 8192 2.000000000 2
244 240 3 8192 2.000000000 2
244 256 3 8192 2.000000000 2
244 260 3 8192 2.000000000 2
244 352 3 8192 2.000000000 2
244 368 3 8192 2.000000000 2
244 396 3 8192 2.000000000 2
244 412 3 8192 2.000000000 2
244 416 3 8192 2.000000000 2
244 428 3 8192 2.000000000 2
244 456 3 8192 2.000000000 2
244 476 3 8192 2.000000000 2
244 492 3 8192 2.000000000 2
244 508 3 8192 2.000000000 2
244 520 3 8192 2.000000000 2
244 532 3 8192 2.000000000 2
244 548 3 8192 2.000000000 2
244 600 3 8192 2.000000000 2
244 632 3 8192 2.000000000 2
244 644 3 8192 2.000000000 2
244 656 3 8192 2.000000000 2
244 664 3 8192 2.000000000 2
244 668 3 8192 2.000000000 2
244 684 3 8192 2.000000000 2
244 724 3 8192 2.000000000 2
244 748 3 8192 2.000000000 2
244 780 3 8192 2.000000000 2
244 804 3 8192 2.000000000 2
244 812 3 8192 2.000000000 2
244 844 3 8192 2.000000000 2
244 856 3 8192 2.000000000 2
244 884 3 8192 2.000000000 2
244 892 3 8192 2.000000000 2
244 904 3 8192 2.000000000 2
244 948 3 8192 2.000000000 2
244 988 3 8192 2.000000000 2
244 1008 3 8192 2.000000000 2
244 1024 3 8192 2.000000000 2
244 1044 3 8192 2.000000000 2
244 1048 3 8192 2.000000000 2
244 1060 3 8192 2.000000000 2
244 1072 3 8192 2.000000000 2
244 1076 3 8192 2.000000000 2
244 1088 3 8192 2.000000000 2
244 1096 3 8192 2.000000000 2
244 1128 3 8192 2.000000000 2
244 1156 3 8192 2.000000000 2
244 1164 3 8192 2.000000000 2
244 1180 3 8192 2.000000000 2
244 1224 3 8192 2.000000000 2
244 1260 3 8192 2.000000000 2
244 1264 3 8192 2.000000000 2
256 20 3 8192 2.000000000 2
256 36 3 8192 2.000000000 2
256 40 3 8192 2.000000000 2
256 48 3 8192 2.000000000 2
256 52 3 8192 2.000000000 2
256 56 3 8192 2.000000000 2
256 68 3 8192 2.000000000 2
256 100 3 8192 2.000000000 2
256 120 3 8192 2.000000000 2
256 124 3 8192 2.000000000 2
256 128 3 8192 2.000000000 2
256 132 3 8192 2.000000000 2
256 136 3 8192 2.000000000 2
256 152 3 8192 2.000000000 2
256 240 3 8192 2.000000000 2
256 268 3 8192 2.000000000 2
256 304 3 8192 2.000000000 2
256 316 3 8192 2.000000000 2
256 324 3 8192 2.000000000 2
256 328 3 8192 2.000000000 2
256 352 3 8192 2.000000000 2
256 356 3 8192 2.000000000 2
256 376 3 8192 2.000000000 2
256 388 3 8192 2.000000000 2
256 420 3 8192 2.000000000 2
256 432 3 8192 2.000000000 2
256 472 3 8192 2.000000000 2
256 496 3 8192 2.000000000 2
256 504 3 8192 2.000000000 2
256 532 3 8192 2.000000000 2
256 536 3 8192 2.000000000 2
256 552 3 8192 2.000000000 2
256 588 3 8192 2.000000000 2
256 620 3 8192 2.000000000 2
256 640 3 8192 2.000000000 2
256 644 3 8192 2.000000000 2
256 692 3 8192 2.000000000 2
256 712 3 8192 2.000000000 2
256 736 3 8192 2.000000000 2
256 748 3 8192 2.000000000 2
256 780 3 8192 2.000000000 2
256 828 3 8192 2.000000000 2
256 848 3 8192 2.000000000 2
256 860 3 8192 2.000000000 2
256 880 3 8192 2.000000000 2
256 884 3 8192 2.000000000 2
256 900 3 8192 2.000000000 2
256 908 3 8192 2.000000000 2
256 912 3 8192 2.000000000 2
256 940 3 8192 2.000000000 2
256 948 3 8192 2.000000000 2
256 956 3 8192 2.000000000 2
256 972 3 8192 2.000000000 2
256 976 3 8192 2.000000000 2
256 992 3 8192 2.000000000 2
256 1000 3 8192 2.000000000 2
256 1056 3 8192 2.000000000 2
256 1068 3 8192 2.000000000 2
256 1088 3 8192 2.000000000 2
256 1096 3 8192 2.000000000 2
256 1108 3 8192 2.000000000 2
256 1144 3 8192 2.000000000 2
256 1164 3 8192 2.000000000 2
256 1176 3 8192 2.000000000 2
260 12 3 8192 2.000000000 2
260 40 3 8192 2.000000000 2
260 48 3 8192 2.000000000 2
260 56 3 8192 2.000000000 2
260 72 3 8192 2.000000000 2
260 112 3 8192 2.000000000 2
260 116 3 8192 2.000000000 2
260 124 3 8192 2.000000000 2
260 128 3 8192 2.000000000 2
260 152 3 8192 2.000000000 2
260 156 3 8192 2.000000000 2
260 164 3 8192 2.000000000 2
260 192 3 8192 2.000000000 2
260 224 3 8192 2.000000000 2
260 244 3 8192 2.000000000 2
260 272 3 8192 2.000000000 2
260 280 3 8192 2.000000000 2
260 372 3 8192 2.000000000 2
260 388 3 8192 2.000000000 2
260 396 3 8192 2.000000000 2
260 428 3 8192 2.000000000 2
260 440 3 8192 2.000000000 2
260 448 3 8192 2.000000000 2
260 520 3 8192 2.000000000 2
260 544 3 8192 2.000000000 2
260 556 3 8192 2.000000000 2
260 580 3 8192 2.000000000 2
260 600 3 8192 2.000000000 2
260 612 3 8192 2.000000000 2
260 620 3 8192 2.000000000 2
260 672 3 8192 2.000000000 2
260 676 3 8192 2.000000000 2
260 708 3 8192 2.000000000 2
260 720 3 8192 2.000000000 2
260 732 3 8192 2.000000000 2
260 744 3 8192 2.000000000 2
260 764 3 8192 2.000000000 2
260 768 3 8192 2.000000000 2
260 780 3 8192 2.000000000 2
260 792 3 8192 2.000000000 2
260 812 3 8192 2.000000000 2
260 828 3 8192 2.000000000 2
260 860 3 8192 2.000000000 2
260 904 3 8192 2.000000000 2
260 952 3 8192 2.000000000 2
260 984 3 8192 2.000000000 2
260 988 3 8192 2.000000000 2
260 1004 3 8192 2.000000000 2
260 1032 3 8192 2.000000000 2
260 1040 3 8192 2.000000000 2
260 1056 3 8192 2.000000000 2
260 1068 3 8192 2.000000000 2
260 1088 3 8192 2.000000000 2
260 1092 3 8192 2.000000000 2
260 1112 3 8192 2.000000000 2
260 1128 3 8192 2.000000000 2
260 1140 3 8192 2.000000000 2
260 1164 3 8192 2.000000000 2
260 1180 3 8192 2.000000000 2
260 1196 3 8192 2.000000000 2
260 1224 3 8192 2.000000000 2
260 1236 3 8192 2.000000000 2
260 1244 3 8192 2.000000000 2
260 1264 3 8192 2.000000000 2
264 4 3 8192 2.000000000 2
264 20 3 8192 2.000000000 2
264 28 3 8192 2.000000000 2
264 36 3 8192 2.000000000 2
264 68 3 8192 2.000000000 2
264 92 3 8192 2.000000000 2
264 128 3 8192 2.000000000 2
264 152 3 8192 2.000000000 2
264 176 3 8192 2.000000000 2
264 180 3 8192 2.000000000 2
264 196 3 8192 2.000000000 2
264 208 3 8192 2.000000000 2
264 244 3 8192 2.000000000 2
264 272 3 8192 2.000000000 2
264 292 3 8192 2.000000000 2
264 304 3 8192 2.000000000 2
264 316 3 8192 2.000000000 2
264 348 3 8192 2.000000000 2
264 356 3 8192 2.000000000 2
264 360 3 8192 2.000000000 2
264 368 3 8192 2.000000000 2
264 428 3 8192 2.000000000 2
264 432 3 8192 2.000000000 2
264 448 3 8192 2.000000000 2
264 536 3 8192 2.000000000 2
264 540 3 8192 2.000000000 2
264 548 3 8192 2.000000000 2
264 564 3 8192 2.000000000 2
264 568 3 8192 2.000000000 2
264 580 3 8192 2.000000000 2
264 588 3 8192 2.000000000 2
264 612 3 8192 2.000000000 2
264 632 3 8192 2.000000000 2
264 660 3 8192 2.000000000 2
264 668 3 8192 2.000000000 2
264 684 3 8192 2.000000000 2
264 732 3 8192 2.000000000 2
264 736 3 8192 2.000000000 2
264 748 3 8192 2.000000000 2
264 772 3 8192 2.000000000 2
264 788 3 8192 2.000000000 2
264 804 3 8192 2.000000000 2
264 812 3 8192 2.000000000 2
264 816 3 8192 2.000000000 2
264 836 3 8192 2.000000000 2
264 872 3 8192 2.000000000 2
264 880 3 8192 2.000000000 2
264 888 3 8192 2.000000000 2
264 904 3 8192 2.000000000 2
264 960 3 8192 2.000000000 2
264 976 3 8192 2.000000000 2
264 996 3 8192 2.000000000 2
264 1000 3 8192 2.000000000 2
264 1024 3 8192 2.000000000 2
264 1040 3 8192 2.000000000 2
264 1084 3 8192 2.000000000 2
264 1088 3 8192 2.000000000 2
264 1108 3 8192 2.000000000 2
264 1140 3 8192 2.000000000 2
264 1164 3 8192 2.000000000 2
264 1260 3 8192 2.000000000 2
264 1268 3 8192 2.000000000 2
264 1272 3 8192 2.000000000 2
264 1276 3 8192 2.000000000 2
268 4 3 8192 2.000000000 2
268 28 3 8192 2.000000000 2
268 56 3 8192 2.000000000 2
268 60 3 8192 2.000000000 2
268 72 3 8192 2.000000000 2
268 76 3 8192 2.000000000 2
268 108 3 8192 2.000000000 2
268 120 3 8192 2.000000000 2
268 160 3 8192 2.000000000 2
268 244 3 8192 2.000000000 2
268 256 3 8192 2.000000000 2
268 280 3 8192 2.000000000 2
268 304 3 8192 2.000000000 2
268 328 3 8192 2.000000000 2
268 340 3 8192 2.000000000 2
268 384 3 8192 2.000000000 2
268 424 3 8192 2.000000000 2
268 432 3 8192 2.000000000 2
268 444 3 8192 2.000000000 2
268 460 3 8192 2.000000000 2
268 472 3 8192 2.000000000 2
268 536 3 8192 2.000000000 2
268 564 3 8192 2.000000000 2
268 588 3 8192 2.000000000 2
268 596 3 8192 2.000000000 2
268 608 3 8192 2.000000000 2
268 620 3 8192 2.000000000 2
268 628 3 8192 2.000000000 2
268 636 3 8192 2.000000000 2
268 644 3 8192 2.000000000 2
268 652 3 8192 2.000000000 2
268 684 3 8192 2.000000000 2
268 688 3 8192 2.000000000 2
268 732 3 8192 2.000000000 2
268 736 3 8192 2.000000000 2
268 740 3 8192 2.000000000 2
268 748 3 8192 2.000000000 2
268 752 3 8192 2.000000000 2
268 764 3 8192 2.000000000 2
268 788 3 8192 2.000000000 2
268 800 3 8192 2.000000000 2
268 812 3 8192 2.000000000 2
268 816 3 8192 2.000000000 2
268 828 3 8192 2.000000000 2
268 844 3 8192 2.000000000 2
268 848 3 8192 2.000000000 2
268 892 3 8192 2.000000000 2
268 896 3 8192 2.000000000 2
268 900 3 8192 2.000000000 2
268 904 3 8192 2.000000000 2
268 940 3 8192 2.000000000 2
268 980 3 8192 2.000000000 2
268 1032 3 8192 2.000000000 2
268 1036 3 8192 2.000000000 2
268 1060 3 8192 2.000000000 2
268 1088 3 8192 2.000000000 2
268 1096 3 8192 2.000000000 2
268 1140 3 8192 2.000000000 2
268 1176 3 8192 2.000000000 2
268 1196 3 8192 2.000000000 2
268 1228 3 8192 2.000000000 2
268 1236 3 8192 2.000000000 2
268 1256 3 8192 2.000000000 2
268 1272 3 8192 2.000000000 2
272 0 3 8192 2.000000000 2
272 4 3 8192 2.000000000 2
272 16 3 8192 2.000000000 2
272 48 3 8192 2.000000000 2
272 60 3 8192 2.000000000 2
272 92 3 8192 2.000000000 2
272 100 3 8192 2.000000000 2
272 116 3 8192 2.000000000 2
272 152 3 8192 2.000000000 2
272 172 3 8192 2.000000000 2
272 200 3 8192 2.000000000 2
272 264 3 8192 2.000000000 2
272 276 3 8192 2.000000000 2
272 312 3 8192 2.000000000 2
272 316 3 8192 2.000000000 2
272 324 3 8192 2.000000000 2
272 328 3 8192 2.000000000 2
272 352 3 8192 2.000000000 2
272 356 3 8192 2.000000000 2
272 376 3 8192 2.000000000 2
272 384 3 8192 2.000000000 2
272 424 3 8192 2.000000000 2
272 468 3 8192 2.000000000 2
272 472 3 8192 2.000000000 2
272 492 3 8192 2.000000000 2
272 532 3 8192 2.000000000 2
272 548 3 8192 2.000000000 2
272 560 3 8192 2.000000000 2
272 612 3 8192 2.000000000 2
272 628 3 8192 2.000000000 2
272 632 3 8192 2.000000000 2
272 644 3 8192 2.000000000 2
272 668 3 8192 2.000000000 2
272 680 3 8192 2.000000000 2
272 740 3 8192 2.000000000 2
272 744 3 8192 2.000000000 2
272 748 3 8192 2.000000000 2
272 752 3 8192 2.000000000 2
272 780 3 8192 2.000000000 2
272 800 3 8192 2.000000000 2
272 816 3 8192 2.000000000 2
272 896 3 8192 2.000000000 2
272 916 3 8192 2.000000000 2
272 956 3 8192 2.000000000 2
272 968 3 8192 2.000000000 2
272 988 3 8192 2.000000000 2
272 996 3 8192 2.000000000 2
272 1024 3 8192 2.000000000 2
272 1048 3 8192 2.000000000 2
272 1052 3 8192 2.000000000 2
272 1068 3 8192 2.000000000 2
272 1084 3 8192 2.000000000 2
272 1112 3 8192 2.000000000 2
272 1128 3 8192 2.000000000 2
272 1180 3 8192 2.000000000 2
272 1184 3 8192 2.000000000 2
272 1196 3 8192 2.000000000 2
272 1204 3 8192 2.000000000 2
272 1212 3 8192 2.000000000 2
272 1220 3 8192 2.000000000 2
272 1236 3 8192 2.000000000 2
272 1264 3 8192 2.000000000 2
272 1268 3 8192 2.000000000 2
272 1272 3 8192 2.000000000 2
276 20 3 8192 2.000000000 2
276 36 3 8192 2.000000000 2
276 48 3 8192 2.000000000 2
276 52 3 8192 2.000000000 2
276 64 3 8192 2.000000000 2
276 100 3 8192 2.000000000 2
276 108 3 8192 2.000000000 2
276 160 3 8192 2.000000000 2
276 212 3 8192 2.000000000 2
276 264 3 8192 2.000000000 2
276 284 3 8192 2.000000000 2
276 292 3 8192 2.000000000 2
276 304 3 8192 2.000000000 2
276 316 3 8192 2.000000000 2
276 340 3 8192 2.000000000 2
276 356 3 8192 2.000000000 2
276 372 3 8192 2.000000000 2
276 396 3 8192 2.000000000 2
276 420 3 8192 2.000000000 2
276 424 3 8192 2.000000000 2
276 428 3 8192 2.000000000 2
276 436 3 8192 2.000000000 2
276 444 3 8192 2.000000000 2
276 452 3 8192 2.000000000 2
276 456 3 8192 2.000000000 2
276 468 3 8192 2.000000000 2
276 472 3 8192 2.000000000 2
276 476 3 8192 2.000000000 2
276 488 3 8192 2.000000000 2
276 544 3 8192 2.000000000 2
276 548 3 8192 2.000000000 2
276 568 3 8192 2.000000000 2
276 596 3 8192 2.000000000 2
276 600 3 8192 2.000000000 2
276 612 3 8192 2.000000000 2
276 624 3 8192 2.000000000 2
276 632 3 8192 2.000000000 2
276 644 3 8192 2.000000000 2
276 660 3 8192 2.000000000 2
276 668 3 8192 2.000000000 2
276 764 3 8192 2.000000000 2
276 768 3 8192 2.000000000 2
276 804 3 8192 2.000000000 2
276 848 3 8192 2.000000000 2
276 880 3 8192 2.000000000 2
276 900 3 8192 2.000000000 2
276 948 3 8192 2.000000000 2
276 952 3 8192 2.000000000 2
276 964 3 8192 2.000000000 2
276 968 3 8192 2.000000000 2
276 980 3 8192 2.000000000 2
276 996 3 8192 2.000000000 2
276 1020 3 8192 2.000000000 2
276 1028 3 8192 2.000000000 2
276 1068 3 8192 2.000000000 2
276 1072 3 8192 2.000000000 2
276 1108 3 8192 2.000000000 2
276 1148 3 8192 2.000000000 2
276 1184 3 8192 2.000000000 2
276 1192 3 8192 2.000000000 2
276 1208 3 8192 2.000000000 2
276 1220 3 8192 2.000000000 2
276 1224 3 8192 2.000000000 2
276 1228 3 8192 2.000000000 2
280 0 3 8192 2.000000000 2
280 12 3 8192 2.000000000 2
280 36 3 8192 2.000000000 2
280 60 3 8192 2.000000000 2
280 100 3 8192 2.000000000 2
280 120 3 8192 2.000000000 2
280 136 3 8192 2.000000000 2
280 148 3 8192 2.000000000 2
280 164 3 8192 2.000000000 2
280 192 3 8192 2.000000000 2
280 196 3 8192 2.000000000 2
280 200 3 8192 2.000000000 2
280 212 3 8192 2.000000000 2
280 256 3 8192 2.000000000 2
280 264 3 8192 2.000000000 2
280 268 3 8192 2.000000000 2
280 276 3 8192 2.000000000 2
280 284 3 8192 2.000000000 2
280 324 3 8192 2.000000000 2
280 340 3 8192 2.000000000 2
280 360 3 8192 2.000000000 2
280 364 3 8192 2.000000000 2
280 372 3 8192 2.000000000 2
280 396 3 8192 2.000000000 2
280 436 3 8192 2.000000000 2
280 452 3 8192 2.000000000 2
280 456 3 8192 2.000000000 2
280 500 3 8192 2.000000000 2
280 504 3 8192 2.000000000 2
280 516 3 8192 2.000000000 2
280 552 3 8192 2.000000000 2
280 568 3 8192 2.000000000 2
280 596 3 8192 2.000000000 2
280 636 3 8192 2.000000000 2
280 640 3 8192 2.000000000 2
280 652 3 8192 2.000000000 2
280 664 3 8192 2.000000000 2
280 672 3 8192 2.000000000 2
280 712 3 8192 2.000000000 2
280 732 3 8192 2.000000000 2
280 736 3 8192 2.000000000 2
280 752 3 8192 2.000000000 2
280 768 3 8192 2.000000000 2
280 772 3 8192 2.000000000 2
280 836 3 8192 2.000000000 2
280 840 3 8192 2.000000000 2
280 880 3 8192 2.000000000 2
280 892 3 8192 2.000000000 2
280 948 3 8192 2.000000000 2
280 976 3 8192 2.000000000 2
280 980 3 8192 2.000000000 2
280 988 3 8192 2.000000000 2
280 1016 3 8192 2.000000000 2
280 1040 3 8192 2.000000000 2
280 1052 3 8192 2.000000000 2
280 1068 3 8192 2.000000000 2
280 1076 3 8192 2.000000000 2
280 1144 3 8192 2.000000000 2
280 1148 3 8192 2.000000000 2
280 1156 3 8192 2.000000000 2
280 1228 3 8192 2.000000000 2
280 1260 3 8192 2.000000000 2
280 1272 3 8192 2.000000000 2
280 1276 3 8192 2.000000000 2
284 8 3 8192 2.000000000 2
284 16 3 8192 2.000000000 2
284 20 3 8192 2.000000000 2
284 40 3 8192 2.000000000 2
284 100 3 8192 2.000000000 2
284 120 3 8192 2.000000000 2
284 124 3 8192 2.000000000 2
284 156 3 8192 2.000000000 2
284 208 3 8192 2.000000000 2
284 240 3 8192 2.000000000 2
284 264 3 8192 2.000000000 2
284 280 3 8192 2.000000000 2
284 288 3 8192 2.000000000 2
284 296 3 8192 2.000000000 2
284 328 3 8192 2.000000000 2
284 356 3 8192 2.000000000 2
284 360 3 8192 2.000000000 2
284 372 3 8192 2.000000000 2
284 376 3 8192 2.000000000 2
284 380 3 8192 2.000000000 2
284 384 3 8192 2.000000000 2
284 400 3 8192 2.000000000 2
284 412 3 8192 2.000000000 2
284 424 3 8192 2.000000000 2
284 428 3 8192 2.000000000 2
284 444 3 8192 2.000000000 2
284 456 3 8192 2.000000000 2
284 488 3 8192 2.000000000 2
284 492 3 8192 2.000000000 2
284 656 3 8192 2.000000000 2
284 668 3 8192 2.000000000 2
284 672 3 8192 2.000000000 2
284 676 3 8192 2.000000000 2
284 692 3 8192 2.000000000 2
284 708 3 8192 2.000000000 2
284 740 3 8192 2.000000000 2
284 748 3 8192 2.000000000 2
284 764 3 8192 2.000000000 2
284 772 3 8192 2.000000000 2
284 796 3 8192 2.000000000 2
284 804 3 8192 2.000000000 2
284 816 3 8192 2.000000000 2
284 828 3 8192 2.000000000 2
284 836 3 8192 2.000000000 2
284 856 3 8192 2.000000000 2
284 884 3 8192 2.000000000 2
284 888 3 8192 2.000000000 2
284 892 3 8192 2.000000000 2
284 904 3 8192 2.000000000 2
284 916 3 8192 2.000000000 2
284 948 3 8192 2.000000000 2
284 964 3 8192 2.000000000 2
284 1000 3 8192 2.000000000 2
284 1016 3 8192 2.000000000 2
284 1020 3 8192 2.000000000 2
284 1044 3 8192 2.000000000 2
284 1048 3 8192 2.000000000 2
284 1068 3 8192 2.000000000 2
284 1076 3 8192 2.000000000 2
284 1092 3 8192 2.000000000 2
284 1112 3 8192 2.000000000 2
284 1140 3 8192 2.000000000 2
284 1212 3 8192 2.000000000 2
284 1268 3 8192 2.000000000 2
288 0 3 8192 2.000000000 2
288 4 3 8192 2.000000000 2
288 20 3 8192 2.000000000 2
288 36 3 8192 2.000000000 2
288 68 3 8192 2.000000000 2
288 100 3 8192 2.000000000 2
288 116 3 8192 2.000000000 2
288 124 3 8192 2.000000000 2
288 164 3 8192 2.000000000 2
288 196 3 8192 2.000000000 2
288 292 3 8192 2.000000000 2
288 320 3 8192 2.000000000 2
288 328 3 8192 2.000000000 2
288 356 3 8192 2.000000000 2
288 380 3 8192 2.000000000 2
288 388 3 8192 2.000000000 2
288 392 3 8192 2.000000000 2
288 420 3 8192 2.000000000 2
288 432 3 8192 2.000000000 2
288 444 3 8192 2.000000000 2
288 476 3 8192 2.000000000 2
288 496 3 8192 2.000000000 2
288 520 3 8192 2.000000000 2
288 536 3 8192 2.000000000 2
288 540 3 8192 2.000000000 2
288 544 3 8192 2.000000000 2
288 556 3 8192 2.000000000 2
288 560 3 8192 2.000000000 2
288 596 3 8192 2.000000000 2
288 604 3 8192 2.000000000 2
288 616 3 8192 2.000000000 2
288 644 3 8192 2.000000000 2
288 656 3 8192 2.000000000 2
288 688 3 8192 2.000000000 2
288 692 3 8192 2.000000000 2
288 712 3 8192 2.000000000 2
288 748 3 8192 2.000000000 2
288 764 3 8192 2.000000000 2
288 768 3 8192 2.000000000 2
288 772 3 8192 2.000000000 2
288 816 3 8192 2.000000000 2
288 828 3 8192 2.000000000 2
288 852 3 8192 2.000000000 2
288 860 3 8192 2.000000000 2
288 872 3 8192 2.000000000 2
288 884 3 8192 2.000000000 2
288 900 3 8192 2.000000000 2
288 948 3 8192 2.000000000 2
288 956 3 8192 2.000000000 2
288 976 3 8192 2.000000000 2
288 988 3 8192 2.000000000 2
288 992 3 8192 2.000000000 2
288 1032 3 8192 2.000000000 2
288 1036 3 8192 2.000000000 2
288 1040 3 8192 2.000000000 2
288 1048 3 8192 2.000000000 2
288 1056 3 8192 2.000000000 2
288 1060 3 8192 2.000000000 2
288 1096 3 8192 2.000000000 2
288 1144 3 8192 2.000000000 2
288 1160 3 8192 2.000000000 2
288 1208 3 8192 2.000000000 2
288 1260 3 8192 2.000000000 2
288 1276 3 8192 2.000000000 2
292 20 3 8192 2.000000000 2
292 24 3 8192 2.000000000 2
292 36 3 8192 2.000000000 2
292 68 3 8192 2.000000000 2
292 76 3 8192 2.000000000 2
292 116 3 8192 2.000000000 2
292 128 3 8192 2.000000000 2
292 152 3 8192 2.000000000 2
292 160 3 8192 2.000000000 2
292 164 3 8192 2.000000000 2
292 192 3 8192 2.000000000 2
292 260 3 8192 2.000000000 2
292 264 3 8192 2.000000000 2
292 268 3 8192 2.000000000 2
292 276 3 8192 2.000000000 2
292 288 3 8192 2.000000000 2
292 296 3 8192 2.000000000 2
292 304 3 8192 2.000000000 2
292 328 3 8192 2.000000000 2
292 348 3 8192 2.000000000 2
292 352 3 8192 2.000000000 2
292 384 3 8192 2.000000000 2
292 400 3 8192 2.000000000 2
292 420 3 8192 2.000000000 2
292 432 3 8192 2.000000000 2
292 436 3 8192 2.000000000 2
292 440 3 8192 2.000000000 2
292 456 3 8192 2.000000000 2
292 460 3 8192 2.000000000 2
292 488 3 8192 2.000000000 2
292 504 3 8192 2.000000000 2
292 508 3 8192 2.000000000 2
292 580 3 8192 2.000000000 2
292 624 3 8192 2.000000000 2
292 656 3 8192 2.000000000 2
292 672 3 8192 2.000000000 2
292 676 3 8192 2.000000000 2
292 748 3 8192 2.000000000 2
292 760 3 8192 2.000000000 2
292 792 3 8192 2.000000000 2
292 796 3 8192 2.000000000 2
292 816 3 8192 2.000000000 2
292 848 3 8192 2.000000000 2
292 860 3 8192 2.000000000 2
292 880 3 8192 2.000000000 2
292 888 3 8192 2.000000000 2
292 916 3 8192 2.000000000 2
292 940 3 8192 2.000000000 2
292 960 3 8192 2.000000000 2
292 980 3 8192 2.000000000 2
292 984 3 8192 2.000000000 2
292 1004 3 8192 2.000000000 2
292 1016 3 8192 2.000000000 2
292 1068 3 8192 2.000000000 2
292 1080 3 8192 2.000000000 2
292 1084 3 8192 2.000000000 2
292 1088 3 8192 2.000000000 2
292 1096 3 8192 2.000000000 2
292 1144 3 8192 2.000000000 2
292 1148 3 8192 2.000000000 2
292 1156 3 8192 2.000000000 2
292 1176 3 8192 2.000000000 2
292 1228 3 8192 2.000000000 2
292 1252 3 8192 2.000000000 2
296 12 3 8192 2.000000000 2
296 48 3 8192 2.000000000 2
296 56 3 8192 2.000000000 2
296 124 3 8192 2.000000000 2
296 156 3 8192 2.000000000 2
296 268 3 8192 2.000000000 2
296 288 3 8192 2.000000000 2
296 292 3 8192 2.000000000 2
296 308 3 8192 2.000000000 2
296 328 3 8192 2.000000000 2
296 360 3 8192 2.000000000 2
296 380 3 8192 2.000000000 2
296 384 3 8192 2.000000000 2
296 396 3 8192 2.000000000 2
296 432 3 8192 2.000000000 2
296 452 3 8192 2.000000000 2
296 472 3 8192 2.000000000 2
296 504 3 8192 2.000000000 2
296 532 3 8192 2.000000000 2
296 536 3 8192 2.000000000 2
296 540 3 8192 2.000000000 2
296 552 3 8192 2.000000000 2
296 580 3 8192 2.000000000 2
296 592 3 8192 2.000000000 2
296 596 3 8192 2.000000000 2
296 600 3 8192 2.000000000 2
296 604 3 8192 2.000000000 2
296 612 3 8192 2.000000000 2
296 616 3 8192 2.000000000 2
296 620 3 8192 2.000000000 2
296 640 3 8192 2.000000000 2
296 712 3 8192 2.000000000 2
296 720 3 8192 2.000000000 2
296 732 3 8192 2.000000000 2
296 772 3 8192 2.000000000 2
296 792 3 8192 2.000000000 2
296 800 3 8192 2.000000000 2
296 856 3 8192 2.000000000 2
296 880 3 8192 2.000000000 2
296 884 3 8192 2.000000000 2
296 888 3 8192 2.000000000 2
296 900 3 8192 2.000000000 2
296 904 3 8192 2.000000000 2
296 912 3 8192 2.000000000 2
296 960 3 8192 2.000000000 2
296 968 3 8192 2.000000000 2
296 972 3 8192 2.000000000 2
296 988 3 8192 2.000000000 2
296 1032 3 8192 2.000000000 2
296 1040 3 8192 2.000000000 2
296 1060 3 8192 2.000000000 2
296 1076 3 8192 2.000000000 2
296 1084 3 8192 2.000000000 2
296 1088 3 8192 2.000000000 2
296 1100 3 8192 2.000000000 2
296 1108 3 8192 2.000000000 2
296 1156 3 8192 2.000000000 2
296 1176 3 8192 2.000000000 2
296 1180 3 8192 2.000000000 2
296 1192 3 8192 2.000000000 2
296 1204 3 8192 2.000000000 2
296 1220 3 8192 2.000000000 2
296 1256 3 8192 2.000000000 2
296 1268 3 8192 2.000000000 2
304 36 3 8192 2.000000000 2
304 64 3 8192 2.000000000 2
304 68 3 8192 2.000000000 2
304 76 3 8192 2.000000000 2
304 96 3 8192 2.000000000 2
304 100 3 8192 2.000000000 2
304 120 3 8192 2.000000000 2
304 128 3 8192 2.000000000 2
304 132 3 8192 2.000000000 2
304 148 3 8192 2.000000000 2
304 152 3 8192 2.000000000 2
304 224 3 8192 2.000000000 2
304 256 3 8192 2.000000000 2
304 280 3 8192 2.000000000 2
304 320 3 8192 2.000000000 2
304 328 3 8192 2.000000000 2
304 336 3 8192 2.000000000 2
304 352 3 8192 2.000000000 2
304 384 3 8192 2.000000000 2
304 388 3 8192 2.000000000 2
304 416 3 8192 2.000000000 2
304 424 3 8192 2.000000000 2
304 440 3 8192 2.000000000 2
304 460 3 8192 2.000000000 2
304 468 3 8192 2.000000000 2
304 476 3 8192 2.000000000 2
304 496 3 8192 2.000000000 2
304 544 3 8192 2.000000000 2
304 556 3 8192 2.000000000 2
304 596 3 8192 2.000000000 2
304 620 3 8192 2.000000000 2
304 640 3 8192 2.000000000 2
304 668 3 8192 2.000000000 2
304 672 3 8192 2.000000000 2
304 800 3 8192 2.000000000 2
304 836 3 8192 2.000000000 2
304 860 3 8192 2.000000000 2
304 880 3 8192 2.000000000 2
304 884 3 8192 2.000000000 2
304 908 3 8192 2.000000000 2
304 912 3 8192 2.000000000 2
304 956 3 8192 2.000000000 2
304 960 3 8192 2.000000000 2
304 964 3 8192 2.000000000 2
304 992 3 8192 2.000000000 2
304 996 3 8192 2.000000000 2
304 1008 3 8192 2.000000000 2
304 1024 3 8192 2.000000000 2
304 1032 3 8192 2.000000000 2
304 1052 3 8192 2.000000000 2
304 1056 3 8192 2.000000000 2
304 1076 3 8192 2.000000000 2
304 1080 3 8192 2.000000000 2
304 1104 3 8192 2.000000000 2
304 1108 3 8192 2.000000000 2
304 1144 3 8192 2.000000000 2
304 1156 3 8192 2.000000000 2
304 1176 3 8192 2.000000000 2
304 1208 3 8192 2.000000000 2
304 1216 3 8192 2.000000000 2
304 1228 3 8192 2.000000000 2
304 1244 3 8192 2.000000000 2
304 1252 3 8192 2.000000000 2
304 1276 3 8192 2.000000000 2
308 12 3 8192 2.000000000 2
308 52 3 8192 2.000000000 2
308 56 3 8192 2.000000000 2
308 72 3 8192 2.000000000 2
308 76 3 8192 2.000000000 2
308 96 3 8192 2.000000000 2
308 100 3 8192 2.000000000 2
308 108 3 8192 2.000000000 2
308 152 3 8192 2.000000000 2
308 160 3 8192 2.000000000 2
308 224 3 8192 2.000000000 2
308 260 3 8192 2.000000000 2
308 268 3 8192 2.000000000 2
308 348 3 8192 2.000000000 2
308 360 3 8192 2.000000000 2
308 384 3 8192 2.000000000 2
308 392 3 8192 2.000000000 2
308 400 3 8192 2.000000000 2
308 428 3 8192 2.000000000 2
308 436 3 8192 2.000000000 2
308 452 3 8192 2.000000000 2
308 456 3 8192 2.000000000 2
308 488 3 8192 2.000000000 2
308 492 3 8192 2.000000000 2
308 500 3 8192 2.000000000 2
308 504 3 8192 2.000000000 2
308 508 3 8192 2.000000000 2
308 548 3 8192 2.000000000 2
308 592 3 8192 2.000000000 2
308 596 3 8192 2.000000000 2
308 652 3 8192 2.000000000 2
308 660 3 8192 2.000000000 2
308 664 3 8192 2.000000000 2
308 672 3 8192 2.000000000 2
308 708 3 8192 2.000000000 2
308 724 3 8192 2.000000000 2
308 748 3 8192 2.000000000 2
308 760 3 8192 2.000000000 2
308 784 3 8192 2.000000000 2
308 800 3 8192 2.000000000 2
308 836 3 8192 2.000000000 2
308 840 3 8192 2.000000000 2
308 844 3 8192 2.000000000 2
308 848 3 8192 2.000000000 2
308 856 3 8192 2.000000000 2
308 900 3 8192 2.000000000 2
308 904 3 8192 2.000000000 2
308 940 3 8192 2.000000000 2
308 948 3 8192 2.000000000 2
308 980 3 8192 2.000000000 2
308 996 3 8192 2.000000000 2
308 1008 3 8192 2.000000000 2
308 1024 3 8192 2.000000000 2
308 1036 3 8192 2.000000000 2
308 1060 3 8192 2.000000000 2
308 1076 3 8192 2.000000000 2
308 1128 3 8192 2.000000000 2
308 1180 3 8192 2.000000000 2
308 1192 3 8192 2.000000000 2
308 1196 3 8192 2.000000000 2
308 1216 3 8192 2.000000000 2
308 1260 3 8192 2.000000000 2
308 1264 3 8192 2.000000000 2
308 1276 3 8192 2.000000000 2
312 40 3 8192 2.000000000 2
312 76 3 8192 2.000000000 2
312 92 3 8192 2.000000000 2
312 124 3 8192 2.000000000 2
312 136 3 8192 2.000000000 2
312 148 3 8192 2.000000000 2
312 176 3 8192 2.000000000 2
312 244 3 8192 2.000000000 2
312 260 3 8192 2.000000000 2
312 272 3 8192 2.000000000 2
312 304 3 8192 2.000000000 2
312 316 3 8192 2.000000000 2
312 320 3 8192 2.000000000 2
312 328 3 8192 2.000000000 2
312 372 3 8192 2.000000000 2
312 392 3 8192 2.000000000 2
312 400 3 8192 2.000000000 2
312 456 3 8192 2.000000000 2
312 460 3 8192 2.000000000 2
312 488 3 8192 2.000000000 2
312 492 3 8192 2.000000000 2
312 508 3 8192 2.000000000 2
312 516 3 8192 2.000000000 2
312 532 3 8192 2.000000000 2
312 536 3 8192 2.000000000 2
312 548 3 8192 2.000000000 2
312 552 3 8192 2.000000000 2
312 560 3 8192 2.000000000 2
312 588 3 8192 2.000000000 2
312 592 3 8192 2.000000000 2
312 620 3 8192 2.000000000 2
312 624 3 8192 2.000000000 2
312 628 3 8192 2.000000000 2
312 684 3 8192 2.000000000 2
312 772 3 8192 2.000000000 2
312 788 3 8192 2.000000000 2
312 804 3 8192 2.000000000 2
312 812 3 8192 2.000000000 2
312 888 3 8192 2.000000000 2
312 892 3 8192 2.000000000 2
312 908 3 8192 2.000000000 2
312 948 3 8192 2.000000000 2
312 956 3 8192 2.000000000 2
312 960 3 8192 2.000000000 2
312 968 3 8192 2.000000000 2
312 1016 3 8192 2.000000000 2
312 1028 3 8192 2.000000000 2
312 1036 3 8192 2.000000000 2
312 1056 3 8192 2.000000000 2
312 1060 3 8192 2.000000000 2
312 1072 3 8192 2.000000000 2
312 1076 3 8192 2.000000000 2
312 1080 3 8192 2.000000000 2
312 1112 3 8192 2.000000000 2
312 1128 3 8192 2.000000000 2
312 1144 3 8192 2.000000000 2
312 1208 3 8192 2.000000000 2
312 1216 3 8192 2.000000000 2
312 1220 3 8192 2.000000000 2
312 1224 3 8192 2.000000000 2
312 1236 3 8192 2.000000000 2
312 1244 3 8192 2.000000000 2
312 1264 3 8192 2.000000000 2
312 1276 3 8192 2.000000000 2
316 16 3 8192 2.000000000 2
316 20 3 8192 2.000000000 2
316 72 3 8192 2.000000000 2
316 76 3 8192 2.000000000 2
316 96 3 8192 2.000000000 2
316 100 3 8192 2.000000000 2
316 112 3 8192 2.000000000 2
316 152 3 8192 2.000000000 2
316 216 3 8192 2.000000000 2
316 240 3 8192 2.000000000 2
316 244 3 8192 2.000000000 2
316 292 3 8192 2.000000000 2
316 308 3 8192 2.000000000 2
316 340 3 8192 2.000000000 2
316 364 3 8192 2.000000000 2
316 368 3 8192 2.000000000 2
316 380 3 8192 2.000000000 2
316 384 3 8192 2.000000000 2
316 388 3 8192 2.000000000 2
316 392 3 8192 2.000000000 2
316 448 3 8192 2.000000000 2
316 488 3 8192 2.000000000 2
316 508 3 8192 2.000000000 2
316 540 3 8192 2.000000000 2
316 544 3 8192 2.000000000 2
316 548 3 8192 2.000000000 2
316 556 3 8192 2.000000000 2
316 580 3 8192 2.000000000 2
316 588 3 8192 2.000000000 2
316 616 3 8192 2.000000000 2
316 620 3 8192 2.000000000 2
316 652 3 8192 2.000000000 2
316 660 3 8192 2.000000000 2
316 664 3 8192 2.000000000 2
316 676 3 8192 2.000000000 2
316 680 3 8192 2.000000000 2
316 732 3 8192 2.000000000 2
316 736 3 8192 2.000000000 2
316 744 3 8192 2.000000000 2
316 768 3 8192 2.000000000 2
316 772 3 8192 2.000000000 2
316 780 3 8192 2.000000000 2
316 828 3 8192 2.000000000 2
316 840 3 8192 2.000000000 2
316 848 3 8192 2.000000000 2
316 860 3 8192 2.000000000 2
316 908 3 8192 2.000000000 2
316 960 3 8192 2.000000000 2
316 980 3 8192 2.000000000 2
316 992 3 8192 2.000000000 2
316 1032 3 8192 2.000000000 2
316 1040 3 8192 2.000000000 2
316 1044 3 8192 2.000000000 2
316 1060 3 8192 2.000000000 2
316 1092 3 8192 2.000000000 2
316 1104 3 8192 2.000000000 2
316 1144 3 8192 2.000000000 2
316 1148 3 8192 2.000000000 2
316 1208 3 8192 2.000000000 2
316 1224 3 8192 2.000000000 2
316 1236 3 8192 2.000000000 2
316 1244 3 8192 2.000000000 2
316 1260 3 8192 2.000000000 2
316 1272 3 8192 2.000000000 2
320 4 3 8192 2.000000000 2
320 20 3 8192 2.000000000 2
320 28 3 8192 2.000000000 2
320 36 3 8192 2.000000000 2
320 108 3 8192 2.000000000 2
320 112 3 8192 2.000000000 2
320 116 3 8192 2.000000000 2
320 124 3 8192 2.000000000 2
320 132 3 8192 2.000000000 2
320 148 3 8192 2.000000000 2
320 156 3 8192 2.000000000 2
320 160 3 8192 2.000000000 2
320 192 3 8192 2.000000000 2
320 224 3 8192 2.000000000 2
320 244 3 8192 2.000000000 2
320 260 3 8192 2.000000000 2
320 264 3 8192 2.000000000 2
320 288 3 8192 2.000000000 2
320 336 3 8192 2.000000000 2
320 348 3 8192 2.000000000 2
320 400 3 8192 2.000000000 2
320 420 3 8192 2.000000000 2
320 424 3 8192 2.000000000 2
320 432 3 8192 2.000000000 2
320 496 3 8192 2.000000000 2
320 540 3 8192 2.000000000 2
320 588 3 8192 2.000000000 2
320 600 3 8192 2.000000000 2
320 604 3 8192 2.000000000 2
320 608 3 8192 2.000000000 2
320 612 3 8192 2.000000000 2
320 616 3 8192 2.000000000 2
320 624 3 8192 2.000000000 2
320 636 3 8192 2.000000000 2
320 660 3 8192 2.000000000 2
320 664 3 8192 2.000000000 2
320 672 3 8192 2.000000000 2
320 676 3 8192 2.000000000 2
320 684 3 8192 2.000000000 2
320 732 3 8192 2.000000000 2
320 752 3 8192 2.000000000 2
320 768 3 8192 2.000000000 2
320 784 3 8192 2.000000000 2
320 792 3 8192 2.000000000 2
320 840 3 8192 2.000000000 2
320 856 3 8192 2.000000000 2
320 860 3 8192 2.000000000 2
320 872 3 8192 2.000000000 2
320 880 3 8192 2.000000000 2
320 988 3 8192 2.000000000 2
320 996 3 8192 2.000000000 2
320 1000 3 8192 2.000000000 2
320 1004 3 8192 2.000000000 2
320 1008 3 8192 2.000000000 2
320 1032 3 8192 2.000000000 2
320 1068 3 8192 2.000000000 2
320 1092 3 8192 2.000000000 2
320 1096 3 8192 2.000000000 2
320 1104 3 8192 2.000000000 2
320 1128 3 8192 2.000000000 2
320 1144 3 8192 2.000000000 2
320 1156 3 8192 2.000000000 2
320 1244 3 8192 2.000000000 2
320 1272 3 8192 2.000000000 2
324 4 3 8192 2.000000000 2
324 24 3 8192 2.000000000 2
324 48 3 8192 2.000000000 2
324 68 3 8192 2.000000000 2
324 100 3 8192 2.000000000 2
324 128 3 8192 2.000000000 2
324 136 3 8192 2.000000000 2
324 148 3 8192 2.000000000 2
324 176 3 8192 2.000000000 2
324 200 3 8192 2.000000000 2
324 212 3 8192 2.000000000 2
324 268 3 8192 2.000000000 2
324 284 3 8192 2.000000000 2
324 292 3 8192 2.000000000 2
324 316 3 8192 2.000000000 2
324 364 3 8192 2.000000000 2
324 376 3 8192 2.000000000 2
324 380 3 8192 2.000000000 2
324 392 3 8192 2.000000000 2
324 396 3 8192 2.000000000 2
324 424 3 8192 2.000000000 2
324 428 3 8192 2.000000000 2
324 476 3 8192 2.000000000 2
324 488 3 8192 2.000000000 2
324 496 3 8192 2.000000000 2
324 516 3 8192 2.000000000 2
324 552 3 8192 2.000000000 2
324 556 3 8192 2.000000000 2
324 560 3 8192 2.000000000 2
324 564 3 8192 2.000000000 2
324 568 3 8192 2.000000000 2
324 580 3 8192 2.000000000 2
324 588 3 8192 2.000000000 2
324 600 3 8192 2.000000000 2
324 612 3 8192 2.000000000 2
324 628 3 8192 2.000000000 2
324 636 3 8192 2.000000000 2
324 644 3 8192 2.000000000 2
324 656 3 8192 2.000000000 2
324 660 3 8192 2.000000000 2
324 684 3 8192 2.000000000 2
324 772 3 8192 2.000000000 2
324 780 3 8192 2.000000000 2
324 840 3 8192 2.000000000 2
324 848 3 8192 2.000000000 2
324 856 3 8192 2.000000000 2
324 872 3 8192 2.000000000 2
324 884 3 8192 2.000000000 2
324 952 3 8192 2.000000000 2
324 956 3 8192 2.000000000 2
324 984 3 8192 2.000000000 2
324 1012 3 8192 2.000000000 2
324 1020 3 8192 2.000000000 2
324 1028 3 8192 2.000000000 2
324 1048 3 8192 2.000000000 2
324 1052 3 8192 2.000000000 2
324 1080 3 8192 2.000000000 2
324 1140 3 8192 2.000000000 2
324 1156 3 8192 2.000000000 2
324 1180 3 8192 2.000000000 2
324 1184 3 8192 2.000000000 2
324 1244 3 8192 2.000000000 2
324 1256 3 8192 2.000000000 2
324 1276 3 8192 2.000000000 2
328 36 3 8192 2.000000000 2
328 40 3 8192 2.000000000 2
328 52 3 8192 2.000000000 2
328 120 3 8192 2.000000000 2
328 136 3 8192 2.000000000 2
328 172 3 8192 2.000000000 2
328 176 3 8192 2.000000000 2
328 180 3 8192 2.000000000 2
328 212 3 8192 2.000000000 2
328 272 3 8192 2.000000000 2
328 284 3 8192 2.000000000 2
328 288 3 8192 2.000000000 2
328 320 3 8192 2.000000000 2
328 348 3 8192 2.000000000 2
328 364 3 8192 2.000000000 2
328 376 3 8192 2.000000000 2
328 380 3 8192 2.000000000 2
328 384 3 8192 2.000000000 2
328 396 3 8192 2.000000000 2
328 420 3 8192 2.000000000 2
328 432 3 8192 2.000000000 2
328 440 3 8192 2.000000000 2
328 444 3 8192 2.000000000 2
328 448 3 8192 2.000000000 2
328 508 3 8192 2.000000000 2
328 532 3 8192 2.000000000 2
328 536 3 8192 2.000000000 2
328 540 3 8192 2.000000000 2
328 556 3 8192 2.000000000 2
328 560 3 8192 2.000000000 2
328 624 3 8192 2.000000000 2
328 644 3 8192 2.000000000 2
328 744 3 8192 2.000000000 2
328 780 3 8192 2.000000000 2
328 788 3 8192 2.000000000 2
328 804 3 8192 2.000000000 2
328 828 3 8192 2.000000000 2
328 852 3 8192 2.000000000 2
328 872 3 8192 2.000000000 2
328 960 3 8192 2.000000000 2
328 964 3 8192 2.000000000 2
328 984 3 8192 2.000000000 2
328 988 3 8192 2.000000000 2
328 992 3 8192 2.000000000 2
328 1000 3 8192 2.000000000 2
328 1012 3 8192 2.000000000 2
328 1016 3 8192 2.000000000 2
328 1032 3 8192 2.000000000 2
328 1044 3 8192 2.000000000 2
328 1056 3 8192 2.000000000 2
328 1060 3 8192 2.000000000 2
328 1068 3 8192 2.000000000 2
328 1072 3 8192 2.000000000 2
328 1096 3 8192 2.000000000 2
328 1100 3 8192 2.000000000 2
328 1108 3 8192 2.000000000 2
328 1128 3 8192 2.000000000 2
328 1140 3 8192 2.000000000 2
328 1156 3 8192 2.000000000 2
328 1176 3 8192 2.000000000 2
328 1184 3 8192 2.000000000 2
328 1224 3 8192 2.000000000 2
328 1244 3 8192 2.000000000 2
328 1276 3 8192 2.000000000 2
336 8 3 8192 2.000000000 2
336 12 3 8192 2.000000000 2
336 40 3 8192 2.000000000 2
336 64 3 8192 2.000000000 2
336 68 3 8192 2.000000000 2
336 128 3 8192 2.000000000 2
336 160 3 8192 2.000000000 2
336 180 3 8192 2.000000000 2
336 200 3 8192 2.000000000 2
336 208 3 8192 2.000000000 2
336 272 3 8192 2.000000000 2
336 312 3 8192 2.000000000 2
336 368 3 8192 2.000000000 2
336 384 3 8192 2.000000000 2
336 392 3 8192 2.000000000 2
336 416 3 8192 2.000000000 2
336 432 3 8192 2.000000000 2
336 444 3 8192 2.000000000 2
336 452 3 8192 2.000000000 2
336 472 3 8192 2.000000000 2
336 496 3 8192 2.000000000 2
336 540 3 8192 2.000000000 2
336 556 3 8192 2.000000000 2
336 592 3 8192 2.000000000 2
336 600 3 8192 2.000000000 2
336 604 3 8192 2.000000000 2
336 608 3 8192 2.000000000 2
336 612 3 8192 2.000000000 2
336 632 3 8192 2.000000000 2
336 644 3 8192 2.000000000 2
336 652 3 8192 2.000000000 2
336 660 3 8192 2.000000000 2
336 676 3 8192 2.000000000 2
336 680 3 8192 2.000000000 2
336 724 3 8192 2.000000000 2
336 740 3 8192 2.000000000 2
336 760 3 8192 2.000000000 2
336 796 3 8192 2.000000000 2
336 816 3 8192 2.000000000 2
336 840 3 8192 2.000000000 2
336 852 3 8192 2.000000000 2
336 856 3 8192 2.000000000 2
336 864 3 8192 2.000000000 2
336 896 3 8192 2.000000000 2
336 948 3 8192 2.000000000 2
336 968 3 8192 2.000000000 2
336 988 3 8192 2.000000000 2
336 992 3 8192 2.000000000 2
336 996 3 8192 2.000000000 2
336 1028 3 8192 2.000000000 2
336 1040 3 8192 2.000000000 2
336 1044 3 8192 2.000000000 2
336 1052 3 8192 2.000000000 2
336 1060 3 8192 2.000000000 2
336 1076 3 8192 2.000000000 2
336 1092 3 8192 2.000000000 2
336 1128 3 8192 2.000000000 2
336 1148 3 8192 2.000000000 2
336 1164 3 8192 2.000000000 2
336 1196 3 8192 2.000000000 2
336 1204 3 8192 2.000000000 2
336 1212 3 8192 2.000000000 2
336 1224 3 8192 2.000000000 2
336 1228 3 8192 2.000000000 2
340 4 3 8192 2.000000000 2
340 16 3 8192 2.000000000 2
340 24 3 8192 2.000000000 2
340 40 3 8192 2.000000000 2
340 48 3 8192 2.000000000 2
340 68 3 8192 2.000000000 2
340 96 3 8192 2.000000000 2
340 100 3 8192 2.000000000 2
340 128 3 8192 2.000000000 2
340 148 3 8192 2.000000000 2
340 176 3 8192 2.000000000 2
340 200 3 8192 2.000000000 2
340 216 3 8192 2.000000000 2
340 240 3 8192 2.000000000 2
340 260 3 8192 2.000000000 2
340 264 3 8192 2.000000000 2
340 276 3 8192 2.000000000 2
340 280 3 8192 2.000000000 2
340 308 3 8192 2.000000000 2
340 360 3 8192 2.000000000 2
340 384 3 8192 2.000000000 2
340 388 3 8192 2.000000000 2
340 400 3 8192 2.000000000 2
340 476 3 8192 2.000000000 2
340 492 3 8192 2.000000000 2
340 504 3 8192 2.000000000 2
340 540 3 8192 2.000000000 2
340 544 3 8192 2.000000000 2
340 612 3 8192 2.000000000 2
340 640 3 8192 2.000000000 2
340 664 3 8192 2.000000000 2
340 668 3 8192 2.000000000 2
340 724 3 8192 2.000000000 2
340 732 3 8192 2.000000000 2
340 752 3 8192 2.000000000 2
340 772 3 8192 2.000000000 2
340 788 3 8192 2.000000000 2
340 804 3 8192 2.000000000 2
340 816 3 8192 2.000000000 2
340 836 3 8192 2.000000000 2
340 844 3 8192 2.000000000 2
340 884 3 8192 2.000000000 2
340 900 3 8192 2.000000000 2
340 940 3 8192 2.000000000 2
340 948 3 8192 2.000000000 2
340 976 3 8192 2.000000000 2
340 980 3 8192 2.000000000 2
340 988 3 8192 2.000000000 2
340 1004 3 8192 2.000000000 2
340 1080 3 8192 2.000000000 2
340 1096 3 8192 2.000000000 2
340 1100 3 8192 2.000000000 2
340 1128 3 8192 2.000000000 2
340 1144 3 8192 2.000000000 2
340 1148 3 8192 2.000000000 2
340 1156 3 8192 2.000000000 2
340 1164 3 8192 2.000000000 2
340 1196 3 8192 2.000000000 2
340 1216 3 8192 2.000000000 2
340 1220 3 8192 2.000000000 2
340 1224 3 8192 2.000000000 2
340 1264 3 8192 2.000000000 2
340 1272 3 8192 2.000000000 2
340 1276 3 8192 2.000000000 2
348 100 3 8192 2.000000000 2
348 208 3 8192 2.000000000 2
348 212 3 8192 2.000000000 2
348 244 3 8192 2.000000000 2
348 268 3 8192 2.000000000 2
348 276 3 8192 2.000000000 2
348 288 3 8192 2.000000000 2
348 308 3 8192 2.000000000 2
348 324 3 8192 2.000000000 2
348 364 3 8192 2.000000000 2
348 368 3 8192 2.000000000 2
348 372 3 8192 2.000000000 2
348 384 3 8192 2.000000000 2
348 392 3 8192 2.000000000 2
348 396 3 8192 2.000000000 2
348 412 3 8192 2.000000000 2
348 416 3 8192 2.000000000 2
348 424 3 8192 2.000000000 2
348 428 3 8192 2.000000000 2
348 440 3 8192 2.000000000 2
348 468 3 8192 2.000000000 2
348 488 3 8192 2.000000000 2
348 516 3 8192 2.000000000 2
348 540 3 8192 2.000000000 2
348 544 3 8192 2.000000000 2
348 548 3 8192 2.000000000 2
348 556 3 8192 2.000000000 2
348 568 3 8192 2.000000000 2
348 588 3 8192 2.000000000 2
348 600 3 8192 2.000000000 2
348 604 3 8192 2.000000000 2
348 608 3 8192 2.000000000 2
348 656 3 8192 2.000000000 2
348 664 3 8192 2.000000000 2
348 668 3 8192 2.000000000 2
348 708 3 8192 2.000000000 2
348 724 3 8192 2.000000000 2
348 780 3 8192 2.000000000 2
348 788 3 8192 2.000000000 2
348 800 3 8192 2.000000000 2
348 860 3 8192 2.000000000 2
348 896 3 8192 2.000000000 2
348 900 3 8192 2.000000000 2
348 904 3 8192 2.000000000 2
348 984 3 8192 2.000000000 2
348 1000 3 8192 2.000000000 2
348 1012 3 8192 2.000000000 2
348 1028 3 8192 2.000000000 2
348 1036 3 8192 2.000000000 2
348 1052 3 8192 2.000000000 2
348 1084 3 8192 2.000000000 2
348 1108 3 8192 2.000000000 2
348 1112 3 8192 2.000000000 2
348 1140 3 8192 2.000000000 2
348 1144 3 8192 2.000000000 2
348 1148 3 8192 2.000000000 2
348 1156 3 8192 2.000000000 2
348 1180 3 8192 2.000000000 2
348 1184 3 8192 2.000000000 2
348 1192 3 8192 2.000000000 2
348 1196 3 8192 2.000000000 2
348 1204 3 8192 2.000000000 2
348 1244 3 8192 2.000000000 2
348 1272 3 8192 2.000000000 2
352 8 3 8192 2.000000000 2
352 36 3 8192 2.000000000 2
352 72 3 8192 2.000000000 2
352 120 3 8192 2.000000000 2
352 128 3 8192 2.000000000 2
352 148 3 8192 2.000000000 2
352 152 3 8192 2.000000000 2
352 196 3 8192 2.000000000 2
352 204 3 8192 2.000000000 2
352 256 3 8192 2.000000000 2
352 264 3 8192 2.000000000 2
352 308 3 8192 2.000000000 2
352 316 3 8192 2.000000000 2
352 320 3 8192 2.000000000 2
352 336 3 8192 2.000000000 2
352 364 3 8192 2.000000000 2
352 372 3 8192 2.000000000 2
352 392 3 8192 2.000000000 2
352 436 3 8192 2.000000000 2
352 448 3 8192 2.000000000 2
352 460 3 8192 2.000000000 2
352 472 3 8192 2.000000000 2
352 492 3 8192 2.000000000 2
352 504 3 8192 2.000000000 2
352 516 3 8192 2.000000000 2
352 536 3 8192 2.000000000 2
352 544 3 8192 2.000000000 2
352 552 3 8192 2.000000000 2
352 592 3 8192 2.000000000 2
352 596 3 8192 2.000000000 2
352 612 3 8192 2.000000000 2
352 636 3 8192 2.000000000 2
352 644 3 8192 2.000000000 2
352 660 3 8192 2.000000000 2
352 684 3 8192 2.000000000 2
352 712 3 8192 2.000000000 2
352 720 3 8192 2.000000000 2
352 740 3 8192 2.000000000 2
352 772 3 8192 2.000000000 2
352 788 3 8192 2.000000000 2
352 804 3 8192 2.000000000 2
352 816 3 8192 2.000000000 2
352 848 3 8192 2.000000000 2
352 880 3 8192 2.000000000 2
352 884 3 8192 2.000000000 2
352 952 3 8192 2.000000000 2
352 960 3 8192 2.000000000 2
352 968 3 8192 2.000000000 2
352 984 3 8192 2.000000000 2
352 996 3 8192 2.000000000 2
352 1004 3 8192 2.000000000 2
352 1028 3 8192 2.000000000 2
352 1060 3 8192 2.000000000 2
352 1088 3 8192 2.000000000 2
352 1128 3 8192 2.000000000 2
352 1160 3 8192 2.000000000 2
352 1164 3 8192 2.000000000 2
352 1184 3 8192 2.000000000 2
352 1204 3 8192 2.000000000 2
352 1208 3 8192 2.000000000 2
352 1216 3 8192 2.000000000 2
352 1228 3 8192 2.000000000 2
352 1260 3 8192 2.000000000 2
352 1272 3 8192 2.000000000 2
356 0 3 8192 2.000000000 2
356 4 3 8192 2.000000000 2
356 16 3 8192 2.000000000 2
356 28 3 8192 2.000000000 2
356 32 3 8192 2.000000000 2
356 36 3 8192 2.000000000 2
356 40 3 8192 2.000000000 2
356 52 3 8192 2.000000000 2
356 56 3 8192 2.000000000 2
356 60 3 8192 2.000000000 2
356 72 3 8192 2.000000000 2
356 92 3 8192 2.000000000 2
356 108 3 8192 2.000000000 2
356 136 3 8192 2.000000000 2
356 152 3 8192 2.000000000 2
356 156 3 8192 2.000000000 2
356 204 3 8192 2.000000000 2
356 244 3 8192 2.000000000 2
356 272 3 8192 2.000000000 2
356 304 3 8192 2.000000000 2
356 320 3 8192 2.000000000 2
356 336 3 8192 2.000000000 2
356 340 3 8192 2.000000000 2
356 352 3 8192 2.000000000 2
356 360 3 8192 2.000000000 2
356 364 3 8192 2.000000000 2
356 380 3 8192 2.000000000 2
356 396 3 8192 2.000000000 2
356 416 3 8192 2.000000000 2
356 436 3 8192 2.000000000 2
356 444 3 8192 2.000000000 2
356 460 3 8192 2.000000000 2
356 500 3 8192 2.000000000 2
356 516 3 8192 2.000000000 2
356 520 3 8192 2.000000000 2
356 548 3 8192 2.000000000 2
356 568 3 8192 2.000000000 2
356 588 3 8192 2.000000000 2
356 600 3 8192 2.000000000 2
356 672 3 8192 2.000000000 2
356 680 3 8192 2.000000000 2
356 712 3 8192 2.000000000 2
356 744 3 8192 2.000000000 2
356 748 3 8192 2.000000000 2
356 752 3 8192 2.000000000 2
356 760 3 8192 2.000000000 2
356 788 3 8192 2.000000000 2
356 800 3 8192 2.000000000 2
356 828 3 8192 2.000000000 2
356 844 3 8192 2.000000000 2
356 848 3 8192 2.000000000 2
356 884 3 8192 2.000000000 2
356 904 3 8192 2.000000000 2
356 912 3 8192 2.000000000 2
356 940 3 8192 2.000000000 2
356 952 3 8192 2.000000000 2
356 956 3 8192 2.000000000 2
356 1020 3 8192 2.000000000 2
356 1088 3 8192 2.000000000 2
356 1104 3 8192 2.000000000 2
356 1148 3 8192 2.000000000 2
356 1156 3 8192 2.000000000 2
356 1176 3 8192 2.000000000 2
356 1204 3 8192 2.000000000 2
360 8 3 8192 2.000000000 2
360 40 3 8192 2.000000000 2
360 52 3 8192 2.000000000 2
360 92 3 8192 2.000000000 2
360 120 3 8192 2.000000000 2
360 124 3 8192 2.000000000 2
360 132 3 8192 2.000000000 2
360 160 3 8192 2.000000000 2
360 180 3 8192 2.000000000 2
360 216 3 8192 2.000000000 2
360 224 3 8192 2.000000000 2
360 264 3 8192 2.000000000 2
360 276 3 8192 2.000000000 2
360 308 3 8192 2.000000000 2
360 312 3 8192 2.000000000 2
360 340 3 8192 2.000000000 2
360 356 3 8192 2.000000000 2
360 392 3 8192 2.000000000 2
360 416 3 8192 2.000000000 2
360 436 3 8192 2.000000000 2
360 444 3 8192 2.000000000 2
360 456 3 8192 2.000000000 2
360 496 3 8192 2.000000000 2
360 532 3 8192 2.000000000 2
360 552 3 8192 2.000000000 2
360 556 3 8192 2.000000000 2
360 592 3 8192 2.000000000 2
360 604 3 8192 2.000000000 2
360 608 3 8192 2.000000000 2
360 612 3 8192 2.000000000 2
360 620 3 8192 2.000000000 2
360 640 3 8192 2.000000000 2
360 644 3 8192 2.000000000 2
360 676 3 8192 2.000000000 2
360 692 3 8192 2.000000000 2
360 760 3 8192 2.000000000 2
360 764 3 8192 2.000000000 2
360 784 3 8192 2.000000000 2
360 804 3 8192 2.000000000 2
360 816 3 8192 2.000000000 2
360 828 3 8192 2.000000000 2
360 840 3 8192 2.000000000 2
360 844 3 8192 2.000000000 2
360 856 3 8192 2.000000000 2
360 864 3 8192 2.000000000 2
360 904 3 8192 2.000000000 2
360 956 3 8192 2.000000000 2
360 972 3 8192 2.000000000 2
360 984 3 8192 2.000000000 2
360 996 3 8192 2.000000000 2
360 1004 3 8192 2.000000000 2
360 1036 3 8192 2.000000000 2
360 1040 3 8192 2.000000000 2
360 1072 3 8192 2.000000000 2
360 1076 3 8192 2.000000000 2
360 1112 3 8192 2.000000000 2
360 1160 3 8192 2.000000000 2
360 1176 3 8192 2.000000000 2
360 1220 3 8192 2.000000000 2
360 1224 3 8192 2.000000000 2
360 1228 3 8192 2.000000000 2
360 1236 3 8192 2.000000000 2
360 1256 3 8192 2.000000000 2
360 1276 3 8192 2.000000000 2
364 24 3 8192 2.000000000 2
364 28 3 8192 2.000000000 2
364 40 3 8192 2.000000000 2
364 64 3 8192 2.000000000 2
364 100 3 8192 2.000000000 2
364 112 3 8192 2.000000000 2
364 116 3 8192 2.000000000 2
364 132 3 8192 2.000000000 2
364 148 3 8192 2.000000000 2
364 196 3 8192 2.000000000 2
364 208 3 8192 2.000000000 2
364 212 3 8192 2.000000000 2
364 240 3 8192 2.000000000 2
364 244 3 8192 2.000000000 2
364 268 3 8192 2.000000000 2
364 276 3 8192 2.000000000 2
364 348 3 8192 2.000000000 2
364 352 3 8192 2.000000000 2
364 372 3 8192 2.000000000 2
364 376 3 8192 2.000000000 2
364 392 3 8192 2.000000000 2
364 412 3 8192 2.000000000 2
364 416 3 8192 2.000000000 2
364 440 3 8192 2.000000000 2
364 532 3 8192 2.000000000 2
364 596 3 8192 2.000000000 2
364 600 3 8192 2.000000000 2
364 604 3 8192 2.000000000 2
364 624 3 8192 2.000000000 2
364 632 3 8192 2.000000000 2
364 660 3 8192 2.000000000 2
364 676 3 8192 2.000000000 2
364 692 3 8192 2.000000000 2
364 708 3 8192 2.000000000 2
364 736 3 8192 2.000000000 2
364 744 3 8192 2.000000000 2
364 748 3 8192 2.000000000 2
364 760 3 8192 2.000000000 2
364 780 3 8192 2.000000000 2
364 788 3 8192 2.000000000 2
364 812 3 8192 2.000000000 2
364 816 3 8192 2.000000000 2
364 840 3 8192 2.000000000 2
364 844 3 8192 2.000000000 2
364 880 3 8192 2.000000000 2
364 976 3 8192 2.000000000 2
364 980 3 8192 2.000000000 2
364 988 3 8192 2.000000000 2
364 1004 3 8192 2.000000000 2
364 1024 3 8192 2.000000000 2
364 1056 3 8192 2.000000000 2
364 1068 3 8192 2.000000000 2
364 1084 3 8192 2.000000000 2
364 1088 3 8192 2.000000000 2
364 1092 3 8192 2.000000000 2
364 1104 3 8192 2.000000000 2
364 1128 3 8192 2.000000000 2
364 1144 3 8192 2.000000000 2
364 1164 3 8192 2.000000000 2
364 1208 3 8192 2.000000000 2
364 1216 3 8192 2.000000000 2
364 1236 3 8192 2.000000000 2
364 1244 3 8192 2.000000000 2
364 1268 3 8192 2.000000000 2
368 0 3 8192 2.000000000 2
368 48 3 8192 2.000000000 2
368 148 3 8192 2.000000000 2
368 180 3 8192 2.000000000 2
368 196 3 8192 2.000000000 2
368 244 3 8192 2.000000000 2
368 260 3 8192 2.000000000 2
368 316 3 8192 2.000000000 2
368 324 3 8192 2.000000000 2
368 328 3 8192 2.000000000 2
368 348 3 8192 2.000000000 2
368 356 3 8192 2.000000000 2
368 372 3 8192 2.000000000 2
368 384 3 8192 2.000000000 2
368 400 3 8192 2.000000000 2
368 448 3 8192 2.000000000 2
368 456 3 8192 2.000000000 2
368 460 3 8192 2.000000000 2
368 472 3 8192 2.000000000 2
368 488 3 8192 2.000000000 2
368 492 3 8192 2.000000000 2
368 496 3 8192 2.000000000 2
368 516 3 8192 2.000000000 2
368 544 3 8192 2.000000000 2
368 552 3 8192 2.000000000 2
368 608 3 8192 2.000000000 2
368 620 3 8192 2.000000000 2
368 628 3 8192 2.000000000 2
368 632 3 8192 2.000000000 2
368 652 3 8192 2.000000000 2
368 712 3 8192 2.000000000 2
368 720 3 8192 2.000000000 2
368 724 3 8192 2.000000000 2
368 752 3 8192 2.000000000 2
368 784 3 8192 2.000000000 2
368 804 3 8192 2.000000000 2
368 856 3 8192 2.000000000 2
368 860 3 8192 2.000000000 2
368 872 3 8192 2.000000000 2
368 884 3 8192 2.000000000 2
368 900 3 8192 2.000000000 2
368 904 3 8192 2.000000000 2
368 940 3 8192 2.000000000 2
368 976 3 8192 2.000000000 2
368 1004 3 8192 2.000000000 2
368 1008 3 8192 2.000000000 2
368 1020 3 8192 2.000000000 2
368 1024 3 8192 2.000000000 2
368 1048 3 8192 2.000000000 2
368 1052 3 8192 2.000000000 2
368 1056 3 8192 2.000000000 2
368 1060 3 8192 2.000000000 2
368 1068 3 8192 2.000000000 2
368 1072 3 8192 2.000000000 2
368 1076 3 8192 2.000000000 2
368 1084 3 8192 2.000000000 2
368 1092 3 8192 2.000000000 2
368 1100 3 8192 2.000000000 2
368 1128 3 8192 2.000000000 2
368 1148 3 8192 2.000000000 2
368 1192 3 8192 2.000000000 2
368 1208 3 8192 2.000000000 2
368 1220 3 8192 2.000000000 2
368 1264 3 8192 2.000000000 2
372 20 3 8192 2.000000000 2
372 32 3 8192 2.000000000 2
372 36 3 8192 2.000000000 2
372 52 3 8192 2.000000000 2
372 56 3 8192 2.000000000 2
372 68 3 8192 2.000000000 2
372 164 3 8192 2.000000000 2
372 172 3 8192 2.000000000 2
372 176 3 8192 2.000000000 2
372 180 3 8192 2.000000000 2
372 192 3 8192 2.000000000 2
372 196 3 8192 2.000000000 2
372 216 3 8192 2.000000000 2
372 224 3 8192 2.000000000 2
372 272 3 8192 2.000000000 2
372 296 3 8192 2.000000000 2
372 316 3 8192 2.000000000 2
372 364 3 8192 2.000000000 2
372 420 3 8192 2.000000000 2
372 452 3 8192 2.000000000 2
372 456 3 8192 2.000000000 2
372 460 3 8192 2.000000000 2
372 472 3 8192 2.000000000 2
372 500 3 8192 2.000000000 2
372 520 3 8192 2.000000000 2
372 544 3 8192 2.000000000 2
372 632 3 8192 2.000000000 2
372 640 3 8192 2.000000000 2
372 664 3 8192 2.000000000 2
372 676 3 8192 2.000000000 2
372 684 3 8192 2.000000000 2
372 688 3 8192 2.000000000 2
372 692 3 8192 2.000000000 2
372 732 3 8192 2.000000000 2
372 752 3 8192 2.000000000 2
372 768 3 8192 2.000000000 2
372 780 3 8192 2.000000000 2
372 792 3 8192 2.000000000 2
372 816 3 8192 2.000000000 2
372 840 3 8192 2.000000000 2
372 872 3 8192 2.000000000 2
372 888 3 8192 2.000000000 2
372 892 3 8192 2.000000000 2
372 908 3 8192 2.000000000 2
372 960 3 8192 2.000000000 2
372 1016 3 8192 2.000000000 2
372 1020 3 8192 2.000000000 2
372 1028 3 8192 2.000000000 2
372 1060 3 8192 2.000000000 2
372 1088 3 8192 2.000000000 2
372 1100 3 8192 2.000000000 2
372 1156 3 8192 2.000000000 2
372 1180 3 8192 2.000000000 2
372 1184 3 8192 2.000000000 2
372 1192 3 8192 2.000000000 2
372 1204 3 8192 2.000000000 2
372 1208 3 8192 2.000000000 2
372 1220 3 8192 2.000000000 2
372 1224 3 8192 2.000000000 2
372 1228 3 8192 2.000000000 2
372 1256 3 8192 2.000000000 2
372 1260 3 8192 2.000000000 2
372 1264 3 8192 2.000000000 2
372 1268 3 8192 2.000000000 2
376 4 3 8192 2.000000000 2
376 8 3 8192 2.000000000 2
376 28 3 8192 2.000000000 2
376 40 3 8192 2.000000000 2
376 68 3 8192 2.000000000 2
376 76 3 8192 2.000000000 2
376 112 3 8192 2.000000000 2
376 124 3 8192 2.000000000 2
376 152 3 8192 2.000000000 2
376 172 3 8192 2.000000000 2
376 180 3 8192 2.000000000 2
376 204 3 8192 2.000000000 2
376 224 3 8192 2.000000000 2
376 284 3 8192 2.000000000 2
376 304 3 8192 2.000000000 2
376 324 3 8192 2.000000000 2
376 368 3 8192 2.000000000 2
376 380 3 8192 2.000000000 2
376 384 3 8192 2.000000000 2
376 388 3 8192 2.000000000 2
376 392 3 8192 2.000000000 2
376 412 3 8192 2.000000000 2
376 416 3 8192 2.000000000 2
376 420 3 8192 2.000000000 2
376 436 3 8192 2.000000000 2
376 444 3 8192 2.000000000 2
376 448 3 8192 2.000000000 2
376 460 3 8192 2.000000000 2
376 492 3 8192 2.000000000 2
376 504 3 8192 2.000000000 2
376 532 3 8192 2.000000000 2
376 540 3 8192 2.000000000 2
376 564 3 8192 2.000000000 2
376 580 3 8192 2.000000000 2
376 592 3 8192 2.000000000 2
376 604 3 8192 2.000000000 2
376 608 3 8192 2.000000000 2
376 620 3 8192 2.000000000 2
376 628 3 8192 2.000000000 2
376 676 3 8192 2.000000000 2
376 692 3 8192 2.000000000 2
376 708 3 8192 2.000000000 2
376 736 3 8192 2.000000000 2
376 768 3 8192 2.000000000 2
376 772 3 8192 2.000000000 2
376 784 3 8192 2.000000000 2
376 792 3 8192 2.000000000 2
376 828 3 8192 2.000000000 2
376 836 3 8192 2.000000000 2
376 864 3 8192 2.000000000 2
376 872 3 8192 2.000000000 2
376 888 3 8192 2.000000000 2
376 892 3 8192 2.000000000 2
376 896 3 8192 2.000000000 2
376 976 3 8192 2.000000000 2
376 1004 3 8192 2.000000000 2
376 1008 3 8192 2.000000000 2
376 1020 3 8192 2.000000000 2
376 1024 3 8192 2.000000000 2
376 1040 3 8192 2.000000000 2
376 1048 3 8192 2.000000000 2
376 1080 3 8192 2.000000000 2
376 1204 3 8192 2.000000000 2
376 1208 3 8192 2.000000000 2
380 8 3 8192 2.000000000 2
380 40 3 8192 2.000000000 2
380 56 3 8192 2.000000000 2
380 64 3 8192 2.000000000 2
380 76 3 8192 2.000000000 2
380 92 3 8192 2.000000000 2
380 148 3 8192 2.000000000 2
380 164 3 8192 2.000000000 2
380 260 3 8192 2.000000000 2
380 268 3 8192 2.000000000 2
380 304 3 8192 2.000000000 2
380 308 3 8192 2.000000000 2
380 320 3 8192 2.000000000 2
380 340 3 8192 2.000000000 2
380 376 3 8192 2.000000000 2
380 392 3 8192 2.000000000 2
380 396 3 8192 2.000000000 2
380 400 3 8192 2.000000000 2
380 412 3 8192 2.000000000 2
380 420 3 8192 2.000000000 2
380 424 3 8192 2.000000000 2
380 448 3 8192 2.000000000 2
380 468 3 8192 2.000000000 2
380 500 3 8192 2.000000000 2
380 504 3 8192 2.000000000 2
380 508 3 8192 2.000000000 2
380 564 3 8192 2.000000000 2
380 600 3 8192 2.000000000 2
380 616 3 8192 2.000000000 2
380 620 3 8192 2.000000000 2
380 624 3 8192 2.000000000 2
380 636 3 8192 2.000000000 2
380 640 3 8192 2.000000000 2
380 668 3 8192 2.000000000 2
380 692 3 8192 2.000000000 2
380 708 3 8192 2.000000000 2
380 712 3 8192 2.000000000 2
380 720 3 8192 2.000000000 2
380 724 3 8192 2.000000000 2
380 744 3 8192 2.000000000 2
380 780 3 8192 2.000000000 2
380 784 3 8192 2.000000000 2
380 788 3 8192 2.000000000 2
380 792 3 8192 2.000000000 2
380 816 3 8192 2.000000000 2
380 852 3 8192 2.000000000 2
380 856 3 8192 2.000000000 2
380 872 3 8192 2.000000000 2
380 896 3 8192 2.000000000 2
380 900 3 8192 2.000000000 2
380 912 3 8192 2.000000000 2
380 916 3 8192 2.000000000 2
380 968 3 8192 2.000000000 2
380 1020 3 8192 2.000000000 2
380 1036 3 8192 2.000000000 2
380 1044 3 8192 2.000000000 2
380 1072 3 8192 2.000000000 2
380 1088 3 8192 2.000000000 2
380 1104 3 8192 2.000000000 2
380 1108 3 8192 2.000000000 2
380 1112 3 8192 2.000000000 2
380 1128 3 8192 2.000000000 2
380 1192 3 8192 2.000000000 2
380 1272 3 8192 2.000000000 2
384 0 3 8192 2.000000000 2
384 20 3 8192 2.000000000 2
384 28 3 8192 2.000000000 2
384 32 3 8192 2.000000000 2
384 56 3 8192 2.000000000 2
384 132 3 8192 2.000000000 2
384 136 3 8192 2.000000000 2
384 160 3 8192 2.000000000 2
384 256 3 8192 2.000000000 2
384 260 3 8192 2.000000000 2
384 272 3 8192 2.000000000 2
384 288 3 8192 2.000000000 2
384 296 3 8192 2.000000000 2
384 308 3 8192 2.000000000 2
384 336 3 8192 2.000000000 2
384 364 3 8192 2.000000000 2
384 432 3 8192 2.000000000 2
384 436 3 8192 2.000000000 2
384 444 3 8192 2.000000000 2
384 448 3 8192 2.000000000 2
384 468 3 8192 2.000000000 2
384 488 3 8192 2.000000000 2
384 492 3 8192 2.000000000 2
384 500 3 8192 2.000000000 2
384 532 3 8192 2.000000000 2
384 548 3 8192 2.000000000 2
384 552 3 8192 2.000000000 2
384 592 3 8192 2.000000000 2
384 612 3 8192 2.000000000 2
384 616 3 8192 2.000000000 2
384 624 3 8192 2.000000000 2
384 636 3 8192 2.000000000 2
384 656 3 8192 2.000000000 2
384 680 3 8192 2.000000000 2
384 712 3 8192 2.000000000 2
384 764 3 8192 2.000000000 2
384 772 3 8192 2.000000000 2
384 780 3 8192 2.000000000 2
384 784 3 8192 2.000000000 2
384 800 3 8192 2.000000000 2
384 836 3 8192 2.000000000 2
384 844 3 8192 2.000000000 2
384 848 3 8192 2.000000000 2
384 852 3 8192 2.000000000 2
384 888 3 8192 2.000000000 2
384 900 3 8192 2.000000000 2
384 956 3 8192 2.000000000 2
384 972 3 8192 2.000000000 2
384 976 3 8192 2.000000000 2
384 980 3 8192 2.000000000 2
384 992 3 8192 2.000000000 2
384 1016 3 8192 2.000000000 2
384 1020 3 8192 2.000000000 2
384 1032 3 8192 2.000000000 2
384 1036 3 8192 2.000000000 2
384 1056 3 8192 2.000000000 2
384 1060 3 8192 2.000000000 2
384 1084 3 8192 2.000000000 2
384 1088 3 8192 2.000000000 2
384 1092 3 8192 2.000000000 2
384 1104 3 8192 2.000000000 2
384 1144 3 8192 2.000000000 2
384 1220 3 8192 2.000000000 2
384 1236 3 8192 2.000000000 2
388 16 3 8192 2.000000000 2
388 20 3 8192 2.000000000 2
388 24 3 8192 2.000000000 2
388 40 3 8192 2.000000000 2
388 52 3 8192 2.000000000 2
388 60 3 8192 2.000000000 2
388 120 3 8192 2.000000000 2
388 196 3 8192 2.000000000 2
388 212 3 8192 2.000000000 2
388 216 3 8192 2.000000000 2
388 284 3 8192 2.000000000 2
388 296 3 8192 2.000000000 2
388 340 3 8192 2.000000000 2
388 360 3 8192 2.000000000 2
388 392 3 8192 2.000000000 2
388 396 3 8192 2.000000000 2
388 412 3 8192 2.000000000 2
388 420 3 8192 2.000000000 2
388 432 3 8192 2.000000000 2
388 448 3 8192 2.000000000 2
388 468 3 8192 2.000000000 2
388 492 3 8192 2.000000000 2
388 496 3 8192 2.000000000 2
388 500 3 8192 2.000000000 2
388 516 3 8192 2.000000000 2
388 548 3 8192 2.000000000 2
388 568 3 8192 2.000000000 2
388 608 3 8192 2.000000000 2
388 612 3 8192 2.000000000 2
388 620 3 8192 2.000000000 2
388 636 3 8192 2.000000000 2
388 640 3 8192 2.000000000 2
388 672 3 8192 2.000000000 2
388 684 3 8192 2.000000000 2
388 688 3 8192 2.000000000 2
388 720 3 8192 2.000000000 2
388 736 3 8192 2.000000000 2
388 764 3 8192 2.000000000 2
388 768 3 8192 2.000000000 2
388 780 3 8192 2.000000000 2
388 784 3 8192 2.000000000 2
388 792 3 8192 2.000000000 2
388 812 3 8192 2.000000000 2
388 844 3 8192 2.000000000 2
388 852 3 8192 2.000000000 2
388 856 3 8192 2.000000000 2
388 892 3 8192 2.000000000 2
388 900 3 8192 2.000000000 2
388 916 3 8192 2.000000000 2
388 952 3 8192 2.000000000 2
388 984 3 8192 2.000000000 2
388 988 3 8192 2.000000000 2
388 1060 3 8192 2.000000000 2
388 1068 3 8192 2.000000000 2
388 1088 3 8192 2.000000000 2
388 1128 3 8192 2.000000000 2
388 1140 3 8192 2.000000000 2
388 1164 3 8192 2.000000000 2
388 1184 3 8192 2.000000000 2
388 1204 3 8192 2.000000000 2
388 1228 3 8192 2.000000000 2
388 1236 3 8192 2.000000000 2
388 1244 3 8192 2.000000000 2
388 1260 3 8192 2.000000000 2
392 0 3 8192 2.000000000 2
392 4 3 8192 2.000000000 2
392 16 3 8192 2.000000000 2
392 36 3 8192 2.000000000 2
392 112 3 8192 2.000000000 2
392 120 3 8192 2.000000000 2
392 124 3 8192 2.000000000 2
392 128 3 8192 2.000000000 2
392 132 3 8192 2.000000000 2
392 136 3 8192 2.000000000 2
392 152 3 8192 2.000000000 2
392 196 3 8192 2.000000000 2
392 208 3 8192 2.000000000 2
392 272 3 8192 2.000000000 2
392 304 3 8192 2.000000000 2
392 364 3 8192 2.000000000 2
392 380 3 8192 2.000000000 2
392 424 3 8192 2.000000000 2
392 440 3 8192 2.000000000 2
392 444 3 8192 2.000000000 2
392 456 3 8192 2.000000000 2
392 468 3 8192 2.000000000 2
392 492 3 8192 2.000000000 2
392 536 3 8192 2.000000000 2
392 580 3 8192 2.000000000 2
392 588 3 8192 2.000000000 2
392 592 3 8192 2.000000000 2
392 604 3 8192 2.000000000 2
392 632 3 8192 2.000000000 2
392 640 3 8192 2.000000000 2
392 668 3 8192 2.000000000 2
392 672 3 8192 2.000000000 2
392 676 3 8192 2.000000000 2
392 680 3 8192 2.000000000 2
392 684 3 8192 2.000000000 2
392 692 3 8192 2.000000000 2
392 712 3 8192 2.000000000 2
392 744 3 8192 2.000000000 2
392 752 3 8192 2.000000000 2
392 784 3 8192 2.000000000 2
392 816 3 8192 2.000000000 2
392 860 3 8192 2.000000000 2
392 880 3 8192 2.000000000 2
392 884 3 8192 2.000000000 2
392 896 3 8192 2.000000000 2
392 908 3 8192 2.000000000 2
392 956 3 8192 2.000000000 2
392 964 3 8192 2.000000000 2
392 972 3 8192 2.000000000 2
392 988 3 8192 2.000000000 2
392 992 3 8192 2.000000000 2
392 1032 3 8192 2.000000000 2
392 1044 3 8192 2.000000000 2
392 1048 3 8192 2.000000000 2
392 1052 3 8192 2.000000000 2
392 1080 3 8192 2.000000000 2
392 1140 3 8192 2.000000000 2
392 1144 3 8192 2.000000000 2
392 1180 3 8192 2.000000000 2
392 1184 3 8192 2.000000000 2
392 1216 3 8192 2.000000000 2
392 1224 3 8192 2.000000000 2
392 1236 3 8192 2.000000000 2
392 1244 3 8192 2.000000000 2
396 8 3 8192 2.000000000 2
396 12 3 8192 2.000000000 2
396 16 3 8192 2.000000000 2
396 20 3 8192 2.000000000 2
396 32 3 8192 2.000000000 2
396 52 3 8192 2.000000000 2
396 76 3 8192 2.000000000 2
396 124 3 8192 2.000000000 2
396 128 3 8192 2.000000000 2
396 136 3 8192 2.000000000 2
396 156 3 8192 2.000000000 2
396 160 3 8192 2.000000000 2
396 172 3 8192 2.000000000 2
396 196 3 8192 2.000000000 2
396 212 3 8192 2.000000000 2
396 216 3 8192 2.000000000 2
396 284 3 8192 2.000000000 2
396 316 3 8192 2.000000000 2
396 348 3 8192 2.000000000 2
396 360 3 8192 2.000000000 2
396 392 3 8192 2.000000000 2
396 400 3 8192 2.000000000 2
396 424 3 8192 2.000000000 2
396 428 3 8192 2.000000000 2
396 440 3 8192 2.000000000 2
396 492 3 8192 2.000000000 2
396 500 3 8192 2.000000000 2
396 520 3 8192 2.000000000 2
396 532 3 8192 2.000000000 2
396 552 3 8192 2.000000000 2
396 564 3 8192 2.000000000 2
396 592 3 8192 2.000000000 2
396 620 3 8192 2.000000000 2
396 636 3 8192 2.000000000 2
396 644 3 8192 2.000000000 2
396 668 3 8192 2.000000000 2
396 732 3 8192 2.000000000 2
396 748 3 8192 2.000000000 2
396 764 3 8192 2.000000000 2
396 812 3 8192 2.000000000 2
396 844 3 8192 2.000000000 2
396 864 3 8192 2.000000000 2
396 904 3 8192 2.000000000 2
396 988 3 8192 2.000000000 2
396 1004 3 8192 2.000000000 2
396 1008 3 8192 2.000000000 2
396 1012 3 8192 2.000000000 2
396 1016 3 8192 2.000000000 2
396 1028 3 8192 2.000000000 2
396 1044 3 8192 2.000000000 2
396 1048 3 8192 2.000000000 2
396 1052 3 8192 2.000000000 2
396 1072 3 8192 2.000000000 2
396 1080 3 8192 2.000000000 2
396 1088 3 8192 2.000000000 2
396 1096 3 8192 2.000000000 2
396 1100 3 8192 2.000000000 2
396 1112 3 8192 2.000000000 2
396 1160 3 8192 2.000000000 2
396 1176 3 8192 2.000000000 2
396 1184 3 8192 2.000000000 2
396 1224 3 8192 2.000000000 2
396 1236 3 8192 2.000000000 2
396 1272 3 8192 2.000000000 2
400 0 3 8192 2.000000000 2
400 4 3 8192 2.000000000 2
400 24 3 8192 2.000000000 2
400 32 3 8192 2.000000000 2
400 36 3 8192 2.000000000 2
400 40 3 8192 2.000000000 2
400 76 3 8192 2.000000000 2
400 92 3 8192 2.000000000 2
400 100 3 8192 2.000000000 2
400 112 3 8192 2.000000000 2
400 148 3 8192 2.000000000 2
400 152 3 8192 2.000000000 2
400 180 3 8192 2.000000000 2
400 200 3 8192 2.000000000 2
400 264 3 8192 2.000000000 2
400 272 3 8192 2.000000000 2
400 280 3 8192 2.000000000 2
400 288 3 8192 2.000000000 2
400 296 3 8192 2.000000000 2
400 324 3 8192 2.000000000 2
400 352 3 8192 2.000000000 2
400 356 3 8192 2.000000000 2
400 360 3 8192 2.000000000 2
400 432 3 8192 2.000000000 2
400 436 3 8192 2.000000000 2
400 456 3 8192 2.000000000 2
400 472 3 8192 2.000000000 2
400 520 3 8192 2.000000000 2
400 540 3 8192 2.000000000 2
400 548 3 8192 2.000000000 2
400 592 3 8192 2.000000000 2
400 596 3 8192 2.000000000 2
400 640 3 8192 2.000000000 2
400 668 3 8192 2.000000000 2
400 672 3 8192 2.000000000 2
400 684 3 8192 2.000000000 2
400 688 3 8192 2.000000000 2
400 692 3 8192 2.000000000 2
400 708 3 8192 2.000000000 2
400 720 3 8192 2.000000000 2
400 732 3 8192 2.000000000 2
400 736 3 8192 2.000000000 2
400 740 3 8192 2.000000000 2
400 744 3 8192 2.000000000 2
400 768 3 8192 2.000000000 2
400 780 3 8192 2.000000000 2
400 784 3 8192 2.000000000 2
400 852 3 8192 2.000000000 2
400 884 3 8192 2.000000000 2
400 888 3 8192 2.000000000 2
400 976 3 8192 2.000000000 2
400 984 3 8192 2.000000000 2
400 1016 3 8192 2.000000000 2
400 1036 3 8192 2.000000000 2
400 1040 3 8192 2.000000000 2
400 1044 3 8192 2.000000000 2
400 1060 3 8192 2.000000000 2
400 1084 3 8192 2.000000000 2
400 1092 3 8192 2.000000000 2
400 1108 3 8192 2.000000000 2
400 1112 3 8192 2.000000000 2
400 1160 3 8192 2.000000000 2
400 1256 3 8192 2.000000000 2
400 1272 3 8192 2.000000000 2
412 20 3 8192 2.000000000 2
412 48 3 8192 2.000000000 2
412 52 3 8192 2.000000000 2
412 92 3 8192 2.000000000 2
412 96 3 8192 2.000000000 2
412 116 3 8192 2.000000000 2
412 128 3 8192 2.000000000 2
412 152 3 8192 2.000000000 2
412 160 3 8192 2.000000000 2
412 180 3 8192 2.000000000 2
412 192 3 8192 2.000000000 2
412 200 3 8192 2.000000000 2
412 208 3 8192 2.000000000 2
412 212 3 8192 2.000000000 2
412 216 3 8192 2.000000000 2
412 224 3 8192 2.000000000 2
412 260 3 8192 2.000000000 2
412 264 3 8192 2.000000000 2
412 288 3 8192 2.000000000 2
412 304 3 8192 2.000000000 2
412 368 3 8192 2.000000000 2
412 372 3 8192 2.000000000 2
412 416 3 8192 2.000000000 2
412 432 3 8192 2.000000000 2
412 444 3 8192 2.000000000 2
412 496 3 8192 2.000000000 2
412 520 3 8192 2.000000000 2
412 536 3 8192 2.000000000 2
412 544 3 8192 2.000000000 2
412 556 3 8192 2.000000000 2
412 560 3 8192 2.000000000 2
412 604 3 8192 2.000000000 2
412 608 3 8192 2.000000000 2
412 628 3 8192 2.000000000 2
412 660 3 8192 2.000000000 2
412 672 3 8192 2.000000000 2
412 692 3 8192 2.000000000 2
412 752 3 8192 2.000000000 2
412 772 3 8192 2.000000000 2
412 784 3 8192 2.000000000 2
412 788 3 8192 2.000000000 2
412 836 3 8192 2.000000000 2
412 852 3 8192 2.000000000 2
412 856 3 8192 2.000000000 2
412 860 3 8192 2.000000000 2
412 872 3 8192 2.000000000 2
412 900 3 8192 2.000000000 2
412 912 3 8192 2.000000000 2
412 980 3 8192 2.000000000 2
412 988 3 8192 2.000000000 2
412 992 3 8192 2.000000000 2
412 996 3 8192 2.000000000 2
412 1000 3 8192 2.000000000 2
412 1012 3 8192 2.000000000 2
412 1072 3 8192 2.000000000 2
412 1128 3 8192 2.000000000 2
412 1140 3 8192 2.000000000 2
412 1144 3 8192 2.000000000 2
412 1180 3 8192 2.000000000 2
412 1212 3 8192 2.000000000 2
412 1216 3 8192 2.000000000 2
412 1224 3 8192 2.000000000 2
412 1264 3 8192 2.000000000 2
412 1268 3 8192 2.000000000 2
416 16 3 8192 2.000000000 2
416 20 3 8192 2.000000000 2
416 24 3 8192 2.000000000 2
416 92 3 8192 2.000000000 2
416 100 3 8192 2.000000000 2
416 108 3 8192 2.000000000 2
416 124 3 8192 2.000000000 2
416 128 3 8192 2.000000000 2
416 136 3 8192 2.000000000 2
416 176 3 8192 2.000000000 2
416 212 3 8192 2.000000000 2
416 268 3 8192 2.000000000 2
416 312 3 8192 2.000000000 2
416 340 3 8192 2.000000000 2
416 356 3 8192 2.000000000 2
416 364 3 8192 2.000000000 2
416 368 3 8192 2.000000000 2
416 392 3 8192 2.000000000 2
416 440 3 8192 2.000000000 2
416 444 3 8192 2.000000000 2
416 452 3 8192 2.000000000 2
416 468 3 8192 2.000000000 2
416 476 3 8192 2.000000000 2
416 540 3 8192 2.000000000 2
416 580 3 8192 2.000000000 2
416 592 3 8192 2.000000000 2
416 608 3 8192 2.000000000 2
416 616 3 8192 2.000000000 2
416 624 3 8192 2.000000000 2
416 652 3 8192 2.000000000 2
416 672 3 8192 2.000000000 2
416 748 3 8192 2.000000000 2
416 784 3 8192 2.000000000 2
416 788 3 8192 2.000000000 2
416 792 3 8192 2.000000000 2
416 796 3 8192 2.000000000 2
416 804 3 8192 2.000000000 2
416 828 3 8192 2.000000000 2
416 860 3 8192 2.000000000 2
416 872 3 8192 2.000000000 2
416 896 3 8192 2.000000000 2
416 900 3 8192 2.000000000 2
416 912 3 8192 2.000000000 2
416 916 3 8192 2.000000000 2
416 948 3 8192 2.000000000 2
416 952 3 8192 2.000000000 2
416 968 3 8192 2.000000000 2
416 972 3 8192 2.000000000 2
416 988 3 8192 2.000000000 2
416 992 3 8192 2.000000000 2
416 996 3 8192 2.000000000 2
416 1008 3 8192 2.000000000 2
416 1020 3 8192 2.000000000 2
416 1060 3 8192 2.000000000 2
416 1076 3 8192 2.000000000 2
416 1084 3 8192 2.000000000 2
416 1100 3 8192 2.000000000 2
416 1176 3 8192 2.000000000 2
416 1192 3 8192 2.000000000 2
416 1228 3 8192 2.000000000 2
416 1244 3 8192 2.000000000 2
416 1252 3 8192 2.000000000 2
416 1268 3 8192 2.000000000 2
416 1276 3 8192 2.000000000 2
420 0 3 8192 2.000000000 2
420 4 3 8192 2.000000000 2
420 108 3 8192 2.000000000 2
420 112 3 8192 2.000000000 2
420 152 3 8192 2.000000000 2
420 160 3 8192 2.000000000 2
420 164 3 8192 2.000000000 2
420 172 3 8192 2.000000000 2
420 180 3 8192 2.000000000 2
420 204 3 8192 2.000000000 2
420 212 3 8192 2.000000000 2
420 240 3 8192 2.000000000 2
420 260 3 8192 2.000000000 2
420 280 3 8192 2.000000000 2
420 284 3 8192 2.000000000 2
420 308 3 8192 2.000000000 2
420 316 3 8192 2.000000000 2
420 340 3 8192 2.000000000 2
420 348 3 8192 2.000000000 2
420 392 3 8192 2.000000000 2
420 400 3 8192 2.000000000 2
420 428 3 8192 2.000000000 2
420 432 3 8192 2.000000000 2
420 440 3 8192 2.000000000 2
420 444 3 8192 2.000000000 2
420 456 3 8192 2.000000000 2
420 516 3 8192 2.000000000 2
420 552 3 8192 2.000000000 2
420 564 3 8192 2.000000000 2
420 592 3 8192 2.000000000 2
420 596 3 8192 2.000000000 2
420 600 3 8192 2.000000000 2
420 604 3 8192 2.000000000 2
420 624 3 8192 2.000000000 2
420 640 3 8192 2.000000000 2
420 692 3 8192 2.000000000 2
420 784 3 8192 2.000000000 2
420 812 3 8192 2.000000000 2
420 836 3 8192 2.000000000 2
420 880 3 8192 2.000000000 2
420 916 3 8192 2.000000000 2
420 948 3 8192 2.000000000 2
420 984 3 8192 2.000000000 2
420 992 3 8192 2.000000000 2
420 1016 3 8192 2.000000000 2
420 1032 3 8192 2.000000000 2
420 1036 3 8192 2.000000000 2
420 1048 3 8192 2.000000000 2
420 1052 3 8192 2.000000000 2
420 1056 3 8192 2.000000000 2
420 1060 3 8192 2.000000000 2
420 1068 3 8192 2.000000000 2
420 1084 3 8192 2.000000000 2
420 1128 3 8192 2.000000000 2
420 1156 3 8192 2.000000000 2
420 1164 3 8192 2.000000000 2
420 1184 3 8192 2.000000000 2
420 1192 3 8192 2.000000000 2
420 1196 3 8192 2.000000000 2
420 1208 3 8192 2.000000000 2
420 1220 3 8192 2.000000000 2
420 1256 3 8192 2.000000000 2
420 1268 3 8192 2.000000000 2
420 1272 3 8192 2.000000000 2
424 0 3 8192 2.000000000 2
424 24 3 8192 2.000000000 2
424 32 3 8192 2.000000000 2
424 36 3 8192 2.000000000 2
424 64 3 8192 2.000000000 2
424 128 3 8192 2.000000000 2
424 132 3 8192 2.000000000 2
424 156 3 8192 2.000000000 2
424 164 3 8192 2.000000000 2
424 180 3 8192 2.000000000 2
424 240 3 8192 2.000000000 2
424 256 3 8192 2.000000000 2
424 284 3 8192 2.000000000 2
424 292 3 8192 2.000000000 2
424 304 3 8192 2.000000000 2
424 320 3 8192 2.000000000 2
424 324 3 8192 2.000000000 2
424 328 3 8192 2.000000000 2
424 336 3 8192 2.000000000 2
424 356 3 8192 2.000000000 2
424 380 3 8192 2.000000000 2
424 384 3 8192 2.000000000 2
424 392 3 8192 2.000000000 2
424 396 3 8192 2.000000000 2
424 400 3 8192 2.000000000 2
424 420 3 8192 2.000000000 2
424 436 3 8192 2.000000000 2
424 456 3 8192 2.000000000 2
424 492 3 8192 2.000000000 2
424 520 3 8192 2.000000000 2
424 556 3 8192 2.000000000 2
424 604 3 8192 2.000000000 2
424 616 3 8192 2.000000000 2
424 656 3 8192 2.000000000 2
424 668 3 8192 2.000000000 2
424 676 3 8192 2.000000000 2
424 720 3 8192 2.000000000 2
424 748 3 8192 2.000000000 2
424 760 3 8192 2.000000000 2
424 788 3 8192 2.000000000 2
424 840 3 8192 2.000000000 2
424 844 3 8192 2.000000000 2
424 896 3 8192 2.000000000 2
424 904 3 8192 2.000000000 2
424 948 3 8192 2.000000000 2
424 952 3 8192 2.000000000 2
424 960 3 8192 2.000000000 2
424 968 3 8192 2.000000000 2
424 980 3 8192 2.000000000 2
424 996 3 8192 2.000000000 2
424 1008 3 8192 2.000000000 2
424 1016 3 8192 2.000000000 2
424 1024 3 8192 2.000000000 2
424 1036 3 8192 2.000000000 2
424 1076 3 8192 2.000000000 2
424 1080 3 8192 2.000000000 2
424 1092 3 8192 2.000000000 2
424 1164 3 8192 2.000000000 2
424 1236 3 8192 2.000000000 2
424 1244 3 8192 2.000000000 2
424 1252 3 8192 2.000000000 2
424 1256 3 8192 2.000000000 2
424 1264 3 8192 2.000000000 2
424 1276 3 8192 2.000000000 2
428 24 3 8192 2.000000000 2
428 28 3 8192 2.000000000 2
428 40 3 8192 2.000000000 2
428 52 3 8192 2.000000000 2
428 56 3 8192 2.000000000 2
428 124 3 8192 2.000000000 2
428 128 3 8192 2.000000000 2
428 160 3 8192 2.000000000 2
428 208 3 8192 2.000000000 2
428 212 3 8192 2.000000000 2
428 256 3 8192 2.000000000 2
428 264 3 8192 2.000000000 2
428 272 3 8192 2.000000000 2
428 284 3 8192 2.000000000 2
428 288 3 8192 2.000000000 2
428 292 3 8192 2.000000000 2
428 296 3 8192 2.000000000 2
428 324 3 8192 2.000000000 2
428 328 3 8192 2.000000000 2
428 340 3 8192 2.000000000 2
428 396 3 8192 2.000000000 2
428 412 3 8192 2.000000000 2
428 492 3 8192 2.000000000 2
428 516 3 8192 2.000000000 2
428 532 3 8192 2.000000000 2
428 544 3 8192 2.000000000 2
428 552 3 8192 2.000000000 2
428 560 3 8192 2.000000000 2
428 564 3 8192 2.000000000 2
428 568 3 8192 2.000000000 2
428 592 3 8192 2.000000000 2
428 600 3 8192 2.000000000 2
428 624 3 8192 2.000000000 2
428 664 3 8192 2.000000000 2
428 668 3 8192 2.000000000 2
428 676 3 8192 2.000000000 2
428 692 3 8192 2.000000000 2
428 708 3 8192 2.000000000 2
428 724 3 8192 2.000000000 2
428 748 3 8192 2.000000000 2
428 780 3 8192 2.000000000 2
428 804 3 8192 2.000000000 2
428 816 3 8192 2.000000000 2
428 852 3 8192 2.000000000 2
428 896 3 8192 2.000000000 2
428 904 3 8192 2.000000000 2
428 956 3 8192 2.000000000 2
428 960 3 8192 2.000000000 2
428 972 3 8192 2.000000000 2
428 1000 3 8192 2.000000000 2
428 1024 3 8192 2.000000000 2
428 1028 3 8192 2.000000000 2
428 1032 3 8192 2.000000000 2
428 1052 3 8192 2.000000000 2
428 1060 3 8192 2.000000000 2
428 1068 3 8192 2.000000000 2
428 1076 3 8192 2.000000000 2
428 1128 3 8192 2.000000000 2
428 1160 3 8192 2.000000000 2
428 1180 3 8192 2.000000000 2
428 1212 3 8192 2.000000000 2
428 1224 3 8192 2.000000000 2
428 1228 3 8192 2.000000000 2
428 1268 3 8192 2.000000000 2
432 16 3 8192 2.000000000 2
432 20 3 8192 2.000000000 2
432 32 3 8192 2.000000000 2
432 48 3 8192 2.000000000 2
432 64 3 8192 2.000000000 2
432 72 3 8192 2.000000000 2
432 76 3 8192 2.000000000 2
432 108 3 8192 2.000000000 2
432 116 3 8192 2.000000000 2
432 148 3 8192 2.000000000 2
432 196 3 8192 2.000000000 2
432 272 3 8192 2.000000000 2
432 276 3 8192 2.000000000 2
432 288 3 8192 2.000000000 2
432 320 3 8192 2.000000000 2
432 348 3 8192 2.000000000 2
432 364 3 8192 2.000000000 2
432 384 3 8192 2.000000000 2
432 388 3 8192 2.000000000 2
432 424 3 8192 2.000000000 2
432 436 3 8192 2.000000000 2
432 456 3 8192 2.000000000 2
432 520 3 8192 2.000000000 2
432 548 3 8192 2.000000000 2
432 552 3 8192 2.000000000 2
432 564 3 8192 2.000000000 2
432 568 3 8192 2.000000000 2
432 592 3 8192 2.000000000 2
432 612 3 8192 2.000000000 2
432 632 3 8192 2.000000000 2
432 640 3 8192 2.000000000 2
432 656 3 8192 2.000000000 2
432 664 3 8192 2.000000000 2
432 684 3 8192 2.000000000 2
432 708 3 8192 2.000000000 2
432 752 3 8192 2.000000000 2
432 760 3 8192 2.000000000 2
432 764 3 8192 2.000000000 2
432 772 3 8192 2.000000000 2
432 780 3 8192 2.000000000 2
432 800 3 8192 2.000000000 2
432 804 3 8192 2.000000000 2
432 816 3 8192 2.000000000 2
432 884 3 8192 2.000000000 2
432 916 3 8192 2.000000000 2
432 940 3 8192 2.000000000 2
432 964 3 8192 2.000000000 2
432 980 3 8192 2.000000000 2
432 1008 3 8192 2.000000000 2
432 1012 3 8192 2.000000000 2
432 1016 3 8192 2.000000000 2
432 1032 3 8192 2.000000000 2
432 1044 3 8192 2.000000000 2
432 1060 3 8192 2.000000000 2
432 1072 3 8192 2.000000000 2
432 1096 3 8192 2.000000000 2
432 1108 3 8192 2.000000000 2
432 1148 3 8192 2.000000000 2
432 1164 3 8192 2.000000000 2
432 1204 3 8192 2.000000000 2
432 1224 3 8192 2.000000000 2
432 1244 3 8192 2.000000000 2
432 1252 3 8192 2.000000000 2
432 1256 3 8192 2.000000000 2
436 0 3 8192 2.000000000 2
436 20 3 8192 2.000000000 2
436 28 3 8192 2.000000000 2
436 124 3 8192 2.000000000 2
436 148 3 8192 2.000000000 2
436 152 3 8192 2.000000000 2
436 164 3 8192 2.000000000 2
436 176 3 8192 2.000000000 2
436 192 3 8192 2.000000000 2
436 216 3 8192 2.000000000 2
436 264 3 8192 2.000000000 2
436 272 3 8192 2.000000000 2
436 288 3 8192 2.000000000 2
436 296 3 8192 2.000000000 2
436 320 3 8192 2.000000000 2
436 360 3 8192 2.000000000 2
436 368 3 8192 2.000000000 2
436 376 3 8192 2.000000000 2
436 392 3 8192 2.000000000 2
436 448 3 8192 2.000000000 2
436 456 3 8192 2.000000000 2
436 468 3 8192 2.000000000 2
436 496 3 8192 2.000000000 2
436 520 3 8192 2.000000000 2
436 560 3 8192 2.000000000 2
436 564 3 8192 2.000000000 2
436 588 3 8192 2.000000000 2
436 616 3 8192 2.000000000 2
436 628 3 8192 2.000000000 2
436 636 3 8192 2.000000000 2
436 640 3 8192 2.000000000 2
436 660 3 8192 2.000000000 2
436 668 3 8192 2.000000000 2
436 720 3 8192 2.000000000 2
436 760 3 8192 2.000000000 2
436 788 3 8192 2.000000000 2
436 800 3 8192 2.000000000 2
436 812 3 8192 2.000000000 2
436 864 3 8192 2.000000000 2
436 892 3 8192 2.000000000 2
436 916 3 8192 2.000000000 2
436 940 3 8192 2.000000000 2
436 980 3 8192 2.000000000 2
436 984 3 8192 2.000000000 2
436 988 3 8192 2.000000000 2
436 992 3 8192 2.000000000 2
436 1012 3 8192 2.000000000 2
436 1016 3 8192 2.000000000 2
436 1020 3 8192 2.000000000 2
436 1028 3 8192 2.000000000 2
436 1036 3 8192 2.000000000 2
436 1040 3 8192 2.000000000 2
436 1044 3 8192 2.000000000 2
436 1068 3 8192 2.000000000 2
436 1072 3 8192 2.000000000 2
436 1128 3 8192 2.000000000 2
436 1156 3 8192 2.000000000 2
436 1176 3 8192 2.000000000 2
436 1192 3 8192 2.000000000 2
436 1224 3 8192 2.000000000 2
436 1228 3 8192 2.000000000 2
436 1244 3 8192 2.000000000 2
436 1264 3 8192 2.000000000 2
436 1276 3 8192 2.000000000 2
440 0 3 8192 2.000000000 2
440 16 3 8192 2.000000000 2
440 20 3 8192 2.000000000 2
440 28 3 8192 2.000000000 2
440 36 3 8192 2.000000000 2
440 52 3 8192 2.000000000 2
440 56 3 8192 2.000000000 2
440 60 3 8192 2.000000000 2
440 100 3 8192 2.000000000 2
440 116 3 8192 2.000000000 2
440 128 3 8192 2.000000000 2
440 132 3 8192 2.000000000 2
440 196 3 8192 2.000000000 2
440 240 3 8192 2.000000000 2
440 244 3 8192 2.000000000 2
440 288 3 8192 2.000000000 2
440 312 3 8192 2.000000000 2
440 320 3 8192 2.000000000 2
440 352 3 8192 2.000000000 2
440 356 3 8192 2.000000000 2
440 368 3 8192 2.000000000 2
440 388 3 8192 2.000000000 2
440 392 3 8192 2.000000000 2
440 396 3 8192 2.000000000 2
440 400 3 8192 2.000000000 2
440 416 3 8192 2.000000000 2
440 420 3 8192 2.000000000 2
440 428 3 8192 2.000000000 2
440 444 3 8192 2.000000000 2
440 560 3 8192 2.000000000 2
440 588 3 8192 2.000000000 2
440 596 3 8192 2.000000000 2
440 620 3 8192 2.000000000 2
440 628 3 8192 2.000000000 2
440 632 3 8192 2.000000000 2
440 644 3 8192 2.000000000 2
440 676 3 8192 2.000000000 2
440 712 3 8192 2.000000000 2
440 736 3 8192 2.000000000 2
440 740 3 8192 2.000000000 2
440 764 3 8192 2.000000000 2
440 800 3 8192 2.000000000 2
440 836 3 8192 2.000000000 2
440 872 3 8192 2.000000000 2
440 896 3 8192 2.000000000 2
440 908 3 8192 2.000000000 2
440 956 3 8192 2.000000000 2
440 960 3 8192 2.000000000 2
440 1000 3 8192 2.000000000 2
440 1020 3 8192 2.000000000 2
440 1040 3 8192 2.000000000 2
440 1060 3 8192 2.000000000 2
440 1072 3 8192 2.000000000 2
440 1104 3 8192 2.000000000 2
440 1144 3 8192 2.000000000 2
440 1184 3 8192 2.000000000 2
440 1216 3 8192 2.000000000 2
440 1220 3 8192 2.000000000 2
440 1224 3 8192 2.000000000 2
440 1236 3 8192 2.000000000 2
440 1252 3 8192 2.000000000 2
440 1260 3 8192 2.000000000 2
440 1272 3 8192 2.000000000 2
440 1276 3 8192 2.000000000 2
444 4 3 8192 2.000000000 2
444 16 3 8192 2.000000000 2
444 40 3 8192 2.000000000 2
444 60 3 8192 2.000000000 2
444 148 3 8192 2.000000000 2
444 160 3 8192 2.000000000 2
444 180 3 8192 2.000000000 2
444 192 3 8192 2.000000000 2
444 200 3 8192 2.000000000 2
444 204 3 8192 2.000000000 2
444 268 3 8192 2.000000000 2
444 280 3 8192 2.000000000 2
444 292 3 8192 2.000000000 2
444 304 3 8192 2.000000000 2
444 340 3 8192 2.000000000 2
444 368 3 8192 2.000000000 2
444 428 3 8192 2.000000000 2
444 544 3 8192 2.000000000 2
444 548 3 8192 2.000000000 2
444 580 3 8192 2.000000000 2
444 588 3 8192 2.000000000 2
444 592 3 8192 2.000000000 2
444 600 3 8192 2.000000000 2
444 608 3 8192 2.000000000 2
444 612 3 8192 2.000000000 2
444 628 3 8192 2.000000000 2
444 632 3 8192 2.000000000 2
444 636 3 8192 2.000000000 2
444 644 3 8192 2.000000000 2
444 652 3 8192 2.000000000 2
444 656 3 8192 2.000000000 2
444 668 3 8192 2.000000000 2
444 680 3 8192 2.000000000 2
444 732 3 8192 2.000000000 2
444 740 3 8192 2.000000000 2
444 748 3 8192 2.000000000 2
444 752 3 8192 2.000000000 2
444 768 3 8192 2.000000000 2
444 800 3 8192 2.000000000 2
444 804 3 8192 2.000000000 2
444 840 3 8192 2.000000000 2
444 848 3 8192 2.000000000 2
444 852 3 8192 2.000000000 2
444 864 3 8192 2.000000000 2
444 896 3 8192 2.000000000 2
444 908 3 8192 2.000000000 2
444 912 3 8192 2.000000000 2
444 948 3 8192 2.000000000 2
444 956 3 8192 2.000000000 2
444 968 3 8192 2.000000000 2
444 976 3 8192 2.000000000 2
444 980 3 8192 2.000000000 2
444 984 3 8192 2.000000000 2
444 988 3 8192 2.000000000 2
444 1000 3 8192 2.000000000 2
444 1004 3 8192 2.000000000 2
444 1048 3 8192 2.000000000 2
444 1080 3 8192 2.000000000 2
444 1104 3 8192 2.000000000 2
444 1148 3 8192 2.000000000 2
444 1156 3 8192 2.000000000 2
444 1252 3 8192 2.000000000 2
444 1268 3 8192 2.000000000 2
444 1272 3 8192 2.000000000 2
448 4 3 8192 2.000000000 2
448 32 3 8192 2.000000000 2
448 36 3 8192 2.000000000 2
448 48 3 8192 2.000000000 2
448 60 3 8192 2.000000000 2
448 96 3 8192 2.000000000 2
448 128 3 8192 2.000000000 2
448 132 3 8192 2.000000000 2
448 180 3 8192 2.000000000 2
448 200 3 8192 2.000000000 2
448 204 3 8192 2.000000000 2
448 224 3 8192 2.000000000 2
448 256 3 8192 2.000000000 2
448 260 3 8192 2.000000000 2
448 276 3 8192 2.000000000 2
448 296 3 8192 2.000000000 2
448 304 3 8192 2.000000000 2
448 308 3 8192 2.000000000 2
448 312 3 8192 2.000000000 2
448 348 3 8192 2.000000000 2
448 368 3 8192 2.000000000 2
448 376 3 8192 2.000000000 2
448 380 3 8192 2.000000000 2
448 384 3 8192 2.000000000 2
448 400 3 8192 2.000000000 2
448 420 3 8192 2.000000000 2
448 424 3 8192 2.000000000 2
448 428 3 8192 2.000000000 2
448 492 3 8192 2.000000000 2
448 500 3 8192 2.000000000 2
448 520 3 8192 2.000000000 2
448 544 3 8192 2.000000000 2
448 548 3 8192 2.000000000 2
448 560 3 8192 2.000000000 2
448 580 3 8192 2.000000000 2
448 612 3 8192 2.000000000 2
448 632 3 8192 2.000000000 2
448 652 3 8192 2.000000000 2
448 752 3 8192 2.000000000 2
448 760 3 8192 2.000000000 2
448 768 3 8192 2.000000000 2
448 844 3 8192 2.000000000 2
448 856 3 8192 2.000000000 2
448 860 3 8192 2.000000000 2
448 904 3 8192 2.000000000 2
448 992 3 8192 2.000000000 2
448 996 3 8192 2.000000000 2
448 1004 3 8192 2.000000000 2
448 1008 3 8192 2.000000000 2
448 1024 3 8192 2.000000000 2
448 1032 3 8192 2.000000000 2
448 1036 3 8192 2.000000000 2
448 1048 3 8192 2.000000000 2
448 1052 3 8192 2.000000000 2
448 1056 3 8192 2.000000000 2
448 1060 3 8192 2.000000000 2
448 1080 3 8192 2.000000000 2
448 1104 3 8192 2.000000000 2
448 1144 3 8192 2.000000000 2
448 1156 3 8192 2.000000000 2
448 1160 3 8192 2.000000000 2
448 1244 3 8192 2.000000000 2
448 1252 3 8192 2.000000000 2
448 1272 3 8192 2.000000000 2
452 0 3 8192 2.000000000 2
452 8 3 8192 2.000000000 2
452 20 3 8192 2.000000000 2
452 24 3 8192 2.000000000 2
452 36 3 8192 2.000000000 2
452 48 3 8192 2.000000000 2
452 56 3 8192 2.000000000 2
452 72 3 8192 2.000000000 2
452 100 3 8192 2.000000000 2
452 132 3 8192 2.000000000 2
452 196 3 8192 2.000000000 2
452 204 3 8192 2.000000000 2
452 208 3 8192 2.000000000 2
452 212 3 8192 2.000000000 2
452 268 3 8192 2.000000000 2
452 284 3 8192 2.000000000 2
452 316 3 8192 2.000000000 2
452 320 3 8192 2.000000000 2
452 348 3 8192 2.000000000 2
452 352 3 8192 2.000000000 2
452 368 3 8192 2.000000000 2
452 380 3 8192 2.000000000 2
452 412 3 8192 2.000000000 2
452 420 3 8192 2.000000000 2
452 440 3 8192 2.000000000 2
452 448 3 8192 2.000000000 2
452 560 3 8192 2.000000000 2
452 588 3 8192 2.000000000 2
452 644 3 8192 2.000000000 2
452 652 3 8192 2.000000000 2
452 660 3 8192 2.000000000 2
452 664 3 8192 2.000000000 2
452 684 3 8192 2.000000000 2
452 692 3 8192 2.000000000 2
452 712 3 8192 2.000000000 2
452 788 3 8192 2.000000000 2
452 804 3 8192 2.000000000 2
452 812 3 8192 2.000000000 2
452 840 3 8192 2.000000000 2
452 852 3 8192 2.000000000 2
452 860 3 8192 2.000000000 2
452 864 3 8192 2.000000000 2
452 888 3 8192 2.000000000 2
452 892 3 8192 2.000000000 2
452 900 3 8192 2.000000000 2
452 908 3 8192 2.000000000 2
452 948 3 8192 2.000000000 2
452 960 3 8192 2.000000000 2
452 980 3 8192 2.000000000 2
452 1004 3 8192 2.000000000 2
452 1024 3 8192 2.000000000 2
452 1060 3 8192 2.000000000 2
452 1068 3 8192 2.000000000 2
452 1072 3 8192 2.000000000 2
452 1144 3 8192 2.000000000 2
452 1160 3 8192 2.000000000 2
452 1164 3 8192 2.000000000 2
452 1180 3 8192 2.000000000 2
452 1216 3 8192 2.000000000 2
452 1228 3 8192 2.000000000 2
452 1236 3 8192 2.000000000 2
452 1264 3 8192 2.000000000 2
452 1272 3 8192 2.000000000 2
452 1276 3 8192 2.000000000 2
456 12 3 8192 2.000000000 2
456 24 3 8192 2.000000000 2
456 32 3 8192 2.000000000 2
456 60 3 8192 2.000000000 2
456 68 3 8192 2.000000000 2
456 108 3 8192 2.000000000 2
456 124 3 8192 2.000000000 2
456 136 3 8192 2.000000000 2
456 160 3 8192 2.000000000 2
456 200 3 8192 2.000000000 2
456 216 3 8192 2.000000000 2
456 260 3 8192 2.000000000 2
456 276 3 8192 2.000000000 2
456 296 3 8192 2.000000000 2
456 308 3 8192 2.000000000 2
456 316 3 8192 2.000000000 2
456 320 3 8192 2.000000000 2
456 388 3 8192 2.000000000 2
456 392 3 8192 2.000000000 2
456 420 3 8192 2.000000000 2
456 432 3 8192 2.000000000 2
456 444 3 8192 2.000000000 2
456 448 3 8192 2.000000000 2
456 452 3 8192 2.000000000 2
456 468 3 8192 2.000000000 2
456 472 3 8192 2.000000000 2
456 476 3 8192 2.000000000 2
456 504 3 8192 2.000000000 2
456 520 3 8192 2.000000000 2
456 560 3 8192 2.000000000 2
456 564 3 8192 2.000000000 2
456 568 3 8192 2.000000000 2
456 604 3 8192 2.000000000 2
456 680 3 8192 2.000000000 2
456 684 3 8192 2.000000000 2
456 712 3 8192 2.000000000 2
456 732 3 8192 2.000000000 2
456 736 3 8192 2.000000000 2
456 748 3 8192 2.000000000 2
456 764 3 8192 2.000000000 2
456 772 3 8192 2.000000000 2
456 816 3 8192 2.000000000 2
456 852 3 8192 2.000000000 2
456 864 3 8192 2.000000000 2
456 892 3 8192 2.000000000 2
456 908 3 8192 2.000000000 2
456 916 3 8192 2.000000000 2
456 948 3 8192 2.000000000 2
456 972 3 8192 2.000000000 2
456 1000 3 8192 2.000000000 2
456 1004 3 8192 2.000000000 2
456 1008 3 8192 2.000000000 2
456 1012 3 8192 2.000000000 2
456 1024 3 8192 2.000000000 2
456 1052 3 8192 2.000000000 2
456 1060 3 8192 2.000000000 2
456 1068 3 8192 2.000000000 2
456 1072 3 8192 2.000000000 2
456 1104 3 8192 2.000000000 2
456 1140 3 8192 2.000000000 2
456 1148 3 8192 2.000000000 2
456 1184 3 8192 2.000000000 2
456 1192 3 8192 2.000000000 2
456 1224 3 8192 2.000000000 2
460 12 3 8192 2.000000000 2
460 16 3 8192 2.000000000 2
460 48 3 8192 2.000000000 2
460 68 3 8192 2.000000000 2
460 100 3 8192 2.000000000 2
460 112 3 8192 2.000000000 2
460 120 3 8192 2.000000000 2
460 148 3 8192 2.000000000 2
460 160 3 8192 2.000000000 2
460 176 3 8192 2.000000000 2
460 216 3 8192 2.000000000 2
460 240 3 8192 2.000000000 2
460 288 3 8192 2.000000000 2
460 340 3 8192 2.000000000 2
460 352 3 8192 2.000000000 2
460 372 3 8192 2.000000000 2
460 380 3 8192 2.000000000 2
460 388 3 8192 2.000000000 2
460 396 3 8192 2.000000000 2
460 400 3 8192 2.000000000 2
460 412 3 8192 2.000000000 2
460 416 3 8192 2.000000000 2
460 424 3 8192 2.000000000 2
460 428 3 8192 2.000000000 2
460 436 3 8192 2.000000000 2
460 496 3 8192 2.000000000 2
460 564 3 8192 2.000000000 2
460 568 3 8192 2.000000000 2
460 596 3 8192 2.000000000 2
460 600 3 8192 2.000000000 2
460 612 3 8192 2.000000000 2
460 664 3 8192 2.000000000 2
460 668 3 8192 2.000000000 2
460 684 3 8192 2.000000000 2
460 740 3 8192 2.000000000 2
460 780 3 8192 2.000000000 2
460 792 3 8192 2.000000000 2
460 800 3 8192 2.000000000 2
460 840 3 8192 2.000000000 2
460 856 3 8192 2.000000000 2
460 888 3 8192 2.000000000 2
460 904 3 8192 2.000000000 2
460 940 3 8192 2.000000000 2
460 948 3 8192 2.000000000 2
460 964 3 8192 2.000000000 2
460 988 3 8192 2.000000000 2
460 1000 3 8192 2.000000000 2
460 1016 3 8192 2.000000000 2
460 1036 3 8192 2.000000000 2
460 1040 3 8192 2.000000000 2
460 1044 3 8192 2.000000000 2
460 1052 3 8192 2.000000000 2
460 1056 3 8192 2.000000000 2
460 1080 3 8192 2.000000000 2
460 1084 3 8192 2.000000000 2
460 1108 3 8192 2.000000000 2
460 1128 3 8192 2.000000000 2
460 1148 3 8192 2.000000000 2
460 1176 3 8192 2.000000000 2
460 1192 3 8192 2.000000000 2
460 1224 3 8192 2.000000000 2
460 1228 3 8192 2.000000000 2
460 1236 3 8192 2.000000000 2
460 1256 3 8192 2.000000000 2
468 12 3 8192 2.000000000 2
468 16 3 8192 2.000000000 2
468 24 3 8192 2.000000000 2
468 76 3 8192 2.000000000 2
468 92 3 8192 2.000000000 2
468 108 3 8192 2.000000000 2
468 112 3 8192 2.000000000 2
468 152 3 8192 2.000000000 2
468 160 3 8192 2.000000000 2
468 284 3 8192 2.000000000 2
468 304 3 8192 2.000000000 2
468 320 3 8192 2.000000000 2
468 328 3 8192 2.000000000 2
468 352 3 8192 2.000000000 2
468 360 3 8192 2.000000000 2
468 388 3 8192 2.000000000 2
468 412 3 8192 2.000000000 2
468 416 3 8192 2.000000000 2
468 488 3 8192 2.000000000 2
468 536 3 8192 2.000000000 2
468 548 3 8192 2.000000000 2
468 552 3 8192 2.000000000 2
468 560 3 8192 2.000000000 2
468 564 3 8192 2.000000000 2
468 568 3 8192 2.000000000 2
468 596 3 8192 2.000000000 2
468 608 3 8192 2.000000000 2
468 632 3 8192 2.000000000 2
468 636 3 8192 2.000000000 2
468 668 3 8192 2.000000000 2
468 676 3 8192 2.000000000 2
468 684 3 8192 2.000000000 2
468 688 3 8192 2.000000000 2
468 720 3 8192 2.000000000 2
468 732 3 8192 2.000000000 2
468 740 3 8192 2.000000000 2
468 764 3 8192 2.000000000 2
468 772 3 8192 2.000000000 2
468 788 3 8192 2.000000000 2
468 796 3 8192 2.000000000 2
468 800 3 8192 2.000000000 2
468 836 3 8192 2.000000000 2
468 860 3 8192 2.000000000 2
468 884 3 8192 2.000000000 2
468 904 3 8192 2.000000000 2
468 908 3 8192 2.000000000 2
468 964 3 8192 2.000000000 2
468 972 3 8192 2.000000000 2
468 988 3 8192 2.000000000 2
468 1012 3 8192 2.000000000 2
468 1016 3 8192 2.000000000 2
468 1040 3 8192 2.000000000 2
468 1048 3 8192 2.000000000 2
468 1080 3 8192 2.000000000 2
468 1088 3 8192 2.000000000 2
468 1112 3 8192 2.000000000 2
468 1128 3 8192 2.000000000 2
468 1160 3 8192 2.000000000 2
468 1164 3 8192 2.000000000 2
468 1208 3 8192 2.000000000 2
468 1212 3 8192 2.000000000 2
468 1216 3 8192 2.000000000 2
468 1220 3 8192 2.000000000 2
468 1264 3 8192 2.000000000 2
472 8 3 8192 2.000000000 2
472 16 3 8192 2.000000000 2
472 24 3 8192 2.000000000 2
472 32 3 8192 2.000000000 2
472 36 3 8192 2.000000000 2
472 56 3 8192 2.000000000 2
472 60 3 8192 2.000000000 2
472 64 3 8192 2.000000000 2
472 112 3 8192 2.000000000 2
472 136 3 8192 2.000000000 2
472 176 3 8192 2.000000000 2
472 240 3 8192 2.000000000 2
472 260 3 8192 2.000000000 2
472 264 3 8192 2.000000000 2
472 272 3 8192 2.000000000 2
472 292 3 8192 2.000000000 2
472 336 3 8192 2.000000000 2
472 364 3 8192 2.000000000 2
472 372 3 8192 2.000000000 2
472 384 3 8192 2.000000000 2
472 388 3 8192 2.000000000 2
472 424 3 8192 2.000000000 2
472 428 3 8192 2.000000000 2
472 444 3 8192 2.000000000 2
472 448 3 8192 2.000000000 2
472 492 3 8192 2.000000000 2
472 536 3 8192 2.000000000 2
472 540 3 8192 2.000000000 2
472 544 3 8192 2.000000000 2
472 560 3 8192 2.000000000 2
472 604 3 8192 2.000000000 2
472 620 3 8192 2.000000000 2
472 624 3 8192 2.000000000 2
472 636 3 8192 2.000000000 2
472 688 3 8192 2.000000000 2
472 736 3 8192 2.000000000 2
472 740 3 8192 2.000000000 2
472 752 3 8192 2.000000000 2
472 780 3 8192 2.000000000 2
472 784 3 8192 2.000000000 2
472 800 3 8192 2.000000000 2
472 816 3 8192 2.000000000 2
472 828 3 8192 2.000000000 2
472 836 3 8192 2.000000000 2
472 840 3 8192 2.000000000 2
472 852 3 8192 2.000000000 2
472 892 3 8192 2.000000000 2
472 908 3 8192 2.000000000 2
472 912 3 8192 2.000000000 2
472 956 3 8192 2.000000000 2
472 964 3 8192 2.000000000 2
472 968 3 8192 2.000000000 2
472 984 3 8192 2.000000000 2
472 988 3 8192 2.000000000 2
472 992 3 8192 2.000000000 2
472 1044 3 8192 2.000000000 2
472 1052 3 8192 2.000000000 2
472 1068 3 8192 2.000000000 2
472 1144 3 8192 2.000000000 2
472 1156 3 8192 2.000000000 2
472 1176 3 8192 2.000000000 2
472 1196 3 8192 2.000000000 2
472 1244 3 8192 2.000000000 2
472 1264 3 8192 2.000000000 2
476 0 3 8192 2.000000000 2
476 4 3 8192 2.000000000 2
476 56 3 8192 2.000000000 2
476 64 3 8192 2.000000000 2
476 68 3 8192 2.000000000 2
476 72 3 8192 2.000000000 2
476 96 3 8192 2.000000000 2
476 100 3 8192 2.000000000 2
476 124 3 8192 2.000000000 2
476 128 3 8192 2.000000000 2
476 136 3 8192 2.000000000 2
476 160 3 8192 2.000000000 2
476 172 3 8192 2.000000000 2
476 260 3 8192 2.000000000 2
476 280 3 8192 2.000000000 2
476 308 3 8192 2.000000000 2
476 312 3 8192 2.000000000 2
476 320 3 8192 2.000000000 2
476 324 3 8192 2.000000000 2
476 352 3 8192 2.000000000 2
476 364 3 8192 2.000000000 2
476 372 3 8192 2.000000000 2
476 384 3 8192 2.000000000 2
476 416 3 8192 2.000000000 2
476 428 3 8192 2.000000000 2
476 436 3 8192 2.000000000 2
476 468 3 8192 2.000000000 2
476 504 3 8192 2.000000000 2
476 520 3 8192 2.000000000 2
476 536 3 8192 2.000000000 2
476 540 3 8192 2.000000000 2
476 544 3 8192 2.000000000 2
476 552 3 8192 2.000000000 2
476 580 3 8192 2.000000000 2
476 588 3 8192 2.000000000 2
476 624 3 8192 2.000000000 2
476 628 3 8192 2.000000000 2
476 632 3 8192 2.000000000 2
476 640 3 8192 2.000000000 2
476 644 3 8192 2.000000000 2
476 664 3 8192 2.000000000 2
476 732 3 8192 2.000000000 2
476 744 3 8192 2.000000000 2
476 752 3 8192 2.000000000 2
476 760 3 8192 2.000000000 2
476 764 3 8192 2.000000000 2
476 784 3 8192 2.000000000 2
476 792 3 8192 2.000000000 2
476 812 3 8192 2.000000000 2
476 848 3 8192 2.000000000 2
476 856 3 8192 2.000000000 2
476 860 3 8192 2.000000000 2
476 908 3 8192 2.000000000 2
476 916 3 8192 2.000000000 2
476 988 3 8192 2.000000000 2
476 1016 3 8192 2.000000000 2
476 1032 3 8192 2.000000000 2
476 1076 3 8192 2.000000000 2
476 1148 3 8192 2.000000000 2
476 1160 3 8192 2.000000000 2
476 1164 3 8192 2.000000000 2
476 1216 3 8192 2.000000000 2
476 1268 3 8192 2.000000000 2
476 1276 3 8192 2.000000000 2
488 0 3 8192 2.000000000 2
488 8 3 8192 2.000000000 2
488 16 3 8192 2.000000000 2
488 24 3 8192 2.000000000 2
488 28 3 8192 2.000000000 2
488 40 3 8192 2.000000000 2
488 60 3 8192 2.000000000 2
488 64 3 8192 2.000000000 2
488 68 3 8192 2.000000000 2
488 96 3 8192 2.000000000 2
488 108 3 8192 2.000000000 2
488 112 3 8192 2.000000000 2
488 156 3 8192 2.000000000 2
488 204 3 8192 2.000000000 2
488 216 3 8192 2.000000000 2
488 224 3 8192 2.000000000 2
488 240 3 8192 2.000000000 2
488 264 3 8192 2.000000000 2
488 272 3 8192 2.000000000 2
488 284 3 8192 2.000000000 2
488 304 3 8192 2.000000000 2
488 316 3 8192 2.000000000 2
488 328 3 8192 2.000000000 2
488 340 3 8192 2.000000000 2
488 348 3 8192 2.000000000 2
488 380 3 8192 2.000000000 2
488 384 3 8192 2.000000000 2
488 420 3 8192 2.000000000 2
488 428 3 8192 2.000000000 2
488 456 3 8192 2.000000000 2
488 492 3 8192 2.000000000 2
488 500 3 8192 2.000000000 2
488 516 3 8192 2.000000000 2
488 536 3 8192 2.000000000 2
488 544 3 8192 2.000000000 2
488 552 3 8192 2.000000000 2
488 596 3 8192 2.000000000 2
488 616 3 8192 2.000000000 2
488 636 3 8192 2.000000000 2
488 652 3 8192 2.000000000 2
488 660 3 8192 2.000000000 2
488 688 3 8192 2.000000000 2
488 772 3 8192 2.000000000 2
488 804 3 8192 2.000000000 2
488 816 3 8192 2.000000000 2
488 844 3 8192 2.000000000 2
488 872 3 8192 2.000000000 2
488 896 3 8192 2.000000000 2
488 900 3 8192 2.000000000 2
488 908 3 8192 2.000000000 2
488 952 3 8192 2.000000000 2
488 964 3 8192 2.000000000 2
488 976 3 8192 2.000000000 2
488 984 3 8192 2.000000000 2
488 1024 3 8192 2.000000000 2
488 1032 3 8192 2.000000000 2
488 1044 3 8192 2.000000000 2
488 1056 3 8192 2.000000000 2
488 1060 3 8192 2.000000000 2
488 1100 3 8192 2.000000000 2
488 1104 3 8192 2.000000000 2
488 1156 3 8192 2.000000000 2
488 1212 3 8192 2.000000000 2
488 1236 3 8192 2.000000000 2
492 8 3 8192 2.000000000 2
492 28 3 8192 2.000000000 2
492 36 3 8192 2.000000000 2
492 40 3 8192 2.000000000 2
492 52 3 8192 2.000000000 2
492 56 3 8192 2.000000000 2
492 60 3 8192 2.000000000 2
492 68 3 8192 2.000000000 2
492 72 3 8192 2.000000000 2
492 100 3 8192 2.000000000 2
492 116 3 8192 2.000000000 2
492 120 3 8192 2.000000000 2
492 136 3 8192 2.000000000 2
492 148 3 8192 2.000000000 2
492 160 3 8192 2.000000000 2
492 176 3 8192 2.000000000 2
492 196 3 8192 2.000000000 2
492 212 3 8192 2.000000000 2
492 312 3 8192 2.000000000 2
492 340 3 8192 2.000000000 2
492 360 3 8192 2.000000000 2
492 376 3 8192 2.000000000 2
492 392 3 8192 2.000000000 2
492 412 3 8192 2.000000000 2
492 440 3 8192 2.000000000 2
492 444 3 8192 2.000000000 2
492 460 3 8192 2.000000000 2
492 504 3 8192 2.000000000 2
492 516 3 8192 2.000000000 2
492 520 3 8192 2.000000000 2
492 532 3 8192 2.000000000 2
492 536 3 8192 2.000000000 2
492 556 3 8192 2.000000000 2
492 588 3 8192 2.000000000 2
492 596 3 8192 2.000000000 2
492 636 3 8192 2.000000000 2
492 672 3 8192 2.000000000 2
492 680 3 8192 2.000000000 2
492 732 3 8192 2.000000000 2
492 736 3 8192 2.000000000 2
492 768 3 8192 2.000000000 2
492 772 3 8192 2.000000000 2
492 780 3 8192 2.000000000 2
492 788 3 8192 2.000000000 2
492 804 3 8192 2.000000000 2
492 828 3 8192 2.000000000 2
492 844 3 8192 2.000000000 2
492 860 3 8192 2.000000000 2
492 916 3 8192 2.000000000 2
492 960 3 8192 2.000000000 2
492 980 3 8192 2.000000000 2
492 1024 3 8192 2.000000000 2
492 1032 3 8192 2.000000000 2
492 1036 3 8192 2.000000000 2
492 1052 3 8192 2.000000000 2
492 1060 3 8192 2.000000000 2
492 1068 3 8192 2.000000000 2
492 1072 3 8192 2.000000000 2
492 1076 3 8192 2.000000000 2
492 1112 3 8192 2.000000000 2
492 1176 3 8192 2.000000000 2
492 1180 3 8192 2.000000000 2
492 1184 3 8192 2.000000000 2
492 1220 3 8192 2.000000000 2
496 0 3 8192 2.000000000 2
496 24 3 8192 2.000000000 2
496 32 3 8192 2.000000000 2
496 36 3 8192 2.000000000 2
496 40 3 8192 2.000000000 2
496 52 3 8192 2.000000000 2
496 76 3 8192 2.000000000 2
496 96 3 8192 2.000000000 2
496 100 3 8192 2.000000000 2
496 108 3 8192 2.000000000 2
496 124 3 8192 2.000000000 2
496 148 3 8192 2.000000000 2
496 172 3 8192 2.000000000 2
496 196 3 8192 2.000000000 2
496 200 3 8192 2.000000000 2
496 208 3 8192 2.000000000 2
496 212 3 8192 2.000000000 2
496 224 3 8192 2.000000000 2
496 256 3 8192 2.000000000 2
496 280 3 8192 2.000000000 2
496 292 3 8192 2.000000000 2
496 324 3 8192 2.000000000 2
496 352 3 8192 2.000000000 2
496 364 3 8192 2.000000000 2
496 368 3 8192 2.000000000 2
496 384 3 8192 2.000000000 2
496 440 3 8192 2.000000000 2
496 448 3 8192 2.000000000 2
496 468 3 8192 2.000000000 2
496 508 3 8192 2.000000000 2
496 592 3 8192 2.000000000 2
496 668 3 8192 2.000000000 2
496 680 3 8192 2.000000000 2
496 688 3 8192 2.000000000 2
496 712 3 8192 2.000000000 2
496 740 3 8192 2.000000000 2
496 752 3 8192 2.000000000 2
496 768 3 8192 2.000000000 2
496 780 3 8192 2.000000000 2
496 792 3 8192 2.000000000 2
496 796 3 8192 2.000000000 2
496 800 3 8192 2.000000000 2
496 804 3 8192 2.000000000 2
496 828 3 8192 2.000000000 2
496 844 3 8192 2.000000000 2
496 872 3 8192 2.000000000 2
496 888 3 8192 2.000000000 2
496 900 3 8192 2.000000000 2
496 908 3 8192 2.000000000 2
496 916 3 8192 2.000000000 2
496 964 3 8192 2.000000000 2
496 976 3 8192 2.000000000 2
496 996 3 8192 2.000000000 2
496 1060 3 8192 2.000000000 2
496 1080 3 8192 2.000000000 2
496 1104 3 8192 2.000000000 2
496 1148 3 8192 2.000000000 2
496 1164 3 8192 2.000000000 2
496 1204 3 8192 2.000000000 2
496 1216 3 8192 2.000000000 2
496 1220 3 8192 2.000000000 2
496 1228 3 8192 2.000000000 2
496 1236 3 8192 2.000000000 2
496 1264 3 8192 2.000000000 2
500 20 3 8192 2.000000000 2
500 48 3 8192 2.000000000 2
500 52 3 8192 2.000000000 2
500 60 3 8192 2.000000000 2
500 120 3 8192 2.000000000 2
500 132 3 8192 2.000000000 2
500 152 3 8192 2.000000000 2
500 172 3 8192 2.000000000 2
500 196 3 8192 2.000000000 2
500 224 3 8192 2.000000000 2
500 268 3 8192 2.000000000 2
500 280 3 8192 2.000000000 2
500 284 3 8192 2.000000000 2
500 296 3 8192 2.000000000 2
500 336 3 8192 2.000000000 2
500 340 3 8192 2.000000000 2
500 348 3 8192 2.000000000 2
500 360 3 8192 2.000000000 2
500 376 3 8192 2.000000000 2
500 384 3 8192 2.000000000 2
500 388 3 8192 2.000000000 2
500 412 3 8192 2.000000000 2
500 416 3 8192 2.000000000 2
500 440 3 8192 2.000000000 2
500 488 3 8192 2.000000000 2
500 492 3 8192 2.000000000 2
500 532 3 8192 2.000000000 2
500 548 3 8192 2.000000000 2
500 596 3 8192 2.000000000 2
500 616 3 8192 2.000000000 2
500 624 3 8192 2.000000000 2
500 636 3 8192 2.000000000 2
500 640 3 8192 2.000000000 2
500 672 3 8192 2.000000000 2
500 684 3 8192 2.000000000 2
500 688 3 8192 2.000000000 2
500 692 3 8192 2.000000000 2
500 720 3 8192 2.000000000 2
500 744 3 8192 2.000000000 2
500 768 3 8192 2.000000000 2
500 772 3 8192 2.000000000 2
500 816 3 8192 2.000000000 2
500 836 3 8192 2.000000000 2
500 844 3 8192 2.000000000 2
500 848 3 8192 2.000000000 2
500 860 3 8192 2.000000000 2
500 904 3 8192 2.000000000 2
500 908 3 8192 2.000000000 2
500 940 3 8192 2.000000000 2
500 956 3 8192 2.000000000 2
500 984 3 8192 2.000000000 2
500 988 3 8192 2.000000000 2
500 996 3 8192 2.000000000 2
500 1008 3 8192 2.000000000 2
500 1032 3 8192 2.000000000 2
500 1044 3 8192 2.000000000 2
500 1048 3 8192 2.000000000 2
500 1056 3 8192 2.000000000 2
500 1128 3 8192 2.000000000 2
500 1140 3 8192 2.000000000 2
500 1144 3 8192 2.000000000 2
500 1252 3 8192 2.000000000 2
500 1268 3 8192 2.000000000 2
500 1276 3 8192 2.000000000 2
504 48 3 8192 2.000000000 2
504 68 3 8192 2.000000000 2
504 108 3 8192 2.000000000 2
504 112 3 8192 2.000000000 2
504 116 3 8192 2.000000000 2
504 156 3 8192 2.000000000 2
504 192 3 8192 2.000000000 2
504 196 3 8192 2.000000000 2
504 200 3 8192 2.000000000 2
504 240 3 8192 2.000000000 2
504 256 3 8192 2.000000000 2
504 308 3 8192 2.000000000 2
504 328 3 8192 2.000000000 2
504 364 3 8192 2.000000000 2
504 380 3 8192 2.000000000 2
504 400 3 8192 2.000000000 2
504 424 3 8192 2.000000000 2
504 432 3 8192 2.000000000 2
504 436 3 8192 2.000000000 2
504 444 3 8192 2.000000000 2
504 456 3 8192 2.000000000 2
504 460 3 8192 2.000000000 2
504 468 3 8192 2.000000000 2
504 500 3 8192 2.000000000 2
504 516 3 8192 2.000000000 2
504 532 3 8192 2.000000000 2
504 540 3 8192 2.000000000 2
504 548 3 8192 2.000000000 2
504 556 3 8192 2.000000000 2
504 580 3 8192 2.000000000 2
504 612 3 8192 2.000000000 2
504 636 3 8192 2.000000000 2
504 644 3 8192 2.000000000 2
504 656 3 8192 2.000000000 2
504 660 3 8192 2.000000000 2
504 664 3 8192 2.000000000 2
504 668 3 8192 2.000000000 2
504 672 3 8192 2.000000000 2
504 680 3 8192 2.000000000 2
504 684 3 8192 2.000000000 2
504 712 3 8192 2.000000000 2
504 732 3 8192 2.000000000 2
504 740 3 8192 2.000000000 2
504 744 3 8192 2.000000000 2
504 816 3 8192 2.000000000 2
504 888 3 8192 2.000000000 2
504 896 3 8192 2.000000000 2
504 956 3 8192 2.000000000 2
504 976 3 8192 2.000000000 2
504 1008 3 8192 2.000000000 2
504 1032 3 8192 2.000000000 2
504 1044 3 8192 2.000000000 2
504 1048 3 8192 2.000000000 2
504 1060 3 8192 2.000000000 2
504 1092 3 8192 2.000000000 2
504 1144 3 8192 2.000000000 2
504 1180 3 8192 2.000000000 2
504 1196 3 8192 2.000000000 2
504 1224 3 8192 2.000000000 2
504 1228 3 8192 2.000000000 2
504 1256 3 8192 2.000000000 2
504 1260 3 8192 2.000000000 2
504 1272 3 8192 2.000000000 2
504 1276 3 8192 2.000000000 2
508 4 3 8192 2.000000000 2
508 16 3 8192 2.000000000 2
508 32 3 8192 2.000000000 2
508 48 3 8192 2.000000000 2
508 52 3 8192 2.000000000 2
508 96 3 8192 2.000000000 2
508 112 3 8192 2.000000000 2
508 128 3 8192 2.000000000 2
508 148 3 8192 2.000000000 2
508 156 3 8192 2.000000000 2
508 176 3 8192 2.000000000 2
508 180 3 8192 2.000000000 2
508 240 3 8192 2.000000000 2
508 244 3 8192 2.000000000 2
508 308 3 8192 2.000000000 2
508 324 3 8192 2.000000000 2
508 328 3 8192 2.000000000 2
508 348 3 8192 2.000000000 2
508 352 3 8192 2.000000000 2
508 388 3 8192 2.000000000 2
508 392 3 8192 2.000000000 2
508 396 3 8192 2.000000000 2
508 400 3 8192 2.000000000 2
508 440 3 8192 2.000000000 2
508 444 3 8192 2.000000000 2
508 460 3 8192 2.000000000 2
508 488 3 8192 2.000000000 2
508 548 3 8192 2.000000000 2
508 552 3 8192 2.000000000 2
508 568 3 8192 2.000000000 2
508 600 3 8192 2.000000000 2
508 604 3 8192 2.000000000 2
508 612 3 8192 2.000000000 2
508 628 3 8192 2.000000000 2
508 656 3 8192 2.000000000 2
508 668 3 8192 2.000000000 2
508 688 3 8192 2.000000000 2
508 712 3 8192 2.000000000 2
508 740 3 8192 2.000000000 2
508 800 3 8192 2.000000000 2
508 804 3 8192 2.000000000 2
508 816 3 8192 2.000000000 2
508 852 3 8192 2.000000000 2
508 860 3 8192 2.000000000 2
508 888 3 8192 2.000000000 2
508 892 3 8192 2.000000000 2
508 900 3 8192 2.000000000 2
508 940 3 8192 2.000000000 2
508 952 3 8192 2.000000000 2
508 972 3 8192 2.000000000 2
508 984 3 8192 2.000000000 2
508 1004 3 8192 2.000000000 2
508 1016 3 8192 2.000000000 2
508 1048 3 8192 2.000000000 2
508 1068 3 8192 2.000000000 2
508 1072 3 8192 2.000000000 2
508 1100 3 8192 2.000000000 2
508 1128 3 8192 2.000000000 2
508 1160 3 8192 2.000000000 2
508 1180 3 8192 2.000000000 2
508 1220 3 8192 2.000000000 2
508 1224 3 8192 2.000000000 2
508 1260 3 8192 2.000000000 2
508 1276 3 8192 2.000000000 2
516 4 3 8192 2.000000000 2
516 12 3 8192 2.000000000 2
516 24 3 8192 2.000000000 2
516 32 3 8192 2.000000000 2
516 40 3 8192 2.000000000 2
516 68 3 8192 2.000000000 2
516 96 3 8192 2.000000000 2
516 100 3 8192 2.000000000 2
516 136 3 8192 2.000000000 2
516 160 3 8192 2.000000000 2
516 176 3 8192 2.000000000 2
516 180 3 8192 2.000000000 2
516 216 3 8192 2.000000000 2
516 224 3 8192 2.000000000 2
516 268 3 8192 2.000000000 2
516 276 3 8192 2.000000000 2
516 284 3 8192 2.000000000 2
516 288 3 8192 2.000000000 2
516 296 3 8192 2.000000000 2
516 308 3 8192 2.000000000 2
516 336 3 8192 2.000000000 2
516 356 3 8192 2.000000000 2
516 368 3 8192 2.000000000 2
516 384 3 8192 2.000000000 2
516 392 3 8192 2.000000000 2
516 412 3 8192 2.000000000 2
516 416 3 8192 2.000000000 2
516 424 3 8192 2.000000000 2
516 456 3 8192 2.000000000 2
516 460 3 8192 2.000000000 2
516 468 3 8192 2.000000000 2
516 476 3 8192 2.000000000 2
516 504 3 8192 2.000000000 2
516 532 3 8192 2.000000000 2
516 540 3 8192 2.000000000 2
516 588 3 8192 2.000000000 2
516 600 3 8192 2.000000000 2
516 612 3 8192 2.000000000 2
516 624 3 8192 2.000000000 2
516 632 3 8192 2.000000000 2
516 652 3 8192 2.000000000 2
516 656 3 8192 2.000000000 2
516 660 3 8192 2.000000000 2
516 740 3 8192 2.000000000 2
516 744 3 8192 2.000000000 2
516 748 3 8192 2.000000000 2
516 852 3 8192 2.000000000 2
516 872 3 8192 2.000000000 2
516 880 3 8192 2.000000000 2
516 892 3 8192 2.000000000 2
516 912 3 8192 2.000000000 2
516 940 3 8192 2.000000000 2
516 956 3 8192 2.000000000 2
516 980 3 8192 2.000000000 2
516 996 3 8192 2.000000000 2
516 1012 3 8192 2.000000000 2
516 1048 3 8192 2.000000000 2
516 1076 3 8192 2.000000000 2
516 1108 3 8192 2.000000000 2
516 1112 3 8192 2.000000000 2
516 1156 3 8192 2.000000000 2
516 1164 3 8192 2.000000000 2
516 1180 3 8192 2.000000000 2
516 1244 3 8192 2.000000000 2
520 0 3 8192 2.000000000 2
520 64 3 8192 2.000000000 2
520 92 3 8192 2.000000000 2
520 108 3 8192 2.000000000 2
520 112 3 8192 2.000000000 2
520 148 3 8192 2.000000000 2
520 160 3 8192 2.000000000 2
520 180 3 8192 2.000000000 2
520 204 3 8192 2.000000000 2
520 292 3 8192 2.000000000 2
520 308 3 8192 2.000000000 2
520 312 3 8192 2.000000000 2
520 368 3 8192 2.000000000 2
520 376 3 8192 2.000000000 2
520 384 3 8192 2.000000000 2
520 400 3 8192 2.000000000 2
520 416 3 8192 2.000000000 2
520 420 3 8192 2.000000000 2
520 444 3 8192 2.000000000 2
520 452 3 8192 2.000000000 2
520 456 3 8192 2.000000000 2
520 488 3 8192 2.000000000 2
520 496 3 8192 2.000000000 2
520 504 3 8192 2.000000000 2
520 532 3 8192 2.000000000 2
520 556 3 8192 2.000000000 2
520 560 3 8192 2.000000000 2
520 564 3 8192 2.000000000 2
520 568 3 8192 2.000000000 2
520 596 3 8192 2.000000000 2
520 604 3 8192 2.000000000 2
520 608 3 8192 2.000000000 2
520 616 3 8192 2.000000000 2
520 652 3 8192 2.000000000 2
520 656 3 8192 2.000000000 2
520 692 3 8192 2.000000000 2
520 712 3 8192 2.000000000 2
520 732 3 8192 2.000000000 2
520 748 3 8192 2.000000000 2
520 772 3 8192 2.000000000 2
520 792 3 8192 2.000000000 2
520 796 3 8192 2.000000000 2
520 828 3 8192 2.000000000 2
520 848 3 8192 2.000000000 2
520 856 3 8192 2.000000000 2
520 872 3 8192 2.000000000 2
520 880 3 8192 2.000000000 2
520 912 3 8192 2.000000000 2
520 916 3 8192 2.000000000 2
520 948 3 8192 2.000000000 2
520 976 3 8192 2.000000000 2
520 1004 3 8192 2.000000000 2
520 1020 3 8192 2.000000000 2
520 1032 3 8192 2.000000000 2
520 1036 3 8192 2.000000000 2
520 1048 3 8192 2.000000000 2
520 1052 3 8192 2.000000000 2
520 1068 3 8192 2.000000000 2
520 1100 3 8192 2.000000000 2
520 1112 3 8192 2.000000000 2
520 1156 3 8192 2.000000000 2
520 1196 3 8192 2.000000000 2
520 1264 3 8192 2.000000000 2
520 1276 3 8192 2.000000000 2
532 4 3 8192 2.000000000 2
532 28 3 8192 2.000000000 2
532 40 3 8192 2.000000000 2
532 60 3 8192 2.000000000 2
532 72 3 8192 2.000000000 2
532 76 3 8192 2.000000000 2
532 96 3 8192 2.000000000 2
532 120 3 8192 2.000000000 2
532 148 3 8192 2.000000000 2
532 152 3 8192 2.000000000 2
532 160 3 8192 2.000000000 2
532 180 3 8192 2.000000000 2
532 200 3 8192 2.000000000 2
532 204 3 8192 2.000000000 2
532 224 3 8192 2.000000000 2
532 244 3 8192 2.000000000 2
532 260 3 8192 2.000000000 2
532 268 3 8192 2.000000000 2
532 284 3 8192 2.000000000 2
532 296 3 8192 2.000000000 2
532 312 3 8192 2.000000000 2
532 320 3 8192 2.000000000 2
532 348 3 8192 2.000000000 2
532 392 3 8192 2.000000000 2
532 396 3 8192 2.000000000 2
532 412 3 8192 2.000000000 2
532 460 3 8192 2.000000000 2
532 492 3 8192 2.000000000 2
532 540 3 8192 2.000000000 2
532 544 3 8192 2.000000000 2
532 564 3 8192 2.000000000 2
532 588 3 8192 2.000000000 2
532 616 3 8192 2.000000000 2
532 624 3 8192 2.000000000 2
532 632 3 8192 2.000000000 2
532 644 3 8192 2.000000000 2
532 688 3 8192 2.000000000 2
532 720 3 8192 2.000000000 2
532 748 3 8192 2.000000000 2
532 812 3 8192 2.000000000 2
532 836 3 8192 2.000000000 2
532 840 3 8192 2.000000000 2
532 844 3 8192 2.000000000 2
532 852 3 8192 2.000000000 2
532 860 3 8192 2.000000000 2
532 884 3 8192 2.000000000 2
532 900 3 8192 2.000000000 2
532 904 3 8192 2.000000000 2
532 952 3 8192 2.000000000 2
532 1008 3 8192 2.000000000 2
532 1012 3 8192 2.000000000 2
532 1016 3 8192 2.000000000 2
532 1032 3 8192 2.000000000 2
532 1044 3 8192 2.000000000 2
532 1056 3 8192 2.000000000 2
532 1092 3 8192 2.000000000 2
532 1100 3 8192 2.000000000 2
532 1108 3 8192 2.000000000 2
532 1112 3 8192 2.000000000 2
532 1128 3 8192 2.000000000 2
532 1192 3 8192 2.000000000 2
532 1228 3 8192 2.000000000 2
532 1244 3 8192 2.000000000 2
532 1272 3 8192 2.000000000 2
536 0 3 8192 2.000000000 2
536 8 3 8192 2.000000000 2
536 28 3 8192 2.000000000 2
536 92 3 8192 2.000000000 2
536 116 3 8192 2.000000000 2
536 132 3 8192 2.000000000 2
536 136 3 8192 2.000000000 2
536 148 3 8192 2.000000000 2
536 216 3 8192 2.000000000 2
536 244 3 8192 2.000000000 2
536 256 3 8192 2.000000000 2
536 272 3 8192 2.000000000 2
536 280 3 8192 2.000000000 2
536 292 3 8192 2.000000000 2
536 304 3 8192 2.000000000 2
536 308 3 8192 2.000000000 2
536 328 3 8192 2.000000000 2
536 348 3 8192 2.000000000 2
536 360 3 8192 2.000000000 2
536 364 3 8192 2.000000000 2
536 384 3 8192 2.000000000 2
536 388 3 8192 2.000000000 2
536 392 3 8192 2.000000000 2
536 424 3 8192 2.000000000 2
536 436 3 8192 2.000000000 2
536 440 3 8192 2.000000000 2
536 496 3 8192 2.000000000 2
536 500 3 8192 2.000000000 2
536 508 3 8192 2.000000000 2
536 580 3 8192 2.000000000 2
536 588 3 8192 2.000000000 2
536 596 3 8192 2.000000000 2
536 612 3 8192 2.000000000 2
536 616 3 8192 2.000000000 2
536 632 3 8192 2.000000000 2
536 636 3 8192 2.000000000 2
536 720 3 8192 2.000000000 2
536 736 3 8192 2.000000000 2
536 764 3 8192 2.000000000 2
536 804 3 8192 2.000000000 2
536 816 3 8192 2.000000000 2
536 844 3 8192 2.000000000 2
536 880 3 8192 2.000000000 2
536 884 3 8192 2.000000000 2
536 888 3 8192 2.000000000 2
536 896 3 8192 2.000000000 2
536 904 3 8192 2.000000000 2
536 912 3 8192 2.000000000 2
536 916 3 8192 2.000000000 2
536 956 3 8192 2.000000000 2
536 988 3 8192 2.000000000 2
536 992 3 8192 2.000000000 2
536 1016 3 8192 2.000000000 2
536 1024 3 8192 2.000000000 2
536 1036 3 8192 2.000000000 2
536 1104 3 8192 2.000000000 2
536 1140 3 8192 2.000000000 2
536 1160 3 8192 2.000000000 2
536 1192 3 8192 2.000000000 2
536 1216 3 8192 2.000000000 2
536 1220 3 8192 2.000000000 2
536 1244 3 8192 2.000000000 2
536 1264 3 8192 2.000000000 2
536 1272 3 8192 2.000000000 2
540 4 3 8192 2.000000000 2
540 8 3 8192 2.000000000 2
540 20 3 8192 2.000000000 2
540 24 3 8192 2.000000000 2
540 28 3 8192 2.000000000 2
540 32 3 8192 2.000000000 2
540 64 3 8192 2.000000000 2
540 92 3 8192 2.000000000 2
540 96 3 8192 2.000000000 2
540 116 3 8192 2.000000000 2
540 132 3 8192 2.000000000 2
540 164 3 8192 2.000000000 2
540 208 3 8192 2.000000000 2
540 212 3 8192 2.000000000 2
540 264 3 8192 2.000000000 2
540 276 3 8192 2.000000000 2
540 280 3 8192 2.000000000 2
540 288 3 8192 2.000000000 2
540 304 3 8192 2.000000000 2
540 324 3 8192 2.000000000 2
540 336 3 8192 2.000000000 2
540 348 3 8192 2.000000000 2
540 356 3 8192 2.000000000 2
540 376 3 8192 2.000000000 2
540 396 3 8192 2.000000000 2
540 436 3 8192 2.000000000 2
540 488 3 8192 2.000000000 2
540 492 3 8192 2.000000000 2
540 504 3 8192 2.000000000 2
540 508 3 8192 2.000000000 2
540 548 3 8192 2.000000000 2
540 600 3 8192 2.000000000 2
540 616 3 8192 2.000000000 2
540 632 3 8192 2.000000000 2
540 636 3 8192 2.000000000 2
540 688 3 8192 2.000000000 2
540 708 3 8192 2.000000000 2
540 720 3 8192 2.000000000 2
540 736 3 8192 2.000000000 2
540 764 3 8192 2.000000000 2
540 768 3 8192 2.000000000 2
540 788 3 8192 2.000000000 2
540 852 3 8192 2.000000000 2
540 880 3 8192 2.000000000 2
540 888 3 8192 2.000000000 2
540 904 3 8192 2.000000000 2
540 912 3 8192 2.000000000 2
540 972 3 8192 2.000000000 2
540 980 3 8192 2.000000000 2
540 1000 3 8192 2.000000000 2
540 1028 3 8192 2.000000000 2
540 1068 3 8192 2.000000000 2
540 1080 3 8192 2.000000000 2
540 1084 3 8192 2.000000000 2
540 1104 3 8192 2.000000000 2
540 1144 3 8192 2.000000000 2
540 1148 3 8192 2.000000000 2
540 1164 3 8192 2.000000000 2
540 1180 3 8192 2.000000000 2
540 1184 3 8192 2.000000000 2
540 1196 3 8192 2.000000000 2
540 1212 3 8192 2.000000000 2
540 1272 3 8192 2.000000000 2
540 1276 3 8192 2.000000000 2
544 24 3 8192 2.000000000 2
544 48 3 8192 2.000000000 2
544 60 3 8192 2.000000000 2
544 72 3 8192 2.000000000 2
544 92 3 8192 2.000000000 2
544 96 3 8192 2.000000000 2
544 116 3 8192 2.000000000 2
544 120 3 8192 2.000000000 2
544 132 3 8192 2.000000000 2
544 180 3 8192 2.000000000 2
544 196 3 8192 2.000000000 2
544 200 3 8192 2.000000000 2
544 288 3 8192 2.000000000 2
544 380 3 8192 2.000000000 2
544 392 3 8192 2.000000000 2
544 424 3 8192 2.000000000 2
544 440 3 8192 2.000000000 2
544 444 3 8192 2.000000000 2
544 448 3 8192 2.000000000 2
544 472 3 8192 2.000000000 2
544 488 3 8192 2.000000000 2
544 492 3 8192 2.000000000 2
544 516 3 8192 2.000000000 2
544 560 3 8192 2.000000000 2
544 568 3 8192 2.000000000 2
544 580 3 8192 2.000000000 2
544 588 3 8192 2.000000000 2
544 616 3 8192 2.000000000 2
544 624 3 8192 2.000000000 2
544 636 3 8192 2.000000000 2
544 660 3 8192 2.000000000 2
544 672 3 8192 2.000000000 2
544 684 3 8192 2.000000000 2
544 688 3 8192 2.000000000 2
544 692 3 8192 2.000000000 2
544 720 3 8192 2.000000000 2
544 724 3 8192 2.000000000 2
544 752 3 8192 2.000000000 2
544 764 3 8192 2.000000000 2
544 772 3 8192 2.000000000 2
544 788 3 8192 2.000000000 2
544 804 3 8192 2.000000000 2
544 812 3 8192 2.000000000 2
544 852 3 8192 2.000000000 2
544 864 3 8192 2.000000000 2
544 896 3 8192 2.000000000 2
544 916 3 8192 2.000000000 2
544 992 3 8192 2.000000000 2
544 1020 3 8192 2.000000000 2
544 1028 3 8192 2.000000000 2
544 1032 3 8192 2.000000000 2
544 1052 3 8192 2.000000000 2
544 1056 3 8192 2.000000000 2
544 1080 3 8192 2.000000000 2
544 1084 3 8192 2.000000000 2
544 1096 3 8192 2.000000000 2
544 1108 3 8192 2.000000000 2
544 1156 3 8192 2.000000000 2
544 1176 3 8192 2.000000000 2
544 1220 3 8192 2.000000000 2
544 1224 3 8192 2.000000000 2
544 1256 3 8192 2.000000000 2
544 1268 3 8192 2.000000000 2
544 1276 3 8192 2.000000000 2
548 16 3 8192 2.000000000 2
548 20 3 8192 2.000000000 2
548 28 3 8192 2.000000000 2
548 36 3 8192 2.000000000 2
548 52 3 8192 2.000000000 2
548 64 3 8192 2.000000000 2
548 72 3 8192 2.000000000 2
548 96 3 8192 2.000000000 2
548 108 3 8192 2.000000000 2
548 116 3 8192 2.000000000 2
548 152 3 8192 2.000000000 2
548 180 3 8192 2.000000000 2
548 192 3 8192 2.000000000 2
548 212 3 8192 2.000000000 2
548 276 3 8192 2.000000000 2
548 284 3 8192 2.000000000 2
548 288 3 8192 2.000000000 2
548 312 3 8192 2.000000000 2
548 316 3 8192 2.000000000 2
548 328 3 8192 2.000000000 2
548 336 3 8192 2.000000000 2
548 340 3 8192 2.000000000 2
548 444 3 8192 2.000000000 2
548 456 3 8192 2.000000000 2
548 460 3 8192 2.000000000 2
548 496 3 8192 2.000000000 2
548 500 3 8192 2.000000000 2
548 536 3 8192 2.000000000 2
548 540 3 8192 2.000000000 2
548 552 3 8192 2.000000000 2
548 556 3 8192 2.000000000 2
548 568 3 8192 2.000000000 2
548 588 3 8192 2.000000000 2
548 604 3 8192 2.000000000 2
548 632 3 8192 2.000000000 2
548 640 3 8192 2.000000000 2
548 652 3 8192 2.000000000 2
548 744 3 8192 2.000000000 2
548 752 3 8192 2.000000000 2
548 772 3 8192 2.000000000 2
548 784 3 8192 2.000000000 2
548 804 3 8192 2.000000000 2
548 812 3 8192 2.000000000 2
548 852 3 8192 2.000000000 2
548 912 3 8192 2.000000000 2
548 952 3 8192 2.000000000 2
548 980 3 8192 2.000000000 2
548 988 3 8192 2.000000000 2
548 996 3 8192 2.000000000 2
548 1012 3 8192 2.000000000 2
548 1020 3 8192 2.000000000 2
548 1072 3 8192 2.000000000 2
548 1080 3 8192 2.000000000 2
548 1088 3 8192 2.000000000 2
548 1108 3 8192 2.000000000 2
548 1128 3 8192 2.000000000 2
548 1176 3 8192 2.000000000 2
548 1180 3 8192 2.000000000 2
548 1184 3 8192 2.000000000 2
548 1196 3 8192 2.000000000 2
548 1216 3 8192 2.000000000 2
548 1228 3 8192 2.000000000 2
548 1256 3 8192 2.000000000 2
548 1272 3 8192 2.000000000 2
552 0 3 8192 2.000000000 2
552 20 3 8192 2.000000000 2
552 28 3 8192 2.000000000 2
552 36 3 8192 2.000000000 2
552 48 3 8192 2.000000000 2
552 76 3 8192 2.000000000 2
552 100 3 8192 2.000000000 2
552 108 3 8192 2.000000000 2
552 156 3 8192 2.000000000 2
552 172 3 8192 2.000000000 2
552 180 3 8192 2.000000000 2
552 196 3 8192 2.000000000 2
552 216 3 8192 2.000000000 2
552 240 3 8192 2.000000000 2
552 272 3 8192 2.000000000 2
552 292 3 8192 2.000000000 2
552 336 3 8192 2.000000000 2
552 340 3 8192 2.000000000 2
552 348 3 8192 2.000000000 2
552 372 3 8192 2.000000000 2
552 384 3 8192 2.000000000 2
552 388 3 8192 2.000000000 2
552 396 3 8192 2.000000000 2
552 400 3 8192 2.000000000 2
552 416 3 8192 2.000000000 2
552 432 3 8192 2.000000000 2
552 456 3 8192 2.000000000 2
552 504 3 8192 2.000000000 2
552 548 3 8192 2.000000000 2
552 568 3 8192 2.000000000 2
552 600 3 8192 2.000000000 2
552 608 3 8192 2.000000000 2
552 656 3 8192 2.000000000 2
552 676 3 8192 2.000000000 2
552 752 3 8192 2.000000000 2
552 760 3 8192 2.000000000 2
552 796 3 8192 2.000000000 2
552 812 3 8192 2.000000000 2
552 816 3 8192 2.000000000 2
552 896 3 8192 2.000000000 2
552 904 3 8192 2.000000000 2
552 916 3 8192 2.000000000 2
552 956 3 8192 2.000000000 2
552 960 3 8192 2.000000000 2
552 996 3 8192 2.000000000 2
552 1020 3 8192 2.000000000 2
552 1048 3 8192 2.000000000 2
552 1076 3 8192 2.000000000 2
552 1084 3 8192 2.000000000 2
552 1088 3 8192 2.000000000 2
552 1092 3 8192 2.000000000 2
552 1100 3 8192 2.000000000 2
552 1108 3 8192 2.000000000 2
552 1128 3 8192 2.000000000 2
552 1164 3 8192 2.000000000 2
552 1180 3 8192 2.000000000 2
552 1204 3 8192 2.000000000 2
552 1208 3 8192 2.000000000 2
552 1212 3 8192 2.000000000 2
552 1216 3 8192 2.000000000 2
552 1224 3 8192 2.000000000 2
552 1260 3 8192 2.000000000 2
552 1264 3 8192 2.000000000 2
552 1268 3 8192 2.000000000 2
556 20 3 8192 2.000000000 2
556 28 3 8192 2.000000000 2
556 64 3 8192 2.000000000 2
556 76 3 8192 2.000000000 2
556 92 3 8192 2.000000000 2
556 96 3 8192 2.000000000 2
556 116 3 8192 2.000000000 2
556 128 3 8192 2.000000000 2
556 132 3 8192 2.000000000 2
556 148 3 8192 2.000000000 2
556 156 3 8192 2.000000000 2
556 192 3 8192 2.000000000 2
556 204 3 8192 2.000000000 2
556 216 3 8192 2.000000000 2
556 264 3 8192 2.000000000 2
556 280 3 8192 2.000000000 2
556 284 3 8192 2.000000000 2
556 336 3 8192 2.000000000 2
556 340 3 8192 2.000000000 2
556 348 3 8192 2.000000000 2
556 368 3 8192 2.000000000 2
556 416 3 8192 2.000000000 2
556 448 3 8192 2.000000000 2
556 456 3 8192 2.000000000 2
556 468 3 8192 2.000000000 2
556 472 3 8192 2.000000000 2
556 500 3 8192 2.000000000 2
556 516 3 8192 2.000000000 2
556 532 3 8192 2.000000000 2
556 560 3 8192 2.000000000 2
556 568 3 8192 2.000000000 2
556 588 3 8192 2.000000000 2
556 628 3 8192 2.000000000 2
556 636 3 8192 2.000000000 2
556 692 3 8192 2.000000000 2
556 740 3 8192 2.000000000 2
556 744 3 8192 2.000000000 2
556 772 3 8192 2.000000000 2
556 780 3 8192 2.000000000 2
556 804 3 8192 2.000000000 2
556 816 3 8192 2.000000000 2
556 828 3 8192 2.000000000 2
556 840 3 8192 2.000000000 2
556 884 3 8192 2.000000000 2
556 888 3 8192 2.000000000 2
556 940 3 8192 2.000000000 2
556 952 3 8192 2.000000000 2
556 960 3 8192 2.000000000 2
556 964 3 8192 2.000000000 2
556 980 3 8192 2.000000000 2
556 984 3 8192 2.000000000 2
556 1012 3 8192 2.000000000 2
556 1016 3 8192 2.000000000 2
556 1028 3 8192 2.000000000 2
556 1044 3 8192 2.000000000 2
556 1084 3 8192 2.000000000 2
556 1112 3 8192 2.000000000 2
556 1128 3 8192 2.000000000 2
556 1144 3 8192 2.000000000 2
556 1176 3 8192 2.000000000 2
556 1184 3 8192 2.000000000 2
556 1204 3 8192 2.000000000 2
556 1236 3 8192 2.000000000 2
556 1276 3 8192 2.000000000 2
560 0 3 8192 2.000000000 2
560 32 3 8192 2.000000000 2
560 48 3 8192 2.000000000 2
560 52 3 8192 2.000000000 2
560 60 3 8192 2.000000000 2
560 96 3 8192 2.000000000 2
560 100 3 8192 2.000000000 2
560 136 3 8192 2.000000000 2
560 152 3 8192 2.000000000 2
560 172 3 8192 2.000000000 2
560 200 3 8192 2.000000000 2
560 224 3 8192 2.000000000 2
560 272 3 8192 2.000000000 2
560 284 3 8192 2.000000000 2
560 308 3 8192 2.000000000 2
560 320 3 8192 2.000000000 2
560 328 3 8192 2.000000000 2
560 348 3 8192 2.000000000 2
560 352 3 8192 2.000000000 2
560 368 3 8192 2.000000000 2
560 372 3 8192 2.000000000 2
560 376 3 8192 2.000000000 2
560 400 3 8192 2.000000000 2
560 424 3 8192 2.000000000 2
560 432 3 8192 2.000000000 2
560 436 3 8192 2.000000000 2
560 452 3 8192 2.000000000 2
560 472 3 8192 2.000000000 2
560 488 3 8192 2.000000000 2
560 492 3 8192 2.000000000 2
560 500 3 8192 2.000000000 2
560 508 3 8192 2.000000000 2
560 548 3 8192 2.000000000 2
560 556 3 8192 2.000000000 2
560 568 3 8192 2.000000000 2
560 580 3 8192 2.000000000 2
560 592 3 8192 2.000000000 2
560 596 3 8192 2.000000000 2
560 620 3 8192 2.000000000 2
560 636 3 8192 2.000000000 2
560 656 3 8192 2.000000000 2
560 676 3 8192 2.000000000 2
560 680 3 8192 2.000000000 2
560 720 3 8192 2.000000000 2
560 732 3 8192 2.000000000 2
560 736 3 8192 2.000000000 2
560 792 3 8192 2.000000000 2
560 796 3 8192 2.000000000 2
560 804 3 8192 2.000000000 2
560 844 3 8192 2.000000000 2
560 856 3 8192 2.000000000 2
560 860 3 8192 2.000000000 2
560 892 3 8192 2.000000000 2
560 896 3 8192 2.000000000 2
560 976 3 8192 2.000000000 2
560 1020 3 8192 2.000000000 2
560 1040 3 8192 2.000000000 2
560 1096 3 8192 2.000000000 2
560 1108 3 8192 2.000000000 2
560 1176 3 8192 2.000000000 2
560 1180 3 8192 2.000000000 2
560 1204 3 8192 2.000000000 2
560 1212 3 8192 2.000000000 2
560 1264 3 8192 2.000000000 2
564 4 3 8192 2.000000000 2
564 48 3 8192 2.000000000 2
564 68 3 8192 2.000000000 2
564 72 3 8192 2.000000000 2
564 92 3 8192 2.000000000 2
564 100 3 8192 2.000000000 2
564 108 3 8192 2.000000000 2
564 132 3 8192 2.000000000 2
564 148 3 8192 2.000000000 2
564 164 3 8192 2.000000000 2
564 172 3 8192 2.000000000 2
564 224 3 8192 2.000000000 2
564 244 3 8192 2.000000000 2
564 264 3 8192 2.000000000 2
564 272 3 8192 2.000000000 2
564 276 3 8192 2.000000000 2
564 304 3 8192 2.000000000 2
564 316 3 8192 2.000000000 2
564 364 3 8192 2.000000000 2
564 380 3 8192 2.000000000 2
564 436 3 8192 2.000000000 2
564 440 3 8192 2.000000000 2
564 468 3 8192 2.000000000 2
564 476 3 8192 2.000000000 2
564 496 3 8192 2.000000000 2
564 596 3 8192 2.000000000 2
564 612 3 8192 2.000000000 2
564 636 3 8192 2.000000000 2
564 640 3 8192 2.000000000 2
564 644 3 8192 2.000000000 2
564 656 3 8192 2.000000000 2
564 668 3 8192 2.000000000 2
564 684 3 8192 2.000000000 2
564 688 3 8192 2.000000000 2
564 712 3 8192 2.000000000 2
564 724 3 8192 2.000000000 2
564 812 3 8192 2.000000000 2
564 828 3 8192 2.000000000 2
564 864 3 8192 2.000000000 2
564 872 3 8192 2.000000000 2
564 888 3 8192 2.000000000 2
564 908 3 8192 2.000000000 2
564 968 3 8192 2.000000000 2
564 1012 3 8192 2.000000000 2
564 1020 3 8192 2.000000000 2
564 1028 3 8192 2.000000000 2
564 1072 3 8192 2.000000000 2
564 1076 3 8192 2.000000000 2
564 1104 3 8192 2.000000000 2
564 1128 3 8192 2.000000000 2
564 1140 3 8192 2.000000000 2
564 1144 3 8192 2.000000000 2
564 1156 3 8192 2.000000000 2
564 1184 3 8192 2.000000000 2
564 1196 3 8192 2.000000000 2
564 1204 3 8192 2.000000000 2
564 1208 3 8192 2.000000000 2
564 1216 3 8192 2.000000000 2
564 1224 3 8192 2.000000000 2
564 1228 3 8192 2.000000000 2
564 1244 3 8192 2.000000000 2
564 1252 3 8192 2.000000000 2
564 1268 3 8192 2.000000000 2
564 1276 3 8192 2.000000000 2
568 4 3 8192 2.000000000 2
568 12 3 8192 2.000000000 2
568 16 3 8192 2.000000000 2
568 24 3 8192 2.000000000 2
568 52 3 8192 2.000000000 2
568 56 3 8192 2.000000000 2
568 60 3 8192 2.000000000 2
568 152 3 8192 2.000000000 2
568 192 3 8192 2.000000000 2
568 208 3 8192 2.000000000 2
568 244 3 8192 2.000000000 2
568 256 3 8192 2.000000000 2
568 264 3 8192 2.000000000 2
568 268 3 8192 2.000000000 2
568 272 3 8192 2.000000000 2
568 292 3 8192 2.000000000 2
568 316 3 8192 2.000000000 2
568 320 3 8192 2.000000000 2
568 324 3 8192 2.000000000 2
568 328 3 8192 2.000000000 2
568 336 3 8192 2.000000000 2
568 348 3 8192 2.000000000 2
568 356 3 8192 2.000000000 2
568 360 3 8192 2.000000000 2
568 412 3 8192 2.000000000 2
568 444 3 8192 2.000000000 2
568 460 3 8192 2.000000000 2
568 488 3 8192 2.000000000 2
568 516 3 8192 2.000000000 2
568 548 3 8192 2.000000000 2
568 552 3 8192 2.000000000 2
568 596 3 8192 2.000000000 2
568 612 3 8192 2.000000000 2
568 616 3 8192 2.000000000 2
568 640 3 8192 2.000000000 2
568 676 3 8192 2.000000000 2
568 680 3 8192 2.000000000 2
568 708 3 8192 2.000000000 2
568 712 3 8192 2.000000000 2
568 736 3 8192 2.000000000 2
568 740 3 8192 2.000000000 2
568 744 3 8192 2.000000000 2
568 760 3 8192 2.000000000 2
568 768 3 8192 2.000000000 2
568 828 3 8192 2.000000000 2
568 836 3 8192 2.000000000 2
568 856 3 8192 2.000000000 2
568 900 3 8192 2.000000000 2
568 916 3 8192 2.000000000 2
568 952 3 8192 2.000000000 2
568 968 3 8192 2.000000000 2
568 1004 3 8192 2.000000000 2
568 1012 3 8192 2.000000000 2
568 1028 3 8192 2.000000000 2
568 1036 3 8192 2.000000000 2
568 1068 3 8192 2.000000000 2
568 1084 3 8192 2.000000000 2
568 1104 3 8192 2.000000000 2
568 1144 3 8192 2.000000000 2
568 1220 3 8192 2.000000000 2
568 1224 3 8192 2.000000000 2
568 1236 3 8192 2.000000000 2
568 1244 3 8192 2.000000000 2
568 1268 3 8192 2.000000000 2
580 4 3 8192 2.000000000 2
580 8 3 8192 2.000000000 2
580 12 3 8192 2.000000000 2
580 16 3 8192 2.000000000 2
580 20 3 8192 2.000000000 2
580 52 3 8192 2.000000000 2
580 56 3 8192 2.000000000 2
580 64 3 8192 2.000000000 2
580 96 3 8192 2.000000000 2
580 112 3 8192 2.000000000 2
580 120 3 8192 2.000000000 2
580 172 3 8192 2.000000000 2
580 180 3 8192 2.000000000 2
580 192 3 8192 2.000000000 2
580 256 3 8192 2.000000000 2
580 308 3 8192 2.000000000 2
580 320 3 8192 2.000000000 2
580 324 3 8192 2.000000000 2
580 348 3 8192 2.000000000 2
580 356 3 8192 2.000000000 2
580 364 3 8192 2.000000000 2
580 372 3 8192 2.000000000 2
580 376 3 8192 2.000000000 2
580 384 3 8192 2.000000000 2
580 396 3 8192 2.000000000 2
580 400 3 8192 2.000000000 2
580 412 3 8192 2.000000000 2
580 440 3 8192 2.000000000 2
580 452 3 8192 2.000000000 2
580 456 3 8192 2.000000000 2
580 460 3 8192 2.000000000 2
580 468 3 8192 2.000000000 2
580 476 3 8192 2.000000000 2
580 488 3 8192 2.000000000 2
580 496 3 8192 2.000000000 2
580 532 3 8192 2.000000000 2
580 544 3 8192 2.000000000 2
580 548 3 8192 2.000000000 2
580 588 3 8192 2.000000000 2
580 604 3 8192 2.000000000 2
580 664 3 8192 2.000000000 2
580 668 3 8192 2.000000000 2
580 688 3 8192 2.000000000 2
580 792 3 8192 2.000000000 2
580 804 3 8192 2.000000000 2
580 812 3 8192 2.000000000 2
580 848 3 8192 2.000000000 2
580 864 3 8192 2.000000000 2
580 872 3 8192 2.000000000 2
580 888 3 8192 2.000000000 2
580 896 3 8192 2.000000000 2
580 900 3 8192 2.000000000 2
580 904 3 8192 2.000000000 2
580 908 3 8192 2.000000000 2
580 912 3 8192 2.000000000 2
580 1040 3 8192 2.000000000 2
580 1060 3 8192 2.000000000 2
580 1100 3 8192 2.000000000 2
580 1104 3 8192 2.000000000 2
580 1156 3 8192 2.000000000 2
580 1192 3 8192 2.000000000 2
580 1212 3 8192 2.000000000 2
580 1244 3 8192 2.000000000 2
580 1268 3 8192 2.000000000 2
588 12 3 8192 2.000000000 2
588 20 3 8192 2.000000000 2
588 24 3 8192 2.000000000 2
588 60 3 8192 2.000000000 2
588 64 3 8192 2.000000000 2
588 120 3 8192 2.000000000 2
588 136 3 8192 2.000000000 2
588 156 3 8192 2.000000000 2
588 160 3 8192 2.000000000 2
588 164 3 8192 2.000000000 2
588 208 3 8192 2.000000000 2
588 276 3 8192 2.000000000 2
588 288 3 8192 2.000000000 2
588 312 3 8192 2.000000000 2
588 316 3 8192 2.000000000 2
588 328 3 8192 2.000000000 2
588 336 3 8192 2.000000000 2
588 352 3 8192 2.000000000 2
588 356 3 8192 2.000000000 2
588 376 3 8192 2.000000000 2
588 396 3 8192 2.000000000 2
588 400 3 8192 2.000000000 2
588 412 3 8192 2.000000000 2
588 424 3 8192 2.000000000 2
588 448 3 8192 2.000000000 2
588 460 3 8192 2.000000000 2
588 472 3 8192 2.000000000 2
588 476 3 8192 2.000000000 2
588 544 3 8192 2.000000000 2
588 556 3 8192 2.000000000 2
588 560 3 8192 2.000000000 2
588 592 3 8192 2.000000000 2
588 596 3 8192 2.000000000 2
588 604 3 8192 2.000000000 2
588 612 3 8192 2.000000000 2
588 640 3 8192 2.000000000 2
588 676 3 8192 2.000000000 2
588 688 3 8192 2.000000000 2
588 732 3 8192 2.000000000 2
588 752 3 8192 2.000000000 2
588 784 3 8192 2.000000000 2
588 796 3 8192 2.000000000 2
588 852 3 8192 2.000000000 2
588 860 3 8192 2.000000000 2
588 872 3 8192 2.000000000 2
588 880 3 8192 2.000000000 2
588 888 3 8192 2.000000000 2
588 900 3 8192 2.000000000 2
588 912 3 8192 2.000000000 2
588 948 3 8192 2.000000000 2
588 976 3 8192 2.000000000 2
588 996 3 8192 2.000000000 2
588 1008 3 8192 2.000000000 2
588 1024 3 8192 2.000000000 2
588 1032 3 8192 2.000000000 2
588 1040 3 8192 2.000000000 2
588 1080 3 8192 2.000000000 2
588 1100 3 8192 2.000000000 2
588 1108 3 8192 2.000000000 2
588 1140 3 8192 2.000000000 2
588 1180 3 8192 2.000000000 2
588 1228 3 8192 2.000000000 2
588 1256 3 8192 2.000000000 2
588 1276 3 8192 2.000000000 2
592 24 3 8192 2.000000000 2
592 36 3 8192 2.000000000 2
592 60 3 8192 2.000000000 2
592 64 3 8192 2.000000000 2
592 92 3 8192 2.000000000 2
592 96 3 8192 2.000000000 2
592 112 3 8192 2.000000000 2
592 116 3 8192 2.000000000 2
592 132 3 8192 2.000000000 2
592 176 3 8192 2.000000000 2
592 180 3 8192 2.000000000 2
592 200 3 8192 2.000000000 2
592 208 3 8192 2.000000000 2
592 216 3 8192 2.000000000 2
592 244 3 8192 2.000000000 2
592 260 3 8192 2.000000000 2
592 328 3 8192 2.000000000 2
592 336 3 8192 2.000000000 2
592 348 3 8192 2.000000000 2
592 372 3 8192 2.000000000 2
592 384 3 8192 2.000000000 2
592 420 3 8192 2.000000000 2
592 428 3 8192 2.000000000 2
592 444 3 8192 2.000000000 2
592 448 3 8192 2.000000000 2
592 476 3 8192 2.000000000 2
592 500 3 8192 2.000000000 2
592 516 3 8192 2.000000000 2
592 536 3 8192 2.000000000 2
592 580 3 8192 2.000000000 2
592 588 3 8192 2.000000000 2
592 596 3 8192 2.000000000 2
592 608 3 8192 2.000000000 2
592 652 3 8192 2.000000000 2
592 664 3 8192 2.000000000 2
592 668 3 8192 2.000000000 2
592 672 3 8192 2.000000000 2
592 692 3 8192 2.000000000 2
592 732 3 8192 2.000000000 2
592 744 3 8192 2.000000000 2
592 768 3 8192 2.000000000 2
592 828 3 8192 2.000000000 2
592 836 3 8192 2.000000000 2
592 844 3 8192 2.000000000 2
592 880 3 8192 2.000000000 2
592 888 3 8192 2.000000000 2
592 904 3 8192 2.000000000 2
592 912 3 8192 2.000000000 2
592 956 3 8192 2.000000000 2
592 968 3 8192 2.000000000 2
592 988 3 8192 2.000000000 2
592 1008 3 8192 2.000000000 2
592 1012 3 8192 2.000000000 2
592 1032 3 8192 2.000000000 2
592 1036 3 8192 2.000000000 2
592 1060 3 8192 2.000000000 2
592 1100 3 8192 2.000000000 2
592 1104 3 8192 2.000000000 2
592 1112 3 8192 2.000000000 2
592 1156 3 8192 2.000000000 2
592 1180 3 8192 2.000000000 2
592 1212 3 8192 2.000000000 2
592 1216 3 8192 2.000000000 2
592 1256 3 8192 2.000000000 2
596 20 3 8192 2.000000000 2
596 24 3 8192 2.000000000 2
596 56 3 8192 2.000000000 2
596 68 3 8192 2.000000000 2
596 100 3 8192 2.000000000 2
596 128 3 8192 2.000000000 2
596 148 3 8192 2.000000000 2
596 208 3 8192 2.000000000 2
596 224 3 8192 2.000000000 2
596 240 3 8192 2.000000000 2
596 260 3 8192 2.000000000 2
596 268 3 8192 2.000000000 2
596 312 3 8192 2.000000000 2
596 320 3 8192 2.000000000 2
596 328 3 8192 2.000000000 2
596 348 3 8192 2.000000000 2
596 352 3 8192 2.000000000 2
596 368 3 8192 2.000000000 2
596 372 3 8192 2.000000000 2
596 380 3 8192 2.000000000 2
596 388 3 8192 2.000000000 2
596 396 3 8192 2.000000000 2
596 420 3 8192 2.000000000 2
596 424 3 8192 2.000000000 2
596 428 3 8192 2.000000000 2
596 440 3 8192 2.000000000 2
596 456 3 8192 2.000000000 2
596 468 3 8192 2.000000000 2
596 472 3 8192 2.000000000 2
596 476 3 8192 2.000000000 2
596 492 3 8192 2.000000000 2
596 504 3 8192 2.000000000 2
596 508 3 8192 2.000000000 2
596 520 3 8192 2.000000000 2
596 536 3 8192 2.000000000 2
596 540 3 8192 2.000000000 2
596 548 3 8192 2.000000000 2
596 588 3 8192 2.000000000 2
596 612 3 8192 2.000000000 2
596 616 3 8192 2.000000000 2
596 624 3 8192 2.000000000 2
596 632 3 8192 2.000000000 2
596 680 3 8192 2.000000000 2
596 684 3 8192 2.000000000 2
596 708 3 8192 2.000000000 2
596 720 3 8192 2.000000000 2
596 752 3 8192 2.000000000 2
596 772 3 8192 2.000000000 2
596 812 3 8192 2.000000000 2
596 852 3 8192 2.000000000 2
596 856 3 8192 2.000000000 2
596 880 3 8192 2.000000000 2
596 916 3 8192 2.000000000 2
596 980 3 8192 2.000000000 2
596 992 3 8192 2.000000000 2
596 1040 3 8192 2.000000000 2
596 1044 3 8192 2.000000000 2
596 1080 3 8192 2.000000000 2
596 1128 3 8192 2.000000000 2
596 1140 3 8192 2.000000000 2
596 1196 3 8192 2.000000000 2
596 1208 3 8192 2.000000000 2
596 1244 3 8192 2.000000000 2
596 1260 3 8192 2.000000000 2
600 24 3 8192 2.000000000 2
600 28 3 8192 2.000000000 2
600 72 3 8192 2.000000000 2
600 76 3 8192 2.000000000 2
600 100 3 8192 2.000000000 2
600 108 3 8192 2.000000000 2
600 176 3 8192 2.000000000 2
600 204 3 8192 2.000000000 2
600 212 3 8192 2.000000000 2
600 280 3 8192 2.000000000 2
600 312 3 8192 2.000000000 2
600 316 3 8192 2.000000000 2
600 320 3 8192 2.000000000 2
600 328 3 8192 2.000000000 2
600 336 3 8192 2.000000000 2
600 340 3 8192 2.000000000 2
600 368 3 8192 2.000000000 2
600 376 3 8192 2.000000000 2
600 392 3 8192 2.000000000 2
600 416 3 8192 2.000000000 2
600 440 3 8192 2.000000000 2
600 460 3 8192 2.000000000 2
600 472 3 8192 2.000000000 2
600 476 3 8192 2.000000000 2
600 520 3 8192 2.000000000 2
600 596 3 8192 2.000000000 2
600 612 3 8192 2.000000000 2
600 616 3 8192 2.000000000 2
600 636 3 8192 2.000000000 2
600 644 3 8192 2.000000000 2
600 668 3 8192 2.000000000 2
600 684 3 8192 2.000000000 2
600 688 3 8192 2.000000000 2
600 748 3 8192 2.000000000 2
600 760 3 8192 2.000000000 2
600 764 3 8192 2.000000000 2
600 772 3 8192 2.000000000 2
600 796 3 8192 2.000000000 2
600 812 3 8192 2.000000000 2
600 816 3 8192 2.000000000 2
600 836 3 8192 2.000000000 2
600 848 3 8192 2.000000000 2
600 908 3 8192 2.000000000 2
600 940 3 8192 2.000000000 2
600 956 3 8192 2.000000000 2
600 960 3 8192 2.000000000 2
600 1000 3 8192 2.000000000 2
600 1008 3 8192 2.000000000 2
600 1012 3 8192 2.000000000 2
600 1020 3 8192 2.000000000 2
600 1032 3 8192 2.000000000 2
600 1040 3 8192 2.000000000 2
600 1056 3 8192 2.000000000 2
600 1080 3 8192 2.000000000 2
600 1084 3 8192 2.000000000 2
600 1096 3 8192 2.000000000 2
600 1128 3 8192 2.000000000 2
600 1140 3 8192 2.000000000 2
600 1160 3 8192 2.000000000 2
600 1176 3 8192 2.000000000 2
600 1204 3 8192 2.000000000 2
600 1216 3 8192 2.000000000 2
600 1260 3 8192 2.000000000 2
600 1276 3 8192 2.000000000 2
604 0 3 8192 2.000000000 2
604 8 3 8192 2.000000000 2
604 32 3 8192 2.000000000 2
604 72 3 8192 2.000000000 2
604 76 3 8192 2.000000000 2
604 136 3 8192 2.000000000 2
604 156 3 8192 2.000000000 2
604 160 3 8192 2.000000000 2
604 172 3 8192 2.000000000 2
604 224 3 8192 2.000000000 2
604 244 3 8192 2.000000000 2
604 272 3 8192 2.000000000 2
604 304 3 8192 2.000000000 2
604 320 3 8192 2.000000000 2
604 328 3 8192 2.000000000 2
604 336 3 8192 2.000000000 2
604 360 3 8192 2.000000000 2
604 384 3 8192 2.000000000 2
604 396 3 8192 2.000000000 2
604 436 3 8192 2.000000000 2
604 440 3 8192 2.000000000 2
604 444 3 8192 2.000000000 2
604 456 3 8192 2.000000000 2
604 488 3 8192 2.000000000 2
604 548 3 8192 2.000000000 2
604 588 3 8192 2.000000000 2
604 592 3 8192 2.000000000 2
604 616 3 8192 2.000000000 2
604 620 3 8192 2.000000000 2
604 628 3 8192 2.000000000 2
604 632 3 8192 2.000000000 2
604 644 3 8192 2.000000000 2
604 652 3 8192 2.000000000 2
604 660 3 8192 2.000000000 2
604 692 3 8192 2.000000000 2
604 712 3 8192 2.000000000 2
604 732 3 8192 2.000000000 2
604 748 3 8192 2.000000000 2
604 752 3 8192 2.000000000 2
604 760 3 8192 2.000000000 2
604 796 3 8192 2.000000000 2
604 828 3 8192 2.000000000 2
604 844 3 8192 2.000000000 2
604 856 3 8192 2.000000000 2
604 888 3 8192 2.000000000 2
604 892 3 8192 2.000000000 2
604 896 3 8192 2.000000000 2
604 900 3 8192 2.000000000 2
604 904 3 8192 2.000000000 2
604 960 3 8192 2.000000000 2
604 964 3 8192 2.000000000 2
604 972 3 8192 2.000000000 2
604 992 3 8192 2.000000000 2
604 1024 3 8192 2.000000000 2
604 1028 3 8192 2.000000000 2
604 1056 3 8192 2.000000000 2
604 1076 3 8192 2.000000000 2
604 1108 3 8192 2.000000000 2
604 1112 3 8192 2.000000000 2
604 1144 3 8192 2.000000000 2
604 1176 3 8192 2.000000000 2
604 1216 3 8192 2.000000000 2
604 1244 3 8192 2.000000000 2
604 1276 3 8192 2.000000000 2
608 4 3 8192 2.000000000 2
608 8 3 8192 2.000000000 2
608 24 3 8192 2.000000000 2
608 40 3 8192 2.000000000 2
608 48 3 8192 2.000000000 2
608 60 3 8192 2.000000000 2
608 76 3 8192 2.000000000 2
608 96 3 8192 2.000000000 2
608 100 3 8192 2.000000000 2
608 124 3 8192 2.000000000 2
608 128 3 8192 2.000000000 2
608 136 3 8192 2.000000000 2
608 172 3 8192 2.000000000 2
608 176 3 8192 2.000000000 2
608 196 3 8192 2.000000000 2
608 208 3 8192 2.000000000 2
608 224 3 8192 2.000000000 2
608 260 3 8192 2.000000000 2
608 272 3 8192 2.000000000 2
608 288 3 8192 2.000000000 2
608 316 3 8192 2.000000000 2
608 328 3 8192 2.000000000 2
608 368 3 8192 2.000000000 2
608 380 3 8192 2.000000000 2
608 432 3 8192 2.000000000 2
608 436 3 8192 2.000000000 2
608 440 3 8192 2.000000000 2
608 460 3 8192 2.000000000 2
608 468 3 8192 2.000000000 2
608 476 3 8192 2.000000000 2
608 532 3 8192 2.000000000 2
608 536 3 8192 2.000000000 2
608 552 3 8192 2.000000000 2
608 568 3 8192 2.000000000 2
608 580 3 8192 2.000000000 2
608 596 3 8192 2.000000000 2
608 612 3 8192 2.000000000 2
608 632 3 8192 2.000000000 2
608 684 3 8192 2.000000000 2
608 688 3 8192 2.000000000 2
608 724 3 8192 2.000000000 2
608 732 3 8192 2.000000000 2
608 744 3 8192 2.000000000 2
608 752 3 8192 2.000000000 2
608 764 3 8192 2.000000000 2
608 768 3 8192 2.000000000 2
608 772 3 8192 2.000000000 2
608 836 3 8192 2.000000000 2
608 892 3 8192 2.000000000 2
608 908 3 8192 2.000000000 2
608 940 3 8192 2.000000000 2
608 988 3 8192 2.000000000 2
608 1000 3 8192 2.000000000 2
608 1004 3 8192 2.000000000 2
608 1016 3 8192 2.000000000 2
608 1060 3 8192 2.000000000 2
608 1084 3 8192 2.000000000 2
608 1100 3 8192 2.000000000 2
608 1208 3 8192 2.000000000 2
608 1224 3 8192 2.000000000 2
608 1244 3 8192 2.000000000 2
608 1264 3 8192 2.000000000 2
608 1268 3 8192 2.000000000 2
608 1276 3 8192 2.000000000 2
612 16 3 8192 2.000000000 2
612 20 3 8192 2.000000000 2
612 56 3 8192 2.000000000 2
612 92 3 8192 2.000000000 2
612 100 3 8192 2.000000000 2
612 148 3 8192 2.000000000 2
612 164 3 8192 2.000000000 2
612 176 3 8192 2.000000000 2
612 264 3 8192 2.000000000 2
612 272 3 8192 2.000000000 2
612 284 3 8192 2.000000000 2
612 296 3 8192 2.000000000 2
612 304 3 8192 2.000000000 2
612 340 3 8192 2.000000000 2
612 356 3 8192 2.000000000 2
612 368 3 8192 2.000000000 2
612 376 3 8192 2.000000000 2
612 380 3 8192 2.000000000 2
612 388 3 8192 2.000000000 2
612 416 3 8192 2.000000000 2
612 536 3 8192 2.000000000 2
612 580 3 8192 2.000000000 2
612 588 3 8192 2.000000000 2
612 596 3 8192 2.000000000 2
612 604 3 8192 2.000000000 2
612 608 3 8192 2.000000000 2
612 620 3 8192 2.000000000 2
612 624 3 8192 2.000000000 2
612 640 3 8192 2.000000000 2
612 656 3 8192 2.000000000 2
612 660 3 8192 2.000000000 2
612 672 3 8192 2.000000000 2
612 692 3 8192 2.000000000 2
612 724 3 8192 2.000000000 2
612 744 3 8192 2.000000000 2
612 780 3 8192 2.000000000 2
612 792 3 8192 2.000000000 2
612 800 3 8192 2.000000000 2
612 816 3 8192 2.000000000 2
612 848 3 8192 2.000000000 2
612 872 3 8192 2.000000000 2
612 880 3 8192 2.000000000 2
612 888 3 8192 2.000000000 2
612 892 3 8192 2.000000000 2
612 896 3 8192 2.000000000 2
612 912 3 8192 2.000000000 2
612 960 3 8192 2.000000000 2
612 996 3 8192 2.000000000 2
612 1000 3 8192 2.000000000 2
612 1012 3 8192 2.000000000 2
612 1020 3 8192 2.000000000 2
612 1032 3 8192 2.000000000 2
612 1048 3 8192 2.000000000 2
612 1060 3 8192 2.000000000 2
612 1100 3 8192 2.000000000 2
612 1108 3 8192 2.000000000 2
612 1140 3 8192 2.000000000 2
612 1176 3 8192 2.000000000 2
612 1192 3 8192 2.000000000 2
612 1196 3 8192 2.000000000 2
612 1216 3 8192 2.000000000 2
612 1224 3 8192 2.000000000 2
612 1264 3 8192 2.000000000 2
612 1268 3 8192 2.000000000 2
616 4 3 8192 2.000000000 2
616 16 3 8192 2.000000000 2
616 40 3 8192 2.000000000 2
616 60 3 8192 2.000000000 2
616 108 3 8192 2.000000000 2
616 112 3 8192 2.000000000 2
616 116 3 8192 2.000000000 2
616 128 3 8192 2.000000000 2
616 132 3 8192 2.000000000 2
616 152 3 8192 2.000000000 2
616 156 3 8192 2.000000000 2
616 164 3 8192 2.000000000 2
616 176 3 8192 2.000000000 2
616 192 3 8192 2.000000000 2
616 212 3 8192 2.000000000 2
616 224 3 8192 2.000000000 2
616 268 3 8192 2.000000000 2
616 272 3 8192 2.000000000 2
616 284 3 8192 2.000000000 2
616 312 3 8192 2.000000000 2
616 328 3 8192 2.000000000 2
616 352 3 8192 2.000000000 2
616 360 3 8192 2.000000000 2
616 372 3 8192 2.000000000 2
616 380 3 8192 2.000000000 2
616 384 3 8192 2.000000000 2
616 396 3 8192 2.000000000 2
616 400 3 8192 2.000000000 2
616 444 3 8192 2.000000000 2
616 448 3 8192 2.000000000 2
616 452 3 8192 2.000000000 2
616 476 3 8192 2.000000000 2
616 488 3 8192 2.000000000 2
616 496 3 8192 2.000000000 2
616 500 3 8192 2.000000000 2
616 508 3 8192 2.000000000 2
616 516 3 8192 2.000000000 2
616 520 3 8192 2.000000000 2
616 544 3 8192 2.000000000 2
616 588 3 8192 2.000000000 2
616 596 3 8192 2.000000000 2
616 612 3 8192 2.000000000 2
616 644 3 8192 2.000000000 2
616 664 3 8192 2.000000000 2
616 668 3 8192 2.000000000 2
616 676 3 8192 2.000000000 2
616 784 3 8192 2.000000000 2
616 796 3 8192 2.000000000 2
616 804 3 8192 2.000000000 2
616 884 3 8192 2.000000000 2
616 888 3 8192 2.000000000 2
616 896 3 8192 2.000000000 2
616 912 3 8192 2.000000000 2
616 940 3 8192 2.000000000 2
616 948 3 8192 2.000000000 2
616 960 3 8192 2.000000000 2
616 1040 3 8192 2.000000000 2
616 1048 3 8192 2.000000000 2
616 1092 3 8192 2.000000000 2
616 1128 3 8192 2.000000000 2
616 1256 3 8192 2.000000000 2
616 1264 3 8192 2.000000000 2
616 1272 3 8192 2.000000000 2
616 1276 3 8192 2.000000000 2
620 40 3 8192 2.000000000 2
620 60 3 8192 2.000000000 2
620 72 3 8192 2.000000000 2
620 96 3 8192 2.000000000 2
620 112 3 8192 2.000000000 2
620 116 3 8192 2.000000000 2
620 148 3 8192 2.000000000 2
620 156 3 8192 2.000000000 2
620 180 3 8192 2.000000000 2
620 244 3 8192 2.000000000 2
620 288 3 8192 2.000000000 2
620 312 3 8192 2.000000000 2
620 316 3 8192 2.000000000 2
620 328 3 8192 2.000000000 2
620 396 3 8192 2.000000000 2
620 432 3 8192 2.000000000 2
620 440 3 8192 2.000000000 2
620 468 3 8192 2.000000000 2
620 488 3 8192 2.000000000 2
620 496 3 8192 2.000000000 2
620 500 3 8192 2.000000000 2
620 504 3 8192 2.000000000 2
620 536 3 8192 2.000000000 2
620 568 3 8192 2.000000000 2
620 588 3 8192 2.000000000 2
620 604 3 8192 2.000000000 2
620 624 3 8192 2.000000000 2
620 660 3 8192 2.000000000 2
620 708 3 8192 2.000000000 2
620 712 3 8192 2.000000000 2
620 724 3 8192 2.000000000 2
620 732 3 8192 2.000000000 2
620 736 3 8192 2.000000000 2
620 748 3 8192 2.000000000 2
620 764 3 8192 2.000000000 2
620 812 3 8192 2.000000000 2
620 828 3 8192 2.000000000 2
620 836 3 8192 2.000000000 2
620 840 3 8192 2.000000000 2
620 856 3 8192 2.000000000 2
620 872 3 8192 2.000000000 2
620 880 3 8192 2.000000000 2
620 888 3 8192 2.000000000 2
620 908 3 8192 2.000000000 2
620 912 3 8192 2.000000000 2
620 948 3 8192 2.000000000 2
620 972 3 8192 2.000000000 2
620 984 3 8192 2.000000000 2
620 992 3 8192 2.000000000 2
620 1008 3 8192 2.000000000 2
620 1016 3 8192 2.000000000 2
620 1040 3 8192 2.000000000 2
620 1044 3 8192 2.000000000 2
620 1052 3 8192 2.000000000 2
620 1084 3 8192 2.000000000 2
620 1176 3 8192 2.000000000 2
620 1184 3 8192 2.000000000 2
620 1192 3 8192 2.000000000 2
620 1208 3 8192 2.000000000 2
620 1244 3 8192 2.000000000 2
620 1256 3 8192 2.000000000 2
620 1264 3 8192 2.000000000 2
620 1268 3 8192 2.000000000 2
620 1276 3 8192 2.000000000 2
624 4 3 8192 2.000000000 2
624 16 3 8192 2.000000000 2
624 28 3 8192 2.000000000 2
624 48 3 8192 2.000000000 2
624 60 3 8192 2.000000000 2
624 96 3 8192 2.000000000 2
624 108 3 8192 2.000000000 2
624 112 3 8192 2.000000000 2
624 124 3 8192 2.000000000 2
624 172 3 8192 2.000000000 2
624 240 3 8192 2.000000000 2
624 284 3 8192 2.000000000 2
624 292 3 8192 2.000000000 2
624 296 3 8192 2.000000000 2
624 348 3 8192 2.000000000 2
624 356 3 8192 2.000000000 2
624 364 3 8192 2.000000000 2
624 392 3 8192 2.000000000 2
624 396 3 8192 2.000000000 2
624 412 3 8192 2.000000000 2
624 416 3 8192 2.000000000 2
624 420 3 8192 2.000000000 2
624 436 3 8192 2.000000000 2
624 440 3 8192 2.000000000 2
624 456 3 8192 2.000000000 2
624 460 3 8192 2.000000000 2
624 492 3 8192 2.000000000 2
624 504 3 8192 2.000000000 2
624 532 3 8192 2.000000000 2
624 560 3 8192 2.000000000 2
624 588 3 8192 2.000000000 2
624 596 3 8192 2.000000000 2
624 600 3 8192 2.000000000 2
624 608 3 8192 2.000000000 2
624 664 3 8192 2.000000000 2
624 668 3 8192 2.000000000 2
624 672 3 8192 2.000000000 2
624 680 3 8192 2.000000000 2
624 712 3 8192 2.000000000 2
624 744 3 8192 2.000000000 2
624 816 3 8192 2.000000000 2
624 836 3 8192 2.000000000 2
624 892 3 8192 2.000000000 2
624 912 3 8192 2.000000000 2
624 952 3 8192 2.000000000 2
624 956 3 8192 2.000000000 2
624 964 3 8192 2.000000000 2
624 976 3 8192 2.000000000 2
624 984 3 8192 2.000000000 2
624 992 3 8192 2.000000000 2
624 1000 3 8192 2.000000000 2
624 1004 3 8192 2.000000000 2
624 1044 3 8192 2.000000000 2
624 1080 3 8192 2.000000000 2
624 1092 3 8192 2.000000000 2
624 1108 3 8192 2.000000000 2
624 1140 3 8192 2.000000000 2
624 1148 3 8192 2.000000000 2
624 1176 3 8192 2.000000000 2
624 1204 3 8192 2.000000000 2
624 1212 3 8192 2.000000000 2
624 1244 3 8192 2.000000000 2
624 1252 3 8192 2.000000000 2
624 1260 3 8192 2.000000000 2
628 0 3 8192 2.000000000 2
628 32 3 8192 2.000000000 2
628 52 3 8192 2.000000000 2
628 60 3 8192 2.000000000 2
628 64 3 8192 2.000000000 2
628 108 3 8192 2.000000000 2
628 128 3 8192 2.000000000 2
628 160 3 8192 2.000000000 2
628 196 3 8192 2.000000000 2
628 204 3 8192 2.000000000 2
628 216 3 8192 2.000000000 2
628 244 3 8192 2.000000000 2
628 256 3 8192 2.000000000 2
628 312 3 8192 2.000000000 2
628 320 3 8192 2.000000000 2
628 400 3 8192 2.000000000 2
628 412 3 8192 2.000000000 2
628 416 3 8192 2.000000000 2
628 428 3 8192 2.000000000 2
628 440 3 8192 2.000000000 2
628 492 3 8192 2.000000000 2
628 496 3 8192 2.000000000 2
628 504 3 8192 2.000000000 2
628 548 3 8192 2.000000000 2
628 580 3 8192 2.000000000 2
628 588 3 8192 2.000000000 2
628 596 3 8192 2.000000000 2
628 604 3 8192 2.000000000 2
628 624 3 8192 2.000000000 2
628 632 3 8192 2.000000000 2
628 636 3 8192 2.000000000 2
628 644 3 8192 2.000000000 2
628 652 3 8192 2.000000000 2
628 688 3 8192 2.000000000 2
628 708 3 8192 2.000000000 2
628 720 3 8192 2.000000000 2
628 732 3 8192 2.000000000 2
628 736 3 8192 2.000000000 2
628 748 3 8192 2.000000000 2
628 804 3 8192 2.000000000 2
628 852 3 8192 2.000000000 2
628 864 3 8192 2.000000000 2
628 884 3 8192 2.000000000 2
628 900 3 8192 2.000000000 2
628 952 3 8192 2.000000000 2
628 956 3 8192 2.000000000 2
628 964 3 8192 2.000000000 2
628 976 3 8192 2.000000000 2
628 980 3 8192 2.000000000 2
628 1024 3 8192 2.000000000 2
628 1032 3 8192 2.000000000 2
628 1036 3 8192 2.000000000 2
628 1068 3 8192 2.000000000 2
628 1072 3 8192 2.000000000 2
628 1084 3 8192 2.000000000 2
628 1092 3 8192 2.000000000 2
628 1096 3 8192 2.000000000 2
628 1100 3 8192 2.000000000 2
628 1104 3 8192 2.000000000 2
628 1128 3 8192 2.000000000 2
628 1212 3 8192 2.000000000 2
628 1220 3 8192 2.000000000 2
628 1256 3 8192 2.000000000 2
628 1264 3 8192 2.000000000 2
632 0 3 8192 2.000000000 2
632 8 3 8192 2.000000000 2
632 20 3 8192 2.000000000 2
632 52 3 8192 2.000000000 2
632 56 3 8192 2.000000000 2
632 76 3 8192 2.000000000 2
632 96 3 8192 2.000000000 2
632 124 3 8192 2.000000000 2
632 132 3 8192 2.000000000 2
632 136 3 8192 2.000000000 2
632 164 3 8192 2.000000000 2
632 196 3 8192 2.000000000 2
632 200 3 8192 2.000000000 2
632 216 3 8192 2.000000000 2
632 280 3 8192 2.000000000 2
632 320 3 8192 2.000000000 2
632 336 3 8192 2.000000000 2
632 340 3 8192 2.000000000 2
632 360 3 8192 2.000000000 2
632 364 3 8192 2.000000000 2
632 372 3 8192 2.000000000 2
632 380 3 8192 2.000000000 2
632 400 3 8192 2.000000000 2
632 420 3 8192 2.000000000 2
632 436 3 8192 2.000000000 2
632 452 3 8192 2.000000000 2
632 460 3 8192 2.000000000 2
632 488 3 8192 2.000000000 2
632 492 3 8192 2.000000000 2
632 496 3 8192 2.000000000 2
632 516 3 8192 2.000000000 2
632 540 3 8192 2.000000000 2
632 560 3 8192 2.000000000 2
632 588 3 8192 2.000000000 2
632 644 3 8192 2.000000000 2
632 656 3 8192 2.000000000 2
632 660 3 8192 2.000000000 2
632 664 3 8192 2.000000000 2
632 676 3 8192 2.000000000 2
632 684 3 8192 2.000000000 2
632 688 3 8192 2.000000000 2
632 708 3 8192 2.000000000 2
632 724 3 8192 2.000000000 2
632 744 3 8192 2.000000000 2
632 784 3 8192 2.000000000 2
632 796 3 8192 2.000000000 2
632 812 3 8192 2.000000000 2
632 828 3 8192 2.000000000 2
632 864 3 8192 2.000000000 2
632 884 3 8192 2.000000000 2
632 892 3 8192 2.000000000 2
632 896 3 8192 2.000000000 2
632 900 3 8192 2.000000000 2
632 968 3 8192 2.000000000 2
632 1000 3 8192 2.000000000 2
632 1044 3 8192 2.000000000 2
632 1072 3 8192 2.000000000 2
632 1092 3 8192 2.000000000 2
632 1148 3 8192 2.000000000 2
632 1180 3 8192 2.000000000 2
632 1192 3 8192 2.000000000 2
632 1228 3 8192 2.000000000 2
632 1236 3 8192 2.000000000 2
632 1256 3 8192 2.000000000 2
636 4 3 8192 2.000000000 2
636 20 3 8192 2.000000000 2
636 56 3 8192 2.000000000 2
636 64 3 8192 2.000000000 2
636 72 3 8192 2.000000000 2
636 100 3 8192 2.000000000 2
636 108 3 8192 2.000000000 2
636 120 3 8192 2.000000000 2
636 172 3 8192 2.000000000 2
636 176 3 8192 2.000000000 2
636 208 3 8192 2.000000000 2
636 216 3 8192 2.000000000 2
636 224 3 8192 2.000000000 2
636 256 3 8192 2.000000000 2
636 304 3 8192 2.000000000 2
636 316 3 8192 2.000000000 2
636 324 3 8192 2.000000000 2
636 328 3 8192 2.000000000 2
636 340 3 8192 2.000000000 2
636 368 3 8192 2.000000000 2
636 380 3 8192 2.000000000 2
636 384 3 8192 2.000000000 2
636 468 3 8192 2.000000000 2
636 496 3 8192 2.000000000 2
636 504 3 8192 2.000000000 2
636 520 3 8192 2.000000000 2
636 532 3 8192 2.000000000 2
636 552 3 8192 2.000000000 2
636 592 3 8192 2.000000000 2
636 604 3 8192 2.000000000 2
636 608 3 8192 2.000000000 2
636 652 3 8192 2.000000000 2
636 656 3 8192 2.000000000 2
636 660 3 8192 2.000000000 2
636 680 3 8192 2.000000000 2
636 712 3 8192 2.000000000 2
636 744 3 8192 2.000000000 2
636 748 3 8192 2.000000000 2
636 768 3 8192 2.000000000 2
636 816 3 8192 2.000000000 2
636 844 3 8192 2.000000000 2
636 848 3 8192 2.000000000 2
636 852 3 8192 2.000000000 2
636 904 3 8192 2.000000000 2
636 912 3 8192 2.000000000 2
636 940 3 8192 2.000000000 2
636 952 3 8192 2.000000000 2
636 976 3 8192 2.000000000 2
636 996 3 8192 2.000000000 2
636 1004 3 8192 2.000000000 2
636 1016 3 8192 2.000000000 2
636 1028 3 8192 2.000000000 2
636 1032 3 8192 2.000000000 2
636 1036 3 8192 2.000000000 2
636 1044 3 8192 2.000000000 2
636 1052 3 8192 2.000000000 2
636 1076 3 8192 2.000000000 2
636 1096 3 8192 2.000000000 2
636 1108 3 8192 2.000000000 2
636 1208 3 8192 2.000000000 2
636 1212 3 8192 2.000000000 2
636 1224 3 8192 2.000000000 2
636 1236 3 8192 2.000000000 2
636 1272 3 8192 2.000000000 2
640 4 3 8192 2.000000000 2
640 16 3 8192 2.000000000 2
640 20 3 8192 2.000000000 2
640 60 3 8192 2.000000000 2
640 112 3 8192 2.000000000 2
640 120 3 8192 2.000000000 2
640 152 3 8192 2.000000000 2
640 156 3 8192 2.000000000 2
640 160 3 8192 2.000000000 2
640 172 3 8192 2.000000000 2
640 176 3 8192 2.000000000 2
640 196 3 8192 2.000000000 2
640 200 3 8192 2.000000000 2
640 316 3 8192 2.000000000 2
640 328 3 8192 2.000000000 2
640 340 3 8192 2.000000000 2
640 368 3 8192 2.000000000 2
640 384 3 8192 2.000000000 2
640 388 3 8192 2.000000000 2
640 460 3 8192 2.000000000 2
640 472 3 8192 2.000000000 2
640 476 3 8192 2.000000000 2
640 488 3 8192 2.000000000 2
640 544 3 8192 2.000000000 2
640 548 3 8192 2.000000000 2
640 564 3 8192 2.000000000 2
640 616 3 8192 2.000000000 2
640 632 3 8192 2.000000000 2
640 664 3 8192 2.000000000 2
640 668 3 8192 2.000000000 2
640 672 3 8192 2.000000000 2
640 688 3 8192 2.000000000 2
640 732 3 8192 2.000000000 2
640 736 3 8192 2.000000000 2
640 788 3 8192 2.000000000 2
640 796 3 8192 2.000000000 2
640 800 3 8192 2.000000000 2
640 816 3 8192 2.000000000 2
640 836 3 8192 2.000000000 2
640 848 3 8192 2.000000000 2
640 856 3 8192 2.000000000 2
640 880 3 8192 2.000000000 2
640 892 3 8192 2.000000000 2
640 916 3 8192 2.000000000 2
640 940 3 8192 2.000000000 2
640 948 3 8192 2.000000000 2
640 956 3 8192 2.000000000 2
640 960 3 8192 2.000000000 2
640 968 3 8192 2.000000000 2
640 972 3 8192 2.000000000 2
640 1012 3 8192 2.000000000 2
640 1028 3 8192 2.000000000 2
640 1036 3 8192 2.000000000 2
640 1052 3 8192 2.000000000 2
640 1056 3 8192 2.000000000 2
640 1068 3 8192 2.000000000 2
640 1088 3 8192 2.000000000 2
640 1092 3 8192 2.000000000 2
640 1100 3 8192 2.000000000 2
640 1144 3 8192 2.000000000 2
640 1148 3 8192 2.000000000 2
640 1196 3 8192 2.000000000 2
640 1216 3 8192 2.000000000 2
640 1276 3 8192 2.000000000 2
644 12 3 8192 2.000000000 2
644 28 3 8192 2.000000000 2
644 36 3 8192 2.000000000 2
644 40 3 8192 2.000000000 2
644 68 3 8192 2.000000000 2
644 108 3 8192 2.000000000 2
644 132 3 8192 2.000000000 2
644 136 3 8192 2.000000000 2
644 156 3 8192 2.000000000 2
644 160 3 8192 2.000000000 2
644 196 3 8192 2.000000000 2
644 240 3 8192 2.000000000 2
644 244 3 8192 2.000000000 2
644 260 3 8192 2.000000000 2
644 284 3 8192 2.000000000 2
644 296 3 8192 2.000000000 2
644 316 3 8192 2.000000000 2
644 320 3 8192 2.000000000 2
644 328 3 8192 2.000000000 2
644 336 3 8192 2.000000000 2
644 348 3 8192 2.000000000 2
644 420 3 8192 2.000000000 2
644 424 3 8192 2.000000000 2
644 444 3 8192 2.000000000 2
644 456 3 8192 2.000000000 2
644 460 3 8192 2.000000000 2
644 468 3 8192 2.000000000 2
644 492 3 8192 2.000000000 2
644 508 3 8192 2.000000000 2
644 536 3 8192 2.000000000 2
644 552 3 8192 2.000000000 2
644 560 3 8192 2.000000000 2
644 588 3 8192 2.000000000 2
644 632 3 8192 2.000000000 2
644 660 3 8192 2.000000000 2
644 668 3 8192 2.000000000 2
644 672 3 8192 2.000000000 2
644 692 3 8192 2.000000000 2
644 724 3 8192 2.000000000 2
644 736 3 8192 2.000000000 2
644 748 3 8192 2.000000000 2
644 772 3 8192 2.000000000 2
644 780 3 8192 2.000000000 2
644 796 3 8192 2.000000000 2
644 804 3 8192 2.000000000 2
644 860 3 8192 2.000000000 2
644 888 3 8192 2.000000000 2
644 960 3 8192 2.000000000 2
644 1016 3 8192 2.000000000 2
644 1032 3 8192 2.000000000 2
644 1040 3 8192 2.000000000 2
644 1060 3 8192 2.000000000 2
644 1072 3 8192 2.000000000 2
644 1092 3 8192 2.000000000 2
644 1108 3 8192 2.000000000 2
644 1128 3 8192 2.000000000 2
644 1140 3 8192 2.000000000 2
644 1144 3 8192 2.000000000 2
644 1148 3 8192 2.000000000 2
644 1176 3 8192 2.000000000 2
644 1180 3 8192 2.000000000 2
644 1220 3 8192 2.000000000 2
644 1260 3 8192 2.000000000 2
644 1264 3 8192 2.000000000 2
652 12 3 8192 2.000000000 2
652 16 3 8192 2.000000000 2
652 24 3 8192 2.000000000 2
652 28 3 8192 2.000000000 2
652 56 3 8192 2.000000000 2
652 60 3 8192 2.000000000 2
652 68 3 8192 2.000000000 2
652 92 3 8192 2.000000000 2
652 120 3 8192 2.000000000 2
652 124 3 8192 2.000000000 2
652 172 3 8192 2.000000000 2
652 208 3 8192 2.000000000 2
652 216 3 8192 2.000000000 2
652 260 3 8192 2.000000000 2
652 268 3 8192 2.000000000 2
652 272 3 8192 2.000000000 2
652 296 3 8192 2.000000000 2
652 308 3 8192 2.000000000 2
652 352 3 8192 2.000000000 2
652 416 3 8192 2.000000000 2
652 444 3 8192 2.000000000 2
652 460 3 8192 2.000000000 2
652 472 3 8192 2.000000000 2
652 516 3 8192 2.000000000 2
652 540 3 8192 2.000000000 2
652 552 3 8192 2.000000000 2
652 560 3 8192 2.000000000 2
652 564 3 8192 2.000000000 2
652 580 3 8192 2.000000000 2
652 620 3 8192 2.000000000 2
652 628 3 8192 2.000000000 2
652 632 3 8192 2.000000000 2
652 644 3 8192 2.000000000 2
652 664 3 8192 2.000000000 2
652 680 3 8192 2.000000000 2
652 692 3 8192 2.000000000 2
652 708 3 8192 2.000000000 2
652 712 3 8192 2.000000000 2
652 720 3 8192 2.000000000 2
652 740 3 8192 2.000000000 2
652 768 3 8192 2.000000000 2
652 796 3 8192 2.000000000 2
652 840 3 8192 2.000000000 2
652 856 3 8192 2.000000000 2
652 884 3 8192 2.000000000 2
652 888 3 8192 2.000000000 2
652 892 3 8192 2.000000000 2
652 896 3 8192 2.000000000 2
652 904 3 8192 2.000000000 2
652 916 3 8192 2.000000000 2
652 948 3 8192 2.000000000 2
652 952 3 8192 2.000000000 2
652 956 3 8192 2.000000000 2
652 988 3 8192 2.000000000 2
652 992 3 8192 2.000000000 2
652 1000 3 8192 2.000000000 2
652 1012 3 8192 2.000000000 2
652 1020 3 8192 2.000000000 2
652 1024 3 8192 2.000000000 2
652 1052 3 8192 2.000000000 2
652 1056 3 8192 2.000000000 2
652 1084 3 8192 2.000000000 2
652 1164 3 8192 2.000000000 2
652 1216 3 8192 2.000000000 2
656 24 3 8192 2.000000000 2
656 48 3 8192 2.000000000 2
656 52 3 8192 2.000000000 2
656 56 3 8192 2.000000000 2
656 92 3 8192 2.000000000 2
656 100 3 8192 2.000000000 2
656 108 3 8192 2.000000000 2
656 128 3 8192 2.000000000 2
656 156 3 8192 2.000000000 2
656 160 3 8192 2.000000000 2
656 180 3 8192 2.000000000 2
656 196 3 8192 2.000000000 2
656 200 3 8192 2.000000000 2
656 204 3 8192 2.000000000 2
656 216 3 8192 2.000000000 2
656 240 3 8192 2.000000000 2
656 260 3 8192 2.000000000 2
656 284 3 8192 2.000000000 2
656 296 3 8192 2.000000000 2
656 308 3 8192 2.000000000 2
656 324 3 8192 2.000000000 2
656 328 3 8192 2.000000000 2
656 348 3 8192 2.000000000 2
656 352 3 8192 2.000000000 2
656 372 3 8192 2.000000000 2
656 436 3 8192 2.000000000 2
656 468 3 8192 2.000000000 2
656 492 3 8192 2.000000000 2
656 556 3 8192 2.000000000 2
656 604 3 8192 2.000000000 2
656 612 3 8192 2.000000000 2
656 664 3 8192 2.000000000 2
656 692 3 8192 2.000000000 2
656 720 3 8192 2.000000000 2
656 760 3 8192 2.000000000 2
656 764 3 8192 2.000000000 2
656 772 3 8192 2.000000000 2
656 788 3 8192 2.000000000 2
656 800 3 8192 2.000000000 2
656 804 3 8192 2.000000000 2
656 812 3 8192 2.000000000 2
656 816 3 8192 2.000000000 2
656 840 3 8192 2.000000000 2
656 856 3 8192 2.000000000 2
656 860 3 8192 2.000000000 2
656 872 3 8192 2.000000000 2
656 888 3 8192 2.000000000 2
656 900 3 8192 2.000000000 2
656 980 3 8192 2.000000000 2
656 996 3 8192 2.000000000 2
656 1008 3 8192 2.000000000 2
656 1080 3 8192 2.000000000 2
656 1096 3 8192 2.000000000 2
656 1100 3 8192 2.000000000 2
656 1104 3 8192 2.000000000 2
656 1160 3 8192 2.000000000 2
656 1164 3 8192 2.000000000 2
656 1180 3 8192 2.000000000 2
656 1208 3 8192 2.000000000 2
656 1216 3 8192 2.000000000 2
656 1220 3 8192 2.000000000 2
656 1224 3 8192 2.000000000 2
656 1256 3 8192 2.000000000 2
656 1268 3 8192 2.000000000 2
660 16 3 8192 2.000000000 2
660 24 3 8192 2.000000000 2
660 40 3 8192 2.000000000 2
660 56 3 8192 2.000000000 2
660 76 3 8192 2.000000000 2
660 92 3 8192 2.000000000 2
660 100 3 8192 2.000000000 2
660 112 3 8192 2.000000000 2
660 148 3 8192 2.000000000 2
660 156 3 8192 2.000000000 2
660 164 3 8192 2.000000000 2
660 192 3 8192 2.000000000 2
660 212 3 8192 2.000000000 2
660 244 3 8192 2.000000000 2
660 272 3 8192 2.000000000 2
660 288 3 8192 2.000000000 2
660 324 3 8192 2.000000000 2
660 328 3 8192 2.000000000 2
660 348 3 8192 2.000000000 2
660 356 3 8192 2.000000000 2
660 364 3 8192 2.000000000 2
660 388 3 8192 2.000000000 2
660 400 3 8192 2.000000000 2
660 444 3 8192 2.000000000 2
660 476 3 8192 2.000000000 2
660 508 3 8192 2.000000000 2
660 540 3 8192 2.000000000 2
660 592 3 8192 2.000000000 2
660 620 3 8192 2.000000000 2
660 644 3 8192 2.000000000 2
660 676 3 8192 2.000000000 2
660 748 3 8192 2.000000000 2
660 760 3 8192 2.000000000 2
660 784 3 8192 2.000000000 2
660 796 3 8192 2.000000000 2
660 812 3 8192 2.000000000 2
660 840 3 8192 2.000000000 2
660 852 3 8192 2.000000000 2
660 880 3 8192 2.000000000 2
660 884 3 8192 2.000000000 2
660 952 3 8192 2.000000000 2
660 960 3 8192 2.000000000 2
660 964 3 8192 2.000000000 2
660 968 3 8192 2.000000000 2
660 972 3 8192 2.000000000 2
660 1000 3 8192 2.000000000 2
660 1016 3 8192 2.000000000 2
660 1020 3 8192 2.000000000 2
660 1028 3 8192 2.000000000 2
660 1044 3 8192 2.000000000 2
660 1048 3 8192 2.000000000 2
660 1052 3 8192 2.000000000 2
660 1056 3 8192 2.000000000 2
660 1080 3 8192 2.000000000 2
660 1084 3 8192 2.000000000 2
660 1104 3 8192 2.000000000 2
660 1108 3 8192 2.000000000 2
660 1128 3 8192 2.000000000 2
660 1208 3 8192 2.000000000 2
660 1212 3 8192 2.000000000 2
660 1244 3 8192 2.000000000 2
660 1260 3 8192 2.000000000 2
660 1264 3 8192 2.000000000 2
660 1272 3 8192 2.000000000 2
664 4 3 8192 2.000000000 2
664 20 3 8192 2.000000000 2
664 48 3 8192 2.000000000 2
664 68 3 8192 2.000000000 2
664 72 3 8192 2.000000000 2
664 76 3 8192 2.000000000 2
664 136 3 8192 2.000000000 2
664 176 3 8192 2.000000000 2
664 196 3 8192 2.000000000 2
664 212 3 8192 2.000000000 2
664 264 3 8192 2.000000000 2
664 280 3 8192 2.000000000 2
664 292 3 8192 2.000000000 2
664 316 3 8192 2.000000000 2
664 320 3 8192 2.000000000 2
664 324 3 8192 2.000000000 2
664 364 3 8192 2.000000000 2
664 376 3 8192 2.000000000 2
664 400 3 8192 2.000000000 2
664 444 3 8192 2.000000000 2
664 472 3 8192 2.000000000 2
664 520 3 8192 2.000000000 2
664 556 3 8192 2.000000000 2
664 564 3 8192 2.000000000 2
664 596 3 8192 2.000000000 2
664 612 3 8192 2.000000000 2
664 616 3 8192 2.000000000 2
664 624 3 8192 2.000000000 2
664 628 3 8192 2.000000000 2
664 644 3 8192 2.000000000 2
664 656 3 8192 2.000000000 2
664 660 3 8192 2.000000000 2
664 668 3 8192 2.000000000 2
664 672 3 8192 2.000000000 2
664 676 3 8192 2.000000000 2
664 680 3 8192 2.000000000 2
664 708 3 8192 2.000000000 2
664 784 3 8192 2.000000000 2
664 812 3 8192 2.000000000 2
664 816 3 8192 2.000000000 2
664 836 3 8192 2.000000000 2
664 840 3 8192 2.000000000 2
664 880 3 8192 2.000000000 2
664 896 3 8192 2.000000000 2
664 900 3 8192 2.000000000 2
664 940 3 8192 2.000000000 2
664 960 3 8192 2.000000000 2
664 976 3 8192 2.000000000 2
664 992 3 8192 2.000000000 2
664 1028 3 8192 2.000000000 2
664 1032 3 8192 2.000000000 2
664 1052 3 8192 2.000000000 2
664 1056 3 8192 2.000000000 2
664 1096 3 8192 2.000000000 2
664 1104 3 8192 2.000000000 2
664 1108 3 8192 2.000000000 2
664 1112 3 8192 2.000000000 2
664 1128 3 8192 2.000000000 2
664 1140 3 8192 2.000000000 2
664 1160 3 8192 2.000000000 2
664 1176 3 8192 2.000000000 2
664 1180 3 8192 2.000000000 2
664 1236 3 8192 2.000000000 2
664 1252 3 8192 2.000000000 2
668 12 3 8192 2.000000000 2
668 28 3 8192 2.000000000 2
668 52 3 8192 2.000000000 2
668 56 3 8192 2.000000000 2
668 132 3 8192 2.000000000 2
668 156 3 8192 2.000000000 2
668 176 3 8192 2.000000000 2
668 192 3 8192 2.000000000 2
668 244 3 8192 2.000000000 2
668 268 3 8192 2.000000000 2
668 316 3 8192 2.000000000 2
668 336 3 8192 2.000000000 2
668 348 3 8192 2.000000000 2
668 352 3 8192 2.000000000 2
668 356 3 8192 2.000000000 2
668 376 3 8192 2.000000000 2
668 388 3 8192 2.000000000 2
668 392 3 8192 2.000000000 2
668 412 3 8192 2.000000000 2
668 416 3 8192 2.000000000 2
668 420 3 8192 2.000000000 2
668 440 3 8192 2.000000000 2
668 452 3 8192 2.000000000 2
668 500 3 8192 2.000000000 2
668 516 3 8192 2.000000000 2
668 552 3 8192 2.000000000 2
668 556 3 8192 2.000000000 2
668 568 3 8192 2.000000000 2
668 592 3 8192 2.000000000 2
668 600 3 8192 2.000000000 2
668 604 3 8192 2.000000000 2
668 612 3 8192 2.000000000 2
668 660 3 8192 2.000000000 2
668 676 3 8192 2.000000000 2
668 720 3 8192 2.000000000 2
668 724 3 8192 2.000000000 2
668 736 3 8192 2.000000000 2
668 744 3 8192 2.000000000 2
668 748 3 8192 2.000000000 2
668 764 3 8192 2.000000000 2
668 772 3 8192 2.000000000 2
668 784 3 8192 2.000000000 2
668 800 3 8192 2.000000000 2
668 804 3 8192 2.000000000 2
668 812 3 8192 2.000000000 2
668 896 3 8192 2.000000000 2
668 960 3 8192 2.000000000 2
668 964 3 8192 2.000000000 2
668 992 3 8192 2.000000000 2
668 1020 3 8192 2.000000000 2
668 1028 3 8192 2.000000000 2
668 1032 3 8192 2.000000000 2
668 1052 3 8192 2.000000000 2
668 1060 3 8192 2.000000000 2
668 1088 3 8192 2.000000000 2
668 1108 3 8192 2.000000000 2
668 1128 3 8192 2.000000000 2
668 1148 3 8192 2.000000000 2
668 1176 3 8192 2.000000000 2
668 1192 3 8192 2.000000000 2
668 1196 3 8192 2.000000000 2
668 1204 3 8192 2.000000000 2
668 1252 3 8192 2.000000000 2
668 1256 3 8192 2.000000000 2
672 4 3 8192 2.000000000 2
672 12 3 8192 2.000000000 2
672 16 3 8192 2.000000000 2
672 24 3 8192 2.000000000 2
672 64 3 8192 2.000000000 2
672 92 3 8192 2.000000000 2
672 96 3 8192 2.000000000 2
672 108 3 8192 2.000000000 2
672 116 3 8192 2.000000000 2
672 128 3 8192 2.000000000 2
672 148 3 8192 2.000000000 2
672 156 3 8192 2.000000000 2
672 176 3 8192 2.000000000 2
672 200 3 8192 2.000000000 2
672 216 3 8192 2.000000000 2
672 224 3 8192 2.000000000 2
672 244 3 8192 2.000000000 2
672 284 3 8192 2.000000000 2
672 292 3 8192 2.000000000 2
672 308 3 8192 2.000000000 2
672 328 3 8192 2.000000000 2
672 340 3 8192 2.000000000 2
672 348 3 8192 2.000000000 2
672 364 3 8192 2.000000000 2
672 372 3 8192 2.000000000 2
672 376 3 8192 2.000000000 2
672 428 3 8192 2.000000000 2
672 444 3 8192 2.000000000 2
672 452 3 8192 2.000000000 2
672 496 3 8192 2.000000000 2
672 540 3 8192 2.000000000 2
672 544 3 8192 2.000000000 2
672 588 3 8192 2.000000000 2
672 604 3 8192 2.000000000 2
672 628 3 8192 2.000000000 2
672 664 3 8192 2.000000000 2
672 684 3 8192 2.000000000 2
672 688 3 8192 2.000000000 2
672 692 3 8192 2.000000000 2
672 708 3 8192 2.000000000 2
672 712 3 8192 2.000000000 2
672 736 3 8192 2.000000000 2
672 800 3 8192 2.000000000 2
672 816 3 8192 2.000000000 2
672 828 3 8192 2.000000000 2
672 840 3 8192 2.000000000 2
672 848 3 8192 2.000000000 2
672 908 3 8192 2.000000000 2
672 952 3 8192 2.000000000 2
672 956 3 8192 2.000000000 2
672 960 3 8192 2.000000000 2
672 972 3 8192 2.000000000 2
672 988 3 8192 2.000000000 2
672 992 3 8192 2.000000000 2
672 1020 3 8192 2.000000000 2
672 1048 3 8192 2.000000000 2
672 1096 3 8192 2.000000000 2
672 1100 3 8192 2.000000000 2
672 1104 3 8192 2.000000000 2
672 1112 3 8192 2.000000000 2
672 1216 3 8192 2.000000000 2
672 1260 3 8192 2.000000000 2
672 1268 3 8192 2.000000000 2
672 1272 3 8192 2.000000000 2
676 0 3 8192 2.000000000 2
676 20 3 8192 2.000000000 2
676 24 3 8192 2.000000000 2
676 28 3 8192 2.000000000 2
676 32 3 8192 2.000000000 2
676 36 3 8192 2.000000000 2
676 60 3 8192 2.000000000 2
676 64 3 8192 2.000000000 2
676 72 3 8192 2.000000000 2
676 136 3 8192 2.000000000 2
676 156 3 8192 2.000000000 2
676 160 3 8192 2.000000000 2
676 204 3 8192 2.000000000 2
676 212 3 8192 2.000000000 2
676 240 3 8192 2.000000000 2
676 244 3 8192 2.000000000 2
676 260 3 8192 2.000000000 2
676 272 3 8192 2.000000000 2
676 284 3 8192 2.000000000 2
676 288 3 8192 2.000000000 2
676 296 3 8192 2.000000000 2
676 304 3 8192 2.000000000 2
676 308 3 8192 2.000000000 2
676 368 3 8192 2.000000000 2
676 380 3 8192 2.000000000 2
676 416 3 8192 2.000000000 2
676 432 3 8192 2.000000000 2
676 440 3 8192 2.000000000 2
676 452 3 8192 2.000000000 2
676 532 3 8192 2.000000000 2
676 548 3 8192 2.000000000 2
676 552 3 8192 2.000000000 2
676 556 3 8192 2.000000000 2
676 560 3 8192 2.000000000 2
676 568 3 8192 2.000000000 2
676 604 3 8192 2.000000000 2
676 608 3 8192 2.000000000 2
676 620 3 8192 2.000000000 2
676 624 3 8192 2.000000000 2
676 672 3 8192 2.000000000 2
676 748 3 8192 2.000000000 2
676 760 3 8192 2.000000000 2
676 812 3 8192 2.000000000 2
676 836 3 8192 2.000000000 2
676 896 3 8192 2.000000000 2
676 912 3 8192 2.000000000 2
676 940 3 8192 2.000000000 2
676 956 3 8192 2.000000000 2
676 1008 3 8192 2.000000000 2
676 1028 3 8192 2.000000000 2
676 1032 3 8192 2.000000000 2
676 1036 3 8192 2.000000000 2
676 1052 3 8192 2.000000000 2
676 1080 3 8192 2.000000000 2
676 1100 3 8192 2.000000000 2
676 1140 3 8192 2.000000000 2
676 1144 3 8192 2.000000000 2
676 1156 3 8192 2.000000000 2
676 1196 3 8192 2.000000000 2
676 1212 3 8192 2.000000000 2
676 1236 3 8192 2.000000000 2
676 1252 3 8192 2.000000000 2
676 1264 3 8192 2.000000000 2
676 1268 3 8192 2.000000000 2
680 0 3 8192 2.000000000 2
680 12 3 8192 2.000000000 2
680 24 3 8192 2.000000000 2
680 28 3 8192 2.000000000 2
680 40 3 8192 2.000000000 2
680 124 3 8192 2.000000000 2
680 128 3 8192 2.000000000 2
680 132 3 8192 2.000000000 2
680 152 3 8192 2.000000000 2
680 156 3 8192 2.000000000 2
680 172 3 8192 2.000000000 2
680 200 3 8192 2.000000000 2
680 208 3 8192 2.000000000 2
680 244 3 8192 2.000000000 2
680 280 3 8192 2.000000000 2
680 284 3 8192 2.000000000 2
680 288 3 8192 2.000000000 2
680 304 3 8192 2.000000000 2
680 328 3 8192 2.000000000 2
680 336 3 8192 2.000000000 2
680 340 3 8192 2.000000000 2
680 348 3 8192 2.000000000 2
680 392 3 8192 2.000000000 2
680 456 3 8192 2.000000000 2
680 520 3 8192 2.000000000 2
680 536 3 8192 2.000000000 2
680 540 3 8192 2.000000000 2
680 548 3 8192 2.000000000 2
680 552 3 8192 2.000000000 2
680 568 3 8192 2.000000000 2
680 608 3 8192 2.000000000 2
680 636 3 8192 2.000000000 2
680 644 3 8192 2.000000000 2
680 664 3 8192 2.000000000 2
680 668 3 8192 2.000000000 2
680 684 3 8192 2.000000000 2
680 692 3 8192 2.000000000 2
680 724 3 8192 2.000000000 2
680 732 3 8192 2.000000000 2
680 788 3 8192 2.000000000 2
680 848 3 8192 2.000000000 2
680 880 3 8192 2.000000000 2
680 916 3 8192 2.000000000 2
680 956 3 8192 2.000000000 2
680 968 3 8192 2.000000000 2
680 972 3 8192 2.000000000 2
680 988 3 8192 2.000000000 2
680 992 3 8192 2.000000000 2
680 1000 3 8192 2.000000000 2
680 1004 3 8192 2.000000000 2
680 1008 3 8192 2.000000000 2
680 1020 3 8192 2.000000000 2
680 1040 3 8192 2.000000000 2
680 1048 3 8192 2.000000000 2
680 1056 3 8192 2.000000000 2
680 1080 3 8192 2.000000000 2
680 1088 3 8192 2.000000000 2
680 1112 3 8192 2.000000000 2
680 1156 3 8192 2.000000000 2
680 1176 3 8192 2.000000000 2
680 1196 3 8192 2.000000000 2
680 1224 3 8192 2.000000000 2
680 1272 3 8192 2.000000000 2
680 1276 3 8192 2.000000000 2
684 4 3 8192 2.000000000 2
684 24 3 8192 2.000000000 2
684 36 3 8192 2.000000000 2
684 60 3 8192 2.000000000 2
684 64 3 8192 2.000000000 2
684 100 3 8192 2.000000000 2
684 108 3 8192 2.000000000 2
684 152 3 8192 2.000000000 2
684 156 3 8192 2.000000000 2
684 160 3 8192 2.000000000 2
684 164 3 8192 2.000000000 2
684 172 3 8192 2.000000000 2
684 192 3 8192 2.000000000 2
684 204 3 8192 2.000000000 2
684 224 3 8192 2.000000000 2
684 244 3 8192 2.000000000 2
684 264 3 8192 2.000000000 2
684 320 3 8192 2.000000000 2
684 324 3 8192 2.000000000 2
684 328 3 8192 2.000000000 2
684 348 3 8192 2.000000000 2
684 388 3 8192 2.000000000 2
684 412 3 8192 2.000000000 2
684 416 3 8192 2.000000000 2
684 460 3 8192 2.000000000 2
684 468 3 8192 2.000000000 2
684 500 3 8192 2.000000000 2
684 556 3 8192 2.000000000 2
684 560 3 8192 2.000000000 2
684 596 3 8192 2.000000000 2
684 608 3 8192 2.000000000 2
684 620 3 8192 2.000000000 2
684 624 3 8192 2.000000000 2
684 712 3 8192 2.000000000 2
684 740 3 8192 2.000000000 2
684 748 3 8192 2.000000000 2
684 792 3 8192 2.000000000 2
684 840 3 8192 2.000000000 2
684 860 3 8192 2.000000000 2
684 872 3 8192 2.000000000 2
684 884 3 8192 2.000000000 2
684 900 3 8192 2.000000000 2
684 948 3 8192 2.000000000 2
684 992 3 8192 2.000000000 2
684 996 3 8192 2.000000000 2
684 1000 3 8192 2.000000000 2
684 1008 3 8192 2.000000000 2
684 1012 3 8192 2.000000000 2
684 1028 3 8192 2.000000000 2
684 1068 3 8192 2.000000000 2
684 1080 3 8192 2.000000000 2
684 1092 3 8192 2.000000000 2
684 1104 3 8192 2.000000000 2
684 1112 3 8192 2.000000000 2
684 1140 3 8192 2.000000000 2
684 1164 3 8192 2.000000000 2
684 1180 3 8192 2.000000000 2
684 1184 3 8192 2.000000000 2
684 1192 3 8192 2.000000000 2
684 1204 3 8192 2.000000000 2
684 1220 3 8192 2.000000000 2
684 1236 3 8192 2.000000000 2
684 1268 3 8192 2.000000000 2
684 1272 3 8192 2.000000000 2
688 0 3 8192 2.000000000 2
688 12 3 8192 2.000000000 2
688 56 3 8192 2.000000000 2
688 64 3 8192 2.000000000 2
688 72 3 8192 2.000000000 2
688 96 3 8192 2.000000000 2
688 116 3 8192 2.000000000 2
688 124 3 8192 2.000000000 2
688 128 3 8192 2.000000000 2
688 136 3 8192 2.000000000 2
688 192 3 8192 2.000000000 2
688 208 3 8192 2.000000000 2
688 212 3 8192 2.000000000 2
688 280 3 8192 2.000000000 2
688 292 3 8192 2.000000000 2
688 328 3 8192 2.000000000 2
688 368 3 8192 2.000000000 2
688 376 3 8192 2.000000000 2
688 396 3 8192 2.000000000 2
688 412 3 8192 2.000000000 2
688 428 3 8192 2.000000000 2
688 432 3 8192 2.000000000 2
688 436 3 8192 2.000000000 2
688 452 3 8192 2.000000000 2
688 472 3 8192 2.000000000 2
688 476 3 8192 2.000000000 2
688 488 3 8192 2.000000000 2
688 500 3 8192 2.000000000 2
688 508 3 8192 2.000000000 2
688 536 3 8192 2.000000000 2
688 548 3 8192 2.000000000 2
688 552 3 8192 2.000000000 2
688 580 3 8192 2.000000000 2
688 604 3 8192 2.000000000 2
688 608 3 8192 2.000000000 2
688 612 3 8192 2.000000000 2
688 620 3 8192 2.000000000 2
688 624 3 8192 2.000000000 2
688 644 3 8192 2.000000000 2
688 664 3 8192 2.000000000 2
688 680 3 8192 2.000000000 2
688 692 3 8192 2.000000000 2
688 720 3 8192 2.000000000 2
688 744 3 8192 2.000000000 2
688 856 3 8192 2.000000000 2
688 880 3 8192 2.000000000 2
688 912 3 8192 2.000000000 2
688 956 3 8192 2.000000000 2
688 964 3 8192 2.000000000 2
688 1008 3 8192 2.000000000 2
688 1040 3 8192 2.000000000 2
688 1044 3 8192 2.000000000 2
688 1060 3 8192 2.000000000 2
688 1068 3 8192 2.000000000 2
688 1076 3 8192 2.000000000 2
688 1084 3 8192 2.000000000 2
688 1208 3 8192 2.000000000 2
688 1212 3 8192 2.000000000 2
688 1216 3 8192 2.000000000 2
688 1220 3 8192 2.000000000 2
688 1252 3 8192 2.000000000 2
688 1260 3 8192 2.000000000 2
688 1272 3 8192 2.000000000 2
688 1276 3 8192 2.000000000 2
692 0 3 8192 2.000000000 2
692 4 3 8192 2.000000000 2
692 16 3 8192 2.000000000 2
692 24 3 8192 2.000000000 2
692 32 3 8192 2.000000000 2
692 112 3 8192 2.000000000 2
692 152 3 8192 2.000000000 2
692 176 3 8192 2.000000000 2
692 180 3 8192 2.000000000 2
692 196 3 8192 2.000000000 2
692 284 3 8192 2.000000000 2
692 328 3 8192 2.000000000 2
692 348 3 8192 2.000000000 2
692 364 3 8192 2.000000000 2
692 368 3 8192 2.000000000 2
692 376 3 8192 2.000000000 2
692 388 3 8192 2.000000000 2
692 392 3 8192 2.000000000 2
692 400 3 8192 2.000000000 2
692 412 3 8192 2.000000000 2
692 420 3 8192 2.000000000 2
692 436 3 8192 2.000000000 2
692 472 3 8192 2.000000000 2
692 496 3 8192 2.000000000 2
692 500 3 8192 2.000000000 2
692 504 3 8192 2.000000000 2
692 552 3 8192 2.000000000 2
692 592 3 8192 2.000000000 2
692 608 3 8192 2.000000000 2
692 616 3 8192 2.000000000 2
692 636 3 8192 2.000000000 2
692 664 3 8192 2.000000000 2
692 676 3 8192 2.000000000 2
692 688 3 8192 2.000000000 2
692 708 3 8192 2.000000000 2
692 740 3 8192 2.000000000 2
692 744 3 8192 2.000000000 2
692 788 3 8192 2.000000000 2
692 796 3 8192 2.000000000 2
692 812 3 8192 2.000000000 2
692 844 3 8192 2.000000000 2
692 872 3 8192 2.000000000 2
692 880 3 8192 2.000000000 2
692 892 3 8192 2.000000000 2
692 900 3 8192 2.000000000 2
692 904 3 8192 2.000000000 2
692 960 3 8192 2.000000000 2
692 964 3 8192 2.000000000 2
692 980 3 8192 2.000000000 2
692 992 3 8192 2.000000000 2
692 996 3 8192 2.000000000 2
692 1012 3 8192 2.000000000 2
692 1020 3 8192 2.000000000 2
692 1024 3 8192 2.000000000 2
692 1040 3 8192 2.000000000 2
692 1076 3 8192 2.000000000 2
692 1104 3 8192 2.000000000 2
692 1128 3 8192 2.000000000 2
692 1148 3 8192 2.000000000 2
692 1164 3 8192 2.000000000 2
692 1196 3 8192 2.000000000 2
692 1212 3 8192 2.000000000 2
692 1252 3 8192 2.000000000 2
692 1256 3 8192 2.000000000 2
708 52 3 8192 2.000000000 2
708 60 3 8192 2.000000000 2
708 64 3 8192 2.000000000 2
708 68 3 8192 2.000000000 2
708 116 3 8192 2.000000000 2
708 136 3 8192 2.000000000 2
708 148 3 8192 2.000000000 2
708 156 3 8192 2.000000000 2
708 192 3 8192 2.000000000 2
708 196 3 8192 2.000000000 2
708 216 3 8192 2.000000000 2
708 224 3 8192 2.000000000 2
708 260 3 8192 2.000000000 2
708 308 3 8192 2.000000000 2
708 328 3 8192 2.000000000 2
708 340 3 8192 2.000000000 2
708 348 3 8192 2.000000000 2
708 360 3 8192 2.000000000 2
708 364 3 8192 2.000000000 2
708 384 3 8192 2.000000000 2
708 388 3 8192 2.000000000 2
708 412 3 8192 2.000000000 2
708 424 3 8192 2.000000000 2
708 432 3 8192 2.000000000 2
708 456 3 8192 2.000000000 2
708 476 3 8192 2.000000000 2
708 488 3 8192 2.000000000 2
708 500 3 8192 2.000000000 2
708 504 3 8192 2.000000000 2
708 520 3 8192 2.000000000 2
708 532 3 8192 2.000000000 2
708 540 3 8192 2.000000000 2
708 552 3 8192 2.000000000 2
708 596 3 8192 2.000000000 2
708 608 3 8192 2.000000000 2
708 624 3 8192 2.000000000 2
708 640 3 8192 2.000000000 2
708 712 3 8192 2.000000000 2
708 740 3 8192 2.000000000 2
708 748 3 8192 2.000000000 2
708 788 3 8192 2.000000000 2
708 840 3 8192 2.000000000 2
708 848 3 8192 2.000000000 2
708 940 3 8192 2.000000000 2
708 956 3 8192 2.000000000 2
708 984 3 8192 2.000000000 2
708 988 3 8192 2.000000000 2
708 992 3 8192 2.000000000 2
708 1000 3 8192 2.000000000 2
708 1008 3 8192 2.000000000 2
708 1048 3 8192 2.000000000 2
708 1056 3 8192 2.000000000 2
708 1092 3 8192 2.000000000 2
708 1100 3 8192 2.000000000 2
708 1104 3 8192 2.000000000 2
708 1108 3 8192 2.000000000 2
708 1128 3 8192 2.000000000 2
708 1160 3 8192 2.000000000 2
708 1176 3 8192 2.000000000 2
708 1196 3 8192 2.000000000 2
708 1204 3 8192 2.000000000 2
708 1212 3 8192 2.000000000 2
708 1224 3 8192 2.000000000 2
708 1228 3 8192 2.000000000 2
712 0 3 8192 2.000000000 2
712 4 3 8192 2.000000000 2
712 8 3 8192 2.000000000 2
712 68 3 8192 2.000000000 2
712 100 3 8192 2.000000000 2
712 120 3 8192 2.000000000 2
712 156 3 8192 2.000000000 2
712 160 3 8192 2.000000000 2
712 164 3 8192 2.000000000 2
712 172 3 8192 2.000000000 2
712 240 3 8192 2.000000000 2
712 264 3 8192 2.000000000 2
712 272 3 8192 2.000000000 2
712 276 3 8192 2.000000000 2
712 288 3 8192 2.000000000 2
712 292 3 8192 2.000000000 2
712 320 3 8192 2.000000000 2
712 324 3 8192 2.000000000 2
712 348 3 8192 2.000000000 2
712 372 3 8192 2.000000000 2
712 388 3 8192 2.000000000 2
712 392 3 8192 2.000000000 2
712 412 3 8192 2.000000000 2
712 416 3 8192 2.000000000 2
712 436 3 8192 2.000000000 2
712 440 3 8192 2.000000000 2
712 444 3 8192 2.000000000 2
712 472 3 8192 2.000000000 2
712 516 3 8192 2.000000000 2
712 536 3 8192 2.000000000 2
712 552 3 8192 2.000000000 2
712 560 3 8192 2.000000000 2
712 604 3 8192 2.000000000 2
712 628 3 8192 2.000000000 2
712 644 3 8192 2.000000000 2
712 660 3 8192 2.000000000 2
712 680 3 8192 2.000000000 2
712 760 3 8192 2.000000000 2
712 780 3 8192 2.000000000 2
712 788 3 8192 2.000000000 2
712 792 3 8192 2.000000000 2
712 852 3 8192 2.000000000 2
712 872 3 8192 2.000000000 2
712 888 3 8192 2.000000000 2
712 896 3 8192 2.000000000 2
712 916 3 8192 2.000000000 2
712 964 3 8192 2.000000000 2
712 976 3 8192 2.000000000 2
712 992 3 8192 2.000000000 2
712 1000 3 8192 2.000000000 2
712 1028 3 8192 2.000000000 2
712 1032 3 8192 2.000000000 2
712 1068 3 8192 2.000000000 2
712 1072 3 8192 2.000000000 2
712 1084 3 8192 2.000000000 2
712 1092 3 8192 2.000000000 2
712 1100 3 8192 2.000000000 2
712 1128 3 8192 2.000000000 2
712 1140 3 8192 2.000000000 2
712 1156 3 8192 2.000000000 2
712 1160 3 8192 2.000000000 2
712 1180 3 8192 2.000000000 2
712 1236 3 8192 2.000000000 2
712 1260 3 8192 2.000000000 2
720 12 3 8192 2.000000000 2
720 32 3 8192 2.000000000 2
720 60 3 8192 2.000000000 2
720 112 3 8192 2.000000000 2
720 116 3 8192 2.000000000 2
720 124 3 8192 2.000000000 2
720 156 3 8192 2.000000000 2
720 176 3 8192 2.000000000 2
720 200 3 8192 2.000000000 2
720 204 3 8192 2.000000000 2
720 208 3 8192 2.000000000 2
720 224 3 8192 2.000000000 2
720 268 3 8192 2.000000000 2
720 284 3 8192 2.000000000 2
720 296 3 8192 2.000000000 2
720 328 3 8192 2.000000000 2
720 348 3 8192 2.000000000 2
720 364 3 8192 2.000000000 2
720 368 3 8192 2.000000000 2
720 384 3 8192 2.000000000 2
720 388 3 8192 2.000000000 2
720 392 3 8192 2.000000000 2
720 400 3 8192 2.000000000 2
720 412 3 8192 2.000000000 2
720 436 3 8192 2.000000000 2
720 440 3 8192 2.000000000 2
720 492 3 8192 2.000000000 2
720 508 3 8192 2.000000000 2
720 536 3 8192 2.000000000 2
720 540 3 8192 2.000000000 2
720 552 3 8192 2.000000000 2
720 596 3 8192 2.000000000 2
720 644 3 8192 2.000000000 2
720 652 3 8192 2.000000000 2
720 660 3 8192 2.000000000 2
720 668 3 8192 2.000000000 2
720 676 3 8192 2.000000000 2
720 680 3 8192 2.000000000 2
720 684 3 8192 2.000000000 2
720 692 3 8192 2.000000000 2
720 712 3 8192 2.000000000 2
720 772 3 8192 2.000000000 2
720 788 3 8192 2.000000000 2
720 800 3 8192 2.000000000 2
720 840 3 8192 2.000000000 2
720 888 3 8192 2.000000000 2
720 952 3 8192 2.000000000 2
720 960 3 8192 2.000000000 2
720 972 3 8192 2.000000000 2
720 1000 3 8192 2.000000000 2
720 1028 3 8192 2.000000000 2
720 1032 3 8192 2.000000000 2
720 1044 3 8192 2.000000000 2
720 1048 3 8192 2.000000000 2
720 1068 3 8192 2.000000000 2
720 1096 3 8192 2.000000000 2
720 1160 3 8192 2.000000000 2
720 1176 3 8192 2.000000000 2
720 1180 3 8192 2.000000000 2
720 1204 3 8192 2.000000000 2
720 1224 3 8192 2.000000000 2
720 1228 3 8192 2.000000000 2
720 1264 3 8192 2.000000000 2
720 1276 3 8192 2.000000000 2
724 0 3 8192 2.000000000 2
724 8 3 8192 2.000000000 2
724 12 3 8192 2.000000000 2
724 20 3 8192 2.000000000 2
724 48 3 8192 2.000000000 2
724 52 3 8192 2.000000000 2
724 56 3 8192 2.000000000 2
724 92 3 8192 2.000000000 2
724 116 3 8192 2.000000000 2
724 176 3 8192 2.000000000 2
724 212 3 8192 2.000000000 2
724 224 3 8192 2.000000000 2
724 244 3 8192 2.000000000 2
724 296 3 8192 2.000000000 2
724 320 3 8192 2.000000000 2
724 324 3 8192 2.000000000 2
724 328 3 8192 2.000000000 2
724 348 3 8192 2.000000000 2
724 376 3 8192 2.000000000 2
724 412 3 8192 2.000000000 2
724 428 3 8192 2.000000000 2
724 440 3 8192 2.000000000 2
724 460 3 8192 2.000000000 2
724 488 3 8192 2.000000000 2
724 508 3 8192 2.000000000 2
724 540 3 8192 2.000000000 2
724 604 3 8192 2.000000000 2
724 644 3 8192 2.000000000 2
724 672 3 8192 2.000000000 2
724 676 3 8192 2.000000000 2
724 712 3 8192 2.000000000 2
724 732 3 8192 2.000000000 2
724 736 3 8192 2.000000000 2
724 744 3 8192 2.000000000 2
724 780 3 8192 2.000000000 2
724 788 3 8192 2.000000000 2
724 800 3 8192 2.000000000 2
724 804 3 8192 2.000000000 2
724 872 3 8192 2.000000000 2
724 884 3 8192 2.000000000 2
724 908 3 8192 2.000000000 2
724 940 3 8192 2.000000000 2
724 956 3 8192 2.000000000 2
724 960 3 8192 2.000000000 2
724 968 3 8192 2.000000000 2
724 976 3 8192 2.000000000 2
724 984 3 8192 2.000000000 2
724 988 3 8192 2.000000000 2
724 996 3 8192 2.000000000 2
724 1008 3 8192 2.000000000 2
724 1020 3 8192 2.000000000 2
724 1028 3 8192 2.000000000 2
724 1044 3 8192 2.000000000 2
724 1084 3 8192 2.000000000 2
724 1088 3 8192 2.000000000 2
724 1100 3 8192 2.000000000 2
724 1108 3 8192 2.000000000 2
724 1128 3 8192 2.000000000 2
724 1148 3 8192 2.000000000 2
724 1160 3 8192 2.000000000 2
724 1192 3 8192 2.000000000 2
724 1196 3 8192 2.000000000 2
724 1228 3 8192 2.000000000 2
724 1268 3 8192 2.000000000 2
732 0 3 8192 2.000000000 2
732 40 3 8192 2.000000000 2
732 60 3 8192 2.000000000 2
732 76 3 8192 2.000000000 2
732 100 3 8192 2.000000000 2
732 108 3 8192 2.000000000 2
732 124 3 8192 2.000000000 2
732 156 3 8192 2.000000000 2
732 160 3 8192 2.000000000 2
732 164 3 8192 2.000000000 2
732 172 3 8192 2.000000000 2
732 180 3 8192 2.000000000 2
732 216 3 8192 2.000000000 2
732 244 3 8192 2.000000000 2
732 256 3 8192 2.000000000 2
732 324 3 8192 2.000000000 2
732 380 3 8192 2.000000000 2
732 400 3 8192 2.000000000 2
732 416 3 8192 2.000000000 2
732 444 3 8192 2.000000000 2
732 468 3 8192 2.000000000 2
732 476 3 8192 2.000000000 2
732 508 3 8192 2.000000000 2
732 516 3 8192 2.000000000 2
732 548 3 8192 2.000000000 2
732 560 3 8192 2.000000000 2
732 564 3 8192 2.000000000 2
732 600 3 8192 2.000000000 2
732 612 3 8192 2.000000000 2
732 620 3 8192 2.000000000 2
732 636 3 8192 2.000000000 2
732 644 3 8192 2.000000000 2
732 652 3 8192 2.000000000 2
732 680 3 8192 2.000000000 2
732 712 3 8192 2.000000000 2
732 720 3 8192 2.000000000 2
732 752 3 8192 2.000000000 2
732 764 3 8192 2.000000000 2
732 772 3 8192 2.000000000 2
732 784 3 8192 2.000000000 2
732 792 3 8192 2.000000000 2
732 800 3 8192 2.000000000 2
732 828 3 8192 2.000000000 2
732 856 3 8192 2.000000000 2
732 908 3 8192 2.000000000 2
732 960 3 8192 2.000000000 2
732 964 3 8192 2.000000000 2
732 976 3 8192 2.000000000 2
732 988 3 8192 2.000000000 2
732 996 3 8192 2.000000000 2
732 1000 3 8192 2.000000000 2
732 1004 3 8192 2.000000000 2
732 1036 3 8192 2.000000000 2
732 1044 3 8192 2.000000000 2
732 1080 3 8192 2.000000000 2
732 1092 3 8192 2.000000000 2
732 1100 3 8192 2.000000000 2
732 1104 3 8192 2.000000000 2
732 1140 3 8192 2.000000000 2
732 1184 3 8192 2.000000000 2
732 1212 3 8192 2.000000000 2
732 1224 3 8192 2.000000000 2
732 1268 3 8192 2.000000000 2
732 1276 3 8192 2.000000000 2
736 0 3 8192 2.000000000 2
736 4 3 8192 2.000000000 2
736 20 3 8192 2.000000000 2
736 56 3 8192 2.000000000 2
736 64 3 8192 2.000000000 2
736 72 3 8192 2.000000000 2
736 76 3 8192 2.000000000 2
736 96 3 8192 2.000000000 2
736 100 3 8192 2.000000000 2
736 108 3 8192 2.000000000 2
736 116 3 8192 2.000000000 2
736 120 3 8192 2.000000000 2
736 124 3 8192 2.000000000 2
736 148 3 8192 2.000000000 2
736 160 3 8192 2.000000000 2
736 204 3 8192 2.000000000 2
736 264 3 8192 2.000000000 2
736 268 3 8192 2.000000000 2
736 296 3 8192 2.000000000 2
736 308 3 8192 2.000000000 2
736 328 3 8192 2.000000000 2
736 360 3 8192 2.000000000 2
736 372 3 8192 2.000000000 2
736 380 3 8192 2.000000000 2
736 400 3 8192 2.000000000 2
736 416 3 8192 2.000000000 2
736 420 3 8192 2.000000000 2
736 460 3 8192 2.000000000 2
736 492 3 8192 2.000000000 2
736 556 3 8192 2.000000000 2
736 568 3 8192 2.000000000 2
736 604 3 8192 2.000000000 2
736 620 3 8192 2.000000000 2
736 632 3 8192 2.000000000 2
736 644 3 8192 2.000000000 2
736 660 3 8192 2.000000000 2
736 724 3 8192 2.000000000 2
736 760 3 8192 2.000000000 2
736 780 3 8192 2.000000000 2
736 784 3 8192 2.000000000 2
736 844 3 8192 2.000000000 2
736 856 3 8192 2.000000000 2
736 872 3 8192 2.000000000 2
736 888 3 8192 2.000000000 2
736 912 3 8192 2.000000000 2
736 916 3 8192 2.000000000 2
736 952 3 8192 2.000000000 2
736 960 3 8192 2.000000000 2
736 992 3 8192 2.000000000 2
736 1016 3 8192 2.000000000 2
736 1024 3 8192 2.000000000 2
736 1028 3 8192 2.000000000 2
736 1052 3 8192 2.000000000 2
736 1140 3 8192 2.000000000 2
736 1144 3 8192 2.000000000 2
736 1148 3 8192 2.000000000 2
736 1160 3 8192 2.000000000 2
736 1192 3 8192 2.000000000 2
736 1204 3 8192 2.000000000 2
736 1212 3 8192 2.000000000 2
736 1220 3 8192 2.000000000 2
736 1228 3 8192 2.000000000 2
736 1252 3 8192 2.000000000 2
736 1272 3 8192 2.000000000 2
740 52 3 8192 2.000000000 2
740 68 3 8192 2.000000000 2
740 72 3 8192 2.000000000 2
740 100 3 8192 2.000000000 2
740 108 3 8192 2.000000000 2
740 124 3 8192 2.000000000 2
740 164 3 8192 2.000000000 2
740 176 3 8192 2.000000000 2
740 180 3 8192 2.000000000 2
740 200 3 8192 2.000000000 2
740 208 3 8192 2.000000000 2
740 256 3 8192 2.000000000 2
740 268 3 8192 2.000000000 2
740 288 3 8192 2.000000000 2
740 304 3 8192 2.000000000 2
740 308 3 8192 2.000000000 2
740 364 3 8192 2.000000000 2
740 384 3 8192 2.000000000 2
740 424 3 8192 2.000000000 2
740 436 3 8192 2.000000000 2
740 452 3 8192 2.000000000 2
740 456 3 8192 2.000000000 2
740 488 3 8192 2.000000000 2
740 492 3 8192 2.000000000 2
740 496 3 8192 2.000000000 2
740 508 3 8192 2.000000000 2
740 536 3 8192 2.000000000 2
740 604 3 8192 2.000000000 2
740 612 3 8192 2.000000000 2
740 620 3 8192 2.000000000 2
740 624 3 8192 2.000000000 2
740 656 3 8192 2.000000000 2
740 676 3 8192 2.000000000 2
740 680 3 8192 2.000000000 2
740 692 3 8192 2.000000000 2
740 720 3 8192 2.000000000 2
740 724 3 8192 2.000000000 2
740 744 3 8192 2.000000000 2
740 752 3 8192 2.000000000 2
740 764 3 8192 2.000000000 2
740 780 3 8192 2.000000000 2
740 828 3 8192 2.000000000 2
740 844 3 8192 2.000000000 2
740 948 3 8192 2.000000000 2
740 952 3 8192 2.000000000 2
740 964 3 8192 2.000000000 2
740 968 3 8192 2.000000000 2
740 980 3 8192 2.000000000 2
740 992 3 8192 2.000000000 2
740 1008 3 8192 2.000000000 2
740 1016 3 8192 2.000000000 2
740 1032 3 8192 2.000000000 2
740 1060 3 8192 2.000000000 2
740 1096 3 8192 2.000000000 2
740 1104 3 8192 2.000000000 2
740 1112 3 8192 2.000000000 2
740 1128 3 8192 2.000000000 2
740 1140 3 8192 2.000000000 2
740 1180 3 8192 2.000000000 2
740 1192 3 8192 2.000000000 2
740 1220 3 8192 2.000000000 2
740 1228 3 8192 2.000000000 2
740 1260 3 8192 2.000000000 2
740 1264 3 8192 2.000000000 2
744 0 3 8192 2.000000000 2
744 8 3 8192 2.000000000 2
744 16 3 8192 2.000000000 2
744 20 3 8192 2.000000000 2
744 24 3 8192 2.000000000 2
744 28 3 8192 2.000000000 2
744 60 3 8192 2.000000000 2
744 76 3 8192 2.000000000 2
744 108 3 8192 2.000000000 2
744 164 3 8192 2.000000000 2
744 180 3 8192 2.000000000 2
744 204 3 8192 2.000000000 2
744 244 3 8192 2.000000000 2
744 312 3 8192 2.000000000 2
744 316 3 8192 2.000000000 2
744 324 3 8192 2.000000000 2
744 328 3 8192 2.000000000 2
744 348 3 8192 2.000000000 2
744 364 3 8192 2.000000000 2
744 376 3 8192 2.000000000 2
744 380 3 8192 2.000000000 2
744 384 3 8192 2.000000000 2
744 416 3 8192 2.000000000 2
744 440 3 8192 2.000000000 2
744 452 3 8192 2.000000000 2
744 468 3 8192 2.000000000 2
744 476 3 8192 2.000000000 2
744 496 3 8192 2.000000000 2
744 516 3 8192 2.000000000 2
744 552 3 8192 2.000000000 2
744 564 3 8192 2.000000000 2
744 568 3 8192 2.000000000 2
744 588 3 8192 2.000000000 2
744 608 3 8192 2.000000000 2
744 612 3 8192 2.000000000 2
744 616 3 8192 2.000000000 2
744 628 3 8192 2.000000000 2
744 632 3 8192 2.000000000 2
744 644 3 8192 2.000000000 2
744 664 3 8192 2.000000000 2
744 668 3 8192 2.000000000 2
744 672 3 8192 2.000000000 2
744 680 3 8192 2.000000000 2
744 740 3 8192 2.000000000 2
744 760 3 8192 2.000000000 2
744 768 3 8192 2.000000000 2
744 792 3 8192 2.000000000 2
744 812 3 8192 2.000000000 2
744 816 3 8192 2.000000000 2
744 872 3 8192 2.000000000 2
744 892 3 8192 2.000000000 2
744 908 3 8192 2.000000000 2
744 972 3 8192 2.000000000 2
744 984 3 8192 2.000000000 2
744 988 3 8192 2.000000000 2
744 1000 3 8192 2.000000000 2
744 1036 3 8192 2.000000000 2
744 1040 3 8192 2.000000000 2
744 1048 3 8192 2.000000000 2
744 1052 3 8192 2.000000000 2
744 1084 3 8192 2.000000000 2
744 1164 3 8192 2.000000000 2
744 1180 3 8192 2.000000000 2
744 1204 3 8192 2.000000000 2
748 16 3 8192 2.000000000 2
748 28 3 8192 2.000000000 2
748 32 3 8192 2.000000000 2
748 36 3 8192 2.000000000 2
748 68 3 8192 2.000000000 2
748 72 3 8192 2.000000000 2
748 92 3 8192 2.000000000 2
748 96 3 8192 2.000000000 2
748 108 3 8192 2.000000000 2
748 128 3 8192 2.000000000 2
748 240 3 8192 2.000000000 2
748 244 3 8192 2.000000000 2
748 272 3 8192 2.000000000 2
748 276 3 8192 2.000000000 2
748 280 3 8192 2.000000000 2
748 288 3 8192 2.000000000 2
748 292 3 8192 2.000000000 2
748 304 3 8192 2.000000000 2
748 312 3 8192 2.000000000 2
748 316 3 8192 2.000000000 2
748 320 3 8192 2.000000000 2
748 328 3 8192 2.000000000 2
748 340 3 8192 2.000000000 2
748 352 3 8192 2.000000000 2
748 356 3 8192 2.000000000 2
748 376 3 8192 2.000000000 2
748 420 3 8192 2.000000000 2
748 456 3 8192 2.000000000 2
748 476 3 8192 2.000000000 2
748 500 3 8192 2.000000000 2
748 540 3 8192 2.000000000 2
748 548 3 8192 2.000000000 2
748 560 3 8192 2.000000000 2
748 564 3 8192 2.000000000 2
748 588 3 8192 2.000000000 2
748 600 3 8192 2.000000000 2
748 612 3 8192 2.000000000 2
748 632 3 8192 2.000000000 2
748 644 3 8192 2.000000000 2
748 652 3 8192 2.000000000 2
748 660 3 8192 2.000000000 2
748 708 3 8192 2.000000000 2
748 732 3 8192 2.000000000 2
748 744 3 8192 2.000000000 2
748 752 3 8192 2.000000000 2
748 772 3 8192 2.000000000 2
748 864 3 8192 2.000000000 2
748 880 3 8192 2.000000000 2
748 896 3 8192 2.000000000 2
748 900 3 8192 2.000000000 2
748 952 3 8192 2.000000000 2
748 960 3 8192 2.000000000 2
748 980 3 8192 2.000000000 2
748 1024 3 8192 2.000000000 2
748 1040 3 8192 2.000000000 2
748 1048 3 8192 2.000000000 2
748 1072 3 8192 2.000000000 2
748 1108 3 8192 2.000000000 2
748 1140 3 8192 2.000000000 2
748 1176 3 8192 2.000000000 2
748 1184 3 8192 2.000000000 2
748 1224 3 8192 2.000000000 2
748 1236 3 8192 2.000000000 2
748 1264 3 8192 2.000000000 2
752 12 3 8192 2.000000000 2
752 20 3 8192 2.000000000 2
752 32 3 8192 2.000000000 2
752 124 3 8192 2.000000000 2
752 136 3 8192 2.000000000 2
752 156 3 8192 2.000000000 2
752 160 3 8192 2.000000000 2
752 176 3 8192 2.000000000 2
752 192 3 8192 2.000000000 2
752 208 3 8192 2.000000000 2
752 212 3 8192 2.000000000 2
752 244 3 8192 2.000000000 2
752 268 3 8192 2.000000000 2
752 280 3 8192 2.000000000 2
752 320 3 8192 2.000000000 2
752 348 3 8192 2.000000000 2
752 352 3 8192 2.000000000 2
752 420 3 8192 2.000000000 2
752 428 3 8192 2.000000000 2
752 436 3 8192 2.000000000 2
752 456 3 8192 2.000000000 2
752 472 3 8192 2.000000000 2
752 504 3 8192 2.000000000 2
752 508 3 8192 2.000000000 2
752 536 3 8192 2.000000000 2
752 544 3 8192 2.000000000 2
752 580 3 8192 2.000000000 2
752 588 3 8192 2.000000000 2
752 596 3 8192 2.000000000 2
752 612 3 8192 2.000000000 2
752 616 3 8192 2.000000000 2
752 620 3 8192 2.000000000 2
752 624 3 8192 2.000000000 2
752 652 3 8192 2.000000000 2
752 680 3 8192 2.000000000 2
752 688 3 8192 2.000000000 2
752 720 3 8192 2.000000000 2
752 736 3 8192 2.000000000 2
752 744 3 8192 2.000000000 2
752 760 3 8192 2.000000000 2
752 768 3 8192 2.000000000 2
752 772 3 8192 2.000000000 2
752 788 3 8192 2.000000000 2
752 792 3 8192 2.000000000 2
752 828 3 8192 2.000000000 2
752 844 3 8192 2.000000000 2
752 872 3 8192 2.000000000 2
752 888 3 8192 2.000000000 2
752 912 3 8192 2.000000000 2
752 940 3 8192 2.000000000 2
752 956 3 8192 2.000000000 2
752 968 3 8192 2.000000000 2
752 1000 3 8192 2.000000000 2
752 1016 3 8192 2.000000000 2
752 1060 3 8192 2.000000000 2
752 1076 3 8192 2.000000000 2
752 1084 3 8192 2.000000000 2
752 1096 3 8192 2.000000000 2
752 1140 3 8192 2.000000000 2
752 1148 3 8192 2.000000000 2
752 1176 3 8192 2.000000000 2
752 1252 3 8192 2.000000000 2
752 1260 3 8192 2.000000000 2
752 1272 3 8192 2.000000000 2
760 0 3 8192 2.000000000 2
760 4 3 8192 2.000000000 2
760 12 3 8192 2.000000000 2
760 20 3 8192 2.000000000 2
760 24 3 8192 2.000000000 2
760 40 3 8192 2.000000000 2
760 52 3 8192 2.000000000 2
760 60 3 8192 2.000000000 2
760 72 3 8192 2.000000000 2
760 92 3 8192 2.000000000 2
760 100 3 8192 2.000000000 2
760 108 3 8192 2.000000000 2
760 120 3 8192 2.000000000 2
760 136 3 8192 2.000000000 2
760 156 3 8192 2.000000000 2
760 180 3 8192 2.000000000 2
760 196 3 8192 2.000000000 2
760 208 3 8192 2.000000000 2
760 260 3 8192 2.000000000 2
760 264 3 8192 2.000000000 2
760 272 3 8192 2.000000000 2
760 288 3 8192 2.000000000 2
760 304 3 8192 2.000000000 2
760 308 3 8192 2.000000000 2
760 316 3 8192 2.000000000 2
760 320 3 8192 2.000000000 2
760 336 3 8192 2.000000000 2
760 360 3 8192 2.000000000 2
760 380 3 8192 2.000000000 2
760 396 3 8192 2.000000000 2
760 432 3 8192 2.000000000 2
760 444 3 8192 2.000000000 2
760 472 3 8192 2.000000000 2
760 476 3 8192 2.000000000 2
760 504 3 8192 2.000000000 2
760 520 3 8192 2.000000000 2
760 540 3 8192 2.000000000 2
760 544 3 8192 2.000000000 2
760 552 3 8192 2.000000000 2
760 560 3 8192 2.000000000 2
760 596 3 8192 2.000000000 2
760 612 3 8192 2.000000000 2
760 624 3 8192 2.000000000 2
760 632 3 8192 2.000000000 2
760 644 3 8192 2.000000000 2
760 656 3 8192 2.000000000 2
760 672 3 8192 2.000000000 2
760 772 3 8192 2.000000000 2
760 780 3 8192 2.000000000 2
760 792 3 8192 2.000000000 2
760 872 3 8192 2.000000000 2
760 992 3 8192 2.000000000 2
760 996 3 8192 2.000000000 2
760 1004 3 8192 2.000000000 2
760 1044 3 8192 2.000000000 2
760 1056 3 8192 2.000000000 2
760 1128 3 8192 2.000000000 2
760 1140 3 8192 2.000000000 2
760 1156 3 8192 2.000000000 2
760 1160 3 8192 2.000000000 2
760 1196 3 8192 2.000000000 2
760 1228 3 8192 2.000000000 2
760 1252 3 8192 2.000000000 2
760 1268 3 8192 2.000000000 2
764 8 3 8192 2.000000000 2
764 20 3 8192 2.000000000 2
764 40 3 8192 2.000000000 2
764 48 3 8192 2.000000000 2
764 56 3 8192 2.000000000 2
764 72 3 8192 2.000000000 2
764 112 3 8192 2.000000000 2
764 132 3 8192 2.000000000 2
764 136 3 8192 2.000000000 2
764 172 3 8192 2.000000000 2
764 176 3 8192 2.000000000 2
764 180 3 8192 2.000000000 2
764 192 3 8192 2.000000000 2
764 196 3 8192 2.000000000 2
764 208 3 8192 2.000000000 2
764 272 3 8192 2.000000000 2
764 292 3 8192 2.000000000 2
764 352 3 8192 2.000000000 2
764 384 3 8192 2.000000000 2
764 388 3 8192 2.000000000 2
764 400 3 8192 2.000000000 2
764 428 3 8192 2.000000000 2
764 436 3 8192 2.000000000 2
764 460 3 8192 2.000000000 2
764 508 3 8192 2.000000000 2
764 540 3 8192 2.000000000 2
764 556 3 8192 2.000000000 2
764 588 3 8192 2.000000000 2
764 592 3 8192 2.000000000 2
764 604 3 8192 2.000000000 2
764 612 3 8192 2.000000000 2
764 652 3 8192 2.000000000 2
764 656 3 8192 2.000000000 2
764 664 3 8192 2.000000000 2
764 668 3 8192 2.000000000 2
764 692 3 8192 2.000000000 2
764 712 3 8192 2.000000000 2
764 724 3 8192 2.000000000 2
764 748 3 8192 2.000000000 2
764 772 3 8192 2.000000000 2
764 828 3 8192 2.000000000 2
764 836 3 8192 2.000000000 2
764 848 3 8192 2.000000000 2
764 880 3 8192 2.000000000 2
764 892 3 8192 2.000000000 2
764 912 3 8192 2.000000000 2
764 948 3 8192 2.000000000 2
764 956 3 8192 2.000000000 2
764 980 3 8192 2.000000000 2
764 992 3 8192 2.000000000 2
764 996 3 8192 2.000000000 2
764 1000 3 8192 2.000000000 2
764 1012 3 8192 2.000000000 2
764 1024 3 8192 2.000000000 2
764 1076 3 8192 2.000000000 2
764 1088 3 8192 2.000000000 2
764 1092 3 8192 2.000000000 2
764 1104 3 8192 2.000000000 2
764 1140 3 8192 2.000000000 2
764 1184 3 8192 2.000000000 2
764 1224 3 8192 2.000000000 2
764 1260 3 8192 2.000000000 2
764 1264 3 8192 2.000000000 2
764 1276 3 8192 2.000000000 2
768 12 3 8192 2.000000000 2
768 20 3 8192 2.000000000 2
768 32 3 8192 2.000000000 2
768 52 3 8192 2.000000000 2
768 64 3 8192 2.000000000 2
768 76 3 8192 2.000000000 2
768 108 3 8192 2.000000000 2
768 112 3 8192 2.000000000 2
768 116 3 8192 2.000000000 2
768 156 3 8192 2.000000000 2
768 164 3 8192 2.000000000 2
768 192 3 8192 2.000000000 2
768 268 3 8192 2.000000000 2
768 284 3 8192 2.000000000 2
768 296 3 8192 2.000000000 2
768 304 3 8192 2.000000000 2
768 308 3 8192 2.000000000 2
768 312 3 8192 2.000000000 2
768 320 3 8192 2.000000000 2
768 328 3 8192 2.000000000 2
768 340 3 8192 2.000000000 2
768 348 3 8192 2.000000000 2
768 352 3 8192 2.000000000 2
768 364 3 8192 2.000000000 2
768 380 3 8192 2.000000000 2
768 392 3 8192 2.000000000 2
768 396 3 8192 2.000000000 2
768 424 3 8192 2.000000000 2
768 444 3 8192 2.000000000 2
768 448 3 8192 2.000000000 2
768 492 3 8192 2.000000000 2
768 508 3 8192 2.000000000 2
768 532 3 8192 2.000000000 2
768 544 3 8192 2.000000000 2
768 548 3 8192 2.000000000 2
768 632 3 8192 2.000000000 2
768 664 3 8192 2.000000000 2
768 680 3 8192 2.000000000 2
768 708 3 8192 2.000000000 2
768 712 3 8192 2.000000000 2
768 720 3 8192 2.000000000 2
768 732 3 8192 2.000000000 2
768 736 3 8192 2.000000000 2
768 760 3 8192 2.000000000 2
768 764 3 8192 2.000000000 2
768 800 3 8192 2.000000000 2
768 804 3 8192 2.000000000 2
768 828 3 8192 2.000000000 2
768 836 3 8192 2.000000000 2
768 880 3 8192 2.000000000 2
768 892 3 8192 2.000000000 2
768 904 3 8192 2.000000000 2
768 948 3 8192 2.000000000 2
768 992 3 8192 2.000000000 2
768 1020 3 8192 2.000000000 2
768 1032 3 8192 2.000000000 2
768 1056 3 8192 2.000000000 2
768 1144 3 8192 2.000000000 2
768 1156 3 8192 2.000000000 2
768 1160 3 8192 2.000000000 2
768 1164 3 8192 2.000000000 2
768 1220 3 8192 2.000000000 2
768 1236 3 8192 2.000000000 2
768 1244 3 8192 2.000000000 2
772 56 3 8192 2.000000000 2
772 72 3 8192 2.000000000 2
772 116 3 8192 2.000000000 2
772 124 3 8192 2.000000000 2
772 128 3 8192 2.000000000 2
772 152 3 8192 2.000000000 2
772 172 3 8192 2.000000000 2
772 176 3 8192 2.000000000 2
772 216 3 8192 2.000000000 2
772 240 3 8192 2.000000000 2
772 264 3 8192 2.000000000 2
772 272 3 8192 2.000000000 2
772 284 3 8192 2.000000000 2
772 288 3 8192 2.000000000 2
772 312 3 8192 2.000000000 2
772 324 3 8192 2.000000000 2
772 340 3 8192 2.000000000 2
772 352 3 8192 2.000000000 2
772 416 3 8192 2.000000000 2
772 428 3 8192 2.000000000 2
772 448 3 8192 2.000000000 2
772 468 3 8192 2.000000000 2
772 520 3 8192 2.000000000 2
772 540 3 8192 2.000000000 2
772 548 3 8192 2.000000000 2
772 560 3 8192 2.000000000 2
772 568 3 8192 2.000000000 2
772 592 3 8192 2.000000000 2
772 600 3 8192 2.000000000 2
772 612 3 8192 2.000000000 2
772 624 3 8192 2.000000000 2
772 640 3 8192 2.000000000 2
772 656 3 8192 2.000000000 2
772 668 3 8192 2.000000000 2
772 732 3 8192 2.000000000 2
772 748 3 8192 2.000000000 2
772 752 3 8192 2.000000000 2
772 764 3 8192 2.000000000 2
772 788 3 8192 2.000000000 2
772 800 3 8192 2.000000000 2
772 812 3 8192 2.000000000 2
772 828 3 8192 2.000000000 2
772 836 3 8192 2.000000000 2
772 856 3 8192 2.000000000 2
772 860 3 8192 2.000000000 2
772 884 3 8192 2.000000000 2
772 892 3 8192 2.000000000 2
772 904 3 8192 2.000000000 2
772 908 3 8192 2.000000000 2
772 940 3 8192 2.000000000 2
772 968 3 8192 2.000000000 2
772 980 3 8192 2.000000000 2
772 984 3 8192 2.000000000 2
772 992 3 8192 2.000000000 2
772 1036 3 8192 2.000000000 2
772 1044 3 8192 2.000000000 2
772 1056 3 8192 2.000000000 2
772 1072 3 8192 2.000000000 2
772 1104 3 8192 2.000000000 2
772 1148 3 8192 2.000000000 2
772 1164 3 8192 2.000000000 2
772 1180 3 8192 2.000000000 2
772 1204 3 8192 2.000000000 2
772 1224 3 8192 2.000000000 2
780 8 3 8192 2.000000000 2
780 16 3 8192 2.000000000 2
780 20 3 8192 2.000000000 2
780 28 3 8192 2.000000000 2
780 116 3 8192 2.000000000 2
780 136 3 8192 2.000000000 2
780 152 3 8192 2.000000000 2
780 196 3 8192 2.000000000 2
780 200 3 8192 2.000000000 2
780 204 3 8192 2.000000000 2
780 216 3 8192 2.000000000 2
780 224 3 8192 2.000000000 2
780 244 3 8192 2.000000000 2
780 256 3 8192 2.000000000 2
780 272 3 8192 2.000000000 2
780 280 3 8192 2.000000000 2
780 308 3 8192 2.000000000 2
780 336 3 8192 2.000000000 2
780 340 3 8192 2.000000000 2
780 348 3 8192 2.000000000 2
780 356 3 8192 2.000000000 2
780 364 3 8192 2.000000000 2
780 400 3 8192 2.000000000 2
780 444 3 8192 2.000000000 2
780 492 3 8192 2.000000000 2
780 496 3 8192 2.000000000 2
780 536 3 8192 2.000000000 2
780 548 3 8192 2.000000000 2
780 612 3 8192 2.000000000 2
780 624 3 8192 2.000000000 2
780 672 3 8192 2.000000000 2
780 676 3 8192 2.000000000 2
780 692 3 8192 2.000000000 2
780 724 3 8192 2.000000000 2
780 752 3 8192 2.000000000 2
780 768 3 8192 2.000000000 2
780 784 3 8192 2.000000000 2
780 792 3 8192 2.000000000 2
780 836 3 8192 2.000000000 2
780 852 3 8192 2.000000000 2
780 888 3 8192 2.000000000 2
780 900 3 8192 2.000000000 2
780 904 3 8192 2.000000000 2
780 948 3 8192 2.000000000 2
780 960 3 8192 2.000000000 2
780 972 3 8192 2.000000000 2
780 992 3 8192 2.000000000 2
780 1004 3 8192 2.000000000 2
780 1012 3 8192 2.000000000 2
780 1016 3 8192 2.000000000 2
780 1024 3 8192 2.000000000 2
780 1040 3 8192 2.000000000 2
780 1084 3 8192 2.000000000 2
780 1088 3 8192 2.000000000 2
780 1144 3 8192 2.000000000 2
780 1180 3 8192 2.000000000 2
780 1184 3 8192 2.000000000 2
780 1192 3 8192 2.000000000 2
780 1212 3 8192 2.000000000 2
780 1216 3 8192 2.000000000 2
780 1256 3 8192 2.000000000 2
780 1260 3 8192 2.000000000 2
780 1264 3 8192 2.000000000 2
780 1276 3 8192 2.000000000 2
784 20 3 8192 2.000000000 2
784 32 3 8192 2.000000000 2
784 40 3 8192 2.000000000 2
784 56 3 8192 2.000000000 2
784 64 3 8192 2.000000000 2
784 72 3 8192 2.000000000 2
784 76 3 8192 2.000000000 2
784 116 3 8192 2.000000000 2
784 148 3 8192 2.000000000 2
784 164 3 8192 2.000000000 2
784 172 3 8192 2.000000000 2
784 176 3 8192 2.000000000 2
784 192 3 8192 2.000000000 2
784 212 3 8192 2.000000000 2
784 224 3 8192 2.000000000 2
784 280 3 8192 2.000000000 2
784 288 3 8192 2.000000000 2
784 292 3 8192 2.000000000 2
784 312 3 8192 2.000000000 2
784 372 3 8192 2.000000000 2
784 376 3 8192 2.000000000 2
784 384 3 8192 2.000000000 2
784 392 3 8192 2.000000000 2
784 472 3 8192 2.000000000 2
784 492 3 8192 2.000000000 2
784 516 3 8192 2.000000000 2
784 564 3 8192 2.000000000 2
784 592 3 8192 2.000000000 2
784 644 3 8192 2.000000000 2
784 652 3 8192 2.000000000 2
784 656 3 8192 2.000000000 2
784 664 3 8192 2.000000000 2
784 672 3 8192 2.000000000 2
784 688 3 8192 2.000000000 2
784 712 3 8192 2.000000000 2
784 740 3 8192 2.000000000 2
784 744 3 8192 2.000000000 2
784 748 3 8192 2.000000000 2
784 760 3 8192 2.000000000 2
784 772 3 8192 2.000000000 2
784 788 3 8192 2.000000000 2
784 792 3 8192 2.000000000 2
784 796 3 8192 2.000000000 2
784 804 3 8192 2.000000000 2
784 840 3 8192 2.000000000 2
784 844 3 8192 2.000000000 2
784 864 3 8192 2.000000000 2
784 888 3 8192 2.000000000 2
784 896 3 8192 2.000000000 2
784 900 3 8192 2.000000000 2
784 940 3 8192 2.000000000 2
784 960 3 8192 2.000000000 2
784 1008 3 8192 2.000000000 2
784 1016 3 8192 2.000000000 2
784 1032 3 8192 2.000000000 2
784 1036 3 8192 2.000000000 2
784 1044 3 8192 2.000000000 2
784 1112 3 8192 2.000000000 2
784 1128 3 8192 2.000000000 2
784 1164 3 8192 2.000000000 2
784 1192 3 8192 2.000000000 2
784 1212 3 8192 2.000000000 2
784 1260 3 8192 2.000000000 2
784 1272 3 8192 2.000000000 2
788 16 3 8192 2.000000000 2
788 52 3 8192 2.000000000 2
788 60 3 8192 2.000000000 2
788 112 3 8192 2.000000000 2
788 124 3 8192 2.000000000 2
788 180 3 8192 2.000000000 2
788 196 3 8192 2.000000000 2
788 208 3 8192 2.000000000 2
788 240 3 8192 2.000000000 2
788 244 3 8192 2.000000000 2
788 272 3 8192 2.000000000 2
788 312 3 8192 2.000000000 2
788 316 3 8192 2.000000000 2
788 348 3 8192 2.000000000 2
788 388 3 8192 2.000000000 2
788 420 3 8192 2.000000000 2
788 428 3 8192 2.000000000 2
788 432 3 8192 2.000000000 2
788 448 3 8192 2.000000000 2
788 456 3 8192 2.000000000 2
788 472 3 8192 2.000000000 2
788 476 3 8192 2.000000000 2
788 548 3 8192 2.000000000 2
788 580 3 8192 2.000000000 2
788 604 3 8192 2.000000000 2
788 620 3 8192 2.000000000 2
788 660 3 8192 2.000000000 2
788 672 3 8192 2.000000000 2
788 684 3 8192 2.000000000 2
788 692 3 8192 2.000000000 2
788 724 3 8192 2.000000000 2
788 732 3 8192 2.000000000 2
788 736 3 8192 2.000000000 2
788 744 3 8192 2.000000000 2
788 768 3 8192 2.000000000 2
788 784 3 8192 2.000000000 2
788 800 3 8192 2.000000000 2
788 816 3 8192 2.000000000 2
788 828 3 8192 2.000000000 2
788 844 3 8192 2.000000000 2
788 864 3 8192 2.000000000 2
788 884 3 8192 2.000000000 2
788 888 3 8192 2.000000000 2
788 904 3 8192 2.000000000 2
788 916 3 8192 2.000000000 2
788 940 3 8192 2.000000000 2
788 980 3 8192 2.000000000 2
788 1008 3 8192 2.000000000 2
788 1028 3 8192 2.000000000 2
788 1060 3 8192 2.000000000 2
788 1092 3 8192 2.000000000 2
788 1112 3 8192 2.000000000 2
788 1160 3 8192 2.000000000 2
788 1176 3 8192 2.000000000 2
788 1184 3 8192 2.000000000 2
788 1192 3 8192 2.000000000 2
788 1220 3 8192 2.000000000 2
788 1228 3 8192 2.000000000 2
788 1236 3 8192 2.000000000 2
788 1244 3 8192 2.000000000 2
788 1252 3 8192 2.000000000 2
788 1260 3 8192 2.000000000 2
788 1268 3 8192 2.000000000 2
788 1276 3 8192 2.000000000 2
792 4 3 8192 2.000000000 2
792 16 3 8192 2.000000000 2
792 36 3 8192 2.000000000 2
792 40 3 8192 2.000000000 2
792 60 3 8192 2.000000000 2
792 64 3 8192 2.000000000 2
792 72 3 8192 2.000000000 2
792 96 3 8192 2.000000000 2
792 120 3 8192 2.000000000 2
792 128 3 8192 2.000000000 2
792 132 3 8192 2.000000000 2
792 164 3 8192 2.000000000 2
792 208 3 8192 2.000000000 2
792 240 3 8192 2.000000000 2
792 284 3 8192 2.000000000 2
792 336 3 8192 2.000000000 2
792 348 3 8192 2.000000000 2
792 356 3 8192 2.000000000 2
792 372 3 8192 2.000000000 2
792 376 3 8192 2.000000000 2
792 412 3 8192 2.000000000 2
792 444 3 8192 2.000000000 2
792 496 3 8192 2.000000000 2
792 504 3 8192 2.000000000 2
792 508 3 8192 2.000000000 2
792 544 3 8192 2.000000000 2
792 580 3 8192 2.000000000 2
792 592 3 8192 2.000000000 2
792 608 3 8192 2.000000000 2
792 612 3 8192 2.000000000 2
792 616 3 8192 2.000000000 2
792 628 3 8192 2.000000000 2
792 632 3 8192 2.000000000 2
792 680 3 8192 2.000000000 2
792 740 3 8192 2.000000000 2
792 764 3 8192 2.000000000 2
792 768 3 8192 2.000000000 2
792 780 3 8192 2.000000000 2
792 800 3 8192 2.000000000 2
792 804 3 8192 2.000000000 2
792 816 3 8192 2.000000000 2
792 844 3 8192 2.000000000 2
792 852 3 8192 2.000000000 2
792 896 3 8192 2.000000000 2
792 908 3 8192 2.000000000 2
792 940 3 8192 2.000000000 2
792 948 3 8192 2.000000000 2
792 960 3 8192 2.000000000 2
792 984 3 8192 2.000000000 2
792 1000 3 8192 2.000000000 2
792 1012 3 8192 2.000000000 2
792 1020 3 8192 2.000000000 2
792 1032 3 8192 2.000000000 2
792 1036 3 8192 2.000000000 2
792 1056 3 8192 2.000000000 2
792 1128 3 8192 2.000000000 2
792 1144 3 8192 2.000000000 2
792 1156 3 8192 2.000000000 2
792 1196 3 8192 2.000000000 2
792 1204 3 8192 2.000000000 2
792 1208 3 8192 2.000000000 2
792 1216 3 8192 2.000000000 2
792 1224 3 8192 2.000000000 2
792 1268 3 8192 2.000000000 2
796 20 3 8192 2.000000000 2
796 60 3 8192 2.000000000 2
796 68 3 8192 2.000000000 2
796 92 3 8192 2.000000000 2
796 116 3 8192 2.000000000 2
796 156 3 8192 2.000000000 2
796 192 3 8192 2.000000000 2
796 216 3 8192 2.000000000 2
796 240 3 8192 2.000000000 2
796 268 3 8192 2.000000000 2
796 272 3 8192 2.000000000 2
796 276 3 8192 2.000000000 2
796 288 3 8192 2.000000000 2
796 292 3 8192 2.000000000 2
796 316 3 8192 2.000000000 2
796 320 3 8192 2.000000000 2
796 360 3 8192 2.000000000 2
796 388 3 8192 2.000000000 2
796 400 3 8192 2.000000000 2
796 440 3 8192 2.000000000 2
796 452 3 8192 2.000000000 2
796 456 3 8192 2.000000000 2
796 460 3 8192 2.000000000 2
796 496 3 8192 2.000000000 2
796 532 3 8192 2.000000000 2
796 536 3 8192 2.000000000 2
796 604 3 8192 2.000000000 2
796 612 3 8192 2.000000000 2
796 624 3 8192 2.000000000 2
796 632 3 8192 2.000000000 2
796 644 3 8192 2.000000000 2
796 672 3 8192 2.000000000 2
796 676 3 8192 2.000000000 2
796 684 3 8192 2.000000000 2
796 688 3 8192 2.000000000 2
796 692 3 8192 2.000000000 2
796 712 3 8192 2.000000000 2
796 760 3 8192 2.000000000 2
796 764 3 8192 2.000000000 2
796 772 3 8192 2.000000000 2
796 780 3 8192 2.000000000 2
796 800 3 8192 2.000000000 2
796 812 3 8192 2.000000000 2
796 836 3 8192 2.000000000 2
796 840 3 8192 2.000000000 2
796 848 3 8192 2.000000000 2
796 888 3 8192 2.000000000 2
796 900 3 8192 2.000000000 2
796 908 3 8192 2.000000000 2
796 948 3 8192 2.000000000 2
796 968 3 8192 2.000000000 2
796 1012 3 8192 2.000000000 2
796 1016 3 8192 2.000000000 2
796 1020 3 8192 2.000000000 2
796 1028 3 8192 2.000000000 2
796 1032 3 8192 2.000000000 2
796 1040 3 8192 2.000000000 2
796 1048 3 8192 2.000000000 2
796 1060 3 8192 2.000000000 2
796 1144 3 8192 2.000000000 2
796 1180 3 8192 2.000000000 2
796 1196 3 8192 2.000000000 2
796 1220 3 8192 2.000000000 2
796 1236 3 8192 2.000000000 2
800 0 3 8192 2.000000000 2
800 8 3 8192 2.000000000 2
800 12 3 8192 2.000000000 2
800 20 3 8192 2.000000000 2
800 32 3 8192 2.000000000 2
800 48 3 8192 2.000000000 2
800 52 3 8192 2.000000000 2
800 60 3 8192 2.000000000 2
800 100 3 8192 2.000000000 2
800 112 3 8192 2.000000000 2
800 152 3 8192 2.000000000 2
800 176 3 8192 2.000000000 2
800 192 3 8192 2.000000000 2
800 260 3 8192 2.000000000 2
800 276 3 8192 2.000000000 2
800 280 3 8192 2.000000000 2
800 312 3 8192 2.000000000 2
800 324 3 8192 2.000000000 2
800 348 3 8192 2.000000000 2
800 356 3 8192 2.000000000 2
800 360 3 8192 2.000000000 2
800 372 3 8192 2.000000000 2
800 376 3 8192 2.000000000 2
800 420 3 8192 2.000000000 2
800 440 3 8192 2.000000000 2
800 476 3 8192 2.000000000 2
800 496 3 8192 2.000000000 2
800 516 3 8192 2.000000000 2
800 520 3 8192 2.000000000 2
800 536 3 8192 2.000000000 2
800 596 3 8192 2.000000000 2
800 604 3 8192 2.000000000 2
800 612 3 8192 2.000000000 2
800 616 3 8192 2.000000000 2
800 644 3 8192 2.000000000 2
800 668 3 8192 2.000000000 2
800 676 3 8192 2.000000000 2
800 692 3 8192 2.000000000 2
800 712 3 8192 2.000000000 2
800 732 3 8192 2.000000000 2
800 768 3 8192 2.000000000 2
800 784 3 8192 2.000000000 2
800 796 3 8192 2.000000000 2
800 828 3 8192 2.000000000 2
800 844 3 8192 2.000000000 2
800 848 3 8192 2.000000000 2
800 872 3 8192 2.000000000 2
800 940 3 8192 2.000000000 2
800 960 3 8192 2.000000000 2
800 984 3 8192 2.000000000 2
800 992 3 8192 2.000000000 2
800 996 3 8192 2.000000000 2
800 1028 3 8192 2.000000000 2
800 1056 3 8192 2.000000000 2
800 1076 3 8192 2.000000000 2
800 1088 3 8192 2.000000000 2
800 1108 3 8192 2.000000000 2
800 1144 3 8192 2.000000000 2
800 1196 3 8192 2.000000000 2
800 1204 3 8192 2.000000000 2
800 1208 3 8192 2.000000000 2
800 1252 3 8192 2.000000000 2
800 1256 3 8192 2.000000000 2
800 1268 3 8192 2.000000000 2
804 0 3 8192 2.000000000 2
804 4 3 8192 2.000000000 2
804 8 3 8192 2.000000000 2
804 32 3 8192 2.000000000 2
804 52 3 8192 2.000000000 2
804 56 3 8192 2.000000000 2
804 64 3 8192 2.000000000 2
804 96 3 8192 2.000000000 2
804 100 3 8192 2.000000000 2
804 124 3 8192 2.000000000 2
804 128 3 8192 2.000000000 2
804 132 3 8192 2.000000000 2
804 164 3 8192 2.000000000 2
804 204 3 8192 2.000000000 2
804 208 3 8192 2.000000000 2
804 244 3 8192 2.000000000 2
804 304 3 8192 2.000000000 2
804 312 3 8192 2.000000000 2
804 316 3 8192 2.000000000 2
804 324 3 8192 2.000000000 2
804 352 3 8192 2.000000000 2
804 360 3 8192 2.000000000 2
804 376 3 8192 2.000000000 2
804 396 3 8192 2.000000000 2
804 412 3 8192 2.000000000 2
804 432 3 8192 2.000000000 2
804 444 3 8192 2.000000000 2
804 476 3 8192 2.000000000 2
804 492 3 8192 2.000000000 2
804 536 3 8192 2.000000000 2
804 540 3 8192 2.000000000 2
804 548 3 8192 2.000000000 2
804 552 3 8192 2.000000000 2
804 580 3 8192 2.000000000 2
804 620 3 8192 2.000000000 2
804 636 3 8192 2.000000000 2
804 652 3 8192 2.000000000 2
804 656 3 8192 2.000000000 2
804 660 3 8192 2.000000000 2
804 680 3 8192 2.000000000 2
804 736 3 8192 2.000000000 2
804 740 3 8192 2.000000000 2
804 748 3 8192 2.000000000 2
804 752 3 8192 2.000000000 2
804 788 3 8192 2.000000000 2
804 792 3 8192 2.000000000 2
804 796 3 8192 2.000000000 2
804 800 3 8192 2.000000000 2
804 828 3 8192 2.000000000 2
804 836 3 8192 2.000000000 2
804 852 3 8192 2.000000000 2
804 880 3 8192 2.000000000 2
804 892 3 8192 2.000000000 2
804 912 3 8192 2.000000000 2
804 916 3 8192 2.000000000 2
804 940 3 8192 2.000000000 2
804 972 3 8192 2.000000000 2
804 992 3 8192 2.000000000 2
804 996 3 8192 2.000000000 2
804 1044 3 8192 2.000000000 2
804 1100 3 8192 2.000000000 2
804 1144 3 8192 2.000000000 2
804 1196 3 8192 2.000000000 2
804 1272 3 8192 2.000000000 2
812 32 3 8192 2.000000000 2
812 52 3 8192 2.000000000 2
812 68 3 8192 2.000000000 2
812 72 3 8192 2.000000000 2
812 96 3 8192 2.000000000 2
812 100 3 8192 2.000000000 2
812 120 3 8192 2.000000000 2
812 136 3 8192 2.000000000 2
812 160 3 8192 2.000000000 2
812 164 3 8192 2.000000000 2
812 172 3 8192 2.000000000 2
812 212 3 8192 2.000000000 2
812 292 3 8192 2.000000000 2
812 308 3 8192 2.000000000 2
812 336 3 8192 2.000000000 2
812 364 3 8192 2.000000000 2
812 376 3 8192 2.000000000 2
812 380 3 8192 2.000000000 2
812 388 3 8192 2.000000000 2
812 428 3 8192 2.000000000 2
812 448 3 8192 2.000000000 2
812 472 3 8192 2.000000000 2
812 504 3 8192 2.000000000 2
812 532 3 8192 2.000000000 2
812 544 3 8192 2.000000000 2
812 596 3 8192 2.000000000 2
812 604 3 8192 2.000000000 2
812 616 3 8192 2.000000000 2
812 620 3 8192 2.000000000 2
812 624 3 8192 2.000000000 2
812 628 3 8192 2.000000000 2
812 640 3 8192 2.000000000 2
812 656 3 8192 2.000000000 2
812 660 3 8192 2.000000000 2
812 688 3 8192 2.000000000 2
812 692 3 8192 2.000000000 2
812 708 3 8192 2.000000000 2
812 732 3 8192 2.000000000 2
812 744 3 8192 2.000000000 2
812 784 3 8192 2.000000000 2
812 800 3 8192 2.000000000 2
812 804 3 8192 2.000000000 2
812 856 3 8192 2.000000000 2
812 872 3 8192 2.000000000 2
812 884 3 8192 2.000000000 2
812 908 3 8192 2.000000000 2
812 940 3 8192 2.000000000 2
812 976 3 8192 2.000000000 2
812 980 3 8192 2.000000000 2
812 1008 3 8192 2.000000000 2
812 1016 3 8192 2.000000000 2
812 1024 3 8192 2.000000000 2
812 1052 3 8192 2.000000000 2
812 1068 3 8192 2.000000000 2
812 1072 3 8192 2.000000000 2
812 1084 3 8192 2.000000000 2
812 1088 3 8192 2.000000000 2
812 1096 3 8192 2.000000000 2
812 1104 3 8192 2.000000000 2
812 1164 3 8192 2.000000000 2
812 1212 3 8192 2.000000000 2
812 1236 3 8192 2.000000000 2
812 1252 3 8192 2.000000000 2
812 1272 3 8192 2.000000000 2
816 0 3 8192 2.000000000 2
816 4 3 8192 2.000000000 2
816 16 3 8192 2.000000000 2
816 72 3 8192 2.000000000 2
816 128 3 8192 2.000000000 2
816 160 3 8192 2.000000000 2
816 208 3 8192 2.000000000 2
816 240 3 8192 2.000000000 2
816 244 3 8192 2.000000000 2
816 268 3 8192 2.000000000 2
816 276 3 8192 2.000000000 2
816 288 3 8192 2.000000000 2
816 308 3 8192 2.000000000 2
816 336 3 8192 2.000000000 2
816 356 3 8192 2.000000000 2
816 412 3 8192 2.000000000 2
816 416 3 8192 2.000000000 2
816 452 3 8192 2.000000000 2
816 468 3 8192 2.000000000 2
816 472 3 8192 2.000000000 2
816 492 3 8192 2.000000000 2
816 496 3 8192 2.000000000 2
816 500 3 8192 2.000000000 2
816 508 3 8192 2.000000000 2
816 532 3 8192 2.000000000 2
816 548 3 8192 2.000000000 2
816 560 3 8192 2.000000000 2
816 580 3 8192 2.000000000 2
816 588 3 8192 2.000000000 2
816 596 3 8192 2.000000000 2
816 612 3 8192 2.000000000 2
816 620 3 8192 2.000000000 2
816 624 3 8192 2.000000000 2
816 656 3 8192 2.000000000 2
816 668 3 8192 2.000000000 2
816 676 3 8192 2.000000000 2
816 680 3 8192 2.000000000 2
816 692 3 8192 2.000000000 2
816 720 3 8192 2.000000000 2
816 724 3 8192 2.000000000 2
816 736 3 8192 2.000000000 2
816 784 3 8192 2.000000000 2
816 800 3 8192 2.000000000 2
816 812 3 8192 2.000000000 2
816 844 3 8192 2.000000000 2
816 864 3 8192 2.000000000 2
816 896 3 8192 2.000000000 2
816 908 3 8192 2.000000000 2
816 916 3 8192 2.000000000 2
816 940 3 8192 2.000000000 2
816 956 3 8192 2.000000000 2
816 964 3 8192 2.000000000 2
816 1020 3 8192 2.000000000 2
816 1032 3 8192 2.000000000 2
816 1036 3 8192 2.000000000 2
816 1040 3 8192 2.000000000 2
816 1048 3 8192 2.000000000 2
816 1080 3 8192 2.000000000 2
816 1084 3 8192 2.000000000 2
816 1092 3 8192 2.000000000 2
816 1164 3 8192 2.000000000 2
816 1176 3 8192 2.000000000 2
816 1224 3 8192 2.000000000 2
816 1268 3 8192 2.000000000 2
828 0 3 8192 2.000000000 2
828 36 3 8192 2.000000000 2
828 64 3 8192 2.000000000 2
828 76 3 8192 2.000000000 2
828 108 3 8192 2.000000000 2
828 128 3 8192 2.000000000 2
828 132 3 8192 2.000000000 2
828 136 3 8192 2.000000000 2
828 164 3 8192 2.000000000 2
828 196 3 8192 2.000000000 2
828 208 3 8192 2.000000000 2
828 240 3 8192 2.000000000 2
828 260 3 8192 2.000000000 2
828 272 3 8192 2.000000000 2
828 308 3 8192 2.000000000 2
828 324 3 8192 2.000000000 2
828 372 3 8192 2.000000000 2
828 396 3 8192 2.000000000 2
828 432 3 8192 2.000000000 2
828 440 3 8192 2.000000000 2
828 456 3 8192 2.000000000 2
828 496 3 8192 2.000000000 2
828 508 3 8192 2.000000000 2
828 560 3 8192 2.000000000 2
828 564 3 8192 2.000000000 2
828 568 3 8192 2.000000000 2
828 588 3 8192 2.000000000 2
828 596 3 8192 2.000000000 2
828 616 3 8192 2.000000000 2
828 624 3 8192 2.000000000 2
828 636 3 8192 2.000000000 2
828 660 3 8192 2.000000000 2
828 664 3 8192 2.000000000 2
828 672 3 8192 2.000000000 2
828 692 3 8192 2.000000000 2
828 708 3 8192 2.000000000 2
828 736 3 8192 2.000000000 2
828 744 3 8192 2.000000000 2
828 760 3 8192 2.000000000 2
828 780 3 8192 2.000000000 2
828 788 3 8192 2.000000000 2
828 796 3 8192 2.000000000 2
828 812 3 8192 2.000000000 2
828 884 3 8192 2.000000000 2
828 908 3 8192 2.000000000 2
828 952 3 8192 2.000000000 2
828 976 3 8192 2.000000000 2
828 980 3 8192 2.000000000 2
828 996 3 8192 2.000000000 2
828 1016 3 8192 2.000000000 2
828 1036 3 8192 2.000000000 2
828 1044 3 8192 2.000000000 2
828 1068 3 8192 2.000000000 2
828 1076 3 8192 2.000000000 2
828 1088 3 8192 2.000000000 2
828 1096 3 8192 2.000000000 2
828 1104 3 8192 2.000000000 2
828 1148 3 8192 2.000000000 2
828 1164 3 8192 2.000000000 2
828 1176 3 8192 2.000000000 2
828 1192 3 8192 2.000000000 2
828 1220 3 8192 2.000000000 2
828 1244 3 8192 2.000000000 2
828 1256 3 8192 2.000000000 2
836 16 3 8192 2.000000000 2
836 60 3 8192 2.000000000 2
836 72 3 8192 2.000000000 2
836 92 3 8192 2.000000000 2
836 128 3 8192 2.000000000 2
836 136 3 8192 2.000000000 2
836 160 3 8192 2.000000000 2
836 164 3 8192 2.000000000 2
836 172 3 8192 2.000000000 2
836 196 3 8192 2.000000000 2
836 200 3 8192 2.000000000 2
836 204 3 8192 2.000000000 2
836 224 3 8192 2.000000000 2
836 240 3 8192 2.000000000 2
836 260 3 8192 2.000000000 2
836 264 3 8192 2.000000000 2
836 272 3 8192 2.000000000 2
836 292 3 8192 2.000000000 2
836 296 3 8192 2.000000000 2
836 308 3 8192 2.000000000 2
836 348 3 8192 2.000000000 2
836 360 3 8192 2.000000000 2
836 368 3 8192 2.000000000 2
836 372 3 8192 2.000000000 2
836 428 3 8192 2.000000000 2
836 452 3 8192 2.000000000 2
836 460 3 8192 2.000000000 2
836 468 3 8192 2.000000000 2
836 488 3 8192 2.000000000 2
836 520 3 8192 2.000000000 2
836 564 3 8192 2.000000000 2
836 592 3 8192 2.000000000 2
836 604 3 8192 2.000000000 2
836 616 3 8192 2.000000000 2
836 620 3 8192 2.000000000 2
836 640 3 8192 2.000000000 2
836 688 3 8192 2.000000000 2
836 744 3 8192 2.000000000 2
836 748 3 8192 2.000000000 2
836 792 3 8192 2.000000000 2
836 852 3 8192 2.000000000 2
836 860 3 8192 2.000000000 2
836 896 3 8192 2.000000000 2
836 900 3 8192 2.000000000 2
836 964 3 8192 2.000000000 2
836 968 3 8192 2.000000000 2
836 976 3 8192 2.000000000 2
836 992 3 8192 2.000000000 2
836 996 3 8192 2.000000000 2
836 1004 3 8192 2.000000000 2
836 1016 3 8192 2.000000000 2
836 1044 3 8192 2.000000000 2
836 1048 3 8192 2.000000000 2
836 1076 3 8192 2.000000000 2
836 1080 3 8192 2.000000000 2
836 1092 3 8192 2.000000000 2
836 1104 3 8192 2.000000000 2
836 1128 3 8192 2.000000000 2
836 1140 3 8192 2.000000000 2
836 1144 3 8192 2.000000000 2
836 1176 3 8192 2.000000000 2
836 1196 3 8192 2.000000000 2
836 1220 3 8192 2.000000000 2
836 1228 3 8192 2.000000000 2
840 12 3 8192 2.000000000 2
840 56 3 8192 2.000000000 2
840 60 3 8192 2.000000000 2
840 64 3 8192 2.000000000 2
840 100 3 8192 2.000000000 2
840 112 3 8192 2.000000000 2
840 116 3 8192 2.000000000 2
840 148 3 8192 2.000000000 2
840 156 3 8192 2.000000000 2
840 196 3 8192 2.000000000 2
840 200 3 8192 2.000000000 2
840 204 3 8192 2.000000000 2
840 240 3 8192 2.000000000 2
840 276 3 8192 2.000000000 2
840 280 3 8192 2.000000000 2
840 284 3 8192 2.000000000 2
840 320 3 8192 2.000000000 2
840 356 3 8192 2.000000000 2
840 376 3 8192 2.000000000 2
840 380 3 8192 2.000000000 2
840 396 3 8192 2.000000000 2
840 400 3 8192 2.000000000 2
840 412 3 8192 2.000000000 2
840 420 3 8192 2.000000000 2
840 432 3 8192 2.000000000 2
840 532 3 8192 2.000000000 2
840 540 3 8192 2.000000000 2
840 556 3 8192 2.000000000 2
840 628 3 8192 2.000000000 2
840 656 3 8192 2.000000000 2
840 668 3 8192 2.000000000 2
840 672 3 8192 2.000000000 2
840 680 3 8192 2.000000000 2
840 688 3 8192 2.000000000 2
840 692 3 8192 2.000000000 2
840 708 3 8192 2.000000000 2
840 712 3 8192 2.000000000 2
840 744 3 8192 2.000000000 2
840 748 3 8192 2.000000000 2
840 764 3 8192 2.000000000 2
840 780 3 8192 2.000000000 2
840 792 3 8192 2.000000000 2
840 796 3 8192 2.000000000 2
840 812 3 8192 2.000000000 2
840 836 3 8192 2.000000000 2
840 852 3 8192 2.000000000 2
840 880 3 8192 2.000000000 2
840 904 3 8192 2.000000000 2
840 988 3 8192 2.000000000 2
840 1000 3 8192 2.000000000 2
840 1016 3 8192 2.000000000 2
840 1028 3 8192 2.000000000 2
840 1068 3 8192 2.000000000 2
840 1072 3 8192 2.000000000 2
840 1092 3 8192 2.000000000 2
840 1096 3 8192 2.000000000 2
840 1108 3 8192 2.000000000 2
840 1192 3 8192 2.000000000 2
840 1196 3 8192 2.000000000 2
840 1204 3 8192 2.000000000 2
840 1212 3 8192 2.000000000 2
840 1224 3 8192 2.000000000 2
840 1252 3 8192 2.000000000 2
840 1256 3 8192 2.000000000 2
844 4 3 8192 2.000000000 2
844 12 3 8192 2.000000000 2
844 36 3 8192 2.000000000 2
844 52 3 8192 2.000000000 2
844 60 3 8192 2.000000000 2
844 100 3 8192 2.000000000 2
844 108 3 8192 2.000000000 2
844 124 3 8192 2.000000000 2
844 128 3 8192 2.000000000 2
844 136 3 8192 2.000000000 2
844 148 3 8192 2.000000000 2
844 156 3 8192 2.000000000 2
844 192 3 8192 2.000000000 2
844 260 3 8192 2.000000000 2
844 280 3 8192 2.000000000 2
844 296 3 8192 2.000000000 2
844 316 3 8192 2.000000000 2
844 328 3 8192 2.000000000 2
844 336 3 8192 2.000000000 2
844 340 3 8192 2.000000000 2
844 348 3 8192 2.000000000 2
844 356 3 8192 2.000000000 2
844 360 3 8192 2.000000000 2
844 380 3 8192 2.000000000 2
844 388 3 8192 2.000000000 2
844 444 3 8192 2.000000000 2
844 448 3 8192 2.000000000 2
844 472 3 8192 2.000000000 2
844 488 3 8192 2.000000000 2
844 496 3 8192 2.000000000 2
844 516 3 8192 2.000000000 2
844 556 3 8192 2.000000000 2
844 588 3 8192 2.000000000 2
844 596 3 8192 2.000000000 2
844 616 3 8192 2.000000000 2
844 636 3 8192 2.000000000 2
844 732 3 8192 2.000000000 2
844 748 3 8192 2.000000000 2
844 764 3 8192 2.000000000 2
844 792 3 8192 2.000000000 2
844 840 3 8192 2.000000000 2
844 848 3 8192 2.000000000 2
844 852 3 8192 2.000000000 2
844 888 3 8192 2.000000000 2
844 900 3 8192 2.000000000 2
844 948 3 8192 2.000000000 2
844 956 3 8192 2.000000000 2
844 976 3 8192 2.000000000 2
844 980 3 8192 2.000000000 2
844 996 3 8192 2.000000000 2
844 1004 3 8192 2.000000000 2
844 1020 3 8192 2.000000000 2
844 1028 3 8192 2.000000000 2
844 1052 3 8192 2.000000000 2
844 1056 3 8192 2.000000000 2
844 1072 3 8192 2.000000000 2
844 1084 3 8192 2.000000000 2
844 1088 3 8192 2.000000000 2
844 1100 3 8192 2.000000000 2
844 1176 3 8192 2.000000000 2
844 1192 3 8192 2.000000000 2
844 1204 3 8192 2.000000000 2
844 1252 3 8192 2.000000000 2
844 1272 3 8192 2.000000000 2
848 0 3 8192 2.000000000 2
848 4 3 8192 2.000000000 2
848 16 3 8192 2.000000000 2
848 20 3 8192 2.000000000 2
848 36 3 8192 2.000000000 2
848 52 3 8192 2.000000000 2
848 56 3 8192 2.000000000 2
848 64 3 8192 2.000000000 2
848 100 3 8192 2.000000000 2
848 112 3 8192 2.000000000 2
848 152 3 8192 2.000000000 2
848 244 3 8192 2.000000000 2
848 276 3 8192 2.000000000 2
848 284 3 8192 2.000000000 2
848 328 3 8192 2.000000000 2
848 348 3 8192 2.000000000 2
848 356 3 8192 2.000000000 2
848 360 3 8192 2.000000000 2
848 376 3 8192 2.000000000 2
848 388 3 8192 2.000000000 2
848 436 3 8192 2.000000000 2
848 448 3 8192 2.000000000 2
848 488 3 8192 2.000000000 2
848 504 3 8192 2.000000000 2
848 520 3 8192 2.000000000 2
848 532 3 8192 2.000000000 2
848 536 3 8192 2.000000000 2
848 540 3 8192 2.000000000 2
848 592 3 8192 2.000000000 2
848 608 3 8192 2.000000000 2
848 620 3 8192 2.000000000 2
848 632 3 8192 2.000000000 2
848 640 3 8192 2.000000000 2
848 656 3 8192 2.000000000 2
848 664 3 8192 2.000000000 2
848 668 3 8192 2.000000000 2
848 680 3 8192 2.000000000 2
848 692 3 8192 2.000000000 2
848 720 3 8192 2.000000000 2
848 732 3 8192 2.000000000 2
848 764 3 8192 2.000000000 2
848 768 3 8192 2.000000000 2
848 784 3 8192 2.000000000 2
848 812 3 8192 2.000000000 2
848 816 3 8192 2.000000000 2
848 828 3 8192 2.000000000 2
848 836 3 8192 2.000000000 2
848 840 3 8192 2.000000000 2
848 852 3 8192 2.000000000 2
848 892 3 8192 2.000000000 2
848 912 3 8192 2.000000000 2
848 916 3 8192 2.000000000 2
848 956 3 8192 2.000000000 2
848 960 3 8192 2.000000000 2
848 972 3 8192 2.000000000 2
848 988 3 8192 2.000000000 2
848 1028 3 8192 2.000000000 2
848 1060 3 8192 2.000000000 2
848 1068 3 8192 2.000000000 2
848 1140 3 8192 2.000000000 2
848 1156 3 8192 2.000000000 2
848 1184 3 8192 2.000000000 2
848 1212 3 8192 2.000000000 2
848 1216 3 8192 2.000000000 2
852 4 3 8192 2.000000000 2
852 8 3 8192 2.000000000 2
852 36 3 8192 2.000000000 2
852 40 3 8192 2.000000000 2
852 56 3 8192 2.000000000 2
852 64 3 8192 2.000000000 2
852 68 3 8192 2.000000000 2
852 108 3 8192 2.000000000 2
852 148 3 8192 2.000000000 2
852 160 3 8192 2.000000000 2
852 216 3 8192 2.000000000 2
852 240 3 8192 2.000000000 2
852 268 3 8192 2.000000000 2
852 276 3 8192 2.000000000 2
852 280 3 8192 2.000000000 2
852 284 3 8192 2.000000000 2
852 288 3 8192 2.000000000 2
852 304 3 8192 2.000000000 2
852 308 3 8192 2.000000000 2
852 352 3 8192 2.000000000 2
852 384 3 8192 2.000000000 2
852 420 3 8192 2.000000000 2
852 424 3 8192 2.000000000 2
852 432 3 8192 2.000000000 2
852 436 3 8192 2.000000000 2
852 456 3 8192 2.000000000 2
852 476 3 8192 2.000000000 2
852 548 3 8192 2.000000000 2
852 564 3 8192 2.000000000 2
852 592 3 8192 2.000000000 2
852 616 3 8192 2.000000000 2
852 620 3 8192 2.000000000 2
852 624 3 8192 2.000000000 2
852 632 3 8192 2.000000000 2
852 652 3 8192 2.000000000 2
852 668 3 8192 2.000000000 2
852 684 3 8192 2.000000000 2
852 708 3 8192 2.000000000 2
852 740 3 8192 2.000000000 2
852 772 3 8192 2.000000000 2
852 796 3 8192 2.000000000 2
852 812 3 8192 2.000000000 2
852 844 3 8192 2.000000000 2
852 884 3 8192 2.000000000 2
852 888 3 8192 2.000000000 2
852 912 3 8192 2.000000000 2
852 952 3 8192 2.000000000 2
852 996 3 8192 2.000000000 2
852 1004 3 8192 2.000000000 2
852 1016 3 8192 2.000000000 2
852 1052 3 8192 2.000000000 2
852 1056 3 8192 2.000000000 2
852 1060 3 8192 2.000000000 2
852 1076 3 8192 2.000000000 2
852 1088 3 8192 2.000000000 2
852 1104 3 8192 2.000000000 2
852 1144 3 8192 2.000000000 2
852 1160 3 8192 2.000000000 2
852 1184 3 8192 2.000000000 2
852 1204 3 8192 2.000000000 2
852 1208 3 8192 2.000000000 2
852 1216 3 8192 2.000000000 2
852 1244 3 8192 2.000000000 2
852 1260 3 8192 2.000000000 2
856 16 3 8192 2.000000000 2
856 32 3 8192 2.000000000 2
856 48 3 8192 2.000000000 2
856 56 3 8192 2.000000000 2
856 60 3 8192 2.000000000 2
856 152 3 8192 2.000000000 2
856 176 3 8192 2.000000000 2
856 212 3 8192 2.000000000 2
856 216 3 8192 2.000000000 2
856 276 3 8192 2.000000000 2
856 288 3 8192 2.000000000 2
856 308 3 8192 2.000000000 2
856 320 3 8192 2.000000000 2
856 348 3 8192 2.000000000 2
856 356 3 8192 2.000000000 2
856 388 3 8192 2.000000000 2
856 400 3 8192 2.000000000 2
856 416 3 8192 2.000000000 2
856 452 3 8192 2.000000000 2
856 468 3 8192 2.000000000 2
856 476 3 8192 2.000000000 2
856 492 3 8192 2.000000000 2
856 508 3 8192 2.000000000 2
856 532 3 8192 2.000000000 2
856 536 3 8192 2.000000000 2
856 540 3 8192 2.000000000 2
856 544 3 8192 2.000000000 2
856 552 3 8192 2.000000000 2
856 580 3 8192 2.000000000 2
856 592 3 8192 2.000000000 2
856 604 3 8192 2.000000000 2
856 612 3 8192 2.000000000 2
856 652 3 8192 2.000000000 2
856 656 3 8192 2.000000000 2
856 672 3 8192 2.000000000 2
856 712 3 8192 2.000000000 2
856 732 3 8192 2.000000000 2
856 780 3 8192 2.000000000 2
856 800 3 8192 2.000000000 2
856 812 3 8192 2.000000000 2
856 844 3 8192 2.000000000 2
856 860 3 8192 2.000000000 2
856 872 3 8192 2.000000000 2
856 888 3 8192 2.000000000 2
856 904 3 8192 2.000000000 2
856 964 3 8192 2.000000000 2
856 968 3 8192 2.000000000 2
856 1004 3 8192 2.000000000 2
856 1008 3 8192 2.000000000 2
856 1012 3 8192 2.000000000 2
856 1020 3 8192 2.000000000 2
856 1036 3 8192 2.000000000 2
856 1044 3 8192 2.000000000 2
856 1068 3 8192 2.000000000 2
856 1084 3 8192 2.000000000 2
856 1096 3 8192 2.000000000 2
856 1112 3 8192 2.000000000 2
856 1160 3 8192 2.000000000 2
856 1164 3 8192 2.000000000 2
856 1184 3 8192 2.000000000 2
856 1196 3 8192 2.000000000 2
856 1212 3 8192 2.000000000 2
856 1224 3 8192 2.000000000 2
856 1244 3 8192 2.000000000 2
860 12 3 8192 2.000000000 2
860 16 3 8192 2.000000000 2
860 48 3 8192 2.000000000 2
860 60 3 8192 2.000000000 2
860 92 3 8192 2.000000000 2
860 112 3 8192 2.000000000 2
860 116 3 8192 2.000000000 2
860 120 3 8192 2.000000000 2
860 164 3 8192 2.000000000 2
860 192 3 8192 2.000000000 2
860 240 3 8192 2.000000000 2
860 244 3 8192 2.000000000 2
860 264 3 8192 2.000000000 2
860 336 3 8192 2.000000000 2
860 340 3 8192 2.000000000 2
860 368 3 8192 2.000000000 2
860 380 3 8192 2.000000000 2
860 388 3 8192 2.000000000 2
860 392 3 8192 2.000000000 2
860 396 3 8192 2.000000000 2
860 444 3 8192 2.000000000 2
860 448 3 8192 2.000000000 2
860 460 3 8192 2.000000000 2
860 488 3 8192 2.000000000 2
860 504 3 8192 2.000000000 2
860 520 3 8192 2.000000000 2
860 536 3 8192 2.000000000 2
860 548 3 8192 2.000000000 2
860 592 3 8192 2.000000000 2
860 600 3 8192 2.000000000 2
860 636 3 8192 2.000000000 2
860 640 3 8192 2.000000000 2
860 652 3 8192 2.000000000 2
860 656 3 8192 2.000000000 2
860 668 3 8192 2.000000000 2
860 720 3 8192 2.000000000 2
860 744 3 8192 2.000000000 2
860 752 3 8192 2.000000000 2
860 764 3 8192 2.000000000 2
860 772 3 8192 2.000000000 2
860 780 3 8192 2.000000000 2
860 812 3 8192 2.000000000 2
860 816 3 8192 2.000000000 2
860 848 3 8192 2.000000000 2
860 856 3 8192 2.000000000 2
860 864 3 8192 2.000000000 2
860 904 3 8192 2.000000000 2
860 948 3 8192 2.000000000 2
860 952 3 8192 2.000000000 2
860 960 3 8192 2.000000000 2
860 968 3 8192 2.000000000 2
860 988 3 8192 2.000000000 2
860 1012 3 8192 2.000000000 2
860 1016 3 8192 2.000000000 2
860 1040 3 8192 2.000000000 2
860 1056 3 8192 2.000000000 2
860 1068 3 8192 2.000000000 2
860 1080 3 8192 2.000000000 2
860 1084 3 8192 2.000000000 2
860 1092 3 8192 2.000000000 2
860 1164 3 8192 2.000000000 2
860 1208 3 8192 2.000000000 2
860 1264 3 8192 2.000000000 2
860 1268 3 8192 2.000000000 2
864 16 3 8192 2.000000000 2
864 28 3 8192 2.000000000 2
864 32 3 8192 2.000000000 2
864 52 3 8192 2.000000000 2
864 124 3 8192 2.000000000 2
864 164 3 8192 2.000000000 2
864 176 3 8192 2.000000000 2
864 180 3 8192 2.000000000 2
864 196 3 8192 2.000000000 2
864 200 3 8192 2.000000000 2
864 260 3 8192 2.000000000 2
864 288 3 8192 2.000000000 2
864 304 3 8192 2.000000000 2
864 312 3 8192 2.000000000 2
864 320 3 8192 2.000000000 2
864 324 3 8192 2.000000000 2
864 340 3 8192 2.000000000 2
864 348 3 8192 2.000000000 2
864 352 3 8192 2.000000000 2
864 360 3 8192 2.000000000 2
864 380 3 8192 2.000000000 2
864 388 3 8192 2.000000000 2
864 412 3 8192 2.000000000 2
864 500 3 8192 2.000000000 2
864 516 3 8192 2.000000000 2
864 540 3 8192 2.000000000 2
864 552 3 8192 2.000000000 2
864 560 3 8192 2.000000000 2
864 568 3 8192 2.000000000 2
864 592 3 8192 2.000000000 2
864 600 3 8192 2.000000000 2
864 604 3 8192 2.000000000 2
864 612 3 8192 2.000000000 2
864 664 3 8192 2.000000000 2
864 692 3 8192 2.000000000 2
864 724 3 8192 2.000000000 2
864 736 3 8192 2.000000000 2
864 764 3 8192 2.000000000 2
864 768 3 8192 2.000000000 2
864 788 3 8192 2.000000000 2
864 796 3 8192 2.000000000 2
864 800 3 8192 2.000000000 2
864 828 3 8192 2.000000000 2
864 844 3 8192 2.000000000 2
864 872 3 8192 2.000000000 2
864 960 3 8192 2.000000000 2
864 964 3 8192 2.000000000 2
864 976 3 8192 2.000000000 2
864 992 3 8192 2.000000000 2
864 1012 3 8192 2.000000000 2
864 1020 3 8192 2.000000000 2
864 1024 3 8192 2.000000000 2
864 1028 3 8192 2.000000000 2
864 1056 3 8192 2.000000000 2
864 1060 3 8192 2.000000000 2
864 1068 3 8192 2.000000000 2
864 1128 3 8192 2.000000000 2
864 1140 3 8192 2.000000000 2
864 1144 3 8192 2.000000000 2
864 1176 3 8192 2.000000000 2
864 1180 3 8192 2.000000000 2
864 1192 3 8192 2.000000000 2
864 1196 3 8192 2.000000000 2
864 1228 3 8192 2.000000000 2
872 8 3 8192 2.000000000 2
872 48 3 8192 2.000000000 2
872 52 3 8192 2.000000000 2
872 60 3 8192 2.000000000 2
872 68 3 8192 2.000000000 2
872 96 3 8192 2.000000000 2
872 100 3 8192 2.000000000 2
872 108 3 8192 2.000000000 2
872 112 3 8192 2.000000000 2
872 124 3 8192 2.000000000 2
872 196 3 8192 2.000000000 2
872 208 3 8192 2.000000000 2
872 244 3 8192 2.000000000 2
872 276 3 8192 2.000000000 2
872 288 3 8192 2.000000000 2
872 296 3 8192 2.000000000 2
872 304 3 8192 2.000000000 2
872 324 3 8192 2.000000000 2
872 348 3 8192 2.000000000 2
872 380 3 8192 2.000000000 2
872 384 3 8192 2.000000000 2
872 392 3 8192 2.000000000 2
872 420 3 8192 2.000000000 2
872 428 3 8192 2.000000000 2
872 444 3 8192 2.000000000 2
872 456 3 8192 2.000000000 2
872 476 3 8192 2.000000000 2
872 568 3 8192 2.000000000 2
872 580 3 8192 2.000000000 2
872 624 3 8192 2.000000000 2
872 628 3 8192 2.000000000 2
872 652 3 8192 2.000000000 2
872 656 3 8192 2.000000000 2
872 660 3 8192 2.000000000 2
872 684 3 8192 2.000000000 2
872 736 3 8192 2.000000000 2
872 748 3 8192 2.000000000 2
872 752 3 8192 2.000000000 2
872 788 3 8192 2.000000000 2
872 804 3 8192 2.000000000 2
872 836 3 8192 2.000000000 2
872 892 3 8192 2.000000000 2
872 904 3 8192 2.000000000 2
872 908 3 8192 2.000000000 2
872 940 3 8192 2.000000000 2
872 956 3 8192 2.000000000 2
872 976 3 8192 2.000000000 2
872 992 3 8192 2.000000000 2
872 1008 3 8192 2.000000000 2
872 1020 3 8192 2.000000000 2
872 1048 3 8192 2.000000000 2
872 1068 3 8192 2.000000000 2
872 1072 3 8192 2.000000000 2
872 1084 3 8192 2.000000000 2
872 1100 3 8192 2.000000000 2
872 1148 3 8192 2.000000000 2
872 1176 3 8192 2.000000000 2
872 1208 3 8192 2.000000000 2
872 1228 3 8192 2.000000000 2
872 1244 3 8192 2.000000000 2
872 1256 3 8192 2.000000000 2
872 1268 3 8192 2.000000000 2
872 1272 3 8192 2.000000000 2
872 1276 3 8192 2.000000000 2
880 4 3 8192 2.000000000 2
880 8 3 8192 2.000000000 2
880 24 3 8192 2.000000000 2
880 28 3 8192 2.000000000 2
880 64 3 8192 2.000000000 2
880 92 3 8192 2.000000000 2
880 96 3 8192 2.000000000 2
880 152 3 8192 2.000000000 2
880 160 3 8192 2.000000000 2
880 180 3 8192 2.000000000 2
880 196 3 8192 2.000000000 2
880 208 3 8192 2.000000000 2
880 216 3 8192 2.000000000 2
880 276 3 8192 2.000000000 2
880 284 3 8192 2.000000000 2
880 312 3 8192 2.000000000 2
880 320 3 8192 2.000000000 2
880 328 3 8192 2.000000000 2
880 336 3 8192 2.000000000 2
880 348 3 8192 2.000000000 2
880 352 3 8192 2.000000000 2
880 356 3 8192 2.000000000 2
880 396 3 8192 2.000000000 2
880 400 3 8192 2.000000000 2
880 440 3 8192 2.000000000 2
880 452 3 8192 2.000000000 2
880 456 3 8192 2.000000000 2
880 468 3 8192 2.000000000 2
880 472 3 8192 2.000000000 2
880 488 3 8192 2.000000000 2
880 516 3 8192 2.000000000 2
880 532 3 8192 2.000000000 2
880 580 3 8192 2.000000000 2
880 604 3 8192 2.000000000 2
880 608 3 8192 2.000000000 2
880 616 3 8192 2.000000000 2
880 624 3 8192 2.000000000 2
880 640 3 8192 2.000000000 2
880 668 3 8192 2.000000000 2
880 684 3 8192 2.000000000 2
880 720 3 8192 2.000000000 2
880 724 3 8192 2.000000000 2
880 736 3 8192 2.000000000 2
880 744 3 8192 2.000000000 2
880 788 3 8192 2.000000000 2
880 828 3 8192 2.000000000 2
880 900 3 8192 2.000000000 2
880 916 3 8192 2.000000000 2
880 976 3 8192 2.000000000 2
880 980 3 8192 2.000000000 2
880 992 3 8192 2.000000000 2
880 1004 3 8192 2.000000000 2
880 1008 3 8192 2.000000000 2
880 1024 3 8192 2.000000000 2
880 1072 3 8192 2.000000000 2
880 1100 3 8192 2.000000000 2
880 1112 3 8192 2.000000000 2
880 1212 3 8192 2.000000000 2
880 1216 3 8192 2.000000000 2
880 1244 3 8192 2.000000000 2
880 1256 3 8192 2.000000000 2
880 1260 3 8192 2.000000000 2
880 1268 3 8192 2.000000000 2
880 1276 3 8192 2.000000000 2
884 20 3 8192 2.000000000 2
884 52 3 8192 2.000000000 2
884 56 3 8192 2.000000000 2
884 60 3 8192 2.000000000 2
884 96 3 8192 2.000000000 2
884 100 3 8192 2.000000000 2
884 116 3 8192 2.000000000 2
884 156 3 8192 2.000000000 2
884 164 3 8192 2.000000000 2
884 176 3 8192 2.000000000 2
884 180 3 8192 2.000000000 2
884 204 3 8192 2.000000000 2
884 216 3 8192 2.000000000 2
884 224 3 8192 2.000000000 2
884 244 3 8192 2.000000000 2
884 268 3 8192 2.000000000 2
884 272 3 8192 2.000000000 2
884 276 3 8192 2.000000000 2
884 284 3 8192 2.000000000 2
884 288 3 8192 2.000000000 2
884 376 3 8192 2.000000000 2
884 396 3 8192 2.000000000 2
884 420 3 8192 2.000000000 2
884 424 3 8192 2.000000000 2
884 440 3 8192 2.000000000 2
884 456 3 8192 2.000000000 2
884 468 3 8192 2.000000000 2
884 504 3 8192 2.000000000 2
884 540 3 8192 2.000000000 2
884 596 3 8192 2.000000000 2
884 632 3 8192 2.000000000 2
884 644 3 8192 2.000000000 2
884 692 3 8192 2.000000000 2
884 732 3 8192 2.000000000 2
884 780 3 8192 2.000000000 2
884 784 3 8192 2.000000000 2
884 788 3 8192 2.000000000 2
884 816 3 8192 2.000000000 2
884 840 3 8192 2.000000000 2
884 852 3 8192 2.000000000 2
884 860 3 8192 2.000000000 2
884 872 3 8192 2.000000000 2
884 892 3 8192 2.000000000 2
884 948 3 8192 2.000000000 2
884 956 3 8192 2.000000000 2
884 984 3 8192 2.000000000 2
884 992 3 8192 2.000000000 2
884 996 3 8192 2.000000000 2
884 1012 3 8192 2.000000000 2
884 1016 3 8192 2.000000000 2
884 1036 3 8192 2.000000000 2
884 1040 3 8192 2.000000000 2
884 1056 3 8192 2.000000000 2
884 1088 3 8192 2.000000000 2
884 1104 3 8192 2.000000000 2
884 1108 3 8192 2.000000000 2
884 1184 3 8192 2.000000000 2
884 1208 3 8192 2.000000000 2
884 1216 3 8192 2.000000000 2
884 1220 3 8192 2.000000000 2
884 1228 3 8192 2.000000000 2
884 1244 3 8192 2.000000000 2
884 1256 3 8192 2.000000000 2
884 1272 3 8192 2.000000000 2
888 0 3 8192 2.000000000 2
888 4 3 8192 2.000000000 2
888 12 3 8192 2.000000000 2
888 48 3 8192 2.000000000 2
888 52 3 8192 2.000000000 2
888 60 3 8192 2.000000000 2
888 92 3 8192 2.000000000 2
888 96 3 8192 2.000000000 2
888 124 3 8192 2.000000000 2
888 128 3 8192 2.000000000 2
888 172 3 8192 2.000000000 2
888 200 3 8192 2.000000000 2
888 208 3 8192 2.000000000 2
888 244 3 8192 2.000000000 2
888 256 3 8192 2.000000000 2
888 284 3 8192 2.000000000 2
888 304 3 8192 2.000000000 2
888 316 3 8192 2.000000000 2
888 324 3 8192 2.000000000 2
888 356 3 8192 2.000000000 2
888 360 3 8192 2.000000000 2
888 380 3 8192 2.000000000 2
888 388 3 8192 2.000000000 2
888 416 3 8192 2.000000000 2
888 428 3 8192 2.000000000 2
888 436 3 8192 2.000000000 2
888 500 3 8192 2.000000000 2
888 516 3 8192 2.000000000 2
888 552 3 8192 2.000000000 2
888 556 3 8192 2.000000000 2
888 588 3 8192 2.000000000 2
888 608 3 8192 2.000000000 2
888 612 3 8192 2.000000000 2
888 640 3 8192 2.000000000 2
888 668 3 8192 2.000000000 2
888 672 3 8192 2.000000000 2
888 708 3 8192 2.000000000 2
888 724 3 8192 2.000000000 2
888 760 3 8192 2.000000000 2
888 800 3 8192 2.000000000 2
888 848 3 8192 2.000000000 2
888 856 3 8192 2.000000000 2
888 872 3 8192 2.000000000 2
888 892 3 8192 2.000000000 2
888 900 3 8192 2.000000000 2
888 904 3 8192 2.000000000 2
888 916 3 8192 2.000000000 2
888 952 3 8192 2.000000000 2
888 984 3 8192 2.000000000 2
888 1004 3 8192 2.000000000 2
888 1020 3 8192 2.000000000 2
888 1032 3 8192 2.000000000 2
888 1036 3 8192 2.000000000 2
888 1048 3 8192 2.000000000 2
888 1080 3 8192 2.000000000 2
888 1112 3 8192 2.000000000 2
888 1140 3 8192 2.000000000 2
888 1164 3 8192 2.000000000 2
888 1176 3 8192 2.000000000 2
888 1184 3 8192 2.000000000 2
888 1196 3 8192 2.000000000 2
888 1204 3 8192 2.000000000 2
888 1216 3 8192 2.000000000 2
888 1264 3 8192 2.000000000 2
892 4 3 8192 2.000000000 2
892 8 3 8192 2.000000000 2
892 16 3 8192 2.000000000 2
892 20 3 8192 2.000000000 2
892 32 3 8192 2.000000000 2
892 48 3 8192 2.000000000 2
892 52 3 8192 2.000000000 2
892 60 3 8192 2.000000000 2
892 64 3 8192 2.000000000 2
892 72 3 8192 2.000000000 2
892 96 3 8192 2.000000000 2
892 108 3 8192 2.000000000 2
892 116 3 8192 2.000000000 2
892 148 3 8192 2.000000000 2
892 152 3 8192 2.000000000 2
892 176 3 8192 2.000000000 2
892 200 3 8192 2.000000000 2
892 264 3 8192 2.000000000 2
892 276 3 8192 2.000000000 2
892 284 3 8192 2.000000000 2
892 308 3 8192 2.000000000 2
892 336 3 8192 2.000000000 2
892 376 3 8192 2.000000000 2
892 400 3 8192 2.000000000 2
892 416 3 8192 2.000000000 2
892 420 3 8192 2.000000000 2
892 452 3 8192 2.000000000 2
892 460 3 8192 2.000000000 2
892 536 3 8192 2.000000000 2
892 552 3 8192 2.000000000 2
892 592 3 8192 2.000000000 2
892 624 3 8192 2.000000000 2
892 632 3 8192 2.000000000 2
892 644 3 8192 2.000000000 2
892 656 3 8192 2.000000000 2
892 668 3 8192 2.000000000 2
892 676 3 8192 2.000000000 2
892 684 3 8192 2.000000000 2
892 732 3 8192 2.000000000 2
892 816 3 8192 2.000000000 2
892 844 3 8192 2.000000000 2
892 852 3 8192 2.000000000 2
892 860 3 8192 2.000000000 2
892 872 3 8192 2.000000000 2
892 916 3 8192 2.000000000 2
892 952 3 8192 2.000000000 2
892 956 3 8192 2.000000000 2
892 968 3 8192 2.000000000 2
892 976 3 8192 2.000000000 2
892 988 3 8192 2.000000000 2
892 996 3 8192 2.000000000 2
892 1004 3 8192 2.000000000 2
892 1012 3 8192 2.000000000 2
892 1048 3 8192 2.000000000 2
892 1052 3 8192 2.000000000 2
892 1056 3 8192 2.000000000 2
892 1076 3 8192 2.000000000 2
892 1080 3 8192 2.000000000 2
892 1128 3 8192 2.000000000 2
892 1144 3 8192 2.000000000 2
892 1156 3 8192 2.000000000 2
892 1160 3 8192 2.000000000 2
892 1164 3 8192 2.000000000 2
892 1228 3 8192 2.000000000 2
896 0 3 8192 2.000000000 2
896 16 3 8192 2.000000000 2
896 20 3 8192 2.000000000 2
896 24 3 8192 2.000000000 2
896 28 3 8192 2.000000000 2
896 32 3 8192 2.000000000 2
896 36 3 8192 2.000000000 2
896 72 3 8192 2.000000000 2
896 148 3 8192 2.000000000 2
896 172 3 8192 2.000000000 2
896 268 3 8192 2.000000000 2
896 276 3 8192 2.000000000 2
896 280 3 8192 2.000000000 2
896 288 3 8192 2.000000000 2
896 292 3 8192 2.000000000 2
896 296 3 8192 2.000000000 2
896 336 3 8192 2.000000000 2
896 348 3 8192 2.000000000 2
896 356 3 8192 2.000000000 2
896 360 3 8192 2.000000000 2
896 372 3 8192 2.000000000 2
896 416 3 8192 2.000000000 2
896 420 3 8192 2.000000000 2
896 440 3 8192 2.000000000 2
896 488 3 8192 2.000000000 2
896 504 3 8192 2.000000000 2
896 556 3 8192 2.000000000 2
896 592 3 8192 2.000000000 2
896 596 3 8192 2.000000000 2
896 604 3 8192 2.000000000 2
896 632 3 8192 2.000000000 2
896 636 3 8192 2.000000000 2
896 656 3 8192 2.000000000 2
896 660 3 8192 2.000000000 2
896 668 3 8192 2.000000000 2
896 680 3 8192 2.000000000 2
896 708 3 8192 2.000000000 2
896 724 3 8192 2.000000000 2
896 748 3 8192 2.000000000 2
896 752 3 8192 2.000000000 2
896 760 3 8192 2.000000000 2
896 784 3 8192 2.000000000 2
896 800 3 8192 2.000000000 2
896 812 3 8192 2.000000000 2
896 828 3 8192 2.000000000 2
896 884 3 8192 2.000000000 2
896 888 3 8192 2.000000000 2
896 908 3 8192 2.000000000 2
896 952 3 8192 2.000000000 2
896 956 3 8192 2.000000000 2
896 960 3 8192 2.000000000 2
896 984 3 8192 2.000000000 2
896 1016 3 8192 2.000000000 2
896 1048 3 8192 2.000000000 2
896 1088 3 8192 2.000000000 2
896 1100 3 8192 2.000000000 2
896 1112 3 8192 2.000000000 2
896 1140 3 8192 2.000000000 2
896 1156 3 8192 2.000000000 2
896 1164 3 8192 2.000000000 2
896 1176 3 8192 2.000000000 2
896 1208 3 8192 2.000000000 2
896 1236 3 8192 2.000000000 2
896 1256 3 8192 2.000000000 2
900 0 3 8192 2.000000000 2
900 24 3 8192 2.000000000 2
900 56 3 8192 2.000000000 2
900 64 3 8192 2.000000000 2
900 68 3 8192 2.000000000 2
900 192 3 8192 2.000000000 2
900 196 3 8192 2.000000000 2
900 204 3 8192 2.000000000 2
900 264 3 8192 2.000000000 2
900 268 3 8192 2.000000000 2
900 272 3 8192 2.000000000 2
900 304 3 8192 2.000000000 2
900 308 3 8192 2.000000000 2
900 312 3 8192 2.000000000 2
900 316 3 8192 2.000000000 2
900 324 3 8192 2.000000000 2
900 328 3 8192 2.000000000 2
900 340 3 8192 2.000000000 2
900 372 3 8192 2.000000000 2
900 400 3 8192 2.000000000 2
900 468 3 8192 2.000000000 2
900 472 3 8192 2.000000000 2
900 504 3 8192 2.000000000 2
900 536 3 8192 2.000000000 2
900 604 3 8192 2.000000000 2
900 608 3 8192 2.000000000 2
900 612 3 8192 2.000000000 2
900 616 3 8192 2.000000000 2
900 624 3 8192 2.000000000 2
900 628 3 8192 2.000000000 2
900 656 3 8192 2.000000000 2
900 660 3 8192 2.000000000 2
900 664 3 8192 2.000000000 2
900 676 3 8192 2.000000000 2
900 688 3 8192 2.000000000 2
900 708 3 8192 2.000000000 2
900 736 3 8192 2.000000000 2
900 740 3 8192 2.000000000 2
900 748 3 8192 2.000000000 2
900 752 3 8192 2.000000000 2
900 764 3 8192 2.000000000 2
900 792 3 8192 2.000000000 2
900 816 3 8192 2.000000000 2
900 896 3 8192 2.000000000 2
900 912 3 8192 2.000000000 2
900 916 3 8192 2.000000000 2
900 948 3 8192 2.000000000 2
900 956 3 8192 2.000000000 2
900 960 3 8192 2.000000000 2
900 976 3 8192 2.000000000 2
900 984 3 8192 2.000000000 2
900 992 3 8192 2.000000000 2
900 996 3 8192 2.000000000 2
900 1032 3 8192 2.000000000 2
900 1036 3 8192 2.000000000 2
900 1052 3 8192 2.000000000 2
900 1076 3 8192 2.000000000 2
900 1088 3 8192 2.000000000 2
900 1156 3 8192 2.000000000 2
900 1160 3 8192 2.000000000 2
900 1176 3 8192 2.000000000 2
900 1180 3 8192 2.000000000 2
900 1208 3 8192 2.000000000 2
900 1220 3 8192 2.000000000 2
904 8 3 8192 2.000000000 2
904 16 3 8192 2.000000000 2
904 32 3 8192 2.000000000 2
904 48 3 8192 2.000000000 2
904 56 3 8192 2.000000000 2
904 92 3 8192 2.000000000 2
904 112 3 8192 2.000000000 2
904 124 3 8192 2.000000000 2
904 128 3 8192 2.000000000 2
904 132 3 8192 2.000000000 2
904 148 3 8192 2.000000000 2
904 152 3 8192 2.000000000 2
904 172 3 8192 2.000000000 2
904 196 3 8192 2.000000000 2
904 256 3 8192 2.000000000 2
904 268 3 8192 2.000000000 2
904 276 3 8192 2.000000000 2
904 304 3 8192 2.000000000 2
904 320 3 8192 2.000000000 2
904 324 3 8192 2.000000000 2
904 356 3 8192 2.000000000 2
904 360 3 8192 2.000000000 2
904 364 3 8192 2.000000000 2
904 376 3 8192 2.000000000 2
904 396 3 8192 2.000000000 2
904 420 3 8192 2.000000000 2
904 456 3 8192 2.000000000 2
904 488 3 8192 2.000000000 2
904 516 3 8192 2.000000000 2
904 520 3 8192 2.000000000 2
904 536 3 8192 2.000000000 2
904 548 3 8192 2.000000000 2
904 592 3 8192 2.000000000 2
904 596 3 8192 2.000000000 2
904 612 3 8192 2.000000000 2
904 620 3 8192 2.000000000 2
904 628 3 8192 2.000000000 2
904 632 3 8192 2.000000000 2
904 636 3 8192 2.000000000 2
904 652 3 8192 2.000000000 2
904 660 3 8192 2.000000000 2
904 664 3 8192 2.000000000 2
904 676 3 8192 2.000000000 2
904 740 3 8192 2.000000000 2
904 748 3 8192 2.000000000 2
904 784 3 8192 2.000000000 2
904 792 3 8192 2.000000000 2
904 800 3 8192 2.000000000 2
904 812 3 8192 2.000000000 2
904 856 3 8192 2.000000000 2
904 880 3 8192 2.000000000 2
904 908 3 8192 2.000000000 2
904 964 3 8192 2.000000000 2
904 992 3 8192 2.000000000 2
904 996 3 8192 2.000000000 2
904 1004 3 8192 2.000000000 2
904 1024 3 8192 2.000000000 2
904 1032 3 8192 2.000000000 2
904 1036 3 8192 2.000000000 2
904 1108 3 8192 2.000000000 2
904 1144 3 8192 2.000000000 2
904 1160 3 8192 2.000000000 2
904 1256 3 8192 2.000000000 2
904 1268 3 8192 2.000000000 2
908 8 3 8192 2.000000000 2
908 32 3 8192 2.000000000 2
908 72 3 8192 2.000000000 2
908 92 3 8192 2.000000000 2
908 128 3 8192 2.000000000 2
908 156 3 8192 2.000000000 2
908 192 3 8192 2.000000000 2
908 200 3 8192 2.000000000 2
908 204 3 8192 2.000000000 2
908 208 3 8192 2.000000000 2
908 216 3 8192 2.000000000 2
908 244 3 8192 2.000000000 2
908 272 3 8192 2.000000000 2
908 292 3 8192 2.000000000 2
908 328 3 8192 2.000000000 2
908 376 3 8192 2.000000000 2
908 380 3 8192 2.000000000 2
908 396 3 8192 2.000000000 2
908 420 3 8192 2.000000000 2
908 444 3 8192 2.000000000 2
908 452 3 8192 2.000000000 2
908 492 3 8192 2.000000000 2
908 496 3 8192 2.000000000 2
908 504 3 8192 2.000000000 2
908 508 3 8192 2.000000000 2
908 544 3 8192 2.000000000 2
908 548 3 8192 2.000000000 2
908 560 3 8192 2.000000000 2
908 564 3 8192 2.000000000 2
908 568 3 8192 2.000000000 2
908 588 3 8192 2.000000000 2
908 624 3 8192 2.000000000 2
908 676 3 8192 2.000000000 2
908 712 3 8192 2.000000000 2
908 772 3 8192 2.000000000 2
908 788 3 8192 2.000000000 2
908 796 3 8192 2.000000000 2
908 800 3 8192 2.000000000 2
908 804 3 8192 2.000000000 2
908 812 3 8192 2.000000000 2
908 844 3 8192 2.000000000 2
908 864 3 8192 2.000000000 2
908 892 3 8192 2.000000000 2
908 912 3 8192 2.000000000 2
908 964 3 8192 2.000000000 2
908 984 3 8192 2.000000000 2
908 992 3 8192 2.000000000 2
908 1000 3 8192 2.000000000 2
908 1024 3 8192 2.000000000 2
908 1028 3 8192 2.000000000 2
908 1036 3 8192 2.000000000 2
908 1040 3 8192 2.000000000 2
908 1044 3 8192 2.000000000 2
908 1060 3 8192 2.000000000 2
908 1076 3 8192 2.000000000 2
908 1080 3 8192 2.000000000 2
908 1104 3 8192 2.000000000 2
908 1112 3 8192 2.000000000 2
908 1140 3 8192 2.000000000 2
908 1156 3 8192 2.000000000 2
908 1180 3 8192 2.000000000 2
908 1224 3 8192 2.000000000 2
908 1244 3 8192 2.000000000 2
908 1272 3 8192 2.000000000 2
912 8 3 8192 2.000000000 2
912 36 3 8192 2.000000000 2
912 164 3 8192 2.000000000 2
912 180 3 8192 2.000000000 2
912 216 3 8192 2.000000000 2
912 244 3 8192 2.000000000 2
912 260 3 8192 2.000000000 2
912 264 3 8192 2.000000000 2
912 268 3 8192 2.000000000 2
912 276 3 8192 2.000000000 2
912 284 3 8192 2.000000000 2
912 292 3 8192 2.000000000 2
912 296 3 8192 2.000000000 2
912 328 3 8192 2.000000000 2
912 376 3 8192 2.000000000 2
912 384 3 8192 2.000000000 2
912 388 3 8192 2.000000000 2
912 396 3 8192 2.000000000 2
912 424 3 8192 2.000000000 2
912 436 3 8192 2.000000000 2
912 468 3 8192 2.000000000 2
912 472 3 8192 2.000000000 2
912 532 3 8192 2.000000000 2
912 564 3 8192 2.000000000 2
912 592 3 8192 2.000000000 2
912 612 3 8192 2.000000000 2
912 620 3 8192 2.000000000 2
912 632 3 8192 2.000000000 2
912 668 3 8192 2.000000000 2
912 680 3 8192 2.000000000 2
912 732 3 8192 2.000000000 2
912 740 3 8192 2.000000000 2
912 760 3 8192 2.000000000 2
912 768 3 8192 2.000000000 2
912 772 3 8192 2.000000000 2
912 780 3 8192 2.000000000 2
912 784 3 8192 2.000000000 2
912 788 3 8192 2.000000000 2
912 792 3 8192 2.000000000 2
912 804 3 8192 2.000000000 2
912 816 3 8192 2.000000000 2
912 860 3 8192 2.000000000 2
912 864 3 8192 2.000000000 2
912 880 3 8192 2.000000000 2
912 892 3 8192 2.000000000 2
912 904 3 8192 2.000000000 2
912 952 3 8192 2.000000000 2
912 960 3 8192 2.000000000 2
912 976 3 8192 2.000000000 2
912 984 3 8192 2.000000000 2
912 988 3 8192 2.000000000 2
912 1016 3 8192 2.000000000 2
912 1020 3 8192 2.000000000 2
912 1048 3 8192 2.000000000 2
912 1072 3 8192 2.000000000 2
912 1084 3 8192 2.000000000 2
912 1128 3 8192 2.000000000 2
912 1160 3 8192 2.000000000 2
912 1184 3 8192 2.000000000 2
912 1192 3 8192 2.000000000 2
912 1204 3 8192 2.000000000 2
912 1212 3 8192 2.000000000 2
912 1272 3 8192 2.000000000 2
912 1276 3 8192 2.000000000 2
916 0 3 8192 2.000000000 2
916 8 3 8192 2.000000000 2
916 20 3 8192 2.000000000 2
916 52 3 8192 2.000000000 2
916 92 3 8192 2.000000000 2
916 96 3 8192 2.000000000 2
916 116 3 8192 2.000000000 2
916 132 3 8192 2.000000000 2
916 136 3 8192 2.000000000 2
916 148 3 8192 2.000000000 2
916 160 3 8192 2.000000000 2
916 172 3 8192 2.000000000 2
916 176 3 8192 2.000000000 2
916 208 3 8192 2.000000000 2
916 216 3 8192 2.000000000 2
916 280 3 8192 2.000000000 2
916 284 3 8192 2.000000000 2
916 320 3 8192 2.000000000 2
916 356 3 8192 2.000000000 2
916 384 3 8192 2.000000000 2
916 396 3 8192 2.000000000 2
916 400 3 8192 2.000000000 2
916 412 3 8192 2.000000000 2
916 420 3 8192 2.000000000 2
916 424 3 8192 2.000000000 2
916 456 3 8192 2.000000000 2
916 476 3 8192 2.000000000 2
916 500 3 8192 2.000000000 2
916 516 3 8192 2.000000000 2
916 556 3 8192 2.000000000 2
916 580 3 8192 2.000000000 2
916 596 3 8192 2.000000000 2
916 608 3 8192 2.000000000 2
916 612 3 8192 2.000000000 2
916 616 3 8192 2.000000000 2
916 620 3 8192 2.000000000 2
916 640 3 8192 2.000000000 2
916 644 3 8192 2.000000000 2
916 660 3 8192 2.000000000 2
916 688 3 8192 2.000000000 2
916 784 3 8192 2.000000000 2
916 796 3 8192 2.000000000 2
916 816 3 8192 2.000000000 2
916 828 3 8192 2.000000000 2
916 896 3 8192 2.000000000 2
916 904 3 8192 2.000000000 2
916 952 3 8192 2.000000000 2
916 956 3 8192 2.000000000 2
916 972 3 8192 2.000000000 2
916 984 3 8192 2.000000000 2
916 996 3 8192 2.000000000 2
916 1032 3 8192 2.000000000 2
916 1044 3 8192 2.000000000 2
916 1076 3 8192 2.000000000 2
916 1092 3 8192 2.000000000 2
916 1104 3 8192 2.000000000 2
916 1112 3 8192 2.000000000 2
916 1164 3 8192 2.000000000 2
916 1176 3 8192 2.000000000 2
916 1180 3 8192 2.000000000 2
916 1184 3 8192 2.000000000 2
916 1196 3 8192 2.000000000 2
916 1212 3 8192 2.000000000 2
916 1228 3 8192 2.000000000 2
940 0 3 8192 2.000000000 2
940 16 3 8192 2.000000000 2
940 20 3 8192 2.000000000 2
940 24 3 8192 2.000000000 2
940 28 3 8192 2.000000000 2
940 32 3 8192 2.000000000 2
940 40 3 8192 2.000000000 2
940 60 3 8192 2.000000000 2
940 72 3 8192 2.000000000 2
940 76 3 8192 2.000000000 2
940 96 3 8192 2.000000000 2
940 116 3 8192 2.000000000 2
940 136 3 8192 2.000000000 2
940 148 3 8192 2.000000000 2
940 152 3 8192 2.000000000 2
940 160 3 8192 2.000000000 2
940 164 3 8192 2.000000000 2
940 192 3 8192 2.000000000 2
940 200 3 8192 2.000000000 2
940 208 3 8192 2.000000000 2
940 260 3 8192 2.000000000 2
940 276 3 8192 2.000000000 2
940 316 3 8192 2.000000000 2
940 340 3 8192 2.000000000 2
940 360 3 8192 2.000000000 2
940 364 3 8192 2.000000000 2
940 376 3 8192 2.000000000 2
940 384 3 8192 2.000000000 2
940 416 3 8192 2.000000000 2
940 440 3 8192 2.000000000 2
940 516 3 8192 2.000000000 2
940 520 3 8192 2.000000000 2
940 548 3 8192 2.000000000 2
940 556 3 8192 2.000000000 2
940 580 3 8192 2.000000000 2
940 592 3 8192 2.000000000 2
940 620 3 8192 2.000000000 2
940 624 3 8192 2.000000000 2
940 628 3 8192 2.000000000 2
940 632 3 8192 2.000000000 2
940 652 3 8192 2.000000000 2
940 656 3 8192 2.000000000 2
940 660 3 8192 2.000000000 2
940 668 3 8192 2.000000000 2
940 692 3 8192 2.000000000 2
940 780 3 8192 2.000000000 2
940 784 3 8192 2.000000000 2
940 792 3 8192 2.000000000 2
940 812 3 8192 2.000000000 2
940 816 3 8192 2.000000000 2
940 880 3 8192 2.000000000 2
940 888 3 8192 2.000000000 2
940 892 3 8192 2.000000000 2
940 904 3 8192 2.000000000 2
940 988 3 8192 2.000000000 2
940 1012 3 8192 2.000000000 2
940 1016 3 8192 2.000000000 2
940 1020 3 8192 2.000000000 2
940 1028 3 8192 2.000000000 2
940 1088 3 8192 2.000000000 2
940 1164 3 8192 2.000000000 2
940 1176 3 8192 2.000000000 2
940 1196 3 8192 2.000000000 2
940 1216 3 8192 2.000000000 2
948 4 3 8192 2.000000000 2
948 8 3 8192 2.000000000 2
948 12 3 8192 2.000000000 2
948 24 3 8192 2.000000000 2
948 48 3 8192 2.000000000 2
948 100 3 8192 2.000000000 2
948 112 3 8192 2.000000000 2
948 132 3 8192 2.000000000 2
948 164 3 8192 2.000000000 2
948 192 3 8192 2.000000000 2
948 196 3 8192 2.000000000 2
948 216 3 8192 2.000000000 2
948 224 3 8192 2.000000000 2
948 260 3 8192 2.000000000 2
948 264 3 8192 2.000000000 2
948 288 3 8192 2.000000000 2
948 312 3 8192 2.000000000 2
948 316 3 8192 2.000000000 2
948 328 3 8192 2.000000000 2
948 336 3 8192 2.000000000 2
948 360 3 8192 2.000000000 2
948 368 3 8192 2.000000000 2
948 396 3 8192 2.000000000 2
948 400 3 8192 2.000000000 2
948 448 3 8192 2.000000000 2
948 476 3 8192 2.000000000 2
948 492 3 8192 2.000000000 2
948 504 3 8192 2.000000000 2
948 532 3 8192 2.000000000 2
948 536 3 8192 2.000000000 2
948 544 3 8192 2.000000000 2
948 560 3 8192 2.000000000 2
948 596 3 8192 2.000000000 2
948 604 3 8192 2.000000000 2
948 608 3 8192 2.000000000 2
948 620 3 8192 2.000000000 2
948 656 3 8192 2.000000000 2
948 668 3 8192 2.000000000 2
948 684 3 8192 2.000000000 2
948 724 3 8192 2.000000000 2
948 744 3 8192 2.000000000 2
948 748 3 8192 2.000000000 2
948 852 3 8192 2.000000000 2
948 856 3 8192 2.000000000 2
948 880 3 8192 2.000000000 2
948 904 3 8192 2.000000000 2
948 912 3 8192 2.000000000 2
948 980 3 8192 2.000000000 2
948 1004 3 8192 2.000000000 2
948 1016 3 8192 2.000000000 2
948 1048 3 8192 2.000000000 2
948 1056 3 8192 2.000000000 2
948 1060 3 8192 2.000000000 2
948 1164 3 8192 2.000000000 2
948 1184 3 8192 2.000000000 2
948 1192 3 8192 2.000000000 2
948 1196 3 8192 2.000000000 2
948 1204 3 8192 2.000000000 2
948 1212 3 8192 2.000000000 2
948 1220 3 8192 2.000000000 2
948 1224 3 8192 2.000000000 2
948 1236 3 8192 2.000000000 2
948 1244 3 8192 2.000000000 2
948 1268 3 8192 2.000000000 2
952 8 3 8192 2.000000000 2
952 16 3 8192 2.000000000 2
952 56 3 8192 2.000000000 2
952 76 3 8192 2.000000000 2
952 112 3 8192 2.000000000 2
952 116 3 8192 2.000000000 2
952 132 3 8192 2.000000000 2
952 152 3 8192 2.000000000 2
952 160 3 8192 2.000000000 2
952 164 3 8192 2.000000000 2
952 200 3 8192 2.000000000 2
952 224 3 8192 2.000000000 2
952 268 3 8192 2.000000000 2
952 312 3 8192 2.000000000 2
952 316 3 8192 2.000000000 2
952 352 3 8192 2.000000000 2
952 364 3 8192 2.000000000 2
952 376 3 8192 2.000000000 2
952 384 3 8192 2.000000000 2
952 396 3 8192 2.000000000 2
952 436 3 8192 2.000000000 2
952 440 3 8192 2.000000000 2
952 448 3 8192 2.000000000 2
952 460 3 8192 2.000000000 2
952 476 3 8192 2.000000000 2
952 504 3 8192 2.000000000 2
952 516 3 8192 2.000000000 2
952 580 3 8192 2.000000000 2
952 596 3 8192 2.000000000 2
952 604 3 8192 2.000000000 2
952 616 3 8192 2.000000000 2
952 640 3 8192 2.000000000 2
952 652 3 8192 2.000000000 2
952 656 3 8192 2.000000000 2
952 680 3 8192 2.000000000 2
952 688 3 8192 2.000000000 2
952 724 3 8192 2.000000000 2
952 736 3 8192 2.000000000 2
952 752 3 8192 2.000000000 2
952 772 3 8192 2.000000000 2
952 780 3 8192 2.000000000 2
952 844 3 8192 2.000000000 2
952 848 3 8192 2.000000000 2
952 856 3 8192 2.000000000 2
952 860 3 8192 2.000000000 2
952 864 3 8192 2.000000000 2
952 888 3 8192 2.000000000 2
952 900 3 8192 2.000000000 2
952 956 3 8192 2.000000000 2
952 968 3 8192 2.000000000 2
952 1000 3 8192 2.000000000 2
952 1016 3 8192 2.000000000 2
952 1048 3 8192 2.000000000 2
952 1092 3 8192 2.000000000 2
952 1112 3 8192 2.000000000 2
952 1148 3 8192 2.000000000 2
952 1156 3 8192 2.000000000 2
952 1164 3 8192 2.000000000 2
952 1180 3 8192 2.000000000 2
952 1184 3 8192 2.000000000 2
952 1192 3 8192 2.000000000 2
952 1236 3 8192 2.000000000 2
952 1244 3 8192 2.000000000 2
952 1268 3 8192 2.000000000 2
956 8 3 8192 2.000000000 2
956 12 3 8192 2.000000000 2
956 32 3 8192 2.000000000 2
956 36 3 8192 2.000000000 2
956 48 3 8192 2.000000000 2
956 72 3 8192 2.000000000 2
956 92 3 8192 2.000000000 2
956 108 3 8192 2.000000000 2
956 124 3 8192 2.000000000 2
956 128 3 8192 2.000000000 2
956 240 3 8192 2.000000000 2
956 288 3 8192 2.000000000 2
956 292 3 8192 2.000000000 2
956 360 3 8192 2.000000000 2
956 392 3 8192 2.000000000 2
956 424 3 8192 2.000000000 2
956 436 3 8192 2.000000000 2
956 444 3 8192 2.000000000 2
956 488 3 8192 2.000000000 2
956 500 3 8192 2.000000000 2
956 508 3 8192 2.000000000 2
956 532 3 8192 2.000000000 2
956 552 3 8192 2.000000000 2
956 556 3 8192 2.000000000 2
956 560 3 8192 2.000000000 2
956 564 3 8192 2.000000000 2
956 592 3 8192 2.000000000 2
956 612 3 8192 2.000000000 2
956 616 3 8192 2.000000000 2
956 624 3 8192 2.000000000 2
956 644 3 8192 2.000000000 2
956 664 3 8192 2.000000000 2
956 676 3 8192 2.000000000 2
956 692 3 8192 2.000000000 2
956 732 3 8192 2.000000000 2
956 748 3 8192 2.000000000 2
956 752 3 8192 2.000000000 2
956 772 3 8192 2.000000000 2
956 780 3 8192 2.000000000 2
956 788 3 8192 2.000000000 2
956 792 3 8192 2.000000000 2
956 804 3 8192 2.000000000 2
956 816 3 8192 2.000000000 2
956 836 3 8192 2.000000000 2
956 852 3 8192 2.000000000 2
956 872 3 8192 2.000000000 2
956 888 3 8192 2.000000000 2
956 896 3 8192 2.000000000 2
956 908 3 8192 2.000000000 2
956 916 3 8192 2.000000000 2
956 968 3 8192 2.000000000 2
956 1012 3 8192 2.000000000 2
956 1020 3 8192 2.000000000 2
956 1032 3 8192 2.000000000 2
956 1052 3 8192 2.000000000 2
956 1060 3 8192 2.000000000 2
956 1080 3 8192 2.000000000 2
956 1084 3 8192 2.000000000 2
956 1088 3 8192 2.000000000 2
956 1160 3 8192 2.000000000 2
956 1196 3 8192 2.000000000 2
956 1208 3 8192 2.000000000 2
956 1236 3 8192 2.000000000 2
956 1260 3 8192 2.000000000 2
960 0 3 8192 2.000000000 2
960 28 3 8192 2.000000000 2
960 32 3 8192 2.000000000 2
960 40 3 8192 2.000000000 2
960 52 3 8192 2.000000000 2
960 60 3 8192 2.000000000 2
960 68 3 8192 2.000000000 2
960 124 3 8192 2.000000000 2
960 132 3 8192 2.000000000 2
960 148 3 8192 2.000000000 2
960 196 3 8192 2.000000000 2
960 208 3 8192 2.000000000 2
960 216 3 8192 2.000000000 2
960 224 3 8192 2.000000000 2
960 244 3 8192 2.000000000 2
960 260 3 8192 2.000000000 2
960 280 3 8192 2.000000000 2
960 288 3 8192 2.000000000 2
960 316 3 8192 2.000000000 2
960 324 3 8192 2.000000000 2
960 328 3 8192 2.000000000 2
960 336 3 8192 2.000000000 2
960 352 3 8192 2.000000000 2
960 360 3 8192 2.000000000 2
960 364 3 8192 2.000000000 2
960 384 3 8192 2.000000000 2
960 396 3 8192 2.000000000 2
960 428 3 8192 2.000000000 2
960 468 3 8192 2.000000000 2
960 476 3 8192 2.000000000 2
960 496 3 8192 2.000000000 2
960 500 3 8192 2.000000000 2
960 504 3 8192 2.000000000 2
960 532 3 8192 2.000000000 2
960 536 3 8192 2.000000000 2
960 544 3 8192 2.000000000 2
960 612 3 8192 2.000000000 2
960 616 3 8192 2.000000000 2
960 664 3 8192 2.000000000 2
960 720 3 8192 2.000000000 2
960 740 3 8192 2.000000000 2
960 780 3 8192 2.000000000 2
960 804 3 8192 2.000000000 2
960 840 3 8192 2.000000000 2
960 892 3 8192 2.000000000 2
960 940 3 8192 2.000000000 2
960 952 3 8192 2.000000000 2
960 956 3 8192 2.000000000 2
960 968 3 8192 2.000000000 2
960 988 3 8192 2.000000000 2
960 1032 3 8192 2.000000000 2
960 1052 3 8192 2.000000000 2
960 1056 3 8192 2.000000000 2
960 1060 3 8192 2.000000000 2
960 1068 3 8192 2.000000000 2
960 1080 3 8192 2.000000000 2
960 1100 3 8192 2.000000000 2
960 1176 3 8192 2.000000000 2
960 1180 3 8192 2.000000000 2
960 1212 3 8192 2.000000000 2
960 1216 3 8192 2.000000000 2
960 1220 3 8192 2.000000000 2
960 1264 3 8192 2.000000000 2
960 1276 3 8192 2.000000000 2
964 0 3 8192 2.000000000 2
964 12 3 8192 2.000000000 2
964 24 3 8192 2.000000000 2
964 36 3 8192 2.000000000 2
964 56 3 8192 2.000000000 2
964 64 3 8192 2.000000000 2
964 76 3 8192 2.000000000 2
964 100 3 8192 2.000000000 2
964 120 3 8192 2.000000000 2
964 132 3 8192 2.000000000 2
964 148 3 8192 2.000000000 2
964 164 3 8192 2.000000000 2
964 176 3 8192 2.000000000 2
964 180 3 8192 2.000000000 2
964 196 3 8192 2.000000000 2
964 200 3 8192 2.000000000 2
964 264 3 8192 2.000000000 2
964 304 3 8192 2.000000000 2
964 308 3 8192 2.000000000 2
964 328 3 8192 2.000000000 2
964 364 3 8192 2.000000000 2
964 380 3 8192 2.000000000 2
964 388 3 8192 2.000000000 2
964 392 3 8192 2.000000000 2
964 400 3 8192 2.000000000 2
964 412 3 8192 2.000000000 2
964 428 3 8192 2.000000000 2
964 444 3 8192 2.000000000 2
964 460 3 8192 2.000000000 2
964 472 3 8192 2.000000000 2
964 500 3 8192 2.000000000 2
964 544 3 8192 2.000000000 2
964 580 3 8192 2.000000000 2
964 608 3 8192 2.000000000 2
964 616 3 8192 2.000000000 2
964 660 3 8192 2.000000000 2
964 688 3 8192 2.000000000 2
964 692 3 8192 2.000000000 2
964 708 3 8192 2.000000000 2
964 760 3 8192 2.000000000 2
964 780 3 8192 2.000000000 2
964 800 3 8192 2.000000000 2
964 804 3 8192 2.000000000 2
964 852 3 8192 2.000000000 2
964 860 3 8192 2.000000000 2
964 880 3 8192 2.000000000 2
964 888 3 8192 2.000000000 2
964 892 3 8192 2.000000000 2
964 904 3 8192 2.000000000 2
964 916 3 8192 2.000000000 2
964 948 3 8192 2.000000000 2
964 972 3 8192 2.000000000 2
964 984 3 8192 2.000000000 2
964 1016 3 8192 2.000000000 2
964 1024 3 8192 2.000000000 2
964 1048 3 8192 2.000000000 2
964 1076 3 8192 2.000000000 2
964 1092 3 8192 2.000000000 2
964 1096 3 8192 2.000000000 2
964 1140 3 8192 2.000000000 2
964 1184 3 8192 2.000000000 2
964 1196 3 8192 2.000000000 2
964 1204 3 8192 2.000000000 2
964 1268 3 8192 2.000000000 2
968 16 3 8192 2.000000000 2
968 52 3 8192 2.000000000 2
968 96 3 8192 2.000000000 2
968 124 3 8192 2.000000000 2
968 128 3 8192 2.000000000 2
968 156 3 8192 2.000000000 2
968 180 3 8192 2.000000000 2
968 216 3 8192 2.000000000 2
968 224 3 8192 2.000000000 2
968 244 3 8192 2.000000000 2
968 264 3 8192 2.000000000 2
968 272 3 8192 2.000000000 2
968 276 3 8192 2.000000000 2
968 308 3 8192 2.000000000 2
968 316 3 8192 2.000000000 2
968 328 3 8192 2.000000000 2
968 400 3 8192 2.000000000 2
968 412 3 8192 2.000000000 2
968 420 3 8192 2.000000000 2
968 424 3 8192 2.000000000 2
968 440 3 8192 2.000000000 2
968 448 3 8192 2.000000000 2
968 500 3 8192 2.000000000 2
968 540 3 8192 2.000000000 2
968 544 3 8192 2.000000000 2
968 568 3 8192 2.000000000 2
968 580 3 8192 2.000000000 2
968 616 3 8192 2.000000000 2
968 620 3 8192 2.000000000 2
968 628 3 8192 2.000000000 2
968 632 3 8192 2.000000000 2
968 672 3 8192 2.000000000 2
968 680 3 8192 2.000000000 2
968 720 3 8192 2.000000000 2
968 724 3 8192 2.000000000 2
968 740 3 8192 2.000000000 2
968 752 3 8192 2.000000000 2
968 764 3 8192 2.000000000 2
968 800 3 8192 2.000000000 2
968 828 3 8192 2.000000000 2
968 836 3 8192 2.000000000 2
968 864 3 8192 2.000000000 2
968 880 3 8192 2.000000000 2
968 912 3 8192 2.000000000 2
968 940 3 8192 2.000000000 2
968 948 3 8192 2.000000000 2
968 960 3 8192 2.000000000 2
968 964 3 8192 2.000000000 2
968 972 3 8192 2.000000000 2
968 984 3 8192 2.000000000 2
968 992 3 8192 2.000000000 2
968 1012 3 8192 2.000000000 2
968 1052 3 8192 2.000000000 2
968 1068 3 8192 2.000000000 2
968 1080 3 8192 2.000000000 2
968 1112 3 8192 2.000000000 2
968 1128 3 8192 2.000000000 2
968 1164 3 8192 2.000000000 2
968 1180 3 8192 2.000000000 2
968 1192 3 8192 2.000000000 2
968 1204 3 8192 2.000000000 2
968 1208 3 8192 2.000000000 2
968 1220 3 8192 2.000000000 2
968 1276 3 8192 2.000000000 2
972 8 3 8192 2.000000000 2
972 40 3 8192 2.000000000 2
972 72 3 8192 2.000000000 2
972 116 3 8192 2.000000000 2
972 132 3 8192 2.000000000 2
972 160 3 8192 2.000000000 2
972 192 3 8192 2.000000000 2
972 196 3 8192 2.000000000 2
972 200 3 8192 2.000000000 2
972 260 3 8192 2.000000000 2
972 268 3 8192 2.000000000 2
972 308 3 8192 2.000000000 2
972 312 3 8192 2.000000000 2
972 316 3 8192 2.000000000 2
972 340 3 8192 2.000000000 2
972 360 3 8192 2.000000000 2
972 380 3 8192 2.000000000 2
972 384 3 8192 2.000000000 2
972 392 3 8192 2.000000000 2
972 424 3 8192 2.000000000 2
972 440 3 8192 2.000000000 2
972 460 3 8192 2.000000000 2
972 472 3 8192 2.000000000 2
972 476 3 8192 2.000000000 2
972 552 3 8192 2.000000000 2
972 556 3 8192 2.000000000 2
972 560 3 8192 2.000000000 2
972 588 3 8192 2.000000000 2
972 600 3 8192 2.000000000 2
972 608 3 8192 2.000000000 2
972 612 3 8192 2.000000000 2
972 628 3 8192 2.000000000 2
972 636 3 8192 2.000000000 2
972 640 3 8192 2.000000000 2
972 676 3 8192 2.000000000 2
972 680 3 8192 2.000000000 2
972 692 3 8192 2.000000000 2
972 708 3 8192 2.000000000 2
972 736 3 8192 2.000000000 2
972 740 3 8192 2.000000000 2
972 748 3 8192 2.000000000 2
972 760 3 8192 2.000000000 2
972 792 3 8192 2.000000000 2
972 848 3 8192 2.000000000 2
972 852 3 8192 2.000000000 2
972 872 3 8192 2.000000000 2
972 960 3 8192 2.000000000 2
972 980 3 8192 2.000000000 2
972 984 3 8192 2.000000000 2
972 996 3 8192 2.000000000 2
972 1000 3 8192 2.000000000 2
972 1048 3 8192 2.000000000 2
972 1056 3 8192 2.000000000 2
972 1068 3 8192 2.000000000 2
972 1088 3 8192 2.000000000 2
972 1096 3 8192 2.000000000 2
972 1128 3 8192 2.000000000 2
972 1144 3 8192 2.000000000 2
972 1160 3 8192 2.000000000 2
972 1216 3 8192 2.000000000 2
972 1220 3 8192 2.000000000 2
972 1228 3 8192 2.000000000 2
972 1236 3 8192 2.000000000 2
972 1252 3 8192 2.000000000 2
976 4 3 8192 2.000000000 2
976 16 3 8192 2.000000000 2
976 24 3 8192 2.000000000 2
976 36 3 8192 2.000000000 2
976 68 3 8192 2.000000000 2
976 72 3 8192 2.000000000 2
976 124 3 8192 2.000000000 2
976 136 3 8192 2.000000000 2
976 148 3 8192 2.000000000 2
976 152 3 8192 2.000000000 2
976 196 3 8192 2.000000000 2
976 240 3 8192 2.000000000 2
976 272 3 8192 2.000000000 2
976 296 3 8192 2.000000000 2
976 312 3 8192 2.000000000 2
976 352 3 8192 2.000000000 2
976 364 3 8192 2.000000000 2
976 396 3 8192 2.000000000 2
976 412 3 8192 2.000000000 2
976 432 3 8192 2.000000000 2
976 476 3 8192 2.000000000 2
976 508 3 8192 2.000000000 2
976 540 3 8192 2.000000000 2
976 592 3 8192 2.000000000 2
976 616 3 8192 2.000000000 2
976 620 3 8192 2.000000000 2
976 640 3 8192 2.000000000 2
976 656 3 8192 2.000000000 2
976 660 3 8192 2.000000000 2
976 680 3 8192 2.000000000 2
976 708 3 8192 2.000000000 2
976 740 3 8192 2.000000000 2
976 744 3 8192 2.000000000 2
976 752 3 8192 2.000000000 2
976 760 3 8192 2.000000000 2
976 768 3 8192 2.000000000 2
976 780 3 8192 2.000000000 2
976 796 3 8192 2.000000000 2
976 852 3 8192 2.000000000 2
976 860 3 8192 2.000000000 2
976 884 3 8192 2.000000000 2
976 896 3 8192 2.000000000 2
976 900 3 8192 2.000000000 2
976 904 3 8192 2.000000000 2
976 908 3 8192 2.000000000 2
976 912 3 8192 2.000000000 2
976 916 3 8192 2.000000000 2
976 968 3 8192 2.000000000 2
976 972 3 8192 2.000000000 2
976 984 3 8192 2.000000000 2
976 1012 3 8192 2.000000000 2
976 1036 3 8192 2.000000000 2
976 1048 3 8192 2.000000000 2
976 1080 3 8192 2.000000000 2
976 1104 3 8192 2.000000000 2
976 1144 3 8192 2.000000000 2
976 1148 3 8192 2.000000000 2
976 1156 3 8192 2.000000000 2
976 1164 3 8192 2.000000000 2
976 1196 3 8192 2.000000000 2
976 1216 3 8192 2.000000000 2
976 1228 3 8192 2.000000000 2
976 1264 3 8192 2.000000000 2
976 1276 3 8192 2.000000000 2
980 8 3 8192 2.000000000 2
980 48 3 8192 2.000000000 2
980 60 3 8192 2.000000000 2
980 68 3 8192 2.000000000 2
980 156 3 8192 2.000000000 2
980 176 3 8192 2.000000000 2
980 200 3 8192 2.000000000 2
980 212 3 8192 2.000000000 2
980 216 3 8192 2.000000000 2
980 260 3 8192 2.000000000 2
980 264 3 8192 2.000000000 2
980 272 3 8192 2.000000000 2
980 276 3 8192 2.000000000 2
980 304 3 8192 2.000000000 2
980 312 3 8192 2.000000000 2
980 352 3 8192 2.000000000 2
980 364 3 8192 2.000000000 2
980 376 3 8192 2.000000000 2
980 388 3 8192 2.000000000 2
980 424 3 8192 2.000000000 2
980 436 3 8192 2.000000000 2
980 456 3 8192 2.000000000 2
980 496 3 8192 2.000000000 2
980 532 3 8192 2.000000000 2
980 536 3 8192 2.000000000 2
980 568 3 8192 2.000000000 2
980 588 3 8192 2.000000000 2
980 608 3 8192 2.000000000 2
980 612 3 8192 2.000000000 2
980 624 3 8192 2.000000000 2
980 640 3 8192 2.000000000 2
980 656 3 8192 2.000000000 2
980 668 3 8192 2.000000000 2
980 684 3 8192 2.000000000 2
980 708 3 8192 2.000000000 2
980 724 3 8192 2.000000000 2
980 748 3 8192 2.000000000 2
980 784 3 8192 2.000000000 2
980 788 3 8192 2.000000000 2
980 792 3 8192 2.000000000 2
980 796 3 8192 2.000000000 2
980 836 3 8192 2.000000000 2
980 880 3 8192 2.000000000 2
980 916 3 8192 2.000000000 2
980 968 3 8192 2.000000000 2
980 988 3 8192 2.000000000 2
980 996 3 8192 2.000000000 2
980 1036 3 8192 2.000000000 2
980 1072 3 8192 2.000000000 2
980 1088 3 8192 2.000000000 2
980 1092 3 8192 2.000000000 2
980 1096 3 8192 2.000000000 2
980 1108 3 8192 2.000000000 2
980 1128 3 8192 2.000000000 2
980 1144 3 8192 2.000000000 2
980 1164 3 8192 2.000000000 2
980 1176 3 8192 2.000000000 2
980 1192 3 8192 2.000000000 2
980 1204 3 8192 2.000000000 2
980 1220 3 8192 2.000000000 2
980 1228 3 8192 2.000000000 2
980 1252 3 8192 2.000000000 2
980 1256 3 8192 2.000000000 2
980 1276 3 8192 2.000000000 2
984 4 3 8192 2.000000000 2
984 20 3 8192 2.000000000 2
984 40 3 8192 2.000000000 2
984 52 3 8192 2.000000000 2
984 56 3 8192 2.000000000 2
984 72 3 8192 2.000000000 2
984 96 3 8192 2.000000000 2
984 108 3 8192 2.000000000 2
984 120 3 8192 2.000000000 2
984 172 3 8192 2.000000000 2
984 200 3 8192 2.000000000 2
984 204 3 8192 2.000000000 2
984 216 3 8192 2.000000000 2
984 256 3 8192 2.000000000 2
984 260 3 8192 2.000000000 2
984 268 3 8192 2.000000000 2
984 280 3 8192 2.000000000 2
984 284 3 8192 2.000000000 2
984 328 3 8192 2.000000000 2
984 360 3 8192 2.000000000 2
984 368 3 8192 2.000000000 2
984 380 3 8192 2.000000000 2
984 388 3 8192 2.000000000 2
984 444 3 8192 2.000000000 2
984 448 3 8192 2.000000000 2
984 468 3 8192 2.000000000 2
984 488 3 8192 2.000000000 2
984 496 3 8192 2.000000000 2
984 516 3 8192 2.000000000 2
984 588 3 8192 2.000000000 2
984 604 3 8192 2.000000000 2
984 612 3 8192 2.000000000 2
984 624 3 8192 2.000000000 2
984 628 3 8192 2.000000000 2
984 632 3 8192 2.000000000 2
984 688 3 8192 2.000000000 2
984 732 3 8192 2.000000000 2
984 744 3 8192 2.000000000 2
984 748 3 8192 2.000000000 2
984 760 3 8192 2.000000000 2
984 768 3 8192 2.000000000 2
984 796 3 8192 2.000000000 2
984 812 3 8192 2.000000000 2
984 828 3 8192 2.000000000 2
984 844 3 8192 2.000000000 2
984 856 3 8192 2.000000000 2
984 860 3 8192 2.000000000 2
984 892 3 8192 2.000000000 2
984 952 3 8192 2.000000000 2
984 972 3 8192 2.000000000 2
984 1000 3 8192 2.000000000 2
984 1040 3 8192 2.000000000 2
984 1052 3 8192 2.000000000 2
984 1084 3 8192 2.000000000 2
984 1104 3 8192 2.000000000 2
984 1128 3 8192 2.000000000 2
984 1156 3 8192 2.000000000 2
984 1196 3 8192 2.000000000 2
984 1208 3 8192 2.000000000 2
984 1216 3 8192 2.000000000 2
984 1220 3 8192 2.000000000 2
984 1256 3 8192 2.000000000 2
984 1260 3 8192 2.000000000 2
984 1268 3 8192 2.000000000 2
988 4 3 8192 2.000000000 2
988 28 3 8192 2.000000000 2
988 32 3 8192 2.000000000 2
988 40 3 8192 2.000000000 2
988 48 3 8192 2.000000000 2
988 64 3 8192 2.000000000 2
988 68 3 8192 2.000000000 2
988 76 3 8192 2.000000000 2
988 96 3 8192 2.000000000 2
988 112 3 8192 2.000000000 2
988 116 3 8192 2.000000000 2
988 120 3 8192 2.000000000 2
988 148 3 8192 2.000000000 2
988 152 3 8192 2.000000000 2
988 156 3 8192 2.000000000 2
988 192 3 8192 2.000000000 2
988 268 3 8192 2.000000000 2
988 320 3 8192 2.000000000 2
988 352 3 8192 2.000000000 2
988 360 3 8192 2.000000000 2
988 368 3 8192 2.000000000 2
988 372 3 8192 2.000000000 2
988 388 3 8192 2.000000000 2
988 412 3 8192 2.000000000 2
988 460 3 8192 2.000000000 2
988 472 3 8192 2.000000000 2
988 492 3 8192 2.000000000 2
988 504 3 8192 2.000000000 2
988 532 3 8192 2.000000000 2
988 552 3 8192 2.000000000 2
988 560 3 8192 2.000000000 2
988 580 3 8192 2.000000000 2
988 588 3 8192 2.000000000 2
988 592 3 8192 2.000000000 2
988 612 3 8192 2.000000000 2
988 616 3 8192 2.000000000 2
988 688 3 8192 2.000000000 2
988 732 3 8192 2.000000000 2
988 736 3 8192 2.000000000 2
988 744 3 8192 2.000000000 2
988 772 3 8192 2.000000000 2
988 780 3 8192 2.000000000 2
988 804 3 8192 2.000000000 2
988 836 3 8192 2.000000000 2
988 840 3 8192 2.000000000 2
988 872 3 8192 2.000000000 2
988 960 3 8192 2.000000000 2
988 972 3 8192 2.000000000 2
988 976 3 8192 2.000000000 2
988 984 3 8192 2.000000000 2
988 996 3 8192 2.000000000 2
988 1000 3 8192 2.000000000 2
988 1040 3 8192 2.000000000 2
988 1056 3 8192 2.000000000 2
988 1072 3 8192 2.000000000 2
988 1080 3 8192 2.000000000 2
988 1084 3 8192 2.000000000 2
988 1104 3 8192 2.000000000 2
988 1128 3 8192 2.000000000 2
988 1156 3 8192 2.000000000 2
988 1208 3 8192 2.000000000 2
988 1216 3 8192 2.000000000 2
988 1264 3 8192 2.000000000 2
988 1268 3 8192 2.000000000 2
992 4 3 8192 2.000000000 2
992 8 3 8192 2.000000000 2
992 24 3 8192 2.000000000 2
992 52 3 8192 2.000000000 2
992 128 3 8192 2.000000000 2
992 136 3 8192 2.000000000 2
992 148 3 8192 2.000000000 2
992 180 3 8192 2.000000000 2
992 196 3 8192 2.000000000 2
992 212 3 8192 2.000000000 2
992 244 3 8192 2.000000000 2
992 264 3 8192 2.000000000 2
992 268 3 8192 2.000000000 2
992 272 3 8192 2.000000000 2
992 280 3 8192 2.000000000 2
992 296 3 8192 2.000000000 2
992 312 3 8192 2.000000000 2
992 324 3 8192 2.000000000 2
992 352 3 8192 2.000000000 2
992 384 3 8192 2.000000000 2
992 396 3 8192 2.000000000 2
992 412 3 8192 2.000000000 2
992 424 3 8192 2.000000000 2
992 440 3 8192 2.000000000 2
992 444 3 8192 2.000000000 2
992 452 3 8192 2.000000000 2
992 492 3 8192 2.000000000 2
992 508 3 8192 2.000000000 2
992 540 3 8192 2.000000000 2
992 568 3 8192 2.000000000 2
992 612 3 8192 2.000000000 2
992 616 3 8192 2.000000000 2
992 628 3 8192 2.000000000 2
992 664 3 8192 2.000000000 2
992 672 3 8192 2.000000000 2
992 676 3 8192 2.000000000 2
992 732 3 8192 2.000000000 2
992 736 3 8192 2.000000000 2
992 740 3 8192 2.000000000 2
992 748 3 8192 2.000000000 2
992 768 3 8192 2.000000000 2
992 772 3 8192 2.000000000 2
992 796 3 8192 2.000000000 2
992 828 3 8192 2.000000000 2
992 860 3 8192 2.000000000 2
992 872 3 8192 2.000000000 2
992 948 3 8192 2.000000000 2
992 956 3 8192 2.000000000 2
992 968 3 8192 2.000000000 2
992 976 3 8192 2.000000000 2
992 996 3 8192 2.000000000 2
992 1024 3 8192 2.000000000 2
992 1028 3 8192 2.000000000 2
992 1040 3 8192 2.000000000 2
992 1092 3 8192 2.000000000 2
992 1112 3 8192 2.000000000 2
992 1128 3 8192 2.000000000 2
992 1144 3 8192 2.000000000 2
992 1160 3 8192 2.000000000 2
992 1164 3 8192 2.000000000 2
992 1184 3 8192 2.000000000 2
992 1192 3 8192 2.000000000 2
992 1228 3 8192 2.000000000 2
992 1244 3 8192 2.000000000 2
996 4 3 8192 2.000000000 2
996 52 3 8192 2.000000000 2
996 60 3 8192 2.000000000 2
996 92 3 8192 2.000000000 2
996 112 3 8192 2.000000000 2
996 116 3 8192 2.000000000 2
996 128 3 8192 2.000000000 2
996 204 3 8192 2.000000000 2
996 224 3 8192 2.000000000 2
996 284 3 8192 2.000000000 2
996 316 3 8192 2.000000000 2
996 356 3 8192 2.000000000 2
996 368 3 8192 2.000000000 2
996 372 3 8192 2.000000000 2
996 380 3 8192 2.000000000 2
996 388 3 8192 2.000000000 2
996 396 3 8192 2.000000000 2
996 416 3 8192 2.000000000 2
996 420 3 8192 2.000000000 2
996 424 3 8192 2.000000000 2
996 428 3 8192 2.000000000 2
996 440 3 8192 2.000000000 2
996 456 3 8192 2.000000000 2
996 468 3 8192 2.000000000 2
996 472 3 8192 2.000000000 2
996 476 3 8192 2.000000000 2
996 488 3 8192 2.000000000 2
996 532 3 8192 2.000000000 2
996 536 3 8192 2.000000000 2
996 540 3 8192 2.000000000 2
996 544 3 8192 2.000000000 2
996 624 3 8192 2.000000000 2
996 628 3 8192 2.000000000 2
996 636 3 8192 2.000000000 2
996 644 3 8192 2.000000000 2
996 664 3 8192 2.000000000 2
996 672 3 8192 2.000000000 2
996 684 3 8192 2.000000000 2
996 720 3 8192 2.000000000 2
996 752 3 8192 2.000000000 2
996 788 3 8192 2.000000000 2
996 796 3 8192 2.000000000 2
996 836 3 8192 2.000000000 2
996 840 3 8192 2.000000000 2
996 848 3 8192 2.000000000 2
996 852 3 8192 2.000000000 2
996 860 3 8192 2.000000000 2
996 888 3 8192 2.000000000 2
996 892 3 8192 2.000000000 2
996 912 3 8192 2.000000000 2
996 948 3 8192 2.000000000 2
996 964 3 8192 2.000000000 2
996 984 3 8192 2.000000000 2
996 1012 3 8192 2.000000000 2
996 1020 3 8192 2.000000000 2
996 1024 3 8192 2.000000000 2
996 1028 3 8192 2.000000000 2
996 1056 3 8192 2.000000000 2
996 1144 3 8192 2.000000000 2
996 1160 3 8192 2.000000000 2
996 1192 3 8192 2.000000000 2
996 1220 3 8192 2.000000000 2
996 1252 3 8192 2.000000000 2
996 1268 3 8192 2.000000000 2
1000 8 3 8192 2.000000000 2
1000 12 3 8192 2.000000000 2
1000 20 3 8192 2.000000000 2
1000 36 3 8192 2.000000000 2
1000 40 3 8192 2.000000000 2
1000 56 3 8192 2.000000000 2
1000 60 3 8192 2.000000000 2
1000 68 3 8192 2.000000000 2
1000 92 3 8192 2.000000000 2
1000 112 3 8192 2.000000000 2
1000 148 3 8192 2.000000000 2
1000 196 3 8192 2.000000000 2
1000 204 3 8192 2.000000000 2
1000 212 3 8192 2.000000000 2
1000 244 3 8192 2.000000000 2
1000 256 3 8192 2.000000000 2
1000 268 3 8192 2.000000000 2
1000 276 3 8192 2.000000000 2
1000 284 3 8192 2.000000000 2
1000 296 3 8192 2.000000000 2
1000 312 3 8192 2.000000000 2
1000 320 3 8192 2.000000000 2
1000 324 3 8192 2.000000000 2
1000 356 3 8192 2.000000000 2
1000 392 3 8192 2.000000000 2
1000 416 3 8192 2.000000000 2
1000 468 3 8192 2.000000000 2
1000 492 3 8192 2.000000000 2
1000 516 3 8192 2.000000000 2
1000 520 3 8192 2.000000000 2
1000 552 3 8192 2.000000000 2
1000 560 3 8192 2.000000000 2
1000 596 3 8192 2.000000000 2
1000 600 3 8192 2.000000000 2
1000 612 3 8192 2.000000000 2
1000 620 3 8192 2.000000000 2
1000 652 3 8192 2.000000000 2
1000 660 3 8192 2.000000000 2
1000 676 3 8192 2.000000000 2
1000 688 3 8192 2.000000000 2
1000 708 3 8192 2.000000000 2
1000 720 3 8192 2.000000000 2
1000 772 3 8192 2.000000000 2
1000 804 3 8192 2.000000000 2
1000 856 3 8192 2.000000000 2
1000 916 3 8192 2.000000000 2
1000 952 3 8192 2.000000000 2
1000 960 3 8192 2.000000000 2
1000 964 3 8192 2.000000000 2
1000 968 3 8192 2.000000000 2
1000 972 3 8192 2.000000000 2
1000 976 3 8192 2.000000000 2
1000 1012 3 8192 2.000000000 2
1000 1048 3 8192 2.000000000 2
1000 1068 3 8192 2.000000000 2
1000 1096 3 8192 2.000000000 2
1000 1144 3 8192 2.000000000 2
1000 1160 3 8192 2.000000000 2
1000 1216 3 8192 2.000000000 2
1000 1228 3 8192 2.000000000 2
1000 1236 3 8192 2.000000000 2
1000 1260 3 8192 2.000000000 2
1000 1264 3 8192 2.000000000 2
1000 1268 3 8192 2.000000000 2
1004 16 3 8192 2.000000000 2
1004 48 3 8192 2.000000000 2
1004 52 3 8192 2.000000000 2
1004 60 3 8192 2.000000000 2
1004 68 3 8192 2.000000000 2
1004 92 3 8192 2.000000000 2
1004 96 3 8192 2.000000000 2
1004 136 3 8192 2.000000000 2
1004 160 3 8192 2.000000000 2
1004 164 3 8192 2.000000000 2
1004 192 3 8192 2.000000000 2
1004 196 3 8192 2.000000000 2
1004 200 3 8192 2.000000000 2
1004 216 3 8192 2.000000000 2
1004 240 3 8192 2.000000000 2
1004 244 3 8192 2.000000000 2
1004 296 3 8192 2.000000000 2
1004 304 3 8192 2.000000000 2
1004 312 3 8192 2.000000000 2
1004 356 3 8192 2.000000000 2
1004 372 3 8192 2.000000000 2
1004 380 3 8192 2.000000000 2
1004 384 3 8192 2.000000000 2
1004 388 3 8192 2.000000000 2
1004 392 3 8192 2.000000000 2
1004 412 3 8192 2.000000000 2
1004 416 3 8192 2.000000000 2
1004 444 3 8192 2.000000000 2
1004 500 3 8192 2.000000000 2
1004 516 3 8192 2.000000000 2
1004 548 3 8192 2.000000000 2
1004 568 3 8192 2.000000000 2
1004 628 3 8192 2.000000000 2
1004 632 3 8192 2.000000000 2
1004 636 3 8192 2.000000000 2
1004 640 3 8192 2.000000000 2
1004 644 3 8192 2.000000000 2
1004 692 3 8192 2.000000000 2
1004 724 3 8192 2.000000000 2
1004 748 3 8192 2.000000000 2
1004 760 3 8192 2.000000000 2
1004 768 3 8192 2.000000000 2
1004 780 3 8192 2.000000000 2
1004 784 3 8192 2.000000000 2
1004 788 3 8192 2.000000000 2
1004 800 3 8192 2.000000000 2
1004 804 3 8192 2.000000000 2
1004 856 3 8192 2.000000000 2
1004 908 3 8192 2.000000000 2
1004 968 3 8192 2.000000000 2
1004 984 3 8192 2.000000000 2
1004 1000 3 8192 2.000000000 2
1004 1028 3 8192 2.000000000 2
1004 1052 3 8192 2.000000000 2
1004 1072 3 8192 2.000000000 2
1004 1076 3 8192 2.000000000 2
1004 1096 3 8192 2.000000000 2
1004 1160 3 8192 2.000000000 2
1004 1208 3 8192 2.000000000 2
1004 1212 3 8192 2.000000000 2
1004 1216 3 8192 2.000000000 2
1004 1228 3 8192 2.000000000 2
1004 1236 3 8192 2.000000000 2
1004 1272 3 8192 2.000000000 2
1008 0 3 8192 2.000000000 2
1008 64 3 8192 2.000000000 2
1008 96 3 8192 2.000000000 2
1008 160 3 8192 2.000000000 2
1008 172 3 8192 2.000000000 2
1008 192 3 8192 2.000000000 2
1008 196 3 8192 2.000000000 2
1008 200 3 8192 2.000000000 2
1008 212 3 8192 2.000000000 2
1008 272 3 8192 2.000000000 2
1008 284 3 8192 2.000000000 2
1008 288 3 8192 2.000000000 2
1008 324 3 8192 2.000000000 2
1008 348 3 8192 2.000000000 2
1008 364 3 8192 2.000000000 2
1008 392 3 8192 2.000000000 2
1008 444 3 8192 2.000000000 2
1008 468 3 8192 2.000000000 2
1008 496 3 8192 2.000000000 2
1008 500 3 8192 2.000000000 2
1008 504 3 8192 2.000000000 2
1008 540 3 8192 2.000000000 2
1008 548 3 8192 2.000000000 2
1008 556 3 8192 2.000000000 2
1008 564 3 8192 2.000000000 2
1008 568 3 8192 2.000000000 2
1008 588 3 8192 2.000000000 2
1008 596 3 8192 2.000000000 2
1008 672 3 8192 2.000000000 2
1008 720 3 8192 2.000000000 2
1008 724 3 8192 2.000000000 2
1008 740 3 8192 2.000000000 2
1008 744 3 8192 2.000000000 2
1008 772 3 8192 2.000000000 2
1008 780 3 8192 2.000000000 2
1008 788 3 8192 2.000000000 2
1008 792 3 8192 2.000000000 2
1008 800 3 8192 2.000000000 2
1008 804 3 8192 2.000000000 2
1008 812 3 8192 2.000000000 2
1008 836 3 8192 2.000000000 2
1008 848 3 8192 2.000000000 2
1008 852 3 8192 2.000000000 2
1008 856 3 8192 2.000000000 2
1008 860 3 8192 2.000000000 2
1008 872 3 8192 2.000000000 2
1008 900 3 8192 2.000000000 2
1008 972 3 8192 2.000000000 2
1008 1004 3 8192 2.000000000 2
1008 1012 3 8192 2.000000000 2
1008 1016 3 8192 2.000000000 2
1008 1024 3 8192 2.000000000 2
1008 1036 3 8192 2.000000000 2
1008 1040 3 8192 2.000000000 2
1008 1048 3 8192 2.000000000 2
1008 1060 3 8192 2.000000000 2
1008 1092 3 8192 2.000000000 2
1008 1104 3 8192 2.000000000 2
1008 1204 3 8192 2.000000000 2
1008 1224 3 8192 2.000000000 2
1008 1228 3 8192 2.000000000 2
1008 1236 3 8192 2.000000000 2
1008 1256 3 8192 2.000000000 2
1008 1276 3 8192 2.000000000 2
1012 4 3 8192 2.000000000 2
1012 16 3 8192 2.000000000 2
1012 20 3 8192 2.000000000 2
1012 32 3 8192 2.000000000 2
1012 60 3 8192 2.000000000 2
1012 92 3 8192 2.000000000 2
1012 112 3 8192 2.000000000 2
1012 136 3 8192 2.000000000 2
1012 160 3 8192 2.000000000 2
1012 172 3 8192 2.000000000 2
1012 176 3 8192 2.000000000 2
1012 192 3 8192 2.000000000 2
1012 212 3 8192 2.000000000 2
1012 240 3 8192 2.000000000 2
1012 256 3 8192 2.000000000 2
1012 260 3 8192 2.000000000 2
1012 276 3 8192 2.000000000 2
1012 304 3 8192 2.000000000 2
1012 316 3 8192 2.000000000 2
1012 328 3 8192 2.000000000 2
1012 352 3 8192 2.000000000 2
1012 356 3 8192 2.000000000 2
1012 364 3 8192 2.000000000 2
1012 376 3 8192 2.000000000 2
1012 380 3 8192 2.000000000 2
1012 392 3 8192 2.000000000 2
1012 396 3 8192 2.000000000 2
1012 416 3 8192 2.000000000 2
1012 436 3 8192 2.000000000 2
1012 448 3 8192 2.000000000 2
1012 468 3 8192 2.000000000 2
1012 516 3 8192 2.000000000 2
1012 548 3 8192 2.000000000 2
1012 556 3 8192 2.000000000 2
1012 568 3 8192 2.000000000 2
1012 580 3 8192 2.000000000 2
1012 600 3 8192 2.000000000 2
1012 640 3 8192 2.000000000 2
1012 652 3 8192 2.000000000 2
1012 680 3 8192 2.000000000 2
1012 720 3 8192 2.000000000 2
1012 724 3 8192 2.000000000 2
1012 772 3 8192 2.000000000 2
1012 860 3 8192 2.000000000 2
1012 872 3 8192 2.000000000 2
1012 900 3 8192 2.000000000 2
1012 912 3 8192 2.000000000 2
1012 916 3 8192 2.000000000 2
1012 964 3 8192 2.000000000 2
1012 996 3 8192 2.000000000 2
1012 1024 3 8192 2.000000000 2
1012 1028 3 8192 2.000000000 2
1012 1052 3 8192 2.000000000 2
1012 1072 3 8192 2.000000000 2
1012 1092 3 8192 2.000000000 2
1012 1112 3 8192 2.000000000 2
1012 1128 3 8192 2.000000000 2
1012 1140 3 8192 2.000000000 2
1012 1176 3 8192 2.000000000 2
1012 1180 3 8192 2.000000000 2
1012 1192 3 8192 2.000000000 2
1012 1236 3 8192 2.000000000 2
1012 1244 3 8192 2.000000000 2
1012 1252 3 8192 2.000000000 2
1016 0 3 8192 2.000000000 2
1016 4 3 8192 2.000000000 2
1016 8 3 8192 2.000000000 2
1016 20 3 8192 2.000000000 2
1016 40 3 8192 2.000000000 2
1016 60 3 8192 2.000000000 2
1016 64 3 8192 2.000000000 2
1016 68 3 8192 2.000000000 2
1016 112 3 8192 2.000000000 2
1016 116 3 8192 2.000000000 2
1016 136 3 8192 2.000000000 2
1016 176 3 8192 2.000000000 2
1016 180 3 8192 2.000000000 2
1016 192 3 8192 2.000000000 2
1016 208 3 8192 2.000000000 2
1016 260 3 8192 2.000000000 2
1016 272 3 8192 2.000000000 2
1016 336 3 8192 2.000000000 2
1016 340 3 8192 2.000000000 2
1016 380 3 8192 2.000000000 2
1016 388 3 8192 2.000000000 2
1016 392 3 8192 2.000000000 2
1016 396 3 8192 2.000000000 2
1016 416 3 8192 2.000000000 2
1016 444 3 8192 2.000000000 2
1016 488 3 8192 2.000000000 2
1016 504 3 8192 2.000000000 2
1016 508 3 8192 2.000000000 2
1016 592 3 8192 2.000000000 2
1016 644 3 8192 2.000000000 2
1016 680 3 8192 2.000000000 2
1016 692 3 8192 2.000000000 2
1016 720 3 8192 2.000000000 2
1016 732 3 8192 2.000000000 2
1016 736 3 8192 2.000000000 2
1016 760 3 8192 2.000000000 2
1016 800 3 8192 2.000000000 2
1016 804 3 8192 2.000000000 2
1016 812 3 8192 2.000000000 2
1016 840 3 8192 2.000000000 2
1016 848 3 8192 2.000000000 2
1016 904 3 8192 2.000000000 2
1016 912 3 8192 2.000000000 2
1016 956 3 8192 2.000000000 2
1016 964 3 8192 2.000000000 2
1016 968 3 8192 2.000000000 2
1016 972 3 8192 2.000000000 2
1016 980 3 8192 2.000000000 2
1016 1040 3 8192 2.000000000 2
1016 1044 3 8192 2.000000000 2
1016 1048 3 8192 2.000000000 2
1016 1056 3 8192 2.000000000 2
1016 1060 3 8192 2.000000000 2
1016 1072 3 8192 2.000000000 2
1016 1092 3 8192 2.000000000 2
1016 1100 3 8192 2.000000000 2
1016 1156 3 8192 2.000000000 2
1016 1184 3 8192 2.000000000 2
1016 1192 3 8192 2.000000000 2
1016 1204 3 8192 2.000000000 2
1016 1224 3 8192 2.000000000 2
1016 1228 3 8192 2.000000000 2
1016 1252 3 8192 2.000000000 2
1016 1256 3 8192 2.000000000 2
1020 0 3 8192 2.000000000 2
1020 12 3 8192 2.000000000 2
1020 36 3 8192 2.000000000 2
1020 68 3 8192 2.000000000 2
1020 108 3 8192 2.000000000 2
1020 112 3 8192 2.000000000 2
1020 128 3 8192 2.000000000 2
1020 136 3 8192 2.000000000 2
1020 164 3 8192 2.000000000 2
1020 192 3 8192 2.000000000 2
1020 200 3 8192 2.000000000 2
1020 204 3 8192 2.000000000 2
1020 208 3 8192 2.000000000 2
1020 256 3 8192 2.000000000 2
1020 280 3 8192 2.000000000 2
1020 288 3 8192 2.000000000 2
1020 296 3 8192 2.000000000 2
1020 312 3 8192 2.000000000 2
1020 316 3 8192 2.000000000 2
1020 324 3 8192 2.000000000 2
1020 336 3 8192 2.000000000 2
1020 348 3 8192 2.000000000 2
1020 352 3 8192 2.000000000 2
1020 356 3 8192 2.000000000 2
1020 360 3 8192 2.000000000 2
1020 420 3 8192 2.000000000 2
1020 440 3 8192 2.000000000 2
1020 456 3 8192 2.000000000 2
1020 488 3 8192 2.000000000 2
1020 504 3 8192 2.000000000 2
1020 516 3 8192 2.000000000 2
1020 532 3 8192 2.000000000 2
1020 548 3 8192 2.000000000 2
1020 552 3 8192 2.000000000 2
1020 568 3 8192 2.000000000 2
1020 588 3 8192 2.000000000 2
1020 592 3 8192 2.000000000 2
1020 596 3 8192 2.000000000 2
1020 604 3 8192 2.000000000 2
1020 620 3 8192 2.000000000 2
1020 632 3 8192 2.000000000 2
1020 676 3 8192 2.000000000 2
1020 684 3 8192 2.000000000 2
1020 688 3 8192 2.000000000 2
1020 732 3 8192 2.000000000 2
1020 740 3 8192 2.000000000 2
1020 768 3 8192 2.000000000 2
1020 780 3 8192 2.000000000 2
1020 800 3 8192 2.000000000 2
1020 952 3 8192 2.000000000 2
1020 964 3 8192 2.000000000 2
1020 984 3 8192 2.000000000 2
1020 1044 3 8192 2.000000000 2
1020 1068 3 8192 2.000000000 2
1020 1076 3 8192 2.000000000 2
1020 1108 3 8192 2.000000000 2
1020 1128 3 8192 2.000000000 2
1020 1148 3 8192 2.000000000 2
1020 1208 3 8192 2.000000000 2
1020 1228 3 8192 2.000000000 2
1020 1236 3 8192 2.000000000 2
1020 1244 3 8192 2.000000000 2
1020 1256 3 8192 2.000000000 2
1020 1276 3 8192 2.000000000 2
1024 28 3 8192 2.000000000 2
1024 40 3 8192 2.000000000 2
1024 68 3 8192 2.000000000 2
1024 76 3 8192 2.000000000 2
1024 100 3 8192 2.000000000 2
1024 108 3 8192 2.000000000 2
1024 112 3 8192 2.000000000 2
1024 120 3 8192 2.000000000 2
1024 128 3 8192 2.000000000 2
1024 136 3 8192 2.000000000 2
1024 172 3 8192 2.000000000 2
1024 176 3 8192 2.000000000 2
1024 180 3 8192 2.000000000 2
1024 192 3 8192 2.000000000 2
1024 196 3 8192 2.000000000 2
1024 208 3 8192 2.000000000 2
1024 216 3 8192 2.000000000 2
1024 276 3 8192 2.000000000 2
1024 352 3 8192 2.000000000 2
1024 368 3 8192 2.000000000 2
1024 380 3 8192 2.000000000 2
1024 412 3 8192 2.000000000 2
1024 436 3 8192 2.000000000 2
1024 444 3 8192 2.000000000 2
1024 456 3 8192 2.000000000 2
1024 476 3 8192 2.000000000 2
1024 492 3 8192 2.000000000 2
1024 500 3 8192 2.000000000 2
1024 504 3 8192 2.000000000 2
1024 548 3 8192 2.000000000 2
1024 552 3 8192 2.000000000 2
1024 560 3 8192 2.000000000 2
1024 596 3 8192 2.000000000 2
1024 600 3 8192 2.000000000 2
1024 672 3 8192 2.000000000 2
1024 708 3 8192 2.000000000 2
1024 752 3 8192 2.000000000 2
1024 764 3 8192 2.000000000 2
1024 768 3 8192 2.000000000 2
1024 780 3 8192 2.000000000 2
1024 796 3 8192 2.000000000 2
1024 804 3 8192 2.000000000 2
1024 852 3 8192 2.000000000 2
1024 860 3 8192 2.000000000 2
1024 880 3 8192 2.000000000 2
1024 896 3 8192 2.000000000 2
1024 916 3 8192 2.000000000 2
1024 956 3 8192 2.000000000 2
1024 968 3 8192 2.000000000 2
1024 984 3 8192 2.000000000 2
1024 992 3 8192 2.000000000 2
1024 996 3 8192 2.000000000 2
1024 1020 3 8192 2.000000000 2
1024 1056 3 8192 2.000000000 2
1024 1068 3 8192 2.000000000 2
1024 1084 3 8192 2.000000000 2
1024 1092 3 8192 2.000000000 2
1024 1104 3 8192 2.000000000 2
1024 1112 3 8192 2.000000000 2
1024 1128 3 8192 2.000000000 2
1024 1140 3 8192 2.000000000 2
1024 1148 3 8192 2.000000000 2
1024 1156 3 8192 2.000000000 2
1024 1224 3 8192 2.000000000 2
1028 0 3 8192 2.000000000 2
1028 28 3 8192 2.000000000 2
1028 32 3 8192 2.000000000 2
1028 56 3 8192 2.000000000 2
1028 64 3 8192 2.000000000 2
1028 68 3 8192 2.000000000 2
1028 132 3 8192 2.000000000 2
1028 136 3 8192 2.000000000 2
1028 148 3 8192 2.000000000 2
1028 160 3 8192 2.000000000 2
1028 244 3 8192 2.000000000 2
1028 256 3 8192 2.000000000 2
1028 280 3 8192 2.000000000 2
1028 288 3 8192 2.000000000 2
1028 292 3 8192 2.000000000 2
1028 296 3 8192 2.000000000 2
1028 312 3 8192 2.000000000 2
1028 320 3 8192 2.000000000 2
1028 328 3 8192 2.000000000 2
1028 348 3 8192 2.000000000 2
1028 352 3 8192 2.000000000 2
1028 364 3 8192 2.000000000 2
1028 376 3 8192 2.000000000 2
1028 424 3 8192 2.000000000 2
1028 432 3 8192 2.000000000 2
1028 460 3 8192 2.000000000 2
1028 492 3 8192 2.000000000 2
1028 504 3 8192 2.000000000 2
1028 508 3 8192 2.000000000 2
1028 532 3 8192 2.000000000 2
1028 544 3 8192 2.000000000 2
1028 588 3 8192 2.000000000 2
1028 592 3 8192 2.000000000 2
1028 604 3 8192 2.000000000 2
1028 608 3 8192 2.000000000 2
1028 612 3 8192 2.000000000 2
1028 620 3 8192 2.000000000 2
1028 652 3 8192 2.000000000 2
1028 656 3 8192 2.000000000 2
1028 688 3 8192 2.000000000 2
1028 708 3 8192 2.000000000 2
1028 724 3 8192 2.000000000 2
1028 736 3 8192 2.000000000 2
1028 752 3 8192 2.000000000 2
1028 772 3 8192 2.000000000 2
1028 788 3 8192 2.000000000 2
1028 840 3 8192 2.000000000 2
1028 884 3 8192 2.000000000 2
1028 960 3 8192 2.000000000 2
1028 968 3 8192 2.000000000 2
1028 972 3 8192 2.000000000 2
1028 980 3 8192 2.000000000 2
1028 988 3 8192 2.000000000 2
1028 996 3 8192 2.000000000 2
1028 1000 3 8192 2.000000000 2
1028 1048 3 8192 2.000000000 2
1028 1068 3 8192 2.000000000 2
1028 1076 3 8192 2.000000000 2
1028 1092 3 8192 2.000000000 2
1028 1144 3 8192 2.000000000 2
1028 1164 3 8192 2.000000000 2
1028 1176 3 8192 2.000000000 2
1028 1244 3 8192 2.000000000 2
1028 1252 3 8192 2.000000000 2
1032 60 3 8192 2.000000000 2
1032 64 3 8192 2.000000000 2
1032 72 3 8192 2.000000000 2
1032 108 3 8192 2.000000000 2
1032 116 3 8192 2.000000000 2
1032 120 3 8192 2.000000000 2
1032 124 3 8192 2.000000000 2
1032 156 3 8192 2.000000000 2
1032 164 3 8192 2.000000000 2
1032 172 3 8192 2.000000000 2
1032 212 3 8192 2.000000000 2
1032 224 3 8192 2.000000000 2
1032 244 3 8192 2.000000000 2
1032 264 3 8192 2.000000000 2
1032 280 3 8192 2.000000000 2
1032 292 3 8192 2.000000000 2
1032 296 3 8192 2.000000000 2
1032 328 3 8192 2.000000000 2
1032 340 3 8192 2.000000000 2
1032 356 3 8192 2.000000000 2
1032 368 3 8192 2.000000000 2
1032 400 3 8192 2.000000000 2
1032 420 3 8192 2.000000000 2
1032 448 3 8192 2.000000000 2
1032 468 3 8192 2.000000000 2
1032 476 3 8192 2.000000000 2
1032 536 3 8192 2.000000000 2
1032 548 3 8192 2.000000000 2
1032 556 3 8192 2.000000000 2
1032 560 3 8192 2.000000000 2
1032 580 3 8192 2.000000000 2
1032 596 3 8192 2.000000000 2
1032 616 3 8192 2.000000000 2
1032 632 3 8192 2.000000000 2
1032 636 3 8192 2.000000000 2
1032 652 3 8192 2.000000000 2
1032 664 3 8192 2.000000000 2
1032 668 3 8192 2.000000000 2
1032 676 3 8192 2.000000000 2
1032 680 3 8192 2.000000000 2
1032 684 3 8192 2.000000000 2
1032 732 3 8192 2.000000000 2
1032 760 3 8192 2.000000000 2
1032 800 3 8192 2.000000000 2
1032 828 3 8192 2.000000000 2
1032 840 3 8192 2.000000000 2
1032 860 3 8192 2.000000000 2
1032 864 3 8192 2.000000000 2
1032 900 3 8192 2.000000000 2
1032 904 3 8192 2.000000000 2
1032 940 3 8192 2.000000000 2
1032 948 3 8192 2.000000000 2
1032 964 3 8192 2.000000000 2
1032 1024 3 8192 2.000000000 2
1032 1068 3 8192 2.000000000 2
1032 1076 3 8192 2.000000000 2
1032 1096 3 8192 2.000000000 2
1032 1104 3 8192 2.000000000 2
1032 1208 3 8192 2.000000000 2
1032 1220 3 8192 2.000000000 2
1032 1236 3 8192 2.000000000 2
1032 1260 3 8192 2.000000000 2
1032 1268 3 8192 2.000000000 2
1032 1272 3 8192 2.000000000 2
1036 12 3 8192 2.000000000 2
1036 16 3 8192 2.000000000 2
1036 20 3 8192 2.000000000 2
1036 32 3 8192 2.000000000 2
1036 48 3 8192 2.000000000 2
1036 60 3 8192 2.000000000 2
1036 96 3 8192 2.000000000 2
1036 100 3 8192 2.000000000 2
1036 120 3 8192 2.000000000 2
1036 132 3 8192 2.000000000 2
1036 172 3 8192 2.000000000 2
1036 180 3 8192 2.000000000 2
1036 216 3 8192 2.000000000 2
1036 224 3 8192 2.000000000 2
1036 280 3 8192 2.000000000 2
1036 284 3 8192 2.000000000 2
1036 308 3 8192 2.000000000 2
1036 324 3 8192 2.000000000 2
1036 360 3 8192 2.000000000 2
1036 364 3 8192 2.000000000 2
1036 372 3 8192 2.000000000 2
1036 376 3 8192 2.000000000 2
1036 384 3 8192 2.000000000 2
1036 500 3 8192 2.000000000 2
1036 548 3 8192 2.000000000 2
1036 568 3 8192 2.000000000 2
1036 640 3 8192 2.000000000 2
1036 660 3 8192 2.000000000 2
1036 688 3 8192 2.000000000 2
1036 708 3 8192 2.000000000 2
1036 720 3 8192 2.000000000 2
1036 724 3 8192 2.000000000 2
1036 748 3 8192 2.000000000 2
1036 752 3 8192 2.000000000 2
1036 760 3 8192 2.000000000 2
1036 764 3 8192 2.000000000 2
1036 788 3 8192 2.000000000 2
1036 800 3 8192 2.000000000 2
1036 816 3 8192 2.000000000 2
1036 848 3 8192 2.000000000 2
1036 888 3 8192 2.000000000 2
1036 896 3 8192 2.000000000 2
1036 904 3 8192 2.000000000 2
1036 976 3 8192 2.000000000 2
1036 992 3 8192 2.000000000 2
1036 996 3 8192 2.000000000 2
1036 1024 3 8192 2.000000000 2
1036 1028 3 8192 2.000000000 2
1036 1032 3 8192 2.000000000 2
1036 1040 3 8192 2.000000000 2
1036 1052 3 8192 2.000000000 2
1036 1056 3 8192 2.000000000 2
1036 1060 3 8192 2.000000000 2
1036 1084 3 8192 2.000000000 2
1036 1128 3 8192 2.000000000 2
1036 1140 3 8192 2.000000000 2
1036 1144 3 8192 2.000000000 2
1036 1184 3 8192 2.000000000 2
1036 1212 3 8192 2.000000000 2
1036 1228 3 8192 2.000000000 2
1036 1252 3 8192 2.000000000 2
1036 1256 3 8192 2.000000000 2
1036 1260 3 8192 2.000000000 2
1036 1272 3 8192 2.000000000 2
1040 0 3 8192 2.000000000 2
1040 16 3 8192 2.000000000 2
1040 24 3 8192 2.000000000 2
1040 56 3 8192 2.000000000 2
1040 96 3 8192 2.000000000 2
1040 108 3 8192 2.000000000 2
1040 112 3 8192 2.000000000 2
1040 120 3 8192 2.000000000 2
1040 160 3 8192 2.000000000 2
1040 164 3 8192 2.000000000 2
1040 208 3 8192 2.000000000 2
1040 276 3 8192 2.000000000 2
1040 284 3 8192 2.000000000 2
1040 304 3 8192 2.000000000 2
1040 316 3 8192 2.000000000 2
1040 336 3 8192 2.000000000 2
1040 364 3 8192 2.000000000 2
1040 380 3 8192 2.000000000 2
1040 384 3 8192 2.000000000 2
1040 416 3 8192 2.000000000 2
1040 420 3 8192 2.000000000 2
1040 428 3 8192 2.000000000 2
1040 456 3 8192 2.000000000 2
1040 468 3 8192 2.000000000 2
1040 472 3 8192 2.000000000 2
1040 508 3 8192 2.000000000 2
1040 520 3 8192 2.000000000 2
1040 560 3 8192 2.000000000 2
1040 564 3 8192 2.000000000 2
1040 588 3 8192 2.000000000 2
1040 628 3 8192 2.000000000 2
1040 660 3 8192 2.000000000 2
1040 668 3 8192 2.000000000 2
1040 720 3 8192 2.000000000 2
1040 744 3 8192 2.000000000 2
1040 752 3 8192 2.000000000 2
1040 768 3 8192 2.000000000 2
1040 852 3 8192 2.000000000 2
1040 860 3 8192 2.000000000 2
1040 864 3 8192 2.000000000 2
1040 884 3 8192 2.000000000 2
1040 912 3 8192 2.000000000 2
1040 964 3 8192 2.000000000 2
1040 996 3 8192 2.000000000 2
1040 1000 3 8192 2.000000000 2
1040 1008 3 8192 2.000000000 2
1040 1012 3 8192 2.000000000 2
1040 1044 3 8192 2.000000000 2
1040 1068 3 8192 2.000000000 2
1040 1084 3 8192 2.000000000 2
1040 1108 3 8192 2.000000000 2
1040 1112 3 8192 2.000000000 2
1040 1148 3 8192 2.000000000 2
1040 1156 3 8192 2.000000000 2
1040 1176 3 8192 2.000000000 2
1040 1180 3 8192 2.000000000 2
1040 1196 3 8192 2.000000000 2
1040 1204 3 8192 2.000000000 2
1040 1208 3 8192 2.000000000 2
1040 1236 3 8192 2.000000000 2
1040 1256 3 8192 2.000000000 2
1040 1260 3 8192 2.000000000 2
1040 1264 3 8192 2.000000000 2
1040 1268 3 8192 2.000000000 2
1044 0 3 8192 2.000000000 2
1044 4 3 8192 2.000000000 2
1044 16 3 8192 2.000000000 2
1044 20 3 8192 2.000000000 2
1044 28 3 8192 2.000000000 2
1044 64 3 8192 2.000000000 2
1044 96 3 8192 2.000000000 2
1044 100 3 8192 2.000000000 2
1044 116 3 8192 2.000000000 2
1044 124 3 8192 2.000000000 2
1044 148 3 8192 2.000000000 2
1044 152 3 8192 2.000000000 2
1044 180 3 8192 2.000000000 2
1044 200 3 8192 2.000000000 2
1044 212 3 8192 2.000000000 2
1044 216 3 8192 2.000000000 2
1044 244 3 8192 2.000000000 2
1044 292 3 8192 2.000000000 2
1044 348 3 8192 2.000000000 2
1044 372 3 8192 2.000000000 2
1044 384 3 8192 2.000000000 2
1044 400 3 8192 2.000000000 2
1044 412 3 8192 2.000000000 2
1044 420 3 8192 2.000000000 2
1044 424 3 8192 2.000000000 2
1044 436 3 8192 2.000000000 2
1044 476 3 8192 2.000000000 2
1044 500 3 8192 2.000000000 2
1044 520 3 8192 2.000000000 2
1044 544 3 8192 2.000000000 2
1044 552 3 8192 2.000000000 2
1044 564 3 8192 2.000000000 2
1044 596 3 8192 2.000000000 2
1044 604 3 8192 2.000000000 2
1044 656 3 8192 2.000000000 2
1044 668 3 8192 2.000000000 2
1044 676 3 8192 2.000000000 2
1044 692 3 8192 2.000000000 2
1044 708 3 8192 2.000000000 2
1044 732 3 8192 2.000000000 2
1044 752 3 8192 2.000000000 2
1044 760 3 8192 2.000000000 2
1044 800 3 8192 2.000000000 2
1044 836 3 8192 2.000000000 2
1044 848 3 8192 2.000000000 2
1044 860 3 8192 2.000000000 2
1044 884 3 8192 2.000000000 2
1044 908 3 8192 2.000000000 2
1044 968 3 8192 2.000000000 2
1044 972 3 8192 2.000000000 2
1044 980 3 8192 2.000000000 2
1044 992 3 8192 2.000000000 2
1044 1004 3 8192 2.000000000 2
1044 1016 3 8192 2.000000000 2
1044 1048 3 8192 2.000000000 2
1044 1096 3 8192 2.000000000 2
1044 1100 3 8192 2.000000000 2
1044 1184 3 8192 2.000000000 2
1044 1192 3 8192 2.000000000 2
1044 1216 3 8192 2.000000000 2
1044 1252 3 8192 2.000000000 2
1044 1256 3 8192 2.000000000 2
1044 1264 3 8192 2.000000000 2
1044 1276 3 8192 2.000000000 2
1048 12 3 8192 2.000000000 2
1048 56 3 8192 2.000000000 2
1048 108 3 8192 2.000000000 2
1048 112 3 8192 2.000000000 2
1048 132 3 8192 2.000000000 2
1048 136 3 8192 2.000000000 2
1048 160 3 8192 2.000000000 2
1048 164 3 8192 2.000000000 2
1048 172 3 8192 2.000000000 2
1048 192 3 8192 2.000000000 2
1048 204 3 8192 2.000000000 2
1048 244 3 8192 2.000000000 2
1048 276 3 8192 2.000000000 2
1048 320 3 8192 2.000000000 2
1048 340 3 8192 2.000000000 2
1048 380 3 8192 2.000000000 2
1048 392 3 8192 2.000000000 2
1048 412 3 8192 2.000000000 2
1048 424 3 8192 2.000000000 2
1048 436 3 8192 2.000000000 2
1048 448 3 8192 2.000000000 2
1048 468 3 8192 2.000000000 2
1048 472 3 8192 2.000000000 2
1048 508 3 8192 2.000000000 2
1048 536 3 8192 2.000000000 2
1048 540 3 8192 2.000000000 2
1048 544 3 8192 2.000000000 2
1048 560 3 8192 2.000000000 2
1048 568 3 8192 2.000000000 2
1048 644 3 8192 2.000000000 2
1048 656 3 8192 2.000000000 2
1048 660 3 8192 2.000000000 2
1048 664 3 8192 2.000000000 2
1048 684 3 8192 2.000000000 2
1048 740 3 8192 2.000000000 2
1048 748 3 8192 2.000000000 2
1048 752 3 8192 2.000000000 2
1048 760 3 8192 2.000000000 2
1048 784 3 8192 2.000000000 2
1048 812 3 8192 2.000000000 2
1048 852 3 8192 2.000000000 2
1048 856 3 8192 2.000000000 2
1048 872 3 8192 2.000000000 2
1048 880 3 8192 2.000000000 2
1048 908 3 8192 2.000000000 2
1048 912 3 8192 2.000000000 2
1048 940 3 8192 2.000000000 2
1048 964 3 8192 2.000000000 2
1048 972 3 8192 2.000000000 2
1048 1000 3 8192 2.000000000 2
1048 1008 3 8192 2.000000000 2
1048 1012 3 8192 2.000000000 2
1048 1020 3 8192 2.000000000 2
1048 1052 3 8192 2.000000000 2
1048 1056 3 8192 2.000000000 2
1048 1100 3 8192 2.000000000 2
1048 1156 3 8192 2.000000000 2
1048 1184 3 8192 2.000000000 2
1048 1204 3 8192 2.000000000 2
1048 1216 3 8192 2.000000000 2
1048 1224 3 8192 2.000000000 2
1048 1244 3 8192 2.000000000 2
1048 1252 3 8192 2.000000000 2
1048 1268 3 8192 2.000000000 2
1052 0 3 8192 2.000000000 2
1052 8 3 8192 2.000000000 2
1052 16 3 8192 2.000000000 2
1052 36 3 8192 2.000000000 2
1052 56 3 8192 2.000000000 2
1052 64 3 8192 2.000000000 2
1052 92 3 8192 2.000000000 2
1052 132 3 8192 2.000000000 2
1052 148 3 8192 2.000000000 2
1052 152 3 8192 2.000000000 2
1052 176 3 8192 2.000000000 2
1052 208 3 8192 2.000000000 2
1052 256 3 8192 2.000000000 2
1052 280 3 8192 2.000000000 2
1052 288 3 8192 2.000000000 2
1052 304 3 8192 2.000000000 2
1052 328 3 8192 2.000000000 2
1052 348 3 8192 2.000000000 2
1052 352 3 8192 2.000000000 2
1052 356 3 8192 2.000000000 2
1052 368 3 8192 2.000000000 2
1052 376 3 8192 2.000000000 2
1052 412 3 8192 2.000000000 2
1052 420 3 8192 2.000000000 2
1052 460 3 8192 2.000000000 2
1052 504 3 8192 2.000000000 2
1052 560 3 8192 2.000000000 2
1052 588 3 8192 2.000000000 2
1052 628 3 8192 2.000000000 2
1052 632 3 8192 2.000000000 2
1052 652 3 8192 2.000000000 2
1052 692 3 8192 2.000000000 2
1052 736 3 8192 2.000000000 2
1052 760 3 8192 2.000000000 2
1052 772 3 8192 2.000000000 2
1052 780 3 8192 2.000000000 2
1052 784 3 8192 2.000000000 2
1052 804 3 8192 2.000000000 2
1052 812 3 8192 2.000000000 2
1052 828 3 8192 2.000000000 2
1052 908 3 8192 2.000000000 2
1052 916 3 8192 2.000000000 2
1052 940 3 8192 2.000000000 2
1052 956 3 8192 2.000000000 2
1052 960 3 8192 2.000000000 2
1052 980 3 8192 2.000000000 2
1052 984 3 8192 2.000000000 2
1052 1000 3 8192 2.000000000 2
1052 1040 3 8192 2.000000000 2
1052 1048 3 8192 2.000000000 2
1052 1056 3 8192 2.000000000 2
1052 1084 3 8192 2.000000000 2
1052 1092 3 8192 2.000000000 2
1052 1096 3 8192 2.000000000 2
1052 1100 3 8192 2.000000000 2
1052 1104 3 8192 2.000000000 2
1052 1108 3 8192 2.000000000 2
1052 1156 3 8192 2.000000000 2
1052 1160 3 8192 2.000000000 2
1052 1176 3 8192 2.000000000 2
1052 1208 3 8192 2.000000000 2
1052 1220 3 8192 2.000000000 2
1052 1228 3 8192 2.000000000 2
1052 1276 3 8192 2.000000000 2
1056 4 3 8192 2.000000000 2
1056 8 3 8192 2.000000000 2
1056 12 3 8192 2.000000000 2
1056 36 3 8192 2.000000000 2
1056 52 3 8192 2.000000000 2
1056 56 3 8192 2.000000000 2
1056 68 3 8192 2.000000000 2
1056 72 3 8192 2.000000000 2
1056 76 3 8192 2.000000000 2
1056 132 3 8192 2.000000000 2
1056 148 3 8192 2.000000000 2
1056 180 3 8192 2.000000000 2
1056 196 3 8192 2.000000000 2
1056 208 3 8192 2.000000000 2
1056 276 3 8192 2.000000000 2
1056 284 3 8192 2.000000000 2
1056 316 3 8192 2.000000000 2
1056 352 3 8192 2.000000000 2
1056 372 3 8192 2.000000000 2
1056 380 3 8192 2.000000000 2
1056 400 3 8192 2.000000000 2
1056 424 3 8192 2.000000000 2
1056 456 3 8192 2.000000000 2
1056 504 3 8192 2.000000000 2
1056 508 3 8192 2.000000000 2
1056 532 3 8192 2.000000000 2
1056 536 3 8192 2.000000000 2
1056 552 3 8192 2.000000000 2
1056 560 3 8192 2.000000000 2
1056 568 3 8192 2.000000000 2
1056 596 3 8192 2.000000000 2
1056 620 3 8192 2.000000000 2
1056 632 3 8192 2.000000000 2
1056 636 3 8192 2.000000000 2
1056 652 3 8192 2.000000000 2
1056 720 3 8192 2.000000000 2
1056 732 3 8192 2.000000000 2
1056 736 3 8192 2.000000000 2
1056 764 3 8192 2.000000000 2
1056 804 3 8192 2.000000000 2
1056 812 3 8192 2.000000000 2
1056 828 3 8192 2.000000000 2
1056 836 3 8192 2.000000000 2
1056 848 3 8192 2.000000000 2
1056 872 3 8192 2.000000000 2
1056 908 3 8192 2.000000000 2
1056 912 3 8192 2.000000000 2
1056 916 3 8192 2.000000000 2
1056 940 3 8192 2.000000000 2
1056 972 3 8192 2.000000000 2
1056 996 3 8192 2.000000000 2
1056 1008 3 8192 2.000000000 2
1056 1020 3 8192 2.000000000 2
1056 1044 3 8192 2.000000000 2
1056 1052 3 8192 2.000000000 2
1056 1076 3 8192 2.000000000 2
1056 1088 3 8192 2.000000000 2
1056 1096 3 8192 2.000000000 2
1056 1140 3 8192 2.000000000 2
1056 1144 3 8192 2.000000000 2
1056 1192 3 8192 2.000000000 2
1056 1208 3 8192 2.000000000 2
1056 1220 3 8192 2.000000000 2
1056 1244 3 8192 2.000000000 2
1060 4 3 8192 2.000000000 2
1060 20 3 8192 2.000000000 2
1060 24 3 8192 2.000000000 2
1060 60 3 8192 2.000000000 2
1060 68 3 8192 2.000000000 2
1060 92 3 8192 2.000000000 2
1060 96 3 8192 2.000000000 2
1060 156 3 8192 2.000000000 2
1060 176 3 8192 2.000000000 2
1060 212 3 8192 2.000000000 2
1060 216 3 8192 2.000000000 2
1060 240 3 8192 2.000000000 2
1060 264 3 8192 2.000000000 2
1060 272 3 8192 2.000000000 2
1060 280 3 8192 2.000000000 2
1060 284 3 8192 2.000000000 2
1060 292 3 8192 2.000000000 2
1060 296 3 8192 2.000000000 2
1060 312 3 8192 2.000000000 2
1060 328 3 8192 2.000000000 2
1060 360 3 8192 2.000000000 2
1060 376 3 8192 2.000000000 2
1060 384 3 8192 2.000000000 2
1060 424 3 8192 2.000000000 2
1060 436 3 8192 2.000000000 2
1060 444 3 8192 2.000000000 2
1060 456 3 8192 2.000000000 2
1060 460 3 8192 2.000000000 2
1060 496 3 8192 2.000000000 2
1060 500 3 8192 2.000000000 2
1060 516 3 8192 2.000000000 2
1060 532 3 8192 2.000000000 2
1060 548 3 8192 2.000000000 2
1060 552 3 8192 2.000000000 2
1060 556 3 8192 2.000000000 2
1060 612 3 8192 2.000000000 2
1060 656 3 8192 2.000000000 2
1060 660 3 8192 2.000000000 2
1060 684 3 8192 2.000000000 2
1060 692 3 8192 2.000000000 2
1060 708 3 8192 2.000000000 2
1060 724 3 8192 2.000000000 2
1060 740 3 8192 2.000000000 2
1060 748 3 8192 2.000000000 2
1060 768 3 8192 2.000000000 2
1060 784 3 8192 2.000000000 2
1060 800 3 8192 2.000000000 2
1060 804 3 8192 2.000000000 2
1060 816 3 8192 2.000000000 2
1060 836 3 8192 2.000000000 2
1060 844 3 8192 2.000000000 2
1060 856 3 8192 2.000000000 2
1060 872 3 8192 2.000000000 2
1060 940 3 8192 2.000000000 2
1060 960 3 8192 2.000000000 2
1060 964 3 8192 2.000000000 2
1060 984 3 8192 2.000000000 2
1060 992 3 8192 2.000000000 2
1060 996 3 8192 2.000000000 2
1060 1012 3 8192 2.000000000 2
1060 1052 3 8192 2.000000000 2
1060 1148 3 8192 2.000000000 2
1060 1252 3 8192 2.000000000 2
1060 1276 3 8192 2.000000000 2
1068 20 3 8192 2.000000000 2
1068 28 3 8192 2.000000000 2
1068 40 3 8192 2.000000000 2
1068 60 3 8192 2.000000000 2
1068 64 3 8192 2.000000000 2
1068 108 3 8192 2.000000000 2
1068 136 3 8192 2.000000000 2
1068 152 3 8192 2.000000000 2
1068 244 3 8192 2.000000000 2
1068 280 3 8192 2.000000000 2
1068 284 3 8192 2.000000000 2
1068 288 3 8192 2.000000000 2
1068 296 3 8192 2.000000000 2
1068 312 3 8192 2.000000000 2
1068 352 3 8192 2.000000000 2
1068 360 3 8192 2.000000000 2
1068 388 3 8192 2.000000000 2
1068 396 3 8192 2.000000000 2
1068 420 3 8192 2.000000000 2
1068 460 3 8192 2.000000000 2
1068 476 3 8192 2.000000000 2
1068 560 3 8192 2.000000000 2
1068 580 3 8192 2.000000000 2
1068 596 3 8192 2.000000000 2
1068 604 3 8192 2.000000000 2
1068 620 3 8192 2.000000000 2
1068 628 3 8192 2.000000000 2
1068 640 3 8192 2.000000000 2
1068 644 3 8192 2.000000000 2
1068 668 3 8192 2.000000000 2
1068 684 3 8192 2.000000000 2
1068 688 3 8192 2.000000000 2
1068 720 3 8192 2.000000000 2
1068 724 3 8192 2.000000000 2
1068 740 3 8192 2.000000000 2
1068 752 3 8192 2.000000000 2
1068 780 3 8192 2.000000000 2
1068 788 3 8192 2.000000000 2
1068 792 3 8192 2.000000000 2
1068 816 3 8192 2.000000000 2
1068 836 3 8192 2.000000000 2
1068 848 3 8192 2.000000000 2
1068 880 3 8192 2.000000000 2
1068 888 3 8192 2.000000000 2
1068 896 3 8192 2.000000000 2
1068 900 3 8192 2.000000000 2
1068 940 3 8192 2.000000000 2
1068 952 3 8192 2.000000000 2
1068 956 3 8192 2.000000000 2
1068 960 3 8192 2.000000000 2
1068 964 3 8192 2.000000000 2
1068 1008 3 8192 2.000000000 2
1068 1016 3 8192 2.000000000 2
1068 1020 3 8192 2.000000000 2
1068 1028 3 8192 2.000000000 2
1068 1072 3 8192 2.000000000 2
1068 1076 3 8192 2.000000000 2
1068 1088 3 8192 2.000000000 2
1068 1112 3 8192 2.000000000 2
1068 1128 3 8192 2.000000000 2
1068 1144 3 8192 2.000000000 2
1068 1156 3 8192 2.000000000 2
1068 1184 3 8192 2.000000000 2
1068 1208 3 8192 2.000000000 2
1072 24 3 8192 2.000000000 2
1072 92 3 8192 2.000000000 2
1072 128 3 8192 2.000000000 2
1072 136 3 8192 2.000000000 2
1072 156 3 8192 2.000000000 2
1072 160 3 8192 2.000000000 2
1072 200 3 8192 2.000000000 2
1072 208 3 8192 2.000000000 2
1072 212 3 8192 2.000000000 2
1072 240 3 8192 2.000000000 2
1072 264 3 8192 2.000000000 2
1072 316 3 8192 2.000000000 2
1072 336 3 8192 2.000000000 2
1072 348 3 8192 2.000000000 2
1072 352 3 8192 2.000000000 2
1072 368 3 8192 2.000000000 2
1072 392 3 8192 2.000000000 2
1072 400 3 8192 2.000000000 2
1072 424 3 8192 2.000000000 2
1072 440 3 8192 2.000000000 2
1072 444 3 8192 2.000000000 2
1072 468 3 8192 2.000000000 2
1072 492 3 8192 2.000000000 2
1072 496 3 8192 2.000000000 2
1072 532 3 8192 2.000000000 2
1072 536 3 8192 2.000000000 2
1072 540 3 8192 2.000000000 2
1072 552 3 8192 2.000000000 2
1072 556 3 8192 2.000000000 2
1072 564 3 8192 2.000000000 2
1072 596 3 8192 2.000000000 2
1072 600 3 8192 2.000000000 2
1072 604 3 8192 2.000000000 2
1072 616 3 8192 2.000000000 2
1072 628 3 8192 2.000000000 2
1072 664 3 8192 2.000000000 2
1072 684 3 8192 2.000000000 2
1072 708 3 8192 2.000000000 2
1072 740 3 8192 2.000000000 2
1072 744 3 8192 2.000000000 2
1072 796 3 8192 2.000000000 2
1072 804 3 8192 2.000000000 2
1072 816 3 8192 2.000000000 2
1072 836 3 8192 2.000000000 2
1072 896 3 8192 2.000000000 2
1072 900 3 8192 2.000000000 2
1072 904 3 8192 2.000000000 2
1072 908 3 8192 2.000000000 2
1072 976 3 8192 2.000000000 2
1072 980 3 8192 2.000000000 2
1072 988 3 8192 2.000000000 2
1072 1000 3 8192 2.000000000 2
1072 1008 3 8192 2.000000000 2
1072 1044 3 8192 2.000000000 2
1072 1052 3 8192 2.000000000 2
1072 1056 3 8192 2.000000000 2
1072 1160 3 8192 2.000000000 2
1072 1204 3 8192 2.000000000 2
1072 1212 3 8192 2.000000000 2
1072 1216 3 8192 2.000000000 2
1072 1228 3 8192 2.000000000 2
1072 1264 3 8192 2.000000000 2
1072 1268 3 8192 2.000000000 2
1072 1272 3 8192 2.000000000 2
1076 8 3 8192 2.000000000 2
1076 16 3 8192 2.000000000 2
1076 56 3 8192 2.000000000 2
1076 60 3 8192 2.000000000 2
1076 92 3 8192 2.000000000 2
1076 100 3 8192 2.000000000 2
1076 112 3 8192 2.000000000 2
1076 116 3 8192 2.000000000 2
1076 124 3 8192 2.000000000 2
1076 132 3 8192 2.000000000 2
1076 136 3 8192 2.000000000 2
1076 180 3 8192 2.000000000 2
1076 192 3 8192 2.000000000 2
1076 212 3 8192 2.000000000 2
1076 216 3 8192 2.000000000 2
1076 240 3 8192 2.000000000 2
1076 272 3 8192 2.000000000 2
1076 288 3 8192 2.000000000 2
1076 312 3 8192 2.000000000 2
1076 352 3 8192 2.000000000 2
1076 360 3 8192 2.000000000 2
1076 364 3 8192 2.000000000 2
1076 380 3 8192 2.000000000 2
1076 384 3 8192 2.000000000 2
1076 388 3 8192 2.000000000 2
1076 400 3 8192 2.000000000 2
1076 440 3 8192 2.000000000 2
1076 496 3 8192 2.000000000 2
1076 548 3 8192 2.000000000 2
1076 552 3 8192 2.000000000 2
1076 568 3 8192 2.000000000 2
1076 580 3 8192 2.000000000 2
1076 612 3 8192 2.000000000 2
1076 644 3 8192 2.000000000 2
1076 660 3 8192 2.000000000 2
1076 664 3 8192 2.000000000 2
1076 668 3 8192 2.000000000 2
1076 672 3 8192 2.000000000 2
1076 676 3 8192 2.000000000 2
1076 688 3 8192 2.000000000 2
1076 732 3 8192 2.000000000 2
1076 740 3 8192 2.000000000 2
1076 744 3 8192 2.000000000 2
1076 752 3 8192 2.000000000 2
1076 800 3 8192 2.000000000 2
1076 816 3 8192 2.000000000 2
1076 840 3 8192 2.000000000 2
1076 880 3 8192 2.000000000 2
1076 960 3 8192 2.000000000 2
1076 992 3 8192 2.000000000 2
1076 1008 3 8192 2.000000000 2
1076 1012 3 8192 2.000000000 2
1076 1052 3 8192 2.000000000 2
1076 1068 3 8192 2.000000000 2
1076 1092 3 8192 2.000000000 2
1076 1164 3 8192 2.000000000 2
1076 1180 3 8192 2.000000000 2
1076 1184 3 8192 2.000000000 2
1076 1192 3 8192 2.000000000 2
1076 1212 3 8192 2.000000000 2
1076 1216 3 8192 2.000000000 2
1076 1244 3 8192 2.000000000 2
1076 1256 3 8192 2.000000000 2
1076 1272 3 8192 2.000000000 2
1080 0 3 8192 2.000000000 2
1080 4 3 8192 2.000000000 2
1080 12 3 8192 2.000000000 2
1080 16 3 8192 2.000000000 2
1080 20 3 8192 2.000000000 2
1080 36 3 8192 2.000000000 2
1080 100 3 8192 2.000000000 2
1080 112 3 8192 2.000000000 2
1080 152 3 8192 2.000000000 2
1080 180 3 8192 2.000000000 2
1080 208 3 8192 2.000000000 2
1080 212 3 8192 2.000000000 2
1080 240 3 8192 2.000000000 2
1080 244 3 8192 2.000000000 2
1080 272 3 8192 2.000000000 2
1080 276 3 8192 2.000000000 2
1080 308 3 8192 2.000000000 2
1080 328 3 8192 2.000000000 2
1080 336 3 8192 2.000000000 2
1080 352 3 8192 2.000000000 2
1080 396 3 8192 2.000000000 2
1080 412 3 8192 2.000000000 2
1080 420 3 8192 2.000000000 2
1080 424 3 8192 2.000000000 2
1080 468 3 8192 2.000000000 2
1080 476 3 8192 2.000000000 2
1080 492 3 8192 2.000000000 2
1080 496 3 8192 2.000000000 2
1080 540 3 8192 2.000000000 2
1080 560 3 8192 2.000000000 2
1080 592 3 8192 2.000000000 2
1080 596 3 8192 2.000000000 2
1080 600 3 8192 2.000000000 2
1080 612 3 8192 2.000000000 2
1080 632 3 8192 2.000000000 2
1080 656 3 8192 2.000000000 2
1080 660 3 8192 2.000000000 2
1080 688 3 8192 2.000000000 2
1080 712 3 8192 2.000000000 2
1080 732 3 8192 2.000000000 2
1080 740 3 8192 2.000000000 2
1080 748 3 8192 2.000000000 2
1080 764 3 8192 2.000000000 2
1080 772 3 8192 2.000000000 2
1080 784 3 8192 2.000000000 2
1080 800 3 8192 2.000000000 2
1080 812 3 8192 2.000000000 2
1080 880 3 8192 2.000000000 2
1080 892 3 8192 2.000000000 2
1080 908 3 8192 2.000000000 2
1080 964 3 8192 2.000000000 2
1080 968 3 8192 2.000000000 2
1080 1004 3 8192 2.000000000 2
1080 1020 3 8192 2.000000000 2
1080 1040 3 8192 2.000000000 2
1080 1044 3 8192 2.000000000 2
1080 1048 3 8192 2.000000000 2
1080 1096 3 8192 2.000000000 2
1080 1100 3 8192 2.000000000 2
1080 1156 3 8192 2.000000000 2
1080 1160 3 8192 2.000000000 2
1080 1204 3 8192 2.000000000 2
1080 1216 3 8192 2.000000000 2
1080 1260 3 8192 2.000000000 2
1084 8 3 8192 2.000000000 2
1084 16 3 8192 2.000000000 2
1084 24 3 8192 2.000000000 2
1084 32 3 8192 2.000000000 2
1084 52 3 8192 2.000000000 2
1084 56 3 8192 2.000000000 2
1084 76 3 8192 2.000000000 2
1084 112 3 8192 2.000000000 2
1084 128 3 8192 2.000000000 2
1084 156 3 8192 2.000000000 2
1084 192 3 8192 2.000000000 2
1084 224 3 8192 2.000000000 2
1084 240 3 8192 2.000000000 2
1084 260 3 8192 2.000000000 2
1084 264 3 8192 2.000000000 2
1084 268 3 8192 2.000000000 2
1084 272 3 8192 2.000000000 2
1084 276 3 8192 2.000000000 2
1084 284 3 8192 2.000000000 2
1084 312 3 8192 2.000000000 2
1084 328 3 8192 2.000000000 2
1084 368 3 8192 2.000000000 2
1084 384 3 8192 2.000000000 2
1084 396 3 8192 2.000000000 2
1084 424 3 8192 2.000000000 2
1084 428 3 8192 2.000000000 2
1084 436 3 8192 2.000000000 2
1084 440 3 8192 2.000000000 2
1084 444 3 8192 2.000000000 2
1084 456 3 8192 2.000000000 2
1084 468 3 8192 2.000000000 2
1084 472 3 8192 2.000000000 2
1084 508 3 8192 2.000000000 2
1084 516 3 8192 2.000000000 2
1084 520 3 8192 2.000000000 2
1084 536 3 8192 2.000000000 2
1084 552 3 8192 2.000000000 2
1084 556 3 8192 2.000000000 2
1084 580 3 8192 2.000000000 2
1084 604 3 8192 2.000000000 2
1084 608 3 8192 2.000000000 2
1084 684 3 8192 2.000000000 2
1084 724 3 8192 2.000000000 2
1084 736 3 8192 2.000000000 2
1084 740 3 8192 2.000000000 2
1084 796 3 8192 2.000000000 2
1084 816 3 8192 2.000000000 2
1084 840 3 8192 2.000000000 2
1084 864 3 8192 2.000000000 2
1084 892 3 8192 2.000000000 2
1084 896 3 8192 2.000000000 2
1084 900 3 8192 2.000000000 2
1084 916 3 8192 2.000000000 2
1084 988 3 8192 2.000000000 2
1084 1068 3 8192 2.000000000 2
1084 1080 3 8192 2.000000000 2
1084 1088 3 8192 2.000000000 2
1084 1104 3 8192 2.000000000 2
1084 1112 3 8192 2.000000000 2
1084 1144 3 8192 2.000000000 2
1084 1148 3 8192 2.000000000 2
1084 1160 3 8192 2.000000000 2
1084 1212 3 8192 2.000000000 2
1084 1264 3 8192 2.000000000 2
1088 28 3 8192 2.000000000 2
1088 92 3 8192 2.000000000 2
1088 120 3 8192 2.000000000 2
1088 132 3 8192 2.000000000 2
1088 164 3 8192 2.000000000 2
1088 176 3 8192 2.000000000 2
1088 180 3 8192 2.000000000 2
1088 224 3 8192 2.000000000 2
1088 276 3 8192 2.000000000 2
1088 280 3 8192 2.000000000 2
1088 288 3 8192 2.000000000 2
1088 304 3 8192 2.000000000 2
1088 400 3 8192 2.000000000 2
1088 412 3 8192 2.000000000 2
1088 456 3 8192 2.000000000 2
1088 492 3 8192 2.000000000 2
1088 496 3 8192 2.000000000 2
1088 536 3 8192 2.000000000 2
1088 544 3 8192 2.000000000 2
1088 548 3 8192 2.000000000 2
1088 552 3 8192 2.000000000 2
1088 568 3 8192 2.000000000 2
1088 596 3 8192 2.000000000 2
1088 604 3 8192 2.000000000 2
1088 624 3 8192 2.000000000 2
1088 636 3 8192 2.000000000 2
1088 708 3 8192 2.000000000 2
1088 712 3 8192 2.000000000 2
1088 724 3 8192 2.000000000 2
1088 748 3 8192 2.000000000 2
1088 752 3 8192 2.000000000 2
1088 760 3 8192 2.000000000 2
1088 764 3 8192 2.000000000 2
1088 772 3 8192 2.000000000 2
1088 780 3 8192 2.000000000 2
1088 788 3 8192 2.000000000 2
1088 800 3 8192 2.000000000 2
1088 816 3 8192 2.000000000 2
1088 828 3 8192 2.000000000 2
1088 840 3 8192 2.000000000 2
1088 844 3 8192 2.000000000 2
1088 856 3 8192 2.000000000 2
1088 864 3 8192 2.000000000 2
1088 904 3 8192 2.000000000 2
1088 912 3 8192 2.000000000 2
1088 940 3 8192 2.000000000 2
1088 964 3 8192 2.000000000 2
1088 984 3 8192 2.000000000 2
1088 988 3 8192 2.000000000 2
1088 1016 3 8192 2.000000000 2
1088 1028 3 8192 2.000000000 2
1088 1040 3 8192 2.000000000 2
1088 1048 3 8192 2.000000000 2
1088 1052 3 8192 2.000000000 2
1088 1056 3 8192 2.000000000 2
1088 1096 3 8192 2.000000000 2
1088 1104 3 8192 2.000000000 2
1088 1108 3 8192 2.000000000 2
1088 1144 3 8192 2.000000000 2
1088 1148 3 8192 2.000000000 2
1088 1184 3 8192 2.000000000 2
1088 1212 3 8192 2.000000000 2
1088 1228 3 8192 2.000000000 2
1088 1264 3 8192 2.000000000 2
1092 24 3 8192 2.000000000 2
1092 28 3 8192 2.000000000 2
1092 48 3 8192 2.000000000 2
1092 52 3 8192 2.000000000 2
1092 68 3 8192 2.000000000 2
1092 72 3 8192 2.000000000 2
1092 76 3 8192 2.000000000 2
1092 100 3 8192 2.000000000 2
1092 108 3 8192 2.000000000 2
1092 176 3 8192 2.000000000 2
1092 180 3 8192 2.000000000 2
1092 196 3 8192 2.000000000 2
1092 212 3 8192 2.000000000 2
1092 216 3 8192 2.000000000 2
1092 224 3 8192 2.000000000 2
1092 240 3 8192 2.000000000 2
1092 256 3 8192 2.000000000 2
1092 260 3 8192 2.000000000 2
1092 272 3 8192 2.000000000 2
1092 304 3 8192 2.000000000 2
1092 312 3 8192 2.000000000 2
1092 324 3 8192 2.000000000 2
1092 328 3 8192 2.000000000 2
1092 368 3 8192 2.000000000 2
1092 376 3 8192 2.000000000 2
1092 384 3 8192 2.000000000 2
1092 396 3 8192 2.000000000 2
1092 420 3 8192 2.000000000 2
1092 444 3 8192 2.000000000 2
1092 460 3 8192 2.000000000 2
1092 476 3 8192 2.000000000 2
1092 492 3 8192 2.000000000 2
1092 520 3 8192 2.000000000 2
1092 548 3 8192 2.000000000 2
1092 552 3 8192 2.000000000 2
1092 556 3 8192 2.000000000 2
1092 592 3 8192 2.000000000 2
1092 620 3 8192 2.000000000 2
1092 692 3 8192 2.000000000 2
1092 708 3 8192 2.000000000 2
1092 744 3 8192 2.000000000 2
1092 780 3 8192 2.000000000 2
1092 812 3 8192 2.000000000 2
1092 836 3 8192 2.000000000 2
1092 872 3 8192 2.000000000 2
1092 880 3 8192 2.000000000 2
1092 908 3 8192 2.000000000 2
1092 916 3 8192 2.000000000 2
1092 960 3 8192 2.000000000 2
1092 972 3 8192 2.000000000 2
1092 976 3 8192 2.000000000 2
1092 996 3 8192 2.000000000 2
1092 1020 3 8192 2.000000000 2
1092 1056 3 8192 2.000000000 2
1092 1068 3 8192 2.000000000 2
1092 1096 3 8192 2.000000000 2
1092 1112 3 8192 2.000000000 2
1092 1156 3 8192 2.000000000 2
1092 1160 3 8192 2.000000000 2
1092 1184 3 8192 2.000000000 2
1092 1196 3 8192 2.000000000 2
1092 1208 3 8192 2.000000000 2
1092 1236 3 8192 2.000000000 2
1092 1272 3 8192 2.000000000 2
1096 0 3 8192 2.000000000 2
1096 24 3 8192 2.000000000 2
1096 40 3 8192 2.000000000 2
1096 52 3 8192 2.000000000 2
1096 60 3 8192 2.000000000 2
1096 92 3 8192 2.000000000 2
1096 132 3 8192 2.000000000 2
1096 176 3 8192 2.000000000 2
1096 192 3 8192 2.000000000 2
1096 200 3 8192 2.000000000 2
1096 256 3 8192 2.000000000 2
1096 284 3 8192 2.000000000 2
1096 296 3 8192 2.000000000 2
1096 304 3 8192 2.000000000 2
1096 308 3 8192 2.000000000 2
1096 324 3 8192 2.000000000 2
1096 328 3 8192 2.000000000 2
1096 348 3 8192 2.000000000 2
1096 352 3 8192 2.000000000 2
1096 360 3 8192 2.000000000 2
1096 380 3 8192 2.000000000 2
1096 388 3 8192 2.000000000 2
1096 428 3 8192 2.000000000 2
1096 488 3 8192 2.000000000 2
1096 496 3 8192 2.000000000 2
1096 508 3 8192 2.000000000 2
1096 540 3 8192 2.000000000 2
1096 548 3 8192 2.000000000 2
1096 556 3 8192 2.000000000 2
1096 612 3 8192 2.000000000 2
1096 624 3 8192 2.000000000 2
1096 636 3 8192 2.000000000 2
1096 640 3 8192 2.000000000 2
1096 692 3 8192 2.000000000 2
1096 724 3 8192 2.000000000 2
1096 752 3 8192 2.000000000 2
1096 768 3 8192 2.000000000 2
1096 780 3 8192 2.000000000 2
1096 796 3 8192 2.000000000 2
1096 800 3 8192 2.000000000 2
1096 828 3 8192 2.000000000 2
1096 844 3 8192 2.000000000 2
1096 884 3 8192 2.000000000 2
1096 904 3 8192 2.000000000 2
1096 952 3 8192 2.000000000 2
1096 972 3 8192 2.000000000 2
1096 992 3 8192 2.000000000 2
1096 1020 3 8192 2.000000000 2
1096 1040 3 8192 2.000000000 2
1096 1080 3 8192 2.000000000 2
1096 1092 3 8192 2.000000000 2
1096 1104 3 8192 2.000000000 2
1096 1108 3 8192 2.000000000 2
1096 1140 3 8192 2.000000000 2
1096 1148 3 8192 2.000000000 2
1096 1160 3 8192 2.000000000 2
1096 1176 3 8192 2.000000000 2
1096 1180 3 8192 2.000000000 2
1096 1184 3 8192 2.000000000 2
1096 1208 3 8192 2.000000000 2
1096 1216 3 8192 2.000000000 2
1096 1220 3 8192 2.000000000 2
1096 1252 3 8192 2.000000000 2
1096 1272 3 8192 2.000000000 2
1100 0 3 8192 2.000000000 2
1100 8 3 8192 2.000000000 2
1100 16 3 8192 2.000000000 2
1100 20 3 8192 2.000000000 2
1100 40 3 8192 2.000000000 2
1100 56 3 8192 2.000000000 2
1100 68 3 8192 2.000000000 2
1100 92 3 8192 2.000000000 2
1100 100 3 8192 2.000000000 2
1100 112 3 8192 2.000000000 2
1100 136 3 8192 2.000000000 2
1100 196 3 8192 2.000000000 2
1100 216 3 8192 2.000000000 2
1100 260 3 8192 2.000000000 2
1100 264 3 8192 2.000000000 2
1100 268 3 8192 2.000000000 2
1100 276 3 8192 2.000000000 2
1100 288 3 8192 2.000000000 2
1100 304 3 8192 2.000000000 2
1100 312 3 8192 2.000000000 2
1100 320 3 8192 2.000000000 2
1100 324 3 8192 2.000000000 2
1100 396 3 8192 2.000000000 2
1100 424 3 8192 2.000000000 2
1100 476 3 8192 2.000000000 2
1100 508 3 8192 2.000000000 2
1100 520 3 8192 2.000000000 2
1100 532 3 8192 2.000000000 2
1100 548 3 8192 2.000000000 2
1100 556 3 8192 2.000000000 2
1100 568 3 8192 2.000000000 2
1100 616 3 8192 2.000000000 2
1100 620 3 8192 2.000000000 2
1100 636 3 8192 2.000000000 2
1100 652 3 8192 2.000000000 2
1100 664 3 8192 2.000000000 2
1100 688 3 8192 2.000000000 2
1100 744 3 8192 2.000000000 2
1100 760 3 8192 2.000000000 2
1100 772 3 8192 2.000000000 2
1100 792 3 8192 2.000000000 2
1100 888 3 8192 2.000000000 2
1100 900 3 8192 2.000000000 2
1100 912 3 8192 2.000000000 2
1100 940 3 8192 2.000000000 2
1100 948 3 8192 2.000000000 2
1100 960 3 8192 2.000000000 2
1100 988 3 8192 2.000000000 2
1100 996 3 8192 2.000000000 2
1100 1016 3 8192 2.000000000 2
1100 1028 3 8192 2.000000000 2
1100 1040 3 8192 2.000000000 2
1100 1080 3 8192 2.000000000 2
1100 1092 3 8192 2.000000000 2
1100 1128 3 8192 2.000000000 2
1100 1176 3 8192 2.000000000 2
1100 1204 3 8192 2.000000000 2
1100 1208 3 8192 2.000000000 2
1100 1216 3 8192 2.000000000 2
1100 1224 3 8192 2.000000000 2
1100 1228 3 8192 2.000000000 2
1100 1244 3 8192 2.000000000 2
1100 1256 3 8192 2.000000000 2
1100 1268 3 8192 2.000000000 2
1104 36 3 8192 2.000000000 2
1104 48 3 8192 2.000000000 2
1104 72 3 8192 2.000000000 2
1104 92 3 8192 2.000000000 2
1104 100 3 8192 2.000000000 2
1104 120 3 8192 2.000000000 2
1104 124 3 8192 2.000000000 2
1104 128 3 8192 2.000000000 2
1104 156 3 8192 2.000000000 2
1104 176 3 8192 2.000000000 2
1104 204 3 8192 2.000000000 2
1104 208 3 8192 2.000000000 2
1104 224 3 8192 2.000000000 2
1104 312 3 8192 2.000000000 2
1104 316 3 8192 2.000000000 2
1104 356 3 8192 2.000000000 2
1104 376 3 8192 2.000000000 2
1104 436 3 8192 2.000000000 2
1104 444 3 8192 2.000000000 2
1104 460 3 8192 2.000000000 2
1104 472 3 8192 2.000000000 2
1104 476 3 8192 2.000000000 2
1104 496 3 8192 2.000000000 2
1104 548 3 8192 2.000000000 2
1104 556 3 8192 2.000000000 2
1104 564 3 8192 2.000000000 2
1104 620 3 8192 2.000000000 2
1104 660 3 8192 2.000000000 2
1104 708 3 8192 2.000000000 2
1104 732 3 8192 2.000000000 2
1104 744 3 8192 2.000000000 2
1104 764 3 8192 2.000000000 2
1104 812 3 8192 2.000000000 2
1104 828 3 8192 2.000000000 2
1104 840 3 8192 2.000000000 2
1104 844 3 8192 2.000000000 2
1104 848 3 8192 2.000000000 2
1104 852 3 8192 2.000000000 2
1104 896 3 8192 2.000000000 2
1104 940 3 8192 2.000000000 2
1104 948 3 8192 2.000000000 2
1104 960 3 8192 2.000000000 2
1104 972 3 8192 2.000000000 2
1104 980 3 8192 2.000000000 2
1104 996 3 8192 2.000000000 2
1104 1016 3 8192 2.000000000 2
1104 1020 3 8192 2.000000000 2
1104 1024 3 8192 2.000000000 2
1104 1048 3 8192 2.000000000 2
1104 1052 3 8192 2.000000000 2
1104 1068 3 8192 2.000000000 2
1104 1080 3 8192 2.000000000 2
1104 1084 3 8192 2.000000000 2
1104 1088 3 8192 2.000000000 2
1104 1096 3 8192 2.000000000 2
1104 1156 3 8192 2.000000000 2
1104 1160 3 8192 2.000000000 2
1104 1180 3 8192 2.000000000 2
1104 1212 3 8192 2.000000000 2
1104 1216 3 8192 2.000000000 2
1104 1220 3 8192 2.000000000 2
1104 1224 3 8192 2.000000000 2
1104 1228 3 8192 2.000000000 2
1104 1272 3 8192 2.000000000 2
1108 4 3 8192 2.000000000 2
1108 24 3 8192 2.000000000 2
1108 40 3 8192 2.000000000 2
1108 48 3 8192 2.000000000 2
1108 64 3 8192 2.000000000 2
1108 92 3 8192 2.000000000 2
1108 96 3 8192 2.000000000 2
1108 124 3 8192 2.000000000 2
1108 128 3 8192 2.000000000 2
1108 148 3 8192 2.000000000 2
1108 160 3 8192 2.000000000 2
1108 164 3 8192 2.000000000 2
1108 180 3 8192 2.000000000 2
1108 196 3 8192 2.000000000 2
1108 212 3 8192 2.000000000 2
1108 244 3 8192 2.000000000 2
1108 260 3 8192 2.000000000 2
1108 276 3 8192 2.000000000 2
1108 328 3 8192 2.000000000 2
1108 336 3 8192 2.000000000 2
1108 372 3 8192 2.000000000 2
1108 376 3 8192 2.000000000 2
1108 412 3 8192 2.000000000 2
1108 420 3 8192 2.000000000 2
1108 436 3 8192 2.000000000 2
1108 460 3 8192 2.000000000 2
1108 500 3 8192 2.000000000 2
1108 544 3 8192 2.000000000 2
1108 560 3 8192 2.000000000 2
1108 564 3 8192 2.000000000 2
1108 628 3 8192 2.000000000 2
1108 636 3 8192 2.000000000 2
1108 640 3 8192 2.000000000 2
1108 656 3 8192 2.000000000 2
1108 664 3 8192 2.000000000 2
1108 720 3 8192 2.000000000 2
1108 724 3 8192 2.000000000 2
1108 732 3 8192 2.000000000 2
1108 736 3 8192 2.000000000 2
1108 744 3 8192 2.000000000 2
1108 788 3 8192 2.000000000 2
1108 796 3 8192 2.000000000 2
1108 836 3 8192 2.000000000 2
1108 856 3 8192 2.000000000 2
1108 888 3 8192 2.000000000 2
1108 900 3 8192 2.000000000 2
1108 948 3 8192 2.000000000 2
1108 964 3 8192 2.000000000 2
1108 984 3 8192 2.000000000 2
1108 996 3 8192 2.000000000 2
1108 1008 3 8192 2.000000000 2
1108 1012 3 8192 2.000000000 2
1108 1020 3 8192 2.000000000 2
1108 1024 3 8192 2.000000000 2
1108 1048 3 8192 2.000000000 2
1108 1084 3 8192 2.000000000 2
1108 1096 3 8192 2.000000000 2
1108 1160 3 8192 2.000000000 2
1108 1196 3 8192 2.000000000 2
1108 1204 3 8192 2.000000000 2
1108 1224 3 8192 2.000000000 2
1108 1236 3 8192 2.000000000 2
1108 1244 3 8192 2.000000000 2
1108 1260 3 8192 2.000000000 2
1112 0 3 8192 2.000000000 2
1112 8 3 8192 2.000000000 2
1112 20 3 8192 2.000000000 2
1112 36 3 8192 2.000000000 2
1112 92 3 8192 2.000000000 2
1112 108 3 8192 2.000000000 2
1112 112 3 8192 2.000000000 2
1112 128 3 8192 2.000000000 2
1112 136 3 8192 2.000000000 2
1112 152 3 8192 2.000000000 2
1112 164 3 8192 2.000000000 2
1112 192 3 8192 2.000000000 2
1112 196 3 8192 2.000000000 2
1112 200 3 8192 2.000000000 2
1112 208 3 8192 2.000000000 2
1112 212 3 8192 2.000000000 2
1112 276 3 8192 2.000000000 2
1112 280 3 8192 2.000000000 2
1112 296 3 8192 2.000000000 2
1112 324 3 8192 2.000000000 2
1112 336 3 8192 2.000000000 2
1112 384 3 8192 2.000000000 2
1112 396 3 8192 2.000000000 2
1112 436 3 8192 2.000000000 2
1112 448 3 8192 2.000000000 2
1112 456 3 8192 2.000000000 2
1112 472 3 8192 2.000000000 2
1112 492 3 8192 2.000000000 2
1112 496 3 8192 2.000000000 2
1112 516 3 8192 2.000000000 2
1112 520 3 8192 2.000000000 2
1112 536 3 8192 2.000000000 2
1112 624 3 8192 2.000000000 2
1112 644 3 8192 2.000000000 2
1112 712 3 8192 2.000000000 2
1112 740 3 8192 2.000000000 2
1112 752 3 8192 2.000000000 2
1112 788 3 8192 2.000000000 2
1112 792 3 8192 2.000000000 2
1112 840 3 8192 2.000000000 2
1112 860 3 8192 2.000000000 2
1112 864 3 8192 2.000000000 2
1112 872 3 8192 2.000000000 2
1112 892 3 8192 2.000000000 2
1112 896 3 8192 2.000000000 2
1112 908 3 8192 2.000000000 2
1112 960 3 8192 2.000000000 2
1112 964 3 8192 2.000000000 2
1112 968 3 8192 2.000000000 2
1112 988 3 8192 2.000000000 2
1112 1008 3 8192 2.000000000 2
1112 1020 3 8192 2.000000000 2
1112 1044 3 8192 2.000000000 2
1112 1068 3 8192 2.000000000 2
1112 1080 3 8192 2.000000000 2
1112 1096 3 8192 2.000000000 2
1112 1104 3 8192 2.000000000 2
1112 1140 3 8192 2.000000000 2
1112 1148 3 8192 2.000000000 2
1112 1160 3 8192 2.000000000 2
1112 1192 3 8192 2.000000000 2
1112 1208 3 8192 2.000000000 2
1112 1252 3 8192 2.000000000 2
1112 1268 3 8192 2.000000000 2
1128 4 3 8192 2.000000000 2
1128 8 3 8192 2.000000000 2
1128 20 3 8192 2.000000000 2
1128 28 3 8192 2.000000000 2
1128 48 3 8192 2.000000000 2
1128 64 3 8192 2.000000000 2
1128 68 3 8192 2.000000000 2
1128 120 3 8192 2.000000000 2
1128 124 3 8192 2.000000000 2
1128 128 3 8192 2.000000000 2
1128 132 3 8192 2.000000000 2
1128 152 3 8192 2.000000000 2
1128 216 3 8192 2.000000000 2
1128 256 3 8192 2.000000000 2
1128 260 3 8192 2.000000000 2
1128 268 3 8192 2.000000000 2
1128 272 3 8192 2.000000000 2
1128 292 3 8192 2.000000000 2
1128 316 3 8192 2.000000000 2
1128 324 3 8192 2.000000000 2
1128 336 3 8192 2.000000000 2
1128 356 3 8192 2.000000000 2
1128 364 3 8192 2.000000000 2
1128 372 3 8192 2.000000000 2
1128 380 3 8192 2.000000000 2
1128 396 3 8192 2.000000000 2
1128 428 3 8192 2.000000000 2
1128 436 3 8192 2.000000000 2
1128 448 3 8192 2.000000000 2
1128 456 3 8192 2.000000000 2
1128 468 3 8192 2.000000000 2
1128 548 3 8192 2.000000000 2
1128 560 3 8192 2.000000000 2
1128 616 3 8192 2.000000000 2
1128 620 3 8192 2.000000000 2
1128 656 3 8192 2.000000000 2
1128 680 3 8192 2.000000000 2
1128 772 3 8192 2.000000000 2
1128 784 3 8192 2.000000000 2
1128 852 3 8192 2.000000000 2
1128 892 3 8192 2.000000000 2
1128 900 3 8192 2.000000000 2
1128 952 3 8192 2.000000000 2
1128 988 3 8192 2.000000000 2
1128 1024 3 8192 2.000000000 2
1128 1056 3 8192 2.000000000 2
1128 1068 3 8192 2.000000000 2
1128 1076 3 8192 2.000000000 2
1128 1084 3 8192 2.000000000 2
1128 1088 3 8192 2.000000000 2
1128 1100 3 8192 2.000000000 2
1128 1112 3 8192 2.000000000 2
1128 1144 3 8192 2.000000000 2
1128 1148 3 8192 2.000000000 2
1128 1156 3 8192 2.000000000 2
1128 1164 3 8192 2.000000000 2
1128 1208 3 8192 2.000000000 2
1128 1216 3 8192 2.000000000 2
1128 1220 3 8192 2.000000000 2
1128 1228 3 8192 2.000000000 2
1128 1236 3 8192 2.000000000 2
1128 1252 3 8192 2.000000000 2
1128 1260 3 8192 2.000000000 2
1128 1272 3 8192 2.000000000 2
1140 8 3 8192 2.000000000 2
1140 20 3 8192 2.000000000 2
1140 56 3 8192 2.000000000 2
1140 64 3 8192 2.000000000 2
1140 68 3 8192 2.000000000 2
1140 72 3 8192 2.000000000 2
1140 76 3 8192 2.000000000 2
1140 120 3 8192 2.000000000 2
1140 124 3 8192 2.000000000 2
1140 156 3 8192 2.000000000 2
1140 200 3 8192 2.000000000 2
1140 240 3 8192 2.000000000 2
1140 280 3 8192 2.000000000 2
1140 292 3 8192 2.000000000 2
1140 320 3 8192 2.000000000 2
1140 364 3 8192 2.000000000 2
1140 392 3 8192 2.000000000 2
1140 400 3 8192 2.000000000 2
1140 428 3 8192 2.000000000 2
1140 440 3 8192 2.000000000 2
1140 460 3 8192 2.000000000 2
1140 496 3 8192 2.000000000 2
1140 536 3 8192 2.000000000 2
1140 544 3 8192 2.000000000 2
1140 560 3 8192 2.000000000 2
1140 568 3 8192 2.000000000 2
1140 580 3 8192 2.000000000 2
1140 588 3 8192 2.000000000 2
1140 592 3 8192 2.000000000 2
1140 596 3 8192 2.000000000 2
1140 600 3 8192 2.000000000 2
1140 604 3 8192 2.000000000 2
1140 620 3 8192 2.000000000 2
1140 624 3 8192 2.000000000 2
1140 664 3 8192 2.000000000 2
1140 668 3 8192 2.000000000 2
1140 672 3 8192 2.000000000 2
1140 688 3 8192 2.000000000 2
1140 692 3 8192 2.000000000 2
1140 736 3 8192 2.000000000 2
1140 772 3 8192 2.000000000 2
1140 780 3 8192 2.000000000 2
1140 804 3 8192 2.000000000 2
1140 812 3 8192 2.000000000 2
1140 828 3 8192 2.000000000 2
1140 836 3 8192 2.000000000 2
1140 848 3 8192 2.000000000 2
1140 880 3 8192 2.000000000 2
1140 896 3 8192 2.000000000 2
1140 916 3 8192 2.000000000 2
1140 956 3 8192 2.000000000 2
1140 964 3 8192 2.000000000 2
1140 976 3 8192 2.000000000 2
1140 980 3 8192 2.000000000 2
1140 984 3 8192 2.000000000 2
1140 1020 3 8192 2.000000000 2
1140 1048 3 8192 2.000000000 2
1140 1144 3 8192 2.000000000 2
1140 1208 3 8192 2.000000000 2
1140 1220 3 8192 2.000000000 2
1140 1244 3 8192 2.000000000 2
1140 1256 3 8192 2.000000000 2
1140 1260 3 8192 2.000000000 2
1140 1276 3 8192 2.000000000 2
1144 4 3 8192 2.000000000 2
1144 24 3 8192 2.000000000 2
1144 60 3 8192 2.000000000 2
1144 64 3 8192 2.000000000 2
1144 76 3 8192 2.000000000 2
1144 124 3 8192 2.000000000 2
1144 136 3 8192 2.000000000 2
1144 180 3 8192 2.000000000 2
1144 192 3 8192 2.000000000 2
1144 204 3 8192 2.000000000 2
1144 212 3 8192 2.000000000 2
1144 216 3 8192 2.000000000 2
1144 244 3 8192 2.000000000 2
1144 256 3 8192 2.000000000 2
1144 280 3 8192 2.000000000 2
1144 284 3 8192 2.000000000 2
1144 296 3 8192 2.000000000 2
1144 312 3 8192 2.000000000 2
1144 316 3 8192 2.000000000 2
1144 336 3 8192 2.000000000 2
1144 352 3 8192 2.000000000 2
1144 356 3 8192 2.000000000 2
1144 384 3 8192 2.000000000 2
1144 412 3 8192 2.000000000 2
1144 416 3 8192 2.000000000 2
1144 452 3 8192 2.000000000 2
1144 472 3 8192 2.000000000 2
1144 544 3 8192 2.000000000 2
1144 548 3 8192 2.000000000 2
1144 556 3 8192 2.000000000 2
1144 580 3 8192 2.000000000 2
1144 612 3 8192 2.000000000 2
1144 620 3 8192 2.000000000 2
1144 656 3 8192 2.000000000 2
1144 668 3 8192 2.000000000 2
1144 736 3 8192 2.000000000 2
1144 752 3 8192 2.000000000 2
1144 760 3 8192 2.000000000 2
1144 772 3 8192 2.000000000 2
1144 788 3 8192 2.000000000 2
1144 804 3 8192 2.000000000 2
1144 848 3 8192 2.000000000 2
1144 852 3 8192 2.000000000 2
1144 860 3 8192 2.000000000 2
1144 864 3 8192 2.000000000 2
1144 872 3 8192 2.000000000 2
1144 900 3 8192 2.000000000 2
1144 908 3 8192 2.000000000 2
1144 980 3 8192 2.000000000 2
1144 984 3 8192 2.000000000 2
1144 1012 3 8192 2.000000000 2
1144 1020 3 8192 2.000000000 2
1144 1028 3 8192 2.000000000 2
1144 1032 3 8192 2.000000000 2
1144 1036 3 8192 2.000000000 2
1144 1044 3 8192 2.000000000 2
1144 1056 3 8192 2.000000000 2
1144 1076 3 8192 2.000000000 2
1144 1080 3 8192 2.000000000 2
1144 1160 3 8192 2.000000000 2
1144 1180 3 8192 2.000000000 2
1144 1184 3 8192 2.000000000 2
1144 1216 3 8192 2.000000000 2
1144 1244 3 8192 2.000000000 2
1148 12 3 8192 2.000000000 2
1148 16 3 8192 2.000000000 2
1148 32 3 8192 2.000000000 2
1148 48 3 8192 2.000000000 2
1148 60 3 8192 2.000000000 2
1148 108 3 8192 2.000000000 2
1148 112 3 8192 2.000000000 2
1148 124 3 8192 2.000000000 2
1148 212 3 8192 2.000000000 2
1148 240 3 8192 2.000000000 2
1148 256 3 8192 2.000000000 2
1148 284 3 8192 2.000000000 2
1148 296 3 8192 2.000000000 2
1148 304 3 8192 2.000000000 2
1148 336 3 8192 2.000000000 2
1148 340 3 8192 2.000000000 2
1148 348 3 8192 2.000000000 2
1148 352 3 8192 2.000000000 2
1148 392 3 8192 2.000000000 2
1148 400 3 8192 2.000000000 2
1148 416 3 8192 2.000000000 2
1148 420 3 8192 2.000000000 2
1148 424 3 8192 2.000000000 2
1148 428 3 8192 2.000000000 2
1148 444 3 8192 2.000000000 2
1148 456 3 8192 2.000000000 2
1148 460 3 8192 2.000000000 2
1148 468 3 8192 2.000000000 2
1148 500 3 8192 2.000000000 2
1148 504 3 8192 2.000000000 2
1148 520 3 8192 2.000000000 2
1148 552 3 8192 2.000000000 2
1148 564 3 8192 2.000000000 2
1148 588 3 8192 2.000000000 2
1148 640 3 8192 2.000000000 2
1148 664 3 8192 2.000000000 2
1148 672 3 8192 2.000000000 2
1148 676 3 8192 2.000000000 2
1148 740 3 8192 2.000000000 2
1148 836 3 8192 2.000000000 2
1148 856 3 8192 2.000000000 2
1148 872 3 8192 2.000000000 2
1148 892 3 8192 2.000000000 2
1148 900 3 8192 2.000000000 2
1148 908 3 8192 2.000000000 2
1148 912 3 8192 2.000000000 2
1148 916 3 8192 2.000000000 2
1148 960 3 8192 2.000000000 2
1148 964 3 8192 2.000000000 2
1148 968 3 8192 2.000000000 2
1148 984 3 8192 2.000000000 2
1148 992 3 8192 2.000000000 2
1148 1016 3 8192 2.000000000 2
1148 1048 3 8192 2.000000000 2
1148 1052 3 8192 2.000000000 2
1148 1088 3 8192 2.000000000 2
1148 1192 3 8192 2.000000000 2
1148 1196 3 8192 2.000000000 2
1148 1204 3 8192 2.000000000 2
1148 1216 3 8192 2.000000000 2
1148 1236 3 8192 2.000000000 2
1148 1256 3 8192 2.000000000 2
1148 1260 3 8192 2.000000000 2
1148 1264 3 8192 2.000000000 2
1156 16 3 8192 2.000000000 2
1156 48 3 8192 2.000000000 2
1156 56 3 8192 2.000000000 2
1156 64 3 8192 2.000000000 2
1156 100 3 8192 2.000000000 2
1156 156 3 8192 2.000000000 2
1156 160 3 8192 2.000000000 2
1156 164 3 8192 2.000000000 2
1156 176 3 8192 2.000000000 2
1156 224 3 8192 2.000000000 2
1156 280 3 8192 2.000000000 2
1156 292 3 8192 2.000000000 2
1156 320 3 8192 2.000000000 2
1156 324 3 8192 2.000000000 2
1156 336 3 8192 2.000000000 2
1156 348 3 8192 2.000000000 2
1156 360 3 8192 2.000000000 2
1156 368 3 8192 2.000000000 2
1156 372 3 8192 2.000000000 2
1156 412 3 8192 2.000000000 2
1156 436 3 8192 2.000000000 2
1156 448 3 8192 2.000000000 2
1156 456 3 8192 2.000000000 2
1156 488 3 8192 2.000000000 2
1156 504 3 8192 2.000000000 2
1156 532 3 8192 2.000000000 2
1156 552 3 8192 2.000000000 2
1156 556 3 8192 2.000000000 2
1156 560 3 8192 2.000000000 2
1156 564 3 8192 2.000000000 2
1156 600 3 8192 2.000000000 2
1156 604 3 8192 2.000000000 2
1156 620 3 8192 2.000000000 2
1156 628 3 8192 2.000000000 2
1156 640 3 8192 2.000000000 2
1156 664 3 8192 2.000000000 2
1156 680 3 8192 2.000000000 2
1156 708 3 8192 2.000000000 2
1156 712 3 8192 2.000000000 2
1156 856 3 8192 2.000000000 2
1156 860 3 8192 2.000000000 2
1156 872 3 8192 2.000000000 2
1156 900 3 8192 2.000000000 2
1156 916 3 8192 2.000000000 2
1156 948 3 8192 2.000000000 2
1156 968 3 8192 2.000000000 2
1156 976 3 8192 2.000000000 2
1156 984 3 8192 2.000000000 2
1156 992 3 8192 2.000000000 2
1156 996 3 8192 2.000000000 2
1156 1036 3 8192 2.000000000 2
1156 1040 3 8192 2.000000000 2
1156 1044 3 8192 2.000000000 2
1156 1076 3 8192 2.000000000 2
1156 1080 3 8192 2.000000000 2
1156 1144 3 8192 2.000000000 2
1156 1148 3 8192 2.000000000 2
1156 1160 3 8192 2.000000000 2
1156 1164 3 8192 2.000000000 2
1156 1192 3 8192 2.000000000 2
1156 1236 3 8192 2.000000000 2
1156 1256 3 8192 2.000000000 2
1156 1260 3 8192 2.000000000 2
1156 1264 3 8192 2.000000000 2
1160 0 3 8192 2.000000000 2
1160 24 3 8192 2.000000000 2
1160 36 3 8192 2.000000000 2
1160 56 3 8192 2.000000000 2
1160 60 3 8192 2.000000000 2
1160 112 3 8192 2.000000000 2
1160 124 3 8192 2.000000000 2
1160 128 3 8192 2.000000000 2
1160 132 3 8192 2.000000000 2
1160 148 3 8192 2.000000000 2
1160 172 3 8192 2.000000000 2
1160 216 3 8192 2.000000000 2
1160 264 3 8192 2.000000000 2
1160 268 3 8192 2.000000000 2
1160 272 3 8192 2.000000000 2
1160 280 3 8192 2.000000000 2
1160 288 3 8192 2.000000000 2
1160 292 3 8192 2.000000000 2
1160 312 3 8192 2.000000000 2
1160 320 3 8192 2.000000000 2
1160 324 3 8192 2.000000000 2
1160 340 3 8192 2.000000000 2
1160 352 3 8192 2.000000000 2
1160 372 3 8192 2.000000000 2
1160 388 3 8192 2.000000000 2
1160 392 3 8192 2.000000000 2
1160 396 3 8192 2.000000000 2
1160 452 3 8192 2.000000000 2
1160 488 3 8192 2.000000000 2
1160 504 3 8192 2.000000000 2
1160 520 3 8192 2.000000000 2
1160 540 3 8192 2.000000000 2
1160 560 3 8192 2.000000000 2
1160 588 3 8192 2.000000000 2
1160 592 3 8192 2.000000000 2
1160 600 3 8192 2.000000000 2
1160 628 3 8192 2.000000000 2
1160 664 3 8192 2.000000000 2
1160 672 3 8192 2.000000000 2
1160 676 3 8192 2.000000000 2
1160 688 3 8192 2.000000000 2
1160 712 3 8192 2.000000000 2
1160 784 3 8192 2.000000000 2
1160 792 3 8192 2.000000000 2
1160 800 3 8192 2.000000000 2
1160 836 3 8192 2.000000000 2
1160 844 3 8192 2.000000000 2
1160 872 3 8192 2.000000000 2
1160 884 3 8192 2.000000000 2
1160 940 3 8192 2.000000000 2
1160 952 3 8192 2.000000000 2
1160 980 3 8192 2.000000000 2
1160 992 3 8192 2.000000000 2
1160 1032 3 8192 2.000000000 2
1160 1080 3 8192 2.000000000 2
1160 1096 3 8192 2.000000000 2
1160 1144 3 8192 2.000000000 2
1160 1176 3 8192 2.000000000 2
1160 1184 3 8192 2.000000000 2
1160 1196 3 8192 2.000000000 2
1160 1204 3 8192 2.000000000 2
1160 1224 3 8192 2.000000000 2
1160 1244 3 8192 2.000000000 2
1160 1260 3 8192 2.000000000 2
1164 28 3 8192 2.000000000 2
1164 36 3 8192 2.000000000 2
1164 48 3 8192 2.000000000 2
1164 60 3 8192 2.000000000 2
1164 76 3 8192 2.000000000 2
1164 108 3 8192 2.000000000 2
1164 112 3 8192 2.000000000 2
1164 116 3 8192 2.000000000 2
1164 192 3 8192 2.000000000 2
1164 200 3 8192 2.000000000 2
1164 244 3 8192 2.000000000 2
1164 264 3 8192 2.000000000 2
1164 276 3 8192 2.000000000 2
1164 288 3 8192 2.000000000 2
1164 340 3 8192 2.000000000 2
1164 352 3 8192 2.000000000 2
1164 380 3 8192 2.000000000 2
1164 388 3 8192 2.000000000 2
1164 396 3 8192 2.000000000 2
1164 400 3 8192 2.000000000 2
1164 412 3 8192 2.000000000 2
1164 428 3 8192 2.000000000 2
1164 432 3 8192 2.000000000 2
1164 468 3 8192 2.000000000 2
1164 496 3 8192 2.000000000 2
1164 516 3 8192 2.000000000 2
1164 564 3 8192 2.000000000 2
1164 588 3 8192 2.000000000 2
1164 616 3 8192 2.000000000 2
1164 620 3 8192 2.000000000 2
1164 632 3 8192 2.000000000 2
1164 660 3 8192 2.000000000 2
1164 668 3 8192 2.000000000 2
1164 724 3 8192 2.000000000 2
1164 744 3 8192 2.000000000 2
1164 752 3 8192 2.000000000 2
1164 764 3 8192 2.000000000 2
1164 772 3 8192 2.000000000 2
1164 780 3 8192 2.000000000 2
1164 792 3 8192 2.000000000 2
1164 800 3 8192 2.000000000 2
1164 812 3 8192 2.000000000 2
1164 836 3 8192 2.000000000 2
1164 844 3 8192 2.000000000 2
1164 848 3 8192 2.000000000 2
1164 852 3 8192 2.000000000 2
1164 864 3 8192 2.000000000 2
1164 884 3 8192 2.000000000 2
1164 896 3 8192 2.000000000 2
1164 908 3 8192 2.000000000 2
1164 940 3 8192 2.000000000 2
1164 952 3 8192 2.000000000 2
1164 1016 3 8192 2.000000000 2
1164 1032 3 8192 2.000000000 2
1164 1044 3 8192 2.000000000 2
1164 1084 3 8192 2.000000000 2
1164 1156 3 8192 2.000000000 2
1164 1160 3 8192 2.000000000 2
1164 1192 3 8192 2.000000000 2
1164 1228 3 8192 2.000000000 2
1164 1256 3 8192 2.000000000 2
1164 1260 3 8192 2.000000000 2
1164 1264 3 8192 2.000000000 2
1164 1272 3 8192 2.000000000 2
1176 8 3 8192 2.000000000 2
1176 16 3 8192 2.000000000 2
1176 20 3 8192 2.000000000 2
1176 28 3 8192 2.000000000 2
1176 36 3 8192 2.000000000 2
1176 48 3 8192 2.000000000 2
1176 52 3 8192 2.000000000 2
1176 60 3 8192 2.000000000 2
1176 68 3 8192 2.000000000 2
1176 100 3 8192 2.000000000 2
1176 132 3 8192 2.000000000 2
1176 160 3 8192 2.000000000 2
1176 204 3 8192 2.000000000 2
1176 212 3 8192 2.000000000 2
1176 264 3 8192 2.000000000 2
1176 268 3 8192 2.000000000 2
1176 304 3 8192 2.000000000 2
1176 308 3 8192 2.000000000 2
1176 324 3 8192 2.000000000 2
1176 372 3 8192 2.000000000 2
1176 396 3 8192 2.000000000 2
1176 468 3 8192 2.000000000 2
1176 472 3 8192 2.000000000 2
1176 520 3 8192 2.000000000 2
1176 532 3 8192 2.000000000 2
1176 568 3 8192 2.000000000 2
1176 580 3 8192 2.000000000 2
1176 596 3 8192 2.000000000 2
1176 616 3 8192 2.000000000 2
1176 652 3 8192 2.000000000 2
1176 656 3 8192 2.000000000 2
1176 664 3 8192 2.000000000 2
1176 672 3 8192 2.000000000 2
1176 676 3 8192 2.000000000 2
1176 684 3 8192 2.000000000 2
1176 688 3 8192 2.000000000 2
1176 720 3 8192 2.000000000 2
1176 740 3 8192 2.000000000 2
1176 760 3 8192 2.000000000 2
1176 780 3 8192 2.000000000 2
1176 796 3 8192 2.000000000 2
1176 800 3 8192 2.000000000 2
1176 840 3 8192 2.000000000 2
1176 856 3 8192 2.000000000 2
1176 900 3 8192 2.000000000 2
1176 904 3 8192 2.000000000 2
1176 908 3 8192 2.000000000 2
1176 960 3 8192 2.000000000 2
1176 972 3 8192 2.000000000 2
1176 1008 3 8192 2.000000000 2
1176 1012 3 8192 2.000000000 2
1176 1016 3 8192 2.000000000 2
1176 1040 3 8192 2.000000000 2
1176 1052 3 8192 2.000000000 2
1176 1060 3 8192 2.000000000 2
1176 1080 3 8192 2.000000000 2
1176 1088 3 8192 2.000000000 2
1176 1108 3 8192 2.000000000 2
1176 1128 3 8192 2.000000000 2
1176 1144 3 8192 2.000000000 2
1176 1148 3 8192 2.000000000 2
1176 1220 3 8192 2.000000000 2
1176 1244 3 8192 2.000000000 2
1176 1264 3 8192 2.000000000 2
1180 52 3 8192 2.000000000 2
1180 120 3 8192 2.000000000 2
1180 148 3 8192 2.000000000 2
1180 160 3 8192 2.000000000 2
1180 212 3 8192 2.000000000 2
1180 240 3 8192 2.000000000 2
1180 284 3 8192 2.000000000 2
1180 312 3 8192 2.000000000 2
1180 336 3 8192 2.000000000 2
1180 356 3 8192 2.000000000 2
1180 372 3 8192 2.000000000 2
1180 376 3 8192 2.000000000 2
1180 436 3 8192 2.000000000 2
1180 452 3 8192 2.000000000 2
1180 460 3 8192 2.000000000 2
1180 488 3 8192 2.000000000 2
1180 496 3 8192 2.000000000 2
1180 500 3 8192 2.000000000 2
1180 504 3 8192 2.000000000 2
1180 544 3 8192 2.000000000 2
1180 560 3 8192 2.000000000 2
1180 564 3 8192 2.000000000 2
1180 568 3 8192 2.000000000 2
1180 580 3 8192 2.000000000 2
1180 588 3 8192 2.000000000 2
1180 592 3 8192 2.000000000 2
1180 636 3 8192 2.000000000 2
1180 644 3 8192 2.000000000 2
1180 664 3 8192 2.000000000 2
1180 672 3 8192 2.000000000 2
1180 676 3 8192 2.000000000 2
1180 768 3 8192 2.000000000 2
1180 780 3 8192 2.000000000 2
1180 796 3 8192 2.000000000 2
1180 800 3 8192 2.000000000 2
1180 812 3 8192 2.000000000 2
1180 844 3 8192 2.000000000 2
1180 864 3 8192 2.000000000 2
1180 888 3 8192 2.000000000 2
1180 900 3 8192 2.000000000 2
1180 940 3 8192 2.000000000 2
1180 948 3 8192 2.000000000 2
1180 964 3 8192 2.000000000 2
1180 976 3 8192 2.000000000 2
1180 988 3 8192 2.000000000 2
1180 1000 3 8192 2.000000000 2
1180 1032 3 8192 2.000000000 2
1180 1060 3 8192 2.000000000 2
1180 1080 3 8192 2.000000000 2
1180 1084 3 8192 2.000000000 2
1180 1088 3 8192 2.000000000 2
1180 1092 3 8192 2.000000000 2
1180 1100 3 8192 2.000000000 2
1180 1108 3 8192 2.000000000 2
1180 1128 3 8192 2.000000000 2
1180 1144 3 8192 2.000000000 2
1180 1156 3 8192 2.000000000 2
1180 1164 3 8192 2.000000000 2
1180 1176 3 8192 2.000000000 2
1180 1184 3 8192 2.000000000 2
1180 1196 3 8192 2.000000000 2
1180 1216 3 8192 2.000000000 2
1180 1228 3 8192 2.000000000 2
1180 1260 3 8192 2.000000000 2
1184 0 3 8192 2.000000000 2
1184 4 3 8192 2.000000000 2
1184 8 3 8192 2.000000000 2
1184 12 3 8192 2.000000000 2
1184 20 3 8192 2.000000000 2
1184 24 3 8192 2.000000000 2
1184 40 3 8192 2.000000000 2
1184 48 3 8192 2.000000000 2
1184 60 3 8192 2.000000000 2
1184 76 3 8192 2.000000000 2
1184 160 3 8192 2.000000000 2
1184 204 3 8192 2.000000000 2
1184 208 3 8192 2.000000000 2
1184 292 3 8192 2.000000000 2
1184 316 3 8192 2.000000000 2
1184 320 3 8192 2.000000000 2
1184 356 3 8192 2.000000000 2
1184 364 3 8192 2.000000000 2
1184 384 3 8192 2.000000000 2
1184 400 3 8192 2.000000000 2
1184 412 3 8192 2.000000000 2
1184 428 3 8192 2.000000000 2
1184 444 3 8192 2.000000000 2
1184 520 3 8192 2.000000000 2
1184 568 3 8192 2.000000000 2
1184 624 3 8192 2.000000000 2
1184 628 3 8192 2.000000000 2
1184 652 3 8192 2.000000000 2
1184 656 3 8192 2.000000000 2
1184 664 3 8192 2.000000000 2
1184 680 3 8192 2.000000000 2
1184 748 3 8192 2.000000000 2
1184 752 3 8192 2.000000000 2
1184 764 3 8192 2.000000000 2
1184 772 3 8192 2.000000000 2
1184 804 3 8192 2.000000000 2
1184 816 3 8192 2.000000000 2
1184 828 3 8192 2.000000000 2
1184 864 3 8192 2.000000000 2
1184 892 3 8192 2.000000000 2
1184 896 3 8192 2.000000000 2
1184 912 3 8192 2.000000000 2
1184 916 3 8192 2.000000000 2
1184 940 3 8192 2.000000000 2
1184 956 3 8192 2.000000000 2
1184 960 3 8192 2.000000000 2
1184 984 3 8192 2.000000000 2
1184 992 3 8192 2.000000000 2
1184 996 3 8192 2.000000000 2
1184 1020 3 8192 2.000000000 2
1184 1028 3 8192 2.000000000 2
1184 1044 3 8192 2.000000000 2
1184 1048 3 8192 2.000000000 2
1184 1056 3 8192 2.000000000 2
1184 1080 3 8192 2.000000000 2
1184 1140 3 8192 2.000000000 2
1184 1176 3 8192 2.000000000 2
1184 1180 3 8192 2.000000000 2
1184 1204 3 8192 2.000000000 2
1184 1208 3 8192 2.000000000 2
1184 1220 3 8192 2.000000000 2
1184 1256 3 8192 2.000000000 2
1184 1264 3 8192 2.000000000 2
1184 1272 3 8192 2.000000000 2
1192 28 3 8192 2.000000000 2
1192 52 3 8192 2.000000000 2
1192 56 3 8192 2.000000000 2
1192 60 3 8192 2.000000000 2
1192 64 3 8192 2.000000000 2
1192 96 3 8192 2.000000000 2
1192 100 3 8192 2.000000000 2
1192 112 3 8192 2.000000000 2
1192 116 3 8192 2.000000000 2
1192 132 3 8192 2.000000000 2
1192 156 3 8192 2.000000000 2
1192 204 3 8192 2.000000000 2
1192 256 3 8192 2.000000000 2
1192 276 3 8192 2.000000000 2
1192 288 3 8192 2.000000000 2
1192 316 3 8192 2.000000000 2
1192 348 3 8192 2.000000000 2
1192 376 3 8192 2.000000000 2
1192 388 3 8192 2.000000000 2
1192 392 3 8192 2.000000000 2
1192 396 3 8192 2.000000000 2
1192 416 3 8192 2.000000000 2
1192 428 3 8192 2.000000000 2
1192 508 3 8192 2.000000000 2
1192 516 3 8192 2.000000000 2
1192 520 3 8192 2.000000000 2
1192 552 3 8192 2.000000000 2
1192 556 3 8192 2.000000000 2
1192 588 3 8192 2.000000000 2
1192 608 3 8192 2.000000000 2
1192 624 3 8192 2.000000000 2
1192 632 3 8192 2.000000000 2
1192 652 3 8192 2.000000000 2
1192 668 3 8192 2.000000000 2
1192 692 3 8192 2.000000000 2
1192 724 3 8192 2.000000000 2
1192 740 3 8192 2.000000000 2
1192 744 3 8192 2.000000000 2
1192 760 3 8192 2.000000000 2
1192 764 3 8192 2.000000000 2
1192 800 3 8192 2.000000000 2
1192 836 3 8192 2.000000000 2
1192 844 3 8192 2.000000000 2
1192 848 3 8192 2.000000000 2
1192 852 3 8192 2.000000000 2
1192 856 3 8192 2.000000000 2
1192 880 3 8192 2.000000000 2
1192 968 3 8192 2.000000000 2
1192 996 3 8192 2.000000000 2
1192 1016 3 8192 2.000000000 2
1192 1040 3 8192 2.000000000 2
1192 1044 3 8192 2.000000000 2
1192 1052 3 8192 2.000000000 2
1192 1076 3 8192 2.000000000 2
1192 1092 3 8192 2.000000000 2
1192 1128 3 8192 2.000000000 2
1192 1148 3 8192 2.000000000 2
1192 1156 3 8192 2.000000000 2
1192 1160 3 8192 2.000000000 2
1192 1180 3 8192 2.000000000 2
1192 1220 3 8192 2.000000000 2
1192 1264 3 8192 2.000000000 2
1192 1272 3 8192 2.000000000 2
1192 1276 3 8192 2.000000000 2
1196 0 3 8192 2.000000000 2
1196 20 3 8192 2.000000000 2
1196 36 3 8192 2.000000000 2
1196 40 3 8192 2.000000000 2
1196 60 3 8192 2.000000000 2
1196 64 3 8192 2.000000000 2
1196 108 3 8192 2.000000000 2
1196 116 3 8192 2.000000000 2
1196 128 3 8192 2.000000000 2
1196 136 3 8192 2.000000000 2
1196 148 3 8192 2.000000000 2
1196 160 3 8192 2.000000000 2
1196 192 3 8192 2.000000000 2
1196 204 3 8192 2.000000000 2
1196 216 3 8192 2.000000000 2
1196 240 3 8192 2.000000000 2
1196 272 3 8192 2.000000000 2
1196 276 3 8192 2.000000000 2
1196 284 3 8192 2.000000000 2
1196 288 3 8192 2.000000000 2
1196 312 3 8192 2.000000000 2
1196 320 3 8192 2.000000000 2
1196 340 3 8192 2.000000000 2
1196 364 3 8192 2.000000000 2
1196 368 3 8192 2.000000000 2
1196 388 3 8192 2.000000000 2
1196 420 3 8192 2.000000000 2
1196 440 3 8192 2.000000000 2
1196 448 3 8192 2.000000000 2
1196 452 3 8192 2.000000000 2
1196 456 3 8192 2.000000000 2
1196 460 3 8192 2.000000000 2
1196 472 3 8192 2.000000000 2
1196 504 3 8192 2.000000000 2
1196 520 3 8192 2.000000000 2
1196 532 3 8192 2.000000000 2
1196 552 3 8192 2.000000000 2
1196 592 3 8192 2.000000000 2
1196 596 3 8192 2.000000000 2
1196 600 3 8192 2.000000000 2
1196 616 3 8192 2.000000000 2
1196 628 3 8192 2.000000000 2
1196 640 3 8192 2.000000000 2
1196 668 3 8192 2.000000000 2
1196 676 3 8192 2.000000000 2
1196 724 3 8192 2.000000000 2
1196 768 3 8192 2.000000000 2
1196 772 3 8192 2.000000000 2
1196 780 3 8192 2.000000000 2
1196 800 3 8192 2.000000000 2
1196 884 3 8192 2.000000000 2
1196 892 3 8192 2.000000000 2
1196 900 3 8192 2.000000000 2
1196 940 3 8192 2.000000000 2
1196 992 3 8192 2.000000000 2
1196 1024 3 8192 2.000000000 2
1196 1032 3 8192 2.000000000 2
1196 1048 3 8192 2.000000000 2
1196 1084 3 8192 2.000000000 2
1196 1112 3 8192 2.000000000 2
1196 1128 3 8192 2.000000000 2
1196 1180 3 8192 2.000000000 2
1196 1212 3 8192 2.000000000 2
1196 1220 3 8192 2.000000000 2
1204 24 3 8192 2.000000000 2
1204 64 3 8192 2.000000000 2
1204 108 3 8192 2.000000000 2
1204 112 3 8192 2.000000000 2
1204 116 3 8192 2.000000000 2
1204 120 3 8192 2.000000000 2
1204 132 3 8192 2.000000000 2
1204 152 3 8192 2.000000000 2
1204 180 3 8192 2.000000000 2
1204 212 3 8192 2.000000000 2
1204 224 3 8192 2.000000000 2
1204 240 3 8192 2.000000000 2
1204 264 3 8192 2.000000000 2
1204 268 3 8192 2.000000000 2
1204 292 3 8192 2.000000000 2
1204 364 3 8192 2.000000000 2
1204 368 3 8192 2.000000000 2
1204 376 3 8192 2.000000000 2
1204 388 3 8192 2.000000000 2
1204 396 3 8192 2.000000000 2
1204 416 3 8192 2.000000000 2
1204 424 3 8192 2.000000000 2
1204 460 3 8192 2.000000000 2
1204 504 3 8192 2.000000000 2
1204 520 3 8192 2.000000000 2
1204 556 3 8192 2.000000000 2
1204 604 3 8192 2.000000000 2
1204 624 3 8192 2.000000000 2
1204 672 3 8192 2.000000000 2
1204 680 3 8192 2.000000000 2
1204 688 3 8192 2.000000000 2
1204 692 3 8192 2.000000000 2
1204 744 3 8192 2.000000000 2
1204 748 3 8192 2.000000000 2
1204 760 3 8192 2.000000000 2
1204 768 3 8192 2.000000000 2
1204 772 3 8192 2.000000000 2
1204 784 3 8192 2.000000000 2
1204 792 3 8192 2.000000000 2
1204 800 3 8192 2.000000000 2
1204 816 3 8192 2.000000000 2
1204 828 3 8192 2.000000000 2
1204 840 3 8192 2.000000000 2
1204 856 3 8192 2.000000000 2
1204 908 3 8192 2.000000000 2
1204 956 3 8192 2.000000000 2
1204 968 3 8192 2.000000000 2
1204 984 3 8192 2.000000000 2
1204 996 3 8192 2.000000000 2
1204 1000 3 8192 2.000000000 2
1204 1004 3 8192 2.000000000 2
1204 1008 3 8192 2.000000000 2
1204 1012 3 8192 2.000000000 2
1204 1052 3 8192 2.000000000 2
1204 1056 3 8192 2.000000000 2
1204 1068 3 8192 2.000000000 2
1204 1076 3 8192 2.000000000 2
1204 1100 3 8192 2.000000000 2
1204 1108 3 8192 2.000000000 2
1204 1128 3 8192 2.000000000 2
1204 1148 3 8192 2.000000000 2
1204 1192 3 8192 2.000000000 2
1204 1252 3 8192 2.000000000 2
1204 1256 3 8192 2.000000000 2
1208 0 3 8192 2.000000000 2
1208 8 3 8192 2.000000000 2
1208 40 3 8192 2.000000000 2
1208 68 3 8192 2.000000000 2
1208 112 3 8192 2.000000000 2
1208 116 3 8192 2.000000000 2
1208 132 3 8192 2.000000000 2
1208 192 3 8192 2.000000000 2
1208 200 3 8192 2.000000000 2
1208 256 3 8192 2.000000000 2
1208 268 3 8192 2.000000000 2
1208 288 3 8192 2.000000000 2
1208 312 3 8192 2.000000000 2
1208 356 3 8192 2.000000000 2
1208 376 3 8192 2.000000000 2
1208 384 3 8192 2.000000000 2
1208 388 3 8192 2.000000000 2
1208 412 3 8192 2.000000000 2
1208 420 3 8192 2.000000000 2
1208 436 3 8192 2.000000000 2
1208 440 3 8192 2.000000000 2
1208 472 3 8192 2.000000000 2
1208 476 3 8192 2.000000000 2
1208 496 3 8192 2.000000000 2
1208 560 3 8192 2.000000000 2
1208 564 3 8192 2.000000000 2
1208 568 3 8192 2.000000000 2
1208 580 3 8192 2.000000000 2
1208 588 3 8192 2.000000000 2
1208 612 3 8192 2.000000000 2
1208 624 3 8192 2.000000000 2
1208 652 3 8192 2.000000000 2
1208 668 3 8192 2.000000000 2
1208 672 3 8192 2.000000000 2
1208 680 3 8192 2.000000000 2
1208 736 3 8192 2.000000000 2
1208 764 3 8192 2.000000000 2
1208 768 3 8192 2.000000000 2
1208 788 3 8192 2.000000000 2
1208 796 3 8192 2.000000000 2
1208 800 3 8192 2.000000000 2
1208 828 3 8192 2.000000000 2
1208 852 3 8192 2.000000000 2
1208 896 3 8192 2.000000000 2
1208 904 3 8192 2.000000000 2
1208 916 3 8192 2.000000000 2
1208 960 3 8192 2.000000000 2
1208 972 3 8192 2.000000000 2
1208 976 3 8192 2.000000000 2
1208 980 3 8192 2.000000000 2
1208 988 3 8192 2.000000000 2
1208 1000 3 8192 2.000000000 2
1208 1016 3 8192 2.000000000 2
1208 1020 3 8192 2.000000000 2
1208 1032 3 8192 2.000000000 2
1208 1048 3 8192 2.000000000 2
1208 1096 3 8192 2.000000000 2
1208 1112 3 8192 2.000000000 2
1208 1144 3 8192 2.000000000 2
1208 1160 3 8192 2.000000000 2
1208 1192 3 8192 2.000000000 2
1208 1216 3 8192 2.000000000 2
1208 1228 3 8192 2.000000000 2
1208 1272 3 8192 2.000000000 2
1212 4 3 8192 2.000000000 2
1212 20 3 8192 2.000000000 2
1212 28 3 8192 2.000000000 2
1212 92 3 8192 2.000000000 2
1212 108 3 8192 2.000000000 2
1212 112 3 8192 2.000000000 2
1212 124 3 8192 2.000000000 2
1212 136 3 8192 2.000000000 2
1212 192 3 8192 2.000000000 2
1212 224 3 8192 2.000000000 2
1212 268 3 8192 2.000000000 2
1212 296 3 8192 2.000000000 2
1212 308 3 8192 2.000000000 2
1212 348 3 8192 2.000000000 2
1212 376 3 8192 2.000000000 2
1212 384 3 8192 2.000000000 2
1212 388 3 8192 2.000000000 2
1212 424 3 8192 2.000000000 2
1212 448 3 8192 2.000000000 2
1212 452 3 8192 2.000000000 2
1212 472 3 8192 2.000000000 2
1212 476 3 8192 2.000000000 2
1212 488 3 8192 2.000000000 2
1212 500 3 8192 2.000000000 2
1212 504 3 8192 2.000000000 2
1212 564 3 8192 2.000000000 2
1212 580 3 8192 2.000000000 2
1212 592 3 8192 2.000000000 2
1212 604 3 8192 2.000000000 2
1212 632 3 8192 2.000000000 2
1212 664 3 8192 2.000000000 2
1212 668 3 8192 2.000000000 2
1212 680 3 8192 2.000000000 2
1212 684 3 8192 2.000000000 2
1212 732 3 8192 2.000000000 2
1212 748 3 8192 2.000000000 2
1212 752 3 8192 2.000000000 2
1212 764 3 8192 2.000000000 2
1212 788 3 8192 2.000000000 2
1212 792 3 8192 2.000000000 2
1212 836 3 8192 2.000000000 2
1212 880 3 8192 2.000000000 2
1212 900 3 8192 2.000000000 2
1212 940 3 8192 2.000000000 2
1212 952 3 8192 2.000000000 2
1212 968 3 8192 2.000000000 2
1212 996 3 8192 2.000000000 2
1212 1060 3 8192 2.000000000 2
1212 1068 3 8192 2.000000000 2
1212 1084 3 8192 2.000000000 2
1212 1088 3 8192 2.000000000 2
1212 1096 3 8192 2.000000000 2
1212 1104 3 8192 2.000000000 2
1212 1128 3 8192 2.000000000 2
1212 1176 3 8192 2.000000000 2
1212 1204 3 8192 2.000000000 2
1212 1208 3 8192 2.000000000 2
1212 1216 3 8192 2.000000000 2
1212 1224 3 8192 2.000000000 2
1212 1236 3 8192 2.000000000 2
1212 1244 3 8192 2.000000000 2
1212 1256 3 8192 2.000000000 2
1212 1260 3 8192 2.000000000 2
1212 1276 3 8192 2.000000000 2
1216 8 3 8192 2.000000000 2
1216 32 3 8192 2.000000000 2
1216 60 3 8192 2.000000000 2
1216 68 3 8192 2.000000000 2
1216 72 3 8192 2.000000000 2
1216 108 3 8192 2.000000000 2
1216 116 3 8192 2.000000000 2
1216 132 3 8192 2.000000000 2
1216 152 3 8192 2.000000000 2
1216 172 3 8192 2.000000000 2
1216 176 3 8192 2.000000000 2
1216 196 3 8192 2.000000000 2
1216 208 3 8192 2.000000000 2
1216 260 3 8192 2.000000000 2
1216 264 3 8192 2.000000000 2
1216 284 3 8192 2.000000000 2
1216 288 3 8192 2.000000000 2
1216 320 3 8192 2.000000000 2
1216 324 3 8192 2.000000000 2
1216 336 3 8192 2.000000000 2
1216 372 3 8192 2.000000000 2
1216 376 3 8192 2.000000000 2
1216 392 3 8192 2.000000000 2
1216 448 3 8192 2.000000000 2
1216 472 3 8192 2.000000000 2
1216 492 3 8192 2.000000000 2
1216 536 3 8192 2.000000000 2
1216 560 3 8192 2.000000000 2
1216 604 3 8192 2.000000000 2
1216 612 3 8192 2.000000000 2
1216 628 3 8192 2.000000000 2
1216 640 3 8192 2.000000000 2
1216 652 3 8192 2.000000000 2
1216 656 3 8192 2.000000000 2
1216 672 3 8192 2.000000000 2
1216 692 3 8192 2.000000000 2
1216 752 3 8192 2.000000000 2
1216 768 3 8192 2.000000000 2
1216 800 3 8192 2.000000000 2
1216 816 3 8192 2.000000000 2
1216 848 3 8192 2.000000000 2
1216 856 3 8192 2.000000000 2
1216 880 3 8192 2.000000000 2
1216 884 3 8192 2.000000000 2
1216 888 3 8192 2.000000000 2
1216 912 3 8192 2.000000000 2
1216 916 3 8192 2.000000000 2
1216 960 3 8192 2.000000000 2
1216 980 3 8192 2.000000000 2
1216 996 3 8192 2.000000000 2
1216 1004 3 8192 2.000000000 2
1216 1008 3 8192 2.000000000 2
1216 1012 3 8192 2.000000000 2
1216 1052 3 8192 2.000000000 2
1216 1056 3 8192 2.000000000 2
1216 1096 3 8192 2.000000000 2
1216 1104 3 8192 2.000000000 2
1216 1112 3 8192 2.000000000 2
1216 1140 3 8192 2.000000000 2
1216 1164 3 8192 2.000000000 2
1216 1196 3 8192 2.000000000 2
1216 1208 3 8192 2.000000000 2
1216 1244 3 8192 2.000000000 2
1216 1264 3 8192 2.000000000 2
1220 8 3 8192 2.000000000 2
1220 16 3 8192 2.000000000 2
1220 32 3 8192 2.000000000 2
1220 36 3 8192 2.000000000 2
1220 68 3 8192 2.000000000 2
1220 120 3 8192 2.000000000 2
1220 148 3 8192 2.000000000 2
1220 156 3 8192 2.000000000 2
1220 180 3 8192 2.000000000 2
1220 208 3 8192 2.000000000 2
1220 212 3 8192 2.000000000 2
1220 216 3 8192 2.000000000 2
1220 240 3 8192 2.000000000 2
1220 272 3 8192 2.000000000 2
1220 280 3 8192 2.000000000 2
1220 316 3 8192 2.000000000 2
1220 324 3 8192 2.000000000 2
1220 376 3 8192 2.000000000 2
1220 380 3 8192 2.000000000 2
1220 388 3 8192 2.000000000 2
1220 396 3 8192 2.000000000 2
1220 412 3 8192 2.000000000 2
1220 452 3 8192 2.000000000 2
1220 500 3 8192 2.000000000 2
1220 504 3 8192 2.000000000 2
1220 548 3 8192 2.000000000 2
1220 588 3 8192 2.000000000 2
1220 604 3 8192 2.000000000 2
1220 636 3 8192 2.000000000 2
1220 652 3 8192 2.000000000 2
1220 672 3 8192 2.000000000 2
1220 684 3 8192 2.000000000 2
1220 712 3 8192 2.000000000 2
1220 724 3 8192 2.000000000 2
1220 768 3 8192 2.000000000 2
1220 828 3 8192 2.000000000 2
1220 836 3 8192 2.000000000 2
1220 864 3 8192 2.000000000 2
1220 884 3 8192 2.000000000 2
1220 888 3 8192 2.000000000 2
1220 900 3 8192 2.000000000 2
1220 904 3 8192 2.000000000 2
1220 956 3 8192 2.000000000 2
1220 964 3 8192 2.000000000 2
1220 988 3 8192 2.000000000 2
1220 1012 3 8192 2.000000000 2
1220 1028 3 8192 2.000000000 2
1220 1044 3 8192 2.000000000 2
1220 1052 3 8192 2.000000000 2
1220 1060 3 8192 2.000000000 2
1220 1092 3 8192 2.000000000 2
1220 1096 3 8192 2.000000000 2
1220 1100 3 8192 2.000000000 2
1220 1108 3 8192 2.000000000 2
1220 1144 3 8192 2.000000000 2
1220 1148 3 8192 2.000000000 2
1220 1160 3 8192 2.000000000 2
1220 1164 3 8192 2.000000000 2
1220 1176 3 8192 2.000000000 2
1220 1192 3 8192 2.000000000 2
1220 1196 3 8192 2.000000000 2
1220 1236 3 8192 2.000000000 2
1220 1260 3 8192 2.000000000 2
1220 1272 3 8192 2.000000000 2
1224 0 3 8192 2.000000000 2
1224 4 3 8192 2.000000000 2
1224 16 3 8192 2.000000000 2
1224 60 3 8192 2.000000000 2
1224 76 3 8192 2.000000000 2
1224 128 3 8192 2.000000000 2
1224 200 3 8192 2.000000000 2
1224 208 3 8192 2.000000000 2
1224 216 3 8192 2.000000000 2
1224 244 3 8192 2.000000000 2
1224 276 3 8192 2.000000000 2
1224 304 3 8192 2.000000000 2
1224 312 3 8192 2.000000000 2
1224 316 3 8192 2.000000000 2
1224 320 3 8192 2.000000000 2
1224 340 3 8192 2.000000000 2
1224 348 3 8192 2.000000000 2
1224 352 3 8192 2.000000000 2
1224 360 3 8192 2.000000000 2
1224 368 3 8192 2.000000000 2
1224 376 3 8192 2.000000000 2
1224 384 3 8192 2.000000000 2
1224 388 3 8192 2.000000000 2
1224 420 3 8192 2.000000000 2
1224 476 3 8192 2.000000000 2
1224 488 3 8192 2.000000000 2
1224 532 3 8192 2.000000000 2
1224 536 3 8192 2.000000000 2
1224 608 3 8192 2.000000000 2
1224 636 3 8192 2.000000000 2
1224 644 3 8192 2.000000000 2
1224 652 3 8192 2.000000000 2
1224 692 3 8192 2.000000000 2
1224 724 3 8192 2.000000000 2
1224 760 3 8192 2.000000000 2
1224 768 3 8192 2.000000000 2
1224 788 3 8192 2.000000000 2
1224 816 3 8192 2.000000000 2
1224 840 3 8192 2.000000000 2
1224 844 3 8192 2.000000000 2
1224 888 3 8192 2.000000000 2
1224 896 3 8192 2.000000000 2
1224 900 3 8192 2.000000000 2
1224 964 3 8192 2.000000000 2
1224 968 3 8192 2.000000000 2
1224 972 3 8192 2.000000000 2
1224 976 3 8192 2.000000000 2
1224 1036 3 8192 2.000000000 2
1224 1040 3 8192 2.000000000 2
1224 1084 3 8192 2.000000000 2
1224 1096 3 8192 2.000000000 2
1224 1100 3 8192 2.000000000 2
1224 1128 3 8192 2.000000000 2
1224 1148 3 8192 2.000000000 2
1224 1156 3 8192 2.000000000 2
1224 1160 3 8192 2.000000000 2
1224 1164 3 8192 2.000000000 2
1224 1180 3 8192 2.000000000 2
1224 1212 3 8192 2.000000000 2
1224 1220 3 8192 2.000000000 2
1224 1228 3 8192 2.000000000 2
1224 1252 3 8192 2.000000000 2
1224 1264 3 8192 2.000000000 2
1224 1276 3 8192 2.000000000 2
1228 0 3 8192 2.000000000 2
1228 4 3 8192 2.000000000 2
1228 36 3 8192 2.000000000 2
1228 56 3 8192 2.000000000 2
1228 64 3 8192 2.000000000 2
1228 100 3 8192 2.000000000 2
1228 156 3 8192 2.000000000 2
1228 192 3 8192 2.000000000 2
1228 336 3 8192 2.000000000 2
1228 364 3 8192 2.000000000 2
1228 380 3 8192 2.000000000 2
1228 384 3 8192 2.000000000 2
1228 396 3 8192 2.000000000 2
1228 412 3 8192 2.000000000 2
1228 432 3 8192 2.000000000 2
1228 468 3 8192 2.000000000 2
1228 472 3 8192 2.000000000 2
1228 476 3 8192 2.000000000 2
1228 488 3 8192 2.000000000 2
1228 492 3 8192 2.000000000 2
1228 508 3 8192 2.000000000 2
1228 516 3 8192 2.000000000 2
1228 536 3 8192 2.000000000 2
1228 540 3 8192 2.000000000 2
1228 568 3 8192 2.000000000 2
1228 580 3 8192 2.000000000 2
1228 588 3 8192 2.000000000 2
1228 596 3 8192 2.000000000 2
1228 612 3 8192 2.000000000 2
1228 616 3 8192 2.000000000 2
1228 624 3 8192 2.000000000 2
1228 660 3 8192 2.000000000 2
1228 680 3 8192 2.000000000 2
1228 684 3 8192 2.000000000 2
1228 720 3 8192 2.000000000 2
1228 744 3 8192 2.000000000 2
1228 772 3 8192 2.000000000 2
1228 780 3 8192 2.000000000 2
1228 784 3 8192 2.000000000 2
1228 804 3 8192 2.000000000 2
1228 840 3 8192 2.000000000 2
1228 856 3 8192 2.000000000 2
1228 888 3 8192 2.000000000 2
1228 900 3 8192 2.000000000 2
1228 940 3 8192 2.000000000 2
1228 964 3 8192 2.000000000 2
1228 968 3 8192 2.000000000 2
1228 1000 3 8192 2.000000000 2
1228 1008 3 8192 2.000000000 2
1228 1028 3 8192 2.000000000 2
1228 1032 3 8192 2.000000000 2
1228 1036 3 8192 2.000000000 2
1228 1056 3 8192 2.000000000 2
1228 1072 3 8192 2.000000000 2
1228 1080 3 8192 2.000000000 2
1228 1104 3 8192 2.000000000 2
1228 1108 3 8192 2.000000000 2
1228 1112 3 8192 2.000000000 2
1228 1148 3 8192 2.000000000 2
1228 1184 3 8192 2.000000000 2
1228 1224 3 8192 2.000000000 2
1228 1260 3 8192 2.000000000 2
1228 1268 3 8192 2.000000000 2
1228 1276 3 8192 2.000000000 2
1236 16 3 8192 2.000000000 2
1236 40 3 8192 2.000000000 2
1236 48 3 8192 2.000000000 2
1236 60 3 8192 2.000000000 2
1236 64 3 8192 2.000000000 2
1236 68 3 8192 2.000000000 2
1236 76 3 8192 2.000000000 2
1236 100 3 8192 2.000000000 2
1236 120 3 8192 2.000000000 2
1236 128 3 8192 2.000000000 2
1236 172 3 8192 2.000000000 2
1236 216 3 8192 2.000000000 2
1236 240 3 8192 2.000000000 2
1236 256 3 8192 2.000000000 2
1236 284 3 8192 2.000000000 2
1236 316 3 8192 2.000000000 2
1236 320 3 8192 2.000000000 2
1236 340 3 8192 2.000000000 2
1236 348 3 8192 2.000000000 2
1236 356 3 8192 2.000000000 2
1236 384 3 8192 2.000000000 2
1236 400 3 8192 2.000000000 2
1236 432 3 8192 2.000000000 2
1236 456 3 8192 2.000000000 2
1236 500 3 8192 2.000000000 2
1236 516 3 8192 2.000000000 2
1236 520 3 8192 2.000000000 2
1236 532 3 8192 2.000000000 2
1236 556 3 8192 2.000000000 2
1236 568 3 8192 2.000000000 2
1236 588 3 8192 2.000000000 2
1236 596 3 8192 2.000000000 2
1236 616 3 8192 2.000000000 2
1236 624 3 8192 2.000000000 2
1236 656 3 8192 2.000000000 2
1236 684 3 8192 2.000000000 2
1236 712 3 8192 2.000000000 2
1236 720 3 8192 2.000000000 2
1236 760 3 8192 2.000000000 2
1236 784 3 8192 2.000000000 2
1236 792 3 8192 2.000000000 2
1236 828 3 8192 2.000000000 2
1236 836 3 8192 2.000000000 2
1236 856 3 8192 2.000000000 2
1236 864 3 8192 2.000000000 2
1236 884 3 8192 2.000000000 2
1236 912 3 8192 2.000000000 2
1236 952 3 8192 2.000000000 2
1236 968 3 8192 2.000000000 2
1236 980 3 8192 2.000000000 2
1236 988 3 8192 2.000000000 2
1236 996 3 8192 2.000000000 2
1236 1000 3 8192 2.000000000 2
1236 1016 3 8192 2.000000000 2
1236 1024 3 8192 2.000000000 2
1236 1044 3 8192 2.000000000 2
1236 1076 3 8192 2.000000000 2
1236 1080 3 8192 2.000000000 2
1236 1096 3 8192 2.000000000 2
1236 1164 3 8192 2.000000000 2
1236 1204 3 8192 2.000000000 2
1236 1212 3 8192 2.000000000 2
1236 1216 3 8192 2.000000000 2
1236 1276 3 8192 2.000000000 2
1244 0 3 8192 2.000000000 2
1244 4 3 8192 2.000000000 2
1244 12 3 8192 2.000000000 2
1244 24 3 8192 2.000000000 2
1244 40 3 8192 2.000000000 2
1244 60 3 8192 2.000000000 2
1244 76 3 8192 2.000000000 2
1244 92 3 8192 2.000000000 2
1244 96 3 8192 2.000000000 2
1244 132 3 8192 2.000000000 2
1244 152 3 8192 2.000000000 2
1244 208 3 8192 2.000000000 2
1244 256 3 8192 2.000000000 2
1244 292 3 8192 2.000000000 2
1244 312 3 8192 2.000000000 2
1244 348 3 8192 2.000000000 2
1244 352 3 8192 2.000000000 2
1244 356 3 8192 2.000000000 2
1244 364 3 8192 2.000000000 2
1244 368 3 8192 2.000000000 2
1244 376 3 8192 2.000000000 2
1244 380 3 8192 2.000000000 2
1244 400 3 8192 2.000000000 2
1244 420 3 8192 2.000000000 2
1244 424 3 8192 2.000000000 2
1244 472 3 8192 2.000000000 2
1244 488 3 8192 2.000000000 2
1244 492 3 8192 2.000000000 2
1244 500 3 8192 2.000000000 2
1244 508 3 8192 2.000000000 2
1244 588 3 8192 2.000000000 2
1244 592 3 8192 2.000000000 2
1244 596 3 8192 2.000000000 2
1244 652 3 8192 2.000000000 2
1244 664 3 8192 2.000000000 2
1244 688 3 8192 2.000000000 2
1244 732 3 8192 2.000000000 2
1244 768 3 8192 2.000000000 2
1244 772 3 8192 2.000000000 2
1244 788 3 8192 2.000000000 2
1244 796 3 8192 2.000000000 2
1244 844 3 8192 2.000000000 2
1244 856 3 8192 2.000000000 2
1244 880 3 8192 2.000000000 2
1244 884 3 8192 2.000000000 2
1244 908 3 8192 2.000000000 2
1244 980 3 8192 2.000000000 2
1244 996 3 8192 2.000000000 2
1244 1004 3 8192 2.000000000 2
1244 1012 3 8192 2.000000000 2
1244 1044 3 8192 2.000000000 2
1244 1048 3 8192 2.000000000 2
1244 1072 3 8192 2.000000000 2
1244 1096 3 8192 2.000000000 2
1244 1108 3 8192 2.000000000 2
1244 1112 3 8192 2.000000000 2
1244 1140 3 8192 2.000000000 2
1244 1144 3 8192 2.000000000 2
1244 1176 3 8192 2.000000000 2
1244 1216 3 8192 2.000000000 2
1244 1224 3 8192 2.000000000 2
1244 1256 3 8192 2.000000000 2
1244 1268 3 8192 2.000000000 2
1244 1272 3 8192 2.000000000 2
1252 72 3 8192 2.000000000 2
1252 76 3 8192 2.000000000 2
1252 92 3 8192 2.000000000 2
1252 120 3 8192 2.000000000 2
1252 152 3 8192 2.000000000 2
1252 156 3 8192 2.000000000 2
1252 160 3 8192 2.000000000 2
1252 176 3 8192 2.000000000 2
1252 196 3 8192 2.000000000 2
1252 200 3 8192 2.000000000 2
1252 240 3 8192 2.000000000 2
1252 256 3 8192 2.000000000 2
1252 264 3 8192 2.000000000 2
1252 268 3 8192 2.000000000 2
1252 288 3 8192 2.000000000 2
1252 292 3 8192 2.000000000 2
1252 304 3 8192 2.000000000 2
1252 316 3 8192 2.000000000 2
1252 360 3 8192 2.000000000 2
1252 368 3 8192 2.000000000 2
1252 372 3 8192 2.000000000 2
1252 392 3 8192 2.000000000 2
1252 436 3 8192 2.000000000 2
1252 452 3 8192 2.000000000 2
1252 460 3 8192 2.000000000 2
1252 508 3 8192 2.000000000 2
1252 560 3 8192 2.000000000 2
1252 580 3 8192 2.000000000 2
1252 596 3 8192 2.000000000 2
1252 620 3 8192 2.000000000 2
1252 624 3 8192 2.000000000 2
1252 672 3 8192 2.000000000 2
1252 680 3 8192 2.000000000 2
1252 684 3 8192 2.000000000 2
1252 708 3 8192 2.000000000 2
1252 712 3 8192 2.000000000 2
1252 720 3 8192 2.000000000 2
1252 748 3 8192 2.000000000 2
1252 752 3 8192 2.000000000 2
1252 768 3 8192 2.000000000 2
1252 780 3 8192 2.000000000 2
1252 792 3 8192 2.000000000 2
1252 800 3 8192 2.000000000 2
1252 812 3 8192 2.000000000 2
1252 848 3 8192 2.000000000 2
1252 852 3 8192 2.000000000 2
1252 856 3 8192 2.000000000 2
1252 860 3 8192 2.000000000 2
1252 872 3 8192 2.000000000 2
1252 880 3 8192 2.000000000 2
1252 884 3 8192 2.000000000 2
1252 908 3 8192 2.000000000 2
1252 916 3 8192 2.000000000 2
1252 948 3 8192 2.000000000 2
1252 952 3 8192 2.000000000 2
1252 960 3 8192 2.000000000 2
1252 1016 3 8192 2.000000000 2
1252 1160 3 8192 2.000000000 2
1252 1180 3 8192 2.000000000 2
1252 1208 3 8192 2.000000000 2
1252 1216 3 8192 2.000000000 2
1252 1228 3 8192 2.000000000 2
1252 1244 3 8192 2.000000000 2
1252 1264 3 8192 2.000000000 2
1256 8 3 8192 2.000000000 2
1256 20 3 8192 2.000000000 2
1256 24 3 8192 2.000000000 2
1256 32 3 8192 2.000000000 2
1256 40 3 8192 2.000000000 2
1256 48 3 8192 2.000000000 2
1256 68 3 8192 2.000000000 2
1256 72 3 8192 2.000000000 2
1256 176 3 8192 2.000000000 2
1256 200 3 8192 2.000000000 2
1256 240 3 8192 2.000000000 2
1256 276 3 8192 2.000000000 2
1256 284 3 8192 2.000000000 2
1256 296 3 8192 2.000000000 2
1256 308 3 8192 2.000000000 2
1256 316 3 8192 2.000000000 2
1256 324 3 8192 2.000000000 2
1256 336 3 8192 2.000000000 2
1256 340 3 8192 2.000000000 2
1256 348 3 8192 2.000000000 2
1256 360 3 8192 2.000000000 2
1256 376 3 8192 2.000000000 2
1256 380 3 8192 2.000000000 2
1256 412 3 8192 2.000000000 2
1256 420 3 8192 2.000000000 2
1256 432 3 8192 2.000000000 2
1256 436 3 8192 2.000000000 2
1256 456 3 8192 2.000000000 2
1256 492 3 8192 2.000000000 2
1256 516 3 8192 2.000000000 2
1256 548 3 8192 2.000000000 2
1256 556 3 8192 2.000000000 2
1256 592 3 8192 2.000000000 2
1256 608 3 8192 2.000000000 2
1256 612 3 8192 2.000000000 2
1256 628 3 8192 2.000000000 2
1256 640 3 8192 2.000000000 2
1256 736 3 8192 2.000000000 2
1256 740 3 8192 2.000000000 2
1256 744 3 8192 2.000000000 2
1256 752 3 8192 2.000000000 2
1256 784 3 8192 2.000000000 2
1256 788 3 8192 2.000000000 2
1256 812 3 8192 2.000000000 2
1256 840 3 8192 2.000000000 2
1256 872 3 8192 2.000000000 2
1256 880 3 8192 2.000000000 2
1256 888 3 8192 2.000000000 2
1256 948 3 8192 2.000000000 2
1256 952 3 8192 2.000000000 2
1256 980 3 8192 2.000000000 2
1256 1000 3 8192 2.000000000 2
1256 1020 3 8192 2.000000000 2
1256 1024 3 8192 2.000000000 2
1256 1032 3 8192 2.000000000 2
1256 1036 3 8192 2.000000000 2
1256 1056 3 8192 2.000000000 2
1256 1076 3 8192 2.000000000 2
1256 1084 3 8192 2.000000000 2
1256 1088 3 8192 2.000000000 2
1256 1092 3 8192 2.000000000 2
1256 1204 3 8192 2.000000000 2
1256 1228 3 8192 2.000000000 2
1256 1272 3 8192 2.000000000 2
1260 4 3 8192 2.000000000 2
1260 32 3 8192 2.000000000 2
1260 56 3 8192 2.000000000 2
1260 60 3 8192 2.000000000 2
1260 72 3 8192 2.000000000 2
1260 92 3 8192 2.000000000 2
1260 152 3 8192 2.000000000 2
1260 164 3 8192 2.000000000 2
1260 180 3 8192 2.000000000 2
1260 196 3 8192 2.000000000 2
1260 200 3 8192 2.000000000 2
1260 212 3 8192 2.000000000 2
1260 224 3 8192 2.000000000 2
1260 240 3 8192 2.000000000 2
1260 264 3 8192 2.000000000 2
1260 280 3 8192 2.000000000 2
1260 288 3 8192 2.000000000 2
1260 304 3 8192 2.000000000 2
1260 320 3 8192 2.000000000 2
1260 328 3 8192 2.000000000 2
1260 340 3 8192 2.000000000 2
1260 352 3 8192 2.000000000 2
1260 368 3 8192 2.000000000 2
1260 372 3 8192 2.000000000 2
1260 384 3 8192 2.000000000 2
1260 416 3 8192 2.000000000 2
1260 420 3 8192 2.000000000 2
1260 436 3 8192 2.000000000 2
1260 444 3 8192 2.000000000 2
1260 460 3 8192 2.000000000 2
1260 472 3 8192 2.000000000 2
1260 496 3 8192 2.000000000 2
1260 500 3 8192 2.000000000 2
1260 508 3 8192 2.000000000 2
1260 544 3 8192 2.000000000 2
1260 556 3 8192 2.000000000 2
1260 560 3 8192 2.000000000 2
1260 588 3 8192 2.000000000 2
1260 600 3 8192 2.000000000 2
1260 620 3 8192 2.000000000 2
1260 632 3 8192 2.000000000 2
1260 684 3 8192 2.000000000 2
1260 740 3 8192 2.000000000 2
1260 744 3 8192 2.000000000 2
1260 768 3 8192 2.000000000 2
1260 780 3 8192 2.000000000 2
1260 784 3 8192 2.000000000 2
1260 848 3 8192 2.000000000 2
1260 904 3 8192 2.000000000 2
1260 948 3 8192 2.000000000 2
1260 952 3 8192 2.000000000 2
1260 964 3 8192 2.000000000 2
1260 968 3 8192 2.000000000 2
1260 980 3 8192 2.000000000 2
1260 996 3 8192 2.000000000 2
1260 1012 3 8192 2.000000000 2
1260 1024 3 8192 2.000000000 2
1260 1028 3 8192 2.000000000 2
1260 1088 3 8192 2.000000000 2
1260 1128 3 8192 2.000000000 2
1260 1204 3 8192 2.000000000 2
1260 1244 3 8192 2.000000000 2
1260 1256 3 8192 2.000000000 2
1260 1272 3 8192 2.000000000 2
1264 8 3 8192 2.000000000 2
1264 16 3 8192 2.000000000 2
1264 20 3 8192 2.000000000 2
1264 56 3 8192 2.000000000 2
1264 60 3 8192 2.000000000 2
1264 116 3 8192 2.000000000 2
1264 148 3 8192 2.000000000 2
1264 152 3 8192 2.000000000 2
1264 156 3 8192 2.000000000 2
1264 176 3 8192 2.000000000 2
1264 216 3 8192 2.000000000 2
1264 244 3 8192 2.000000000 2
1264 264 3 8192 2.000000000 2
1264 280 3 8192 2.000000000 2
1264 296 3 8192 2.000000000 2
1264 312 3 8192 2.000000000 2
1264 320 3 8192 2.000000000 2
1264 356 3 8192 2.000000000 2
1264 360 3 8192 2.000000000 2
1264 380 3 8192 2.000000000 2
1264 428 3 8192 2.000000000 2
1264 460 3 8192 2.000000000 2
1264 476 3 8192 2.000000000 2
1264 500 3 8192 2.000000000 2
1264 504 3 8192 2.000000000 2
1264 508 3 8192 2.000000000 2
1264 532 3 8192 2.000000000 2
1264 544 3 8192 2.000000000 2
1264 580 3 8192 2.000000000 2
1264 596 3 8192 2.000000000 2
1264 616 3 8192 2.000000000 2
1264 624 3 8192 2.000000000 2
1264 628 3 8192 2.000000000 2
1264 640 3 8192 2.000000000 2
1264 644 3 8192 2.000000000 2
1264 672 3 8192 2.000000000 2
1264 720 3 8192 2.000000000 2
1264 764 3 8192 2.000000000 2
1264 780 3 8192 2.000000000 2
1264 784 3 8192 2.000000000 2
1264 804 3 8192 2.000000000 2
1264 812 3 8192 2.000000000 2
1264 816 3 8192 2.000000000 2
1264 836 3 8192 2.000000000 2
1264 860 3 8192 2.000000000 2
1264 892 3 8192 2.000000000 2
1264 896 3 8192 2.000000000 2
1264 948 3 8192 2.000000000 2
1264 956 3 8192 2.000000000 2
1264 984 3 8192 2.000000000 2
1264 996 3 8192 2.000000000 2
1264 1024 3 8192 2.000000000 2
1264 1048 3 8192 2.000000000 2
1264 1056 3 8192 2.000000000 2
1264 1060 3 8192 2.000000000 2
1264 1084 3 8192 2.000000000 2
1264 1092 3 8192 2.000000000 2
1264 1144 3 8192 2.000000000 2
1264 1176 3 8192 2.000000000 2
1264 1184 3 8192 2.000000000 2
1264 1192 3 8192 2.000000000 2
1264 1212 3 8192 2.000000000 2
1264 1216 3 8192 2.000000000 2
1264 1220 3 8192 2.000000000 2
1268 24 3 8192 2.000000000 2
1268 60 3 8192 2.000000000 2
1268 72 3 8192 2.000000000 2
1268 108 3 8192 2.000000000 2
1268 112 3 8192 2.000000000 2
1268 172 3 8192 2.000000000 2
1268 180 3 8192 2.000000000 2
1268 208 3 8192 2.000000000 2
1268 240 3 8192 2.000000000 2
1268 260 3 8192 2.000000000 2
1268 264 3 8192 2.000000000 2
1268 284 3 8192 2.000000000 2
1268 308 3 8192 2.000000000 2
1268 356 3 8192 2.000000000 2
1268 364 3 8192 2.000000000 2
1268 376 3 8192 2.000000000 2
1268 380 3 8192 2.000000000 2
1268 416 3 8192 2.000000000 2
1268 420 3 8192 2.000000000 2
1268 432 3 8192 2.000000000 2
1268 448 3 8192 2.000000000 2
1268 460 3 8192 2.000000000 2
1268 496 3 8192 2.000000000 2
1268 516 3 8192 2.000000000 2
1268 536 3 8192 2.000000000 2
1268 552 3 8192 2.000000000 2
1268 556 3 8192 2.000000000 2
1268 580 3 8192 2.000000000 2
1268 592 3 8192 2.000000000 2
1268 596 3 8192 2.000000000 2
1268 604 3 8192 2.000000000 2
1268 608 3 8192 2.000000000 2
1268 620 3 8192 2.000000000 2
1268 624 3 8192 2.000000000 2
1268 640 3 8192 2.000000000 2
1268 656 3 8192 2.000000000 2
1268 668 3 8192 2.000000000 2
1268 736 3 8192 2.000000000 2
1268 740 3 8192 2.000000000 2
1268 760 3 8192 2.000000000 2
1268 788 3 8192 2.000000000 2
1268 804 3 8192 2.000000000 2
1268 836 3 8192 2.000000000 2
1268 840 3 8192 2.000000000 2
1268 860 3 8192 2.000000000 2
1268 872 3 8192 2.000000000 2
1268 912 3 8192 2.000000000 2
1268 940 3 8192 2.000000000 2
1268 956 3 8192 2.000000000 2
1268 960 3 8192 2.000000000 2
1268 968 3 8192 2.000000000 2
1268 980 3 8192 2.000000000 2
1268 988 3 8192 2.000000000 2
1268 992 3 8192 2.000000000 2
1268 1016 3 8192 2.000000000 2
1268 1036 3 8192 2.000000000 2
1268 1084 3 8192 2.000000000 2
1268 1148 3 8192 2.000000000 2
1268 1180 3 8192 2.000000000 2
1268 1192 3 8192 2.000000000 2
1268 1216 3 8192 2.000000000 2
1268 1228 3 8192 2.000000000 2
1268 1256 3 8192 2.000000000 2
1268 1264 3 8192 2.000000000 2
1272 8 3 8192 2.000000000 2
1272 36 3 8192 2.000000000 2
1272 48 3 8192 2.000000000 2
1272 56 3 8192 2.000000000 2
1272 92 3 8192 2.000000000 2
1272 156 3 8192 2.000000000 2
1272 176 3 8192 2.000000000 2
1272 224 3 8192 2.000000000 2
1272 268 3 8192 2.000000000 2
1272 276 3 8192 2.000000000 2
1272 304 3 8192 2.000000000 2
1272 312 3 8192 2.000000000 2
1272 340 3 8192 2.000000000 2
1272 348 3 8192 2.000000000 2
1272 364 3 8192 2.000000000 2
1272 372 3 8192 2.000000000 2
1272 388 3 8192 2.000000000 2
1272 424 3 8192 2.000000000 2
1272 436 3 8192 2.000000000 2
1272 456 3 8192 2.000000000 2
1272 460 3 8192 2.000000000 2
1272 488 3 8192 2.000000000 2
1272 500 3 8192 2.000000000 2
1272 508 3 8192 2.000000000 2
1272 520 3 8192 2.000000000 2
1272 548 3 8192 2.000000000 2
1272 552 3 8192 2.000000000 2
1272 604 3 8192 2.000000000 2
1272 612 3 8192 2.000000000 2
1272 632 3 8192 2.000000000 2
1272 644 3 8192 2.000000000 2
1272 664 3 8192 2.000000000 2
1272 676 3 8192 2.000000000 2
1272 688 3 8192 2.000000000 2
1272 740 3 8192 2.000000000 2
1272 764 3 8192 2.000000000 2
1272 784 3 8192 2.000000000 2
1272 800 3 8192 2.000000000 2
1272 828 3 8192 2.000000000 2
1272 844 3 8192 2.000000000 2
1272 872 3 8192 2.000000000 2
1272 884 3 8192 2.000000000 2
1272 900 3 8192 2.000000000 2
1272 908 3 8192 2.000000000 2
1272 952 3 8192 2.000000000 2
1272 956 3 8192 2.000000000 2
1272 964 3 8192 2.000000000 2
1272 968 3 8192 2.000000000 2
1272 984 3 8192 2.000000000 2
1272 988 3 8192 2.000000000 2
1272 992 3 8192 2.000000000 2
1272 1000 3 8192 2.000000000 2
1272 1004 3 8192 2.000000000 2
1272 1056 3 8192 2.000000000 2
1272 1072 3 8192 2.000000000 2
1272 1112 3 8192 2.000000000 2
1272 1140 3 8192 2.000000000 2
1272 1144 3 8192 2.000000000 2
1272 1180 3 8192 2.000000000 2
1272 1184 3 8192 2.000000000 2
1272 1212 3 8192 2.000000000 2
1272 1216 3 8192 2.000000000 2
1272 1224 3 8192 2.000000000 2
1272 1236 3 8192 2.000000000 2
1276 0 3 8192 2.000000000 2
1276 56 3 8192 2.000000000 2
1276 60 3 8192 2.000000000 2
1276 72 3 8192 2.000000000 2
1276 76 3 8192 2.000000000 2
1276 132 3 8192 2.000000000 2
1276 164 3 8192 2.000000000 2
1276 172 3 8192 2.000000000 2
1276 180 3 8192 2.000000000 2
1276 200 3 8192 2.000000000 2
1276 256 3 8192 2.000000000 2
1276 276 3 8192 2.000000000 2
1276 316 3 8192 2.000000000 2
1276 320 3 8192 2.000000000 2
1276 324 3 8192 2.000000000 2
1276 348 3 8192 2.000000000 2
1276 352 3 8192 2.000000000 2
1276 368 3 8192 2.000000000 2
1276 400 3 8192 2.000000000 2
1276 420 3 8192 2.000000000 2
1276 432 3 8192 2.000000000 2
1276 436 3 8192 2.000000000 2
1276 444 3 8192 2.000000000 2
1276 468 3 8192 2.000000000 2
1276 472 3 8192 2.000000000 2
1276 496 3 8192 2.000000000 2
1276 508 3 8192 2.000000000 2
1276 536 3 8192 2.000000000 2
1276 548 3 8192 2.000000000 2
1276 552 3 8192 2.000000000 2
1276 600 3 8192 2.000000000 2
1276 616 3 8192 2.000000000 2
1276 624 3 8192 2.000000000 2
1276 640 3 8192 2.000000000 2
1276 656 3 8192 2.000000000 2
1276 664 3 8192 2.000000000 2
1276 676 3 8192 2.000000000 2
1276 708 3 8192 2.000000000 2
1276 784 3 8192 2.000000000 2
1276 788 3 8192 2.000000000 2
1276 796 3 8192 2.000000000 2
1276 836 3 8192 2.000000000 2
1276 860 3 8192 2.000000000 2
1276 884 3 8192 2.000000000 2
1276 952 3 8192 2.000000000 2
1276 956 3 8192 2.000000000 2
1276 968 3 8192 2.000000000 2
1276 972 3 8192 2.000000000 2
1276 992 3 8192 2.000000000 2
1276 1016 3 8192 2.000000000 2
1276 1020 3 8192 2.000000000 2
1276 1024 3 8192 2.000000000 2
1276 1032 3 8192 2.000000000 2
1276 1040 3 8192 2.000000000 2
1276 1052 3 8192 2.000000000 2
1276 1056 3 8192 2.000000000 2
1276 1084 3 8192 2.000000000 2
1276 1088 3 8192 2.000000000 2
1276 1108 3 8192 2.000000000 2
1276 1148 3 8192 2.000000000 2
1276 1176 3 8192 2.000000000 2
1276 1184 3 8192 2.000000000 2
1276 1208 3 8192 2.000000000 2
1276 1212 3 8192 2.000000000 2
