16512
464 588 3 8388608 2.000000000 1
928 432 3 8388608 2.000000000 1
884 432 3 8388608 2.000000000 1
552 1088 3 8388608 2.000000000 1
552 568 3 8388608 2.000000000 1
1064 1260 3 8388608 2.000000000 1
824 532 3 8388608 2.000000000 1
368 1232 3 8388608 2.000000000 1
916 324 3 8388608 2.000000000 1
552 1240 3 8388608 2.000000000 1
256 620 3 8388608 2.000000000 1
804 924 3 8388608 2.000000000 1
740 456 3 8388608 2.000000000 1
672 408 3 8388608 2.000000000 1
1152 432 3 8388608 2.000000000 1
672 820 3 8388608 2.000000000 1
1152 1232 3 8388608 2.000000000 1
780 464 3 8388608 2.000000000 1
504 672 3 8388608 2.000000000 1
780 1232 3 8388608 2.000000000 1
1140 1152 3 8388608 2.000000000 1
464 1088 3 8388608 2.000000000 1
504 844 3 8388608 2.000000000 1
1240 1000 3 8388608 2.000000000 1
408 604 3 8388608 2.000000000 1
572 804 3 8388608 2.000000000 1
588 456 3 8388608 2.000000000 1
552 804 3 8388608 2.000000000 1
456 604 3 8388608 2.000000000 1
928 140 3 8388608 2.000000000 1
956 1268 3 8388608 2.000000000 1
1152 1140 3 8388608 2.000000000 1
408 916 3 8388608 2.000000000 1
800 740 3 8388608 2.000000000 1
832 1016 3 8388608 2.000000000 1
368 256 3 8388608 2.000000000 1
504 740 3 8388608 2.000000000 1
824 492 3 8388608 2.000000000 1
1252 464 3 8388608 2.000000000 1
800 1276 3 8388608 2.000000000 1
804 1028 3 8388608 2.000000000 1
1268 1188 3 8388608 2.000000000 1
924 256 3 8388608 2.000000000 1
884 800 3 8388608 2.000000000 1
1028 464 3 8388608 2.000000000 1
200 620 3 8388608 2.000000000 1
572 844 3 8388608 2.000000000 1
432 1028 3 8388608 2.000000000 1
1260 924 3 8388608 2.000000000 1
1276 1152 3 8388608 2.000000000 1
1004 504 3 8388608 2.000000000 1
680 488 3 8388608 2.000000000 1
1096 928 3 8388608 2.000000000 1
532 832 3 8388608 2.000000000 1
804 80 3 8388608 2.000000000 1
832 532 3 8388608 2.000000000 1
588 780 3 8388608 2.000000000 1
804 464 3 8388608 2.000000000 1
912 832 3 8388608 2.000000000 1
820 572 3 8388608 2.000000000 1
1260 140 3 8388608 2.000000000 1
740 552 3 8388608 2.000000000 1
488 160 3 8388608 2.000000000 1
872 680 3 8388608 2.000000000 1
1140 620 3 8388608 2.000000000 1
144 924 3 8388608 2.000000000 1
924 844 3 8388608 2.000000000 1
432 960 3 8388608 2.000000000 1
368 0 3 8388608 2.000000000 1
1188 60 3 8388608 2.000000000 1
620 1060 3 8388608 2.000000000 1
1144 408 3 8388608 2.000000000 1
368 872 3 8388608 2.000000000 1
60 0 3 8388608 2.000000000 1
1188 464 3 8388608 2.000000000 1
256 976 3 8388608 2.000000000 1
960 1140 3 8388608 2.000000000 1
492 1260 3 8388608 2.000000000 1
140 568 3 8388608 2.000000000 1
1140 924 3 8388608 2.000000000 1
572 1152 3 8388608 2.000000000 1
144 1016 3 8388608 2.000000000 1
804 844 3 8388608 2.000000000 1
672 432 3 8388608 2.000000000 1
960 0 3 8388608 2.000000000 1
1152 924 3 8388608 2.000000000 1
912 492 3 8388608 2.000000000 1
552 672 3 8388608 2.000000000 1
1088 1260 3 8388608 2.000000000 1
620 324 3 8388608 2.000000000 1
1088 200 3 8388608 2.000000000 1
1144 912 3 8388608 2.000000000 1
572 408 3 8388608 2.000000000 1
1064 824 3 8388608 2.000000000 1
212 200 3 8388608 2.000000000 1
680 824 3 8388608 2.000000000 1
324 504 3 8388608 2.000000000 1
1144 212 3 8388608 2.000000000 1
956 1028 3 8388608 2.000000000 1
672 928 3 8388608 2.000000000 1
1004 144 3 8388608 2.000000000 1
884 456 3 8388608 2.000000000 1
456 820 3 8388608 2.000000000 1
568 200 3 8388608 2.000000000 1
492 488 3 8388608 2.000000000 1
492 144 3 8388608 2.000000000 1
924 1188 3 8388608 2.000000000 1
140 604 3 8388608 2.000000000 1
844 1240 3 8388608 2.000000000 1
956 672 3 8388608 2.000000000 1
916 552 3 8388608 2.000000000 1
916 1016 3 8388608 2.000000000 1
1252 1152 3 8388608 2.000000000 1
1088 1252 3 8388608 2.000000000 1
912 256 3 8388608 2.000000000 1
256 740 3 8388608 2.000000000 1
740 408 3 8388608 2.000000000 1
492 200 3 8388608 2.000000000 1
772 1088 3 8388608 2.000000000 1
492 1140 3 8388608 2.000000000 1
1240 212 3 8388608 2.000000000 1
620 456 3 8388608 2.000000000 1
80 604 3 8388608 2.000000000 1
1252 824 3 8388608 2.000000000 1
916 588 3 8388608 2.000000000 1
432 456 3 8388608 2.000000000 1
924 1232 3 8388608 2.000000000 1
1064 324 3 8388608 2.000000000 1
4 24 3 8192 2.000000000 2
4 40 3 8192 2.000000000 2
4 52 3 8192 2.000000000 2
4 64 3 8192 2.000000000 2
4 68 3 8192 2.000000000 2
4 108 3 8192 2.000000000 2
4 112 3 8192 2.000000000 2
4 120 3 8192 2.000000000 2
4 132 3 8192 2.000000000 2
4 168 3 8192 2.000000000 2
4 172 3 8192 2.000000000 2
4 192 3 8192 2.000000000 2
4 196 3 8192 2.000000000 2
4 220 3 8192 2.000000000 2
4 228 3 8192 2.000000000 2
4 284 3 8192 2.000000000 2
4 312 3 8192 2.000000000 2
4 320 3 8192 2.000000000 2
4 348 3 8192 2.000000000 2
4 372 3 8192 2.000000000 2
4 404 3 8192 2.000000000 2
4 412 3 8192 2.000000000 2
4 428 3 8192 2.000000000 2
4 452 3 8192 2.000000000 2
4 468 3 8192 2.000000000 2
4 472 3 8192 2.000000000 2
4 480 3 8192 2.000000000 2
4 496 3 8192 2.000000000 2
4 548 3 8192 2.000000000 2
4 576 3 8192 2.000000000 2
4 584 3 8192 2.000000000 2
4 608 3 8192 2.000000000 2
4 628 3 8192 2.000000000 2
4 660 3 8192 2.000000000 2
4 664 3 8192 2.000000000 2
4 684 3 8192 2.000000000 2
4 728 3 8192 2.000000000 2
4 744 3 8192 2.000000000 2
4 756 3 8192 2.000000000 2
4 776 3 8192 2.000000000 2
4 792 3 8192 2.000000000 2
4 808 3 8192 2.000000000 2
4 812 3 8192 2.000000000 2
4 848 3 8192 2.000000000 2
4 852 3 8192 2.000000000 2
4 876 3 8192 2.000000000 2
4 888 3 8192 2.000000000 2
4 936 3 8192 2.000000000 2
4 940 3 8192 2.000000000 2
4 964 3 8192 2.000000000 2
4 984 3 8192 2.000000000 2
4 1012 3 8192 2.000000000 2
4 1056 3 8192 2.000000000 2
4 1108 3 8192 2.000000000 2
4 1128 3 8192 2.000000000 2
4 1184 3 8192 2.000000000 2
4 1196 3 8192 2.000000000 2
4 1204 3 8192 2.000000000 2
4 1216 3 8192 2.000000000 2
4 1220 3 8192 2.000000000 2
4 1228 3 8192 2.000000000 2
4 1236 3 8192 2.000000000 2
4 1256 3 8192 2.000000000 2
4 1272 3 8192 2.000000000 2
8 12 3 8192 2.000000000 2
8 20 3 8192 2.000000000 2
8 28 3 8192 2.000000000 2
8 52 3 8192 2.000000000 2
8 84 3 8192 2.000000000 2
8 96 3 8192 2.000000000 2
8 100 3 8192 2.000000000 2
8 112 3 8192 2.000000000 2
8 184 3 8192 2.000000000 2
8 188 3 8192 2.000000000 2
8 192 3 8192 2.000000000 2
8 208 3 8192 2.000000000 2
8 216 3 8192 2.000000000 2
8 240 3 8192 2.000000000 2
8 248 3 8192 2.000000000 2
8 260 3 8192 2.000000000 2
8 276 3 8192 2.000000000 2
8 328 3 8192 2.000000000 2
8 332 3 8192 2.000000000 2
8 372 3 8192 2.000000000 2
8 380 3 8192 2.000000000 2
8 384 3 8192 2.000000000 2
8 420 3 8192 2.000000000 2
8 424 3 8192 2.000000000 2
8 428 3 8192 2.000000000 2
8 440 3 8192 2.000000000 2
8 508 3 8192 2.000000000 2
8 512 3 8192 2.000000000 2
8 544 3 8192 2.000000000 2
8 560 3 8192 2.000000000 2
8 576 3 8192 2.000000000 2
8 592 3 8192 2.000000000 2
8 596 3 8192 2.000000000 2
8 616 3 8192 2.000000000 2
8 624 3 8192 2.000000000 2
8 648 3 8192 2.000000000 2
8 660 3 8192 2.000000000 2
8 664 3 8192 2.000000000 2
8 720 3 8192 2.000000000 2
8 744 3 8192 2.000000000 2
8 748 3 8192 2.000000000 2
8 752 3 8192 2.000000000 2
8 760 3 8192 2.000000000 2
8 840 3 8192 2.000000000 2
8 852 3 8192 2.000000000 2
8 864 3 8192 2.000000000 2
8 880 3 8192 2.000000000 2
8 888 3 8192 2.000000000 2
8 904 3 8192 2.000000000 2
8 980 3 8192 2.000000000 2
8 992 3 8192 2.000000000 2
8 1076 3 8192 2.000000000 2
8 1084 3 8192 2.000000000 2
8 1104 3 8192 2.000000000 2
8 1112 3 8192 2.000000000 2
8 1136 3 8192 2.000000000 2
8 1168 3 8192 2.000000000 2
8 1176 3 8192 2.000000000 2
8 1216 3 8192 2.000000000 2
8 1220 3 8192 2.000000000 2
8 1228 3 8192 2.000000000 2
8 1244 3 8192 2.000000000 2
8 1248 3 8192 2.000000000 2
8 1256 3 8192 2.000000000 2
12 4 3 8192 2.000000000 2
12 20 3 8192 2.000000000 2
12 32 3 8192 2.000000000 2
12 44 3 8192 2.000000000 2
12 88 3 8192 2.000000000 2
12 92 3 8192 2.000000000 2
12 108 3 8192 2.000000000 2
12 116 3 8192 2.000000000 2
12 132 3 8192 2.000000000 2
12 136 3 8192 2.000000000 2
12 152 3 8192 2.000000000 2
12 192 3 8192 2.000000000 2
12 196 3 8192 2.000000000 2
12 252 3 8192 2.000000000 2
12 260 3 8192 2.000000000 2
12 268 3 8192 2.000000000 2
12 284 3 8192 2.000000000 2
12 292 3 8192 2.000000000 2
12 300 3 8192 2.000000000 2
12 304 3 8192 2.000000000 2
12 336 3 8192 2.000000000 2
12 344 3 8192 2.000000000 2
12 348 3 8192 2.000000000 2
12 360 3 8192 2.000000000 2
12 376 3 8192 2.000000000 2
12 440 3 8192 2.000000000 2
12 444 3 8192 2.000000000 2
12 468 3 8192 2.000000000 2
12 480 3 8192 2.000000000 2
12 484 3 8192 2.000000000 2
12 500 3 8192 2.000000000 2
12 548 3 8192 2.000000000 2
12 556 3 8192 2.000000000 2
12 564 3 8192 2.000000000 2
12 580 3 8192 2.000000000 2
12 600 3 8192 2.000000000 2
12 636 3 8192 2.000000000 2
12 696 3 8192 2.000000000 2
12 712 3 8192 2.000000000 2
12 760 3 8192 2.000000000 2
12 768 3 8192 2.000000000 2
12 796 3 8192 2.000000000 2
12 808 3 8192 2.000000000 2
12 812 3 8192 2.000000000 2
12 840 3 8192 2.000000000 2
12 860 3 8192 2.000000000 2
12 892 3 8192 2.000000000 2
12 908 3 8192 2.000000000 2
12 984 3 8192 2.000000000 2
12 992 3 8192 2.000000000 2
12 996 3 8192 2.000000000 2
12 1012 3 8192 2.000000000 2
12 1048 3 8192 2.000000000 2
12 1052 3 8192 2.000000000 2
12 1056 3 8192 2.000000000 2
12 1068 3 8192 2.000000000 2
12 1136 3 8192 2.000000000 2
12 1160 3 8192 2.000000000 2
12 1164 3 8192 2.000000000 2
12 1172 3 8192 2.000000000 2
12 1180 3 8192 2.000000000 2
12 1204 3 8192 2.000000000 2
12 1216 3 8192 2.000000000 2
12 1264 3 8192 2.000000000 2
16 4 3 8192 2.000000000 2
16 20 3 8192 2.000000000 2
16 32 3 8192 2.000000000 2
16 76 3 8192 2.000000000 2
16 88 3 8192 2.000000000 2
16 108 3 8192 2.000000000 2
16 148 3 8192 2.000000000 2
16 184 3 8192 2.000000000 2
16 220 3 8192 2.000000000 2
16 272 3 8192 2.000000000 2
16 292 3 8192 2.000000000 2
16 312 3 8192 2.000000000 2
16 328 3 8192 2.000000000 2
16 344 3 8192 2.000000000 2
16 364 3 8192 2.000000000 2
16 384 3 8192 2.000000000 2
16 400 3 8192 2.000000000 2
16 420 3 8192 2.000000000 2
16 428 3 8192 2.000000000 2
16 440 3 8192 2.000000000 2
16 444 3 8192 2.000000000 2
16 452 3 8192 2.000000000 2
16 472 3 8192 2.000000000 2
16 476 3 8192 2.000000000 2
16 484 3 8192 2.000000000 2
16 524 3 8192 2.000000000 2
16 536 3 8192 2.000000000 2
16 564 3 8192 2.000000000 2
16 576 3 8192 2.000000000 2
16 608 3 8192 2.000000000 2
16 644 3 8192 2.000000000 2
16 656 3 8192 2.000000000 2
16 700 3 8192 2.000000000 2
16 708 3 8192 2.000000000 2
16 712 3 8192 2.000000000 2
16 720 3 8192 2.000000000 2
16 724 3 8192 2.000000000 2
16 756 3 8192 2.000000000 2
16 812 3 8192 2.000000000 2
16 816 3 8192 2.000000000 2
16 888 3 8192 2.000000000 2
16 908 3 8192 2.000000000 2
16 932 3 8192 2.000000000 2
16 968 3 8192 2.000000000 2
16 980 3 8192 2.000000000 2
16 984 3 8192 2.000000000 2
16 1020 3 8192 2.000000000 2
16 1032 3 8192 2.000000000 2
16 1080 3 8192 2.000000000 2
16 1084 3 8192 2.000000000 2
16 1100 3 8192 2.000000000 2
16 1108 3 8192 2.000000000 2
16 1120 3 8192 2.000000000 2
16 1128 3 8192 2.000000000 2
16 1148 3 8192 2.000000000 2
16 1156 3 8192 2.000000000 2
16 1168 3 8192 2.000000000 2
16 1172 3 8192 2.000000000 2
16 1176 3 8192 2.000000000 2
16 1180 3 8192 2.000000000 2
16 1220 3 8192 2.000000000 2
16 1256 3 8192 2.000000000 2
16 1264 3 8192 2.000000000 2
16 1272 3 8192 2.000000000 2
20 12 3 8192 2.000000000 2
20 16 3 8192 2.000000000 2
20 24 3 8192 2.000000000 2
20 40 3 8192 2.000000000 2
20 76 3 8192 2.000000000 2
20 92 3 8192 2.000000000 2
20 96 3 8192 2.000000000 2
20 112 3 8192 2.000000000 2
20 148 3 8192 2.000000000 2
20 152 3 8192 2.000000000 2
20 156 3 8192 2.000000000 2
20 164 3 8192 2.000000000 2
20 228 3 8192 2.000000000 2
20 252 3 8192 2.000000000 2
20 264 3 8192 2.000000000 2
20 312 3 8192 2.000000000 2
20 320 3 8192 2.000000000 2
20 328 3 8192 2.000000000 2
20 348 3 8192 2.000000000 2
20 356 3 8192 2.000000000 2
20 380 3 8192 2.000000000 2
20 412 3 8192 2.000000000 2
20 420 3 8192 2.000000000 2
20 436 3 8192 2.000000000 2
20 460 3 8192 2.000000000 2
20 468 3 8192 2.000000000 2
20 476 3 8192 2.000000000 2
20 496 3 8192 2.000000000 2
20 544 3 8192 2.000000000 2
20 556 3 8192 2.000000000 2
20 580 3 8192 2.000000000 2
20 624 3 8192 2.000000000 2
20 636 3 8192 2.000000000 2
20 644 3 8192 2.000000000 2
20 656 3 8192 2.000000000 2
20 684 3 8192 2.000000000 2
20 696 3 8192 2.000000000 2
20 712 3 8192 2.000000000 2
20 724 3 8192 2.000000000 2
20 728 3 8192 2.000000000 2
20 736 3 8192 2.000000000 2
20 752 3 8192 2.000000000 2
20 760 3 8192 2.000000000 2
20 796 3 8192 2.000000000 2
20 816 3 8192 2.000000000 2
20 828 3 8192 2.000000000 2
20 848 3 8192 2.000000000 2
20 864 3 8192 2.000000000 2
20 936 3 8192 2.000000000 2
20 972 3 8192 2.000000000 2
20 980 3 8192 2.000000000 2
20 996 3 8192 2.000000000 2
20 1008 3 8192 2.000000000 2
20 1044 3 8192 2.000000000 2
20 1052 3 8192 2.000000000 2
20 1056 3 8192 2.000000000 2
20 1068 3 8192 2.000000000 2
20 1080 3 8192 2.000000000 2
20 1116 3 8192 2.000000000 2
20 1164 3 8192 2.000000000 2
20 1172 3 8192 2.000000000 2
20 1196 3 8192 2.000000000 2
20 1228 3 8192 2.000000000 2
20 1272 3 8192 2.000000000 2
24 20 3 8192 2.000000000 2
24 40 3 8192 2.000000000 2
24 124 3 8192 2.000000000 2
24 156 3 8192 2.000000000 2
24 164 3 8192 2.000000000 2
24 236 3 8192 2.000000000 2
24 252 3 8192 2.000000000 2
24 276 3 8192 2.000000000 2
24 288 3 8192 2.000000000 2
24 316 3 8192 2.000000000 2
24 356 3 8192 2.000000000 2
24 380 3 8192 2.000000000 2
24 384 3 8192 2.000000000 2
24 388 3 8192 2.000000000 2
24 404 3 8192 2.000000000 2
24 440 3 8192 2.000000000 2
24 512 3 8192 2.000000000 2
24 516 3 8192 2.000000000 2
24 544 3 8192 2.000000000 2
24 564 3 8192 2.000000000 2
24 592 3 8192 2.000000000 2
24 608 3 8192 2.000000000 2
24 612 3 8192 2.000000000 2
24 656 3 8192 2.000000000 2
24 668 3 8192 2.000000000 2
24 676 3 8192 2.000000000 2
24 684 3 8192 2.000000000 2
24 704 3 8192 2.000000000 2
24 716 3 8192 2.000000000 2
24 720 3 8192 2.000000000 2
24 732 3 8192 2.000000000 2
24 736 3 8192 2.000000000 2
24 748 3 8192 2.000000000 2
24 764 3 8192 2.000000000 2
24 768 3 8192 2.000000000 2
24 776 3 8192 2.000000000 2
24 784 3 8192 2.000000000 2
24 788 3 8192 2.000000000 2
24 792 3 8192 2.000000000 2
24 812 3 8192 2.000000000 2
24 816 3 8192 2.000000000 2
24 836 3 8192 2.000000000 2
24 840 3 8192 2.000000000 2
24 860 3 8192 2.000000000 2
24 876 3 8192 2.000000000 2
24 900 3 8192 2.000000000 2
24 936 3 8192 2.000000000 2
24 944 3 8192 2.000000000 2
24 968 3 8192 2.000000000 2
24 984 3 8192 2.000000000 2
24 1024 3 8192 2.000000000 2
24 1044 3 8192 2.000000000 2
24 1048 3 8192 2.000000000 2
24 1072 3 8192 2.000000000 2
24 1076 3 8192 2.000000000 2
24 1132 3 8192 2.000000000 2
24 1136 3 8192 2.000000000 2
24 1148 3 8192 2.000000000 2
24 1168 3 8192 2.000000000 2
24 1184 3 8192 2.000000000 2
24 1192 3 8192 2.000000000 2
24 1204 3 8192 2.000000000 2
24 1244 3 8192 2.000000000 2
24 1256 3 8192 2.000000000 2
28 12 3 8192 2.000000000 2
28 16 3 8192 2.000000000 2
28 48 3 8192 2.000000000 2
28 56 3 8192 2.000000000 2
28 76 3 8192 2.000000000 2
28 108 3 8192 2.000000000 2
28 132 3 8192 2.000000000 2
28 136 3 8192 2.000000000 2
28 148 3 8192 2.000000000 2
28 152 3 8192 2.000000000 2
28 156 3 8192 2.000000000 2
28 164 3 8192 2.000000000 2
28 172 3 8192 2.000000000 2
28 232 3 8192 2.000000000 2
28 252 3 8192 2.000000000 2
28 260 3 8192 2.000000000 2
28 264 3 8192 2.000000000 2
28 276 3 8192 2.000000000 2
28 284 3 8192 2.000000000 2
28 296 3 8192 2.000000000 2
28 304 3 8192 2.000000000 2
28 320 3 8192 2.000000000 2
28 328 3 8192 2.000000000 2
28 332 3 8192 2.000000000 2
28 336 3 8192 2.000000000 2
28 364 3 8192 2.000000000 2
28 376 3 8192 2.000000000 2
28 404 3 8192 2.000000000 2
28 412 3 8192 2.000000000 2
28 440 3 8192 2.000000000 2
28 468 3 8192 2.000000000 2
28 496 3 8192 2.000000000 2
28 520 3 8192 2.000000000 2
28 528 3 8192 2.000000000 2
28 540 3 8192 2.000000000 2
28 544 3 8192 2.000000000 2
28 564 3 8192 2.000000000 2
28 596 3 8192 2.000000000 2
28 648 3 8192 2.000000000 2
28 660 3 8192 2.000000000 2
28 668 3 8192 2.000000000 2
28 700 3 8192 2.000000000 2
28 736 3 8192 2.000000000 2
28 752 3 8192 2.000000000 2
28 808 3 8192 2.000000000 2
28 860 3 8192 2.000000000 2
28 864 3 8192 2.000000000 2
28 896 3 8192 2.000000000 2
28 900 3 8192 2.000000000 2
28 920 3 8192 2.000000000 2
28 932 3 8192 2.000000000 2
28 984 3 8192 2.000000000 2
28 1008 3 8192 2.000000000 2
28 1024 3 8192 2.000000000 2
28 1032 3 8192 2.000000000 2
28 1040 3 8192 2.000000000 2
28 1052 3 8192 2.000000000 2
28 1068 3 8192 2.000000000 2
28 1084 3 8192 2.000000000 2
28 1124 3 8192 2.000000000 2
28 1160 3 8192 2.000000000 2
28 1172 3 8192 2.000000000 2
28 1204 3 8192 2.000000000 2
28 1256 3 8192 2.000000000 2
32 20 3 8192 2.000000000 2
32 28 3 8192 2.000000000 2
32 36 3 8192 2.000000000 2
32 52 3 8192 2.000000000 2
32 84 3 8192 2.000000000 2
32 88 3 8192 2.000000000 2
32 116 3 8192 2.000000000 2
32 128 3 8192 2.000000000 2
32 172 3 8192 2.000000000 2
32 196 3 8192 2.000000000 2
32 220 3 8192 2.000000000 2
32 240 3 8192 2.000000000 2
32 248 3 8192 2.000000000 2
32 264 3 8192 2.000000000 2
32 316 3 8192 2.000000000 2
32 328 3 8192 2.000000000 2
32 356 3 8192 2.000000000 2
32 360 3 8192 2.000000000 2
32 364 3 8192 2.000000000 2
32 412 3 8192 2.000000000 2
32 420 3 8192 2.000000000 2
32 428 3 8192 2.000000000 2
32 436 3 8192 2.000000000 2
32 448 3 8192 2.000000000 2
32 476 3 8192 2.000000000 2
32 480 3 8192 2.000000000 2
32 520 3 8192 2.000000000 2
32 540 3 8192 2.000000000 2
32 548 3 8192 2.000000000 2
32 576 3 8192 2.000000000 2
32 592 3 8192 2.000000000 2
32 608 3 8192 2.000000000 2
32 612 3 8192 2.000000000 2
32 640 3 8192 2.000000000 2
32 660 3 8192 2.000000000 2
32 688 3 8192 2.000000000 2
32 716 3 8192 2.000000000 2
32 720 3 8192 2.000000000 2
32 768 3 8192 2.000000000 2
32 776 3 8192 2.000000000 2
32 796 3 8192 2.000000000 2
32 840 3 8192 2.000000000 2
32 852 3 8192 2.000000000 2
32 860 3 8192 2.000000000 2
32 876 3 8192 2.000000000 2
32 880 3 8192 2.000000000 2
32 920 3 8192 2.000000000 2
32 1024 3 8192 2.000000000 2
32 1032 3 8192 2.000000000 2
32 1036 3 8192 2.000000000 2
32 1040 3 8192 2.000000000 2
32 1048 3 8192 2.000000000 2
32 1068 3 8192 2.000000000 2
32 1072 3 8192 2.000000000 2
32 1080 3 8192 2.000000000 2
32 1116 3 8192 2.000000000 2
32 1120 3 8192 2.000000000 2
32 1124 3 8192 2.000000000 2
32 1172 3 8192 2.000000000 2
32 1180 3 8192 2.000000000 2
32 1184 3 8192 2.000000000 2
32 1192 3 8192 2.000000000 2
32 1220 3 8192 2.000000000 2
32 1248 3 8192 2.000000000 2
36 4 3 8192 2.000000000 2
36 20 3 8192 2.000000000 2
36 24 3 8192 2.000000000 2
36 48 3 8192 2.000000000 2
36 104 3 8192 2.000000000 2
36 108 3 8192 2.000000000 2
36 124 3 8192 2.000000000 2
36 136 3 8192 2.000000000 2
36 156 3 8192 2.000000000 2
36 164 3 8192 2.000000000 2
36 176 3 8192 2.000000000 2
36 196 3 8192 2.000000000 2
36 232 3 8192 2.000000000 2
36 236 3 8192 2.000000000 2
36 248 3 8192 2.000000000 2
36 260 3 8192 2.000000000 2
36 272 3 8192 2.000000000 2
36 304 3 8192 2.000000000 2
36 312 3 8192 2.000000000 2
36 316 3 8192 2.000000000 2
36 320 3 8192 2.000000000 2
36 332 3 8192 2.000000000 2
36 348 3 8192 2.000000000 2
36 352 3 8192 2.000000000 2
36 360 3 8192 2.000000000 2
36 384 3 8192 2.000000000 2
36 412 3 8192 2.000000000 2
36 436 3 8192 2.000000000 2
36 472 3 8192 2.000000000 2
36 476 3 8192 2.000000000 2
36 484 3 8192 2.000000000 2
36 508 3 8192 2.000000000 2
36 536 3 8192 2.000000000 2
36 540 3 8192 2.000000000 2
36 548 3 8192 2.000000000 2
36 592 3 8192 2.000000000 2
36 616 3 8192 2.000000000 2
36 640 3 8192 2.000000000 2
36 652 3 8192 2.000000000 2
36 704 3 8192 2.000000000 2
36 716 3 8192 2.000000000 2
36 744 3 8192 2.000000000 2
36 748 3 8192 2.000000000 2
36 760 3 8192 2.000000000 2
36 768 3 8192 2.000000000 2
36 816 3 8192 2.000000000 2
36 840 3 8192 2.000000000 2
36 860 3 8192 2.000000000 2
36 868 3 8192 2.000000000 2
36 896 3 8192 2.000000000 2
36 900 3 8192 2.000000000 2
36 908 3 8192 2.000000000 2
36 936 3 8192 2.000000000 2
36 944 3 8192 2.000000000 2
36 980 3 8192 2.000000000 2
36 1012 3 8192 2.000000000 2
36 1048 3 8192 2.000000000 2
36 1056 3 8192 2.000000000 2
36 1072 3 8192 2.000000000 2
36 1180 3 8192 2.000000000 2
36 1204 3 8192 2.000000000 2
36 1212 3 8192 2.000000000 2
36 1228 3 8192 2.000000000 2
36 1236 3 8192 2.000000000 2
40 56 3 8192 2.000000000 2
40 64 3 8192 2.000000000 2
40 84 3 8192 2.000000000 2
40 128 3 8192 2.000000000 2
40 204 3 8192 2.000000000 2
40 208 3 8192 2.000000000 2
40 224 3 8192 2.000000000 2
40 244 3 8192 2.000000000 2
40 252 3 8192 2.000000000 2
40 280 3 8192 2.000000000 2
40 292 3 8192 2.000000000 2
40 308 3 8192 2.000000000 2
40 312 3 8192 2.000000000 2
40 336 3 8192 2.000000000 2
40 348 3 8192 2.000000000 2
40 376 3 8192 2.000000000 2
40 384 3 8192 2.000000000 2
40 388 3 8192 2.000000000 2
40 396 3 8192 2.000000000 2
40 400 3 8192 2.000000000 2
40 412 3 8192 2.000000000 2
40 436 3 8192 2.000000000 2
40 440 3 8192 2.000000000 2
40 444 3 8192 2.000000000 2
40 452 3 8192 2.000000000 2
40 468 3 8192 2.000000000 2
40 472 3 8192 2.000000000 2
40 480 3 8192 2.000000000 2
40 484 3 8192 2.000000000 2
40 500 3 8192 2.000000000 2
40 540 3 8192 2.000000000 2
40 544 3 8192 2.000000000 2
40 556 3 8192 2.000000000 2
40 564 3 8192 2.000000000 2
40 584 3 8192 2.000000000 2
40 616 3 8192 2.000000000 2
40 636 3 8192 2.000000000 2
40 656 3 8192 2.000000000 2
40 688 3 8192 2.000000000 2
40 748 3 8192 2.000000000 2
40 752 3 8192 2.000000000 2
40 764 3 8192 2.000000000 2
40 776 3 8192 2.000000000 2
40 836 3 8192 2.000000000 2
40 840 3 8192 2.000000000 2
40 856 3 8192 2.000000000 2
40 860 3 8192 2.000000000 2
40 892 3 8192 2.000000000 2
40 900 3 8192 2.000000000 2
40 940 3 8192 2.000000000 2
40 984 3 8192 2.000000000 2
40 1020 3 8192 2.000000000 2
40 1032 3 8192 2.000000000 2
40 1100 3 8192 2.000000000 2
40 1108 3 8192 2.000000000 2
40 1120 3 8192 2.000000000 2
40 1136 3 8192 2.000000000 2
40 1176 3 8192 2.000000000 2
40 1200 3 8192 2.000000000 2
40 1204 3 8192 2.000000000 2
40 1220 3 8192 2.000000000 2
40 1224 3 8192 2.000000000 2
40 1244 3 8192 2.000000000 2
40 1248 3 8192 2.000000000 2
44 8 3 8192 2.000000000 2
44 12 3 8192 2.000000000 2
44 16 3 8192 2.000000000 2
44 72 3 8192 2.000000000 2
44 76 3 8192 2.000000000 2
44 100 3 8192 2.000000000 2
44 128 3 8192 2.000000000 2
44 148 3 8192 2.000000000 2
44 152 3 8192 2.000000000 2
44 168 3 8192 2.000000000 2
44 196 3 8192 2.000000000 2
44 208 3 8192 2.000000000 2
44 240 3 8192 2.000000000 2
44 248 3 8192 2.000000000 2
44 268 3 8192 2.000000000 2
44 276 3 8192 2.000000000 2
44 292 3 8192 2.000000000 2
44 300 3 8192 2.000000000 2
44 312 3 8192 2.000000000 2
44 348 3 8192 2.000000000 2
44 352 3 8192 2.000000000 2
44 364 3 8192 2.000000000 2
44 380 3 8192 2.000000000 2
44 392 3 8192 2.000000000 2
44 412 3 8192 2.000000000 2
44 428 3 8192 2.000000000 2
44 444 3 8192 2.000000000 2
44 500 3 8192 2.000000000 2
44 560 3 8192 2.000000000 2
44 564 3 8192 2.000000000 2
44 584 3 8192 2.000000000 2
44 596 3 8192 2.000000000 2
44 612 3 8192 2.000000000 2
44 656 3 8192 2.000000000 2
44 704 3 8192 2.000000000 2
44 708 3 8192 2.000000000 2
44 744 3 8192 2.000000000 2
44 748 3 8192 2.000000000 2
44 752 3 8192 2.000000000 2
44 756 3 8192 2.000000000 2
44 776 3 8192 2.000000000 2
44 808 3 8192 2.000000000 2
44 828 3 8192 2.000000000 2
44 868 3 8192 2.000000000 2
44 876 3 8192 2.000000000 2
44 900 3 8192 2.000000000 2
44 908 3 8192 2.000000000 2
44 920 3 8192 2.000000000 2
44 932 3 8192 2.000000000 2
44 952 3 8192 2.000000000 2
44 964 3 8192 2.000000000 2
44 972 3 8192 2.000000000 2
44 1012 3 8192 2.000000000 2
44 1024 3 8192 2.000000000 2
44 1080 3 8192 2.000000000 2
44 1100 3 8192 2.000000000 2
44 1112 3 8192 2.000000000 2
44 1120 3 8192 2.000000000 2
44 1132 3 8192 2.000000000 2
44 1196 3 8192 2.000000000 2
44 1204 3 8192 2.000000000 2
44 1208 3 8192 2.000000000 2
44 1212 3 8192 2.000000000 2
44 1256 3 8192 2.000000000 2
48 4 3 8192 2.000000000 2
48 8 3 8192 2.000000000 2
48 24 3 8192 2.000000000 2
48 64 3 8192 2.000000000 2
48 76 3 8192 2.000000000 2
48 120 3 8192 2.000000000 2
48 128 3 8192 2.000000000 2
48 132 3 8192 2.000000000 2
48 164 3 8192 2.000000000 2
48 180 3 8192 2.000000000 2
48 224 3 8192 2.000000000 2
48 248 3 8192 2.000000000 2
48 304 3 8192 2.000000000 2
48 308 3 8192 2.000000000 2
48 344 3 8192 2.000000000 2
48 360 3 8192 2.000000000 2
48 440 3 8192 2.000000000 2
48 452 3 8192 2.000000000 2
48 460 3 8192 2.000000000 2
48 472 3 8192 2.000000000 2
48 480 3 8192 2.000000000 2
48 524 3 8192 2.000000000 2
48 528 3 8192 2.000000000 2
48 540 3 8192 2.000000000 2
48 544 3 8192 2.000000000 2
48 576 3 8192 2.000000000 2
48 608 3 8192 2.000000000 2
48 628 3 8192 2.000000000 2
48 640 3 8192 2.000000000 2
48 652 3 8192 2.000000000 2
48 664 3 8192 2.000000000 2
48 668 3 8192 2.000000000 2
48 684 3 8192 2.000000000 2
48 696 3 8192 2.000000000 2
48 700 3 8192 2.000000000 2
48 728 3 8192 2.000000000 2
48 736 3 8192 2.000000000 2
48 768 3 8192 2.000000000 2
48 776 3 8192 2.000000000 2
48 840 3 8192 2.000000000 2
48 868 3 8192 2.000000000 2
48 904 3 8192 2.000000000 2
48 920 3 8192 2.000000000 2
48 932 3 8192 2.000000000 2
48 948 3 8192 2.000000000 2
48 964 3 8192 2.000000000 2
48 972 3 8192 2.000000000 2
48 984 3 8192 2.000000000 2
48 1020 3 8192 2.000000000 2
48 1068 3 8192 2.000000000 2
48 1080 3 8192 2.000000000 2
48 1100 3 8192 2.000000000 2
48 1104 3 8192 2.000000000 2
48 1112 3 8192 2.000000000 2
48 1128 3 8192 2.000000000 2
48 1132 3 8192 2.000000000 2
48 1156 3 8192 2.000000000 2
48 1160 3 8192 2.000000000 2
48 1172 3 8192 2.000000000 2
48 1180 3 8192 2.000000000 2
48 1184 3 8192 2.000000000 2
48 1204 3 8192 2.000000000 2
48 1228 3 8192 2.000000000 2
48 1256 3 8192 2.000000000 2
52 28 3 8192 2.000000000 2
52 36 3 8192 2.000000000 2
52 44 3 8192 2.000000000 2
52 92 3 8192 2.000000000 2
52 100 3 8192 2.000000000 2
52 104 3 8192 2.000000000 2
52 116 3 8192 2.000000000 2
52 128 3 8192 2.000000000 2
52 148 3 8192 2.000000000 2
52 196 3 8192 2.000000000 2
52 240 3 8192 2.000000000 2
52 248 3 8192 2.000000000 2
52 272 3 8192 2.000000000 2
52 288 3 8192 2.000000000 2
52 308 3 8192 2.000000000 2
52 344 3 8192 2.000000000 2
52 372 3 8192 2.000000000 2
52 412 3 8192 2.000000000 2
52 416 3 8192 2.000000000 2
52 420 3 8192 2.000000000 2
52 444 3 8192 2.000000000 2
52 480 3 8192 2.000000000 2
52 528 3 8192 2.000000000 2
52 536 3 8192 2.000000000 2
52 556 3 8192 2.000000000 2
52 600 3 8192 2.000000000 2
52 644 3 8192 2.000000000 2
52 660 3 8192 2.000000000 2
52 668 3 8192 2.000000000 2
52 676 3 8192 2.000000000 2
52 700 3 8192 2.000000000 2
52 720 3 8192 2.000000000 2
52 732 3 8192 2.000000000 2
52 736 3 8192 2.000000000 2
52 744 3 8192 2.000000000 2
52 748 3 8192 2.000000000 2
52 760 3 8192 2.000000000 2
52 764 3 8192 2.000000000 2
52 784 3 8192 2.000000000 2
52 864 3 8192 2.000000000 2
52 888 3 8192 2.000000000 2
52 892 3 8192 2.000000000 2
52 936 3 8192 2.000000000 2
52 944 3 8192 2.000000000 2
52 948 3 8192 2.000000000 2
52 952 3 8192 2.000000000 2
52 1008 3 8192 2.000000000 2
52 1036 3 8192 2.000000000 2
52 1040 3 8192 2.000000000 2
52 1044 3 8192 2.000000000 2
52 1048 3 8192 2.000000000 2
52 1052 3 8192 2.000000000 2
52 1104 3 8192 2.000000000 2
52 1124 3 8192 2.000000000 2
52 1148 3 8192 2.000000000 2
52 1160 3 8192 2.000000000 2
52 1168 3 8192 2.000000000 2
52 1172 3 8192 2.000000000 2
52 1192 3 8192 2.000000000 2
52 1204 3 8192 2.000000000 2
52 1220 3 8192 2.000000000 2
52 1248 3 8192 2.000000000 2
52 1264 3 8192 2.000000000 2
52 1272 3 8192 2.000000000 2
56 12 3 8192 2.000000000 2
56 28 3 8192 2.000000000 2
56 44 3 8192 2.000000000 2
56 84 3 8192 2.000000000 2
56 96 3 8192 2.000000000 2
56 108 3 8192 2.000000000 2
56 132 3 8192 2.000000000 2
56 168 3 8192 2.000000000 2
56 172 3 8192 2.000000000 2
56 176 3 8192 2.000000000 2
56 192 3 8192 2.000000000 2
56 196 3 8192 2.000000000 2
56 228 3 8192 2.000000000 2
56 236 3 8192 2.000000000 2
56 244 3 8192 2.000000000 2
56 264 3 8192 2.000000000 2
56 288 3 8192 2.000000000 2
56 304 3 8192 2.000000000 2
56 332 3 8192 2.000000000 2
56 352 3 8192 2.000000000 2
56 356 3 8192 2.000000000 2
56 384 3 8192 2.000000000 2
56 400 3 8192 2.000000000 2
56 484 3 8192 2.000000000 2
56 496 3 8192 2.000000000 2
56 512 3 8192 2.000000000 2
56 536 3 8192 2.000000000 2
56 596 3 8192 2.000000000 2
56 600 3 8192 2.000000000 2
56 624 3 8192 2.000000000 2
56 632 3 8192 2.000000000 2
56 648 3 8192 2.000000000 2
56 656 3 8192 2.000000000 2
56 704 3 8192 2.000000000 2
56 720 3 8192 2.000000000 2
56 728 3 8192 2.000000000 2
56 776 3 8192 2.000000000 2
56 876 3 8192 2.000000000 2
56 904 3 8192 2.000000000 2
56 908 3 8192 2.000000000 2
56 940 3 8192 2.000000000 2
56 952 3 8192 2.000000000 2
56 972 3 8192 2.000000000 2
56 984 3 8192 2.000000000 2
56 1008 3 8192 2.000000000 2
56 1032 3 8192 2.000000000 2
56 1036 3 8192 2.000000000 2
56 1040 3 8192 2.000000000 2
56 1076 3 8192 2.000000000 2
56 1100 3 8192 2.000000000 2
56 1108 3 8192 2.000000000 2
56 1116 3 8192 2.000000000 2
56 1124 3 8192 2.000000000 2
56 1132 3 8192 2.000000000 2
56 1148 3 8192 2.000000000 2
56 1156 3 8192 2.000000000 2
56 1164 3 8192 2.000000000 2
56 1172 3 8192 2.000000000 2
56 1176 3 8192 2.000000000 2
56 1196 3 8192 2.000000000 2
56 1216 3 8192 2.000000000 2
56 1224 3 8192 2.000000000 2
56 1228 3 8192 2.000000000 2
56 1244 3 8192 2.000000000 2
64 8 3 8192 2.000000000 2
64 36 3 8192 2.000000000 2
64 44 3 8192 2.000000000 2
64 52 3 8192 2.000000000 2
64 72 3 8192 2.000000000 2
64 76 3 8192 2.000000000 2
64 88 3 8192 2.000000000 2
64 96 3 8192 2.000000000 2
64 112 3 8192 2.000000000 2
64 120 3 8192 2.000000000 2
64 128 3 8192 2.000000000 2
64 176 3 8192 2.000000000 2
64 204 3 8192 2.000000000 2
64 232 3 8192 2.000000000 2
64 244 3 8192 2.000000000 2
64 264 3 8192 2.000000000 2
64 284 3 8192 2.000000000 2
64 288 3 8192 2.000000000 2
64 304 3 8192 2.000000000 2
64 336 3 8192 2.000000000 2
64 356 3 8192 2.000000000 2
64 392 3 8192 2.000000000 2
64 396 3 8192 2.000000000 2
64 404 3 8192 2.000000000 2
64 440 3 8192 2.000000000 2
64 444 3 8192 2.000000000 2
64 508 3 8192 2.000000000 2
64 512 3 8192 2.000000000 2
64 576 3 8192 2.000000000 2
64 580 3 8192 2.000000000 2
64 584 3 8192 2.000000000 2
64 612 3 8192 2.000000000 2
64 692 3 8192 2.000000000 2
64 720 3 8192 2.000000000 2
64 748 3 8192 2.000000000 2
64 764 3 8192 2.000000000 2
64 776 3 8192 2.000000000 2
64 788 3 8192 2.000000000 2
64 792 3 8192 2.000000000 2
64 816 3 8192 2.000000000 2
64 840 3 8192 2.000000000 2
64 864 3 8192 2.000000000 2
64 900 3 8192 2.000000000 2
64 920 3 8192 2.000000000 2
64 932 3 8192 2.000000000 2
64 936 3 8192 2.000000000 2
64 988 3 8192 2.000000000 2
64 996 3 8192 2.000000000 2
64 1024 3 8192 2.000000000 2
64 1044 3 8192 2.000000000 2
64 1056 3 8192 2.000000000 2
64 1076 3 8192 2.000000000 2
64 1092 3 8192 2.000000000 2
64 1108 3 8192 2.000000000 2
64 1128 3 8192 2.000000000 2
64 1156 3 8192 2.000000000 2
64 1168 3 8192 2.000000000 2
64 1176 3 8192 2.000000000 2
64 1192 3 8192 2.000000000 2
64 1196 3 8192 2.000000000 2
64 1216 3 8192 2.000000000 2
64 1236 3 8192 2.000000000 2
64 1264 3 8192 2.000000000 2
64 1272 3 8192 2.000000000 2
68 12 3 8192 2.000000000 2
68 28 3 8192 2.000000000 2
68 32 3 8192 2.000000000 2
68 48 3 8192 2.000000000 2
68 72 3 8192 2.000000000 2
68 76 3 8192 2.000000000 2
68 104 3 8192 2.000000000 2
68 128 3 8192 2.000000000 2
68 136 3 8192 2.000000000 2
68 164 3 8192 2.000000000 2
68 192 3 8192 2.000000000 2
68 276 3 8192 2.000000000 2
68 292 3 8192 2.000000000 2
68 300 3 8192 2.000000000 2
68 320 3 8192 2.000000000 2
68 344 3 8192 2.000000000 2
68 356 3 8192 2.000000000 2
68 376 3 8192 2.000000000 2
68 388 3 8192 2.000000000 2
68 392 3 8192 2.000000000 2
68 400 3 8192 2.000000000 2
68 404 3 8192 2.000000000 2
68 416 3 8192 2.000000000 2
68 472 3 8192 2.000000000 2
68 476 3 8192 2.000000000 2
68 508 3 8192 2.000000000 2
68 520 3 8192 2.000000000 2
68 548 3 8192 2.000000000 2
68 584 3 8192 2.000000000 2
68 656 3 8192 2.000000000 2
68 664 3 8192 2.000000000 2
68 676 3 8192 2.000000000 2
68 704 3 8192 2.000000000 2
68 720 3 8192 2.000000000 2
68 760 3 8192 2.000000000 2
68 768 3 8192 2.000000000 2
68 812 3 8192 2.000000000 2
68 828 3 8192 2.000000000 2
68 836 3 8192 2.000000000 2
68 848 3 8192 2.000000000 2
68 864 3 8192 2.000000000 2
68 888 3 8192 2.000000000 2
68 892 3 8192 2.000000000 2
68 896 3 8192 2.000000000 2
68 952 3 8192 2.000000000 2
68 968 3 8192 2.000000000 2
68 988 3 8192 2.000000000 2
68 996 3 8192 2.000000000 2
68 1024 3 8192 2.000000000 2
68 1040 3 8192 2.000000000 2
68 1100 3 8192 2.000000000 2
68 1108 3 8192 2.000000000 2
68 1116 3 8192 2.000000000 2
68 1124 3 8192 2.000000000 2
68 1128 3 8192 2.000000000 2
68 1156 3 8192 2.000000000 2
68 1180 3 8192 2.000000000 2
68 1184 3 8192 2.000000000 2
68 1192 3 8192 2.000000000 2
68 1208 3 8192 2.000000000 2
68 1216 3 8192 2.000000000 2
68 1224 3 8192 2.000000000 2
68 1236 3 8192 2.000000000 2
68 1264 3 8192 2.000000000 2
72 12 3 8192 2.000000000 2
72 20 3 8192 2.000000000 2
72 44 3 8192 2.000000000 2
72 96 3 8192 2.000000000 2
72 116 3 8192 2.000000000 2
72 132 3 8192 2.000000000 2
72 168 3 8192 2.000000000 2
72 180 3 8192 2.000000000 2
72 208 3 8192 2.000000000 2
72 216 3 8192 2.000000000 2
72 224 3 8192 2.000000000 2
72 236 3 8192 2.000000000 2
72 248 3 8192 2.000000000 2
72 264 3 8192 2.000000000 2
72 272 3 8192 2.000000000 2
72 304 3 8192 2.000000000 2
72 320 3 8192 2.000000000 2
72 356 3 8192 2.000000000 2
72 372 3 8192 2.000000000 2
72 380 3 8192 2.000000000 2
72 412 3 8192 2.000000000 2
72 420 3 8192 2.000000000 2
72 428 3 8192 2.000000000 2
72 468 3 8192 2.000000000 2
72 476 3 8192 2.000000000 2
72 484 3 8192 2.000000000 2
72 508 3 8192 2.000000000 2
72 536 3 8192 2.000000000 2
72 560 3 8192 2.000000000 2
72 576 3 8192 2.000000000 2
72 580 3 8192 2.000000000 2
72 612 3 8192 2.000000000 2
72 616 3 8192 2.000000000 2
72 664 3 8192 2.000000000 2
72 676 3 8192 2.000000000 2
72 684 3 8192 2.000000000 2
72 692 3 8192 2.000000000 2
72 704 3 8192 2.000000000 2
72 720 3 8192 2.000000000 2
72 760 3 8192 2.000000000 2
72 784 3 8192 2.000000000 2
72 792 3 8192 2.000000000 2
72 836 3 8192 2.000000000 2
72 856 3 8192 2.000000000 2
72 868 3 8192 2.000000000 2
72 892 3 8192 2.000000000 2
72 900 3 8192 2.000000000 2
72 952 3 8192 2.000000000 2
72 980 3 8192 2.000000000 2
72 996 3 8192 2.000000000 2
72 1056 3 8192 2.000000000 2
72 1068 3 8192 2.000000000 2
72 1092 3 8192 2.000000000 2
72 1100 3 8192 2.000000000 2
72 1112 3 8192 2.000000000 2
72 1136 3 8192 2.000000000 2
72 1160 3 8192 2.000000000 2
72 1164 3 8192 2.000000000 2
72 1200 3 8192 2.000000000 2
72 1212 3 8192 2.000000000 2
72 1216 3 8192 2.000000000 2
72 1224 3 8192 2.000000000 2
72 1236 3 8192 2.000000000 2
72 1256 3 8192 2.000000000 2
76 8 3 8192 2.000000000 2
76 32 3 8192 2.000000000 2
76 64 3 8192 2.000000000 2
76 84 3 8192 2.000000000 2
76 88 3 8192 2.000000000 2
76 100 3 8192 2.000000000 2
76 116 3 8192 2.000000000 2
76 168 3 8192 2.000000000 2
76 184 3 8192 2.000000000 2
76 188 3 8192 2.000000000 2
76 192 3 8192 2.000000000 2
76 220 3 8192 2.000000000 2
76 224 3 8192 2.000000000 2
76 232 3 8192 2.000000000 2
76 236 3 8192 2.000000000 2
76 252 3 8192 2.000000000 2
76 268 3 8192 2.000000000 2
76 292 3 8192 2.000000000 2
76 296 3 8192 2.000000000 2
76 304 3 8192 2.000000000 2
76 312 3 8192 2.000000000 2
76 372 3 8192 2.000000000 2
76 376 3 8192 2.000000000 2
76 396 3 8192 2.000000000 2
76 420 3 8192 2.000000000 2
76 428 3 8192 2.000000000 2
76 436 3 8192 2.000000000 2
76 448 3 8192 2.000000000 2
76 460 3 8192 2.000000000 2
76 468 3 8192 2.000000000 2
76 476 3 8192 2.000000000 2
76 652 3 8192 2.000000000 2
76 660 3 8192 2.000000000 2
76 704 3 8192 2.000000000 2
76 708 3 8192 2.000000000 2
76 728 3 8192 2.000000000 2
76 764 3 8192 2.000000000 2
76 808 3 8192 2.000000000 2
76 840 3 8192 2.000000000 2
76 876 3 8192 2.000000000 2
76 888 3 8192 2.000000000 2
76 908 3 8192 2.000000000 2
76 944 3 8192 2.000000000 2
76 948 3 8192 2.000000000 2
76 968 3 8192 2.000000000 2
76 972 3 8192 2.000000000 2
76 980 3 8192 2.000000000 2
76 984 3 8192 2.000000000 2
76 988 3 8192 2.000000000 2
76 992 3 8192 2.000000000 2
76 1012 3 8192 2.000000000 2
76 1032 3 8192 2.000000000 2
76 1052 3 8192 2.000000000 2
76 1056 3 8192 2.000000000 2
76 1072 3 8192 2.000000000 2
76 1076 3 8192 2.000000000 2
76 1080 3 8192 2.000000000 2
76 1168 3 8192 2.000000000 2
76 1172 3 8192 2.000000000 2
76 1180 3 8192 2.000000000 2
76 1204 3 8192 2.000000000 2
76 1220 3 8192 2.000000000 2
76 1248 3 8192 2.000000000 2
76 1256 3 8192 2.000000000 2
84 8 3 8192 2.000000000 2
84 48 3 8192 2.000000000 2
84 52 3 8192 2.000000000 2
84 56 3 8192 2.000000000 2
84 72 3 8192 2.000000000 2
84 92 3 8192 2.000000000 2
84 108 3 8192 2.000000000 2
84 112 3 8192 2.000000000 2
84 128 3 8192 2.000000000 2
84 136 3 8192 2.000000000 2
84 148 3 8192 2.000000000 2
84 152 3 8192 2.000000000 2
84 164 3 8192 2.000000000 2
84 180 3 8192 2.000000000 2
84 184 3 8192 2.000000000 2
84 220 3 8192 2.000000000 2
84 300 3 8192 2.000000000 2
84 356 3 8192 2.000000000 2
84 360 3 8192 2.000000000 2
84 380 3 8192 2.000000000 2
84 460 3 8192 2.000000000 2
84 468 3 8192 2.000000000 2
84 472 3 8192 2.000000000 2
84 480 3 8192 2.000000000 2
84 508 3 8192 2.000000000 2
84 516 3 8192 2.000000000 2
84 544 3 8192 2.000000000 2
84 548 3 8192 2.000000000 2
84 616 3 8192 2.000000000 2
84 628 3 8192 2.000000000 2
84 656 3 8192 2.000000000 2
84 660 3 8192 2.000000000 2
84 664 3 8192 2.000000000 2
84 704 3 8192 2.000000000 2
84 724 3 8192 2.000000000 2
84 756 3 8192 2.000000000 2
84 784 3 8192 2.000000000 2
84 808 3 8192 2.000000000 2
84 836 3 8192 2.000000000 2
84 848 3 8192 2.000000000 2
84 860 3 8192 2.000000000 2
84 864 3 8192 2.000000000 2
84 876 3 8192 2.000000000 2
84 888 3 8192 2.000000000 2
84 948 3 8192 2.000000000 2
84 952 3 8192 2.000000000 2
84 984 3 8192 2.000000000 2
84 992 3 8192 2.000000000 2
84 1012 3 8192 2.000000000 2
84 1056 3 8192 2.000000000 2
84 1072 3 8192 2.000000000 2
84 1080 3 8192 2.000000000 2
84 1084 3 8192 2.000000000 2
84 1108 3 8192 2.000000000 2
84 1116 3 8192 2.000000000 2
84 1124 3 8192 2.000000000 2
84 1132 3 8192 2.000000000 2
84 1184 3 8192 2.000000000 2
84 1200 3 8192 2.000000000 2
84 1216 3 8192 2.000000000 2
84 1220 3 8192 2.000000000 2
84 1228 3 8192 2.000000000 2
84 1236 3 8192 2.000000000 2
84 1264 3 8192 2.000000000 2
88 4 3 8192 2.000000000 2
88 20 3 8192 2.000000000 2
88 32 3 8192 2.000000000 2
88 48 3 8192 2.000000000 2
88 56 3 8192 2.000000000 2
88 64 3 8192 2.000000000 2
88 76 3 8192 2.000000000 2
88 104 3 8192 2.000000000 2
88 112 3 8192 2.000000000 2
88 148 3 8192 2.000000000 2
88 180 3 8192 2.000000000 2
88 192 3 8192 2.000000000 2
88 224 3 8192 2.000000000 2
88 248 3 8192 2.000000000 2
88 252 3 8192 2.000000000 2
88 276 3 8192 2.000000000 2
88 284 3 8192 2.000000000 2
88 304 3 8192 2.000000000 2
88 360 3 8192 2.000000000 2
88 380 3 8192 2.000000000 2
88 424 3 8192 2.000000000 2
88 436 3 8192 2.000000000 2
88 444 3 8192 2.000000000 2
88 448 3 8192 2.000000000 2
88 544 3 8192 2.000000000 2
88 556 3 8192 2.000000000 2
88 564 3 8192 2.000000000 2
88 600 3 8192 2.000000000 2
88 612 3 8192 2.000000000 2
88 616 3 8192 2.000000000 2
88 636 3 8192 2.000000000 2
88 656 3 8192 2.000000000 2
88 692 3 8192 2.000000000 2
88 712 3 8192 2.000000000 2
88 728 3 8192 2.000000000 2
88 736 3 8192 2.000000000 2
88 744 3 8192 2.000000000 2
88 768 3 8192 2.000000000 2
88 788 3 8192 2.000000000 2
88 796 3 8192 2.000000000 2
88 812 3 8192 2.000000000 2
88 816 3 8192 2.000000000 2
88 828 3 8192 2.000000000 2
88 848 3 8192 2.000000000 2
88 856 3 8192 2.000000000 2
88 888 3 8192 2.000000000 2
88 896 3 8192 2.000000000 2
88 952 3 8192 2.000000000 2
88 968 3 8192 2.000000000 2
88 1020 3 8192 2.000000000 2
88 1032 3 8192 2.000000000 2
88 1036 3 8192 2.000000000 2
88 1052 3 8192 2.000000000 2
88 1068 3 8192 2.000000000 2
88 1076 3 8192 2.000000000 2
88 1112 3 8192 2.000000000 2
88 1116 3 8192 2.000000000 2
88 1128 3 8192 2.000000000 2
88 1136 3 8192 2.000000000 2
88 1172 3 8192 2.000000000 2
88 1212 3 8192 2.000000000 2
88 1220 3 8192 2.000000000 2
88 1224 3 8192 2.000000000 2
88 1248 3 8192 2.000000000 2
92 20 3 8192 2.000000000 2
92 24 3 8192 2.000000000 2
92 36 3 8192 2.000000000 2
92 44 3 8192 2.000000000 2
92 96 3 8192 2.000000000 2
92 104 3 8192 2.000000000 2
92 120 3 8192 2.000000000 2
92 164 3 8192 2.000000000 2
92 172 3 8192 2.000000000 2
92 188 3 8192 2.000000000 2
92 192 3 8192 2.000000000 2
92 244 3 8192 2.000000000 2
92 248 3 8192 2.000000000 2
92 264 3 8192 2.000000000 2
92 272 3 8192 2.000000000 2
92 296 3 8192 2.000000000 2
92 308 3 8192 2.000000000 2
92 316 3 8192 2.000000000 2
92 328 3 8192 2.000000000 2
92 344 3 8192 2.000000000 2
92 348 3 8192 2.000000000 2
92 352 3 8192 2.000000000 2
92 360 3 8192 2.000000000 2
92 400 3 8192 2.000000000 2
92 416 3 8192 2.000000000 2
92 420 3 8192 2.000000000 2
92 424 3 8192 2.000000000 2
92 436 3 8192 2.000000000 2
92 444 3 8192 2.000000000 2
92 452 3 8192 2.000000000 2
92 496 3 8192 2.000000000 2
92 544 3 8192 2.000000000 2
92 592 3 8192 2.000000000 2
92 636 3 8192 2.000000000 2
92 684 3 8192 2.000000000 2
92 696 3 8192 2.000000000 2
92 708 3 8192 2.000000000 2
92 724 3 8192 2.000000000 2
92 748 3 8192 2.000000000 2
92 756 3 8192 2.000000000 2
92 764 3 8192 2.000000000 2
92 768 3 8192 2.000000000 2
92 792 3 8192 2.000000000 2
92 856 3 8192 2.000000000 2
92 860 3 8192 2.000000000 2
92 864 3 8192 2.000000000 2
92 880 3 8192 2.000000000 2
92 892 3 8192 2.000000000 2
92 964 3 8192 2.000000000 2
92 972 3 8192 2.000000000 2
92 984 3 8192 2.000000000 2
92 1020 3 8192 2.000000000 2
92 1032 3 8192 2.000000000 2
92 1048 3 8192 2.000000000 2
92 1084 3 8192 2.000000000 2
92 1112 3 8192 2.000000000 2
92 1128 3 8192 2.000000000 2
92 1136 3 8192 2.000000000 2
92 1156 3 8192 2.000000000 2
92 1180 3 8192 2.000000000 2
92 1224 3 8192 2.000000000 2
92 1248 3 8192 2.000000000 2
92 1256 3 8192 2.000000000 2
92 1272 3 8192 2.000000000 2
96 12 3 8192 2.000000000 2
96 40 3 8192 2.000000000 2
96 100 3 8192 2.000000000 2
96 112 3 8192 2.000000000 2
96 128 3 8192 2.000000000 2
96 156 3 8192 2.000000000 2
96 168 3 8192 2.000000000 2
96 176 3 8192 2.000000000 2
96 188 3 8192 2.000000000 2
96 220 3 8192 2.000000000 2
96 244 3 8192 2.000000000 2
96 288 3 8192 2.000000000 2
96 308 3 8192 2.000000000 2
96 332 3 8192 2.000000000 2
96 348 3 8192 2.000000000 2
96 396 3 8192 2.000000000 2
96 452 3 8192 2.000000000 2
96 468 3 8192 2.000000000 2
96 472 3 8192 2.000000000 2
96 512 3 8192 2.000000000 2
96 516 3 8192 2.000000000 2
96 544 3 8192 2.000000000 2
96 548 3 8192 2.000000000 2
96 564 3 8192 2.000000000 2
96 616 3 8192 2.000000000 2
96 636 3 8192 2.000000000 2
96 664 3 8192 2.000000000 2
96 692 3 8192 2.000000000 2
96 704 3 8192 2.000000000 2
96 732 3 8192 2.000000000 2
96 736 3 8192 2.000000000 2
96 744 3 8192 2.000000000 2
96 748 3 8192 2.000000000 2
96 776 3 8192 2.000000000 2
96 784 3 8192 2.000000000 2
96 792 3 8192 2.000000000 2
96 808 3 8192 2.000000000 2
96 816 3 8192 2.000000000 2
96 836 3 8192 2.000000000 2
96 840 3 8192 2.000000000 2
96 848 3 8192 2.000000000 2
96 852 3 8192 2.000000000 2
96 860 3 8192 2.000000000 2
96 888 3 8192 2.000000000 2
96 908 3 8192 2.000000000 2
96 940 3 8192 2.000000000 2
96 952 3 8192 2.000000000 2
96 984 3 8192 2.000000000 2
96 988 3 8192 2.000000000 2
96 1008 3 8192 2.000000000 2
96 1044 3 8192 2.000000000 2
96 1048 3 8192 2.000000000 2
96 1080 3 8192 2.000000000 2
96 1104 3 8192 2.000000000 2
96 1112 3 8192 2.000000000 2
96 1132 3 8192 2.000000000 2
96 1148 3 8192 2.000000000 2
96 1160 3 8192 2.000000000 2
96 1164 3 8192 2.000000000 2
96 1176 3 8192 2.000000000 2
96 1184 3 8192 2.000000000 2
96 1212 3 8192 2.000000000 2
96 1256 3 8192 2.000000000 2
96 1272 3 8192 2.000000000 2
100 20 3 8192 2.000000000 2
100 28 3 8192 2.000000000 2
100 32 3 8192 2.000000000 2
100 76 3 8192 2.000000000 2
100 84 3 8192 2.000000000 2
100 120 3 8192 2.000000000 2
100 148 3 8192 2.000000000 2
100 156 3 8192 2.000000000 2
100 176 3 8192 2.000000000 2
100 184 3 8192 2.000000000 2
100 188 3 8192 2.000000000 2
100 196 3 8192 2.000000000 2
100 204 3 8192 2.000000000 2
100 232 3 8192 2.000000000 2
100 264 3 8192 2.000000000 2
100 268 3 8192 2.000000000 2
100 280 3 8192 2.000000000 2
100 312 3 8192 2.000000000 2
100 332 3 8192 2.000000000 2
100 344 3 8192 2.000000000 2
100 364 3 8192 2.000000000 2
100 372 3 8192 2.000000000 2
100 416 3 8192 2.000000000 2
100 428 3 8192 2.000000000 2
100 484 3 8192 2.000000000 2
100 508 3 8192 2.000000000 2
100 524 3 8192 2.000000000 2
100 540 3 8192 2.000000000 2
100 564 3 8192 2.000000000 2
100 584 3 8192 2.000000000 2
100 596 3 8192 2.000000000 2
100 644 3 8192 2.000000000 2
100 656 3 8192 2.000000000 2
100 664 3 8192 2.000000000 2
100 668 3 8192 2.000000000 2
100 692 3 8192 2.000000000 2
100 700 3 8192 2.000000000 2
100 708 3 8192 2.000000000 2
100 728 3 8192 2.000000000 2
100 736 3 8192 2.000000000 2
100 744 3 8192 2.000000000 2
100 748 3 8192 2.000000000 2
100 764 3 8192 2.000000000 2
100 784 3 8192 2.000000000 2
100 788 3 8192 2.000000000 2
100 812 3 8192 2.000000000 2
100 856 3 8192 2.000000000 2
100 868 3 8192 2.000000000 2
100 908 3 8192 2.000000000 2
100 932 3 8192 2.000000000 2
100 944 3 8192 2.000000000 2
100 948 3 8192 2.000000000 2
100 980 3 8192 2.000000000 2
100 984 3 8192 2.000000000 2
100 992 3 8192 2.000000000 2
100 1012 3 8192 2.000000000 2
100 1020 3 8192 2.000000000 2
100 1056 3 8192 2.000000000 2
100 1100 3 8192 2.000000000 2
100 1184 3 8192 2.000000000 2
100 1196 3 8192 2.000000000 2
100 1212 3 8192 2.000000000 2
100 1224 3 8192 2.000000000 2
100 1272 3 8192 2.000000000 2
104 20 3 8192 2.000000000 2
104 56 3 8192 2.000000000 2
104 72 3 8192 2.000000000 2
104 76 3 8192 2.000000000 2
104 96 3 8192 2.000000000 2
104 132 3 8192 2.000000000 2
104 156 3 8192 2.000000000 2
104 164 3 8192 2.000000000 2
104 180 3 8192 2.000000000 2
104 220 3 8192 2.000000000 2
104 232 3 8192 2.000000000 2
104 248 3 8192 2.000000000 2
104 296 3 8192 2.000000000 2
104 308 3 8192 2.000000000 2
104 352 3 8192 2.000000000 2
104 356 3 8192 2.000000000 2
104 360 3 8192 2.000000000 2
104 404 3 8192 2.000000000 2
104 412 3 8192 2.000000000 2
104 424 3 8192 2.000000000 2
104 448 3 8192 2.000000000 2
104 452 3 8192 2.000000000 2
104 468 3 8192 2.000000000 2
104 476 3 8192 2.000000000 2
104 528 3 8192 2.000000000 2
104 536 3 8192 2.000000000 2
104 544 3 8192 2.000000000 2
104 584 3 8192 2.000000000 2
104 616 3 8192 2.000000000 2
104 624 3 8192 2.000000000 2
104 636 3 8192 2.000000000 2
104 640 3 8192 2.000000000 2
104 660 3 8192 2.000000000 2
104 664 3 8192 2.000000000 2
104 676 3 8192 2.000000000 2
104 684 3 8192 2.000000000 2
104 692 3 8192 2.000000000 2
104 716 3 8192 2.000000000 2
104 748 3 8192 2.000000000 2
104 752 3 8192 2.000000000 2
104 856 3 8192 2.000000000 2
104 868 3 8192 2.000000000 2
104 880 3 8192 2.000000000 2
104 936 3 8192 2.000000000 2
104 940 3 8192 2.000000000 2
104 952 3 8192 2.000000000 2
104 964 3 8192 2.000000000 2
104 992 3 8192 2.000000000 2
104 1008 3 8192 2.000000000 2
104 1020 3 8192 2.000000000 2
104 1040 3 8192 2.000000000 2
104 1056 3 8192 2.000000000 2
104 1076 3 8192 2.000000000 2
104 1112 3 8192 2.000000000 2
104 1128 3 8192 2.000000000 2
104 1156 3 8192 2.000000000 2
104 1168 3 8192 2.000000000 2
104 1176 3 8192 2.000000000 2
104 1180 3 8192 2.000000000 2
104 1184 3 8192 2.000000000 2
104 1200 3 8192 2.000000000 2
104 1204 3 8192 2.000000000 2
104 1248 3 8192 2.000000000 2
104 1264 3 8192 2.000000000 2
108 8 3 8192 2.000000000 2
108 12 3 8192 2.000000000 2
108 20 3 8192 2.000000000 2
108 32 3 8192 2.000000000 2
108 44 3 8192 2.000000000 2
108 76 3 8192 2.000000000 2
108 96 3 8192 2.000000000 2
108 104 3 8192 2.000000000 2
108 112 3 8192 2.000000000 2
108 168 3 8192 2.000000000 2
108 172 3 8192 2.000000000 2
108 176 3 8192 2.000000000 2
108 180 3 8192 2.000000000 2
108 184 3 8192 2.000000000 2
108 188 3 8192 2.000000000 2
108 224 3 8192 2.000000000 2
108 232 3 8192 2.000000000 2
108 240 3 8192 2.000000000 2
108 252 3 8192 2.000000000 2
108 276 3 8192 2.000000000 2
108 304 3 8192 2.000000000 2
108 316 3 8192 2.000000000 2
108 344 3 8192 2.000000000 2
108 352 3 8192 2.000000000 2
108 372 3 8192 2.000000000 2
108 412 3 8192 2.000000000 2
108 416 3 8192 2.000000000 2
108 500 3 8192 2.000000000 2
108 528 3 8192 2.000000000 2
108 540 3 8192 2.000000000 2
108 544 3 8192 2.000000000 2
108 560 3 8192 2.000000000 2
108 616 3 8192 2.000000000 2
108 624 3 8192 2.000000000 2
108 628 3 8192 2.000000000 2
108 640 3 8192 2.000000000 2
108 648 3 8192 2.000000000 2
108 668 3 8192 2.000000000 2
108 676 3 8192 2.000000000 2
108 792 3 8192 2.000000000 2
108 808 3 8192 2.000000000 2
108 812 3 8192 2.000000000 2
108 828 3 8192 2.000000000 2
108 840 3 8192 2.000000000 2
108 880 3 8192 2.000000000 2
108 888 3 8192 2.000000000 2
108 892 3 8192 2.000000000 2
108 904 3 8192 2.000000000 2
108 944 3 8192 2.000000000 2
108 984 3 8192 2.000000000 2
108 1044 3 8192 2.000000000 2
108 1056 3 8192 2.000000000 2
108 1076 3 8192 2.000000000 2
108 1100 3 8192 2.000000000 2
108 1116 3 8192 2.000000000 2
108 1124 3 8192 2.000000000 2
108 1160 3 8192 2.000000000 2
108 1180 3 8192 2.000000000 2
108 1184 3 8192 2.000000000 2
108 1192 3 8192 2.000000000 2
108 1200 3 8192 2.000000000 2
108 1208 3 8192 2.000000000 2
108 1216 3 8192 2.000000000 2
108 1244 3 8192 2.000000000 2
112 4 3 8192 2.000000000 2
112 8 3 8192 2.000000000 2
112 28 3 8192 2.000000000 2
112 52 3 8192 2.000000000 2
112 100 3 8192 2.000000000 2
112 148 3 8192 2.000000000 2
112 156 3 8192 2.000000000 2
112 204 3 8192 2.000000000 2
112 220 3 8192 2.000000000 2
112 232 3 8192 2.000000000 2
112 236 3 8192 2.000000000 2
112 268 3 8192 2.000000000 2
112 288 3 8192 2.000000000 2
112 296 3 8192 2.000000000 2
112 308 3 8192 2.000000000 2
112 316 3 8192 2.000000000 2
112 352 3 8192 2.000000000 2
112 380 3 8192 2.000000000 2
112 424 3 8192 2.000000000 2
112 448 3 8192 2.000000000 2
112 476 3 8192 2.000000000 2
112 496 3 8192 2.000000000 2
112 524 3 8192 2.000000000 2
112 528 3 8192 2.000000000 2
112 536 3 8192 2.000000000 2
112 540 3 8192 2.000000000 2
112 556 3 8192 2.000000000 2
112 564 3 8192 2.000000000 2
112 580 3 8192 2.000000000 2
112 608 3 8192 2.000000000 2
112 616 3 8192 2.000000000 2
112 668 3 8192 2.000000000 2
112 684 3 8192 2.000000000 2
112 700 3 8192 2.000000000 2
112 704 3 8192 2.000000000 2
112 716 3 8192 2.000000000 2
112 728 3 8192 2.000000000 2
112 732 3 8192 2.000000000 2
112 756 3 8192 2.000000000 2
112 760 3 8192 2.000000000 2
112 764 3 8192 2.000000000 2
112 828 3 8192 2.000000000 2
112 836 3 8192 2.000000000 2
112 848 3 8192 2.000000000 2
112 864 3 8192 2.000000000 2
112 896 3 8192 2.000000000 2
112 932 3 8192 2.000000000 2
112 948 3 8192 2.000000000 2
112 968 3 8192 2.000000000 2
112 988 3 8192 2.000000000 2
112 996 3 8192 2.000000000 2
112 1032 3 8192 2.000000000 2
112 1052 3 8192 2.000000000 2
112 1092 3 8192 2.000000000 2
112 1100 3 8192 2.000000000 2
112 1112 3 8192 2.000000000 2
112 1120 3 8192 2.000000000 2
112 1136 3 8192 2.000000000 2
112 1192 3 8192 2.000000000 2
112 1212 3 8192 2.000000000 2
112 1224 3 8192 2.000000000 2
112 1228 3 8192 2.000000000 2
112 1236 3 8192 2.000000000 2
112 1256 3 8192 2.000000000 2
116 4 3 8192 2.000000000 2
116 8 3 8192 2.000000000 2
116 12 3 8192 2.000000000 2
116 16 3 8192 2.000000000 2
116 24 3 8192 2.000000000 2
116 44 3 8192 2.000000000 2
116 48 3 8192 2.000000000 2
116 104 3 8192 2.000000000 2
116 108 3 8192 2.000000000 2
116 112 3 8192 2.000000000 2
116 148 3 8192 2.000000000 2
116 192 3 8192 2.000000000 2
116 216 3 8192 2.000000000 2
116 280 3 8192 2.000000000 2
116 284 3 8192 2.000000000 2
116 288 3 8192 2.000000000 2
116 300 3 8192 2.000000000 2
116 304 3 8192 2.000000000 2
116 320 3 8192 2.000000000 2
116 348 3 8192 2.000000000 2
116 356 3 8192 2.000000000 2
116 404 3 8192 2.000000000 2
116 412 3 8192 2.000000000 2
116 416 3 8192 2.000000000 2
116 420 3 8192 2.000000000 2
116 452 3 8192 2.000000000 2
116 476 3 8192 2.000000000 2
116 508 3 8192 2.000000000 2
116 596 3 8192 2.000000000 2
116 612 3 8192 2.000000000 2
116 624 3 8192 2.000000000 2
116 628 3 8192 2.000000000 2
116 648 3 8192 2.000000000 2
116 668 3 8192 2.000000000 2
116 676 3 8192 2.000000000 2
116 700 3 8192 2.000000000 2
116 704 3 8192 2.000000000 2
116 728 3 8192 2.000000000 2
116 748 3 8192 2.000000000 2
116 760 3 8192 2.000000000 2
116 764 3 8192 2.000000000 2
116 788 3 8192 2.000000000 2
116 808 3 8192 2.000000000 2
116 852 3 8192 2.000000000 2
116 856 3 8192 2.000000000 2
116 860 3 8192 2.000000000 2
116 864 3 8192 2.000000000 2
116 880 3 8192 2.000000000 2
116 908 3 8192 2.000000000 2
116 952 3 8192 2.000000000 2
116 980 3 8192 2.000000000 2
116 992 3 8192 2.000000000 2
116 1032 3 8192 2.000000000 2
116 1052 3 8192 2.000000000 2
116 1112 3 8192 2.000000000 2
116 1132 3 8192 2.000000000 2
116 1136 3 8192 2.000000000 2
116 1148 3 8192 2.000000000 2
116 1156 3 8192 2.000000000 2
116 1164 3 8192 2.000000000 2
116 1208 3 8192 2.000000000 2
116 1212 3 8192 2.000000000 2
116 1248 3 8192 2.000000000 2
116 1256 3 8192 2.000000000 2
120 12 3 8192 2.000000000 2
120 52 3 8192 2.000000000 2
120 64 3 8192 2.000000000 2
120 68 3 8192 2.000000000 2
120 84 3 8192 2.000000000 2
120 112 3 8192 2.000000000 2
120 128 3 8192 2.000000000 2
120 136 3 8192 2.000000000 2
120 152 3 8192 2.000000000 2
120 172 3 8192 2.000000000 2
120 180 3 8192 2.000000000 2
120 184 3 8192 2.000000000 2
120 204 3 8192 2.000000000 2
120 244 3 8192 2.000000000 2
120 260 3 8192 2.000000000 2
120 284 3 8192 2.000000000 2
120 344 3 8192 2.000000000 2
120 364 3 8192 2.000000000 2
120 372 3 8192 2.000000000 2
120 388 3 8192 2.000000000 2
120 392 3 8192 2.000000000 2
120 400 3 8192 2.000000000 2
120 416 3 8192 2.000000000 2
120 420 3 8192 2.000000000 2
120 448 3 8192 2.000000000 2
120 476 3 8192 2.000000000 2
120 484 3 8192 2.000000000 2
120 496 3 8192 2.000000000 2
120 508 3 8192 2.000000000 2
120 512 3 8192 2.000000000 2
120 536 3 8192 2.000000000 2
120 540 3 8192 2.000000000 2
120 556 3 8192 2.000000000 2
120 560 3 8192 2.000000000 2
120 564 3 8192 2.000000000 2
120 576 3 8192 2.000000000 2
120 580 3 8192 2.000000000 2
120 596 3 8192 2.000000000 2
120 628 3 8192 2.000000000 2
120 668 3 8192 2.000000000 2
120 676 3 8192 2.000000000 2
120 696 3 8192 2.000000000 2
120 716 3 8192 2.000000000 2
120 748 3 8192 2.000000000 2
120 792 3 8192 2.000000000 2
120 848 3 8192 2.000000000 2
120 856 3 8192 2.000000000 2
120 864 3 8192 2.000000000 2
120 868 3 8192 2.000000000 2
120 888 3 8192 2.000000000 2
120 892 3 8192 2.000000000 2
120 972 3 8192 2.000000000 2
120 988 3 8192 2.000000000 2
120 992 3 8192 2.000000000 2
120 1024 3 8192 2.000000000 2
120 1036 3 8192 2.000000000 2
120 1104 3 8192 2.000000000 2
120 1120 3 8192 2.000000000 2
120 1128 3 8192 2.000000000 2
120 1164 3 8192 2.000000000 2
120 1200 3 8192 2.000000000 2
120 1236 3 8192 2.000000000 2
120 1244 3 8192 2.000000000 2
120 1248 3 8192 2.000000000 2
124 4 3 8192 2.000000000 2
124 8 3 8192 2.000000000 2
124 24 3 8192 2.000000000 2
124 32 3 8192 2.000000000 2
124 56 3 8192 2.000000000 2
124 68 3 8192 2.000000000 2
124 84 3 8192 2.000000000 2
124 104 3 8192 2.000000000 2
124 108 3 8192 2.000000000 2
124 112 3 8192 2.000000000 2
124 132 3 8192 2.000000000 2
124 180 3 8192 2.000000000 2
124 184 3 8192 2.000000000 2
124 192 3 8192 2.000000000 2
124 264 3 8192 2.000000000 2
124 276 3 8192 2.000000000 2
124 284 3 8192 2.000000000 2
124 316 3 8192 2.000000000 2
124 336 3 8192 2.000000000 2
124 376 3 8192 2.000000000 2
124 392 3 8192 2.000000000 2
124 396 3 8192 2.000000000 2
124 508 3 8192 2.000000000 2
124 536 3 8192 2.000000000 2
124 560 3 8192 2.000000000 2
124 564 3 8192 2.000000000 2
124 612 3 8192 2.000000000 2
124 628 3 8192 2.000000000 2
124 660 3 8192 2.000000000 2
124 664 3 8192 2.000000000 2
124 688 3 8192 2.000000000 2
124 692 3 8192 2.000000000 2
124 696 3 8192 2.000000000 2
124 704 3 8192 2.000000000 2
124 712 3 8192 2.000000000 2
124 724 3 8192 2.000000000 2
124 732 3 8192 2.000000000 2
124 748 3 8192 2.000000000 2
124 756 3 8192 2.000000000 2
124 836 3 8192 2.000000000 2
124 840 3 8192 2.000000000 2
124 860 3 8192 2.000000000 2
124 868 3 8192 2.000000000 2
124 888 3 8192 2.000000000 2
124 892 3 8192 2.000000000 2
124 900 3 8192 2.000000000 2
124 920 3 8192 2.000000000 2
124 932 3 8192 2.000000000 2
124 972 3 8192 2.000000000 2
124 984 3 8192 2.000000000 2
124 992 3 8192 2.000000000 2
124 996 3 8192 2.000000000 2
124 1008 3 8192 2.000000000 2
124 1020 3 8192 2.000000000 2
124 1036 3 8192 2.000000000 2
124 1056 3 8192 2.000000000 2
124 1104 3 8192 2.000000000 2
124 1108 3 8192 2.000000000 2
124 1112 3 8192 2.000000000 2
124 1116 3 8192 2.000000000 2
124 1204 3 8192 2.000000000 2
124 1208 3 8192 2.000000000 2
124 1212 3 8192 2.000000000 2
124 1272 3 8192 2.000000000 2
128 24 3 8192 2.000000000 2
128 28 3 8192 2.000000000 2
128 40 3 8192 2.000000000 2
128 100 3 8192 2.000000000 2
128 104 3 8192 2.000000000 2
128 108 3 8192 2.000000000 2
128 136 3 8192 2.000000000 2
128 168 3 8192 2.000000000 2
128 180 3 8192 2.000000000 2
128 184 3 8192 2.000000000 2
128 204 3 8192 2.000000000 2
128 220 3 8192 2.000000000 2
128 224 3 8192 2.000000000 2
128 244 3 8192 2.000000000 2
128 268 3 8192 2.000000000 2
128 276 3 8192 2.000000000 2
128 292 3 8192 2.000000000 2
128 328 3 8192 2.000000000 2
128 380 3 8192 2.000000000 2
128 388 3 8192 2.000000000 2
128 412 3 8192 2.000000000 2
128 416 3 8192 2.000000000 2
128 428 3 8192 2.000000000 2
128 444 3 8192 2.000000000 2
128 452 3 8192 2.000000000 2
128 496 3 8192 2.000000000 2
128 500 3 8192 2.000000000 2
128 540 3 8192 2.000000000 2
128 556 3 8192 2.000000000 2
128 584 3 8192 2.000000000 2
128 636 3 8192 2.000000000 2
128 724 3 8192 2.000000000 2
128 728 3 8192 2.000000000 2
128 744 3 8192 2.000000000 2
128 752 3 8192 2.000000000 2
128 784 3 8192 2.000000000 2
128 792 3 8192 2.000000000 2
128 816 3 8192 2.000000000 2
128 856 3 8192 2.000000000 2
128 864 3 8192 2.000000000 2
128 868 3 8192 2.000000000 2
128 876 3 8192 2.000000000 2
128 880 3 8192 2.000000000 2
128 900 3 8192 2.000000000 2
128 920 3 8192 2.000000000 2
128 948 3 8192 2.000000000 2
128 964 3 8192 2.000000000 2
128 968 3 8192 2.000000000 2
128 996 3 8192 2.000000000 2
128 1036 3 8192 2.000000000 2
128 1048 3 8192 2.000000000 2
128 1052 3 8192 2.000000000 2
128 1072 3 8192 2.000000000 2
128 1092 3 8192 2.000000000 2
128 1100 3 8192 2.000000000 2
128 1136 3 8192 2.000000000 2
128 1160 3 8192 2.000000000 2
128 1208 3 8192 2.000000000 2
128 1212 3 8192 2.000000000 2
128 1216 3 8192 2.000000000 2
128 1220 3 8192 2.000000000 2
128 1224 3 8192 2.000000000 2
128 1236 3 8192 2.000000000 2
128 1272 3 8192 2.000000000 2
132 8 3 8192 2.000000000 2
132 28 3 8192 2.000000000 2
132 32 3 8192 2.000000000 2
132 44 3 8192 2.000000000 2
132 52 3 8192 2.000000000 2
132 56 3 8192 2.000000000 2
132 64 3 8192 2.000000000 2
132 68 3 8192 2.000000000 2
132 100 3 8192 2.000000000 2
132 120 3 8192 2.000000000 2
132 136 3 8192 2.000000000 2
132 196 3 8192 2.000000000 2
132 208 3 8192 2.000000000 2
132 216 3 8192 2.000000000 2
132 224 3 8192 2.000000000 2
132 228 3 8192 2.000000000 2
132 284 3 8192 2.000000000 2
132 288 3 8192 2.000000000 2
132 292 3 8192 2.000000000 2
132 308 3 8192 2.000000000 2
132 348 3 8192 2.000000000 2
132 360 3 8192 2.000000000 2
132 396 3 8192 2.000000000 2
132 404 3 8192 2.000000000 2
132 436 3 8192 2.000000000 2
132 440 3 8192 2.000000000 2
132 468 3 8192 2.000000000 2
132 476 3 8192 2.000000000 2
132 480 3 8192 2.000000000 2
132 508 3 8192 2.000000000 2
132 516 3 8192 2.000000000 2
132 520 3 8192 2.000000000 2
132 528 3 8192 2.000000000 2
132 536 3 8192 2.000000000 2
132 596 3 8192 2.000000000 2
132 616 3 8192 2.000000000 2
132 624 3 8192 2.000000000 2
132 648 3 8192 2.000000000 2
132 668 3 8192 2.000000000 2
132 688 3 8192 2.000000000 2
132 704 3 8192 2.000000000 2
132 752 3 8192 2.000000000 2
132 756 3 8192 2.000000000 2
132 792 3 8192 2.000000000 2
132 808 3 8192 2.000000000 2
132 812 3 8192 2.000000000 2
132 852 3 8192 2.000000000 2
132 876 3 8192 2.000000000 2
132 888 3 8192 2.000000000 2
132 892 3 8192 2.000000000 2
132 952 3 8192 2.000000000 2
132 980 3 8192 2.000000000 2
132 988 3 8192 2.000000000 2
132 1044 3 8192 2.000000000 2
132 1052 3 8192 2.000000000 2
132 1084 3 8192 2.000000000 2
132 1100 3 8192 2.000000000 2
132 1112 3 8192 2.000000000 2
132 1148 3 8192 2.000000000 2
132 1172 3 8192 2.000000000 2
132 1204 3 8192 2.000000000 2
132 1208 3 8192 2.000000000 2
132 1224 3 8192 2.000000000 2
132 1256 3 8192 2.000000000 2
136 32 3 8192 2.000000000 2
136 64 3 8192 2.000000000 2
136 68 3 8192 2.000000000 2
136 112 3 8192 2.000000000 2
136 128 3 8192 2.000000000 2
136 148 3 8192 2.000000000 2
136 156 3 8192 2.000000000 2
136 176 3 8192 2.000000000 2
136 188 3 8192 2.000000000 2
136 196 3 8192 2.000000000 2
136 204 3 8192 2.000000000 2
136 224 3 8192 2.000000000 2
136 232 3 8192 2.000000000 2
136 244 3 8192 2.000000000 2
136 260 3 8192 2.000000000 2
136 296 3 8192 2.000000000 2
136 312 3 8192 2.000000000 2
136 328 3 8192 2.000000000 2
136 344 3 8192 2.000000000 2
136 348 3 8192 2.000000000 2
136 360 3 8192 2.000000000 2
136 384 3 8192 2.000000000 2
136 404 3 8192 2.000000000 2
136 444 3 8192 2.000000000 2
136 452 3 8192 2.000000000 2
136 480 3 8192 2.000000000 2
136 508 3 8192 2.000000000 2
136 520 3 8192 2.000000000 2
136 584 3 8192 2.000000000 2
136 600 3 8192 2.000000000 2
136 608 3 8192 2.000000000 2
136 612 3 8192 2.000000000 2
136 616 3 8192 2.000000000 2
136 628 3 8192 2.000000000 2
136 640 3 8192 2.000000000 2
136 660 3 8192 2.000000000 2
136 676 3 8192 2.000000000 2
136 684 3 8192 2.000000000 2
136 712 3 8192 2.000000000 2
136 728 3 8192 2.000000000 2
136 744 3 8192 2.000000000 2
136 752 3 8192 2.000000000 2
136 764 3 8192 2.000000000 2
136 788 3 8192 2.000000000 2
136 792 3 8192 2.000000000 2
136 796 3 8192 2.000000000 2
136 812 3 8192 2.000000000 2
136 836 3 8192 2.000000000 2
136 868 3 8192 2.000000000 2
136 880 3 8192 2.000000000 2
136 920 3 8192 2.000000000 2
136 932 3 8192 2.000000000 2
136 944 3 8192 2.000000000 2
136 948 3 8192 2.000000000 2
136 952 3 8192 2.000000000 2
136 984 3 8192 2.000000000 2
136 1092 3 8192 2.000000000 2
136 1100 3 8192 2.000000000 2
136 1108 3 8192 2.000000000 2
136 1124 3 8192 2.000000000 2
136 1128 3 8192 2.000000000 2
136 1148 3 8192 2.000000000 2
136 1192 3 8192 2.000000000 2
136 1256 3 8192 2.000000000 2
148 4 3 8192 2.000000000 2
148 12 3 8192 2.000000000 2
148 20 3 8192 2.000000000 2
148 40 3 8192 2.000000000 2
148 72 3 8192 2.000000000 2
148 96 3 8192 2.000000000 2
148 104 3 8192 2.000000000 2
148 168 3 8192 2.000000000 2
148 176 3 8192 2.000000000 2
148 192 3 8192 2.000000000 2
148 208 3 8192 2.000000000 2
148 220 3 8192 2.000000000 2
148 228 3 8192 2.000000000 2
148 264 3 8192 2.000000000 2
148 276 3 8192 2.000000000 2
148 288 3 8192 2.000000000 2
148 304 3 8192 2.000000000 2
148 320 3 8192 2.000000000 2
148 332 3 8192 2.000000000 2
148 348 3 8192 2.000000000 2
148 352 3 8192 2.000000000 2
148 360 3 8192 2.000000000 2
148 436 3 8192 2.000000000 2
148 448 3 8192 2.000000000 2
148 460 3 8192 2.000000000 2
148 468 3 8192 2.000000000 2
148 484 3 8192 2.000000000 2
148 496 3 8192 2.000000000 2
148 528 3 8192 2.000000000 2
148 584 3 8192 2.000000000 2
148 592 3 8192 2.000000000 2
148 636 3 8192 2.000000000 2
148 668 3 8192 2.000000000 2
148 688 3 8192 2.000000000 2
148 700 3 8192 2.000000000 2
148 716 3 8192 2.000000000 2
148 776 3 8192 2.000000000 2
148 796 3 8192 2.000000000 2
148 808 3 8192 2.000000000 2
148 812 3 8192 2.000000000 2
148 864 3 8192 2.000000000 2
148 888 3 8192 2.000000000 2
148 904 3 8192 2.000000000 2
148 940 3 8192 2.000000000 2
148 944 3 8192 2.000000000 2
148 952 3 8192 2.000000000 2
148 988 3 8192 2.000000000 2
148 992 3 8192 2.000000000 2
148 1020 3 8192 2.000000000 2
148 1036 3 8192 2.000000000 2
148 1056 3 8192 2.000000000 2
148 1076 3 8192 2.000000000 2
148 1116 3 8192 2.000000000 2
148 1120 3 8192 2.000000000 2
148 1136 3 8192 2.000000000 2
148 1184 3 8192 2.000000000 2
148 1196 3 8192 2.000000000 2
148 1200 3 8192 2.000000000 2
148 1216 3 8192 2.000000000 2
148 1224 3 8192 2.000000000 2
148 1228 3 8192 2.000000000 2
148 1248 3 8192 2.000000000 2
148 1256 3 8192 2.000000000 2
148 1272 3 8192 2.000000000 2
152 16 3 8192 2.000000000 2
152 24 3 8192 2.000000000 2
152 44 3 8192 2.000000000 2
152 48 3 8192 2.000000000 2
152 56 3 8192 2.000000000 2
152 76 3 8192 2.000000000 2
152 92 3 8192 2.000000000 2
152 116 3 8192 2.000000000 2
152 128 3 8192 2.000000000 2
152 132 3 8192 2.000000000 2
152 188 3 8192 2.000000000 2
152 192 3 8192 2.000000000 2
152 220 3 8192 2.000000000 2
152 228 3 8192 2.000000000 2
152 244 3 8192 2.000000000 2
152 252 3 8192 2.000000000 2
152 260 3 8192 2.000000000 2
152 288 3 8192 2.000000000 2
152 292 3 8192 2.000000000 2
152 296 3 8192 2.000000000 2
152 336 3 8192 2.000000000 2
152 352 3 8192 2.000000000 2
152 404 3 8192 2.000000000 2
152 420 3 8192 2.000000000 2
152 444 3 8192 2.000000000 2
152 472 3 8192 2.000000000 2
152 480 3 8192 2.000000000 2
152 512 3 8192 2.000000000 2
152 516 3 8192 2.000000000 2
152 544 3 8192 2.000000000 2
152 596 3 8192 2.000000000 2
152 600 3 8192 2.000000000 2
152 612 3 8192 2.000000000 2
152 628 3 8192 2.000000000 2
152 636 3 8192 2.000000000 2
152 640 3 8192 2.000000000 2
152 656 3 8192 2.000000000 2
152 716 3 8192 2.000000000 2
152 724 3 8192 2.000000000 2
152 736 3 8192 2.000000000 2
152 748 3 8192 2.000000000 2
152 768 3 8192 2.000000000 2
152 792 3 8192 2.000000000 2
152 828 3 8192 2.000000000 2
152 840 3 8192 2.000000000 2
152 892 3 8192 2.000000000 2
152 908 3 8192 2.000000000 2
152 940 3 8192 2.000000000 2
152 952 3 8192 2.000000000 2
152 996 3 8192 2.000000000 2
152 1008 3 8192 2.000000000 2
152 1036 3 8192 2.000000000 2
152 1044 3 8192 2.000000000 2
152 1068 3 8192 2.000000000 2
152 1080 3 8192 2.000000000 2
152 1092 3 8192 2.000000000 2
152 1100 3 8192 2.000000000 2
152 1108 3 8192 2.000000000 2
152 1112 3 8192 2.000000000 2
152 1128 3 8192 2.000000000 2
152 1132 3 8192 2.000000000 2
152 1156 3 8192 2.000000000 2
152 1248 3 8192 2.000000000 2
152 1272 3 8192 2.000000000 2
156 20 3 8192 2.000000000 2
156 48 3 8192 2.000000000 2
156 68 3 8192 2.000000000 2
156 84 3 8192 2.000000000 2
156 120 3 8192 2.000000000 2
156 148 3 8192 2.000000000 2
156 172 3 8192 2.000000000 2
156 184 3 8192 2.000000000 2
156 192 3 8192 2.000000000 2
156 208 3 8192 2.000000000 2
156 220 3 8192 2.000000000 2
156 224 3 8192 2.000000000 2
156 272 3 8192 2.000000000 2
156 276 3 8192 2.000000000 2
156 292 3 8192 2.000000000 2
156 328 3 8192 2.000000000 2
156 348 3 8192 2.000000000 2
156 356 3 8192 2.000000000 2
156 364 3 8192 2.000000000 2
156 372 3 8192 2.000000000 2
156 396 3 8192 2.000000000 2
156 400 3 8192 2.000000000 2
156 424 3 8192 2.000000000 2
156 428 3 8192 2.000000000 2
156 444 3 8192 2.000000000 2
156 476 3 8192 2.000000000 2
156 512 3 8192 2.000000000 2
156 516 3 8192 2.000000000 2
156 540 3 8192 2.000000000 2
156 544 3 8192 2.000000000 2
156 576 3 8192 2.000000000 2
156 592 3 8192 2.000000000 2
156 608 3 8192 2.000000000 2
156 632 3 8192 2.000000000 2
156 636 3 8192 2.000000000 2
156 668 3 8192 2.000000000 2
156 700 3 8192 2.000000000 2
156 716 3 8192 2.000000000 2
156 728 3 8192 2.000000000 2
156 744 3 8192 2.000000000 2
156 776 3 8192 2.000000000 2
156 784 3 8192 2.000000000 2
156 788 3 8192 2.000000000 2
156 792 3 8192 2.000000000 2
156 808 3 8192 2.000000000 2
156 816 3 8192 2.000000000 2
156 828 3 8192 2.000000000 2
156 864 3 8192 2.000000000 2
156 868 3 8192 2.000000000 2
156 880 3 8192 2.000000000 2
156 888 3 8192 2.000000000 2
156 896 3 8192 2.000000000 2
156 904 3 8192 2.000000000 2
156 932 3 8192 2.000000000 2
156 936 3 8192 2.000000000 2
156 940 3 8192 2.000000000 2
156 980 3 8192 2.000000000 2
156 1084 3 8192 2.000000000 2
156 1112 3 8192 2.000000000 2
156 1116 3 8192 2.000000000 2
156 1160 3 8192 2.000000000 2
156 1204 3 8192 2.000000000 2
156 1216 3 8192 2.000000000 2
156 1220 3 8192 2.000000000 2
164 28 3 8192 2.000000000 2
164 64 3 8192 2.000000000 2
164 120 3 8192 2.000000000 2
164 148 3 8192 2.000000000 2
164 152 3 8192 2.000000000 2
164 180 3 8192 2.000000000 2
164 188 3 8192 2.000000000 2
164 192 3 8192 2.000000000 2
164 216 3 8192 2.000000000 2
164 228 3 8192 2.000000000 2
164 240 3 8192 2.000000000 2
164 264 3 8192 2.000000000 2
164 288 3 8192 2.000000000 2
164 296 3 8192 2.000000000 2
164 308 3 8192 2.000000000 2
164 316 3 8192 2.000000000 2
164 320 3 8192 2.000000000 2
164 356 3 8192 2.000000000 2
164 360 3 8192 2.000000000 2
164 388 3 8192 2.000000000 2
164 404 3 8192 2.000000000 2
164 440 3 8192 2.000000000 2
164 444 3 8192 2.000000000 2
164 452 3 8192 2.000000000 2
164 468 3 8192 2.000000000 2
164 480 3 8192 2.000000000 2
164 484 3 8192 2.000000000 2
164 496 3 8192 2.000000000 2
164 508 3 8192 2.000000000 2
164 520 3 8192 2.000000000 2
164 536 3 8192 2.000000000 2
164 584 3 8192 2.000000000 2
164 652 3 8192 2.000000000 2
164 660 3 8192 2.000000000 2
164 696 3 8192 2.000000000 2
164 736 3 8192 2.000000000 2
164 752 3 8192 2.000000000 2
164 760 3 8192 2.000000000 2
164 764 3 8192 2.000000000 2
164 784 3 8192 2.000000000 2
164 788 3 8192 2.000000000 2
164 792 3 8192 2.000000000 2
164 836 3 8192 2.000000000 2
164 840 3 8192 2.000000000 2
164 848 3 8192 2.000000000 2
164 892 3 8192 2.000000000 2
164 896 3 8192 2.000000000 2
164 908 3 8192 2.000000000 2
164 940 3 8192 2.000000000 2
164 944 3 8192 2.000000000 2
164 948 3 8192 2.000000000 2
164 964 3 8192 2.000000000 2
164 1008 3 8192 2.000000000 2
164 1012 3 8192 2.000000000 2
164 1036 3 8192 2.000000000 2
164 1048 3 8192 2.000000000 2
164 1076 3 8192 2.000000000 2
164 1104 3 8192 2.000000000 2
164 1128 3 8192 2.000000000 2
164 1156 3 8192 2.000000000 2
164 1176 3 8192 2.000000000 2
164 1212 3 8192 2.000000000 2
164 1244 3 8192 2.000000000 2
164 1264 3 8192 2.000000000 2
168 4 3 8192 2.000000000 2
168 36 3 8192 2.000000000 2
168 100 3 8192 2.000000000 2
168 104 3 8192 2.000000000 2
168 108 3 8192 2.000000000 2
168 132 3 8192 2.000000000 2
168 148 3 8192 2.000000000 2
168 176 3 8192 2.000000000 2
168 180 3 8192 2.000000000 2
168 196 3 8192 2.000000000 2
168 216 3 8192 2.000000000 2
168 220 3 8192 2.000000000 2
168 224 3 8192 2.000000000 2
168 228 3 8192 2.000000000 2
168 232 3 8192 2.000000000 2
168 240 3 8192 2.000000000 2
168 244 3 8192 2.000000000 2
168 248 3 8192 2.000000000 2
168 280 3 8192 2.000000000 2
168 288 3 8192 2.000000000 2
168 320 3 8192 2.000000000 2
168 336 3 8192 2.000000000 2
168 380 3 8192 2.000000000 2
168 388 3 8192 2.000000000 2
168 404 3 8192 2.000000000 2
168 416 3 8192 2.000000000 2
168 424 3 8192 2.000000000 2
168 436 3 8192 2.000000000 2
168 468 3 8192 2.000000000 2
168 480 3 8192 2.000000000 2
168 508 3 8192 2.000000000 2
168 576 3 8192 2.000000000 2
168 584 3 8192 2.000000000 2
168 600 3 8192 2.000000000 2
168 648 3 8192 2.000000000 2
168 652 3 8192 2.000000000 2
168 664 3 8192 2.000000000 2
168 696 3 8192 2.000000000 2
168 704 3 8192 2.000000000 2
168 712 3 8192 2.000000000 2
168 776 3 8192 2.000000000 2
168 836 3 8192 2.000000000 2
168 848 3 8192 2.000000000 2
168 876 3 8192 2.000000000 2
168 892 3 8192 2.000000000 2
168 940 3 8192 2.000000000 2
168 952 3 8192 2.000000000 2
168 964 3 8192 2.000000000 2
168 1020 3 8192 2.000000000 2
168 1032 3 8192 2.000000000 2
168 1036 3 8192 2.000000000 2
168 1056 3 8192 2.000000000 2
168 1076 3 8192 2.000000000 2
168 1084 3 8192 2.000000000 2
168 1092 3 8192 2.000000000 2
168 1100 3 8192 2.000000000 2
168 1136 3 8192 2.000000000 2
168 1164 3 8192 2.000000000 2
168 1176 3 8192 2.000000000 2
168 1180 3 8192 2.000000000 2
168 1192 3 8192 2.000000000 2
168 1220 3 8192 2.000000000 2
168 1224 3 8192 2.000000000 2
168 1236 3 8192 2.000000000 2
172 8 3 8192 2.000000000 2
172 32 3 8192 2.000000000 2
172 52 3 8192 2.000000000 2
172 72 3 8192 2.000000000 2
172 76 3 8192 2.000000000 2
172 96 3 8192 2.000000000 2
172 100 3 8192 2.000000000 2
172 112 3 8192 2.000000000 2
172 136 3 8192 2.000000000 2
172 192 3 8192 2.000000000 2
172 204 3 8192 2.000000000 2
172 220 3 8192 2.000000000 2
172 236 3 8192 2.000000000 2
172 308 3 8192 2.000000000 2
172 332 3 8192 2.000000000 2
172 344 3 8192 2.000000000 2
172 364 3 8192 2.000000000 2
172 380 3 8192 2.000000000 2
172 396 3 8192 2.000000000 2
172 404 3 8192 2.000000000 2
172 420 3 8192 2.000000000 2
172 452 3 8192 2.000000000 2
172 468 3 8192 2.000000000 2
172 512 3 8192 2.000000000 2
172 540 3 8192 2.000000000 2
172 544 3 8192 2.000000000 2
172 560 3 8192 2.000000000 2
172 584 3 8192 2.000000000 2
172 596 3 8192 2.000000000 2
172 612 3 8192 2.000000000 2
172 628 3 8192 2.000000000 2
172 644 3 8192 2.000000000 2
172 684 3 8192 2.000000000 2
172 696 3 8192 2.000000000 2
172 708 3 8192 2.000000000 2
172 728 3 8192 2.000000000 2
172 744 3 8192 2.000000000 2
172 748 3 8192 2.000000000 2
172 768 3 8192 2.000000000 2
172 788 3 8192 2.000000000 2
172 792 3 8192 2.000000000 2
172 836 3 8192 2.000000000 2
172 840 3 8192 2.000000000 2
172 860 3 8192 2.000000000 2
172 908 3 8192 2.000000000 2
172 932 3 8192 2.000000000 2
172 936 3 8192 2.000000000 2
172 952 3 8192 2.000000000 2
172 972 3 8192 2.000000000 2
172 996 3 8192 2.000000000 2
172 1036 3 8192 2.000000000 2
172 1044 3 8192 2.000000000 2
172 1076 3 8192 2.000000000 2
172 1104 3 8192 2.000000000 2
172 1128 3 8192 2.000000000 2
172 1132 3 8192 2.000000000 2
172 1148 3 8192 2.000000000 2
172 1160 3 8192 2.000000000 2
172 1196 3 8192 2.000000000 2
172 1204 3 8192 2.000000000 2
172 1228 3 8192 2.000000000 2
172 1236 3 8192 2.000000000 2
172 1248 3 8192 2.000000000 2
172 1256 3 8192 2.000000000 2
176 16 3 8192 2.000000000 2
176 32 3 8192 2.000000000 2
176 36 3 8192 2.000000000 2
176 40 3 8192 2.000000000 2
176 44 3 8192 2.000000000 2
176 108 3 8192 2.000000000 2
176 120 3 8192 2.000000000 2
176 128 3 8192 2.000000000 2
176 132 3 8192 2.000000000 2
176 148 3 8192 2.000000000 2
176 216 3 8192 2.000000000 2
176 232 3 8192 2.000000000 2
176 244 3 8192 2.000000000 2
176 248 3 8192 2.000000000 2
176 268 3 8192 2.000000000 2
176 292 3 8192 2.000000000 2
176 296 3 8192 2.000000000 2
176 300 3 8192 2.000000000 2
176 316 3 8192 2.000000000 2
176 336 3 8192 2.000000000 2
176 348 3 8192 2.000000000 2
176 352 3 8192 2.000000000 2
176 364 3 8192 2.000000000 2
176 380 3 8192 2.000000000 2
176 412 3 8192 2.000000000 2
176 436 3 8192 2.000000000 2
176 460 3 8192 2.000000000 2
176 468 3 8192 2.000000000 2
176 540 3 8192 2.000000000 2
176 556 3 8192 2.000000000 2
176 564 3 8192 2.000000000 2
176 608 3 8192 2.000000000 2
176 616 3 8192 2.000000000 2
176 660 3 8192 2.000000000 2
176 664 3 8192 2.000000000 2
176 676 3 8192 2.000000000 2
176 692 3 8192 2.000000000 2
176 712 3 8192 2.000000000 2
176 720 3 8192 2.000000000 2
176 728 3 8192 2.000000000 2
176 752 3 8192 2.000000000 2
176 756 3 8192 2.000000000 2
176 764 3 8192 2.000000000 2
176 768 3 8192 2.000000000 2
176 836 3 8192 2.000000000 2
176 864 3 8192 2.000000000 2
176 896 3 8192 2.000000000 2
176 968 3 8192 2.000000000 2
176 988 3 8192 2.000000000 2
176 992 3 8192 2.000000000 2
176 1008 3 8192 2.000000000 2
176 1012 3 8192 2.000000000 2
176 1020 3 8192 2.000000000 2
176 1116 3 8192 2.000000000 2
176 1120 3 8192 2.000000000 2
176 1180 3 8192 2.000000000 2
176 1192 3 8192 2.000000000 2
176 1200 3 8192 2.000000000 2
176 1204 3 8192 2.000000000 2
176 1216 3 8192 2.000000000 2
176 1220 3 8192 2.000000000 2
176 1224 3 8192 2.000000000 2
176 1244 3 8192 2.000000000 2
176 1272 3 8192 2.000000000 2
180 24 3 8192 2.000000000 2
180 48 3 8192 2.000000000 2
180 52 3 8192 2.000000000 2
180 56 3 8192 2.000000000 2
180 92 3 8192 2.000000000 2
180 100 3 8192 2.000000000 2
180 108 3 8192 2.000000000 2
180 116 3 8192 2.000000000 2
180 120 3 8192 2.000000000 2
180 128 3 8192 2.000000000 2
180 132 3 8192 2.000000000 2
180 184 3 8192 2.000000000 2
180 196 3 8192 2.000000000 2
180 232 3 8192 2.000000000 2
180 236 3 8192 2.000000000 2
180 260 3 8192 2.000000000 2
180 264 3 8192 2.000000000 2
180 284 3 8192 2.000000000 2
180 304 3 8192 2.000000000 2
180 320 3 8192 2.000000000 2
180 348 3 8192 2.000000000 2
180 360 3 8192 2.000000000 2
180 380 3 8192 2.000000000 2
180 384 3 8192 2.000000000 2
180 388 3 8192 2.000000000 2
180 392 3 8192 2.000000000 2
180 420 3 8192 2.000000000 2
180 428 3 8192 2.000000000 2
180 476 3 8192 2.000000000 2
180 496 3 8192 2.000000000 2
180 516 3 8192 2.000000000 2
180 528 3 8192 2.000000000 2
180 596 3 8192 2.000000000 2
180 608 3 8192 2.000000000 2
180 624 3 8192 2.000000000 2
180 632 3 8192 2.000000000 2
180 652 3 8192 2.000000000 2
180 688 3 8192 2.000000000 2
180 704 3 8192 2.000000000 2
180 716 3 8192 2.000000000 2
180 732 3 8192 2.000000000 2
180 752 3 8192 2.000000000 2
180 768 3 8192 2.000000000 2
180 776 3 8192 2.000000000 2
180 792 3 8192 2.000000000 2
180 796 3 8192 2.000000000 2
180 808 3 8192 2.000000000 2
180 852 3 8192 2.000000000 2
180 860 3 8192 2.000000000 2
180 892 3 8192 2.000000000 2
180 908 3 8192 2.000000000 2
180 932 3 8192 2.000000000 2
180 944 3 8192 2.000000000 2
180 948 3 8192 2.000000000 2
180 964 3 8192 2.000000000 2
180 972 3 8192 2.000000000 2
180 984 3 8192 2.000000000 2
180 1040 3 8192 2.000000000 2
180 1112 3 8192 2.000000000 2
180 1148 3 8192 2.000000000 2
180 1160 3 8192 2.000000000 2
180 1168 3 8192 2.000000000 2
180 1196 3 8192 2.000000000 2
180 1264 3 8192 2.000000000 2
184 4 3 8192 2.000000000 2
184 12 3 8192 2.000000000 2
184 16 3 8192 2.000000000 2
184 28 3 8192 2.000000000 2
184 36 3 8192 2.000000000 2
184 40 3 8192 2.000000000 2
184 76 3 8192 2.000000000 2
184 92 3 8192 2.000000000 2
184 96 3 8192 2.000000000 2
184 100 3 8192 2.000000000 2
184 132 3 8192 2.000000000 2
184 136 3 8192 2.000000000 2
184 172 3 8192 2.000000000 2
184 176 3 8192 2.000000000 2
184 192 3 8192 2.000000000 2
184 196 3 8192 2.000000000 2
184 204 3 8192 2.000000000 2
184 240 3 8192 2.000000000 2
184 252 3 8192 2.000000000 2
184 260 3 8192 2.000000000 2
184 272 3 8192 2.000000000 2
184 276 3 8192 2.000000000 2
184 300 3 8192 2.000000000 2
184 336 3 8192 2.000000000 2
184 372 3 8192 2.000000000 2
184 376 3 8192 2.000000000 2
184 424 3 8192 2.000000000 2
184 448 3 8192 2.000000000 2
184 472 3 8192 2.000000000 2
184 484 3 8192 2.000000000 2
184 500 3 8192 2.000000000 2
184 548 3 8192 2.000000000 2
184 556 3 8192 2.000000000 2
184 624 3 8192 2.000000000 2
184 656 3 8192 2.000000000 2
184 716 3 8192 2.000000000 2
184 764 3 8192 2.000000000 2
184 792 3 8192 2.000000000 2
184 856 3 8192 2.000000000 2
184 868 3 8192 2.000000000 2
184 892 3 8192 2.000000000 2
184 900 3 8192 2.000000000 2
184 908 3 8192 2.000000000 2
184 936 3 8192 2.000000000 2
184 948 3 8192 2.000000000 2
184 952 3 8192 2.000000000 2
184 964 3 8192 2.000000000 2
184 972 3 8192 2.000000000 2
184 984 3 8192 2.000000000 2
184 988 3 8192 2.000000000 2
184 992 3 8192 2.000000000 2
184 1076 3 8192 2.000000000 2
184 1084 3 8192 2.000000000 2
184 1100 3 8192 2.000000000 2
184 1124 3 8192 2.000000000 2
184 1160 3 8192 2.000000000 2
184 1168 3 8192 2.000000000 2
184 1180 3 8192 2.000000000 2
184 1192 3 8192 2.000000000 2
184 1204 3 8192 2.000000000 2
184 1208 3 8192 2.000000000 2
184 1220 3 8192 2.000000000 2
184 1236 3 8192 2.000000000 2
184 1264 3 8192 2.000000000 2
188 4 3 8192 2.000000000 2
188 12 3 8192 2.000000000 2
188 16 3 8192 2.000000000 2
188 68 3 8192 2.000000000 2
188 84 3 8192 2.000000000 2
188 120 3 8192 2.000000000 2
188 164 3 8192 2.000000000 2
188 180 3 8192 2.000000000 2
188 184 3 8192 2.000000000 2
188 192 3 8192 2.000000000 2
188 204 3 8192 2.000000000 2
188 216 3 8192 2.000000000 2
188 308 3 8192 2.000000000 2
188 320 3 8192 2.000000000 2
188 336 3 8192 2.000000000 2
188 392 3 8192 2.000000000 2
188 412 3 8192 2.000000000 2
188 424 3 8192 2.000000000 2
188 444 3 8192 2.000000000 2
188 472 3 8192 2.000000000 2
188 480 3 8192 2.000000000 2
188 516 3 8192 2.000000000 2
188 524 3 8192 2.000000000 2
188 536 3 8192 2.000000000 2
188 540 3 8192 2.000000000 2
188 548 3 8192 2.000000000 2
188 556 3 8192 2.000000000 2
188 580 3 8192 2.000000000 2
188 584 3 8192 2.000000000 2
188 592 3 8192 2.000000000 2
188 596 3 8192 2.000000000 2
188 616 3 8192 2.000000000 2
188 624 3 8192 2.000000000 2
188 700 3 8192 2.000000000 2
188 708 3 8192 2.000000000 2
188 712 3 8192 2.000000000 2
188 732 3 8192 2.000000000 2
188 748 3 8192 2.000000000 2
188 752 3 8192 2.000000000 2
188 764 3 8192 2.000000000 2
188 776 3 8192 2.000000000 2
188 796 3 8192 2.000000000 2
188 812 3 8192 2.000000000 2
188 816 3 8192 2.000000000 2
188 828 3 8192 2.000000000 2
188 840 3 8192 2.000000000 2
188 892 3 8192 2.000000000 2
188 904 3 8192 2.000000000 2
188 944 3 8192 2.000000000 2
188 972 3 8192 2.000000000 2
188 984 3 8192 2.000000000 2
188 1020 3 8192 2.000000000 2
188 1048 3 8192 2.000000000 2
188 1056 3 8192 2.000000000 2
188 1072 3 8192 2.000000000 2
188 1108 3 8192 2.000000000 2
188 1116 3 8192 2.000000000 2
188 1132 3 8192 2.000000000 2
188 1148 3 8192 2.000000000 2
188 1156 3 8192 2.000000000 2
188 1208 3 8192 2.000000000 2
188 1228 3 8192 2.000000000 2
188 1248 3 8192 2.000000000 2
188 1272 3 8192 2.000000000 2
192 8 3 8192 2.000000000 2
192 16 3 8192 2.000000000 2
192 44 3 8192 2.000000000 2
192 48 3 8192 2.000000000 2
192 76 3 8192 2.000000000 2
192 112 3 8192 2.000000000 2
192 124 3 8192 2.000000000 2
192 164 3 8192 2.000000000 2
192 168 3 8192 2.000000000 2
192 204 3 8192 2.000000000 2
192 224 3 8192 2.000000000 2
192 232 3 8192 2.000000000 2
192 252 3 8192 2.000000000 2
192 272 3 8192 2.000000000 2
192 300 3 8192 2.000000000 2
192 312 3 8192 2.000000000 2
192 352 3 8192 2.000000000 2
192 356 3 8192 2.000000000 2
192 364 3 8192 2.000000000 2
192 380 3 8192 2.000000000 2
192 396 3 8192 2.000000000 2
192 420 3 8192 2.000000000 2
192 428 3 8192 2.000000000 2
192 444 3 8192 2.000000000 2
192 448 3 8192 2.000000000 2
192 460 3 8192 2.000000000 2
192 508 3 8192 2.000000000 2
192 536 3 8192 2.000000000 2
192 564 3 8192 2.000000000 2
192 624 3 8192 2.000000000 2
192 628 3 8192 2.000000000 2
192 640 3 8192 2.000000000 2
192 648 3 8192 2.000000000 2
192 656 3 8192 2.000000000 2
192 668 3 8192 2.000000000 2
192 684 3 8192 2.000000000 2
192 688 3 8192 2.000000000 2
192 692 3 8192 2.000000000 2
192 724 3 8192 2.000000000 2
192 748 3 8192 2.000000000 2
192 760 3 8192 2.000000000 2
192 776 3 8192 2.000000000 2
192 784 3 8192 2.000000000 2
192 808 3 8192 2.000000000 2
192 816 3 8192 2.000000000 2
192 828 3 8192 2.000000000 2
192 840 3 8192 2.000000000 2
192 856 3 8192 2.000000000 2
192 868 3 8192 2.000000000 2
192 876 3 8192 2.000000000 2
192 888 3 8192 2.000000000 2
192 892 3 8192 2.000000000 2
192 932 3 8192 2.000000000 2
192 940 3 8192 2.000000000 2
192 964 3 8192 2.000000000 2
192 980 3 8192 2.000000000 2
192 996 3 8192 2.000000000 2
192 1008 3 8192 2.000000000 2
192 1044 3 8192 2.000000000 2
192 1160 3 8192 2.000000000 2
192 1184 3 8192 2.000000000 2
192 1196 3 8192 2.000000000 2
192 1244 3 8192 2.000000000 2
192 1272 3 8192 2.000000000 2
196 28 3 8192 2.000000000 2
196 40 3 8192 2.000000000 2
196 76 3 8192 2.000000000 2
196 128 3 8192 2.000000000 2
196 132 3 8192 2.000000000 2
196 136 3 8192 2.000000000 2
196 148 3 8192 2.000000000 2
196 156 3 8192 2.000000000 2
196 164 3 8192 2.000000000 2
196 184 3 8192 2.000000000 2
196 240 3 8192 2.000000000 2
196 272 3 8192 2.000000000 2
196 292 3 8192 2.000000000 2
196 300 3 8192 2.000000000 2
196 328 3 8192 2.000000000 2
196 344 3 8192 2.000000000 2
196 348 3 8192 2.000000000 2
196 356 3 8192 2.000000000 2
196 364 3 8192 2.000000000 2
196 416 3 8192 2.000000000 2
196 428 3 8192 2.000000000 2
196 436 3 8192 2.000000000 2
196 444 3 8192 2.000000000 2
196 452 3 8192 2.000000000 2
196 468 3 8192 2.000000000 2
196 476 3 8192 2.000000000 2
196 484 3 8192 2.000000000 2
196 500 3 8192 2.000000000 2
196 524 3 8192 2.000000000 2
196 576 3 8192 2.000000000 2
196 580 3 8192 2.000000000 2
196 616 3 8192 2.000000000 2
196 628 3 8192 2.000000000 2
196 652 3 8192 2.000000000 2
196 668 3 8192 2.000000000 2
196 684 3 8192 2.000000000 2
196 716 3 8192 2.000000000 2
196 724 3 8192 2.000000000 2
196 784 3 8192 2.000000000 2
196 808 3 8192 2.000000000 2
196 848 3 8192 2.000000000 2
196 852 3 8192 2.000000000 2
196 888 3 8192 2.000000000 2
196 896 3 8192 2.000000000 2
196 900 3 8192 2.000000000 2
196 980 3 8192 2.000000000 2
196 988 3 8192 2.000000000 2
196 992 3 8192 2.000000000 2
196 1012 3 8192 2.000000000 2
196 1020 3 8192 2.000000000 2
196 1024 3 8192 2.000000000 2
196 1072 3 8192 2.000000000 2
196 1080 3 8192 2.000000000 2
196 1092 3 8192 2.000000000 2
196 1104 3 8192 2.000000000 2
196 1108 3 8192 2.000000000 2
196 1116 3 8192 2.000000000 2
196 1132 3 8192 2.000000000 2
196 1172 3 8192 2.000000000 2
196 1184 3 8192 2.000000000 2
196 1192 3 8192 2.000000000 2
196 1208 3 8192 2.000000000 2
196 1220 3 8192 2.000000000 2
196 1228 3 8192 2.000000000 2
204 44 3 8192 2.000000000 2
204 48 3 8192 2.000000000 2
204 76 3 8192 2.000000000 2
204 88 3 8192 2.000000000 2
204 96 3 8192 2.000000000 2
204 104 3 8192 2.000000000 2
204 112 3 8192 2.000000000 2
204 116 3 8192 2.000000000 2
204 156 3 8192 2.000000000 2
204 164 3 8192 2.000000000 2
204 168 3 8192 2.000000000 2
204 172 3 8192 2.000000000 2
204 176 3 8192 2.000000000 2
204 180 3 8192 2.000000000 2
204 184 3 8192 2.000000000 2
204 240 3 8192 2.000000000 2
204 244 3 8192 2.000000000 2
204 252 3 8192 2.000000000 2
204 284 3 8192 2.000000000 2
204 288 3 8192 2.000000000 2
204 296 3 8192 2.000000000 2
204 348 3 8192 2.000000000 2
204 352 3 8192 2.000000000 2
204 356 3 8192 2.000000000 2
204 364 3 8192 2.000000000 2
204 412 3 8192 2.000000000 2
204 436 3 8192 2.000000000 2
204 444 3 8192 2.000000000 2
204 472 3 8192 2.000000000 2
204 484 3 8192 2.000000000 2
204 500 3 8192 2.000000000 2
204 536 3 8192 2.000000000 2
204 584 3 8192 2.000000000 2
204 612 3 8192 2.000000000 2
204 628 3 8192 2.000000000 2
204 636 3 8192 2.000000000 2
204 644 3 8192 2.000000000 2
204 656 3 8192 2.000000000 2
204 744 3 8192 2.000000000 2
204 764 3 8192 2.000000000 2
204 768 3 8192 2.000000000 2
204 776 3 8192 2.000000000 2
204 792 3 8192 2.000000000 2
204 808 3 8192 2.000000000 2
204 812 3 8192 2.000000000 2
204 828 3 8192 2.000000000 2
204 852 3 8192 2.000000000 2
204 856 3 8192 2.000000000 2
204 888 3 8192 2.000000000 2
204 944 3 8192 2.000000000 2
204 968 3 8192 2.000000000 2
204 984 3 8192 2.000000000 2
204 1024 3 8192 2.000000000 2
204 1040 3 8192 2.000000000 2
204 1056 3 8192 2.000000000 2
204 1104 3 8192 2.000000000 2
204 1124 3 8192 2.000000000 2
204 1128 3 8192 2.000000000 2
204 1184 3 8192 2.000000000 2
204 1192 3 8192 2.000000000 2
204 1216 3 8192 2.000000000 2
204 1224 3 8192 2.000000000 2
204 1248 3 8192 2.000000000 2
204 1264 3 8192 2.000000000 2
208 4 3 8192 2.000000000 2
208 16 3 8192 2.000000000 2
208 20 3 8192 2.000000000 2
208 24 3 8192 2.000000000 2
208 44 3 8192 2.000000000 2
208 48 3 8192 2.000000000 2
208 96 3 8192 2.000000000 2
208 136 3 8192 2.000000000 2
208 192 3 8192 2.000000000 2
208 228 3 8192 2.000000000 2
208 232 3 8192 2.000000000 2
208 244 3 8192 2.000000000 2
208 248 3 8192 2.000000000 2
208 268 3 8192 2.000000000 2
208 272 3 8192 2.000000000 2
208 296 3 8192 2.000000000 2
208 320 3 8192 2.000000000 2
208 332 3 8192 2.000000000 2
208 348 3 8192 2.000000000 2
208 360 3 8192 2.000000000 2
208 412 3 8192 2.000000000 2
208 420 3 8192 2.000000000 2
208 424 3 8192 2.000000000 2
208 428 3 8192 2.000000000 2
208 500 3 8192 2.000000000 2
208 508 3 8192 2.000000000 2
208 540 3 8192 2.000000000 2
208 548 3 8192 2.000000000 2
208 576 3 8192 2.000000000 2
208 584 3 8192 2.000000000 2
208 608 3 8192 2.000000000 2
208 612 3 8192 2.000000000 2
208 616 3 8192 2.000000000 2
208 628 3 8192 2.000000000 2
208 640 3 8192 2.000000000 2
208 652 3 8192 2.000000000 2
208 656 3 8192 2.000000000 2
208 684 3 8192 2.000000000 2
208 700 3 8192 2.000000000 2
208 724 3 8192 2.000000000 2
208 744 3 8192 2.000000000 2
208 748 3 8192 2.000000000 2
208 752 3 8192 2.000000000 2
208 760 3 8192 2.000000000 2
208 788 3 8192 2.000000000 2
208 836 3 8192 2.000000000 2
208 840 3 8192 2.000000000 2
208 896 3 8192 2.000000000 2
208 932 3 8192 2.000000000 2
208 936 3 8192 2.000000000 2
208 944 3 8192 2.000000000 2
208 964 3 8192 2.000000000 2
208 980 3 8192 2.000000000 2
208 1024 3 8192 2.000000000 2
208 1032 3 8192 2.000000000 2
208 1072 3 8192 2.000000000 2
208 1084 3 8192 2.000000000 2
208 1104 3 8192 2.000000000 2
208 1116 3 8192 2.000000000 2
208 1120 3 8192 2.000000000 2
208 1228 3 8192 2.000000000 2
208 1248 3 8192 2.000000000 2
208 1256 3 8192 2.000000000 2
208 1264 3 8192 2.000000000 2
216 56 3 8192 2.000000000 2
216 148 3 8192 2.000000000 2
216 188 3 8192 2.000000000 2
216 196 3 8192 2.000000000 2
216 204 3 8192 2.000000000 2
216 220 3 8192 2.000000000 2
216 252 3 8192 2.000000000 2
216 264 3 8192 2.000000000 2
216 280 3 8192 2.000000000 2
216 292 3 8192 2.000000000 2
216 296 3 8192 2.000000000 2
216 304 3 8192 2.000000000 2
216 328 3 8192 2.000000000 2
216 356 3 8192 2.000000000 2
216 364 3 8192 2.000000000 2
216 384 3 8192 2.000000000 2
216 400 3 8192 2.000000000 2
216 412 3 8192 2.000000000 2
216 424 3 8192 2.000000000 2
216 480 3 8192 2.000000000 2
216 484 3 8192 2.000000000 2
216 508 3 8192 2.000000000 2
216 516 3 8192 2.000000000 2
216 544 3 8192 2.000000000 2
216 580 3 8192 2.000000000 2
216 584 3 8192 2.000000000 2
216 592 3 8192 2.000000000 2
216 612 3 8192 2.000000000 2
216 640 3 8192 2.000000000 2
216 644 3 8192 2.000000000 2
216 688 3 8192 2.000000000 2
216 708 3 8192 2.000000000 2
216 728 3 8192 2.000000000 2
216 744 3 8192 2.000000000 2
216 748 3 8192 2.000000000 2
216 756 3 8192 2.000000000 2
216 776 3 8192 2.000000000 2
216 792 3 8192 2.000000000 2
216 808 3 8192 2.000000000 2
216 828 3 8192 2.000000000 2
216 840 3 8192 2.000000000 2
216 860 3 8192 2.000000000 2
216 868 3 8192 2.000000000 2
216 896 3 8192 2.000000000 2
216 920 3 8192 2.000000000 2
216 932 3 8192 2.000000000 2
216 944 3 8192 2.000000000 2
216 952 3 8192 2.000000000 2
216 968 3 8192 2.000000000 2
216 980 3 8192 2.000000000 2
216 984 3 8192 2.000000000 2
216 988 3 8192 2.000000000 2
216 996 3 8192 2.000000000 2
216 1024 3 8192 2.000000000 2
216 1044 3 8192 2.000000000 2
216 1072 3 8192 2.000000000 2
216 1080 3 8192 2.000000000 2
216 1104 3 8192 2.000000000 2
216 1108 3 8192 2.000000000 2
216 1136 3 8192 2.000000000 2
216 1168 3 8192 2.000000000 2
216 1192 3 8192 2.000000000 2
216 1204 3 8192 2.000000000 2
216 1228 3 8192 2.000000000 2
220 4 3 8192 2.000000000 2
220 20 3 8192 2.000000000 2
220 44 3 8192 2.000000000 2
220 68 3 8192 2.000000000 2
220 88 3 8192 2.000000000 2
220 96 3 8192 2.000000000 2
220 100 3 8192 2.000000000 2
220 108 3 8192 2.000000000 2
220 112 3 8192 2.000000000 2
220 124 3 8192 2.000000000 2
220 132 3 8192 2.000000000 2
220 136 3 8192 2.000000000 2
220 176 3 8192 2.000000000 2
220 196 3 8192 2.000000000 2
220 204 3 8192 2.000000000 2
220 208 3 8192 2.000000000 2
220 236 3 8192 2.000000000 2
220 280 3 8192 2.000000000 2
220 288 3 8192 2.000000000 2
220 336 3 8192 2.000000000 2
220 352 3 8192 2.000000000 2
220 364 3 8192 2.000000000 2
220 428 3 8192 2.000000000 2
220 444 3 8192 2.000000000 2
220 460 3 8192 2.000000000 2
220 468 3 8192 2.000000000 2
220 496 3 8192 2.000000000 2
220 520 3 8192 2.000000000 2
220 548 3 8192 2.000000000 2
220 580 3 8192 2.000000000 2
220 608 3 8192 2.000000000 2
220 616 3 8192 2.000000000 2
220 640 3 8192 2.000000000 2
220 648 3 8192 2.000000000 2
220 684 3 8192 2.000000000 2
220 712 3 8192 2.000000000 2
220 720 3 8192 2.000000000 2
220 752 3 8192 2.000000000 2
220 760 3 8192 2.000000000 2
220 768 3 8192 2.000000000 2
220 808 3 8192 2.000000000 2
220 836 3 8192 2.000000000 2
220 880 3 8192 2.000000000 2
220 892 3 8192 2.000000000 2
220 904 3 8192 2.000000000 2
220 968 3 8192 2.000000000 2
220 980 3 8192 2.000000000 2
220 984 3 8192 2.000000000 2
220 992 3 8192 2.000000000 2
220 1008 3 8192 2.000000000 2
220 1012 3 8192 2.000000000 2
220 1032 3 8192 2.000000000 2
220 1048 3 8192 2.000000000 2
220 1056 3 8192 2.000000000 2
220 1116 3 8192 2.000000000 2
220 1120 3 8192 2.000000000 2
220 1172 3 8192 2.000000000 2
220 1184 3 8192 2.000000000 2
220 1196 3 8192 2.000000000 2
220 1212 3 8192 2.000000000 2
220 1224 3 8192 2.000000000 2
220 1228 3 8192 2.000000000 2
220 1244 3 8192 2.000000000 2
220 1272 3 8192 2.000000000 2
224 8 3 8192 2.000000000 2
224 12 3 8192 2.000000000 2
224 16 3 8192 2.000000000 2
224 72 3 8192 2.000000000 2
224 128 3 8192 2.000000000 2
224 132 3 8192 2.000000000 2
224 164 3 8192 2.000000000 2
224 168 3 8192 2.000000000 2
224 196 3 8192 2.000000000 2
224 216 3 8192 2.000000000 2
224 260 3 8192 2.000000000 2
224 268 3 8192 2.000000000 2
224 272 3 8192 2.000000000 2
224 280 3 8192 2.000000000 2
224 284 3 8192 2.000000000 2
224 292 3 8192 2.000000000 2
224 300 3 8192 2.000000000 2
224 304 3 8192 2.000000000 2
224 312 3 8192 2.000000000 2
224 336 3 8192 2.000000000 2
224 348 3 8192 2.000000000 2
224 360 3 8192 2.000000000 2
224 380 3 8192 2.000000000 2
224 428 3 8192 2.000000000 2
224 436 3 8192 2.000000000 2
224 444 3 8192 2.000000000 2
224 448 3 8192 2.000000000 2
224 476 3 8192 2.000000000 2
224 496 3 8192 2.000000000 2
224 512 3 8192 2.000000000 2
224 520 3 8192 2.000000000 2
224 544 3 8192 2.000000000 2
224 548 3 8192 2.000000000 2
224 556 3 8192 2.000000000 2
224 564 3 8192 2.000000000 2
224 596 3 8192 2.000000000 2
224 600 3 8192 2.000000000 2
224 628 3 8192 2.000000000 2
224 652 3 8192 2.000000000 2
224 656 3 8192 2.000000000 2
224 660 3 8192 2.000000000 2
224 688 3 8192 2.000000000 2
224 744 3 8192 2.000000000 2
224 752 3 8192 2.000000000 2
224 784 3 8192 2.000000000 2
224 848 3 8192 2.000000000 2
224 900 3 8192 2.000000000 2
224 904 3 8192 2.000000000 2
224 932 3 8192 2.000000000 2
224 964 3 8192 2.000000000 2
224 1056 3 8192 2.000000000 2
224 1072 3 8192 2.000000000 2
224 1100 3 8192 2.000000000 2
224 1116 3 8192 2.000000000 2
224 1132 3 8192 2.000000000 2
224 1160 3 8192 2.000000000 2
224 1184 3 8192 2.000000000 2
224 1192 3 8192 2.000000000 2
224 1196 3 8192 2.000000000 2
224 1200 3 8192 2.000000000 2
224 1204 3 8192 2.000000000 2
224 1220 3 8192 2.000000000 2
224 1228 3 8192 2.000000000 2
224 1244 3 8192 2.000000000 2
228 16 3 8192 2.000000000 2
228 20 3 8192 2.000000000 2
228 44 3 8192 2.000000000 2
228 56 3 8192 2.000000000 2
228 68 3 8192 2.000000000 2
228 72 3 8192 2.000000000 2
228 84 3 8192 2.000000000 2
228 92 3 8192 2.000000000 2
228 108 3 8192 2.000000000 2
228 180 3 8192 2.000000000 2
228 196 3 8192 2.000000000 2
228 204 3 8192 2.000000000 2
228 208 3 8192 2.000000000 2
228 216 3 8192 2.000000000 2
228 232 3 8192 2.000000000 2
228 244 3 8192 2.000000000 2
228 264 3 8192 2.000000000 2
228 280 3 8192 2.000000000 2
228 292 3 8192 2.000000000 2
228 316 3 8192 2.000000000 2
228 332 3 8192 2.000000000 2
228 384 3 8192 2.000000000 2
228 396 3 8192 2.000000000 2
228 400 3 8192 2.000000000 2
228 424 3 8192 2.000000000 2
228 452 3 8192 2.000000000 2
228 468 3 8192 2.000000000 2
228 472 3 8192 2.000000000 2
228 496 3 8192 2.000000000 2
228 540 3 8192 2.000000000 2
228 544 3 8192 2.000000000 2
228 584 3 8192 2.000000000 2
228 600 3 8192 2.000000000 2
228 636 3 8192 2.000000000 2
228 644 3 8192 2.000000000 2
228 676 3 8192 2.000000000 2
228 688 3 8192 2.000000000 2
228 692 3 8192 2.000000000 2
228 696 3 8192 2.000000000 2
228 704 3 8192 2.000000000 2
228 708 3 8192 2.000000000 2
228 712 3 8192 2.000000000 2
228 736 3 8192 2.000000000 2
228 752 3 8192 2.000000000 2
228 788 3 8192 2.000000000 2
228 796 3 8192 2.000000000 2
228 828 3 8192 2.000000000 2
228 888 3 8192 2.000000000 2
228 940 3 8192 2.000000000 2
228 968 3 8192 2.000000000 2
228 1024 3 8192 2.000000000 2
228 1092 3 8192 2.000000000 2
228 1128 3 8192 2.000000000 2
228 1132 3 8192 2.000000000 2
228 1136 3 8192 2.000000000 2
228 1160 3 8192 2.000000000 2
228 1168 3 8192 2.000000000 2
228 1172 3 8192 2.000000000 2
228 1176 3 8192 2.000000000 2
228 1180 3 8192 2.000000000 2
228 1220 3 8192 2.000000000 2
228 1236 3 8192 2.000000000 2
228 1256 3 8192 2.000000000 2
228 1264 3 8192 2.000000000 2
232 52 3 8192 2.000000000 2
232 76 3 8192 2.000000000 2
232 112 3 8192 2.000000000 2
232 116 3 8192 2.000000000 2
232 120 3 8192 2.000000000 2
232 124 3 8192 2.000000000 2
232 176 3 8192 2.000000000 2
232 184 3 8192 2.000000000 2
232 240 3 8192 2.000000000 2
232 260 3 8192 2.000000000 2
232 280 3 8192 2.000000000 2
232 296 3 8192 2.000000000 2
232 300 3 8192 2.000000000 2
232 304 3 8192 2.000000000 2
232 308 3 8192 2.000000000 2
232 360 3 8192 2.000000000 2
232 372 3 8192 2.000000000 2
232 404 3 8192 2.000000000 2
232 416 3 8192 2.000000000 2
232 424 3 8192 2.000000000 2
232 428 3 8192 2.000000000 2
232 436 3 8192 2.000000000 2
232 444 3 8192 2.000000000 2
232 448 3 8192 2.000000000 2
232 468 3 8192 2.000000000 2
232 484 3 8192 2.000000000 2
232 516 3 8192 2.000000000 2
232 524 3 8192 2.000000000 2
232 548 3 8192 2.000000000 2
232 580 3 8192 2.000000000 2
232 592 3 8192 2.000000000 2
232 632 3 8192 2.000000000 2
232 648 3 8192 2.000000000 2
232 720 3 8192 2.000000000 2
232 732 3 8192 2.000000000 2
232 748 3 8192 2.000000000 2
232 768 3 8192 2.000000000 2
232 776 3 8192 2.000000000 2
232 784 3 8192 2.000000000 2
232 808 3 8192 2.000000000 2
232 816 3 8192 2.000000000 2
232 828 3 8192 2.000000000 2
232 836 3 8192 2.000000000 2
232 880 3 8192 2.000000000 2
232 892 3 8192 2.000000000 2
232 900 3 8192 2.000000000 2
232 972 3 8192 2.000000000 2
232 1008 3 8192 2.000000000 2
232 1032 3 8192 2.000000000 2
232 1044 3 8192 2.000000000 2
232 1052 3 8192 2.000000000 2
232 1056 3 8192 2.000000000 2
232 1072 3 8192 2.000000000 2
232 1080 3 8192 2.000000000 2
232 1092 3 8192 2.000000000 2
232 1100 3 8192 2.000000000 2
232 1112 3 8192 2.000000000 2
232 1132 3 8192 2.000000000 2
232 1160 3 8192 2.000000000 2
232 1192 3 8192 2.000000000 2
232 1212 3 8192 2.000000000 2
232 1228 3 8192 2.000000000 2
232 1244 3 8192 2.000000000 2
232 1256 3 8192 2.000000000 2
236 12 3 8192 2.000000000 2
236 16 3 8192 2.000000000 2
236 68 3 8192 2.000000000 2
236 96 3 8192 2.000000000 2
236 108 3 8192 2.000000000 2
236 116 3 8192 2.000000000 2
236 148 3 8192 2.000000000 2
236 164 3 8192 2.000000000 2
236 172 3 8192 2.000000000 2
236 180 3 8192 2.000000000 2
236 188 3 8192 2.000000000 2
236 192 3 8192 2.000000000 2
236 196 3 8192 2.000000000 2
236 204 3 8192 2.000000000 2
236 208 3 8192 2.000000000 2
236 220 3 8192 2.000000000 2
236 224 3 8192 2.000000000 2
236 232 3 8192 2.000000000 2
236 248 3 8192 2.000000000 2
236 252 3 8192 2.000000000 2
236 264 3 8192 2.000000000 2
236 272 3 8192 2.000000000 2
236 296 3 8192 2.000000000 2
236 316 3 8192 2.000000000 2
236 344 3 8192 2.000000000 2
236 360 3 8192 2.000000000 2
236 444 3 8192 2.000000000 2
236 452 3 8192 2.000000000 2
236 476 3 8192 2.000000000 2
236 540 3 8192 2.000000000 2
236 548 3 8192 2.000000000 2
236 556 3 8192 2.000000000 2
236 592 3 8192 2.000000000 2
236 612 3 8192 2.000000000 2
236 616 3 8192 2.000000000 2
236 624 3 8192 2.000000000 2
236 632 3 8192 2.000000000 2
236 636 3 8192 2.000000000 2
236 660 3 8192 2.000000000 2
236 692 3 8192 2.000000000 2
236 700 3 8192 2.000000000 2
236 708 3 8192 2.000000000 2
236 748 3 8192 2.000000000 2
236 808 3 8192 2.000000000 2
236 868 3 8192 2.000000000 2
236 876 3 8192 2.000000000 2
236 900 3 8192 2.000000000 2
236 908 3 8192 2.000000000 2
236 936 3 8192 2.000000000 2
236 944 3 8192 2.000000000 2
236 972 3 8192 2.000000000 2
236 980 3 8192 2.000000000 2
236 1008 3 8192 2.000000000 2
236 1048 3 8192 2.000000000 2
236 1100 3 8192 2.000000000 2
236 1132 3 8192 2.000000000 2
236 1168 3 8192 2.000000000 2
236 1192 3 8192 2.000000000 2
236 1196 3 8192 2.000000000 2
236 1200 3 8192 2.000000000 2
236 1212 3 8192 2.000000000 2
236 1220 3 8192 2.000000000 2
236 1228 3 8192 2.000000000 2
236 1236 3 8192 2.000000000 2
240 8 3 8192 2.000000000 2
240 48 3 8192 2.000000000 2
240 52 3 8192 2.000000000 2
240 164 3 8192 2.000000000 2
240 192 3 8192 2.000000000 2
240 220 3 8192 2.000000000 2
240 224 3 8192 2.000000000 2
240 244 3 8192 2.000000000 2
240 268 3 8192 2.000000000 2
240 276 3 8192 2.000000000 2
240 288 3 8192 2.000000000 2
240 296 3 8192 2.000000000 2
240 300 3 8192 2.000000000 2
240 304 3 8192 2.000000000 2
240 308 3 8192 2.000000000 2
240 348 3 8192 2.000000000 2
240 352 3 8192 2.000000000 2
240 372 3 8192 2.000000000 2
240 376 3 8192 2.000000000 2
240 392 3 8192 2.000000000 2
240 412 3 8192 2.000000000 2
240 420 3 8192 2.000000000 2
240 436 3 8192 2.000000000 2
240 468 3 8192 2.000000000 2
240 480 3 8192 2.000000000 2
240 496 3 8192 2.000000000 2
240 520 3 8192 2.000000000 2
240 580 3 8192 2.000000000 2
240 600 3 8192 2.000000000 2
240 612 3 8192 2.000000000 2
240 632 3 8192 2.000000000 2
240 640 3 8192 2.000000000 2
240 652 3 8192 2.000000000 2
240 676 3 8192 2.000000000 2
240 688 3 8192 2.000000000 2
240 696 3 8192 2.000000000 2
240 704 3 8192 2.000000000 2
240 716 3 8192 2.000000000 2
240 732 3 8192 2.000000000 2
240 748 3 8192 2.000000000 2
240 752 3 8192 2.000000000 2
240 756 3 8192 2.000000000 2
240 784 3 8192 2.000000000 2
240 792 3 8192 2.000000000 2
240 816 3 8192 2.000000000 2
240 904 3 8192 2.000000000 2
240 920 3 8192 2.000000000 2
240 932 3 8192 2.000000000 2
240 944 3 8192 2.000000000 2
240 952 3 8192 2.000000000 2
240 1048 3 8192 2.000000000 2
240 1052 3 8192 2.000000000 2
240 1056 3 8192 2.000000000 2
240 1076 3 8192 2.000000000 2
240 1092 3 8192 2.000000000 2
240 1104 3 8192 2.000000000 2
240 1116 3 8192 2.000000000 2
240 1156 3 8192 2.000000000 2
240 1164 3 8192 2.000000000 2
240 1236 3 8192 2.000000000 2
240 1248 3 8192 2.000000000 2
240 1256 3 8192 2.000000000 2
240 1264 3 8192 2.000000000 2
240 1272 3 8192 2.000000000 2
244 16 3 8192 2.000000000 2
244 32 3 8192 2.000000000 2
244 36 3 8192 2.000000000 2
244 44 3 8192 2.000000000 2
244 92 3 8192 2.000000000 2
244 96 3 8192 2.000000000 2
244 116 3 8192 2.000000000 2
244 128 3 8192 2.000000000 2
244 152 3 8192 2.000000000 2
244 164 3 8192 2.000000000 2
244 176 3 8192 2.000000000 2
244 184 3 8192 2.000000000 2
244 192 3 8192 2.000000000 2
244 196 3 8192 2.000000000 2
244 224 3 8192 2.000000000 2
244 240 3 8192 2.000000000 2
244 260 3 8192 2.000000000 2
244 296 3 8192 2.000000000 2
244 300 3 8192 2.000000000 2
244 348 3 8192 2.000000000 2
244 352 3 8192 2.000000000 2
244 376 3 8192 2.000000000 2
244 388 3 8192 2.000000000 2
244 412 3 8192 2.000000000 2
244 420 3 8192 2.000000000 2
244 444 3 8192 2.000000000 2
244 448 3 8192 2.000000000 2
244 472 3 8192 2.000000000 2
244 512 3 8192 2.000000000 2
244 536 3 8192 2.000000000 2
244 592 3 8192 2.000000000 2
244 600 3 8192 2.000000000 2
244 612 3 8192 2.000000000 2
244 636 3 8192 2.000000000 2
244 640 3 8192 2.000000000 2
244 648 3 8192 2.000000000 2
244 664 3 8192 2.000000000 2
244 668 3 8192 2.000000000 2
244 676 3 8192 2.000000000 2
244 720 3 8192 2.000000000 2
244 724 3 8192 2.000000000 2
244 744 3 8192 2.000000000 2
244 752 3 8192 2.000000000 2
244 816 3 8192 2.000000000 2
244 852 3 8192 2.000000000 2
244 900 3 8192 2.000000000 2
244 932 3 8192 2.000000000 2
244 936 3 8192 2.000000000 2
244 940 3 8192 2.000000000 2
244 948 3 8192 2.000000000 2
244 972 3 8192 2.000000000 2
244 984 3 8192 2.000000000 2
244 1024 3 8192 2.000000000 2
244 1044 3 8192 2.000000000 2
244 1076 3 8192 2.000000000 2
244 1116 3 8192 2.000000000 2
244 1128 3 8192 2.000000000 2
244 1204 3 8192 2.000000000 2
244 1212 3 8192 2.000000000 2
244 1216 3 8192 2.000000000 2
244 1220 3 8192 2.000000000 2
244 1224 3 8192 2.000000000 2
244 1244 3 8192 2.000000000 2
244 1248 3 8192 2.000000000 2
248 4 3 8192 2.000000000 2
248 24 3 8192 2.000000000 2
248 56 3 8192 2.000000000 2
248 76 3 8192 2.000000000 2
248 88 3 8192 2.000000000 2
248 124 3 8192 2.000000000 2
248 128 3 8192 2.000000000 2
248 148 3 8192 2.000000000 2
248 152 3 8192 2.000000000 2
248 180 3 8192 2.000000000 2
248 216 3 8192 2.000000000 2
248 228 3 8192 2.000000000 2
248 260 3 8192 2.000000000 2
248 288 3 8192 2.000000000 2
248 344 3 8192 2.000000000 2
248 372 3 8192 2.000000000 2
248 392 3 8192 2.000000000 2
248 396 3 8192 2.000000000 2
248 416 3 8192 2.000000000 2
248 428 3 8192 2.000000000 2
248 508 3 8192 2.000000000 2
248 512 3 8192 2.000000000 2
248 520 3 8192 2.000000000 2
248 524 3 8192 2.000000000 2
248 536 3 8192 2.000000000 2
248 544 3 8192 2.000000000 2
248 584 3 8192 2.000000000 2
248 596 3 8192 2.000000000 2
248 608 3 8192 2.000000000 2
248 624 3 8192 2.000000000 2
248 632 3 8192 2.000000000 2
248 636 3 8192 2.000000000 2
248 640 3 8192 2.000000000 2
248 692 3 8192 2.000000000 2
248 700 3 8192 2.000000000 2
248 708 3 8192 2.000000000 2
248 712 3 8192 2.000000000 2
248 724 3 8192 2.000000000 2
248 760 3 8192 2.000000000 2
248 768 3 8192 2.000000000 2
248 776 3 8192 2.000000000 2
248 792 3 8192 2.000000000 2
248 812 3 8192 2.000000000 2
248 840 3 8192 2.000000000 2
248 864 3 8192 2.000000000 2
248 904 3 8192 2.000000000 2
248 948 3 8192 2.000000000 2
248 964 3 8192 2.000000000 2
248 980 3 8192 2.000000000 2
248 984 3 8192 2.000000000 2
248 1012 3 8192 2.000000000 2
248 1080 3 8192 2.000000000 2
248 1084 3 8192 2.000000000 2
248 1116 3 8192 2.000000000 2
248 1124 3 8192 2.000000000 2
248 1156 3 8192 2.000000000 2
248 1160 3 8192 2.000000000 2
248 1168 3 8192 2.000000000 2
248 1172 3 8192 2.000000000 2
248 1176 3 8192 2.000000000 2
248 1180 3 8192 2.000000000 2
248 1184 3 8192 2.000000000 2
248 1200 3 8192 2.000000000 2
248 1272 3 8192 2.000000000 2
252 8 3 8192 2.000000000 2
252 16 3 8192 2.000000000 2
252 32 3 8192 2.000000000 2
252 36 3 8192 2.000000000 2
252 76 3 8192 2.000000000 2
252 132 3 8192 2.000000000 2
252 168 3 8192 2.000000000 2
252 224 3 8192 2.000000000 2
252 236 3 8192 2.000000000 2
252 276 3 8192 2.000000000 2
252 280 3 8192 2.000000000 2
252 292 3 8192 2.000000000 2
252 328 3 8192 2.000000000 2
252 332 3 8192 2.000000000 2
252 344 3 8192 2.000000000 2
252 348 3 8192 2.000000000 2
252 352 3 8192 2.000000000 2
252 372 3 8192 2.000000000 2
252 376 3 8192 2.000000000 2
252 384 3 8192 2.000000000 2
252 420 3 8192 2.000000000 2
252 428 3 8192 2.000000000 2
252 444 3 8192 2.000000000 2
252 448 3 8192 2.000000000 2
252 476 3 8192 2.000000000 2
252 480 3 8192 2.000000000 2
252 500 3 8192 2.000000000 2
252 516 3 8192 2.000000000 2
252 520 3 8192 2.000000000 2
252 536 3 8192 2.000000000 2
252 560 3 8192 2.000000000 2
252 596 3 8192 2.000000000 2
252 600 3 8192 2.000000000 2
252 612 3 8192 2.000000000 2
252 644 3 8192 2.000000000 2
252 692 3 8192 2.000000000 2
252 696 3 8192 2.000000000 2
252 704 3 8192 2.000000000 2
252 708 3 8192 2.000000000 2
252 720 3 8192 2.000000000 2
252 744 3 8192 2.000000000 2
252 752 3 8192 2.000000000 2
252 760 3 8192 2.000000000 2
252 776 3 8192 2.000000000 2
252 836 3 8192 2.000000000 2
252 840 3 8192 2.000000000 2
252 856 3 8192 2.000000000 2
252 864 3 8192 2.000000000 2
252 904 3 8192 2.000000000 2
252 920 3 8192 2.000000000 2
252 936 3 8192 2.000000000 2
252 948 3 8192 2.000000000 2
252 996 3 8192 2.000000000 2
252 1044 3 8192 2.000000000 2
252 1100 3 8192 2.000000000 2
252 1116 3 8192 2.000000000 2
252 1120 3 8192 2.000000000 2
252 1136 3 8192 2.000000000 2
252 1156 3 8192 2.000000000 2
252 1176 3 8192 2.000000000 2
252 1184 3 8192 2.000000000 2
252 1216 3 8192 2.000000000 2
252 1236 3 8192 2.000000000 2
252 1256 3 8192 2.000000000 2
260 72 3 8192 2.000000000 2
260 88 3 8192 2.000000000 2
260 92 3 8192 2.000000000 2
260 96 3 8192 2.000000000 2
260 100 3 8192 2.000000000 2
260 112 3 8192 2.000000000 2
260 124 3 8192 2.000000000 2
260 132 3 8192 2.000000000 2
260 196 3 8192 2.000000000 2
260 208 3 8192 2.000000000 2
260 216 3 8192 2.000000000 2
260 232 3 8192 2.000000000 2
260 240 3 8192 2.000000000 2
260 284 3 8192 2.000000000 2
260 288 3 8192 2.000000000 2
260 296 3 8192 2.000000000 2
260 304 3 8192 2.000000000 2
260 312 3 8192 2.000000000 2
260 316 3 8192 2.000000000 2
260 328 3 8192 2.000000000 2
260 332 3 8192 2.000000000 2
260 336 3 8192 2.000000000 2
260 380 3 8192 2.000000000 2
260 392 3 8192 2.000000000 2
260 436 3 8192 2.000000000 2
260 444 3 8192 2.000000000 2
260 468 3 8192 2.000000000 2
260 476 3 8192 2.000000000 2
260 512 3 8192 2.000000000 2
260 516 3 8192 2.000000000 2
260 524 3 8192 2.000000000 2
260 556 3 8192 2.000000000 2
260 592 3 8192 2.000000000 2
260 656 3 8192 2.000000000 2
260 668 3 8192 2.000000000 2
260 688 3 8192 2.000000000 2
260 712 3 8192 2.000000000 2
260 736 3 8192 2.000000000 2
260 760 3 8192 2.000000000 2
260 792 3 8192 2.000000000 2
260 812 3 8192 2.000000000 2
260 828 3 8192 2.000000000 2
260 836 3 8192 2.000000000 2
260 856 3 8192 2.000000000 2
260 860 3 8192 2.000000000 2
260 892 3 8192 2.000000000 2
260 900 3 8192 2.000000000 2
260 948 3 8192 2.000000000 2
260 980 3 8192 2.000000000 2
260 988 3 8192 2.000000000 2
260 1012 3 8192 2.000000000 2
260 1036 3 8192 2.000000000 2
260 1068 3 8192 2.000000000 2
260 1080 3 8192 2.000000000 2
260 1084 3 8192 2.000000000 2
260 1168 3 8192 2.000000000 2
260 1204 3 8192 2.000000000 2
260 1208 3 8192 2.000000000 2
260 1212 3 8192 2.000000000 2
260 1216 3 8192 2.000000000 2
260 1224 3 8192 2.000000000 2
260 1228 3 8192 2.000000000 2
260 1256 3 8192 2.000000000 2
260 1264 3 8192 2.000000000 2
264 12 3 8192 2.000000000 2
264 20 3 8192 2.000000000 2
264 32 3 8192 2.000000000 2
264 48 3 8192 2.000000000 2
264 56 3 8192 2.000000000 2
264 84 3 8192 2.000000000 2
264 112 3 8192 2.000000000 2
264 116 3 8192 2.000000000 2
264 120 3 8192 2.000000000 2
264 204 3 8192 2.000000000 2
264 208 3 8192 2.000000000 2
264 236 3 8192 2.000000000 2
264 240 3 8192 2.000000000 2
264 288 3 8192 2.000000000 2
264 292 3 8192 2.000000000 2
264 304 3 8192 2.000000000 2
264 308 3 8192 2.000000000 2
264 328 3 8192 2.000000000 2
264 336 3 8192 2.000000000 2
264 360 3 8192 2.000000000 2
264 372 3 8192 2.000000000 2
264 384 3 8192 2.000000000 2
264 440 3 8192 2.000000000 2
264 452 3 8192 2.000000000 2
264 476 3 8192 2.000000000 2
264 480 3 8192 2.000000000 2
264 484 3 8192 2.000000000 2
264 500 3 8192 2.000000000 2
264 524 3 8192 2.000000000 2
264 528 3 8192 2.000000000 2
264 576 3 8192 2.000000000 2
264 592 3 8192 2.000000000 2
264 612 3 8192 2.000000000 2
264 636 3 8192 2.000000000 2
264 644 3 8192 2.000000000 2
264 660 3 8192 2.000000000 2
264 684 3 8192 2.000000000 2
264 700 3 8192 2.000000000 2
264 756 3 8192 2.000000000 2
264 876 3 8192 2.000000000 2
264 892 3 8192 2.000000000 2
264 944 3 8192 2.000000000 2
264 948 3 8192 2.000000000 2
264 972 3 8192 2.000000000 2
264 984 3 8192 2.000000000 2
264 1008 3 8192 2.000000000 2
264 1032 3 8192 2.000000000 2
264 1040 3 8192 2.000000000 2
264 1048 3 8192 2.000000000 2
264 1084 3 8192 2.000000000 2
264 1100 3 8192 2.000000000 2
264 1104 3 8192 2.000000000 2
264 1116 3 8192 2.000000000 2
264 1124 3 8192 2.000000000 2
264 1136 3 8192 2.000000000 2
264 1148 3 8192 2.000000000 2
264 1160 3 8192 2.000000000 2
264 1164 3 8192 2.000000000 2
264 1168 3 8192 2.000000000 2
264 1172 3 8192 2.000000000 2
264 1184 3 8192 2.000000000 2
264 1212 3 8192 2.000000000 2
264 1216 3 8192 2.000000000 2
264 1220 3 8192 2.000000000 2
268 12 3 8192 2.000000000 2
268 16 3 8192 2.000000000 2
268 20 3 8192 2.000000000 2
268 24 3 8192 2.000000000 2
268 40 3 8192 2.000000000 2
268 68 3 8192 2.000000000 2
268 72 3 8192 2.000000000 2
268 100 3 8192 2.000000000 2
268 124 3 8192 2.000000000 2
268 128 3 8192 2.000000000 2
268 132 3 8192 2.000000000 2
268 152 3 8192 2.000000000 2
268 156 3 8192 2.000000000 2
268 168 3 8192 2.000000000 2
268 184 3 8192 2.000000000 2
268 228 3 8192 2.000000000 2
268 264 3 8192 2.000000000 2
268 292 3 8192 2.000000000 2
268 296 3 8192 2.000000000 2
268 304 3 8192 2.000000000 2
268 312 3 8192 2.000000000 2
268 316 3 8192 2.000000000 2
268 336 3 8192 2.000000000 2
268 348 3 8192 2.000000000 2
268 376 3 8192 2.000000000 2
268 388 3 8192 2.000000000 2
268 412 3 8192 2.000000000 2
268 484 3 8192 2.000000000 2
268 520 3 8192 2.000000000 2
268 544 3 8192 2.000000000 2
268 584 3 8192 2.000000000 2
268 608 3 8192 2.000000000 2
268 616 3 8192 2.000000000 2
268 628 3 8192 2.000000000 2
268 640 3 8192 2.000000000 2
268 688 3 8192 2.000000000 2
268 696 3 8192 2.000000000 2
268 716 3 8192 2.000000000 2
268 724 3 8192 2.000000000 2
268 744 3 8192 2.000000000 2
268 760 3 8192 2.000000000 2
268 796 3 8192 2.000000000 2
268 816 3 8192 2.000000000 2
268 828 3 8192 2.000000000 2
268 836 3 8192 2.000000000 2
268 868 3 8192 2.000000000 2
268 880 3 8192 2.000000000 2
268 908 3 8192 2.000000000 2
268 920 3 8192 2.000000000 2
268 952 3 8192 2.000000000 2
268 980 3 8192 2.000000000 2
268 1020 3 8192 2.000000000 2
268 1032 3 8192 2.000000000 2
268 1040 3 8192 2.000000000 2
268 1148 3 8192 2.000000000 2
268 1164 3 8192 2.000000000 2
268 1168 3 8192 2.000000000 2
268 1184 3 8192 2.000000000 2
268 1192 3 8192 2.000000000 2
268 1196 3 8192 2.000000000 2
268 1208 3 8192 2.000000000 2
268 1244 3 8192 2.000000000 2
268 1256 3 8192 2.000000000 2
268 1272 3 8192 2.000000000 2
272 44 3 8192 2.000000000 2
272 136 3 8192 2.000000000 2
272 152 3 8192 2.000000000 2
272 164 3 8192 2.000000000 2
272 208 3 8192 2.000000000 2
272 220 3 8192 2.000000000 2
272 224 3 8192 2.000000000 2
272 228 3 8192 2.000000000 2
272 232 3 8192 2.000000000 2
272 248 3 8192 2.000000000 2
272 252 3 8192 2.000000000 2
272 260 3 8192 2.000000000 2
272 268 3 8192 2.000000000 2
272 280 3 8192 2.000000000 2
272 312 3 8192 2.000000000 2
272 344 3 8192 2.000000000 2
272 348 3 8192 2.000000000 2
272 376 3 8192 2.000000000 2
272 380 3 8192 2.000000000 2
272 384 3 8192 2.000000000 2
272 396 3 8192 2.000000000 2
272 404 3 8192 2.000000000 2
272 412 3 8192 2.000000000 2
272 448 3 8192 2.000000000 2
272 468 3 8192 2.000000000 2
272 472 3 8192 2.000000000 2
272 496 3 8192 2.000000000 2
272 508 3 8192 2.000000000 2
272 520 3 8192 2.000000000 2
272 544 3 8192 2.000000000 2
272 560 3 8192 2.000000000 2
272 596 3 8192 2.000000000 2
272 600 3 8192 2.000000000 2
272 628 3 8192 2.000000000 2
272 676 3 8192 2.000000000 2
272 696 3 8192 2.000000000 2
272 700 3 8192 2.000000000 2
272 720 3 8192 2.000000000 2
272 728 3 8192 2.000000000 2
272 744 3 8192 2.000000000 2
272 752 3 8192 2.000000000 2
272 788 3 8192 2.000000000 2
272 812 3 8192 2.000000000 2
272 860 3 8192 2.000000000 2
272 908 3 8192 2.000000000 2
272 932 3 8192 2.000000000 2
272 936 3 8192 2.000000000 2
272 948 3 8192 2.000000000 2
272 980 3 8192 2.000000000 2
272 996 3 8192 2.000000000 2
272 1008 3 8192 2.000000000 2
272 1036 3 8192 2.000000000 2
272 1048 3 8192 2.000000000 2
272 1052 3 8192 2.000000000 2
272 1056 3 8192 2.000000000 2
272 1068 3 8192 2.000000000 2
272 1084 3 8192 2.000000000 2
272 1116 3 8192 2.000000000 2
272 1124 3 8192 2.000000000 2
272 1132 3 8192 2.000000000 2
272 1160 3 8192 2.000000000 2
272 1200 3 8192 2.000000000 2
272 1208 3 8192 2.000000000 2
272 1248 3 8192 2.000000000 2
276 8 3 8192 2.000000000 2
276 32 3 8192 2.000000000 2
276 36 3 8192 2.000000000 2
276 40 3 8192 2.000000000 2
276 44 3 8192 2.000000000 2
276 48 3 8192 2.000000000 2
276 72 3 8192 2.000000000 2
276 88 3 8192 2.000000000 2
276 116 3 8192 2.000000000 2
276 120 3 8192 2.000000000 2
276 128 3 8192 2.000000000 2
276 152 3 8192 2.000000000 2
276 164 3 8192 2.000000000 2
276 236 3 8192 2.000000000 2
276 252 3 8192 2.000000000 2
276 304 3 8192 2.000000000 2
276 312 3 8192 2.000000000 2
276 320 3 8192 2.000000000 2
276 356 3 8192 2.000000000 2
276 372 3 8192 2.000000000 2
276 396 3 8192 2.000000000 2
276 428 3 8192 2.000000000 2
276 436 3 8192 2.000000000 2
276 468 3 8192 2.000000000 2
276 544 3 8192 2.000000000 2
276 612 3 8192 2.000000000 2
276 624 3 8192 2.000000000 2
276 660 3 8192 2.000000000 2
276 668 3 8192 2.000000000 2
276 684 3 8192 2.000000000 2
276 696 3 8192 2.000000000 2
276 748 3 8192 2.000000000 2
276 756 3 8192 2.000000000 2
276 760 3 8192 2.000000000 2
276 776 3 8192 2.000000000 2
276 788 3 8192 2.000000000 2
276 860 3 8192 2.000000000 2
276 864 3 8192 2.000000000 2
276 868 3 8192 2.000000000 2
276 904 3 8192 2.000000000 2
276 908 3 8192 2.000000000 2
276 920 3 8192 2.000000000 2
276 932 3 8192 2.000000000 2
276 936 3 8192 2.000000000 2
276 964 3 8192 2.000000000 2
276 968 3 8192 2.000000000 2
276 988 3 8192 2.000000000 2
276 996 3 8192 2.000000000 2
276 1024 3 8192 2.000000000 2
276 1032 3 8192 2.000000000 2
276 1072 3 8192 2.000000000 2
276 1076 3 8192 2.000000000 2
276 1112 3 8192 2.000000000 2
276 1116 3 8192 2.000000000 2
276 1128 3 8192 2.000000000 2
276 1180 3 8192 2.000000000 2
276 1184 3 8192 2.000000000 2
276 1192 3 8192 2.000000000 2
276 1196 3 8192 2.000000000 2
276 1200 3 8192 2.000000000 2
276 1208 3 8192 2.000000000 2
276 1224 3 8192 2.000000000 2
276 1236 3 8192 2.000000000 2
276 1272 3 8192 2.000000000 2
280 12 3 8192 2.000000000 2
280 16 3 8192 2.000000000 2
280 28 3 8192 2.000000000 2
280 32 3 8192 2.000000000 2
280 52 3 8192 2.000000000 2
280 76 3 8192 2.000000000 2
280 84 3 8192 2.000000000 2
280 88 3 8192 2.000000000 2
280 124 3 8192 2.000000000 2
280 136 3 8192 2.000000000 2
280 148 3 8192 2.000000000 2
280 168 3 8192 2.000000000 2
280 188 3 8192 2.000000000 2
280 196 3 8192 2.000000000 2
280 240 3 8192 2.000000000 2
280 272 3 8192 2.000000000 2
280 296 3 8192 2.000000000 2
280 304 3 8192 2.000000000 2
280 356 3 8192 2.000000000 2
280 364 3 8192 2.000000000 2
280 372 3 8192 2.000000000 2
280 396 3 8192 2.000000000 2
280 420 3 8192 2.000000000 2
280 468 3 8192 2.000000000 2
280 496 3 8192 2.000000000 2
280 520 3 8192 2.000000000 2
280 528 3 8192 2.000000000 2
280 544 3 8192 2.000000000 2
280 548 3 8192 2.000000000 2
280 580 3 8192 2.000000000 2
280 596 3 8192 2.000000000 2
280 612 3 8192 2.000000000 2
280 676 3 8192 2.000000000 2
280 720 3 8192 2.000000000 2
280 752 3 8192 2.000000000 2
280 760 3 8192 2.000000000 2
280 764 3 8192 2.000000000 2
280 784 3 8192 2.000000000 2
280 808 3 8192 2.000000000 2
280 860 3 8192 2.000000000 2
280 888 3 8192 2.000000000 2
280 896 3 8192 2.000000000 2
280 948 3 8192 2.000000000 2
280 952 3 8192 2.000000000 2
280 996 3 8192 2.000000000 2
280 1008 3 8192 2.000000000 2
280 1024 3 8192 2.000000000 2
280 1032 3 8192 2.000000000 2
280 1036 3 8192 2.000000000 2
280 1044 3 8192 2.000000000 2
280 1076 3 8192 2.000000000 2
280 1080 3 8192 2.000000000 2
280 1084 3 8192 2.000000000 2
280 1104 3 8192 2.000000000 2
280 1108 3 8192 2.000000000 2
280 1128 3 8192 2.000000000 2
280 1132 3 8192 2.000000000 2
280 1172 3 8192 2.000000000 2
280 1180 3 8192 2.000000000 2
280 1184 3 8192 2.000000000 2
280 1208 3 8192 2.000000000 2
280 1216 3 8192 2.000000000 2
280 1236 3 8192 2.000000000 2
280 1244 3 8192 2.000000000 2
284 4 3 8192 2.000000000 2
284 8 3 8192 2.000000000 2
284 28 3 8192 2.000000000 2
284 72 3 8192 2.000000000 2
284 84 3 8192 2.000000000 2
284 104 3 8192 2.000000000 2
284 128 3 8192 2.000000000 2
284 132 3 8192 2.000000000 2
284 168 3 8192 2.000000000 2
284 180 3 8192 2.000000000 2
284 228 3 8192 2.000000000 2
284 232 3 8192 2.000000000 2
284 260 3 8192 2.000000000 2
284 264 3 8192 2.000000000 2
284 268 3 8192 2.000000000 2
284 320 3 8192 2.000000000 2
284 328 3 8192 2.000000000 2
284 348 3 8192 2.000000000 2
284 376 3 8192 2.000000000 2
284 384 3 8192 2.000000000 2
284 404 3 8192 2.000000000 2
284 412 3 8192 2.000000000 2
284 420 3 8192 2.000000000 2
284 440 3 8192 2.000000000 2
284 448 3 8192 2.000000000 2
284 452 3 8192 2.000000000 2
284 468 3 8192 2.000000000 2
284 472 3 8192 2.000000000 2
284 484 3 8192 2.000000000 2
284 516 3 8192 2.000000000 2
284 520 3 8192 2.000000000 2
284 524 3 8192 2.000000000 2
284 576 3 8192 2.000000000 2
284 608 3 8192 2.000000000 2
284 644 3 8192 2.000000000 2
284 656 3 8192 2.000000000 2
284 664 3 8192 2.000000000 2
284 676 3 8192 2.000000000 2
284 684 3 8192 2.000000000 2
284 716 3 8192 2.000000000 2
284 720 3 8192 2.000000000 2
284 756 3 8192 2.000000000 2
284 816 3 8192 2.000000000 2
284 848 3 8192 2.000000000 2
284 860 3 8192 2.000000000 2
284 888 3 8192 2.000000000 2
284 892 3 8192 2.000000000 2
284 900 3 8192 2.000000000 2
284 908 3 8192 2.000000000 2
284 932 3 8192 2.000000000 2
284 948 3 8192 2.000000000 2
284 964 3 8192 2.000000000 2
284 972 3 8192 2.000000000 2
284 980 3 8192 2.000000000 2
284 984 3 8192 2.000000000 2
284 1020 3 8192 2.000000000 2
284 1040 3 8192 2.000000000 2
284 1084 3 8192 2.000000000 2
284 1104 3 8192 2.000000000 2
284 1108 3 8192 2.000000000 2
284 1128 3 8192 2.000000000 2
284 1164 3 8192 2.000000000 2
284 1196 3 8192 2.000000000 2
284 1224 3 8192 2.000000000 2
288 8 3 8192 2.000000000 2
288 28 3 8192 2.000000000 2
288 32 3 8192 2.000000000 2
288 76 3 8192 2.000000000 2
288 96 3 8192 2.000000000 2
288 104 3 8192 2.000000000 2
288 124 3 8192 2.000000000 2
288 132 3 8192 2.000000000 2
288 156 3 8192 2.000000000 2
288 180 3 8192 2.000000000 2
288 224 3 8192 2.000000000 2
288 236 3 8192 2.000000000 2
288 244 3 8192 2.000000000 2
288 248 3 8192 2.000000000 2
288 280 3 8192 2.000000000 2
288 312 3 8192 2.000000000 2
288 328 3 8192 2.000000000 2
288 332 3 8192 2.000000000 2
288 344 3 8192 2.000000000 2
288 348 3 8192 2.000000000 2
288 380 3 8192 2.000000000 2
288 404 3 8192 2.000000000 2
288 424 3 8192 2.000000000 2
288 472 3 8192 2.000000000 2
288 476 3 8192 2.000000000 2
288 520 3 8192 2.000000000 2
288 544 3 8192 2.000000000 2
288 556 3 8192 2.000000000 2
288 616 3 8192 2.000000000 2
288 624 3 8192 2.000000000 2
288 640 3 8192 2.000000000 2
288 648 3 8192 2.000000000 2
288 660 3 8192 2.000000000 2
288 676 3 8192 2.000000000 2
288 688 3 8192 2.000000000 2
288 692 3 8192 2.000000000 2
288 696 3 8192 2.000000000 2
288 724 3 8192 2.000000000 2
288 736 3 8192 2.000000000 2
288 744 3 8192 2.000000000 2
288 748 3 8192 2.000000000 2
288 792 3 8192 2.000000000 2
288 796 3 8192 2.000000000 2
288 828 3 8192 2.000000000 2
288 840 3 8192 2.000000000 2
288 848 3 8192 2.000000000 2
288 888 3 8192 2.000000000 2
288 920 3 8192 2.000000000 2
288 968 3 8192 2.000000000 2
288 1008 3 8192 2.000000000 2
288 1024 3 8192 2.000000000 2
288 1032 3 8192 2.000000000 2
288 1040 3 8192 2.000000000 2
288 1048 3 8192 2.000000000 2
288 1052 3 8192 2.000000000 2
288 1068 3 8192 2.000000000 2
288 1084 3 8192 2.000000000 2
288 1148 3 8192 2.000000000 2
288 1156 3 8192 2.000000000 2
288 1160 3 8192 2.000000000 2
288 1176 3 8192 2.000000000 2
288 1180 3 8192 2.000000000 2
288 1184 3 8192 2.000000000 2
288 1192 3 8192 2.000000000 2
292 4 3 8192 2.000000000 2
292 28 3 8192 2.000000000 2
292 64 3 8192 2.000000000 2
292 68 3 8192 2.000000000 2
292 92 3 8192 2.000000000 2
292 104 3 8192 2.000000000 2
292 108 3 8192 2.000000000 2
292 132 3 8192 2.000000000 2
292 136 3 8192 2.000000000 2
292 172 3 8192 2.000000000 2
292 180 3 8192 2.000000000 2
292 224 3 8192 2.000000000 2
292 236 3 8192 2.000000000 2
292 260 3 8192 2.000000000 2
292 264 3 8192 2.000000000 2
292 268 3 8192 2.000000000 2
292 280 3 8192 2.000000000 2
292 312 3 8192 2.000000000 2
292 320 3 8192 2.000000000 2
292 344 3 8192 2.000000000 2
292 348 3 8192 2.000000000 2
292 356 3 8192 2.000000000 2
292 376 3 8192 2.000000000 2
292 384 3 8192 2.000000000 2
292 396 3 8192 2.000000000 2
292 420 3 8192 2.000000000 2
292 424 3 8192 2.000000000 2
292 436 3 8192 2.000000000 2
292 468 3 8192 2.000000000 2
292 476 3 8192 2.000000000 2
292 484 3 8192 2.000000000 2
292 496 3 8192 2.000000000 2
292 524 3 8192 2.000000000 2
292 548 3 8192 2.000000000 2
292 596 3 8192 2.000000000 2
292 624 3 8192 2.000000000 2
292 644 3 8192 2.000000000 2
292 648 3 8192 2.000000000 2
292 688 3 8192 2.000000000 2
292 704 3 8192 2.000000000 2
292 712 3 8192 2.000000000 2
292 716 3 8192 2.000000000 2
292 720 3 8192 2.000000000 2
292 784 3 8192 2.000000000 2
292 792 3 8192 2.000000000 2
292 812 3 8192 2.000000000 2
292 816 3 8192 2.000000000 2
292 856 3 8192 2.000000000 2
292 932 3 8192 2.000000000 2
292 940 3 8192 2.000000000 2
292 944 3 8192 2.000000000 2
292 968 3 8192 2.000000000 2
292 992 3 8192 2.000000000 2
292 1056 3 8192 2.000000000 2
292 1084 3 8192 2.000000000 2
292 1108 3 8192 2.000000000 2
292 1112 3 8192 2.000000000 2
292 1124 3 8192 2.000000000 2
292 1128 3 8192 2.000000000 2
292 1180 3 8192 2.000000000 2
292 1196 3 8192 2.000000000 2
292 1212 3 8192 2.000000000 2
292 1248 3 8192 2.000000000 2
292 1256 3 8192 2.000000000 2
296 8 3 8192 2.000000000 2
296 24 3 8192 2.000000000 2
296 64 3 8192 2.000000000 2
296 96 3 8192 2.000000000 2
296 124 3 8192 2.000000000 2
296 136 3 8192 2.000000000 2
296 172 3 8192 2.000000000 2
296 196 3 8192 2.000000000 2
296 248 3 8192 2.000000000 2
296 268 3 8192 2.000000000 2
296 284 3 8192 2.000000000 2
296 292 3 8192 2.000000000 2
296 332 3 8192 2.000000000 2
296 344 3 8192 2.000000000 2
296 348 3 8192 2.000000000 2
296 364 3 8192 2.000000000 2
296 376 3 8192 2.000000000 2
296 380 3 8192 2.000000000 2
296 384 3 8192 2.000000000 2
296 412 3 8192 2.000000000 2
296 416 3 8192 2.000000000 2
296 428 3 8192 2.000000000 2
296 448 3 8192 2.000000000 2
296 460 3 8192 2.000000000 2
296 484 3 8192 2.000000000 2
296 496 3 8192 2.000000000 2
296 516 3 8192 2.000000000 2
296 524 3 8192 2.000000000 2
296 540 3 8192 2.000000000 2
296 592 3 8192 2.000000000 2
296 644 3 8192 2.000000000 2
296 648 3 8192 2.000000000 2
296 660 3 8192 2.000000000 2
296 676 3 8192 2.000000000 2
296 700 3 8192 2.000000000 2
296 704 3 8192 2.000000000 2
296 708 3 8192 2.000000000 2
296 716 3 8192 2.000000000 2
296 720 3 8192 2.000000000 2
296 728 3 8192 2.000000000 2
296 736 3 8192 2.000000000 2
296 756 3 8192 2.000000000 2
296 808 3 8192 2.000000000 2
296 816 3 8192 2.000000000 2
296 848 3 8192 2.000000000 2
296 852 3 8192 2.000000000 2
296 864 3 8192 2.000000000 2
296 876 3 8192 2.000000000 2
296 892 3 8192 2.000000000 2
296 900 3 8192 2.000000000 2
296 908 3 8192 2.000000000 2
296 940 3 8192 2.000000000 2
296 952 3 8192 2.000000000 2
296 988 3 8192 2.000000000 2
296 1008 3 8192 2.000000000 2
296 1020 3 8192 2.000000000 2
296 1040 3 8192 2.000000000 2
296 1048 3 8192 2.000000000 2
296 1116 3 8192 2.000000000 2
296 1208 3 8192 2.000000000 2
296 1212 3 8192 2.000000000 2
296 1220 3 8192 2.000000000 2
296 1224 3 8192 2.000000000 2
296 1236 3 8192 2.000000000 2
300 8 3 8192 2.000000000 2
300 20 3 8192 2.000000000 2
300 32 3 8192 2.000000000 2
300 36 3 8192 2.000000000 2
300 48 3 8192 2.000000000 2
300 76 3 8192 2.000000000 2
300 104 3 8192 2.000000000 2
300 120 3 8192 2.000000000 2
300 136 3 8192 2.000000000 2
300 148 3 8192 2.000000000 2
300 152 3 8192 2.000000000 2
300 168 3 8192 2.000000000 2
300 192 3 8192 2.000000000 2
300 196 3 8192 2.000000000 2
300 204 3 8192 2.000000000 2
300 244 3 8192 2.000000000 2
300 308 3 8192 2.000000000 2
300 344 3 8192 2.000000000 2
300 348 3 8192 2.000000000 2
300 364 3 8192 2.000000000 2
300 376 3 8192 2.000000000 2
300 384 3 8192 2.000000000 2
300 392 3 8192 2.000000000 2
300 396 3 8192 2.000000000 2
300 416 3 8192 2.000000000 2
300 428 3 8192 2.000000000 2
300 468 3 8192 2.000000000 2
300 500 3 8192 2.000000000 2
300 544 3 8192 2.000000000 2
300 548 3 8192 2.000000000 2
300 556 3 8192 2.000000000 2
300 592 3 8192 2.000000000 2
300 596 3 8192 2.000000000 2
300 600 3 8192 2.000000000 2
300 648 3 8192 2.000000000 2
300 660 3 8192 2.000000000 2
300 708 3 8192 2.000000000 2
300 776 3 8192 2.000000000 2
300 836 3 8192 2.000000000 2
300 852 3 8192 2.000000000 2
300 864 3 8192 2.000000000 2
300 908 3 8192 2.000000000 2
300 936 3 8192 2.000000000 2
300 952 3 8192 2.000000000 2
300 968 3 8192 2.000000000 2
300 972 3 8192 2.000000000 2
300 1008 3 8192 2.000000000 2
300 1024 3 8192 2.000000000 2
300 1032 3 8192 2.000000000 2
300 1036 3 8192 2.000000000 2
300 1048 3 8192 2.000000000 2
300 1068 3 8192 2.000000000 2
300 1092 3 8192 2.000000000 2
300 1104 3 8192 2.000000000 2
300 1112 3 8192 2.000000000 2
300 1116 3 8192 2.000000000 2
300 1128 3 8192 2.000000000 2
300 1176 3 8192 2.000000000 2
300 1212 3 8192 2.000000000 2
300 1216 3 8192 2.000000000 2
300 1224 3 8192 2.000000000 2
300 1228 3 8192 2.000000000 2
300 1244 3 8192 2.000000000 2
300 1264 3 8192 2.000000000 2
304 32 3 8192 2.000000000 2
304 48 3 8192 2.000000000 2
304 96 3 8192 2.000000000 2
304 104 3 8192 2.000000000 2
304 164 3 8192 2.000000000 2
304 180 3 8192 2.000000000 2
304 188 3 8192 2.000000000 2
304 192 3 8192 2.000000000 2
304 196 3 8192 2.000000000 2
304 220 3 8192 2.000000000 2
304 232 3 8192 2.000000000 2
304 236 3 8192 2.000000000 2
304 248 3 8192 2.000000000 2
304 264 3 8192 2.000000000 2
304 276 3 8192 2.000000000 2
304 284 3 8192 2.000000000 2
304 292 3 8192 2.000000000 2
304 320 3 8192 2.000000000 2
304 328 3 8192 2.000000000 2
304 348 3 8192 2.000000000 2
304 352 3 8192 2.000000000 2
304 388 3 8192 2.000000000 2
304 412 3 8192 2.000000000 2
304 416 3 8192 2.000000000 2
304 460 3 8192 2.000000000 2
304 468 3 8192 2.000000000 2
304 476 3 8192 2.000000000 2
304 484 3 8192 2.000000000 2
304 556 3 8192 2.000000000 2
304 580 3 8192 2.000000000 2
304 624 3 8192 2.000000000 2
304 632 3 8192 2.000000000 2
304 652 3 8192 2.000000000 2
304 656 3 8192 2.000000000 2
304 660 3 8192 2.000000000 2
304 676 3 8192 2.000000000 2
304 708 3 8192 2.000000000 2
304 732 3 8192 2.000000000 2
304 752 3 8192 2.000000000 2
304 764 3 8192 2.000000000 2
304 788 3 8192 2.000000000 2
304 828 3 8192 2.000000000 2
304 856 3 8192 2.000000000 2
304 868 3 8192 2.000000000 2
304 888 3 8192 2.000000000 2
304 932 3 8192 2.000000000 2
304 948 3 8192 2.000000000 2
304 968 3 8192 2.000000000 2
304 984 3 8192 2.000000000 2
304 988 3 8192 2.000000000 2
304 996 3 8192 2.000000000 2
304 1012 3 8192 2.000000000 2
304 1048 3 8192 2.000000000 2
304 1076 3 8192 2.000000000 2
304 1104 3 8192 2.000000000 2
304 1156 3 8192 2.000000000 2
304 1180 3 8192 2.000000000 2
304 1204 3 8192 2.000000000 2
304 1208 3 8192 2.000000000 2
304 1212 3 8192 2.000000000 2
304 1228 3 8192 2.000000000 2
304 1236 3 8192 2.000000000 2
304 1256 3 8192 2.000000000 2
304 1272 3 8192 2.000000000 2
308 20 3 8192 2.000000000 2
308 56 3 8192 2.000000000 2
308 72 3 8192 2.000000000 2
308 76 3 8192 2.000000000 2
308 88 3 8192 2.000000000 2
308 92 3 8192 2.000000000 2
308 112 3 8192 2.000000000 2
308 116 3 8192 2.000000000 2
308 176 3 8192 2.000000000 2
308 228 3 8192 2.000000000 2
308 240 3 8192 2.000000000 2
308 252 3 8192 2.000000000 2
308 272 3 8192 2.000000000 2
308 276 3 8192 2.000000000 2
308 292 3 8192 2.000000000 2
308 320 3 8192 2.000000000 2
308 356 3 8192 2.000000000 2
308 364 3 8192 2.000000000 2
308 384 3 8192 2.000000000 2
308 412 3 8192 2.000000000 2
308 420 3 8192 2.000000000 2
308 424 3 8192 2.000000000 2
308 448 3 8192 2.000000000 2
308 484 3 8192 2.000000000 2
308 508 3 8192 2.000000000 2
308 512 3 8192 2.000000000 2
308 520 3 8192 2.000000000 2
308 544 3 8192 2.000000000 2
308 548 3 8192 2.000000000 2
308 556 3 8192 2.000000000 2
308 576 3 8192 2.000000000 2
308 592 3 8192 2.000000000 2
308 596 3 8192 2.000000000 2
308 644 3 8192 2.000000000 2
308 648 3 8192 2.000000000 2
308 712 3 8192 2.000000000 2
308 720 3 8192 2.000000000 2
308 724 3 8192 2.000000000 2
308 728 3 8192 2.000000000 2
308 764 3 8192 2.000000000 2
308 792 3 8192 2.000000000 2
308 796 3 8192 2.000000000 2
308 808 3 8192 2.000000000 2
308 848 3 8192 2.000000000 2
308 896 3 8192 2.000000000 2
308 952 3 8192 2.000000000 2
308 968 3 8192 2.000000000 2
308 992 3 8192 2.000000000 2
308 1020 3 8192 2.000000000 2
308 1040 3 8192 2.000000000 2
308 1044 3 8192 2.000000000 2
308 1128 3 8192 2.000000000 2
308 1148 3 8192 2.000000000 2
308 1164 3 8192 2.000000000 2
308 1168 3 8192 2.000000000 2
308 1172 3 8192 2.000000000 2
308 1180 3 8192 2.000000000 2
308 1184 3 8192 2.000000000 2
308 1208 3 8192 2.000000000 2
308 1228 3 8192 2.000000000 2
308 1236 3 8192 2.000000000 2
308 1244 3 8192 2.000000000 2
308 1264 3 8192 2.000000000 2
308 1272 3 8192 2.000000000 2
312 20 3 8192 2.000000000 2
312 24 3 8192 2.000000000 2
312 28 3 8192 2.000000000 2
312 40 3 8192 2.000000000 2
312 44 3 8192 2.000000000 2
312 48 3 8192 2.000000000 2
312 52 3 8192 2.000000000 2
312 64 3 8192 2.000000000 2
312 76 3 8192 2.000000000 2
312 96 3 8192 2.000000000 2
312 104 3 8192 2.000000000 2
312 112 3 8192 2.000000000 2
312 132 3 8192 2.000000000 2
312 152 3 8192 2.000000000 2
312 172 3 8192 2.000000000 2
312 176 3 8192 2.000000000 2
312 184 3 8192 2.000000000 2
312 228 3 8192 2.000000000 2
312 232 3 8192 2.000000000 2
312 248 3 8192 2.000000000 2
312 260 3 8192 2.000000000 2
312 268 3 8192 2.000000000 2
312 272 3 8192 2.000000000 2
312 364 3 8192 2.000000000 2
312 372 3 8192 2.000000000 2
312 376 3 8192 2.000000000 2
312 380 3 8192 2.000000000 2
312 412 3 8192 2.000000000 2
312 428 3 8192 2.000000000 2
312 440 3 8192 2.000000000 2
312 452 3 8192 2.000000000 2
312 480 3 8192 2.000000000 2
312 508 3 8192 2.000000000 2
312 540 3 8192 2.000000000 2
312 560 3 8192 2.000000000 2
312 608 3 8192 2.000000000 2
312 640 3 8192 2.000000000 2
312 656 3 8192 2.000000000 2
312 660 3 8192 2.000000000 2
312 708 3 8192 2.000000000 2
312 716 3 8192 2.000000000 2
312 732 3 8192 2.000000000 2
312 760 3 8192 2.000000000 2
312 764 3 8192 2.000000000 2
312 796 3 8192 2.000000000 2
312 808 3 8192 2.000000000 2
312 892 3 8192 2.000000000 2
312 896 3 8192 2.000000000 2
312 932 3 8192 2.000000000 2
312 936 3 8192 2.000000000 2
312 968 3 8192 2.000000000 2
312 988 3 8192 2.000000000 2
312 1040 3 8192 2.000000000 2
312 1048 3 8192 2.000000000 2
312 1056 3 8192 2.000000000 2
312 1132 3 8192 2.000000000 2
312 1148 3 8192 2.000000000 2
312 1164 3 8192 2.000000000 2
312 1168 3 8192 2.000000000 2
312 1180 3 8192 2.000000000 2
312 1196 3 8192 2.000000000 2
312 1200 3 8192 2.000000000 2
312 1244 3 8192 2.000000000 2
312 1272 3 8192 2.000000000 2
316 24 3 8192 2.000000000 2
316 28 3 8192 2.000000000 2
316 44 3 8192 2.000000000 2
316 52 3 8192 2.000000000 2
316 76 3 8192 2.000000000 2
316 88 3 8192 2.000000000 2
316 108 3 8192 2.000000000 2
316 164 3 8192 2.000000000 2
316 192 3 8192 2.000000000 2
316 240 3 8192 2.000000000 2
316 284 3 8192 2.000000000 2
316 308 3 8192 2.000000000 2
316 348 3 8192 2.000000000 2
316 356 3 8192 2.000000000 2
316 400 3 8192 2.000000000 2
316 412 3 8192 2.000000000 2
316 416 3 8192 2.000000000 2
316 420 3 8192 2.000000000 2
316 424 3 8192 2.000000000 2
316 516 3 8192 2.000000000 2
316 524 3 8192 2.000000000 2
316 544 3 8192 2.000000000 2
316 560 3 8192 2.000000000 2
316 584 3 8192 2.000000000 2
316 600 3 8192 2.000000000 2
316 616 3 8192 2.000000000 2
316 628 3 8192 2.000000000 2
316 648 3 8192 2.000000000 2
316 684 3 8192 2.000000000 2
316 688 3 8192 2.000000000 2
316 708 3 8192 2.000000000 2
316 720 3 8192 2.000000000 2
316 736 3 8192 2.000000000 2
316 744 3 8192 2.000000000 2
316 756 3 8192 2.000000000 2
316 788 3 8192 2.000000000 2
316 792 3 8192 2.000000000 2
316 808 3 8192 2.000000000 2
316 816 3 8192 2.000000000 2
316 828 3 8192 2.000000000 2
316 860 3 8192 2.000000000 2
316 868 3 8192 2.000000000 2
316 880 3 8192 2.000000000 2
316 888 3 8192 2.000000000 2
316 900 3 8192 2.000000000 2
316 936 3 8192 2.000000000 2
316 1008 3 8192 2.000000000 2
316 1012 3 8192 2.000000000 2
316 1020 3 8192 2.000000000 2
316 1024 3 8192 2.000000000 2
316 1032 3 8192 2.000000000 2
316 1040 3 8192 2.000000000 2
316 1072 3 8192 2.000000000 2
316 1084 3 8192 2.000000000 2
316 1104 3 8192 2.000000000 2
316 1108 3 8192 2.000000000 2
316 1116 3 8192 2.000000000 2
316 1148 3 8192 2.000000000 2
316 1160 3 8192 2.000000000 2
316 1164 3 8192 2.000000000 2
316 1176 3 8192 2.000000000 2
316 1192 3 8192 2.000000000 2
316 1224 3 8192 2.000000000 2
316 1244 3 8192 2.000000000 2
320 20 3 8192 2.000000000 2
320 40 3 8192 2.000000000 2
320 56 3 8192 2.000000000 2
320 124 3 8192 2.000000000 2
320 128 3 8192 2.000000000 2
320 172 3 8192 2.000000000 2
320 176 3 8192 2.000000000 2
320 180 3 8192 2.000000000 2
320 232 3 8192 2.000000000 2
320 240 3 8192 2.000000000 2
320 260 3 8192 2.000000000 2
320 304 3 8192 2.000000000 2
320 316 3 8192 2.000000000 2
320 352 3 8192 2.000000000 2
320 356 3 8192 2.000000000 2
320 380 3 8192 2.000000000 2
320 396 3 8192 2.000000000 2
320 404 3 8192 2.000000000 2
320 416 3 8192 2.000000000 2
320 420 3 8192 2.000000000 2
320 424 3 8192 2.000000000 2
320 436 3 8192 2.000000000 2
320 448 3 8192 2.000000000 2
320 496 3 8192 2.000000000 2
320 500 3 8192 2.000000000 2
320 508 3 8192 2.000000000 2
320 516 3 8192 2.000000000 2
320 520 3 8192 2.000000000 2
320 548 3 8192 2.000000000 2
320 576 3 8192 2.000000000 2
320 592 3 8192 2.000000000 2
320 596 3 8192 2.000000000 2
320 600 3 8192 2.000000000 2
320 608 3 8192 2.000000000 2
320 624 3 8192 2.000000000 2
320 636 3 8192 2.000000000 2
320 644 3 8192 2.000000000 2
320 652 3 8192 2.000000000 2
320 660 3 8192 2.000000000 2
320 664 3 8192 2.000000000 2
320 684 3 8192 2.000000000 2
320 688 3 8192 2.000000000 2
320 728 3 8192 2.000000000 2
320 752 3 8192 2.000000000 2
320 768 3 8192 2.000000000 2
320 784 3 8192 2.000000000 2
320 808 3 8192 2.000000000 2
320 852 3 8192 2.000000000 2
320 876 3 8192 2.000000000 2
320 900 3 8192 2.000000000 2
320 904 3 8192 2.000000000 2
320 908 3 8192 2.000000000 2
320 980 3 8192 2.000000000 2
320 988 3 8192 2.000000000 2
320 992 3 8192 2.000000000 2
320 1008 3 8192 2.000000000 2
320 1092 3 8192 2.000000000 2
320 1104 3 8192 2.000000000 2
320 1128 3 8192 2.000000000 2
320 1180 3 8192 2.000000000 2
320 1192 3 8192 2.000000000 2
320 1204 3 8192 2.000000000 2
320 1220 3 8192 2.000000000 2
320 1224 3 8192 2.000000000 2
328 12 3 8192 2.000000000 2
328 16 3 8192 2.000000000 2
328 40 3 8192 2.000000000 2
328 48 3 8192 2.000000000 2
328 84 3 8192 2.000000000 2
328 88 3 8192 2.000000000 2
328 92 3 8192 2.000000000 2
328 108 3 8192 2.000000000 2
328 148 3 8192 2.000000000 2
328 168 3 8192 2.000000000 2
328 196 3 8192 2.000000000 2
328 208 3 8192 2.000000000 2
328 220 3 8192 2.000000000 2
328 232 3 8192 2.000000000 2
328 244 3 8192 2.000000000 2
328 248 3 8192 2.000000000 2
328 260 3 8192 2.000000000 2
328 268 3 8192 2.000000000 2
328 312 3 8192 2.000000000 2
328 336 3 8192 2.000000000 2
328 360 3 8192 2.000000000 2
328 472 3 8192 2.000000000 2
328 480 3 8192 2.000000000 2
328 484 3 8192 2.000000000 2
328 500 3 8192 2.000000000 2
328 508 3 8192 2.000000000 2
328 520 3 8192 2.000000000 2
328 524 3 8192 2.000000000 2
328 548 3 8192 2.000000000 2
328 564 3 8192 2.000000000 2
328 576 3 8192 2.000000000 2
328 596 3 8192 2.000000000 2
328 628 3 8192 2.000000000 2
328 632 3 8192 2.000000000 2
328 640 3 8192 2.000000000 2
328 664 3 8192 2.000000000 2
328 668 3 8192 2.000000000 2
328 676 3 8192 2.000000000 2
328 692 3 8192 2.000000000 2
328 708 3 8192 2.000000000 2
328 720 3 8192 2.000000000 2
328 808 3 8192 2.000000000 2
328 828 3 8192 2.000000000 2
328 848 3 8192 2.000000000 2
328 896 3 8192 2.000000000 2
328 936 3 8192 2.000000000 2
328 948 3 8192 2.000000000 2
328 992 3 8192 2.000000000 2
328 1012 3 8192 2.000000000 2
328 1020 3 8192 2.000000000 2
328 1024 3 8192 2.000000000 2
328 1040 3 8192 2.000000000 2
328 1044 3 8192 2.000000000 2
328 1080 3 8192 2.000000000 2
328 1100 3 8192 2.000000000 2
328 1104 3 8192 2.000000000 2
328 1108 3 8192 2.000000000 2
328 1112 3 8192 2.000000000 2
328 1116 3 8192 2.000000000 2
328 1196 3 8192 2.000000000 2
328 1200 3 8192 2.000000000 2
328 1248 3 8192 2.000000000 2
328 1256 3 8192 2.000000000 2
328 1272 3 8192 2.000000000 2
332 8 3 8192 2.000000000 2
332 16 3 8192 2.000000000 2
332 36 3 8192 2.000000000 2
332 52 3 8192 2.000000000 2
332 116 3 8192 2.000000000 2
332 120 3 8192 2.000000000 2
332 148 3 8192 2.000000000 2
332 152 3 8192 2.000000000 2
332 156 3 8192 2.000000000 2
332 196 3 8192 2.000000000 2
332 208 3 8192 2.000000000 2
332 224 3 8192 2.000000000 2
332 228 3 8192 2.000000000 2
332 264 3 8192 2.000000000 2
332 272 3 8192 2.000000000 2
332 296 3 8192 2.000000000 2
332 316 3 8192 2.000000000 2
332 352 3 8192 2.000000000 2
332 356 3 8192 2.000000000 2
332 360 3 8192 2.000000000 2
332 400 3 8192 2.000000000 2
332 428 3 8192 2.000000000 2
332 436 3 8192 2.000000000 2
332 500 3 8192 2.000000000 2
332 508 3 8192 2.000000000 2
332 544 3 8192 2.000000000 2
332 556 3 8192 2.000000000 2
332 576 3 8192 2.000000000 2
332 592 3 8192 2.000000000 2
332 596 3 8192 2.000000000 2
332 612 3 8192 2.000000000 2
332 624 3 8192 2.000000000 2
332 660 3 8192 2.000000000 2
332 676 3 8192 2.000000000 2
332 684 3 8192 2.000000000 2
332 688 3 8192 2.000000000 2
332 724 3 8192 2.000000000 2
332 756 3 8192 2.000000000 2
332 784 3 8192 2.000000000 2
332 792 3 8192 2.000000000 2
332 828 3 8192 2.000000000 2
332 864 3 8192 2.000000000 2
332 868 3 8192 2.000000000 2
332 892 3 8192 2.000000000 2
332 904 3 8192 2.000000000 2
332 920 3 8192 2.000000000 2
332 964 3 8192 2.000000000 2
332 972 3 8192 2.000000000 2
332 1008 3 8192 2.000000000 2
332 1032 3 8192 2.000000000 2
332 1036 3 8192 2.000000000 2
332 1100 3 8192 2.000000000 2
332 1112 3 8192 2.000000000 2
332 1116 3 8192 2.000000000 2
332 1128 3 8192 2.000000000 2
332 1172 3 8192 2.000000000 2
332 1180 3 8192 2.000000000 2
332 1200 3 8192 2.000000000 2
332 1204 3 8192 2.000000000 2
332 1208 3 8192 2.000000000 2
332 1224 3 8192 2.000000000 2
332 1228 3 8192 2.000000000 2
332 1236 3 8192 2.000000000 2
332 1244 3 8192 2.000000000 2
336 12 3 8192 2.000000000 2
336 56 3 8192 2.000000000 2
336 96 3 8192 2.000000000 2
336 104 3 8192 2.000000000 2
336 112 3 8192 2.000000000 2
336 128 3 8192 2.000000000 2
336 132 3 8192 2.000000000 2
336 136 3 8192 2.000000000 2
336 176 3 8192 2.000000000 2
336 192 3 8192 2.000000000 2
336 196 3 8192 2.000000000 2
336 216 3 8192 2.000000000 2
336 220 3 8192 2.000000000 2
336 240 3 8192 2.000000000 2
336 248 3 8192 2.000000000 2
336 260 3 8192 2.000000000 2
336 304 3 8192 2.000000000 2
336 308 3 8192 2.000000000 2
336 316 3 8192 2.000000000 2
336 392 3 8192 2.000000000 2
336 416 3 8192 2.000000000 2
336 508 3 8192 2.000000000 2
336 524 3 8192 2.000000000 2
336 596 3 8192 2.000000000 2
336 632 3 8192 2.000000000 2
336 636 3 8192 2.000000000 2
336 640 3 8192 2.000000000 2
336 648 3 8192 2.000000000 2
336 660 3 8192 2.000000000 2
336 684 3 8192 2.000000000 2
336 696 3 8192 2.000000000 2
336 716 3 8192 2.000000000 2
336 720 3 8192 2.000000000 2
336 732 3 8192 2.000000000 2
336 744 3 8192 2.000000000 2
336 752 3 8192 2.000000000 2
336 776 3 8192 2.000000000 2
336 788 3 8192 2.000000000 2
336 796 3 8192 2.000000000 2
336 808 3 8192 2.000000000 2
336 828 3 8192 2.000000000 2
336 860 3 8192 2.000000000 2
336 892 3 8192 2.000000000 2
336 952 3 8192 2.000000000 2
336 964 3 8192 2.000000000 2
336 992 3 8192 2.000000000 2
336 1008 3 8192 2.000000000 2
336 1012 3 8192 2.000000000 2
336 1020 3 8192 2.000000000 2
336 1084 3 8192 2.000000000 2
336 1100 3 8192 2.000000000 2
336 1104 3 8192 2.000000000 2
336 1116 3 8192 2.000000000 2
336 1136 3 8192 2.000000000 2
336 1156 3 8192 2.000000000 2
336 1160 3 8192 2.000000000 2
336 1164 3 8192 2.000000000 2
336 1168 3 8192 2.000000000 2
336 1172 3 8192 2.000000000 2
336 1192 3 8192 2.000000000 2
336 1200 3 8192 2.000000000 2
336 1204 3 8192 2.000000000 2
336 1208 3 8192 2.000000000 2
336 1248 3 8192 2.000000000 2
344 16 3 8192 2.000000000 2
344 28 3 8192 2.000000000 2
344 36 3 8192 2.000000000 2
344 52 3 8192 2.000000000 2
344 84 3 8192 2.000000000 2
344 88 3 8192 2.000000000 2
344 120 3 8192 2.000000000 2
344 132 3 8192 2.000000000 2
344 148 3 8192 2.000000000 2
344 156 3 8192 2.000000000 2
344 164 3 8192 2.000000000 2
344 168 3 8192 2.000000000 2
344 176 3 8192 2.000000000 2
344 188 3 8192 2.000000000 2
344 192 3 8192 2.000000000 2
344 196 3 8192 2.000000000 2
344 204 3 8192 2.000000000 2
344 236 3 8192 2.000000000 2
344 240 3 8192 2.000000000 2
344 248 3 8192 2.000000000 2
344 252 3 8192 2.000000000 2
344 264 3 8192 2.000000000 2
344 272 3 8192 2.000000000 2
344 288 3 8192 2.000000000 2
344 292 3 8192 2.000000000 2
344 304 3 8192 2.000000000 2
344 308 3 8192 2.000000000 2
344 372 3 8192 2.000000000 2
344 388 3 8192 2.000000000 2
344 400 3 8192 2.000000000 2
344 412 3 8192 2.000000000 2
344 420 3 8192 2.000000000 2
344 468 3 8192 2.000000000 2
344 476 3 8192 2.000000000 2
344 512 3 8192 2.000000000 2
344 548 3 8192 2.000000000 2
344 556 3 8192 2.000000000 2
344 560 3 8192 2.000000000 2
344 616 3 8192 2.000000000 2
344 636 3 8192 2.000000000 2
344 656 3 8192 2.000000000 2
344 708 3 8192 2.000000000 2
344 716 3 8192 2.000000000 2
344 720 3 8192 2.000000000 2
344 728 3 8192 2.000000000 2
344 748 3 8192 2.000000000 2
344 776 3 8192 2.000000000 2
344 792 3 8192 2.000000000 2
344 796 3 8192 2.000000000 2
344 836 3 8192 2.000000000 2
344 852 3 8192 2.000000000 2
344 856 3 8192 2.000000000 2
344 900 3 8192 2.000000000 2
344 944 3 8192 2.000000000 2
344 1012 3 8192 2.000000000 2
344 1036 3 8192 2.000000000 2
344 1104 3 8192 2.000000000 2
344 1148 3 8192 2.000000000 2
344 1180 3 8192 2.000000000 2
344 1212 3 8192 2.000000000 2
344 1216 3 8192 2.000000000 2
344 1236 3 8192 2.000000000 2
344 1244 3 8192 2.000000000 2
344 1272 3 8192 2.000000000 2
348 20 3 8192 2.000000000 2
348 32 3 8192 2.000000000 2
348 40 3 8192 2.000000000 2
348 52 3 8192 2.000000000 2
348 56 3 8192 2.000000000 2
348 92 3 8192 2.000000000 2
348 96 3 8192 2.000000000 2
348 100 3 8192 2.000000000 2
348 112 3 8192 2.000000000 2
348 124 3 8192 2.000000000 2
348 128 3 8192 2.000000000 2
348 184 3 8192 2.000000000 2
348 228 3 8192 2.000000000 2
348 232 3 8192 2.000000000 2
348 236 3 8192 2.000000000 2
348 244 3 8192 2.000000000 2
348 276 3 8192 2.000000000 2
348 320 3 8192 2.000000000 2
348 352 3 8192 2.000000000 2
348 384 3 8192 2.000000000 2
348 392 3 8192 2.000000000 2
348 400 3 8192 2.000000000 2
348 420 3 8192 2.000000000 2
348 424 3 8192 2.000000000 2
348 460 3 8192 2.000000000 2
348 468 3 8192 2.000000000 2
348 496 3 8192 2.000000000 2
348 512 3 8192 2.000000000 2
348 536 3 8192 2.000000000 2
348 624 3 8192 2.000000000 2
348 632 3 8192 2.000000000 2
348 648 3 8192 2.000000000 2
348 660 3 8192 2.000000000 2
348 664 3 8192 2.000000000 2
348 676 3 8192 2.000000000 2
348 708 3 8192 2.000000000 2
348 732 3 8192 2.000000000 2
348 752 3 8192 2.000000000 2
348 760 3 8192 2.000000000 2
348 768 3 8192 2.000000000 2
348 808 3 8192 2.000000000 2
348 836 3 8192 2.000000000 2
348 852 3 8192 2.000000000 2
348 908 3 8192 2.000000000 2
348 944 3 8192 2.000000000 2
348 948 3 8192 2.000000000 2
348 952 3 8192 2.000000000 2
348 964 3 8192 2.000000000 2
348 968 3 8192 2.000000000 2
348 980 3 8192 2.000000000 2
348 992 3 8192 2.000000000 2
348 1012 3 8192 2.000000000 2
348 1040 3 8192 2.000000000 2
348 1080 3 8192 2.000000000 2
348 1136 3 8192 2.000000000 2
348 1172 3 8192 2.000000000 2
348 1176 3 8192 2.000000000 2
348 1196 3 8192 2.000000000 2
348 1220 3 8192 2.000000000 2
348 1228 3 8192 2.000000000 2
348 1248 3 8192 2.000000000 2
348 1256 3 8192 2.000000000 2
348 1264 3 8192 2.000000000 2
348 1272 3 8192 2.000000000 2
352 4 3 8192 2.000000000 2
352 8 3 8192 2.000000000 2
352 20 3 8192 2.000000000 2
352 32 3 8192 2.000000000 2
352 72 3 8192 2.000000000 2
352 88 3 8192 2.000000000 2
352 100 3 8192 2.000000000 2
352 120 3 8192 2.000000000 2
352 128 3 8192 2.000000000 2
352 132 3 8192 2.000000000 2
352 164 3 8192 2.000000000 2
352 168 3 8192 2.000000000 2
352 184 3 8192 2.000000000 2
352 204 3 8192 2.000000000 2
352 208 3 8192 2.000000000 2
352 220 3 8192 2.000000000 2
352 228 3 8192 2.000000000 2
352 232 3 8192 2.000000000 2
352 248 3 8192 2.000000000 2
352 252 3 8192 2.000000000 2
352 284 3 8192 2.000000000 2
352 300 3 8192 2.000000000 2
352 312 3 8192 2.000000000 2
352 336 3 8192 2.000000000 2
352 344 3 8192 2.000000000 2
352 400 3 8192 2.000000000 2
352 436 3 8192 2.000000000 2
352 440 3 8192 2.000000000 2
352 452 3 8192 2.000000000 2
352 468 3 8192 2.000000000 2
352 500 3 8192 2.000000000 2
352 520 3 8192 2.000000000 2
352 564 3 8192 2.000000000 2
352 592 3 8192 2.000000000 2
352 612 3 8192 2.000000000 2
352 648 3 8192 2.000000000 2
352 664 3 8192 2.000000000 2
352 684 3 8192 2.000000000 2
352 708 3 8192 2.000000000 2
352 712 3 8192 2.000000000 2
352 716 3 8192 2.000000000 2
352 736 3 8192 2.000000000 2
352 760 3 8192 2.000000000 2
352 768 3 8192 2.000000000 2
352 796 3 8192 2.000000000 2
352 816 3 8192 2.000000000 2
352 828 3 8192 2.000000000 2
352 848 3 8192 2.000000000 2
352 864 3 8192 2.000000000 2
352 880 3 8192 2.000000000 2
352 940 3 8192 2.000000000 2
352 944 3 8192 2.000000000 2
352 952 3 8192 2.000000000 2
352 996 3 8192 2.000000000 2
352 1008 3 8192 2.000000000 2
352 1020 3 8192 2.000000000 2
352 1156 3 8192 2.000000000 2
352 1164 3 8192 2.000000000 2
352 1168 3 8192 2.000000000 2
352 1180 3 8192 2.000000000 2
352 1192 3 8192 2.000000000 2
352 1196 3 8192 2.000000000 2
352 1212 3 8192 2.000000000 2
352 1248 3 8192 2.000000000 2
356 36 3 8192 2.000000000 2
356 40 3 8192 2.000000000 2
356 64 3 8192 2.000000000 2
356 84 3 8192 2.000000000 2
356 92 3 8192 2.000000000 2
356 100 3 8192 2.000000000 2
356 124 3 8192 2.000000000 2
356 172 3 8192 2.000000000 2
356 192 3 8192 2.000000000 2
356 196 3 8192 2.000000000 2
356 204 3 8192 2.000000000 2
356 216 3 8192 2.000000000 2
356 224 3 8192 2.000000000 2
356 264 3 8192 2.000000000 2
356 280 3 8192 2.000000000 2
356 332 3 8192 2.000000000 2
356 336 3 8192 2.000000000 2
356 364 3 8192 2.000000000 2
356 420 3 8192 2.000000000 2
356 448 3 8192 2.000000000 2
356 480 3 8192 2.000000000 2
356 496 3 8192 2.000000000 2
356 512 3 8192 2.000000000 2
356 516 3 8192 2.000000000 2
356 524 3 8192 2.000000000 2
356 536 3 8192 2.000000000 2
356 564 3 8192 2.000000000 2
356 576 3 8192 2.000000000 2
356 596 3 8192 2.000000000 2
356 628 3 8192 2.000000000 2
356 632 3 8192 2.000000000 2
356 636 3 8192 2.000000000 2
356 664 3 8192 2.000000000 2
356 692 3 8192 2.000000000 2
356 700 3 8192 2.000000000 2
356 728 3 8192 2.000000000 2
356 736 3 8192 2.000000000 2
356 744 3 8192 2.000000000 2
356 752 3 8192 2.000000000 2
356 760 3 8192 2.000000000 2
356 776 3 8192 2.000000000 2
356 812 3 8192 2.000000000 2
356 816 3 8192 2.000000000 2
356 836 3 8192 2.000000000 2
356 848 3 8192 2.000000000 2
356 868 3 8192 2.000000000 2
356 892 3 8192 2.000000000 2
356 932 3 8192 2.000000000 2
356 936 3 8192 2.000000000 2
356 952 3 8192 2.000000000 2
356 968 3 8192 2.000000000 2
356 996 3 8192 2.000000000 2
356 1020 3 8192 2.000000000 2
356 1076 3 8192 2.000000000 2
356 1084 3 8192 2.000000000 2
356 1092 3 8192 2.000000000 2
356 1104 3 8192 2.000000000 2
356 1120 3 8192 2.000000000 2
356 1136 3 8192 2.000000000 2
356 1148 3 8192 2.000000000 2
356 1156 3 8192 2.000000000 2
356 1200 3 8192 2.000000000 2
356 1212 3 8192 2.000000000 2
356 1256 3 8192 2.000000000 2
360 16 3 8192 2.000000000 2
360 28 3 8192 2.000000000 2
360 32 3 8192 2.000000000 2
360 36 3 8192 2.000000000 2
360 40 3 8192 2.000000000 2
360 52 3 8192 2.000000000 2
360 84 3 8192 2.000000000 2
360 88 3 8192 2.000000000 2
360 104 3 8192 2.000000000 2
360 112 3 8192 2.000000000 2
360 148 3 8192 2.000000000 2
360 164 3 8192 2.000000000 2
360 168 3 8192 2.000000000 2
360 252 3 8192 2.000000000 2
360 280 3 8192 2.000000000 2
360 284 3 8192 2.000000000 2
360 308 3 8192 2.000000000 2
360 332 3 8192 2.000000000 2
360 344 3 8192 2.000000000 2
360 352 3 8192 2.000000000 2
360 396 3 8192 2.000000000 2
360 404 3 8192 2.000000000 2
360 416 3 8192 2.000000000 2
360 420 3 8192 2.000000000 2
360 424 3 8192 2.000000000 2
360 428 3 8192 2.000000000 2
360 440 3 8192 2.000000000 2
360 472 3 8192 2.000000000 2
360 476 3 8192 2.000000000 2
360 480 3 8192 2.000000000 2
360 496 3 8192 2.000000000 2
360 508 3 8192 2.000000000 2
360 512 3 8192 2.000000000 2
360 524 3 8192 2.000000000 2
360 544 3 8192 2.000000000 2
360 576 3 8192 2.000000000 2
360 584 3 8192 2.000000000 2
360 592 3 8192 2.000000000 2
360 608 3 8192 2.000000000 2
360 628 3 8192 2.000000000 2
360 632 3 8192 2.000000000 2
360 652 3 8192 2.000000000 2
360 656 3 8192 2.000000000 2
360 712 3 8192 2.000000000 2
360 728 3 8192 2.000000000 2
360 732 3 8192 2.000000000 2
360 768 3 8192 2.000000000 2
360 816 3 8192 2.000000000 2
360 828 3 8192 2.000000000 2
360 836 3 8192 2.000000000 2
360 888 3 8192 2.000000000 2
360 968 3 8192 2.000000000 2
360 984 3 8192 2.000000000 2
360 988 3 8192 2.000000000 2
360 996 3 8192 2.000000000 2
360 1008 3 8192 2.000000000 2
360 1036 3 8192 2.000000000 2
360 1052 3 8192 2.000000000 2
360 1072 3 8192 2.000000000 2
360 1104 3 8192 2.000000000 2
360 1116 3 8192 2.000000000 2
360 1160 3 8192 2.000000000 2
360 1176 3 8192 2.000000000 2
360 1184 3 8192 2.000000000 2
364 4 3 8192 2.000000000 2
364 16 3 8192 2.000000000 2
364 48 3 8192 2.000000000 2
364 68 3 8192 2.000000000 2
364 76 3 8192 2.000000000 2
364 88 3 8192 2.000000000 2
364 108 3 8192 2.000000000 2
364 116 3 8192 2.000000000 2
364 188 3 8192 2.000000000 2
364 192 3 8192 2.000000000 2
364 220 3 8192 2.000000000 2
364 224 3 8192 2.000000000 2
364 228 3 8192 2.000000000 2
364 244 3 8192 2.000000000 2
364 252 3 8192 2.000000000 2
364 260 3 8192 2.000000000 2
364 264 3 8192 2.000000000 2
364 320 3 8192 2.000000000 2
364 388 3 8192 2.000000000 2
364 412 3 8192 2.000000000 2
364 428 3 8192 2.000000000 2
364 436 3 8192 2.000000000 2
364 476 3 8192 2.000000000 2
364 516 3 8192 2.000000000 2
364 548 3 8192 2.000000000 2
364 564 3 8192 2.000000000 2
364 580 3 8192 2.000000000 2
364 592 3 8192 2.000000000 2
364 596 3 8192 2.000000000 2
364 628 3 8192 2.000000000 2
364 636 3 8192 2.000000000 2
364 644 3 8192 2.000000000 2
364 652 3 8192 2.000000000 2
364 720 3 8192 2.000000000 2
364 752 3 8192 2.000000000 2
364 756 3 8192 2.000000000 2
364 764 3 8192 2.000000000 2
364 860 3 8192 2.000000000 2
364 876 3 8192 2.000000000 2
364 892 3 8192 2.000000000 2
364 900 3 8192 2.000000000 2
364 948 3 8192 2.000000000 2
364 1012 3 8192 2.000000000 2
364 1024 3 8192 2.000000000 2
364 1032 3 8192 2.000000000 2
364 1040 3 8192 2.000000000 2
364 1044 3 8192 2.000000000 2
364 1076 3 8192 2.000000000 2
364 1084 3 8192 2.000000000 2
364 1108 3 8192 2.000000000 2
364 1120 3 8192 2.000000000 2
364 1124 3 8192 2.000000000 2
364 1132 3 8192 2.000000000 2
364 1156 3 8192 2.000000000 2
364 1160 3 8192 2.000000000 2
364 1168 3 8192 2.000000000 2
364 1184 3 8192 2.000000000 2
364 1208 3 8192 2.000000000 2
364 1224 3 8192 2.000000000 2
364 1228 3 8192 2.000000000 2
364 1236 3 8192 2.000000000 2
364 1244 3 8192 2.000000000 2
364 1264 3 8192 2.000000000 2
364 1272 3 8192 2.000000000 2
372 16 3 8192 2.000000000 2
372 28 3 8192 2.000000000 2
372 36 3 8192 2.000000000 2
372 44 3 8192 2.000000000 2
372 52 3 8192 2.000000000 2
372 56 3 8192 2.000000000 2
372 88 3 8192 2.000000000 2
372 96 3 8192 2.000000000 2
372 128 3 8192 2.000000000 2
372 152 3 8192 2.000000000 2
372 228 3 8192 2.000000000 2
372 248 3 8192 2.000000000 2
372 276 3 8192 2.000000000 2
372 280 3 8192 2.000000000 2
372 292 3 8192 2.000000000 2
372 312 3 8192 2.000000000 2
372 316 3 8192 2.000000000 2
372 344 3 8192 2.000000000 2
372 360 3 8192 2.000000000 2
372 416 3 8192 2.000000000 2
372 420 3 8192 2.000000000 2
372 424 3 8192 2.000000000 2
372 436 3 8192 2.000000000 2
372 468 3 8192 2.000000000 2
372 480 3 8192 2.000000000 2
372 508 3 8192 2.000000000 2
372 544 3 8192 2.000000000 2
372 556 3 8192 2.000000000 2
372 560 3 8192 2.000000000 2
372 584 3 8192 2.000000000 2
372 628 3 8192 2.000000000 2
372 636 3 8192 2.000000000 2
372 648 3 8192 2.000000000 2
372 652 3 8192 2.000000000 2
372 660 3 8192 2.000000000 2
372 712 3 8192 2.000000000 2
372 756 3 8192 2.000000000 2
372 792 3 8192 2.000000000 2
372 796 3 8192 2.000000000 2
372 808 3 8192 2.000000000 2
372 836 3 8192 2.000000000 2
372 856 3 8192 2.000000000 2
372 860 3 8192 2.000000000 2
372 868 3 8192 2.000000000 2
372 896 3 8192 2.000000000 2
372 900 3 8192 2.000000000 2
372 920 3 8192 2.000000000 2
372 944 3 8192 2.000000000 2
372 948 3 8192 2.000000000 2
372 952 3 8192 2.000000000 2
372 980 3 8192 2.000000000 2
372 1024 3 8192 2.000000000 2
372 1040 3 8192 2.000000000 2
372 1076 3 8192 2.000000000 2
372 1112 3 8192 2.000000000 2
372 1124 3 8192 2.000000000 2
372 1128 3 8192 2.000000000 2
372 1160 3 8192 2.000000000 2
372 1164 3 8192 2.000000000 2
372 1184 3 8192 2.000000000 2
372 1216 3 8192 2.000000000 2
372 1224 3 8192 2.000000000 2
372 1256 3 8192 2.000000000 2
372 1264 3 8192 2.000000000 2
376 4 3 8192 2.000000000 2
376 16 3 8192 2.000000000 2
376 76 3 8192 2.000000000 2
376 96 3 8192 2.000000000 2
376 100 3 8192 2.000000000 2
376 180 3 8192 2.000000000 2
376 208 3 8192 2.000000000 2
376 240 3 8192 2.000000000 2
376 244 3 8192 2.000000000 2
376 276 3 8192 2.000000000 2
376 336 3 8192 2.000000000 2
376 348 3 8192 2.000000000 2
376 352 3 8192 2.000000000 2
376 360 3 8192 2.000000000 2
376 364 3 8192 2.000000000 2
376 384 3 8192 2.000000000 2
376 392 3 8192 2.000000000 2
376 404 3 8192 2.000000000 2
376 412 3 8192 2.000000000 2
376 420 3 8192 2.000000000 2
376 424 3 8192 2.000000000 2
376 472 3 8192 2.000000000 2
376 520 3 8192 2.000000000 2
376 544 3 8192 2.000000000 2
376 584 3 8192 2.000000000 2
376 632 3 8192 2.000000000 2
376 640 3 8192 2.000000000 2
376 656 3 8192 2.000000000 2
376 664 3 8192 2.000000000 2
376 668 3 8192 2.000000000 2
376 676 3 8192 2.000000000 2
376 692 3 8192 2.000000000 2
376 712 3 8192 2.000000000 2
376 720 3 8192 2.000000000 2
376 736 3 8192 2.000000000 2
376 756 3 8192 2.000000000 2
376 768 3 8192 2.000000000 2
376 776 3 8192 2.000000000 2
376 792 3 8192 2.000000000 2
376 828 3 8192 2.000000000 2
376 848 3 8192 2.000000000 2
376 856 3 8192 2.000000000 2
376 876 3 8192 2.000000000 2
376 880 3 8192 2.000000000 2
376 900 3 8192 2.000000000 2
376 904 3 8192 2.000000000 2
376 908 3 8192 2.000000000 2
376 944 3 8192 2.000000000 2
376 952 3 8192 2.000000000 2
376 964 3 8192 2.000000000 2
376 972 3 8192 2.000000000 2
376 980 3 8192 2.000000000 2
376 1020 3 8192 2.000000000 2
376 1032 3 8192 2.000000000 2
376 1068 3 8192 2.000000000 2
376 1076 3 8192 2.000000000 2
376 1080 3 8192 2.000000000 2
376 1116 3 8192 2.000000000 2
376 1132 3 8192 2.000000000 2
376 1164 3 8192 2.000000000 2
376 1168 3 8192 2.000000000 2
376 1176 3 8192 2.000000000 2
376 1248 3 8192 2.000000000 2
376 1272 3 8192 2.000000000 2
380 8 3 8192 2.000000000 2
380 32 3 8192 2.000000000 2
380 40 3 8192 2.000000000 2
380 56 3 8192 2.000000000 2
380 72 3 8192 2.000000000 2
380 76 3 8192 2.000000000 2
380 88 3 8192 2.000000000 2
380 104 3 8192 2.000000000 2
380 112 3 8192 2.000000000 2
380 172 3 8192 2.000000000 2
380 176 3 8192 2.000000000 2
380 180 3 8192 2.000000000 2
380 196 3 8192 2.000000000 2
380 208 3 8192 2.000000000 2
380 216 3 8192 2.000000000 2
380 228 3 8192 2.000000000 2
380 232 3 8192 2.000000000 2
380 240 3 8192 2.000000000 2
380 248 3 8192 2.000000000 2
380 272 3 8192 2.000000000 2
380 312 3 8192 2.000000000 2
380 344 3 8192 2.000000000 2
380 364 3 8192 2.000000000 2
380 384 3 8192 2.000000000 2
380 388 3 8192 2.000000000 2
380 392 3 8192 2.000000000 2
380 404 3 8192 2.000000000 2
380 420 3 8192 2.000000000 2
380 436 3 8192 2.000000000 2
380 476 3 8192 2.000000000 2
380 516 3 8192 2.000000000 2
380 520 3 8192 2.000000000 2
380 528 3 8192 2.000000000 2
380 556 3 8192 2.000000000 2
380 564 3 8192 2.000000000 2
380 584 3 8192 2.000000000 2
380 612 3 8192 2.000000000 2
380 628 3 8192 2.000000000 2
380 632 3 8192 2.000000000 2
380 668 3 8192 2.000000000 2
380 676 3 8192 2.000000000 2
380 692 3 8192 2.000000000 2
380 744 3 8192 2.000000000 2
380 768 3 8192 2.000000000 2
380 812 3 8192 2.000000000 2
380 816 3 8192 2.000000000 2
380 856 3 8192 2.000000000 2
380 860 3 8192 2.000000000 2
380 876 3 8192 2.000000000 2
380 888 3 8192 2.000000000 2
380 908 3 8192 2.000000000 2
380 920 3 8192 2.000000000 2
380 980 3 8192 2.000000000 2
380 1024 3 8192 2.000000000 2
380 1084 3 8192 2.000000000 2
380 1104 3 8192 2.000000000 2
380 1112 3 8192 2.000000000 2
380 1116 3 8192 2.000000000 2
380 1124 3 8192 2.000000000 2
380 1164 3 8192 2.000000000 2
380 1172 3 8192 2.000000000 2
380 1176 3 8192 2.000000000 2
380 1200 3 8192 2.000000000 2
380 1208 3 8192 2.000000000 2
384 4 3 8192 2.000000000 2
384 8 3 8192 2.000000000 2
384 36 3 8192 2.000000000 2
384 56 3 8192 2.000000000 2
384 100 3 8192 2.000000000 2
384 108 3 8192 2.000000000 2
384 112 3 8192 2.000000000 2
384 156 3 8192 2.000000000 2
384 188 3 8192 2.000000000 2
384 204 3 8192 2.000000000 2
384 220 3 8192 2.000000000 2
384 276 3 8192 2.000000000 2
384 280 3 8192 2.000000000 2
384 300 3 8192 2.000000000 2
384 308 3 8192 2.000000000 2
384 312 3 8192 2.000000000 2
384 316 3 8192 2.000000000 2
384 332 3 8192 2.000000000 2
384 348 3 8192 2.000000000 2
384 352 3 8192 2.000000000 2
384 356 3 8192 2.000000000 2
384 360 3 8192 2.000000000 2
384 380 3 8192 2.000000000 2
384 400 3 8192 2.000000000 2
384 416 3 8192 2.000000000 2
384 476 3 8192 2.000000000 2
384 540 3 8192 2.000000000 2
384 556 3 8192 2.000000000 2
384 612 3 8192 2.000000000 2
384 636 3 8192 2.000000000 2
384 660 3 8192 2.000000000 2
384 668 3 8192 2.000000000 2
384 696 3 8192 2.000000000 2
384 708 3 8192 2.000000000 2
384 732 3 8192 2.000000000 2
384 744 3 8192 2.000000000 2
384 792 3 8192 2.000000000 2
384 808 3 8192 2.000000000 2
384 828 3 8192 2.000000000 2
384 836 3 8192 2.000000000 2
384 852 3 8192 2.000000000 2
384 860 3 8192 2.000000000 2
384 864 3 8192 2.000000000 2
384 868 3 8192 2.000000000 2
384 876 3 8192 2.000000000 2
384 880 3 8192 2.000000000 2
384 900 3 8192 2.000000000 2
384 968 3 8192 2.000000000 2
384 988 3 8192 2.000000000 2
384 996 3 8192 2.000000000 2
384 1048 3 8192 2.000000000 2
384 1056 3 8192 2.000000000 2
384 1080 3 8192 2.000000000 2
384 1100 3 8192 2.000000000 2
384 1104 3 8192 2.000000000 2
384 1108 3 8192 2.000000000 2
384 1112 3 8192 2.000000000 2
384 1116 3 8192 2.000000000 2
384 1168 3 8192 2.000000000 2
384 1180 3 8192 2.000000000 2
384 1196 3 8192 2.000000000 2
384 1200 3 8192 2.000000000 2
384 1208 3 8192 2.000000000 2
384 1224 3 8192 2.000000000 2
388 24 3 8192 2.000000000 2
388 40 3 8192 2.000000000 2
388 44 3 8192 2.000000000 2
388 64 3 8192 2.000000000 2
388 76 3 8192 2.000000000 2
388 104 3 8192 2.000000000 2
388 108 3 8192 2.000000000 2
388 112 3 8192 2.000000000 2
388 136 3 8192 2.000000000 2
388 152 3 8192 2.000000000 2
388 204 3 8192 2.000000000 2
388 216 3 8192 2.000000000 2
388 248 3 8192 2.000000000 2
388 268 3 8192 2.000000000 2
388 288 3 8192 2.000000000 2
388 292 3 8192 2.000000000 2
388 304 3 8192 2.000000000 2
388 308 3 8192 2.000000000 2
388 312 3 8192 2.000000000 2
388 316 3 8192 2.000000000 2
388 328 3 8192 2.000000000 2
388 332 3 8192 2.000000000 2
388 356 3 8192 2.000000000 2
388 392 3 8192 2.000000000 2
388 412 3 8192 2.000000000 2
388 428 3 8192 2.000000000 2
388 440 3 8192 2.000000000 2
388 444 3 8192 2.000000000 2
388 472 3 8192 2.000000000 2
388 508 3 8192 2.000000000 2
388 536 3 8192 2.000000000 2
388 560 3 8192 2.000000000 2
388 600 3 8192 2.000000000 2
388 608 3 8192 2.000000000 2
388 612 3 8192 2.000000000 2
388 624 3 8192 2.000000000 2
388 628 3 8192 2.000000000 2
388 652 3 8192 2.000000000 2
388 664 3 8192 2.000000000 2
388 668 3 8192 2.000000000 2
388 676 3 8192 2.000000000 2
388 696 3 8192 2.000000000 2
388 700 3 8192 2.000000000 2
388 716 3 8192 2.000000000 2
388 724 3 8192 2.000000000 2
388 748 3 8192 2.000000000 2
388 756 3 8192 2.000000000 2
388 788 3 8192 2.000000000 2
388 812 3 8192 2.000000000 2
388 836 3 8192 2.000000000 2
388 840 3 8192 2.000000000 2
388 856 3 8192 2.000000000 2
388 892 3 8192 2.000000000 2
388 948 3 8192 2.000000000 2
388 972 3 8192 2.000000000 2
388 984 3 8192 2.000000000 2
388 1032 3 8192 2.000000000 2
388 1072 3 8192 2.000000000 2
388 1080 3 8192 2.000000000 2
388 1136 3 8192 2.000000000 2
388 1160 3 8192 2.000000000 2
388 1176 3 8192 2.000000000 2
388 1180 3 8192 2.000000000 2
388 1216 3 8192 2.000000000 2
392 44 3 8192 2.000000000 2
392 56 3 8192 2.000000000 2
392 68 3 8192 2.000000000 2
392 76 3 8192 2.000000000 2
392 84 3 8192 2.000000000 2
392 96 3 8192 2.000000000 2
392 104 3 8192 2.000000000 2
392 168 3 8192 2.000000000 2
392 172 3 8192 2.000000000 2
392 204 3 8192 2.000000000 2
392 216 3 8192 2.000000000 2
392 224 3 8192 2.000000000 2
392 228 3 8192 2.000000000 2
392 232 3 8192 2.000000000 2
392 240 3 8192 2.000000000 2
392 244 3 8192 2.000000000 2
392 284 3 8192 2.000000000 2
392 304 3 8192 2.000000000 2
392 348 3 8192 2.000000000 2
392 356 3 8192 2.000000000 2
392 372 3 8192 2.000000000 2
392 400 3 8192 2.000000000 2
392 428 3 8192 2.000000000 2
392 448 3 8192 2.000000000 2
392 496 3 8192 2.000000000 2
392 576 3 8192 2.000000000 2
392 592 3 8192 2.000000000 2
392 600 3 8192 2.000000000 2
392 640 3 8192 2.000000000 2
392 656 3 8192 2.000000000 2
392 660 3 8192 2.000000000 2
392 676 3 8192 2.000000000 2
392 684 3 8192 2.000000000 2
392 688 3 8192 2.000000000 2
392 724 3 8192 2.000000000 2
392 752 3 8192 2.000000000 2
392 764 3 8192 2.000000000 2
392 768 3 8192 2.000000000 2
392 776 3 8192 2.000000000 2
392 784 3 8192 2.000000000 2
392 792 3 8192 2.000000000 2
392 848 3 8192 2.000000000 2
392 864 3 8192 2.000000000 2
392 892 3 8192 2.000000000 2
392 932 3 8192 2.000000000 2
392 936 3 8192 2.000000000 2
392 952 3 8192 2.000000000 2
392 972 3 8192 2.000000000 2
392 984 3 8192 2.000000000 2
392 1036 3 8192 2.000000000 2
392 1044 3 8192 2.000000000 2
392 1048 3 8192 2.000000000 2
392 1076 3 8192 2.000000000 2
392 1080 3 8192 2.000000000 2
392 1108 3 8192 2.000000000 2
392 1116 3 8192 2.000000000 2
392 1120 3 8192 2.000000000 2
392 1128 3 8192 2.000000000 2
392 1156 3 8192 2.000000000 2
392 1176 3 8192 2.000000000 2
392 1192 3 8192 2.000000000 2
392 1216 3 8192 2.000000000 2
392 1228 3 8192 2.000000000 2
392 1264 3 8192 2.000000000 2
396 36 3 8192 2.000000000 2
396 68 3 8192 2.000000000 2
396 104 3 8192 2.000000000 2
396 108 3 8192 2.000000000 2
396 156 3 8192 2.000000000 2
396 188 3 8192 2.000000000 2
396 208 3 8192 2.000000000 2
396 216 3 8192 2.000000000 2
396 232 3 8192 2.000000000 2
396 236 3 8192 2.000000000 2
396 244 3 8192 2.000000000 2
396 260 3 8192 2.000000000 2
396 272 3 8192 2.000000000 2
396 276 3 8192 2.000000000 2
396 336 3 8192 2.000000000 2
396 344 3 8192 2.000000000 2
396 348 3 8192 2.000000000 2
396 416 3 8192 2.000000000 2
396 428 3 8192 2.000000000 2
396 440 3 8192 2.000000000 2
396 448 3 8192 2.000000000 2
396 452 3 8192 2.000000000 2
396 468 3 8192 2.000000000 2
396 476 3 8192 2.000000000 2
396 516 3 8192 2.000000000 2
396 556 3 8192 2.000000000 2
396 592 3 8192 2.000000000 2
396 628 3 8192 2.000000000 2
396 648 3 8192 2.000000000 2
396 688 3 8192 2.000000000 2
396 700 3 8192 2.000000000 2
396 708 3 8192 2.000000000 2
396 732 3 8192 2.000000000 2
396 736 3 8192 2.000000000 2
396 760 3 8192 2.000000000 2
396 776 3 8192 2.000000000 2
396 808 3 8192 2.000000000 2
396 816 3 8192 2.000000000 2
396 876 3 8192 2.000000000 2
396 896 3 8192 2.000000000 2
396 908 3 8192 2.000000000 2
396 920 3 8192 2.000000000 2
396 932 3 8192 2.000000000 2
396 940 3 8192 2.000000000 2
396 968 3 8192 2.000000000 2
396 980 3 8192 2.000000000 2
396 984 3 8192 2.000000000 2
396 992 3 8192 2.000000000 2
396 1008 3 8192 2.000000000 2
396 1032 3 8192 2.000000000 2
396 1040 3 8192 2.000000000 2
396 1048 3 8192 2.000000000 2
396 1052 3 8192 2.000000000 2
396 1080 3 8192 2.000000000 2
396 1116 3 8192 2.000000000 2
396 1120 3 8192 2.000000000 2
396 1124 3 8192 2.000000000 2
396 1128 3 8192 2.000000000 2
396 1156 3 8192 2.000000000 2
396 1168 3 8192 2.000000000 2
396 1176 3 8192 2.000000000 2
396 1204 3 8192 2.000000000 2
396 1236 3 8192 2.000000000 2
396 1256 3 8192 2.000000000 2
400 4 3 8192 2.000000000 2
400 8 3 8192 2.000000000 2
400 20 3 8192 2.000000000 2
400 36 3 8192 2.000000000 2
400 48 3 8192 2.000000000 2
400 92 3 8192 2.000000000 2
400 96 3 8192 2.000000000 2
400 104 3 8192 2.000000000 2
400 128 3 8192 2.000000000 2
400 136 3 8192 2.000000000 2
400 168 3 8192 2.000000000 2
400 172 3 8192 2.000000000 2
400 180 3 8192 2.000000000 2
400 184 3 8192 2.000000000 2
400 192 3 8192 2.000000000 2
400 204 3 8192 2.000000000 2
400 220 3 8192 2.000000000 2
400 232 3 8192 2.000000000 2
400 328 3 8192 2.000000000 2
400 356 3 8192 2.000000000 2
400 372 3 8192 2.000000000 2
400 380 3 8192 2.000000000 2
400 384 3 8192 2.000000000 2
400 388 3 8192 2.000000000 2
400 392 3 8192 2.000000000 2
400 476 3 8192 2.000000000 2
400 500 3 8192 2.000000000 2
400 512 3 8192 2.000000000 2
400 536 3 8192 2.000000000 2
400 556 3 8192 2.000000000 2
400 560 3 8192 2.000000000 2
400 596 3 8192 2.000000000 2
400 600 3 8192 2.000000000 2
400 616 3 8192 2.000000000 2
400 636 3 8192 2.000000000 2
400 664 3 8192 2.000000000 2
400 684 3 8192 2.000000000 2
400 700 3 8192 2.000000000 2
400 708 3 8192 2.000000000 2
400 720 3 8192 2.000000000 2
400 732 3 8192 2.000000000 2
400 736 3 8192 2.000000000 2
400 808 3 8192 2.000000000 2
400 848 3 8192 2.000000000 2
400 904 3 8192 2.000000000 2
400 920 3 8192 2.000000000 2
400 972 3 8192 2.000000000 2
400 988 3 8192 2.000000000 2
400 1020 3 8192 2.000000000 2
400 1024 3 8192 2.000000000 2
400 1032 3 8192 2.000000000 2
400 1068 3 8192 2.000000000 2
400 1116 3 8192 2.000000000 2
400 1124 3 8192 2.000000000 2
400 1128 3 8192 2.000000000 2
400 1148 3 8192 2.000000000 2
400 1156 3 8192 2.000000000 2
400 1172 3 8192 2.000000000 2
400 1196 3 8192 2.000000000 2
400 1204 3 8192 2.000000000 2
400 1216 3 8192 2.000000000 2
400 1220 3 8192 2.000000000 2
400 1248 3 8192 2.000000000 2
400 1264 3 8192 2.000000000 2
404 16 3 8192 2.000000000 2
404 28 3 8192 2.000000000 2
404 52 3 8192 2.000000000 2
404 68 3 8192 2.000000000 2
404 76 3 8192 2.000000000 2
404 108 3 8192 2.000000000 2
404 112 3 8192 2.000000000 2
404 132 3 8192 2.000000000 2
404 148 3 8192 2.000000000 2
404 168 3 8192 2.000000000 2
404 176 3 8192 2.000000000 2
404 196 3 8192 2.000000000 2
404 220 3 8192 2.000000000 2
404 228 3 8192 2.000000000 2
404 248 3 8192 2.000000000 2
404 260 3 8192 2.000000000 2
404 284 3 8192 2.000000000 2
404 308 3 8192 2.000000000 2
404 352 3 8192 2.000000000 2
404 360 3 8192 2.000000000 2
404 364 3 8192 2.000000000 2
404 372 3 8192 2.000000000 2
404 384 3 8192 2.000000000 2
404 388 3 8192 2.000000000 2
404 392 3 8192 2.000000000 2
404 400 3 8192 2.000000000 2
404 416 3 8192 2.000000000 2
404 548 3 8192 2.000000000 2
404 560 3 8192 2.000000000 2
404 576 3 8192 2.000000000 2
404 612 3 8192 2.000000000 2
404 628 3 8192 2.000000000 2
404 632 3 8192 2.000000000 2
404 640 3 8192 2.000000000 2
404 664 3 8192 2.000000000 2
404 704 3 8192 2.000000000 2
404 752 3 8192 2.000000000 2
404 760 3 8192 2.000000000 2
404 764 3 8192 2.000000000 2
404 768 3 8192 2.000000000 2
404 816 3 8192 2.000000000 2
404 828 3 8192 2.000000000 2
404 848 3 8192 2.000000000 2
404 860 3 8192 2.000000000 2
404 864 3 8192 2.000000000 2
404 880 3 8192 2.000000000 2
404 936 3 8192 2.000000000 2
404 940 3 8192 2.000000000 2
404 952 3 8192 2.000000000 2
404 964 3 8192 2.000000000 2
404 980 3 8192 2.000000000 2
404 984 3 8192 2.000000000 2
404 1040 3 8192 2.000000000 2
404 1076 3 8192 2.000000000 2
404 1080 3 8192 2.000000000 2
404 1084 3 8192 2.000000000 2
404 1112 3 8192 2.000000000 2
404 1124 3 8192 2.000000000 2
404 1148 3 8192 2.000000000 2
404 1160 3 8192 2.000000000 2
404 1172 3 8192 2.000000000 2
404 1212 3 8192 2.000000000 2
404 1220 3 8192 2.000000000 2
404 1236 3 8192 2.000000000 2
412 12 3 8192 2.000000000 2
412 28 3 8192 2.000000000 2
412 36 3 8192 2.000000000 2
412 44 3 8192 2.000000000 2
412 84 3 8192 2.000000000 2
412 112 3 8192 2.000000000 2
412 124 3 8192 2.000000000 2
412 128 3 8192 2.000000000 2
412 132 3 8192 2.000000000 2
412 176 3 8192 2.000000000 2
412 204 3 8192 2.000000000 2
412 228 3 8192 2.000000000 2
412 236 3 8192 2.000000000 2
412 252 3 8192 2.000000000 2
412 260 3 8192 2.000000000 2
412 264 3 8192 2.000000000 2
412 308 3 8192 2.000000000 2
412 320 3 8192 2.000000000 2
412 332 3 8192 2.000000000 2
412 344 3 8192 2.000000000 2
412 356 3 8192 2.000000000 2
412 360 3 8192 2.000000000 2
412 364 3 8192 2.000000000 2
412 376 3 8192 2.000000000 2
412 380 3 8192 2.000000000 2
412 428 3 8192 2.000000000 2
412 452 3 8192 2.000000000 2
412 480 3 8192 2.000000000 2
412 496 3 8192 2.000000000 2
412 516 3 8192 2.000000000 2
412 540 3 8192 2.000000000 2
412 556 3 8192 2.000000000 2
412 592 3 8192 2.000000000 2
412 600 3 8192 2.000000000 2
412 612 3 8192 2.000000000 2
412 636 3 8192 2.000000000 2
412 644 3 8192 2.000000000 2
412 648 3 8192 2.000000000 2
412 660 3 8192 2.000000000 2
412 704 3 8192 2.000000000 2
412 708 3 8192 2.000000000 2
412 736 3 8192 2.000000000 2
412 748 3 8192 2.000000000 2
412 760 3 8192 2.000000000 2
412 764 3 8192 2.000000000 2
412 776 3 8192 2.000000000 2
412 796 3 8192 2.000000000 2
412 836 3 8192 2.000000000 2
412 856 3 8192 2.000000000 2
412 944 3 8192 2.000000000 2
412 964 3 8192 2.000000000 2
412 968 3 8192 2.000000000 2
412 972 3 8192 2.000000000 2
412 992 3 8192 2.000000000 2
412 1024 3 8192 2.000000000 2
412 1044 3 8192 2.000000000 2
412 1052 3 8192 2.000000000 2
412 1108 3 8192 2.000000000 2
412 1120 3 8192 2.000000000 2
412 1156 3 8192 2.000000000 2
412 1160 3 8192 2.000000000 2
412 1168 3 8192 2.000000000 2
412 1208 3 8192 2.000000000 2
412 1228 3 8192 2.000000000 2
416 4 3 8192 2.000000000 2
416 12 3 8192 2.000000000 2
416 88 3 8192 2.000000000 2
416 100 3 8192 2.000000000 2
416 128 3 8192 2.000000000 2
416 132 3 8192 2.000000000 2
416 152 3 8192 2.000000000 2
416 176 3 8192 2.000000000 2
416 204 3 8192 2.000000000 2
416 208 3 8192 2.000000000 2
416 232 3 8192 2.000000000 2
416 268 3 8192 2.000000000 2
416 276 3 8192 2.000000000 2
416 280 3 8192 2.000000000 2
416 284 3 8192 2.000000000 2
416 292 3 8192 2.000000000 2
416 304 3 8192 2.000000000 2
416 316 3 8192 2.000000000 2
416 320 3 8192 2.000000000 2
416 344 3 8192 2.000000000 2
416 404 3 8192 2.000000000 2
416 420 3 8192 2.000000000 2
416 424 3 8192 2.000000000 2
416 428 3 8192 2.000000000 2
416 444 3 8192 2.000000000 2
416 468 3 8192 2.000000000 2
416 484 3 8192 2.000000000 2
416 528 3 8192 2.000000000 2
416 540 3 8192 2.000000000 2
416 584 3 8192 2.000000000 2
416 592 3 8192 2.000000000 2
416 596 3 8192 2.000000000 2
416 612 3 8192 2.000000000 2
416 616 3 8192 2.000000000 2
416 628 3 8192 2.000000000 2
416 644 3 8192 2.000000000 2
416 648 3 8192 2.000000000 2
416 652 3 8192 2.000000000 2
416 660 3 8192 2.000000000 2
416 728 3 8192 2.000000000 2
416 760 3 8192 2.000000000 2
416 788 3 8192 2.000000000 2
416 808 3 8192 2.000000000 2
416 816 3 8192 2.000000000 2
416 828 3 8192 2.000000000 2
416 852 3 8192 2.000000000 2
416 892 3 8192 2.000000000 2
416 904 3 8192 2.000000000 2
416 964 3 8192 2.000000000 2
416 968 3 8192 2.000000000 2
416 972 3 8192 2.000000000 2
416 988 3 8192 2.000000000 2
416 1024 3 8192 2.000000000 2
416 1040 3 8192 2.000000000 2
416 1084 3 8192 2.000000000 2
416 1120 3 8192 2.000000000 2
416 1128 3 8192 2.000000000 2
416 1132 3 8192 2.000000000 2
416 1148 3 8192 2.000000000 2
416 1172 3 8192 2.000000000 2
416 1212 3 8192 2.000000000 2
416 1220 3 8192 2.000000000 2
416 1228 3 8192 2.000000000 2
416 1244 3 8192 2.000000000 2
420 8 3 8192 2.000000000 2
420 52 3 8192 2.000000000 2
420 72 3 8192 2.000000000 2
420 104 3 8192 2.000000000 2
420 120 3 8192 2.000000000 2
420 128 3 8192 2.000000000 2
420 152 3 8192 2.000000000 2
420 156 3 8192 2.000000000 2
420 184 3 8192 2.000000000 2
420 188 3 8192 2.000000000 2
420 192 3 8192 2.000000000 2
420 216 3 8192 2.000000000 2
420 228 3 8192 2.000000000 2
420 236 3 8192 2.000000000 2
420 248 3 8192 2.000000000 2
420 252 3 8192 2.000000000 2
420 268 3 8192 2.000000000 2
420 344 3 8192 2.000000000 2
420 360 3 8192 2.000000000 2
420 376 3 8192 2.000000000 2
420 404 3 8192 2.000000000 2
420 412 3 8192 2.000000000 2
420 424 3 8192 2.000000000 2
420 428 3 8192 2.000000000 2
420 448 3 8192 2.000000000 2
420 476 3 8192 2.000000000 2
420 484 3 8192 2.000000000 2
420 496 3 8192 2.000000000 2
420 512 3 8192 2.000000000 2
420 520 3 8192 2.000000000 2
420 524 3 8192 2.000000000 2
420 528 3 8192 2.000000000 2
420 540 3 8192 2.000000000 2
420 556 3 8192 2.000000000 2
420 600 3 8192 2.000000000 2
420 648 3 8192 2.000000000 2
420 676 3 8192 2.000000000 2
420 692 3 8192 2.000000000 2
420 708 3 8192 2.000000000 2
420 744 3 8192 2.000000000 2
420 760 3 8192 2.000000000 2
420 764 3 8192 2.000000000 2
420 792 3 8192 2.000000000 2
420 828 3 8192 2.000000000 2
420 840 3 8192 2.000000000 2
420 876 3 8192 2.000000000 2
420 888 3 8192 2.000000000 2
420 940 3 8192 2.000000000 2
420 944 3 8192 2.000000000 2
420 964 3 8192 2.000000000 2
420 1044 3 8192 2.000000000 2
420 1056 3 8192 2.000000000 2
420 1080 3 8192 2.000000000 2
420 1084 3 8192 2.000000000 2
420 1120 3 8192 2.000000000 2
420 1124 3 8192 2.000000000 2
420 1132 3 8192 2.000000000 2
420 1136 3 8192 2.000000000 2
420 1168 3 8192 2.000000000 2
420 1180 3 8192 2.000000000 2
420 1192 3 8192 2.000000000 2
420 1220 3 8192 2.000000000 2
420 1224 3 8192 2.000000000 2
420 1248 3 8192 2.000000000 2
424 4 3 8192 2.000000000 2
424 16 3 8192 2.000000000 2
424 56 3 8192 2.000000000 2
424 84 3 8192 2.000000000 2
424 88 3 8192 2.000000000 2
424 96 3 8192 2.000000000 2
424 104 3 8192 2.000000000 2
424 120 3 8192 2.000000000 2
424 148 3 8192 2.000000000 2
424 164 3 8192 2.000000000 2
424 168 3 8192 2.000000000 2
424 176 3 8192 2.000000000 2
424 188 3 8192 2.000000000 2
424 204 3 8192 2.000000000 2
424 208 3 8192 2.000000000 2
424 236 3 8192 2.000000000 2
424 244 3 8192 2.000000000 2
424 260 3 8192 2.000000000 2
424 264 3 8192 2.000000000 2
424 288 3 8192 2.000000000 2
424 296 3 8192 2.000000000 2
424 360 3 8192 2.000000000 2
424 388 3 8192 2.000000000 2
424 400 3 8192 2.000000000 2
424 412 3 8192 2.000000000 2
424 428 3 8192 2.000000000 2
424 460 3 8192 2.000000000 2
424 472 3 8192 2.000000000 2
424 500 3 8192 2.000000000 2
424 508 3 8192 2.000000000 2
424 512 3 8192 2.000000000 2
424 516 3 8192 2.000000000 2
424 520 3 8192 2.000000000 2
424 540 3 8192 2.000000000 2
424 544 3 8192 2.000000000 2
424 608 3 8192 2.000000000 2
424 632 3 8192 2.000000000 2
424 652 3 8192 2.000000000 2
424 656 3 8192 2.000000000 2
424 684 3 8192 2.000000000 2
424 708 3 8192 2.000000000 2
424 728 3 8192 2.000000000 2
424 732 3 8192 2.000000000 2
424 760 3 8192 2.000000000 2
424 808 3 8192 2.000000000 2
424 812 3 8192 2.000000000 2
424 840 3 8192 2.000000000 2
424 848 3 8192 2.000000000 2
424 908 3 8192 2.000000000 2
424 940 3 8192 2.000000000 2
424 948 3 8192 2.000000000 2
424 1008 3 8192 2.000000000 2
424 1032 3 8192 2.000000000 2
424 1044 3 8192 2.000000000 2
424 1080 3 8192 2.000000000 2
424 1112 3 8192 2.000000000 2
424 1116 3 8192 2.000000000 2
424 1124 3 8192 2.000000000 2
424 1128 3 8192 2.000000000 2
424 1132 3 8192 2.000000000 2
424 1176 3 8192 2.000000000 2
424 1180 3 8192 2.000000000 2
424 1208 3 8192 2.000000000 2
424 1272 3 8192 2.000000000 2
428 16 3 8192 2.000000000 2
428 32 3 8192 2.000000000 2
428 52 3 8192 2.000000000 2
428 56 3 8192 2.000000000 2
428 68 3 8192 2.000000000 2
428 76 3 8192 2.000000000 2
428 120 3 8192 2.000000000 2
428 128 3 8192 2.000000000 2
428 172 3 8192 2.000000000 2
428 176 3 8192 2.000000000 2
428 220 3 8192 2.000000000 2
428 228 3 8192 2.000000000 2
428 236 3 8192 2.000000000 2
428 248 3 8192 2.000000000 2
428 260 3 8192 2.000000000 2
428 280 3 8192 2.000000000 2
428 300 3 8192 2.000000000 2
428 316 3 8192 2.000000000 2
428 344 3 8192 2.000000000 2
428 356 3 8192 2.000000000 2
428 360 3 8192 2.000000000 2
428 380 3 8192 2.000000000 2
428 384 3 8192 2.000000000 2
428 404 3 8192 2.000000000 2
428 424 3 8192 2.000000000 2
428 452 3 8192 2.000000000 2
428 496 3 8192 2.000000000 2
428 524 3 8192 2.000000000 2
428 556 3 8192 2.000000000 2
428 560 3 8192 2.000000000 2
428 576 3 8192 2.000000000 2
428 584 3 8192 2.000000000 2
428 600 3 8192 2.000000000 2
428 644 3 8192 2.000000000 2
428 652 3 8192 2.000000000 2
428 664 3 8192 2.000000000 2
428 696 3 8192 2.000000000 2
428 724 3 8192 2.000000000 2
428 752 3 8192 2.000000000 2
428 768 3 8192 2.000000000 2
428 784 3 8192 2.000000000 2
428 856 3 8192 2.000000000 2
428 900 3 8192 2.000000000 2
428 920 3 8192 2.000000000 2
428 936 3 8192 2.000000000 2
428 948 3 8192 2.000000000 2
428 980 3 8192 2.000000000 2
428 988 3 8192 2.000000000 2
428 1008 3 8192 2.000000000 2
428 1056 3 8192 2.000000000 2
428 1076 3 8192 2.000000000 2
428 1080 3 8192 2.000000000 2
428 1104 3 8192 2.000000000 2
428 1120 3 8192 2.000000000 2
428 1124 3 8192 2.000000000 2
428 1128 3 8192 2.000000000 2
428 1136 3 8192 2.000000000 2
428 1164 3 8192 2.000000000 2
428 1180 3 8192 2.000000000 2
428 1192 3 8192 2.000000000 2
428 1204 3 8192 2.000000000 2
428 1208 3 8192 2.000000000 2
428 1224 3 8192 2.000000000 2
428 1244 3 8192 2.000000000 2
436 28 3 8192 2.000000000 2
436 32 3 8192 2.000000000 2
436 44 3 8192 2.000000000 2
436 64 3 8192 2.000000000 2
436 72 3 8192 2.000000000 2
436 104 3 8192 2.000000000 2
436 108 3 8192 2.000000000 2
436 120 3 8192 2.000000000 2
436 156 3 8192 2.000000000 2
436 168 3 8192 2.000000000 2
436 188 3 8192 2.000000000 2
436 196 3 8192 2.000000000 2
436 236 3 8192 2.000000000 2
436 244 3 8192 2.000000000 2
436 252 3 8192 2.000000000 2
436 304 3 8192 2.000000000 2
436 360 3 8192 2.000000000 2
436 376 3 8192 2.000000000 2
436 412 3 8192 2.000000000 2
436 428 3 8192 2.000000000 2
436 448 3 8192 2.000000000 2
436 452 3 8192 2.000000000 2
436 508 3 8192 2.000000000 2
436 524 3 8192 2.000000000 2
436 536 3 8192 2.000000000 2
436 540 3 8192 2.000000000 2
436 544 3 8192 2.000000000 2
436 548 3 8192 2.000000000 2
436 556 3 8192 2.000000000 2
436 576 3 8192 2.000000000 2
436 580 3 8192 2.000000000 2
436 592 3 8192 2.000000000 2
436 656 3 8192 2.000000000 2
436 660 3 8192 2.000000000 2
436 664 3 8192 2.000000000 2
436 676 3 8192 2.000000000 2
436 700 3 8192 2.000000000 2
436 708 3 8192 2.000000000 2
436 712 3 8192 2.000000000 2
436 716 3 8192 2.000000000 2
436 724 3 8192 2.000000000 2
436 728 3 8192 2.000000000 2
436 736 3 8192 2.000000000 2
436 788 3 8192 2.000000000 2
436 808 3 8192 2.000000000 2
436 828 3 8192 2.000000000 2
436 848 3 8192 2.000000000 2
436 860 3 8192 2.000000000 2
436 868 3 8192 2.000000000 2
436 900 3 8192 2.000000000 2
436 908 3 8192 2.000000000 2
436 952 3 8192 2.000000000 2
436 988 3 8192 2.000000000 2
436 1020 3 8192 2.000000000 2
436 1032 3 8192 2.000000000 2
436 1048 3 8192 2.000000000 2
436 1056 3 8192 2.000000000 2
436 1072 3 8192 2.000000000 2
436 1136 3 8192 2.000000000 2
436 1148 3 8192 2.000000000 2
436 1180 3 8192 2.000000000 2
436 1184 3 8192 2.000000000 2
436 1212 3 8192 2.000000000 2
436 1256 3 8192 2.000000000 2
440 20 3 8192 2.000000000 2
440 24 3 8192 2.000000000 2
440 28 3 8192 2.000000000 2
440 36 3 8192 2.000000000 2
440 108 3 8192 2.000000000 2
440 124 3 8192 2.000000000 2
440 152 3 8192 2.000000000 2
440 168 3 8192 2.000000000 2
440 172 3 8192 2.000000000 2
440 232 3 8192 2.000000000 2
440 240 3 8192 2.000000000 2
440 264 3 8192 2.000000000 2
440 280 3 8192 2.000000000 2
440 284 3 8192 2.000000000 2
440 288 3 8192 2.000000000 2
440 296 3 8192 2.000000000 2
440 312 3 8192 2.000000000 2
440 316 3 8192 2.000000000 2
440 320 3 8192 2.000000000 2
440 356 3 8192 2.000000000 2
440 416 3 8192 2.000000000 2
440 420 3 8192 2.000000000 2
440 424 3 8192 2.000000000 2
440 472 3 8192 2.000000000 2
440 516 3 8192 2.000000000 2
440 524 3 8192 2.000000000 2
440 536 3 8192 2.000000000 2
440 540 3 8192 2.000000000 2
440 548 3 8192 2.000000000 2
440 560 3 8192 2.000000000 2
440 564 3 8192 2.000000000 2
440 616 3 8192 2.000000000 2
440 692 3 8192 2.000000000 2
440 712 3 8192 2.000000000 2
440 724 3 8192 2.000000000 2
440 736 3 8192 2.000000000 2
440 752 3 8192 2.000000000 2
440 756 3 8192 2.000000000 2
440 776 3 8192 2.000000000 2
440 788 3 8192 2.000000000 2
440 816 3 8192 2.000000000 2
440 848 3 8192 2.000000000 2
440 852 3 8192 2.000000000 2
440 876 3 8192 2.000000000 2
440 880 3 8192 2.000000000 2
440 888 3 8192 2.000000000 2
440 908 3 8192 2.000000000 2
440 936 3 8192 2.000000000 2
440 944 3 8192 2.000000000 2
440 964 3 8192 2.000000000 2
440 992 3 8192 2.000000000 2
440 1012 3 8192 2.000000000 2
440 1044 3 8192 2.000000000 2
440 1048 3 8192 2.000000000 2
440 1100 3 8192 2.000000000 2
440 1112 3 8192 2.000000000 2
440 1132 3 8192 2.000000000 2
440 1136 3 8192 2.000000000 2
440 1156 3 8192 2.000000000 2
440 1200 3 8192 2.000000000 2
440 1204 3 8192 2.000000000 2
440 1216 3 8192 2.000000000 2
440 1256 3 8192 2.000000000 2
440 1272 3 8192 2.000000000 2
444 12 3 8192 2.000000000 2
444 32 3 8192 2.000000000 2
444 40 3 8192 2.000000000 2
444 44 3 8192 2.000000000 2
444 48 3 8192 2.000000000 2
444 152 3 8192 2.000000000 2
444 156 3 8192 2.000000000 2
444 184 3 8192 2.000000000 2
444 188 3 8192 2.000000000 2
444 204 3 8192 2.000000000 2
444 244 3 8192 2.000000000 2
444 248 3 8192 2.000000000 2
444 272 3 8192 2.000000000 2
444 280 3 8192 2.000000000 2
444 292 3 8192 2.000000000 2
444 296 3 8192 2.000000000 2
444 300 3 8192 2.000000000 2
444 336 3 8192 2.000000000 2
444 360 3 8192 2.000000000 2
444 364 3 8192 2.000000000 2
444 388 3 8192 2.000000000 2
444 396 3 8192 2.000000000 2
444 420 3 8192 2.000000000 2
444 440 3 8192 2.000000000 2
444 452 3 8192 2.000000000 2
444 460 3 8192 2.000000000 2
444 468 3 8192 2.000000000 2
444 516 3 8192 2.000000000 2
444 524 3 8192 2.000000000 2
444 544 3 8192 2.000000000 2
444 556 3 8192 2.000000000 2
444 608 3 8192 2.000000000 2
444 612 3 8192 2.000000000 2
444 628 3 8192 2.000000000 2
444 676 3 8192 2.000000000 2
444 684 3 8192 2.000000000 2
444 700 3 8192 2.000000000 2
444 716 3 8192 2.000000000 2
444 720 3 8192 2.000000000 2
444 736 3 8192 2.000000000 2
444 756 3 8192 2.000000000 2
444 776 3 8192 2.000000000 2
444 808 3 8192 2.000000000 2
444 816 3 8192 2.000000000 2
444 856 3 8192 2.000000000 2
444 864 3 8192 2.000000000 2
444 868 3 8192 2.000000000 2
444 876 3 8192 2.000000000 2
444 880 3 8192 2.000000000 2
444 888 3 8192 2.000000000 2
444 892 3 8192 2.000000000 2
444 904 3 8192 2.000000000 2
444 952 3 8192 2.000000000 2
444 1020 3 8192 2.000000000 2
444 1036 3 8192 2.000000000 2
444 1068 3 8192 2.000000000 2
444 1072 3 8192 2.000000000 2
444 1084 3 8192 2.000000000 2
444 1108 3 8192 2.000000000 2
444 1128 3 8192 2.000000000 2
444 1160 3 8192 2.000000000 2
444 1192 3 8192 2.000000000 2
444 1208 3 8192 2.000000000 2
444 1244 3 8192 2.000000000 2
448 4 3 8192 2.000000000 2
448 32 3 8192 2.000000000 2
448 40 3 8192 2.000000000 2
448 56 3 8192 2.000000000 2
448 68 3 8192 2.000000000 2
448 72 3 8192 2.000000000 2
448 84 3 8192 2.000000000 2
448 88 3 8192 2.000000000 2
448 112 3 8192 2.000000000 2
448 120 3 8192 2.000000000 2
448 128 3 8192 2.000000000 2
448 164 3 8192 2.000000000 2
448 176 3 8192 2.000000000 2
448 220 3 8192 2.000000000 2
448 228 3 8192 2.000000000 2
448 264 3 8192 2.000000000 2
448 268 3 8192 2.000000000 2
448 296 3 8192 2.000000000 2
448 320 3 8192 2.000000000 2
448 336 3 8192 2.000000000 2
448 352 3 8192 2.000000000 2
448 384 3 8192 2.000000000 2
448 424 3 8192 2.000000000 2
448 452 3 8192 2.000000000 2
448 536 3 8192 2.000000000 2
448 548 3 8192 2.000000000 2
448 584 3 8192 2.000000000 2
448 612 3 8192 2.000000000 2
448 628 3 8192 2.000000000 2
448 632 3 8192 2.000000000 2
448 664 3 8192 2.000000000 2
448 700 3 8192 2.000000000 2
448 728 3 8192 2.000000000 2
448 736 3 8192 2.000000000 2
448 744 3 8192 2.000000000 2
448 748 3 8192 2.000000000 2
448 776 3 8192 2.000000000 2
448 828 3 8192 2.000000000 2
448 840 3 8192 2.000000000 2
448 848 3 8192 2.000000000 2
448 852 3 8192 2.000000000 2
448 900 3 8192 2.000000000 2
448 904 3 8192 2.000000000 2
448 932 3 8192 2.000000000 2
448 948 3 8192 2.000000000 2
448 964 3 8192 2.000000000 2
448 972 3 8192 2.000000000 2
448 984 3 8192 2.000000000 2
448 1040 3 8192 2.000000000 2
448 1048 3 8192 2.000000000 2
448 1056 3 8192 2.000000000 2
448 1068 3 8192 2.000000000 2
448 1076 3 8192 2.000000000 2
448 1080 3 8192 2.000000000 2
448 1100 3 8192 2.000000000 2
448 1104 3 8192 2.000000000 2
448 1136 3 8192 2.000000000 2
448 1168 3 8192 2.000000000 2
448 1172 3 8192 2.000000000 2
448 1180 3 8192 2.000000000 2
448 1196 3 8192 2.000000000 2
448 1212 3 8192 2.000000000 2
448 1216 3 8192 2.000000000 2
448 1272 3 8192 2.000000000 2
452 8 3 8192 2.000000000 2
452 28 3 8192 2.000000000 2
452 40 3 8192 2.000000000 2
452 52 3 8192 2.000000000 2
452 64 3 8192 2.000000000 2
452 100 3 8192 2.000000000 2
452 128 3 8192 2.000000000 2
452 148 3 8192 2.000000000 2
452 168 3 8192 2.000000000 2
452 180 3 8192 2.000000000 2
452 188 3 8192 2.000000000 2
452 232 3 8192 2.000000000 2
452 236 3 8192 2.000000000 2
452 244 3 8192 2.000000000 2
452 276 3 8192 2.000000000 2
452 292 3 8192 2.000000000 2
452 296 3 8192 2.000000000 2
452 312 3 8192 2.000000000 2
452 316 3 8192 2.000000000 2
452 344 3 8192 2.000000000 2
452 384 3 8192 2.000000000 2
452 420 3 8192 2.000000000 2
452 436 3 8192 2.000000000 2
452 524 3 8192 2.000000000 2
452 528 3 8192 2.000000000 2
452 548 3 8192 2.000000000 2
452 580 3 8192 2.000000000 2
452 596 3 8192 2.000000000 2
452 624 3 8192 2.000000000 2
452 628 3 8192 2.000000000 2
452 632 3 8192 2.000000000 2
452 720 3 8192 2.000000000 2
452 748 3 8192 2.000000000 2
452 756 3 8192 2.000000000 2
452 808 3 8192 2.000000000 2
452 828 3 8192 2.000000000 2
452 864 3 8192 2.000000000 2
452 888 3 8192 2.000000000 2
452 892 3 8192 2.000000000 2
452 896 3 8192 2.000000000 2
452 920 3 8192 2.000000000 2
452 932 3 8192 2.000000000 2
452 944 3 8192 2.000000000 2
452 948 3 8192 2.000000000 2
452 952 3 8192 2.000000000 2
452 964 3 8192 2.000000000 2
452 984 3 8192 2.000000000 2
452 992 3 8192 2.000000000 2
452 1008 3 8192 2.000000000 2
452 1012 3 8192 2.000000000 2
452 1044 3 8192 2.000000000 2
452 1056 3 8192 2.000000000 2
452 1080 3 8192 2.000000000 2
452 1100 3 8192 2.000000000 2
452 1116 3 8192 2.000000000 2
452 1120 3 8192 2.000000000 2
452 1136 3 8192 2.000000000 2
452 1192 3 8192 2.000000000 2
452 1196 3 8192 2.000000000 2
452 1200 3 8192 2.000000000 2
452 1204 3 8192 2.000000000 2
452 1216 3 8192 2.000000000 2
452 1228 3 8192 2.000000000 2
452 1256 3 8192 2.000000000 2
460 8 3 8192 2.000000000 2
460 12 3 8192 2.000000000 2
460 24 3 8192 2.000000000 2
460 44 3 8192 2.000000000 2
460 72 3 8192 2.000000000 2
460 76 3 8192 2.000000000 2
460 108 3 8192 2.000000000 2
460 148 3 8192 2.000000000 2
460 228 3 8192 2.000000000 2
460 232 3 8192 2.000000000 2
460 240 3 8192 2.000000000 2
460 248 3 8192 2.000000000 2
460 276 3 8192 2.000000000 2
460 284 3 8192 2.000000000 2
460 296 3 8192 2.000000000 2
460 320 3 8192 2.000000000 2
460 328 3 8192 2.000000000 2
460 336 3 8192 2.000000000 2
460 344 3 8192 2.000000000 2
460 380 3 8192 2.000000000 2
460 384 3 8192 2.000000000 2
460 392 3 8192 2.000000000 2
460 412 3 8192 2.000000000 2
460 420 3 8192 2.000000000 2
460 428 3 8192 2.000000000 2
460 440 3 8192 2.000000000 2
460 468 3 8192 2.000000000 2
460 480 3 8192 2.000000000 2
460 564 3 8192 2.000000000 2
460 596 3 8192 2.000000000 2
460 612 3 8192 2.000000000 2
460 624 3 8192 2.000000000 2
460 648 3 8192 2.000000000 2
460 684 3 8192 2.000000000 2
460 688 3 8192 2.000000000 2
460 700 3 8192 2.000000000 2
460 724 3 8192 2.000000000 2
460 736 3 8192 2.000000000 2
460 764 3 8192 2.000000000 2
460 852 3 8192 2.000000000 2
460 860 3 8192 2.000000000 2
460 864 3 8192 2.000000000 2
460 888 3 8192 2.000000000 2
460 892 3 8192 2.000000000 2
460 896 3 8192 2.000000000 2
460 920 3 8192 2.000000000 2
460 940 3 8192 2.000000000 2
460 944 3 8192 2.000000000 2
460 952 3 8192 2.000000000 2
460 972 3 8192 2.000000000 2
460 1036 3 8192 2.000000000 2
460 1048 3 8192 2.000000000 2
460 1092 3 8192 2.000000000 2
460 1108 3 8192 2.000000000 2
460 1112 3 8192 2.000000000 2
460 1132 3 8192 2.000000000 2
460 1156 3 8192 2.000000000 2
460 1172 3 8192 2.000000000 2
460 1200 3 8192 2.000000000 2
460 1204 3 8192 2.000000000 2
460 1212 3 8192 2.000000000 2
460 1216 3 8192 2.000000000 2
460 1244 3 8192 2.000000000 2
460 1256 3 8192 2.000000000 2
468 8 3 8192 2.000000000 2
468 32 3 8192 2.000000000 2
468 40 3 8192 2.000000000 2
468 64 3 8192 2.000000000 2
468 76 3 8192 2.000000000 2
468 88 3 8192 2.000000000 2
468 108 3 8192 2.000000000 2
468 120 3 8192 2.000000000 2
468 168 3 8192 2.000000000 2
468 192 3 8192 2.000000000 2
468 228 3 8192 2.000000000 2
468 232 3 8192 2.000000000 2
468 252 3 8192 2.000000000 2
468 260 3 8192 2.000000000 2
468 264 3 8192 2.000000000 2
468 268 3 8192 2.000000000 2
468 328 3 8192 2.000000000 2
468 332 3 8192 2.000000000 2
468 352 3 8192 2.000000000 2
468 364 3 8192 2.000000000 2
468 388 3 8192 2.000000000 2
468 392 3 8192 2.000000000 2
468 396 3 8192 2.000000000 2
468 400 3 8192 2.000000000 2
468 412 3 8192 2.000000000 2
468 428 3 8192 2.000000000 2
468 440 3 8192 2.000000000 2
468 452 3 8192 2.000000000 2
468 476 3 8192 2.000000000 2
468 480 3 8192 2.000000000 2
468 536 3 8192 2.000000000 2
468 640 3 8192 2.000000000 2
468 648 3 8192 2.000000000 2
468 656 3 8192 2.000000000 2
468 660 3 8192 2.000000000 2
468 676 3 8192 2.000000000 2
468 692 3 8192 2.000000000 2
468 696 3 8192 2.000000000 2
468 708 3 8192 2.000000000 2
468 716 3 8192 2.000000000 2
468 728 3 8192 2.000000000 2
468 756 3 8192 2.000000000 2
468 784 3 8192 2.000000000 2
468 840 3 8192 2.000000000 2
468 848 3 8192 2.000000000 2
468 856 3 8192 2.000000000 2
468 888 3 8192 2.000000000 2
468 900 3 8192 2.000000000 2
468 904 3 8192 2.000000000 2
468 948 3 8192 2.000000000 2
468 964 3 8192 2.000000000 2
468 972 3 8192 2.000000000 2
468 1012 3 8192 2.000000000 2
468 1044 3 8192 2.000000000 2
468 1048 3 8192 2.000000000 2
468 1056 3 8192 2.000000000 2
468 1068 3 8192 2.000000000 2
468 1072 3 8192 2.000000000 2
468 1076 3 8192 2.000000000 2
468 1104 3 8192 2.000000000 2
468 1164 3 8192 2.000000000 2
468 1172 3 8192 2.000000000 2
468 1196 3 8192 2.000000000 2
468 1216 3 8192 2.000000000 2
472 56 3 8192 2.000000000 2
472 64 3 8192 2.000000000 2
472 72 3 8192 2.000000000 2
472 112 3 8192 2.000000000 2
472 128 3 8192 2.000000000 2
472 152 3 8192 2.000000000 2
472 156 3 8192 2.000000000 2
472 164 3 8192 2.000000000 2
472 208 3 8192 2.000000000 2
472 224 3 8192 2.000000000 2
472 228 3 8192 2.000000000 2
472 252 3 8192 2.000000000 2
472 320 3 8192 2.000000000 2
472 328 3 8192 2.000000000 2
472 332 3 8192 2.000000000 2
472 352 3 8192 2.000000000 2
472 360 3 8192 2.000000000 2
472 388 3 8192 2.000000000 2
472 404 3 8192 2.000000000 2
472 412 3 8192 2.000000000 2
472 416 3 8192 2.000000000 2
472 428 3 8192 2.000000000 2
472 448 3 8192 2.000000000 2
472 460 3 8192 2.000000000 2
472 468 3 8192 2.000000000 2
472 476 3 8192 2.000000000 2
472 536 3 8192 2.000000000 2
472 548 3 8192 2.000000000 2
472 608 3 8192 2.000000000 2
472 612 3 8192 2.000000000 2
472 632 3 8192 2.000000000 2
472 688 3 8192 2.000000000 2
472 712 3 8192 2.000000000 2
472 744 3 8192 2.000000000 2
472 756 3 8192 2.000000000 2
472 812 3 8192 2.000000000 2
472 816 3 8192 2.000000000 2
472 836 3 8192 2.000000000 2
472 840 3 8192 2.000000000 2
472 852 3 8192 2.000000000 2
472 864 3 8192 2.000000000 2
472 892 3 8192 2.000000000 2
472 904 3 8192 2.000000000 2
472 972 3 8192 2.000000000 2
472 984 3 8192 2.000000000 2
472 996 3 8192 2.000000000 2
472 1008 3 8192 2.000000000 2
472 1020 3 8192 2.000000000 2
472 1040 3 8192 2.000000000 2
472 1044 3 8192 2.000000000 2
472 1100 3 8192 2.000000000 2
472 1112 3 8192 2.000000000 2
472 1116 3 8192 2.000000000 2
472 1120 3 8192 2.000000000 2
472 1132 3 8192 2.000000000 2
472 1184 3 8192 2.000000000 2
472 1196 3 8192 2.000000000 2
472 1200 3 8192 2.000000000 2
472 1204 3 8192 2.000000000 2
472 1208 3 8192 2.000000000 2
472 1236 3 8192 2.000000000 2
472 1256 3 8192 2.000000000 2
472 1264 3 8192 2.000000000 2
472 1272 3 8192 2.000000000 2
476 4 3 8192 2.000000000 2
476 36 3 8192 2.000000000 2
476 56 3 8192 2.000000000 2
476 92 3 8192 2.000000000 2
476 100 3 8192 2.000000000 2
476 148 3 8192 2.000000000 2
476 164 3 8192 2.000000000 2
476 188 3 8192 2.000000000 2
476 224 3 8192 2.000000000 2
476 232 3 8192 2.000000000 2
476 244 3 8192 2.000000000 2
476 252 3 8192 2.000000000 2
476 288 3 8192 2.000000000 2
476 292 3 8192 2.000000000 2
476 308 3 8192 2.000000000 2
476 336 3 8192 2.000000000 2
476 348 3 8192 2.000000000 2
476 360 3 8192 2.000000000 2
476 384 3 8192 2.000000000 2
476 392 3 8192 2.000000000 2
476 412 3 8192 2.000000000 2
476 416 3 8192 2.000000000 2
476 424 3 8192 2.000000000 2
476 512 3 8192 2.000000000 2
476 516 3 8192 2.000000000 2
476 528 3 8192 2.000000000 2
476 536 3 8192 2.000000000 2
476 556 3 8192 2.000000000 2
476 576 3 8192 2.000000000 2
476 584 3 8192 2.000000000 2
476 612 3 8192 2.000000000 2
476 616 3 8192 2.000000000 2
476 624 3 8192 2.000000000 2
476 628 3 8192 2.000000000 2
476 632 3 8192 2.000000000 2
476 656 3 8192 2.000000000 2
476 664 3 8192 2.000000000 2
476 684 3 8192 2.000000000 2
476 688 3 8192 2.000000000 2
476 704 3 8192 2.000000000 2
476 712 3 8192 2.000000000 2
476 724 3 8192 2.000000000 2
476 732 3 8192 2.000000000 2
476 760 3 8192 2.000000000 2
476 776 3 8192 2.000000000 2
476 812 3 8192 2.000000000 2
476 816 3 8192 2.000000000 2
476 840 3 8192 2.000000000 2
476 868 3 8192 2.000000000 2
476 876 3 8192 2.000000000 2
476 900 3 8192 2.000000000 2
476 908 3 8192 2.000000000 2
476 920 3 8192 2.000000000 2
476 940 3 8192 2.000000000 2
476 980 3 8192 2.000000000 2
476 996 3 8192 2.000000000 2
476 1048 3 8192 2.000000000 2
476 1056 3 8192 2.000000000 2
476 1076 3 8192 2.000000000 2
476 1184 3 8192 2.000000000 2
476 1192 3 8192 2.000000000 2
476 1204 3 8192 2.000000000 2
476 1216 3 8192 2.000000000 2
476 1272 3 8192 2.000000000 2
480 4 3 8192 2.000000000 2
480 24 3 8192 2.000000000 2
480 28 3 8192 2.000000000 2
480 32 3 8192 2.000000000 2
480 36 3 8192 2.000000000 2
480 44 3 8192 2.000000000 2
480 56 3 8192 2.000000000 2
480 84 3 8192 2.000000000 2
480 104 3 8192 2.000000000 2
480 112 3 8192 2.000000000 2
480 116 3 8192 2.000000000 2
480 148 3 8192 2.000000000 2
480 180 3 8192 2.000000000 2
480 188 3 8192 2.000000000 2
480 196 3 8192 2.000000000 2
480 204 3 8192 2.000000000 2
480 224 3 8192 2.000000000 2
480 232 3 8192 2.000000000 2
480 236 3 8192 2.000000000 2
480 260 3 8192 2.000000000 2
480 268 3 8192 2.000000000 2
480 272 3 8192 2.000000000 2
480 284 3 8192 2.000000000 2
480 292 3 8192 2.000000000 2
480 344 3 8192 2.000000000 2
480 384 3 8192 2.000000000 2
480 404 3 8192 2.000000000 2
480 428 3 8192 2.000000000 2
480 440 3 8192 2.000000000 2
480 468 3 8192 2.000000000 2
480 496 3 8192 2.000000000 2
480 512 3 8192 2.000000000 2
480 516 3 8192 2.000000000 2
480 524 3 8192 2.000000000 2
480 528 3 8192 2.000000000 2
480 560 3 8192 2.000000000 2
480 580 3 8192 2.000000000 2
480 600 3 8192 2.000000000 2
480 640 3 8192 2.000000000 2
480 700 3 8192 2.000000000 2
480 712 3 8192 2.000000000 2
480 732 3 8192 2.000000000 2
480 756 3 8192 2.000000000 2
480 776 3 8192 2.000000000 2
480 840 3 8192 2.000000000 2
480 852 3 8192 2.000000000 2
480 868 3 8192 2.000000000 2
480 904 3 8192 2.000000000 2
480 908 3 8192 2.000000000 2
480 940 3 8192 2.000000000 2
480 944 3 8192 2.000000000 2
480 980 3 8192 2.000000000 2
480 984 3 8192 2.000000000 2
480 996 3 8192 2.000000000 2
480 1020 3 8192 2.000000000 2
480 1056 3 8192 2.000000000 2
480 1124 3 8192 2.000000000 2
480 1136 3 8192 2.000000000 2
480 1164 3 8192 2.000000000 2
480 1180 3 8192 2.000000000 2
480 1204 3 8192 2.000000000 2
480 1208 3 8192 2.000000000 2
480 1236 3 8192 2.000000000 2
480 1244 3 8192 2.000000000 2
484 4 3 8192 2.000000000 2
484 8 3 8192 2.000000000 2
484 28 3 8192 2.000000000 2
484 52 3 8192 2.000000000 2
484 96 3 8192 2.000000000 2
484 108 3 8192 2.000000000 2
484 112 3 8192 2.000000000 2
484 132 3 8192 2.000000000 2
484 152 3 8192 2.000000000 2
484 176 3 8192 2.000000000 2
484 192 3 8192 2.000000000 2
484 216 3 8192 2.000000000 2
484 224 3 8192 2.000000000 2
484 236 3 8192 2.000000000 2
484 264 3 8192 2.000000000 2
484 280 3 8192 2.000000000 2
484 308 3 8192 2.000000000 2
484 336 3 8192 2.000000000 2
484 344 3 8192 2.000000000 2
484 364 3 8192 2.000000000 2
484 376 3 8192 2.000000000 2
484 412 3 8192 2.000000000 2
484 428 3 8192 2.000000000 2
484 460 3 8192 2.000000000 2
484 476 3 8192 2.000000000 2
484 480 3 8192 2.000000000 2
484 516 3 8192 2.000000000 2
484 536 3 8192 2.000000000 2
484 580 3 8192 2.000000000 2
484 584 3 8192 2.000000000 2
484 616 3 8192 2.000000000 2
484 636 3 8192 2.000000000 2
484 644 3 8192 2.000000000 2
484 660 3 8192 2.000000000 2
484 664 3 8192 2.000000000 2
484 668 3 8192 2.000000000 2
484 676 3 8192 2.000000000 2
484 684 3 8192 2.000000000 2
484 704 3 8192 2.000000000 2
484 720 3 8192 2.000000000 2
484 728 3 8192 2.000000000 2
484 760 3 8192 2.000000000 2
484 764 3 8192 2.000000000 2
484 812 3 8192 2.000000000 2
484 816 3 8192 2.000000000 2
484 828 3 8192 2.000000000 2
484 868 3 8192 2.000000000 2
484 888 3 8192 2.000000000 2
484 936 3 8192 2.000000000 2
484 964 3 8192 2.000000000 2
484 984 3 8192 2.000000000 2
484 992 3 8192 2.000000000 2
484 1008 3 8192 2.000000000 2
484 1040 3 8192 2.000000000 2
484 1044 3 8192 2.000000000 2
484 1052 3 8192 2.000000000 2
484 1072 3 8192 2.000000000 2
484 1116 3 8192 2.000000000 2
484 1132 3 8192 2.000000000 2
484 1168 3 8192 2.000000000 2
484 1196 3 8192 2.000000000 2
484 1204 3 8192 2.000000000 2
484 1228 3 8192 2.000000000 2
484 1236 3 8192 2.000000000 2
496 4 3 8192 2.000000000 2
496 20 3 8192 2.000000000 2
496 24 3 8192 2.000000000 2
496 40 3 8192 2.000000000 2
496 52 3 8192 2.000000000 2
496 64 3 8192 2.000000000 2
496 92 3 8192 2.000000000 2
496 104 3 8192 2.000000000 2
496 108 3 8192 2.000000000 2
496 112 3 8192 2.000000000 2
496 116 3 8192 2.000000000 2
496 148 3 8192 2.000000000 2
496 164 3 8192 2.000000000 2
496 172 3 8192 2.000000000 2
496 184 3 8192 2.000000000 2
496 188 3 8192 2.000000000 2
496 216 3 8192 2.000000000 2
496 224 3 8192 2.000000000 2
496 240 3 8192 2.000000000 2
496 252 3 8192 2.000000000 2
496 300 3 8192 2.000000000 2
496 308 3 8192 2.000000000 2
496 316 3 8192 2.000000000 2
496 376 3 8192 2.000000000 2
496 380 3 8192 2.000000000 2
496 384 3 8192 2.000000000 2
496 388 3 8192 2.000000000 2
496 416 3 8192 2.000000000 2
496 452 3 8192 2.000000000 2
496 468 3 8192 2.000000000 2
496 472 3 8192 2.000000000 2
496 476 3 8192 2.000000000 2
496 480 3 8192 2.000000000 2
496 500 3 8192 2.000000000 2
496 508 3 8192 2.000000000 2
496 512 3 8192 2.000000000 2
496 524 3 8192 2.000000000 2
496 536 3 8192 2.000000000 2
496 544 3 8192 2.000000000 2
496 556 3 8192 2.000000000 2
496 564 3 8192 2.000000000 2
496 600 3 8192 2.000000000 2
496 640 3 8192 2.000000000 2
496 684 3 8192 2.000000000 2
496 724 3 8192 2.000000000 2
496 748 3 8192 2.000000000 2
496 752 3 8192 2.000000000 2
496 756 3 8192 2.000000000 2
496 760 3 8192 2.000000000 2
496 788 3 8192 2.000000000 2
496 808 3 8192 2.000000000 2
496 900 3 8192 2.000000000 2
496 980 3 8192 2.000000000 2
496 1036 3 8192 2.000000000 2
496 1068 3 8192 2.000000000 2
496 1080 3 8192 2.000000000 2
496 1100 3 8192 2.000000000 2
496 1104 3 8192 2.000000000 2
496 1128 3 8192 2.000000000 2
496 1132 3 8192 2.000000000 2
496 1160 3 8192 2.000000000 2
496 1200 3 8192 2.000000000 2
496 1208 3 8192 2.000000000 2
496 1244 3 8192 2.000000000 2
500 20 3 8192 2.000000000 2
500 92 3 8192 2.000000000 2
500 116 3 8192 2.000000000 2
500 132 3 8192 2.000000000 2
500 136 3 8192 2.000000000 2
500 164 3 8192 2.000000000 2
500 188 3 8192 2.000000000 2
500 192 3 8192 2.000000000 2
500 228 3 8192 2.000000000 2
500 240 3 8192 2.000000000 2
500 248 3 8192 2.000000000 2
500 280 3 8192 2.000000000 2
500 296 3 8192 2.000000000 2
500 300 3 8192 2.000000000 2
500 312 3 8192 2.000000000 2
500 328 3 8192 2.000000000 2
500 336 3 8192 2.000000000 2
500 344 3 8192 2.000000000 2
500 384 3 8192 2.000000000 2
500 396 3 8192 2.000000000 2
500 404 3 8192 2.000000000 2
500 412 3 8192 2.000000000 2
500 420 3 8192 2.000000000 2
500 428 3 8192 2.000000000 2
500 436 3 8192 2.000000000 2
500 440 3 8192 2.000000000 2
500 444 3 8192 2.000000000 2
500 460 3 8192 2.000000000 2
500 468 3 8192 2.000000000 2
500 508 3 8192 2.000000000 2
500 512 3 8192 2.000000000 2
500 520 3 8192 2.000000000 2
500 540 3 8192 2.000000000 2
500 580 3 8192 2.000000000 2
500 616 3 8192 2.000000000 2
500 628 3 8192 2.000000000 2
500 644 3 8192 2.000000000 2
500 704 3 8192 2.000000000 2
500 724 3 8192 2.000000000 2
500 744 3 8192 2.000000000 2
500 752 3 8192 2.000000000 2
500 760 3 8192 2.000000000 2
500 764 3 8192 2.000000000 2
500 808 3 8192 2.000000000 2
500 812 3 8192 2.000000000 2
500 816 3 8192 2.000000000 2
500 852 3 8192 2.000000000 2
500 868 3 8192 2.000000000 2
500 876 3 8192 2.000000000 2
500 920 3 8192 2.000000000 2
500 940 3 8192 2.000000000 2
500 996 3 8192 2.000000000 2
500 1020 3 8192 2.000000000 2
500 1024 3 8192 2.000000000 2
500 1040 3 8192 2.000000000 2
500 1048 3 8192 2.000000000 2
500 1052 3 8192 2.000000000 2
500 1068 3 8192 2.000000000 2
500 1104 3 8192 2.000000000 2
500 1112 3 8192 2.000000000 2
500 1132 3 8192 2.000000000 2
500 1164 3 8192 2.000000000 2
500 1184 3 8192 2.000000000 2
500 1220 3 8192 2.000000000 2
508 36 3 8192 2.000000000 2
508 72 3 8192 2.000000000 2
508 92 3 8192 2.000000000 2
508 104 3 8192 2.000000000 2
508 136 3 8192 2.000000000 2
508 172 3 8192 2.000000000 2
508 176 3 8192 2.000000000 2
508 208 3 8192 2.000000000 2
508 276 3 8192 2.000000000 2
508 300 3 8192 2.000000000 2
508 384 3 8192 2.000000000 2
508 388 3 8192 2.000000000 2
508 396 3 8192 2.000000000 2
508 404 3 8192 2.000000000 2
508 452 3 8192 2.000000000 2
508 500 3 8192 2.000000000 2
508 516 3 8192 2.000000000 2
508 520 3 8192 2.000000000 2
508 528 3 8192 2.000000000 2
508 540 3 8192 2.000000000 2
508 548 3 8192 2.000000000 2
508 556 3 8192 2.000000000 2
508 584 3 8192 2.000000000 2
508 608 3 8192 2.000000000 2
508 656 3 8192 2.000000000 2
508 660 3 8192 2.000000000 2
508 664 3 8192 2.000000000 2
508 684 3 8192 2.000000000 2
508 688 3 8192 2.000000000 2
508 692 3 8192 2.000000000 2
508 696 3 8192 2.000000000 2
508 700 3 8192 2.000000000 2
508 708 3 8192 2.000000000 2
508 752 3 8192 2.000000000 2
508 784 3 8192 2.000000000 2
508 796 3 8192 2.000000000 2
508 868 3 8192 2.000000000 2
508 892 3 8192 2.000000000 2
508 896 3 8192 2.000000000 2
508 900 3 8192 2.000000000 2
508 904 3 8192 2.000000000 2
508 920 3 8192 2.000000000 2
508 936 3 8192 2.000000000 2
508 940 3 8192 2.000000000 2
508 964 3 8192 2.000000000 2
508 984 3 8192 2.000000000 2
508 1012 3 8192 2.000000000 2
508 1032 3 8192 2.000000000 2
508 1040 3 8192 2.000000000 2
508 1044 3 8192 2.000000000 2
508 1052 3 8192 2.000000000 2
508 1076 3 8192 2.000000000 2
508 1104 3 8192 2.000000000 2
508 1124 3 8192 2.000000000 2
508 1128 3 8192 2.000000000 2
508 1132 3 8192 2.000000000 2
508 1156 3 8192 2.000000000 2
508 1168 3 8192 2.000000000 2
508 1176 3 8192 2.000000000 2
508 1192 3 8192 2.000000000 2
508 1196 3 8192 2.000000000 2
508 1216 3 8192 2.000000000 2
508 1228 3 8192 2.000000000 2
508 1264 3 8192 2.000000000 2
512 8 3 8192 2.000000000 2
512 132 3 8192 2.000000000 2
512 136 3 8192 2.000000000 2
512 148 3 8192 2.000000000 2
512 164 3 8192 2.000000000 2
512 168 3 8192 2.000000000 2
512 188 3 8192 2.000000000 2
512 216 3 8192 2.000000000 2
512 228 3 8192 2.000000000 2
512 248 3 8192 2.000000000 2
512 264 3 8192 2.000000000 2
512 272 3 8192 2.000000000 2
512 292 3 8192 2.000000000 2
512 300 3 8192 2.000000000 2
512 304 3 8192 2.000000000 2
512 316 3 8192 2.000000000 2
512 320 3 8192 2.000000000 2
512 336 3 8192 2.000000000 2
512 352 3 8192 2.000000000 2
512 364 3 8192 2.000000000 2
512 372 3 8192 2.000000000 2
512 376 3 8192 2.000000000 2
512 448 3 8192 2.000000000 2
512 460 3 8192 2.000000000 2
512 476 3 8192 2.000000000 2
512 480 3 8192 2.000000000 2
512 536 3 8192 2.000000000 2
512 560 3 8192 2.000000000 2
512 576 3 8192 2.000000000 2
512 592 3 8192 2.000000000 2
512 596 3 8192 2.000000000 2
512 608 3 8192 2.000000000 2
512 616 3 8192 2.000000000 2
512 628 3 8192 2.000000000 2
512 656 3 8192 2.000000000 2
512 676 3 8192 2.000000000 2
512 692 3 8192 2.000000000 2
512 696 3 8192 2.000000000 2
512 744 3 8192 2.000000000 2
512 764 3 8192 2.000000000 2
512 776 3 8192 2.000000000 2
512 784 3 8192 2.000000000 2
512 840 3 8192 2.000000000 2
512 848 3 8192 2.000000000 2
512 856 3 8192 2.000000000 2
512 860 3 8192 2.000000000 2
512 880 3 8192 2.000000000 2
512 940 3 8192 2.000000000 2
512 996 3 8192 2.000000000 2
512 1024 3 8192 2.000000000 2
512 1032 3 8192 2.000000000 2
512 1036 3 8192 2.000000000 2
512 1040 3 8192 2.000000000 2
512 1052 3 8192 2.000000000 2
512 1072 3 8192 2.000000000 2
512 1076 3 8192 2.000000000 2
512 1084 3 8192 2.000000000 2
512 1100 3 8192 2.000000000 2
512 1116 3 8192 2.000000000 2
512 1180 3 8192 2.000000000 2
512 1220 3 8192 2.000000000 2
512 1224 3 8192 2.000000000 2
512 1244 3 8192 2.000000000 2
512 1264 3 8192 2.000000000 2
516 12 3 8192 2.000000000 2
516 32 3 8192 2.000000000 2
516 36 3 8192 2.000000000 2
516 56 3 8192 2.000000000 2
516 76 3 8192 2.000000000 2
516 108 3 8192 2.000000000 2
516 112 3 8192 2.000000000 2
516 116 3 8192 2.000000000 2
516 176 3 8192 2.000000000 2
516 220 3 8192 2.000000000 2
516 232 3 8192 2.000000000 2
516 244 3 8192 2.000000000 2
516 280 3 8192 2.000000000 2
516 284 3 8192 2.000000000 2
516 328 3 8192 2.000000000 2
516 336 3 8192 2.000000000 2
516 352 3 8192 2.000000000 2
516 376 3 8192 2.000000000 2
516 380 3 8192 2.000000000 2
516 392 3 8192 2.000000000 2
516 404 3 8192 2.000000000 2
516 440 3 8192 2.000000000 2
516 452 3 8192 2.000000000 2
516 476 3 8192 2.000000000 2
516 480 3 8192 2.000000000 2
516 496 3 8192 2.000000000 2
516 512 3 8192 2.000000000 2
516 544 3 8192 2.000000000 2
516 600 3 8192 2.000000000 2
516 628 3 8192 2.000000000 2
516 664 3 8192 2.000000000 2
516 684 3 8192 2.000000000 2
516 700 3 8192 2.000000000 2
516 708 3 8192 2.000000000 2
516 716 3 8192 2.000000000 2
516 720 3 8192 2.000000000 2
516 744 3 8192 2.000000000 2
516 756 3 8192 2.000000000 2
516 776 3 8192 2.000000000 2
516 808 3 8192 2.000000000 2
516 812 3 8192 2.000000000 2
516 840 3 8192 2.000000000 2
516 852 3 8192 2.000000000 2
516 868 3 8192 2.000000000 2
516 880 3 8192 2.000000000 2
516 892 3 8192 2.000000000 2
516 904 3 8192 2.000000000 2
516 940 3 8192 2.000000000 2
516 968 3 8192 2.000000000 2
516 1024 3 8192 2.000000000 2
516 1040 3 8192 2.000000000 2
516 1068 3 8192 2.000000000 2
516 1072 3 8192 2.000000000 2
516 1104 3 8192 2.000000000 2
516 1108 3 8192 2.000000000 2
516 1112 3 8192 2.000000000 2
516 1116 3 8192 2.000000000 2
516 1132 3 8192 2.000000000 2
516 1168 3 8192 2.000000000 2
516 1184 3 8192 2.000000000 2
516 1208 3 8192 2.000000000 2
516 1248 3 8192 2.000000000 2
516 1256 3 8192 2.000000000 2
516 1272 3 8192 2.000000000 2
520 12 3 8192 2.000000000 2
520 52 3 8192 2.000000000 2
520 96 3 8192 2.000000000 2
520 100 3 8192 2.000000000 2
520 132 3 8192 2.000000000 2
520 152 3 8192 2.000000000 2
520 156 3 8192 2.000000000 2
520 164 3 8192 2.000000000 2
520 168 3 8192 2.000000000 2
520 184 3 8192 2.000000000 2
520 216 3 8192 2.000000000 2
520 244 3 8192 2.000000000 2
520 272 3 8192 2.000000000 2
520 280 3 8192 2.000000000 2
520 284 3 8192 2.000000000 2
520 300 3 8192 2.000000000 2
520 348 3 8192 2.000000000 2
520 356 3 8192 2.000000000 2
520 396 3 8192 2.000000000 2
520 416 3 8192 2.000000000 2
520 420 3 8192 2.000000000 2
520 436 3 8192 2.000000000 2
520 444 3 8192 2.000000000 2
520 472 3 8192 2.000000000 2
520 476 3 8192 2.000000000 2
520 524 3 8192 2.000000000 2
520 544 3 8192 2.000000000 2
520 548 3 8192 2.000000000 2
520 556 3 8192 2.000000000 2
520 616 3 8192 2.000000000 2
520 632 3 8192 2.000000000 2
520 636 3 8192 2.000000000 2
520 644 3 8192 2.000000000 2
520 660 3 8192 2.000000000 2
520 664 3 8192 2.000000000 2
520 684 3 8192 2.000000000 2
520 688 3 8192 2.000000000 2
520 704 3 8192 2.000000000 2
520 708 3 8192 2.000000000 2
520 716 3 8192 2.000000000 2
520 736 3 8192 2.000000000 2
520 744 3 8192 2.000000000 2
520 752 3 8192 2.000000000 2
520 756 3 8192 2.000000000 2
520 768 3 8192 2.000000000 2
520 812 3 8192 2.000000000 2
520 828 3 8192 2.000000000 2
520 864 3 8192 2.000000000 2
520 900 3 8192 2.000000000 2
520 920 3 8192 2.000000000 2
520 968 3 8192 2.000000000 2
520 980 3 8192 2.000000000 2
520 984 3 8192 2.000000000 2
520 992 3 8192 2.000000000 2
520 1020 3 8192 2.000000000 2
520 1032 3 8192 2.000000000 2
520 1052 3 8192 2.000000000 2
520 1132 3 8192 2.000000000 2
520 1164 3 8192 2.000000000 2
520 1180 3 8192 2.000000000 2
520 1196 3 8192 2.000000000 2
520 1216 3 8192 2.000000000 2
520 1220 3 8192 2.000000000 2
520 1236 3 8192 2.000000000 2
524 4 3 8192 2.000000000 2
524 12 3 8192 2.000000000 2
524 16 3 8192 2.000000000 2
524 40 3 8192 2.000000000 2
524 84 3 8192 2.000000000 2
524 92 3 8192 2.000000000 2
524 156 3 8192 2.000000000 2
524 164 3 8192 2.000000000 2
524 188 3 8192 2.000000000 2
524 192 3 8192 2.000000000 2
524 208 3 8192 2.000000000 2
524 220 3 8192 2.000000000 2
524 236 3 8192 2.000000000 2
524 252 3 8192 2.000000000 2
524 276 3 8192 2.000000000 2
524 292 3 8192 2.000000000 2
524 312 3 8192 2.000000000 2
524 328 3 8192 2.000000000 2
524 336 3 8192 2.000000000 2
524 348 3 8192 2.000000000 2
524 352 3 8192 2.000000000 2
524 360 3 8192 2.000000000 2
524 384 3 8192 2.000000000 2
524 392 3 8192 2.000000000 2
524 404 3 8192 2.000000000 2
524 416 3 8192 2.000000000 2
524 444 3 8192 2.000000000 2
524 468 3 8192 2.000000000 2
524 476 3 8192 2.000000000 2
524 512 3 8192 2.000000000 2
524 516 3 8192 2.000000000 2
524 560 3 8192 2.000000000 2
524 584 3 8192 2.000000000 2
524 596 3 8192 2.000000000 2
524 612 3 8192 2.000000000 2
524 640 3 8192 2.000000000 2
524 644 3 8192 2.000000000 2
524 648 3 8192 2.000000000 2
524 728 3 8192 2.000000000 2
524 736 3 8192 2.000000000 2
524 784 3 8192 2.000000000 2
524 808 3 8192 2.000000000 2
524 836 3 8192 2.000000000 2
524 852 3 8192 2.000000000 2
524 856 3 8192 2.000000000 2
524 880 3 8192 2.000000000 2
524 920 3 8192 2.000000000 2
524 948 3 8192 2.000000000 2
524 964 3 8192 2.000000000 2
524 988 3 8192 2.000000000 2
524 992 3 8192 2.000000000 2
524 996 3 8192 2.000000000 2
524 1012 3 8192 2.000000000 2
524 1040 3 8192 2.000000000 2
524 1076 3 8192 2.000000000 2
524 1080 3 8192 2.000000000 2
524 1104 3 8192 2.000000000 2
524 1120 3 8192 2.000000000 2
524 1160 3 8192 2.000000000 2
524 1204 3 8192 2.000000000 2
524 1208 3 8192 2.000000000 2
524 1236 3 8192 2.000000000 2
524 1248 3 8192 2.000000000 2
524 1264 3 8192 2.000000000 2
528 20 3 8192 2.000000000 2
528 32 3 8192 2.000000000 2
528 48 3 8192 2.000000000 2
528 52 3 8192 2.000000000 2
528 72 3 8192 2.000000000 2
528 76 3 8192 2.000000000 2
528 136 3 8192 2.000000000 2
528 216 3 8192 2.000000000 2
528 224 3 8192 2.000000000 2
528 228 3 8192 2.000000000 2
528 252 3 8192 2.000000000 2
528 276 3 8192 2.000000000 2
528 280 3 8192 2.000000000 2
528 288 3 8192 2.000000000 2
528 300 3 8192 2.000000000 2
528 304 3 8192 2.000000000 2
528 308 3 8192 2.000000000 2
528 320 3 8192 2.000000000 2
528 328 3 8192 2.000000000 2
528 336 3 8192 2.000000000 2
528 360 3 8192 2.000000000 2
528 384 3 8192 2.000000000 2
528 396 3 8192 2.000000000 2
528 412 3 8192 2.000000000 2
528 436 3 8192 2.000000000 2
528 444 3 8192 2.000000000 2
528 448 3 8192 2.000000000 2
528 480 3 8192 2.000000000 2
528 500 3 8192 2.000000000 2
528 512 3 8192 2.000000000 2
528 524 3 8192 2.000000000 2
528 536 3 8192 2.000000000 2
528 544 3 8192 2.000000000 2
528 560 3 8192 2.000000000 2
528 600 3 8192 2.000000000 2
528 628 3 8192 2.000000000 2
528 632 3 8192 2.000000000 2
528 636 3 8192 2.000000000 2
528 688 3 8192 2.000000000 2
528 696 3 8192 2.000000000 2
528 700 3 8192 2.000000000 2
528 704 3 8192 2.000000000 2
528 716 3 8192 2.000000000 2
528 732 3 8192 2.000000000 2
528 752 3 8192 2.000000000 2
528 760 3 8192 2.000000000 2
528 768 3 8192 2.000000000 2
528 784 3 8192 2.000000000 2
528 792 3 8192 2.000000000 2
528 808 3 8192 2.000000000 2
528 888 3 8192 2.000000000 2
528 904 3 8192 2.000000000 2
528 908 3 8192 2.000000000 2
528 920 3 8192 2.000000000 2
528 948 3 8192 2.000000000 2
528 988 3 8192 2.000000000 2
528 1020 3 8192 2.000000000 2
528 1024 3 8192 2.000000000 2
528 1104 3 8192 2.000000000 2
528 1120 3 8192 2.000000000 2
528 1132 3 8192 2.000000000 2
528 1156 3 8192 2.000000000 2
528 1160 3 8192 2.000000000 2
528 1204 3 8192 2.000000000 2
536 8 3 8192 2.000000000 2
536 56 3 8192 2.000000000 2
536 96 3 8192 2.000000000 2
536 116 3 8192 2.000000000 2
536 120 3 8192 2.000000000 2
536 208 3 8192 2.000000000 2
536 216 3 8192 2.000000000 2
536 224 3 8192 2.000000000 2
536 232 3 8192 2.000000000 2
536 252 3 8192 2.000000000 2
536 272 3 8192 2.000000000 2
536 288 3 8192 2.000000000 2
536 344 3 8192 2.000000000 2
536 360 3 8192 2.000000000 2
536 364 3 8192 2.000000000 2
536 376 3 8192 2.000000000 2
536 384 3 8192 2.000000000 2
536 424 3 8192 2.000000000 2
536 436 3 8192 2.000000000 2
536 448 3 8192 2.000000000 2
536 452 3 8192 2.000000000 2
536 476 3 8192 2.000000000 2
536 484 3 8192 2.000000000 2
536 520 3 8192 2.000000000 2
536 528 3 8192 2.000000000 2
536 560 3 8192 2.000000000 2
536 596 3 8192 2.000000000 2
536 612 3 8192 2.000000000 2
536 616 3 8192 2.000000000 2
536 644 3 8192 2.000000000 2
536 660 3 8192 2.000000000 2
536 664 3 8192 2.000000000 2
536 708 3 8192 2.000000000 2
536 716 3 8192 2.000000000 2
536 720 3 8192 2.000000000 2
536 808 3 8192 2.000000000 2
536 848 3 8192 2.000000000 2
536 852 3 8192 2.000000000 2
536 856 3 8192 2.000000000 2
536 864 3 8192 2.000000000 2
536 876 3 8192 2.000000000 2
536 880 3 8192 2.000000000 2
536 888 3 8192 2.000000000 2
536 896 3 8192 2.000000000 2
536 900 3 8192 2.000000000 2
536 920 3 8192 2.000000000 2
536 932 3 8192 2.000000000 2
536 936 3 8192 2.000000000 2
536 972 3 8192 2.000000000 2
536 980 3 8192 2.000000000 2
536 984 3 8192 2.000000000 2
536 992 3 8192 2.000000000 2
536 1032 3 8192 2.000000000 2
536 1036 3 8192 2.000000000 2
536 1048 3 8192 2.000000000 2
536 1104 3 8192 2.000000000 2
536 1124 3 8192 2.000000000 2
536 1132 3 8192 2.000000000 2
536 1156 3 8192 2.000000000 2
536 1176 3 8192 2.000000000 2
536 1192 3 8192 2.000000000 2
536 1220 3 8192 2.000000000 2
536 1256 3 8192 2.000000000 2
536 1272 3 8192 2.000000000 2
540 16 3 8192 2.000000000 2
540 28 3 8192 2.000000000 2
540 40 3 8192 2.000000000 2
540 96 3 8192 2.000000000 2
540 108 3 8192 2.000000000 2
540 112 3 8192 2.000000000 2
540 136 3 8192 2.000000000 2
540 156 3 8192 2.000000000 2
540 168 3 8192 2.000000000 2
540 172 3 8192 2.000000000 2
540 176 3 8192 2.000000000 2
540 204 3 8192 2.000000000 2
540 216 3 8192 2.000000000 2
540 228 3 8192 2.000000000 2
540 248 3 8192 2.000000000 2
540 316 3 8192 2.000000000 2
540 332 3 8192 2.000000000 2
540 344 3 8192 2.000000000 2
540 348 3 8192 2.000000000 2
540 380 3 8192 2.000000000 2
540 388 3 8192 2.000000000 2
540 404 3 8192 2.000000000 2
540 412 3 8192 2.000000000 2
540 420 3 8192 2.000000000 2
540 424 3 8192 2.000000000 2
540 444 3 8192 2.000000000 2
540 452 3 8192 2.000000000 2
540 460 3 8192 2.000000000 2
540 468 3 8192 2.000000000 2
540 484 3 8192 2.000000000 2
540 496 3 8192 2.000000000 2
540 500 3 8192 2.000000000 2
540 548 3 8192 2.000000000 2
540 576 3 8192 2.000000000 2
540 580 3 8192 2.000000000 2
540 612 3 8192 2.000000000 2
540 648 3 8192 2.000000000 2
540 656 3 8192 2.000000000 2
540 668 3 8192 2.000000000 2
540 696 3 8192 2.000000000 2
540 704 3 8192 2.000000000 2
540 716 3 8192 2.000000000 2
540 736 3 8192 2.000000000 2
540 756 3 8192 2.000000000 2
540 776 3 8192 2.000000000 2
540 836 3 8192 2.000000000 2
540 840 3 8192 2.000000000 2
540 932 3 8192 2.000000000 2
540 948 3 8192 2.000000000 2
540 952 3 8192 2.000000000 2
540 996 3 8192 2.000000000 2
540 1020 3 8192 2.000000000 2
540 1024 3 8192 2.000000000 2
540 1036 3 8192 2.000000000 2
540 1044 3 8192 2.000000000 2
540 1072 3 8192 2.000000000 2
540 1108 3 8192 2.000000000 2
540 1112 3 8192 2.000000000 2
540 1120 3 8192 2.000000000 2
540 1164 3 8192 2.000000000 2
540 1192 3 8192 2.000000000 2
540 1212 3 8192 2.000000000 2
540 1228 3 8192 2.000000000 2
540 1244 3 8192 2.000000000 2
544 20 3 8192 2.000000000 2
544 64 3 8192 2.000000000 2
544 112 3 8192 2.000000000 2
544 128 3 8192 2.000000000 2
544 136 3 8192 2.000000000 2
544 168 3 8192 2.000000000 2
544 204 3 8192 2.000000000 2
544 224 3 8192 2.000000000 2
544 244 3 8192 2.000000000 2
544 252 3 8192 2.000000000 2
544 308 3 8192 2.000000000 2
544 316 3 8192 2.000000000 2
544 320 3 8192 2.000000000 2
544 344 3 8192 2.000000000 2
544 348 3 8192 2.000000000 2
544 356 3 8192 2.000000000 2
544 360 3 8192 2.000000000 2
544 392 3 8192 2.000000000 2
544 396 3 8192 2.000000000 2
544 424 3 8192 2.000000000 2
544 428 3 8192 2.000000000 2
544 440 3 8192 2.000000000 2
544 496 3 8192 2.000000000 2
544 508 3 8192 2.000000000 2
544 516 3 8192 2.000000000 2
544 540 3 8192 2.000000000 2
544 548 3 8192 2.000000000 2
544 564 3 8192 2.000000000 2
544 580 3 8192 2.000000000 2
544 584 3 8192 2.000000000 2
544 592 3 8192 2.000000000 2
544 624 3 8192 2.000000000 2
544 636 3 8192 2.000000000 2
544 640 3 8192 2.000000000 2
544 692 3 8192 2.000000000 2
544 708 3 8192 2.000000000 2
544 712 3 8192 2.000000000 2
544 732 3 8192 2.000000000 2
544 752 3 8192 2.000000000 2
544 760 3 8192 2.000000000 2
544 788 3 8192 2.000000000 2
544 808 3 8192 2.000000000 2
544 836 3 8192 2.000000000 2
544 860 3 8192 2.000000000 2
544 920 3 8192 2.000000000 2
544 952 3 8192 2.000000000 2
544 984 3 8192 2.000000000 2
544 996 3 8192 2.000000000 2
544 1008 3 8192 2.000000000 2
544 1012 3 8192 2.000000000 2
544 1044 3 8192 2.000000000 2
544 1080 3 8192 2.000000000 2
544 1104 3 8192 2.000000000 2
544 1108 3 8192 2.000000000 2
544 1112 3 8192 2.000000000 2
544 1120 3 8192 2.000000000 2
544 1176 3 8192 2.000000000 2
544 1180 3 8192 2.000000000 2
544 1184 3 8192 2.000000000 2
544 1196 3 8192 2.000000000 2
544 1212 3 8192 2.000000000 2
544 1216 3 8192 2.000000000 2
544 1220 3 8192 2.000000000 2
544 1228 3 8192 2.000000000 2
548 20 3 8192 2.000000000 2
548 24 3 8192 2.000000000 2
548 40 3 8192 2.000000000 2
548 64 3 8192 2.000000000 2
548 76 3 8192 2.000000000 2
548 84 3 8192 2.000000000 2
548 96 3 8192 2.000000000 2
548 104 3 8192 2.000000000 2
548 164 3 8192 2.000000000 2
548 188 3 8192 2.000000000 2
548 204 3 8192 2.000000000 2
548 240 3 8192 2.000000000 2
548 252 3 8192 2.000000000 2
548 264 3 8192 2.000000000 2
548 296 3 8192 2.000000000 2
548 304 3 8192 2.000000000 2
548 352 3 8192 2.000000000 2
548 356 3 8192 2.000000000 2
548 364 3 8192 2.000000000 2
548 372 3 8192 2.000000000 2
548 384 3 8192 2.000000000 2
548 396 3 8192 2.000000000 2
548 412 3 8192 2.000000000 2
548 452 3 8192 2.000000000 2
548 468 3 8192 2.000000000 2
548 524 3 8192 2.000000000 2
548 528 3 8192 2.000000000 2
548 540 3 8192 2.000000000 2
548 600 3 8192 2.000000000 2
548 624 3 8192 2.000000000 2
548 660 3 8192 2.000000000 2
548 668 3 8192 2.000000000 2
548 720 3 8192 2.000000000 2
548 732 3 8192 2.000000000 2
548 736 3 8192 2.000000000 2
548 744 3 8192 2.000000000 2
548 748 3 8192 2.000000000 2
548 756 3 8192 2.000000000 2
548 812 3 8192 2.000000000 2
548 828 3 8192 2.000000000 2
548 848 3 8192 2.000000000 2
548 880 3 8192 2.000000000 2
548 888 3 8192 2.000000000 2
548 904 3 8192 2.000000000 2
548 948 3 8192 2.000000000 2
548 968 3 8192 2.000000000 2
548 980 3 8192 2.000000000 2
548 988 3 8192 2.000000000 2
548 992 3 8192 2.000000000 2
548 996 3 8192 2.000000000 2
548 1012 3 8192 2.000000000 2
548 1020 3 8192 2.000000000 2
548 1048 3 8192 2.000000000 2
548 1056 3 8192 2.000000000 2
548 1068 3 8192 2.000000000 2
548 1072 3 8192 2.000000000 2
548 1116 3 8192 2.000000000 2
548 1128 3 8192 2.000000000 2
548 1132 3 8192 2.000000000 2
548 1136 3 8192 2.000000000 2
548 1172 3 8192 2.000000000 2
548 1196 3 8192 2.000000000 2
548 1244 3 8192 2.000000000 2
548 1248 3 8192 2.000000000 2
556 12 3 8192 2.000000000 2
556 32 3 8192 2.000000000 2
556 36 3 8192 2.000000000 2
556 40 3 8192 2.000000000 2
556 68 3 8192 2.000000000 2
556 100 3 8192 2.000000000 2
556 108 3 8192 2.000000000 2
556 120 3 8192 2.000000000 2
556 148 3 8192 2.000000000 2
556 152 3 8192 2.000000000 2
556 168 3 8192 2.000000000 2
556 236 3 8192 2.000000000 2
556 292 3 8192 2.000000000 2
556 304 3 8192 2.000000000 2
556 308 3 8192 2.000000000 2
556 360 3 8192 2.000000000 2
556 364 3 8192 2.000000000 2
556 392 3 8192 2.000000000 2
556 396 3 8192 2.000000000 2
556 416 3 8192 2.000000000 2
556 452 3 8192 2.000000000 2
556 472 3 8192 2.000000000 2
556 508 3 8192 2.000000000 2
556 512 3 8192 2.000000000 2
556 516 3 8192 2.000000000 2
556 536 3 8192 2.000000000 2
556 540 3 8192 2.000000000 2
556 560 3 8192 2.000000000 2
556 564 3 8192 2.000000000 2
556 608 3 8192 2.000000000 2
556 640 3 8192 2.000000000 2
556 652 3 8192 2.000000000 2
556 676 3 8192 2.000000000 2
556 688 3 8192 2.000000000 2
556 696 3 8192 2.000000000 2
556 728 3 8192 2.000000000 2
556 736 3 8192 2.000000000 2
556 784 3 8192 2.000000000 2
556 792 3 8192 2.000000000 2
556 816 3 8192 2.000000000 2
556 828 3 8192 2.000000000 2
556 856 3 8192 2.000000000 2
556 860 3 8192 2.000000000 2
556 920 3 8192 2.000000000 2
556 932 3 8192 2.000000000 2
556 948 3 8192 2.000000000 2
556 972 3 8192 2.000000000 2
556 980 3 8192 2.000000000 2
556 992 3 8192 2.000000000 2
556 1036 3 8192 2.000000000 2
556 1040 3 8192 2.000000000 2
556 1052 3 8192 2.000000000 2
556 1068 3 8192 2.000000000 2
556 1072 3 8192 2.000000000 2
556 1080 3 8192 2.000000000 2
556 1104 3 8192 2.000000000 2
556 1112 3 8192 2.000000000 2
556 1116 3 8192 2.000000000 2
556 1148 3 8192 2.000000000 2
556 1160 3 8192 2.000000000 2
556 1164 3 8192 2.000000000 2
556 1180 3 8192 2.000000000 2
556 1192 3 8192 2.000000000 2
556 1200 3 8192 2.000000000 2
560 4 3 8192 2.000000000 2
560 40 3 8192 2.000000000 2
560 44 3 8192 2.000000000 2
560 52 3 8192 2.000000000 2
560 64 3 8192 2.000000000 2
560 72 3 8192 2.000000000 2
560 76 3 8192 2.000000000 2
560 96 3 8192 2.000000000 2
560 108 3 8192 2.000000000 2
560 124 3 8192 2.000000000 2
560 176 3 8192 2.000000000 2
560 192 3 8192 2.000000000 2
560 252 3 8192 2.000000000 2
560 264 3 8192 2.000000000 2
560 284 3 8192 2.000000000 2
560 292 3 8192 2.000000000 2
560 300 3 8192 2.000000000 2
560 304 3 8192 2.000000000 2
560 308 3 8192 2.000000000 2
560 356 3 8192 2.000000000 2
560 360 3 8192 2.000000000 2
560 388 3 8192 2.000000000 2
560 440 3 8192 2.000000000 2
560 448 3 8192 2.000000000 2
560 500 3 8192 2.000000000 2
560 536 3 8192 2.000000000 2
560 540 3 8192 2.000000000 2
560 548 3 8192 2.000000000 2
560 564 3 8192 2.000000000 2
560 576 3 8192 2.000000000 2
560 580 3 8192 2.000000000 2
560 632 3 8192 2.000000000 2
560 664 3 8192 2.000000000 2
560 696 3 8192 2.000000000 2
560 716 3 8192 2.000000000 2
560 724 3 8192 2.000000000 2
560 732 3 8192 2.000000000 2
560 748 3 8192 2.000000000 2
560 792 3 8192 2.000000000 2
560 808 3 8192 2.000000000 2
560 840 3 8192 2.000000000 2
560 852 3 8192 2.000000000 2
560 860 3 8192 2.000000000 2
560 888 3 8192 2.000000000 2
560 896 3 8192 2.000000000 2
560 908 3 8192 2.000000000 2
560 936 3 8192 2.000000000 2
560 948 3 8192 2.000000000 2
560 952 3 8192 2.000000000 2
560 964 3 8192 2.000000000 2
560 972 3 8192 2.000000000 2
560 1052 3 8192 2.000000000 2
560 1076 3 8192 2.000000000 2
560 1104 3 8192 2.000000000 2
560 1112 3 8192 2.000000000 2
560 1116 3 8192 2.000000000 2
560 1132 3 8192 2.000000000 2
560 1172 3 8192 2.000000000 2
560 1176 3 8192 2.000000000 2
560 1204 3 8192 2.000000000 2
560 1228 3 8192 2.000000000 2
560 1236 3 8192 2.000000000 2
560 1248 3 8192 2.000000000 2
560 1264 3 8192 2.000000000 2
564 16 3 8192 2.000000000 2
564 20 3 8192 2.000000000 2
564 40 3 8192 2.000000000 2
564 44 3 8192 2.000000000 2
564 88 3 8192 2.000000000 2
564 132 3 8192 2.000000000 2
564 148 3 8192 2.000000000 2
564 156 3 8192 2.000000000 2
564 168 3 8192 2.000000000 2
564 172 3 8192 2.000000000 2
564 176 3 8192 2.000000000 2
564 188 3 8192 2.000000000 2
564 192 3 8192 2.000000000 2
564 196 3 8192 2.000000000 2
564 228 3 8192 2.000000000 2
564 248 3 8192 2.000000000 2
564 268 3 8192 2.000000000 2
564 280 3 8192 2.000000000 2
564 284 3 8192 2.000000000 2
564 332 3 8192 2.000000000 2
564 352 3 8192 2.000000000 2
564 364 3 8192 2.000000000 2
564 372 3 8192 2.000000000 2
564 444 3 8192 2.000000000 2
564 448 3 8192 2.000000000 2
564 472 3 8192 2.000000000 2
564 516 3 8192 2.000000000 2
564 520 3 8192 2.000000000 2
564 524 3 8192 2.000000000 2
564 548 3 8192 2.000000000 2
564 560 3 8192 2.000000000 2
564 576 3 8192 2.000000000 2
564 616 3 8192 2.000000000 2
564 640 3 8192 2.000000000 2
564 688 3 8192 2.000000000 2
564 692 3 8192 2.000000000 2
564 700 3 8192 2.000000000 2
564 720 3 8192 2.000000000 2
564 736 3 8192 2.000000000 2
564 752 3 8192 2.000000000 2
564 760 3 8192 2.000000000 2
564 784 3 8192 2.000000000 2
564 792 3 8192 2.000000000 2
564 812 3 8192 2.000000000 2
564 852 3 8192 2.000000000 2
564 856 3 8192 2.000000000 2
564 860 3 8192 2.000000000 2
564 864 3 8192 2.000000000 2
564 876 3 8192 2.000000000 2
564 904 3 8192 2.000000000 2
564 932 3 8192 2.000000000 2
564 936 3 8192 2.000000000 2
564 1008 3 8192 2.000000000 2
564 1020 3 8192 2.000000000 2
564 1048 3 8192 2.000000000 2
564 1072 3 8192 2.000000000 2
564 1080 3 8192 2.000000000 2
564 1124 3 8192 2.000000000 2
564 1136 3 8192 2.000000000 2
564 1192 3 8192 2.000000000 2
564 1204 3 8192 2.000000000 2
564 1212 3 8192 2.000000000 2
564 1216 3 8192 2.000000000 2
564 1228 3 8192 2.000000000 2
576 36 3 8192 2.000000000 2
576 44 3 8192 2.000000000 2
576 68 3 8192 2.000000000 2
576 76 3 8192 2.000000000 2
576 96 3 8192 2.000000000 2
576 108 3 8192 2.000000000 2
576 172 3 8192 2.000000000 2
576 176 3 8192 2.000000000 2
576 188 3 8192 2.000000000 2
576 204 3 8192 2.000000000 2
576 220 3 8192 2.000000000 2
576 228 3 8192 2.000000000 2
576 260 3 8192 2.000000000 2
576 264 3 8192 2.000000000 2
576 268 3 8192 2.000000000 2
576 280 3 8192 2.000000000 2
576 304 3 8192 2.000000000 2
576 312 3 8192 2.000000000 2
576 316 3 8192 2.000000000 2
576 320 3 8192 2.000000000 2
576 332 3 8192 2.000000000 2
576 344 3 8192 2.000000000 2
576 360 3 8192 2.000000000 2
576 388 3 8192 2.000000000 2
576 392 3 8192 2.000000000 2
576 476 3 8192 2.000000000 2
576 480 3 8192 2.000000000 2
576 512 3 8192 2.000000000 2
576 520 3 8192 2.000000000 2
576 564 3 8192 2.000000000 2
576 592 3 8192 2.000000000 2
576 600 3 8192 2.000000000 2
576 624 3 8192 2.000000000 2
576 628 3 8192 2.000000000 2
576 636 3 8192 2.000000000 2
576 644 3 8192 2.000000000 2
576 652 3 8192 2.000000000 2
576 660 3 8192 2.000000000 2
576 700 3 8192 2.000000000 2
576 704 3 8192 2.000000000 2
576 752 3 8192 2.000000000 2
576 788 3 8192 2.000000000 2
576 828 3 8192 2.000000000 2
576 836 3 8192 2.000000000 2
576 856 3 8192 2.000000000 2
576 864 3 8192 2.000000000 2
576 888 3 8192 2.000000000 2
576 892 3 8192 2.000000000 2
576 900 3 8192 2.000000000 2
576 952 3 8192 2.000000000 2
576 984 3 8192 2.000000000 2
576 988 3 8192 2.000000000 2
576 1040 3 8192 2.000000000 2
576 1068 3 8192 2.000000000 2
576 1072 3 8192 2.000000000 2
576 1124 3 8192 2.000000000 2
576 1136 3 8192 2.000000000 2
576 1156 3 8192 2.000000000 2
576 1168 3 8192 2.000000000 2
576 1204 3 8192 2.000000000 2
576 1228 3 8192 2.000000000 2
576 1244 3 8192 2.000000000 2
576 1248 3 8192 2.000000000 2
576 1272 3 8192 2.000000000 2
580 44 3 8192 2.000000000 2
580 52 3 8192 2.000000000 2
580 72 3 8192 2.000000000 2
580 108 3 8192 2.000000000 2
580 124 3 8192 2.000000000 2
580 136 3 8192 2.000000000 2
580 152 3 8192 2.000000000 2
580 164 3 8192 2.000000000 2
580 168 3 8192 2.000000000 2
580 184 3 8192 2.000000000 2
580 220 3 8192 2.000000000 2
580 236 3 8192 2.000000000 2
580 248 3 8192 2.000000000 2
580 252 3 8192 2.000000000 2
580 264 3 8192 2.000000000 2
580 292 3 8192 2.000000000 2
580 312 3 8192 2.000000000 2
580 328 3 8192 2.000000000 2
580 336 3 8192 2.000000000 2
580 388 3 8192 2.000000000 2
580 396 3 8192 2.000000000 2
580 420 3 8192 2.000000000 2
580 424 3 8192 2.000000000 2
580 480 3 8192 2.000000000 2
580 500 3 8192 2.000000000 2
580 508 3 8192 2.000000000 2
580 584 3 8192 2.000000000 2
580 592 3 8192 2.000000000 2
580 600 3 8192 2.000000000 2
580 612 3 8192 2.000000000 2
580 660 3 8192 2.000000000 2
580 668 3 8192 2.000000000 2
580 676 3 8192 2.000000000 2
580 712 3 8192 2.000000000 2
580 716 3 8192 2.000000000 2
580 724 3 8192 2.000000000 2
580 736 3 8192 2.000000000 2
580 752 3 8192 2.000000000 2
580 864 3 8192 2.000000000 2
580 876 3 8192 2.000000000 2
580 896 3 8192 2.000000000 2
580 900 3 8192 2.000000000 2
580 920 3 8192 2.000000000 2
580 932 3 8192 2.000000000 2
580 964 3 8192 2.000000000 2
580 984 3 8192 2.000000000 2
580 988 3 8192 2.000000000 2
580 1012 3 8192 2.000000000 2
580 1024 3 8192 2.000000000 2
580 1032 3 8192 2.000000000 2
580 1036 3 8192 2.000000000 2
580 1052 3 8192 2.000000000 2
580 1072 3 8192 2.000000000 2
580 1104 3 8192 2.000000000 2
580 1128 3 8192 2.000000000 2
580 1136 3 8192 2.000000000 2
580 1148 3 8192 2.000000000 2
580 1156 3 8192 2.000000000 2
580 1160 3 8192 2.000000000 2
580 1164 3 8192 2.000000000 2
580 1192 3 8192 2.000000000 2
580 1204 3 8192 2.000000000 2
580 1224 3 8192 2.000000000 2
580 1256 3 8192 2.000000000 2
584 8 3 8192 2.000000000 2
584 56 3 8192 2.000000000 2
584 64 3 8192 2.000000000 2
584 72 3 8192 2.000000000 2
584 100 3 8192 2.000000000 2
584 116 3 8192 2.000000000 2
584 136 3 8192 2.000000000 2
584 168 3 8192 2.000000000 2
584 172 3 8192 2.000000000 2
584 176 3 8192 2.000000000 2
584 180 3 8192 2.000000000 2
584 188 3 8192 2.000000000 2
584 220 3 8192 2.000000000 2
584 224 3 8192 2.000000000 2
584 248 3 8192 2.000000000 2
584 260 3 8192 2.000000000 2
584 264 3 8192 2.000000000 2
584 268 3 8192 2.000000000 2
584 296 3 8192 2.000000000 2
584 316 3 8192 2.000000000 2
584 320 3 8192 2.000000000 2
584 336 3 8192 2.000000000 2
584 352 3 8192 2.000000000 2
584 380 3 8192 2.000000000 2
584 384 3 8192 2.000000000 2
584 388 3 8192 2.000000000 2
584 392 3 8192 2.000000000 2
584 404 3 8192 2.000000000 2
584 448 3 8192 2.000000000 2
584 472 3 8192 2.000000000 2
584 476 3 8192 2.000000000 2
584 496 3 8192 2.000000000 2
584 540 3 8192 2.000000000 2
584 564 3 8192 2.000000000 2
584 596 3 8192 2.000000000 2
584 612 3 8192 2.000000000 2
584 636 3 8192 2.000000000 2
584 688 3 8192 2.000000000 2
584 724 3 8192 2.000000000 2
584 728 3 8192 2.000000000 2
584 732 3 8192 2.000000000 2
584 756 3 8192 2.000000000 2
584 784 3 8192 2.000000000 2
584 792 3 8192 2.000000000 2
584 908 3 8192 2.000000000 2
584 932 3 8192 2.000000000 2
584 944 3 8192 2.000000000 2
584 980 3 8192 2.000000000 2
584 1024 3 8192 2.000000000 2
584 1032 3 8192 2.000000000 2
584 1036 3 8192 2.000000000 2
584 1044 3 8192 2.000000000 2
584 1048 3 8192 2.000000000 2
584 1068 3 8192 2.000000000 2
584 1100 3 8192 2.000000000 2
584 1112 3 8192 2.000000000 2
584 1120 3 8192 2.000000000 2
584 1148 3 8192 2.000000000 2
584 1164 3 8192 2.000000000 2
584 1192 3 8192 2.000000000 2
584 1224 3 8192 2.000000000 2
584 1228 3 8192 2.000000000 2
584 1236 3 8192 2.000000000 2
584 1256 3 8192 2.000000000 2
592 24 3 8192 2.000000000 2
592 36 3 8192 2.000000000 2
592 40 3 8192 2.000000000 2
592 52 3 8192 2.000000000 2
592 56 3 8192 2.000000000 2
592 64 3 8192 2.000000000 2
592 84 3 8192 2.000000000 2
592 92 3 8192 2.000000000 2
592 108 3 8192 2.000000000 2
592 112 3 8192 2.000000000 2
592 116 3 8192 2.000000000 2
592 136 3 8192 2.000000000 2
592 152 3 8192 2.000000000 2
592 156 3 8192 2.000000000 2
592 168 3 8192 2.000000000 2
592 172 3 8192 2.000000000 2
592 196 3 8192 2.000000000 2
592 216 3 8192 2.000000000 2
592 228 3 8192 2.000000000 2
592 268 3 8192 2.000000000 2
592 276 3 8192 2.000000000 2
592 292 3 8192 2.000000000 2
592 300 3 8192 2.000000000 2
592 308 3 8192 2.000000000 2
592 356 3 8192 2.000000000 2
592 448 3 8192 2.000000000 2
592 512 3 8192 2.000000000 2
592 516 3 8192 2.000000000 2
592 528 3 8192 2.000000000 2
592 576 3 8192 2.000000000 2
592 656 3 8192 2.000000000 2
592 676 3 8192 2.000000000 2
592 688 3 8192 2.000000000 2
592 700 3 8192 2.000000000 2
592 720 3 8192 2.000000000 2
592 744 3 8192 2.000000000 2
592 756 3 8192 2.000000000 2
592 764 3 8192 2.000000000 2
592 816 3 8192 2.000000000 2
592 840 3 8192 2.000000000 2
592 848 3 8192 2.000000000 2
592 852 3 8192 2.000000000 2
592 856 3 8192 2.000000000 2
592 876 3 8192 2.000000000 2
592 888 3 8192 2.000000000 2
592 896 3 8192 2.000000000 2
592 920 3 8192 2.000000000 2
592 940 3 8192 2.000000000 2
592 972 3 8192 2.000000000 2
592 980 3 8192 2.000000000 2
592 984 3 8192 2.000000000 2
592 1020 3 8192 2.000000000 2
592 1048 3 8192 2.000000000 2
592 1068 3 8192 2.000000000 2
592 1076 3 8192 2.000000000 2
592 1116 3 8192 2.000000000 2
592 1120 3 8192 2.000000000 2
592 1148 3 8192 2.000000000 2
592 1164 3 8192 2.000000000 2
592 1184 3 8192 2.000000000 2
592 1196 3 8192 2.000000000 2
592 1236 3 8192 2.000000000 2
592 1256 3 8192 2.000000000 2
592 1272 3 8192 2.000000000 2
596 4 3 8192 2.000000000 2
596 8 3 8192 2.000000000 2
596 12 3 8192 2.000000000 2
596 40 3 8192 2.000000000 2
596 76 3 8192 2.000000000 2
596 88 3 8192 2.000000000 2
596 100 3 8192 2.000000000 2
596 104 3 8192 2.000000000 2
596 108 3 8192 2.000000000 2
596 112 3 8192 2.000000000 2
596 184 3 8192 2.000000000 2
596 232 3 8192 2.000000000 2
596 240 3 8192 2.000000000 2
596 244 3 8192 2.000000000 2
596 260 3 8192 2.000000000 2
596 268 3 8192 2.000000000 2
596 272 3 8192 2.000000000 2
596 300 3 8192 2.000000000 2
596 308 3 8192 2.000000000 2
596 312 3 8192 2.000000000 2
596 332 3 8192 2.000000000 2
596 352 3 8192 2.000000000 2
596 356 3 8192 2.000000000 2
596 360 3 8192 2.000000000 2
596 364 3 8192 2.000000000 2
596 376 3 8192 2.000000000 2
596 380 3 8192 2.000000000 2
596 392 3 8192 2.000000000 2
596 400 3 8192 2.000000000 2
596 444 3 8192 2.000000000 2
596 452 3 8192 2.000000000 2
596 472 3 8192 2.000000000 2
596 484 3 8192 2.000000000 2
596 500 3 8192 2.000000000 2
596 516 3 8192 2.000000000 2
596 520 3 8192 2.000000000 2
596 528 3 8192 2.000000000 2
596 544 3 8192 2.000000000 2
596 556 3 8192 2.000000000 2
596 608 3 8192 2.000000000 2
596 688 3 8192 2.000000000 2
596 728 3 8192 2.000000000 2
596 776 3 8192 2.000000000 2
596 796 3 8192 2.000000000 2
596 812 3 8192 2.000000000 2
596 836 3 8192 2.000000000 2
596 900 3 8192 2.000000000 2
596 932 3 8192 2.000000000 2
596 964 3 8192 2.000000000 2
596 980 3 8192 2.000000000 2
596 992 3 8192 2.000000000 2
596 1008 3 8192 2.000000000 2
596 1052 3 8192 2.000000000 2
596 1056 3 8192 2.000000000 2
596 1100 3 8192 2.000000000 2
596 1112 3 8192 2.000000000 2
596 1116 3 8192 2.000000000 2
596 1128 3 8192 2.000000000 2
596 1136 3 8192 2.000000000 2
596 1160 3 8192 2.000000000 2
596 1164 3 8192 2.000000000 2
596 1176 3 8192 2.000000000 2
596 1180 3 8192 2.000000000 2
596 1184 3 8192 2.000000000 2
600 4 3 8192 2.000000000 2
600 12 3 8192 2.000000000 2
600 28 3 8192 2.000000000 2
600 36 3 8192 2.000000000 2
600 68 3 8192 2.000000000 2
600 104 3 8192 2.000000000 2
600 108 3 8192 2.000000000 2
600 112 3 8192 2.000000000 2
600 116 3 8192 2.000000000 2
600 120 3 8192 2.000000000 2
600 136 3 8192 2.000000000 2
600 164 3 8192 2.000000000 2
600 180 3 8192 2.000000000 2
600 220 3 8192 2.000000000 2
600 272 3 8192 2.000000000 2
600 296 3 8192 2.000000000 2
600 300 3 8192 2.000000000 2
600 308 3 8192 2.000000000 2
600 348 3 8192 2.000000000 2
600 360 3 8192 2.000000000 2
600 392 3 8192 2.000000000 2
600 400 3 8192 2.000000000 2
600 416 3 8192 2.000000000 2
600 440 3 8192 2.000000000 2
600 444 3 8192 2.000000000 2
600 448 3 8192 2.000000000 2
600 452 3 8192 2.000000000 2
600 472 3 8192 2.000000000 2
600 480 3 8192 2.000000000 2
600 500 3 8192 2.000000000 2
600 540 3 8192 2.000000000 2
600 584 3 8192 2.000000000 2
600 592 3 8192 2.000000000 2
600 596 3 8192 2.000000000 2
600 608 3 8192 2.000000000 2
600 628 3 8192 2.000000000 2
600 636 3 8192 2.000000000 2
600 648 3 8192 2.000000000 2
600 652 3 8192 2.000000000 2
600 660 3 8192 2.000000000 2
600 676 3 8192 2.000000000 2
600 708 3 8192 2.000000000 2
600 716 3 8192 2.000000000 2
600 752 3 8192 2.000000000 2
600 756 3 8192 2.000000000 2
600 852 3 8192 2.000000000 2
600 880 3 8192 2.000000000 2
600 908 3 8192 2.000000000 2
600 920 3 8192 2.000000000 2
600 972 3 8192 2.000000000 2
600 1040 3 8192 2.000000000 2
600 1052 3 8192 2.000000000 2
600 1076 3 8192 2.000000000 2
600 1084 3 8192 2.000000000 2
600 1092 3 8192 2.000000000 2
600 1116 3 8192 2.000000000 2
600 1120 3 8192 2.000000000 2
600 1168 3 8192 2.000000000 2
600 1172 3 8192 2.000000000 2
600 1184 3 8192 2.000000000 2
600 1196 3 8192 2.000000000 2
600 1200 3 8192 2.000000000 2
600 1212 3 8192 2.000000000 2
600 1256 3 8192 2.000000000 2
608 4 3 8192 2.000000000 2
608 16 3 8192 2.000000000 2
608 28 3 8192 2.000000000 2
608 68 3 8192 2.000000000 2
608 76 3 8192 2.000000000 2
608 104 3 8192 2.000000000 2
608 108 3 8192 2.000000000 2
608 116 3 8192 2.000000000 2
608 136 3 8192 2.000000000 2
608 148 3 8192 2.000000000 2
608 156 3 8192 2.000000000 2
608 172 3 8192 2.000000000 2
608 176 3 8192 2.000000000 2
608 204 3 8192 2.000000000 2
608 228 3 8192 2.000000000 2
608 244 3 8192 2.000000000 2
608 252 3 8192 2.000000000 2
608 304 3 8192 2.000000000 2
608 308 3 8192 2.000000000 2
608 320 3 8192 2.000000000 2
608 332 3 8192 2.000000000 2
608 344 3 8192 2.000000000 2
608 348 3 8192 2.000000000 2
608 360 3 8192 2.000000000 2
608 364 3 8192 2.000000000 2
608 376 3 8192 2.000000000 2
608 412 3 8192 2.000000000 2
608 416 3 8192 2.000000000 2
608 424 3 8192 2.000000000 2
608 428 3 8192 2.000000000 2
608 436 3 8192 2.000000000 2
608 472 3 8192 2.000000000 2
608 528 3 8192 2.000000000 2
608 544 3 8192 2.000000000 2
608 548 3 8192 2.000000000 2
608 560 3 8192 2.000000000 2
608 564 3 8192 2.000000000 2
608 592 3 8192 2.000000000 2
608 600 3 8192 2.000000000 2
608 652 3 8192 2.000000000 2
608 704 3 8192 2.000000000 2
608 712 3 8192 2.000000000 2
608 756 3 8192 2.000000000 2
608 784 3 8192 2.000000000 2
608 836 3 8192 2.000000000 2
608 840 3 8192 2.000000000 2
608 852 3 8192 2.000000000 2
608 856 3 8192 2.000000000 2
608 860 3 8192 2.000000000 2
608 868 3 8192 2.000000000 2
608 876 3 8192 2.000000000 2
608 932 3 8192 2.000000000 2
608 964 3 8192 2.000000000 2
608 972 3 8192 2.000000000 2
608 984 3 8192 2.000000000 2
608 1024 3 8192 2.000000000 2
608 1052 3 8192 2.000000000 2
608 1116 3 8192 2.000000000 2
608 1120 3 8192 2.000000000 2
608 1216 3 8192 2.000000000 2
608 1220 3 8192 2.000000000 2
608 1244 3 8192 2.000000000 2
608 1248 3 8192 2.000000000 2
608 1264 3 8192 2.000000000 2
612 36 3 8192 2.000000000 2
612 108 3 8192 2.000000000 2
612 120 3 8192 2.000000000 2
612 124 3 8192 2.000000000 2
612 132 3 8192 2.000000000 2
612 152 3 8192 2.000000000 2
612 168 3 8192 2.000000000 2
612 192 3 8192 2.000000000 2
612 208 3 8192 2.000000000 2
612 224 3 8192 2.000000000 2
612 244 3 8192 2.000000000 2
612 268 3 8192 2.000000000 2
612 272 3 8192 2.000000000 2
612 280 3 8192 2.000000000 2
612 316 3 8192 2.000000000 2
612 328 3 8192 2.000000000 2
612 348 3 8192 2.000000000 2
612 376 3 8192 2.000000000 2
612 416 3 8192 2.000000000 2
612 428 3 8192 2.000000000 2
612 444 3 8192 2.000000000 2
612 460 3 8192 2.000000000 2
612 476 3 8192 2.000000000 2
612 480 3 8192 2.000000000 2
612 496 3 8192 2.000000000 2
612 508 3 8192 2.000000000 2
612 516 3 8192 2.000000000 2
612 524 3 8192 2.000000000 2
612 528 3 8192 2.000000000 2
612 540 3 8192 2.000000000 2
612 544 3 8192 2.000000000 2
612 564 3 8192 2.000000000 2
612 580 3 8192 2.000000000 2
612 624 3 8192 2.000000000 2
612 632 3 8192 2.000000000 2
612 640 3 8192 2.000000000 2
612 700 3 8192 2.000000000 2
612 720 3 8192 2.000000000 2
612 724 3 8192 2.000000000 2
612 732 3 8192 2.000000000 2
612 744 3 8192 2.000000000 2
612 776 3 8192 2.000000000 2
612 812 3 8192 2.000000000 2
612 868 3 8192 2.000000000 2
612 892 3 8192 2.000000000 2
612 900 3 8192 2.000000000 2
612 920 3 8192 2.000000000 2
612 940 3 8192 2.000000000 2
612 948 3 8192 2.000000000 2
612 968 3 8192 2.000000000 2
612 992 3 8192 2.000000000 2
612 1020 3 8192 2.000000000 2
612 1032 3 8192 2.000000000 2
612 1036 3 8192 2.000000000 2
612 1052 3 8192 2.000000000 2
612 1076 3 8192 2.000000000 2
612 1080 3 8192 2.000000000 2
612 1104 3 8192 2.000000000 2
612 1112 3 8192 2.000000000 2
612 1156 3 8192 2.000000000 2
612 1164 3 8192 2.000000000 2
612 1172 3 8192 2.000000000 2
612 1180 3 8192 2.000000000 2
612 1196 3 8192 2.000000000 2
616 100 3 8192 2.000000000 2
616 108 3 8192 2.000000000 2
616 156 3 8192 2.000000000 2
616 176 3 8192 2.000000000 2
616 184 3 8192 2.000000000 2
616 192 3 8192 2.000000000 2
616 228 3 8192 2.000000000 2
616 248 3 8192 2.000000000 2
616 304 3 8192 2.000000000 2
616 308 3 8192 2.000000000 2
616 328 3 8192 2.000000000 2
616 360 3 8192 2.000000000 2
616 364 3 8192 2.000000000 2
616 376 3 8192 2.000000000 2
616 400 3 8192 2.000000000 2
616 420 3 8192 2.000000000 2
616 440 3 8192 2.000000000 2
616 444 3 8192 2.000000000 2
616 460 3 8192 2.000000000 2
616 476 3 8192 2.000000000 2
616 480 3 8192 2.000000000 2
616 500 3 8192 2.000000000 2
616 516 3 8192 2.000000000 2
616 536 3 8192 2.000000000 2
616 556 3 8192 2.000000000 2
616 560 3 8192 2.000000000 2
616 576 3 8192 2.000000000 2
616 596 3 8192 2.000000000 2
616 600 3 8192 2.000000000 2
616 624 3 8192 2.000000000 2
616 636 3 8192 2.000000000 2
616 660 3 8192 2.000000000 2
616 664 3 8192 2.000000000 2
616 668 3 8192 2.000000000 2
616 684 3 8192 2.000000000 2
616 708 3 8192 2.000000000 2
616 712 3 8192 2.000000000 2
616 728 3 8192 2.000000000 2
616 736 3 8192 2.000000000 2
616 776 3 8192 2.000000000 2
616 796 3 8192 2.000000000 2
616 808 3 8192 2.000000000 2
616 828 3 8192 2.000000000 2
616 864 3 8192 2.000000000 2
616 876 3 8192 2.000000000 2
616 900 3 8192 2.000000000 2
616 908 3 8192 2.000000000 2
616 920 3 8192 2.000000000 2
616 936 3 8192 2.000000000 2
616 948 3 8192 2.000000000 2
616 992 3 8192 2.000000000 2
616 1024 3 8192 2.000000000 2
616 1056 3 8192 2.000000000 2
616 1072 3 8192 2.000000000 2
616 1080 3 8192 2.000000000 2
616 1100 3 8192 2.000000000 2
616 1112 3 8192 2.000000000 2
616 1116 3 8192 2.000000000 2
616 1120 3 8192 2.000000000 2
616 1136 3 8192 2.000000000 2
616 1176 3 8192 2.000000000 2
616 1196 3 8192 2.000000000 2
616 1212 3 8192 2.000000000 2
616 1264 3 8192 2.000000000 2
624 8 3 8192 2.000000000 2
624 12 3 8192 2.000000000 2
624 52 3 8192 2.000000000 2
624 92 3 8192 2.000000000 2
624 116 3 8192 2.000000000 2
624 148 3 8192 2.000000000 2
624 172 3 8192 2.000000000 2
624 196 3 8192 2.000000000 2
624 224 3 8192 2.000000000 2
624 232 3 8192 2.000000000 2
624 252 3 8192 2.000000000 2
624 272 3 8192 2.000000000 2
624 288 3 8192 2.000000000 2
624 328 3 8192 2.000000000 2
624 332 3 8192 2.000000000 2
624 344 3 8192 2.000000000 2
624 364 3 8192 2.000000000 2
624 376 3 8192 2.000000000 2
624 380 3 8192 2.000000000 2
624 472 3 8192 2.000000000 2
624 512 3 8192 2.000000000 2
624 540 3 8192 2.000000000 2
624 544 3 8192 2.000000000 2
624 548 3 8192 2.000000000 2
624 564 3 8192 2.000000000 2
624 580 3 8192 2.000000000 2
624 592 3 8192 2.000000000 2
624 596 3 8192 2.000000000 2
624 600 3 8192 2.000000000 2
624 616 3 8192 2.000000000 2
624 636 3 8192 2.000000000 2
624 652 3 8192 2.000000000 2
624 700 3 8192 2.000000000 2
624 736 3 8192 2.000000000 2
624 748 3 8192 2.000000000 2
624 768 3 8192 2.000000000 2
624 836 3 8192 2.000000000 2
624 840 3 8192 2.000000000 2
624 864 3 8192 2.000000000 2
624 880 3 8192 2.000000000 2
624 888 3 8192 2.000000000 2
624 896 3 8192 2.000000000 2
624 900 3 8192 2.000000000 2
624 932 3 8192 2.000000000 2
624 936 3 8192 2.000000000 2
624 944 3 8192 2.000000000 2
624 952 3 8192 2.000000000 2
624 964 3 8192 2.000000000 2
624 984 3 8192 2.000000000 2
624 988 3 8192 2.000000000 2
624 992 3 8192 2.000000000 2
624 1020 3 8192 2.000000000 2
624 1036 3 8192 2.000000000 2
624 1040 3 8192 2.000000000 2
624 1048 3 8192 2.000000000 2
624 1052 3 8192 2.000000000 2
624 1092 3 8192 2.000000000 2
624 1116 3 8192 2.000000000 2
624 1124 3 8192 2.000000000 2
624 1168 3 8192 2.000000000 2
624 1192 3 8192 2.000000000 2
624 1204 3 8192 2.000000000 2
624 1208 3 8192 2.000000000 2
624 1264 3 8192 2.000000000 2
628 8 3 8192 2.000000000 2
628 20 3 8192 2.000000000 2
628 28 3 8192 2.000000000 2
628 48 3 8192 2.000000000 2
628 56 3 8192 2.000000000 2
628 72 3 8192 2.000000000 2
628 84 3 8192 2.000000000 2
628 88 3 8192 2.000000000 2
628 96 3 8192 2.000000000 2
628 100 3 8192 2.000000000 2
628 104 3 8192 2.000000000 2
628 108 3 8192 2.000000000 2
628 112 3 8192 2.000000000 2
628 136 3 8192 2.000000000 2
628 168 3 8192 2.000000000 2
628 272 3 8192 2.000000000 2
628 300 3 8192 2.000000000 2
628 308 3 8192 2.000000000 2
628 316 3 8192 2.000000000 2
628 320 3 8192 2.000000000 2
628 328 3 8192 2.000000000 2
628 352 3 8192 2.000000000 2
628 364 3 8192 2.000000000 2
628 380 3 8192 2.000000000 2
628 404 3 8192 2.000000000 2
628 472 3 8192 2.000000000 2
628 512 3 8192 2.000000000 2
628 516 3 8192 2.000000000 2
628 520 3 8192 2.000000000 2
628 524 3 8192 2.000000000 2
628 536 3 8192 2.000000000 2
628 580 3 8192 2.000000000 2
628 600 3 8192 2.000000000 2
628 616 3 8192 2.000000000 2
628 648 3 8192 2.000000000 2
628 660 3 8192 2.000000000 2
628 688 3 8192 2.000000000 2
628 700 3 8192 2.000000000 2
628 708 3 8192 2.000000000 2
628 716 3 8192 2.000000000 2
628 736 3 8192 2.000000000 2
628 748 3 8192 2.000000000 2
628 776 3 8192 2.000000000 2
628 796 3 8192 2.000000000 2
628 816 3 8192 2.000000000 2
628 828 3 8192 2.000000000 2
628 836 3 8192 2.000000000 2
628 848 3 8192 2.000000000 2
628 856 3 8192 2.000000000 2
628 900 3 8192 2.000000000 2
628 920 3 8192 2.000000000 2
628 1008 3 8192 2.000000000 2
628 1036 3 8192 2.000000000 2
628 1040 3 8192 2.000000000 2
628 1056 3 8192 2.000000000 2
628 1100 3 8192 2.000000000 2
628 1108 3 8192 2.000000000 2
628 1116 3 8192 2.000000000 2
628 1156 3 8192 2.000000000 2
628 1160 3 8192 2.000000000 2
628 1164 3 8192 2.000000000 2
628 1168 3 8192 2.000000000 2
628 1220 3 8192 2.000000000 2
628 1244 3 8192 2.000000000 2
632 12 3 8192 2.000000000 2
632 28 3 8192 2.000000000 2
632 44 3 8192 2.000000000 2
632 48 3 8192 2.000000000 2
632 76 3 8192 2.000000000 2
632 92 3 8192 2.000000000 2
632 100 3 8192 2.000000000 2
632 104 3 8192 2.000000000 2
632 168 3 8192 2.000000000 2
632 172 3 8192 2.000000000 2
632 180 3 8192 2.000000000 2
632 188 3 8192 2.000000000 2
632 204 3 8192 2.000000000 2
632 220 3 8192 2.000000000 2
632 232 3 8192 2.000000000 2
632 248 3 8192 2.000000000 2
632 284 3 8192 2.000000000 2
632 288 3 8192 2.000000000 2
632 304 3 8192 2.000000000 2
632 320 3 8192 2.000000000 2
632 344 3 8192 2.000000000 2
632 356 3 8192 2.000000000 2
632 360 3 8192 2.000000000 2
632 384 3 8192 2.000000000 2
632 452 3 8192 2.000000000 2
632 460 3 8192 2.000000000 2
632 468 3 8192 2.000000000 2
632 480 3 8192 2.000000000 2
632 564 3 8192 2.000000000 2
632 580 3 8192 2.000000000 2
632 596 3 8192 2.000000000 2
632 624 3 8192 2.000000000 2
632 660 3 8192 2.000000000 2
632 724 3 8192 2.000000000 2
632 736 3 8192 2.000000000 2
632 756 3 8192 2.000000000 2
632 760 3 8192 2.000000000 2
632 764 3 8192 2.000000000 2
632 808 3 8192 2.000000000 2
632 816 3 8192 2.000000000 2
632 828 3 8192 2.000000000 2
632 836 3 8192 2.000000000 2
632 840 3 8192 2.000000000 2
632 876 3 8192 2.000000000 2
632 932 3 8192 2.000000000 2
632 944 3 8192 2.000000000 2
632 948 3 8192 2.000000000 2
632 964 3 8192 2.000000000 2
632 972 3 8192 2.000000000 2
632 992 3 8192 2.000000000 2
632 1024 3 8192 2.000000000 2
632 1048 3 8192 2.000000000 2
632 1076 3 8192 2.000000000 2
632 1108 3 8192 2.000000000 2
632 1112 3 8192 2.000000000 2
632 1136 3 8192 2.000000000 2
632 1148 3 8192 2.000000000 2
632 1156 3 8192 2.000000000 2
632 1176 3 8192 2.000000000 2
632 1184 3 8192 2.000000000 2
632 1196 3 8192 2.000000000 2
632 1204 3 8192 2.000000000 2
632 1212 3 8192 2.000000000 2
632 1216 3 8192 2.000000000 2
636 36 3 8192 2.000000000 2
636 76 3 8192 2.000000000 2
636 104 3 8192 2.000000000 2
636 108 3 8192 2.000000000 2
636 112 3 8192 2.000000000 2
636 120 3 8192 2.000000000 2
636 136 3 8192 2.000000000 2
636 148 3 8192 2.000000000 2
636 164 3 8192 2.000000000 2
636 172 3 8192 2.000000000 2
636 180 3 8192 2.000000000 2
636 208 3 8192 2.000000000 2
636 216 3 8192 2.000000000 2
636 232 3 8192 2.000000000 2
636 236 3 8192 2.000000000 2
636 244 3 8192 2.000000000 2
636 296 3 8192 2.000000000 2
636 304 3 8192 2.000000000 2
636 332 3 8192 2.000000000 2
636 356 3 8192 2.000000000 2
636 364 3 8192 2.000000000 2
636 372 3 8192 2.000000000 2
636 396 3 8192 2.000000000 2
636 436 3 8192 2.000000000 2
636 448 3 8192 2.000000000 2
636 452 3 8192 2.000000000 2
636 476 3 8192 2.000000000 2
636 496 3 8192 2.000000000 2
636 528 3 8192 2.000000000 2
636 608 3 8192 2.000000000 2
636 628 3 8192 2.000000000 2
636 648 3 8192 2.000000000 2
636 656 3 8192 2.000000000 2
636 664 3 8192 2.000000000 2
636 692 3 8192 2.000000000 2
636 700 3 8192 2.000000000 2
636 728 3 8192 2.000000000 2
636 736 3 8192 2.000000000 2
636 744 3 8192 2.000000000 2
636 788 3 8192 2.000000000 2
636 792 3 8192 2.000000000 2
636 828 3 8192 2.000000000 2
636 836 3 8192 2.000000000 2
636 860 3 8192 2.000000000 2
636 904 3 8192 2.000000000 2
636 908 3 8192 2.000000000 2
636 968 3 8192 2.000000000 2
636 972 3 8192 2.000000000 2
636 980 3 8192 2.000000000 2
636 1012 3 8192 2.000000000 2
636 1032 3 8192 2.000000000 2
636 1036 3 8192 2.000000000 2
636 1048 3 8192 2.000000000 2
636 1084 3 8192 2.000000000 2
636 1116 3 8192 2.000000000 2
636 1120 3 8192 2.000000000 2
636 1128 3 8192 2.000000000 2
636 1148 3 8192 2.000000000 2
636 1164 3 8192 2.000000000 2
636 1180 3 8192 2.000000000 2
636 1196 3 8192 2.000000000 2
636 1200 3 8192 2.000000000 2
636 1208 3 8192 2.000000000 2
636 1228 3 8192 2.000000000 2
640 8 3 8192 2.000000000 2
640 12 3 8192 2.000000000 2
640 20 3 8192 2.000000000 2
640 32 3 8192 2.000000000 2
640 44 3 8192 2.000000000 2
640 68 3 8192 2.000000000 2
640 72 3 8192 2.000000000 2
640 108 3 8192 2.000000000 2
640 116 3 8192 2.000000000 2
640 120 3 8192 2.000000000 2
640 164 3 8192 2.000000000 2
640 180 3 8192 2.000000000 2
640 216 3 8192 2.000000000 2
640 220 3 8192 2.000000000 2
640 224 3 8192 2.000000000 2
640 236 3 8192 2.000000000 2
640 248 3 8192 2.000000000 2
640 264 3 8192 2.000000000 2
640 296 3 8192 2.000000000 2
640 308 3 8192 2.000000000 2
640 312 3 8192 2.000000000 2
640 348 3 8192 2.000000000 2
640 364 3 8192 2.000000000 2
640 388 3 8192 2.000000000 2
640 396 3 8192 2.000000000 2
640 424 3 8192 2.000000000 2
640 460 3 8192 2.000000000 2
640 512 3 8192 2.000000000 2
640 520 3 8192 2.000000000 2
640 544 3 8192 2.000000000 2
640 556 3 8192 2.000000000 2
640 580 3 8192 2.000000000 2
640 584 3 8192 2.000000000 2
640 636 3 8192 2.000000000 2
640 652 3 8192 2.000000000 2
640 688 3 8192 2.000000000 2
640 696 3 8192 2.000000000 2
640 704 3 8192 2.000000000 2
640 728 3 8192 2.000000000 2
640 744 3 8192 2.000000000 2
640 752 3 8192 2.000000000 2
640 764 3 8192 2.000000000 2
640 776 3 8192 2.000000000 2
640 784 3 8192 2.000000000 2
640 792 3 8192 2.000000000 2
640 840 3 8192 2.000000000 2
640 908 3 8192 2.000000000 2
640 964 3 8192 2.000000000 2
640 972 3 8192 2.000000000 2
640 980 3 8192 2.000000000 2
640 996 3 8192 2.000000000 2
640 1008 3 8192 2.000000000 2
640 1044 3 8192 2.000000000 2
640 1056 3 8192 2.000000000 2
640 1092 3 8192 2.000000000 2
640 1112 3 8192 2.000000000 2
640 1132 3 8192 2.000000000 2
640 1136 3 8192 2.000000000 2
640 1156 3 8192 2.000000000 2
640 1168 3 8192 2.000000000 2
640 1220 3 8192 2.000000000 2
640 1224 3 8192 2.000000000 2
640 1244 3 8192 2.000000000 2
640 1256 3 8192 2.000000000 2
644 4 3 8192 2.000000000 2
644 16 3 8192 2.000000000 2
644 36 3 8192 2.000000000 2
644 40 3 8192 2.000000000 2
644 44 3 8192 2.000000000 2
644 48 3 8192 2.000000000 2
644 56 3 8192 2.000000000 2
644 68 3 8192 2.000000000 2
644 72 3 8192 2.000000000 2
644 88 3 8192 2.000000000 2
644 92 3 8192 2.000000000 2
644 96 3 8192 2.000000000 2
644 112 3 8192 2.000000000 2
644 124 3 8192 2.000000000 2
644 128 3 8192 2.000000000 2
644 176 3 8192 2.000000000 2
644 180 3 8192 2.000000000 2
644 216 3 8192 2.000000000 2
644 240 3 8192 2.000000000 2
644 248 3 8192 2.000000000 2
644 288 3 8192 2.000000000 2
644 296 3 8192 2.000000000 2
644 344 3 8192 2.000000000 2
644 384 3 8192 2.000000000 2
644 392 3 8192 2.000000000 2
644 404 3 8192 2.000000000 2
644 420 3 8192 2.000000000 2
644 440 3 8192 2.000000000 2
644 452 3 8192 2.000000000 2
644 472 3 8192 2.000000000 2
644 480 3 8192 2.000000000 2
644 576 3 8192 2.000000000 2
644 600 3 8192 2.000000000 2
644 624 3 8192 2.000000000 2
644 628 3 8192 2.000000000 2
644 636 3 8192 2.000000000 2
644 652 3 8192 2.000000000 2
644 656 3 8192 2.000000000 2
644 728 3 8192 2.000000000 2
644 732 3 8192 2.000000000 2
644 744 3 8192 2.000000000 2
644 760 3 8192 2.000000000 2
644 788 3 8192 2.000000000 2
644 792 3 8192 2.000000000 2
644 856 3 8192 2.000000000 2
644 868 3 8192 2.000000000 2
644 892 3 8192 2.000000000 2
644 900 3 8192 2.000000000 2
644 920 3 8192 2.000000000 2
644 932 3 8192 2.000000000 2
644 940 3 8192 2.000000000 2
644 980 3 8192 2.000000000 2
644 988 3 8192 2.000000000 2
644 996 3 8192 2.000000000 2
644 1020 3 8192 2.000000000 2
644 1048 3 8192 2.000000000 2
644 1052 3 8192 2.000000000 2
644 1072 3 8192 2.000000000 2
644 1100 3 8192 2.000000000 2
644 1104 3 8192 2.000000000 2
644 1108 3 8192 2.000000000 2
644 1172 3 8192 2.000000000 2
644 1192 3 8192 2.000000000 2
644 1216 3 8192 2.000000000 2
648 32 3 8192 2.000000000 2
648 36 3 8192 2.000000000 2
648 44 3 8192 2.000000000 2
648 48 3 8192 2.000000000 2
648 52 3 8192 2.000000000 2
648 92 3 8192 2.000000000 2
648 108 3 8192 2.000000000 2
648 132 3 8192 2.000000000 2
648 148 3 8192 2.000000000 2
648 164 3 8192 2.000000000 2
648 172 3 8192 2.000000000 2
648 188 3 8192 2.000000000 2
648 208 3 8192 2.000000000 2
648 220 3 8192 2.000000000 2
648 224 3 8192 2.000000000 2
648 240 3 8192 2.000000000 2
648 272 3 8192 2.000000000 2
648 280 3 8192 2.000000000 2
648 304 3 8192 2.000000000 2
648 336 3 8192 2.000000000 2
648 404 3 8192 2.000000000 2
648 428 3 8192 2.000000000 2
648 436 3 8192 2.000000000 2
648 440 3 8192 2.000000000 2
648 444 3 8192 2.000000000 2
648 448 3 8192 2.000000000 2
648 452 3 8192 2.000000000 2
648 472 3 8192 2.000000000 2
648 500 3 8192 2.000000000 2
648 516 3 8192 2.000000000 2
648 524 3 8192 2.000000000 2
648 548 3 8192 2.000000000 2
648 560 3 8192 2.000000000 2
648 564 3 8192 2.000000000 2
648 580 3 8192 2.000000000 2
648 632 3 8192 2.000000000 2
648 656 3 8192 2.000000000 2
648 660 3 8192 2.000000000 2
648 692 3 8192 2.000000000 2
648 700 3 8192 2.000000000 2
648 712 3 8192 2.000000000 2
648 724 3 8192 2.000000000 2
648 760 3 8192 2.000000000 2
648 768 3 8192 2.000000000 2
648 776 3 8192 2.000000000 2
648 788 3 8192 2.000000000 2
648 816 3 8192 2.000000000 2
648 852 3 8192 2.000000000 2
648 864 3 8192 2.000000000 2
648 892 3 8192 2.000000000 2
648 896 3 8192 2.000000000 2
648 972 3 8192 2.000000000 2
648 984 3 8192 2.000000000 2
648 992 3 8192 2.000000000 2
648 1044 3 8192 2.000000000 2
648 1084 3 8192 2.000000000 2
648 1104 3 8192 2.000000000 2
648 1108 3 8192 2.000000000 2
648 1116 3 8192 2.000000000 2
648 1148 3 8192 2.000000000 2
648 1180 3 8192 2.000000000 2
648 1220 3 8192 2.000000000 2
648 1236 3 8192 2.000000000 2
648 1244 3 8192 2.000000000 2
652 4 3 8192 2.000000000 2
652 92 3 8192 2.000000000 2
652 120 3 8192 2.000000000 2
652 128 3 8192 2.000000000 2
652 176 3 8192 2.000000000 2
652 216 3 8192 2.000000000 2
652 236 3 8192 2.000000000 2
652 244 3 8192 2.000000000 2
652 252 3 8192 2.000000000 2
652 272 3 8192 2.000000000 2
652 284 3 8192 2.000000000 2
652 292 3 8192 2.000000000 2
652 308 3 8192 2.000000000 2
652 316 3 8192 2.000000000 2
652 348 3 8192 2.000000000 2
652 352 3 8192 2.000000000 2
652 372 3 8192 2.000000000 2
652 396 3 8192 2.000000000 2
652 448 3 8192 2.000000000 2
652 468 3 8192 2.000000000 2
652 512 3 8192 2.000000000 2
652 516 3 8192 2.000000000 2
652 524 3 8192 2.000000000 2
652 540 3 8192 2.000000000 2
652 544 3 8192 2.000000000 2
652 556 3 8192 2.000000000 2
652 596 3 8192 2.000000000 2
652 612 3 8192 2.000000000 2
652 628 3 8192 2.000000000 2
652 660 3 8192 2.000000000 2
652 664 3 8192 2.000000000 2
652 668 3 8192 2.000000000 2
652 696 3 8192 2.000000000 2
652 700 3 8192 2.000000000 2
652 708 3 8192 2.000000000 2
652 728 3 8192 2.000000000 2
652 732 3 8192 2.000000000 2
652 748 3 8192 2.000000000 2
652 764 3 8192 2.000000000 2
652 784 3 8192 2.000000000 2
652 812 3 8192 2.000000000 2
652 828 3 8192 2.000000000 2
652 900 3 8192 2.000000000 2
652 948 3 8192 2.000000000 2
652 968 3 8192 2.000000000 2
652 1036 3 8192 2.000000000 2
652 1044 3 8192 2.000000000 2
652 1048 3 8192 2.000000000 2
652 1068 3 8192 2.000000000 2
652 1092 3 8192 2.000000000 2
652 1108 3 8192 2.000000000 2
652 1116 3 8192 2.000000000 2
652 1120 3 8192 2.000000000 2
652 1128 3 8192 2.000000000 2
652 1132 3 8192 2.000000000 2
652 1168 3 8192 2.000000000 2
652 1184 3 8192 2.000000000 2
652 1192 3 8192 2.000000000 2
652 1196 3 8192 2.000000000 2
652 1200 3 8192 2.000000000 2
652 1220 3 8192 2.000000000 2
652 1228 3 8192 2.000000000 2
652 1244 3 8192 2.000000000 2
652 1272 3 8192 2.000000000 2
656 8 3 8192 2.000000000 2
656 24 3 8192 2.000000000 2
656 52 3 8192 2.000000000 2
656 56 3 8192 2.000000000 2
656 64 3 8192 2.000000000 2
656 72 3 8192 2.000000000 2
656 88 3 8192 2.000000000 2
656 100 3 8192 2.000000000 2
656 116 3 8192 2.000000000 2
656 168 3 8192 2.000000000 2
656 176 3 8192 2.000000000 2
656 196 3 8192 2.000000000 2
656 216 3 8192 2.000000000 2
656 220 3 8192 2.000000000 2
656 248 3 8192 2.000000000 2
656 268 3 8192 2.000000000 2
656 272 3 8192 2.000000000 2
656 288 3 8192 2.000000000 2
656 296 3 8192 2.000000000 2
656 360 3 8192 2.000000000 2
656 384 3 8192 2.000000000 2
656 400 3 8192 2.000000000 2
656 416 3 8192 2.000000000 2
656 460 3 8192 2.000000000 2
656 468 3 8192 2.000000000 2
656 472 3 8192 2.000000000 2
656 484 3 8192 2.000000000 2
656 496 3 8192 2.000000000 2
656 508 3 8192 2.000000000 2
656 512 3 8192 2.000000000 2
656 524 3 8192 2.000000000 2
656 528 3 8192 2.000000000 2
656 556 3 8192 2.000000000 2
656 600 3 8192 2.000000000 2
656 612 3 8192 2.000000000 2
656 636 3 8192 2.000000000 2
656 640 3 8192 2.000000000 2
656 644 3 8192 2.000000000 2
656 688 3 8192 2.000000000 2
656 696 3 8192 2.000000000 2
656 764 3 8192 2.000000000 2
656 792 3 8192 2.000000000 2
656 812 3 8192 2.000000000 2
656 816 3 8192 2.000000000 2
656 880 3 8192 2.000000000 2
656 940 3 8192 2.000000000 2
656 948 3 8192 2.000000000 2
656 952 3 8192 2.000000000 2
656 964 3 8192 2.000000000 2
656 968 3 8192 2.000000000 2
656 1008 3 8192 2.000000000 2
656 1012 3 8192 2.000000000 2
656 1036 3 8192 2.000000000 2
656 1044 3 8192 2.000000000 2
656 1052 3 8192 2.000000000 2
656 1092 3 8192 2.000000000 2
656 1104 3 8192 2.000000000 2
656 1108 3 8192 2.000000000 2
656 1132 3 8192 2.000000000 2
656 1136 3 8192 2.000000000 2
656 1164 3 8192 2.000000000 2
656 1168 3 8192 2.000000000 2
656 1176 3 8192 2.000000000 2
656 1192 3 8192 2.000000000 2
660 16 3 8192 2.000000000 2
660 24 3 8192 2.000000000 2
660 32 3 8192 2.000000000 2
660 44 3 8192 2.000000000 2
660 84 3 8192 2.000000000 2
660 92 3 8192 2.000000000 2
660 108 3 8192 2.000000000 2
660 176 3 8192 2.000000000 2
660 224 3 8192 2.000000000 2
660 240 3 8192 2.000000000 2
660 260 3 8192 2.000000000 2
660 268 3 8192 2.000000000 2
660 308 3 8192 2.000000000 2
660 352 3 8192 2.000000000 2
660 384 3 8192 2.000000000 2
660 416 3 8192 2.000000000 2
660 420 3 8192 2.000000000 2
660 424 3 8192 2.000000000 2
660 448 3 8192 2.000000000 2
660 484 3 8192 2.000000000 2
660 508 3 8192 2.000000000 2
660 536 3 8192 2.000000000 2
660 540 3 8192 2.000000000 2
660 576 3 8192 2.000000000 2
660 580 3 8192 2.000000000 2
660 584 3 8192 2.000000000 2
660 616 3 8192 2.000000000 2
660 648 3 8192 2.000000000 2
660 652 3 8192 2.000000000 2
660 664 3 8192 2.000000000 2
660 676 3 8192 2.000000000 2
660 696 3 8192 2.000000000 2
660 732 3 8192 2.000000000 2
660 744 3 8192 2.000000000 2
660 756 3 8192 2.000000000 2
660 784 3 8192 2.000000000 2
660 792 3 8192 2.000000000 2
660 828 3 8192 2.000000000 2
660 836 3 8192 2.000000000 2
660 864 3 8192 2.000000000 2
660 880 3 8192 2.000000000 2
660 892 3 8192 2.000000000 2
660 920 3 8192 2.000000000 2
660 940 3 8192 2.000000000 2
660 944 3 8192 2.000000000 2
660 968 3 8192 2.000000000 2
660 980 3 8192 2.000000000 2
660 988 3 8192 2.000000000 2
660 992 3 8192 2.000000000 2
660 1008 3 8192 2.000000000 2
660 1056 3 8192 2.000000000 2
660 1084 3 8192 2.000000000 2
660 1108 3 8192 2.000000000 2
660 1112 3 8192 2.000000000 2
660 1124 3 8192 2.000000000 2
660 1132 3 8192 2.000000000 2
660 1156 3 8192 2.000000000 2
660 1168 3 8192 2.000000000 2
660 1172 3 8192 2.000000000 2
660 1200 3 8192 2.000000000 2
660 1208 3 8192 2.000000000 2
660 1248 3 8192 2.000000000 2
660 1256 3 8192 2.000000000 2
660 1272 3 8192 2.000000000 2
664 16 3 8192 2.000000000 2
664 20 3 8192 2.000000000 2
664 72 3 8192 2.000000000 2
664 84 3 8192 2.000000000 2
664 96 3 8192 2.000000000 2
664 124 3 8192 2.000000000 2
664 128 3 8192 2.000000000 2
664 132 3 8192 2.000000000 2
664 156 3 8192 2.000000000 2
664 172 3 8192 2.000000000 2
664 176 3 8192 2.000000000 2
664 204 3 8192 2.000000000 2
664 208 3 8192 2.000000000 2
664 216 3 8192 2.000000000 2
664 244 3 8192 2.000000000 2
664 280 3 8192 2.000000000 2
664 288 3 8192 2.000000000 2
664 304 3 8192 2.000000000 2
664 372 3 8192 2.000000000 2
664 384 3 8192 2.000000000 2
664 388 3 8192 2.000000000 2
664 404 3 8192 2.000000000 2
664 436 3 8192 2.000000000 2
664 472 3 8192 2.000000000 2
664 476 3 8192 2.000000000 2
664 496 3 8192 2.000000000 2
664 512 3 8192 2.000000000 2
664 520 3 8192 2.000000000 2
664 524 3 8192 2.000000000 2
664 536 3 8192 2.000000000 2
664 544 3 8192 2.000000000 2
664 576 3 8192 2.000000000 2
664 580 3 8192 2.000000000 2
664 596 3 8192 2.000000000 2
664 628 3 8192 2.000000000 2
664 636 3 8192 2.000000000 2
664 648 3 8192 2.000000000 2
664 656 3 8192 2.000000000 2
664 676 3 8192 2.000000000 2
664 684 3 8192 2.000000000 2
664 700 3 8192 2.000000000 2
664 720 3 8192 2.000000000 2
664 808 3 8192 2.000000000 2
664 940 3 8192 2.000000000 2
664 952 3 8192 2.000000000 2
664 964 3 8192 2.000000000 2
664 980 3 8192 2.000000000 2
664 984 3 8192 2.000000000 2
664 1052 3 8192 2.000000000 2
664 1068 3 8192 2.000000000 2
664 1076 3 8192 2.000000000 2
664 1080 3 8192 2.000000000 2
664 1100 3 8192 2.000000000 2
664 1104 3 8192 2.000000000 2
664 1108 3 8192 2.000000000 2
664 1120 3 8192 2.000000000 2
664 1156 3 8192 2.000000000 2
664 1160 3 8192 2.000000000 2
664 1180 3 8192 2.000000000 2
664 1184 3 8192 2.000000000 2
664 1196 3 8192 2.000000000 2
664 1220 3 8192 2.000000000 2
664 1228 3 8192 2.000000000 2
664 1272 3 8192 2.000000000 2
668 8 3 8192 2.000000000 2
668 16 3 8192 2.000000000 2
668 32 3 8192 2.000000000 2
668 56 3 8192 2.000000000 2
668 72 3 8192 2.000000000 2
668 120 3 8192 2.000000000 2
668 148 3 8192 2.000000000 2
668 188 3 8192 2.000000000 2
668 196 3 8192 2.000000000 2
668 204 3 8192 2.000000000 2
668 208 3 8192 2.000000000 2
668 268 3 8192 2.000000000 2
668 272 3 8192 2.000000000 2
668 288 3 8192 2.000000000 2
668 300 3 8192 2.000000000 2
668 304 3 8192 2.000000000 2
668 308 3 8192 2.000000000 2
668 320 3 8192 2.000000000 2
668 332 3 8192 2.000000000 2
668 376 3 8192 2.000000000 2
668 392 3 8192 2.000000000 2
668 400 3 8192 2.000000000 2
668 404 3 8192 2.000000000 2
668 428 3 8192 2.000000000 2
668 448 3 8192 2.000000000 2
668 460 3 8192 2.000000000 2
668 556 3 8192 2.000000000 2
668 576 3 8192 2.000000000 2
668 628 3 8192 2.000000000 2
668 636 3 8192 2.000000000 2
668 640 3 8192 2.000000000 2
668 644 3 8192 2.000000000 2
668 652 3 8192 2.000000000 2
668 696 3 8192 2.000000000 2
668 704 3 8192 2.000000000 2
668 712 3 8192 2.000000000 2
668 716 3 8192 2.000000000 2
668 732 3 8192 2.000000000 2
668 736 3 8192 2.000000000 2
668 744 3 8192 2.000000000 2
668 764 3 8192 2.000000000 2
668 768 3 8192 2.000000000 2
668 808 3 8192 2.000000000 2
668 812 3 8192 2.000000000 2
668 836 3 8192 2.000000000 2
668 848 3 8192 2.000000000 2
668 852 3 8192 2.000000000 2
668 860 3 8192 2.000000000 2
668 864 3 8192 2.000000000 2
668 904 3 8192 2.000000000 2
668 936 3 8192 2.000000000 2
668 940 3 8192 2.000000000 2
668 944 3 8192 2.000000000 2
668 952 3 8192 2.000000000 2
668 984 3 8192 2.000000000 2
668 1024 3 8192 2.000000000 2
668 1040 3 8192 2.000000000 2
668 1076 3 8192 2.000000000 2
668 1104 3 8192 2.000000000 2
668 1160 3 8192 2.000000000 2
668 1172 3 8192 2.000000000 2
668 1180 3 8192 2.000000000 2
668 1196 3 8192 2.000000000 2
668 1256 3 8192 2.000000000 2
676 4 3 8192 2.000000000 2
676 16 3 8192 2.000000000 2
676 20 3 8192 2.000000000 2
676 24 3 8192 2.000000000 2
676 32 3 8192 2.000000000 2
676 44 3 8192 2.000000000 2
676 56 3 8192 2.000000000 2
676 100 3 8192 2.000000000 2
676 104 3 8192 2.000000000 2
676 124 3 8192 2.000000000 2
676 148 3 8192 2.000000000 2
676 156 3 8192 2.000000000 2
676 176 3 8192 2.000000000 2
676 216 3 8192 2.000000000 2
676 220 3 8192 2.000000000 2
676 236 3 8192 2.000000000 2
676 252 3 8192 2.000000000 2
676 260 3 8192 2.000000000 2
676 264 3 8192 2.000000000 2
676 268 3 8192 2.000000000 2
676 300 3 8192 2.000000000 2
676 336 3 8192 2.000000000 2
676 352 3 8192 2.000000000 2
676 356 3 8192 2.000000000 2
676 364 3 8192 2.000000000 2
676 384 3 8192 2.000000000 2
676 388 3 8192 2.000000000 2
676 420 3 8192 2.000000000 2
676 444 3 8192 2.000000000 2
676 472 3 8192 2.000000000 2
676 496 3 8192 2.000000000 2
676 528 3 8192 2.000000000 2
676 560 3 8192 2.000000000 2
676 600 3 8192 2.000000000 2
676 608 3 8192 2.000000000 2
676 644 3 8192 2.000000000 2
676 652 3 8192 2.000000000 2
676 696 3 8192 2.000000000 2
676 708 3 8192 2.000000000 2
676 724 3 8192 2.000000000 2
676 736 3 8192 2.000000000 2
676 748 3 8192 2.000000000 2
676 752 3 8192 2.000000000 2
676 788 3 8192 2.000000000 2
676 828 3 8192 2.000000000 2
676 852 3 8192 2.000000000 2
676 876 3 8192 2.000000000 2
676 896 3 8192 2.000000000 2
676 908 3 8192 2.000000000 2
676 988 3 8192 2.000000000 2
676 992 3 8192 2.000000000 2
676 1036 3 8192 2.000000000 2
676 1040 3 8192 2.000000000 2
676 1044 3 8192 2.000000000 2
676 1072 3 8192 2.000000000 2
676 1076 3 8192 2.000000000 2
676 1080 3 8192 2.000000000 2
676 1104 3 8192 2.000000000 2
676 1108 3 8192 2.000000000 2
676 1116 3 8192 2.000000000 2
676 1160 3 8192 2.000000000 2
676 1216 3 8192 2.000000000 2
676 1236 3 8192 2.000000000 2
676 1264 3 8192 2.000000000 2
684 24 3 8192 2.000000000 2
684 44 3 8192 2.000000000 2
684 84 3 8192 2.000000000 2
684 88 3 8192 2.000000000 2
684 96 3 8192 2.000000000 2
684 136 3 8192 2.000000000 2
684 168 3 8192 2.000000000 2
684 180 3 8192 2.000000000 2
684 224 3 8192 2.000000000 2
684 228 3 8192 2.000000000 2
684 276 3 8192 2.000000000 2
684 344 3 8192 2.000000000 2
684 352 3 8192 2.000000000 2
684 356 3 8192 2.000000000 2
684 380 3 8192 2.000000000 2
684 392 3 8192 2.000000000 2
684 396 3 8192 2.000000000 2
684 400 3 8192 2.000000000 2
684 420 3 8192 2.000000000 2
684 428 3 8192 2.000000000 2
684 436 3 8192 2.000000000 2
684 444 3 8192 2.000000000 2
684 468 3 8192 2.000000000 2
684 496 3 8192 2.000000000 2
684 520 3 8192 2.000000000 2
684 528 3 8192 2.000000000 2
684 536 3 8192 2.000000000 2
684 556 3 8192 2.000000000 2
684 596 3 8192 2.000000000 2
684 608 3 8192 2.000000000 2
684 616 3 8192 2.000000000 2
684 632 3 8192 2.000000000 2
684 636 3 8192 2.000000000 2
684 644 3 8192 2.000000000 2
684 668 3 8192 2.000000000 2
684 692 3 8192 2.000000000 2
684 708 3 8192 2.000000000 2
684 744 3 8192 2.000000000 2
684 760 3 8192 2.000000000 2
684 788 3 8192 2.000000000 2
684 812 3 8192 2.000000000 2
684 840 3 8192 2.000000000 2
684 900 3 8192 2.000000000 2
684 920 3 8192 2.000000000 2
684 944 3 8192 2.000000000 2
684 964 3 8192 2.000000000 2
684 972 3 8192 2.000000000 2
684 984 3 8192 2.000000000 2
684 996 3 8192 2.000000000 2
684 1048 3 8192 2.000000000 2
684 1072 3 8192 2.000000000 2
684 1080 3 8192 2.000000000 2
684 1112 3 8192 2.000000000 2
684 1116 3 8192 2.000000000 2
684 1128 3 8192 2.000000000 2
684 1148 3 8192 2.000000000 2
684 1164 3 8192 2.000000000 2
684 1172 3 8192 2.000000000 2
684 1176 3 8192 2.000000000 2
684 1184 3 8192 2.000000000 2
684 1208 3 8192 2.000000000 2
684 1212 3 8192 2.000000000 2
684 1248 3 8192 2.000000000 2
684 1272 3 8192 2.000000000 2
688 4 3 8192 2.000000000 2
688 12 3 8192 2.000000000 2
688 16 3 8192 2.000000000 2
688 40 3 8192 2.000000000 2
688 104 3 8192 2.000000000 2
688 112 3 8192 2.000000000 2
688 120 3 8192 2.000000000 2
688 136 3 8192 2.000000000 2
688 148 3 8192 2.000000000 2
688 168 3 8192 2.000000000 2
688 172 3 8192 2.000000000 2
688 184 3 8192 2.000000000 2
688 188 3 8192 2.000000000 2
688 224 3 8192 2.000000000 2
688 240 3 8192 2.000000000 2
688 244 3 8192 2.000000000 2
688 276 3 8192 2.000000000 2
688 288 3 8192 2.000000000 2
688 320 3 8192 2.000000000 2
688 380 3 8192 2.000000000 2
688 392 3 8192 2.000000000 2
688 400 3 8192 2.000000000 2
688 440 3 8192 2.000000000 2
688 472 3 8192 2.000000000 2
688 476 3 8192 2.000000000 2
688 512 3 8192 2.000000000 2
688 528 3 8192 2.000000000 2
688 536 3 8192 2.000000000 2
688 548 3 8192 2.000000000 2
688 556 3 8192 2.000000000 2
688 560 3 8192 2.000000000 2
688 576 3 8192 2.000000000 2
688 600 3 8192 2.000000000 2
688 628 3 8192 2.000000000 2
688 692 3 8192 2.000000000 2
688 696 3 8192 2.000000000 2
688 732 3 8192 2.000000000 2
688 744 3 8192 2.000000000 2
688 748 3 8192 2.000000000 2
688 752 3 8192 2.000000000 2
688 792 3 8192 2.000000000 2
688 808 3 8192 2.000000000 2
688 812 3 8192 2.000000000 2
688 828 3 8192 2.000000000 2
688 856 3 8192 2.000000000 2
688 900 3 8192 2.000000000 2
688 908 3 8192 2.000000000 2
688 940 3 8192 2.000000000 2
688 972 3 8192 2.000000000 2
688 1040 3 8192 2.000000000 2
688 1052 3 8192 2.000000000 2
688 1068 3 8192 2.000000000 2
688 1084 3 8192 2.000000000 2
688 1100 3 8192 2.000000000 2
688 1112 3 8192 2.000000000 2
688 1132 3 8192 2.000000000 2
688 1176 3 8192 2.000000000 2
688 1184 3 8192 2.000000000 2
688 1192 3 8192 2.000000000 2
688 1200 3 8192 2.000000000 2
688 1228 3 8192 2.000000000 2
688 1236 3 8192 2.000000000 2
688 1244 3 8192 2.000000000 2
688 1264 3 8192 2.000000000 2
692 12 3 8192 2.000000000 2
692 44 3 8192 2.000000000 2
692 56 3 8192 2.000000000 2
692 72 3 8192 2.000000000 2
692 112 3 8192 2.000000000 2
692 120 3 8192 2.000000000 2
692 156 3 8192 2.000000000 2
692 172 3 8192 2.000000000 2
692 188 3 8192 2.000000000 2
692 196 3 8192 2.000000000 2
692 208 3 8192 2.000000000 2
692 216 3 8192 2.000000000 2
692 248 3 8192 2.000000000 2
692 272 3 8192 2.000000000 2
692 276 3 8192 2.000000000 2
692 288 3 8192 2.000000000 2
692 308 3 8192 2.000000000 2
692 328 3 8192 2.000000000 2
692 352 3 8192 2.000000000 2
692 388 3 8192 2.000000000 2
692 400 3 8192 2.000000000 2
692 416 3 8192 2.000000000 2
692 420 3 8192 2.000000000 2
692 436 3 8192 2.000000000 2
692 440 3 8192 2.000000000 2
692 500 3 8192 2.000000000 2
692 520 3 8192 2.000000000 2
692 556 3 8192 2.000000000 2
692 616 3 8192 2.000000000 2
692 624 3 8192 2.000000000 2
692 628 3 8192 2.000000000 2
692 636 3 8192 2.000000000 2
692 640 3 8192 2.000000000 2
692 652 3 8192 2.000000000 2
692 704 3 8192 2.000000000 2
692 744 3 8192 2.000000000 2
692 760 3 8192 2.000000000 2
692 764 3 8192 2.000000000 2
692 792 3 8192 2.000000000 2
692 836 3 8192 2.000000000 2
692 840 3 8192 2.000000000 2
692 880 3 8192 2.000000000 2
692 892 3 8192 2.000000000 2
692 904 3 8192 2.000000000 2
692 908 3 8192 2.000000000 2
692 952 3 8192 2.000000000 2
692 964 3 8192 2.000000000 2
692 984 3 8192 2.000000000 2
692 988 3 8192 2.000000000 2
692 1008 3 8192 2.000000000 2
692 1032 3 8192 2.000000000 2
692 1076 3 8192 2.000000000 2
692 1092 3 8192 2.000000000 2
692 1104 3 8192 2.000000000 2
692 1124 3 8192 2.000000000 2
692 1136 3 8192 2.000000000 2
692 1148 3 8192 2.000000000 2
692 1156 3 8192 2.000000000 2
692 1168 3 8192 2.000000000 2
692 1172 3 8192 2.000000000 2
692 1184 3 8192 2.000000000 2
692 1192 3 8192 2.000000000 2
692 1244 3 8192 2.000000000 2
692 1264 3 8192 2.000000000 2
696 36 3 8192 2.000000000 2
696 48 3 8192 2.000000000 2
696 68 3 8192 2.000000000 2
696 76 3 8192 2.000000000 2
696 96 3 8192 2.000000000 2
696 104 3 8192 2.000000000 2
696 128 3 8192 2.000000000 2
696 148 3 8192 2.000000000 2
696 156 3 8192 2.000000000 2
696 192 3 8192 2.000000000 2
696 216 3 8192 2.000000000 2
696 220 3 8192 2.000000000 2
696 232 3 8192 2.000000000 2
696 248 3 8192 2.000000000 2
696 264 3 8192 2.000000000 2
696 268 3 8192 2.000000000 2
696 272 3 8192 2.000000000 2
696 288 3 8192 2.000000000 2
696 312 3 8192 2.000000000 2
696 316 3 8192 2.000000000 2
696 336 3 8192 2.000000000 2
696 360 3 8192 2.000000000 2
696 388 3 8192 2.000000000 2
696 392 3 8192 2.000000000 2
696 420 3 8192 2.000000000 2
696 436 3 8192 2.000000000 2
696 520 3 8192 2.000000000 2
696 536 3 8192 2.000000000 2
696 548 3 8192 2.000000000 2
696 580 3 8192 2.000000000 2
696 592 3 8192 2.000000000 2
696 596 3 8192 2.000000000 2
696 600 3 8192 2.000000000 2
696 608 3 8192 2.000000000 2
696 652 3 8192 2.000000000 2
696 684 3 8192 2.000000000 2
696 688 3 8192 2.000000000 2
696 704 3 8192 2.000000000 2
696 712 3 8192 2.000000000 2
696 736 3 8192 2.000000000 2
696 744 3 8192 2.000000000 2
696 752 3 8192 2.000000000 2
696 768 3 8192 2.000000000 2
696 776 3 8192 2.000000000 2
696 836 3 8192 2.000000000 2
696 856 3 8192 2.000000000 2
696 868 3 8192 2.000000000 2
696 876 3 8192 2.000000000 2
696 948 3 8192 2.000000000 2
696 964 3 8192 2.000000000 2
696 1032 3 8192 2.000000000 2
696 1036 3 8192 2.000000000 2
696 1048 3 8192 2.000000000 2
696 1052 3 8192 2.000000000 2
696 1080 3 8192 2.000000000 2
696 1084 3 8192 2.000000000 2
696 1100 3 8192 2.000000000 2
696 1116 3 8192 2.000000000 2
696 1156 3 8192 2.000000000 2
696 1196 3 8192 2.000000000 2
696 1204 3 8192 2.000000000 2
696 1216 3 8192 2.000000000 2
696 1244 3 8192 2.000000000 2
696 1256 3 8192 2.000000000 2
700 8 3 8192 2.000000000 2
700 48 3 8192 2.000000000 2
700 56 3 8192 2.000000000 2
700 72 3 8192 2.000000000 2
700 92 3 8192 2.000000000 2
700 100 3 8192 2.000000000 2
700 124 3 8192 2.000000000 2
700 148 3 8192 2.000000000 2
700 164 3 8192 2.000000000 2
700 168 3 8192 2.000000000 2
700 196 3 8192 2.000000000 2
700 220 3 8192 2.000000000 2
700 228 3 8192 2.000000000 2
700 240 3 8192 2.000000000 2
700 244 3 8192 2.000000000 2
700 260 3 8192 2.000000000 2
700 268 3 8192 2.000000000 2
700 284 3 8192 2.000000000 2
700 296 3 8192 2.000000000 2
700 308 3 8192 2.000000000 2
700 344 3 8192 2.000000000 2
700 360 3 8192 2.000000000 2
700 380 3 8192 2.000000000 2
700 420 3 8192 2.000000000 2
700 460 3 8192 2.000000000 2
700 472 3 8192 2.000000000 2
700 484 3 8192 2.000000000 2
700 500 3 8192 2.000000000 2
700 564 3 8192 2.000000000 2
700 592 3 8192 2.000000000 2
700 608 3 8192 2.000000000 2
700 616 3 8192 2.000000000 2
700 628 3 8192 2.000000000 2
700 648 3 8192 2.000000000 2
700 684 3 8192 2.000000000 2
700 696 3 8192 2.000000000 2
700 728 3 8192 2.000000000 2
700 732 3 8192 2.000000000 2
700 776 3 8192 2.000000000 2
700 816 3 8192 2.000000000 2
700 864 3 8192 2.000000000 2
700 876 3 8192 2.000000000 2
700 936 3 8192 2.000000000 2
700 952 3 8192 2.000000000 2
700 964 3 8192 2.000000000 2
700 992 3 8192 2.000000000 2
700 1024 3 8192 2.000000000 2
700 1056 3 8192 2.000000000 2
700 1072 3 8192 2.000000000 2
700 1076 3 8192 2.000000000 2
700 1084 3 8192 2.000000000 2
700 1100 3 8192 2.000000000 2
700 1104 3 8192 2.000000000 2
700 1108 3 8192 2.000000000 2
700 1116 3 8192 2.000000000 2
700 1128 3 8192 2.000000000 2
700 1156 3 8192 2.000000000 2
700 1164 3 8192 2.000000000 2
700 1180 3 8192 2.000000000 2
700 1196 3 8192 2.000000000 2
700 1204 3 8192 2.000000000 2
700 1208 3 8192 2.000000000 2
700 1212 3 8192 2.000000000 2
700 1216 3 8192 2.000000000 2
704 20 3 8192 2.000000000 2
704 24 3 8192 2.000000000 2
704 36 3 8192 2.000000000 2
704 68 3 8192 2.000000000 2
704 84 3 8192 2.000000000 2
704 108 3 8192 2.000000000 2
704 156 3 8192 2.000000000 2
704 176 3 8192 2.000000000 2
704 184 3 8192 2.000000000 2
704 232 3 8192 2.000000000 2
704 248 3 8192 2.000000000 2
704 252 3 8192 2.000000000 2
704 272 3 8192 2.000000000 2
704 280 3 8192 2.000000000 2
704 288 3 8192 2.000000000 2
704 304 3 8192 2.000000000 2
704 344 3 8192 2.000000000 2
704 352 3 8192 2.000000000 2
704 364 3 8192 2.000000000 2
704 380 3 8192 2.000000000 2
704 392 3 8192 2.000000000 2
704 416 3 8192 2.000000000 2
704 428 3 8192 2.000000000 2
704 436 3 8192 2.000000000 2
704 444 3 8192 2.000000000 2
704 536 3 8192 2.000000000 2
704 540 3 8192 2.000000000 2
704 556 3 8192 2.000000000 2
704 580 3 8192 2.000000000 2
704 600 3 8192 2.000000000 2
704 612 3 8192 2.000000000 2
704 632 3 8192 2.000000000 2
704 644 3 8192 2.000000000 2
704 660 3 8192 2.000000000 2
704 664 3 8192 2.000000000 2
704 668 3 8192 2.000000000 2
704 696 3 8192 2.000000000 2
704 716 3 8192 2.000000000 2
704 736 3 8192 2.000000000 2
704 744 3 8192 2.000000000 2
704 788 3 8192 2.000000000 2
704 812 3 8192 2.000000000 2
704 852 3 8192 2.000000000 2
704 864 3 8192 2.000000000 2
704 888 3 8192 2.000000000 2
704 900 3 8192 2.000000000 2
704 904 3 8192 2.000000000 2
704 940 3 8192 2.000000000 2
704 948 3 8192 2.000000000 2
704 968 3 8192 2.000000000 2
704 972 3 8192 2.000000000 2
704 984 3 8192 2.000000000 2
704 1008 3 8192 2.000000000 2
704 1012 3 8192 2.000000000 2
704 1032 3 8192 2.000000000 2
704 1044 3 8192 2.000000000 2
704 1052 3 8192 2.000000000 2
704 1084 3 8192 2.000000000 2
704 1116 3 8192 2.000000000 2
704 1136 3 8192 2.000000000 2
704 1200 3 8192 2.000000000 2
704 1208 3 8192 2.000000000 2
704 1228 3 8192 2.000000000 2
704 1244 3 8192 2.000000000 2
708 8 3 8192 2.000000000 2
708 12 3 8192 2.000000000 2
708 44 3 8192 2.000000000 2
708 52 3 8192 2.000000000 2
708 64 3 8192 2.000000000 2
708 72 3 8192 2.000000000 2
708 100 3 8192 2.000000000 2
708 112 3 8192 2.000000000 2
708 120 3 8192 2.000000000 2
708 128 3 8192 2.000000000 2
708 168 3 8192 2.000000000 2
708 172 3 8192 2.000000000 2
708 188 3 8192 2.000000000 2
708 232 3 8192 2.000000000 2
708 276 3 8192 2.000000000 2
708 288 3 8192 2.000000000 2
708 296 3 8192 2.000000000 2
708 348 3 8192 2.000000000 2
708 380 3 8192 2.000000000 2
708 392 3 8192 2.000000000 2
708 428 3 8192 2.000000000 2
708 452 3 8192 2.000000000 2
708 468 3 8192 2.000000000 2
708 508 3 8192 2.000000000 2
708 516 3 8192 2.000000000 2
708 520 3 8192 2.000000000 2
708 528 3 8192 2.000000000 2
708 592 3 8192 2.000000000 2
708 600 3 8192 2.000000000 2
708 624 3 8192 2.000000000 2
708 632 3 8192 2.000000000 2
708 640 3 8192 2.000000000 2
708 648 3 8192 2.000000000 2
708 656 3 8192 2.000000000 2
708 668 3 8192 2.000000000 2
708 688 3 8192 2.000000000 2
708 716 3 8192 2.000000000 2
708 760 3 8192 2.000000000 2
708 784 3 8192 2.000000000 2
708 788 3 8192 2.000000000 2
708 796 3 8192 2.000000000 2
708 816 3 8192 2.000000000 2
708 840 3 8192 2.000000000 2
708 876 3 8192 2.000000000 2
708 880 3 8192 2.000000000 2
708 888 3 8192 2.000000000 2
708 896 3 8192 2.000000000 2
708 900 3 8192 2.000000000 2
708 920 3 8192 2.000000000 2
708 972 3 8192 2.000000000 2
708 980 3 8192 2.000000000 2
708 1012 3 8192 2.000000000 2
708 1024 3 8192 2.000000000 2
708 1072 3 8192 2.000000000 2
708 1076 3 8192 2.000000000 2
708 1084 3 8192 2.000000000 2
708 1100 3 8192 2.000000000 2
708 1104 3 8192 2.000000000 2
708 1112 3 8192 2.000000000 2
708 1128 3 8192 2.000000000 2
708 1180 3 8192 2.000000000 2
708 1184 3 8192 2.000000000 2
708 1212 3 8192 2.000000000 2
708 1256 3 8192 2.000000000 2
712 24 3 8192 2.000000000 2
712 32 3 8192 2.000000000 2
712 36 3 8192 2.000000000 2
712 40 3 8192 2.000000000 2
712 48 3 8192 2.000000000 2
712 76 3 8192 2.000000000 2
712 84 3 8192 2.000000000 2
712 120 3 8192 2.000000000 2
712 128 3 8192 2.000000000 2
712 156 3 8192 2.000000000 2
712 204 3 8192 2.000000000 2
712 248 3 8192 2.000000000 2
712 260 3 8192 2.000000000 2
712 264 3 8192 2.000000000 2
712 280 3 8192 2.000000000 2
712 284 3 8192 2.000000000 2
712 288 3 8192 2.000000000 2
712 308 3 8192 2.000000000 2
712 332 3 8192 2.000000000 2
712 344 3 8192 2.000000000 2
712 372 3 8192 2.000000000 2
712 380 3 8192 2.000000000 2
712 396 3 8192 2.000000000 2
712 428 3 8192 2.000000000 2
712 468 3 8192 2.000000000 2
712 480 3 8192 2.000000000 2
712 524 3 8192 2.000000000 2
712 584 3 8192 2.000000000 2
712 592 3 8192 2.000000000 2
712 612 3 8192 2.000000000 2
712 616 3 8192 2.000000000 2
712 660 3 8192 2.000000000 2
712 688 3 8192 2.000000000 2
712 704 3 8192 2.000000000 2
712 728 3 8192 2.000000000 2
712 752 3 8192 2.000000000 2
712 796 3 8192 2.000000000 2
712 812 3 8192 2.000000000 2
712 840 3 8192 2.000000000 2
712 852 3 8192 2.000000000 2
712 864 3 8192 2.000000000 2
712 880 3 8192 2.000000000 2
712 888 3 8192 2.000000000 2
712 900 3 8192 2.000000000 2
712 920 3 8192 2.000000000 2
712 944 3 8192 2.000000000 2
712 964 3 8192 2.000000000 2
712 980 3 8192 2.000000000 2
712 996 3 8192 2.000000000 2
712 1024 3 8192 2.000000000 2
712 1068 3 8192 2.000000000 2
712 1076 3 8192 2.000000000 2
712 1092 3 8192 2.000000000 2
712 1104 3 8192 2.000000000 2
712 1108 3 8192 2.000000000 2
712 1120 3 8192 2.000000000 2
712 1128 3 8192 2.000000000 2
712 1164 3 8192 2.000000000 2
712 1168 3 8192 2.000000000 2
712 1176 3 8192 2.000000000 2
712 1180 3 8192 2.000000000 2
712 1200 3 8192 2.000000000 2
712 1204 3 8192 2.000000000 2
712 1236 3 8192 2.000000000 2
716 12 3 8192 2.000000000 2
716 20 3 8192 2.000000000 2
716 36 3 8192 2.000000000 2
716 76 3 8192 2.000000000 2
716 84 3 8192 2.000000000 2
716 104 3 8192 2.000000000 2
716 124 3 8192 2.000000000 2
716 152 3 8192 2.000000000 2
716 156 3 8192 2.000000000 2
716 168 3 8192 2.000000000 2
716 176 3 8192 2.000000000 2
716 224 3 8192 2.000000000 2
716 264 3 8192 2.000000000 2
716 272 3 8192 2.000000000 2
716 284 3 8192 2.000000000 2
716 308 3 8192 2.000000000 2
716 316 3 8192 2.000000000 2
716 336 3 8192 2.000000000 2
716 344 3 8192 2.000000000 2
716 356 3 8192 2.000000000 2
716 364 3 8192 2.000000000 2
716 392 3 8192 2.000000000 2
716 396 3 8192 2.000000000 2
716 404 3 8192 2.000000000 2
716 412 3 8192 2.000000000 2
716 420 3 8192 2.000000000 2
716 436 3 8192 2.000000000 2
716 452 3 8192 2.000000000 2
716 468 3 8192 2.000000000 2
716 472 3 8192 2.000000000 2
716 480 3 8192 2.000000000 2
716 548 3 8192 2.000000000 2
716 556 3 8192 2.000000000 2
716 560 3 8192 2.000000000 2
716 584 3 8192 2.000000000 2
716 612 3 8192 2.000000000 2
716 656 3 8192 2.000000000 2
716 676 3 8192 2.000000000 2
716 696 3 8192 2.000000000 2
716 700 3 8192 2.000000000 2
716 720 3 8192 2.000000000 2
716 764 3 8192 2.000000000 2
716 776 3 8192 2.000000000 2
716 792 3 8192 2.000000000 2
716 848 3 8192 2.000000000 2
716 860 3 8192 2.000000000 2
716 900 3 8192 2.000000000 2
716 920 3 8192 2.000000000 2
716 968 3 8192 2.000000000 2
716 984 3 8192 2.000000000 2
716 992 3 8192 2.000000000 2
716 1020 3 8192 2.000000000 2
716 1032 3 8192 2.000000000 2
716 1044 3 8192 2.000000000 2
716 1068 3 8192 2.000000000 2
716 1076 3 8192 2.000000000 2
716 1084 3 8192 2.000000000 2
716 1100 3 8192 2.000000000 2
716 1176 3 8192 2.000000000 2
716 1228 3 8192 2.000000000 2
716 1248 3 8192 2.000000000 2
716 1256 3 8192 2.000000000 2
716 1264 3 8192 2.000000000 2
716 1272 3 8192 2.000000000 2
720 16 3 8192 2.000000000 2
720 28 3 8192 2.000000000 2
720 32 3 8192 2.000000000 2
720 44 3 8192 2.000000000 2
720 92 3 8192 2.000000000 2
720 104 3 8192 2.000000000 2
720 108 3 8192 2.000000000 2
720 168 3 8192 2.000000000 2
720 180 3 8192 2.000000000 2
720 192 3 8192 2.000000000 2
720 208 3 8192 2.000000000 2
720 264 3 8192 2.000000000 2
720 312 3 8192 2.000000000 2
720 348 3 8192 2.000000000 2
720 356 3 8192 2.000000000 2
720 376 3 8192 2.000000000 2
720 384 3 8192 2.000000000 2
720 420 3 8192 2.000000000 2
720 436 3 8192 2.000000000 2
720 460 3 8192 2.000000000 2
720 468 3 8192 2.000000000 2
720 472 3 8192 2.000000000 2
720 476 3 8192 2.000000000 2
720 484 3 8192 2.000000000 2
720 500 3 8192 2.000000000 2
720 516 3 8192 2.000000000 2
720 520 3 8192 2.000000000 2
720 544 3 8192 2.000000000 2
720 564 3 8192 2.000000000 2
720 608 3 8192 2.000000000 2
720 624 3 8192 2.000000000 2
720 640 3 8192 2.000000000 2
720 664 3 8192 2.000000000 2
720 692 3 8192 2.000000000 2
720 696 3 8192 2.000000000 2
720 704 3 8192 2.000000000 2
720 728 3 8192 2.000000000 2
720 736 3 8192 2.000000000 2
720 752 3 8192 2.000000000 2
720 760 3 8192 2.000000000 2
720 764 3 8192 2.000000000 2
720 796 3 8192 2.000000000 2
720 828 3 8192 2.000000000 2
720 848 3 8192 2.000000000 2
720 852 3 8192 2.000000000 2
720 856 3 8192 2.000000000 2
720 864 3 8192 2.000000000 2
720 868 3 8192 2.000000000 2
720 876 3 8192 2.000000000 2
720 892 3 8192 2.000000000 2
720 1012 3 8192 2.000000000 2
720 1052 3 8192 2.000000000 2
720 1072 3 8192 2.000000000 2
720 1092 3 8192 2.000000000 2
720 1108 3 8192 2.000000000 2
720 1116 3 8192 2.000000000 2
720 1120 3 8192 2.000000000 2
720 1128 3 8192 2.000000000 2
720 1168 3 8192 2.000000000 2
720 1180 3 8192 2.000000000 2
720 1192 3 8192 2.000000000 2
720 1200 3 8192 2.000000000 2
720 1212 3 8192 2.000000000 2
720 1224 3 8192 2.000000000 2
724 12 3 8192 2.000000000 2
724 24 3 8192 2.000000000 2
724 28 3 8192 2.000000000 2
724 56 3 8192 2.000000000 2
724 116 3 8192 2.000000000 2
724 120 3 8192 2.000000000 2
724 148 3 8192 2.000000000 2
724 168 3 8192 2.000000000 2
724 188 3 8192 2.000000000 2
724 204 3 8192 2.000000000 2
724 208 3 8192 2.000000000 2
724 236 3 8192 2.000000000 2
724 268 3 8192 2.000000000 2
724 272 3 8192 2.000000000 2
724 276 3 8192 2.000000000 2
724 280 3 8192 2.000000000 2
724 296 3 8192 2.000000000 2
724 332 3 8192 2.000000000 2
724 348 3 8192 2.000000000 2
724 392 3 8192 2.000000000 2
724 424 3 8192 2.000000000 2
724 436 3 8192 2.000000000 2
724 448 3 8192 2.000000000 2
724 480 3 8192 2.000000000 2
724 576 3 8192 2.000000000 2
724 600 3 8192 2.000000000 2
724 624 3 8192 2.000000000 2
724 652 3 8192 2.000000000 2
724 660 3 8192 2.000000000 2
724 688 3 8192 2.000000000 2
724 692 3 8192 2.000000000 2
724 712 3 8192 2.000000000 2
724 720 3 8192 2.000000000 2
724 728 3 8192 2.000000000 2
724 744 3 8192 2.000000000 2
724 748 3 8192 2.000000000 2
724 760 3 8192 2.000000000 2
724 784 3 8192 2.000000000 2
724 840 3 8192 2.000000000 2
724 852 3 8192 2.000000000 2
724 880 3 8192 2.000000000 2
724 892 3 8192 2.000000000 2
724 940 3 8192 2.000000000 2
724 944 3 8192 2.000000000 2
724 948 3 8192 2.000000000 2
724 952 3 8192 2.000000000 2
724 980 3 8192 2.000000000 2
724 984 3 8192 2.000000000 2
724 988 3 8192 2.000000000 2
724 1012 3 8192 2.000000000 2
724 1036 3 8192 2.000000000 2
724 1040 3 8192 2.000000000 2
724 1072 3 8192 2.000000000 2
724 1076 3 8192 2.000000000 2
724 1084 3 8192 2.000000000 2
724 1092 3 8192 2.000000000 2
724 1100 3 8192 2.000000000 2
724 1112 3 8192 2.000000000 2
724 1124 3 8192 2.000000000 2
724 1128 3 8192 2.000000000 2
724 1224 3 8192 2.000000000 2
724 1248 3 8192 2.000000000 2
724 1256 3 8192 2.000000000 2
724 1272 3 8192 2.000000000 2
728 4 3 8192 2.000000000 2
728 20 3 8192 2.000000000 2
728 28 3 8192 2.000000000 2
728 44 3 8192 2.000000000 2
728 52 3 8192 2.000000000 2
728 96 3 8192 2.000000000 2
728 120 3 8192 2.000000000 2
728 124 3 8192 2.000000000 2
728 136 3 8192 2.000000000 2
728 156 3 8192 2.000000000 2
728 164 3 8192 2.000000000 2
728 180 3 8192 2.000000000 2
728 216 3 8192 2.000000000 2
728 220 3 8192 2.000000000 2
728 224 3 8192 2.000000000 2
728 228 3 8192 2.000000000 2
728 268 3 8192 2.000000000 2
728 272 3 8192 2.000000000 2
728 284 3 8192 2.000000000 2
728 292 3 8192 2.000000000 2
728 300 3 8192 2.000000000 2
728 316 3 8192 2.000000000 2
728 332 3 8192 2.000000000 2
728 348 3 8192 2.000000000 2
728 360 3 8192 2.000000000 2
728 364 3 8192 2.000000000 2
728 404 3 8192 2.000000000 2
728 412 3 8192 2.000000000 2
728 420 3 8192 2.000000000 2
728 428 3 8192 2.000000000 2
728 444 3 8192 2.000000000 2
728 448 3 8192 2.000000000 2
728 484 3 8192 2.000000000 2
728 540 3 8192 2.000000000 2
728 548 3 8192 2.000000000 2
728 580 3 8192 2.000000000 2
728 616 3 8192 2.000000000 2
728 636 3 8192 2.000000000 2
728 652 3 8192 2.000000000 2
728 656 3 8192 2.000000000 2
728 704 3 8192 2.000000000 2
728 720 3 8192 2.000000000 2
728 724 3 8192 2.000000000 2
728 752 3 8192 2.000000000 2
728 764 3 8192 2.000000000 2
728 788 3 8192 2.000000000 2
728 792 3 8192 2.000000000 2
728 840 3 8192 2.000000000 2
728 852 3 8192 2.000000000 2
728 860 3 8192 2.000000000 2
728 864 3 8192 2.000000000 2
728 868 3 8192 2.000000000 2
728 940 3 8192 2.000000000 2
728 996 3 8192 2.000000000 2
728 1048 3 8192 2.000000000 2
728 1052 3 8192 2.000000000 2
728 1068 3 8192 2.000000000 2
728 1072 3 8192 2.000000000 2
728 1076 3 8192 2.000000000 2
728 1080 3 8192 2.000000000 2
728 1128 3 8192 2.000000000 2
728 1132 3 8192 2.000000000 2
728 1192 3 8192 2.000000000 2
728 1244 3 8192 2.000000000 2
732 8 3 8192 2.000000000 2
732 20 3 8192 2.000000000 2
732 24 3 8192 2.000000000 2
732 36 3 8192 2.000000000 2
732 48 3 8192 2.000000000 2
732 64 3 8192 2.000000000 2
732 92 3 8192 2.000000000 2
732 100 3 8192 2.000000000 2
732 116 3 8192 2.000000000 2
732 124 3 8192 2.000000000 2
732 132 3 8192 2.000000000 2
732 168 3 8192 2.000000000 2
732 172 3 8192 2.000000000 2
732 176 3 8192 2.000000000 2
732 184 3 8192 2.000000000 2
732 204 3 8192 2.000000000 2
732 208 3 8192 2.000000000 2
732 216 3 8192 2.000000000 2
732 220 3 8192 2.000000000 2
732 244 3 8192 2.000000000 2
732 284 3 8192 2.000000000 2
732 292 3 8192 2.000000000 2
732 308 3 8192 2.000000000 2
732 332 3 8192 2.000000000 2
732 352 3 8192 2.000000000 2
732 360 3 8192 2.000000000 2
732 392 3 8192 2.000000000 2
732 420 3 8192 2.000000000 2
732 440 3 8192 2.000000000 2
732 444 3 8192 2.000000000 2
732 448 3 8192 2.000000000 2
732 476 3 8192 2.000000000 2
732 576 3 8192 2.000000000 2
732 580 3 8192 2.000000000 2
732 608 3 8192 2.000000000 2
732 624 3 8192 2.000000000 2
732 628 3 8192 2.000000000 2
732 648 3 8192 2.000000000 2
732 664 3 8192 2.000000000 2
732 688 3 8192 2.000000000 2
732 708 3 8192 2.000000000 2
732 736 3 8192 2.000000000 2
732 744 3 8192 2.000000000 2
732 748 3 8192 2.000000000 2
732 760 3 8192 2.000000000 2
732 788 3 8192 2.000000000 2
732 868 3 8192 2.000000000 2
732 876 3 8192 2.000000000 2
732 940 3 8192 2.000000000 2
732 944 3 8192 2.000000000 2
732 952 3 8192 2.000000000 2
732 972 3 8192 2.000000000 2
732 980 3 8192 2.000000000 2
732 992 3 8192 2.000000000 2
732 1008 3 8192 2.000000000 2
732 1024 3 8192 2.000000000 2
732 1068 3 8192 2.000000000 2
732 1100 3 8192 2.000000000 2
732 1112 3 8192 2.000000000 2
732 1116 3 8192 2.000000000 2
732 1220 3 8192 2.000000000 2
732 1224 3 8192 2.000000000 2
732 1228 3 8192 2.000000000 2
732 1244 3 8192 2.000000000 2
736 16 3 8192 2.000000000 2
736 48 3 8192 2.000000000 2
736 88 3 8192 2.000000000 2
736 104 3 8192 2.000000000 2
736 108 3 8192 2.000000000 2
736 112 3 8192 2.000000000 2
736 116 3 8192 2.000000000 2
736 132 3 8192 2.000000000 2
736 156 3 8192 2.000000000 2
736 176 3 8192 2.000000000 2
736 184 3 8192 2.000000000 2
736 188 3 8192 2.000000000 2
736 228 3 8192 2.000000000 2
736 248 3 8192 2.000000000 2
736 292 3 8192 2.000000000 2
736 296 3 8192 2.000000000 2
736 304 3 8192 2.000000000 2
736 320 3 8192 2.000000000 2
736 332 3 8192 2.000000000 2
736 348 3 8192 2.000000000 2
736 372 3 8192 2.000000000 2
736 376 3 8192 2.000000000 2
736 392 3 8192 2.000000000 2
736 416 3 8192 2.000000000 2
736 420 3 8192 2.000000000 2
736 436 3 8192 2.000000000 2
736 440 3 8192 2.000000000 2
736 536 3 8192 2.000000000 2
736 548 3 8192 2.000000000 2
736 560 3 8192 2.000000000 2
736 592 3 8192 2.000000000 2
736 608 3 8192 2.000000000 2
736 612 3 8192 2.000000000 2
736 628 3 8192 2.000000000 2
736 640 3 8192 2.000000000 2
736 664 3 8192 2.000000000 2
736 668 3 8192 2.000000000 2
736 684 3 8192 2.000000000 2
736 688 3 8192 2.000000000 2
736 720 3 8192 2.000000000 2
736 732 3 8192 2.000000000 2
736 748 3 8192 2.000000000 2
736 760 3 8192 2.000000000 2
736 788 3 8192 2.000000000 2
736 808 3 8192 2.000000000 2
736 840 3 8192 2.000000000 2
736 852 3 8192 2.000000000 2
736 856 3 8192 2.000000000 2
736 880 3 8192 2.000000000 2
736 888 3 8192 2.000000000 2
736 904 3 8192 2.000000000 2
736 940 3 8192 2.000000000 2
736 984 3 8192 2.000000000 2
736 1048 3 8192 2.000000000 2
736 1056 3 8192 2.000000000 2
736 1068 3 8192 2.000000000 2
736 1076 3 8192 2.000000000 2
736 1080 3 8192 2.000000000 2
736 1112 3 8192 2.000000000 2
736 1116 3 8192 2.000000000 2
736 1132 3 8192 2.000000000 2
736 1156 3 8192 2.000000000 2
736 1236 3 8192 2.000000000 2
736 1264 3 8192 2.000000000 2
744 12 3 8192 2.000000000 2
744 20 3 8192 2.000000000 2
744 68 3 8192 2.000000000 2
744 100 3 8192 2.000000000 2
744 124 3 8192 2.000000000 2
744 128 3 8192 2.000000000 2
744 216 3 8192 2.000000000 2
744 224 3 8192 2.000000000 2
744 228 3 8192 2.000000000 2
744 236 3 8192 2.000000000 2
744 240 3 8192 2.000000000 2
744 248 3 8192 2.000000000 2
744 280 3 8192 2.000000000 2
744 292 3 8192 2.000000000 2
744 304 3 8192 2.000000000 2
744 344 3 8192 2.000000000 2
744 356 3 8192 2.000000000 2
744 376 3 8192 2.000000000 2
744 380 3 8192 2.000000000 2
744 388 3 8192 2.000000000 2
744 476 3 8192 2.000000000 2
744 480 3 8192 2.000000000 2
744 528 3 8192 2.000000000 2
744 544 3 8192 2.000000000 2
744 608 3 8192 2.000000000 2
744 612 3 8192 2.000000000 2
744 616 3 8192 2.000000000 2
744 624 3 8192 2.000000000 2
744 632 3 8192 2.000000000 2
744 636 3 8192 2.000000000 2
744 640 3 8192 2.000000000 2
744 644 3 8192 2.000000000 2
744 668 3 8192 2.000000000 2
744 676 3 8192 2.000000000 2
744 688 3 8192 2.000000000 2
744 704 3 8192 2.000000000 2
744 708 3 8192 2.000000000 2
744 716 3 8192 2.000000000 2
744 768 3 8192 2.000000000 2
744 776 3 8192 2.000000000 2
744 808 3 8192 2.000000000 2
744 840 3 8192 2.000000000 2
744 852 3 8192 2.000000000 2
744 856 3 8192 2.000000000 2
744 880 3 8192 2.000000000 2
744 900 3 8192 2.000000000 2
744 920 3 8192 2.000000000 2
744 968 3 8192 2.000000000 2
744 1008 3 8192 2.000000000 2
744 1036 3 8192 2.000000000 2
744 1040 3 8192 2.000000000 2
744 1052 3 8192 2.000000000 2
744 1056 3 8192 2.000000000 2
744 1068 3 8192 2.000000000 2
744 1156 3 8192 2.000000000 2
744 1160 3 8192 2.000000000 2
744 1172 3 8192 2.000000000 2
744 1192 3 8192 2.000000000 2
744 1196 3 8192 2.000000000 2
744 1204 3 8192 2.000000000 2
744 1216 3 8192 2.000000000 2
744 1220 3 8192 2.000000000 2
744 1244 3 8192 2.000000000 2
744 1272 3 8192 2.000000000 2
748 4 3 8192 2.000000000 2
748 20 3 8192 2.000000000 2
748 64 3 8192 2.000000000 2
748 88 3 8192 2.000000000 2
748 92 3 8192 2.000000000 2
748 96 3 8192 2.000000000 2
748 132 3 8192 2.000000000 2
748 136 3 8192 2.000000000 2
748 152 3 8192 2.000000000 2
748 156 3 8192 2.000000000 2
748 172 3 8192 2.000000000 2
748 224 3 8192 2.000000000 2
748 232 3 8192 2.000000000 2
748 244 3 8192 2.000000000 2
748 300 3 8192 2.000000000 2
748 312 3 8192 2.000000000 2
748 320 3 8192 2.000000000 2
748 332 3 8192 2.000000000 2
748 364 3 8192 2.000000000 2
748 372 3 8192 2.000000000 2
748 384 3 8192 2.000000000 2
748 388 3 8192 2.000000000 2
748 396 3 8192 2.000000000 2
748 416 3 8192 2.000000000 2
748 420 3 8192 2.000000000 2
748 428 3 8192 2.000000000 2
748 444 3 8192 2.000000000 2
748 536 3 8192 2.000000000 2
748 544 3 8192 2.000000000 2
748 548 3 8192 2.000000000 2
748 564 3 8192 2.000000000 2
748 576 3 8192 2.000000000 2
748 608 3 8192 2.000000000 2
748 612 3 8192 2.000000000 2
748 628 3 8192 2.000000000 2
748 644 3 8192 2.000000000 2
748 684 3 8192 2.000000000 2
748 708 3 8192 2.000000000 2
748 732 3 8192 2.000000000 2
748 776 3 8192 2.000000000 2
748 836 3 8192 2.000000000 2
748 840 3 8192 2.000000000 2
748 856 3 8192 2.000000000 2
748 868 3 8192 2.000000000 2
748 880 3 8192 2.000000000 2
748 892 3 8192 2.000000000 2
748 920 3 8192 2.000000000 2
748 944 3 8192 2.000000000 2
748 984 3 8192 2.000000000 2
748 992 3 8192 2.000000000 2
748 1008 3 8192 2.000000000 2
748 1040 3 8192 2.000000000 2
748 1076 3 8192 2.000000000 2
748 1080 3 8192 2.000000000 2
748 1120 3 8192 2.000000000 2
748 1124 3 8192 2.000000000 2
748 1132 3 8192 2.000000000 2
748 1136 3 8192 2.000000000 2
748 1180 3 8192 2.000000000 2
748 1192 3 8192 2.000000000 2
748 1196 3 8192 2.000000000 2
748 1204 3 8192 2.000000000 2
748 1236 3 8192 2.000000000 2
748 1248 3 8192 2.000000000 2
752 28 3 8192 2.000000000 2
752 44 3 8192 2.000000000 2
752 56 3 8192 2.000000000 2
752 76 3 8192 2.000000000 2
752 92 3 8192 2.000000000 2
752 100 3 8192 2.000000000 2
752 104 3 8192 2.000000000 2
752 116 3 8192 2.000000000 2
752 128 3 8192 2.000000000 2
752 136 3 8192 2.000000000 2
752 156 3 8192 2.000000000 2
752 168 3 8192 2.000000000 2
752 184 3 8192 2.000000000 2
752 208 3 8192 2.000000000 2
752 220 3 8192 2.000000000 2
752 248 3 8192 2.000000000 2
752 272 3 8192 2.000000000 2
752 300 3 8192 2.000000000 2
752 308 3 8192 2.000000000 2
752 336 3 8192 2.000000000 2
752 344 3 8192 2.000000000 2
752 356 3 8192 2.000000000 2
752 360 3 8192 2.000000000 2
752 440 3 8192 2.000000000 2
752 444 3 8192 2.000000000 2
752 472 3 8192 2.000000000 2
752 480 3 8192 2.000000000 2
752 484 3 8192 2.000000000 2
752 500 3 8192 2.000000000 2
752 528 3 8192 2.000000000 2
752 540 3 8192 2.000000000 2
752 564 3 8192 2.000000000 2
752 584 3 8192 2.000000000 2
752 596 3 8192 2.000000000 2
752 624 3 8192 2.000000000 2
752 632 3 8192 2.000000000 2
752 640 3 8192 2.000000000 2
752 664 3 8192 2.000000000 2
752 700 3 8192 2.000000000 2
752 704 3 8192 2.000000000 2
752 736 3 8192 2.000000000 2
752 808 3 8192 2.000000000 2
752 812 3 8192 2.000000000 2
752 836 3 8192 2.000000000 2
752 856 3 8192 2.000000000 2
752 868 3 8192 2.000000000 2
752 876 3 8192 2.000000000 2
752 892 3 8192 2.000000000 2
752 896 3 8192 2.000000000 2
752 972 3 8192 2.000000000 2
752 980 3 8192 2.000000000 2
752 992 3 8192 2.000000000 2
752 1040 3 8192 2.000000000 2
752 1052 3 8192 2.000000000 2
752 1100 3 8192 2.000000000 2
752 1116 3 8192 2.000000000 2
752 1136 3 8192 2.000000000 2
752 1148 3 8192 2.000000000 2
752 1176 3 8192 2.000000000 2
752 1184 3 8192 2.000000000 2
752 1192 3 8192 2.000000000 2
752 1196 3 8192 2.000000000 2
752 1224 3 8192 2.000000000 2
752 1264 3 8192 2.000000000 2
756 16 3 8192 2.000000000 2
756 32 3 8192 2.000000000 2
756 36 3 8192 2.000000000 2
756 48 3 8192 2.000000000 2
756 68 3 8192 2.000000000 2
756 112 3 8192 2.000000000 2
756 132 3 8192 2.000000000 2
756 156 3 8192 2.000000000 2
756 164 3 8192 2.000000000 2
756 176 3 8192 2.000000000 2
756 196 3 8192 2.000000000 2
756 208 3 8192 2.000000000 2
756 216 3 8192 2.000000000 2
756 236 3 8192 2.000000000 2
756 248 3 8192 2.000000000 2
756 276 3 8192 2.000000000 2
756 320 3 8192 2.000000000 2
756 332 3 8192 2.000000000 2
756 356 3 8192 2.000000000 2
756 392 3 8192 2.000000000 2
756 404 3 8192 2.000000000 2
756 412 3 8192 2.000000000 2
756 424 3 8192 2.000000000 2
756 440 3 8192 2.000000000 2
756 448 3 8192 2.000000000 2
756 472 3 8192 2.000000000 2
756 476 3 8192 2.000000000 2
756 500 3 8192 2.000000000 2
756 508 3 8192 2.000000000 2
756 516 3 8192 2.000000000 2
756 520 3 8192 2.000000000 2
756 548 3 8192 2.000000000 2
756 580 3 8192 2.000000000 2
756 596 3 8192 2.000000000 2
756 764 3 8192 2.000000000 2
756 784 3 8192 2.000000000 2
756 788 3 8192 2.000000000 2
756 792 3 8192 2.000000000 2
756 812 3 8192 2.000000000 2
756 816 3 8192 2.000000000 2
756 864 3 8192 2.000000000 2
756 868 3 8192 2.000000000 2
756 876 3 8192 2.000000000 2
756 896 3 8192 2.000000000 2
756 900 3 8192 2.000000000 2
756 908 3 8192 2.000000000 2
756 936 3 8192 2.000000000 2
756 940 3 8192 2.000000000 2
756 948 3 8192 2.000000000 2
756 988 3 8192 2.000000000 2
756 1008 3 8192 2.000000000 2
756 1032 3 8192 2.000000000 2
756 1052 3 8192 2.000000000 2
756 1056 3 8192 2.000000000 2
756 1092 3 8192 2.000000000 2
756 1128 3 8192 2.000000000 2
756 1132 3 8192 2.000000000 2
756 1136 3 8192 2.000000000 2
756 1148 3 8192 2.000000000 2
756 1160 3 8192 2.000000000 2
756 1180 3 8192 2.000000000 2
756 1184 3 8192 2.000000000 2
756 1204 3 8192 2.000000000 2
756 1216 3 8192 2.000000000 2
760 4 3 8192 2.000000000 2
760 12 3 8192 2.000000000 2
760 32 3 8192 2.000000000 2
760 68 3 8192 2.000000000 2
760 104 3 8192 2.000000000 2
760 112 3 8192 2.000000000 2
760 116 3 8192 2.000000000 2
760 120 3 8192 2.000000000 2
760 136 3 8192 2.000000000 2
760 152 3 8192 2.000000000 2
760 188 3 8192 2.000000000 2
760 196 3 8192 2.000000000 2
760 204 3 8192 2.000000000 2
760 232 3 8192 2.000000000 2
760 236 3 8192 2.000000000 2
760 292 3 8192 2.000000000 2
760 304 3 8192 2.000000000 2
760 352 3 8192 2.000000000 2
760 364 3 8192 2.000000000 2
760 424 3 8192 2.000000000 2
760 444 3 8192 2.000000000 2
760 468 3 8192 2.000000000 2
760 472 3 8192 2.000000000 2
760 484 3 8192 2.000000000 2
760 508 3 8192 2.000000000 2
760 516 3 8192 2.000000000 2
760 520 3 8192 2.000000000 2
760 536 3 8192 2.000000000 2
760 580 3 8192 2.000000000 2
760 584 3 8192 2.000000000 2
760 596 3 8192 2.000000000 2
760 608 3 8192 2.000000000 2
760 616 3 8192 2.000000000 2
760 636 3 8192 2.000000000 2
760 660 3 8192 2.000000000 2
760 664 3 8192 2.000000000 2
760 696 3 8192 2.000000000 2
760 708 3 8192 2.000000000 2
760 712 3 8192 2.000000000 2
760 716 3 8192 2.000000000 2
760 788 3 8192 2.000000000 2
760 796 3 8192 2.000000000 2
760 848 3 8192 2.000000000 2
760 860 3 8192 2.000000000 2
760 876 3 8192 2.000000000 2
760 904 3 8192 2.000000000 2
760 980 3 8192 2.000000000 2
760 996 3 8192 2.000000000 2
760 1008 3 8192 2.000000000 2
760 1020 3 8192 2.000000000 2
760 1024 3 8192 2.000000000 2
760 1036 3 8192 2.000000000 2
760 1044 3 8192 2.000000000 2
760 1056 3 8192 2.000000000 2
760 1068 3 8192 2.000000000 2
760 1080 3 8192 2.000000000 2
760 1092 3 8192 2.000000000 2
760 1124 3 8192 2.000000000 2
760 1128 3 8192 2.000000000 2
760 1172 3 8192 2.000000000 2
760 1184 3 8192 2.000000000 2
760 1200 3 8192 2.000000000 2
760 1216 3 8192 2.000000000 2
760 1236 3 8192 2.000000000 2
764 8 3 8192 2.000000000 2
764 16 3 8192 2.000000000 2
764 28 3 8192 2.000000000 2
764 32 3 8192 2.000000000 2
764 44 3 8192 2.000000000 2
764 72 3 8192 2.000000000 2
764 96 3 8192 2.000000000 2
764 128 3 8192 2.000000000 2
764 132 3 8192 2.000000000 2
764 156 3 8192 2.000000000 2
764 164 3 8192 2.000000000 2
764 172 3 8192 2.000000000 2
764 192 3 8192 2.000000000 2
764 224 3 8192 2.000000000 2
764 240 3 8192 2.000000000 2
764 244 3 8192 2.000000000 2
764 252 3 8192 2.000000000 2
764 284 3 8192 2.000000000 2
764 296 3 8192 2.000000000 2
764 352 3 8192 2.000000000 2
764 372 3 8192 2.000000000 2
764 388 3 8192 2.000000000 2
764 416 3 8192 2.000000000 2
764 460 3 8192 2.000000000 2
764 468 3 8192 2.000000000 2
764 476 3 8192 2.000000000 2
764 484 3 8192 2.000000000 2
764 496 3 8192 2.000000000 2
764 508 3 8192 2.000000000 2
764 516 3 8192 2.000000000 2
764 520 3 8192 2.000000000 2
764 524 3 8192 2.000000000 2
764 536 3 8192 2.000000000 2
764 560 3 8192 2.000000000 2
764 576 3 8192 2.000000000 2
764 616 3 8192 2.000000000 2
764 624 3 8192 2.000000000 2
764 664 3 8192 2.000000000 2
764 676 3 8192 2.000000000 2
764 692 3 8192 2.000000000 2
764 712 3 8192 2.000000000 2
764 724 3 8192 2.000000000 2
764 728 3 8192 2.000000000 2
764 792 3 8192 2.000000000 2
764 816 3 8192 2.000000000 2
764 848 3 8192 2.000000000 2
764 880 3 8192 2.000000000 2
764 908 3 8192 2.000000000 2
764 980 3 8192 2.000000000 2
764 984 3 8192 2.000000000 2
764 988 3 8192 2.000000000 2
764 992 3 8192 2.000000000 2
764 1040 3 8192 2.000000000 2
764 1048 3 8192 2.000000000 2
764 1056 3 8192 2.000000000 2
764 1068 3 8192 2.000000000 2
764 1072 3 8192 2.000000000 2
764 1076 3 8192 2.000000000 2
764 1116 3 8192 2.000000000 2
764 1124 3 8192 2.000000000 2
764 1128 3 8192 2.000000000 2
764 1148 3 8192 2.000000000 2
764 1208 3 8192 2.000000000 2
764 1224 3 8192 2.000000000 2
768 8 3 8192 2.000000000 2
768 12 3 8192 2.000000000 2
768 32 3 8192 2.000000000 2
768 40 3 8192 2.000000000 2
768 68 3 8192 2.000000000 2
768 120 3 8192 2.000000000 2
768 124 3 8192 2.000000000 2
768 128 3 8192 2.000000000 2
768 172 3 8192 2.000000000 2
768 176 3 8192 2.000000000 2
768 184 3 8192 2.000000000 2
768 192 3 8192 2.000000000 2
768 204 3 8192 2.000000000 2
768 208 3 8192 2.000000000 2
768 228 3 8192 2.000000000 2
768 240 3 8192 2.000000000 2
768 244 3 8192 2.000000000 2
768 260 3 8192 2.000000000 2
768 264 3 8192 2.000000000 2
768 276 3 8192 2.000000000 2
768 292 3 8192 2.000000000 2
768 300 3 8192 2.000000000 2
768 304 3 8192 2.000000000 2
768 308 3 8192 2.000000000 2
768 328 3 8192 2.000000000 2
768 332 3 8192 2.000000000 2
768 380 3 8192 2.000000000 2
768 396 3 8192 2.000000000 2
768 404 3 8192 2.000000000 2
768 424 3 8192 2.000000000 2
768 428 3 8192 2.000000000 2
768 444 3 8192 2.000000000 2
768 468 3 8192 2.000000000 2
768 496 3 8192 2.000000000 2
768 524 3 8192 2.000000000 2
768 584 3 8192 2.000000000 2
768 608 3 8192 2.000000000 2
768 612 3 8192 2.000000000 2
768 616 3 8192 2.000000000 2
768 648 3 8192 2.000000000 2
768 668 3 8192 2.000000000 2
768 676 3 8192 2.000000000 2
768 712 3 8192 2.000000000 2
768 776 3 8192 2.000000000 2
768 792 3 8192 2.000000000 2
768 828 3 8192 2.000000000 2
768 892 3 8192 2.000000000 2
768 908 3 8192 2.000000000 2
768 940 3 8192 2.000000000 2
768 948 3 8192 2.000000000 2
768 992 3 8192 2.000000000 2
768 996 3 8192 2.000000000 2
768 1020 3 8192 2.000000000 2
768 1080 3 8192 2.000000000 2
768 1148 3 8192 2.000000000 2
768 1156 3 8192 2.000000000 2
768 1160 3 8192 2.000000000 2
768 1180 3 8192 2.000000000 2
768 1196 3 8192 2.000000000 2
768 1212 3 8192 2.000000000 2
768 1224 3 8192 2.000000000 2
768 1236 3 8192 2.000000000 2
768 1244 3 8192 2.000000000 2
768 1248 3 8192 2.000000000 2
776 8 3 8192 2.000000000 2
776 36 3 8192 2.000000000 2
776 40 3 8192 2.000000000 2
776 44 3 8192 2.000000000 2
776 56 3 8192 2.000000000 2
776 108 3 8192 2.000000000 2
776 116 3 8192 2.000000000 2
776 124 3 8192 2.000000000 2
776 132 3 8192 2.000000000 2
776 148 3 8192 2.000000000 2
776 156 3 8192 2.000000000 2
776 172 3 8192 2.000000000 2
776 184 3 8192 2.000000000 2
776 188 3 8192 2.000000000 2
776 204 3 8192 2.000000000 2
776 220 3 8192 2.000000000 2
776 248 3 8192 2.000000000 2
776 252 3 8192 2.000000000 2
776 276 3 8192 2.000000000 2
776 320 3 8192 2.000000000 2
776 336 3 8192 2.000000000 2
776 344 3 8192 2.000000000 2
776 360 3 8192 2.000000000 2
776 392 3 8192 2.000000000 2
776 416 3 8192 2.000000000 2
776 424 3 8192 2.000000000 2
776 468 3 8192 2.000000000 2
776 484 3 8192 2.000000000 2
776 520 3 8192 2.000000000 2
776 544 3 8192 2.000000000 2
776 560 3 8192 2.000000000 2
776 580 3 8192 2.000000000 2
776 600 3 8192 2.000000000 2
776 636 3 8192 2.000000000 2
776 640 3 8192 2.000000000 2
776 656 3 8192 2.000000000 2
776 660 3 8192 2.000000000 2
776 676 3 8192 2.000000000 2
776 688 3 8192 2.000000000 2
776 716 3 8192 2.000000000 2
776 724 3 8192 2.000000000 2
776 764 3 8192 2.000000000 2
776 788 3 8192 2.000000000 2
776 808 3 8192 2.000000000 2
776 816 3 8192 2.000000000 2
776 836 3 8192 2.000000000 2
776 860 3 8192 2.000000000 2
776 876 3 8192 2.000000000 2
776 896 3 8192 2.000000000 2
776 920 3 8192 2.000000000 2
776 932 3 8192 2.000000000 2
776 936 3 8192 2.000000000 2
776 952 3 8192 2.000000000 2
776 964 3 8192 2.000000000 2
776 972 3 8192 2.000000000 2
776 1032 3 8192 2.000000000 2
776 1036 3 8192 2.000000000 2
776 1048 3 8192 2.000000000 2
776 1072 3 8192 2.000000000 2
776 1100 3 8192 2.000000000 2
776 1120 3 8192 2.000000000 2
776 1124 3 8192 2.000000000 2
776 1176 3 8192 2.000000000 2
776 1272 3 8192 2.000000000 2
784 40 3 8192 2.000000000 2
784 56 3 8192 2.000000000 2
784 76 3 8192 2.000000000 2
784 100 3 8192 2.000000000 2
784 108 3 8192 2.000000000 2
784 112 3 8192 2.000000000 2
784 116 3 8192 2.000000000 2
784 152 3 8192 2.000000000 2
784 184 3 8192 2.000000000 2
784 204 3 8192 2.000000000 2
784 208 3 8192 2.000000000 2
784 236 3 8192 2.000000000 2
784 252 3 8192 2.000000000 2
784 268 3 8192 2.000000000 2
784 292 3 8192 2.000000000 2
784 316 3 8192 2.000000000 2
784 328 3 8192 2.000000000 2
784 336 3 8192 2.000000000 2
784 344 3 8192 2.000000000 2
784 348 3 8192 2.000000000 2
784 388 3 8192 2.000000000 2
784 396 3 8192 2.000000000 2
784 400 3 8192 2.000000000 2
784 412 3 8192 2.000000000 2
784 416 3 8192 2.000000000 2
784 440 3 8192 2.000000000 2
784 468 3 8192 2.000000000 2
784 472 3 8192 2.000000000 2
784 516 3 8192 2.000000000 2
784 520 3 8192 2.000000000 2
784 524 3 8192 2.000000000 2
784 536 3 8192 2.000000000 2
784 544 3 8192 2.000000000 2
784 548 3 8192 2.000000000 2
784 624 3 8192 2.000000000 2
784 648 3 8192 2.000000000 2
784 668 3 8192 2.000000000 2
784 676 3 8192 2.000000000 2
784 688 3 8192 2.000000000 2
784 700 3 8192 2.000000000 2
784 704 3 8192 2.000000000 2
784 708 3 8192 2.000000000 2
784 712 3 8192 2.000000000 2
784 748 3 8192 2.000000000 2
784 764 3 8192 2.000000000 2
784 776 3 8192 2.000000000 2
784 808 3 8192 2.000000000 2
784 856 3 8192 2.000000000 2
784 896 3 8192 2.000000000 2
784 940 3 8192 2.000000000 2
784 992 3 8192 2.000000000 2
784 996 3 8192 2.000000000 2
784 1012 3 8192 2.000000000 2
784 1080 3 8192 2.000000000 2
784 1108 3 8192 2.000000000 2
784 1136 3 8192 2.000000000 2
784 1168 3 8192 2.000000000 2
784 1184 3 8192 2.000000000 2
784 1192 3 8192 2.000000000 2
784 1212 3 8192 2.000000000 2
784 1220 3 8192 2.000000000 2
784 1228 3 8192 2.000000000 2
784 1256 3 8192 2.000000000 2
784 1264 3 8192 2.000000000 2
788 24 3 8192 2.000000000 2
788 48 3 8192 2.000000000 2
788 56 3 8192 2.000000000 2
788 64 3 8192 2.000000000 2
788 72 3 8192 2.000000000 2
788 88 3 8192 2.000000000 2
788 136 3 8192 2.000000000 2
788 180 3 8192 2.000000000 2
788 188 3 8192 2.000000000 2
788 192 3 8192 2.000000000 2
788 204 3 8192 2.000000000 2
788 216 3 8192 2.000000000 2
788 220 3 8192 2.000000000 2
788 240 3 8192 2.000000000 2
788 260 3 8192 2.000000000 2
788 264 3 8192 2.000000000 2
788 280 3 8192 2.000000000 2
788 296 3 8192 2.000000000 2
788 300 3 8192 2.000000000 2
788 308 3 8192 2.000000000 2
788 332 3 8192 2.000000000 2
788 344 3 8192 2.000000000 2
788 348 3 8192 2.000000000 2
788 388 3 8192 2.000000000 2
788 392 3 8192 2.000000000 2
788 400 3 8192 2.000000000 2
788 424 3 8192 2.000000000 2
788 436 3 8192 2.000000000 2
788 452 3 8192 2.000000000 2
788 476 3 8192 2.000000000 2
788 508 3 8192 2.000000000 2
788 560 3 8192 2.000000000 2
788 608 3 8192 2.000000000 2
788 624 3 8192 2.000000000 2
788 636 3 8192 2.000000000 2
788 644 3 8192 2.000000000 2
788 648 3 8192 2.000000000 2
788 660 3 8192 2.000000000 2
788 676 3 8192 2.000000000 2
788 684 3 8192 2.000000000 2
788 700 3 8192 2.000000000 2
788 720 3 8192 2.000000000 2
788 728 3 8192 2.000000000 2
788 764 3 8192 2.000000000 2
788 792 3 8192 2.000000000 2
788 816 3 8192 2.000000000 2
788 828 3 8192 2.000000000 2
788 840 3 8192 2.000000000 2
788 856 3 8192 2.000000000 2
788 864 3 8192 2.000000000 2
788 888 3 8192 2.000000000 2
788 896 3 8192 2.000000000 2
788 904 3 8192 2.000000000 2
788 936 3 8192 2.000000000 2
788 1100 3 8192 2.000000000 2
788 1116 3 8192 2.000000000 2
788 1120 3 8192 2.000000000 2
788 1148 3 8192 2.000000000 2
788 1176 3 8192 2.000000000 2
788 1200 3 8192 2.000000000 2
788 1220 3 8192 2.000000000 2
788 1244 3 8192 2.000000000 2
788 1248 3 8192 2.000000000 2
788 1256 3 8192 2.000000000 2
792 32 3 8192 2.000000000 2
792 56 3 8192 2.000000000 2
792 84 3 8192 2.000000000 2
792 92 3 8192 2.000000000 2
792 112 3 8192 2.000000000 2
792 124 3 8192 2.000000000 2
792 132 3 8192 2.000000000 2
792 136 3 8192 2.000000000 2
792 172 3 8192 2.000000000 2
792 184 3 8192 2.000000000 2
792 188 3 8192 2.000000000 2
792 204 3 8192 2.000000000 2
792 228 3 8192 2.000000000 2
792 236 3 8192 2.000000000 2
792 260 3 8192 2.000000000 2
792 288 3 8192 2.000000000 2
792 292 3 8192 2.000000000 2
792 296 3 8192 2.000000000 2
792 316 3 8192 2.000000000 2
792 332 3 8192 2.000000000 2
792 336 3 8192 2.000000000 2
792 344 3 8192 2.000000000 2
792 352 3 8192 2.000000000 2
792 364 3 8192 2.000000000 2
792 392 3 8192 2.000000000 2
792 420 3 8192 2.000000000 2
792 440 3 8192 2.000000000 2
792 468 3 8192 2.000000000 2
792 500 3 8192 2.000000000 2
792 520 3 8192 2.000000000 2
792 540 3 8192 2.000000000 2
792 564 3 8192 2.000000000 2
792 592 3 8192 2.000000000 2
792 616 3 8192 2.000000000 2
792 624 3 8192 2.000000000 2
792 648 3 8192 2.000000000 2
792 652 3 8192 2.000000000 2
792 656 3 8192 2.000000000 2
792 700 3 8192 2.000000000 2
792 704 3 8192 2.000000000 2
792 708 3 8192 2.000000000 2
792 836 3 8192 2.000000000 2
792 840 3 8192 2.000000000 2
792 856 3 8192 2.000000000 2
792 908 3 8192 2.000000000 2
792 940 3 8192 2.000000000 2
792 1012 3 8192 2.000000000 2
792 1020 3 8192 2.000000000 2
792 1044 3 8192 2.000000000 2
792 1056 3 8192 2.000000000 2
792 1092 3 8192 2.000000000 2
792 1112 3 8192 2.000000000 2
792 1116 3 8192 2.000000000 2
792 1120 3 8192 2.000000000 2
792 1128 3 8192 2.000000000 2
792 1156 3 8192 2.000000000 2
792 1160 3 8192 2.000000000 2
792 1168 3 8192 2.000000000 2
792 1176 3 8192 2.000000000 2
792 1196 3 8192 2.000000000 2
792 1204 3 8192 2.000000000 2
792 1212 3 8192 2.000000000 2
792 1220 3 8192 2.000000000 2
792 1272 3 8192 2.000000000 2
796 40 3 8192 2.000000000 2
796 52 3 8192 2.000000000 2
796 56 3 8192 2.000000000 2
796 64 3 8192 2.000000000 2
796 76 3 8192 2.000000000 2
796 116 3 8192 2.000000000 2
796 124 3 8192 2.000000000 2
796 152 3 8192 2.000000000 2
796 164 3 8192 2.000000000 2
796 216 3 8192 2.000000000 2
796 236 3 8192 2.000000000 2
796 252 3 8192 2.000000000 2
796 264 3 8192 2.000000000 2
796 268 3 8192 2.000000000 2
796 280 3 8192 2.000000000 2
796 288 3 8192 2.000000000 2
796 296 3 8192 2.000000000 2
796 300 3 8192 2.000000000 2
796 304 3 8192 2.000000000 2
796 316 3 8192 2.000000000 2
796 332 3 8192 2.000000000 2
796 344 3 8192 2.000000000 2
796 348 3 8192 2.000000000 2
796 376 3 8192 2.000000000 2
796 392 3 8192 2.000000000 2
796 424 3 8192 2.000000000 2
796 440 3 8192 2.000000000 2
796 476 3 8192 2.000000000 2
796 500 3 8192 2.000000000 2
796 512 3 8192 2.000000000 2
796 516 3 8192 2.000000000 2
796 520 3 8192 2.000000000 2
796 536 3 8192 2.000000000 2
796 548 3 8192 2.000000000 2
796 560 3 8192 2.000000000 2
796 580 3 8192 2.000000000 2
796 592 3 8192 2.000000000 2
796 628 3 8192 2.000000000 2
796 644 3 8192 2.000000000 2
796 676 3 8192 2.000000000 2
796 696 3 8192 2.000000000 2
796 700 3 8192 2.000000000 2
796 728 3 8192 2.000000000 2
796 736 3 8192 2.000000000 2
796 744 3 8192 2.000000000 2
796 748 3 8192 2.000000000 2
796 776 3 8192 2.000000000 2
796 788 3 8192 2.000000000 2
796 840 3 8192 2.000000000 2
796 848 3 8192 2.000000000 2
796 852 3 8192 2.000000000 2
796 880 3 8192 2.000000000 2
796 900 3 8192 2.000000000 2
796 944 3 8192 2.000000000 2
796 952 3 8192 2.000000000 2
796 964 3 8192 2.000000000 2
796 1020 3 8192 2.000000000 2
796 1068 3 8192 2.000000000 2
796 1172 3 8192 2.000000000 2
796 1192 3 8192 2.000000000 2
796 1208 3 8192 2.000000000 2
796 1220 3 8192 2.000000000 2
796 1236 3 8192 2.000000000 2
796 1256 3 8192 2.000000000 2
808 16 3 8192 2.000000000 2
808 24 3 8192 2.000000000 2
808 64 3 8192 2.000000000 2
808 72 3 8192 2.000000000 2
808 92 3 8192 2.000000000 2
808 108 3 8192 2.000000000 2
808 112 3 8192 2.000000000 2
808 120 3 8192 2.000000000 2
808 128 3 8192 2.000000000 2
808 132 3 8192 2.000000000 2
808 136 3 8192 2.000000000 2
808 172 3 8192 2.000000000 2
808 184 3 8192 2.000000000 2
808 188 3 8192 2.000000000 2
808 192 3 8192 2.000000000 2
808 196 3 8192 2.000000000 2
808 216 3 8192 2.000000000 2
808 224 3 8192 2.000000000 2
808 232 3 8192 2.000000000 2
808 276 3 8192 2.000000000 2
808 292 3 8192 2.000000000 2
808 296 3 8192 2.000000000 2
808 300 3 8192 2.000000000 2
808 320 3 8192 2.000000000 2
808 396 3 8192 2.000000000 2
808 412 3 8192 2.000000000 2
808 416 3 8192 2.000000000 2
808 428 3 8192 2.000000000 2
808 448 3 8192 2.000000000 2
808 468 3 8192 2.000000000 2
808 520 3 8192 2.000000000 2
808 528 3 8192 2.000000000 2
808 548 3 8192 2.000000000 2
808 576 3 8192 2.000000000 2
808 592 3 8192 2.000000000 2
808 660 3 8192 2.000000000 2
808 700 3 8192 2.000000000 2
808 704 3 8192 2.000000000 2
808 736 3 8192 2.000000000 2
808 768 3 8192 2.000000000 2
808 828 3 8192 2.000000000 2
808 840 3 8192 2.000000000 2
808 852 3 8192 2.000000000 2
808 864 3 8192 2.000000000 2
808 888 3 8192 2.000000000 2
808 904 3 8192 2.000000000 2
808 920 3 8192 2.000000000 2
808 944 3 8192 2.000000000 2
808 980 3 8192 2.000000000 2
808 996 3 8192 2.000000000 2
808 1024 3 8192 2.000000000 2
808 1036 3 8192 2.000000000 2
808 1068 3 8192 2.000000000 2
808 1072 3 8192 2.000000000 2
808 1084 3 8192 2.000000000 2
808 1124 3 8192 2.000000000 2
808 1132 3 8192 2.000000000 2
808 1136 3 8192 2.000000000 2
808 1160 3 8192 2.000000000 2
808 1192 3 8192 2.000000000 2
808 1196 3 8192 2.000000000 2
808 1228 3 8192 2.000000000 2
808 1244 3 8192 2.000000000 2
808 1248 3 8192 2.000000000 2
812 4 3 8192 2.000000000 2
812 8 3 8192 2.000000000 2
812 40 3 8192 2.000000000 2
812 52 3 8192 2.000000000 2
812 72 3 8192 2.000000000 2
812 104 3 8192 2.000000000 2
812 108 3 8192 2.000000000 2
812 112 3 8192 2.000000000 2
812 128 3 8192 2.000000000 2
812 136 3 8192 2.000000000 2
812 156 3 8192 2.000000000 2
812 172 3 8192 2.000000000 2
812 176 3 8192 2.000000000 2
812 180 3 8192 2.000000000 2
812 228 3 8192 2.000000000 2
812 236 3 8192 2.000000000 2
812 296 3 8192 2.000000000 2
812 328 3 8192 2.000000000 2
812 336 3 8192 2.000000000 2
812 364 3 8192 2.000000000 2
812 376 3 8192 2.000000000 2
812 384 3 8192 2.000000000 2
812 388 3 8192 2.000000000 2
812 392 3 8192 2.000000000 2
812 428 3 8192 2.000000000 2
812 472 3 8192 2.000000000 2
812 484 3 8192 2.000000000 2
812 520 3 8192 2.000000000 2
812 528 3 8192 2.000000000 2
812 564 3 8192 2.000000000 2
812 580 3 8192 2.000000000 2
812 608 3 8192 2.000000000 2
812 648 3 8192 2.000000000 2
812 700 3 8192 2.000000000 2
812 708 3 8192 2.000000000 2
812 744 3 8192 2.000000000 2
812 748 3 8192 2.000000000 2
812 756 3 8192 2.000000000 2
812 828 3 8192 2.000000000 2
812 836 3 8192 2.000000000 2
812 864 3 8192 2.000000000 2
812 888 3 8192 2.000000000 2
812 900 3 8192 2.000000000 2
812 920 3 8192 2.000000000 2
812 948 3 8192 2.000000000 2
812 980 3 8192 2.000000000 2
812 1008 3 8192 2.000000000 2
812 1036 3 8192 2.000000000 2
812 1072 3 8192 2.000000000 2
812 1092 3 8192 2.000000000 2
812 1100 3 8192 2.000000000 2
812 1108 3 8192 2.000000000 2
812 1112 3 8192 2.000000000 2
812 1120 3 8192 2.000000000 2
812 1132 3 8192 2.000000000 2
812 1148 3 8192 2.000000000 2
812 1164 3 8192 2.000000000 2
812 1192 3 8192 2.000000000 2
812 1216 3 8192 2.000000000 2
812 1236 3 8192 2.000000000 2
812 1248 3 8192 2.000000000 2
812 1256 3 8192 2.000000000 2
812 1264 3 8192 2.000000000 2
812 1272 3 8192 2.000000000 2
816 4 3 8192 2.000000000 2
816 12 3 8192 2.000000000 2
816 28 3 8192 2.000000000 2
816 40 3 8192 2.000000000 2
816 96 3 8192 2.000000000 2
816 124 3 8192 2.000000000 2
816 128 3 8192 2.000000000 2
816 136 3 8192 2.000000000 2
816 220 3 8192 2.000000000 2
816 228 3 8192 2.000000000 2
816 232 3 8192 2.000000000 2
816 236 3 8192 2.000000000 2
816 304 3 8192 2.000000000 2
816 308 3 8192 2.000000000 2
816 312 3 8192 2.000000000 2
816 352 3 8192 2.000000000 2
816 356 3 8192 2.000000000 2
816 360 3 8192 2.000000000 2
816 388 3 8192 2.000000000 2
816 400 3 8192 2.000000000 2
816 404 3 8192 2.000000000 2
816 424 3 8192 2.000000000 2
816 436 3 8192 2.000000000 2
816 440 3 8192 2.000000000 2
816 460 3 8192 2.000000000 2
816 480 3 8192 2.000000000 2
816 496 3 8192 2.000000000 2
816 500 3 8192 2.000000000 2
816 520 3 8192 2.000000000 2
816 536 3 8192 2.000000000 2
816 560 3 8192 2.000000000 2
816 584 3 8192 2.000000000 2
816 624 3 8192 2.000000000 2
816 648 3 8192 2.000000000 2
816 652 3 8192 2.000000000 2
816 656 3 8192 2.000000000 2
816 668 3 8192 2.000000000 2
816 676 3 8192 2.000000000 2
816 708 3 8192 2.000000000 2
816 728 3 8192 2.000000000 2
816 732 3 8192 2.000000000 2
816 768 3 8192 2.000000000 2
816 784 3 8192 2.000000000 2
816 788 3 8192 2.000000000 2
816 808 3 8192 2.000000000 2
816 828 3 8192 2.000000000 2
816 840 3 8192 2.000000000 2
816 856 3 8192 2.000000000 2
816 888 3 8192 2.000000000 2
816 940 3 8192 2.000000000 2
816 948 3 8192 2.000000000 2
816 952 3 8192 2.000000000 2
816 964 3 8192 2.000000000 2
816 984 3 8192 2.000000000 2
816 1020 3 8192 2.000000000 2
816 1052 3 8192 2.000000000 2
816 1056 3 8192 2.000000000 2
816 1080 3 8192 2.000000000 2
816 1104 3 8192 2.000000000 2
816 1108 3 8192 2.000000000 2
816 1128 3 8192 2.000000000 2
816 1180 3 8192 2.000000000 2
816 1204 3 8192 2.000000000 2
816 1224 3 8192 2.000000000 2
828 4 3 8192 2.000000000 2
828 12 3 8192 2.000000000 2
828 16 3 8192 2.000000000 2
828 56 3 8192 2.000000000 2
828 84 3 8192 2.000000000 2
828 92 3 8192 2.000000000 2
828 124 3 8192 2.000000000 2
828 128 3 8192 2.000000000 2
828 132 3 8192 2.000000000 2
828 156 3 8192 2.000000000 2
828 172 3 8192 2.000000000 2
828 224 3 8192 2.000000000 2
828 232 3 8192 2.000000000 2
828 260 3 8192 2.000000000 2
828 264 3 8192 2.000000000 2
828 284 3 8192 2.000000000 2
828 296 3 8192 2.000000000 2
828 300 3 8192 2.000000000 2
828 308 3 8192 2.000000000 2
828 332 3 8192 2.000000000 2
828 364 3 8192 2.000000000 2
828 392 3 8192 2.000000000 2
828 452 3 8192 2.000000000 2
828 468 3 8192 2.000000000 2
828 472 3 8192 2.000000000 2
828 524 3 8192 2.000000000 2
828 528 3 8192 2.000000000 2
828 536 3 8192 2.000000000 2
828 592 3 8192 2.000000000 2
828 632 3 8192 2.000000000 2
828 636 3 8192 2.000000000 2
828 660 3 8192 2.000000000 2
828 684 3 8192 2.000000000 2
828 692 3 8192 2.000000000 2
828 700 3 8192 2.000000000 2
828 708 3 8192 2.000000000 2
828 716 3 8192 2.000000000 2
828 736 3 8192 2.000000000 2
828 752 3 8192 2.000000000 2
828 756 3 8192 2.000000000 2
828 764 3 8192 2.000000000 2
828 768 3 8192 2.000000000 2
828 808 3 8192 2.000000000 2
828 860 3 8192 2.000000000 2
828 876 3 8192 2.000000000 2
828 908 3 8192 2.000000000 2
828 952 3 8192 2.000000000 2
828 964 3 8192 2.000000000 2
828 980 3 8192 2.000000000 2
828 1012 3 8192 2.000000000 2
828 1032 3 8192 2.000000000 2
828 1036 3 8192 2.000000000 2
828 1040 3 8192 2.000000000 2
828 1056 3 8192 2.000000000 2
828 1068 3 8192 2.000000000 2
828 1104 3 8192 2.000000000 2
828 1132 3 8192 2.000000000 2
828 1148 3 8192 2.000000000 2
828 1172 3 8192 2.000000000 2
828 1180 3 8192 2.000000000 2
828 1204 3 8192 2.000000000 2
828 1216 3 8192 2.000000000 2
828 1244 3 8192 2.000000000 2
828 1272 3 8192 2.000000000 2
836 12 3 8192 2.000000000 2
836 40 3 8192 2.000000000 2
836 48 3 8192 2.000000000 2
836 112 3 8192 2.000000000 2
836 116 3 8192 2.000000000 2
836 124 3 8192 2.000000000 2
836 156 3 8192 2.000000000 2
836 172 3 8192 2.000000000 2
836 180 3 8192 2.000000000 2
836 204 3 8192 2.000000000 2
836 232 3 8192 2.000000000 2
836 236 3 8192 2.000000000 2
836 260 3 8192 2.000000000 2
836 264 3 8192 2.000000000 2
836 276 3 8192 2.000000000 2
836 280 3 8192 2.000000000 2
836 292 3 8192 2.000000000 2
836 296 3 8192 2.000000000 2
836 300 3 8192 2.000000000 2
836 312 3 8192 2.000000000 2
836 336 3 8192 2.000000000 2
836 348 3 8192 2.000000000 2
836 352 3 8192 2.000000000 2
836 400 3 8192 2.000000000 2
836 436 3 8192 2.000000000 2
836 440 3 8192 2.000000000 2
836 452 3 8192 2.000000000 2
836 460 3 8192 2.000000000 2
836 484 3 8192 2.000000000 2
836 540 3 8192 2.000000000 2
836 548 3 8192 2.000000000 2
836 576 3 8192 2.000000000 2
836 628 3 8192 2.000000000 2
836 632 3 8192 2.000000000 2
836 648 3 8192 2.000000000 2
836 652 3 8192 2.000000000 2
836 660 3 8192 2.000000000 2
836 676 3 8192 2.000000000 2
836 704 3 8192 2.000000000 2
836 720 3 8192 2.000000000 2
836 768 3 8192 2.000000000 2
836 776 3 8192 2.000000000 2
836 788 3 8192 2.000000000 2
836 796 3 8192 2.000000000 2
836 856 3 8192 2.000000000 2
836 896 3 8192 2.000000000 2
836 904 3 8192 2.000000000 2
836 920 3 8192 2.000000000 2
836 932 3 8192 2.000000000 2
836 952 3 8192 2.000000000 2
836 964 3 8192 2.000000000 2
836 972 3 8192 2.000000000 2
836 1032 3 8192 2.000000000 2
836 1040 3 8192 2.000000000 2
836 1080 3 8192 2.000000000 2
836 1108 3 8192 2.000000000 2
836 1112 3 8192 2.000000000 2
836 1124 3 8192 2.000000000 2
836 1136 3 8192 2.000000000 2
836 1180 3 8192 2.000000000 2
836 1212 3 8192 2.000000000 2
836 1220 3 8192 2.000000000 2
836 1248 3 8192 2.000000000 2
836 1256 3 8192 2.000000000 2
840 8 3 8192 2.000000000 2
840 64 3 8192 2.000000000 2
840 100 3 8192 2.000000000 2
840 120 3 8192 2.000000000 2
840 132 3 8192 2.000000000 2
840 156 3 8192 2.000000000 2
840 176 3 8192 2.000000000 2
840 192 3 8192 2.000000000 2
840 220 3 8192 2.000000000 2
840 252 3 8192 2.000000000 2
840 268 3 8192 2.000000000 2
840 276 3 8192 2.000000000 2
840 304 3 8192 2.000000000 2
840 316 3 8192 2.000000000 2
840 356 3 8192 2.000000000 2
840 372 3 8192 2.000000000 2
840 384 3 8192 2.000000000 2
840 404 3 8192 2.000000000 2
840 412 3 8192 2.000000000 2
840 436 3 8192 2.000000000 2
840 472 3 8192 2.000000000 2
840 480 3 8192 2.000000000 2
840 484 3 8192 2.000000000 2
840 496 3 8192 2.000000000 2
840 500 3 8192 2.000000000 2
840 540 3 8192 2.000000000 2
840 544 3 8192 2.000000000 2
840 560 3 8192 2.000000000 2
840 628 3 8192 2.000000000 2
840 632 3 8192 2.000000000 2
840 636 3 8192 2.000000000 2
840 648 3 8192 2.000000000 2
840 684 3 8192 2.000000000 2
840 688 3 8192 2.000000000 2
840 692 3 8192 2.000000000 2
840 712 3 8192 2.000000000 2
840 732 3 8192 2.000000000 2
840 748 3 8192 2.000000000 2
840 788 3 8192 2.000000000 2
840 808 3 8192 2.000000000 2
840 816 3 8192 2.000000000 2
840 856 3 8192 2.000000000 2
840 860 3 8192 2.000000000 2
840 864 3 8192 2.000000000 2
840 908 3 8192 2.000000000 2
840 932 3 8192 2.000000000 2
840 940 3 8192 2.000000000 2
840 948 3 8192 2.000000000 2
840 972 3 8192 2.000000000 2
840 988 3 8192 2.000000000 2
840 1036 3 8192 2.000000000 2
840 1076 3 8192 2.000000000 2
840 1080 3 8192 2.000000000 2
840 1092 3 8192 2.000000000 2
840 1112 3 8192 2.000000000 2
840 1116 3 8192 2.000000000 2
840 1120 3 8192 2.000000000 2
840 1128 3 8192 2.000000000 2
840 1132 3 8192 2.000000000 2
840 1156 3 8192 2.000000000 2
840 1168 3 8192 2.000000000 2
840 1184 3 8192 2.000000000 2
840 1224 3 8192 2.000000000 2
840 1256 3 8192 2.000000000 2
848 20 3 8192 2.000000000 2
848 52 3 8192 2.000000000 2
848 96 3 8192 2.000000000 2
848 104 3 8192 2.000000000 2
848 132 3 8192 2.000000000 2
848 136 3 8192 2.000000000 2
848 172 3 8192 2.000000000 2
848 180 3 8192 2.000000000 2
848 188 3 8192 2.000000000 2
848 192 3 8192 2.000000000 2
848 208 3 8192 2.000000000 2
848 216 3 8192 2.000000000 2
848 220 3 8192 2.000000000 2
848 248 3 8192 2.000000000 2
848 308 3 8192 2.000000000 2
848 332 3 8192 2.000000000 2
848 352 3 8192 2.000000000 2
848 384 3 8192 2.000000000 2
848 388 3 8192 2.000000000 2
848 392 3 8192 2.000000000 2
848 396 3 8192 2.000000000 2
848 400 3 8192 2.000000000 2
848 440 3 8192 2.000000000 2
848 444 3 8192 2.000000000 2
848 484 3 8192 2.000000000 2
848 500 3 8192 2.000000000 2
848 536 3 8192 2.000000000 2
848 540 3 8192 2.000000000 2
848 544 3 8192 2.000000000 2
848 548 3 8192 2.000000000 2
848 584 3 8192 2.000000000 2
848 596 3 8192 2.000000000 2
848 628 3 8192 2.000000000 2
848 636 3 8192 2.000000000 2
848 664 3 8192 2.000000000 2
848 676 3 8192 2.000000000 2
848 692 3 8192 2.000000000 2
848 712 3 8192 2.000000000 2
848 724 3 8192 2.000000000 2
848 776 3 8192 2.000000000 2
848 816 3 8192 2.000000000 2
848 840 3 8192 2.000000000 2
848 892 3 8192 2.000000000 2
848 896 3 8192 2.000000000 2
848 920 3 8192 2.000000000 2
848 932 3 8192 2.000000000 2
848 952 3 8192 2.000000000 2
848 964 3 8192 2.000000000 2
848 992 3 8192 2.000000000 2
848 1036 3 8192 2.000000000 2
848 1040 3 8192 2.000000000 2
848 1044 3 8192 2.000000000 2
848 1056 3 8192 2.000000000 2
848 1080 3 8192 2.000000000 2
848 1084 3 8192 2.000000000 2
848 1124 3 8192 2.000000000 2
848 1128 3 8192 2.000000000 2
848 1164 3 8192 2.000000000 2
848 1176 3 8192 2.000000000 2
848 1180 3 8192 2.000000000 2
848 1200 3 8192 2.000000000 2
848 1220 3 8192 2.000000000 2
848 1248 3 8192 2.000000000 2
848 1264 3 8192 2.000000000 2
852 8 3 8192 2.000000000 2
852 12 3 8192 2.000000000 2
852 24 3 8192 2.000000000 2
852 36 3 8192 2.000000000 2
852 56 3 8192 2.000000000 2
852 76 3 8192 2.000000000 2
852 88 3 8192 2.000000000 2
852 96 3 8192 2.000000000 2
852 116 3 8192 2.000000000 2
852 136 3 8192 2.000000000 2
852 156 3 8192 2.000000000 2
852 188 3 8192 2.000000000 2
852 208 3 8192 2.000000000 2
852 220 3 8192 2.000000000 2
852 228 3 8192 2.000000000 2
852 232 3 8192 2.000000000 2
852 240 3 8192 2.000000000 2
852 252 3 8192 2.000000000 2
852 260 3 8192 2.000000000 2
852 268 3 8192 2.000000000 2
852 288 3 8192 2.000000000 2
852 308 3 8192 2.000000000 2
852 364 3 8192 2.000000000 2
852 376 3 8192 2.000000000 2
852 384 3 8192 2.000000000 2
852 400 3 8192 2.000000000 2
852 404 3 8192 2.000000000 2
852 412 3 8192 2.000000000 2
852 420 3 8192 2.000000000 2
852 428 3 8192 2.000000000 2
852 452 3 8192 2.000000000 2
852 460 3 8192 2.000000000 2
852 508 3 8192 2.000000000 2
852 512 3 8192 2.000000000 2
852 524 3 8192 2.000000000 2
852 540 3 8192 2.000000000 2
852 632 3 8192 2.000000000 2
852 652 3 8192 2.000000000 2
852 660 3 8192 2.000000000 2
852 700 3 8192 2.000000000 2
852 708 3 8192 2.000000000 2
852 732 3 8192 2.000000000 2
852 744 3 8192 2.000000000 2
852 748 3 8192 2.000000000 2
852 756 3 8192 2.000000000 2
852 768 3 8192 2.000000000 2
852 848 3 8192 2.000000000 2
852 856 3 8192 2.000000000 2
852 876 3 8192 2.000000000 2
852 880 3 8192 2.000000000 2
852 888 3 8192 2.000000000 2
852 932 3 8192 2.000000000 2
852 936 3 8192 2.000000000 2
852 972 3 8192 2.000000000 2
852 992 3 8192 2.000000000 2
852 996 3 8192 2.000000000 2
852 1012 3 8192 2.000000000 2
852 1024 3 8192 2.000000000 2
852 1040 3 8192 2.000000000 2
852 1100 3 8192 2.000000000 2
852 1104 3 8192 2.000000000 2
852 1124 3 8192 2.000000000 2
852 1132 3 8192 2.000000000 2
852 1236 3 8192 2.000000000 2
856 8 3 8192 2.000000000 2
856 28 3 8192 2.000000000 2
856 40 3 8192 2.000000000 2
856 48 3 8192 2.000000000 2
856 56 3 8192 2.000000000 2
856 68 3 8192 2.000000000 2
856 100 3 8192 2.000000000 2
856 120 3 8192 2.000000000 2
856 128 3 8192 2.000000000 2
856 148 3 8192 2.000000000 2
856 172 3 8192 2.000000000 2
856 176 3 8192 2.000000000 2
856 180 3 8192 2.000000000 2
856 184 3 8192 2.000000000 2
856 196 3 8192 2.000000000 2
856 268 3 8192 2.000000000 2
856 280 3 8192 2.000000000 2
856 292 3 8192 2.000000000 2
856 296 3 8192 2.000000000 2
856 336 3 8192 2.000000000 2
856 384 3 8192 2.000000000 2
856 388 3 8192 2.000000000 2
856 404 3 8192 2.000000000 2
856 424 3 8192 2.000000000 2
856 436 3 8192 2.000000000 2
856 440 3 8192 2.000000000 2
856 444 3 8192 2.000000000 2
856 472 3 8192 2.000000000 2
856 484 3 8192 2.000000000 2
856 516 3 8192 2.000000000 2
856 520 3 8192 2.000000000 2
856 540 3 8192 2.000000000 2
856 556 3 8192 2.000000000 2
856 560 3 8192 2.000000000 2
856 580 3 8192 2.000000000 2
856 592 3 8192 2.000000000 2
856 612 3 8192 2.000000000 2
856 636 3 8192 2.000000000 2
856 652 3 8192 2.000000000 2
856 664 3 8192 2.000000000 2
856 684 3 8192 2.000000000 2
856 700 3 8192 2.000000000 2
856 704 3 8192 2.000000000 2
856 712 3 8192 2.000000000 2
856 720 3 8192 2.000000000 2
856 724 3 8192 2.000000000 2
856 744 3 8192 2.000000000 2
856 792 3 8192 2.000000000 2
856 796 3 8192 2.000000000 2
856 808 3 8192 2.000000000 2
856 812 3 8192 2.000000000 2
856 896 3 8192 2.000000000 2
856 920 3 8192 2.000000000 2
856 936 3 8192 2.000000000 2
856 964 3 8192 2.000000000 2
856 1008 3 8192 2.000000000 2
856 1024 3 8192 2.000000000 2
856 1048 3 8192 2.000000000 2
856 1120 3 8192 2.000000000 2
856 1132 3 8192 2.000000000 2
856 1160 3 8192 2.000000000 2
856 1172 3 8192 2.000000000 2
856 1184 3 8192 2.000000000 2
856 1208 3 8192 2.000000000 2
860 8 3 8192 2.000000000 2
860 32 3 8192 2.000000000 2
860 56 3 8192 2.000000000 2
860 64 3 8192 2.000000000 2
860 68 3 8192 2.000000000 2
860 76 3 8192 2.000000000 2
860 92 3 8192 2.000000000 2
860 96 3 8192 2.000000000 2
860 112 3 8192 2.000000000 2
860 116 3 8192 2.000000000 2
860 148 3 8192 2.000000000 2
860 156 3 8192 2.000000000 2
860 204 3 8192 2.000000000 2
860 232 3 8192 2.000000000 2
860 284 3 8192 2.000000000 2
860 308 3 8192 2.000000000 2
860 336 3 8192 2.000000000 2
860 344 3 8192 2.000000000 2
860 348 3 8192 2.000000000 2
860 372 3 8192 2.000000000 2
860 420 3 8192 2.000000000 2
860 424 3 8192 2.000000000 2
860 428 3 8192 2.000000000 2
860 440 3 8192 2.000000000 2
860 500 3 8192 2.000000000 2
860 536 3 8192 2.000000000 2
860 544 3 8192 2.000000000 2
860 556 3 8192 2.000000000 2
860 560 3 8192 2.000000000 2
860 564 3 8192 2.000000000 2
860 580 3 8192 2.000000000 2
860 584 3 8192 2.000000000 2
860 600 3 8192 2.000000000 2
860 612 3 8192 2.000000000 2
860 640 3 8192 2.000000000 2
860 676 3 8192 2.000000000 2
860 688 3 8192 2.000000000 2
860 724 3 8192 2.000000000 2
860 728 3 8192 2.000000000 2
860 752 3 8192 2.000000000 2
860 792 3 8192 2.000000000 2
860 828 3 8192 2.000000000 2
860 836 3 8192 2.000000000 2
860 908 3 8192 2.000000000 2
860 920 3 8192 2.000000000 2
860 936 3 8192 2.000000000 2
860 952 3 8192 2.000000000 2
860 964 3 8192 2.000000000 2
860 1012 3 8192 2.000000000 2
860 1020 3 8192 2.000000000 2
860 1032 3 8192 2.000000000 2
860 1036 3 8192 2.000000000 2
860 1040 3 8192 2.000000000 2
860 1048 3 8192 2.000000000 2
860 1052 3 8192 2.000000000 2
860 1056 3 8192 2.000000000 2
860 1084 3 8192 2.000000000 2
860 1092 3 8192 2.000000000 2
860 1108 3 8192 2.000000000 2
860 1168 3 8192 2.000000000 2
860 1172 3 8192 2.000000000 2
860 1184 3 8192 2.000000000 2
860 1208 3 8192 2.000000000 2
860 1256 3 8192 2.000000000 2
864 16 3 8192 2.000000000 2
864 28 3 8192 2.000000000 2
864 36 3 8192 2.000000000 2
864 44 3 8192 2.000000000 2
864 56 3 8192 2.000000000 2
864 68 3 8192 2.000000000 2
864 76 3 8192 2.000000000 2
864 120 3 8192 2.000000000 2
864 136 3 8192 2.000000000 2
864 148 3 8192 2.000000000 2
864 152 3 8192 2.000000000 2
864 188 3 8192 2.000000000 2
864 228 3 8192 2.000000000 2
864 264 3 8192 2.000000000 2
864 328 3 8192 2.000000000 2
864 348 3 8192 2.000000000 2
864 352 3 8192 2.000000000 2
864 356 3 8192 2.000000000 2
864 412 3 8192 2.000000000 2
864 416 3 8192 2.000000000 2
864 448 3 8192 2.000000000 2
864 468 3 8192 2.000000000 2
864 480 3 8192 2.000000000 2
864 540 3 8192 2.000000000 2
864 544 3 8192 2.000000000 2
864 548 3 8192 2.000000000 2
864 556 3 8192 2.000000000 2
864 600 3 8192 2.000000000 2
864 612 3 8192 2.000000000 2
864 616 3 8192 2.000000000 2
864 624 3 8192 2.000000000 2
864 628 3 8192 2.000000000 2
864 632 3 8192 2.000000000 2
864 652 3 8192 2.000000000 2
864 692 3 8192 2.000000000 2
864 728 3 8192 2.000000000 2
864 736 3 8192 2.000000000 2
864 744 3 8192 2.000000000 2
864 752 3 8192 2.000000000 2
864 764 3 8192 2.000000000 2
864 808 3 8192 2.000000000 2
864 836 3 8192 2.000000000 2
864 852 3 8192 2.000000000 2
864 892 3 8192 2.000000000 2
864 900 3 8192 2.000000000 2
864 904 3 8192 2.000000000 2
864 944 3 8192 2.000000000 2
864 952 3 8192 2.000000000 2
864 972 3 8192 2.000000000 2
864 992 3 8192 2.000000000 2
864 1020 3 8192 2.000000000 2
864 1044 3 8192 2.000000000 2
864 1072 3 8192 2.000000000 2
864 1080 3 8192 2.000000000 2
864 1084 3 8192 2.000000000 2
864 1100 3 8192 2.000000000 2
864 1136 3 8192 2.000000000 2
864 1168 3 8192 2.000000000 2
864 1180 3 8192 2.000000000 2
864 1208 3 8192 2.000000000 2
864 1212 3 8192 2.000000000 2
864 1216 3 8192 2.000000000 2
864 1224 3 8192 2.000000000 2
864 1236 3 8192 2.000000000 2
868 4 3 8192 2.000000000 2
868 40 3 8192 2.000000000 2
868 84 3 8192 2.000000000 2
868 96 3 8192 2.000000000 2
868 112 3 8192 2.000000000 2
868 132 3 8192 2.000000000 2
868 148 3 8192 2.000000000 2
868 164 3 8192 2.000000000 2
868 176 3 8192 2.000000000 2
868 208 3 8192 2.000000000 2
868 228 3 8192 2.000000000 2
868 236 3 8192 2.000000000 2
868 244 3 8192 2.000000000 2
868 248 3 8192 2.000000000 2
868 268 3 8192 2.000000000 2
868 272 3 8192 2.000000000 2
868 280 3 8192 2.000000000 2
868 304 3 8192 2.000000000 2
868 308 3 8192 2.000000000 2
868 344 3 8192 2.000000000 2
868 356 3 8192 2.000000000 2
868 376 3 8192 2.000000000 2
868 388 3 8192 2.000000000 2
868 400 3 8192 2.000000000 2
868 424 3 8192 2.000000000 2
868 436 3 8192 2.000000000 2
868 444 3 8192 2.000000000 2
868 448 3 8192 2.000000000 2
868 460 3 8192 2.000000000 2
868 476 3 8192 2.000000000 2
868 500 3 8192 2.000000000 2
868 524 3 8192 2.000000000 2
868 596 3 8192 2.000000000 2
868 600 3 8192 2.000000000 2
868 608 3 8192 2.000000000 2
868 612 3 8192 2.000000000 2
868 644 3 8192 2.000000000 2
868 648 3 8192 2.000000000 2
868 668 3 8192 2.000000000 2
868 688 3 8192 2.000000000 2
868 696 3 8192 2.000000000 2
868 724 3 8192 2.000000000 2
868 784 3 8192 2.000000000 2
868 796 3 8192 2.000000000 2
868 808 3 8192 2.000000000 2
868 840 3 8192 2.000000000 2
868 856 3 8192 2.000000000 2
868 864 3 8192 2.000000000 2
868 936 3 8192 2.000000000 2
868 952 3 8192 2.000000000 2
868 964 3 8192 2.000000000 2
868 972 3 8192 2.000000000 2
868 988 3 8192 2.000000000 2
868 992 3 8192 2.000000000 2
868 1020 3 8192 2.000000000 2
868 1036 3 8192 2.000000000 2
868 1068 3 8192 2.000000000 2
868 1076 3 8192 2.000000000 2
868 1104 3 8192 2.000000000 2
868 1112 3 8192 2.000000000 2
868 1160 3 8192 2.000000000 2
868 1164 3 8192 2.000000000 2
868 1176 3 8192 2.000000000 2
868 1184 3 8192 2.000000000 2
876 16 3 8192 2.000000000 2
876 32 3 8192 2.000000000 2
876 40 3 8192 2.000000000 2
876 68 3 8192 2.000000000 2
876 104 3 8192 2.000000000 2
876 132 3 8192 2.000000000 2
876 136 3 8192 2.000000000 2
876 188 3 8192 2.000000000 2
876 196 3 8192 2.000000000 2
876 208 3 8192 2.000000000 2
876 224 3 8192 2.000000000 2
876 236 3 8192 2.000000000 2
876 268 3 8192 2.000000000 2
876 272 3 8192 2.000000000 2
876 284 3 8192 2.000000000 2
876 292 3 8192 2.000000000 2
876 300 3 8192 2.000000000 2
876 304 3 8192 2.000000000 2
876 308 3 8192 2.000000000 2
876 392 3 8192 2.000000000 2
876 404 3 8192 2.000000000 2
876 416 3 8192 2.000000000 2
876 452 3 8192 2.000000000 2
876 496 3 8192 2.000000000 2
876 508 3 8192 2.000000000 2
876 544 3 8192 2.000000000 2
876 600 3 8192 2.000000000 2
876 636 3 8192 2.000000000 2
876 640 3 8192 2.000000000 2
876 644 3 8192 2.000000000 2
876 648 3 8192 2.000000000 2
876 660 3 8192 2.000000000 2
876 704 3 8192 2.000000000 2
876 712 3 8192 2.000000000 2
876 732 3 8192 2.000000000 2
876 744 3 8192 2.000000000 2
876 748 3 8192 2.000000000 2
876 756 3 8192 2.000000000 2
876 796 3 8192 2.000000000 2
876 828 3 8192 2.000000000 2
876 836 3 8192 2.000000000 2
876 868 3 8192 2.000000000 2
876 908 3 8192 2.000000000 2
876 920 3 8192 2.000000000 2
876 932 3 8192 2.000000000 2
876 936 3 8192 2.000000000 2
876 992 3 8192 2.000000000 2
876 1008 3 8192 2.000000000 2
876 1012 3 8192 2.000000000 2
876 1020 3 8192 2.000000000 2
876 1024 3 8192 2.000000000 2
876 1048 3 8192 2.000000000 2
876 1052 3 8192 2.000000000 2
876 1068 3 8192 2.000000000 2
876 1076 3 8192 2.000000000 2
876 1136 3 8192 2.000000000 2
876 1172 3 8192 2.000000000 2
876 1176 3 8192 2.000000000 2
876 1204 3 8192 2.000000000 2
876 1212 3 8192 2.000000000 2
876 1236 3 8192 2.000000000 2
876 1244 3 8192 2.000000000 2
876 1264 3 8192 2.000000000 2
876 1272 3 8192 2.000000000 2
880 28 3 8192 2.000000000 2
880 32 3 8192 2.000000000 2
880 44 3 8192 2.000000000 2
880 52 3 8192 2.000000000 2
880 56 3 8192 2.000000000 2
880 88 3 8192 2.000000000 2
880 104 3 8192 2.000000000 2
880 156 3 8192 2.000000000 2
880 164 3 8192 2.000000000 2
880 168 3 8192 2.000000000 2
880 180 3 8192 2.000000000 2
880 196 3 8192 2.000000000 2
880 220 3 8192 2.000000000 2
880 228 3 8192 2.000000000 2
880 232 3 8192 2.000000000 2
880 252 3 8192 2.000000000 2
880 284 3 8192 2.000000000 2
880 300 3 8192 2.000000000 2
880 304 3 8192 2.000000000 2
880 332 3 8192 2.000000000 2
880 352 3 8192 2.000000000 2
880 360 3 8192 2.000000000 2
880 380 3 8192 2.000000000 2
880 388 3 8192 2.000000000 2
880 440 3 8192 2.000000000 2
880 448 3 8192 2.000000000 2
880 472 3 8192 2.000000000 2
880 484 3 8192 2.000000000 2
880 496 3 8192 2.000000000 2
880 508 3 8192 2.000000000 2
880 540 3 8192 2.000000000 2
880 580 3 8192 2.000000000 2
880 616 3 8192 2.000000000 2
880 632 3 8192 2.000000000 2
880 636 3 8192 2.000000000 2
880 664 3 8192 2.000000000 2
880 684 3 8192 2.000000000 2
880 688 3 8192 2.000000000 2
880 704 3 8192 2.000000000 2
880 712 3 8192 2.000000000 2
880 724 3 8192 2.000000000 2
880 732 3 8192 2.000000000 2
880 748 3 8192 2.000000000 2
880 764 3 8192 2.000000000 2
880 768 3 8192 2.000000000 2
880 792 3 8192 2.000000000 2
880 796 3 8192 2.000000000 2
880 840 3 8192 2.000000000 2
880 848 3 8192 2.000000000 2
880 860 3 8192 2.000000000 2
880 864 3 8192 2.000000000 2
880 900 3 8192 2.000000000 2
880 940 3 8192 2.000000000 2
880 944 3 8192 2.000000000 2
880 964 3 8192 2.000000000 2
880 968 3 8192 2.000000000 2
880 988 3 8192 2.000000000 2
880 1012 3 8192 2.000000000 2
880 1020 3 8192 2.000000000 2
880 1032 3 8192 2.000000000 2
880 1044 3 8192 2.000000000 2
880 1068 3 8192 2.000000000 2
880 1184 3 8192 2.000000000 2
880 1192 3 8192 2.000000000 2
888 24 3 8192 2.000000000 2
888 32 3 8192 2.000000000 2
888 36 3 8192 2.000000000 2
888 56 3 8192 2.000000000 2
888 72 3 8192 2.000000000 2
888 96 3 8192 2.000000000 2
888 108 3 8192 2.000000000 2
888 112 3 8192 2.000000000 2
888 116 3 8192 2.000000000 2
888 124 3 8192 2.000000000 2
888 136 3 8192 2.000000000 2
888 176 3 8192 2.000000000 2
888 180 3 8192 2.000000000 2
888 196 3 8192 2.000000000 2
888 204 3 8192 2.000000000 2
888 208 3 8192 2.000000000 2
888 224 3 8192 2.000000000 2
888 272 3 8192 2.000000000 2
888 300 3 8192 2.000000000 2
888 312 3 8192 2.000000000 2
888 336 3 8192 2.000000000 2
888 344 3 8192 2.000000000 2
888 352 3 8192 2.000000000 2
888 356 3 8192 2.000000000 2
888 380 3 8192 2.000000000 2
888 472 3 8192 2.000000000 2
888 528 3 8192 2.000000000 2
888 564 3 8192 2.000000000 2
888 592 3 8192 2.000000000 2
888 600 3 8192 2.000000000 2
888 608 3 8192 2.000000000 2
888 632 3 8192 2.000000000 2
888 660 3 8192 2.000000000 2
888 692 3 8192 2.000000000 2
888 704 3 8192 2.000000000 2
888 712 3 8192 2.000000000 2
888 720 3 8192 2.000000000 2
888 732 3 8192 2.000000000 2
888 776 3 8192 2.000000000 2
888 784 3 8192 2.000000000 2
888 808 3 8192 2.000000000 2
888 816 3 8192 2.000000000 2
888 828 3 8192 2.000000000 2
888 836 3 8192 2.000000000 2
888 840 3 8192 2.000000000 2
888 848 3 8192 2.000000000 2
888 864 3 8192 2.000000000 2
888 892 3 8192 2.000000000 2
888 920 3 8192 2.000000000 2
888 944 3 8192 2.000000000 2
888 968 3 8192 2.000000000 2
888 992 3 8192 2.000000000 2
888 1012 3 8192 2.000000000 2
888 1040 3 8192 2.000000000 2
888 1072 3 8192 2.000000000 2
888 1076 3 8192 2.000000000 2
888 1100 3 8192 2.000000000 2
888 1128 3 8192 2.000000000 2
888 1176 3 8192 2.000000000 2
888 1204 3 8192 2.000000000 2
888 1220 3 8192 2.000000000 2
888 1228 3 8192 2.000000000 2
888 1236 3 8192 2.000000000 2
888 1272 3 8192 2.000000000 2
892 8 3 8192 2.000000000 2
892 12 3 8192 2.000000000 2
892 24 3 8192 2.000000000 2
892 36 3 8192 2.000000000 2
892 68 3 8192 2.000000000 2
892 76 3 8192 2.000000000 2
892 136 3 8192 2.000000000 2
892 152 3 8192 2.000000000 2
892 156 3 8192 2.000000000 2
892 196 3 8192 2.000000000 2
892 208 3 8192 2.000000000 2
892 232 3 8192 2.000000000 2
892 264 3 8192 2.000000000 2
892 268 3 8192 2.000000000 2
892 272 3 8192 2.000000000 2
892 300 3 8192 2.000000000 2
892 304 3 8192 2.000000000 2
892 308 3 8192 2.000000000 2
892 316 3 8192 2.000000000 2
892 328 3 8192 2.000000000 2
892 332 3 8192 2.000000000 2
892 336 3 8192 2.000000000 2
892 360 3 8192 2.000000000 2
892 372 3 8192 2.000000000 2
892 420 3 8192 2.000000000 2
892 428 3 8192 2.000000000 2
892 440 3 8192 2.000000000 2
892 500 3 8192 2.000000000 2
892 520 3 8192 2.000000000 2
892 524 3 8192 2.000000000 2
892 548 3 8192 2.000000000 2
892 560 3 8192 2.000000000 2
892 564 3 8192 2.000000000 2
892 580 3 8192 2.000000000 2
892 584 3 8192 2.000000000 2
892 608 3 8192 2.000000000 2
892 640 3 8192 2.000000000 2
892 676 3 8192 2.000000000 2
892 692 3 8192 2.000000000 2
892 708 3 8192 2.000000000 2
892 720 3 8192 2.000000000 2
892 764 3 8192 2.000000000 2
892 784 3 8192 2.000000000 2
892 792 3 8192 2.000000000 2
892 860 3 8192 2.000000000 2
892 940 3 8192 2.000000000 2
892 964 3 8192 2.000000000 2
892 972 3 8192 2.000000000 2
892 988 3 8192 2.000000000 2
892 992 3 8192 2.000000000 2
892 1008 3 8192 2.000000000 2
892 1020 3 8192 2.000000000 2
892 1044 3 8192 2.000000000 2
892 1056 3 8192 2.000000000 2
892 1072 3 8192 2.000000000 2
892 1080 3 8192 2.000000000 2
892 1160 3 8192 2.000000000 2
892 1164 3 8192 2.000000000 2
892 1168 3 8192 2.000000000 2
892 1196 3 8192 2.000000000 2
892 1216 3 8192 2.000000000 2
892 1220 3 8192 2.000000000 2
892 1236 3 8192 2.000000000 2
892 1256 3 8192 2.000000000 2
896 12 3 8192 2.000000000 2
896 16 3 8192 2.000000000 2
896 24 3 8192 2.000000000 2
896 36 3 8192 2.000000000 2
896 52 3 8192 2.000000000 2
896 84 3 8192 2.000000000 2
896 104 3 8192 2.000000000 2
896 108 3 8192 2.000000000 2
896 116 3 8192 2.000000000 2
896 172 3 8192 2.000000000 2
896 176 3 8192 2.000000000 2
896 196 3 8192 2.000000000 2
896 204 3 8192 2.000000000 2
896 216 3 8192 2.000000000 2
896 228 3 8192 2.000000000 2
896 232 3 8192 2.000000000 2
896 236 3 8192 2.000000000 2
896 240 3 8192 2.000000000 2
896 252 3 8192 2.000000000 2
896 264 3 8192 2.000000000 2
896 276 3 8192 2.000000000 2
896 352 3 8192 2.000000000 2
896 412 3 8192 2.000000000 2
896 420 3 8192 2.000000000 2
896 424 3 8192 2.000000000 2
896 436 3 8192 2.000000000 2
896 452 3 8192 2.000000000 2
896 460 3 8192 2.000000000 2
896 480 3 8192 2.000000000 2
896 556 3 8192 2.000000000 2
896 560 3 8192 2.000000000 2
896 584 3 8192 2.000000000 2
896 628 3 8192 2.000000000 2
896 640 3 8192 2.000000000 2
896 644 3 8192 2.000000000 2
896 656 3 8192 2.000000000 2
896 668 3 8192 2.000000000 2
896 684 3 8192 2.000000000 2
896 692 3 8192 2.000000000 2
896 708 3 8192 2.000000000 2
896 712 3 8192 2.000000000 2
896 816 3 8192 2.000000000 2
896 828 3 8192 2.000000000 2
896 852 3 8192 2.000000000 2
896 856 3 8192 2.000000000 2
896 860 3 8192 2.000000000 2
896 908 3 8192 2.000000000 2
896 944 3 8192 2.000000000 2
896 948 3 8192 2.000000000 2
896 984 3 8192 2.000000000 2
896 992 3 8192 2.000000000 2
896 1040 3 8192 2.000000000 2
896 1044 3 8192 2.000000000 2
896 1048 3 8192 2.000000000 2
896 1056 3 8192 2.000000000 2
896 1072 3 8192 2.000000000 2
896 1104 3 8192 2.000000000 2
896 1128 3 8192 2.000000000 2
896 1172 3 8192 2.000000000 2
896 1184 3 8192 2.000000000 2
896 1196 3 8192 2.000000000 2
896 1200 3 8192 2.000000000 2
896 1220 3 8192 2.000000000 2
896 1236 3 8192 2.000000000 2
900 4 3 8192 2.000000000 2
900 16 3 8192 2.000000000 2
900 28 3 8192 2.000000000 2
900 36 3 8192 2.000000000 2
900 44 3 8192 2.000000000 2
900 72 3 8192 2.000000000 2
900 88 3 8192 2.000000000 2
900 104 3 8192 2.000000000 2
900 108 3 8192 2.000000000 2
900 124 3 8192 2.000000000 2
900 136 3 8192 2.000000000 2
900 184 3 8192 2.000000000 2
900 204 3 8192 2.000000000 2
900 208 3 8192 2.000000000 2
900 220 3 8192 2.000000000 2
900 224 3 8192 2.000000000 2
900 252 3 8192 2.000000000 2
900 272 3 8192 2.000000000 2
900 292 3 8192 2.000000000 2
900 300 3 8192 2.000000000 2
900 308 3 8192 2.000000000 2
900 320 3 8192 2.000000000 2
900 356 3 8192 2.000000000 2
900 380 3 8192 2.000000000 2
900 396 3 8192 2.000000000 2
900 500 3 8192 2.000000000 2
900 524 3 8192 2.000000000 2
900 556 3 8192 2.000000000 2
900 624 3 8192 2.000000000 2
900 640 3 8192 2.000000000 2
900 648 3 8192 2.000000000 2
900 660 3 8192 2.000000000 2
900 692 3 8192 2.000000000 2
900 724 3 8192 2.000000000 2
900 728 3 8192 2.000000000 2
900 792 3 8192 2.000000000 2
900 796 3 8192 2.000000000 2
900 808 3 8192 2.000000000 2
900 816 3 8192 2.000000000 2
900 852 3 8192 2.000000000 2
900 860 3 8192 2.000000000 2
900 868 3 8192 2.000000000 2
900 876 3 8192 2.000000000 2
900 892 3 8192 2.000000000 2
900 904 3 8192 2.000000000 2
900 936 3 8192 2.000000000 2
900 964 3 8192 2.000000000 2
900 968 3 8192 2.000000000 2
900 984 3 8192 2.000000000 2
900 988 3 8192 2.000000000 2
900 992 3 8192 2.000000000 2
900 1044 3 8192 2.000000000 2
900 1052 3 8192 2.000000000 2
900 1056 3 8192 2.000000000 2
900 1100 3 8192 2.000000000 2
900 1104 3 8192 2.000000000 2
900 1160 3 8192 2.000000000 2
900 1164 3 8192 2.000000000 2
900 1168 3 8192 2.000000000 2
900 1172 3 8192 2.000000000 2
900 1200 3 8192 2.000000000 2
900 1208 3 8192 2.000000000 2
900 1248 3 8192 2.000000000 2
900 1256 3 8192 2.000000000 2
904 12 3 8192 2.000000000 2
904 28 3 8192 2.000000000 2
904 32 3 8192 2.000000000 2
904 40 3 8192 2.000000000 2
904 44 3 8192 2.000000000 2
904 68 3 8192 2.000000000 2
904 76 3 8192 2.000000000 2
904 156 3 8192 2.000000000 2
904 188 3 8192 2.000000000 2
904 220 3 8192 2.000000000 2
904 232 3 8192 2.000000000 2
904 244 3 8192 2.000000000 2
904 252 3 8192 2.000000000 2
904 260 3 8192 2.000000000 2
904 292 3 8192 2.000000000 2
904 304 3 8192 2.000000000 2
904 316 3 8192 2.000000000 2
904 320 3 8192 2.000000000 2
904 364 3 8192 2.000000000 2
904 384 3 8192 2.000000000 2
904 388 3 8192 2.000000000 2
904 420 3 8192 2.000000000 2
904 428 3 8192 2.000000000 2
904 448 3 8192 2.000000000 2
904 452 3 8192 2.000000000 2
904 484 3 8192 2.000000000 2
904 500 3 8192 2.000000000 2
904 508 3 8192 2.000000000 2
904 516 3 8192 2.000000000 2
904 536 3 8192 2.000000000 2
904 560 3 8192 2.000000000 2
904 616 3 8192 2.000000000 2
904 632 3 8192 2.000000000 2
904 668 3 8192 2.000000000 2
904 688 3 8192 2.000000000 2
904 696 3 8192 2.000000000 2
904 708 3 8192 2.000000000 2
904 712 3 8192 2.000000000 2
904 732 3 8192 2.000000000 2
904 736 3 8192 2.000000000 2
904 744 3 8192 2.000000000 2
904 896 3 8192 2.000000000 2
904 900 3 8192 2.000000000 2
904 908 3 8192 2.000000000 2
904 940 3 8192 2.000000000 2
904 984 3 8192 2.000000000 2
904 1036 3 8192 2.000000000 2
904 1040 3 8192 2.000000000 2
904 1044 3 8192 2.000000000 2
904 1080 3 8192 2.000000000 2
904 1092 3 8192 2.000000000 2
904 1100 3 8192 2.000000000 2
904 1116 3 8192 2.000000000 2
904 1124 3 8192 2.000000000 2
904 1132 3 8192 2.000000000 2
904 1136 3 8192 2.000000000 2
904 1156 3 8192 2.000000000 2
904 1160 3 8192 2.000000000 2
904 1192 3 8192 2.000000000 2
904 1216 3 8192 2.000000000 2
904 1236 3 8192 2.000000000 2
904 1256 3 8192 2.000000000 2
904 1264 3 8192 2.000000000 2
904 1272 3 8192 2.000000000 2
908 24 3 8192 2.000000000 2
908 28 3 8192 2.000000000 2
908 76 3 8192 2.000000000 2
908 108 3 8192 2.000000000 2
908 128 3 8192 2.000000000 2
908 148 3 8192 2.000000000 2
908 152 3 8192 2.000000000 2
908 156 3 8192 2.000000000 2
908 164 3 8192 2.000000000 2
908 184 3 8192 2.000000000 2
908 192 3 8192 2.000000000 2
908 196 3 8192 2.000000000 2
908 220 3 8192 2.000000000 2
908 244 3 8192 2.000000000 2
908 248 3 8192 2.000000000 2
908 272 3 8192 2.000000000 2
908 292 3 8192 2.000000000 2
908 304 3 8192 2.000000000 2
908 308 3 8192 2.000000000 2
908 344 3 8192 2.000000000 2
908 360 3 8192 2.000000000 2
908 372 3 8192 2.000000000 2
908 516 3 8192 2.000000000 2
908 528 3 8192 2.000000000 2
908 536 3 8192 2.000000000 2
908 580 3 8192 2.000000000 2
908 608 3 8192 2.000000000 2
908 624 3 8192 2.000000000 2
908 632 3 8192 2.000000000 2
908 640 3 8192 2.000000000 2
908 648 3 8192 2.000000000 2
908 660 3 8192 2.000000000 2
908 668 3 8192 2.000000000 2
908 696 3 8192 2.000000000 2
908 708 3 8192 2.000000000 2
908 732 3 8192 2.000000000 2
908 748 3 8192 2.000000000 2
908 752 3 8192 2.000000000 2
908 776 3 8192 2.000000000 2
908 788 3 8192 2.000000000 2
908 792 3 8192 2.000000000 2
908 808 3 8192 2.000000000 2
908 816 3 8192 2.000000000 2
908 828 3 8192 2.000000000 2
908 840 3 8192 2.000000000 2
908 848 3 8192 2.000000000 2
908 876 3 8192 2.000000000 2
908 900 3 8192 2.000000000 2
908 932 3 8192 2.000000000 2
908 940 3 8192 2.000000000 2
908 988 3 8192 2.000000000 2
908 992 3 8192 2.000000000 2
908 1040 3 8192 2.000000000 2
908 1056 3 8192 2.000000000 2
908 1076 3 8192 2.000000000 2
908 1092 3 8192 2.000000000 2
908 1100 3 8192 2.000000000 2
908 1116 3 8192 2.000000000 2
908 1124 3 8192 2.000000000 2
908 1148 3 8192 2.000000000 2
908 1180 3 8192 2.000000000 2
908 1200 3 8192 2.000000000 2
908 1204 3 8192 2.000000000 2
908 1220 3 8192 2.000000000 2
920 36 3 8192 2.000000000 2
920 44 3 8192 2.000000000 2
920 52 3 8192 2.000000000 2
920 68 3 8192 2.000000000 2
920 72 3 8192 2.000000000 2
920 92 3 8192 2.000000000 2
920 112 3 8192 2.000000000 2
920 136 3 8192 2.000000000 2
920 152 3 8192 2.000000000 2
920 172 3 8192 2.000000000 2
920 188 3 8192 2.000000000 2
920 192 3 8192 2.000000000 2
920 228 3 8192 2.000000000 2
920 260 3 8192 2.000000000 2
920 264 3 8192 2.000000000 2
920 276 3 8192 2.000000000 2
920 296 3 8192 2.000000000 2
920 304 3 8192 2.000000000 2
920 312 3 8192 2.000000000 2
920 336 3 8192 2.000000000 2
920 360 3 8192 2.000000000 2
920 384 3 8192 2.000000000 2
920 396 3 8192 2.000000000 2
920 400 3 8192 2.000000000 2
920 412 3 8192 2.000000000 2
920 420 3 8192 2.000000000 2
920 516 3 8192 2.000000000 2
920 536 3 8192 2.000000000 2
920 540 3 8192 2.000000000 2
920 576 3 8192 2.000000000 2
920 600 3 8192 2.000000000 2
920 608 3 8192 2.000000000 2
920 616 3 8192 2.000000000 2
920 624 3 8192 2.000000000 2
920 648 3 8192 2.000000000 2
920 664 3 8192 2.000000000 2
920 668 3 8192 2.000000000 2
920 684 3 8192 2.000000000 2
920 692 3 8192 2.000000000 2
920 704 3 8192 2.000000000 2
920 756 3 8192 2.000000000 2
920 776 3 8192 2.000000000 2
920 788 3 8192 2.000000000 2
920 792 3 8192 2.000000000 2
920 808 3 8192 2.000000000 2
920 828 3 8192 2.000000000 2
920 836 3 8192 2.000000000 2
920 860 3 8192 2.000000000 2
920 864 3 8192 2.000000000 2
920 896 3 8192 2.000000000 2
920 952 3 8192 2.000000000 2
920 964 3 8192 2.000000000 2
920 968 3 8192 2.000000000 2
920 972 3 8192 2.000000000 2
920 988 3 8192 2.000000000 2
920 992 3 8192 2.000000000 2
920 1036 3 8192 2.000000000 2
920 1068 3 8192 2.000000000 2
920 1100 3 8192 2.000000000 2
920 1108 3 8192 2.000000000 2
920 1128 3 8192 2.000000000 2
920 1148 3 8192 2.000000000 2
920 1156 3 8192 2.000000000 2
920 1216 3 8192 2.000000000 2
932 16 3 8192 2.000000000 2
932 24 3 8192 2.000000000 2
932 48 3 8192 2.000000000 2
932 52 3 8192 2.000000000 2
932 72 3 8192 2.000000000 2
932 100 3 8192 2.000000000 2
932 108 3 8192 2.000000000 2
932 132 3 8192 2.000000000 2
932 156 3 8192 2.000000000 2
932 188 3 8192 2.000000000 2
932 224 3 8192 2.000000000 2
932 232 3 8192 2.000000000 2
932 244 3 8192 2.000000000 2
932 248 3 8192 2.000000000 2
932 260 3 8192 2.000000000 2
932 276 3 8192 2.000000000 2
932 284 3 8192 2.000000000 2
932 300 3 8192 2.000000000 2
932 312 3 8192 2.000000000 2
932 332 3 8192 2.000000000 2
932 336 3 8192 2.000000000 2
932 344 3 8192 2.000000000 2
932 376 3 8192 2.000000000 2
932 380 3 8192 2.000000000 2
932 388 3 8192 2.000000000 2
932 396 3 8192 2.000000000 2
932 444 3 8192 2.000000000 2
932 448 3 8192 2.000000000 2
932 452 3 8192 2.000000000 2
932 472 3 8192 2.000000000 2
932 476 3 8192 2.000000000 2
932 520 3 8192 2.000000000 2
932 524 3 8192 2.000000000 2
932 528 3 8192 2.000000000 2
932 540 3 8192 2.000000000 2
932 612 3 8192 2.000000000 2
932 632 3 8192 2.000000000 2
932 708 3 8192 2.000000000 2
932 724 3 8192 2.000000000 2
932 728 3 8192 2.000000000 2
932 756 3 8192 2.000000000 2
932 768 3 8192 2.000000000 2
932 784 3 8192 2.000000000 2
932 828 3 8192 2.000000000 2
932 840 3 8192 2.000000000 2
932 876 3 8192 2.000000000 2
932 904 3 8192 2.000000000 2
932 972 3 8192 2.000000000 2
932 1040 3 8192 2.000000000 2
932 1072 3 8192 2.000000000 2
932 1100 3 8192 2.000000000 2
932 1124 3 8192 2.000000000 2
932 1156 3 8192 2.000000000 2
932 1192 3 8192 2.000000000 2
932 1196 3 8192 2.000000000 2
932 1200 3 8192 2.000000000 2
932 1204 3 8192 2.000000000 2
932 1216 3 8192 2.000000000 2
932 1220 3 8192 2.000000000 2
932 1224 3 8192 2.000000000 2
932 1248 3 8192 2.000000000 2
932 1256 3 8192 2.000000000 2
932 1264 3 8192 2.000000000 2
932 1272 3 8192 2.000000000 2
936 28 3 8192 2.000000000 2
936 32 3 8192 2.000000000 2
936 44 3 8192 2.000000000 2
936 52 3 8192 2.000000000 2
936 68 3 8192 2.000000000 2
936 76 3 8192 2.000000000 2
936 88 3 8192 2.000000000 2
936 100 3 8192 2.000000000 2
936 108 3 8192 2.000000000 2
936 132 3 8192 2.000000000 2
936 136 3 8192 2.000000000 2
936 172 3 8192 2.000000000 2
936 204 3 8192 2.000000000 2
936 224 3 8192 2.000000000 2
936 228 3 8192 2.000000000 2
936 248 3 8192 2.000000000 2
936 272 3 8192 2.000000000 2
936 280 3 8192 2.000000000 2
936 296 3 8192 2.000000000 2
936 304 3 8192 2.000000000 2
936 312 3 8192 2.000000000 2
936 332 3 8192 2.000000000 2
936 352 3 8192 2.000000000 2
936 364 3 8192 2.000000000 2
936 420 3 8192 2.000000000 2
936 424 3 8192 2.000000000 2
936 428 3 8192 2.000000000 2
936 440 3 8192 2.000000000 2
936 460 3 8192 2.000000000 2
936 544 3 8192 2.000000000 2
936 612 3 8192 2.000000000 2
936 632 3 8192 2.000000000 2
936 636 3 8192 2.000000000 2
936 648 3 8192 2.000000000 2
936 652 3 8192 2.000000000 2
936 676 3 8192 2.000000000 2
936 688 3 8192 2.000000000 2
936 696 3 8192 2.000000000 2
936 728 3 8192 2.000000000 2
936 736 3 8192 2.000000000 2
936 776 3 8192 2.000000000 2
936 788 3 8192 2.000000000 2
936 816 3 8192 2.000000000 2
936 852 3 8192 2.000000000 2
936 864 3 8192 2.000000000 2
936 868 3 8192 2.000000000 2
936 896 3 8192 2.000000000 2
936 920 3 8192 2.000000000 2
936 952 3 8192 2.000000000 2
936 984 3 8192 2.000000000 2
936 992 3 8192 2.000000000 2
936 996 3 8192 2.000000000 2
936 1012 3 8192 2.000000000 2
936 1052 3 8192 2.000000000 2
936 1124 3 8192 2.000000000 2
936 1148 3 8192 2.000000000 2
936 1168 3 8192 2.000000000 2
936 1176 3 8192 2.000000000 2
936 1184 3 8192 2.000000000 2
936 1200 3 8192 2.000000000 2
936 1204 3 8192 2.000000000 2
936 1236 3 8192 2.000000000 2
936 1248 3 8192 2.000000000 2
936 1264 3 8192 2.000000000 2
940 4 3 8192 2.000000000 2
940 12 3 8192 2.000000000 2
940 36 3 8192 2.000000000 2
940 84 3 8192 2.000000000 2
940 88 3 8192 2.000000000 2
940 116 3 8192 2.000000000 2
940 120 3 8192 2.000000000 2
940 124 3 8192 2.000000000 2
940 128 3 8192 2.000000000 2
940 136 3 8192 2.000000000 2
940 152 3 8192 2.000000000 2
940 164 3 8192 2.000000000 2
940 180 3 8192 2.000000000 2
940 192 3 8192 2.000000000 2
940 224 3 8192 2.000000000 2
940 268 3 8192 2.000000000 2
940 296 3 8192 2.000000000 2
940 300 3 8192 2.000000000 2
940 304 3 8192 2.000000000 2
940 308 3 8192 2.000000000 2
940 312 3 8192 2.000000000 2
940 316 3 8192 2.000000000 2
940 336 3 8192 2.000000000 2
940 356 3 8192 2.000000000 2
940 412 3 8192 2.000000000 2
940 440 3 8192 2.000000000 2
940 452 3 8192 2.000000000 2
940 476 3 8192 2.000000000 2
940 512 3 8192 2.000000000 2
940 544 3 8192 2.000000000 2
940 548 3 8192 2.000000000 2
940 592 3 8192 2.000000000 2
940 600 3 8192 2.000000000 2
940 608 3 8192 2.000000000 2
940 616 3 8192 2.000000000 2
940 632 3 8192 2.000000000 2
940 644 3 8192 2.000000000 2
940 668 3 8192 2.000000000 2
940 684 3 8192 2.000000000 2
940 700 3 8192 2.000000000 2
940 712 3 8192 2.000000000 2
940 724 3 8192 2.000000000 2
940 776 3 8192 2.000000000 2
940 788 3 8192 2.000000000 2
940 792 3 8192 2.000000000 2
940 828 3 8192 2.000000000 2
940 840 3 8192 2.000000000 2
940 848 3 8192 2.000000000 2
940 876 3 8192 2.000000000 2
940 896 3 8192 2.000000000 2
940 900 3 8192 2.000000000 2
940 904 3 8192 2.000000000 2
940 932 3 8192 2.000000000 2
940 944 3 8192 2.000000000 2
940 948 3 8192 2.000000000 2
940 984 3 8192 2.000000000 2
940 1036 3 8192 2.000000000 2
940 1048 3 8192 2.000000000 2
940 1052 3 8192 2.000000000 2
940 1056 3 8192 2.000000000 2
940 1104 3 8192 2.000000000 2
940 1112 3 8192 2.000000000 2
940 1168 3 8192 2.000000000 2
940 1224 3 8192 2.000000000 2
944 4 3 8192 2.000000000 2
944 24 3 8192 2.000000000 2
944 28 3 8192 2.000000000 2
944 36 3 8192 2.000000000 2
944 76 3 8192 2.000000000 2
944 88 3 8192 2.000000000 2
944 124 3 8192 2.000000000 2
944 152 3 8192 2.000000000 2
944 168 3 8192 2.000000000 2
944 208 3 8192 2.000000000 2
944 220 3 8192 2.000000000 2
944 224 3 8192 2.000000000 2
944 272 3 8192 2.000000000 2
944 276 3 8192 2.000000000 2
944 328 3 8192 2.000000000 2
944 388 3 8192 2.000000000 2
944 396 3 8192 2.000000000 2
944 440 3 8192 2.000000000 2
944 472 3 8192 2.000000000 2
944 476 3 8192 2.000000000 2
944 484 3 8192 2.000000000 2
944 524 3 8192 2.000000000 2
944 544 3 8192 2.000000000 2
944 576 3 8192 2.000000000 2
944 580 3 8192 2.000000000 2
944 584 3 8192 2.000000000 2
944 592 3 8192 2.000000000 2
944 608 3 8192 2.000000000 2
944 632 3 8192 2.000000000 2
944 656 3 8192 2.000000000 2
944 660 3 8192 2.000000000 2
944 684 3 8192 2.000000000 2
944 712 3 8192 2.000000000 2
944 720 3 8192 2.000000000 2
944 724 3 8192 2.000000000 2
944 744 3 8192 2.000000000 2
944 848 3 8192 2.000000000 2
944 864 3 8192 2.000000000 2
944 876 3 8192 2.000000000 2
944 904 3 8192 2.000000000 2
944 932 3 8192 2.000000000 2
944 948 3 8192 2.000000000 2
944 952 3 8192 2.000000000 2
944 972 3 8192 2.000000000 2
944 992 3 8192 2.000000000 2
944 1008 3 8192 2.000000000 2
944 1012 3 8192 2.000000000 2
944 1020 3 8192 2.000000000 2
944 1068 3 8192 2.000000000 2
944 1076 3 8192 2.000000000 2
944 1080 3 8192 2.000000000 2
944 1100 3 8192 2.000000000 2
944 1112 3 8192 2.000000000 2
944 1116 3 8192 2.000000000 2
944 1124 3 8192 2.000000000 2
944 1132 3 8192 2.000000000 2
944 1160 3 8192 2.000000000 2
944 1172 3 8192 2.000000000 2
944 1176 3 8192 2.000000000 2
944 1180 3 8192 2.000000000 2
944 1184 3 8192 2.000000000 2
944 1192 3 8192 2.000000000 2
944 1208 3 8192 2.000000000 2
944 1248 3 8192 2.000000000 2
948 16 3 8192 2.000000000 2
948 52 3 8192 2.000000000 2
948 84 3 8192 2.000000000 2
948 112 3 8192 2.000000000 2
948 136 3 8192 2.000000000 2
948 156 3 8192 2.000000000 2
948 184 3 8192 2.000000000 2
948 192 3 8192 2.000000000 2
948 208 3 8192 2.000000000 2
948 220 3 8192 2.000000000 2
948 228 3 8192 2.000000000 2
948 268 3 8192 2.000000000 2
948 288 3 8192 2.000000000 2
948 300 3 8192 2.000000000 2
948 328 3 8192 2.000000000 2
948 344 3 8192 2.000000000 2
948 348 3 8192 2.000000000 2
948 352 3 8192 2.000000000 2
948 372 3 8192 2.000000000 2
948 380 3 8192 2.000000000 2
948 388 3 8192 2.000000000 2
948 400 3 8192 2.000000000 2
948 428 3 8192 2.000000000 2
948 440 3 8192 2.000000000 2
948 452 3 8192 2.000000000 2
948 460 3 8192 2.000000000 2
948 472 3 8192 2.000000000 2
948 484 3 8192 2.000000000 2
948 508 3 8192 2.000000000 2
948 516 3 8192 2.000000000 2
948 528 3 8192 2.000000000 2
948 540 3 8192 2.000000000 2
948 556 3 8192 2.000000000 2
948 560 3 8192 2.000000000 2
948 584 3 8192 2.000000000 2
948 632 3 8192 2.000000000 2
948 644 3 8192 2.000000000 2
948 688 3 8192 2.000000000 2
948 784 3 8192 2.000000000 2
948 796 3 8192 2.000000000 2
948 812 3 8192 2.000000000 2
948 816 3 8192 2.000000000 2
948 852 3 8192 2.000000000 2
948 864 3 8192 2.000000000 2
948 888 3 8192 2.000000000 2
948 892 3 8192 2.000000000 2
948 900 3 8192 2.000000000 2
948 908 3 8192 2.000000000 2
948 936 3 8192 2.000000000 2
948 944 3 8192 2.000000000 2
948 984 3 8192 2.000000000 2
948 992 3 8192 2.000000000 2
948 1100 3 8192 2.000000000 2
948 1112 3 8192 2.000000000 2
948 1116 3 8192 2.000000000 2
948 1148 3 8192 2.000000000 2
948 1172 3 8192 2.000000000 2
948 1180 3 8192 2.000000000 2
948 1196 3 8192 2.000000000 2
948 1208 3 8192 2.000000000 2
948 1212 3 8192 2.000000000 2
948 1248 3 8192 2.000000000 2
948 1264 3 8192 2.000000000 2
948 1272 3 8192 2.000000000 2
952 12 3 8192 2.000000000 2
952 28 3 8192 2.000000000 2
952 40 3 8192 2.000000000 2
952 64 3 8192 2.000000000 2
952 100 3 8192 2.000000000 2
952 116 3 8192 2.000000000 2
952 120 3 8192 2.000000000 2
952 128 3 8192 2.000000000 2
952 168 3 8192 2.000000000 2
952 188 3 8192 2.000000000 2
952 216 3 8192 2.000000000 2
952 236 3 8192 2.000000000 2
952 240 3 8192 2.000000000 2
952 252 3 8192 2.000000000 2
952 268 3 8192 2.000000000 2
952 272 3 8192 2.000000000 2
952 280 3 8192 2.000000000 2
952 288 3 8192 2.000000000 2
952 300 3 8192 2.000000000 2
952 336 3 8192 2.000000000 2
952 396 3 8192 2.000000000 2
952 436 3 8192 2.000000000 2
952 452 3 8192 2.000000000 2
952 460 3 8192 2.000000000 2
952 480 3 8192 2.000000000 2
952 500 3 8192 2.000000000 2
952 508 3 8192 2.000000000 2
952 524 3 8192 2.000000000 2
952 556 3 8192 2.000000000 2
952 560 3 8192 2.000000000 2
952 584 3 8192 2.000000000 2
952 596 3 8192 2.000000000 2
952 632 3 8192 2.000000000 2
952 644 3 8192 2.000000000 2
952 648 3 8192 2.000000000 2
952 656 3 8192 2.000000000 2
952 660 3 8192 2.000000000 2
952 664 3 8192 2.000000000 2
952 676 3 8192 2.000000000 2
952 704 3 8192 2.000000000 2
952 712 3 8192 2.000000000 2
952 716 3 8192 2.000000000 2
952 744 3 8192 2.000000000 2
952 776 3 8192 2.000000000 2
952 784 3 8192 2.000000000 2
952 808 3 8192 2.000000000 2
952 932 3 8192 2.000000000 2
952 936 3 8192 2.000000000 2
952 964 3 8192 2.000000000 2
952 968 3 8192 2.000000000 2
952 972 3 8192 2.000000000 2
952 1012 3 8192 2.000000000 2
952 1020 3 8192 2.000000000 2
952 1032 3 8192 2.000000000 2
952 1056 3 8192 2.000000000 2
952 1076 3 8192 2.000000000 2
952 1100 3 8192 2.000000000 2
952 1104 3 8192 2.000000000 2
952 1128 3 8192 2.000000000 2
952 1172 3 8192 2.000000000 2
952 1216 3 8192 2.000000000 2
952 1224 3 8192 2.000000000 2
952 1256 3 8192 2.000000000 2
952 1272 3 8192 2.000000000 2
964 16 3 8192 2.000000000 2
964 28 3 8192 2.000000000 2
964 92 3 8192 2.000000000 2
964 116 3 8192 2.000000000 2
964 152 3 8192 2.000000000 2
964 176 3 8192 2.000000000 2
964 180 3 8192 2.000000000 2
964 224 3 8192 2.000000000 2
964 228 3 8192 2.000000000 2
964 232 3 8192 2.000000000 2
964 280 3 8192 2.000000000 2
964 320 3 8192 2.000000000 2
964 344 3 8192 2.000000000 2
964 352 3 8192 2.000000000 2
964 360 3 8192 2.000000000 2
964 364 3 8192 2.000000000 2
964 372 3 8192 2.000000000 2
964 404 3 8192 2.000000000 2
964 412 3 8192 2.000000000 2
964 420 3 8192 2.000000000 2
964 424 3 8192 2.000000000 2
964 448 3 8192 2.000000000 2
964 468 3 8192 2.000000000 2
964 480 3 8192 2.000000000 2
964 512 3 8192 2.000000000 2
964 516 3 8192 2.000000000 2
964 536 3 8192 2.000000000 2
964 548 3 8192 2.000000000 2
964 592 3 8192 2.000000000 2
964 612 3 8192 2.000000000 2
964 616 3 8192 2.000000000 2
964 624 3 8192 2.000000000 2
964 648 3 8192 2.000000000 2
964 652 3 8192 2.000000000 2
964 676 3 8192 2.000000000 2
964 700 3 8192 2.000000000 2
964 704 3 8192 2.000000000 2
964 720 3 8192 2.000000000 2
964 760 3 8192 2.000000000 2
964 768 3 8192 2.000000000 2
964 792 3 8192 2.000000000 2
964 808 3 8192 2.000000000 2
964 816 3 8192 2.000000000 2
964 836 3 8192 2.000000000 2
964 876 3 8192 2.000000000 2
964 900 3 8192 2.000000000 2
964 948 3 8192 2.000000000 2
964 952 3 8192 2.000000000 2
964 968 3 8192 2.000000000 2
964 972 3 8192 2.000000000 2
964 988 3 8192 2.000000000 2
964 996 3 8192 2.000000000 2
964 1012 3 8192 2.000000000 2
964 1044 3 8192 2.000000000 2
964 1052 3 8192 2.000000000 2
964 1076 3 8192 2.000000000 2
964 1080 3 8192 2.000000000 2
964 1120 3 8192 2.000000000 2
964 1128 3 8192 2.000000000 2
964 1164 3 8192 2.000000000 2
964 1172 3 8192 2.000000000 2
964 1212 3 8192 2.000000000 2
964 1228 3 8192 2.000000000 2
964 1248 3 8192 2.000000000 2
968 8 3 8192 2.000000000 2
968 20 3 8192 2.000000000 2
968 68 3 8192 2.000000000 2
968 76 3 8192 2.000000000 2
968 84 3 8192 2.000000000 2
968 112 3 8192 2.000000000 2
968 136 3 8192 2.000000000 2
968 148 3 8192 2.000000000 2
968 196 3 8192 2.000000000 2
968 216 3 8192 2.000000000 2
968 228 3 8192 2.000000000 2
968 264 3 8192 2.000000000 2
968 272 3 8192 2.000000000 2
968 284 3 8192 2.000000000 2
968 304 3 8192 2.000000000 2
968 308 3 8192 2.000000000 2
968 312 3 8192 2.000000000 2
968 320 3 8192 2.000000000 2
968 328 3 8192 2.000000000 2
968 344 3 8192 2.000000000 2
968 348 3 8192 2.000000000 2
968 376 3 8192 2.000000000 2
968 388 3 8192 2.000000000 2
968 392 3 8192 2.000000000 2
968 396 3 8192 2.000000000 2
968 440 3 8192 2.000000000 2
968 452 3 8192 2.000000000 2
968 460 3 8192 2.000000000 2
968 472 3 8192 2.000000000 2
968 476 3 8192 2.000000000 2
968 484 3 8192 2.000000000 2
968 500 3 8192 2.000000000 2
968 512 3 8192 2.000000000 2
968 528 3 8192 2.000000000 2
968 564 3 8192 2.000000000 2
968 640 3 8192 2.000000000 2
968 648 3 8192 2.000000000 2
968 664 3 8192 2.000000000 2
968 696 3 8192 2.000000000 2
968 712 3 8192 2.000000000 2
968 744 3 8192 2.000000000 2
968 768 3 8192 2.000000000 2
968 776 3 8192 2.000000000 2
968 788 3 8192 2.000000000 2
968 856 3 8192 2.000000000 2
968 860 3 8192 2.000000000 2
968 864 3 8192 2.000000000 2
968 900 3 8192 2.000000000 2
968 908 3 8192 2.000000000 2
968 948 3 8192 2.000000000 2
968 984 3 8192 2.000000000 2
968 1012 3 8192 2.000000000 2
968 1036 3 8192 2.000000000 2
968 1044 3 8192 2.000000000 2
968 1052 3 8192 2.000000000 2
968 1076 3 8192 2.000000000 2
968 1084 3 8192 2.000000000 2
968 1120 3 8192 2.000000000 2
968 1128 3 8192 2.000000000 2
968 1168 3 8192 2.000000000 2
968 1184 3 8192 2.000000000 2
968 1196 3 8192 2.000000000 2
968 1204 3 8192 2.000000000 2
968 1216 3 8192 2.000000000 2
972 4 3 8192 2.000000000 2
972 16 3 8192 2.000000000 2
972 20 3 8192 2.000000000 2
972 24 3 8192 2.000000000 2
972 40 3 8192 2.000000000 2
972 76 3 8192 2.000000000 2
972 112 3 8192 2.000000000 2
972 136 3 8192 2.000000000 2
972 184 3 8192 2.000000000 2
972 220 3 8192 2.000000000 2
972 224 3 8192 2.000000000 2
972 248 3 8192 2.000000000 2
972 272 3 8192 2.000000000 2
972 276 3 8192 2.000000000 2
972 292 3 8192 2.000000000 2
972 296 3 8192 2.000000000 2
972 300 3 8192 2.000000000 2
972 304 3 8192 2.000000000 2
972 312 3 8192 2.000000000 2
972 316 3 8192 2.000000000 2
972 352 3 8192 2.000000000 2
972 372 3 8192 2.000000000 2
972 416 3 8192 2.000000000 2
972 420 3 8192 2.000000000 2
972 452 3 8192 2.000000000 2
972 472 3 8192 2.000000000 2
972 480 3 8192 2.000000000 2
972 496 3 8192 2.000000000 2
972 516 3 8192 2.000000000 2
972 524 3 8192 2.000000000 2
972 560 3 8192 2.000000000 2
972 564 3 8192 2.000000000 2
972 576 3 8192 2.000000000 2
972 584 3 8192 2.000000000 2
972 596 3 8192 2.000000000 2
972 608 3 8192 2.000000000 2
972 612 3 8192 2.000000000 2
972 628 3 8192 2.000000000 2
972 644 3 8192 2.000000000 2
972 648 3 8192 2.000000000 2
972 664 3 8192 2.000000000 2
972 684 3 8192 2.000000000 2
972 712 3 8192 2.000000000 2
972 752 3 8192 2.000000000 2
972 768 3 8192 2.000000000 2
972 784 3 8192 2.000000000 2
972 836 3 8192 2.000000000 2
972 932 3 8192 2.000000000 2
972 940 3 8192 2.000000000 2
972 952 3 8192 2.000000000 2
972 1012 3 8192 2.000000000 2
972 1024 3 8192 2.000000000 2
972 1056 3 8192 2.000000000 2
972 1080 3 8192 2.000000000 2
972 1084 3 8192 2.000000000 2
972 1128 3 8192 2.000000000 2
972 1168 3 8192 2.000000000 2
972 1196 3 8192 2.000000000 2
972 1216 3 8192 2.000000000 2
972 1224 3 8192 2.000000000 2
972 1236 3 8192 2.000000000 2
972 1248 3 8192 2.000000000 2
972 1256 3 8192 2.000000000 2
972 1272 3 8192 2.000000000 2
980 24 3 8192 2.000000000 2
980 28 3 8192 2.000000000 2
980 36 3 8192 2.000000000 2
980 40 3 8192 2.000000000 2
980 44 3 8192 2.000000000 2
980 68 3 8192 2.000000000 2
980 100 3 8192 2.000000000 2
980 104 3 8192 2.000000000 2
980 108 3 8192 2.000000000 2
980 152 3 8192 2.000000000 2
980 176 3 8192 2.000000000 2
980 188 3 8192 2.000000000 2
980 192 3 8192 2.000000000 2
980 216 3 8192 2.000000000 2
980 224 3 8192 2.000000000 2
980 232 3 8192 2.000000000 2
980 240 3 8192 2.000000000 2
980 260 3 8192 2.000000000 2
980 288 3 8192 2.000000000 2
980 300 3 8192 2.000000000 2
980 308 3 8192 2.000000000 2
980 332 3 8192 2.000000000 2
980 336 3 8192 2.000000000 2
980 344 3 8192 2.000000000 2
980 348 3 8192 2.000000000 2
980 360 3 8192 2.000000000 2
980 388 3 8192 2.000000000 2
980 396 3 8192 2.000000000 2
980 412 3 8192 2.000000000 2
980 416 3 8192 2.000000000 2
980 436 3 8192 2.000000000 2
980 440 3 8192 2.000000000 2
980 460 3 8192 2.000000000 2
980 516 3 8192 2.000000000 2
980 536 3 8192 2.000000000 2
980 540 3 8192 2.000000000 2
980 564 3 8192 2.000000000 2
980 592 3 8192 2.000000000 2
980 596 3 8192 2.000000000 2
980 600 3 8192 2.000000000 2
980 624 3 8192 2.000000000 2
980 632 3 8192 2.000000000 2
980 636 3 8192 2.000000000 2
980 652 3 8192 2.000000000 2
980 660 3 8192 2.000000000 2
980 724 3 8192 2.000000000 2
980 764 3 8192 2.000000000 2
980 768 3 8192 2.000000000 2
980 808 3 8192 2.000000000 2
980 836 3 8192 2.000000000 2
980 896 3 8192 2.000000000 2
980 900 3 8192 2.000000000 2
980 904 3 8192 2.000000000 2
980 996 3 8192 2.000000000 2
980 1032 3 8192 2.000000000 2
980 1052 3 8192 2.000000000 2
980 1068 3 8192 2.000000000 2
980 1076 3 8192 2.000000000 2
980 1112 3 8192 2.000000000 2
980 1136 3 8192 2.000000000 2
980 1180 3 8192 2.000000000 2
980 1208 3 8192 2.000000000 2
980 1228 3 8192 2.000000000 2
980 1264 3 8192 2.000000000 2
984 4 3 8192 2.000000000 2
984 12 3 8192 2.000000000 2
984 16 3 8192 2.000000000 2
984 24 3 8192 2.000000000 2
984 36 3 8192 2.000000000 2
984 44 3 8192 2.000000000 2
984 52 3 8192 2.000000000 2
984 76 3 8192 2.000000000 2
984 88 3 8192 2.000000000 2
984 112 3 8192 2.000000000 2
984 128 3 8192 2.000000000 2
984 136 3 8192 2.000000000 2
984 156 3 8192 2.000000000 2
984 168 3 8192 2.000000000 2
984 180 3 8192 2.000000000 2
984 208 3 8192 2.000000000 2
984 228 3 8192 2.000000000 2
984 232 3 8192 2.000000000 2
984 244 3 8192 2.000000000 2
984 248 3 8192 2.000000000 2
984 260 3 8192 2.000000000 2
984 272 3 8192 2.000000000 2
984 276 3 8192 2.000000000 2
984 300 3 8192 2.000000000 2
984 308 3 8192 2.000000000 2
984 352 3 8192 2.000000000 2
984 360 3 8192 2.000000000 2
984 388 3 8192 2.000000000 2
984 424 3 8192 2.000000000 2
984 436 3 8192 2.000000000 2
984 444 3 8192 2.000000000 2
984 448 3 8192 2.000000000 2
984 452 3 8192 2.000000000 2
984 476 3 8192 2.000000000 2
984 520 3 8192 2.000000000 2
984 548 3 8192 2.000000000 2
984 560 3 8192 2.000000000 2
984 564 3 8192 2.000000000 2
984 640 3 8192 2.000000000 2
984 684 3 8192 2.000000000 2
984 692 3 8192 2.000000000 2
984 704 3 8192 2.000000000 2
984 732 3 8192 2.000000000 2
984 760 3 8192 2.000000000 2
984 792 3 8192 2.000000000 2
984 848 3 8192 2.000000000 2
984 852 3 8192 2.000000000 2
984 860 3 8192 2.000000000 2
984 876 3 8192 2.000000000 2
984 888 3 8192 2.000000000 2
984 904 3 8192 2.000000000 2
984 936 3 8192 2.000000000 2
984 968 3 8192 2.000000000 2
984 1032 3 8192 2.000000000 2
984 1036 3 8192 2.000000000 2
984 1048 3 8192 2.000000000 2
984 1080 3 8192 2.000000000 2
984 1116 3 8192 2.000000000 2
984 1132 3 8192 2.000000000 2
984 1208 3 8192 2.000000000 2
984 1212 3 8192 2.000000000 2
984 1216 3 8192 2.000000000 2
984 1224 3 8192 2.000000000 2
984 1228 3 8192 2.000000000 2
988 44 3 8192 2.000000000 2
988 88 3 8192 2.000000000 2
988 96 3 8192 2.000000000 2
988 100 3 8192 2.000000000 2
988 104 3 8192 2.000000000 2
988 156 3 8192 2.000000000 2
988 164 3 8192 2.000000000 2
988 192 3 8192 2.000000000 2
988 196 3 8192 2.000000000 2
988 224 3 8192 2.000000000 2
988 232 3 8192 2.000000000 2
988 236 3 8192 2.000000000 2
988 248 3 8192 2.000000000 2
988 260 3 8192 2.000000000 2
988 272 3 8192 2.000000000 2
988 332 3 8192 2.000000000 2
988 336 3 8192 2.000000000 2
988 360 3 8192 2.000000000 2
988 392 3 8192 2.000000000 2
988 400 3 8192 2.000000000 2
988 472 3 8192 2.000000000 2
988 516 3 8192 2.000000000 2
988 524 3 8192 2.000000000 2
988 528 3 8192 2.000000000 2
988 536 3 8192 2.000000000 2
988 556 3 8192 2.000000000 2
988 576 3 8192 2.000000000 2
988 632 3 8192 2.000000000 2
988 636 3 8192 2.000000000 2
988 648 3 8192 2.000000000 2
988 652 3 8192 2.000000000 2
988 668 3 8192 2.000000000 2
988 688 3 8192 2.000000000 2
988 704 3 8192 2.000000000 2
988 712 3 8192 2.000000000 2
988 716 3 8192 2.000000000 2
988 720 3 8192 2.000000000 2
988 748 3 8192 2.000000000 2
988 760 3 8192 2.000000000 2
988 768 3 8192 2.000000000 2
988 784 3 8192 2.000000000 2
988 840 3 8192 2.000000000 2
988 856 3 8192 2.000000000 2
988 900 3 8192 2.000000000 2
988 904 3 8192 2.000000000 2
988 932 3 8192 2.000000000 2
988 980 3 8192 2.000000000 2
988 992 3 8192 2.000000000 2
988 1012 3 8192 2.000000000 2
988 1048 3 8192 2.000000000 2
988 1080 3 8192 2.000000000 2
988 1084 3 8192 2.000000000 2
988 1112 3 8192 2.000000000 2
988 1124 3 8192 2.000000000 2
988 1148 3 8192 2.000000000 2
988 1156 3 8192 2.000000000 2
988 1164 3 8192 2.000000000 2
988 1176 3 8192 2.000000000 2
988 1216 3 8192 2.000000000 2
988 1220 3 8192 2.000000000 2
988 1224 3 8192 2.000000000 2
988 1228 3 8192 2.000000000 2
988 1248 3 8192 2.000000000 2
988 1272 3 8192 2.000000000 2
992 24 3 8192 2.000000000 2
992 48 3 8192 2.000000000 2
992 76 3 8192 2.000000000 2
992 84 3 8192 2.000000000 2
992 92 3 8192 2.000000000 2
992 104 3 8192 2.000000000 2
992 108 3 8192 2.000000000 2
992 120 3 8192 2.000000000 2
992 128 3 8192 2.000000000 2
992 152 3 8192 2.000000000 2
992 164 3 8192 2.000000000 2
992 184 3 8192 2.000000000 2
992 188 3 8192 2.000000000 2
992 196 3 8192 2.000000000 2
992 204 3 8192 2.000000000 2
992 216 3 8192 2.000000000 2
992 232 3 8192 2.000000000 2
992 240 3 8192 2.000000000 2
992 248 3 8192 2.000000000 2
992 260 3 8192 2.000000000 2
992 276 3 8192 2.000000000 2
992 336 3 8192 2.000000000 2
992 344 3 8192 2.000000000 2
992 384 3 8192 2.000000000 2
992 412 3 8192 2.000000000 2
992 416 3 8192 2.000000000 2
992 420 3 8192 2.000000000 2
992 436 3 8192 2.000000000 2
992 484 3 8192 2.000000000 2
992 500 3 8192 2.000000000 2
992 516 3 8192 2.000000000 2
992 564 3 8192 2.000000000 2
992 584 3 8192 2.000000000 2
992 596 3 8192 2.000000000 2
992 612 3 8192 2.000000000 2
992 624 3 8192 2.000000000 2
992 628 3 8192 2.000000000 2
992 640 3 8192 2.000000000 2
992 652 3 8192 2.000000000 2
992 684 3 8192 2.000000000 2
992 712 3 8192 2.000000000 2
992 732 3 8192 2.000000000 2
992 756 3 8192 2.000000000 2
992 776 3 8192 2.000000000 2
992 792 3 8192 2.000000000 2
992 808 3 8192 2.000000000 2
992 816 3 8192 2.000000000 2
992 828 3 8192 2.000000000 2
992 864 3 8192 2.000000000 2
992 940 3 8192 2.000000000 2
992 948 3 8192 2.000000000 2
992 984 3 8192 2.000000000 2
992 996 3 8192 2.000000000 2
992 1024 3 8192 2.000000000 2
992 1044 3 8192 2.000000000 2
992 1076 3 8192 2.000000000 2
992 1080 3 8192 2.000000000 2
992 1100 3 8192 2.000000000 2
992 1124 3 8192 2.000000000 2
992 1136 3 8192 2.000000000 2
992 1168 3 8192 2.000000000 2
992 1244 3 8192 2.000000000 2
992 1248 3 8192 2.000000000 2
992 1272 3 8192 2.000000000 2
996 40 3 8192 2.000000000 2
996 68 3 8192 2.000000000 2
996 88 3 8192 2.000000000 2
996 116 3 8192 2.000000000 2
996 124 3 8192 2.000000000 2
996 136 3 8192 2.000000000 2
996 156 3 8192 2.000000000 2
996 188 3 8192 2.000000000 2
996 192 3 8192 2.000000000 2
996 236 3 8192 2.000000000 2
996 248 3 8192 2.000000000 2
996 260 3 8192 2.000000000 2
996 268 3 8192 2.000000000 2
996 280 3 8192 2.000000000 2
996 304 3 8192 2.000000000 2
996 308 3 8192 2.000000000 2
996 352 3 8192 2.000000000 2
996 356 3 8192 2.000000000 2
996 364 3 8192 2.000000000 2
996 392 3 8192 2.000000000 2
996 400 3 8192 2.000000000 2
996 444 3 8192 2.000000000 2
996 448 3 8192 2.000000000 2
996 468 3 8192 2.000000000 2
996 484 3 8192 2.000000000 2
996 500 3 8192 2.000000000 2
996 528 3 8192 2.000000000 2
996 548 3 8192 2.000000000 2
996 556 3 8192 2.000000000 2
996 576 3 8192 2.000000000 2
996 580 3 8192 2.000000000 2
996 584 3 8192 2.000000000 2
996 592 3 8192 2.000000000 2
996 608 3 8192 2.000000000 2
996 612 3 8192 2.000000000 2
996 636 3 8192 2.000000000 2
996 652 3 8192 2.000000000 2
996 668 3 8192 2.000000000 2
996 676 3 8192 2.000000000 2
996 696 3 8192 2.000000000 2
996 700 3 8192 2.000000000 2
996 720 3 8192 2.000000000 2
996 736 3 8192 2.000000000 2
996 744 3 8192 2.000000000 2
996 748 3 8192 2.000000000 2
996 756 3 8192 2.000000000 2
996 812 3 8192 2.000000000 2
996 828 3 8192 2.000000000 2
996 852 3 8192 2.000000000 2
996 856 3 8192 2.000000000 2
996 864 3 8192 2.000000000 2
996 900 3 8192 2.000000000 2
996 980 3 8192 2.000000000 2
996 1052 3 8192 2.000000000 2
996 1068 3 8192 2.000000000 2
996 1080 3 8192 2.000000000 2
996 1092 3 8192 2.000000000 2
996 1104 3 8192 2.000000000 2
996 1128 3 8192 2.000000000 2
996 1132 3 8192 2.000000000 2
996 1160 3 8192 2.000000000 2
996 1176 3 8192 2.000000000 2
996 1184 3 8192 2.000000000 2
996 1196 3 8192 2.000000000 2
1008 8 3 8192 2.000000000 2
1008 12 3 8192 2.000000000 2
1008 36 3 8192 2.000000000 2
1008 72 3 8192 2.000000000 2
1008 84 3 8192 2.000000000 2
1008 92 3 8192 2.000000000 2
1008 120 3 8192 2.000000000 2
1008 128 3 8192 2.000000000 2
1008 136 3 8192 2.000000000 2
1008 148 3 8192 2.000000000 2
1008 176 3 8192 2.000000000 2
1008 184 3 8192 2.000000000 2
1008 188 3 8192 2.000000000 2
1008 196 3 8192 2.000000000 2
1008 224 3 8192 2.000000000 2
1008 288 3 8192 2.000000000 2
1008 292 3 8192 2.000000000 2
1008 308 3 8192 2.000000000 2
1008 344 3 8192 2.000000000 2
1008 348 3 8192 2.000000000 2
1008 360 3 8192 2.000000000 2
1008 412 3 8192 2.000000000 2
1008 424 3 8192 2.000000000 2
1008 428 3 8192 2.000000000 2
1008 448 3 8192 2.000000000 2
1008 460 3 8192 2.000000000 2
1008 508 3 8192 2.000000000 2
1008 516 3 8192 2.000000000 2
1008 520 3 8192 2.000000000 2
1008 596 3 8192 2.000000000 2
1008 624 3 8192 2.000000000 2
1008 628 3 8192 2.000000000 2
1008 632 3 8192 2.000000000 2
1008 664 3 8192 2.000000000 2
1008 676 3 8192 2.000000000 2
1008 700 3 8192 2.000000000 2
1008 716 3 8192 2.000000000 2
1008 728 3 8192 2.000000000 2
1008 732 3 8192 2.000000000 2
1008 744 3 8192 2.000000000 2
1008 756 3 8192 2.000000000 2
1008 768 3 8192 2.000000000 2
1008 792 3 8192 2.000000000 2
1008 828 3 8192 2.000000000 2
1008 860 3 8192 2.000000000 2
1008 908 3 8192 2.000000000 2
1008 920 3 8192 2.000000000 2
1008 932 3 8192 2.000000000 2
1008 948 3 8192 2.000000000 2
1008 980 3 8192 2.000000000 2
1008 992 3 8192 2.000000000 2
1008 1068 3 8192 2.000000000 2
1008 1080 3 8192 2.000000000 2
1008 1100 3 8192 2.000000000 2
1008 1108 3 8192 2.000000000 2
1008 1124 3 8192 2.000000000 2
1008 1136 3 8192 2.000000000 2
1008 1156 3 8192 2.000000000 2
1008 1176 3 8192 2.000000000 2
1008 1208 3 8192 2.000000000 2
1008 1212 3 8192 2.000000000 2
1008 1228 3 8192 2.000000000 2
1008 1256 3 8192 2.000000000 2
1008 1264 3 8192 2.000000000 2
1012 8 3 8192 2.000000000 2
1012 12 3 8192 2.000000000 2
1012 56 3 8192 2.000000000 2
1012 104 3 8192 2.000000000 2
1012 128 3 8192 2.000000000 2
1012 164 3 8192 2.000000000 2
1012 168 3 8192 2.000000000 2
1012 208 3 8192 2.000000000 2
1012 224 3 8192 2.000000000 2
1012 244 3 8192 2.000000000 2
1012 252 3 8192 2.000000000 2
1012 264 3 8192 2.000000000 2
1012 288 3 8192 2.000000000 2
1012 292 3 8192 2.000000000 2
1012 300 3 8192 2.000000000 2
1012 316 3 8192 2.000000000 2
1012 376 3 8192 2.000000000 2
1012 396 3 8192 2.000000000 2
1012 400 3 8192 2.000000000 2
1012 404 3 8192 2.000000000 2
1012 500 3 8192 2.000000000 2
1012 508 3 8192 2.000000000 2
1012 512 3 8192 2.000000000 2
1012 516 3 8192 2.000000000 2
1012 524 3 8192 2.000000000 2
1012 544 3 8192 2.000000000 2
1012 564 3 8192 2.000000000 2
1012 576 3 8192 2.000000000 2
1012 596 3 8192 2.000000000 2
1012 608 3 8192 2.000000000 2
1012 616 3 8192 2.000000000 2
1012 628 3 8192 2.000000000 2
1012 636 3 8192 2.000000000 2
1012 640 3 8192 2.000000000 2
1012 652 3 8192 2.000000000 2
1012 656 3 8192 2.000000000 2
1012 660 3 8192 2.000000000 2
1012 668 3 8192 2.000000000 2
1012 676 3 8192 2.000000000 2
1012 688 3 8192 2.000000000 2
1012 692 3 8192 2.000000000 2
1012 700 3 8192 2.000000000 2
1012 708 3 8192 2.000000000 2
1012 716 3 8192 2.000000000 2
1012 748 3 8192 2.000000000 2
1012 756 3 8192 2.000000000 2
1012 760 3 8192 2.000000000 2
1012 808 3 8192 2.000000000 2
1012 840 3 8192 2.000000000 2
1012 880 3 8192 2.000000000 2
1012 896 3 8192 2.000000000 2
1012 932 3 8192 2.000000000 2
1012 968 3 8192 2.000000000 2
1012 972 3 8192 2.000000000 2
1012 1024 3 8192 2.000000000 2
1012 1036 3 8192 2.000000000 2
1012 1092 3 8192 2.000000000 2
1012 1100 3 8192 2.000000000 2
1012 1112 3 8192 2.000000000 2
1012 1132 3 8192 2.000000000 2
1012 1160 3 8192 2.000000000 2
1012 1176 3 8192 2.000000000 2
1012 1192 3 8192 2.000000000 2
1012 1264 3 8192 2.000000000 2
1020 4 3 8192 2.000000000 2
1020 8 3 8192 2.000000000 2
1020 24 3 8192 2.000000000 2
1020 32 3 8192 2.000000000 2
1020 64 3 8192 2.000000000 2
1020 72 3 8192 2.000000000 2
1020 96 3 8192 2.000000000 2
1020 112 3 8192 2.000000000 2
1020 168 3 8192 2.000000000 2
1020 176 3 8192 2.000000000 2
1020 220 3 8192 2.000000000 2
1020 236 3 8192 2.000000000 2
1020 244 3 8192 2.000000000 2
1020 252 3 8192 2.000000000 2
1020 276 3 8192 2.000000000 2
1020 284 3 8192 2.000000000 2
1020 312 3 8192 2.000000000 2
1020 356 3 8192 2.000000000 2
1020 428 3 8192 2.000000000 2
1020 444 3 8192 2.000000000 2
1020 452 3 8192 2.000000000 2
1020 564 3 8192 2.000000000 2
1020 576 3 8192 2.000000000 2
1020 580 3 8192 2.000000000 2
1020 584 3 8192 2.000000000 2
1020 600 3 8192 2.000000000 2
1020 612 3 8192 2.000000000 2
1020 628 3 8192 2.000000000 2
1020 692 3 8192 2.000000000 2
1020 716 3 8192 2.000000000 2
1020 720 3 8192 2.000000000 2
1020 724 3 8192 2.000000000 2
1020 728 3 8192 2.000000000 2
1020 748 3 8192 2.000000000 2
1020 756 3 8192 2.000000000 2
1020 764 3 8192 2.000000000 2
1020 788 3 8192 2.000000000 2
1020 796 3 8192 2.000000000 2
1020 812 3 8192 2.000000000 2
1020 816 3 8192 2.000000000 2
1020 828 3 8192 2.000000000 2
1020 856 3 8192 2.000000000 2
1020 876 3 8192 2.000000000 2
1020 904 3 8192 2.000000000 2
1020 964 3 8192 2.000000000 2
1020 988 3 8192 2.000000000 2
1020 1036 3 8192 2.000000000 2
1020 1044 3 8192 2.000000000 2
1020 1052 3 8192 2.000000000 2
1020 1056 3 8192 2.000000000 2
1020 1068 3 8192 2.000000000 2
1020 1076 3 8192 2.000000000 2
1020 1092 3 8192 2.000000000 2
1020 1112 3 8192 2.000000000 2
1020 1116 3 8192 2.000000000 2
1020 1120 3 8192 2.000000000 2
1020 1124 3 8192 2.000000000 2
1020 1132 3 8192 2.000000000 2
1020 1156 3 8192 2.000000000 2
1020 1160 3 8192 2.000000000 2
1020 1184 3 8192 2.000000000 2
1020 1204 3 8192 2.000000000 2
1020 1236 3 8192 2.000000000 2
1020 1272 3 8192 2.000000000 2
1024 8 3 8192 2.000000000 2
1024 16 3 8192 2.000000000 2
1024 28 3 8192 2.000000000 2
1024 64 3 8192 2.000000000 2
1024 68 3 8192 2.000000000 2
1024 76 3 8192 2.000000000 2
1024 104 3 8192 2.000000000 2
1024 124 3 8192 2.000000000 2
1024 164 3 8192 2.000000000 2
1024 176 3 8192 2.000000000 2
1024 192 3 8192 2.000000000 2
1024 216 3 8192 2.000000000 2
1024 220 3 8192 2.000000000 2
1024 228 3 8192 2.000000000 2
1024 236 3 8192 2.000000000 2
1024 272 3 8192 2.000000000 2
1024 328 3 8192 2.000000000 2
1024 344 3 8192 2.000000000 2
1024 360 3 8192 2.000000000 2
1024 364 3 8192 2.000000000 2
1024 388 3 8192 2.000000000 2
1024 392 3 8192 2.000000000 2
1024 412 3 8192 2.000000000 2
1024 424 3 8192 2.000000000 2
1024 428 3 8192 2.000000000 2
1024 436 3 8192 2.000000000 2
1024 516 3 8192 2.000000000 2
1024 548 3 8192 2.000000000 2
1024 556 3 8192 2.000000000 2
1024 592 3 8192 2.000000000 2
1024 612 3 8192 2.000000000 2
1024 624 3 8192 2.000000000 2
1024 648 3 8192 2.000000000 2
1024 656 3 8192 2.000000000 2
1024 660 3 8192 2.000000000 2
1024 664 3 8192 2.000000000 2
1024 676 3 8192 2.000000000 2
1024 700 3 8192 2.000000000 2
1024 704 3 8192 2.000000000 2
1024 756 3 8192 2.000000000 2
1024 840 3 8192 2.000000000 2
1024 856 3 8192 2.000000000 2
1024 860 3 8192 2.000000000 2
1024 868 3 8192 2.000000000 2
1024 968 3 8192 2.000000000 2
1024 972 3 8192 2.000000000 2
1024 984 3 8192 2.000000000 2
1024 1008 3 8192 2.000000000 2
1024 1044 3 8192 2.000000000 2
1024 1052 3 8192 2.000000000 2
1024 1056 3 8192 2.000000000 2
1024 1092 3 8192 2.000000000 2
1024 1120 3 8192 2.000000000 2
1024 1132 3 8192 2.000000000 2
1024 1148 3 8192 2.000000000 2
1024 1156 3 8192 2.000000000 2
1024 1168 3 8192 2.000000000 2
1024 1172 3 8192 2.000000000 2
1024 1196 3 8192 2.000000000 2
1024 1204 3 8192 2.000000000 2
1024 1212 3 8192 2.000000000 2
1024 1220 3 8192 2.000000000 2
1024 1244 3 8192 2.000000000 2
1024 1248 3 8192 2.000000000 2
1032 4 3 8192 2.000000000 2
1032 44 3 8192 2.000000000 2
1032 52 3 8192 2.000000000 2
1032 68 3 8192 2.000000000 2
1032 72 3 8192 2.000000000 2
1032 88 3 8192 2.000000000 2
1032 92 3 8192 2.000000000 2
1032 104 3 8192 2.000000000 2
1032 112 3 8192 2.000000000 2
1032 128 3 8192 2.000000000 2
1032 156 3 8192 2.000000000 2
1032 164 3 8192 2.000000000 2
1032 168 3 8192 2.000000000 2
1032 184 3 8192 2.000000000 2
1032 188 3 8192 2.000000000 2
1032 192 3 8192 2.000000000 2
1032 244 3 8192 2.000000000 2
1032 268 3 8192 2.000000000 2
1032 280 3 8192 2.000000000 2
1032 284 3 8192 2.000000000 2
1032 288 3 8192 2.000000000 2
1032 384 3 8192 2.000000000 2
1032 388 3 8192 2.000000000 2
1032 392 3 8192 2.000000000 2
1032 428 3 8192 2.000000000 2
1032 436 3 8192 2.000000000 2
1032 480 3 8192 2.000000000 2
1032 484 3 8192 2.000000000 2
1032 500 3 8192 2.000000000 2
1032 524 3 8192 2.000000000 2
1032 528 3 8192 2.000000000 2
1032 536 3 8192 2.000000000 2
1032 556 3 8192 2.000000000 2
1032 612 3 8192 2.000000000 2
1032 640 3 8192 2.000000000 2
1032 696 3 8192 2.000000000 2
1032 700 3 8192 2.000000000 2
1032 708 3 8192 2.000000000 2
1032 716 3 8192 2.000000000 2
1032 748 3 8192 2.000000000 2
1032 756 3 8192 2.000000000 2
1032 764 3 8192 2.000000000 2
1032 768 3 8192 2.000000000 2
1032 792 3 8192 2.000000000 2
1032 812 3 8192 2.000000000 2
1032 864 3 8192 2.000000000 2
1032 876 3 8192 2.000000000 2
1032 880 3 8192 2.000000000 2
1032 888 3 8192 2.000000000 2
1032 892 3 8192 2.000000000 2
1032 932 3 8192 2.000000000 2
1032 936 3 8192 2.000000000 2
1032 940 3 8192 2.000000000 2
1032 992 3 8192 2.000000000 2
1032 1008 3 8192 2.000000000 2
1032 1052 3 8192 2.000000000 2
1032 1080 3 8192 2.000000000 2
1032 1100 3 8192 2.000000000 2
1032 1104 3 8192 2.000000000 2
1032 1108 3 8192 2.000000000 2
1032 1136 3 8192 2.000000000 2
1032 1148 3 8192 2.000000000 2
1032 1160 3 8192 2.000000000 2
1032 1224 3 8192 2.000000000 2
1036 56 3 8192 2.000000000 2
1036 72 3 8192 2.000000000 2
1036 76 3 8192 2.000000000 2
1036 96 3 8192 2.000000000 2
1036 104 3 8192 2.000000000 2
1036 116 3 8192 2.000000000 2
1036 124 3 8192 2.000000000 2
1036 148 3 8192 2.000000000 2
1036 188 3 8192 2.000000000 2
1036 192 3 8192 2.000000000 2
1036 204 3 8192 2.000000000 2
1036 224 3 8192 2.000000000 2
1036 240 3 8192 2.000000000 2
1036 252 3 8192 2.000000000 2
1036 276 3 8192 2.000000000 2
1036 284 3 8192 2.000000000 2
1036 304 3 8192 2.000000000 2
1036 312 3 8192 2.000000000 2
1036 316 3 8192 2.000000000 2
1036 348 3 8192 2.000000000 2
1036 352 3 8192 2.000000000 2
1036 380 3 8192 2.000000000 2
1036 388 3 8192 2.000000000 2
1036 404 3 8192 2.000000000 2
1036 412 3 8192 2.000000000 2
1036 424 3 8192 2.000000000 2
1036 444 3 8192 2.000000000 2
1036 476 3 8192 2.000000000 2
1036 520 3 8192 2.000000000 2
1036 524 3 8192 2.000000000 2
1036 556 3 8192 2.000000000 2
1036 560 3 8192 2.000000000 2
1036 584 3 8192 2.000000000 2
1036 592 3 8192 2.000000000 2
1036 612 3 8192 2.000000000 2
1036 616 3 8192 2.000000000 2
1036 624 3 8192 2.000000000 2
1036 628 3 8192 2.000000000 2
1036 636 3 8192 2.000000000 2
1036 656 3 8192 2.000000000 2
1036 660 3 8192 2.000000000 2
1036 684 3 8192 2.000000000 2
1036 716 3 8192 2.000000000 2
1036 756 3 8192 2.000000000 2
1036 768 3 8192 2.000000000 2
1036 788 3 8192 2.000000000 2
1036 808 3 8192 2.000000000 2
1036 848 3 8192 2.000000000 2
1036 856 3 8192 2.000000000 2
1036 860 3 8192 2.000000000 2
1036 864 3 8192 2.000000000 2
1036 880 3 8192 2.000000000 2
1036 888 3 8192 2.000000000 2
1036 1032 3 8192 2.000000000 2
1036 1068 3 8192 2.000000000 2
1036 1080 3 8192 2.000000000 2
1036 1120 3 8192 2.000000000 2
1036 1124 3 8192 2.000000000 2
1036 1148 3 8192 2.000000000 2
1036 1156 3 8192 2.000000000 2
1036 1168 3 8192 2.000000000 2
1036 1184 3 8192 2.000000000 2
1036 1192 3 8192 2.000000000 2
1036 1264 3 8192 2.000000000 2
1040 44 3 8192 2.000000000 2
1040 56 3 8192 2.000000000 2
1040 72 3 8192 2.000000000 2
1040 84 3 8192 2.000000000 2
1040 116 3 8192 2.000000000 2
1040 124 3 8192 2.000000000 2
1040 220 3 8192 2.000000000 2
1040 228 3 8192 2.000000000 2
1040 244 3 8192 2.000000000 2
1040 260 3 8192 2.000000000 2
1040 280 3 8192 2.000000000 2
1040 292 3 8192 2.000000000 2
1040 296 3 8192 2.000000000 2
1040 312 3 8192 2.000000000 2
1040 364 3 8192 2.000000000 2
1040 380 3 8192 2.000000000 2
1040 384 3 8192 2.000000000 2
1040 388 3 8192 2.000000000 2
1040 392 3 8192 2.000000000 2
1040 404 3 8192 2.000000000 2
1040 416 3 8192 2.000000000 2
1040 420 3 8192 2.000000000 2
1040 436 3 8192 2.000000000 2
1040 484 3 8192 2.000000000 2
1040 496 3 8192 2.000000000 2
1040 528 3 8192 2.000000000 2
1040 576 3 8192 2.000000000 2
1040 592 3 8192 2.000000000 2
1040 616 3 8192 2.000000000 2
1040 628 3 8192 2.000000000 2
1040 644 3 8192 2.000000000 2
1040 656 3 8192 2.000000000 2
1040 664 3 8192 2.000000000 2
1040 688 3 8192 2.000000000 2
1040 708 3 8192 2.000000000 2
1040 716 3 8192 2.000000000 2
1040 732 3 8192 2.000000000 2
1040 744 3 8192 2.000000000 2
1040 756 3 8192 2.000000000 2
1040 768 3 8192 2.000000000 2
1040 792 3 8192 2.000000000 2
1040 808 3 8192 2.000000000 2
1040 828 3 8192 2.000000000 2
1040 836 3 8192 2.000000000 2
1040 840 3 8192 2.000000000 2
1040 896 3 8192 2.000000000 2
1040 920 3 8192 2.000000000 2
1040 936 3 8192 2.000000000 2
1040 980 3 8192 2.000000000 2
1040 984 3 8192 2.000000000 2
1040 1008 3 8192 2.000000000 2
1040 1020 3 8192 2.000000000 2
1040 1024 3 8192 2.000000000 2
1040 1036 3 8192 2.000000000 2
1040 1044 3 8192 2.000000000 2
1040 1068 3 8192 2.000000000 2
1040 1076 3 8192 2.000000000 2
1040 1100 3 8192 2.000000000 2
1040 1104 3 8192 2.000000000 2
1040 1136 3 8192 2.000000000 2
1040 1172 3 8192 2.000000000 2
1040 1184 3 8192 2.000000000 2
1040 1196 3 8192 2.000000000 2
1040 1244 3 8192 2.000000000 2
1044 8 3 8192 2.000000000 2
1044 56 3 8192 2.000000000 2
1044 68 3 8192 2.000000000 2
1044 84 3 8192 2.000000000 2
1044 88 3 8192 2.000000000 2
1044 96 3 8192 2.000000000 2
1044 100 3 8192 2.000000000 2
1044 104 3 8192 2.000000000 2
1044 112 3 8192 2.000000000 2
1044 128 3 8192 2.000000000 2
1044 132 3 8192 2.000000000 2
1044 136 3 8192 2.000000000 2
1044 184 3 8192 2.000000000 2
1044 192 3 8192 2.000000000 2
1044 228 3 8192 2.000000000 2
1044 244 3 8192 2.000000000 2
1044 268 3 8192 2.000000000 2
1044 272 3 8192 2.000000000 2
1044 292 3 8192 2.000000000 2
1044 300 3 8192 2.000000000 2
1044 320 3 8192 2.000000000 2
1044 328 3 8192 2.000000000 2
1044 372 3 8192 2.000000000 2
1044 380 3 8192 2.000000000 2
1044 384 3 8192 2.000000000 2
1044 400 3 8192 2.000000000 2
1044 412 3 8192 2.000000000 2
1044 420 3 8192 2.000000000 2
1044 428 3 8192 2.000000000 2
1044 452 3 8192 2.000000000 2
1044 468 3 8192 2.000000000 2
1044 476 3 8192 2.000000000 2
1044 500 3 8192 2.000000000 2
1044 520 3 8192 2.000000000 2
1044 556 3 8192 2.000000000 2
1044 564 3 8192 2.000000000 2
1044 584 3 8192 2.000000000 2
1044 624 3 8192 2.000000000 2
1044 632 3 8192 2.000000000 2
1044 656 3 8192 2.000000000 2
1044 664 3 8192 2.000000000 2
1044 700 3 8192 2.000000000 2
1044 720 3 8192 2.000000000 2
1044 724 3 8192 2.000000000 2
1044 728 3 8192 2.000000000 2
1044 756 3 8192 2.000000000 2
1044 764 3 8192 2.000000000 2
1044 768 3 8192 2.000000000 2
1044 784 3 8192 2.000000000 2
1044 876 3 8192 2.000000000 2
1044 880 3 8192 2.000000000 2
1044 888 3 8192 2.000000000 2
1044 900 3 8192 2.000000000 2
1044 992 3 8192 2.000000000 2
1044 996 3 8192 2.000000000 2
1044 1032 3 8192 2.000000000 2
1044 1056 3 8192 2.000000000 2
1044 1068 3 8192 2.000000000 2
1044 1076 3 8192 2.000000000 2
1044 1120 3 8192 2.000000000 2
1044 1156 3 8192 2.000000000 2
1044 1176 3 8192 2.000000000 2
1044 1192 3 8192 2.000000000 2
1044 1224 3 8192 2.000000000 2
1048 4 3 8192 2.000000000 2
1048 12 3 8192 2.000000000 2
1048 40 3 8192 2.000000000 2
1048 64 3 8192 2.000000000 2
1048 68 3 8192 2.000000000 2
1048 72 3 8192 2.000000000 2
1048 84 3 8192 2.000000000 2
1048 96 3 8192 2.000000000 2
1048 104 3 8192 2.000000000 2
1048 112 3 8192 2.000000000 2
1048 152 3 8192 2.000000000 2
1048 176 3 8192 2.000000000 2
1048 196 3 8192 2.000000000 2
1048 204 3 8192 2.000000000 2
1048 220 3 8192 2.000000000 2
1048 244 3 8192 2.000000000 2
1048 292 3 8192 2.000000000 2
1048 296 3 8192 2.000000000 2
1048 300 3 8192 2.000000000 2
1048 312 3 8192 2.000000000 2
1048 360 3 8192 2.000000000 2
1048 384 3 8192 2.000000000 2
1048 388 3 8192 2.000000000 2
1048 392 3 8192 2.000000000 2
1048 400 3 8192 2.000000000 2
1048 424 3 8192 2.000000000 2
1048 440 3 8192 2.000000000 2
1048 460 3 8192 2.000000000 2
1048 536 3 8192 2.000000000 2
1048 544 3 8192 2.000000000 2
1048 556 3 8192 2.000000000 2
1048 612 3 8192 2.000000000 2
1048 640 3 8192 2.000000000 2
1048 660 3 8192 2.000000000 2
1048 668 3 8192 2.000000000 2
1048 716 3 8192 2.000000000 2
1048 720 3 8192 2.000000000 2
1048 736 3 8192 2.000000000 2
1048 748 3 8192 2.000000000 2
1048 776 3 8192 2.000000000 2
1048 796 3 8192 2.000000000 2
1048 808 3 8192 2.000000000 2
1048 812 3 8192 2.000000000 2
1048 816 3 8192 2.000000000 2
1048 836 3 8192 2.000000000 2
1048 876 3 8192 2.000000000 2
1048 984 3 8192 2.000000000 2
1048 1020 3 8192 2.000000000 2
1048 1024 3 8192 2.000000000 2
1048 1044 3 8192 2.000000000 2
1048 1052 3 8192 2.000000000 2
1048 1104 3 8192 2.000000000 2
1048 1112 3 8192 2.000000000 2
1048 1116 3 8192 2.000000000 2
1048 1128 3 8192 2.000000000 2
1048 1136 3 8192 2.000000000 2
1048 1176 3 8192 2.000000000 2
1048 1196 3 8192 2.000000000 2
1048 1204 3 8192 2.000000000 2
1048 1212 3 8192 2.000000000 2
1048 1224 3 8192 2.000000000 2
1048 1244 3 8192 2.000000000 2
1048 1256 3 8192 2.000000000 2
1048 1264 3 8192 2.000000000 2
1052 4 3 8192 2.000000000 2
1052 12 3 8192 2.000000000 2
1052 20 3 8192 2.000000000 2
1052 28 3 8192 2.000000000 2
1052 56 3 8192 2.000000000 2
1052 72 3 8192 2.000000000 2
1052 108 3 8192 2.000000000 2
1052 124 3 8192 2.000000000 2
1052 136 3 8192 2.000000000 2
1052 184 3 8192 2.000000000 2
1052 188 3 8192 2.000000000 2
1052 192 3 8192 2.000000000 2
1052 196 3 8192 2.000000000 2
1052 228 3 8192 2.000000000 2
1052 260 3 8192 2.000000000 2
1052 272 3 8192 2.000000000 2
1052 276 3 8192 2.000000000 2
1052 296 3 8192 2.000000000 2
1052 304 3 8192 2.000000000 2
1052 308 3 8192 2.000000000 2
1052 344 3 8192 2.000000000 2
1052 356 3 8192 2.000000000 2
1052 360 3 8192 2.000000000 2
1052 372 3 8192 2.000000000 2
1052 380 3 8192 2.000000000 2
1052 412 3 8192 2.000000000 2
1052 416 3 8192 2.000000000 2
1052 428 3 8192 2.000000000 2
1052 452 3 8192 2.000000000 2
1052 480 3 8192 2.000000000 2
1052 500 3 8192 2.000000000 2
1052 520 3 8192 2.000000000 2
1052 524 3 8192 2.000000000 2
1052 548 3 8192 2.000000000 2
1052 564 3 8192 2.000000000 2
1052 600 3 8192 2.000000000 2
1052 628 3 8192 2.000000000 2
1052 640 3 8192 2.000000000 2
1052 648 3 8192 2.000000000 2
1052 664 3 8192 2.000000000 2
1052 684 3 8192 2.000000000 2
1052 688 3 8192 2.000000000 2
1052 720 3 8192 2.000000000 2
1052 724 3 8192 2.000000000 2
1052 728 3 8192 2.000000000 2
1052 732 3 8192 2.000000000 2
1052 752 3 8192 2.000000000 2
1052 788 3 8192 2.000000000 2
1052 808 3 8192 2.000000000 2
1052 828 3 8192 2.000000000 2
1052 836 3 8192 2.000000000 2
1052 888 3 8192 2.000000000 2
1052 904 3 8192 2.000000000 2
1052 932 3 8192 2.000000000 2
1052 940 3 8192 2.000000000 2
1052 952 3 8192 2.000000000 2
1052 1044 3 8192 2.000000000 2
1052 1056 3 8192 2.000000000 2
1052 1068 3 8192 2.000000000 2
1052 1092 3 8192 2.000000000 2
1052 1108 3 8192 2.000000000 2
1052 1168 3 8192 2.000000000 2
1052 1184 3 8192 2.000000000 2
1052 1228 3 8192 2.000000000 2
1056 16 3 8192 2.000000000 2
1056 24 3 8192 2.000000000 2
1056 28 3 8192 2.000000000 2
1056 52 3 8192 2.000000000 2
1056 84 3 8192 2.000000000 2
1056 92 3 8192 2.000000000 2
1056 96 3 8192 2.000000000 2
1056 116 3 8192 2.000000000 2
1056 192 3 8192 2.000000000 2
1056 196 3 8192 2.000000000 2
1056 208 3 8192 2.000000000 2
1056 220 3 8192 2.000000000 2
1056 224 3 8192 2.000000000 2
1056 228 3 8192 2.000000000 2
1056 252 3 8192 2.000000000 2
1056 264 3 8192 2.000000000 2
1056 272 3 8192 2.000000000 2
1056 284 3 8192 2.000000000 2
1056 308 3 8192 2.000000000 2
1056 320 3 8192 2.000000000 2
1056 344 3 8192 2.000000000 2
1056 380 3 8192 2.000000000 2
1056 384 3 8192 2.000000000 2
1056 388 3 8192 2.000000000 2
1056 412 3 8192 2.000000000 2
1056 416 3 8192 2.000000000 2
1056 460 3 8192 2.000000000 2
1056 472 3 8192 2.000000000 2
1056 508 3 8192 2.000000000 2
1056 528 3 8192 2.000000000 2
1056 556 3 8192 2.000000000 2
1056 616 3 8192 2.000000000 2
1056 632 3 8192 2.000000000 2
1056 652 3 8192 2.000000000 2
1056 664 3 8192 2.000000000 2
1056 692 3 8192 2.000000000 2
1056 696 3 8192 2.000000000 2
1056 712 3 8192 2.000000000 2
1056 724 3 8192 2.000000000 2
1056 764 3 8192 2.000000000 2
1056 852 3 8192 2.000000000 2
1056 860 3 8192 2.000000000 2
1056 876 3 8192 2.000000000 2
1056 892 3 8192 2.000000000 2
1056 904 3 8192 2.000000000 2
1056 932 3 8192 2.000000000 2
1056 944 3 8192 2.000000000 2
1056 980 3 8192 2.000000000 2
1056 992 3 8192 2.000000000 2
1056 1008 3 8192 2.000000000 2
1056 1020 3 8192 2.000000000 2
1056 1040 3 8192 2.000000000 2
1056 1044 3 8192 2.000000000 2
1056 1112 3 8192 2.000000000 2
1056 1120 3 8192 2.000000000 2
1056 1132 3 8192 2.000000000 2
1056 1160 3 8192 2.000000000 2
1056 1164 3 8192 2.000000000 2
1056 1176 3 8192 2.000000000 2
1056 1180 3 8192 2.000000000 2
1056 1196 3 8192 2.000000000 2
1056 1220 3 8192 2.000000000 2
1056 1228 3 8192 2.000000000 2
1056 1244 3 8192 2.000000000 2
1068 12 3 8192 2.000000000 2
1068 52 3 8192 2.000000000 2
1068 72 3 8192 2.000000000 2
1068 108 3 8192 2.000000000 2
1068 116 3 8192 2.000000000 2
1068 120 3 8192 2.000000000 2
1068 128 3 8192 2.000000000 2
1068 136 3 8192 2.000000000 2
1068 148 3 8192 2.000000000 2
1068 176 3 8192 2.000000000 2
1068 180 3 8192 2.000000000 2
1068 216 3 8192 2.000000000 2
1068 228 3 8192 2.000000000 2
1068 260 3 8192 2.000000000 2
1068 280 3 8192 2.000000000 2
1068 292 3 8192 2.000000000 2
1068 304 3 8192 2.000000000 2
1068 328 3 8192 2.000000000 2
1068 380 3 8192 2.000000000 2
1068 384 3 8192 2.000000000 2
1068 396 3 8192 2.000000000 2
1068 404 3 8192 2.000000000 2
1068 412 3 8192 2.000000000 2
1068 420 3 8192 2.000000000 2
1068 424 3 8192 2.000000000 2
1068 440 3 8192 2.000000000 2
1068 448 3 8192 2.000000000 2
1068 480 3 8192 2.000000000 2
1068 496 3 8192 2.000000000 2
1068 540 3 8192 2.000000000 2
1068 548 3 8192 2.000000000 2
1068 560 3 8192 2.000000000 2
1068 564 3 8192 2.000000000 2
1068 584 3 8192 2.000000000 2
1068 612 3 8192 2.000000000 2
1068 632 3 8192 2.000000000 2
1068 656 3 8192 2.000000000 2
1068 676 3 8192 2.000000000 2
1068 720 3 8192 2.000000000 2
1068 724 3 8192 2.000000000 2
1068 756 3 8192 2.000000000 2
1068 760 3 8192 2.000000000 2
1068 776 3 8192 2.000000000 2
1068 788 3 8192 2.000000000 2
1068 808 3 8192 2.000000000 2
1068 852 3 8192 2.000000000 2
1068 860 3 8192 2.000000000 2
1068 892 3 8192 2.000000000 2
1068 896 3 8192 2.000000000 2
1068 900 3 8192 2.000000000 2
1068 940 3 8192 2.000000000 2
1068 944 3 8192 2.000000000 2
1068 984 3 8192 2.000000000 2
1068 996 3 8192 2.000000000 2
1068 1008 3 8192 2.000000000 2
1068 1056 3 8192 2.000000000 2
1068 1132 3 8192 2.000000000 2
1068 1160 3 8192 2.000000000 2
1068 1168 3 8192 2.000000000 2
1068 1192 3 8192 2.000000000 2
1068 1196 3 8192 2.000000000 2
1068 1216 3 8192 2.000000000 2
1068 1220 3 8192 2.000000000 2
1068 1272 3 8192 2.000000000 2
1072 8 3 8192 2.000000000 2
1072 28 3 8192 2.000000000 2
1072 32 3 8192 2.000000000 2
1072 36 3 8192 2.000000000 2
1072 44 3 8192 2.000000000 2
1072 68 3 8192 2.000000000 2
1072 100 3 8192 2.000000000 2
1072 148 3 8192 2.000000000 2
1072 164 3 8192 2.000000000 2
1072 172 3 8192 2.000000000 2
1072 192 3 8192 2.000000000 2
1072 204 3 8192 2.000000000 2
1072 216 3 8192 2.000000000 2
1072 232 3 8192 2.000000000 2
1072 244 3 8192 2.000000000 2
1072 264 3 8192 2.000000000 2
1072 284 3 8192 2.000000000 2
1072 348 3 8192 2.000000000 2
1072 352 3 8192 2.000000000 2
1072 380 3 8192 2.000000000 2
1072 412 3 8192 2.000000000 2
1072 416 3 8192 2.000000000 2
1072 436 3 8192 2.000000000 2
1072 480 3 8192 2.000000000 2
1072 508 3 8192 2.000000000 2
1072 512 3 8192 2.000000000 2
1072 516 3 8192 2.000000000 2
1072 560 3 8192 2.000000000 2
1072 564 3 8192 2.000000000 2
1072 576 3 8192 2.000000000 2
1072 580 3 8192 2.000000000 2
1072 600 3 8192 2.000000000 2
1072 608 3 8192 2.000000000 2
1072 612 3 8192 2.000000000 2
1072 624 3 8192 2.000000000 2
1072 652 3 8192 2.000000000 2
1072 668 3 8192 2.000000000 2
1072 692 3 8192 2.000000000 2
1072 696 3 8192 2.000000000 2
1072 720 3 8192 2.000000000 2
1072 736 3 8192 2.000000000 2
1072 744 3 8192 2.000000000 2
1072 756 3 8192 2.000000000 2
1072 808 3 8192 2.000000000 2
1072 868 3 8192 2.000000000 2
1072 888 3 8192 2.000000000 2
1072 896 3 8192 2.000000000 2
1072 908 3 8192 2.000000000 2
1072 964 3 8192 2.000000000 2
1072 968 3 8192 2.000000000 2
1072 972 3 8192 2.000000000 2
1072 980 3 8192 2.000000000 2
1072 992 3 8192 2.000000000 2
1072 1020 3 8192 2.000000000 2
1072 1032 3 8192 2.000000000 2
1072 1040 3 8192 2.000000000 2
1072 1048 3 8192 2.000000000 2
1072 1080 3 8192 2.000000000 2
1072 1104 3 8192 2.000000000 2
1072 1120 3 8192 2.000000000 2
1072 1128 3 8192 2.000000000 2
1072 1184 3 8192 2.000000000 2
1072 1224 3 8192 2.000000000 2
1072 1248 3 8192 2.000000000 2
1076 8 3 8192 2.000000000 2
1076 36 3 8192 2.000000000 2
1076 64 3 8192 2.000000000 2
1076 168 3 8192 2.000000000 2
1076 184 3 8192 2.000000000 2
1076 188 3 8192 2.000000000 2
1076 216 3 8192 2.000000000 2
1076 224 3 8192 2.000000000 2
1076 228 3 8192 2.000000000 2
1076 268 3 8192 2.000000000 2
1076 276 3 8192 2.000000000 2
1076 288 3 8192 2.000000000 2
1076 292 3 8192 2.000000000 2
1076 300 3 8192 2.000000000 2
1076 316 3 8192 2.000000000 2
1076 384 3 8192 2.000000000 2
1076 404 3 8192 2.000000000 2
1076 420 3 8192 2.000000000 2
1076 424 3 8192 2.000000000 2
1076 444 3 8192 2.000000000 2
1076 472 3 8192 2.000000000 2
1076 476 3 8192 2.000000000 2
1076 484 3 8192 2.000000000 2
1076 496 3 8192 2.000000000 2
1076 520 3 8192 2.000000000 2
1076 584 3 8192 2.000000000 2
1076 596 3 8192 2.000000000 2
1076 624 3 8192 2.000000000 2
1076 632 3 8192 2.000000000 2
1076 652 3 8192 2.000000000 2
1076 656 3 8192 2.000000000 2
1076 668 3 8192 2.000000000 2
1076 700 3 8192 2.000000000 2
1076 736 3 8192 2.000000000 2
1076 748 3 8192 2.000000000 2
1076 776 3 8192 2.000000000 2
1076 836 3 8192 2.000000000 2
1076 840 3 8192 2.000000000 2
1076 856 3 8192 2.000000000 2
1076 888 3 8192 2.000000000 2
1076 904 3 8192 2.000000000 2
1076 920 3 8192 2.000000000 2
1076 940 3 8192 2.000000000 2
1076 964 3 8192 2.000000000 2
1076 968 3 8192 2.000000000 2
1076 988 3 8192 2.000000000 2
1076 996 3 8192 2.000000000 2
1076 1020 3 8192 2.000000000 2
1076 1048 3 8192 2.000000000 2
1076 1056 3 8192 2.000000000 2
1076 1068 3 8192 2.000000000 2
1076 1072 3 8192 2.000000000 2
1076 1084 3 8192 2.000000000 2
1076 1116 3 8192 2.000000000 2
1076 1132 3 8192 2.000000000 2
1076 1160 3 8192 2.000000000 2
1076 1172 3 8192 2.000000000 2
1076 1176 3 8192 2.000000000 2
1076 1184 3 8192 2.000000000 2
1076 1196 3 8192 2.000000000 2
1076 1208 3 8192 2.000000000 2
1076 1216 3 8192 2.000000000 2
1076 1256 3 8192 2.000000000 2
1076 1264 3 8192 2.000000000 2
1080 32 3 8192 2.000000000 2
1080 76 3 8192 2.000000000 2
1080 92 3 8192 2.000000000 2
1080 112 3 8192 2.000000000 2
1080 120 3 8192 2.000000000 2
1080 124 3 8192 2.000000000 2
1080 132 3 8192 2.000000000 2
1080 136 3 8192 2.000000000 2
1080 152 3 8192 2.000000000 2
1080 164 3 8192 2.000000000 2
1080 192 3 8192 2.000000000 2
1080 224 3 8192 2.000000000 2
1080 276 3 8192 2.000000000 2
1080 284 3 8192 2.000000000 2
1080 288 3 8192 2.000000000 2
1080 292 3 8192 2.000000000 2
1080 304 3 8192 2.000000000 2
1080 308 3 8192 2.000000000 2
1080 316 3 8192 2.000000000 2
1080 320 3 8192 2.000000000 2
1080 328 3 8192 2.000000000 2
1080 332 3 8192 2.000000000 2
1080 352 3 8192 2.000000000 2
1080 380 3 8192 2.000000000 2
1080 384 3 8192 2.000000000 2
1080 392 3 8192 2.000000000 2
1080 396 3 8192 2.000000000 2
1080 400 3 8192 2.000000000 2
1080 416 3 8192 2.000000000 2
1080 420 3 8192 2.000000000 2
1080 424 3 8192 2.000000000 2
1080 444 3 8192 2.000000000 2
1080 452 3 8192 2.000000000 2
1080 480 3 8192 2.000000000 2
1080 496 3 8192 2.000000000 2
1080 548 3 8192 2.000000000 2
1080 560 3 8192 2.000000000 2
1080 564 3 8192 2.000000000 2
1080 596 3 8192 2.000000000 2
1080 628 3 8192 2.000000000 2
1080 636 3 8192 2.000000000 2
1080 644 3 8192 2.000000000 2
1080 648 3 8192 2.000000000 2
1080 684 3 8192 2.000000000 2
1080 688 3 8192 2.000000000 2
1080 736 3 8192 2.000000000 2
1080 796 3 8192 2.000000000 2
1080 812 3 8192 2.000000000 2
1080 852 3 8192 2.000000000 2
1080 864 3 8192 2.000000000 2
1080 876 3 8192 2.000000000 2
1080 892 3 8192 2.000000000 2
1080 900 3 8192 2.000000000 2
1080 988 3 8192 2.000000000 2
1080 996 3 8192 2.000000000 2
1080 1024 3 8192 2.000000000 2
1080 1048 3 8192 2.000000000 2
1080 1112 3 8192 2.000000000 2
1080 1116 3 8192 2.000000000 2
1080 1132 3 8192 2.000000000 2
1080 1172 3 8192 2.000000000 2
1080 1176 3 8192 2.000000000 2
1080 1244 3 8192 2.000000000 2
1080 1272 3 8192 2.000000000 2
1084 8 3 8192 2.000000000 2
1084 44 3 8192 2.000000000 2
1084 92 3 8192 2.000000000 2
1084 100 3 8192 2.000000000 2
1084 104 3 8192 2.000000000 2
1084 108 3 8192 2.000000000 2
1084 124 3 8192 2.000000000 2
1084 168 3 8192 2.000000000 2
1084 228 3 8192 2.000000000 2
1084 232 3 8192 2.000000000 2
1084 272 3 8192 2.000000000 2
1084 284 3 8192 2.000000000 2
1084 288 3 8192 2.000000000 2
1084 316 3 8192 2.000000000 2
1084 320 3 8192 2.000000000 2
1084 344 3 8192 2.000000000 2
1084 348 3 8192 2.000000000 2
1084 352 3 8192 2.000000000 2
1084 376 3 8192 2.000000000 2
1084 404 3 8192 2.000000000 2
1084 416 3 8192 2.000000000 2
1084 428 3 8192 2.000000000 2
1084 436 3 8192 2.000000000 2
1084 468 3 8192 2.000000000 2
1084 472 3 8192 2.000000000 2
1084 484 3 8192 2.000000000 2
1084 564 3 8192 2.000000000 2
1084 580 3 8192 2.000000000 2
1084 608 3 8192 2.000000000 2
1084 616 3 8192 2.000000000 2
1084 644 3 8192 2.000000000 2
1084 656 3 8192 2.000000000 2
1084 688 3 8192 2.000000000 2
1084 696 3 8192 2.000000000 2
1084 704 3 8192 2.000000000 2
1084 716 3 8192 2.000000000 2
1084 724 3 8192 2.000000000 2
1084 732 3 8192 2.000000000 2
1084 744 3 8192 2.000000000 2
1084 748 3 8192 2.000000000 2
1084 756 3 8192 2.000000000 2
1084 760 3 8192 2.000000000 2
1084 808 3 8192 2.000000000 2
1084 848 3 8192 2.000000000 2
1084 888 3 8192 2.000000000 2
1084 892 3 8192 2.000000000 2
1084 904 3 8192 2.000000000 2
1084 908 3 8192 2.000000000 2
1084 964 3 8192 2.000000000 2
1084 972 3 8192 2.000000000 2
1084 980 3 8192 2.000000000 2
1084 1068 3 8192 2.000000000 2
1084 1076 3 8192 2.000000000 2
1084 1100 3 8192 2.000000000 2
1084 1120 3 8192 2.000000000 2
1084 1124 3 8192 2.000000000 2
1084 1132 3 8192 2.000000000 2
1084 1164 3 8192 2.000000000 2
1084 1172 3 8192 2.000000000 2
1084 1184 3 8192 2.000000000 2
1084 1192 3 8192 2.000000000 2
1084 1204 3 8192 2.000000000 2
1084 1220 3 8192 2.000000000 2
1084 1236 3 8192 2.000000000 2
1092 24 3 8192 2.000000000 2
1092 36 3 8192 2.000000000 2
1092 44 3 8192 2.000000000 2
1092 52 3 8192 2.000000000 2
1092 56 3 8192 2.000000000 2
1092 68 3 8192 2.000000000 2
1092 84 3 8192 2.000000000 2
1092 96 3 8192 2.000000000 2
1092 112 3 8192 2.000000000 2
1092 120 3 8192 2.000000000 2
1092 128 3 8192 2.000000000 2
1092 136 3 8192 2.000000000 2
1092 164 3 8192 2.000000000 2
1092 192 3 8192 2.000000000 2
1092 224 3 8192 2.000000000 2
1092 232 3 8192 2.000000000 2
1092 244 3 8192 2.000000000 2
1092 276 3 8192 2.000000000 2
1092 292 3 8192 2.000000000 2
1092 308 3 8192 2.000000000 2
1092 320 3 8192 2.000000000 2
1092 336 3 8192 2.000000000 2
1092 344 3 8192 2.000000000 2
1092 404 3 8192 2.000000000 2
1092 436 3 8192 2.000000000 2
1092 468 3 8192 2.000000000 2
1092 476 3 8192 2.000000000 2
1092 484 3 8192 2.000000000 2
1092 512 3 8192 2.000000000 2
1092 544 3 8192 2.000000000 2
1092 548 3 8192 2.000000000 2
1092 564 3 8192 2.000000000 2
1092 596 3 8192 2.000000000 2
1092 636 3 8192 2.000000000 2
1092 656 3 8192 2.000000000 2
1092 688 3 8192 2.000000000 2
1092 692 3 8192 2.000000000 2
1092 720 3 8192 2.000000000 2
1092 732 3 8192 2.000000000 2
1092 744 3 8192 2.000000000 2
1092 752 3 8192 2.000000000 2
1092 768 3 8192 2.000000000 2
1092 776 3 8192 2.000000000 2
1092 784 3 8192 2.000000000 2
1092 788 3 8192 2.000000000 2
1092 808 3 8192 2.000000000 2
1092 852 3 8192 2.000000000 2
1092 860 3 8192 2.000000000 2
1092 888 3 8192 2.000000000 2
1092 900 3 8192 2.000000000 2
1092 932 3 8192 2.000000000 2
1092 952 3 8192 2.000000000 2
1092 988 3 8192 2.000000000 2
1092 1052 3 8192 2.000000000 2
1092 1072 3 8192 2.000000000 2
1092 1108 3 8192 2.000000000 2
1092 1112 3 8192 2.000000000 2
1092 1132 3 8192 2.000000000 2
1092 1192 3 8192 2.000000000 2
1092 1196 3 8192 2.000000000 2
1092 1208 3 8192 2.000000000 2
1092 1212 3 8192 2.000000000 2
1092 1224 3 8192 2.000000000 2
1092 1272 3 8192 2.000000000 2
1100 20 3 8192 2.000000000 2
1100 24 3 8192 2.000000000 2
1100 48 3 8192 2.000000000 2
1100 64 3 8192 2.000000000 2
1100 72 3 8192 2.000000000 2
1100 84 3 8192 2.000000000 2
1100 92 3 8192 2.000000000 2
1100 104 3 8192 2.000000000 2
1100 112 3 8192 2.000000000 2
1100 172 3 8192 2.000000000 2
1100 204 3 8192 2.000000000 2
1100 208 3 8192 2.000000000 2
1100 232 3 8192 2.000000000 2
1100 268 3 8192 2.000000000 2
1100 272 3 8192 2.000000000 2
1100 280 3 8192 2.000000000 2
1100 288 3 8192 2.000000000 2
1100 308 3 8192 2.000000000 2
1100 328 3 8192 2.000000000 2
1100 336 3 8192 2.000000000 2
1100 352 3 8192 2.000000000 2
1100 364 3 8192 2.000000000 2
1100 400 3 8192 2.000000000 2
1100 416 3 8192 2.000000000 2
1100 436 3 8192 2.000000000 2
1100 460 3 8192 2.000000000 2
1100 472 3 8192 2.000000000 2
1100 480 3 8192 2.000000000 2
1100 528 3 8192 2.000000000 2
1100 536 3 8192 2.000000000 2
1100 544 3 8192 2.000000000 2
1100 556 3 8192 2.000000000 2
1100 584 3 8192 2.000000000 2
1100 592 3 8192 2.000000000 2
1100 600 3 8192 2.000000000 2
1100 608 3 8192 2.000000000 2
1100 616 3 8192 2.000000000 2
1100 644 3 8192 2.000000000 2
1100 664 3 8192 2.000000000 2
1100 692 3 8192 2.000000000 2
1100 708 3 8192 2.000000000 2
1100 720 3 8192 2.000000000 2
1100 744 3 8192 2.000000000 2
1100 748 3 8192 2.000000000 2
1100 784 3 8192 2.000000000 2
1100 796 3 8192 2.000000000 2
1100 848 3 8192 2.000000000 2
1100 856 3 8192 2.000000000 2
1100 864 3 8192 2.000000000 2
1100 888 3 8192 2.000000000 2
1100 900 3 8192 2.000000000 2
1100 936 3 8192 2.000000000 2
1100 944 3 8192 2.000000000 2
1100 992 3 8192 2.000000000 2
1100 1008 3 8192 2.000000000 2
1100 1040 3 8192 2.000000000 2
1100 1052 3 8192 2.000000000 2
1100 1072 3 8192 2.000000000 2
1100 1092 3 8192 2.000000000 2
1100 1132 3 8192 2.000000000 2
1100 1172 3 8192 2.000000000 2
1100 1184 3 8192 2.000000000 2
1100 1200 3 8192 2.000000000 2
1100 1220 3 8192 2.000000000 2
1104 8 3 8192 2.000000000 2
1104 16 3 8192 2.000000000 2
1104 20 3 8192 2.000000000 2
1104 40 3 8192 2.000000000 2
1104 76 3 8192 2.000000000 2
1104 124 3 8192 2.000000000 2
1104 132 3 8192 2.000000000 2
1104 172 3 8192 2.000000000 2
1104 196 3 8192 2.000000000 2
1104 208 3 8192 2.000000000 2
1104 232 3 8192 2.000000000 2
1104 236 3 8192 2.000000000 2
1104 244 3 8192 2.000000000 2
1104 264 3 8192 2.000000000 2
1104 288 3 8192 2.000000000 2
1104 292 3 8192 2.000000000 2
1104 296 3 8192 2.000000000 2
1104 348 3 8192 2.000000000 2
1104 352 3 8192 2.000000000 2
1104 364 3 8192 2.000000000 2
1104 376 3 8192 2.000000000 2
1104 388 3 8192 2.000000000 2
1104 412 3 8192 2.000000000 2
1104 420 3 8192 2.000000000 2
1104 428 3 8192 2.000000000 2
1104 444 3 8192 2.000000000 2
1104 480 3 8192 2.000000000 2
1104 512 3 8192 2.000000000 2
1104 516 3 8192 2.000000000 2
1104 520 3 8192 2.000000000 2
1104 536 3 8192 2.000000000 2
1104 540 3 8192 2.000000000 2
1104 556 3 8192 2.000000000 2
1104 628 3 8192 2.000000000 2
1104 632 3 8192 2.000000000 2
1104 660 3 8192 2.000000000 2
1104 676 3 8192 2.000000000 2
1104 688 3 8192 2.000000000 2
1104 716 3 8192 2.000000000 2
1104 732 3 8192 2.000000000 2
1104 744 3 8192 2.000000000 2
1104 748 3 8192 2.000000000 2
1104 760 3 8192 2.000000000 2
1104 796 3 8192 2.000000000 2
1104 808 3 8192 2.000000000 2
1104 840 3 8192 2.000000000 2
1104 876 3 8192 2.000000000 2
1104 896 3 8192 2.000000000 2
1104 936 3 8192 2.000000000 2
1104 952 3 8192 2.000000000 2
1104 992 3 8192 2.000000000 2
1104 1012 3 8192 2.000000000 2
1104 1032 3 8192 2.000000000 2
1104 1036 3 8192 2.000000000 2
1104 1052 3 8192 2.000000000 2
1104 1056 3 8192 2.000000000 2
1104 1084 3 8192 2.000000000 2
1104 1108 3 8192 2.000000000 2
1104 1120 3 8192 2.000000000 2
1104 1136 3 8192 2.000000000 2
1104 1200 3 8192 2.000000000 2
1104 1216 3 8192 2.000000000 2
1104 1220 3 8192 2.000000000 2
1104 1236 3 8192 2.000000000 2
1108 12 3 8192 2.000000000 2
1108 72 3 8192 2.000000000 2
1108 76 3 8192 2.000000000 2
1108 100 3 8192 2.000000000 2
1108 112 3 8192 2.000000000 2
1108 116 3 8192 2.000000000 2
1108 168 3 8192 2.000000000 2
1108 180 3 8192 2.000000000 2
1108 204 3 8192 2.000000000 2
1108 220 3 8192 2.000000000 2
1108 236 3 8192 2.000000000 2
1108 268 3 8192 2.000000000 2
1108 276 3 8192 2.000000000 2
1108 344 3 8192 2.000000000 2
1108 356 3 8192 2.000000000 2
1108 372 3 8192 2.000000000 2
1108 380 3 8192 2.000000000 2
1108 400 3 8192 2.000000000 2
1108 416 3 8192 2.000000000 2
1108 420 3 8192 2.000000000 2
1108 424 3 8192 2.000000000 2
1108 476 3 8192 2.000000000 2
1108 480 3 8192 2.000000000 2
1108 500 3 8192 2.000000000 2
1108 508 3 8192 2.000000000 2
1108 512 3 8192 2.000000000 2
1108 516 3 8192 2.000000000 2
1108 528 3 8192 2.000000000 2
1108 548 3 8192 2.000000000 2
1108 576 3 8192 2.000000000 2
1108 584 3 8192 2.000000000 2
1108 744 3 8192 2.000000000 2
1108 764 3 8192 2.000000000 2
1108 784 3 8192 2.000000000 2
1108 788 3 8192 2.000000000 2
1108 812 3 8192 2.000000000 2
1108 864 3 8192 2.000000000 2
1108 880 3 8192 2.000000000 2
1108 888 3 8192 2.000000000 2
1108 900 3 8192 2.000000000 2
1108 964 3 8192 2.000000000 2
1108 968 3 8192 2.000000000 2
1108 992 3 8192 2.000000000 2
1108 996 3 8192 2.000000000 2
1108 1008 3 8192 2.000000000 2
1108 1012 3 8192 2.000000000 2
1108 1020 3 8192 2.000000000 2
1108 1036 3 8192 2.000000000 2
1108 1048 3 8192 2.000000000 2
1108 1076 3 8192 2.000000000 2
1108 1124 3 8192 2.000000000 2
1108 1132 3 8192 2.000000000 2
1108 1148 3 8192 2.000000000 2
1108 1160 3 8192 2.000000000 2
1108 1164 3 8192 2.000000000 2
1108 1168 3 8192 2.000000000 2
1108 1176 3 8192 2.000000000 2
1108 1180 3 8192 2.000000000 2
1108 1196 3 8192 2.000000000 2
1108 1220 3 8192 2.000000000 2
1108 1224 3 8192 2.000000000 2
1108 1228 3 8192 2.000000000 2
1108 1248 3 8192 2.000000000 2
1108 1272 3 8192 2.000000000 2
1112 4 3 8192 2.000000000 2
1112 12 3 8192 2.000000000 2
1112 36 3 8192 2.000000000 2
1112 40 3 8192 2.000000000 2
1112 72 3 8192 2.000000000 2
1112 76 3 8192 2.000000000 2
1112 88 3 8192 2.000000000 2
1112 92 3 8192 2.000000000 2
1112 124 3 8192 2.000000000 2
1112 128 3 8192 2.000000000 2
1112 132 3 8192 2.000000000 2
1112 136 3 8192 2.000000000 2
1112 188 3 8192 2.000000000 2
1112 220 3 8192 2.000000000 2
1112 264 3 8192 2.000000000 2
1112 268 3 8192 2.000000000 2
1112 300 3 8192 2.000000000 2
1112 348 3 8192 2.000000000 2
1112 352 3 8192 2.000000000 2
1112 356 3 8192 2.000000000 2
1112 360 3 8192 2.000000000 2
1112 396 3 8192 2.000000000 2
1112 416 3 8192 2.000000000 2
1112 424 3 8192 2.000000000 2
1112 560 3 8192 2.000000000 2
1112 564 3 8192 2.000000000 2
1112 580 3 8192 2.000000000 2
1112 608 3 8192 2.000000000 2
1112 632 3 8192 2.000000000 2
1112 636 3 8192 2.000000000 2
1112 644 3 8192 2.000000000 2
1112 656 3 8192 2.000000000 2
1112 684 3 8192 2.000000000 2
1112 696 3 8192 2.000000000 2
1112 704 3 8192 2.000000000 2
1112 712 3 8192 2.000000000 2
1112 716 3 8192 2.000000000 2
1112 732 3 8192 2.000000000 2
1112 736 3 8192 2.000000000 2
1112 744 3 8192 2.000000000 2
1112 748 3 8192 2.000000000 2
1112 752 3 8192 2.000000000 2
1112 756 3 8192 2.000000000 2
1112 788 3 8192 2.000000000 2
1112 808 3 8192 2.000000000 2
1112 816 3 8192 2.000000000 2
1112 836 3 8192 2.000000000 2
1112 888 3 8192 2.000000000 2
1112 892 3 8192 2.000000000 2
1112 920 3 8192 2.000000000 2
1112 964 3 8192 2.000000000 2
1112 1024 3 8192 2.000000000 2
1112 1048 3 8192 2.000000000 2
1112 1052 3 8192 2.000000000 2
1112 1076 3 8192 2.000000000 2
1112 1092 3 8192 2.000000000 2
1112 1116 3 8192 2.000000000 2
1112 1132 3 8192 2.000000000 2
1112 1136 3 8192 2.000000000 2
1112 1192 3 8192 2.000000000 2
1112 1208 3 8192 2.000000000 2
1112 1220 3 8192 2.000000000 2
1112 1228 3 8192 2.000000000 2
1112 1236 3 8192 2.000000000 2
1116 32 3 8192 2.000000000 2
1116 72 3 8192 2.000000000 2
1116 76 3 8192 2.000000000 2
1116 92 3 8192 2.000000000 2
1116 104 3 8192 2.000000000 2
1116 124 3 8192 2.000000000 2
1116 132 3 8192 2.000000000 2
1116 176 3 8192 2.000000000 2
1116 180 3 8192 2.000000000 2
1116 196 3 8192 2.000000000 2
1116 204 3 8192 2.000000000 2
1116 208 3 8192 2.000000000 2
1116 216 3 8192 2.000000000 2
1116 220 3 8192 2.000000000 2
1116 232 3 8192 2.000000000 2
1116 236 3 8192 2.000000000 2
1116 264 3 8192 2.000000000 2
1116 304 3 8192 2.000000000 2
1116 312 3 8192 2.000000000 2
1116 348 3 8192 2.000000000 2
1116 352 3 8192 2.000000000 2
1116 360 3 8192 2.000000000 2
1116 364 3 8192 2.000000000 2
1116 372 3 8192 2.000000000 2
1116 376 3 8192 2.000000000 2
1116 412 3 8192 2.000000000 2
1116 416 3 8192 2.000000000 2
1116 420 3 8192 2.000000000 2
1116 444 3 8192 2.000000000 2
1116 472 3 8192 2.000000000 2
1116 480 3 8192 2.000000000 2
1116 524 3 8192 2.000000000 2
1116 536 3 8192 2.000000000 2
1116 628 3 8192 2.000000000 2
1116 648 3 8192 2.000000000 2
1116 664 3 8192 2.000000000 2
1116 668 3 8192 2.000000000 2
1116 676 3 8192 2.000000000 2
1116 684 3 8192 2.000000000 2
1116 696 3 8192 2.000000000 2
1116 704 3 8192 2.000000000 2
1116 708 3 8192 2.000000000 2
1116 712 3 8192 2.000000000 2
1116 728 3 8192 2.000000000 2
1116 732 3 8192 2.000000000 2
1116 748 3 8192 2.000000000 2
1116 792 3 8192 2.000000000 2
1116 796 3 8192 2.000000000 2
1116 892 3 8192 2.000000000 2
1116 896 3 8192 2.000000000 2
1116 920 3 8192 2.000000000 2
1116 944 3 8192 2.000000000 2
1116 972 3 8192 2.000000000 2
1116 1020 3 8192 2.000000000 2
1116 1080 3 8192 2.000000000 2
1116 1100 3 8192 2.000000000 2
1116 1104 3 8192 2.000000000 2
1116 1128 3 8192 2.000000000 2
1116 1160 3 8192 2.000000000 2
1116 1172 3 8192 2.000000000 2
1116 1192 3 8192 2.000000000 2
1116 1200 3 8192 2.000000000 2
1116 1236 3 8192 2.000000000 2
1116 1248 3 8192 2.000000000 2
1120 8 3 8192 2.000000000 2
1120 24 3 8192 2.000000000 2
1120 36 3 8192 2.000000000 2
1120 48 3 8192 2.000000000 2
1120 52 3 8192 2.000000000 2
1120 56 3 8192 2.000000000 2
1120 104 3 8192 2.000000000 2
1120 108 3 8192 2.000000000 2
1120 132 3 8192 2.000000000 2
1120 136 3 8192 2.000000000 2
1120 148 3 8192 2.000000000 2
1120 152 3 8192 2.000000000 2
1120 164 3 8192 2.000000000 2
1120 172 3 8192 2.000000000 2
1120 176 3 8192 2.000000000 2
1120 204 3 8192 2.000000000 2
1120 208 3 8192 2.000000000 2
1120 216 3 8192 2.000000000 2
1120 220 3 8192 2.000000000 2
1120 224 3 8192 2.000000000 2
1120 252 3 8192 2.000000000 2
1120 284 3 8192 2.000000000 2
1120 292 3 8192 2.000000000 2
1120 300 3 8192 2.000000000 2
1120 308 3 8192 2.000000000 2
1120 332 3 8192 2.000000000 2
1120 356 3 8192 2.000000000 2
1120 364 3 8192 2.000000000 2
1120 392 3 8192 2.000000000 2
1120 396 3 8192 2.000000000 2
1120 440 3 8192 2.000000000 2
1120 444 3 8192 2.000000000 2
1120 468 3 8192 2.000000000 2
1120 500 3 8192 2.000000000 2
1120 512 3 8192 2.000000000 2
1120 516 3 8192 2.000000000 2
1120 528 3 8192 2.000000000 2
1120 576 3 8192 2.000000000 2
1120 584 3 8192 2.000000000 2
1120 592 3 8192 2.000000000 2
1120 624 3 8192 2.000000000 2
1120 628 3 8192 2.000000000 2
1120 644 3 8192 2.000000000 2
1120 664 3 8192 2.000000000 2
1120 688 3 8192 2.000000000 2
1120 700 3 8192 2.000000000 2
1120 704 3 8192 2.000000000 2
1120 724 3 8192 2.000000000 2
1120 848 3 8192 2.000000000 2
1120 860 3 8192 2.000000000 2
1120 896 3 8192 2.000000000 2
1120 900 3 8192 2.000000000 2
1120 908 3 8192 2.000000000 2
1120 944 3 8192 2.000000000 2
1120 964 3 8192 2.000000000 2
1120 996 3 8192 2.000000000 2
1120 1052 3 8192 2.000000000 2
1120 1072 3 8192 2.000000000 2
1120 1076 3 8192 2.000000000 2
1120 1080 3 8192 2.000000000 2
1120 1136 3 8192 2.000000000 2
1120 1176 3 8192 2.000000000 2
1120 1196 3 8192 2.000000000 2
1120 1272 3 8192 2.000000000 2
1124 24 3 8192 2.000000000 2
1124 28 3 8192 2.000000000 2
1124 40 3 8192 2.000000000 2
1124 56 3 8192 2.000000000 2
1124 64 3 8192 2.000000000 2
1124 72 3 8192 2.000000000 2
1124 108 3 8192 2.000000000 2
1124 112 3 8192 2.000000000 2
1124 116 3 8192 2.000000000 2
1124 136 3 8192 2.000000000 2
1124 164 3 8192 2.000000000 2
1124 180 3 8192 2.000000000 2
1124 196 3 8192 2.000000000 2
1124 208 3 8192 2.000000000 2
1124 224 3 8192 2.000000000 2
1124 232 3 8192 2.000000000 2
1124 240 3 8192 2.000000000 2
1124 248 3 8192 2.000000000 2
1124 264 3 8192 2.000000000 2
1124 284 3 8192 2.000000000 2
1124 296 3 8192 2.000000000 2
1124 320 3 8192 2.000000000 2
1124 332 3 8192 2.000000000 2
1124 344 3 8192 2.000000000 2
1124 384 3 8192 2.000000000 2
1124 392 3 8192 2.000000000 2
1124 440 3 8192 2.000000000 2
1124 460 3 8192 2.000000000 2
1124 500 3 8192 2.000000000 2
1124 516 3 8192 2.000000000 2
1124 520 3 8192 2.000000000 2
1124 544 3 8192 2.000000000 2
1124 580 3 8192 2.000000000 2
1124 608 3 8192 2.000000000 2
1124 644 3 8192 2.000000000 2
1124 688 3 8192 2.000000000 2
1124 696 3 8192 2.000000000 2
1124 724 3 8192 2.000000000 2
1124 744 3 8192 2.000000000 2
1124 752 3 8192 2.000000000 2
1124 808 3 8192 2.000000000 2
1124 840 3 8192 2.000000000 2
1124 856 3 8192 2.000000000 2
1124 860 3 8192 2.000000000 2
1124 864 3 8192 2.000000000 2
1124 888 3 8192 2.000000000 2
1124 892 3 8192 2.000000000 2
1124 900 3 8192 2.000000000 2
1124 972 3 8192 2.000000000 2
1124 980 3 8192 2.000000000 2
1124 1020 3 8192 2.000000000 2
1124 1044 3 8192 2.000000000 2
1124 1048 3 8192 2.000000000 2
1124 1052 3 8192 2.000000000 2
1124 1072 3 8192 2.000000000 2
1124 1104 3 8192 2.000000000 2
1124 1112 3 8192 2.000000000 2
1124 1132 3 8192 2.000000000 2
1124 1156 3 8192 2.000000000 2
1124 1180 3 8192 2.000000000 2
1124 1200 3 8192 2.000000000 2
1124 1216 3 8192 2.000000000 2
1124 1248 3 8192 2.000000000 2
1124 1256 3 8192 2.000000000 2
1128 4 3 8192 2.000000000 2
1128 8 3 8192 2.000000000 2
1128 12 3 8192 2.000000000 2
1128 16 3 8192 2.000000000 2
1128 32 3 8192 2.000000000 2
1128 48 3 8192 2.000000000 2
1128 88 3 8192 2.000000000 2
1128 92 3 8192 2.000000000 2
1128 96 3 8192 2.000000000 2
1128 104 3 8192 2.000000000 2
1128 112 3 8192 2.000000000 2
1128 116 3 8192 2.000000000 2
1128 128 3 8192 2.000000000 2
1128 168 3 8192 2.000000000 2
1128 248 3 8192 2.000000000 2
1128 252 3 8192 2.000000000 2
1128 260 3 8192 2.000000000 2
1128 268 3 8192 2.000000000 2
1128 280 3 8192 2.000000000 2
1128 284 3 8192 2.000000000 2
1128 292 3 8192 2.000000000 2
1128 304 3 8192 2.000000000 2
1128 320 3 8192 2.000000000 2
1128 332 3 8192 2.000000000 2
1128 364 3 8192 2.000000000 2
1128 372 3 8192 2.000000000 2
1128 396 3 8192 2.000000000 2
1128 412 3 8192 2.000000000 2
1128 452 3 8192 2.000000000 2
1128 460 3 8192 2.000000000 2
1128 472 3 8192 2.000000000 2
1128 496 3 8192 2.000000000 2
1128 544 3 8192 2.000000000 2
1128 560 3 8192 2.000000000 2
1128 632 3 8192 2.000000000 2
1128 644 3 8192 2.000000000 2
1128 648 3 8192 2.000000000 2
1128 652 3 8192 2.000000000 2
1128 696 3 8192 2.000000000 2
1128 704 3 8192 2.000000000 2
1128 728 3 8192 2.000000000 2
1128 736 3 8192 2.000000000 2
1128 784 3 8192 2.000000000 2
1128 788 3 8192 2.000000000 2
1128 808 3 8192 2.000000000 2
1128 836 3 8192 2.000000000 2
1128 848 3 8192 2.000000000 2
1128 868 3 8192 2.000000000 2
1128 896 3 8192 2.000000000 2
1128 900 3 8192 2.000000000 2
1128 940 3 8192 2.000000000 2
1128 948 3 8192 2.000000000 2
1128 1008 3 8192 2.000000000 2
1128 1080 3 8192 2.000000000 2
1128 1092 3 8192 2.000000000 2
1128 1112 3 8192 2.000000000 2
1128 1116 3 8192 2.000000000 2
1128 1120 3 8192 2.000000000 2
1128 1136 3 8192 2.000000000 2
1128 1168 3 8192 2.000000000 2
1128 1172 3 8192 2.000000000 2
1128 1212 3 8192 2.000000000 2
1128 1216 3 8192 2.000000000 2
1128 1264 3 8192 2.000000000 2
1132 52 3 8192 2.000000000 2
1132 56 3 8192 2.000000000 2
1132 100 3 8192 2.000000000 2
1132 104 3 8192 2.000000000 2
1132 112 3 8192 2.000000000 2
1132 164 3 8192 2.000000000 2
1132 180 3 8192 2.000000000 2
1132 184 3 8192 2.000000000 2
1132 188 3 8192 2.000000000 2
1132 192 3 8192 2.000000000 2
1132 204 3 8192 2.000000000 2
1132 244 3 8192 2.000000000 2
1132 264 3 8192 2.000000000 2
1132 284 3 8192 2.000000000 2
1132 292 3 8192 2.000000000 2
1132 300 3 8192 2.000000000 2
1132 336 3 8192 2.000000000 2
1132 348 3 8192 2.000000000 2
1132 356 3 8192 2.000000000 2
1132 376 3 8192 2.000000000 2
1132 380 3 8192 2.000000000 2
1132 448 3 8192 2.000000000 2
1132 484 3 8192 2.000000000 2
1132 496 3 8192 2.000000000 2
1132 508 3 8192 2.000000000 2
1132 516 3 8192 2.000000000 2
1132 536 3 8192 2.000000000 2
1132 544 3 8192 2.000000000 2
1132 580 3 8192 2.000000000 2
1132 596 3 8192 2.000000000 2
1132 600 3 8192 2.000000000 2
1132 608 3 8192 2.000000000 2
1132 644 3 8192 2.000000000 2
1132 660 3 8192 2.000000000 2
1132 716 3 8192 2.000000000 2
1132 756 3 8192 2.000000000 2
1132 764 3 8192 2.000000000 2
1132 816 3 8192 2.000000000 2
1132 840 3 8192 2.000000000 2
1132 848 3 8192 2.000000000 2
1132 852 3 8192 2.000000000 2
1132 864 3 8192 2.000000000 2
1132 868 3 8192 2.000000000 2
1132 880 3 8192 2.000000000 2
1132 900 3 8192 2.000000000 2
1132 908 3 8192 2.000000000 2
1132 948 3 8192 2.000000000 2
1132 968 3 8192 2.000000000 2
1132 984 3 8192 2.000000000 2
1132 988 3 8192 2.000000000 2
1132 1020 3 8192 2.000000000 2
1132 1032 3 8192 2.000000000 2
1132 1036 3 8192 2.000000000 2
1132 1072 3 8192 2.000000000 2
1132 1112 3 8192 2.000000000 2
1132 1124 3 8192 2.000000000 2
1132 1148 3 8192 2.000000000 2
1132 1164 3 8192 2.000000000 2
1132 1168 3 8192 2.000000000 2
1132 1172 3 8192 2.000000000 2
1132 1196 3 8192 2.000000000 2
1132 1208 3 8192 2.000000000 2
1132 1216 3 8192 2.000000000 2
1132 1228 3 8192 2.000000000 2
1136 12 3 8192 2.000000000 2
1136 28 3 8192 2.000000000 2
1136 52 3 8192 2.000000000 2
1136 56 3 8192 2.000000000 2
1136 64 3 8192 2.000000000 2
1136 76 3 8192 2.000000000 2
1136 88 3 8192 2.000000000 2
1136 92 3 8192 2.000000000 2
1136 152 3 8192 2.000000000 2
1136 164 3 8192 2.000000000 2
1136 192 3 8192 2.000000000 2
1136 196 3 8192 2.000000000 2
1136 208 3 8192 2.000000000 2
1136 216 3 8192 2.000000000 2
1136 264 3 8192 2.000000000 2
1136 276 3 8192 2.000000000 2
1136 300 3 8192 2.000000000 2
1136 332 3 8192 2.000000000 2
1136 336 3 8192 2.000000000 2
1136 352 3 8192 2.000000000 2
1136 364 3 8192 2.000000000 2
1136 380 3 8192 2.000000000 2
1136 404 3 8192 2.000000000 2
1136 520 3 8192 2.000000000 2
1136 524 3 8192 2.000000000 2
1136 556 3 8192 2.000000000 2
1136 576 3 8192 2.000000000 2
1136 584 3 8192 2.000000000 2
1136 596 3 8192 2.000000000 2
1136 628 3 8192 2.000000000 2
1136 676 3 8192 2.000000000 2
1136 684 3 8192 2.000000000 2
1136 688 3 8192 2.000000000 2
1136 732 3 8192 2.000000000 2
1136 760 3 8192 2.000000000 2
1136 788 3 8192 2.000000000 2
1136 792 3 8192 2.000000000 2
1136 864 3 8192 2.000000000 2
1136 888 3 8192 2.000000000 2
1136 892 3 8192 2.000000000 2
1136 896 3 8192 2.000000000 2
1136 964 3 8192 2.000000000 2
1136 968 3 8192 2.000000000 2
1136 984 3 8192 2.000000000 2
1136 996 3 8192 2.000000000 2
1136 1032 3 8192 2.000000000 2
1136 1036 3 8192 2.000000000 2
1136 1040 3 8192 2.000000000 2
1136 1048 3 8192 2.000000000 2
1136 1052 3 8192 2.000000000 2
1136 1068 3 8192 2.000000000 2
1136 1080 3 8192 2.000000000 2
1136 1100 3 8192 2.000000000 2
1136 1116 3 8192 2.000000000 2
1136 1120 3 8192 2.000000000 2
1136 1124 3 8192 2.000000000 2
1136 1148 3 8192 2.000000000 2
1136 1164 3 8192 2.000000000 2
1136 1172 3 8192 2.000000000 2
1136 1184 3 8192 2.000000000 2
1136 1212 3 8192 2.000000000 2
1136 1228 3 8192 2.000000000 2
1136 1236 3 8192 2.000000000 2
1136 1244 3 8192 2.000000000 2
1148 8 3 8192 2.000000000 2
1148 28 3 8192 2.000000000 2
1148 44 3 8192 2.000000000 2
1148 52 3 8192 2.000000000 2
1148 128 3 8192 2.000000000 2
1148 136 3 8192 2.000000000 2
1148 152 3 8192 2.000000000 2
1148 176 3 8192 2.000000000 2
1148 208 3 8192 2.000000000 2
1148 216 3 8192 2.000000000 2
1148 224 3 8192 2.000000000 2
1148 228 3 8192 2.000000000 2
1148 240 3 8192 2.000000000 2
1148 264 3 8192 2.000000000 2
1148 296 3 8192 2.000000000 2
1148 328 3 8192 2.000000000 2
1148 344 3 8192 2.000000000 2
1148 352 3 8192 2.000000000 2
1148 356 3 8192 2.000000000 2
1148 372 3 8192 2.000000000 2
1148 376 3 8192 2.000000000 2
1148 388 3 8192 2.000000000 2
1148 416 3 8192 2.000000000 2
1148 428 3 8192 2.000000000 2
1148 436 3 8192 2.000000000 2
1148 484 3 8192 2.000000000 2
1148 520 3 8192 2.000000000 2
1148 528 3 8192 2.000000000 2
1148 564 3 8192 2.000000000 2
1148 600 3 8192 2.000000000 2
1148 608 3 8192 2.000000000 2
1148 636 3 8192 2.000000000 2
1148 664 3 8192 2.000000000 2
1148 684 3 8192 2.000000000 2
1148 688 3 8192 2.000000000 2
1148 692 3 8192 2.000000000 2
1148 696 3 8192 2.000000000 2
1148 700 3 8192 2.000000000 2
1148 704 3 8192 2.000000000 2
1148 712 3 8192 2.000000000 2
1148 728 3 8192 2.000000000 2
1148 736 3 8192 2.000000000 2
1148 744 3 8192 2.000000000 2
1148 760 3 8192 2.000000000 2
1148 784 3 8192 2.000000000 2
1148 788 3 8192 2.000000000 2
1148 816 3 8192 2.000000000 2
1148 856 3 8192 2.000000000 2
1148 864 3 8192 2.000000000 2
1148 900 3 8192 2.000000000 2
1148 920 3 8192 2.000000000 2
1148 932 3 8192 2.000000000 2
1148 996 3 8192 2.000000000 2
1148 1008 3 8192 2.000000000 2
1148 1020 3 8192 2.000000000 2
1148 1040 3 8192 2.000000000 2
1148 1056 3 8192 2.000000000 2
1148 1100 3 8192 2.000000000 2
1148 1136 3 8192 2.000000000 2
1148 1168 3 8192 2.000000000 2
1148 1172 3 8192 2.000000000 2
1148 1184 3 8192 2.000000000 2
1148 1196 3 8192 2.000000000 2
1148 1216 3 8192 2.000000000 2
1156 24 3 8192 2.000000000 2
1156 28 3 8192 2.000000000 2
1156 52 3 8192 2.000000000 2
1156 64 3 8192 2.000000000 2
1156 76 3 8192 2.000000000 2
1156 88 3 8192 2.000000000 2
1156 112 3 8192 2.000000000 2
1156 132 3 8192 2.000000000 2
1156 136 3 8192 2.000000000 2
1156 152 3 8192 2.000000000 2
1156 156 3 8192 2.000000000 2
1156 188 3 8192 2.000000000 2
1156 204 3 8192 2.000000000 2
1156 224 3 8192 2.000000000 2
1156 232 3 8192 2.000000000 2
1156 248 3 8192 2.000000000 2
1156 260 3 8192 2.000000000 2
1156 280 3 8192 2.000000000 2
1156 284 3 8192 2.000000000 2
1156 304 3 8192 2.000000000 2
1156 316 3 8192 2.000000000 2
1156 332 3 8192 2.000000000 2
1156 336 3 8192 2.000000000 2
1156 356 3 8192 2.000000000 2
1156 360 3 8192 2.000000000 2
1156 376 3 8192 2.000000000 2
1156 404 3 8192 2.000000000 2
1156 416 3 8192 2.000000000 2
1156 444 3 8192 2.000000000 2
1156 448 3 8192 2.000000000 2
1156 452 3 8192 2.000000000 2
1156 468 3 8192 2.000000000 2
1156 472 3 8192 2.000000000 2
1156 480 3 8192 2.000000000 2
1156 524 3 8192 2.000000000 2
1156 560 3 8192 2.000000000 2
1156 564 3 8192 2.000000000 2
1156 584 3 8192 2.000000000 2
1156 608 3 8192 2.000000000 2
1156 624 3 8192 2.000000000 2
1156 648 3 8192 2.000000000 2
1156 660 3 8192 2.000000000 2
1156 700 3 8192 2.000000000 2
1156 708 3 8192 2.000000000 2
1156 736 3 8192 2.000000000 2
1156 752 3 8192 2.000000000 2
1156 784 3 8192 2.000000000 2
1156 796 3 8192 2.000000000 2
1156 812 3 8192 2.000000000 2
1156 836 3 8192 2.000000000 2
1156 860 3 8192 2.000000000 2
1156 900 3 8192 2.000000000 2
1156 936 3 8192 2.000000000 2
1156 968 3 8192 2.000000000 2
1156 980 3 8192 2.000000000 2
1156 1044 3 8192 2.000000000 2
1156 1048 3 8192 2.000000000 2
1156 1072 3 8192 2.000000000 2
1156 1112 3 8192 2.000000000 2
1156 1180 3 8192 2.000000000 2
1156 1216 3 8192 2.000000000 2
1156 1228 3 8192 2.000000000 2
1156 1248 3 8192 2.000000000 2
1156 1256 3 8192 2.000000000 2
1160 4 3 8192 2.000000000 2
1160 12 3 8192 2.000000000 2
1160 36 3 8192 2.000000000 2
1160 56 3 8192 2.000000000 2
1160 64 3 8192 2.000000000 2
1160 76 3 8192 2.000000000 2
1160 84 3 8192 2.000000000 2
1160 100 3 8192 2.000000000 2
1160 112 3 8192 2.000000000 2
1160 116 3 8192 2.000000000 2
1160 156 3 8192 2.000000000 2
1160 220 3 8192 2.000000000 2
1160 264 3 8192 2.000000000 2
1160 272 3 8192 2.000000000 2
1160 296 3 8192 2.000000000 2
1160 304 3 8192 2.000000000 2
1160 308 3 8192 2.000000000 2
1160 312 3 8192 2.000000000 2
1160 332 3 8192 2.000000000 2
1160 344 3 8192 2.000000000 2
1160 348 3 8192 2.000000000 2
1160 388 3 8192 2.000000000 2
1160 400 3 8192 2.000000000 2
1160 428 3 8192 2.000000000 2
1160 468 3 8192 2.000000000 2
1160 484 3 8192 2.000000000 2
1160 528 3 8192 2.000000000 2
1160 540 3 8192 2.000000000 2
1160 560 3 8192 2.000000000 2
1160 612 3 8192 2.000000000 2
1160 624 3 8192 2.000000000 2
1160 656 3 8192 2.000000000 2
1160 696 3 8192 2.000000000 2
1160 708 3 8192 2.000000000 2
1160 748 3 8192 2.000000000 2
1160 764 3 8192 2.000000000 2
1160 796 3 8192 2.000000000 2
1160 808 3 8192 2.000000000 2
1160 816 3 8192 2.000000000 2
1160 836 3 8192 2.000000000 2
1160 848 3 8192 2.000000000 2
1160 892 3 8192 2.000000000 2
1160 900 3 8192 2.000000000 2
1160 932 3 8192 2.000000000 2
1160 940 3 8192 2.000000000 2
1160 948 3 8192 2.000000000 2
1160 972 3 8192 2.000000000 2
1160 984 3 8192 2.000000000 2
1160 988 3 8192 2.000000000 2
1160 992 3 8192 2.000000000 2
1160 1080 3 8192 2.000000000 2
1160 1084 3 8192 2.000000000 2
1160 1092 3 8192 2.000000000 2
1160 1100 3 8192 2.000000000 2
1160 1108 3 8192 2.000000000 2
1160 1116 3 8192 2.000000000 2
1160 1120 3 8192 2.000000000 2
1160 1148 3 8192 2.000000000 2
1160 1164 3 8192 2.000000000 2
1160 1172 3 8192 2.000000000 2
1160 1192 3 8192 2.000000000 2
1160 1224 3 8192 2.000000000 2
1160 1236 3 8192 2.000000000 2
1160 1272 3 8192 2.000000000 2
1164 4 3 8192 2.000000000 2
1164 8 3 8192 2.000000000 2
1164 16 3 8192 2.000000000 2
1164 28 3 8192 2.000000000 2
1164 36 3 8192 2.000000000 2
1164 48 3 8192 2.000000000 2
1164 52 3 8192 2.000000000 2
1164 56 3 8192 2.000000000 2
1164 64 3 8192 2.000000000 2
1164 72 3 8192 2.000000000 2
1164 100 3 8192 2.000000000 2
1164 116 3 8192 2.000000000 2
1164 128 3 8192 2.000000000 2
1164 132 3 8192 2.000000000 2
1164 136 3 8192 2.000000000 2
1164 164 3 8192 2.000000000 2
1164 216 3 8192 2.000000000 2
1164 220 3 8192 2.000000000 2
1164 224 3 8192 2.000000000 2
1164 240 3 8192 2.000000000 2
1164 252 3 8192 2.000000000 2
1164 272 3 8192 2.000000000 2
1164 280 3 8192 2.000000000 2
1164 304 3 8192 2.000000000 2
1164 308 3 8192 2.000000000 2
1164 316 3 8192 2.000000000 2
1164 320 3 8192 2.000000000 2
1164 352 3 8192 2.000000000 2
1164 380 3 8192 2.000000000 2
1164 388 3 8192 2.000000000 2
1164 400 3 8192 2.000000000 2
1164 412 3 8192 2.000000000 2
1164 436 3 8192 2.000000000 2
1164 472 3 8192 2.000000000 2
1164 536 3 8192 2.000000000 2
1164 548 3 8192 2.000000000 2
1164 580 3 8192 2.000000000 2
1164 612 3 8192 2.000000000 2
1164 652 3 8192 2.000000000 2
1164 656 3 8192 2.000000000 2
1164 704 3 8192 2.000000000 2
1164 720 3 8192 2.000000000 2
1164 728 3 8192 2.000000000 2
1164 736 3 8192 2.000000000 2
1164 852 3 8192 2.000000000 2
1164 936 3 8192 2.000000000 2
1164 948 3 8192 2.000000000 2
1164 996 3 8192 2.000000000 2
1164 1012 3 8192 2.000000000 2
1164 1056 3 8192 2.000000000 2
1164 1068 3 8192 2.000000000 2
1164 1080 3 8192 2.000000000 2
1164 1108 3 8192 2.000000000 2
1164 1116 3 8192 2.000000000 2
1164 1176 3 8192 2.000000000 2
1164 1180 3 8192 2.000000000 2
1164 1192 3 8192 2.000000000 2
1164 1204 3 8192 2.000000000 2
1164 1208 3 8192 2.000000000 2
1164 1212 3 8192 2.000000000 2
1164 1216 3 8192 2.000000000 2
1164 1224 3 8192 2.000000000 2
1164 1228 3 8192 2.000000000 2
1164 1256 3 8192 2.000000000 2
1168 8 3 8192 2.000000000 2
1168 12 3 8192 2.000000000 2
1168 32 3 8192 2.000000000 2
1168 48 3 8192 2.000000000 2
1168 52 3 8192 2.000000000 2
1168 152 3 8192 2.000000000 2
1168 156 3 8192 2.000000000 2
1168 176 3 8192 2.000000000 2
1168 188 3 8192 2.000000000 2
1168 244 3 8192 2.000000000 2
1168 248 3 8192 2.000000000 2
1168 260 3 8192 2.000000000 2
1168 264 3 8192 2.000000000 2
1168 268 3 8192 2.000000000 2
1168 300 3 8192 2.000000000 2
1168 328 3 8192 2.000000000 2
1168 344 3 8192 2.000000000 2
1168 356 3 8192 2.000000000 2
1168 360 3 8192 2.000000000 2
1168 380 3 8192 2.000000000 2
1168 388 3 8192 2.000000000 2
1168 484 3 8192 2.000000000 2
1168 508 3 8192 2.000000000 2
1168 516 3 8192 2.000000000 2
1168 536 3 8192 2.000000000 2
1168 540 3 8192 2.000000000 2
1168 576 3 8192 2.000000000 2
1168 584 3 8192 2.000000000 2
1168 600 3 8192 2.000000000 2
1168 616 3 8192 2.000000000 2
1168 624 3 8192 2.000000000 2
1168 628 3 8192 2.000000000 2
1168 648 3 8192 2.000000000 2
1168 720 3 8192 2.000000000 2
1168 768 3 8192 2.000000000 2
1168 788 3 8192 2.000000000 2
1168 792 3 8192 2.000000000 2
1168 812 3 8192 2.000000000 2
1168 828 3 8192 2.000000000 2
1168 848 3 8192 2.000000000 2
1168 852 3 8192 2.000000000 2
1168 860 3 8192 2.000000000 2
1168 900 3 8192 2.000000000 2
1168 936 3 8192 2.000000000 2
1168 940 3 8192 2.000000000 2
1168 964 3 8192 2.000000000 2
1168 984 3 8192 2.000000000 2
1168 992 3 8192 2.000000000 2
1168 1024 3 8192 2.000000000 2
1168 1040 3 8192 2.000000000 2
1168 1076 3 8192 2.000000000 2
1168 1104 3 8192 2.000000000 2
1168 1136 3 8192 2.000000000 2
1168 1148 3 8192 2.000000000 2
1168 1176 3 8192 2.000000000 2
1168 1180 3 8192 2.000000000 2
1168 1184 3 8192 2.000000000 2
1168 1192 3 8192 2.000000000 2
1168 1196 3 8192 2.000000000 2
1168 1204 3 8192 2.000000000 2
1168 1216 3 8192 2.000000000 2
1168 1228 3 8192 2.000000000 2
1168 1264 3 8192 2.000000000 2
1168 1272 3 8192 2.000000000 2
1172 20 3 8192 2.000000000 2
1172 36 3 8192 2.000000000 2
1172 40 3 8192 2.000000000 2
1172 84 3 8192 2.000000000 2
1172 108 3 8192 2.000000000 2
1172 116 3 8192 2.000000000 2
1172 120 3 8192 2.000000000 2
1172 124 3 8192 2.000000000 2
1172 128 3 8192 2.000000000 2
1172 148 3 8192 2.000000000 2
1172 176 3 8192 2.000000000 2
1172 180 3 8192 2.000000000 2
1172 208 3 8192 2.000000000 2
1172 228 3 8192 2.000000000 2
1172 248 3 8192 2.000000000 2
1172 284 3 8192 2.000000000 2
1172 328 3 8192 2.000000000 2
1172 344 3 8192 2.000000000 2
1172 348 3 8192 2.000000000 2
1172 364 3 8192 2.000000000 2
1172 376 3 8192 2.000000000 2
1172 384 3 8192 2.000000000 2
1172 396 3 8192 2.000000000 2
1172 412 3 8192 2.000000000 2
1172 452 3 8192 2.000000000 2
1172 460 3 8192 2.000000000 2
1172 472 3 8192 2.000000000 2
1172 500 3 8192 2.000000000 2
1172 508 3 8192 2.000000000 2
1172 548 3 8192 2.000000000 2
1172 556 3 8192 2.000000000 2
1172 616 3 8192 2.000000000 2
1172 632 3 8192 2.000000000 2
1172 712 3 8192 2.000000000 2
1172 724 3 8192 2.000000000 2
1172 768 3 8192 2.000000000 2
1172 776 3 8192 2.000000000 2
1172 816 3 8192 2.000000000 2
1172 836 3 8192 2.000000000 2
1172 848 3 8192 2.000000000 2
1172 852 3 8192 2.000000000 2
1172 868 3 8192 2.000000000 2
1172 876 3 8192 2.000000000 2
1172 888 3 8192 2.000000000 2
1172 896 3 8192 2.000000000 2
1172 908 3 8192 2.000000000 2
1172 932 3 8192 2.000000000 2
1172 952 3 8192 2.000000000 2
1172 992 3 8192 2.000000000 2
1172 996 3 8192 2.000000000 2
1172 1012 3 8192 2.000000000 2
1172 1020 3 8192 2.000000000 2
1172 1044 3 8192 2.000000000 2
1172 1056 3 8192 2.000000000 2
1172 1104 3 8192 2.000000000 2
1172 1108 3 8192 2.000000000 2
1172 1116 3 8192 2.000000000 2
1172 1128 3 8192 2.000000000 2
1172 1148 3 8192 2.000000000 2
1172 1164 3 8192 2.000000000 2
1172 1168 3 8192 2.000000000 2
1172 1200 3 8192 2.000000000 2
1172 1248 3 8192 2.000000000 2
1172 1272 3 8192 2.000000000 2
1176 4 3 8192 2.000000000 2
1176 24 3 8192 2.000000000 2
1176 44 3 8192 2.000000000 2
1176 48 3 8192 2.000000000 2
1176 64 3 8192 2.000000000 2
1176 84 3 8192 2.000000000 2
1176 88 3 8192 2.000000000 2
1176 152 3 8192 2.000000000 2
1176 180 3 8192 2.000000000 2
1176 208 3 8192 2.000000000 2
1176 216 3 8192 2.000000000 2
1176 252 3 8192 2.000000000 2
1176 268 3 8192 2.000000000 2
1176 272 3 8192 2.000000000 2
1176 280 3 8192 2.000000000 2
1176 316 3 8192 2.000000000 2
1176 320 3 8192 2.000000000 2
1176 328 3 8192 2.000000000 2
1176 344 3 8192 2.000000000 2
1176 348 3 8192 2.000000000 2
1176 392 3 8192 2.000000000 2
1176 416 3 8192 2.000000000 2
1176 452 3 8192 2.000000000 2
1176 480 3 8192 2.000000000 2
1176 524 3 8192 2.000000000 2
1176 536 3 8192 2.000000000 2
1176 556 3 8192 2.000000000 2
1176 564 3 8192 2.000000000 2
1176 576 3 8192 2.000000000 2
1176 584 3 8192 2.000000000 2
1176 592 3 8192 2.000000000 2
1176 612 3 8192 2.000000000 2
1176 616 3 8192 2.000000000 2
1176 624 3 8192 2.000000000 2
1176 684 3 8192 2.000000000 2
1176 692 3 8192 2.000000000 2
1176 696 3 8192 2.000000000 2
1176 700 3 8192 2.000000000 2
1176 748 3 8192 2.000000000 2
1176 768 3 8192 2.000000000 2
1176 796 3 8192 2.000000000 2
1176 808 3 8192 2.000000000 2
1176 816 3 8192 2.000000000 2
1176 836 3 8192 2.000000000 2
1176 840 3 8192 2.000000000 2
1176 896 3 8192 2.000000000 2
1176 948 3 8192 2.000000000 2
1176 1008 3 8192 2.000000000 2
1176 1020 3 8192 2.000000000 2
1176 1032 3 8192 2.000000000 2
1176 1040 3 8192 2.000000000 2
1176 1052 3 8192 2.000000000 2
1176 1056 3 8192 2.000000000 2
1176 1080 3 8192 2.000000000 2
1176 1104 3 8192 2.000000000 2
1176 1120 3 8192 2.000000000 2
1176 1124 3 8192 2.000000000 2
1176 1136 3 8192 2.000000000 2
1176 1192 3 8192 2.000000000 2
1176 1216 3 8192 2.000000000 2
1176 1236 3 8192 2.000000000 2
1176 1248 3 8192 2.000000000 2
1176 1256 3 8192 2.000000000 2
1176 1272 3 8192 2.000000000 2
1180 20 3 8192 2.000000000 2
1180 32 3 8192 2.000000000 2
1180 36 3 8192 2.000000000 2
1180 56 3 8192 2.000000000 2
1180 68 3 8192 2.000000000 2
1180 76 3 8192 2.000000000 2
1180 84 3 8192 2.000000000 2
1180 88 3 8192 2.000000000 2
1180 92 3 8192 2.000000000 2
1180 96 3 8192 2.000000000 2
1180 116 3 8192 2.000000000 2
1180 128 3 8192 2.000000000 2
1180 132 3 8192 2.000000000 2
1180 164 3 8192 2.000000000 2
1180 220 3 8192 2.000000000 2
1180 236 3 8192 2.000000000 2
1180 252 3 8192 2.000000000 2
1180 268 3 8192 2.000000000 2
1180 288 3 8192 2.000000000 2
1180 292 3 8192 2.000000000 2
1180 312 3 8192 2.000000000 2
1180 320 3 8192 2.000000000 2
1180 332 3 8192 2.000000000 2
1180 356 3 8192 2.000000000 2
1180 372 3 8192 2.000000000 2
1180 396 3 8192 2.000000000 2
1180 440 3 8192 2.000000000 2
1180 444 3 8192 2.000000000 2
1180 480 3 8192 2.000000000 2
1180 484 3 8192 2.000000000 2
1180 508 3 8192 2.000000000 2
1180 520 3 8192 2.000000000 2
1180 536 3 8192 2.000000000 2
1180 580 3 8192 2.000000000 2
1180 592 3 8192 2.000000000 2
1180 624 3 8192 2.000000000 2
1180 648 3 8192 2.000000000 2
1180 652 3 8192 2.000000000 2
1180 660 3 8192 2.000000000 2
1180 676 3 8192 2.000000000 2
1180 712 3 8192 2.000000000 2
1180 716 3 8192 2.000000000 2
1180 728 3 8192 2.000000000 2
1180 752 3 8192 2.000000000 2
1180 756 3 8192 2.000000000 2
1180 776 3 8192 2.000000000 2
1180 792 3 8192 2.000000000 2
1180 812 3 8192 2.000000000 2
1180 816 3 8192 2.000000000 2
1180 860 3 8192 2.000000000 2
1180 868 3 8192 2.000000000 2
1180 880 3 8192 2.000000000 2
1180 904 3 8192 2.000000000 2
1180 936 3 8192 2.000000000 2
1180 984 3 8192 2.000000000 2
1180 1052 3 8192 2.000000000 2
1180 1076 3 8192 2.000000000 2
1180 1080 3 8192 2.000000000 2
1180 1128 3 8192 2.000000000 2
1180 1196 3 8192 2.000000000 2
1180 1212 3 8192 2.000000000 2
1180 1224 3 8192 2.000000000 2
1180 1264 3 8192 2.000000000 2
1180 1272 3 8192 2.000000000 2
1184 8 3 8192 2.000000000 2
1184 28 3 8192 2.000000000 2
1184 32 3 8192 2.000000000 2
1184 52 3 8192 2.000000000 2
1184 64 3 8192 2.000000000 2
1184 84 3 8192 2.000000000 2
1184 116 3 8192 2.000000000 2
1184 124 3 8192 2.000000000 2
1184 136 3 8192 2.000000000 2
1184 152 3 8192 2.000000000 2
1184 184 3 8192 2.000000000 2
1184 228 3 8192 2.000000000 2
1184 264 3 8192 2.000000000 2
1184 268 3 8192 2.000000000 2
1184 308 3 8192 2.000000000 2
1184 336 3 8192 2.000000000 2
1184 348 3 8192 2.000000000 2
1184 352 3 8192 2.000000000 2
1184 360 3 8192 2.000000000 2
1184 396 3 8192 2.000000000 2
1184 400 3 8192 2.000000000 2
1184 404 3 8192 2.000000000 2
1184 440 3 8192 2.000000000 2
1184 472 3 8192 2.000000000 2
1184 480 3 8192 2.000000000 2
1184 484 3 8192 2.000000000 2
1184 520 3 8192 2.000000000 2
1184 524 3 8192 2.000000000 2
1184 528 3 8192 2.000000000 2
1184 536 3 8192 2.000000000 2
1184 580 3 8192 2.000000000 2
1184 608 3 8192 2.000000000 2
1184 616 3 8192 2.000000000 2
1184 624 3 8192 2.000000000 2
1184 640 3 8192 2.000000000 2
1184 660 3 8192 2.000000000 2
1184 696 3 8192 2.000000000 2
1184 700 3 8192 2.000000000 2
1184 716 3 8192 2.000000000 2
1184 724 3 8192 2.000000000 2
1184 752 3 8192 2.000000000 2
1184 756 3 8192 2.000000000 2
1184 768 3 8192 2.000000000 2
1184 776 3 8192 2.000000000 2
1184 784 3 8192 2.000000000 2
1184 892 3 8192 2.000000000 2
1184 896 3 8192 2.000000000 2
1184 940 3 8192 2.000000000 2
1184 972 3 8192 2.000000000 2
1184 980 3 8192 2.000000000 2
1184 1008 3 8192 2.000000000 2
1184 1012 3 8192 2.000000000 2
1184 1056 3 8192 2.000000000 2
1184 1072 3 8192 2.000000000 2
1184 1116 3 8192 2.000000000 2
1184 1124 3 8192 2.000000000 2
1184 1132 3 8192 2.000000000 2
1184 1180 3 8192 2.000000000 2
1184 1192 3 8192 2.000000000 2
1184 1220 3 8192 2.000000000 2
1184 1244 3 8192 2.000000000 2
1184 1248 3 8192 2.000000000 2
1184 1256 3 8192 2.000000000 2
1184 1272 3 8192 2.000000000 2
1192 16 3 8192 2.000000000 2
1192 20 3 8192 2.000000000 2
1192 40 3 8192 2.000000000 2
1192 44 3 8192 2.000000000 2
1192 56 3 8192 2.000000000 2
1192 112 3 8192 2.000000000 2
1192 136 3 8192 2.000000000 2
1192 148 3 8192 2.000000000 2
1192 180 3 8192 2.000000000 2
1192 192 3 8192 2.000000000 2
1192 196 3 8192 2.000000000 2
1192 224 3 8192 2.000000000 2
1192 236 3 8192 2.000000000 2
1192 240 3 8192 2.000000000 2
1192 268 3 8192 2.000000000 2
1192 272 3 8192 2.000000000 2
1192 284 3 8192 2.000000000 2
1192 296 3 8192 2.000000000 2
1192 312 3 8192 2.000000000 2
1192 328 3 8192 2.000000000 2
1192 348 3 8192 2.000000000 2
1192 360 3 8192 2.000000000 2
1192 428 3 8192 2.000000000 2
1192 444 3 8192 2.000000000 2
1192 448 3 8192 2.000000000 2
1192 472 3 8192 2.000000000 2
1192 476 3 8192 2.000000000 2
1192 480 3 8192 2.000000000 2
1192 484 3 8192 2.000000000 2
1192 500 3 8192 2.000000000 2
1192 528 3 8192 2.000000000 2
1192 564 3 8192 2.000000000 2
1192 584 3 8192 2.000000000 2
1192 600 3 8192 2.000000000 2
1192 632 3 8192 2.000000000 2
1192 640 3 8192 2.000000000 2
1192 644 3 8192 2.000000000 2
1192 648 3 8192 2.000000000 2
1192 652 3 8192 2.000000000 2
1192 660 3 8192 2.000000000 2
1192 688 3 8192 2.000000000 2
1192 692 3 8192 2.000000000 2
1192 696 3 8192 2.000000000 2
1192 700 3 8192 2.000000000 2
1192 744 3 8192 2.000000000 2
1192 760 3 8192 2.000000000 2
1192 788 3 8192 2.000000000 2
1192 840 3 8192 2.000000000 2
1192 864 3 8192 2.000000000 2
1192 896 3 8192 2.000000000 2
1192 920 3 8192 2.000000000 2
1192 936 3 8192 2.000000000 2
1192 1012 3 8192 2.000000000 2
1192 1040 3 8192 2.000000000 2
1192 1056 3 8192 2.000000000 2
1192 1068 3 8192 2.000000000 2
1192 1084 3 8192 2.000000000 2
1192 1092 3 8192 2.000000000 2
1192 1100 3 8192 2.000000000 2
1192 1116 3 8192 2.000000000 2
1192 1128 3 8192 2.000000000 2
1192 1204 3 8192 2.000000000 2
1192 1208 3 8192 2.000000000 2
1192 1224 3 8192 2.000000000 2
1196 16 3 8192 2.000000000 2
1196 44 3 8192 2.000000000 2
1196 68 3 8192 2.000000000 2
1196 76 3 8192 2.000000000 2
1196 84 3 8192 2.000000000 2
1196 92 3 8192 2.000000000 2
1196 104 3 8192 2.000000000 2
1196 152 3 8192 2.000000000 2
1196 156 3 8192 2.000000000 2
1196 172 3 8192 2.000000000 2
1196 188 3 8192 2.000000000 2
1196 192 3 8192 2.000000000 2
1196 196 3 8192 2.000000000 2
1196 252 3 8192 2.000000000 2
1196 264 3 8192 2.000000000 2
1196 268 3 8192 2.000000000 2
1196 284 3 8192 2.000000000 2
1196 304 3 8192 2.000000000 2
1196 376 3 8192 2.000000000 2
1196 400 3 8192 2.000000000 2
1196 404 3 8192 2.000000000 2
1196 420 3 8192 2.000000000 2
1196 424 3 8192 2.000000000 2
1196 444 3 8192 2.000000000 2
1196 476 3 8192 2.000000000 2
1196 496 3 8192 2.000000000 2
1196 516 3 8192 2.000000000 2
1196 520 3 8192 2.000000000 2
1196 528 3 8192 2.000000000 2
1196 576 3 8192 2.000000000 2
1196 600 3 8192 2.000000000 2
1196 612 3 8192 2.000000000 2
1196 616 3 8192 2.000000000 2
1196 636 3 8192 2.000000000 2
1196 648 3 8192 2.000000000 2
1196 664 3 8192 2.000000000 2
1196 684 3 8192 2.000000000 2
1196 700 3 8192 2.000000000 2
1196 712 3 8192 2.000000000 2
1196 724 3 8192 2.000000000 2
1196 728 3 8192 2.000000000 2
1196 732 3 8192 2.000000000 2
1196 784 3 8192 2.000000000 2
1196 808 3 8192 2.000000000 2
1196 828 3 8192 2.000000000 2
1196 856 3 8192 2.000000000 2
1196 892 3 8192 2.000000000 2
1196 896 3 8192 2.000000000 2
1196 904 3 8192 2.000000000 2
1196 948 3 8192 2.000000000 2
1196 1024 3 8192 2.000000000 2
1196 1032 3 8192 2.000000000 2
1196 1040 3 8192 2.000000000 2
1196 1068 3 8192 2.000000000 2
1196 1084 3 8192 2.000000000 2
1196 1092 3 8192 2.000000000 2
1196 1120 3 8192 2.000000000 2
1196 1156 3 8192 2.000000000 2
1196 1180 3 8192 2.000000000 2
1196 1184 3 8192 2.000000000 2
1196 1192 3 8192 2.000000000 2
1196 1204 3 8192 2.000000000 2
1196 1228 3 8192 2.000000000 2
1196 1264 3 8192 2.000000000 2
1200 28 3 8192 2.000000000 2
1200 36 3 8192 2.000000000 2
1200 48 3 8192 2.000000000 2
1200 52 3 8192 2.000000000 2
1200 56 3 8192 2.000000000 2
1200 64 3 8192 2.000000000 2
1200 76 3 8192 2.000000000 2
1200 116 3 8192 2.000000000 2
1200 120 3 8192 2.000000000 2
1200 132 3 8192 2.000000000 2
1200 136 3 8192 2.000000000 2
1200 156 3 8192 2.000000000 2
1200 164 3 8192 2.000000000 2
1200 176 3 8192 2.000000000 2
1200 180 3 8192 2.000000000 2
1200 216 3 8192 2.000000000 2
1200 220 3 8192 2.000000000 2
1200 228 3 8192 2.000000000 2
1200 248 3 8192 2.000000000 2
1200 252 3 8192 2.000000000 2
1200 296 3 8192 2.000000000 2
1200 304 3 8192 2.000000000 2
1200 308 3 8192 2.000000000 2
1200 332 3 8192 2.000000000 2
1200 360 3 8192 2.000000000 2
1200 444 3 8192 2.000000000 2
1200 452 3 8192 2.000000000 2
1200 460 3 8192 2.000000000 2
1200 468 3 8192 2.000000000 2
1200 536 3 8192 2.000000000 2
1200 544 3 8192 2.000000000 2
1200 560 3 8192 2.000000000 2
1200 576 3 8192 2.000000000 2
1200 600 3 8192 2.000000000 2
1200 608 3 8192 2.000000000 2
1200 632 3 8192 2.000000000 2
1200 656 3 8192 2.000000000 2
1200 668 3 8192 2.000000000 2
1200 676 3 8192 2.000000000 2
1200 688 3 8192 2.000000000 2
1200 712 3 8192 2.000000000 2
1200 716 3 8192 2.000000000 2
1200 744 3 8192 2.000000000 2
1200 828 3 8192 2.000000000 2
1200 852 3 8192 2.000000000 2
1200 864 3 8192 2.000000000 2
1200 876 3 8192 2.000000000 2
1200 880 3 8192 2.000000000 2
1200 896 3 8192 2.000000000 2
1200 940 3 8192 2.000000000 2
1200 948 3 8192 2.000000000 2
1200 968 3 8192 2.000000000 2
1200 980 3 8192 2.000000000 2
1200 992 3 8192 2.000000000 2
1200 996 3 8192 2.000000000 2
1200 1012 3 8192 2.000000000 2
1200 1048 3 8192 2.000000000 2
1200 1068 3 8192 2.000000000 2
1200 1076 3 8192 2.000000000 2
1200 1080 3 8192 2.000000000 2
1200 1084 3 8192 2.000000000 2
1200 1100 3 8192 2.000000000 2
1200 1172 3 8192 2.000000000 2
1200 1264 3 8192 2.000000000 2
1204 24 3 8192 2.000000000 2
1204 40 3 8192 2.000000000 2
1204 56 3 8192 2.000000000 2
1204 64 3 8192 2.000000000 2
1204 104 3 8192 2.000000000 2
1204 132 3 8192 2.000000000 2
1204 148 3 8192 2.000000000 2
1204 164 3 8192 2.000000000 2
1204 172 3 8192 2.000000000 2
1204 180 3 8192 2.000000000 2
1204 184 3 8192 2.000000000 2
1204 192 3 8192 2.000000000 2
1204 232 3 8192 2.000000000 2
1204 280 3 8192 2.000000000 2
1204 320 3 8192 2.000000000 2
1204 336 3 8192 2.000000000 2
1204 356 3 8192 2.000000000 2
1204 360 3 8192 2.000000000 2
1204 396 3 8192 2.000000000 2
1204 412 3 8192 2.000000000 2
1204 424 3 8192 2.000000000 2
1204 496 3 8192 2.000000000 2
1204 500 3 8192 2.000000000 2
1204 512 3 8192 2.000000000 2
1204 516 3 8192 2.000000000 2
1204 524 3 8192 2.000000000 2
1204 540 3 8192 2.000000000 2
1204 544 3 8192 2.000000000 2
1204 548 3 8192 2.000000000 2
1204 600 3 8192 2.000000000 2
1204 632 3 8192 2.000000000 2
1204 644 3 8192 2.000000000 2
1204 648 3 8192 2.000000000 2
1204 656 3 8192 2.000000000 2
1204 676 3 8192 2.000000000 2
1204 684 3 8192 2.000000000 2
1204 700 3 8192 2.000000000 2
1204 720 3 8192 2.000000000 2
1204 724 3 8192 2.000000000 2
1204 752 3 8192 2.000000000 2
1204 760 3 8192 2.000000000 2
1204 792 3 8192 2.000000000 2
1204 812 3 8192 2.000000000 2
1204 816 3 8192 2.000000000 2
1204 864 3 8192 2.000000000 2
1204 868 3 8192 2.000000000 2
1204 920 3 8192 2.000000000 2
1204 932 3 8192 2.000000000 2
1204 984 3 8192 2.000000000 2
1204 1032 3 8192 2.000000000 2
1204 1036 3 8192 2.000000000 2
1204 1080 3 8192 2.000000000 2
1204 1092 3 8192 2.000000000 2
1204 1124 3 8192 2.000000000 2
1204 1164 3 8192 2.000000000 2
1204 1180 3 8192 2.000000000 2
1204 1196 3 8192 2.000000000 2
1204 1208 3 8192 2.000000000 2
1204 1212 3 8192 2.000000000 2
1204 1220 3 8192 2.000000000 2
1204 1224 3 8192 2.000000000 2
1204 1236 3 8192 2.000000000 2
1204 1256 3 8192 2.000000000 2
1204 1272 3 8192 2.000000000 2
1208 28 3 8192 2.000000000 2
1208 48 3 8192 2.000000000 2
1208 88 3 8192 2.000000000 2
1208 112 3 8192 2.000000000 2
1208 184 3 8192 2.000000000 2
1208 204 3 8192 2.000000000 2
1208 240 3 8192 2.000000000 2
1208 272 3 8192 2.000000000 2
1208 284 3 8192 2.000000000 2
1208 296 3 8192 2.000000000 2
1208 332 3 8192 2.000000000 2
1208 348 3 8192 2.000000000 2
1208 352 3 8192 2.000000000 2
1208 372 3 8192 2.000000000 2
1208 388 3 8192 2.000000000 2
1208 412 3 8192 2.000000000 2
1208 416 3 8192 2.000000000 2
1208 440 3 8192 2.000000000 2
1208 444 3 8192 2.000000000 2
1208 460 3 8192 2.000000000 2
1208 472 3 8192 2.000000000 2
1208 476 3 8192 2.000000000 2
1208 480 3 8192 2.000000000 2
1208 496 3 8192 2.000000000 2
1208 516 3 8192 2.000000000 2
1208 524 3 8192 2.000000000 2
1208 528 3 8192 2.000000000 2
1208 548 3 8192 2.000000000 2
1208 580 3 8192 2.000000000 2
1208 612 3 8192 2.000000000 2
1208 636 3 8192 2.000000000 2
1208 640 3 8192 2.000000000 2
1208 644 3 8192 2.000000000 2
1208 656 3 8192 2.000000000 2
1208 664 3 8192 2.000000000 2
1208 668 3 8192 2.000000000 2
1208 708 3 8192 2.000000000 2
1208 728 3 8192 2.000000000 2
1208 752 3 8192 2.000000000 2
1208 776 3 8192 2.000000000 2
1208 784 3 8192 2.000000000 2
1208 796 3 8192 2.000000000 2
1208 812 3 8192 2.000000000 2
1208 836 3 8192 2.000000000 2
1208 840 3 8192 2.000000000 2
1208 856 3 8192 2.000000000 2
1208 860 3 8192 2.000000000 2
1208 864 3 8192 2.000000000 2
1208 996 3 8192 2.000000000 2
1208 1040 3 8192 2.000000000 2
1208 1044 3 8192 2.000000000 2
1208 1052 3 8192 2.000000000 2
1208 1068 3 8192 2.000000000 2
1208 1072 3 8192 2.000000000 2
1208 1076 3 8192 2.000000000 2
1208 1100 3 8192 2.000000000 2
1208 1116 3 8192 2.000000000 2
1208 1132 3 8192 2.000000000 2
1208 1168 3 8192 2.000000000 2
1208 1200 3 8192 2.000000000 2
1208 1212 3 8192 2.000000000 2
1208 1236 3 8192 2.000000000 2
1208 1264 3 8192 2.000000000 2
1208 1272 3 8192 2.000000000 2
1212 4 3 8192 2.000000000 2
1212 32 3 8192 2.000000000 2
1212 48 3 8192 2.000000000 2
1212 72 3 8192 2.000000000 2
1212 76 3 8192 2.000000000 2
1212 88 3 8192 2.000000000 2
1212 100 3 8192 2.000000000 2
1212 104 3 8192 2.000000000 2
1212 120 3 8192 2.000000000 2
1212 128 3 8192 2.000000000 2
1212 176 3 8192 2.000000000 2
1212 180 3 8192 2.000000000 2
1212 188 3 8192 2.000000000 2
1212 192 3 8192 2.000000000 2
1212 196 3 8192 2.000000000 2
1212 204 3 8192 2.000000000 2
1212 208 3 8192 2.000000000 2
1212 244 3 8192 2.000000000 2
1212 276 3 8192 2.000000000 2
1212 304 3 8192 2.000000000 2
1212 344 3 8192 2.000000000 2
1212 352 3 8192 2.000000000 2
1212 404 3 8192 2.000000000 2
1212 444 3 8192 2.000000000 2
1212 448 3 8192 2.000000000 2
1212 472 3 8192 2.000000000 2
1212 496 3 8192 2.000000000 2
1212 520 3 8192 2.000000000 2
1212 528 3 8192 2.000000000 2
1212 536 3 8192 2.000000000 2
1212 556 3 8192 2.000000000 2
1212 592 3 8192 2.000000000 2
1212 612 3 8192 2.000000000 2
1212 616 3 8192 2.000000000 2
1212 648 3 8192 2.000000000 2
1212 652 3 8192 2.000000000 2
1212 676 3 8192 2.000000000 2
1212 712 3 8192 2.000000000 2
1212 720 3 8192 2.000000000 2
1212 788 3 8192 2.000000000 2
1212 808 3 8192 2.000000000 2
1212 848 3 8192 2.000000000 2
1212 856 3 8192 2.000000000 2
1212 876 3 8192 2.000000000 2
1212 900 3 8192 2.000000000 2
1212 908 3 8192 2.000000000 2
1212 932 3 8192 2.000000000 2
1212 972 3 8192 2.000000000 2
1212 988 3 8192 2.000000000 2
1212 996 3 8192 2.000000000 2
1212 1008 3 8192 2.000000000 2
1212 1012 3 8192 2.000000000 2
1212 1072 3 8192 2.000000000 2
1212 1084 3 8192 2.000000000 2
1212 1108 3 8192 2.000000000 2
1212 1112 3 8192 2.000000000 2
1212 1116 3 8192 2.000000000 2
1212 1124 3 8192 2.000000000 2
1212 1128 3 8192 2.000000000 2
1212 1164 3 8192 2.000000000 2
1212 1176 3 8192 2.000000000 2
1212 1204 3 8192 2.000000000 2
1212 1224 3 8192 2.000000000 2
1212 1264 3 8192 2.000000000 2
1216 4 3 8192 2.000000000 2
1216 32 3 8192 2.000000000 2
1216 40 3 8192 2.000000000 2
1216 68 3 8192 2.000000000 2
1216 88 3 8192 2.000000000 2
1216 96 3 8192 2.000000000 2
1216 100 3 8192 2.000000000 2
1216 124 3 8192 2.000000000 2
1216 136 3 8192 2.000000000 2
1216 164 3 8192 2.000000000 2
1216 172 3 8192 2.000000000 2
1216 184 3 8192 2.000000000 2
1216 188 3 8192 2.000000000 2
1216 192 3 8192 2.000000000 2
1216 196 3 8192 2.000000000 2
1216 224 3 8192 2.000000000 2
1216 248 3 8192 2.000000000 2
1216 264 3 8192 2.000000000 2
1216 292 3 8192 2.000000000 2
1216 304 3 8192 2.000000000 2
1216 360 3 8192 2.000000000 2
1216 384 3 8192 2.000000000 2
1216 392 3 8192 2.000000000 2
1216 416 3 8192 2.000000000 2
1216 428 3 8192 2.000000000 2
1216 448 3 8192 2.000000000 2
1216 476 3 8192 2.000000000 2
1216 528 3 8192 2.000000000 2
1216 540 3 8192 2.000000000 2
1216 560 3 8192 2.000000000 2
1216 576 3 8192 2.000000000 2
1216 580 3 8192 2.000000000 2
1216 608 3 8192 2.000000000 2
1216 616 3 8192 2.000000000 2
1216 632 3 8192 2.000000000 2
1216 644 3 8192 2.000000000 2
1216 652 3 8192 2.000000000 2
1216 656 3 8192 2.000000000 2
1216 668 3 8192 2.000000000 2
1216 688 3 8192 2.000000000 2
1216 724 3 8192 2.000000000 2
1216 764 3 8192 2.000000000 2
1216 788 3 8192 2.000000000 2
1216 792 3 8192 2.000000000 2
1216 876 3 8192 2.000000000 2
1216 896 3 8192 2.000000000 2
1216 908 3 8192 2.000000000 2
1216 948 3 8192 2.000000000 2
1216 952 3 8192 2.000000000 2
1216 968 3 8192 2.000000000 2
1216 972 3 8192 2.000000000 2
1216 980 3 8192 2.000000000 2
1216 996 3 8192 2.000000000 2
1216 1012 3 8192 2.000000000 2
1216 1036 3 8192 2.000000000 2
1216 1040 3 8192 2.000000000 2
1216 1072 3 8192 2.000000000 2
1216 1092 3 8192 2.000000000 2
1216 1100 3 8192 2.000000000 2
1216 1128 3 8192 2.000000000 2
1216 1136 3 8192 2.000000000 2
1216 1148 3 8192 2.000000000 2
1216 1244 3 8192 2.000000000 2
1216 1248 3 8192 2.000000000 2
1220 4 3 8192 2.000000000 2
1220 12 3 8192 2.000000000 2
1220 20 3 8192 2.000000000 2
1220 24 3 8192 2.000000000 2
1220 28 3 8192 2.000000000 2
1220 32 3 8192 2.000000000 2
1220 64 3 8192 2.000000000 2
1220 72 3 8192 2.000000000 2
1220 88 3 8192 2.000000000 2
1220 148 3 8192 2.000000000 2
1220 164 3 8192 2.000000000 2
1220 184 3 8192 2.000000000 2
1220 188 3 8192 2.000000000 2
1220 192 3 8192 2.000000000 2
1220 208 3 8192 2.000000000 2
1220 220 3 8192 2.000000000 2
1220 232 3 8192 2.000000000 2
1220 236 3 8192 2.000000000 2
1220 248 3 8192 2.000000000 2
1220 252 3 8192 2.000000000 2
1220 260 3 8192 2.000000000 2
1220 268 3 8192 2.000000000 2
1220 276 3 8192 2.000000000 2
1220 284 3 8192 2.000000000 2
1220 296 3 8192 2.000000000 2
1220 328 3 8192 2.000000000 2
1220 356 3 8192 2.000000000 2
1220 372 3 8192 2.000000000 2
1220 388 3 8192 2.000000000 2
1220 396 3 8192 2.000000000 2
1220 416 3 8192 2.000000000 2
1220 444 3 8192 2.000000000 2
1220 500 3 8192 2.000000000 2
1220 516 3 8192 2.000000000 2
1220 520 3 8192 2.000000000 2
1220 528 3 8192 2.000000000 2
1220 536 3 8192 2.000000000 2
1220 556 3 8192 2.000000000 2
1220 584 3 8192 2.000000000 2
1220 636 3 8192 2.000000000 2
1220 640 3 8192 2.000000000 2
1220 644 3 8192 2.000000000 2
1220 656 3 8192 2.000000000 2
1220 676 3 8192 2.000000000 2
1220 716 3 8192 2.000000000 2
1220 760 3 8192 2.000000000 2
1220 776 3 8192 2.000000000 2
1220 840 3 8192 2.000000000 2
1220 892 3 8192 2.000000000 2
1220 904 3 8192 2.000000000 2
1220 932 3 8192 2.000000000 2
1220 948 3 8192 2.000000000 2
1220 952 3 8192 2.000000000 2
1220 964 3 8192 2.000000000 2
1220 1024 3 8192 2.000000000 2
1220 1032 3 8192 2.000000000 2
1220 1052 3 8192 2.000000000 2
1220 1080 3 8192 2.000000000 2
1220 1084 3 8192 2.000000000 2
1220 1148 3 8192 2.000000000 2
1220 1164 3 8192 2.000000000 2
1220 1168 3 8192 2.000000000 2
1220 1172 3 8192 2.000000000 2
1220 1216 3 8192 2.000000000 2
1224 4 3 8192 2.000000000 2
1224 8 3 8192 2.000000000 2
1224 44 3 8192 2.000000000 2
1224 48 3 8192 2.000000000 2
1224 56 3 8192 2.000000000 2
1224 72 3 8192 2.000000000 2
1224 88 3 8192 2.000000000 2
1224 92 3 8192 2.000000000 2
1224 96 3 8192 2.000000000 2
1224 124 3 8192 2.000000000 2
1224 168 3 8192 2.000000000 2
1224 180 3 8192 2.000000000 2
1224 196 3 8192 2.000000000 2
1224 204 3 8192 2.000000000 2
1224 224 3 8192 2.000000000 2
1224 240 3 8192 2.000000000 2
1224 268 3 8192 2.000000000 2
1224 292 3 8192 2.000000000 2
1224 296 3 8192 2.000000000 2
1224 312 3 8192 2.000000000 2
1224 316 3 8192 2.000000000 2
1224 320 3 8192 2.000000000 2
1224 344 3 8192 2.000000000 2
1224 372 3 8192 2.000000000 2
1224 380 3 8192 2.000000000 2
1224 384 3 8192 2.000000000 2
1224 392 3 8192 2.000000000 2
1224 428 3 8192 2.000000000 2
1224 440 3 8192 2.000000000 2
1224 444 3 8192 2.000000000 2
1224 448 3 8192 2.000000000 2
1224 460 3 8192 2.000000000 2
1224 468 3 8192 2.000000000 2
1224 476 3 8192 2.000000000 2
1224 520 3 8192 2.000000000 2
1224 544 3 8192 2.000000000 2
1224 576 3 8192 2.000000000 2
1224 596 3 8192 2.000000000 2
1224 608 3 8192 2.000000000 2
1224 704 3 8192 2.000000000 2
1224 760 3 8192 2.000000000 2
1224 764 3 8192 2.000000000 2
1224 788 3 8192 2.000000000 2
1224 796 3 8192 2.000000000 2
1224 840 3 8192 2.000000000 2
1224 864 3 8192 2.000000000 2
1224 868 3 8192 2.000000000 2
1224 888 3 8192 2.000000000 2
1224 972 3 8192 2.000000000 2
1224 988 3 8192 2.000000000 2
1224 1008 3 8192 2.000000000 2
1224 1012 3 8192 2.000000000 2
1224 1056 3 8192 2.000000000 2
1224 1080 3 8192 2.000000000 2
1224 1108 3 8192 2.000000000 2
1224 1128 3 8192 2.000000000 2
1224 1136 3 8192 2.000000000 2
1224 1148 3 8192 2.000000000 2
1224 1164 3 8192 2.000000000 2
1224 1180 3 8192 2.000000000 2
1224 1192 3 8192 2.000000000 2
1224 1228 3 8192 2.000000000 2
1224 1236 3 8192 2.000000000 2
1224 1248 3 8192 2.000000000 2
1228 100 3 8192 2.000000000 2
1228 108 3 8192 2.000000000 2
1228 128 3 8192 2.000000000 2
1228 152 3 8192 2.000000000 2
1228 180 3 8192 2.000000000 2
1228 192 3 8192 2.000000000 2
1228 232 3 8192 2.000000000 2
1228 236 3 8192 2.000000000 2
1228 252 3 8192 2.000000000 2
1228 260 3 8192 2.000000000 2
1228 264 3 8192 2.000000000 2
1228 272 3 8192 2.000000000 2
1228 280 3 8192 2.000000000 2
1228 288 3 8192 2.000000000 2
1228 292 3 8192 2.000000000 2
1228 296 3 8192 2.000000000 2
1228 344 3 8192 2.000000000 2
1228 352 3 8192 2.000000000 2
1228 360 3 8192 2.000000000 2
1228 372 3 8192 2.000000000 2
1228 388 3 8192 2.000000000 2
1228 416 3 8192 2.000000000 2
1228 448 3 8192 2.000000000 2
1228 460 3 8192 2.000000000 2
1228 584 3 8192 2.000000000 2
1228 612 3 8192 2.000000000 2
1228 644 3 8192 2.000000000 2
1228 652 3 8192 2.000000000 2
1228 656 3 8192 2.000000000 2
1228 676 3 8192 2.000000000 2
1228 684 3 8192 2.000000000 2
1228 700 3 8192 2.000000000 2
1228 720 3 8192 2.000000000 2
1228 732 3 8192 2.000000000 2
1228 768 3 8192 2.000000000 2
1228 796 3 8192 2.000000000 2
1228 812 3 8192 2.000000000 2
1228 816 3 8192 2.000000000 2
1228 852 3 8192 2.000000000 2
1228 856 3 8192 2.000000000 2
1228 860 3 8192 2.000000000 2
1228 876 3 8192 2.000000000 2
1228 888 3 8192 2.000000000 2
1228 892 3 8192 2.000000000 2
1228 896 3 8192 2.000000000 2
1228 908 3 8192 2.000000000 2
1228 936 3 8192 2.000000000 2
1228 964 3 8192 2.000000000 2
1228 1008 3 8192 2.000000000 2
1228 1032 3 8192 2.000000000 2
1228 1036 3 8192 2.000000000 2
1228 1080 3 8192 2.000000000 2
1228 1104 3 8192 2.000000000 2
1228 1120 3 8192 2.000000000 2
1228 1124 3 8192 2.000000000 2
1228 1132 3 8192 2.000000000 2
1228 1136 3 8192 2.000000000 2
1228 1172 3 8192 2.000000000 2
1228 1184 3 8192 2.000000000 2
1228 1200 3 8192 2.000000000 2
1228 1216 3 8192 2.000000000 2
1228 1224 3 8192 2.000000000 2
1228 1236 3 8192 2.000000000 2
1228 1248 3 8192 2.000000000 2
1236 4 3 8192 2.000000000 2
1236 12 3 8192 2.000000000 2
1236 16 3 8192 2.000000000 2
1236 44 3 8192 2.000000000 2
1236 52 3 8192 2.000000000 2
1236 88 3 8192 2.000000000 2
1236 132 3 8192 2.000000000 2
1236 156 3 8192 2.000000000 2
1236 172 3 8192 2.000000000 2
1236 176 3 8192 2.000000000 2
1236 192 3 8192 2.000000000 2
1236 204 3 8192 2.000000000 2
1236 228 3 8192 2.000000000 2
1236 232 3 8192 2.000000000 2
1236 252 3 8192 2.000000000 2
1236 268 3 8192 2.000000000 2
1236 272 3 8192 2.000000000 2
1236 276 3 8192 2.000000000 2
1236 280 3 8192 2.000000000 2
1236 284 3 8192 2.000000000 2
1236 300 3 8192 2.000000000 2
1236 332 3 8192 2.000000000 2
1236 344 3 8192 2.000000000 2
1236 356 3 8192 2.000000000 2
1236 416 3 8192 2.000000000 2
1236 444 3 8192 2.000000000 2
1236 452 3 8192 2.000000000 2
1236 500 3 8192 2.000000000 2
1236 512 3 8192 2.000000000 2
1236 516 3 8192 2.000000000 2
1236 524 3 8192 2.000000000 2
1236 548 3 8192 2.000000000 2
1236 556 3 8192 2.000000000 2
1236 584 3 8192 2.000000000 2
1236 592 3 8192 2.000000000 2
1236 596 3 8192 2.000000000 2
1236 656 3 8192 2.000000000 2
1236 684 3 8192 2.000000000 2
1236 700 3 8192 2.000000000 2
1236 752 3 8192 2.000000000 2
1236 788 3 8192 2.000000000 2
1236 828 3 8192 2.000000000 2
1236 852 3 8192 2.000000000 2
1236 856 3 8192 2.000000000 2
1236 876 3 8192 2.000000000 2
1236 892 3 8192 2.000000000 2
1236 908 3 8192 2.000000000 2
1236 936 3 8192 2.000000000 2
1236 948 3 8192 2.000000000 2
1236 968 3 8192 2.000000000 2
1236 980 3 8192 2.000000000 2
1236 984 3 8192 2.000000000 2
1236 1008 3 8192 2.000000000 2
1236 1024 3 8192 2.000000000 2
1236 1080 3 8192 2.000000000 2
1236 1104 3 8192 2.000000000 2
1236 1132 3 8192 2.000000000 2
1236 1160 3 8192 2.000000000 2
1236 1176 3 8192 2.000000000 2
1236 1200 3 8192 2.000000000 2
1236 1204 3 8192 2.000000000 2
1236 1228 3 8192 2.000000000 2
1236 1244 3 8192 2.000000000 2
1236 1256 3 8192 2.000000000 2
1244 8 3 8192 2.000000000 2
1244 28 3 8192 2.000000000 2
1244 36 3 8192 2.000000000 2
1244 56 3 8192 2.000000000 2
1244 88 3 8192 2.000000000 2
1244 100 3 8192 2.000000000 2
1244 104 3 8192 2.000000000 2
1244 112 3 8192 2.000000000 2
1244 152 3 8192 2.000000000 2
1244 164 3 8192 2.000000000 2
1244 196 3 8192 2.000000000 2
1244 224 3 8192 2.000000000 2
1244 232 3 8192 2.000000000 2
1244 240 3 8192 2.000000000 2
1244 264 3 8192 2.000000000 2
1244 280 3 8192 2.000000000 2
1244 296 3 8192 2.000000000 2
1244 332 3 8192 2.000000000 2
1244 348 3 8192 2.000000000 2
1244 356 3 8192 2.000000000 2
1244 360 3 8192 2.000000000 2
1244 404 3 8192 2.000000000 2
1244 412 3 8192 2.000000000 2
1244 468 3 8192 2.000000000 2
1244 476 3 8192 2.000000000 2
1244 496 3 8192 2.000000000 2
1244 512 3 8192 2.000000000 2
1244 536 3 8192 2.000000000 2
1244 544 3 8192 2.000000000 2
1244 556 3 8192 2.000000000 2
1244 564 3 8192 2.000000000 2
1244 580 3 8192 2.000000000 2
1244 616 3 8192 2.000000000 2
1244 652 3 8192 2.000000000 2
1244 656 3 8192 2.000000000 2
1244 704 3 8192 2.000000000 2
1244 716 3 8192 2.000000000 2
1244 720 3 8192 2.000000000 2
1244 752 3 8192 2.000000000 2
1244 760 3 8192 2.000000000 2
1244 764 3 8192 2.000000000 2
1244 788 3 8192 2.000000000 2
1244 796 3 8192 2.000000000 2
1244 816 3 8192 2.000000000 2
1244 828 3 8192 2.000000000 2
1244 932 3 8192 2.000000000 2
1244 940 3 8192 2.000000000 2
1244 980 3 8192 2.000000000 2
1244 1008 3 8192 2.000000000 2
1244 1024 3 8192 2.000000000 2
1244 1040 3 8192 2.000000000 2
1244 1044 3 8192 2.000000000 2
1244 1056 3 8192 2.000000000 2
1244 1068 3 8192 2.000000000 2
1244 1072 3 8192 2.000000000 2
1244 1084 3 8192 2.000000000 2
1244 1100 3 8192 2.000000000 2
1244 1104 3 8192 2.000000000 2
1244 1112 3 8192 2.000000000 2
1244 1168 3 8192 2.000000000 2
1244 1200 3 8192 2.000000000 2
1244 1204 3 8192 2.000000000 2
1244 1248 3 8192 2.000000000 2
1244 1272 3 8192 2.000000000 2
1248 52 3 8192 2.000000000 2
1248 56 3 8192 2.000000000 2
1248 88 3 8192 2.000000000 2
1248 108 3 8192 2.000000000 2
1248 132 3 8192 2.000000000 2
1248 172 3 8192 2.000000000 2
1248 176 3 8192 2.000000000 2
1248 180 3 8192 2.000000000 2
1248 192 3 8192 2.000000000 2
1248 220 3 8192 2.000000000 2
1248 224 3 8192 2.000000000 2
1248 244 3 8192 2.000000000 2
1248 248 3 8192 2.000000000 2
1248 264 3 8192 2.000000000 2
1248 276 3 8192 2.000000000 2
1248 280 3 8192 2.000000000 2
1248 284 3 8192 2.000000000 2
1248 336 3 8192 2.000000000 2
1248 400 3 8192 2.000000000 2
1248 436 3 8192 2.000000000 2
1248 448 3 8192 2.000000000 2
1248 452 3 8192 2.000000000 2
1248 460 3 8192 2.000000000 2
1248 472 3 8192 2.000000000 2
1248 476 3 8192 2.000000000 2
1248 480 3 8192 2.000000000 2
1248 500 3 8192 2.000000000 2
1248 512 3 8192 2.000000000 2
1248 528 3 8192 2.000000000 2
1248 564 3 8192 2.000000000 2
1248 624 3 8192 2.000000000 2
1248 668 3 8192 2.000000000 2
1248 688 3 8192 2.000000000 2
1248 696 3 8192 2.000000000 2
1248 700 3 8192 2.000000000 2
1248 708 3 8192 2.000000000 2
1248 728 3 8192 2.000000000 2
1248 736 3 8192 2.000000000 2
1248 748 3 8192 2.000000000 2
1248 784 3 8192 2.000000000 2
1248 796 3 8192 2.000000000 2
1248 836 3 8192 2.000000000 2
1248 880 3 8192 2.000000000 2
1248 900 3 8192 2.000000000 2
1248 908 3 8192 2.000000000 2
1248 932 3 8192 2.000000000 2
1248 936 3 8192 2.000000000 2
1248 972 3 8192 2.000000000 2
1248 980 3 8192 2.000000000 2
1248 1008 3 8192 2.000000000 2
1248 1020 3 8192 2.000000000 2
1248 1032 3 8192 2.000000000 2
1248 1040 3 8192 2.000000000 2
1248 1056 3 8192 2.000000000 2
1248 1068 3 8192 2.000000000 2
1248 1080 3 8192 2.000000000 2
1248 1112 3 8192 2.000000000 2
1248 1132 3 8192 2.000000000 2
1248 1176 3 8192 2.000000000 2
1248 1180 3 8192 2.000000000 2
1248 1184 3 8192 2.000000000 2
1248 1196 3 8192 2.000000000 2
1248 1212 3 8192 2.000000000 2
1248 1224 3 8192 2.000000000 2
1256 8 3 8192 2.000000000 2
1256 44 3 8192 2.000000000 2
1256 68 3 8192 2.000000000 2
1256 84 3 8192 2.000000000 2
1256 112 3 8192 2.000000000 2
1256 132 3 8192 2.000000000 2
1256 136 3 8192 2.000000000 2
1256 188 3 8192 2.000000000 2
1256 224 3 8192 2.000000000 2
1256 244 3 8192 2.000000000 2
1256 272 3 8192 2.000000000 2
1256 300 3 8192 2.000000000 2
1256 332 3 8192 2.000000000 2
1256 360 3 8192 2.000000000 2
1256 388 3 8192 2.000000000 2
1256 392 3 8192 2.000000000 2
1256 396 3 8192 2.000000000 2
1256 412 3 8192 2.000000000 2
1256 420 3 8192 2.000000000 2
1256 436 3 8192 2.000000000 2
1256 440 3 8192 2.000000000 2
1256 444 3 8192 2.000000000 2
1256 448 3 8192 2.000000000 2
1256 500 3 8192 2.000000000 2
1256 516 3 8192 2.000000000 2
1256 536 3 8192 2.000000000 2
1256 556 3 8192 2.000000000 2
1256 584 3 8192 2.000000000 2
1256 616 3 8192 2.000000000 2
1256 640 3 8192 2.000000000 2
1256 648 3 8192 2.000000000 2
1256 652 3 8192 2.000000000 2
1256 664 3 8192 2.000000000 2
1256 668 3 8192 2.000000000 2
1256 684 3 8192 2.000000000 2
1256 688 3 8192 2.000000000 2
1256 712 3 8192 2.000000000 2
1256 736 3 8192 2.000000000 2
1256 744 3 8192 2.000000000 2
1256 752 3 8192 2.000000000 2
1256 784 3 8192 2.000000000 2
1256 788 3 8192 2.000000000 2
1256 792 3 8192 2.000000000 2
1256 816 3 8192 2.000000000 2
1256 848 3 8192 2.000000000 2
1256 876 3 8192 2.000000000 2
1256 888 3 8192 2.000000000 2
1256 896 3 8192 2.000000000 2
1256 920 3 8192 2.000000000 2
1256 932 3 8192 2.000000000 2
1256 944 3 8192 2.000000000 2
1256 948 3 8192 2.000000000 2
1256 964 3 8192 2.000000000 2
1256 988 3 8192 2.000000000 2
1256 996 3 8192 2.000000000 2
1256 1036 3 8192 2.000000000 2
1256 1044 3 8192 2.000000000 2
1256 1052 3 8192 2.000000000 2
1256 1124 3 8192 2.000000000 2
1256 1184 3 8192 2.000000000 2
1256 1196 3 8192 2.000000000 2
1256 1204 3 8192 2.000000000 2
1256 1228 3 8192 2.000000000 2
1256 1272 3 8192 2.000000000 2
1264 12 3 8192 2.000000000 2
1264 24 3 8192 2.000000000 2
1264 56 3 8192 2.000000000 2
1264 68 3 8192 2.000000000 2
1264 84 3 8192 2.000000000 2
1264 92 3 8192 2.000000000 2
1264 108 3 8192 2.000000000 2
1264 156 3 8192 2.000000000 2
1264 172 3 8192 2.000000000 2
1264 180 3 8192 2.000000000 2
1264 188 3 8192 2.000000000 2
1264 216 3 8192 2.000000000 2
1264 224 3 8192 2.000000000 2
1264 236 3 8192 2.000000000 2
1264 240 3 8192 2.000000000 2
1264 264 3 8192 2.000000000 2
1264 272 3 8192 2.000000000 2
1264 276 3 8192 2.000000000 2
1264 284 3 8192 2.000000000 2
1264 288 3 8192 2.000000000 2
1264 300 3 8192 2.000000000 2
1264 316 3 8192 2.000000000 2
1264 404 3 8192 2.000000000 2
1264 424 3 8192 2.000000000 2
1264 436 3 8192 2.000000000 2
1264 440 3 8192 2.000000000 2
1264 444 3 8192 2.000000000 2
1264 472 3 8192 2.000000000 2
1264 484 3 8192 2.000000000 2
1264 584 3 8192 2.000000000 2
1264 596 3 8192 2.000000000 2
1264 600 3 8192 2.000000000 2
1264 636 3 8192 2.000000000 2
1264 660 3 8192 2.000000000 2
1264 676 3 8192 2.000000000 2
1264 700 3 8192 2.000000000 2
1264 716 3 8192 2.000000000 2
1264 728 3 8192 2.000000000 2
1264 748 3 8192 2.000000000 2
1264 760 3 8192 2.000000000 2
1264 792 3 8192 2.000000000 2
1264 852 3 8192 2.000000000 2
1264 860 3 8192 2.000000000 2
1264 896 3 8192 2.000000000 2
1264 904 3 8192 2.000000000 2
1264 908 3 8192 2.000000000 2
1264 920 3 8192 2.000000000 2
1264 984 3 8192 2.000000000 2
1264 992 3 8192 2.000000000 2
1264 1008 3 8192 2.000000000 2
1264 1012 3 8192 2.000000000 2
1264 1036 3 8192 2.000000000 2
1264 1076 3 8192 2.000000000 2
1264 1100 3 8192 2.000000000 2
1264 1104 3 8192 2.000000000 2
1264 1116 3 8192 2.000000000 2
1264 1148 3 8192 2.000000000 2
1264 1156 3 8192 2.000000000 2
1264 1160 3 8192 2.000000000 2
1264 1168 3 8192 2.000000000 2
1264 1184 3 8192 2.000000000 2
1264 1216 3 8192 2.000000000 2
1264 1236 3 8192 2.000000000 2
1264 1272 3 8192 2.000000000 2
1272 4 3 8192 2.000000000 2
1272 44 3 8192 2.000000000 2
1272 72 3 8192 2.000000000 2
1272 76 3 8192 2.000000000 2
1272 100 3 8192 2.000000000 2
1272 124 3 8192 2.000000000 2
1272 128 3 8192 2.000000000 2
1272 152 3 8192 2.000000000 2
1272 176 3 8192 2.000000000 2
1272 180 3 8192 2.000000000 2
1272 188 3 8192 2.000000000 2
1272 208 3 8192 2.000000000 2
1272 216 3 8192 2.000000000 2
1272 236 3 8192 2.000000000 2
1272 244 3 8192 2.000000000 2
1272 252 3 8192 2.000000000 2
1272 272 3 8192 2.000000000 2
1272 288 3 8192 2.000000000 2
1272 292 3 8192 2.000000000 2
1272 356 3 8192 2.000000000 2
1272 372 3 8192 2.000000000 2
1272 404 3 8192 2.000000000 2
1272 416 3 8192 2.000000000 2
1272 436 3 8192 2.000000000 2
1272 444 3 8192 2.000000000 2
1272 452 3 8192 2.000000000 2
1272 472 3 8192 2.000000000 2
1272 496 3 8192 2.000000000 2
1272 512 3 8192 2.000000000 2
1272 524 3 8192 2.000000000 2
1272 536 3 8192 2.000000000 2
1272 624 3 8192 2.000000000 2
1272 648 3 8192 2.000000000 2
1272 664 3 8192 2.000000000 2
1272 668 3 8192 2.000000000 2
1272 676 3 8192 2.000000000 2
1272 696 3 8192 2.000000000 2
1272 712 3 8192 2.000000000 2
1272 776 3 8192 2.000000000 2
1272 792 3 8192 2.000000000 2
1272 808 3 8192 2.000000000 2
1272 812 3 8192 2.000000000 2
1272 848 3 8192 2.000000000 2
1272 856 3 8192 2.000000000 2
1272 888 3 8192 2.000000000 2
1272 920 3 8192 2.000000000 2
1272 964 3 8192 2.000000000 2
1272 992 3 8192 2.000000000 2
1272 1008 3 8192 2.000000000 2
1272 1012 3 8192 2.000000000 2
1272 1024 3 8192 2.000000000 2
1272 1032 3 8192 2.000000000 2
1272 1036 3 8192 2.000000000 2
1272 1052 3 8192 2.000000000 2
1272 1068 3 8192 2.000000000 2
1272 1072 3 8192 2.000000000 2
1272 1076 3 8192 2.000000000 2
1272 1092 3 8192 2.000000000 2
1272 1100 3 8192 2.000000000 2
1272 1104 3 8192 2.000000000 2
1272 1168 3 8192 2.000000000 2
1272 1176 3 8192 2.000000000 2
1272 1192 3 8192 2.000000000 2
1272 1244 3 8192 2.000000000 2
