16384
4 68 3 8192 2.000000000 2
4 92 3 8192 2.000000000 2
4 180 3 8192 2.000000000 2
4 188 3 8192 2.000000000 2
4 196 3 8192 2.000000000 2
4 204 3 8192 2.000000000 2
4 236 3 8192 2.000000000 2
4 244 3 8192 2.000000000 2
4 248 3 8192 2.000000000 2
4 272 3 8192 2.000000000 2
4 288 3 8192 2.000000000 2
4 296 3 8192 2.000000000 2
4 308 3 8192 2.000000000 2
4 332 3 8192 2.000000000 2
4 344 3 8192 2.000000000 2
4 372 3 8192 2.000000000 2
4 376 3 8192 2.000000000 2
4 388 3 8192 2.000000000 2
4 400 3 8192 2.000000000 2
4 448 3 8192 2.000000000 2
4 492 3 8192 2.000000000 2
4 500 3 8192 2.000000000 2
4 504 3 8192 2.000000000 2
4 508 3 8192 2.000000000 2
4 520 3 8192 2.000000000 2
4 540 3 8192 2.000000000 2
4 544 3 8192 2.000000000 2
4 548 3 8192 2.000000000 2
4 592 3 8192 2.000000000 2
4 620 3 8192 2.000000000 2
4 660 3 8192 2.000000000 2
4 668 3 8192 2.000000000 2
4 680 3 8192 2.000000000 2
4 696 3 8192 2.000000000 2
4 704 3 8192 2.000000000 2
4 720 3 8192 2.000000000 2
4 728 3 8192 2.000000000 2
4 780 3 8192 2.000000000 2
4 844 3 8192 2.000000000 2
4 860 3 8192 2.000000000 2
4 864 3 8192 2.000000000 2
4 880 3 8192 2.000000000 2
4 884 3 8192 2.000000000 2
4 892 3 8192 2.000000000 2
4 900 3 8192 2.000000000 2
4 916 3 8192 2.000000000 2
4 928 3 8192 2.000000000 2
4 936 3 8192 2.000000000 2
4 972 3 8192 2.000000000 2
4 996 3 8192 2.000000000 2
4 1000 3 8192 2.000000000 2
4 1008 3 8192 2.000000000 2
4 1020 3 8192 2.000000000 2
4 1024 3 8192 2.000000000 2
4 1064 3 8192 2.000000000 2
4 1092 3 8192 2.000000000 2
4 1112 3 8192 2.000000000 2
4 1116 3 8192 2.000000000 2
4 1120 3 8192 2.000000000 2
4 1136 3 8192 2.000000000 2
4 1164 3 8192 2.000000000 2
4 1244 3 8192 2.000000000 2
4 1272 3 8192 2.000000000 2
4 1276 3 8192 2.000000000 2
8 16 3 8192 2.000000000 2
8 48 3 8192 2.000000000 2
8 64 3 8192 2.000000000 2
8 72 3 8192 2.000000000 2
8 104 3 8192 2.000000000 2
8 120 3 8192 2.000000000 2
8 124 3 8192 2.000000000 2
8 132 3 8192 2.000000000 2
8 136 3 8192 2.000000000 2
8 172 3 8192 2.000000000 2
8 176 3 8192 2.000000000 2
8 244 3 8192 2.000000000 2
8 248 3 8192 2.000000000 2
8 252 3 8192 2.000000000 2
8 312 3 8192 2.000000000 2
8 336 3 8192 2.000000000 2
8 344 3 8192 2.000000000 2
8 352 3 8192 2.000000000 2
8 356 3 8192 2.000000000 2
8 372 3 8192 2.000000000 2
8 388 3 8192 2.000000000 2
8 412 3 8192 2.000000000 2
8 424 3 8192 2.000000000 2
8 444 3 8192 2.000000000 2
8 452 3 8192 2.000000000 2
8 516 3 8192 2.000000000 2
8 532 3 8192 2.000000000 2
8 536 3 8192 2.000000000 2
8 616 3 8192 2.000000000 2
8 632 3 8192 2.000000000 2
8 648 3 8192 2.000000000 2
8 688 3 8192 2.000000000 2
8 708 3 8192 2.000000000 2
8 720 3 8192 2.000000000 2
8 724 3 8192 2.000000000 2
8 764 3 8192 2.000000000 2
8 768 3 8192 2.000000000 2
8 776 3 8192 2.000000000 2
8 824 3 8192 2.000000000 2
8 840 3 8192 2.000000000 2
8 848 3 8192 2.000000000 2
8 856 3 8192 2.000000000 2
8 860 3 8192 2.000000000 2
8 876 3 8192 2.000000000 2
8 940 3 8192 2.000000000 2
8 976 3 8192 2.000000000 2
8 1008 3 8192 2.000000000 2
8 1012 3 8192 2.000000000 2
8 1036 3 8192 2.000000000 2
8 1056 3 8192 2.000000000 2
8 1060 3 8192 2.000000000 2
8 1092 3 8192 2.000000000 2
8 1096 3 8192 2.000000000 2
8 1100 3 8192 2.000000000 2
8 1132 3 8192 2.000000000 2
8 1136 3 8192 2.000000000 2
8 1140 3 8192 2.000000000 2
8 1148 3 8192 2.000000000 2
8 1152 3 8192 2.000000000 2
8 1156 3 8192 2.000000000 2
8 1160 3 8192 2.000000000 2
8 1200 3 8192 2.000000000 2
8 1216 3 8192 2.000000000 2
8 1272 3 8192 2.000000000 2
12 4 3 8192 2.000000000 2
12 8 3 8192 2.000000000 2
12 16 3 8192 2.000000000 2
12 24 3 8192 2.000000000 2
12 32 3 8192 2.000000000 2
12 40 3 8192 2.000000000 2
12 48 3 8192 2.000000000 2
12 68 3 8192 2.000000000 2
12 116 3 8192 2.000000000 2
12 156 3 8192 2.000000000 2
12 172 3 8192 2.000000000 2
12 188 3 8192 2.000000000 2
12 208 3 8192 2.000000000 2
12 216 3 8192 2.000000000 2
12 220 3 8192 2.000000000 2
12 228 3 8192 2.000000000 2
12 236 3 8192 2.000000000 2
12 360 3 8192 2.000000000 2
12 368 3 8192 2.000000000 2
12 376 3 8192 2.000000000 2
12 384 3 8192 2.000000000 2
12 396 3 8192 2.000000000 2
12 400 3 8192 2.000000000 2
12 452 3 8192 2.000000000 2
12 472 3 8192 2.000000000 2
12 520 3 8192 2.000000000 2
12 552 3 8192 2.000000000 2
12 560 3 8192 2.000000000 2
12 572 3 8192 2.000000000 2
12 608 3 8192 2.000000000 2
12 688 3 8192 2.000000000 2
12 732 3 8192 2.000000000 2
12 736 3 8192 2.000000000 2
12 800 3 8192 2.000000000 2
12 824 3 8192 2.000000000 2
12 836 3 8192 2.000000000 2
12 860 3 8192 2.000000000 2
12 868 3 8192 2.000000000 2
12 900 3 8192 2.000000000 2
12 920 3 8192 2.000000000 2
12 940 3 8192 2.000000000 2
12 960 3 8192 2.000000000 2
12 988 3 8192 2.000000000 2
12 996 3 8192 2.000000000 2
12 1000 3 8192 2.000000000 2
12 1004 3 8192 2.000000000 2
12 1028 3 8192 2.000000000 2
12 1052 3 8192 2.000000000 2
12 1056 3 8192 2.000000000 2
12 1060 3 8192 2.000000000 2
12 1064 3 8192 2.000000000 2
12 1112 3 8192 2.000000000 2
12 1120 3 8192 2.000000000 2
12 1136 3 8192 2.000000000 2
12 1140 3 8192 2.000000000 2
12 1148 3 8192 2.000000000 2
12 1164 3 8192 2.000000000 2
12 1172 3 8192 2.000000000 2
12 1176 3 8192 2.000000000 2
12 1196 3 8192 2.000000000 2
12 1220 3 8192 2.000000000 2
12 1232 3 8192 2.000000000 2
12 1236 3 8192 2.000000000 2
12 1260 3 8192 2.000000000 2
16 4 3 8192 2.000000000 2
16 56 3 8192 2.000000000 2
16 108 3 8192 2.000000000 2
16 140 3 8192 2.000000000 2
16 172 3 8192 2.000000000 2
16 180 3 8192 2.000000000 2
16 184 3 8192 2.000000000 2
16 196 3 8192 2.000000000 2
16 256 3 8192 2.000000000 2
16 276 3 8192 2.000000000 2
16 296 3 8192 2.000000000 2
16 308 3 8192 2.000000000 2
16 312 3 8192 2.000000000 2
16 320 3 8192 2.000000000 2
16 336 3 8192 2.000000000 2
16 344 3 8192 2.000000000 2
16 360 3 8192 2.000000000 2
16 372 3 8192 2.000000000 2
16 404 3 8192 2.000000000 2
16 416 3 8192 2.000000000 2
16 444 3 8192 2.000000000 2
16 456 3 8192 2.000000000 2
16 464 3 8192 2.000000000 2
16 496 3 8192 2.000000000 2
16 524 3 8192 2.000000000 2
16 528 3 8192 2.000000000 2
16 532 3 8192 2.000000000 2
16 548 3 8192 2.000000000 2
16 552 3 8192 2.000000000 2
16 560 3 8192 2.000000000 2
16 564 3 8192 2.000000000 2
16 572 3 8192 2.000000000 2
16 632 3 8192 2.000000000 2
16 648 3 8192 2.000000000 2
16 668 3 8192 2.000000000 2
16 676 3 8192 2.000000000 2
16 696 3 8192 2.000000000 2
16 708 3 8192 2.000000000 2
16 728 3 8192 2.000000000 2
16 732 3 8192 2.000000000 2
16 764 3 8192 2.000000000 2
16 792 3 8192 2.000000000 2
16 808 3 8192 2.000000000 2
16 904 3 8192 2.000000000 2
16 916 3 8192 2.000000000 2
16 928 3 8192 2.000000000 2
16 956 3 8192 2.000000000 2
16 972 3 8192 2.000000000 2
16 1000 3 8192 2.000000000 2
16 1008 3 8192 2.000000000 2
16 1028 3 8192 2.000000000 2
16 1068 3 8192 2.000000000 2
16 1072 3 8192 2.000000000 2
16 1088 3 8192 2.000000000 2
16 1092 3 8192 2.000000000 2
16 1128 3 8192 2.000000000 2
16 1132 3 8192 2.000000000 2
16 1144 3 8192 2.000000000 2
16 1160 3 8192 2.000000000 2
16 1192 3 8192 2.000000000 2
16 1220 3 8192 2.000000000 2
16 1224 3 8192 2.000000000 2
16 1232 3 8192 2.000000000 2
16 1264 3 8192 2.000000000 2
20 4 3 8192 2.000000000 2
20 60 3 8192 2.000000000 2
20 72 3 8192 2.000000000 2
20 92 3 8192 2.000000000 2
20 112 3 8192 2.000000000 2
20 132 3 8192 2.000000000 2
20 136 3 8192 2.000000000 2
20 148 3 8192 2.000000000 2
20 184 3 8192 2.000000000 2
20 220 3 8192 2.000000000 2
20 224 3 8192 2.000000000 2
20 228 3 8192 2.000000000 2
20 280 3 8192 2.000000000 2
20 316 3 8192 2.000000000 2
20 324 3 8192 2.000000000 2
20 336 3 8192 2.000000000 2
20 340 3 8192 2.000000000 2
20 344 3 8192 2.000000000 2
20 376 3 8192 2.000000000 2
20 392 3 8192 2.000000000 2
20 404 3 8192 2.000000000 2
20 428 3 8192 2.000000000 2
20 452 3 8192 2.000000000 2
20 460 3 8192 2.000000000 2
20 508 3 8192 2.000000000 2
20 544 3 8192 2.000000000 2
20 572 3 8192 2.000000000 2
20 636 3 8192 2.000000000 2
20 712 3 8192 2.000000000 2
20 728 3 8192 2.000000000 2
20 732 3 8192 2.000000000 2
20 768 3 8192 2.000000000 2
20 776 3 8192 2.000000000 2
20 780 3 8192 2.000000000 2
20 784 3 8192 2.000000000 2
20 836 3 8192 2.000000000 2
20 840 3 8192 2.000000000 2
20 864 3 8192 2.000000000 2
20 884 3 8192 2.000000000 2
20 892 3 8192 2.000000000 2
20 944 3 8192 2.000000000 2
20 952 3 8192 2.000000000 2
20 956 3 8192 2.000000000 2
20 968 3 8192 2.000000000 2
20 972 3 8192 2.000000000 2
20 976 3 8192 2.000000000 2
20 984 3 8192 2.000000000 2
20 1000 3 8192 2.000000000 2
20 1008 3 8192 2.000000000 2
20 1032 3 8192 2.000000000 2
20 1044 3 8192 2.000000000 2
20 1060 3 8192 2.000000000 2
20 1064 3 8192 2.000000000 2
20 1116 3 8192 2.000000000 2
20 1120 3 8192 2.000000000 2
20 1132 3 8192 2.000000000 2
20 1156 3 8192 2.000000000 2
20 1172 3 8192 2.000000000 2
20 1184 3 8192 2.000000000 2
20 1188 3 8192 2.000000000 2
20 1212 3 8192 2.000000000 2
20 1244 3 8192 2.000000000 2
20 1268 3 8192 2.000000000 2
20 1276 3 8192 2.000000000 2
24 4 3 8192 2.000000000 2
24 40 3 8192 2.000000000 2
24 44 3 8192 2.000000000 2
24 64 3 8192 2.000000000 2
24 68 3 8192 2.000000000 2
24 100 3 8192 2.000000000 2
24 104 3 8192 2.000000000 2
24 120 3 8192 2.000000000 2
24 140 3 8192 2.000000000 2
24 188 3 8192 2.000000000 2
24 224 3 8192 2.000000000 2
24 228 3 8192 2.000000000 2
24 248 3 8192 2.000000000 2
24 252 3 8192 2.000000000 2
24 256 3 8192 2.000000000 2
24 276 3 8192 2.000000000 2
24 280 3 8192 2.000000000 2
24 328 3 8192 2.000000000 2
24 340 3 8192 2.000000000 2
24 372 3 8192 2.000000000 2
24 384 3 8192 2.000000000 2
24 388 3 8192 2.000000000 2
24 396 3 8192 2.000000000 2
24 400 3 8192 2.000000000 2
24 456 3 8192 2.000000000 2
24 508 3 8192 2.000000000 2
24 520 3 8192 2.000000000 2
24 524 3 8192 2.000000000 2
24 552 3 8192 2.000000000 2
24 572 3 8192 2.000000000 2
24 616 3 8192 2.000000000 2
24 660 3 8192 2.000000000 2
24 676 3 8192 2.000000000 2
24 692 3 8192 2.000000000 2
24 696 3 8192 2.000000000 2
24 708 3 8192 2.000000000 2
24 724 3 8192 2.000000000 2
24 728 3 8192 2.000000000 2
24 780 3 8192 2.000000000 2
24 800 3 8192 2.000000000 2
24 836 3 8192 2.000000000 2
24 840 3 8192 2.000000000 2
24 868 3 8192 2.000000000 2
24 884 3 8192 2.000000000 2
24 888 3 8192 2.000000000 2
24 900 3 8192 2.000000000 2
24 912 3 8192 2.000000000 2
24 916 3 8192 2.000000000 2
24 960 3 8192 2.000000000 2
24 1000 3 8192 2.000000000 2
24 1052 3 8192 2.000000000 2
24 1092 3 8192 2.000000000 2
24 1096 3 8192 2.000000000 2
24 1128 3 8192 2.000000000 2
24 1152 3 8192 2.000000000 2
24 1156 3 8192 2.000000000 2
24 1184 3 8192 2.000000000 2
24 1192 3 8192 2.000000000 2
24 1196 3 8192 2.000000000 2
24 1200 3 8192 2.000000000 2
24 1224 3 8192 2.000000000 2
24 1228 3 8192 2.000000000 2
24 1244 3 8192 2.000000000 2
24 1268 3 8192 2.000000000 2
28 4 3 8192 2.000000000 2
28 32 3 8192 2.000000000 2
28 40 3 8192 2.000000000 2
28 56 3 8192 2.000000000 2
28 68 3 8192 2.000000000 2
28 72 3 8192 2.000000000 2
28 112 3 8192 2.000000000 2
28 132 3 8192 2.000000000 2
28 140 3 8192 2.000000000 2
28 144 3 8192 2.000000000 2
28 156 3 8192 2.000000000 2
28 180 3 8192 2.000000000 2
28 184 3 8192 2.000000000 2
28 192 3 8192 2.000000000 2
28 196 3 8192 2.000000000 2
28 204 3 8192 2.000000000 2
28 308 3 8192 2.000000000 2
28 340 3 8192 2.000000000 2
28 352 3 8192 2.000000000 2
28 388 3 8192 2.000000000 2
28 392 3 8192 2.000000000 2
28 408 3 8192 2.000000000 2
28 412 3 8192 2.000000000 2
28 416 3 8192 2.000000000 2
28 424 3 8192 2.000000000 2
28 428 3 8192 2.000000000 2
28 440 3 8192 2.000000000 2
28 444 3 8192 2.000000000 2
28 464 3 8192 2.000000000 2
28 492 3 8192 2.000000000 2
28 500 3 8192 2.000000000 2
28 544 3 8192 2.000000000 2
28 580 3 8192 2.000000000 2
28 592 3 8192 2.000000000 2
28 616 3 8192 2.000000000 2
28 632 3 8192 2.000000000 2
28 664 3 8192 2.000000000 2
28 688 3 8192 2.000000000 2
28 696 3 8192 2.000000000 2
28 704 3 8192 2.000000000 2
28 716 3 8192 2.000000000 2
28 720 3 8192 2.000000000 2
28 776 3 8192 2.000000000 2
28 840 3 8192 2.000000000 2
28 860 3 8192 2.000000000 2
28 900 3 8192 2.000000000 2
28 916 3 8192 2.000000000 2
28 972 3 8192 2.000000000 2
28 980 3 8192 2.000000000 2
28 996 3 8192 2.000000000 2
28 1004 3 8192 2.000000000 2
28 1024 3 8192 2.000000000 2
28 1052 3 8192 2.000000000 2
28 1056 3 8192 2.000000000 2
28 1060 3 8192 2.000000000 2
28 1064 3 8192 2.000000000 2
28 1116 3 8192 2.000000000 2
28 1120 3 8192 2.000000000 2
28 1144 3 8192 2.000000000 2
28 1152 3 8192 2.000000000 2
28 1164 3 8192 2.000000000 2
28 1168 3 8192 2.000000000 2
28 1216 3 8192 2.000000000 2
28 1264 3 8192 2.000000000 2
32 4 3 8192 2.000000000 2
32 20 3 8192 2.000000000 2
32 24 3 8192 2.000000000 2
32 40 3 8192 2.000000000 2
32 88 3 8192 2.000000000 2
32 112 3 8192 2.000000000 2
32 116 3 8192 2.000000000 2
32 156 3 8192 2.000000000 2
32 172 3 8192 2.000000000 2
32 192 3 8192 2.000000000 2
32 220 3 8192 2.000000000 2
32 252 3 8192 2.000000000 2
32 264 3 8192 2.000000000 2
32 268 3 8192 2.000000000 2
32 272 3 8192 2.000000000 2
32 288 3 8192 2.000000000 2
32 292 3 8192 2.000000000 2
32 296 3 8192 2.000000000 2
32 328 3 8192 2.000000000 2
32 360 3 8192 2.000000000 2
32 368 3 8192 2.000000000 2
32 372 3 8192 2.000000000 2
32 412 3 8192 2.000000000 2
32 428 3 8192 2.000000000 2
32 444 3 8192 2.000000000 2
32 452 3 8192 2.000000000 2
32 456 3 8192 2.000000000 2
32 460 3 8192 2.000000000 2
32 508 3 8192 2.000000000 2
32 536 3 8192 2.000000000 2
32 548 3 8192 2.000000000 2
32 560 3 8192 2.000000000 2
32 592 3 8192 2.000000000 2
32 648 3 8192 2.000000000 2
32 652 3 8192 2.000000000 2
32 660 3 8192 2.000000000 2
32 692 3 8192 2.000000000 2
32 704 3 8192 2.000000000 2
32 708 3 8192 2.000000000 2
32 724 3 8192 2.000000000 2
32 732 3 8192 2.000000000 2
32 760 3 8192 2.000000000 2
32 776 3 8192 2.000000000 2
32 788 3 8192 2.000000000 2
32 820 3 8192 2.000000000 2
32 836 3 8192 2.000000000 2
32 848 3 8192 2.000000000 2
32 892 3 8192 2.000000000 2
32 908 3 8192 2.000000000 2
32 936 3 8192 2.000000000 2
32 940 3 8192 2.000000000 2
32 972 3 8192 2.000000000 2
32 1004 3 8192 2.000000000 2
32 1060 3 8192 2.000000000 2
32 1072 3 8192 2.000000000 2
32 1116 3 8192 2.000000000 2
32 1136 3 8192 2.000000000 2
32 1168 3 8192 2.000000000 2
32 1172 3 8192 2.000000000 2
32 1184 3 8192 2.000000000 2
32 1200 3 8192 2.000000000 2
32 1220 3 8192 2.000000000 2
32 1228 3 8192 2.000000000 2
32 1268 3 8192 2.000000000 2
40 20 3 8192 2.000000000 2
40 32 3 8192 2.000000000 2
40 60 3 8192 2.000000000 2
40 68 3 8192 2.000000000 2
40 104 3 8192 2.000000000 2
40 112 3 8192 2.000000000 2
40 116 3 8192 2.000000000 2
40 120 3 8192 2.000000000 2
40 124 3 8192 2.000000000 2
40 136 3 8192 2.000000000 2
40 140 3 8192 2.000000000 2
40 148 3 8192 2.000000000 2
40 172 3 8192 2.000000000 2
40 176 3 8192 2.000000000 2
40 204 3 8192 2.000000000 2
40 312 3 8192 2.000000000 2
40 316 3 8192 2.000000000 2
40 356 3 8192 2.000000000 2
40 368 3 8192 2.000000000 2
40 372 3 8192 2.000000000 2
40 392 3 8192 2.000000000 2
40 452 3 8192 2.000000000 2
40 468 3 8192 2.000000000 2
40 472 3 8192 2.000000000 2
40 492 3 8192 2.000000000 2
40 496 3 8192 2.000000000 2
40 524 3 8192 2.000000000 2
40 528 3 8192 2.000000000 2
40 544 3 8192 2.000000000 2
40 564 3 8192 2.000000000 2
40 580 3 8192 2.000000000 2
40 588 3 8192 2.000000000 2
40 620 3 8192 2.000000000 2
40 624 3 8192 2.000000000 2
40 632 3 8192 2.000000000 2
40 668 3 8192 2.000000000 2
40 704 3 8192 2.000000000 2
40 712 3 8192 2.000000000 2
40 720 3 8192 2.000000000 2
40 732 3 8192 2.000000000 2
40 860 3 8192 2.000000000 2
40 864 3 8192 2.000000000 2
40 868 3 8192 2.000000000 2
40 912 3 8192 2.000000000 2
40 920 3 8192 2.000000000 2
40 928 3 8192 2.000000000 2
40 956 3 8192 2.000000000 2
40 968 3 8192 2.000000000 2
40 1000 3 8192 2.000000000 2
40 1008 3 8192 2.000000000 2
40 1024 3 8192 2.000000000 2
40 1044 3 8192 2.000000000 2
40 1052 3 8192 2.000000000 2
40 1092 3 8192 2.000000000 2
40 1096 3 8192 2.000000000 2
40 1128 3 8192 2.000000000 2
40 1136 3 8192 2.000000000 2
40 1152 3 8192 2.000000000 2
40 1204 3 8192 2.000000000 2
40 1212 3 8192 2.000000000 2
40 1220 3 8192 2.000000000 2
40 1232 3 8192 2.000000000 2
40 1236 3 8192 2.000000000 2
40 1244 3 8192 2.000000000 2
44 16 3 8192 2.000000000 2
44 24 3 8192 2.000000000 2
44 28 3 8192 2.000000000 2
44 64 3 8192 2.000000000 2
44 72 3 8192 2.000000000 2
44 92 3 8192 2.000000000 2
44 104 3 8192 2.000000000 2
44 184 3 8192 2.000000000 2
44 188 3 8192 2.000000000 2
44 204 3 8192 2.000000000 2
44 240 3 8192 2.000000000 2
44 288 3 8192 2.000000000 2
44 292 3 8192 2.000000000 2
44 296 3 8192 2.000000000 2
44 308 3 8192 2.000000000 2
44 320 3 8192 2.000000000 2
44 352 3 8192 2.000000000 2
44 368 3 8192 2.000000000 2
44 408 3 8192 2.000000000 2
44 428 3 8192 2.000000000 2
44 520 3 8192 2.000000000 2
44 532 3 8192 2.000000000 2
44 548 3 8192 2.000000000 2
44 552 3 8192 2.000000000 2
44 588 3 8192 2.000000000 2
44 608 3 8192 2.000000000 2
44 616 3 8192 2.000000000 2
44 620 3 8192 2.000000000 2
44 632 3 8192 2.000000000 2
44 648 3 8192 2.000000000 2
44 676 3 8192 2.000000000 2
44 680 3 8192 2.000000000 2
44 704 3 8192 2.000000000 2
44 720 3 8192 2.000000000 2
44 724 3 8192 2.000000000 2
44 732 3 8192 2.000000000 2
44 736 3 8192 2.000000000 2
44 764 3 8192 2.000000000 2
44 788 3 8192 2.000000000 2
44 812 3 8192 2.000000000 2
44 820 3 8192 2.000000000 2
44 848 3 8192 2.000000000 2
44 864 3 8192 2.000000000 2
44 868 3 8192 2.000000000 2
44 876 3 8192 2.000000000 2
44 880 3 8192 2.000000000 2
44 892 3 8192 2.000000000 2
44 900 3 8192 2.000000000 2
44 916 3 8192 2.000000000 2
44 972 3 8192 2.000000000 2
44 980 3 8192 2.000000000 2
44 984 3 8192 2.000000000 2
44 1024 3 8192 2.000000000 2
44 1032 3 8192 2.000000000 2
44 1056 3 8192 2.000000000 2
44 1072 3 8192 2.000000000 2
44 1092 3 8192 2.000000000 2
44 1096 3 8192 2.000000000 2
44 1116 3 8192 2.000000000 2
44 1144 3 8192 2.000000000 2
44 1164 3 8192 2.000000000 2
44 1200 3 8192 2.000000000 2
44 1232 3 8192 2.000000000 2
44 1260 3 8192 2.000000000 2
48 64 3 8192 2.000000000 2
48 72 3 8192 2.000000000 2
48 100 3 8192 2.000000000 2
48 112 3 8192 2.000000000 2
48 120 3 8192 2.000000000 2
48 124 3 8192 2.000000000 2
48 136 3 8192 2.000000000 2
48 144 3 8192 2.000000000 2
48 156 3 8192 2.000000000 2
48 160 3 8192 2.000000000 2
48 176 3 8192 2.000000000 2
48 208 3 8192 2.000000000 2
48 212 3 8192 2.000000000 2
48 240 3 8192 2.000000000 2
48 272 3 8192 2.000000000 2
48 276 3 8192 2.000000000 2
48 288 3 8192 2.000000000 2
48 308 3 8192 2.000000000 2
48 324 3 8192 2.000000000 2
48 340 3 8192 2.000000000 2
48 396 3 8192 2.000000000 2
48 424 3 8192 2.000000000 2
48 428 3 8192 2.000000000 2
48 444 3 8192 2.000000000 2
48 472 3 8192 2.000000000 2
48 492 3 8192 2.000000000 2
48 500 3 8192 2.000000000 2
48 508 3 8192 2.000000000 2
48 572 3 8192 2.000000000 2
48 620 3 8192 2.000000000 2
48 632 3 8192 2.000000000 2
48 688 3 8192 2.000000000 2
48 704 3 8192 2.000000000 2
48 708 3 8192 2.000000000 2
48 716 3 8192 2.000000000 2
48 720 3 8192 2.000000000 2
48 728 3 8192 2.000000000 2
48 736 3 8192 2.000000000 2
48 764 3 8192 2.000000000 2
48 768 3 8192 2.000000000 2
48 784 3 8192 2.000000000 2
48 792 3 8192 2.000000000 2
48 824 3 8192 2.000000000 2
48 844 3 8192 2.000000000 2
48 868 3 8192 2.000000000 2
48 904 3 8192 2.000000000 2
48 920 3 8192 2.000000000 2
48 940 3 8192 2.000000000 2
48 972 3 8192 2.000000000 2
48 976 3 8192 2.000000000 2
48 988 3 8192 2.000000000 2
48 1008 3 8192 2.000000000 2
48 1044 3 8192 2.000000000 2
48 1052 3 8192 2.000000000 2
48 1056 3 8192 2.000000000 2
48 1060 3 8192 2.000000000 2
48 1068 3 8192 2.000000000 2
48 1092 3 8192 2.000000000 2
48 1096 3 8192 2.000000000 2
48 1128 3 8192 2.000000000 2
48 1140 3 8192 2.000000000 2
48 1204 3 8192 2.000000000 2
48 1212 3 8192 2.000000000 2
48 1224 3 8192 2.000000000 2
56 20 3 8192 2.000000000 2
56 28 3 8192 2.000000000 2
56 44 3 8192 2.000000000 2
56 64 3 8192 2.000000000 2
56 80 3 8192 2.000000000 2
56 116 3 8192 2.000000000 2
56 124 3 8192 2.000000000 2
56 144 3 8192 2.000000000 2
56 148 3 8192 2.000000000 2
56 156 3 8192 2.000000000 2
56 160 3 8192 2.000000000 2
56 188 3 8192 2.000000000 2
56 192 3 8192 2.000000000 2
56 200 3 8192 2.000000000 2
56 204 3 8192 2.000000000 2
56 212 3 8192 2.000000000 2
56 228 3 8192 2.000000000 2
56 272 3 8192 2.000000000 2
56 308 3 8192 2.000000000 2
56 312 3 8192 2.000000000 2
56 360 3 8192 2.000000000 2
56 400 3 8192 2.000000000 2
56 408 3 8192 2.000000000 2
56 412 3 8192 2.000000000 2
56 448 3 8192 2.000000000 2
56 492 3 8192 2.000000000 2
56 500 3 8192 2.000000000 2
56 552 3 8192 2.000000000 2
56 560 3 8192 2.000000000 2
56 592 3 8192 2.000000000 2
56 632 3 8192 2.000000000 2
56 636 3 8192 2.000000000 2
56 652 3 8192 2.000000000 2
56 660 3 8192 2.000000000 2
56 692 3 8192 2.000000000 2
56 696 3 8192 2.000000000 2
56 704 3 8192 2.000000000 2
56 728 3 8192 2.000000000 2
56 776 3 8192 2.000000000 2
56 792 3 8192 2.000000000 2
56 824 3 8192 2.000000000 2
56 840 3 8192 2.000000000 2
56 848 3 8192 2.000000000 2
56 880 3 8192 2.000000000 2
56 884 3 8192 2.000000000 2
56 956 3 8192 2.000000000 2
56 976 3 8192 2.000000000 2
56 988 3 8192 2.000000000 2
56 1004 3 8192 2.000000000 2
56 1020 3 8192 2.000000000 2
56 1032 3 8192 2.000000000 2
56 1060 3 8192 2.000000000 2
56 1084 3 8192 2.000000000 2
56 1120 3 8192 2.000000000 2
56 1144 3 8192 2.000000000 2
56 1148 3 8192 2.000000000 2
56 1152 3 8192 2.000000000 2
56 1156 3 8192 2.000000000 2
56 1164 3 8192 2.000000000 2
56 1204 3 8192 2.000000000 2
56 1220 3 8192 2.000000000 2
56 1224 3 8192 2.000000000 2
56 1244 3 8192 2.000000000 2
56 1264 3 8192 2.000000000 2
60 12 3 8192 2.000000000 2
60 16 3 8192 2.000000000 2
60 24 3 8192 2.000000000 2
60 48 3 8192 2.000000000 2
60 92 3 8192 2.000000000 2
60 100 3 8192 2.000000000 2
60 104 3 8192 2.000000000 2
60 112 3 8192 2.000000000 2
60 144 3 8192 2.000000000 2
60 148 3 8192 2.000000000 2
60 172 3 8192 2.000000000 2
60 180 3 8192 2.000000000 2
60 188 3 8192 2.000000000 2
60 204 3 8192 2.000000000 2
60 216 3 8192 2.000000000 2
60 220 3 8192 2.000000000 2
60 240 3 8192 2.000000000 2
60 252 3 8192 2.000000000 2
60 268 3 8192 2.000000000 2
60 296 3 8192 2.000000000 2
60 308 3 8192 2.000000000 2
60 320 3 8192 2.000000000 2
60 356 3 8192 2.000000000 2
60 368 3 8192 2.000000000 2
60 384 3 8192 2.000000000 2
60 396 3 8192 2.000000000 2
60 400 3 8192 2.000000000 2
60 416 3 8192 2.000000000 2
60 424 3 8192 2.000000000 2
60 464 3 8192 2.000000000 2
60 468 3 8192 2.000000000 2
60 496 3 8192 2.000000000 2
60 504 3 8192 2.000000000 2
60 520 3 8192 2.000000000 2
60 572 3 8192 2.000000000 2
60 592 3 8192 2.000000000 2
60 652 3 8192 2.000000000 2
60 692 3 8192 2.000000000 2
60 716 3 8192 2.000000000 2
60 768 3 8192 2.000000000 2
60 840 3 8192 2.000000000 2
60 860 3 8192 2.000000000 2
60 876 3 8192 2.000000000 2
60 880 3 8192 2.000000000 2
60 888 3 8192 2.000000000 2
60 900 3 8192 2.000000000 2
60 904 3 8192 2.000000000 2
60 912 3 8192 2.000000000 2
60 972 3 8192 2.000000000 2
60 984 3 8192 2.000000000 2
60 1008 3 8192 2.000000000 2
60 1036 3 8192 2.000000000 2
60 1064 3 8192 2.000000000 2
60 1068 3 8192 2.000000000 2
60 1112 3 8192 2.000000000 2
60 1128 3 8192 2.000000000 2
60 1136 3 8192 2.000000000 2
60 1140 3 8192 2.000000000 2
60 1148 3 8192 2.000000000 2
60 1184 3 8192 2.000000000 2
60 1188 3 8192 2.000000000 2
60 1224 3 8192 2.000000000 2
60 1236 3 8192 2.000000000 2
60 1264 3 8192 2.000000000 2
64 16 3 8192 2.000000000 2
64 24 3 8192 2.000000000 2
64 44 3 8192 2.000000000 2
64 48 3 8192 2.000000000 2
64 72 3 8192 2.000000000 2
64 116 3 8192 2.000000000 2
64 160 3 8192 2.000000000 2
64 180 3 8192 2.000000000 2
64 200 3 8192 2.000000000 2
64 204 3 8192 2.000000000 2
64 212 3 8192 2.000000000 2
64 220 3 8192 2.000000000 2
64 224 3 8192 2.000000000 2
64 248 3 8192 2.000000000 2
64 256 3 8192 2.000000000 2
64 276 3 8192 2.000000000 2
64 288 3 8192 2.000000000 2
64 324 3 8192 2.000000000 2
64 328 3 8192 2.000000000 2
64 360 3 8192 2.000000000 2
64 368 3 8192 2.000000000 2
64 392 3 8192 2.000000000 2
64 404 3 8192 2.000000000 2
64 428 3 8192 2.000000000 2
64 452 3 8192 2.000000000 2
64 460 3 8192 2.000000000 2
64 464 3 8192 2.000000000 2
64 468 3 8192 2.000000000 2
64 496 3 8192 2.000000000 2
64 500 3 8192 2.000000000 2
64 528 3 8192 2.000000000 2
64 532 3 8192 2.000000000 2
64 548 3 8192 2.000000000 2
64 552 3 8192 2.000000000 2
64 596 3 8192 2.000000000 2
64 636 3 8192 2.000000000 2
64 692 3 8192 2.000000000 2
64 696 3 8192 2.000000000 2
64 712 3 8192 2.000000000 2
64 764 3 8192 2.000000000 2
64 812 3 8192 2.000000000 2
64 836 3 8192 2.000000000 2
64 844 3 8192 2.000000000 2
64 856 3 8192 2.000000000 2
64 948 3 8192 2.000000000 2
64 960 3 8192 2.000000000 2
64 968 3 8192 2.000000000 2
64 1012 3 8192 2.000000000 2
64 1048 3 8192 2.000000000 2
64 1052 3 8192 2.000000000 2
64 1060 3 8192 2.000000000 2
64 1072 3 8192 2.000000000 2
64 1092 3 8192 2.000000000 2
64 1116 3 8192 2.000000000 2
64 1132 3 8192 2.000000000 2
64 1140 3 8192 2.000000000 2
64 1152 3 8192 2.000000000 2
64 1176 3 8192 2.000000000 2
64 1188 3 8192 2.000000000 2
64 1232 3 8192 2.000000000 2
64 1236 3 8192 2.000000000 2
64 1244 3 8192 2.000000000 2
64 1260 3 8192 2.000000000 2
64 1272 3 8192 2.000000000 2
68 20 3 8192 2.000000000 2
68 56 3 8192 2.000000000 2
68 64 3 8192 2.000000000 2
68 72 3 8192 2.000000000 2
68 100 3 8192 2.000000000 2
68 104 3 8192 2.000000000 2
68 112 3 8192 2.000000000 2
68 140 3 8192 2.000000000 2
68 144 3 8192 2.000000000 2
68 160 3 8192 2.000000000 2
68 176 3 8192 2.000000000 2
68 180 3 8192 2.000000000 2
68 188 3 8192 2.000000000 2
68 240 3 8192 2.000000000 2
68 244 3 8192 2.000000000 2
68 248 3 8192 2.000000000 2
68 256 3 8192 2.000000000 2
68 312 3 8192 2.000000000 2
68 316 3 8192 2.000000000 2
68 320 3 8192 2.000000000 2
68 340 3 8192 2.000000000 2
68 352 3 8192 2.000000000 2
68 412 3 8192 2.000000000 2
68 460 3 8192 2.000000000 2
68 504 3 8192 2.000000000 2
68 528 3 8192 2.000000000 2
68 536 3 8192 2.000000000 2
68 540 3 8192 2.000000000 2
68 544 3 8192 2.000000000 2
68 632 3 8192 2.000000000 2
68 652 3 8192 2.000000000 2
68 664 3 8192 2.000000000 2
68 676 3 8192 2.000000000 2
68 688 3 8192 2.000000000 2
68 724 3 8192 2.000000000 2
68 728 3 8192 2.000000000 2
68 764 3 8192 2.000000000 2
68 808 3 8192 2.000000000 2
68 820 3 8192 2.000000000 2
68 836 3 8192 2.000000000 2
68 848 3 8192 2.000000000 2
68 868 3 8192 2.000000000 2
68 880 3 8192 2.000000000 2
68 928 3 8192 2.000000000 2
68 952 3 8192 2.000000000 2
68 976 3 8192 2.000000000 2
68 984 3 8192 2.000000000 2
68 1008 3 8192 2.000000000 2
68 1012 3 8192 2.000000000 2
68 1028 3 8192 2.000000000 2
68 1064 3 8192 2.000000000 2
68 1084 3 8192 2.000000000 2
68 1096 3 8192 2.000000000 2
68 1100 3 8192 2.000000000 2
68 1120 3 8192 2.000000000 2
68 1144 3 8192 2.000000000 2
68 1160 3 8192 2.000000000 2
68 1164 3 8192 2.000000000 2
68 1168 3 8192 2.000000000 2
68 1196 3 8192 2.000000000 2
68 1236 3 8192 2.000000000 2
68 1244 3 8192 2.000000000 2
68 1272 3 8192 2.000000000 2
68 1276 3 8192 2.000000000 2
72 8 3 8192 2.000000000 2
72 16 3 8192 2.000000000 2
72 32 3 8192 2.000000000 2
72 44 3 8192 2.000000000 2
72 56 3 8192 2.000000000 2
72 88 3 8192 2.000000000 2
72 100 3 8192 2.000000000 2
72 108 3 8192 2.000000000 2
72 140 3 8192 2.000000000 2
72 192 3 8192 2.000000000 2
72 204 3 8192 2.000000000 2
72 228 3 8192 2.000000000 2
72 272 3 8192 2.000000000 2
72 276 3 8192 2.000000000 2
72 324 3 8192 2.000000000 2
72 328 3 8192 2.000000000 2
72 388 3 8192 2.000000000 2
72 396 3 8192 2.000000000 2
72 400 3 8192 2.000000000 2
72 412 3 8192 2.000000000 2
72 428 3 8192 2.000000000 2
72 464 3 8192 2.000000000 2
72 468 3 8192 2.000000000 2
72 492 3 8192 2.000000000 2
72 508 3 8192 2.000000000 2
72 528 3 8192 2.000000000 2
72 544 3 8192 2.000000000 2
72 628 3 8192 2.000000000 2
72 632 3 8192 2.000000000 2
72 636 3 8192 2.000000000 2
72 648 3 8192 2.000000000 2
72 680 3 8192 2.000000000 2
72 708 3 8192 2.000000000 2
72 720 3 8192 2.000000000 2
72 724 3 8192 2.000000000 2
72 732 3 8192 2.000000000 2
72 760 3 8192 2.000000000 2
72 764 3 8192 2.000000000 2
72 780 3 8192 2.000000000 2
72 784 3 8192 2.000000000 2
72 792 3 8192 2.000000000 2
72 800 3 8192 2.000000000 2
72 884 3 8192 2.000000000 2
72 904 3 8192 2.000000000 2
72 928 3 8192 2.000000000 2
72 968 3 8192 2.000000000 2
72 976 3 8192 2.000000000 2
72 988 3 8192 2.000000000 2
72 1008 3 8192 2.000000000 2
72 1012 3 8192 2.000000000 2
72 1032 3 8192 2.000000000 2
72 1052 3 8192 2.000000000 2
72 1068 3 8192 2.000000000 2
72 1096 3 8192 2.000000000 2
72 1116 3 8192 2.000000000 2
72 1132 3 8192 2.000000000 2
72 1164 3 8192 2.000000000 2
72 1172 3 8192 2.000000000 2
72 1184 3 8192 2.000000000 2
72 1192 3 8192 2.000000000 2
72 1204 3 8192 2.000000000 2
72 1224 3 8192 2.000000000 2
72 1244 3 8192 2.000000000 2
72 1260 3 8192 2.000000000 2
80 16 3 8192 2.000000000 2
80 20 3 8192 2.000000000 2
80 32 3 8192 2.000000000 2
80 44 3 8192 2.000000000 2
80 48 3 8192 2.000000000 2
80 60 3 8192 2.000000000 2
80 100 3 8192 2.000000000 2
80 108 3 8192 2.000000000 2
80 120 3 8192 2.000000000 2
80 148 3 8192 2.000000000 2
80 180 3 8192 2.000000000 2
80 184 3 8192 2.000000000 2
80 224 3 8192 2.000000000 2
80 240 3 8192 2.000000000 2
80 264 3 8192 2.000000000 2
80 280 3 8192 2.000000000 2
80 316 3 8192 2.000000000 2
80 320 3 8192 2.000000000 2
80 344 3 8192 2.000000000 2
80 372 3 8192 2.000000000 2
80 384 3 8192 2.000000000 2
80 428 3 8192 2.000000000 2
80 452 3 8192 2.000000000 2
80 464 3 8192 2.000000000 2
80 496 3 8192 2.000000000 2
80 508 3 8192 2.000000000 2
80 528 3 8192 2.000000000 2
80 544 3 8192 2.000000000 2
80 548 3 8192 2.000000000 2
80 560 3 8192 2.000000000 2
80 588 3 8192 2.000000000 2
80 596 3 8192 2.000000000 2
80 608 3 8192 2.000000000 2
80 620 3 8192 2.000000000 2
80 636 3 8192 2.000000000 2
80 700 3 8192 2.000000000 2
80 704 3 8192 2.000000000 2
80 716 3 8192 2.000000000 2
80 724 3 8192 2.000000000 2
80 736 3 8192 2.000000000 2
80 760 3 8192 2.000000000 2
80 788 3 8192 2.000000000 2
80 800 3 8192 2.000000000 2
80 808 3 8192 2.000000000 2
80 836 3 8192 2.000000000 2
80 840 3 8192 2.000000000 2
80 844 3 8192 2.000000000 2
80 848 3 8192 2.000000000 2
80 900 3 8192 2.000000000 2
80 916 3 8192 2.000000000 2
80 972 3 8192 2.000000000 2
80 980 3 8192 2.000000000 2
80 984 3 8192 2.000000000 2
80 1036 3 8192 2.000000000 2
80 1128 3 8192 2.000000000 2
80 1156 3 8192 2.000000000 2
80 1168 3 8192 2.000000000 2
80 1212 3 8192 2.000000000 2
80 1216 3 8192 2.000000000 2
80 1224 3 8192 2.000000000 2
80 1236 3 8192 2.000000000 2
80 1244 3 8192 2.000000000 2
80 1264 3 8192 2.000000000 2
80 1272 3 8192 2.000000000 2
88 16 3 8192 2.000000000 2
88 24 3 8192 2.000000000 2
88 32 3 8192 2.000000000 2
88 60 3 8192 2.000000000 2
88 64 3 8192 2.000000000 2
88 80 3 8192 2.000000000 2
88 124 3 8192 2.000000000 2
88 132 3 8192 2.000000000 2
88 140 3 8192 2.000000000 2
88 176 3 8192 2.000000000 2
88 212 3 8192 2.000000000 2
88 236 3 8192 2.000000000 2
88 244 3 8192 2.000000000 2
88 248 3 8192 2.000000000 2
88 252 3 8192 2.000000000 2
88 280 3 8192 2.000000000 2
88 316 3 8192 2.000000000 2
88 328 3 8192 2.000000000 2
88 332 3 8192 2.000000000 2
88 336 3 8192 2.000000000 2
88 372 3 8192 2.000000000 2
88 388 3 8192 2.000000000 2
88 404 3 8192 2.000000000 2
88 424 3 8192 2.000000000 2
88 496 3 8192 2.000000000 2
88 520 3 8192 2.000000000 2
88 580 3 8192 2.000000000 2
88 592 3 8192 2.000000000 2
88 616 3 8192 2.000000000 2
88 636 3 8192 2.000000000 2
88 648 3 8192 2.000000000 2
88 668 3 8192 2.000000000 2
88 676 3 8192 2.000000000 2
88 680 3 8192 2.000000000 2
88 704 3 8192 2.000000000 2
88 708 3 8192 2.000000000 2
88 716 3 8192 2.000000000 2
88 720 3 8192 2.000000000 2
88 724 3 8192 2.000000000 2
88 736 3 8192 2.000000000 2
88 840 3 8192 2.000000000 2
88 848 3 8192 2.000000000 2
88 864 3 8192 2.000000000 2
88 904 3 8192 2.000000000 2
88 908 3 8192 2.000000000 2
88 940 3 8192 2.000000000 2
88 960 3 8192 2.000000000 2
88 968 3 8192 2.000000000 2
88 980 3 8192 2.000000000 2
88 1000 3 8192 2.000000000 2
88 1008 3 8192 2.000000000 2
88 1116 3 8192 2.000000000 2
88 1132 3 8192 2.000000000 2
88 1136 3 8192 2.000000000 2
88 1140 3 8192 2.000000000 2
88 1152 3 8192 2.000000000 2
88 1156 3 8192 2.000000000 2
88 1164 3 8192 2.000000000 2
88 1196 3 8192 2.000000000 2
88 1204 3 8192 2.000000000 2
88 1212 3 8192 2.000000000 2
88 1216 3 8192 2.000000000 2
88 1232 3 8192 2.000000000 2
88 1236 3 8192 2.000000000 2
92 4 3 8192 2.000000000 2
92 8 3 8192 2.000000000 2
92 40 3 8192 2.000000000 2
92 56 3 8192 2.000000000 2
92 116 3 8192 2.000000000 2
92 120 3 8192 2.000000000 2
92 148 3 8192 2.000000000 2
92 160 3 8192 2.000000000 2
92 192 3 8192 2.000000000 2
92 196 3 8192 2.000000000 2
92 208 3 8192 2.000000000 2
92 272 3 8192 2.000000000 2
92 280 3 8192 2.000000000 2
92 292 3 8192 2.000000000 2
92 296 3 8192 2.000000000 2
92 316 3 8192 2.000000000 2
92 336 3 8192 2.000000000 2
92 340 3 8192 2.000000000 2
92 356 3 8192 2.000000000 2
92 384 3 8192 2.000000000 2
92 388 3 8192 2.000000000 2
92 400 3 8192 2.000000000 2
92 428 3 8192 2.000000000 2
92 508 3 8192 2.000000000 2
92 536 3 8192 2.000000000 2
92 548 3 8192 2.000000000 2
92 560 3 8192 2.000000000 2
92 568 3 8192 2.000000000 2
92 580 3 8192 2.000000000 2
92 588 3 8192 2.000000000 2
92 628 3 8192 2.000000000 2
92 652 3 8192 2.000000000 2
92 660 3 8192 2.000000000 2
92 664 3 8192 2.000000000 2
92 696 3 8192 2.000000000 2
92 708 3 8192 2.000000000 2
92 724 3 8192 2.000000000 2
92 768 3 8192 2.000000000 2
92 780 3 8192 2.000000000 2
92 788 3 8192 2.000000000 2
92 812 3 8192 2.000000000 2
92 832 3 8192 2.000000000 2
92 844 3 8192 2.000000000 2
92 848 3 8192 2.000000000 2
92 856 3 8192 2.000000000 2
92 864 3 8192 2.000000000 2
92 868 3 8192 2.000000000 2
92 880 3 8192 2.000000000 2
92 884 3 8192 2.000000000 2
92 912 3 8192 2.000000000 2
92 948 3 8192 2.000000000 2
92 956 3 8192 2.000000000 2
92 972 3 8192 2.000000000 2
92 996 3 8192 2.000000000 2
92 1020 3 8192 2.000000000 2
92 1024 3 8192 2.000000000 2
92 1084 3 8192 2.000000000 2
92 1092 3 8192 2.000000000 2
92 1112 3 8192 2.000000000 2
92 1156 3 8192 2.000000000 2
92 1172 3 8192 2.000000000 2
92 1188 3 8192 2.000000000 2
92 1196 3 8192 2.000000000 2
92 1224 3 8192 2.000000000 2
100 16 3 8192 2.000000000 2
100 24 3 8192 2.000000000 2
100 56 3 8192 2.000000000 2
100 68 3 8192 2.000000000 2
100 88 3 8192 2.000000000 2
100 92 3 8192 2.000000000 2
100 104 3 8192 2.000000000 2
100 120 3 8192 2.000000000 2
100 140 3 8192 2.000000000 2
100 156 3 8192 2.000000000 2
100 184 3 8192 2.000000000 2
100 196 3 8192 2.000000000 2
100 212 3 8192 2.000000000 2
100 240 3 8192 2.000000000 2
100 256 3 8192 2.000000000 2
100 272 3 8192 2.000000000 2
100 288 3 8192 2.000000000 2
100 320 3 8192 2.000000000 2
100 372 3 8192 2.000000000 2
100 396 3 8192 2.000000000 2
100 400 3 8192 2.000000000 2
100 428 3 8192 2.000000000 2
100 448 3 8192 2.000000000 2
100 452 3 8192 2.000000000 2
100 456 3 8192 2.000000000 2
100 468 3 8192 2.000000000 2
100 500 3 8192 2.000000000 2
100 504 3 8192 2.000000000 2
100 528 3 8192 2.000000000 2
100 532 3 8192 2.000000000 2
100 544 3 8192 2.000000000 2
100 552 3 8192 2.000000000 2
100 560 3 8192 2.000000000 2
100 580 3 8192 2.000000000 2
100 648 3 8192 2.000000000 2
100 660 3 8192 2.000000000 2
100 664 3 8192 2.000000000 2
100 680 3 8192 2.000000000 2
100 692 3 8192 2.000000000 2
100 696 3 8192 2.000000000 2
100 720 3 8192 2.000000000 2
100 724 3 8192 2.000000000 2
100 780 3 8192 2.000000000 2
100 860 3 8192 2.000000000 2
100 888 3 8192 2.000000000 2
100 908 3 8192 2.000000000 2
100 952 3 8192 2.000000000 2
100 976 3 8192 2.000000000 2
100 1028 3 8192 2.000000000 2
100 1032 3 8192 2.000000000 2
100 1036 3 8192 2.000000000 2
100 1044 3 8192 2.000000000 2
100 1100 3 8192 2.000000000 2
100 1128 3 8192 2.000000000 2
100 1144 3 8192 2.000000000 2
100 1164 3 8192 2.000000000 2
100 1176 3 8192 2.000000000 2
100 1184 3 8192 2.000000000 2
100 1204 3 8192 2.000000000 2
100 1216 3 8192 2.000000000 2
100 1220 3 8192 2.000000000 2
100 1224 3 8192 2.000000000 2
100 1228 3 8192 2.000000000 2
100 1244 3 8192 2.000000000 2
104 4 3 8192 2.000000000 2
104 8 3 8192 2.000000000 2
104 12 3 8192 2.000000000 2
104 60 3 8192 2.000000000 2
104 80 3 8192 2.000000000 2
104 112 3 8192 2.000000000 2
104 116 3 8192 2.000000000 2
104 120 3 8192 2.000000000 2
104 136 3 8192 2.000000000 2
104 176 3 8192 2.000000000 2
104 192 3 8192 2.000000000 2
104 200 3 8192 2.000000000 2
104 212 3 8192 2.000000000 2
104 256 3 8192 2.000000000 2
104 268 3 8192 2.000000000 2
104 276 3 8192 2.000000000 2
104 288 3 8192 2.000000000 2
104 352 3 8192 2.000000000 2
104 356 3 8192 2.000000000 2
104 372 3 8192 2.000000000 2
104 392 3 8192 2.000000000 2
104 400 3 8192 2.000000000 2
104 416 3 8192 2.000000000 2
104 440 3 8192 2.000000000 2
104 444 3 8192 2.000000000 2
104 460 3 8192 2.000000000 2
104 492 3 8192 2.000000000 2
104 508 3 8192 2.000000000 2
104 516 3 8192 2.000000000 2
104 532 3 8192 2.000000000 2
104 572 3 8192 2.000000000 2
104 620 3 8192 2.000000000 2
104 624 3 8192 2.000000000 2
104 628 3 8192 2.000000000 2
104 636 3 8192 2.000000000 2
104 660 3 8192 2.000000000 2
104 676 3 8192 2.000000000 2
104 700 3 8192 2.000000000 2
104 720 3 8192 2.000000000 2
104 732 3 8192 2.000000000 2
104 760 3 8192 2.000000000 2
104 784 3 8192 2.000000000 2
104 820 3 8192 2.000000000 2
104 860 3 8192 2.000000000 2
104 868 3 8192 2.000000000 2
104 876 3 8192 2.000000000 2
104 884 3 8192 2.000000000 2
104 888 3 8192 2.000000000 2
104 900 3 8192 2.000000000 2
104 920 3 8192 2.000000000 2
104 936 3 8192 2.000000000 2
104 1012 3 8192 2.000000000 2
104 1060 3 8192 2.000000000 2
104 1068 3 8192 2.000000000 2
104 1092 3 8192 2.000000000 2
104 1096 3 8192 2.000000000 2
104 1100 3 8192 2.000000000 2
104 1116 3 8192 2.000000000 2
104 1120 3 8192 2.000000000 2
104 1144 3 8192 2.000000000 2
104 1148 3 8192 2.000000000 2
104 1172 3 8192 2.000000000 2
104 1212 3 8192 2.000000000 2
104 1268 3 8192 2.000000000 2
108 4 3 8192 2.000000000 2
108 8 3 8192 2.000000000 2
108 12 3 8192 2.000000000 2
108 20 3 8192 2.000000000 2
108 40 3 8192 2.000000000 2
108 44 3 8192 2.000000000 2
108 48 3 8192 2.000000000 2
108 92 3 8192 2.000000000 2
108 124 3 8192 2.000000000 2
108 160 3 8192 2.000000000 2
108 184 3 8192 2.000000000 2
108 196 3 8192 2.000000000 2
108 200 3 8192 2.000000000 2
108 220 3 8192 2.000000000 2
108 224 3 8192 2.000000000 2
108 252 3 8192 2.000000000 2
108 276 3 8192 2.000000000 2
108 288 3 8192 2.000000000 2
108 292 3 8192 2.000000000 2
108 320 3 8192 2.000000000 2
108 384 3 8192 2.000000000 2
108 428 3 8192 2.000000000 2
108 440 3 8192 2.000000000 2
108 460 3 8192 2.000000000 2
108 472 3 8192 2.000000000 2
108 532 3 8192 2.000000000 2
108 548 3 8192 2.000000000 2
108 588 3 8192 2.000000000 2
108 616 3 8192 2.000000000 2
108 632 3 8192 2.000000000 2
108 652 3 8192 2.000000000 2
108 660 3 8192 2.000000000 2
108 688 3 8192 2.000000000 2
108 696 3 8192 2.000000000 2
108 704 3 8192 2.000000000 2
108 716 3 8192 2.000000000 2
108 724 3 8192 2.000000000 2
108 768 3 8192 2.000000000 2
108 832 3 8192 2.000000000 2
108 868 3 8192 2.000000000 2
108 876 3 8192 2.000000000 2
108 880 3 8192 2.000000000 2
108 892 3 8192 2.000000000 2
108 928 3 8192 2.000000000 2
108 944 3 8192 2.000000000 2
108 952 3 8192 2.000000000 2
108 972 3 8192 2.000000000 2
108 980 3 8192 2.000000000 2
108 984 3 8192 2.000000000 2
108 1024 3 8192 2.000000000 2
108 1032 3 8192 2.000000000 2
108 1056 3 8192 2.000000000 2
108 1064 3 8192 2.000000000 2
108 1084 3 8192 2.000000000 2
108 1088 3 8192 2.000000000 2
108 1116 3 8192 2.000000000 2
108 1128 3 8192 2.000000000 2
108 1164 3 8192 2.000000000 2
108 1176 3 8192 2.000000000 2
108 1196 3 8192 2.000000000 2
108 1200 3 8192 2.000000000 2
108 1228 3 8192 2.000000000 2
108 1264 3 8192 2.000000000 2
108 1272 3 8192 2.000000000 2
112 20 3 8192 2.000000000 2
112 28 3 8192 2.000000000 2
112 48 3 8192 2.000000000 2
112 56 3 8192 2.000000000 2
112 60 3 8192 2.000000000 2
112 108 3 8192 2.000000000 2
112 120 3 8192 2.000000000 2
112 156 3 8192 2.000000000 2
112 172 3 8192 2.000000000 2
112 184 3 8192 2.000000000 2
112 188 3 8192 2.000000000 2
112 192 3 8192 2.000000000 2
112 204 3 8192 2.000000000 2
112 228 3 8192 2.000000000 2
112 252 3 8192 2.000000000 2
112 308 3 8192 2.000000000 2
112 328 3 8192 2.000000000 2
112 340 3 8192 2.000000000 2
112 384 3 8192 2.000000000 2
112 416 3 8192 2.000000000 2
112 468 3 8192 2.000000000 2
112 528 3 8192 2.000000000 2
112 560 3 8192 2.000000000 2
112 568 3 8192 2.000000000 2
112 572 3 8192 2.000000000 2
112 592 3 8192 2.000000000 2
112 616 3 8192 2.000000000 2
112 632 3 8192 2.000000000 2
112 660 3 8192 2.000000000 2
112 664 3 8192 2.000000000 2
112 668 3 8192 2.000000000 2
112 680 3 8192 2.000000000 2
112 688 3 8192 2.000000000 2
112 716 3 8192 2.000000000 2
112 760 3 8192 2.000000000 2
112 768 3 8192 2.000000000 2
112 788 3 8192 2.000000000 2
112 820 3 8192 2.000000000 2
112 824 3 8192 2.000000000 2
112 840 3 8192 2.000000000 2
112 844 3 8192 2.000000000 2
112 856 3 8192 2.000000000 2
112 864 3 8192 2.000000000 2
112 892 3 8192 2.000000000 2
112 920 3 8192 2.000000000 2
112 936 3 8192 2.000000000 2
112 968 3 8192 2.000000000 2
112 988 3 8192 2.000000000 2
112 996 3 8192 2.000000000 2
112 1028 3 8192 2.000000000 2
112 1048 3 8192 2.000000000 2
112 1072 3 8192 2.000000000 2
112 1080 3 8192 2.000000000 2
112 1084 3 8192 2.000000000 2
112 1116 3 8192 2.000000000 2
112 1128 3 8192 2.000000000 2
112 1140 3 8192 2.000000000 2
112 1164 3 8192 2.000000000 2
112 1172 3 8192 2.000000000 2
112 1188 3 8192 2.000000000 2
112 1216 3 8192 2.000000000 2
112 1232 3 8192 2.000000000 2
112 1236 3 8192 2.000000000 2
112 1244 3 8192 2.000000000 2
116 8 3 8192 2.000000000 2
116 24 3 8192 2.000000000 2
116 40 3 8192 2.000000000 2
116 44 3 8192 2.000000000 2
116 68 3 8192 2.000000000 2
116 108 3 8192 2.000000000 2
116 136 3 8192 2.000000000 2
116 144 3 8192 2.000000000 2
116 156 3 8192 2.000000000 2
116 172 3 8192 2.000000000 2
116 196 3 8192 2.000000000 2
116 220 3 8192 2.000000000 2
116 224 3 8192 2.000000000 2
116 240 3 8192 2.000000000 2
116 256 3 8192 2.000000000 2
116 264 3 8192 2.000000000 2
116 272 3 8192 2.000000000 2
116 276 3 8192 2.000000000 2
116 312 3 8192 2.000000000 2
116 332 3 8192 2.000000000 2
116 340 3 8192 2.000000000 2
116 344 3 8192 2.000000000 2
116 356 3 8192 2.000000000 2
116 396 3 8192 2.000000000 2
116 412 3 8192 2.000000000 2
116 440 3 8192 2.000000000 2
116 460 3 8192 2.000000000 2
116 468 3 8192 2.000000000 2
116 532 3 8192 2.000000000 2
116 568 3 8192 2.000000000 2
116 592 3 8192 2.000000000 2
116 608 3 8192 2.000000000 2
116 624 3 8192 2.000000000 2
116 664 3 8192 2.000000000 2
116 700 3 8192 2.000000000 2
116 708 3 8192 2.000000000 2
116 712 3 8192 2.000000000 2
116 720 3 8192 2.000000000 2
116 732 3 8192 2.000000000 2
116 780 3 8192 2.000000000 2
116 784 3 8192 2.000000000 2
116 836 3 8192 2.000000000 2
116 860 3 8192 2.000000000 2
116 900 3 8192 2.000000000 2
116 952 3 8192 2.000000000 2
116 980 3 8192 2.000000000 2
116 1008 3 8192 2.000000000 2
116 1028 3 8192 2.000000000 2
116 1032 3 8192 2.000000000 2
116 1036 3 8192 2.000000000 2
116 1044 3 8192 2.000000000 2
116 1052 3 8192 2.000000000 2
116 1088 3 8192 2.000000000 2
116 1096 3 8192 2.000000000 2
116 1128 3 8192 2.000000000 2
116 1132 3 8192 2.000000000 2
116 1136 3 8192 2.000000000 2
116 1156 3 8192 2.000000000 2
116 1196 3 8192 2.000000000 2
116 1200 3 8192 2.000000000 2
116 1216 3 8192 2.000000000 2
116 1224 3 8192 2.000000000 2
116 1268 3 8192 2.000000000 2
116 1276 3 8192 2.000000000 2
120 20 3 8192 2.000000000 2
120 28 3 8192 2.000000000 2
120 40 3 8192 2.000000000 2
120 68 3 8192 2.000000000 2
120 88 3 8192 2.000000000 2
120 100 3 8192 2.000000000 2
120 156 3 8192 2.000000000 2
120 192 3 8192 2.000000000 2
120 216 3 8192 2.000000000 2
120 236 3 8192 2.000000000 2
120 240 3 8192 2.000000000 2
120 244 3 8192 2.000000000 2
120 248 3 8192 2.000000000 2
120 264 3 8192 2.000000000 2
120 292 3 8192 2.000000000 2
120 296 3 8192 2.000000000 2
120 316 3 8192 2.000000000 2
120 328 3 8192 2.000000000 2
120 336 3 8192 2.000000000 2
120 352 3 8192 2.000000000 2
120 404 3 8192 2.000000000 2
120 412 3 8192 2.000000000 2
120 448 3 8192 2.000000000 2
120 452 3 8192 2.000000000 2
120 460 3 8192 2.000000000 2
120 492 3 8192 2.000000000 2
120 500 3 8192 2.000000000 2
120 544 3 8192 2.000000000 2
120 552 3 8192 2.000000000 2
120 572 3 8192 2.000000000 2
120 596 3 8192 2.000000000 2
120 616 3 8192 2.000000000 2
120 632 3 8192 2.000000000 2
120 664 3 8192 2.000000000 2
120 676 3 8192 2.000000000 2
120 680 3 8192 2.000000000 2
120 720 3 8192 2.000000000 2
120 724 3 8192 2.000000000 2
120 732 3 8192 2.000000000 2
120 776 3 8192 2.000000000 2
120 780 3 8192 2.000000000 2
120 800 3 8192 2.000000000 2
120 860 3 8192 2.000000000 2
120 892 3 8192 2.000000000 2
120 904 3 8192 2.000000000 2
120 908 3 8192 2.000000000 2
120 928 3 8192 2.000000000 2
120 944 3 8192 2.000000000 2
120 984 3 8192 2.000000000 2
120 988 3 8192 2.000000000 2
120 1028 3 8192 2.000000000 2
120 1032 3 8192 2.000000000 2
120 1048 3 8192 2.000000000 2
120 1072 3 8192 2.000000000 2
120 1084 3 8192 2.000000000 2
120 1088 3 8192 2.000000000 2
120 1096 3 8192 2.000000000 2
120 1112 3 8192 2.000000000 2
120 1116 3 8192 2.000000000 2
120 1140 3 8192 2.000000000 2
120 1204 3 8192 2.000000000 2
120 1216 3 8192 2.000000000 2
120 1220 3 8192 2.000000000 2
120 1276 3 8192 2.000000000 2
124 24 3 8192 2.000000000 2
124 32 3 8192 2.000000000 2
124 68 3 8192 2.000000000 2
124 72 3 8192 2.000000000 2
124 100 3 8192 2.000000000 2
124 132 3 8192 2.000000000 2
124 212 3 8192 2.000000000 2
124 220 3 8192 2.000000000 2
124 244 3 8192 2.000000000 2
124 256 3 8192 2.000000000 2
124 292 3 8192 2.000000000 2
124 308 3 8192 2.000000000 2
124 320 3 8192 2.000000000 2
124 352 3 8192 2.000000000 2
124 368 3 8192 2.000000000 2
124 416 3 8192 2.000000000 2
124 424 3 8192 2.000000000 2
124 440 3 8192 2.000000000 2
124 468 3 8192 2.000000000 2
124 472 3 8192 2.000000000 2
124 508 3 8192 2.000000000 2
124 536 3 8192 2.000000000 2
124 548 3 8192 2.000000000 2
124 560 3 8192 2.000000000 2
124 568 3 8192 2.000000000 2
124 572 3 8192 2.000000000 2
124 588 3 8192 2.000000000 2
124 632 3 8192 2.000000000 2
124 648 3 8192 2.000000000 2
124 660 3 8192 2.000000000 2
124 668 3 8192 2.000000000 2
124 692 3 8192 2.000000000 2
124 704 3 8192 2.000000000 2
124 712 3 8192 2.000000000 2
124 768 3 8192 2.000000000 2
124 776 3 8192 2.000000000 2
124 820 3 8192 2.000000000 2
124 832 3 8192 2.000000000 2
124 836 3 8192 2.000000000 2
124 840 3 8192 2.000000000 2
124 856 3 8192 2.000000000 2
124 864 3 8192 2.000000000 2
124 904 3 8192 2.000000000 2
124 912 3 8192 2.000000000 2
124 948 3 8192 2.000000000 2
124 952 3 8192 2.000000000 2
124 968 3 8192 2.000000000 2
124 988 3 8192 2.000000000 2
124 996 3 8192 2.000000000 2
124 1020 3 8192 2.000000000 2
124 1028 3 8192 2.000000000 2
124 1032 3 8192 2.000000000 2
124 1048 3 8192 2.000000000 2
124 1064 3 8192 2.000000000 2
124 1100 3 8192 2.000000000 2
124 1148 3 8192 2.000000000 2
124 1164 3 8192 2.000000000 2
124 1168 3 8192 2.000000000 2
124 1176 3 8192 2.000000000 2
124 1196 3 8192 2.000000000 2
124 1204 3 8192 2.000000000 2
124 1228 3 8192 2.000000000 2
124 1232 3 8192 2.000000000 2
124 1276 3 8192 2.000000000 2
132 8 3 8192 2.000000000 2
132 12 3 8192 2.000000000 2
132 16 3 8192 2.000000000 2
132 44 3 8192 2.000000000 2
132 60 3 8192 2.000000000 2
132 64 3 8192 2.000000000 2
132 116 3 8192 2.000000000 2
132 120 3 8192 2.000000000 2
132 136 3 8192 2.000000000 2
132 140 3 8192 2.000000000 2
132 196 3 8192 2.000000000 2
132 212 3 8192 2.000000000 2
132 228 3 8192 2.000000000 2
132 240 3 8192 2.000000000 2
132 244 3 8192 2.000000000 2
132 248 3 8192 2.000000000 2
132 276 3 8192 2.000000000 2
132 280 3 8192 2.000000000 2
132 292 3 8192 2.000000000 2
132 352 3 8192 2.000000000 2
132 372 3 8192 2.000000000 2
132 400 3 8192 2.000000000 2
132 416 3 8192 2.000000000 2
132 456 3 8192 2.000000000 2
132 460 3 8192 2.000000000 2
132 516 3 8192 2.000000000 2
132 520 3 8192 2.000000000 2
132 528 3 8192 2.000000000 2
132 548 3 8192 2.000000000 2
132 552 3 8192 2.000000000 2
132 580 3 8192 2.000000000 2
132 596 3 8192 2.000000000 2
132 600 3 8192 2.000000000 2
132 628 3 8192 2.000000000 2
132 636 3 8192 2.000000000 2
132 648 3 8192 2.000000000 2
132 652 3 8192 2.000000000 2
132 668 3 8192 2.000000000 2
132 680 3 8192 2.000000000 2
132 700 3 8192 2.000000000 2
132 712 3 8192 2.000000000 2
132 728 3 8192 2.000000000 2
132 788 3 8192 2.000000000 2
132 820 3 8192 2.000000000 2
132 844 3 8192 2.000000000 2
132 848 3 8192 2.000000000 2
132 864 3 8192 2.000000000 2
132 916 3 8192 2.000000000 2
132 928 3 8192 2.000000000 2
132 936 3 8192 2.000000000 2
132 944 3 8192 2.000000000 2
132 956 3 8192 2.000000000 2
132 968 3 8192 2.000000000 2
132 984 3 8192 2.000000000 2
132 988 3 8192 2.000000000 2
132 996 3 8192 2.000000000 2
132 1028 3 8192 2.000000000 2
132 1048 3 8192 2.000000000 2
132 1088 3 8192 2.000000000 2
132 1120 3 8192 2.000000000 2
132 1172 3 8192 2.000000000 2
132 1176 3 8192 2.000000000 2
132 1192 3 8192 2.000000000 2
132 1232 3 8192 2.000000000 2
136 16 3 8192 2.000000000 2
136 20 3 8192 2.000000000 2
136 28 3 8192 2.000000000 2
136 32 3 8192 2.000000000 2
136 72 3 8192 2.000000000 2
136 80 3 8192 2.000000000 2
136 120 3 8192 2.000000000 2
136 124 3 8192 2.000000000 2
136 180 3 8192 2.000000000 2
136 192 3 8192 2.000000000 2
136 208 3 8192 2.000000000 2
136 240 3 8192 2.000000000 2
136 256 3 8192 2.000000000 2
136 268 3 8192 2.000000000 2
136 276 3 8192 2.000000000 2
136 308 3 8192 2.000000000 2
136 312 3 8192 2.000000000 2
136 324 3 8192 2.000000000 2
136 352 3 8192 2.000000000 2
136 368 3 8192 2.000000000 2
136 384 3 8192 2.000000000 2
136 388 3 8192 2.000000000 2
136 392 3 8192 2.000000000 2
136 412 3 8192 2.000000000 2
136 452 3 8192 2.000000000 2
136 524 3 8192 2.000000000 2
136 532 3 8192 2.000000000 2
136 552 3 8192 2.000000000 2
136 564 3 8192 2.000000000 2
136 572 3 8192 2.000000000 2
136 592 3 8192 2.000000000 2
136 600 3 8192 2.000000000 2
136 632 3 8192 2.000000000 2
136 696 3 8192 2.000000000 2
136 700 3 8192 2.000000000 2
136 708 3 8192 2.000000000 2
136 716 3 8192 2.000000000 2
136 724 3 8192 2.000000000 2
136 760 3 8192 2.000000000 2
136 784 3 8192 2.000000000 2
136 788 3 8192 2.000000000 2
136 792 3 8192 2.000000000 2
136 808 3 8192 2.000000000 2
136 848 3 8192 2.000000000 2
136 892 3 8192 2.000000000 2
136 908 3 8192 2.000000000 2
136 912 3 8192 2.000000000 2
136 940 3 8192 2.000000000 2
136 944 3 8192 2.000000000 2
136 968 3 8192 2.000000000 2
136 980 3 8192 2.000000000 2
136 1008 3 8192 2.000000000 2
136 1028 3 8192 2.000000000 2
136 1044 3 8192 2.000000000 2
136 1128 3 8192 2.000000000 2
136 1156 3 8192 2.000000000 2
136 1164 3 8192 2.000000000 2
136 1172 3 8192 2.000000000 2
136 1176 3 8192 2.000000000 2
136 1188 3 8192 2.000000000 2
136 1200 3 8192 2.000000000 2
136 1224 3 8192 2.000000000 2
136 1232 3 8192 2.000000000 2
136 1272 3 8192 2.000000000 2
140 16 3 8192 2.000000000 2
140 20 3 8192 2.000000000 2
140 24 3 8192 2.000000000 2
140 48 3 8192 2.000000000 2
140 56 3 8192 2.000000000 2
140 80 3 8192 2.000000000 2
140 88 3 8192 2.000000000 2
140 92 3 8192 2.000000000 2
140 100 3 8192 2.000000000 2
140 104 3 8192 2.000000000 2
140 144 3 8192 2.000000000 2
140 148 3 8192 2.000000000 2
140 224 3 8192 2.000000000 2
140 228 3 8192 2.000000000 2
140 248 3 8192 2.000000000 2
140 280 3 8192 2.000000000 2
140 308 3 8192 2.000000000 2
140 316 3 8192 2.000000000 2
140 320 3 8192 2.000000000 2
140 360 3 8192 2.000000000 2
140 372 3 8192 2.000000000 2
140 396 3 8192 2.000000000 2
140 404 3 8192 2.000000000 2
140 412 3 8192 2.000000000 2
140 444 3 8192 2.000000000 2
140 448 3 8192 2.000000000 2
140 452 3 8192 2.000000000 2
140 472 3 8192 2.000000000 2
140 496 3 8192 2.000000000 2
140 564 3 8192 2.000000000 2
140 596 3 8192 2.000000000 2
140 632 3 8192 2.000000000 2
140 636 3 8192 2.000000000 2
140 656 3 8192 2.000000000 2
140 664 3 8192 2.000000000 2
140 704 3 8192 2.000000000 2
140 708 3 8192 2.000000000 2
140 716 3 8192 2.000000000 2
140 720 3 8192 2.000000000 2
140 732 3 8192 2.000000000 2
140 768 3 8192 2.000000000 2
140 824 3 8192 2.000000000 2
140 848 3 8192 2.000000000 2
140 868 3 8192 2.000000000 2
140 880 3 8192 2.000000000 2
140 884 3 8192 2.000000000 2
140 912 3 8192 2.000000000 2
140 916 3 8192 2.000000000 2
140 944 3 8192 2.000000000 2
140 960 3 8192 2.000000000 2
140 968 3 8192 2.000000000 2
140 976 3 8192 2.000000000 2
140 984 3 8192 2.000000000 2
140 988 3 8192 2.000000000 2
140 1008 3 8192 2.000000000 2
140 1028 3 8192 2.000000000 2
140 1048 3 8192 2.000000000 2
140 1080 3 8192 2.000000000 2
140 1096 3 8192 2.000000000 2
140 1132 3 8192 2.000000000 2
140 1136 3 8192 2.000000000 2
140 1172 3 8192 2.000000000 2
140 1200 3 8192 2.000000000 2
140 1236 3 8192 2.000000000 2
144 20 3 8192 2.000000000 2
144 40 3 8192 2.000000000 2
144 48 3 8192 2.000000000 2
144 60 3 8192 2.000000000 2
144 64 3 8192 2.000000000 2
144 92 3 8192 2.000000000 2
144 112 3 8192 2.000000000 2
144 132 3 8192 2.000000000 2
144 156 3 8192 2.000000000 2
144 188 3 8192 2.000000000 2
144 204 3 8192 2.000000000 2
144 216 3 8192 2.000000000 2
144 256 3 8192 2.000000000 2
144 264 3 8192 2.000000000 2
144 268 3 8192 2.000000000 2
144 280 3 8192 2.000000000 2
144 292 3 8192 2.000000000 2
144 296 3 8192 2.000000000 2
144 324 3 8192 2.000000000 2
144 340 3 8192 2.000000000 2
144 352 3 8192 2.000000000 2
144 368 3 8192 2.000000000 2
144 388 3 8192 2.000000000 2
144 448 3 8192 2.000000000 2
144 452 3 8192 2.000000000 2
144 460 3 8192 2.000000000 2
144 492 3 8192 2.000000000 2
144 520 3 8192 2.000000000 2
144 524 3 8192 2.000000000 2
144 528 3 8192 2.000000000 2
144 552 3 8192 2.000000000 2
144 572 3 8192 2.000000000 2
144 620 3 8192 2.000000000 2
144 636 3 8192 2.000000000 2
144 648 3 8192 2.000000000 2
144 656 3 8192 2.000000000 2
144 680 3 8192 2.000000000 2
144 708 3 8192 2.000000000 2
144 732 3 8192 2.000000000 2
144 764 3 8192 2.000000000 2
144 800 3 8192 2.000000000 2
144 812 3 8192 2.000000000 2
144 820 3 8192 2.000000000 2
144 824 3 8192 2.000000000 2
144 836 3 8192 2.000000000 2
144 848 3 8192 2.000000000 2
144 868 3 8192 2.000000000 2
144 916 3 8192 2.000000000 2
144 928 3 8192 2.000000000 2
144 936 3 8192 2.000000000 2
144 944 3 8192 2.000000000 2
144 956 3 8192 2.000000000 2
144 988 3 8192 2.000000000 2
144 1020 3 8192 2.000000000 2
144 1032 3 8192 2.000000000 2
144 1036 3 8192 2.000000000 2
144 1084 3 8192 2.000000000 2
144 1100 3 8192 2.000000000 2
144 1156 3 8192 2.000000000 2
144 1160 3 8192 2.000000000 2
144 1188 3 8192 2.000000000 2
144 1192 3 8192 2.000000000 2
144 1264 3 8192 2.000000000 2
144 1276 3 8192 2.000000000 2
148 4 3 8192 2.000000000 2
148 12 3 8192 2.000000000 2
148 20 3 8192 2.000000000 2
148 28 3 8192 2.000000000 2
148 32 3 8192 2.000000000 2
148 44 3 8192 2.000000000 2
148 64 3 8192 2.000000000 2
148 108 3 8192 2.000000000 2
148 112 3 8192 2.000000000 2
148 124 3 8192 2.000000000 2
148 144 3 8192 2.000000000 2
148 160 3 8192 2.000000000 2
148 180 3 8192 2.000000000 2
148 192 3 8192 2.000000000 2
148 228 3 8192 2.000000000 2
148 276 3 8192 2.000000000 2
148 280 3 8192 2.000000000 2
148 292 3 8192 2.000000000 2
148 296 3 8192 2.000000000 2
148 324 3 8192 2.000000000 2
148 356 3 8192 2.000000000 2
148 376 3 8192 2.000000000 2
148 392 3 8192 2.000000000 2
148 408 3 8192 2.000000000 2
148 428 3 8192 2.000000000 2
148 464 3 8192 2.000000000 2
148 496 3 8192 2.000000000 2
148 532 3 8192 2.000000000 2
148 552 3 8192 2.000000000 2
148 564 3 8192 2.000000000 2
148 588 3 8192 2.000000000 2
148 592 3 8192 2.000000000 2
148 608 3 8192 2.000000000 2
148 652 3 8192 2.000000000 2
148 656 3 8192 2.000000000 2
148 668 3 8192 2.000000000 2
148 696 3 8192 2.000000000 2
148 712 3 8192 2.000000000 2
148 724 3 8192 2.000000000 2
148 736 3 8192 2.000000000 2
148 760 3 8192 2.000000000 2
148 820 3 8192 2.000000000 2
148 840 3 8192 2.000000000 2
148 856 3 8192 2.000000000 2
148 876 3 8192 2.000000000 2
148 884 3 8192 2.000000000 2
148 888 3 8192 2.000000000 2
148 904 3 8192 2.000000000 2
148 912 3 8192 2.000000000 2
148 940 3 8192 2.000000000 2
148 948 3 8192 2.000000000 2
148 952 3 8192 2.000000000 2
148 968 3 8192 2.000000000 2
148 1008 3 8192 2.000000000 2
148 1020 3 8192 2.000000000 2
148 1044 3 8192 2.000000000 2
148 1056 3 8192 2.000000000 2
148 1060 3 8192 2.000000000 2
148 1160 3 8192 2.000000000 2
148 1164 3 8192 2.000000000 2
148 1168 3 8192 2.000000000 2
148 1220 3 8192 2.000000000 2
148 1244 3 8192 2.000000000 2
148 1272 3 8192 2.000000000 2
156 4 3 8192 2.000000000 2
156 8 3 8192 2.000000000 2
156 12 3 8192 2.000000000 2
156 24 3 8192 2.000000000 2
156 28 3 8192 2.000000000 2
156 32 3 8192 2.000000000 2
156 44 3 8192 2.000000000 2
156 48 3 8192 2.000000000 2
156 60 3 8192 2.000000000 2
156 92 3 8192 2.000000000 2
156 100 3 8192 2.000000000 2
156 132 3 8192 2.000000000 2
156 148 3 8192 2.000000000 2
156 176 3 8192 2.000000000 2
156 188 3 8192 2.000000000 2
156 196 3 8192 2.000000000 2
156 220 3 8192 2.000000000 2
156 240 3 8192 2.000000000 2
156 280 3 8192 2.000000000 2
156 288 3 8192 2.000000000 2
156 308 3 8192 2.000000000 2
156 312 3 8192 2.000000000 2
156 324 3 8192 2.000000000 2
156 340 3 8192 2.000000000 2
156 344 3 8192 2.000000000 2
156 360 3 8192 2.000000000 2
156 372 3 8192 2.000000000 2
156 412 3 8192 2.000000000 2
156 424 3 8192 2.000000000 2
156 456 3 8192 2.000000000 2
156 472 3 8192 2.000000000 2
156 496 3 8192 2.000000000 2
156 520 3 8192 2.000000000 2
156 536 3 8192 2.000000000 2
156 560 3 8192 2.000000000 2
156 564 3 8192 2.000000000 2
156 596 3 8192 2.000000000 2
156 620 3 8192 2.000000000 2
156 632 3 8192 2.000000000 2
156 636 3 8192 2.000000000 2
156 660 3 8192 2.000000000 2
156 688 3 8192 2.000000000 2
156 760 3 8192 2.000000000 2
156 800 3 8192 2.000000000 2
156 884 3 8192 2.000000000 2
156 912 3 8192 2.000000000 2
156 928 3 8192 2.000000000 2
156 952 3 8192 2.000000000 2
156 956 3 8192 2.000000000 2
156 968 3 8192 2.000000000 2
156 1028 3 8192 2.000000000 2
156 1032 3 8192 2.000000000 2
156 1072 3 8192 2.000000000 2
156 1080 3 8192 2.000000000 2
156 1088 3 8192 2.000000000 2
156 1132 3 8192 2.000000000 2
156 1152 3 8192 2.000000000 2
156 1168 3 8192 2.000000000 2
156 1176 3 8192 2.000000000 2
156 1188 3 8192 2.000000000 2
156 1196 3 8192 2.000000000 2
156 1216 3 8192 2.000000000 2
156 1224 3 8192 2.000000000 2
156 1236 3 8192 2.000000000 2
160 4 3 8192 2.000000000 2
160 20 3 8192 2.000000000 2
160 32 3 8192 2.000000000 2
160 64 3 8192 2.000000000 2
160 88 3 8192 2.000000000 2
160 108 3 8192 2.000000000 2
160 132 3 8192 2.000000000 2
160 176 3 8192 2.000000000 2
160 212 3 8192 2.000000000 2
160 216 3 8192 2.000000000 2
160 220 3 8192 2.000000000 2
160 228 3 8192 2.000000000 2
160 240 3 8192 2.000000000 2
160 328 3 8192 2.000000000 2
160 388 3 8192 2.000000000 2
160 400 3 8192 2.000000000 2
160 412 3 8192 2.000000000 2
160 464 3 8192 2.000000000 2
160 468 3 8192 2.000000000 2
160 496 3 8192 2.000000000 2
160 520 3 8192 2.000000000 2
160 524 3 8192 2.000000000 2
160 544 3 8192 2.000000000 2
160 552 3 8192 2.000000000 2
160 560 3 8192 2.000000000 2
160 596 3 8192 2.000000000 2
160 608 3 8192 2.000000000 2
160 624 3 8192 2.000000000 2
160 632 3 8192 2.000000000 2
160 660 3 8192 2.000000000 2
160 692 3 8192 2.000000000 2
160 696 3 8192 2.000000000 2
160 724 3 8192 2.000000000 2
160 732 3 8192 2.000000000 2
160 760 3 8192 2.000000000 2
160 784 3 8192 2.000000000 2
160 824 3 8192 2.000000000 2
160 856 3 8192 2.000000000 2
160 860 3 8192 2.000000000 2
160 864 3 8192 2.000000000 2
160 900 3 8192 2.000000000 2
160 904 3 8192 2.000000000 2
160 908 3 8192 2.000000000 2
160 916 3 8192 2.000000000 2
160 928 3 8192 2.000000000 2
160 940 3 8192 2.000000000 2
160 960 3 8192 2.000000000 2
160 976 3 8192 2.000000000 2
160 988 3 8192 2.000000000 2
160 1004 3 8192 2.000000000 2
160 1028 3 8192 2.000000000 2
160 1032 3 8192 2.000000000 2
160 1044 3 8192 2.000000000 2
160 1052 3 8192 2.000000000 2
160 1056 3 8192 2.000000000 2
160 1060 3 8192 2.000000000 2
160 1116 3 8192 2.000000000 2
160 1128 3 8192 2.000000000 2
160 1132 3 8192 2.000000000 2
160 1144 3 8192 2.000000000 2
160 1164 3 8192 2.000000000 2
160 1188 3 8192 2.000000000 2
160 1228 3 8192 2.000000000 2
160 1264 3 8192 2.000000000 2
172 28 3 8192 2.000000000 2
172 32 3 8192 2.000000000 2
172 44 3 8192 2.000000000 2
172 72 3 8192 2.000000000 2
172 88 3 8192 2.000000000 2
172 112 3 8192 2.000000000 2
172 140 3 8192 2.000000000 2
172 148 3 8192 2.000000000 2
172 156 3 8192 2.000000000 2
172 160 3 8192 2.000000000 2
172 180 3 8192 2.000000000 2
172 200 3 8192 2.000000000 2
172 228 3 8192 2.000000000 2
172 244 3 8192 2.000000000 2
172 268 3 8192 2.000000000 2
172 296 3 8192 2.000000000 2
172 308 3 8192 2.000000000 2
172 352 3 8192 2.000000000 2
172 384 3 8192 2.000000000 2
172 392 3 8192 2.000000000 2
172 400 3 8192 2.000000000 2
172 408 3 8192 2.000000000 2
172 424 3 8192 2.000000000 2
172 428 3 8192 2.000000000 2
172 444 3 8192 2.000000000 2
172 460 3 8192 2.000000000 2
172 548 3 8192 2.000000000 2
172 572 3 8192 2.000000000 2
172 636 3 8192 2.000000000 2
172 648 3 8192 2.000000000 2
172 652 3 8192 2.000000000 2
172 688 3 8192 2.000000000 2
172 696 3 8192 2.000000000 2
172 708 3 8192 2.000000000 2
172 720 3 8192 2.000000000 2
172 736 3 8192 2.000000000 2
172 800 3 8192 2.000000000 2
172 812 3 8192 2.000000000 2
172 864 3 8192 2.000000000 2
172 868 3 8192 2.000000000 2
172 884 3 8192 2.000000000 2
172 904 3 8192 2.000000000 2
172 940 3 8192 2.000000000 2
172 956 3 8192 2.000000000 2
172 960 3 8192 2.000000000 2
172 976 3 8192 2.000000000 2
172 980 3 8192 2.000000000 2
172 1000 3 8192 2.000000000 2
172 1008 3 8192 2.000000000 2
172 1032 3 8192 2.000000000 2
172 1036 3 8192 2.000000000 2
172 1064 3 8192 2.000000000 2
172 1068 3 8192 2.000000000 2
172 1072 3 8192 2.000000000 2
172 1168 3 8192 2.000000000 2
172 1172 3 8192 2.000000000 2
172 1176 3 8192 2.000000000 2
172 1192 3 8192 2.000000000 2
172 1204 3 8192 2.000000000 2
172 1220 3 8192 2.000000000 2
172 1224 3 8192 2.000000000 2
172 1232 3 8192 2.000000000 2
172 1260 3 8192 2.000000000 2
172 1268 3 8192 2.000000000 2
176 4 3 8192 2.000000000 2
176 16 3 8192 2.000000000 2
176 20 3 8192 2.000000000 2
176 68 3 8192 2.000000000 2
176 112 3 8192 2.000000000 2
176 116 3 8192 2.000000000 2
176 124 3 8192 2.000000000 2
176 136 3 8192 2.000000000 2
176 144 3 8192 2.000000000 2
176 184 3 8192 2.000000000 2
176 192 3 8192 2.000000000 2
176 212 3 8192 2.000000000 2
176 220 3 8192 2.000000000 2
176 228 3 8192 2.000000000 2
176 252 3 8192 2.000000000 2
176 292 3 8192 2.000000000 2
176 296 3 8192 2.000000000 2
176 332 3 8192 2.000000000 2
176 376 3 8192 2.000000000 2
176 384 3 8192 2.000000000 2
176 392 3 8192 2.000000000 2
176 416 3 8192 2.000000000 2
176 428 3 8192 2.000000000 2
176 444 3 8192 2.000000000 2
176 452 3 8192 2.000000000 2
176 460 3 8192 2.000000000 2
176 472 3 8192 2.000000000 2
176 504 3 8192 2.000000000 2
176 524 3 8192 2.000000000 2
176 528 3 8192 2.000000000 2
176 540 3 8192 2.000000000 2
176 552 3 8192 2.000000000 2
176 572 3 8192 2.000000000 2
176 596 3 8192 2.000000000 2
176 620 3 8192 2.000000000 2
176 628 3 8192 2.000000000 2
176 636 3 8192 2.000000000 2
176 664 3 8192 2.000000000 2
176 680 3 8192 2.000000000 2
176 692 3 8192 2.000000000 2
176 696 3 8192 2.000000000 2
176 700 3 8192 2.000000000 2
176 720 3 8192 2.000000000 2
176 776 3 8192 2.000000000 2
176 824 3 8192 2.000000000 2
176 836 3 8192 2.000000000 2
176 876 3 8192 2.000000000 2
176 904 3 8192 2.000000000 2
176 912 3 8192 2.000000000 2
176 952 3 8192 2.000000000 2
176 956 3 8192 2.000000000 2
176 1004 3 8192 2.000000000 2
176 1024 3 8192 2.000000000 2
176 1028 3 8192 2.000000000 2
176 1112 3 8192 2.000000000 2
176 1120 3 8192 2.000000000 2
176 1156 3 8192 2.000000000 2
176 1160 3 8192 2.000000000 2
176 1172 3 8192 2.000000000 2
176 1184 3 8192 2.000000000 2
176 1188 3 8192 2.000000000 2
176 1196 3 8192 2.000000000 2
176 1228 3 8192 2.000000000 2
176 1244 3 8192 2.000000000 2
180 8 3 8192 2.000000000 2
180 16 3 8192 2.000000000 2
180 24 3 8192 2.000000000 2
180 28 3 8192 2.000000000 2
180 48 3 8192 2.000000000 2
180 56 3 8192 2.000000000 2
180 68 3 8192 2.000000000 2
180 80 3 8192 2.000000000 2
180 88 3 8192 2.000000000 2
180 92 3 8192 2.000000000 2
180 100 3 8192 2.000000000 2
180 120 3 8192 2.000000000 2
180 136 3 8192 2.000000000 2
180 172 3 8192 2.000000000 2
180 184 3 8192 2.000000000 2
180 224 3 8192 2.000000000 2
180 272 3 8192 2.000000000 2
180 276 3 8192 2.000000000 2
180 320 3 8192 2.000000000 2
180 352 3 8192 2.000000000 2
180 360 3 8192 2.000000000 2
180 368 3 8192 2.000000000 2
180 408 3 8192 2.000000000 2
180 456 3 8192 2.000000000 2
180 464 3 8192 2.000000000 2
180 472 3 8192 2.000000000 2
180 508 3 8192 2.000000000 2
180 520 3 8192 2.000000000 2
180 536 3 8192 2.000000000 2
180 540 3 8192 2.000000000 2
180 560 3 8192 2.000000000 2
180 624 3 8192 2.000000000 2
180 632 3 8192 2.000000000 2
180 664 3 8192 2.000000000 2
180 668 3 8192 2.000000000 2
180 680 3 8192 2.000000000 2
180 708 3 8192 2.000000000 2
180 760 3 8192 2.000000000 2
180 768 3 8192 2.000000000 2
180 788 3 8192 2.000000000 2
180 824 3 8192 2.000000000 2
180 864 3 8192 2.000000000 2
180 884 3 8192 2.000000000 2
180 892 3 8192 2.000000000 2
180 916 3 8192 2.000000000 2
180 944 3 8192 2.000000000 2
180 968 3 8192 2.000000000 2
180 984 3 8192 2.000000000 2
180 1008 3 8192 2.000000000 2
180 1024 3 8192 2.000000000 2
180 1032 3 8192 2.000000000 2
180 1036 3 8192 2.000000000 2
180 1052 3 8192 2.000000000 2
180 1084 3 8192 2.000000000 2
180 1088 3 8192 2.000000000 2
180 1112 3 8192 2.000000000 2
180 1116 3 8192 2.000000000 2
180 1140 3 8192 2.000000000 2
180 1148 3 8192 2.000000000 2
180 1172 3 8192 2.000000000 2
180 1188 3 8192 2.000000000 2
180 1224 3 8192 2.000000000 2
180 1264 3 8192 2.000000000 2
180 1272 3 8192 2.000000000 2
184 8 3 8192 2.000000000 2
184 12 3 8192 2.000000000 2
184 20 3 8192 2.000000000 2
184 24 3 8192 2.000000000 2
184 28 3 8192 2.000000000 2
184 60 3 8192 2.000000000 2
184 72 3 8192 2.000000000 2
184 80 3 8192 2.000000000 2
184 100 3 8192 2.000000000 2
184 124 3 8192 2.000000000 2
184 136 3 8192 2.000000000 2
184 180 3 8192 2.000000000 2
184 212 3 8192 2.000000000 2
184 224 3 8192 2.000000000 2
184 236 3 8192 2.000000000 2
184 244 3 8192 2.000000000 2
184 264 3 8192 2.000000000 2
184 292 3 8192 2.000000000 2
184 296 3 8192 2.000000000 2
184 340 3 8192 2.000000000 2
184 360 3 8192 2.000000000 2
184 368 3 8192 2.000000000 2
184 396 3 8192 2.000000000 2
184 408 3 8192 2.000000000 2
184 452 3 8192 2.000000000 2
184 468 3 8192 2.000000000 2
184 496 3 8192 2.000000000 2
184 528 3 8192 2.000000000 2
184 572 3 8192 2.000000000 2
184 608 3 8192 2.000000000 2
184 616 3 8192 2.000000000 2
184 668 3 8192 2.000000000 2
184 680 3 8192 2.000000000 2
184 688 3 8192 2.000000000 2
184 700 3 8192 2.000000000 2
184 708 3 8192 2.000000000 2
184 712 3 8192 2.000000000 2
184 784 3 8192 2.000000000 2
184 840 3 8192 2.000000000 2
184 844 3 8192 2.000000000 2
184 888 3 8192 2.000000000 2
184 912 3 8192 2.000000000 2
184 916 3 8192 2.000000000 2
184 928 3 8192 2.000000000 2
184 936 3 8192 2.000000000 2
184 968 3 8192 2.000000000 2
184 976 3 8192 2.000000000 2
184 996 3 8192 2.000000000 2
184 1028 3 8192 2.000000000 2
184 1032 3 8192 2.000000000 2
184 1060 3 8192 2.000000000 2
184 1068 3 8192 2.000000000 2
184 1088 3 8192 2.000000000 2
184 1120 3 8192 2.000000000 2
184 1140 3 8192 2.000000000 2
184 1144 3 8192 2.000000000 2
184 1152 3 8192 2.000000000 2
184 1156 3 8192 2.000000000 2
184 1168 3 8192 2.000000000 2
184 1184 3 8192 2.000000000 2
184 1200 3 8192 2.000000000 2
184 1204 3 8192 2.000000000 2
184 1244 3 8192 2.000000000 2
184 1268 3 8192 2.000000000 2
188 40 3 8192 2.000000000 2
188 64 3 8192 2.000000000 2
188 68 3 8192 2.000000000 2
188 108 3 8192 2.000000000 2
188 144 3 8192 2.000000000 2
188 148 3 8192 2.000000000 2
188 156 3 8192 2.000000000 2
188 192 3 8192 2.000000000 2
188 200 3 8192 2.000000000 2
188 212 3 8192 2.000000000 2
188 228 3 8192 2.000000000 2
188 240 3 8192 2.000000000 2
188 252 3 8192 2.000000000 2
188 256 3 8192 2.000000000 2
188 276 3 8192 2.000000000 2
188 280 3 8192 2.000000000 2
188 308 3 8192 2.000000000 2
188 344 3 8192 2.000000000 2
188 372 3 8192 2.000000000 2
188 408 3 8192 2.000000000 2
188 412 3 8192 2.000000000 2
188 440 3 8192 2.000000000 2
188 452 3 8192 2.000000000 2
188 456 3 8192 2.000000000 2
188 472 3 8192 2.000000000 2
188 492 3 8192 2.000000000 2
188 496 3 8192 2.000000000 2
188 520 3 8192 2.000000000 2
188 560 3 8192 2.000000000 2
188 592 3 8192 2.000000000 2
188 596 3 8192 2.000000000 2
188 616 3 8192 2.000000000 2
188 620 3 8192 2.000000000 2
188 648 3 8192 2.000000000 2
188 652 3 8192 2.000000000 2
188 668 3 8192 2.000000000 2
188 680 3 8192 2.000000000 2
188 776 3 8192 2.000000000 2
188 808 3 8192 2.000000000 2
188 832 3 8192 2.000000000 2
188 848 3 8192 2.000000000 2
188 868 3 8192 2.000000000 2
188 888 3 8192 2.000000000 2
188 904 3 8192 2.000000000 2
188 936 3 8192 2.000000000 2
188 940 3 8192 2.000000000 2
188 944 3 8192 2.000000000 2
188 948 3 8192 2.000000000 2
188 984 3 8192 2.000000000 2
188 996 3 8192 2.000000000 2
188 1000 3 8192 2.000000000 2
188 1036 3 8192 2.000000000 2
188 1096 3 8192 2.000000000 2
188 1100 3 8192 2.000000000 2
188 1112 3 8192 2.000000000 2
188 1116 3 8192 2.000000000 2
188 1128 3 8192 2.000000000 2
188 1160 3 8192 2.000000000 2
188 1172 3 8192 2.000000000 2
188 1188 3 8192 2.000000000 2
188 1204 3 8192 2.000000000 2
188 1224 3 8192 2.000000000 2
188 1232 3 8192 2.000000000 2
188 1276 3 8192 2.000000000 2
192 20 3 8192 2.000000000 2
192 72 3 8192 2.000000000 2
192 80 3 8192 2.000000000 2
192 104 3 8192 2.000000000 2
192 116 3 8192 2.000000000 2
192 144 3 8192 2.000000000 2
192 172 3 8192 2.000000000 2
192 176 3 8192 2.000000000 2
192 188 3 8192 2.000000000 2
192 208 3 8192 2.000000000 2
192 228 3 8192 2.000000000 2
192 240 3 8192 2.000000000 2
192 252 3 8192 2.000000000 2
192 256 3 8192 2.000000000 2
192 268 3 8192 2.000000000 2
192 292 3 8192 2.000000000 2
192 308 3 8192 2.000000000 2
192 316 3 8192 2.000000000 2
192 332 3 8192 2.000000000 2
192 340 3 8192 2.000000000 2
192 384 3 8192 2.000000000 2
192 408 3 8192 2.000000000 2
192 428 3 8192 2.000000000 2
192 440 3 8192 2.000000000 2
192 456 3 8192 2.000000000 2
192 468 3 8192 2.000000000 2
192 496 3 8192 2.000000000 2
192 504 3 8192 2.000000000 2
192 520 3 8192 2.000000000 2
192 540 3 8192 2.000000000 2
192 544 3 8192 2.000000000 2
192 548 3 8192 2.000000000 2
192 552 3 8192 2.000000000 2
192 572 3 8192 2.000000000 2
192 620 3 8192 2.000000000 2
192 648 3 8192 2.000000000 2
192 652 3 8192 2.000000000 2
192 656 3 8192 2.000000000 2
192 692 3 8192 2.000000000 2
192 700 3 8192 2.000000000 2
192 704 3 8192 2.000000000 2
192 720 3 8192 2.000000000 2
192 724 3 8192 2.000000000 2
192 788 3 8192 2.000000000 2
192 824 3 8192 2.000000000 2
192 864 3 8192 2.000000000 2
192 908 3 8192 2.000000000 2
192 928 3 8192 2.000000000 2
192 948 3 8192 2.000000000 2
192 956 3 8192 2.000000000 2
192 988 3 8192 2.000000000 2
192 1020 3 8192 2.000000000 2
192 1024 3 8192 2.000000000 2
192 1056 3 8192 2.000000000 2
192 1064 3 8192 2.000000000 2
192 1088 3 8192 2.000000000 2
192 1148 3 8192 2.000000000 2
192 1164 3 8192 2.000000000 2
192 1172 3 8192 2.000000000 2
192 1176 3 8192 2.000000000 2
192 1224 3 8192 2.000000000 2
192 1232 3 8192 2.000000000 2
192 1236 3 8192 2.000000000 2
192 1268 3 8192 2.000000000 2
196 4 3 8192 2.000000000 2
196 12 3 8192 2.000000000 2
196 20 3 8192 2.000000000 2
196 28 3 8192 2.000000000 2
196 32 3 8192 2.000000000 2
196 40 3 8192 2.000000000 2
196 44 3 8192 2.000000000 2
196 60 3 8192 2.000000000 2
196 80 3 8192 2.000000000 2
196 104 3 8192 2.000000000 2
196 108 3 8192 2.000000000 2
196 124 3 8192 2.000000000 2
196 144 3 8192 2.000000000 2
196 148 3 8192 2.000000000 2
196 156 3 8192 2.000000000 2
196 176 3 8192 2.000000000 2
196 184 3 8192 2.000000000 2
196 188 3 8192 2.000000000 2
196 204 3 8192 2.000000000 2
196 248 3 8192 2.000000000 2
196 296 3 8192 2.000000000 2
196 308 3 8192 2.000000000 2
196 328 3 8192 2.000000000 2
196 352 3 8192 2.000000000 2
196 356 3 8192 2.000000000 2
196 360 3 8192 2.000000000 2
196 372 3 8192 2.000000000 2
196 392 3 8192 2.000000000 2
196 396 3 8192 2.000000000 2
196 408 3 8192 2.000000000 2
196 468 3 8192 2.000000000 2
196 608 3 8192 2.000000000 2
196 616 3 8192 2.000000000 2
196 624 3 8192 2.000000000 2
196 628 3 8192 2.000000000 2
196 636 3 8192 2.000000000 2
196 676 3 8192 2.000000000 2
196 696 3 8192 2.000000000 2
196 728 3 8192 2.000000000 2
196 776 3 8192 2.000000000 2
196 784 3 8192 2.000000000 2
196 800 3 8192 2.000000000 2
196 832 3 8192 2.000000000 2
196 836 3 8192 2.000000000 2
196 868 3 8192 2.000000000 2
196 884 3 8192 2.000000000 2
196 900 3 8192 2.000000000 2
196 904 3 8192 2.000000000 2
196 948 3 8192 2.000000000 2
196 1004 3 8192 2.000000000 2
196 1056 3 8192 2.000000000 2
196 1068 3 8192 2.000000000 2
196 1080 3 8192 2.000000000 2
196 1132 3 8192 2.000000000 2
196 1136 3 8192 2.000000000 2
196 1152 3 8192 2.000000000 2
196 1160 3 8192 2.000000000 2
196 1164 3 8192 2.000000000 2
196 1168 3 8192 2.000000000 2
196 1176 3 8192 2.000000000 2
196 1196 3 8192 2.000000000 2
196 1220 3 8192 2.000000000 2
196 1224 3 8192 2.000000000 2
196 1244 3 8192 2.000000000 2
200 8 3 8192 2.000000000 2
200 44 3 8192 2.000000000 2
200 64 3 8192 2.000000000 2
200 72 3 8192 2.000000000 2
200 80 3 8192 2.000000000 2
200 124 3 8192 2.000000000 2
200 156 3 8192 2.000000000 2
200 176 3 8192 2.000000000 2
200 180 3 8192 2.000000000 2
200 188 3 8192 2.000000000 2
200 192 3 8192 2.000000000 2
200 196 3 8192 2.000000000 2
200 204 3 8192 2.000000000 2
200 208 3 8192 2.000000000 2
200 224 3 8192 2.000000000 2
200 244 3 8192 2.000000000 2
200 272 3 8192 2.000000000 2
200 288 3 8192 2.000000000 2
200 292 3 8192 2.000000000 2
200 308 3 8192 2.000000000 2
200 324 3 8192 2.000000000 2
200 328 3 8192 2.000000000 2
200 368 3 8192 2.000000000 2
200 384 3 8192 2.000000000 2
200 400 3 8192 2.000000000 2
200 444 3 8192 2.000000000 2
200 456 3 8192 2.000000000 2
200 468 3 8192 2.000000000 2
200 532 3 8192 2.000000000 2
200 544 3 8192 2.000000000 2
200 548 3 8192 2.000000000 2
200 568 3 8192 2.000000000 2
200 580 3 8192 2.000000000 2
200 608 3 8192 2.000000000 2
200 652 3 8192 2.000000000 2
200 716 3 8192 2.000000000 2
200 780 3 8192 2.000000000 2
200 788 3 8192 2.000000000 2
200 792 3 8192 2.000000000 2
200 860 3 8192 2.000000000 2
200 864 3 8192 2.000000000 2
200 892 3 8192 2.000000000 2
200 936 3 8192 2.000000000 2
200 952 3 8192 2.000000000 2
200 956 3 8192 2.000000000 2
200 968 3 8192 2.000000000 2
200 984 3 8192 2.000000000 2
200 996 3 8192 2.000000000 2
200 1000 3 8192 2.000000000 2
200 1020 3 8192 2.000000000 2
200 1032 3 8192 2.000000000 2
200 1048 3 8192 2.000000000 2
200 1056 3 8192 2.000000000 2
200 1068 3 8192 2.000000000 2
200 1096 3 8192 2.000000000 2
200 1120 3 8192 2.000000000 2
200 1144 3 8192 2.000000000 2
200 1164 3 8192 2.000000000 2
200 1188 3 8192 2.000000000 2
200 1192 3 8192 2.000000000 2
200 1196 3 8192 2.000000000 2
200 1216 3 8192 2.000000000 2
200 1236 3 8192 2.000000000 2
200 1260 3 8192 2.000000000 2
204 8 3 8192 2.000000000 2
204 28 3 8192 2.000000000 2
204 60 3 8192 2.000000000 2
204 100 3 8192 2.000000000 2
204 120 3 8192 2.000000000 2
204 144 3 8192 2.000000000 2
204 180 3 8192 2.000000000 2
204 208 3 8192 2.000000000 2
204 212 3 8192 2.000000000 2
204 216 3 8192 2.000000000 2
204 220 3 8192 2.000000000 2
204 228 3 8192 2.000000000 2
204 236 3 8192 2.000000000 2
204 244 3 8192 2.000000000 2
204 248 3 8192 2.000000000 2
204 324 3 8192 2.000000000 2
204 340 3 8192 2.000000000 2
204 344 3 8192 2.000000000 2
204 368 3 8192 2.000000000 2
204 372 3 8192 2.000000000 2
204 384 3 8192 2.000000000 2
204 392 3 8192 2.000000000 2
204 396 3 8192 2.000000000 2
204 440 3 8192 2.000000000 2
204 448 3 8192 2.000000000 2
204 504 3 8192 2.000000000 2
204 520 3 8192 2.000000000 2
204 536 3 8192 2.000000000 2
204 592 3 8192 2.000000000 2
204 600 3 8192 2.000000000 2
204 632 3 8192 2.000000000 2
204 652 3 8192 2.000000000 2
204 676 3 8192 2.000000000 2
204 688 3 8192 2.000000000 2
204 712 3 8192 2.000000000 2
204 716 3 8192 2.000000000 2
204 736 3 8192 2.000000000 2
204 764 3 8192 2.000000000 2
204 800 3 8192 2.000000000 2
204 820 3 8192 2.000000000 2
204 824 3 8192 2.000000000 2
204 832 3 8192 2.000000000 2
204 848 3 8192 2.000000000 2
204 904 3 8192 2.000000000 2
204 912 3 8192 2.000000000 2
204 920 3 8192 2.000000000 2
204 944 3 8192 2.000000000 2
204 980 3 8192 2.000000000 2
204 984 3 8192 2.000000000 2
204 996 3 8192 2.000000000 2
204 1012 3 8192 2.000000000 2
204 1032 3 8192 2.000000000 2
204 1052 3 8192 2.000000000 2
204 1056 3 8192 2.000000000 2
204 1068 3 8192 2.000000000 2
204 1100 3 8192 2.000000000 2
204 1136 3 8192 2.000000000 2
204 1152 3 8192 2.000000000 2
204 1156 3 8192 2.000000000 2
204 1160 3 8192 2.000000000 2
204 1176 3 8192 2.000000000 2
204 1192 3 8192 2.000000000 2
204 1200 3 8192 2.000000000 2
204 1264 3 8192 2.000000000 2
208 4 3 8192 2.000000000 2
208 56 3 8192 2.000000000 2
208 60 3 8192 2.000000000 2
208 68 3 8192 2.000000000 2
208 92 3 8192 2.000000000 2
208 112 3 8192 2.000000000 2
208 132 3 8192 2.000000000 2
208 136 3 8192 2.000000000 2
208 172 3 8192 2.000000000 2
208 216 3 8192 2.000000000 2
208 224 3 8192 2.000000000 2
208 248 3 8192 2.000000000 2
208 256 3 8192 2.000000000 2
208 276 3 8192 2.000000000 2
208 288 3 8192 2.000000000 2
208 320 3 8192 2.000000000 2
208 332 3 8192 2.000000000 2
208 360 3 8192 2.000000000 2
208 396 3 8192 2.000000000 2
208 404 3 8192 2.000000000 2
208 408 3 8192 2.000000000 2
208 428 3 8192 2.000000000 2
208 444 3 8192 2.000000000 2
208 516 3 8192 2.000000000 2
208 520 3 8192 2.000000000 2
208 524 3 8192 2.000000000 2
208 528 3 8192 2.000000000 2
208 536 3 8192 2.000000000 2
208 560 3 8192 2.000000000 2
208 572 3 8192 2.000000000 2
208 600 3 8192 2.000000000 2
208 620 3 8192 2.000000000 2
208 628 3 8192 2.000000000 2
208 632 3 8192 2.000000000 2
208 652 3 8192 2.000000000 2
208 656 3 8192 2.000000000 2
208 660 3 8192 2.000000000 2
208 676 3 8192 2.000000000 2
208 728 3 8192 2.000000000 2
208 776 3 8192 2.000000000 2
208 820 3 8192 2.000000000 2
208 836 3 8192 2.000000000 2
208 844 3 8192 2.000000000 2
208 860 3 8192 2.000000000 2
208 900 3 8192 2.000000000 2
208 904 3 8192 2.000000000 2
208 916 3 8192 2.000000000 2
208 920 3 8192 2.000000000 2
208 928 3 8192 2.000000000 2
208 948 3 8192 2.000000000 2
208 956 3 8192 2.000000000 2
208 1004 3 8192 2.000000000 2
208 1012 3 8192 2.000000000 2
208 1020 3 8192 2.000000000 2
208 1060 3 8192 2.000000000 2
208 1068 3 8192 2.000000000 2
208 1092 3 8192 2.000000000 2
208 1132 3 8192 2.000000000 2
208 1144 3 8192 2.000000000 2
208 1172 3 8192 2.000000000 2
208 1196 3 8192 2.000000000 2
208 1216 3 8192 2.000000000 2
208 1236 3 8192 2.000000000 2
208 1260 3 8192 2.000000000 2
212 4 3 8192 2.000000000 2
212 8 3 8192 2.000000000 2
212 40 3 8192 2.000000000 2
212 48 3 8192 2.000000000 2
212 68 3 8192 2.000000000 2
212 80 3 8192 2.000000000 2
212 88 3 8192 2.000000000 2
212 92 3 8192 2.000000000 2
212 108 3 8192 2.000000000 2
212 144 3 8192 2.000000000 2
212 180 3 8192 2.000000000 2
212 184 3 8192 2.000000000 2
212 192 3 8192 2.000000000 2
212 208 3 8192 2.000000000 2
212 228 3 8192 2.000000000 2
212 268 3 8192 2.000000000 2
212 316 3 8192 2.000000000 2
212 320 3 8192 2.000000000 2
212 340 3 8192 2.000000000 2
212 352 3 8192 2.000000000 2
212 384 3 8192 2.000000000 2
212 408 3 8192 2.000000000 2
212 412 3 8192 2.000000000 2
212 416 3 8192 2.000000000 2
212 456 3 8192 2.000000000 2
212 460 3 8192 2.000000000 2
212 468 3 8192 2.000000000 2
212 504 3 8192 2.000000000 2
212 528 3 8192 2.000000000 2
212 588 3 8192 2.000000000 2
212 652 3 8192 2.000000000 2
212 656 3 8192 2.000000000 2
212 668 3 8192 2.000000000 2
212 696 3 8192 2.000000000 2
212 780 3 8192 2.000000000 2
212 792 3 8192 2.000000000 2
212 812 3 8192 2.000000000 2
212 820 3 8192 2.000000000 2
212 836 3 8192 2.000000000 2
212 844 3 8192 2.000000000 2
212 848 3 8192 2.000000000 2
212 856 3 8192 2.000000000 2
212 864 3 8192 2.000000000 2
212 904 3 8192 2.000000000 2
212 916 3 8192 2.000000000 2
212 920 3 8192 2.000000000 2
212 936 3 8192 2.000000000 2
212 944 3 8192 2.000000000 2
212 956 3 8192 2.000000000 2
212 988 3 8192 2.000000000 2
212 996 3 8192 2.000000000 2
212 1020 3 8192 2.000000000 2
212 1048 3 8192 2.000000000 2
212 1052 3 8192 2.000000000 2
212 1068 3 8192 2.000000000 2
212 1092 3 8192 2.000000000 2
212 1128 3 8192 2.000000000 2
212 1136 3 8192 2.000000000 2
212 1156 3 8192 2.000000000 2
212 1212 3 8192 2.000000000 2
212 1220 3 8192 2.000000000 2
212 1224 3 8192 2.000000000 2
212 1232 3 8192 2.000000000 2
212 1244 3 8192 2.000000000 2
216 4 3 8192 2.000000000 2
216 12 3 8192 2.000000000 2
216 24 3 8192 2.000000000 2
216 32 3 8192 2.000000000 2
216 44 3 8192 2.000000000 2
216 48 3 8192 2.000000000 2
216 92 3 8192 2.000000000 2
216 108 3 8192 2.000000000 2
216 124 3 8192 2.000000000 2
216 140 3 8192 2.000000000 2
216 148 3 8192 2.000000000 2
216 172 3 8192 2.000000000 2
216 196 3 8192 2.000000000 2
216 200 3 8192 2.000000000 2
216 212 3 8192 2.000000000 2
216 236 3 8192 2.000000000 2
216 240 3 8192 2.000000000 2
216 264 3 8192 2.000000000 2
216 268 3 8192 2.000000000 2
216 276 3 8192 2.000000000 2
216 308 3 8192 2.000000000 2
216 344 3 8192 2.000000000 2
216 352 3 8192 2.000000000 2
216 360 3 8192 2.000000000 2
216 376 3 8192 2.000000000 2
216 392 3 8192 2.000000000 2
216 412 3 8192 2.000000000 2
216 416 3 8192 2.000000000 2
216 460 3 8192 2.000000000 2
216 496 3 8192 2.000000000 2
216 520 3 8192 2.000000000 2
216 544 3 8192 2.000000000 2
216 548 3 8192 2.000000000 2
216 552 3 8192 2.000000000 2
216 568 3 8192 2.000000000 2
216 572 3 8192 2.000000000 2
216 580 3 8192 2.000000000 2
216 724 3 8192 2.000000000 2
216 764 3 8192 2.000000000 2
216 788 3 8192 2.000000000 2
216 824 3 8192 2.000000000 2
216 860 3 8192 2.000000000 2
216 884 3 8192 2.000000000 2
216 892 3 8192 2.000000000 2
216 916 3 8192 2.000000000 2
216 920 3 8192 2.000000000 2
216 944 3 8192 2.000000000 2
216 948 3 8192 2.000000000 2
216 956 3 8192 2.000000000 2
216 960 3 8192 2.000000000 2
216 988 3 8192 2.000000000 2
216 996 3 8192 2.000000000 2
216 1028 3 8192 2.000000000 2
216 1036 3 8192 2.000000000 2
216 1088 3 8192 2.000000000 2
216 1092 3 8192 2.000000000 2
216 1100 3 8192 2.000000000 2
216 1128 3 8192 2.000000000 2
216 1160 3 8192 2.000000000 2
216 1172 3 8192 2.000000000 2
216 1176 3 8192 2.000000000 2
216 1204 3 8192 2.000000000 2
216 1236 3 8192 2.000000000 2
216 1260 3 8192 2.000000000 2
220 16 3 8192 2.000000000 2
220 28 3 8192 2.000000000 2
220 68 3 8192 2.000000000 2
220 72 3 8192 2.000000000 2
220 136 3 8192 2.000000000 2
220 140 3 8192 2.000000000 2
220 180 3 8192 2.000000000 2
220 276 3 8192 2.000000000 2
220 320 3 8192 2.000000000 2
220 324 3 8192 2.000000000 2
220 328 3 8192 2.000000000 2
220 356 3 8192 2.000000000 2
220 360 3 8192 2.000000000 2
220 400 3 8192 2.000000000 2
220 408 3 8192 2.000000000 2
220 416 3 8192 2.000000000 2
220 440 3 8192 2.000000000 2
220 448 3 8192 2.000000000 2
220 500 3 8192 2.000000000 2
220 504 3 8192 2.000000000 2
220 508 3 8192 2.000000000 2
220 536 3 8192 2.000000000 2
220 580 3 8192 2.000000000 2
220 592 3 8192 2.000000000 2
220 620 3 8192 2.000000000 2
220 656 3 8192 2.000000000 2
220 664 3 8192 2.000000000 2
220 676 3 8192 2.000000000 2
220 688 3 8192 2.000000000 2
220 696 3 8192 2.000000000 2
220 708 3 8192 2.000000000 2
220 720 3 8192 2.000000000 2
220 728 3 8192 2.000000000 2
220 732 3 8192 2.000000000 2
220 764 3 8192 2.000000000 2
220 788 3 8192 2.000000000 2
220 792 3 8192 2.000000000 2
220 812 3 8192 2.000000000 2
220 880 3 8192 2.000000000 2
220 892 3 8192 2.000000000 2
220 920 3 8192 2.000000000 2
220 928 3 8192 2.000000000 2
220 936 3 8192 2.000000000 2
220 960 3 8192 2.000000000 2
220 972 3 8192 2.000000000 2
220 976 3 8192 2.000000000 2
220 984 3 8192 2.000000000 2
220 1000 3 8192 2.000000000 2
220 1028 3 8192 2.000000000 2
220 1036 3 8192 2.000000000 2
220 1048 3 8192 2.000000000 2
220 1080 3 8192 2.000000000 2
220 1084 3 8192 2.000000000 2
220 1092 3 8192 2.000000000 2
220 1128 3 8192 2.000000000 2
220 1152 3 8192 2.000000000 2
220 1160 3 8192 2.000000000 2
220 1172 3 8192 2.000000000 2
220 1176 3 8192 2.000000000 2
220 1184 3 8192 2.000000000 2
220 1216 3 8192 2.000000000 2
220 1228 3 8192 2.000000000 2
220 1236 3 8192 2.000000000 2
220 1244 3 8192 2.000000000 2
224 68 3 8192 2.000000000 2
224 92 3 8192 2.000000000 2
224 100 3 8192 2.000000000 2
224 116 3 8192 2.000000000 2
224 132 3 8192 2.000000000 2
224 148 3 8192 2.000000000 2
224 180 3 8192 2.000000000 2
224 184 3 8192 2.000000000 2
224 204 3 8192 2.000000000 2
224 212 3 8192 2.000000000 2
224 220 3 8192 2.000000000 2
224 228 3 8192 2.000000000 2
224 252 3 8192 2.000000000 2
224 256 3 8192 2.000000000 2
224 264 3 8192 2.000000000 2
224 312 3 8192 2.000000000 2
224 316 3 8192 2.000000000 2
224 324 3 8192 2.000000000 2
224 368 3 8192 2.000000000 2
224 372 3 8192 2.000000000 2
224 388 3 8192 2.000000000 2
224 392 3 8192 2.000000000 2
224 396 3 8192 2.000000000 2
224 404 3 8192 2.000000000 2
224 412 3 8192 2.000000000 2
224 504 3 8192 2.000000000 2
224 520 3 8192 2.000000000 2
224 540 3 8192 2.000000000 2
224 564 3 8192 2.000000000 2
224 596 3 8192 2.000000000 2
224 600 3 8192 2.000000000 2
224 628 3 8192 2.000000000 2
224 648 3 8192 2.000000000 2
224 668 3 8192 2.000000000 2
224 680 3 8192 2.000000000 2
224 692 3 8192 2.000000000 2
224 700 3 8192 2.000000000 2
224 704 3 8192 2.000000000 2
224 732 3 8192 2.000000000 2
224 736 3 8192 2.000000000 2
224 760 3 8192 2.000000000 2
224 764 3 8192 2.000000000 2
224 776 3 8192 2.000000000 2
224 780 3 8192 2.000000000 2
224 824 3 8192 2.000000000 2
224 864 3 8192 2.000000000 2
224 880 3 8192 2.000000000 2
224 912 3 8192 2.000000000 2
224 996 3 8192 2.000000000 2
224 1020 3 8192 2.000000000 2
224 1060 3 8192 2.000000000 2
224 1072 3 8192 2.000000000 2
224 1100 3 8192 2.000000000 2
224 1116 3 8192 2.000000000 2
224 1136 3 8192 2.000000000 2
224 1152 3 8192 2.000000000 2
224 1164 3 8192 2.000000000 2
224 1196 3 8192 2.000000000 2
224 1200 3 8192 2.000000000 2
224 1204 3 8192 2.000000000 2
224 1232 3 8192 2.000000000 2
224 1244 3 8192 2.000000000 2
224 1272 3 8192 2.000000000 2
224 1276 3 8192 2.000000000 2
228 4 3 8192 2.000000000 2
228 16 3 8192 2.000000000 2
228 40 3 8192 2.000000000 2
228 48 3 8192 2.000000000 2
228 60 3 8192 2.000000000 2
228 92 3 8192 2.000000000 2
228 116 3 8192 2.000000000 2
228 148 3 8192 2.000000000 2
228 176 3 8192 2.000000000 2
228 180 3 8192 2.000000000 2
228 208 3 8192 2.000000000 2
228 216 3 8192 2.000000000 2
228 220 3 8192 2.000000000 2
228 240 3 8192 2.000000000 2
228 308 3 8192 2.000000000 2
228 336 3 8192 2.000000000 2
228 340 3 8192 2.000000000 2
228 372 3 8192 2.000000000 2
228 376 3 8192 2.000000000 2
228 412 3 8192 2.000000000 2
228 416 3 8192 2.000000000 2
228 440 3 8192 2.000000000 2
228 448 3 8192 2.000000000 2
228 472 3 8192 2.000000000 2
228 492 3 8192 2.000000000 2
228 496 3 8192 2.000000000 2
228 504 3 8192 2.000000000 2
228 560 3 8192 2.000000000 2
228 588 3 8192 2.000000000 2
228 596 3 8192 2.000000000 2
228 608 3 8192 2.000000000 2
228 652 3 8192 2.000000000 2
228 660 3 8192 2.000000000 2
228 668 3 8192 2.000000000 2
228 688 3 8192 2.000000000 2
228 724 3 8192 2.000000000 2
228 736 3 8192 2.000000000 2
228 776 3 8192 2.000000000 2
228 788 3 8192 2.000000000 2
228 800 3 8192 2.000000000 2
228 808 3 8192 2.000000000 2
228 812 3 8192 2.000000000 2
228 820 3 8192 2.000000000 2
228 832 3 8192 2.000000000 2
228 860 3 8192 2.000000000 2
228 900 3 8192 2.000000000 2
228 980 3 8192 2.000000000 2
228 988 3 8192 2.000000000 2
228 1000 3 8192 2.000000000 2
228 1004 3 8192 2.000000000 2
228 1012 3 8192 2.000000000 2
228 1036 3 8192 2.000000000 2
228 1112 3 8192 2.000000000 2
228 1120 3 8192 2.000000000 2
228 1128 3 8192 2.000000000 2
228 1140 3 8192 2.000000000 2
228 1152 3 8192 2.000000000 2
228 1160 3 8192 2.000000000 2
228 1184 3 8192 2.000000000 2
228 1204 3 8192 2.000000000 2
228 1228 3 8192 2.000000000 2
228 1232 3 8192 2.000000000 2
228 1264 3 8192 2.000000000 2
228 1276 3 8192 2.000000000 2
236 16 3 8192 2.000000000 2
236 32 3 8192 2.000000000 2
236 40 3 8192 2.000000000 2
236 44 3 8192 2.000000000 2
236 60 3 8192 2.000000000 2
236 68 3 8192 2.000000000 2
236 88 3 8192 2.000000000 2
236 112 3 8192 2.000000000 2
236 120 3 8192 2.000000000 2
236 172 3 8192 2.000000000 2
236 176 3 8192 2.000000000 2
236 224 3 8192 2.000000000 2
236 240 3 8192 2.000000000 2
236 256 3 8192 2.000000000 2
236 264 3 8192 2.000000000 2
236 272 3 8192 2.000000000 2
236 276 3 8192 2.000000000 2
236 336 3 8192 2.000000000 2
236 344 3 8192 2.000000000 2
236 360 3 8192 2.000000000 2
236 408 3 8192 2.000000000 2
236 416 3 8192 2.000000000 2
236 448 3 8192 2.000000000 2
236 452 3 8192 2.000000000 2
236 468 3 8192 2.000000000 2
236 472 3 8192 2.000000000 2
236 496 3 8192 2.000000000 2
236 516 3 8192 2.000000000 2
236 520 3 8192 2.000000000 2
236 536 3 8192 2.000000000 2
236 552 3 8192 2.000000000 2
236 560 3 8192 2.000000000 2
236 596 3 8192 2.000000000 2
236 624 3 8192 2.000000000 2
236 636 3 8192 2.000000000 2
236 680 3 8192 2.000000000 2
236 716 3 8192 2.000000000 2
236 732 3 8192 2.000000000 2
236 760 3 8192 2.000000000 2
236 764 3 8192 2.000000000 2
236 776 3 8192 2.000000000 2
236 780 3 8192 2.000000000 2
236 788 3 8192 2.000000000 2
236 832 3 8192 2.000000000 2
236 848 3 8192 2.000000000 2
236 868 3 8192 2.000000000 2
236 920 3 8192 2.000000000 2
236 968 3 8192 2.000000000 2
236 988 3 8192 2.000000000 2
236 1000 3 8192 2.000000000 2
236 1032 3 8192 2.000000000 2
236 1048 3 8192 2.000000000 2
236 1060 3 8192 2.000000000 2
236 1068 3 8192 2.000000000 2
236 1092 3 8192 2.000000000 2
236 1116 3 8192 2.000000000 2
236 1140 3 8192 2.000000000 2
236 1144 3 8192 2.000000000 2
236 1148 3 8192 2.000000000 2
236 1188 3 8192 2.000000000 2
236 1200 3 8192 2.000000000 2
236 1204 3 8192 2.000000000 2
236 1220 3 8192 2.000000000 2
236 1236 3 8192 2.000000000 2
240 24 3 8192 2.000000000 2
240 28 3 8192 2.000000000 2
240 32 3 8192 2.000000000 2
240 56 3 8192 2.000000000 2
240 68 3 8192 2.000000000 2
240 80 3 8192 2.000000000 2
240 88 3 8192 2.000000000 2
240 100 3 8192 2.000000000 2
240 148 3 8192 2.000000000 2
240 184 3 8192 2.000000000 2
240 188 3 8192 2.000000000 2
240 244 3 8192 2.000000000 2
240 248 3 8192 2.000000000 2
240 256 3 8192 2.000000000 2
240 312 3 8192 2.000000000 2
240 320 3 8192 2.000000000 2
240 360 3 8192 2.000000000 2
240 372 3 8192 2.000000000 2
240 384 3 8192 2.000000000 2
240 408 3 8192 2.000000000 2
240 440 3 8192 2.000000000 2
240 460 3 8192 2.000000000 2
240 472 3 8192 2.000000000 2
240 504 3 8192 2.000000000 2
240 520 3 8192 2.000000000 2
240 532 3 8192 2.000000000 2
240 536 3 8192 2.000000000 2
240 548 3 8192 2.000000000 2
240 552 3 8192 2.000000000 2
240 560 3 8192 2.000000000 2
240 568 3 8192 2.000000000 2
240 588 3 8192 2.000000000 2
240 596 3 8192 2.000000000 2
240 624 3 8192 2.000000000 2
240 632 3 8192 2.000000000 2
240 664 3 8192 2.000000000 2
240 700 3 8192 2.000000000 2
240 712 3 8192 2.000000000 2
240 764 3 8192 2.000000000 2
240 768 3 8192 2.000000000 2
240 780 3 8192 2.000000000 2
240 788 3 8192 2.000000000 2
240 792 3 8192 2.000000000 2
240 848 3 8192 2.000000000 2
240 860 3 8192 2.000000000 2
240 888 3 8192 2.000000000 2
240 892 3 8192 2.000000000 2
240 916 3 8192 2.000000000 2
240 920 3 8192 2.000000000 2
240 1000 3 8192 2.000000000 2
240 1028 3 8192 2.000000000 2
240 1048 3 8192 2.000000000 2
240 1056 3 8192 2.000000000 2
240 1060 3 8192 2.000000000 2
240 1068 3 8192 2.000000000 2
240 1088 3 8192 2.000000000 2
240 1092 3 8192 2.000000000 2
240 1140 3 8192 2.000000000 2
240 1164 3 8192 2.000000000 2
240 1176 3 8192 2.000000000 2
240 1192 3 8192 2.000000000 2
240 1232 3 8192 2.000000000 2
240 1264 3 8192 2.000000000 2
240 1268 3 8192 2.000000000 2
244 12 3 8192 2.000000000 2
244 40 3 8192 2.000000000 2
244 48 3 8192 2.000000000 2
244 80 3 8192 2.000000000 2
244 100 3 8192 2.000000000 2
244 132 3 8192 2.000000000 2
244 136 3 8192 2.000000000 2
244 144 3 8192 2.000000000 2
244 180 3 8192 2.000000000 2
244 184 3 8192 2.000000000 2
244 192 3 8192 2.000000000 2
244 224 3 8192 2.000000000 2
244 236 3 8192 2.000000000 2
244 268 3 8192 2.000000000 2
244 280 3 8192 2.000000000 2
244 292 3 8192 2.000000000 2
244 308 3 8192 2.000000000 2
244 312 3 8192 2.000000000 2
244 360 3 8192 2.000000000 2
244 376 3 8192 2.000000000 2
244 412 3 8192 2.000000000 2
244 444 3 8192 2.000000000 2
244 452 3 8192 2.000000000 2
244 456 3 8192 2.000000000 2
244 496 3 8192 2.000000000 2
244 500 3 8192 2.000000000 2
244 520 3 8192 2.000000000 2
244 564 3 8192 2.000000000 2
244 580 3 8192 2.000000000 2
244 592 3 8192 2.000000000 2
244 632 3 8192 2.000000000 2
244 660 3 8192 2.000000000 2
244 664 3 8192 2.000000000 2
244 668 3 8192 2.000000000 2
244 700 3 8192 2.000000000 2
244 708 3 8192 2.000000000 2
244 712 3 8192 2.000000000 2
244 724 3 8192 2.000000000 2
244 728 3 8192 2.000000000 2
244 812 3 8192 2.000000000 2
244 840 3 8192 2.000000000 2
244 880 3 8192 2.000000000 2
244 892 3 8192 2.000000000 2
244 904 3 8192 2.000000000 2
244 908 3 8192 2.000000000 2
244 928 3 8192 2.000000000 2
244 936 3 8192 2.000000000 2
244 960 3 8192 2.000000000 2
244 968 3 8192 2.000000000 2
244 972 3 8192 2.000000000 2
244 976 3 8192 2.000000000 2
244 980 3 8192 2.000000000 2
244 1024 3 8192 2.000000000 2
244 1032 3 8192 2.000000000 2
244 1048 3 8192 2.000000000 2
244 1072 3 8192 2.000000000 2
244 1080 3 8192 2.000000000 2
244 1088 3 8192 2.000000000 2
244 1096 3 8192 2.000000000 2
244 1144 3 8192 2.000000000 2
244 1172 3 8192 2.000000000 2
244 1192 3 8192 2.000000000 2
244 1244 3 8192 2.000000000 2
244 1268 3 8192 2.000000000 2
248 4 3 8192 2.000000000 2
248 24 3 8192 2.000000000 2
248 40 3 8192 2.000000000 2
248 88 3 8192 2.000000000 2
248 92 3 8192 2.000000000 2
248 124 3 8192 2.000000000 2
248 156 3 8192 2.000000000 2
248 176 3 8192 2.000000000 2
248 180 3 8192 2.000000000 2
248 192 3 8192 2.000000000 2
248 204 3 8192 2.000000000 2
248 224 3 8192 2.000000000 2
248 244 3 8192 2.000000000 2
248 336 3 8192 2.000000000 2
248 340 3 8192 2.000000000 2
248 360 3 8192 2.000000000 2
248 376 3 8192 2.000000000 2
248 392 3 8192 2.000000000 2
248 404 3 8192 2.000000000 2
248 428 3 8192 2.000000000 2
248 452 3 8192 2.000000000 2
248 500 3 8192 2.000000000 2
248 516 3 8192 2.000000000 2
248 568 3 8192 2.000000000 2
248 592 3 8192 2.000000000 2
248 600 3 8192 2.000000000 2
248 616 3 8192 2.000000000 2
248 620 3 8192 2.000000000 2
248 624 3 8192 2.000000000 2
248 632 3 8192 2.000000000 2
248 652 3 8192 2.000000000 2
248 688 3 8192 2.000000000 2
248 708 3 8192 2.000000000 2
248 760 3 8192 2.000000000 2
248 764 3 8192 2.000000000 2
248 780 3 8192 2.000000000 2
248 792 3 8192 2.000000000 2
248 808 3 8192 2.000000000 2
248 812 3 8192 2.000000000 2
248 820 3 8192 2.000000000 2
248 840 3 8192 2.000000000 2
248 848 3 8192 2.000000000 2
248 864 3 8192 2.000000000 2
248 880 3 8192 2.000000000 2
248 884 3 8192 2.000000000 2
248 928 3 8192 2.000000000 2
248 944 3 8192 2.000000000 2
248 952 3 8192 2.000000000 2
248 972 3 8192 2.000000000 2
248 984 3 8192 2.000000000 2
248 1020 3 8192 2.000000000 2
248 1032 3 8192 2.000000000 2
248 1048 3 8192 2.000000000 2
248 1064 3 8192 2.000000000 2
248 1068 3 8192 2.000000000 2
248 1128 3 8192 2.000000000 2
248 1148 3 8192 2.000000000 2
248 1152 3 8192 2.000000000 2
248 1156 3 8192 2.000000000 2
248 1176 3 8192 2.000000000 2
248 1196 3 8192 2.000000000 2
248 1212 3 8192 2.000000000 2
248 1224 3 8192 2.000000000 2
248 1272 3 8192 2.000000000 2
252 20 3 8192 2.000000000 2
252 24 3 8192 2.000000000 2
252 40 3 8192 2.000000000 2
252 56 3 8192 2.000000000 2
252 88 3 8192 2.000000000 2
252 92 3 8192 2.000000000 2
252 104 3 8192 2.000000000 2
252 136 3 8192 2.000000000 2
252 180 3 8192 2.000000000 2
252 188 3 8192 2.000000000 2
252 192 3 8192 2.000000000 2
252 196 3 8192 2.000000000 2
252 200 3 8192 2.000000000 2
252 204 3 8192 2.000000000 2
252 228 3 8192 2.000000000 2
252 256 3 8192 2.000000000 2
252 272 3 8192 2.000000000 2
252 292 3 8192 2.000000000 2
252 352 3 8192 2.000000000 2
252 388 3 8192 2.000000000 2
252 392 3 8192 2.000000000 2
252 396 3 8192 2.000000000 2
252 404 3 8192 2.000000000 2
252 424 3 8192 2.000000000 2
252 456 3 8192 2.000000000 2
252 460 3 8192 2.000000000 2
252 464 3 8192 2.000000000 2
252 468 3 8192 2.000000000 2
252 520 3 8192 2.000000000 2
252 540 3 8192 2.000000000 2
252 568 3 8192 2.000000000 2
252 620 3 8192 2.000000000 2
252 656 3 8192 2.000000000 2
252 680 3 8192 2.000000000 2
252 692 3 8192 2.000000000 2
252 732 3 8192 2.000000000 2
252 788 3 8192 2.000000000 2
252 800 3 8192 2.000000000 2
252 812 3 8192 2.000000000 2
252 836 3 8192 2.000000000 2
252 844 3 8192 2.000000000 2
252 848 3 8192 2.000000000 2
252 880 3 8192 2.000000000 2
252 892 3 8192 2.000000000 2
252 900 3 8192 2.000000000 2
252 944 3 8192 2.000000000 2
252 988 3 8192 2.000000000 2
252 996 3 8192 2.000000000 2
252 1000 3 8192 2.000000000 2
252 1004 3 8192 2.000000000 2
252 1044 3 8192 2.000000000 2
252 1052 3 8192 2.000000000 2
252 1068 3 8192 2.000000000 2
252 1080 3 8192 2.000000000 2
252 1088 3 8192 2.000000000 2
252 1096 3 8192 2.000000000 2
252 1112 3 8192 2.000000000 2
252 1132 3 8192 2.000000000 2
252 1136 3 8192 2.000000000 2
252 1188 3 8192 2.000000000 2
252 1192 3 8192 2.000000000 2
252 1220 3 8192 2.000000000 2
252 1268 3 8192 2.000000000 2
252 1272 3 8192 2.000000000 2
256 28 3 8192 2.000000000 2
256 56 3 8192 2.000000000 2
256 112 3 8192 2.000000000 2
256 120 3 8192 2.000000000 2
256 140 3 8192 2.000000000 2
256 148 3 8192 2.000000000 2
256 180 3 8192 2.000000000 2
256 208 3 8192 2.000000000 2
256 228 3 8192 2.000000000 2
256 244 3 8192 2.000000000 2
256 264 3 8192 2.000000000 2
256 272 3 8192 2.000000000 2
256 276 3 8192 2.000000000 2
256 316 3 8192 2.000000000 2
256 320 3 8192 2.000000000 2
256 352 3 8192 2.000000000 2
256 356 3 8192 2.000000000 2
256 372 3 8192 2.000000000 2
256 448 3 8192 2.000000000 2
256 460 3 8192 2.000000000 2
256 468 3 8192 2.000000000 2
256 492 3 8192 2.000000000 2
256 500 3 8192 2.000000000 2
256 508 3 8192 2.000000000 2
256 516 3 8192 2.000000000 2
256 540 3 8192 2.000000000 2
256 548 3 8192 2.000000000 2
256 568 3 8192 2.000000000 2
256 580 3 8192 2.000000000 2
256 592 3 8192 2.000000000 2
256 600 3 8192 2.000000000 2
256 620 3 8192 2.000000000 2
256 648 3 8192 2.000000000 2
256 652 3 8192 2.000000000 2
256 660 3 8192 2.000000000 2
256 724 3 8192 2.000000000 2
256 764 3 8192 2.000000000 2
256 780 3 8192 2.000000000 2
256 812 3 8192 2.000000000 2
256 820 3 8192 2.000000000 2
256 832 3 8192 2.000000000 2
256 864 3 8192 2.000000000 2
256 908 3 8192 2.000000000 2
256 916 3 8192 2.000000000 2
256 928 3 8192 2.000000000 2
256 940 3 8192 2.000000000 2
256 960 3 8192 2.000000000 2
256 968 3 8192 2.000000000 2
256 972 3 8192 2.000000000 2
256 976 3 8192 2.000000000 2
256 980 3 8192 2.000000000 2
256 1020 3 8192 2.000000000 2
256 1044 3 8192 2.000000000 2
256 1048 3 8192 2.000000000 2
256 1080 3 8192 2.000000000 2
256 1084 3 8192 2.000000000 2
256 1092 3 8192 2.000000000 2
256 1132 3 8192 2.000000000 2
256 1152 3 8192 2.000000000 2
256 1160 3 8192 2.000000000 2
256 1192 3 8192 2.000000000 2
256 1220 3 8192 2.000000000 2
256 1224 3 8192 2.000000000 2
256 1272 3 8192 2.000000000 2
264 8 3 8192 2.000000000 2
264 48 3 8192 2.000000000 2
264 136 3 8192 2.000000000 2
264 144 3 8192 2.000000000 2
264 172 3 8192 2.000000000 2
264 176 3 8192 2.000000000 2
264 180 3 8192 2.000000000 2
264 184 3 8192 2.000000000 2
264 188 3 8192 2.000000000 2
264 204 3 8192 2.000000000 2
264 224 3 8192 2.000000000 2
264 308 3 8192 2.000000000 2
264 316 3 8192 2.000000000 2
264 332 3 8192 2.000000000 2
264 340 3 8192 2.000000000 2
264 372 3 8192 2.000000000 2
264 384 3 8192 2.000000000 2
264 396 3 8192 2.000000000 2
264 400 3 8192 2.000000000 2
264 428 3 8192 2.000000000 2
264 440 3 8192 2.000000000 2
264 444 3 8192 2.000000000 2
264 456 3 8192 2.000000000 2
264 460 3 8192 2.000000000 2
264 496 3 8192 2.000000000 2
264 508 3 8192 2.000000000 2
264 600 3 8192 2.000000000 2
264 616 3 8192 2.000000000 2
264 632 3 8192 2.000000000 2
264 704 3 8192 2.000000000 2
264 708 3 8192 2.000000000 2
264 720 3 8192 2.000000000 2
264 724 3 8192 2.000000000 2
264 728 3 8192 2.000000000 2
264 764 3 8192 2.000000000 2
264 776 3 8192 2.000000000 2
264 792 3 8192 2.000000000 2
264 808 3 8192 2.000000000 2
264 812 3 8192 2.000000000 2
264 860 3 8192 2.000000000 2
264 888 3 8192 2.000000000 2
264 916 3 8192 2.000000000 2
264 944 3 8192 2.000000000 2
264 968 3 8192 2.000000000 2
264 1000 3 8192 2.000000000 2
264 1008 3 8192 2.000000000 2
264 1020 3 8192 2.000000000 2
264 1028 3 8192 2.000000000 2
264 1036 3 8192 2.000000000 2
264 1056 3 8192 2.000000000 2
264 1060 3 8192 2.000000000 2
264 1072 3 8192 2.000000000 2
264 1084 3 8192 2.000000000 2
264 1116 3 8192 2.000000000 2
264 1148 3 8192 2.000000000 2
264 1160 3 8192 2.000000000 2
264 1168 3 8192 2.000000000 2
264 1184 3 8192 2.000000000 2
264 1192 3 8192 2.000000000 2
264 1200 3 8192 2.000000000 2
264 1204 3 8192 2.000000000 2
264 1228 3 8192 2.000000000 2
264 1244 3 8192 2.000000000 2
264 1264 3 8192 2.000000000 2
268 12 3 8192 2.000000000 2
268 56 3 8192 2.000000000 2
268 64 3 8192 2.000000000 2
268 100 3 8192 2.000000000 2
268 104 3 8192 2.000000000 2
268 112 3 8192 2.000000000 2
268 124 3 8192 2.000000000 2
268 132 3 8192 2.000000000 2
268 160 3 8192 2.000000000 2
268 172 3 8192 2.000000000 2
268 216 3 8192 2.000000000 2
268 252 3 8192 2.000000000 2
268 256 3 8192 2.000000000 2
268 272 3 8192 2.000000000 2
268 276 3 8192 2.000000000 2
268 280 3 8192 2.000000000 2
268 324 3 8192 2.000000000 2
268 344 3 8192 2.000000000 2
268 400 3 8192 2.000000000 2
268 416 3 8192 2.000000000 2
268 444 3 8192 2.000000000 2
268 448 3 8192 2.000000000 2
268 452 3 8192 2.000000000 2
268 516 3 8192 2.000000000 2
268 572 3 8192 2.000000000 2
268 580 3 8192 2.000000000 2
268 588 3 8192 2.000000000 2
268 600 3 8192 2.000000000 2
268 628 3 8192 2.000000000 2
268 636 3 8192 2.000000000 2
268 660 3 8192 2.000000000 2
268 664 3 8192 2.000000000 2
268 668 3 8192 2.000000000 2
268 680 3 8192 2.000000000 2
268 704 3 8192 2.000000000 2
268 776 3 8192 2.000000000 2
268 820 3 8192 2.000000000 2
268 840 3 8192 2.000000000 2
268 844 3 8192 2.000000000 2
268 864 3 8192 2.000000000 2
268 888 3 8192 2.000000000 2
268 908 3 8192 2.000000000 2
268 916 3 8192 2.000000000 2
268 944 3 8192 2.000000000 2
268 1004 3 8192 2.000000000 2
268 1020 3 8192 2.000000000 2
268 1028 3 8192 2.000000000 2
268 1032 3 8192 2.000000000 2
268 1044 3 8192 2.000000000 2
268 1088 3 8192 2.000000000 2
268 1092 3 8192 2.000000000 2
268 1128 3 8192 2.000000000 2
268 1132 3 8192 2.000000000 2
268 1140 3 8192 2.000000000 2
268 1144 3 8192 2.000000000 2
268 1148 3 8192 2.000000000 2
268 1152 3 8192 2.000000000 2
268 1168 3 8192 2.000000000 2
268 1172 3 8192 2.000000000 2
268 1188 3 8192 2.000000000 2
268 1216 3 8192 2.000000000 2
268 1228 3 8192 2.000000000 2
268 1260 3 8192 2.000000000 2
268 1276 3 8192 2.000000000 2
272 20 3 8192 2.000000000 2
272 48 3 8192 2.000000000 2
272 56 3 8192 2.000000000 2
272 72 3 8192 2.000000000 2
272 88 3 8192 2.000000000 2
272 92 3 8192 2.000000000 2
272 100 3 8192 2.000000000 2
272 104 3 8192 2.000000000 2
272 112 3 8192 2.000000000 2
272 132 3 8192 2.000000000 2
272 136 3 8192 2.000000000 2
272 184 3 8192 2.000000000 2
272 200 3 8192 2.000000000 2
272 244 3 8192 2.000000000 2
272 316 3 8192 2.000000000 2
272 320 3 8192 2.000000000 2
272 324 3 8192 2.000000000 2
272 328 3 8192 2.000000000 2
272 344 3 8192 2.000000000 2
272 352 3 8192 2.000000000 2
272 360 3 8192 2.000000000 2
272 368 3 8192 2.000000000 2
272 412 3 8192 2.000000000 2
272 428 3 8192 2.000000000 2
272 452 3 8192 2.000000000 2
272 516 3 8192 2.000000000 2
272 520 3 8192 2.000000000 2
272 552 3 8192 2.000000000 2
272 564 3 8192 2.000000000 2
272 588 3 8192 2.000000000 2
272 620 3 8192 2.000000000 2
272 648 3 8192 2.000000000 2
272 660 3 8192 2.000000000 2
272 680 3 8192 2.000000000 2
272 696 3 8192 2.000000000 2
272 704 3 8192 2.000000000 2
272 764 3 8192 2.000000000 2
272 788 3 8192 2.000000000 2
272 800 3 8192 2.000000000 2
272 812 3 8192 2.000000000 2
272 820 3 8192 2.000000000 2
272 832 3 8192 2.000000000 2
272 876 3 8192 2.000000000 2
272 892 3 8192 2.000000000 2
272 912 3 8192 2.000000000 2
272 920 3 8192 2.000000000 2
272 936 3 8192 2.000000000 2
272 948 3 8192 2.000000000 2
272 956 3 8192 2.000000000 2
272 1004 3 8192 2.000000000 2
272 1052 3 8192 2.000000000 2
272 1068 3 8192 2.000000000 2
272 1084 3 8192 2.000000000 2
272 1100 3 8192 2.000000000 2
272 1112 3 8192 2.000000000 2
272 1120 3 8192 2.000000000 2
272 1132 3 8192 2.000000000 2
272 1152 3 8192 2.000000000 2
272 1160 3 8192 2.000000000 2
272 1172 3 8192 2.000000000 2
272 1176 3 8192 2.000000000 2
272 1184 3 8192 2.000000000 2
272 1192 3 8192 2.000000000 2
272 1232 3 8192 2.000000000 2
276 8 3 8192 2.000000000 2
276 24 3 8192 2.000000000 2
276 68 3 8192 2.000000000 2
276 88 3 8192 2.000000000 2
276 92 3 8192 2.000000000 2
276 100 3 8192 2.000000000 2
276 120 3 8192 2.000000000 2
276 140 3 8192 2.000000000 2
276 160 3 8192 2.000000000 2
276 212 3 8192 2.000000000 2
276 228 3 8192 2.000000000 2
276 248 3 8192 2.000000000 2
276 264 3 8192 2.000000000 2
276 312 3 8192 2.000000000 2
276 316 3 8192 2.000000000 2
276 368 3 8192 2.000000000 2
276 388 3 8192 2.000000000 2
276 400 3 8192 2.000000000 2
276 404 3 8192 2.000000000 2
276 448 3 8192 2.000000000 2
276 460 3 8192 2.000000000 2
276 472 3 8192 2.000000000 2
276 500 3 8192 2.000000000 2
276 532 3 8192 2.000000000 2
276 544 3 8192 2.000000000 2
276 560 3 8192 2.000000000 2
276 572 3 8192 2.000000000 2
276 580 3 8192 2.000000000 2
276 596 3 8192 2.000000000 2
276 636 3 8192 2.000000000 2
276 648 3 8192 2.000000000 2
276 676 3 8192 2.000000000 2
276 704 3 8192 2.000000000 2
276 736 3 8192 2.000000000 2
276 776 3 8192 2.000000000 2
276 780 3 8192 2.000000000 2
276 820 3 8192 2.000000000 2
276 856 3 8192 2.000000000 2
276 876 3 8192 2.000000000 2
276 888 3 8192 2.000000000 2
276 892 3 8192 2.000000000 2
276 940 3 8192 2.000000000 2
276 944 3 8192 2.000000000 2
276 948 3 8192 2.000000000 2
276 1028 3 8192 2.000000000 2
276 1036 3 8192 2.000000000 2
276 1048 3 8192 2.000000000 2
276 1092 3 8192 2.000000000 2
276 1112 3 8192 2.000000000 2
276 1132 3 8192 2.000000000 2
276 1144 3 8192 2.000000000 2
276 1156 3 8192 2.000000000 2
276 1160 3 8192 2.000000000 2
276 1164 3 8192 2.000000000 2
276 1184 3 8192 2.000000000 2
276 1188 3 8192 2.000000000 2
276 1192 3 8192 2.000000000 2
276 1204 3 8192 2.000000000 2
276 1220 3 8192 2.000000000 2
276 1224 3 8192 2.000000000 2
276 1244 3 8192 2.000000000 2
276 1260 3 8192 2.000000000 2
276 1268 3 8192 2.000000000 2
276 1272 3 8192 2.000000000 2
280 4 3 8192 2.000000000 2
280 16 3 8192 2.000000000 2
280 40 3 8192 2.000000000 2
280 48 3 8192 2.000000000 2
280 88 3 8192 2.000000000 2
280 112 3 8192 2.000000000 2
280 116 3 8192 2.000000000 2
280 136 3 8192 2.000000000 2
280 140 3 8192 2.000000000 2
280 172 3 8192 2.000000000 2
280 184 3 8192 2.000000000 2
280 208 3 8192 2.000000000 2
280 220 3 8192 2.000000000 2
280 240 3 8192 2.000000000 2
280 244 3 8192 2.000000000 2
280 248 3 8192 2.000000000 2
280 252 3 8192 2.000000000 2
280 256 3 8192 2.000000000 2
280 276 3 8192 2.000000000 2
280 308 3 8192 2.000000000 2
280 316 3 8192 2.000000000 2
280 324 3 8192 2.000000000 2
280 376 3 8192 2.000000000 2
280 412 3 8192 2.000000000 2
280 424 3 8192 2.000000000 2
280 464 3 8192 2.000000000 2
280 492 3 8192 2.000000000 2
280 500 3 8192 2.000000000 2
280 516 3 8192 2.000000000 2
280 528 3 8192 2.000000000 2
280 532 3 8192 2.000000000 2
280 540 3 8192 2.000000000 2
280 580 3 8192 2.000000000 2
280 596 3 8192 2.000000000 2
280 608 3 8192 2.000000000 2
280 620 3 8192 2.000000000 2
280 676 3 8192 2.000000000 2
280 680 3 8192 2.000000000 2
280 700 3 8192 2.000000000 2
280 776 3 8192 2.000000000 2
280 788 3 8192 2.000000000 2
280 800 3 8192 2.000000000 2
280 836 3 8192 2.000000000 2
280 860 3 8192 2.000000000 2
280 892 3 8192 2.000000000 2
280 928 3 8192 2.000000000 2
280 936 3 8192 2.000000000 2
280 948 3 8192 2.000000000 2
280 956 3 8192 2.000000000 2
280 960 3 8192 2.000000000 2
280 972 3 8192 2.000000000 2
280 984 3 8192 2.000000000 2
280 996 3 8192 2.000000000 2
280 1008 3 8192 2.000000000 2
280 1020 3 8192 2.000000000 2
280 1024 3 8192 2.000000000 2
280 1028 3 8192 2.000000000 2
280 1080 3 8192 2.000000000 2
280 1096 3 8192 2.000000000 2
280 1148 3 8192 2.000000000 2
280 1160 3 8192 2.000000000 2
280 1196 3 8192 2.000000000 2
280 1228 3 8192 2.000000000 2
280 1264 3 8192 2.000000000 2
288 28 3 8192 2.000000000 2
288 32 3 8192 2.000000000 2
288 56 3 8192 2.000000000 2
288 64 3 8192 2.000000000 2
288 88 3 8192 2.000000000 2
288 92 3 8192 2.000000000 2
288 104 3 8192 2.000000000 2
288 212 3 8192 2.000000000 2
288 240 3 8192 2.000000000 2
288 308 3 8192 2.000000000 2
288 316 3 8192 2.000000000 2
288 320 3 8192 2.000000000 2
288 324 3 8192 2.000000000 2
288 376 3 8192 2.000000000 2
288 388 3 8192 2.000000000 2
288 464 3 8192 2.000000000 2
288 492 3 8192 2.000000000 2
288 500 3 8192 2.000000000 2
288 516 3 8192 2.000000000 2
288 524 3 8192 2.000000000 2
288 528 3 8192 2.000000000 2
288 544 3 8192 2.000000000 2
288 548 3 8192 2.000000000 2
288 560 3 8192 2.000000000 2
288 572 3 8192 2.000000000 2
288 580 3 8192 2.000000000 2
288 592 3 8192 2.000000000 2
288 624 3 8192 2.000000000 2
288 652 3 8192 2.000000000 2
288 692 3 8192 2.000000000 2
288 700 3 8192 2.000000000 2
288 704 3 8192 2.000000000 2
288 712 3 8192 2.000000000 2
288 728 3 8192 2.000000000 2
288 732 3 8192 2.000000000 2
288 764 3 8192 2.000000000 2
288 768 3 8192 2.000000000 2
288 788 3 8192 2.000000000 2
288 832 3 8192 2.000000000 2
288 840 3 8192 2.000000000 2
288 856 3 8192 2.000000000 2
288 864 3 8192 2.000000000 2
288 900 3 8192 2.000000000 2
288 920 3 8192 2.000000000 2
288 968 3 8192 2.000000000 2
288 972 3 8192 2.000000000 2
288 984 3 8192 2.000000000 2
288 1008 3 8192 2.000000000 2
288 1024 3 8192 2.000000000 2
288 1032 3 8192 2.000000000 2
288 1048 3 8192 2.000000000 2
288 1052 3 8192 2.000000000 2
288 1064 3 8192 2.000000000 2
288 1072 3 8192 2.000000000 2
288 1084 3 8192 2.000000000 2
288 1100 3 8192 2.000000000 2
288 1156 3 8192 2.000000000 2
288 1172 3 8192 2.000000000 2
288 1184 3 8192 2.000000000 2
288 1188 3 8192 2.000000000 2
288 1196 3 8192 2.000000000 2
288 1212 3 8192 2.000000000 2
288 1220 3 8192 2.000000000 2
288 1272 3 8192 2.000000000 2
292 12 3 8192 2.000000000 2
292 24 3 8192 2.000000000 2
292 28 3 8192 2.000000000 2
292 64 3 8192 2.000000000 2
292 124 3 8192 2.000000000 2
292 156 3 8192 2.000000000 2
292 176 3 8192 2.000000000 2
292 196 3 8192 2.000000000 2
292 224 3 8192 2.000000000 2
292 264 3 8192 2.000000000 2
292 268 3 8192 2.000000000 2
292 276 3 8192 2.000000000 2
292 296 3 8192 2.000000000 2
292 308 3 8192 2.000000000 2
292 316 3 8192 2.000000000 2
292 324 3 8192 2.000000000 2
292 340 3 8192 2.000000000 2
292 372 3 8192 2.000000000 2
292 376 3 8192 2.000000000 2
292 388 3 8192 2.000000000 2
292 392 3 8192 2.000000000 2
292 396 3 8192 2.000000000 2
292 468 3 8192 2.000000000 2
292 472 3 8192 2.000000000 2
292 520 3 8192 2.000000000 2
292 528 3 8192 2.000000000 2
292 536 3 8192 2.000000000 2
292 544 3 8192 2.000000000 2
292 552 3 8192 2.000000000 2
292 568 3 8192 2.000000000 2
292 588 3 8192 2.000000000 2
292 620 3 8192 2.000000000 2
292 648 3 8192 2.000000000 2
292 664 3 8192 2.000000000 2
292 700 3 8192 2.000000000 2
292 716 3 8192 2.000000000 2
292 768 3 8192 2.000000000 2
292 776 3 8192 2.000000000 2
292 784 3 8192 2.000000000 2
292 788 3 8192 2.000000000 2
292 800 3 8192 2.000000000 2
292 832 3 8192 2.000000000 2
292 840 3 8192 2.000000000 2
292 844 3 8192 2.000000000 2
292 848 3 8192 2.000000000 2
292 856 3 8192 2.000000000 2
292 880 3 8192 2.000000000 2
292 936 3 8192 2.000000000 2
292 1012 3 8192 2.000000000 2
292 1020 3 8192 2.000000000 2
292 1036 3 8192 2.000000000 2
292 1052 3 8192 2.000000000 2
292 1056 3 8192 2.000000000 2
292 1060 3 8192 2.000000000 2
292 1092 3 8192 2.000000000 2
292 1116 3 8192 2.000000000 2
292 1136 3 8192 2.000000000 2
292 1164 3 8192 2.000000000 2
292 1184 3 8192 2.000000000 2
292 1192 3 8192 2.000000000 2
292 1200 3 8192 2.000000000 2
292 1260 3 8192 2.000000000 2
292 1268 3 8192 2.000000000 2
292 1276 3 8192 2.000000000 2
296 16 3 8192 2.000000000 2
296 24 3 8192 2.000000000 2
296 56 3 8192 2.000000000 2
296 68 3 8192 2.000000000 2
296 92 3 8192 2.000000000 2
296 108 3 8192 2.000000000 2
296 124 3 8192 2.000000000 2
296 144 3 8192 2.000000000 2
296 156 3 8192 2.000000000 2
296 180 3 8192 2.000000000 2
296 188 3 8192 2.000000000 2
296 192 3 8192 2.000000000 2
296 208 3 8192 2.000000000 2
296 212 3 8192 2.000000000 2
296 240 3 8192 2.000000000 2
296 272 3 8192 2.000000000 2
296 292 3 8192 2.000000000 2
296 360 3 8192 2.000000000 2
296 368 3 8192 2.000000000 2
296 384 3 8192 2.000000000 2
296 388 3 8192 2.000000000 2
296 460 3 8192 2.000000000 2
296 472 3 8192 2.000000000 2
296 508 3 8192 2.000000000 2
296 524 3 8192 2.000000000 2
296 540 3 8192 2.000000000 2
296 548 3 8192 2.000000000 2
296 560 3 8192 2.000000000 2
296 568 3 8192 2.000000000 2
296 588 3 8192 2.000000000 2
296 592 3 8192 2.000000000 2
296 608 3 8192 2.000000000 2
296 620 3 8192 2.000000000 2
296 664 3 8192 2.000000000 2
296 680 3 8192 2.000000000 2
296 688 3 8192 2.000000000 2
296 708 3 8192 2.000000000 2
296 720 3 8192 2.000000000 2
296 732 3 8192 2.000000000 2
296 808 3 8192 2.000000000 2
296 836 3 8192 2.000000000 2
296 848 3 8192 2.000000000 2
296 856 3 8192 2.000000000 2
296 860 3 8192 2.000000000 2
296 876 3 8192 2.000000000 2
296 884 3 8192 2.000000000 2
296 904 3 8192 2.000000000 2
296 952 3 8192 2.000000000 2
296 976 3 8192 2.000000000 2
296 996 3 8192 2.000000000 2
296 1012 3 8192 2.000000000 2
296 1044 3 8192 2.000000000 2
296 1084 3 8192 2.000000000 2
296 1092 3 8192 2.000000000 2
296 1128 3 8192 2.000000000 2
296 1152 3 8192 2.000000000 2
296 1176 3 8192 2.000000000 2
296 1192 3 8192 2.000000000 2
296 1196 3 8192 2.000000000 2
296 1232 3 8192 2.000000000 2
296 1236 3 8192 2.000000000 2
296 1264 3 8192 2.000000000 2
296 1268 3 8192 2.000000000 2
296 1276 3 8192 2.000000000 2
308 12 3 8192 2.000000000 2
308 20 3 8192 2.000000000 2
308 28 3 8192 2.000000000 2
308 88 3 8192 2.000000000 2
308 108 3 8192 2.000000000 2
308 116 3 8192 2.000000000 2
308 132 3 8192 2.000000000 2
308 136 3 8192 2.000000000 2
308 144 3 8192 2.000000000 2
308 212 3 8192 2.000000000 2
308 220 3 8192 2.000000000 2
308 264 3 8192 2.000000000 2
308 272 3 8192 2.000000000 2
308 332 3 8192 2.000000000 2
308 356 3 8192 2.000000000 2
308 392 3 8192 2.000000000 2
308 404 3 8192 2.000000000 2
308 440 3 8192 2.000000000 2
308 468 3 8192 2.000000000 2
308 500 3 8192 2.000000000 2
308 516 3 8192 2.000000000 2
308 532 3 8192 2.000000000 2
308 540 3 8192 2.000000000 2
308 560 3 8192 2.000000000 2
308 564 3 8192 2.000000000 2
308 600 3 8192 2.000000000 2
308 620 3 8192 2.000000000 2
308 624 3 8192 2.000000000 2
308 628 3 8192 2.000000000 2
308 632 3 8192 2.000000000 2
308 656 3 8192 2.000000000 2
308 688 3 8192 2.000000000 2
308 720 3 8192 2.000000000 2
308 724 3 8192 2.000000000 2
308 732 3 8192 2.000000000 2
308 760 3 8192 2.000000000 2
308 768 3 8192 2.000000000 2
308 808 3 8192 2.000000000 2
308 824 3 8192 2.000000000 2
308 840 3 8192 2.000000000 2
308 844 3 8192 2.000000000 2
308 860 3 8192 2.000000000 2
308 876 3 8192 2.000000000 2
308 892 3 8192 2.000000000 2
308 908 3 8192 2.000000000 2
308 952 3 8192 2.000000000 2
308 956 3 8192 2.000000000 2
308 960 3 8192 2.000000000 2
308 968 3 8192 2.000000000 2
308 996 3 8192 2.000000000 2
308 1000 3 8192 2.000000000 2
308 1052 3 8192 2.000000000 2
308 1068 3 8192 2.000000000 2
308 1084 3 8192 2.000000000 2
308 1100 3 8192 2.000000000 2
308 1136 3 8192 2.000000000 2
308 1148 3 8192 2.000000000 2
308 1168 3 8192 2.000000000 2
308 1184 3 8192 2.000000000 2
308 1188 3 8192 2.000000000 2
308 1192 3 8192 2.000000000 2
308 1204 3 8192 2.000000000 2
308 1260 3 8192 2.000000000 2
308 1264 3 8192 2.000000000 2
312 28 3 8192 2.000000000 2
312 32 3 8192 2.000000000 2
312 80 3 8192 2.000000000 2
312 92 3 8192 2.000000000 2
312 104 3 8192 2.000000000 2
312 112 3 8192 2.000000000 2
312 188 3 8192 2.000000000 2
312 224 3 8192 2.000000000 2
312 228 3 8192 2.000000000 2
312 240 3 8192 2.000000000 2
312 252 3 8192 2.000000000 2
312 292 3 8192 2.000000000 2
312 296 3 8192 2.000000000 2
312 324 3 8192 2.000000000 2
312 332 3 8192 2.000000000 2
312 344 3 8192 2.000000000 2
312 376 3 8192 2.000000000 2
312 416 3 8192 2.000000000 2
312 424 3 8192 2.000000000 2
312 496 3 8192 2.000000000 2
312 504 3 8192 2.000000000 2
312 520 3 8192 2.000000000 2
312 524 3 8192 2.000000000 2
312 544 3 8192 2.000000000 2
312 560 3 8192 2.000000000 2
312 568 3 8192 2.000000000 2
312 632 3 8192 2.000000000 2
312 648 3 8192 2.000000000 2
312 660 3 8192 2.000000000 2
312 676 3 8192 2.000000000 2
312 696 3 8192 2.000000000 2
312 700 3 8192 2.000000000 2
312 724 3 8192 2.000000000 2
312 760 3 8192 2.000000000 2
312 764 3 8192 2.000000000 2
312 768 3 8192 2.000000000 2
312 792 3 8192 2.000000000 2
312 800 3 8192 2.000000000 2
312 820 3 8192 2.000000000 2
312 824 3 8192 2.000000000 2
312 836 3 8192 2.000000000 2
312 860 3 8192 2.000000000 2
312 880 3 8192 2.000000000 2
312 888 3 8192 2.000000000 2
312 892 3 8192 2.000000000 2
312 916 3 8192 2.000000000 2
312 920 3 8192 2.000000000 2
312 984 3 8192 2.000000000 2
312 1012 3 8192 2.000000000 2
312 1028 3 8192 2.000000000 2
312 1044 3 8192 2.000000000 2
312 1052 3 8192 2.000000000 2
312 1060 3 8192 2.000000000 2
312 1072 3 8192 2.000000000 2
312 1096 3 8192 2.000000000 2
312 1112 3 8192 2.000000000 2
312 1136 3 8192 2.000000000 2
312 1144 3 8192 2.000000000 2
312 1176 3 8192 2.000000000 2
312 1204 3 8192 2.000000000 2
312 1212 3 8192 2.000000000 2
312 1224 3 8192 2.000000000 2
312 1260 3 8192 2.000000000 2
312 1268 3 8192 2.000000000 2
316 20 3 8192 2.000000000 2
316 44 3 8192 2.000000000 2
316 80 3 8192 2.000000000 2
316 88 3 8192 2.000000000 2
316 112 3 8192 2.000000000 2
316 124 3 8192 2.000000000 2
316 144 3 8192 2.000000000 2
316 148 3 8192 2.000000000 2
316 156 3 8192 2.000000000 2
316 176 3 8192 2.000000000 2
316 212 3 8192 2.000000000 2
316 244 3 8192 2.000000000 2
316 248 3 8192 2.000000000 2
316 256 3 8192 2.000000000 2
316 264 3 8192 2.000000000 2
316 276 3 8192 2.000000000 2
316 288 3 8192 2.000000000 2
316 308 3 8192 2.000000000 2
316 320 3 8192 2.000000000 2
316 356 3 8192 2.000000000 2
316 376 3 8192 2.000000000 2
316 428 3 8192 2.000000000 2
316 500 3 8192 2.000000000 2
316 524 3 8192 2.000000000 2
316 540 3 8192 2.000000000 2
316 552 3 8192 2.000000000 2
316 568 3 8192 2.000000000 2
316 580 3 8192 2.000000000 2
316 596 3 8192 2.000000000 2
316 616 3 8192 2.000000000 2
316 620 3 8192 2.000000000 2
316 636 3 8192 2.000000000 2
316 648 3 8192 2.000000000 2
316 652 3 8192 2.000000000 2
316 680 3 8192 2.000000000 2
316 704 3 8192 2.000000000 2
316 708 3 8192 2.000000000 2
316 724 3 8192 2.000000000 2
316 784 3 8192 2.000000000 2
316 788 3 8192 2.000000000 2
316 820 3 8192 2.000000000 2
316 836 3 8192 2.000000000 2
316 860 3 8192 2.000000000 2
316 944 3 8192 2.000000000 2
316 972 3 8192 2.000000000 2
316 980 3 8192 2.000000000 2
316 984 3 8192 2.000000000 2
316 1000 3 8192 2.000000000 2
316 1004 3 8192 2.000000000 2
316 1020 3 8192 2.000000000 2
316 1024 3 8192 2.000000000 2
316 1036 3 8192 2.000000000 2
316 1044 3 8192 2.000000000 2
316 1048 3 8192 2.000000000 2
316 1052 3 8192 2.000000000 2
316 1072 3 8192 2.000000000 2
316 1092 3 8192 2.000000000 2
316 1128 3 8192 2.000000000 2
316 1136 3 8192 2.000000000 2
316 1152 3 8192 2.000000000 2
316 1192 3 8192 2.000000000 2
316 1200 3 8192 2.000000000 2
316 1220 3 8192 2.000000000 2
316 1224 3 8192 2.000000000 2
320 20 3 8192 2.000000000 2
320 28 3 8192 2.000000000 2
320 56 3 8192 2.000000000 2
320 80 3 8192 2.000000000 2
320 132 3 8192 2.000000000 2
320 140 3 8192 2.000000000 2
320 156 3 8192 2.000000000 2
320 184 3 8192 2.000000000 2
320 220 3 8192 2.000000000 2
320 228 3 8192 2.000000000 2
320 240 3 8192 2.000000000 2
320 252 3 8192 2.000000000 2
320 268 3 8192 2.000000000 2
320 272 3 8192 2.000000000 2
320 352 3 8192 2.000000000 2
320 356 3 8192 2.000000000 2
320 360 3 8192 2.000000000 2
320 376 3 8192 2.000000000 2
320 408 3 8192 2.000000000 2
320 412 3 8192 2.000000000 2
320 456 3 8192 2.000000000 2
320 472 3 8192 2.000000000 2
320 504 3 8192 2.000000000 2
320 528 3 8192 2.000000000 2
320 544 3 8192 2.000000000 2
320 548 3 8192 2.000000000 2
320 552 3 8192 2.000000000 2
320 564 3 8192 2.000000000 2
320 580 3 8192 2.000000000 2
320 596 3 8192 2.000000000 2
320 600 3 8192 2.000000000 2
320 608 3 8192 2.000000000 2
320 696 3 8192 2.000000000 2
320 700 3 8192 2.000000000 2
320 724 3 8192 2.000000000 2
320 736 3 8192 2.000000000 2
320 768 3 8192 2.000000000 2
320 784 3 8192 2.000000000 2
320 792 3 8192 2.000000000 2
320 820 3 8192 2.000000000 2
320 832 3 8192 2.000000000 2
320 844 3 8192 2.000000000 2
320 856 3 8192 2.000000000 2
320 860 3 8192 2.000000000 2
320 888 3 8192 2.000000000 2
320 920 3 8192 2.000000000 2
320 936 3 8192 2.000000000 2
320 940 3 8192 2.000000000 2
320 976 3 8192 2.000000000 2
320 980 3 8192 2.000000000 2
320 996 3 8192 2.000000000 2
320 1004 3 8192 2.000000000 2
320 1012 3 8192 2.000000000 2
320 1020 3 8192 2.000000000 2
320 1024 3 8192 2.000000000 2
320 1048 3 8192 2.000000000 2
320 1068 3 8192 2.000000000 2
320 1084 3 8192 2.000000000 2
320 1100 3 8192 2.000000000 2
320 1148 3 8192 2.000000000 2
320 1152 3 8192 2.000000000 2
320 1160 3 8192 2.000000000 2
320 1212 3 8192 2.000000000 2
320 1232 3 8192 2.000000000 2
324 16 3 8192 2.000000000 2
324 20 3 8192 2.000000000 2
324 28 3 8192 2.000000000 2
324 40 3 8192 2.000000000 2
324 60 3 8192 2.000000000 2
324 68 3 8192 2.000000000 2
324 112 3 8192 2.000000000 2
324 132 3 8192 2.000000000 2
324 160 3 8192 2.000000000 2
324 204 3 8192 2.000000000 2
324 220 3 8192 2.000000000 2
324 224 3 8192 2.000000000 2
324 276 3 8192 2.000000000 2
324 288 3 8192 2.000000000 2
324 292 3 8192 2.000000000 2
324 296 3 8192 2.000000000 2
324 320 3 8192 2.000000000 2
324 328 3 8192 2.000000000 2
324 340 3 8192 2.000000000 2
324 368 3 8192 2.000000000 2
324 388 3 8192 2.000000000 2
324 400 3 8192 2.000000000 2
324 424 3 8192 2.000000000 2
324 452 3 8192 2.000000000 2
324 464 3 8192 2.000000000 2
324 468 3 8192 2.000000000 2
324 500 3 8192 2.000000000 2
324 508 3 8192 2.000000000 2
324 520 3 8192 2.000000000 2
324 560 3 8192 2.000000000 2
324 572 3 8192 2.000000000 2
324 580 3 8192 2.000000000 2
324 592 3 8192 2.000000000 2
324 600 3 8192 2.000000000 2
324 616 3 8192 2.000000000 2
324 620 3 8192 2.000000000 2
324 656 3 8192 2.000000000 2
324 660 3 8192 2.000000000 2
324 688 3 8192 2.000000000 2
324 700 3 8192 2.000000000 2
324 764 3 8192 2.000000000 2
324 780 3 8192 2.000000000 2
324 784 3 8192 2.000000000 2
324 788 3 8192 2.000000000 2
324 792 3 8192 2.000000000 2
324 860 3 8192 2.000000000 2
324 880 3 8192 2.000000000 2
324 892 3 8192 2.000000000 2
324 904 3 8192 2.000000000 2
324 952 3 8192 2.000000000 2
324 968 3 8192 2.000000000 2
324 980 3 8192 2.000000000 2
324 984 3 8192 2.000000000 2
324 996 3 8192 2.000000000 2
324 1024 3 8192 2.000000000 2
324 1028 3 8192 2.000000000 2
324 1032 3 8192 2.000000000 2
324 1068 3 8192 2.000000000 2
324 1160 3 8192 2.000000000 2
324 1164 3 8192 2.000000000 2
324 1168 3 8192 2.000000000 2
324 1184 3 8192 2.000000000 2
324 1220 3 8192 2.000000000 2
324 1244 3 8192 2.000000000 2
328 20 3 8192 2.000000000 2
328 32 3 8192 2.000000000 2
328 44 3 8192 2.000000000 2
328 64 3 8192 2.000000000 2
328 80 3 8192 2.000000000 2
328 92 3 8192 2.000000000 2
328 112 3 8192 2.000000000 2
328 120 3 8192 2.000000000 2
328 132 3 8192 2.000000000 2
328 160 3 8192 2.000000000 2
328 184 3 8192 2.000000000 2
328 212 3 8192 2.000000000 2
328 248 3 8192 2.000000000 2
328 264 3 8192 2.000000000 2
328 268 3 8192 2.000000000 2
328 276 3 8192 2.000000000 2
328 292 3 8192 2.000000000 2
328 392 3 8192 2.000000000 2
328 444 3 8192 2.000000000 2
328 464 3 8192 2.000000000 2
328 504 3 8192 2.000000000 2
328 524 3 8192 2.000000000 2
328 544 3 8192 2.000000000 2
328 548 3 8192 2.000000000 2
328 560 3 8192 2.000000000 2
328 568 3 8192 2.000000000 2
328 580 3 8192 2.000000000 2
328 588 3 8192 2.000000000 2
328 596 3 8192 2.000000000 2
328 608 3 8192 2.000000000 2
328 648 3 8192 2.000000000 2
328 660 3 8192 2.000000000 2
328 676 3 8192 2.000000000 2
328 688 3 8192 2.000000000 2
328 692 3 8192 2.000000000 2
328 708 3 8192 2.000000000 2
328 716 3 8192 2.000000000 2
328 728 3 8192 2.000000000 2
328 780 3 8192 2.000000000 2
328 788 3 8192 2.000000000 2
328 808 3 8192 2.000000000 2
328 812 3 8192 2.000000000 2
328 824 3 8192 2.000000000 2
328 832 3 8192 2.000000000 2
328 836 3 8192 2.000000000 2
328 840 3 8192 2.000000000 2
328 844 3 8192 2.000000000 2
328 884 3 8192 2.000000000 2
328 888 3 8192 2.000000000 2
328 916 3 8192 2.000000000 2
328 936 3 8192 2.000000000 2
328 948 3 8192 2.000000000 2
328 972 3 8192 2.000000000 2
328 1036 3 8192 2.000000000 2
328 1060 3 8192 2.000000000 2
328 1068 3 8192 2.000000000 2
328 1084 3 8192 2.000000000 2
328 1092 3 8192 2.000000000 2
328 1140 3 8192 2.000000000 2
328 1168 3 8192 2.000000000 2
328 1188 3 8192 2.000000000 2
328 1212 3 8192 2.000000000 2
328 1216 3 8192 2.000000000 2
328 1228 3 8192 2.000000000 2
332 24 3 8192 2.000000000 2
332 40 3 8192 2.000000000 2
332 48 3 8192 2.000000000 2
332 60 3 8192 2.000000000 2
332 68 3 8192 2.000000000 2
332 80 3 8192 2.000000000 2
332 100 3 8192 2.000000000 2
332 116 3 8192 2.000000000 2
332 124 3 8192 2.000000000 2
332 148 3 8192 2.000000000 2
332 176 3 8192 2.000000000 2
332 184 3 8192 2.000000000 2
332 188 3 8192 2.000000000 2
332 208 3 8192 2.000000000 2
332 220 3 8192 2.000000000 2
332 276 3 8192 2.000000000 2
332 280 3 8192 2.000000000 2
332 296 3 8192 2.000000000 2
332 352 3 8192 2.000000000 2
332 368 3 8192 2.000000000 2
332 376 3 8192 2.000000000 2
332 384 3 8192 2.000000000 2
332 388 3 8192 2.000000000 2
332 392 3 8192 2.000000000 2
332 412 3 8192 2.000000000 2
332 424 3 8192 2.000000000 2
332 452 3 8192 2.000000000 2
332 496 3 8192 2.000000000 2
332 528 3 8192 2.000000000 2
332 552 3 8192 2.000000000 2
332 568 3 8192 2.000000000 2
332 588 3 8192 2.000000000 2
332 596 3 8192 2.000000000 2
332 624 3 8192 2.000000000 2
332 628 3 8192 2.000000000 2
332 648 3 8192 2.000000000 2
332 668 3 8192 2.000000000 2
332 692 3 8192 2.000000000 2
332 708 3 8192 2.000000000 2
332 728 3 8192 2.000000000 2
332 760 3 8192 2.000000000 2
332 768 3 8192 2.000000000 2
332 776 3 8192 2.000000000 2
332 784 3 8192 2.000000000 2
332 800 3 8192 2.000000000 2
332 812 3 8192 2.000000000 2
332 824 3 8192 2.000000000 2
332 840 3 8192 2.000000000 2
332 844 3 8192 2.000000000 2
332 848 3 8192 2.000000000 2
332 876 3 8192 2.000000000 2
332 884 3 8192 2.000000000 2
332 892 3 8192 2.000000000 2
332 912 3 8192 2.000000000 2
332 916 3 8192 2.000000000 2
332 956 3 8192 2.000000000 2
332 972 3 8192 2.000000000 2
332 976 3 8192 2.000000000 2
332 1020 3 8192 2.000000000 2
332 1088 3 8192 2.000000000 2
332 1120 3 8192 2.000000000 2
332 1152 3 8192 2.000000000 2
332 1164 3 8192 2.000000000 2
332 1192 3 8192 2.000000000 2
336 8 3 8192 2.000000000 2
336 28 3 8192 2.000000000 2
336 68 3 8192 2.000000000 2
336 80 3 8192 2.000000000 2
336 88 3 8192 2.000000000 2
336 120 3 8192 2.000000000 2
336 148 3 8192 2.000000000 2
336 160 3 8192 2.000000000 2
336 176 3 8192 2.000000000 2
336 180 3 8192 2.000000000 2
336 196 3 8192 2.000000000 2
336 204 3 8192 2.000000000 2
336 216 3 8192 2.000000000 2
336 220 3 8192 2.000000000 2
336 248 3 8192 2.000000000 2
336 268 3 8192 2.000000000 2
336 272 3 8192 2.000000000 2
336 276 3 8192 2.000000000 2
336 356 3 8192 2.000000000 2
336 412 3 8192 2.000000000 2
336 416 3 8192 2.000000000 2
336 444 3 8192 2.000000000 2
336 452 3 8192 2.000000000 2
336 504 3 8192 2.000000000 2
336 508 3 8192 2.000000000 2
336 516 3 8192 2.000000000 2
336 552 3 8192 2.000000000 2
336 592 3 8192 2.000000000 2
336 596 3 8192 2.000000000 2
336 608 3 8192 2.000000000 2
336 616 3 8192 2.000000000 2
336 648 3 8192 2.000000000 2
336 652 3 8192 2.000000000 2
336 668 3 8192 2.000000000 2
336 696 3 8192 2.000000000 2
336 712 3 8192 2.000000000 2
336 720 3 8192 2.000000000 2
336 736 3 8192 2.000000000 2
336 760 3 8192 2.000000000 2
336 800 3 8192 2.000000000 2
336 820 3 8192 2.000000000 2
336 832 3 8192 2.000000000 2
336 836 3 8192 2.000000000 2
336 848 3 8192 2.000000000 2
336 864 3 8192 2.000000000 2
336 880 3 8192 2.000000000 2
336 916 3 8192 2.000000000 2
336 952 3 8192 2.000000000 2
336 956 3 8192 2.000000000 2
336 968 3 8192 2.000000000 2
336 996 3 8192 2.000000000 2
336 1012 3 8192 2.000000000 2
336 1028 3 8192 2.000000000 2
336 1060 3 8192 2.000000000 2
336 1072 3 8192 2.000000000 2
336 1128 3 8192 2.000000000 2
336 1144 3 8192 2.000000000 2
336 1164 3 8192 2.000000000 2
336 1168 3 8192 2.000000000 2
336 1176 3 8192 2.000000000 2
336 1192 3 8192 2.000000000 2
336 1196 3 8192 2.000000000 2
336 1216 3 8192 2.000000000 2
336 1224 3 8192 2.000000000 2
340 32 3 8192 2.000000000 2
340 60 3 8192 2.000000000 2
340 64 3 8192 2.000000000 2
340 68 3 8192 2.000000000 2
340 72 3 8192 2.000000000 2
340 80 3 8192 2.000000000 2
340 88 3 8192 2.000000000 2
340 92 3 8192 2.000000000 2
340 112 3 8192 2.000000000 2
340 116 3 8192 2.000000000 2
340 120 3 8192 2.000000000 2
340 208 3 8192 2.000000000 2
340 212 3 8192 2.000000000 2
340 264 3 8192 2.000000000 2
340 308 3 8192 2.000000000 2
340 324 3 8192 2.000000000 2
340 328 3 8192 2.000000000 2
340 368 3 8192 2.000000000 2
340 372 3 8192 2.000000000 2
340 384 3 8192 2.000000000 2
340 404 3 8192 2.000000000 2
340 416 3 8192 2.000000000 2
340 464 3 8192 2.000000000 2
340 468 3 8192 2.000000000 2
340 492 3 8192 2.000000000 2
340 528 3 8192 2.000000000 2
340 552 3 8192 2.000000000 2
340 564 3 8192 2.000000000 2
340 608 3 8192 2.000000000 2
340 636 3 8192 2.000000000 2
340 660 3 8192 2.000000000 2
340 668 3 8192 2.000000000 2
340 676 3 8192 2.000000000 2
340 688 3 8192 2.000000000 2
340 696 3 8192 2.000000000 2
340 728 3 8192 2.000000000 2
340 780 3 8192 2.000000000 2
340 812 3 8192 2.000000000 2
340 820 3 8192 2.000000000 2
340 856 3 8192 2.000000000 2
340 860 3 8192 2.000000000 2
340 864 3 8192 2.000000000 2
340 888 3 8192 2.000000000 2
340 916 3 8192 2.000000000 2
340 928 3 8192 2.000000000 2
340 976 3 8192 2.000000000 2
340 980 3 8192 2.000000000 2
340 988 3 8192 2.000000000 2
340 1012 3 8192 2.000000000 2
340 1020 3 8192 2.000000000 2
340 1028 3 8192 2.000000000 2
340 1036 3 8192 2.000000000 2
340 1064 3 8192 2.000000000 2
340 1120 3 8192 2.000000000 2
340 1128 3 8192 2.000000000 2
340 1132 3 8192 2.000000000 2
340 1148 3 8192 2.000000000 2
340 1152 3 8192 2.000000000 2
340 1160 3 8192 2.000000000 2
340 1168 3 8192 2.000000000 2
340 1172 3 8192 2.000000000 2
340 1176 3 8192 2.000000000 2
340 1188 3 8192 2.000000000 2
340 1268 3 8192 2.000000000 2
344 12 3 8192 2.000000000 2
344 20 3 8192 2.000000000 2
344 40 3 8192 2.000000000 2
344 48 3 8192 2.000000000 2
344 124 3 8192 2.000000000 2
344 136 3 8192 2.000000000 2
344 140 3 8192 2.000000000 2
344 192 3 8192 2.000000000 2
344 212 3 8192 2.000000000 2
344 216 3 8192 2.000000000 2
344 228 3 8192 2.000000000 2
344 264 3 8192 2.000000000 2
344 292 3 8192 2.000000000 2
344 320 3 8192 2.000000000 2
344 340 3 8192 2.000000000 2
344 356 3 8192 2.000000000 2
344 372 3 8192 2.000000000 2
344 424 3 8192 2.000000000 2
344 452 3 8192 2.000000000 2
344 516 3 8192 2.000000000 2
344 524 3 8192 2.000000000 2
344 528 3 8192 2.000000000 2
344 560 3 8192 2.000000000 2
344 564 3 8192 2.000000000 2
344 588 3 8192 2.000000000 2
344 600 3 8192 2.000000000 2
344 616 3 8192 2.000000000 2
344 624 3 8192 2.000000000 2
344 636 3 8192 2.000000000 2
344 652 3 8192 2.000000000 2
344 668 3 8192 2.000000000 2
344 692 3 8192 2.000000000 2
344 708 3 8192 2.000000000 2
344 716 3 8192 2.000000000 2
344 724 3 8192 2.000000000 2
344 736 3 8192 2.000000000 2
344 776 3 8192 2.000000000 2
344 792 3 8192 2.000000000 2
344 856 3 8192 2.000000000 2
344 860 3 8192 2.000000000 2
344 868 3 8192 2.000000000 2
344 904 3 8192 2.000000000 2
344 912 3 8192 2.000000000 2
344 920 3 8192 2.000000000 2
344 956 3 8192 2.000000000 2
344 960 3 8192 2.000000000 2
344 968 3 8192 2.000000000 2
344 980 3 8192 2.000000000 2
344 1000 3 8192 2.000000000 2
344 1008 3 8192 2.000000000 2
344 1024 3 8192 2.000000000 2
344 1028 3 8192 2.000000000 2
344 1080 3 8192 2.000000000 2
344 1112 3 8192 2.000000000 2
344 1120 3 8192 2.000000000 2
344 1132 3 8192 2.000000000 2
344 1136 3 8192 2.000000000 2
344 1156 3 8192 2.000000000 2
344 1176 3 8192 2.000000000 2
344 1188 3 8192 2.000000000 2
344 1192 3 8192 2.000000000 2
344 1224 3 8192 2.000000000 2
344 1244 3 8192 2.000000000 2
344 1272 3 8192 2.000000000 2
352 8 3 8192 2.000000000 2
352 12 3 8192 2.000000000 2
352 60 3 8192 2.000000000 2
352 64 3 8192 2.000000000 2
352 72 3 8192 2.000000000 2
352 80 3 8192 2.000000000 2
352 92 3 8192 2.000000000 2
352 104 3 8192 2.000000000 2
352 116 3 8192 2.000000000 2
352 132 3 8192 2.000000000 2
352 196 3 8192 2.000000000 2
352 200 3 8192 2.000000000 2
352 212 3 8192 2.000000000 2
352 228 3 8192 2.000000000 2
352 264 3 8192 2.000000000 2
352 316 3 8192 2.000000000 2
352 332 3 8192 2.000000000 2
352 340 3 8192 2.000000000 2
352 344 3 8192 2.000000000 2
352 356 3 8192 2.000000000 2
352 360 3 8192 2.000000000 2
352 376 3 8192 2.000000000 2
352 396 3 8192 2.000000000 2
352 424 3 8192 2.000000000 2
352 456 3 8192 2.000000000 2
352 496 3 8192 2.000000000 2
352 500 3 8192 2.000000000 2
352 516 3 8192 2.000000000 2
352 528 3 8192 2.000000000 2
352 536 3 8192 2.000000000 2
352 540 3 8192 2.000000000 2
352 552 3 8192 2.000000000 2
352 588 3 8192 2.000000000 2
352 620 3 8192 2.000000000 2
352 648 3 8192 2.000000000 2
352 660 3 8192 2.000000000 2
352 716 3 8192 2.000000000 2
352 780 3 8192 2.000000000 2
352 792 3 8192 2.000000000 2
352 832 3 8192 2.000000000 2
352 848 3 8192 2.000000000 2
352 876 3 8192 2.000000000 2
352 916 3 8192 2.000000000 2
352 948 3 8192 2.000000000 2
352 968 3 8192 2.000000000 2
352 984 3 8192 2.000000000 2
352 988 3 8192 2.000000000 2
352 996 3 8192 2.000000000 2
352 1004 3 8192 2.000000000 2
352 1012 3 8192 2.000000000 2
352 1020 3 8192 2.000000000 2
352 1028 3 8192 2.000000000 2
352 1036 3 8192 2.000000000 2
352 1072 3 8192 2.000000000 2
352 1084 3 8192 2.000000000 2
352 1088 3 8192 2.000000000 2
352 1128 3 8192 2.000000000 2
352 1140 3 8192 2.000000000 2
352 1156 3 8192 2.000000000 2
352 1164 3 8192 2.000000000 2
352 1228 3 8192 2.000000000 2
352 1232 3 8192 2.000000000 2
352 1260 3 8192 2.000000000 2
352 1272 3 8192 2.000000000 2
356 16 3 8192 2.000000000 2
356 20 3 8192 2.000000000 2
356 24 3 8192 2.000000000 2
356 32 3 8192 2.000000000 2
356 48 3 8192 2.000000000 2
356 56 3 8192 2.000000000 2
356 108 3 8192 2.000000000 2
356 120 3 8192 2.000000000 2
356 172 3 8192 2.000000000 2
356 216 3 8192 2.000000000 2
356 224 3 8192 2.000000000 2
356 240 3 8192 2.000000000 2
356 244 3 8192 2.000000000 2
356 252 3 8192 2.000000000 2
356 256 3 8192 2.000000000 2
356 272 3 8192 2.000000000 2
356 276 3 8192 2.000000000 2
356 292 3 8192 2.000000000 2
356 324 3 8192 2.000000000 2
356 332 3 8192 2.000000000 2
356 340 3 8192 2.000000000 2
356 344 3 8192 2.000000000 2
356 388 3 8192 2.000000000 2
356 400 3 8192 2.000000000 2
356 428 3 8192 2.000000000 2
356 444 3 8192 2.000000000 2
356 456 3 8192 2.000000000 2
356 460 3 8192 2.000000000 2
356 500 3 8192 2.000000000 2
356 516 3 8192 2.000000000 2
356 520 3 8192 2.000000000 2
356 536 3 8192 2.000000000 2
356 540 3 8192 2.000000000 2
356 548 3 8192 2.000000000 2
356 564 3 8192 2.000000000 2
356 572 3 8192 2.000000000 2
356 596 3 8192 2.000000000 2
356 624 3 8192 2.000000000 2
356 628 3 8192 2.000000000 2
356 652 3 8192 2.000000000 2
356 676 3 8192 2.000000000 2
356 696 3 8192 2.000000000 2
356 716 3 8192 2.000000000 2
356 732 3 8192 2.000000000 2
356 776 3 8192 2.000000000 2
356 792 3 8192 2.000000000 2
356 836 3 8192 2.000000000 2
356 876 3 8192 2.000000000 2
356 908 3 8192 2.000000000 2
356 928 3 8192 2.000000000 2
356 980 3 8192 2.000000000 2
356 1024 3 8192 2.000000000 2
356 1056 3 8192 2.000000000 2
356 1084 3 8192 2.000000000 2
356 1120 3 8192 2.000000000 2
356 1132 3 8192 2.000000000 2
356 1136 3 8192 2.000000000 2
356 1160 3 8192 2.000000000 2
356 1196 3 8192 2.000000000 2
356 1200 3 8192 2.000000000 2
356 1220 3 8192 2.000000000 2
356 1224 3 8192 2.000000000 2
356 1264 3 8192 2.000000000 2
356 1276 3 8192 2.000000000 2
360 32 3 8192 2.000000000 2
360 104 3 8192 2.000000000 2
360 120 3 8192 2.000000000 2
360 136 3 8192 2.000000000 2
360 160 3 8192 2.000000000 2
360 192 3 8192 2.000000000 2
360 200 3 8192 2.000000000 2
360 204 3 8192 2.000000000 2
360 212 3 8192 2.000000000 2
360 240 3 8192 2.000000000 2
360 252 3 8192 2.000000000 2
360 276 3 8192 2.000000000 2
360 316 3 8192 2.000000000 2
360 328 3 8192 2.000000000 2
360 332 3 8192 2.000000000 2
360 340 3 8192 2.000000000 2
360 344 3 8192 2.000000000 2
360 372 3 8192 2.000000000 2
360 408 3 8192 2.000000000 2
360 416 3 8192 2.000000000 2
360 424 3 8192 2.000000000 2
360 456 3 8192 2.000000000 2
360 464 3 8192 2.000000000 2
360 468 3 8192 2.000000000 2
360 516 3 8192 2.000000000 2
360 520 3 8192 2.000000000 2
360 532 3 8192 2.000000000 2
360 540 3 8192 2.000000000 2
360 544 3 8192 2.000000000 2
360 596 3 8192 2.000000000 2
360 628 3 8192 2.000000000 2
360 636 3 8192 2.000000000 2
360 648 3 8192 2.000000000 2
360 652 3 8192 2.000000000 2
360 660 3 8192 2.000000000 2
360 696 3 8192 2.000000000 2
360 708 3 8192 2.000000000 2
360 724 3 8192 2.000000000 2
360 768 3 8192 2.000000000 2
360 824 3 8192 2.000000000 2
360 840 3 8192 2.000000000 2
360 868 3 8192 2.000000000 2
360 880 3 8192 2.000000000 2
360 884 3 8192 2.000000000 2
360 904 3 8192 2.000000000 2
360 912 3 8192 2.000000000 2
360 940 3 8192 2.000000000 2
360 944 3 8192 2.000000000 2
360 1008 3 8192 2.000000000 2
360 1012 3 8192 2.000000000 2
360 1036 3 8192 2.000000000 2
360 1064 3 8192 2.000000000 2
360 1072 3 8192 2.000000000 2
360 1080 3 8192 2.000000000 2
360 1084 3 8192 2.000000000 2
360 1088 3 8192 2.000000000 2
360 1148 3 8192 2.000000000 2
360 1156 3 8192 2.000000000 2
360 1168 3 8192 2.000000000 2
360 1200 3 8192 2.000000000 2
360 1228 3 8192 2.000000000 2
360 1232 3 8192 2.000000000 2
360 1236 3 8192 2.000000000 2
360 1244 3 8192 2.000000000 2
368 8 3 8192 2.000000000 2
368 68 3 8192 2.000000000 2
368 92 3 8192 2.000000000 2
368 104 3 8192 2.000000000 2
368 124 3 8192 2.000000000 2
368 132 3 8192 2.000000000 2
368 160 3 8192 2.000000000 2
368 212 3 8192 2.000000000 2
368 228 3 8192 2.000000000 2
368 236 3 8192 2.000000000 2
368 252 3 8192 2.000000000 2
368 264 3 8192 2.000000000 2
368 328 3 8192 2.000000000 2
368 332 3 8192 2.000000000 2
368 344 3 8192 2.000000000 2
368 372 3 8192 2.000000000 2
368 376 3 8192 2.000000000 2
368 392 3 8192 2.000000000 2
368 412 3 8192 2.000000000 2
368 428 3 8192 2.000000000 2
368 444 3 8192 2.000000000 2
368 448 3 8192 2.000000000 2
368 460 3 8192 2.000000000 2
368 472 3 8192 2.000000000 2
368 496 3 8192 2.000000000 2
368 500 3 8192 2.000000000 2
368 532 3 8192 2.000000000 2
368 536 3 8192 2.000000000 2
368 560 3 8192 2.000000000 2
368 592 3 8192 2.000000000 2
368 620 3 8192 2.000000000 2
368 632 3 8192 2.000000000 2
368 636 3 8192 2.000000000 2
368 652 3 8192 2.000000000 2
368 656 3 8192 2.000000000 2
368 664 3 8192 2.000000000 2
368 688 3 8192 2.000000000 2
368 696 3 8192 2.000000000 2
368 764 3 8192 2.000000000 2
368 784 3 8192 2.000000000 2
368 832 3 8192 2.000000000 2
368 840 3 8192 2.000000000 2
368 848 3 8192 2.000000000 2
368 856 3 8192 2.000000000 2
368 876 3 8192 2.000000000 2
368 880 3 8192 2.000000000 2
368 888 3 8192 2.000000000 2
368 908 3 8192 2.000000000 2
368 916 3 8192 2.000000000 2
368 940 3 8192 2.000000000 2
368 944 3 8192 2.000000000 2
368 948 3 8192 2.000000000 2
368 956 3 8192 2.000000000 2
368 960 3 8192 2.000000000 2
368 976 3 8192 2.000000000 2
368 1032 3 8192 2.000000000 2
368 1056 3 8192 2.000000000 2
368 1060 3 8192 2.000000000 2
368 1100 3 8192 2.000000000 2
368 1144 3 8192 2.000000000 2
368 1156 3 8192 2.000000000 2
368 1172 3 8192 2.000000000 2
368 1204 3 8192 2.000000000 2
368 1232 3 8192 2.000000000 2
372 8 3 8192 2.000000000 2
372 12 3 8192 2.000000000 2
372 16 3 8192 2.000000000 2
372 24 3 8192 2.000000000 2
372 32 3 8192 2.000000000 2
372 40 3 8192 2.000000000 2
372 64 3 8192 2.000000000 2
372 124 3 8192 2.000000000 2
372 144 3 8192 2.000000000 2
372 148 3 8192 2.000000000 2
372 160 3 8192 2.000000000 2
372 172 3 8192 2.000000000 2
372 212 3 8192 2.000000000 2
372 216 3 8192 2.000000000 2
372 252 3 8192 2.000000000 2
372 308 3 8192 2.000000000 2
372 312 3 8192 2.000000000 2
372 316 3 8192 2.000000000 2
372 320 3 8192 2.000000000 2
372 324 3 8192 2.000000000 2
372 344 3 8192 2.000000000 2
372 352 3 8192 2.000000000 2
372 360 3 8192 2.000000000 2
372 384 3 8192 2.000000000 2
372 400 3 8192 2.000000000 2
372 448 3 8192 2.000000000 2
372 500 3 8192 2.000000000 2
372 520 3 8192 2.000000000 2
372 540 3 8192 2.000000000 2
372 552 3 8192 2.000000000 2
372 572 3 8192 2.000000000 2
372 596 3 8192 2.000000000 2
372 680 3 8192 2.000000000 2
372 692 3 8192 2.000000000 2
372 712 3 8192 2.000000000 2
372 720 3 8192 2.000000000 2
372 728 3 8192 2.000000000 2
372 764 3 8192 2.000000000 2
372 776 3 8192 2.000000000 2
372 800 3 8192 2.000000000 2
372 808 3 8192 2.000000000 2
372 868 3 8192 2.000000000 2
372 876 3 8192 2.000000000 2
372 880 3 8192 2.000000000 2
372 888 3 8192 2.000000000 2
372 908 3 8192 2.000000000 2
372 912 3 8192 2.000000000 2
372 916 3 8192 2.000000000 2
372 940 3 8192 2.000000000 2
372 944 3 8192 2.000000000 2
372 948 3 8192 2.000000000 2
372 968 3 8192 2.000000000 2
372 976 3 8192 2.000000000 2
372 996 3 8192 2.000000000 2
372 1024 3 8192 2.000000000 2
372 1052 3 8192 2.000000000 2
372 1096 3 8192 2.000000000 2
372 1128 3 8192 2.000000000 2
372 1132 3 8192 2.000000000 2
372 1176 3 8192 2.000000000 2
372 1224 3 8192 2.000000000 2
372 1236 3 8192 2.000000000 2
372 1260 3 8192 2.000000000 2
372 1276 3 8192 2.000000000 2
376 12 3 8192 2.000000000 2
376 24 3 8192 2.000000000 2
376 32 3 8192 2.000000000 2
376 64 3 8192 2.000000000 2
376 68 3 8192 2.000000000 2
376 104 3 8192 2.000000000 2
376 112 3 8192 2.000000000 2
376 144 3 8192 2.000000000 2
376 200 3 8192 2.000000000 2
376 204 3 8192 2.000000000 2
376 224 3 8192 2.000000000 2
376 240 3 8192 2.000000000 2
376 244 3 8192 2.000000000 2
376 272 3 8192 2.000000000 2
376 276 3 8192 2.000000000 2
376 312 3 8192 2.000000000 2
376 332 3 8192 2.000000000 2
376 340 3 8192 2.000000000 2
376 352 3 8192 2.000000000 2
376 360 3 8192 2.000000000 2
376 424 3 8192 2.000000000 2
376 456 3 8192 2.000000000 2
376 460 3 8192 2.000000000 2
376 500 3 8192 2.000000000 2
376 516 3 8192 2.000000000 2
376 540 3 8192 2.000000000 2
376 568 3 8192 2.000000000 2
376 600 3 8192 2.000000000 2
376 628 3 8192 2.000000000 2
376 636 3 8192 2.000000000 2
376 660 3 8192 2.000000000 2
376 676 3 8192 2.000000000 2
376 688 3 8192 2.000000000 2
376 700 3 8192 2.000000000 2
376 708 3 8192 2.000000000 2
376 732 3 8192 2.000000000 2
376 764 3 8192 2.000000000 2
376 788 3 8192 2.000000000 2
376 800 3 8192 2.000000000 2
376 812 3 8192 2.000000000 2
376 820 3 8192 2.000000000 2
376 836 3 8192 2.000000000 2
376 888 3 8192 2.000000000 2
376 892 3 8192 2.000000000 2
376 928 3 8192 2.000000000 2
376 944 3 8192 2.000000000 2
376 1000 3 8192 2.000000000 2
376 1004 3 8192 2.000000000 2
376 1020 3 8192 2.000000000 2
376 1032 3 8192 2.000000000 2
376 1048 3 8192 2.000000000 2
376 1052 3 8192 2.000000000 2
376 1056 3 8192 2.000000000 2
376 1060 3 8192 2.000000000 2
376 1064 3 8192 2.000000000 2
376 1080 3 8192 2.000000000 2
376 1128 3 8192 2.000000000 2
376 1152 3 8192 2.000000000 2
376 1168 3 8192 2.000000000 2
376 1184 3 8192 2.000000000 2
376 1212 3 8192 2.000000000 2
376 1216 3 8192 2.000000000 2
376 1236 3 8192 2.000000000 2
376 1276 3 8192 2.000000000 2
384 44 3 8192 2.000000000 2
384 48 3 8192 2.000000000 2
384 80 3 8192 2.000000000 2
384 92 3 8192 2.000000000 2
384 112 3 8192 2.000000000 2
384 116 3 8192 2.000000000 2
384 176 3 8192 2.000000000 2
384 192 3 8192 2.000000000 2
384 200 3 8192 2.000000000 2
384 212 3 8192 2.000000000 2
384 252 3 8192 2.000000000 2
384 264 3 8192 2.000000000 2
384 272 3 8192 2.000000000 2
384 292 3 8192 2.000000000 2
384 308 3 8192 2.000000000 2
384 312 3 8192 2.000000000 2
384 316 3 8192 2.000000000 2
384 332 3 8192 2.000000000 2
384 344 3 8192 2.000000000 2
384 352 3 8192 2.000000000 2
384 392 3 8192 2.000000000 2
384 400 3 8192 2.000000000 2
384 412 3 8192 2.000000000 2
384 456 3 8192 2.000000000 2
384 492 3 8192 2.000000000 2
384 500 3 8192 2.000000000 2
384 504 3 8192 2.000000000 2
384 536 3 8192 2.000000000 2
384 552 3 8192 2.000000000 2
384 592 3 8192 2.000000000 2
384 620 3 8192 2.000000000 2
384 720 3 8192 2.000000000 2
384 724 3 8192 2.000000000 2
384 736 3 8192 2.000000000 2
384 760 3 8192 2.000000000 2
384 784 3 8192 2.000000000 2
384 808 3 8192 2.000000000 2
384 820 3 8192 2.000000000 2
384 832 3 8192 2.000000000 2
384 864 3 8192 2.000000000 2
384 876 3 8192 2.000000000 2
384 904 3 8192 2.000000000 2
384 912 3 8192 2.000000000 2
384 920 3 8192 2.000000000 2
384 952 3 8192 2.000000000 2
384 956 3 8192 2.000000000 2
384 980 3 8192 2.000000000 2
384 984 3 8192 2.000000000 2
384 1036 3 8192 2.000000000 2
384 1052 3 8192 2.000000000 2
384 1088 3 8192 2.000000000 2
384 1100 3 8192 2.000000000 2
384 1112 3 8192 2.000000000 2
384 1120 3 8192 2.000000000 2
384 1132 3 8192 2.000000000 2
384 1136 3 8192 2.000000000 2
384 1156 3 8192 2.000000000 2
384 1196 3 8192 2.000000000 2
384 1200 3 8192 2.000000000 2
384 1204 3 8192 2.000000000 2
384 1224 3 8192 2.000000000 2
384 1228 3 8192 2.000000000 2
384 1232 3 8192 2.000000000 2
384 1272 3 8192 2.000000000 2
388 20 3 8192 2.000000000 2
388 40 3 8192 2.000000000 2
388 88 3 8192 2.000000000 2
388 108 3 8192 2.000000000 2
388 120 3 8192 2.000000000 2
388 124 3 8192 2.000000000 2
388 184 3 8192 2.000000000 2
388 204 3 8192 2.000000000 2
388 208 3 8192 2.000000000 2
388 212 3 8192 2.000000000 2
388 224 3 8192 2.000000000 2
388 236 3 8192 2.000000000 2
388 244 3 8192 2.000000000 2
388 276 3 8192 2.000000000 2
388 316 3 8192 2.000000000 2
388 332 3 8192 2.000000000 2
388 352 3 8192 2.000000000 2
388 360 3 8192 2.000000000 2
388 424 3 8192 2.000000000 2
388 472 3 8192 2.000000000 2
388 508 3 8192 2.000000000 2
388 516 3 8192 2.000000000 2
388 540 3 8192 2.000000000 2
388 548 3 8192 2.000000000 2
388 568 3 8192 2.000000000 2
388 572 3 8192 2.000000000 2
388 580 3 8192 2.000000000 2
388 608 3 8192 2.000000000 2
388 652 3 8192 2.000000000 2
388 656 3 8192 2.000000000 2
388 660 3 8192 2.000000000 2
388 664 3 8192 2.000000000 2
388 668 3 8192 2.000000000 2
388 720 3 8192 2.000000000 2
388 808 3 8192 2.000000000 2
388 812 3 8192 2.000000000 2
388 824 3 8192 2.000000000 2
388 832 3 8192 2.000000000 2
388 848 3 8192 2.000000000 2
388 860 3 8192 2.000000000 2
388 892 3 8192 2.000000000 2
388 916 3 8192 2.000000000 2
388 936 3 8192 2.000000000 2
388 940 3 8192 2.000000000 2
388 948 3 8192 2.000000000 2
388 968 3 8192 2.000000000 2
388 972 3 8192 2.000000000 2
388 980 3 8192 2.000000000 2
388 988 3 8192 2.000000000 2
388 996 3 8192 2.000000000 2
388 1008 3 8192 2.000000000 2
388 1048 3 8192 2.000000000 2
388 1064 3 8192 2.000000000 2
388 1088 3 8192 2.000000000 2
388 1148 3 8192 2.000000000 2
388 1152 3 8192 2.000000000 2
388 1168 3 8192 2.000000000 2
388 1172 3 8192 2.000000000 2
388 1184 3 8192 2.000000000 2
388 1188 3 8192 2.000000000 2
388 1204 3 8192 2.000000000 2
388 1212 3 8192 2.000000000 2
388 1224 3 8192 2.000000000 2
388 1268 3 8192 2.000000000 2
392 44 3 8192 2.000000000 2
392 48 3 8192 2.000000000 2
392 60 3 8192 2.000000000 2
392 64 3 8192 2.000000000 2
392 72 3 8192 2.000000000 2
392 88 3 8192 2.000000000 2
392 92 3 8192 2.000000000 2
392 112 3 8192 2.000000000 2
392 188 3 8192 2.000000000 2
392 224 3 8192 2.000000000 2
392 228 3 8192 2.000000000 2
392 252 3 8192 2.000000000 2
392 268 3 8192 2.000000000 2
392 280 3 8192 2.000000000 2
392 288 3 8192 2.000000000 2
392 292 3 8192 2.000000000 2
392 308 3 8192 2.000000000 2
392 316 3 8192 2.000000000 2
392 352 3 8192 2.000000000 2
392 360 3 8192 2.000000000 2
392 388 3 8192 2.000000000 2
392 396 3 8192 2.000000000 2
392 404 3 8192 2.000000000 2
392 412 3 8192 2.000000000 2
392 428 3 8192 2.000000000 2
392 444 3 8192 2.000000000 2
392 472 3 8192 2.000000000 2
392 504 3 8192 2.000000000 2
392 532 3 8192 2.000000000 2
392 568 3 8192 2.000000000 2
392 588 3 8192 2.000000000 2
392 592 3 8192 2.000000000 2
392 620 3 8192 2.000000000 2
392 632 3 8192 2.000000000 2
392 652 3 8192 2.000000000 2
392 688 3 8192 2.000000000 2
392 720 3 8192 2.000000000 2
392 732 3 8192 2.000000000 2
392 768 3 8192 2.000000000 2
392 792 3 8192 2.000000000 2
392 808 3 8192 2.000000000 2
392 840 3 8192 2.000000000 2
392 864 3 8192 2.000000000 2
392 880 3 8192 2.000000000 2
392 884 3 8192 2.000000000 2
392 892 3 8192 2.000000000 2
392 900 3 8192 2.000000000 2
392 912 3 8192 2.000000000 2
392 916 3 8192 2.000000000 2
392 920 3 8192 2.000000000 2
392 940 3 8192 2.000000000 2
392 948 3 8192 2.000000000 2
392 1032 3 8192 2.000000000 2
392 1056 3 8192 2.000000000 2
392 1080 3 8192 2.000000000 2
392 1084 3 8192 2.000000000 2
392 1112 3 8192 2.000000000 2
392 1140 3 8192 2.000000000 2
392 1172 3 8192 2.000000000 2
392 1188 3 8192 2.000000000 2
392 1216 3 8192 2.000000000 2
392 1220 3 8192 2.000000000 2
392 1224 3 8192 2.000000000 2
392 1264 3 8192 2.000000000 2
396 12 3 8192 2.000000000 2
396 24 3 8192 2.000000000 2
396 64 3 8192 2.000000000 2
396 104 3 8192 2.000000000 2
396 108 3 8192 2.000000000 2
396 116 3 8192 2.000000000 2
396 136 3 8192 2.000000000 2
396 144 3 8192 2.000000000 2
396 160 3 8192 2.000000000 2
396 172 3 8192 2.000000000 2
396 212 3 8192 2.000000000 2
396 220 3 8192 2.000000000 2
396 240 3 8192 2.000000000 2
396 268 3 8192 2.000000000 2
396 276 3 8192 2.000000000 2
396 296 3 8192 2.000000000 2
396 308 3 8192 2.000000000 2
396 328 3 8192 2.000000000 2
396 340 3 8192 2.000000000 2
396 356 3 8192 2.000000000 2
396 384 3 8192 2.000000000 2
396 388 3 8192 2.000000000 2
396 428 3 8192 2.000000000 2
396 444 3 8192 2.000000000 2
396 508 3 8192 2.000000000 2
396 544 3 8192 2.000000000 2
396 552 3 8192 2.000000000 2
396 600 3 8192 2.000000000 2
396 652 3 8192 2.000000000 2
396 660 3 8192 2.000000000 2
396 720 3 8192 2.000000000 2
396 728 3 8192 2.000000000 2
396 736 3 8192 2.000000000 2
396 776 3 8192 2.000000000 2
396 784 3 8192 2.000000000 2
396 792 3 8192 2.000000000 2
396 800 3 8192 2.000000000 2
396 808 3 8192 2.000000000 2
396 820 3 8192 2.000000000 2
396 912 3 8192 2.000000000 2
396 920 3 8192 2.000000000 2
396 940 3 8192 2.000000000 2
396 956 3 8192 2.000000000 2
396 976 3 8192 2.000000000 2
396 980 3 8192 2.000000000 2
396 984 3 8192 2.000000000 2
396 988 3 8192 2.000000000 2
396 996 3 8192 2.000000000 2
396 1020 3 8192 2.000000000 2
396 1036 3 8192 2.000000000 2
396 1048 3 8192 2.000000000 2
396 1052 3 8192 2.000000000 2
396 1080 3 8192 2.000000000 2
396 1132 3 8192 2.000000000 2
396 1152 3 8192 2.000000000 2
396 1164 3 8192 2.000000000 2
396 1184 3 8192 2.000000000 2
396 1188 3 8192 2.000000000 2
396 1192 3 8192 2.000000000 2
396 1220 3 8192 2.000000000 2
396 1224 3 8192 2.000000000 2
396 1232 3 8192 2.000000000 2
396 1260 3 8192 2.000000000 2
396 1272 3 8192 2.000000000 2
400 100 3 8192 2.000000000 2
400 120 3 8192 2.000000000 2
400 140 3 8192 2.000000000 2
400 156 3 8192 2.000000000 2
400 172 3 8192 2.000000000 2
400 184 3 8192 2.000000000 2
400 188 3 8192 2.000000000 2
400 240 3 8192 2.000000000 2
400 248 3 8192 2.000000000 2
400 264 3 8192 2.000000000 2
400 324 3 8192 2.000000000 2
400 332 3 8192 2.000000000 2
400 368 3 8192 2.000000000 2
400 372 3 8192 2.000000000 2
400 388 3 8192 2.000000000 2
400 416 3 8192 2.000000000 2
400 424 3 8192 2.000000000 2
400 464 3 8192 2.000000000 2
400 504 3 8192 2.000000000 2
400 528 3 8192 2.000000000 2
400 552 3 8192 2.000000000 2
400 564 3 8192 2.000000000 2
400 568 3 8192 2.000000000 2
400 572 3 8192 2.000000000 2
400 596 3 8192 2.000000000 2
400 628 3 8192 2.000000000 2
400 668 3 8192 2.000000000 2
400 676 3 8192 2.000000000 2
400 688 3 8192 2.000000000 2
400 696 3 8192 2.000000000 2
400 712 3 8192 2.000000000 2
400 716 3 8192 2.000000000 2
400 728 3 8192 2.000000000 2
400 780 3 8192 2.000000000 2
400 788 3 8192 2.000000000 2
400 792 3 8192 2.000000000 2
400 808 3 8192 2.000000000 2
400 836 3 8192 2.000000000 2
400 864 3 8192 2.000000000 2
400 868 3 8192 2.000000000 2
400 880 3 8192 2.000000000 2
400 908 3 8192 2.000000000 2
400 916 3 8192 2.000000000 2
400 944 3 8192 2.000000000 2
400 956 3 8192 2.000000000 2
400 960 3 8192 2.000000000 2
400 976 3 8192 2.000000000 2
400 1004 3 8192 2.000000000 2
400 1020 3 8192 2.000000000 2
400 1036 3 8192 2.000000000 2
400 1044 3 8192 2.000000000 2
400 1056 3 8192 2.000000000 2
400 1060 3 8192 2.000000000 2
400 1072 3 8192 2.000000000 2
400 1088 3 8192 2.000000000 2
400 1096 3 8192 2.000000000 2
400 1112 3 8192 2.000000000 2
400 1116 3 8192 2.000000000 2
400 1120 3 8192 2.000000000 2
400 1168 3 8192 2.000000000 2
400 1184 3 8192 2.000000000 2
400 1200 3 8192 2.000000000 2
400 1244 3 8192 2.000000000 2
400 1264 3 8192 2.000000000 2
404 12 3 8192 2.000000000 2
404 28 3 8192 2.000000000 2
404 48 3 8192 2.000000000 2
404 68 3 8192 2.000000000 2
404 112 3 8192 2.000000000 2
404 116 3 8192 2.000000000 2
404 136 3 8192 2.000000000 2
404 184 3 8192 2.000000000 2
404 200 3 8192 2.000000000 2
404 212 3 8192 2.000000000 2
404 220 3 8192 2.000000000 2
404 240 3 8192 2.000000000 2
404 252 3 8192 2.000000000 2
404 264 3 8192 2.000000000 2
404 272 3 8192 2.000000000 2
404 296 3 8192 2.000000000 2
404 376 3 8192 2.000000000 2
404 388 3 8192 2.000000000 2
404 392 3 8192 2.000000000 2
404 396 3 8192 2.000000000 2
404 400 3 8192 2.000000000 2
404 412 3 8192 2.000000000 2
404 416 3 8192 2.000000000 2
404 428 3 8192 2.000000000 2
404 448 3 8192 2.000000000 2
404 452 3 8192 2.000000000 2
404 464 3 8192 2.000000000 2
404 508 3 8192 2.000000000 2
404 536 3 8192 2.000000000 2
404 552 3 8192 2.000000000 2
404 568 3 8192 2.000000000 2
404 588 3 8192 2.000000000 2
404 656 3 8192 2.000000000 2
404 688 3 8192 2.000000000 2
404 692 3 8192 2.000000000 2
404 712 3 8192 2.000000000 2
404 716 3 8192 2.000000000 2
404 728 3 8192 2.000000000 2
404 736 3 8192 2.000000000 2
404 764 3 8192 2.000000000 2
404 784 3 8192 2.000000000 2
404 800 3 8192 2.000000000 2
404 832 3 8192 2.000000000 2
404 856 3 8192 2.000000000 2
404 900 3 8192 2.000000000 2
404 904 3 8192 2.000000000 2
404 936 3 8192 2.000000000 2
404 956 3 8192 2.000000000 2
404 968 3 8192 2.000000000 2
404 996 3 8192 2.000000000 2
404 1000 3 8192 2.000000000 2
404 1004 3 8192 2.000000000 2
404 1028 3 8192 2.000000000 2
404 1036 3 8192 2.000000000 2
404 1044 3 8192 2.000000000 2
404 1100 3 8192 2.000000000 2
404 1112 3 8192 2.000000000 2
404 1136 3 8192 2.000000000 2
404 1140 3 8192 2.000000000 2
404 1144 3 8192 2.000000000 2
404 1148 3 8192 2.000000000 2
404 1160 3 8192 2.000000000 2
404 1184 3 8192 2.000000000 2
404 1268 3 8192 2.000000000 2
408 4 3 8192 2.000000000 2
408 12 3 8192 2.000000000 2
408 16 3 8192 2.000000000 2
408 48 3 8192 2.000000000 2
408 56 3 8192 2.000000000 2
408 136 3 8192 2.000000000 2
408 148 3 8192 2.000000000 2
408 156 3 8192 2.000000000 2
408 184 3 8192 2.000000000 2
408 196 3 8192 2.000000000 2
408 216 3 8192 2.000000000 2
408 264 3 8192 2.000000000 2
408 276 3 8192 2.000000000 2
408 296 3 8192 2.000000000 2
408 312 3 8192 2.000000000 2
408 316 3 8192 2.000000000 2
408 324 3 8192 2.000000000 2
408 332 3 8192 2.000000000 2
408 336 3 8192 2.000000000 2
408 372 3 8192 2.000000000 2
408 388 3 8192 2.000000000 2
408 396 3 8192 2.000000000 2
408 400 3 8192 2.000000000 2
408 456 3 8192 2.000000000 2
408 524 3 8192 2.000000000 2
408 532 3 8192 2.000000000 2
408 544 3 8192 2.000000000 2
408 564 3 8192 2.000000000 2
408 592 3 8192 2.000000000 2
408 624 3 8192 2.000000000 2
408 636 3 8192 2.000000000 2
408 656 3 8192 2.000000000 2
408 660 3 8192 2.000000000 2
408 664 3 8192 2.000000000 2
408 668 3 8192 2.000000000 2
408 676 3 8192 2.000000000 2
408 680 3 8192 2.000000000 2
408 704 3 8192 2.000000000 2
408 712 3 8192 2.000000000 2
408 716 3 8192 2.000000000 2
408 732 3 8192 2.000000000 2
408 784 3 8192 2.000000000 2
408 800 3 8192 2.000000000 2
408 824 3 8192 2.000000000 2
408 908 3 8192 2.000000000 2
408 912 3 8192 2.000000000 2
408 928 3 8192 2.000000000 2
408 952 3 8192 2.000000000 2
408 996 3 8192 2.000000000 2
408 1004 3 8192 2.000000000 2
408 1028 3 8192 2.000000000 2
408 1048 3 8192 2.000000000 2
408 1092 3 8192 2.000000000 2
408 1096 3 8192 2.000000000 2
408 1100 3 8192 2.000000000 2
408 1112 3 8192 2.000000000 2
408 1156 3 8192 2.000000000 2
408 1160 3 8192 2.000000000 2
408 1172 3 8192 2.000000000 2
408 1176 3 8192 2.000000000 2
408 1188 3 8192 2.000000000 2
408 1192 3 8192 2.000000000 2
408 1200 3 8192 2.000000000 2
408 1276 3 8192 2.000000000 2
412 8 3 8192 2.000000000 2
412 28 3 8192 2.000000000 2
412 44 3 8192 2.000000000 2
412 80 3 8192 2.000000000 2
412 132 3 8192 2.000000000 2
412 180 3 8192 2.000000000 2
412 184 3 8192 2.000000000 2
412 212 3 8192 2.000000000 2
412 224 3 8192 2.000000000 2
412 244 3 8192 2.000000000 2
412 248 3 8192 2.000000000 2
412 272 3 8192 2.000000000 2
412 328 3 8192 2.000000000 2
412 336 3 8192 2.000000000 2
412 344 3 8192 2.000000000 2
412 368 3 8192 2.000000000 2
412 376 3 8192 2.000000000 2
412 424 3 8192 2.000000000 2
412 440 3 8192 2.000000000 2
412 448 3 8192 2.000000000 2
412 496 3 8192 2.000000000 2
412 524 3 8192 2.000000000 2
412 528 3 8192 2.000000000 2
412 536 3 8192 2.000000000 2
412 540 3 8192 2.000000000 2
412 560 3 8192 2.000000000 2
412 564 3 8192 2.000000000 2
412 580 3 8192 2.000000000 2
412 628 3 8192 2.000000000 2
412 632 3 8192 2.000000000 2
412 652 3 8192 2.000000000 2
412 656 3 8192 2.000000000 2
412 660 3 8192 2.000000000 2
412 680 3 8192 2.000000000 2
412 688 3 8192 2.000000000 2
412 692 3 8192 2.000000000 2
412 704 3 8192 2.000000000 2
412 724 3 8192 2.000000000 2
412 736 3 8192 2.000000000 2
412 760 3 8192 2.000000000 2
412 780 3 8192 2.000000000 2
412 788 3 8192 2.000000000 2
412 792 3 8192 2.000000000 2
412 824 3 8192 2.000000000 2
412 832 3 8192 2.000000000 2
412 856 3 8192 2.000000000 2
412 904 3 8192 2.000000000 2
412 916 3 8192 2.000000000 2
412 940 3 8192 2.000000000 2
412 952 3 8192 2.000000000 2
412 972 3 8192 2.000000000 2
412 980 3 8192 2.000000000 2
412 996 3 8192 2.000000000 2
412 1004 3 8192 2.000000000 2
412 1048 3 8192 2.000000000 2
412 1052 3 8192 2.000000000 2
412 1088 3 8192 2.000000000 2
412 1092 3 8192 2.000000000 2
412 1096 3 8192 2.000000000 2
412 1100 3 8192 2.000000000 2
412 1148 3 8192 2.000000000 2
412 1164 3 8192 2.000000000 2
412 1212 3 8192 2.000000000 2
412 1216 3 8192 2.000000000 2
416 20 3 8192 2.000000000 2
416 32 3 8192 2.000000000 2
416 40 3 8192 2.000000000 2
416 44 3 8192 2.000000000 2
416 60 3 8192 2.000000000 2
416 68 3 8192 2.000000000 2
416 132 3 8192 2.000000000 2
416 144 3 8192 2.000000000 2
416 176 3 8192 2.000000000 2
416 208 3 8192 2.000000000 2
416 212 3 8192 2.000000000 2
416 224 3 8192 2.000000000 2
416 244 3 8192 2.000000000 2
416 264 3 8192 2.000000000 2
416 280 3 8192 2.000000000 2
416 296 3 8192 2.000000000 2
416 320 3 8192 2.000000000 2
416 332 3 8192 2.000000000 2
416 340 3 8192 2.000000000 2
416 368 3 8192 2.000000000 2
416 440 3 8192 2.000000000 2
416 448 3 8192 2.000000000 2
416 504 3 8192 2.000000000 2
416 524 3 8192 2.000000000 2
416 532 3 8192 2.000000000 2
416 548 3 8192 2.000000000 2
416 600 3 8192 2.000000000 2
416 624 3 8192 2.000000000 2
416 636 3 8192 2.000000000 2
416 680 3 8192 2.000000000 2
416 696 3 8192 2.000000000 2
416 764 3 8192 2.000000000 2
416 800 3 8192 2.000000000 2
416 812 3 8192 2.000000000 2
416 848 3 8192 2.000000000 2
416 856 3 8192 2.000000000 2
416 860 3 8192 2.000000000 2
416 880 3 8192 2.000000000 2
416 936 3 8192 2.000000000 2
416 948 3 8192 2.000000000 2
416 956 3 8192 2.000000000 2
416 968 3 8192 2.000000000 2
416 972 3 8192 2.000000000 2
416 996 3 8192 2.000000000 2
416 1028 3 8192 2.000000000 2
416 1068 3 8192 2.000000000 2
416 1072 3 8192 2.000000000 2
416 1092 3 8192 2.000000000 2
416 1112 3 8192 2.000000000 2
416 1120 3 8192 2.000000000 2
416 1128 3 8192 2.000000000 2
416 1140 3 8192 2.000000000 2
416 1144 3 8192 2.000000000 2
416 1156 3 8192 2.000000000 2
416 1160 3 8192 2.000000000 2
416 1176 3 8192 2.000000000 2
416 1184 3 8192 2.000000000 2
416 1192 3 8192 2.000000000 2
416 1200 3 8192 2.000000000 2
416 1204 3 8192 2.000000000 2
416 1236 3 8192 2.000000000 2
416 1244 3 8192 2.000000000 2
416 1260 3 8192 2.000000000 2
416 1276 3 8192 2.000000000 2
424 8 3 8192 2.000000000 2
424 12 3 8192 2.000000000 2
424 16 3 8192 2.000000000 2
424 20 3 8192 2.000000000 2
424 24 3 8192 2.000000000 2
424 60 3 8192 2.000000000 2
424 104 3 8192 2.000000000 2
424 144 3 8192 2.000000000 2
424 148 3 8192 2.000000000 2
424 160 3 8192 2.000000000 2
424 184 3 8192 2.000000000 2
424 220 3 8192 2.000000000 2
424 236 3 8192 2.000000000 2
424 268 3 8192 2.000000000 2
424 272 3 8192 2.000000000 2
424 276 3 8192 2.000000000 2
424 280 3 8192 2.000000000 2
424 292 3 8192 2.000000000 2
424 308 3 8192 2.000000000 2
424 336 3 8192 2.000000000 2
424 344 3 8192 2.000000000 2
424 376 3 8192 2.000000000 2
424 388 3 8192 2.000000000 2
424 452 3 8192 2.000000000 2
424 464 3 8192 2.000000000 2
424 508 3 8192 2.000000000 2
424 520 3 8192 2.000000000 2
424 540 3 8192 2.000000000 2
424 548 3 8192 2.000000000 2
424 580 3 8192 2.000000000 2
424 592 3 8192 2.000000000 2
424 616 3 8192 2.000000000 2
424 660 3 8192 2.000000000 2
424 664 3 8192 2.000000000 2
424 668 3 8192 2.000000000 2
424 696 3 8192 2.000000000 2
424 700 3 8192 2.000000000 2
424 728 3 8192 2.000000000 2
424 760 3 8192 2.000000000 2
424 776 3 8192 2.000000000 2
424 792 3 8192 2.000000000 2
424 800 3 8192 2.000000000 2
424 808 3 8192 2.000000000 2
424 832 3 8192 2.000000000 2
424 860 3 8192 2.000000000 2
424 864 3 8192 2.000000000 2
424 916 3 8192 2.000000000 2
424 928 3 8192 2.000000000 2
424 944 3 8192 2.000000000 2
424 956 3 8192 2.000000000 2
424 968 3 8192 2.000000000 2
424 984 3 8192 2.000000000 2
424 996 3 8192 2.000000000 2
424 1004 3 8192 2.000000000 2
424 1056 3 8192 2.000000000 2
424 1068 3 8192 2.000000000 2
424 1084 3 8192 2.000000000 2
424 1112 3 8192 2.000000000 2
424 1120 3 8192 2.000000000 2
424 1192 3 8192 2.000000000 2
424 1200 3 8192 2.000000000 2
424 1216 3 8192 2.000000000 2
424 1220 3 8192 2.000000000 2
424 1244 3 8192 2.000000000 2
428 24 3 8192 2.000000000 2
428 48 3 8192 2.000000000 2
428 108 3 8192 2.000000000 2
428 120 3 8192 2.000000000 2
428 124 3 8192 2.000000000 2
428 156 3 8192 2.000000000 2
428 212 3 8192 2.000000000 2
428 272 3 8192 2.000000000 2
428 276 3 8192 2.000000000 2
428 324 3 8192 2.000000000 2
428 340 3 8192 2.000000000 2
428 356 3 8192 2.000000000 2
428 360 3 8192 2.000000000 2
428 416 3 8192 2.000000000 2
428 460 3 8192 2.000000000 2
428 464 3 8192 2.000000000 2
428 496 3 8192 2.000000000 2
428 536 3 8192 2.000000000 2
428 628 3 8192 2.000000000 2
428 648 3 8192 2.000000000 2
428 656 3 8192 2.000000000 2
428 660 3 8192 2.000000000 2
428 704 3 8192 2.000000000 2
428 716 3 8192 2.000000000 2
428 776 3 8192 2.000000000 2
428 800 3 8192 2.000000000 2
428 820 3 8192 2.000000000 2
428 840 3 8192 2.000000000 2
428 844 3 8192 2.000000000 2
428 848 3 8192 2.000000000 2
428 856 3 8192 2.000000000 2
428 868 3 8192 2.000000000 2
428 876 3 8192 2.000000000 2
428 880 3 8192 2.000000000 2
428 884 3 8192 2.000000000 2
428 892 3 8192 2.000000000 2
428 908 3 8192 2.000000000 2
428 944 3 8192 2.000000000 2
428 956 3 8192 2.000000000 2
428 960 3 8192 2.000000000 2
428 972 3 8192 2.000000000 2
428 976 3 8192 2.000000000 2
428 996 3 8192 2.000000000 2
428 1000 3 8192 2.000000000 2
428 1012 3 8192 2.000000000 2
428 1024 3 8192 2.000000000 2
428 1028 3 8192 2.000000000 2
428 1044 3 8192 2.000000000 2
428 1140 3 8192 2.000000000 2
428 1148 3 8192 2.000000000 2
428 1156 3 8192 2.000000000 2
428 1160 3 8192 2.000000000 2
428 1168 3 8192 2.000000000 2
428 1172 3 8192 2.000000000 2
428 1176 3 8192 2.000000000 2
428 1188 3 8192 2.000000000 2
428 1192 3 8192 2.000000000 2
428 1212 3 8192 2.000000000 2
428 1232 3 8192 2.000000000 2
428 1236 3 8192 2.000000000 2
428 1244 3 8192 2.000000000 2
428 1264 3 8192 2.000000000 2
428 1268 3 8192 2.000000000 2
428 1276 3 8192 2.000000000 2
440 8 3 8192 2.000000000 2
440 44 3 8192 2.000000000 2
440 48 3 8192 2.000000000 2
440 72 3 8192 2.000000000 2
440 116 3 8192 2.000000000 2
440 120 3 8192 2.000000000 2
440 124 3 8192 2.000000000 2
440 148 3 8192 2.000000000 2
440 172 3 8192 2.000000000 2
440 236 3 8192 2.000000000 2
440 240 3 8192 2.000000000 2
440 252 3 8192 2.000000000 2
440 280 3 8192 2.000000000 2
440 316 3 8192 2.000000000 2
440 336 3 8192 2.000000000 2
440 344 3 8192 2.000000000 2
440 352 3 8192 2.000000000 2
440 384 3 8192 2.000000000 2
440 400 3 8192 2.000000000 2
440 408 3 8192 2.000000000 2
440 416 3 8192 2.000000000 2
440 448 3 8192 2.000000000 2
440 452 3 8192 2.000000000 2
440 468 3 8192 2.000000000 2
440 516 3 8192 2.000000000 2
440 520 3 8192 2.000000000 2
440 524 3 8192 2.000000000 2
440 540 3 8192 2.000000000 2
440 564 3 8192 2.000000000 2
440 580 3 8192 2.000000000 2
440 600 3 8192 2.000000000 2
440 660 3 8192 2.000000000 2
440 676 3 8192 2.000000000 2
440 724 3 8192 2.000000000 2
440 728 3 8192 2.000000000 2
440 736 3 8192 2.000000000 2
440 788 3 8192 2.000000000 2
440 792 3 8192 2.000000000 2
440 868 3 8192 2.000000000 2
440 892 3 8192 2.000000000 2
440 920 3 8192 2.000000000 2
440 944 3 8192 2.000000000 2
440 948 3 8192 2.000000000 2
440 952 3 8192 2.000000000 2
440 960 3 8192 2.000000000 2
440 968 3 8192 2.000000000 2
440 988 3 8192 2.000000000 2
440 1044 3 8192 2.000000000 2
440 1052 3 8192 2.000000000 2
440 1060 3 8192 2.000000000 2
440 1064 3 8192 2.000000000 2
440 1072 3 8192 2.000000000 2
440 1084 3 8192 2.000000000 2
440 1100 3 8192 2.000000000 2
440 1120 3 8192 2.000000000 2
440 1128 3 8192 2.000000000 2
440 1132 3 8192 2.000000000 2
440 1144 3 8192 2.000000000 2
440 1156 3 8192 2.000000000 2
440 1196 3 8192 2.000000000 2
440 1224 3 8192 2.000000000 2
440 1228 3 8192 2.000000000 2
440 1232 3 8192 2.000000000 2
440 1272 3 8192 2.000000000 2
444 8 3 8192 2.000000000 2
444 12 3 8192 2.000000000 2
444 20 3 8192 2.000000000 2
444 24 3 8192 2.000000000 2
444 48 3 8192 2.000000000 2
444 64 3 8192 2.000000000 2
444 72 3 8192 2.000000000 2
444 88 3 8192 2.000000000 2
444 116 3 8192 2.000000000 2
444 124 3 8192 2.000000000 2
444 132 3 8192 2.000000000 2
444 156 3 8192 2.000000000 2
444 196 3 8192 2.000000000 2
444 200 3 8192 2.000000000 2
444 204 3 8192 2.000000000 2
444 256 3 8192 2.000000000 2
444 272 3 8192 2.000000000 2
444 276 3 8192 2.000000000 2
444 280 3 8192 2.000000000 2
444 292 3 8192 2.000000000 2
444 316 3 8192 2.000000000 2
444 328 3 8192 2.000000000 2
444 332 3 8192 2.000000000 2
444 336 3 8192 2.000000000 2
444 356 3 8192 2.000000000 2
444 392 3 8192 2.000000000 2
444 424 3 8192 2.000000000 2
444 448 3 8192 2.000000000 2
444 456 3 8192 2.000000000 2
444 492 3 8192 2.000000000 2
444 528 3 8192 2.000000000 2
444 536 3 8192 2.000000000 2
444 592 3 8192 2.000000000 2
444 600 3 8192 2.000000000 2
444 616 3 8192 2.000000000 2
444 620 3 8192 2.000000000 2
444 648 3 8192 2.000000000 2
444 700 3 8192 2.000000000 2
444 708 3 8192 2.000000000 2
444 716 3 8192 2.000000000 2
444 728 3 8192 2.000000000 2
444 768 3 8192 2.000000000 2
444 788 3 8192 2.000000000 2
444 792 3 8192 2.000000000 2
444 800 3 8192 2.000000000 2
444 840 3 8192 2.000000000 2
444 844 3 8192 2.000000000 2
444 892 3 8192 2.000000000 2
444 936 3 8192 2.000000000 2
444 948 3 8192 2.000000000 2
444 960 3 8192 2.000000000 2
444 972 3 8192 2.000000000 2
444 976 3 8192 2.000000000 2
444 988 3 8192 2.000000000 2
444 1032 3 8192 2.000000000 2
444 1048 3 8192 2.000000000 2
444 1072 3 8192 2.000000000 2
444 1088 3 8192 2.000000000 2
444 1148 3 8192 2.000000000 2
444 1156 3 8192 2.000000000 2
444 1172 3 8192 2.000000000 2
444 1192 3 8192 2.000000000 2
444 1268 3 8192 2.000000000 2
444 1276 3 8192 2.000000000 2
448 8 3 8192 2.000000000 2
448 32 3 8192 2.000000000 2
448 56 3 8192 2.000000000 2
448 64 3 8192 2.000000000 2
448 100 3 8192 2.000000000 2
448 104 3 8192 2.000000000 2
448 108 3 8192 2.000000000 2
448 120 3 8192 2.000000000 2
448 160 3 8192 2.000000000 2
448 180 3 8192 2.000000000 2
448 204 3 8192 2.000000000 2
448 248 3 8192 2.000000000 2
448 252 3 8192 2.000000000 2
448 256 3 8192 2.000000000 2
448 268 3 8192 2.000000000 2
448 324 3 8192 2.000000000 2
448 328 3 8192 2.000000000 2
448 344 3 8192 2.000000000 2
448 368 3 8192 2.000000000 2
448 372 3 8192 2.000000000 2
448 400 3 8192 2.000000000 2
448 408 3 8192 2.000000000 2
448 456 3 8192 2.000000000 2
448 496 3 8192 2.000000000 2
448 520 3 8192 2.000000000 2
448 544 3 8192 2.000000000 2
448 548 3 8192 2.000000000 2
448 592 3 8192 2.000000000 2
448 608 3 8192 2.000000000 2
448 636 3 8192 2.000000000 2
448 680 3 8192 2.000000000 2
448 704 3 8192 2.000000000 2
448 764 3 8192 2.000000000 2
448 776 3 8192 2.000000000 2
448 780 3 8192 2.000000000 2
448 784 3 8192 2.000000000 2
448 808 3 8192 2.000000000 2
448 812 3 8192 2.000000000 2
448 824 3 8192 2.000000000 2
448 836 3 8192 2.000000000 2
448 876 3 8192 2.000000000 2
448 884 3 8192 2.000000000 2
448 908 3 8192 2.000000000 2
448 912 3 8192 2.000000000 2
448 916 3 8192 2.000000000 2
448 920 3 8192 2.000000000 2
448 944 3 8192 2.000000000 2
448 1008 3 8192 2.000000000 2
448 1028 3 8192 2.000000000 2
448 1052 3 8192 2.000000000 2
448 1088 3 8192 2.000000000 2
448 1116 3 8192 2.000000000 2
448 1120 3 8192 2.000000000 2
448 1136 3 8192 2.000000000 2
448 1140 3 8192 2.000000000 2
448 1156 3 8192 2.000000000 2
448 1176 3 8192 2.000000000 2
448 1192 3 8192 2.000000000 2
448 1200 3 8192 2.000000000 2
448 1204 3 8192 2.000000000 2
448 1232 3 8192 2.000000000 2
448 1236 3 8192 2.000000000 2
448 1260 3 8192 2.000000000 2
448 1264 3 8192 2.000000000 2
452 72 3 8192 2.000000000 2
452 92 3 8192 2.000000000 2
452 100 3 8192 2.000000000 2
452 120 3 8192 2.000000000 2
452 124 3 8192 2.000000000 2
452 136 3 8192 2.000000000 2
452 148 3 8192 2.000000000 2
452 184 3 8192 2.000000000 2
452 196 3 8192 2.000000000 2
452 200 3 8192 2.000000000 2
452 204 3 8192 2.000000000 2
452 208 3 8192 2.000000000 2
452 220 3 8192 2.000000000 2
452 244 3 8192 2.000000000 2
452 264 3 8192 2.000000000 2
452 280 3 8192 2.000000000 2
452 296 3 8192 2.000000000 2
452 308 3 8192 2.000000000 2
452 320 3 8192 2.000000000 2
452 332 3 8192 2.000000000 2
452 336 3 8192 2.000000000 2
452 356 3 8192 2.000000000 2
452 376 3 8192 2.000000000 2
452 396 3 8192 2.000000000 2
452 408 3 8192 2.000000000 2
452 464 3 8192 2.000000000 2
452 468 3 8192 2.000000000 2
452 472 3 8192 2.000000000 2
452 520 3 8192 2.000000000 2
452 568 3 8192 2.000000000 2
452 572 3 8192 2.000000000 2
452 596 3 8192 2.000000000 2
452 636 3 8192 2.000000000 2
452 680 3 8192 2.000000000 2
452 688 3 8192 2.000000000 2
452 692 3 8192 2.000000000 2
452 696 3 8192 2.000000000 2
452 704 3 8192 2.000000000 2
452 760 3 8192 2.000000000 2
452 788 3 8192 2.000000000 2
452 820 3 8192 2.000000000 2
452 836 3 8192 2.000000000 2
452 864 3 8192 2.000000000 2
452 904 3 8192 2.000000000 2
452 940 3 8192 2.000000000 2
452 952 3 8192 2.000000000 2
452 1004 3 8192 2.000000000 2
452 1008 3 8192 2.000000000 2
452 1020 3 8192 2.000000000 2
452 1036 3 8192 2.000000000 2
452 1052 3 8192 2.000000000 2
452 1056 3 8192 2.000000000 2
452 1068 3 8192 2.000000000 2
452 1072 3 8192 2.000000000 2
452 1096 3 8192 2.000000000 2
452 1168 3 8192 2.000000000 2
452 1176 3 8192 2.000000000 2
452 1200 3 8192 2.000000000 2
452 1212 3 8192 2.000000000 2
452 1216 3 8192 2.000000000 2
452 1220 3 8192 2.000000000 2
452 1224 3 8192 2.000000000 2
452 1260 3 8192 2.000000000 2
452 1276 3 8192 2.000000000 2
456 8 3 8192 2.000000000 2
456 24 3 8192 2.000000000 2
456 44 3 8192 2.000000000 2
456 68 3 8192 2.000000000 2
456 72 3 8192 2.000000000 2
456 100 3 8192 2.000000000 2
456 108 3 8192 2.000000000 2
456 116 3 8192 2.000000000 2
456 136 3 8192 2.000000000 2
456 140 3 8192 2.000000000 2
456 156 3 8192 2.000000000 2
456 172 3 8192 2.000000000 2
456 176 3 8192 2.000000000 2
456 180 3 8192 2.000000000 2
456 192 3 8192 2.000000000 2
456 204 3 8192 2.000000000 2
456 216 3 8192 2.000000000 2
456 252 3 8192 2.000000000 2
456 264 3 8192 2.000000000 2
456 276 3 8192 2.000000000 2
456 296 3 8192 2.000000000 2
456 332 3 8192 2.000000000 2
456 336 3 8192 2.000000000 2
456 372 3 8192 2.000000000 2
456 384 3 8192 2.000000000 2
456 392 3 8192 2.000000000 2
456 416 3 8192 2.000000000 2
456 424 3 8192 2.000000000 2
456 428 3 8192 2.000000000 2
456 464 3 8192 2.000000000 2
456 508 3 8192 2.000000000 2
456 528 3 8192 2.000000000 2
456 660 3 8192 2.000000000 2
456 676 3 8192 2.000000000 2
456 688 3 8192 2.000000000 2
456 704 3 8192 2.000000000 2
456 712 3 8192 2.000000000 2
456 720 3 8192 2.000000000 2
456 776 3 8192 2.000000000 2
456 824 3 8192 2.000000000 2
456 848 3 8192 2.000000000 2
456 876 3 8192 2.000000000 2
456 880 3 8192 2.000000000 2
456 904 3 8192 2.000000000 2
456 916 3 8192 2.000000000 2
456 960 3 8192 2.000000000 2
456 1008 3 8192 2.000000000 2
456 1036 3 8192 2.000000000 2
456 1052 3 8192 2.000000000 2
456 1056 3 8192 2.000000000 2
456 1060 3 8192 2.000000000 2
456 1068 3 8192 2.000000000 2
456 1088 3 8192 2.000000000 2
456 1092 3 8192 2.000000000 2
456 1096 3 8192 2.000000000 2
456 1100 3 8192 2.000000000 2
456 1112 3 8192 2.000000000 2
456 1136 3 8192 2.000000000 2
456 1188 3 8192 2.000000000 2
456 1216 3 8192 2.000000000 2
456 1244 3 8192 2.000000000 2
456 1260 3 8192 2.000000000 2
456 1264 3 8192 2.000000000 2
456 1276 3 8192 2.000000000 2
460 28 3 8192 2.000000000 2
460 40 3 8192 2.000000000 2
460 56 3 8192 2.000000000 2
460 108 3 8192 2.000000000 2
460 172 3 8192 2.000000000 2
460 192 3 8192 2.000000000 2
460 196 3 8192 2.000000000 2
460 200 3 8192 2.000000000 2
460 220 3 8192 2.000000000 2
460 252 3 8192 2.000000000 2
460 268 3 8192 2.000000000 2
460 280 3 8192 2.000000000 2
460 296 3 8192 2.000000000 2
460 316 3 8192 2.000000000 2
460 324 3 8192 2.000000000 2
460 328 3 8192 2.000000000 2
460 360 3 8192 2.000000000 2
460 368 3 8192 2.000000000 2
460 428 3 8192 2.000000000 2
460 440 3 8192 2.000000000 2
460 456 3 8192 2.000000000 2
460 496 3 8192 2.000000000 2
460 516 3 8192 2.000000000 2
460 536 3 8192 2.000000000 2
460 548 3 8192 2.000000000 2
460 632 3 8192 2.000000000 2
460 636 3 8192 2.000000000 2
460 668 3 8192 2.000000000 2
460 692 3 8192 2.000000000 2
460 696 3 8192 2.000000000 2
460 708 3 8192 2.000000000 2
460 728 3 8192 2.000000000 2
460 764 3 8192 2.000000000 2
460 780 3 8192 2.000000000 2
460 784 3 8192 2.000000000 2
460 792 3 8192 2.000000000 2
460 800 3 8192 2.000000000 2
460 812 3 8192 2.000000000 2
460 844 3 8192 2.000000000 2
460 868 3 8192 2.000000000 2
460 916 3 8192 2.000000000 2
460 920 3 8192 2.000000000 2
460 952 3 8192 2.000000000 2
460 956 3 8192 2.000000000 2
460 980 3 8192 2.000000000 2
460 996 3 8192 2.000000000 2
460 1000 3 8192 2.000000000 2
460 1004 3 8192 2.000000000 2
460 1008 3 8192 2.000000000 2
460 1048 3 8192 2.000000000 2
460 1052 3 8192 2.000000000 2
460 1064 3 8192 2.000000000 2
460 1080 3 8192 2.000000000 2
460 1088 3 8192 2.000000000 2
460 1092 3 8192 2.000000000 2
460 1100 3 8192 2.000000000 2
460 1128 3 8192 2.000000000 2
460 1132 3 8192 2.000000000 2
460 1156 3 8192 2.000000000 2
460 1196 3 8192 2.000000000 2
460 1212 3 8192 2.000000000 2
460 1260 3 8192 2.000000000 2
460 1264 3 8192 2.000000000 2
460 1276 3 8192 2.000000000 2
464 16 3 8192 2.000000000 2
464 20 3 8192 2.000000000 2
464 32 3 8192 2.000000000 2
464 44 3 8192 2.000000000 2
464 92 3 8192 2.000000000 2
464 108 3 8192 2.000000000 2
464 112 3 8192 2.000000000 2
464 136 3 8192 2.000000000 2
464 148 3 8192 2.000000000 2
464 156 3 8192 2.000000000 2
464 160 3 8192 2.000000000 2
464 188 3 8192 2.000000000 2
464 200 3 8192 2.000000000 2
464 204 3 8192 2.000000000 2
464 248 3 8192 2.000000000 2
464 252 3 8192 2.000000000 2
464 256 3 8192 2.000000000 2
464 296 3 8192 2.000000000 2
464 308 3 8192 2.000000000 2
464 316 3 8192 2.000000000 2
464 340 3 8192 2.000000000 2
464 344 3 8192 2.000000000 2
464 360 3 8192 2.000000000 2
464 404 3 8192 2.000000000 2
464 456 3 8192 2.000000000 2
464 460 3 8192 2.000000000 2
464 492 3 8192 2.000000000 2
464 524 3 8192 2.000000000 2
464 540 3 8192 2.000000000 2
464 564 3 8192 2.000000000 2
464 704 3 8192 2.000000000 2
464 712 3 8192 2.000000000 2
464 736 3 8192 2.000000000 2
464 768 3 8192 2.000000000 2
464 780 3 8192 2.000000000 2
464 792 3 8192 2.000000000 2
464 808 3 8192 2.000000000 2
464 848 3 8192 2.000000000 2
464 876 3 8192 2.000000000 2
464 880 3 8192 2.000000000 2
464 888 3 8192 2.000000000 2
464 904 3 8192 2.000000000 2
464 928 3 8192 2.000000000 2
464 952 3 8192 2.000000000 2
464 960 3 8192 2.000000000 2
464 976 3 8192 2.000000000 2
464 1000 3 8192 2.000000000 2
464 1020 3 8192 2.000000000 2
464 1036 3 8192 2.000000000 2
464 1044 3 8192 2.000000000 2
464 1052 3 8192 2.000000000 2
464 1084 3 8192 2.000000000 2
464 1088 3 8192 2.000000000 2
464 1112 3 8192 2.000000000 2
464 1120 3 8192 2.000000000 2
464 1136 3 8192 2.000000000 2
464 1152 3 8192 2.000000000 2
464 1164 3 8192 2.000000000 2
464 1172 3 8192 2.000000000 2
464 1176 3 8192 2.000000000 2
464 1184 3 8192 2.000000000 2
464 1200 3 8192 2.000000000 2
464 1216 3 8192 2.000000000 2
464 1220 3 8192 2.000000000 2
468 28 3 8192 2.000000000 2
468 60 3 8192 2.000000000 2
468 92 3 8192 2.000000000 2
468 112 3 8192 2.000000000 2
468 124 3 8192 2.000000000 2
468 132 3 8192 2.000000000 2
468 140 3 8192 2.000000000 2
468 160 3 8192 2.000000000 2
468 188 3 8192 2.000000000 2
468 192 3 8192 2.000000000 2
468 200 3 8192 2.000000000 2
468 216 3 8192 2.000000000 2
468 236 3 8192 2.000000000 2
468 248 3 8192 2.000000000 2
468 252 3 8192 2.000000000 2
468 280 3 8192 2.000000000 2
468 296 3 8192 2.000000000 2
468 392 3 8192 2.000000000 2
468 412 3 8192 2.000000000 2
468 460 3 8192 2.000000000 2
468 464 3 8192 2.000000000 2
468 496 3 8192 2.000000000 2
468 504 3 8192 2.000000000 2
468 520 3 8192 2.000000000 2
468 532 3 8192 2.000000000 2
468 564 3 8192 2.000000000 2
468 588 3 8192 2.000000000 2
468 592 3 8192 2.000000000 2
468 608 3 8192 2.000000000 2
468 648 3 8192 2.000000000 2
468 652 3 8192 2.000000000 2
468 656 3 8192 2.000000000 2
468 660 3 8192 2.000000000 2
468 668 3 8192 2.000000000 2
468 680 3 8192 2.000000000 2
468 776 3 8192 2.000000000 2
468 808 3 8192 2.000000000 2
468 812 3 8192 2.000000000 2
468 840 3 8192 2.000000000 2
468 860 3 8192 2.000000000 2
468 876 3 8192 2.000000000 2
468 884 3 8192 2.000000000 2
468 892 3 8192 2.000000000 2
468 968 3 8192 2.000000000 2
468 1004 3 8192 2.000000000 2
468 1008 3 8192 2.000000000 2
468 1012 3 8192 2.000000000 2
468 1036 3 8192 2.000000000 2
468 1052 3 8192 2.000000000 2
468 1068 3 8192 2.000000000 2
468 1072 3 8192 2.000000000 2
468 1084 3 8192 2.000000000 2
468 1092 3 8192 2.000000000 2
468 1112 3 8192 2.000000000 2
468 1140 3 8192 2.000000000 2
468 1156 3 8192 2.000000000 2
468 1188 3 8192 2.000000000 2
468 1192 3 8192 2.000000000 2
468 1196 3 8192 2.000000000 2
468 1200 3 8192 2.000000000 2
468 1216 3 8192 2.000000000 2
468 1228 3 8192 2.000000000 2
468 1232 3 8192 2.000000000 2
468 1268 3 8192 2.000000000 2
472 8 3 8192 2.000000000 2
472 100 3 8192 2.000000000 2
472 116 3 8192 2.000000000 2
472 132 3 8192 2.000000000 2
472 140 3 8192 2.000000000 2
472 144 3 8192 2.000000000 2
472 180 3 8192 2.000000000 2
472 216 3 8192 2.000000000 2
472 244 3 8192 2.000000000 2
472 288 3 8192 2.000000000 2
472 296 3 8192 2.000000000 2
472 312 3 8192 2.000000000 2
472 320 3 8192 2.000000000 2
472 324 3 8192 2.000000000 2
472 360 3 8192 2.000000000 2
472 384 3 8192 2.000000000 2
472 388 3 8192 2.000000000 2
472 392 3 8192 2.000000000 2
472 396 3 8192 2.000000000 2
472 400 3 8192 2.000000000 2
472 440 3 8192 2.000000000 2
472 448 3 8192 2.000000000 2
472 492 3 8192 2.000000000 2
472 524 3 8192 2.000000000 2
472 548 3 8192 2.000000000 2
472 592 3 8192 2.000000000 2
472 608 3 8192 2.000000000 2
472 676 3 8192 2.000000000 2
472 692 3 8192 2.000000000 2
472 700 3 8192 2.000000000 2
472 720 3 8192 2.000000000 2
472 732 3 8192 2.000000000 2
472 764 3 8192 2.000000000 2
472 800 3 8192 2.000000000 2
472 808 3 8192 2.000000000 2
472 832 3 8192 2.000000000 2
472 840 3 8192 2.000000000 2
472 864 3 8192 2.000000000 2
472 880 3 8192 2.000000000 2
472 884 3 8192 2.000000000 2
472 888 3 8192 2.000000000 2
472 936 3 8192 2.000000000 2
472 940 3 8192 2.000000000 2
472 980 3 8192 2.000000000 2
472 984 3 8192 2.000000000 2
472 988 3 8192 2.000000000 2
472 1000 3 8192 2.000000000 2
472 1024 3 8192 2.000000000 2
472 1028 3 8192 2.000000000 2
472 1052 3 8192 2.000000000 2
472 1060 3 8192 2.000000000 2
472 1068 3 8192 2.000000000 2
472 1072 3 8192 2.000000000 2
472 1080 3 8192 2.000000000 2
472 1092 3 8192 2.000000000 2
472 1120 3 8192 2.000000000 2
472 1160 3 8192 2.000000000 2
472 1168 3 8192 2.000000000 2
472 1196 3 8192 2.000000000 2
472 1204 3 8192 2.000000000 2
472 1224 3 8192 2.000000000 2
472 1232 3 8192 2.000000000 2
472 1260 3 8192 2.000000000 2
472 1264 3 8192 2.000000000 2
492 16 3 8192 2.000000000 2
492 20 3 8192 2.000000000 2
492 24 3 8192 2.000000000 2
492 28 3 8192 2.000000000 2
492 68 3 8192 2.000000000 2
492 92 3 8192 2.000000000 2
492 104 3 8192 2.000000000 2
492 136 3 8192 2.000000000 2
492 144 3 8192 2.000000000 2
492 156 3 8192 2.000000000 2
492 160 3 8192 2.000000000 2
492 216 3 8192 2.000000000 2
492 220 3 8192 2.000000000 2
492 224 3 8192 2.000000000 2
492 236 3 8192 2.000000000 2
492 244 3 8192 2.000000000 2
492 256 3 8192 2.000000000 2
492 292 3 8192 2.000000000 2
492 320 3 8192 2.000000000 2
492 344 3 8192 2.000000000 2
492 368 3 8192 2.000000000 2
492 372 3 8192 2.000000000 2
492 392 3 8192 2.000000000 2
492 412 3 8192 2.000000000 2
492 428 3 8192 2.000000000 2
492 440 3 8192 2.000000000 2
492 452 3 8192 2.000000000 2
492 468 3 8192 2.000000000 2
492 496 3 8192 2.000000000 2
492 500 3 8192 2.000000000 2
492 536 3 8192 2.000000000 2
492 540 3 8192 2.000000000 2
492 560 3 8192 2.000000000 2
492 564 3 8192 2.000000000 2
492 652 3 8192 2.000000000 2
492 692 3 8192 2.000000000 2
492 696 3 8192 2.000000000 2
492 708 3 8192 2.000000000 2
492 732 3 8192 2.000000000 2
492 768 3 8192 2.000000000 2
492 776 3 8192 2.000000000 2
492 780 3 8192 2.000000000 2
492 788 3 8192 2.000000000 2
492 836 3 8192 2.000000000 2
492 848 3 8192 2.000000000 2
492 904 3 8192 2.000000000 2
492 920 3 8192 2.000000000 2
492 948 3 8192 2.000000000 2
492 960 3 8192 2.000000000 2
492 976 3 8192 2.000000000 2
492 996 3 8192 2.000000000 2
492 1000 3 8192 2.000000000 2
492 1008 3 8192 2.000000000 2
492 1024 3 8192 2.000000000 2
492 1072 3 8192 2.000000000 2
492 1080 3 8192 2.000000000 2
492 1084 3 8192 2.000000000 2
492 1096 3 8192 2.000000000 2
492 1184 3 8192 2.000000000 2
492 1224 3 8192 2.000000000 2
492 1244 3 8192 2.000000000 2
492 1260 3 8192 2.000000000 2
492 1264 3 8192 2.000000000 2
492 1268 3 8192 2.000000000 2
496 24 3 8192 2.000000000 2
496 88 3 8192 2.000000000 2
496 112 3 8192 2.000000000 2
496 124 3 8192 2.000000000 2
496 136 3 8192 2.000000000 2
496 172 3 8192 2.000000000 2
496 188 3 8192 2.000000000 2
496 212 3 8192 2.000000000 2
496 228 3 8192 2.000000000 2
496 244 3 8192 2.000000000 2
496 268 3 8192 2.000000000 2
496 288 3 8192 2.000000000 2
496 312 3 8192 2.000000000 2
496 328 3 8192 2.000000000 2
496 352 3 8192 2.000000000 2
496 360 3 8192 2.000000000 2
496 404 3 8192 2.000000000 2
496 412 3 8192 2.000000000 2
496 416 3 8192 2.000000000 2
496 424 3 8192 2.000000000 2
496 440 3 8192 2.000000000 2
496 460 3 8192 2.000000000 2
496 472 3 8192 2.000000000 2
496 500 3 8192 2.000000000 2
496 520 3 8192 2.000000000 2
496 528 3 8192 2.000000000 2
496 536 3 8192 2.000000000 2
496 564 3 8192 2.000000000 2
496 568 3 8192 2.000000000 2
496 608 3 8192 2.000000000 2
496 620 3 8192 2.000000000 2
496 628 3 8192 2.000000000 2
496 668 3 8192 2.000000000 2
496 676 3 8192 2.000000000 2
496 680 3 8192 2.000000000 2
496 688 3 8192 2.000000000 2
496 704 3 8192 2.000000000 2
496 732 3 8192 2.000000000 2
496 768 3 8192 2.000000000 2
496 780 3 8192 2.000000000 2
496 808 3 8192 2.000000000 2
496 812 3 8192 2.000000000 2
496 856 3 8192 2.000000000 2
496 864 3 8192 2.000000000 2
496 868 3 8192 2.000000000 2
496 948 3 8192 2.000000000 2
496 952 3 8192 2.000000000 2
496 956 3 8192 2.000000000 2
496 968 3 8192 2.000000000 2
496 980 3 8192 2.000000000 2
496 1000 3 8192 2.000000000 2
496 1052 3 8192 2.000000000 2
496 1056 3 8192 2.000000000 2
496 1060 3 8192 2.000000000 2
496 1072 3 8192 2.000000000 2
496 1100 3 8192 2.000000000 2
496 1140 3 8192 2.000000000 2
496 1168 3 8192 2.000000000 2
496 1196 3 8192 2.000000000 2
496 1200 3 8192 2.000000000 2
496 1212 3 8192 2.000000000 2
496 1224 3 8192 2.000000000 2
496 1268 3 8192 2.000000000 2
496 1276 3 8192 2.000000000 2
500 4 3 8192 2.000000000 2
500 16 3 8192 2.000000000 2
500 28 3 8192 2.000000000 2
500 32 3 8192 2.000000000 2
500 44 3 8192 2.000000000 2
500 64 3 8192 2.000000000 2
500 100 3 8192 2.000000000 2
500 132 3 8192 2.000000000 2
500 140 3 8192 2.000000000 2
500 160 3 8192 2.000000000 2
500 184 3 8192 2.000000000 2
500 188 3 8192 2.000000000 2
500 192 3 8192 2.000000000 2
500 200 3 8192 2.000000000 2
500 208 3 8192 2.000000000 2
500 228 3 8192 2.000000000 2
500 240 3 8192 2.000000000 2
500 244 3 8192 2.000000000 2
500 248 3 8192 2.000000000 2
500 252 3 8192 2.000000000 2
500 264 3 8192 2.000000000 2
500 328 3 8192 2.000000000 2
500 340 3 8192 2.000000000 2
500 356 3 8192 2.000000000 2
500 368 3 8192 2.000000000 2
500 372 3 8192 2.000000000 2
500 376 3 8192 2.000000000 2
500 424 3 8192 2.000000000 2
500 440 3 8192 2.000000000 2
500 456 3 8192 2.000000000 2
500 504 3 8192 2.000000000 2
500 544 3 8192 2.000000000 2
500 560 3 8192 2.000000000 2
500 624 3 8192 2.000000000 2
500 636 3 8192 2.000000000 2
500 668 3 8192 2.000000000 2
500 676 3 8192 2.000000000 2
500 680 3 8192 2.000000000 2
500 692 3 8192 2.000000000 2
500 696 3 8192 2.000000000 2
500 792 3 8192 2.000000000 2
500 820 3 8192 2.000000000 2
500 832 3 8192 2.000000000 2
500 840 3 8192 2.000000000 2
500 860 3 8192 2.000000000 2
500 868 3 8192 2.000000000 2
500 888 3 8192 2.000000000 2
500 936 3 8192 2.000000000 2
500 944 3 8192 2.000000000 2
500 952 3 8192 2.000000000 2
500 956 3 8192 2.000000000 2
500 960 3 8192 2.000000000 2
500 980 3 8192 2.000000000 2
500 1028 3 8192 2.000000000 2
500 1032 3 8192 2.000000000 2
500 1036 3 8192 2.000000000 2
500 1084 3 8192 2.000000000 2
500 1088 3 8192 2.000000000 2
500 1112 3 8192 2.000000000 2
500 1152 3 8192 2.000000000 2
500 1176 3 8192 2.000000000 2
500 1184 3 8192 2.000000000 2
500 1228 3 8192 2.000000000 2
500 1276 3 8192 2.000000000 2
504 28 3 8192 2.000000000 2
504 68 3 8192 2.000000000 2
504 80 3 8192 2.000000000 2
504 92 3 8192 2.000000000 2
504 112 3 8192 2.000000000 2
504 116 3 8192 2.000000000 2
504 132 3 8192 2.000000000 2
504 172 3 8192 2.000000000 2
504 192 3 8192 2.000000000 2
504 196 3 8192 2.000000000 2
504 204 3 8192 2.000000000 2
504 212 3 8192 2.000000000 2
504 236 3 8192 2.000000000 2
504 252 3 8192 2.000000000 2
504 256 3 8192 2.000000000 2
504 276 3 8192 2.000000000 2
504 312 3 8192 2.000000000 2
504 340 3 8192 2.000000000 2
504 352 3 8192 2.000000000 2
504 360 3 8192 2.000000000 2
504 392 3 8192 2.000000000 2
504 400 3 8192 2.000000000 2
504 408 3 8192 2.000000000 2
504 416 3 8192 2.000000000 2
504 424 3 8192 2.000000000 2
504 472 3 8192 2.000000000 2
504 492 3 8192 2.000000000 2
504 496 3 8192 2.000000000 2
504 500 3 8192 2.000000000 2
504 520 3 8192 2.000000000 2
504 524 3 8192 2.000000000 2
504 532 3 8192 2.000000000 2
504 540 3 8192 2.000000000 2
504 544 3 8192 2.000000000 2
504 560 3 8192 2.000000000 2
504 608 3 8192 2.000000000 2
504 620 3 8192 2.000000000 2
504 624 3 8192 2.000000000 2
504 652 3 8192 2.000000000 2
504 676 3 8192 2.000000000 2
504 680 3 8192 2.000000000 2
504 688 3 8192 2.000000000 2
504 764 3 8192 2.000000000 2
504 776 3 8192 2.000000000 2
504 800 3 8192 2.000000000 2
504 808 3 8192 2.000000000 2
504 844 3 8192 2.000000000 2
504 864 3 8192 2.000000000 2
504 876 3 8192 2.000000000 2
504 928 3 8192 2.000000000 2
504 944 3 8192 2.000000000 2
504 996 3 8192 2.000000000 2
504 1008 3 8192 2.000000000 2
504 1020 3 8192 2.000000000 2
504 1032 3 8192 2.000000000 2
504 1048 3 8192 2.000000000 2
504 1064 3 8192 2.000000000 2
504 1068 3 8192 2.000000000 2
504 1080 3 8192 2.000000000 2
504 1096 3 8192 2.000000000 2
504 1112 3 8192 2.000000000 2
504 1152 3 8192 2.000000000 2
504 1172 3 8192 2.000000000 2
504 1220 3 8192 2.000000000 2
508 4 3 8192 2.000000000 2
508 56 3 8192 2.000000000 2
508 68 3 8192 2.000000000 2
508 92 3 8192 2.000000000 2
508 104 3 8192 2.000000000 2
508 116 3 8192 2.000000000 2
508 124 3 8192 2.000000000 2
508 132 3 8192 2.000000000 2
508 160 3 8192 2.000000000 2
508 188 3 8192 2.000000000 2
508 196 3 8192 2.000000000 2
508 204 3 8192 2.000000000 2
508 220 3 8192 2.000000000 2
508 228 3 8192 2.000000000 2
508 236 3 8192 2.000000000 2
508 240 3 8192 2.000000000 2
508 296 3 8192 2.000000000 2
508 316 3 8192 2.000000000 2
508 340 3 8192 2.000000000 2
508 344 3 8192 2.000000000 2
508 404 3 8192 2.000000000 2
508 408 3 8192 2.000000000 2
508 412 3 8192 2.000000000 2
508 440 3 8192 2.000000000 2
508 448 3 8192 2.000000000 2
508 472 3 8192 2.000000000 2
508 528 3 8192 2.000000000 2
508 536 3 8192 2.000000000 2
508 540 3 8192 2.000000000 2
508 544 3 8192 2.000000000 2
508 632 3 8192 2.000000000 2
508 648 3 8192 2.000000000 2
508 676 3 8192 2.000000000 2
508 692 3 8192 2.000000000 2
508 708 3 8192 2.000000000 2
508 720 3 8192 2.000000000 2
508 724 3 8192 2.000000000 2
508 736 3 8192 2.000000000 2
508 760 3 8192 2.000000000 2
508 784 3 8192 2.000000000 2
508 792 3 8192 2.000000000 2
508 800 3 8192 2.000000000 2
508 864 3 8192 2.000000000 2
508 876 3 8192 2.000000000 2
508 928 3 8192 2.000000000 2
508 952 3 8192 2.000000000 2
508 968 3 8192 2.000000000 2
508 972 3 8192 2.000000000 2
508 996 3 8192 2.000000000 2
508 1000 3 8192 2.000000000 2
508 1008 3 8192 2.000000000 2
508 1024 3 8192 2.000000000 2
508 1052 3 8192 2.000000000 2
508 1092 3 8192 2.000000000 2
508 1156 3 8192 2.000000000 2
508 1172 3 8192 2.000000000 2
508 1176 3 8192 2.000000000 2
508 1184 3 8192 2.000000000 2
508 1200 3 8192 2.000000000 2
508 1216 3 8192 2.000000000 2
508 1220 3 8192 2.000000000 2
508 1224 3 8192 2.000000000 2
508 1236 3 8192 2.000000000 2
508 1260 3 8192 2.000000000 2
516 4 3 8192 2.000000000 2
516 28 3 8192 2.000000000 2
516 40 3 8192 2.000000000 2
516 44 3 8192 2.000000000 2
516 56 3 8192 2.000000000 2
516 68 3 8192 2.000000000 2
516 80 3 8192 2.000000000 2
516 88 3 8192 2.000000000 2
516 204 3 8192 2.000000000 2
516 212 3 8192 2.000000000 2
516 220 3 8192 2.000000000 2
516 228 3 8192 2.000000000 2
516 248 3 8192 2.000000000 2
516 252 3 8192 2.000000000 2
516 268 3 8192 2.000000000 2
516 324 3 8192 2.000000000 2
516 328 3 8192 2.000000000 2
516 340 3 8192 2.000000000 2
516 344 3 8192 2.000000000 2
516 368 3 8192 2.000000000 2
516 376 3 8192 2.000000000 2
516 384 3 8192 2.000000000 2
516 392 3 8192 2.000000000 2
516 396 3 8192 2.000000000 2
516 412 3 8192 2.000000000 2
516 424 3 8192 2.000000000 2
516 428 3 8192 2.000000000 2
516 452 3 8192 2.000000000 2
516 500 3 8192 2.000000000 2
516 504 3 8192 2.000000000 2
516 540 3 8192 2.000000000 2
516 548 3 8192 2.000000000 2
516 572 3 8192 2.000000000 2
516 588 3 8192 2.000000000 2
516 616 3 8192 2.000000000 2
516 624 3 8192 2.000000000 2
516 696 3 8192 2.000000000 2
516 724 3 8192 2.000000000 2
516 780 3 8192 2.000000000 2
516 812 3 8192 2.000000000 2
516 840 3 8192 2.000000000 2
516 844 3 8192 2.000000000 2
516 856 3 8192 2.000000000 2
516 860 3 8192 2.000000000 2
516 884 3 8192 2.000000000 2
516 900 3 8192 2.000000000 2
516 948 3 8192 2.000000000 2
516 952 3 8192 2.000000000 2
516 972 3 8192 2.000000000 2
516 1000 3 8192 2.000000000 2
516 1004 3 8192 2.000000000 2
516 1008 3 8192 2.000000000 2
516 1012 3 8192 2.000000000 2
516 1056 3 8192 2.000000000 2
516 1060 3 8192 2.000000000 2
516 1080 3 8192 2.000000000 2
516 1088 3 8192 2.000000000 2
516 1136 3 8192 2.000000000 2
516 1156 3 8192 2.000000000 2
516 1172 3 8192 2.000000000 2
516 1184 3 8192 2.000000000 2
516 1188 3 8192 2.000000000 2
516 1224 3 8192 2.000000000 2
516 1232 3 8192 2.000000000 2
520 20 3 8192 2.000000000 2
520 40 3 8192 2.000000000 2
520 44 3 8192 2.000000000 2
520 72 3 8192 2.000000000 2
520 92 3 8192 2.000000000 2
520 132 3 8192 2.000000000 2
520 144 3 8192 2.000000000 2
520 172 3 8192 2.000000000 2
520 176 3 8192 2.000000000 2
520 184 3 8192 2.000000000 2
520 224 3 8192 2.000000000 2
520 236 3 8192 2.000000000 2
520 244 3 8192 2.000000000 2
520 268 3 8192 2.000000000 2
520 292 3 8192 2.000000000 2
520 296 3 8192 2.000000000 2
520 328 3 8192 2.000000000 2
520 340 3 8192 2.000000000 2
520 352 3 8192 2.000000000 2
520 356 3 8192 2.000000000 2
520 396 3 8192 2.000000000 2
520 412 3 8192 2.000000000 2
520 416 3 8192 2.000000000 2
520 428 3 8192 2.000000000 2
520 452 3 8192 2.000000000 2
520 460 3 8192 2.000000000 2
520 464 3 8192 2.000000000 2
520 500 3 8192 2.000000000 2
520 532 3 8192 2.000000000 2
520 544 3 8192 2.000000000 2
520 552 3 8192 2.000000000 2
520 600 3 8192 2.000000000 2
520 608 3 8192 2.000000000 2
520 628 3 8192 2.000000000 2
520 652 3 8192 2.000000000 2
520 696 3 8192 2.000000000 2
520 724 3 8192 2.000000000 2
520 732 3 8192 2.000000000 2
520 760 3 8192 2.000000000 2
520 776 3 8192 2.000000000 2
520 792 3 8192 2.000000000 2
520 812 3 8192 2.000000000 2
520 824 3 8192 2.000000000 2
520 832 3 8192 2.000000000 2
520 840 3 8192 2.000000000 2
520 860 3 8192 2.000000000 2
520 876 3 8192 2.000000000 2
520 884 3 8192 2.000000000 2
520 904 3 8192 2.000000000 2
520 908 3 8192 2.000000000 2
520 916 3 8192 2.000000000 2
520 940 3 8192 2.000000000 2
520 968 3 8192 2.000000000 2
520 976 3 8192 2.000000000 2
520 1000 3 8192 2.000000000 2
520 1008 3 8192 2.000000000 2
520 1024 3 8192 2.000000000 2
520 1068 3 8192 2.000000000 2
520 1092 3 8192 2.000000000 2
520 1116 3 8192 2.000000000 2
520 1160 3 8192 2.000000000 2
520 1172 3 8192 2.000000000 2
520 1204 3 8192 2.000000000 2
520 1260 3 8192 2.000000000 2
524 4 3 8192 2.000000000 2
524 12 3 8192 2.000000000 2
524 16 3 8192 2.000000000 2
524 120 3 8192 2.000000000 2
524 180 3 8192 2.000000000 2
524 184 3 8192 2.000000000 2
524 200 3 8192 2.000000000 2
524 224 3 8192 2.000000000 2
524 228 3 8192 2.000000000 2
524 244 3 8192 2.000000000 2
524 248 3 8192 2.000000000 2
524 256 3 8192 2.000000000 2
524 272 3 8192 2.000000000 2
524 276 3 8192 2.000000000 2
524 292 3 8192 2.000000000 2
524 308 3 8192 2.000000000 2
524 320 3 8192 2.000000000 2
524 324 3 8192 2.000000000 2
524 356 3 8192 2.000000000 2
524 392 3 8192 2.000000000 2
524 400 3 8192 2.000000000 2
524 424 3 8192 2.000000000 2
524 448 3 8192 2.000000000 2
524 504 3 8192 2.000000000 2
524 528 3 8192 2.000000000 2
524 544 3 8192 2.000000000 2
524 560 3 8192 2.000000000 2
524 568 3 8192 2.000000000 2
524 616 3 8192 2.000000000 2
524 624 3 8192 2.000000000 2
524 628 3 8192 2.000000000 2
524 632 3 8192 2.000000000 2
524 700 3 8192 2.000000000 2
524 728 3 8192 2.000000000 2
524 736 3 8192 2.000000000 2
524 760 3 8192 2.000000000 2
524 764 3 8192 2.000000000 2
524 768 3 8192 2.000000000 2
524 776 3 8192 2.000000000 2
524 784 3 8192 2.000000000 2
524 836 3 8192 2.000000000 2
524 880 3 8192 2.000000000 2
524 884 3 8192 2.000000000 2
524 900 3 8192 2.000000000 2
524 920 3 8192 2.000000000 2
524 952 3 8192 2.000000000 2
524 996 3 8192 2.000000000 2
524 1000 3 8192 2.000000000 2
524 1024 3 8192 2.000000000 2
524 1036 3 8192 2.000000000 2
524 1052 3 8192 2.000000000 2
524 1056 3 8192 2.000000000 2
524 1068 3 8192 2.000000000 2
524 1072 3 8192 2.000000000 2
524 1084 3 8192 2.000000000 2
524 1092 3 8192 2.000000000 2
524 1096 3 8192 2.000000000 2
524 1100 3 8192 2.000000000 2
524 1128 3 8192 2.000000000 2
524 1132 3 8192 2.000000000 2
524 1144 3 8192 2.000000000 2
524 1184 3 8192 2.000000000 2
524 1196 3 8192 2.000000000 2
524 1244 3 8192 2.000000000 2
528 4 3 8192 2.000000000 2
528 12 3 8192 2.000000000 2
528 16 3 8192 2.000000000 2
528 32 3 8192 2.000000000 2
528 60 3 8192 2.000000000 2
528 64 3 8192 2.000000000 2
528 72 3 8192 2.000000000 2
528 112 3 8192 2.000000000 2
528 120 3 8192 2.000000000 2
528 160 3 8192 2.000000000 2
528 172 3 8192 2.000000000 2
528 204 3 8192 2.000000000 2
528 208 3 8192 2.000000000 2
528 216 3 8192 2.000000000 2
528 264 3 8192 2.000000000 2
528 272 3 8192 2.000000000 2
528 316 3 8192 2.000000000 2
528 328 3 8192 2.000000000 2
528 332 3 8192 2.000000000 2
528 336 3 8192 2.000000000 2
528 344 3 8192 2.000000000 2
528 388 3 8192 2.000000000 2
528 448 3 8192 2.000000000 2
528 452 3 8192 2.000000000 2
528 460 3 8192 2.000000000 2
528 536 3 8192 2.000000000 2
528 548 3 8192 2.000000000 2
528 560 3 8192 2.000000000 2
528 572 3 8192 2.000000000 2
528 620 3 8192 2.000000000 2
528 648 3 8192 2.000000000 2
528 652 3 8192 2.000000000 2
528 696 3 8192 2.000000000 2
528 764 3 8192 2.000000000 2
528 792 3 8192 2.000000000 2
528 800 3 8192 2.000000000 2
528 832 3 8192 2.000000000 2
528 848 3 8192 2.000000000 2
528 856 3 8192 2.000000000 2
528 868 3 8192 2.000000000 2
528 876 3 8192 2.000000000 2
528 880 3 8192 2.000000000 2
528 928 3 8192 2.000000000 2
528 940 3 8192 2.000000000 2
528 948 3 8192 2.000000000 2
528 996 3 8192 2.000000000 2
528 1000 3 8192 2.000000000 2
528 1012 3 8192 2.000000000 2
528 1036 3 8192 2.000000000 2
528 1048 3 8192 2.000000000 2
528 1060 3 8192 2.000000000 2
528 1064 3 8192 2.000000000 2
528 1072 3 8192 2.000000000 2
528 1080 3 8192 2.000000000 2
528 1128 3 8192 2.000000000 2
528 1144 3 8192 2.000000000 2
528 1148 3 8192 2.000000000 2
528 1164 3 8192 2.000000000 2
528 1188 3 8192 2.000000000 2
528 1192 3 8192 2.000000000 2
528 1196 3 8192 2.000000000 2
528 1216 3 8192 2.000000000 2
528 1236 3 8192 2.000000000 2
528 1276 3 8192 2.000000000 2
532 28 3 8192 2.000000000 2
532 40 3 8192 2.000000000 2
532 48 3 8192 2.000000000 2
532 60 3 8192 2.000000000 2
532 64 3 8192 2.000000000 2
532 72 3 8192 2.000000000 2
532 80 3 8192 2.000000000 2
532 100 3 8192 2.000000000 2
532 108 3 8192 2.000000000 2
532 120 3 8192 2.000000000 2
532 144 3 8192 2.000000000 2
532 188 3 8192 2.000000000 2
532 192 3 8192 2.000000000 2
532 200 3 8192 2.000000000 2
532 228 3 8192 2.000000000 2
532 236 3 8192 2.000000000 2
532 248 3 8192 2.000000000 2
532 252 3 8192 2.000000000 2
532 268 3 8192 2.000000000 2
532 272 3 8192 2.000000000 2
532 276 3 8192 2.000000000 2
532 316 3 8192 2.000000000 2
532 324 3 8192 2.000000000 2
532 336 3 8192 2.000000000 2
532 372 3 8192 2.000000000 2
532 384 3 8192 2.000000000 2
532 396 3 8192 2.000000000 2
532 404 3 8192 2.000000000 2
532 452 3 8192 2.000000000 2
532 472 3 8192 2.000000000 2
532 508 3 8192 2.000000000 2
532 536 3 8192 2.000000000 2
532 568 3 8192 2.000000000 2
532 580 3 8192 2.000000000 2
532 588 3 8192 2.000000000 2
532 628 3 8192 2.000000000 2
532 632 3 8192 2.000000000 2
532 652 3 8192 2.000000000 2
532 660 3 8192 2.000000000 2
532 736 3 8192 2.000000000 2
532 768 3 8192 2.000000000 2
532 860 3 8192 2.000000000 2
532 868 3 8192 2.000000000 2
532 884 3 8192 2.000000000 2
532 892 3 8192 2.000000000 2
532 920 3 8192 2.000000000 2
532 940 3 8192 2.000000000 2
532 956 3 8192 2.000000000 2
532 960 3 8192 2.000000000 2
532 968 3 8192 2.000000000 2
532 984 3 8192 2.000000000 2
532 1004 3 8192 2.000000000 2
532 1012 3 8192 2.000000000 2
532 1044 3 8192 2.000000000 2
532 1052 3 8192 2.000000000 2
532 1084 3 8192 2.000000000 2
532 1112 3 8192 2.000000000 2
532 1132 3 8192 2.000000000 2
532 1160 3 8192 2.000000000 2
532 1196 3 8192 2.000000000 2
532 1200 3 8192 2.000000000 2
532 1228 3 8192 2.000000000 2
532 1232 3 8192 2.000000000 2
532 1260 3 8192 2.000000000 2
536 24 3 8192 2.000000000 2
536 28 3 8192 2.000000000 2
536 32 3 8192 2.000000000 2
536 64 3 8192 2.000000000 2
536 80 3 8192 2.000000000 2
536 148 3 8192 2.000000000 2
536 176 3 8192 2.000000000 2
536 180 3 8192 2.000000000 2
536 192 3 8192 2.000000000 2
536 208 3 8192 2.000000000 2
536 228 3 8192 2.000000000 2
536 256 3 8192 2.000000000 2
536 264 3 8192 2.000000000 2
536 272 3 8192 2.000000000 2
536 312 3 8192 2.000000000 2
536 340 3 8192 2.000000000 2
536 352 3 8192 2.000000000 2
536 356 3 8192 2.000000000 2
536 384 3 8192 2.000000000 2
536 392 3 8192 2.000000000 2
536 396 3 8192 2.000000000 2
536 412 3 8192 2.000000000 2
536 424 3 8192 2.000000000 2
536 460 3 8192 2.000000000 2
536 492 3 8192 2.000000000 2
536 500 3 8192 2.000000000 2
536 508 3 8192 2.000000000 2
536 524 3 8192 2.000000000 2
536 544 3 8192 2.000000000 2
536 552 3 8192 2.000000000 2
536 616 3 8192 2.000000000 2
536 668 3 8192 2.000000000 2
536 700 3 8192 2.000000000 2
536 704 3 8192 2.000000000 2
536 712 3 8192 2.000000000 2
536 720 3 8192 2.000000000 2
536 724 3 8192 2.000000000 2
536 728 3 8192 2.000000000 2
536 736 3 8192 2.000000000 2
536 768 3 8192 2.000000000 2
536 780 3 8192 2.000000000 2
536 792 3 8192 2.000000000 2
536 848 3 8192 2.000000000 2
536 856 3 8192 2.000000000 2
536 860 3 8192 2.000000000 2
536 864 3 8192 2.000000000 2
536 884 3 8192 2.000000000 2
536 928 3 8192 2.000000000 2
536 960 3 8192 2.000000000 2
536 984 3 8192 2.000000000 2
536 1044 3 8192 2.000000000 2
536 1052 3 8192 2.000000000 2
536 1060 3 8192 2.000000000 2
536 1092 3 8192 2.000000000 2
536 1096 3 8192 2.000000000 2
536 1112 3 8192 2.000000000 2
536 1116 3 8192 2.000000000 2
536 1144 3 8192 2.000000000 2
536 1160 3 8192 2.000000000 2
536 1168 3 8192 2.000000000 2
536 1192 3 8192 2.000000000 2
536 1216 3 8192 2.000000000 2
536 1244 3 8192 2.000000000 2
536 1268 3 8192 2.000000000 2
540 16 3 8192 2.000000000 2
540 20 3 8192 2.000000000 2
540 60 3 8192 2.000000000 2
540 88 3 8192 2.000000000 2
540 92 3 8192 2.000000000 2
540 108 3 8192 2.000000000 2
540 144 3 8192 2.000000000 2
540 160 3 8192 2.000000000 2
540 172 3 8192 2.000000000 2
540 196 3 8192 2.000000000 2
540 204 3 8192 2.000000000 2
540 208 3 8192 2.000000000 2
540 212 3 8192 2.000000000 2
540 256 3 8192 2.000000000 2
540 272 3 8192 2.000000000 2
540 276 3 8192 2.000000000 2
540 292 3 8192 2.000000000 2
540 320 3 8192 2.000000000 2
540 352 3 8192 2.000000000 2
540 356 3 8192 2.000000000 2
540 400 3 8192 2.000000000 2
540 416 3 8192 2.000000000 2
540 428 3 8192 2.000000000 2
540 444 3 8192 2.000000000 2
540 520 3 8192 2.000000000 2
540 524 3 8192 2.000000000 2
540 528 3 8192 2.000000000 2
540 532 3 8192 2.000000000 2
540 536 3 8192 2.000000000 2
540 560 3 8192 2.000000000 2
540 564 3 8192 2.000000000 2
540 568 3 8192 2.000000000 2
540 592 3 8192 2.000000000 2
540 608 3 8192 2.000000000 2
540 636 3 8192 2.000000000 2
540 688 3 8192 2.000000000 2
540 700 3 8192 2.000000000 2
540 708 3 8192 2.000000000 2
540 732 3 8192 2.000000000 2
540 736 3 8192 2.000000000 2
540 780 3 8192 2.000000000 2
540 840 3 8192 2.000000000 2
540 868 3 8192 2.000000000 2
540 880 3 8192 2.000000000 2
540 904 3 8192 2.000000000 2
540 916 3 8192 2.000000000 2
540 952 3 8192 2.000000000 2
540 960 3 8192 2.000000000 2
540 984 3 8192 2.000000000 2
540 988 3 8192 2.000000000 2
540 1004 3 8192 2.000000000 2
540 1020 3 8192 2.000000000 2
540 1024 3 8192 2.000000000 2
540 1048 3 8192 2.000000000 2
540 1060 3 8192 2.000000000 2
540 1072 3 8192 2.000000000 2
540 1100 3 8192 2.000000000 2
540 1116 3 8192 2.000000000 2
540 1168 3 8192 2.000000000 2
540 1188 3 8192 2.000000000 2
540 1200 3 8192 2.000000000 2
540 1224 3 8192 2.000000000 2
540 1268 3 8192 2.000000000 2
540 1276 3 8192 2.000000000 2
544 4 3 8192 2.000000000 2
544 12 3 8192 2.000000000 2
544 24 3 8192 2.000000000 2
544 40 3 8192 2.000000000 2
544 60 3 8192 2.000000000 2
544 64 3 8192 2.000000000 2
544 108 3 8192 2.000000000 2
544 132 3 8192 2.000000000 2
544 136 3 8192 2.000000000 2
544 244 3 8192 2.000000000 2
544 256 3 8192 2.000000000 2
544 276 3 8192 2.000000000 2
544 280 3 8192 2.000000000 2
544 296 3 8192 2.000000000 2
544 312 3 8192 2.000000000 2
544 316 3 8192 2.000000000 2
544 324 3 8192 2.000000000 2
544 356 3 8192 2.000000000 2
544 360 3 8192 2.000000000 2
544 368 3 8192 2.000000000 2
544 408 3 8192 2.000000000 2
544 444 3 8192 2.000000000 2
544 472 3 8192 2.000000000 2
544 500 3 8192 2.000000000 2
544 540 3 8192 2.000000000 2
544 564 3 8192 2.000000000 2
544 652 3 8192 2.000000000 2
544 656 3 8192 2.000000000 2
544 660 3 8192 2.000000000 2
544 668 3 8192 2.000000000 2
544 680 3 8192 2.000000000 2
544 692 3 8192 2.000000000 2
544 704 3 8192 2.000000000 2
544 792 3 8192 2.000000000 2
544 808 3 8192 2.000000000 2
544 820 3 8192 2.000000000 2
544 832 3 8192 2.000000000 2
544 836 3 8192 2.000000000 2
544 844 3 8192 2.000000000 2
544 860 3 8192 2.000000000 2
544 868 3 8192 2.000000000 2
544 876 3 8192 2.000000000 2
544 880 3 8192 2.000000000 2
544 884 3 8192 2.000000000 2
544 892 3 8192 2.000000000 2
544 920 3 8192 2.000000000 2
544 968 3 8192 2.000000000 2
544 980 3 8192 2.000000000 2
544 984 3 8192 2.000000000 2
544 1000 3 8192 2.000000000 2
544 1004 3 8192 2.000000000 2
544 1012 3 8192 2.000000000 2
544 1052 3 8192 2.000000000 2
544 1056 3 8192 2.000000000 2
544 1060 3 8192 2.000000000 2
544 1068 3 8192 2.000000000 2
544 1080 3 8192 2.000000000 2
544 1152 3 8192 2.000000000 2
544 1160 3 8192 2.000000000 2
544 1176 3 8192 2.000000000 2
544 1192 3 8192 2.000000000 2
544 1216 3 8192 2.000000000 2
544 1224 3 8192 2.000000000 2
544 1232 3 8192 2.000000000 2
548 4 3 8192 2.000000000 2
548 16 3 8192 2.000000000 2
548 56 3 8192 2.000000000 2
548 60 3 8192 2.000000000 2
548 88 3 8192 2.000000000 2
548 104 3 8192 2.000000000 2
548 124 3 8192 2.000000000 2
548 140 3 8192 2.000000000 2
548 156 3 8192 2.000000000 2
548 160 3 8192 2.000000000 2
548 180 3 8192 2.000000000 2
548 184 3 8192 2.000000000 2
548 196 3 8192 2.000000000 2
548 200 3 8192 2.000000000 2
548 216 3 8192 2.000000000 2
548 220 3 8192 2.000000000 2
548 228 3 8192 2.000000000 2
548 244 3 8192 2.000000000 2
548 264 3 8192 2.000000000 2
548 296 3 8192 2.000000000 2
548 316 3 8192 2.000000000 2
548 324 3 8192 2.000000000 2
548 332 3 8192 2.000000000 2
548 344 3 8192 2.000000000 2
548 360 3 8192 2.000000000 2
548 368 3 8192 2.000000000 2
548 412 3 8192 2.000000000 2
548 472 3 8192 2.000000000 2
548 492 3 8192 2.000000000 2
548 500 3 8192 2.000000000 2
548 516 3 8192 2.000000000 2
548 524 3 8192 2.000000000 2
548 540 3 8192 2.000000000 2
548 560 3 8192 2.000000000 2
548 568 3 8192 2.000000000 2
548 572 3 8192 2.000000000 2
548 580 3 8192 2.000000000 2
548 592 3 8192 2.000000000 2
548 616 3 8192 2.000000000 2
548 624 3 8192 2.000000000 2
548 652 3 8192 2.000000000 2
548 660 3 8192 2.000000000 2
548 692 3 8192 2.000000000 2
548 696 3 8192 2.000000000 2
548 760 3 8192 2.000000000 2
548 776 3 8192 2.000000000 2
548 780 3 8192 2.000000000 2
548 820 3 8192 2.000000000 2
548 888 3 8192 2.000000000 2
548 916 3 8192 2.000000000 2
548 928 3 8192 2.000000000 2
548 948 3 8192 2.000000000 2
548 972 3 8192 2.000000000 2
548 980 3 8192 2.000000000 2
548 1008 3 8192 2.000000000 2
548 1032 3 8192 2.000000000 2
548 1092 3 8192 2.000000000 2
548 1100 3 8192 2.000000000 2
548 1112 3 8192 2.000000000 2
548 1136 3 8192 2.000000000 2
548 1168 3 8192 2.000000000 2
548 1192 3 8192 2.000000000 2
548 1228 3 8192 2.000000000 2
548 1276 3 8192 2.000000000 2
552 8 3 8192 2.000000000 2
552 24 3 8192 2.000000000 2
552 92 3 8192 2.000000000 2
552 132 3 8192 2.000000000 2
552 136 3 8192 2.000000000 2
552 172 3 8192 2.000000000 2
552 216 3 8192 2.000000000 2
552 240 3 8192 2.000000000 2
552 256 3 8192 2.000000000 2
552 264 3 8192 2.000000000 2
552 268 3 8192 2.000000000 2
552 276 3 8192 2.000000000 2
552 316 3 8192 2.000000000 2
552 320 3 8192 2.000000000 2
552 332 3 8192 2.000000000 2
552 372 3 8192 2.000000000 2
552 396 3 8192 2.000000000 2
552 408 3 8192 2.000000000 2
552 440 3 8192 2.000000000 2
552 472 3 8192 2.000000000 2
552 544 3 8192 2.000000000 2
552 548 3 8192 2.000000000 2
552 588 3 8192 2.000000000 2
552 592 3 8192 2.000000000 2
552 600 3 8192 2.000000000 2
552 620 3 8192 2.000000000 2
552 624 3 8192 2.000000000 2
552 664 3 8192 2.000000000 2
552 680 3 8192 2.000000000 2
552 688 3 8192 2.000000000 2
552 700 3 8192 2.000000000 2
552 716 3 8192 2.000000000 2
552 724 3 8192 2.000000000 2
552 764 3 8192 2.000000000 2
552 768 3 8192 2.000000000 2
552 776 3 8192 2.000000000 2
552 792 3 8192 2.000000000 2
552 820 3 8192 2.000000000 2
552 832 3 8192 2.000000000 2
552 888 3 8192 2.000000000 2
552 900 3 8192 2.000000000 2
552 904 3 8192 2.000000000 2
552 920 3 8192 2.000000000 2
552 928 3 8192 2.000000000 2
552 960 3 8192 2.000000000 2
552 968 3 8192 2.000000000 2
552 984 3 8192 2.000000000 2
552 1000 3 8192 2.000000000 2
552 1004 3 8192 2.000000000 2
552 1028 3 8192 2.000000000 2
552 1032 3 8192 2.000000000 2
552 1048 3 8192 2.000000000 2
552 1060 3 8192 2.000000000 2
552 1084 3 8192 2.000000000 2
552 1136 3 8192 2.000000000 2
552 1140 3 8192 2.000000000 2
552 1144 3 8192 2.000000000 2
552 1164 3 8192 2.000000000 2
552 1168 3 8192 2.000000000 2
552 1176 3 8192 2.000000000 2
552 1184 3 8192 2.000000000 2
552 1200 3 8192 2.000000000 2
552 1224 3 8192 2.000000000 2
552 1260 3 8192 2.000000000 2
560 8 3 8192 2.000000000 2
560 16 3 8192 2.000000000 2
560 24 3 8192 2.000000000 2
560 32 3 8192 2.000000000 2
560 72 3 8192 2.000000000 2
560 112 3 8192 2.000000000 2
560 136 3 8192 2.000000000 2
560 180 3 8192 2.000000000 2
560 196 3 8192 2.000000000 2
560 208 3 8192 2.000000000 2
560 220 3 8192 2.000000000 2
560 244 3 8192 2.000000000 2
560 264 3 8192 2.000000000 2
560 268 3 8192 2.000000000 2
560 280 3 8192 2.000000000 2
560 296 3 8192 2.000000000 2
560 324 3 8192 2.000000000 2
560 336 3 8192 2.000000000 2
560 360 3 8192 2.000000000 2
560 392 3 8192 2.000000000 2
560 412 3 8192 2.000000000 2
560 440 3 8192 2.000000000 2
560 500 3 8192 2.000000000 2
560 532 3 8192 2.000000000 2
560 552 3 8192 2.000000000 2
560 588 3 8192 2.000000000 2
560 624 3 8192 2.000000000 2
560 660 3 8192 2.000000000 2
560 692 3 8192 2.000000000 2
560 696 3 8192 2.000000000 2
560 736 3 8192 2.000000000 2
560 764 3 8192 2.000000000 2
560 788 3 8192 2.000000000 2
560 792 3 8192 2.000000000 2
560 800 3 8192 2.000000000 2
560 820 3 8192 2.000000000 2
560 836 3 8192 2.000000000 2
560 848 3 8192 2.000000000 2
560 868 3 8192 2.000000000 2
560 876 3 8192 2.000000000 2
560 888 3 8192 2.000000000 2
560 904 3 8192 2.000000000 2
560 908 3 8192 2.000000000 2
560 912 3 8192 2.000000000 2
560 944 3 8192 2.000000000 2
560 968 3 8192 2.000000000 2
560 976 3 8192 2.000000000 2
560 988 3 8192 2.000000000 2
560 1024 3 8192 2.000000000 2
560 1028 3 8192 2.000000000 2
560 1056 3 8192 2.000000000 2
560 1072 3 8192 2.000000000 2
560 1088 3 8192 2.000000000 2
560 1164 3 8192 2.000000000 2
560 1168 3 8192 2.000000000 2
560 1172 3 8192 2.000000000 2
560 1176 3 8192 2.000000000 2
560 1196 3 8192 2.000000000 2
560 1204 3 8192 2.000000000 2
560 1212 3 8192 2.000000000 2
560 1224 3 8192 2.000000000 2
560 1260 3 8192 2.000000000 2
560 1264 3 8192 2.000000000 2
560 1268 3 8192 2.000000000 2
564 32 3 8192 2.000000000 2
564 56 3 8192 2.000000000 2
564 104 3 8192 2.000000000 2
564 112 3 8192 2.000000000 2
564 132 3 8192 2.000000000 2
564 136 3 8192 2.000000000 2
564 176 3 8192 2.000000000 2
564 220 3 8192 2.000000000 2
564 272 3 8192 2.000000000 2
564 320 3 8192 2.000000000 2
564 328 3 8192 2.000000000 2
564 336 3 8192 2.000000000 2
564 372 3 8192 2.000000000 2
564 452 3 8192 2.000000000 2
564 468 3 8192 2.000000000 2
564 496 3 8192 2.000000000 2
564 500 3 8192 2.000000000 2
564 524 3 8192 2.000000000 2
564 536 3 8192 2.000000000 2
564 540 3 8192 2.000000000 2
564 544 3 8192 2.000000000 2
564 552 3 8192 2.000000000 2
564 580 3 8192 2.000000000 2
564 592 3 8192 2.000000000 2
564 616 3 8192 2.000000000 2
564 624 3 8192 2.000000000 2
564 632 3 8192 2.000000000 2
564 656 3 8192 2.000000000 2
564 660 3 8192 2.000000000 2
564 712 3 8192 2.000000000 2
564 720 3 8192 2.000000000 2
564 768 3 8192 2.000000000 2
564 776 3 8192 2.000000000 2
564 788 3 8192 2.000000000 2
564 792 3 8192 2.000000000 2
564 812 3 8192 2.000000000 2
564 856 3 8192 2.000000000 2
564 880 3 8192 2.000000000 2
564 888 3 8192 2.000000000 2
564 892 3 8192 2.000000000 2
564 908 3 8192 2.000000000 2
564 912 3 8192 2.000000000 2
564 952 3 8192 2.000000000 2
564 984 3 8192 2.000000000 2
564 996 3 8192 2.000000000 2
564 1000 3 8192 2.000000000 2
564 1048 3 8192 2.000000000 2
564 1052 3 8192 2.000000000 2
564 1064 3 8192 2.000000000 2
564 1080 3 8192 2.000000000 2
564 1084 3 8192 2.000000000 2
564 1092 3 8192 2.000000000 2
564 1096 3 8192 2.000000000 2
564 1112 3 8192 2.000000000 2
564 1116 3 8192 2.000000000 2
564 1152 3 8192 2.000000000 2
564 1164 3 8192 2.000000000 2
564 1176 3 8192 2.000000000 2
564 1196 3 8192 2.000000000 2
564 1200 3 8192 2.000000000 2
564 1212 3 8192 2.000000000 2
564 1228 3 8192 2.000000000 2
564 1236 3 8192 2.000000000 2
564 1244 3 8192 2.000000000 2
568 4 3 8192 2.000000000 2
568 12 3 8192 2.000000000 2
568 20 3 8192 2.000000000 2
568 24 3 8192 2.000000000 2
568 44 3 8192 2.000000000 2
568 64 3 8192 2.000000000 2
568 144 3 8192 2.000000000 2
568 160 3 8192 2.000000000 2
568 176 3 8192 2.000000000 2
568 204 3 8192 2.000000000 2
568 216 3 8192 2.000000000 2
568 220 3 8192 2.000000000 2
568 244 3 8192 2.000000000 2
568 264 3 8192 2.000000000 2
568 268 3 8192 2.000000000 2
568 276 3 8192 2.000000000 2
568 292 3 8192 2.000000000 2
568 368 3 8192 2.000000000 2
568 376 3 8192 2.000000000 2
568 384 3 8192 2.000000000 2
568 424 3 8192 2.000000000 2
568 428 3 8192 2.000000000 2
568 448 3 8192 2.000000000 2
568 464 3 8192 2.000000000 2
568 468 3 8192 2.000000000 2
568 496 3 8192 2.000000000 2
568 528 3 8192 2.000000000 2
568 544 3 8192 2.000000000 2
568 552 3 8192 2.000000000 2
568 588 3 8192 2.000000000 2
568 600 3 8192 2.000000000 2
568 608 3 8192 2.000000000 2
568 620 3 8192 2.000000000 2
568 656 3 8192 2.000000000 2
568 676 3 8192 2.000000000 2
568 692 3 8192 2.000000000 2
568 708 3 8192 2.000000000 2
568 720 3 8192 2.000000000 2
568 732 3 8192 2.000000000 2
568 776 3 8192 2.000000000 2
568 780 3 8192 2.000000000 2
568 792 3 8192 2.000000000 2
568 824 3 8192 2.000000000 2
568 860 3 8192 2.000000000 2
568 868 3 8192 2.000000000 2
568 876 3 8192 2.000000000 2
568 900 3 8192 2.000000000 2
568 908 3 8192 2.000000000 2
568 936 3 8192 2.000000000 2
568 968 3 8192 2.000000000 2
568 980 3 8192 2.000000000 2
568 1012 3 8192 2.000000000 2
568 1036 3 8192 2.000000000 2
568 1044 3 8192 2.000000000 2
568 1048 3 8192 2.000000000 2
568 1080 3 8192 2.000000000 2
568 1100 3 8192 2.000000000 2
568 1148 3 8192 2.000000000 2
568 1160 3 8192 2.000000000 2
568 1172 3 8192 2.000000000 2
568 1236 3 8192 2.000000000 2
568 1244 3 8192 2.000000000 2
568 1260 3 8192 2.000000000 2
568 1268 3 8192 2.000000000 2
572 28 3 8192 2.000000000 2
572 32 3 8192 2.000000000 2
572 40 3 8192 2.000000000 2
572 60 3 8192 2.000000000 2
572 64 3 8192 2.000000000 2
572 92 3 8192 2.000000000 2
572 112 3 8192 2.000000000 2
572 120 3 8192 2.000000000 2
572 132 3 8192 2.000000000 2
572 156 3 8192 2.000000000 2
572 188 3 8192 2.000000000 2
572 192 3 8192 2.000000000 2
572 204 3 8192 2.000000000 2
572 212 3 8192 2.000000000 2
572 216 3 8192 2.000000000 2
572 252 3 8192 2.000000000 2
572 256 3 8192 2.000000000 2
572 268 3 8192 2.000000000 2
572 296 3 8192 2.000000000 2
572 320 3 8192 2.000000000 2
572 336 3 8192 2.000000000 2
572 412 3 8192 2.000000000 2
572 416 3 8192 2.000000000 2
572 492 3 8192 2.000000000 2
572 496 3 8192 2.000000000 2
572 504 3 8192 2.000000000 2
572 536 3 8192 2.000000000 2
572 540 3 8192 2.000000000 2
572 544 3 8192 2.000000000 2
572 580 3 8192 2.000000000 2
572 588 3 8192 2.000000000 2
572 628 3 8192 2.000000000 2
572 652 3 8192 2.000000000 2
572 720 3 8192 2.000000000 2
572 736 3 8192 2.000000000 2
572 768 3 8192 2.000000000 2
572 776 3 8192 2.000000000 2
572 784 3 8192 2.000000000 2
572 788 3 8192 2.000000000 2
572 836 3 8192 2.000000000 2
572 840 3 8192 2.000000000 2
572 848 3 8192 2.000000000 2
572 856 3 8192 2.000000000 2
572 860 3 8192 2.000000000 2
572 864 3 8192 2.000000000 2
572 868 3 8192 2.000000000 2
572 884 3 8192 2.000000000 2
572 892 3 8192 2.000000000 2
572 904 3 8192 2.000000000 2
572 908 3 8192 2.000000000 2
572 968 3 8192 2.000000000 2
572 984 3 8192 2.000000000 2
572 988 3 8192 2.000000000 2
572 1008 3 8192 2.000000000 2
572 1020 3 8192 2.000000000 2
572 1028 3 8192 2.000000000 2
572 1072 3 8192 2.000000000 2
572 1128 3 8192 2.000000000 2
572 1136 3 8192 2.000000000 2
572 1148 3 8192 2.000000000 2
572 1176 3 8192 2.000000000 2
572 1228 3 8192 2.000000000 2
572 1268 3 8192 2.000000000 2
572 1276 3 8192 2.000000000 2
580 16 3 8192 2.000000000 2
580 20 3 8192 2.000000000 2
580 40 3 8192 2.000000000 2
580 48 3 8192 2.000000000 2
580 88 3 8192 2.000000000 2
580 100 3 8192 2.000000000 2
580 132 3 8192 2.000000000 2
580 148 3 8192 2.000000000 2
580 160 3 8192 2.000000000 2
580 188 3 8192 2.000000000 2
580 208 3 8192 2.000000000 2
580 224 3 8192 2.000000000 2
580 236 3 8192 2.000000000 2
580 244 3 8192 2.000000000 2
580 248 3 8192 2.000000000 2
580 256 3 8192 2.000000000 2
580 264 3 8192 2.000000000 2
580 280 3 8192 2.000000000 2
580 292 3 8192 2.000000000 2
580 312 3 8192 2.000000000 2
580 344 3 8192 2.000000000 2
580 356 3 8192 2.000000000 2
580 368 3 8192 2.000000000 2
580 392 3 8192 2.000000000 2
580 408 3 8192 2.000000000 2
580 456 3 8192 2.000000000 2
580 460 3 8192 2.000000000 2
580 464 3 8192 2.000000000 2
580 500 3 8192 2.000000000 2
580 532 3 8192 2.000000000 2
580 568 3 8192 2.000000000 2
580 588 3 8192 2.000000000 2
580 636 3 8192 2.000000000 2
580 656 3 8192 2.000000000 2
580 668 3 8192 2.000000000 2
580 688 3 8192 2.000000000 2
580 692 3 8192 2.000000000 2
580 764 3 8192 2.000000000 2
580 860 3 8192 2.000000000 2
580 880 3 8192 2.000000000 2
580 884 3 8192 2.000000000 2
580 892 3 8192 2.000000000 2
580 900 3 8192 2.000000000 2
580 904 3 8192 2.000000000 2
580 928 3 8192 2.000000000 2
580 936 3 8192 2.000000000 2
580 940 3 8192 2.000000000 2
580 980 3 8192 2.000000000 2
580 1000 3 8192 2.000000000 2
580 1036 3 8192 2.000000000 2
580 1084 3 8192 2.000000000 2
580 1096 3 8192 2.000000000 2
580 1100 3 8192 2.000000000 2
580 1112 3 8192 2.000000000 2
580 1116 3 8192 2.000000000 2
580 1120 3 8192 2.000000000 2
580 1156 3 8192 2.000000000 2
580 1168 3 8192 2.000000000 2
580 1184 3 8192 2.000000000 2
580 1196 3 8192 2.000000000 2
580 1224 3 8192 2.000000000 2
580 1268 3 8192 2.000000000 2
580 1272 3 8192 2.000000000 2
580 1276 3 8192 2.000000000 2
588 8 3 8192 2.000000000 2
588 16 3 8192 2.000000000 2
588 24 3 8192 2.000000000 2
588 32 3 8192 2.000000000 2
588 44 3 8192 2.000000000 2
588 68 3 8192 2.000000000 2
588 72 3 8192 2.000000000 2
588 100 3 8192 2.000000000 2
588 108 3 8192 2.000000000 2
588 124 3 8192 2.000000000 2
588 156 3 8192 2.000000000 2
588 212 3 8192 2.000000000 2
588 216 3 8192 2.000000000 2
588 220 3 8192 2.000000000 2
588 228 3 8192 2.000000000 2
588 248 3 8192 2.000000000 2
588 252 3 8192 2.000000000 2
588 308 3 8192 2.000000000 2
588 316 3 8192 2.000000000 2
588 332 3 8192 2.000000000 2
588 340 3 8192 2.000000000 2
588 360 3 8192 2.000000000 2
588 384 3 8192 2.000000000 2
588 396 3 8192 2.000000000 2
588 400 3 8192 2.000000000 2
588 404 3 8192 2.000000000 2
588 416 3 8192 2.000000000 2
588 492 3 8192 2.000000000 2
588 500 3 8192 2.000000000 2
588 564 3 8192 2.000000000 2
588 592 3 8192 2.000000000 2
588 596 3 8192 2.000000000 2
588 620 3 8192 2.000000000 2
588 648 3 8192 2.000000000 2
588 660 3 8192 2.000000000 2
588 664 3 8192 2.000000000 2
588 668 3 8192 2.000000000 2
588 688 3 8192 2.000000000 2
588 696 3 8192 2.000000000 2
588 700 3 8192 2.000000000 2
588 704 3 8192 2.000000000 2
588 708 3 8192 2.000000000 2
588 716 3 8192 2.000000000 2
588 720 3 8192 2.000000000 2
588 824 3 8192 2.000000000 2
588 856 3 8192 2.000000000 2
588 916 3 8192 2.000000000 2
588 920 3 8192 2.000000000 2
588 928 3 8192 2.000000000 2
588 980 3 8192 2.000000000 2
588 996 3 8192 2.000000000 2
588 1012 3 8192 2.000000000 2
588 1024 3 8192 2.000000000 2
588 1036 3 8192 2.000000000 2
588 1044 3 8192 2.000000000 2
588 1128 3 8192 2.000000000 2
588 1136 3 8192 2.000000000 2
588 1148 3 8192 2.000000000 2
588 1164 3 8192 2.000000000 2
588 1204 3 8192 2.000000000 2
588 1236 3 8192 2.000000000 2
588 1244 3 8192 2.000000000 2
588 1264 3 8192 2.000000000 2
588 1268 3 8192 2.000000000 2
592 4 3 8192 2.000000000 2
592 8 3 8192 2.000000000 2
592 40 3 8192 2.000000000 2
592 44 3 8192 2.000000000 2
592 48 3 8192 2.000000000 2
592 60 3 8192 2.000000000 2
592 104 3 8192 2.000000000 2
592 144 3 8192 2.000000000 2
592 192 3 8192 2.000000000 2
592 196 3 8192 2.000000000 2
592 200 3 8192 2.000000000 2
592 216 3 8192 2.000000000 2
592 224 3 8192 2.000000000 2
592 236 3 8192 2.000000000 2
592 256 3 8192 2.000000000 2
592 264 3 8192 2.000000000 2
592 268 3 8192 2.000000000 2
592 288 3 8192 2.000000000 2
592 292 3 8192 2.000000000 2
592 320 3 8192 2.000000000 2
592 340 3 8192 2.000000000 2
592 368 3 8192 2.000000000 2
592 392 3 8192 2.000000000 2
592 412 3 8192 2.000000000 2
592 440 3 8192 2.000000000 2
592 468 3 8192 2.000000000 2
592 492 3 8192 2.000000000 2
592 544 3 8192 2.000000000 2
592 552 3 8192 2.000000000 2
592 560 3 8192 2.000000000 2
592 600 3 8192 2.000000000 2
592 624 3 8192 2.000000000 2
592 628 3 8192 2.000000000 2
592 656 3 8192 2.000000000 2
592 700 3 8192 2.000000000 2
592 716 3 8192 2.000000000 2
592 736 3 8192 2.000000000 2
592 792 3 8192 2.000000000 2
592 812 3 8192 2.000000000 2
592 820 3 8192 2.000000000 2
592 824 3 8192 2.000000000 2
592 876 3 8192 2.000000000 2
592 880 3 8192 2.000000000 2
592 892 3 8192 2.000000000 2
592 908 3 8192 2.000000000 2
592 944 3 8192 2.000000000 2
592 952 3 8192 2.000000000 2
592 960 3 8192 2.000000000 2
592 976 3 8192 2.000000000 2
592 984 3 8192 2.000000000 2
592 1000 3 8192 2.000000000 2
592 1012 3 8192 2.000000000 2
592 1020 3 8192 2.000000000 2
592 1048 3 8192 2.000000000 2
592 1084 3 8192 2.000000000 2
592 1112 3 8192 2.000000000 2
592 1128 3 8192 2.000000000 2
592 1136 3 8192 2.000000000 2
592 1164 3 8192 2.000000000 2
592 1196 3 8192 2.000000000 2
592 1224 3 8192 2.000000000 2
592 1236 3 8192 2.000000000 2
592 1268 3 8192 2.000000000 2
592 1276 3 8192 2.000000000 2
596 12 3 8192 2.000000000 2
596 44 3 8192 2.000000000 2
596 48 3 8192 2.000000000 2
596 60 3 8192 2.000000000 2
596 116 3 8192 2.000000000 2
596 132 3 8192 2.000000000 2
596 148 3 8192 2.000000000 2
596 204 3 8192 2.000000000 2
596 208 3 8192 2.000000000 2
596 228 3 8192 2.000000000 2
596 236 3 8192 2.000000000 2
596 240 3 8192 2.000000000 2
596 248 3 8192 2.000000000 2
596 256 3 8192 2.000000000 2
596 288 3 8192 2.000000000 2
596 320 3 8192 2.000000000 2
596 324 3 8192 2.000000000 2
596 328 3 8192 2.000000000 2
596 336 3 8192 2.000000000 2
596 340 3 8192 2.000000000 2
596 360 3 8192 2.000000000 2
596 376 3 8192 2.000000000 2
596 496 3 8192 2.000000000 2
596 516 3 8192 2.000000000 2
596 524 3 8192 2.000000000 2
596 532 3 8192 2.000000000 2
596 536 3 8192 2.000000000 2
596 540 3 8192 2.000000000 2
596 544 3 8192 2.000000000 2
596 580 3 8192 2.000000000 2
596 600 3 8192 2.000000000 2
596 668 3 8192 2.000000000 2
596 688 3 8192 2.000000000 2
596 700 3 8192 2.000000000 2
596 732 3 8192 2.000000000 2
596 736 3 8192 2.000000000 2
596 764 3 8192 2.000000000 2
596 784 3 8192 2.000000000 2
596 792 3 8192 2.000000000 2
596 800 3 8192 2.000000000 2
596 820 3 8192 2.000000000 2
596 836 3 8192 2.000000000 2
596 840 3 8192 2.000000000 2
596 860 3 8192 2.000000000 2
596 928 3 8192 2.000000000 2
596 936 3 8192 2.000000000 2
596 940 3 8192 2.000000000 2
596 988 3 8192 2.000000000 2
596 1012 3 8192 2.000000000 2
596 1020 3 8192 2.000000000 2
596 1024 3 8192 2.000000000 2
596 1056 3 8192 2.000000000 2
596 1060 3 8192 2.000000000 2
596 1068 3 8192 2.000000000 2
596 1072 3 8192 2.000000000 2
596 1080 3 8192 2.000000000 2
596 1100 3 8192 2.000000000 2
596 1136 3 8192 2.000000000 2
596 1140 3 8192 2.000000000 2
596 1188 3 8192 2.000000000 2
596 1192 3 8192 2.000000000 2
596 1212 3 8192 2.000000000 2
596 1232 3 8192 2.000000000 2
596 1264 3 8192 2.000000000 2
600 28 3 8192 2.000000000 2
600 44 3 8192 2.000000000 2
600 64 3 8192 2.000000000 2
600 80 3 8192 2.000000000 2
600 92 3 8192 2.000000000 2
600 120 3 8192 2.000000000 2
600 140 3 8192 2.000000000 2
600 180 3 8192 2.000000000 2
600 192 3 8192 2.000000000 2
600 216 3 8192 2.000000000 2
600 220 3 8192 2.000000000 2
600 264 3 8192 2.000000000 2
600 268 3 8192 2.000000000 2
600 276 3 8192 2.000000000 2
600 308 3 8192 2.000000000 2
600 312 3 8192 2.000000000 2
600 320 3 8192 2.000000000 2
600 368 3 8192 2.000000000 2
600 372 3 8192 2.000000000 2
600 424 3 8192 2.000000000 2
600 460 3 8192 2.000000000 2
600 508 3 8192 2.000000000 2
600 548 3 8192 2.000000000 2
600 560 3 8192 2.000000000 2
600 564 3 8192 2.000000000 2
600 588 3 8192 2.000000000 2
600 616 3 8192 2.000000000 2
600 636 3 8192 2.000000000 2
600 660 3 8192 2.000000000 2
600 680 3 8192 2.000000000 2
600 700 3 8192 2.000000000 2
600 708 3 8192 2.000000000 2
600 724 3 8192 2.000000000 2
600 760 3 8192 2.000000000 2
600 764 3 8192 2.000000000 2
600 768 3 8192 2.000000000 2
600 788 3 8192 2.000000000 2
600 792 3 8192 2.000000000 2
600 812 3 8192 2.000000000 2
600 836 3 8192 2.000000000 2
600 840 3 8192 2.000000000 2
600 884 3 8192 2.000000000 2
600 900 3 8192 2.000000000 2
600 928 3 8192 2.000000000 2
600 940 3 8192 2.000000000 2
600 976 3 8192 2.000000000 2
600 988 3 8192 2.000000000 2
600 1020 3 8192 2.000000000 2
600 1056 3 8192 2.000000000 2
600 1084 3 8192 2.000000000 2
600 1116 3 8192 2.000000000 2
600 1128 3 8192 2.000000000 2
600 1140 3 8192 2.000000000 2
600 1144 3 8192 2.000000000 2
600 1164 3 8192 2.000000000 2
600 1172 3 8192 2.000000000 2
600 1192 3 8192 2.000000000 2
600 1196 3 8192 2.000000000 2
600 1200 3 8192 2.000000000 2
600 1216 3 8192 2.000000000 2
600 1220 3 8192 2.000000000 2
600 1224 3 8192 2.000000000 2
600 1232 3 8192 2.000000000 2
600 1236 3 8192 2.000000000 2
608 4 3 8192 2.000000000 2
608 16 3 8192 2.000000000 2
608 24 3 8192 2.000000000 2
608 56 3 8192 2.000000000 2
608 60 3 8192 2.000000000 2
608 64 3 8192 2.000000000 2
608 80 3 8192 2.000000000 2
608 100 3 8192 2.000000000 2
608 132 3 8192 2.000000000 2
608 140 3 8192 2.000000000 2
608 220 3 8192 2.000000000 2
608 248 3 8192 2.000000000 2
608 256 3 8192 2.000000000 2
608 268 3 8192 2.000000000 2
608 296 3 8192 2.000000000 2
608 312 3 8192 2.000000000 2
608 316 3 8192 2.000000000 2
608 320 3 8192 2.000000000 2
608 324 3 8192 2.000000000 2
608 372 3 8192 2.000000000 2
608 392 3 8192 2.000000000 2
608 460 3 8192 2.000000000 2
608 472 3 8192 2.000000000 2
608 496 3 8192 2.000000000 2
608 560 3 8192 2.000000000 2
608 600 3 8192 2.000000000 2
608 632 3 8192 2.000000000 2
608 648 3 8192 2.000000000 2
608 656 3 8192 2.000000000 2
608 664 3 8192 2.000000000 2
608 704 3 8192 2.000000000 2
608 712 3 8192 2.000000000 2
608 720 3 8192 2.000000000 2
608 724 3 8192 2.000000000 2
608 764 3 8192 2.000000000 2
608 784 3 8192 2.000000000 2
608 800 3 8192 2.000000000 2
608 848 3 8192 2.000000000 2
608 884 3 8192 2.000000000 2
608 888 3 8192 2.000000000 2
608 892 3 8192 2.000000000 2
608 908 3 8192 2.000000000 2
608 912 3 8192 2.000000000 2
608 920 3 8192 2.000000000 2
608 956 3 8192 2.000000000 2
608 968 3 8192 2.000000000 2
608 976 3 8192 2.000000000 2
608 988 3 8192 2.000000000 2
608 996 3 8192 2.000000000 2
608 1008 3 8192 2.000000000 2
608 1024 3 8192 2.000000000 2
608 1048 3 8192 2.000000000 2
608 1056 3 8192 2.000000000 2
608 1060 3 8192 2.000000000 2
608 1068 3 8192 2.000000000 2
608 1072 3 8192 2.000000000 2
608 1080 3 8192 2.000000000 2
608 1092 3 8192 2.000000000 2
608 1096 3 8192 2.000000000 2
608 1140 3 8192 2.000000000 2
608 1148 3 8192 2.000000000 2
608 1164 3 8192 2.000000000 2
608 1264 3 8192 2.000000000 2
608 1272 3 8192 2.000000000 2
616 12 3 8192 2.000000000 2
616 44 3 8192 2.000000000 2
616 88 3 8192 2.000000000 2
616 104 3 8192 2.000000000 2
616 108 3 8192 2.000000000 2
616 136 3 8192 2.000000000 2
616 144 3 8192 2.000000000 2
616 156 3 8192 2.000000000 2
616 160 3 8192 2.000000000 2
616 180 3 8192 2.000000000 2
616 204 3 8192 2.000000000 2
616 212 3 8192 2.000000000 2
616 228 3 8192 2.000000000 2
616 236 3 8192 2.000000000 2
616 240 3 8192 2.000000000 2
616 268 3 8192 2.000000000 2
616 272 3 8192 2.000000000 2
616 276 3 8192 2.000000000 2
616 360 3 8192 2.000000000 2
616 376 3 8192 2.000000000 2
616 400 3 8192 2.000000000 2
616 404 3 8192 2.000000000 2
616 412 3 8192 2.000000000 2
616 428 3 8192 2.000000000 2
616 452 3 8192 2.000000000 2
616 520 3 8192 2.000000000 2
616 548 3 8192 2.000000000 2
616 572 3 8192 2.000000000 2
616 596 3 8192 2.000000000 2
616 620 3 8192 2.000000000 2
616 624 3 8192 2.000000000 2
616 636 3 8192 2.000000000 2
616 648 3 8192 2.000000000 2
616 660 3 8192 2.000000000 2
616 676 3 8192 2.000000000 2
616 680 3 8192 2.000000000 2
616 688 3 8192 2.000000000 2
616 704 3 8192 2.000000000 2
616 716 3 8192 2.000000000 2
616 732 3 8192 2.000000000 2
616 788 3 8192 2.000000000 2
616 832 3 8192 2.000000000 2
616 844 3 8192 2.000000000 2
616 856 3 8192 2.000000000 2
616 916 3 8192 2.000000000 2
616 944 3 8192 2.000000000 2
616 948 3 8192 2.000000000 2
616 956 3 8192 2.000000000 2
616 996 3 8192 2.000000000 2
616 1036 3 8192 2.000000000 2
616 1044 3 8192 2.000000000 2
616 1048 3 8192 2.000000000 2
616 1080 3 8192 2.000000000 2
616 1088 3 8192 2.000000000 2
616 1128 3 8192 2.000000000 2
616 1144 3 8192 2.000000000 2
616 1168 3 8192 2.000000000 2
616 1184 3 8192 2.000000000 2
616 1220 3 8192 2.000000000 2
616 1228 3 8192 2.000000000 2
616 1236 3 8192 2.000000000 2
616 1244 3 8192 2.000000000 2
616 1260 3 8192 2.000000000 2
616 1264 3 8192 2.000000000 2
620 12 3 8192 2.000000000 2
620 32 3 8192 2.000000000 2
620 64 3 8192 2.000000000 2
620 92 3 8192 2.000000000 2
620 124 3 8192 2.000000000 2
620 140 3 8192 2.000000000 2
620 148 3 8192 2.000000000 2
620 156 3 8192 2.000000000 2
620 180 3 8192 2.000000000 2
620 200 3 8192 2.000000000 2
620 204 3 8192 2.000000000 2
620 208 3 8192 2.000000000 2
620 244 3 8192 2.000000000 2
620 264 3 8192 2.000000000 2
620 272 3 8192 2.000000000 2
620 296 3 8192 2.000000000 2
620 312 3 8192 2.000000000 2
620 340 3 8192 2.000000000 2
620 344 3 8192 2.000000000 2
620 368 3 8192 2.000000000 2
620 408 3 8192 2.000000000 2
620 412 3 8192 2.000000000 2
620 428 3 8192 2.000000000 2
620 448 3 8192 2.000000000 2
620 468 3 8192 2.000000000 2
620 504 3 8192 2.000000000 2
620 508 3 8192 2.000000000 2
620 544 3 8192 2.000000000 2
620 560 3 8192 2.000000000 2
620 572 3 8192 2.000000000 2
620 616 3 8192 2.000000000 2
620 652 3 8192 2.000000000 2
620 656 3 8192 2.000000000 2
620 680 3 8192 2.000000000 2
620 692 3 8192 2.000000000 2
620 708 3 8192 2.000000000 2
620 712 3 8192 2.000000000 2
620 728 3 8192 2.000000000 2
620 792 3 8192 2.000000000 2
620 856 3 8192 2.000000000 2
620 860 3 8192 2.000000000 2
620 868 3 8192 2.000000000 2
620 876 3 8192 2.000000000 2
620 888 3 8192 2.000000000 2
620 908 3 8192 2.000000000 2
620 912 3 8192 2.000000000 2
620 940 3 8192 2.000000000 2
620 944 3 8192 2.000000000 2
620 956 3 8192 2.000000000 2
620 980 3 8192 2.000000000 2
620 1024 3 8192 2.000000000 2
620 1048 3 8192 2.000000000 2
620 1060 3 8192 2.000000000 2
620 1064 3 8192 2.000000000 2
620 1080 3 8192 2.000000000 2
620 1120 3 8192 2.000000000 2
620 1128 3 8192 2.000000000 2
620 1148 3 8192 2.000000000 2
620 1152 3 8192 2.000000000 2
620 1176 3 8192 2.000000000 2
620 1188 3 8192 2.000000000 2
620 1196 3 8192 2.000000000 2
620 1224 3 8192 2.000000000 2
620 1276 3 8192 2.000000000 2
624 4 3 8192 2.000000000 2
624 16 3 8192 2.000000000 2
624 32 3 8192 2.000000000 2
624 48 3 8192 2.000000000 2
624 56 3 8192 2.000000000 2
624 60 3 8192 2.000000000 2
624 80 3 8192 2.000000000 2
624 88 3 8192 2.000000000 2
624 92 3 8192 2.000000000 2
624 108 3 8192 2.000000000 2
624 116 3 8192 2.000000000 2
624 148 3 8192 2.000000000 2
624 188 3 8192 2.000000000 2
624 192 3 8192 2.000000000 2
624 204 3 8192 2.000000000 2
624 228 3 8192 2.000000000 2
624 244 3 8192 2.000000000 2
624 248 3 8192 2.000000000 2
624 268 3 8192 2.000000000 2
624 280 3 8192 2.000000000 2
624 312 3 8192 2.000000000 2
624 320 3 8192 2.000000000 2
624 324 3 8192 2.000000000 2
624 328 3 8192 2.000000000 2
624 340 3 8192 2.000000000 2
624 368 3 8192 2.000000000 2
624 400 3 8192 2.000000000 2
624 408 3 8192 2.000000000 2
624 412 3 8192 2.000000000 2
624 448 3 8192 2.000000000 2
624 460 3 8192 2.000000000 2
624 500 3 8192 2.000000000 2
624 548 3 8192 2.000000000 2
624 568 3 8192 2.000000000 2
624 572 3 8192 2.000000000 2
624 588 3 8192 2.000000000 2
624 648 3 8192 2.000000000 2
624 652 3 8192 2.000000000 2
624 680 3 8192 2.000000000 2
624 700 3 8192 2.000000000 2
624 724 3 8192 2.000000000 2
624 760 3 8192 2.000000000 2
624 764 3 8192 2.000000000 2
624 768 3 8192 2.000000000 2
624 776 3 8192 2.000000000 2
624 780 3 8192 2.000000000 2
624 888 3 8192 2.000000000 2
624 920 3 8192 2.000000000 2
624 940 3 8192 2.000000000 2
624 972 3 8192 2.000000000 2
624 976 3 8192 2.000000000 2
624 1012 3 8192 2.000000000 2
624 1020 3 8192 2.000000000 2
624 1032 3 8192 2.000000000 2
624 1056 3 8192 2.000000000 2
624 1092 3 8192 2.000000000 2
624 1120 3 8192 2.000000000 2
624 1140 3 8192 2.000000000 2
624 1172 3 8192 2.000000000 2
624 1176 3 8192 2.000000000 2
624 1188 3 8192 2.000000000 2
624 1200 3 8192 2.000000000 2
624 1244 3 8192 2.000000000 2
624 1264 3 8192 2.000000000 2
628 24 3 8192 2.000000000 2
628 44 3 8192 2.000000000 2
628 48 3 8192 2.000000000 2
628 64 3 8192 2.000000000 2
628 88 3 8192 2.000000000 2
628 100 3 8192 2.000000000 2
628 112 3 8192 2.000000000 2
628 116 3 8192 2.000000000 2
628 136 3 8192 2.000000000 2
628 144 3 8192 2.000000000 2
628 200 3 8192 2.000000000 2
628 240 3 8192 2.000000000 2
628 276 3 8192 2.000000000 2
628 292 3 8192 2.000000000 2
628 296 3 8192 2.000000000 2
628 316 3 8192 2.000000000 2
628 324 3 8192 2.000000000 2
628 340 3 8192 2.000000000 2
628 376 3 8192 2.000000000 2
628 400 3 8192 2.000000000 2
628 412 3 8192 2.000000000 2
628 448 3 8192 2.000000000 2
628 452 3 8192 2.000000000 2
628 460 3 8192 2.000000000 2
628 464 3 8192 2.000000000 2
628 468 3 8192 2.000000000 2
628 472 3 8192 2.000000000 2
628 516 3 8192 2.000000000 2
628 520 3 8192 2.000000000 2
628 532 3 8192 2.000000000 2
628 572 3 8192 2.000000000 2
628 608 3 8192 2.000000000 2
628 624 3 8192 2.000000000 2
628 652 3 8192 2.000000000 2
628 656 3 8192 2.000000000 2
628 680 3 8192 2.000000000 2
628 704 3 8192 2.000000000 2
628 712 3 8192 2.000000000 2
628 780 3 8192 2.000000000 2
628 788 3 8192 2.000000000 2
628 792 3 8192 2.000000000 2
628 832 3 8192 2.000000000 2
628 836 3 8192 2.000000000 2
628 844 3 8192 2.000000000 2
628 868 3 8192 2.000000000 2
628 892 3 8192 2.000000000 2
628 912 3 8192 2.000000000 2
628 916 3 8192 2.000000000 2
628 920 3 8192 2.000000000 2
628 936 3 8192 2.000000000 2
628 960 3 8192 2.000000000 2
628 972 3 8192 2.000000000 2
628 1048 3 8192 2.000000000 2
628 1052 3 8192 2.000000000 2
628 1056 3 8192 2.000000000 2
628 1060 3 8192 2.000000000 2
628 1096 3 8192 2.000000000 2
628 1100 3 8192 2.000000000 2
628 1136 3 8192 2.000000000 2
628 1148 3 8192 2.000000000 2
628 1156 3 8192 2.000000000 2
628 1168 3 8192 2.000000000 2
628 1228 3 8192 2.000000000 2
628 1276 3 8192 2.000000000 2
632 16 3 8192 2.000000000 2
632 32 3 8192 2.000000000 2
632 64 3 8192 2.000000000 2
632 104 3 8192 2.000000000 2
632 120 3 8192 2.000000000 2
632 124 3 8192 2.000000000 2
632 176 3 8192 2.000000000 2
632 180 3 8192 2.000000000 2
632 200 3 8192 2.000000000 2
632 208 3 8192 2.000000000 2
632 216 3 8192 2.000000000 2
632 252 3 8192 2.000000000 2
632 276 3 8192 2.000000000 2
632 316 3 8192 2.000000000 2
632 368 3 8192 2.000000000 2
632 372 3 8192 2.000000000 2
632 376 3 8192 2.000000000 2
632 444 3 8192 2.000000000 2
632 472 3 8192 2.000000000 2
632 496 3 8192 2.000000000 2
632 504 3 8192 2.000000000 2
632 516 3 8192 2.000000000 2
632 520 3 8192 2.000000000 2
632 524 3 8192 2.000000000 2
632 560 3 8192 2.000000000 2
632 592 3 8192 2.000000000 2
632 600 3 8192 2.000000000 2
632 616 3 8192 2.000000000 2
632 620 3 8192 2.000000000 2
632 676 3 8192 2.000000000 2
632 680 3 8192 2.000000000 2
632 704 3 8192 2.000000000 2
632 760 3 8192 2.000000000 2
632 764 3 8192 2.000000000 2
632 800 3 8192 2.000000000 2
632 808 3 8192 2.000000000 2
632 820 3 8192 2.000000000 2
632 824 3 8192 2.000000000 2
632 844 3 8192 2.000000000 2
632 864 3 8192 2.000000000 2
632 940 3 8192 2.000000000 2
632 944 3 8192 2.000000000 2
632 960 3 8192 2.000000000 2
632 976 3 8192 2.000000000 2
632 980 3 8192 2.000000000 2
632 984 3 8192 2.000000000 2
632 988 3 8192 2.000000000 2
632 1008 3 8192 2.000000000 2
632 1012 3 8192 2.000000000 2
632 1028 3 8192 2.000000000 2
632 1044 3 8192 2.000000000 2
632 1048 3 8192 2.000000000 2
632 1052 3 8192 2.000000000 2
632 1060 3 8192 2.000000000 2
632 1100 3 8192 2.000000000 2
632 1140 3 8192 2.000000000 2
632 1144 3 8192 2.000000000 2
632 1160 3 8192 2.000000000 2
632 1176 3 8192 2.000000000 2
632 1192 3 8192 2.000000000 2
632 1200 3 8192 2.000000000 2
632 1212 3 8192 2.000000000 2
632 1216 3 8192 2.000000000 2
632 1224 3 8192 2.000000000 2
636 12 3 8192 2.000000000 2
636 24 3 8192 2.000000000 2
636 48 3 8192 2.000000000 2
636 124 3 8192 2.000000000 2
636 132 3 8192 2.000000000 2
636 148 3 8192 2.000000000 2
636 176 3 8192 2.000000000 2
636 240 3 8192 2.000000000 2
636 264 3 8192 2.000000000 2
636 276 3 8192 2.000000000 2
636 292 3 8192 2.000000000 2
636 308 3 8192 2.000000000 2
636 344 3 8192 2.000000000 2
636 352 3 8192 2.000000000 2
636 376 3 8192 2.000000000 2
636 388 3 8192 2.000000000 2
636 400 3 8192 2.000000000 2
636 412 3 8192 2.000000000 2
636 424 3 8192 2.000000000 2
636 456 3 8192 2.000000000 2
636 464 3 8192 2.000000000 2
636 468 3 8192 2.000000000 2
636 520 3 8192 2.000000000 2
636 524 3 8192 2.000000000 2
636 540 3 8192 2.000000000 2
636 548 3 8192 2.000000000 2
636 568 3 8192 2.000000000 2
636 572 3 8192 2.000000000 2
636 620 3 8192 2.000000000 2
636 648 3 8192 2.000000000 2
636 652 3 8192 2.000000000 2
636 656 3 8192 2.000000000 2
636 680 3 8192 2.000000000 2
636 688 3 8192 2.000000000 2
636 708 3 8192 2.000000000 2
636 720 3 8192 2.000000000 2
636 780 3 8192 2.000000000 2
636 788 3 8192 2.000000000 2
636 824 3 8192 2.000000000 2
636 856 3 8192 2.000000000 2
636 868 3 8192 2.000000000 2
636 876 3 8192 2.000000000 2
636 908 3 8192 2.000000000 2
636 912 3 8192 2.000000000 2
636 916 3 8192 2.000000000 2
636 944 3 8192 2.000000000 2
636 960 3 8192 2.000000000 2
636 1012 3 8192 2.000000000 2
636 1024 3 8192 2.000000000 2
636 1028 3 8192 2.000000000 2
636 1044 3 8192 2.000000000 2
636 1048 3 8192 2.000000000 2
636 1064 3 8192 2.000000000 2
636 1072 3 8192 2.000000000 2
636 1120 3 8192 2.000000000 2
636 1172 3 8192 2.000000000 2
636 1188 3 8192 2.000000000 2
636 1192 3 8192 2.000000000 2
636 1204 3 8192 2.000000000 2
636 1216 3 8192 2.000000000 2
636 1228 3 8192 2.000000000 2
636 1232 3 8192 2.000000000 2
636 1264 3 8192 2.000000000 2
636 1272 3 8192 2.000000000 2
648 40 3 8192 2.000000000 2
648 44 3 8192 2.000000000 2
648 56 3 8192 2.000000000 2
648 60 3 8192 2.000000000 2
648 108 3 8192 2.000000000 2
648 112 3 8192 2.000000000 2
648 124 3 8192 2.000000000 2
648 136 3 8192 2.000000000 2
648 160 3 8192 2.000000000 2
648 176 3 8192 2.000000000 2
648 184 3 8192 2.000000000 2
648 200 3 8192 2.000000000 2
648 204 3 8192 2.000000000 2
648 220 3 8192 2.000000000 2
648 280 3 8192 2.000000000 2
648 296 3 8192 2.000000000 2
648 312 3 8192 2.000000000 2
648 320 3 8192 2.000000000 2
648 324 3 8192 2.000000000 2
648 336 3 8192 2.000000000 2
648 352 3 8192 2.000000000 2
648 372 3 8192 2.000000000 2
648 376 3 8192 2.000000000 2
648 392 3 8192 2.000000000 2
648 396 3 8192 2.000000000 2
648 404 3 8192 2.000000000 2
648 448 3 8192 2.000000000 2
648 456 3 8192 2.000000000 2
648 468 3 8192 2.000000000 2
648 504 3 8192 2.000000000 2
648 508 3 8192 2.000000000 2
648 528 3 8192 2.000000000 2
648 592 3 8192 2.000000000 2
648 596 3 8192 2.000000000 2
648 728 3 8192 2.000000000 2
648 732 3 8192 2.000000000 2
648 768 3 8192 2.000000000 2
648 808 3 8192 2.000000000 2
648 820 3 8192 2.000000000 2
648 836 3 8192 2.000000000 2
648 876 3 8192 2.000000000 2
648 888 3 8192 2.000000000 2
648 904 3 8192 2.000000000 2
648 908 3 8192 2.000000000 2
648 920 3 8192 2.000000000 2
648 928 3 8192 2.000000000 2
648 976 3 8192 2.000000000 2
648 1000 3 8192 2.000000000 2
648 1008 3 8192 2.000000000 2
648 1032 3 8192 2.000000000 2
648 1044 3 8192 2.000000000 2
648 1052 3 8192 2.000000000 2
648 1060 3 8192 2.000000000 2
648 1064 3 8192 2.000000000 2
648 1080 3 8192 2.000000000 2
648 1096 3 8192 2.000000000 2
648 1140 3 8192 2.000000000 2
648 1144 3 8192 2.000000000 2
648 1148 3 8192 2.000000000 2
648 1184 3 8192 2.000000000 2
648 1192 3 8192 2.000000000 2
648 1196 3 8192 2.000000000 2
648 1212 3 8192 2.000000000 2
648 1268 3 8192 2.000000000 2
652 8 3 8192 2.000000000 2
652 16 3 8192 2.000000000 2
652 20 3 8192 2.000000000 2
652 24 3 8192 2.000000000 2
652 48 3 8192 2.000000000 2
652 64 3 8192 2.000000000 2
652 72 3 8192 2.000000000 2
652 88 3 8192 2.000000000 2
652 100 3 8192 2.000000000 2
652 120 3 8192 2.000000000 2
652 132 3 8192 2.000000000 2
652 204 3 8192 2.000000000 2
652 224 3 8192 2.000000000 2
652 240 3 8192 2.000000000 2
652 268 3 8192 2.000000000 2
652 332 3 8192 2.000000000 2
652 336 3 8192 2.000000000 2
652 352 3 8192 2.000000000 2
652 360 3 8192 2.000000000 2
652 396 3 8192 2.000000000 2
652 400 3 8192 2.000000000 2
652 456 3 8192 2.000000000 2
652 460 3 8192 2.000000000 2
652 464 3 8192 2.000000000 2
652 472 3 8192 2.000000000 2
652 532 3 8192 2.000000000 2
652 536 3 8192 2.000000000 2
652 540 3 8192 2.000000000 2
652 544 3 8192 2.000000000 2
652 568 3 8192 2.000000000 2
652 572 3 8192 2.000000000 2
652 580 3 8192 2.000000000 2
652 628 3 8192 2.000000000 2
652 656 3 8192 2.000000000 2
652 668 3 8192 2.000000000 2
652 676 3 8192 2.000000000 2
652 692 3 8192 2.000000000 2
652 736 3 8192 2.000000000 2
652 760 3 8192 2.000000000 2
652 780 3 8192 2.000000000 2
652 784 3 8192 2.000000000 2
652 836 3 8192 2.000000000 2
652 864 3 8192 2.000000000 2
652 888 3 8192 2.000000000 2
652 892 3 8192 2.000000000 2
652 908 3 8192 2.000000000 2
652 920 3 8192 2.000000000 2
652 968 3 8192 2.000000000 2
652 972 3 8192 2.000000000 2
652 976 3 8192 2.000000000 2
652 1000 3 8192 2.000000000 2
652 1012 3 8192 2.000000000 2
652 1060 3 8192 2.000000000 2
652 1064 3 8192 2.000000000 2
652 1068 3 8192 2.000000000 2
652 1120 3 8192 2.000000000 2
652 1128 3 8192 2.000000000 2
652 1132 3 8192 2.000000000 2
652 1144 3 8192 2.000000000 2
652 1148 3 8192 2.000000000 2
652 1172 3 8192 2.000000000 2
652 1224 3 8192 2.000000000 2
652 1228 3 8192 2.000000000 2
652 1276 3 8192 2.000000000 2
656 24 3 8192 2.000000000 2
656 40 3 8192 2.000000000 2
656 44 3 8192 2.000000000 2
656 60 3 8192 2.000000000 2
656 64 3 8192 2.000000000 2
656 88 3 8192 2.000000000 2
656 92 3 8192 2.000000000 2
656 112 3 8192 2.000000000 2
656 116 3 8192 2.000000000 2
656 120 3 8192 2.000000000 2
656 140 3 8192 2.000000000 2
656 176 3 8192 2.000000000 2
656 184 3 8192 2.000000000 2
656 188 3 8192 2.000000000 2
656 208 3 8192 2.000000000 2
656 216 3 8192 2.000000000 2
656 236 3 8192 2.000000000 2
656 240 3 8192 2.000000000 2
656 244 3 8192 2.000000000 2
656 248 3 8192 2.000000000 2
656 280 3 8192 2.000000000 2
656 292 3 8192 2.000000000 2
656 312 3 8192 2.000000000 2
656 324 3 8192 2.000000000 2
656 328 3 8192 2.000000000 2
656 344 3 8192 2.000000000 2
656 352 3 8192 2.000000000 2
656 360 3 8192 2.000000000 2
656 372 3 8192 2.000000000 2
656 388 3 8192 2.000000000 2
656 400 3 8192 2.000000000 2
656 424 3 8192 2.000000000 2
656 428 3 8192 2.000000000 2
656 440 3 8192 2.000000000 2
656 464 3 8192 2.000000000 2
656 472 3 8192 2.000000000 2
656 560 3 8192 2.000000000 2
656 628 3 8192 2.000000000 2
656 648 3 8192 2.000000000 2
656 676 3 8192 2.000000000 2
656 700 3 8192 2.000000000 2
656 776 3 8192 2.000000000 2
656 792 3 8192 2.000000000 2
656 860 3 8192 2.000000000 2
656 880 3 8192 2.000000000 2
656 908 3 8192 2.000000000 2
656 916 3 8192 2.000000000 2
656 928 3 8192 2.000000000 2
656 956 3 8192 2.000000000 2
656 968 3 8192 2.000000000 2
656 988 3 8192 2.000000000 2
656 996 3 8192 2.000000000 2
656 1000 3 8192 2.000000000 2
656 1020 3 8192 2.000000000 2
656 1080 3 8192 2.000000000 2
656 1092 3 8192 2.000000000 2
656 1096 3 8192 2.000000000 2
656 1148 3 8192 2.000000000 2
656 1152 3 8192 2.000000000 2
656 1176 3 8192 2.000000000 2
656 1188 3 8192 2.000000000 2
656 1196 3 8192 2.000000000 2
656 1204 3 8192 2.000000000 2
656 1224 3 8192 2.000000000 2
660 28 3 8192 2.000000000 2
660 60 3 8192 2.000000000 2
660 64 3 8192 2.000000000 2
660 88 3 8192 2.000000000 2
660 120 3 8192 2.000000000 2
660 132 3 8192 2.000000000 2
660 160 3 8192 2.000000000 2
660 172 3 8192 2.000000000 2
660 176 3 8192 2.000000000 2
660 204 3 8192 2.000000000 2
660 252 3 8192 2.000000000 2
660 288 3 8192 2.000000000 2
660 332 3 8192 2.000000000 2
660 352 3 8192 2.000000000 2
660 356 3 8192 2.000000000 2
660 360 3 8192 2.000000000 2
660 408 3 8192 2.000000000 2
660 416 3 8192 2.000000000 2
660 424 3 8192 2.000000000 2
660 456 3 8192 2.000000000 2
660 500 3 8192 2.000000000 2
660 508 3 8192 2.000000000 2
660 516 3 8192 2.000000000 2
660 520 3 8192 2.000000000 2
660 552 3 8192 2.000000000 2
660 580 3 8192 2.000000000 2
660 596 3 8192 2.000000000 2
660 616 3 8192 2.000000000 2
660 628 3 8192 2.000000000 2
660 632 3 8192 2.000000000 2
660 636 3 8192 2.000000000 2
660 648 3 8192 2.000000000 2
660 668 3 8192 2.000000000 2
660 692 3 8192 2.000000000 2
660 696 3 8192 2.000000000 2
660 704 3 8192 2.000000000 2
660 720 3 8192 2.000000000 2
660 736 3 8192 2.000000000 2
660 760 3 8192 2.000000000 2
660 764 3 8192 2.000000000 2
660 848 3 8192 2.000000000 2
660 860 3 8192 2.000000000 2
660 884 3 8192 2.000000000 2
660 912 3 8192 2.000000000 2
660 916 3 8192 2.000000000 2
660 920 3 8192 2.000000000 2
660 944 3 8192 2.000000000 2
660 976 3 8192 2.000000000 2
660 996 3 8192 2.000000000 2
660 1004 3 8192 2.000000000 2
660 1012 3 8192 2.000000000 2
660 1020 3 8192 2.000000000 2
660 1024 3 8192 2.000000000 2
660 1032 3 8192 2.000000000 2
660 1048 3 8192 2.000000000 2
660 1072 3 8192 2.000000000 2
660 1116 3 8192 2.000000000 2
660 1128 3 8192 2.000000000 2
660 1160 3 8192 2.000000000 2
660 1176 3 8192 2.000000000 2
660 1228 3 8192 2.000000000 2
660 1232 3 8192 2.000000000 2
660 1244 3 8192 2.000000000 2
660 1276 3 8192 2.000000000 2
664 4 3 8192 2.000000000 2
664 16 3 8192 2.000000000 2
664 24 3 8192 2.000000000 2
664 40 3 8192 2.000000000 2
664 60 3 8192 2.000000000 2
664 104 3 8192 2.000000000 2
664 116 3 8192 2.000000000 2
664 140 3 8192 2.000000000 2
664 144 3 8192 2.000000000 2
664 156 3 8192 2.000000000 2
664 184 3 8192 2.000000000 2
664 188 3 8192 2.000000000 2
664 212 3 8192 2.000000000 2
664 220 3 8192 2.000000000 2
664 240 3 8192 2.000000000 2
664 248 3 8192 2.000000000 2
664 296 3 8192 2.000000000 2
664 336 3 8192 2.000000000 2
664 340 3 8192 2.000000000 2
664 372 3 8192 2.000000000 2
664 396 3 8192 2.000000000 2
664 428 3 8192 2.000000000 2
664 440 3 8192 2.000000000 2
664 444 3 8192 2.000000000 2
664 448 3 8192 2.000000000 2
664 472 3 8192 2.000000000 2
664 536 3 8192 2.000000000 2
664 544 3 8192 2.000000000 2
664 564 3 8192 2.000000000 2
664 568 3 8192 2.000000000 2
664 636 3 8192 2.000000000 2
664 676 3 8192 2.000000000 2
664 692 3 8192 2.000000000 2
664 720 3 8192 2.000000000 2
664 728 3 8192 2.000000000 2
664 764 3 8192 2.000000000 2
664 768 3 8192 2.000000000 2
664 776 3 8192 2.000000000 2
664 808 3 8192 2.000000000 2
664 844 3 8192 2.000000000 2
664 868 3 8192 2.000000000 2
664 900 3 8192 2.000000000 2
664 940 3 8192 2.000000000 2
664 944 3 8192 2.000000000 2
664 956 3 8192 2.000000000 2
664 960 3 8192 2.000000000 2
664 996 3 8192 2.000000000 2
664 1012 3 8192 2.000000000 2
664 1024 3 8192 2.000000000 2
664 1028 3 8192 2.000000000 2
664 1056 3 8192 2.000000000 2
664 1068 3 8192 2.000000000 2
664 1092 3 8192 2.000000000 2
664 1100 3 8192 2.000000000 2
664 1116 3 8192 2.000000000 2
664 1140 3 8192 2.000000000 2
664 1144 3 8192 2.000000000 2
664 1156 3 8192 2.000000000 2
664 1160 3 8192 2.000000000 2
664 1204 3 8192 2.000000000 2
664 1224 3 8192 2.000000000 2
664 1260 3 8192 2.000000000 2
664 1264 3 8192 2.000000000 2
664 1276 3 8192 2.000000000 2
668 4 3 8192 2.000000000 2
668 16 3 8192 2.000000000 2
668 20 3 8192 2.000000000 2
668 44 3 8192 2.000000000 2
668 56 3 8192 2.000000000 2
668 80 3 8192 2.000000000 2
668 136 3 8192 2.000000000 2
668 144 3 8192 2.000000000 2
668 180 3 8192 2.000000000 2
668 188 3 8192 2.000000000 2
668 192 3 8192 2.000000000 2
668 204 3 8192 2.000000000 2
668 240 3 8192 2.000000000 2
668 248 3 8192 2.000000000 2
668 256 3 8192 2.000000000 2
668 288 3 8192 2.000000000 2
668 312 3 8192 2.000000000 2
668 328 3 8192 2.000000000 2
668 360 3 8192 2.000000000 2
668 384 3 8192 2.000000000 2
668 468 3 8192 2.000000000 2
668 492 3 8192 2.000000000 2
668 500 3 8192 2.000000000 2
668 508 3 8192 2.000000000 2
668 532 3 8192 2.000000000 2
668 552 3 8192 2.000000000 2
668 572 3 8192 2.000000000 2
668 592 3 8192 2.000000000 2
668 616 3 8192 2.000000000 2
668 632 3 8192 2.000000000 2
668 652 3 8192 2.000000000 2
668 656 3 8192 2.000000000 2
668 660 3 8192 2.000000000 2
668 664 3 8192 2.000000000 2
668 704 3 8192 2.000000000 2
668 720 3 8192 2.000000000 2
668 736 3 8192 2.000000000 2
668 776 3 8192 2.000000000 2
668 788 3 8192 2.000000000 2
668 800 3 8192 2.000000000 2
668 832 3 8192 2.000000000 2
668 848 3 8192 2.000000000 2
668 892 3 8192 2.000000000 2
668 904 3 8192 2.000000000 2
668 916 3 8192 2.000000000 2
668 936 3 8192 2.000000000 2
668 948 3 8192 2.000000000 2
668 976 3 8192 2.000000000 2
668 1008 3 8192 2.000000000 2
668 1024 3 8192 2.000000000 2
668 1032 3 8192 2.000000000 2
668 1048 3 8192 2.000000000 2
668 1072 3 8192 2.000000000 2
668 1084 3 8192 2.000000000 2
668 1088 3 8192 2.000000000 2
668 1092 3 8192 2.000000000 2
668 1096 3 8192 2.000000000 2
668 1120 3 8192 2.000000000 2
668 1132 3 8192 2.000000000 2
668 1144 3 8192 2.000000000 2
668 1168 3 8192 2.000000000 2
668 1172 3 8192 2.000000000 2
668 1184 3 8192 2.000000000 2
668 1196 3 8192 2.000000000 2
676 4 3 8192 2.000000000 2
676 20 3 8192 2.000000000 2
676 44 3 8192 2.000000000 2
676 48 3 8192 2.000000000 2
676 56 3 8192 2.000000000 2
676 64 3 8192 2.000000000 2
676 104 3 8192 2.000000000 2
676 136 3 8192 2.000000000 2
676 140 3 8192 2.000000000 2
676 144 3 8192 2.000000000 2
676 148 3 8192 2.000000000 2
676 184 3 8192 2.000000000 2
676 252 3 8192 2.000000000 2
676 264 3 8192 2.000000000 2
676 268 3 8192 2.000000000 2
676 280 3 8192 2.000000000 2
676 288 3 8192 2.000000000 2
676 324 3 8192 2.000000000 2
676 332 3 8192 2.000000000 2
676 352 3 8192 2.000000000 2
676 356 3 8192 2.000000000 2
676 360 3 8192 2.000000000 2
676 408 3 8192 2.000000000 2
676 428 3 8192 2.000000000 2
676 468 3 8192 2.000000000 2
676 492 3 8192 2.000000000 2
676 504 3 8192 2.000000000 2
676 532 3 8192 2.000000000 2
676 548 3 8192 2.000000000 2
676 564 3 8192 2.000000000 2
676 588 3 8192 2.000000000 2
676 596 3 8192 2.000000000 2
676 636 3 8192 2.000000000 2
676 692 3 8192 2.000000000 2
676 696 3 8192 2.000000000 2
676 704 3 8192 2.000000000 2
676 708 3 8192 2.000000000 2
676 732 3 8192 2.000000000 2
676 776 3 8192 2.000000000 2
676 784 3 8192 2.000000000 2
676 808 3 8192 2.000000000 2
676 812 3 8192 2.000000000 2
676 836 3 8192 2.000000000 2
676 840 3 8192 2.000000000 2
676 864 3 8192 2.000000000 2
676 916 3 8192 2.000000000 2
676 920 3 8192 2.000000000 2
676 936 3 8192 2.000000000 2
676 940 3 8192 2.000000000 2
676 948 3 8192 2.000000000 2
676 960 3 8192 2.000000000 2
676 996 3 8192 2.000000000 2
676 1032 3 8192 2.000000000 2
676 1064 3 8192 2.000000000 2
676 1112 3 8192 2.000000000 2
676 1136 3 8192 2.000000000 2
676 1148 3 8192 2.000000000 2
676 1168 3 8192 2.000000000 2
676 1176 3 8192 2.000000000 2
676 1204 3 8192 2.000000000 2
676 1212 3 8192 2.000000000 2
676 1224 3 8192 2.000000000 2
676 1236 3 8192 2.000000000 2
676 1244 3 8192 2.000000000 2
680 24 3 8192 2.000000000 2
680 44 3 8192 2.000000000 2
680 48 3 8192 2.000000000 2
680 56 3 8192 2.000000000 2
680 64 3 8192 2.000000000 2
680 80 3 8192 2.000000000 2
680 104 3 8192 2.000000000 2
680 116 3 8192 2.000000000 2
680 140 3 8192 2.000000000 2
680 148 3 8192 2.000000000 2
680 192 3 8192 2.000000000 2
680 200 3 8192 2.000000000 2
680 228 3 8192 2.000000000 2
680 236 3 8192 2.000000000 2
680 240 3 8192 2.000000000 2
680 252 3 8192 2.000000000 2
680 272 3 8192 2.000000000 2
680 276 3 8192 2.000000000 2
680 280 3 8192 2.000000000 2
680 288 3 8192 2.000000000 2
680 316 3 8192 2.000000000 2
680 352 3 8192 2.000000000 2
680 360 3 8192 2.000000000 2
680 384 3 8192 2.000000000 2
680 400 3 8192 2.000000000 2
680 492 3 8192 2.000000000 2
680 544 3 8192 2.000000000 2
680 548 3 8192 2.000000000 2
680 552 3 8192 2.000000000 2
680 620 3 8192 2.000000000 2
680 652 3 8192 2.000000000 2
680 676 3 8192 2.000000000 2
680 696 3 8192 2.000000000 2
680 728 3 8192 2.000000000 2
680 784 3 8192 2.000000000 2
680 848 3 8192 2.000000000 2
680 860 3 8192 2.000000000 2
680 864 3 8192 2.000000000 2
680 868 3 8192 2.000000000 2
680 892 3 8192 2.000000000 2
680 900 3 8192 2.000000000 2
680 912 3 8192 2.000000000 2
680 936 3 8192 2.000000000 2
680 940 3 8192 2.000000000 2
680 952 3 8192 2.000000000 2
680 972 3 8192 2.000000000 2
680 1000 3 8192 2.000000000 2
680 1008 3 8192 2.000000000 2
680 1032 3 8192 2.000000000 2
680 1044 3 8192 2.000000000 2
680 1088 3 8192 2.000000000 2
680 1096 3 8192 2.000000000 2
680 1116 3 8192 2.000000000 2
680 1120 3 8192 2.000000000 2
680 1140 3 8192 2.000000000 2
680 1144 3 8192 2.000000000 2
680 1164 3 8192 2.000000000 2
680 1176 3 8192 2.000000000 2
680 1188 3 8192 2.000000000 2
680 1192 3 8192 2.000000000 2
680 1204 3 8192 2.000000000 2
680 1216 3 8192 2.000000000 2
680 1220 3 8192 2.000000000 2
680 1272 3 8192 2.000000000 2
688 8 3 8192 2.000000000 2
688 20 3 8192 2.000000000 2
688 28 3 8192 2.000000000 2
688 32 3 8192 2.000000000 2
688 40 3 8192 2.000000000 2
688 48 3 8192 2.000000000 2
688 108 3 8192 2.000000000 2
688 124 3 8192 2.000000000 2
688 136 3 8192 2.000000000 2
688 144 3 8192 2.000000000 2
688 176 3 8192 2.000000000 2
688 180 3 8192 2.000000000 2
688 200 3 8192 2.000000000 2
688 204 3 8192 2.000000000 2
688 220 3 8192 2.000000000 2
688 224 3 8192 2.000000000 2
688 244 3 8192 2.000000000 2
688 252 3 8192 2.000000000 2
688 268 3 8192 2.000000000 2
688 292 3 8192 2.000000000 2
688 308 3 8192 2.000000000 2
688 312 3 8192 2.000000000 2
688 360 3 8192 2.000000000 2
688 388 3 8192 2.000000000 2
688 400 3 8192 2.000000000 2
688 404 3 8192 2.000000000 2
688 408 3 8192 2.000000000 2
688 412 3 8192 2.000000000 2
688 440 3 8192 2.000000000 2
688 452 3 8192 2.000000000 2
688 468 3 8192 2.000000000 2
688 500 3 8192 2.000000000 2
688 516 3 8192 2.000000000 2
688 536 3 8192 2.000000000 2
688 552 3 8192 2.000000000 2
688 588 3 8192 2.000000000 2
688 632 3 8192 2.000000000 2
688 680 3 8192 2.000000000 2
688 724 3 8192 2.000000000 2
688 760 3 8192 2.000000000 2
688 784 3 8192 2.000000000 2
688 808 3 8192 2.000000000 2
688 832 3 8192 2.000000000 2
688 844 3 8192 2.000000000 2
688 876 3 8192 2.000000000 2
688 892 3 8192 2.000000000 2
688 904 3 8192 2.000000000 2
688 908 3 8192 2.000000000 2
688 920 3 8192 2.000000000 2
688 968 3 8192 2.000000000 2
688 976 3 8192 2.000000000 2
688 996 3 8192 2.000000000 2
688 1044 3 8192 2.000000000 2
688 1048 3 8192 2.000000000 2
688 1052 3 8192 2.000000000 2
688 1056 3 8192 2.000000000 2
688 1084 3 8192 2.000000000 2
688 1096 3 8192 2.000000000 2
688 1148 3 8192 2.000000000 2
688 1172 3 8192 2.000000000 2
688 1216 3 8192 2.000000000 2
688 1220 3 8192 2.000000000 2
688 1236 3 8192 2.000000000 2
688 1276 3 8192 2.000000000 2
692 16 3 8192 2.000000000 2
692 40 3 8192 2.000000000 2
692 44 3 8192 2.000000000 2
692 48 3 8192 2.000000000 2
692 60 3 8192 2.000000000 2
692 80 3 8192 2.000000000 2
692 104 3 8192 2.000000000 2
692 120 3 8192 2.000000000 2
692 136 3 8192 2.000000000 2
692 172 3 8192 2.000000000 2
692 184 3 8192 2.000000000 2
692 188 3 8192 2.000000000 2
692 228 3 8192 2.000000000 2
692 248 3 8192 2.000000000 2
692 252 3 8192 2.000000000 2
692 256 3 8192 2.000000000 2
692 296 3 8192 2.000000000 2
692 320 3 8192 2.000000000 2
692 340 3 8192 2.000000000 2
692 344 3 8192 2.000000000 2
692 352 3 8192 2.000000000 2
692 372 3 8192 2.000000000 2
692 424 3 8192 2.000000000 2
692 448 3 8192 2.000000000 2
692 492 3 8192 2.000000000 2
692 496 3 8192 2.000000000 2
692 524 3 8192 2.000000000 2
692 528 3 8192 2.000000000 2
692 536 3 8192 2.000000000 2
692 552 3 8192 2.000000000 2
692 572 3 8192 2.000000000 2
692 580 3 8192 2.000000000 2
692 636 3 8192 2.000000000 2
692 688 3 8192 2.000000000 2
692 716 3 8192 2.000000000 2
692 720 3 8192 2.000000000 2
692 724 3 8192 2.000000000 2
692 736 3 8192 2.000000000 2
692 800 3 8192 2.000000000 2
692 824 3 8192 2.000000000 2
692 832 3 8192 2.000000000 2
692 908 3 8192 2.000000000 2
692 916 3 8192 2.000000000 2
692 976 3 8192 2.000000000 2
692 984 3 8192 2.000000000 2
692 988 3 8192 2.000000000 2
692 1004 3 8192 2.000000000 2
692 1008 3 8192 2.000000000 2
692 1020 3 8192 2.000000000 2
692 1048 3 8192 2.000000000 2
692 1056 3 8192 2.000000000 2
692 1072 3 8192 2.000000000 2
692 1096 3 8192 2.000000000 2
692 1100 3 8192 2.000000000 2
692 1120 3 8192 2.000000000 2
692 1128 3 8192 2.000000000 2
692 1132 3 8192 2.000000000 2
692 1160 3 8192 2.000000000 2
692 1172 3 8192 2.000000000 2
692 1184 3 8192 2.000000000 2
692 1188 3 8192 2.000000000 2
692 1196 3 8192 2.000000000 2
692 1228 3 8192 2.000000000 2
692 1232 3 8192 2.000000000 2
696 28 3 8192 2.000000000 2
696 48 3 8192 2.000000000 2
696 56 3 8192 2.000000000 2
696 108 3 8192 2.000000000 2
696 112 3 8192 2.000000000 2
696 124 3 8192 2.000000000 2
696 136 3 8192 2.000000000 2
696 160 3 8192 2.000000000 2
696 212 3 8192 2.000000000 2
696 220 3 8192 2.000000000 2
696 224 3 8192 2.000000000 2
696 240 3 8192 2.000000000 2
696 252 3 8192 2.000000000 2
696 272 3 8192 2.000000000 2
696 280 3 8192 2.000000000 2
696 288 3 8192 2.000000000 2
696 292 3 8192 2.000000000 2
696 320 3 8192 2.000000000 2
696 344 3 8192 2.000000000 2
696 356 3 8192 2.000000000 2
696 360 3 8192 2.000000000 2
696 404 3 8192 2.000000000 2
696 408 3 8192 2.000000000 2
696 412 3 8192 2.000000000 2
696 424 3 8192 2.000000000 2
696 428 3 8192 2.000000000 2
696 448 3 8192 2.000000000 2
696 472 3 8192 2.000000000 2
696 508 3 8192 2.000000000 2
696 516 3 8192 2.000000000 2
696 548 3 8192 2.000000000 2
696 588 3 8192 2.000000000 2
696 596 3 8192 2.000000000 2
696 620 3 8192 2.000000000 2
696 648 3 8192 2.000000000 2
696 712 3 8192 2.000000000 2
696 716 3 8192 2.000000000 2
696 768 3 8192 2.000000000 2
696 780 3 8192 2.000000000 2
696 784 3 8192 2.000000000 2
696 812 3 8192 2.000000000 2
696 820 3 8192 2.000000000 2
696 844 3 8192 2.000000000 2
696 848 3 8192 2.000000000 2
696 888 3 8192 2.000000000 2
696 904 3 8192 2.000000000 2
696 908 3 8192 2.000000000 2
696 944 3 8192 2.000000000 2
696 976 3 8192 2.000000000 2
696 988 3 8192 2.000000000 2
696 996 3 8192 2.000000000 2
696 1012 3 8192 2.000000000 2
696 1024 3 8192 2.000000000 2
696 1044 3 8192 2.000000000 2
696 1064 3 8192 2.000000000 2
696 1096 3 8192 2.000000000 2
696 1132 3 8192 2.000000000 2
696 1148 3 8192 2.000000000 2
696 1152 3 8192 2.000000000 2
696 1164 3 8192 2.000000000 2
696 1220 3 8192 2.000000000 2
696 1244 3 8192 2.000000000 2
696 1264 3 8192 2.000000000 2
696 1268 3 8192 2.000000000 2
700 32 3 8192 2.000000000 2
700 60 3 8192 2.000000000 2
700 80 3 8192 2.000000000 2
700 136 3 8192 2.000000000 2
700 156 3 8192 2.000000000 2
700 172 3 8192 2.000000000 2
700 176 3 8192 2.000000000 2
700 200 3 8192 2.000000000 2
700 208 3 8192 2.000000000 2
700 236 3 8192 2.000000000 2
700 256 3 8192 2.000000000 2
700 292 3 8192 2.000000000 2
700 308 3 8192 2.000000000 2
700 312 3 8192 2.000000000 2
700 316 3 8192 2.000000000 2
700 384 3 8192 2.000000000 2
700 392 3 8192 2.000000000 2
700 396 3 8192 2.000000000 2
700 408 3 8192 2.000000000 2
700 412 3 8192 2.000000000 2
700 424 3 8192 2.000000000 2
700 448 3 8192 2.000000000 2
700 456 3 8192 2.000000000 2
700 460 3 8192 2.000000000 2
700 504 3 8192 2.000000000 2
700 548 3 8192 2.000000000 2
700 568 3 8192 2.000000000 2
700 600 3 8192 2.000000000 2
700 608 3 8192 2.000000000 2
700 616 3 8192 2.000000000 2
700 620 3 8192 2.000000000 2
700 632 3 8192 2.000000000 2
700 660 3 8192 2.000000000 2
700 676 3 8192 2.000000000 2
700 708 3 8192 2.000000000 2
700 760 3 8192 2.000000000 2
700 768 3 8192 2.000000000 2
700 776 3 8192 2.000000000 2
700 788 3 8192 2.000000000 2
700 820 3 8192 2.000000000 2
700 840 3 8192 2.000000000 2
700 876 3 8192 2.000000000 2
700 880 3 8192 2.000000000 2
700 888 3 8192 2.000000000 2
700 892 3 8192 2.000000000 2
700 912 3 8192 2.000000000 2
700 916 3 8192 2.000000000 2
700 928 3 8192 2.000000000 2
700 944 3 8192 2.000000000 2
700 976 3 8192 2.000000000 2
700 980 3 8192 2.000000000 2
700 1012 3 8192 2.000000000 2
700 1036 3 8192 2.000000000 2
700 1052 3 8192 2.000000000 2
700 1080 3 8192 2.000000000 2
700 1092 3 8192 2.000000000 2
700 1128 3 8192 2.000000000 2
700 1136 3 8192 2.000000000 2
700 1144 3 8192 2.000000000 2
700 1152 3 8192 2.000000000 2
700 1164 3 8192 2.000000000 2
700 1216 3 8192 2.000000000 2
700 1228 3 8192 2.000000000 2
700 1276 3 8192 2.000000000 2
704 16 3 8192 2.000000000 2
704 20 3 8192 2.000000000 2
704 60 3 8192 2.000000000 2
704 100 3 8192 2.000000000 2
704 112 3 8192 2.000000000 2
704 116 3 8192 2.000000000 2
704 132 3 8192 2.000000000 2
704 136 3 8192 2.000000000 2
704 140 3 8192 2.000000000 2
704 148 3 8192 2.000000000 2
704 172 3 8192 2.000000000 2
704 180 3 8192 2.000000000 2
704 188 3 8192 2.000000000 2
704 196 3 8192 2.000000000 2
704 220 3 8192 2.000000000 2
704 228 3 8192 2.000000000 2
704 240 3 8192 2.000000000 2
704 248 3 8192 2.000000000 2
704 256 3 8192 2.000000000 2
704 272 3 8192 2.000000000 2
704 316 3 8192 2.000000000 2
704 324 3 8192 2.000000000 2
704 368 3 8192 2.000000000 2
704 384 3 8192 2.000000000 2
704 388 3 8192 2.000000000 2
704 392 3 8192 2.000000000 2
704 400 3 8192 2.000000000 2
704 412 3 8192 2.000000000 2
704 444 3 8192 2.000000000 2
704 448 3 8192 2.000000000 2
704 452 3 8192 2.000000000 2
704 464 3 8192 2.000000000 2
704 492 3 8192 2.000000000 2
704 500 3 8192 2.000000000 2
704 508 3 8192 2.000000000 2
704 524 3 8192 2.000000000 2
704 532 3 8192 2.000000000 2
704 540 3 8192 2.000000000 2
704 580 3 8192 2.000000000 2
704 596 3 8192 2.000000000 2
704 708 3 8192 2.000000000 2
704 712 3 8192 2.000000000 2
704 724 3 8192 2.000000000 2
704 776 3 8192 2.000000000 2
704 792 3 8192 2.000000000 2
704 800 3 8192 2.000000000 2
704 884 3 8192 2.000000000 2
704 916 3 8192 2.000000000 2
704 996 3 8192 2.000000000 2
704 1024 3 8192 2.000000000 2
704 1120 3 8192 2.000000000 2
704 1156 3 8192 2.000000000 2
704 1184 3 8192 2.000000000 2
704 1188 3 8192 2.000000000 2
704 1204 3 8192 2.000000000 2
704 1212 3 8192 2.000000000 2
704 1216 3 8192 2.000000000 2
704 1228 3 8192 2.000000000 2
704 1232 3 8192 2.000000000 2
704 1236 3 8192 2.000000000 2
704 1244 3 8192 2.000000000 2
704 1264 3 8192 2.000000000 2
704 1268 3 8192 2.000000000 2
704 1276 3 8192 2.000000000 2
708 24 3 8192 2.000000000 2
708 60 3 8192 2.000000000 2
708 72 3 8192 2.000000000 2
708 80 3 8192 2.000000000 2
708 88 3 8192 2.000000000 2
708 112 3 8192 2.000000000 2
708 124 3 8192 2.000000000 2
708 140 3 8192 2.000000000 2
708 172 3 8192 2.000000000 2
708 184 3 8192 2.000000000 2
708 200 3 8192 2.000000000 2
708 212 3 8192 2.000000000 2
708 224 3 8192 2.000000000 2
708 244 3 8192 2.000000000 2
708 264 3 8192 2.000000000 2
708 268 3 8192 2.000000000 2
708 320 3 8192 2.000000000 2
708 344 3 8192 2.000000000 2
708 356 3 8192 2.000000000 2
708 360 3 8192 2.000000000 2
708 376 3 8192 2.000000000 2
708 404 3 8192 2.000000000 2
708 444 3 8192 2.000000000 2
708 464 3 8192 2.000000000 2
708 504 3 8192 2.000000000 2
708 508 3 8192 2.000000000 2
708 528 3 8192 2.000000000 2
708 588 3 8192 2.000000000 2
708 624 3 8192 2.000000000 2
708 676 3 8192 2.000000000 2
708 700 3 8192 2.000000000 2
708 720 3 8192 2.000000000 2
708 732 3 8192 2.000000000 2
708 736 3 8192 2.000000000 2
708 760 3 8192 2.000000000 2
708 764 3 8192 2.000000000 2
708 812 3 8192 2.000000000 2
708 832 3 8192 2.000000000 2
708 836 3 8192 2.000000000 2
708 900 3 8192 2.000000000 2
708 916 3 8192 2.000000000 2
708 956 3 8192 2.000000000 2
708 960 3 8192 2.000000000 2
708 968 3 8192 2.000000000 2
708 976 3 8192 2.000000000 2
708 984 3 8192 2.000000000 2
708 1020 3 8192 2.000000000 2
708 1048 3 8192 2.000000000 2
708 1060 3 8192 2.000000000 2
708 1084 3 8192 2.000000000 2
708 1092 3 8192 2.000000000 2
708 1116 3 8192 2.000000000 2
708 1148 3 8192 2.000000000 2
708 1156 3 8192 2.000000000 2
708 1164 3 8192 2.000000000 2
708 1172 3 8192 2.000000000 2
708 1176 3 8192 2.000000000 2
708 1184 3 8192 2.000000000 2
708 1188 3 8192 2.000000000 2
708 1200 3 8192 2.000000000 2
708 1204 3 8192 2.000000000 2
708 1220 3 8192 2.000000000 2
708 1228 3 8192 2.000000000 2
708 1236 3 8192 2.000000000 2
712 4 3 8192 2.000000000 2
712 16 3 8192 2.000000000 2
712 32 3 8192 2.000000000 2
712 112 3 8192 2.000000000 2
712 160 3 8192 2.000000000 2
712 172 3 8192 2.000000000 2
712 184 3 8192 2.000000000 2
712 204 3 8192 2.000000000 2
712 240 3 8192 2.000000000 2
712 244 3 8192 2.000000000 2
712 268 3 8192 2.000000000 2
712 276 3 8192 2.000000000 2
712 316 3 8192 2.000000000 2
712 332 3 8192 2.000000000 2
712 352 3 8192 2.000000000 2
712 360 3 8192 2.000000000 2
712 384 3 8192 2.000000000 2
712 400 3 8192 2.000000000 2
712 440 3 8192 2.000000000 2
712 444 3 8192 2.000000000 2
712 456 3 8192 2.000000000 2
712 460 3 8192 2.000000000 2
712 500 3 8192 2.000000000 2
712 580 3 8192 2.000000000 2
712 588 3 8192 2.000000000 2
712 596 3 8192 2.000000000 2
712 600 3 8192 2.000000000 2
712 620 3 8192 2.000000000 2
712 632 3 8192 2.000000000 2
712 652 3 8192 2.000000000 2
712 656 3 8192 2.000000000 2
712 664 3 8192 2.000000000 2
712 692 3 8192 2.000000000 2
712 700 3 8192 2.000000000 2
712 708 3 8192 2.000000000 2
712 760 3 8192 2.000000000 2
712 800 3 8192 2.000000000 2
712 812 3 8192 2.000000000 2
712 820 3 8192 2.000000000 2
712 864 3 8192 2.000000000 2
712 880 3 8192 2.000000000 2
712 904 3 8192 2.000000000 2
712 908 3 8192 2.000000000 2
712 956 3 8192 2.000000000 2
712 960 3 8192 2.000000000 2
712 984 3 8192 2.000000000 2
712 1004 3 8192 2.000000000 2
712 1008 3 8192 2.000000000 2
712 1020 3 8192 2.000000000 2
712 1032 3 8192 2.000000000 2
712 1036 3 8192 2.000000000 2
712 1044 3 8192 2.000000000 2
712 1056 3 8192 2.000000000 2
712 1068 3 8192 2.000000000 2
712 1144 3 8192 2.000000000 2
712 1168 3 8192 2.000000000 2
712 1184 3 8192 2.000000000 2
712 1188 3 8192 2.000000000 2
712 1200 3 8192 2.000000000 2
712 1212 3 8192 2.000000000 2
712 1216 3 8192 2.000000000 2
712 1220 3 8192 2.000000000 2
712 1224 3 8192 2.000000000 2
712 1268 3 8192 2.000000000 2
716 16 3 8192 2.000000000 2
716 20 3 8192 2.000000000 2
716 44 3 8192 2.000000000 2
716 48 3 8192 2.000000000 2
716 88 3 8192 2.000000000 2
716 108 3 8192 2.000000000 2
716 120 3 8192 2.000000000 2
716 144 3 8192 2.000000000 2
716 160 3 8192 2.000000000 2
716 176 3 8192 2.000000000 2
716 220 3 8192 2.000000000 2
716 244 3 8192 2.000000000 2
716 252 3 8192 2.000000000 2
716 256 3 8192 2.000000000 2
716 264 3 8192 2.000000000 2
716 336 3 8192 2.000000000 2
716 376 3 8192 2.000000000 2
716 384 3 8192 2.000000000 2
716 396 3 8192 2.000000000 2
716 400 3 8192 2.000000000 2
716 412 3 8192 2.000000000 2
716 416 3 8192 2.000000000 2
716 460 3 8192 2.000000000 2
716 472 3 8192 2.000000000 2
716 508 3 8192 2.000000000 2
716 516 3 8192 2.000000000 2
716 532 3 8192 2.000000000 2
716 572 3 8192 2.000000000 2
716 592 3 8192 2.000000000 2
716 628 3 8192 2.000000000 2
716 668 3 8192 2.000000000 2
716 680 3 8192 2.000000000 2
716 696 3 8192 2.000000000 2
716 700 3 8192 2.000000000 2
716 732 3 8192 2.000000000 2
716 776 3 8192 2.000000000 2
716 780 3 8192 2.000000000 2
716 824 3 8192 2.000000000 2
716 856 3 8192 2.000000000 2
716 868 3 8192 2.000000000 2
716 888 3 8192 2.000000000 2
716 892 3 8192 2.000000000 2
716 908 3 8192 2.000000000 2
716 912 3 8192 2.000000000 2
716 920 3 8192 2.000000000 2
716 952 3 8192 2.000000000 2
716 972 3 8192 2.000000000 2
716 980 3 8192 2.000000000 2
716 1020 3 8192 2.000000000 2
716 1052 3 8192 2.000000000 2
716 1064 3 8192 2.000000000 2
716 1072 3 8192 2.000000000 2
716 1084 3 8192 2.000000000 2
716 1112 3 8192 2.000000000 2
716 1152 3 8192 2.000000000 2
716 1156 3 8192 2.000000000 2
716 1168 3 8192 2.000000000 2
716 1200 3 8192 2.000000000 2
716 1216 3 8192 2.000000000 2
716 1220 3 8192 2.000000000 2
716 1224 3 8192 2.000000000 2
716 1236 3 8192 2.000000000 2
716 1244 3 8192 2.000000000 2
716 1260 3 8192 2.000000000 2
720 16 3 8192 2.000000000 2
720 40 3 8192 2.000000000 2
720 56 3 8192 2.000000000 2
720 68 3 8192 2.000000000 2
720 80 3 8192 2.000000000 2
720 92 3 8192 2.000000000 2
720 108 3 8192 2.000000000 2
720 204 3 8192 2.000000000 2
720 208 3 8192 2.000000000 2
720 236 3 8192 2.000000000 2
720 248 3 8192 2.000000000 2
720 256 3 8192 2.000000000 2
720 268 3 8192 2.000000000 2
720 296 3 8192 2.000000000 2
720 328 3 8192 2.000000000 2
720 368 3 8192 2.000000000 2
720 372 3 8192 2.000000000 2
720 376 3 8192 2.000000000 2
720 404 3 8192 2.000000000 2
720 412 3 8192 2.000000000 2
720 428 3 8192 2.000000000 2
720 460 3 8192 2.000000000 2
720 468 3 8192 2.000000000 2
720 492 3 8192 2.000000000 2
720 520 3 8192 2.000000000 2
720 596 3 8192 2.000000000 2
720 628 3 8192 2.000000000 2
720 636 3 8192 2.000000000 2
720 688 3 8192 2.000000000 2
720 696 3 8192 2.000000000 2
720 736 3 8192 2.000000000 2
720 784 3 8192 2.000000000 2
720 808 3 8192 2.000000000 2
720 820 3 8192 2.000000000 2
720 824 3 8192 2.000000000 2
720 836 3 8192 2.000000000 2
720 892 3 8192 2.000000000 2
720 912 3 8192 2.000000000 2
720 944 3 8192 2.000000000 2
720 956 3 8192 2.000000000 2
720 968 3 8192 2.000000000 2
720 972 3 8192 2.000000000 2
720 980 3 8192 2.000000000 2
720 996 3 8192 2.000000000 2
720 1012 3 8192 2.000000000 2
720 1020 3 8192 2.000000000 2
720 1024 3 8192 2.000000000 2
720 1048 3 8192 2.000000000 2
720 1052 3 8192 2.000000000 2
720 1092 3 8192 2.000000000 2
720 1096 3 8192 2.000000000 2
720 1116 3 8192 2.000000000 2
720 1128 3 8192 2.000000000 2
720 1136 3 8192 2.000000000 2
720 1140 3 8192 2.000000000 2
720 1148 3 8192 2.000000000 2
720 1168 3 8192 2.000000000 2
720 1184 3 8192 2.000000000 2
720 1196 3 8192 2.000000000 2
720 1204 3 8192 2.000000000 2
720 1212 3 8192 2.000000000 2
720 1216 3 8192 2.000000000 2
720 1244 3 8192 2.000000000 2
720 1272 3 8192 2.000000000 2
724 28 3 8192 2.000000000 2
724 56 3 8192 2.000000000 2
724 64 3 8192 2.000000000 2
724 68 3 8192 2.000000000 2
724 72 3 8192 2.000000000 2
724 80 3 8192 2.000000000 2
724 92 3 8192 2.000000000 2
724 120 3 8192 2.000000000 2
724 172 3 8192 2.000000000 2
724 220 3 8192 2.000000000 2
724 248 3 8192 2.000000000 2
724 264 3 8192 2.000000000 2
724 296 3 8192 2.000000000 2
724 308 3 8192 2.000000000 2
724 312 3 8192 2.000000000 2
724 320 3 8192 2.000000000 2
724 328 3 8192 2.000000000 2
724 332 3 8192 2.000000000 2
724 356 3 8192 2.000000000 2
724 360 3 8192 2.000000000 2
724 372 3 8192 2.000000000 2
724 392 3 8192 2.000000000 2
724 408 3 8192 2.000000000 2
724 416 3 8192 2.000000000 2
724 444 3 8192 2.000000000 2
724 452 3 8192 2.000000000 2
724 496 3 8192 2.000000000 2
724 504 3 8192 2.000000000 2
724 508 3 8192 2.000000000 2
724 528 3 8192 2.000000000 2
724 596 3 8192 2.000000000 2
724 600 3 8192 2.000000000 2
724 608 3 8192 2.000000000 2
724 616 3 8192 2.000000000 2
724 624 3 8192 2.000000000 2
724 648 3 8192 2.000000000 2
724 664 3 8192 2.000000000 2
724 696 3 8192 2.000000000 2
724 808 3 8192 2.000000000 2
724 824 3 8192 2.000000000 2
724 848 3 8192 2.000000000 2
724 864 3 8192 2.000000000 2
724 876 3 8192 2.000000000 2
724 900 3 8192 2.000000000 2
724 920 3 8192 2.000000000 2
724 944 3 8192 2.000000000 2
724 956 3 8192 2.000000000 2
724 968 3 8192 2.000000000 2
724 980 3 8192 2.000000000 2
724 1008 3 8192 2.000000000 2
724 1012 3 8192 2.000000000 2
724 1044 3 8192 2.000000000 2
724 1080 3 8192 2.000000000 2
724 1084 3 8192 2.000000000 2
724 1092 3 8192 2.000000000 2
724 1152 3 8192 2.000000000 2
724 1196 3 8192 2.000000000 2
724 1204 3 8192 2.000000000 2
724 1216 3 8192 2.000000000 2
724 1220 3 8192 2.000000000 2
724 1244 3 8192 2.000000000 2
724 1260 3 8192 2.000000000 2
724 1272 3 8192 2.000000000 2
724 1276 3 8192 2.000000000 2
728 32 3 8192 2.000000000 2
728 68 3 8192 2.000000000 2
728 92 3 8192 2.000000000 2
728 116 3 8192 2.000000000 2
728 124 3 8192 2.000000000 2
728 136 3 8192 2.000000000 2
728 156 3 8192 2.000000000 2
728 196 3 8192 2.000000000 2
728 200 3 8192 2.000000000 2
728 216 3 8192 2.000000000 2
728 224 3 8192 2.000000000 2
728 244 3 8192 2.000000000 2
728 292 3 8192 2.000000000 2
728 308 3 8192 2.000000000 2
728 312 3 8192 2.000000000 2
728 328 3 8192 2.000000000 2
728 332 3 8192 2.000000000 2
728 336 3 8192 2.000000000 2
728 340 3 8192 2.000000000 2
728 356 3 8192 2.000000000 2
728 372 3 8192 2.000000000 2
728 428 3 8192 2.000000000 2
728 472 3 8192 2.000000000 2
728 492 3 8192 2.000000000 2
728 508 3 8192 2.000000000 2
728 536 3 8192 2.000000000 2
728 540 3 8192 2.000000000 2
728 544 3 8192 2.000000000 2
728 568 3 8192 2.000000000 2
728 592 3 8192 2.000000000 2
728 600 3 8192 2.000000000 2
728 676 3 8192 2.000000000 2
728 688 3 8192 2.000000000 2
728 696 3 8192 2.000000000 2
728 716 3 8192 2.000000000 2
728 800 3 8192 2.000000000 2
728 808 3 8192 2.000000000 2
728 876 3 8192 2.000000000 2
728 880 3 8192 2.000000000 2
728 912 3 8192 2.000000000 2
728 952 3 8192 2.000000000 2
728 960 3 8192 2.000000000 2
728 1008 3 8192 2.000000000 2
728 1012 3 8192 2.000000000 2
728 1020 3 8192 2.000000000 2
728 1024 3 8192 2.000000000 2
728 1028 3 8192 2.000000000 2
728 1036 3 8192 2.000000000 2
728 1048 3 8192 2.000000000 2
728 1056 3 8192 2.000000000 2
728 1060 3 8192 2.000000000 2
728 1064 3 8192 2.000000000 2
728 1100 3 8192 2.000000000 2
728 1132 3 8192 2.000000000 2
728 1148 3 8192 2.000000000 2
728 1164 3 8192 2.000000000 2
728 1188 3 8192 2.000000000 2
728 1220 3 8192 2.000000000 2
728 1224 3 8192 2.000000000 2
728 1228 3 8192 2.000000000 2
728 1260 3 8192 2.000000000 2
728 1268 3 8192 2.000000000 2
728 1272 3 8192 2.000000000 2
728 1276 3 8192 2.000000000 2
732 4 3 8192 2.000000000 2
732 20 3 8192 2.000000000 2
732 24 3 8192 2.000000000 2
732 48 3 8192 2.000000000 2
732 68 3 8192 2.000000000 2
732 112 3 8192 2.000000000 2
732 116 3 8192 2.000000000 2
732 124 3 8192 2.000000000 2
732 172 3 8192 2.000000000 2
732 176 3 8192 2.000000000 2
732 196 3 8192 2.000000000 2
732 204 3 8192 2.000000000 2
732 236 3 8192 2.000000000 2
732 248 3 8192 2.000000000 2
732 264 3 8192 2.000000000 2
732 272 3 8192 2.000000000 2
732 308 3 8192 2.000000000 2
732 336 3 8192 2.000000000 2
732 372 3 8192 2.000000000 2
732 396 3 8192 2.000000000 2
732 408 3 8192 2.000000000 2
732 508 3 8192 2.000000000 2
732 516 3 8192 2.000000000 2
732 520 3 8192 2.000000000 2
732 524 3 8192 2.000000000 2
732 532 3 8192 2.000000000 2
732 540 3 8192 2.000000000 2
732 560 3 8192 2.000000000 2
732 564 3 8192 2.000000000 2
732 580 3 8192 2.000000000 2
732 632 3 8192 2.000000000 2
732 664 3 8192 2.000000000 2
732 676 3 8192 2.000000000 2
732 704 3 8192 2.000000000 2
732 708 3 8192 2.000000000 2
732 760 3 8192 2.000000000 2
732 792 3 8192 2.000000000 2
732 824 3 8192 2.000000000 2
732 848 3 8192 2.000000000 2
732 880 3 8192 2.000000000 2
732 888 3 8192 2.000000000 2
732 900 3 8192 2.000000000 2
732 936 3 8192 2.000000000 2
732 952 3 8192 2.000000000 2
732 956 3 8192 2.000000000 2
732 960 3 8192 2.000000000 2
732 972 3 8192 2.000000000 2
732 980 3 8192 2.000000000 2
732 1000 3 8192 2.000000000 2
732 1004 3 8192 2.000000000 2
732 1020 3 8192 2.000000000 2
732 1048 3 8192 2.000000000 2
732 1080 3 8192 2.000000000 2
732 1132 3 8192 2.000000000 2
732 1136 3 8192 2.000000000 2
732 1152 3 8192 2.000000000 2
732 1184 3 8192 2.000000000 2
732 1188 3 8192 2.000000000 2
732 1200 3 8192 2.000000000 2
732 1204 3 8192 2.000000000 2
732 1220 3 8192 2.000000000 2
732 1232 3 8192 2.000000000 2
732 1236 3 8192 2.000000000 2
732 1264 3 8192 2.000000000 2
736 4 3 8192 2.000000000 2
736 12 3 8192 2.000000000 2
736 16 3 8192 2.000000000 2
736 24 3 8192 2.000000000 2
736 28 3 8192 2.000000000 2
736 32 3 8192 2.000000000 2
736 44 3 8192 2.000000000 2
736 48 3 8192 2.000000000 2
736 56 3 8192 2.000000000 2
736 60 3 8192 2.000000000 2
736 92 3 8192 2.000000000 2
736 116 3 8192 2.000000000 2
736 120 3 8192 2.000000000 2
736 156 3 8192 2.000000000 2
736 224 3 8192 2.000000000 2
736 252 3 8192 2.000000000 2
736 276 3 8192 2.000000000 2
736 308 3 8192 2.000000000 2
736 320 3 8192 2.000000000 2
736 324 3 8192 2.000000000 2
736 332 3 8192 2.000000000 2
736 368 3 8192 2.000000000 2
736 376 3 8192 2.000000000 2
736 384 3 8192 2.000000000 2
736 400 3 8192 2.000000000 2
736 404 3 8192 2.000000000 2
736 468 3 8192 2.000000000 2
736 492 3 8192 2.000000000 2
736 532 3 8192 2.000000000 2
736 572 3 8192 2.000000000 2
736 600 3 8192 2.000000000 2
736 608 3 8192 2.000000000 2
736 624 3 8192 2.000000000 2
736 632 3 8192 2.000000000 2
736 652 3 8192 2.000000000 2
736 668 3 8192 2.000000000 2
736 688 3 8192 2.000000000 2
736 708 3 8192 2.000000000 2
736 764 3 8192 2.000000000 2
736 780 3 8192 2.000000000 2
736 864 3 8192 2.000000000 2
736 868 3 8192 2.000000000 2
736 876 3 8192 2.000000000 2
736 892 3 8192 2.000000000 2
736 940 3 8192 2.000000000 2
736 1012 3 8192 2.000000000 2
736 1024 3 8192 2.000000000 2
736 1036 3 8192 2.000000000 2
736 1044 3 8192 2.000000000 2
736 1048 3 8192 2.000000000 2
736 1064 3 8192 2.000000000 2
736 1068 3 8192 2.000000000 2
736 1084 3 8192 2.000000000 2
736 1096 3 8192 2.000000000 2
736 1132 3 8192 2.000000000 2
736 1136 3 8192 2.000000000 2
736 1140 3 8192 2.000000000 2
736 1144 3 8192 2.000000000 2
736 1148 3 8192 2.000000000 2
736 1224 3 8192 2.000000000 2
736 1228 3 8192 2.000000000 2
736 1232 3 8192 2.000000000 2
736 1236 3 8192 2.000000000 2
736 1264 3 8192 2.000000000 2
760 16 3 8192 2.000000000 2
760 40 3 8192 2.000000000 2
760 60 3 8192 2.000000000 2
760 68 3 8192 2.000000000 2
760 88 3 8192 2.000000000 2
760 184 3 8192 2.000000000 2
760 224 3 8192 2.000000000 2
760 240 3 8192 2.000000000 2
760 280 3 8192 2.000000000 2
760 292 3 8192 2.000000000 2
760 296 3 8192 2.000000000 2
760 328 3 8192 2.000000000 2
760 332 3 8192 2.000000000 2
760 336 3 8192 2.000000000 2
760 340 3 8192 2.000000000 2
760 360 3 8192 2.000000000 2
760 388 3 8192 2.000000000 2
760 408 3 8192 2.000000000 2
760 424 3 8192 2.000000000 2
760 428 3 8192 2.000000000 2
760 444 3 8192 2.000000000 2
760 492 3 8192 2.000000000 2
760 500 3 8192 2.000000000 2
760 504 3 8192 2.000000000 2
760 508 3 8192 2.000000000 2
760 520 3 8192 2.000000000 2
760 536 3 8192 2.000000000 2
760 540 3 8192 2.000000000 2
760 580 3 8192 2.000000000 2
760 616 3 8192 2.000000000 2
760 632 3 8192 2.000000000 2
760 636 3 8192 2.000000000 2
760 648 3 8192 2.000000000 2
760 656 3 8192 2.000000000 2
760 676 3 8192 2.000000000 2
760 680 3 8192 2.000000000 2
760 724 3 8192 2.000000000 2
760 736 3 8192 2.000000000 2
760 832 3 8192 2.000000000 2
760 840 3 8192 2.000000000 2
760 848 3 8192 2.000000000 2
760 868 3 8192 2.000000000 2
760 904 3 8192 2.000000000 2
760 916 3 8192 2.000000000 2
760 940 3 8192 2.000000000 2
760 948 3 8192 2.000000000 2
760 960 3 8192 2.000000000 2
760 1000 3 8192 2.000000000 2
760 1028 3 8192 2.000000000 2
760 1044 3 8192 2.000000000 2
760 1048 3 8192 2.000000000 2
760 1072 3 8192 2.000000000 2
760 1088 3 8192 2.000000000 2
760 1092 3 8192 2.000000000 2
760 1096 3 8192 2.000000000 2
760 1100 3 8192 2.000000000 2
760 1120 3 8192 2.000000000 2
760 1144 3 8192 2.000000000 2
760 1152 3 8192 2.000000000 2
760 1172 3 8192 2.000000000 2
760 1192 3 8192 2.000000000 2
760 1200 3 8192 2.000000000 2
760 1204 3 8192 2.000000000 2
760 1272 3 8192 2.000000000 2
764 12 3 8192 2.000000000 2
764 24 3 8192 2.000000000 2
764 44 3 8192 2.000000000 2
764 108 3 8192 2.000000000 2
764 132 3 8192 2.000000000 2
764 184 3 8192 2.000000000 2
764 192 3 8192 2.000000000 2
764 196 3 8192 2.000000000 2
764 200 3 8192 2.000000000 2
764 224 3 8192 2.000000000 2
764 228 3 8192 2.000000000 2
764 240 3 8192 2.000000000 2
764 244 3 8192 2.000000000 2
764 248 3 8192 2.000000000 2
764 272 3 8192 2.000000000 2
764 276 3 8192 2.000000000 2
764 280 3 8192 2.000000000 2
764 312 3 8192 2.000000000 2
764 332 3 8192 2.000000000 2
764 336 3 8192 2.000000000 2
764 352 3 8192 2.000000000 2
764 376 3 8192 2.000000000 2
764 388 3 8192 2.000000000 2
764 412 3 8192 2.000000000 2
764 424 3 8192 2.000000000 2
764 464 3 8192 2.000000000 2
764 468 3 8192 2.000000000 2
764 472 3 8192 2.000000000 2
764 500 3 8192 2.000000000 2
764 516 3 8192 2.000000000 2
764 528 3 8192 2.000000000 2
764 552 3 8192 2.000000000 2
764 588 3 8192 2.000000000 2
764 648 3 8192 2.000000000 2
764 656 3 8192 2.000000000 2
764 700 3 8192 2.000000000 2
764 720 3 8192 2.000000000 2
764 728 3 8192 2.000000000 2
764 792 3 8192 2.000000000 2
764 808 3 8192 2.000000000 2
764 820 3 8192 2.000000000 2
764 840 3 8192 2.000000000 2
764 856 3 8192 2.000000000 2
764 868 3 8192 2.000000000 2
764 880 3 8192 2.000000000 2
764 884 3 8192 2.000000000 2
764 920 3 8192 2.000000000 2
764 936 3 8192 2.000000000 2
764 948 3 8192 2.000000000 2
764 968 3 8192 2.000000000 2
764 1024 3 8192 2.000000000 2
764 1036 3 8192 2.000000000 2
764 1072 3 8192 2.000000000 2
764 1088 3 8192 2.000000000 2
764 1096 3 8192 2.000000000 2
764 1128 3 8192 2.000000000 2
764 1144 3 8192 2.000000000 2
764 1152 3 8192 2.000000000 2
764 1168 3 8192 2.000000000 2
764 1172 3 8192 2.000000000 2
764 1176 3 8192 2.000000000 2
764 1200 3 8192 2.000000000 2
764 1204 3 8192 2.000000000 2
764 1244 3 8192 2.000000000 2
768 4 3 8192 2.000000000 2
768 32 3 8192 2.000000000 2
768 56 3 8192 2.000000000 2
768 148 3 8192 2.000000000 2
768 176 3 8192 2.000000000 2
768 184 3 8192 2.000000000 2
768 212 3 8192 2.000000000 2
768 252 3 8192 2.000000000 2
768 256 3 8192 2.000000000 2
768 272 3 8192 2.000000000 2
768 336 3 8192 2.000000000 2
768 344 3 8192 2.000000000 2
768 352 3 8192 2.000000000 2
768 356 3 8192 2.000000000 2
768 384 3 8192 2.000000000 2
768 388 3 8192 2.000000000 2
768 464 3 8192 2.000000000 2
768 472 3 8192 2.000000000 2
768 492 3 8192 2.000000000 2
768 520 3 8192 2.000000000 2
768 540 3 8192 2.000000000 2
768 580 3 8192 2.000000000 2
768 588 3 8192 2.000000000 2
768 592 3 8192 2.000000000 2
768 600 3 8192 2.000000000 2
768 620 3 8192 2.000000000 2
768 624 3 8192 2.000000000 2
768 632 3 8192 2.000000000 2
768 656 3 8192 2.000000000 2
768 668 3 8192 2.000000000 2
768 688 3 8192 2.000000000 2
768 692 3 8192 2.000000000 2
768 700 3 8192 2.000000000 2
768 708 3 8192 2.000000000 2
768 724 3 8192 2.000000000 2
768 728 3 8192 2.000000000 2
768 732 3 8192 2.000000000 2
768 760 3 8192 2.000000000 2
768 812 3 8192 2.000000000 2
768 832 3 8192 2.000000000 2
768 876 3 8192 2.000000000 2
768 884 3 8192 2.000000000 2
768 888 3 8192 2.000000000 2
768 908 3 8192 2.000000000 2
768 912 3 8192 2.000000000 2
768 952 3 8192 2.000000000 2
768 956 3 8192 2.000000000 2
768 968 3 8192 2.000000000 2
768 1012 3 8192 2.000000000 2
768 1020 3 8192 2.000000000 2
768 1032 3 8192 2.000000000 2
768 1068 3 8192 2.000000000 2
768 1072 3 8192 2.000000000 2
768 1088 3 8192 2.000000000 2
768 1096 3 8192 2.000000000 2
768 1116 3 8192 2.000000000 2
768 1156 3 8192 2.000000000 2
768 1168 3 8192 2.000000000 2
768 1172 3 8192 2.000000000 2
768 1192 3 8192 2.000000000 2
768 1204 3 8192 2.000000000 2
768 1236 3 8192 2.000000000 2
768 1268 3 8192 2.000000000 2
768 1276 3 8192 2.000000000 2
776 16 3 8192 2.000000000 2
776 40 3 8192 2.000000000 2
776 44 3 8192 2.000000000 2
776 48 3 8192 2.000000000 2
776 60 3 8192 2.000000000 2
776 72 3 8192 2.000000000 2
776 100 3 8192 2.000000000 2
776 108 3 8192 2.000000000 2
776 112 3 8192 2.000000000 2
776 116 3 8192 2.000000000 2
776 124 3 8192 2.000000000 2
776 144 3 8192 2.000000000 2
776 148 3 8192 2.000000000 2
776 188 3 8192 2.000000000 2
776 192 3 8192 2.000000000 2
776 196 3 8192 2.000000000 2
776 200 3 8192 2.000000000 2
776 216 3 8192 2.000000000 2
776 268 3 8192 2.000000000 2
776 272 3 8192 2.000000000 2
776 292 3 8192 2.000000000 2
776 312 3 8192 2.000000000 2
776 328 3 8192 2.000000000 2
776 340 3 8192 2.000000000 2
776 352 3 8192 2.000000000 2
776 388 3 8192 2.000000000 2
776 440 3 8192 2.000000000 2
776 492 3 8192 2.000000000 2
776 496 3 8192 2.000000000 2
776 500 3 8192 2.000000000 2
776 504 3 8192 2.000000000 2
776 520 3 8192 2.000000000 2
776 528 3 8192 2.000000000 2
776 536 3 8192 2.000000000 2
776 540 3 8192 2.000000000 2
776 564 3 8192 2.000000000 2
776 568 3 8192 2.000000000 2
776 580 3 8192 2.000000000 2
776 648 3 8192 2.000000000 2
776 708 3 8192 2.000000000 2
776 712 3 8192 2.000000000 2
776 780 3 8192 2.000000000 2
776 832 3 8192 2.000000000 2
776 868 3 8192 2.000000000 2
776 920 3 8192 2.000000000 2
776 936 3 8192 2.000000000 2
776 944 3 8192 2.000000000 2
776 956 3 8192 2.000000000 2
776 1028 3 8192 2.000000000 2
776 1032 3 8192 2.000000000 2
776 1048 3 8192 2.000000000 2
776 1060 3 8192 2.000000000 2
776 1064 3 8192 2.000000000 2
776 1068 3 8192 2.000000000 2
776 1080 3 8192 2.000000000 2
776 1092 3 8192 2.000000000 2
776 1132 3 8192 2.000000000 2
776 1192 3 8192 2.000000000 2
776 1196 3 8192 2.000000000 2
776 1236 3 8192 2.000000000 2
776 1244 3 8192 2.000000000 2
776 1260 3 8192 2.000000000 2
776 1268 3 8192 2.000000000 2
776 1276 3 8192 2.000000000 2
780 12 3 8192 2.000000000 2
780 20 3 8192 2.000000000 2
780 60 3 8192 2.000000000 2
780 68 3 8192 2.000000000 2
780 72 3 8192 2.000000000 2
780 104 3 8192 2.000000000 2
780 112 3 8192 2.000000000 2
780 132 3 8192 2.000000000 2
780 136 3 8192 2.000000000 2
780 140 3 8192 2.000000000 2
780 176 3 8192 2.000000000 2
780 220 3 8192 2.000000000 2
780 240 3 8192 2.000000000 2
780 272 3 8192 2.000000000 2
780 276 3 8192 2.000000000 2
780 292 3 8192 2.000000000 2
780 308 3 8192 2.000000000 2
780 356 3 8192 2.000000000 2
780 400 3 8192 2.000000000 2
780 428 3 8192 2.000000000 2
780 448 3 8192 2.000000000 2
780 472 3 8192 2.000000000 2
780 492 3 8192 2.000000000 2
780 496 3 8192 2.000000000 2
780 504 3 8192 2.000000000 2
780 536 3 8192 2.000000000 2
780 540 3 8192 2.000000000 2
780 572 3 8192 2.000000000 2
780 592 3 8192 2.000000000 2
780 596 3 8192 2.000000000 2
780 636 3 8192 2.000000000 2
780 664 3 8192 2.000000000 2
780 668 3 8192 2.000000000 2
780 712 3 8192 2.000000000 2
780 728 3 8192 2.000000000 2
780 844 3 8192 2.000000000 2
780 848 3 8192 2.000000000 2
780 856 3 8192 2.000000000 2
780 860 3 8192 2.000000000 2
780 884 3 8192 2.000000000 2
780 908 3 8192 2.000000000 2
780 928 3 8192 2.000000000 2
780 936 3 8192 2.000000000 2
780 976 3 8192 2.000000000 2
780 980 3 8192 2.000000000 2
780 1000 3 8192 2.000000000 2
780 1024 3 8192 2.000000000 2
780 1044 3 8192 2.000000000 2
780 1048 3 8192 2.000000000 2
780 1072 3 8192 2.000000000 2
780 1092 3 8192 2.000000000 2
780 1112 3 8192 2.000000000 2
780 1116 3 8192 2.000000000 2
780 1132 3 8192 2.000000000 2
780 1144 3 8192 2.000000000 2
780 1172 3 8192 2.000000000 2
780 1176 3 8192 2.000000000 2
780 1188 3 8192 2.000000000 2
780 1204 3 8192 2.000000000 2
780 1228 3 8192 2.000000000 2
780 1232 3 8192 2.000000000 2
780 1244 3 8192 2.000000000 2
780 1268 3 8192 2.000000000 2
780 1276 3 8192 2.000000000 2
784 4 3 8192 2.000000000 2
784 44 3 8192 2.000000000 2
784 56 3 8192 2.000000000 2
784 104 3 8192 2.000000000 2
784 108 3 8192 2.000000000 2
784 124 3 8192 2.000000000 2
784 172 3 8192 2.000000000 2
784 180 3 8192 2.000000000 2
784 200 3 8192 2.000000000 2
784 224 3 8192 2.000000000 2
784 228 3 8192 2.000000000 2
784 244 3 8192 2.000000000 2
784 256 3 8192 2.000000000 2
784 268 3 8192 2.000000000 2
784 272 3 8192 2.000000000 2
784 296 3 8192 2.000000000 2
784 352 3 8192 2.000000000 2
784 360 3 8192 2.000000000 2
784 408 3 8192 2.000000000 2
784 424 3 8192 2.000000000 2
784 428 3 8192 2.000000000 2
784 456 3 8192 2.000000000 2
784 468 3 8192 2.000000000 2
784 500 3 8192 2.000000000 2
784 524 3 8192 2.000000000 2
784 528 3 8192 2.000000000 2
784 532 3 8192 2.000000000 2
784 600 3 8192 2.000000000 2
784 620 3 8192 2.000000000 2
784 628 3 8192 2.000000000 2
784 648 3 8192 2.000000000 2
784 660 3 8192 2.000000000 2
784 668 3 8192 2.000000000 2
784 692 3 8192 2.000000000 2
784 700 3 8192 2.000000000 2
784 708 3 8192 2.000000000 2
784 760 3 8192 2.000000000 2
784 836 3 8192 2.000000000 2
784 864 3 8192 2.000000000 2
784 876 3 8192 2.000000000 2
784 904 3 8192 2.000000000 2
784 908 3 8192 2.000000000 2
784 920 3 8192 2.000000000 2
784 936 3 8192 2.000000000 2
784 948 3 8192 2.000000000 2
784 972 3 8192 2.000000000 2
784 976 3 8192 2.000000000 2
784 984 3 8192 2.000000000 2
784 988 3 8192 2.000000000 2
784 1028 3 8192 2.000000000 2
784 1080 3 8192 2.000000000 2
784 1112 3 8192 2.000000000 2
784 1132 3 8192 2.000000000 2
784 1140 3 8192 2.000000000 2
784 1144 3 8192 2.000000000 2
784 1148 3 8192 2.000000000 2
784 1160 3 8192 2.000000000 2
784 1164 3 8192 2.000000000 2
784 1168 3 8192 2.000000000 2
784 1184 3 8192 2.000000000 2
784 1204 3 8192 2.000000000 2
784 1236 3 8192 2.000000000 2
784 1264 3 8192 2.000000000 2
784 1268 3 8192 2.000000000 2
788 12 3 8192 2.000000000 2
788 16 3 8192 2.000000000 2
788 44 3 8192 2.000000000 2
788 132 3 8192 2.000000000 2
788 148 3 8192 2.000000000 2
788 156 3 8192 2.000000000 2
788 172 3 8192 2.000000000 2
788 188 3 8192 2.000000000 2
788 192 3 8192 2.000000000 2
788 196 3 8192 2.000000000 2
788 208 3 8192 2.000000000 2
788 212 3 8192 2.000000000 2
788 216 3 8192 2.000000000 2
788 228 3 8192 2.000000000 2
788 244 3 8192 2.000000000 2
788 252 3 8192 2.000000000 2
788 264 3 8192 2.000000000 2
788 292 3 8192 2.000000000 2
788 296 3 8192 2.000000000 2
788 328 3 8192 2.000000000 2
788 360 3 8192 2.000000000 2
788 388 3 8192 2.000000000 2
788 416 3 8192 2.000000000 2
788 444 3 8192 2.000000000 2
788 456 3 8192 2.000000000 2
788 472 3 8192 2.000000000 2
788 508 3 8192 2.000000000 2
788 544 3 8192 2.000000000 2
788 568 3 8192 2.000000000 2
788 596 3 8192 2.000000000 2
788 616 3 8192 2.000000000 2
788 628 3 8192 2.000000000 2
788 656 3 8192 2.000000000 2
788 668 3 8192 2.000000000 2
788 680 3 8192 2.000000000 2
788 708 3 8192 2.000000000 2
788 764 3 8192 2.000000000 2
788 800 3 8192 2.000000000 2
788 824 3 8192 2.000000000 2
788 832 3 8192 2.000000000 2
788 844 3 8192 2.000000000 2
788 876 3 8192 2.000000000 2
788 880 3 8192 2.000000000 2
788 900 3 8192 2.000000000 2
788 916 3 8192 2.000000000 2
788 928 3 8192 2.000000000 2
788 952 3 8192 2.000000000 2
788 968 3 8192 2.000000000 2
788 988 3 8192 2.000000000 2
788 1000 3 8192 2.000000000 2
788 1020 3 8192 2.000000000 2
788 1024 3 8192 2.000000000 2
788 1028 3 8192 2.000000000 2
788 1112 3 8192 2.000000000 2
788 1116 3 8192 2.000000000 2
788 1132 3 8192 2.000000000 2
788 1140 3 8192 2.000000000 2
788 1148 3 8192 2.000000000 2
788 1160 3 8192 2.000000000 2
788 1164 3 8192 2.000000000 2
788 1232 3 8192 2.000000000 2
788 1236 3 8192 2.000000000 2
788 1264 3 8192 2.000000000 2
788 1268 3 8192 2.000000000 2
792 4 3 8192 2.000000000 2
792 28 3 8192 2.000000000 2
792 40 3 8192 2.000000000 2
792 44 3 8192 2.000000000 2
792 80 3 8192 2.000000000 2
792 100 3 8192 2.000000000 2
792 104 3 8192 2.000000000 2
792 112 3 8192 2.000000000 2
792 132 3 8192 2.000000000 2
792 136 3 8192 2.000000000 2
792 148 3 8192 2.000000000 2
792 160 3 8192 2.000000000 2
792 172 3 8192 2.000000000 2
792 200 3 8192 2.000000000 2
792 204 3 8192 2.000000000 2
792 208 3 8192 2.000000000 2
792 272 3 8192 2.000000000 2
792 316 3 8192 2.000000000 2
792 328 3 8192 2.000000000 2
792 336 3 8192 2.000000000 2
792 372 3 8192 2.000000000 2
792 404 3 8192 2.000000000 2
792 412 3 8192 2.000000000 2
792 444 3 8192 2.000000000 2
792 456 3 8192 2.000000000 2
792 496 3 8192 2.000000000 2
792 508 3 8192 2.000000000 2
792 524 3 8192 2.000000000 2
792 600 3 8192 2.000000000 2
792 608 3 8192 2.000000000 2
792 616 3 8192 2.000000000 2
792 624 3 8192 2.000000000 2
792 636 3 8192 2.000000000 2
792 668 3 8192 2.000000000 2
792 696 3 8192 2.000000000 2
792 708 3 8192 2.000000000 2
792 716 3 8192 2.000000000 2
792 724 3 8192 2.000000000 2
792 760 3 8192 2.000000000 2
792 784 3 8192 2.000000000 2
792 788 3 8192 2.000000000 2
792 836 3 8192 2.000000000 2
792 860 3 8192 2.000000000 2
792 880 3 8192 2.000000000 2
792 884 3 8192 2.000000000 2
792 912 3 8192 2.000000000 2
792 944 3 8192 2.000000000 2
792 968 3 8192 2.000000000 2
792 972 3 8192 2.000000000 2
792 976 3 8192 2.000000000 2
792 1020 3 8192 2.000000000 2
792 1060 3 8192 2.000000000 2
792 1072 3 8192 2.000000000 2
792 1092 3 8192 2.000000000 2
792 1096 3 8192 2.000000000 2
792 1100 3 8192 2.000000000 2
792 1120 3 8192 2.000000000 2
792 1136 3 8192 2.000000000 2
792 1156 3 8192 2.000000000 2
792 1172 3 8192 2.000000000 2
792 1192 3 8192 2.000000000 2
792 1220 3 8192 2.000000000 2
792 1260 3 8192 2.000000000 2
792 1264 3 8192 2.000000000 2
800 4 3 8192 2.000000000 2
800 64 3 8192 2.000000000 2
800 68 3 8192 2.000000000 2
800 100 3 8192 2.000000000 2
800 116 3 8192 2.000000000 2
800 124 3 8192 2.000000000 2
800 144 3 8192 2.000000000 2
800 148 3 8192 2.000000000 2
800 156 3 8192 2.000000000 2
800 172 3 8192 2.000000000 2
800 188 3 8192 2.000000000 2
800 212 3 8192 2.000000000 2
800 240 3 8192 2.000000000 2
800 256 3 8192 2.000000000 2
800 276 3 8192 2.000000000 2
800 296 3 8192 2.000000000 2
800 312 3 8192 2.000000000 2
800 356 3 8192 2.000000000 2
800 372 3 8192 2.000000000 2
800 396 3 8192 2.000000000 2
800 448 3 8192 2.000000000 2
800 456 3 8192 2.000000000 2
800 460 3 8192 2.000000000 2
800 500 3 8192 2.000000000 2
800 544 3 8192 2.000000000 2
800 560 3 8192 2.000000000 2
800 608 3 8192 2.000000000 2
800 616 3 8192 2.000000000 2
800 620 3 8192 2.000000000 2
800 632 3 8192 2.000000000 2
800 664 3 8192 2.000000000 2
800 720 3 8192 2.000000000 2
800 724 3 8192 2.000000000 2
800 728 3 8192 2.000000000 2
800 776 3 8192 2.000000000 2
800 792 3 8192 2.000000000 2
800 812 3 8192 2.000000000 2
800 832 3 8192 2.000000000 2
800 848 3 8192 2.000000000 2
800 860 3 8192 2.000000000 2
800 904 3 8192 2.000000000 2
800 916 3 8192 2.000000000 2
800 940 3 8192 2.000000000 2
800 948 3 8192 2.000000000 2
800 968 3 8192 2.000000000 2
800 972 3 8192 2.000000000 2
800 984 3 8192 2.000000000 2
800 1020 3 8192 2.000000000 2
800 1028 3 8192 2.000000000 2
800 1036 3 8192 2.000000000 2
800 1044 3 8192 2.000000000 2
800 1068 3 8192 2.000000000 2
800 1096 3 8192 2.000000000 2
800 1100 3 8192 2.000000000 2
800 1120 3 8192 2.000000000 2
800 1136 3 8192 2.000000000 2
800 1140 3 8192 2.000000000 2
800 1152 3 8192 2.000000000 2
800 1188 3 8192 2.000000000 2
800 1192 3 8192 2.000000000 2
800 1200 3 8192 2.000000000 2
800 1212 3 8192 2.000000000 2
800 1224 3 8192 2.000000000 2
800 1244 3 8192 2.000000000 2
808 4 3 8192 2.000000000 2
808 12 3 8192 2.000000000 2
808 40 3 8192 2.000000000 2
808 64 3 8192 2.000000000 2
808 88 3 8192 2.000000000 2
808 92 3 8192 2.000000000 2
808 108 3 8192 2.000000000 2
808 112 3 8192 2.000000000 2
808 124 3 8192 2.000000000 2
808 136 3 8192 2.000000000 2
808 148 3 8192 2.000000000 2
808 160 3 8192 2.000000000 2
808 172 3 8192 2.000000000 2
808 180 3 8192 2.000000000 2
808 204 3 8192 2.000000000 2
808 208 3 8192 2.000000000 2
808 280 3 8192 2.000000000 2
808 292 3 8192 2.000000000 2
808 376 3 8192 2.000000000 2
808 452 3 8192 2.000000000 2
808 460 3 8192 2.000000000 2
808 468 3 8192 2.000000000 2
808 504 3 8192 2.000000000 2
808 508 3 8192 2.000000000 2
808 516 3 8192 2.000000000 2
808 528 3 8192 2.000000000 2
808 532 3 8192 2.000000000 2
808 544 3 8192 2.000000000 2
808 580 3 8192 2.000000000 2
808 592 3 8192 2.000000000 2
808 608 3 8192 2.000000000 2
808 616 3 8192 2.000000000 2
808 620 3 8192 2.000000000 2
808 636 3 8192 2.000000000 2
808 648 3 8192 2.000000000 2
808 664 3 8192 2.000000000 2
808 680 3 8192 2.000000000 2
808 692 3 8192 2.000000000 2
808 704 3 8192 2.000000000 2
808 720 3 8192 2.000000000 2
808 760 3 8192 2.000000000 2
808 792 3 8192 2.000000000 2
808 800 3 8192 2.000000000 2
808 812 3 8192 2.000000000 2
808 820 3 8192 2.000000000 2
808 844 3 8192 2.000000000 2
808 856 3 8192 2.000000000 2
808 860 3 8192 2.000000000 2
808 868 3 8192 2.000000000 2
808 928 3 8192 2.000000000 2
808 944 3 8192 2.000000000 2
808 960 3 8192 2.000000000 2
808 972 3 8192 2.000000000 2
808 1000 3 8192 2.000000000 2
808 1048 3 8192 2.000000000 2
808 1060 3 8192 2.000000000 2
808 1068 3 8192 2.000000000 2
808 1080 3 8192 2.000000000 2
808 1084 3 8192 2.000000000 2
808 1088 3 8192 2.000000000 2
808 1192 3 8192 2.000000000 2
808 1224 3 8192 2.000000000 2
808 1244 3 8192 2.000000000 2
808 1272 3 8192 2.000000000 2
812 44 3 8192 2.000000000 2
812 56 3 8192 2.000000000 2
812 64 3 8192 2.000000000 2
812 72 3 8192 2.000000000 2
812 88 3 8192 2.000000000 2
812 104 3 8192 2.000000000 2
812 124 3 8192 2.000000000 2
812 132 3 8192 2.000000000 2
812 160 3 8192 2.000000000 2
812 180 3 8192 2.000000000 2
812 196 3 8192 2.000000000 2
812 200 3 8192 2.000000000 2
812 216 3 8192 2.000000000 2
812 240 3 8192 2.000000000 2
812 248 3 8192 2.000000000 2
812 264 3 8192 2.000000000 2
812 268 3 8192 2.000000000 2
812 280 3 8192 2.000000000 2
812 344 3 8192 2.000000000 2
812 368 3 8192 2.000000000 2
812 412 3 8192 2.000000000 2
812 508 3 8192 2.000000000 2
812 516 3 8192 2.000000000 2
812 524 3 8192 2.000000000 2
812 536 3 8192 2.000000000 2
812 548 3 8192 2.000000000 2
812 564 3 8192 2.000000000 2
812 568 3 8192 2.000000000 2
812 572 3 8192 2.000000000 2
812 588 3 8192 2.000000000 2
812 620 3 8192 2.000000000 2
812 660 3 8192 2.000000000 2
812 704 3 8192 2.000000000 2
812 712 3 8192 2.000000000 2
812 736 3 8192 2.000000000 2
812 768 3 8192 2.000000000 2
812 780 3 8192 2.000000000 2
812 820 3 8192 2.000000000 2
812 848 3 8192 2.000000000 2
812 856 3 8192 2.000000000 2
812 876 3 8192 2.000000000 2
812 880 3 8192 2.000000000 2
812 892 3 8192 2.000000000 2
812 900 3 8192 2.000000000 2
812 904 3 8192 2.000000000 2
812 920 3 8192 2.000000000 2
812 944 3 8192 2.000000000 2
812 1004 3 8192 2.000000000 2
812 1020 3 8192 2.000000000 2
812 1024 3 8192 2.000000000 2
812 1036 3 8192 2.000000000 2
812 1048 3 8192 2.000000000 2
812 1060 3 8192 2.000000000 2
812 1096 3 8192 2.000000000 2
812 1128 3 8192 2.000000000 2
812 1136 3 8192 2.000000000 2
812 1148 3 8192 2.000000000 2
812 1192 3 8192 2.000000000 2
812 1196 3 8192 2.000000000 2
812 1212 3 8192 2.000000000 2
812 1228 3 8192 2.000000000 2
812 1236 3 8192 2.000000000 2
812 1264 3 8192 2.000000000 2
812 1268 3 8192 2.000000000 2
820 8 3 8192 2.000000000 2
820 32 3 8192 2.000000000 2
820 40 3 8192 2.000000000 2
820 48 3 8192 2.000000000 2
820 56 3 8192 2.000000000 2
820 64 3 8192 2.000000000 2
820 112 3 8192 2.000000000 2
820 160 3 8192 2.000000000 2
820 188 3 8192 2.000000000 2
820 192 3 8192 2.000000000 2
820 216 3 8192 2.000000000 2
820 224 3 8192 2.000000000 2
820 252 3 8192 2.000000000 2
820 264 3 8192 2.000000000 2
820 280 3 8192 2.000000000 2
820 392 3 8192 2.000000000 2
820 452 3 8192 2.000000000 2
820 456 3 8192 2.000000000 2
820 496 3 8192 2.000000000 2
820 504 3 8192 2.000000000 2
820 544 3 8192 2.000000000 2
820 560 3 8192 2.000000000 2
820 596 3 8192 2.000000000 2
820 608 3 8192 2.000000000 2
820 656 3 8192 2.000000000 2
820 688 3 8192 2.000000000 2
820 696 3 8192 2.000000000 2
820 716 3 8192 2.000000000 2
820 720 3 8192 2.000000000 2
820 724 3 8192 2.000000000 2
820 768 3 8192 2.000000000 2
820 776 3 8192 2.000000000 2
820 780 3 8192 2.000000000 2
820 792 3 8192 2.000000000 2
820 840 3 8192 2.000000000 2
820 848 3 8192 2.000000000 2
820 860 3 8192 2.000000000 2
820 864 3 8192 2.000000000 2
820 880 3 8192 2.000000000 2
820 888 3 8192 2.000000000 2
820 904 3 8192 2.000000000 2
820 920 3 8192 2.000000000 2
820 936 3 8192 2.000000000 2
820 944 3 8192 2.000000000 2
820 952 3 8192 2.000000000 2
820 968 3 8192 2.000000000 2
820 972 3 8192 2.000000000 2
820 1000 3 8192 2.000000000 2
820 1008 3 8192 2.000000000 2
820 1020 3 8192 2.000000000 2
820 1044 3 8192 2.000000000 2
820 1056 3 8192 2.000000000 2
820 1060 3 8192 2.000000000 2
820 1112 3 8192 2.000000000 2
820 1128 3 8192 2.000000000 2
820 1136 3 8192 2.000000000 2
820 1140 3 8192 2.000000000 2
820 1148 3 8192 2.000000000 2
820 1160 3 8192 2.000000000 2
820 1184 3 8192 2.000000000 2
820 1216 3 8192 2.000000000 2
820 1232 3 8192 2.000000000 2
820 1244 3 8192 2.000000000 2
820 1260 3 8192 2.000000000 2
824 32 3 8192 2.000000000 2
824 44 3 8192 2.000000000 2
824 48 3 8192 2.000000000 2
824 100 3 8192 2.000000000 2
824 112 3 8192 2.000000000 2
824 160 3 8192 2.000000000 2
824 180 3 8192 2.000000000 2
824 212 3 8192 2.000000000 2
824 216 3 8192 2.000000000 2
824 264 3 8192 2.000000000 2
824 268 3 8192 2.000000000 2
824 272 3 8192 2.000000000 2
824 292 3 8192 2.000000000 2
824 296 3 8192 2.000000000 2
824 356 3 8192 2.000000000 2
824 384 3 8192 2.000000000 2
824 396 3 8192 2.000000000 2
824 400 3 8192 2.000000000 2
824 408 3 8192 2.000000000 2
824 424 3 8192 2.000000000 2
824 460 3 8192 2.000000000 2
824 496 3 8192 2.000000000 2
824 504 3 8192 2.000000000 2
824 528 3 8192 2.000000000 2
824 536 3 8192 2.000000000 2
824 540 3 8192 2.000000000 2
824 544 3 8192 2.000000000 2
824 548 3 8192 2.000000000 2
824 552 3 8192 2.000000000 2
824 560 3 8192 2.000000000 2
824 564 3 8192 2.000000000 2
824 568 3 8192 2.000000000 2
824 588 3 8192 2.000000000 2
824 608 3 8192 2.000000000 2
824 628 3 8192 2.000000000 2
824 688 3 8192 2.000000000 2
824 692 3 8192 2.000000000 2
824 696 3 8192 2.000000000 2
824 708 3 8192 2.000000000 2
824 712 3 8192 2.000000000 2
824 728 3 8192 2.000000000 2
824 736 3 8192 2.000000000 2
824 760 3 8192 2.000000000 2
824 764 3 8192 2.000000000 2
824 808 3 8192 2.000000000 2
824 832 3 8192 2.000000000 2
824 864 3 8192 2.000000000 2
824 916 3 8192 2.000000000 2
824 940 3 8192 2.000000000 2
824 944 3 8192 2.000000000 2
824 968 3 8192 2.000000000 2
824 972 3 8192 2.000000000 2
824 984 3 8192 2.000000000 2
824 988 3 8192 2.000000000 2
824 1012 3 8192 2.000000000 2
824 1020 3 8192 2.000000000 2
824 1068 3 8192 2.000000000 2
824 1080 3 8192 2.000000000 2
824 1088 3 8192 2.000000000 2
824 1144 3 8192 2.000000000 2
824 1160 3 8192 2.000000000 2
824 1204 3 8192 2.000000000 2
824 1212 3 8192 2.000000000 2
824 1244 3 8192 2.000000000 2
832 4 3 8192 2.000000000 2
832 40 3 8192 2.000000000 2
832 44 3 8192 2.000000000 2
832 48 3 8192 2.000000000 2
832 92 3 8192 2.000000000 2
832 104 3 8192 2.000000000 2
832 124 3 8192 2.000000000 2
832 156 3 8192 2.000000000 2
832 208 3 8192 2.000000000 2
832 220 3 8192 2.000000000 2
832 228 3 8192 2.000000000 2
832 256 3 8192 2.000000000 2
832 264 3 8192 2.000000000 2
832 280 3 8192 2.000000000 2
832 292 3 8192 2.000000000 2
832 312 3 8192 2.000000000 2
832 324 3 8192 2.000000000 2
832 360 3 8192 2.000000000 2
832 376 3 8192 2.000000000 2
832 384 3 8192 2.000000000 2
832 392 3 8192 2.000000000 2
832 416 3 8192 2.000000000 2
832 428 3 8192 2.000000000 2
832 452 3 8192 2.000000000 2
832 456 3 8192 2.000000000 2
832 528 3 8192 2.000000000 2
832 532 3 8192 2.000000000 2
832 568 3 8192 2.000000000 2
832 572 3 8192 2.000000000 2
832 588 3 8192 2.000000000 2
832 596 3 8192 2.000000000 2
832 624 3 8192 2.000000000 2
832 628 3 8192 2.000000000 2
832 636 3 8192 2.000000000 2
832 680 3 8192 2.000000000 2
832 696 3 8192 2.000000000 2
832 704 3 8192 2.000000000 2
832 708 3 8192 2.000000000 2
832 712 3 8192 2.000000000 2
832 736 3 8192 2.000000000 2
832 760 3 8192 2.000000000 2
832 768 3 8192 2.000000000 2
832 788 3 8192 2.000000000 2
832 840 3 8192 2.000000000 2
832 856 3 8192 2.000000000 2
832 948 3 8192 2.000000000 2
832 952 3 8192 2.000000000 2
832 976 3 8192 2.000000000 2
832 988 3 8192 2.000000000 2
832 1004 3 8192 2.000000000 2
832 1008 3 8192 2.000000000 2
832 1012 3 8192 2.000000000 2
832 1036 3 8192 2.000000000 2
832 1048 3 8192 2.000000000 2
832 1096 3 8192 2.000000000 2
832 1160 3 8192 2.000000000 2
832 1168 3 8192 2.000000000 2
832 1176 3 8192 2.000000000 2
832 1188 3 8192 2.000000000 2
832 1192 3 8192 2.000000000 2
832 1216 3 8192 2.000000000 2
832 1220 3 8192 2.000000000 2
832 1236 3 8192 2.000000000 2
832 1272 3 8192 2.000000000 2
836 4 3 8192 2.000000000 2
836 12 3 8192 2.000000000 2
836 16 3 8192 2.000000000 2
836 32 3 8192 2.000000000 2
836 40 3 8192 2.000000000 2
836 56 3 8192 2.000000000 2
836 88 3 8192 2.000000000 2
836 104 3 8192 2.000000000 2
836 136 3 8192 2.000000000 2
836 140 3 8192 2.000000000 2
836 156 3 8192 2.000000000 2
836 160 3 8192 2.000000000 2
836 172 3 8192 2.000000000 2
836 188 3 8192 2.000000000 2
836 192 3 8192 2.000000000 2
836 204 3 8192 2.000000000 2
836 208 3 8192 2.000000000 2
836 316 3 8192 2.000000000 2
836 320 3 8192 2.000000000 2
836 352 3 8192 2.000000000 2
836 392 3 8192 2.000000000 2
836 444 3 8192 2.000000000 2
836 452 3 8192 2.000000000 2
836 460 3 8192 2.000000000 2
836 500 3 8192 2.000000000 2
836 528 3 8192 2.000000000 2
836 536 3 8192 2.000000000 2
836 544 3 8192 2.000000000 2
836 548 3 8192 2.000000000 2
836 560 3 8192 2.000000000 2
836 588 3 8192 2.000000000 2
836 620 3 8192 2.000000000 2
836 624 3 8192 2.000000000 2
836 632 3 8192 2.000000000 2
836 648 3 8192 2.000000000 2
836 656 3 8192 2.000000000 2
836 688 3 8192 2.000000000 2
836 692 3 8192 2.000000000 2
836 716 3 8192 2.000000000 2
836 724 3 8192 2.000000000 2
836 812 3 8192 2.000000000 2
836 848 3 8192 2.000000000 2
836 864 3 8192 2.000000000 2
836 928 3 8192 2.000000000 2
836 948 3 8192 2.000000000 2
836 952 3 8192 2.000000000 2
836 956 3 8192 2.000000000 2
836 984 3 8192 2.000000000 2
836 1024 3 8192 2.000000000 2
836 1048 3 8192 2.000000000 2
836 1060 3 8192 2.000000000 2
836 1096 3 8192 2.000000000 2
836 1100 3 8192 2.000000000 2
836 1140 3 8192 2.000000000 2
836 1144 3 8192 2.000000000 2
836 1192 3 8192 2.000000000 2
836 1212 3 8192 2.000000000 2
836 1220 3 8192 2.000000000 2
836 1224 3 8192 2.000000000 2
836 1228 3 8192 2.000000000 2
836 1232 3 8192 2.000000000 2
836 1236 3 8192 2.000000000 2
836 1260 3 8192 2.000000000 2
836 1268 3 8192 2.000000000 2
840 16 3 8192 2.000000000 2
840 44 3 8192 2.000000000 2
840 60 3 8192 2.000000000 2
840 72 3 8192 2.000000000 2
840 80 3 8192 2.000000000 2
840 88 3 8192 2.000000000 2
840 156 3 8192 2.000000000 2
840 172 3 8192 2.000000000 2
840 176 3 8192 2.000000000 2
840 188 3 8192 2.000000000 2
840 224 3 8192 2.000000000 2
840 228 3 8192 2.000000000 2
840 264 3 8192 2.000000000 2
840 292 3 8192 2.000000000 2
840 320 3 8192 2.000000000 2
840 368 3 8192 2.000000000 2
840 384 3 8192 2.000000000 2
840 396 3 8192 2.000000000 2
840 404 3 8192 2.000000000 2
840 408 3 8192 2.000000000 2
840 424 3 8192 2.000000000 2
840 448 3 8192 2.000000000 2
840 456 3 8192 2.000000000 2
840 464 3 8192 2.000000000 2
840 492 3 8192 2.000000000 2
840 508 3 8192 2.000000000 2
840 528 3 8192 2.000000000 2
840 536 3 8192 2.000000000 2
840 596 3 8192 2.000000000 2
840 668 3 8192 2.000000000 2
840 676 3 8192 2.000000000 2
840 712 3 8192 2.000000000 2
840 728 3 8192 2.000000000 2
840 736 3 8192 2.000000000 2
840 776 3 8192 2.000000000 2
840 784 3 8192 2.000000000 2
840 788 3 8192 2.000000000 2
840 792 3 8192 2.000000000 2
840 808 3 8192 2.000000000 2
840 812 3 8192 2.000000000 2
840 844 3 8192 2.000000000 2
840 856 3 8192 2.000000000 2
840 904 3 8192 2.000000000 2
840 908 3 8192 2.000000000 2
840 944 3 8192 2.000000000 2
840 956 3 8192 2.000000000 2
840 1012 3 8192 2.000000000 2
840 1024 3 8192 2.000000000 2
840 1032 3 8192 2.000000000 2
840 1048 3 8192 2.000000000 2
840 1072 3 8192 2.000000000 2
840 1084 3 8192 2.000000000 2
840 1088 3 8192 2.000000000 2
840 1100 3 8192 2.000000000 2
840 1132 3 8192 2.000000000 2
840 1136 3 8192 2.000000000 2
840 1176 3 8192 2.000000000 2
840 1184 3 8192 2.000000000 2
840 1188 3 8192 2.000000000 2
840 1200 3 8192 2.000000000 2
840 1212 3 8192 2.000000000 2
840 1220 3 8192 2.000000000 2
840 1264 3 8192 2.000000000 2
840 1272 3 8192 2.000000000 2
844 16 3 8192 2.000000000 2
844 20 3 8192 2.000000000 2
844 24 3 8192 2.000000000 2
844 64 3 8192 2.000000000 2
844 68 3 8192 2.000000000 2
844 88 3 8192 2.000000000 2
844 108 3 8192 2.000000000 2
844 124 3 8192 2.000000000 2
844 192 3 8192 2.000000000 2
844 204 3 8192 2.000000000 2
844 208 3 8192 2.000000000 2
844 220 3 8192 2.000000000 2
844 224 3 8192 2.000000000 2
844 264 3 8192 2.000000000 2
844 292 3 8192 2.000000000 2
844 352 3 8192 2.000000000 2
844 400 3 8192 2.000000000 2
844 416 3 8192 2.000000000 2
844 440 3 8192 2.000000000 2
844 448 3 8192 2.000000000 2
844 452 3 8192 2.000000000 2
844 456 3 8192 2.000000000 2
844 468 3 8192 2.000000000 2
844 520 3 8192 2.000000000 2
844 524 3 8192 2.000000000 2
844 572 3 8192 2.000000000 2
844 616 3 8192 2.000000000 2
844 632 3 8192 2.000000000 2
844 708 3 8192 2.000000000 2
844 720 3 8192 2.000000000 2
844 724 3 8192 2.000000000 2
844 760 3 8192 2.000000000 2
844 764 3 8192 2.000000000 2
844 776 3 8192 2.000000000 2
844 780 3 8192 2.000000000 2
844 784 3 8192 2.000000000 2
844 788 3 8192 2.000000000 2
844 792 3 8192 2.000000000 2
844 808 3 8192 2.000000000 2
844 824 3 8192 2.000000000 2
844 840 3 8192 2.000000000 2
844 856 3 8192 2.000000000 2
844 880 3 8192 2.000000000 2
844 916 3 8192 2.000000000 2
844 928 3 8192 2.000000000 2
844 948 3 8192 2.000000000 2
844 952 3 8192 2.000000000 2
844 976 3 8192 2.000000000 2
844 980 3 8192 2.000000000 2
844 1000 3 8192 2.000000000 2
844 1020 3 8192 2.000000000 2
844 1060 3 8192 2.000000000 2
844 1064 3 8192 2.000000000 2
844 1072 3 8192 2.000000000 2
844 1080 3 8192 2.000000000 2
844 1096 3 8192 2.000000000 2
844 1128 3 8192 2.000000000 2
844 1132 3 8192 2.000000000 2
844 1148 3 8192 2.000000000 2
844 1152 3 8192 2.000000000 2
844 1192 3 8192 2.000000000 2
844 1204 3 8192 2.000000000 2
844 1232 3 8192 2.000000000 2
844 1260 3 8192 2.000000000 2
848 24 3 8192 2.000000000 2
848 68 3 8192 2.000000000 2
848 80 3 8192 2.000000000 2
848 88 3 8192 2.000000000 2
848 92 3 8192 2.000000000 2
848 120 3 8192 2.000000000 2
848 144 3 8192 2.000000000 2
848 208 3 8192 2.000000000 2
848 224 3 8192 2.000000000 2
848 236 3 8192 2.000000000 2
848 252 3 8192 2.000000000 2
848 256 3 8192 2.000000000 2
848 280 3 8192 2.000000000 2
848 288 3 8192 2.000000000 2
848 292 3 8192 2.000000000 2
848 312 3 8192 2.000000000 2
848 320 3 8192 2.000000000 2
848 324 3 8192 2.000000000 2
848 356 3 8192 2.000000000 2
848 360 3 8192 2.000000000 2
848 388 3 8192 2.000000000 2
848 396 3 8192 2.000000000 2
848 404 3 8192 2.000000000 2
848 408 3 8192 2.000000000 2
848 468 3 8192 2.000000000 2
848 472 3 8192 2.000000000 2
848 528 3 8192 2.000000000 2
848 536 3 8192 2.000000000 2
848 552 3 8192 2.000000000 2
848 568 3 8192 2.000000000 2
848 620 3 8192 2.000000000 2
848 648 3 8192 2.000000000 2
848 688 3 8192 2.000000000 2
848 700 3 8192 2.000000000 2
848 704 3 8192 2.000000000 2
848 712 3 8192 2.000000000 2
848 716 3 8192 2.000000000 2
848 720 3 8192 2.000000000 2
848 784 3 8192 2.000000000 2
848 788 3 8192 2.000000000 2
848 792 3 8192 2.000000000 2
848 800 3 8192 2.000000000 2
848 840 3 8192 2.000000000 2
848 856 3 8192 2.000000000 2
848 860 3 8192 2.000000000 2
848 884 3 8192 2.000000000 2
848 900 3 8192 2.000000000 2
848 936 3 8192 2.000000000 2
848 948 3 8192 2.000000000 2
848 1000 3 8192 2.000000000 2
848 1008 3 8192 2.000000000 2
848 1020 3 8192 2.000000000 2
848 1036 3 8192 2.000000000 2
848 1044 3 8192 2.000000000 2
848 1068 3 8192 2.000000000 2
848 1116 3 8192 2.000000000 2
848 1132 3 8192 2.000000000 2
848 1140 3 8192 2.000000000 2
848 1156 3 8192 2.000000000 2
848 1172 3 8192 2.000000000 2
848 1188 3 8192 2.000000000 2
848 1216 3 8192 2.000000000 2
848 1264 3 8192 2.000000000 2
848 1276 3 8192 2.000000000 2
856 8 3 8192 2.000000000 2
856 16 3 8192 2.000000000 2
856 48 3 8192 2.000000000 2
856 64 3 8192 2.000000000 2
856 72 3 8192 2.000000000 2
856 104 3 8192 2.000000000 2
856 112 3 8192 2.000000000 2
856 116 3 8192 2.000000000 2
856 120 3 8192 2.000000000 2
856 136 3 8192 2.000000000 2
856 144 3 8192 2.000000000 2
856 148 3 8192 2.000000000 2
856 156 3 8192 2.000000000 2
856 172 3 8192 2.000000000 2
856 208 3 8192 2.000000000 2
856 228 3 8192 2.000000000 2
856 264 3 8192 2.000000000 2
856 280 3 8192 2.000000000 2
856 312 3 8192 2.000000000 2
856 324 3 8192 2.000000000 2
856 332 3 8192 2.000000000 2
856 360 3 8192 2.000000000 2
856 376 3 8192 2.000000000 2
856 412 3 8192 2.000000000 2
856 416 3 8192 2.000000000 2
856 444 3 8192 2.000000000 2
856 472 3 8192 2.000000000 2
856 520 3 8192 2.000000000 2
856 532 3 8192 2.000000000 2
856 536 3 8192 2.000000000 2
856 564 3 8192 2.000000000 2
856 580 3 8192 2.000000000 2
856 596 3 8192 2.000000000 2
856 648 3 8192 2.000000000 2
856 660 3 8192 2.000000000 2
856 692 3 8192 2.000000000 2
856 700 3 8192 2.000000000 2
856 716 3 8192 2.000000000 2
856 720 3 8192 2.000000000 2
856 724 3 8192 2.000000000 2
856 732 3 8192 2.000000000 2
856 768 3 8192 2.000000000 2
856 780 3 8192 2.000000000 2
856 788 3 8192 2.000000000 2
856 824 3 8192 2.000000000 2
856 848 3 8192 2.000000000 2
856 860 3 8192 2.000000000 2
856 868 3 8192 2.000000000 2
856 884 3 8192 2.000000000 2
856 904 3 8192 2.000000000 2
856 944 3 8192 2.000000000 2
856 968 3 8192 2.000000000 2
856 980 3 8192 2.000000000 2
856 988 3 8192 2.000000000 2
856 1004 3 8192 2.000000000 2
856 1028 3 8192 2.000000000 2
856 1032 3 8192 2.000000000 2
856 1072 3 8192 2.000000000 2
856 1156 3 8192 2.000000000 2
856 1204 3 8192 2.000000000 2
856 1216 3 8192 2.000000000 2
856 1224 3 8192 2.000000000 2
856 1244 3 8192 2.000000000 2
856 1264 3 8192 2.000000000 2
860 8 3 8192 2.000000000 2
860 20 3 8192 2.000000000 2
860 24 3 8192 2.000000000 2
860 56 3 8192 2.000000000 2
860 68 3 8192 2.000000000 2
860 92 3 8192 2.000000000 2
860 100 3 8192 2.000000000 2
860 104 3 8192 2.000000000 2
860 112 3 8192 2.000000000 2
860 136 3 8192 2.000000000 2
860 140 3 8192 2.000000000 2
860 160 3 8192 2.000000000 2
860 180 3 8192 2.000000000 2
860 184 3 8192 2.000000000 2
860 188 3 8192 2.000000000 2
860 220 3 8192 2.000000000 2
860 236 3 8192 2.000000000 2
860 252 3 8192 2.000000000 2
860 276 3 8192 2.000000000 2
860 292 3 8192 2.000000000 2
860 312 3 8192 2.000000000 2
860 332 3 8192 2.000000000 2
860 360 3 8192 2.000000000 2
860 412 3 8192 2.000000000 2
860 416 3 8192 2.000000000 2
860 444 3 8192 2.000000000 2
860 464 3 8192 2.000000000 2
860 492 3 8192 2.000000000 2
860 508 3 8192 2.000000000 2
860 520 3 8192 2.000000000 2
860 628 3 8192 2.000000000 2
860 636 3 8192 2.000000000 2
860 648 3 8192 2.000000000 2
860 660 3 8192 2.000000000 2
860 680 3 8192 2.000000000 2
860 696 3 8192 2.000000000 2
860 716 3 8192 2.000000000 2
860 728 3 8192 2.000000000 2
860 812 3 8192 2.000000000 2
860 824 3 8192 2.000000000 2
860 868 3 8192 2.000000000 2
860 888 3 8192 2.000000000 2
860 900 3 8192 2.000000000 2
860 908 3 8192 2.000000000 2
860 952 3 8192 2.000000000 2
860 956 3 8192 2.000000000 2
860 976 3 8192 2.000000000 2
860 1008 3 8192 2.000000000 2
860 1020 3 8192 2.000000000 2
860 1024 3 8192 2.000000000 2
860 1056 3 8192 2.000000000 2
860 1072 3 8192 2.000000000 2
860 1088 3 8192 2.000000000 2
860 1092 3 8192 2.000000000 2
860 1132 3 8192 2.000000000 2
860 1144 3 8192 2.000000000 2
860 1160 3 8192 2.000000000 2
860 1168 3 8192 2.000000000 2
860 1196 3 8192 2.000000000 2
860 1200 3 8192 2.000000000 2
860 1216 3 8192 2.000000000 2
860 1220 3 8192 2.000000000 2
860 1244 3 8192 2.000000000 2
860 1268 3 8192 2.000000000 2
864 24 3 8192 2.000000000 2
864 48 3 8192 2.000000000 2
864 72 3 8192 2.000000000 2
864 100 3 8192 2.000000000 2
864 104 3 8192 2.000000000 2
864 116 3 8192 2.000000000 2
864 140 3 8192 2.000000000 2
864 148 3 8192 2.000000000 2
864 172 3 8192 2.000000000 2
864 192 3 8192 2.000000000 2
864 252 3 8192 2.000000000 2
864 272 3 8192 2.000000000 2
864 288 3 8192 2.000000000 2
864 296 3 8192 2.000000000 2
864 308 3 8192 2.000000000 2
864 312 3 8192 2.000000000 2
864 332 3 8192 2.000000000 2
864 356 3 8192 2.000000000 2
864 368 3 8192 2.000000000 2
864 376 3 8192 2.000000000 2
864 396 3 8192 2.000000000 2
864 400 3 8192 2.000000000 2
864 404 3 8192 2.000000000 2
864 424 3 8192 2.000000000 2
864 452 3 8192 2.000000000 2
864 456 3 8192 2.000000000 2
864 460 3 8192 2.000000000 2
864 464 3 8192 2.000000000 2
864 516 3 8192 2.000000000 2
864 536 3 8192 2.000000000 2
864 588 3 8192 2.000000000 2
864 596 3 8192 2.000000000 2
864 628 3 8192 2.000000000 2
864 668 3 8192 2.000000000 2
864 696 3 8192 2.000000000 2
864 712 3 8192 2.000000000 2
864 720 3 8192 2.000000000 2
864 728 3 8192 2.000000000 2
864 776 3 8192 2.000000000 2
864 780 3 8192 2.000000000 2
864 876 3 8192 2.000000000 2
864 888 3 8192 2.000000000 2
864 900 3 8192 2.000000000 2
864 904 3 8192 2.000000000 2
864 940 3 8192 2.000000000 2
864 956 3 8192 2.000000000 2
864 968 3 8192 2.000000000 2
864 988 3 8192 2.000000000 2
864 996 3 8192 2.000000000 2
864 1008 3 8192 2.000000000 2
864 1044 3 8192 2.000000000 2
864 1048 3 8192 2.000000000 2
864 1064 3 8192 2.000000000 2
864 1068 3 8192 2.000000000 2
864 1084 3 8192 2.000000000 2
864 1112 3 8192 2.000000000 2
864 1120 3 8192 2.000000000 2
864 1140 3 8192 2.000000000 2
864 1164 3 8192 2.000000000 2
864 1172 3 8192 2.000000000 2
864 1184 3 8192 2.000000000 2
864 1188 3 8192 2.000000000 2
864 1196 3 8192 2.000000000 2
864 1236 3 8192 2.000000000 2
868 32 3 8192 2.000000000 2
868 68 3 8192 2.000000000 2
868 72 3 8192 2.000000000 2
868 136 3 8192 2.000000000 2
868 144 3 8192 2.000000000 2
868 184 3 8192 2.000000000 2
868 196 3 8192 2.000000000 2
868 200 3 8192 2.000000000 2
868 208 3 8192 2.000000000 2
868 224 3 8192 2.000000000 2
868 236 3 8192 2.000000000 2
868 240 3 8192 2.000000000 2
868 288 3 8192 2.000000000 2
868 324 3 8192 2.000000000 2
868 332 3 8192 2.000000000 2
868 368 3 8192 2.000000000 2
868 372 3 8192 2.000000000 2
868 392 3 8192 2.000000000 2
868 396 3 8192 2.000000000 2
868 404 3 8192 2.000000000 2
868 496 3 8192 2.000000000 2
868 504 3 8192 2.000000000 2
868 524 3 8192 2.000000000 2
868 536 3 8192 2.000000000 2
868 552 3 8192 2.000000000 2
868 580 3 8192 2.000000000 2
868 588 3 8192 2.000000000 2
868 592 3 8192 2.000000000 2
868 660 3 8192 2.000000000 2
868 680 3 8192 2.000000000 2
868 696 3 8192 2.000000000 2
868 712 3 8192 2.000000000 2
868 732 3 8192 2.000000000 2
868 768 3 8192 2.000000000 2
868 776 3 8192 2.000000000 2
868 800 3 8192 2.000000000 2
868 856 3 8192 2.000000000 2
868 876 3 8192 2.000000000 2
868 888 3 8192 2.000000000 2
868 904 3 8192 2.000000000 2
868 912 3 8192 2.000000000 2
868 916 3 8192 2.000000000 2
868 940 3 8192 2.000000000 2
868 976 3 8192 2.000000000 2
868 984 3 8192 2.000000000 2
868 1004 3 8192 2.000000000 2
868 1008 3 8192 2.000000000 2
868 1012 3 8192 2.000000000 2
868 1060 3 8192 2.000000000 2
868 1064 3 8192 2.000000000 2
868 1088 3 8192 2.000000000 2
868 1096 3 8192 2.000000000 2
868 1100 3 8192 2.000000000 2
868 1136 3 8192 2.000000000 2
868 1140 3 8192 2.000000000 2
868 1160 3 8192 2.000000000 2
868 1192 3 8192 2.000000000 2
868 1200 3 8192 2.000000000 2
868 1204 3 8192 2.000000000 2
868 1220 3 8192 2.000000000 2
868 1224 3 8192 2.000000000 2
868 1260 3 8192 2.000000000 2
868 1264 3 8192 2.000000000 2
868 1272 3 8192 2.000000000 2
876 16 3 8192 2.000000000 2
876 20 3 8192 2.000000000 2
876 28 3 8192 2.000000000 2
876 104 3 8192 2.000000000 2
876 108 3 8192 2.000000000 2
876 116 3 8192 2.000000000 2
876 136 3 8192 2.000000000 2
876 148 3 8192 2.000000000 2
876 184 3 8192 2.000000000 2
876 192 3 8192 2.000000000 2
876 200 3 8192 2.000000000 2
876 204 3 8192 2.000000000 2
876 212 3 8192 2.000000000 2
876 216 3 8192 2.000000000 2
876 220 3 8192 2.000000000 2
876 280 3 8192 2.000000000 2
876 292 3 8192 2.000000000 2
876 312 3 8192 2.000000000 2
876 316 3 8192 2.000000000 2
876 328 3 8192 2.000000000 2
876 336 3 8192 2.000000000 2
876 340 3 8192 2.000000000 2
876 344 3 8192 2.000000000 2
876 368 3 8192 2.000000000 2
876 392 3 8192 2.000000000 2
876 400 3 8192 2.000000000 2
876 412 3 8192 2.000000000 2
876 440 3 8192 2.000000000 2
876 468 3 8192 2.000000000 2
876 492 3 8192 2.000000000 2
876 500 3 8192 2.000000000 2
876 504 3 8192 2.000000000 2
876 544 3 8192 2.000000000 2
876 568 3 8192 2.000000000 2
876 600 3 8192 2.000000000 2
876 628 3 8192 2.000000000 2
876 648 3 8192 2.000000000 2
876 692 3 8192 2.000000000 2
876 696 3 8192 2.000000000 2
876 736 3 8192 2.000000000 2
876 764 3 8192 2.000000000 2
876 768 3 8192 2.000000000 2
876 780 3 8192 2.000000000 2
876 792 3 8192 2.000000000 2
876 800 3 8192 2.000000000 2
876 848 3 8192 2.000000000 2
876 856 3 8192 2.000000000 2
876 860 3 8192 2.000000000 2
876 888 3 8192 2.000000000 2
876 904 3 8192 2.000000000 2
876 908 3 8192 2.000000000 2
876 916 3 8192 2.000000000 2
876 968 3 8192 2.000000000 2
876 996 3 8192 2.000000000 2
876 1008 3 8192 2.000000000 2
876 1012 3 8192 2.000000000 2
876 1056 3 8192 2.000000000 2
876 1084 3 8192 2.000000000 2
876 1128 3 8192 2.000000000 2
876 1132 3 8192 2.000000000 2
876 1140 3 8192 2.000000000 2
876 1192 3 8192 2.000000000 2
876 1228 3 8192 2.000000000 2
876 1244 3 8192 2.000000000 2
880 4 3 8192 2.000000000 2
880 8 3 8192 2.000000000 2
880 12 3 8192 2.000000000 2
880 16 3 8192 2.000000000 2
880 24 3 8192 2.000000000 2
880 32 3 8192 2.000000000 2
880 40 3 8192 2.000000000 2
880 56 3 8192 2.000000000 2
880 108 3 8192 2.000000000 2
880 132 3 8192 2.000000000 2
880 144 3 8192 2.000000000 2
880 172 3 8192 2.000000000 2
880 196 3 8192 2.000000000 2
880 216 3 8192 2.000000000 2
880 228 3 8192 2.000000000 2
880 248 3 8192 2.000000000 2
880 264 3 8192 2.000000000 2
880 276 3 8192 2.000000000 2
880 320 3 8192 2.000000000 2
880 372 3 8192 2.000000000 2
880 376 3 8192 2.000000000 2
880 384 3 8192 2.000000000 2
880 396 3 8192 2.000000000 2
880 416 3 8192 2.000000000 2
880 456 3 8192 2.000000000 2
880 460 3 8192 2.000000000 2
880 468 3 8192 2.000000000 2
880 496 3 8192 2.000000000 2
880 504 3 8192 2.000000000 2
880 524 3 8192 2.000000000 2
880 528 3 8192 2.000000000 2
880 568 3 8192 2.000000000 2
880 616 3 8192 2.000000000 2
880 660 3 8192 2.000000000 2
880 676 3 8192 2.000000000 2
880 700 3 8192 2.000000000 2
880 764 3 8192 2.000000000 2
880 776 3 8192 2.000000000 2
880 784 3 8192 2.000000000 2
880 812 3 8192 2.000000000 2
880 848 3 8192 2.000000000 2
880 864 3 8192 2.000000000 2
880 876 3 8192 2.000000000 2
880 912 3 8192 2.000000000 2
880 944 3 8192 2.000000000 2
880 952 3 8192 2.000000000 2
880 960 3 8192 2.000000000 2
880 972 3 8192 2.000000000 2
880 984 3 8192 2.000000000 2
880 988 3 8192 2.000000000 2
880 996 3 8192 2.000000000 2
880 1008 3 8192 2.000000000 2
880 1024 3 8192 2.000000000 2
880 1096 3 8192 2.000000000 2
880 1128 3 8192 2.000000000 2
880 1132 3 8192 2.000000000 2
880 1136 3 8192 2.000000000 2
880 1176 3 8192 2.000000000 2
880 1184 3 8192 2.000000000 2
880 1188 3 8192 2.000000000 2
880 1192 3 8192 2.000000000 2
880 1196 3 8192 2.000000000 2
880 1224 3 8192 2.000000000 2
880 1260 3 8192 2.000000000 2
884 20 3 8192 2.000000000 2
884 72 3 8192 2.000000000 2
884 80 3 8192 2.000000000 2
884 92 3 8192 2.000000000 2
884 116 3 8192 2.000000000 2
884 120 3 8192 2.000000000 2
884 132 3 8192 2.000000000 2
884 156 3 8192 2.000000000 2
884 172 3 8192 2.000000000 2
884 180 3 8192 2.000000000 2
884 184 3 8192 2.000000000 2
884 196 3 8192 2.000000000 2
884 220 3 8192 2.000000000 2
884 240 3 8192 2.000000000 2
884 248 3 8192 2.000000000 2
884 264 3 8192 2.000000000 2
884 268 3 8192 2.000000000 2
884 296 3 8192 2.000000000 2
884 316 3 8192 2.000000000 2
884 336 3 8192 2.000000000 2
884 344 3 8192 2.000000000 2
884 356 3 8192 2.000000000 2
884 396 3 8192 2.000000000 2
884 400 3 8192 2.000000000 2
884 428 3 8192 2.000000000 2
884 456 3 8192 2.000000000 2
884 460 3 8192 2.000000000 2
884 516 3 8192 2.000000000 2
884 532 3 8192 2.000000000 2
884 560 3 8192 2.000000000 2
884 564 3 8192 2.000000000 2
884 568 3 8192 2.000000000 2
884 600 3 8192 2.000000000 2
884 624 3 8192 2.000000000 2
884 632 3 8192 2.000000000 2
884 648 3 8192 2.000000000 2
884 652 3 8192 2.000000000 2
884 668 3 8192 2.000000000 2
884 680 3 8192 2.000000000 2
884 688 3 8192 2.000000000 2
884 708 3 8192 2.000000000 2
884 820 3 8192 2.000000000 2
884 824 3 8192 2.000000000 2
884 864 3 8192 2.000000000 2
884 868 3 8192 2.000000000 2
884 880 3 8192 2.000000000 2
884 900 3 8192 2.000000000 2
884 904 3 8192 2.000000000 2
884 944 3 8192 2.000000000 2
884 1000 3 8192 2.000000000 2
884 1044 3 8192 2.000000000 2
884 1068 3 8192 2.000000000 2
884 1080 3 8192 2.000000000 2
884 1088 3 8192 2.000000000 2
884 1100 3 8192 2.000000000 2
884 1116 3 8192 2.000000000 2
884 1152 3 8192 2.000000000 2
884 1168 3 8192 2.000000000 2
884 1220 3 8192 2.000000000 2
884 1224 3 8192 2.000000000 2
884 1236 3 8192 2.000000000 2
884 1260 3 8192 2.000000000 2
884 1268 3 8192 2.000000000 2
884 1276 3 8192 2.000000000 2
888 16 3 8192 2.000000000 2
888 32 3 8192 2.000000000 2
888 80 3 8192 2.000000000 2
888 100 3 8192 2.000000000 2
888 104 3 8192 2.000000000 2
888 132 3 8192 2.000000000 2
888 136 3 8192 2.000000000 2
888 148 3 8192 2.000000000 2
888 192 3 8192 2.000000000 2
888 212 3 8192 2.000000000 2
888 216 3 8192 2.000000000 2
888 224 3 8192 2.000000000 2
888 228 3 8192 2.000000000 2
888 244 3 8192 2.000000000 2
888 252 3 8192 2.000000000 2
888 256 3 8192 2.000000000 2
888 264 3 8192 2.000000000 2
888 268 3 8192 2.000000000 2
888 288 3 8192 2.000000000 2
888 328 3 8192 2.000000000 2
888 356 3 8192 2.000000000 2
888 376 3 8192 2.000000000 2
888 396 3 8192 2.000000000 2
888 404 3 8192 2.000000000 2
888 412 3 8192 2.000000000 2
888 444 3 8192 2.000000000 2
888 452 3 8192 2.000000000 2
888 456 3 8192 2.000000000 2
888 492 3 8192 2.000000000 2
888 508 3 8192 2.000000000 2
888 532 3 8192 2.000000000 2
888 552 3 8192 2.000000000 2
888 564 3 8192 2.000000000 2
888 608 3 8192 2.000000000 2
888 628 3 8192 2.000000000 2
888 632 3 8192 2.000000000 2
888 708 3 8192 2.000000000 2
888 712 3 8192 2.000000000 2
888 736 3 8192 2.000000000 2
888 760 3 8192 2.000000000 2
888 768 3 8192 2.000000000 2
888 780 3 8192 2.000000000 2
888 792 3 8192 2.000000000 2
888 800 3 8192 2.000000000 2
888 808 3 8192 2.000000000 2
888 824 3 8192 2.000000000 2
888 836 3 8192 2.000000000 2
888 840 3 8192 2.000000000 2
888 848 3 8192 2.000000000 2
888 856 3 8192 2.000000000 2
888 868 3 8192 2.000000000 2
888 920 3 8192 2.000000000 2
888 928 3 8192 2.000000000 2
888 960 3 8192 2.000000000 2
888 976 3 8192 2.000000000 2
888 1008 3 8192 2.000000000 2
888 1064 3 8192 2.000000000 2
888 1092 3 8192 2.000000000 2
888 1136 3 8192 2.000000000 2
888 1160 3 8192 2.000000000 2
888 1176 3 8192 2.000000000 2
888 1196 3 8192 2.000000000 2
888 1200 3 8192 2.000000000 2
888 1220 3 8192 2.000000000 2
892 40 3 8192 2.000000000 2
892 72 3 8192 2.000000000 2
892 88 3 8192 2.000000000 2
892 104 3 8192 2.000000000 2
892 116 3 8192 2.000000000 2
892 120 3 8192 2.000000000 2
892 176 3 8192 2.000000000 2
892 188 3 8192 2.000000000 2
892 204 3 8192 2.000000000 2
892 208 3 8192 2.000000000 2
892 248 3 8192 2.000000000 2
892 252 3 8192 2.000000000 2
892 316 3 8192 2.000000000 2
892 344 3 8192 2.000000000 2
892 368 3 8192 2.000000000 2
892 388 3 8192 2.000000000 2
892 412 3 8192 2.000000000 2
892 424 3 8192 2.000000000 2
892 448 3 8192 2.000000000 2
892 456 3 8192 2.000000000 2
892 472 3 8192 2.000000000 2
892 492 3 8192 2.000000000 2
892 528 3 8192 2.000000000 2
892 532 3 8192 2.000000000 2
892 544 3 8192 2.000000000 2
892 564 3 8192 2.000000000 2
892 568 3 8192 2.000000000 2
892 580 3 8192 2.000000000 2
892 600 3 8192 2.000000000 2
892 624 3 8192 2.000000000 2
892 628 3 8192 2.000000000 2
892 656 3 8192 2.000000000 2
892 660 3 8192 2.000000000 2
892 724 3 8192 2.000000000 2
892 736 3 8192 2.000000000 2
892 760 3 8192 2.000000000 2
892 768 3 8192 2.000000000 2
892 800 3 8192 2.000000000 2
892 836 3 8192 2.000000000 2
892 856 3 8192 2.000000000 2
892 860 3 8192 2.000000000 2
892 868 3 8192 2.000000000 2
892 876 3 8192 2.000000000 2
892 880 3 8192 2.000000000 2
892 912 3 8192 2.000000000 2
892 968 3 8192 2.000000000 2
892 976 3 8192 2.000000000 2
892 984 3 8192 2.000000000 2
892 1004 3 8192 2.000000000 2
892 1024 3 8192 2.000000000 2
892 1044 3 8192 2.000000000 2
892 1068 3 8192 2.000000000 2
892 1084 3 8192 2.000000000 2
892 1092 3 8192 2.000000000 2
892 1096 3 8192 2.000000000 2
892 1116 3 8192 2.000000000 2
892 1132 3 8192 2.000000000 2
892 1144 3 8192 2.000000000 2
892 1188 3 8192 2.000000000 2
892 1204 3 8192 2.000000000 2
892 1224 3 8192 2.000000000 2
892 1244 3 8192 2.000000000 2
892 1264 3 8192 2.000000000 2
892 1276 3 8192 2.000000000 2
900 4 3 8192 2.000000000 2
900 56 3 8192 2.000000000 2
900 64 3 8192 2.000000000 2
900 72 3 8192 2.000000000 2
900 88 3 8192 2.000000000 2
900 92 3 8192 2.000000000 2
900 104 3 8192 2.000000000 2
900 120 3 8192 2.000000000 2
900 124 3 8192 2.000000000 2
900 188 3 8192 2.000000000 2
900 204 3 8192 2.000000000 2
900 208 3 8192 2.000000000 2
900 240 3 8192 2.000000000 2
900 248 3 8192 2.000000000 2
900 256 3 8192 2.000000000 2
900 264 3 8192 2.000000000 2
900 272 3 8192 2.000000000 2
900 288 3 8192 2.000000000 2
900 312 3 8192 2.000000000 2
900 320 3 8192 2.000000000 2
900 352 3 8192 2.000000000 2
900 356 3 8192 2.000000000 2
900 368 3 8192 2.000000000 2
900 388 3 8192 2.000000000 2
900 400 3 8192 2.000000000 2
900 412 3 8192 2.000000000 2
900 440 3 8192 2.000000000 2
900 496 3 8192 2.000000000 2
900 504 3 8192 2.000000000 2
900 520 3 8192 2.000000000 2
900 616 3 8192 2.000000000 2
900 620 3 8192 2.000000000 2
900 624 3 8192 2.000000000 2
900 648 3 8192 2.000000000 2
900 652 3 8192 2.000000000 2
900 664 3 8192 2.000000000 2
900 668 3 8192 2.000000000 2
900 720 3 8192 2.000000000 2
900 732 3 8192 2.000000000 2
900 736 3 8192 2.000000000 2
900 780 3 8192 2.000000000 2
900 784 3 8192 2.000000000 2
900 788 3 8192 2.000000000 2
900 792 3 8192 2.000000000 2
900 812 3 8192 2.000000000 2
900 824 3 8192 2.000000000 2
900 868 3 8192 2.000000000 2
900 876 3 8192 2.000000000 2
900 884 3 8192 2.000000000 2
900 888 3 8192 2.000000000 2
900 908 3 8192 2.000000000 2
900 912 3 8192 2.000000000 2
900 920 3 8192 2.000000000 2
900 948 3 8192 2.000000000 2
900 988 3 8192 2.000000000 2
900 1032 3 8192 2.000000000 2
900 1048 3 8192 2.000000000 2
900 1084 3 8192 2.000000000 2
900 1184 3 8192 2.000000000 2
900 1196 3 8192 2.000000000 2
900 1220 3 8192 2.000000000 2
900 1236 3 8192 2.000000000 2
900 1264 3 8192 2.000000000 2
900 1276 3 8192 2.000000000 2
904 16 3 8192 2.000000000 2
904 20 3 8192 2.000000000 2
904 48 3 8192 2.000000000 2
904 80 3 8192 2.000000000 2
904 112 3 8192 2.000000000 2
904 132 3 8192 2.000000000 2
904 160 3 8192 2.000000000 2
904 180 3 8192 2.000000000 2
904 256 3 8192 2.000000000 2
904 264 3 8192 2.000000000 2
904 268 3 8192 2.000000000 2
904 276 3 8192 2.000000000 2
904 296 3 8192 2.000000000 2
904 316 3 8192 2.000000000 2
904 332 3 8192 2.000000000 2
904 344 3 8192 2.000000000 2
904 352 3 8192 2.000000000 2
904 356 3 8192 2.000000000 2
904 368 3 8192 2.000000000 2
904 372 3 8192 2.000000000 2
904 384 3 8192 2.000000000 2
904 404 3 8192 2.000000000 2
904 448 3 8192 2.000000000 2
904 468 3 8192 2.000000000 2
904 508 3 8192 2.000000000 2
904 552 3 8192 2.000000000 2
904 596 3 8192 2.000000000 2
904 608 3 8192 2.000000000 2
904 636 3 8192 2.000000000 2
904 656 3 8192 2.000000000 2
904 668 3 8192 2.000000000 2
904 688 3 8192 2.000000000 2
904 700 3 8192 2.000000000 2
904 768 3 8192 2.000000000 2
904 800 3 8192 2.000000000 2
904 844 3 8192 2.000000000 2
904 884 3 8192 2.000000000 2
904 888 3 8192 2.000000000 2
904 916 3 8192 2.000000000 2
904 940 3 8192 2.000000000 2
904 944 3 8192 2.000000000 2
904 948 3 8192 2.000000000 2
904 968 3 8192 2.000000000 2
904 976 3 8192 2.000000000 2
904 984 3 8192 2.000000000 2
904 1000 3 8192 2.000000000 2
904 1004 3 8192 2.000000000 2
904 1012 3 8192 2.000000000 2
904 1032 3 8192 2.000000000 2
904 1036 3 8192 2.000000000 2
904 1052 3 8192 2.000000000 2
904 1068 3 8192 2.000000000 2
904 1072 3 8192 2.000000000 2
904 1096 3 8192 2.000000000 2
904 1100 3 8192 2.000000000 2
904 1120 3 8192 2.000000000 2
904 1132 3 8192 2.000000000 2
904 1140 3 8192 2.000000000 2
904 1164 3 8192 2.000000000 2
904 1168 3 8192 2.000000000 2
904 1176 3 8192 2.000000000 2
904 1220 3 8192 2.000000000 2
904 1228 3 8192 2.000000000 2
904 1264 3 8192 2.000000000 2
908 4 3 8192 2.000000000 2
908 8 3 8192 2.000000000 2
908 12 3 8192 2.000000000 2
908 40 3 8192 2.000000000 2
908 112 3 8192 2.000000000 2
908 120 3 8192 2.000000000 2
908 124 3 8192 2.000000000 2
908 144 3 8192 2.000000000 2
908 148 3 8192 2.000000000 2
908 160 3 8192 2.000000000 2
908 172 3 8192 2.000000000 2
908 240 3 8192 2.000000000 2
908 272 3 8192 2.000000000 2
908 340 3 8192 2.000000000 2
908 412 3 8192 2.000000000 2
908 424 3 8192 2.000000000 2
908 428 3 8192 2.000000000 2
908 452 3 8192 2.000000000 2
908 464 3 8192 2.000000000 2
908 504 3 8192 2.000000000 2
908 516 3 8192 2.000000000 2
908 540 3 8192 2.000000000 2
908 568 3 8192 2.000000000 2
908 580 3 8192 2.000000000 2
908 592 3 8192 2.000000000 2
908 608 3 8192 2.000000000 2
908 616 3 8192 2.000000000 2
908 624 3 8192 2.000000000 2
908 648 3 8192 2.000000000 2
908 664 3 8192 2.000000000 2
908 668 3 8192 2.000000000 2
908 676 3 8192 2.000000000 2
908 708 3 8192 2.000000000 2
908 716 3 8192 2.000000000 2
908 720 3 8192 2.000000000 2
908 732 3 8192 2.000000000 2
908 784 3 8192 2.000000000 2
908 788 3 8192 2.000000000 2
908 792 3 8192 2.000000000 2
908 812 3 8192 2.000000000 2
908 824 3 8192 2.000000000 2
908 836 3 8192 2.000000000 2
908 860 3 8192 2.000000000 2
908 864 3 8192 2.000000000 2
908 884 3 8192 2.000000000 2
908 892 3 8192 2.000000000 2
908 920 3 8192 2.000000000 2
908 948 3 8192 2.000000000 2
908 960 3 8192 2.000000000 2
908 1000 3 8192 2.000000000 2
908 1024 3 8192 2.000000000 2
908 1028 3 8192 2.000000000 2
908 1048 3 8192 2.000000000 2
908 1052 3 8192 2.000000000 2
908 1056 3 8192 2.000000000 2
908 1112 3 8192 2.000000000 2
908 1148 3 8192 2.000000000 2
908 1160 3 8192 2.000000000 2
908 1164 3 8192 2.000000000 2
908 1176 3 8192 2.000000000 2
908 1224 3 8192 2.000000000 2
908 1228 3 8192 2.000000000 2
908 1232 3 8192 2.000000000 2
908 1272 3 8192 2.000000000 2
912 24 3 8192 2.000000000 2
912 56 3 8192 2.000000000 2
912 72 3 8192 2.000000000 2
912 88 3 8192 2.000000000 2
912 148 3 8192 2.000000000 2
912 180 3 8192 2.000000000 2
912 208 3 8192 2.000000000 2
912 212 3 8192 2.000000000 2
912 248 3 8192 2.000000000 2
912 256 3 8192 2.000000000 2
912 288 3 8192 2.000000000 2
912 296 3 8192 2.000000000 2
912 324 3 8192 2.000000000 2
912 332 3 8192 2.000000000 2
912 360 3 8192 2.000000000 2
912 368 3 8192 2.000000000 2
912 392 3 8192 2.000000000 2
912 424 3 8192 2.000000000 2
912 428 3 8192 2.000000000 2
912 448 3 8192 2.000000000 2
912 456 3 8192 2.000000000 2
912 464 3 8192 2.000000000 2
912 468 3 8192 2.000000000 2
912 492 3 8192 2.000000000 2
912 496 3 8192 2.000000000 2
912 504 3 8192 2.000000000 2
912 508 3 8192 2.000000000 2
912 540 3 8192 2.000000000 2
912 564 3 8192 2.000000000 2
912 568 3 8192 2.000000000 2
912 592 3 8192 2.000000000 2
912 608 3 8192 2.000000000 2
912 616 3 8192 2.000000000 2
912 628 3 8192 2.000000000 2
912 632 3 8192 2.000000000 2
912 664 3 8192 2.000000000 2
912 676 3 8192 2.000000000 2
912 700 3 8192 2.000000000 2
912 704 3 8192 2.000000000 2
912 708 3 8192 2.000000000 2
912 712 3 8192 2.000000000 2
912 736 3 8192 2.000000000 2
912 784 3 8192 2.000000000 2
912 800 3 8192 2.000000000 2
912 812 3 8192 2.000000000 2
912 824 3 8192 2.000000000 2
912 836 3 8192 2.000000000 2
912 888 3 8192 2.000000000 2
912 916 3 8192 2.000000000 2
912 944 3 8192 2.000000000 2
912 984 3 8192 2.000000000 2
912 1008 3 8192 2.000000000 2
912 1048 3 8192 2.000000000 2
912 1052 3 8192 2.000000000 2
912 1064 3 8192 2.000000000 2
912 1068 3 8192 2.000000000 2
912 1096 3 8192 2.000000000 2
912 1100 3 8192 2.000000000 2
912 1112 3 8192 2.000000000 2
912 1128 3 8192 2.000000000 2
912 1140 3 8192 2.000000000 2
912 1144 3 8192 2.000000000 2
912 1260 3 8192 2.000000000 2
912 1276 3 8192 2.000000000 2
916 4 3 8192 2.000000000 2
916 20 3 8192 2.000000000 2
916 28 3 8192 2.000000000 2
916 60 3 8192 2.000000000 2
916 68 3 8192 2.000000000 2
916 72 3 8192 2.000000000 2
916 80 3 8192 2.000000000 2
916 92 3 8192 2.000000000 2
916 100 3 8192 2.000000000 2
916 104 3 8192 2.000000000 2
916 108 3 8192 2.000000000 2
916 112 3 8192 2.000000000 2
916 136 3 8192 2.000000000 2
916 140 3 8192 2.000000000 2
916 156 3 8192 2.000000000 2
916 192 3 8192 2.000000000 2
916 196 3 8192 2.000000000 2
916 236 3 8192 2.000000000 2
916 252 3 8192 2.000000000 2
916 276 3 8192 2.000000000 2
916 288 3 8192 2.000000000 2
916 308 3 8192 2.000000000 2
916 324 3 8192 2.000000000 2
916 336 3 8192 2.000000000 2
916 340 3 8192 2.000000000 2
916 344 3 8192 2.000000000 2
916 352 3 8192 2.000000000 2
916 356 3 8192 2.000000000 2
916 388 3 8192 2.000000000 2
916 392 3 8192 2.000000000 2
916 408 3 8192 2.000000000 2
916 412 3 8192 2.000000000 2
916 452 3 8192 2.000000000 2
916 496 3 8192 2.000000000 2
916 540 3 8192 2.000000000 2
916 552 3 8192 2.000000000 2
916 580 3 8192 2.000000000 2
916 588 3 8192 2.000000000 2
916 616 3 8192 2.000000000 2
916 620 3 8192 2.000000000 2
916 692 3 8192 2.000000000 2
916 712 3 8192 2.000000000 2
916 760 3 8192 2.000000000 2
916 800 3 8192 2.000000000 2
916 808 3 8192 2.000000000 2
916 824 3 8192 2.000000000 2
916 836 3 8192 2.000000000 2
916 956 3 8192 2.000000000 2
916 988 3 8192 2.000000000 2
916 996 3 8192 2.000000000 2
916 1032 3 8192 2.000000000 2
916 1044 3 8192 2.000000000 2
916 1052 3 8192 2.000000000 2
916 1068 3 8192 2.000000000 2
916 1084 3 8192 2.000000000 2
916 1096 3 8192 2.000000000 2
916 1112 3 8192 2.000000000 2
916 1128 3 8192 2.000000000 2
916 1200 3 8192 2.000000000 2
916 1204 3 8192 2.000000000 2
916 1220 3 8192 2.000000000 2
916 1260 3 8192 2.000000000 2
916 1268 3 8192 2.000000000 2
916 1276 3 8192 2.000000000 2
920 12 3 8192 2.000000000 2
920 48 3 8192 2.000000000 2
920 108 3 8192 2.000000000 2
920 136 3 8192 2.000000000 2
920 160 3 8192 2.000000000 2
920 184 3 8192 2.000000000 2
920 196 3 8192 2.000000000 2
920 212 3 8192 2.000000000 2
920 236 3 8192 2.000000000 2
920 288 3 8192 2.000000000 2
920 292 3 8192 2.000000000 2
920 312 3 8192 2.000000000 2
920 344 3 8192 2.000000000 2
920 360 3 8192 2.000000000 2
920 368 3 8192 2.000000000 2
920 396 3 8192 2.000000000 2
920 408 3 8192 2.000000000 2
920 416 3 8192 2.000000000 2
920 460 3 8192 2.000000000 2
920 496 3 8192 2.000000000 2
920 500 3 8192 2.000000000 2
920 528 3 8192 2.000000000 2
920 532 3 8192 2.000000000 2
920 536 3 8192 2.000000000 2
920 544 3 8192 2.000000000 2
920 548 3 8192 2.000000000 2
920 596 3 8192 2.000000000 2
920 600 3 8192 2.000000000 2
920 608 3 8192 2.000000000 2
920 628 3 8192 2.000000000 2
920 632 3 8192 2.000000000 2
920 676 3 8192 2.000000000 2
920 680 3 8192 2.000000000 2
920 716 3 8192 2.000000000 2
920 720 3 8192 2.000000000 2
920 728 3 8192 2.000000000 2
920 768 3 8192 2.000000000 2
920 776 3 8192 2.000000000 2
920 788 3 8192 2.000000000 2
920 824 3 8192 2.000000000 2
920 836 3 8192 2.000000000 2
920 844 3 8192 2.000000000 2
920 848 3 8192 2.000000000 2
920 864 3 8192 2.000000000 2
920 900 3 8192 2.000000000 2
920 936 3 8192 2.000000000 2
920 944 3 8192 2.000000000 2
920 952 3 8192 2.000000000 2
920 956 3 8192 2.000000000 2
920 984 3 8192 2.000000000 2
920 996 3 8192 2.000000000 2
920 1032 3 8192 2.000000000 2
920 1036 3 8192 2.000000000 2
920 1048 3 8192 2.000000000 2
920 1052 3 8192 2.000000000 2
920 1092 3 8192 2.000000000 2
920 1140 3 8192 2.000000000 2
920 1164 3 8192 2.000000000 2
920 1176 3 8192 2.000000000 2
920 1188 3 8192 2.000000000 2
920 1204 3 8192 2.000000000 2
920 1232 3 8192 2.000000000 2
920 1268 3 8192 2.000000000 2
920 1272 3 8192 2.000000000 2
928 16 3 8192 2.000000000 2
928 56 3 8192 2.000000000 2
928 68 3 8192 2.000000000 2
928 92 3 8192 2.000000000 2
928 104 3 8192 2.000000000 2
928 120 3 8192 2.000000000 2
928 132 3 8192 2.000000000 2
928 156 3 8192 2.000000000 2
928 160 3 8192 2.000000000 2
928 176 3 8192 2.000000000 2
928 180 3 8192 2.000000000 2
928 184 3 8192 2.000000000 2
928 188 3 8192 2.000000000 2
928 196 3 8192 2.000000000 2
928 228 3 8192 2.000000000 2
928 236 3 8192 2.000000000 2
928 276 3 8192 2.000000000 2
928 280 3 8192 2.000000000 2
928 324 3 8192 2.000000000 2
928 352 3 8192 2.000000000 2
928 368 3 8192 2.000000000 2
928 372 3 8192 2.000000000 2
928 388 3 8192 2.000000000 2
928 468 3 8192 2.000000000 2
928 500 3 8192 2.000000000 2
928 528 3 8192 2.000000000 2
928 532 3 8192 2.000000000 2
928 548 3 8192 2.000000000 2
928 560 3 8192 2.000000000 2
928 564 3 8192 2.000000000 2
928 572 3 8192 2.000000000 2
928 592 3 8192 2.000000000 2
928 600 3 8192 2.000000000 2
928 624 3 8192 2.000000000 2
928 656 3 8192 2.000000000 2
928 660 3 8192 2.000000000 2
928 664 3 8192 2.000000000 2
928 712 3 8192 2.000000000 2
928 716 3 8192 2.000000000 2
928 736 3 8192 2.000000000 2
928 856 3 8192 2.000000000 2
928 880 3 8192 2.000000000 2
928 892 3 8192 2.000000000 2
928 940 3 8192 2.000000000 2
928 944 3 8192 2.000000000 2
928 960 3 8192 2.000000000 2
928 968 3 8192 2.000000000 2
928 976 3 8192 2.000000000 2
928 980 3 8192 2.000000000 2
928 984 3 8192 2.000000000 2
928 1068 3 8192 2.000000000 2
928 1072 3 8192 2.000000000 2
928 1084 3 8192 2.000000000 2
928 1092 3 8192 2.000000000 2
928 1100 3 8192 2.000000000 2
928 1116 3 8192 2.000000000 2
928 1136 3 8192 2.000000000 2
928 1140 3 8192 2.000000000 2
928 1148 3 8192 2.000000000 2
928 1152 3 8192 2.000000000 2
928 1164 3 8192 2.000000000 2
928 1188 3 8192 2.000000000 2
928 1216 3 8192 2.000000000 2
928 1244 3 8192 2.000000000 2
936 4 3 8192 2.000000000 2
936 8 3 8192 2.000000000 2
936 24 3 8192 2.000000000 2
936 44 3 8192 2.000000000 2
936 56 3 8192 2.000000000 2
936 140 3 8192 2.000000000 2
936 172 3 8192 2.000000000 2
936 176 3 8192 2.000000000 2
936 204 3 8192 2.000000000 2
936 208 3 8192 2.000000000 2
936 220 3 8192 2.000000000 2
936 228 3 8192 2.000000000 2
936 256 3 8192 2.000000000 2
936 264 3 8192 2.000000000 2
936 296 3 8192 2.000000000 2
936 324 3 8192 2.000000000 2
936 328 3 8192 2.000000000 2
936 332 3 8192 2.000000000 2
936 344 3 8192 2.000000000 2
936 352 3 8192 2.000000000 2
936 372 3 8192 2.000000000 2
936 376 3 8192 2.000000000 2
936 392 3 8192 2.000000000 2
936 396 3 8192 2.000000000 2
936 400 3 8192 2.000000000 2
936 404 3 8192 2.000000000 2
936 412 3 8192 2.000000000 2
936 424 3 8192 2.000000000 2
936 428 3 8192 2.000000000 2
936 444 3 8192 2.000000000 2
936 492 3 8192 2.000000000 2
936 504 3 8192 2.000000000 2
936 520 3 8192 2.000000000 2
936 536 3 8192 2.000000000 2
936 560 3 8192 2.000000000 2
936 564 3 8192 2.000000000 2
936 568 3 8192 2.000000000 2
936 588 3 8192 2.000000000 2
936 664 3 8192 2.000000000 2
936 668 3 8192 2.000000000 2
936 696 3 8192 2.000000000 2
936 728 3 8192 2.000000000 2
936 732 3 8192 2.000000000 2
936 776 3 8192 2.000000000 2
936 808 3 8192 2.000000000 2
936 832 3 8192 2.000000000 2
936 860 3 8192 2.000000000 2
936 888 3 8192 2.000000000 2
936 904 3 8192 2.000000000 2
936 972 3 8192 2.000000000 2
936 1032 3 8192 2.000000000 2
936 1036 3 8192 2.000000000 2
936 1060 3 8192 2.000000000 2
936 1072 3 8192 2.000000000 2
936 1112 3 8192 2.000000000 2
936 1156 3 8192 2.000000000 2
936 1184 3 8192 2.000000000 2
936 1188 3 8192 2.000000000 2
936 1192 3 8192 2.000000000 2
936 1196 3 8192 2.000000000 2
936 1200 3 8192 2.000000000 2
936 1216 3 8192 2.000000000 2
936 1220 3 8192 2.000000000 2
936 1268 3 8192 2.000000000 2
940 8 3 8192 2.000000000 2
940 20 3 8192 2.000000000 2
940 28 3 8192 2.000000000 2
940 40 3 8192 2.000000000 2
940 48 3 8192 2.000000000 2
940 60 3 8192 2.000000000 2
940 72 3 8192 2.000000000 2
940 132 3 8192 2.000000000 2
940 188 3 8192 2.000000000 2
940 208 3 8192 2.000000000 2
940 224 3 8192 2.000000000 2
940 288 3 8192 2.000000000 2
940 312 3 8192 2.000000000 2
940 332 3 8192 2.000000000 2
940 336 3 8192 2.000000000 2
940 356 3 8192 2.000000000 2
940 360 3 8192 2.000000000 2
940 376 3 8192 2.000000000 2
940 392 3 8192 2.000000000 2
940 404 3 8192 2.000000000 2
940 424 3 8192 2.000000000 2
940 440 3 8192 2.000000000 2
940 464 3 8192 2.000000000 2
940 472 3 8192 2.000000000 2
940 504 3 8192 2.000000000 2
940 516 3 8192 2.000000000 2
940 528 3 8192 2.000000000 2
940 532 3 8192 2.000000000 2
940 544 3 8192 2.000000000 2
940 580 3 8192 2.000000000 2
940 592 3 8192 2.000000000 2
940 628 3 8192 2.000000000 2
940 656 3 8192 2.000000000 2
940 660 3 8192 2.000000000 2
940 664 3 8192 2.000000000 2
940 696 3 8192 2.000000000 2
940 716 3 8192 2.000000000 2
940 724 3 8192 2.000000000 2
940 800 3 8192 2.000000000 2
940 808 3 8192 2.000000000 2
940 836 3 8192 2.000000000 2
940 840 3 8192 2.000000000 2
940 844 3 8192 2.000000000 2
940 856 3 8192 2.000000000 2
940 868 3 8192 2.000000000 2
940 900 3 8192 2.000000000 2
940 980 3 8192 2.000000000 2
940 988 3 8192 2.000000000 2
940 996 3 8192 2.000000000 2
940 1004 3 8192 2.000000000 2
940 1008 3 8192 2.000000000 2
940 1036 3 8192 2.000000000 2
940 1056 3 8192 2.000000000 2
940 1060 3 8192 2.000000000 2
940 1068 3 8192 2.000000000 2
940 1116 3 8192 2.000000000 2
940 1128 3 8192 2.000000000 2
940 1148 3 8192 2.000000000 2
940 1192 3 8192 2.000000000 2
940 1200 3 8192 2.000000000 2
940 1216 3 8192 2.000000000 2
940 1232 3 8192 2.000000000 2
940 1236 3 8192 2.000000000 2
940 1260 3 8192 2.000000000 2
944 4 3 8192 2.000000000 2
944 48 3 8192 2.000000000 2
944 132 3 8192 2.000000000 2
944 144 3 8192 2.000000000 2
944 216 3 8192 2.000000000 2
944 236 3 8192 2.000000000 2
944 252 3 8192 2.000000000 2
944 272 3 8192 2.000000000 2
944 288 3 8192 2.000000000 2
944 308 3 8192 2.000000000 2
944 312 3 8192 2.000000000 2
944 324 3 8192 2.000000000 2
944 340 3 8192 2.000000000 2
944 352 3 8192 2.000000000 2
944 360 3 8192 2.000000000 2
944 372 3 8192 2.000000000 2
944 376 3 8192 2.000000000 2
944 400 3 8192 2.000000000 2
944 444 3 8192 2.000000000 2
944 448 3 8192 2.000000000 2
944 456 3 8192 2.000000000 2
944 500 3 8192 2.000000000 2
944 524 3 8192 2.000000000 2
944 528 3 8192 2.000000000 2
944 540 3 8192 2.000000000 2
944 544 3 8192 2.000000000 2
944 548 3 8192 2.000000000 2
944 552 3 8192 2.000000000 2
944 560 3 8192 2.000000000 2
944 568 3 8192 2.000000000 2
944 608 3 8192 2.000000000 2
944 632 3 8192 2.000000000 2
944 648 3 8192 2.000000000 2
944 660 3 8192 2.000000000 2
944 676 3 8192 2.000000000 2
944 712 3 8192 2.000000000 2
944 724 3 8192 2.000000000 2
944 736 3 8192 2.000000000 2
944 764 3 8192 2.000000000 2
944 768 3 8192 2.000000000 2
944 800 3 8192 2.000000000 2
944 812 3 8192 2.000000000 2
944 824 3 8192 2.000000000 2
944 840 3 8192 2.000000000 2
944 856 3 8192 2.000000000 2
944 876 3 8192 2.000000000 2
944 888 3 8192 2.000000000 2
944 892 3 8192 2.000000000 2
944 928 3 8192 2.000000000 2
944 936 3 8192 2.000000000 2
944 940 3 8192 2.000000000 2
944 948 3 8192 2.000000000 2
944 952 3 8192 2.000000000 2
944 980 3 8192 2.000000000 2
944 984 3 8192 2.000000000 2
944 1020 3 8192 2.000000000 2
944 1028 3 8192 2.000000000 2
944 1092 3 8192 2.000000000 2
944 1112 3 8192 2.000000000 2
944 1116 3 8192 2.000000000 2
944 1172 3 8192 2.000000000 2
944 1212 3 8192 2.000000000 2
944 1224 3 8192 2.000000000 2
944 1272 3 8192 2.000000000 2
948 60 3 8192 2.000000000 2
948 64 3 8192 2.000000000 2
948 104 3 8192 2.000000000 2
948 120 3 8192 2.000000000 2
948 124 3 8192 2.000000000 2
948 136 3 8192 2.000000000 2
948 188 3 8192 2.000000000 2
948 192 3 8192 2.000000000 2
948 200 3 8192 2.000000000 2
948 240 3 8192 2.000000000 2
948 244 3 8192 2.000000000 2
948 248 3 8192 2.000000000 2
948 288 3 8192 2.000000000 2
948 308 3 8192 2.000000000 2
948 316 3 8192 2.000000000 2
948 328 3 8192 2.000000000 2
948 332 3 8192 2.000000000 2
948 336 3 8192 2.000000000 2
948 360 3 8192 2.000000000 2
948 368 3 8192 2.000000000 2
948 372 3 8192 2.000000000 2
948 396 3 8192 2.000000000 2
948 400 3 8192 2.000000000 2
948 408 3 8192 2.000000000 2
948 428 3 8192 2.000000000 2
948 456 3 8192 2.000000000 2
948 492 3 8192 2.000000000 2
948 496 3 8192 2.000000000 2
948 504 3 8192 2.000000000 2
948 508 3 8192 2.000000000 2
948 536 3 8192 2.000000000 2
948 552 3 8192 2.000000000 2
948 568 3 8192 2.000000000 2
948 636 3 8192 2.000000000 2
948 648 3 8192 2.000000000 2
948 664 3 8192 2.000000000 2
948 676 3 8192 2.000000000 2
948 712 3 8192 2.000000000 2
948 728 3 8192 2.000000000 2
948 764 3 8192 2.000000000 2
948 768 3 8192 2.000000000 2
948 792 3 8192 2.000000000 2
948 836 3 8192 2.000000000 2
948 860 3 8192 2.000000000 2
948 892 3 8192 2.000000000 2
948 916 3 8192 2.000000000 2
948 936 3 8192 2.000000000 2
948 988 3 8192 2.000000000 2
948 996 3 8192 2.000000000 2
948 1000 3 8192 2.000000000 2
948 1024 3 8192 2.000000000 2
948 1028 3 8192 2.000000000 2
948 1048 3 8192 2.000000000 2
948 1072 3 8192 2.000000000 2
948 1084 3 8192 2.000000000 2
948 1088 3 8192 2.000000000 2
948 1112 3 8192 2.000000000 2
948 1116 3 8192 2.000000000 2
948 1140 3 8192 2.000000000 2
948 1172 3 8192 2.000000000 2
948 1228 3 8192 2.000000000 2
948 1236 3 8192 2.000000000 2
948 1272 3 8192 2.000000000 2
948 1276 3 8192 2.000000000 2
952 32 3 8192 2.000000000 2
952 40 3 8192 2.000000000 2
952 64 3 8192 2.000000000 2
952 92 3 8192 2.000000000 2
952 104 3 8192 2.000000000 2
952 112 3 8192 2.000000000 2
952 156 3 8192 2.000000000 2
952 196 3 8192 2.000000000 2
952 236 3 8192 2.000000000 2
952 240 3 8192 2.000000000 2
952 244 3 8192 2.000000000 2
952 248 3 8192 2.000000000 2
952 268 3 8192 2.000000000 2
952 272 3 8192 2.000000000 2
952 280 3 8192 2.000000000 2
952 288 3 8192 2.000000000 2
952 308 3 8192 2.000000000 2
952 324 3 8192 2.000000000 2
952 328 3 8192 2.000000000 2
952 344 3 8192 2.000000000 2
952 388 3 8192 2.000000000 2
952 396 3 8192 2.000000000 2
952 400 3 8192 2.000000000 2
952 428 3 8192 2.000000000 2
952 448 3 8192 2.000000000 2
952 452 3 8192 2.000000000 2
952 456 3 8192 2.000000000 2
952 468 3 8192 2.000000000 2
952 472 3 8192 2.000000000 2
952 496 3 8192 2.000000000 2
952 500 3 8192 2.000000000 2
952 516 3 8192 2.000000000 2
952 536 3 8192 2.000000000 2
952 540 3 8192 2.000000000 2
952 544 3 8192 2.000000000 2
952 568 3 8192 2.000000000 2
952 572 3 8192 2.000000000 2
952 600 3 8192 2.000000000 2
952 608 3 8192 2.000000000 2
952 656 3 8192 2.000000000 2
952 696 3 8192 2.000000000 2
952 700 3 8192 2.000000000 2
952 784 3 8192 2.000000000 2
952 808 3 8192 2.000000000 2
952 812 3 8192 2.000000000 2
952 824 3 8192 2.000000000 2
952 848 3 8192 2.000000000 2
952 864 3 8192 2.000000000 2
952 936 3 8192 2.000000000 2
952 968 3 8192 2.000000000 2
952 980 3 8192 2.000000000 2
952 984 3 8192 2.000000000 2
952 1008 3 8192 2.000000000 2
952 1012 3 8192 2.000000000 2
952 1052 3 8192 2.000000000 2
952 1072 3 8192 2.000000000 2
952 1080 3 8192 2.000000000 2
952 1100 3 8192 2.000000000 2
952 1120 3 8192 2.000000000 2
952 1128 3 8192 2.000000000 2
952 1160 3 8192 2.000000000 2
952 1168 3 8192 2.000000000 2
952 1228 3 8192 2.000000000 2
952 1236 3 8192 2.000000000 2
956 8 3 8192 2.000000000 2
956 12 3 8192 2.000000000 2
956 40 3 8192 2.000000000 2
956 64 3 8192 2.000000000 2
956 116 3 8192 2.000000000 2
956 132 3 8192 2.000000000 2
956 136 3 8192 2.000000000 2
956 140 3 8192 2.000000000 2
956 148 3 8192 2.000000000 2
956 180 3 8192 2.000000000 2
956 196 3 8192 2.000000000 2
956 204 3 8192 2.000000000 2
956 212 3 8192 2.000000000 2
956 268 3 8192 2.000000000 2
956 276 3 8192 2.000000000 2
956 296 3 8192 2.000000000 2
956 308 3 8192 2.000000000 2
956 352 3 8192 2.000000000 2
956 368 3 8192 2.000000000 2
956 404 3 8192 2.000000000 2
956 416 3 8192 2.000000000 2
956 440 3 8192 2.000000000 2
956 452 3 8192 2.000000000 2
956 468 3 8192 2.000000000 2
956 472 3 8192 2.000000000 2
956 496 3 8192 2.000000000 2
956 500 3 8192 2.000000000 2
956 524 3 8192 2.000000000 2
956 532 3 8192 2.000000000 2
956 544 3 8192 2.000000000 2
956 580 3 8192 2.000000000 2
956 648 3 8192 2.000000000 2
956 660 3 8192 2.000000000 2
956 688 3 8192 2.000000000 2
956 728 3 8192 2.000000000 2
956 808 3 8192 2.000000000 2
956 812 3 8192 2.000000000 2
956 856 3 8192 2.000000000 2
956 876 3 8192 2.000000000 2
956 880 3 8192 2.000000000 2
956 892 3 8192 2.000000000 2
956 928 3 8192 2.000000000 2
956 948 3 8192 2.000000000 2
956 972 3 8192 2.000000000 2
956 976 3 8192 2.000000000 2
956 988 3 8192 2.000000000 2
956 996 3 8192 2.000000000 2
956 1000 3 8192 2.000000000 2
956 1004 3 8192 2.000000000 2
956 1008 3 8192 2.000000000 2
956 1032 3 8192 2.000000000 2
956 1036 3 8192 2.000000000 2
956 1052 3 8192 2.000000000 2
956 1088 3 8192 2.000000000 2
956 1112 3 8192 2.000000000 2
956 1128 3 8192 2.000000000 2
956 1132 3 8192 2.000000000 2
956 1136 3 8192 2.000000000 2
956 1144 3 8192 2.000000000 2
956 1184 3 8192 2.000000000 2
956 1188 3 8192 2.000000000 2
956 1228 3 8192 2.000000000 2
956 1264 3 8192 2.000000000 2
956 1268 3 8192 2.000000000 2
960 20 3 8192 2.000000000 2
960 28 3 8192 2.000000000 2
960 64 3 8192 2.000000000 2
960 68 3 8192 2.000000000 2
960 88 3 8192 2.000000000 2
960 120 3 8192 2.000000000 2
960 132 3 8192 2.000000000 2
960 136 3 8192 2.000000000 2
960 156 3 8192 2.000000000 2
960 180 3 8192 2.000000000 2
960 184 3 8192 2.000000000 2
960 188 3 8192 2.000000000 2
960 208 3 8192 2.000000000 2
960 264 3 8192 2.000000000 2
960 272 3 8192 2.000000000 2
960 276 3 8192 2.000000000 2
960 308 3 8192 2.000000000 2
960 312 3 8192 2.000000000 2
960 324 3 8192 2.000000000 2
960 336 3 8192 2.000000000 2
960 340 3 8192 2.000000000 2
960 416 3 8192 2.000000000 2
960 428 3 8192 2.000000000 2
960 444 3 8192 2.000000000 2
960 456 3 8192 2.000000000 2
960 464 3 8192 2.000000000 2
960 508 3 8192 2.000000000 2
960 524 3 8192 2.000000000 2
960 572 3 8192 2.000000000 2
960 592 3 8192 2.000000000 2
960 664 3 8192 2.000000000 2
960 736 3 8192 2.000000000 2
960 776 3 8192 2.000000000 2
960 780 3 8192 2.000000000 2
960 836 3 8192 2.000000000 2
960 876 3 8192 2.000000000 2
960 900 3 8192 2.000000000 2
960 904 3 8192 2.000000000 2
960 916 3 8192 2.000000000 2
960 936 3 8192 2.000000000 2
960 948 3 8192 2.000000000 2
960 952 3 8192 2.000000000 2
960 976 3 8192 2.000000000 2
960 984 3 8192 2.000000000 2
960 1000 3 8192 2.000000000 2
960 1004 3 8192 2.000000000 2
960 1020 3 8192 2.000000000 2
960 1024 3 8192 2.000000000 2
960 1028 3 8192 2.000000000 2
960 1032 3 8192 2.000000000 2
960 1044 3 8192 2.000000000 2
960 1048 3 8192 2.000000000 2
960 1060 3 8192 2.000000000 2
960 1068 3 8192 2.000000000 2
960 1088 3 8192 2.000000000 2
960 1096 3 8192 2.000000000 2
960 1100 3 8192 2.000000000 2
960 1112 3 8192 2.000000000 2
960 1144 3 8192 2.000000000 2
960 1148 3 8192 2.000000000 2
960 1200 3 8192 2.000000000 2
960 1224 3 8192 2.000000000 2
960 1228 3 8192 2.000000000 2
960 1260 3 8192 2.000000000 2
968 8 3 8192 2.000000000 2
968 12 3 8192 2.000000000 2
968 28 3 8192 2.000000000 2
968 44 3 8192 2.000000000 2
968 48 3 8192 2.000000000 2
968 60 3 8192 2.000000000 2
968 72 3 8192 2.000000000 2
968 80 3 8192 2.000000000 2
968 88 3 8192 2.000000000 2
968 112 3 8192 2.000000000 2
968 140 3 8192 2.000000000 2
968 160 3 8192 2.000000000 2
968 172 3 8192 2.000000000 2
968 184 3 8192 2.000000000 2
968 272 3 8192 2.000000000 2
968 296 3 8192 2.000000000 2
968 316 3 8192 2.000000000 2
968 320 3 8192 2.000000000 2
968 328 3 8192 2.000000000 2
968 340 3 8192 2.000000000 2
968 352 3 8192 2.000000000 2
968 356 3 8192 2.000000000 2
968 360 3 8192 2.000000000 2
968 404 3 8192 2.000000000 2
968 412 3 8192 2.000000000 2
968 416 3 8192 2.000000000 2
968 440 3 8192 2.000000000 2
968 452 3 8192 2.000000000 2
968 492 3 8192 2.000000000 2
968 516 3 8192 2.000000000 2
968 532 3 8192 2.000000000 2
968 540 3 8192 2.000000000 2
968 548 3 8192 2.000000000 2
968 552 3 8192 2.000000000 2
968 580 3 8192 2.000000000 2
968 592 3 8192 2.000000000 2
968 632 3 8192 2.000000000 2
968 656 3 8192 2.000000000 2
968 660 3 8192 2.000000000 2
968 664 3 8192 2.000000000 2
968 716 3 8192 2.000000000 2
968 784 3 8192 2.000000000 2
968 812 3 8192 2.000000000 2
968 836 3 8192 2.000000000 2
968 888 3 8192 2.000000000 2
968 912 3 8192 2.000000000 2
968 996 3 8192 2.000000000 2
968 1020 3 8192 2.000000000 2
968 1028 3 8192 2.000000000 2
968 1052 3 8192 2.000000000 2
968 1056 3 8192 2.000000000 2
968 1064 3 8192 2.000000000 2
968 1080 3 8192 2.000000000 2
968 1084 3 8192 2.000000000 2
968 1100 3 8192 2.000000000 2
968 1116 3 8192 2.000000000 2
968 1120 3 8192 2.000000000 2
968 1148 3 8192 2.000000000 2
968 1152 3 8192 2.000000000 2
968 1160 3 8192 2.000000000 2
968 1164 3 8192 2.000000000 2
968 1200 3 8192 2.000000000 2
968 1216 3 8192 2.000000000 2
968 1272 3 8192 2.000000000 2
972 20 3 8192 2.000000000 2
972 28 3 8192 2.000000000 2
972 32 3 8192 2.000000000 2
972 40 3 8192 2.000000000 2
972 60 3 8192 2.000000000 2
972 88 3 8192 2.000000000 2
972 100 3 8192 2.000000000 2
972 112 3 8192 2.000000000 2
972 116 3 8192 2.000000000 2
972 124 3 8192 2.000000000 2
972 140 3 8192 2.000000000 2
972 176 3 8192 2.000000000 2
972 184 3 8192 2.000000000 2
972 192 3 8192 2.000000000 2
972 196 3 8192 2.000000000 2
972 204 3 8192 2.000000000 2
972 228 3 8192 2.000000000 2
972 288 3 8192 2.000000000 2
972 292 3 8192 2.000000000 2
972 328 3 8192 2.000000000 2
972 336 3 8192 2.000000000 2
972 340 3 8192 2.000000000 2
972 344 3 8192 2.000000000 2
972 372 3 8192 2.000000000 2
972 376 3 8192 2.000000000 2
972 428 3 8192 2.000000000 2
972 440 3 8192 2.000000000 2
972 460 3 8192 2.000000000 2
972 524 3 8192 2.000000000 2
972 528 3 8192 2.000000000 2
972 536 3 8192 2.000000000 2
972 540 3 8192 2.000000000 2
972 544 3 8192 2.000000000 2
972 620 3 8192 2.000000000 2
972 636 3 8192 2.000000000 2
972 648 3 8192 2.000000000 2
972 668 3 8192 2.000000000 2
972 676 3 8192 2.000000000 2
972 700 3 8192 2.000000000 2
972 704 3 8192 2.000000000 2
972 728 3 8192 2.000000000 2
972 736 3 8192 2.000000000 2
972 812 3 8192 2.000000000 2
972 832 3 8192 2.000000000 2
972 868 3 8192 2.000000000 2
972 888 3 8192 2.000000000 2
972 900 3 8192 2.000000000 2
972 920 3 8192 2.000000000 2
972 1036 3 8192 2.000000000 2
972 1044 3 8192 2.000000000 2
972 1048 3 8192 2.000000000 2
972 1072 3 8192 2.000000000 2
972 1092 3 8192 2.000000000 2
972 1096 3 8192 2.000000000 2
972 1116 3 8192 2.000000000 2
972 1136 3 8192 2.000000000 2
972 1152 3 8192 2.000000000 2
972 1168 3 8192 2.000000000 2
972 1196 3 8192 2.000000000 2
972 1204 3 8192 2.000000000 2
972 1212 3 8192 2.000000000 2
972 1228 3 8192 2.000000000 2
972 1244 3 8192 2.000000000 2
972 1260 3 8192 2.000000000 2
976 28 3 8192 2.000000000 2
976 32 3 8192 2.000000000 2
976 72 3 8192 2.000000000 2
976 88 3 8192 2.000000000 2
976 100 3 8192 2.000000000 2
976 104 3 8192 2.000000000 2
976 120 3 8192 2.000000000 2
976 132 3 8192 2.000000000 2
976 200 3 8192 2.000000000 2
976 208 3 8192 2.000000000 2
976 240 3 8192 2.000000000 2
976 308 3 8192 2.000000000 2
976 368 3 8192 2.000000000 2
976 372 3 8192 2.000000000 2
976 408 3 8192 2.000000000 2
976 424 3 8192 2.000000000 2
976 440 3 8192 2.000000000 2
976 456 3 8192 2.000000000 2
976 460 3 8192 2.000000000 2
976 516 3 8192 2.000000000 2
976 520 3 8192 2.000000000 2
976 536 3 8192 2.000000000 2
976 560 3 8192 2.000000000 2
976 564 3 8192 2.000000000 2
976 572 3 8192 2.000000000 2
976 580 3 8192 2.000000000 2
976 624 3 8192 2.000000000 2
976 660 3 8192 2.000000000 2
976 688 3 8192 2.000000000 2
976 720 3 8192 2.000000000 2
976 724 3 8192 2.000000000 2
976 736 3 8192 2.000000000 2
976 780 3 8192 2.000000000 2
976 784 3 8192 2.000000000 2
976 788 3 8192 2.000000000 2
976 792 3 8192 2.000000000 2
976 812 3 8192 2.000000000 2
976 856 3 8192 2.000000000 2
976 864 3 8192 2.000000000 2
976 868 3 8192 2.000000000 2
976 912 3 8192 2.000000000 2
976 952 3 8192 2.000000000 2
976 984 3 8192 2.000000000 2
976 1008 3 8192 2.000000000 2
976 1012 3 8192 2.000000000 2
976 1024 3 8192 2.000000000 2
976 1036 3 8192 2.000000000 2
976 1044 3 8192 2.000000000 2
976 1052 3 8192 2.000000000 2
976 1064 3 8192 2.000000000 2
976 1068 3 8192 2.000000000 2
976 1072 3 8192 2.000000000 2
976 1088 3 8192 2.000000000 2
976 1092 3 8192 2.000000000 2
976 1136 3 8192 2.000000000 2
976 1144 3 8192 2.000000000 2
976 1152 3 8192 2.000000000 2
976 1168 3 8192 2.000000000 2
976 1184 3 8192 2.000000000 2
976 1192 3 8192 2.000000000 2
976 1220 3 8192 2.000000000 2
976 1236 3 8192 2.000000000 2
976 1264 3 8192 2.000000000 2
976 1268 3 8192 2.000000000 2
980 20 3 8192 2.000000000 2
980 40 3 8192 2.000000000 2
980 68 3 8192 2.000000000 2
980 100 3 8192 2.000000000 2
980 120 3 8192 2.000000000 2
980 132 3 8192 2.000000000 2
980 140 3 8192 2.000000000 2
980 156 3 8192 2.000000000 2
980 160 3 8192 2.000000000 2
980 172 3 8192 2.000000000 2
980 208 3 8192 2.000000000 2
980 268 3 8192 2.000000000 2
980 316 3 8192 2.000000000 2
980 360 3 8192 2.000000000 2
980 368 3 8192 2.000000000 2
980 372 3 8192 2.000000000 2
980 376 3 8192 2.000000000 2
980 404 3 8192 2.000000000 2
980 412 3 8192 2.000000000 2
980 416 3 8192 2.000000000 2
980 428 3 8192 2.000000000 2
980 456 3 8192 2.000000000 2
980 464 3 8192 2.000000000 2
980 504 3 8192 2.000000000 2
980 524 3 8192 2.000000000 2
980 544 3 8192 2.000000000 2
980 636 3 8192 2.000000000 2
980 656 3 8192 2.000000000 2
980 688 3 8192 2.000000000 2
980 692 3 8192 2.000000000 2
980 700 3 8192 2.000000000 2
980 780 3 8192 2.000000000 2
980 784 3 8192 2.000000000 2
980 808 3 8192 2.000000000 2
980 812 3 8192 2.000000000 2
980 840 3 8192 2.000000000 2
980 860 3 8192 2.000000000 2
980 868 3 8192 2.000000000 2
980 876 3 8192 2.000000000 2
980 884 3 8192 2.000000000 2
980 920 3 8192 2.000000000 2
980 928 3 8192 2.000000000 2
980 936 3 8192 2.000000000 2
980 960 3 8192 2.000000000 2
980 968 3 8192 2.000000000 2
980 1004 3 8192 2.000000000 2
980 1020 3 8192 2.000000000 2
980 1052 3 8192 2.000000000 2
980 1068 3 8192 2.000000000 2
980 1096 3 8192 2.000000000 2
980 1100 3 8192 2.000000000 2
980 1112 3 8192 2.000000000 2
980 1116 3 8192 2.000000000 2
980 1148 3 8192 2.000000000 2
980 1164 3 8192 2.000000000 2
980 1172 3 8192 2.000000000 2
980 1176 3 8192 2.000000000 2
980 1200 3 8192 2.000000000 2
980 1204 3 8192 2.000000000 2
980 1216 3 8192 2.000000000 2
980 1220 3 8192 2.000000000 2
980 1228 3 8192 2.000000000 2
980 1236 3 8192 2.000000000 2
980 1272 3 8192 2.000000000 2
984 12 3 8192 2.000000000 2
984 44 3 8192 2.000000000 2
984 48 3 8192 2.000000000 2
984 108 3 8192 2.000000000 2
984 120 3 8192 2.000000000 2
984 136 3 8192 2.000000000 2
984 140 3 8192 2.000000000 2
984 176 3 8192 2.000000000 2
984 184 3 8192 2.000000000 2
984 200 3 8192 2.000000000 2
984 220 3 8192 2.000000000 2
984 224 3 8192 2.000000000 2
984 236 3 8192 2.000000000 2
984 248 3 8192 2.000000000 2
984 280 3 8192 2.000000000 2
984 312 3 8192 2.000000000 2
984 320 3 8192 2.000000000 2
984 324 3 8192 2.000000000 2
984 336 3 8192 2.000000000 2
984 344 3 8192 2.000000000 2
984 376 3 8192 2.000000000 2
984 384 3 8192 2.000000000 2
984 468 3 8192 2.000000000 2
984 472 3 8192 2.000000000 2
984 516 3 8192 2.000000000 2
984 524 3 8192 2.000000000 2
984 536 3 8192 2.000000000 2
984 540 3 8192 2.000000000 2
984 544 3 8192 2.000000000 2
984 552 3 8192 2.000000000 2
984 564 3 8192 2.000000000 2
984 600 3 8192 2.000000000 2
984 608 3 8192 2.000000000 2
984 620 3 8192 2.000000000 2
984 636 3 8192 2.000000000 2
984 652 3 8192 2.000000000 2
984 660 3 8192 2.000000000 2
984 668 3 8192 2.000000000 2
984 680 3 8192 2.000000000 2
984 692 3 8192 2.000000000 2
984 700 3 8192 2.000000000 2
984 704 3 8192 2.000000000 2
984 712 3 8192 2.000000000 2
984 760 3 8192 2.000000000 2
984 780 3 8192 2.000000000 2
984 784 3 8192 2.000000000 2
984 788 3 8192 2.000000000 2
984 832 3 8192 2.000000000 2
984 864 3 8192 2.000000000 2
984 884 3 8192 2.000000000 2
984 912 3 8192 2.000000000 2
984 1036 3 8192 2.000000000 2
984 1048 3 8192 2.000000000 2
984 1056 3 8192 2.000000000 2
984 1060 3 8192 2.000000000 2
984 1080 3 8192 2.000000000 2
984 1084 3 8192 2.000000000 2
984 1160 3 8192 2.000000000 2
984 1168 3 8192 2.000000000 2
984 1192 3 8192 2.000000000 2
984 1196 3 8192 2.000000000 2
984 1212 3 8192 2.000000000 2
984 1220 3 8192 2.000000000 2
984 1224 3 8192 2.000000000 2
988 44 3 8192 2.000000000 2
988 104 3 8192 2.000000000 2
988 112 3 8192 2.000000000 2
988 132 3 8192 2.000000000 2
988 144 3 8192 2.000000000 2
988 148 3 8192 2.000000000 2
988 156 3 8192 2.000000000 2
988 180 3 8192 2.000000000 2
988 192 3 8192 2.000000000 2
988 196 3 8192 2.000000000 2
988 296 3 8192 2.000000000 2
988 332 3 8192 2.000000000 2
988 340 3 8192 2.000000000 2
988 344 3 8192 2.000000000 2
988 352 3 8192 2.000000000 2
988 356 3 8192 2.000000000 2
988 376 3 8192 2.000000000 2
988 392 3 8192 2.000000000 2
988 396 3 8192 2.000000000 2
988 404 3 8192 2.000000000 2
988 408 3 8192 2.000000000 2
988 412 3 8192 2.000000000 2
988 428 3 8192 2.000000000 2
988 468 3 8192 2.000000000 2
988 508 3 8192 2.000000000 2
988 524 3 8192 2.000000000 2
988 540 3 8192 2.000000000 2
988 580 3 8192 2.000000000 2
988 588 3 8192 2.000000000 2
988 600 3 8192 2.000000000 2
988 608 3 8192 2.000000000 2
988 660 3 8192 2.000000000 2
988 680 3 8192 2.000000000 2
988 692 3 8192 2.000000000 2
988 704 3 8192 2.000000000 2
988 736 3 8192 2.000000000 2
988 800 3 8192 2.000000000 2
988 840 3 8192 2.000000000 2
988 844 3 8192 2.000000000 2
988 848 3 8192 2.000000000 2
988 884 3 8192 2.000000000 2
988 900 3 8192 2.000000000 2
988 928 3 8192 2.000000000 2
988 956 3 8192 2.000000000 2
988 1004 3 8192 2.000000000 2
988 1012 3 8192 2.000000000 2
988 1024 3 8192 2.000000000 2
988 1032 3 8192 2.000000000 2
988 1044 3 8192 2.000000000 2
988 1052 3 8192 2.000000000 2
988 1064 3 8192 2.000000000 2
988 1068 3 8192 2.000000000 2
988 1084 3 8192 2.000000000 2
988 1092 3 8192 2.000000000 2
988 1160 3 8192 2.000000000 2
988 1172 3 8192 2.000000000 2
988 1188 3 8192 2.000000000 2
988 1192 3 8192 2.000000000 2
988 1200 3 8192 2.000000000 2
988 1204 3 8192 2.000000000 2
988 1220 3 8192 2.000000000 2
988 1224 3 8192 2.000000000 2
988 1236 3 8192 2.000000000 2
988 1276 3 8192 2.000000000 2
996 4 3 8192 2.000000000 2
996 24 3 8192 2.000000000 2
996 28 3 8192 2.000000000 2
996 32 3 8192 2.000000000 2
996 56 3 8192 2.000000000 2
996 68 3 8192 2.000000000 2
996 72 3 8192 2.000000000 2
996 92 3 8192 2.000000000 2
996 108 3 8192 2.000000000 2
996 116 3 8192 2.000000000 2
996 136 3 8192 2.000000000 2
996 192 3 8192 2.000000000 2
996 204 3 8192 2.000000000 2
996 212 3 8192 2.000000000 2
996 216 3 8192 2.000000000 2
996 220 3 8192 2.000000000 2
996 224 3 8192 2.000000000 2
996 252 3 8192 2.000000000 2
996 316 3 8192 2.000000000 2
996 336 3 8192 2.000000000 2
996 352 3 8192 2.000000000 2
996 372 3 8192 2.000000000 2
996 384 3 8192 2.000000000 2
996 392 3 8192 2.000000000 2
996 400 3 8192 2.000000000 2
996 408 3 8192 2.000000000 2
996 424 3 8192 2.000000000 2
996 500 3 8192 2.000000000 2
996 516 3 8192 2.000000000 2
996 536 3 8192 2.000000000 2
996 548 3 8192 2.000000000 2
996 580 3 8192 2.000000000 2
996 588 3 8192 2.000000000 2
996 620 3 8192 2.000000000 2
996 696 3 8192 2.000000000 2
996 700 3 8192 2.000000000 2
996 704 3 8192 2.000000000 2
996 776 3 8192 2.000000000 2
996 780 3 8192 2.000000000 2
996 812 3 8192 2.000000000 2
996 832 3 8192 2.000000000 2
996 912 3 8192 2.000000000 2
996 956 3 8192 2.000000000 2
996 976 3 8192 2.000000000 2
996 980 3 8192 2.000000000 2
996 1020 3 8192 2.000000000 2
996 1024 3 8192 2.000000000 2
996 1028 3 8192 2.000000000 2
996 1052 3 8192 2.000000000 2
996 1056 3 8192 2.000000000 2
996 1060 3 8192 2.000000000 2
996 1080 3 8192 2.000000000 2
996 1084 3 8192 2.000000000 2
996 1092 3 8192 2.000000000 2
996 1132 3 8192 2.000000000 2
996 1144 3 8192 2.000000000 2
996 1156 3 8192 2.000000000 2
996 1164 3 8192 2.000000000 2
996 1188 3 8192 2.000000000 2
996 1200 3 8192 2.000000000 2
996 1204 3 8192 2.000000000 2
996 1212 3 8192 2.000000000 2
996 1244 3 8192 2.000000000 2
996 1272 3 8192 2.000000000 2
1000 40 3 8192 2.000000000 2
1000 44 3 8192 2.000000000 2
1000 108 3 8192 2.000000000 2
1000 120 3 8192 2.000000000 2
1000 140 3 8192 2.000000000 2
1000 148 3 8192 2.000000000 2
1000 196 3 8192 2.000000000 2
1000 204 3 8192 2.000000000 2
1000 224 3 8192 2.000000000 2
1000 236 3 8192 2.000000000 2
1000 240 3 8192 2.000000000 2
1000 244 3 8192 2.000000000 2
1000 248 3 8192 2.000000000 2
1000 264 3 8192 2.000000000 2
1000 272 3 8192 2.000000000 2
1000 296 3 8192 2.000000000 2
1000 328 3 8192 2.000000000 2
1000 340 3 8192 2.000000000 2
1000 384 3 8192 2.000000000 2
1000 392 3 8192 2.000000000 2
1000 408 3 8192 2.000000000 2
1000 472 3 8192 2.000000000 2
1000 520 3 8192 2.000000000 2
1000 524 3 8192 2.000000000 2
1000 540 3 8192 2.000000000 2
1000 544 3 8192 2.000000000 2
1000 548 3 8192 2.000000000 2
1000 552 3 8192 2.000000000 2
1000 568 3 8192 2.000000000 2
1000 608 3 8192 2.000000000 2
1000 616 3 8192 2.000000000 2
1000 620 3 8192 2.000000000 2
1000 668 3 8192 2.000000000 2
1000 676 3 8192 2.000000000 2
1000 688 3 8192 2.000000000 2
1000 712 3 8192 2.000000000 2
1000 720 3 8192 2.000000000 2
1000 760 3 8192 2.000000000 2
1000 764 3 8192 2.000000000 2
1000 780 3 8192 2.000000000 2
1000 832 3 8192 2.000000000 2
1000 836 3 8192 2.000000000 2
1000 848 3 8192 2.000000000 2
1000 868 3 8192 2.000000000 2
1000 900 3 8192 2.000000000 2
1000 908 3 8192 2.000000000 2
1000 920 3 8192 2.000000000 2
1000 940 3 8192 2.000000000 2
1000 952 3 8192 2.000000000 2
1000 960 3 8192 2.000000000 2
1000 980 3 8192 2.000000000 2
1000 1008 3 8192 2.000000000 2
1000 1020 3 8192 2.000000000 2
1000 1028 3 8192 2.000000000 2
1000 1032 3 8192 2.000000000 2
1000 1064 3 8192 2.000000000 2
1000 1092 3 8192 2.000000000 2
1000 1120 3 8192 2.000000000 2
1000 1140 3 8192 2.000000000 2
1000 1160 3 8192 2.000000000 2
1000 1168 3 8192 2.000000000 2
1000 1172 3 8192 2.000000000 2
1000 1196 3 8192 2.000000000 2
1000 1228 3 8192 2.000000000 2
1004 12 3 8192 2.000000000 2
1004 20 3 8192 2.000000000 2
1004 32 3 8192 2.000000000 2
1004 40 3 8192 2.000000000 2
1004 44 3 8192 2.000000000 2
1004 48 3 8192 2.000000000 2
1004 72 3 8192 2.000000000 2
1004 108 3 8192 2.000000000 2
1004 116 3 8192 2.000000000 2
1004 132 3 8192 2.000000000 2
1004 160 3 8192 2.000000000 2
1004 172 3 8192 2.000000000 2
1004 176 3 8192 2.000000000 2
1004 196 3 8192 2.000000000 2
1004 204 3 8192 2.000000000 2
1004 220 3 8192 2.000000000 2
1004 224 3 8192 2.000000000 2
1004 236 3 8192 2.000000000 2
1004 256 3 8192 2.000000000 2
1004 276 3 8192 2.000000000 2
1004 308 3 8192 2.000000000 2
1004 332 3 8192 2.000000000 2
1004 360 3 8192 2.000000000 2
1004 404 3 8192 2.000000000 2
1004 408 3 8192 2.000000000 2
1004 416 3 8192 2.000000000 2
1004 492 3 8192 2.000000000 2
1004 504 3 8192 2.000000000 2
1004 524 3 8192 2.000000000 2
1004 540 3 8192 2.000000000 2
1004 552 3 8192 2.000000000 2
1004 568 3 8192 2.000000000 2
1004 592 3 8192 2.000000000 2
1004 608 3 8192 2.000000000 2
1004 628 3 8192 2.000000000 2
1004 648 3 8192 2.000000000 2
1004 656 3 8192 2.000000000 2
1004 692 3 8192 2.000000000 2
1004 720 3 8192 2.000000000 2
1004 724 3 8192 2.000000000 2
1004 728 3 8192 2.000000000 2
1004 780 3 8192 2.000000000 2
1004 812 3 8192 2.000000000 2
1004 820 3 8192 2.000000000 2
1004 848 3 8192 2.000000000 2
1004 860 3 8192 2.000000000 2
1004 876 3 8192 2.000000000 2
1004 884 3 8192 2.000000000 2
1004 888 3 8192 2.000000000 2
1004 916 3 8192 2.000000000 2
1004 936 3 8192 2.000000000 2
1004 948 3 8192 2.000000000 2
1004 984 3 8192 2.000000000 2
1004 988 3 8192 2.000000000 2
1004 1028 3 8192 2.000000000 2
1004 1044 3 8192 2.000000000 2
1004 1052 3 8192 2.000000000 2
1004 1064 3 8192 2.000000000 2
1004 1172 3 8192 2.000000000 2
1004 1184 3 8192 2.000000000 2
1004 1192 3 8192 2.000000000 2
1004 1204 3 8192 2.000000000 2
1004 1212 3 8192 2.000000000 2
1004 1264 3 8192 2.000000000 2
1008 8 3 8192 2.000000000 2
1008 12 3 8192 2.000000000 2
1008 16 3 8192 2.000000000 2
1008 24 3 8192 2.000000000 2
1008 64 3 8192 2.000000000 2
1008 92 3 8192 2.000000000 2
1008 140 3 8192 2.000000000 2
1008 156 3 8192 2.000000000 2
1008 200 3 8192 2.000000000 2
1008 220 3 8192 2.000000000 2
1008 240 3 8192 2.000000000 2
1008 264 3 8192 2.000000000 2
1008 288 3 8192 2.000000000 2
1008 292 3 8192 2.000000000 2
1008 316 3 8192 2.000000000 2
1008 344 3 8192 2.000000000 2
1008 360 3 8192 2.000000000 2
1008 400 3 8192 2.000000000 2
1008 412 3 8192 2.000000000 2
1008 452 3 8192 2.000000000 2
1008 524 3 8192 2.000000000 2
1008 544 3 8192 2.000000000 2
1008 552 3 8192 2.000000000 2
1008 564 3 8192 2.000000000 2
1008 568 3 8192 2.000000000 2
1008 588 3 8192 2.000000000 2
1008 620 3 8192 2.000000000 2
1008 656 3 8192 2.000000000 2
1008 660 3 8192 2.000000000 2
1008 664 3 8192 2.000000000 2
1008 668 3 8192 2.000000000 2
1008 676 3 8192 2.000000000 2
1008 688 3 8192 2.000000000 2
1008 724 3 8192 2.000000000 2
1008 736 3 8192 2.000000000 2
1008 760 3 8192 2.000000000 2
1008 768 3 8192 2.000000000 2
1008 780 3 8192 2.000000000 2
1008 784 3 8192 2.000000000 2
1008 808 3 8192 2.000000000 2
1008 812 3 8192 2.000000000 2
1008 824 3 8192 2.000000000 2
1008 880 3 8192 2.000000000 2
1008 948 3 8192 2.000000000 2
1008 952 3 8192 2.000000000 2
1008 984 3 8192 2.000000000 2
1008 1012 3 8192 2.000000000 2
1008 1024 3 8192 2.000000000 2
1008 1028 3 8192 2.000000000 2
1008 1044 3 8192 2.000000000 2
1008 1048 3 8192 2.000000000 2
1008 1068 3 8192 2.000000000 2
1008 1080 3 8192 2.000000000 2
1008 1088 3 8192 2.000000000 2
1008 1112 3 8192 2.000000000 2
1008 1116 3 8192 2.000000000 2
1008 1128 3 8192 2.000000000 2
1008 1140 3 8192 2.000000000 2
1008 1144 3 8192 2.000000000 2
1008 1176 3 8192 2.000000000 2
1008 1188 3 8192 2.000000000 2
1008 1192 3 8192 2.000000000 2
1008 1260 3 8192 2.000000000 2
1008 1276 3 8192 2.000000000 2
1012 8 3 8192 2.000000000 2
1012 24 3 8192 2.000000000 2
1012 56 3 8192 2.000000000 2
1012 100 3 8192 2.000000000 2
1012 108 3 8192 2.000000000 2
1012 116 3 8192 2.000000000 2
1012 144 3 8192 2.000000000 2
1012 212 3 8192 2.000000000 2
1012 220 3 8192 2.000000000 2
1012 224 3 8192 2.000000000 2
1012 248 3 8192 2.000000000 2
1012 296 3 8192 2.000000000 2
1012 308 3 8192 2.000000000 2
1012 320 3 8192 2.000000000 2
1012 340 3 8192 2.000000000 2
1012 344 3 8192 2.000000000 2
1012 352 3 8192 2.000000000 2
1012 356 3 8192 2.000000000 2
1012 368 3 8192 2.000000000 2
1012 372 3 8192 2.000000000 2
1012 388 3 8192 2.000000000 2
1012 396 3 8192 2.000000000 2
1012 404 3 8192 2.000000000 2
1012 416 3 8192 2.000000000 2
1012 424 3 8192 2.000000000 2
1012 440 3 8192 2.000000000 2
1012 460 3 8192 2.000000000 2
1012 472 3 8192 2.000000000 2
1012 496 3 8192 2.000000000 2
1012 536 3 8192 2.000000000 2
1012 552 3 8192 2.000000000 2
1012 568 3 8192 2.000000000 2
1012 596 3 8192 2.000000000 2
1012 636 3 8192 2.000000000 2
1012 648 3 8192 2.000000000 2
1012 668 3 8192 2.000000000 2
1012 708 3 8192 2.000000000 2
1012 716 3 8192 2.000000000 2
1012 724 3 8192 2.000000000 2
1012 776 3 8192 2.000000000 2
1012 780 3 8192 2.000000000 2
1012 784 3 8192 2.000000000 2
1012 788 3 8192 2.000000000 2
1012 800 3 8192 2.000000000 2
1012 848 3 8192 2.000000000 2
1012 876 3 8192 2.000000000 2
1012 888 3 8192 2.000000000 2
1012 908 3 8192 2.000000000 2
1012 960 3 8192 2.000000000 2
1012 972 3 8192 2.000000000 2
1012 980 3 8192 2.000000000 2
1012 1000 3 8192 2.000000000 2
1012 1020 3 8192 2.000000000 2
1012 1032 3 8192 2.000000000 2
1012 1068 3 8192 2.000000000 2
1012 1116 3 8192 2.000000000 2
1012 1132 3 8192 2.000000000 2
1012 1152 3 8192 2.000000000 2
1012 1168 3 8192 2.000000000 2
1012 1176 3 8192 2.000000000 2
1012 1184 3 8192 2.000000000 2
1012 1200 3 8192 2.000000000 2
1012 1216 3 8192 2.000000000 2
1012 1244 3 8192 2.000000000 2
1020 32 3 8192 2.000000000 2
1020 80 3 8192 2.000000000 2
1020 108 3 8192 2.000000000 2
1020 112 3 8192 2.000000000 2
1020 124 3 8192 2.000000000 2
1020 140 3 8192 2.000000000 2
1020 184 3 8192 2.000000000 2
1020 204 3 8192 2.000000000 2
1020 224 3 8192 2.000000000 2
1020 272 3 8192 2.000000000 2
1020 292 3 8192 2.000000000 2
1020 316 3 8192 2.000000000 2
1020 340 3 8192 2.000000000 2
1020 384 3 8192 2.000000000 2
1020 416 3 8192 2.000000000 2
1020 428 3 8192 2.000000000 2
1020 452 3 8192 2.000000000 2
1020 464 3 8192 2.000000000 2
1020 532 3 8192 2.000000000 2
1020 536 3 8192 2.000000000 2
1020 564 3 8192 2.000000000 2
1020 588 3 8192 2.000000000 2
1020 592 3 8192 2.000000000 2
1020 600 3 8192 2.000000000 2
1020 620 3 8192 2.000000000 2
1020 628 3 8192 2.000000000 2
1020 632 3 8192 2.000000000 2
1020 660 3 8192 2.000000000 2
1020 696 3 8192 2.000000000 2
1020 700 3 8192 2.000000000 2
1020 708 3 8192 2.000000000 2
1020 720 3 8192 2.000000000 2
1020 728 3 8192 2.000000000 2
1020 780 3 8192 2.000000000 2
1020 788 3 8192 2.000000000 2
1020 792 3 8192 2.000000000 2
1020 848 3 8192 2.000000000 2
1020 864 3 8192 2.000000000 2
1020 868 3 8192 2.000000000 2
1020 888 3 8192 2.000000000 2
1020 892 3 8192 2.000000000 2
1020 908 3 8192 2.000000000 2
1020 940 3 8192 2.000000000 2
1020 948 3 8192 2.000000000 2
1020 956 3 8192 2.000000000 2
1020 972 3 8192 2.000000000 2
1020 1012 3 8192 2.000000000 2
1020 1024 3 8192 2.000000000 2
1020 1044 3 8192 2.000000000 2
1020 1072 3 8192 2.000000000 2
1020 1112 3 8192 2.000000000 2
1020 1148 3 8192 2.000000000 2
1020 1164 3 8192 2.000000000 2
1020 1168 3 8192 2.000000000 2
1020 1172 3 8192 2.000000000 2
1020 1176 3 8192 2.000000000 2
1020 1196 3 8192 2.000000000 2
1020 1216 3 8192 2.000000000 2
1020 1224 3 8192 2.000000000 2
1020 1236 3 8192 2.000000000 2
1020 1244 3 8192 2.000000000 2
1020 1260 3 8192 2.000000000 2
1020 1264 3 8192 2.000000000 2
1020 1272 3 8192 2.000000000 2
1024 4 3 8192 2.000000000 2
1024 12 3 8192 2.000000000 2
1024 20 3 8192 2.000000000 2
1024 24 3 8192 2.000000000 2
1024 72 3 8192 2.000000000 2
1024 112 3 8192 2.000000000 2
1024 120 3 8192 2.000000000 2
1024 136 3 8192 2.000000000 2
1024 140 3 8192 2.000000000 2
1024 144 3 8192 2.000000000 2
1024 156 3 8192 2.000000000 2
1024 160 3 8192 2.000000000 2
1024 172 3 8192 2.000000000 2
1024 200 3 8192 2.000000000 2
1024 208 3 8192 2.000000000 2
1024 224 3 8192 2.000000000 2
1024 312 3 8192 2.000000000 2
1024 328 3 8192 2.000000000 2
1024 352 3 8192 2.000000000 2
1024 356 3 8192 2.000000000 2
1024 368 3 8192 2.000000000 2
1024 372 3 8192 2.000000000 2
1024 392 3 8192 2.000000000 2
1024 396 3 8192 2.000000000 2
1024 416 3 8192 2.000000000 2
1024 440 3 8192 2.000000000 2
1024 472 3 8192 2.000000000 2
1024 496 3 8192 2.000000000 2
1024 500 3 8192 2.000000000 2
1024 552 3 8192 2.000000000 2
1024 580 3 8192 2.000000000 2
1024 628 3 8192 2.000000000 2
1024 696 3 8192 2.000000000 2
1024 720 3 8192 2.000000000 2
1024 728 3 8192 2.000000000 2
1024 736 3 8192 2.000000000 2
1024 764 3 8192 2.000000000 2
1024 768 3 8192 2.000000000 2
1024 784 3 8192 2.000000000 2
1024 812 3 8192 2.000000000 2
1024 864 3 8192 2.000000000 2
1024 884 3 8192 2.000000000 2
1024 916 3 8192 2.000000000 2
1024 948 3 8192 2.000000000 2
1024 968 3 8192 2.000000000 2
1024 980 3 8192 2.000000000 2
1024 988 3 8192 2.000000000 2
1024 1008 3 8192 2.000000000 2
1024 1032 3 8192 2.000000000 2
1024 1052 3 8192 2.000000000 2
1024 1064 3 8192 2.000000000 2
1024 1072 3 8192 2.000000000 2
1024 1080 3 8192 2.000000000 2
1024 1132 3 8192 2.000000000 2
1024 1136 3 8192 2.000000000 2
1024 1148 3 8192 2.000000000 2
1024 1160 3 8192 2.000000000 2
1024 1184 3 8192 2.000000000 2
1024 1192 3 8192 2.000000000 2
1024 1196 3 8192 2.000000000 2
1024 1204 3 8192 2.000000000 2
1024 1220 3 8192 2.000000000 2
1024 1260 3 8192 2.000000000 2
1024 1276 3 8192 2.000000000 2
1028 20 3 8192 2.000000000 2
1028 24 3 8192 2.000000000 2
1028 60 3 8192 2.000000000 2
1028 68 3 8192 2.000000000 2
1028 92 3 8192 2.000000000 2
1028 108 3 8192 2.000000000 2
1028 148 3 8192 2.000000000 2
1028 176 3 8192 2.000000000 2
1028 184 3 8192 2.000000000 2
1028 200 3 8192 2.000000000 2
1028 264 3 8192 2.000000000 2
1028 272 3 8192 2.000000000 2
1028 312 3 8192 2.000000000 2
1028 316 3 8192 2.000000000 2
1028 340 3 8192 2.000000000 2
1028 384 3 8192 2.000000000 2
1028 396 3 8192 2.000000000 2
1028 404 3 8192 2.000000000 2
1028 408 3 8192 2.000000000 2
1028 464 3 8192 2.000000000 2
1028 468 3 8192 2.000000000 2
1028 496 3 8192 2.000000000 2
1028 500 3 8192 2.000000000 2
1028 504 3 8192 2.000000000 2
1028 520 3 8192 2.000000000 2
1028 528 3 8192 2.000000000 2
1028 532 3 8192 2.000000000 2
1028 544 3 8192 2.000000000 2
1028 548 3 8192 2.000000000 2
1028 564 3 8192 2.000000000 2
1028 572 3 8192 2.000000000 2
1028 600 3 8192 2.000000000 2
1028 624 3 8192 2.000000000 2
1028 628 3 8192 2.000000000 2
1028 632 3 8192 2.000000000 2
1028 668 3 8192 2.000000000 2
1028 680 3 8192 2.000000000 2
1028 692 3 8192 2.000000000 2
1028 716 3 8192 2.000000000 2
1028 720 3 8192 2.000000000 2
1028 736 3 8192 2.000000000 2
1028 780 3 8192 2.000000000 2
1028 800 3 8192 2.000000000 2
1028 844 3 8192 2.000000000 2
1028 848 3 8192 2.000000000 2
1028 856 3 8192 2.000000000 2
1028 868 3 8192 2.000000000 2
1028 888 3 8192 2.000000000 2
1028 944 3 8192 2.000000000 2
1028 948 3 8192 2.000000000 2
1028 980 3 8192 2.000000000 2
1028 1000 3 8192 2.000000000 2
1028 1024 3 8192 2.000000000 2
1028 1052 3 8192 2.000000000 2
1028 1088 3 8192 2.000000000 2
1028 1148 3 8192 2.000000000 2
1028 1152 3 8192 2.000000000 2
1028 1168 3 8192 2.000000000 2
1028 1200 3 8192 2.000000000 2
1028 1224 3 8192 2.000000000 2
1028 1232 3 8192 2.000000000 2
1028 1244 3 8192 2.000000000 2
1028 1260 3 8192 2.000000000 2
1028 1268 3 8192 2.000000000 2
1032 8 3 8192 2.000000000 2
1032 44 3 8192 2.000000000 2
1032 56 3 8192 2.000000000 2
1032 60 3 8192 2.000000000 2
1032 92 3 8192 2.000000000 2
1032 104 3 8192 2.000000000 2
1032 112 3 8192 2.000000000 2
1032 132 3 8192 2.000000000 2
1032 136 3 8192 2.000000000 2
1032 196 3 8192 2.000000000 2
1032 208 3 8192 2.000000000 2
1032 224 3 8192 2.000000000 2
1032 252 3 8192 2.000000000 2
1032 256 3 8192 2.000000000 2
1032 276 3 8192 2.000000000 2
1032 280 3 8192 2.000000000 2
1032 288 3 8192 2.000000000 2
1032 308 3 8192 2.000000000 2
1032 324 3 8192 2.000000000 2
1032 336 3 8192 2.000000000 2
1032 360 3 8192 2.000000000 2
1032 372 3 8192 2.000000000 2
1032 392 3 8192 2.000000000 2
1032 408 3 8192 2.000000000 2
1032 440 3 8192 2.000000000 2
1032 448 3 8192 2.000000000 2
1032 472 3 8192 2.000000000 2
1032 540 3 8192 2.000000000 2
1032 572 3 8192 2.000000000 2
1032 596 3 8192 2.000000000 2
1032 636 3 8192 2.000000000 2
1032 668 3 8192 2.000000000 2
1032 704 3 8192 2.000000000 2
1032 724 3 8192 2.000000000 2
1032 728 3 8192 2.000000000 2
1032 784 3 8192 2.000000000 2
1032 788 3 8192 2.000000000 2
1032 800 3 8192 2.000000000 2
1032 824 3 8192 2.000000000 2
1032 836 3 8192 2.000000000 2
1032 840 3 8192 2.000000000 2
1032 844 3 8192 2.000000000 2
1032 856 3 8192 2.000000000 2
1032 860 3 8192 2.000000000 2
1032 876 3 8192 2.000000000 2
1032 880 3 8192 2.000000000 2
1032 888 3 8192 2.000000000 2
1032 960 3 8192 2.000000000 2
1032 984 3 8192 2.000000000 2
1032 988 3 8192 2.000000000 2
1032 1028 3 8192 2.000000000 2
1032 1052 3 8192 2.000000000 2
1032 1088 3 8192 2.000000000 2
1032 1096 3 8192 2.000000000 2
1032 1100 3 8192 2.000000000 2
1032 1116 3 8192 2.000000000 2
1032 1140 3 8192 2.000000000 2
1032 1148 3 8192 2.000000000 2
1032 1152 3 8192 2.000000000 2
1032 1160 3 8192 2.000000000 2
1032 1176 3 8192 2.000000000 2
1032 1200 3 8192 2.000000000 2
1032 1260 3 8192 2.000000000 2
1032 1268 3 8192 2.000000000 2
1036 8 3 8192 2.000000000 2
1036 16 3 8192 2.000000000 2
1036 20 3 8192 2.000000000 2
1036 28 3 8192 2.000000000 2
1036 40 3 8192 2.000000000 2
1036 56 3 8192 2.000000000 2
1036 104 3 8192 2.000000000 2
1036 112 3 8192 2.000000000 2
1036 148 3 8192 2.000000000 2
1036 176 3 8192 2.000000000 2
1036 180 3 8192 2.000000000 2
1036 184 3 8192 2.000000000 2
1036 216 3 8192 2.000000000 2
1036 228 3 8192 2.000000000 2
1036 236 3 8192 2.000000000 2
1036 252 3 8192 2.000000000 2
1036 276 3 8192 2.000000000 2
1036 288 3 8192 2.000000000 2
1036 292 3 8192 2.000000000 2
1036 328 3 8192 2.000000000 2
1036 332 3 8192 2.000000000 2
1036 336 3 8192 2.000000000 2
1036 344 3 8192 2.000000000 2
1036 392 3 8192 2.000000000 2
1036 428 3 8192 2.000000000 2
1036 440 3 8192 2.000000000 2
1036 448 3 8192 2.000000000 2
1036 492 3 8192 2.000000000 2
1036 496 3 8192 2.000000000 2
1036 504 3 8192 2.000000000 2
1036 540 3 8192 2.000000000 2
1036 548 3 8192 2.000000000 2
1036 552 3 8192 2.000000000 2
1036 568 3 8192 2.000000000 2
1036 608 3 8192 2.000000000 2
1036 636 3 8192 2.000000000 2
1036 668 3 8192 2.000000000 2
1036 700 3 8192 2.000000000 2
1036 712 3 8192 2.000000000 2
1036 716 3 8192 2.000000000 2
1036 780 3 8192 2.000000000 2
1036 832 3 8192 2.000000000 2
1036 860 3 8192 2.000000000 2
1036 888 3 8192 2.000000000 2
1036 900 3 8192 2.000000000 2
1036 904 3 8192 2.000000000 2
1036 916 3 8192 2.000000000 2
1036 988 3 8192 2.000000000 2
1036 996 3 8192 2.000000000 2
1036 1012 3 8192 2.000000000 2
1036 1028 3 8192 2.000000000 2
1036 1032 3 8192 2.000000000 2
1036 1052 3 8192 2.000000000 2
1036 1084 3 8192 2.000000000 2
1036 1148 3 8192 2.000000000 2
1036 1152 3 8192 2.000000000 2
1036 1160 3 8192 2.000000000 2
1036 1184 3 8192 2.000000000 2
1036 1200 3 8192 2.000000000 2
1036 1212 3 8192 2.000000000 2
1036 1216 3 8192 2.000000000 2
1036 1224 3 8192 2.000000000 2
1036 1244 3 8192 2.000000000 2
1036 1264 3 8192 2.000000000 2
1044 16 3 8192 2.000000000 2
1044 24 3 8192 2.000000000 2
1044 44 3 8192 2.000000000 2
1044 64 3 8192 2.000000000 2
1044 68 3 8192 2.000000000 2
1044 72 3 8192 2.000000000 2
1044 80 3 8192 2.000000000 2
1044 104 3 8192 2.000000000 2
1044 108 3 8192 2.000000000 2
1044 112 3 8192 2.000000000 2
1044 132 3 8192 2.000000000 2
1044 200 3 8192 2.000000000 2
1044 212 3 8192 2.000000000 2
1044 252 3 8192 2.000000000 2
1044 276 3 8192 2.000000000 2
1044 316 3 8192 2.000000000 2
1044 320 3 8192 2.000000000 2
1044 324 3 8192 2.000000000 2
1044 336 3 8192 2.000000000 2
1044 340 3 8192 2.000000000 2
1044 352 3 8192 2.000000000 2
1044 356 3 8192 2.000000000 2
1044 368 3 8192 2.000000000 2
1044 396 3 8192 2.000000000 2
1044 400 3 8192 2.000000000 2
1044 416 3 8192 2.000000000 2
1044 524 3 8192 2.000000000 2
1044 544 3 8192 2.000000000 2
1044 548 3 8192 2.000000000 2
1044 564 3 8192 2.000000000 2
1044 588 3 8192 2.000000000 2
1044 632 3 8192 2.000000000 2
1044 664 3 8192 2.000000000 2
1044 680 3 8192 2.000000000 2
1044 700 3 8192 2.000000000 2
1044 708 3 8192 2.000000000 2
1044 716 3 8192 2.000000000 2
1044 720 3 8192 2.000000000 2
1044 732 3 8192 2.000000000 2
1044 788 3 8192 2.000000000 2
1044 836 3 8192 2.000000000 2
1044 844 3 8192 2.000000000 2
1044 864 3 8192 2.000000000 2
1044 876 3 8192 2.000000000 2
1044 884 3 8192 2.000000000 2
1044 936 3 8192 2.000000000 2
1044 944 3 8192 2.000000000 2
1044 952 3 8192 2.000000000 2
1044 960 3 8192 2.000000000 2
1044 968 3 8192 2.000000000 2
1044 976 3 8192 2.000000000 2
1044 1028 3 8192 2.000000000 2
1044 1048 3 8192 2.000000000 2
1044 1052 3 8192 2.000000000 2
1044 1080 3 8192 2.000000000 2
1044 1092 3 8192 2.000000000 2
1044 1120 3 8192 2.000000000 2
1044 1156 3 8192 2.000000000 2
1044 1188 3 8192 2.000000000 2
1044 1212 3 8192 2.000000000 2
1044 1216 3 8192 2.000000000 2
1044 1236 3 8192 2.000000000 2
1044 1244 3 8192 2.000000000 2
1044 1260 3 8192 2.000000000 2
1048 8 3 8192 2.000000000 2
1048 60 3 8192 2.000000000 2
1048 64 3 8192 2.000000000 2
1048 72 3 8192 2.000000000 2
1048 100 3 8192 2.000000000 2
1048 140 3 8192 2.000000000 2
1048 144 3 8192 2.000000000 2
1048 172 3 8192 2.000000000 2
1048 180 3 8192 2.000000000 2
1048 188 3 8192 2.000000000 2
1048 200 3 8192 2.000000000 2
1048 220 3 8192 2.000000000 2
1048 248 3 8192 2.000000000 2
1048 256 3 8192 2.000000000 2
1048 268 3 8192 2.000000000 2
1048 308 3 8192 2.000000000 2
1048 316 3 8192 2.000000000 2
1048 340 3 8192 2.000000000 2
1048 356 3 8192 2.000000000 2
1048 368 3 8192 2.000000000 2
1048 400 3 8192 2.000000000 2
1048 412 3 8192 2.000000000 2
1048 424 3 8192 2.000000000 2
1048 444 3 8192 2.000000000 2
1048 472 3 8192 2.000000000 2
1048 528 3 8192 2.000000000 2
1048 552 3 8192 2.000000000 2
1048 564 3 8192 2.000000000 2
1048 568 3 8192 2.000000000 2
1048 572 3 8192 2.000000000 2
1048 580 3 8192 2.000000000 2
1048 628 3 8192 2.000000000 2
1048 632 3 8192 2.000000000 2
1048 668 3 8192 2.000000000 2
1048 680 3 8192 2.000000000 2
1048 728 3 8192 2.000000000 2
1048 732 3 8192 2.000000000 2
1048 768 3 8192 2.000000000 2
1048 784 3 8192 2.000000000 2
1048 820 3 8192 2.000000000 2
1048 880 3 8192 2.000000000 2
1048 888 3 8192 2.000000000 2
1048 912 3 8192 2.000000000 2
1048 936 3 8192 2.000000000 2
1048 940 3 8192 2.000000000 2
1048 944 3 8192 2.000000000 2
1048 956 3 8192 2.000000000 2
1048 968 3 8192 2.000000000 2
1048 984 3 8192 2.000000000 2
1048 1004 3 8192 2.000000000 2
1048 1012 3 8192 2.000000000 2
1048 1032 3 8192 2.000000000 2
1048 1064 3 8192 2.000000000 2
1048 1068 3 8192 2.000000000 2
1048 1092 3 8192 2.000000000 2
1048 1096 3 8192 2.000000000 2
1048 1112 3 8192 2.000000000 2
1048 1164 3 8192 2.000000000 2
1048 1176 3 8192 2.000000000 2
1048 1184 3 8192 2.000000000 2
1048 1196 3 8192 2.000000000 2
1048 1200 3 8192 2.000000000 2
1048 1204 3 8192 2.000000000 2
1048 1276 3 8192 2.000000000 2
1052 8 3 8192 2.000000000 2
1052 32 3 8192 2.000000000 2
1052 64 3 8192 2.000000000 2
1052 92 3 8192 2.000000000 2
1052 116 3 8192 2.000000000 2
1052 160 3 8192 2.000000000 2
1052 172 3 8192 2.000000000 2
1052 204 3 8192 2.000000000 2
1052 236 3 8192 2.000000000 2
1052 264 3 8192 2.000000000 2
1052 268 3 8192 2.000000000 2
1052 280 3 8192 2.000000000 2
1052 292 3 8192 2.000000000 2
1052 328 3 8192 2.000000000 2
1052 336 3 8192 2.000000000 2
1052 360 3 8192 2.000000000 2
1052 412 3 8192 2.000000000 2
1052 416 3 8192 2.000000000 2
1052 444 3 8192 2.000000000 2
1052 456 3 8192 2.000000000 2
1052 468 3 8192 2.000000000 2
1052 496 3 8192 2.000000000 2
1052 500 3 8192 2.000000000 2
1052 508 3 8192 2.000000000 2
1052 528 3 8192 2.000000000 2
1052 532 3 8192 2.000000000 2
1052 544 3 8192 2.000000000 2
1052 560 3 8192 2.000000000 2
1052 580 3 8192 2.000000000 2
1052 600 3 8192 2.000000000 2
1052 624 3 8192 2.000000000 2
1052 628 3 8192 2.000000000 2
1052 636 3 8192 2.000000000 2
1052 664 3 8192 2.000000000 2
1052 680 3 8192 2.000000000 2
1052 712 3 8192 2.000000000 2
1052 724 3 8192 2.000000000 2
1052 732 3 8192 2.000000000 2
1052 768 3 8192 2.000000000 2
1052 776 3 8192 2.000000000 2
1052 780 3 8192 2.000000000 2
1052 792 3 8192 2.000000000 2
1052 812 3 8192 2.000000000 2
1052 832 3 8192 2.000000000 2
1052 836 3 8192 2.000000000 2
1052 840 3 8192 2.000000000 2
1052 848 3 8192 2.000000000 2
1052 884 3 8192 2.000000000 2
1052 916 3 8192 2.000000000 2
1052 920 3 8192 2.000000000 2
1052 928 3 8192 2.000000000 2
1052 972 3 8192 2.000000000 2
1052 980 3 8192 2.000000000 2
1052 984 3 8192 2.000000000 2
1052 988 3 8192 2.000000000 2
1052 1004 3 8192 2.000000000 2
1052 1008 3 8192 2.000000000 2
1052 1056 3 8192 2.000000000 2
1052 1156 3 8192 2.000000000 2
1052 1184 3 8192 2.000000000 2
1052 1204 3 8192 2.000000000 2
1052 1232 3 8192 2.000000000 2
1052 1268 3 8192 2.000000000 2
1052 1276 3 8192 2.000000000 2
1056 8 3 8192 2.000000000 2
1056 68 3 8192 2.000000000 2
1056 100 3 8192 2.000000000 2
1056 132 3 8192 2.000000000 2
1056 148 3 8192 2.000000000 2
1056 156 3 8192 2.000000000 2
1056 180 3 8192 2.000000000 2
1056 208 3 8192 2.000000000 2
1056 216 3 8192 2.000000000 2
1056 244 3 8192 2.000000000 2
1056 252 3 8192 2.000000000 2
1056 264 3 8192 2.000000000 2
1056 280 3 8192 2.000000000 2
1056 292 3 8192 2.000000000 2
1056 312 3 8192 2.000000000 2
1056 316 3 8192 2.000000000 2
1056 356 3 8192 2.000000000 2
1056 376 3 8192 2.000000000 2
1056 384 3 8192 2.000000000 2
1056 444 3 8192 2.000000000 2
1056 468 3 8192 2.000000000 2
1056 492 3 8192 2.000000000 2
1056 508 3 8192 2.000000000 2
1056 516 3 8192 2.000000000 2
1056 528 3 8192 2.000000000 2
1056 560 3 8192 2.000000000 2
1056 592 3 8192 2.000000000 2
1056 596 3 8192 2.000000000 2
1056 616 3 8192 2.000000000 2
1056 632 3 8192 2.000000000 2
1056 656 3 8192 2.000000000 2
1056 692 3 8192 2.000000000 2
1056 696 3 8192 2.000000000 2
1056 704 3 8192 2.000000000 2
1056 712 3 8192 2.000000000 2
1056 764 3 8192 2.000000000 2
1056 776 3 8192 2.000000000 2
1056 784 3 8192 2.000000000 2
1056 808 3 8192 2.000000000 2
1056 840 3 8192 2.000000000 2
1056 868 3 8192 2.000000000 2
1056 876 3 8192 2.000000000 2
1056 880 3 8192 2.000000000 2
1056 960 3 8192 2.000000000 2
1056 980 3 8192 2.000000000 2
1056 984 3 8192 2.000000000 2
1056 988 3 8192 2.000000000 2
1056 1008 3 8192 2.000000000 2
1056 1012 3 8192 2.000000000 2
1056 1048 3 8192 2.000000000 2
1056 1052 3 8192 2.000000000 2
1056 1064 3 8192 2.000000000 2
1056 1136 3 8192 2.000000000 2
1056 1148 3 8192 2.000000000 2
1056 1156 3 8192 2.000000000 2
1056 1160 3 8192 2.000000000 2
1056 1168 3 8192 2.000000000 2
1056 1196 3 8192 2.000000000 2
1056 1224 3 8192 2.000000000 2
1056 1232 3 8192 2.000000000 2
1056 1244 3 8192 2.000000000 2
1056 1260 3 8192 2.000000000 2
1056 1272 3 8192 2.000000000 2
1056 1276 3 8192 2.000000000 2
1060 4 3 8192 2.000000000 2
1060 12 3 8192 2.000000000 2
1060 20 3 8192 2.000000000 2
1060 28 3 8192 2.000000000 2
1060 72 3 8192 2.000000000 2
1060 80 3 8192 2.000000000 2
1060 104 3 8192 2.000000000 2
1060 140 3 8192 2.000000000 2
1060 148 3 8192 2.000000000 2
1060 180 3 8192 2.000000000 2
1060 184 3 8192 2.000000000 2
1060 208 3 8192 2.000000000 2
1060 236 3 8192 2.000000000 2
1060 240 3 8192 2.000000000 2
1060 264 3 8192 2.000000000 2
1060 268 3 8192 2.000000000 2
1060 280 3 8192 2.000000000 2
1060 288 3 8192 2.000000000 2
1060 324 3 8192 2.000000000 2
1060 352 3 8192 2.000000000 2
1060 384 3 8192 2.000000000 2
1060 408 3 8192 2.000000000 2
1060 528 3 8192 2.000000000 2
1060 592 3 8192 2.000000000 2
1060 596 3 8192 2.000000000 2
1060 632 3 8192 2.000000000 2
1060 692 3 8192 2.000000000 2
1060 708 3 8192 2.000000000 2
1060 720 3 8192 2.000000000 2
1060 724 3 8192 2.000000000 2
1060 732 3 8192 2.000000000 2
1060 768 3 8192 2.000000000 2
1060 800 3 8192 2.000000000 2
1060 836 3 8192 2.000000000 2
1060 844 3 8192 2.000000000 2
1060 856 3 8192 2.000000000 2
1060 864 3 8192 2.000000000 2
1060 880 3 8192 2.000000000 2
1060 904 3 8192 2.000000000 2
1060 912 3 8192 2.000000000 2
1060 940 3 8192 2.000000000 2
1060 956 3 8192 2.000000000 2
1060 980 3 8192 2.000000000 2
1060 1024 3 8192 2.000000000 2
1060 1028 3 8192 2.000000000 2
1060 1032 3 8192 2.000000000 2
1060 1036 3 8192 2.000000000 2
1060 1044 3 8192 2.000000000 2
1060 1048 3 8192 2.000000000 2
1060 1052 3 8192 2.000000000 2
1060 1080 3 8192 2.000000000 2
1060 1096 3 8192 2.000000000 2
1060 1100 3 8192 2.000000000 2
1060 1112 3 8192 2.000000000 2
1060 1116 3 8192 2.000000000 2
1060 1156 3 8192 2.000000000 2
1060 1184 3 8192 2.000000000 2
1060 1224 3 8192 2.000000000 2
1060 1228 3 8192 2.000000000 2
1060 1244 3 8192 2.000000000 2
1060 1260 3 8192 2.000000000 2
1060 1264 3 8192 2.000000000 2
1060 1272 3 8192 2.000000000 2
1060 1276 3 8192 2.000000000 2
1064 4 3 8192 2.000000000 2
1064 8 3 8192 2.000000000 2
1064 12 3 8192 2.000000000 2
1064 44 3 8192 2.000000000 2
1064 80 3 8192 2.000000000 2
1064 92 3 8192 2.000000000 2
1064 108 3 8192 2.000000000 2
1064 112 3 8192 2.000000000 2
1064 116 3 8192 2.000000000 2
1064 132 3 8192 2.000000000 2
1064 180 3 8192 2.000000000 2
1064 184 3 8192 2.000000000 2
1064 188 3 8192 2.000000000 2
1064 196 3 8192 2.000000000 2
1064 216 3 8192 2.000000000 2
1064 248 3 8192 2.000000000 2
1064 252 3 8192 2.000000000 2
1064 256 3 8192 2.000000000 2
1064 264 3 8192 2.000000000 2
1064 292 3 8192 2.000000000 2
1064 320 3 8192 2.000000000 2
1064 324 3 8192 2.000000000 2
1064 328 3 8192 2.000000000 2
1064 344 3 8192 2.000000000 2
1064 372 3 8192 2.000000000 2
1064 376 3 8192 2.000000000 2
1064 392 3 8192 2.000000000 2
1064 400 3 8192 2.000000000 2
1064 444 3 8192 2.000000000 2
1064 460 3 8192 2.000000000 2
1064 464 3 8192 2.000000000 2
1064 468 3 8192 2.000000000 2
1064 504 3 8192 2.000000000 2
1064 528 3 8192 2.000000000 2
1064 572 3 8192 2.000000000 2
1064 580 3 8192 2.000000000 2
1064 628 3 8192 2.000000000 2
1064 632 3 8192 2.000000000 2
1064 648 3 8192 2.000000000 2
1064 656 3 8192 2.000000000 2
1064 664 3 8192 2.000000000 2
1064 688 3 8192 2.000000000 2
1064 704 3 8192 2.000000000 2
1064 708 3 8192 2.000000000 2
1064 720 3 8192 2.000000000 2
1064 808 3 8192 2.000000000 2
1064 836 3 8192 2.000000000 2
1064 856 3 8192 2.000000000 2
1064 864 3 8192 2.000000000 2
1064 868 3 8192 2.000000000 2
1064 884 3 8192 2.000000000 2
1064 900 3 8192 2.000000000 2
1064 908 3 8192 2.000000000 2
1064 916 3 8192 2.000000000 2
1064 976 3 8192 2.000000000 2
1064 984 3 8192 2.000000000 2
1064 1032 3 8192 2.000000000 2
1064 1052 3 8192 2.000000000 2
1064 1112 3 8192 2.000000000 2
1064 1188 3 8192 2.000000000 2
1064 1216 3 8192 2.000000000 2
1064 1220 3 8192 2.000000000 2
1064 1260 3 8192 2.000000000 2
1064 1264 3 8192 2.000000000 2
1068 8 3 8192 2.000000000 2
1068 12 3 8192 2.000000000 2
1068 16 3 8192 2.000000000 2
1068 20 3 8192 2.000000000 2
1068 24 3 8192 2.000000000 2
1068 28 3 8192 2.000000000 2
1068 48 3 8192 2.000000000 2
1068 56 3 8192 2.000000000 2
1068 60 3 8192 2.000000000 2
1068 80 3 8192 2.000000000 2
1068 136 3 8192 2.000000000 2
1068 160 3 8192 2.000000000 2
1068 188 3 8192 2.000000000 2
1068 196 3 8192 2.000000000 2
1068 200 3 8192 2.000000000 2
1068 220 3 8192 2.000000000 2
1068 224 3 8192 2.000000000 2
1068 236 3 8192 2.000000000 2
1068 252 3 8192 2.000000000 2
1068 296 3 8192 2.000000000 2
1068 320 3 8192 2.000000000 2
1068 328 3 8192 2.000000000 2
1068 336 3 8192 2.000000000 2
1068 368 3 8192 2.000000000 2
1068 384 3 8192 2.000000000 2
1068 400 3 8192 2.000000000 2
1068 408 3 8192 2.000000000 2
1068 444 3 8192 2.000000000 2
1068 448 3 8192 2.000000000 2
1068 460 3 8192 2.000000000 2
1068 508 3 8192 2.000000000 2
1068 524 3 8192 2.000000000 2
1068 544 3 8192 2.000000000 2
1068 552 3 8192 2.000000000 2
1068 564 3 8192 2.000000000 2
1068 596 3 8192 2.000000000 2
1068 600 3 8192 2.000000000 2
1068 628 3 8192 2.000000000 2
1068 648 3 8192 2.000000000 2
1068 668 3 8192 2.000000000 2
1068 692 3 8192 2.000000000 2
1068 724 3 8192 2.000000000 2
1068 812 3 8192 2.000000000 2
1068 820 3 8192 2.000000000 2
1068 840 3 8192 2.000000000 2
1068 868 3 8192 2.000000000 2
1068 888 3 8192 2.000000000 2
1068 900 3 8192 2.000000000 2
1068 904 3 8192 2.000000000 2
1068 920 3 8192 2.000000000 2
1068 928 3 8192 2.000000000 2
1068 948 3 8192 2.000000000 2
1068 976 3 8192 2.000000000 2
1068 1000 3 8192 2.000000000 2
1068 1012 3 8192 2.000000000 2
1068 1160 3 8192 2.000000000 2
1068 1164 3 8192 2.000000000 2
1068 1172 3 8192 2.000000000 2
1068 1176 3 8192 2.000000000 2
1068 1192 3 8192 2.000000000 2
1068 1212 3 8192 2.000000000 2
1068 1220 3 8192 2.000000000 2
1068 1236 3 8192 2.000000000 2
1068 1264 3 8192 2.000000000 2
1072 8 3 8192 2.000000000 2
1072 12 3 8192 2.000000000 2
1072 16 3 8192 2.000000000 2
1072 24 3 8192 2.000000000 2
1072 32 3 8192 2.000000000 2
1072 44 3 8192 2.000000000 2
1072 56 3 8192 2.000000000 2
1072 80 3 8192 2.000000000 2
1072 104 3 8192 2.000000000 2
1072 116 3 8192 2.000000000 2
1072 124 3 8192 2.000000000 2
1072 144 3 8192 2.000000000 2
1072 156 3 8192 2.000000000 2
1072 172 3 8192 2.000000000 2
1072 248 3 8192 2.000000000 2
1072 252 3 8192 2.000000000 2
1072 308 3 8192 2.000000000 2
1072 328 3 8192 2.000000000 2
1072 368 3 8192 2.000000000 2
1072 372 3 8192 2.000000000 2
1072 388 3 8192 2.000000000 2
1072 424 3 8192 2.000000000 2
1072 428 3 8192 2.000000000 2
1072 448 3 8192 2.000000000 2
1072 492 3 8192 2.000000000 2
1072 496 3 8192 2.000000000 2
1072 520 3 8192 2.000000000 2
1072 536 3 8192 2.000000000 2
1072 548 3 8192 2.000000000 2
1072 568 3 8192 2.000000000 2
1072 596 3 8192 2.000000000 2
1072 616 3 8192 2.000000000 2
1072 628 3 8192 2.000000000 2
1072 660 3 8192 2.000000000 2
1072 676 3 8192 2.000000000 2
1072 692 3 8192 2.000000000 2
1072 720 3 8192 2.000000000 2
1072 768 3 8192 2.000000000 2
1072 788 3 8192 2.000000000 2
1072 836 3 8192 2.000000000 2
1072 868 3 8192 2.000000000 2
1072 876 3 8192 2.000000000 2
1072 908 3 8192 2.000000000 2
1072 920 3 8192 2.000000000 2
1072 944 3 8192 2.000000000 2
1072 980 3 8192 2.000000000 2
1072 996 3 8192 2.000000000 2
1072 1020 3 8192 2.000000000 2
1072 1024 3 8192 2.000000000 2
1072 1028 3 8192 2.000000000 2
1072 1044 3 8192 2.000000000 2
1072 1052 3 8192 2.000000000 2
1072 1064 3 8192 2.000000000 2
1072 1080 3 8192 2.000000000 2
1072 1092 3 8192 2.000000000 2
1072 1112 3 8192 2.000000000 2
1072 1156 3 8192 2.000000000 2
1072 1172 3 8192 2.000000000 2
1072 1176 3 8192 2.000000000 2
1072 1188 3 8192 2.000000000 2
1072 1192 3 8192 2.000000000 2
1072 1200 3 8192 2.000000000 2
1072 1212 3 8192 2.000000000 2
1072 1260 3 8192 2.000000000 2
1080 28 3 8192 2.000000000 2
1080 88 3 8192 2.000000000 2
1080 104 3 8192 2.000000000 2
1080 112 3 8192 2.000000000 2
1080 120 3 8192 2.000000000 2
1080 160 3 8192 2.000000000 2
1080 172 3 8192 2.000000000 2
1080 184 3 8192 2.000000000 2
1080 188 3 8192 2.000000000 2
1080 204 3 8192 2.000000000 2
1080 252 3 8192 2.000000000 2
1080 324 3 8192 2.000000000 2
1080 368 3 8192 2.000000000 2
1080 396 3 8192 2.000000000 2
1080 416 3 8192 2.000000000 2
1080 444 3 8192 2.000000000 2
1080 448 3 8192 2.000000000 2
1080 472 3 8192 2.000000000 2
1080 524 3 8192 2.000000000 2
1080 528 3 8192 2.000000000 2
1080 536 3 8192 2.000000000 2
1080 540 3 8192 2.000000000 2
1080 544 3 8192 2.000000000 2
1080 560 3 8192 2.000000000 2
1080 600 3 8192 2.000000000 2
1080 616 3 8192 2.000000000 2
1080 624 3 8192 2.000000000 2
1080 688 3 8192 2.000000000 2
1080 696 3 8192 2.000000000 2
1080 700 3 8192 2.000000000 2
1080 736 3 8192 2.000000000 2
1080 760 3 8192 2.000000000 2
1080 776 3 8192 2.000000000 2
1080 848 3 8192 2.000000000 2
1080 864 3 8192 2.000000000 2
1080 876 3 8192 2.000000000 2
1080 888 3 8192 2.000000000 2
1080 904 3 8192 2.000000000 2
1080 912 3 8192 2.000000000 2
1080 944 3 8192 2.000000000 2
1080 952 3 8192 2.000000000 2
1080 972 3 8192 2.000000000 2
1080 1020 3 8192 2.000000000 2
1080 1024 3 8192 2.000000000 2
1080 1028 3 8192 2.000000000 2
1080 1036 3 8192 2.000000000 2
1080 1044 3 8192 2.000000000 2
1080 1052 3 8192 2.000000000 2
1080 1068 3 8192 2.000000000 2
1080 1084 3 8192 2.000000000 2
1080 1092 3 8192 2.000000000 2
1080 1120 3 8192 2.000000000 2
1080 1132 3 8192 2.000000000 2
1080 1156 3 8192 2.000000000 2
1080 1164 3 8192 2.000000000 2
1080 1172 3 8192 2.000000000 2
1080 1184 3 8192 2.000000000 2
1080 1192 3 8192 2.000000000 2
1080 1200 3 8192 2.000000000 2
1080 1220 3 8192 2.000000000 2
1080 1224 3 8192 2.000000000 2
1080 1228 3 8192 2.000000000 2
1080 1244 3 8192 2.000000000 2
1080 1264 3 8192 2.000000000 2
1084 4 3 8192 2.000000000 2
1084 20 3 8192 2.000000000 2
1084 32 3 8192 2.000000000 2
1084 60 3 8192 2.000000000 2
1084 72 3 8192 2.000000000 2
1084 80 3 8192 2.000000000 2
1084 88 3 8192 2.000000000 2
1084 108 3 8192 2.000000000 2
1084 124 3 8192 2.000000000 2
1084 136 3 8192 2.000000000 2
1084 172 3 8192 2.000000000 2
1084 204 3 8192 2.000000000 2
1084 212 3 8192 2.000000000 2
1084 220 3 8192 2.000000000 2
1084 228 3 8192 2.000000000 2
1084 264 3 8192 2.000000000 2
1084 272 3 8192 2.000000000 2
1084 280 3 8192 2.000000000 2
1084 288 3 8192 2.000000000 2
1084 292 3 8192 2.000000000 2
1084 336 3 8192 2.000000000 2
1084 356 3 8192 2.000000000 2
1084 396 3 8192 2.000000000 2
1084 416 3 8192 2.000000000 2
1084 424 3 8192 2.000000000 2
1084 444 3 8192 2.000000000 2
1084 468 3 8192 2.000000000 2
1084 524 3 8192 2.000000000 2
1084 552 3 8192 2.000000000 2
1084 596 3 8192 2.000000000 2
1084 600 3 8192 2.000000000 2
1084 632 3 8192 2.000000000 2
1084 652 3 8192 2.000000000 2
1084 660 3 8192 2.000000000 2
1084 680 3 8192 2.000000000 2
1084 688 3 8192 2.000000000 2
1084 708 3 8192 2.000000000 2
1084 788 3 8192 2.000000000 2
1084 792 3 8192 2.000000000 2
1084 808 3 8192 2.000000000 2
1084 824 3 8192 2.000000000 2
1084 856 3 8192 2.000000000 2
1084 860 3 8192 2.000000000 2
1084 864 3 8192 2.000000000 2
1084 888 3 8192 2.000000000 2
1084 908 3 8192 2.000000000 2
1084 912 3 8192 2.000000000 2
1084 920 3 8192 2.000000000 2
1084 936 3 8192 2.000000000 2
1084 952 3 8192 2.000000000 2
1084 996 3 8192 2.000000000 2
1084 1004 3 8192 2.000000000 2
1084 1012 3 8192 2.000000000 2
1084 1020 3 8192 2.000000000 2
1084 1036 3 8192 2.000000000 2
1084 1052 3 8192 2.000000000 2
1084 1060 3 8192 2.000000000 2
1084 1080 3 8192 2.000000000 2
1084 1096 3 8192 2.000000000 2
1084 1100 3 8192 2.000000000 2
1084 1144 3 8192 2.000000000 2
1084 1164 3 8192 2.000000000 2
1084 1192 3 8192 2.000000000 2
1084 1212 3 8192 2.000000000 2
1088 4 3 8192 2.000000000 2
1088 20 3 8192 2.000000000 2
1088 56 3 8192 2.000000000 2
1088 92 3 8192 2.000000000 2
1088 108 3 8192 2.000000000 2
1088 112 3 8192 2.000000000 2
1088 136 3 8192 2.000000000 2
1088 144 3 8192 2.000000000 2
1088 148 3 8192 2.000000000 2
1088 200 3 8192 2.000000000 2
1088 204 3 8192 2.000000000 2
1088 208 3 8192 2.000000000 2
1088 212 3 8192 2.000000000 2
1088 220 3 8192 2.000000000 2
1088 224 3 8192 2.000000000 2
1088 236 3 8192 2.000000000 2
1088 240 3 8192 2.000000000 2
1088 248 3 8192 2.000000000 2
1088 256 3 8192 2.000000000 2
1088 268 3 8192 2.000000000 2
1088 280 3 8192 2.000000000 2
1088 324 3 8192 2.000000000 2
1088 356 3 8192 2.000000000 2
1088 372 3 8192 2.000000000 2
1088 388 3 8192 2.000000000 2
1088 400 3 8192 2.000000000 2
1088 424 3 8192 2.000000000 2
1088 428 3 8192 2.000000000 2
1088 444 3 8192 2.000000000 2
1088 456 3 8192 2.000000000 2
1088 464 3 8192 2.000000000 2
1088 472 3 8192 2.000000000 2
1088 508 3 8192 2.000000000 2
1088 540 3 8192 2.000000000 2
1088 620 3 8192 2.000000000 2
1088 660 3 8192 2.000000000 2
1088 668 3 8192 2.000000000 2
1088 708 3 8192 2.000000000 2
1088 712 3 8192 2.000000000 2
1088 736 3 8192 2.000000000 2
1088 776 3 8192 2.000000000 2
1088 784 3 8192 2.000000000 2
1088 792 3 8192 2.000000000 2
1088 824 3 8192 2.000000000 2
1088 856 3 8192 2.000000000 2
1088 900 3 8192 2.000000000 2
1088 916 3 8192 2.000000000 2
1088 928 3 8192 2.000000000 2
1088 1000 3 8192 2.000000000 2
1088 1012 3 8192 2.000000000 2
1088 1032 3 8192 2.000000000 2
1088 1036 3 8192 2.000000000 2
1088 1064 3 8192 2.000000000 2
1088 1072 3 8192 2.000000000 2
1088 1112 3 8192 2.000000000 2
1088 1128 3 8192 2.000000000 2
1088 1132 3 8192 2.000000000 2
1088 1140 3 8192 2.000000000 2
1088 1164 3 8192 2.000000000 2
1088 1172 3 8192 2.000000000 2
1088 1176 3 8192 2.000000000 2
1088 1216 3 8192 2.000000000 2
1088 1260 3 8192 2.000000000 2
1088 1276 3 8192 2.000000000 2
1092 12 3 8192 2.000000000 2
1092 68 3 8192 2.000000000 2
1092 72 3 8192 2.000000000 2
1092 112 3 8192 2.000000000 2
1092 136 3 8192 2.000000000 2
1092 144 3 8192 2.000000000 2
1092 148 3 8192 2.000000000 2
1092 196 3 8192 2.000000000 2
1092 200 3 8192 2.000000000 2
1092 236 3 8192 2.000000000 2
1092 308 3 8192 2.000000000 2
1092 316 3 8192 2.000000000 2
1092 372 3 8192 2.000000000 2
1092 384 3 8192 2.000000000 2
1092 392 3 8192 2.000000000 2
1092 428 3 8192 2.000000000 2
1092 440 3 8192 2.000000000 2
1092 460 3 8192 2.000000000 2
1092 464 3 8192 2.000000000 2
1092 516 3 8192 2.000000000 2
1092 520 3 8192 2.000000000 2
1092 524 3 8192 2.000000000 2
1092 544 3 8192 2.000000000 2
1092 548 3 8192 2.000000000 2
1092 564 3 8192 2.000000000 2
1092 592 3 8192 2.000000000 2
1092 596 3 8192 2.000000000 2
1092 656 3 8192 2.000000000 2
1092 700 3 8192 2.000000000 2
1092 720 3 8192 2.000000000 2
1092 764 3 8192 2.000000000 2
1092 792 3 8192 2.000000000 2
1092 800 3 8192 2.000000000 2
1092 856 3 8192 2.000000000 2
1092 860 3 8192 2.000000000 2
1092 892 3 8192 2.000000000 2
1092 904 3 8192 2.000000000 2
1092 920 3 8192 2.000000000 2
1092 936 3 8192 2.000000000 2
1092 944 3 8192 2.000000000 2
1092 956 3 8192 2.000000000 2
1092 976 3 8192 2.000000000 2
1092 988 3 8192 2.000000000 2
1092 1012 3 8192 2.000000000 2
1092 1032 3 8192 2.000000000 2
1092 1048 3 8192 2.000000000 2
1092 1052 3 8192 2.000000000 2
1092 1056 3 8192 2.000000000 2
1092 1068 3 8192 2.000000000 2
1092 1100 3 8192 2.000000000 2
1092 1116 3 8192 2.000000000 2
1092 1132 3 8192 2.000000000 2
1092 1140 3 8192 2.000000000 2
1092 1152 3 8192 2.000000000 2
1092 1160 3 8192 2.000000000 2
1092 1176 3 8192 2.000000000 2
1092 1184 3 8192 2.000000000 2
1092 1192 3 8192 2.000000000 2
1092 1212 3 8192 2.000000000 2
1092 1224 3 8192 2.000000000 2
1092 1232 3 8192 2.000000000 2
1092 1260 3 8192 2.000000000 2
1092 1268 3 8192 2.000000000 2
1092 1272 3 8192 2.000000000 2
1096 12 3 8192 2.000000000 2
1096 16 3 8192 2.000000000 2
1096 40 3 8192 2.000000000 2
1096 44 3 8192 2.000000000 2
1096 48 3 8192 2.000000000 2
1096 60 3 8192 2.000000000 2
1096 100 3 8192 2.000000000 2
1096 112 3 8192 2.000000000 2
1096 116 3 8192 2.000000000 2
1096 132 3 8192 2.000000000 2
1096 144 3 8192 2.000000000 2
1096 148 3 8192 2.000000000 2
1096 176 3 8192 2.000000000 2
1096 192 3 8192 2.000000000 2
1096 208 3 8192 2.000000000 2
1096 216 3 8192 2.000000000 2
1096 224 3 8192 2.000000000 2
1096 228 3 8192 2.000000000 2
1096 292 3 8192 2.000000000 2
1096 312 3 8192 2.000000000 2
1096 404 3 8192 2.000000000 2
1096 408 3 8192 2.000000000 2
1096 412 3 8192 2.000000000 2
1096 448 3 8192 2.000000000 2
1096 464 3 8192 2.000000000 2
1096 496 3 8192 2.000000000 2
1096 504 3 8192 2.000000000 2
1096 536 3 8192 2.000000000 2
1096 552 3 8192 2.000000000 2
1096 632 3 8192 2.000000000 2
1096 648 3 8192 2.000000000 2
1096 656 3 8192 2.000000000 2
1096 664 3 8192 2.000000000 2
1096 676 3 8192 2.000000000 2
1096 696 3 8192 2.000000000 2
1096 704 3 8192 2.000000000 2
1096 708 3 8192 2.000000000 2
1096 712 3 8192 2.000000000 2
1096 716 3 8192 2.000000000 2
1096 736 3 8192 2.000000000 2
1096 768 3 8192 2.000000000 2
1096 788 3 8192 2.000000000 2
1096 812 3 8192 2.000000000 2
1096 820 3 8192 2.000000000 2
1096 840 3 8192 2.000000000 2
1096 912 3 8192 2.000000000 2
1096 928 3 8192 2.000000000 2
1096 944 3 8192 2.000000000 2
1096 972 3 8192 2.000000000 2
1096 976 3 8192 2.000000000 2
1096 1028 3 8192 2.000000000 2
1096 1036 3 8192 2.000000000 2
1096 1048 3 8192 2.000000000 2
1096 1084 3 8192 2.000000000 2
1096 1092 3 8192 2.000000000 2
1096 1100 3 8192 2.000000000 2
1096 1148 3 8192 2.000000000 2
1096 1164 3 8192 2.000000000 2
1096 1168 3 8192 2.000000000 2
1096 1184 3 8192 2.000000000 2
1096 1228 3 8192 2.000000000 2
1096 1236 3 8192 2.000000000 2
1096 1268 3 8192 2.000000000 2
1096 1276 3 8192 2.000000000 2
1100 16 3 8192 2.000000000 2
1100 28 3 8192 2.000000000 2
1100 40 3 8192 2.000000000 2
1100 72 3 8192 2.000000000 2
1100 88 3 8192 2.000000000 2
1100 100 3 8192 2.000000000 2
1100 112 3 8192 2.000000000 2
1100 116 3 8192 2.000000000 2
1100 124 3 8192 2.000000000 2
1100 136 3 8192 2.000000000 2
1100 172 3 8192 2.000000000 2
1100 204 3 8192 2.000000000 2
1100 220 3 8192 2.000000000 2
1100 224 3 8192 2.000000000 2
1100 228 3 8192 2.000000000 2
1100 240 3 8192 2.000000000 2
1100 264 3 8192 2.000000000 2
1100 308 3 8192 2.000000000 2
1100 320 3 8192 2.000000000 2
1100 332 3 8192 2.000000000 2
1100 360 3 8192 2.000000000 2
1100 408 3 8192 2.000000000 2
1100 416 3 8192 2.000000000 2
1100 428 3 8192 2.000000000 2
1100 440 3 8192 2.000000000 2
1100 444 3 8192 2.000000000 2
1100 520 3 8192 2.000000000 2
1100 524 3 8192 2.000000000 2
1100 532 3 8192 2.000000000 2
1100 548 3 8192 2.000000000 2
1100 568 3 8192 2.000000000 2
1100 588 3 8192 2.000000000 2
1100 592 3 8192 2.000000000 2
1100 624 3 8192 2.000000000 2
1100 656 3 8192 2.000000000 2
1100 664 3 8192 2.000000000 2
1100 668 3 8192 2.000000000 2
1100 696 3 8192 2.000000000 2
1100 708 3 8192 2.000000000 2
1100 720 3 8192 2.000000000 2
1100 776 3 8192 2.000000000 2
1100 792 3 8192 2.000000000 2
1100 824 3 8192 2.000000000 2
1100 836 3 8192 2.000000000 2
1100 856 3 8192 2.000000000 2
1100 876 3 8192 2.000000000 2
1100 892 3 8192 2.000000000 2
1100 904 3 8192 2.000000000 2
1100 928 3 8192 2.000000000 2
1100 968 3 8192 2.000000000 2
1100 988 3 8192 2.000000000 2
1100 1000 3 8192 2.000000000 2
1100 1020 3 8192 2.000000000 2
1100 1120 3 8192 2.000000000 2
1100 1132 3 8192 2.000000000 2
1100 1136 3 8192 2.000000000 2
1100 1140 3 8192 2.000000000 2
1100 1164 3 8192 2.000000000 2
1100 1200 3 8192 2.000000000 2
1100 1204 3 8192 2.000000000 2
1100 1224 3 8192 2.000000000 2
1100 1228 3 8192 2.000000000 2
1100 1244 3 8192 2.000000000 2
1100 1264 3 8192 2.000000000 2
1112 8 3 8192 2.000000000 2
1112 16 3 8192 2.000000000 2
1112 48 3 8192 2.000000000 2
1112 64 3 8192 2.000000000 2
1112 72 3 8192 2.000000000 2
1112 80 3 8192 2.000000000 2
1112 116 3 8192 2.000000000 2
1112 120 3 8192 2.000000000 2
1112 180 3 8192 2.000000000 2
1112 196 3 8192 2.000000000 2
1112 216 3 8192 2.000000000 2
1112 236 3 8192 2.000000000 2
1112 244 3 8192 2.000000000 2
1112 264 3 8192 2.000000000 2
1112 288 3 8192 2.000000000 2
1112 292 3 8192 2.000000000 2
1112 296 3 8192 2.000000000 2
1112 352 3 8192 2.000000000 2
1112 392 3 8192 2.000000000 2
1112 408 3 8192 2.000000000 2
1112 412 3 8192 2.000000000 2
1112 428 3 8192 2.000000000 2
1112 444 3 8192 2.000000000 2
1112 456 3 8192 2.000000000 2
1112 464 3 8192 2.000000000 2
1112 492 3 8192 2.000000000 2
1112 572 3 8192 2.000000000 2
1112 648 3 8192 2.000000000 2
1112 656 3 8192 2.000000000 2
1112 660 3 8192 2.000000000 2
1112 692 3 8192 2.000000000 2
1112 724 3 8192 2.000000000 2
1112 728 3 8192 2.000000000 2
1112 732 3 8192 2.000000000 2
1112 768 3 8192 2.000000000 2
1112 776 3 8192 2.000000000 2
1112 792 3 8192 2.000000000 2
1112 800 3 8192 2.000000000 2
1112 812 3 8192 2.000000000 2
1112 832 3 8192 2.000000000 2
1112 844 3 8192 2.000000000 2
1112 892 3 8192 2.000000000 2
1112 912 3 8192 2.000000000 2
1112 916 3 8192 2.000000000 2
1112 944 3 8192 2.000000000 2
1112 948 3 8192 2.000000000 2
1112 956 3 8192 2.000000000 2
1112 996 3 8192 2.000000000 2
1112 1012 3 8192 2.000000000 2
1112 1028 3 8192 2.000000000 2
1112 1036 3 8192 2.000000000 2
1112 1052 3 8192 2.000000000 2
1112 1096 3 8192 2.000000000 2
1112 1136 3 8192 2.000000000 2
1112 1140 3 8192 2.000000000 2
1112 1144 3 8192 2.000000000 2
1112 1164 3 8192 2.000000000 2
1112 1184 3 8192 2.000000000 2
1112 1188 3 8192 2.000000000 2
1112 1212 3 8192 2.000000000 2
1112 1220 3 8192 2.000000000 2
1112 1224 3 8192 2.000000000 2
1112 1264 3 8192 2.000000000 2
1112 1272 3 8192 2.000000000 2
1116 24 3 8192 2.000000000 2
1116 68 3 8192 2.000000000 2
1116 88 3 8192 2.000000000 2
1116 100 3 8192 2.000000000 2
1116 136 3 8192 2.000000000 2
1116 156 3 8192 2.000000000 2
1116 188 3 8192 2.000000000 2
1116 212 3 8192 2.000000000 2
1116 240 3 8192 2.000000000 2
1116 256 3 8192 2.000000000 2
1116 276 3 8192 2.000000000 2
1116 296 3 8192 2.000000000 2
1116 324 3 8192 2.000000000 2
1116 332 3 8192 2.000000000 2
1116 416 3 8192 2.000000000 2
1116 452 3 8192 2.000000000 2
1116 508 3 8192 2.000000000 2
1116 516 3 8192 2.000000000 2
1116 528 3 8192 2.000000000 2
1116 536 3 8192 2.000000000 2
1116 548 3 8192 2.000000000 2
1116 564 3 8192 2.000000000 2
1116 580 3 8192 2.000000000 2
1116 596 3 8192 2.000000000 2
1116 608 3 8192 2.000000000 2
1116 616 3 8192 2.000000000 2
1116 620 3 8192 2.000000000 2
1116 648 3 8192 2.000000000 2
1116 664 3 8192 2.000000000 2
1116 676 3 8192 2.000000000 2
1116 708 3 8192 2.000000000 2
1116 712 3 8192 2.000000000 2
1116 724 3 8192 2.000000000 2
1116 732 3 8192 2.000000000 2
1116 788 3 8192 2.000000000 2
1116 836 3 8192 2.000000000 2
1116 840 3 8192 2.000000000 2
1116 848 3 8192 2.000000000 2
1116 856 3 8192 2.000000000 2
1116 876 3 8192 2.000000000 2
1116 880 3 8192 2.000000000 2
1116 912 3 8192 2.000000000 2
1116 920 3 8192 2.000000000 2
1116 928 3 8192 2.000000000 2
1116 960 3 8192 2.000000000 2
1116 984 3 8192 2.000000000 2
1116 1020 3 8192 2.000000000 2
1116 1028 3 8192 2.000000000 2
1116 1036 3 8192 2.000000000 2
1116 1044 3 8192 2.000000000 2
1116 1064 3 8192 2.000000000 2
1116 1068 3 8192 2.000000000 2
1116 1096 3 8192 2.000000000 2
1116 1100 3 8192 2.000000000 2
1116 1128 3 8192 2.000000000 2
1116 1132 3 8192 2.000000000 2
1116 1140 3 8192 2.000000000 2
1116 1156 3 8192 2.000000000 2
1116 1172 3 8192 2.000000000 2
1116 1176 3 8192 2.000000000 2
1116 1196 3 8192 2.000000000 2
1116 1232 3 8192 2.000000000 2
1116 1236 3 8192 2.000000000 2
1116 1260 3 8192 2.000000000 2
1120 16 3 8192 2.000000000 2
1120 40 3 8192 2.000000000 2
1120 68 3 8192 2.000000000 2
1120 116 3 8192 2.000000000 2
1120 120 3 8192 2.000000000 2
1120 132 3 8192 2.000000000 2
1120 136 3 8192 2.000000000 2
1120 180 3 8192 2.000000000 2
1120 184 3 8192 2.000000000 2
1120 196 3 8192 2.000000000 2
1120 212 3 8192 2.000000000 2
1120 256 3 8192 2.000000000 2
1120 312 3 8192 2.000000000 2
1120 320 3 8192 2.000000000 2
1120 324 3 8192 2.000000000 2
1120 328 3 8192 2.000000000 2
1120 336 3 8192 2.000000000 2
1120 352 3 8192 2.000000000 2
1120 360 3 8192 2.000000000 2
1120 376 3 8192 2.000000000 2
1120 384 3 8192 2.000000000 2
1120 396 3 8192 2.000000000 2
1120 424 3 8192 2.000000000 2
1120 520 3 8192 2.000000000 2
1120 524 3 8192 2.000000000 2
1120 532 3 8192 2.000000000 2
1120 544 3 8192 2.000000000 2
1120 564 3 8192 2.000000000 2
1120 592 3 8192 2.000000000 2
1120 652 3 8192 2.000000000 2
1120 656 3 8192 2.000000000 2
1120 668 3 8192 2.000000000 2
1120 708 3 8192 2.000000000 2
1120 728 3 8192 2.000000000 2
1120 736 3 8192 2.000000000 2
1120 780 3 8192 2.000000000 2
1120 784 3 8192 2.000000000 2
1120 800 3 8192 2.000000000 2
1120 820 3 8192 2.000000000 2
1120 868 3 8192 2.000000000 2
1120 908 3 8192 2.000000000 2
1120 928 3 8192 2.000000000 2
1120 956 3 8192 2.000000000 2
1120 968 3 8192 2.000000000 2
1120 976 3 8192 2.000000000 2
1120 980 3 8192 2.000000000 2
1120 1052 3 8192 2.000000000 2
1120 1060 3 8192 2.000000000 2
1120 1064 3 8192 2.000000000 2
1120 1088 3 8192 2.000000000 2
1120 1092 3 8192 2.000000000 2
1120 1096 3 8192 2.000000000 2
1120 1132 3 8192 2.000000000 2
1120 1136 3 8192 2.000000000 2
1120 1156 3 8192 2.000000000 2
1120 1164 3 8192 2.000000000 2
1120 1172 3 8192 2.000000000 2
1120 1176 3 8192 2.000000000 2
1120 1196 3 8192 2.000000000 2
1120 1204 3 8192 2.000000000 2
1120 1236 3 8192 2.000000000 2
1120 1244 3 8192 2.000000000 2
1120 1260 3 8192 2.000000000 2
1120 1264 3 8192 2.000000000 2
1128 20 3 8192 2.000000000 2
1128 28 3 8192 2.000000000 2
1128 56 3 8192 2.000000000 2
1128 108 3 8192 2.000000000 2
1128 184 3 8192 2.000000000 2
1128 212 3 8192 2.000000000 2
1128 244 3 8192 2.000000000 2
1128 264 3 8192 2.000000000 2
1128 308 3 8192 2.000000000 2
1128 316 3 8192 2.000000000 2
1128 336 3 8192 2.000000000 2
1128 340 3 8192 2.000000000 2
1128 372 3 8192 2.000000000 2
1128 376 3 8192 2.000000000 2
1128 388 3 8192 2.000000000 2
1128 392 3 8192 2.000000000 2
1128 404 3 8192 2.000000000 2
1128 408 3 8192 2.000000000 2
1128 424 3 8192 2.000000000 2
1128 428 3 8192 2.000000000 2
1128 460 3 8192 2.000000000 2
1128 500 3 8192 2.000000000 2
1128 504 3 8192 2.000000000 2
1128 520 3 8192 2.000000000 2
1128 524 3 8192 2.000000000 2
1128 536 3 8192 2.000000000 2
1128 544 3 8192 2.000000000 2
1128 608 3 8192 2.000000000 2
1128 616 3 8192 2.000000000 2
1128 628 3 8192 2.000000000 2
1128 632 3 8192 2.000000000 2
1128 636 3 8192 2.000000000 2
1128 648 3 8192 2.000000000 2
1128 688 3 8192 2.000000000 2
1128 696 3 8192 2.000000000 2
1128 700 3 8192 2.000000000 2
1128 728 3 8192 2.000000000 2
1128 760 3 8192 2.000000000 2
1128 780 3 8192 2.000000000 2
1128 792 3 8192 2.000000000 2
1128 808 3 8192 2.000000000 2
1128 864 3 8192 2.000000000 2
1128 868 3 8192 2.000000000 2
1128 888 3 8192 2.000000000 2
1128 900 3 8192 2.000000000 2
1128 912 3 8192 2.000000000 2
1128 960 3 8192 2.000000000 2
1128 968 3 8192 2.000000000 2
1128 984 3 8192 2.000000000 2
1128 1004 3 8192 2.000000000 2
1128 1020 3 8192 2.000000000 2
1128 1052 3 8192 2.000000000 2
1128 1068 3 8192 2.000000000 2
1128 1092 3 8192 2.000000000 2
1128 1100 3 8192 2.000000000 2
1128 1112 3 8192 2.000000000 2
1128 1116 3 8192 2.000000000 2
1128 1132 3 8192 2.000000000 2
1128 1168 3 8192 2.000000000 2
1128 1188 3 8192 2.000000000 2
1128 1232 3 8192 2.000000000 2
1128 1244 3 8192 2.000000000 2
1128 1260 3 8192 2.000000000 2
1128 1268 3 8192 2.000000000 2
1132 20 3 8192 2.000000000 2
1132 24 3 8192 2.000000000 2
1132 44 3 8192 2.000000000 2
1132 56 3 8192 2.000000000 2
1132 60 3 8192 2.000000000 2
1132 68 3 8192 2.000000000 2
1132 80 3 8192 2.000000000 2
1132 92 3 8192 2.000000000 2
1132 108 3 8192 2.000000000 2
1132 116 3 8192 2.000000000 2
1132 136 3 8192 2.000000000 2
1132 156 3 8192 2.000000000 2
1132 236 3 8192 2.000000000 2
1132 264 3 8192 2.000000000 2
1132 272 3 8192 2.000000000 2
1132 292 3 8192 2.000000000 2
1132 308 3 8192 2.000000000 2
1132 332 3 8192 2.000000000 2
1132 356 3 8192 2.000000000 2
1132 388 3 8192 2.000000000 2
1132 396 3 8192 2.000000000 2
1132 408 3 8192 2.000000000 2
1132 424 3 8192 2.000000000 2
1132 428 3 8192 2.000000000 2
1132 448 3 8192 2.000000000 2
1132 468 3 8192 2.000000000 2
1132 496 3 8192 2.000000000 2
1132 524 3 8192 2.000000000 2
1132 552 3 8192 2.000000000 2
1132 560 3 8192 2.000000000 2
1132 572 3 8192 2.000000000 2
1132 592 3 8192 2.000000000 2
1132 628 3 8192 2.000000000 2
1132 652 3 8192 2.000000000 2
1132 656 3 8192 2.000000000 2
1132 692 3 8192 2.000000000 2
1132 704 3 8192 2.000000000 2
1132 736 3 8192 2.000000000 2
1132 820 3 8192 2.000000000 2
1132 824 3 8192 2.000000000 2
1132 836 3 8192 2.000000000 2
1132 840 3 8192 2.000000000 2
1132 844 3 8192 2.000000000 2
1132 864 3 8192 2.000000000 2
1132 884 3 8192 2.000000000 2
1132 892 3 8192 2.000000000 2
1132 944 3 8192 2.000000000 2
1132 980 3 8192 2.000000000 2
1132 996 3 8192 2.000000000 2
1132 1000 3 8192 2.000000000 2
1132 1008 3 8192 2.000000000 2
1132 1020 3 8192 2.000000000 2
1132 1028 3 8192 2.000000000 2
1132 1036 3 8192 2.000000000 2
1132 1052 3 8192 2.000000000 2
1132 1060 3 8192 2.000000000 2
1132 1068 3 8192 2.000000000 2
1132 1092 3 8192 2.000000000 2
1132 1096 3 8192 2.000000000 2
1132 1140 3 8192 2.000000000 2
1132 1216 3 8192 2.000000000 2
1132 1236 3 8192 2.000000000 2
1132 1260 3 8192 2.000000000 2
1132 1272 3 8192 2.000000000 2
1136 20 3 8192 2.000000000 2
1136 28 3 8192 2.000000000 2
1136 56 3 8192 2.000000000 2
1136 88 3 8192 2.000000000 2
1136 100 3 8192 2.000000000 2
1136 108 3 8192 2.000000000 2
1136 116 3 8192 2.000000000 2
1136 136 3 8192 2.000000000 2
1136 148 3 8192 2.000000000 2
1136 172 3 8192 2.000000000 2
1136 192 3 8192 2.000000000 2
1136 200 3 8192 2.000000000 2
1136 244 3 8192 2.000000000 2
1136 256 3 8192 2.000000000 2
1136 308 3 8192 2.000000000 2
1136 324 3 8192 2.000000000 2
1136 352 3 8192 2.000000000 2
1136 360 3 8192 2.000000000 2
1136 368 3 8192 2.000000000 2
1136 372 3 8192 2.000000000 2
1136 384 3 8192 2.000000000 2
1136 388 3 8192 2.000000000 2
1136 408 3 8192 2.000000000 2
1136 416 3 8192 2.000000000 2
1136 428 3 8192 2.000000000 2
1136 440 3 8192 2.000000000 2
1136 500 3 8192 2.000000000 2
1136 560 3 8192 2.000000000 2
1136 600 3 8192 2.000000000 2
1136 624 3 8192 2.000000000 2
1136 628 3 8192 2.000000000 2
1136 664 3 8192 2.000000000 2
1136 688 3 8192 2.000000000 2
1136 728 3 8192 2.000000000 2
1136 732 3 8192 2.000000000 2
1136 736 3 8192 2.000000000 2
1136 780 3 8192 2.000000000 2
1136 808 3 8192 2.000000000 2
1136 836 3 8192 2.000000000 2
1136 840 3 8192 2.000000000 2
1136 844 3 8192 2.000000000 2
1136 868 3 8192 2.000000000 2
1136 880 3 8192 2.000000000 2
1136 920 3 8192 2.000000000 2
1136 940 3 8192 2.000000000 2
1136 944 3 8192 2.000000000 2
1136 948 3 8192 2.000000000 2
1136 956 3 8192 2.000000000 2
1136 968 3 8192 2.000000000 2
1136 980 3 8192 2.000000000 2
1136 988 3 8192 2.000000000 2
1136 1000 3 8192 2.000000000 2
1136 1004 3 8192 2.000000000 2
1136 1008 3 8192 2.000000000 2
1136 1056 3 8192 2.000000000 2
1136 1064 3 8192 2.000000000 2
1136 1100 3 8192 2.000000000 2
1136 1112 3 8192 2.000000000 2
1136 1156 3 8192 2.000000000 2
1136 1160 3 8192 2.000000000 2
1136 1204 3 8192 2.000000000 2
1136 1220 3 8192 2.000000000 2
1136 1264 3 8192 2.000000000 2
1136 1272 3 8192 2.000000000 2
1140 16 3 8192 2.000000000 2
1140 64 3 8192 2.000000000 2
1140 72 3 8192 2.000000000 2
1140 92 3 8192 2.000000000 2
1140 104 3 8192 2.000000000 2
1140 140 3 8192 2.000000000 2
1140 148 3 8192 2.000000000 2
1140 176 3 8192 2.000000000 2
1140 184 3 8192 2.000000000 2
1140 208 3 8192 2.000000000 2
1140 236 3 8192 2.000000000 2
1140 248 3 8192 2.000000000 2
1140 272 3 8192 2.000000000 2
1140 276 3 8192 2.000000000 2
1140 280 3 8192 2.000000000 2
1140 292 3 8192 2.000000000 2
1140 296 3 8192 2.000000000 2
1140 316 3 8192 2.000000000 2
1140 352 3 8192 2.000000000 2
1140 360 3 8192 2.000000000 2
1140 388 3 8192 2.000000000 2
1140 404 3 8192 2.000000000 2
1140 456 3 8192 2.000000000 2
1140 468 3 8192 2.000000000 2
1140 504 3 8192 2.000000000 2
1140 568 3 8192 2.000000000 2
1140 596 3 8192 2.000000000 2
1140 648 3 8192 2.000000000 2
1140 652 3 8192 2.000000000 2
1140 688 3 8192 2.000000000 2
1140 700 3 8192 2.000000000 2
1140 704 3 8192 2.000000000 2
1140 712 3 8192 2.000000000 2
1140 732 3 8192 2.000000000 2
1140 736 3 8192 2.000000000 2
1140 764 3 8192 2.000000000 2
1140 768 3 8192 2.000000000 2
1140 780 3 8192 2.000000000 2
1140 784 3 8192 2.000000000 2
1140 820 3 8192 2.000000000 2
1140 860 3 8192 2.000000000 2
1140 884 3 8192 2.000000000 2
1140 908 3 8192 2.000000000 2
1140 912 3 8192 2.000000000 2
1140 1000 3 8192 2.000000000 2
1140 1020 3 8192 2.000000000 2
1140 1024 3 8192 2.000000000 2
1140 1032 3 8192 2.000000000 2
1140 1044 3 8192 2.000000000 2
1140 1048 3 8192 2.000000000 2
1140 1088 3 8192 2.000000000 2
1140 1112 3 8192 2.000000000 2
1140 1116 3 8192 2.000000000 2
1140 1136 3 8192 2.000000000 2
1140 1144 3 8192 2.000000000 2
1140 1148 3 8192 2.000000000 2
1140 1156 3 8192 2.000000000 2
1140 1172 3 8192 2.000000000 2
1140 1176 3 8192 2.000000000 2
1140 1200 3 8192 2.000000000 2
1140 1224 3 8192 2.000000000 2
1140 1232 3 8192 2.000000000 2
1140 1268 3 8192 2.000000000 2
1140 1276 3 8192 2.000000000 2
1144 16 3 8192 2.000000000 2
1144 32 3 8192 2.000000000 2
1144 48 3 8192 2.000000000 2
1144 92 3 8192 2.000000000 2
1144 160 3 8192 2.000000000 2
1144 172 3 8192 2.000000000 2
1144 176 3 8192 2.000000000 2
1144 180 3 8192 2.000000000 2
1144 184 3 8192 2.000000000 2
1144 204 3 8192 2.000000000 2
1144 240 3 8192 2.000000000 2
1144 244 3 8192 2.000000000 2
1144 248 3 8192 2.000000000 2
1144 256 3 8192 2.000000000 2
1144 268 3 8192 2.000000000 2
1144 272 3 8192 2.000000000 2
1144 312 3 8192 2.000000000 2
1144 316 3 8192 2.000000000 2
1144 344 3 8192 2.000000000 2
1144 384 3 8192 2.000000000 2
1144 392 3 8192 2.000000000 2
1144 396 3 8192 2.000000000 2
1144 412 3 8192 2.000000000 2
1144 416 3 8192 2.000000000 2
1144 424 3 8192 2.000000000 2
1144 448 3 8192 2.000000000 2
1144 504 3 8192 2.000000000 2
1144 544 3 8192 2.000000000 2
1144 552 3 8192 2.000000000 2
1144 580 3 8192 2.000000000 2
1144 592 3 8192 2.000000000 2
1144 596 3 8192 2.000000000 2
1144 608 3 8192 2.000000000 2
1144 632 3 8192 2.000000000 2
1144 716 3 8192 2.000000000 2
1144 728 3 8192 2.000000000 2
1144 812 3 8192 2.000000000 2
1144 820 3 8192 2.000000000 2
1144 824 3 8192 2.000000000 2
1144 848 3 8192 2.000000000 2
1144 860 3 8192 2.000000000 2
1144 868 3 8192 2.000000000 2
1144 916 3 8192 2.000000000 2
1144 920 3 8192 2.000000000 2
1144 936 3 8192 2.000000000 2
1144 940 3 8192 2.000000000 2
1144 944 3 8192 2.000000000 2
1144 952 3 8192 2.000000000 2
1144 972 3 8192 2.000000000 2
1144 984 3 8192 2.000000000 2
1144 996 3 8192 2.000000000 2
1144 1004 3 8192 2.000000000 2
1144 1008 3 8192 2.000000000 2
1144 1044 3 8192 2.000000000 2
1144 1084 3 8192 2.000000000 2
1144 1140 3 8192 2.000000000 2
1144 1164 3 8192 2.000000000 2
1144 1168 3 8192 2.000000000 2
1144 1188 3 8192 2.000000000 2
1144 1200 3 8192 2.000000000 2
1144 1216 3 8192 2.000000000 2
1144 1228 3 8192 2.000000000 2
1144 1264 3 8192 2.000000000 2
1144 1272 3 8192 2.000000000 2
1148 4 3 8192 2.000000000 2
1148 16 3 8192 2.000000000 2
1148 20 3 8192 2.000000000 2
1148 28 3 8192 2.000000000 2
1148 40 3 8192 2.000000000 2
1148 80 3 8192 2.000000000 2
1148 104 3 8192 2.000000000 2
1148 116 3 8192 2.000000000 2
1148 136 3 8192 2.000000000 2
1148 180 3 8192 2.000000000 2
1148 200 3 8192 2.000000000 2
1148 216 3 8192 2.000000000 2
1148 240 3 8192 2.000000000 2
1148 268 3 8192 2.000000000 2
1148 276 3 8192 2.000000000 2
1148 308 3 8192 2.000000000 2
1148 316 3 8192 2.000000000 2
1148 320 3 8192 2.000000000 2
1148 340 3 8192 2.000000000 2
1148 356 3 8192 2.000000000 2
1148 376 3 8192 2.000000000 2
1148 440 3 8192 2.000000000 2
1148 448 3 8192 2.000000000 2
1148 452 3 8192 2.000000000 2
1148 464 3 8192 2.000000000 2
1148 508 3 8192 2.000000000 2
1148 516 3 8192 2.000000000 2
1148 524 3 8192 2.000000000 2
1148 544 3 8192 2.000000000 2
1148 548 3 8192 2.000000000 2
1148 620 3 8192 2.000000000 2
1148 652 3 8192 2.000000000 2
1148 676 3 8192 2.000000000 2
1148 688 3 8192 2.000000000 2
1148 696 3 8192 2.000000000 2
1148 724 3 8192 2.000000000 2
1148 760 3 8192 2.000000000 2
1148 776 3 8192 2.000000000 2
1148 780 3 8192 2.000000000 2
1148 812 3 8192 2.000000000 2
1148 888 3 8192 2.000000000 2
1148 908 3 8192 2.000000000 2
1148 916 3 8192 2.000000000 2
1148 960 3 8192 2.000000000 2
1148 972 3 8192 2.000000000 2
1148 980 3 8192 2.000000000 2
1148 1000 3 8192 2.000000000 2
1148 1008 3 8192 2.000000000 2
1148 1012 3 8192 2.000000000 2
1148 1020 3 8192 2.000000000 2
1148 1028 3 8192 2.000000000 2
1148 1048 3 8192 2.000000000 2
1148 1056 3 8192 2.000000000 2
1148 1064 3 8192 2.000000000 2
1148 1072 3 8192 2.000000000 2
1148 1080 3 8192 2.000000000 2
1148 1088 3 8192 2.000000000 2
1148 1120 3 8192 2.000000000 2
1148 1136 3 8192 2.000000000 2
1148 1152 3 8192 2.000000000 2
1148 1196 3 8192 2.000000000 2
1148 1216 3 8192 2.000000000 2
1148 1220 3 8192 2.000000000 2
1148 1272 3 8192 2.000000000 2
1152 4 3 8192 2.000000000 2
1152 8 3 8192 2.000000000 2
1152 16 3 8192 2.000000000 2
1152 20 3 8192 2.000000000 2
1152 32 3 8192 2.000000000 2
1152 92 3 8192 2.000000000 2
1152 100 3 8192 2.000000000 2
1152 104 3 8192 2.000000000 2
1152 116 3 8192 2.000000000 2
1152 124 3 8192 2.000000000 2
1152 132 3 8192 2.000000000 2
1152 136 3 8192 2.000000000 2
1152 204 3 8192 2.000000000 2
1152 208 3 8192 2.000000000 2
1152 224 3 8192 2.000000000 2
1152 244 3 8192 2.000000000 2
1152 264 3 8192 2.000000000 2
1152 272 3 8192 2.000000000 2
1152 276 3 8192 2.000000000 2
1152 280 3 8192 2.000000000 2
1152 312 3 8192 2.000000000 2
1152 324 3 8192 2.000000000 2
1152 328 3 8192 2.000000000 2
1152 336 3 8192 2.000000000 2
1152 404 3 8192 2.000000000 2
1152 444 3 8192 2.000000000 2
1152 456 3 8192 2.000000000 2
1152 464 3 8192 2.000000000 2
1152 524 3 8192 2.000000000 2
1152 544 3 8192 2.000000000 2
1152 588 3 8192 2.000000000 2
1152 656 3 8192 2.000000000 2
1152 680 3 8192 2.000000000 2
1152 700 3 8192 2.000000000 2
1152 704 3 8192 2.000000000 2
1152 708 3 8192 2.000000000 2
1152 764 3 8192 2.000000000 2
1152 792 3 8192 2.000000000 2
1152 808 3 8192 2.000000000 2
1152 820 3 8192 2.000000000 2
1152 824 3 8192 2.000000000 2
1152 832 3 8192 2.000000000 2
1152 880 3 8192 2.000000000 2
1152 892 3 8192 2.000000000 2
1152 900 3 8192 2.000000000 2
1152 908 3 8192 2.000000000 2
1152 936 3 8192 2.000000000 2
1152 940 3 8192 2.000000000 2
1152 952 3 8192 2.000000000 2
1152 972 3 8192 2.000000000 2
1152 984 3 8192 2.000000000 2
1152 1000 3 8192 2.000000000 2
1152 1008 3 8192 2.000000000 2
1152 1012 3 8192 2.000000000 2
1152 1036 3 8192 2.000000000 2
1152 1048 3 8192 2.000000000 2
1152 1068 3 8192 2.000000000 2
1152 1072 3 8192 2.000000000 2
1152 1080 3 8192 2.000000000 2
1152 1096 3 8192 2.000000000 2
1152 1120 3 8192 2.000000000 2
1152 1188 3 8192 2.000000000 2
1152 1204 3 8192 2.000000000 2
1152 1232 3 8192 2.000000000 2
1156 4 3 8192 2.000000000 2
1156 16 3 8192 2.000000000 2
1156 28 3 8192 2.000000000 2
1156 32 3 8192 2.000000000 2
1156 40 3 8192 2.000000000 2
1156 44 3 8192 2.000000000 2
1156 56 3 8192 2.000000000 2
1156 64 3 8192 2.000000000 2
1156 124 3 8192 2.000000000 2
1156 140 3 8192 2.000000000 2
1156 160 3 8192 2.000000000 2
1156 200 3 8192 2.000000000 2
1156 212 3 8192 2.000000000 2
1156 220 3 8192 2.000000000 2
1156 240 3 8192 2.000000000 2
1156 280 3 8192 2.000000000 2
1156 288 3 8192 2.000000000 2
1156 292 3 8192 2.000000000 2
1156 308 3 8192 2.000000000 2
1156 312 3 8192 2.000000000 2
1156 316 3 8192 2.000000000 2
1156 328 3 8192 2.000000000 2
1156 340 3 8192 2.000000000 2
1156 356 3 8192 2.000000000 2
1156 368 3 8192 2.000000000 2
1156 372 3 8192 2.000000000 2
1156 376 3 8192 2.000000000 2
1156 388 3 8192 2.000000000 2
1156 520 3 8192 2.000000000 2
1156 560 3 8192 2.000000000 2
1156 572 3 8192 2.000000000 2
1156 580 3 8192 2.000000000 2
1156 592 3 8192 2.000000000 2
1156 600 3 8192 2.000000000 2
1156 620 3 8192 2.000000000 2
1156 648 3 8192 2.000000000 2
1156 704 3 8192 2.000000000 2
1156 712 3 8192 2.000000000 2
1156 716 3 8192 2.000000000 2
1156 724 3 8192 2.000000000 2
1156 788 3 8192 2.000000000 2
1156 800 3 8192 2.000000000 2
1156 848 3 8192 2.000000000 2
1156 860 3 8192 2.000000000 2
1156 864 3 8192 2.000000000 2
1156 880 3 8192 2.000000000 2
1156 916 3 8192 2.000000000 2
1156 920 3 8192 2.000000000 2
1156 940 3 8192 2.000000000 2
1156 944 3 8192 2.000000000 2
1156 960 3 8192 2.000000000 2
1156 980 3 8192 2.000000000 2
1156 1028 3 8192 2.000000000 2
1156 1036 3 8192 2.000000000 2
1156 1060 3 8192 2.000000000 2
1156 1080 3 8192 2.000000000 2
1156 1088 3 8192 2.000000000 2
1156 1112 3 8192 2.000000000 2
1156 1136 3 8192 2.000000000 2
1156 1144 3 8192 2.000000000 2
1156 1176 3 8192 2.000000000 2
1156 1192 3 8192 2.000000000 2
1156 1212 3 8192 2.000000000 2
1156 1272 3 8192 2.000000000 2
1160 8 3 8192 2.000000000 2
1160 12 3 8192 2.000000000 2
1160 32 3 8192 2.000000000 2
1160 40 3 8192 2.000000000 2
1160 88 3 8192 2.000000000 2
1160 124 3 8192 2.000000000 2
1160 144 3 8192 2.000000000 2
1160 148 3 8192 2.000000000 2
1160 216 3 8192 2.000000000 2
1160 236 3 8192 2.000000000 2
1160 248 3 8192 2.000000000 2
1160 272 3 8192 2.000000000 2
1160 288 3 8192 2.000000000 2
1160 296 3 8192 2.000000000 2
1160 312 3 8192 2.000000000 2
1160 324 3 8192 2.000000000 2
1160 336 3 8192 2.000000000 2
1160 356 3 8192 2.000000000 2
1160 372 3 8192 2.000000000 2
1160 376 3 8192 2.000000000 2
1160 384 3 8192 2.000000000 2
1160 388 3 8192 2.000000000 2
1160 444 3 8192 2.000000000 2
1160 448 3 8192 2.000000000 2
1160 516 3 8192 2.000000000 2
1160 536 3 8192 2.000000000 2
1160 540 3 8192 2.000000000 2
1160 552 3 8192 2.000000000 2
1160 564 3 8192 2.000000000 2
1160 592 3 8192 2.000000000 2
1160 596 3 8192 2.000000000 2
1160 600 3 8192 2.000000000 2
1160 608 3 8192 2.000000000 2
1160 616 3 8192 2.000000000 2
1160 620 3 8192 2.000000000 2
1160 624 3 8192 2.000000000 2
1160 656 3 8192 2.000000000 2
1160 716 3 8192 2.000000000 2
1160 724 3 8192 2.000000000 2
1160 732 3 8192 2.000000000 2
1160 760 3 8192 2.000000000 2
1160 764 3 8192 2.000000000 2
1160 784 3 8192 2.000000000 2
1160 788 3 8192 2.000000000 2
1160 832 3 8192 2.000000000 2
1160 836 3 8192 2.000000000 2
1160 884 3 8192 2.000000000 2
1160 888 3 8192 2.000000000 2
1160 900 3 8192 2.000000000 2
1160 904 3 8192 2.000000000 2
1160 908 3 8192 2.000000000 2
1160 928 3 8192 2.000000000 2
1160 936 3 8192 2.000000000 2
1160 960 3 8192 2.000000000 2
1160 972 3 8192 2.000000000 2
1160 1020 3 8192 2.000000000 2
1160 1052 3 8192 2.000000000 2
1160 1088 3 8192 2.000000000 2
1160 1092 3 8192 2.000000000 2
1160 1112 3 8192 2.000000000 2
1160 1140 3 8192 2.000000000 2
1160 1228 3 8192 2.000000000 2
1160 1236 3 8192 2.000000000 2
1160 1264 3 8192 2.000000000 2
1164 4 3 8192 2.000000000 2
1164 8 3 8192 2.000000000 2
1164 20 3 8192 2.000000000 2
1164 28 3 8192 2.000000000 2
1164 32 3 8192 2.000000000 2
1164 56 3 8192 2.000000000 2
1164 72 3 8192 2.000000000 2
1164 88 3 8192 2.000000000 2
1164 92 3 8192 2.000000000 2
1164 104 3 8192 2.000000000 2
1164 108 3 8192 2.000000000 2
1164 188 3 8192 2.000000000 2
1164 196 3 8192 2.000000000 2
1164 228 3 8192 2.000000000 2
1164 236 3 8192 2.000000000 2
1164 248 3 8192 2.000000000 2
1164 268 3 8192 2.000000000 2
1164 276 3 8192 2.000000000 2
1164 288 3 8192 2.000000000 2
1164 292 3 8192 2.000000000 2
1164 296 3 8192 2.000000000 2
1164 316 3 8192 2.000000000 2
1164 332 3 8192 2.000000000 2
1164 352 3 8192 2.000000000 2
1164 400 3 8192 2.000000000 2
1164 404 3 8192 2.000000000 2
1164 444 3 8192 2.000000000 2
1164 496 3 8192 2.000000000 2
1164 508 3 8192 2.000000000 2
1164 528 3 8192 2.000000000 2
1164 536 3 8192 2.000000000 2
1164 560 3 8192 2.000000000 2
1164 588 3 8192 2.000000000 2
1164 592 3 8192 2.000000000 2
1164 596 3 8192 2.000000000 2
1164 656 3 8192 2.000000000 2
1164 688 3 8192 2.000000000 2
1164 692 3 8192 2.000000000 2
1164 696 3 8192 2.000000000 2
1164 716 3 8192 2.000000000 2
1164 732 3 8192 2.000000000 2
1164 768 3 8192 2.000000000 2
1164 776 3 8192 2.000000000 2
1164 780 3 8192 2.000000000 2
1164 864 3 8192 2.000000000 2
1164 900 3 8192 2.000000000 2
1164 972 3 8192 2.000000000 2
1164 984 3 8192 2.000000000 2
1164 988 3 8192 2.000000000 2
1164 1020 3 8192 2.000000000 2
1164 1028 3 8192 2.000000000 2
1164 1068 3 8192 2.000000000 2
1164 1088 3 8192 2.000000000 2
1164 1096 3 8192 2.000000000 2
1164 1100 3 8192 2.000000000 2
1164 1112 3 8192 2.000000000 2
1164 1116 3 8192 2.000000000 2
1164 1128 3 8192 2.000000000 2
1164 1144 3 8192 2.000000000 2
1164 1148 3 8192 2.000000000 2
1164 1152 3 8192 2.000000000 2
1164 1172 3 8192 2.000000000 2
1164 1184 3 8192 2.000000000 2
1164 1264 3 8192 2.000000000 2
1168 20 3 8192 2.000000000 2
1168 24 3 8192 2.000000000 2
1168 40 3 8192 2.000000000 2
1168 72 3 8192 2.000000000 2
1168 112 3 8192 2.000000000 2
1168 120 3 8192 2.000000000 2
1168 124 3 8192 2.000000000 2
1168 144 3 8192 2.000000000 2
1168 172 3 8192 2.000000000 2
1168 188 3 8192 2.000000000 2
1168 200 3 8192 2.000000000 2
1168 208 3 8192 2.000000000 2
1168 216 3 8192 2.000000000 2
1168 240 3 8192 2.000000000 2
1168 276 3 8192 2.000000000 2
1168 352 3 8192 2.000000000 2
1168 356 3 8192 2.000000000 2
1168 408 3 8192 2.000000000 2
1168 416 3 8192 2.000000000 2
1168 424 3 8192 2.000000000 2
1168 456 3 8192 2.000000000 2
1168 508 3 8192 2.000000000 2
1168 524 3 8192 2.000000000 2
1168 536 3 8192 2.000000000 2
1168 544 3 8192 2.000000000 2
1168 564 3 8192 2.000000000 2
1168 580 3 8192 2.000000000 2
1168 620 3 8192 2.000000000 2
1168 648 3 8192 2.000000000 2
1168 688 3 8192 2.000000000 2
1168 696 3 8192 2.000000000 2
1168 700 3 8192 2.000000000 2
1168 712 3 8192 2.000000000 2
1168 716 3 8192 2.000000000 2
1168 724 3 8192 2.000000000 2
1168 728 3 8192 2.000000000 2
1168 764 3 8192 2.000000000 2
1168 788 3 8192 2.000000000 2
1168 792 3 8192 2.000000000 2
1168 800 3 8192 2.000000000 2
1168 824 3 8192 2.000000000 2
1168 856 3 8192 2.000000000 2
1168 868 3 8192 2.000000000 2
1168 876 3 8192 2.000000000 2
1168 892 3 8192 2.000000000 2
1168 912 3 8192 2.000000000 2
1168 916 3 8192 2.000000000 2
1168 936 3 8192 2.000000000 2
1168 944 3 8192 2.000000000 2
1168 972 3 8192 2.000000000 2
1168 980 3 8192 2.000000000 2
1168 1012 3 8192 2.000000000 2
1168 1024 3 8192 2.000000000 2
1168 1052 3 8192 2.000000000 2
1168 1064 3 8192 2.000000000 2
1168 1084 3 8192 2.000000000 2
1168 1096 3 8192 2.000000000 2
1168 1112 3 8192 2.000000000 2
1168 1148 3 8192 2.000000000 2
1168 1152 3 8192 2.000000000 2
1168 1156 3 8192 2.000000000 2
1168 1200 3 8192 2.000000000 2
1168 1204 3 8192 2.000000000 2
1168 1212 3 8192 2.000000000 2
1172 4 3 8192 2.000000000 2
1172 12 3 8192 2.000000000 2
1172 20 3 8192 2.000000000 2
1172 32 3 8192 2.000000000 2
1172 48 3 8192 2.000000000 2
1172 64 3 8192 2.000000000 2
1172 104 3 8192 2.000000000 2
1172 116 3 8192 2.000000000 2
1172 160 3 8192 2.000000000 2
1172 188 3 8192 2.000000000 2
1172 208 3 8192 2.000000000 2
1172 216 3 8192 2.000000000 2
1172 224 3 8192 2.000000000 2
1172 328 3 8192 2.000000000 2
1172 340 3 8192 2.000000000 2
1172 360 3 8192 2.000000000 2
1172 400 3 8192 2.000000000 2
1172 440 3 8192 2.000000000 2
1172 444 3 8192 2.000000000 2
1172 452 3 8192 2.000000000 2
1172 460 3 8192 2.000000000 2
1172 492 3 8192 2.000000000 2
1172 496 3 8192 2.000000000 2
1172 500 3 8192 2.000000000 2
1172 544 3 8192 2.000000000 2
1172 552 3 8192 2.000000000 2
1172 564 3 8192 2.000000000 2
1172 588 3 8192 2.000000000 2
1172 608 3 8192 2.000000000 2
1172 616 3 8192 2.000000000 2
1172 620 3 8192 2.000000000 2
1172 628 3 8192 2.000000000 2
1172 652 3 8192 2.000000000 2
1172 664 3 8192 2.000000000 2
1172 688 3 8192 2.000000000 2
1172 712 3 8192 2.000000000 2
1172 724 3 8192 2.000000000 2
1172 776 3 8192 2.000000000 2
1172 812 3 8192 2.000000000 2
1172 848 3 8192 2.000000000 2
1172 884 3 8192 2.000000000 2
1172 888 3 8192 2.000000000 2
1172 900 3 8192 2.000000000 2
1172 904 3 8192 2.000000000 2
1172 944 3 8192 2.000000000 2
1172 948 3 8192 2.000000000 2
1172 1000 3 8192 2.000000000 2
1172 1008 3 8192 2.000000000 2
1172 1032 3 8192 2.000000000 2
1172 1036 3 8192 2.000000000 2
1172 1052 3 8192 2.000000000 2
1172 1056 3 8192 2.000000000 2
1172 1060 3 8192 2.000000000 2
1172 1072 3 8192 2.000000000 2
1172 1080 3 8192 2.000000000 2
1172 1116 3 8192 2.000000000 2
1172 1120 3 8192 2.000000000 2
1172 1132 3 8192 2.000000000 2
1172 1140 3 8192 2.000000000 2
1172 1176 3 8192 2.000000000 2
1172 1184 3 8192 2.000000000 2
1172 1200 3 8192 2.000000000 2
1172 1228 3 8192 2.000000000 2
1172 1232 3 8192 2.000000000 2
1176 8 3 8192 2.000000000 2
1176 20 3 8192 2.000000000 2
1176 44 3 8192 2.000000000 2
1176 68 3 8192 2.000000000 2
1176 72 3 8192 2.000000000 2
1176 80 3 8192 2.000000000 2
1176 88 3 8192 2.000000000 2
1176 108 3 8192 2.000000000 2
1176 176 3 8192 2.000000000 2
1176 180 3 8192 2.000000000 2
1176 188 3 8192 2.000000000 2
1176 204 3 8192 2.000000000 2
1176 208 3 8192 2.000000000 2
1176 240 3 8192 2.000000000 2
1176 264 3 8192 2.000000000 2
1176 288 3 8192 2.000000000 2
1176 308 3 8192 2.000000000 2
1176 316 3 8192 2.000000000 2
1176 344 3 8192 2.000000000 2
1176 360 3 8192 2.000000000 2
1176 368 3 8192 2.000000000 2
1176 372 3 8192 2.000000000 2
1176 424 3 8192 2.000000000 2
1176 444 3 8192 2.000000000 2
1176 448 3 8192 2.000000000 2
1176 452 3 8192 2.000000000 2
1176 456 3 8192 2.000000000 2
1176 472 3 8192 2.000000000 2
1176 508 3 8192 2.000000000 2
1176 528 3 8192 2.000000000 2
1176 564 3 8192 2.000000000 2
1176 568 3 8192 2.000000000 2
1176 588 3 8192 2.000000000 2
1176 592 3 8192 2.000000000 2
1176 620 3 8192 2.000000000 2
1176 632 3 8192 2.000000000 2
1176 652 3 8192 2.000000000 2
1176 660 3 8192 2.000000000 2
1176 668 3 8192 2.000000000 2
1176 676 3 8192 2.000000000 2
1176 700 3 8192 2.000000000 2
1176 712 3 8192 2.000000000 2
1176 724 3 8192 2.000000000 2
1176 736 3 8192 2.000000000 2
1176 760 3 8192 2.000000000 2
1176 784 3 8192 2.000000000 2
1176 824 3 8192 2.000000000 2
1176 860 3 8192 2.000000000 2
1176 864 3 8192 2.000000000 2
1176 920 3 8192 2.000000000 2
1176 940 3 8192 2.000000000 2
1176 968 3 8192 2.000000000 2
1176 972 3 8192 2.000000000 2
1176 988 3 8192 2.000000000 2
1176 1000 3 8192 2.000000000 2
1176 1060 3 8192 2.000000000 2
1176 1092 3 8192 2.000000000 2
1176 1096 3 8192 2.000000000 2
1176 1132 3 8192 2.000000000 2
1176 1148 3 8192 2.000000000 2
1176 1196 3 8192 2.000000000 2
1176 1236 3 8192 2.000000000 2
1176 1244 3 8192 2.000000000 2
1176 1268 3 8192 2.000000000 2
1184 40 3 8192 2.000000000 2
1184 44 3 8192 2.000000000 2
1184 56 3 8192 2.000000000 2
1184 60 3 8192 2.000000000 2
1184 68 3 8192 2.000000000 2
1184 72 3 8192 2.000000000 2
1184 116 3 8192 2.000000000 2
1184 140 3 8192 2.000000000 2
1184 192 3 8192 2.000000000 2
1184 208 3 8192 2.000000000 2
1184 216 3 8192 2.000000000 2
1184 220 3 8192 2.000000000 2
1184 228 3 8192 2.000000000 2
1184 240 3 8192 2.000000000 2
1184 248 3 8192 2.000000000 2
1184 272 3 8192 2.000000000 2
1184 288 3 8192 2.000000000 2
1184 296 3 8192 2.000000000 2
1184 320 3 8192 2.000000000 2
1184 324 3 8192 2.000000000 2
1184 344 3 8192 2.000000000 2
1184 356 3 8192 2.000000000 2
1184 368 3 8192 2.000000000 2
1184 384 3 8192 2.000000000 2
1184 404 3 8192 2.000000000 2
1184 504 3 8192 2.000000000 2
1184 516 3 8192 2.000000000 2
1184 536 3 8192 2.000000000 2
1184 568 3 8192 2.000000000 2
1184 580 3 8192 2.000000000 2
1184 632 3 8192 2.000000000 2
1184 664 3 8192 2.000000000 2
1184 692 3 8192 2.000000000 2
1184 700 3 8192 2.000000000 2
1184 712 3 8192 2.000000000 2
1184 716 3 8192 2.000000000 2
1184 720 3 8192 2.000000000 2
1184 788 3 8192 2.000000000 2
1184 824 3 8192 2.000000000 2
1184 832 3 8192 2.000000000 2
1184 840 3 8192 2.000000000 2
1184 884 3 8192 2.000000000 2
1184 888 3 8192 2.000000000 2
1184 900 3 8192 2.000000000 2
1184 912 3 8192 2.000000000 2
1184 920 3 8192 2.000000000 2
1184 948 3 8192 2.000000000 2
1184 1012 3 8192 2.000000000 2
1184 1060 3 8192 2.000000000 2
1184 1080 3 8192 2.000000000 2
1184 1096 3 8192 2.000000000 2
1184 1100 3 8192 2.000000000 2
1184 1112 3 8192 2.000000000 2
1184 1120 3 8192 2.000000000 2
1184 1156 3 8192 2.000000000 2
1184 1168 3 8192 2.000000000 2
1184 1172 3 8192 2.000000000 2
1184 1192 3 8192 2.000000000 2
1184 1196 3 8192 2.000000000 2
1184 1212 3 8192 2.000000000 2
1184 1228 3 8192 2.000000000 2
1184 1232 3 8192 2.000000000 2
1184 1260 3 8192 2.000000000 2
1184 1264 3 8192 2.000000000 2
1188 24 3 8192 2.000000000 2
1188 44 3 8192 2.000000000 2
1188 56 3 8192 2.000000000 2
1188 72 3 8192 2.000000000 2
1188 88 3 8192 2.000000000 2
1188 116 3 8192 2.000000000 2
1188 176 3 8192 2.000000000 2
1188 204 3 8192 2.000000000 2
1188 224 3 8192 2.000000000 2
1188 240 3 8192 2.000000000 2
1188 272 3 8192 2.000000000 2
1188 276 3 8192 2.000000000 2
1188 288 3 8192 2.000000000 2
1188 296 3 8192 2.000000000 2
1188 312 3 8192 2.000000000 2
1188 336 3 8192 2.000000000 2
1188 352 3 8192 2.000000000 2
1188 376 3 8192 2.000000000 2
1188 416 3 8192 2.000000000 2
1188 452 3 8192 2.000000000 2
1188 456 3 8192 2.000000000 2
1188 460 3 8192 2.000000000 2
1188 472 3 8192 2.000000000 2
1188 504 3 8192 2.000000000 2
1188 516 3 8192 2.000000000 2
1188 548 3 8192 2.000000000 2
1188 592 3 8192 2.000000000 2
1188 616 3 8192 2.000000000 2
1188 632 3 8192 2.000000000 2
1188 648 3 8192 2.000000000 2
1188 676 3 8192 2.000000000 2
1188 688 3 8192 2.000000000 2
1188 708 3 8192 2.000000000 2
1188 712 3 8192 2.000000000 2
1188 720 3 8192 2.000000000 2
1188 724 3 8192 2.000000000 2
1188 728 3 8192 2.000000000 2
1188 776 3 8192 2.000000000 2
1188 780 3 8192 2.000000000 2
1188 792 3 8192 2.000000000 2
1188 800 3 8192 2.000000000 2
1188 812 3 8192 2.000000000 2
1188 824 3 8192 2.000000000 2
1188 840 3 8192 2.000000000 2
1188 860 3 8192 2.000000000 2
1188 876 3 8192 2.000000000 2
1188 912 3 8192 2.000000000 2
1188 916 3 8192 2.000000000 2
1188 952 3 8192 2.000000000 2
1188 976 3 8192 2.000000000 2
1188 1044 3 8192 2.000000000 2
1188 1080 3 8192 2.000000000 2
1188 1088 3 8192 2.000000000 2
1188 1128 3 8192 2.000000000 2
1188 1144 3 8192 2.000000000 2
1188 1148 3 8192 2.000000000 2
1188 1152 3 8192 2.000000000 2
1188 1160 3 8192 2.000000000 2
1188 1168 3 8192 2.000000000 2
1188 1172 3 8192 2.000000000 2
1188 1184 3 8192 2.000000000 2
1188 1204 3 8192 2.000000000 2
1188 1228 3 8192 2.000000000 2
1188 1268 3 8192 2.000000000 2
1192 28 3 8192 2.000000000 2
1192 32 3 8192 2.000000000 2
1192 56 3 8192 2.000000000 2
1192 60 3 8192 2.000000000 2
1192 68 3 8192 2.000000000 2
1192 92 3 8192 2.000000000 2
1192 104 3 8192 2.000000000 2
1192 108 3 8192 2.000000000 2
1192 112 3 8192 2.000000000 2
1192 140 3 8192 2.000000000 2
1192 188 3 8192 2.000000000 2
1192 204 3 8192 2.000000000 2
1192 208 3 8192 2.000000000 2
1192 216 3 8192 2.000000000 2
1192 224 3 8192 2.000000000 2
1192 228 3 8192 2.000000000 2
1192 248 3 8192 2.000000000 2
1192 268 3 8192 2.000000000 2
1192 272 3 8192 2.000000000 2
1192 280 3 8192 2.000000000 2
1192 316 3 8192 2.000000000 2
1192 324 3 8192 2.000000000 2
1192 328 3 8192 2.000000000 2
1192 352 3 8192 2.000000000 2
1192 356 3 8192 2.000000000 2
1192 372 3 8192 2.000000000 2
1192 428 3 8192 2.000000000 2
1192 464 3 8192 2.000000000 2
1192 520 3 8192 2.000000000 2
1192 528 3 8192 2.000000000 2
1192 540 3 8192 2.000000000 2
1192 552 3 8192 2.000000000 2
1192 568 3 8192 2.000000000 2
1192 596 3 8192 2.000000000 2
1192 600 3 8192 2.000000000 2
1192 624 3 8192 2.000000000 2
1192 668 3 8192 2.000000000 2
1192 676 3 8192 2.000000000 2
1192 696 3 8192 2.000000000 2
1192 712 3 8192 2.000000000 2
1192 764 3 8192 2.000000000 2
1192 780 3 8192 2.000000000 2
1192 800 3 8192 2.000000000 2
1192 812 3 8192 2.000000000 2
1192 820 3 8192 2.000000000 2
1192 824 3 8192 2.000000000 2
1192 836 3 8192 2.000000000 2
1192 848 3 8192 2.000000000 2
1192 912 3 8192 2.000000000 2
1192 920 3 8192 2.000000000 2
1192 948 3 8192 2.000000000 2
1192 952 3 8192 2.000000000 2
1192 1028 3 8192 2.000000000 2
1192 1068 3 8192 2.000000000 2
1192 1072 3 8192 2.000000000 2
1192 1084 3 8192 2.000000000 2
1192 1112 3 8192 2.000000000 2
1192 1156 3 8192 2.000000000 2
1192 1160 3 8192 2.000000000 2
1192 1196 3 8192 2.000000000 2
1192 1212 3 8192 2.000000000 2
1192 1216 3 8192 2.000000000 2
1192 1236 3 8192 2.000000000 2
1192 1260 3 8192 2.000000000 2
1196 28 3 8192 2.000000000 2
1196 40 3 8192 2.000000000 2
1196 112 3 8192 2.000000000 2
1196 132 3 8192 2.000000000 2
1196 140 3 8192 2.000000000 2
1196 148 3 8192 2.000000000 2
1196 184 3 8192 2.000000000 2
1196 188 3 8192 2.000000000 2
1196 244 3 8192 2.000000000 2
1196 248 3 8192 2.000000000 2
1196 264 3 8192 2.000000000 2
1196 272 3 8192 2.000000000 2
1196 308 3 8192 2.000000000 2
1196 316 3 8192 2.000000000 2
1196 336 3 8192 2.000000000 2
1196 356 3 8192 2.000000000 2
1196 372 3 8192 2.000000000 2
1196 376 3 8192 2.000000000 2
1196 384 3 8192 2.000000000 2
1196 404 3 8192 2.000000000 2
1196 408 3 8192 2.000000000 2
1196 428 3 8192 2.000000000 2
1196 448 3 8192 2.000000000 2
1196 464 3 8192 2.000000000 2
1196 492 3 8192 2.000000000 2
1196 504 3 8192 2.000000000 2
1196 508 3 8192 2.000000000 2
1196 516 3 8192 2.000000000 2
1196 528 3 8192 2.000000000 2
1196 572 3 8192 2.000000000 2
1196 580 3 8192 2.000000000 2
1196 600 3 8192 2.000000000 2
1196 620 3 8192 2.000000000 2
1196 636 3 8192 2.000000000 2
1196 656 3 8192 2.000000000 2
1196 660 3 8192 2.000000000 2
1196 664 3 8192 2.000000000 2
1196 728 3 8192 2.000000000 2
1196 768 3 8192 2.000000000 2
1196 788 3 8192 2.000000000 2
1196 820 3 8192 2.000000000 2
1196 876 3 8192 2.000000000 2
1196 888 3 8192 2.000000000 2
1196 892 3 8192 2.000000000 2
1196 900 3 8192 2.000000000 2
1196 904 3 8192 2.000000000 2
1196 908 3 8192 2.000000000 2
1196 928 3 8192 2.000000000 2
1196 944 3 8192 2.000000000 2
1196 952 3 8192 2.000000000 2
1196 976 3 8192 2.000000000 2
1196 984 3 8192 2.000000000 2
1196 1056 3 8192 2.000000000 2
1196 1088 3 8192 2.000000000 2
1196 1096 3 8192 2.000000000 2
1196 1132 3 8192 2.000000000 2
1196 1136 3 8192 2.000000000 2
1196 1140 3 8192 2.000000000 2
1196 1152 3 8192 2.000000000 2
1196 1188 3 8192 2.000000000 2
1196 1192 3 8192 2.000000000 2
1196 1232 3 8192 2.000000000 2
1196 1244 3 8192 2.000000000 2
1196 1268 3 8192 2.000000000 2
1200 8 3 8192 2.000000000 2
1200 12 3 8192 2.000000000 2
1200 20 3 8192 2.000000000 2
1200 24 3 8192 2.000000000 2
1200 32 3 8192 2.000000000 2
1200 40 3 8192 2.000000000 2
1200 48 3 8192 2.000000000 2
1200 72 3 8192 2.000000000 2
1200 112 3 8192 2.000000000 2
1200 116 3 8192 2.000000000 2
1200 120 3 8192 2.000000000 2
1200 136 3 8192 2.000000000 2
1200 148 3 8192 2.000000000 2
1200 184 3 8192 2.000000000 2
1200 188 3 8192 2.000000000 2
1200 204 3 8192 2.000000000 2
1200 208 3 8192 2.000000000 2
1200 240 3 8192 2.000000000 2
1200 264 3 8192 2.000000000 2
1200 268 3 8192 2.000000000 2
1200 276 3 8192 2.000000000 2
1200 296 3 8192 2.000000000 2
1200 336 3 8192 2.000000000 2
1200 344 3 8192 2.000000000 2
1200 372 3 8192 2.000000000 2
1200 404 3 8192 2.000000000 2
1200 408 3 8192 2.000000000 2
1200 424 3 8192 2.000000000 2
1200 444 3 8192 2.000000000 2
1200 448 3 8192 2.000000000 2
1200 460 3 8192 2.000000000 2
1200 524 3 8192 2.000000000 2
1200 544 3 8192 2.000000000 2
1200 552 3 8192 2.000000000 2
1200 564 3 8192 2.000000000 2
1200 568 3 8192 2.000000000 2
1200 592 3 8192 2.000000000 2
1200 620 3 8192 2.000000000 2
1200 636 3 8192 2.000000000 2
1200 652 3 8192 2.000000000 2
1200 692 3 8192 2.000000000 2
1200 704 3 8192 2.000000000 2
1200 708 3 8192 2.000000000 2
1200 716 3 8192 2.000000000 2
1200 732 3 8192 2.000000000 2
1200 780 3 8192 2.000000000 2
1200 784 3 8192 2.000000000 2
1200 836 3 8192 2.000000000 2
1200 840 3 8192 2.000000000 2
1200 856 3 8192 2.000000000 2
1200 868 3 8192 2.000000000 2
1200 880 3 8192 2.000000000 2
1200 900 3 8192 2.000000000 2
1200 944 3 8192 2.000000000 2
1200 972 3 8192 2.000000000 2
1200 980 3 8192 2.000000000 2
1200 1004 3 8192 2.000000000 2
1200 1028 3 8192 2.000000000 2
1200 1052 3 8192 2.000000000 2
1200 1128 3 8192 2.000000000 2
1200 1132 3 8192 2.000000000 2
1200 1136 3 8192 2.000000000 2
1200 1152 3 8192 2.000000000 2
1200 1276 3 8192 2.000000000 2
1204 28 3 8192 2.000000000 2
1204 44 3 8192 2.000000000 2
1204 48 3 8192 2.000000000 2
1204 60 3 8192 2.000000000 2
1204 92 3 8192 2.000000000 2
1204 112 3 8192 2.000000000 2
1204 132 3 8192 2.000000000 2
1204 140 3 8192 2.000000000 2
1204 160 3 8192 2.000000000 2
1204 172 3 8192 2.000000000 2
1204 180 3 8192 2.000000000 2
1204 192 3 8192 2.000000000 2
1204 208 3 8192 2.000000000 2
1204 240 3 8192 2.000000000 2
1204 252 3 8192 2.000000000 2
1204 256 3 8192 2.000000000 2
1204 276 3 8192 2.000000000 2
1204 308 3 8192 2.000000000 2
1204 320 3 8192 2.000000000 2
1204 344 3 8192 2.000000000 2
1204 352 3 8192 2.000000000 2
1204 356 3 8192 2.000000000 2
1204 404 3 8192 2.000000000 2
1204 408 3 8192 2.000000000 2
1204 416 3 8192 2.000000000 2
1204 428 3 8192 2.000000000 2
1204 448 3 8192 2.000000000 2
1204 464 3 8192 2.000000000 2
1204 468 3 8192 2.000000000 2
1204 500 3 8192 2.000000000 2
1204 520 3 8192 2.000000000 2
1204 544 3 8192 2.000000000 2
1204 564 3 8192 2.000000000 2
1204 620 3 8192 2.000000000 2
1204 624 3 8192 2.000000000 2
1204 652 3 8192 2.000000000 2
1204 696 3 8192 2.000000000 2
1204 700 3 8192 2.000000000 2
1204 708 3 8192 2.000000000 2
1204 716 3 8192 2.000000000 2
1204 788 3 8192 2.000000000 2
1204 824 3 8192 2.000000000 2
1204 844 3 8192 2.000000000 2
1204 860 3 8192 2.000000000 2
1204 880 3 8192 2.000000000 2
1204 888 3 8192 2.000000000 2
1204 920 3 8192 2.000000000 2
1204 944 3 8192 2.000000000 2
1204 1008 3 8192 2.000000000 2
1204 1024 3 8192 2.000000000 2
1204 1036 3 8192 2.000000000 2
1204 1048 3 8192 2.000000000 2
1204 1052 3 8192 2.000000000 2
1204 1060 3 8192 2.000000000 2
1204 1080 3 8192 2.000000000 2
1204 1088 3 8192 2.000000000 2
1204 1128 3 8192 2.000000000 2
1204 1152 3 8192 2.000000000 2
1204 1164 3 8192 2.000000000 2
1204 1224 3 8192 2.000000000 2
1204 1228 3 8192 2.000000000 2
1204 1236 3 8192 2.000000000 2
1204 1272 3 8192 2.000000000 2
1204 1276 3 8192 2.000000000 2
1212 32 3 8192 2.000000000 2
1212 44 3 8192 2.000000000 2
1212 56 3 8192 2.000000000 2
1212 68 3 8192 2.000000000 2
1212 88 3 8192 2.000000000 2
1212 160 3 8192 2.000000000 2
1212 180 3 8192 2.000000000 2
1212 216 3 8192 2.000000000 2
1212 240 3 8192 2.000000000 2
1212 268 3 8192 2.000000000 2
1212 272 3 8192 2.000000000 2
1212 288 3 8192 2.000000000 2
1212 316 3 8192 2.000000000 2
1212 328 3 8192 2.000000000 2
1212 340 3 8192 2.000000000 2
1212 384 3 8192 2.000000000 2
1212 396 3 8192 2.000000000 2
1212 416 3 8192 2.000000000 2
1212 444 3 8192 2.000000000 2
1212 448 3 8192 2.000000000 2
1212 460 3 8192 2.000000000 2
1212 500 3 8192 2.000000000 2
1212 528 3 8192 2.000000000 2
1212 540 3 8192 2.000000000 2
1212 572 3 8192 2.000000000 2
1212 588 3 8192 2.000000000 2
1212 596 3 8192 2.000000000 2
1212 600 3 8192 2.000000000 2
1212 616 3 8192 2.000000000 2
1212 628 3 8192 2.000000000 2
1212 648 3 8192 2.000000000 2
1212 656 3 8192 2.000000000 2
1212 680 3 8192 2.000000000 2
1212 688 3 8192 2.000000000 2
1212 708 3 8192 2.000000000 2
1212 712 3 8192 2.000000000 2
1212 716 3 8192 2.000000000 2
1212 788 3 8192 2.000000000 2
1212 812 3 8192 2.000000000 2
1212 820 3 8192 2.000000000 2
1212 832 3 8192 2.000000000 2
1212 848 3 8192 2.000000000 2
1212 860 3 8192 2.000000000 2
1212 868 3 8192 2.000000000 2
1212 888 3 8192 2.000000000 2
1212 928 3 8192 2.000000000 2
1212 936 3 8192 2.000000000 2
1212 948 3 8192 2.000000000 2
1212 952 3 8192 2.000000000 2
1212 980 3 8192 2.000000000 2
1212 1000 3 8192 2.000000000 2
1212 1012 3 8192 2.000000000 2
1212 1028 3 8192 2.000000000 2
1212 1080 3 8192 2.000000000 2
1212 1100 3 8192 2.000000000 2
1212 1144 3 8192 2.000000000 2
1212 1148 3 8192 2.000000000 2
1212 1160 3 8192 2.000000000 2
1212 1192 3 8192 2.000000000 2
1212 1224 3 8192 2.000000000 2
1212 1232 3 8192 2.000000000 2
1212 1244 3 8192 2.000000000 2
1212 1260 3 8192 2.000000000 2
1212 1276 3 8192 2.000000000 2
1216 4 3 8192 2.000000000 2
1216 8 3 8192 2.000000000 2
1216 40 3 8192 2.000000000 2
1216 44 3 8192 2.000000000 2
1216 80 3 8192 2.000000000 2
1216 104 3 8192 2.000000000 2
1216 124 3 8192 2.000000000 2
1216 132 3 8192 2.000000000 2
1216 140 3 8192 2.000000000 2
1216 184 3 8192 2.000000000 2
1216 192 3 8192 2.000000000 2
1216 204 3 8192 2.000000000 2
1216 212 3 8192 2.000000000 2
1216 216 3 8192 2.000000000 2
1216 240 3 8192 2.000000000 2
1216 248 3 8192 2.000000000 2
1216 308 3 8192 2.000000000 2
1216 316 3 8192 2.000000000 2
1216 332 3 8192 2.000000000 2
1216 336 3 8192 2.000000000 2
1216 372 3 8192 2.000000000 2
1216 392 3 8192 2.000000000 2
1216 404 3 8192 2.000000000 2
1216 492 3 8192 2.000000000 2
1216 528 3 8192 2.000000000 2
1216 544 3 8192 2.000000000 2
1216 552 3 8192 2.000000000 2
1216 572 3 8192 2.000000000 2
1216 588 3 8192 2.000000000 2
1216 620 3 8192 2.000000000 2
1216 632 3 8192 2.000000000 2
1216 636 3 8192 2.000000000 2
1216 660 3 8192 2.000000000 2
1216 664 3 8192 2.000000000 2
1216 676 3 8192 2.000000000 2
1216 704 3 8192 2.000000000 2
1216 716 3 8192 2.000000000 2
1216 736 3 8192 2.000000000 2
1216 780 3 8192 2.000000000 2
1216 832 3 8192 2.000000000 2
1216 836 3 8192 2.000000000 2
1216 888 3 8192 2.000000000 2
1216 912 3 8192 2.000000000 2
1216 916 3 8192 2.000000000 2
1216 936 3 8192 2.000000000 2
1216 940 3 8192 2.000000000 2
1216 956 3 8192 2.000000000 2
1216 968 3 8192 2.000000000 2
1216 972 3 8192 2.000000000 2
1216 976 3 8192 2.000000000 2
1216 1012 3 8192 2.000000000 2
1216 1024 3 8192 2.000000000 2
1216 1100 3 8192 2.000000000 2
1216 1116 3 8192 2.000000000 2
1216 1168 3 8192 2.000000000 2
1216 1188 3 8192 2.000000000 2
1216 1196 3 8192 2.000000000 2
1216 1212 3 8192 2.000000000 2
1216 1220 3 8192 2.000000000 2
1216 1232 3 8192 2.000000000 2
1216 1236 3 8192 2.000000000 2
1216 1244 3 8192 2.000000000 2
1216 1268 3 8192 2.000000000 2
1216 1276 3 8192 2.000000000 2
1220 8 3 8192 2.000000000 2
1220 24 3 8192 2.000000000 2
1220 28 3 8192 2.000000000 2
1220 32 3 8192 2.000000000 2
1220 72 3 8192 2.000000000 2
1220 80 3 8192 2.000000000 2
1220 120 3 8192 2.000000000 2
1220 144 3 8192 2.000000000 2
1220 148 3 8192 2.000000000 2
1220 172 3 8192 2.000000000 2
1220 192 3 8192 2.000000000 2
1220 212 3 8192 2.000000000 2
1220 240 3 8192 2.000000000 2
1220 248 3 8192 2.000000000 2
1220 252 3 8192 2.000000000 2
1220 288 3 8192 2.000000000 2
1220 324 3 8192 2.000000000 2
1220 340 3 8192 2.000000000 2
1220 372 3 8192 2.000000000 2
1220 376 3 8192 2.000000000 2
1220 392 3 8192 2.000000000 2
1220 404 3 8192 2.000000000 2
1220 408 3 8192 2.000000000 2
1220 416 3 8192 2.000000000 2
1220 464 3 8192 2.000000000 2
1220 508 3 8192 2.000000000 2
1220 524 3 8192 2.000000000 2
1220 548 3 8192 2.000000000 2
1220 572 3 8192 2.000000000 2
1220 592 3 8192 2.000000000 2
1220 628 3 8192 2.000000000 2
1220 656 3 8192 2.000000000 2
1220 668 3 8192 2.000000000 2
1220 688 3 8192 2.000000000 2
1220 708 3 8192 2.000000000 2
1220 712 3 8192 2.000000000 2
1220 736 3 8192 2.000000000 2
1220 780 3 8192 2.000000000 2
1220 784 3 8192 2.000000000 2
1220 820 3 8192 2.000000000 2
1220 824 3 8192 2.000000000 2
1220 876 3 8192 2.000000000 2
1220 916 3 8192 2.000000000 2
1220 920 3 8192 2.000000000 2
1220 940 3 8192 2.000000000 2
1220 952 3 8192 2.000000000 2
1220 956 3 8192 2.000000000 2
1220 960 3 8192 2.000000000 2
1220 988 3 8192 2.000000000 2
1220 1020 3 8192 2.000000000 2
1220 1044 3 8192 2.000000000 2
1220 1088 3 8192 2.000000000 2
1220 1096 3 8192 2.000000000 2
1220 1128 3 8192 2.000000000 2
1220 1148 3 8192 2.000000000 2
1220 1152 3 8192 2.000000000 2
1220 1164 3 8192 2.000000000 2
1220 1172 3 8192 2.000000000 2
1220 1184 3 8192 2.000000000 2
1220 1188 3 8192 2.000000000 2
1220 1196 3 8192 2.000000000 2
1220 1264 3 8192 2.000000000 2
1220 1272 3 8192 2.000000000 2
1220 1276 3 8192 2.000000000 2
1224 4 3 8192 2.000000000 2
1224 8 3 8192 2.000000000 2
1224 24 3 8192 2.000000000 2
1224 28 3 8192 2.000000000 2
1224 56 3 8192 2.000000000 2
1224 68 3 8192 2.000000000 2
1224 72 3 8192 2.000000000 2
1224 104 3 8192 2.000000000 2
1224 108 3 8192 2.000000000 2
1224 116 3 8192 2.000000000 2
1224 120 3 8192 2.000000000 2
1224 140 3 8192 2.000000000 2
1224 148 3 8192 2.000000000 2
1224 160 3 8192 2.000000000 2
1224 180 3 8192 2.000000000 2
1224 192 3 8192 2.000000000 2
1224 196 3 8192 2.000000000 2
1224 224 3 8192 2.000000000 2
1224 244 3 8192 2.000000000 2
1224 272 3 8192 2.000000000 2
1224 288 3 8192 2.000000000 2
1224 320 3 8192 2.000000000 2
1224 324 3 8192 2.000000000 2
1224 332 3 8192 2.000000000 2
1224 396 3 8192 2.000000000 2
1224 416 3 8192 2.000000000 2
1224 448 3 8192 2.000000000 2
1224 464 3 8192 2.000000000 2
1224 492 3 8192 2.000000000 2
1224 508 3 8192 2.000000000 2
1224 548 3 8192 2.000000000 2
1224 564 3 8192 2.000000000 2
1224 568 3 8192 2.000000000 2
1224 580 3 8192 2.000000000 2
1224 624 3 8192 2.000000000 2
1224 628 3 8192 2.000000000 2
1224 632 3 8192 2.000000000 2
1224 636 3 8192 2.000000000 2
1224 656 3 8192 2.000000000 2
1224 732 3 8192 2.000000000 2
1224 736 3 8192 2.000000000 2
1224 780 3 8192 2.000000000 2
1224 840 3 8192 2.000000000 2
1224 884 3 8192 2.000000000 2
1224 900 3 8192 2.000000000 2
1224 920 3 8192 2.000000000 2
1224 944 3 8192 2.000000000 2
1224 948 3 8192 2.000000000 2
1224 980 3 8192 2.000000000 2
1224 1004 3 8192 2.000000000 2
1224 1044 3 8192 2.000000000 2
1224 1052 3 8192 2.000000000 2
1224 1068 3 8192 2.000000000 2
1224 1080 3 8192 2.000000000 2
1224 1084 3 8192 2.000000000 2
1224 1092 3 8192 2.000000000 2
1224 1112 3 8192 2.000000000 2
1224 1116 3 8192 2.000000000 2
1224 1128 3 8192 2.000000000 2
1224 1136 3 8192 2.000000000 2
1224 1148 3 8192 2.000000000 2
1224 1188 3 8192 2.000000000 2
1224 1200 3 8192 2.000000000 2
1224 1272 3 8192 2.000000000 2
1228 12 3 8192 2.000000000 2
1228 16 3 8192 2.000000000 2
1228 24 3 8192 2.000000000 2
1228 32 3 8192 2.000000000 2
1228 88 3 8192 2.000000000 2
1228 112 3 8192 2.000000000 2
1228 140 3 8192 2.000000000 2
1228 144 3 8192 2.000000000 2
1228 148 3 8192 2.000000000 2
1228 160 3 8192 2.000000000 2
1228 212 3 8192 2.000000000 2
1228 252 3 8192 2.000000000 2
1228 256 3 8192 2.000000000 2
1228 272 3 8192 2.000000000 2
1228 296 3 8192 2.000000000 2
1228 308 3 8192 2.000000000 2
1228 312 3 8192 2.000000000 2
1228 316 3 8192 2.000000000 2
1228 328 3 8192 2.000000000 2
1228 332 3 8192 2.000000000 2
1228 384 3 8192 2.000000000 2
1228 392 3 8192 2.000000000 2
1228 412 3 8192 2.000000000 2
1228 424 3 8192 2.000000000 2
1228 492 3 8192 2.000000000 2
1228 496 3 8192 2.000000000 2
1228 516 3 8192 2.000000000 2
1228 520 3 8192 2.000000000 2
1228 536 3 8192 2.000000000 2
1228 552 3 8192 2.000000000 2
1228 580 3 8192 2.000000000 2
1228 592 3 8192 2.000000000 2
1228 596 3 8192 2.000000000 2
1228 600 3 8192 2.000000000 2
1228 608 3 8192 2.000000000 2
1228 632 3 8192 2.000000000 2
1228 648 3 8192 2.000000000 2
1228 652 3 8192 2.000000000 2
1228 712 3 8192 2.000000000 2
1228 720 3 8192 2.000000000 2
1228 732 3 8192 2.000000000 2
1228 764 3 8192 2.000000000 2
1228 768 3 8192 2.000000000 2
1228 776 3 8192 2.000000000 2
1228 780 3 8192 2.000000000 2
1228 840 3 8192 2.000000000 2
1228 844 3 8192 2.000000000 2
1228 856 3 8192 2.000000000 2
1228 884 3 8192 2.000000000 2
1228 892 3 8192 2.000000000 2
1228 928 3 8192 2.000000000 2
1228 984 3 8192 2.000000000 2
1228 1000 3 8192 2.000000000 2
1228 1008 3 8192 2.000000000 2
1228 1028 3 8192 2.000000000 2
1228 1032 3 8192 2.000000000 2
1228 1044 3 8192 2.000000000 2
1228 1060 3 8192 2.000000000 2
1228 1160 3 8192 2.000000000 2
1228 1200 3 8192 2.000000000 2
1228 1212 3 8192 2.000000000 2
1228 1216 3 8192 2.000000000 2
1228 1220 3 8192 2.000000000 2
1228 1244 3 8192 2.000000000 2
1232 40 3 8192 2.000000000 2
1232 60 3 8192 2.000000000 2
1232 64 3 8192 2.000000000 2
1232 112 3 8192 2.000000000 2
1232 116 3 8192 2.000000000 2
1232 156 3 8192 2.000000000 2
1232 192 3 8192 2.000000000 2
1232 196 3 8192 2.000000000 2
1232 224 3 8192 2.000000000 2
1232 236 3 8192 2.000000000 2
1232 244 3 8192 2.000000000 2
1232 276 3 8192 2.000000000 2
1232 292 3 8192 2.000000000 2
1232 308 3 8192 2.000000000 2
1232 344 3 8192 2.000000000 2
1232 360 3 8192 2.000000000 2
1232 384 3 8192 2.000000000 2
1232 392 3 8192 2.000000000 2
1232 400 3 8192 2.000000000 2
1232 424 3 8192 2.000000000 2
1232 452 3 8192 2.000000000 2
1232 516 3 8192 2.000000000 2
1232 520 3 8192 2.000000000 2
1232 588 3 8192 2.000000000 2
1232 608 3 8192 2.000000000 2
1232 628 3 8192 2.000000000 2
1232 656 3 8192 2.000000000 2
1232 680 3 8192 2.000000000 2
1232 728 3 8192 2.000000000 2
1232 776 3 8192 2.000000000 2
1232 784 3 8192 2.000000000 2
1232 800 3 8192 2.000000000 2
1232 820 3 8192 2.000000000 2
1232 832 3 8192 2.000000000 2
1232 848 3 8192 2.000000000 2
1232 856 3 8192 2.000000000 2
1232 860 3 8192 2.000000000 2
1232 864 3 8192 2.000000000 2
1232 880 3 8192 2.000000000 2
1232 888 3 8192 2.000000000 2
1232 892 3 8192 2.000000000 2
1232 904 3 8192 2.000000000 2
1232 916 3 8192 2.000000000 2
1232 936 3 8192 2.000000000 2
1232 960 3 8192 2.000000000 2
1232 972 3 8192 2.000000000 2
1232 984 3 8192 2.000000000 2
1232 1004 3 8192 2.000000000 2
1232 1020 3 8192 2.000000000 2
1232 1032 3 8192 2.000000000 2
1232 1044 3 8192 2.000000000 2
1232 1052 3 8192 2.000000000 2
1232 1060 3 8192 2.000000000 2
1232 1080 3 8192 2.000000000 2
1232 1092 3 8192 2.000000000 2
1232 1152 3 8192 2.000000000 2
1232 1156 3 8192 2.000000000 2
1232 1164 3 8192 2.000000000 2
1232 1168 3 8192 2.000000000 2
1232 1196 3 8192 2.000000000 2
1232 1200 3 8192 2.000000000 2
1232 1204 3 8192 2.000000000 2
1232 1236 3 8192 2.000000000 2
1232 1268 3 8192 2.000000000 2
1236 24 3 8192 2.000000000 2
1236 40 3 8192 2.000000000 2
1236 56 3 8192 2.000000000 2
1236 60 3 8192 2.000000000 2
1236 64 3 8192 2.000000000 2
1236 72 3 8192 2.000000000 2
1236 80 3 8192 2.000000000 2
1236 124 3 8192 2.000000000 2
1236 148 3 8192 2.000000000 2
1236 184 3 8192 2.000000000 2
1236 196 3 8192 2.000000000 2
1236 212 3 8192 2.000000000 2
1236 220 3 8192 2.000000000 2
1236 224 3 8192 2.000000000 2
1236 248 3 8192 2.000000000 2
1236 308 3 8192 2.000000000 2
1236 312 3 8192 2.000000000 2
1236 316 3 8192 2.000000000 2
1236 356 3 8192 2.000000000 2
1236 368 3 8192 2.000000000 2
1236 372 3 8192 2.000000000 2
1236 396 3 8192 2.000000000 2
1236 404 3 8192 2.000000000 2
1236 428 3 8192 2.000000000 2
1236 448 3 8192 2.000000000 2
1236 472 3 8192 2.000000000 2
1236 492 3 8192 2.000000000 2
1236 504 3 8192 2.000000000 2
1236 536 3 8192 2.000000000 2
1236 616 3 8192 2.000000000 2
1236 652 3 8192 2.000000000 2
1236 668 3 8192 2.000000000 2
1236 676 3 8192 2.000000000 2
1236 712 3 8192 2.000000000 2
1236 764 3 8192 2.000000000 2
1236 780 3 8192 2.000000000 2
1236 784 3 8192 2.000000000 2
1236 788 3 8192 2.000000000 2
1236 848 3 8192 2.000000000 2
1236 856 3 8192 2.000000000 2
1236 868 3 8192 2.000000000 2
1236 884 3 8192 2.000000000 2
1236 900 3 8192 2.000000000 2
1236 912 3 8192 2.000000000 2
1236 944 3 8192 2.000000000 2
1236 948 3 8192 2.000000000 2
1236 972 3 8192 2.000000000 2
1236 1008 3 8192 2.000000000 2
1236 1012 3 8192 2.000000000 2
1236 1020 3 8192 2.000000000 2
1236 1024 3 8192 2.000000000 2
1236 1036 3 8192 2.000000000 2
1236 1068 3 8192 2.000000000 2
1236 1072 3 8192 2.000000000 2
1236 1080 3 8192 2.000000000 2
1236 1084 3 8192 2.000000000 2
1236 1120 3 8192 2.000000000 2
1236 1132 3 8192 2.000000000 2
1236 1160 3 8192 2.000000000 2
1236 1168 3 8192 2.000000000 2
1236 1184 3 8192 2.000000000 2
1236 1216 3 8192 2.000000000 2
1236 1228 3 8192 2.000000000 2
1236 1272 3 8192 2.000000000 2
1244 16 3 8192 2.000000000 2
1244 32 3 8192 2.000000000 2
1244 60 3 8192 2.000000000 2
1244 108 3 8192 2.000000000 2
1244 148 3 8192 2.000000000 2
1244 184 3 8192 2.000000000 2
1244 196 3 8192 2.000000000 2
1244 212 3 8192 2.000000000 2
1244 220 3 8192 2.000000000 2
1244 236 3 8192 2.000000000 2
1244 256 3 8192 2.000000000 2
1244 264 3 8192 2.000000000 2
1244 276 3 8192 2.000000000 2
1244 336 3 8192 2.000000000 2
1244 344 3 8192 2.000000000 2
1244 404 3 8192 2.000000000 2
1244 408 3 8192 2.000000000 2
1244 428 3 8192 2.000000000 2
1244 440 3 8192 2.000000000 2
1244 448 3 8192 2.000000000 2
1244 468 3 8192 2.000000000 2
1244 496 3 8192 2.000000000 2
1244 548 3 8192 2.000000000 2
1244 568 3 8192 2.000000000 2
1244 608 3 8192 2.000000000 2
1244 620 3 8192 2.000000000 2
1244 636 3 8192 2.000000000 2
1244 648 3 8192 2.000000000 2
1244 668 3 8192 2.000000000 2
1244 676 3 8192 2.000000000 2
1244 692 3 8192 2.000000000 2
1244 704 3 8192 2.000000000 2
1244 720 3 8192 2.000000000 2
1244 760 3 8192 2.000000000 2
1244 768 3 8192 2.000000000 2
1244 820 3 8192 2.000000000 2
1244 824 3 8192 2.000000000 2
1244 840 3 8192 2.000000000 2
1244 864 3 8192 2.000000000 2
1244 868 3 8192 2.000000000 2
1244 940 3 8192 2.000000000 2
1244 956 3 8192 2.000000000 2
1244 1000 3 8192 2.000000000 2
1244 1012 3 8192 2.000000000 2
1244 1020 3 8192 2.000000000 2
1244 1024 3 8192 2.000000000 2
1244 1028 3 8192 2.000000000 2
1244 1044 3 8192 2.000000000 2
1244 1064 3 8192 2.000000000 2
1244 1072 3 8192 2.000000000 2
1244 1092 3 8192 2.000000000 2
1244 1096 3 8192 2.000000000 2
1244 1112 3 8192 2.000000000 2
1244 1116 3 8192 2.000000000 2
1244 1132 3 8192 2.000000000 2
1244 1136 3 8192 2.000000000 2
1244 1148 3 8192 2.000000000 2
1244 1164 3 8192 2.000000000 2
1244 1192 3 8192 2.000000000 2
1244 1196 3 8192 2.000000000 2
1244 1220 3 8192 2.000000000 2
1244 1224 3 8192 2.000000000 2
1244 1272 3 8192 2.000000000 2
1244 1276 3 8192 2.000000000 2
1260 28 3 8192 2.000000000 2
1260 40 3 8192 2.000000000 2
1260 60 3 8192 2.000000000 2
1260 68 3 8192 2.000000000 2
1260 72 3 8192 2.000000000 2
1260 120 3 8192 2.000000000 2
1260 124 3 8192 2.000000000 2
1260 136 3 8192 2.000000000 2
1260 140 3 8192 2.000000000 2
1260 188 3 8192 2.000000000 2
1260 208 3 8192 2.000000000 2
1260 252 3 8192 2.000000000 2
1260 308 3 8192 2.000000000 2
1260 340 3 8192 2.000000000 2
1260 352 3 8192 2.000000000 2
1260 356 3 8192 2.000000000 2
1260 360 3 8192 2.000000000 2
1260 368 3 8192 2.000000000 2
1260 384 3 8192 2.000000000 2
1260 408 3 8192 2.000000000 2
1260 416 3 8192 2.000000000 2
1260 452 3 8192 2.000000000 2
1260 496 3 8192 2.000000000 2
1260 504 3 8192 2.000000000 2
1260 508 3 8192 2.000000000 2
1260 516 3 8192 2.000000000 2
1260 532 3 8192 2.000000000 2
1260 548 3 8192 2.000000000 2
1260 552 3 8192 2.000000000 2
1260 564 3 8192 2.000000000 2
1260 572 3 8192 2.000000000 2
1260 580 3 8192 2.000000000 2
1260 588 3 8192 2.000000000 2
1260 600 3 8192 2.000000000 2
1260 624 3 8192 2.000000000 2
1260 668 3 8192 2.000000000 2
1260 708 3 8192 2.000000000 2
1260 712 3 8192 2.000000000 2
1260 760 3 8192 2.000000000 2
1260 768 3 8192 2.000000000 2
1260 792 3 8192 2.000000000 2
1260 808 3 8192 2.000000000 2
1260 840 3 8192 2.000000000 2
1260 856 3 8192 2.000000000 2
1260 912 3 8192 2.000000000 2
1260 916 3 8192 2.000000000 2
1260 928 3 8192 2.000000000 2
1260 936 3 8192 2.000000000 2
1260 976 3 8192 2.000000000 2
1260 984 3 8192 2.000000000 2
1260 1000 3 8192 2.000000000 2
1260 1028 3 8192 2.000000000 2
1260 1036 3 8192 2.000000000 2
1260 1052 3 8192 2.000000000 2
1260 1088 3 8192 2.000000000 2
1260 1100 3 8192 2.000000000 2
1260 1112 3 8192 2.000000000 2
1260 1116 3 8192 2.000000000 2
1260 1128 3 8192 2.000000000 2
1260 1160 3 8192 2.000000000 2
1260 1168 3 8192 2.000000000 2
1260 1188 3 8192 2.000000000 2
1260 1268 3 8192 2.000000000 2
1260 1276 3 8192 2.000000000 2
1264 20 3 8192 2.000000000 2
1264 24 3 8192 2.000000000 2
1264 28 3 8192 2.000000000 2
1264 32 3 8192 2.000000000 2
1264 60 3 8192 2.000000000 2
1264 80 3 8192 2.000000000 2
1264 192 3 8192 2.000000000 2
1264 220 3 8192 2.000000000 2
1264 224 3 8192 2.000000000 2
1264 268 3 8192 2.000000000 2
1264 296 3 8192 2.000000000 2
1264 312 3 8192 2.000000000 2
1264 328 3 8192 2.000000000 2
1264 340 3 8192 2.000000000 2
1264 344 3 8192 2.000000000 2
1264 352 3 8192 2.000000000 2
1264 368 3 8192 2.000000000 2
1264 396 3 8192 2.000000000 2
1264 400 3 8192 2.000000000 2
1264 416 3 8192 2.000000000 2
1264 444 3 8192 2.000000000 2
1264 472 3 8192 2.000000000 2
1264 524 3 8192 2.000000000 2
1264 536 3 8192 2.000000000 2
1264 552 3 8192 2.000000000 2
1264 568 3 8192 2.000000000 2
1264 592 3 8192 2.000000000 2
1264 596 3 8192 2.000000000 2
1264 616 3 8192 2.000000000 2
1264 628 3 8192 2.000000000 2
1264 632 3 8192 2.000000000 2
1264 664 3 8192 2.000000000 2
1264 676 3 8192 2.000000000 2
1264 732 3 8192 2.000000000 2
1264 760 3 8192 2.000000000 2
1264 784 3 8192 2.000000000 2
1264 788 3 8192 2.000000000 2
1264 844 3 8192 2.000000000 2
1264 860 3 8192 2.000000000 2
1264 868 3 8192 2.000000000 2
1264 880 3 8192 2.000000000 2
1264 900 3 8192 2.000000000 2
1264 908 3 8192 2.000000000 2
1264 940 3 8192 2.000000000 2
1264 948 3 8192 2.000000000 2
1264 956 3 8192 2.000000000 2
1264 1008 3 8192 2.000000000 2
1264 1020 3 8192 2.000000000 2
1264 1024 3 8192 2.000000000 2
1264 1036 3 8192 2.000000000 2
1264 1044 3 8192 2.000000000 2
1264 1052 3 8192 2.000000000 2
1264 1056 3 8192 2.000000000 2
1264 1060 3 8192 2.000000000 2
1264 1132 3 8192 2.000000000 2
1264 1136 3 8192 2.000000000 2
1264 1148 3 8192 2.000000000 2
1264 1152 3 8192 2.000000000 2
1264 1160 3 8192 2.000000000 2
1264 1204 3 8192 2.000000000 2
1264 1224 3 8192 2.000000000 2
1264 1232 3 8192 2.000000000 2
1264 1236 3 8192 2.000000000 2
1264 1244 3 8192 2.000000000 2
1268 8 3 8192 2.000000000 2
1268 20 3 8192 2.000000000 2
1268 28 3 8192 2.000000000 2
1268 92 3 8192 2.000000000 2
1268 100 3 8192 2.000000000 2
1268 116 3 8192 2.000000000 2
1268 188 3 8192 2.000000000 2
1268 200 3 8192 2.000000000 2
1268 224 3 8192 2.000000000 2
1268 228 3 8192 2.000000000 2
1268 240 3 8192 2.000000000 2
1268 256 3 8192 2.000000000 2
1268 280 3 8192 2.000000000 2
1268 308 3 8192 2.000000000 2
1268 320 3 8192 2.000000000 2
1268 332 3 8192 2.000000000 2
1268 340 3 8192 2.000000000 2
1268 344 3 8192 2.000000000 2
1268 352 3 8192 2.000000000 2
1268 376 3 8192 2.000000000 2
1268 396 3 8192 2.000000000 2
1268 428 3 8192 2.000000000 2
1268 448 3 8192 2.000000000 2
1268 504 3 8192 2.000000000 2
1268 508 3 8192 2.000000000 2
1268 564 3 8192 2.000000000 2
1268 588 3 8192 2.000000000 2
1268 592 3 8192 2.000000000 2
1268 608 3 8192 2.000000000 2
1268 696 3 8192 2.000000000 2
1268 768 3 8192 2.000000000 2
1268 776 3 8192 2.000000000 2
1268 784 3 8192 2.000000000 2
1268 788 3 8192 2.000000000 2
1268 808 3 8192 2.000000000 2
1268 820 3 8192 2.000000000 2
1268 824 3 8192 2.000000000 2
1268 840 3 8192 2.000000000 2
1268 844 3 8192 2.000000000 2
1268 848 3 8192 2.000000000 2
1268 864 3 8192 2.000000000 2
1268 876 3 8192 2.000000000 2
1268 884 3 8192 2.000000000 2
1268 900 3 8192 2.000000000 2
1268 904 3 8192 2.000000000 2
1268 916 3 8192 2.000000000 2
1268 920 3 8192 2.000000000 2
1268 928 3 8192 2.000000000 2
1268 968 3 8192 2.000000000 2
1268 980 3 8192 2.000000000 2
1268 996 3 8192 2.000000000 2
1268 1068 3 8192 2.000000000 2
1268 1084 3 8192 2.000000000 2
1268 1092 3 8192 2.000000000 2
1268 1112 3 8192 2.000000000 2
1268 1116 3 8192 2.000000000 2
1268 1120 3 8192 2.000000000 2
1268 1132 3 8192 2.000000000 2
1268 1136 3 8192 2.000000000 2
1268 1140 3 8192 2.000000000 2
1268 1144 3 8192 2.000000000 2
1268 1200 3 8192 2.000000000 2
1268 1228 3 8192 2.000000000 2
1268 1244 3 8192 2.000000000 2
1272 8 3 8192 2.000000000 2
1272 32 3 8192 2.000000000 2
1272 40 3 8192 2.000000000 2
1272 44 3 8192 2.000000000 2
1272 48 3 8192 2.000000000 2
1272 68 3 8192 2.000000000 2
1272 72 3 8192 2.000000000 2
1272 124 3 8192 2.000000000 2
1272 136 3 8192 2.000000000 2
1272 144 3 8192 2.000000000 2
1272 148 3 8192 2.000000000 2
1272 160 3 8192 2.000000000 2
1272 196 3 8192 2.000000000 2
1272 216 3 8192 2.000000000 2
1272 228 3 8192 2.000000000 2
1272 240 3 8192 2.000000000 2
1272 244 3 8192 2.000000000 2
1272 248 3 8192 2.000000000 2
1272 268 3 8192 2.000000000 2
1272 276 3 8192 2.000000000 2
1272 312 3 8192 2.000000000 2
1272 356 3 8192 2.000000000 2
1272 360 3 8192 2.000000000 2
1272 400 3 8192 2.000000000 2
1272 408 3 8192 2.000000000 2
1272 424 3 8192 2.000000000 2
1272 428 3 8192 2.000000000 2
1272 440 3 8192 2.000000000 2
1272 468 3 8192 2.000000000 2
1272 492 3 8192 2.000000000 2
1272 508 3 8192 2.000000000 2
1272 520 3 8192 2.000000000 2
1272 560 3 8192 2.000000000 2
1272 580 3 8192 2.000000000 2
1272 624 3 8192 2.000000000 2
1272 632 3 8192 2.000000000 2
1272 664 3 8192 2.000000000 2
1272 668 3 8192 2.000000000 2
1272 688 3 8192 2.000000000 2
1272 692 3 8192 2.000000000 2
1272 728 3 8192 2.000000000 2
1272 732 3 8192 2.000000000 2
1272 764 3 8192 2.000000000 2
1272 780 3 8192 2.000000000 2
1272 784 3 8192 2.000000000 2
1272 792 3 8192 2.000000000 2
1272 808 3 8192 2.000000000 2
1272 844 3 8192 2.000000000 2
1272 848 3 8192 2.000000000 2
1272 864 3 8192 2.000000000 2
1272 880 3 8192 2.000000000 2
1272 916 3 8192 2.000000000 2
1272 936 3 8192 2.000000000 2
1272 956 3 8192 2.000000000 2
1272 984 3 8192 2.000000000 2
1272 1004 3 8192 2.000000000 2
1272 1064 3 8192 2.000000000 2
1272 1112 3 8192 2.000000000 2
1272 1148 3 8192 2.000000000 2
1272 1172 3 8192 2.000000000 2
1272 1176 3 8192 2.000000000 2
1272 1212 3 8192 2.000000000 2
1272 1216 3 8192 2.000000000 2
1272 1276 3 8192 2.000000000 2
1276 40 3 8192 2.000000000 2
1276 64 3 8192 2.000000000 2
1276 116 3 8192 2.000000000 2
1276 120 3 8192 2.000000000 2
1276 124 3 8192 2.000000000 2
1276 136 3 8192 2.000000000 2
1276 144 3 8192 2.000000000 2
1276 160 3 8192 2.000000000 2
1276 216 3 8192 2.000000000 2
1276 236 3 8192 2.000000000 2
1276 244 3 8192 2.000000000 2
1276 256 3 8192 2.000000000 2
1276 320 3 8192 2.000000000 2
1276 328 3 8192 2.000000000 2
1276 392 3 8192 2.000000000 2
1276 444 3 8192 2.000000000 2
1276 448 3 8192 2.000000000 2
1276 460 3 8192 2.000000000 2
1276 496 3 8192 2.000000000 2
1276 520 3 8192 2.000000000 2
1276 552 3 8192 2.000000000 2
1276 564 3 8192 2.000000000 2
1276 568 3 8192 2.000000000 2
1276 600 3 8192 2.000000000 2
1276 648 3 8192 2.000000000 2
1276 668 3 8192 2.000000000 2
1276 680 3 8192 2.000000000 2
1276 696 3 8192 2.000000000 2
1276 720 3 8192 2.000000000 2
1276 732 3 8192 2.000000000 2
1276 736 3 8192 2.000000000 2
1276 760 3 8192 2.000000000 2
1276 784 3 8192 2.000000000 2
1276 788 3 8192 2.000000000 2
1276 800 3 8192 2.000000000 2
1276 808 3 8192 2.000000000 2
1276 848 3 8192 2.000000000 2
1276 860 3 8192 2.000000000 2
1276 864 3 8192 2.000000000 2
1276 916 3 8192 2.000000000 2
1276 928 3 8192 2.000000000 2
1276 944 3 8192 2.000000000 2
1276 952 3 8192 2.000000000 2
1276 960 3 8192 2.000000000 2
1276 968 3 8192 2.000000000 2
1276 976 3 8192 2.000000000 2
1276 996 3 8192 2.000000000 2
1276 1004 3 8192 2.000000000 2
1276 1024 3 8192 2.000000000 2
1276 1048 3 8192 2.000000000 2
1276 1068 3 8192 2.000000000 2
1276 1088 3 8192 2.000000000 2
1276 1100 3 8192 2.000000000 2
1276 1112 3 8192 2.000000000 2
1276 1116 3 8192 2.000000000 2
1276 1128 3 8192 2.000000000 2
1276 1136 3 8192 2.000000000 2
1276 1148 3 8192 2.000000000 2
1276 1172 3 8192 2.000000000 2
1276 1200 3 8192 2.000000000 2
1276 1204 3 8192 2.000000000 2
1276 1212 3 8192 2.000000000 2
1276 1260 3 8192 2.000000000 2
1276 1272 3 8192 2.000000000 2
