16576
972 652 3 8388608 2.000000000 1
1188 104 3 8388608 2.000000000 1
396 1140 3 8388608 2.000000000 1
76 1192 3 8388608 2.000000000 1
384 652 3 8388608 2.000000000 1
228 916 3 8388608 2.000000000 1
852 1176 3 8388608 2.000000000 1
104 376 3 8388608 2.000000000 1
880 1212 3 8388608 2.000000000 1
788 972 3 8388608 2.000000000 1
396 576 3 8388608 2.000000000 1
1024 1228 3 8388608 2.000000000 1
880 1188 3 8388608 2.000000000 1
576 592 3 8388608 2.000000000 1
896 628 3 8388608 2.000000000 1
384 544 3 8388608 2.000000000 1
688 868 3 8388608 2.000000000 1
1072 372 3 8388608 2.000000000 1
1072 852 3 8388608 2.000000000 1
396 1124 3 8388608 2.000000000 1
508 1212 3 8388608 2.000000000 1
372 76 3 8388608 2.000000000 1
1136 916 3 8388608 2.000000000 1
896 508 3 8388608 2.000000000 1
728 868 3 8388608 2.000000000 1
916 1024 3 8388608 2.000000000 1
204 840 3 8388608 2.000000000 1
868 544 3 8388608 2.000000000 1
204 508 3 8388608 2.000000000 1
340 628 3 8388608 2.000000000 1
1176 616 3 8388608 2.000000000 1
688 604 3 8388608 2.000000000 1
1176 136 3 8388608 2.000000000 1
676 1060 3 8388608 2.000000000 1
880 692 3 8388608 2.000000000 1
616 1136 3 8388608 2.000000000 1
188 820 3 8388608 2.000000000 1
952 1208 3 8388608 2.000000000 1
992 952 3 8388608 2.000000000 1
604 1208 3 8388608 2.000000000 1
228 1064 3 8388608 2.000000000 1
712 1044 3 8388608 2.000000000 1
692 1152 3 8388608 2.000000000 1
868 1124 3 8388608 2.000000000 1
1124 628 3 8388608 2.000000000 1
840 336 3 8388608 2.000000000 1
992 844 3 8388608 2.000000000 1
692 1192 3 8388608 2.000000000 1
1096 372 3 8388608 2.000000000 1
204 1064 3 8388608 2.000000000 1
1044 1160 3 8388608 2.000000000 1
972 676 3 8388608 2.000000000 1
692 396 3 8388608 2.000000000 1
1228 76 3 8388608 2.000000000 1
1060 1228 3 8388608 2.000000000 1
952 880 3 8388608 2.000000000 1
896 1044 3 8388608 2.000000000 1
260 396 3 8388608 2.000000000 1
1176 188 3 8388608 2.000000000 1
1160 952 3 8388608 2.000000000 1
844 416 3 8388608 2.000000000 1
372 228 3 8388608 2.000000000 1
396 76 3 8388608 2.000000000 1
256 1060 3 8388608 2.000000000 1
1064 676 3 8388608 2.000000000 1
728 1072 3 8388608 2.000000000 1
104 1096 3 8388608 2.000000000 1
1044 256 3 8388608 2.000000000 1
1096 396 3 8388608 2.000000000 1
1124 992 3 8388608 2.000000000 1
1176 1268 3 8388608 2.000000000 1
712 728 3 8388608 2.000000000 1
692 712 3 8388608 2.000000000 1
1152 288 3 8388608 2.000000000 1
384 1124 3 8388608 2.000000000 1
576 1072 3 8388608 2.000000000 1
880 1192 3 8388608 2.000000000 1
268 616 3 8388608 2.000000000 1
340 652 3 8388608 2.000000000 1
676 1268 3 8388608 2.000000000 1
372 1064 3 8388608 2.000000000 1
1140 1212 3 8388608 2.000000000 1
692 1176 3 8388608 2.000000000 1
896 688 3 8388608 2.000000000 1
544 628 3 8388608 2.000000000 1
416 508 3 8388608 2.000000000 1
1124 1136 3 8388608 2.000000000 1
1176 340 3 8388608 2.000000000 1
260 712 3 8388608 2.000000000 1
1124 972 3 8388608 2.000000000 1
972 340 3 8388608 2.000000000 1
592 604 3 8388608 2.000000000 1
1096 820 3 8388608 2.000000000 1
372 1240 3 8388608 2.000000000 1
972 920 3 8388608 2.000000000 1
336 840 3 8388608 2.000000000 1
1044 1136 3 8388608 2.000000000 1
136 260 3 8388608 2.000000000 1
188 1060 3 8388608 2.000000000 1
592 416 3 8388608 2.000000000 1
340 952 3 8388608 2.000000000 1
692 628 3 8388608 2.000000000 1
1124 952 3 8388608 2.000000000 1
1160 268 3 8388608 2.000000000 1
952 692 3 8388608 2.000000000 1
1192 1096 3 8388608 2.000000000 1
268 628 3 8388608 2.000000000 1
1192 268 3 8388608 2.000000000 1
992 1072 3 8388608 2.000000000 1
1060 1160 3 8388608 2.000000000 1
1140 952 3 8388608 2.000000000 1
576 1096 3 8388608 2.000000000 1
844 820 3 8388608 2.000000000 1
688 1152 3 8388608 2.000000000 1
992 1124 3 8388608 2.000000000 1
76 104 3 8388608 2.000000000 1
1124 820 3 8388608 2.000000000 1
228 76 3 8388608 2.000000000 1
288 336 3 8388608 2.000000000 1
788 268 3 8388608 2.000000000 1
688 1240 3 8388608 2.000000000 1
260 916 3 8388608 2.000000000 1
268 688 3 8388608 2.000000000 1
788 288 3 8388608 2.000000000 1
844 604 3 8388608 2.000000000 1
1072 1192 3 8388608 2.000000000 1
1268 76 3 8388608 2.000000000 1
1024 508 3 8388608 2.000000000 1
1024 1044 3 8388608 2.000000000 1
340 1140 3 8388608 2.000000000 1
972 852 3 8388608 2.000000000 1
1124 1096 3 8388608 2.000000000 1
1228 1160 3 8388608 2.000000000 1
896 1064 3 8388608 2.000000000 1
256 916 3 8388608 2.000000000 1
1136 288 3 8388608 2.000000000 1
616 688 3 8388608 2.000000000 1
340 1228 3 8388608 2.000000000 1
1240 228 3 8388608 2.000000000 1
592 952 3 8388608 2.000000000 1
852 1216 3 8388608 2.000000000 1
372 1096 3 8388608 2.000000000 1
1060 1136 3 8388608 2.000000000 1
992 1192 3 8388608 2.000000000 1
204 188 3 8388608 2.000000000 1
920 880 3 8388608 2.000000000 1
384 1228 3 8388608 2.000000000 1
628 1208 3 8388608 2.000000000 1
840 616 3 8388608 2.000000000 1
1216 188 3 8388608 2.000000000 1
104 844 3 8388608 2.000000000 1
228 728 3 8388608 2.000000000 1
992 1176 3 8388608 2.000000000 1
920 384 3 8388608 2.000000000 1
1240 136 3 8388608 2.000000000 1
1096 896 3 8388608 2.000000000 1
1124 1140 3 8388608 2.000000000 1
692 676 3 8388608 2.000000000 1
340 268 3 8388608 2.000000000 1
188 1044 3 8388608 2.000000000 1
676 728 3 8388608 2.000000000 1
820 1268 3 8388608 2.000000000 1
136 372 3 8388608 2.000000000 1
820 336 3 8388608 2.000000000 1
652 1212 3 8388608 2.000000000 1
384 1024 3 8388608 2.000000000 1
868 1152 3 8388608 2.000000000 1
688 916 3 8388608 2.000000000 1
336 576 3 8388608 2.000000000 1
416 880 3 8388608 2.000000000 1
880 628 3 8388608 2.000000000 1
972 1192 3 8388608 2.000000000 1
840 992 3 8388608 2.000000000 1
728 652 3 8388608 2.000000000 1
788 376 3 8388608 2.000000000 1
712 1192 3 8388608 2.000000000 1
688 256 3 8388608 2.000000000 1
544 840 3 8388608 2.000000000 1
592 820 3 8388608 2.000000000 1
992 576 3 8388608 2.000000000 1
76 728 3 8388608 2.000000000 1
228 952 3 8388608 2.000000000 1
1216 336 3 8388608 2.000000000 1
76 1268 3 8388608 2.000000000 1
844 712 3 8388608 2.000000000 1
256 1132 3 8388608 2.000000000 1
868 628 3 8388608 2.000000000 1
1208 840 3 8388608 2.000000000 1
256 868 3 8388608 2.000000000 1
104 592 3 8388608 2.000000000 1
852 396 3 8388608 2.000000000 1
1208 260 3 8388608 2.000000000 1
0 8 3 8192 2.000000000 2
0 28 3 8192 2.000000000 2
0 32 3 8192 2.000000000 2
0 36 3 8192 2.000000000 2
0 44 3 8192 2.000000000 2
0 48 3 8192 2.000000000 2
0 52 3 8192 2.000000000 2
0 56 3 8192 2.000000000 2
0 88 3 8192 2.000000000 2
0 96 3 8192 2.000000000 2
0 176 3 8192 2.000000000 2
0 180 3 8192 2.000000000 2
0 192 3 8192 2.000000000 2
0 216 3 8192 2.000000000 2
0 224 3 8192 2.000000000 2
0 264 3 8192 2.000000000 2
0 292 3 8192 2.000000000 2
0 304 3 8192 2.000000000 2
0 308 3 8192 2.000000000 2
0 328 3 8192 2.000000000 2
0 352 3 8192 2.000000000 2
0 400 3 8192 2.000000000 2
0 412 3 8192 2.000000000 2
0 424 3 8192 2.000000000 2
0 432 3 8192 2.000000000 2
0 436 3 8192 2.000000000 2
0 448 3 8192 2.000000000 2
0 452 3 8192 2.000000000 2
0 488 3 8192 2.000000000 2
0 496 3 8192 2.000000000 2
0 504 3 8192 2.000000000 2
0 516 3 8192 2.000000000 2
0 528 3 8192 2.000000000 2
0 532 3 8192 2.000000000 2
0 552 3 8192 2.000000000 2
0 560 3 8192 2.000000000 2
0 588 3 8192 2.000000000 2
0 600 3 8192 2.000000000 2
0 608 3 8192 2.000000000 2
0 636 3 8192 2.000000000 2
0 648 3 8192 2.000000000 2
0 664 3 8192 2.000000000 2
0 680 3 8192 2.000000000 2
0 708 3 8192 2.000000000 2
0 720 3 8192 2.000000000 2
0 748 3 8192 2.000000000 2
0 752 3 8192 2.000000000 2
0 760 3 8192 2.000000000 2
0 800 3 8192 2.000000000 2
0 836 3 8192 2.000000000 2
0 908 3 8192 2.000000000 2
0 948 3 8192 2.000000000 2
0 996 3 8192 2.000000000 2
0 1032 3 8192 2.000000000 2
0 1036 3 8192 2.000000000 2
0 1056 3 8192 2.000000000 2
0 1080 3 8192 2.000000000 2
0 1084 3 8192 2.000000000 2
0 1116 3 8192 2.000000000 2
0 1144 3 8192 2.000000000 2
0 1156 3 8192 2.000000000 2
0 1232 3 8192 2.000000000 2
0 1236 3 8192 2.000000000 2
0 1256 3 8192 2.000000000 2
4 20 3 8192 2.000000000 2
4 32 3 8192 2.000000000 2
4 36 3 8192 2.000000000 2
4 44 3 8192 2.000000000 2
4 60 3 8192 2.000000000 2
4 88 3 8192 2.000000000 2
4 96 3 8192 2.000000000 2
4 100 3 8192 2.000000000 2
4 192 3 8192 2.000000000 2
4 196 3 8192 2.000000000 2
4 200 3 8192 2.000000000 2
4 224 3 8192 2.000000000 2
4 232 3 8192 2.000000000 2
4 312 3 8192 2.000000000 2
4 360 3 8192 2.000000000 2
4 380 3 8192 2.000000000 2
4 408 3 8192 2.000000000 2
4 424 3 8192 2.000000000 2
4 452 3 8192 2.000000000 2
4 456 3 8192 2.000000000 2
4 480 3 8192 2.000000000 2
4 492 3 8192 2.000000000 2
4 496 3 8192 2.000000000 2
4 540 3 8192 2.000000000 2
4 548 3 8192 2.000000000 2
4 560 3 8192 2.000000000 2
4 564 3 8192 2.000000000 2
4 584 3 8192 2.000000000 2
4 588 3 8192 2.000000000 2
4 600 3 8192 2.000000000 2
4 612 3 8192 2.000000000 2
4 632 3 8192 2.000000000 2
4 672 3 8192 2.000000000 2
4 680 3 8192 2.000000000 2
4 700 3 8192 2.000000000 2
4 720 3 8192 2.000000000 2
4 740 3 8192 2.000000000 2
4 756 3 8192 2.000000000 2
4 760 3 8192 2.000000000 2
4 784 3 8192 2.000000000 2
4 800 3 8192 2.000000000 2
4 804 3 8192 2.000000000 2
4 808 3 8192 2.000000000 2
4 828 3 8192 2.000000000 2
4 836 3 8192 2.000000000 2
4 876 3 8192 2.000000000 2
4 884 3 8192 2.000000000 2
4 904 3 8192 2.000000000 2
4 924 3 8192 2.000000000 2
4 940 3 8192 2.000000000 2
4 944 3 8192 2.000000000 2
4 976 3 8192 2.000000000 2
4 984 3 8192 2.000000000 2
4 1000 3 8192 2.000000000 2
4 1008 3 8192 2.000000000 2
4 1016 3 8192 2.000000000 2
4 1028 3 8192 2.000000000 2
4 1056 3 8192 2.000000000 2
4 1076 3 8192 2.000000000 2
4 1112 3 8192 2.000000000 2
4 1116 3 8192 2.000000000 2
4 1168 3 8192 2.000000000 2
4 1184 3 8192 2.000000000 2
4 1252 3 8192 2.000000000 2
8 16 3 8192 2.000000000 2
8 20 3 8192 2.000000000 2
8 32 3 8192 2.000000000 2
8 36 3 8192 2.000000000 2
8 44 3 8192 2.000000000 2
8 56 3 8192 2.000000000 2
8 64 3 8192 2.000000000 2
8 92 3 8192 2.000000000 2
8 124 3 8192 2.000000000 2
8 152 3 8192 2.000000000 2
8 172 3 8192 2.000000000 2
8 180 3 8192 2.000000000 2
8 184 3 8192 2.000000000 2
8 208 3 8192 2.000000000 2
8 216 3 8192 2.000000000 2
8 244 3 8192 2.000000000 2
8 300 3 8192 2.000000000 2
8 344 3 8192 2.000000000 2
8 348 3 8192 2.000000000 2
8 356 3 8192 2.000000000 2
8 412 3 8192 2.000000000 2
8 424 3 8192 2.000000000 2
8 432 3 8192 2.000000000 2
8 436 3 8192 2.000000000 2
8 472 3 8192 2.000000000 2
8 488 3 8192 2.000000000 2
8 496 3 8192 2.000000000 2
8 500 3 8192 2.000000000 2
8 532 3 8192 2.000000000 2
8 572 3 8192 2.000000000 2
8 584 3 8192 2.000000000 2
8 588 3 8192 2.000000000 2
8 596 3 8192 2.000000000 2
8 644 3 8192 2.000000000 2
8 668 3 8192 2.000000000 2
8 696 3 8192 2.000000000 2
8 700 3 8192 2.000000000 2
8 732 3 8192 2.000000000 2
8 764 3 8192 2.000000000 2
8 768 3 8192 2.000000000 2
8 796 3 8192 2.000000000 2
8 864 3 8192 2.000000000 2
8 904 3 8192 2.000000000 2
8 912 3 8192 2.000000000 2
8 924 3 8192 2.000000000 2
8 988 3 8192 2.000000000 2
8 996 3 8192 2.000000000 2
8 1036 3 8192 2.000000000 2
8 1056 3 8192 2.000000000 2
8 1068 3 8192 2.000000000 2
8 1104 3 8192 2.000000000 2
8 1108 3 8192 2.000000000 2
8 1128 3 8192 2.000000000 2
8 1144 3 8192 2.000000000 2
8 1148 3 8192 2.000000000 2
8 1164 3 8192 2.000000000 2
8 1204 3 8192 2.000000000 2
8 1224 3 8192 2.000000000 2
8 1232 3 8192 2.000000000 2
8 1244 3 8192 2.000000000 2
8 1248 3 8192 2.000000000 2
8 1252 3 8192 2.000000000 2
8 1260 3 8192 2.000000000 2
8 1276 3 8192 2.000000000 2
12 0 3 8192 2.000000000 2
12 4 3 8192 2.000000000 2
12 8 3 8192 2.000000000 2
12 24 3 8192 2.000000000 2
12 60 3 8192 2.000000000 2
12 68 3 8192 2.000000000 2
12 72 3 8192 2.000000000 2
12 84 3 8192 2.000000000 2
12 100 3 8192 2.000000000 2
12 168 3 8192 2.000000000 2
12 180 3 8192 2.000000000 2
12 184 3 8192 2.000000000 2
12 192 3 8192 2.000000000 2
12 216 3 8192 2.000000000 2
12 232 3 8192 2.000000000 2
12 244 3 8192 2.000000000 2
12 248 3 8192 2.000000000 2
12 280 3 8192 2.000000000 2
12 328 3 8192 2.000000000 2
12 364 3 8192 2.000000000 2
12 404 3 8192 2.000000000 2
12 412 3 8192 2.000000000 2
12 420 3 8192 2.000000000 2
12 424 3 8192 2.000000000 2
12 468 3 8192 2.000000000 2
12 484 3 8192 2.000000000 2
12 492 3 8192 2.000000000 2
12 516 3 8192 2.000000000 2
12 520 3 8192 2.000000000 2
12 532 3 8192 2.000000000 2
12 640 3 8192 2.000000000 2
12 680 3 8192 2.000000000 2
12 700 3 8192 2.000000000 2
12 720 3 8192 2.000000000 2
12 724 3 8192 2.000000000 2
12 732 3 8192 2.000000000 2
12 740 3 8192 2.000000000 2
12 764 3 8192 2.000000000 2
12 772 3 8192 2.000000000 2
12 808 3 8192 2.000000000 2
12 812 3 8192 2.000000000 2
12 860 3 8192 2.000000000 2
12 864 3 8192 2.000000000 2
12 872 3 8192 2.000000000 2
12 900 3 8192 2.000000000 2
12 908 3 8192 2.000000000 2
12 936 3 8192 2.000000000 2
12 940 3 8192 2.000000000 2
12 956 3 8192 2.000000000 2
12 996 3 8192 2.000000000 2
12 1008 3 8192 2.000000000 2
12 1032 3 8192 2.000000000 2
12 1048 3 8192 2.000000000 2
12 1052 3 8192 2.000000000 2
12 1092 3 8192 2.000000000 2
12 1104 3 8192 2.000000000 2
12 1108 3 8192 2.000000000 2
12 1116 3 8192 2.000000000 2
12 1128 3 8192 2.000000000 2
12 1164 3 8192 2.000000000 2
12 1184 3 8192 2.000000000 2
12 1220 3 8192 2.000000000 2
12 1252 3 8192 2.000000000 2
12 1256 3 8192 2.000000000 2
16 0 3 8192 2.000000000 2
16 4 3 8192 2.000000000 2
16 52 3 8192 2.000000000 2
16 108 3 8192 2.000000000 2
16 124 3 8192 2.000000000 2
16 144 3 8192 2.000000000 2
16 148 3 8192 2.000000000 2
16 180 3 8192 2.000000000 2
16 208 3 8192 2.000000000 2
16 212 3 8192 2.000000000 2
16 220 3 8192 2.000000000 2
16 244 3 8192 2.000000000 2
16 264 3 8192 2.000000000 2
16 276 3 8192 2.000000000 2
16 292 3 8192 2.000000000 2
16 304 3 8192 2.000000000 2
16 308 3 8192 2.000000000 2
16 320 3 8192 2.000000000 2
16 324 3 8192 2.000000000 2
16 356 3 8192 2.000000000 2
16 420 3 8192 2.000000000 2
16 432 3 8192 2.000000000 2
16 440 3 8192 2.000000000 2
16 452 3 8192 2.000000000 2
16 456 3 8192 2.000000000 2
16 468 3 8192 2.000000000 2
16 520 3 8192 2.000000000 2
16 536 3 8192 2.000000000 2
16 540 3 8192 2.000000000 2
16 580 3 8192 2.000000000 2
16 584 3 8192 2.000000000 2
16 620 3 8192 2.000000000 2
16 644 3 8192 2.000000000 2
16 660 3 8192 2.000000000 2
16 664 3 8192 2.000000000 2
16 668 3 8192 2.000000000 2
16 672 3 8192 2.000000000 2
16 704 3 8192 2.000000000 2
16 744 3 8192 2.000000000 2
16 748 3 8192 2.000000000 2
16 760 3 8192 2.000000000 2
16 764 3 8192 2.000000000 2
16 772 3 8192 2.000000000 2
16 780 3 8192 2.000000000 2
16 824 3 8192 2.000000000 2
16 836 3 8192 2.000000000 2
16 864 3 8192 2.000000000 2
16 872 3 8192 2.000000000 2
16 876 3 8192 2.000000000 2
16 884 3 8192 2.000000000 2
16 912 3 8192 2.000000000 2
16 988 3 8192 2.000000000 2
16 996 3 8192 2.000000000 2
16 1016 3 8192 2.000000000 2
16 1028 3 8192 2.000000000 2
16 1040 3 8192 2.000000000 2
16 1048 3 8192 2.000000000 2
16 1076 3 8192 2.000000000 2
16 1084 3 8192 2.000000000 2
16 1100 3 8192 2.000000000 2
16 1112 3 8192 2.000000000 2
16 1236 3 8192 2.000000000 2
16 1256 3 8192 2.000000000 2
16 1276 3 8192 2.000000000 2
20 48 3 8192 2.000000000 2
20 52 3 8192 2.000000000 2
20 64 3 8192 2.000000000 2
20 88 3 8192 2.000000000 2
20 116 3 8192 2.000000000 2
20 152 3 8192 2.000000000 2
20 184 3 8192 2.000000000 2
20 196 3 8192 2.000000000 2
20 208 3 8192 2.000000000 2
20 236 3 8192 2.000000000 2
20 244 3 8192 2.000000000 2
20 248 3 8192 2.000000000 2
20 276 3 8192 2.000000000 2
20 296 3 8192 2.000000000 2
20 304 3 8192 2.000000000 2
20 364 3 8192 2.000000000 2
20 368 3 8192 2.000000000 2
20 380 3 8192 2.000000000 2
20 388 3 8192 2.000000000 2
20 400 3 8192 2.000000000 2
20 440 3 8192 2.000000000 2
20 448 3 8192 2.000000000 2
20 468 3 8192 2.000000000 2
20 488 3 8192 2.000000000 2
20 496 3 8192 2.000000000 2
20 504 3 8192 2.000000000 2
20 516 3 8192 2.000000000 2
20 552 3 8192 2.000000000 2
20 556 3 8192 2.000000000 2
20 560 3 8192 2.000000000 2
20 564 3 8192 2.000000000 2
20 568 3 8192 2.000000000 2
20 572 3 8192 2.000000000 2
20 696 3 8192 2.000000000 2
20 704 3 8192 2.000000000 2
20 752 3 8192 2.000000000 2
20 756 3 8192 2.000000000 2
20 760 3 8192 2.000000000 2
20 780 3 8192 2.000000000 2
20 792 3 8192 2.000000000 2
20 812 3 8192 2.000000000 2
20 836 3 8192 2.000000000 2
20 872 3 8192 2.000000000 2
20 884 3 8192 2.000000000 2
20 900 3 8192 2.000000000 2
20 908 3 8192 2.000000000 2
20 924 3 8192 2.000000000 2
20 928 3 8192 2.000000000 2
20 932 3 8192 2.000000000 2
20 956 3 8192 2.000000000 2
20 964 3 8192 2.000000000 2
20 984 3 8192 2.000000000 2
20 988 3 8192 2.000000000 2
20 1008 3 8192 2.000000000 2
20 1028 3 8192 2.000000000 2
20 1092 3 8192 2.000000000 2
20 1100 3 8192 2.000000000 2
20 1116 3 8192 2.000000000 2
20 1128 3 8192 2.000000000 2
20 1184 3 8192 2.000000000 2
20 1204 3 8192 2.000000000 2
20 1260 3 8192 2.000000000 2
20 1264 3 8192 2.000000000 2
20 1272 3 8192 2.000000000 2
24 8 3 8192 2.000000000 2
24 16 3 8192 2.000000000 2
24 28 3 8192 2.000000000 2
24 32 3 8192 2.000000000 2
24 60 3 8192 2.000000000 2
24 64 3 8192 2.000000000 2
24 72 3 8192 2.000000000 2
24 84 3 8192 2.000000000 2
24 108 3 8192 2.000000000 2
24 112 3 8192 2.000000000 2
24 128 3 8192 2.000000000 2
24 176 3 8192 2.000000000 2
24 192 3 8192 2.000000000 2
24 200 3 8192 2.000000000 2
24 216 3 8192 2.000000000 2
24 240 3 8192 2.000000000 2
24 248 3 8192 2.000000000 2
24 272 3 8192 2.000000000 2
24 276 3 8192 2.000000000 2
24 308 3 8192 2.000000000 2
24 320 3 8192 2.000000000 2
24 352 3 8192 2.000000000 2
24 356 3 8192 2.000000000 2
24 412 3 8192 2.000000000 2
24 432 3 8192 2.000000000 2
24 436 3 8192 2.000000000 2
24 520 3 8192 2.000000000 2
24 528 3 8192 2.000000000 2
24 532 3 8192 2.000000000 2
24 540 3 8192 2.000000000 2
24 584 3 8192 2.000000000 2
24 600 3 8192 2.000000000 2
24 620 3 8192 2.000000000 2
24 684 3 8192 2.000000000 2
24 700 3 8192 2.000000000 2
24 716 3 8192 2.000000000 2
24 732 3 8192 2.000000000 2
24 740 3 8192 2.000000000 2
24 744 3 8192 2.000000000 2
24 752 3 8192 2.000000000 2
24 760 3 8192 2.000000000 2
24 776 3 8192 2.000000000 2
24 792 3 8192 2.000000000 2
24 808 3 8192 2.000000000 2
24 812 3 8192 2.000000000 2
24 884 3 8192 2.000000000 2
24 900 3 8192 2.000000000 2
24 924 3 8192 2.000000000 2
24 928 3 8192 2.000000000 2
24 956 3 8192 2.000000000 2
24 960 3 8192 2.000000000 2
24 980 3 8192 2.000000000 2
24 984 3 8192 2.000000000 2
24 1008 3 8192 2.000000000 2
24 1048 3 8192 2.000000000 2
24 1056 3 8192 2.000000000 2
24 1100 3 8192 2.000000000 2
24 1120 3 8192 2.000000000 2
24 1144 3 8192 2.000000000 2
24 1168 3 8192 2.000000000 2
24 1172 3 8192 2.000000000 2
24 1180 3 8192 2.000000000 2
24 1204 3 8192 2.000000000 2
24 1224 3 8192 2.000000000 2
28 32 3 8192 2.000000000 2
28 36 3 8192 2.000000000 2
28 60 3 8192 2.000000000 2
28 72 3 8192 2.000000000 2
28 116 3 8192 2.000000000 2
28 128 3 8192 2.000000000 2
28 132 3 8192 2.000000000 2
28 152 3 8192 2.000000000 2
28 168 3 8192 2.000000000 2
28 240 3 8192 2.000000000 2
28 244 3 8192 2.000000000 2
28 264 3 8192 2.000000000 2
28 292 3 8192 2.000000000 2
28 296 3 8192 2.000000000 2
28 304 3 8192 2.000000000 2
28 408 3 8192 2.000000000 2
28 420 3 8192 2.000000000 2
28 428 3 8192 2.000000000 2
28 456 3 8192 2.000000000 2
28 468 3 8192 2.000000000 2
28 500 3 8192 2.000000000 2
28 504 3 8192 2.000000000 2
28 532 3 8192 2.000000000 2
28 556 3 8192 2.000000000 2
28 560 3 8192 2.000000000 2
28 600 3 8192 2.000000000 2
28 648 3 8192 2.000000000 2
28 660 3 8192 2.000000000 2
28 704 3 8192 2.000000000 2
28 732 3 8192 2.000000000 2
28 756 3 8192 2.000000000 2
28 760 3 8192 2.000000000 2
28 764 3 8192 2.000000000 2
28 784 3 8192 2.000000000 2
28 792 3 8192 2.000000000 2
28 796 3 8192 2.000000000 2
28 804 3 8192 2.000000000 2
28 808 3 8192 2.000000000 2
28 816 3 8192 2.000000000 2
28 824 3 8192 2.000000000 2
28 848 3 8192 2.000000000 2
28 872 3 8192 2.000000000 2
28 884 3 8192 2.000000000 2
28 888 3 8192 2.000000000 2
28 892 3 8192 2.000000000 2
28 900 3 8192 2.000000000 2
28 904 3 8192 2.000000000 2
28 932 3 8192 2.000000000 2
28 948 3 8192 2.000000000 2
28 964 3 8192 2.000000000 2
28 968 3 8192 2.000000000 2
28 984 3 8192 2.000000000 2
28 996 3 8192 2.000000000 2
28 1000 3 8192 2.000000000 2
28 1004 3 8192 2.000000000 2
28 1008 3 8192 2.000000000 2
28 1020 3 8192 2.000000000 2
28 1036 3 8192 2.000000000 2
28 1040 3 8192 2.000000000 2
28 1056 3 8192 2.000000000 2
28 1088 3 8192 2.000000000 2
28 1104 3 8192 2.000000000 2
28 1116 3 8192 2.000000000 2
28 1276 3 8192 2.000000000 2
32 0 3 8192 2.000000000 2
32 8 3 8192 2.000000000 2
32 48 3 8192 2.000000000 2
32 120 3 8192 2.000000000 2
32 124 3 8192 2.000000000 2
32 144 3 8192 2.000000000 2
32 152 3 8192 2.000000000 2
32 172 3 8192 2.000000000 2
32 176 3 8192 2.000000000 2
32 200 3 8192 2.000000000 2
32 212 3 8192 2.000000000 2
32 224 3 8192 2.000000000 2
32 280 3 8192 2.000000000 2
32 292 3 8192 2.000000000 2
32 296 3 8192 2.000000000 2
32 304 3 8192 2.000000000 2
32 312 3 8192 2.000000000 2
32 328 3 8192 2.000000000 2
32 360 3 8192 2.000000000 2
32 364 3 8192 2.000000000 2
32 412 3 8192 2.000000000 2
32 452 3 8192 2.000000000 2
32 460 3 8192 2.000000000 2
32 484 3 8192 2.000000000 2
32 516 3 8192 2.000000000 2
32 528 3 8192 2.000000000 2
32 548 3 8192 2.000000000 2
32 552 3 8192 2.000000000 2
32 572 3 8192 2.000000000 2
32 580 3 8192 2.000000000 2
32 608 3 8192 2.000000000 2
32 620 3 8192 2.000000000 2
32 624 3 8192 2.000000000 2
32 664 3 8192 2.000000000 2
32 668 3 8192 2.000000000 2
32 672 3 8192 2.000000000 2
32 680 3 8192 2.000000000 2
32 720 3 8192 2.000000000 2
32 724 3 8192 2.000000000 2
32 732 3 8192 2.000000000 2
32 736 3 8192 2.000000000 2
32 744 3 8192 2.000000000 2
32 764 3 8192 2.000000000 2
32 768 3 8192 2.000000000 2
32 772 3 8192 2.000000000 2
32 776 3 8192 2.000000000 2
32 812 3 8192 2.000000000 2
32 864 3 8192 2.000000000 2
32 876 3 8192 2.000000000 2
32 884 3 8192 2.000000000 2
32 908 3 8192 2.000000000 2
32 948 3 8192 2.000000000 2
32 968 3 8192 2.000000000 2
32 980 3 8192 2.000000000 2
32 988 3 8192 2.000000000 2
32 1012 3 8192 2.000000000 2
32 1020 3 8192 2.000000000 2
32 1040 3 8192 2.000000000 2
32 1076 3 8192 2.000000000 2
32 1112 3 8192 2.000000000 2
32 1156 3 8192 2.000000000 2
32 1200 3 8192 2.000000000 2
32 1236 3 8192 2.000000000 2
32 1276 3 8192 2.000000000 2
36 40 3 8192 2.000000000 2
36 64 3 8192 2.000000000 2
36 92 3 8192 2.000000000 2
36 116 3 8192 2.000000000 2
36 124 3 8192 2.000000000 2
36 128 3 8192 2.000000000 2
36 164 3 8192 2.000000000 2
36 176 3 8192 2.000000000 2
36 208 3 8192 2.000000000 2
36 244 3 8192 2.000000000 2
36 248 3 8192 2.000000000 2
36 296 3 8192 2.000000000 2
36 308 3 8192 2.000000000 2
36 324 3 8192 2.000000000 2
36 380 3 8192 2.000000000 2
36 392 3 8192 2.000000000 2
36 400 3 8192 2.000000000 2
36 436 3 8192 2.000000000 2
36 452 3 8192 2.000000000 2
36 464 3 8192 2.000000000 2
36 472 3 8192 2.000000000 2
36 476 3 8192 2.000000000 2
36 480 3 8192 2.000000000 2
36 488 3 8192 2.000000000 2
36 528 3 8192 2.000000000 2
36 548 3 8192 2.000000000 2
36 572 3 8192 2.000000000 2
36 580 3 8192 2.000000000 2
36 612 3 8192 2.000000000 2
36 624 3 8192 2.000000000 2
36 644 3 8192 2.000000000 2
36 656 3 8192 2.000000000 2
36 664 3 8192 2.000000000 2
36 668 3 8192 2.000000000 2
36 672 3 8192 2.000000000 2
36 696 3 8192 2.000000000 2
36 708 3 8192 2.000000000 2
36 720 3 8192 2.000000000 2
36 724 3 8192 2.000000000 2
36 736 3 8192 2.000000000 2
36 744 3 8192 2.000000000 2
36 756 3 8192 2.000000000 2
36 780 3 8192 2.000000000 2
36 800 3 8192 2.000000000 2
36 804 3 8192 2.000000000 2
36 816 3 8192 2.000000000 2
36 832 3 8192 2.000000000 2
36 900 3 8192 2.000000000 2
36 908 3 8192 2.000000000 2
36 912 3 8192 2.000000000 2
36 924 3 8192 2.000000000 2
36 944 3 8192 2.000000000 2
36 1012 3 8192 2.000000000 2
36 1016 3 8192 2.000000000 2
36 1036 3 8192 2.000000000 2
36 1076 3 8192 2.000000000 2
36 1088 3 8192 2.000000000 2
36 1092 3 8192 2.000000000 2
36 1112 3 8192 2.000000000 2
36 1116 3 8192 2.000000000 2
36 1168 3 8192 2.000000000 2
36 1180 3 8192 2.000000000 2
36 1204 3 8192 2.000000000 2
36 1224 3 8192 2.000000000 2
40 0 3 8192 2.000000000 2
40 4 3 8192 2.000000000 2
40 64 3 8192 2.000000000 2
40 72 3 8192 2.000000000 2
40 88 3 8192 2.000000000 2
40 100 3 8192 2.000000000 2
40 108 3 8192 2.000000000 2
40 124 3 8192 2.000000000 2
40 152 3 8192 2.000000000 2
40 176 3 8192 2.000000000 2
40 192 3 8192 2.000000000 2
40 232 3 8192 2.000000000 2
40 252 3 8192 2.000000000 2
40 272 3 8192 2.000000000 2
40 276 3 8192 2.000000000 2
40 304 3 8192 2.000000000 2
40 348 3 8192 2.000000000 2
40 388 3 8192 2.000000000 2
40 404 3 8192 2.000000000 2
40 420 3 8192 2.000000000 2
40 444 3 8192 2.000000000 2
40 476 3 8192 2.000000000 2
40 492 3 8192 2.000000000 2
40 496 3 8192 2.000000000 2
40 504 3 8192 2.000000000 2
40 516 3 8192 2.000000000 2
40 536 3 8192 2.000000000 2
40 548 3 8192 2.000000000 2
40 568 3 8192 2.000000000 2
40 572 3 8192 2.000000000 2
40 584 3 8192 2.000000000 2
40 588 3 8192 2.000000000 2
40 696 3 8192 2.000000000 2
40 700 3 8192 2.000000000 2
40 704 3 8192 2.000000000 2
40 716 3 8192 2.000000000 2
40 720 3 8192 2.000000000 2
40 724 3 8192 2.000000000 2
40 736 3 8192 2.000000000 2
40 740 3 8192 2.000000000 2
40 756 3 8192 2.000000000 2
40 780 3 8192 2.000000000 2
40 804 3 8192 2.000000000 2
40 872 3 8192 2.000000000 2
40 884 3 8192 2.000000000 2
40 888 3 8192 2.000000000 2
40 900 3 8192 2.000000000 2
40 912 3 8192 2.000000000 2
40 940 3 8192 2.000000000 2
40 944 3 8192 2.000000000 2
40 948 3 8192 2.000000000 2
40 964 3 8192 2.000000000 2
40 980 3 8192 2.000000000 2
40 1020 3 8192 2.000000000 2
40 1040 3 8192 2.000000000 2
40 1056 3 8192 2.000000000 2
40 1068 3 8192 2.000000000 2
40 1076 3 8192 2.000000000 2
40 1120 3 8192 2.000000000 2
40 1172 3 8192 2.000000000 2
40 1220 3 8192 2.000000000 2
40 1248 3 8192 2.000000000 2
40 1260 3 8192 2.000000000 2
40 1276 3 8192 2.000000000 2
44 0 3 8192 2.000000000 2
44 20 3 8192 2.000000000 2
44 28 3 8192 2.000000000 2
44 40 3 8192 2.000000000 2
44 116 3 8192 2.000000000 2
44 132 3 8192 2.000000000 2
44 148 3 8192 2.000000000 2
44 168 3 8192 2.000000000 2
44 208 3 8192 2.000000000 2
44 212 3 8192 2.000000000 2
44 220 3 8192 2.000000000 2
44 244 3 8192 2.000000000 2
44 248 3 8192 2.000000000 2
44 280 3 8192 2.000000000 2
44 284 3 8192 2.000000000 2
44 332 3 8192 2.000000000 2
44 344 3 8192 2.000000000 2
44 360 3 8192 2.000000000 2
44 380 3 8192 2.000000000 2
44 392 3 8192 2.000000000 2
44 428 3 8192 2.000000000 2
44 448 3 8192 2.000000000 2
44 464 3 8192 2.000000000 2
44 476 3 8192 2.000000000 2
44 504 3 8192 2.000000000 2
44 532 3 8192 2.000000000 2
44 536 3 8192 2.000000000 2
44 552 3 8192 2.000000000 2
44 572 3 8192 2.000000000 2
44 608 3 8192 2.000000000 2
44 612 3 8192 2.000000000 2
44 620 3 8192 2.000000000 2
44 640 3 8192 2.000000000 2
44 656 3 8192 2.000000000 2
44 708 3 8192 2.000000000 2
44 736 3 8192 2.000000000 2
44 756 3 8192 2.000000000 2
44 768 3 8192 2.000000000 2
44 796 3 8192 2.000000000 2
44 812 3 8192 2.000000000 2
44 816 3 8192 2.000000000 2
44 828 3 8192 2.000000000 2
44 848 3 8192 2.000000000 2
44 876 3 8192 2.000000000 2
44 888 3 8192 2.000000000 2
44 900 3 8192 2.000000000 2
44 908 3 8192 2.000000000 2
44 936 3 8192 2.000000000 2
44 940 3 8192 2.000000000 2
44 944 3 8192 2.000000000 2
44 968 3 8192 2.000000000 2
44 988 3 8192 2.000000000 2
44 1028 3 8192 2.000000000 2
44 1036 3 8192 2.000000000 2
44 1080 3 8192 2.000000000 2
44 1104 3 8192 2.000000000 2
44 1128 3 8192 2.000000000 2
44 1144 3 8192 2.000000000 2
44 1148 3 8192 2.000000000 2
44 1164 3 8192 2.000000000 2
44 1204 3 8192 2.000000000 2
44 1232 3 8192 2.000000000 2
44 1256 3 8192 2.000000000 2
44 1276 3 8192 2.000000000 2
48 4 3 8192 2.000000000 2
48 20 3 8192 2.000000000 2
48 28 3 8192 2.000000000 2
48 32 3 8192 2.000000000 2
48 56 3 8192 2.000000000 2
48 72 3 8192 2.000000000 2
48 84 3 8192 2.000000000 2
48 88 3 8192 2.000000000 2
48 100 3 8192 2.000000000 2
48 124 3 8192 2.000000000 2
48 152 3 8192 2.000000000 2
48 168 3 8192 2.000000000 2
48 184 3 8192 2.000000000 2
48 192 3 8192 2.000000000 2
48 224 3 8192 2.000000000 2
48 232 3 8192 2.000000000 2
48 316 3 8192 2.000000000 2
48 320 3 8192 2.000000000 2
48 344 3 8192 2.000000000 2
48 368 3 8192 2.000000000 2
48 404 3 8192 2.000000000 2
48 408 3 8192 2.000000000 2
48 428 3 8192 2.000000000 2
48 440 3 8192 2.000000000 2
48 488 3 8192 2.000000000 2
48 504 3 8192 2.000000000 2
48 528 3 8192 2.000000000 2
48 540 3 8192 2.000000000 2
48 548 3 8192 2.000000000 2
48 580 3 8192 2.000000000 2
48 600 3 8192 2.000000000 2
48 636 3 8192 2.000000000 2
48 668 3 8192 2.000000000 2
48 684 3 8192 2.000000000 2
48 704 3 8192 2.000000000 2
48 708 3 8192 2.000000000 2
48 780 3 8192 2.000000000 2
48 784 3 8192 2.000000000 2
48 804 3 8192 2.000000000 2
48 808 3 8192 2.000000000 2
48 872 3 8192 2.000000000 2
48 888 3 8192 2.000000000 2
48 908 3 8192 2.000000000 2
48 924 3 8192 2.000000000 2
48 944 3 8192 2.000000000 2
48 956 3 8192 2.000000000 2
48 968 3 8192 2.000000000 2
48 976 3 8192 2.000000000 2
48 988 3 8192 2.000000000 2
48 1000 3 8192 2.000000000 2
48 1008 3 8192 2.000000000 2
48 1020 3 8192 2.000000000 2
48 1032 3 8192 2.000000000 2
48 1048 3 8192 2.000000000 2
48 1068 3 8192 2.000000000 2
48 1128 3 8192 2.000000000 2
48 1156 3 8192 2.000000000 2
48 1164 3 8192 2.000000000 2
48 1184 3 8192 2.000000000 2
48 1200 3 8192 2.000000000 2
48 1232 3 8192 2.000000000 2
48 1256 3 8192 2.000000000 2
48 1264 3 8192 2.000000000 2
48 1276 3 8192 2.000000000 2
52 8 3 8192 2.000000000 2
52 36 3 8192 2.000000000 2
52 60 3 8192 2.000000000 2
52 68 3 8192 2.000000000 2
52 72 3 8192 2.000000000 2
52 84 3 8192 2.000000000 2
52 92 3 8192 2.000000000 2
52 96 3 8192 2.000000000 2
52 120 3 8192 2.000000000 2
52 140 3 8192 2.000000000 2
52 160 3 8192 2.000000000 2
52 208 3 8192 2.000000000 2
52 224 3 8192 2.000000000 2
52 248 3 8192 2.000000000 2
52 252 3 8192 2.000000000 2
52 272 3 8192 2.000000000 2
52 280 3 8192 2.000000000 2
52 304 3 8192 2.000000000 2
52 320 3 8192 2.000000000 2
52 352 3 8192 2.000000000 2
52 400 3 8192 2.000000000 2
52 424 3 8192 2.000000000 2
52 428 3 8192 2.000000000 2
52 472 3 8192 2.000000000 2
52 480 3 8192 2.000000000 2
52 500 3 8192 2.000000000 2
52 524 3 8192 2.000000000 2
52 564 3 8192 2.000000000 2
52 568 3 8192 2.000000000 2
52 580 3 8192 2.000000000 2
52 600 3 8192 2.000000000 2
52 668 3 8192 2.000000000 2
52 672 3 8192 2.000000000 2
52 684 3 8192 2.000000000 2
52 700 3 8192 2.000000000 2
52 704 3 8192 2.000000000 2
52 716 3 8192 2.000000000 2
52 720 3 8192 2.000000000 2
52 724 3 8192 2.000000000 2
52 748 3 8192 2.000000000 2
52 752 3 8192 2.000000000 2
52 760 3 8192 2.000000000 2
52 764 3 8192 2.000000000 2
52 784 3 8192 2.000000000 2
52 800 3 8192 2.000000000 2
52 812 3 8192 2.000000000 2
52 832 3 8192 2.000000000 2
52 872 3 8192 2.000000000 2
52 876 3 8192 2.000000000 2
52 912 3 8192 2.000000000 2
52 940 3 8192 2.000000000 2
52 968 3 8192 2.000000000 2
52 984 3 8192 2.000000000 2
52 996 3 8192 2.000000000 2
52 1048 3 8192 2.000000000 2
52 1076 3 8192 2.000000000 2
52 1084 3 8192 2.000000000 2
52 1168 3 8192 2.000000000 2
52 1172 3 8192 2.000000000 2
52 1180 3 8192 2.000000000 2
52 1224 3 8192 2.000000000 2
52 1252 3 8192 2.000000000 2
52 1256 3 8192 2.000000000 2
52 1272 3 8192 2.000000000 2
56 12 3 8192 2.000000000 2
56 32 3 8192 2.000000000 2
56 36 3 8192 2.000000000 2
56 40 3 8192 2.000000000 2
56 52 3 8192 2.000000000 2
56 60 3 8192 2.000000000 2
56 68 3 8192 2.000000000 2
56 72 3 8192 2.000000000 2
56 84 3 8192 2.000000000 2
56 116 3 8192 2.000000000 2
56 124 3 8192 2.000000000 2
56 132 3 8192 2.000000000 2
56 144 3 8192 2.000000000 2
56 148 3 8192 2.000000000 2
56 168 3 8192 2.000000000 2
56 180 3 8192 2.000000000 2
56 192 3 8192 2.000000000 2
56 196 3 8192 2.000000000 2
56 220 3 8192 2.000000000 2
56 236 3 8192 2.000000000 2
56 244 3 8192 2.000000000 2
56 248 3 8192 2.000000000 2
56 296 3 8192 2.000000000 2
56 304 3 8192 2.000000000 2
56 316 3 8192 2.000000000 2
56 352 3 8192 2.000000000 2
56 380 3 8192 2.000000000 2
56 392 3 8192 2.000000000 2
56 400 3 8192 2.000000000 2
56 412 3 8192 2.000000000 2
56 432 3 8192 2.000000000 2
56 436 3 8192 2.000000000 2
56 468 3 8192 2.000000000 2
56 472 3 8192 2.000000000 2
56 488 3 8192 2.000000000 2
56 496 3 8192 2.000000000 2
56 524 3 8192 2.000000000 2
56 532 3 8192 2.000000000 2
56 556 3 8192 2.000000000 2
56 560 3 8192 2.000000000 2
56 564 3 8192 2.000000000 2
56 568 3 8192 2.000000000 2
56 572 3 8192 2.000000000 2
56 580 3 8192 2.000000000 2
56 596 3 8192 2.000000000 2
56 600 3 8192 2.000000000 2
56 668 3 8192 2.000000000 2
56 684 3 8192 2.000000000 2
56 740 3 8192 2.000000000 2
56 776 3 8192 2.000000000 2
56 864 3 8192 2.000000000 2
56 936 3 8192 2.000000000 2
56 940 3 8192 2.000000000 2
56 968 3 8192 2.000000000 2
56 1008 3 8192 2.000000000 2
56 1012 3 8192 2.000000000 2
56 1020 3 8192 2.000000000 2
56 1076 3 8192 2.000000000 2
56 1084 3 8192 2.000000000 2
56 1112 3 8192 2.000000000 2
56 1148 3 8192 2.000000000 2
56 1156 3 8192 2.000000000 2
56 1172 3 8192 2.000000000 2
56 1220 3 8192 2.000000000 2
60 16 3 8192 2.000000000 2
60 28 3 8192 2.000000000 2
60 32 3 8192 2.000000000 2
60 44 3 8192 2.000000000 2
60 84 3 8192 2.000000000 2
60 96 3 8192 2.000000000 2
60 132 3 8192 2.000000000 2
60 148 3 8192 2.000000000 2
60 152 3 8192 2.000000000 2
60 160 3 8192 2.000000000 2
60 168 3 8192 2.000000000 2
60 172 3 8192 2.000000000 2
60 176 3 8192 2.000000000 2
60 180 3 8192 2.000000000 2
60 192 3 8192 2.000000000 2
60 208 3 8192 2.000000000 2
60 236 3 8192 2.000000000 2
60 244 3 8192 2.000000000 2
60 272 3 8192 2.000000000 2
60 284 3 8192 2.000000000 2
60 292 3 8192 2.000000000 2
60 300 3 8192 2.000000000 2
60 320 3 8192 2.000000000 2
60 328 3 8192 2.000000000 2
60 344 3 8192 2.000000000 2
60 356 3 8192 2.000000000 2
60 360 3 8192 2.000000000 2
60 420 3 8192 2.000000000 2
60 440 3 8192 2.000000000 2
60 448 3 8192 2.000000000 2
60 460 3 8192 2.000000000 2
60 472 3 8192 2.000000000 2
60 476 3 8192 2.000000000 2
60 496 3 8192 2.000000000 2
60 524 3 8192 2.000000000 2
60 528 3 8192 2.000000000 2
60 536 3 8192 2.000000000 2
60 540 3 8192 2.000000000 2
60 608 3 8192 2.000000000 2
60 612 3 8192 2.000000000 2
60 620 3 8192 2.000000000 2
60 624 3 8192 2.000000000 2
60 632 3 8192 2.000000000 2
60 644 3 8192 2.000000000 2
60 664 3 8192 2.000000000 2
60 704 3 8192 2.000000000 2
60 752 3 8192 2.000000000 2
60 768 3 8192 2.000000000 2
60 772 3 8192 2.000000000 2
60 776 3 8192 2.000000000 2
60 780 3 8192 2.000000000 2
60 828 3 8192 2.000000000 2
60 860 3 8192 2.000000000 2
60 872 3 8192 2.000000000 2
60 904 3 8192 2.000000000 2
60 932 3 8192 2.000000000 2
60 940 3 8192 2.000000000 2
60 984 3 8192 2.000000000 2
60 1004 3 8192 2.000000000 2
60 1032 3 8192 2.000000000 2
60 1068 3 8192 2.000000000 2
60 1144 3 8192 2.000000000 2
60 1256 3 8192 2.000000000 2
60 1272 3 8192 2.000000000 2
64 4 3 8192 2.000000000 2
64 16 3 8192 2.000000000 2
64 28 3 8192 2.000000000 2
64 56 3 8192 2.000000000 2
64 80 3 8192 2.000000000 2
64 92 3 8192 2.000000000 2
64 140 3 8192 2.000000000 2
64 152 3 8192 2.000000000 2
64 180 3 8192 2.000000000 2
64 192 3 8192 2.000000000 2
64 212 3 8192 2.000000000 2
64 248 3 8192 2.000000000 2
64 280 3 8192 2.000000000 2
64 292 3 8192 2.000000000 2
64 300 3 8192 2.000000000 2
64 308 3 8192 2.000000000 2
64 320 3 8192 2.000000000 2
64 356 3 8192 2.000000000 2
64 368 3 8192 2.000000000 2
64 420 3 8192 2.000000000 2
64 424 3 8192 2.000000000 2
64 448 3 8192 2.000000000 2
64 452 3 8192 2.000000000 2
64 464 3 8192 2.000000000 2
64 468 3 8192 2.000000000 2
64 472 3 8192 2.000000000 2
64 540 3 8192 2.000000000 2
64 548 3 8192 2.000000000 2
64 552 3 8192 2.000000000 2
64 556 3 8192 2.000000000 2
64 560 3 8192 2.000000000 2
64 572 3 8192 2.000000000 2
64 588 3 8192 2.000000000 2
64 624 3 8192 2.000000000 2
64 640 3 8192 2.000000000 2
64 680 3 8192 2.000000000 2
64 684 3 8192 2.000000000 2
64 736 3 8192 2.000000000 2
64 764 3 8192 2.000000000 2
64 772 3 8192 2.000000000 2
64 784 3 8192 2.000000000 2
64 796 3 8192 2.000000000 2
64 800 3 8192 2.000000000 2
64 804 3 8192 2.000000000 2
64 860 3 8192 2.000000000 2
64 884 3 8192 2.000000000 2
64 928 3 8192 2.000000000 2
64 940 3 8192 2.000000000 2
64 944 3 8192 2.000000000 2
64 968 3 8192 2.000000000 2
64 996 3 8192 2.000000000 2
64 1016 3 8192 2.000000000 2
64 1052 3 8192 2.000000000 2
64 1068 3 8192 2.000000000 2
64 1080 3 8192 2.000000000 2
64 1084 3 8192 2.000000000 2
64 1088 3 8192 2.000000000 2
64 1156 3 8192 2.000000000 2
64 1184 3 8192 2.000000000 2
64 1196 3 8192 2.000000000 2
64 1204 3 8192 2.000000000 2
64 1224 3 8192 2.000000000 2
64 1236 3 8192 2.000000000 2
64 1264 3 8192 2.000000000 2
68 16 3 8192 2.000000000 2
68 24 3 8192 2.000000000 2
68 28 3 8192 2.000000000 2
68 36 3 8192 2.000000000 2
68 72 3 8192 2.000000000 2
68 108 3 8192 2.000000000 2
68 160 3 8192 2.000000000 2
68 184 3 8192 2.000000000 2
68 196 3 8192 2.000000000 2
68 200 3 8192 2.000000000 2
68 212 3 8192 2.000000000 2
68 264 3 8192 2.000000000 2
68 272 3 8192 2.000000000 2
68 308 3 8192 2.000000000 2
68 312 3 8192 2.000000000 2
68 320 3 8192 2.000000000 2
68 380 3 8192 2.000000000 2
68 408 3 8192 2.000000000 2
68 412 3 8192 2.000000000 2
68 420 3 8192 2.000000000 2
68 432 3 8192 2.000000000 2
68 436 3 8192 2.000000000 2
68 452 3 8192 2.000000000 2
68 464 3 8192 2.000000000 2
68 500 3 8192 2.000000000 2
68 504 3 8192 2.000000000 2
68 524 3 8192 2.000000000 2
68 556 3 8192 2.000000000 2
68 580 3 8192 2.000000000 2
68 584 3 8192 2.000000000 2
68 588 3 8192 2.000000000 2
68 596 3 8192 2.000000000 2
68 608 3 8192 2.000000000 2
68 620 3 8192 2.000000000 2
68 624 3 8192 2.000000000 2
68 648 3 8192 2.000000000 2
68 656 3 8192 2.000000000 2
68 680 3 8192 2.000000000 2
68 724 3 8192 2.000000000 2
68 732 3 8192 2.000000000 2
68 740 3 8192 2.000000000 2
68 744 3 8192 2.000000000 2
68 752 3 8192 2.000000000 2
68 756 3 8192 2.000000000 2
68 760 3 8192 2.000000000 2
68 784 3 8192 2.000000000 2
68 836 3 8192 2.000000000 2
68 848 3 8192 2.000000000 2
68 856 3 8192 2.000000000 2
68 892 3 8192 2.000000000 2
68 912 3 8192 2.000000000 2
68 932 3 8192 2.000000000 2
68 940 3 8192 2.000000000 2
68 964 3 8192 2.000000000 2
68 968 3 8192 2.000000000 2
68 1008 3 8192 2.000000000 2
68 1100 3 8192 2.000000000 2
68 1120 3 8192 2.000000000 2
68 1168 3 8192 2.000000000 2
68 1204 3 8192 2.000000000 2
68 1220 3 8192 2.000000000 2
68 1244 3 8192 2.000000000 2
68 1264 3 8192 2.000000000 2
68 1272 3 8192 2.000000000 2
72 16 3 8192 2.000000000 2
72 60 3 8192 2.000000000 2
72 64 3 8192 2.000000000 2
72 112 3 8192 2.000000000 2
72 116 3 8192 2.000000000 2
72 140 3 8192 2.000000000 2
72 144 3 8192 2.000000000 2
72 152 3 8192 2.000000000 2
72 156 3 8192 2.000000000 2
72 176 3 8192 2.000000000 2
72 184 3 8192 2.000000000 2
72 212 3 8192 2.000000000 2
72 216 3 8192 2.000000000 2
72 244 3 8192 2.000000000 2
72 264 3 8192 2.000000000 2
72 284 3 8192 2.000000000 2
72 300 3 8192 2.000000000 2
72 328 3 8192 2.000000000 2
72 348 3 8192 2.000000000 2
72 356 3 8192 2.000000000 2
72 424 3 8192 2.000000000 2
72 436 3 8192 2.000000000 2
72 444 3 8192 2.000000000 2
72 464 3 8192 2.000000000 2
72 468 3 8192 2.000000000 2
72 476 3 8192 2.000000000 2
72 492 3 8192 2.000000000 2
72 496 3 8192 2.000000000 2
72 520 3 8192 2.000000000 2
72 524 3 8192 2.000000000 2
72 532 3 8192 2.000000000 2
72 560 3 8192 2.000000000 2
72 612 3 8192 2.000000000 2
72 648 3 8192 2.000000000 2
72 668 3 8192 2.000000000 2
72 672 3 8192 2.000000000 2
72 684 3 8192 2.000000000 2
72 716 3 8192 2.000000000 2
72 720 3 8192 2.000000000 2
72 724 3 8192 2.000000000 2
72 772 3 8192 2.000000000 2
72 784 3 8192 2.000000000 2
72 800 3 8192 2.000000000 2
72 816 3 8192 2.000000000 2
72 824 3 8192 2.000000000 2
72 828 3 8192 2.000000000 2
72 848 3 8192 2.000000000 2
72 872 3 8192 2.000000000 2
72 900 3 8192 2.000000000 2
72 924 3 8192 2.000000000 2
72 936 3 8192 2.000000000 2
72 948 3 8192 2.000000000 2
72 960 3 8192 2.000000000 2
72 1008 3 8192 2.000000000 2
72 1052 3 8192 2.000000000 2
72 1056 3 8192 2.000000000 2
72 1068 3 8192 2.000000000 2
72 1092 3 8192 2.000000000 2
72 1116 3 8192 2.000000000 2
72 1164 3 8192 2.000000000 2
72 1200 3 8192 2.000000000 2
72 1244 3 8192 2.000000000 2
72 1252 3 8192 2.000000000 2
72 1276 3 8192 2.000000000 2
80 20 3 8192 2.000000000 2
80 24 3 8192 2.000000000 2
80 36 3 8192 2.000000000 2
80 56 3 8192 2.000000000 2
80 84 3 8192 2.000000000 2
80 140 3 8192 2.000000000 2
80 144 3 8192 2.000000000 2
80 196 3 8192 2.000000000 2
80 212 3 8192 2.000000000 2
80 216 3 8192 2.000000000 2
80 220 3 8192 2.000000000 2
80 300 3 8192 2.000000000 2
80 304 3 8192 2.000000000 2
80 316 3 8192 2.000000000 2
80 352 3 8192 2.000000000 2
80 360 3 8192 2.000000000 2
80 380 3 8192 2.000000000 2
80 404 3 8192 2.000000000 2
80 420 3 8192 2.000000000 2
80 428 3 8192 2.000000000 2
80 432 3 8192 2.000000000 2
80 436 3 8192 2.000000000 2
80 452 3 8192 2.000000000 2
80 460 3 8192 2.000000000 2
80 476 3 8192 2.000000000 2
80 488 3 8192 2.000000000 2
80 496 3 8192 2.000000000 2
80 504 3 8192 2.000000000 2
80 516 3 8192 2.000000000 2
80 520 3 8192 2.000000000 2
80 532 3 8192 2.000000000 2
80 548 3 8192 2.000000000 2
80 564 3 8192 2.000000000 2
80 624 3 8192 2.000000000 2
80 632 3 8192 2.000000000 2
80 648 3 8192 2.000000000 2
80 704 3 8192 2.000000000 2
80 732 3 8192 2.000000000 2
80 748 3 8192 2.000000000 2
80 760 3 8192 2.000000000 2
80 780 3 8192 2.000000000 2
80 832 3 8192 2.000000000 2
80 848 3 8192 2.000000000 2
80 888 3 8192 2.000000000 2
80 892 3 8192 2.000000000 2
80 912 3 8192 2.000000000 2
80 936 3 8192 2.000000000 2
80 940 3 8192 2.000000000 2
80 976 3 8192 2.000000000 2
80 988 3 8192 2.000000000 2
80 1028 3 8192 2.000000000 2
80 1048 3 8192 2.000000000 2
80 1076 3 8192 2.000000000 2
80 1100 3 8192 2.000000000 2
80 1104 3 8192 2.000000000 2
80 1116 3 8192 2.000000000 2
80 1120 3 8192 2.000000000 2
80 1128 3 8192 2.000000000 2
80 1156 3 8192 2.000000000 2
80 1184 3 8192 2.000000000 2
80 1200 3 8192 2.000000000 2
80 1224 3 8192 2.000000000 2
80 1232 3 8192 2.000000000 2
80 1244 3 8192 2.000000000 2
84 8 3 8192 2.000000000 2
84 28 3 8192 2.000000000 2
84 40 3 8192 2.000000000 2
84 48 3 8192 2.000000000 2
84 64 3 8192 2.000000000 2
84 80 3 8192 2.000000000 2
84 92 3 8192 2.000000000 2
84 128 3 8192 2.000000000 2
84 140 3 8192 2.000000000 2
84 152 3 8192 2.000000000 2
84 200 3 8192 2.000000000 2
84 208 3 8192 2.000000000 2
84 236 3 8192 2.000000000 2
84 292 3 8192 2.000000000 2
84 300 3 8192 2.000000000 2
84 308 3 8192 2.000000000 2
84 312 3 8192 2.000000000 2
84 320 3 8192 2.000000000 2
84 324 3 8192 2.000000000 2
84 352 3 8192 2.000000000 2
84 400 3 8192 2.000000000 2
84 408 3 8192 2.000000000 2
84 420 3 8192 2.000000000 2
84 424 3 8192 2.000000000 2
84 428 3 8192 2.000000000 2
84 452 3 8192 2.000000000 2
84 464 3 8192 2.000000000 2
84 476 3 8192 2.000000000 2
84 492 3 8192 2.000000000 2
84 520 3 8192 2.000000000 2
84 532 3 8192 2.000000000 2
84 536 3 8192 2.000000000 2
84 556 3 8192 2.000000000 2
84 564 3 8192 2.000000000 2
84 636 3 8192 2.000000000 2
84 644 3 8192 2.000000000 2
84 656 3 8192 2.000000000 2
84 672 3 8192 2.000000000 2
84 696 3 8192 2.000000000 2
84 720 3 8192 2.000000000 2
84 764 3 8192 2.000000000 2
84 772 3 8192 2.000000000 2
84 784 3 8192 2.000000000 2
84 792 3 8192 2.000000000 2
84 832 3 8192 2.000000000 2
84 848 3 8192 2.000000000 2
84 856 3 8192 2.000000000 2
84 872 3 8192 2.000000000 2
84 892 3 8192 2.000000000 2
84 904 3 8192 2.000000000 2
84 908 3 8192 2.000000000 2
84 928 3 8192 2.000000000 2
84 936 3 8192 2.000000000 2
84 944 3 8192 2.000000000 2
84 948 3 8192 2.000000000 2
84 968 3 8192 2.000000000 2
84 1068 3 8192 2.000000000 2
84 1120 3 8192 2.000000000 2
84 1128 3 8192 2.000000000 2
84 1156 3 8192 2.000000000 2
84 1164 3 8192 2.000000000 2
84 1204 3 8192 2.000000000 2
84 1224 3 8192 2.000000000 2
84 1256 3 8192 2.000000000 2
88 0 3 8192 2.000000000 2
88 4 3 8192 2.000000000 2
88 12 3 8192 2.000000000 2
88 36 3 8192 2.000000000 2
88 72 3 8192 2.000000000 2
88 84 3 8192 2.000000000 2
88 108 3 8192 2.000000000 2
88 132 3 8192 2.000000000 2
88 148 3 8192 2.000000000 2
88 176 3 8192 2.000000000 2
88 232 3 8192 2.000000000 2
88 244 3 8192 2.000000000 2
88 248 3 8192 2.000000000 2
88 312 3 8192 2.000000000 2
88 324 3 8192 2.000000000 2
88 348 3 8192 2.000000000 2
88 404 3 8192 2.000000000 2
88 420 3 8192 2.000000000 2
88 424 3 8192 2.000000000 2
88 440 3 8192 2.000000000 2
88 444 3 8192 2.000000000 2
88 464 3 8192 2.000000000 2
88 480 3 8192 2.000000000 2
88 516 3 8192 2.000000000 2
88 520 3 8192 2.000000000 2
88 524 3 8192 2.000000000 2
88 540 3 8192 2.000000000 2
88 556 3 8192 2.000000000 2
88 560 3 8192 2.000000000 2
88 580 3 8192 2.000000000 2
88 596 3 8192 2.000000000 2
88 600 3 8192 2.000000000 2
88 644 3 8192 2.000000000 2
88 656 3 8192 2.000000000 2
88 668 3 8192 2.000000000 2
88 684 3 8192 2.000000000 2
88 696 3 8192 2.000000000 2
88 704 3 8192 2.000000000 2
88 708 3 8192 2.000000000 2
88 748 3 8192 2.000000000 2
88 756 3 8192 2.000000000 2
88 772 3 8192 2.000000000 2
88 776 3 8192 2.000000000 2
88 828 3 8192 2.000000000 2
88 848 3 8192 2.000000000 2
88 864 3 8192 2.000000000 2
88 888 3 8192 2.000000000 2
88 908 3 8192 2.000000000 2
88 924 3 8192 2.000000000 2
88 932 3 8192 2.000000000 2
88 956 3 8192 2.000000000 2
88 960 3 8192 2.000000000 2
88 964 3 8192 2.000000000 2
88 1004 3 8192 2.000000000 2
88 1008 3 8192 2.000000000 2
88 1016 3 8192 2.000000000 2
88 1036 3 8192 2.000000000 2
88 1068 3 8192 2.000000000 2
88 1084 3 8192 2.000000000 2
88 1116 3 8192 2.000000000 2
88 1120 3 8192 2.000000000 2
88 1156 3 8192 2.000000000 2
88 1252 3 8192 2.000000000 2
88 1272 3 8192 2.000000000 2
92 8 3 8192 2.000000000 2
92 16 3 8192 2.000000000 2
92 32 3 8192 2.000000000 2
92 48 3 8192 2.000000000 2
92 56 3 8192 2.000000000 2
92 84 3 8192 2.000000000 2
92 108 3 8192 2.000000000 2
92 112 3 8192 2.000000000 2
92 120 3 8192 2.000000000 2
92 140 3 8192 2.000000000 2
92 156 3 8192 2.000000000 2
92 176 3 8192 2.000000000 2
92 192 3 8192 2.000000000 2
92 216 3 8192 2.000000000 2
92 224 3 8192 2.000000000 2
92 264 3 8192 2.000000000 2
92 272 3 8192 2.000000000 2
92 280 3 8192 2.000000000 2
92 332 3 8192 2.000000000 2
92 344 3 8192 2.000000000 2
92 352 3 8192 2.000000000 2
92 424 3 8192 2.000000000 2
92 428 3 8192 2.000000000 2
92 436 3 8192 2.000000000 2
92 456 3 8192 2.000000000 2
92 504 3 8192 2.000000000 2
92 512 3 8192 2.000000000 2
92 520 3 8192 2.000000000 2
92 560 3 8192 2.000000000 2
92 572 3 8192 2.000000000 2
92 588 3 8192 2.000000000 2
92 608 3 8192 2.000000000 2
92 680 3 8192 2.000000000 2
92 704 3 8192 2.000000000 2
92 708 3 8192 2.000000000 2
92 720 3 8192 2.000000000 2
92 744 3 8192 2.000000000 2
92 752 3 8192 2.000000000 2
92 756 3 8192 2.000000000 2
92 764 3 8192 2.000000000 2
92 808 3 8192 2.000000000 2
92 876 3 8192 2.000000000 2
92 928 3 8192 2.000000000 2
92 940 3 8192 2.000000000 2
92 944 3 8192 2.000000000 2
92 948 3 8192 2.000000000 2
92 964 3 8192 2.000000000 2
92 968 3 8192 2.000000000 2
92 976 3 8192 2.000000000 2
92 988 3 8192 2.000000000 2
92 1028 3 8192 2.000000000 2
92 1056 3 8192 2.000000000 2
92 1076 3 8192 2.000000000 2
92 1112 3 8192 2.000000000 2
92 1120 3 8192 2.000000000 2
92 1168 3 8192 2.000000000 2
92 1172 3 8192 2.000000000 2
92 1184 3 8192 2.000000000 2
92 1224 3 8192 2.000000000 2
92 1232 3 8192 2.000000000 2
92 1236 3 8192 2.000000000 2
92 1248 3 8192 2.000000000 2
92 1252 3 8192 2.000000000 2
92 1260 3 8192 2.000000000 2
96 0 3 8192 2.000000000 2
96 8 3 8192 2.000000000 2
96 44 3 8192 2.000000000 2
96 52 3 8192 2.000000000 2
96 72 3 8192 2.000000000 2
96 80 3 8192 2.000000000 2
96 88 3 8192 2.000000000 2
96 112 3 8192 2.000000000 2
96 124 3 8192 2.000000000 2
96 148 3 8192 2.000000000 2
96 164 3 8192 2.000000000 2
96 180 3 8192 2.000000000 2
96 192 3 8192 2.000000000 2
96 196 3 8192 2.000000000 2
96 200 3 8192 2.000000000 2
96 224 3 8192 2.000000000 2
96 244 3 8192 2.000000000 2
96 316 3 8192 2.000000000 2
96 352 3 8192 2.000000000 2
96 356 3 8192 2.000000000 2
96 360 3 8192 2.000000000 2
96 364 3 8192 2.000000000 2
96 368 3 8192 2.000000000 2
96 380 3 8192 2.000000000 2
96 388 3 8192 2.000000000 2
96 392 3 8192 2.000000000 2
96 412 3 8192 2.000000000 2
96 424 3 8192 2.000000000 2
96 432 3 8192 2.000000000 2
96 436 3 8192 2.000000000 2
96 444 3 8192 2.000000000 2
96 540 3 8192 2.000000000 2
96 548 3 8192 2.000000000 2
96 552 3 8192 2.000000000 2
96 580 3 8192 2.000000000 2
96 596 3 8192 2.000000000 2
96 600 3 8192 2.000000000 2
96 624 3 8192 2.000000000 2
96 644 3 8192 2.000000000 2
96 716 3 8192 2.000000000 2
96 764 3 8192 2.000000000 2
96 768 3 8192 2.000000000 2
96 800 3 8192 2.000000000 2
96 816 3 8192 2.000000000 2
96 832 3 8192 2.000000000 2
96 928 3 8192 2.000000000 2
96 956 3 8192 2.000000000 2
96 960 3 8192 2.000000000 2
96 996 3 8192 2.000000000 2
96 1004 3 8192 2.000000000 2
96 1032 3 8192 2.000000000 2
96 1036 3 8192 2.000000000 2
96 1040 3 8192 2.000000000 2
96 1084 3 8192 2.000000000 2
96 1104 3 8192 2.000000000 2
96 1112 3 8192 2.000000000 2
96 1128 3 8192 2.000000000 2
96 1144 3 8192 2.000000000 2
96 1164 3 8192 2.000000000 2
96 1168 3 8192 2.000000000 2
96 1200 3 8192 2.000000000 2
96 1204 3 8192 2.000000000 2
96 1252 3 8192 2.000000000 2
96 1260 3 8192 2.000000000 2
100 56 3 8192 2.000000000 2
100 72 3 8192 2.000000000 2
100 84 3 8192 2.000000000 2
100 92 3 8192 2.000000000 2
100 112 3 8192 2.000000000 2
100 128 3 8192 2.000000000 2
100 132 3 8192 2.000000000 2
100 140 3 8192 2.000000000 2
100 144 3 8192 2.000000000 2
100 160 3 8192 2.000000000 2
100 184 3 8192 2.000000000 2
100 224 3 8192 2.000000000 2
100 248 3 8192 2.000000000 2
100 272 3 8192 2.000000000 2
100 296 3 8192 2.000000000 2
100 328 3 8192 2.000000000 2
100 352 3 8192 2.000000000 2
100 364 3 8192 2.000000000 2
100 392 3 8192 2.000000000 2
100 408 3 8192 2.000000000 2
100 420 3 8192 2.000000000 2
100 428 3 8192 2.000000000 2
100 440 3 8192 2.000000000 2
100 448 3 8192 2.000000000 2
100 484 3 8192 2.000000000 2
100 488 3 8192 2.000000000 2
100 500 3 8192 2.000000000 2
100 512 3 8192 2.000000000 2
100 536 3 8192 2.000000000 2
100 580 3 8192 2.000000000 2
100 608 3 8192 2.000000000 2
100 612 3 8192 2.000000000 2
100 636 3 8192 2.000000000 2
100 672 3 8192 2.000000000 2
100 684 3 8192 2.000000000 2
100 696 3 8192 2.000000000 2
100 708 3 8192 2.000000000 2
100 724 3 8192 2.000000000 2
100 736 3 8192 2.000000000 2
100 772 3 8192 2.000000000 2
100 796 3 8192 2.000000000 2
100 824 3 8192 2.000000000 2
100 828 3 8192 2.000000000 2
100 832 3 8192 2.000000000 2
100 848 3 8192 2.000000000 2
100 876 3 8192 2.000000000 2
100 912 3 8192 2.000000000 2
100 932 3 8192 2.000000000 2
100 944 3 8192 2.000000000 2
100 1000 3 8192 2.000000000 2
100 1020 3 8192 2.000000000 2
100 1076 3 8192 2.000000000 2
100 1084 3 8192 2.000000000 2
100 1088 3 8192 2.000000000 2
100 1092 3 8192 2.000000000 2
100 1100 3 8192 2.000000000 2
100 1112 3 8192 2.000000000 2
100 1116 3 8192 2.000000000 2
100 1120 3 8192 2.000000000 2
100 1172 3 8192 2.000000000 2
100 1184 3 8192 2.000000000 2
100 1196 3 8192 2.000000000 2
100 1244 3 8192 2.000000000 2
100 1264 3 8192 2.000000000 2
108 0 3 8192 2.000000000 2
108 12 3 8192 2.000000000 2
108 48 3 8192 2.000000000 2
108 60 3 8192 2.000000000 2
108 68 3 8192 2.000000000 2
108 88 3 8192 2.000000000 2
108 100 3 8192 2.000000000 2
108 124 3 8192 2.000000000 2
108 128 3 8192 2.000000000 2
108 152 3 8192 2.000000000 2
108 156 3 8192 2.000000000 2
108 164 3 8192 2.000000000 2
108 172 3 8192 2.000000000 2
108 176 3 8192 2.000000000 2
108 232 3 8192 2.000000000 2
108 240 3 8192 2.000000000 2
108 276 3 8192 2.000000000 2
108 292 3 8192 2.000000000 2
108 296 3 8192 2.000000000 2
108 328 3 8192 2.000000000 2
108 332 3 8192 2.000000000 2
108 352 3 8192 2.000000000 2
108 356 3 8192 2.000000000 2
108 364 3 8192 2.000000000 2
108 412 3 8192 2.000000000 2
108 424 3 8192 2.000000000 2
108 484 3 8192 2.000000000 2
108 488 3 8192 2.000000000 2
108 492 3 8192 2.000000000 2
108 500 3 8192 2.000000000 2
108 520 3 8192 2.000000000 2
108 536 3 8192 2.000000000 2
108 552 3 8192 2.000000000 2
108 568 3 8192 2.000000000 2
108 584 3 8192 2.000000000 2
108 600 3 8192 2.000000000 2
108 608 3 8192 2.000000000 2
108 620 3 8192 2.000000000 2
108 648 3 8192 2.000000000 2
108 668 3 8192 2.000000000 2
108 748 3 8192 2.000000000 2
108 756 3 8192 2.000000000 2
108 760 3 8192 2.000000000 2
108 776 3 8192 2.000000000 2
108 808 3 8192 2.000000000 2
108 816 3 8192 2.000000000 2
108 828 3 8192 2.000000000 2
108 836 3 8192 2.000000000 2
108 856 3 8192 2.000000000 2
108 884 3 8192 2.000000000 2
108 928 3 8192 2.000000000 2
108 936 3 8192 2.000000000 2
108 960 3 8192 2.000000000 2
108 964 3 8192 2.000000000 2
108 1004 3 8192 2.000000000 2
108 1028 3 8192 2.000000000 2
108 1144 3 8192 2.000000000 2
108 1156 3 8192 2.000000000 2
108 1168 3 8192 2.000000000 2
108 1180 3 8192 2.000000000 2
108 1200 3 8192 2.000000000 2
108 1220 3 8192 2.000000000 2
108 1236 3 8192 2.000000000 2
108 1248 3 8192 2.000000000 2
112 12 3 8192 2.000000000 2
112 16 3 8192 2.000000000 2
112 20 3 8192 2.000000000 2
112 36 3 8192 2.000000000 2
112 60 3 8192 2.000000000 2
112 88 3 8192 2.000000000 2
112 120 3 8192 2.000000000 2
112 124 3 8192 2.000000000 2
112 132 3 8192 2.000000000 2
112 168 3 8192 2.000000000 2
112 196 3 8192 2.000000000 2
112 220 3 8192 2.000000000 2
112 248 3 8192 2.000000000 2
112 252 3 8192 2.000000000 2
112 284 3 8192 2.000000000 2
112 300 3 8192 2.000000000 2
112 304 3 8192 2.000000000 2
112 328 3 8192 2.000000000 2
112 360 3 8192 2.000000000 2
112 400 3 8192 2.000000000 2
112 420 3 8192 2.000000000 2
112 424 3 8192 2.000000000 2
112 444 3 8192 2.000000000 2
112 468 3 8192 2.000000000 2
112 476 3 8192 2.000000000 2
112 480 3 8192 2.000000000 2
112 504 3 8192 2.000000000 2
112 532 3 8192 2.000000000 2
112 584 3 8192 2.000000000 2
112 596 3 8192 2.000000000 2
112 600 3 8192 2.000000000 2
112 620 3 8192 2.000000000 2
112 656 3 8192 2.000000000 2
112 660 3 8192 2.000000000 2
112 684 3 8192 2.000000000 2
112 720 3 8192 2.000000000 2
112 724 3 8192 2.000000000 2
112 732 3 8192 2.000000000 2
112 740 3 8192 2.000000000 2
112 760 3 8192 2.000000000 2
112 764 3 8192 2.000000000 2
112 784 3 8192 2.000000000 2
112 804 3 8192 2.000000000 2
112 828 3 8192 2.000000000 2
112 864 3 8192 2.000000000 2
112 932 3 8192 2.000000000 2
112 940 3 8192 2.000000000 2
112 964 3 8192 2.000000000 2
112 988 3 8192 2.000000000 2
112 1008 3 8192 2.000000000 2
112 1016 3 8192 2.000000000 2
112 1040 3 8192 2.000000000 2
112 1048 3 8192 2.000000000 2
112 1052 3 8192 2.000000000 2
112 1068 3 8192 2.000000000 2
112 1112 3 8192 2.000000000 2
112 1120 3 8192 2.000000000 2
112 1168 3 8192 2.000000000 2
112 1184 3 8192 2.000000000 2
112 1196 3 8192 2.000000000 2
112 1204 3 8192 2.000000000 2
112 1244 3 8192 2.000000000 2
112 1272 3 8192 2.000000000 2
112 1276 3 8192 2.000000000 2
116 0 3 8192 2.000000000 2
116 12 3 8192 2.000000000 2
116 36 3 8192 2.000000000 2
116 40 3 8192 2.000000000 2
116 44 3 8192 2.000000000 2
116 64 3 8192 2.000000000 2
116 68 3 8192 2.000000000 2
116 88 3 8192 2.000000000 2
116 92 3 8192 2.000000000 2
116 120 3 8192 2.000000000 2
116 140 3 8192 2.000000000 2
116 152 3 8192 2.000000000 2
116 168 3 8192 2.000000000 2
116 172 3 8192 2.000000000 2
116 180 3 8192 2.000000000 2
116 192 3 8192 2.000000000 2
116 200 3 8192 2.000000000 2
116 212 3 8192 2.000000000 2
116 244 3 8192 2.000000000 2
116 264 3 8192 2.000000000 2
116 308 3 8192 2.000000000 2
116 324 3 8192 2.000000000 2
116 332 3 8192 2.000000000 2
116 400 3 8192 2.000000000 2
116 404 3 8192 2.000000000 2
116 420 3 8192 2.000000000 2
116 468 3 8192 2.000000000 2
116 496 3 8192 2.000000000 2
116 500 3 8192 2.000000000 2
116 516 3 8192 2.000000000 2
116 524 3 8192 2.000000000 2
116 528 3 8192 2.000000000 2
116 532 3 8192 2.000000000 2
116 556 3 8192 2.000000000 2
116 600 3 8192 2.000000000 2
116 620 3 8192 2.000000000 2
116 624 3 8192 2.000000000 2
116 644 3 8192 2.000000000 2
116 672 3 8192 2.000000000 2
116 760 3 8192 2.000000000 2
116 768 3 8192 2.000000000 2
116 776 3 8192 2.000000000 2
116 780 3 8192 2.000000000 2
116 792 3 8192 2.000000000 2
116 804 3 8192 2.000000000 2
116 816 3 8192 2.000000000 2
116 832 3 8192 2.000000000 2
116 856 3 8192 2.000000000 2
116 928 3 8192 2.000000000 2
116 956 3 8192 2.000000000 2
116 964 3 8192 2.000000000 2
116 976 3 8192 2.000000000 2
116 1000 3 8192 2.000000000 2
116 1016 3 8192 2.000000000 2
116 1052 3 8192 2.000000000 2
116 1068 3 8192 2.000000000 2
116 1144 3 8192 2.000000000 2
116 1164 3 8192 2.000000000 2
116 1180 3 8192 2.000000000 2
116 1196 3 8192 2.000000000 2
116 1220 3 8192 2.000000000 2
116 1236 3 8192 2.000000000 2
116 1256 3 8192 2.000000000 2
116 1272 3 8192 2.000000000 2
120 0 3 8192 2.000000000 2
120 12 3 8192 2.000000000 2
120 48 3 8192 2.000000000 2
120 56 3 8192 2.000000000 2
120 88 3 8192 2.000000000 2
120 92 3 8192 2.000000000 2
120 96 3 8192 2.000000000 2
120 100 3 8192 2.000000000 2
120 148 3 8192 2.000000000 2
120 156 3 8192 2.000000000 2
120 160 3 8192 2.000000000 2
120 180 3 8192 2.000000000 2
120 192 3 8192 2.000000000 2
120 200 3 8192 2.000000000 2
120 280 3 8192 2.000000000 2
120 284 3 8192 2.000000000 2
120 304 3 8192 2.000000000 2
120 316 3 8192 2.000000000 2
120 320 3 8192 2.000000000 2
120 324 3 8192 2.000000000 2
120 332 3 8192 2.000000000 2
120 352 3 8192 2.000000000 2
120 356 3 8192 2.000000000 2
120 380 3 8192 2.000000000 2
120 464 3 8192 2.000000000 2
120 492 3 8192 2.000000000 2
120 512 3 8192 2.000000000 2
120 540 3 8192 2.000000000 2
120 556 3 8192 2.000000000 2
120 560 3 8192 2.000000000 2
120 568 3 8192 2.000000000 2
120 572 3 8192 2.000000000 2
120 588 3 8192 2.000000000 2
120 596 3 8192 2.000000000 2
120 632 3 8192 2.000000000 2
120 656 3 8192 2.000000000 2
120 668 3 8192 2.000000000 2
120 704 3 8192 2.000000000 2
120 736 3 8192 2.000000000 2
120 748 3 8192 2.000000000 2
120 800 3 8192 2.000000000 2
120 804 3 8192 2.000000000 2
120 808 3 8192 2.000000000 2
120 812 3 8192 2.000000000 2
120 836 3 8192 2.000000000 2
120 864 3 8192 2.000000000 2
120 872 3 8192 2.000000000 2
120 892 3 8192 2.000000000 2
120 908 3 8192 2.000000000 2
120 940 3 8192 2.000000000 2
120 948 3 8192 2.000000000 2
120 968 3 8192 2.000000000 2
120 984 3 8192 2.000000000 2
120 996 3 8192 2.000000000 2
120 1028 3 8192 2.000000000 2
120 1052 3 8192 2.000000000 2
120 1056 3 8192 2.000000000 2
120 1144 3 8192 2.000000000 2
120 1180 3 8192 2.000000000 2
120 1184 3 8192 2.000000000 2
120 1220 3 8192 2.000000000 2
120 1248 3 8192 2.000000000 2
120 1264 3 8192 2.000000000 2
120 1276 3 8192 2.000000000 2
124 12 3 8192 2.000000000 2
124 64 3 8192 2.000000000 2
124 68 3 8192 2.000000000 2
124 88 3 8192 2.000000000 2
124 96 3 8192 2.000000000 2
124 116 3 8192 2.000000000 2
124 140 3 8192 2.000000000 2
124 176 3 8192 2.000000000 2
124 212 3 8192 2.000000000 2
124 224 3 8192 2.000000000 2
124 244 3 8192 2.000000000 2
124 272 3 8192 2.000000000 2
124 316 3 8192 2.000000000 2
124 328 3 8192 2.000000000 2
124 400 3 8192 2.000000000 2
124 404 3 8192 2.000000000 2
124 408 3 8192 2.000000000 2
124 420 3 8192 2.000000000 2
124 428 3 8192 2.000000000 2
124 436 3 8192 2.000000000 2
124 452 3 8192 2.000000000 2
124 472 3 8192 2.000000000 2
124 488 3 8192 2.000000000 2
124 512 3 8192 2.000000000 2
124 520 3 8192 2.000000000 2
124 528 3 8192 2.000000000 2
124 532 3 8192 2.000000000 2
124 540 3 8192 2.000000000 2
124 564 3 8192 2.000000000 2
124 572 3 8192 2.000000000 2
124 580 3 8192 2.000000000 2
124 636 3 8192 2.000000000 2
124 680 3 8192 2.000000000 2
124 752 3 8192 2.000000000 2
124 756 3 8192 2.000000000 2
124 768 3 8192 2.000000000 2
124 792 3 8192 2.000000000 2
124 796 3 8192 2.000000000 2
124 816 3 8192 2.000000000 2
124 836 3 8192 2.000000000 2
124 860 3 8192 2.000000000 2
124 864 3 8192 2.000000000 2
124 900 3 8192 2.000000000 2
124 908 3 8192 2.000000000 2
124 912 3 8192 2.000000000 2
124 924 3 8192 2.000000000 2
124 932 3 8192 2.000000000 2
124 948 3 8192 2.000000000 2
124 968 3 8192 2.000000000 2
124 988 3 8192 2.000000000 2
124 1008 3 8192 2.000000000 2
124 1016 3 8192 2.000000000 2
124 1020 3 8192 2.000000000 2
124 1032 3 8192 2.000000000 2
124 1036 3 8192 2.000000000 2
124 1048 3 8192 2.000000000 2
124 1076 3 8192 2.000000000 2
124 1092 3 8192 2.000000000 2
124 1156 3 8192 2.000000000 2
124 1184 3 8192 2.000000000 2
124 1196 3 8192 2.000000000 2
124 1244 3 8192 2.000000000 2
124 1252 3 8192 2.000000000 2
124 1264 3 8192 2.000000000 2
128 56 3 8192 2.000000000 2
128 72 3 8192 2.000000000 2
128 100 3 8192 2.000000000 2
128 140 3 8192 2.000000000 2
128 168 3 8192 2.000000000 2
128 184 3 8192 2.000000000 2
128 232 3 8192 2.000000000 2
128 236 3 8192 2.000000000 2
128 240 3 8192 2.000000000 2
128 244 3 8192 2.000000000 2
128 276 3 8192 2.000000000 2
128 280 3 8192 2.000000000 2
128 292 3 8192 2.000000000 2
128 312 3 8192 2.000000000 2
128 324 3 8192 2.000000000 2
128 328 3 8192 2.000000000 2
128 344 3 8192 2.000000000 2
128 360 3 8192 2.000000000 2
128 388 3 8192 2.000000000 2
128 404 3 8192 2.000000000 2
128 408 3 8192 2.000000000 2
128 412 3 8192 2.000000000 2
128 424 3 8192 2.000000000 2
128 428 3 8192 2.000000000 2
128 496 3 8192 2.000000000 2
128 504 3 8192 2.000000000 2
128 528 3 8192 2.000000000 2
128 532 3 8192 2.000000000 2
128 540 3 8192 2.000000000 2
128 580 3 8192 2.000000000 2
128 612 3 8192 2.000000000 2
128 624 3 8192 2.000000000 2
128 656 3 8192 2.000000000 2
128 660 3 8192 2.000000000 2
128 672 3 8192 2.000000000 2
128 680 3 8192 2.000000000 2
128 696 3 8192 2.000000000 2
128 764 3 8192 2.000000000 2
128 784 3 8192 2.000000000 2
128 796 3 8192 2.000000000 2
128 808 3 8192 2.000000000 2
128 824 3 8192 2.000000000 2
128 856 3 8192 2.000000000 2
128 864 3 8192 2.000000000 2
128 904 3 8192 2.000000000 2
128 936 3 8192 2.000000000 2
128 944 3 8192 2.000000000 2
128 988 3 8192 2.000000000 2
128 1004 3 8192 2.000000000 2
128 1012 3 8192 2.000000000 2
128 1020 3 8192 2.000000000 2
128 1040 3 8192 2.000000000 2
128 1052 3 8192 2.000000000 2
128 1068 3 8192 2.000000000 2
128 1088 3 8192 2.000000000 2
128 1100 3 8192 2.000000000 2
128 1104 3 8192 2.000000000 2
128 1144 3 8192 2.000000000 2
128 1156 3 8192 2.000000000 2
128 1172 3 8192 2.000000000 2
128 1224 3 8192 2.000000000 2
128 1248 3 8192 2.000000000 2
128 1272 3 8192 2.000000000 2
128 1276 3 8192 2.000000000 2
132 0 3 8192 2.000000000 2
132 12 3 8192 2.000000000 2
132 16 3 8192 2.000000000 2
132 28 3 8192 2.000000000 2
132 56 3 8192 2.000000000 2
132 84 3 8192 2.000000000 2
132 116 3 8192 2.000000000 2
132 120 3 8192 2.000000000 2
132 128 3 8192 2.000000000 2
132 156 3 8192 2.000000000 2
132 168 3 8192 2.000000000 2
132 196 3 8192 2.000000000 2
132 208 3 8192 2.000000000 2
132 220 3 8192 2.000000000 2
132 232 3 8192 2.000000000 2
132 236 3 8192 2.000000000 2
132 244 3 8192 2.000000000 2
132 264 3 8192 2.000000000 2
132 272 3 8192 2.000000000 2
132 280 3 8192 2.000000000 2
132 304 3 8192 2.000000000 2
132 320 3 8192 2.000000000 2
132 368 3 8192 2.000000000 2
132 400 3 8192 2.000000000 2
132 408 3 8192 2.000000000 2
132 452 3 8192 2.000000000 2
132 468 3 8192 2.000000000 2
132 472 3 8192 2.000000000 2
132 484 3 8192 2.000000000 2
132 488 3 8192 2.000000000 2
132 504 3 8192 2.000000000 2
132 520 3 8192 2.000000000 2
132 556 3 8192 2.000000000 2
132 560 3 8192 2.000000000 2
132 564 3 8192 2.000000000 2
132 568 3 8192 2.000000000 2
132 600 3 8192 2.000000000 2
132 632 3 8192 2.000000000 2
132 736 3 8192 2.000000000 2
132 740 3 8192 2.000000000 2
132 748 3 8192 2.000000000 2
132 756 3 8192 2.000000000 2
132 780 3 8192 2.000000000 2
132 784 3 8192 2.000000000 2
132 792 3 8192 2.000000000 2
132 804 3 8192 2.000000000 2
132 824 3 8192 2.000000000 2
132 884 3 8192 2.000000000 2
132 904 3 8192 2.000000000 2
132 924 3 8192 2.000000000 2
132 944 3 8192 2.000000000 2
132 956 3 8192 2.000000000 2
132 1028 3 8192 2.000000000 2
132 1032 3 8192 2.000000000 2
132 1056 3 8192 2.000000000 2
132 1068 3 8192 2.000000000 2
132 1080 3 8192 2.000000000 2
132 1084 3 8192 2.000000000 2
132 1092 3 8192 2.000000000 2
132 1108 3 8192 2.000000000 2
132 1180 3 8192 2.000000000 2
132 1196 3 8192 2.000000000 2
132 1232 3 8192 2.000000000 2
132 1264 3 8192 2.000000000 2
140 4 3 8192 2.000000000 2
140 12 3 8192 2.000000000 2
140 40 3 8192 2.000000000 2
140 88 3 8192 2.000000000 2
140 92 3 8192 2.000000000 2
140 132 3 8192 2.000000000 2
140 148 3 8192 2.000000000 2
140 176 3 8192 2.000000000 2
140 184 3 8192 2.000000000 2
140 196 3 8192 2.000000000 2
140 200 3 8192 2.000000000 2
140 212 3 8192 2.000000000 2
140 232 3 8192 2.000000000 2
140 240 3 8192 2.000000000 2
140 252 3 8192 2.000000000 2
140 272 3 8192 2.000000000 2
140 276 3 8192 2.000000000 2
140 292 3 8192 2.000000000 2
140 304 3 8192 2.000000000 2
140 320 3 8192 2.000000000 2
140 344 3 8192 2.000000000 2
140 356 3 8192 2.000000000 2
140 380 3 8192 2.000000000 2
140 432 3 8192 2.000000000 2
140 456 3 8192 2.000000000 2
140 460 3 8192 2.000000000 2
140 464 3 8192 2.000000000 2
140 472 3 8192 2.000000000 2
140 504 3 8192 2.000000000 2
140 560 3 8192 2.000000000 2
140 564 3 8192 2.000000000 2
140 600 3 8192 2.000000000 2
140 656 3 8192 2.000000000 2
140 716 3 8192 2.000000000 2
140 724 3 8192 2.000000000 2
140 736 3 8192 2.000000000 2
140 740 3 8192 2.000000000 2
140 768 3 8192 2.000000000 2
140 776 3 8192 2.000000000 2
140 804 3 8192 2.000000000 2
140 808 3 8192 2.000000000 2
140 816 3 8192 2.000000000 2
140 848 3 8192 2.000000000 2
140 856 3 8192 2.000000000 2
140 872 3 8192 2.000000000 2
140 900 3 8192 2.000000000 2
140 904 3 8192 2.000000000 2
140 940 3 8192 2.000000000 2
140 956 3 8192 2.000000000 2
140 960 3 8192 2.000000000 2
140 1000 3 8192 2.000000000 2
140 1004 3 8192 2.000000000 2
140 1008 3 8192 2.000000000 2
140 1012 3 8192 2.000000000 2
140 1048 3 8192 2.000000000 2
140 1056 3 8192 2.000000000 2
140 1080 3 8192 2.000000000 2
140 1112 3 8192 2.000000000 2
140 1116 3 8192 2.000000000 2
140 1120 3 8192 2.000000000 2
140 1200 3 8192 2.000000000 2
140 1252 3 8192 2.000000000 2
140 1260 3 8192 2.000000000 2
140 1276 3 8192 2.000000000 2
144 0 3 8192 2.000000000 2
144 8 3 8192 2.000000000 2
144 44 3 8192 2.000000000 2
144 72 3 8192 2.000000000 2
144 88 3 8192 2.000000000 2
144 120 3 8192 2.000000000 2
144 148 3 8192 2.000000000 2
144 176 3 8192 2.000000000 2
144 200 3 8192 2.000000000 2
144 212 3 8192 2.000000000 2
144 224 3 8192 2.000000000 2
144 236 3 8192 2.000000000 2
144 252 3 8192 2.000000000 2
144 292 3 8192 2.000000000 2
144 312 3 8192 2.000000000 2
144 324 3 8192 2.000000000 2
144 392 3 8192 2.000000000 2
144 432 3 8192 2.000000000 2
144 444 3 8192 2.000000000 2
144 512 3 8192 2.000000000 2
144 532 3 8192 2.000000000 2
144 548 3 8192 2.000000000 2
144 552 3 8192 2.000000000 2
144 572 3 8192 2.000000000 2
144 588 3 8192 2.000000000 2
144 596 3 8192 2.000000000 2
144 608 3 8192 2.000000000 2
144 612 3 8192 2.000000000 2
144 620 3 8192 2.000000000 2
144 636 3 8192 2.000000000 2
144 640 3 8192 2.000000000 2
144 660 3 8192 2.000000000 2
144 680 3 8192 2.000000000 2
144 704 3 8192 2.000000000 2
144 708 3 8192 2.000000000 2
144 732 3 8192 2.000000000 2
144 756 3 8192 2.000000000 2
144 828 3 8192 2.000000000 2
144 832 3 8192 2.000000000 2
144 836 3 8192 2.000000000 2
144 848 3 8192 2.000000000 2
144 876 3 8192 2.000000000 2
144 884 3 8192 2.000000000 2
144 936 3 8192 2.000000000 2
144 956 3 8192 2.000000000 2
144 980 3 8192 2.000000000 2
144 988 3 8192 2.000000000 2
144 996 3 8192 2.000000000 2
144 1028 3 8192 2.000000000 2
144 1036 3 8192 2.000000000 2
144 1040 3 8192 2.000000000 2
144 1048 3 8192 2.000000000 2
144 1080 3 8192 2.000000000 2
144 1088 3 8192 2.000000000 2
144 1108 3 8192 2.000000000 2
144 1112 3 8192 2.000000000 2
144 1120 3 8192 2.000000000 2
144 1148 3 8192 2.000000000 2
144 1180 3 8192 2.000000000 2
144 1236 3 8192 2.000000000 2
144 1244 3 8192 2.000000000 2
144 1260 3 8192 2.000000000 2
144 1264 3 8192 2.000000000 2
144 1272 3 8192 2.000000000 2
148 8 3 8192 2.000000000 2
148 12 3 8192 2.000000000 2
148 32 3 8192 2.000000000 2
148 44 3 8192 2.000000000 2
148 60 3 8192 2.000000000 2
148 88 3 8192 2.000000000 2
148 96 3 8192 2.000000000 2
148 112 3 8192 2.000000000 2
148 132 3 8192 2.000000000 2
148 140 3 8192 2.000000000 2
148 156 3 8192 2.000000000 2
148 248 3 8192 2.000000000 2
148 252 3 8192 2.000000000 2
148 284 3 8192 2.000000000 2
148 296 3 8192 2.000000000 2
148 300 3 8192 2.000000000 2
148 308 3 8192 2.000000000 2
148 332 3 8192 2.000000000 2
148 364 3 8192 2.000000000 2
148 368 3 8192 2.000000000 2
148 400 3 8192 2.000000000 2
148 424 3 8192 2.000000000 2
148 428 3 8192 2.000000000 2
148 448 3 8192 2.000000000 2
148 452 3 8192 2.000000000 2
148 456 3 8192 2.000000000 2
148 460 3 8192 2.000000000 2
148 464 3 8192 2.000000000 2
148 468 3 8192 2.000000000 2
148 480 3 8192 2.000000000 2
148 484 3 8192 2.000000000 2
148 488 3 8192 2.000000000 2
148 516 3 8192 2.000000000 2
148 528 3 8192 2.000000000 2
148 552 3 8192 2.000000000 2
148 560 3 8192 2.000000000 2
148 612 3 8192 2.000000000 2
148 624 3 8192 2.000000000 2
148 660 3 8192 2.000000000 2
148 672 3 8192 2.000000000 2
148 704 3 8192 2.000000000 2
148 744 3 8192 2.000000000 2
148 752 3 8192 2.000000000 2
148 764 3 8192 2.000000000 2
148 776 3 8192 2.000000000 2
148 812 3 8192 2.000000000 2
148 832 3 8192 2.000000000 2
148 860 3 8192 2.000000000 2
148 864 3 8192 2.000000000 2
148 956 3 8192 2.000000000 2
148 964 3 8192 2.000000000 2
148 980 3 8192 2.000000000 2
148 1000 3 8192 2.000000000 2
148 1004 3 8192 2.000000000 2
148 1008 3 8192 2.000000000 2
148 1028 3 8192 2.000000000 2
148 1076 3 8192 2.000000000 2
148 1084 3 8192 2.000000000 2
148 1104 3 8192 2.000000000 2
148 1128 3 8192 2.000000000 2
148 1172 3 8192 2.000000000 2
148 1200 3 8192 2.000000000 2
148 1220 3 8192 2.000000000 2
148 1248 3 8192 2.000000000 2
152 12 3 8192 2.000000000 2
152 24 3 8192 2.000000000 2
152 44 3 8192 2.000000000 2
152 48 3 8192 2.000000000 2
152 60 3 8192 2.000000000 2
152 68 3 8192 2.000000000 2
152 72 3 8192 2.000000000 2
152 100 3 8192 2.000000000 2
152 112 3 8192 2.000000000 2
152 120 3 8192 2.000000000 2
152 124 3 8192 2.000000000 2
152 156 3 8192 2.000000000 2
152 160 3 8192 2.000000000 2
152 168 3 8192 2.000000000 2
152 196 3 8192 2.000000000 2
152 224 3 8192 2.000000000 2
152 252 3 8192 2.000000000 2
152 300 3 8192 2.000000000 2
152 352 3 8192 2.000000000 2
152 360 3 8192 2.000000000 2
152 412 3 8192 2.000000000 2
152 424 3 8192 2.000000000 2
152 440 3 8192 2.000000000 2
152 448 3 8192 2.000000000 2
152 468 3 8192 2.000000000 2
152 520 3 8192 2.000000000 2
152 528 3 8192 2.000000000 2
152 532 3 8192 2.000000000 2
152 552 3 8192 2.000000000 2
152 560 3 8192 2.000000000 2
152 564 3 8192 2.000000000 2
152 588 3 8192 2.000000000 2
152 596 3 8192 2.000000000 2
152 600 3 8192 2.000000000 2
152 608 3 8192 2.000000000 2
152 648 3 8192 2.000000000 2
152 708 3 8192 2.000000000 2
152 720 3 8192 2.000000000 2
152 740 3 8192 2.000000000 2
152 744 3 8192 2.000000000 2
152 748 3 8192 2.000000000 2
152 756 3 8192 2.000000000 2
152 772 3 8192 2.000000000 2
152 800 3 8192 2.000000000 2
152 848 3 8192 2.000000000 2
152 864 3 8192 2.000000000 2
152 924 3 8192 2.000000000 2
152 968 3 8192 2.000000000 2
152 996 3 8192 2.000000000 2
152 1004 3 8192 2.000000000 2
152 1016 3 8192 2.000000000 2
152 1032 3 8192 2.000000000 2
152 1048 3 8192 2.000000000 2
152 1068 3 8192 2.000000000 2
152 1104 3 8192 2.000000000 2
152 1144 3 8192 2.000000000 2
152 1156 3 8192 2.000000000 2
152 1168 3 8192 2.000000000 2
152 1180 3 8192 2.000000000 2
152 1204 3 8192 2.000000000 2
152 1252 3 8192 2.000000000 2
152 1260 3 8192 2.000000000 2
152 1264 3 8192 2.000000000 2
152 1272 3 8192 2.000000000 2
156 32 3 8192 2.000000000 2
156 48 3 8192 2.000000000 2
156 72 3 8192 2.000000000 2
156 124 3 8192 2.000000000 2
156 132 3 8192 2.000000000 2
156 144 3 8192 2.000000000 2
156 152 3 8192 2.000000000 2
156 168 3 8192 2.000000000 2
156 172 3 8192 2.000000000 2
156 200 3 8192 2.000000000 2
156 216 3 8192 2.000000000 2
156 220 3 8192 2.000000000 2
156 224 3 8192 2.000000000 2
156 240 3 8192 2.000000000 2
156 244 3 8192 2.000000000 2
156 252 3 8192 2.000000000 2
156 284 3 8192 2.000000000 2
156 316 3 8192 2.000000000 2
156 320 3 8192 2.000000000 2
156 388 3 8192 2.000000000 2
156 400 3 8192 2.000000000 2
156 412 3 8192 2.000000000 2
156 428 3 8192 2.000000000 2
156 432 3 8192 2.000000000 2
156 464 3 8192 2.000000000 2
156 516 3 8192 2.000000000 2
156 556 3 8192 2.000000000 2
156 560 3 8192 2.000000000 2
156 564 3 8192 2.000000000 2
156 572 3 8192 2.000000000 2
156 584 3 8192 2.000000000 2
156 588 3 8192 2.000000000 2
156 620 3 8192 2.000000000 2
156 636 3 8192 2.000000000 2
156 644 3 8192 2.000000000 2
156 660 3 8192 2.000000000 2
156 664 3 8192 2.000000000 2
156 672 3 8192 2.000000000 2
156 708 3 8192 2.000000000 2
156 724 3 8192 2.000000000 2
156 732 3 8192 2.000000000 2
156 736 3 8192 2.000000000 2
156 760 3 8192 2.000000000 2
156 780 3 8192 2.000000000 2
156 816 3 8192 2.000000000 2
156 832 3 8192 2.000000000 2
156 884 3 8192 2.000000000 2
156 888 3 8192 2.000000000 2
156 892 3 8192 2.000000000 2
156 936 3 8192 2.000000000 2
156 940 3 8192 2.000000000 2
156 948 3 8192 2.000000000 2
156 960 3 8192 2.000000000 2
156 964 3 8192 2.000000000 2
156 996 3 8192 2.000000000 2
156 1028 3 8192 2.000000000 2
156 1048 3 8192 2.000000000 2
156 1052 3 8192 2.000000000 2
156 1076 3 8192 2.000000000 2
156 1092 3 8192 2.000000000 2
156 1156 3 8192 2.000000000 2
156 1172 3 8192 2.000000000 2
156 1180 3 8192 2.000000000 2
156 1260 3 8192 2.000000000 2
160 28 3 8192 2.000000000 2
160 44 3 8192 2.000000000 2
160 52 3 8192 2.000000000 2
160 56 3 8192 2.000000000 2
160 80 3 8192 2.000000000 2
160 84 3 8192 2.000000000 2
160 88 3 8192 2.000000000 2
160 112 3 8192 2.000000000 2
160 124 3 8192 2.000000000 2
160 148 3 8192 2.000000000 2
160 156 3 8192 2.000000000 2
160 168 3 8192 2.000000000 2
160 184 3 8192 2.000000000 2
160 192 3 8192 2.000000000 2
160 196 3 8192 2.000000000 2
160 212 3 8192 2.000000000 2
160 244 3 8192 2.000000000 2
160 248 3 8192 2.000000000 2
160 252 3 8192 2.000000000 2
160 272 3 8192 2.000000000 2
160 304 3 8192 2.000000000 2
160 316 3 8192 2.000000000 2
160 320 3 8192 2.000000000 2
160 324 3 8192 2.000000000 2
160 344 3 8192 2.000000000 2
160 364 3 8192 2.000000000 2
160 380 3 8192 2.000000000 2
160 412 3 8192 2.000000000 2
160 424 3 8192 2.000000000 2
160 428 3 8192 2.000000000 2
160 440 3 8192 2.000000000 2
160 464 3 8192 2.000000000 2
160 484 3 8192 2.000000000 2
160 504 3 8192 2.000000000 2
160 556 3 8192 2.000000000 2
160 568 3 8192 2.000000000 2
160 580 3 8192 2.000000000 2
160 608 3 8192 2.000000000 2
160 624 3 8192 2.000000000 2
160 696 3 8192 2.000000000 2
160 736 3 8192 2.000000000 2
160 740 3 8192 2.000000000 2
160 756 3 8192 2.000000000 2
160 764 3 8192 2.000000000 2
160 816 3 8192 2.000000000 2
160 860 3 8192 2.000000000 2
160 908 3 8192 2.000000000 2
160 940 3 8192 2.000000000 2
160 944 3 8192 2.000000000 2
160 948 3 8192 2.000000000 2
160 1016 3 8192 2.000000000 2
160 1020 3 8192 2.000000000 2
160 1040 3 8192 2.000000000 2
160 1108 3 8192 2.000000000 2
160 1128 3 8192 2.000000000 2
160 1148 3 8192 2.000000000 2
160 1156 3 8192 2.000000000 2
160 1220 3 8192 2.000000000 2
160 1224 3 8192 2.000000000 2
160 1244 3 8192 2.000000000 2
160 1256 3 8192 2.000000000 2
160 1264 3 8192 2.000000000 2
160 1272 3 8192 2.000000000 2
160 1276 3 8192 2.000000000 2
164 0 3 8192 2.000000000 2
164 8 3 8192 2.000000000 2
164 32 3 8192 2.000000000 2
164 36 3 8192 2.000000000 2
164 64 3 8192 2.000000000 2
164 88 3 8192 2.000000000 2
164 100 3 8192 2.000000000 2
164 108 3 8192 2.000000000 2
164 120 3 8192 2.000000000 2
164 124 3 8192 2.000000000 2
164 128 3 8192 2.000000000 2
164 140 3 8192 2.000000000 2
164 176 3 8192 2.000000000 2
164 184 3 8192 2.000000000 2
164 232 3 8192 2.000000000 2
164 252 3 8192 2.000000000 2
164 296 3 8192 2.000000000 2
164 300 3 8192 2.000000000 2
164 312 3 8192 2.000000000 2
164 316 3 8192 2.000000000 2
164 328 3 8192 2.000000000 2
164 356 3 8192 2.000000000 2
164 364 3 8192 2.000000000 2
164 400 3 8192 2.000000000 2
164 420 3 8192 2.000000000 2
164 432 3 8192 2.000000000 2
164 464 3 8192 2.000000000 2
164 504 3 8192 2.000000000 2
164 524 3 8192 2.000000000 2
164 540 3 8192 2.000000000 2
164 564 3 8192 2.000000000 2
164 580 3 8192 2.000000000 2
164 716 3 8192 2.000000000 2
164 740 3 8192 2.000000000 2
164 744 3 8192 2.000000000 2
164 752 3 8192 2.000000000 2
164 760 3 8192 2.000000000 2
164 764 3 8192 2.000000000 2
164 768 3 8192 2.000000000 2
164 772 3 8192 2.000000000 2
164 792 3 8192 2.000000000 2
164 816 3 8192 2.000000000 2
164 824 3 8192 2.000000000 2
164 832 3 8192 2.000000000 2
164 836 3 8192 2.000000000 2
164 848 3 8192 2.000000000 2
164 872 3 8192 2.000000000 2
164 948 3 8192 2.000000000 2
164 956 3 8192 2.000000000 2
164 984 3 8192 2.000000000 2
164 996 3 8192 2.000000000 2
164 1020 3 8192 2.000000000 2
164 1028 3 8192 2.000000000 2
164 1056 3 8192 2.000000000 2
164 1068 3 8192 2.000000000 2
164 1076 3 8192 2.000000000 2
164 1080 3 8192 2.000000000 2
164 1092 3 8192 2.000000000 2
164 1100 3 8192 2.000000000 2
164 1116 3 8192 2.000000000 2
164 1156 3 8192 2.000000000 2
164 1236 3 8192 2.000000000 2
164 1244 3 8192 2.000000000 2
164 1260 3 8192 2.000000000 2
168 32 3 8192 2.000000000 2
168 56 3 8192 2.000000000 2
168 80 3 8192 2.000000000 2
168 108 3 8192 2.000000000 2
168 112 3 8192 2.000000000 2
168 116 3 8192 2.000000000 2
168 132 3 8192 2.000000000 2
168 152 3 8192 2.000000000 2
168 160 3 8192 2.000000000 2
168 192 3 8192 2.000000000 2
168 200 3 8192 2.000000000 2
168 208 3 8192 2.000000000 2
168 212 3 8192 2.000000000 2
168 216 3 8192 2.000000000 2
168 224 3 8192 2.000000000 2
168 248 3 8192 2.000000000 2
168 252 3 8192 2.000000000 2
168 296 3 8192 2.000000000 2
168 352 3 8192 2.000000000 2
168 356 3 8192 2.000000000 2
168 400 3 8192 2.000000000 2
168 412 3 8192 2.000000000 2
168 448 3 8192 2.000000000 2
168 456 3 8192 2.000000000 2
168 460 3 8192 2.000000000 2
168 464 3 8192 2.000000000 2
168 468 3 8192 2.000000000 2
168 480 3 8192 2.000000000 2
168 492 3 8192 2.000000000 2
168 496 3 8192 2.000000000 2
168 536 3 8192 2.000000000 2
168 560 3 8192 2.000000000 2
168 580 3 8192 2.000000000 2
168 596 3 8192 2.000000000 2
168 600 3 8192 2.000000000 2
168 636 3 8192 2.000000000 2
168 644 3 8192 2.000000000 2
168 672 3 8192 2.000000000 2
168 700 3 8192 2.000000000 2
168 708 3 8192 2.000000000 2
168 720 3 8192 2.000000000 2
168 724 3 8192 2.000000000 2
168 732 3 8192 2.000000000 2
168 736 3 8192 2.000000000 2
168 760 3 8192 2.000000000 2
168 808 3 8192 2.000000000 2
168 812 3 8192 2.000000000 2
168 824 3 8192 2.000000000 2
168 828 3 8192 2.000000000 2
168 860 3 8192 2.000000000 2
168 892 3 8192 2.000000000 2
168 948 3 8192 2.000000000 2
168 956 3 8192 2.000000000 2
168 964 3 8192 2.000000000 2
168 968 3 8192 2.000000000 2
168 1028 3 8192 2.000000000 2
168 1032 3 8192 2.000000000 2
168 1068 3 8192 2.000000000 2
168 1080 3 8192 2.000000000 2
168 1100 3 8192 2.000000000 2
168 1120 3 8192 2.000000000 2
168 1128 3 8192 2.000000000 2
168 1220 3 8192 2.000000000 2
168 1256 3 8192 2.000000000 2
172 48 3 8192 2.000000000 2
172 52 3 8192 2.000000000 2
172 56 3 8192 2.000000000 2
172 68 3 8192 2.000000000 2
172 108 3 8192 2.000000000 2
172 116 3 8192 2.000000000 2
172 120 3 8192 2.000000000 2
172 128 3 8192 2.000000000 2
172 140 3 8192 2.000000000 2
172 144 3 8192 2.000000000 2
172 148 3 8192 2.000000000 2
172 180 3 8192 2.000000000 2
172 184 3 8192 2.000000000 2
172 208 3 8192 2.000000000 2
172 220 3 8192 2.000000000 2
172 240 3 8192 2.000000000 2
172 264 3 8192 2.000000000 2
172 280 3 8192 2.000000000 2
172 284 3 8192 2.000000000 2
172 296 3 8192 2.000000000 2
172 324 3 8192 2.000000000 2
172 356 3 8192 2.000000000 2
172 360 3 8192 2.000000000 2
172 380 3 8192 2.000000000 2
172 400 3 8192 2.000000000 2
172 436 3 8192 2.000000000 2
172 448 3 8192 2.000000000 2
172 460 3 8192 2.000000000 2
172 468 3 8192 2.000000000 2
172 472 3 8192 2.000000000 2
172 496 3 8192 2.000000000 2
172 524 3 8192 2.000000000 2
172 532 3 8192 2.000000000 2
172 540 3 8192 2.000000000 2
172 600 3 8192 2.000000000 2
172 620 3 8192 2.000000000 2
172 632 3 8192 2.000000000 2
172 668 3 8192 2.000000000 2
172 672 3 8192 2.000000000 2
172 708 3 8192 2.000000000 2
172 736 3 8192 2.000000000 2
172 748 3 8192 2.000000000 2
172 760 3 8192 2.000000000 2
172 772 3 8192 2.000000000 2
172 776 3 8192 2.000000000 2
172 816 3 8192 2.000000000 2
172 836 3 8192 2.000000000 2
172 892 3 8192 2.000000000 2
172 908 3 8192 2.000000000 2
172 924 3 8192 2.000000000 2
172 928 3 8192 2.000000000 2
172 944 3 8192 2.000000000 2
172 980 3 8192 2.000000000 2
172 1048 3 8192 2.000000000 2
172 1056 3 8192 2.000000000 2
172 1084 3 8192 2.000000000 2
172 1088 3 8192 2.000000000 2
172 1092 3 8192 2.000000000 2
172 1120 3 8192 2.000000000 2
172 1168 3 8192 2.000000000 2
172 1200 3 8192 2.000000000 2
172 1236 3 8192 2.000000000 2
172 1252 3 8192 2.000000000 2
172 1260 3 8192 2.000000000 2
176 0 3 8192 2.000000000 2
176 120 3 8192 2.000000000 2
176 140 3 8192 2.000000000 2
176 168 3 8192 2.000000000 2
176 184 3 8192 2.000000000 2
176 220 3 8192 2.000000000 2
176 224 3 8192 2.000000000 2
176 244 3 8192 2.000000000 2
176 284 3 8192 2.000000000 2
176 292 3 8192 2.000000000 2
176 300 3 8192 2.000000000 2
176 316 3 8192 2.000000000 2
176 324 3 8192 2.000000000 2
176 348 3 8192 2.000000000 2
176 368 3 8192 2.000000000 2
176 380 3 8192 2.000000000 2
176 392 3 8192 2.000000000 2
176 400 3 8192 2.000000000 2
176 424 3 8192 2.000000000 2
176 448 3 8192 2.000000000 2
176 456 3 8192 2.000000000 2
176 484 3 8192 2.000000000 2
176 496 3 8192 2.000000000 2
176 524 3 8192 2.000000000 2
176 556 3 8192 2.000000000 2
176 580 3 8192 2.000000000 2
176 596 3 8192 2.000000000 2
176 608 3 8192 2.000000000 2
176 620 3 8192 2.000000000 2
176 648 3 8192 2.000000000 2
176 656 3 8192 2.000000000 2
176 696 3 8192 2.000000000 2
176 724 3 8192 2.000000000 2
176 736 3 8192 2.000000000 2
176 752 3 8192 2.000000000 2
176 760 3 8192 2.000000000 2
176 764 3 8192 2.000000000 2
176 780 3 8192 2.000000000 2
176 792 3 8192 2.000000000 2
176 832 3 8192 2.000000000 2
176 860 3 8192 2.000000000 2
176 872 3 8192 2.000000000 2
176 900 3 8192 2.000000000 2
176 956 3 8192 2.000000000 2
176 964 3 8192 2.000000000 2
176 988 3 8192 2.000000000 2
176 1000 3 8192 2.000000000 2
176 1008 3 8192 2.000000000 2
176 1020 3 8192 2.000000000 2
176 1028 3 8192 2.000000000 2
176 1056 3 8192 2.000000000 2
176 1068 3 8192 2.000000000 2
176 1128 3 8192 2.000000000 2
176 1144 3 8192 2.000000000 2
176 1148 3 8192 2.000000000 2
176 1164 3 8192 2.000000000 2
176 1184 3 8192 2.000000000 2
176 1200 3 8192 2.000000000 2
176 1204 3 8192 2.000000000 2
176 1220 3 8192 2.000000000 2
176 1224 3 8192 2.000000000 2
176 1232 3 8192 2.000000000 2
176 1252 3 8192 2.000000000 2
176 1272 3 8192 2.000000000 2
180 4 3 8192 2.000000000 2
180 8 3 8192 2.000000000 2
180 20 3 8192 2.000000000 2
180 24 3 8192 2.000000000 2
180 52 3 8192 2.000000000 2
180 60 3 8192 2.000000000 2
180 64 3 8192 2.000000000 2
180 68 3 8192 2.000000000 2
180 84 3 8192 2.000000000 2
180 96 3 8192 2.000000000 2
180 112 3 8192 2.000000000 2
180 132 3 8192 2.000000000 2
180 140 3 8192 2.000000000 2
180 144 3 8192 2.000000000 2
180 152 3 8192 2.000000000 2
180 156 3 8192 2.000000000 2
180 184 3 8192 2.000000000 2
180 192 3 8192 2.000000000 2
180 212 3 8192 2.000000000 2
180 240 3 8192 2.000000000 2
180 276 3 8192 2.000000000 2
180 320 3 8192 2.000000000 2
180 356 3 8192 2.000000000 2
180 428 3 8192 2.000000000 2
180 436 3 8192 2.000000000 2
180 440 3 8192 2.000000000 2
180 476 3 8192 2.000000000 2
180 484 3 8192 2.000000000 2
180 488 3 8192 2.000000000 2
180 512 3 8192 2.000000000 2
180 516 3 8192 2.000000000 2
180 540 3 8192 2.000000000 2
180 580 3 8192 2.000000000 2
180 596 3 8192 2.000000000 2
180 608 3 8192 2.000000000 2
180 612 3 8192 2.000000000 2
180 620 3 8192 2.000000000 2
180 636 3 8192 2.000000000 2
180 648 3 8192 2.000000000 2
180 672 3 8192 2.000000000 2
180 736 3 8192 2.000000000 2
180 740 3 8192 2.000000000 2
180 756 3 8192 2.000000000 2
180 760 3 8192 2.000000000 2
180 776 3 8192 2.000000000 2
180 800 3 8192 2.000000000 2
180 848 3 8192 2.000000000 2
180 860 3 8192 2.000000000 2
180 876 3 8192 2.000000000 2
180 928 3 8192 2.000000000 2
180 932 3 8192 2.000000000 2
180 968 3 8192 2.000000000 2
180 984 3 8192 2.000000000 2
180 1008 3 8192 2.000000000 2
180 1016 3 8192 2.000000000 2
180 1036 3 8192 2.000000000 2
180 1068 3 8192 2.000000000 2
180 1104 3 8192 2.000000000 2
180 1172 3 8192 2.000000000 2
180 1196 3 8192 2.000000000 2
180 1236 3 8192 2.000000000 2
180 1248 3 8192 2.000000000 2
180 1252 3 8192 2.000000000 2
180 1256 3 8192 2.000000000 2
184 8 3 8192 2.000000000 2
184 28 3 8192 2.000000000 2
184 48 3 8192 2.000000000 2
184 64 3 8192 2.000000000 2
184 80 3 8192 2.000000000 2
184 92 3 8192 2.000000000 2
184 112 3 8192 2.000000000 2
184 116 3 8192 2.000000000 2
184 124 3 8192 2.000000000 2
184 144 3 8192 2.000000000 2
184 148 3 8192 2.000000000 2
184 180 3 8192 2.000000000 2
184 208 3 8192 2.000000000 2
184 216 3 8192 2.000000000 2
184 272 3 8192 2.000000000 2
184 280 3 8192 2.000000000 2
184 324 3 8192 2.000000000 2
184 328 3 8192 2.000000000 2
184 380 3 8192 2.000000000 2
184 388 3 8192 2.000000000 2
184 392 3 8192 2.000000000 2
184 412 3 8192 2.000000000 2
184 428 3 8192 2.000000000 2
184 432 3 8192 2.000000000 2
184 444 3 8192 2.000000000 2
184 448 3 8192 2.000000000 2
184 464 3 8192 2.000000000 2
184 468 3 8192 2.000000000 2
184 480 3 8192 2.000000000 2
184 488 3 8192 2.000000000 2
184 504 3 8192 2.000000000 2
184 516 3 8192 2.000000000 2
184 556 3 8192 2.000000000 2
184 580 3 8192 2.000000000 2
184 588 3 8192 2.000000000 2
184 668 3 8192 2.000000000 2
184 704 3 8192 2.000000000 2
184 740 3 8192 2.000000000 2
184 752 3 8192 2.000000000 2
184 756 3 8192 2.000000000 2
184 800 3 8192 2.000000000 2
184 808 3 8192 2.000000000 2
184 872 3 8192 2.000000000 2
184 876 3 8192 2.000000000 2
184 884 3 8192 2.000000000 2
184 892 3 8192 2.000000000 2
184 904 3 8192 2.000000000 2
184 908 3 8192 2.000000000 2
184 928 3 8192 2.000000000 2
184 936 3 8192 2.000000000 2
184 960 3 8192 2.000000000 2
184 964 3 8192 2.000000000 2
184 1004 3 8192 2.000000000 2
184 1040 3 8192 2.000000000 2
184 1048 3 8192 2.000000000 2
184 1068 3 8192 2.000000000 2
184 1080 3 8192 2.000000000 2
184 1084 3 8192 2.000000000 2
184 1100 3 8192 2.000000000 2
184 1148 3 8192 2.000000000 2
184 1184 3 8192 2.000000000 2
184 1204 3 8192 2.000000000 2
184 1236 3 8192 2.000000000 2
184 1276 3 8192 2.000000000 2
192 8 3 8192 2.000000000 2
192 48 3 8192 2.000000000 2
192 88 3 8192 2.000000000 2
192 116 3 8192 2.000000000 2
192 120 3 8192 2.000000000 2
192 128 3 8192 2.000000000 2
192 132 3 8192 2.000000000 2
192 140 3 8192 2.000000000 2
192 156 3 8192 2.000000000 2
192 176 3 8192 2.000000000 2
192 184 3 8192 2.000000000 2
192 220 3 8192 2.000000000 2
192 236 3 8192 2.000000000 2
192 244 3 8192 2.000000000 2
192 248 3 8192 2.000000000 2
192 264 3 8192 2.000000000 2
192 276 3 8192 2.000000000 2
192 280 3 8192 2.000000000 2
192 332 3 8192 2.000000000 2
192 356 3 8192 2.000000000 2
192 388 3 8192 2.000000000 2
192 392 3 8192 2.000000000 2
192 424 3 8192 2.000000000 2
192 428 3 8192 2.000000000 2
192 460 3 8192 2.000000000 2
192 464 3 8192 2.000000000 2
192 500 3 8192 2.000000000 2
192 512 3 8192 2.000000000 2
192 572 3 8192 2.000000000 2
192 600 3 8192 2.000000000 2
192 624 3 8192 2.000000000 2
192 644 3 8192 2.000000000 2
192 660 3 8192 2.000000000 2
192 664 3 8192 2.000000000 2
192 696 3 8192 2.000000000 2
192 704 3 8192 2.000000000 2
192 724 3 8192 2.000000000 2
192 752 3 8192 2.000000000 2
192 784 3 8192 2.000000000 2
192 792 3 8192 2.000000000 2
192 800 3 8192 2.000000000 2
192 828 3 8192 2.000000000 2
192 864 3 8192 2.000000000 2
192 876 3 8192 2.000000000 2
192 884 3 8192 2.000000000 2
192 904 3 8192 2.000000000 2
192 948 3 8192 2.000000000 2
192 988 3 8192 2.000000000 2
192 1000 3 8192 2.000000000 2
192 1028 3 8192 2.000000000 2
192 1032 3 8192 2.000000000 2
192 1056 3 8192 2.000000000 2
192 1080 3 8192 2.000000000 2
192 1084 3 8192 2.000000000 2
192 1112 3 8192 2.000000000 2
192 1116 3 8192 2.000000000 2
192 1120 3 8192 2.000000000 2
192 1144 3 8192 2.000000000 2
192 1156 3 8192 2.000000000 2
192 1172 3 8192 2.000000000 2
192 1184 3 8192 2.000000000 2
192 1200 3 8192 2.000000000 2
192 1252 3 8192 2.000000000 2
192 1260 3 8192 2.000000000 2
196 8 3 8192 2.000000000 2
196 24 3 8192 2.000000000 2
196 32 3 8192 2.000000000 2
196 36 3 8192 2.000000000 2
196 64 3 8192 2.000000000 2
196 128 3 8192 2.000000000 2
196 140 3 8192 2.000000000 2
196 152 3 8192 2.000000000 2
196 160 3 8192 2.000000000 2
196 168 3 8192 2.000000000 2
196 172 3 8192 2.000000000 2
196 176 3 8192 2.000000000 2
196 192 3 8192 2.000000000 2
196 232 3 8192 2.000000000 2
196 240 3 8192 2.000000000 2
196 300 3 8192 2.000000000 2
196 364 3 8192 2.000000000 2
196 380 3 8192 2.000000000 2
196 400 3 8192 2.000000000 2
196 408 3 8192 2.000000000 2
196 424 3 8192 2.000000000 2
196 440 3 8192 2.000000000 2
196 456 3 8192 2.000000000 2
196 476 3 8192 2.000000000 2
196 480 3 8192 2.000000000 2
196 484 3 8192 2.000000000 2
196 556 3 8192 2.000000000 2
196 560 3 8192 2.000000000 2
196 564 3 8192 2.000000000 2
196 664 3 8192 2.000000000 2
196 672 3 8192 2.000000000 2
196 684 3 8192 2.000000000 2
196 696 3 8192 2.000000000 2
196 708 3 8192 2.000000000 2
196 724 3 8192 2.000000000 2
196 736 3 8192 2.000000000 2
196 740 3 8192 2.000000000 2
196 748 3 8192 2.000000000 2
196 800 3 8192 2.000000000 2
196 812 3 8192 2.000000000 2
196 824 3 8192 2.000000000 2
196 884 3 8192 2.000000000 2
196 892 3 8192 2.000000000 2
196 912 3 8192 2.000000000 2
196 928 3 8192 2.000000000 2
196 932 3 8192 2.000000000 2
196 944 3 8192 2.000000000 2
196 948 3 8192 2.000000000 2
196 968 3 8192 2.000000000 2
196 976 3 8192 2.000000000 2
196 996 3 8192 2.000000000 2
196 1000 3 8192 2.000000000 2
196 1004 3 8192 2.000000000 2
196 1056 3 8192 2.000000000 2
196 1068 3 8192 2.000000000 2
196 1076 3 8192 2.000000000 2
196 1080 3 8192 2.000000000 2
196 1108 3 8192 2.000000000 2
196 1112 3 8192 2.000000000 2
196 1200 3 8192 2.000000000 2
196 1220 3 8192 2.000000000 2
196 1248 3 8192 2.000000000 2
196 1256 3 8192 2.000000000 2
196 1276 3 8192 2.000000000 2
200 0 3 8192 2.000000000 2
200 28 3 8192 2.000000000 2
200 32 3 8192 2.000000000 2
200 52 3 8192 2.000000000 2
200 120 3 8192 2.000000000 2
200 156 3 8192 2.000000000 2
200 164 3 8192 2.000000000 2
200 172 3 8192 2.000000000 2
200 176 3 8192 2.000000000 2
200 184 3 8192 2.000000000 2
200 208 3 8192 2.000000000 2
200 212 3 8192 2.000000000 2
200 216 3 8192 2.000000000 2
200 248 3 8192 2.000000000 2
200 276 3 8192 2.000000000 2
200 296 3 8192 2.000000000 2
200 316 3 8192 2.000000000 2
200 332 3 8192 2.000000000 2
200 348 3 8192 2.000000000 2
200 420 3 8192 2.000000000 2
200 428 3 8192 2.000000000 2
200 444 3 8192 2.000000000 2
200 452 3 8192 2.000000000 2
200 472 3 8192 2.000000000 2
200 476 3 8192 2.000000000 2
200 484 3 8192 2.000000000 2
200 492 3 8192 2.000000000 2
200 516 3 8192 2.000000000 2
200 520 3 8192 2.000000000 2
200 536 3 8192 2.000000000 2
200 540 3 8192 2.000000000 2
200 572 3 8192 2.000000000 2
200 588 3 8192 2.000000000 2
200 644 3 8192 2.000000000 2
200 664 3 8192 2.000000000 2
200 696 3 8192 2.000000000 2
200 700 3 8192 2.000000000 2
200 704 3 8192 2.000000000 2
200 732 3 8192 2.000000000 2
200 776 3 8192 2.000000000 2
200 784 3 8192 2.000000000 2
200 848 3 8192 2.000000000 2
200 860 3 8192 2.000000000 2
200 900 3 8192 2.000000000 2
200 908 3 8192 2.000000000 2
200 912 3 8192 2.000000000 2
200 936 3 8192 2.000000000 2
200 980 3 8192 2.000000000 2
200 984 3 8192 2.000000000 2
200 996 3 8192 2.000000000 2
200 1052 3 8192 2.000000000 2
200 1108 3 8192 2.000000000 2
200 1128 3 8192 2.000000000 2
200 1144 3 8192 2.000000000 2
200 1180 3 8192 2.000000000 2
200 1200 3 8192 2.000000000 2
200 1204 3 8192 2.000000000 2
200 1224 3 8192 2.000000000 2
200 1236 3 8192 2.000000000 2
200 1248 3 8192 2.000000000 2
200 1252 3 8192 2.000000000 2
200 1256 3 8192 2.000000000 2
200 1260 3 8192 2.000000000 2
200 1264 3 8192 2.000000000 2
208 0 3 8192 2.000000000 2
208 12 3 8192 2.000000000 2
208 20 3 8192 2.000000000 2
208 24 3 8192 2.000000000 2
208 92 3 8192 2.000000000 2
208 124 3 8192 2.000000000 2
208 132 3 8192 2.000000000 2
208 156 3 8192 2.000000000 2
208 172 3 8192 2.000000000 2
208 184 3 8192 2.000000000 2
208 236 3 8192 2.000000000 2
208 264 3 8192 2.000000000 2
208 280 3 8192 2.000000000 2
208 292 3 8192 2.000000000 2
208 312 3 8192 2.000000000 2
208 328 3 8192 2.000000000 2
208 344 3 8192 2.000000000 2
208 392 3 8192 2.000000000 2
208 408 3 8192 2.000000000 2
208 428 3 8192 2.000000000 2
208 440 3 8192 2.000000000 2
208 452 3 8192 2.000000000 2
208 456 3 8192 2.000000000 2
208 476 3 8192 2.000000000 2
208 484 3 8192 2.000000000 2
208 488 3 8192 2.000000000 2
208 496 3 8192 2.000000000 2
208 504 3 8192 2.000000000 2
208 524 3 8192 2.000000000 2
208 532 3 8192 2.000000000 2
208 540 3 8192 2.000000000 2
208 548 3 8192 2.000000000 2
208 564 3 8192 2.000000000 2
208 584 3 8192 2.000000000 2
208 612 3 8192 2.000000000 2
208 636 3 8192 2.000000000 2
208 640 3 8192 2.000000000 2
208 656 3 8192 2.000000000 2
208 708 3 8192 2.000000000 2
208 720 3 8192 2.000000000 2
208 752 3 8192 2.000000000 2
208 760 3 8192 2.000000000 2
208 796 3 8192 2.000000000 2
208 800 3 8192 2.000000000 2
208 808 3 8192 2.000000000 2
208 924 3 8192 2.000000000 2
208 932 3 8192 2.000000000 2
208 956 3 8192 2.000000000 2
208 964 3 8192 2.000000000 2
208 968 3 8192 2.000000000 2
208 976 3 8192 2.000000000 2
208 984 3 8192 2.000000000 2
208 996 3 8192 2.000000000 2
208 1000 3 8192 2.000000000 2
208 1016 3 8192 2.000000000 2
208 1052 3 8192 2.000000000 2
208 1080 3 8192 2.000000000 2
208 1088 3 8192 2.000000000 2
208 1120 3 8192 2.000000000 2
208 1144 3 8192 2.000000000 2
208 1168 3 8192 2.000000000 2
208 1204 3 8192 2.000000000 2
208 1224 3 8192 2.000000000 2
208 1256 3 8192 2.000000000 2
212 12 3 8192 2.000000000 2
212 16 3 8192 2.000000000 2
212 36 3 8192 2.000000000 2
212 48 3 8192 2.000000000 2
212 68 3 8192 2.000000000 2
212 72 3 8192 2.000000000 2
212 88 3 8192 2.000000000 2
212 140 3 8192 2.000000000 2
212 184 3 8192 2.000000000 2
212 244 3 8192 2.000000000 2
212 252 3 8192 2.000000000 2
212 280 3 8192 2.000000000 2
212 284 3 8192 2.000000000 2
212 292 3 8192 2.000000000 2
212 324 3 8192 2.000000000 2
212 328 3 8192 2.000000000 2
212 332 3 8192 2.000000000 2
212 348 3 8192 2.000000000 2
212 360 3 8192 2.000000000 2
212 428 3 8192 2.000000000 2
212 440 3 8192 2.000000000 2
212 448 3 8192 2.000000000 2
212 488 3 8192 2.000000000 2
212 496 3 8192 2.000000000 2
212 504 3 8192 2.000000000 2
212 520 3 8192 2.000000000 2
212 524 3 8192 2.000000000 2
212 532 3 8192 2.000000000 2
212 536 3 8192 2.000000000 2
212 548 3 8192 2.000000000 2
212 588 3 8192 2.000000000 2
212 612 3 8192 2.000000000 2
212 656 3 8192 2.000000000 2
212 660 3 8192 2.000000000 2
212 684 3 8192 2.000000000 2
212 736 3 8192 2.000000000 2
212 748 3 8192 2.000000000 2
212 752 3 8192 2.000000000 2
212 756 3 8192 2.000000000 2
212 772 3 8192 2.000000000 2
212 780 3 8192 2.000000000 2
212 784 3 8192 2.000000000 2
212 792 3 8192 2.000000000 2
212 808 3 8192 2.000000000 2
212 836 3 8192 2.000000000 2
212 848 3 8192 2.000000000 2
212 872 3 8192 2.000000000 2
212 892 3 8192 2.000000000 2
212 924 3 8192 2.000000000 2
212 948 3 8192 2.000000000 2
212 988 3 8192 2.000000000 2
212 1000 3 8192 2.000000000 2
212 1056 3 8192 2.000000000 2
212 1076 3 8192 2.000000000 2
212 1120 3 8192 2.000000000 2
212 1144 3 8192 2.000000000 2
212 1156 3 8192 2.000000000 2
212 1164 3 8192 2.000000000 2
212 1196 3 8192 2.000000000 2
212 1200 3 8192 2.000000000 2
212 1220 3 8192 2.000000000 2
212 1232 3 8192 2.000000000 2
212 1264 3 8192 2.000000000 2
212 1276 3 8192 2.000000000 2
216 0 3 8192 2.000000000 2
216 16 3 8192 2.000000000 2
216 36 3 8192 2.000000000 2
216 92 3 8192 2.000000000 2
216 100 3 8192 2.000000000 2
216 120 3 8192 2.000000000 2
216 124 3 8192 2.000000000 2
216 140 3 8192 2.000000000 2
216 152 3 8192 2.000000000 2
216 176 3 8192 2.000000000 2
216 180 3 8192 2.000000000 2
216 212 3 8192 2.000000000 2
216 236 3 8192 2.000000000 2
216 252 3 8192 2.000000000 2
216 276 3 8192 2.000000000 2
216 280 3 8192 2.000000000 2
216 292 3 8192 2.000000000 2
216 308 3 8192 2.000000000 2
216 348 3 8192 2.000000000 2
216 368 3 8192 2.000000000 2
216 380 3 8192 2.000000000 2
216 412 3 8192 2.000000000 2
216 440 3 8192 2.000000000 2
216 468 3 8192 2.000000000 2
216 472 3 8192 2.000000000 2
216 492 3 8192 2.000000000 2
216 496 3 8192 2.000000000 2
216 528 3 8192 2.000000000 2
216 556 3 8192 2.000000000 2
216 596 3 8192 2.000000000 2
216 608 3 8192 2.000000000 2
216 612 3 8192 2.000000000 2
216 640 3 8192 2.000000000 2
216 656 3 8192 2.000000000 2
216 672 3 8192 2.000000000 2
216 680 3 8192 2.000000000 2
216 700 3 8192 2.000000000 2
216 708 3 8192 2.000000000 2
216 732 3 8192 2.000000000 2
216 740 3 8192 2.000000000 2
216 796 3 8192 2.000000000 2
216 808 3 8192 2.000000000 2
216 824 3 8192 2.000000000 2
216 848 3 8192 2.000000000 2
216 856 3 8192 2.000000000 2
216 864 3 8192 2.000000000 2
216 912 3 8192 2.000000000 2
216 936 3 8192 2.000000000 2
216 940 3 8192 2.000000000 2
216 968 3 8192 2.000000000 2
216 980 3 8192 2.000000000 2
216 1000 3 8192 2.000000000 2
216 1008 3 8192 2.000000000 2
216 1084 3 8192 2.000000000 2
216 1112 3 8192 2.000000000 2
216 1116 3 8192 2.000000000 2
216 1144 3 8192 2.000000000 2
216 1172 3 8192 2.000000000 2
216 1184 3 8192 2.000000000 2
216 1196 3 8192 2.000000000 2
216 1236 3 8192 2.000000000 2
216 1256 3 8192 2.000000000 2
216 1260 3 8192 2.000000000 2
216 1276 3 8192 2.000000000 2
220 28 3 8192 2.000000000 2
220 40 3 8192 2.000000000 2
220 52 3 8192 2.000000000 2
220 56 3 8192 2.000000000 2
220 72 3 8192 2.000000000 2
220 116 3 8192 2.000000000 2
220 120 3 8192 2.000000000 2
220 152 3 8192 2.000000000 2
220 160 3 8192 2.000000000 2
220 196 3 8192 2.000000000 2
220 200 3 8192 2.000000000 2
220 208 3 8192 2.000000000 2
220 236 3 8192 2.000000000 2
220 240 3 8192 2.000000000 2
220 248 3 8192 2.000000000 2
220 308 3 8192 2.000000000 2
220 352 3 8192 2.000000000 2
220 360 3 8192 2.000000000 2
220 392 3 8192 2.000000000 2
220 400 3 8192 2.000000000 2
220 412 3 8192 2.000000000 2
220 484 3 8192 2.000000000 2
220 488 3 8192 2.000000000 2
220 496 3 8192 2.000000000 2
220 500 3 8192 2.000000000 2
220 504 3 8192 2.000000000 2
220 528 3 8192 2.000000000 2
220 532 3 8192 2.000000000 2
220 540 3 8192 2.000000000 2
220 548 3 8192 2.000000000 2
220 568 3 8192 2.000000000 2
220 572 3 8192 2.000000000 2
220 580 3 8192 2.000000000 2
220 596 3 8192 2.000000000 2
220 612 3 8192 2.000000000 2
220 656 3 8192 2.000000000 2
220 684 3 8192 2.000000000 2
220 708 3 8192 2.000000000 2
220 720 3 8192 2.000000000 2
220 744 3 8192 2.000000000 2
220 748 3 8192 2.000000000 2
220 764 3 8192 2.000000000 2
220 792 3 8192 2.000000000 2
220 808 3 8192 2.000000000 2
220 812 3 8192 2.000000000 2
220 856 3 8192 2.000000000 2
220 872 3 8192 2.000000000 2
220 884 3 8192 2.000000000 2
220 932 3 8192 2.000000000 2
220 960 3 8192 2.000000000 2
220 976 3 8192 2.000000000 2
220 984 3 8192 2.000000000 2
220 988 3 8192 2.000000000 2
220 1004 3 8192 2.000000000 2
220 1008 3 8192 2.000000000 2
220 1028 3 8192 2.000000000 2
220 1056 3 8192 2.000000000 2
220 1112 3 8192 2.000000000 2
220 1196 3 8192 2.000000000 2
220 1200 3 8192 2.000000000 2
220 1220 3 8192 2.000000000 2
220 1224 3 8192 2.000000000 2
220 1248 3 8192 2.000000000 2
220 1256 3 8192 2.000000000 2
224 24 3 8192 2.000000000 2
224 32 3 8192 2.000000000 2
224 48 3 8192 2.000000000 2
224 56 3 8192 2.000000000 2
224 68 3 8192 2.000000000 2
224 80 3 8192 2.000000000 2
224 100 3 8192 2.000000000 2
224 240 3 8192 2.000000000 2
224 252 3 8192 2.000000000 2
224 276 3 8192 2.000000000 2
224 292 3 8192 2.000000000 2
224 296 3 8192 2.000000000 2
224 308 3 8192 2.000000000 2
224 312 3 8192 2.000000000 2
224 324 3 8192 2.000000000 2
224 328 3 8192 2.000000000 2
224 380 3 8192 2.000000000 2
224 388 3 8192 2.000000000 2
224 400 3 8192 2.000000000 2
224 404 3 8192 2.000000000 2
224 408 3 8192 2.000000000 2
224 432 3 8192 2.000000000 2
224 448 3 8192 2.000000000 2
224 456 3 8192 2.000000000 2
224 464 3 8192 2.000000000 2
224 468 3 8192 2.000000000 2
224 476 3 8192 2.000000000 2
224 492 3 8192 2.000000000 2
224 504 3 8192 2.000000000 2
224 552 3 8192 2.000000000 2
224 560 3 8192 2.000000000 2
224 612 3 8192 2.000000000 2
224 620 3 8192 2.000000000 2
224 632 3 8192 2.000000000 2
224 636 3 8192 2.000000000 2
224 664 3 8192 2.000000000 2
224 724 3 8192 2.000000000 2
224 732 3 8192 2.000000000 2
224 748 3 8192 2.000000000 2
224 768 3 8192 2.000000000 2
224 772 3 8192 2.000000000 2
224 780 3 8192 2.000000000 2
224 796 3 8192 2.000000000 2
224 816 3 8192 2.000000000 2
224 828 3 8192 2.000000000 2
224 900 3 8192 2.000000000 2
224 924 3 8192 2.000000000 2
224 928 3 8192 2.000000000 2
224 936 3 8192 2.000000000 2
224 956 3 8192 2.000000000 2
224 968 3 8192 2.000000000 2
224 988 3 8192 2.000000000 2
224 1000 3 8192 2.000000000 2
224 1004 3 8192 2.000000000 2
224 1088 3 8192 2.000000000 2
224 1104 3 8192 2.000000000 2
224 1172 3 8192 2.000000000 2
224 1180 3 8192 2.000000000 2
224 1224 3 8192 2.000000000 2
224 1232 3 8192 2.000000000 2
224 1236 3 8192 2.000000000 2
224 1248 3 8192 2.000000000 2
224 1252 3 8192 2.000000000 2
224 1260 3 8192 2.000000000 2
232 0 3 8192 2.000000000 2
232 16 3 8192 2.000000000 2
232 20 3 8192 2.000000000 2
232 44 3 8192 2.000000000 2
232 68 3 8192 2.000000000 2
232 80 3 8192 2.000000000 2
232 100 3 8192 2.000000000 2
232 112 3 8192 2.000000000 2
232 132 3 8192 2.000000000 2
232 140 3 8192 2.000000000 2
232 148 3 8192 2.000000000 2
232 156 3 8192 2.000000000 2
232 164 3 8192 2.000000000 2
232 172 3 8192 2.000000000 2
232 184 3 8192 2.000000000 2
232 208 3 8192 2.000000000 2
232 216 3 8192 2.000000000 2
232 220 3 8192 2.000000000 2
232 240 3 8192 2.000000000 2
232 284 3 8192 2.000000000 2
232 296 3 8192 2.000000000 2
232 320 3 8192 2.000000000 2
232 348 3 8192 2.000000000 2
232 388 3 8192 2.000000000 2
232 404 3 8192 2.000000000 2
232 420 3 8192 2.000000000 2
232 436 3 8192 2.000000000 2
232 444 3 8192 2.000000000 2
232 460 3 8192 2.000000000 2
232 464 3 8192 2.000000000 2
232 520 3 8192 2.000000000 2
232 524 3 8192 2.000000000 2
232 548 3 8192 2.000000000 2
232 568 3 8192 2.000000000 2
232 636 3 8192 2.000000000 2
232 736 3 8192 2.000000000 2
232 760 3 8192 2.000000000 2
232 784 3 8192 2.000000000 2
232 796 3 8192 2.000000000 2
232 804 3 8192 2.000000000 2
232 824 3 8192 2.000000000 2
232 860 3 8192 2.000000000 2
232 900 3 8192 2.000000000 2
232 908 3 8192 2.000000000 2
232 944 3 8192 2.000000000 2
232 956 3 8192 2.000000000 2
232 964 3 8192 2.000000000 2
232 968 3 8192 2.000000000 2
232 976 3 8192 2.000000000 2
232 984 3 8192 2.000000000 2
232 988 3 8192 2.000000000 2
232 1012 3 8192 2.000000000 2
232 1036 3 8192 2.000000000 2
232 1040 3 8192 2.000000000 2
232 1080 3 8192 2.000000000 2
232 1088 3 8192 2.000000000 2
232 1120 3 8192 2.000000000 2
232 1144 3 8192 2.000000000 2
232 1164 3 8192 2.000000000 2
232 1200 3 8192 2.000000000 2
232 1220 3 8192 2.000000000 2
232 1232 3 8192 2.000000000 2
232 1252 3 8192 2.000000000 2
232 1260 3 8192 2.000000000 2
236 40 3 8192 2.000000000 2
236 52 3 8192 2.000000000 2
236 56 3 8192 2.000000000 2
236 68 3 8192 2.000000000 2
236 84 3 8192 2.000000000 2
236 92 3 8192 2.000000000 2
236 144 3 8192 2.000000000 2
236 160 3 8192 2.000000000 2
236 168 3 8192 2.000000000 2
236 192 3 8192 2.000000000 2
236 208 3 8192 2.000000000 2
236 212 3 8192 2.000000000 2
236 224 3 8192 2.000000000 2
236 240 3 8192 2.000000000 2
236 264 3 8192 2.000000000 2
236 280 3 8192 2.000000000 2
236 284 3 8192 2.000000000 2
236 292 3 8192 2.000000000 2
236 300 3 8192 2.000000000 2
236 316 3 8192 2.000000000 2
236 352 3 8192 2.000000000 2
236 380 3 8192 2.000000000 2
236 420 3 8192 2.000000000 2
236 432 3 8192 2.000000000 2
236 444 3 8192 2.000000000 2
236 480 3 8192 2.000000000 2
236 492 3 8192 2.000000000 2
236 504 3 8192 2.000000000 2
236 516 3 8192 2.000000000 2
236 524 3 8192 2.000000000 2
236 528 3 8192 2.000000000 2
236 532 3 8192 2.000000000 2
236 548 3 8192 2.000000000 2
236 552 3 8192 2.000000000 2
236 584 3 8192 2.000000000 2
236 588 3 8192 2.000000000 2
236 596 3 8192 2.000000000 2
236 600 3 8192 2.000000000 2
236 608 3 8192 2.000000000 2
236 632 3 8192 2.000000000 2
236 644 3 8192 2.000000000 2
236 684 3 8192 2.000000000 2
236 772 3 8192 2.000000000 2
236 784 3 8192 2.000000000 2
236 812 3 8192 2.000000000 2
236 816 3 8192 2.000000000 2
236 864 3 8192 2.000000000 2
236 884 3 8192 2.000000000 2
236 900 3 8192 2.000000000 2
236 912 3 8192 2.000000000 2
236 928 3 8192 2.000000000 2
236 956 3 8192 2.000000000 2
236 976 3 8192 2.000000000 2
236 1004 3 8192 2.000000000 2
236 1052 3 8192 2.000000000 2
236 1068 3 8192 2.000000000 2
236 1108 3 8192 2.000000000 2
236 1112 3 8192 2.000000000 2
236 1128 3 8192 2.000000000 2
236 1144 3 8192 2.000000000 2
236 1224 3 8192 2.000000000 2
236 1244 3 8192 2.000000000 2
236 1264 3 8192 2.000000000 2
236 1276 3 8192 2.000000000 2
240 16 3 8192 2.000000000 2
240 36 3 8192 2.000000000 2
240 52 3 8192 2.000000000 2
240 56 3 8192 2.000000000 2
240 84 3 8192 2.000000000 2
240 144 3 8192 2.000000000 2
240 196 3 8192 2.000000000 2
240 200 3 8192 2.000000000 2
240 224 3 8192 2.000000000 2
240 232 3 8192 2.000000000 2
240 236 3 8192 2.000000000 2
240 244 3 8192 2.000000000 2
240 252 3 8192 2.000000000 2
240 316 3 8192 2.000000000 2
240 364 3 8192 2.000000000 2
240 368 3 8192 2.000000000 2
240 380 3 8192 2.000000000 2
240 392 3 8192 2.000000000 2
240 400 3 8192 2.000000000 2
240 412 3 8192 2.000000000 2
240 420 3 8192 2.000000000 2
240 424 3 8192 2.000000000 2
240 428 3 8192 2.000000000 2
240 436 3 8192 2.000000000 2
240 472 3 8192 2.000000000 2
240 488 3 8192 2.000000000 2
240 520 3 8192 2.000000000 2
240 528 3 8192 2.000000000 2
240 588 3 8192 2.000000000 2
240 596 3 8192 2.000000000 2
240 600 3 8192 2.000000000 2
240 640 3 8192 2.000000000 2
240 664 3 8192 2.000000000 2
240 668 3 8192 2.000000000 2
240 700 3 8192 2.000000000 2
240 720 3 8192 2.000000000 2
240 732 3 8192 2.000000000 2
240 740 3 8192 2.000000000 2
240 748 3 8192 2.000000000 2
240 752 3 8192 2.000000000 2
240 760 3 8192 2.000000000 2
240 772 3 8192 2.000000000 2
240 776 3 8192 2.000000000 2
240 836 3 8192 2.000000000 2
240 860 3 8192 2.000000000 2
240 876 3 8192 2.000000000 2
240 884 3 8192 2.000000000 2
240 892 3 8192 2.000000000 2
240 900 3 8192 2.000000000 2
240 904 3 8192 2.000000000 2
240 944 3 8192 2.000000000 2
240 988 3 8192 2.000000000 2
240 996 3 8192 2.000000000 2
240 1020 3 8192 2.000000000 2
240 1028 3 8192 2.000000000 2
240 1100 3 8192 2.000000000 2
240 1104 3 8192 2.000000000 2
240 1116 3 8192 2.000000000 2
240 1120 3 8192 2.000000000 2
240 1180 3 8192 2.000000000 2
240 1184 3 8192 2.000000000 2
240 1200 3 8192 2.000000000 2
240 1260 3 8192 2.000000000 2
240 1272 3 8192 2.000000000 2
244 0 3 8192 2.000000000 2
244 12 3 8192 2.000000000 2
244 16 3 8192 2.000000000 2
244 20 3 8192 2.000000000 2
244 28 3 8192 2.000000000 2
244 32 3 8192 2.000000000 2
244 36 3 8192 2.000000000 2
244 88 3 8192 2.000000000 2
244 100 3 8192 2.000000000 2
244 108 3 8192 2.000000000 2
244 112 3 8192 2.000000000 2
244 144 3 8192 2.000000000 2
244 180 3 8192 2.000000000 2
244 212 3 8192 2.000000000 2
244 296 3 8192 2.000000000 2
244 304 3 8192 2.000000000 2
244 328 3 8192 2.000000000 2
244 356 3 8192 2.000000000 2
244 380 3 8192 2.000000000 2
244 392 3 8192 2.000000000 2
244 404 3 8192 2.000000000 2
244 408 3 8192 2.000000000 2
244 412 3 8192 2.000000000 2
244 420 3 8192 2.000000000 2
244 440 3 8192 2.000000000 2
244 460 3 8192 2.000000000 2
244 476 3 8192 2.000000000 2
244 484 3 8192 2.000000000 2
244 492 3 8192 2.000000000 2
244 500 3 8192 2.000000000 2
244 504 3 8192 2.000000000 2
244 528 3 8192 2.000000000 2
244 536 3 8192 2.000000000 2
244 552 3 8192 2.000000000 2
244 580 3 8192 2.000000000 2
244 596 3 8192 2.000000000 2
244 600 3 8192 2.000000000 2
244 620 3 8192 2.000000000 2
244 640 3 8192 2.000000000 2
244 648 3 8192 2.000000000 2
244 700 3 8192 2.000000000 2
244 744 3 8192 2.000000000 2
244 748 3 8192 2.000000000 2
244 752 3 8192 2.000000000 2
244 796 3 8192 2.000000000 2
244 804 3 8192 2.000000000 2
244 876 3 8192 2.000000000 2
244 904 3 8192 2.000000000 2
244 932 3 8192 2.000000000 2
244 960 3 8192 2.000000000 2
244 980 3 8192 2.000000000 2
244 1020 3 8192 2.000000000 2
244 1028 3 8192 2.000000000 2
244 1040 3 8192 2.000000000 2
244 1076 3 8192 2.000000000 2
244 1108 3 8192 2.000000000 2
244 1120 3 8192 2.000000000 2
244 1148 3 8192 2.000000000 2
244 1172 3 8192 2.000000000 2
244 1204 3 8192 2.000000000 2
244 1220 3 8192 2.000000000 2
244 1252 3 8192 2.000000000 2
244 1260 3 8192 2.000000000 2
244 1276 3 8192 2.000000000 2
248 0 3 8192 2.000000000 2
248 8 3 8192 2.000000000 2
248 20 3 8192 2.000000000 2
248 36 3 8192 2.000000000 2
248 52 3 8192 2.000000000 2
248 72 3 8192 2.000000000 2
248 80 3 8192 2.000000000 2
248 152 3 8192 2.000000000 2
248 160 3 8192 2.000000000 2
248 180 3 8192 2.000000000 2
248 212 3 8192 2.000000000 2
248 224 3 8192 2.000000000 2
248 236 3 8192 2.000000000 2
248 280 3 8192 2.000000000 2
248 284 3 8192 2.000000000 2
248 292 3 8192 2.000000000 2
248 316 3 8192 2.000000000 2
248 356 3 8192 2.000000000 2
248 388 3 8192 2.000000000 2
248 408 3 8192 2.000000000 2
248 420 3 8192 2.000000000 2
248 468 3 8192 2.000000000 2
248 476 3 8192 2.000000000 2
248 488 3 8192 2.000000000 2
248 516 3 8192 2.000000000 2
248 536 3 8192 2.000000000 2
248 548 3 8192 2.000000000 2
248 564 3 8192 2.000000000 2
248 568 3 8192 2.000000000 2
248 608 3 8192 2.000000000 2
248 620 3 8192 2.000000000 2
248 624 3 8192 2.000000000 2
248 640 3 8192 2.000000000 2
248 644 3 8192 2.000000000 2
248 648 3 8192 2.000000000 2
248 672 3 8192 2.000000000 2
248 696 3 8192 2.000000000 2
248 708 3 8192 2.000000000 2
248 736 3 8192 2.000000000 2
248 740 3 8192 2.000000000 2
248 752 3 8192 2.000000000 2
248 756 3 8192 2.000000000 2
248 760 3 8192 2.000000000 2
248 776 3 8192 2.000000000 2
248 808 3 8192 2.000000000 2
248 812 3 8192 2.000000000 2
248 832 3 8192 2.000000000 2
248 876 3 8192 2.000000000 2
248 940 3 8192 2.000000000 2
248 948 3 8192 2.000000000 2
248 956 3 8192 2.000000000 2
248 960 3 8192 2.000000000 2
248 984 3 8192 2.000000000 2
248 1000 3 8192 2.000000000 2
248 1016 3 8192 2.000000000 2
248 1048 3 8192 2.000000000 2
248 1052 3 8192 2.000000000 2
248 1080 3 8192 2.000000000 2
248 1092 3 8192 2.000000000 2
248 1104 3 8192 2.000000000 2
248 1128 3 8192 2.000000000 2
248 1220 3 8192 2.000000000 2
248 1224 3 8192 2.000000000 2
248 1256 3 8192 2.000000000 2
252 0 3 8192 2.000000000 2
252 44 3 8192 2.000000000 2
252 48 3 8192 2.000000000 2
252 64 3 8192 2.000000000 2
252 132 3 8192 2.000000000 2
252 140 3 8192 2.000000000 2
252 144 3 8192 2.000000000 2
252 152 3 8192 2.000000000 2
252 164 3 8192 2.000000000 2
252 176 3 8192 2.000000000 2
252 240 3 8192 2.000000000 2
252 284 3 8192 2.000000000 2
252 292 3 8192 2.000000000 2
252 304 3 8192 2.000000000 2
252 312 3 8192 2.000000000 2
252 392 3 8192 2.000000000 2
252 424 3 8192 2.000000000 2
252 448 3 8192 2.000000000 2
252 468 3 8192 2.000000000 2
252 476 3 8192 2.000000000 2
252 480 3 8192 2.000000000 2
252 500 3 8192 2.000000000 2
252 552 3 8192 2.000000000 2
252 572 3 8192 2.000000000 2
252 596 3 8192 2.000000000 2
252 600 3 8192 2.000000000 2
252 608 3 8192 2.000000000 2
252 624 3 8192 2.000000000 2
252 632 3 8192 2.000000000 2
252 724 3 8192 2.000000000 2
252 732 3 8192 2.000000000 2
252 740 3 8192 2.000000000 2
252 772 3 8192 2.000000000 2
252 776 3 8192 2.000000000 2
252 796 3 8192 2.000000000 2
252 812 3 8192 2.000000000 2
252 828 3 8192 2.000000000 2
252 832 3 8192 2.000000000 2
252 836 3 8192 2.000000000 2
252 856 3 8192 2.000000000 2
252 860 3 8192 2.000000000 2
252 892 3 8192 2.000000000 2
252 900 3 8192 2.000000000 2
252 904 3 8192 2.000000000 2
252 936 3 8192 2.000000000 2
252 944 3 8192 2.000000000 2
252 960 3 8192 2.000000000 2
252 968 3 8192 2.000000000 2
252 996 3 8192 2.000000000 2
252 1004 3 8192 2.000000000 2
252 1008 3 8192 2.000000000 2
252 1012 3 8192 2.000000000 2
252 1016 3 8192 2.000000000 2
252 1032 3 8192 2.000000000 2
252 1052 3 8192 2.000000000 2
252 1068 3 8192 2.000000000 2
252 1104 3 8192 2.000000000 2
252 1112 3 8192 2.000000000 2
252 1172 3 8192 2.000000000 2
252 1180 3 8192 2.000000000 2
252 1220 3 8192 2.000000000 2
252 1232 3 8192 2.000000000 2
252 1260 3 8192 2.000000000 2
252 1276 3 8192 2.000000000 2
264 0 3 8192 2.000000000 2
264 4 3 8192 2.000000000 2
264 16 3 8192 2.000000000 2
264 32 3 8192 2.000000000 2
264 36 3 8192 2.000000000 2
264 44 3 8192 2.000000000 2
264 56 3 8192 2.000000000 2
264 148 3 8192 2.000000000 2
264 156 3 8192 2.000000000 2
264 176 3 8192 2.000000000 2
264 192 3 8192 2.000000000 2
264 200 3 8192 2.000000000 2
264 216 3 8192 2.000000000 2
264 224 3 8192 2.000000000 2
264 232 3 8192 2.000000000 2
264 240 3 8192 2.000000000 2
264 244 3 8192 2.000000000 2
264 252 3 8192 2.000000000 2
264 276 3 8192 2.000000000 2
264 292 3 8192 2.000000000 2
264 296 3 8192 2.000000000 2
264 312 3 8192 2.000000000 2
264 324 3 8192 2.000000000 2
264 332 3 8192 2.000000000 2
264 344 3 8192 2.000000000 2
264 364 3 8192 2.000000000 2
264 380 3 8192 2.000000000 2
264 420 3 8192 2.000000000 2
264 440 3 8192 2.000000000 2
264 444 3 8192 2.000000000 2
264 472 3 8192 2.000000000 2
264 532 3 8192 2.000000000 2
264 588 3 8192 2.000000000 2
264 620 3 8192 2.000000000 2
264 644 3 8192 2.000000000 2
264 668 3 8192 2.000000000 2
264 708 3 8192 2.000000000 2
264 724 3 8192 2.000000000 2
264 744 3 8192 2.000000000 2
264 764 3 8192 2.000000000 2
264 780 3 8192 2.000000000 2
264 800 3 8192 2.000000000 2
264 804 3 8192 2.000000000 2
264 836 3 8192 2.000000000 2
264 864 3 8192 2.000000000 2
264 876 3 8192 2.000000000 2
264 888 3 8192 2.000000000 2
264 892 3 8192 2.000000000 2
264 924 3 8192 2.000000000 2
264 960 3 8192 2.000000000 2
264 968 3 8192 2.000000000 2
264 976 3 8192 2.000000000 2
264 980 3 8192 2.000000000 2
264 996 3 8192 2.000000000 2
264 1012 3 8192 2.000000000 2
264 1088 3 8192 2.000000000 2
264 1092 3 8192 2.000000000 2
264 1128 3 8192 2.000000000 2
264 1148 3 8192 2.000000000 2
264 1184 3 8192 2.000000000 2
264 1196 3 8192 2.000000000 2
264 1204 3 8192 2.000000000 2
264 1232 3 8192 2.000000000 2
264 1276 3 8192 2.000000000 2
272 24 3 8192 2.000000000 2
272 36 3 8192 2.000000000 2
272 44 3 8192 2.000000000 2
272 64 3 8192 2.000000000 2
272 84 3 8192 2.000000000 2
272 88 3 8192 2.000000000 2
272 96 3 8192 2.000000000 2
272 108 3 8192 2.000000000 2
272 196 3 8192 2.000000000 2
272 208 3 8192 2.000000000 2
272 224 3 8192 2.000000000 2
272 248 3 8192 2.000000000 2
272 264 3 8192 2.000000000 2
272 312 3 8192 2.000000000 2
272 320 3 8192 2.000000000 2
272 356 3 8192 2.000000000 2
272 364 3 8192 2.000000000 2
272 392 3 8192 2.000000000 2
272 400 3 8192 2.000000000 2
272 408 3 8192 2.000000000 2
272 428 3 8192 2.000000000 2
272 448 3 8192 2.000000000 2
272 452 3 8192 2.000000000 2
272 472 3 8192 2.000000000 2
272 480 3 8192 2.000000000 2
272 484 3 8192 2.000000000 2
272 488 3 8192 2.000000000 2
272 492 3 8192 2.000000000 2
272 512 3 8192 2.000000000 2
272 520 3 8192 2.000000000 2
272 532 3 8192 2.000000000 2
272 536 3 8192 2.000000000 2
272 552 3 8192 2.000000000 2
272 580 3 8192 2.000000000 2
272 588 3 8192 2.000000000 2
272 644 3 8192 2.000000000 2
272 656 3 8192 2.000000000 2
272 708 3 8192 2.000000000 2
272 716 3 8192 2.000000000 2
272 736 3 8192 2.000000000 2
272 772 3 8192 2.000000000 2
272 776 3 8192 2.000000000 2
272 800 3 8192 2.000000000 2
272 872 3 8192 2.000000000 2
272 892 3 8192 2.000000000 2
272 912 3 8192 2.000000000 2
272 928 3 8192 2.000000000 2
272 976 3 8192 2.000000000 2
272 1000 3 8192 2.000000000 2
272 1008 3 8192 2.000000000 2
272 1032 3 8192 2.000000000 2
272 1040 3 8192 2.000000000 2
272 1056 3 8192 2.000000000 2
272 1088 3 8192 2.000000000 2
272 1092 3 8192 2.000000000 2
272 1104 3 8192 2.000000000 2
272 1116 3 8192 2.000000000 2
272 1156 3 8192 2.000000000 2
272 1168 3 8192 2.000000000 2
272 1172 3 8192 2.000000000 2
272 1244 3 8192 2.000000000 2
272 1252 3 8192 2.000000000 2
272 1256 3 8192 2.000000000 2
272 1276 3 8192 2.000000000 2
276 4 3 8192 2.000000000 2
276 32 3 8192 2.000000000 2
276 36 3 8192 2.000000000 2
276 48 3 8192 2.000000000 2
276 88 3 8192 2.000000000 2
276 112 3 8192 2.000000000 2
276 156 3 8192 2.000000000 2
276 160 3 8192 2.000000000 2
276 164 3 8192 2.000000000 2
276 172 3 8192 2.000000000 2
276 208 3 8192 2.000000000 2
276 216 3 8192 2.000000000 2
276 244 3 8192 2.000000000 2
276 272 3 8192 2.000000000 2
276 280 3 8192 2.000000000 2
276 292 3 8192 2.000000000 2
276 304 3 8192 2.000000000 2
276 308 3 8192 2.000000000 2
276 316 3 8192 2.000000000 2
276 320 3 8192 2.000000000 2
276 332 3 8192 2.000000000 2
276 408 3 8192 2.000000000 2
276 444 3 8192 2.000000000 2
276 472 3 8192 2.000000000 2
276 500 3 8192 2.000000000 2
276 512 3 8192 2.000000000 2
276 532 3 8192 2.000000000 2
276 580 3 8192 2.000000000 2
276 600 3 8192 2.000000000 2
276 656 3 8192 2.000000000 2
276 704 3 8192 2.000000000 2
276 708 3 8192 2.000000000 2
276 720 3 8192 2.000000000 2
276 732 3 8192 2.000000000 2
276 744 3 8192 2.000000000 2
276 768 3 8192 2.000000000 2
276 784 3 8192 2.000000000 2
276 812 3 8192 2.000000000 2
276 832 3 8192 2.000000000 2
276 900 3 8192 2.000000000 2
276 908 3 8192 2.000000000 2
276 912 3 8192 2.000000000 2
276 924 3 8192 2.000000000 2
276 928 3 8192 2.000000000 2
276 936 3 8192 2.000000000 2
276 956 3 8192 2.000000000 2
276 968 3 8192 2.000000000 2
276 988 3 8192 2.000000000 2
276 1004 3 8192 2.000000000 2
276 1012 3 8192 2.000000000 2
276 1016 3 8192 2.000000000 2
276 1028 3 8192 2.000000000 2
276 1032 3 8192 2.000000000 2
276 1056 3 8192 2.000000000 2
276 1068 3 8192 2.000000000 2
276 1076 3 8192 2.000000000 2
276 1080 3 8192 2.000000000 2
276 1120 3 8192 2.000000000 2
276 1128 3 8192 2.000000000 2
276 1148 3 8192 2.000000000 2
276 1164 3 8192 2.000000000 2
276 1220 3 8192 2.000000000 2
276 1252 3 8192 2.000000000 2
276 1272 3 8192 2.000000000 2
280 0 3 8192 2.000000000 2
280 4 3 8192 2.000000000 2
280 44 3 8192 2.000000000 2
280 60 3 8192 2.000000000 2
280 72 3 8192 2.000000000 2
280 84 3 8192 2.000000000 2
280 116 3 8192 2.000000000 2
280 140 3 8192 2.000000000 2
280 144 3 8192 2.000000000 2
280 164 3 8192 2.000000000 2
280 252 3 8192 2.000000000 2
280 272 3 8192 2.000000000 2
280 276 3 8192 2.000000000 2
280 292 3 8192 2.000000000 2
280 300 3 8192 2.000000000 2
280 316 3 8192 2.000000000 2
280 388 3 8192 2.000000000 2
280 392 3 8192 2.000000000 2
280 408 3 8192 2.000000000 2
280 412 3 8192 2.000000000 2
280 464 3 8192 2.000000000 2
280 484 3 8192 2.000000000 2
280 504 3 8192 2.000000000 2
280 512 3 8192 2.000000000 2
280 528 3 8192 2.000000000 2
280 532 3 8192 2.000000000 2
280 560 3 8192 2.000000000 2
280 568 3 8192 2.000000000 2
280 572 3 8192 2.000000000 2
280 580 3 8192 2.000000000 2
280 596 3 8192 2.000000000 2
280 608 3 8192 2.000000000 2
280 624 3 8192 2.000000000 2
280 632 3 8192 2.000000000 2
280 640 3 8192 2.000000000 2
280 656 3 8192 2.000000000 2
280 664 3 8192 2.000000000 2
280 684 3 8192 2.000000000 2
280 696 3 8192 2.000000000 2
280 708 3 8192 2.000000000 2
280 716 3 8192 2.000000000 2
280 724 3 8192 2.000000000 2
280 748 3 8192 2.000000000 2
280 760 3 8192 2.000000000 2
280 784 3 8192 2.000000000 2
280 796 3 8192 2.000000000 2
280 800 3 8192 2.000000000 2
280 836 3 8192 2.000000000 2
280 848 3 8192 2.000000000 2
280 856 3 8192 2.000000000 2
280 872 3 8192 2.000000000 2
280 944 3 8192 2.000000000 2
280 984 3 8192 2.000000000 2
280 1016 3 8192 2.000000000 2
280 1020 3 8192 2.000000000 2
280 1028 3 8192 2.000000000 2
280 1032 3 8192 2.000000000 2
280 1052 3 8192 2.000000000 2
280 1084 3 8192 2.000000000 2
280 1092 3 8192 2.000000000 2
280 1104 3 8192 2.000000000 2
280 1172 3 8192 2.000000000 2
280 1184 3 8192 2.000000000 2
280 1244 3 8192 2.000000000 2
284 16 3 8192 2.000000000 2
284 24 3 8192 2.000000000 2
284 60 3 8192 2.000000000 2
284 112 3 8192 2.000000000 2
284 152 3 8192 2.000000000 2
284 160 3 8192 2.000000000 2
284 164 3 8192 2.000000000 2
284 176 3 8192 2.000000000 2
284 180 3 8192 2.000000000 2
284 196 3 8192 2.000000000 2
284 212 3 8192 2.000000000 2
284 264 3 8192 2.000000000 2
284 280 3 8192 2.000000000 2
284 300 3 8192 2.000000000 2
284 308 3 8192 2.000000000 2
284 332 3 8192 2.000000000 2
284 344 3 8192 2.000000000 2
284 380 3 8192 2.000000000 2
284 420 3 8192 2.000000000 2
284 428 3 8192 2.000000000 2
284 436 3 8192 2.000000000 2
284 444 3 8192 2.000000000 2
284 448 3 8192 2.000000000 2
284 468 3 8192 2.000000000 2
284 480 3 8192 2.000000000 2
284 492 3 8192 2.000000000 2
284 512 3 8192 2.000000000 2
284 516 3 8192 2.000000000 2
284 548 3 8192 2.000000000 2
284 552 3 8192 2.000000000 2
284 560 3 8192 2.000000000 2
284 564 3 8192 2.000000000 2
284 572 3 8192 2.000000000 2
284 584 3 8192 2.000000000 2
284 608 3 8192 2.000000000 2
284 612 3 8192 2.000000000 2
284 640 3 8192 2.000000000 2
284 656 3 8192 2.000000000 2
284 684 3 8192 2.000000000 2
284 696 3 8192 2.000000000 2
284 724 3 8192 2.000000000 2
284 732 3 8192 2.000000000 2
284 748 3 8192 2.000000000 2
284 772 3 8192 2.000000000 2
284 776 3 8192 2.000000000 2
284 816 3 8192 2.000000000 2
284 864 3 8192 2.000000000 2
284 872 3 8192 2.000000000 2
284 892 3 8192 2.000000000 2
284 900 3 8192 2.000000000 2
284 912 3 8192 2.000000000 2
284 932 3 8192 2.000000000 2
284 940 3 8192 2.000000000 2
284 964 3 8192 2.000000000 2
284 1016 3 8192 2.000000000 2
284 1048 3 8192 2.000000000 2
284 1068 3 8192 2.000000000 2
284 1116 3 8192 2.000000000 2
284 1120 3 8192 2.000000000 2
284 1168 3 8192 2.000000000 2
284 1224 3 8192 2.000000000 2
284 1232 3 8192 2.000000000 2
284 1248 3 8192 2.000000000 2
284 1264 3 8192 2.000000000 2
292 4 3 8192 2.000000000 2
292 20 3 8192 2.000000000 2
292 48 3 8192 2.000000000 2
292 52 3 8192 2.000000000 2
292 56 3 8192 2.000000000 2
292 68 3 8192 2.000000000 2
292 72 3 8192 2.000000000 2
292 88 3 8192 2.000000000 2
292 112 3 8192 2.000000000 2
292 116 3 8192 2.000000000 2
292 132 3 8192 2.000000000 2
292 184 3 8192 2.000000000 2
292 192 3 8192 2.000000000 2
292 200 3 8192 2.000000000 2
292 220 3 8192 2.000000000 2
292 240 3 8192 2.000000000 2
292 296 3 8192 2.000000000 2
292 300 3 8192 2.000000000 2
292 304 3 8192 2.000000000 2
292 312 3 8192 2.000000000 2
292 360 3 8192 2.000000000 2
292 368 3 8192 2.000000000 2
292 408 3 8192 2.000000000 2
292 424 3 8192 2.000000000 2
292 468 3 8192 2.000000000 2
292 472 3 8192 2.000000000 2
292 500 3 8192 2.000000000 2
292 516 3 8192 2.000000000 2
292 520 3 8192 2.000000000 2
292 532 3 8192 2.000000000 2
292 568 3 8192 2.000000000 2
292 580 3 8192 2.000000000 2
292 632 3 8192 2.000000000 2
292 660 3 8192 2.000000000 2
292 672 3 8192 2.000000000 2
292 680 3 8192 2.000000000 2
292 684 3 8192 2.000000000 2
292 704 3 8192 2.000000000 2
292 720 3 8192 2.000000000 2
292 732 3 8192 2.000000000 2
292 760 3 8192 2.000000000 2
292 764 3 8192 2.000000000 2
292 772 3 8192 2.000000000 2
292 784 3 8192 2.000000000 2
292 812 3 8192 2.000000000 2
292 824 3 8192 2.000000000 2
292 860 3 8192 2.000000000 2
292 864 3 8192 2.000000000 2
292 884 3 8192 2.000000000 2
292 932 3 8192 2.000000000 2
292 936 3 8192 2.000000000 2
292 968 3 8192 2.000000000 2
292 976 3 8192 2.000000000 2
292 996 3 8192 2.000000000 2
292 1084 3 8192 2.000000000 2
292 1088 3 8192 2.000000000 2
292 1092 3 8192 2.000000000 2
292 1116 3 8192 2.000000000 2
292 1172 3 8192 2.000000000 2
292 1184 3 8192 2.000000000 2
292 1196 3 8192 2.000000000 2
292 1200 3 8192 2.000000000 2
292 1220 3 8192 2.000000000 2
292 1252 3 8192 2.000000000 2
296 16 3 8192 2.000000000 2
296 24 3 8192 2.000000000 2
296 32 3 8192 2.000000000 2
296 48 3 8192 2.000000000 2
296 60 3 8192 2.000000000 2
296 72 3 8192 2.000000000 2
296 100 3 8192 2.000000000 2
296 112 3 8192 2.000000000 2
296 116 3 8192 2.000000000 2
296 124 3 8192 2.000000000 2
296 176 3 8192 2.000000000 2
296 216 3 8192 2.000000000 2
296 224 3 8192 2.000000000 2
296 236 3 8192 2.000000000 2
296 240 3 8192 2.000000000 2
296 324 3 8192 2.000000000 2
296 328 3 8192 2.000000000 2
296 344 3 8192 2.000000000 2
296 356 3 8192 2.000000000 2
296 364 3 8192 2.000000000 2
296 392 3 8192 2.000000000 2
296 400 3 8192 2.000000000 2
296 412 3 8192 2.000000000 2
296 428 3 8192 2.000000000 2
296 444 3 8192 2.000000000 2
296 452 3 8192 2.000000000 2
296 464 3 8192 2.000000000 2
296 480 3 8192 2.000000000 2
296 484 3 8192 2.000000000 2
296 504 3 8192 2.000000000 2
296 516 3 8192 2.000000000 2
296 528 3 8192 2.000000000 2
296 536 3 8192 2.000000000 2
296 552 3 8192 2.000000000 2
296 560 3 8192 2.000000000 2
296 600 3 8192 2.000000000 2
296 624 3 8192 2.000000000 2
296 632 3 8192 2.000000000 2
296 636 3 8192 2.000000000 2
296 668 3 8192 2.000000000 2
296 696 3 8192 2.000000000 2
296 716 3 8192 2.000000000 2
296 736 3 8192 2.000000000 2
296 748 3 8192 2.000000000 2
296 768 3 8192 2.000000000 2
296 772 3 8192 2.000000000 2
296 808 3 8192 2.000000000 2
296 816 3 8192 2.000000000 2
296 828 3 8192 2.000000000 2
296 864 3 8192 2.000000000 2
296 928 3 8192 2.000000000 2
296 940 3 8192 2.000000000 2
296 976 3 8192 2.000000000 2
296 988 3 8192 2.000000000 2
296 1008 3 8192 2.000000000 2
296 1012 3 8192 2.000000000 2
296 1048 3 8192 2.000000000 2
296 1052 3 8192 2.000000000 2
296 1108 3 8192 2.000000000 2
296 1144 3 8192 2.000000000 2
296 1180 3 8192 2.000000000 2
296 1248 3 8192 2.000000000 2
296 1252 3 8192 2.000000000 2
296 1276 3 8192 2.000000000 2
300 12 3 8192 2.000000000 2
300 20 3 8192 2.000000000 2
300 64 3 8192 2.000000000 2
300 92 3 8192 2.000000000 2
300 96 3 8192 2.000000000 2
300 148 3 8192 2.000000000 2
300 152 3 8192 2.000000000 2
300 168 3 8192 2.000000000 2
300 216 3 8192 2.000000000 2
300 224 3 8192 2.000000000 2
300 232 3 8192 2.000000000 2
300 236 3 8192 2.000000000 2
300 240 3 8192 2.000000000 2
300 252 3 8192 2.000000000 2
300 280 3 8192 2.000000000 2
300 292 3 8192 2.000000000 2
300 324 3 8192 2.000000000 2
300 348 3 8192 2.000000000 2
300 356 3 8192 2.000000000 2
300 392 3 8192 2.000000000 2
300 400 3 8192 2.000000000 2
300 404 3 8192 2.000000000 2
300 408 3 8192 2.000000000 2
300 412 3 8192 2.000000000 2
300 444 3 8192 2.000000000 2
300 464 3 8192 2.000000000 2
300 472 3 8192 2.000000000 2
300 476 3 8192 2.000000000 2
300 512 3 8192 2.000000000 2
300 536 3 8192 2.000000000 2
300 584 3 8192 2.000000000 2
300 596 3 8192 2.000000000 2
300 640 3 8192 2.000000000 2
300 664 3 8192 2.000000000 2
300 672 3 8192 2.000000000 2
300 708 3 8192 2.000000000 2
300 736 3 8192 2.000000000 2
300 748 3 8192 2.000000000 2
300 796 3 8192 2.000000000 2
300 816 3 8192 2.000000000 2
300 828 3 8192 2.000000000 2
300 832 3 8192 2.000000000 2
300 856 3 8192 2.000000000 2
300 860 3 8192 2.000000000 2
300 872 3 8192 2.000000000 2
300 892 3 8192 2.000000000 2
300 904 3 8192 2.000000000 2
300 908 3 8192 2.000000000 2
300 924 3 8192 2.000000000 2
300 956 3 8192 2.000000000 2
300 980 3 8192 2.000000000 2
300 1000 3 8192 2.000000000 2
300 1036 3 8192 2.000000000 2
300 1040 3 8192 2.000000000 2
300 1092 3 8192 2.000000000 2
300 1104 3 8192 2.000000000 2
300 1112 3 8192 2.000000000 2
300 1128 3 8192 2.000000000 2
300 1144 3 8192 2.000000000 2
300 1148 3 8192 2.000000000 2
300 1164 3 8192 2.000000000 2
300 1180 3 8192 2.000000000 2
300 1220 3 8192 2.000000000 2
300 1248 3 8192 2.000000000 2
304 12 3 8192 2.000000000 2
304 52 3 8192 2.000000000 2
304 72 3 8192 2.000000000 2
304 108 3 8192 2.000000000 2
304 116 3 8192 2.000000000 2
304 156 3 8192 2.000000000 2
304 196 3 8192 2.000000000 2
304 216 3 8192 2.000000000 2
304 220 3 8192 2.000000000 2
304 244 3 8192 2.000000000 2
304 292 3 8192 2.000000000 2
304 300 3 8192 2.000000000 2
304 320 3 8192 2.000000000 2
304 328 3 8192 2.000000000 2
304 352 3 8192 2.000000000 2
304 364 3 8192 2.000000000 2
304 412 3 8192 2.000000000 2
304 436 3 8192 2.000000000 2
304 460 3 8192 2.000000000 2
304 468 3 8192 2.000000000 2
304 480 3 8192 2.000000000 2
304 504 3 8192 2.000000000 2
304 520 3 8192 2.000000000 2
304 528 3 8192 2.000000000 2
304 532 3 8192 2.000000000 2
304 536 3 8192 2.000000000 2
304 548 3 8192 2.000000000 2
304 556 3 8192 2.000000000 2
304 560 3 8192 2.000000000 2
304 608 3 8192 2.000000000 2
304 612 3 8192 2.000000000 2
304 620 3 8192 2.000000000 2
304 644 3 8192 2.000000000 2
304 656 3 8192 2.000000000 2
304 660 3 8192 2.000000000 2
304 680 3 8192 2.000000000 2
304 696 3 8192 2.000000000 2
304 704 3 8192 2.000000000 2
304 708 3 8192 2.000000000 2
304 756 3 8192 2.000000000 2
304 760 3 8192 2.000000000 2
304 796 3 8192 2.000000000 2
304 800 3 8192 2.000000000 2
304 824 3 8192 2.000000000 2
304 836 3 8192 2.000000000 2
304 872 3 8192 2.000000000 2
304 924 3 8192 2.000000000 2
304 928 3 8192 2.000000000 2
304 936 3 8192 2.000000000 2
304 980 3 8192 2.000000000 2
304 984 3 8192 2.000000000 2
304 1004 3 8192 2.000000000 2
304 1020 3 8192 2.000000000 2
304 1028 3 8192 2.000000000 2
304 1036 3 8192 2.000000000 2
304 1056 3 8192 2.000000000 2
304 1112 3 8192 2.000000000 2
304 1120 3 8192 2.000000000 2
304 1172 3 8192 2.000000000 2
304 1180 3 8192 2.000000000 2
304 1220 3 8192 2.000000000 2
304 1248 3 8192 2.000000000 2
304 1260 3 8192 2.000000000 2
304 1272 3 8192 2.000000000 2
308 0 3 8192 2.000000000 2
308 44 3 8192 2.000000000 2
308 48 3 8192 2.000000000 2
308 52 3 8192 2.000000000 2
308 56 3 8192 2.000000000 2
308 60 3 8192 2.000000000 2
308 84 3 8192 2.000000000 2
308 92 3 8192 2.000000000 2
308 100 3 8192 2.000000000 2
308 120 3 8192 2.000000000 2
308 124 3 8192 2.000000000 2
308 144 3 8192 2.000000000 2
308 156 3 8192 2.000000000 2
308 176 3 8192 2.000000000 2
308 200 3 8192 2.000000000 2
308 208 3 8192 2.000000000 2
308 212 3 8192 2.000000000 2
308 264 3 8192 2.000000000 2
308 276 3 8192 2.000000000 2
308 296 3 8192 2.000000000 2
308 300 3 8192 2.000000000 2
308 316 3 8192 2.000000000 2
308 328 3 8192 2.000000000 2
308 332 3 8192 2.000000000 2
308 360 3 8192 2.000000000 2
308 392 3 8192 2.000000000 2
308 408 3 8192 2.000000000 2
308 456 3 8192 2.000000000 2
308 464 3 8192 2.000000000 2
308 512 3 8192 2.000000000 2
308 560 3 8192 2.000000000 2
308 584 3 8192 2.000000000 2
308 636 3 8192 2.000000000 2
308 668 3 8192 2.000000000 2
308 744 3 8192 2.000000000 2
308 752 3 8192 2.000000000 2
308 756 3 8192 2.000000000 2
308 780 3 8192 2.000000000 2
308 804 3 8192 2.000000000 2
308 808 3 8192 2.000000000 2
308 816 3 8192 2.000000000 2
308 828 3 8192 2.000000000 2
308 856 3 8192 2.000000000 2
308 892 3 8192 2.000000000 2
308 904 3 8192 2.000000000 2
308 924 3 8192 2.000000000 2
308 932 3 8192 2.000000000 2
308 936 3 8192 2.000000000 2
308 960 3 8192 2.000000000 2
308 976 3 8192 2.000000000 2
308 980 3 8192 2.000000000 2
308 1008 3 8192 2.000000000 2
308 1016 3 8192 2.000000000 2
308 1052 3 8192 2.000000000 2
308 1088 3 8192 2.000000000 2
308 1092 3 8192 2.000000000 2
308 1116 3 8192 2.000000000 2
308 1148 3 8192 2.000000000 2
308 1164 3 8192 2.000000000 2
308 1184 3 8192 2.000000000 2
308 1196 3 8192 2.000000000 2
308 1220 3 8192 2.000000000 2
308 1260 3 8192 2.000000000 2
308 1272 3 8192 2.000000000 2
312 0 3 8192 2.000000000 2
312 8 3 8192 2.000000000 2
312 12 3 8192 2.000000000 2
312 44 3 8192 2.000000000 2
312 96 3 8192 2.000000000 2
312 100 3 8192 2.000000000 2
312 116 3 8192 2.000000000 2
312 120 3 8192 2.000000000 2
312 128 3 8192 2.000000000 2
312 140 3 8192 2.000000000 2
312 220 3 8192 2.000000000 2
312 224 3 8192 2.000000000 2
312 232 3 8192 2.000000000 2
312 292 3 8192 2.000000000 2
312 304 3 8192 2.000000000 2
312 316 3 8192 2.000000000 2
312 320 3 8192 2.000000000 2
312 324 3 8192 2.000000000 2
312 360 3 8192 2.000000000 2
312 364 3 8192 2.000000000 2
312 428 3 8192 2.000000000 2
312 432 3 8192 2.000000000 2
312 436 3 8192 2.000000000 2
312 440 3 8192 2.000000000 2
312 448 3 8192 2.000000000 2
312 484 3 8192 2.000000000 2
312 492 3 8192 2.000000000 2
312 500 3 8192 2.000000000 2
312 520 3 8192 2.000000000 2
312 536 3 8192 2.000000000 2
312 552 3 8192 2.000000000 2
312 620 3 8192 2.000000000 2
312 632 3 8192 2.000000000 2
312 636 3 8192 2.000000000 2
312 684 3 8192 2.000000000 2
312 696 3 8192 2.000000000 2
312 716 3 8192 2.000000000 2
312 736 3 8192 2.000000000 2
312 740 3 8192 2.000000000 2
312 744 3 8192 2.000000000 2
312 748 3 8192 2.000000000 2
312 752 3 8192 2.000000000 2
312 756 3 8192 2.000000000 2
312 768 3 8192 2.000000000 2
312 784 3 8192 2.000000000 2
312 792 3 8192 2.000000000 2
312 832 3 8192 2.000000000 2
312 848 3 8192 2.000000000 2
312 888 3 8192 2.000000000 2
312 892 3 8192 2.000000000 2
312 908 3 8192 2.000000000 2
312 912 3 8192 2.000000000 2
312 940 3 8192 2.000000000 2
312 944 3 8192 2.000000000 2
312 980 3 8192 2.000000000 2
312 1016 3 8192 2.000000000 2
312 1028 3 8192 2.000000000 2
312 1032 3 8192 2.000000000 2
312 1080 3 8192 2.000000000 2
312 1144 3 8192 2.000000000 2
312 1200 3 8192 2.000000000 2
312 1204 3 8192 2.000000000 2
312 1220 3 8192 2.000000000 2
312 1264 3 8192 2.000000000 2
316 0 3 8192 2.000000000 2
316 20 3 8192 2.000000000 2
316 28 3 8192 2.000000000 2
316 48 3 8192 2.000000000 2
316 52 3 8192 2.000000000 2
316 64 3 8192 2.000000000 2
316 80 3 8192 2.000000000 2
316 84 3 8192 2.000000000 2
316 88 3 8192 2.000000000 2
316 92 3 8192 2.000000000 2
316 124 3 8192 2.000000000 2
316 132 3 8192 2.000000000 2
316 140 3 8192 2.000000000 2
316 152 3 8192 2.000000000 2
316 160 3 8192 2.000000000 2
316 164 3 8192 2.000000000 2
316 168 3 8192 2.000000000 2
316 176 3 8192 2.000000000 2
316 180 3 8192 2.000000000 2
316 216 3 8192 2.000000000 2
316 236 3 8192 2.000000000 2
316 272 3 8192 2.000000000 2
316 300 3 8192 2.000000000 2
316 380 3 8192 2.000000000 2
316 388 3 8192 2.000000000 2
316 412 3 8192 2.000000000 2
316 436 3 8192 2.000000000 2
316 440 3 8192 2.000000000 2
316 468 3 8192 2.000000000 2
316 484 3 8192 2.000000000 2
316 492 3 8192 2.000000000 2
316 580 3 8192 2.000000000 2
316 596 3 8192 2.000000000 2
316 660 3 8192 2.000000000 2
316 668 3 8192 2.000000000 2
316 696 3 8192 2.000000000 2
316 720 3 8192 2.000000000 2
316 732 3 8192 2.000000000 2
316 792 3 8192 2.000000000 2
316 804 3 8192 2.000000000 2
316 836 3 8192 2.000000000 2
316 848 3 8192 2.000000000 2
316 860 3 8192 2.000000000 2
316 872 3 8192 2.000000000 2
316 884 3 8192 2.000000000 2
316 888 3 8192 2.000000000 2
316 940 3 8192 2.000000000 2
316 944 3 8192 2.000000000 2
316 948 3 8192 2.000000000 2
316 960 3 8192 2.000000000 2
316 996 3 8192 2.000000000 2
316 1000 3 8192 2.000000000 2
316 1052 3 8192 2.000000000 2
316 1056 3 8192 2.000000000 2
316 1084 3 8192 2.000000000 2
316 1088 3 8192 2.000000000 2
316 1092 3 8192 2.000000000 2
316 1116 3 8192 2.000000000 2
316 1156 3 8192 2.000000000 2
316 1200 3 8192 2.000000000 2
316 1220 3 8192 2.000000000 2
316 1224 3 8192 2.000000000 2
316 1248 3 8192 2.000000000 2
316 1272 3 8192 2.000000000 2
320 12 3 8192 2.000000000 2
320 20 3 8192 2.000000000 2
320 28 3 8192 2.000000000 2
320 48 3 8192 2.000000000 2
320 56 3 8192 2.000000000 2
320 60 3 8192 2.000000000 2
320 68 3 8192 2.000000000 2
320 108 3 8192 2.000000000 2
320 112 3 8192 2.000000000 2
320 120 3 8192 2.000000000 2
320 140 3 8192 2.000000000 2
320 156 3 8192 2.000000000 2
320 164 3 8192 2.000000000 2
320 192 3 8192 2.000000000 2
320 212 3 8192 2.000000000 2
320 264 3 8192 2.000000000 2
320 280 3 8192 2.000000000 2
320 292 3 8192 2.000000000 2
320 300 3 8192 2.000000000 2
320 328 3 8192 2.000000000 2
320 332 3 8192 2.000000000 2
320 344 3 8192 2.000000000 2
320 364 3 8192 2.000000000 2
320 408 3 8192 2.000000000 2
320 432 3 8192 2.000000000 2
320 504 3 8192 2.000000000 2
320 516 3 8192 2.000000000 2
320 560 3 8192 2.000000000 2
320 568 3 8192 2.000000000 2
320 584 3 8192 2.000000000 2
320 600 3 8192 2.000000000 2
320 620 3 8192 2.000000000 2
320 656 3 8192 2.000000000 2
320 668 3 8192 2.000000000 2
320 684 3 8192 2.000000000 2
320 696 3 8192 2.000000000 2
320 708 3 8192 2.000000000 2
320 716 3 8192 2.000000000 2
320 732 3 8192 2.000000000 2
320 736 3 8192 2.000000000 2
320 748 3 8192 2.000000000 2
320 764 3 8192 2.000000000 2
320 784 3 8192 2.000000000 2
320 812 3 8192 2.000000000 2
320 828 3 8192 2.000000000 2
320 860 3 8192 2.000000000 2
320 888 3 8192 2.000000000 2
320 892 3 8192 2.000000000 2
320 948 3 8192 2.000000000 2
320 956 3 8192 2.000000000 2
320 976 3 8192 2.000000000 2
320 1000 3 8192 2.000000000 2
320 1008 3 8192 2.000000000 2
320 1016 3 8192 2.000000000 2
320 1028 3 8192 2.000000000 2
320 1040 3 8192 2.000000000 2
320 1056 3 8192 2.000000000 2
320 1088 3 8192 2.000000000 2
320 1104 3 8192 2.000000000 2
320 1156 3 8192 2.000000000 2
320 1204 3 8192 2.000000000 2
320 1236 3 8192 2.000000000 2
320 1244 3 8192 2.000000000 2
320 1256 3 8192 2.000000000 2
324 0 3 8192 2.000000000 2
324 16 3 8192 2.000000000 2
324 32 3 8192 2.000000000 2
324 68 3 8192 2.000000000 2
324 128 3 8192 2.000000000 2
324 152 3 8192 2.000000000 2
324 176 3 8192 2.000000000 2
324 180 3 8192 2.000000000 2
324 200 3 8192 2.000000000 2
324 212 3 8192 2.000000000 2
324 264 3 8192 2.000000000 2
324 276 3 8192 2.000000000 2
324 292 3 8192 2.000000000 2
324 328 3 8192 2.000000000 2
324 356 3 8192 2.000000000 2
324 364 3 8192 2.000000000 2
324 368 3 8192 2.000000000 2
324 400 3 8192 2.000000000 2
324 424 3 8192 2.000000000 2
324 444 3 8192 2.000000000 2
324 452 3 8192 2.000000000 2
324 464 3 8192 2.000000000 2
324 484 3 8192 2.000000000 2
324 524 3 8192 2.000000000 2
324 540 3 8192 2.000000000 2
324 552 3 8192 2.000000000 2
324 556 3 8192 2.000000000 2
324 560 3 8192 2.000000000 2
324 580 3 8192 2.000000000 2
324 672 3 8192 2.000000000 2
324 708 3 8192 2.000000000 2
324 732 3 8192 2.000000000 2
324 744 3 8192 2.000000000 2
324 780 3 8192 2.000000000 2
324 796 3 8192 2.000000000 2
324 800 3 8192 2.000000000 2
324 804 3 8192 2.000000000 2
324 812 3 8192 2.000000000 2
324 824 3 8192 2.000000000 2
324 832 3 8192 2.000000000 2
324 860 3 8192 2.000000000 2
324 876 3 8192 2.000000000 2
324 884 3 8192 2.000000000 2
324 892 3 8192 2.000000000 2
324 924 3 8192 2.000000000 2
324 928 3 8192 2.000000000 2
324 940 3 8192 2.000000000 2
324 944 3 8192 2.000000000 2
324 948 3 8192 2.000000000 2
324 1004 3 8192 2.000000000 2
324 1036 3 8192 2.000000000 2
324 1068 3 8192 2.000000000 2
324 1080 3 8192 2.000000000 2
324 1092 3 8192 2.000000000 2
324 1100 3 8192 2.000000000 2
324 1108 3 8192 2.000000000 2
324 1120 3 8192 2.000000000 2
324 1180 3 8192 2.000000000 2
324 1232 3 8192 2.000000000 2
324 1244 3 8192 2.000000000 2
324 1248 3 8192 2.000000000 2
324 1256 3 8192 2.000000000 2
324 1260 3 8192 2.000000000 2
324 1276 3 8192 2.000000000 2
328 4 3 8192 2.000000000 2
328 64 3 8192 2.000000000 2
328 112 3 8192 2.000000000 2
328 140 3 8192 2.000000000 2
328 156 3 8192 2.000000000 2
328 208 3 8192 2.000000000 2
328 236 3 8192 2.000000000 2
328 252 3 8192 2.000000000 2
328 312 3 8192 2.000000000 2
328 344 3 8192 2.000000000 2
328 356 3 8192 2.000000000 2
328 380 3 8192 2.000000000 2
328 404 3 8192 2.000000000 2
328 412 3 8192 2.000000000 2
328 420 3 8192 2.000000000 2
328 432 3 8192 2.000000000 2
328 444 3 8192 2.000000000 2
328 456 3 8192 2.000000000 2
328 460 3 8192 2.000000000 2
328 472 3 8192 2.000000000 2
328 480 3 8192 2.000000000 2
328 488 3 8192 2.000000000 2
328 500 3 8192 2.000000000 2
328 536 3 8192 2.000000000 2
328 548 3 8192 2.000000000 2
328 560 3 8192 2.000000000 2
328 572 3 8192 2.000000000 2
328 588 3 8192 2.000000000 2
328 596 3 8192 2.000000000 2
328 612 3 8192 2.000000000 2
328 620 3 8192 2.000000000 2
328 644 3 8192 2.000000000 2
328 672 3 8192 2.000000000 2
328 680 3 8192 2.000000000 2
328 696 3 8192 2.000000000 2
328 708 3 8192 2.000000000 2
328 736 3 8192 2.000000000 2
328 752 3 8192 2.000000000 2
328 756 3 8192 2.000000000 2
328 772 3 8192 2.000000000 2
328 792 3 8192 2.000000000 2
328 804 3 8192 2.000000000 2
328 816 3 8192 2.000000000 2
328 824 3 8192 2.000000000 2
328 848 3 8192 2.000000000 2
328 856 3 8192 2.000000000 2
328 884 3 8192 2.000000000 2
328 904 3 8192 2.000000000 2
328 944 3 8192 2.000000000 2
328 948 3 8192 2.000000000 2
328 956 3 8192 2.000000000 2
328 976 3 8192 2.000000000 2
328 980 3 8192 2.000000000 2
328 984 3 8192 2.000000000 2
328 1004 3 8192 2.000000000 2
328 1012 3 8192 2.000000000 2
328 1016 3 8192 2.000000000 2
328 1080 3 8192 2.000000000 2
328 1104 3 8192 2.000000000 2
328 1112 3 8192 2.000000000 2
328 1120 3 8192 2.000000000 2
328 1236 3 8192 2.000000000 2
328 1272 3 8192 2.000000000 2
328 1276 3 8192 2.000000000 2
332 20 3 8192 2.000000000 2
332 24 3 8192 2.000000000 2
332 44 3 8192 2.000000000 2
332 48 3 8192 2.000000000 2
332 56 3 8192 2.000000000 2
332 128 3 8192 2.000000000 2
332 132 3 8192 2.000000000 2
332 140 3 8192 2.000000000 2
332 168 3 8192 2.000000000 2
332 180 3 8192 2.000000000 2
332 192 3 8192 2.000000000 2
332 212 3 8192 2.000000000 2
332 216 3 8192 2.000000000 2
332 264 3 8192 2.000000000 2
332 272 3 8192 2.000000000 2
332 292 3 8192 2.000000000 2
332 300 3 8192 2.000000000 2
332 304 3 8192 2.000000000 2
332 344 3 8192 2.000000000 2
332 348 3 8192 2.000000000 2
332 356 3 8192 2.000000000 2
332 368 3 8192 2.000000000 2
332 392 3 8192 2.000000000 2
332 404 3 8192 2.000000000 2
332 464 3 8192 2.000000000 2
332 480 3 8192 2.000000000 2
332 496 3 8192 2.000000000 2
332 512 3 8192 2.000000000 2
332 516 3 8192 2.000000000 2
332 524 3 8192 2.000000000 2
332 532 3 8192 2.000000000 2
332 536 3 8192 2.000000000 2
332 540 3 8192 2.000000000 2
332 548 3 8192 2.000000000 2
332 560 3 8192 2.000000000 2
332 572 3 8192 2.000000000 2
332 608 3 8192 2.000000000 2
332 636 3 8192 2.000000000 2
332 644 3 8192 2.000000000 2
332 744 3 8192 2.000000000 2
332 748 3 8192 2.000000000 2
332 768 3 8192 2.000000000 2
332 808 3 8192 2.000000000 2
332 816 3 8192 2.000000000 2
332 836 3 8192 2.000000000 2
332 860 3 8192 2.000000000 2
332 876 3 8192 2.000000000 2
332 932 3 8192 2.000000000 2
332 988 3 8192 2.000000000 2
332 1028 3 8192 2.000000000 2
332 1032 3 8192 2.000000000 2
332 1048 3 8192 2.000000000 2
332 1084 3 8192 2.000000000 2
332 1088 3 8192 2.000000000 2
332 1104 3 8192 2.000000000 2
332 1108 3 8192 2.000000000 2
332 1116 3 8192 2.000000000 2
332 1128 3 8192 2.000000000 2
332 1172 3 8192 2.000000000 2
332 1180 3 8192 2.000000000 2
332 1200 3 8192 2.000000000 2
332 1220 3 8192 2.000000000 2
332 1244 3 8192 2.000000000 2
332 1272 3 8192 2.000000000 2
344 0 3 8192 2.000000000 2
344 12 3 8192 2.000000000 2
344 16 3 8192 2.000000000 2
344 20 3 8192 2.000000000 2
344 40 3 8192 2.000000000 2
344 48 3 8192 2.000000000 2
344 52 3 8192 2.000000000 2
344 96 3 8192 2.000000000 2
344 144 3 8192 2.000000000 2
344 152 3 8192 2.000000000 2
344 168 3 8192 2.000000000 2
344 236 3 8192 2.000000000 2
344 248 3 8192 2.000000000 2
344 284 3 8192 2.000000000 2
344 304 3 8192 2.000000000 2
344 312 3 8192 2.000000000 2
344 324 3 8192 2.000000000 2
344 348 3 8192 2.000000000 2
344 364 3 8192 2.000000000 2
344 380 3 8192 2.000000000 2
344 392 3 8192 2.000000000 2
344 404 3 8192 2.000000000 2
344 408 3 8192 2.000000000 2
344 428 3 8192 2.000000000 2
344 440 3 8192 2.000000000 2
344 472 3 8192 2.000000000 2
344 480 3 8192 2.000000000 2
344 484 3 8192 2.000000000 2
344 488 3 8192 2.000000000 2
344 504 3 8192 2.000000000 2
344 528 3 8192 2.000000000 2
344 552 3 8192 2.000000000 2
344 624 3 8192 2.000000000 2
344 636 3 8192 2.000000000 2
344 656 3 8192 2.000000000 2
344 672 3 8192 2.000000000 2
344 684 3 8192 2.000000000 2
344 736 3 8192 2.000000000 2
344 744 3 8192 2.000000000 2
344 748 3 8192 2.000000000 2
344 760 3 8192 2.000000000 2
344 780 3 8192 2.000000000 2
344 808 3 8192 2.000000000 2
344 812 3 8192 2.000000000 2
344 828 3 8192 2.000000000 2
344 836 3 8192 2.000000000 2
344 884 3 8192 2.000000000 2
344 888 3 8192 2.000000000 2
344 912 3 8192 2.000000000 2
344 932 3 8192 2.000000000 2
344 948 3 8192 2.000000000 2
344 960 3 8192 2.000000000 2
344 968 3 8192 2.000000000 2
344 1080 3 8192 2.000000000 2
344 1108 3 8192 2.000000000 2
344 1156 3 8192 2.000000000 2
344 1164 3 8192 2.000000000 2
344 1168 3 8192 2.000000000 2
344 1184 3 8192 2.000000000 2
344 1204 3 8192 2.000000000 2
344 1248 3 8192 2.000000000 2
344 1256 3 8192 2.000000000 2
344 1264 3 8192 2.000000000 2
344 1276 3 8192 2.000000000 2
348 4 3 8192 2.000000000 2
348 12 3 8192 2.000000000 2
348 20 3 8192 2.000000000 2
348 32 3 8192 2.000000000 2
348 52 3 8192 2.000000000 2
348 56 3 8192 2.000000000 2
348 60 3 8192 2.000000000 2
348 64 3 8192 2.000000000 2
348 68 3 8192 2.000000000 2
348 156 3 8192 2.000000000 2
348 176 3 8192 2.000000000 2
348 200 3 8192 2.000000000 2
348 216 3 8192 2.000000000 2
348 224 3 8192 2.000000000 2
348 296 3 8192 2.000000000 2
348 324 3 8192 2.000000000 2
348 352 3 8192 2.000000000 2
348 404 3 8192 2.000000000 2
348 448 3 8192 2.000000000 2
348 460 3 8192 2.000000000 2
348 472 3 8192 2.000000000 2
348 492 3 8192 2.000000000 2
348 520 3 8192 2.000000000 2
348 532 3 8192 2.000000000 2
348 540 3 8192 2.000000000 2
348 572 3 8192 2.000000000 2
348 588 3 8192 2.000000000 2
348 596 3 8192 2.000000000 2
348 600 3 8192 2.000000000 2
348 644 3 8192 2.000000000 2
348 660 3 8192 2.000000000 2
348 664 3 8192 2.000000000 2
348 668 3 8192 2.000000000 2
348 680 3 8192 2.000000000 2
348 684 3 8192 2.000000000 2
348 700 3 8192 2.000000000 2
348 724 3 8192 2.000000000 2
348 748 3 8192 2.000000000 2
348 756 3 8192 2.000000000 2
348 764 3 8192 2.000000000 2
348 768 3 8192 2.000000000 2
348 772 3 8192 2.000000000 2
348 780 3 8192 2.000000000 2
348 796 3 8192 2.000000000 2
348 924 3 8192 2.000000000 2
348 960 3 8192 2.000000000 2
348 1020 3 8192 2.000000000 2
348 1032 3 8192 2.000000000 2
348 1036 3 8192 2.000000000 2
348 1048 3 8192 2.000000000 2
348 1076 3 8192 2.000000000 2
348 1080 3 8192 2.000000000 2
348 1092 3 8192 2.000000000 2
348 1104 3 8192 2.000000000 2
348 1108 3 8192 2.000000000 2
348 1116 3 8192 2.000000000 2
348 1120 3 8192 2.000000000 2
348 1156 3 8192 2.000000000 2
348 1172 3 8192 2.000000000 2
348 1180 3 8192 2.000000000 2
348 1184 3 8192 2.000000000 2
348 1224 3 8192 2.000000000 2
348 1236 3 8192 2.000000000 2
348 1252 3 8192 2.000000000 2
352 0 3 8192 2.000000000 2
352 8 3 8192 2.000000000 2
352 28 3 8192 2.000000000 2
352 36 3 8192 2.000000000 2
352 40 3 8192 2.000000000 2
352 48 3 8192 2.000000000 2
352 52 3 8192 2.000000000 2
352 80 3 8192 2.000000000 2
352 92 3 8192 2.000000000 2
352 108 3 8192 2.000000000 2
352 112 3 8192 2.000000000 2
352 120 3 8192 2.000000000 2
352 152 3 8192 2.000000000 2
352 156 3 8192 2.000000000 2
352 168 3 8192 2.000000000 2
352 192 3 8192 2.000000000 2
352 216 3 8192 2.000000000 2
352 224 3 8192 2.000000000 2
352 276 3 8192 2.000000000 2
352 316 3 8192 2.000000000 2
352 348 3 8192 2.000000000 2
352 356 3 8192 2.000000000 2
352 360 3 8192 2.000000000 2
352 388 3 8192 2.000000000 2
352 400 3 8192 2.000000000 2
352 408 3 8192 2.000000000 2
352 420 3 8192 2.000000000 2
352 428 3 8192 2.000000000 2
352 432 3 8192 2.000000000 2
352 468 3 8192 2.000000000 2
352 484 3 8192 2.000000000 2
352 528 3 8192 2.000000000 2
352 532 3 8192 2.000000000 2
352 540 3 8192 2.000000000 2
352 552 3 8192 2.000000000 2
352 568 3 8192 2.000000000 2
352 600 3 8192 2.000000000 2
352 612 3 8192 2.000000000 2
352 680 3 8192 2.000000000 2
352 720 3 8192 2.000000000 2
352 732 3 8192 2.000000000 2
352 736 3 8192 2.000000000 2
352 752 3 8192 2.000000000 2
352 768 3 8192 2.000000000 2
352 816 3 8192 2.000000000 2
352 824 3 8192 2.000000000 2
352 848 3 8192 2.000000000 2
352 864 3 8192 2.000000000 2
352 876 3 8192 2.000000000 2
352 888 3 8192 2.000000000 2
352 944 3 8192 2.000000000 2
352 960 3 8192 2.000000000 2
352 976 3 8192 2.000000000 2
352 980 3 8192 2.000000000 2
352 984 3 8192 2.000000000 2
352 996 3 8192 2.000000000 2
352 1020 3 8192 2.000000000 2
352 1068 3 8192 2.000000000 2
352 1084 3 8192 2.000000000 2
352 1156 3 8192 2.000000000 2
352 1184 3 8192 2.000000000 2
352 1200 3 8192 2.000000000 2
352 1224 3 8192 2.000000000 2
352 1244 3 8192 2.000000000 2
356 4 3 8192 2.000000000 2
356 8 3 8192 2.000000000 2
356 16 3 8192 2.000000000 2
356 36 3 8192 2.000000000 2
356 44 3 8192 2.000000000 2
356 64 3 8192 2.000000000 2
356 72 3 8192 2.000000000 2
356 84 3 8192 2.000000000 2
356 112 3 8192 2.000000000 2
356 140 3 8192 2.000000000 2
356 144 3 8192 2.000000000 2
356 156 3 8192 2.000000000 2
356 220 3 8192 2.000000000 2
356 240 3 8192 2.000000000 2
356 248 3 8192 2.000000000 2
356 284 3 8192 2.000000000 2
356 312 3 8192 2.000000000 2
356 316 3 8192 2.000000000 2
356 320 3 8192 2.000000000 2
356 360 3 8192 2.000000000 2
356 364 3 8192 2.000000000 2
356 388 3 8192 2.000000000 2
356 412 3 8192 2.000000000 2
356 420 3 8192 2.000000000 2
356 444 3 8192 2.000000000 2
356 456 3 8192 2.000000000 2
356 480 3 8192 2.000000000 2
356 504 3 8192 2.000000000 2
356 516 3 8192 2.000000000 2
356 540 3 8192 2.000000000 2
356 548 3 8192 2.000000000 2
356 552 3 8192 2.000000000 2
356 568 3 8192 2.000000000 2
356 588 3 8192 2.000000000 2
356 608 3 8192 2.000000000 2
356 620 3 8192 2.000000000 2
356 632 3 8192 2.000000000 2
356 704 3 8192 2.000000000 2
356 724 3 8192 2.000000000 2
356 744 3 8192 2.000000000 2
356 752 3 8192 2.000000000 2
356 792 3 8192 2.000000000 2
356 808 3 8192 2.000000000 2
356 812 3 8192 2.000000000 2
356 816 3 8192 2.000000000 2
356 828 3 8192 2.000000000 2
356 872 3 8192 2.000000000 2
356 892 3 8192 2.000000000 2
356 908 3 8192 2.000000000 2
356 912 3 8192 2.000000000 2
356 948 3 8192 2.000000000 2
356 960 3 8192 2.000000000 2
356 976 3 8192 2.000000000 2
356 1008 3 8192 2.000000000 2
356 1016 3 8192 2.000000000 2
356 1036 3 8192 2.000000000 2
356 1056 3 8192 2.000000000 2
356 1080 3 8192 2.000000000 2
356 1156 3 8192 2.000000000 2
356 1196 3 8192 2.000000000 2
356 1204 3 8192 2.000000000 2
356 1232 3 8192 2.000000000 2
356 1264 3 8192 2.000000000 2
356 1276 3 8192 2.000000000 2
360 16 3 8192 2.000000000 2
360 32 3 8192 2.000000000 2
360 40 3 8192 2.000000000 2
360 44 3 8192 2.000000000 2
360 48 3 8192 2.000000000 2
360 52 3 8192 2.000000000 2
360 72 3 8192 2.000000000 2
360 88 3 8192 2.000000000 2
360 96 3 8192 2.000000000 2
360 140 3 8192 2.000000000 2
360 144 3 8192 2.000000000 2
360 172 3 8192 2.000000000 2
360 200 3 8192 2.000000000 2
360 212 3 8192 2.000000000 2
360 220 3 8192 2.000000000 2
360 224 3 8192 2.000000000 2
360 232 3 8192 2.000000000 2
360 236 3 8192 2.000000000 2
360 328 3 8192 2.000000000 2
360 348 3 8192 2.000000000 2
360 356 3 8192 2.000000000 2
360 388 3 8192 2.000000000 2
360 392 3 8192 2.000000000 2
360 408 3 8192 2.000000000 2
360 424 3 8192 2.000000000 2
360 428 3 8192 2.000000000 2
360 432 3 8192 2.000000000 2
360 436 3 8192 2.000000000 2
360 448 3 8192 2.000000000 2
360 452 3 8192 2.000000000 2
360 468 3 8192 2.000000000 2
360 476 3 8192 2.000000000 2
360 480 3 8192 2.000000000 2
360 536 3 8192 2.000000000 2
360 580 3 8192 2.000000000 2
360 596 3 8192 2.000000000 2
360 632 3 8192 2.000000000 2
360 684 3 8192 2.000000000 2
360 732 3 8192 2.000000000 2
360 740 3 8192 2.000000000 2
360 744 3 8192 2.000000000 2
360 768 3 8192 2.000000000 2
360 796 3 8192 2.000000000 2
360 864 3 8192 2.000000000 2
360 872 3 8192 2.000000000 2
360 900 3 8192 2.000000000 2
360 908 3 8192 2.000000000 2
360 932 3 8192 2.000000000 2
360 936 3 8192 2.000000000 2
360 948 3 8192 2.000000000 2
360 980 3 8192 2.000000000 2
360 984 3 8192 2.000000000 2
360 1000 3 8192 2.000000000 2
360 1036 3 8192 2.000000000 2
360 1040 3 8192 2.000000000 2
360 1104 3 8192 2.000000000 2
360 1116 3 8192 2.000000000 2
360 1148 3 8192 2.000000000 2
360 1156 3 8192 2.000000000 2
360 1220 3 8192 2.000000000 2
360 1232 3 8192 2.000000000 2
360 1248 3 8192 2.000000000 2
360 1260 3 8192 2.000000000 2
360 1264 3 8192 2.000000000 2
364 8 3 8192 2.000000000 2
364 24 3 8192 2.000000000 2
364 40 3 8192 2.000000000 2
364 44 3 8192 2.000000000 2
364 52 3 8192 2.000000000 2
364 56 3 8192 2.000000000 2
364 84 3 8192 2.000000000 2
364 96 3 8192 2.000000000 2
364 112 3 8192 2.000000000 2
364 148 3 8192 2.000000000 2
364 172 3 8192 2.000000000 2
364 184 3 8192 2.000000000 2
364 208 3 8192 2.000000000 2
364 216 3 8192 2.000000000 2
364 220 3 8192 2.000000000 2
364 236 3 8192 2.000000000 2
364 300 3 8192 2.000000000 2
364 308 3 8192 2.000000000 2
364 360 3 8192 2.000000000 2
364 400 3 8192 2.000000000 2
364 424 3 8192 2.000000000 2
364 448 3 8192 2.000000000 2
364 496 3 8192 2.000000000 2
364 500 3 8192 2.000000000 2
364 524 3 8192 2.000000000 2
364 528 3 8192 2.000000000 2
364 540 3 8192 2.000000000 2
364 636 3 8192 2.000000000 2
364 648 3 8192 2.000000000 2
364 656 3 8192 2.000000000 2
364 668 3 8192 2.000000000 2
364 672 3 8192 2.000000000 2
364 684 3 8192 2.000000000 2
364 716 3 8192 2.000000000 2
364 740 3 8192 2.000000000 2
364 760 3 8192 2.000000000 2
364 796 3 8192 2.000000000 2
364 800 3 8192 2.000000000 2
364 804 3 8192 2.000000000 2
364 816 3 8192 2.000000000 2
364 828 3 8192 2.000000000 2
364 856 3 8192 2.000000000 2
364 860 3 8192 2.000000000 2
364 904 3 8192 2.000000000 2
364 908 3 8192 2.000000000 2
364 940 3 8192 2.000000000 2
364 944 3 8192 2.000000000 2
364 964 3 8192 2.000000000 2
364 968 3 8192 2.000000000 2
364 976 3 8192 2.000000000 2
364 980 3 8192 2.000000000 2
364 1008 3 8192 2.000000000 2
364 1080 3 8192 2.000000000 2
364 1116 3 8192 2.000000000 2
364 1128 3 8192 2.000000000 2
364 1164 3 8192 2.000000000 2
364 1172 3 8192 2.000000000 2
364 1180 3 8192 2.000000000 2
364 1220 3 8192 2.000000000 2
364 1224 3 8192 2.000000000 2
364 1232 3 8192 2.000000000 2
364 1248 3 8192 2.000000000 2
364 1252 3 8192 2.000000000 2
364 1264 3 8192 2.000000000 2
368 12 3 8192 2.000000000 2
368 20 3 8192 2.000000000 2
368 24 3 8192 2.000000000 2
368 28 3 8192 2.000000000 2
368 40 3 8192 2.000000000 2
368 60 3 8192 2.000000000 2
368 80 3 8192 2.000000000 2
368 84 3 8192 2.000000000 2
368 88 3 8192 2.000000000 2
368 108 3 8192 2.000000000 2
368 120 3 8192 2.000000000 2
368 124 3 8192 2.000000000 2
368 140 3 8192 2.000000000 2
368 180 3 8192 2.000000000 2
368 200 3 8192 2.000000000 2
368 208 3 8192 2.000000000 2
368 220 3 8192 2.000000000 2
368 224 3 8192 2.000000000 2
368 276 3 8192 2.000000000 2
368 280 3 8192 2.000000000 2
368 320 3 8192 2.000000000 2
368 332 3 8192 2.000000000 2
368 404 3 8192 2.000000000 2
368 424 3 8192 2.000000000 2
368 440 3 8192 2.000000000 2
368 456 3 8192 2.000000000 2
368 460 3 8192 2.000000000 2
368 472 3 8192 2.000000000 2
368 492 3 8192 2.000000000 2
368 504 3 8192 2.000000000 2
368 512 3 8192 2.000000000 2
368 520 3 8192 2.000000000 2
368 524 3 8192 2.000000000 2
368 560 3 8192 2.000000000 2
368 620 3 8192 2.000000000 2
368 644 3 8192 2.000000000 2
368 660 3 8192 2.000000000 2
368 708 3 8192 2.000000000 2
368 720 3 8192 2.000000000 2
368 744 3 8192 2.000000000 2
368 768 3 8192 2.000000000 2
368 828 3 8192 2.000000000 2
368 876 3 8192 2.000000000 2
368 888 3 8192 2.000000000 2
368 892 3 8192 2.000000000 2
368 904 3 8192 2.000000000 2
368 912 3 8192 2.000000000 2
368 928 3 8192 2.000000000 2
368 940 3 8192 2.000000000 2
368 944 3 8192 2.000000000 2
368 996 3 8192 2.000000000 2
368 1008 3 8192 2.000000000 2
368 1020 3 8192 2.000000000 2
368 1028 3 8192 2.000000000 2
368 1036 3 8192 2.000000000 2
368 1056 3 8192 2.000000000 2
368 1092 3 8192 2.000000000 2
368 1120 3 8192 2.000000000 2
368 1148 3 8192 2.000000000 2
368 1164 3 8192 2.000000000 2
368 1200 3 8192 2.000000000 2
368 1224 3 8192 2.000000000 2
368 1236 3 8192 2.000000000 2
368 1264 3 8192 2.000000000 2
380 0 3 8192 2.000000000 2
380 72 3 8192 2.000000000 2
380 112 3 8192 2.000000000 2
380 128 3 8192 2.000000000 2
380 132 3 8192 2.000000000 2
380 148 3 8192 2.000000000 2
380 168 3 8192 2.000000000 2
380 172 3 8192 2.000000000 2
380 176 3 8192 2.000000000 2
380 200 3 8192 2.000000000 2
380 212 3 8192 2.000000000 2
380 248 3 8192 2.000000000 2
380 276 3 8192 2.000000000 2
380 316 3 8192 2.000000000 2
380 388 3 8192 2.000000000 2
380 400 3 8192 2.000000000 2
380 412 3 8192 2.000000000 2
380 424 3 8192 2.000000000 2
380 440 3 8192 2.000000000 2
380 468 3 8192 2.000000000 2
380 504 3 8192 2.000000000 2
380 528 3 8192 2.000000000 2
380 572 3 8192 2.000000000 2
380 580 3 8192 2.000000000 2
380 620 3 8192 2.000000000 2
380 648 3 8192 2.000000000 2
380 656 3 8192 2.000000000 2
380 668 3 8192 2.000000000 2
380 672 3 8192 2.000000000 2
380 684 3 8192 2.000000000 2
380 700 3 8192 2.000000000 2
380 760 3 8192 2.000000000 2
380 768 3 8192 2.000000000 2
380 776 3 8192 2.000000000 2
380 780 3 8192 2.000000000 2
380 792 3 8192 2.000000000 2
380 800 3 8192 2.000000000 2
380 812 3 8192 2.000000000 2
380 824 3 8192 2.000000000 2
380 848 3 8192 2.000000000 2
380 876 3 8192 2.000000000 2
380 892 3 8192 2.000000000 2
380 900 3 8192 2.000000000 2
380 912 3 8192 2.000000000 2
380 984 3 8192 2.000000000 2
380 996 3 8192 2.000000000 2
380 1000 3 8192 2.000000000 2
380 1004 3 8192 2.000000000 2
380 1008 3 8192 2.000000000 2
380 1012 3 8192 2.000000000 2
380 1080 3 8192 2.000000000 2
380 1088 3 8192 2.000000000 2
380 1092 3 8192 2.000000000 2
380 1100 3 8192 2.000000000 2
380 1108 3 8192 2.000000000 2
380 1112 3 8192 2.000000000 2
380 1120 3 8192 2.000000000 2
380 1128 3 8192 2.000000000 2
380 1164 3 8192 2.000000000 2
380 1172 3 8192 2.000000000 2
380 1220 3 8192 2.000000000 2
380 1248 3 8192 2.000000000 2
380 1272 3 8192 2.000000000 2
380 1276 3 8192 2.000000000 2
388 12 3 8192 2.000000000 2
388 28 3 8192 2.000000000 2
388 36 3 8192 2.000000000 2
388 40 3 8192 2.000000000 2
388 44 3 8192 2.000000000 2
388 52 3 8192 2.000000000 2
388 144 3 8192 2.000000000 2
388 160 3 8192 2.000000000 2
388 180 3 8192 2.000000000 2
388 196 3 8192 2.000000000 2
388 220 3 8192 2.000000000 2
388 224 3 8192 2.000000000 2
388 232 3 8192 2.000000000 2
388 244 3 8192 2.000000000 2
388 272 3 8192 2.000000000 2
388 276 3 8192 2.000000000 2
388 292 3 8192 2.000000000 2
388 316 3 8192 2.000000000 2
388 352 3 8192 2.000000000 2
388 364 3 8192 2.000000000 2
388 408 3 8192 2.000000000 2
388 432 3 8192 2.000000000 2
388 440 3 8192 2.000000000 2
388 448 3 8192 2.000000000 2
388 468 3 8192 2.000000000 2
388 480 3 8192 2.000000000 2
388 516 3 8192 2.000000000 2
388 528 3 8192 2.000000000 2
388 536 3 8192 2.000000000 2
388 548 3 8192 2.000000000 2
388 556 3 8192 2.000000000 2
388 588 3 8192 2.000000000 2
388 664 3 8192 2.000000000 2
388 680 3 8192 2.000000000 2
388 684 3 8192 2.000000000 2
388 700 3 8192 2.000000000 2
388 708 3 8192 2.000000000 2
388 736 3 8192 2.000000000 2
388 764 3 8192 2.000000000 2
388 780 3 8192 2.000000000 2
388 792 3 8192 2.000000000 2
388 800 3 8192 2.000000000 2
388 824 3 8192 2.000000000 2
388 832 3 8192 2.000000000 2
388 848 3 8192 2.000000000 2
388 856 3 8192 2.000000000 2
388 872 3 8192 2.000000000 2
388 888 3 8192 2.000000000 2
388 904 3 8192 2.000000000 2
388 928 3 8192 2.000000000 2
388 936 3 8192 2.000000000 2
388 956 3 8192 2.000000000 2
388 964 3 8192 2.000000000 2
388 988 3 8192 2.000000000 2
388 1008 3 8192 2.000000000 2
388 1020 3 8192 2.000000000 2
388 1040 3 8192 2.000000000 2
388 1092 3 8192 2.000000000 2
388 1112 3 8192 2.000000000 2
388 1156 3 8192 2.000000000 2
388 1196 3 8192 2.000000000 2
388 1204 3 8192 2.000000000 2
388 1264 3 8192 2.000000000 2
388 1272 3 8192 2.000000000 2
392 4 3 8192 2.000000000 2
392 8 3 8192 2.000000000 2
392 12 3 8192 2.000000000 2
392 16 3 8192 2.000000000 2
392 40 3 8192 2.000000000 2
392 44 3 8192 2.000000000 2
392 52 3 8192 2.000000000 2
392 60 3 8192 2.000000000 2
392 64 3 8192 2.000000000 2
392 72 3 8192 2.000000000 2
392 80 3 8192 2.000000000 2
392 124 3 8192 2.000000000 2
392 128 3 8192 2.000000000 2
392 180 3 8192 2.000000000 2
392 184 3 8192 2.000000000 2
392 232 3 8192 2.000000000 2
392 244 3 8192 2.000000000 2
392 252 3 8192 2.000000000 2
392 312 3 8192 2.000000000 2
392 364 3 8192 2.000000000 2
392 380 3 8192 2.000000000 2
392 420 3 8192 2.000000000 2
392 424 3 8192 2.000000000 2
392 428 3 8192 2.000000000 2
392 436 3 8192 2.000000000 2
392 440 3 8192 2.000000000 2
392 456 3 8192 2.000000000 2
392 464 3 8192 2.000000000 2
392 476 3 8192 2.000000000 2
392 484 3 8192 2.000000000 2
392 496 3 8192 2.000000000 2
392 520 3 8192 2.000000000 2
392 524 3 8192 2.000000000 2
392 536 3 8192 2.000000000 2
392 556 3 8192 2.000000000 2
392 560 3 8192 2.000000000 2
392 564 3 8192 2.000000000 2
392 568 3 8192 2.000000000 2
392 624 3 8192 2.000000000 2
392 720 3 8192 2.000000000 2
392 740 3 8192 2.000000000 2
392 748 3 8192 2.000000000 2
392 752 3 8192 2.000000000 2
392 764 3 8192 2.000000000 2
392 768 3 8192 2.000000000 2
392 812 3 8192 2.000000000 2
392 864 3 8192 2.000000000 2
392 900 3 8192 2.000000000 2
392 904 3 8192 2.000000000 2
392 928 3 8192 2.000000000 2
392 932 3 8192 2.000000000 2
392 960 3 8192 2.000000000 2
392 988 3 8192 2.000000000 2
392 1008 3 8192 2.000000000 2
392 1028 3 8192 2.000000000 2
392 1056 3 8192 2.000000000 2
392 1084 3 8192 2.000000000 2
392 1088 3 8192 2.000000000 2
392 1100 3 8192 2.000000000 2
392 1232 3 8192 2.000000000 2
392 1248 3 8192 2.000000000 2
392 1256 3 8192 2.000000000 2
392 1260 3 8192 2.000000000 2
392 1276 3 8192 2.000000000 2
400 24 3 8192 2.000000000 2
400 32 3 8192 2.000000000 2
400 44 3 8192 2.000000000 2
400 52 3 8192 2.000000000 2
400 88 3 8192 2.000000000 2
400 124 3 8192 2.000000000 2
400 140 3 8192 2.000000000 2
400 160 3 8192 2.000000000 2
400 180 3 8192 2.000000000 2
400 192 3 8192 2.000000000 2
400 196 3 8192 2.000000000 2
400 208 3 8192 2.000000000 2
400 212 3 8192 2.000000000 2
400 236 3 8192 2.000000000 2
400 248 3 8192 2.000000000 2
400 300 3 8192 2.000000000 2
400 304 3 8192 2.000000000 2
400 312 3 8192 2.000000000 2
400 324 3 8192 2.000000000 2
400 344 3 8192 2.000000000 2
400 360 3 8192 2.000000000 2
400 368 3 8192 2.000000000 2
400 420 3 8192 2.000000000 2
400 432 3 8192 2.000000000 2
400 436 3 8192 2.000000000 2
400 452 3 8192 2.000000000 2
400 460 3 8192 2.000000000 2
400 472 3 8192 2.000000000 2
400 476 3 8192 2.000000000 2
400 480 3 8192 2.000000000 2
400 552 3 8192 2.000000000 2
400 560 3 8192 2.000000000 2
400 564 3 8192 2.000000000 2
400 568 3 8192 2.000000000 2
400 620 3 8192 2.000000000 2
400 624 3 8192 2.000000000 2
400 644 3 8192 2.000000000 2
400 684 3 8192 2.000000000 2
400 704 3 8192 2.000000000 2
400 720 3 8192 2.000000000 2
400 748 3 8192 2.000000000 2
400 800 3 8192 2.000000000 2
400 812 3 8192 2.000000000 2
400 828 3 8192 2.000000000 2
400 856 3 8192 2.000000000 2
400 872 3 8192 2.000000000 2
400 884 3 8192 2.000000000 2
400 904 3 8192 2.000000000 2
400 908 3 8192 2.000000000 2
400 936 3 8192 2.000000000 2
400 944 3 8192 2.000000000 2
400 948 3 8192 2.000000000 2
400 964 3 8192 2.000000000 2
400 984 3 8192 2.000000000 2
400 996 3 8192 2.000000000 2
400 1032 3 8192 2.000000000 2
400 1036 3 8192 2.000000000 2
400 1076 3 8192 2.000000000 2
400 1092 3 8192 2.000000000 2
400 1148 3 8192 2.000000000 2
400 1204 3 8192 2.000000000 2
400 1248 3 8192 2.000000000 2
400 1256 3 8192 2.000000000 2
400 1272 3 8192 2.000000000 2
404 0 3 8192 2.000000000 2
404 16 3 8192 2.000000000 2
404 20 3 8192 2.000000000 2
404 48 3 8192 2.000000000 2
404 64 3 8192 2.000000000 2
404 96 3 8192 2.000000000 2
404 120 3 8192 2.000000000 2
404 124 3 8192 2.000000000 2
404 128 3 8192 2.000000000 2
404 164 3 8192 2.000000000 2
404 176 3 8192 2.000000000 2
404 184 3 8192 2.000000000 2
404 208 3 8192 2.000000000 2
404 212 3 8192 2.000000000 2
404 216 3 8192 2.000000000 2
404 224 3 8192 2.000000000 2
404 236 3 8192 2.000000000 2
404 240 3 8192 2.000000000 2
404 280 3 8192 2.000000000 2
404 292 3 8192 2.000000000 2
404 300 3 8192 2.000000000 2
404 316 3 8192 2.000000000 2
404 368 3 8192 2.000000000 2
404 456 3 8192 2.000000000 2
404 468 3 8192 2.000000000 2
404 500 3 8192 2.000000000 2
404 516 3 8192 2.000000000 2
404 532 3 8192 2.000000000 2
404 536 3 8192 2.000000000 2
404 552 3 8192 2.000000000 2
404 564 3 8192 2.000000000 2
404 580 3 8192 2.000000000 2
404 596 3 8192 2.000000000 2
404 656 3 8192 2.000000000 2
404 660 3 8192 2.000000000 2
404 664 3 8192 2.000000000 2
404 672 3 8192 2.000000000 2
404 700 3 8192 2.000000000 2
404 708 3 8192 2.000000000 2
404 764 3 8192 2.000000000 2
404 768 3 8192 2.000000000 2
404 772 3 8192 2.000000000 2
404 776 3 8192 2.000000000 2
404 784 3 8192 2.000000000 2
404 812 3 8192 2.000000000 2
404 832 3 8192 2.000000000 2
404 848 3 8192 2.000000000 2
404 856 3 8192 2.000000000 2
404 932 3 8192 2.000000000 2
404 948 3 8192 2.000000000 2
404 956 3 8192 2.000000000 2
404 960 3 8192 2.000000000 2
404 964 3 8192 2.000000000 2
404 996 3 8192 2.000000000 2
404 1000 3 8192 2.000000000 2
404 1004 3 8192 2.000000000 2
404 1028 3 8192 2.000000000 2
404 1088 3 8192 2.000000000 2
404 1100 3 8192 2.000000000 2
404 1108 3 8192 2.000000000 2
404 1184 3 8192 2.000000000 2
404 1196 3 8192 2.000000000 2
404 1236 3 8192 2.000000000 2
404 1244 3 8192 2.000000000 2
408 24 3 8192 2.000000000 2
408 52 3 8192 2.000000000 2
408 72 3 8192 2.000000000 2
408 84 3 8192 2.000000000 2
408 88 3 8192 2.000000000 2
408 108 3 8192 2.000000000 2
408 148 3 8192 2.000000000 2
408 156 3 8192 2.000000000 2
408 160 3 8192 2.000000000 2
408 164 3 8192 2.000000000 2
408 168 3 8192 2.000000000 2
408 172 3 8192 2.000000000 2
408 180 3 8192 2.000000000 2
408 196 3 8192 2.000000000 2
408 232 3 8192 2.000000000 2
408 240 3 8192 2.000000000 2
408 248 3 8192 2.000000000 2
408 272 3 8192 2.000000000 2
408 312 3 8192 2.000000000 2
408 320 3 8192 2.000000000 2
408 324 3 8192 2.000000000 2
408 348 3 8192 2.000000000 2
408 380 3 8192 2.000000000 2
408 412 3 8192 2.000000000 2
408 420 3 8192 2.000000000 2
408 436 3 8192 2.000000000 2
408 460 3 8192 2.000000000 2
408 476 3 8192 2.000000000 2
408 500 3 8192 2.000000000 2
408 504 3 8192 2.000000000 2
408 512 3 8192 2.000000000 2
408 532 3 8192 2.000000000 2
408 536 3 8192 2.000000000 2
408 548 3 8192 2.000000000 2
408 552 3 8192 2.000000000 2
408 596 3 8192 2.000000000 2
408 640 3 8192 2.000000000 2
408 696 3 8192 2.000000000 2
408 708 3 8192 2.000000000 2
408 716 3 8192 2.000000000 2
408 752 3 8192 2.000000000 2
408 796 3 8192 2.000000000 2
408 800 3 8192 2.000000000 2
408 808 3 8192 2.000000000 2
408 860 3 8192 2.000000000 2
408 876 3 8192 2.000000000 2
408 888 3 8192 2.000000000 2
408 924 3 8192 2.000000000 2
408 928 3 8192 2.000000000 2
408 944 3 8192 2.000000000 2
408 956 3 8192 2.000000000 2
408 980 3 8192 2.000000000 2
408 984 3 8192 2.000000000 2
408 1048 3 8192 2.000000000 2
408 1056 3 8192 2.000000000 2
408 1112 3 8192 2.000000000 2
408 1120 3 8192 2.000000000 2
408 1144 3 8192 2.000000000 2
408 1156 3 8192 2.000000000 2
408 1180 3 8192 2.000000000 2
408 1196 3 8192 2.000000000 2
408 1200 3 8192 2.000000000 2
408 1232 3 8192 2.000000000 2
408 1248 3 8192 2.000000000 2
412 0 3 8192 2.000000000 2
412 20 3 8192 2.000000000 2
412 44 3 8192 2.000000000 2
412 68 3 8192 2.000000000 2
412 80 3 8192 2.000000000 2
412 108 3 8192 2.000000000 2
412 112 3 8192 2.000000000 2
412 120 3 8192 2.000000000 2
412 132 3 8192 2.000000000 2
412 148 3 8192 2.000000000 2
412 164 3 8192 2.000000000 2
412 192 3 8192 2.000000000 2
412 208 3 8192 2.000000000 2
412 216 3 8192 2.000000000 2
412 292 3 8192 2.000000000 2
412 296 3 8192 2.000000000 2
412 304 3 8192 2.000000000 2
412 308 3 8192 2.000000000 2
412 312 3 8192 2.000000000 2
412 328 3 8192 2.000000000 2
412 332 3 8192 2.000000000 2
412 356 3 8192 2.000000000 2
412 364 3 8192 2.000000000 2
412 380 3 8192 2.000000000 2
412 400 3 8192 2.000000000 2
412 420 3 8192 2.000000000 2
412 448 3 8192 2.000000000 2
412 480 3 8192 2.000000000 2
412 488 3 8192 2.000000000 2
412 492 3 8192 2.000000000 2
412 496 3 8192 2.000000000 2
412 504 3 8192 2.000000000 2
412 512 3 8192 2.000000000 2
412 516 3 8192 2.000000000 2
412 536 3 8192 2.000000000 2
412 596 3 8192 2.000000000 2
412 636 3 8192 2.000000000 2
412 668 3 8192 2.000000000 2
412 696 3 8192 2.000000000 2
412 736 3 8192 2.000000000 2
412 760 3 8192 2.000000000 2
412 768 3 8192 2.000000000 2
412 816 3 8192 2.000000000 2
412 824 3 8192 2.000000000 2
412 856 3 8192 2.000000000 2
412 884 3 8192 2.000000000 2
412 888 3 8192 2.000000000 2
412 904 3 8192 2.000000000 2
412 912 3 8192 2.000000000 2
412 960 3 8192 2.000000000 2
412 976 3 8192 2.000000000 2
412 1000 3 8192 2.000000000 2
412 1020 3 8192 2.000000000 2
412 1040 3 8192 2.000000000 2
412 1076 3 8192 2.000000000 2
412 1088 3 8192 2.000000000 2
412 1092 3 8192 2.000000000 2
412 1108 3 8192 2.000000000 2
412 1112 3 8192 2.000000000 2
412 1128 3 8192 2.000000000 2
412 1156 3 8192 2.000000000 2
412 1168 3 8192 2.000000000 2
412 1204 3 8192 2.000000000 2
412 1276 3 8192 2.000000000 2
420 48 3 8192 2.000000000 2
420 84 3 8192 2.000000000 2
420 92 3 8192 2.000000000 2
420 96 3 8192 2.000000000 2
420 112 3 8192 2.000000000 2
420 120 3 8192 2.000000000 2
420 124 3 8192 2.000000000 2
420 164 3 8192 2.000000000 2
420 196 3 8192 2.000000000 2
420 208 3 8192 2.000000000 2
420 236 3 8192 2.000000000 2
420 240 3 8192 2.000000000 2
420 320 3 8192 2.000000000 2
420 332 3 8192 2.000000000 2
420 352 3 8192 2.000000000 2
420 356 3 8192 2.000000000 2
420 360 3 8192 2.000000000 2
420 404 3 8192 2.000000000 2
420 432 3 8192 2.000000000 2
420 480 3 8192 2.000000000 2
420 492 3 8192 2.000000000 2
420 528 3 8192 2.000000000 2
420 532 3 8192 2.000000000 2
420 536 3 8192 2.000000000 2
420 552 3 8192 2.000000000 2
420 564 3 8192 2.000000000 2
420 568 3 8192 2.000000000 2
420 640 3 8192 2.000000000 2
420 644 3 8192 2.000000000 2
420 660 3 8192 2.000000000 2
420 664 3 8192 2.000000000 2
420 704 3 8192 2.000000000 2
420 708 3 8192 2.000000000 2
420 720 3 8192 2.000000000 2
420 724 3 8192 2.000000000 2
420 732 3 8192 2.000000000 2
420 748 3 8192 2.000000000 2
420 756 3 8192 2.000000000 2
420 772 3 8192 2.000000000 2
420 784 3 8192 2.000000000 2
420 816 3 8192 2.000000000 2
420 824 3 8192 2.000000000 2
420 828 3 8192 2.000000000 2
420 860 3 8192 2.000000000 2
420 876 3 8192 2.000000000 2
420 892 3 8192 2.000000000 2
420 908 3 8192 2.000000000 2
420 936 3 8192 2.000000000 2
420 948 3 8192 2.000000000 2
420 968 3 8192 2.000000000 2
420 976 3 8192 2.000000000 2
420 996 3 8192 2.000000000 2
420 1008 3 8192 2.000000000 2
420 1016 3 8192 2.000000000 2
420 1020 3 8192 2.000000000 2
420 1032 3 8192 2.000000000 2
420 1076 3 8192 2.000000000 2
420 1080 3 8192 2.000000000 2
420 1116 3 8192 2.000000000 2
420 1204 3 8192 2.000000000 2
420 1248 3 8192 2.000000000 2
420 1264 3 8192 2.000000000 2
420 1272 3 8192 2.000000000 2
420 1276 3 8192 2.000000000 2
424 0 3 8192 2.000000000 2
424 4 3 8192 2.000000000 2
424 8 3 8192 2.000000000 2
424 12 3 8192 2.000000000 2
424 16 3 8192 2.000000000 2
424 24 3 8192 2.000000000 2
424 40 3 8192 2.000000000 2
424 52 3 8192 2.000000000 2
424 72 3 8192 2.000000000 2
424 80 3 8192 2.000000000 2
424 84 3 8192 2.000000000 2
424 88 3 8192 2.000000000 2
424 92 3 8192 2.000000000 2
424 116 3 8192 2.000000000 2
424 120 3 8192 2.000000000 2
424 156 3 8192 2.000000000 2
424 160 3 8192 2.000000000 2
424 180 3 8192 2.000000000 2
424 224 3 8192 2.000000000 2
424 272 3 8192 2.000000000 2
424 304 3 8192 2.000000000 2
424 312 3 8192 2.000000000 2
424 316 3 8192 2.000000000 2
424 324 3 8192 2.000000000 2
424 380 3 8192 2.000000000 2
424 404 3 8192 2.000000000 2
424 432 3 8192 2.000000000 2
424 448 3 8192 2.000000000 2
424 456 3 8192 2.000000000 2
424 468 3 8192 2.000000000 2
424 472 3 8192 2.000000000 2
424 480 3 8192 2.000000000 2
424 488 3 8192 2.000000000 2
424 548 3 8192 2.000000000 2
424 556 3 8192 2.000000000 2
424 568 3 8192 2.000000000 2
424 608 3 8192 2.000000000 2
424 648 3 8192 2.000000000 2
424 656 3 8192 2.000000000 2
424 660 3 8192 2.000000000 2
424 680 3 8192 2.000000000 2
424 684 3 8192 2.000000000 2
424 716 3 8192 2.000000000 2
424 720 3 8192 2.000000000 2
424 740 3 8192 2.000000000 2
424 776 3 8192 2.000000000 2
424 792 3 8192 2.000000000 2
424 804 3 8192 2.000000000 2
424 808 3 8192 2.000000000 2
424 812 3 8192 2.000000000 2
424 884 3 8192 2.000000000 2
424 900 3 8192 2.000000000 2
424 928 3 8192 2.000000000 2
424 944 3 8192 2.000000000 2
424 1000 3 8192 2.000000000 2
424 1008 3 8192 2.000000000 2
424 1036 3 8192 2.000000000 2
424 1040 3 8192 2.000000000 2
424 1056 3 8192 2.000000000 2
424 1108 3 8192 2.000000000 2
424 1128 3 8192 2.000000000 2
424 1156 3 8192 2.000000000 2
424 1172 3 8192 2.000000000 2
424 1272 3 8192 2.000000000 2
428 0 3 8192 2.000000000 2
428 8 3 8192 2.000000000 2
428 16 3 8192 2.000000000 2
428 32 3 8192 2.000000000 2
428 60 3 8192 2.000000000 2
428 84 3 8192 2.000000000 2
428 108 3 8192 2.000000000 2
428 112 3 8192 2.000000000 2
428 120 3 8192 2.000000000 2
428 124 3 8192 2.000000000 2
428 128 3 8192 2.000000000 2
428 140 3 8192 2.000000000 2
428 144 3 8192 2.000000000 2
428 148 3 8192 2.000000000 2
428 160 3 8192 2.000000000 2
428 172 3 8192 2.000000000 2
428 180 3 8192 2.000000000 2
428 208 3 8192 2.000000000 2
428 220 3 8192 2.000000000 2
428 232 3 8192 2.000000000 2
428 272 3 8192 2.000000000 2
428 344 3 8192 2.000000000 2
428 348 3 8192 2.000000000 2
428 352 3 8192 2.000000000 2
428 380 3 8192 2.000000000 2
428 452 3 8192 2.000000000 2
428 464 3 8192 2.000000000 2
428 512 3 8192 2.000000000 2
428 532 3 8192 2.000000000 2
428 572 3 8192 2.000000000 2
428 580 3 8192 2.000000000 2
428 600 3 8192 2.000000000 2
428 612 3 8192 2.000000000 2
428 620 3 8192 2.000000000 2
428 624 3 8192 2.000000000 2
428 656 3 8192 2.000000000 2
428 680 3 8192 2.000000000 2
428 696 3 8192 2.000000000 2
428 700 3 8192 2.000000000 2
428 708 3 8192 2.000000000 2
428 720 3 8192 2.000000000 2
428 740 3 8192 2.000000000 2
428 768 3 8192 2.000000000 2
428 800 3 8192 2.000000000 2
428 864 3 8192 2.000000000 2
428 876 3 8192 2.000000000 2
428 888 3 8192 2.000000000 2
428 904 3 8192 2.000000000 2
428 936 3 8192 2.000000000 2
428 944 3 8192 2.000000000 2
428 956 3 8192 2.000000000 2
428 964 3 8192 2.000000000 2
428 976 3 8192 2.000000000 2
428 984 3 8192 2.000000000 2
428 988 3 8192 2.000000000 2
428 1000 3 8192 2.000000000 2
428 1008 3 8192 2.000000000 2
428 1088 3 8192 2.000000000 2
428 1148 3 8192 2.000000000 2
428 1204 3 8192 2.000000000 2
428 1224 3 8192 2.000000000 2
428 1232 3 8192 2.000000000 2
428 1272 3 8192 2.000000000 2
428 1276 3 8192 2.000000000 2
432 12 3 8192 2.000000000 2
432 20 3 8192 2.000000000 2
432 24 3 8192 2.000000000 2
432 28 3 8192 2.000000000 2
432 36 3 8192 2.000000000 2
432 80 3 8192 2.000000000 2
432 88 3 8192 2.000000000 2
432 128 3 8192 2.000000000 2
432 140 3 8192 2.000000000 2
432 168 3 8192 2.000000000 2
432 208 3 8192 2.000000000 2
432 232 3 8192 2.000000000 2
432 252 3 8192 2.000000000 2
432 264 3 8192 2.000000000 2
432 272 3 8192 2.000000000 2
432 296 3 8192 2.000000000 2
432 316 3 8192 2.000000000 2
432 320 3 8192 2.000000000 2
432 324 3 8192 2.000000000 2
432 348 3 8192 2.000000000 2
432 352 3 8192 2.000000000 2
432 360 3 8192 2.000000000 2
432 368 3 8192 2.000000000 2
432 428 3 8192 2.000000000 2
432 464 3 8192 2.000000000 2
432 472 3 8192 2.000000000 2
432 476 3 8192 2.000000000 2
432 488 3 8192 2.000000000 2
432 548 3 8192 2.000000000 2
432 560 3 8192 2.000000000 2
432 564 3 8192 2.000000000 2
432 568 3 8192 2.000000000 2
432 580 3 8192 2.000000000 2
432 584 3 8192 2.000000000 2
432 704 3 8192 2.000000000 2
432 720 3 8192 2.000000000 2
432 732 3 8192 2.000000000 2
432 764 3 8192 2.000000000 2
432 768 3 8192 2.000000000 2
432 772 3 8192 2.000000000 2
432 780 3 8192 2.000000000 2
432 812 3 8192 2.000000000 2
432 824 3 8192 2.000000000 2
432 828 3 8192 2.000000000 2
432 856 3 8192 2.000000000 2
432 872 3 8192 2.000000000 2
432 888 3 8192 2.000000000 2
432 912 3 8192 2.000000000 2
432 924 3 8192 2.000000000 2
432 932 3 8192 2.000000000 2
432 960 3 8192 2.000000000 2
432 996 3 8192 2.000000000 2
432 1020 3 8192 2.000000000 2
432 1048 3 8192 2.000000000 2
432 1056 3 8192 2.000000000 2
432 1080 3 8192 2.000000000 2
432 1108 3 8192 2.000000000 2
432 1112 3 8192 2.000000000 2
432 1180 3 8192 2.000000000 2
432 1220 3 8192 2.000000000 2
432 1244 3 8192 2.000000000 2
432 1256 3 8192 2.000000000 2
432 1264 3 8192 2.000000000 2
432 1276 3 8192 2.000000000 2
436 4 3 8192 2.000000000 2
436 12 3 8192 2.000000000 2
436 16 3 8192 2.000000000 2
436 36 3 8192 2.000000000 2
436 56 3 8192 2.000000000 2
436 68 3 8192 2.000000000 2
436 84 3 8192 2.000000000 2
436 88 3 8192 2.000000000 2
436 124 3 8192 2.000000000 2
436 140 3 8192 2.000000000 2
436 148 3 8192 2.000000000 2
436 152 3 8192 2.000000000 2
436 156 3 8192 2.000000000 2
436 168 3 8192 2.000000000 2
436 180 3 8192 2.000000000 2
436 208 3 8192 2.000000000 2
436 236 3 8192 2.000000000 2
436 240 3 8192 2.000000000 2
436 248 3 8192 2.000000000 2
436 280 3 8192 2.000000000 2
436 284 3 8192 2.000000000 2
436 304 3 8192 2.000000000 2
436 308 3 8192 2.000000000 2
436 312 3 8192 2.000000000 2
436 316 3 8192 2.000000000 2
436 328 3 8192 2.000000000 2
436 364 3 8192 2.000000000 2
436 388 3 8192 2.000000000 2
436 392 3 8192 2.000000000 2
436 420 3 8192 2.000000000 2
436 432 3 8192 2.000000000 2
436 456 3 8192 2.000000000 2
436 480 3 8192 2.000000000 2
436 516 3 8192 2.000000000 2
436 568 3 8192 2.000000000 2
436 612 3 8192 2.000000000 2
436 644 3 8192 2.000000000 2
436 648 3 8192 2.000000000 2
436 656 3 8192 2.000000000 2
436 720 3 8192 2.000000000 2
436 772 3 8192 2.000000000 2
436 796 3 8192 2.000000000 2
436 800 3 8192 2.000000000 2
436 828 3 8192 2.000000000 2
436 832 3 8192 2.000000000 2
436 900 3 8192 2.000000000 2
436 912 3 8192 2.000000000 2
436 948 3 8192 2.000000000 2
436 984 3 8192 2.000000000 2
436 1004 3 8192 2.000000000 2
436 1012 3 8192 2.000000000 2
436 1040 3 8192 2.000000000 2
436 1068 3 8192 2.000000000 2
436 1084 3 8192 2.000000000 2
436 1088 3 8192 2.000000000 2
436 1128 3 8192 2.000000000 2
436 1144 3 8192 2.000000000 2
436 1164 3 8192 2.000000000 2
436 1168 3 8192 2.000000000 2
436 1180 3 8192 2.000000000 2
436 1196 3 8192 2.000000000 2
436 1224 3 8192 2.000000000 2
436 1232 3 8192 2.000000000 2
436 1264 3 8192 2.000000000 2
440 24 3 8192 2.000000000 2
440 44 3 8192 2.000000000 2
440 52 3 8192 2.000000000 2
440 56 3 8192 2.000000000 2
440 84 3 8192 2.000000000 2
440 96 3 8192 2.000000000 2
440 100 3 8192 2.000000000 2
440 116 3 8192 2.000000000 2
440 132 3 8192 2.000000000 2
440 172 3 8192 2.000000000 2
440 180 3 8192 2.000000000 2
440 208 3 8192 2.000000000 2
440 212 3 8192 2.000000000 2
440 220 3 8192 2.000000000 2
440 240 3 8192 2.000000000 2
440 264 3 8192 2.000000000 2
440 272 3 8192 2.000000000 2
440 276 3 8192 2.000000000 2
440 284 3 8192 2.000000000 2
440 308 3 8192 2.000000000 2
440 320 3 8192 2.000000000 2
440 352 3 8192 2.000000000 2
440 356 3 8192 2.000000000 2
440 368 3 8192 2.000000000 2
440 400 3 8192 2.000000000 2
440 412 3 8192 2.000000000 2
440 468 3 8192 2.000000000 2
440 500 3 8192 2.000000000 2
440 532 3 8192 2.000000000 2
440 536 3 8192 2.000000000 2
440 540 3 8192 2.000000000 2
440 580 3 8192 2.000000000 2
440 600 3 8192 2.000000000 2
440 620 3 8192 2.000000000 2
440 624 3 8192 2.000000000 2
440 664 3 8192 2.000000000 2
440 668 3 8192 2.000000000 2
440 704 3 8192 2.000000000 2
440 720 3 8192 2.000000000 2
440 732 3 8192 2.000000000 2
440 744 3 8192 2.000000000 2
440 748 3 8192 2.000000000 2
440 784 3 8192 2.000000000 2
440 796 3 8192 2.000000000 2
440 836 3 8192 2.000000000 2
440 848 3 8192 2.000000000 2
440 876 3 8192 2.000000000 2
440 888 3 8192 2.000000000 2
440 892 3 8192 2.000000000 2
440 900 3 8192 2.000000000 2
440 908 3 8192 2.000000000 2
440 944 3 8192 2.000000000 2
440 948 3 8192 2.000000000 2
440 996 3 8192 2.000000000 2
440 1000 3 8192 2.000000000 2
440 1012 3 8192 2.000000000 2
440 1028 3 8192 2.000000000 2
440 1036 3 8192 2.000000000 2
440 1052 3 8192 2.000000000 2
440 1100 3 8192 2.000000000 2
440 1108 3 8192 2.000000000 2
440 1128 3 8192 2.000000000 2
440 1144 3 8192 2.000000000 2
440 1156 3 8192 2.000000000 2
444 16 3 8192 2.000000000 2
444 20 3 8192 2.000000000 2
444 44 3 8192 2.000000000 2
444 52 3 8192 2.000000000 2
444 116 3 8192 2.000000000 2
444 140 3 8192 2.000000000 2
444 152 3 8192 2.000000000 2
444 164 3 8192 2.000000000 2
444 168 3 8192 2.000000000 2
444 200 3 8192 2.000000000 2
444 216 3 8192 2.000000000 2
444 244 3 8192 2.000000000 2
444 276 3 8192 2.000000000 2
444 284 3 8192 2.000000000 2
444 296 3 8192 2.000000000 2
444 304 3 8192 2.000000000 2
444 348 3 8192 2.000000000 2
444 360 3 8192 2.000000000 2
444 364 3 8192 2.000000000 2
444 368 3 8192 2.000000000 2
444 388 3 8192 2.000000000 2
444 392 3 8192 2.000000000 2
444 404 3 8192 2.000000000 2
444 412 3 8192 2.000000000 2
444 420 3 8192 2.000000000 2
444 464 3 8192 2.000000000 2
444 484 3 8192 2.000000000 2
444 496 3 8192 2.000000000 2
444 536 3 8192 2.000000000 2
444 640 3 8192 2.000000000 2
444 644 3 8192 2.000000000 2
444 660 3 8192 2.000000000 2
444 684 3 8192 2.000000000 2
444 724 3 8192 2.000000000 2
444 736 3 8192 2.000000000 2
444 740 3 8192 2.000000000 2
444 756 3 8192 2.000000000 2
444 760 3 8192 2.000000000 2
444 784 3 8192 2.000000000 2
444 792 3 8192 2.000000000 2
444 796 3 8192 2.000000000 2
444 828 3 8192 2.000000000 2
444 888 3 8192 2.000000000 2
444 908 3 8192 2.000000000 2
444 912 3 8192 2.000000000 2
444 924 3 8192 2.000000000 2
444 928 3 8192 2.000000000 2
444 936 3 8192 2.000000000 2
444 964 3 8192 2.000000000 2
444 980 3 8192 2.000000000 2
444 1000 3 8192 2.000000000 2
444 1028 3 8192 2.000000000 2
444 1076 3 8192 2.000000000 2
444 1104 3 8192 2.000000000 2
444 1112 3 8192 2.000000000 2
444 1116 3 8192 2.000000000 2
444 1120 3 8192 2.000000000 2
444 1128 3 8192 2.000000000 2
444 1144 3 8192 2.000000000 2
444 1180 3 8192 2.000000000 2
444 1200 3 8192 2.000000000 2
444 1224 3 8192 2.000000000 2
444 1244 3 8192 2.000000000 2
444 1276 3 8192 2.000000000 2
448 4 3 8192 2.000000000 2
448 16 3 8192 2.000000000 2
448 32 3 8192 2.000000000 2
448 40 3 8192 2.000000000 2
448 60 3 8192 2.000000000 2
448 64 3 8192 2.000000000 2
448 108 3 8192 2.000000000 2
448 128 3 8192 2.000000000 2
448 156 3 8192 2.000000000 2
448 160 3 8192 2.000000000 2
448 164 3 8192 2.000000000 2
448 172 3 8192 2.000000000 2
448 184 3 8192 2.000000000 2
448 224 3 8192 2.000000000 2
448 232 3 8192 2.000000000 2
448 236 3 8192 2.000000000 2
448 240 3 8192 2.000000000 2
448 276 3 8192 2.000000000 2
448 292 3 8192 2.000000000 2
448 308 3 8192 2.000000000 2
448 320 3 8192 2.000000000 2
448 392 3 8192 2.000000000 2
448 408 3 8192 2.000000000 2
448 432 3 8192 2.000000000 2
448 444 3 8192 2.000000000 2
448 460 3 8192 2.000000000 2
448 480 3 8192 2.000000000 2
448 516 3 8192 2.000000000 2
448 548 3 8192 2.000000000 2
448 568 3 8192 2.000000000 2
448 612 3 8192 2.000000000 2
448 620 3 8192 2.000000000 2
448 644 3 8192 2.000000000 2
448 648 3 8192 2.000000000 2
448 660 3 8192 2.000000000 2
448 680 3 8192 2.000000000 2
448 684 3 8192 2.000000000 2
448 700 3 8192 2.000000000 2
448 752 3 8192 2.000000000 2
448 776 3 8192 2.000000000 2
448 780 3 8192 2.000000000 2
448 784 3 8192 2.000000000 2
448 804 3 8192 2.000000000 2
448 836 3 8192 2.000000000 2
448 848 3 8192 2.000000000 2
448 872 3 8192 2.000000000 2
448 876 3 8192 2.000000000 2
448 904 3 8192 2.000000000 2
448 924 3 8192 2.000000000 2
448 964 3 8192 2.000000000 2
448 980 3 8192 2.000000000 2
448 984 3 8192 2.000000000 2
448 996 3 8192 2.000000000 2
448 1008 3 8192 2.000000000 2
448 1032 3 8192 2.000000000 2
448 1040 3 8192 2.000000000 2
448 1052 3 8192 2.000000000 2
448 1068 3 8192 2.000000000 2
448 1076 3 8192 2.000000000 2
448 1084 3 8192 2.000000000 2
448 1164 3 8192 2.000000000 2
448 1180 3 8192 2.000000000 2
448 1252 3 8192 2.000000000 2
448 1260 3 8192 2.000000000 2
452 4 3 8192 2.000000000 2
452 8 3 8192 2.000000000 2
452 24 3 8192 2.000000000 2
452 44 3 8192 2.000000000 2
452 88 3 8192 2.000000000 2
452 152 3 8192 2.000000000 2
452 156 3 8192 2.000000000 2
452 164 3 8192 2.000000000 2
452 176 3 8192 2.000000000 2
452 180 3 8192 2.000000000 2
452 196 3 8192 2.000000000 2
452 212 3 8192 2.000000000 2
452 224 3 8192 2.000000000 2
452 280 3 8192 2.000000000 2
452 304 3 8192 2.000000000 2
452 308 3 8192 2.000000000 2
452 344 3 8192 2.000000000 2
452 356 3 8192 2.000000000 2
452 368 3 8192 2.000000000 2
452 400 3 8192 2.000000000 2
452 468 3 8192 2.000000000 2
452 476 3 8192 2.000000000 2
452 500 3 8192 2.000000000 2
452 524 3 8192 2.000000000 2
452 568 3 8192 2.000000000 2
452 608 3 8192 2.000000000 2
452 620 3 8192 2.000000000 2
452 708 3 8192 2.000000000 2
452 736 3 8192 2.000000000 2
452 740 3 8192 2.000000000 2
452 768 3 8192 2.000000000 2
452 772 3 8192 2.000000000 2
452 780 3 8192 2.000000000 2
452 784 3 8192 2.000000000 2
452 824 3 8192 2.000000000 2
452 828 3 8192 2.000000000 2
452 836 3 8192 2.000000000 2
452 848 3 8192 2.000000000 2
452 856 3 8192 2.000000000 2
452 860 3 8192 2.000000000 2
452 872 3 8192 2.000000000 2
452 876 3 8192 2.000000000 2
452 892 3 8192 2.000000000 2
452 904 3 8192 2.000000000 2
452 908 3 8192 2.000000000 2
452 964 3 8192 2.000000000 2
452 1012 3 8192 2.000000000 2
452 1028 3 8192 2.000000000 2
452 1032 3 8192 2.000000000 2
452 1036 3 8192 2.000000000 2
452 1048 3 8192 2.000000000 2
452 1104 3 8192 2.000000000 2
452 1128 3 8192 2.000000000 2
452 1144 3 8192 2.000000000 2
452 1164 3 8192 2.000000000 2
452 1168 3 8192 2.000000000 2
452 1180 3 8192 2.000000000 2
452 1184 3 8192 2.000000000 2
452 1204 3 8192 2.000000000 2
452 1236 3 8192 2.000000000 2
452 1244 3 8192 2.000000000 2
452 1248 3 8192 2.000000000 2
452 1252 3 8192 2.000000000 2
452 1256 3 8192 2.000000000 2
456 0 3 8192 2.000000000 2
456 12 3 8192 2.000000000 2
456 28 3 8192 2.000000000 2
456 32 3 8192 2.000000000 2
456 48 3 8192 2.000000000 2
456 56 3 8192 2.000000000 2
456 68 3 8192 2.000000000 2
456 80 3 8192 2.000000000 2
456 88 3 8192 2.000000000 2
456 100 3 8192 2.000000000 2
456 140 3 8192 2.000000000 2
456 144 3 8192 2.000000000 2
456 152 3 8192 2.000000000 2
456 156 3 8192 2.000000000 2
456 168 3 8192 2.000000000 2
456 176 3 8192 2.000000000 2
456 184 3 8192 2.000000000 2
456 196 3 8192 2.000000000 2
456 208 3 8192 2.000000000 2
456 212 3 8192 2.000000000 2
456 224 3 8192 2.000000000 2
456 236 3 8192 2.000000000 2
456 252 3 8192 2.000000000 2
456 312 3 8192 2.000000000 2
456 316 3 8192 2.000000000 2
456 324 3 8192 2.000000000 2
456 360 3 8192 2.000000000 2
456 368 3 8192 2.000000000 2
456 392 3 8192 2.000000000 2
456 400 3 8192 2.000000000 2
456 424 3 8192 2.000000000 2
456 452 3 8192 2.000000000 2
456 464 3 8192 2.000000000 2
456 476 3 8192 2.000000000 2
456 484 3 8192 2.000000000 2
456 492 3 8192 2.000000000 2
456 512 3 8192 2.000000000 2
456 520 3 8192 2.000000000 2
456 572 3 8192 2.000000000 2
456 596 3 8192 2.000000000 2
456 644 3 8192 2.000000000 2
456 668 3 8192 2.000000000 2
456 716 3 8192 2.000000000 2
456 736 3 8192 2.000000000 2
456 760 3 8192 2.000000000 2
456 828 3 8192 2.000000000 2
456 836 3 8192 2.000000000 2
456 860 3 8192 2.000000000 2
456 864 3 8192 2.000000000 2
456 872 3 8192 2.000000000 2
456 876 3 8192 2.000000000 2
456 892 3 8192 2.000000000 2
456 924 3 8192 2.000000000 2
456 948 3 8192 2.000000000 2
456 956 3 8192 2.000000000 2
456 968 3 8192 2.000000000 2
456 980 3 8192 2.000000000 2
456 1000 3 8192 2.000000000 2
456 1012 3 8192 2.000000000 2
456 1036 3 8192 2.000000000 2
456 1080 3 8192 2.000000000 2
456 1088 3 8192 2.000000000 2
456 1116 3 8192 2.000000000 2
456 1244 3 8192 2.000000000 2
460 0 3 8192 2.000000000 2
460 12 3 8192 2.000000000 2
460 16 3 8192 2.000000000 2
460 40 3 8192 2.000000000 2
460 60 3 8192 2.000000000 2
460 72 3 8192 2.000000000 2
460 80 3 8192 2.000000000 2
460 92 3 8192 2.000000000 2
460 108 3 8192 2.000000000 2
460 112 3 8192 2.000000000 2
460 120 3 8192 2.000000000 2
460 124 3 8192 2.000000000 2
460 160 3 8192 2.000000000 2
460 164 3 8192 2.000000000 2
460 172 3 8192 2.000000000 2
460 184 3 8192 2.000000000 2
460 196 3 8192 2.000000000 2
460 212 3 8192 2.000000000 2
460 224 3 8192 2.000000000 2
460 232 3 8192 2.000000000 2
460 248 3 8192 2.000000000 2
460 276 3 8192 2.000000000 2
460 300 3 8192 2.000000000 2
460 324 3 8192 2.000000000 2
460 328 3 8192 2.000000000 2
460 344 3 8192 2.000000000 2
460 368 3 8192 2.000000000 2
460 388 3 8192 2.000000000 2
460 392 3 8192 2.000000000 2
460 432 3 8192 2.000000000 2
460 436 3 8192 2.000000000 2
460 492 3 8192 2.000000000 2
460 524 3 8192 2.000000000 2
460 532 3 8192 2.000000000 2
460 548 3 8192 2.000000000 2
460 552 3 8192 2.000000000 2
460 564 3 8192 2.000000000 2
460 596 3 8192 2.000000000 2
460 600 3 8192 2.000000000 2
460 612 3 8192 2.000000000 2
460 624 3 8192 2.000000000 2
460 636 3 8192 2.000000000 2
460 668 3 8192 2.000000000 2
460 672 3 8192 2.000000000 2
460 708 3 8192 2.000000000 2
460 736 3 8192 2.000000000 2
460 760 3 8192 2.000000000 2
460 776 3 8192 2.000000000 2
460 792 3 8192 2.000000000 2
460 796 3 8192 2.000000000 2
460 800 3 8192 2.000000000 2
460 812 3 8192 2.000000000 2
460 848 3 8192 2.000000000 2
460 884 3 8192 2.000000000 2
460 892 3 8192 2.000000000 2
460 924 3 8192 2.000000000 2
460 940 3 8192 2.000000000 2
460 984 3 8192 2.000000000 2
460 988 3 8192 2.000000000 2
460 1008 3 8192 2.000000000 2
460 1084 3 8192 2.000000000 2
460 1120 3 8192 2.000000000 2
460 1144 3 8192 2.000000000 2
460 1272 3 8192 2.000000000 2
464 4 3 8192 2.000000000 2
464 24 3 8192 2.000000000 2
464 44 3 8192 2.000000000 2
464 56 3 8192 2.000000000 2
464 60 3 8192 2.000000000 2
464 112 3 8192 2.000000000 2
464 132 3 8192 2.000000000 2
464 148 3 8192 2.000000000 2
464 156 3 8192 2.000000000 2
464 164 3 8192 2.000000000 2
464 168 3 8192 2.000000000 2
464 172 3 8192 2.000000000 2
464 196 3 8192 2.000000000 2
464 252 3 8192 2.000000000 2
464 272 3 8192 2.000000000 2
464 312 3 8192 2.000000000 2
464 320 3 8192 2.000000000 2
464 348 3 8192 2.000000000 2
464 352 3 8192 2.000000000 2
464 360 3 8192 2.000000000 2
464 392 3 8192 2.000000000 2
464 408 3 8192 2.000000000 2
464 412 3 8192 2.000000000 2
464 432 3 8192 2.000000000 2
464 440 3 8192 2.000000000 2
464 452 3 8192 2.000000000 2
464 468 3 8192 2.000000000 2
464 484 3 8192 2.000000000 2
464 488 3 8192 2.000000000 2
464 500 3 8192 2.000000000 2
464 504 3 8192 2.000000000 2
464 540 3 8192 2.000000000 2
464 548 3 8192 2.000000000 2
464 572 3 8192 2.000000000 2
464 580 3 8192 2.000000000 2
464 636 3 8192 2.000000000 2
464 660 3 8192 2.000000000 2
464 680 3 8192 2.000000000 2
464 704 3 8192 2.000000000 2
464 724 3 8192 2.000000000 2
464 736 3 8192 2.000000000 2
464 744 3 8192 2.000000000 2
464 796 3 8192 2.000000000 2
464 804 3 8192 2.000000000 2
464 808 3 8192 2.000000000 2
464 812 3 8192 2.000000000 2
464 848 3 8192 2.000000000 2
464 856 3 8192 2.000000000 2
464 872 3 8192 2.000000000 2
464 876 3 8192 2.000000000 2
464 912 3 8192 2.000000000 2
464 940 3 8192 2.000000000 2
464 948 3 8192 2.000000000 2
464 960 3 8192 2.000000000 2
464 980 3 8192 2.000000000 2
464 984 3 8192 2.000000000 2
464 1036 3 8192 2.000000000 2
464 1088 3 8192 2.000000000 2
464 1104 3 8192 2.000000000 2
464 1112 3 8192 2.000000000 2
464 1172 3 8192 2.000000000 2
464 1244 3 8192 2.000000000 2
464 1260 3 8192 2.000000000 2
464 1272 3 8192 2.000000000 2
468 44 3 8192 2.000000000 2
468 52 3 8192 2.000000000 2
468 80 3 8192 2.000000000 2
468 88 3 8192 2.000000000 2
468 108 3 8192 2.000000000 2
468 120 3 8192 2.000000000 2
468 128 3 8192 2.000000000 2
468 144 3 8192 2.000000000 2
468 148 3 8192 2.000000000 2
468 160 3 8192 2.000000000 2
468 164 3 8192 2.000000000 2
468 208 3 8192 2.000000000 2
468 216 3 8192 2.000000000 2
468 224 3 8192 2.000000000 2
468 236 3 8192 2.000000000 2
468 248 3 8192 2.000000000 2
468 252 3 8192 2.000000000 2
468 300 3 8192 2.000000000 2
468 324 3 8192 2.000000000 2
468 356 3 8192 2.000000000 2
468 388 3 8192 2.000000000 2
468 408 3 8192 2.000000000 2
468 412 3 8192 2.000000000 2
468 420 3 8192 2.000000000 2
468 424 3 8192 2.000000000 2
468 428 3 8192 2.000000000 2
468 444 3 8192 2.000000000 2
468 448 3 8192 2.000000000 2
468 464 3 8192 2.000000000 2
468 488 3 8192 2.000000000 2
468 504 3 8192 2.000000000 2
468 516 3 8192 2.000000000 2
468 564 3 8192 2.000000000 2
468 596 3 8192 2.000000000 2
468 612 3 8192 2.000000000 2
468 636 3 8192 2.000000000 2
468 656 3 8192 2.000000000 2
468 664 3 8192 2.000000000 2
468 680 3 8192 2.000000000 2
468 720 3 8192 2.000000000 2
468 740 3 8192 2.000000000 2
468 796 3 8192 2.000000000 2
468 816 3 8192 2.000000000 2
468 856 3 8192 2.000000000 2
468 872 3 8192 2.000000000 2
468 908 3 8192 2.000000000 2
468 940 3 8192 2.000000000 2
468 948 3 8192 2.000000000 2
468 956 3 8192 2.000000000 2
468 1000 3 8192 2.000000000 2
468 1012 3 8192 2.000000000 2
468 1052 3 8192 2.000000000 2
468 1084 3 8192 2.000000000 2
468 1108 3 8192 2.000000000 2
468 1112 3 8192 2.000000000 2
468 1120 3 8192 2.000000000 2
468 1156 3 8192 2.000000000 2
468 1168 3 8192 2.000000000 2
468 1172 3 8192 2.000000000 2
468 1184 3 8192 2.000000000 2
468 1196 3 8192 2.000000000 2
468 1236 3 8192 2.000000000 2
468 1256 3 8192 2.000000000 2
468 1276 3 8192 2.000000000 2
472 4 3 8192 2.000000000 2
472 16 3 8192 2.000000000 2
472 44 3 8192 2.000000000 2
472 52 3 8192 2.000000000 2
472 60 3 8192 2.000000000 2
472 68 3 8192 2.000000000 2
472 100 3 8192 2.000000000 2
472 116 3 8192 2.000000000 2
472 120 3 8192 2.000000000 2
472 132 3 8192 2.000000000 2
472 140 3 8192 2.000000000 2
472 168 3 8192 2.000000000 2
472 184 3 8192 2.000000000 2
472 192 3 8192 2.000000000 2
472 196 3 8192 2.000000000 2
472 200 3 8192 2.000000000 2
472 208 3 8192 2.000000000 2
472 220 3 8192 2.000000000 2
472 236 3 8192 2.000000000 2
472 248 3 8192 2.000000000 2
472 264 3 8192 2.000000000 2
472 296 3 8192 2.000000000 2
472 308 3 8192 2.000000000 2
472 332 3 8192 2.000000000 2
472 408 3 8192 2.000000000 2
472 436 3 8192 2.000000000 2
472 440 3 8192 2.000000000 2
472 456 3 8192 2.000000000 2
472 464 3 8192 2.000000000 2
472 476 3 8192 2.000000000 2
472 480 3 8192 2.000000000 2
472 492 3 8192 2.000000000 2
472 540 3 8192 2.000000000 2
472 564 3 8192 2.000000000 2
472 584 3 8192 2.000000000 2
472 608 3 8192 2.000000000 2
472 612 3 8192 2.000000000 2
472 624 3 8192 2.000000000 2
472 640 3 8192 2.000000000 2
472 648 3 8192 2.000000000 2
472 660 3 8192 2.000000000 2
472 736 3 8192 2.000000000 2
472 740 3 8192 2.000000000 2
472 752 3 8192 2.000000000 2
472 796 3 8192 2.000000000 2
472 800 3 8192 2.000000000 2
472 816 3 8192 2.000000000 2
472 848 3 8192 2.000000000 2
472 876 3 8192 2.000000000 2
472 888 3 8192 2.000000000 2
472 892 3 8192 2.000000000 2
472 944 3 8192 2.000000000 2
472 960 3 8192 2.000000000 2
472 984 3 8192 2.000000000 2
472 1000 3 8192 2.000000000 2
472 1016 3 8192 2.000000000 2
472 1092 3 8192 2.000000000 2
472 1128 3 8192 2.000000000 2
472 1164 3 8192 2.000000000 2
472 1172 3 8192 2.000000000 2
472 1180 3 8192 2.000000000 2
472 1184 3 8192 2.000000000 2
472 1204 3 8192 2.000000000 2
472 1272 3 8192 2.000000000 2
476 8 3 8192 2.000000000 2
476 16 3 8192 2.000000000 2
476 24 3 8192 2.000000000 2
476 36 3 8192 2.000000000 2
476 44 3 8192 2.000000000 2
476 72 3 8192 2.000000000 2
476 88 3 8192 2.000000000 2
476 144 3 8192 2.000000000 2
476 148 3 8192 2.000000000 2
476 176 3 8192 2.000000000 2
476 192 3 8192 2.000000000 2
476 208 3 8192 2.000000000 2
476 220 3 8192 2.000000000 2
476 248 3 8192 2.000000000 2
476 276 3 8192 2.000000000 2
476 280 3 8192 2.000000000 2
476 292 3 8192 2.000000000 2
476 296 3 8192 2.000000000 2
476 304 3 8192 2.000000000 2
476 308 3 8192 2.000000000 2
476 320 3 8192 2.000000000 2
476 328 3 8192 2.000000000 2
476 348 3 8192 2.000000000 2
476 404 3 8192 2.000000000 2
476 420 3 8192 2.000000000 2
476 432 3 8192 2.000000000 2
476 440 3 8192 2.000000000 2
476 480 3 8192 2.000000000 2
476 488 3 8192 2.000000000 2
476 500 3 8192 2.000000000 2
476 532 3 8192 2.000000000 2
476 568 3 8192 2.000000000 2
476 620 3 8192 2.000000000 2
476 624 3 8192 2.000000000 2
476 644 3 8192 2.000000000 2
476 708 3 8192 2.000000000 2
476 720 3 8192 2.000000000 2
476 736 3 8192 2.000000000 2
476 752 3 8192 2.000000000 2
476 756 3 8192 2.000000000 2
476 768 3 8192 2.000000000 2
476 780 3 8192 2.000000000 2
476 796 3 8192 2.000000000 2
476 804 3 8192 2.000000000 2
476 808 3 8192 2.000000000 2
476 824 3 8192 2.000000000 2
476 828 3 8192 2.000000000 2
476 832 3 8192 2.000000000 2
476 848 3 8192 2.000000000 2
476 860 3 8192 2.000000000 2
476 888 3 8192 2.000000000 2
476 912 3 8192 2.000000000 2
476 964 3 8192 2.000000000 2
476 984 3 8192 2.000000000 2
476 1016 3 8192 2.000000000 2
476 1020 3 8192 2.000000000 2
476 1040 3 8192 2.000000000 2
476 1100 3 8192 2.000000000 2
476 1116 3 8192 2.000000000 2
476 1148 3 8192 2.000000000 2
476 1196 3 8192 2.000000000 2
476 1220 3 8192 2.000000000 2
476 1256 3 8192 2.000000000 2
476 1264 3 8192 2.000000000 2
480 12 3 8192 2.000000000 2
480 36 3 8192 2.000000000 2
480 92 3 8192 2.000000000 2
480 96 3 8192 2.000000000 2
480 108 3 8192 2.000000000 2
480 132 3 8192 2.000000000 2
480 140 3 8192 2.000000000 2
480 148 3 8192 2.000000000 2
480 152 3 8192 2.000000000 2
480 156 3 8192 2.000000000 2
480 176 3 8192 2.000000000 2
480 200 3 8192 2.000000000 2
480 216 3 8192 2.000000000 2
480 232 3 8192 2.000000000 2
480 236 3 8192 2.000000000 2
480 280 3 8192 2.000000000 2
480 312 3 8192 2.000000000 2
480 316 3 8192 2.000000000 2
480 324 3 8192 2.000000000 2
480 408 3 8192 2.000000000 2
480 412 3 8192 2.000000000 2
480 420 3 8192 2.000000000 2
480 436 3 8192 2.000000000 2
480 452 3 8192 2.000000000 2
480 464 3 8192 2.000000000 2
480 472 3 8192 2.000000000 2
480 484 3 8192 2.000000000 2
480 488 3 8192 2.000000000 2
480 496 3 8192 2.000000000 2
480 512 3 8192 2.000000000 2
480 536 3 8192 2.000000000 2
480 540 3 8192 2.000000000 2
480 548 3 8192 2.000000000 2
480 596 3 8192 2.000000000 2
480 608 3 8192 2.000000000 2
480 624 3 8192 2.000000000 2
480 640 3 8192 2.000000000 2
480 644 3 8192 2.000000000 2
480 656 3 8192 2.000000000 2
480 664 3 8192 2.000000000 2
480 700 3 8192 2.000000000 2
480 708 3 8192 2.000000000 2
480 732 3 8192 2.000000000 2
480 756 3 8192 2.000000000 2
480 772 3 8192 2.000000000 2
480 780 3 8192 2.000000000 2
480 828 3 8192 2.000000000 2
480 864 3 8192 2.000000000 2
480 872 3 8192 2.000000000 2
480 892 3 8192 2.000000000 2
480 900 3 8192 2.000000000 2
480 908 3 8192 2.000000000 2
480 912 3 8192 2.000000000 2
480 932 3 8192 2.000000000 2
480 948 3 8192 2.000000000 2
480 956 3 8192 2.000000000 2
480 996 3 8192 2.000000000 2
480 1020 3 8192 2.000000000 2
480 1052 3 8192 2.000000000 2
480 1088 3 8192 2.000000000 2
480 1128 3 8192 2.000000000 2
480 1144 3 8192 2.000000000 2
480 1256 3 8192 2.000000000 2
480 1272 3 8192 2.000000000 2
484 8 3 8192 2.000000000 2
484 16 3 8192 2.000000000 2
484 32 3 8192 2.000000000 2
484 48 3 8192 2.000000000 2
484 80 3 8192 2.000000000 2
484 88 3 8192 2.000000000 2
484 92 3 8192 2.000000000 2
484 108 3 8192 2.000000000 2
484 120 3 8192 2.000000000 2
484 140 3 8192 2.000000000 2
484 148 3 8192 2.000000000 2
484 168 3 8192 2.000000000 2
484 172 3 8192 2.000000000 2
484 176 3 8192 2.000000000 2
484 196 3 8192 2.000000000 2
484 284 3 8192 2.000000000 2
484 292 3 8192 2.000000000 2
484 296 3 8192 2.000000000 2
484 316 3 8192 2.000000000 2
484 324 3 8192 2.000000000 2
484 344 3 8192 2.000000000 2
484 356 3 8192 2.000000000 2
484 360 3 8192 2.000000000 2
484 364 3 8192 2.000000000 2
484 368 3 8192 2.000000000 2
484 408 3 8192 2.000000000 2
484 420 3 8192 2.000000000 2
484 424 3 8192 2.000000000 2
484 452 3 8192 2.000000000 2
484 464 3 8192 2.000000000 2
484 468 3 8192 2.000000000 2
484 500 3 8192 2.000000000 2
484 516 3 8192 2.000000000 2
484 520 3 8192 2.000000000 2
484 560 3 8192 2.000000000 2
484 600 3 8192 2.000000000 2
484 644 3 8192 2.000000000 2
484 716 3 8192 2.000000000 2
484 720 3 8192 2.000000000 2
484 772 3 8192 2.000000000 2
484 796 3 8192 2.000000000 2
484 808 3 8192 2.000000000 2
484 816 3 8192 2.000000000 2
484 828 3 8192 2.000000000 2
484 872 3 8192 2.000000000 2
484 892 3 8192 2.000000000 2
484 932 3 8192 2.000000000 2
484 936 3 8192 2.000000000 2
484 948 3 8192 2.000000000 2
484 956 3 8192 2.000000000 2
484 964 3 8192 2.000000000 2
484 984 3 8192 2.000000000 2
484 1012 3 8192 2.000000000 2
484 1032 3 8192 2.000000000 2
484 1052 3 8192 2.000000000 2
484 1080 3 8192 2.000000000 2
484 1084 3 8192 2.000000000 2
484 1120 3 8192 2.000000000 2
484 1156 3 8192 2.000000000 2
484 1196 3 8192 2.000000000 2
484 1224 3 8192 2.000000000 2
484 1236 3 8192 2.000000000 2
484 1256 3 8192 2.000000000 2
484 1264 3 8192 2.000000000 2
488 0 3 8192 2.000000000 2
488 8 3 8192 2.000000000 2
488 44 3 8192 2.000000000 2
488 48 3 8192 2.000000000 2
488 112 3 8192 2.000000000 2
488 120 3 8192 2.000000000 2
488 144 3 8192 2.000000000 2
488 164 3 8192 2.000000000 2
488 192 3 8192 2.000000000 2
488 196 3 8192 2.000000000 2
488 224 3 8192 2.000000000 2
488 236 3 8192 2.000000000 2
488 244 3 8192 2.000000000 2
488 276 3 8192 2.000000000 2
488 284 3 8192 2.000000000 2
488 300 3 8192 2.000000000 2
488 328 3 8192 2.000000000 2
488 348 3 8192 2.000000000 2
488 352 3 8192 2.000000000 2
488 368 3 8192 2.000000000 2
488 380 3 8192 2.000000000 2
488 392 3 8192 2.000000000 2
488 400 3 8192 2.000000000 2
488 412 3 8192 2.000000000 2
488 428 3 8192 2.000000000 2
488 444 3 8192 2.000000000 2
488 452 3 8192 2.000000000 2
488 460 3 8192 2.000000000 2
488 464 3 8192 2.000000000 2
488 484 3 8192 2.000000000 2
488 540 3 8192 2.000000000 2
488 556 3 8192 2.000000000 2
488 560 3 8192 2.000000000 2
488 580 3 8192 2.000000000 2
488 584 3 8192 2.000000000 2
488 596 3 8192 2.000000000 2
488 608 3 8192 2.000000000 2
488 624 3 8192 2.000000000 2
488 640 3 8192 2.000000000 2
488 648 3 8192 2.000000000 2
488 680 3 8192 2.000000000 2
488 696 3 8192 2.000000000 2
488 752 3 8192 2.000000000 2
488 768 3 8192 2.000000000 2
488 792 3 8192 2.000000000 2
488 800 3 8192 2.000000000 2
488 808 3 8192 2.000000000 2
488 888 3 8192 2.000000000 2
488 904 3 8192 2.000000000 2
488 908 3 8192 2.000000000 2
488 928 3 8192 2.000000000 2
488 936 3 8192 2.000000000 2
488 944 3 8192 2.000000000 2
488 956 3 8192 2.000000000 2
488 988 3 8192 2.000000000 2
488 1000 3 8192 2.000000000 2
488 1048 3 8192 2.000000000 2
488 1052 3 8192 2.000000000 2
488 1088 3 8192 2.000000000 2
488 1168 3 8192 2.000000000 2
488 1184 3 8192 2.000000000 2
488 1200 3 8192 2.000000000 2
488 1224 3 8192 2.000000000 2
488 1248 3 8192 2.000000000 2
492 8 3 8192 2.000000000 2
492 28 3 8192 2.000000000 2
492 52 3 8192 2.000000000 2
492 88 3 8192 2.000000000 2
492 124 3 8192 2.000000000 2
492 140 3 8192 2.000000000 2
492 144 3 8192 2.000000000 2
492 148 3 8192 2.000000000 2
492 160 3 8192 2.000000000 2
492 172 3 8192 2.000000000 2
492 196 3 8192 2.000000000 2
492 224 3 8192 2.000000000 2
492 232 3 8192 2.000000000 2
492 280 3 8192 2.000000000 2
492 300 3 8192 2.000000000 2
492 320 3 8192 2.000000000 2
492 324 3 8192 2.000000000 2
492 332 3 8192 2.000000000 2
492 344 3 8192 2.000000000 2
492 348 3 8192 2.000000000 2
492 368 3 8192 2.000000000 2
492 400 3 8192 2.000000000 2
492 428 3 8192 2.000000000 2
492 432 3 8192 2.000000000 2
492 444 3 8192 2.000000000 2
492 480 3 8192 2.000000000 2
492 488 3 8192 2.000000000 2
492 496 3 8192 2.000000000 2
492 504 3 8192 2.000000000 2
492 516 3 8192 2.000000000 2
492 532 3 8192 2.000000000 2
492 540 3 8192 2.000000000 2
492 552 3 8192 2.000000000 2
492 572 3 8192 2.000000000 2
492 608 3 8192 2.000000000 2
492 632 3 8192 2.000000000 2
492 636 3 8192 2.000000000 2
492 668 3 8192 2.000000000 2
492 684 3 8192 2.000000000 2
492 748 3 8192 2.000000000 2
492 760 3 8192 2.000000000 2
492 764 3 8192 2.000000000 2
492 768 3 8192 2.000000000 2
492 792 3 8192 2.000000000 2
492 796 3 8192 2.000000000 2
492 804 3 8192 2.000000000 2
492 832 3 8192 2.000000000 2
492 864 3 8192 2.000000000 2
492 928 3 8192 2.000000000 2
492 940 3 8192 2.000000000 2
492 956 3 8192 2.000000000 2
492 964 3 8192 2.000000000 2
492 1000 3 8192 2.000000000 2
492 1016 3 8192 2.000000000 2
492 1020 3 8192 2.000000000 2
492 1056 3 8192 2.000000000 2
492 1076 3 8192 2.000000000 2
492 1088 3 8192 2.000000000 2
492 1120 3 8192 2.000000000 2
492 1148 3 8192 2.000000000 2
492 1164 3 8192 2.000000000 2
492 1168 3 8192 2.000000000 2
492 1196 3 8192 2.000000000 2
492 1256 3 8192 2.000000000 2
496 4 3 8192 2.000000000 2
496 16 3 8192 2.000000000 2
496 28 3 8192 2.000000000 2
496 48 3 8192 2.000000000 2
496 64 3 8192 2.000000000 2
496 72 3 8192 2.000000000 2
496 84 3 8192 2.000000000 2
496 92 3 8192 2.000000000 2
496 120 3 8192 2.000000000 2
496 124 3 8192 2.000000000 2
496 128 3 8192 2.000000000 2
496 152 3 8192 2.000000000 2
496 156 3 8192 2.000000000 2
496 212 3 8192 2.000000000 2
496 284 3 8192 2.000000000 2
496 348 3 8192 2.000000000 2
496 352 3 8192 2.000000000 2
496 360 3 8192 2.000000000 2
496 368 3 8192 2.000000000 2
496 380 3 8192 2.000000000 2
496 388 3 8192 2.000000000 2
496 456 3 8192 2.000000000 2
496 476 3 8192 2.000000000 2
496 500 3 8192 2.000000000 2
496 504 3 8192 2.000000000 2
496 516 3 8192 2.000000000 2
496 520 3 8192 2.000000000 2
496 528 3 8192 2.000000000 2
496 548 3 8192 2.000000000 2
496 568 3 8192 2.000000000 2
496 580 3 8192 2.000000000 2
496 588 3 8192 2.000000000 2
496 600 3 8192 2.000000000 2
496 612 3 8192 2.000000000 2
496 632 3 8192 2.000000000 2
496 636 3 8192 2.000000000 2
496 644 3 8192 2.000000000 2
496 668 3 8192 2.000000000 2
496 680 3 8192 2.000000000 2
496 684 3 8192 2.000000000 2
496 696 3 8192 2.000000000 2
496 700 3 8192 2.000000000 2
496 716 3 8192 2.000000000 2
496 740 3 8192 2.000000000 2
496 752 3 8192 2.000000000 2
496 764 3 8192 2.000000000 2
496 768 3 8192 2.000000000 2
496 780 3 8192 2.000000000 2
496 792 3 8192 2.000000000 2
496 804 3 8192 2.000000000 2
496 808 3 8192 2.000000000 2
496 812 3 8192 2.000000000 2
496 876 3 8192 2.000000000 2
496 884 3 8192 2.000000000 2
496 1080 3 8192 2.000000000 2
496 1104 3 8192 2.000000000 2
496 1112 3 8192 2.000000000 2
496 1120 3 8192 2.000000000 2
496 1156 3 8192 2.000000000 2
496 1180 3 8192 2.000000000 2
496 1196 3 8192 2.000000000 2
496 1244 3 8192 2.000000000 2
496 1252 3 8192 2.000000000 2
496 1272 3 8192 2.000000000 2
500 0 3 8192 2.000000000 2
500 16 3 8192 2.000000000 2
500 20 3 8192 2.000000000 2
500 44 3 8192 2.000000000 2
500 48 3 8192 2.000000000 2
500 68 3 8192 2.000000000 2
500 92 3 8192 2.000000000 2
500 100 3 8192 2.000000000 2
500 132 3 8192 2.000000000 2
500 148 3 8192 2.000000000 2
500 152 3 8192 2.000000000 2
500 172 3 8192 2.000000000 2
500 180 3 8192 2.000000000 2
500 208 3 8192 2.000000000 2
500 212 3 8192 2.000000000 2
500 232 3 8192 2.000000000 2
500 240 3 8192 2.000000000 2
500 244 3 8192 2.000000000 2
500 248 3 8192 2.000000000 2
500 252 3 8192 2.000000000 2
500 284 3 8192 2.000000000 2
500 304 3 8192 2.000000000 2
500 308 3 8192 2.000000000 2
500 324 3 8192 2.000000000 2
500 328 3 8192 2.000000000 2
500 344 3 8192 2.000000000 2
500 404 3 8192 2.000000000 2
500 436 3 8192 2.000000000 2
500 476 3 8192 2.000000000 2
500 484 3 8192 2.000000000 2
500 488 3 8192 2.000000000 2
500 504 3 8192 2.000000000 2
500 516 3 8192 2.000000000 2
500 540 3 8192 2.000000000 2
500 548 3 8192 2.000000000 2
500 584 3 8192 2.000000000 2
500 612 3 8192 2.000000000 2
500 624 3 8192 2.000000000 2
500 636 3 8192 2.000000000 2
500 672 3 8192 2.000000000 2
500 684 3 8192 2.000000000 2
500 720 3 8192 2.000000000 2
500 764 3 8192 2.000000000 2
500 780 3 8192 2.000000000 2
500 784 3 8192 2.000000000 2
500 800 3 8192 2.000000000 2
500 808 3 8192 2.000000000 2
500 812 3 8192 2.000000000 2
500 856 3 8192 2.000000000 2
500 864 3 8192 2.000000000 2
500 940 3 8192 2.000000000 2
500 944 3 8192 2.000000000 2
500 964 3 8192 2.000000000 2
500 976 3 8192 2.000000000 2
500 980 3 8192 2.000000000 2
500 988 3 8192 2.000000000 2
500 1036 3 8192 2.000000000 2
500 1048 3 8192 2.000000000 2
500 1068 3 8192 2.000000000 2
500 1088 3 8192 2.000000000 2
500 1092 3 8192 2.000000000 2
500 1128 3 8192 2.000000000 2
500 1148 3 8192 2.000000000 2
500 1264 3 8192 2.000000000 2
504 0 3 8192 2.000000000 2
504 8 3 8192 2.000000000 2
504 16 3 8192 2.000000000 2
504 40 3 8192 2.000000000 2
504 56 3 8192 2.000000000 2
504 60 3 8192 2.000000000 2
504 80 3 8192 2.000000000 2
504 88 3 8192 2.000000000 2
504 96 3 8192 2.000000000 2
504 144 3 8192 2.000000000 2
504 180 3 8192 2.000000000 2
504 184 3 8192 2.000000000 2
504 208 3 8192 2.000000000 2
504 212 3 8192 2.000000000 2
504 240 3 8192 2.000000000 2
504 244 3 8192 2.000000000 2
504 248 3 8192 2.000000000 2
504 252 3 8192 2.000000000 2
504 272 3 8192 2.000000000 2
504 276 3 8192 2.000000000 2
504 300 3 8192 2.000000000 2
504 316 3 8192 2.000000000 2
504 328 3 8192 2.000000000 2
504 332 3 8192 2.000000000 2
504 348 3 8192 2.000000000 2
504 356 3 8192 2.000000000 2
504 360 3 8192 2.000000000 2
504 412 3 8192 2.000000000 2
504 424 3 8192 2.000000000 2
504 440 3 8192 2.000000000 2
504 444 3 8192 2.000000000 2
504 452 3 8192 2.000000000 2
504 456 3 8192 2.000000000 2
504 480 3 8192 2.000000000 2
504 492 3 8192 2.000000000 2
504 528 3 8192 2.000000000 2
504 540 3 8192 2.000000000 2
504 552 3 8192 2.000000000 2
504 556 3 8192 2.000000000 2
504 560 3 8192 2.000000000 2
504 636 3 8192 2.000000000 2
504 644 3 8192 2.000000000 2
504 680 3 8192 2.000000000 2
504 724 3 8192 2.000000000 2
504 732 3 8192 2.000000000 2
504 752 3 8192 2.000000000 2
504 816 3 8192 2.000000000 2
504 828 3 8192 2.000000000 2
504 876 3 8192 2.000000000 2
504 884 3 8192 2.000000000 2
504 908 3 8192 2.000000000 2
504 912 3 8192 2.000000000 2
504 924 3 8192 2.000000000 2
504 960 3 8192 2.000000000 2
504 964 3 8192 2.000000000 2
504 996 3 8192 2.000000000 2
504 1100 3 8192 2.000000000 2
504 1116 3 8192 2.000000000 2
504 1156 3 8192 2.000000000 2
504 1164 3 8192 2.000000000 2
504 1180 3 8192 2.000000000 2
504 1248 3 8192 2.000000000 2
504 1260 3 8192 2.000000000 2
504 1276 3 8192 2.000000000 2
512 0 3 8192 2.000000000 2
512 28 3 8192 2.000000000 2
512 36 3 8192 2.000000000 2
512 44 3 8192 2.000000000 2
512 64 3 8192 2.000000000 2
512 72 3 8192 2.000000000 2
512 96 3 8192 2.000000000 2
512 108 3 8192 2.000000000 2
512 144 3 8192 2.000000000 2
512 160 3 8192 2.000000000 2
512 168 3 8192 2.000000000 2
512 192 3 8192 2.000000000 2
512 196 3 8192 2.000000000 2
512 212 3 8192 2.000000000 2
512 220 3 8192 2.000000000 2
512 224 3 8192 2.000000000 2
512 280 3 8192 2.000000000 2
512 296 3 8192 2.000000000 2
512 304 3 8192 2.000000000 2
512 320 3 8192 2.000000000 2
512 344 3 8192 2.000000000 2
512 352 3 8192 2.000000000 2
512 356 3 8192 2.000000000 2
512 368 3 8192 2.000000000 2
512 380 3 8192 2.000000000 2
512 388 3 8192 2.000000000 2
512 436 3 8192 2.000000000 2
512 444 3 8192 2.000000000 2
512 448 3 8192 2.000000000 2
512 452 3 8192 2.000000000 2
512 456 3 8192 2.000000000 2
512 460 3 8192 2.000000000 2
512 476 3 8192 2.000000000 2
512 496 3 8192 2.000000000 2
512 504 3 8192 2.000000000 2
512 580 3 8192 2.000000000 2
512 640 3 8192 2.000000000 2
512 644 3 8192 2.000000000 2
512 656 3 8192 2.000000000 2
512 696 3 8192 2.000000000 2
512 708 3 8192 2.000000000 2
512 724 3 8192 2.000000000 2
512 740 3 8192 2.000000000 2
512 756 3 8192 2.000000000 2
512 760 3 8192 2.000000000 2
512 772 3 8192 2.000000000 2
512 784 3 8192 2.000000000 2
512 796 3 8192 2.000000000 2
512 812 3 8192 2.000000000 2
512 816 3 8192 2.000000000 2
512 824 3 8192 2.000000000 2
512 904 3 8192 2.000000000 2
512 912 3 8192 2.000000000 2
512 932 3 8192 2.000000000 2
512 976 3 8192 2.000000000 2
512 1016 3 8192 2.000000000 2
512 1084 3 8192 2.000000000 2
512 1088 3 8192 2.000000000 2
512 1092 3 8192 2.000000000 2
512 1108 3 8192 2.000000000 2
512 1116 3 8192 2.000000000 2
512 1172 3 8192 2.000000000 2
512 1224 3 8192 2.000000000 2
512 1248 3 8192 2.000000000 2
516 4 3 8192 2.000000000 2
516 8 3 8192 2.000000000 2
516 20 3 8192 2.000000000 2
516 40 3 8192 2.000000000 2
516 48 3 8192 2.000000000 2
516 60 3 8192 2.000000000 2
516 68 3 8192 2.000000000 2
516 92 3 8192 2.000000000 2
516 112 3 8192 2.000000000 2
516 152 3 8192 2.000000000 2
516 168 3 8192 2.000000000 2
516 196 3 8192 2.000000000 2
516 216 3 8192 2.000000000 2
516 276 3 8192 2.000000000 2
516 348 3 8192 2.000000000 2
516 364 3 8192 2.000000000 2
516 368 3 8192 2.000000000 2
516 388 3 8192 2.000000000 2
516 400 3 8192 2.000000000 2
516 408 3 8192 2.000000000 2
516 420 3 8192 2.000000000 2
516 428 3 8192 2.000000000 2
516 432 3 8192 2.000000000 2
516 440 3 8192 2.000000000 2
516 444 3 8192 2.000000000 2
516 448 3 8192 2.000000000 2
516 456 3 8192 2.000000000 2
516 500 3 8192 2.000000000 2
516 512 3 8192 2.000000000 2
516 520 3 8192 2.000000000 2
516 580 3 8192 2.000000000 2
516 620 3 8192 2.000000000 2
516 624 3 8192 2.000000000 2
516 636 3 8192 2.000000000 2
516 664 3 8192 2.000000000 2
516 696 3 8192 2.000000000 2
516 708 3 8192 2.000000000 2
516 732 3 8192 2.000000000 2
516 748 3 8192 2.000000000 2
516 792 3 8192 2.000000000 2
516 796 3 8192 2.000000000 2
516 800 3 8192 2.000000000 2
516 808 3 8192 2.000000000 2
516 836 3 8192 2.000000000 2
516 872 3 8192 2.000000000 2
516 876 3 8192 2.000000000 2
516 888 3 8192 2.000000000 2
516 908 3 8192 2.000000000 2
516 928 3 8192 2.000000000 2
516 932 3 8192 2.000000000 2
516 936 3 8192 2.000000000 2
516 944 3 8192 2.000000000 2
516 984 3 8192 2.000000000 2
516 1004 3 8192 2.000000000 2
516 1012 3 8192 2.000000000 2
516 1020 3 8192 2.000000000 2
516 1100 3 8192 2.000000000 2
516 1104 3 8192 2.000000000 2
516 1112 3 8192 2.000000000 2
516 1116 3 8192 2.000000000 2
516 1148 3 8192 2.000000000 2
516 1164 3 8192 2.000000000 2
516 1224 3 8192 2.000000000 2
516 1236 3 8192 2.000000000 2
520 8 3 8192 2.000000000 2
520 28 3 8192 2.000000000 2
520 72 3 8192 2.000000000 2
520 84 3 8192 2.000000000 2
520 92 3 8192 2.000000000 2
520 156 3 8192 2.000000000 2
520 164 3 8192 2.000000000 2
520 168 3 8192 2.000000000 2
520 184 3 8192 2.000000000 2
520 200 3 8192 2.000000000 2
520 232 3 8192 2.000000000 2
520 236 3 8192 2.000000000 2
520 240 3 8192 2.000000000 2
520 252 3 8192 2.000000000 2
520 264 3 8192 2.000000000 2
520 308 3 8192 2.000000000 2
520 320 3 8192 2.000000000 2
520 324 3 8192 2.000000000 2
520 356 3 8192 2.000000000 2
520 388 3 8192 2.000000000 2
520 400 3 8192 2.000000000 2
520 412 3 8192 2.000000000 2
520 428 3 8192 2.000000000 2
520 432 3 8192 2.000000000 2
520 468 3 8192 2.000000000 2
520 504 3 8192 2.000000000 2
520 528 3 8192 2.000000000 2
520 548 3 8192 2.000000000 2
520 556 3 8192 2.000000000 2
520 564 3 8192 2.000000000 2
520 588 3 8192 2.000000000 2
520 608 3 8192 2.000000000 2
520 620 3 8192 2.000000000 2
520 636 3 8192 2.000000000 2
520 656 3 8192 2.000000000 2
520 660 3 8192 2.000000000 2
520 664 3 8192 2.000000000 2
520 680 3 8192 2.000000000 2
520 684 3 8192 2.000000000 2
520 696 3 8192 2.000000000 2
520 700 3 8192 2.000000000 2
520 744 3 8192 2.000000000 2
520 828 3 8192 2.000000000 2
520 860 3 8192 2.000000000 2
520 904 3 8192 2.000000000 2
520 908 3 8192 2.000000000 2
520 932 3 8192 2.000000000 2
520 940 3 8192 2.000000000 2
520 1028 3 8192 2.000000000 2
520 1032 3 8192 2.000000000 2
520 1040 3 8192 2.000000000 2
520 1088 3 8192 2.000000000 2
520 1092 3 8192 2.000000000 2
520 1104 3 8192 2.000000000 2
520 1108 3 8192 2.000000000 2
520 1112 3 8192 2.000000000 2
520 1156 3 8192 2.000000000 2
520 1168 3 8192 2.000000000 2
520 1172 3 8192 2.000000000 2
520 1184 3 8192 2.000000000 2
520 1196 3 8192 2.000000000 2
520 1220 3 8192 2.000000000 2
520 1236 3 8192 2.000000000 2
520 1260 3 8192 2.000000000 2
524 0 3 8192 2.000000000 2
524 24 3 8192 2.000000000 2
524 40 3 8192 2.000000000 2
524 60 3 8192 2.000000000 2
524 108 3 8192 2.000000000 2
524 120 3 8192 2.000000000 2
524 164 3 8192 2.000000000 2
524 176 3 8192 2.000000000 2
524 216 3 8192 2.000000000 2
524 232 3 8192 2.000000000 2
524 236 3 8192 2.000000000 2
524 292 3 8192 2.000000000 2
524 308 3 8192 2.000000000 2
524 316 3 8192 2.000000000 2
524 328 3 8192 2.000000000 2
524 348 3 8192 2.000000000 2
524 352 3 8192 2.000000000 2
524 368 3 8192 2.000000000 2
524 420 3 8192 2.000000000 2
524 496 3 8192 2.000000000 2
524 500 3 8192 2.000000000 2
524 516 3 8192 2.000000000 2
524 520 3 8192 2.000000000 2
524 532 3 8192 2.000000000 2
524 540 3 8192 2.000000000 2
524 580 3 8192 2.000000000 2
524 584 3 8192 2.000000000 2
524 596 3 8192 2.000000000 2
524 612 3 8192 2.000000000 2
524 632 3 8192 2.000000000 2
524 640 3 8192 2.000000000 2
524 672 3 8192 2.000000000 2
524 696 3 8192 2.000000000 2
524 744 3 8192 2.000000000 2
524 748 3 8192 2.000000000 2
524 760 3 8192 2.000000000 2
524 772 3 8192 2.000000000 2
524 780 3 8192 2.000000000 2
524 784 3 8192 2.000000000 2
524 796 3 8192 2.000000000 2
524 828 3 8192 2.000000000 2
524 856 3 8192 2.000000000 2
524 864 3 8192 2.000000000 2
524 872 3 8192 2.000000000 2
524 892 3 8192 2.000000000 2
524 908 3 8192 2.000000000 2
524 944 3 8192 2.000000000 2
524 956 3 8192 2.000000000 2
524 980 3 8192 2.000000000 2
524 1020 3 8192 2.000000000 2
524 1032 3 8192 2.000000000 2
524 1040 3 8192 2.000000000 2
524 1100 3 8192 2.000000000 2
524 1112 3 8192 2.000000000 2
524 1116 3 8192 2.000000000 2
524 1120 3 8192 2.000000000 2
524 1128 3 8192 2.000000000 2
524 1156 3 8192 2.000000000 2
524 1164 3 8192 2.000000000 2
524 1184 3 8192 2.000000000 2
524 1244 3 8192 2.000000000 2
524 1256 3 8192 2.000000000 2
524 1272 3 8192 2.000000000 2
524 1276 3 8192 2.000000000 2
528 8 3 8192 2.000000000 2
528 12 3 8192 2.000000000 2
528 24 3 8192 2.000000000 2
528 36 3 8192 2.000000000 2
528 40 3 8192 2.000000000 2
528 48 3 8192 2.000000000 2
528 68 3 8192 2.000000000 2
528 80 3 8192 2.000000000 2
528 100 3 8192 2.000000000 2
528 124 3 8192 2.000000000 2
528 144 3 8192 2.000000000 2
528 160 3 8192 2.000000000 2
528 180 3 8192 2.000000000 2
528 244 3 8192 2.000000000 2
528 252 3 8192 2.000000000 2
528 280 3 8192 2.000000000 2
528 292 3 8192 2.000000000 2
528 296 3 8192 2.000000000 2
528 300 3 8192 2.000000000 2
528 304 3 8192 2.000000000 2
528 316 3 8192 2.000000000 2
528 320 3 8192 2.000000000 2
528 324 3 8192 2.000000000 2
528 356 3 8192 2.000000000 2
528 420 3 8192 2.000000000 2
528 456 3 8192 2.000000000 2
528 460 3 8192 2.000000000 2
528 472 3 8192 2.000000000 2
528 488 3 8192 2.000000000 2
528 492 3 8192 2.000000000 2
528 496 3 8192 2.000000000 2
528 504 3 8192 2.000000000 2
528 532 3 8192 2.000000000 2
528 552 3 8192 2.000000000 2
528 560 3 8192 2.000000000 2
528 596 3 8192 2.000000000 2
528 608 3 8192 2.000000000 2
528 656 3 8192 2.000000000 2
528 672 3 8192 2.000000000 2
528 700 3 8192 2.000000000 2
528 708 3 8192 2.000000000 2
528 716 3 8192 2.000000000 2
528 732 3 8192 2.000000000 2
528 772 3 8192 2.000000000 2
528 776 3 8192 2.000000000 2
528 784 3 8192 2.000000000 2
528 800 3 8192 2.000000000 2
528 836 3 8192 2.000000000 2
528 888 3 8192 2.000000000 2
528 908 3 8192 2.000000000 2
528 932 3 8192 2.000000000 2
528 948 3 8192 2.000000000 2
528 956 3 8192 2.000000000 2
528 964 3 8192 2.000000000 2
528 968 3 8192 2.000000000 2
528 976 3 8192 2.000000000 2
528 988 3 8192 2.000000000 2
528 1004 3 8192 2.000000000 2
528 1008 3 8192 2.000000000 2
528 1084 3 8192 2.000000000 2
528 1104 3 8192 2.000000000 2
528 1144 3 8192 2.000000000 2
528 1180 3 8192 2.000000000 2
528 1236 3 8192 2.000000000 2
532 12 3 8192 2.000000000 2
532 24 3 8192 2.000000000 2
532 32 3 8192 2.000000000 2
532 36 3 8192 2.000000000 2
532 44 3 8192 2.000000000 2
532 64 3 8192 2.000000000 2
532 92 3 8192 2.000000000 2
532 96 3 8192 2.000000000 2
532 108 3 8192 2.000000000 2
532 156 3 8192 2.000000000 2
532 160 3 8192 2.000000000 2
532 172 3 8192 2.000000000 2
532 184 3 8192 2.000000000 2
532 200 3 8192 2.000000000 2
532 208 3 8192 2.000000000 2
532 224 3 8192 2.000000000 2
532 252 3 8192 2.000000000 2
532 324 3 8192 2.000000000 2
532 344 3 8192 2.000000000 2
532 348 3 8192 2.000000000 2
532 352 3 8192 2.000000000 2
532 360 3 8192 2.000000000 2
532 408 3 8192 2.000000000 2
532 412 3 8192 2.000000000 2
532 432 3 8192 2.000000000 2
532 436 3 8192 2.000000000 2
532 440 3 8192 2.000000000 2
532 452 3 8192 2.000000000 2
532 460 3 8192 2.000000000 2
532 480 3 8192 2.000000000 2
532 484 3 8192 2.000000000 2
532 496 3 8192 2.000000000 2
532 540 3 8192 2.000000000 2
532 556 3 8192 2.000000000 2
532 580 3 8192 2.000000000 2
532 584 3 8192 2.000000000 2
532 624 3 8192 2.000000000 2
532 644 3 8192 2.000000000 2
532 684 3 8192 2.000000000 2
532 716 3 8192 2.000000000 2
532 724 3 8192 2.000000000 2
532 776 3 8192 2.000000000 2
532 800 3 8192 2.000000000 2
532 804 3 8192 2.000000000 2
532 824 3 8192 2.000000000 2
532 832 3 8192 2.000000000 2
532 848 3 8192 2.000000000 2
532 928 3 8192 2.000000000 2
532 948 3 8192 2.000000000 2
532 960 3 8192 2.000000000 2
532 980 3 8192 2.000000000 2
532 984 3 8192 2.000000000 2
532 1008 3 8192 2.000000000 2
532 1056 3 8192 2.000000000 2
532 1084 3 8192 2.000000000 2
532 1088 3 8192 2.000000000 2
532 1092 3 8192 2.000000000 2
532 1144 3 8192 2.000000000 2
532 1156 3 8192 2.000000000 2
532 1164 3 8192 2.000000000 2
532 1204 3 8192 2.000000000 2
532 1220 3 8192 2.000000000 2
532 1260 3 8192 2.000000000 2
532 1264 3 8192 2.000000000 2
536 0 3 8192 2.000000000 2
536 4 3 8192 2.000000000 2
536 16 3 8192 2.000000000 2
536 32 3 8192 2.000000000 2
536 52 3 8192 2.000000000 2
536 92 3 8192 2.000000000 2
536 100 3 8192 2.000000000 2
536 120 3 8192 2.000000000 2
536 132 3 8192 2.000000000 2
536 168 3 8192 2.000000000 2
536 224 3 8192 2.000000000 2
536 244 3 8192 2.000000000 2
536 248 3 8192 2.000000000 2
536 332 3 8192 2.000000000 2
536 348 3 8192 2.000000000 2
536 360 3 8192 2.000000000 2
536 364 3 8192 2.000000000 2
536 408 3 8192 2.000000000 2
536 424 3 8192 2.000000000 2
536 448 3 8192 2.000000000 2
536 476 3 8192 2.000000000 2
536 528 3 8192 2.000000000 2
536 540 3 8192 2.000000000 2
536 552 3 8192 2.000000000 2
536 568 3 8192 2.000000000 2
536 608 3 8192 2.000000000 2
536 668 3 8192 2.000000000 2
536 684 3 8192 2.000000000 2
536 740 3 8192 2.000000000 2
536 752 3 8192 2.000000000 2
536 760 3 8192 2.000000000 2
536 768 3 8192 2.000000000 2
536 772 3 8192 2.000000000 2
536 780 3 8192 2.000000000 2
536 800 3 8192 2.000000000 2
536 824 3 8192 2.000000000 2
536 836 3 8192 2.000000000 2
536 848 3 8192 2.000000000 2
536 860 3 8192 2.000000000 2
536 864 3 8192 2.000000000 2
536 876 3 8192 2.000000000 2
536 948 3 8192 2.000000000 2
536 956 3 8192 2.000000000 2
536 960 3 8192 2.000000000 2
536 980 3 8192 2.000000000 2
536 1004 3 8192 2.000000000 2
536 1008 3 8192 2.000000000 2
536 1016 3 8192 2.000000000 2
536 1028 3 8192 2.000000000 2
536 1032 3 8192 2.000000000 2
536 1036 3 8192 2.000000000 2
536 1052 3 8192 2.000000000 2
536 1056 3 8192 2.000000000 2
536 1100 3 8192 2.000000000 2
536 1144 3 8192 2.000000000 2
536 1148 3 8192 2.000000000 2
536 1156 3 8192 2.000000000 2
536 1164 3 8192 2.000000000 2
536 1168 3 8192 2.000000000 2
536 1172 3 8192 2.000000000 2
536 1196 3 8192 2.000000000 2
536 1200 3 8192 2.000000000 2
536 1244 3 8192 2.000000000 2
536 1248 3 8192 2.000000000 2
540 0 3 8192 2.000000000 2
540 8 3 8192 2.000000000 2
540 24 3 8192 2.000000000 2
540 44 3 8192 2.000000000 2
540 48 3 8192 2.000000000 2
540 56 3 8192 2.000000000 2
540 112 3 8192 2.000000000 2
540 116 3 8192 2.000000000 2
540 124 3 8192 2.000000000 2
540 128 3 8192 2.000000000 2
540 144 3 8192 2.000000000 2
540 176 3 8192 2.000000000 2
540 180 3 8192 2.000000000 2
540 196 3 8192 2.000000000 2
540 200 3 8192 2.000000000 2
540 232 3 8192 2.000000000 2
540 264 3 8192 2.000000000 2
540 284 3 8192 2.000000000 2
540 292 3 8192 2.000000000 2
540 304 3 8192 2.000000000 2
540 324 3 8192 2.000000000 2
540 328 3 8192 2.000000000 2
540 332 3 8192 2.000000000 2
540 348 3 8192 2.000000000 2
540 412 3 8192 2.000000000 2
540 420 3 8192 2.000000000 2
540 436 3 8192 2.000000000 2
540 440 3 8192 2.000000000 2
540 492 3 8192 2.000000000 2
540 512 3 8192 2.000000000 2
540 532 3 8192 2.000000000 2
540 548 3 8192 2.000000000 2
540 556 3 8192 2.000000000 2
540 588 3 8192 2.000000000 2
540 600 3 8192 2.000000000 2
540 632 3 8192 2.000000000 2
540 640 3 8192 2.000000000 2
540 700 3 8192 2.000000000 2
540 720 3 8192 2.000000000 2
540 748 3 8192 2.000000000 2
540 756 3 8192 2.000000000 2
540 780 3 8192 2.000000000 2
540 808 3 8192 2.000000000 2
540 872 3 8192 2.000000000 2
540 876 3 8192 2.000000000 2
540 892 3 8192 2.000000000 2
540 956 3 8192 2.000000000 2
540 996 3 8192 2.000000000 2
540 1000 3 8192 2.000000000 2
540 1016 3 8192 2.000000000 2
540 1020 3 8192 2.000000000 2
540 1040 3 8192 2.000000000 2
540 1048 3 8192 2.000000000 2
540 1076 3 8192 2.000000000 2
540 1080 3 8192 2.000000000 2
540 1088 3 8192 2.000000000 2
540 1108 3 8192 2.000000000 2
540 1112 3 8192 2.000000000 2
540 1144 3 8192 2.000000000 2
540 1156 3 8192 2.000000000 2
540 1180 3 8192 2.000000000 2
540 1248 3 8192 2.000000000 2
540 1256 3 8192 2.000000000 2
540 1272 3 8192 2.000000000 2
548 4 3 8192 2.000000000 2
548 12 3 8192 2.000000000 2
548 28 3 8192 2.000000000 2
548 40 3 8192 2.000000000 2
548 60 3 8192 2.000000000 2
548 64 3 8192 2.000000000 2
548 100 3 8192 2.000000000 2
548 140 3 8192 2.000000000 2
548 172 3 8192 2.000000000 2
548 192 3 8192 2.000000000 2
548 208 3 8192 2.000000000 2
548 220 3 8192 2.000000000 2
548 244 3 8192 2.000000000 2
548 264 3 8192 2.000000000 2
548 276 3 8192 2.000000000 2
548 284 3 8192 2.000000000 2
548 332 3 8192 2.000000000 2
548 388 3 8192 2.000000000 2
548 400 3 8192 2.000000000 2
548 424 3 8192 2.000000000 2
548 456 3 8192 2.000000000 2
548 464 3 8192 2.000000000 2
548 476 3 8192 2.000000000 2
548 480 3 8192 2.000000000 2
548 488 3 8192 2.000000000 2
548 492 3 8192 2.000000000 2
548 496 3 8192 2.000000000 2
548 520 3 8192 2.000000000 2
548 536 3 8192 2.000000000 2
548 580 3 8192 2.000000000 2
548 620 3 8192 2.000000000 2
548 624 3 8192 2.000000000 2
548 656 3 8192 2.000000000 2
548 660 3 8192 2.000000000 2
548 672 3 8192 2.000000000 2
548 680 3 8192 2.000000000 2
548 700 3 8192 2.000000000 2
548 704 3 8192 2.000000000 2
548 724 3 8192 2.000000000 2
548 732 3 8192 2.000000000 2
548 740 3 8192 2.000000000 2
548 752 3 8192 2.000000000 2
548 776 3 8192 2.000000000 2
548 816 3 8192 2.000000000 2
548 836 3 8192 2.000000000 2
548 872 3 8192 2.000000000 2
548 892 3 8192 2.000000000 2
548 904 3 8192 2.000000000 2
548 912 3 8192 2.000000000 2
548 924 3 8192 2.000000000 2
548 936 3 8192 2.000000000 2
548 944 3 8192 2.000000000 2
548 1000 3 8192 2.000000000 2
548 1004 3 8192 2.000000000 2
548 1048 3 8192 2.000000000 2
548 1068 3 8192 2.000000000 2
548 1104 3 8192 2.000000000 2
548 1120 3 8192 2.000000000 2
548 1128 3 8192 2.000000000 2
548 1172 3 8192 2.000000000 2
548 1224 3 8192 2.000000000 2
548 1244 3 8192 2.000000000 2
548 1248 3 8192 2.000000000 2
548 1256 3 8192 2.000000000 2
552 44 3 8192 2.000000000 2
552 72 3 8192 2.000000000 2
552 92 3 8192 2.000000000 2
552 112 3 8192 2.000000000 2
552 116 3 8192 2.000000000 2
552 124 3 8192 2.000000000 2
552 144 3 8192 2.000000000 2
552 152 3 8192 2.000000000 2
552 212 3 8192 2.000000000 2
552 224 3 8192 2.000000000 2
552 248 3 8192 2.000000000 2
552 284 3 8192 2.000000000 2
552 292 3 8192 2.000000000 2
552 296 3 8192 2.000000000 2
552 312 3 8192 2.000000000 2
552 320 3 8192 2.000000000 2
552 328 3 8192 2.000000000 2
552 380 3 8192 2.000000000 2
552 400 3 8192 2.000000000 2
552 412 3 8192 2.000000000 2
552 440 3 8192 2.000000000 2
552 452 3 8192 2.000000000 2
552 460 3 8192 2.000000000 2
552 472 3 8192 2.000000000 2
552 488 3 8192 2.000000000 2
552 500 3 8192 2.000000000 2
552 524 3 8192 2.000000000 2
552 528 3 8192 2.000000000 2
552 548 3 8192 2.000000000 2
552 560 3 8192 2.000000000 2
552 572 3 8192 2.000000000 2
552 584 3 8192 2.000000000 2
552 588 3 8192 2.000000000 2
552 644 3 8192 2.000000000 2
552 656 3 8192 2.000000000 2
552 716 3 8192 2.000000000 2
552 752 3 8192 2.000000000 2
552 760 3 8192 2.000000000 2
552 768 3 8192 2.000000000 2
552 784 3 8192 2.000000000 2
552 828 3 8192 2.000000000 2
552 832 3 8192 2.000000000 2
552 836 3 8192 2.000000000 2
552 860 3 8192 2.000000000 2
552 864 3 8192 2.000000000 2
552 884 3 8192 2.000000000 2
552 888 3 8192 2.000000000 2
552 892 3 8192 2.000000000 2
552 924 3 8192 2.000000000 2
552 944 3 8192 2.000000000 2
552 984 3 8192 2.000000000 2
552 988 3 8192 2.000000000 2
552 996 3 8192 2.000000000 2
552 1004 3 8192 2.000000000 2
552 1028 3 8192 2.000000000 2
552 1068 3 8192 2.000000000 2
552 1076 3 8192 2.000000000 2
552 1092 3 8192 2.000000000 2
552 1100 3 8192 2.000000000 2
552 1144 3 8192 2.000000000 2
552 1172 3 8192 2.000000000 2
552 1196 3 8192 2.000000000 2
552 1264 3 8192 2.000000000 2
552 1272 3 8192 2.000000000 2
556 0 3 8192 2.000000000 2
556 60 3 8192 2.000000000 2
556 84 3 8192 2.000000000 2
556 88 3 8192 2.000000000 2
556 92 3 8192 2.000000000 2
556 112 3 8192 2.000000000 2
556 124 3 8192 2.000000000 2
556 152 3 8192 2.000000000 2
556 160 3 8192 2.000000000 2
556 172 3 8192 2.000000000 2
556 180 3 8192 2.000000000 2
556 252 3 8192 2.000000000 2
556 308 3 8192 2.000000000 2
556 320 3 8192 2.000000000 2
556 324 3 8192 2.000000000 2
556 328 3 8192 2.000000000 2
556 344 3 8192 2.000000000 2
556 352 3 8192 2.000000000 2
556 360 3 8192 2.000000000 2
556 392 3 8192 2.000000000 2
556 440 3 8192 2.000000000 2
556 448 3 8192 2.000000000 2
556 452 3 8192 2.000000000 2
556 476 3 8192 2.000000000 2
556 488 3 8192 2.000000000 2
556 492 3 8192 2.000000000 2
556 500 3 8192 2.000000000 2
556 512 3 8192 2.000000000 2
556 536 3 8192 2.000000000 2
556 548 3 8192 2.000000000 2
556 560 3 8192 2.000000000 2
556 580 3 8192 2.000000000 2
556 632 3 8192 2.000000000 2
556 636 3 8192 2.000000000 2
556 640 3 8192 2.000000000 2
556 684 3 8192 2.000000000 2
556 696 3 8192 2.000000000 2
556 732 3 8192 2.000000000 2
556 736 3 8192 2.000000000 2
556 744 3 8192 2.000000000 2
556 748 3 8192 2.000000000 2
556 760 3 8192 2.000000000 2
556 780 3 8192 2.000000000 2
556 808 3 8192 2.000000000 2
556 828 3 8192 2.000000000 2
556 848 3 8192 2.000000000 2
556 860 3 8192 2.000000000 2
556 864 3 8192 2.000000000 2
556 888 3 8192 2.000000000 2
556 912 3 8192 2.000000000 2
556 928 3 8192 2.000000000 2
556 936 3 8192 2.000000000 2
556 948 3 8192 2.000000000 2
556 968 3 8192 2.000000000 2
556 1012 3 8192 2.000000000 2
556 1028 3 8192 2.000000000 2
556 1048 3 8192 2.000000000 2
556 1080 3 8192 2.000000000 2
556 1180 3 8192 2.000000000 2
556 1204 3 8192 2.000000000 2
556 1224 3 8192 2.000000000 2
556 1236 3 8192 2.000000000 2
556 1260 3 8192 2.000000000 2
556 1276 3 8192 2.000000000 2
560 12 3 8192 2.000000000 2
560 28 3 8192 2.000000000 2
560 32 3 8192 2.000000000 2
560 36 3 8192 2.000000000 2
560 56 3 8192 2.000000000 2
560 68 3 8192 2.000000000 2
560 88 3 8192 2.000000000 2
560 148 3 8192 2.000000000 2
560 156 3 8192 2.000000000 2
560 176 3 8192 2.000000000 2
560 184 3 8192 2.000000000 2
560 192 3 8192 2.000000000 2
560 208 3 8192 2.000000000 2
560 216 3 8192 2.000000000 2
560 244 3 8192 2.000000000 2
560 284 3 8192 2.000000000 2
560 304 3 8192 2.000000000 2
560 364 3 8192 2.000000000 2
560 436 3 8192 2.000000000 2
560 440 3 8192 2.000000000 2
560 448 3 8192 2.000000000 2
560 488 3 8192 2.000000000 2
560 524 3 8192 2.000000000 2
560 540 3 8192 2.000000000 2
560 556 3 8192 2.000000000 2
560 564 3 8192 2.000000000 2
560 584 3 8192 2.000000000 2
560 588 3 8192 2.000000000 2
560 608 3 8192 2.000000000 2
560 620 3 8192 2.000000000 2
560 660 3 8192 2.000000000 2
560 668 3 8192 2.000000000 2
560 684 3 8192 2.000000000 2
560 696 3 8192 2.000000000 2
560 700 3 8192 2.000000000 2
560 716 3 8192 2.000000000 2
560 736 3 8192 2.000000000 2
560 744 3 8192 2.000000000 2
560 756 3 8192 2.000000000 2
560 796 3 8192 2.000000000 2
560 816 3 8192 2.000000000 2
560 824 3 8192 2.000000000 2
560 832 3 8192 2.000000000 2
560 848 3 8192 2.000000000 2
560 876 3 8192 2.000000000 2
560 884 3 8192 2.000000000 2
560 900 3 8192 2.000000000 2
560 908 3 8192 2.000000000 2
560 964 3 8192 2.000000000 2
560 984 3 8192 2.000000000 2
560 1004 3 8192 2.000000000 2
560 1020 3 8192 2.000000000 2
560 1052 3 8192 2.000000000 2
560 1068 3 8192 2.000000000 2
560 1076 3 8192 2.000000000 2
560 1100 3 8192 2.000000000 2
560 1104 3 8192 2.000000000 2
560 1128 3 8192 2.000000000 2
560 1144 3 8192 2.000000000 2
560 1148 3 8192 2.000000000 2
560 1200 3 8192 2.000000000 2
560 1224 3 8192 2.000000000 2
560 1252 3 8192 2.000000000 2
560 1260 3 8192 2.000000000 2
564 0 3 8192 2.000000000 2
564 16 3 8192 2.000000000 2
564 36 3 8192 2.000000000 2
564 44 3 8192 2.000000000 2
564 52 3 8192 2.000000000 2
564 64 3 8192 2.000000000 2
564 96 3 8192 2.000000000 2
564 116 3 8192 2.000000000 2
564 148 3 8192 2.000000000 2
564 192 3 8192 2.000000000 2
564 200 3 8192 2.000000000 2
564 252 3 8192 2.000000000 2
564 296 3 8192 2.000000000 2
564 300 3 8192 2.000000000 2
564 304 3 8192 2.000000000 2
564 316 3 8192 2.000000000 2
564 332 3 8192 2.000000000 2
564 360 3 8192 2.000000000 2
564 420 3 8192 2.000000000 2
564 436 3 8192 2.000000000 2
564 452 3 8192 2.000000000 2
564 468 3 8192 2.000000000 2
564 504 3 8192 2.000000000 2
564 512 3 8192 2.000000000 2
564 524 3 8192 2.000000000 2
564 528 3 8192 2.000000000 2
564 532 3 8192 2.000000000 2
564 556 3 8192 2.000000000 2
564 580 3 8192 2.000000000 2
564 624 3 8192 2.000000000 2
564 660 3 8192 2.000000000 2
564 664 3 8192 2.000000000 2
564 680 3 8192 2.000000000 2
564 684 3 8192 2.000000000 2
564 772 3 8192 2.000000000 2
564 796 3 8192 2.000000000 2
564 808 3 8192 2.000000000 2
564 816 3 8192 2.000000000 2
564 832 3 8192 2.000000000 2
564 856 3 8192 2.000000000 2
564 876 3 8192 2.000000000 2
564 888 3 8192 2.000000000 2
564 900 3 8192 2.000000000 2
564 924 3 8192 2.000000000 2
564 928 3 8192 2.000000000 2
564 940 3 8192 2.000000000 2
564 944 3 8192 2.000000000 2
564 980 3 8192 2.000000000 2
564 984 3 8192 2.000000000 2
564 996 3 8192 2.000000000 2
564 1008 3 8192 2.000000000 2
564 1040 3 8192 2.000000000 2
564 1052 3 8192 2.000000000 2
564 1056 3 8192 2.000000000 2
564 1076 3 8192 2.000000000 2
564 1088 3 8192 2.000000000 2
564 1092 3 8192 2.000000000 2
564 1116 3 8192 2.000000000 2
564 1172 3 8192 2.000000000 2
564 1200 3 8192 2.000000000 2
564 1204 3 8192 2.000000000 2
564 1252 3 8192 2.000000000 2
564 1264 3 8192 2.000000000 2
564 1272 3 8192 2.000000000 2
568 4 3 8192 2.000000000 2
568 12 3 8192 2.000000000 2
568 44 3 8192 2.000000000 2
568 56 3 8192 2.000000000 2
568 64 3 8192 2.000000000 2
568 92 3 8192 2.000000000 2
568 100 3 8192 2.000000000 2
568 116 3 8192 2.000000000 2
568 128 3 8192 2.000000000 2
568 152 3 8192 2.000000000 2
568 172 3 8192 2.000000000 2
568 176 3 8192 2.000000000 2
568 208 3 8192 2.000000000 2
568 212 3 8192 2.000000000 2
568 224 3 8192 2.000000000 2
568 240 3 8192 2.000000000 2
568 244 3 8192 2.000000000 2
568 252 3 8192 2.000000000 2
568 308 3 8192 2.000000000 2
568 312 3 8192 2.000000000 2
568 344 3 8192 2.000000000 2
568 360 3 8192 2.000000000 2
568 400 3 8192 2.000000000 2
568 412 3 8192 2.000000000 2
568 420 3 8192 2.000000000 2
568 468 3 8192 2.000000000 2
568 504 3 8192 2.000000000 2
568 512 3 8192 2.000000000 2
568 528 3 8192 2.000000000 2
568 552 3 8192 2.000000000 2
568 560 3 8192 2.000000000 2
568 564 3 8192 2.000000000 2
568 584 3 8192 2.000000000 2
568 640 3 8192 2.000000000 2
568 664 3 8192 2.000000000 2
568 696 3 8192 2.000000000 2
568 716 3 8192 2.000000000 2
568 732 3 8192 2.000000000 2
568 748 3 8192 2.000000000 2
568 764 3 8192 2.000000000 2
568 768 3 8192 2.000000000 2
568 784 3 8192 2.000000000 2
568 816 3 8192 2.000000000 2
568 856 3 8192 2.000000000 2
568 908 3 8192 2.000000000 2
568 932 3 8192 2.000000000 2
568 936 3 8192 2.000000000 2
568 944 3 8192 2.000000000 2
568 948 3 8192 2.000000000 2
568 968 3 8192 2.000000000 2
568 976 3 8192 2.000000000 2
568 984 3 8192 2.000000000 2
568 988 3 8192 2.000000000 2
568 996 3 8192 2.000000000 2
568 1000 3 8192 2.000000000 2
568 1048 3 8192 2.000000000 2
568 1056 3 8192 2.000000000 2
568 1068 3 8192 2.000000000 2
568 1080 3 8192 2.000000000 2
568 1100 3 8192 2.000000000 2
568 1108 3 8192 2.000000000 2
568 1184 3 8192 2.000000000 2
568 1236 3 8192 2.000000000 2
568 1244 3 8192 2.000000000 2
572 16 3 8192 2.000000000 2
572 44 3 8192 2.000000000 2
572 52 3 8192 2.000000000 2
572 60 3 8192 2.000000000 2
572 68 3 8192 2.000000000 2
572 120 3 8192 2.000000000 2
572 160 3 8192 2.000000000 2
572 184 3 8192 2.000000000 2
572 192 3 8192 2.000000000 2
572 224 3 8192 2.000000000 2
572 236 3 8192 2.000000000 2
572 244 3 8192 2.000000000 2
572 284 3 8192 2.000000000 2
572 308 3 8192 2.000000000 2
572 344 3 8192 2.000000000 2
572 360 3 8192 2.000000000 2
572 364 3 8192 2.000000000 2
572 392 3 8192 2.000000000 2
572 400 3 8192 2.000000000 2
572 436 3 8192 2.000000000 2
572 452 3 8192 2.000000000 2
572 480 3 8192 2.000000000 2
572 488 3 8192 2.000000000 2
572 496 3 8192 2.000000000 2
572 512 3 8192 2.000000000 2
572 516 3 8192 2.000000000 2
572 520 3 8192 2.000000000 2
572 540 3 8192 2.000000000 2
572 548 3 8192 2.000000000 2
572 560 3 8192 2.000000000 2
572 564 3 8192 2.000000000 2
572 568 3 8192 2.000000000 2
572 580 3 8192 2.000000000 2
572 656 3 8192 2.000000000 2
572 732 3 8192 2.000000000 2
572 752 3 8192 2.000000000 2
572 760 3 8192 2.000000000 2
572 768 3 8192 2.000000000 2
572 776 3 8192 2.000000000 2
572 792 3 8192 2.000000000 2
572 800 3 8192 2.000000000 2
572 828 3 8192 2.000000000 2
572 848 3 8192 2.000000000 2
572 884 3 8192 2.000000000 2
572 892 3 8192 2.000000000 2
572 900 3 8192 2.000000000 2
572 912 3 8192 2.000000000 2
572 936 3 8192 2.000000000 2
572 996 3 8192 2.000000000 2
572 1012 3 8192 2.000000000 2
572 1032 3 8192 2.000000000 2
572 1040 3 8192 2.000000000 2
572 1048 3 8192 2.000000000 2
572 1052 3 8192 2.000000000 2
572 1068 3 8192 2.000000000 2
572 1088 3 8192 2.000000000 2
572 1104 3 8192 2.000000000 2
572 1128 3 8192 2.000000000 2
572 1172 3 8192 2.000000000 2
572 1184 3 8192 2.000000000 2
572 1200 3 8192 2.000000000 2
572 1204 3 8192 2.000000000 2
572 1244 3 8192 2.000000000 2
572 1256 3 8192 2.000000000 2
580 24 3 8192 2.000000000 2
580 36 3 8192 2.000000000 2
580 44 3 8192 2.000000000 2
580 48 3 8192 2.000000000 2
580 52 3 8192 2.000000000 2
580 116 3 8192 2.000000000 2
580 120 3 8192 2.000000000 2
580 140 3 8192 2.000000000 2
580 152 3 8192 2.000000000 2
580 156 3 8192 2.000000000 2
580 168 3 8192 2.000000000 2
580 192 3 8192 2.000000000 2
580 196 3 8192 2.000000000 2
580 216 3 8192 2.000000000 2
580 276 3 8192 2.000000000 2
580 280 3 8192 2.000000000 2
580 284 3 8192 2.000000000 2
580 308 3 8192 2.000000000 2
580 348 3 8192 2.000000000 2
580 368 3 8192 2.000000000 2
580 392 3 8192 2.000000000 2
580 400 3 8192 2.000000000 2
580 404 3 8192 2.000000000 2
580 412 3 8192 2.000000000 2
580 456 3 8192 2.000000000 2
580 464 3 8192 2.000000000 2
580 472 3 8192 2.000000000 2
580 500 3 8192 2.000000000 2
580 532 3 8192 2.000000000 2
580 536 3 8192 2.000000000 2
580 548 3 8192 2.000000000 2
580 556 3 8192 2.000000000 2
580 600 3 8192 2.000000000 2
580 632 3 8192 2.000000000 2
580 636 3 8192 2.000000000 2
580 640 3 8192 2.000000000 2
580 664 3 8192 2.000000000 2
580 724 3 8192 2.000000000 2
580 736 3 8192 2.000000000 2
580 740 3 8192 2.000000000 2
580 748 3 8192 2.000000000 2
580 772 3 8192 2.000000000 2
580 776 3 8192 2.000000000 2
580 796 3 8192 2.000000000 2
580 812 3 8192 2.000000000 2
580 832 3 8192 2.000000000 2
580 836 3 8192 2.000000000 2
580 856 3 8192 2.000000000 2
580 872 3 8192 2.000000000 2
580 888 3 8192 2.000000000 2
580 908 3 8192 2.000000000 2
580 928 3 8192 2.000000000 2
580 956 3 8192 2.000000000 2
580 976 3 8192 2.000000000 2
580 1008 3 8192 2.000000000 2
580 1016 3 8192 2.000000000 2
580 1048 3 8192 2.000000000 2
580 1056 3 8192 2.000000000 2
580 1088 3 8192 2.000000000 2
580 1100 3 8192 2.000000000 2
580 1112 3 8192 2.000000000 2
580 1120 3 8192 2.000000000 2
580 1220 3 8192 2.000000000 2
580 1236 3 8192 2.000000000 2
584 0 3 8192 2.000000000 2
584 12 3 8192 2.000000000 2
584 32 3 8192 2.000000000 2
584 36 3 8192 2.000000000 2
584 68 3 8192 2.000000000 2
584 80 3 8192 2.000000000 2
584 84 3 8192 2.000000000 2
584 96 3 8192 2.000000000 2
584 108 3 8192 2.000000000 2
584 140 3 8192 2.000000000 2
584 148 3 8192 2.000000000 2
584 164 3 8192 2.000000000 2
584 172 3 8192 2.000000000 2
584 176 3 8192 2.000000000 2
584 192 3 8192 2.000000000 2
584 212 3 8192 2.000000000 2
584 244 3 8192 2.000000000 2
584 324 3 8192 2.000000000 2
584 392 3 8192 2.000000000 2
584 404 3 8192 2.000000000 2
584 448 3 8192 2.000000000 2
584 452 3 8192 2.000000000 2
584 476 3 8192 2.000000000 2
584 480 3 8192 2.000000000 2
584 516 3 8192 2.000000000 2
584 536 3 8192 2.000000000 2
584 564 3 8192 2.000000000 2
584 568 3 8192 2.000000000 2
584 580 3 8192 2.000000000 2
584 588 3 8192 2.000000000 2
584 608 3 8192 2.000000000 2
584 624 3 8192 2.000000000 2
584 656 3 8192 2.000000000 2
584 664 3 8192 2.000000000 2
584 696 3 8192 2.000000000 2
584 720 3 8192 2.000000000 2
584 736 3 8192 2.000000000 2
584 744 3 8192 2.000000000 2
584 796 3 8192 2.000000000 2
584 808 3 8192 2.000000000 2
584 812 3 8192 2.000000000 2
584 824 3 8192 2.000000000 2
584 836 3 8192 2.000000000 2
584 856 3 8192 2.000000000 2
584 876 3 8192 2.000000000 2
584 884 3 8192 2.000000000 2
584 908 3 8192 2.000000000 2
584 912 3 8192 2.000000000 2
584 928 3 8192 2.000000000 2
584 944 3 8192 2.000000000 2
584 996 3 8192 2.000000000 2
584 1000 3 8192 2.000000000 2
584 1008 3 8192 2.000000000 2
584 1016 3 8192 2.000000000 2
584 1028 3 8192 2.000000000 2
584 1056 3 8192 2.000000000 2
584 1080 3 8192 2.000000000 2
584 1112 3 8192 2.000000000 2
584 1116 3 8192 2.000000000 2
584 1156 3 8192 2.000000000 2
584 1184 3 8192 2.000000000 2
584 1204 3 8192 2.000000000 2
584 1260 3 8192 2.000000000 2
584 1272 3 8192 2.000000000 2
588 8 3 8192 2.000000000 2
588 12 3 8192 2.000000000 2
588 28 3 8192 2.000000000 2
588 36 3 8192 2.000000000 2
588 40 3 8192 2.000000000 2
588 48 3 8192 2.000000000 2
588 60 3 8192 2.000000000 2
588 84 3 8192 2.000000000 2
588 92 3 8192 2.000000000 2
588 112 3 8192 2.000000000 2
588 120 3 8192 2.000000000 2
588 156 3 8192 2.000000000 2
588 168 3 8192 2.000000000 2
588 172 3 8192 2.000000000 2
588 184 3 8192 2.000000000 2
588 220 3 8192 2.000000000 2
588 224 3 8192 2.000000000 2
588 248 3 8192 2.000000000 2
588 252 3 8192 2.000000000 2
588 264 3 8192 2.000000000 2
588 272 3 8192 2.000000000 2
588 276 3 8192 2.000000000 2
588 300 3 8192 2.000000000 2
588 312 3 8192 2.000000000 2
588 328 3 8192 2.000000000 2
588 356 3 8192 2.000000000 2
588 360 3 8192 2.000000000 2
588 364 3 8192 2.000000000 2
588 388 3 8192 2.000000000 2
588 408 3 8192 2.000000000 2
588 460 3 8192 2.000000000 2
588 480 3 8192 2.000000000 2
588 484 3 8192 2.000000000 2
588 496 3 8192 2.000000000 2
588 504 3 8192 2.000000000 2
588 512 3 8192 2.000000000 2
588 536 3 8192 2.000000000 2
588 560 3 8192 2.000000000 2
588 608 3 8192 2.000000000 2
588 620 3 8192 2.000000000 2
588 624 3 8192 2.000000000 2
588 636 3 8192 2.000000000 2
588 668 3 8192 2.000000000 2
588 672 3 8192 2.000000000 2
588 704 3 8192 2.000000000 2
588 724 3 8192 2.000000000 2
588 748 3 8192 2.000000000 2
588 756 3 8192 2.000000000 2
588 760 3 8192 2.000000000 2
588 800 3 8192 2.000000000 2
588 864 3 8192 2.000000000 2
588 892 3 8192 2.000000000 2
588 988 3 8192 2.000000000 2
588 996 3 8192 2.000000000 2
588 1004 3 8192 2.000000000 2
588 1040 3 8192 2.000000000 2
588 1052 3 8192 2.000000000 2
588 1056 3 8192 2.000000000 2
588 1092 3 8192 2.000000000 2
588 1100 3 8192 2.000000000 2
588 1104 3 8192 2.000000000 2
588 1144 3 8192 2.000000000 2
588 1200 3 8192 2.000000000 2
588 1276 3 8192 2.000000000 2
596 4 3 8192 2.000000000 2
596 12 3 8192 2.000000000 2
596 40 3 8192 2.000000000 2
596 52 3 8192 2.000000000 2
596 80 3 8192 2.000000000 2
596 96 3 8192 2.000000000 2
596 100 3 8192 2.000000000 2
596 124 3 8192 2.000000000 2
596 128 3 8192 2.000000000 2
596 176 3 8192 2.000000000 2
596 224 3 8192 2.000000000 2
596 248 3 8192 2.000000000 2
596 264 3 8192 2.000000000 2
596 276 3 8192 2.000000000 2
596 292 3 8192 2.000000000 2
596 324 3 8192 2.000000000 2
596 328 3 8192 2.000000000 2
596 352 3 8192 2.000000000 2
596 388 3 8192 2.000000000 2
596 408 3 8192 2.000000000 2
596 424 3 8192 2.000000000 2
596 448 3 8192 2.000000000 2
596 452 3 8192 2.000000000 2
596 456 3 8192 2.000000000 2
596 488 3 8192 2.000000000 2
596 492 3 8192 2.000000000 2
596 496 3 8192 2.000000000 2
596 520 3 8192 2.000000000 2
596 528 3 8192 2.000000000 2
596 548 3 8192 2.000000000 2
596 560 3 8192 2.000000000 2
596 568 3 8192 2.000000000 2
596 580 3 8192 2.000000000 2
596 612 3 8192 2.000000000 2
596 680 3 8192 2.000000000 2
596 684 3 8192 2.000000000 2
596 716 3 8192 2.000000000 2
596 732 3 8192 2.000000000 2
596 756 3 8192 2.000000000 2
596 808 3 8192 2.000000000 2
596 860 3 8192 2.000000000 2
596 904 3 8192 2.000000000 2
596 912 3 8192 2.000000000 2
596 932 3 8192 2.000000000 2
596 944 3 8192 2.000000000 2
596 948 3 8192 2.000000000 2
596 964 3 8192 2.000000000 2
596 1000 3 8192 2.000000000 2
596 1004 3 8192 2.000000000 2
596 1008 3 8192 2.000000000 2
596 1032 3 8192 2.000000000 2
596 1048 3 8192 2.000000000 2
596 1076 3 8192 2.000000000 2
596 1084 3 8192 2.000000000 2
596 1088 3 8192 2.000000000 2
596 1112 3 8192 2.000000000 2
596 1120 3 8192 2.000000000 2
596 1128 3 8192 2.000000000 2
596 1144 3 8192 2.000000000 2
596 1164 3 8192 2.000000000 2
596 1224 3 8192 2.000000000 2
596 1232 3 8192 2.000000000 2
596 1244 3 8192 2.000000000 2
596 1272 3 8192 2.000000000 2
600 28 3 8192 2.000000000 2
600 52 3 8192 2.000000000 2
600 60 3 8192 2.000000000 2
600 108 3 8192 2.000000000 2
600 116 3 8192 2.000000000 2
600 140 3 8192 2.000000000 2
600 144 3 8192 2.000000000 2
600 176 3 8192 2.000000000 2
600 184 3 8192 2.000000000 2
600 192 3 8192 2.000000000 2
600 200 3 8192 2.000000000 2
600 236 3 8192 2.000000000 2
600 284 3 8192 2.000000000 2
600 308 3 8192 2.000000000 2
600 324 3 8192 2.000000000 2
600 332 3 8192 2.000000000 2
600 348 3 8192 2.000000000 2
600 352 3 8192 2.000000000 2
600 388 3 8192 2.000000000 2
600 392 3 8192 2.000000000 2
600 400 3 8192 2.000000000 2
600 404 3 8192 2.000000000 2
600 412 3 8192 2.000000000 2
600 420 3 8192 2.000000000 2
600 424 3 8192 2.000000000 2
600 432 3 8192 2.000000000 2
600 440 3 8192 2.000000000 2
600 488 3 8192 2.000000000 2
600 520 3 8192 2.000000000 2
600 552 3 8192 2.000000000 2
600 560 3 8192 2.000000000 2
600 588 3 8192 2.000000000 2
600 612 3 8192 2.000000000 2
600 648 3 8192 2.000000000 2
600 672 3 8192 2.000000000 2
600 680 3 8192 2.000000000 2
600 684 3 8192 2.000000000 2
600 720 3 8192 2.000000000 2
600 736 3 8192 2.000000000 2
600 748 3 8192 2.000000000 2
600 768 3 8192 2.000000000 2
600 784 3 8192 2.000000000 2
600 796 3 8192 2.000000000 2
600 804 3 8192 2.000000000 2
600 832 3 8192 2.000000000 2
600 848 3 8192 2.000000000 2
600 888 3 8192 2.000000000 2
600 904 3 8192 2.000000000 2
600 936 3 8192 2.000000000 2
600 944 3 8192 2.000000000 2
600 1008 3 8192 2.000000000 2
600 1032 3 8192 2.000000000 2
600 1040 3 8192 2.000000000 2
600 1052 3 8192 2.000000000 2
600 1056 3 8192 2.000000000 2
600 1080 3 8192 2.000000000 2
600 1108 3 8192 2.000000000 2
600 1120 3 8192 2.000000000 2
600 1144 3 8192 2.000000000 2
600 1168 3 8192 2.000000000 2
600 1196 3 8192 2.000000000 2
600 1220 3 8192 2.000000000 2
600 1224 3 8192 2.000000000 2
600 1248 3 8192 2.000000000 2
608 4 3 8192 2.000000000 2
608 56 3 8192 2.000000000 2
608 60 3 8192 2.000000000 2
608 64 3 8192 2.000000000 2
608 96 3 8192 2.000000000 2
608 112 3 8192 2.000000000 2
608 144 3 8192 2.000000000 2
608 160 3 8192 2.000000000 2
608 184 3 8192 2.000000000 2
608 212 3 8192 2.000000000 2
608 216 3 8192 2.000000000 2
608 236 3 8192 2.000000000 2
608 276 3 8192 2.000000000 2
608 296 3 8192 2.000000000 2
608 304 3 8192 2.000000000 2
608 308 3 8192 2.000000000 2
608 324 3 8192 2.000000000 2
608 328 3 8192 2.000000000 2
608 332 3 8192 2.000000000 2
608 380 3 8192 2.000000000 2
608 412 3 8192 2.000000000 2
608 432 3 8192 2.000000000 2
608 440 3 8192 2.000000000 2
608 448 3 8192 2.000000000 2
608 452 3 8192 2.000000000 2
608 492 3 8192 2.000000000 2
608 496 3 8192 2.000000000 2
608 504 3 8192 2.000000000 2
608 512 3 8192 2.000000000 2
608 524 3 8192 2.000000000 2
608 556 3 8192 2.000000000 2
608 596 3 8192 2.000000000 2
608 600 3 8192 2.000000000 2
608 656 3 8192 2.000000000 2
608 660 3 8192 2.000000000 2
608 668 3 8192 2.000000000 2
608 672 3 8192 2.000000000 2
608 684 3 8192 2.000000000 2
608 748 3 8192 2.000000000 2
608 756 3 8192 2.000000000 2
608 760 3 8192 2.000000000 2
608 808 3 8192 2.000000000 2
608 812 3 8192 2.000000000 2
608 876 3 8192 2.000000000 2
608 924 3 8192 2.000000000 2
608 956 3 8192 2.000000000 2
608 968 3 8192 2.000000000 2
608 1000 3 8192 2.000000000 2
608 1012 3 8192 2.000000000 2
608 1020 3 8192 2.000000000 2
608 1052 3 8192 2.000000000 2
608 1056 3 8192 2.000000000 2
608 1076 3 8192 2.000000000 2
608 1080 3 8192 2.000000000 2
608 1100 3 8192 2.000000000 2
608 1108 3 8192 2.000000000 2
608 1116 3 8192 2.000000000 2
608 1144 3 8192 2.000000000 2
608 1172 3 8192 2.000000000 2
608 1196 3 8192 2.000000000 2
608 1232 3 8192 2.000000000 2
608 1236 3 8192 2.000000000 2
608 1244 3 8192 2.000000000 2
608 1256 3 8192 2.000000000 2
612 4 3 8192 2.000000000 2
612 12 3 8192 2.000000000 2
612 56 3 8192 2.000000000 2
612 68 3 8192 2.000000000 2
612 72 3 8192 2.000000000 2
612 92 3 8192 2.000000000 2
612 96 3 8192 2.000000000 2
612 100 3 8192 2.000000000 2
612 124 3 8192 2.000000000 2
612 156 3 8192 2.000000000 2
612 160 3 8192 2.000000000 2
612 184 3 8192 2.000000000 2
612 192 3 8192 2.000000000 2
612 212 3 8192 2.000000000 2
612 220 3 8192 2.000000000 2
612 224 3 8192 2.000000000 2
612 232 3 8192 2.000000000 2
612 244 3 8192 2.000000000 2
612 276 3 8192 2.000000000 2
612 292 3 8192 2.000000000 2
612 296 3 8192 2.000000000 2
612 324 3 8192 2.000000000 2
612 328 3 8192 2.000000000 2
612 332 3 8192 2.000000000 2
612 364 3 8192 2.000000000 2
612 368 3 8192 2.000000000 2
612 388 3 8192 2.000000000 2
612 452 3 8192 2.000000000 2
612 472 3 8192 2.000000000 2
612 480 3 8192 2.000000000 2
612 484 3 8192 2.000000000 2
612 496 3 8192 2.000000000 2
612 512 3 8192 2.000000000 2
612 532 3 8192 2.000000000 2
612 552 3 8192 2.000000000 2
612 568 3 8192 2.000000000 2
612 648 3 8192 2.000000000 2
612 672 3 8192 2.000000000 2
612 680 3 8192 2.000000000 2
612 684 3 8192 2.000000000 2
612 696 3 8192 2.000000000 2
612 736 3 8192 2.000000000 2
612 800 3 8192 2.000000000 2
612 808 3 8192 2.000000000 2
612 824 3 8192 2.000000000 2
612 832 3 8192 2.000000000 2
612 856 3 8192 2.000000000 2
612 872 3 8192 2.000000000 2
612 892 3 8192 2.000000000 2
612 900 3 8192 2.000000000 2
612 908 3 8192 2.000000000 2
612 924 3 8192 2.000000000 2
612 956 3 8192 2.000000000 2
612 1080 3 8192 2.000000000 2
612 1104 3 8192 2.000000000 2
612 1112 3 8192 2.000000000 2
612 1148 3 8192 2.000000000 2
612 1156 3 8192 2.000000000 2
612 1168 3 8192 2.000000000 2
612 1204 3 8192 2.000000000 2
612 1232 3 8192 2.000000000 2
612 1256 3 8192 2.000000000 2
612 1272 3 8192 2.000000000 2
612 1276 3 8192 2.000000000 2
620 8 3 8192 2.000000000 2
620 40 3 8192 2.000000000 2
620 100 3 8192 2.000000000 2
620 116 3 8192 2.000000000 2
620 120 3 8192 2.000000000 2
620 140 3 8192 2.000000000 2
620 152 3 8192 2.000000000 2
620 164 3 8192 2.000000000 2
620 168 3 8192 2.000000000 2
620 176 3 8192 2.000000000 2
620 180 3 8192 2.000000000 2
620 208 3 8192 2.000000000 2
620 252 3 8192 2.000000000 2
620 296 3 8192 2.000000000 2
620 320 3 8192 2.000000000 2
620 352 3 8192 2.000000000 2
620 356 3 8192 2.000000000 2
620 404 3 8192 2.000000000 2
620 424 3 8192 2.000000000 2
620 440 3 8192 2.000000000 2
620 452 3 8192 2.000000000 2
620 456 3 8192 2.000000000 2
620 460 3 8192 2.000000000 2
620 464 3 8192 2.000000000 2
620 476 3 8192 2.000000000 2
620 488 3 8192 2.000000000 2
620 496 3 8192 2.000000000 2
620 512 3 8192 2.000000000 2
620 548 3 8192 2.000000000 2
620 560 3 8192 2.000000000 2
620 580 3 8192 2.000000000 2
620 588 3 8192 2.000000000 2
620 600 3 8192 2.000000000 2
620 608 3 8192 2.000000000 2
620 696 3 8192 2.000000000 2
620 700 3 8192 2.000000000 2
620 704 3 8192 2.000000000 2
620 768 3 8192 2.000000000 2
620 776 3 8192 2.000000000 2
620 792 3 8192 2.000000000 2
620 796 3 8192 2.000000000 2
620 800 3 8192 2.000000000 2
620 836 3 8192 2.000000000 2
620 856 3 8192 2.000000000 2
620 864 3 8192 2.000000000 2
620 928 3 8192 2.000000000 2
620 940 3 8192 2.000000000 2
620 948 3 8192 2.000000000 2
620 956 3 8192 2.000000000 2
620 960 3 8192 2.000000000 2
620 968 3 8192 2.000000000 2
620 1004 3 8192 2.000000000 2
620 1008 3 8192 2.000000000 2
620 1016 3 8192 2.000000000 2
620 1040 3 8192 2.000000000 2
620 1048 3 8192 2.000000000 2
620 1088 3 8192 2.000000000 2
620 1128 3 8192 2.000000000 2
620 1144 3 8192 2.000000000 2
620 1156 3 8192 2.000000000 2
620 1236 3 8192 2.000000000 2
620 1244 3 8192 2.000000000 2
620 1260 3 8192 2.000000000 2
620 1276 3 8192 2.000000000 2
624 40 3 8192 2.000000000 2
624 60 3 8192 2.000000000 2
624 64 3 8192 2.000000000 2
624 72 3 8192 2.000000000 2
624 80 3 8192 2.000000000 2
624 84 3 8192 2.000000000 2
624 88 3 8192 2.000000000 2
624 116 3 8192 2.000000000 2
624 156 3 8192 2.000000000 2
624 196 3 8192 2.000000000 2
624 280 3 8192 2.000000000 2
624 324 3 8192 2.000000000 2
624 332 3 8192 2.000000000 2
624 348 3 8192 2.000000000 2
624 360 3 8192 2.000000000 2
624 380 3 8192 2.000000000 2
624 400 3 8192 2.000000000 2
624 404 3 8192 2.000000000 2
624 412 3 8192 2.000000000 2
624 448 3 8192 2.000000000 2
624 480 3 8192 2.000000000 2
624 484 3 8192 2.000000000 2
624 488 3 8192 2.000000000 2
624 528 3 8192 2.000000000 2
624 532 3 8192 2.000000000 2
624 536 3 8192 2.000000000 2
624 572 3 8192 2.000000000 2
624 596 3 8192 2.000000000 2
624 612 3 8192 2.000000000 2
624 632 3 8192 2.000000000 2
624 636 3 8192 2.000000000 2
624 660 3 8192 2.000000000 2
624 700 3 8192 2.000000000 2
624 708 3 8192 2.000000000 2
624 716 3 8192 2.000000000 2
624 720 3 8192 2.000000000 2
624 724 3 8192 2.000000000 2
624 748 3 8192 2.000000000 2
624 772 3 8192 2.000000000 2
624 776 3 8192 2.000000000 2
624 804 3 8192 2.000000000 2
624 812 3 8192 2.000000000 2
624 848 3 8192 2.000000000 2
624 884 3 8192 2.000000000 2
624 888 3 8192 2.000000000 2
624 932 3 8192 2.000000000 2
624 944 3 8192 2.000000000 2
624 964 3 8192 2.000000000 2
624 988 3 8192 2.000000000 2
624 1000 3 8192 2.000000000 2
624 1004 3 8192 2.000000000 2
624 1012 3 8192 2.000000000 2
624 1020 3 8192 2.000000000 2
624 1040 3 8192 2.000000000 2
624 1080 3 8192 2.000000000 2
624 1116 3 8192 2.000000000 2
624 1156 3 8192 2.000000000 2
624 1164 3 8192 2.000000000 2
624 1168 3 8192 2.000000000 2
624 1184 3 8192 2.000000000 2
624 1196 3 8192 2.000000000 2
624 1200 3 8192 2.000000000 2
624 1224 3 8192 2.000000000 2
624 1252 3 8192 2.000000000 2
632 36 3 8192 2.000000000 2
632 40 3 8192 2.000000000 2
632 44 3 8192 2.000000000 2
632 64 3 8192 2.000000000 2
632 88 3 8192 2.000000000 2
632 112 3 8192 2.000000000 2
632 116 3 8192 2.000000000 2
632 132 3 8192 2.000000000 2
632 148 3 8192 2.000000000 2
632 160 3 8192 2.000000000 2
632 176 3 8192 2.000000000 2
632 220 3 8192 2.000000000 2
632 244 3 8192 2.000000000 2
632 352 3 8192 2.000000000 2
632 360 3 8192 2.000000000 2
632 412 3 8192 2.000000000 2
632 432 3 8192 2.000000000 2
632 436 3 8192 2.000000000 2
632 476 3 8192 2.000000000 2
632 484 3 8192 2.000000000 2
632 500 3 8192 2.000000000 2
632 520 3 8192 2.000000000 2
632 524 3 8192 2.000000000 2
632 532 3 8192 2.000000000 2
632 556 3 8192 2.000000000 2
632 560 3 8192 2.000000000 2
632 564 3 8192 2.000000000 2
632 568 3 8192 2.000000000 2
632 600 3 8192 2.000000000 2
632 612 3 8192 2.000000000 2
632 644 3 8192 2.000000000 2
632 648 3 8192 2.000000000 2
632 656 3 8192 2.000000000 2
632 664 3 8192 2.000000000 2
632 704 3 8192 2.000000000 2
632 716 3 8192 2.000000000 2
632 748 3 8192 2.000000000 2
632 768 3 8192 2.000000000 2
632 772 3 8192 2.000000000 2
632 776 3 8192 2.000000000 2
632 780 3 8192 2.000000000 2
632 792 3 8192 2.000000000 2
632 808 3 8192 2.000000000 2
632 824 3 8192 2.000000000 2
632 884 3 8192 2.000000000 2
632 888 3 8192 2.000000000 2
632 932 3 8192 2.000000000 2
632 948 3 8192 2.000000000 2
632 964 3 8192 2.000000000 2
632 968 3 8192 2.000000000 2
632 980 3 8192 2.000000000 2
632 984 3 8192 2.000000000 2
632 996 3 8192 2.000000000 2
632 1020 3 8192 2.000000000 2
632 1028 3 8192 2.000000000 2
632 1036 3 8192 2.000000000 2
632 1068 3 8192 2.000000000 2
632 1088 3 8192 2.000000000 2
632 1100 3 8192 2.000000000 2
632 1164 3 8192 2.000000000 2
632 1220 3 8192 2.000000000 2
632 1224 3 8192 2.000000000 2
632 1236 3 8192 2.000000000 2
632 1248 3 8192 2.000000000 2
636 4 3 8192 2.000000000 2
636 24 3 8192 2.000000000 2
636 28 3 8192 2.000000000 2
636 36 3 8192 2.000000000 2
636 44 3 8192 2.000000000 2
636 48 3 8192 2.000000000 2
636 56 3 8192 2.000000000 2
636 84 3 8192 2.000000000 2
636 92 3 8192 2.000000000 2
636 184 3 8192 2.000000000 2
636 196 3 8192 2.000000000 2
636 200 3 8192 2.000000000 2
636 264 3 8192 2.000000000 2
636 292 3 8192 2.000000000 2
636 312 3 8192 2.000000000 2
636 352 3 8192 2.000000000 2
636 356 3 8192 2.000000000 2
636 388 3 8192 2.000000000 2
636 400 3 8192 2.000000000 2
636 412 3 8192 2.000000000 2
636 428 3 8192 2.000000000 2
636 436 3 8192 2.000000000 2
636 444 3 8192 2.000000000 2
636 456 3 8192 2.000000000 2
636 488 3 8192 2.000000000 2
636 516 3 8192 2.000000000 2
636 536 3 8192 2.000000000 2
636 580 3 8192 2.000000000 2
636 600 3 8192 2.000000000 2
636 632 3 8192 2.000000000 2
636 648 3 8192 2.000000000 2
636 668 3 8192 2.000000000 2
636 684 3 8192 2.000000000 2
636 704 3 8192 2.000000000 2
636 720 3 8192 2.000000000 2
636 736 3 8192 2.000000000 2
636 756 3 8192 2.000000000 2
636 768 3 8192 2.000000000 2
636 772 3 8192 2.000000000 2
636 776 3 8192 2.000000000 2
636 780 3 8192 2.000000000 2
636 784 3 8192 2.000000000 2
636 812 3 8192 2.000000000 2
636 932 3 8192 2.000000000 2
636 944 3 8192 2.000000000 2
636 956 3 8192 2.000000000 2
636 976 3 8192 2.000000000 2
636 984 3 8192 2.000000000 2
636 1000 3 8192 2.000000000 2
636 1036 3 8192 2.000000000 2
636 1040 3 8192 2.000000000 2
636 1052 3 8192 2.000000000 2
636 1068 3 8192 2.000000000 2
636 1104 3 8192 2.000000000 2
636 1112 3 8192 2.000000000 2
636 1116 3 8192 2.000000000 2
636 1144 3 8192 2.000000000 2
636 1148 3 8192 2.000000000 2
636 1164 3 8192 2.000000000 2
636 1180 3 8192 2.000000000 2
636 1244 3 8192 2.000000000 2
636 1260 3 8192 2.000000000 2
636 1272 3 8192 2.000000000 2
636 1276 3 8192 2.000000000 2
640 52 3 8192 2.000000000 2
640 56 3 8192 2.000000000 2
640 60 3 8192 2.000000000 2
640 84 3 8192 2.000000000 2
640 100 3 8192 2.000000000 2
640 128 3 8192 2.000000000 2
640 172 3 8192 2.000000000 2
640 200 3 8192 2.000000000 2
640 248 3 8192 2.000000000 2
640 328 3 8192 2.000000000 2
640 332 3 8192 2.000000000 2
640 364 3 8192 2.000000000 2
640 412 3 8192 2.000000000 2
640 420 3 8192 2.000000000 2
640 424 3 8192 2.000000000 2
640 432 3 8192 2.000000000 2
640 440 3 8192 2.000000000 2
640 444 3 8192 2.000000000 2
640 464 3 8192 2.000000000 2
640 476 3 8192 2.000000000 2
640 496 3 8192 2.000000000 2
640 504 3 8192 2.000000000 2
640 512 3 8192 2.000000000 2
640 516 3 8192 2.000000000 2
640 548 3 8192 2.000000000 2
640 560 3 8192 2.000000000 2
640 568 3 8192 2.000000000 2
640 572 3 8192 2.000000000 2
640 608 3 8192 2.000000000 2
640 624 3 8192 2.000000000 2
640 636 3 8192 2.000000000 2
640 656 3 8192 2.000000000 2
640 668 3 8192 2.000000000 2
640 700 3 8192 2.000000000 2
640 704 3 8192 2.000000000 2
640 720 3 8192 2.000000000 2
640 736 3 8192 2.000000000 2
640 744 3 8192 2.000000000 2
640 756 3 8192 2.000000000 2
640 768 3 8192 2.000000000 2
640 772 3 8192 2.000000000 2
640 792 3 8192 2.000000000 2
640 800 3 8192 2.000000000 2
640 812 3 8192 2.000000000 2
640 824 3 8192 2.000000000 2
640 836 3 8192 2.000000000 2
640 864 3 8192 2.000000000 2
640 904 3 8192 2.000000000 2
640 932 3 8192 2.000000000 2
640 936 3 8192 2.000000000 2
640 948 3 8192 2.000000000 2
640 984 3 8192 2.000000000 2
640 1012 3 8192 2.000000000 2
640 1040 3 8192 2.000000000 2
640 1052 3 8192 2.000000000 2
640 1080 3 8192 2.000000000 2
640 1108 3 8192 2.000000000 2
640 1128 3 8192 2.000000000 2
640 1156 3 8192 2.000000000 2
640 1184 3 8192 2.000000000 2
640 1224 3 8192 2.000000000 2
640 1244 3 8192 2.000000000 2
640 1252 3 8192 2.000000000 2
640 1272 3 8192 2.000000000 2
644 16 3 8192 2.000000000 2
644 52 3 8192 2.000000000 2
644 60 3 8192 2.000000000 2
644 96 3 8192 2.000000000 2
644 108 3 8192 2.000000000 2
644 116 3 8192 2.000000000 2
644 124 3 8192 2.000000000 2
644 132 3 8192 2.000000000 2
644 172 3 8192 2.000000000 2
644 196 3 8192 2.000000000 2
644 252 3 8192 2.000000000 2
644 280 3 8192 2.000000000 2
644 292 3 8192 2.000000000 2
644 296 3 8192 2.000000000 2
644 308 3 8192 2.000000000 2
644 324 3 8192 2.000000000 2
644 380 3 8192 2.000000000 2
644 436 3 8192 2.000000000 2
644 440 3 8192 2.000000000 2
644 456 3 8192 2.000000000 2
644 472 3 8192 2.000000000 2
644 476 3 8192 2.000000000 2
644 484 3 8192 2.000000000 2
644 492 3 8192 2.000000000 2
644 500 3 8192 2.000000000 2
644 516 3 8192 2.000000000 2
644 536 3 8192 2.000000000 2
644 548 3 8192 2.000000000 2
644 608 3 8192 2.000000000 2
644 624 3 8192 2.000000000 2
644 660 3 8192 2.000000000 2
644 672 3 8192 2.000000000 2
644 684 3 8192 2.000000000 2
644 708 3 8192 2.000000000 2
644 752 3 8192 2.000000000 2
644 764 3 8192 2.000000000 2
644 804 3 8192 2.000000000 2
644 808 3 8192 2.000000000 2
644 824 3 8192 2.000000000 2
644 888 3 8192 2.000000000 2
644 900 3 8192 2.000000000 2
644 928 3 8192 2.000000000 2
644 940 3 8192 2.000000000 2
644 944 3 8192 2.000000000 2
644 948 3 8192 2.000000000 2
644 960 3 8192 2.000000000 2
644 976 3 8192 2.000000000 2
644 988 3 8192 2.000000000 2
644 1004 3 8192 2.000000000 2
644 1008 3 8192 2.000000000 2
644 1020 3 8192 2.000000000 2
644 1036 3 8192 2.000000000 2
644 1040 3 8192 2.000000000 2
644 1080 3 8192 2.000000000 2
644 1116 3 8192 2.000000000 2
644 1128 3 8192 2.000000000 2
644 1156 3 8192 2.000000000 2
644 1180 3 8192 2.000000000 2
644 1204 3 8192 2.000000000 2
644 1224 3 8192 2.000000000 2
644 1232 3 8192 2.000000000 2
644 1252 3 8192 2.000000000 2
644 1272 3 8192 2.000000000 2
644 1276 3 8192 2.000000000 2
648 36 3 8192 2.000000000 2
648 72 3 8192 2.000000000 2
648 84 3 8192 2.000000000 2
648 160 3 8192 2.000000000 2
648 208 3 8192 2.000000000 2
648 232 3 8192 2.000000000 2
648 244 3 8192 2.000000000 2
648 292 3 8192 2.000000000 2
648 320 3 8192 2.000000000 2
648 348 3 8192 2.000000000 2
648 392 3 8192 2.000000000 2
648 408 3 8192 2.000000000 2
648 420 3 8192 2.000000000 2
648 436 3 8192 2.000000000 2
648 460 3 8192 2.000000000 2
648 480 3 8192 2.000000000 2
648 492 3 8192 2.000000000 2
648 500 3 8192 2.000000000 2
648 504 3 8192 2.000000000 2
648 540 3 8192 2.000000000 2
648 552 3 8192 2.000000000 2
648 580 3 8192 2.000000000 2
648 584 3 8192 2.000000000 2
648 600 3 8192 2.000000000 2
648 620 3 8192 2.000000000 2
648 632 3 8192 2.000000000 2
648 636 3 8192 2.000000000 2
648 640 3 8192 2.000000000 2
648 672 3 8192 2.000000000 2
648 680 3 8192 2.000000000 2
648 704 3 8192 2.000000000 2
648 720 3 8192 2.000000000 2
648 752 3 8192 2.000000000 2
648 760 3 8192 2.000000000 2
648 764 3 8192 2.000000000 2
648 780 3 8192 2.000000000 2
648 784 3 8192 2.000000000 2
648 796 3 8192 2.000000000 2
648 816 3 8192 2.000000000 2
648 836 3 8192 2.000000000 2
648 848 3 8192 2.000000000 2
648 876 3 8192 2.000000000 2
648 888 3 8192 2.000000000 2
648 908 3 8192 2.000000000 2
648 944 3 8192 2.000000000 2
648 948 3 8192 2.000000000 2
648 960 3 8192 2.000000000 2
648 968 3 8192 2.000000000 2
648 1004 3 8192 2.000000000 2
648 1036 3 8192 2.000000000 2
648 1040 3 8192 2.000000000 2
648 1052 3 8192 2.000000000 2
648 1056 3 8192 2.000000000 2
648 1080 3 8192 2.000000000 2
648 1088 3 8192 2.000000000 2
648 1120 3 8192 2.000000000 2
648 1144 3 8192 2.000000000 2
648 1156 3 8192 2.000000000 2
648 1196 3 8192 2.000000000 2
648 1200 3 8192 2.000000000 2
648 1204 3 8192 2.000000000 2
648 1220 3 8192 2.000000000 2
648 1264 3 8192 2.000000000 2
648 1276 3 8192 2.000000000 2
656 0 3 8192 2.000000000 2
656 28 3 8192 2.000000000 2
656 48 3 8192 2.000000000 2
656 56 3 8192 2.000000000 2
656 64 3 8192 2.000000000 2
656 68 3 8192 2.000000000 2
656 100 3 8192 2.000000000 2
656 128 3 8192 2.000000000 2
656 164 3 8192 2.000000000 2
656 176 3 8192 2.000000000 2
656 180 3 8192 2.000000000 2
656 192 3 8192 2.000000000 2
656 200 3 8192 2.000000000 2
656 216 3 8192 2.000000000 2
656 240 3 8192 2.000000000 2
656 276 3 8192 2.000000000 2
656 296 3 8192 2.000000000 2
656 316 3 8192 2.000000000 2
656 328 3 8192 2.000000000 2
656 344 3 8192 2.000000000 2
656 356 3 8192 2.000000000 2
656 368 3 8192 2.000000000 2
656 404 3 8192 2.000000000 2
656 420 3 8192 2.000000000 2
656 436 3 8192 2.000000000 2
656 444 3 8192 2.000000000 2
656 456 3 8192 2.000000000 2
656 460 3 8192 2.000000000 2
656 504 3 8192 2.000000000 2
656 520 3 8192 2.000000000 2
656 524 3 8192 2.000000000 2
656 528 3 8192 2.000000000 2
656 556 3 8192 2.000000000 2
656 612 3 8192 2.000000000 2
656 640 3 8192 2.000000000 2
656 648 3 8192 2.000000000 2
656 672 3 8192 2.000000000 2
656 716 3 8192 2.000000000 2
656 720 3 8192 2.000000000 2
656 732 3 8192 2.000000000 2
656 740 3 8192 2.000000000 2
656 748 3 8192 2.000000000 2
656 756 3 8192 2.000000000 2
656 764 3 8192 2.000000000 2
656 772 3 8192 2.000000000 2
656 784 3 8192 2.000000000 2
656 836 3 8192 2.000000000 2
656 864 3 8192 2.000000000 2
656 888 3 8192 2.000000000 2
656 900 3 8192 2.000000000 2
656 956 3 8192 2.000000000 2
656 1008 3 8192 2.000000000 2
656 1012 3 8192 2.000000000 2
656 1016 3 8192 2.000000000 2
656 1020 3 8192 2.000000000 2
656 1056 3 8192 2.000000000 2
656 1080 3 8192 2.000000000 2
656 1108 3 8192 2.000000000 2
656 1128 3 8192 2.000000000 2
656 1168 3 8192 2.000000000 2
656 1204 3 8192 2.000000000 2
656 1232 3 8192 2.000000000 2
656 1236 3 8192 2.000000000 2
656 1272 3 8192 2.000000000 2
660 32 3 8192 2.000000000 2
660 52 3 8192 2.000000000 2
660 96 3 8192 2.000000000 2
660 112 3 8192 2.000000000 2
660 128 3 8192 2.000000000 2
660 172 3 8192 2.000000000 2
660 176 3 8192 2.000000000 2
660 212 3 8192 2.000000000 2
660 244 3 8192 2.000000000 2
660 252 3 8192 2.000000000 2
660 264 3 8192 2.000000000 2
660 328 3 8192 2.000000000 2
660 344 3 8192 2.000000000 2
660 400 3 8192 2.000000000 2
660 448 3 8192 2.000000000 2
660 456 3 8192 2.000000000 2
660 464 3 8192 2.000000000 2
660 468 3 8192 2.000000000 2
660 472 3 8192 2.000000000 2
660 476 3 8192 2.000000000 2
660 480 3 8192 2.000000000 2
660 484 3 8192 2.000000000 2
660 488 3 8192 2.000000000 2
660 500 3 8192 2.000000000 2
660 504 3 8192 2.000000000 2
660 528 3 8192 2.000000000 2
660 532 3 8192 2.000000000 2
660 540 3 8192 2.000000000 2
660 548 3 8192 2.000000000 2
660 568 3 8192 2.000000000 2
660 572 3 8192 2.000000000 2
660 584 3 8192 2.000000000 2
660 620 3 8192 2.000000000 2
660 632 3 8192 2.000000000 2
660 640 3 8192 2.000000000 2
660 672 3 8192 2.000000000 2
660 700 3 8192 2.000000000 2
660 708 3 8192 2.000000000 2
660 740 3 8192 2.000000000 2
660 744 3 8192 2.000000000 2
660 764 3 8192 2.000000000 2
660 772 3 8192 2.000000000 2
660 832 3 8192 2.000000000 2
660 884 3 8192 2.000000000 2
660 888 3 8192 2.000000000 2
660 892 3 8192 2.000000000 2
660 908 3 8192 2.000000000 2
660 924 3 8192 2.000000000 2
660 940 3 8192 2.000000000 2
660 956 3 8192 2.000000000 2
660 968 3 8192 2.000000000 2
660 976 3 8192 2.000000000 2
660 1004 3 8192 2.000000000 2
660 1008 3 8192 2.000000000 2
660 1068 3 8192 2.000000000 2
660 1080 3 8192 2.000000000 2
660 1100 3 8192 2.000000000 2
660 1116 3 8192 2.000000000 2
660 1128 3 8192 2.000000000 2
660 1144 3 8192 2.000000000 2
660 1168 3 8192 2.000000000 2
660 1204 3 8192 2.000000000 2
660 1236 3 8192 2.000000000 2
660 1260 3 8192 2.000000000 2
664 4 3 8192 2.000000000 2
664 12 3 8192 2.000000000 2
664 40 3 8192 2.000000000 2
664 60 3 8192 2.000000000 2
664 68 3 8192 2.000000000 2
664 84 3 8192 2.000000000 2
664 140 3 8192 2.000000000 2
664 156 3 8192 2.000000000 2
664 196 3 8192 2.000000000 2
664 216 3 8192 2.000000000 2
664 252 3 8192 2.000000000 2
664 308 3 8192 2.000000000 2
664 312 3 8192 2.000000000 2
664 332 3 8192 2.000000000 2
664 388 3 8192 2.000000000 2
664 392 3 8192 2.000000000 2
664 420 3 8192 2.000000000 2
664 444 3 8192 2.000000000 2
664 456 3 8192 2.000000000 2
664 488 3 8192 2.000000000 2
664 524 3 8192 2.000000000 2
664 528 3 8192 2.000000000 2
664 540 3 8192 2.000000000 2
664 548 3 8192 2.000000000 2
664 560 3 8192 2.000000000 2
664 564 3 8192 2.000000000 2
664 572 3 8192 2.000000000 2
664 584 3 8192 2.000000000 2
664 620 3 8192 2.000000000 2
664 636 3 8192 2.000000000 2
664 732 3 8192 2.000000000 2
664 768 3 8192 2.000000000 2
664 772 3 8192 2.000000000 2
664 776 3 8192 2.000000000 2
664 780 3 8192 2.000000000 2
664 784 3 8192 2.000000000 2
664 808 3 8192 2.000000000 2
664 824 3 8192 2.000000000 2
664 832 3 8192 2.000000000 2
664 884 3 8192 2.000000000 2
664 912 3 8192 2.000000000 2
664 924 3 8192 2.000000000 2
664 932 3 8192 2.000000000 2
664 964 3 8192 2.000000000 2
664 988 3 8192 2.000000000 2
664 1000 3 8192 2.000000000 2
664 1008 3 8192 2.000000000 2
664 1032 3 8192 2.000000000 2
664 1048 3 8192 2.000000000 2
664 1076 3 8192 2.000000000 2
664 1080 3 8192 2.000000000 2
664 1084 3 8192 2.000000000 2
664 1088 3 8192 2.000000000 2
664 1120 3 8192 2.000000000 2
664 1148 3 8192 2.000000000 2
664 1164 3 8192 2.000000000 2
664 1172 3 8192 2.000000000 2
664 1180 3 8192 2.000000000 2
664 1184 3 8192 2.000000000 2
664 1196 3 8192 2.000000000 2
664 1200 3 8192 2.000000000 2
664 1220 3 8192 2.000000000 2
664 1244 3 8192 2.000000000 2
664 1276 3 8192 2.000000000 2
668 24 3 8192 2.000000000 2
668 36 3 8192 2.000000000 2
668 52 3 8192 2.000000000 2
668 68 3 8192 2.000000000 2
668 72 3 8192 2.000000000 2
668 96 3 8192 2.000000000 2
668 124 3 8192 2.000000000 2
668 128 3 8192 2.000000000 2
668 132 3 8192 2.000000000 2
668 180 3 8192 2.000000000 2
668 184 3 8192 2.000000000 2
668 212 3 8192 2.000000000 2
668 236 3 8192 2.000000000 2
668 272 3 8192 2.000000000 2
668 344 3 8192 2.000000000 2
668 360 3 8192 2.000000000 2
668 368 3 8192 2.000000000 2
668 380 3 8192 2.000000000 2
668 408 3 8192 2.000000000 2
668 448 3 8192 2.000000000 2
668 452 3 8192 2.000000000 2
668 464 3 8192 2.000000000 2
668 468 3 8192 2.000000000 2
668 480 3 8192 2.000000000 2
668 484 3 8192 2.000000000 2
668 516 3 8192 2.000000000 2
668 520 3 8192 2.000000000 2
668 536 3 8192 2.000000000 2
668 540 3 8192 2.000000000 2
668 552 3 8192 2.000000000 2
668 572 3 8192 2.000000000 2
668 584 3 8192 2.000000000 2
668 640 3 8192 2.000000000 2
668 644 3 8192 2.000000000 2
668 664 3 8192 2.000000000 2
668 672 3 8192 2.000000000 2
668 680 3 8192 2.000000000 2
668 684 3 8192 2.000000000 2
668 696 3 8192 2.000000000 2
668 700 3 8192 2.000000000 2
668 708 3 8192 2.000000000 2
668 716 3 8192 2.000000000 2
668 724 3 8192 2.000000000 2
668 736 3 8192 2.000000000 2
668 744 3 8192 2.000000000 2
668 756 3 8192 2.000000000 2
668 768 3 8192 2.000000000 2
668 776 3 8192 2.000000000 2
668 800 3 8192 2.000000000 2
668 904 3 8192 2.000000000 2
668 928 3 8192 2.000000000 2
668 944 3 8192 2.000000000 2
668 956 3 8192 2.000000000 2
668 980 3 8192 2.000000000 2
668 984 3 8192 2.000000000 2
668 1036 3 8192 2.000000000 2
668 1112 3 8192 2.000000000 2
668 1128 3 8192 2.000000000 2
668 1156 3 8192 2.000000000 2
668 1184 3 8192 2.000000000 2
668 1204 3 8192 2.000000000 2
668 1248 3 8192 2.000000000 2
668 1256 3 8192 2.000000000 2
668 1260 3 8192 2.000000000 2
672 4 3 8192 2.000000000 2
672 40 3 8192 2.000000000 2
672 52 3 8192 2.000000000 2
672 72 3 8192 2.000000000 2
672 84 3 8192 2.000000000 2
672 120 3 8192 2.000000000 2
672 132 3 8192 2.000000000 2
672 156 3 8192 2.000000000 2
672 160 3 8192 2.000000000 2
672 172 3 8192 2.000000000 2
672 192 3 8192 2.000000000 2
672 220 3 8192 2.000000000 2
672 224 3 8192 2.000000000 2
672 232 3 8192 2.000000000 2
672 240 3 8192 2.000000000 2
672 244 3 8192 2.000000000 2
672 248 3 8192 2.000000000 2
672 264 3 8192 2.000000000 2
672 280 3 8192 2.000000000 2
672 296 3 8192 2.000000000 2
672 300 3 8192 2.000000000 2
672 312 3 8192 2.000000000 2
672 316 3 8192 2.000000000 2
672 352 3 8192 2.000000000 2
672 356 3 8192 2.000000000 2
672 392 3 8192 2.000000000 2
672 404 3 8192 2.000000000 2
672 440 3 8192 2.000000000 2
672 488 3 8192 2.000000000 2
672 528 3 8192 2.000000000 2
672 532 3 8192 2.000000000 2
672 540 3 8192 2.000000000 2
672 580 3 8192 2.000000000 2
672 608 3 8192 2.000000000 2
672 620 3 8192 2.000000000 2
672 636 3 8192 2.000000000 2
672 648 3 8192 2.000000000 2
672 668 3 8192 2.000000000 2
672 700 3 8192 2.000000000 2
672 708 3 8192 2.000000000 2
672 720 3 8192 2.000000000 2
672 724 3 8192 2.000000000 2
672 776 3 8192 2.000000000 2
672 816 3 8192 2.000000000 2
672 856 3 8192 2.000000000 2
672 864 3 8192 2.000000000 2
672 872 3 8192 2.000000000 2
672 908 3 8192 2.000000000 2
672 924 3 8192 2.000000000 2
672 956 3 8192 2.000000000 2
672 976 3 8192 2.000000000 2
672 980 3 8192 2.000000000 2
672 996 3 8192 2.000000000 2
672 1008 3 8192 2.000000000 2
672 1036 3 8192 2.000000000 2
672 1040 3 8192 2.000000000 2
672 1048 3 8192 2.000000000 2
672 1084 3 8192 2.000000000 2
672 1104 3 8192 2.000000000 2
672 1164 3 8192 2.000000000 2
672 1180 3 8192 2.000000000 2
672 1200 3 8192 2.000000000 2
672 1220 3 8192 2.000000000 2
672 1272 3 8192 2.000000000 2
680 0 3 8192 2.000000000 2
680 16 3 8192 2.000000000 2
680 28 3 8192 2.000000000 2
680 32 3 8192 2.000000000 2
680 36 3 8192 2.000000000 2
680 72 3 8192 2.000000000 2
680 84 3 8192 2.000000000 2
680 112 3 8192 2.000000000 2
680 140 3 8192 2.000000000 2
680 144 3 8192 2.000000000 2
680 168 3 8192 2.000000000 2
680 180 3 8192 2.000000000 2
680 184 3 8192 2.000000000 2
680 196 3 8192 2.000000000 2
680 232 3 8192 2.000000000 2
680 276 3 8192 2.000000000 2
680 324 3 8192 2.000000000 2
680 352 3 8192 2.000000000 2
680 368 3 8192 2.000000000 2
680 408 3 8192 2.000000000 2
680 432 3 8192 2.000000000 2
680 436 3 8192 2.000000000 2
680 452 3 8192 2.000000000 2
680 456 3 8192 2.000000000 2
680 464 3 8192 2.000000000 2
680 472 3 8192 2.000000000 2
680 484 3 8192 2.000000000 2
680 496 3 8192 2.000000000 2
680 500 3 8192 2.000000000 2
680 516 3 8192 2.000000000 2
680 520 3 8192 2.000000000 2
680 540 3 8192 2.000000000 2
680 552 3 8192 2.000000000 2
680 612 3 8192 2.000000000 2
680 644 3 8192 2.000000000 2
680 660 3 8192 2.000000000 2
680 708 3 8192 2.000000000 2
680 720 3 8192 2.000000000 2
680 748 3 8192 2.000000000 2
680 756 3 8192 2.000000000 2
680 776 3 8192 2.000000000 2
680 792 3 8192 2.000000000 2
680 800 3 8192 2.000000000 2
680 832 3 8192 2.000000000 2
680 848 3 8192 2.000000000 2
680 860 3 8192 2.000000000 2
680 864 3 8192 2.000000000 2
680 888 3 8192 2.000000000 2
680 924 3 8192 2.000000000 2
680 964 3 8192 2.000000000 2
680 976 3 8192 2.000000000 2
680 980 3 8192 2.000000000 2
680 984 3 8192 2.000000000 2
680 1036 3 8192 2.000000000 2
680 1040 3 8192 2.000000000 2
680 1052 3 8192 2.000000000 2
680 1088 3 8192 2.000000000 2
680 1112 3 8192 2.000000000 2
680 1156 3 8192 2.000000000 2
680 1164 3 8192 2.000000000 2
680 1184 3 8192 2.000000000 2
680 1220 3 8192 2.000000000 2
680 1232 3 8192 2.000000000 2
680 1244 3 8192 2.000000000 2
684 12 3 8192 2.000000000 2
684 24 3 8192 2.000000000 2
684 40 3 8192 2.000000000 2
684 48 3 8192 2.000000000 2
684 64 3 8192 2.000000000 2
684 68 3 8192 2.000000000 2
684 88 3 8192 2.000000000 2
684 92 3 8192 2.000000000 2
684 128 3 8192 2.000000000 2
684 140 3 8192 2.000000000 2
684 144 3 8192 2.000000000 2
684 160 3 8192 2.000000000 2
684 200 3 8192 2.000000000 2
684 212 3 8192 2.000000000 2
684 224 3 8192 2.000000000 2
684 236 3 8192 2.000000000 2
684 248 3 8192 2.000000000 2
684 252 3 8192 2.000000000 2
684 272 3 8192 2.000000000 2
684 316 3 8192 2.000000000 2
684 328 3 8192 2.000000000 2
684 356 3 8192 2.000000000 2
684 400 3 8192 2.000000000 2
684 428 3 8192 2.000000000 2
684 460 3 8192 2.000000000 2
684 464 3 8192 2.000000000 2
684 476 3 8192 2.000000000 2
684 480 3 8192 2.000000000 2
684 484 3 8192 2.000000000 2
684 524 3 8192 2.000000000 2
684 528 3 8192 2.000000000 2
684 536 3 8192 2.000000000 2
684 564 3 8192 2.000000000 2
684 568 3 8192 2.000000000 2
684 600 3 8192 2.000000000 2
684 624 3 8192 2.000000000 2
684 640 3 8192 2.000000000 2
684 644 3 8192 2.000000000 2
684 672 3 8192 2.000000000 2
684 708 3 8192 2.000000000 2
684 720 3 8192 2.000000000 2
684 732 3 8192 2.000000000 2
684 736 3 8192 2.000000000 2
684 752 3 8192 2.000000000 2
684 780 3 8192 2.000000000 2
684 784 3 8192 2.000000000 2
684 808 3 8192 2.000000000 2
684 848 3 8192 2.000000000 2
684 872 3 8192 2.000000000 2
684 884 3 8192 2.000000000 2
684 892 3 8192 2.000000000 2
684 904 3 8192 2.000000000 2
684 908 3 8192 2.000000000 2
684 948 3 8192 2.000000000 2
684 1012 3 8192 2.000000000 2
684 1032 3 8192 2.000000000 2
684 1076 3 8192 2.000000000 2
684 1080 3 8192 2.000000000 2
684 1088 3 8192 2.000000000 2
684 1172 3 8192 2.000000000 2
684 1196 3 8192 2.000000000 2
684 1200 3 8192 2.000000000 2
684 1244 3 8192 2.000000000 2
684 1256 3 8192 2.000000000 2
696 12 3 8192 2.000000000 2
696 32 3 8192 2.000000000 2
696 40 3 8192 2.000000000 2
696 52 3 8192 2.000000000 2
696 56 3 8192 2.000000000 2
696 108 3 8192 2.000000000 2
696 116 3 8192 2.000000000 2
696 148 3 8192 2.000000000 2
696 156 3 8192 2.000000000 2
696 160 3 8192 2.000000000 2
696 164 3 8192 2.000000000 2
696 172 3 8192 2.000000000 2
696 196 3 8192 2.000000000 2
696 200 3 8192 2.000000000 2
696 224 3 8192 2.000000000 2
696 240 3 8192 2.000000000 2
696 284 3 8192 2.000000000 2
696 296 3 8192 2.000000000 2
696 304 3 8192 2.000000000 2
696 316 3 8192 2.000000000 2
696 328 3 8192 2.000000000 2
696 332 3 8192 2.000000000 2
696 356 3 8192 2.000000000 2
696 380 3 8192 2.000000000 2
696 388 3 8192 2.000000000 2
696 404 3 8192 2.000000000 2
696 408 3 8192 2.000000000 2
696 440 3 8192 2.000000000 2
696 448 3 8192 2.000000000 2
696 452 3 8192 2.000000000 2
696 460 3 8192 2.000000000 2
696 472 3 8192 2.000000000 2
696 476 3 8192 2.000000000 2
696 540 3 8192 2.000000000 2
696 564 3 8192 2.000000000 2
696 568 3 8192 2.000000000 2
696 572 3 8192 2.000000000 2
696 600 3 8192 2.000000000 2
696 620 3 8192 2.000000000 2
696 624 3 8192 2.000000000 2
696 632 3 8192 2.000000000 2
696 640 3 8192 2.000000000 2
696 664 3 8192 2.000000000 2
696 680 3 8192 2.000000000 2
696 760 3 8192 2.000000000 2
696 776 3 8192 2.000000000 2
696 780 3 8192 2.000000000 2
696 796 3 8192 2.000000000 2
696 816 3 8192 2.000000000 2
696 832 3 8192 2.000000000 2
696 872 3 8192 2.000000000 2
696 932 3 8192 2.000000000 2
696 964 3 8192 2.000000000 2
696 976 3 8192 2.000000000 2
696 1008 3 8192 2.000000000 2
696 1020 3 8192 2.000000000 2
696 1088 3 8192 2.000000000 2
696 1104 3 8192 2.000000000 2
696 1116 3 8192 2.000000000 2
696 1128 3 8192 2.000000000 2
696 1196 3 8192 2.000000000 2
696 1236 3 8192 2.000000000 2
696 1252 3 8192 2.000000000 2
696 1260 3 8192 2.000000000 2
700 56 3 8192 2.000000000 2
700 60 3 8192 2.000000000 2
700 64 3 8192 2.000000000 2
700 84 3 8192 2.000000000 2
700 92 3 8192 2.000000000 2
700 100 3 8192 2.000000000 2
700 120 3 8192 2.000000000 2
700 128 3 8192 2.000000000 2
700 160 3 8192 2.000000000 2
700 164 3 8192 2.000000000 2
700 168 3 8192 2.000000000 2
700 176 3 8192 2.000000000 2
700 180 3 8192 2.000000000 2
700 192 3 8192 2.000000000 2
700 200 3 8192 2.000000000 2
700 216 3 8192 2.000000000 2
700 236 3 8192 2.000000000 2
700 252 3 8192 2.000000000 2
700 272 3 8192 2.000000000 2
700 292 3 8192 2.000000000 2
700 308 3 8192 2.000000000 2
700 328 3 8192 2.000000000 2
700 360 3 8192 2.000000000 2
700 380 3 8192 2.000000000 2
700 412 3 8192 2.000000000 2
700 428 3 8192 2.000000000 2
700 436 3 8192 2.000000000 2
700 448 3 8192 2.000000000 2
700 456 3 8192 2.000000000 2
700 468 3 8192 2.000000000 2
700 492 3 8192 2.000000000 2
700 536 3 8192 2.000000000 2
700 552 3 8192 2.000000000 2
700 556 3 8192 2.000000000 2
700 560 3 8192 2.000000000 2
700 600 3 8192 2.000000000 2
700 612 3 8192 2.000000000 2
700 636 3 8192 2.000000000 2
700 648 3 8192 2.000000000 2
700 664 3 8192 2.000000000 2
700 668 3 8192 2.000000000 2
700 748 3 8192 2.000000000 2
700 752 3 8192 2.000000000 2
700 776 3 8192 2.000000000 2
700 792 3 8192 2.000000000 2
700 816 3 8192 2.000000000 2
700 912 3 8192 2.000000000 2
700 936 3 8192 2.000000000 2
700 944 3 8192 2.000000000 2
700 948 3 8192 2.000000000 2
700 956 3 8192 2.000000000 2
700 988 3 8192 2.000000000 2
700 1004 3 8192 2.000000000 2
700 1032 3 8192 2.000000000 2
700 1048 3 8192 2.000000000 2
700 1056 3 8192 2.000000000 2
700 1112 3 8192 2.000000000 2
700 1184 3 8192 2.000000000 2
700 1220 3 8192 2.000000000 2
700 1252 3 8192 2.000000000 2
700 1256 3 8192 2.000000000 2
700 1264 3 8192 2.000000000 2
700 1272 3 8192 2.000000000 2
700 1276 3 8192 2.000000000 2
704 4 3 8192 2.000000000 2
704 16 3 8192 2.000000000 2
704 36 3 8192 2.000000000 2
704 56 3 8192 2.000000000 2
704 72 3 8192 2.000000000 2
704 80 3 8192 2.000000000 2
704 84 3 8192 2.000000000 2
704 108 3 8192 2.000000000 2
704 116 3 8192 2.000000000 2
704 128 3 8192 2.000000000 2
704 140 3 8192 2.000000000 2
704 152 3 8192 2.000000000 2
704 160 3 8192 2.000000000 2
704 164 3 8192 2.000000000 2
704 176 3 8192 2.000000000 2
704 192 3 8192 2.000000000 2
704 200 3 8192 2.000000000 2
704 244 3 8192 2.000000000 2
704 264 3 8192 2.000000000 2
704 276 3 8192 2.000000000 2
704 328 3 8192 2.000000000 2
704 380 3 8192 2.000000000 2
704 392 3 8192 2.000000000 2
704 404 3 8192 2.000000000 2
704 428 3 8192 2.000000000 2
704 440 3 8192 2.000000000 2
704 452 3 8192 2.000000000 2
704 468 3 8192 2.000000000 2
704 480 3 8192 2.000000000 2
704 488 3 8192 2.000000000 2
704 504 3 8192 2.000000000 2
704 528 3 8192 2.000000000 2
704 548 3 8192 2.000000000 2
704 600 3 8192 2.000000000 2
704 648 3 8192 2.000000000 2
704 656 3 8192 2.000000000 2
704 720 3 8192 2.000000000 2
704 724 3 8192 2.000000000 2
704 736 3 8192 2.000000000 2
704 756 3 8192 2.000000000 2
704 760 3 8192 2.000000000 2
704 768 3 8192 2.000000000 2
704 772 3 8192 2.000000000 2
704 796 3 8192 2.000000000 2
704 800 3 8192 2.000000000 2
704 876 3 8192 2.000000000 2
704 912 3 8192 2.000000000 2
704 928 3 8192 2.000000000 2
704 932 3 8192 2.000000000 2
704 980 3 8192 2.000000000 2
704 984 3 8192 2.000000000 2
704 996 3 8192 2.000000000 2
704 1052 3 8192 2.000000000 2
704 1076 3 8192 2.000000000 2
704 1092 3 8192 2.000000000 2
704 1100 3 8192 2.000000000 2
704 1104 3 8192 2.000000000 2
704 1108 3 8192 2.000000000 2
704 1112 3 8192 2.000000000 2
704 1116 3 8192 2.000000000 2
704 1224 3 8192 2.000000000 2
704 1236 3 8192 2.000000000 2
704 1256 3 8192 2.000000000 2
704 1264 3 8192 2.000000000 2
708 12 3 8192 2.000000000 2
708 36 3 8192 2.000000000 2
708 56 3 8192 2.000000000 2
708 60 3 8192 2.000000000 2
708 88 3 8192 2.000000000 2
708 140 3 8192 2.000000000 2
708 164 3 8192 2.000000000 2
708 168 3 8192 2.000000000 2
708 172 3 8192 2.000000000 2
708 176 3 8192 2.000000000 2
708 180 3 8192 2.000000000 2
708 212 3 8192 2.000000000 2
708 264 3 8192 2.000000000 2
708 276 3 8192 2.000000000 2
708 280 3 8192 2.000000000 2
708 300 3 8192 2.000000000 2
708 304 3 8192 2.000000000 2
708 308 3 8192 2.000000000 2
708 312 3 8192 2.000000000 2
708 332 3 8192 2.000000000 2
708 412 3 8192 2.000000000 2
708 436 3 8192 2.000000000 2
708 456 3 8192 2.000000000 2
708 492 3 8192 2.000000000 2
708 532 3 8192 2.000000000 2
708 556 3 8192 2.000000000 2
708 584 3 8192 2.000000000 2
708 600 3 8192 2.000000000 2
708 620 3 8192 2.000000000 2
708 624 3 8192 2.000000000 2
708 644 3 8192 2.000000000 2
708 656 3 8192 2.000000000 2
708 680 3 8192 2.000000000 2
708 696 3 8192 2.000000000 2
708 700 3 8192 2.000000000 2
708 716 3 8192 2.000000000 2
708 744 3 8192 2.000000000 2
708 768 3 8192 2.000000000 2
708 772 3 8192 2.000000000 2
708 784 3 8192 2.000000000 2
708 792 3 8192 2.000000000 2
708 800 3 8192 2.000000000 2
708 808 3 8192 2.000000000 2
708 812 3 8192 2.000000000 2
708 816 3 8192 2.000000000 2
708 892 3 8192 2.000000000 2
708 900 3 8192 2.000000000 2
708 904 3 8192 2.000000000 2
708 924 3 8192 2.000000000 2
708 928 3 8192 2.000000000 2
708 940 3 8192 2.000000000 2
708 948 3 8192 2.000000000 2
708 960 3 8192 2.000000000 2
708 976 3 8192 2.000000000 2
708 980 3 8192 2.000000000 2
708 996 3 8192 2.000000000 2
708 1000 3 8192 2.000000000 2
708 1032 3 8192 2.000000000 2
708 1036 3 8192 2.000000000 2
708 1048 3 8192 2.000000000 2
708 1112 3 8192 2.000000000 2
708 1148 3 8192 2.000000000 2
708 1236 3 8192 2.000000000 2
708 1256 3 8192 2.000000000 2
716 0 3 8192 2.000000000 2
716 28 3 8192 2.000000000 2
716 48 3 8192 2.000000000 2
716 60 3 8192 2.000000000 2
716 80 3 8192 2.000000000 2
716 84 3 8192 2.000000000 2
716 88 3 8192 2.000000000 2
716 144 3 8192 2.000000000 2
716 168 3 8192 2.000000000 2
716 176 3 8192 2.000000000 2
716 196 3 8192 2.000000000 2
716 220 3 8192 2.000000000 2
716 236 3 8192 2.000000000 2
716 240 3 8192 2.000000000 2
716 244 3 8192 2.000000000 2
716 280 3 8192 2.000000000 2
716 292 3 8192 2.000000000 2
716 304 3 8192 2.000000000 2
716 308 3 8192 2.000000000 2
716 312 3 8192 2.000000000 2
716 328 3 8192 2.000000000 2
716 332 3 8192 2.000000000 2
716 344 3 8192 2.000000000 2
716 352 3 8192 2.000000000 2
716 380 3 8192 2.000000000 2
716 400 3 8192 2.000000000 2
716 428 3 8192 2.000000000 2
716 444 3 8192 2.000000000 2
716 456 3 8192 2.000000000 2
716 468 3 8192 2.000000000 2
716 572 3 8192 2.000000000 2
716 588 3 8192 2.000000000 2
716 608 3 8192 2.000000000 2
716 636 3 8192 2.000000000 2
716 640 3 8192 2.000000000 2
716 644 3 8192 2.000000000 2
716 684 3 8192 2.000000000 2
716 704 3 8192 2.000000000 2
716 756 3 8192 2.000000000 2
716 780 3 8192 2.000000000 2
716 784 3 8192 2.000000000 2
716 900 3 8192 2.000000000 2
716 908 3 8192 2.000000000 2
716 932 3 8192 2.000000000 2
716 936 3 8192 2.000000000 2
716 940 3 8192 2.000000000 2
716 944 3 8192 2.000000000 2
716 960 3 8192 2.000000000 2
716 984 3 8192 2.000000000 2
716 1004 3 8192 2.000000000 2
716 1028 3 8192 2.000000000 2
716 1036 3 8192 2.000000000 2
716 1040 3 8192 2.000000000 2
716 1052 3 8192 2.000000000 2
716 1056 3 8192 2.000000000 2
716 1068 3 8192 2.000000000 2
716 1092 3 8192 2.000000000 2
716 1108 3 8192 2.000000000 2
716 1112 3 8192 2.000000000 2
716 1180 3 8192 2.000000000 2
716 1184 3 8192 2.000000000 2
716 1204 3 8192 2.000000000 2
716 1220 3 8192 2.000000000 2
716 1224 3 8192 2.000000000 2
720 4 3 8192 2.000000000 2
720 8 3 8192 2.000000000 2
720 28 3 8192 2.000000000 2
720 48 3 8192 2.000000000 2
720 56 3 8192 2.000000000 2
720 60 3 8192 2.000000000 2
720 80 3 8192 2.000000000 2
720 96 3 8192 2.000000000 2
720 108 3 8192 2.000000000 2
720 112 3 8192 2.000000000 2
720 116 3 8192 2.000000000 2
720 144 3 8192 2.000000000 2
720 168 3 8192 2.000000000 2
720 180 3 8192 2.000000000 2
720 244 3 8192 2.000000000 2
720 264 3 8192 2.000000000 2
720 272 3 8192 2.000000000 2
720 276 3 8192 2.000000000 2
720 292 3 8192 2.000000000 2
720 324 3 8192 2.000000000 2
720 352 3 8192 2.000000000 2
720 360 3 8192 2.000000000 2
720 368 3 8192 2.000000000 2
720 448 3 8192 2.000000000 2
720 456 3 8192 2.000000000 2
720 464 3 8192 2.000000000 2
720 480 3 8192 2.000000000 2
720 484 3 8192 2.000000000 2
720 488 3 8192 2.000000000 2
720 496 3 8192 2.000000000 2
720 500 3 8192 2.000000000 2
720 524 3 8192 2.000000000 2
720 556 3 8192 2.000000000 2
720 580 3 8192 2.000000000 2
720 584 3 8192 2.000000000 2
720 600 3 8192 2.000000000 2
720 608 3 8192 2.000000000 2
720 620 3 8192 2.000000000 2
720 640 3 8192 2.000000000 2
720 648 3 8192 2.000000000 2
720 656 3 8192 2.000000000 2
720 700 3 8192 2.000000000 2
720 704 3 8192 2.000000000 2
720 708 3 8192 2.000000000 2
720 744 3 8192 2.000000000 2
720 752 3 8192 2.000000000 2
720 776 3 8192 2.000000000 2
720 780 3 8192 2.000000000 2
720 784 3 8192 2.000000000 2
720 812 3 8192 2.000000000 2
720 832 3 8192 2.000000000 2
720 836 3 8192 2.000000000 2
720 872 3 8192 2.000000000 2
720 1000 3 8192 2.000000000 2
720 1020 3 8192 2.000000000 2
720 1068 3 8192 2.000000000 2
720 1080 3 8192 2.000000000 2
720 1100 3 8192 2.000000000 2
720 1112 3 8192 2.000000000 2
720 1116 3 8192 2.000000000 2
720 1148 3 8192 2.000000000 2
720 1168 3 8192 2.000000000 2
720 1200 3 8192 2.000000000 2
720 1220 3 8192 2.000000000 2
724 4 3 8192 2.000000000 2
724 8 3 8192 2.000000000 2
724 16 3 8192 2.000000000 2
724 36 3 8192 2.000000000 2
724 48 3 8192 2.000000000 2
724 56 3 8192 2.000000000 2
724 60 3 8192 2.000000000 2
724 88 3 8192 2.000000000 2
724 96 3 8192 2.000000000 2
724 116 3 8192 2.000000000 2
724 120 3 8192 2.000000000 2
724 128 3 8192 2.000000000 2
724 144 3 8192 2.000000000 2
724 156 3 8192 2.000000000 2
724 160 3 8192 2.000000000 2
724 192 3 8192 2.000000000 2
724 224 3 8192 2.000000000 2
724 240 3 8192 2.000000000 2
724 264 3 8192 2.000000000 2
724 292 3 8192 2.000000000 2
724 316 3 8192 2.000000000 2
724 332 3 8192 2.000000000 2
724 344 3 8192 2.000000000 2
724 368 3 8192 2.000000000 2
724 388 3 8192 2.000000000 2
724 404 3 8192 2.000000000 2
724 408 3 8192 2.000000000 2
724 428 3 8192 2.000000000 2
724 440 3 8192 2.000000000 2
724 448 3 8192 2.000000000 2
724 468 3 8192 2.000000000 2
724 472 3 8192 2.000000000 2
724 492 3 8192 2.000000000 2
724 512 3 8192 2.000000000 2
724 536 3 8192 2.000000000 2
724 548 3 8192 2.000000000 2
724 556 3 8192 2.000000000 2
724 584 3 8192 2.000000000 2
724 656 3 8192 2.000000000 2
724 668 3 8192 2.000000000 2
724 684 3 8192 2.000000000 2
724 696 3 8192 2.000000000 2
724 708 3 8192 2.000000000 2
724 716 3 8192 2.000000000 2
724 740 3 8192 2.000000000 2
724 744 3 8192 2.000000000 2
724 756 3 8192 2.000000000 2
724 800 3 8192 2.000000000 2
724 816 3 8192 2.000000000 2
724 848 3 8192 2.000000000 2
724 860 3 8192 2.000000000 2
724 864 3 8192 2.000000000 2
724 884 3 8192 2.000000000 2
724 888 3 8192 2.000000000 2
724 940 3 8192 2.000000000 2
724 980 3 8192 2.000000000 2
724 1000 3 8192 2.000000000 2
724 1020 3 8192 2.000000000 2
724 1028 3 8192 2.000000000 2
724 1112 3 8192 2.000000000 2
724 1128 3 8192 2.000000000 2
724 1196 3 8192 2.000000000 2
724 1232 3 8192 2.000000000 2
724 1264 3 8192 2.000000000 2
732 8 3 8192 2.000000000 2
732 16 3 8192 2.000000000 2
732 20 3 8192 2.000000000 2
732 24 3 8192 2.000000000 2
732 44 3 8192 2.000000000 2
732 80 3 8192 2.000000000 2
732 184 3 8192 2.000000000 2
732 212 3 8192 2.000000000 2
732 216 3 8192 2.000000000 2
732 232 3 8192 2.000000000 2
732 248 3 8192 2.000000000 2
732 276 3 8192 2.000000000 2
732 284 3 8192 2.000000000 2
732 292 3 8192 2.000000000 2
732 304 3 8192 2.000000000 2
732 328 3 8192 2.000000000 2
732 348 3 8192 2.000000000 2
732 352 3 8192 2.000000000 2
732 360 3 8192 2.000000000 2
732 412 3 8192 2.000000000 2
732 420 3 8192 2.000000000 2
732 460 3 8192 2.000000000 2
732 480 3 8192 2.000000000 2
732 492 3 8192 2.000000000 2
732 504 3 8192 2.000000000 2
732 580 3 8192 2.000000000 2
732 584 3 8192 2.000000000 2
732 596 3 8192 2.000000000 2
732 600 3 8192 2.000000000 2
732 608 3 8192 2.000000000 2
732 624 3 8192 2.000000000 2
732 632 3 8192 2.000000000 2
732 648 3 8192 2.000000000 2
732 668 3 8192 2.000000000 2
732 716 3 8192 2.000000000 2
732 724 3 8192 2.000000000 2
732 760 3 8192 2.000000000 2
732 764 3 8192 2.000000000 2
732 772 3 8192 2.000000000 2
732 780 3 8192 2.000000000 2
732 804 3 8192 2.000000000 2
732 808 3 8192 2.000000000 2
732 812 3 8192 2.000000000 2
732 824 3 8192 2.000000000 2
732 864 3 8192 2.000000000 2
732 872 3 8192 2.000000000 2
732 912 3 8192 2.000000000 2
732 928 3 8192 2.000000000 2
732 932 3 8192 2.000000000 2
732 944 3 8192 2.000000000 2
732 948 3 8192 2.000000000 2
732 984 3 8192 2.000000000 2
732 1016 3 8192 2.000000000 2
732 1036 3 8192 2.000000000 2
732 1040 3 8192 2.000000000 2
732 1048 3 8192 2.000000000 2
732 1076 3 8192 2.000000000 2
732 1084 3 8192 2.000000000 2
732 1112 3 8192 2.000000000 2
732 1144 3 8192 2.000000000 2
732 1168 3 8192 2.000000000 2
732 1196 3 8192 2.000000000 2
732 1272 3 8192 2.000000000 2
732 1276 3 8192 2.000000000 2
736 4 3 8192 2.000000000 2
736 36 3 8192 2.000000000 2
736 52 3 8192 2.000000000 2
736 60 3 8192 2.000000000 2
736 80 3 8192 2.000000000 2
736 96 3 8192 2.000000000 2
736 100 3 8192 2.000000000 2
736 116 3 8192 2.000000000 2
736 132 3 8192 2.000000000 2
736 152 3 8192 2.000000000 2
736 184 3 8192 2.000000000 2
736 208 3 8192 2.000000000 2
736 212 3 8192 2.000000000 2
736 216 3 8192 2.000000000 2
736 240 3 8192 2.000000000 2
736 244 3 8192 2.000000000 2
736 272 3 8192 2.000000000 2
736 296 3 8192 2.000000000 2
736 316 3 8192 2.000000000 2
736 332 3 8192 2.000000000 2
736 364 3 8192 2.000000000 2
736 436 3 8192 2.000000000 2
736 440 3 8192 2.000000000 2
736 448 3 8192 2.000000000 2
736 456 3 8192 2.000000000 2
736 476 3 8192 2.000000000 2
736 492 3 8192 2.000000000 2
736 512 3 8192 2.000000000 2
736 528 3 8192 2.000000000 2
736 540 3 8192 2.000000000 2
736 548 3 8192 2.000000000 2
736 556 3 8192 2.000000000 2
736 560 3 8192 2.000000000 2
736 612 3 8192 2.000000000 2
736 640 3 8192 2.000000000 2
736 644 3 8192 2.000000000 2
736 648 3 8192 2.000000000 2
736 660 3 8192 2.000000000 2
736 680 3 8192 2.000000000 2
736 696 3 8192 2.000000000 2
736 708 3 8192 2.000000000 2
736 748 3 8192 2.000000000 2
736 760 3 8192 2.000000000 2
736 796 3 8192 2.000000000 2
736 876 3 8192 2.000000000 2
736 888 3 8192 2.000000000 2
736 892 3 8192 2.000000000 2
736 900 3 8192 2.000000000 2
736 932 3 8192 2.000000000 2
736 956 3 8192 2.000000000 2
736 960 3 8192 2.000000000 2
736 1012 3 8192 2.000000000 2
736 1032 3 8192 2.000000000 2
736 1052 3 8192 2.000000000 2
736 1088 3 8192 2.000000000 2
736 1112 3 8192 2.000000000 2
736 1116 3 8192 2.000000000 2
736 1144 3 8192 2.000000000 2
736 1180 3 8192 2.000000000 2
736 1200 3 8192 2.000000000 2
736 1220 3 8192 2.000000000 2
736 1252 3 8192 2.000000000 2
736 1256 3 8192 2.000000000 2
736 1276 3 8192 2.000000000 2
740 24 3 8192 2.000000000 2
740 36 3 8192 2.000000000 2
740 56 3 8192 2.000000000 2
740 60 3 8192 2.000000000 2
740 72 3 8192 2.000000000 2
740 96 3 8192 2.000000000 2
740 116 3 8192 2.000000000 2
740 152 3 8192 2.000000000 2
740 180 3 8192 2.000000000 2
740 208 3 8192 2.000000000 2
740 232 3 8192 2.000000000 2
740 248 3 8192 2.000000000 2
740 252 3 8192 2.000000000 2
740 264 3 8192 2.000000000 2
740 284 3 8192 2.000000000 2
740 296 3 8192 2.000000000 2
740 300 3 8192 2.000000000 2
740 304 3 8192 2.000000000 2
740 312 3 8192 2.000000000 2
740 324 3 8192 2.000000000 2
740 328 3 8192 2.000000000 2
740 352 3 8192 2.000000000 2
740 408 3 8192 2.000000000 2
740 412 3 8192 2.000000000 2
740 428 3 8192 2.000000000 2
740 432 3 8192 2.000000000 2
740 440 3 8192 2.000000000 2
740 452 3 8192 2.000000000 2
740 456 3 8192 2.000000000 2
740 464 3 8192 2.000000000 2
740 468 3 8192 2.000000000 2
740 512 3 8192 2.000000000 2
740 516 3 8192 2.000000000 2
740 560 3 8192 2.000000000 2
740 584 3 8192 2.000000000 2
740 644 3 8192 2.000000000 2
740 664 3 8192 2.000000000 2
740 672 3 8192 2.000000000 2
740 684 3 8192 2.000000000 2
740 732 3 8192 2.000000000 2
740 768 3 8192 2.000000000 2
740 776 3 8192 2.000000000 2
740 812 3 8192 2.000000000 2
740 848 3 8192 2.000000000 2
740 864 3 8192 2.000000000 2
740 928 3 8192 2.000000000 2
740 944 3 8192 2.000000000 2
740 980 3 8192 2.000000000 2
740 988 3 8192 2.000000000 2
740 996 3 8192 2.000000000 2
740 1008 3 8192 2.000000000 2
740 1016 3 8192 2.000000000 2
740 1052 3 8192 2.000000000 2
740 1068 3 8192 2.000000000 2
740 1076 3 8192 2.000000000 2
740 1080 3 8192 2.000000000 2
740 1100 3 8192 2.000000000 2
740 1116 3 8192 2.000000000 2
740 1148 3 8192 2.000000000 2
740 1164 3 8192 2.000000000 2
740 1220 3 8192 2.000000000 2
740 1224 3 8192 2.000000000 2
740 1248 3 8192 2.000000000 2
740 1276 3 8192 2.000000000 2
744 0 3 8192 2.000000000 2
744 4 3 8192 2.000000000 2
744 40 3 8192 2.000000000 2
744 64 3 8192 2.000000000 2
744 68 3 8192 2.000000000 2
744 72 3 8192 2.000000000 2
744 84 3 8192 2.000000000 2
744 152 3 8192 2.000000000 2
744 176 3 8192 2.000000000 2
744 180 3 8192 2.000000000 2
744 220 3 8192 2.000000000 2
744 232 3 8192 2.000000000 2
744 264 3 8192 2.000000000 2
744 280 3 8192 2.000000000 2
744 320 3 8192 2.000000000 2
744 324 3 8192 2.000000000 2
744 344 3 8192 2.000000000 2
744 420 3 8192 2.000000000 2
744 428 3 8192 2.000000000 2
744 460 3 8192 2.000000000 2
744 468 3 8192 2.000000000 2
744 488 3 8192 2.000000000 2
744 500 3 8192 2.000000000 2
744 520 3 8192 2.000000000 2
744 524 3 8192 2.000000000 2
744 548 3 8192 2.000000000 2
744 572 3 8192 2.000000000 2
744 588 3 8192 2.000000000 2
744 608 3 8192 2.000000000 2
744 612 3 8192 2.000000000 2
744 624 3 8192 2.000000000 2
744 632 3 8192 2.000000000 2
744 648 3 8192 2.000000000 2
744 660 3 8192 2.000000000 2
744 664 3 8192 2.000000000 2
744 696 3 8192 2.000000000 2
744 716 3 8192 2.000000000 2
744 732 3 8192 2.000000000 2
744 760 3 8192 2.000000000 2
744 804 3 8192 2.000000000 2
744 808 3 8192 2.000000000 2
744 872 3 8192 2.000000000 2
744 876 3 8192 2.000000000 2
744 884 3 8192 2.000000000 2
744 900 3 8192 2.000000000 2
744 908 3 8192 2.000000000 2
744 940 3 8192 2.000000000 2
744 960 3 8192 2.000000000 2
744 964 3 8192 2.000000000 2
744 976 3 8192 2.000000000 2
744 980 3 8192 2.000000000 2
744 996 3 8192 2.000000000 2
744 1040 3 8192 2.000000000 2
744 1052 3 8192 2.000000000 2
744 1068 3 8192 2.000000000 2
744 1104 3 8192 2.000000000 2
744 1108 3 8192 2.000000000 2
744 1144 3 8192 2.000000000 2
744 1148 3 8192 2.000000000 2
744 1172 3 8192 2.000000000 2
744 1204 3 8192 2.000000000 2
744 1256 3 8192 2.000000000 2
744 1264 3 8192 2.000000000 2
744 1272 3 8192 2.000000000 2
748 4 3 8192 2.000000000 2
748 24 3 8192 2.000000000 2
748 60 3 8192 2.000000000 2
748 64 3 8192 2.000000000 2
748 72 3 8192 2.000000000 2
748 108 3 8192 2.000000000 2
748 128 3 8192 2.000000000 2
748 140 3 8192 2.000000000 2
748 160 3 8192 2.000000000 2
748 172 3 8192 2.000000000 2
748 176 3 8192 2.000000000 2
748 180 3 8192 2.000000000 2
748 196 3 8192 2.000000000 2
748 284 3 8192 2.000000000 2
748 320 3 8192 2.000000000 2
748 352 3 8192 2.000000000 2
748 364 3 8192 2.000000000 2
748 368 3 8192 2.000000000 2
748 388 3 8192 2.000000000 2
748 452 3 8192 2.000000000 2
748 460 3 8192 2.000000000 2
748 488 3 8192 2.000000000 2
748 500 3 8192 2.000000000 2
748 520 3 8192 2.000000000 2
748 524 3 8192 2.000000000 2
748 556 3 8192 2.000000000 2
748 560 3 8192 2.000000000 2
748 572 3 8192 2.000000000 2
748 588 3 8192 2.000000000 2
748 632 3 8192 2.000000000 2
748 640 3 8192 2.000000000 2
748 656 3 8192 2.000000000 2
748 696 3 8192 2.000000000 2
748 708 3 8192 2.000000000 2
748 720 3 8192 2.000000000 2
748 732 3 8192 2.000000000 2
748 740 3 8192 2.000000000 2
748 752 3 8192 2.000000000 2
748 756 3 8192 2.000000000 2
748 800 3 8192 2.000000000 2
748 808 3 8192 2.000000000 2
748 828 3 8192 2.000000000 2
748 832 3 8192 2.000000000 2
748 836 3 8192 2.000000000 2
748 848 3 8192 2.000000000 2
748 856 3 8192 2.000000000 2
748 872 3 8192 2.000000000 2
748 876 3 8192 2.000000000 2
748 940 3 8192 2.000000000 2
748 984 3 8192 2.000000000 2
748 1020 3 8192 2.000000000 2
748 1048 3 8192 2.000000000 2
748 1068 3 8192 2.000000000 2
748 1092 3 8192 2.000000000 2
748 1108 3 8192 2.000000000 2
748 1112 3 8192 2.000000000 2
748 1116 3 8192 2.000000000 2
748 1128 3 8192 2.000000000 2
748 1156 3 8192 2.000000000 2
748 1164 3 8192 2.000000000 2
748 1172 3 8192 2.000000000 2
748 1200 3 8192 2.000000000 2
748 1220 3 8192 2.000000000 2
748 1248 3 8192 2.000000000 2
752 12 3 8192 2.000000000 2
752 20 3 8192 2.000000000 2
752 32 3 8192 2.000000000 2
752 48 3 8192 2.000000000 2
752 52 3 8192 2.000000000 2
752 56 3 8192 2.000000000 2
752 68 3 8192 2.000000000 2
752 84 3 8192 2.000000000 2
752 92 3 8192 2.000000000 2
752 124 3 8192 2.000000000 2
752 132 3 8192 2.000000000 2
752 140 3 8192 2.000000000 2
752 152 3 8192 2.000000000 2
752 168 3 8192 2.000000000 2
752 176 3 8192 2.000000000 2
752 192 3 8192 2.000000000 2
752 224 3 8192 2.000000000 2
752 252 3 8192 2.000000000 2
752 264 3 8192 2.000000000 2
752 284 3 8192 2.000000000 2
752 304 3 8192 2.000000000 2
752 308 3 8192 2.000000000 2
752 316 3 8192 2.000000000 2
752 328 3 8192 2.000000000 2
752 360 3 8192 2.000000000 2
752 388 3 8192 2.000000000 2
752 392 3 8192 2.000000000 2
752 404 3 8192 2.000000000 2
752 420 3 8192 2.000000000 2
752 440 3 8192 2.000000000 2
752 448 3 8192 2.000000000 2
752 464 3 8192 2.000000000 2
752 480 3 8192 2.000000000 2
752 520 3 8192 2.000000000 2
752 540 3 8192 2.000000000 2
752 556 3 8192 2.000000000 2
752 568 3 8192 2.000000000 2
752 596 3 8192 2.000000000 2
752 640 3 8192 2.000000000 2
752 664 3 8192 2.000000000 2
752 680 3 8192 2.000000000 2
752 716 3 8192 2.000000000 2
752 740 3 8192 2.000000000 2
752 748 3 8192 2.000000000 2
752 780 3 8192 2.000000000 2
752 800 3 8192 2.000000000 2
752 812 3 8192 2.000000000 2
752 908 3 8192 2.000000000 2
752 912 3 8192 2.000000000 2
752 924 3 8192 2.000000000 2
752 940 3 8192 2.000000000 2
752 964 3 8192 2.000000000 2
752 1004 3 8192 2.000000000 2
752 1032 3 8192 2.000000000 2
752 1036 3 8192 2.000000000 2
752 1052 3 8192 2.000000000 2
752 1084 3 8192 2.000000000 2
752 1100 3 8192 2.000000000 2
752 1116 3 8192 2.000000000 2
752 1120 3 8192 2.000000000 2
752 1180 3 8192 2.000000000 2
752 1196 3 8192 2.000000000 2
752 1236 3 8192 2.000000000 2
752 1264 3 8192 2.000000000 2
756 48 3 8192 2.000000000 2
756 60 3 8192 2.000000000 2
756 92 3 8192 2.000000000 2
756 108 3 8192 2.000000000 2
756 124 3 8192 2.000000000 2
756 132 3 8192 2.000000000 2
756 140 3 8192 2.000000000 2
756 148 3 8192 2.000000000 2
756 152 3 8192 2.000000000 2
756 184 3 8192 2.000000000 2
756 196 3 8192 2.000000000 2
756 220 3 8192 2.000000000 2
756 240 3 8192 2.000000000 2
756 244 3 8192 2.000000000 2
756 252 3 8192 2.000000000 2
756 280 3 8192 2.000000000 2
756 292 3 8192 2.000000000 2
756 296 3 8192 2.000000000 2
756 344 3 8192 2.000000000 2
756 348 3 8192 2.000000000 2
756 368 3 8192 2.000000000 2
756 400 3 8192 2.000000000 2
756 436 3 8192 2.000000000 2
756 468 3 8192 2.000000000 2
756 532 3 8192 2.000000000 2
756 572 3 8192 2.000000000 2
756 580 3 8192 2.000000000 2
756 584 3 8192 2.000000000 2
756 596 3 8192 2.000000000 2
756 632 3 8192 2.000000000 2
756 636 3 8192 2.000000000 2
756 680 3 8192 2.000000000 2
756 684 3 8192 2.000000000 2
756 696 3 8192 2.000000000 2
756 716 3 8192 2.000000000 2
756 724 3 8192 2.000000000 2
756 736 3 8192 2.000000000 2
756 768 3 8192 2.000000000 2
756 804 3 8192 2.000000000 2
756 864 3 8192 2.000000000 2
756 876 3 8192 2.000000000 2
756 892 3 8192 2.000000000 2
756 924 3 8192 2.000000000 2
756 940 3 8192 2.000000000 2
756 960 3 8192 2.000000000 2
756 964 3 8192 2.000000000 2
756 984 3 8192 2.000000000 2
756 996 3 8192 2.000000000 2
756 1008 3 8192 2.000000000 2
756 1036 3 8192 2.000000000 2
756 1052 3 8192 2.000000000 2
756 1080 3 8192 2.000000000 2
756 1104 3 8192 2.000000000 2
756 1108 3 8192 2.000000000 2
756 1112 3 8192 2.000000000 2
756 1148 3 8192 2.000000000 2
756 1180 3 8192 2.000000000 2
756 1196 3 8192 2.000000000 2
756 1232 3 8192 2.000000000 2
756 1244 3 8192 2.000000000 2
756 1248 3 8192 2.000000000 2
756 1256 3 8192 2.000000000 2
756 1264 3 8192 2.000000000 2
756 1276 3 8192 2.000000000 2
760 44 3 8192 2.000000000 2
760 52 3 8192 2.000000000 2
760 100 3 8192 2.000000000 2
760 108 3 8192 2.000000000 2
760 120 3 8192 2.000000000 2
760 124 3 8192 2.000000000 2
760 140 3 8192 2.000000000 2
760 156 3 8192 2.000000000 2
760 164 3 8192 2.000000000 2
760 172 3 8192 2.000000000 2
760 184 3 8192 2.000000000 2
760 244 3 8192 2.000000000 2
760 264 3 8192 2.000000000 2
760 280 3 8192 2.000000000 2
760 284 3 8192 2.000000000 2
760 320 3 8192 2.000000000 2
760 344 3 8192 2.000000000 2
760 352 3 8192 2.000000000 2
760 364 3 8192 2.000000000 2
760 388 3 8192 2.000000000 2
760 432 3 8192 2.000000000 2
760 436 3 8192 2.000000000 2
760 440 3 8192 2.000000000 2
760 468 3 8192 2.000000000 2
760 476 3 8192 2.000000000 2
760 492 3 8192 2.000000000 2
760 516 3 8192 2.000000000 2
760 572 3 8192 2.000000000 2
760 588 3 8192 2.000000000 2
760 596 3 8192 2.000000000 2
760 600 3 8192 2.000000000 2
760 608 3 8192 2.000000000 2
760 640 3 8192 2.000000000 2
760 644 3 8192 2.000000000 2
760 660 3 8192 2.000000000 2
760 680 3 8192 2.000000000 2
760 700 3 8192 2.000000000 2
760 708 3 8192 2.000000000 2
760 724 3 8192 2.000000000 2
760 740 3 8192 2.000000000 2
760 776 3 8192 2.000000000 2
760 780 3 8192 2.000000000 2
760 796 3 8192 2.000000000 2
760 836 3 8192 2.000000000 2
760 848 3 8192 2.000000000 2
760 876 3 8192 2.000000000 2
760 884 3 8192 2.000000000 2
760 888 3 8192 2.000000000 2
760 900 3 8192 2.000000000 2
760 968 3 8192 2.000000000 2
760 996 3 8192 2.000000000 2
760 1000 3 8192 2.000000000 2
760 1004 3 8192 2.000000000 2
760 1028 3 8192 2.000000000 2
760 1036 3 8192 2.000000000 2
760 1052 3 8192 2.000000000 2
760 1068 3 8192 2.000000000 2
760 1084 3 8192 2.000000000 2
760 1088 3 8192 2.000000000 2
760 1108 3 8192 2.000000000 2
760 1156 3 8192 2.000000000 2
760 1168 3 8192 2.000000000 2
760 1172 3 8192 2.000000000 2
760 1200 3 8192 2.000000000 2
764 0 3 8192 2.000000000 2
764 8 3 8192 2.000000000 2
764 16 3 8192 2.000000000 2
764 48 3 8192 2.000000000 2
764 84 3 8192 2.000000000 2
764 120 3 8192 2.000000000 2
764 128 3 8192 2.000000000 2
764 144 3 8192 2.000000000 2
764 148 3 8192 2.000000000 2
764 156 3 8192 2.000000000 2
764 196 3 8192 2.000000000 2
764 212 3 8192 2.000000000 2
764 276 3 8192 2.000000000 2
764 296 3 8192 2.000000000 2
764 300 3 8192 2.000000000 2
764 308 3 8192 2.000000000 2
764 332 3 8192 2.000000000 2
764 360 3 8192 2.000000000 2
764 448 3 8192 2.000000000 2
764 468 3 8192 2.000000000 2
764 492 3 8192 2.000000000 2
764 524 3 8192 2.000000000 2
764 568 3 8192 2.000000000 2
764 584 3 8192 2.000000000 2
764 588 3 8192 2.000000000 2
764 596 3 8192 2.000000000 2
764 600 3 8192 2.000000000 2
764 620 3 8192 2.000000000 2
764 624 3 8192 2.000000000 2
764 644 3 8192 2.000000000 2
764 664 3 8192 2.000000000 2
764 680 3 8192 2.000000000 2
764 696 3 8192 2.000000000 2
764 708 3 8192 2.000000000 2
764 772 3 8192 2.000000000 2
764 784 3 8192 2.000000000 2
764 808 3 8192 2.000000000 2
764 824 3 8192 2.000000000 2
764 848 3 8192 2.000000000 2
764 856 3 8192 2.000000000 2
764 864 3 8192 2.000000000 2
764 876 3 8192 2.000000000 2
764 892 3 8192 2.000000000 2
764 944 3 8192 2.000000000 2
764 956 3 8192 2.000000000 2
764 988 3 8192 2.000000000 2
764 996 3 8192 2.000000000 2
764 1000 3 8192 2.000000000 2
764 1004 3 8192 2.000000000 2
764 1020 3 8192 2.000000000 2
764 1048 3 8192 2.000000000 2
764 1068 3 8192 2.000000000 2
764 1080 3 8192 2.000000000 2
764 1100 3 8192 2.000000000 2
764 1108 3 8192 2.000000000 2
764 1112 3 8192 2.000000000 2
764 1116 3 8192 2.000000000 2
764 1120 3 8192 2.000000000 2
764 1196 3 8192 2.000000000 2
764 1220 3 8192 2.000000000 2
764 1224 3 8192 2.000000000 2
764 1232 3 8192 2.000000000 2
764 1248 3 8192 2.000000000 2
764 1260 3 8192 2.000000000 2
768 0 3 8192 2.000000000 2
768 40 3 8192 2.000000000 2
768 44 3 8192 2.000000000 2
768 56 3 8192 2.000000000 2
768 60 3 8192 2.000000000 2
768 112 3 8192 2.000000000 2
768 116 3 8192 2.000000000 2
768 120 3 8192 2.000000000 2
768 128 3 8192 2.000000000 2
768 132 3 8192 2.000000000 2
768 144 3 8192 2.000000000 2
768 192 3 8192 2.000000000 2
768 196 3 8192 2.000000000 2
768 208 3 8192 2.000000000 2
768 212 3 8192 2.000000000 2
768 236 3 8192 2.000000000 2
768 252 3 8192 2.000000000 2
768 280 3 8192 2.000000000 2
768 300 3 8192 2.000000000 2
768 332 3 8192 2.000000000 2
768 356 3 8192 2.000000000 2
768 388 3 8192 2.000000000 2
768 420 3 8192 2.000000000 2
768 428 3 8192 2.000000000 2
768 436 3 8192 2.000000000 2
768 444 3 8192 2.000000000 2
768 456 3 8192 2.000000000 2
768 504 3 8192 2.000000000 2
768 524 3 8192 2.000000000 2
768 580 3 8192 2.000000000 2
768 584 3 8192 2.000000000 2
768 596 3 8192 2.000000000 2
768 600 3 8192 2.000000000 2
768 620 3 8192 2.000000000 2
768 648 3 8192 2.000000000 2
768 680 3 8192 2.000000000 2
768 696 3 8192 2.000000000 2
768 724 3 8192 2.000000000 2
768 756 3 8192 2.000000000 2
768 784 3 8192 2.000000000 2
768 792 3 8192 2.000000000 2
768 808 3 8192 2.000000000 2
768 824 3 8192 2.000000000 2
768 856 3 8192 2.000000000 2
768 872 3 8192 2.000000000 2
768 884 3 8192 2.000000000 2
768 888 3 8192 2.000000000 2
768 924 3 8192 2.000000000 2
768 932 3 8192 2.000000000 2
768 956 3 8192 2.000000000 2
768 964 3 8192 2.000000000 2
768 988 3 8192 2.000000000 2
768 1008 3 8192 2.000000000 2
768 1028 3 8192 2.000000000 2
768 1036 3 8192 2.000000000 2
768 1068 3 8192 2.000000000 2
768 1076 3 8192 2.000000000 2
768 1080 3 8192 2.000000000 2
768 1112 3 8192 2.000000000 2
768 1204 3 8192 2.000000000 2
768 1232 3 8192 2.000000000 2
768 1244 3 8192 2.000000000 2
768 1256 3 8192 2.000000000 2
768 1264 3 8192 2.000000000 2
772 0 3 8192 2.000000000 2
772 16 3 8192 2.000000000 2
772 28 3 8192 2.000000000 2
772 52 3 8192 2.000000000 2
772 60 3 8192 2.000000000 2
772 68 3 8192 2.000000000 2
772 88 3 8192 2.000000000 2
772 92 3 8192 2.000000000 2
772 116 3 8192 2.000000000 2
772 144 3 8192 2.000000000 2
772 152 3 8192 2.000000000 2
772 160 3 8192 2.000000000 2
772 164 3 8192 2.000000000 2
772 184 3 8192 2.000000000 2
772 196 3 8192 2.000000000 2
772 212 3 8192 2.000000000 2
772 244 3 8192 2.000000000 2
772 264 3 8192 2.000000000 2
772 296 3 8192 2.000000000 2
772 304 3 8192 2.000000000 2
772 320 3 8192 2.000000000 2
772 324 3 8192 2.000000000 2
772 344 3 8192 2.000000000 2
772 360 3 8192 2.000000000 2
772 392 3 8192 2.000000000 2
772 400 3 8192 2.000000000 2
772 404 3 8192 2.000000000 2
772 428 3 8192 2.000000000 2
772 440 3 8192 2.000000000 2
772 476 3 8192 2.000000000 2
772 504 3 8192 2.000000000 2
772 512 3 8192 2.000000000 2
772 536 3 8192 2.000000000 2
772 548 3 8192 2.000000000 2
772 580 3 8192 2.000000000 2
772 600 3 8192 2.000000000 2
772 620 3 8192 2.000000000 2
772 672 3 8192 2.000000000 2
772 704 3 8192 2.000000000 2
772 732 3 8192 2.000000000 2
772 744 3 8192 2.000000000 2
772 756 3 8192 2.000000000 2
772 780 3 8192 2.000000000 2
772 812 3 8192 2.000000000 2
772 828 3 8192 2.000000000 2
772 836 3 8192 2.000000000 2
772 860 3 8192 2.000000000 2
772 908 3 8192 2.000000000 2
772 912 3 8192 2.000000000 2
772 928 3 8192 2.000000000 2
772 960 3 8192 2.000000000 2
772 968 3 8192 2.000000000 2
772 988 3 8192 2.000000000 2
772 1008 3 8192 2.000000000 2
772 1036 3 8192 2.000000000 2
772 1048 3 8192 2.000000000 2
772 1076 3 8192 2.000000000 2
772 1112 3 8192 2.000000000 2
772 1128 3 8192 2.000000000 2
772 1164 3 8192 2.000000000 2
772 1200 3 8192 2.000000000 2
772 1256 3 8192 2.000000000 2
772 1264 3 8192 2.000000000 2
772 1272 3 8192 2.000000000 2
776 24 3 8192 2.000000000 2
776 36 3 8192 2.000000000 2
776 52 3 8192 2.000000000 2
776 80 3 8192 2.000000000 2
776 84 3 8192 2.000000000 2
776 112 3 8192 2.000000000 2
776 144 3 8192 2.000000000 2
776 152 3 8192 2.000000000 2
776 180 3 8192 2.000000000 2
776 220 3 8192 2.000000000 2
776 248 3 8192 2.000000000 2
776 276 3 8192 2.000000000 2
776 316 3 8192 2.000000000 2
776 332 3 8192 2.000000000 2
776 368 3 8192 2.000000000 2
776 380 3 8192 2.000000000 2
776 424 3 8192 2.000000000 2
776 432 3 8192 2.000000000 2
776 440 3 8192 2.000000000 2
776 488 3 8192 2.000000000 2
776 492 3 8192 2.000000000 2
776 504 3 8192 2.000000000 2
776 528 3 8192 2.000000000 2
776 560 3 8192 2.000000000 2
776 564 3 8192 2.000000000 2
776 568 3 8192 2.000000000 2
776 596 3 8192 2.000000000 2
776 624 3 8192 2.000000000 2
776 640 3 8192 2.000000000 2
776 644 3 8192 2.000000000 2
776 664 3 8192 2.000000000 2
776 680 3 8192 2.000000000 2
776 696 3 8192 2.000000000 2
776 700 3 8192 2.000000000 2
776 716 3 8192 2.000000000 2
776 748 3 8192 2.000000000 2
776 780 3 8192 2.000000000 2
776 796 3 8192 2.000000000 2
776 804 3 8192 2.000000000 2
776 812 3 8192 2.000000000 2
776 828 3 8192 2.000000000 2
776 856 3 8192 2.000000000 2
776 864 3 8192 2.000000000 2
776 876 3 8192 2.000000000 2
776 884 3 8192 2.000000000 2
776 888 3 8192 2.000000000 2
776 904 3 8192 2.000000000 2
776 908 3 8192 2.000000000 2
776 924 3 8192 2.000000000 2
776 932 3 8192 2.000000000 2
776 936 3 8192 2.000000000 2
776 948 3 8192 2.000000000 2
776 964 3 8192 2.000000000 2
776 968 3 8192 2.000000000 2
776 996 3 8192 2.000000000 2
776 1012 3 8192 2.000000000 2
776 1028 3 8192 2.000000000 2
776 1052 3 8192 2.000000000 2
776 1076 3 8192 2.000000000 2
776 1088 3 8192 2.000000000 2
776 1108 3 8192 2.000000000 2
776 1164 3 8192 2.000000000 2
776 1204 3 8192 2.000000000 2
776 1252 3 8192 2.000000000 2
780 0 3 8192 2.000000000 2
780 12 3 8192 2.000000000 2
780 16 3 8192 2.000000000 2
780 52 3 8192 2.000000000 2
780 68 3 8192 2.000000000 2
780 128 3 8192 2.000000000 2
780 144 3 8192 2.000000000 2
780 148 3 8192 2.000000000 2
780 192 3 8192 2.000000000 2
780 208 3 8192 2.000000000 2
780 212 3 8192 2.000000000 2
780 240 3 8192 2.000000000 2
780 248 3 8192 2.000000000 2
780 252 3 8192 2.000000000 2
780 264 3 8192 2.000000000 2
780 284 3 8192 2.000000000 2
780 292 3 8192 2.000000000 2
780 304 3 8192 2.000000000 2
780 344 3 8192 2.000000000 2
780 368 3 8192 2.000000000 2
780 380 3 8192 2.000000000 2
780 444 3 8192 2.000000000 2
780 456 3 8192 2.000000000 2
780 484 3 8192 2.000000000 2
780 496 3 8192 2.000000000 2
780 516 3 8192 2.000000000 2
780 540 3 8192 2.000000000 2
780 564 3 8192 2.000000000 2
780 600 3 8192 2.000000000 2
780 624 3 8192 2.000000000 2
780 656 3 8192 2.000000000 2
780 672 3 8192 2.000000000 2
780 696 3 8192 2.000000000 2
780 704 3 8192 2.000000000 2
780 720 3 8192 2.000000000 2
780 808 3 8192 2.000000000 2
780 816 3 8192 2.000000000 2
780 828 3 8192 2.000000000 2
780 856 3 8192 2.000000000 2
780 864 3 8192 2.000000000 2
780 872 3 8192 2.000000000 2
780 912 3 8192 2.000000000 2
780 928 3 8192 2.000000000 2
780 932 3 8192 2.000000000 2
780 944 3 8192 2.000000000 2
780 948 3 8192 2.000000000 2
780 956 3 8192 2.000000000 2
780 1000 3 8192 2.000000000 2
780 1004 3 8192 2.000000000 2
780 1012 3 8192 2.000000000 2
780 1016 3 8192 2.000000000 2
780 1080 3 8192 2.000000000 2
780 1088 3 8192 2.000000000 2
780 1100 3 8192 2.000000000 2
780 1108 3 8192 2.000000000 2
780 1112 3 8192 2.000000000 2
780 1128 3 8192 2.000000000 2
780 1168 3 8192 2.000000000 2
780 1172 3 8192 2.000000000 2
780 1184 3 8192 2.000000000 2
780 1200 3 8192 2.000000000 2
780 1224 3 8192 2.000000000 2
780 1232 3 8192 2.000000000 2
780 1256 3 8192 2.000000000 2
784 12 3 8192 2.000000000 2
784 20 3 8192 2.000000000 2
784 28 3 8192 2.000000000 2
784 32 3 8192 2.000000000 2
784 44 3 8192 2.000000000 2
784 56 3 8192 2.000000000 2
784 80 3 8192 2.000000000 2
784 96 3 8192 2.000000000 2
784 116 3 8192 2.000000000 2
784 132 3 8192 2.000000000 2
784 164 3 8192 2.000000000 2
784 176 3 8192 2.000000000 2
784 184 3 8192 2.000000000 2
784 216 3 8192 2.000000000 2
784 264 3 8192 2.000000000 2
784 276 3 8192 2.000000000 2
784 284 3 8192 2.000000000 2
784 292 3 8192 2.000000000 2
784 312 3 8192 2.000000000 2
784 328 3 8192 2.000000000 2
784 356 3 8192 2.000000000 2
784 364 3 8192 2.000000000 2
784 400 3 8192 2.000000000 2
784 412 3 8192 2.000000000 2
784 428 3 8192 2.000000000 2
784 440 3 8192 2.000000000 2
784 460 3 8192 2.000000000 2
784 512 3 8192 2.000000000 2
784 556 3 8192 2.000000000 2
784 560 3 8192 2.000000000 2
784 568 3 8192 2.000000000 2
784 588 3 8192 2.000000000 2
784 596 3 8192 2.000000000 2
784 612 3 8192 2.000000000 2
784 656 3 8192 2.000000000 2
784 664 3 8192 2.000000000 2
784 684 3 8192 2.000000000 2
784 708 3 8192 2.000000000 2
784 716 3 8192 2.000000000 2
784 724 3 8192 2.000000000 2
784 744 3 8192 2.000000000 2
784 748 3 8192 2.000000000 2
784 772 3 8192 2.000000000 2
784 780 3 8192 2.000000000 2
784 824 3 8192 2.000000000 2
784 836 3 8192 2.000000000 2
784 856 3 8192 2.000000000 2
784 900 3 8192 2.000000000 2
784 928 3 8192 2.000000000 2
784 932 3 8192 2.000000000 2
784 944 3 8192 2.000000000 2
784 956 3 8192 2.000000000 2
784 996 3 8192 2.000000000 2
784 1012 3 8192 2.000000000 2
784 1020 3 8192 2.000000000 2
784 1068 3 8192 2.000000000 2
784 1088 3 8192 2.000000000 2
784 1100 3 8192 2.000000000 2
784 1128 3 8192 2.000000000 2
784 1144 3 8192 2.000000000 2
784 1156 3 8192 2.000000000 2
784 1200 3 8192 2.000000000 2
784 1244 3 8192 2.000000000 2
784 1248 3 8192 2.000000000 2
792 16 3 8192 2.000000000 2
792 36 3 8192 2.000000000 2
792 56 3 8192 2.000000000 2
792 84 3 8192 2.000000000 2
792 164 3 8192 2.000000000 2
792 176 3 8192 2.000000000 2
792 196 3 8192 2.000000000 2
792 200 3 8192 2.000000000 2
792 220 3 8192 2.000000000 2
792 232 3 8192 2.000000000 2
792 240 3 8192 2.000000000 2
792 276 3 8192 2.000000000 2
792 300 3 8192 2.000000000 2
792 308 3 8192 2.000000000 2
792 312 3 8192 2.000000000 2
792 356 3 8192 2.000000000 2
792 468 3 8192 2.000000000 2
792 472 3 8192 2.000000000 2
792 480 3 8192 2.000000000 2
792 496 3 8192 2.000000000 2
792 504 3 8192 2.000000000 2
792 552 3 8192 2.000000000 2
792 564 3 8192 2.000000000 2
792 568 3 8192 2.000000000 2
792 612 3 8192 2.000000000 2
792 632 3 8192 2.000000000 2
792 644 3 8192 2.000000000 2
792 664 3 8192 2.000000000 2
792 668 3 8192 2.000000000 2
792 680 3 8192 2.000000000 2
792 724 3 8192 2.000000000 2
792 736 3 8192 2.000000000 2
792 748 3 8192 2.000000000 2
792 764 3 8192 2.000000000 2
792 796 3 8192 2.000000000 2
792 804 3 8192 2.000000000 2
792 808 3 8192 2.000000000 2
792 832 3 8192 2.000000000 2
792 836 3 8192 2.000000000 2
792 848 3 8192 2.000000000 2
792 856 3 8192 2.000000000 2
792 864 3 8192 2.000000000 2
792 872 3 8192 2.000000000 2
792 884 3 8192 2.000000000 2
792 904 3 8192 2.000000000 2
792 912 3 8192 2.000000000 2
792 928 3 8192 2.000000000 2
792 932 3 8192 2.000000000 2
792 940 3 8192 2.000000000 2
792 948 3 8192 2.000000000 2
792 956 3 8192 2.000000000 2
792 1008 3 8192 2.000000000 2
792 1036 3 8192 2.000000000 2
792 1048 3 8192 2.000000000 2
792 1052 3 8192 2.000000000 2
792 1068 3 8192 2.000000000 2
792 1080 3 8192 2.000000000 2
792 1084 3 8192 2.000000000 2
792 1144 3 8192 2.000000000 2
792 1164 3 8192 2.000000000 2
792 1204 3 8192 2.000000000 2
792 1236 3 8192 2.000000000 2
792 1256 3 8192 2.000000000 2
792 1276 3 8192 2.000000000 2
796 40 3 8192 2.000000000 2
796 64 3 8192 2.000000000 2
796 80 3 8192 2.000000000 2
796 112 3 8192 2.000000000 2
796 120 3 8192 2.000000000 2
796 124 3 8192 2.000000000 2
796 156 3 8192 2.000000000 2
796 164 3 8192 2.000000000 2
796 176 3 8192 2.000000000 2
796 220 3 8192 2.000000000 2
796 244 3 8192 2.000000000 2
796 252 3 8192 2.000000000 2
796 284 3 8192 2.000000000 2
796 292 3 8192 2.000000000 2
796 312 3 8192 2.000000000 2
796 324 3 8192 2.000000000 2
796 332 3 8192 2.000000000 2
796 344 3 8192 2.000000000 2
796 360 3 8192 2.000000000 2
796 388 3 8192 2.000000000 2
796 412 3 8192 2.000000000 2
796 424 3 8192 2.000000000 2
796 436 3 8192 2.000000000 2
796 456 3 8192 2.000000000 2
796 476 3 8192 2.000000000 2
796 500 3 8192 2.000000000 2
796 504 3 8192 2.000000000 2
796 512 3 8192 2.000000000 2
796 516 3 8192 2.000000000 2
796 524 3 8192 2.000000000 2
796 584 3 8192 2.000000000 2
796 600 3 8192 2.000000000 2
796 624 3 8192 2.000000000 2
796 632 3 8192 2.000000000 2
796 656 3 8192 2.000000000 2
796 668 3 8192 2.000000000 2
796 696 3 8192 2.000000000 2
796 720 3 8192 2.000000000 2
796 740 3 8192 2.000000000 2
796 764 3 8192 2.000000000 2
796 768 3 8192 2.000000000 2
796 856 3 8192 2.000000000 2
796 872 3 8192 2.000000000 2
796 892 3 8192 2.000000000 2
796 900 3 8192 2.000000000 2
796 904 3 8192 2.000000000 2
796 924 3 8192 2.000000000 2
796 928 3 8192 2.000000000 2
796 948 3 8192 2.000000000 2
796 964 3 8192 2.000000000 2
796 996 3 8192 2.000000000 2
796 1004 3 8192 2.000000000 2
796 1008 3 8192 2.000000000 2
796 1056 3 8192 2.000000000 2
796 1080 3 8192 2.000000000 2
796 1088 3 8192 2.000000000 2
796 1092 3 8192 2.000000000 2
796 1104 3 8192 2.000000000 2
796 1108 3 8192 2.000000000 2
796 1148 3 8192 2.000000000 2
796 1196 3 8192 2.000000000 2
796 1200 3 8192 2.000000000 2
796 1248 3 8192 2.000000000 2
796 1264 3 8192 2.000000000 2
800 4 3 8192 2.000000000 2
800 12 3 8192 2.000000000 2
800 32 3 8192 2.000000000 2
800 52 3 8192 2.000000000 2
800 64 3 8192 2.000000000 2
800 68 3 8192 2.000000000 2
800 80 3 8192 2.000000000 2
800 108 3 8192 2.000000000 2
800 116 3 8192 2.000000000 2
800 140 3 8192 2.000000000 2
800 148 3 8192 2.000000000 2
800 152 3 8192 2.000000000 2
800 168 3 8192 2.000000000 2
800 172 3 8192 2.000000000 2
800 176 3 8192 2.000000000 2
800 200 3 8192 2.000000000 2
800 208 3 8192 2.000000000 2
800 212 3 8192 2.000000000 2
800 216 3 8192 2.000000000 2
800 232 3 8192 2.000000000 2
800 252 3 8192 2.000000000 2
800 292 3 8192 2.000000000 2
800 304 3 8192 2.000000000 2
800 308 3 8192 2.000000000 2
800 388 3 8192 2.000000000 2
800 412 3 8192 2.000000000 2
800 432 3 8192 2.000000000 2
800 452 3 8192 2.000000000 2
800 464 3 8192 2.000000000 2
800 468 3 8192 2.000000000 2
800 476 3 8192 2.000000000 2
800 492 3 8192 2.000000000 2
800 512 3 8192 2.000000000 2
800 516 3 8192 2.000000000 2
800 524 3 8192 2.000000000 2
800 536 3 8192 2.000000000 2
800 564 3 8192 2.000000000 2
800 608 3 8192 2.000000000 2
800 632 3 8192 2.000000000 2
800 644 3 8192 2.000000000 2
800 672 3 8192 2.000000000 2
800 700 3 8192 2.000000000 2
800 704 3 8192 2.000000000 2
800 740 3 8192 2.000000000 2
800 764 3 8192 2.000000000 2
800 776 3 8192 2.000000000 2
800 780 3 8192 2.000000000 2
800 808 3 8192 2.000000000 2
800 856 3 8192 2.000000000 2
800 860 3 8192 2.000000000 2
800 872 3 8192 2.000000000 2
800 888 3 8192 2.000000000 2
800 940 3 8192 2.000000000 2
800 964 3 8192 2.000000000 2
800 1020 3 8192 2.000000000 2
800 1036 3 8192 2.000000000 2
800 1052 3 8192 2.000000000 2
800 1084 3 8192 2.000000000 2
800 1092 3 8192 2.000000000 2
800 1116 3 8192 2.000000000 2
800 1156 3 8192 2.000000000 2
800 1244 3 8192 2.000000000 2
800 1248 3 8192 2.000000000 2
800 1260 3 8192 2.000000000 2
804 20 3 8192 2.000000000 2
804 52 3 8192 2.000000000 2
804 60 3 8192 2.000000000 2
804 96 3 8192 2.000000000 2
804 116 3 8192 2.000000000 2
804 148 3 8192 2.000000000 2
804 152 3 8192 2.000000000 2
804 156 3 8192 2.000000000 2
804 172 3 8192 2.000000000 2
804 184 3 8192 2.000000000 2
804 200 3 8192 2.000000000 2
804 212 3 8192 2.000000000 2
804 236 3 8192 2.000000000 2
804 240 3 8192 2.000000000 2
804 272 3 8192 2.000000000 2
804 308 3 8192 2.000000000 2
804 316 3 8192 2.000000000 2
804 324 3 8192 2.000000000 2
804 380 3 8192 2.000000000 2
804 388 3 8192 2.000000000 2
804 408 3 8192 2.000000000 2
804 448 3 8192 2.000000000 2
804 452 3 8192 2.000000000 2
804 456 3 8192 2.000000000 2
804 468 3 8192 2.000000000 2
804 504 3 8192 2.000000000 2
804 524 3 8192 2.000000000 2
804 540 3 8192 2.000000000 2
804 560 3 8192 2.000000000 2
804 624 3 8192 2.000000000 2
804 656 3 8192 2.000000000 2
804 660 3 8192 2.000000000 2
804 724 3 8192 2.000000000 2
804 760 3 8192 2.000000000 2
804 764 3 8192 2.000000000 2
804 772 3 8192 2.000000000 2
804 776 3 8192 2.000000000 2
804 796 3 8192 2.000000000 2
804 800 3 8192 2.000000000 2
804 808 3 8192 2.000000000 2
804 812 3 8192 2.000000000 2
804 836 3 8192 2.000000000 2
804 848 3 8192 2.000000000 2
804 872 3 8192 2.000000000 2
804 940 3 8192 2.000000000 2
804 980 3 8192 2.000000000 2
804 988 3 8192 2.000000000 2
804 996 3 8192 2.000000000 2
804 1000 3 8192 2.000000000 2
804 1008 3 8192 2.000000000 2
804 1012 3 8192 2.000000000 2
804 1016 3 8192 2.000000000 2
804 1056 3 8192 2.000000000 2
804 1088 3 8192 2.000000000 2
804 1108 3 8192 2.000000000 2
804 1164 3 8192 2.000000000 2
804 1200 3 8192 2.000000000 2
804 1220 3 8192 2.000000000 2
804 1232 3 8192 2.000000000 2
804 1244 3 8192 2.000000000 2
804 1252 3 8192 2.000000000 2
804 1264 3 8192 2.000000000 2
804 1272 3 8192 2.000000000 2
804 1276 3 8192 2.000000000 2
808 32 3 8192 2.000000000 2
808 44 3 8192 2.000000000 2
808 48 3 8192 2.000000000 2
808 52 3 8192 2.000000000 2
808 56 3 8192 2.000000000 2
808 68 3 8192 2.000000000 2
808 88 3 8192 2.000000000 2
808 92 3 8192 2.000000000 2
808 108 3 8192 2.000000000 2
808 148 3 8192 2.000000000 2
808 156 3 8192 2.000000000 2
808 176 3 8192 2.000000000 2
808 196 3 8192 2.000000000 2
808 232 3 8192 2.000000000 2
808 236 3 8192 2.000000000 2
808 240 3 8192 2.000000000 2
808 248 3 8192 2.000000000 2
808 272 3 8192 2.000000000 2
808 284 3 8192 2.000000000 2
808 308 3 8192 2.000000000 2
808 344 3 8192 2.000000000 2
808 380 3 8192 2.000000000 2
808 436 3 8192 2.000000000 2
808 448 3 8192 2.000000000 2
808 452 3 8192 2.000000000 2
808 456 3 8192 2.000000000 2
808 500 3 8192 2.000000000 2
808 504 3 8192 2.000000000 2
808 552 3 8192 2.000000000 2
808 556 3 8192 2.000000000 2
808 568 3 8192 2.000000000 2
808 596 3 8192 2.000000000 2
808 612 3 8192 2.000000000 2
808 624 3 8192 2.000000000 2
808 636 3 8192 2.000000000 2
808 648 3 8192 2.000000000 2
808 656 3 8192 2.000000000 2
808 664 3 8192 2.000000000 2
808 668 3 8192 2.000000000 2
808 708 3 8192 2.000000000 2
808 720 3 8192 2.000000000 2
808 732 3 8192 2.000000000 2
808 772 3 8192 2.000000000 2
808 784 3 8192 2.000000000 2
808 792 3 8192 2.000000000 2
808 828 3 8192 2.000000000 2
808 836 3 8192 2.000000000 2
808 848 3 8192 2.000000000 2
808 864 3 8192 2.000000000 2
808 912 3 8192 2.000000000 2
808 928 3 8192 2.000000000 2
808 944 3 8192 2.000000000 2
808 964 3 8192 2.000000000 2
808 976 3 8192 2.000000000 2
808 984 3 8192 2.000000000 2
808 988 3 8192 2.000000000 2
808 1020 3 8192 2.000000000 2
808 1048 3 8192 2.000000000 2
808 1052 3 8192 2.000000000 2
808 1068 3 8192 2.000000000 2
808 1112 3 8192 2.000000000 2
808 1148 3 8192 2.000000000 2
808 1156 3 8192 2.000000000 2
808 1168 3 8192 2.000000000 2
812 0 3 8192 2.000000000 2
812 8 3 8192 2.000000000 2
812 16 3 8192 2.000000000 2
812 20 3 8192 2.000000000 2
812 24 3 8192 2.000000000 2
812 28 3 8192 2.000000000 2
812 32 3 8192 2.000000000 2
812 40 3 8192 2.000000000 2
812 84 3 8192 2.000000000 2
812 92 3 8192 2.000000000 2
812 100 3 8192 2.000000000 2
812 116 3 8192 2.000000000 2
812 140 3 8192 2.000000000 2
812 160 3 8192 2.000000000 2
812 164 3 8192 2.000000000 2
812 172 3 8192 2.000000000 2
812 176 3 8192 2.000000000 2
812 180 3 8192 2.000000000 2
812 184 3 8192 2.000000000 2
812 208 3 8192 2.000000000 2
812 224 3 8192 2.000000000 2
812 292 3 8192 2.000000000 2
812 300 3 8192 2.000000000 2
812 312 3 8192 2.000000000 2
812 328 3 8192 2.000000000 2
812 380 3 8192 2.000000000 2
812 400 3 8192 2.000000000 2
812 440 3 8192 2.000000000 2
812 460 3 8192 2.000000000 2
812 468 3 8192 2.000000000 2
812 500 3 8192 2.000000000 2
812 504 3 8192 2.000000000 2
812 524 3 8192 2.000000000 2
812 548 3 8192 2.000000000 2
812 552 3 8192 2.000000000 2
812 600 3 8192 2.000000000 2
812 620 3 8192 2.000000000 2
812 624 3 8192 2.000000000 2
812 656 3 8192 2.000000000 2
812 660 3 8192 2.000000000 2
812 672 3 8192 2.000000000 2
812 680 3 8192 2.000000000 2
812 724 3 8192 2.000000000 2
812 740 3 8192 2.000000000 2
812 752 3 8192 2.000000000 2
812 848 3 8192 2.000000000 2
812 864 3 8192 2.000000000 2
812 940 3 8192 2.000000000 2
812 956 3 8192 2.000000000 2
812 976 3 8192 2.000000000 2
812 988 3 8192 2.000000000 2
812 1008 3 8192 2.000000000 2
812 1016 3 8192 2.000000000 2
812 1032 3 8192 2.000000000 2
812 1068 3 8192 2.000000000 2
812 1080 3 8192 2.000000000 2
812 1100 3 8192 2.000000000 2
812 1128 3 8192 2.000000000 2
812 1180 3 8192 2.000000000 2
812 1204 3 8192 2.000000000 2
812 1236 3 8192 2.000000000 2
812 1252 3 8192 2.000000000 2
812 1260 3 8192 2.000000000 2
812 1264 3 8192 2.000000000 2
816 0 3 8192 2.000000000 2
816 4 3 8192 2.000000000 2
816 36 3 8192 2.000000000 2
816 44 3 8192 2.000000000 2
816 60 3 8192 2.000000000 2
816 80 3 8192 2.000000000 2
816 96 3 8192 2.000000000 2
816 132 3 8192 2.000000000 2
816 144 3 8192 2.000000000 2
816 148 3 8192 2.000000000 2
816 160 3 8192 2.000000000 2
816 164 3 8192 2.000000000 2
816 184 3 8192 2.000000000 2
816 208 3 8192 2.000000000 2
816 216 3 8192 2.000000000 2
816 232 3 8192 2.000000000 2
816 252 3 8192 2.000000000 2
816 280 3 8192 2.000000000 2
816 312 3 8192 2.000000000 2
816 324 3 8192 2.000000000 2
816 332 3 8192 2.000000000 2
816 388 3 8192 2.000000000 2
816 404 3 8192 2.000000000 2
816 424 3 8192 2.000000000 2
816 432 3 8192 2.000000000 2
816 436 3 8192 2.000000000 2
816 444 3 8192 2.000000000 2
816 452 3 8192 2.000000000 2
816 460 3 8192 2.000000000 2
816 468 3 8192 2.000000000 2
816 472 3 8192 2.000000000 2
816 480 3 8192 2.000000000 2
816 484 3 8192 2.000000000 2
816 500 3 8192 2.000000000 2
816 516 3 8192 2.000000000 2
816 552 3 8192 2.000000000 2
816 568 3 8192 2.000000000 2
816 632 3 8192 2.000000000 2
816 636 3 8192 2.000000000 2
816 664 3 8192 2.000000000 2
816 668 3 8192 2.000000000 2
816 680 3 8192 2.000000000 2
816 716 3 8192 2.000000000 2
816 760 3 8192 2.000000000 2
816 764 3 8192 2.000000000 2
816 768 3 8192 2.000000000 2
816 876 3 8192 2.000000000 2
816 904 3 8192 2.000000000 2
816 948 3 8192 2.000000000 2
816 964 3 8192 2.000000000 2
816 968 3 8192 2.000000000 2
816 980 3 8192 2.000000000 2
816 1004 3 8192 2.000000000 2
816 1016 3 8192 2.000000000 2
816 1052 3 8192 2.000000000 2
816 1080 3 8192 2.000000000 2
816 1120 3 8192 2.000000000 2
816 1128 3 8192 2.000000000 2
816 1148 3 8192 2.000000000 2
816 1172 3 8192 2.000000000 2
816 1220 3 8192 2.000000000 2
816 1236 3 8192 2.000000000 2
816 1252 3 8192 2.000000000 2
816 1260 3 8192 2.000000000 2
824 16 3 8192 2.000000000 2
824 32 3 8192 2.000000000 2
824 88 3 8192 2.000000000 2
824 92 3 8192 2.000000000 2
824 100 3 8192 2.000000000 2
824 108 3 8192 2.000000000 2
824 116 3 8192 2.000000000 2
824 140 3 8192 2.000000000 2
824 152 3 8192 2.000000000 2
824 156 3 8192 2.000000000 2
824 160 3 8192 2.000000000 2
824 176 3 8192 2.000000000 2
824 220 3 8192 2.000000000 2
824 252 3 8192 2.000000000 2
824 276 3 8192 2.000000000 2
824 304 3 8192 2.000000000 2
824 352 3 8192 2.000000000 2
824 360 3 8192 2.000000000 2
824 368 3 8192 2.000000000 2
824 412 3 8192 2.000000000 2
824 428 3 8192 2.000000000 2
824 444 3 8192 2.000000000 2
824 456 3 8192 2.000000000 2
824 484 3 8192 2.000000000 2
824 524 3 8192 2.000000000 2
824 532 3 8192 2.000000000 2
824 556 3 8192 2.000000000 2
824 572 3 8192 2.000000000 2
824 596 3 8192 2.000000000 2
824 600 3 8192 2.000000000 2
824 636 3 8192 2.000000000 2
824 644 3 8192 2.000000000 2
824 648 3 8192 2.000000000 2
824 664 3 8192 2.000000000 2
824 684 3 8192 2.000000000 2
824 700 3 8192 2.000000000 2
824 716 3 8192 2.000000000 2
824 732 3 8192 2.000000000 2
824 764 3 8192 2.000000000 2
824 768 3 8192 2.000000000 2
824 776 3 8192 2.000000000 2
824 780 3 8192 2.000000000 2
824 800 3 8192 2.000000000 2
824 812 3 8192 2.000000000 2
824 832 3 8192 2.000000000 2
824 836 3 8192 2.000000000 2
824 860 3 8192 2.000000000 2
824 900 3 8192 2.000000000 2
824 936 3 8192 2.000000000 2
824 1000 3 8192 2.000000000 2
824 1004 3 8192 2.000000000 2
824 1016 3 8192 2.000000000 2
824 1028 3 8192 2.000000000 2
824 1032 3 8192 2.000000000 2
824 1036 3 8192 2.000000000 2
824 1056 3 8192 2.000000000 2
824 1068 3 8192 2.000000000 2
824 1088 3 8192 2.000000000 2
824 1092 3 8192 2.000000000 2
824 1100 3 8192 2.000000000 2
824 1172 3 8192 2.000000000 2
824 1184 3 8192 2.000000000 2
824 1232 3 8192 2.000000000 2
824 1260 3 8192 2.000000000 2
828 4 3 8192 2.000000000 2
828 8 3 8192 2.000000000 2
828 12 3 8192 2.000000000 2
828 108 3 8192 2.000000000 2
828 112 3 8192 2.000000000 2
828 152 3 8192 2.000000000 2
828 160 3 8192 2.000000000 2
828 164 3 8192 2.000000000 2
828 172 3 8192 2.000000000 2
828 176 3 8192 2.000000000 2
828 220 3 8192 2.000000000 2
828 224 3 8192 2.000000000 2
828 252 3 8192 2.000000000 2
828 272 3 8192 2.000000000 2
828 292 3 8192 2.000000000 2
828 296 3 8192 2.000000000 2
828 308 3 8192 2.000000000 2
828 312 3 8192 2.000000000 2
828 320 3 8192 2.000000000 2
828 364 3 8192 2.000000000 2
828 380 3 8192 2.000000000 2
828 432 3 8192 2.000000000 2
828 452 3 8192 2.000000000 2
828 492 3 8192 2.000000000 2
828 500 3 8192 2.000000000 2
828 532 3 8192 2.000000000 2
828 536 3 8192 2.000000000 2
828 548 3 8192 2.000000000 2
828 556 3 8192 2.000000000 2
828 564 3 8192 2.000000000 2
828 580 3 8192 2.000000000 2
828 588 3 8192 2.000000000 2
828 608 3 8192 2.000000000 2
828 612 3 8192 2.000000000 2
828 632 3 8192 2.000000000 2
828 636 3 8192 2.000000000 2
828 668 3 8192 2.000000000 2
828 752 3 8192 2.000000000 2
828 756 3 8192 2.000000000 2
828 760 3 8192 2.000000000 2
828 764 3 8192 2.000000000 2
828 808 3 8192 2.000000000 2
828 816 3 8192 2.000000000 2
828 836 3 8192 2.000000000 2
828 848 3 8192 2.000000000 2
828 860 3 8192 2.000000000 2
828 864 3 8192 2.000000000 2
828 940 3 8192 2.000000000 2
828 956 3 8192 2.000000000 2
828 980 3 8192 2.000000000 2
828 996 3 8192 2.000000000 2
828 1056 3 8192 2.000000000 2
828 1076 3 8192 2.000000000 2
828 1088 3 8192 2.000000000 2
828 1100 3 8192 2.000000000 2
828 1104 3 8192 2.000000000 2
828 1120 3 8192 2.000000000 2
828 1128 3 8192 2.000000000 2
828 1164 3 8192 2.000000000 2
828 1180 3 8192 2.000000000 2
828 1196 3 8192 2.000000000 2
828 1236 3 8192 2.000000000 2
828 1256 3 8192 2.000000000 2
828 1276 3 8192 2.000000000 2
832 16 3 8192 2.000000000 2
832 20 3 8192 2.000000000 2
832 24 3 8192 2.000000000 2
832 52 3 8192 2.000000000 2
832 56 3 8192 2.000000000 2
832 60 3 8192 2.000000000 2
832 80 3 8192 2.000000000 2
832 84 3 8192 2.000000000 2
832 108 3 8192 2.000000000 2
832 148 3 8192 2.000000000 2
832 152 3 8192 2.000000000 2
832 160 3 8192 2.000000000 2
832 172 3 8192 2.000000000 2
832 176 3 8192 2.000000000 2
832 184 3 8192 2.000000000 2
832 196 3 8192 2.000000000 2
832 220 3 8192 2.000000000 2
832 224 3 8192 2.000000000 2
832 252 3 8192 2.000000000 2
832 272 3 8192 2.000000000 2
832 276 3 8192 2.000000000 2
832 284 3 8192 2.000000000 2
832 360 3 8192 2.000000000 2
832 388 3 8192 2.000000000 2
832 392 3 8192 2.000000000 2
832 412 3 8192 2.000000000 2
832 424 3 8192 2.000000000 2
832 436 3 8192 2.000000000 2
832 460 3 8192 2.000000000 2
832 468 3 8192 2.000000000 2
832 472 3 8192 2.000000000 2
832 476 3 8192 2.000000000 2
832 484 3 8192 2.000000000 2
832 528 3 8192 2.000000000 2
832 540 3 8192 2.000000000 2
832 560 3 8192 2.000000000 2
832 572 3 8192 2.000000000 2
832 580 3 8192 2.000000000 2
832 596 3 8192 2.000000000 2
832 632 3 8192 2.000000000 2
832 656 3 8192 2.000000000 2
832 664 3 8192 2.000000000 2
832 716 3 8192 2.000000000 2
832 732 3 8192 2.000000000 2
832 736 3 8192 2.000000000 2
832 752 3 8192 2.000000000 2
832 756 3 8192 2.000000000 2
832 772 3 8192 2.000000000 2
832 792 3 8192 2.000000000 2
832 804 3 8192 2.000000000 2
832 892 3 8192 2.000000000 2
832 904 3 8192 2.000000000 2
832 912 3 8192 2.000000000 2
832 924 3 8192 2.000000000 2
832 928 3 8192 2.000000000 2
832 960 3 8192 2.000000000 2
832 984 3 8192 2.000000000 2
832 1020 3 8192 2.000000000 2
832 1052 3 8192 2.000000000 2
832 1068 3 8192 2.000000000 2
832 1076 3 8192 2.000000000 2
832 1084 3 8192 2.000000000 2
832 1156 3 8192 2.000000000 2
832 1248 3 8192 2.000000000 2
836 20 3 8192 2.000000000 2
836 48 3 8192 2.000000000 2
836 60 3 8192 2.000000000 2
836 72 3 8192 2.000000000 2
836 84 3 8192 2.000000000 2
836 132 3 8192 2.000000000 2
836 144 3 8192 2.000000000 2
836 148 3 8192 2.000000000 2
836 160 3 8192 2.000000000 2
836 176 3 8192 2.000000000 2
836 192 3 8192 2.000000000 2
836 212 3 8192 2.000000000 2
836 216 3 8192 2.000000000 2
836 220 3 8192 2.000000000 2
836 224 3 8192 2.000000000 2
836 248 3 8192 2.000000000 2
836 252 3 8192 2.000000000 2
836 264 3 8192 2.000000000 2
836 276 3 8192 2.000000000 2
836 316 3 8192 2.000000000 2
836 328 3 8192 2.000000000 2
836 352 3 8192 2.000000000 2
836 408 3 8192 2.000000000 2
836 440 3 8192 2.000000000 2
836 444 3 8192 2.000000000 2
836 460 3 8192 2.000000000 2
836 468 3 8192 2.000000000 2
836 500 3 8192 2.000000000 2
836 504 3 8192 2.000000000 2
836 548 3 8192 2.000000000 2
836 560 3 8192 2.000000000 2
836 568 3 8192 2.000000000 2
836 596 3 8192 2.000000000 2
836 600 3 8192 2.000000000 2
836 612 3 8192 2.000000000 2
836 620 3 8192 2.000000000 2
836 668 3 8192 2.000000000 2
836 684 3 8192 2.000000000 2
836 732 3 8192 2.000000000 2
836 736 3 8192 2.000000000 2
836 740 3 8192 2.000000000 2
836 752 3 8192 2.000000000 2
836 768 3 8192 2.000000000 2
836 780 3 8192 2.000000000 2
836 812 3 8192 2.000000000 2
836 816 3 8192 2.000000000 2
836 892 3 8192 2.000000000 2
836 928 3 8192 2.000000000 2
836 948 3 8192 2.000000000 2
836 964 3 8192 2.000000000 2
836 968 3 8192 2.000000000 2
836 988 3 8192 2.000000000 2
836 996 3 8192 2.000000000 2
836 1000 3 8192 2.000000000 2
836 1016 3 8192 2.000000000 2
836 1036 3 8192 2.000000000 2
836 1056 3 8192 2.000000000 2
836 1068 3 8192 2.000000000 2
836 1080 3 8192 2.000000000 2
836 1108 3 8192 2.000000000 2
836 1168 3 8192 2.000000000 2
836 1180 3 8192 2.000000000 2
836 1260 3 8192 2.000000000 2
836 1276 3 8192 2.000000000 2
848 48 3 8192 2.000000000 2
848 52 3 8192 2.000000000 2
848 96 3 8192 2.000000000 2
848 108 3 8192 2.000000000 2
848 124 3 8192 2.000000000 2
848 128 3 8192 2.000000000 2
848 132 3 8192 2.000000000 2
848 140 3 8192 2.000000000 2
848 160 3 8192 2.000000000 2
848 172 3 8192 2.000000000 2
848 192 3 8192 2.000000000 2
848 208 3 8192 2.000000000 2
848 216 3 8192 2.000000000 2
848 244 3 8192 2.000000000 2
848 248 3 8192 2.000000000 2
848 276 3 8192 2.000000000 2
848 284 3 8192 2.000000000 2
848 296 3 8192 2.000000000 2
848 324 3 8192 2.000000000 2
848 332 3 8192 2.000000000 2
848 352 3 8192 2.000000000 2
848 356 3 8192 2.000000000 2
848 420 3 8192 2.000000000 2
848 448 3 8192 2.000000000 2
848 452 3 8192 2.000000000 2
848 476 3 8192 2.000000000 2
848 480 3 8192 2.000000000 2
848 484 3 8192 2.000000000 2
848 500 3 8192 2.000000000 2
848 516 3 8192 2.000000000 2
848 532 3 8192 2.000000000 2
848 536 3 8192 2.000000000 2
848 580 3 8192 2.000000000 2
848 600 3 8192 2.000000000 2
848 620 3 8192 2.000000000 2
848 656 3 8192 2.000000000 2
848 664 3 8192 2.000000000 2
848 680 3 8192 2.000000000 2
848 684 3 8192 2.000000000 2
848 720 3 8192 2.000000000 2
848 732 3 8192 2.000000000 2
848 760 3 8192 2.000000000 2
848 772 3 8192 2.000000000 2
848 808 3 8192 2.000000000 2
848 832 3 8192 2.000000000 2
848 892 3 8192 2.000000000 2
848 944 3 8192 2.000000000 2
848 980 3 8192 2.000000000 2
848 1012 3 8192 2.000000000 2
848 1028 3 8192 2.000000000 2
848 1032 3 8192 2.000000000 2
848 1040 3 8192 2.000000000 2
848 1048 3 8192 2.000000000 2
848 1056 3 8192 2.000000000 2
848 1084 3 8192 2.000000000 2
848 1088 3 8192 2.000000000 2
848 1108 3 8192 2.000000000 2
848 1120 3 8192 2.000000000 2
848 1144 3 8192 2.000000000 2
848 1168 3 8192 2.000000000 2
848 1220 3 8192 2.000000000 2
848 1256 3 8192 2.000000000 2
848 1272 3 8192 2.000000000 2
848 1276 3 8192 2.000000000 2
856 20 3 8192 2.000000000 2
856 52 3 8192 2.000000000 2
856 68 3 8192 2.000000000 2
856 72 3 8192 2.000000000 2
856 92 3 8192 2.000000000 2
856 112 3 8192 2.000000000 2
856 116 3 8192 2.000000000 2
856 140 3 8192 2.000000000 2
856 144 3 8192 2.000000000 2
856 164 3 8192 2.000000000 2
856 192 3 8192 2.000000000 2
856 196 3 8192 2.000000000 2
856 232 3 8192 2.000000000 2
856 248 3 8192 2.000000000 2
856 280 3 8192 2.000000000 2
856 296 3 8192 2.000000000 2
856 312 3 8192 2.000000000 2
856 320 3 8192 2.000000000 2
856 332 3 8192 2.000000000 2
856 348 3 8192 2.000000000 2
856 392 3 8192 2.000000000 2
856 428 3 8192 2.000000000 2
856 456 3 8192 2.000000000 2
856 468 3 8192 2.000000000 2
856 500 3 8192 2.000000000 2
856 532 3 8192 2.000000000 2
856 540 3 8192 2.000000000 2
856 564 3 8192 2.000000000 2
856 568 3 8192 2.000000000 2
856 584 3 8192 2.000000000 2
856 588 3 8192 2.000000000 2
856 596 3 8192 2.000000000 2
856 620 3 8192 2.000000000 2
856 660 3 8192 2.000000000 2
856 680 3 8192 2.000000000 2
856 684 3 8192 2.000000000 2
856 700 3 8192 2.000000000 2
856 760 3 8192 2.000000000 2
856 768 3 8192 2.000000000 2
856 776 3 8192 2.000000000 2
856 784 3 8192 2.000000000 2
856 792 3 8192 2.000000000 2
856 824 3 8192 2.000000000 2
856 836 3 8192 2.000000000 2
856 848 3 8192 2.000000000 2
856 860 3 8192 2.000000000 2
856 912 3 8192 2.000000000 2
856 928 3 8192 2.000000000 2
856 936 3 8192 2.000000000 2
856 960 3 8192 2.000000000 2
856 968 3 8192 2.000000000 2
856 988 3 8192 2.000000000 2
856 1000 3 8192 2.000000000 2
856 1004 3 8192 2.000000000 2
856 1056 3 8192 2.000000000 2
856 1068 3 8192 2.000000000 2
856 1144 3 8192 2.000000000 2
856 1156 3 8192 2.000000000 2
856 1164 3 8192 2.000000000 2
856 1180 3 8192 2.000000000 2
856 1200 3 8192 2.000000000 2
856 1204 3 8192 2.000000000 2
856 1248 3 8192 2.000000000 2
856 1272 3 8192 2.000000000 2
860 32 3 8192 2.000000000 2
860 72 3 8192 2.000000000 2
860 116 3 8192 2.000000000 2
860 120 3 8192 2.000000000 2
860 124 3 8192 2.000000000 2
860 128 3 8192 2.000000000 2
860 132 3 8192 2.000000000 2
860 144 3 8192 2.000000000 2
860 152 3 8192 2.000000000 2
860 164 3 8192 2.000000000 2
860 168 3 8192 2.000000000 2
860 176 3 8192 2.000000000 2
860 180 3 8192 2.000000000 2
860 196 3 8192 2.000000000 2
860 212 3 8192 2.000000000 2
860 216 3 8192 2.000000000 2
860 224 3 8192 2.000000000 2
860 252 3 8192 2.000000000 2
860 264 3 8192 2.000000000 2
860 308 3 8192 2.000000000 2
860 324 3 8192 2.000000000 2
860 332 3 8192 2.000000000 2
860 348 3 8192 2.000000000 2
860 356 3 8192 2.000000000 2
860 388 3 8192 2.000000000 2
860 392 3 8192 2.000000000 2
860 408 3 8192 2.000000000 2
860 428 3 8192 2.000000000 2
860 448 3 8192 2.000000000 2
860 456 3 8192 2.000000000 2
860 468 3 8192 2.000000000 2
860 488 3 8192 2.000000000 2
860 500 3 8192 2.000000000 2
860 556 3 8192 2.000000000 2
860 564 3 8192 2.000000000 2
860 596 3 8192 2.000000000 2
860 600 3 8192 2.000000000 2
860 632 3 8192 2.000000000 2
860 660 3 8192 2.000000000 2
860 672 3 8192 2.000000000 2
860 696 3 8192 2.000000000 2
860 700 3 8192 2.000000000 2
860 716 3 8192 2.000000000 2
860 748 3 8192 2.000000000 2
860 784 3 8192 2.000000000 2
860 800 3 8192 2.000000000 2
860 808 3 8192 2.000000000 2
860 812 3 8192 2.000000000 2
860 824 3 8192 2.000000000 2
860 848 3 8192 2.000000000 2
860 856 3 8192 2.000000000 2
860 864 3 8192 2.000000000 2
860 924 3 8192 2.000000000 2
860 940 3 8192 2.000000000 2
860 968 3 8192 2.000000000 2
860 1016 3 8192 2.000000000 2
860 1020 3 8192 2.000000000 2
860 1028 3 8192 2.000000000 2
860 1040 3 8192 2.000000000 2
860 1048 3 8192 2.000000000 2
860 1056 3 8192 2.000000000 2
860 1084 3 8192 2.000000000 2
860 1116 3 8192 2.000000000 2
860 1164 3 8192 2.000000000 2
864 4 3 8192 2.000000000 2
864 16 3 8192 2.000000000 2
864 20 3 8192 2.000000000 2
864 48 3 8192 2.000000000 2
864 52 3 8192 2.000000000 2
864 120 3 8192 2.000000000 2
864 144 3 8192 2.000000000 2
864 160 3 8192 2.000000000 2
864 192 3 8192 2.000000000 2
864 220 3 8192 2.000000000 2
864 272 3 8192 2.000000000 2
864 296 3 8192 2.000000000 2
864 308 3 8192 2.000000000 2
864 312 3 8192 2.000000000 2
864 316 3 8192 2.000000000 2
864 324 3 8192 2.000000000 2
864 352 3 8192 2.000000000 2
864 356 3 8192 2.000000000 2
864 360 3 8192 2.000000000 2
864 388 3 8192 2.000000000 2
864 392 3 8192 2.000000000 2
864 404 3 8192 2.000000000 2
864 412 3 8192 2.000000000 2
864 424 3 8192 2.000000000 2
864 428 3 8192 2.000000000 2
864 432 3 8192 2.000000000 2
864 444 3 8192 2.000000000 2
864 460 3 8192 2.000000000 2
864 480 3 8192 2.000000000 2
864 504 3 8192 2.000000000 2
864 536 3 8192 2.000000000 2
864 540 3 8192 2.000000000 2
864 564 3 8192 2.000000000 2
864 580 3 8192 2.000000000 2
864 612 3 8192 2.000000000 2
864 648 3 8192 2.000000000 2
864 660 3 8192 2.000000000 2
864 700 3 8192 2.000000000 2
864 704 3 8192 2.000000000 2
864 756 3 8192 2.000000000 2
864 800 3 8192 2.000000000 2
864 804 3 8192 2.000000000 2
864 808 3 8192 2.000000000 2
864 836 3 8192 2.000000000 2
864 856 3 8192 2.000000000 2
864 884 3 8192 2.000000000 2
864 900 3 8192 2.000000000 2
864 940 3 8192 2.000000000 2
864 960 3 8192 2.000000000 2
864 988 3 8192 2.000000000 2
864 1004 3 8192 2.000000000 2
864 1040 3 8192 2.000000000 2
864 1048 3 8192 2.000000000 2
864 1052 3 8192 2.000000000 2
864 1076 3 8192 2.000000000 2
864 1116 3 8192 2.000000000 2
864 1120 3 8192 2.000000000 2
864 1144 3 8192 2.000000000 2
864 1164 3 8192 2.000000000 2
864 1180 3 8192 2.000000000 2
864 1184 3 8192 2.000000000 2
864 1236 3 8192 2.000000000 2
864 1244 3 8192 2.000000000 2
864 1248 3 8192 2.000000000 2
872 16 3 8192 2.000000000 2
872 32 3 8192 2.000000000 2
872 44 3 8192 2.000000000 2
872 52 3 8192 2.000000000 2
872 60 3 8192 2.000000000 2
872 64 3 8192 2.000000000 2
872 72 3 8192 2.000000000 2
872 100 3 8192 2.000000000 2
872 120 3 8192 2.000000000 2
872 132 3 8192 2.000000000 2
872 144 3 8192 2.000000000 2
872 156 3 8192 2.000000000 2
872 160 3 8192 2.000000000 2
872 164 3 8192 2.000000000 2
872 176 3 8192 2.000000000 2
872 212 3 8192 2.000000000 2
872 236 3 8192 2.000000000 2
872 244 3 8192 2.000000000 2
872 296 3 8192 2.000000000 2
872 316 3 8192 2.000000000 2
872 360 3 8192 2.000000000 2
872 368 3 8192 2.000000000 2
872 392 3 8192 2.000000000 2
872 400 3 8192 2.000000000 2
872 408 3 8192 2.000000000 2
872 420 3 8192 2.000000000 2
872 436 3 8192 2.000000000 2
872 464 3 8192 2.000000000 2
872 484 3 8192 2.000000000 2
872 500 3 8192 2.000000000 2
872 512 3 8192 2.000000000 2
872 516 3 8192 2.000000000 2
872 548 3 8192 2.000000000 2
872 560 3 8192 2.000000000 2
872 568 3 8192 2.000000000 2
872 572 3 8192 2.000000000 2
872 624 3 8192 2.000000000 2
872 780 3 8192 2.000000000 2
872 800 3 8192 2.000000000 2
872 804 3 8192 2.000000000 2
872 860 3 8192 2.000000000 2
872 928 3 8192 2.000000000 2
872 936 3 8192 2.000000000 2
872 944 3 8192 2.000000000 2
872 948 3 8192 2.000000000 2
872 956 3 8192 2.000000000 2
872 964 3 8192 2.000000000 2
872 968 3 8192 2.000000000 2
872 976 3 8192 2.000000000 2
872 980 3 8192 2.000000000 2
872 996 3 8192 2.000000000 2
872 1004 3 8192 2.000000000 2
872 1012 3 8192 2.000000000 2
872 1016 3 8192 2.000000000 2
872 1092 3 8192 2.000000000 2
872 1104 3 8192 2.000000000 2
872 1112 3 8192 2.000000000 2
872 1116 3 8192 2.000000000 2
872 1144 3 8192 2.000000000 2
872 1164 3 8192 2.000000000 2
872 1196 3 8192 2.000000000 2
872 1244 3 8192 2.000000000 2
872 1252 3 8192 2.000000000 2
872 1256 3 8192 2.000000000 2
876 0 3 8192 2.000000000 2
876 4 3 8192 2.000000000 2
876 24 3 8192 2.000000000 2
876 28 3 8192 2.000000000 2
876 36 3 8192 2.000000000 2
876 48 3 8192 2.000000000 2
876 60 3 8192 2.000000000 2
876 68 3 8192 2.000000000 2
876 80 3 8192 2.000000000 2
876 88 3 8192 2.000000000 2
876 128 3 8192 2.000000000 2
876 144 3 8192 2.000000000 2
876 168 3 8192 2.000000000 2
876 192 3 8192 2.000000000 2
876 232 3 8192 2.000000000 2
876 252 3 8192 2.000000000 2
876 264 3 8192 2.000000000 2
876 272 3 8192 2.000000000 2
876 276 3 8192 2.000000000 2
876 308 3 8192 2.000000000 2
876 312 3 8192 2.000000000 2
876 316 3 8192 2.000000000 2
876 344 3 8192 2.000000000 2
876 352 3 8192 2.000000000 2
876 388 3 8192 2.000000000 2
876 424 3 8192 2.000000000 2
876 428 3 8192 2.000000000 2
876 480 3 8192 2.000000000 2
876 484 3 8192 2.000000000 2
876 488 3 8192 2.000000000 2
876 520 3 8192 2.000000000 2
876 552 3 8192 2.000000000 2
876 560 3 8192 2.000000000 2
876 580 3 8192 2.000000000 2
876 600 3 8192 2.000000000 2
876 656 3 8192 2.000000000 2
876 724 3 8192 2.000000000 2
876 744 3 8192 2.000000000 2
876 756 3 8192 2.000000000 2
876 760 3 8192 2.000000000 2
876 764 3 8192 2.000000000 2
876 804 3 8192 2.000000000 2
876 808 3 8192 2.000000000 2
876 828 3 8192 2.000000000 2
876 884 3 8192 2.000000000 2
876 888 3 8192 2.000000000 2
876 912 3 8192 2.000000000 2
876 976 3 8192 2.000000000 2
876 988 3 8192 2.000000000 2
876 1012 3 8192 2.000000000 2
876 1016 3 8192 2.000000000 2
876 1040 3 8192 2.000000000 2
876 1052 3 8192 2.000000000 2
876 1056 3 8192 2.000000000 2
876 1092 3 8192 2.000000000 2
876 1100 3 8192 2.000000000 2
876 1112 3 8192 2.000000000 2
876 1144 3 8192 2.000000000 2
876 1164 3 8192 2.000000000 2
876 1180 3 8192 2.000000000 2
876 1196 3 8192 2.000000000 2
876 1248 3 8192 2.000000000 2
876 1252 3 8192 2.000000000 2
876 1276 3 8192 2.000000000 2
884 4 3 8192 2.000000000 2
884 8 3 8192 2.000000000 2
884 12 3 8192 2.000000000 2
884 24 3 8192 2.000000000 2
884 36 3 8192 2.000000000 2
884 84 3 8192 2.000000000 2
884 88 3 8192 2.000000000 2
884 92 3 8192 2.000000000 2
884 96 3 8192 2.000000000 2
884 124 3 8192 2.000000000 2
884 128 3 8192 2.000000000 2
884 152 3 8192 2.000000000 2
884 160 3 8192 2.000000000 2
884 168 3 8192 2.000000000 2
884 184 3 8192 2.000000000 2
884 224 3 8192 2.000000000 2
884 236 3 8192 2.000000000 2
884 272 3 8192 2.000000000 2
884 308 3 8192 2.000000000 2
884 324 3 8192 2.000000000 2
884 344 3 8192 2.000000000 2
884 352 3 8192 2.000000000 2
884 356 3 8192 2.000000000 2
884 368 3 8192 2.000000000 2
884 404 3 8192 2.000000000 2
884 432 3 8192 2.000000000 2
884 436 3 8192 2.000000000 2
884 444 3 8192 2.000000000 2
884 448 3 8192 2.000000000 2
884 468 3 8192 2.000000000 2
884 480 3 8192 2.000000000 2
884 488 3 8192 2.000000000 2
884 492 3 8192 2.000000000 2
884 532 3 8192 2.000000000 2
884 540 3 8192 2.000000000 2
884 564 3 8192 2.000000000 2
884 620 3 8192 2.000000000 2
884 624 3 8192 2.000000000 2
884 664 3 8192 2.000000000 2
884 672 3 8192 2.000000000 2
884 684 3 8192 2.000000000 2
884 696 3 8192 2.000000000 2
884 716 3 8192 2.000000000 2
884 724 3 8192 2.000000000 2
884 772 3 8192 2.000000000 2
884 776 3 8192 2.000000000 2
884 780 3 8192 2.000000000 2
884 812 3 8192 2.000000000 2
884 864 3 8192 2.000000000 2
884 872 3 8192 2.000000000 2
884 888 3 8192 2.000000000 2
884 892 3 8192 2.000000000 2
884 932 3 8192 2.000000000 2
884 964 3 8192 2.000000000 2
884 976 3 8192 2.000000000 2
884 984 3 8192 2.000000000 2
884 1020 3 8192 2.000000000 2
884 1028 3 8192 2.000000000 2
884 1052 3 8192 2.000000000 2
884 1116 3 8192 2.000000000 2
884 1164 3 8192 2.000000000 2
884 1196 3 8192 2.000000000 2
884 1248 3 8192 2.000000000 2
884 1256 3 8192 2.000000000 2
888 40 3 8192 2.000000000 2
888 48 3 8192 2.000000000 2
888 80 3 8192 2.000000000 2
888 96 3 8192 2.000000000 2
888 124 3 8192 2.000000000 2
888 140 3 8192 2.000000000 2
888 272 3 8192 2.000000000 2
888 276 3 8192 2.000000000 2
888 328 3 8192 2.000000000 2
888 332 3 8192 2.000000000 2
888 344 3 8192 2.000000000 2
888 380 3 8192 2.000000000 2
888 392 3 8192 2.000000000 2
888 412 3 8192 2.000000000 2
888 448 3 8192 2.000000000 2
888 460 3 8192 2.000000000 2
888 464 3 8192 2.000000000 2
888 472 3 8192 2.000000000 2
888 532 3 8192 2.000000000 2
888 536 3 8192 2.000000000 2
888 552 3 8192 2.000000000 2
888 568 3 8192 2.000000000 2
888 636 3 8192 2.000000000 2
888 640 3 8192 2.000000000 2
888 656 3 8192 2.000000000 2
888 664 3 8192 2.000000000 2
888 668 3 8192 2.000000000 2
888 672 3 8192 2.000000000 2
888 684 3 8192 2.000000000 2
888 720 3 8192 2.000000000 2
888 732 3 8192 2.000000000 2
888 740 3 8192 2.000000000 2
888 744 3 8192 2.000000000 2
888 800 3 8192 2.000000000 2
888 804 3 8192 2.000000000 2
888 812 3 8192 2.000000000 2
888 832 3 8192 2.000000000 2
888 864 3 8192 2.000000000 2
888 872 3 8192 2.000000000 2
888 928 3 8192 2.000000000 2
888 940 3 8192 2.000000000 2
888 944 3 8192 2.000000000 2
888 968 3 8192 2.000000000 2
888 976 3 8192 2.000000000 2
888 980 3 8192 2.000000000 2
888 1020 3 8192 2.000000000 2
888 1028 3 8192 2.000000000 2
888 1036 3 8192 2.000000000 2
888 1068 3 8192 2.000000000 2
888 1080 3 8192 2.000000000 2
888 1092 3 8192 2.000000000 2
888 1100 3 8192 2.000000000 2
888 1104 3 8192 2.000000000 2
888 1108 3 8192 2.000000000 2
888 1112 3 8192 2.000000000 2
888 1128 3 8192 2.000000000 2
888 1156 3 8192 2.000000000 2
888 1172 3 8192 2.000000000 2
888 1220 3 8192 2.000000000 2
888 1248 3 8192 2.000000000 2
888 1252 3 8192 2.000000000 2
888 1256 3 8192 2.000000000 2
888 1260 3 8192 2.000000000 2
888 1276 3 8192 2.000000000 2
892 8 3 8192 2.000000000 2
892 36 3 8192 2.000000000 2
892 44 3 8192 2.000000000 2
892 52 3 8192 2.000000000 2
892 80 3 8192 2.000000000 2
892 160 3 8192 2.000000000 2
892 180 3 8192 2.000000000 2
892 192 3 8192 2.000000000 2
892 200 3 8192 2.000000000 2
892 224 3 8192 2.000000000 2
892 232 3 8192 2.000000000 2
892 236 3 8192 2.000000000 2
892 240 3 8192 2.000000000 2
892 248 3 8192 2.000000000 2
892 252 3 8192 2.000000000 2
892 272 3 8192 2.000000000 2
892 348 3 8192 2.000000000 2
892 352 3 8192 2.000000000 2
892 360 3 8192 2.000000000 2
892 368 3 8192 2.000000000 2
892 392 3 8192 2.000000000 2
892 404 3 8192 2.000000000 2
892 420 3 8192 2.000000000 2
892 428 3 8192 2.000000000 2
892 436 3 8192 2.000000000 2
892 448 3 8192 2.000000000 2
892 456 3 8192 2.000000000 2
892 480 3 8192 2.000000000 2
892 500 3 8192 2.000000000 2
892 552 3 8192 2.000000000 2
892 580 3 8192 2.000000000 2
892 584 3 8192 2.000000000 2
892 660 3 8192 2.000000000 2
892 668 3 8192 2.000000000 2
892 748 3 8192 2.000000000 2
892 764 3 8192 2.000000000 2
892 776 3 8192 2.000000000 2
892 780 3 8192 2.000000000 2
892 784 3 8192 2.000000000 2
892 792 3 8192 2.000000000 2
892 800 3 8192 2.000000000 2
892 804 3 8192 2.000000000 2
892 824 3 8192 2.000000000 2
892 828 3 8192 2.000000000 2
892 848 3 8192 2.000000000 2
892 912 3 8192 2.000000000 2
892 932 3 8192 2.000000000 2
892 944 3 8192 2.000000000 2
892 964 3 8192 2.000000000 2
892 968 3 8192 2.000000000 2
892 996 3 8192 2.000000000 2
892 1012 3 8192 2.000000000 2
892 1020 3 8192 2.000000000 2
892 1052 3 8192 2.000000000 2
892 1056 3 8192 2.000000000 2
892 1076 3 8192 2.000000000 2
892 1112 3 8192 2.000000000 2
892 1116 3 8192 2.000000000 2
892 1164 3 8192 2.000000000 2
892 1196 3 8192 2.000000000 2
892 1200 3 8192 2.000000000 2
892 1204 3 8192 2.000000000 2
892 1220 3 8192 2.000000000 2
892 1248 3 8192 2.000000000 2
900 4 3 8192 2.000000000 2
900 8 3 8192 2.000000000 2
900 12 3 8192 2.000000000 2
900 16 3 8192 2.000000000 2
900 20 3 8192 2.000000000 2
900 36 3 8192 2.000000000 2
900 48 3 8192 2.000000000 2
900 64 3 8192 2.000000000 2
900 88 3 8192 2.000000000 2
900 112 3 8192 2.000000000 2
900 116 3 8192 2.000000000 2
900 124 3 8192 2.000000000 2
900 140 3 8192 2.000000000 2
900 144 3 8192 2.000000000 2
900 152 3 8192 2.000000000 2
900 164 3 8192 2.000000000 2
900 172 3 8192 2.000000000 2
900 200 3 8192 2.000000000 2
900 224 3 8192 2.000000000 2
900 272 3 8192 2.000000000 2
900 276 3 8192 2.000000000 2
900 312 3 8192 2.000000000 2
900 324 3 8192 2.000000000 2
900 332 3 8192 2.000000000 2
900 364 3 8192 2.000000000 2
900 368 3 8192 2.000000000 2
900 392 3 8192 2.000000000 2
900 440 3 8192 2.000000000 2
900 448 3 8192 2.000000000 2
900 452 3 8192 2.000000000 2
900 472 3 8192 2.000000000 2
900 512 3 8192 2.000000000 2
900 540 3 8192 2.000000000 2
900 560 3 8192 2.000000000 2
900 564 3 8192 2.000000000 2
900 588 3 8192 2.000000000 2
900 596 3 8192 2.000000000 2
900 716 3 8192 2.000000000 2
900 720 3 8192 2.000000000 2
900 736 3 8192 2.000000000 2
900 744 3 8192 2.000000000 2
900 804 3 8192 2.000000000 2
900 808 3 8192 2.000000000 2
900 812 3 8192 2.000000000 2
900 828 3 8192 2.000000000 2
900 832 3 8192 2.000000000 2
900 872 3 8192 2.000000000 2
900 892 3 8192 2.000000000 2
900 940 3 8192 2.000000000 2
900 968 3 8192 2.000000000 2
900 984 3 8192 2.000000000 2
900 988 3 8192 2.000000000 2
900 996 3 8192 2.000000000 2
900 1012 3 8192 2.000000000 2
900 1052 3 8192 2.000000000 2
900 1068 3 8192 2.000000000 2
900 1080 3 8192 2.000000000 2
900 1092 3 8192 2.000000000 2
900 1108 3 8192 2.000000000 2
900 1112 3 8192 2.000000000 2
900 1120 3 8192 2.000000000 2
900 1184 3 8192 2.000000000 2
900 1252 3 8192 2.000000000 2
900 1260 3 8192 2.000000000 2
904 0 3 8192 2.000000000 2
904 28 3 8192 2.000000000 2
904 64 3 8192 2.000000000 2
904 68 3 8192 2.000000000 2
904 108 3 8192 2.000000000 2
904 112 3 8192 2.000000000 2
904 144 3 8192 2.000000000 2
904 148 3 8192 2.000000000 2
904 172 3 8192 2.000000000 2
904 180 3 8192 2.000000000 2
904 184 3 8192 2.000000000 2
904 192 3 8192 2.000000000 2
904 220 3 8192 2.000000000 2
904 224 3 8192 2.000000000 2
904 236 3 8192 2.000000000 2
904 244 3 8192 2.000000000 2
904 300 3 8192 2.000000000 2
904 316 3 8192 2.000000000 2
904 320 3 8192 2.000000000 2
904 332 3 8192 2.000000000 2
904 352 3 8192 2.000000000 2
904 392 3 8192 2.000000000 2
904 420 3 8192 2.000000000 2
904 436 3 8192 2.000000000 2
904 460 3 8192 2.000000000 2
904 480 3 8192 2.000000000 2
904 488 3 8192 2.000000000 2
904 504 3 8192 2.000000000 2
904 516 3 8192 2.000000000 2
904 528 3 8192 2.000000000 2
904 532 3 8192 2.000000000 2
904 536 3 8192 2.000000000 2
904 580 3 8192 2.000000000 2
904 640 3 8192 2.000000000 2
904 660 3 8192 2.000000000 2
904 668 3 8192 2.000000000 2
904 732 3 8192 2.000000000 2
904 736 3 8192 2.000000000 2
904 776 3 8192 2.000000000 2
904 804 3 8192 2.000000000 2
904 828 3 8192 2.000000000 2
904 836 3 8192 2.000000000 2
904 864 3 8192 2.000000000 2
904 892 3 8192 2.000000000 2
904 924 3 8192 2.000000000 2
904 976 3 8192 2.000000000 2
904 980 3 8192 2.000000000 2
904 988 3 8192 2.000000000 2
904 1036 3 8192 2.000000000 2
904 1040 3 8192 2.000000000 2
904 1048 3 8192 2.000000000 2
904 1052 3 8192 2.000000000 2
904 1056 3 8192 2.000000000 2
904 1108 3 8192 2.000000000 2
904 1112 3 8192 2.000000000 2
904 1128 3 8192 2.000000000 2
904 1148 3 8192 2.000000000 2
904 1156 3 8192 2.000000000 2
904 1244 3 8192 2.000000000 2
904 1248 3 8192 2.000000000 2
904 1252 3 8192 2.000000000 2
904 1260 3 8192 2.000000000 2
904 1272 3 8192 2.000000000 2
904 1276 3 8192 2.000000000 2
908 40 3 8192 2.000000000 2
908 48 3 8192 2.000000000 2
908 52 3 8192 2.000000000 2
908 88 3 8192 2.000000000 2
908 96 3 8192 2.000000000 2
908 108 3 8192 2.000000000 2
908 128 3 8192 2.000000000 2
908 148 3 8192 2.000000000 2
908 160 3 8192 2.000000000 2
908 176 3 8192 2.000000000 2
908 180 3 8192 2.000000000 2
908 184 3 8192 2.000000000 2
908 212 3 8192 2.000000000 2
908 252 3 8192 2.000000000 2
908 264 3 8192 2.000000000 2
908 284 3 8192 2.000000000 2
908 296 3 8192 2.000000000 2
908 308 3 8192 2.000000000 2
908 324 3 8192 2.000000000 2
908 328 3 8192 2.000000000 2
908 364 3 8192 2.000000000 2
908 388 3 8192 2.000000000 2
908 400 3 8192 2.000000000 2
908 412 3 8192 2.000000000 2
908 424 3 8192 2.000000000 2
908 468 3 8192 2.000000000 2
908 496 3 8192 2.000000000 2
908 516 3 8192 2.000000000 2
908 560 3 8192 2.000000000 2
908 568 3 8192 2.000000000 2
908 584 3 8192 2.000000000 2
908 620 3 8192 2.000000000 2
908 644 3 8192 2.000000000 2
908 660 3 8192 2.000000000 2
908 700 3 8192 2.000000000 2
908 720 3 8192 2.000000000 2
908 736 3 8192 2.000000000 2
908 772 3 8192 2.000000000 2
908 800 3 8192 2.000000000 2
908 804 3 8192 2.000000000 2
908 828 3 8192 2.000000000 2
908 848 3 8192 2.000000000 2
908 900 3 8192 2.000000000 2
908 912 3 8192 2.000000000 2
908 924 3 8192 2.000000000 2
908 928 3 8192 2.000000000 2
908 948 3 8192 2.000000000 2
908 988 3 8192 2.000000000 2
908 1000 3 8192 2.000000000 2
908 1028 3 8192 2.000000000 2
908 1032 3 8192 2.000000000 2
908 1040 3 8192 2.000000000 2
908 1056 3 8192 2.000000000 2
908 1068 3 8192 2.000000000 2
908 1076 3 8192 2.000000000 2
908 1080 3 8192 2.000000000 2
908 1088 3 8192 2.000000000 2
908 1100 3 8192 2.000000000 2
908 1164 3 8192 2.000000000 2
908 1168 3 8192 2.000000000 2
908 1184 3 8192 2.000000000 2
908 1196 3 8192 2.000000000 2
908 1232 3 8192 2.000000000 2
908 1244 3 8192 2.000000000 2
912 16 3 8192 2.000000000 2
912 36 3 8192 2.000000000 2
912 40 3 8192 2.000000000 2
912 64 3 8192 2.000000000 2
912 108 3 8192 2.000000000 2
912 116 3 8192 2.000000000 2
912 132 3 8192 2.000000000 2
912 140 3 8192 2.000000000 2
912 156 3 8192 2.000000000 2
912 168 3 8192 2.000000000 2
912 196 3 8192 2.000000000 2
912 232 3 8192 2.000000000 2
912 236 3 8192 2.000000000 2
912 252 3 8192 2.000000000 2
912 264 3 8192 2.000000000 2
912 280 3 8192 2.000000000 2
912 284 3 8192 2.000000000 2
912 308 3 8192 2.000000000 2
912 352 3 8192 2.000000000 2
912 364 3 8192 2.000000000 2
912 404 3 8192 2.000000000 2
912 420 3 8192 2.000000000 2
912 440 3 8192 2.000000000 2
912 460 3 8192 2.000000000 2
912 476 3 8192 2.000000000 2
912 504 3 8192 2.000000000 2
912 528 3 8192 2.000000000 2
912 540 3 8192 2.000000000 2
912 552 3 8192 2.000000000 2
912 564 3 8192 2.000000000 2
912 580 3 8192 2.000000000 2
912 584 3 8192 2.000000000 2
912 632 3 8192 2.000000000 2
912 640 3 8192 2.000000000 2
912 668 3 8192 2.000000000 2
912 672 3 8192 2.000000000 2
912 680 3 8192 2.000000000 2
912 696 3 8192 2.000000000 2
912 716 3 8192 2.000000000 2
912 720 3 8192 2.000000000 2
912 740 3 8192 2.000000000 2
912 752 3 8192 2.000000000 2
912 756 3 8192 2.000000000 2
912 780 3 8192 2.000000000 2
912 796 3 8192 2.000000000 2
912 800 3 8192 2.000000000 2
912 812 3 8192 2.000000000 2
912 848 3 8192 2.000000000 2
912 884 3 8192 2.000000000 2
912 888 3 8192 2.000000000 2
912 900 3 8192 2.000000000 2
912 948 3 8192 2.000000000 2
912 968 3 8192 2.000000000 2
912 1020 3 8192 2.000000000 2
912 1040 3 8192 2.000000000 2
912 1052 3 8192 2.000000000 2
912 1056 3 8192 2.000000000 2
912 1080 3 8192 2.000000000 2
912 1084 3 8192 2.000000000 2
912 1104 3 8192 2.000000000 2
912 1116 3 8192 2.000000000 2
912 1144 3 8192 2.000000000 2
912 1164 3 8192 2.000000000 2
912 1184 3 8192 2.000000000 2
924 12 3 8192 2.000000000 2
924 20 3 8192 2.000000000 2
924 24 3 8192 2.000000000 2
924 28 3 8192 2.000000000 2
924 48 3 8192 2.000000000 2
924 68 3 8192 2.000000000 2
924 92 3 8192 2.000000000 2
924 100 3 8192 2.000000000 2
924 124 3 8192 2.000000000 2
924 140 3 8192 2.000000000 2
924 160 3 8192 2.000000000 2
924 168 3 8192 2.000000000 2
924 172 3 8192 2.000000000 2
924 212 3 8192 2.000000000 2
924 216 3 8192 2.000000000 2
924 232 3 8192 2.000000000 2
924 236 3 8192 2.000000000 2
924 244 3 8192 2.000000000 2
924 252 3 8192 2.000000000 2
924 324 3 8192 2.000000000 2
924 332 3 8192 2.000000000 2
924 424 3 8192 2.000000000 2
924 444 3 8192 2.000000000 2
924 476 3 8192 2.000000000 2
924 480 3 8192 2.000000000 2
924 484 3 8192 2.000000000 2
924 512 3 8192 2.000000000 2
924 520 3 8192 2.000000000 2
924 560 3 8192 2.000000000 2
924 564 3 8192 2.000000000 2
924 580 3 8192 2.000000000 2
924 584 3 8192 2.000000000 2
924 640 3 8192 2.000000000 2
924 668 3 8192 2.000000000 2
924 672 3 8192 2.000000000 2
924 700 3 8192 2.000000000 2
924 704 3 8192 2.000000000 2
924 724 3 8192 2.000000000 2
924 744 3 8192 2.000000000 2
924 764 3 8192 2.000000000 2
924 792 3 8192 2.000000000 2
924 800 3 8192 2.000000000 2
924 804 3 8192 2.000000000 2
924 812 3 8192 2.000000000 2
924 816 3 8192 2.000000000 2
924 872 3 8192 2.000000000 2
924 888 3 8192 2.000000000 2
924 940 3 8192 2.000000000 2
924 968 3 8192 2.000000000 2
924 976 3 8192 2.000000000 2
924 996 3 8192 2.000000000 2
924 1008 3 8192 2.000000000 2
924 1012 3 8192 2.000000000 2
924 1016 3 8192 2.000000000 2
924 1048 3 8192 2.000000000 2
924 1052 3 8192 2.000000000 2
924 1108 3 8192 2.000000000 2
924 1116 3 8192 2.000000000 2
924 1156 3 8192 2.000000000 2
924 1168 3 8192 2.000000000 2
924 1172 3 8192 2.000000000 2
924 1196 3 8192 2.000000000 2
924 1200 3 8192 2.000000000 2
924 1236 3 8192 2.000000000 2
928 36 3 8192 2.000000000 2
928 44 3 8192 2.000000000 2
928 48 3 8192 2.000000000 2
928 52 3 8192 2.000000000 2
928 56 3 8192 2.000000000 2
928 60 3 8192 2.000000000 2
928 80 3 8192 2.000000000 2
928 88 3 8192 2.000000000 2
928 140 3 8192 2.000000000 2
928 152 3 8192 2.000000000 2
928 180 3 8192 2.000000000 2
928 184 3 8192 2.000000000 2
928 192 3 8192 2.000000000 2
928 200 3 8192 2.000000000 2
928 216 3 8192 2.000000000 2
928 220 3 8192 2.000000000 2
928 316 3 8192 2.000000000 2
928 328 3 8192 2.000000000 2
928 332 3 8192 2.000000000 2
928 344 3 8192 2.000000000 2
928 348 3 8192 2.000000000 2
928 356 3 8192 2.000000000 2
928 400 3 8192 2.000000000 2
928 412 3 8192 2.000000000 2
928 424 3 8192 2.000000000 2
928 440 3 8192 2.000000000 2
928 460 3 8192 2.000000000 2
928 468 3 8192 2.000000000 2
928 496 3 8192 2.000000000 2
928 500 3 8192 2.000000000 2
928 512 3 8192 2.000000000 2
928 532 3 8192 2.000000000 2
928 556 3 8192 2.000000000 2
928 560 3 8192 2.000000000 2
928 568 3 8192 2.000000000 2
928 572 3 8192 2.000000000 2
928 588 3 8192 2.000000000 2
928 608 3 8192 2.000000000 2
928 620 3 8192 2.000000000 2
928 680 3 8192 2.000000000 2
928 700 3 8192 2.000000000 2
928 740 3 8192 2.000000000 2
928 744 3 8192 2.000000000 2
928 784 3 8192 2.000000000 2
928 860 3 8192 2.000000000 2
928 884 3 8192 2.000000000 2
928 900 3 8192 2.000000000 2
928 904 3 8192 2.000000000 2
928 940 3 8192 2.000000000 2
928 960 3 8192 2.000000000 2
928 968 3 8192 2.000000000 2
928 976 3 8192 2.000000000 2
928 980 3 8192 2.000000000 2
928 1012 3 8192 2.000000000 2
928 1016 3 8192 2.000000000 2
928 1028 3 8192 2.000000000 2
928 1040 3 8192 2.000000000 2
928 1080 3 8192 2.000000000 2
928 1092 3 8192 2.000000000 2
928 1128 3 8192 2.000000000 2
928 1156 3 8192 2.000000000 2
928 1224 3 8192 2.000000000 2
928 1244 3 8192 2.000000000 2
928 1252 3 8192 2.000000000 2
932 16 3 8192 2.000000000 2
932 20 3 8192 2.000000000 2
932 32 3 8192 2.000000000 2
932 68 3 8192 2.000000000 2
932 92 3 8192 2.000000000 2
932 108 3 8192 2.000000000 2
932 116 3 8192 2.000000000 2
932 124 3 8192 2.000000000 2
932 132 3 8192 2.000000000 2
932 140 3 8192 2.000000000 2
932 192 3 8192 2.000000000 2
932 200 3 8192 2.000000000 2
932 216 3 8192 2.000000000 2
932 232 3 8192 2.000000000 2
932 244 3 8192 2.000000000 2
932 248 3 8192 2.000000000 2
932 276 3 8192 2.000000000 2
932 280 3 8192 2.000000000 2
932 296 3 8192 2.000000000 2
932 312 3 8192 2.000000000 2
932 344 3 8192 2.000000000 2
932 348 3 8192 2.000000000 2
932 360 3 8192 2.000000000 2
932 424 3 8192 2.000000000 2
932 460 3 8192 2.000000000 2
932 468 3 8192 2.000000000 2
932 472 3 8192 2.000000000 2
932 480 3 8192 2.000000000 2
932 492 3 8192 2.000000000 2
932 500 3 8192 2.000000000 2
932 516 3 8192 2.000000000 2
932 536 3 8192 2.000000000 2
932 548 3 8192 2.000000000 2
932 564 3 8192 2.000000000 2
932 672 3 8192 2.000000000 2
932 704 3 8192 2.000000000 2
932 760 3 8192 2.000000000 2
932 776 3 8192 2.000000000 2
932 784 3 8192 2.000000000 2
932 808 3 8192 2.000000000 2
932 812 3 8192 2.000000000 2
932 832 3 8192 2.000000000 2
932 836 3 8192 2.000000000 2
932 848 3 8192 2.000000000 2
932 860 3 8192 2.000000000 2
932 864 3 8192 2.000000000 2
932 876 3 8192 2.000000000 2
932 888 3 8192 2.000000000 2
932 928 3 8192 2.000000000 2
932 940 3 8192 2.000000000 2
932 956 3 8192 2.000000000 2
932 976 3 8192 2.000000000 2
932 980 3 8192 2.000000000 2
932 1040 3 8192 2.000000000 2
932 1048 3 8192 2.000000000 2
932 1084 3 8192 2.000000000 2
932 1108 3 8192 2.000000000 2
932 1112 3 8192 2.000000000 2
932 1116 3 8192 2.000000000 2
932 1128 3 8192 2.000000000 2
932 1168 3 8192 2.000000000 2
932 1224 3 8192 2.000000000 2
932 1232 3 8192 2.000000000 2
932 1256 3 8192 2.000000000 2
936 4 3 8192 2.000000000 2
936 20 3 8192 2.000000000 2
936 40 3 8192 2.000000000 2
936 48 3 8192 2.000000000 2
936 68 3 8192 2.000000000 2
936 84 3 8192 2.000000000 2
936 88 3 8192 2.000000000 2
936 92 3 8192 2.000000000 2
936 96 3 8192 2.000000000 2
936 108 3 8192 2.000000000 2
936 128 3 8192 2.000000000 2
936 140 3 8192 2.000000000 2
936 152 3 8192 2.000000000 2
936 156 3 8192 2.000000000 2
936 208 3 8192 2.000000000 2
936 220 3 8192 2.000000000 2
936 232 3 8192 2.000000000 2
936 236 3 8192 2.000000000 2
936 244 3 8192 2.000000000 2
936 252 3 8192 2.000000000 2
936 296 3 8192 2.000000000 2
936 332 3 8192 2.000000000 2
936 364 3 8192 2.000000000 2
936 428 3 8192 2.000000000 2
936 432 3 8192 2.000000000 2
936 452 3 8192 2.000000000 2
936 484 3 8192 2.000000000 2
936 488 3 8192 2.000000000 2
936 512 3 8192 2.000000000 2
936 536 3 8192 2.000000000 2
936 580 3 8192 2.000000000 2
936 600 3 8192 2.000000000 2
936 624 3 8192 2.000000000 2
936 636 3 8192 2.000000000 2
936 664 3 8192 2.000000000 2
936 672 3 8192 2.000000000 2
936 684 3 8192 2.000000000 2
936 700 3 8192 2.000000000 2
936 704 3 8192 2.000000000 2
936 716 3 8192 2.000000000 2
936 720 3 8192 2.000000000 2
936 740 3 8192 2.000000000 2
936 748 3 8192 2.000000000 2
936 752 3 8192 2.000000000 2
936 792 3 8192 2.000000000 2
936 812 3 8192 2.000000000 2
936 872 3 8192 2.000000000 2
936 904 3 8192 2.000000000 2
936 924 3 8192 2.000000000 2
936 928 3 8192 2.000000000 2
936 940 3 8192 2.000000000 2
936 1048 3 8192 2.000000000 2
936 1052 3 8192 2.000000000 2
936 1068 3 8192 2.000000000 2
936 1088 3 8192 2.000000000 2
936 1104 3 8192 2.000000000 2
936 1112 3 8192 2.000000000 2
936 1120 3 8192 2.000000000 2
936 1148 3 8192 2.000000000 2
936 1156 3 8192 2.000000000 2
936 1164 3 8192 2.000000000 2
936 1168 3 8192 2.000000000 2
936 1180 3 8192 2.000000000 2
936 1224 3 8192 2.000000000 2
940 12 3 8192 2.000000000 2
940 20 3 8192 2.000000000 2
940 48 3 8192 2.000000000 2
940 68 3 8192 2.000000000 2
940 80 3 8192 2.000000000 2
940 96 3 8192 2.000000000 2
940 100 3 8192 2.000000000 2
940 120 3 8192 2.000000000 2
940 128 3 8192 2.000000000 2
940 148 3 8192 2.000000000 2
940 152 3 8192 2.000000000 2
940 168 3 8192 2.000000000 2
940 232 3 8192 2.000000000 2
940 236 3 8192 2.000000000 2
940 240 3 8192 2.000000000 2
940 280 3 8192 2.000000000 2
940 304 3 8192 2.000000000 2
940 308 3 8192 2.000000000 2
940 312 3 8192 2.000000000 2
940 316 3 8192 2.000000000 2
940 324 3 8192 2.000000000 2
940 328 3 8192 2.000000000 2
940 364 3 8192 2.000000000 2
940 408 3 8192 2.000000000 2
940 432 3 8192 2.000000000 2
940 476 3 8192 2.000000000 2
940 480 3 8192 2.000000000 2
940 488 3 8192 2.000000000 2
940 492 3 8192 2.000000000 2
940 504 3 8192 2.000000000 2
940 520 3 8192 2.000000000 2
940 528 3 8192 2.000000000 2
940 532 3 8192 2.000000000 2
940 564 3 8192 2.000000000 2
940 580 3 8192 2.000000000 2
940 588 3 8192 2.000000000 2
940 640 3 8192 2.000000000 2
940 648 3 8192 2.000000000 2
940 720 3 8192 2.000000000 2
940 736 3 8192 2.000000000 2
940 740 3 8192 2.000000000 2
940 752 3 8192 2.000000000 2
940 760 3 8192 2.000000000 2
940 800 3 8192 2.000000000 2
940 808 3 8192 2.000000000 2
940 812 3 8192 2.000000000 2
940 828 3 8192 2.000000000 2
940 848 3 8192 2.000000000 2
940 900 3 8192 2.000000000 2
940 924 3 8192 2.000000000 2
940 932 3 8192 2.000000000 2
940 1008 3 8192 2.000000000 2
940 1012 3 8192 2.000000000 2
940 1028 3 8192 2.000000000 2
940 1040 3 8192 2.000000000 2
940 1048 3 8192 2.000000000 2
940 1068 3 8192 2.000000000 2
940 1084 3 8192 2.000000000 2
940 1088 3 8192 2.000000000 2
940 1092 3 8192 2.000000000 2
940 1116 3 8192 2.000000000 2
940 1156 3 8192 2.000000000 2
940 1164 3 8192 2.000000000 2
940 1224 3 8192 2.000000000 2
944 16 3 8192 2.000000000 2
944 44 3 8192 2.000000000 2
944 56 3 8192 2.000000000 2
944 60 3 8192 2.000000000 2
944 64 3 8192 2.000000000 2
944 72 3 8192 2.000000000 2
944 100 3 8192 2.000000000 2
944 160 3 8192 2.000000000 2
944 172 3 8192 2.000000000 2
944 180 3 8192 2.000000000 2
944 232 3 8192 2.000000000 2
944 244 3 8192 2.000000000 2
944 284 3 8192 2.000000000 2
944 312 3 8192 2.000000000 2
944 320 3 8192 2.000000000 2
944 324 3 8192 2.000000000 2
944 328 3 8192 2.000000000 2
944 332 3 8192 2.000000000 2
944 348 3 8192 2.000000000 2
944 352 3 8192 2.000000000 2
944 404 3 8192 2.000000000 2
944 412 3 8192 2.000000000 2
944 420 3 8192 2.000000000 2
944 444 3 8192 2.000000000 2
944 452 3 8192 2.000000000 2
944 540 3 8192 2.000000000 2
944 556 3 8192 2.000000000 2
944 564 3 8192 2.000000000 2
944 568 3 8192 2.000000000 2
944 572 3 8192 2.000000000 2
944 600 3 8192 2.000000000 2
944 608 3 8192 2.000000000 2
944 612 3 8192 2.000000000 2
944 620 3 8192 2.000000000 2
944 632 3 8192 2.000000000 2
944 648 3 8192 2.000000000 2
944 660 3 8192 2.000000000 2
944 668 3 8192 2.000000000 2
944 696 3 8192 2.000000000 2
944 724 3 8192 2.000000000 2
944 736 3 8192 2.000000000 2
944 740 3 8192 2.000000000 2
944 748 3 8192 2.000000000 2
944 800 3 8192 2.000000000 2
944 828 3 8192 2.000000000 2
944 848 3 8192 2.000000000 2
944 860 3 8192 2.000000000 2
944 904 3 8192 2.000000000 2
944 908 3 8192 2.000000000 2
944 928 3 8192 2.000000000 2
944 1004 3 8192 2.000000000 2
944 1016 3 8192 2.000000000 2
944 1048 3 8192 2.000000000 2
944 1052 3 8192 2.000000000 2
944 1080 3 8192 2.000000000 2
944 1100 3 8192 2.000000000 2
944 1164 3 8192 2.000000000 2
944 1168 3 8192 2.000000000 2
944 1172 3 8192 2.000000000 2
944 1184 3 8192 2.000000000 2
944 1204 3 8192 2.000000000 2
944 1224 3 8192 2.000000000 2
944 1236 3 8192 2.000000000 2
944 1248 3 8192 2.000000000 2
948 16 3 8192 2.000000000 2
948 20 3 8192 2.000000000 2
948 32 3 8192 2.000000000 2
948 40 3 8192 2.000000000 2
948 48 3 8192 2.000000000 2
948 56 3 8192 2.000000000 2
948 68 3 8192 2.000000000 2
948 72 3 8192 2.000000000 2
948 88 3 8192 2.000000000 2
948 100 3 8192 2.000000000 2
948 112 3 8192 2.000000000 2
948 120 3 8192 2.000000000 2
948 128 3 8192 2.000000000 2
948 144 3 8192 2.000000000 2
948 148 3 8192 2.000000000 2
948 152 3 8192 2.000000000 2
948 164 3 8192 2.000000000 2
948 180 3 8192 2.000000000 2
948 196 3 8192 2.000000000 2
948 208 3 8192 2.000000000 2
948 216 3 8192 2.000000000 2
948 240 3 8192 2.000000000 2
948 248 3 8192 2.000000000 2
948 296 3 8192 2.000000000 2
948 344 3 8192 2.000000000 2
948 348 3 8192 2.000000000 2
948 356 3 8192 2.000000000 2
948 460 3 8192 2.000000000 2
948 476 3 8192 2.000000000 2
948 504 3 8192 2.000000000 2
948 572 3 8192 2.000000000 2
948 596 3 8192 2.000000000 2
948 608 3 8192 2.000000000 2
948 624 3 8192 2.000000000 2
948 644 3 8192 2.000000000 2
948 648 3 8192 2.000000000 2
948 656 3 8192 2.000000000 2
948 660 3 8192 2.000000000 2
948 684 3 8192 2.000000000 2
948 708 3 8192 2.000000000 2
948 716 3 8192 2.000000000 2
948 736 3 8192 2.000000000 2
948 740 3 8192 2.000000000 2
948 744 3 8192 2.000000000 2
948 760 3 8192 2.000000000 2
948 764 3 8192 2.000000000 2
948 812 3 8192 2.000000000 2
948 836 3 8192 2.000000000 2
948 872 3 8192 2.000000000 2
948 928 3 8192 2.000000000 2
948 932 3 8192 2.000000000 2
948 944 3 8192 2.000000000 2
948 964 3 8192 2.000000000 2
948 968 3 8192 2.000000000 2
948 996 3 8192 2.000000000 2
948 1000 3 8192 2.000000000 2
948 1012 3 8192 2.000000000 2
948 1052 3 8192 2.000000000 2
948 1120 3 8192 2.000000000 2
948 1128 3 8192 2.000000000 2
948 1144 3 8192 2.000000000 2
948 1148 3 8192 2.000000000 2
948 1236 3 8192 2.000000000 2
948 1248 3 8192 2.000000000 2
956 16 3 8192 2.000000000 2
956 60 3 8192 2.000000000 2
956 68 3 8192 2.000000000 2
956 108 3 8192 2.000000000 2
956 124 3 8192 2.000000000 2
956 148 3 8192 2.000000000 2
956 180 3 8192 2.000000000 2
956 216 3 8192 2.000000000 2
956 240 3 8192 2.000000000 2
956 248 3 8192 2.000000000 2
956 252 3 8192 2.000000000 2
956 264 3 8192 2.000000000 2
956 272 3 8192 2.000000000 2
956 304 3 8192 2.000000000 2
956 320 3 8192 2.000000000 2
956 324 3 8192 2.000000000 2
956 388 3 8192 2.000000000 2
956 424 3 8192 2.000000000 2
956 432 3 8192 2.000000000 2
956 460 3 8192 2.000000000 2
956 500 3 8192 2.000000000 2
956 512 3 8192 2.000000000 2
956 516 3 8192 2.000000000 2
956 556 3 8192 2.000000000 2
956 560 3 8192 2.000000000 2
956 568 3 8192 2.000000000 2
956 572 3 8192 2.000000000 2
956 588 3 8192 2.000000000 2
956 596 3 8192 2.000000000 2
956 600 3 8192 2.000000000 2
956 608 3 8192 2.000000000 2
956 632 3 8192 2.000000000 2
956 644 3 8192 2.000000000 2
956 664 3 8192 2.000000000 2
956 672 3 8192 2.000000000 2
956 684 3 8192 2.000000000 2
956 720 3 8192 2.000000000 2
956 724 3 8192 2.000000000 2
956 732 3 8192 2.000000000 2
956 772 3 8192 2.000000000 2
956 784 3 8192 2.000000000 2
956 816 3 8192 2.000000000 2
956 828 3 8192 2.000000000 2
956 832 3 8192 2.000000000 2
956 872 3 8192 2.000000000 2
956 884 3 8192 2.000000000 2
956 892 3 8192 2.000000000 2
956 932 3 8192 2.000000000 2
956 936 3 8192 2.000000000 2
956 1008 3 8192 2.000000000 2
956 1012 3 8192 2.000000000 2
956 1028 3 8192 2.000000000 2
956 1080 3 8192 2.000000000 2
956 1084 3 8192 2.000000000 2
956 1088 3 8192 2.000000000 2
956 1092 3 8192 2.000000000 2
956 1100 3 8192 2.000000000 2
956 1116 3 8192 2.000000000 2
956 1156 3 8192 2.000000000 2
956 1196 3 8192 2.000000000 2
956 1232 3 8192 2.000000000 2
956 1236 3 8192 2.000000000 2
956 1252 3 8192 2.000000000 2
956 1276 3 8192 2.000000000 2
960 0 3 8192 2.000000000 2
960 8 3 8192 2.000000000 2
960 24 3 8192 2.000000000 2
960 44 3 8192 2.000000000 2
960 52 3 8192 2.000000000 2
960 68 3 8192 2.000000000 2
960 80 3 8192 2.000000000 2
960 88 3 8192 2.000000000 2
960 96 3 8192 2.000000000 2
960 116 3 8192 2.000000000 2
960 124 3 8192 2.000000000 2
960 156 3 8192 2.000000000 2
960 160 3 8192 2.000000000 2
960 184 3 8192 2.000000000 2
960 192 3 8192 2.000000000 2
960 196 3 8192 2.000000000 2
960 212 3 8192 2.000000000 2
960 220 3 8192 2.000000000 2
960 224 3 8192 2.000000000 2
960 276 3 8192 2.000000000 2
960 312 3 8192 2.000000000 2
960 348 3 8192 2.000000000 2
960 356 3 8192 2.000000000 2
960 400 3 8192 2.000000000 2
960 408 3 8192 2.000000000 2
960 432 3 8192 2.000000000 2
960 440 3 8192 2.000000000 2
960 448 3 8192 2.000000000 2
960 464 3 8192 2.000000000 2
960 472 3 8192 2.000000000 2
960 480 3 8192 2.000000000 2
960 484 3 8192 2.000000000 2
960 516 3 8192 2.000000000 2
960 556 3 8192 2.000000000 2
960 632 3 8192 2.000000000 2
960 656 3 8192 2.000000000 2
960 668 3 8192 2.000000000 2
960 716 3 8192 2.000000000 2
960 732 3 8192 2.000000000 2
960 752 3 8192 2.000000000 2
960 768 3 8192 2.000000000 2
960 776 3 8192 2.000000000 2
960 800 3 8192 2.000000000 2
960 804 3 8192 2.000000000 2
960 808 3 8192 2.000000000 2
960 812 3 8192 2.000000000 2
960 876 3 8192 2.000000000 2
960 888 3 8192 2.000000000 2
960 912 3 8192 2.000000000 2
960 924 3 8192 2.000000000 2
960 988 3 8192 2.000000000 2
960 1004 3 8192 2.000000000 2
960 1012 3 8192 2.000000000 2
960 1032 3 8192 2.000000000 2
960 1048 3 8192 2.000000000 2
960 1052 3 8192 2.000000000 2
960 1068 3 8192 2.000000000 2
960 1080 3 8192 2.000000000 2
960 1100 3 8192 2.000000000 2
960 1116 3 8192 2.000000000 2
960 1120 3 8192 2.000000000 2
960 1172 3 8192 2.000000000 2
960 1180 3 8192 2.000000000 2
960 1264 3 8192 2.000000000 2
964 8 3 8192 2.000000000 2
964 16 3 8192 2.000000000 2
964 28 3 8192 2.000000000 2
964 32 3 8192 2.000000000 2
964 40 3 8192 2.000000000 2
964 92 3 8192 2.000000000 2
964 112 3 8192 2.000000000 2
964 116 3 8192 2.000000000 2
964 160 3 8192 2.000000000 2
964 180 3 8192 2.000000000 2
964 196 3 8192 2.000000000 2
964 240 3 8192 2.000000000 2
964 244 3 8192 2.000000000 2
964 300 3 8192 2.000000000 2
964 308 3 8192 2.000000000 2
964 316 3 8192 2.000000000 2
964 328 3 8192 2.000000000 2
964 364 3 8192 2.000000000 2
964 368 3 8192 2.000000000 2
964 380 3 8192 2.000000000 2
964 388 3 8192 2.000000000 2
964 400 3 8192 2.000000000 2
964 412 3 8192 2.000000000 2
964 460 3 8192 2.000000000 2
964 496 3 8192 2.000000000 2
964 512 3 8192 2.000000000 2
964 524 3 8192 2.000000000 2
964 532 3 8192 2.000000000 2
964 548 3 8192 2.000000000 2
964 556 3 8192 2.000000000 2
964 560 3 8192 2.000000000 2
964 568 3 8192 2.000000000 2
964 584 3 8192 2.000000000 2
964 600 3 8192 2.000000000 2
964 608 3 8192 2.000000000 2
964 620 3 8192 2.000000000 2
964 624 3 8192 2.000000000 2
964 640 3 8192 2.000000000 2
964 648 3 8192 2.000000000 2
964 656 3 8192 2.000000000 2
964 668 3 8192 2.000000000 2
964 696 3 8192 2.000000000 2
964 736 3 8192 2.000000000 2
964 780 3 8192 2.000000000 2
964 872 3 8192 2.000000000 2
964 884 3 8192 2.000000000 2
964 900 3 8192 2.000000000 2
964 912 3 8192 2.000000000 2
964 924 3 8192 2.000000000 2
964 936 3 8192 2.000000000 2
964 940 3 8192 2.000000000 2
964 948 3 8192 2.000000000 2
964 980 3 8192 2.000000000 2
964 1032 3 8192 2.000000000 2
964 1040 3 8192 2.000000000 2
964 1092 3 8192 2.000000000 2
964 1100 3 8192 2.000000000 2
964 1112 3 8192 2.000000000 2
964 1144 3 8192 2.000000000 2
964 1148 3 8192 2.000000000 2
964 1196 3 8192 2.000000000 2
964 1256 3 8192 2.000000000 2
964 1260 3 8192 2.000000000 2
964 1272 3 8192 2.000000000 2
968 4 3 8192 2.000000000 2
968 8 3 8192 2.000000000 2
968 24 3 8192 2.000000000 2
968 44 3 8192 2.000000000 2
968 48 3 8192 2.000000000 2
968 52 3 8192 2.000000000 2
968 56 3 8192 2.000000000 2
968 64 3 8192 2.000000000 2
968 80 3 8192 2.000000000 2
968 84 3 8192 2.000000000 2
968 108 3 8192 2.000000000 2
968 124 3 8192 2.000000000 2
968 132 3 8192 2.000000000 2
968 180 3 8192 2.000000000 2
968 248 3 8192 2.000000000 2
968 264 3 8192 2.000000000 2
968 304 3 8192 2.000000000 2
968 308 3 8192 2.000000000 2
968 320 3 8192 2.000000000 2
968 360 3 8192 2.000000000 2
968 380 3 8192 2.000000000 2
968 400 3 8192 2.000000000 2
968 428 3 8192 2.000000000 2
968 456 3 8192 2.000000000 2
968 468 3 8192 2.000000000 2
968 476 3 8192 2.000000000 2
968 488 3 8192 2.000000000 2
968 492 3 8192 2.000000000 2
968 496 3 8192 2.000000000 2
968 520 3 8192 2.000000000 2
968 536 3 8192 2.000000000 2
968 560 3 8192 2.000000000 2
968 636 3 8192 2.000000000 2
968 668 3 8192 2.000000000 2
968 672 3 8192 2.000000000 2
968 736 3 8192 2.000000000 2
968 744 3 8192 2.000000000 2
968 756 3 8192 2.000000000 2
968 804 3 8192 2.000000000 2
968 808 3 8192 2.000000000 2
968 812 3 8192 2.000000000 2
968 832 3 8192 2.000000000 2
968 848 3 8192 2.000000000 2
968 864 3 8192 2.000000000 2
968 908 3 8192 2.000000000 2
968 912 3 8192 2.000000000 2
968 924 3 8192 2.000000000 2
968 936 3 8192 2.000000000 2
968 960 3 8192 2.000000000 2
968 996 3 8192 2.000000000 2
968 1008 3 8192 2.000000000 2
968 1020 3 8192 2.000000000 2
968 1040 3 8192 2.000000000 2
968 1056 3 8192 2.000000000 2
968 1088 3 8192 2.000000000 2
968 1116 3 8192 2.000000000 2
968 1128 3 8192 2.000000000 2
968 1156 3 8192 2.000000000 2
968 1168 3 8192 2.000000000 2
968 1196 3 8192 2.000000000 2
968 1224 3 8192 2.000000000 2
968 1236 3 8192 2.000000000 2
968 1260 3 8192 2.000000000 2
968 1264 3 8192 2.000000000 2
976 20 3 8192 2.000000000 2
976 36 3 8192 2.000000000 2
976 52 3 8192 2.000000000 2
976 72 3 8192 2.000000000 2
976 80 3 8192 2.000000000 2
976 84 3 8192 2.000000000 2
976 92 3 8192 2.000000000 2
976 96 3 8192 2.000000000 2
976 108 3 8192 2.000000000 2
976 152 3 8192 2.000000000 2
976 160 3 8192 2.000000000 2
976 184 3 8192 2.000000000 2
976 196 3 8192 2.000000000 2
976 220 3 8192 2.000000000 2
976 240 3 8192 2.000000000 2
976 292 3 8192 2.000000000 2
976 296 3 8192 2.000000000 2
976 300 3 8192 2.000000000 2
976 308 3 8192 2.000000000 2
976 312 3 8192 2.000000000 2
976 316 3 8192 2.000000000 2
976 324 3 8192 2.000000000 2
976 328 3 8192 2.000000000 2
976 332 3 8192 2.000000000 2
976 352 3 8192 2.000000000 2
976 360 3 8192 2.000000000 2
976 364 3 8192 2.000000000 2
976 380 3 8192 2.000000000 2
976 404 3 8192 2.000000000 2
976 440 3 8192 2.000000000 2
976 472 3 8192 2.000000000 2
976 480 3 8192 2.000000000 2
976 484 3 8192 2.000000000 2
976 496 3 8192 2.000000000 2
976 536 3 8192 2.000000000 2
976 584 3 8192 2.000000000 2
976 596 3 8192 2.000000000 2
976 656 3 8192 2.000000000 2
976 708 3 8192 2.000000000 2
976 736 3 8192 2.000000000 2
976 768 3 8192 2.000000000 2
976 796 3 8192 2.000000000 2
976 808 3 8192 2.000000000 2
976 816 3 8192 2.000000000 2
976 836 3 8192 2.000000000 2
976 848 3 8192 2.000000000 2
976 924 3 8192 2.000000000 2
976 928 3 8192 2.000000000 2
976 940 3 8192 2.000000000 2
976 944 3 8192 2.000000000 2
976 964 3 8192 2.000000000 2
976 988 3 8192 2.000000000 2
976 1000 3 8192 2.000000000 2
976 1004 3 8192 2.000000000 2
976 1012 3 8192 2.000000000 2
976 1036 3 8192 2.000000000 2
976 1040 3 8192 2.000000000 2
976 1092 3 8192 2.000000000 2
976 1112 3 8192 2.000000000 2
976 1156 3 8192 2.000000000 2
976 1232 3 8192 2.000000000 2
976 1244 3 8192 2.000000000 2
976 1260 3 8192 2.000000000 2
976 1264 3 8192 2.000000000 2
980 8 3 8192 2.000000000 2
980 12 3 8192 2.000000000 2
980 24 3 8192 2.000000000 2
980 32 3 8192 2.000000000 2
980 36 3 8192 2.000000000 2
980 40 3 8192 2.000000000 2
980 44 3 8192 2.000000000 2
980 52 3 8192 2.000000000 2
980 80 3 8192 2.000000000 2
980 92 3 8192 2.000000000 2
980 96 3 8192 2.000000000 2
980 100 3 8192 2.000000000 2
980 108 3 8192 2.000000000 2
980 120 3 8192 2.000000000 2
980 140 3 8192 2.000000000 2
980 160 3 8192 2.000000000 2
980 164 3 8192 2.000000000 2
980 168 3 8192 2.000000000 2
980 176 3 8192 2.000000000 2
980 200 3 8192 2.000000000 2
980 212 3 8192 2.000000000 2
980 224 3 8192 2.000000000 2
980 232 3 8192 2.000000000 2
980 296 3 8192 2.000000000 2
980 300 3 8192 2.000000000 2
980 308 3 8192 2.000000000 2
980 312 3 8192 2.000000000 2
980 324 3 8192 2.000000000 2
980 352 3 8192 2.000000000 2
980 360 3 8192 2.000000000 2
980 408 3 8192 2.000000000 2
980 424 3 8192 2.000000000 2
980 460 3 8192 2.000000000 2
980 464 3 8192 2.000000000 2
980 512 3 8192 2.000000000 2
980 528 3 8192 2.000000000 2
980 556 3 8192 2.000000000 2
980 608 3 8192 2.000000000 2
980 636 3 8192 2.000000000 2
980 708 3 8192 2.000000000 2
980 720 3 8192 2.000000000 2
980 736 3 8192 2.000000000 2
980 768 3 8192 2.000000000 2
980 784 3 8192 2.000000000 2
980 792 3 8192 2.000000000 2
980 800 3 8192 2.000000000 2
980 808 3 8192 2.000000000 2
980 812 3 8192 2.000000000 2
980 892 3 8192 2.000000000 2
980 912 3 8192 2.000000000 2
980 944 3 8192 2.000000000 2
980 948 3 8192 2.000000000 2
980 960 3 8192 2.000000000 2
980 996 3 8192 2.000000000 2
980 1008 3 8192 2.000000000 2
980 1048 3 8192 2.000000000 2
980 1084 3 8192 2.000000000 2
980 1100 3 8192 2.000000000 2
980 1104 3 8192 2.000000000 2
980 1128 3 8192 2.000000000 2
980 1156 3 8192 2.000000000 2
980 1172 3 8192 2.000000000 2
980 1248 3 8192 2.000000000 2
980 1252 3 8192 2.000000000 2
984 0 3 8192 2.000000000 2
984 4 3 8192 2.000000000 2
984 20 3 8192 2.000000000 2
984 28 3 8192 2.000000000 2
984 48 3 8192 2.000000000 2
984 56 3 8192 2.000000000 2
984 68 3 8192 2.000000000 2
984 84 3 8192 2.000000000 2
984 108 3 8192 2.000000000 2
984 116 3 8192 2.000000000 2
984 124 3 8192 2.000000000 2
984 128 3 8192 2.000000000 2
984 132 3 8192 2.000000000 2
984 140 3 8192 2.000000000 2
984 148 3 8192 2.000000000 2
984 152 3 8192 2.000000000 2
984 172 3 8192 2.000000000 2
984 180 3 8192 2.000000000 2
984 212 3 8192 2.000000000 2
984 224 3 8192 2.000000000 2
984 236 3 8192 2.000000000 2
984 244 3 8192 2.000000000 2
984 276 3 8192 2.000000000 2
984 280 3 8192 2.000000000 2
984 292 3 8192 2.000000000 2
984 352 3 8192 2.000000000 2
984 364 3 8192 2.000000000 2
984 400 3 8192 2.000000000 2
984 432 3 8192 2.000000000 2
984 460 3 8192 2.000000000 2
984 476 3 8192 2.000000000 2
984 492 3 8192 2.000000000 2
984 540 3 8192 2.000000000 2
984 588 3 8192 2.000000000 2
984 600 3 8192 2.000000000 2
984 644 3 8192 2.000000000 2
984 720 3 8192 2.000000000 2
984 740 3 8192 2.000000000 2
984 756 3 8192 2.000000000 2
984 764 3 8192 2.000000000 2
984 816 3 8192 2.000000000 2
984 828 3 8192 2.000000000 2
984 836 3 8192 2.000000000 2
984 856 3 8192 2.000000000 2
984 860 3 8192 2.000000000 2
984 884 3 8192 2.000000000 2
984 892 3 8192 2.000000000 2
984 904 3 8192 2.000000000 2
984 924 3 8192 2.000000000 2
984 940 3 8192 2.000000000 2
984 956 3 8192 2.000000000 2
984 964 3 8192 2.000000000 2
984 1004 3 8192 2.000000000 2
984 1012 3 8192 2.000000000 2
984 1020 3 8192 2.000000000 2
984 1048 3 8192 2.000000000 2
984 1084 3 8192 2.000000000 2
984 1104 3 8192 2.000000000 2
984 1108 3 8192 2.000000000 2
984 1184 3 8192 2.000000000 2
984 1196 3 8192 2.000000000 2
984 1248 3 8192 2.000000000 2
984 1256 3 8192 2.000000000 2
984 1264 3 8192 2.000000000 2
988 8 3 8192 2.000000000 2
988 20 3 8192 2.000000000 2
988 56 3 8192 2.000000000 2
988 84 3 8192 2.000000000 2
988 88 3 8192 2.000000000 2
988 96 3 8192 2.000000000 2
988 120 3 8192 2.000000000 2
988 132 3 8192 2.000000000 2
988 180 3 8192 2.000000000 2
988 212 3 8192 2.000000000 2
988 220 3 8192 2.000000000 2
988 240 3 8192 2.000000000 2
988 296 3 8192 2.000000000 2
988 324 3 8192 2.000000000 2
988 332 3 8192 2.000000000 2
988 364 3 8192 2.000000000 2
988 388 3 8192 2.000000000 2
988 428 3 8192 2.000000000 2
988 436 3 8192 2.000000000 2
988 444 3 8192 2.000000000 2
988 452 3 8192 2.000000000 2
988 456 3 8192 2.000000000 2
988 476 3 8192 2.000000000 2
988 488 3 8192 2.000000000 2
988 492 3 8192 2.000000000 2
988 500 3 8192 2.000000000 2
988 504 3 8192 2.000000000 2
988 528 3 8192 2.000000000 2
988 556 3 8192 2.000000000 2
988 560 3 8192 2.000000000 2
988 600 3 8192 2.000000000 2
988 612 3 8192 2.000000000 2
988 620 3 8192 2.000000000 2
988 624 3 8192 2.000000000 2
988 632 3 8192 2.000000000 2
988 668 3 8192 2.000000000 2
988 708 3 8192 2.000000000 2
988 720 3 8192 2.000000000 2
988 768 3 8192 2.000000000 2
988 780 3 8192 2.000000000 2
988 796 3 8192 2.000000000 2
988 824 3 8192 2.000000000 2
988 828 3 8192 2.000000000 2
988 832 3 8192 2.000000000 2
988 884 3 8192 2.000000000 2
988 888 3 8192 2.000000000 2
988 912 3 8192 2.000000000 2
988 936 3 8192 2.000000000 2
988 940 3 8192 2.000000000 2
988 948 3 8192 2.000000000 2
988 968 3 8192 2.000000000 2
988 1020 3 8192 2.000000000 2
988 1028 3 8192 2.000000000 2
988 1080 3 8192 2.000000000 2
988 1084 3 8192 2.000000000 2
988 1116 3 8192 2.000000000 2
988 1120 3 8192 2.000000000 2
988 1156 3 8192 2.000000000 2
988 1172 3 8192 2.000000000 2
988 1180 3 8192 2.000000000 2
988 1200 3 8192 2.000000000 2
988 1232 3 8192 2.000000000 2
988 1260 3 8192 2.000000000 2
988 1264 3 8192 2.000000000 2
996 0 3 8192 2.000000000 2
996 4 3 8192 2.000000000 2
996 8 3 8192 2.000000000 2
996 12 3 8192 2.000000000 2
996 20 3 8192 2.000000000 2
996 24 3 8192 2.000000000 2
996 32 3 8192 2.000000000 2
996 40 3 8192 2.000000000 2
996 48 3 8192 2.000000000 2
996 60 3 8192 2.000000000 2
996 124 3 8192 2.000000000 2
996 132 3 8192 2.000000000 2
996 164 3 8192 2.000000000 2
996 168 3 8192 2.000000000 2
996 180 3 8192 2.000000000 2
996 184 3 8192 2.000000000 2
996 344 3 8192 2.000000000 2
996 408 3 8192 2.000000000 2
996 452 3 8192 2.000000000 2
996 464 3 8192 2.000000000 2
996 468 3 8192 2.000000000 2
996 480 3 8192 2.000000000 2
996 488 3 8192 2.000000000 2
996 492 3 8192 2.000000000 2
996 496 3 8192 2.000000000 2
996 500 3 8192 2.000000000 2
996 540 3 8192 2.000000000 2
996 556 3 8192 2.000000000 2
996 584 3 8192 2.000000000 2
996 588 3 8192 2.000000000 2
996 600 3 8192 2.000000000 2
996 640 3 8192 2.000000000 2
996 664 3 8192 2.000000000 2
996 684 3 8192 2.000000000 2
996 696 3 8192 2.000000000 2
996 720 3 8192 2.000000000 2
996 724 3 8192 2.000000000 2
996 732 3 8192 2.000000000 2
996 740 3 8192 2.000000000 2
996 760 3 8192 2.000000000 2
996 784 3 8192 2.000000000 2
996 792 3 8192 2.000000000 2
996 804 3 8192 2.000000000 2
996 824 3 8192 2.000000000 2
996 828 3 8192 2.000000000 2
996 856 3 8192 2.000000000 2
996 864 3 8192 2.000000000 2
996 884 3 8192 2.000000000 2
996 908 3 8192 2.000000000 2
996 936 3 8192 2.000000000 2
996 980 3 8192 2.000000000 2
996 1000 3 8192 2.000000000 2
996 1068 3 8192 2.000000000 2
996 1084 3 8192 2.000000000 2
996 1088 3 8192 2.000000000 2
996 1100 3 8192 2.000000000 2
996 1144 3 8192 2.000000000 2
996 1172 3 8192 2.000000000 2
996 1196 3 8192 2.000000000 2
996 1200 3 8192 2.000000000 2
996 1220 3 8192 2.000000000 2
996 1244 3 8192 2.000000000 2
996 1260 3 8192 2.000000000 2
996 1264 3 8192 2.000000000 2
1000 8 3 8192 2.000000000 2
1000 20 3 8192 2.000000000 2
1000 28 3 8192 2.000000000 2
1000 36 3 8192 2.000000000 2
1000 44 3 8192 2.000000000 2
1000 52 3 8192 2.000000000 2
1000 64 3 8192 2.000000000 2
1000 68 3 8192 2.000000000 2
1000 72 3 8192 2.000000000 2
1000 88 3 8192 2.000000000 2
1000 92 3 8192 2.000000000 2
1000 120 3 8192 2.000000000 2
1000 128 3 8192 2.000000000 2
1000 132 3 8192 2.000000000 2
1000 152 3 8192 2.000000000 2
1000 160 3 8192 2.000000000 2
1000 164 3 8192 2.000000000 2
1000 192 3 8192 2.000000000 2
1000 212 3 8192 2.000000000 2
1000 232 3 8192 2.000000000 2
1000 244 3 8192 2.000000000 2
1000 324 3 8192 2.000000000 2
1000 328 3 8192 2.000000000 2
1000 348 3 8192 2.000000000 2
1000 392 3 8192 2.000000000 2
1000 420 3 8192 2.000000000 2
1000 432 3 8192 2.000000000 2
1000 452 3 8192 2.000000000 2
1000 496 3 8192 2.000000000 2
1000 500 3 8192 2.000000000 2
1000 536 3 8192 2.000000000 2
1000 548 3 8192 2.000000000 2
1000 556 3 8192 2.000000000 2
1000 560 3 8192 2.000000000 2
1000 564 3 8192 2.000000000 2
1000 588 3 8192 2.000000000 2
1000 600 3 8192 2.000000000 2
1000 620 3 8192 2.000000000 2
1000 624 3 8192 2.000000000 2
1000 716 3 8192 2.000000000 2
1000 764 3 8192 2.000000000 2
1000 772 3 8192 2.000000000 2
1000 776 3 8192 2.000000000 2
1000 816 3 8192 2.000000000 2
1000 832 3 8192 2.000000000 2
1000 836 3 8192 2.000000000 2
1000 848 3 8192 2.000000000 2
1000 856 3 8192 2.000000000 2
1000 928 3 8192 2.000000000 2
1000 960 3 8192 2.000000000 2
1000 980 3 8192 2.000000000 2
1000 988 3 8192 2.000000000 2
1000 996 3 8192 2.000000000 2
1000 1008 3 8192 2.000000000 2
1000 1012 3 8192 2.000000000 2
1000 1056 3 8192 2.000000000 2
1000 1080 3 8192 2.000000000 2
1000 1088 3 8192 2.000000000 2
1000 1168 3 8192 2.000000000 2
1000 1172 3 8192 2.000000000 2
1000 1196 3 8192 2.000000000 2
1000 1232 3 8192 2.000000000 2
1000 1264 3 8192 2.000000000 2
1000 1272 3 8192 2.000000000 2
1004 0 3 8192 2.000000000 2
1004 4 3 8192 2.000000000 2
1004 32 3 8192 2.000000000 2
1004 36 3 8192 2.000000000 2
1004 44 3 8192 2.000000000 2
1004 48 3 8192 2.000000000 2
1004 80 3 8192 2.000000000 2
1004 88 3 8192 2.000000000 2
1004 96 3 8192 2.000000000 2
1004 108 3 8192 2.000000000 2
1004 128 3 8192 2.000000000 2
1004 160 3 8192 2.000000000 2
1004 192 3 8192 2.000000000 2
1004 196 3 8192 2.000000000 2
1004 208 3 8192 2.000000000 2
1004 216 3 8192 2.000000000 2
1004 304 3 8192 2.000000000 2
1004 452 3 8192 2.000000000 2
1004 456 3 8192 2.000000000 2
1004 480 3 8192 2.000000000 2
1004 492 3 8192 2.000000000 2
1004 500 3 8192 2.000000000 2
1004 520 3 8192 2.000000000 2
1004 532 3 8192 2.000000000 2
1004 540 3 8192 2.000000000 2
1004 552 3 8192 2.000000000 2
1004 584 3 8192 2.000000000 2
1004 644 3 8192 2.000000000 2
1004 660 3 8192 2.000000000 2
1004 684 3 8192 2.000000000 2
1004 708 3 8192 2.000000000 2
1004 732 3 8192 2.000000000 2
1004 748 3 8192 2.000000000 2
1004 776 3 8192 2.000000000 2
1004 780 3 8192 2.000000000 2
1004 792 3 8192 2.000000000 2
1004 796 3 8192 2.000000000 2
1004 836 3 8192 2.000000000 2
1004 856 3 8192 2.000000000 2
1004 884 3 8192 2.000000000 2
1004 932 3 8192 2.000000000 2
1004 936 3 8192 2.000000000 2
1004 956 3 8192 2.000000000 2
1004 968 3 8192 2.000000000 2
1004 1000 3 8192 2.000000000 2
1004 1008 3 8192 2.000000000 2
1004 1012 3 8192 2.000000000 2
1004 1032 3 8192 2.000000000 2
1004 1040 3 8192 2.000000000 2
1004 1048 3 8192 2.000000000 2
1004 1052 3 8192 2.000000000 2
1004 1056 3 8192 2.000000000 2
1004 1088 3 8192 2.000000000 2
1004 1092 3 8192 2.000000000 2
1004 1112 3 8192 2.000000000 2
1004 1128 3 8192 2.000000000 2
1004 1164 3 8192 2.000000000 2
1004 1168 3 8192 2.000000000 2
1004 1200 3 8192 2.000000000 2
1004 1220 3 8192 2.000000000 2
1004 1232 3 8192 2.000000000 2
1004 1244 3 8192 2.000000000 2
1004 1260 3 8192 2.000000000 2
1004 1276 3 8192 2.000000000 2
1008 0 3 8192 2.000000000 2
1008 32 3 8192 2.000000000 2
1008 44 3 8192 2.000000000 2
1008 72 3 8192 2.000000000 2
1008 120 3 8192 2.000000000 2
1008 124 3 8192 2.000000000 2
1008 148 3 8192 2.000000000 2
1008 172 3 8192 2.000000000 2
1008 176 3 8192 2.000000000 2
1008 208 3 8192 2.000000000 2
1008 224 3 8192 2.000000000 2
1008 252 3 8192 2.000000000 2
1008 292 3 8192 2.000000000 2
1008 296 3 8192 2.000000000 2
1008 300 3 8192 2.000000000 2
1008 308 3 8192 2.000000000 2
1008 324 3 8192 2.000000000 2
1008 344 3 8192 2.000000000 2
1008 356 3 8192 2.000000000 2
1008 360 3 8192 2.000000000 2
1008 380 3 8192 2.000000000 2
1008 428 3 8192 2.000000000 2
1008 440 3 8192 2.000000000 2
1008 460 3 8192 2.000000000 2
1008 464 3 8192 2.000000000 2
1008 468 3 8192 2.000000000 2
1008 492 3 8192 2.000000000 2
1008 536 3 8192 2.000000000 2
1008 560 3 8192 2.000000000 2
1008 568 3 8192 2.000000000 2
1008 580 3 8192 2.000000000 2
1008 588 3 8192 2.000000000 2
1008 596 3 8192 2.000000000 2
1008 612 3 8192 2.000000000 2
1008 684 3 8192 2.000000000 2
1008 732 3 8192 2.000000000 2
1008 748 3 8192 2.000000000 2
1008 756 3 8192 2.000000000 2
1008 764 3 8192 2.000000000 2
1008 768 3 8192 2.000000000 2
1008 780 3 8192 2.000000000 2
1008 804 3 8192 2.000000000 2
1008 812 3 8192 2.000000000 2
1008 836 3 8192 2.000000000 2
1008 856 3 8192 2.000000000 2
1008 864 3 8192 2.000000000 2
1008 888 3 8192 2.000000000 2
1008 900 3 8192 2.000000000 2
1008 924 3 8192 2.000000000 2
1008 932 3 8192 2.000000000 2
1008 940 3 8192 2.000000000 2
1008 980 3 8192 2.000000000 2
1008 996 3 8192 2.000000000 2
1008 1020 3 8192 2.000000000 2
1008 1052 3 8192 2.000000000 2
1008 1088 3 8192 2.000000000 2
1008 1092 3 8192 2.000000000 2
1008 1128 3 8192 2.000000000 2
1008 1144 3 8192 2.000000000 2
1008 1156 3 8192 2.000000000 2
1008 1172 3 8192 2.000000000 2
1008 1180 3 8192 2.000000000 2
1008 1244 3 8192 2.000000000 2
1008 1264 3 8192 2.000000000 2
1012 36 3 8192 2.000000000 2
1012 80 3 8192 2.000000000 2
1012 92 3 8192 2.000000000 2
1012 108 3 8192 2.000000000 2
1012 120 3 8192 2.000000000 2
1012 128 3 8192 2.000000000 2
1012 140 3 8192 2.000000000 2
1012 144 3 8192 2.000000000 2
1012 176 3 8192 2.000000000 2
1012 196 3 8192 2.000000000 2
1012 300 3 8192 2.000000000 2
1012 320 3 8192 2.000000000 2
1012 328 3 8192 2.000000000 2
1012 360 3 8192 2.000000000 2
1012 388 3 8192 2.000000000 2
1012 400 3 8192 2.000000000 2
1012 404 3 8192 2.000000000 2
1012 412 3 8192 2.000000000 2
1012 436 3 8192 2.000000000 2
1012 456 3 8192 2.000000000 2
1012 476 3 8192 2.000000000 2
1012 480 3 8192 2.000000000 2
1012 512 3 8192 2.000000000 2
1012 516 3 8192 2.000000000 2
1012 528 3 8192 2.000000000 2
1012 560 3 8192 2.000000000 2
1012 568 3 8192 2.000000000 2
1012 580 3 8192 2.000000000 2
1012 608 3 8192 2.000000000 2
1012 632 3 8192 2.000000000 2
1012 636 3 8192 2.000000000 2
1012 640 3 8192 2.000000000 2
1012 644 3 8192 2.000000000 2
1012 648 3 8192 2.000000000 2
1012 656 3 8192 2.000000000 2
1012 660 3 8192 2.000000000 2
1012 696 3 8192 2.000000000 2
1012 704 3 8192 2.000000000 2
1012 716 3 8192 2.000000000 2
1012 740 3 8192 2.000000000 2
1012 748 3 8192 2.000000000 2
1012 808 3 8192 2.000000000 2
1012 832 3 8192 2.000000000 2
1012 836 3 8192 2.000000000 2
1012 876 3 8192 2.000000000 2
1012 888 3 8192 2.000000000 2
1012 904 3 8192 2.000000000 2
1012 964 3 8192 2.000000000 2
1012 984 3 8192 2.000000000 2
1012 1004 3 8192 2.000000000 2
1012 1020 3 8192 2.000000000 2
1012 1028 3 8192 2.000000000 2
1012 1036 3 8192 2.000000000 2
1012 1048 3 8192 2.000000000 2
1012 1052 3 8192 2.000000000 2
1012 1056 3 8192 2.000000000 2
1012 1080 3 8192 2.000000000 2
1012 1088 3 8192 2.000000000 2
1012 1104 3 8192 2.000000000 2
1012 1112 3 8192 2.000000000 2
1012 1148 3 8192 2.000000000 2
1012 1184 3 8192 2.000000000 2
1012 1224 3 8192 2.000000000 2
1012 1236 3 8192 2.000000000 2
1016 20 3 8192 2.000000000 2
1016 24 3 8192 2.000000000 2
1016 32 3 8192 2.000000000 2
1016 44 3 8192 2.000000000 2
1016 56 3 8192 2.000000000 2
1016 92 3 8192 2.000000000 2
1016 120 3 8192 2.000000000 2
1016 144 3 8192 2.000000000 2
1016 152 3 8192 2.000000000 2
1016 184 3 8192 2.000000000 2
1016 200 3 8192 2.000000000 2
1016 232 3 8192 2.000000000 2
1016 240 3 8192 2.000000000 2
1016 308 3 8192 2.000000000 2
1016 312 3 8192 2.000000000 2
1016 320 3 8192 2.000000000 2
1016 360 3 8192 2.000000000 2
1016 428 3 8192 2.000000000 2
1016 432 3 8192 2.000000000 2
1016 472 3 8192 2.000000000 2
1016 484 3 8192 2.000000000 2
1016 528 3 8192 2.000000000 2
1016 532 3 8192 2.000000000 2
1016 564 3 8192 2.000000000 2
1016 608 3 8192 2.000000000 2
1016 644 3 8192 2.000000000 2
1016 656 3 8192 2.000000000 2
1016 696 3 8192 2.000000000 2
1016 700 3 8192 2.000000000 2
1016 724 3 8192 2.000000000 2
1016 736 3 8192 2.000000000 2
1016 740 3 8192 2.000000000 2
1016 760 3 8192 2.000000000 2
1016 764 3 8192 2.000000000 2
1016 768 3 8192 2.000000000 2
1016 784 3 8192 2.000000000 2
1016 792 3 8192 2.000000000 2
1016 800 3 8192 2.000000000 2
1016 808 3 8192 2.000000000 2
1016 828 3 8192 2.000000000 2
1016 856 3 8192 2.000000000 2
1016 884 3 8192 2.000000000 2
1016 892 3 8192 2.000000000 2
1016 908 3 8192 2.000000000 2
1016 928 3 8192 2.000000000 2
1016 944 3 8192 2.000000000 2
1016 948 3 8192 2.000000000 2
1016 956 3 8192 2.000000000 2
1016 960 3 8192 2.000000000 2
1016 964 3 8192 2.000000000 2
1016 976 3 8192 2.000000000 2
1016 984 3 8192 2.000000000 2
1016 996 3 8192 2.000000000 2
1016 1004 3 8192 2.000000000 2
1016 1036 3 8192 2.000000000 2
1016 1076 3 8192 2.000000000 2
1016 1088 3 8192 2.000000000 2
1016 1108 3 8192 2.000000000 2
1016 1116 3 8192 2.000000000 2
1016 1168 3 8192 2.000000000 2
1016 1200 3 8192 2.000000000 2
1016 1232 3 8192 2.000000000 2
1016 1248 3 8192 2.000000000 2
1016 1272 3 8192 2.000000000 2
1020 8 3 8192 2.000000000 2
1020 12 3 8192 2.000000000 2
1020 16 3 8192 2.000000000 2
1020 36 3 8192 2.000000000 2
1020 60 3 8192 2.000000000 2
1020 112 3 8192 2.000000000 2
1020 140 3 8192 2.000000000 2
1020 164 3 8192 2.000000000 2
1020 184 3 8192 2.000000000 2
1020 196 3 8192 2.000000000 2
1020 220 3 8192 2.000000000 2
1020 240 3 8192 2.000000000 2
1020 264 3 8192 2.000000000 2
1020 348 3 8192 2.000000000 2
1020 360 3 8192 2.000000000 2
1020 368 3 8192 2.000000000 2
1020 420 3 8192 2.000000000 2
1020 432 3 8192 2.000000000 2
1020 436 3 8192 2.000000000 2
1020 444 3 8192 2.000000000 2
1020 452 3 8192 2.000000000 2
1020 460 3 8192 2.000000000 2
1020 480 3 8192 2.000000000 2
1020 496 3 8192 2.000000000 2
1020 512 3 8192 2.000000000 2
1020 516 3 8192 2.000000000 2
1020 524 3 8192 2.000000000 2
1020 532 3 8192 2.000000000 2
1020 536 3 8192 2.000000000 2
1020 540 3 8192 2.000000000 2
1020 560 3 8192 2.000000000 2
1020 572 3 8192 2.000000000 2
1020 600 3 8192 2.000000000 2
1020 612 3 8192 2.000000000 2
1020 632 3 8192 2.000000000 2
1020 660 3 8192 2.000000000 2
1020 696 3 8192 2.000000000 2
1020 704 3 8192 2.000000000 2
1020 724 3 8192 2.000000000 2
1020 736 3 8192 2.000000000 2
1020 752 3 8192 2.000000000 2
1020 772 3 8192 2.000000000 2
1020 776 3 8192 2.000000000 2
1020 780 3 8192 2.000000000 2
1020 800 3 8192 2.000000000 2
1020 808 3 8192 2.000000000 2
1020 812 3 8192 2.000000000 2
1020 856 3 8192 2.000000000 2
1020 864 3 8192 2.000000000 2
1020 876 3 8192 2.000000000 2
1020 948 3 8192 2.000000000 2
1020 956 3 8192 2.000000000 2
1020 964 3 8192 2.000000000 2
1020 976 3 8192 2.000000000 2
1020 988 3 8192 2.000000000 2
1020 1012 3 8192 2.000000000 2
1020 1036 3 8192 2.000000000 2
1020 1048 3 8192 2.000000000 2
1020 1100 3 8192 2.000000000 2
1020 1112 3 8192 2.000000000 2
1020 1116 3 8192 2.000000000 2
1020 1128 3 8192 2.000000000 2
1020 1204 3 8192 2.000000000 2
1020 1244 3 8192 2.000000000 2
1028 0 3 8192 2.000000000 2
1028 16 3 8192 2.000000000 2
1028 28 3 8192 2.000000000 2
1028 32 3 8192 2.000000000 2
1028 40 3 8192 2.000000000 2
1028 52 3 8192 2.000000000 2
1028 60 3 8192 2.000000000 2
1028 68 3 8192 2.000000000 2
1028 88 3 8192 2.000000000 2
1028 96 3 8192 2.000000000 2
1028 112 3 8192 2.000000000 2
1028 140 3 8192 2.000000000 2
1028 160 3 8192 2.000000000 2
1028 164 3 8192 2.000000000 2
1028 168 3 8192 2.000000000 2
1028 176 3 8192 2.000000000 2
1028 180 3 8192 2.000000000 2
1028 240 3 8192 2.000000000 2
1028 272 3 8192 2.000000000 2
1028 304 3 8192 2.000000000 2
1028 324 3 8192 2.000000000 2
1028 352 3 8192 2.000000000 2
1028 360 3 8192 2.000000000 2
1028 380 3 8192 2.000000000 2
1028 392 3 8192 2.000000000 2
1028 420 3 8192 2.000000000 2
1028 456 3 8192 2.000000000 2
1028 464 3 8192 2.000000000 2
1028 468 3 8192 2.000000000 2
1028 520 3 8192 2.000000000 2
1028 532 3 8192 2.000000000 2
1028 536 3 8192 2.000000000 2
1028 540 3 8192 2.000000000 2
1028 560 3 8192 2.000000000 2
1028 584 3 8192 2.000000000 2
1028 660 3 8192 2.000000000 2
1028 736 3 8192 2.000000000 2
1028 784 3 8192 2.000000000 2
1028 792 3 8192 2.000000000 2
1028 824 3 8192 2.000000000 2
1028 836 3 8192 2.000000000 2
1028 872 3 8192 2.000000000 2
1028 892 3 8192 2.000000000 2
1028 904 3 8192 2.000000000 2
1028 908 3 8192 2.000000000 2
1028 912 3 8192 2.000000000 2
1028 924 3 8192 2.000000000 2
1028 936 3 8192 2.000000000 2
1028 976 3 8192 2.000000000 2
1028 996 3 8192 2.000000000 2
1028 1000 3 8192 2.000000000 2
1028 1008 3 8192 2.000000000 2
1028 1012 3 8192 2.000000000 2
1028 1032 3 8192 2.000000000 2
1028 1048 3 8192 2.000000000 2
1028 1108 3 8192 2.000000000 2
1028 1120 3 8192 2.000000000 2
1028 1148 3 8192 2.000000000 2
1028 1164 3 8192 2.000000000 2
1028 1168 3 8192 2.000000000 2
1028 1248 3 8192 2.000000000 2
1028 1256 3 8192 2.000000000 2
1028 1260 3 8192 2.000000000 2
1028 1264 3 8192 2.000000000 2
1032 0 3 8192 2.000000000 2
1032 36 3 8192 2.000000000 2
1032 52 3 8192 2.000000000 2
1032 92 3 8192 2.000000000 2
1032 108 3 8192 2.000000000 2
1032 168 3 8192 2.000000000 2
1032 176 3 8192 2.000000000 2
1032 184 3 8192 2.000000000 2
1032 236 3 8192 2.000000000 2
1032 312 3 8192 2.000000000 2
1032 328 3 8192 2.000000000 2
1032 344 3 8192 2.000000000 2
1032 364 3 8192 2.000000000 2
1032 404 3 8192 2.000000000 2
1032 420 3 8192 2.000000000 2
1032 432 3 8192 2.000000000 2
1032 440 3 8192 2.000000000 2
1032 448 3 8192 2.000000000 2
1032 456 3 8192 2.000000000 2
1032 464 3 8192 2.000000000 2
1032 476 3 8192 2.000000000 2
1032 480 3 8192 2.000000000 2
1032 484 3 8192 2.000000000 2
1032 496 3 8192 2.000000000 2
1032 512 3 8192 2.000000000 2
1032 532 3 8192 2.000000000 2
1032 552 3 8192 2.000000000 2
1032 556 3 8192 2.000000000 2
1032 564 3 8192 2.000000000 2
1032 568 3 8192 2.000000000 2
1032 612 3 8192 2.000000000 2
1032 620 3 8192 2.000000000 2
1032 624 3 8192 2.000000000 2
1032 644 3 8192 2.000000000 2
1032 648 3 8192 2.000000000 2
1032 660 3 8192 2.000000000 2
1032 668 3 8192 2.000000000 2
1032 672 3 8192 2.000000000 2
1032 700 3 8192 2.000000000 2
1032 752 3 8192 2.000000000 2
1032 772 3 8192 2.000000000 2
1032 780 3 8192 2.000000000 2
1032 792 3 8192 2.000000000 2
1032 804 3 8192 2.000000000 2
1032 812 3 8192 2.000000000 2
1032 836 3 8192 2.000000000 2
1032 848 3 8192 2.000000000 2
1032 876 3 8192 2.000000000 2
1032 888 3 8192 2.000000000 2
1032 960 3 8192 2.000000000 2
1032 976 3 8192 2.000000000 2
1032 1008 3 8192 2.000000000 2
1032 1040 3 8192 2.000000000 2
1032 1048 3 8192 2.000000000 2
1032 1056 3 8192 2.000000000 2
1032 1080 3 8192 2.000000000 2
1032 1084 3 8192 2.000000000 2
1032 1088 3 8192 2.000000000 2
1032 1112 3 8192 2.000000000 2
1032 1184 3 8192 2.000000000 2
1032 1220 3 8192 2.000000000 2
1032 1224 3 8192 2.000000000 2
1032 1244 3 8192 2.000000000 2
1032 1272 3 8192 2.000000000 2
1036 24 3 8192 2.000000000 2
1036 40 3 8192 2.000000000 2
1036 52 3 8192 2.000000000 2
1036 56 3 8192 2.000000000 2
1036 68 3 8192 2.000000000 2
1036 92 3 8192 2.000000000 2
1036 108 3 8192 2.000000000 2
1036 124 3 8192 2.000000000 2
1036 172 3 8192 2.000000000 2
1036 180 3 8192 2.000000000 2
1036 212 3 8192 2.000000000 2
1036 232 3 8192 2.000000000 2
1036 244 3 8192 2.000000000 2
1036 284 3 8192 2.000000000 2
1036 296 3 8192 2.000000000 2
1036 300 3 8192 2.000000000 2
1036 332 3 8192 2.000000000 2
1036 344 3 8192 2.000000000 2
1036 356 3 8192 2.000000000 2
1036 364 3 8192 2.000000000 2
1036 368 3 8192 2.000000000 2
1036 404 3 8192 2.000000000 2
1036 448 3 8192 2.000000000 2
1036 460 3 8192 2.000000000 2
1036 468 3 8192 2.000000000 2
1036 472 3 8192 2.000000000 2
1036 480 3 8192 2.000000000 2
1036 484 3 8192 2.000000000 2
1036 488 3 8192 2.000000000 2
1036 512 3 8192 2.000000000 2
1036 516 3 8192 2.000000000 2
1036 532 3 8192 2.000000000 2
1036 536 3 8192 2.000000000 2
1036 584 3 8192 2.000000000 2
1036 620 3 8192 2.000000000 2
1036 644 3 8192 2.000000000 2
1036 664 3 8192 2.000000000 2
1036 708 3 8192 2.000000000 2
1036 724 3 8192 2.000000000 2
1036 752 3 8192 2.000000000 2
1036 760 3 8192 2.000000000 2
1036 768 3 8192 2.000000000 2
1036 776 3 8192 2.000000000 2
1036 780 3 8192 2.000000000 2
1036 800 3 8192 2.000000000 2
1036 860 3 8192 2.000000000 2
1036 864 3 8192 2.000000000 2
1036 912 3 8192 2.000000000 2
1036 948 3 8192 2.000000000 2
1036 956 3 8192 2.000000000 2
1036 984 3 8192 2.000000000 2
1036 1068 3 8192 2.000000000 2
1036 1080 3 8192 2.000000000 2
1036 1088 3 8192 2.000000000 2
1036 1092 3 8192 2.000000000 2
1036 1104 3 8192 2.000000000 2
1036 1120 3 8192 2.000000000 2
1036 1196 3 8192 2.000000000 2
1036 1200 3 8192 2.000000000 2
1036 1204 3 8192 2.000000000 2
1036 1224 3 8192 2.000000000 2
1036 1232 3 8192 2.000000000 2
1036 1244 3 8192 2.000000000 2
1036 1276 3 8192 2.000000000 2
1040 12 3 8192 2.000000000 2
1040 20 3 8192 2.000000000 2
1040 60 3 8192 2.000000000 2
1040 64 3 8192 2.000000000 2
1040 92 3 8192 2.000000000 2
1040 112 3 8192 2.000000000 2
1040 128 3 8192 2.000000000 2
1040 140 3 8192 2.000000000 2
1040 144 3 8192 2.000000000 2
1040 156 3 8192 2.000000000 2
1040 176 3 8192 2.000000000 2
1040 184 3 8192 2.000000000 2
1040 232 3 8192 2.000000000 2
1040 236 3 8192 2.000000000 2
1040 248 3 8192 2.000000000 2
1040 264 3 8192 2.000000000 2
1040 276 3 8192 2.000000000 2
1040 284 3 8192 2.000000000 2
1040 292 3 8192 2.000000000 2
1040 312 3 8192 2.000000000 2
1040 368 3 8192 2.000000000 2
1040 408 3 8192 2.000000000 2
1040 412 3 8192 2.000000000 2
1040 436 3 8192 2.000000000 2
1040 464 3 8192 2.000000000 2
1040 468 3 8192 2.000000000 2
1040 472 3 8192 2.000000000 2
1040 488 3 8192 2.000000000 2
1040 496 3 8192 2.000000000 2
1040 504 3 8192 2.000000000 2
1040 520 3 8192 2.000000000 2
1040 528 3 8192 2.000000000 2
1040 548 3 8192 2.000000000 2
1040 552 3 8192 2.000000000 2
1040 572 3 8192 2.000000000 2
1040 580 3 8192 2.000000000 2
1040 608 3 8192 2.000000000 2
1040 632 3 8192 2.000000000 2
1040 640 3 8192 2.000000000 2
1040 644 3 8192 2.000000000 2
1040 664 3 8192 2.000000000 2
1040 684 3 8192 2.000000000 2
1040 700 3 8192 2.000000000 2
1040 716 3 8192 2.000000000 2
1040 756 3 8192 2.000000000 2
1040 764 3 8192 2.000000000 2
1040 776 3 8192 2.000000000 2
1040 780 3 8192 2.000000000 2
1040 796 3 8192 2.000000000 2
1040 808 3 8192 2.000000000 2
1040 828 3 8192 2.000000000 2
1040 872 3 8192 2.000000000 2
1040 904 3 8192 2.000000000 2
1040 912 3 8192 2.000000000 2
1040 928 3 8192 2.000000000 2
1040 944 3 8192 2.000000000 2
1040 968 3 8192 2.000000000 2
1040 996 3 8192 2.000000000 2
1040 1052 3 8192 2.000000000 2
1040 1104 3 8192 2.000000000 2
1040 1144 3 8192 2.000000000 2
1040 1156 3 8192 2.000000000 2
1040 1184 3 8192 2.000000000 2
1040 1256 3 8192 2.000000000 2
1048 4 3 8192 2.000000000 2
1048 8 3 8192 2.000000000 2
1048 24 3 8192 2.000000000 2
1048 28 3 8192 2.000000000 2
1048 36 3 8192 2.000000000 2
1048 120 3 8192 2.000000000 2
1048 124 3 8192 2.000000000 2
1048 140 3 8192 2.000000000 2
1048 156 3 8192 2.000000000 2
1048 160 3 8192 2.000000000 2
1048 168 3 8192 2.000000000 2
1048 176 3 8192 2.000000000 2
1048 184 3 8192 2.000000000 2
1048 220 3 8192 2.000000000 2
1048 284 3 8192 2.000000000 2
1048 292 3 8192 2.000000000 2
1048 308 3 8192 2.000000000 2
1048 312 3 8192 2.000000000 2
1048 328 3 8192 2.000000000 2
1048 356 3 8192 2.000000000 2
1048 364 3 8192 2.000000000 2
1048 392 3 8192 2.000000000 2
1048 404 3 8192 2.000000000 2
1048 440 3 8192 2.000000000 2
1048 472 3 8192 2.000000000 2
1048 476 3 8192 2.000000000 2
1048 484 3 8192 2.000000000 2
1048 500 3 8192 2.000000000 2
1048 504 3 8192 2.000000000 2
1048 516 3 8192 2.000000000 2
1048 524 3 8192 2.000000000 2
1048 536 3 8192 2.000000000 2
1048 552 3 8192 2.000000000 2
1048 580 3 8192 2.000000000 2
1048 612 3 8192 2.000000000 2
1048 632 3 8192 2.000000000 2
1048 636 3 8192 2.000000000 2
1048 656 3 8192 2.000000000 2
1048 660 3 8192 2.000000000 2
1048 680 3 8192 2.000000000 2
1048 736 3 8192 2.000000000 2
1048 740 3 8192 2.000000000 2
1048 796 3 8192 2.000000000 2
1048 800 3 8192 2.000000000 2
1048 812 3 8192 2.000000000 2
1048 828 3 8192 2.000000000 2
1048 848 3 8192 2.000000000 2
1048 864 3 8192 2.000000000 2
1048 888 3 8192 2.000000000 2
1048 908 3 8192 2.000000000 2
1048 924 3 8192 2.000000000 2
1048 956 3 8192 2.000000000 2
1048 960 3 8192 2.000000000 2
1048 964 3 8192 2.000000000 2
1048 1052 3 8192 2.000000000 2
1048 1080 3 8192 2.000000000 2
1048 1108 3 8192 2.000000000 2
1048 1112 3 8192 2.000000000 2
1048 1156 3 8192 2.000000000 2
1048 1180 3 8192 2.000000000 2
1048 1196 3 8192 2.000000000 2
1048 1236 3 8192 2.000000000 2
1048 1248 3 8192 2.000000000 2
1048 1252 3 8192 2.000000000 2
1052 4 3 8192 2.000000000 2
1052 12 3 8192 2.000000000 2
1052 40 3 8192 2.000000000 2
1052 44 3 8192 2.000000000 2
1052 84 3 8192 2.000000000 2
1052 88 3 8192 2.000000000 2
1052 96 3 8192 2.000000000 2
1052 100 3 8192 2.000000000 2
1052 108 3 8192 2.000000000 2
1052 120 3 8192 2.000000000 2
1052 148 3 8192 2.000000000 2
1052 160 3 8192 2.000000000 2
1052 176 3 8192 2.000000000 2
1052 200 3 8192 2.000000000 2
1052 212 3 8192 2.000000000 2
1052 216 3 8192 2.000000000 2
1052 244 3 8192 2.000000000 2
1052 332 3 8192 2.000000000 2
1052 368 3 8192 2.000000000 2
1052 380 3 8192 2.000000000 2
1052 388 3 8192 2.000000000 2
1052 400 3 8192 2.000000000 2
1052 404 3 8192 2.000000000 2
1052 408 3 8192 2.000000000 2
1052 412 3 8192 2.000000000 2
1052 420 3 8192 2.000000000 2
1052 432 3 8192 2.000000000 2
1052 448 3 8192 2.000000000 2
1052 452 3 8192 2.000000000 2
1052 472 3 8192 2.000000000 2
1052 480 3 8192 2.000000000 2
1052 484 3 8192 2.000000000 2
1052 500 3 8192 2.000000000 2
1052 528 3 8192 2.000000000 2
1052 540 3 8192 2.000000000 2
1052 552 3 8192 2.000000000 2
1052 556 3 8192 2.000000000 2
1052 608 3 8192 2.000000000 2
1052 620 3 8192 2.000000000 2
1052 624 3 8192 2.000000000 2
1052 640 3 8192 2.000000000 2
1052 660 3 8192 2.000000000 2
1052 668 3 8192 2.000000000 2
1052 680 3 8192 2.000000000 2
1052 744 3 8192 2.000000000 2
1052 792 3 8192 2.000000000 2
1052 800 3 8192 2.000000000 2
1052 816 3 8192 2.000000000 2
1052 876 3 8192 2.000000000 2
1052 884 3 8192 2.000000000 2
1052 900 3 8192 2.000000000 2
1052 948 3 8192 2.000000000 2
1052 956 3 8192 2.000000000 2
1052 980 3 8192 2.000000000 2
1052 984 3 8192 2.000000000 2
1052 1036 3 8192 2.000000000 2
1052 1108 3 8192 2.000000000 2
1052 1128 3 8192 2.000000000 2
1052 1164 3 8192 2.000000000 2
1052 1180 3 8192 2.000000000 2
1052 1200 3 8192 2.000000000 2
1052 1232 3 8192 2.000000000 2
1052 1252 3 8192 2.000000000 2
1052 1264 3 8192 2.000000000 2
1056 4 3 8192 2.000000000 2
1056 8 3 8192 2.000000000 2
1056 32 3 8192 2.000000000 2
1056 40 3 8192 2.000000000 2
1056 60 3 8192 2.000000000 2
1056 68 3 8192 2.000000000 2
1056 88 3 8192 2.000000000 2
1056 124 3 8192 2.000000000 2
1056 132 3 8192 2.000000000 2
1056 152 3 8192 2.000000000 2
1056 172 3 8192 2.000000000 2
1056 192 3 8192 2.000000000 2
1056 208 3 8192 2.000000000 2
1056 212 3 8192 2.000000000 2
1056 244 3 8192 2.000000000 2
1056 264 3 8192 2.000000000 2
1056 276 3 8192 2.000000000 2
1056 280 3 8192 2.000000000 2
1056 292 3 8192 2.000000000 2
1056 296 3 8192 2.000000000 2
1056 300 3 8192 2.000000000 2
1056 328 3 8192 2.000000000 2
1056 348 3 8192 2.000000000 2
1056 380 3 8192 2.000000000 2
1056 392 3 8192 2.000000000 2
1056 400 3 8192 2.000000000 2
1056 408 3 8192 2.000000000 2
1056 436 3 8192 2.000000000 2
1056 472 3 8192 2.000000000 2
1056 492 3 8192 2.000000000 2
1056 536 3 8192 2.000000000 2
1056 560 3 8192 2.000000000 2
1056 568 3 8192 2.000000000 2
1056 600 3 8192 2.000000000 2
1056 608 3 8192 2.000000000 2
1056 612 3 8192 2.000000000 2
1056 624 3 8192 2.000000000 2
1056 656 3 8192 2.000000000 2
1056 680 3 8192 2.000000000 2
1056 716 3 8192 2.000000000 2
1056 744 3 8192 2.000000000 2
1056 764 3 8192 2.000000000 2
1056 772 3 8192 2.000000000 2
1056 796 3 8192 2.000000000 2
1056 848 3 8192 2.000000000 2
1056 876 3 8192 2.000000000 2
1056 908 3 8192 2.000000000 2
1056 940 3 8192 2.000000000 2
1056 948 3 8192 2.000000000 2
1056 968 3 8192 2.000000000 2
1056 984 3 8192 2.000000000 2
1056 1000 3 8192 2.000000000 2
1056 1016 3 8192 2.000000000 2
1056 1028 3 8192 2.000000000 2
1056 1052 3 8192 2.000000000 2
1056 1084 3 8192 2.000000000 2
1056 1092 3 8192 2.000000000 2
1056 1156 3 8192 2.000000000 2
1056 1164 3 8192 2.000000000 2
1056 1168 3 8192 2.000000000 2
1056 1172 3 8192 2.000000000 2
1056 1220 3 8192 2.000000000 2
1056 1248 3 8192 2.000000000 2
1056 1272 3 8192 2.000000000 2
1068 4 3 8192 2.000000000 2
1068 28 3 8192 2.000000000 2
1068 56 3 8192 2.000000000 2
1068 84 3 8192 2.000000000 2
1068 112 3 8192 2.000000000 2
1068 120 3 8192 2.000000000 2
1068 148 3 8192 2.000000000 2
1068 156 3 8192 2.000000000 2
1068 168 3 8192 2.000000000 2
1068 172 3 8192 2.000000000 2
1068 184 3 8192 2.000000000 2
1068 192 3 8192 2.000000000 2
1068 196 3 8192 2.000000000 2
1068 220 3 8192 2.000000000 2
1068 236 3 8192 2.000000000 2
1068 264 3 8192 2.000000000 2
1068 276 3 8192 2.000000000 2
1068 320 3 8192 2.000000000 2
1068 332 3 8192 2.000000000 2
1068 360 3 8192 2.000000000 2
1068 368 3 8192 2.000000000 2
1068 404 3 8192 2.000000000 2
1068 480 3 8192 2.000000000 2
1068 500 3 8192 2.000000000 2
1068 512 3 8192 2.000000000 2
1068 528 3 8192 2.000000000 2
1068 540 3 8192 2.000000000 2
1068 556 3 8192 2.000000000 2
1068 572 3 8192 2.000000000 2
1068 596 3 8192 2.000000000 2
1068 600 3 8192 2.000000000 2
1068 624 3 8192 2.000000000 2
1068 632 3 8192 2.000000000 2
1068 668 3 8192 2.000000000 2
1068 684 3 8192 2.000000000 2
1068 700 3 8192 2.000000000 2
1068 708 3 8192 2.000000000 2
1068 716 3 8192 2.000000000 2
1068 752 3 8192 2.000000000 2
1068 756 3 8192 2.000000000 2
1068 816 3 8192 2.000000000 2
1068 832 3 8192 2.000000000 2
1068 836 3 8192 2.000000000 2
1068 848 3 8192 2.000000000 2
1068 876 3 8192 2.000000000 2
1068 884 3 8192 2.000000000 2
1068 908 3 8192 2.000000000 2
1068 912 3 8192 2.000000000 2
1068 936 3 8192 2.000000000 2
1068 944 3 8192 2.000000000 2
1068 956 3 8192 2.000000000 2
1068 976 3 8192 2.000000000 2
1068 984 3 8192 2.000000000 2
1068 988 3 8192 2.000000000 2
1068 1012 3 8192 2.000000000 2
1068 1048 3 8192 2.000000000 2
1068 1084 3 8192 2.000000000 2
1068 1108 3 8192 2.000000000 2
1068 1156 3 8192 2.000000000 2
1068 1180 3 8192 2.000000000 2
1068 1224 3 8192 2.000000000 2
1068 1232 3 8192 2.000000000 2
1068 1248 3 8192 2.000000000 2
1068 1252 3 8192 2.000000000 2
1076 12 3 8192 2.000000000 2
1076 20 3 8192 2.000000000 2
1076 36 3 8192 2.000000000 2
1076 44 3 8192 2.000000000 2
1076 60 3 8192 2.000000000 2
1076 80 3 8192 2.000000000 2
1076 88 3 8192 2.000000000 2
1076 92 3 8192 2.000000000 2
1076 124 3 8192 2.000000000 2
1076 144 3 8192 2.000000000 2
1076 148 3 8192 2.000000000 2
1076 244 3 8192 2.000000000 2
1076 248 3 8192 2.000000000 2
1076 272 3 8192 2.000000000 2
1076 348 3 8192 2.000000000 2
1076 352 3 8192 2.000000000 2
1076 360 3 8192 2.000000000 2
1076 400 3 8192 2.000000000 2
1076 420 3 8192 2.000000000 2
1076 432 3 8192 2.000000000 2
1076 452 3 8192 2.000000000 2
1076 460 3 8192 2.000000000 2
1076 472 3 8192 2.000000000 2
1076 480 3 8192 2.000000000 2
1076 496 3 8192 2.000000000 2
1076 504 3 8192 2.000000000 2
1076 528 3 8192 2.000000000 2
1076 536 3 8192 2.000000000 2
1076 548 3 8192 2.000000000 2
1076 564 3 8192 2.000000000 2
1076 572 3 8192 2.000000000 2
1076 596 3 8192 2.000000000 2
1076 600 3 8192 2.000000000 2
1076 636 3 8192 2.000000000 2
1076 672 3 8192 2.000000000 2
1076 716 3 8192 2.000000000 2
1076 724 3 8192 2.000000000 2
1076 736 3 8192 2.000000000 2
1076 764 3 8192 2.000000000 2
1076 804 3 8192 2.000000000 2
1076 828 3 8192 2.000000000 2
1076 856 3 8192 2.000000000 2
1076 864 3 8192 2.000000000 2
1076 876 3 8192 2.000000000 2
1076 900 3 8192 2.000000000 2
1076 908 3 8192 2.000000000 2
1076 912 3 8192 2.000000000 2
1076 924 3 8192 2.000000000 2
1076 944 3 8192 2.000000000 2
1076 956 3 8192 2.000000000 2
1076 960 3 8192 2.000000000 2
1076 964 3 8192 2.000000000 2
1076 968 3 8192 2.000000000 2
1076 984 3 8192 2.000000000 2
1076 1028 3 8192 2.000000000 2
1076 1032 3 8192 2.000000000 2
1076 1040 3 8192 2.000000000 2
1076 1048 3 8192 2.000000000 2
1076 1080 3 8192 2.000000000 2
1076 1108 3 8192 2.000000000 2
1076 1120 3 8192 2.000000000 2
1076 1196 3 8192 2.000000000 2
1076 1204 3 8192 2.000000000 2
1076 1256 3 8192 2.000000000 2
1080 20 3 8192 2.000000000 2
1080 28 3 8192 2.000000000 2
1080 36 3 8192 2.000000000 2
1080 40 3 8192 2.000000000 2
1080 64 3 8192 2.000000000 2
1080 84 3 8192 2.000000000 2
1080 92 3 8192 2.000000000 2
1080 96 3 8192 2.000000000 2
1080 116 3 8192 2.000000000 2
1080 128 3 8192 2.000000000 2
1080 160 3 8192 2.000000000 2
1080 176 3 8192 2.000000000 2
1080 180 3 8192 2.000000000 2
1080 196 3 8192 2.000000000 2
1080 212 3 8192 2.000000000 2
1080 224 3 8192 2.000000000 2
1080 236 3 8192 2.000000000 2
1080 264 3 8192 2.000000000 2
1080 276 3 8192 2.000000000 2
1080 280 3 8192 2.000000000 2
1080 324 3 8192 2.000000000 2
1080 328 3 8192 2.000000000 2
1080 360 3 8192 2.000000000 2
1080 368 3 8192 2.000000000 2
1080 412 3 8192 2.000000000 2
1080 428 3 8192 2.000000000 2
1080 436 3 8192 2.000000000 2
1080 448 3 8192 2.000000000 2
1080 468 3 8192 2.000000000 2
1080 476 3 8192 2.000000000 2
1080 516 3 8192 2.000000000 2
1080 540 3 8192 2.000000000 2
1080 552 3 8192 2.000000000 2
1080 560 3 8192 2.000000000 2
1080 564 3 8192 2.000000000 2
1080 568 3 8192 2.000000000 2
1080 600 3 8192 2.000000000 2
1080 612 3 8192 2.000000000 2
1080 640 3 8192 2.000000000 2
1080 648 3 8192 2.000000000 2
1080 704 3 8192 2.000000000 2
1080 756 3 8192 2.000000000 2
1080 792 3 8192 2.000000000 2
1080 800 3 8192 2.000000000 2
1080 808 3 8192 2.000000000 2
1080 832 3 8192 2.000000000 2
1080 876 3 8192 2.000000000 2
1080 928 3 8192 2.000000000 2
1080 960 3 8192 2.000000000 2
1080 964 3 8192 2.000000000 2
1080 984 3 8192 2.000000000 2
1080 1000 3 8192 2.000000000 2
1080 1004 3 8192 2.000000000 2
1080 1052 3 8192 2.000000000 2
1080 1068 3 8192 2.000000000 2
1080 1088 3 8192 2.000000000 2
1080 1112 3 8192 2.000000000 2
1080 1144 3 8192 2.000000000 2
1080 1148 3 8192 2.000000000 2
1080 1156 3 8192 2.000000000 2
1080 1164 3 8192 2.000000000 2
1080 1184 3 8192 2.000000000 2
1080 1260 3 8192 2.000000000 2
1080 1272 3 8192 2.000000000 2
1084 32 3 8192 2.000000000 2
1084 36 3 8192 2.000000000 2
1084 48 3 8192 2.000000000 2
1084 64 3 8192 2.000000000 2
1084 96 3 8192 2.000000000 2
1084 112 3 8192 2.000000000 2
1084 124 3 8192 2.000000000 2
1084 140 3 8192 2.000000000 2
1084 156 3 8192 2.000000000 2
1084 176 3 8192 2.000000000 2
1084 192 3 8192 2.000000000 2
1084 208 3 8192 2.000000000 2
1084 248 3 8192 2.000000000 2
1084 272 3 8192 2.000000000 2
1084 276 3 8192 2.000000000 2
1084 280 3 8192 2.000000000 2
1084 304 3 8192 2.000000000 2
1084 308 3 8192 2.000000000 2
1084 324 3 8192 2.000000000 2
1084 348 3 8192 2.000000000 2
1084 352 3 8192 2.000000000 2
1084 356 3 8192 2.000000000 2
1084 368 3 8192 2.000000000 2
1084 404 3 8192 2.000000000 2
1084 408 3 8192 2.000000000 2
1084 412 3 8192 2.000000000 2
1084 424 3 8192 2.000000000 2
1084 452 3 8192 2.000000000 2
1084 460 3 8192 2.000000000 2
1084 500 3 8192 2.000000000 2
1084 528 3 8192 2.000000000 2
1084 540 3 8192 2.000000000 2
1084 552 3 8192 2.000000000 2
1084 580 3 8192 2.000000000 2
1084 596 3 8192 2.000000000 2
1084 600 3 8192 2.000000000 2
1084 620 3 8192 2.000000000 2
1084 636 3 8192 2.000000000 2
1084 648 3 8192 2.000000000 2
1084 668 3 8192 2.000000000 2
1084 716 3 8192 2.000000000 2
1084 732 3 8192 2.000000000 2
1084 744 3 8192 2.000000000 2
1084 760 3 8192 2.000000000 2
1084 764 3 8192 2.000000000 2
1084 768 3 8192 2.000000000 2
1084 800 3 8192 2.000000000 2
1084 808 3 8192 2.000000000 2
1084 876 3 8192 2.000000000 2
1084 904 3 8192 2.000000000 2
1084 984 3 8192 2.000000000 2
1084 996 3 8192 2.000000000 2
1084 1020 3 8192 2.000000000 2
1084 1036 3 8192 2.000000000 2
1084 1040 3 8192 2.000000000 2
1084 1080 3 8192 2.000000000 2
1084 1100 3 8192 2.000000000 2
1084 1120 3 8192 2.000000000 2
1084 1164 3 8192 2.000000000 2
1084 1224 3 8192 2.000000000 2
1084 1236 3 8192 2.000000000 2
1084 1252 3 8192 2.000000000 2
1084 1256 3 8192 2.000000000 2
1084 1260 3 8192 2.000000000 2
1088 0 3 8192 2.000000000 2
1088 4 3 8192 2.000000000 2
1088 8 3 8192 2.000000000 2
1088 24 3 8192 2.000000000 2
1088 28 3 8192 2.000000000 2
1088 40 3 8192 2.000000000 2
1088 52 3 8192 2.000000000 2
1088 60 3 8192 2.000000000 2
1088 80 3 8192 2.000000000 2
1088 84 3 8192 2.000000000 2
1088 116 3 8192 2.000000000 2
1088 124 3 8192 2.000000000 2
1088 128 3 8192 2.000000000 2
1088 140 3 8192 2.000000000 2
1088 160 3 8192 2.000000000 2
1088 172 3 8192 2.000000000 2
1088 224 3 8192 2.000000000 2
1088 248 3 8192 2.000000000 2
1088 252 3 8192 2.000000000 2
1088 296 3 8192 2.000000000 2
1088 328 3 8192 2.000000000 2
1088 332 3 8192 2.000000000 2
1088 400 3 8192 2.000000000 2
1088 420 3 8192 2.000000000 2
1088 436 3 8192 2.000000000 2
1088 512 3 8192 2.000000000 2
1088 548 3 8192 2.000000000 2
1088 552 3 8192 2.000000000 2
1088 568 3 8192 2.000000000 2
1088 580 3 8192 2.000000000 2
1088 596 3 8192 2.000000000 2
1088 624 3 8192 2.000000000 2
1088 648 3 8192 2.000000000 2
1088 664 3 8192 2.000000000 2
1088 696 3 8192 2.000000000 2
1088 716 3 8192 2.000000000 2
1088 744 3 8192 2.000000000 2
1088 752 3 8192 2.000000000 2
1088 768 3 8192 2.000000000 2
1088 772 3 8192 2.000000000 2
1088 808 3 8192 2.000000000 2
1088 824 3 8192 2.000000000 2
1088 856 3 8192 2.000000000 2
1088 876 3 8192 2.000000000 2
1088 908 3 8192 2.000000000 2
1088 948 3 8192 2.000000000 2
1088 984 3 8192 2.000000000 2
1088 1028 3 8192 2.000000000 2
1088 1040 3 8192 2.000000000 2
1088 1048 3 8192 2.000000000 2
1088 1080 3 8192 2.000000000 2
1088 1092 3 8192 2.000000000 2
1088 1104 3 8192 2.000000000 2
1088 1108 3 8192 2.000000000 2
1088 1148 3 8192 2.000000000 2
1088 1156 3 8192 2.000000000 2
1088 1196 3 8192 2.000000000 2
1088 1200 3 8192 2.000000000 2
1088 1220 3 8192 2.000000000 2
1088 1224 3 8192 2.000000000 2
1088 1232 3 8192 2.000000000 2
1088 1244 3 8192 2.000000000 2
1088 1264 3 8192 2.000000000 2
1088 1272 3 8192 2.000000000 2
1092 4 3 8192 2.000000000 2
1092 16 3 8192 2.000000000 2
1092 32 3 8192 2.000000000 2
1092 96 3 8192 2.000000000 2
1092 128 3 8192 2.000000000 2
1092 148 3 8192 2.000000000 2
1092 168 3 8192 2.000000000 2
1092 180 3 8192 2.000000000 2
1092 192 3 8192 2.000000000 2
1092 208 3 8192 2.000000000 2
1092 220 3 8192 2.000000000 2
1092 224 3 8192 2.000000000 2
1092 232 3 8192 2.000000000 2
1092 312 3 8192 2.000000000 2
1092 324 3 8192 2.000000000 2
1092 348 3 8192 2.000000000 2
1092 356 3 8192 2.000000000 2
1092 408 3 8192 2.000000000 2
1092 420 3 8192 2.000000000 2
1092 424 3 8192 2.000000000 2
1092 448 3 8192 2.000000000 2
1092 460 3 8192 2.000000000 2
1092 464 3 8192 2.000000000 2
1092 468 3 8192 2.000000000 2
1092 496 3 8192 2.000000000 2
1092 504 3 8192 2.000000000 2
1092 532 3 8192 2.000000000 2
1092 540 3 8192 2.000000000 2
1092 560 3 8192 2.000000000 2
1092 564 3 8192 2.000000000 2
1092 600 3 8192 2.000000000 2
1092 608 3 8192 2.000000000 2
1092 612 3 8192 2.000000000 2
1092 620 3 8192 2.000000000 2
1092 644 3 8192 2.000000000 2
1092 668 3 8192 2.000000000 2
1092 684 3 8192 2.000000000 2
1092 724 3 8192 2.000000000 2
1092 740 3 8192 2.000000000 2
1092 744 3 8192 2.000000000 2
1092 756 3 8192 2.000000000 2
1092 780 3 8192 2.000000000 2
1092 832 3 8192 2.000000000 2
1092 836 3 8192 2.000000000 2
1092 860 3 8192 2.000000000 2
1092 864 3 8192 2.000000000 2
1092 932 3 8192 2.000000000 2
1092 960 3 8192 2.000000000 2
1092 968 3 8192 2.000000000 2
1092 980 3 8192 2.000000000 2
1092 988 3 8192 2.000000000 2
1092 1008 3 8192 2.000000000 2
1092 1028 3 8192 2.000000000 2
1092 1048 3 8192 2.000000000 2
1092 1052 3 8192 2.000000000 2
1092 1068 3 8192 2.000000000 2
1092 1108 3 8192 2.000000000 2
1092 1112 3 8192 2.000000000 2
1092 1128 3 8192 2.000000000 2
1092 1172 3 8192 2.000000000 2
1092 1180 3 8192 2.000000000 2
1092 1248 3 8192 2.000000000 2
1092 1272 3 8192 2.000000000 2
1092 1276 3 8192 2.000000000 2
1100 12 3 8192 2.000000000 2
1100 28 3 8192 2.000000000 2
1100 48 3 8192 2.000000000 2
1100 56 3 8192 2.000000000 2
1100 64 3 8192 2.000000000 2
1100 72 3 8192 2.000000000 2
1100 84 3 8192 2.000000000 2
1100 92 3 8192 2.000000000 2
1100 96 3 8192 2.000000000 2
1100 168 3 8192 2.000000000 2
1100 180 3 8192 2.000000000 2
1100 196 3 8192 2.000000000 2
1100 244 3 8192 2.000000000 2
1100 296 3 8192 2.000000000 2
1100 304 3 8192 2.000000000 2
1100 328 3 8192 2.000000000 2
1100 360 3 8192 2.000000000 2
1100 364 3 8192 2.000000000 2
1100 368 3 8192 2.000000000 2
1100 380 3 8192 2.000000000 2
1100 388 3 8192 2.000000000 2
1100 412 3 8192 2.000000000 2
1100 452 3 8192 2.000000000 2
1100 468 3 8192 2.000000000 2
1100 472 3 8192 2.000000000 2
1100 496 3 8192 2.000000000 2
1100 504 3 8192 2.000000000 2
1100 516 3 8192 2.000000000 2
1100 520 3 8192 2.000000000 2
1100 536 3 8192 2.000000000 2
1100 552 3 8192 2.000000000 2
1100 584 3 8192 2.000000000 2
1100 612 3 8192 2.000000000 2
1100 700 3 8192 2.000000000 2
1100 708 3 8192 2.000000000 2
1100 752 3 8192 2.000000000 2
1100 768 3 8192 2.000000000 2
1100 776 3 8192 2.000000000 2
1100 780 3 8192 2.000000000 2
1100 796 3 8192 2.000000000 2
1100 848 3 8192 2.000000000 2
1100 876 3 8192 2.000000000 2
1100 892 3 8192 2.000000000 2
1100 904 3 8192 2.000000000 2
1100 932 3 8192 2.000000000 2
1100 956 3 8192 2.000000000 2
1100 996 3 8192 2.000000000 2
1100 1016 3 8192 2.000000000 2
1100 1028 3 8192 2.000000000 2
1100 1032 3 8192 2.000000000 2
1100 1056 3 8192 2.000000000 2
1100 1076 3 8192 2.000000000 2
1100 1092 3 8192 2.000000000 2
1100 1108 3 8192 2.000000000 2
1100 1116 3 8192 2.000000000 2
1100 1128 3 8192 2.000000000 2
1100 1144 3 8192 2.000000000 2
1100 1156 3 8192 2.000000000 2
1100 1172 3 8192 2.000000000 2
1100 1196 3 8192 2.000000000 2
1100 1200 3 8192 2.000000000 2
1100 1204 3 8192 2.000000000 2
1100 1248 3 8192 2.000000000 2
1100 1256 3 8192 2.000000000 2
1104 4 3 8192 2.000000000 2
1104 20 3 8192 2.000000000 2
1104 32 3 8192 2.000000000 2
1104 48 3 8192 2.000000000 2
1104 116 3 8192 2.000000000 2
1104 128 3 8192 2.000000000 2
1104 152 3 8192 2.000000000 2
1104 164 3 8192 2.000000000 2
1104 168 3 8192 2.000000000 2
1104 172 3 8192 2.000000000 2
1104 184 3 8192 2.000000000 2
1104 196 3 8192 2.000000000 2
1104 200 3 8192 2.000000000 2
1104 208 3 8192 2.000000000 2
1104 224 3 8192 2.000000000 2
1104 232 3 8192 2.000000000 2
1104 244 3 8192 2.000000000 2
1104 252 3 8192 2.000000000 2
1104 296 3 8192 2.000000000 2
1104 300 3 8192 2.000000000 2
1104 356 3 8192 2.000000000 2
1104 368 3 8192 2.000000000 2
1104 388 3 8192 2.000000000 2
1104 392 3 8192 2.000000000 2
1104 400 3 8192 2.000000000 2
1104 404 3 8192 2.000000000 2
1104 412 3 8192 2.000000000 2
1104 420 3 8192 2.000000000 2
1104 428 3 8192 2.000000000 2
1104 448 3 8192 2.000000000 2
1104 488 3 8192 2.000000000 2
1104 492 3 8192 2.000000000 2
1104 500 3 8192 2.000000000 2
1104 504 3 8192 2.000000000 2
1104 540 3 8192 2.000000000 2
1104 568 3 8192 2.000000000 2
1104 580 3 8192 2.000000000 2
1104 596 3 8192 2.000000000 2
1104 612 3 8192 2.000000000 2
1104 620 3 8192 2.000000000 2
1104 640 3 8192 2.000000000 2
1104 648 3 8192 2.000000000 2
1104 660 3 8192 2.000000000 2
1104 664 3 8192 2.000000000 2
1104 672 3 8192 2.000000000 2
1104 696 3 8192 2.000000000 2
1104 708 3 8192 2.000000000 2
1104 772 3 8192 2.000000000 2
1104 780 3 8192 2.000000000 2
1104 808 3 8192 2.000000000 2
1104 836 3 8192 2.000000000 2
1104 860 3 8192 2.000000000 2
1104 908 3 8192 2.000000000 2
1104 912 3 8192 2.000000000 2
1104 932 3 8192 2.000000000 2
1104 948 3 8192 2.000000000 2
1104 960 3 8192 2.000000000 2
1104 996 3 8192 2.000000000 2
1104 1012 3 8192 2.000000000 2
1104 1040 3 8192 2.000000000 2
1104 1052 3 8192 2.000000000 2
1104 1088 3 8192 2.000000000 2
1104 1200 3 8192 2.000000000 2
1104 1220 3 8192 2.000000000 2
1108 12 3 8192 2.000000000 2
1108 28 3 8192 2.000000000 2
1108 52 3 8192 2.000000000 2
1108 84 3 8192 2.000000000 2
1108 88 3 8192 2.000000000 2
1108 96 3 8192 2.000000000 2
1108 100 3 8192 2.000000000 2
1108 112 3 8192 2.000000000 2
1108 148 3 8192 2.000000000 2
1108 168 3 8192 2.000000000 2
1108 176 3 8192 2.000000000 2
1108 232 3 8192 2.000000000 2
1108 240 3 8192 2.000000000 2
1108 248 3 8192 2.000000000 2
1108 252 3 8192 2.000000000 2
1108 284 3 8192 2.000000000 2
1108 292 3 8192 2.000000000 2
1108 332 3 8192 2.000000000 2
1108 356 3 8192 2.000000000 2
1108 368 3 8192 2.000000000 2
1108 380 3 8192 2.000000000 2
1108 428 3 8192 2.000000000 2
1108 440 3 8192 2.000000000 2
1108 444 3 8192 2.000000000 2
1108 452 3 8192 2.000000000 2
1108 456 3 8192 2.000000000 2
1108 516 3 8192 2.000000000 2
1108 532 3 8192 2.000000000 2
1108 548 3 8192 2.000000000 2
1108 600 3 8192 2.000000000 2
1108 624 3 8192 2.000000000 2
1108 648 3 8192 2.000000000 2
1108 668 3 8192 2.000000000 2
1108 684 3 8192 2.000000000 2
1108 704 3 8192 2.000000000 2
1108 708 3 8192 2.000000000 2
1108 716 3 8192 2.000000000 2
1108 724 3 8192 2.000000000 2
1108 744 3 8192 2.000000000 2
1108 760 3 8192 2.000000000 2
1108 792 3 8192 2.000000000 2
1108 804 3 8192 2.000000000 2
1108 812 3 8192 2.000000000 2
1108 832 3 8192 2.000000000 2
1108 856 3 8192 2.000000000 2
1108 864 3 8192 2.000000000 2
1108 900 3 8192 2.000000000 2
1108 932 3 8192 2.000000000 2
1108 956 3 8192 2.000000000 2
1108 964 3 8192 2.000000000 2
1108 968 3 8192 2.000000000 2
1108 1008 3 8192 2.000000000 2
1108 1052 3 8192 2.000000000 2
1108 1068 3 8192 2.000000000 2
1108 1112 3 8192 2.000000000 2
1108 1120 3 8192 2.000000000 2
1108 1128 3 8192 2.000000000 2
1108 1164 3 8192 2.000000000 2
1108 1180 3 8192 2.000000000 2
1108 1204 3 8192 2.000000000 2
1108 1224 3 8192 2.000000000 2
1108 1232 3 8192 2.000000000 2
1108 1252 3 8192 2.000000000 2
1108 1276 3 8192 2.000000000 2
1112 28 3 8192 2.000000000 2
1112 36 3 8192 2.000000000 2
1112 100 3 8192 2.000000000 2
1112 124 3 8192 2.000000000 2
1112 140 3 8192 2.000000000 2
1112 176 3 8192 2.000000000 2
1112 184 3 8192 2.000000000 2
1112 220 3 8192 2.000000000 2
1112 224 3 8192 2.000000000 2
1112 232 3 8192 2.000000000 2
1112 244 3 8192 2.000000000 2
1112 252 3 8192 2.000000000 2
1112 264 3 8192 2.000000000 2
1112 284 3 8192 2.000000000 2
1112 292 3 8192 2.000000000 2
1112 308 3 8192 2.000000000 2
1112 332 3 8192 2.000000000 2
1112 352 3 8192 2.000000000 2
1112 356 3 8192 2.000000000 2
1112 388 3 8192 2.000000000 2
1112 404 3 8192 2.000000000 2
1112 412 3 8192 2.000000000 2
1112 424 3 8192 2.000000000 2
1112 436 3 8192 2.000000000 2
1112 448 3 8192 2.000000000 2
1112 468 3 8192 2.000000000 2
1112 476 3 8192 2.000000000 2
1112 492 3 8192 2.000000000 2
1112 496 3 8192 2.000000000 2
1112 520 3 8192 2.000000000 2
1112 552 3 8192 2.000000000 2
1112 560 3 8192 2.000000000 2
1112 608 3 8192 2.000000000 2
1112 636 3 8192 2.000000000 2
1112 644 3 8192 2.000000000 2
1112 648 3 8192 2.000000000 2
1112 668 3 8192 2.000000000 2
1112 680 3 8192 2.000000000 2
1112 700 3 8192 2.000000000 2
1112 732 3 8192 2.000000000 2
1112 744 3 8192 2.000000000 2
1112 756 3 8192 2.000000000 2
1112 800 3 8192 2.000000000 2
1112 816 3 8192 2.000000000 2
1112 864 3 8192 2.000000000 2
1112 872 3 8192 2.000000000 2
1112 884 3 8192 2.000000000 2
1112 908 3 8192 2.000000000 2
1112 912 3 8192 2.000000000 2
1112 924 3 8192 2.000000000 2
1112 1004 3 8192 2.000000000 2
1112 1016 3 8192 2.000000000 2
1112 1068 3 8192 2.000000000 2
1112 1084 3 8192 2.000000000 2
1112 1108 3 8192 2.000000000 2
1112 1116 3 8192 2.000000000 2
1112 1128 3 8192 2.000000000 2
1112 1144 3 8192 2.000000000 2
1112 1168 3 8192 2.000000000 2
1112 1224 3 8192 2.000000000 2
1112 1236 3 8192 2.000000000 2
1112 1252 3 8192 2.000000000 2
1112 1256 3 8192 2.000000000 2
1112 1260 3 8192 2.000000000 2
1116 8 3 8192 2.000000000 2
1116 20 3 8192 2.000000000 2
1116 40 3 8192 2.000000000 2
1116 64 3 8192 2.000000000 2
1116 68 3 8192 2.000000000 2
1116 96 3 8192 2.000000000 2
1116 100 3 8192 2.000000000 2
1116 120 3 8192 2.000000000 2
1116 132 3 8192 2.000000000 2
1116 156 3 8192 2.000000000 2
1116 164 3 8192 2.000000000 2
1116 200 3 8192 2.000000000 2
1116 208 3 8192 2.000000000 2
1116 220 3 8192 2.000000000 2
1116 224 3 8192 2.000000000 2
1116 232 3 8192 2.000000000 2
1116 244 3 8192 2.000000000 2
1116 264 3 8192 2.000000000 2
1116 276 3 8192 2.000000000 2
1116 312 3 8192 2.000000000 2
1116 328 3 8192 2.000000000 2
1116 344 3 8192 2.000000000 2
1116 352 3 8192 2.000000000 2
1116 392 3 8192 2.000000000 2
1116 408 3 8192 2.000000000 2
1116 428 3 8192 2.000000000 2
1116 468 3 8192 2.000000000 2
1116 496 3 8192 2.000000000 2
1116 524 3 8192 2.000000000 2
1116 536 3 8192 2.000000000 2
1116 564 3 8192 2.000000000 2
1116 584 3 8192 2.000000000 2
1116 620 3 8192 2.000000000 2
1116 624 3 8192 2.000000000 2
1116 664 3 8192 2.000000000 2
1116 716 3 8192 2.000000000 2
1116 724 3 8192 2.000000000 2
1116 740 3 8192 2.000000000 2
1116 744 3 8192 2.000000000 2
1116 752 3 8192 2.000000000 2
1116 776 3 8192 2.000000000 2
1116 792 3 8192 2.000000000 2
1116 808 3 8192 2.000000000 2
1116 816 3 8192 2.000000000 2
1116 864 3 8192 2.000000000 2
1116 872 3 8192 2.000000000 2
1116 912 3 8192 2.000000000 2
1116 928 3 8192 2.000000000 2
1116 976 3 8192 2.000000000 2
1116 980 3 8192 2.000000000 2
1116 1004 3 8192 2.000000000 2
1116 1008 3 8192 2.000000000 2
1116 1012 3 8192 2.000000000 2
1116 1040 3 8192 2.000000000 2
1116 1052 3 8192 2.000000000 2
1116 1076 3 8192 2.000000000 2
1116 1084 3 8192 2.000000000 2
1116 1088 3 8192 2.000000000 2
1116 1128 3 8192 2.000000000 2
1116 1184 3 8192 2.000000000 2
1116 1204 3 8192 2.000000000 2
1116 1232 3 8192 2.000000000 2
1116 1264 3 8192 2.000000000 2
1116 1272 3 8192 2.000000000 2
1120 8 3 8192 2.000000000 2
1120 12 3 8192 2.000000000 2
1120 52 3 8192 2.000000000 2
1120 64 3 8192 2.000000000 2
1120 92 3 8192 2.000000000 2
1120 108 3 8192 2.000000000 2
1120 132 3 8192 2.000000000 2
1120 156 3 8192 2.000000000 2
1120 180 3 8192 2.000000000 2
1120 184 3 8192 2.000000000 2
1120 220 3 8192 2.000000000 2
1120 240 3 8192 2.000000000 2
1120 280 3 8192 2.000000000 2
1120 300 3 8192 2.000000000 2
1120 308 3 8192 2.000000000 2
1120 320 3 8192 2.000000000 2
1120 328 3 8192 2.000000000 2
1120 332 3 8192 2.000000000 2
1120 348 3 8192 2.000000000 2
1120 360 3 8192 2.000000000 2
1120 392 3 8192 2.000000000 2
1120 408 3 8192 2.000000000 2
1120 444 3 8192 2.000000000 2
1120 456 3 8192 2.000000000 2
1120 460 3 8192 2.000000000 2
1120 484 3 8192 2.000000000 2
1120 492 3 8192 2.000000000 2
1120 500 3 8192 2.000000000 2
1120 512 3 8192 2.000000000 2
1120 516 3 8192 2.000000000 2
1120 520 3 8192 2.000000000 2
1120 548 3 8192 2.000000000 2
1120 580 3 8192 2.000000000 2
1120 584 3 8192 2.000000000 2
1120 588 3 8192 2.000000000 2
1120 608 3 8192 2.000000000 2
1120 624 3 8192 2.000000000 2
1120 648 3 8192 2.000000000 2
1120 656 3 8192 2.000000000 2
1120 672 3 8192 2.000000000 2
1120 680 3 8192 2.000000000 2
1120 684 3 8192 2.000000000 2
1120 696 3 8192 2.000000000 2
1120 716 3 8192 2.000000000 2
1120 740 3 8192 2.000000000 2
1120 744 3 8192 2.000000000 2
1120 752 3 8192 2.000000000 2
1120 772 3 8192 2.000000000 2
1120 784 3 8192 2.000000000 2
1120 796 3 8192 2.000000000 2
1120 812 3 8192 2.000000000 2
1120 816 3 8192 2.000000000 2
1120 872 3 8192 2.000000000 2
1120 924 3 8192 2.000000000 2
1120 960 3 8192 2.000000000 2
1120 964 3 8192 2.000000000 2
1120 996 3 8192 2.000000000 2
1120 1012 3 8192 2.000000000 2
1120 1052 3 8192 2.000000000 2
1120 1068 3 8192 2.000000000 2
1120 1112 3 8192 2.000000000 2
1120 1172 3 8192 2.000000000 2
1120 1180 3 8192 2.000000000 2
1120 1260 3 8192 2.000000000 2
1128 0 3 8192 2.000000000 2
1128 20 3 8192 2.000000000 2
1128 40 3 8192 2.000000000 2
1128 60 3 8192 2.000000000 2
1128 68 3 8192 2.000000000 2
1128 80 3 8192 2.000000000 2
1128 84 3 8192 2.000000000 2
1128 108 3 8192 2.000000000 2
1128 112 3 8192 2.000000000 2
1128 116 3 8192 2.000000000 2
1128 152 3 8192 2.000000000 2
1128 172 3 8192 2.000000000 2
1128 196 3 8192 2.000000000 2
1128 200 3 8192 2.000000000 2
1128 220 3 8192 2.000000000 2
1128 240 3 8192 2.000000000 2
1128 244 3 8192 2.000000000 2
1128 276 3 8192 2.000000000 2
1128 280 3 8192 2.000000000 2
1128 312 3 8192 2.000000000 2
1128 344 3 8192 2.000000000 2
1128 348 3 8192 2.000000000 2
1128 380 3 8192 2.000000000 2
1128 404 3 8192 2.000000000 2
1128 412 3 8192 2.000000000 2
1128 424 3 8192 2.000000000 2
1128 460 3 8192 2.000000000 2
1128 468 3 8192 2.000000000 2
1128 472 3 8192 2.000000000 2
1128 504 3 8192 2.000000000 2
1128 540 3 8192 2.000000000 2
1128 552 3 8192 2.000000000 2
1128 600 3 8192 2.000000000 2
1128 612 3 8192 2.000000000 2
1128 644 3 8192 2.000000000 2
1128 660 3 8192 2.000000000 2
1128 668 3 8192 2.000000000 2
1128 704 3 8192 2.000000000 2
1128 756 3 8192 2.000000000 2
1128 816 3 8192 2.000000000 2
1128 824 3 8192 2.000000000 2
1128 832 3 8192 2.000000000 2
1128 860 3 8192 2.000000000 2
1128 876 3 8192 2.000000000 2
1128 892 3 8192 2.000000000 2
1128 904 3 8192 2.000000000 2
1128 928 3 8192 2.000000000 2
1128 932 3 8192 2.000000000 2
1128 960 3 8192 2.000000000 2
1128 964 3 8192 2.000000000 2
1128 988 3 8192 2.000000000 2
1128 1028 3 8192 2.000000000 2
1128 1036 3 8192 2.000000000 2
1128 1052 3 8192 2.000000000 2
1128 1104 3 8192 2.000000000 2
1128 1112 3 8192 2.000000000 2
1128 1120 3 8192 2.000000000 2
1128 1144 3 8192 2.000000000 2
1128 1156 3 8192 2.000000000 2
1128 1164 3 8192 2.000000000 2
1128 1172 3 8192 2.000000000 2
1128 1196 3 8192 2.000000000 2
1128 1220 3 8192 2.000000000 2
1128 1264 3 8192 2.000000000 2
1144 0 3 8192 2.000000000 2
1144 8 3 8192 2.000000000 2
1144 24 3 8192 2.000000000 2
1144 36 3 8192 2.000000000 2
1144 48 3 8192 2.000000000 2
1144 64 3 8192 2.000000000 2
1144 80 3 8192 2.000000000 2
1144 88 3 8192 2.000000000 2
1144 100 3 8192 2.000000000 2
1144 124 3 8192 2.000000000 2
1144 132 3 8192 2.000000000 2
1144 160 3 8192 2.000000000 2
1144 212 3 8192 2.000000000 2
1144 220 3 8192 2.000000000 2
1144 244 3 8192 2.000000000 2
1144 264 3 8192 2.000000000 2
1144 308 3 8192 2.000000000 2
1144 312 3 8192 2.000000000 2
1144 344 3 8192 2.000000000 2
1144 380 3 8192 2.000000000 2
1144 440 3 8192 2.000000000 2
1144 444 3 8192 2.000000000 2
1144 464 3 8192 2.000000000 2
1144 468 3 8192 2.000000000 2
1144 504 3 8192 2.000000000 2
1144 512 3 8192 2.000000000 2
1144 516 3 8192 2.000000000 2
1144 520 3 8192 2.000000000 2
1144 536 3 8192 2.000000000 2
1144 548 3 8192 2.000000000 2
1144 560 3 8192 2.000000000 2
1144 564 3 8192 2.000000000 2
1144 572 3 8192 2.000000000 2
1144 584 3 8192 2.000000000 2
1144 620 3 8192 2.000000000 2
1144 636 3 8192 2.000000000 2
1144 724 3 8192 2.000000000 2
1144 744 3 8192 2.000000000 2
1144 748 3 8192 2.000000000 2
1144 760 3 8192 2.000000000 2
1144 764 3 8192 2.000000000 2
1144 768 3 8192 2.000000000 2
1144 772 3 8192 2.000000000 2
1144 800 3 8192 2.000000000 2
1144 816 3 8192 2.000000000 2
1144 824 3 8192 2.000000000 2
1144 836 3 8192 2.000000000 2
1144 848 3 8192 2.000000000 2
1144 884 3 8192 2.000000000 2
1144 904 3 8192 2.000000000 2
1144 924 3 8192 2.000000000 2
1144 1004 3 8192 2.000000000 2
1144 1032 3 8192 2.000000000 2
1144 1040 3 8192 2.000000000 2
1144 1104 3 8192 2.000000000 2
1144 1112 3 8192 2.000000000 2
1144 1116 3 8192 2.000000000 2
1144 1120 3 8192 2.000000000 2
1144 1164 3 8192 2.000000000 2
1144 1180 3 8192 2.000000000 2
1144 1248 3 8192 2.000000000 2
1144 1260 3 8192 2.000000000 2
1144 1272 3 8192 2.000000000 2
1144 1276 3 8192 2.000000000 2
1148 0 3 8192 2.000000000 2
1148 8 3 8192 2.000000000 2
1148 12 3 8192 2.000000000 2
1148 16 3 8192 2.000000000 2
1148 20 3 8192 2.000000000 2
1148 40 3 8192 2.000000000 2
1148 48 3 8192 2.000000000 2
1148 68 3 8192 2.000000000 2
1148 72 3 8192 2.000000000 2
1148 84 3 8192 2.000000000 2
1148 120 3 8192 2.000000000 2
1148 144 3 8192 2.000000000 2
1148 148 3 8192 2.000000000 2
1148 160 3 8192 2.000000000 2
1148 172 3 8192 2.000000000 2
1148 196 3 8192 2.000000000 2
1148 224 3 8192 2.000000000 2
1148 236 3 8192 2.000000000 2
1148 248 3 8192 2.000000000 2
1148 264 3 8192 2.000000000 2
1148 272 3 8192 2.000000000 2
1148 296 3 8192 2.000000000 2
1148 320 3 8192 2.000000000 2
1148 332 3 8192 2.000000000 2
1148 388 3 8192 2.000000000 2
1148 392 3 8192 2.000000000 2
1148 420 3 8192 2.000000000 2
1148 432 3 8192 2.000000000 2
1148 448 3 8192 2.000000000 2
1148 452 3 8192 2.000000000 2
1148 480 3 8192 2.000000000 2
1148 484 3 8192 2.000000000 2
1148 512 3 8192 2.000000000 2
1148 548 3 8192 2.000000000 2
1148 556 3 8192 2.000000000 2
1148 560 3 8192 2.000000000 2
1148 568 3 8192 2.000000000 2
1148 580 3 8192 2.000000000 2
1148 588 3 8192 2.000000000 2
1148 596 3 8192 2.000000000 2
1148 624 3 8192 2.000000000 2
1148 660 3 8192 2.000000000 2
1148 680 3 8192 2.000000000 2
1148 684 3 8192 2.000000000 2
1148 704 3 8192 2.000000000 2
1148 740 3 8192 2.000000000 2
1148 780 3 8192 2.000000000 2
1148 808 3 8192 2.000000000 2
1148 816 3 8192 2.000000000 2
1148 824 3 8192 2.000000000 2
1148 856 3 8192 2.000000000 2
1148 872 3 8192 2.000000000 2
1148 956 3 8192 2.000000000 2
1148 960 3 8192 2.000000000 2
1148 968 3 8192 2.000000000 2
1148 996 3 8192 2.000000000 2
1148 1000 3 8192 2.000000000 2
1148 1052 3 8192 2.000000000 2
1148 1056 3 8192 2.000000000 2
1148 1068 3 8192 2.000000000 2
1148 1100 3 8192 2.000000000 2
1148 1128 3 8192 2.000000000 2
1148 1260 3 8192 2.000000000 2
1148 1276 3 8192 2.000000000 2
1156 0 3 8192 2.000000000 2
1156 12 3 8192 2.000000000 2
1156 20 3 8192 2.000000000 2
1156 36 3 8192 2.000000000 2
1156 44 3 8192 2.000000000 2
1156 56 3 8192 2.000000000 2
1156 64 3 8192 2.000000000 2
1156 68 3 8192 2.000000000 2
1156 72 3 8192 2.000000000 2
1156 108 3 8192 2.000000000 2
1156 132 3 8192 2.000000000 2
1156 164 3 8192 2.000000000 2
1156 176 3 8192 2.000000000 2
1156 220 3 8192 2.000000000 2
1156 264 3 8192 2.000000000 2
1156 308 3 8192 2.000000000 2
1156 324 3 8192 2.000000000 2
1156 348 3 8192 2.000000000 2
1156 368 3 8192 2.000000000 2
1156 412 3 8192 2.000000000 2
1156 448 3 8192 2.000000000 2
1156 456 3 8192 2.000000000 2
1156 484 3 8192 2.000000000 2
1156 488 3 8192 2.000000000 2
1156 516 3 8192 2.000000000 2
1156 520 3 8192 2.000000000 2
1156 532 3 8192 2.000000000 2
1156 584 3 8192 2.000000000 2
1156 608 3 8192 2.000000000 2
1156 620 3 8192 2.000000000 2
1156 624 3 8192 2.000000000 2
1156 636 3 8192 2.000000000 2
1156 644 3 8192 2.000000000 2
1156 648 3 8192 2.000000000 2
1156 696 3 8192 2.000000000 2
1156 700 3 8192 2.000000000 2
1156 736 3 8192 2.000000000 2
1156 740 3 8192 2.000000000 2
1156 780 3 8192 2.000000000 2
1156 816 3 8192 2.000000000 2
1156 848 3 8192 2.000000000 2
1156 864 3 8192 2.000000000 2
1156 872 3 8192 2.000000000 2
1156 876 3 8192 2.000000000 2
1156 884 3 8192 2.000000000 2
1156 900 3 8192 2.000000000 2
1156 904 3 8192 2.000000000 2
1156 924 3 8192 2.000000000 2
1156 980 3 8192 2.000000000 2
1156 996 3 8192 2.000000000 2
1156 1032 3 8192 2.000000000 2
1156 1056 3 8192 2.000000000 2
1156 1084 3 8192 2.000000000 2
1156 1092 3 8192 2.000000000 2
1156 1108 3 8192 2.000000000 2
1156 1112 3 8192 2.000000000 2
1156 1120 3 8192 2.000000000 2
1156 1148 3 8192 2.000000000 2
1156 1172 3 8192 2.000000000 2
1156 1196 3 8192 2.000000000 2
1156 1200 3 8192 2.000000000 2
1156 1204 3 8192 2.000000000 2
1156 1220 3 8192 2.000000000 2
1156 1276 3 8192 2.000000000 2
1164 8 3 8192 2.000000000 2
1164 12 3 8192 2.000000000 2
1164 40 3 8192 2.000000000 2
1164 44 3 8192 2.000000000 2
1164 48 3 8192 2.000000000 2
1164 88 3 8192 2.000000000 2
1164 92 3 8192 2.000000000 2
1164 108 3 8192 2.000000000 2
1164 116 3 8192 2.000000000 2
1164 120 3 8192 2.000000000 2
1164 124 3 8192 2.000000000 2
1164 176 3 8192 2.000000000 2
1164 196 3 8192 2.000000000 2
1164 208 3 8192 2.000000000 2
1164 248 3 8192 2.000000000 2
1164 252 3 8192 2.000000000 2
1164 264 3 8192 2.000000000 2
1164 272 3 8192 2.000000000 2
1164 284 3 8192 2.000000000 2
1164 292 3 8192 2.000000000 2
1164 296 3 8192 2.000000000 2
1164 308 3 8192 2.000000000 2
1164 324 3 8192 2.000000000 2
1164 328 3 8192 2.000000000 2
1164 368 3 8192 2.000000000 2
1164 388 3 8192 2.000000000 2
1164 408 3 8192 2.000000000 2
1164 480 3 8192 2.000000000 2
1164 492 3 8192 2.000000000 2
1164 516 3 8192 2.000000000 2
1164 540 3 8192 2.000000000 2
1164 552 3 8192 2.000000000 2
1164 560 3 8192 2.000000000 2
1164 564 3 8192 2.000000000 2
1164 596 3 8192 2.000000000 2
1164 620 3 8192 2.000000000 2
1164 632 3 8192 2.000000000 2
1164 648 3 8192 2.000000000 2
1164 664 3 8192 2.000000000 2
1164 668 3 8192 2.000000000 2
1164 680 3 8192 2.000000000 2
1164 704 3 8192 2.000000000 2
1164 760 3 8192 2.000000000 2
1164 776 3 8192 2.000000000 2
1164 812 3 8192 2.000000000 2
1164 832 3 8192 2.000000000 2
1164 836 3 8192 2.000000000 2
1164 856 3 8192 2.000000000 2
1164 860 3 8192 2.000000000 2
1164 912 3 8192 2.000000000 2
1164 932 3 8192 2.000000000 2
1164 936 3 8192 2.000000000 2
1164 968 3 8192 2.000000000 2
1164 980 3 8192 2.000000000 2
1164 1012 3 8192 2.000000000 2
1164 1020 3 8192 2.000000000 2
1164 1084 3 8192 2.000000000 2
1164 1100 3 8192 2.000000000 2
1164 1120 3 8192 2.000000000 2
1164 1128 3 8192 2.000000000 2
1164 1196 3 8192 2.000000000 2
1164 1224 3 8192 2.000000000 2
1164 1260 3 8192 2.000000000 2
1164 1264 3 8192 2.000000000 2
1168 8 3 8192 2.000000000 2
1168 44 3 8192 2.000000000 2
1168 48 3 8192 2.000000000 2
1168 52 3 8192 2.000000000 2
1168 60 3 8192 2.000000000 2
1168 64 3 8192 2.000000000 2
1168 84 3 8192 2.000000000 2
1168 92 3 8192 2.000000000 2
1168 132 3 8192 2.000000000 2
1168 140 3 8192 2.000000000 2
1168 164 3 8192 2.000000000 2
1168 200 3 8192 2.000000000 2
1168 276 3 8192 2.000000000 2
1168 280 3 8192 2.000000000 2
1168 300 3 8192 2.000000000 2
1168 316 3 8192 2.000000000 2
1168 332 3 8192 2.000000000 2
1168 352 3 8192 2.000000000 2
1168 400 3 8192 2.000000000 2
1168 404 3 8192 2.000000000 2
1168 412 3 8192 2.000000000 2
1168 420 3 8192 2.000000000 2
1168 424 3 8192 2.000000000 2
1168 428 3 8192 2.000000000 2
1168 432 3 8192 2.000000000 2
1168 440 3 8192 2.000000000 2
1168 468 3 8192 2.000000000 2
1168 472 3 8192 2.000000000 2
1168 484 3 8192 2.000000000 2
1168 496 3 8192 2.000000000 2
1168 504 3 8192 2.000000000 2
1168 536 3 8192 2.000000000 2
1168 584 3 8192 2.000000000 2
1168 636 3 8192 2.000000000 2
1168 664 3 8192 2.000000000 2
1168 672 3 8192 2.000000000 2
1168 720 3 8192 2.000000000 2
1168 740 3 8192 2.000000000 2
1168 752 3 8192 2.000000000 2
1168 792 3 8192 2.000000000 2
1168 808 3 8192 2.000000000 2
1168 828 3 8192 2.000000000 2
1168 856 3 8192 2.000000000 2
1168 884 3 8192 2.000000000 2
1168 888 3 8192 2.000000000 2
1168 912 3 8192 2.000000000 2
1168 932 3 8192 2.000000000 2
1168 964 3 8192 2.000000000 2
1168 980 3 8192 2.000000000 2
1168 984 3 8192 2.000000000 2
1168 1016 3 8192 2.000000000 2
1168 1028 3 8192 2.000000000 2
1168 1032 3 8192 2.000000000 2
1168 1048 3 8192 2.000000000 2
1168 1052 3 8192 2.000000000 2
1168 1056 3 8192 2.000000000 2
1168 1084 3 8192 2.000000000 2
1168 1100 3 8192 2.000000000 2
1168 1156 3 8192 2.000000000 2
1168 1172 3 8192 2.000000000 2
1168 1200 3 8192 2.000000000 2
1168 1220 3 8192 2.000000000 2
1168 1224 3 8192 2.000000000 2
1168 1276 3 8192 2.000000000 2
1172 0 3 8192 2.000000000 2
1172 4 3 8192 2.000000000 2
1172 12 3 8192 2.000000000 2
1172 20 3 8192 2.000000000 2
1172 40 3 8192 2.000000000 2
1172 60 3 8192 2.000000000 2
1172 64 3 8192 2.000000000 2
1172 140 3 8192 2.000000000 2
1172 148 3 8192 2.000000000 2
1172 160 3 8192 2.000000000 2
1172 172 3 8192 2.000000000 2
1172 176 3 8192 2.000000000 2
1172 232 3 8192 2.000000000 2
1172 264 3 8192 2.000000000 2
1172 272 3 8192 2.000000000 2
1172 280 3 8192 2.000000000 2
1172 292 3 8192 2.000000000 2
1172 304 3 8192 2.000000000 2
1172 320 3 8192 2.000000000 2
1172 324 3 8192 2.000000000 2
1172 388 3 8192 2.000000000 2
1172 392 3 8192 2.000000000 2
1172 404 3 8192 2.000000000 2
1172 456 3 8192 2.000000000 2
1172 464 3 8192 2.000000000 2
1172 492 3 8192 2.000000000 2
1172 496 3 8192 2.000000000 2
1172 528 3 8192 2.000000000 2
1172 548 3 8192 2.000000000 2
1172 624 3 8192 2.000000000 2
1172 640 3 8192 2.000000000 2
1172 644 3 8192 2.000000000 2
1172 720 3 8192 2.000000000 2
1172 744 3 8192 2.000000000 2
1172 752 3 8192 2.000000000 2
1172 756 3 8192 2.000000000 2
1172 768 3 8192 2.000000000 2
1172 780 3 8192 2.000000000 2
1172 804 3 8192 2.000000000 2
1172 808 3 8192 2.000000000 2
1172 812 3 8192 2.000000000 2
1172 816 3 8192 2.000000000 2
1172 824 3 8192 2.000000000 2
1172 848 3 8192 2.000000000 2
1172 860 3 8192 2.000000000 2
1172 884 3 8192 2.000000000 2
1172 944 3 8192 2.000000000 2
1172 964 3 8192 2.000000000 2
1172 984 3 8192 2.000000000 2
1172 1004 3 8192 2.000000000 2
1172 1020 3 8192 2.000000000 2
1172 1048 3 8192 2.000000000 2
1172 1092 3 8192 2.000000000 2
1172 1100 3 8192 2.000000000 2
1172 1104 3 8192 2.000000000 2
1172 1108 3 8192 2.000000000 2
1172 1144 3 8192 2.000000000 2
1172 1148 3 8192 2.000000000 2
1172 1156 3 8192 2.000000000 2
1172 1164 3 8192 2.000000000 2
1172 1236 3 8192 2.000000000 2
1172 1244 3 8192 2.000000000 2
1172 1252 3 8192 2.000000000 2
1172 1276 3 8192 2.000000000 2
1180 16 3 8192 2.000000000 2
1180 32 3 8192 2.000000000 2
1180 40 3 8192 2.000000000 2
1180 44 3 8192 2.000000000 2
1180 52 3 8192 2.000000000 2
1180 60 3 8192 2.000000000 2
1180 72 3 8192 2.000000000 2
1180 88 3 8192 2.000000000 2
1180 112 3 8192 2.000000000 2
1180 124 3 8192 2.000000000 2
1180 172 3 8192 2.000000000 2
1180 176 3 8192 2.000000000 2
1180 184 3 8192 2.000000000 2
1180 196 3 8192 2.000000000 2
1180 200 3 8192 2.000000000 2
1180 208 3 8192 2.000000000 2
1180 232 3 8192 2.000000000 2
1180 244 3 8192 2.000000000 2
1180 292 3 8192 2.000000000 2
1180 300 3 8192 2.000000000 2
1180 324 3 8192 2.000000000 2
1180 332 3 8192 2.000000000 2
1180 348 3 8192 2.000000000 2
1180 404 3 8192 2.000000000 2
1180 412 3 8192 2.000000000 2
1180 436 3 8192 2.000000000 2
1180 456 3 8192 2.000000000 2
1180 464 3 8192 2.000000000 2
1180 468 3 8192 2.000000000 2
1180 480 3 8192 2.000000000 2
1180 500 3 8192 2.000000000 2
1180 564 3 8192 2.000000000 2
1180 568 3 8192 2.000000000 2
1180 584 3 8192 2.000000000 2
1180 600 3 8192 2.000000000 2
1180 632 3 8192 2.000000000 2
1180 656 3 8192 2.000000000 2
1180 700 3 8192 2.000000000 2
1180 704 3 8192 2.000000000 2
1180 720 3 8192 2.000000000 2
1180 760 3 8192 2.000000000 2
1180 796 3 8192 2.000000000 2
1180 800 3 8192 2.000000000 2
1180 828 3 8192 2.000000000 2
1180 832 3 8192 2.000000000 2
1180 848 3 8192 2.000000000 2
1180 884 3 8192 2.000000000 2
1180 892 3 8192 2.000000000 2
1180 928 3 8192 2.000000000 2
1180 1016 3 8192 2.000000000 2
1180 1020 3 8192 2.000000000 2
1180 1052 3 8192 2.000000000 2
1180 1056 3 8192 2.000000000 2
1180 1080 3 8192 2.000000000 2
1180 1084 3 8192 2.000000000 2
1180 1092 3 8192 2.000000000 2
1180 1108 3 8192 2.000000000 2
1180 1128 3 8192 2.000000000 2
1180 1148 3 8192 2.000000000 2
1180 1164 3 8192 2.000000000 2
1180 1168 3 8192 2.000000000 2
1180 1184 3 8192 2.000000000 2
1180 1220 3 8192 2.000000000 2
1180 1260 3 8192 2.000000000 2
1184 12 3 8192 2.000000000 2
1184 24 3 8192 2.000000000 2
1184 40 3 8192 2.000000000 2
1184 44 3 8192 2.000000000 2
1184 48 3 8192 2.000000000 2
1184 64 3 8192 2.000000000 2
1184 72 3 8192 2.000000000 2
1184 88 3 8192 2.000000000 2
1184 96 3 8192 2.000000000 2
1184 116 3 8192 2.000000000 2
1184 124 3 8192 2.000000000 2
1184 156 3 8192 2.000000000 2
1184 172 3 8192 2.000000000 2
1184 192 3 8192 2.000000000 2
1184 224 3 8192 2.000000000 2
1184 244 3 8192 2.000000000 2
1184 252 3 8192 2.000000000 2
1184 272 3 8192 2.000000000 2
1184 284 3 8192 2.000000000 2
1184 296 3 8192 2.000000000 2
1184 312 3 8192 2.000000000 2
1184 320 3 8192 2.000000000 2
1184 380 3 8192 2.000000000 2
1184 392 3 8192 2.000000000 2
1184 428 3 8192 2.000000000 2
1184 432 3 8192 2.000000000 2
1184 436 3 8192 2.000000000 2
1184 440 3 8192 2.000000000 2
1184 448 3 8192 2.000000000 2
1184 452 3 8192 2.000000000 2
1184 480 3 8192 2.000000000 2
1184 504 3 8192 2.000000000 2
1184 532 3 8192 2.000000000 2
1184 588 3 8192 2.000000000 2
1184 612 3 8192 2.000000000 2
1184 620 3 8192 2.000000000 2
1184 624 3 8192 2.000000000 2
1184 660 3 8192 2.000000000 2
1184 664 3 8192 2.000000000 2
1184 672 3 8192 2.000000000 2
1184 680 3 8192 2.000000000 2
1184 700 3 8192 2.000000000 2
1184 736 3 8192 2.000000000 2
1184 744 3 8192 2.000000000 2
1184 772 3 8192 2.000000000 2
1184 812 3 8192 2.000000000 2
1184 860 3 8192 2.000000000 2
1184 864 3 8192 2.000000000 2
1184 872 3 8192 2.000000000 2
1184 932 3 8192 2.000000000 2
1184 948 3 8192 2.000000000 2
1184 956 3 8192 2.000000000 2
1184 1012 3 8192 2.000000000 2
1184 1016 3 8192 2.000000000 2
1184 1040 3 8192 2.000000000 2
1184 1052 3 8192 2.000000000 2
1184 1056 3 8192 2.000000000 2
1184 1080 3 8192 2.000000000 2
1184 1116 3 8192 2.000000000 2
1184 1172 3 8192 2.000000000 2
1184 1180 3 8192 2.000000000 2
1184 1236 3 8192 2.000000000 2
1184 1244 3 8192 2.000000000 2
1184 1264 3 8192 2.000000000 2
1196 8 3 8192 2.000000000 2
1196 24 3 8192 2.000000000 2
1196 32 3 8192 2.000000000 2
1196 36 3 8192 2.000000000 2
1196 56 3 8192 2.000000000 2
1196 112 3 8192 2.000000000 2
1196 116 3 8192 2.000000000 2
1196 124 3 8192 2.000000000 2
1196 140 3 8192 2.000000000 2
1196 148 3 8192 2.000000000 2
1196 164 3 8192 2.000000000 2
1196 168 3 8192 2.000000000 2
1196 172 3 8192 2.000000000 2
1196 184 3 8192 2.000000000 2
1196 216 3 8192 2.000000000 2
1196 264 3 8192 2.000000000 2
1196 276 3 8192 2.000000000 2
1196 300 3 8192 2.000000000 2
1196 320 3 8192 2.000000000 2
1196 328 3 8192 2.000000000 2
1196 356 3 8192 2.000000000 2
1196 368 3 8192 2.000000000 2
1196 380 3 8192 2.000000000 2
1196 448 3 8192 2.000000000 2
1196 452 3 8192 2.000000000 2
1196 456 3 8192 2.000000000 2
1196 460 3 8192 2.000000000 2
1196 496 3 8192 2.000000000 2
1196 512 3 8192 2.000000000 2
1196 584 3 8192 2.000000000 2
1196 600 3 8192 2.000000000 2
1196 608 3 8192 2.000000000 2
1196 644 3 8192 2.000000000 2
1196 648 3 8192 2.000000000 2
1196 664 3 8192 2.000000000 2
1196 684 3 8192 2.000000000 2
1196 700 3 8192 2.000000000 2
1196 724 3 8192 2.000000000 2
1196 736 3 8192 2.000000000 2
1196 780 3 8192 2.000000000 2
1196 836 3 8192 2.000000000 2
1196 848 3 8192 2.000000000 2
1196 856 3 8192 2.000000000 2
1196 860 3 8192 2.000000000 2
1196 884 3 8192 2.000000000 2
1196 904 3 8192 2.000000000 2
1196 924 3 8192 2.000000000 2
1196 968 3 8192 2.000000000 2
1196 988 3 8192 2.000000000 2
1196 1000 3 8192 2.000000000 2
1196 1004 3 8192 2.000000000 2
1196 1008 3 8192 2.000000000 2
1196 1016 3 8192 2.000000000 2
1196 1056 3 8192 2.000000000 2
1196 1068 3 8192 2.000000000 2
1196 1076 3 8192 2.000000000 2
1196 1084 3 8192 2.000000000 2
1196 1108 3 8192 2.000000000 2
1196 1120 3 8192 2.000000000 2
1196 1144 3 8192 2.000000000 2
1196 1172 3 8192 2.000000000 2
1196 1204 3 8192 2.000000000 2
1196 1244 3 8192 2.000000000 2
1196 1272 3 8192 2.000000000 2
1200 0 3 8192 2.000000000 2
1200 4 3 8192 2.000000000 2
1200 16 3 8192 2.000000000 2
1200 28 3 8192 2.000000000 2
1200 40 3 8192 2.000000000 2
1200 44 3 8192 2.000000000 2
1200 48 3 8192 2.000000000 2
1200 72 3 8192 2.000000000 2
1200 84 3 8192 2.000000000 2
1200 112 3 8192 2.000000000 2
1200 124 3 8192 2.000000000 2
1200 128 3 8192 2.000000000 2
1200 140 3 8192 2.000000000 2
1200 152 3 8192 2.000000000 2
1200 156 3 8192 2.000000000 2
1200 164 3 8192 2.000000000 2
1200 168 3 8192 2.000000000 2
1200 200 3 8192 2.000000000 2
1200 264 3 8192 2.000000000 2
1200 272 3 8192 2.000000000 2
1200 292 3 8192 2.000000000 2
1200 300 3 8192 2.000000000 2
1200 332 3 8192 2.000000000 2
1200 348 3 8192 2.000000000 2
1200 392 3 8192 2.000000000 2
1200 448 3 8192 2.000000000 2
1200 456 3 8192 2.000000000 2
1200 460 3 8192 2.000000000 2
1200 468 3 8192 2.000000000 2
1200 480 3 8192 2.000000000 2
1200 484 3 8192 2.000000000 2
1200 504 3 8192 2.000000000 2
1200 520 3 8192 2.000000000 2
1200 552 3 8192 2.000000000 2
1200 588 3 8192 2.000000000 2
1200 608 3 8192 2.000000000 2
1200 656 3 8192 2.000000000 2
1200 660 3 8192 2.000000000 2
1200 672 3 8192 2.000000000 2
1200 684 3 8192 2.000000000 2
1200 700 3 8192 2.000000000 2
1200 704 3 8192 2.000000000 2
1200 708 3 8192 2.000000000 2
1200 720 3 8192 2.000000000 2
1200 732 3 8192 2.000000000 2
1200 748 3 8192 2.000000000 2
1200 816 3 8192 2.000000000 2
1200 828 3 8192 2.000000000 2
1200 856 3 8192 2.000000000 2
1200 904 3 8192 2.000000000 2
1200 928 3 8192 2.000000000 2
1200 960 3 8192 2.000000000 2
1200 980 3 8192 2.000000000 2
1200 984 3 8192 2.000000000 2
1200 988 3 8192 2.000000000 2
1200 1020 3 8192 2.000000000 2
1200 1040 3 8192 2.000000000 2
1200 1048 3 8192 2.000000000 2
1200 1052 3 8192 2.000000000 2
1200 1068 3 8192 2.000000000 2
1200 1144 3 8192 2.000000000 2
1200 1156 3 8192 2.000000000 2
1200 1196 3 8192 2.000000000 2
1200 1276 3 8192 2.000000000 2
1204 4 3 8192 2.000000000 2
1204 20 3 8192 2.000000000 2
1204 24 3 8192 2.000000000 2
1204 40 3 8192 2.000000000 2
1204 48 3 8192 2.000000000 2
1204 52 3 8192 2.000000000 2
1204 64 3 8192 2.000000000 2
1204 80 3 8192 2.000000000 2
1204 88 3 8192 2.000000000 2
1204 108 3 8192 2.000000000 2
1204 120 3 8192 2.000000000 2
1204 128 3 8192 2.000000000 2
1204 140 3 8192 2.000000000 2
1204 164 3 8192 2.000000000 2
1204 168 3 8192 2.000000000 2
1204 172 3 8192 2.000000000 2
1204 176 3 8192 2.000000000 2
1204 184 3 8192 2.000000000 2
1204 208 3 8192 2.000000000 2
1204 216 3 8192 2.000000000 2
1204 224 3 8192 2.000000000 2
1204 252 3 8192 2.000000000 2
1204 264 3 8192 2.000000000 2
1204 272 3 8192 2.000000000 2
1204 296 3 8192 2.000000000 2
1204 304 3 8192 2.000000000 2
1204 332 3 8192 2.000000000 2
1204 360 3 8192 2.000000000 2
1204 368 3 8192 2.000000000 2
1204 404 3 8192 2.000000000 2
1204 452 3 8192 2.000000000 2
1204 512 3 8192 2.000000000 2
1204 608 3 8192 2.000000000 2
1204 636 3 8192 2.000000000 2
1204 656 3 8192 2.000000000 2
1204 716 3 8192 2.000000000 2
1204 740 3 8192 2.000000000 2
1204 748 3 8192 2.000000000 2
1204 756 3 8192 2.000000000 2
1204 760 3 8192 2.000000000 2
1204 764 3 8192 2.000000000 2
1204 768 3 8192 2.000000000 2
1204 784 3 8192 2.000000000 2
1204 792 3 8192 2.000000000 2
1204 804 3 8192 2.000000000 2
1204 824 3 8192 2.000000000 2
1204 860 3 8192 2.000000000 2
1204 864 3 8192 2.000000000 2
1204 872 3 8192 2.000000000 2
1204 884 3 8192 2.000000000 2
1204 924 3 8192 2.000000000 2
1204 932 3 8192 2.000000000 2
1204 940 3 8192 2.000000000 2
1204 944 3 8192 2.000000000 2
1204 960 3 8192 2.000000000 2
1204 996 3 8192 2.000000000 2
1204 1080 3 8192 2.000000000 2
1204 1084 3 8192 2.000000000 2
1204 1088 3 8192 2.000000000 2
1204 1112 3 8192 2.000000000 2
1204 1116 3 8192 2.000000000 2
1204 1120 3 8192 2.000000000 2
1204 1184 3 8192 2.000000000 2
1204 1244 3 8192 2.000000000 2
1220 16 3 8192 2.000000000 2
1220 24 3 8192 2.000000000 2
1220 44 3 8192 2.000000000 2
1220 68 3 8192 2.000000000 2
1220 88 3 8192 2.000000000 2
1220 92 3 8192 2.000000000 2
1220 100 3 8192 2.000000000 2
1220 112 3 8192 2.000000000 2
1220 128 3 8192 2.000000000 2
1220 160 3 8192 2.000000000 2
1220 164 3 8192 2.000000000 2
1220 176 3 8192 2.000000000 2
1220 196 3 8192 2.000000000 2
1220 236 3 8192 2.000000000 2
1220 272 3 8192 2.000000000 2
1220 280 3 8192 2.000000000 2
1220 324 3 8192 2.000000000 2
1220 344 3 8192 2.000000000 2
1220 352 3 8192 2.000000000 2
1220 388 3 8192 2.000000000 2
1220 404 3 8192 2.000000000 2
1220 440 3 8192 2.000000000 2
1220 464 3 8192 2.000000000 2
1220 504 3 8192 2.000000000 2
1220 516 3 8192 2.000000000 2
1220 520 3 8192 2.000000000 2
1220 528 3 8192 2.000000000 2
1220 532 3 8192 2.000000000 2
1220 564 3 8192 2.000000000 2
1220 612 3 8192 2.000000000 2
1220 636 3 8192 2.000000000 2
1220 660 3 8192 2.000000000 2
1220 672 3 8192 2.000000000 2
1220 680 3 8192 2.000000000 2
1220 684 3 8192 2.000000000 2
1220 696 3 8192 2.000000000 2
1220 720 3 8192 2.000000000 2
1220 732 3 8192 2.000000000 2
1220 736 3 8192 2.000000000 2
1220 752 3 8192 2.000000000 2
1220 760 3 8192 2.000000000 2
1220 776 3 8192 2.000000000 2
1220 792 3 8192 2.000000000 2
1220 800 3 8192 2.000000000 2
1220 828 3 8192 2.000000000 2
1220 872 3 8192 2.000000000 2
1220 936 3 8192 2.000000000 2
1220 940 3 8192 2.000000000 2
1220 956 3 8192 2.000000000 2
1220 960 3 8192 2.000000000 2
1220 996 3 8192 2.000000000 2
1220 1032 3 8192 2.000000000 2
1220 1052 3 8192 2.000000000 2
1220 1056 3 8192 2.000000000 2
1220 1088 3 8192 2.000000000 2
1220 1092 3 8192 2.000000000 2
1220 1112 3 8192 2.000000000 2
1220 1156 3 8192 2.000000000 2
1220 1168 3 8192 2.000000000 2
1220 1180 3 8192 2.000000000 2
1220 1196 3 8192 2.000000000 2
1220 1232 3 8192 2.000000000 2
1220 1256 3 8192 2.000000000 2
1220 1260 3 8192 2.000000000 2
1224 24 3 8192 2.000000000 2
1224 40 3 8192 2.000000000 2
1224 48 3 8192 2.000000000 2
1224 52 3 8192 2.000000000 2
1224 80 3 8192 2.000000000 2
1224 168 3 8192 2.000000000 2
1224 172 3 8192 2.000000000 2
1224 184 3 8192 2.000000000 2
1224 200 3 8192 2.000000000 2
1224 232 3 8192 2.000000000 2
1224 240 3 8192 2.000000000 2
1224 244 3 8192 2.000000000 2
1224 272 3 8192 2.000000000 2
1224 284 3 8192 2.000000000 2
1224 300 3 8192 2.000000000 2
1224 328 3 8192 2.000000000 2
1224 352 3 8192 2.000000000 2
1224 380 3 8192 2.000000000 2
1224 392 3 8192 2.000000000 2
1224 404 3 8192 2.000000000 2
1224 420 3 8192 2.000000000 2
1224 440 3 8192 2.000000000 2
1224 456 3 8192 2.000000000 2
1224 460 3 8192 2.000000000 2
1224 500 3 8192 2.000000000 2
1224 520 3 8192 2.000000000 2
1224 528 3 8192 2.000000000 2
1224 532 3 8192 2.000000000 2
1224 536 3 8192 2.000000000 2
1224 556 3 8192 2.000000000 2
1224 600 3 8192 2.000000000 2
1224 608 3 8192 2.000000000 2
1224 620 3 8192 2.000000000 2
1224 660 3 8192 2.000000000 2
1224 684 3 8192 2.000000000 2
1224 696 3 8192 2.000000000 2
1224 700 3 8192 2.000000000 2
1224 748 3 8192 2.000000000 2
1224 752 3 8192 2.000000000 2
1224 760 3 8192 2.000000000 2
1224 772 3 8192 2.000000000 2
1224 776 3 8192 2.000000000 2
1224 804 3 8192 2.000000000 2
1224 808 3 8192 2.000000000 2
1224 828 3 8192 2.000000000 2
1224 884 3 8192 2.000000000 2
1224 892 3 8192 2.000000000 2
1224 900 3 8192 2.000000000 2
1224 912 3 8192 2.000000000 2
1224 932 3 8192 2.000000000 2
1224 936 3 8192 2.000000000 2
1224 1000 3 8192 2.000000000 2
1224 1012 3 8192 2.000000000 2
1224 1016 3 8192 2.000000000 2
1224 1032 3 8192 2.000000000 2
1224 1040 3 8192 2.000000000 2
1224 1056 3 8192 2.000000000 2
1224 1092 3 8192 2.000000000 2
1224 1120 3 8192 2.000000000 2
1224 1164 3 8192 2.000000000 2
1224 1184 3 8192 2.000000000 2
1224 1200 3 8192 2.000000000 2
1224 1232 3 8192 2.000000000 2
1224 1272 3 8192 2.000000000 2
1232 0 3 8192 2.000000000 2
1232 12 3 8192 2.000000000 2
1232 48 3 8192 2.000000000 2
1232 68 3 8192 2.000000000 2
1232 152 3 8192 2.000000000 2
1232 160 3 8192 2.000000000 2
1232 172 3 8192 2.000000000 2
1232 180 3 8192 2.000000000 2
1232 192 3 8192 2.000000000 2
1232 224 3 8192 2.000000000 2
1232 236 3 8192 2.000000000 2
1232 248 3 8192 2.000000000 2
1232 264 3 8192 2.000000000 2
1232 296 3 8192 2.000000000 2
1232 300 3 8192 2.000000000 2
1232 328 3 8192 2.000000000 2
1232 332 3 8192 2.000000000 2
1232 348 3 8192 2.000000000 2
1232 360 3 8192 2.000000000 2
1232 368 3 8192 2.000000000 2
1232 392 3 8192 2.000000000 2
1232 404 3 8192 2.000000000 2
1232 408 3 8192 2.000000000 2
1232 476 3 8192 2.000000000 2
1232 484 3 8192 2.000000000 2
1232 496 3 8192 2.000000000 2
1232 532 3 8192 2.000000000 2
1232 536 3 8192 2.000000000 2
1232 560 3 8192 2.000000000 2
1232 596 3 8192 2.000000000 2
1232 632 3 8192 2.000000000 2
1232 644 3 8192 2.000000000 2
1232 648 3 8192 2.000000000 2
1232 656 3 8192 2.000000000 2
1232 700 3 8192 2.000000000 2
1232 704 3 8192 2.000000000 2
1232 740 3 8192 2.000000000 2
1232 748 3 8192 2.000000000 2
1232 756 3 8192 2.000000000 2
1232 768 3 8192 2.000000000 2
1232 784 3 8192 2.000000000 2
1232 792 3 8192 2.000000000 2
1232 808 3 8192 2.000000000 2
1232 832 3 8192 2.000000000 2
1232 908 3 8192 2.000000000 2
1232 924 3 8192 2.000000000 2
1232 928 3 8192 2.000000000 2
1232 948 3 8192 2.000000000 2
1232 956 3 8192 2.000000000 2
1232 964 3 8192 2.000000000 2
1232 976 3 8192 2.000000000 2
1232 1004 3 8192 2.000000000 2
1232 1020 3 8192 2.000000000 2
1232 1052 3 8192 2.000000000 2
1232 1080 3 8192 2.000000000 2
1232 1104 3 8192 2.000000000 2
1232 1112 3 8192 2.000000000 2
1232 1200 3 8192 2.000000000 2
1232 1204 3 8192 2.000000000 2
1232 1224 3 8192 2.000000000 2
1232 1248 3 8192 2.000000000 2
1232 1252 3 8192 2.000000000 2
1232 1264 3 8192 2.000000000 2
1232 1272 3 8192 2.000000000 2
1236 0 3 8192 2.000000000 2
1236 12 3 8192 2.000000000 2
1236 16 3 8192 2.000000000 2
1236 24 3 8192 2.000000000 2
1236 52 3 8192 2.000000000 2
1236 60 3 8192 2.000000000 2
1236 64 3 8192 2.000000000 2
1236 72 3 8192 2.000000000 2
1236 96 3 8192 2.000000000 2
1236 132 3 8192 2.000000000 2
1236 144 3 8192 2.000000000 2
1236 148 3 8192 2.000000000 2
1236 160 3 8192 2.000000000 2
1236 212 3 8192 2.000000000 2
1236 224 3 8192 2.000000000 2
1236 240 3 8192 2.000000000 2
1236 244 3 8192 2.000000000 2
1236 280 3 8192 2.000000000 2
1236 296 3 8192 2.000000000 2
1236 312 3 8192 2.000000000 2
1236 324 3 8192 2.000000000 2
1236 400 3 8192 2.000000000 2
1236 404 3 8192 2.000000000 2
1236 444 3 8192 2.000000000 2
1236 448 3 8192 2.000000000 2
1236 460 3 8192 2.000000000 2
1236 520 3 8192 2.000000000 2
1236 536 3 8192 2.000000000 2
1236 548 3 8192 2.000000000 2
1236 552 3 8192 2.000000000 2
1236 560 3 8192 2.000000000 2
1236 684 3 8192 2.000000000 2
1236 696 3 8192 2.000000000 2
1236 748 3 8192 2.000000000 2
1236 756 3 8192 2.000000000 2
1236 780 3 8192 2.000000000 2
1236 804 3 8192 2.000000000 2
1236 808 3 8192 2.000000000 2
1236 816 3 8192 2.000000000 2
1236 824 3 8192 2.000000000 2
1236 848 3 8192 2.000000000 2
1236 856 3 8192 2.000000000 2
1236 864 3 8192 2.000000000 2
1236 876 3 8192 2.000000000 2
1236 904 3 8192 2.000000000 2
1236 924 3 8192 2.000000000 2
1236 928 3 8192 2.000000000 2
1236 948 3 8192 2.000000000 2
1236 956 3 8192 2.000000000 2
1236 968 3 8192 2.000000000 2
1236 980 3 8192 2.000000000 2
1236 1012 3 8192 2.000000000 2
1236 1028 3 8192 2.000000000 2
1236 1036 3 8192 2.000000000 2
1236 1040 3 8192 2.000000000 2
1236 1052 3 8192 2.000000000 2
1236 1068 3 8192 2.000000000 2
1236 1104 3 8192 2.000000000 2
1236 1108 3 8192 2.000000000 2
1236 1116 3 8192 2.000000000 2
1236 1168 3 8192 2.000000000 2
1236 1172 3 8192 2.000000000 2
1236 1244 3 8192 2.000000000 2
1236 1272 3 8192 2.000000000 2
1244 20 3 8192 2.000000000 2
1244 60 3 8192 2.000000000 2
1244 116 3 8192 2.000000000 2
1244 120 3 8192 2.000000000 2
1244 156 3 8192 2.000000000 2
1244 168 3 8192 2.000000000 2
1244 176 3 8192 2.000000000 2
1244 200 3 8192 2.000000000 2
1244 232 3 8192 2.000000000 2
1244 248 3 8192 2.000000000 2
1244 272 3 8192 2.000000000 2
1244 284 3 8192 2.000000000 2
1244 296 3 8192 2.000000000 2
1244 304 3 8192 2.000000000 2
1244 328 3 8192 2.000000000 2
1244 332 3 8192 2.000000000 2
1244 380 3 8192 2.000000000 2
1244 392 3 8192 2.000000000 2
1244 400 3 8192 2.000000000 2
1244 404 3 8192 2.000000000 2
1244 420 3 8192 2.000000000 2
1244 448 3 8192 2.000000000 2
1244 496 3 8192 2.000000000 2
1244 512 3 8192 2.000000000 2
1244 564 3 8192 2.000000000 2
1244 568 3 8192 2.000000000 2
1244 580 3 8192 2.000000000 2
1244 596 3 8192 2.000000000 2
1244 600 3 8192 2.000000000 2
1244 644 3 8192 2.000000000 2
1244 660 3 8192 2.000000000 2
1244 668 3 8192 2.000000000 2
1244 672 3 8192 2.000000000 2
1244 700 3 8192 2.000000000 2
1244 724 3 8192 2.000000000 2
1244 744 3 8192 2.000000000 2
1244 748 3 8192 2.000000000 2
1244 756 3 8192 2.000000000 2
1244 772 3 8192 2.000000000 2
1244 812 3 8192 2.000000000 2
1244 816 3 8192 2.000000000 2
1244 848 3 8192 2.000000000 2
1244 872 3 8192 2.000000000 2
1244 900 3 8192 2.000000000 2
1244 904 3 8192 2.000000000 2
1244 908 3 8192 2.000000000 2
1244 912 3 8192 2.000000000 2
1244 928 3 8192 2.000000000 2
1244 968 3 8192 2.000000000 2
1244 976 3 8192 2.000000000 2
1244 1004 3 8192 2.000000000 2
1244 1020 3 8192 2.000000000 2
1244 1036 3 8192 2.000000000 2
1244 1040 3 8192 2.000000000 2
1244 1108 3 8192 2.000000000 2
1244 1116 3 8192 2.000000000 2
1244 1128 3 8192 2.000000000 2
1244 1184 3 8192 2.000000000 2
1244 1200 3 8192 2.000000000 2
1244 1220 3 8192 2.000000000 2
1244 1232 3 8192 2.000000000 2
1244 1236 3 8192 2.000000000 2
1244 1248 3 8192 2.000000000 2
1244 1252 3 8192 2.000000000 2
1248 44 3 8192 2.000000000 2
1248 52 3 8192 2.000000000 2
1248 68 3 8192 2.000000000 2
1248 72 3 8192 2.000000000 2
1248 108 3 8192 2.000000000 2
1248 128 3 8192 2.000000000 2
1248 160 3 8192 2.000000000 2
1248 176 3 8192 2.000000000 2
1248 220 3 8192 2.000000000 2
1248 224 3 8192 2.000000000 2
1248 244 3 8192 2.000000000 2
1248 280 3 8192 2.000000000 2
1248 316 3 8192 2.000000000 2
1248 324 3 8192 2.000000000 2
1248 344 3 8192 2.000000000 2
1248 380 3 8192 2.000000000 2
1248 388 3 8192 2.000000000 2
1248 500 3 8192 2.000000000 2
1248 520 3 8192 2.000000000 2
1248 524 3 8192 2.000000000 2
1248 528 3 8192 2.000000000 2
1248 532 3 8192 2.000000000 2
1248 548 3 8192 2.000000000 2
1248 552 3 8192 2.000000000 2
1248 564 3 8192 2.000000000 2
1248 580 3 8192 2.000000000 2
1248 584 3 8192 2.000000000 2
1248 600 3 8192 2.000000000 2
1248 624 3 8192 2.000000000 2
1248 644 3 8192 2.000000000 2
1248 656 3 8192 2.000000000 2
1248 680 3 8192 2.000000000 2
1248 704 3 8192 2.000000000 2
1248 708 3 8192 2.000000000 2
1248 720 3 8192 2.000000000 2
1248 736 3 8192 2.000000000 2
1248 752 3 8192 2.000000000 2
1248 800 3 8192 2.000000000 2
1248 808 3 8192 2.000000000 2
1248 836 3 8192 2.000000000 2
1248 864 3 8192 2.000000000 2
1248 872 3 8192 2.000000000 2
1248 876 3 8192 2.000000000 2
1248 892 3 8192 2.000000000 2
1248 960 3 8192 2.000000000 2
1248 980 3 8192 2.000000000 2
1248 1000 3 8192 2.000000000 2
1248 1004 3 8192 2.000000000 2
1248 1008 3 8192 2.000000000 2
1248 1032 3 8192 2.000000000 2
1248 1040 3 8192 2.000000000 2
1248 1056 3 8192 2.000000000 2
1248 1068 3 8192 2.000000000 2
1248 1088 3 8192 2.000000000 2
1248 1100 3 8192 2.000000000 2
1248 1108 3 8192 2.000000000 2
1248 1116 3 8192 2.000000000 2
1248 1128 3 8192 2.000000000 2
1248 1144 3 8192 2.000000000 2
1248 1148 3 8192 2.000000000 2
1248 1164 3 8192 2.000000000 2
1248 1180 3 8192 2.000000000 2
1248 1184 3 8192 2.000000000 2
1248 1256 3 8192 2.000000000 2
1252 4 3 8192 2.000000000 2
1252 16 3 8192 2.000000000 2
1252 48 3 8192 2.000000000 2
1252 64 3 8192 2.000000000 2
1252 80 3 8192 2.000000000 2
1252 84 3 8192 2.000000000 2
1252 88 3 8192 2.000000000 2
1252 100 3 8192 2.000000000 2
1252 116 3 8192 2.000000000 2
1252 120 3 8192 2.000000000 2
1252 140 3 8192 2.000000000 2
1252 172 3 8192 2.000000000 2
1252 180 3 8192 2.000000000 2
1252 296 3 8192 2.000000000 2
1252 320 3 8192 2.000000000 2
1252 324 3 8192 2.000000000 2
1252 328 3 8192 2.000000000 2
1252 364 3 8192 2.000000000 2
1252 368 3 8192 2.000000000 2
1252 420 3 8192 2.000000000 2
1252 436 3 8192 2.000000000 2
1252 452 3 8192 2.000000000 2
1252 476 3 8192 2.000000000 2
1252 480 3 8192 2.000000000 2
1252 488 3 8192 2.000000000 2
1252 524 3 8192 2.000000000 2
1252 532 3 8192 2.000000000 2
1252 540 3 8192 2.000000000 2
1252 552 3 8192 2.000000000 2
1252 564 3 8192 2.000000000 2
1252 584 3 8192 2.000000000 2
1252 588 3 8192 2.000000000 2
1252 636 3 8192 2.000000000 2
1252 644 3 8192 2.000000000 2
1252 660 3 8192 2.000000000 2
1252 672 3 8192 2.000000000 2
1252 736 3 8192 2.000000000 2
1252 792 3 8192 2.000000000 2
1252 796 3 8192 2.000000000 2
1252 808 3 8192 2.000000000 2
1252 828 3 8192 2.000000000 2
1252 924 3 8192 2.000000000 2
1252 936 3 8192 2.000000000 2
1252 944 3 8192 2.000000000 2
1252 948 3 8192 2.000000000 2
1252 960 3 8192 2.000000000 2
1252 968 3 8192 2.000000000 2
1252 984 3 8192 2.000000000 2
1252 1000 3 8192 2.000000000 2
1252 1012 3 8192 2.000000000 2
1252 1040 3 8192 2.000000000 2
1252 1052 3 8192 2.000000000 2
1252 1092 3 8192 2.000000000 2
1252 1100 3 8192 2.000000000 2
1252 1104 3 8192 2.000000000 2
1252 1116 3 8192 2.000000000 2
1252 1120 3 8192 2.000000000 2
1252 1144 3 8192 2.000000000 2
1252 1156 3 8192 2.000000000 2
1252 1196 3 8192 2.000000000 2
1252 1200 3 8192 2.000000000 2
1252 1224 3 8192 2.000000000 2
1252 1248 3 8192 2.000000000 2
1252 1256 3 8192 2.000000000 2
1256 20 3 8192 2.000000000 2
1256 28 3 8192 2.000000000 2
1256 44 3 8192 2.000000000 2
1256 64 3 8192 2.000000000 2
1256 80 3 8192 2.000000000 2
1256 88 3 8192 2.000000000 2
1256 108 3 8192 2.000000000 2
1256 120 3 8192 2.000000000 2
1256 124 3 8192 2.000000000 2
1256 164 3 8192 2.000000000 2
1256 192 3 8192 2.000000000 2
1256 208 3 8192 2.000000000 2
1256 212 3 8192 2.000000000 2
1256 216 3 8192 2.000000000 2
1256 252 3 8192 2.000000000 2
1256 292 3 8192 2.000000000 2
1256 300 3 8192 2.000000000 2
1256 328 3 8192 2.000000000 2
1256 344 3 8192 2.000000000 2
1256 352 3 8192 2.000000000 2
1256 380 3 8192 2.000000000 2
1256 412 3 8192 2.000000000 2
1256 428 3 8192 2.000000000 2
1256 432 3 8192 2.000000000 2
1256 448 3 8192 2.000000000 2
1256 476 3 8192 2.000000000 2
1256 484 3 8192 2.000000000 2
1256 504 3 8192 2.000000000 2
1256 524 3 8192 2.000000000 2
1256 552 3 8192 2.000000000 2
1256 580 3 8192 2.000000000 2
1256 588 3 8192 2.000000000 2
1256 648 3 8192 2.000000000 2
1256 656 3 8192 2.000000000 2
1256 660 3 8192 2.000000000 2
1256 720 3 8192 2.000000000 2
1256 760 3 8192 2.000000000 2
1256 780 3 8192 2.000000000 2
1256 800 3 8192 2.000000000 2
1256 804 3 8192 2.000000000 2
1256 828 3 8192 2.000000000 2
1256 836 3 8192 2.000000000 2
1256 848 3 8192 2.000000000 2
1256 864 3 8192 2.000000000 2
1256 872 3 8192 2.000000000 2
1256 900 3 8192 2.000000000 2
1256 912 3 8192 2.000000000 2
1256 928 3 8192 2.000000000 2
1256 944 3 8192 2.000000000 2
1256 956 3 8192 2.000000000 2
1256 960 3 8192 2.000000000 2
1256 968 3 8192 2.000000000 2
1256 980 3 8192 2.000000000 2
1256 984 3 8192 2.000000000 2
1256 1004 3 8192 2.000000000 2
1256 1032 3 8192 2.000000000 2
1256 1036 3 8192 2.000000000 2
1256 1076 3 8192 2.000000000 2
1256 1156 3 8192 2.000000000 2
1256 1184 3 8192 2.000000000 2
1256 1224 3 8192 2.000000000 2
1256 1236 3 8192 2.000000000 2
1256 1248 3 8192 2.000000000 2
1256 1252 3 8192 2.000000000 2
1260 28 3 8192 2.000000000 2
1260 56 3 8192 2.000000000 2
1260 68 3 8192 2.000000000 2
1260 72 3 8192 2.000000000 2
1260 100 3 8192 2.000000000 2
1260 108 3 8192 2.000000000 2
1260 112 3 8192 2.000000000 2
1260 124 3 8192 2.000000000 2
1260 140 3 8192 2.000000000 2
1260 152 3 8192 2.000000000 2
1260 168 3 8192 2.000000000 2
1260 176 3 8192 2.000000000 2
1260 180 3 8192 2.000000000 2
1260 196 3 8192 2.000000000 2
1260 232 3 8192 2.000000000 2
1260 236 3 8192 2.000000000 2
1260 264 3 8192 2.000000000 2
1260 276 3 8192 2.000000000 2
1260 316 3 8192 2.000000000 2
1260 352 3 8192 2.000000000 2
1260 388 3 8192 2.000000000 2
1260 404 3 8192 2.000000000 2
1260 408 3 8192 2.000000000 2
1260 440 3 8192 2.000000000 2
1260 444 3 8192 2.000000000 2
1260 472 3 8192 2.000000000 2
1260 492 3 8192 2.000000000 2
1260 496 3 8192 2.000000000 2
1260 516 3 8192 2.000000000 2
1260 520 3 8192 2.000000000 2
1260 528 3 8192 2.000000000 2
1260 532 3 8192 2.000000000 2
1260 536 3 8192 2.000000000 2
1260 552 3 8192 2.000000000 2
1260 560 3 8192 2.000000000 2
1260 572 3 8192 2.000000000 2
1260 588 3 8192 2.000000000 2
1260 596 3 8192 2.000000000 2
1260 640 3 8192 2.000000000 2
1260 644 3 8192 2.000000000 2
1260 704 3 8192 2.000000000 2
1260 732 3 8192 2.000000000 2
1260 744 3 8192 2.000000000 2
1260 772 3 8192 2.000000000 2
1260 784 3 8192 2.000000000 2
1260 824 3 8192 2.000000000 2
1260 832 3 8192 2.000000000 2
1260 860 3 8192 2.000000000 2
1260 904 3 8192 2.000000000 2
1260 924 3 8192 2.000000000 2
1260 928 3 8192 2.000000000 2
1260 948 3 8192 2.000000000 2
1260 956 3 8192 2.000000000 2
1260 960 3 8192 2.000000000 2
1260 988 3 8192 2.000000000 2
1260 996 3 8192 2.000000000 2
1260 1028 3 8192 2.000000000 2
1260 1032 3 8192 2.000000000 2
1260 1040 3 8192 2.000000000 2
1260 1168 3 8192 2.000000000 2
1260 1172 3 8192 2.000000000 2
1260 1220 3 8192 2.000000000 2
1260 1248 3 8192 2.000000000 2
1260 1264 3 8192 2.000000000 2
1264 4 3 8192 2.000000000 2
1264 12 3 8192 2.000000000 2
1264 20 3 8192 2.000000000 2
1264 24 3 8192 2.000000000 2
1264 52 3 8192 2.000000000 2
1264 92 3 8192 2.000000000 2
1264 96 3 8192 2.000000000 2
1264 100 3 8192 2.000000000 2
1264 108 3 8192 2.000000000 2
1264 164 3 8192 2.000000000 2
1264 184 3 8192 2.000000000 2
1264 192 3 8192 2.000000000 2
1264 212 3 8192 2.000000000 2
1264 248 3 8192 2.000000000 2
1264 252 3 8192 2.000000000 2
1264 272 3 8192 2.000000000 2
1264 316 3 8192 2.000000000 2
1264 320 3 8192 2.000000000 2
1264 324 3 8192 2.000000000 2
1264 356 3 8192 2.000000000 2
1264 360 3 8192 2.000000000 2
1264 400 3 8192 2.000000000 2
1264 460 3 8192 2.000000000 2
1264 472 3 8192 2.000000000 2
1264 488 3 8192 2.000000000 2
1264 504 3 8192 2.000000000 2
1264 524 3 8192 2.000000000 2
1264 528 3 8192 2.000000000 2
1264 632 3 8192 2.000000000 2
1264 664 3 8192 2.000000000 2
1264 668 3 8192 2.000000000 2
1264 672 3 8192 2.000000000 2
1264 680 3 8192 2.000000000 2
1264 704 3 8192 2.000000000 2
1264 716 3 8192 2.000000000 2
1264 736 3 8192 2.000000000 2
1264 740 3 8192 2.000000000 2
1264 752 3 8192 2.000000000 2
1264 760 3 8192 2.000000000 2
1264 764 3 8192 2.000000000 2
1264 808 3 8192 2.000000000 2
1264 836 3 8192 2.000000000 2
1264 892 3 8192 2.000000000 2
1264 912 3 8192 2.000000000 2
1264 928 3 8192 2.000000000 2
1264 936 3 8192 2.000000000 2
1264 944 3 8192 2.000000000 2
1264 948 3 8192 2.000000000 2
1264 956 3 8192 2.000000000 2
1264 968 3 8192 2.000000000 2
1264 980 3 8192 2.000000000 2
1264 1004 3 8192 2.000000000 2
1264 1020 3 8192 2.000000000 2
1264 1028 3 8192 2.000000000 2
1264 1032 3 8192 2.000000000 2
1264 1068 3 8192 2.000000000 2
1264 1080 3 8192 2.000000000 2
1264 1104 3 8192 2.000000000 2
1264 1116 3 8192 2.000000000 2
1264 1128 3 8192 2.000000000 2
1264 1144 3 8192 2.000000000 2
1264 1148 3 8192 2.000000000 2
1264 1236 3 8192 2.000000000 2
1264 1252 3 8192 2.000000000 2
1272 0 3 8192 2.000000000 2
1272 16 3 8192 2.000000000 2
1272 24 3 8192 2.000000000 2
1272 32 3 8192 2.000000000 2
1272 80 3 8192 2.000000000 2
1272 112 3 8192 2.000000000 2
1272 140 3 8192 2.000000000 2
1272 156 3 8192 2.000000000 2
1272 176 3 8192 2.000000000 2
1272 180 3 8192 2.000000000 2
1272 196 3 8192 2.000000000 2
1272 212 3 8192 2.000000000 2
1272 220 3 8192 2.000000000 2
1272 244 3 8192 2.000000000 2
1272 252 3 8192 2.000000000 2
1272 292 3 8192 2.000000000 2
1272 296 3 8192 2.000000000 2
1272 308 3 8192 2.000000000 2
1272 312 3 8192 2.000000000 2
1272 320 3 8192 2.000000000 2
1272 332 3 8192 2.000000000 2
1272 392 3 8192 2.000000000 2
1272 400 3 8192 2.000000000 2
1272 444 3 8192 2.000000000 2
1272 468 3 8192 2.000000000 2
1272 476 3 8192 2.000000000 2
1272 524 3 8192 2.000000000 2
1272 552 3 8192 2.000000000 2
1272 556 3 8192 2.000000000 2
1272 564 3 8192 2.000000000 2
1272 568 3 8192 2.000000000 2
1272 648 3 8192 2.000000000 2
1272 672 3 8192 2.000000000 2
1272 680 3 8192 2.000000000 2
1272 716 3 8192 2.000000000 2
1272 732 3 8192 2.000000000 2
1272 736 3 8192 2.000000000 2
1272 740 3 8192 2.000000000 2
1272 748 3 8192 2.000000000 2
1272 776 3 8192 2.000000000 2
1272 824 3 8192 2.000000000 2
1272 836 3 8192 2.000000000 2
1272 848 3 8192 2.000000000 2
1272 860 3 8192 2.000000000 2
1272 872 3 8192 2.000000000 2
1272 940 3 8192 2.000000000 2
1272 968 3 8192 2.000000000 2
1272 976 3 8192 2.000000000 2
1272 1000 3 8192 2.000000000 2
1272 1016 3 8192 2.000000000 2
1272 1020 3 8192 2.000000000 2
1272 1028 3 8192 2.000000000 2
1272 1040 3 8192 2.000000000 2
1272 1048 3 8192 2.000000000 2
1272 1056 3 8192 2.000000000 2
1272 1120 3 8192 2.000000000 2
1272 1144 3 8192 2.000000000 2
1272 1156 3 8192 2.000000000 2
1272 1224 3 8192 2.000000000 2
1272 1244 3 8192 2.000000000 2
1272 1248 3 8192 2.000000000 2
1272 1260 3 8192 2.000000000 2
1272 1264 3 8192 2.000000000 2
1272 1276 3 8192 2.000000000 2
1276 36 3 8192 2.000000000 2
1276 48 3 8192 2.000000000 2
1276 52 3 8192 2.000000000 2
1276 68 3 8192 2.000000000 2
1276 72 3 8192 2.000000000 2
1276 92 3 8192 2.000000000 2
1276 132 3 8192 2.000000000 2
1276 172 3 8192 2.000000000 2
1276 176 3 8192 2.000000000 2
1276 180 3 8192 2.000000000 2
1276 200 3 8192 2.000000000 2
1276 220 3 8192 2.000000000 2
1276 232 3 8192 2.000000000 2
1276 236 3 8192 2.000000000 2
1276 244 3 8192 2.000000000 2
1276 248 3 8192 2.000000000 2
1276 280 3 8192 2.000000000 2
1276 284 3 8192 2.000000000 2
1276 312 3 8192 2.000000000 2
1276 356 3 8192 2.000000000 2
1276 368 3 8192 2.000000000 2
1276 380 3 8192 2.000000000 2
1276 392 3 8192 2.000000000 2
1276 436 3 8192 2.000000000 2
1276 440 3 8192 2.000000000 2
1276 448 3 8192 2.000000000 2
1276 452 3 8192 2.000000000 2
1276 456 3 8192 2.000000000 2
1276 472 3 8192 2.000000000 2
1276 496 3 8192 2.000000000 2
1276 500 3 8192 2.000000000 2
1276 512 3 8192 2.000000000 2
1276 580 3 8192 2.000000000 2
1276 584 3 8192 2.000000000 2
1276 588 3 8192 2.000000000 2
1276 620 3 8192 2.000000000 2
1276 632 3 8192 2.000000000 2
1276 636 3 8192 2.000000000 2
1276 644 3 8192 2.000000000 2
1276 668 3 8192 2.000000000 2
1276 704 3 8192 2.000000000 2
1276 724 3 8192 2.000000000 2
1276 760 3 8192 2.000000000 2
1276 768 3 8192 2.000000000 2
1276 772 3 8192 2.000000000 2
1276 776 3 8192 2.000000000 2
1276 816 3 8192 2.000000000 2
1276 836 3 8192 2.000000000 2
1276 860 3 8192 2.000000000 2
1276 892 3 8192 2.000000000 2
1276 936 3 8192 2.000000000 2
1276 944 3 8192 2.000000000 2
1276 964 3 8192 2.000000000 2
1276 980 3 8192 2.000000000 2
1276 1004 3 8192 2.000000000 2
1276 1032 3 8192 2.000000000 2
1276 1100 3 8192 2.000000000 2
1276 1104 3 8192 2.000000000 2
1276 1128 3 8192 2.000000000 2
1276 1148 3 8192 2.000000000 2
1276 1196 3 8192 2.000000000 2
1276 1236 3 8192 2.000000000 2
1276 1248 3 8192 2.000000000 2
1276 1272 3 8192 2.000000000 2
